"Wells","Strain","OD.k","OD.n0","OD.r","OD.t_mid","OD.t_gen","OD.auc_l","OD.auc_e","OD.sigma","OD.note","OD.AUC","OD.max_gr","OD.max_val"
"bactExtract_738_1-3_final_A01-A01.1-A01.2","NA",21.2938579130794,2.80278873411052,0.127112268882195,14.8425717441677,5.45303129788629,1246.7797920966,1242.375,1.9427564060893,"",1094.70833333333,0.939527629005896,43.3333333333333
"bactExtract_738_1-3_final_A02-A02.1-A02.2","NA",43.1395696495287,11.7266913378847,0.0460972086961244,21.375489308795,15.0366410497697,2072.44237371087,2072.04166666667,2.19731641010882,"",2071.70833333333,0.715645780697725,74.3333333333333
"bactExtract_738_1-3_final_A03-A03.1-A03.2","NA",128.136228870672,1.41742589027819,0.106118009793363,42.3408620019439,6.53185243399934,4146.46832885388,4148.58333333333,2.21751055220983,"",4100.5,0.866840316630988,137.333333333333
"bactExtract_738_1-3_final_A04-A04.1-A04.2","NA",19.5848944317864,2.08295428334436,0.0891384045611577,23.8788716979732,7.7760779315315,969.101243056644,963.583333333333,2.17920324866456,"",842.458333333333,1.54292789615015,35
"bactExtract_738_1-3_final_A05-A05.1-A05.2","NA",217.56250040532,3.75582681295079,0.0683278895187659,59.1524747787216,10.1444254380135,4240.11628698752,4222.70833333333,2.28609546383359,"",4103.25,1.26363945414917,171
"bactExtract_738_1-3_final_A06-A06.1-A06.2","NA",19.501124530264,2.31359337157031,0.0619203001005383,32.3865080925881,11.1941831585845,803.884520558543,797.875,2.1498769766197,"",655.416666666667,1.45883527718144,34.6666666666667
"bactExtract_738_1-3_final_A07-A07.1-A07.2","NA",158.142442454135,3.33179841146235,0.0667438556354244,57.5137660313291,10.3851833844621,3296.89625048356,3264.04166666667,2.58542571403656,"",3263.91666666667,1.25171479325735,133.666666666667
"bactExtract_738_1-3_final_A08-A08.1-A08.2","NA",45.9308581805086,2.37552569945277,0.0655441316028127,44.3794632649758,10.5752744541694,1437.37216734304,1418.66666666667,2.28664238257551,"",1347.66666666667,0.83755180952542,57
"bactExtract_738_1-3_final_A09-A09.1-A09.2","NA",22.2248343426867,1.18796676218498,0.0661822909519809,43.4260164403671,10.473302912147,712.582660249788,705.666666666667,1.83431934293167,"",657.958333333333,1.26557731844828,36
"bactExtract_738_1-3_final_A10-A10.1-A10.2","NA",10.0996493313159,1.72944549739757,0.066422884159287,23.7399718739199,10.4353671077836,489.232785248423,485.333333333333,1.67951889318463,"",460.625,1.62215267842093,24.6666666666667
"bactExtract_738_1-3_final_A11-A11.1-A11.2","NA",14.5206968244588,1.73918639000343,0.102309803096395,19.4955141837868,6.77498303761634,781.106538237695,776.291666666667,1.69537607786296,"",655.625,1.01216840946837,30.6666666666667
"bactExtract_738_1-3_final_A12-A12.1-A12.2","NA",10.5761762273818,1.5670770695366,0.156829244402236,11.1524030214251,4.41975719006948,659.163737962718,659.75,1.62248046188157,"",396.333333333333,1.1352772233405,31
"bactExtract_738_1-3_final_B01-B01.1-B01.2","NA",5473374.9982498,2.31182085123302,0.0161857453243251,906.808417397261,42.8245450963716,334.1602637624,334.666666666667,1.4957946303036,"",26,1.44742094485301,23.3333333333333
"bactExtract_738_1-3_final_B02-B02.1-B02.2","NA",6.48157299361098,0.0241799737653075,0.504480451853171,11.0756644331604,1.3739822385857,411.041440473541,412.333333333333,1.48524437966458,"",412.333333333333,1.50618163765945,22.3333333333333
"bactExtract_738_1-3_final_B03-B03.1-B03.2","NA",156.871883051148,2.71642608818687,0.0799424621189196,50.5193906821851,8.67057583901837,3996.80023630396,3945.625,3.04432599696772,"",3945.625,1.13047155217132,154.333333333333
"bactExtract_738_1-3_final_B04-B04.1-B04.2","NA",5.60226153248445,0.496050462488284,0.0389998972452055,59.7831132603143,17.7730514570819,133.310939600295,132.208333333333,1.07273065468157,"",132.208333333333,1.28386218010903,18
"bactExtract_738_1-3_final_B05-B05.1-B05.2","NA",43.7498868094168,0.842995503511521,0.06413508021011,61.2742058101053,10.8076138408053,808.469050632855,799.708333333333,1.35562491398978,"",799.708333333333,1.02706442266026,44.6666666666667
"bactExtract_738_1-3_final_B06-B06.1-B06.2","NA",305.94129129255,3.0222759200295,0.0648366071108132,71.0625607297296,10.6906763238748,3778.93872503204,3768.75,3.23252024760125,"",3768.75,0.845388679352206,178.333333333333
"bactExtract_738_1-3_final_B07-B07.1-B07.2","NA",5.4645731336601,0.037486738506711,0.332577563771202,14.9594290318824,2.08416699160379,325.250700349511,324.583333333333,1.48301104252349,"",324.583333333333,1.30697238432843,22
"bactExtract_738_1-3_final_B08-B08.1-B08.2","NA",31.535355204362,7.88364359384989,0.0353449586102242,31.0835079753006,19.6109207031138,1286.64614867561,1287,1.73971332379629,"",1286.83333333333,0.404457334259941,70
"bactExtract_738_1-3_final_B09-B09.1-B09.2","NA",5.55149040295359,0.512883047234745,0.0964851058068424,23.6807240287111,7.18398114158247,276.97071473187,273.791666666667,1.36525943549431,"",273.791666666667,1.34613146466793,21.6666666666667
"bactExtract_738_1-3_final_B10-B10.1-B10.2","NA",7.43150458988673,0.182076142386132,0.158212495386947,23.2867381084991,4.38111527704994,379.440644180289,375.625,1.39698543753987,"",375.625,1.12140989310521,22
"bactExtract_738_1-3_final_B11-B11.1-B11.2","NA",8.19775253430804,0.0480806042967886,0.405899810451147,12.645618353496,1.70768047363592,506.948110928322,508.583333333333,1.58338319491301,"",460.708333333333,1.4091362434411,23
"bactExtract_738_1-3_final_B12-B12.1-B12.2","NA",117.427512492687,5.34743378018751,0.0573452478118763,53.0575233665799,12.0872645425449,2947.7451991896,2916.95833333333,3.31727344983223,"",2771.70833333333,0.7417465259048,108
"bactExtract_738_1-3_final_C01-C01.1-C01.2","NA",12.1471234038898,0.775801901773143,0.21205202415035,12.6617636001102,3.26876002875827,747.376203206996,749.666666666667,1.56136167217319,"",556.791666666667,1.15093564163566,29.3333333333333
"bactExtract_738_1-3_final_C02-C02.1-C02.2","NA",4.83133760074932,0.03073612396183,0.231560646690245,21.8131099984925,2.99337210561152,254.415098987548,252.208333333333,1.19429692344354,"",252.208333333333,1.51823201052688,20
"bactExtract_738_1-3_final_C03-C03.1-C03.2","NA",148.065602722851,2.14997916844511,0.0563852579438154,74.7991679845236,12.2930568350086,1759.71431975534,1738.875,2.14661446746015,"",1738.875,0.892735039830216,86.3333333333333
"bactExtract_738_1-3_final_C04-C04.1-C04.2","NA",37.0541703153373,17.9828774075438,0.0283906152414859,2.06984472796415,24.4146586702736,1974.06969187,1975.75,2.0597025950541,"",1974.66666666667,0.724324422412962,79.3333333333333
"bactExtract_738_1-3_final_C05-C05.1-C05.2","NA",1.22325042958092,0.00236438439575959,0.111150126376066,56.2015955721778,6.23613488494603,23.7153546539082,24.625,0.434532806613851,"",24.625,0.868414473947105,13.6666666666667
"bactExtract_738_1-3_final_C06-C06.1-C06.2","NA",8.26144714914786,0.298593516349417,0.0634167328424127,51.7759176898114,10.9300361196844,210.610962296621,207.875,1.07572362390956,"",207.875,1.05896099864405,20.3333333333333
"bactExtract_738_1-3_final_C07-C07.1-C07.2","NA",8.61607314249784,0.324884367381545,0.0644053823961462,50.2982699529995,10.7622554943703,228.927658587721,226.25,1.23304606782127,"",226.25,1.39347782514594,20.3333333333333
"bactExtract_738_1-3_final_C08-C08.1-C08.2","NA",67.6067524003533,2.1931595927263,0.0466889206322135,72.7236096165145,14.8460742114844,1017.23487954883,1010.5,2.02566425678541,"",1010.5,1.0315022719975,49.6666666666667
"bactExtract_738_1-3_final_C09-C09.1-C09.2","NA",8.37380070329444,0.937546867427496,0.0971259233570358,21.3213492777344,7.13658266096406,435.561230301587,429.75,1.6841415837836,"",429.75,1.32877473129556,22.6666666666667
"bactExtract_738_1-3_final_C10-C10.1-C10.2","NA",213.874412245604,6.81776399832653,0.0534690556387556,63.8399317037472,12.9635201572091,3943.22497664233,3912.16666666667,3.37593358894295,"",3912.04166666667,0.970421379179796,150.333333333333
"bactExtract_738_1-3_final_C11-C11.1-C11.2","NA",10.976931845634,0.858703486274577,0.161530920274918,15.2705759516417,4.29111144405196,644.626620190649,642.875,1.48011635186284,"",500.166666666667,1.12585267064928,25.6666666666667
"bactExtract_738_1-3_final_C12-C12.1-C12.2","NA",18.6187224177985,1.32628485509772,0.152398948232622,16.8497723184231,4.54824123524741,1064.36402803823,1061.875,1.66739119775582,"",1012.125,1.39894702732003,37
"bactExtract_738_1-3_final_D01-D01.1-D01.2","NA",85.6274153270327,6.05936495868843,0.0599123054942612,42.9796118085787,11.569362501437,2795.48552043765,2771.58333333333,3.42651640604558,"",2463.29166666667,1.0315022719975,88.3333333333333
"bactExtract_738_1-3_final_D02-D02.1-D02.2","NA",3.60244041300542,4.50539904309937e-07,0.222672323443581,71.3803598194211,3.11285735847441,17.7898761633288,18.125,0.384660953809285,"",18.125,1.00543885234373,15
"bactExtract_738_1-3_final_D03-D03.1-D03.2","NA",149.320684550928,4.5443324786865,0.0844843792107636,40.9698140302839,8.20444189843364,5053.19247485403,4988.625,4.2596704243713,"",4988.625,1.31815428235279,160
"bactExtract_738_1-3_final_D04-D04.1-D04.2","NA",9.11959801986275,0.0292501844386252,0.387549520011807,14.808643222512,1.78853835385689,544.2855830731,542.916666666667,1.34740619796144,"",542.916666666667,1.02391796495401,23.3333333333333
"bactExtract_738_1-3_final_D05-D05.1-D05.2","NA",87.0919708238355,2.59777963486154,0.0829757859444481,41.9643593062705,8.35360789500691,2870.10093962352,2833.04166666667,2.79590675139746,"",2746.25,0.878672737945132,96.3333333333333
"bactExtract_738_1-3_final_D06-D06.1-D06.2","NA",102.382687775884,2.35356894728382,0.0653308788888277,57.3928977933951,10.609794209863,2158.46871719559,2119.91666666667,3.09840472908492,"",2119.91666666667,1.04309297281536,91.6666666666667
"bactExtract_738_1-3_final_D07-D07.1-D07.2","NA",20.3986777572792,0.233910181254853,0.09309415518445,47.8736282790431,7.44565734751654,558.258405665203,551.125,1.34880389113532,"",551.125,1.32877473129556,33
"bactExtract_738_1-3_final_D08-D08.1-D08.2","NA",4.47788354349352,5.59027836313729e-05,0.705311281641176,16.008583307134,0.982753570802204,261.917672981469,262.708333333333,1.16700079901277,"",262.708333333333,1.20463739783825,19.6666666666667
"bactExtract_738_1-3_final_D09-D09.1-D09.2","NA",7.08706643220604,0.0762345132778127,0.273809151330368,16.5129519475049,2.5314974944852,410.678134665493,408.958333333333,1.40642885873643,"",408.958333333333,1.11072705426829,23
"bactExtract_738_1-3_final_D10-D10.1-D10.2","NA",3.91624663933511,0.122649003281548,0.177996271252057,19.2798614481395,3.89416685913827,215.556792795359,213.583333333333,1.11892166576316,"",213.583333333333,1.15093564163566,18.6666666666667
"bactExtract_738_1-3_final_D11-D11.1-D11.2","NA",8.16541203117687,0.0617743051128108,0.358082875138956,13.6185815554669,1.9357172003575,496.948696785549,496.958333333333,1.37079396608834,"",496.916666666667,1.53611235656777,23
"bactExtract_738_1-3_final_D12-D12.1-D12.2","NA",14.0591006204971,1.19233997765446,0.206978936320525,11.4926165424407,3.34887787560444,879.807575229012,882.375,1.55099380498095,"",686.125,1.10184642738698,31
"bactExtract_738_1-3_final_E01-E01.1-E01.2","NA",125.079919903013,6.07354343031575,0.0574518441532336,51.7865861994487,12.0648377919986,3255.03650143448,3231.54166666667,2.86694825029394,"",2963.58333333333,1.12381200711751,113.333333333333
"bactExtract_738_1-3_final_E02-E02.1-E02.2","NA",2.9764951038106,0.173923977072354,0.0568967823956582,48.8546825842934,12.1825374190727,84.1166552699361,82.375,0.831989183553525,"",82.375,1.09337032089592,15.3333333333333
"bactExtract_738_1-3_final_E03-E03.1-E03.2","NA",6.68497263984969,0.032947510546153,0.381992768497246,13.8949251140731,1.81455576577215,405.056802538957,404.041666666667,1.56325128072926,"",359.583333333333,1.25485630952971,23.3333333333333
"bactExtract_738_1-3_final_E04-E04.1-E04.2","NA",8.1815232444773,0.121826585440234,0.0962160769371074,43.5689411807241,7.20406820383071,256.016628825552,252.708333333333,1.23760236980939,"",252.708333333333,1.38773378859957,21.6666666666667
"bactExtract_738_1-3_final_E05-E05.1-E05.2","NA",63.0633567321642,2.63173645152127,0.0868925930178661,36.0660039900281,7.97705715166569,2418.12224126911,2394.08333333333,2.18202769577373,"",2394.08333333333,1.10184642738698,76.6666666666667
"bactExtract_738_1-3_final_E06-E06.1-E06.2","NA",14.4481219299675,0.584706688538584,0.124302738976457,25.4692563011288,5.57628243969129,703.862238598499,692.333333333333,1.69821723107994,"",692.333333333333,1.11505449738063,30.3333333333333
"bactExtract_738_1-3_final_E07-E07.1-E07.2","NA",4.28320690066608,0.0814531888877389,0.12718718016476,31.0033509405505,5.44981954676592,185.791561500718,182.541666666667,1.33197811324513,"",182.541666666667,1.77604552696921,19.6666666666667
"bactExtract_738_1-3_final_E08-E08.1-E08.2","NA",2.0257384250528,0.00135404059728491,0.397089102958446,18.4087846126195,1.74557089427982,113.622719262798,113,0.947614287547456,"",113,1.20934136165741,16
"bactExtract_738_1-3_final_E09-E09.1-E09.2","NA",12.7873928316459,0.599806400936779,0.127654750303118,23.5914939462672,5.42985810488101,646.325317218715,637.375,1.59705175288863,"",637.375,0.9169086527567,28.3333333333333
"bactExtract_738_1-3_final_E10-E10.1-E10.2","NA",159.939734960382,3.95869902372083,0.0736384600529305,49.8899486869406,9.41284187721632,4210.19791479387,4157.08333333333,3.4759985294124,"",4157.08333333333,1.07324930228608,154.333333333333
"bactExtract_738_1-3_final_E11-E11.1-E11.2","NA",78.2733704051884,2.58502249310377,0.0832187792268025,40.5784613294162,8.32921591736954,2677.86842758685,2640.625,3.09007606016625,"",2640.625,1.04309297281536,93
"bactExtract_738_1-3_final_E12-E12.1-E12.2","NA",64.4087024120402,4.49298639701957,0.0731378583934546,35.418335947873,9.4772693073821,2502.64085298791,2486.66666666667,2.39461036775396,"",2089.45833333333,0.892735039830214,79.3333333333333
"bactExtract_738_1-3_final_F01-F01.1-F01.2","NA",19.1678568019119,1.96648324586976,0.130682782191663,16.5954719442495,5.30404364626517,1094.10466195572,1090.875,1.7689289557471,"",968.333333333333,0.936942348937071,35.6666666666667
"bactExtract_738_1-3_final_F02-F02.1-F02.2","NA",52.7577610966978,0.698905221089335,0.0888045891547518,48.540453836995,7.80530811703954,1418.11955686563,1390.95833333333,2.07543740562434,"",1390.95833333333,1.05896099864405,65.3333333333333
"bactExtract_738_1-3_final_F03-F03.1-F03.2","NA",22.6390984722052,1.82637814650841,0.0663141237869028,36.6924776220907,10.4524819296013,853.959533703379,843.125,1.98751374021045,"",843.125,0.934627786669854,35.3333333333333
"bactExtract_738_1-3_final_F04-F04.1-F04.2","NA",3.41028963239361,0.00248762801508023,0.381532620279,18.9302113449643,1.81674421456565,189.502551658319,188.708333333333,1.12738329887098,"",188.708333333333,1.37533393569286,18.3333333333333
"bactExtract_738_1-3_final_F05-F05.1-F05.2","NA",207.12274824311,3.54176066452102,0.0537909658468256,75.3182224734061,12.8859404111416,2518.75495434681,2485.04166666667,3.00530168835365,"",2440,1.19828200211367,114.666666666667
"bactExtract_738_1-3_final_F06-F06.1-F06.2","NA",68.6363577610383,0.190820756320868,0.0966963488546088,60.8343454392663,7.16828700122019,1103.82686897364,1092.16666666667,1.3067209816551,"",1092.16666666667,1.103022245402,68
"bactExtract_738_1-3_final_F07-F07.1-F07.2","NA",19.8945555532027,0.308547429444405,0.0926009833810251,44.8234456466401,7.48531122728852,600.381796643007,589.041666666667,1.37282845670212,"",589.041666666667,1.05896099864405,33
"bactExtract_738_1-3_final_F08-F08.1-F08.2","NA",7.23091118964197,9.33377909630024e-05,0.626194416440385,17.9778633243938,1.1069200912077,408.706401493507,409.416666666667,1.38742990193879,"",409.416666666667,1.29719237409016,22
"bactExtract_738_1-3_final_F09-F09.1-F09.2","NA",7.87517792120785,0.0217548915761178,0.430072450076466,13.6927304623105,1.61169863458286,478.817412266483,480.75,1.46469148443013,"",480.75,1.25485630952971,23
"bactExtract_738_1-3_final_F10-F10.1-F10.2","NA",9.52004572140322,0.505818240348021,0.0886335521441066,32.4976487313408,7.82037009453235,396.565012010235,390.75,1.5073037655636,"",390.75,1.12585267064928,25.3333333333333
"bactExtract_738_1-3_final_F11-F11.1-F11.2","NA",11.824905423698,0.646573655425873,0.211987437243487,13.4444070634002,3.26975593258294,718.840132047312,721.5,1.61176740209517,"",598.458333333333,1.09794518790935,27.3333333333333
"bactExtract_738_1-3_final_F12-F12.1-F12.2","NA",64.6612700437712,5.82733685383029,0.0570202120661929,40.5498086399084,12.156166303894,2241.02099268464,2233.04166666667,2.47917759128934,"",1938.25,1.25485630952971,71.3333333333333
"bactExtract_738_1-3_final_G01-G01.1-G01.2","NA",31.5442479428534,4.27681535743569,0.0683019744069174,27.1219741932009,10.1482744324554,1445.02724280621,1436.08333333333,2.33539215923216,"",1059.95833333333,1.02391796495401,52
"bactExtract_738_1-3_final_G02-G02.1-G02.2","NA",5.44731009967596,0.269107502232124,0.18705828707279,15.8084541245624,3.70551442230529,318.236167281453,317.5,1.45741883116331,"",317.5,1.35971626810197,21
"bactExtract_738_1-3_final_G03-G03.1-G03.2","NA",10.3241223162078,0.12870449120912,0.253228154927157,17.2657525227735,2.73724373484194,590.381942642817,588.958333333333,1.48161822291511,"",588.958333333333,1.31425304287515,24.6666666666667
"bactExtract_738_1-3_final_G04-G04.1-G04.2","NA",27.1834650191496,1.8649060273167,0.0866463032236913,30.1031541154057,7.99973172277732,1191.18983915571,1172.95833333333,2.36697762319773,"",1172.95833333333,1.52801372876724,41.6666666666667
"bactExtract_738_1-3_final_G05-G05.1-G05.2","NA",66.5572637379452,2.18509527605862,0.065158459364736,51.919919128551,10.6378693928279,1679.92195193016,1658.70833333333,2.05044635632587,"",1635.58333333333,1.15093564163566,69.3333333333333
"bactExtract_738_1-3_final_G06-G06.1-G06.2","NA",88.851220130697,2.71741576400868,0.075714075506205,45.6483234701551,9.15479949964045,2652.20192024101,2621.375,2.51015278302231,"",2621.375,1.17941064274909,95
"bactExtract_738_1-3_final_G07-G07.1-G07.2","NA",18.1363188583217,0.410266279603141,0.108798296980986,34.6143683003466,6.37093777930261,721.724540232358,713.333333333333,1.69032898165737,"",713.25,1.58153587506757,34
"bactExtract_738_1-3_final_G08-G08.1-G08.2","NA",14.9654245893911,0.255404006647547,0.34844476089831,11.6329416782413,1.98925987227638,940.092910985114,944.333333333333,2.04739813000986,"",846.666666666667,1.39347782514594,30.6666666666667
"bactExtract_738_1-3_final_G09-G09.1-G09.2","NA",15.5372131859079,0.198742535566056,0.150058977964598,28.9626734509619,4.61916501072981,706.301663219343,709.416666666667,1.6894363249735,"",662.666666666667,1.33106281872841,31.3333333333333
"bactExtract_738_1-3_final_G10-G10.1-G10.2","NA",36.4628506981129,0.532792202031953,0.0652421156791579,64.5472327350534,10.6242290481297,589.568949733488,597.375,1.34684979600754,"",442.041666666667,1.32877473129556,35
"bactExtract_738_1-3_final_G11-G11.1-G11.2","NA",11.0140404270419,0.178196767654522,0.322243889560911,12.7472592414389,2.15100178161462,679.589673688303,687.875,1.85095270291842,"",687.791666666667,1.33281790573497,26.6666666666667
"bactExtract_738_1-3_final_G12-G12.1-G12.2","NA",406.488181180677,5.42265796616345,0.0495114108597639,86.9201390923601,13.9997460893048,3438.26164331109,3424.83333333333,2.37375207895582,"",3135.58333333333,1.01216840946837,158.666666666667
"bactExtract_738_1-3_final_H01-H01.1-H01.2","NA",101.476057114173,6.53946093838903,0.0671762189121247,39.8259170683424,10.3183416956925,3558.31716464519,3531.45833333333,3.13749552987141,"",3147.45833333333,0.729417638590718,113
"bactExtract_738_1-3_final_H02-H02.1-H02.2","NA",13.0844887935019,3.24798654045903,0.021329890977307,51.9489250375808,32.4965177411074,415.278435520535,415.416666666667,1.34742001904048,"",218.375,1.08793086286249,22
"bactExtract_738_1-3_final_H03-H03.1-H03.2","NA",18.5845114759424,0.229488855183753,0.0829867039292546,52.8012784438105,8.35250886878032,434.713824641029,434.583333333333,1.27950049812532,"",410.958333333333,1.09337032089592,31
"bactExtract_738_1-3_final_H04-H04.1-H04.2","NA",1999568.02976779,0.853788067199875,0.0192966975909456,760.053035750448,35.920508019216,142.053624321915,142.208333333333,1.20857801185008,"",98.1666666666667,1.20463739783825,16.6666666666667
"bactExtract_738_1-3_final_H05-H05.1-H05.2","NA",10.4163312521488,0.957025320800473,0.16049500220841,14.2741170094541,4.31880850507646,621.081944355622,622.833333333333,1.44339206793636,"",622.708333333333,1.200634675376,28.6666666666667
"bactExtract_738_1-3_final_H06-H06.1-H06.2","NA",27.0684637119598,12.8446609278454,0.0938988380366391,1.08615380972818,7.38185045793092,1802.00255612942,1802.875,1.83041990958832,"",1802.25,0.241626372411561,112
"bactExtract_738_1-3_final_H07-H07.1-H07.2","NA",16.1992662721214,0.977215489532767,0.0728030901817926,37.7153382899619,9.52084834351297,596.823536166299,590.791666666667,1.68095097960484,"",590.791666666667,1.69556245855272,29.3333333333333
"bactExtract_738_1-3_final_H08-H08.1-H08.2","NA",35.1778165058986,3.95522062065025,0.0689650331351917,29.9587426188676,10.0507046694398,1529.129848225,1517.75,2.37089333906625,"",1492.95833333333,0.892735039830214,49
"bactExtract_738_1-3_final_H09-H09.1-H09.2","NA",15.6884174266197,1.64378127870026,0.0621648073145669,34.5089352174904,11.1501540904402,619.642171353068,620.333333333333,1.81560467678165,"",570.583333333333,1.25819999611573,30
"bactExtract_738_1-3_final_H10-H10.1-H10.2","NA",11.9716664574097,1.99672607462608,0.110585541289522,14.5459079980249,6.26797294182636,698.139892357445,696.125,1.77094815487907,"",457.708333333333,1.1923942589358,32.3333333333333
"bactExtract_738_1-3_final_H11-H11.1-H11.2","NA",75.6897093731463,2.20815734998808,0.0391174129840142,89.5988697874176,17.7196580163215,795.666831934624,798.5,1.82125557183694,"",442.708333333333,1.15093564163566,40.6666666666667
"bactExtract_738_1-3_final_H12-H12.1-H12.2","NA",21.6499926779532,1.82013430031259,0.0906511188331833,26.3458249790701,7.6463168847974,1024.58135264382,1022.83333333333,1.77407308970094,"",997.875,0.974663925459976,43.3333333333333
"bactExtract_SC2_1-3_final_A01-A01.1-A01.2","NA",14.2985319644111,0.600761322313044,0.354251122838735,8.82648056345611,1.95665485829804,937.302397229701,939.958333333333,1.90042174521458,"",865.666666666667,1.13955378255829,41.6666666666667
"bactExtract_SC2_1-3_final_A02-A02.1-A02.2","NA",31.3847114740542,9.05768242017662,0.0622524842079564,14.4923489779382,11.134450124825,1723.53448240346,1722.33333333333,1.97478055096134,"",1722.04166666667,0.495102007832389,72.6666666666667
"bactExtract_SC2_1-3_final_A03-A03.1-A03.2","NA",156.458438797239,3.97421229373372,0.0930259602294862,39.2066320580415,7.45111556870811,5540.60148022514,5543.375,2.29988034495781,"",5420.5,0.721177222150525,170
"bactExtract_SC2_1-3_final_A04-A04.1-A04.2","NA",16.1014951631561,3.12103909384171,0.0889325266503627,16.0265193330227,7.79407947426307,903.495333048487,898.708333333333,2.25601296469021,"",729.458333333333,1.36395207661549,33.6666666666667
"bactExtract_SC2_1-3_final_A05-A05.1-A05.2","NA",181.611955263551,2.87425724090203,0.0888977532823081,46.4592738801695,7.79712821716374,5222.23275873684,5211.83333333333,3.0600698109692,"",5137.625,1.15093564163566,176.666666666667
"bactExtract_SC2_1-3_final_A06-A06.1-A06.2","NA",15.3446593402953,2.9257413605465,0.0515906022834555,28.0220230889757,13.435531858139,676.149766845265,671.708333333333,2.19290248293141,"",465.708333333333,1.23016042390644,32
"bactExtract_SC2_1-3_final_A07-A07.1-A07.2","NA",199.524804601094,6.02714805936395,0.0704483695771644,49.2416145626846,9.8390805169837,5394.41137632402,5357.66666666667,2.90962374814598,"",5283.125,1.05896099864405,187.666666666667
"bactExtract_SC2_1-3_final_A08-A08.1-A08.2","NA",46.0611002037235,4.18684472013853,0.0679285414826473,33.8992087871606,10.2040639388233,1847.1938555847,1829.75,2.82372190955258,"",1708.125,0.862989766990828,61.6666666666667
"bactExtract_SC2_1-3_final_A09-A09.1-A09.2","NA",21.6763055271449,2.75503131221737,0.0584623331695392,32.9589668469738,11.8563037597189,881.382282530585,877.291666666667,1.82016096263299,"",644.166666666667,1.47116416449552,34.3333333333333
"bactExtract_SC2_1-3_final_A10-A10.1-A10.2","NA",14.0434283121432,0.625696368099341,0.307065915928722,9.98309162012874,2.25732373605686,903.954128013359,903.875,2.00824641107928,"",711.375,1.04131999659875,31.6666666666667
"bactExtract_SC2_1-3_final_A11-A11.1-A11.2","NA",18.8408166037196,3.59131251375371,0.0937092409352183,15.4310207937001,7.3967857773933,1071.18033490959,1068.16666666667,1.84821258272176,"",823.208333333333,1.10184642738698,35.3333333333333
"bactExtract_SC2_1-3_final_A12-A12.1-A12.2","NA",7.87706924477599,0.733062844980796,0.360854024980937,6.30946982958118,1.9208520137653,535.00922747064,538,1.91127572065812,"",206.75,0.879596371971465,29.6666666666667
"bactExtract_SC2_1-3_final_B01-B01.1-B01.2","NA",7050617.65659961,3.02373066025157,0.0117608821927188,1246.68657722458,58.9366655665573,360.383394785547,360.5,1.43866252659282,"",8.83333333333335,1.11072705426829,25.6666666666667
"bactExtract_SC2_1-3_final_B02-B02.1-B02.2","NA",11.2080694475517,0.112576855961837,0.466487734378332,9.84089771539061,1.48588511439357,724.461160008101,729.25,1.48851303961508,"",631.041666666667,1.13365388358713,26
"bactExtract_SC2_1-3_final_B03-B03.1-B03.2","NA",165.634641071092,5.19522483673185,0.0757555014655777,45.2795695750493,9.14979331071952,4997.04634828644,4943.95833333333,3.74574364229505,"",4920,0.873171574111986,166
"bactExtract_SC2_1-3_final_B04-B04.1-B04.2","NA",8.28670413781892,0.0579242582446847,0.506923067250205,9.7771379629401,1.36736168728701,536.224541050572,535.5,1.48507768755553,"",535.5,1.52801372876724,22.6666666666667
"bactExtract_SC2_1-3_final_B05-B05.1-B05.2","NA",37.2800332571935,1.95331815168409,0.0587085526588834,49.3132568549468,11.806579266012,1035.17729283005,1026.5,1.60087795392136,"",1026.5,1.12760775765584,43.6666666666667
"bactExtract_SC2_1-3_final_B06-B06.1-B06.2","NA",273.287639629001,10.2190223828251,0.0520966812134679,62.3487696648793,13.3050160665658,5355.06956823723,5322.625,4.16767560973652,"",5201.41666666667,0.783119394793309,192.333333333333
"bactExtract_SC2_1-3_final_B07-B07.1-B07.2","NA",7.41181606384983,0.0214906779156488,0.43367825119561,13.4669141734801,1.59829822835018,452.316379545732,450.708333333333,1.55713027702803,"",450.708333333333,1.41843561517619,23
"bactExtract_SC2_1-3_final_B08-B08.1-B08.2","NA",41.392517246927,10.8593724411809,0.0597380167105996,17.3052996878679,11.6031167207624,2178.96792408547,2177.58333333333,2.16904562058154,"",2177.33333333333,0.530488058155112,81
"bactExtract_SC2_1-3_final_B09-B09.1-B09.2","NA",9.04573027739444,0.0706344722696082,0.347413154867321,13.9450407072541,1.99516676570483,547.559715298877,545.625,1.55995579658448,"",545.625,1.35827326690787,24
"bactExtract_SC2_1-3_final_B10-B10.1-B10.2","NA",8.70408882136015,1.43781621834109,0.142007738532438,11.408659978554,4.8810521716858,538.094076144398,538.75,1.78694450719375,"",135.458333333333,1.62215267842094,24
"bactExtract_SC2_1-3_final_B11-B11.1-B11.2","NA",13.169645674104,0.525791092573472,0.344336726465424,9.23521180411322,2.01299230458226,857.95584975075,860.583333333333,1.54124780477937,"",689.583333333333,1.26363945414917,28.3333333333333
"bactExtract_SC2_1-3_final_B12-B12.1-B12.2","NA",186.280031016117,8.09936209291686,0.0595049038242676,51.9455124908164,11.6485724034943,4789.00287685367,4751.58333333333,3.77160839102493,"",4282.45833333333,1.08793086286249,168.333333333333
"bactExtract_SC2_1-3_final_C01-C01.1-C01.2","NA",12.3600875542592,0.505938477386179,0.343308337229158,9.18712947114709,2.01902227645951,805.768072584267,810.166666666667,1.54043473143933,"",523,0.892735039830216,30.6666666666667
"bactExtract_SC2_1-3_final_C02-C02.1-C02.2","NA",5.85185153158921,0.0208151124109229,0.338070384799103,16.6689275643838,2.05030435000051,338.357169746608,339.125,1.45592152385906,"",339.041666666667,1.98164276041146,21.6666666666667
"bactExtract_SC2_1-3_final_C03-C03.1-C03.2","NA",138.614333611251,2.47174561973832,0.0674719379414063,59.4140063301143,10.2731180059166,2687.92023709987,2658.20833333333,2.25237694426705,"",2658.20833333333,0.908393458125379,118
"bactExtract_SC2_1-3_final_C04-C04.1-C04.2","NA",45.2505418380659,18.418623017196,0.0457582121722101,8.22212862982294,15.148038956402,2528.82116586257,2529.83333333333,2.27537331146136,"",2528.95833333333,0.578429124665304,91.3333333333333
"bactExtract_SC2_1-3_final_C05-C05.1-C05.2","NA",3.02898322301347,0.0290593409650969,0.091536916987838,50.6571814717066,7.57232385980445,75.4359690095526,76.75,0.80675037376898,"",44.75,1.15093564163566,16
"bactExtract_SC2_1-3_final_C06-C06.1-C06.2","NA",10.0545892481069,0.83293548709706,0.105072245221701,22.8828599730736,6.59686274998133,511.135405431665,506.166666666667,1.48167147127664,"",506.166666666667,1.06300417308346,26
"bactExtract_SC2_1-3_final_C07-C07.1-C07.2","NA",13.8930022072393,1.29774746263044,0.100611030749306,22.5888759712503,6.88937560223461,708.402477495075,700.5,1.7370251402378,"",700.5,1.10521262091102,29
"bactExtract_SC2_1-3_final_C08-C08.1-C08.2","NA",34.4982255448589,3.04461530409869,0.05542580024629,42.1309065984339,12.5058578762937,1154.90852503491,1145.25,2.06107863039704,"",1097.58333333333,1.23342765215442,44
"bactExtract_SC2_1-3_final_C09-C09.1-C09.2","NA",11.0039826995774,0.135927624769053,0.363648838821032,12.0486029299125,1.90608935479394,686.837976968828,686.333333333333,1.63699946394937,"",662.333333333333,1.05544851310913,26.3333333333333
"bactExtract_SC2_1-3_final_C10-C10.1-C10.2","NA",170.032631963867,4.29706210331759,0.0711912220225674,51.3049489029655,9.73641357554194,4301.86616565034,4258.45833333333,2.95421128565772,"",4258.45833333333,0.717492977698895,160
"bactExtract_SC2_1-3_final_C11-C11.1-C11.2","NA",10.8867846925577,0.558925558462342,0.256654528621242,11.3638516869719,2.70070114984356,685.114029422936,685.791666666667,1.48321759701386,"",386.916666666667,1.00543885234373,26
"bactExtract_SC2_1-3_final_C12-C12.1-C12.2","NA",19.7706105137078,2.22059301861741,0.161374415975219,12.8104609926782,4.29527305410287,1205.04916625164,1202.875,1.79708641096083,"",1128.20833333333,1.24596910683635,41.3333333333333
"bactExtract_SC2_1-3_final_D01-D01.1-D01.2","NA",79.448470935313,6.31574352687024,0.0666182347719721,36.7651663788013,10.4047665467649,2992.02947950584,2963.83333333333,3.82201325781911,"",2633.875,1.09337032089592,90
"bactExtract_SC2_1-3_final_D02-D02.1-D02.2","NA",5.16102796023889,0.0136061509168778,0.116759870298688,50.837066449075,5.93651893229053,124.713467285222,129.958333333333,0.872271706805093,"",129.958333333333,1.17941064274909,18.3333333333333
"bactExtract_SC2_1-3_final_D03-D03.1-D03.2","NA",163.026011454005,5.93230608552404,0.0844003280999087,38.8201032929533,8.21261239339537,5837.96495831425,5771.625,4.66960880038465,"",5748.16666666667,0.7417465259048,174.666666666667
"bactExtract_SC2_1-3_final_D04-D04.1-D04.2","NA",10.1520330039425,0.00836640484360879,0.543082610560243,13.0742181905192,1.27631996878872,623.581152471174,622.541666666667,1.41823012240919,"",622.541666666667,1.00543885234373,26
"bactExtract_SC2_1-3_final_D05-D05.1-D05.2","NA",112.57709177126,2.9583347458501,0.0787558526849591,45.8681082522262,8.80121485488434,3327.79873047307,3288.45833333333,2.78689499679169,"",3288.45833333333,1.01530499980331,116
"bactExtract_SC2_1-3_final_D06-D06.1-D06.2","NA",161.763186480308,3.34016480267562,0.0774759499852398,49.8122147652151,8.94661092496445,4237.60527548238,4190.70833333333,2.88590565061469,"",4190.70833333333,1.10521262091102,156.666666666667
"bactExtract_SC2_1-3_final_D07-D07.1-D07.2","NA",30.6821006328418,0.737976054297442,0.0736163720820835,50.3037154358554,9.41566612094216,797.122180724266,788.25,1.34387062571953,"",788.25,0.939527629005896,40.6666666666667
"bactExtract_SC2_1-3_final_D08-D08.1-D08.2","NA",5.17399696200139,0.259246439983032,0.159629079745734,18.4315862902797,4.34223627464386,288.435851735568,284.75,1.36203579142125,"",284.75,1.48652203658859,19.6666666666667
"bactExtract_SC2_1-3_final_D09-D09.1-D09.2","NA",7.46173328131097,0.0464529950471752,0.364643381273313,13.9118310441127,1.9008906130135,451.964965614072,450.083333333333,1.4990177269581,"",450.083333333333,2.06362444236682,23.3333333333333
"bactExtract_SC2_1-3_final_D10-D10.1-D10.2","NA",9.01466896678802,0.518984344716648,0.166531923521206,16.7862103826235,4.16224808975849,517.064601083538,512.708333333333,1.64158106581427,"",512.666666666667,1.36939153464893,24.3333333333333
"bactExtract_SC2_1-3_final_D11-D11.1-D11.2","NA",8.19344753258324,0.103518336416957,0.336257884720717,12.9621540358902,2.06135591775237,503.897296901017,501.791666666667,1.48991740873456,"",501.791666666667,1.44431358876103,23
"bactExtract_SC2_1-3_final_D12-D12.1-D12.2","NA",14.9820865987528,0.66071106913644,0.338022544184094,9.10055235315393,2.05059453129979,977.821141782531,982.791666666667,1.74894025648929,"",787,0.892735039830216,35
"bactExtract_SC2_1-3_final_E01-E01.1-E01.2","NA",99.5280815411938,5.02537799340175,0.0725451811564193,40.44552267437,9.55469639072795,3429.64045221636,3406.20833333333,2.68704932106521,"",2943.875,1.09794518790935,108
"bactExtract_SC2_1-3_final_E02-E02.1-E02.2","NA",6.68346663102792,0.41799063640343,0.216850366731355,12.4848800152991,3.19643075088109,412.485563483657,411.583333333333,1.35829898460868,"",316.791666666667,1.42695685538867,21.6666666666667
"bactExtract_SC2_1-3_final_E03-E03.1-E03.2","NA",8.20625661834134,0.0940351305369894,0.334384824584075,13.3303256006264,2.07290262475911,501.691203468428,499.125,1.55658196270366,"",432.75,1.26557731844828,24
"bactExtract_SC2_1-3_final_E04-E04.1-E04.2","NA",11.609443595134,0.448988613621859,0.191535991227796,16.7756172375543,3.61888737524833,667.758242166365,662.708333333333,1.53658629300178,"",662.708333333333,1.03823182912215,27.6666666666667
"bactExtract_SC2_1-3_final_E05-E05.1-E05.2","NA",67.3039479703532,3.0024732284901,0.0737137886489175,41.5681552115127,9.4032228334003,2251.99589438019,2227.20833333333,2.50426396615137,"",2227.20833333333,1.0315022719975,77
"bactExtract_SC2_1-3_final_E06-E06.1-E06.2","NA",32.281768042957,1.84872179135119,0.0975234110162651,28.7216634433352,7.10749524997993,1462.07300824412,1441,2.51411913590777,"",1441,0.871050863345503,49.3333333333333
"bactExtract_SC2_1-3_final_E07-E07.1-E07.2","NA",5.42911420358889,0.108202120744343,0.157778136626162,24.6890927262564,4.39317636386011,269.749679217628,267,1.27314072264643,"",267,1.39347782514594,20.3333333333333
"bactExtract_SC2_1-3_final_E08-E08.1-E08.2","NA",3.41858100822214,0.188754372774008,0.169924501439703,16.7117582373643,4.07914794327588,196.41222241211,194.375,1.24241025463598,"",194.375,1.51253703338403,18
"bactExtract_SC2_1-3_final_E09-E09.1-E09.2","NA",13.168094308119,0.895108683513851,0.12351957620161,21.1967266308045,5.61163826718917,694.545036133704,685.708333333333,1.71829126083232,"",685.708333333333,0.934627786669854,29.3333333333333
"bactExtract_SC2_1-3_final_E10-E10.1-E10.2","NA",168.70807460432,4.24715722633737,0.0732330079024388,49.9286208660191,9.46495576807876,4439.25381906218,4385.625,3.46363400896916,"",4385.625,0.668336745773012,162.666666666667
"bactExtract_SC2_1-3_final_E11-E11.1-E11.2","NA",136.674871946686,5.08629668542722,0.0641706864179233,50.6949572078483,10.8016170505906,3591.16156900804,3560.125,2.82679006106329,"",3560.125,1.05896099864405,129
"bactExtract_SC2_1-3_final_E12-E12.1-E12.2","NA",71.4588778975749,3.57612478169078,0.0775705678930056,37.9461221846991,8.93569815701253,2617.34178020112,2601.70833333333,2.09136064378897,"",2454.66666666667,0.793946791841202,84.6666666666667
"bactExtract_SC2_1-3_final_F01-F01.1-F01.2","NA",24.0825714101491,2.37774059036869,0.176619542516921,12.5206085219992,3.92452143563637,1478.45116463138,1474.66666666667,2.14620984963082,"",1229.45833333333,1.31815428235279,43.6666666666667
"bactExtract_SC2_1-3_final_F02-F02.1-F02.2","NA",111.302673017864,2.28170720627704,0.0743344326164433,52.0164900312357,9.3247120636072,2729.40971091972,2704.70833333333,2.01436845111791,"",2458.375,0.802827418722508,108
"bactExtract_SC2_1-3_final_F03-F03.1-F03.2","NA",21.3602831137519,2.52140229844349,0.0646503192672291,31.1074666155059,10.721481168482,904.778848167311,895.625,2.13645624370477,"",850.875,1.01397828091624,35.6666666666667
"bactExtract_SC2_1-3_final_F04-F04.1-F04.2","NA",7.40301053908212,0.139026468492071,0.287845338606554,13.7435589914189,2.40805421381996,449.292990788632,447,1.51028481025768,"",424.458333333333,1.30697238432843,22
"bactExtract_SC2_1-3_final_F05-F05.1-F05.2","NA",171.397922200209,2.55017507672064,0.0721870286849773,58.0829473978811,9.60210155739787,3411.62012920233,3371,2.45857755840751,"",3326.79166666667,1.17716997018013,147
"bactExtract_SC2_1-3_final_F06-F06.1-F06.2","NA",82.7754639848577,0.438557393668594,0.0953505068545853,54.9035784809227,7.26946508650481,1742.09904642676,1740.70833333333,1.8072604993382,"",1719,1.12913329466852,80.6666666666667
"bactExtract_SC2_1-3_final_F07-F07.1-F07.2","NA",22.5293652169192,1.505574592901,0.0860262738397577,30.647381910549,8.05738932562719,975.81205512809,964.333333333333,1.91786653147903,"",964.333333333333,1.55813978051246,37.3333333333333
"bactExtract_SC2_1-3_final_F08-F08.1-F08.2","NA",7.93696780440842,0.00459187790356064,0.532362813578072,14.0025159953527,1.30202028180974,480.157954829493,479.916666666667,1.46737072614737,"",479.916666666667,1.30697238432843,22.6666666666667
"bactExtract_SC2_1-3_final_F09-F09.1-F09.2","NA",6.36587908179813,0.0171818919034378,0.477083876371833,12.3922630039905,1.45288326621149,395.334280665635,395.083333333333,1.32739167926845,"",349.666666666667,1.29132621355632,21.3333333333333
"bactExtract_SC2_1-3_final_F10-F10.1-F10.2","NA",9.23789554154904,0.634855250326052,0.0936443089920712,27.8337674696074,7.40191462802757,425.314310305749,421.666666666667,1.39429138395094,"",421.666666666667,1.65167842695138,24.3333333333333
"bactExtract_SC2_1-3_final_F11-F11.1-F11.2","NA",11.9534840399259,0.432513947736808,0.315405503901143,10.4066337604884,2.19763818952632,764.742311566454,765.416666666667,1.44244414280847,"",620.541666666667,1.04424343170676,28
"bactExtract_SC2_1-3_final_F12-F12.1-F12.2","NA",92.7091110328919,6.46715242214149,0.0612014069178725,42.3261662944531,11.3256739586084,3071.20323132512,3060.5,2.81933568949613,"",2838.66666666667,0.96482204899036,97.3333333333333
"bactExtract_SC2_1-3_final_G01-G01.1-G01.2","NA",51.7333489776571,5.48175449794896,0.0637737550282204,33.4411973088252,10.8688469144278,2090.34041423753,2077.83333333333,2.53880107240401,"",1857.875,0.958864161415276,67.6666666666667
"bactExtract_SC2_1-3_final_G02-G02.1-G02.2","NA",7.05919537596308,0.425049684290327,0.279881388711999,9.81765571111534,2.47657475100355,455.03898311083,457.708333333333,1.5377147573419,"",289.291666666667,1.29719237409016,22.3333333333333
"bactExtract_SC2_1-3_final_G03-G03.1-G03.2","NA",12.7709887675337,0.882458320545746,0.141325353330248,18.4016368344656,4.90462018474635,709.993757428712,704.541666666667,1.66711386719999,"",634.541666666667,1.18922034304756,29
"bactExtract_SC2_1-3_final_G04-G04.1-G04.2","NA",25.2094411051014,2.43730219418623,0.099258957493202,22.5132934909652,6.98322043738387,1286.1851680604,1273.875,2.10142725852855,"",1202.125,1.05896099864405,40.6666666666667
"bactExtract_SC2_1-3_final_G05-G05.1-G05.2","NA",58.3503134375232,1.85255227126953,0.0724485065783102,47.1733218392479,9.5674460840779,1672.72214921881,1657.25,1.72842741653668,"",1565.70833333333,0.892735039830214,67.6666666666667
"bactExtract_SC2_1-3_final_G06-G06.1-G06.2","NA",92.2590922370916,1.84617435445082,0.0894213777615401,43.5161218720258,7.75147059809747,2900.35734313165,2876.25,1.89120823935761,"",2876.25,0.941425954435247,99.6666666666667
"bactExtract_SC2_1-3_final_G07-G07.1-G07.2","NA",22.3980980269026,1.22912331286286,0.114033336417117,24.9596791678395,6.0784609337792,1099.21350608971,1089.66666666667,1.57191854674861,"",933.083333333333,1.11072705426829,37.3333333333333
"bactExtract_SC2_1-3_final_G08-G08.1-G08.2","NA",14.0291463402031,0.0309754666529904,0.537025706676705,11.3839735775986,1.29071508485017,885.40622764696,885.125,2.17256818655919,"",885.125,0.96482204899036,31
"bactExtract_SC2_1-3_final_G09-G09.1-G09.2","NA",11.9249513976419,0.0600186603238493,0.233967929285779,22.5957762532882,2.96257347182529,618.698443810211,620.541666666667,1.57605903673563,"",513.083333333333,0.977989545574409,28.6666666666667
"bactExtract_SC2_1-3_final_G10-G10.1-G10.2","NA",40.2718035675432,0.863935372735651,0.0776972776321992,49.1680394244508,8.9211257032858,1076.70335773386,1063.58333333333,1.5115110231454,"",1018.33333333333,1.29132621355632,49
"bactExtract_SC2_1-3_final_G11-G11.1-G11.2","NA",13.3134287111348,0.53436290370003,0.304222517301364,10.4347582563104,2.27842168524729,851.135319181389,854.833333333333,1.53777360374947,"",829.5,1.17941064274909,28
"bactExtract_SC2_1-3_final_G12-G12.1-G12.2","NA",326.727228732886,5.71354500540513,0.0568104557463697,70.9137785487808,12.2010494626993,4500.59982482129,4491,2.16670047767725,"",4222.08333333333,0.836517897963318,191.333333333333
"bactExtract_SC2_1-3_final_H01-H01.1-H01.2","NA",167.771389315611,8.57921998622866,0.0695871475019007,41.9728238726837,9.96085060881412,5569.09298341556,5532.16666666667,4.05213359010167,"",5128.95833333333,0.827326703900161,168
"bactExtract_SC2_1-3_final_H02-H02.1-H02.2","NA",5.99455466053513,0.931545983610707,0.113702916848149,14.8885418135371,6.09612488205247,348.500020830949,349.166666666667,1.25000968036762,"",274.791666666667,1.36724349660147,25.3333333333333
"bactExtract_SC2_1-3_final_H03-H03.1-H03.2","NA",30.2785992586406,2.33592166148355,0.0410475190433427,60.4603813293757,16.8864573721993,694.833599311716,694.125,1.31602010724102,"",546.708333333333,1.29538168351057,33.3333333333333
"bactExtract_SC2_1-3_final_H04-H04.1-H04.2","NA",3.76170290220425,0.894946912942446,0.312927413300302,3.72026195623881,2.21504141567413,262.98635019803,263.583333333333,1.1493956724946,"",95.2083333333333,0.98066650838241,18.6666666666667
"bactExtract_SC2_1-3_final_H05-H05.1-H05.2","NA",9.38523245549496,0.325628499211582,0.239530579699061,13.8847554672828,2.89377323526204,567.504591665426,569.75,1.44119879204275,"",472.458333333333,1.10814677635409,25.3333333333333
"bactExtract_SC2_1-3_final_H06-H06.1-H06.2","NA",34.9916507957788,13.3752757658313,0.072115110929896,6.6566245818352,9.61167738109371,2143.8684460515,2143.58333333333,2.14427289426424,"",2143.16666666667,0.322474226408746,110.666666666667
"bactExtract_SC2_1-3_final_H07-H07.1-H07.2","NA",12.2116038813056,1.82043992306786,0.0546887883802513,31.8507264350646,12.6743927062434,505.453964378002,502.583333333333,1.58905426713662,"",454.291666666667,1.22571764636238,25.3333333333333
"bactExtract_SC2_1-3_final_H08-H08.1-H08.2","NA",32.7374170004278,3.64740748697604,0.0744315073836877,27.8964948425893,9.31255062438591,1487.21764528738,1474.875,2.35053912182265,"",1450,1.21706476322072,49
"bactExtract_SC2_1-3_final_H09-H09.1-H09.2","NA",6.27513391095295,0.76446130430754,0.0941708316163181,20.9753967610165,7.36052946186189,327.64733694661,328.375,1.09531125646108,"",254.958333333333,1.10184642738698,20.3333333333333
"bactExtract_SC2_1-3_final_H10-H10.1-H10.2","NA",7.7828361278041,0.829554558124514,0.19969812353595,10.6464701721113,3.4709749309946,492.569137469327,492.708333333333,1.44804120802,"",418.583333333333,1.53224505731323,23.6666666666667
"bactExtract_SC2_1-3_final_H11-H11.1-H11.2","NA",15.0440316247981,1.90227073725002,0.0659354055995094,29.3127296141423,10.5125186424136,660.264684451807,657.083333333333,1.5916928546673,"",444.291666666667,1.04964616145058,31
"bactExtract_SC2_1-3_final_H12-H12.1-H12.2","NA",20.9316643003567,2.00535478989182,0.10211357222474,21.9826997048056,6.78800247076274,1079.58927284023,1073.54166666667,1.80887797914776,"",952.875,0.892735039830216,40.3333333333333
"bactExtract_SC3_1-3_final_A01-A01.1-A01.2","NA",15.6054771854124,3.64243066107383,0.0554170380681047,21.4585849556666,12.5078352204263,767.402635195845,765.75,2.04325344231901,"",431,1.25485630952972,34
"bactExtract_SC3_1-3_final_A02-A02.1-A02.2","NA",42.1651316757572,11.9255652346769,0.0472711741597422,19.6835977886429,14.6632105692491,2079.25613722488,2080.54166666667,1.77947866380511,"",2079.66666666667,0.72941763859072,76.6666666666667
"bactExtract_SC3_1-3_final_A03-A03.1-A03.2","NA",235.913813826609,0.376033120239954,0.123436186512575,52.1722969891669,5.61542931731234,5382.10610748089,5451.875,3.6915085804443,"",5355.5,0.720015235279943,227
"bactExtract_SC3_1-3_final_A04-A04.1-A04.2","NA",36.1392149279114,1.08149674805735,0.0361789638716702,96.1511735631651,19.1588455384901,345.539822645477,345.958333333333,1.76214695672065,"",70.25,2.02410721574765,26
"bactExtract_SC3_1-3_final_A05-A05.1-A05.2","NA",81.4526532179547,0.151879625592635,0.144917616243896,43.354443051215,4.78304293519003,2541.96568942179,2563.79166666667,3.45242787855902,"",2388.04166666667,1.07884863247551,103.666666666667
"bactExtract_SC3_1-3_final_A06-A06.1-A06.2","NA",5.93472296981947,0.000488989201416741,0.584426793408852,16.090823024165,1.18602909445159,346.641447513227,354.916666666667,1.53597197892627,"",243.291666666667,1.28386218010903,22.3333333333333
"bactExtract_SC3_1-3_final_A07-A07.1-A07.2","NA",111.413296902655,0.680857929452023,0.115394343837686,44.1227730712413,6.00676911456706,3407.08136903957,3389.25,2.24315681018447,"",3389.08333333333,1.38323269594332,124.666666666667
"bactExtract_SC3_1-3_final_A08-A08.1-A08.2","NA",41.9805158652086,1.28261188547864,0.072626300306439,47.6036648275953,9.54402437733004,1187.83388778527,1170.45833333333,2.17573515952096,"",1145.875,1.04964616145058,53.6666666666667
"bactExtract_SC3_1-3_final_A09-A09.1-A09.2","NA",6.97050782316528,0.740378039088876,0.0557594563144519,38.1996465726302,12.4310247332934,254.506521003825,253.583333333333,1.10104377785113,"",205.833333333333,1.15093564163566,20
"bactExtract_SC3_1-3_final_A10-A10.1-A10.2","NA",5.97845013036456,0.168359740541525,0.188704394846879,18.7661151581517,3.67319044753775,332.298117440468,335.125,1.23190816915517,"",76.5,1.09794518790935,21.6666666666667
"bactExtract_SC3_1-3_final_A11-A11.1-A11.2","NA",12.469500938286,1.21113249278255,0.13401469517601,16.6366520080692,5.17217294453861,712.060099733834,715.666666666667,1.75196200135482,"",433.125,1.15093564163566,29.3333333333333
"bactExtract_SC3_1-3_final_A12-A12.1-A12.2","NA",10.9217331189894,0.556073276556731,0.26264206551825,11.1381762086229,2.63913238419069,689.847902306814,699.875,2.06523538101851,"",166.416666666667,1.34613146466793,31.3333333333333
"bactExtract_SC3_1-3_final_B01-B01.1-B01.2","NA",3306781.14334688,2.65553399997705,0.00908769394739427,1544.37851051525,76.2731650705174,282.870045189572,283.333333333333,1.38705601908042,"",13.9583333333333,1.48652203658859,21
"bactExtract_SC3_1-3_final_B02-B02.1-B02.2","NA",8.40570741322943,0.0904813437787374,0.29327029485131,15.4147896169775,2.36350967939449,496.342793805909,504.25,1.3198757205225,"",430.125,0.997042793087382,24
"bactExtract_SC3_1-3_final_B03-B03.1-B03.2","NA",146.43365078239,1.6798330840248,0.093274214510366,47.7767631729071,7.43128402848048,4019.80411586755,3956.625,3.48867333880489,"",3956.625,1.37961049491065,152.666666666667
"bactExtract_SC3_1-3_final_B04-B04.1-B04.2","NA",5.00393817412678,0.0297360030170771,0.228039808060169,22.4507369051477,3.03958851069133,260.320660895589,260.708333333333,1.18535145662959,"",218,1.07324930228608,20
"bactExtract_SC3_1-3_final_B05-B05.1-B05.2","NA",25.7901740929282,0.988964207988168,0.0573905356582426,56.1414794064312,12.0777262768133,590.31909702384,584.458333333333,1.32032924203844,"",517.583333333333,1.17215967426257,32.3333333333333
"bactExtract_SC3_1-3_final_B06-B06.1-B06.2","NA",191.713091902874,3.23972593069735,0.0657507207069411,61.8011167284946,10.5420468872027,3435.66382745273,3373.29166666667,4.20882580471648,"",3330.04166666667,0.971959822101,150.333333333333
"bactExtract_SC3_1-3_final_B07-B07.1-B07.2","NA",6.15053328706501,0.026536542210058,0.278684992805448,19.5254413810587,2.48720669736184,338.027431042856,337.958333333333,1.3415570367155,"",215.375,1.42695685538867,21.6666666666667
"bactExtract_SC3_1-3_final_B08-B08.1-B08.2","NA",47.2595763865978,11.7469420785909,0.0390897858218852,28.3013976110651,17.732181591332,2021.77602102724,2022.66666666667,1.89547772868945,"",2021.79166666667,0.594839956566343,86.3333333333333
"bactExtract_SC3_1-3_final_B09-B09.1-B09.2","NA",6.85501313822697,0.00485597983966379,0.364601675750265,19.8896945736372,1.90110804930781,374.341037914177,377.25,1.16827510459215,"",377.25,1.49904386454881,22
"bactExtract_SC3_1-3_final_B10-B10.1-B10.2","NA",2.66030191642211,0.0607274483169016,0.118978026828762,31.5747987460588,5.82584195615841,113.812611250793,113.375,0.800059973788766,"",113.375,1.24084326274337,15.3333333333333
"bactExtract_SC3_1-3_final_B11-B11.1-B11.2","NA",10.0571899111637,0.0776600903707043,0.334742495977225,14.5065231526715,2.07068773427293,603.132890275154,613.708333333333,1.77106754217534,"",404.375,1.0315022719975,26
"bactExtract_SC3_1-3_final_B12-B12.1-B12.2","NA",127.6734786025,1.14354579300105,0.123868002435179,37.9948415298852,5.59585338370718,4662.6096942689,4669.125,3.08101052635629,"",4364.29166666667,0.892735039830216,142
"bactExtract_SC3_1-3_final_C01-C01.1-C01.2","NA",9.84823815246415,0.758453525085618,0.165620435049976,14.9958848254885,4.18515493182219,581.248396334576,586.75,1.71377518246599,"",329.833333333333,0.96482204899036,26.3333333333333
"bactExtract_SC3_1-3_final_C02-C02.1-C02.2","NA",4.40020457738885,0.00139760193577371,0.335044081004105,24.039615181839,2.0688238350089,222.031844790911,226.958333333333,1.0580253035466,"",226.875,1.10521262091102,20
"bactExtract_SC3_1-3_final_C03-C03.1-C03.2","NA",66.537132154931,0.151778688650222,0.126090244127715,48.2258425998016,5.49723085521088,1765.87376369259,1776.25,2.1099446418359,"",1736.5,1.47925460358692,79.3333333333333
"bactExtract_SC3_1-3_final_C04-C04.1-C04.2","NA",42.9753129534964,19.5005691448753,0.0390296073079582,4.75232707672486,17.7595222798619,2401.68908531513,2403.41666666667,2.17188683704391,"",2402.20833333333,0.711477156655662,92
"bactExtract_SC3_1-3_final_C05-C05.1-C05.2","NA",2.35158631854767,0.0426004173824315,0.0919020445949807,43.4451667529272,7.54223895251403,73.9936320612795,75.2916666666667,0.664299126391197,"",75.2916666666667,0.72941763859072,15
"bactExtract_SC3_1-3_final_C06-C06.1-C06.2","NA",6.18339137109302,0.0213457352357335,0.221938327225903,25.5265153657849,3.12315222532255,302.726407626901,299.666666666667,1.20134666778694,"",189.333333333333,1.03563311466423,21.6666666666667
"bactExtract_SC3_1-3_final_C07-C07.1-C07.2","NA",6.57642264222976,4.59463392103669e-06,0.655298486232352,21.6300083085079,1.05775794561224,347.69540344437,348.083333333333,1.587184717796,"",348.083333333333,1.35971626810197,22.3333333333333
"bactExtract_SC3_1-3_final_C08-C08.1-C08.2","NA",27.3463020680429,0.405505504575203,0.103158457457981,40.6778336235385,6.71924724002663,928.92298731113,911.333333333333,1.65037754883684,"",766.541666666667,1.04964616145058,41.3333333333333
"bactExtract_SC3_1-3_final_C09-C09.1-C09.2","NA",7.08604919311352,0.000290266060428647,0.553198547909047,18.2625200822749,1.2529808387601,398.501024477956,401.166666666667,1.49746891594215,"",401.125,1.08369505434897,23
"bactExtract_SC3_1-3_final_C10-C10.1-C10.2","NA",178.611076777,3.53325837454949,0.0690869854945658,56.4941432348627,10.0329631637274,3819.18442831205,3759.29166666667,3.9320119439814,"",3691.75,1.05896099864405,157.666666666667
"bactExtract_SC3_1-3_final_C11-C11.1-C11.2","NA",11.8454540146272,0.120407749454921,0.2777676876877,16.4835538727761,2.49542049447906,686.795447111617,696.041666666667,1.60442105092285,"",310.166666666667,1.24596910683635,27
"bactExtract_SC3_1-3_final_C12-C12.1-C12.2","NA",15.5375170338777,1.79760739502766,0.105899047099386,19.2055378236461,6.54535805132814,841.518562570108,846.291666666667,1.80384206903846,"",600.166666666667,1.29132621355632,31
"bactExtract_SC3_1-3_final_D01-D01.1-D01.2","NA",74.8059911244435,4.25165872006697,0.0568387662040249,49.4217957063537,12.1949723199808,2082.53180959692,2064.70833333333,2.83854315446189,"",1599.54166666667,0.913199129294558,76.3333333333333
"bactExtract_SC3_1-3_final_D02-D02.1-D02.2","NA",12.4949855219079,0.17913248512907,0.0592310315970246,71.4239949861141,11.7024330299654,163.266977490576,166.541666666667,1.16345070687462,"",144,1.26557731844828,20
"bactExtract_SC3_1-3_final_D03-D03.1-D03.2","NA",176.61479264066,1.37922411724771,0.14884781106312,32.5474055197966,4.65675091631688,7402.44725727395,7351.29166666667,3.17786606219742,"",7285.91666666667,0.811909649109479,190.333333333333
"bactExtract_SC3_1-3_final_D04-D04.1-D04.2","NA",6.67462200049419,0.267226863963522,0.11246031389274,28.2509447732965,6.16348253501269,306.596025823282,301.458333333333,1.28628019419817,"",301.458333333333,1.12381200711751,21.3333333333333
"bactExtract_SC3_1-3_final_D05-D05.1-D05.2","NA",78.8069012002924,1.15761238737935,0.119928591524348,35.0695588101289,5.77966581404589,3103.44802318964,3061.41666666667,2.80280340899389,"",3061.41666666667,1.02157081277915,93.6666666666667
"bactExtract_SC3_1-3_final_D06-D06.1-D06.2","NA",94.5325513650713,0.572794606222311,0.110151746133897,46.3006246374505,6.29265721959031,2698.12978581867,2688.25,2.46730973243958,"",2688.25,1.19155244498903,104.666666666667
"bactExtract_SC3_1-3_final_D07-D07.1-D07.2","NA",16.2956923682124,0.133713783721437,0.100986431026686,47.4788062098873,6.86376549317583,449.206804413556,442.583333333333,1.25520231467281,"",309.458333333333,1.55491209113424,29
"bactExtract_SC3_1-3_final_D08-D08.1-D08.2","NA",4.32196901685798,0.000235029347187241,0.432382955468774,22.7100924157464,1.6030862729278,223.833832384629,223.708333333333,1.23839793648757,"",223.625,1.31815428235279,19.3333333333333
"bactExtract_SC3_1-3_final_D09-D09.1-D09.2","NA",6.50986845392349,0.00132287096717567,0.392265152356247,21.6717363154107,1.767037363366,343.901674592617,342.458333333333,1.56029890244847,"",342.458333333333,1.51823201052688,22.6666666666667
"bactExtract_SC3_1-3_final_D10-D10.1-D10.2","NA",4.72178141462749,4.28653945366508e-05,0.550084206402599,21.105173798957,1.2600746803711,252.118620067902,252.625,1.24051836122977,"",213.041666666667,1.86681444914227,19.6666666666667
"bactExtract_SC3_1-3_final_D11-D11.1-D11.2","NA",5.11972685643138,3.89932349928336e-05,0.552576372787921,21.3277592780823,1.25439163651316,272.227278274166,274.5,1.4753271593455,"",274.5,1.58781151677367,21.6666666666667
"bactExtract_SC3_1-3_final_D12-D12.1-D12.2","NA",11.6405638416678,1.94124690404565,0.11101144969155,14.4915228838427,6.24392513101921,679.536001492619,682.666666666667,1.64358967921734,"",370.458333333333,1.06300417308346,28.3333333333333
"bactExtract_SC3_1-3_final_E01-E01.1-E01.2","NA",44.3283529452879,1.59110213015878,0.079680049054041,41.2982173542443,8.69913094669201,1489.58831881763,1481.83333333333,1.93869568472676,"",1156.83333333333,2.02074385214704,56
"bactExtract_SC3_1-3_final_E02-E02.1-E02.2","NA",3.93603007937825,0.0598800087217042,0.140058228834276,29.7751515186644,4.94899290337388,175.660968586147,174.458333333333,1.25094932975044,"",101.25,1.37961049491065,19
"bactExtract_SC3_1-3_final_E03-E03.1-E03.2","NA",6.80813929376479,0.024455429377552,0.266412812417044,21.1154383810205,2.6017786992725,363.357588147048,361.875,1.43840291047562,"",224.291666666667,1.3342068037761,22.3333333333333
"bactExtract_SC3_1-3_final_E04-E04.1-E04.2","NA",12.6135404026221,0.00587335585142094,0.337707351075938,22.7168115038907,2.05250841698167,653.151945320694,656.958333333333,1.43534812283144,"",441.125,1.09498059291094,27.3333333333333
"bactExtract_SC3_1-3_final_E05-E05.1-E05.2","NA",90.8157185268931,1.16845068752099,0.120758744019778,35.9411162013625,5.73993366845901,3499.12572389189,3452.95833333333,2.82869632723136,"",3452.95833333333,0.999427249759113,106.333333333333
"bactExtract_SC3_1-3_final_E06-E06.1-E06.2","NA",25.0539091645129,0.572515751022268,0.115374721626451,32.5515706976014,6.00779070829874,1047.66297739932,1025.54166666667,2.27056319126879,"",1025.54166666667,1.24084326274337,41
"bactExtract_SC3_1-3_final_E07-E07.1-E07.2","NA",2.68633343552986,0.0126578090701847,0.125928360728882,42.5077803786477,5.50429765422151,86.2173258766593,86.4166666666667,0.899604437732023,"",7.12500000000001,1.28386218010903,17
"bactExtract_SC3_1-3_final_E08-E08.1-E08.2","NA",4.13973691857738,1.06197999363864e-06,0.704514821396377,21.5410762071289,0.9838645824173,219.236010491862,220.708333333333,1.35271900545399,"",220.708333333333,1.65803382267596,20
"bactExtract_SC3_1-3_final_E09-E09.1-E09.2","NA",12.0384036015758,0.330474740360973,0.139172591337921,25.6335770542393,4.98048627173244,585.962156624499,577.625,1.69001454918227,"",577.625,1.12381200711751,27
"bactExtract_SC3_1-3_final_E10-E10.1-E10.2","NA",183.956339664552,2.40137053342616,0.0934385921999054,46.2926370815445,7.41821087240917,5299.33018365025,5219.375,4.17120073697836,"",5219.375,0.789579986859041,190.333333333333
"bactExtract_SC3_1-3_final_E11-E11.1-E11.2","NA",80.4316597511957,1.39122422063195,0.0750026088384214,53.8617993754206,9.24164094149307,1848.0533505036,1811.25,2.60684491829966,"",1674.95833333333,1.04131999659875,82.3333333333333
"bactExtract_SC3_1-3_final_E12-E12.1-E12.2","NA",64.7030180767852,3.44325376000317,0.0775907756187604,37.1011418093473,8.93337094560957,2418.80501772223,2399.33333333333,2.77337807760627,"",2032.125,1.04964616145058,77
"bactExtract_SC3_1-3_final_F01-F01.1-F01.2","NA",39.8472263267953,3.08415899351306,0.0710219888970679,34.8936261283095,9.75961376644243,1565.7136234907,1551.20833333333,2.76453105398493,"",1236.125,1.17716997018013,54.6666666666667
"bactExtract_SC3_1-3_final_F02-F02.1-F02.2","NA",113.422869879286,0.874889604237227,0.0872830384806438,55.6469764776119,7.94137317657267,2357.52117723857,2351.16666666667,2.15923967167553,"",2232.83333333333,1.09337032089592,104
"bactExtract_SC3_1-3_final_F03-F03.1-F03.2","NA",14.6277732347515,0.978042103836564,0.0954267178518168,27.6224776700132,7.26365944636488,676.844837210678,666.875,1.76273709676593,"",666.875,0.984709682821822,29.6666666666667
"bactExtract_SC3_1-3_final_F04-F04.1-F04.2","NA",5.69165209778764,0.25402862130511,0.0880657991264231,34.7881978120219,7.87078738211296,225.002846915528,221.041666666667,1.4260679098852,"",112,1.43775502865731,19.6666666666667
"bactExtract_SC3_1-3_final_F05-F05.1-F05.2","NA",179.281589000602,0.15779981504927,0.120420381967381,58.4162336493316,5.75606196588633,3082.71311152829,3107.41666666667,2.27569988989668,"",3086.95833333333,1.09337032089592,163.333333333333
"bactExtract_SC3_1-3_final_F06-F06.1-F06.2","NA",23.7582000195704,0.111716866540469,0.089201389449814,60.0327194313353,7.77058726142288,407.196019554879,401.125,1.10742248023426,"",401.125,0.994024520015295,33
"bactExtract_SC3_1-3_final_F07-F07.1-F07.2","NA",20.7806291466848,0.374479749034617,0.09238912387509,43.2740747066014,7.50247595698688,657.029708596601,646.583333333333,1.3356944522638,"",646.583333333333,0.836517897963318,34
"bactExtract_SC3_1-3_final_F08-F08.1-F08.2","NA",5.12334198858282,0.133910463914026,0.14349281745311,25.2131495268241,4.83053572201585,251.598031429908,247.458333333333,1.35841111340177,"",247.458333333333,1.31425304287515,19.6666666666667
"bactExtract_SC3_1-3_final_F09-F09.1-F09.2","NA",6.07651841072478,0.313322563943611,0.124423776342392,23.4040012634798,5.57085792551842,307.984934797758,305.25,1.2438833555324,"",144.916666666667,1.12381200711751,20.6666666666667
"bactExtract_SC3_1-3_final_F10-F10.1-F10.2","NA",9.03944248624075,0.482714734196638,0.0855529208478134,33.6054833529886,8.10196979473041,367.012697532504,364.208333333333,1.4199715670014,"",364.208333333333,1.4169425303418,22.6666666666667
"bactExtract_SC3_1-3_final_F11-F11.1-F11.2","NA",12.3000293815438,0.144193193462958,0.262542274636368,16.8902728621633,2.64013550396782,708.048885524063,717.958333333333,1.66353261981565,"",529.583333333333,0.973096551975757,29.3333333333333
"bactExtract_SC3_1-3_final_F12-F12.1-F12.2","NA",63.796223127518,3.35918353132312,0.0574452192965533,50.307131610016,12.0662291666373,1730.38557601545,1717.04166666667,2.5393750564562,"",1594.625,1.34613146466793,69
"bactExtract_SC3_1-3_final_G01-G01.1-G01.2","NA",34.3141955043304,2.83091679856927,0.0685867526810924,35.1213005384241,10.1061378978368,1340.68550638254,1336.58333333333,1.95788309210294,"",848.083333333333,0.976963851230297,49.6666666666667
"bactExtract_SC3_1-3_final_G02-G02.1-G02.2","NA",8.07731373729785,0.897569265482943,0.150790584649639,13.7895133435982,4.59675371755118,484.07342318052,486.916666666667,1.52237194693476,"",230.416666666667,1.42695685538867,22.6666666666667
"bactExtract_SC3_1-3_final_G03-G03.1-G03.2","NA",10.6518985928301,0.470096290962888,0.113486513654456,27.0994294449323,6.10774935487438,501.101363435424,496.166666666667,1.59960268376038,"",407.625,1.82736282650007,26
"bactExtract_SC3_1-3_final_G04-G04.1-G04.2","NA",32.7668912937772,2.27552024713592,0.0793409686924008,32.7098983480219,8.73630851732132,1354.33664293621,1337.91666666667,2.34218495406915,"",1075.70833333333,0.802827418722508,47
"bactExtract_SC3_1-3_final_G05-G05.1-G05.2","NA",127.584295473647,1.86386775391402,0.0679259126873944,62.0000038452343,10.2044588454765,2236.09864997387,2212.70833333333,2.07686378084836,"",2167.08333333333,0.994024520015295,101.333333333333
"bactExtract_SC3_1-3_final_G06-G06.1-G06.2","NA",129.257378776811,1.44796469850902,0.0848021961407506,52.8333167244284,8.17369374974078,3008.62552921682,2967.70833333333,2.43289543241578,"",2945.41666666667,0.911299902690035,128
"bactExtract_SC3_1-3_final_G07-G07.1-G07.2","NA",18.75499923189,0.195914510950514,0.123404356230266,36.8790570615362,5.61687773214883,705.441801088599,703.625,1.47229689677062,"",703.333333333333,1.19155244498903,32.6666666666667
"bactExtract_SC3_1-3_final_G08-G08.1-G08.2","NA",7.7156768379121,3.64342633475156e-05,0.586464378825033,20.9104778705445,1.18190840839924,413.479372523791,417.333333333333,1.37676868500166,"",417.25,1.34613146466793,24
"bactExtract_SC3_1-3_final_G09-G09.1-G09.2","NA",10.1276605193705,0.0813166363062961,0.14232485395595,33.8423915181077,4.87017665076598,411.410816477766,413.291666666667,1.42361463562708,"",334,1.28386218010903,26
"bactExtract_SC3_1-3_final_G10-G10.1-G10.2","NA",23.1442110613728,0.393657285633535,0.080926909251974,50.1299766173723,8.56510136080648,596.378521669165,594.75,1.3752111615555,"",594.75,1.05896099864405,33.6666666666667
"bactExtract_SC3_1-3_final_G11-G11.1-G11.2","NA",10.2320430621868,0.972984896438942,0.118040893506753,19.0865130395154,5.8720936445664,558.456721284685,560,1.57803923129719,"",414.666666666667,1.33106281872841,25.6666666666667
"bactExtract_SC3_1-3_final_G12-G12.1-G12.2","NA",152.178719129281,1.34663906718122,0.0849023298689305,55.5762752837717,8.16405370300207,3191.47757305954,3241.125,4.06463199724982,"",2901.45833333333,1.03823182912215,140.333333333333
"bactExtract_SC3_1-3_final_H01-H01.1-H01.2","NA",160.925897259644,1.59723260878888,0.105304017929853,43.7086515814208,6.58234314498501,4998.44879573084,5017.41666666667,3.7313763242431,"",4648.70833333333,1.00543885234373,167.333333333333
"bactExtract_SC3_1-3_final_H02-H02.1-H02.2","NA",7.74412794366177,2.81011024576133,0.0399995199721091,14.0734161179363,17.3288874727313,397.217245882133,397.458333333333,1.4538468849982,"",80.6666666666667,1.4169425303418,24
"bactExtract_SC3_1-3_final_H03-H03.1-H03.2","NA",40482883.0164823,1.25934850679594,0.0272322530103412,634.754503579037,25.453170558335,305.445405695822,310,1.39403213290423,"",79.3333333333333,1.02391796495401,24
"bactExtract_SC3_1-3_final_H04-H04.1-H04.2","NA",5.07521111129909,1.04789084014994,0.186167740948957,7.23176734318241,3.72324000402406,335.095899081349,336.458333333333,1.58386846654255,"",54.7916666666667,1.54292789615015,21
"bactExtract_SC3_1-3_final_H05-H05.1-H05.2","NA",8.4377948042072,0.54044712336285,0.172692958019966,15.5297904040369,4.01375475009124,494.346127296522,500.041666666667,1.68359040811888,"",57.125,0.955739818603389,26.6666666666667
"bactExtract_SC3_1-3_final_H06-H06.1-H06.2","NA",29.7350280315268,13.4669995406734,0.0990472786958172,1.90777099093012,6.99814462029452,1977.69412146001,1978.375,1.89427104660035,"",1977.58333333333,0.299659219105587,116.666666666667
"bactExtract_SC3_1-3_final_H07-H07.1-H07.2","NA",17.4973481942263,1.41890437247055,0.0540425394131187,44.9200667299909,12.8259550362966,549.808307627982,547.125,1.6255650459047,"",475.208333333333,1.15093564163566,29
"bactExtract_SC3_1-3_final_H08-H08.1-H08.2","NA",23.6665959228599,2.33800930380004,0.0624501663778937,35.4002007280352,11.0992047061272,917.556180134531,912.583333333333,1.73689437492114,"",744.208333333333,1.31425304287516,37.6666666666667
"bactExtract_SC3_1-3_final_H09-H09.1-H09.2","NA",18.5732497730607,1.48996927547549,0.0272105423493309,89.6470458378355,25.4734790531284,289.774588980015,290.833333333333,1.36546792239816,"",99.0833333333333,1.41481505314873,21
"bactExtract_SC3_1-3_final_H10-H10.1-H10.2","NA",9.30004390796774,0.989677583702762,0.147877296661028,14.3894958875245,4.6873130373002,551.962873116336,554.333333333333,1.63651525532775,"",360.458333333333,1.09498059291094,25
"bactExtract_SC3_1-3_final_H11-H11.1-H11.2","NA",10.9614042098028,1.87207949462462,0.081083841809805,19.486629384752,8.54852415831297,579.259207665558,582.208333333333,1.77176903823488,"",257.875,1.4169425303418,28.3333333333333
"bactExtract_SC3_1-3_final_H12-H12.1-H12.2","NA",16.9418887390844,2.89434211359162,0.0689912108926972,22.896973493882,10.0468910690378,835.133162323115,836.833333333333,1.67445235081437,"",639.083333333333,1.17360267545667,33
"bactExtract_SC4_1-3_final_A01-A01.1-A01.2","NA",11.4962955824651,3.15522041237703,0.12544653972005,7.74938689151959,5.52543882124441,738.00386416884,737.958333333333,1.74226875460135,"",264.291666666667,1.38323269594332,32.6666666666667
"bactExtract_SC4_1-3_final_A02-A02.1-A02.2","NA",29.2297714600454,5.58622822349899,0.0655723356365005,22.0029640149129,10.5707258073343,1453.96724610685,1455.54166666667,1.69276455510621,"",1455.45833333333,0.604269894528894,60.3333333333333
"bactExtract_SC4_1-3_final_A03-A03.1-A03.2","NA",169.419628775245,2.02073907943293,0.0884994527684944,49.9089662344429,7.8322199615533,4348.97593630897,4358.33333333333,1.88498095296143,"",4116.58333333333,1.24084326274337,162.333333333333
"bactExtract_SC4_1-3_final_A04-A04.1-A04.2","NA",11.2488604879788,2.62012017705655,0.0710421867011581,16.7770503368495,9.75683903812953,609.931153452122,607.333333333333,1.73579558441124,"",437.541666666667,1.15093564163566,27
"bactExtract_SC4_1-3_final_A05-A05.1-A05.2","NA",143.521138391143,0.975159561250665,0.0845328879452311,58.9689870545986,8.19973382441441,2621.98082680066,2621.54166666667,1.79919394119408,"",2502.29166666667,1.42695685538867,127.666666666667
"bactExtract_SC4_1-3_final_A06-A06.1-A06.2","NA",7.22712329733541,1.77271408618148,0.0681430656542873,16.4934252104137,10.1719400779019,391.391355695432,389.541666666667,1.48192017503419,"",163.208333333333,1.34613146466793,21.6666666666667
"bactExtract_SC4_1-3_final_A07-A07.1-A07.2","NA",137.65123908969,2.71403005311142,0.0764313768685656,51.1095714524605,9.0688825579043,3462.50944524943,3444.08333333333,1.89504032090255,"",3344.875,0.96482204899036,132.333333333333
"bactExtract_SC4_1-3_final_A08-A08.1-A08.2","NA",27.6643501092048,2.25918473044939,0.0639801539155791,37.8234242519589,10.8337841993088,1017.31367611707,1011.625,1.67273043538567,"",889.083333333333,1.41481505314873,39.3333333333333
"bactExtract_SC4_1-3_final_A09-A09.1-A09.2","NA",60.0522472333888,2.31851049513766,0.0238455036702395,134.822765236836,29.0682549693858,437.088929913356,436.708333333333,1.38489469613592,"",150.083333333333,1.59101850754042,24.3333333333333
"bactExtract_SC4_1-3_final_A10-A10.1-A10.2","NA",8.16359261809863,1.27264914287587,0.188728183642721,8.94994753751771,3.67272744950554,527.793269668834,527.041666666667,1.50483302529032,"",119.291666666667,1.18922034304756,25.6666666666667
"bactExtract_SC4_1-3_final_A11-A11.1-A11.2","NA",11.3540561166175,1.81260826380423,0.111306895650742,14.9216128350367,6.22735165245194,658.848711791338,658.625,1.52870109970438,"",375.541666666667,1.31815428235279,28
"bactExtract_SC4_1-3_final_A12-A12.1-A12.2","NA",8.71262743824197,2.0867314037759,0.222855539665609,5.18446476497484,3.11029818509337,593.216597477499,594.875,1.83675891028988,"",189.666666666667,1.04964616145058,30
"bactExtract_SC4_1-3_final_B01-B01.1-B01.2","NA",0,0,0,0,0,0,0,0,"cannot fit data",0,1.42695685538867,23.3333333333333
"bactExtract_SC4_1-3_final_B02-B02.1-B02.2","NA",8.83674926698557,0.883436526638252,0.191086647094255,11.5001461644316,3.62739726244735,551.84320385559,553,1.47728202457102,"",478.458333333333,1.5936776773075,24.6666666666667
"bactExtract_SC4_1-3_final_B03-B03.1-B03.2","NA",125.326479747064,2.47871078108959,0.0792523195180422,49.2503864016683,8.74608067972252,3333.3690419567,3294.95833333333,2.57860191857074,"",3270.625,0.823556588244413,127.333333333333
"bactExtract_SC4_1-3_final_B04-B04.1-B04.2","NA",5.64864155612985,0.237218283800956,0.206009556595189,15.1802990343919,3.36463604900614,333.899493655378,333.041666666667,1.23525927848777,"",333.041666666667,1.48652203658859,20.3333333333333
"bactExtract_SC4_1-3_final_B05-B05.1-B05.2","NA",24.1199983218449,2.86939468885113,0.0545538558265036,36.7028906237969,12.7057413276954,908.607789925755,902.916666666667,1.54636205878852,"",737.25,1.00543885234373,36
"bactExtract_SC4_1-3_final_B06-B06.1-B06.2","NA",86.3186838606594,3.81277126891144,0.0628016158563998,48.9559643445768,11.0370915000798,2394.63024646302,2359.91666666667,3.27169798935854,"",2314.125,0.816528530631517,90.6666666666667
"bactExtract_SC4_1-3_final_B07-B07.1-B07.2","NA",7.06389975181586,0.0578652327450401,0.293531021920855,16.3403866682673,2.36141030690391,410.635732226717,408.666666666667,1.24605770846986,"",386.25,1.00543885234373,22
"bactExtract_SC4_1-3_final_B08-B08.1-B08.2","NA",41.4029777756396,8.49112171294338,0.0455550225225135,29.740120215521,15.2156039483328,1755.79380526309,1755.625,1.80919949436708,"",1755.29166666667,0.605707709734774,70.6666666666667
"bactExtract_SC4_1-3_final_B09-B09.1-B09.2","NA",7.3616794556255,0.267615405267722,0.175751767080707,18.6482493102489,3.94389878448075,409.613915348848,408.708333333333,1.35545770365741,"",361.875,1.62215267842093,22.6666666666667
"bactExtract_SC4_1-3_final_B10-B10.1-B10.2","NA",5.57999009483696,0.739811778070275,0.132626982271215,14.1623597950262,5.22629082476217,330.713267484339,330,1.1542431686002,"",211.666666666667,1.17360267545667,20.3333333333333
"bactExtract_SC4_1-3_final_B11-B11.1-B11.2","NA",9.73055471623777,0.426714235534295,0.225433233132437,13.6717552883522,3.07473379558344,589.956989629903,593.083333333333,1.51226143175952,"",259.958333333333,1.23016042390644,25.6666666666667
"bactExtract_SC4_1-3_final_B12-B12.1-B12.2","NA",134.121969678614,3.74656634717747,0.0674970492407869,52.5886430161487,10.269296041183,3290.4170594936,3265.45833333333,2.39276147335188,"",2810.41666666667,1.23016042390644,128
"bactExtract_SC4_1-3_final_C01-C01.1-C01.2","NA",8.59536935304318,1.95717912417971,0.100868020111497,12.1082495213478,6.87182299993356,514.419560766769,514.375,1.60685990696073,"",212.458333333333,1.08135613538887,26.3333333333333
"bactExtract_SC4_1-3_final_C02-C02.1-C02.2","NA",6.19363280273636,0.220420326082479,0.115166861518324,28.6497680393676,6.01863393185945,282.303750242504,284.458333333333,1.36191447268962,"",261,1.69173218466772,22
"bactExtract_SC4_1-3_final_C03-C03.1-C03.2","NA",220.740360608506,1.33985767084289,0.0540121225012698,94.3924291721384,12.8331779693281,1175.76615573687,1164.08333333333,1.48616118859585,"",1164.08333333333,1.07324930228608,69.6666666666667
"bactExtract_SC4_1-3_final_C04-C04.1-C04.2","NA",40.5241810483665,15.5389438906851,0.0420256842208137,11.3010832216424,16.4934180944675,2160.19798607962,2161.04166666667,1.97568230080125,"",2160.04166666667,0.892735039830216,73.3333333333333
"bactExtract_SC4_1-3_final_C05-C05.1-C05.2","NA",2.13149829216528,0.00795042480658551,0.107851360581561,51.808508479335,6.42687469886632,49.9330903690312,52.375,0.768221174443176,"",52.375,1.37961049491065,17
"bactExtract_SC4_1-3_final_C06-C06.1-C06.2","NA",6.15509756991216,0.232935915831352,0.147009730831755,22.0100629448643,4.71497482947721,321.484074427169,318.083333333333,1.29593194962919,"",318.083333333333,1.51253703338403,21.3333333333333
"bactExtract_SC4_1-3_final_C07-C07.1-C07.2","NA",7.43262225190627,0.248923216001687,0.127931458636557,26.2830211727131,5.418113636374,356.521063285096,351.5,1.3829163087538,"",351.5,1.42695685538867,23.3333333333333
"bactExtract_SC4_1-3_final_C08-C08.1-C08.2","NA",24.8871192928423,0.616580007699125,0.0901354130565832,40.7479180788907,7.69006494844393,845.938334414701,831.666666666667,1.70875263472419,"",729.791666666667,1.09337032089592,41
"bactExtract_SC4_1-3_final_C09-C09.1-C09.2","NA",7.86556819525823,0.388736910368025,0.211493956020005,13.9798868014565,3.27738529083252,474.140153071096,473.041666666667,1.3874948144953,"",357.458333333333,1.09794518790935,23
"bactExtract_SC4_1-3_final_C10-C10.1-C10.2","NA",125.277023781367,3.19190487146409,0.073783257483227,49.3892618023433,9.39436945729208,3349.29756460775,3305.625,3.23391700754121,"",3184.25,0.769626225958091,128.333333333333
"bactExtract_SC4_1-3_final_C11-C11.1-C11.2","NA",9.61577355275285,0.332282429791553,0.209568816969477,15.8898050881732,3.30749197606484,561.968978693364,565.375,1.43481071555255,"",260.416666666667,1.26055128667257,24.6666666666667
"bactExtract_SC4_1-3_final_C12-C12.1-C12.2","NA",15.1683356229667,2.23478350711228,0.146936946343162,11.9485300269202,4.71731036890573,932.358841448531,932.958333333333,1.65329506389431,"",808.416666666667,1.16976259763765,33
"bactExtract_SC4_1-3_final_D01-D01.1-D01.2","NA",62.6276983457568,5.12683239692063,0.0631257829039122,38.2935766414918,10.9804132111126,2278.89693720703,2263.41666666667,2.5605743222434,"",1713.08333333333,1.15093564163566,72
"bactExtract_SC4_1-3_final_D02-D02.1-D02.2","NA",41.2775445625065,0.112168127118965,0.0566063516609628,104.323167811641,12.2450424770611,121.703853840533,125.291666666667,1.09353897497443,"",125.083333333333,1.24734321667892,21
"bactExtract_SC4_1-3_final_D03-D03.1-D03.2","NA",152.21798855595,2.63826823916682,0.105241100669862,38.3662536724557,6.58627832803007,5506.83040108762,5438.70833333333,3.8647200537288,"",5438.70833333333,0.748981104308949,166
"bactExtract_SC4_1-3_final_D04-D04.1-D04.2","NA",6.30894228015053,0.178993519157436,0.137278418779105,25.7403319635522,5.049207200407,306.356099676293,302.375,1.13185717238879,"",302.375,0.976963851230297,20
"bactExtract_SC4_1-3_final_D05-D05.1-D05.2","NA",51.7473931477466,1.09644526958385,0.10667724557816,35.9297294388719,6.49761040232421,1993.38119371167,1970,1.94816815927687,"",1970,1.19155244498903,65.6666666666667
"bactExtract_SC4_1-3_final_D06-D06.1-D06.2","NA",101.394494909453,2.0277044233187,0.0778298771639321,50.0053934643632,8.90592669316409,2637.80634206057,2591.33333333333,3.07445855582895,"",2591.33333333333,0.761552114706426,103.666666666667
"bactExtract_SC4_1-3_final_D07-D07.1-D07.2","NA",18.6558679145685,0.311184402068271,0.0855801239209972,47.6361709790049,8.09939444817607,518.349122570228,510.5,1.2038077092411,"",510.5,1.02706442266026,30.3333333333333
"bactExtract_SC4_1-3_final_D08-D08.1-D08.2","NA",6.91989647305836,0.0138976197576944,0.328756530296579,18.8845773535983,2.10839060728206,384.810651318785,384.333333333333,1.20745357342106,"",384.333333333333,1.10814677635409,21.6666666666667
"bactExtract_SC4_1-3_final_D09-D09.1-D09.2","NA",6.55152991997035,0.353403497693659,0.135364108526864,21.1606452366105,5.12061275402545,346.805959596571,343.291666666667,1.34325465710485,"",320.875,1.39894702732003,21.3333333333333
"bactExtract_SC4_1-3_final_D10-D10.1-D10.2","NA",7.17672391047507,1.30471857313516,0.087660557973536,17.1594713778251,7.90717281048109,395.625744245639,394.041666666667,1.44020041561789,"",345.083333333333,1.4091362434411,23
"bactExtract_SC4_1-3_final_D11-D11.1-D11.2","NA",8.64542356667464,0.301788055015693,0.232318075869775,14.2887260674852,2.98361278159211,519.229753890967,519.375,1.45484648544277,"",519.375,1.25171479325735,24.3333333333333
"bactExtract_SC4_1-3_final_D12-D12.1-D12.2","NA",10.4707983216181,3.02024144020476,0.081240680087608,11.1145303378593,8.53202090150491,620.582012307955,620.583333333333,1.59407246827379,"",182.041666666667,0.931894120169718,27.3333333333333
"bactExtract_SC4_1-3_final_E01-E01.1-E01.2","NA",56.1322893211766,2.86246364770861,0.0688182703708998,42.4841740913906,10.0721389367125,1839.87528266931,1830.33333333333,1.72812619242805,"",1380.75,1.17088940253661,65.6666666666667
"bactExtract_SC4_1-3_final_E02-E02.1-E02.2","NA",4.75477938404501,0.0214549771449677,0.245222193952247,22.0062724702462,2.82660867431487,249.508453252617,251.25,1.21000129866144,"",251.25,1.200634675376,19.3333333333333
"bactExtract_SC4_1-3_final_E03-E03.1-E03.2","NA",5.96933803085603,0.160876849460303,0.137445137769074,26.0935516087973,5.04308258415458,287.823893966144,284.083333333333,1.38501061160408,"",284.083333333333,1.38773378859957,20.6666666666667
"bactExtract_SC4_1-3_final_E04-E04.1-E04.2","NA",8.78428577673472,0.018504670200456,0.242253213777806,25.4303654856295,2.86125071263532,430.965475688369,430.208333333333,1.17170204137132,"",332.5,1.09794518790935,23
"bactExtract_SC4_1-3_final_E05-E05.1-E05.2","NA",87.1538056792756,0.59098457318231,0.144282187605357,34.5630729162971,4.80410778394804,3478.44149306907,3444.375,2.22317518773355,"",3444.375,1.12381200711751,103
"bactExtract_SC4_1-3_final_E06-E06.1-E06.2","NA",13.2726107131009,0.0400912853895795,0.233196967804815,24.8685638486837,2.97236789605304,658.567086212942,653.458333333333,1.46473991456975,"",653.458333333333,1.24507459128935,29.3333333333333
"bactExtract_SC4_1-3_final_E07-E07.1-E07.2","NA",6.61395351768862,0.273206817548187,0.0799202128003288,39.3457752995752,8.67298967648762,233.857656638648,228.416666666667,1.19443436896444,"",228.416666666667,1.50447593702935,22.3333333333333
"bactExtract_SC4_1-3_final_E08-E08.1-E08.2","NA",3.7772572362409,0.0143075434037894,0.245982668606258,22.6526996566168,2.81786999257846,195.782359530324,194.875,1.15148526331728,"",194.875,1.47925460358692,18.3333333333333
"bactExtract_SC4_1-3_final_E09-E09.1-E09.2","NA",8.82360021409444,0.444630147591721,0.107902733879539,27.2118913860193,6.42381481579296,413.519055450377,408.5,1.28680558845229,"",408.5,1.06300417308346,22.6666666666667
"bactExtract_SC4_1-3_final_E10-E10.1-E10.2","NA",156.368971374761,3.69227854768522,0.0799435231525187,46.5588538004313,8.67046076062395,4521.45142713757,4454.5,4.2911629654041,"",4322.16666666667,1.06670683023558,160.333333333333
"bactExtract_SC4_1-3_final_E11-E11.1-E11.2","NA",40.4829503062474,1.55880947448015,0.0742329088832729,43.3459003689375,9.33746489242231,1291.27626579685,1272.375,2.13761187143514,"",1272.375,0.970421379179796,53
"bactExtract_SC4_1-3_final_E12-E12.1-E12.2","NA",41.2710189740766,2.98137546339143,0.0851380526592584,29.9841800057535,8.14144978549223,1811.69736708467,1796.08333333333,2.36572505362896,"",1496.95833333333,0.825494452543524,61.6666666666667
"bactExtract_SC4_1-3_final_F01-F01.1-F01.2","NA",22.3895721919954,2.42197924410771,0.0878477734229541,24.0134205933607,7.89032155912138,1104.19774857834,1099,1.89680589897765,"",693.291666666667,1.55813978051246,37.3333333333333
"bactExtract_SC4_1-3_final_F02-F02.1-F02.2","NA",34.6685538917109,0.588410590252774,0.0813180996093808,49.915642622392,8.5238979254255,899.1626912903,887.458333333333,1.68432426550482,"",863.041666666667,1.0315022719975,45
"bactExtract_SC4_1-3_final_F03-F03.1-F03.2","NA",12.222142188748,0.560010132781552,0.120176479776021,25.2640734956676,5.76774408646184,597.272003981245,591.208333333333,1.31902468625662,"",591.208333333333,0.998023241754778,26.3333333333333
"bactExtract_SC4_1-3_final_F04-F04.1-F04.2","NA",8.64976162142197,0.410817834881895,0.0830636253853624,36.0985633292514,8.34477398914607,331.298611775223,326.666666666667,1.29243013067692,"",158.083333333333,1.26363945414917,22.6666666666667
"bactExtract_SC4_1-3_final_F05-F05.1-F05.2","NA",824.973609684167,0.942335568317762,0.0618207414116967,109.568442026733,11.2122107359392,1430.31785889193,1413.70833333333,1.49956739069532,"",1413.70833333333,0.942434073570554,97.6666666666667
"bactExtract_SC4_1-3_final_F06-F06.1-F06.2","NA",5.82723072745509,0.157526643222271,0.0735611304459119,48.7118343156749,9.42273693128742,159.175252502637,155.041666666667,0.854551180065348,"",155.041666666667,0.93065684761701,18.6666666666667
"bactExtract_SC4_1-3_final_F07-F07.1-F07.2","NA",22.8013953527843,0.221947239479823,0.117567417177894,39.3166390258456,5.89574218094057,803.407356779072,791.333333333333,1.43286261450461,"",791.333333333333,0.802827418722506,38.3333333333333
"bactExtract_SC4_1-3_final_F08-F08.1-F08.2","NA",6.28853454407899,0.0112455303435236,0.329338660877883,19.2043130216848,2.10466387004883,347.694661575158,346.375,1.21820095377293,"",169.5,1.29132621355632,21
"bactExtract_SC4_1-3_final_F09-F09.1-F09.2","NA",6.31562257964342,0.381269476527133,0.126110913617926,21.7666085576265,5.49632986293281,329.990552515233,327,1.07996147561363,"",327,0.825494452543524,20.6666666666667
"bactExtract_SC4_1-3_final_F10-F10.1-F10.2","NA",6.994549050651,0.467454197100865,0.0822164329584392,32.0667750513735,8.43076202187383,293.476041382282,291.5,1.15631671080416,"",291.5,1.45612384314523,21
"bactExtract_SC4_1-3_final_F11-F11.1-F11.2","NA",10.167791253177,0.470027545465975,0.222390963742271,13.6105318355543,3.11679561478601,616.947532249624,620.583333333333,1.56297527308446,"",452.458333333333,1.27404445550778,25.6666666666667
"bactExtract_SC4_1-3_final_F12-F12.1-F12.2","NA",27.0576554930484,2.41461701688906,0.102891878605645,22.5766483023952,6.736655895035,1381.59778059147,1373,2.07774377023119,"",985.208333333333,0.86060056371451,47
"bactExtract_SC4_1-3_final_G01-G01.1-G01.2","NA",28.2572639169664,2.93575772398151,0.0769828150994366,27.9892140960407,9.00392093566111,1284.08916678806,1278,1.7848957070352,"",904.541666666667,1.21706476322072,45.6666666666667
"bactExtract_SC4_1-3_final_G02-G02.1-G02.2","NA",6.1786351110472,0.272951917329088,0.191391905874559,16.0632433890784,3.62161177816079,359.601242455059,361.75,1.2671949964581,"",224.375,1.200634675376,20.3333333333333
"bactExtract_SC4_1-3_final_G03-G03.1-G03.2","NA",6.94370166813833,0.362628830814396,0.105784037901525,27.400856567854,6.5524742135973,323.970259420128,320.458333333333,1.33700736936214,"",320.458333333333,1.29719237409016,21.6666666666667
"bactExtract_SC4_1-3_final_G04-G04.1-G04.2","NA",21.7939796411207,1.09983830622152,0.079285436903166,37.014205544969,8.74242745747254,816.455074483763,806.375,1.58026266730327,"",806.333333333333,0.892735039830216,34
"bactExtract_SC4_1-3_final_G05-G05.1-G05.2","NA",46.8438089438019,1.04856705360242,0.081867931094146,46.1322965554269,8.46665075440643,1369.41127454543,1357.20833333333,1.41944653802633,"",1357.16666666667,0.892735039830216,58.6666666666667
"bactExtract_SC4_1-3_final_G06-G06.1-G06.2","NA",63.0546973243374,0.893399754316535,0.0960674849779398,44.1611823871183,7.21521106458772,1938.29966199673,1911.29166666667,2.0020149680119,"",1911.29166666667,0.874914427882652,75
"bactExtract_SC4_1-3_final_G07-G07.1-G07.2","NA",13.4601135547095,0.20274266770934,0.117765843017787,35.4973168350835,5.88580833625291,524.396796288781,518.916666666667,1.22048755038783,"",518.916666666667,1.00543885234373,27.6666666666667
"bactExtract_SC4_1-3_final_G08-G08.1-G08.2","NA",4.7472030752702,0.000839886528242248,0.48010226075267,17.9953796248508,1.44374904519983,268.237158066224,270,1.29774739638839,"",111.416666666667,1.34613146466793,20.3333333333333
"bactExtract_SC4_1-3_final_G09-G09.1-G09.2","NA",13.118942856163,0.0850187172379409,0.128762552990413,39.0830970239959,5.38314257105133,465.029898342904,466.458333333333,1.29151859581071,"",219.416666666667,1.31425304287515,27
"bactExtract_SC4_1-3_final_G10-G10.1-G10.2","NA",23.5242709202837,0.511896409401011,0.0772418542791738,49.2694683313332,8.97372528182346,627.385057163938,622.041666666667,1.32250608861403,"",556.583333333333,0.871050863345503,34.3333333333333
"bactExtract_SC4_1-3_final_G11-G11.1-G11.2","NA",7.55093238265343,0.544563758105955,0.129954807367677,19.657524329989,5.33375559242565,409.809275515931,410.458333333333,1.27483223725103,"",361.041666666667,1.36154851945861,22.6666666666667
"bactExtract_SC4_1-3_final_G12-G12.1-G12.2","NA",12580269909.1,1.92924849713116,0.0538668670105324,419.520685906347,12.8677834637091,1945.3726666714,1986.16666666667,2.44400005526791,"",1557.33333333333,1.25485630952971,125.666666666667
"bactExtract_SC4_1-3_final_H01-H01.1-H01.2","NA",105.171901372788,3.83663936611309,0.0760527154207443,43.0469524863307,9.11403592528244,3377.58380353609,3359.20833333333,2.23459691363578,"",3051.5,1.25819999611573,115
"bactExtract_SC4_1-3_final_H02-H02.1-H02.2","NA",4.20918535307155,0.95849769462041,0.0549265405124056,22.2343273666518,12.6195309971032,204.41686200143,205.25,0.861324788312258,"",108.833333333333,0.68752489175108,19
"bactExtract_SC4_1-3_final_H03-H03.1-H03.2","NA",5258104.82844195,0.386644610352592,0.0296892867275935,553.247729578652,23.3467104454122,105.911270356235,109.125,0.887926105878167,"",25.3333333333334,0.96482204899036,17.3333333333333
"bactExtract_SC4_1-3_final_H04-H04.1-H04.2","NA",2.09511535017625,0.453604928225776,0.18178499518761,7.07509147047664,3.8130054675007,138.450951977087,139.291666666667,0.957597613751745,"",91.0416666666667,1.15093564163566,15.6666666666667
"bactExtract_SC4_1-3_final_H05-H05.1-H05.2","NA",4.75430639039367,1.03383381130593,0.107581204381509,11.9033493431734,6.44301376383444,286.820131234033,287.875,1.04875427670508,"",213.625,1.24734321667892,19
"bactExtract_SC4_1-3_final_H06-H06.1-H06.2","NA",30.9134138929022,11.9266707338743,0.0775095155860318,5.99879735052613,8.94273658297587,1925.16196565834,1924.91666666667,2.04394848229168,"",1924.58333333333,0.364929778601984,90.6666666666667
"bactExtract_SC4_1-3_final_H07-H07.1-H07.2","NA",6.35849974109855,0.554287760010972,0.0707228856649648,33.2092665653048,9.80088940153811,259.068670073584,257.25,1.0012570901289,"",233.666666666667,0.909723263943605,20
"bactExtract_SC4_1-3_final_H08-H08.1-H08.2","NA",25.786499132378,2.03055244963471,0.0743798621295525,33.06708182371,9.31901674343848,1055.52645256513,1047.66666666667,1.62356993919583,"",1022.875,0.826605918245156,40
"bactExtract_SC4_1-3_final_H09-H09.1-H09.2","NA",7.93146231428488,0.712208416715978,0.0328023831422131,70.6087813661049,21.1310006823236,160.773845585264,161.875,0.939655414981073,"",92.9583333333333,1.0315022719975,18
"bactExtract_SC4_1-3_final_H10-H10.1-H10.2","NA",5.5190863187783,0.336566448468039,0.194291221549313,14.0729522290369,3.56756818466971,331.714970745833,334.083333333333,1.00667273312626,"",260.208333333333,0.976963851230297,20
"bactExtract_SC4_1-3_final_H11-H11.1-H11.2","NA",25.9316258666976,0.851801376530232,0.0603620633456975,56.0362823225259,11.4831591589281,586.337262772337,597.791666666667,1.81724353720138,"",337.166666666667,0.992897397661794,32.3333333333333
"bactExtract_SC4_1-3_final_H12-H12.1-H12.2","NA",25.1424896612895,2.44796959355916,0.112225021038325,19.8428525509873,6.17640499548879,1351.7526396579,1349.5,1.76523076229963,"",742.208333333333,0.880406152516137,46.6666666666667
"bactExtract_SC5_1-3_final_A01-A01.1-A01.2","NA",24338861.7635695,2.4736441260914,0.0190565943888149,844.951203356341,36.373087783554,407.061989354651,409.583333333333,1.75277378771734,"",45.5,1.21296356269008,27.3333333333333
"bactExtract_SC5_1-3_final_A02-A02.1-A02.2","NA",42.2878235916881,10.4761671435807,0.0256607222774333,43.285215597661,27.0119902731467,1461.9378008722,1463.08333333333,1.79051543655816,"",1462.41666666667,0.773624947697573,55
"bactExtract_SC5_1-3_final_A03-A03.1-A03.2","NA",314.36325340318,0.0595654437365665,0.118175070378312,72.5283202820932,5.86542642488796,2171.29420374021,2261.5,2.95789756010724,"",2014.95833333333,1.09337032089592,181.666666666667
"bactExtract_SC5_1-3_final_A04-A04.1-A04.2","NA",8727048.92516645,0.800011736889714,0.0247291277290908,655.302799131473,28.0295847129514,171.821342794529,173.708333333333,1.07305127061624,"",40.2083333333333,1.37533393569286,19
"bactExtract_SC5_1-3_final_A05-A05.1-A05.2","NA",114.881045770338,0.020053805325137,0.106311305988263,81.393591233946,6.51997615979309,423.842428117693,443.958333333333,1.4798980887677,"",342.833333333333,2.20510494745418,50.6666666666667
"bactExtract_SC5_1-3_final_A06-A06.1-A06.2","NA",2.87043554863516,0.106363363896118,0.0795597923228779,40.9452942516253,8.71227991328764,97.3710770212535,97.8333333333333,0.741351478017418,"",0.666666666666665,0.668336745773012,15.6666666666667
"bactExtract_SC5_1-3_final_A07-A07.1-A07.2","NA",57.4370312480138,0.0577440746228447,0.111606912324227,61.8368323486463,6.21061156630065,838.905547670511,860.25,1.59370719601913,"",835.416666666667,1.0315022719975,61.3333333333333
"bactExtract_SC5_1-3_final_A08-A08.1-A08.2","NA",19064708.5939818,0.689128794132483,0.0240911988765806,711.283677258682,28.7718010262148,143.546659437329,145.25,0.802971626780561,"",120.625,0.939527629005896,17.3333333333333
"bactExtract_SC5_1-3_final_A09-A09.1-A09.2","NA",2621176.90134308,0.402458502224115,0.0238004607639001,659.201402168755,29.1232672945262,82.6762538838973,84.375,0.810674262024009,"",17.2083333333333,1.24084326274337,16.3333333333333
"bactExtract_SC5_1-3_final_A10-A10.1-A10.2","NA",5.0111307907922,0.137952346053495,0.116258180105616,30.6610111300452,5.96213685721079,218.742536308598,218.708333333333,1.12514968320362,"",106,0.994024520015295,19.6666666666667
"bactExtract_SC5_1-3_final_A11-A11.1-A11.2","NA",7.98895531267911,1.63970973834552,0.0608868164872049,22.234973667598,11.3841915302898,392.735154814635,394.541666666667,1.53098564413617,"",128.208333333333,1.23516445303574,23.6666666666667
"bactExtract_SC5_1-3_final_A12-A12.1-A12.2","NA",7.14256815659718,2.14294621543836,0.0950544342005486,8.91258452637961,7.29210779475604,441.805918523762,442.708333333333,1.8488117598936,"",1.54166666666666,1.02157081277915,30
"bactExtract_SC5_1-3_final_B01-B01.1-B01.2","NA",0,0,0,0,0,0,0,0,"cannot fit data",0.0416666666666661,1.34613146466793,20.3333333333333
"bactExtract_SC5_1-3_final_B02-B02.1-B02.2","NA",4.37500412542055,0.684205148830192,0.0497872982121919,33.8508113734251,13.9221690159963,173.802956344618,174,1.05709333472083,"",104,1.31815428235279,19
"bactExtract_SC5_1-3_final_B03-B03.1-B03.2","NA",6008717.33344158,0.102977098105118,0.0602280236929031,296.904487513777,11.5087153464347,150.210488699883,153.666666666667,1.04992142199759,"",153.666666666667,1.65803382267596,21.6666666666667
"bactExtract_SC5_1-3_final_B04-B04.1-B04.2","NA",3.82426151991473,6.09087596620198e-12,0.950750664012232,28.5727852926687,0.729052533747195,175.637679922103,188.458333333333,1.34349557458116,"",188.458333333333,1.39347782514594,19.6666666666667
"bactExtract_SC5_1-3_final_B05-B05.1-B05.2","NA",4.1869328009431,0.049651244691111,0.0775974406091342,56.9963484364534,8.93260364154786,84.9892893639983,84.2916666666667,0.575294752140717,"",30.2083333333333,0.783119394793309,16
"bactExtract_SC5_1-3_final_B06-B06.1-B06.2","NA",99.9915205552781,2.38880042504847,0.0524163089641586,70.7816729334703,13.2238838303916,1471.09377565402,1441.375,3.40571135338962,"",1420.95833333333,1.34613146466793,71.6666666666667
"bactExtract_SC5_1-3_final_B07-B07.1-B07.2","NA",3.14339439822507,0.0208106375668044,0.0866137581388054,57.853993369312,8.00273761876401,59.7883904564052,59.5833333333333,0.742647648214117,"",59.5833333333333,1.20934136165741,16
"bactExtract_SC5_1-3_final_B08-B08.1-B08.2","NA",43.2701970482317,9.49426429677669,0.0296840117814621,42.7523291458802,23.3508592323366,1492.33560176689,1492.75,1.75098292390603,"",1492.29166666667,0.427529605629552,65.6666666666667
"bactExtract_SC5_1-3_final_B09-B09.1-B09.2","NA",2.97304700619218,0.1540463894268,0.0447262501642928,64.9927930941635,15.497547369024,58.1621783140161,58,0.728539867408027,"",39.5,1.00543885234373,15
"bactExtract_SC5_1-3_final_B10-B10.1-B10.2","NA",3.95579206236223,0.0166229887392005,0.0700512576816731,78.0562500212072,9.8948570446764,32.3072490048964,32.625,0.457033507989846,"",32.625,0.868414473947105,14
"bactExtract_SC5_1-3_final_B11-B11.1-B11.2","NA",8.81505529209652,1.19316434062035,0.0771620155714338,24.0327523047504,8.98301029887244,430.559424371949,433,1.58019624908667,"",43.875,1.15093564163566,23
"bactExtract_SC5_1-3_final_B12-B12.1-B12.2","NA",51376005.2669837,1.59922800073743,0.0309276576721166,558.890069745546,22.4118873762906,466.167319653166,471.791666666667,1.57289891488399,"",83.625,1.19155244498903,32
"bactExtract_SC5_1-3_final_C01-C01.1-C01.2","NA",12.2342155315321,2.55154298292344,0.0312110955286342,42.7296659347505,22.2083579195106,420.683717601571,420.041666666667,1.7602093515023,"",0,1.58594681351581,24.6666666666667
"bactExtract_SC5_1-3_final_C02-C02.1-C02.2","NA",3.54458288067361,0.156595772849508,0.0892419454513022,34.4493101879022,7.76705591809609,141.266616645029,144.125,1.04393599284994,"",144,1.51253703338403,18
"bactExtract_SC5_1-3_final_C03-C03.1-C03.2","NA",26.8794606576548,0.035355158215705,0.096143931596272,68.983628307503,7.20947405677783,277.274386696449,273.833333333333,1.09080523896364,"",273.833333333333,1.02706442266026,31.3333333333333
"bactExtract_SC5_1-3_final_C04-C04.1-C04.2","NA",28.4274580511493,13.5278280781445,0.0389830926911059,2.47767606485283,17.7807129375882,1619.0475602243,1619.83333333333,1.99667973432349,"",1618.91666666667,0.723406036006107,66.6666666666667
"bactExtract_SC5_1-3_final_C05-C05.1-C05.2","NA",47035.4203561552,0.0197286465656135,0.0424959128064457,345.547098328928,16.3109140334741,10.5435590313524,10.7916666666667,0.314494428096608,"",3.33333333333333,0.668336745773012,13
"bactExtract_SC5_1-3_final_C06-C06.1-C06.2","NA",2.27067676684757,0.000103560642284142,0.293209612242662,34.0895560618366,2.36399883093291,91.7587583362572,92.7083333333333,0.816966929146274,"",92.7083333333333,1.04131999659875,16
"bactExtract_SC5_1-3_final_C07-C07.1-C07.2","NA",3.31538327507041,0.068529595265079,0.0804460262820618,47.9598084153571,8.61630104797987,91.7357948256823,90.125,0.960650916682451,"",25.2083333333333,1.95116434590025,19
"bactExtract_SC5_1-3_final_C08-C08.1-C08.2","NA",22.808649495082,0.0768272570708691,0.105488899157684,53.9389607907006,6.57080684408162,491.639834159101,486.208333333333,1.07917408547294,"",486.208333333333,0.79554676017578,34.3333333333333
"bactExtract_SC5_1-3_final_C09-C09.1-C09.2","NA",3.23014199480787,0.000659187472378781,0.413041216940794,20.5713721492668,1.67815499308705,174.195529445507,176.416666666667,1.24765697848707,"",176.416666666667,1.37533393569286,19
"bactExtract_SC5_1-3_final_C10-C10.1-C10.2","NA",98.2381921810877,2.24774761591496,0.0778096694463767,48.2500442710853,8.90823962486609,2703.49928173375,2655.41666666667,3.37959343771548,"",2655.41666666667,1.27404445550778,107.666666666667
"bactExtract_SC5_1-3_final_C11-C11.1-C11.2","NA",6.34902886084852,0.418790228496366,0.0823028222883742,32.2036293829963,8.42191265484534,265.615009295847,268.125,1.23963478355385,"",196.958333333333,1.12585267064928,20.3333333333333
"bactExtract_SC5_1-3_final_C12-C12.1-C12.2","NA",28274876.4001369,1.97026954194013,0.0258350342307861,637.866922683559,26.8297372617359,446.382342228891,450.791666666667,1.63470635090017,"",215.25,1.48652203658859,28.3333333333333
"bactExtract_SC5_1-3_final_D01-D01.1-D01.2","NA",42.0551384578051,1.24593816113135,0.0494579702944987,70.5451263660521,14.0148731626588,651.046369235092,656.333333333333,1.66289029417985,"",238.083333333333,1.34613146466793,36.3333333333333
"bactExtract_SC5_1-3_final_D02-D02.1-D02.2","NA",1853431.32248742,0.269585995050036,0.0244390285730714,644.191601311786,28.3623049290798,57.0987459366607,58.625,0.715504211332373,"",1.83333333333333,0.868414473947105,15
"bactExtract_SC5_1-3_final_D03-D03.1-D03.2","NA",177.773107956815,0.274692785128189,0.121560247371147,53.2333864975081,5.70208761128655,3884.65507049877,3848.5,1.81087656681322,"",3827.79166666667,0.939527629005896,180.666666666667
"bactExtract_SC5_1-3_final_D04-D04.1-D04.2","NA",3.49159982944342,0.00663236517409844,0.1286828556969,48.6797753635115,5.38647651861709,91.0634573517842,88.9583333333333,0.842480202856418,"",88.9583333333333,1.17941064274909,17.3333333333333
"bactExtract_SC5_1-3_final_D05-D05.1-D05.2","NA",37.3765490305154,0.0109263222713579,0.131277246198687,61.9858494296702,5.28002529479385,517.999788752903,510.041666666667,1.14308464202772,"",510.041666666667,0.915531231236021,45.3333333333333
"bactExtract_SC5_1-3_final_D06-D06.1-D06.2","NA",54.5641419880873,0.0351465621388769,0.104436144075303,70.3488349015094,6.63704301510937,487.239979230966,474.666666666667,1.11858123932402,"",413.833333333333,0.96482204899036,46
"bactExtract_SC5_1-3_final_D07-D07.1-D07.2","NA",5.61994974177472,0.00725555762841841,0.10218750924119,65.0864125636534,6.78309106178455,70.6317672012573,69.8333333333333,0.737846236734059,"",69.8333333333333,0.96482204899036,17.3333333333333
"bactExtract_SC5_1-3_final_D08-D08.1-D08.2","NA",2.00568596677627,0.00496816315933571,0.148973754871242,40.263542501139,4.65281405546255,68.7159979533702,67.8333333333333,0.769715173086413,"",39.9166666666667,1.12140989310521,15.6666666666667
"bactExtract_SC5_1-3_final_D09-D09.1-D09.2","NA",3.3991812853766,0.0178767059823368,0.122788833351523,42.6954000421114,5.64503433773646,108.515515616346,106.291666666667,0.839804689543351,"",90.0833333333333,1.36154851945861,17.6666666666667
"bactExtract_SC5_1-3_final_D10-D10.1-D10.2","NA",2.25285029505793,0.00121179188276029,0.182554743502047,41.2331838132316,3.79692779964478,74.966919792591,74.1666666666667,0.863480241728704,"",74.1666666666667,1.15093564163566,17.3333333333333
"bactExtract_SC5_1-3_final_D11-D11.1-D11.2","NA",4.65294455100159,0.0210295082102647,0.164113813221146,32.872303479775,4.22357610828235,193.59350995435,194.041666666667,1.17120136431436,"",173.791666666667,1.54292789615015,19.6666666666667
"bactExtract_SC5_1-3_final_D12-D12.1-D12.2","NA",10.1403841842535,2.01746536214554,0.0496059685203848,28.0782260616058,13.9730601222937,444.866380143245,446.625,1.75812703410896,"",141.791666666667,1.26055128667257,25.6666666666667
"bactExtract_SC5_1-3_final_E01-E01.1-E01.2","NA",46.448960170068,1.20616629831143,0.0386467453568917,93.7878828159134,17.9354606489868,435.123324653554,439.833333333333,1.54856778366798,"",117.291666666667,1.23342765215442,27.3333333333333
"bactExtract_SC5_1-3_final_E02-E02.1-E02.2","NA",2.81424874634437,0.236857090623872,0.0724203703520779,32.9613919764731,9.57116315741207,115.356482573531,115.416666666667,1.03589336639924,"",115.416666666667,1.23342765215442,17
"bactExtract_SC5_1-3_final_E03-E03.1-E03.2","NA",5.25020220737151,0.070943507588469,0.0786357714735406,54.5621063277112,8.81465480113177,116.413621397715,113.75,0.987446387627841,"",96.8333333333333,1.06670683023558,18.6666666666667
"bactExtract_SC5_1-3_final_E04-E04.1-E04.2","NA",9.72265036969954,0.151169614459332,0.0923547333977093,44.9153017691093,7.50526968201001,292.628607879803,292.291666666667,1.25591140187974,"",199.125,1.41481505314873,22.6666666666667
"bactExtract_SC5_1-3_final_E05-E05.1-E05.2","NA",31.8375401322621,0.0404095090078744,0.120140028510149,55.5024523188546,5.76949405752299,630.247766874978,616.5,1.35069857561022,"",616.5,1.15093564163566,44
"bactExtract_SC5_1-3_final_E06-E06.1-E06.2","NA",7.50155908883413,0.000834572623491192,0.173735379269364,52.3991742419947,3.98967201427219,166.704342563152,165.416666666667,0.705643968146699,"",128.291666666667,0.682625049415039,21
"bactExtract_SC5_1-3_final_E07-E07.1-E07.2","NA",1.30953794161041,0.00195952894641828,0.115421717919322,56.3431923551304,6.00534451449116,25.0760314408911,24.3333333333333,0.504559250685644,"",24.3333333333333,0.823556588244413,14.3333333333333
"bactExtract_SC5_1-3_final_E08-E08.1-E08.2","NA",2.34519585450989,0.00369736211183337,0.13744573043027,46.9343554138017,5.04306083855836,65.0016246605306,63.3333333333333,0.756067143717657,"",63.3333333333333,1.29538168351057,16.3333333333333
"bactExtract_SC5_1-3_final_E09-E09.1-E09.2","NA",6.3044771024167,0.00917074304562847,0.151331402113364,43.1605153202401,4.58032616416717,197.879935812173,194.625,1.06787373716768,"",194.625,1.20463739783825,21
"bactExtract_SC5_1-3_final_E10-E10.1-E10.2","NA",132.713185934497,2.57215034150954,0.0912309650193266,43.0103583022949,7.59771838885084,4230.62557054353,4163,4.25452676008576,"",3844.125,0.760311388764618,146.333333333333
"bactExtract_SC5_1-3_final_E11-E11.1-E11.2","NA",47.4694263171731,0.0134890651901777,0.106629099415904,76.5801980520845,6.50054426377874,261.809932744416,267.541666666667,0.91917890830212,"",267.541666666667,1.17525620751877,32.3333333333333
"bactExtract_SC5_1-3_final_E12-E12.1-E12.2","NA",22.7708346352196,1.10964604388913,0.137031419032535,21.684669478724,5.05830841900116,1194.46691848862,1193.875,2.27286602995423,"",811,0.868414473947103,43.6666666666667
"bactExtract_SC5_1-3_final_F01-F01.1-F01.2","NA",20.5302488117478,1.8942981547059,0.0570768449586333,40.0555452016245,12.1441046901297,719.468343861121,721.875,1.95474013880579,"",404.458333333333,1.55813978051246,34.3333333333333
"bactExtract_SC5_1-3_final_F02-F02.1-F02.2","NA",28581409.7212872,0.463177210305366,0.0471864443440193,380.149698548932,14.6895404007655,320.283205728721,326.75,1.3056502062189,"",326.5,1.51253703338403,28
"bactExtract_SC5_1-3_final_F03-F03.1-F03.2","NA",5.86246711006747,0.193704185640497,0.0877968908569325,38.4568745178463,7.89489438401012,211.820405614496,209.416666666667,1.21823304420932,"",209.416666666667,1.15093564163566,19.3333333333333
"bactExtract_SC5_1-3_final_F04-F04.1-F04.2","NA",2.26617270852512,0.0152442982181836,0.0936249963257765,53.3499886473314,7.40344147142156,50.8961884792848,50,0.679433174253654,"",50,1.17941064274909,15.6666666666667
"bactExtract_SC5_1-3_final_F05-F05.1-F05.2","NA",69.57047420395,0.117944296630241,0.0764075780354962,83.4758343178159,9.07170726230759,369.867086033917,359.958333333333,1.15205373660093,"",344.25,1.19718726390263,36.3333333333333
"bactExtract_SC5_1-3_final_F06-F06.1-F06.2","NA",4.92492502531067,0.0324461330924007,0.0788216400642605,63.6357364539916,8.79386904401947,75.209468141617,73.4583333333333,0.729629081817445,"",46.9166666666667,1.20934136165741,18.3333333333333
"bactExtract_SC5_1-3_final_F07-F07.1-F07.2","NA",9.82180480979374,0.00415508758190044,0.137014794944739,56.6917137178556,5.05892214661568,180.869810616687,179.166666666667,0.886835963334826,"",179.166666666667,0.802827418722508,24
"bactExtract_SC5_1-3_final_F08-F08.1-F08.2","NA",3.26994107846873,0.00610924188826617,0.234560616722615,26.7771060358798,2.95508764533836,156.025173315157,155.416666666667,1.1355094546617,"",100.625,1.73485649093445,18.3333333333333
"bactExtract_SC5_1-3_final_F09-F09.1-F09.2","NA",4.27773455130963,0.0225163955991166,0.129276911354232,40.54596848026,5.36172448195835,145.479728934524,149,0.996142274022583,"",36.9583333333334,1.33106281872841,19
"bactExtract_SC5_1-3_final_F10-F10.1-F10.2","NA",6.88183146521075,0.320951578049435,0.0648315259894609,46.5450981058383,10.6915141974697,203.364596052058,203.583333333333,1.19335146788771,"",78.8333333333333,1.07324930228608,19.3333333333333
"bactExtract_SC5_1-3_final_F11-F11.1-F11.2","NA",11.4849532533045,1.47769263525015,0.0418500927851136,45.7066860085224,16.5626199234259,364.828992376369,365.083333333333,1.36808738428412,"",222.291666666667,1.22714215083436,23.6666666666667
"bactExtract_SC5_1-3_final_F12-F12.1-F12.2","NA",22.3981390812204,3.62660947449818,0.06215723381262,26.449747773503,11.1515126726765,1030.32340619664,1023.66666666667,2.63943031461384,"",571.416666666667,1.17525620751877,41.6666666666667
"bactExtract_SC5_1-3_final_G01-G01.1-G01.2","NA",30188936.4961275,3.79504745373837,0.0181205902050417,876.863769528811,38.2519097179897,598.42581037406,600.5,1.80126304023545,"",53.25,1.25171479325735,31.6666666666667
"bactExtract_SC5_1-3_final_G02-G02.1-G02.2","NA",6.61069554869444,1.38439998871097,0.0370829166268418,35.823393017393,18.6918194039307,251.891105094177,252.291666666667,1.26322424098814,"",111.833333333333,1.41481505314873,19.3333333333333
"bactExtract_SC5_1-3_final_G03-G03.1-G03.2","NA",4.8524367227122,0.0971154040700958,0.0880233636009423,44.2055311726295,7.87458184059357,149.590853384145,152.291666666667,1.11620915676744,"",152.291666666667,1.30192415556107,19
"bactExtract_SC5_1-3_final_G04-G04.1-G04.2","NA",4737898.45756265,0.486428328564427,0.0262472875572719,613.083153942189,26.4083356822106,112.435030810253,113.916666666667,0.986050336939832,"",36.9583333333333,1.28386218010903,17
"bactExtract_SC5_1-3_final_G05-G05.1-G05.2","NA",24.1587304395515,0.607841035436969,0.0583802138839467,62.6411797620806,11.8729811771133,443.851516925224,446.041666666667,1.17012090010442,"",312.041666666667,0.808252125678783,29
"bactExtract_SC5_1-3_final_G06-G06.1-G06.2","NA",7.14759583430101,7.87408017288899e-05,0.171210125452895,66.6789659611051,4.04851745027575,65.618893953874,75.75,0.757566138113238,"",36.125,1.01530499980331,19.3333333333333
"bactExtract_SC5_1-3_final_G07-G07.1-G07.2","NA",14.941180427587,0.0710435892020725,0.106530735417463,50.1622052987608,6.5065464707786,373.08604212914,378.958333333333,1.30785824847403,"",300.25,1.12140989310521,29.6666666666667
"bactExtract_SC5_1-3_final_G08-G08.1-G08.2","NA",5.99821053990825,0.0283120413526069,0.16664860838216,32.1106671854594,4.15933374595252,254.120619791036,253.833333333333,1.09762914217748,"",148.708333333333,1.31425304287515,20.3333333333333
"bactExtract_SC5_1-3_final_G09-G09.1-G09.2","NA",6.61641771343578,0.0280948337795827,0.101195612538299,53.9298913786813,6.84957739939182,143.507455208599,145.083333333333,0.912922679013182,"",126.25,1.17941064274909,19.3333333333333
"bactExtract_SC5_1-3_final_G10-G10.1-G10.2","NA",12.2254885313722,0.0526061885903495,0.112316374400252,48.4714028597933,6.17138137035867,323.441582977571,326.541666666667,1.19357124757022,"",188.666666666667,1.23342765215442,24.6666666666667
"bactExtract_SC5_1-3_final_G11-G11.1-G11.2","NA",12.6813626965988,1.28484430952863,0.0413066901694468,52.8406014631404,16.7805064437877,347.083844483054,348.166666666667,1.40839947027064,"",228.916666666667,1.50618163765945,22
"bactExtract_SC5_1-3_final_G12-G12.1-G12.2","NA",262102837.073364,1.23807222416804,0.0427394359049314,448.54808141581,16.2179768142417,670.469742690996,694.333333333333,1.99093822964845,"",336.041666666667,1.20934136165741,48.6666666666667
"bactExtract_SC5_1-3_final_H01-H01.1-H01.2","NA",18754627.768879,3.70394711169764,0.00278651939410212,5540.08412482764,248.750172716201,306.675752635586,306.083333333333,1.78778982155655,"",0.625,1.39347782514594,22.6666666666667
"bactExtract_SC5_1-3_final_H02-H02.1-H02.2","NA",0,0,0,0,0,0,0,0,"cannot fit data",42.5,1.15093564163566,20.3333333333333
"bactExtract_SC5_1-3_final_H03-H03.1-H03.2","NA",6720534.2671051,1.22610829822778,0.0158522377542066,978.84179529123,43.725510007318,174.616700822906,176.208333333333,1.41241926305459,"",48.0416666666667,2.02074385214704,19.6666666666667
"bactExtract_SC5_1-3_final_H04-H04.1-H04.2","NA",3.67361911428578,1.71008876159548,0.0359498735585158,3.84420759145013,19.2809351452017,203.305594581403,203.041666666667,1.3735372771293,"",6.20833333333333,1.49904386454881,19
"bactExtract_SC5_1-3_final_H05-H05.1-H05.2","NA",12.0222324586584,2.60023677507506,0.0196486014404113,65.5234632268116,35.2771764780342,331.328291947855,331.333333333333,1.48441366575955,"",208.791666666667,1.40584482345513,21.3333333333333
"bactExtract_SC5_1-3_final_H06-H06.1-H06.2","NA",20.3481264932101,8.33703266942933,0.147136248466983,2.48153227913454,4.71092057723278,1392.54130455038,1392.875,1.63258318596103,"",1392.54166666667,0.287170466023876,87.3333333333333
"bactExtract_SC5_1-3_final_H07-H07.1-H07.2","NA",9.87145962604328,0.420723591649307,0.0856329057622859,36.3396735266082,8.09440219725929,375.986665622685,379.333333333333,1.53912681910435,"",216,1.39347782514594,28.6666666666667
"bactExtract_SC5_1-3_final_H08-H08.1-H08.2","NA",30.8774879304971,1.94294339847544,0.0415657077519123,64.9774128946054,16.6759383647944,628.102350262972,626.583333333333,1.81952241758899,"",418.791666666667,1.32120477488891,33
"bactExtract_SC5_1-3_final_H09-H09.1-H09.2","NA",5313942.27827385,1.22117395462352,0.0181896172533144,840.371264903489,38.1067490814654,193.166419514219,194.666666666667,1.34780752937965,"",51.4166666666667,1.37533393569286,19
"bactExtract_SC5_1-3_final_H10-H10.1-H10.2","NA",58.5266584137071,1.03348360471443,0.0729038197055491,55.1237373000218,9.50769360726906,1294.68334537926,1293.875,1.75484211159059,"",981.25,1.20934136165741,62.6666666666667
"bactExtract_SC5_1-3_final_H11-H11.1-H11.2","NA",20.9313752584822,2.30366418522535,0.0451498915389246,46.2935627116769,15.3521339018582,650.732304811208,655.541666666667,2.01532939744466,"",180.791666666667,1.25485630952971,31
"bactExtract_SC5_1-3_final_H12-H12.1-H12.2","NA",16.4743486238602,3.10213113862985,0.0322456732295477,45.3111920746844,21.4958197841189,542.578080584221,543.166666666667,1.69171674554123,"",146.333333333333,1.37202618786716,30
"bactExtract_SC6_1-3_final_A01-A01.1-A01.2","NA",9.3518332791603,1.86444867909819,0.101259085119597,13.7296732867622,6.84528385518464,547.97458841268,548.875,1.55676336575626,"",352.791666666667,0.991523287819228,33
"bactExtract_SC6_1-3_final_A02-A02.1-A02.2","NA",26.2920184466855,6.74495717528761,0.0513918560257844,20.7042496279039,13.4874907069357,1293.99512836983,1293.95833333333,1.62170223983701,"",1293.70833333333,0.405087915200216,60.3333333333333
"bactExtract_SC6_1-3_final_A03-A03.1-A03.2","NA",139.501856090752,1.62034069512465,0.0789236175345876,56.3045440429795,8.78250645639982,2894.82478797671,2906.41666666667,2.0100795835797,"",2619.54166666667,1.0315022719975,125.666666666667
"bactExtract_SC6_1-3_final_A04-A04.1-A04.2","NA",8.76256916774534,2.05082812172877,0.0812926550572111,14.5845244375302,8.52656590035263,497.096651684704,496.25,1.46074142341172,"",278.625,1.37961049491065,25.3333333333333
"bactExtract_SC6_1-3_final_A05-A05.1-A05.2","NA",301.45594354262,1.34070839420823,0.0567367389889452,95.3697460907681,12.2169020093841,1394.89824526443,1394.625,1.45630471028397,"",1250,0.984709682821822,83.6666666666667
"bactExtract_SC6_1-3_final_A06-A06.1-A06.2","NA",5.25782533282399,0.248557784399884,0.19113335017998,15.7134776915805,3.62651091453817,307.757444413608,308.041666666667,1.42085259006909,"",19.0833333333334,1.17525620751877,20.6666666666667
"bactExtract_SC6_1-3_final_A07-A07.1-A07.2","NA",145.251307115608,1.50723810708749,0.069708315572048,65.3832397823357,9.94353650452984,2188.15845649283,2179.875,1.71543745407819,"",2130.33333333333,1.15093564163566,110.333333333333
"bactExtract_SC6_1-3_final_A08-A08.1-A08.2","NA",23.0843904884955,1.49011402794048,0.0549781750236045,48.6297636089753,12.6076789610122,659.894427797534,655.958333333333,1.53288219366507,"",515.666666666667,1.09794518790935,35
"bactExtract_SC6_1-3_final_A09-A09.1-A09.2","NA",16.6732328406287,1.20297245771621,0.0428181179203059,59.6505422916483,16.1881748714422,383.898518836305,383.166666666667,1.36333192601041,"",155.416666666667,1.35827326690787,25.3333333333333
"bactExtract_SC6_1-3_final_A10-A10.1-A10.2","NA",9.75221725645087,0.722912284754344,0.128556812581027,19.6406766034216,5.39175767229813,529.223025251731,525.416666666667,1.50914314167561,"",454.166666666667,1.28386218010903,28.6666666666667
"bactExtract_SC6_1-3_final_A11-A11.1-A11.2","NA",11.8753304472585,2.30014938858331,0.079018675324565,18.0489025685168,8.77194128745996,639.747240601794,639.041666666667,1.61367413627999,"",292.5,1.58594681351581,27
"bactExtract_SC6_1-3_final_A12-A12.1-A12.2","NA",13.2726584134325,3.96928904321726,0.088236625337492,9.65347023201432,7.85554952842723,807.728374830867,807.708333333333,1.77637917788749,"",171.333333333333,1.93405503642897,30.3333333333333
"bactExtract_SC6_1-3_final_B01-B01.1-B01.2","NA",0,0,0,0,0,0,0,0,"cannot fit data",0.750000000000001,1.74158604805909,22.6666666666667
"bactExtract_SC6_1-3_final_B02-B02.1-B02.2","NA",8.56443234107574,1.32655597483359,0.102127056169637,16.6140278231528,6.78710624350709,481.874344361933,481.541666666667,1.46246064568678,"",407.25,1.24734321667892,24.3333333333333
"bactExtract_SC6_1-3_final_B03-B03.1-B03.2","NA",68.5040629622557,1.09047960222037,0.0781853860054448,52.7493581646064,8.86543145686682,1622.8788712144,1602.375,1.85339399403855,"",1602.25,1.07884863247551,74.6666666666667
"bactExtract_SC6_1-3_final_B04-B04.1-B04.2","NA",7.18267086011068,0.690771053881646,0.11440061006063,19.5847037076625,6.05894654051749,388.207136973295,386.791666666667,1.35713827378468,"",386.708333333333,1.58153587506757,21.6666666666667
"bactExtract_SC6_1-3_final_B05-B05.1-B05.2","NA",19.0945991665747,0.725730754426882,0.0578649540758037,55.8409410977331,11.9787044097869,440.002651065099,435.25,1.28798125066727,"",412.291666666667,1.15093564163566,28
"bactExtract_SC6_1-3_final_B06-B06.1-B06.2","NA",58.8495288129104,3.18968958546357,0.0684298788282174,41.784894451823,10.1293059761217,1964.45473734004,1931.16666666667,3.5126301743048,"",1886.83333333333,1.02157081277915,74.6666666666667
"bactExtract_SC6_1-3_final_B07-B07.1-B07.2","NA",6.16421093714363,0.312571618306878,0.121286599409314,24.1547171672638,5.71495271477385,307.80733327171,304.125,1.36637870934584,"",304.125,1.22714215083436,21.6666666666667
"bactExtract_SC6_1-3_final_B08-B08.1-B08.2","NA",34.1717501243413,7.08376701372675,0.04568553255484,29.3590617551512,15.172137475423,1458.31849825168,1457.91666666667,1.75365841381669,"",1457.91666666667,0.419191326173724,71
"bactExtract_SC6_1-3_final_B09-B09.1-B09.2","NA",6.78349654109689,0.374926484547373,0.139609423083126,20.3328788035472,4.9649025492157,364.705117806644,362.916666666667,1.27859779747351,"",338.666666666667,1.15093564163566,21.3333333333333
"bactExtract_SC6_1-3_final_B10-B10.1-B10.2","NA",5.16332321094145,1.09273901428667,0.055037796779859,23.894472561054,12.5940212202245,244.602439275533,243.416666666667,1.33016917109931,"",219.291666666667,1.31425304287515,19.3333333333333
"bactExtract_SC6_1-3_final_B11-B11.1-B11.2","NA",11.5874676371073,1.21123534663949,0.12277341998363,17.4946421456925,5.64574303340548,650.213624574912,649.375,1.54451344114597,"",394.708333333333,1.58153587506757,26.6666666666667
"bactExtract_SC6_1-3_final_B12-B12.1-B12.2","NA",56.3574665279274,2.5076070114889,0.0600880794844813,51.0395889601993,11.5355189666024,1484.42180259069,1480,1.60171548401107,"",1075,1.17215967426257,63.6666666666667
"bactExtract_SC6_1-3_final_C01-C01.1-C01.2","NA",10.0343508095859,1.98653233586028,0.0927896971210492,15.0772179144089,7.47008775829602,572.84675741638,573.875,1.6785076169033,"",208.583333333333,1.30192415556107,26
"bactExtract_SC6_1-3_final_C02-C02.1-C02.2","NA",8.53856945790456,0.405314769140188,0.113141053054125,26.507199634486,6.12639852510787,406.449735647181,409.083333333333,1.35438552710719,"",384.041666666667,1.48652203658859,22.6666666666667
"bactExtract_SC6_1-3_final_C03-C03.1-C03.2","NA",39.4396319679419,0.456878521070522,0.0661262722384954,67.2419133899498,10.482175345678,566.603006393668,557.5,1.27907810997665,"",557.5,0.939527629005896,39.3333333333333
"bactExtract_SC6_1-3_final_C04-C04.1-C04.2","NA",35.8728619604909,14.0542957943745,0.0310247145794435,14.176864243902,22.3417746127861,1754.55270143491,1755.33333333333,2.12699997827217,"",1754.70833333333,0.482598895862649,73.3333333333333
"bactExtract_SC6_1-3_final_C05-C05.1-C05.2","NA",5.17413432413209,0.261602099141718,0.0551882512418561,53.1402989977936,12.5596873421901,130.801351311061,128.958333333333,0.765458905815075,"",128.958333333333,0.764358653416606,17
"bactExtract_SC6_1-3_final_C06-C06.1-C06.2","NA",6.72375341592567,0.274014022161768,0.108207006234014,29.1904917619052,6.40575138971045,302.524315050151,298.375,1.26508991924315,"",298.375,1.72344215860602,21.6666666666667
"bactExtract_SC6_1-3_final_C07-C07.1-C07.2","NA",8.12006510846807,0.253821546832819,0.089987739667334,38.1574699006752,7.70268464484569,295.602752278596,291.708333333333,1.27162090428598,"",291.708333333333,1.22174670730953,23.3333333333333
"bactExtract_SC6_1-3_final_C08-C08.1-C08.2","NA",24.1882299932851,0.394184297717504,0.0911584316698394,44.9807221532195,7.60376377547179,727.070313949593,723.166666666667,1.29084915165109,"",657.541666666667,0.892735039830216,39.6666666666667
"bactExtract_SC6_1-3_final_C09-C09.1-C09.2","NA",7.00117212628673,0.0354643518664898,0.293757275506767,17.9747938888661,2.35959153476006,395.621665434412,395.333333333333,1.45549654440095,"",395.333333333333,1.30697238432843,21.6666666666667
"bactExtract_SC6_1-3_final_C10-C10.1-C10.2","NA",112.663274370715,3.74312279797845,0.0645477078482638,52.2202094545798,10.7385250951028,2822.90270928138,2791.25,2.72314318084937,"",2721.125,1.06670683023558,111.333333333333
"bactExtract_SC6_1-3_final_C11-C11.1-C11.2","NA",10.585532600588,0.691621024823807,0.147363094948368,18.0549730033131,4.70366872250347,592.664547896587,594.458333333333,1.56869890669263,"",325.125,1.34613146466793,26
"bactExtract_SC6_1-3_final_C12-C12.1-C12.2","NA",30.3458718114886,2.12961505969383,0.0536302491075788,48.1809630788649,12.9245564228042,880.941709113852,884.875,1.75741328489412,"",619.25,1.52336443043192,40.3333333333333
"bactExtract_SC6_1-3_final_D01-D01.1-D01.2","NA",45.961684846374,1.54693474225398,0.0734448720947442,45.7117854627876,9.43765249758734,1373.04838630811,1366.41666666667,1.59784454466582,"",967.541666666667,0.843036006089879,56.6666666666667
"bactExtract_SC6_1-3_final_D02-D02.1-D02.2","NA",14.7488449466889,0.427697157252305,0.041632723350592,84.3345555853043,16.6490953455748,169.978040597955,170.333333333333,0.962100418638782,"",170.333333333333,1.04131999659875,18.6666666666667
"bactExtract_SC6_1-3_final_D03-D03.1-D03.2","NA",109.887642542266,2.33372901216026,0.0840907948404183,45.5522489432613,8.24284253556352,3262.7603475979,3206.125,3.76356178682093,"",3206.125,1.05679669198197,120.666666666667
"bactExtract_SC6_1-3_final_D04-D04.1-D04.2","NA",7.86652510603545,0.0177816081483967,0.195494307932082,31.1515159974891,3.5456131070617,340.919276407937,340.291666666667,1.15752983379393,"",340.291666666667,1.21296356269008,22
"bactExtract_SC6_1-3_final_D05-D05.1-D05.2","NA",41.5010483465723,1.004573525639,0.0695878498220755,53.1220872532699,9.9607500782422,994.062913501544,987.208333333333,1.34460850979316,"",987.208333333333,0.950857913461565,46.6666666666667
"bactExtract_SC6_1-3_final_D06-D06.1-D06.2","NA",70.7703639983233,0.345256835627133,0.0898106519451219,59.2136501413189,7.71787271941292,1255.92884670151,1240.29166666667,1.37660049959935,"",1240.29166666667,0.845388679352204,71
"bactExtract_SC6_1-3_final_D07-D07.1-D07.2","NA",15.0173795651154,0.373862988827853,0.077699779166205,47.2055855379007,8.92083848883608,426.911090836724,419.791666666667,1.2523581224409,"",419.791666666667,1.02706442266026,27.6666666666667
"bactExtract_SC6_1-3_final_D08-D08.1-D08.2","NA",3.9909757285727,0.0230632229326888,0.160307704224129,32.1117202389118,4.32385445175389,169.05415690152,167.25,1.09887123868487,"",167.25,1.34613146466793,18.6666666666667
"bactExtract_SC6_1-3_final_D09-D09.1-D09.2","NA",4.7115102551152,0.0589080259860026,0.159756823689391,27.3490954209444,4.33876415762749,221.796693116018,219.583333333333,1.12411106066009,"",219.583333333333,1.27404445550778,19
"bactExtract_SC6_1-3_final_D10-D10.1-D10.2","NA",4.38122600057253,0.0884699912764336,0.129071859991253,30.0764304429833,5.37024244174461,194.046871095273,192.291666666667,1.22837064837409,"",192.291666666667,1.29538168351057,20
"bactExtract_SC6_1-3_final_D11-D11.1-D11.2","NA",6.48294480464166,0.111245417945765,0.173392917722747,23.3451447305746,3.99755185888434,330.992209727629,328.916666666667,1.33950804645285,"",328.916666666667,1.34613146466793,21.3333333333333
"bactExtract_SC6_1-3_final_D12-D12.1-D12.2","NA",11.83602743852,0.875884428602166,0.129372591684713,19.5310801495856,5.35775910131859,643.654400012335,647.541666666667,1.60355242691695,"",433.833333333333,1.13165502230783,31.6666666666667
"bactExtract_SC6_1-3_final_E01-E01.1-E01.2","NA",35.6411327244774,1.89944107732032,0.0660058220252587,43.5897084870748,10.5013036621936,1138.0971529029,1138.79166666667,1.57142202491938,"",854.916666666667,1.22714215083436,47.6666666666667
"bactExtract_SC6_1-3_final_E02-E02.1-E02.2","NA",3.23926111264418,0.216150746151546,0.0908293333194433,29.0442012895589,7.63131419364461,145.350063806833,144.041666666667,1.20445069049112,"",144.041666666667,1.47116416449552,18.6666666666667
"bactExtract_SC6_1-3_final_E03-E03.1-E03.2","NA",5.4840852719774,0.115417932446583,0.124776190714608,30.7733008293387,5.55512375069482,239.053364485077,237.125,1.27281191557272,"",237.125,1.46400083085876,21.3333333333333
"bactExtract_SC6_1-3_final_E04-E04.1-E04.2","NA",8.33830823521099,0.422853072402243,0.105294472740521,27.8224262739458,6.5829398497306,385.669542235069,382.208333333333,1.34295350432339,"",359.083333333333,1.39347782514594,22.6666666666667
"bactExtract_SC6_1-3_final_E05-E05.1-E05.2","NA",28.3378898791811,0.183275830609463,0.0993660425229849,50.6659429371584,6.97569474400281,699.084011710249,688.166666666667,1.47093606058286,"",688.166666666667,1.54292789615015,41.6666666666667
"bactExtract_SC6_1-3_final_E06-E06.1-E06.2","NA",16.7201432960711,0.243082921447976,0.118024476272978,35.7241304491505,5.87291045424147,647.713798173679,637.875,1.40078681351537,"",637.875,0.834329319808469,32.3333333333333
"bactExtract_SC6_1-3_final_E07-E07.1-E07.2","NA",6.53336571430487,0.210603380837569,0.0521528103893426,65.2301341270528,13.2906966160656,116.634799933779,114.166666666667,0.96550159473092,"",114.166666666667,1.22714215083436,19.6666666666667
"bactExtract_SC6_1-3_final_E08-E08.1-E08.2","NA",4.22193594910792,0.0153994166252984,0.167795362592787,33.4339709858932,4.13090785018955,173.311782715177,173.833333333333,1.08181718628701,"",173.833333333333,1.28386218010903,18.6666666666667
"bactExtract_SC6_1-3_final_E09-E09.1-E09.2","NA",9.22413159905373,0.0771483602484004,0.137108820315809,34.8296270635092,5.05545288015306,365.65125079981,366.291666666667,1.25334784501465,"",366.291666666667,1.79842439459662,23.6666666666667
"bactExtract_SC6_1-3_final_E10-E10.1-E10.2","NA",115.902485862582,2.70033946277023,0.0762341115116861,49.004278538571,9.09234943275611,3122.62220010921,3077.58333333333,3.04991777924369,"",3077.58333333333,1.02391796495401,119.666666666667
"bactExtract_SC6_1-3_final_E11-E11.1-E11.2","NA",289.187783455945,1.36768473878754,0.0490642219665099,109.024785776415,14.127344789714,966.539377418318,951.625,1.85279145474442,"",951.625,0.892735039830216,59
"bactExtract_SC6_1-3_final_E12-E12.1-E12.2","NA",37.3867933620762,2.72172567738892,0.0903449166061933,28.1639129367749,7.6722322250993,1707.32310079556,1695.20833333333,2.13508781311835,"",1411.41666666667,1.17716997018013,54.3333333333333
"bactExtract_SC6_1-3_final_F01-F01.1-F01.2","NA",23.2567041722152,2.43373539262126,0.0581291844098029,36.9285994946392,11.9242543585912,872.248451815014,870.333333333333,1.64142436391364,"",722.791666666667,1.42695685538867,35.3333333333333
"bactExtract_SC6_1-3_final_F02-F02.1-F02.2","NA",28.2602599144739,0.425249966368571,0.0678212112831595,61.6528756522173,10.2202123413278,502.391075184744,500.708333333333,1.22739336218561,"",432.25,0.950857913461565,33.6666666666667
"bactExtract_SC6_1-3_final_F03-F03.1-F03.2","NA",7.90913620233891,0.368894544137641,0.0833260111441365,36.2131662642254,8.31849708203296,302.110647104333,298.5,1.25919443990779,"",298.5,1.29132621355632,21.6666666666667
"bactExtract_SC6_1-3_final_F04-F04.1-F04.2","NA",17.4263126123159,0.138284326075836,0.0642567918243686,75.1431482620158,10.787142664304,180.27352002631,179.25,0.953753179574773,"",179.25,1.32877473129556,22.3333333333333
"bactExtract_SC6_1-3_final_F05-F05.1-F05.2","NA",57.4944272909545,0.130838374500556,0.0807105765820073,75.3705712458547,8.5880588383068,467.555625594817,458.916666666667,1.14829809535512,"",458.916666666667,1.47116416449552,42.6666666666667
"bactExtract_SC6_1-3_final_F06-F06.1-F06.2","NA",4.94444961127115,0.0538390510771468,0.0846276724004255,53.2813114835651,8.19054998086489,113.248718753843,117.5,1.05526418811344,"",117.5,2.45790802596409,20.3333333333333
"bactExtract_SC6_1-3_final_F07-F07.1-F07.2","NA",12.144445886748,0.0586782033117003,0.108176297118905,49.2503036458008,6.40756985606607,313.183079637125,309.875,0.978774955746736,"",309.875,1.04131999659875,27
"bactExtract_SC6_1-3_final_F08-F08.1-F08.2","NA",3.10581754481738,0.00852493862584308,0.13594725456004,43.3645228900473,5.09864787489197,96.9674710755924,97.7916666666667,0.845798931420591,"",97.7916666666667,0.913199129294558,17.6666666666667
"bactExtract_SC6_1-3_final_F09-F09.1-F09.2","NA",4.65051144904072,0.0771076342768345,0.143726762365353,28.4067536425884,4.8226730300789,213.85909368714,215.791666666667,0.83536982346976,"",215.791666666667,0.994024520015295,17.6666666666667
"bactExtract_SC6_1-3_final_F10-F10.1-F10.2","NA",6.56217089453402,0.454392894778936,0.0682570847279622,38.0671999020016,10.1549485056749,239.860736841144,239.625,1.24324437854766,"",239.625,1.75333560354473,20.6666666666667
"bactExtract_SC6_1-3_final_F11-F11.1-F11.2","NA",8.90666256640612,1.36626926329102,0.0617635825190223,27.6569203632484,11.222587037377,400.977000831145,400.208333333333,1.38294826710993,"",256.333333333333,1.21706476322072,24
"bactExtract_SC6_1-3_final_F12-F12.1-F12.2","NA",35.1689771471449,3.36123240197533,0.0924267719573911,24.3154885208774,7.49941998276741,1730.37737630277,1718.5,2.30321986555413,"",1546.66666666667,1.05679669198197,52.6666666666667
"bactExtract_SC6_1-3_final_G01-G01.1-G01.2","NA",24.5327083511968,2.4752868453784,0.0534922974333839,40.8898652705581,12.9578876551928,846.066143583163,845.958333333333,1.54392454186542,"",559.208333333333,1.42695685538867,38
"bactExtract_SC6_1-3_final_G02-G02.1-G02.2","NA",7.96503593244064,1.08791430557598,0.0765838306855683,24.077377660996,9.05082932461048,388.508875792277,389.625,1.21023204231818,"",291.166666666667,0.958864161415276,23
"bactExtract_SC6_1-3_final_G03-G03.1-G03.2","NA",5.63536764734292,0.24180711216507,0.0869372998241927,35.7133322818943,7.97295501426486,217.921674250283,216.958333333333,1.15624045545805,"",216.958333333333,1.20934136165741,20.6666666666667
"bactExtract_SC6_1-3_final_G04-G04.1-G04.2","NA",24.2098810778685,0.40128586371751,0.0753334051370678,54.200761004419,9.20105999853287,549.106676365292,548.875,1.21948307369597,"",548.875,1.03563311466423,33
"bactExtract_SC6_1-3_final_G05-G05.1-G05.2","NA",26.9720628390306,0.149085152574049,0.0948633500951986,54.7365925177702,7.30679635353747,572.056768646913,570.708333333333,1.06977960505969,"",570.625,0.746478307375718,38.6666666666667
"bactExtract_SC6_1-3_final_G06-G06.1-G06.2","NA",40.8754148525641,0.339178743210299,0.0771836868659739,61.9745509902434,8.98048808893471,678.26128243522,674.291666666667,1.34145456384803,"",674.291666666667,1.25722289981895,44
"bactExtract_SC6_1-3_final_G07-G07.1-G07.2","NA",21.0261346790432,0.307439965049015,0.113985423198212,36.9390378808858,6.0810159853038,789.577171328946,790,1.26959144087881,"",765.875,1.06670683023558,34.6666666666667
"bactExtract_SC6_1-3_final_G08-G08.1-G08.2","NA",4.9635999759871,0.0152737695226211,0.24197025717848,23.8899928398198,2.86459661878473,251.144709038264,251,1.19454997745505,"",251,1.200634675376,20.3333333333333
"bactExtract_SC6_1-3_final_G09-G09.1-G09.2","NA",13.729500898756,0.173700082009975,0.0956611240893039,45.5486984430979,7.24586071048947,404.386529455227,404.75,1.37883066033851,"",404.75,1.42695685538867,27.3333333333333
"bactExtract_SC6_1-3_final_G10-G10.1-G10.2","NA",12.0626923100584,0.0707626093534849,0.121601576414422,42.208814920042,5.70014962797586,390.871120502075,391.375,1.30702431116407,"",348.291666666667,1.20611887194045,26.3333333333333
"bactExtract_SC6_1-3_final_G11-G11.1-G11.2","NA",8.46745309759334,1.10661587998179,0.0730154394695739,25.9515944957016,9.49315905780154,398.140452971124,398.666666666667,1.27084422280595,"",254.958333333333,1.37961049491065,22.6666666666667
"bactExtract_SC6_1-3_final_G12-G12.1-G12.2","NA",227.546519480776,1.98382172190586,0.0444506038431036,106.490634613924,15.5936504936251,1061.42512913859,1054.91666666667,1.57585022077228,"",845,1.12760775765584,62.6666666666667
"bactExtract_SC6_1-3_final_H01-H01.1-H01.2","NA",75.0535257630436,2.79310896180533,0.0515463273135694,63.1106300809078,13.4470721132731,1443.28570057702,1443.16666666667,1.85143400361969,"",1155,1.05679669198197,61.6666666666667
"bactExtract_SC6_1-3_final_H02-H02.1-H02.2","NA",495653.926259111,1.79024499438493,0.00551913033838364,2270.51661653352,125.589927771654,164.971506315953,164.833333333333,0.821039965859747,"",6.58333333333334,0.871050863345503,16.6666666666667
"bactExtract_SC6_1-3_final_H03-H03.1-H03.2","NA",88931.6722688532,0.766709978591967,0.00555866303480416,2097.85367554548,124.696743842895,70.763682374947,70.625,0.737784252787413,"",6.54166666666666,0.96482204899036,14.3333333333333
"bactExtract_SC6_1-3_final_H04-H04.1-H04.2","NA",2.72656068778095,0.986379694761079,0.103709282875623,5.4739848121031,6.6835596712324,176.418305873717,176.375,0.778534497930687,"",38.1666666666667,0.96482204899036,15.6666666666667
"bactExtract_SC6_1-3_final_H05-H05.1-H05.2","NA",4.76676691681757,1.05956662160533,0.0812845003512055,15.4078203339616,8.52742131113642,267.415380959113,268.375,0.805271684136736,"",194.083333333333,0.854450338418311,18.3333333333333
"bactExtract_SC6_1-3_final_H06-H06.1-H06.2","NA",18.9659488939034,7.4122722409008,0.081022143961427,5.47833779814594,8.55503380520193,1193.91050360776,1193.04166666667,1.92359105761389,"",1193.04166666667,0.284615676279034,90
"bactExtract_SC6_1-3_final_H07-H07.1-H07.2","NA",12.6376301249753,1.14340688832713,0.063883104811149,36.1258627688934,10.850242526706,482.548929317351,481.041666666667,1.58255842172142,"",385.166666666667,1.40584482345513,27
"bactExtract_SC6_1-3_final_H08-H08.1-H08.2","NA",20.1212941762882,1.04950800062299,0.0722219422403231,40.1524592930915,9.59745970626841,698.584244399059,698.625,1.32367912856587,"",556.875,1.15093564163566,34
"bactExtract_SC6_1-3_final_H09-H09.1-H09.2","NA",1733936.2845843,1.09066179180806,0.0138676899263618,1029.66820553757,49.9828871456309,142.343049797021,142.791666666667,0.890127116320542,"",22.3333333333333,1.12140989310521,16
"bactExtract_SC6_1-3_final_H10-H10.1-H10.2","NA",6.29033621843677,0.541410717342472,0.116635867285154,20.2561195741383,5.9428304233836,336.454666655925,339.208333333333,1.27612628755956,"",289.875,1.56374695839919,22.6666666666667
"bactExtract_SC6_1-3_final_H11-H11.1-H11.2","NA",17432471.7559012,1.51289395389841,0.0262780388102787,618.760817962454,26.3774319523731,350.220452371083,351.916666666667,1.16703554720056,"",118.666666666667,1.04424343170676,24.6666666666667
"bactExtract_SC6_1-3_final_H12-H12.1-H12.2","NA",20.2320761032191,2.51599746323431,0.0677033426305115,28.8287582053838,10.2380052982431,897.609886604537,898.25,1.45163017513107,"",564.541666666667,1.37202618786716,36
