Hour,A1_Negative_Control,A2_L-Arabinose,A3_N-Acetyl-D_Glucosamine,A4_D-Saccharic_Acid,A5_Succinic_Acid,A6_D-Galactose,A7_L-Aspartic_Acid,A8_L-Proline,A9_D-Alanine,A10_D-Trehalose,A11_D-Mannose,A12_Dulcitol,B1_D-Serine,B2_D-Sorbitol,B3_Glycerol,B4_L-Fucose,B5_D-Glucuronic_Acid,B6_D-Gluconic_Acid,B7_D-L-a-Glycerol_Phosphate,B8_D-Xylose,B9_L-Lactic_Acid,B10_Formic_Acid,B11_D-Mannitol,B12_L-Glutamic_Acid,C1_D-Glucose-6-Phosphate,C2_D-GalactonicAcid-g-Lactone,C3_D-L-Malic_Acid,C4_D-Ribose,C5_Tween_20,C6_L-Rhamnose,C7_D-Fructose,C8_Acetic_Acid,C9_a-D-Glucose,C10_Maltose,C11_D-Melibiose,C12_Thymidine,D-1_L-Asparagine,D2_D-Aspartic_Acid,D3_D-Glucosaminic_Acid,D4_1-2-Propanediol,D5_Tween_40,D6_a-Keto-Glutaric_Acid,D7_a-Keto-Butyric_Acid,D8_a-Methyl-D_Galactoside,D9_a-D-Lactose,D10_Lactulose,D11_Sucrose,D12_Uridine,E1_L-Glutamine,E2_m-Tartaric_Acid,E3_D-Glucose-1-Phosphate,E4_D-Fructose-6-Phosphate,E5_Tween_80,E6_a-Hydroxy_Glutaric_Acid-g_Lactone,E7_a-Hydroxy_Butyric_Acid,E8_B-Methyl-D_Glucoside,E9_Adonitol,E10_Maltotriose,E11_2-DeoxyAdenosine,E12_Adenosine,F1_Glycyl-L-Aspartic_Acid,F2_Citric_Acid,F3_myo-Inositol,F4_D-Threonine,F5_Fumaric_Acid,F6_Bromo_Succinic_Acid,F7_Propionic_Acid,F8_Mucic_Acid,F9_Glycolic_Acid,F10_Glyoxylic_Acid,F11_D-Cellobiose,F12_Inosine,G1_Glycyl-L-Glutamic_Acid,G2_Tricarballylic_Acid,G3_L-Serine,G4_L-Threonine,G5_L-Alanine,G6_L-Alanyl-Glycine,G7_Acetoacetic_Acid,G8_N-Acetyl-B-D_Mannosamine,G9_Mono_Methyl_Succinate,G10_Methyl_Pyruvate,G11_D-Malic_Acid,G12_L-Malic_Acid,H1_Glycyl-L-Proline,H2_p-Hydroxy_Phenyl_AceticAcid,H3_m-Hydroxy_Phenyl_AceticAcid,H4_Tyramine,H5_D-Psicose,H6_L-Lyxose,H7_Glucuronamide,H8_Pyruvic_Acid,H9_L-Galactonic_Acid-g-Lactone,H10_D-GalacturonicAcid,H11_Phenylethylamine,H12_2-Aminoethanol
0,22,27,11,11,11,11,11,11,11,11,11,17,14,11,11,11,11,11,11,42,11,11,11,11,11,11,11,45,11,11,11,11,11,11,11,13,17,11,11,11,15,11,11,11,11,11,11,14,15,11,11,11,11,11,11,11,11,11,11,12,17,11,11,11,11,11,11,11,11,11,14,20,22,11,11,11,11,11,11,15,13,16,11,22,20,15,11,11,15,88,11,13,13,22,24,21
0.25,20,30,11,11,11,11,11,11,11,11,11,15,17,11,11,11,11,11,11,44,11,11,11,11,11,11,11,55,11,11,11,11,11,13,11,16,12,11,11,11,11,11,11,11,11,11,11,15,11,11,11,11,11,11,11,11,11,11,11,12,14,11,11,11,11,11,11,11,11,11,11,13,18,11,11,11,11,11,11,15,11,14,11,20,19,11,11,11,15,92,11,12,13,21,21,18
0.5,23,36,11,11,11,11,11,11,11,11,12,16,16,11,11,11,11,11,11,46,11,11,11,13,16,11,11,57,11,11,11,11,11,11,11,13,13,11,11,11,11,11,11,11,12,11,11,19,15,11,11,11,13,11,11,11,11,11,11,15,15,11,11,11,11,11,11,11,14,11,14,20,21,11,11,11,11,11,11,18,12,11,11,22,18,16,11,11,16,103,11,17,17,19,22,22
0.75,19,33,11,11,11,11,11,11,11,11,11,13,15,11,11,11,11,11,11,44,11,11,11,11,12,11,11,56,11,11,11,11,11,11,11,13,13,11,11,11,11,11,11,11,11,11,11,14,18,11,11,11,11,11,11,11,11,11,11,11,15,11,11,11,11,11,11,11,11,11,12,22,19,11,11,11,11,11,11,13,11,12,11,22,19,17,11,11,21,102,11,15,15,19,18,22
1,20,35,11,11,11,11,11,11,11,11,11,20,15,11,11,11,11,11,11,45,11,11,11,11,15,11,11,60,11,11,11,11,11,11,11,15,18,11,11,11,11,11,11,11,11,11,11,15,17,11,11,11,13,11,11,11,11,11,12,16,16,11,11,11,11,11,11,11,11,11,13,23,23,11,11,11,11,12,11,14,11,12,11,22,17,18,11,11,22,103,11,17,18,23,24,24
1.25,19,38,11,11,11,11,11,11,11,11,11,17,14,11,11,11,11,11,11,53,11,11,11,11,14,11,11,62,11,11,11,11,11,13,11,15,14,11,11,11,11,11,11,11,11,11,11,16,20,11,11,11,11,11,11,11,11,11,11,18,19,11,11,11,11,11,11,11,11,11,15,21,19,11,11,11,15,11,11,17,16,15,13,17,20,18,11,12,21,109,11,12,17,19,19,22
1.5,18,38,11,12,11,11,11,11,11,11,11,14,17,11,11,11,11,11,11,45,11,11,11,11,15,11,11,63,11,11,11,11,11,11,11,13,18,11,11,11,11,11,11,11,11,11,11,15,11,11,11,11,11,11,11,11,11,11,11,18,16,11,11,11,11,11,11,11,11,11,14,19,22,11,12,11,11,11,11,14,11,18,13,19,18,17,11,12,16,103,12,16,18,18,23,22
1.75,19,36,11,13,11,11,11,11,11,11,11,17,19,11,11,11,11,11,11,48,11,11,11,11,16,11,11,64,11,11,11,11,11,11,11,15,12,11,11,11,11,11,11,11,11,11,11,13,17,11,11,11,11,11,11,11,11,11,11,16,17,11,11,11,11,11,11,11,11,11,11,17,24,11,11,11,11,12,11,17,11,15,11,18,18,16,11,11,17,108,11,20,16,23,14,21
2,21,38,11,11,11,11,11,11,11,11,12,14,17,11,11,11,11,11,11,48,11,11,11,11,12,11,11,66,11,11,11,11,11,11,11,14,12,11,11,11,11,11,11,11,11,11,11,14,11,11,11,11,11,11,11,11,11,11,11,16,15,11,11,11,11,11,11,11,11,11,12,23,18,11,11,11,11,11,11,11,13,12,15,19,12,18,11,11,15,106,11,13,12,21,16,23
2.25,18,36,11,11,11,11,11,11,11,11,11,17,15,11,11,11,11,11,11,51,11,11,11,12,11,11,11,62,11,11,11,11,11,11,11,15,12,11,11,11,11,11,11,11,11,11,11,13,11,11,11,11,11,11,11,11,11,11,11,17,12,11,11,11,11,11,11,11,11,11,12,22,24,11,11,11,11,12,11,13,11,11,15,19,17,20,11,11,20,104,17,17,14,16,24,20
2.5,21,39,11,11,11,11,11,11,11,11,12,17,12,11,11,11,11,11,11,52,11,11,11,11,16,11,11,67,11,11,11,11,11,12,11,13,11,11,11,11,11,11,11,11,11,11,11,16,11,11,11,11,12,11,11,11,11,11,11,20,13,11,11,11,14,11,11,11,11,11,12,16,22,11,11,11,12,13,11,18,12,18,11,22,18,17,11,11,20,107,11,16,17,19,19,23
2.75,16,39,11,11,11,11,11,11,11,11,12,13,15,11,11,11,11,11,11,52,11,11,11,11,14,11,11,62,11,11,11,11,11,11,11,14,12,11,11,11,11,11,11,11,11,11,11,15,13,11,11,11,11,11,11,11,11,11,11,12,15,11,11,11,11,11,11,11,11,11,12,17,18,11,11,11,11,11,11,14,11,14,11,22,14,19,11,11,18,103,11,12,15,18,19,23
3,18,40,11,11,14,11,11,11,11,11,12,17,11,11,11,11,11,11,11,49,11,11,11,11,14,11,11,64,11,11,11,11,11,12,11,16,17,11,11,11,11,11,11,11,11,11,11,17,15,11,11,11,12,11,11,11,11,11,11,14,16,11,11,11,11,11,11,11,12,11,13,21,20,11,11,11,11,13,11,11,12,12,11,18,21,16,12,11,18,107,11,14,13,17,16,22
3.25,17,42,11,11,11,11,11,11,11,11,11,15,12,11,11,11,11,11,11,52,11,11,11,11,14,11,11,65,11,11,11,11,11,11,11,14,14,11,11,11,11,11,11,11,11,11,11,14,14,11,11,11,11,11,11,11,11,11,11,18,14,11,11,11,11,11,11,11,11,11,13,20,20,11,11,11,11,11,11,14,12,11,17,22,17,18,11,11,16,111,11,16,14,19,20,24
3.5,20,43,11,11,11,11,11,11,11,11,11,14,13,11,11,11,11,11,11,51,11,11,11,11,14,11,11,70,11,11,11,11,11,11,11,19,16,11,11,11,11,11,11,11,11,11,11,16,16,11,11,11,11,11,11,11,11,11,11,22,15,11,11,11,11,11,11,11,11,11,11,21,21,11,11,11,11,12,11,12,13,13,12,22,17,19,14,13,18,106,11,16,18,23,18,28
3.75,23,41,11,11,11,11,11,11,11,11,11,15,13,11,11,11,11,11,11,56,11,11,11,12,13,11,11,70,11,11,11,11,11,11,11,11,15,11,11,11,11,11,11,11,11,11,11,15,12,11,11,11,11,11,11,11,11,11,11,18,19,11,11,11,11,11,11,11,13,12,14,24,19,11,11,11,11,12,11,17,11,14,15,21,13,19,11,11,17,105,11,15,11,14,22,21
4,24,44,11,11,16,11,11,11,11,11,13,18,14,11,11,11,11,11,11,47,11,11,11,11,11,11,11,72,11,11,11,11,11,11,11,15,17,11,11,11,11,11,11,11,11,11,11,14,13,11,11,11,11,11,11,11,11,11,11,16,19,11,11,11,11,11,11,11,11,11,14,18,19,11,11,11,11,11,11,12,11,15,12,24,18,20,11,11,16,109,11,13,13,19,19,28
4.25,19,42,11,15,16,11,11,11,11,11,11,14,12,11,11,11,11,11,11,49,11,11,11,11,11,11,11,67,11,11,11,11,11,11,11,15,17,11,11,11,11,11,11,11,11,11,11,11,11,11,11,11,12,11,11,11,11,11,11,17,14,11,11,11,11,11,11,11,11,11,14,20,18,11,11,11,11,11,11,15,11,16,11,24,20,17,11,11,18,106,11,17,14,18,21,24
4.5,26,43,11,16,13,11,11,11,11,11,11,17,12,11,11,11,11,11,11,48,11,11,11,12,11,11,11,69,11,11,11,11,11,13,11,15,16,11,11,11,11,11,11,11,11,11,11,16,13,11,11,11,12,11,11,11,11,11,11,18,18,11,11,11,11,11,11,11,11,11,12,18,18,11,11,11,11,14,11,11,11,17,14,24,19,13,11,11,16,107,11,14,13,17,16,18
4.75,23,42,11,13,17,11,11,11,11,11,11,15,13,11,11,11,11,11,11,49,11,11,11,11,12,11,11,66,11,11,11,11,11,16,11,14,13,11,11,11,11,11,11,11,11,11,11,12,13,11,11,11,11,11,11,11,11,11,11,19,18,11,11,11,11,11,11,11,11,11,12,19,24,11,11,11,11,11,11,14,15,11,11,26,21,16,11,11,16,109,12,13,16,23,16,21
5,20,45,11,11,11,11,11,11,11,11,11,18,11,11,11,11,11,11,11,46,11,11,11,12,17,11,11,66,11,11,11,11,11,16,11,13,14,11,11,11,11,11,11,11,11,11,11,15,16,11,11,11,12,11,11,11,11,11,11,20,20,11,11,11,11,11,11,11,11,11,14,21,23,11,11,11,11,11,11,26,11,15,15,22,19,17,11,11,20,107,11,17,19,21,18,21
5.25,23,44,11,11,20,11,11,11,11,11,11,19,15,11,11,11,11,11,11,50,11,11,11,11,14,11,11,64,11,11,11,11,11,15,11,15,14,11,11,11,11,11,11,11,11,11,11,11,17,11,11,11,16,11,11,11,11,11,11,20,15,11,11,11,11,11,11,11,11,11,11,21,21,11,11,11,11,12,11,15,11,11,14,23,19,15,11,11,17,108,11,15,15,21,19,19
5.5,21,40,11,11,14,11,11,11,11,11,11,15,12,11,11,11,11,11,11,46,11,11,11,11,12,11,11,65,11,11,11,11,11,14,11,14,11,11,11,11,11,11,11,11,11,11,11,12,15,11,11,11,11,11,11,11,11,11,11,15,11,11,11,11,11,11,11,11,11,11,12,16,23,13,11,11,11,12,11,16,11,15,13,21,17,18,11,11,17,108,11,12,14,20,15,22
5.75,21,39,11,11,15,11,11,11,11,11,11,15,11,11,11,11,11,11,11,48,11,11,11,11,13,11,11,62,11,11,11,11,11,12,11,13,12,11,11,11,11,11,11,11,11,11,11,14,11,11,11,11,17,11,11,11,11,11,11,15,14,11,11,11,11,11,11,11,11,11,13,14,18,11,11,11,11,11,11,13,11,11,12,23,15,18,11,11,19,110,11,14,12,19,16,22
6,25,43,11,12,18,11,11,11,11,11,11,15,14,11,11,11,11,11,11,50,11,11,11,11,11,11,11,63,11,11,11,11,11,14,11,15,16,11,11,11,11,11,11,11,11,11,11,18,14,11,11,11,18,11,11,11,11,11,12,19,20,11,11,11,11,11,11,11,11,11,11,22,20,11,11,11,11,11,11,18,11,11,17,24,16,16,11,11,17,110,11,16,12,18,16,24
6.25,21,44,11,11,13,11,11,11,11,11,11,14,11,11,11,11,11,11,11,51,11,11,11,11,15,11,11,64,11,11,11,11,11,13,11,15,15,11,12,11,11,11,11,11,11,11,11,18,12,11,11,11,13,11,11,11,11,11,11,17,16,11,11,11,12,11,11,11,13,14,12,25,22,15,11,11,11,13,11,24,11,13,16,21,21,16,13,11,17,109,11,17,16,16,15,24
6.5,21,44,11,12,17,11,11,11,11,11,11,18,12,11,11,11,11,11,11,50,11,11,11,11,11,11,11,62,11,11,11,11,11,14,11,12,15,11,11,11,11,11,11,11,11,11,11,17,14,11,11,11,17,11,11,11,11,11,11,15,18,11,11,11,11,11,11,11,11,11,12,22,23,11,11,11,11,11,11,18,11,13,13,22,17,16,11,13,17,108,11,13,16,16,19,26
6.75,24,45,11,12,17,11,11,11,11,11,11,15,13,11,11,11,11,11,11,53,11,11,11,11,11,11,11,60,11,11,11,11,11,15,11,14,16,11,11,11,11,11,11,11,11,11,11,15,16,11,12,11,17,11,11,11,11,11,12,13,16,11,11,11,11,11,11,11,13,11,12,19,22,11,11,11,11,15,11,12,11,11,12,25,16,13,11,11,19,114,11,18,14,21,16,18
7,29,47,11,15,24,11,11,11,11,11,11,15,11,11,11,11,11,11,11,53,11,11,11,11,13,11,11,61,11,11,11,11,11,19,11,14,14,11,11,11,11,11,11,11,11,11,11,18,16,11,11,11,13,11,11,11,11,11,11,21,16,11,11,11,11,11,11,11,11,11,12,19,19,11,13,11,11,14,11,21,11,11,13,22,19,13,11,11,20,113,11,19,14,23,18,25
7.25,25,43,11,11,19,11,11,11,11,11,11,16,13,11,11,11,11,11,12,52,11,11,11,11,14,11,11,67,11,11,11,11,11,17,11,18,16,11,11,11,12,11,11,11,13,11,11,14,17,11,11,11,20,11,11,11,11,11,11,16,22,11,11,11,12,11,11,11,13,11,12,26,21,11,13,11,11,11,11,17,11,17,11,26,19,17,11,11,23,111,11,17,17,18,19,22
7.5,20,41,11,11,16,11,11,11,11,11,11,15,13,11,11,11,11,11,13,53,11,11,11,11,14,11,11,65,11,11,11,11,11,18,11,13,16,11,11,11,11,11,11,11,11,11,13,14,19,11,11,11,18,11,11,11,11,11,11,21,23,11,11,11,11,11,11,11,11,11,13,27,17,11,12,11,12,11,11,20,11,11,16,23,19,19,11,11,25,113,11,20,12,16,17,19
7.75,27,49,11,11,18,11,11,11,11,11,11,17,14,11,11,11,11,11,13,54,11,11,11,11,13,11,11,64,11,11,11,11,11,14,11,12,15,11,11,11,11,11,11,11,11,11,11,18,18,11,11,11,18,11,11,11,11,11,11,16,18,11,11,11,11,11,11,11,13,11,16,24,23,11,11,11,12,12,11,26,11,14,12,23,17,14,11,11,17,110,11,13,17,19,18,24
8,27,49,11,19,23,11,13,11,11,11,11,19,12,11,11,11,11,11,11,54,11,11,11,14,15,11,11,67,11,11,11,11,11,17,12,16,20,11,13,11,11,11,11,11,12,11,11,17,20,11,11,11,18,11,11,11,11,13,11,18,23,11,14,11,11,11,11,11,11,12,14,22,25,11,13,11,15,13,11,24,11,16,19,20,19,19,11,11,19,108,11,18,16,17,23,29
8.25,24,46,11,12,14,11,11,11,11,11,11,17,13,11,11,11,11,11,14,54,11,11,11,12,18,11,11,65,11,11,11,11,11,16,11,16,19,11,13,11,11,11,11,11,11,11,11,18,16,11,11,11,18,11,11,11,11,12,11,23,20,11,11,11,11,11,11,12,15,11,16,28,21,11,12,11,13,11,11,29,11,11,14,21,21,15,11,11,21,111,11,19,19,23,21,25
8.5,26,49,11,11,16,11,11,11,11,11,11,15,12,11,11,11,11,11,14,53,11,11,11,11,14,11,11,63,11,11,11,11,11,19,13,11,19,11,16,11,14,11,11,11,11,11,11,16,18,11,11,11,20,11,11,11,11,11,11,21,19,11,11,11,14,11,11,11,11,11,18,22,20,14,12,11,16,13,11,29,12,11,13,24,18,15,11,11,22,112,13,19,19,20,19,21
8.75,29,49,11,20,23,11,11,11,11,11,11,18,14,11,11,11,11,11,13,51,11,12,12,12,14,11,11,64,11,11,11,11,11,22,11,20,19,11,15,11,13,11,11,11,16,11,16,17,17,11,14,11,21,11,11,11,11,13,11,16,19,11,11,11,11,11,11,11,13,11,11,23,24,11,11,11,12,14,11,26,12,12,16,26,19,13,11,11,20,115,11,21,11,19,21,25
9,26,46,11,13,22,11,11,11,11,11,11,20,14,11,11,11,11,11,12,48,11,11,11,11,16,11,11,65,11,11,11,11,11,19,11,18,16,11,14,11,12,11,11,11,11,11,11,16,24,11,11,11,21,11,11,11,11,11,11,17,21,11,11,11,11,11,11,11,11,11,12,24,17,11,15,11,11,11,11,20,11,15,14,23,20,15,11,11,19,117,11,18,14,19,18,23
9.25,33,50,11,14,21,11,11,11,11,11,11,16,12,11,11,11,11,11,14,52,11,11,11,11,14,11,11,64,11,11,11,11,11,18,11,17,22,11,13,11,11,11,11,11,11,11,13,19,20,11,11,11,14,11,11,11,11,11,11,23,23,11,11,11,12,11,11,11,12,11,14,26,20,11,12,11,14,12,11,25,11,11,11,27,20,17,11,11,18,113,11,20,15,18,25,25
9.5,32,47,13,15,27,11,11,11,11,11,12,18,13,11,11,11,11,11,15,50,11,11,11,11,11,11,11,67,11,11,11,11,11,22,11,14,22,11,16,11,11,11,11,11,13,11,11,20,16,11,14,11,20,12,11,11,11,12,11,21,22,11,12,11,11,11,11,11,11,11,15,26,24,11,16,11,14,14,11,23,13,13,16,25,22,12,11,11,19,110,11,22,14,19,15,23
9.75,30,52,12,17,28,12,11,11,11,11,12,18,12,11,11,11,11,11,15,53,11,11,11,14,13,11,11,67,11,11,11,11,11,20,11,15,21,11,16,11,15,11,11,12,11,11,14,17,18,11,14,11,19,11,11,11,11,16,11,22,24,11,11,11,12,11,11,11,12,11,11,30,24,11,15,11,13,14,11,25,11,12,14,24,22,17,11,11,22,109,11,21,19,24,18,24
10,30,46,11,15,23,11,11,11,11,11,12,17,12,11,11,11,11,11,12,53,11,11,12,11,18,11,12,67,11,11,11,11,11,21,11,17,21,11,14,11,15,11,11,11,11,11,13,18,20,11,14,11,22,11,11,11,11,14,11,21,21,11,11,11,15,11,11,11,11,11,14,27,27,11,13,11,12,12,11,25,11,13,13,25,23,13,11,11,22,109,11,20,16,21,18,22
10.25,31,46,12,14,28,11,11,11,11,11,11,15,15,11,11,11,11,11,12,51,11,11,11,13,16,12,11,73,11,11,11,11,11,23,11,18,21,11,17,11,16,11,11,11,19,11,15,20,23,11,14,11,21,11,11,11,11,16,11,25,22,11,11,11,15,11,11,11,14,13,14,29,26,11,12,13,11,12,11,27,15,14,11,23,22,16,13,11,18,111,11,26,16,21,21,19
10.5,30,47,11,16,27,11,13,11,11,11,14,18,13,11,11,11,11,11,15,55,11,11,11,14,13,11,13,67,11,11,11,11,11,26,13,12,24,11,18,11,12,11,11,11,11,11,11,18,22,11,13,11,24,11,11,12,12,15,12,22,21,11,11,11,12,11,11,11,13,11,14,26,24,11,17,11,14,14,11,25,11,14,15,25,23,14,11,11,22,111,13,23,17,21,15,24
10.75,32,51,13,18,29,11,11,11,11,11,14,20,14,11,11,11,11,11,13,53,11,12,15,15,16,11,14,65,11,11,11,11,11,19,12,17,19,11,21,11,12,11,11,11,16,11,12,19,21,11,13,11,22,11,11,11,11,16,14,24,22,11,12,11,14,11,11,11,18,13,14,29,24,11,11,11,19,13,11,27,11,14,11,28,21,19,11,14,20,114,11,20,17,21,19,22
11,32,53,16,16,29,11,11,11,11,11,11,21,11,11,11,11,11,11,17,50,11,11,13,13,15,13,13,65,11,11,11,11,11,25,12,19,23,11,18,11,14,11,11,11,17,11,13,15,17,11,15,11,23,12,11,11,11,19,11,26,21,12,11,11,17,11,11,11,15,11,14,30,25,11,13,11,14,18,11,30,12,11,14,27,22,15,11,11,20,115,15,19,16,27,18,18
11.25,33,52,17,18,25,11,12,11,11,11,12,18,11,11,11,11,11,11,16,54,11,11,12,13,17,11,16,66,11,11,11,11,15,22,12,18,21,11,13,12,18,11,11,14,11,11,14,17,23,11,14,11,21,11,11,11,11,18,11,25,25,11,16,11,14,11,11,11,17,15,15,28,25,11,13,14,21,18,11,31,12,14,17,24,20,17,11,13,19,117,13,20,14,23,18,22
11.5,32,47,13,17,24,13,11,11,11,11,13,20,11,11,11,11,11,11,15,56,11,12,11,13,12,13,11,67,11,11,11,11,13,25,14,18,21,11,16,11,11,11,11,11,15,11,18,21,22,11,14,11,24,11,11,11,12,20,11,28,23,11,14,11,14,11,11,11,13,11,16,30,22,13,13,12,16,12,11,31,13,14,17,25,20,16,14,12,19,114,11,22,16,22,14,22
11.75,34,51,14,18,28,11,11,11,11,11,12,20,13,11,11,11,11,12,14,50,11,11,11,15,13,11,12,68,11,11,11,11,13,27,11,19,23,11,19,11,18,11,11,13,12,11,18,19,21,11,17,11,21,16,11,12,11,22,14,28,21,11,15,11,16,11,11,11,11,11,18,28,21,11,15,14,21,14,11,38,11,13,17,26,25,17,11,11,25,116,12,20,13,22,20,22
12,33,53,17,17,28,11,15,11,11,11,11,20,14,12,11,11,11,11,20,50,11,11,12,12,20,11,16,67,11,11,11,11,11,26,11,21,24,11,22,11,16,11,11,11,18,11,15,18,27,11,13,11,25,16,11,11,11,18,11,21,23,11,12,11,17,11,11,11,15,11,14,30,21,11,19,15,15,16,11,31,13,14,16,24,25,18,11,12,23,110,16,23,18,23,17,26
12.25,36,55,19,20,32,16,14,11,11,11,14,17,11,11,11,11,11,11,14,55,11,12,11,16,18,11,11,66,11,11,11,11,13,22,11,23,24,11,18,11,19,11,11,14,13,11,14,19,19,11,16,11,23,13,11,11,11,18,13,24,24,11,14,11,16,11,11,11,12,11,15,32,23,13,19,15,16,20,11,30,12,15,17,29,24,16,11,11,17,114,12,19,16,21,16,20
12.5,28,51,16,20,29,14,11,11,11,11,12,17,11,11,11,11,11,11,14,53,11,11,14,15,16,11,11,65,11,11,11,11,11,25,11,17,24,11,21,11,15,11,11,14,14,11,14,17,23,11,15,11,21,11,11,11,11,22,11,24,24,11,13,11,19,11,11,12,14,11,16,33,28,14,17,12,20,12,11,35,11,13,19,27,23,17,11,11,25,113,11,23,18,25,22,27
12.75,36,55,15,20,33,12,12,11,11,11,15,18,13,11,12,11,11,11,16,55,11,11,11,17,19,11,14,68,11,11,11,11,11,28,13,21,24,11,19,11,16,11,11,14,17,11,14,20,28,11,14,11,23,14,11,11,11,21,15,27,25,11,14,11,17,11,11,12,18,11,20,34,25,11,13,16,18,19,11,29,12,17,11,28,26,17,11,11,19,114,15,26,14,21,21,26
13,34,54,20,19,29,13,14,11,11,12,13,20,13,11,11,11,11,11,19,54,11,16,11,15,18,11,12,68,11,11,11,11,11,27,11,20,27,11,21,11,16,11,11,11,20,11,16,19,25,11,16,11,23,13,11,12,11,21,14,25,24,12,15,11,20,11,11,11,17,11,16,31,24,13,18,15,21,23,11,34,12,14,17,29,26,16,11,13,22,114,11,25,16,25,18,27
13.25,34,53,16,14,27,12,11,11,11,11,15,20,12,11,11,11,11,11,18,54,11,11,12,14,19,11,12,67,11,11,11,11,11,27,15,23,23,11,23,12,17,11,11,11,12,11,15,20,28,11,16,11,19,14,11,11,11,18,16,25,25,11,14,11,18,11,11,11,18,12,15,33,29,12,15,11,19,18,11,28,11,13,14,29,27,17,11,12,23,109,18,27,15,25,20,22
13.5,34,50,17,19,27,16,13,11,11,11,13,24,11,11,13,11,11,13,16,57,11,11,13,17,16,11,14,68,11,11,11,11,11,27,15,21,27,11,21,11,17,11,12,11,14,11,15,19,26,11,17,11,25,14,11,11,11,16,13,25,25,12,15,11,19,11,11,13,13,12,20,32,25,12,16,17,19,16,11,37,14,11,19,19,26,17,11,11,27,114,14,21,17,18,21,27
13.75,30,50,21,15,31,15,14,11,11,11,12,20,14,11,11,11,11,16,15,58,11,11,12,21,17,11,16,65,11,11,11,11,11,25,16,23,26,11,22,11,23,11,11,13,19,11,14,22,24,11,11,11,23,13,11,11,11,20,15,28,26,11,16,11,19,11,11,15,19,12,18,30,29,13,19,16,18,16,11,35,12,12,19,29,29,20,11,13,23,114,15,26,14,28,17,26
14,30,55,18,17,29,15,15,11,11,11,14,20,14,11,14,11,11,11,16,57,11,11,11,16,18,11,17,66,11,11,11,11,11,32,11,17,23,11,22,13,18,11,11,11,14,11,16,20,24,11,20,11,23,17,11,11,11,23,15,25,25,12,12,11,14,11,11,12,19,11,14,30,27,15,12,16,21,17,11,29,11,11,18,26,28,15,13,15,29,112,13,23,11,22,20,28
14.25,38,53,20,19,34,15,15,11,11,11,12,20,11,12,12,11,11,13,12,53,11,11,16,19,16,11,16,67,11,11,11,11,11,25,16,20,28,11,23,12,21,11,11,14,16,11,18,18,26,11,14,11,22,17,11,11,11,18,15,23,29,14,15,11,19,11,11,15,16,14,17,30,25,11,19,18,22,16,11,38,11,13,19,32,26,17,13,12,23,116,13,20,18,21,21,23
14.5,36,54,17,23,32,11,15,11,11,11,15,18,11,11,11,11,11,15,15,52,11,12,12,21,19,11,14,64,11,11,11,11,11,33,13,18,28,11,25,14,21,11,11,11,19,11,13,20,24,11,15,11,24,15,11,11,14,23,12,27,27,11,14,11,18,11,11,11,16,11,14,32,26,13,16,14,17,20,11,32,12,12,15,30,24,17,11,14,24,114,16,21,13,24,19,22
14.75,35,54,21,19,33,18,22,11,11,11,17,21,14,11,14,11,11,12,14,53,11,13,14,21,20,11,15,68,11,11,11,11,11,33,17,21,27,11,26,11,20,11,11,15,16,11,16,22,28,11,17,11,26,11,11,11,13,19,17,30,25,13,16,11,22,11,11,15,15,11,15,36,27,11,14,16,24,20,11,36,11,14,17,29,26,12,11,14,26,112,15,25,14,26,17,23
15,35,51,17,16,29,11,17,11,11,11,14,18,11,11,16,11,11,15,19,54,12,12,15,20,19,11,16,65,11,11,11,11,13,30,18,16,28,11,26,12,17,11,11,15,16,11,12,15,30,11,15,11,24,14,11,11,11,24,15,28,26,11,14,11,23,11,11,15,16,11,18,37,27,13,14,15,17,21,11,33,14,15,15,26,24,17,11,12,26,111,15,22,16,27,22,24
15.25,33,53,16,17,30,11,16,13,11,11,13,18,11,11,15,11,11,13,15,55,12,13,14,18,17,11,12,65,11,11,11,11,15,31,17,19,25,11,28,11,20,11,11,15,16,11,16,18,29,11,18,11,23,16,11,11,12,25,18,29,23,11,14,11,21,11,11,12,17,12,15,35,24,11,17,19,16,18,11,39,11,11,15,32,26,16,11,11,27,119,12,27,14,22,17,27
15.5,36,57,20,20,32,12,16,11,11,11,16,20,13,11,14,11,11,12,16,53,11,11,12,21,22,13,18,68,11,11,11,11,12,31,14,21,29,11,25,15,20,11,11,13,14,11,17,18,27,11,15,11,25,15,12,12,15,22,13,29,28,11,15,11,20,11,11,12,18,11,19,36,28,11,15,19,20,20,11,41,14,16,20,31,28,16,11,13,28,113,18,24,13,23,16,26
15.75,39,54,20,20,31,13,16,11,11,13,15,21,13,11,17,11,11,16,16,53,11,11,14,24,19,11,18,66,11,11,11,11,14,32,16,24,29,11,31,13,23,11,11,15,19,11,19,18,30,11,18,11,24,17,11,11,12,24,19,29,29,11,18,11,23,11,11,16,20,14,19,36,26,11,18,19,20,21,11,38,11,14,19,27,27,18,11,14,27,117,14,18,15,24,15,23
16,35,58,18,19,36,14,18,11,11,11,16,22,14,12,13,11,12,15,17,55,11,14,17,21,17,13,15,70,11,11,11,11,12,29,15,22,28,11,28,18,26,11,12,14,17,11,19,21,28,11,18,11,22,20,11,14,12,25,17,27,26,12,16,11,22,11,11,16,20,13,16,38,25,11,19,19,21,20,11,41,17,14,19,32,29,13,11,11,22,118,16,27,20,25,24,28
16.25,35,58,19,14,25,11,18,11,11,11,16,15,11,11,17,11,11,17,15,53,11,11,14,24,20,15,18,67,11,11,11,11,12,31,11,25,29,11,33,13,25,11,11,19,20,11,16,19,33,11,16,11,21,14,11,11,13,23,19,30,24,11,16,11,24,11,11,15,15,11,16,39,27,16,18,19,20,21,11,36,13,13,15,29,28,15,11,13,27,114,14,28,15,26,22,28
16.5,38,57,20,18,37,13,19,11,11,11,12,21,11,11,17,11,11,14,18,57,11,17,18,22,20,11,19,65,11,11,11,11,11,30,17,21,27,11,25,11,24,11,11,17,16,11,17,22,30,11,18,11,25,19,11,11,11,26,20,30,25,12,16,11,21,11,11,15,12,11,21,35,28,11,18,18,21,19,11,34,14,11,12,27,32,17,13,14,25,115,14,27,11,18,16,27
16.75,43,56,21,20,32,13,18,13,11,12,15,19,12,11,17,11,11,18,16,52,11,12,13,21,17,11,14,66,11,11,11,11,13,33,16,17,24,11,28,16,26,11,11,11,16,11,18,17,30,11,18,11,26,15,11,14,13,22,16,27,27,11,15,11,24,11,11,15,18,11,19,36,31,14,16,16,18,19,11,41,12,12,20,25,31,14,11,11,20,116,19,29,14,29,20,25
17,42,62,24,24,35,16,20,13,11,11,21,20,17,13,22,11,15,22,19,55,14,17,14,27,23,14,20,70,11,11,11,11,16,32,21,25,33,11,36,16,28,11,11,21,19,15,18,23,35,11,18,11,27,21,14,12,14,28,21,34,26,12,17,11,30,11,11,17,18,13,16,43,33,17,22,23,23,23,11,40,12,15,25,34,31,20,14,15,30,116,21,32,19,30,19,24
17.25,38,61,21,16,33,14,15,18,11,11,15,19,12,14,18,11,11,20,18,55,14,16,13,20,20,12,20,70,11,11,11,11,11,37,14,22,28,11,33,17,23,11,11,17,16,11,19,20,32,11,18,11,27,19,11,17,14,26,18,32,28,11,18,11,26,11,11,15,17,13,20,41,28,11,21,19,19,25,11,45,14,16,23,32,34,14,11,12,29,121,14,32,19,25,24,24
17.5,40,59,22,16,32,11,19,15,11,11,14,22,13,13,16,14,11,21,18,57,11,15,15,22,16,11,18,66,11,11,11,11,14,31,15,20,29,11,30,12,24,12,11,15,18,11,19,21,34,11,17,11,29,21,11,12,11,24,22,31,24,11,20,11,25,11,11,16,19,11,16,39,27,11,17,22,24,19,11,37,11,16,21,30,27,15,11,14,28,114,14,27,16,29,22,25
17.75,36,61,22,19,35,19,12,14,11,11,17,20,13,11,19,11,12,18,18,55,11,12,12,20,20,12,18,69,11,11,11,11,16,37,14,20,28,11,36,11,27,11,11,14,21,11,20,21,29,11,17,11,27,19,11,13,16,21,19,31,31,11,13,11,21,11,11,15,16,13,16,37,26,12,18,20,20,27,11,38,15,12,19,31,31,16,11,14,26,110,16,28,14,25,22,22
18,37,62,25,23,35,17,21,16,12,11,17,22,13,12,17,15,14,21,20,60,15,17,14,24,19,16,22,70,11,11,11,13,17,33,21,22,33,11,35,19,28,13,14,20,23,11,20,23,32,11,23,13,26,19,15,15,16,28,24,36,33,14,17,12,29,11,15,15,26,14,19,45,31,11,23,21,24,24,11,45,17,14,18,36,35,18,11,17,24,119,14,32,20,30,18,25
18.25,40,62,27,25,40,21,22,13,11,14,20,22,16,11,18,11,14,25,19,60,13,17,17,27,25,17,19,70,11,11,11,12,16,33,17,23,33,11,35,16,28,11,11,15,21,12,22,26,36,11,12,11,31,19,11,13,19,27,24,33,29,14,20,11,27,12,11,16,18,17,18,40,30,16,19,23,26,25,11,43,15,16,23,33,35,15,11,15,29,118,20,32,20,21,21,30
18.5,41,62,26,25,40,19,22,21,11,11,18,23,12,11,21,11,14,24,26,57,13,15,17,25,22,14,18,71,11,14,11,12,13,37,20,24,32,11,34,17,26,15,11,18,23,11,18,22,34,11,21,11,29,22,12,15,13,28,23,35,28,11,24,11,29,11,11,17,17,12,24,41,31,13,22,21,23,25,11,41,18,12,23,39,31,19,13,15,26,116,13,31,20,25,19,31
18.75,41,64,25,20,38,20,21,14,11,14,20,24,17,14,21,11,13,22,22,56,12,18,18,28,22,11,16,67,11,11,11,12,14,37,19,24,32,11,39,13,32,14,13,17,22,11,17,24,35,11,20,11,32,19,14,16,18,31,23,34,30,16,20,11,27,13,11,21,19,15,20,38,33,13,24,22,26,21,17,36,17,13,19,30,32,19,13,16,28,121,20,30,15,27,23,25
19,46,63,26,21,32,17,19,19,11,14,17,24,16,17,21,11,12,22,23,57,16,16,18,27,21,15,22,70,11,11,11,15,18,33,15,23,29,11,35,19,31,15,15,20,21,12,19,24,35,11,19,11,30,21,13,17,13,30,23,33,31,15,17,13,30,13,11,22,21,15,22,47,33,12,20,26,24,27,13,49,17,16,20,33,32,22,15,20,29,117,20,30,18,28,26,29
19.25,41,60,27,30,44,17,22,19,11,14,19,21,13,11,24,14,11,22,20,56,11,16,17,27,19,11,22,70,11,11,11,12,20,36,20,25,34,11,37,15,30,16,13,22,19,11,19,23,32,11,21,11,33,20,12,11,15,31,23,37,27,12,19,11,27,11,11,18,19,14,22,49,32,14,17,21,23,21,11,41,14,15,23,34,32,18,14,11,27,116,23,32,18,27,27,27
19.5,46,64,24,20,33,14,21,19,11,12,16,21,12,11,22,13,14,24,19,58,16,17,14,26,21,12,19,71,11,11,11,11,15,40,18,22,32,11,40,16,30,15,11,16,18,11,15,21,38,11,18,13,31,18,11,16,18,28,23,37,27,14,18,11,30,14,11,21,18,16,19,43,29,14,22,18,21,24,11,47,12,13,23,32,38,21,11,16,27,116,21,28,20,31,21,29
19.75,37,63,27,15,38,18,19,17,11,13,19,19,12,11,24,13,11,22,22,58,16,18,18,31,21,16,21,72,11,13,11,11,16,34,15,25,37,11,41,12,27,11,14,21,22,11,18,24,38,11,21,11,31,23,13,15,16,28,22,36,29,16,20,13,24,11,11,17,21,15,20,47,32,12,18,24,27,25,11,41,18,17,24,33,36,19,12,16,29,117,13,39,17,25,19,29
20,40,62,25,18,35,18,19,24,11,11,20,21,13,14,24,11,11,27,20,59,11,17,18,30,25,19,23,73,11,11,11,14,18,38,18,23,33,11,38,17,31,11,13,17,22,11,24,21,40,11,17,11,34,21,11,17,19,30,24,39,32,11,21,12,32,11,15,22,24,18,21,48,37,15,21,24,26,29,15,43,17,15,21,35,33,16,13,18,31,118,22,33,18,27,22,31
20.25,42,65,23,27,40,19,25,15,13,14,19,24,16,16,27,11,15,27,23,59,14,19,16,27,24,14,22,71,11,13,11,15,16,34,16,25,40,11,41,16,31,14,15,20,20,11,17,24,38,11,20,11,33,24,13,16,17,31,25,37,32,15,14,12,28,14,11,19,21,11,19,44,31,16,24,21,29,28,13,41,18,19,22,33,34,20,12,18,27,115,21,36,19,27,21,27
20.5,40,65,23,23,37,20,22,18,13,13,20,25,16,11,20,13,11,25,21,56,12,13,16,30,25,18,23,70,11,12,11,14,11,40,23,22,37,11,43,15,24,13,12,18,23,11,23,20,39,11,18,12,31,22,12,14,17,35,23,40,27,16,18,12,30,13,12,19,22,18,22,47,34,14,24,23,25,25,11,42,15,15,24,34,37,16,15,15,32,118,18,30,24,30,25,29
20.75,43,63,27,25,36,18,22,19,14,12,23,26,16,11,27,11,11,20,22,59,19,17,16,30,20,15,19,70,11,12,11,13,18,39,19,27,37,11,44,14,36,15,11,18,23,13,24,24,35,11,20,11,32,22,15,11,15,33,23,40,31,13,18,11,31,12,11,19,18,12,20,50,34,16,22,27,24,26,15,45,17,19,29,36,37,18,13,20,27,122,19,34,23,26,23,31
21,42,59,21,26,36,13,26,20,14,11,20,27,12,11,26,12,11,24,18,57,12,16,19,30,25,17,20,72,11,11,11,13,17,43,21,22,37,11,42,16,35,15,14,17,23,15,18,20,35,11,18,11,31,20,11,16,16,34,20,37,34,15,21,11,30,11,11,21,20,17,24,43,34,18,20,23,25,28,11,42,19,13,25,29,34,23,11,14,31,119,20,32,20,34,20,23
21.25,44,64,25,25,45,21,27,21,12,15,19,27,13,11,27,14,11,26,21,58,12,20,15,27,21,14,24,74,11,13,11,11,13,36,20,24,38,11,40,17,35,14,11,20,22,11,23,25,39,11,19,17,32,22,13,16,19,30,23,40,30,15,21,11,32,13,11,25,25,15,27,46,34,17,22,27,24,25,16,43,14,14,24,35,33,19,12,17,32,120,19,32,15,30,29,32
21.5,44,65,24,24,40,22,27,21,13,18,20,25,13,13,27,11,13,25,21,59,14,19,19,34,26,16,26,70,11,14,11,13,13,43,17,26,42,11,45,16,35,12,14,18,22,13,19,24,37,11,25,12,30,24,12,13,17,38,27,41,31,14,21,11,30,12,11,22,20,15,20,48,34,17,21,25,26,25,15,42,15,13,28,36,40,21,13,15,26,122,20,37,23,28,18,30
21.75,39,61,23,23,38,15,23,17,11,16,18,23,12,11,22,11,11,28,17,55,11,18,20,26,22,14,22,71,11,13,11,12,14,36,16,22,39,11,44,18,35,16,11,16,21,12,20,22,43,11,20,12,30,22,13,14,16,31,27,41,30,19,21,11,31,11,13,21,21,15,23,47,32,15,25,25,25,26,11,38,17,17,24,37,33,18,15,18,31,119,20,38,17,32,22,29
22,44,64,26,23,42,14,24,19,13,12,17,24,14,15,28,14,12,24,19,61,14,18,18,32,25,14,24,71,11,15,11,17,12,40,19,23,38,11,44,18,33,17,13,20,21,15,21,24,39,11,21,11,34,20,11,12,16,36,28,42,29,18,22,13,32,12,11,21,22,18,21,46,32,18,25,27,27,27,11,47,17,18,23,35,38,18,11,18,28,116,24,29,19,30,23,28
22.25,44,63,24,20,43,13,31,19,13,12,17,22,15,12,27,12,14,27,17,61,11,18,13,32,24,19,24,72,11,12,11,16,16,40,18,24,42,11,44,14,36,16,15,19,21,13,18,25,41,11,18,14,34,19,14,11,11,36,26,40,30,16,22,11,30,11,12,22,21,14,22,45,34,15,24,23,26,27,15,43,17,14,26,37,41,23,15,16,29,118,22,37,15,31,24,29
22.5,41,65,27,23,42,20,28,24,11,12,21,24,16,11,24,14,12,33,20,61,14,18,16,35,21,20,23,69,11,12,11,16,21,42,19,27,35,11,46,19,39,21,13,20,21,11,18,24,41,11,19,15,32,27,11,11,18,41,32,40,30,17,21,16,36,11,11,23,21,13,25,45,31,16,23,26,29,28,12,37,16,15,27,36,42,21,12,15,28,115,22,29,20,28,22,30
22.75,43,63,22,22,44,16,25,19,16,12,19,25,12,12,26,11,14,31,13,60,13,19,16,34,24,15,24,72,11,11,11,16,14,40,19,26,42,11,47,17,36,16,14,20,22,11,21,24,42,11,20,12,35,19,11,15,16,34,23,43,34,17,23,12,34,13,11,19,19,12,24,44,35,16,23,21,28,25,13,44,16,13,29,35,39,20,11,17,35,115,22,35,17,32,27,29
23,40,64,21,24,40,17,26,25,11,12,18,23,15,13,26,13,15,28,17,61,13,15,19,34,22,14,23,71,11,11,11,15,14,44,16,25,40,11,45,17,33,19,14,18,18,11,24,22,41,11,18,13,34,20,13,15,19,37,23,37,34,16,20,11,36,12,12,21,23,16,25,48,37,13,24,27,27,27,15,45,18,11,26,37,42,20,12,16,31,116,23,31,19,30,23,30
23.25,42,63,22,19,43,18,26,21,16,15,20,23,16,17,26,13,13,30,15,59,15,16,15,31,23,16,22,70,11,17,11,15,16,43,18,22,41,11,46,14,38,17,12,19,18,11,21,22,43,11,22,13,31,19,12,13,21,33,25,42,31,17,18,12,31,13,11,18,20,15,20,47,34,16,22,25,28,31,18,47,13,16,25,37,36,20,13,15,32,115,19,32,23,28,24,26
23.5,41,67,24,23,41,22,30,25,11,15,19,25,15,11,30,14,17,28,20,60,14,19,20,34,25,18,22,71,11,15,11,14,15,40,13,27,38,11,46,15,34,17,15,19,21,12,21,26,38,11,20,14,37,26,15,15,19,34,26,39,30,16,23,11,40,12,14,24,21,21,24,46,30,19,23,26,27,30,12,43,14,16,24,39,41,24,19,17,33,118,20,33,20,26,21,31
23.75,40,68,27,24,46,18,28,23,11,19,19,27,17,12,30,11,11,29,20,57,12,18,20,36,22,19,25,69,11,13,11,16,17,42,20,27,41,11,50,20,35,20,14,17,21,11,19,26,46,11,17,12,32,22,11,20,16,35,28,42,33,17,16,11,38,13,11,21,17,15,24,44,34,16,23,26,27,28,11,41,18,19,25,41,37,22,13,16,33,114,19,34,16,29,22,28
24,39,63,27,23,44,21,30,23,11,12,21,24,14,12,29,11,19,26,20,63,13,16,14,32,24,15,28,72,11,14,11,12,22,47,20,25,43,11,52,15,35,17,14,20,22,11,18,25,38,11,20,17,34,22,15,16,19,39,28,41,32,22,22,12,34,13,11,21,17,18,20,50,32,16,25,27,27,27,15,45,20,19,25,36,41,19,12,16,30,121,21,34,22,30,22,32
24.25,40,65,25,18,44,17,28,25,12,13,20,21,13,11,29,12,12,31,17,62,15,21,18,34,22,19,21,73,11,16,11,15,14,44,19,26,41,11,53,16,38,18,14,19,20,16,17,24,44,11,20,15,35,21,12,14,17,38,27,43,38,19,23,13,35,16,11,21,18,14,24,49,36,14,22,27,31,29,11,42,21,17,25,41,43,20,17,17,37,119,20,30,16,25,23,28
24.5,45,61,27,24,41,16,26,24,11,14,20,24,13,15,29,12,15,30,17,57,12,16,18,38,24,18,27,69,11,11,11,15,12,43,15,27,41,11,49,17,39,22,12,14,21,11,22,22,42,11,19,11,36,22,11,15,17,41,29,38,32,17,20,12,33,13,11,19,19,15,21,45,34,15,19,28,29,28,11,40,15,14,24,39,42,19,12,13,33,118,24,34,15,24,22,27
24.75,46,67,26,24,44,22,28,25,13,15,21,21,14,11,30,13,16,31,20,62,12,22,17,37,23,18,27,70,11,11,13,15,16,43,19,26,43,11,54,16,41,19,12,20,23,11,18,22,44,11,16,16,33,21,11,14,18,39,32,39,29,21,24,12,38,14,14,21,18,17,21,48,37,15,22,25,30,29,11,42,17,16,25,42,38,21,13,14,29,117,18,37,20,29,25,33
25,42,67,25,21,46,16,31,21,15,14,20,23,15,14,33,14,15,31,21,59,13,22,18,34,22,16,27,71,11,13,11,14,20,47,17,27,43,11,53,17,39,20,13,19,19,11,21,23,44,11,17,13,37,24,16,16,19,34,32,43,35,18,22,16,37,13,11,21,17,14,23,51,33,18,22,26,29,32,12,46,18,18,22,41,43,19,15,13,33,117,18,33,24,33,24,30
25.25,41,68,25,24,42,19,28,23,13,17,23,21,16,11,32,11,15,27,22,64,11,20,16,38,24,20,27,71,11,17,14,13,19,45,17,26,44,11,51,20,38,25,16,20,20,12,22,28,46,11,16,11,36,23,13,14,19,39,28,45,28,19,20,14,36,13,13,22,20,15,25,47,35,18,23,23,30,27,13,43,15,17,25,43,41,18,14,17,32,122,22,36,18,30,25,32
25.5,39,64,25,17,35,13,33,22,11,11,19,24,16,12,29,14,11,25,16,64,13,20,16,37,24,23,26,71,11,16,13,16,15,44,19,29,41,11,54,21,41,20,15,21,18,11,20,26,50,11,18,15,36,22,15,16,22,38,29,45,29,19,18,12,37,14,15,24,21,19,26,50,38,17,24,29,31,31,11,45,14,17,23,43,44,19,14,17,32,118,22,34,18,28,21,30
25.75,40,63,26,19,41,14,32,23,13,13,19,26,16,15,28,14,15,21,15,62,11,22,18,36,25,19,25,73,11,14,11,16,17,48,19,26,39,11,53,13,39,21,16,22,20,14,20,30,42,11,18,14,37,23,12,15,18,39,32,41,28,19,23,13,37,15,11,20,21,15,21,49,35,14,17,28,28,29,17,44,19,17,25,39,42,16,15,12,30,116,19,35,20,24,20,32
26,37,67,27,20,42,14,30,22,15,16,20,23,14,11,37,11,11,25,16,59,12,18,22,36,23,19,19,73,11,13,11,17,12,48,17,28,40,11,56,16,40,23,13,21,22,11,18,25,48,11,18,17,40,23,15,12,18,40,27,40,33,21,22,13,42,15,13,21,19,18,24,48,37,16,24,28,33,28,19,44,13,18,26,41,39,22,11,13,36,116,18,37,18,29,21,28
26.25,42,67,27,20,39,21,27,24,14,15,21,22,13,11,37,11,19,27,18,61,12,20,18,33,23,18,23,72,11,16,12,12,18,50,21,27,44,11,55,17,42,25,18,17,22,14,20,24,45,11,19,13,38,27,16,13,16,40,30,43,30,18,21,11,38,16,11,21,20,15,23,46,32,21,25,27,32,33,20,42,17,17,22,41,42,19,15,16,33,118,25,34,19,32,25,34
26.5,38,65,27,19,39,19,32,26,11,11,22,20,17,13,34,11,12,30,17,63,12,24,14,35,23,18,26,72,11,13,16,16,15,47,17,26,43,11,60,21,39,22,15,22,17,13,21,23,42,11,21,16,38,26,14,18,17,43,30,41,26,19,23,11,36,12,11,19,20,18,25,48,34,14,26,27,32,34,12,44,17,15,23,42,43,21,17,15,35,119,21,34,20,27,23,29
26.75,44,70,30,27,45,20,32,24,15,12,25,26,18,13,38,14,16,26,21,59,13,23,17,38,24,17,27,71,11,15,12,12,13,45,16,28,44,11,57,17,44,26,11,18,19,11,19,23,44,11,17,14,39,23,13,15,20,45,31,45,33,24,21,11,38,13,11,23,20,21,22,48,37,15,24,25,32,32,16,40,21,11,23,42,44,22,11,19,29,118,18,36,21,25,20,35
27,38,66,30,19,44,17,31,24,16,11,21,25,17,17,35,12,15,27,17,60,12,19,13,41,24,16,23,70,11,12,11,14,15,45,20,25,46,11,59,18,42,23,20,18,17,14,24,28,49,12,16,17,40,21,12,15,18,43,31,41,34,23,21,13,41,17,15,22,21,17,25,46,37,20,26,27,31,33,16,47,17,19,22,44,42,21,11,17,35,122,23,33,22,24,27,36
27.25,42,64,30,19,42,20,32,24,11,14,18,25,15,19,34,11,16,24,19,62,13,17,19,39,20,22,26,74,11,16,11,18,16,49,18,25,44,11,58,19,45,26,15,17,20,11,19,24,47,11,15,15,41,24,19,15,20,43,27,47,32,22,27,19,42,14,13,17,26,15,26,48,37,15,29,27,33,33,20,46,16,14,24,38,42,17,12,17,31,118,24,36,18,31,27,35
27.5,42,64,29,24,48,20,39,27,13,15,22,25,17,13,41,11,13,28,17,57,13,21,16,40,27,14,29,69,11,12,11,12,16,51,19,28,47,11,59,17,44,25,16,16,19,11,18,24,47,11,20,15,36,27,13,12,22,41,27,43,31,25,20,12,42,11,14,20,20,13,26,44,39,13,25,23,30,31,16,41,17,15,23,42,47,18,14,18,35,114,22,34,19,28,24,31
27.75,43,71,37,28,49,20,35,27,15,16,18,24,17,13,38,12,19,31,23,63,13,20,14,36,27,20,24,70,11,14,11,18,15,51,18,26,46,11,62,13,43,21,17,21,23,11,21,24,48,11,19,16,43,25,13,20,17,42,37,46,35,20,21,14,42,15,12,24,20,16,21,50,38,13,26,32,37,33,15,46,19,17,25,45,45,21,17,14,34,119,23,35,24,31,24,37
28,42,68,28,21,46,24,38,29,11,15,22,23,12,12,37,11,14,32,19,65,14,21,18,41,21,22,23,69,11,11,12,18,14,51,16,27,46,11,64,19,43,23,14,20,18,12,17,24,48,11,19,17,39,25,15,16,18,46,35,43,38,23,19,13,40,16,13,23,17,16,23,46,33,14,24,27,35,30,14,45,17,17,23,43,41,20,18,13,38,120,25,36,20,30,22,35
28.25,37,70,34,19,47,18,39,25,14,11,20,22,15,11,39,13,13,30,21,64,13,20,19,42,24,14,30,72,11,15,12,19,18,51,19,25,47,11,62,18,39,26,18,19,22,13,22,26,52,11,19,13,41,21,13,13,20,45,33,49,31,19,23,11,42,16,16,17,19,21,25,47,37,16,20,24,33,38,16,41,16,17,27,46,45,21,15,14,34,122,22,41,18,30,25,32
28.5,43,69,33,27,49,21,41,26,15,18,19,27,15,17,39,13,15,34,23,58,11,22,16,44,25,21,28,71,11,14,13,17,16,54,19,28,45,11,61,18,46,28,21,21,26,15,25,25,50,11,22,11,38,28,16,19,23,46,36,46,32,24,22,15,43,16,17,25,19,22,25,51,35,16,26,26,34,33,16,40,19,16,24,46,46,21,15,16,33,118,24,37,13,32,23,33
28.75,39,67,36,23,48,18,36,28,15,13,16,25,15,11,39,13,14,30,18,61,14,22,18,44,23,23,25,71,11,11,13,15,14,52,17,32,48,11,63,21,47,27,17,19,24,11,23,28,50,11,14,15,40,22,17,14,18,48,35,48,35,25,21,12,43,18,13,21,20,19,25,43,33,15,27,28,32,38,16,45,20,16,22,42,46,19,11,17,32,118,22,36,18,31,24,36
29,40,69,36,24,48,24,37,23,14,14,21,23,15,13,43,11,18,28,18,61,16,25,15,41,26,16,27,75,11,16,11,18,16,51,19,28,49,11,61,16,44,27,17,21,21,14,22,26,49,11,22,13,40,22,18,13,21,47,37,46,33,24,24,12,44,15,15,19,19,18,27,49,33,13,26,26,34,36,16,42,19,19,27,46,47,16,13,11,34,117,22,37,19,30,24,35
29.25,39,66,33,21,42,20,36,28,13,11,18,22,17,11,37,11,13,28,21,62,11,21,15,41,21,20,26,73,11,16,11,15,15,50,18,28,47,11,67,18,43,29,18,19,22,12,21,27,48,11,20,15,44,25,12,16,19,48,37,50,32,20,23,14,44,17,12,21,21,17,25,48,37,13,26,30,31,37,13,39,16,17,24,44,45,19,14,16,36,119,18,36,20,26,26,32
29.5,44,67,40,28,51,21,38,28,14,14,17,27,13,13,44,11,17,33,17,62,11,22,21,40,25,20,26,75,11,13,11,19,14,56,20,32,50,11,66,14,47,27,16,20,22,11,24,25,48,11,19,14,45,29,15,15,22,51,38,45,31,26,20,11,43,12,13,24,22,18,27,48,38,16,25,29,37,39,15,41,24,19,22,43,46,15,16,16,31,118,22,34,19,31,22,35
29.75,44,72,36,25,51,23,37,26,11,12,21,23,13,14,44,11,17,33,20,61,15,22,13,42,20,21,29,71,11,15,11,18,15,51,18,29,46,11,67,17,47,24,18,15,18,11,19,28,50,11,20,19,41,23,17,11,17,46,42,46,32,26,21,13,46,17,14,20,18,17,27,51,32,18,26,26,37,40,20,40,20,18,21,48,49,19,13,11,31,118,18,33,22,31,27,35
30,39,65,34,22,46,16,38,20,11,12,21,22,13,12,39,11,15,28,18,61,11,17,14,43,23,16,25,72,11,11,11,16,16,54,13,29,45,11,66,16,44,25,15,17,21,11,16,22,48,11,19,14,43,20,17,15,20,49,36,48,31,24,20,12,46,18,11,20,19,12,24,51,35,13,22,26,35,34,13,41,18,13,22,45,48,19,18,16,32,120,22,38,21,28,23,33
30.25,43,70,33,25,50,19,35,25,11,15,25,24,11,11,42,11,13,32,15,59,12,24,19,42,22,15,29,71,11,13,11,17,17,53,19,28,50,11,66,16,43,28,12,14,16,13,19,25,49,11,18,14,39,20,11,16,19,47,35,46,29,23,25,11,42,16,13,21,15,12,27,43,37,16,22,24,35,32,15,40,19,14,23,49,48,21,17,13,32,121,20,40,19,28,22,32
30.5,43,69,39,23,51,18,37,28,12,11,21,22,15,14,48,11,15,37,15,62,11,20,18,41,26,15,31,66,11,15,11,14,15,52,21,26,50,11,67,15,45,26,14,17,22,13,23,24,51,11,20,15,42,26,14,18,20,52,37,48,30,29,20,11,48,17,13,21,20,19,19,48,36,15,26,27,34,38,18,43,23,15,22,46,50,20,14,16,26,117,20,34,18,28,23,30
30.75,39,68,38,26,49,19,42,26,15,17,23,27,11,11,38,11,18,33,18,65,11,20,19,46,23,18,26,73,11,13,14,17,15,54,15,29,48,11,70,19,45,31,15,20,20,11,24,25,52,11,17,15,46,22,12,11,18,49,39,44,33,25,23,11,45,18,11,20,22,17,24,48,35,16,25,27,37,34,13,42,21,16,23,47,52,19,13,13,34,120,25,37,21,31,25,35
31,43,71,42,27,53,17,43,26,11,12,21,23,13,11,39,12,19,32,18,62,11,23,17,42,22,17,27,71,11,12,11,14,19,49,21,28,51,11,69,15,48,31,11,14,20,12,21,22,48,11,18,13,40,23,15,14,20,53,38,48,36,23,25,11,47,13,16,25,20,15,27,47,37,20,26,27,35,38,19,41,20,17,20,46,49,22,11,15,30,116,17,31,19,28,23,33
31.25,41,66,42,23,52,26,35,29,12,12,18,23,13,13,48,12,16,34,20,61,11,22,14,47,22,19,30,70,11,14,12,17,16,57,17,28,54,11,73,21,45,30,15,19,18,13,19,23,51,11,17,15,46,22,11,13,22,48,40,51,31,28,25,13,47,16,17,19,21,21,22,53,41,17,26,27,38,37,12,40,24,19,24,46,50,19,14,14,30,118,27,37,19,26,20,35
31.5,39,66,43,25,50,21,39,26,14,12,21,23,14,11,45,11,16,33,19,61,11,21,13,44,23,19,29,74,11,15,11,16,12,52,23,26,55,11,73,20,46,31,16,23,21,11,20,24,54,11,20,17,42,25,14,14,23,50,41,50,31,24,17,13,45,19,13,22,21,18,25,49,34,17,29,30,36,39,16,44,22,19,24,50,50,20,16,14,36,117,21,37,18,28,22,35
31.75,45,73,44,26,56,21,43,33,18,16,23,21,18,14,49,11,17,30,25,65,14,22,17,50,25,19,29,71,11,14,13,19,15,53,25,28,52,11,74,19,48,34,18,19,21,14,20,29,55,11,19,14,44,27,16,18,19,50,40,49,32,28,27,13,46,16,15,22,21,20,23,49,36,18,24,29,38,38,20,42,23,18,25,51,55,20,14,16,32,121,22,39,25,29,26,34
32,46,70,44,25,56,22,43,32,14,20,22,21,13,12,45,15,17,31,19,60,14,23,20,49,22,19,31,75,11,15,13,17,11,57,19,21,52,11,72,17,47,32,17,20,20,14,22,21,52,11,22,14,47,23,18,14,17,56,38,48,33,27,20,12,47,21,12,20,19,20,24,49,41,18,26,26,39,40,15,40,20,18,21,46,56,18,14,13,30,120,27,42,23,29,23,34
32.25,44,74,49,30,56,21,45,28,13,12,22,26,16,16,49,11,16,36,18,63,12,23,18,51,23,17,26,74,11,15,11,18,17,54,19,29,52,11,74,15,46,35,17,18,22,13,22,28,54,13,18,16,46,25,15,15,21,56,41,50,32,30,25,12,48,15,15,21,23,20,22,49,35,17,21,32,38,38,16,39,22,17,25,48,51,21,14,12,31,122,21,39,20,28,23,33
32.5,43,68,45,24,54,18,43,28,16,11,21,22,14,11,48,11,21,33,20,64,11,22,19,46,25,18,29,72,11,16,11,15,16,55,18,31,54,11,76,16,50,32,16,21,23,14,19,25,54,12,19,17,45,26,16,13,20,53,40,46,36,31,21,13,47,19,14,21,18,15,26,51,39,17,20,30,39,39,18,38,23,17,19,52,52,20,20,13,35,121,23,36,17,28,28,33
32.75,37,69,43,24,55,20,45,31,14,13,20,26,13,11,51,11,16,30,17,64,12,20,15,42,21,15,27,72,11,13,11,15,16,57,19,25,52,11,73,15,45,25,19,17,19,11,19,24,51,11,18,13,40,24,13,14,20,54,42,48,31,28,23,11,47,16,13,17,18,18,24,48,33,13,25,25,38,37,14,39,16,20,22,48,51,18,14,14,31,115,23,38,20,25,22,33
33,43,71,45,25,56,20,43,29,11,12,24,25,14,14,49,12,18,30,23,69,13,18,14,48,21,20,30,72,11,15,14,17,15,58,19,30,50,11,80,17,50,27,17,21,21,11,21,24,55,11,22,14,49,23,15,18,17,56,39,46,34,25,25,11,50,20,17,21,19,19,25,53,36,17,23,30,36,37,15,44,22,18,24,48,50,21,22,13,34,121,20,35,24,28,25,32
33.25,44,70,46,25,53,17,42,24,11,13,21,24,11,11,47,11,17,31,20,63,14,21,18,44,22,17,27,75,11,15,11,11,13,55,16,26,49,11,74,17,49,31,16,17,20,11,19,22,52,11,21,15,44,23,11,13,16,53,40,49,32,30,22,11,49,17,15,21,20,18,26,52,36,14,20,29,36,39,15,39,19,19,24,49,52,16,14,12,30,112,21,38,18,27,22,31
33.5,45,67,47,25,52,18,45,31,12,14,19,25,15,11,51,11,16,32,14,62,17,20,12,44,26,18,27,71,11,15,13,19,17,56,19,27,49,11,77,16,50,34,18,17,20,12,20,24,54,11,14,16,48,25,16,17,22,56,40,49,35,27,26,16,47,20,12,24,22,20,24,49,36,16,26,28,41,41,18,43,21,15,21,47,50,20,17,13,32,116,28,36,18,26,22,31
33.75,42,70,47,22,52,19,44,26,18,13,22,23,13,12,51,11,19,32,18,63,11,22,17,47,21,18,30,72,11,15,12,17,12,57,17,28,55,11,79,19,54,35,19,20,22,14,24,25,57,11,19,16,46,25,13,18,21,57,43,46,31,29,21,14,50,17,18,23,21,19,30,53,35,13,26,25,40,45,17,44,23,17,26,50,55,17,15,17,32,121,23,37,22,28,25,36
34,40,67,51,24,57,24,46,27,14,13,21,24,11,11,49,11,17,34,16,61,13,22,16,50,22,13,28,72,11,16,14,15,14,58,19,32,50,11,80,16,53,30,17,13,19,11,19,22,56,11,16,11,44,25,12,16,20,60,42,49,34,29,27,11,52,17,15,22,19,15,24,50,37,16,25,27,39,40,18,44,21,16,18,48,54,13,18,14,34,115,25,37,18,29,22,32
34.25,40,73,53,23,56,19,49,30,16,17,23,24,14,11,51,11,16,33,24,65,13,25,17,48,26,17,32,70,11,11,11,18,16,58,20,30,51,11,77,18,55,36,16,18,21,11,20,27,61,11,19,16,48,26,15,12,18,57,42,50,33,30,24,14,55,14,14,21,20,15,28,51,39,16,25,29,44,40,19,41,22,16,24,53,56,21,15,16,32,116,25,33,19,25,26,37
34.5,41,73,56,28,61,23,48,34,17,14,23,24,20,13,56,12,19,36,20,68,13,23,20,50,24,16,33,72,11,15,13,20,16,59,23,27,54,11,87,17,53,33,15,19,22,15,23,26,55,11,21,15,49,26,18,19,23,64,44,53,32,28,23,15,53,21,15,24,22,21,28,49,39,17,27,32,43,43,21,46,23,24,24,53,57,21,18,19,31,117,26,35,25,30,30,37
34.75,43,70,52,21,53,20,43,30,14,15,21,21,13,14,52,11,15,35,16,67,12,20,16,49,23,22,32,75,11,11,11,16,14,59,17,28,49,11,81,17,55,30,20,21,15,11,23,27,55,11,18,14,47,27,18,14,22,61,41,54,34,29,23,15,54,19,20,18,18,18,24,57,33,17,25,25,43,41,19,43,24,18,21,53,53,21,15,17,31,120,22,36,21,28,28,31
35,41,69,51,26,61,15,44,31,12,12,18,27,14,13,49,13,18,34,19,64,12,21,17,46,19,19,30,70,11,13,11,20,21,60,18,26,52,11,82,19,54,36,19,19,21,11,20,21,55,11,16,13,47,20,14,12,18,58,43,48,36,28,23,11,53,20,16,21,18,15,23,54,33,19,28,26,40,44,15,39,23,17,23,51,54,19,15,12,35,117,26,37,21,23,24,33
35.25,42,75,61,29,58,25,48,37,16,11,22,27,16,14,58,11,16,41,21,62,15,25,14,50,26,19,32,72,11,16,15,20,18,60,20,27,56,11,85,16,53,36,21,19,20,15,17,24,56,11,17,19,49,26,19,16,21,62,44,50,32,29,23,13,49,18,15,24,18,21,27,55,37,19,24,31,41,39,17,45,25,19,19,52,58,22,19,17,30,120,27,35,22,27,27,39
35.5,40,67,57,19,53,20,46,34,17,13,22,24,15,12,57,12,19,35,18,61,15,16,15,49,23,21,32,74,11,11,11,21,20,62,17,26,53,11,86,18,53,33,18,20,20,17,19,28,60,11,21,12,45,22,17,18,18,61,43,49,33,27,21,14,52,20,19,21,24,16,20,56,35,18,26,26,42,44,22,43,26,21,21,49,57,22,15,11,33,120,26,38,19,26,23,34
35.75,45,68,59,25,58,22,49,30,14,16,26,19,17,11,58,11,18,38,19,68,11,21,14,49,21,18,30,74,11,13,12,14,12,61,21,28,54,11,83,20,56,33,22,21,20,11,19,26,60,11,18,17,48,25,16,12,20,60,44,49,34,29,24,15,55,21,14,19,17,18,23,50,38,19,23,29,43,46,18,46,25,18,21,53,54,21,16,16,37,117,29,41,21,28,24,39
36,44,71,59,22,59,21,48,29,11,15,21,24,17,11,56,11,18,36,21,67,12,24,15,51,23,20,32,73,11,14,11,20,12,58,18,25,53,11,85,14,50,36,18,14,20,11,15,22,58,11,18,19,47,24,16,15,19,62,45,51,34,30,26,12,52,20,15,24,23,19,25,56,36,17,27,27,40,43,16,43,28,19,22,48,54,15,18,14,30,117,24,40,15,29,23,33
36.25,40,70,59,26,56,22,52,29,13,13,22,25,14,13,60,11,19,35,18,66,11,26,16,51,23,21,30,71,11,13,14,19,17,63,17,29,55,11,83,19,53,34,16,16,17,12,22,25,59,11,21,18,46,23,15,12,18,66,43,56,31,35,24,14,52,21,18,25,21,17,24,53,38,16,25,27,43,50,14,42,25,19,19,57,58,19,17,13,30,121,24,36,22,29,23,34
36.5,48,74,62,28,62,24,50,29,17,13,25,22,14,13,57,11,23,35,18,65,14,25,19,51,25,16,31,74,11,16,12,18,17,61,22,28,58,11,87,14,50,35,18,16,19,11,16,23,58,11,20,17,49,24,17,14,20,62,46,54,30,32,25,11,52,23,16,21,19,19,22,50,38,16,29,29,41,45,20,47,27,20,23,52,58,17,18,14,26,120,25,41,25,26,23,37
36.75,43,77,62,28,58,22,48,33,17,14,24,23,15,12,59,12,18,41,21,63,16,27,19,52,24,18,32,75,11,16,11,18,19,57,23,29,52,11,85,21,56,37,17,18,26,13,20,24,57,11,22,18,48,28,15,17,19,67,46,52,36,28,26,14,54,22,20,19,20,17,21,54,42,16,25,34,44,48,23,42,25,20,27,55,56,19,22,13,32,117,25,36,22,29,26,32
37,45,70,61,27,61,18,52,31,11,11,22,24,15,13,58,11,15,41,20,68,15,26,13,51,19,18,33,74,11,15,13,18,14,58,18,23,55,11,87,15,56,36,19,20,22,11,22,21,54,11,20,14,46,24,15,13,20,64,44,49,34,34,22,15,54,19,16,21,21,19,27,52,33,14,23,30,41,44,16,42,25,23,25,57,59,17,18,14,31,118,25,39,20,29,24,35
37.25,38,70,63,24,59,20,48,28,15,13,21,25,12,11,58,11,14,38,18,66,11,21,11,51,22,17,31,75,11,14,11,16,17,58,18,29,53,11,87,18,56,35,18,18,19,11,21,22,59,11,19,21,50,25,14,15,20,62,48,52,30,29,21,11,57,18,15,23,19,16,25,59,34,15,22,32,43,50,19,41,22,17,25,54,56,16,16,16,34,124,25,36,17,26,25,39
37.5,43,72,61,30,61,22,49,33,16,17,21,23,12,11,62,12,18,39,16,61,11,22,15,53,22,18,34,72,11,13,12,20,19,65,18,30,52,11,88,18,56,36,17,15,19,11,24,26,62,11,16,13,47,23,16,13,23,65,43,50,33,31,26,16,56,19,16,18,18,18,24,57,37,16,22,24,41,47,16,37,23,22,21,59,59,20,13,14,34,117,24,42,20,23,22,33
37.75,39,71,64,25,61,25,52,32,13,16,21,19,13,11,58,11,19,36,15,62,11,25,16,52,21,18,29,73,11,13,12,18,13,67,20,28,55,11,87,18,57,38,16,19,21,11,19,21,63,11,15,16,48,25,12,13,18,63,48,52,28,27,21,12,55,19,18,22,17,17,22,54,36,14,28,27,40,46,16,39,31,18,24,60,58,19,19,18,36,119,22,37,17,31,22,33
38,41,75,66,23,65,22,51,31,11,12,23,25,14,11,62,13,22,41,17,65,12,25,15,56,22,19,31,69,11,14,11,16,16,65,18,29,53,11,87,14,56,40,17,16,17,13,22,25,59,11,17,16,47,26,15,15,19,66,51,56,32,29,22,11,57,22,14,20,20,18,26,55,37,18,22,25,43,47,16,37,23,20,25,54,56,22,18,12,32,118,24,41,21,25,26,34
38.25,47,73,71,27,66,23,54,36,14,17,22,25,18,13,61,11,22,41,20,67,16,20,17,57,19,18,32,71,11,13,13,21,17,64,19,31,54,11,92,14,63,40,21,17,23,11,18,26,58,11,18,13,53,27,12,13,17,65,47,54,35,27,21,13,59,24,15,21,19,22,26,58,39,15,21,28,41,50,21,40,25,23,22,58,62,21,20,11,35,122,25,36,24,25,21,33
38.5,45,75,65,27,68,22,54,37,15,12,22,22,14,11,63,11,20,42,24,66,14,21,18,59,24,16,32,74,11,12,12,22,13,67,24,27,53,11,92,20,54,43,17,17,18,11,24,27,59,11,21,20,51,23,18,15,22,66,46,49,32,28,27,11,58,23,20,18,24,21,23,59,34,17,25,33,43,49,22,43,29,18,21,58,58,19,19,14,30,121,25,38,22,29,25,39
38.75,41,72,70,26,67,20,54,32,19,13,23,22,13,11,64,15,21,40,21,64,12,23,16,53,26,19,33,73,11,16,12,19,14,62,19,26,54,11,93,14,58,37,17,18,17,13,21,27,59,11,22,14,52,24,11,16,21,67,52,56,33,33,26,11,55,19,17,16,22,20,20,55,37,16,25,27,46,49,14,37,29,19,24,56,61,20,22,13,32,119,23,38,20,24,27,32
39,44,79,74,26,63,19,56,34,17,11,20,20,12,13,62,11,20,40,22,64,14,19,16,55,24,19,36,73,11,17,11,19,15,67,22,27,56,11,93,14,61,36,19,17,25,11,15,26,60,11,23,17,49,26,19,13,20,70,46,58,35,29,23,16,57,21,20,16,21,15,25,58,39,18,26,29,48,52,14,42,26,22,23,54,61,19,21,13,30,115,26,41,25,27,23,37
39.25,40,75,74,23,65,24,57,33,18,12,23,23,15,12,67,14,21,43,18,71,16,23,16,55,27,17,34,73,11,16,14,19,17,65,20,22,56,11,95,19,59,37,19,19,18,11,22,22,62,11,17,18,54,28,21,18,21,68,51,53,35,31,24,17,56,26,18,21,20,20,23,52,37,19,29,30,46,51,19,47,26,22,26,61,62,19,18,14,33,118,22,40,23,31,24,37
39.5,40,72,68,23,62,21,55,35,18,12,26,23,17,11,62,11,15,42,19,63,12,25,15,53,21,18,35,71,11,12,12,16,16,64,19,23,55,11,97,17,59,43,21,21,18,13,23,25,58,11,20,16,51,22,14,11,20,70,51,57,33,32,25,15,59,26,19,21,23,18,24,57,35,17,22,27,46,50,18,43,25,20,26,56,56,24,17,11,35,121,23,41,24,28,24,35
39.75,45,73,70,22,68,19,54,29,17,15,18,21,15,11,64,11,22,43,19,66,14,21,16,56,24,16,34,70,11,13,11,17,17,70,19,28,54,11,95,17,59,39,19,15,20,11,21,30,60,11,21,12,52,23,14,11,21,70,51,56,35,32,24,13,55,26,18,17,22,19,24,54,34,15,26,28,42,49,17,39,28,19,21,57,59,20,20,13,33,115,26,42,18,28,26,35
40,43,71,76,21,65,23,56,30,17,14,20,24,16,17,67,11,23,43,18,66,12,21,15,56,21,16,33,74,11,16,11,20,14,68,19,29,49,11,97,18,57,37,19,20,21,14,18,22,64,11,19,13,53,22,15,18,17,67,48,52,31,32,22,12,54,27,18,19,22,16,20,57,37,17,23,26,45,54,24,41,25,18,19,53,60,17,17,17,31,118,20,38,22,29,30,33
40.25,41,76,75,28,68,26,59,34,16,16,23,25,18,11,68,11,25,44,17,69,16,26,16,55,20,19,34,71,11,13,12,15,16,66,19,25,57,11,96,17,61,40,17,20,21,11,21,25,64,11,20,17,56,26,16,16,20,68,49,59,32,30,24,11,58,23,18,22,21,18,24,56,36,18,26,32,44,47,16,36,26,21,21,60,62,19,19,11,29,116,23,42,19,24,30,34
40.5,43,70,73,27,64,21,60,32,19,14,20,22,14,12,68,12,20,43,16,62,14,25,18,57,22,21,36,75,11,14,14,19,14,68,19,29,55,11,98,18,64,38,21,22,20,14,20,23,63,11,18,16,49,28,14,11,19,70,49,53,32,32,23,17,57,20,19,16,17,19,21,60,39,13,22,35,43,49,15,35,28,20,18,62,61,17,19,13,30,120,27,41,20,28,24,35
40.75,40,76,73,21,63,19,54,36,18,13,21,21,14,15,66,12,18,39,19,67,13,19,15,55,23,18,34,70,11,15,12,24,18,67,23,27,55,11,100,23,60,43,21,14,18,12,18,24,60,11,18,19,53,28,15,16,17,70,51,55,31,36,23,15,58,25,19,19,21,22,24,58,40,17,25,31,41,51,23,44,26,18,20,61,62,20,20,17,34,124,23,34,25,28,26,36
41,41,72,75,24,69,22,59,32,19,15,18,23,11,11,69,11,18,46,20,66,15,21,14,57,23,16,34,75,11,15,11,19,13,68,17,28,55,11,99,16,60,40,21,16,22,13,17,23,64,11,20,14,53,25,11,15,20,73,48,55,29,35,25,14,58,22,18,20,17,23,20,59,36,15,20,29,48,55,21,43,26,18,21,62,66,21,19,13,34,119,22,42,23,23,27,34
41.25,41,72,75,27,72,20,58,38,19,13,19,23,17,13,71,11,23,49,20,64,14,23,20,58,20,15,32,74,11,16,13,21,13,71,21,27,55,11,99,17,64,42,22,15,19,11,19,21,64,11,17,14,54,26,14,12,21,73,53,58,35,33,28,11,57,25,18,23,22,16,20,60,38,19,25,31,43,54,18,41,28,24,19,58,62,17,19,19,32,118,28,42,23,27,24,36
41.5,39,71,76,23,67,23,56,32,17,14,24,21,14,11,68,11,19,46,17,62,11,25,17,58,20,18,39,73,11,14,11,21,15,73,18,26,57,11,98,17,60,39,19,18,23,11,18,26,68,11,18,15,51,26,17,18,22,76,53,52,34,34,23,11,57,27,19,19,21,17,23,59,39,16,21,30,45,55,19,38,22,21,22,63,66,19,21,14,31,121,29,42,23,23,26,32
41.75,44,75,81,29,71,26,63,36,16,18,22,26,18,12,73,12,25,47,21,68,14,28,14,60,25,14,40,75,11,14,15,19,16,73,23,31,59,11,102,21,65,46,22,20,25,14,23,26,63,11,19,18,53,26,19,16,21,80,61,59,37,36,23,12,58,27,19,22,21,21,25,60,39,19,31,32,43,56,19,39,26,23,25,63,64,20,22,15,37,119,28,46,24,29,27,38
42,42,71,79,24,72,23,59,33,19,11,24,26,12,11,75,13,19,47,19,67,12,21,15,58,22,19,38,75,11,11,11,19,16,74,17,30,57,11,102,17,63,41,23,18,22,12,25,24,65,11,20,18,53,25,18,15,23,75,54,59,32,37,26,14,62,26,19,21,21,15,24,60,37,15,22,25,47,55,19,40,28,22,22,62,64,24,18,12,34,122,27,43,23,28,28,34
42.25,46,74,85,29,76,27,65,33,21,16,19,21,14,14,78,11,20,47,14,64,13,26,18,60,24,16,35,72,11,14,14,19,17,67,20,27,56,11,102,17,63,46,22,17,22,15,20,24,64,12,18,18,56,20,21,18,19,75,52,58,33,33,30,11,61,24,23,22,18,20,26,59,39,17,25,30,53,57,21,39,27,23,23,64,67,21,19,13,31,121,26,43,22,27,24,34
42.5,43,78,82,24,76,23,60,32,20,15,24,23,16,11,74,11,22,48,18,66,14,23,17,62,24,16,37,72,11,15,11,23,15,76,18,26,56,11,102,17,65,45,24,18,22,14,18,18,65,11,22,17,55,26,20,13,24,76,56,55,32,34,29,11,61,30,20,21,23,23,27,59,38,17,26,31,46,56,22,41,27,21,20,60,65,20,18,12,30,121,30,45,22,29,24,37
42.75,40,75,88,29,73,23,66,37,16,19,25,23,14,12,75,11,22,51,20,69,11,24,15,64,22,18,39,77,11,14,14,20,15,74,19,27,58,11,103,16,65,45,23,20,23,12,19,24,68,11,22,20,54,25,16,15,20,78,55,56,30,33,26,15,63,30,21,21,16,17,23,59,38,16,26,33,47,59,23,41,25,25,20,65,64,19,22,11,35,119,21,42,25,34,28,38
43,41,76,86,28,76,25,65,37,19,15,24,27,14,16,77,15,22,48,19,69,12,24,15,60,25,19,40,70,11,15,13,26,18,71,18,31,53,11,103,18,62,42,18,17,21,11,20,26,67,11,26,17,52,24,19,14,19,78,59,56,34,34,27,15,58,26,23,22,24,17,24,57,37,16,23,35,47,59,21,45,25,25,21,66,66,19,20,13,31,116,25,39,25,24,28,39
43.25,42,75,78,25,76,27,63,33,20,13,24,21,17,15,73,11,20,52,18,67,13,22,15,58,23,21,35,75,11,13,11,22,17,73,18,26,54,11,105,16,64,45,20,18,21,11,23,25,65,11,17,16,55,26,17,16,19,81,58,58,36,38,27,11,62,27,20,19,19,19,25,59,37,19,23,33,48,54,19,44,26,20,23,62,65,21,24,16,31,119,22,41,22,26,28,36
43.5,45,77,88,25,77,22,64,32,16,11,22,24,16,15,76,11,24,49,17,69,16,24,14,61,22,16,38,75,11,14,12,17,15,74,19,27,59,11,108,20,63,41,22,18,23,14,19,26,67,11,20,19,58,23,16,14,23,81,51,56,37,30,25,13,56,29,19,23,19,17,25,60,39,18,23,31,47,57,22,36,26,24,23,67,69,19,25,12,31,124,26,39,21,30,26,35
43.75,45,74,88,27,74,22,68,32,19,15,24,21,13,14,79,12,24,49,19,64,16,24,15,64,21,15,37,72,11,16,11,23,16,75,21,27,57,11,107,14,71,41,19,21,22,11,17,20,65,11,20,14,55,25,12,12,19,82,56,55,32,37,26,11,60,26,21,19,21,18,25,61,38,19,26,31,47,57,22,37,26,20,20,63,66,21,18,12,30,117,27,41,24,26,24,32
44,43,70,86,25,78,23,67,34,16,14,22,21,17,11,76,11,23,51,18,65,15,20,15,63,25,16,42,75,11,12,11,21,15,69,18,28,58,11,106,16,69,44,25,17,20,12,21,23,68,11,18,14,55,25,15,15,19,79,56,57,33,40,21,13,63,29,20,17,18,20,22,56,41,17,22,33,46,59,19,38,24,22,18,64,66,22,18,15,31,119,27,38,19,25,27,36
44.25,43,74,91,26,77,25,66,38,18,12,26,21,16,11,81,11,20,50,18,63,14,21,13,63,22,14,40,72,11,12,12,21,12,76,20,26,55,11,110,15,61,43,21,17,22,11,23,20,69,11,16,19,55,23,16,13,19,83,58,58,36,36,24,12,64,28,18,20,22,18,23,62,41,16,27,31,46,58,23,40,28,23,18,66,65,20,23,12,30,120,21,41,22,25,28,35
44.5,38,76,86,24,75,18,65,36,18,14,20,25,12,13,76,12,19,48,20,63,17,17,19,59,23,18,36,75,11,11,11,21,13,75,15,28,57,11,108,17,70,39,22,15,21,11,17,21,69,11,17,15,55,26,18,12,24,78,56,59,36,37,21,15,62,32,20,17,21,20,23,63,34,16,22,30,51,59,23,47,22,25,19,67,68,27,20,12,31,120,23,37,24,31,26,39
44.75,41,79,90,26,79,21,67,34,17,13,23,21,15,13,80,11,20,54,17,68,11,23,13,63,24,15,38,72,11,13,11,21,20,74,21,26,57,11,108,17,68,40,24,15,21,12,21,24,71,11,18,16,61,24,13,16,23,83,55,58,30,41,25,11,62,26,24,22,20,18,24,65,40,17,24,30,45,63,21,42,27,19,19,67,66,18,22,16,27,117,23,40,22,27,26,36
45,40,72,88,23,79,17,62,34,15,11,21,21,16,11,83,11,22,51,14,66,11,21,14,65,23,21,41,72,11,19,11,18,15,75,20,27,60,11,112,12,67,44,17,12,20,12,18,23,66,11,19,16,57,24,16,14,18,82,59,58,31,38,25,11,61,30,22,20,19,15,20,62,42,15,25,29,49,61,20,36,28,19,17,62,67,16,20,14,29,117,22,39,18,28,31,34
45.25,42,74,90,28,80,23,67,34,12,14,20,21,15,11,77,11,19,55,16,66,11,25,18,64,26,21,42,75,11,11,11,21,16,80,19,25,57,11,112,15,70,45,18,17,21,12,17,24,73,11,19,19,57,22,15,13,19,83,59,60,33,38,27,12,62,27,15,20,18,18,19,63,38,13,24,28,50,60,23,41,26,25,22,70,65,18,23,15,31,117,27,44,20,26,29,37
45.5,44,73,90,26,83,18,69,35,19,12,23,26,14,12,79,11,20,48,19,68,11,24,14,67,24,18,41,72,11,15,11,21,15,77,16,25,63,11,109,21,72,42,21,18,22,16,19,21,69,11,16,15,56,27,18,15,24,86,56,58,33,38,24,11,63,30,18,18,19,20,23,62,39,16,22,31,51,60,23,43,26,22,19,69,68,18,18,13,29,117,25,43,21,24,30,34
45.75,41,72,92,24,85,22,67,33,17,14,23,23,17,11,83,11,25,60,16,67,13,23,17,68,23,17,37,74,11,18,11,20,17,75,20,27,60,11,115,21,73,44,22,18,17,13,17,28,75,11,22,16,55,26,16,14,23,84,56,60,36,38,28,11,66,30,23,21,22,21,24,61,37,13,26,30,48,62,21,42,30,22,22,69,68,18,22,14,30,120,26,41,22,28,28,33
46,42,74,94,26,83,20,74,32,15,15,23,23,15,15,82,11,18,57,22,69,16,22,16,66,24,21,43,79,11,15,15,19,18,79,22,27,61,11,113,19,71,45,23,19,21,11,19,23,68,11,21,13,58,27,18,17,18,85,60,64,36,41,23,11,68,27,17,23,18,21,24,65,39,18,25,33,51,64,21,37,27,23,19,72,70,26,21,13,30,121,30,45,21,29,36,38
46.25,44,76,99,24,81,20,70,35,20,15,22,24,17,15,89,16,21,56,18,69,20,27,14,68,23,19,40,73,11,14,13,23,18,78,22,25,60,11,116,18,75,45,24,20,21,14,23,23,74,11,18,17,60,27,21,18,23,89,60,62,35,41,26,14,66,36,25,25,22,19,22,67,40,18,24,33,52,64,26,38,28,24,22,73,69,24,25,13,34,121,28,41,21,28,29,35
46.5,43,77,98,27,85,22,72,38,19,15,28,25,19,11,83,12,22,60,19,72,17,26,18,68,28,18,43,78,11,17,16,26,18,84,22,26,64,11,117,20,71,52,26,21,26,11,23,21,69,11,22,21,60,27,15,18,25,86,55,61,36,41,29,11,63,34,23,23,19,22,25,63,40,14,25,34,53,67,23,42,34,33,28,70,70,21,23,18,34,122,29,45,26,30,32,38
46.75,43,79,94,29,88,23,71,39,19,15,23,27,18,17,88,12,24,61,21,69,17,25,17,68,27,18,46,79,11,16,13,20,19,86,15,31,58,11,115,20,73,43,22,19,20,12,24,26,75,11,22,20,60,25,14,12,20,89,62,63,37,44,28,12,67,29,21,20,21,20,25,65,44,14,28,33,55,61,20,37,23,25,21,72,68,20,23,19,32,122,26,40,24,29,29,37
47,42,75,100,30,90,20,71,41,19,16,23,25,17,12,91,11,22,60,22,71,11,28,18,68,22,19,40,68,11,13,17,28,16,81,23,29,61,11,113,20,71,45,22,20,24,13,18,22,75,11,19,15,54,25,16,16,23,91,65,65,35,39,27,11,69,33,23,20,20,22,25,66,36,17,26,34,52,67,17,38,27,25,22,74,72,21,23,18,38,121,24,41,22,24,28,37
47.25,45,78,97,26,87,20,76,39,16,14,24,25,16,14,89,13,23,62,19,68,15,24,19,69,24,15,48,77,11,17,13,24,15,79,22,30,60,11,117,18,75,48,26,22,21,13,21,27,75,11,18,20,61,26,21,14,21,91,62,62,32,44,29,11,68,36,24,24,25,25,23,64,37,18,26,34,52,65,22,44,30,28,20,76,71,24,22,14,34,118,28,45,25,27,32,40
47.5,45,77,100,29,91,26,75,38,17,16,25,25,16,11,93,11,22,63,23,72,12,27,17,70,26,21,45,77,11,13,17,26,19,77,22,28,65,11,118,17,75,48,22,21,24,13,22,25,70,12,22,21,59,30,19,16,22,90,63,67,35,44,29,11,65,30,25,21,23,22,26,67,36,21,27,30,54,66,18,41,28,25,21,79,67,20,25,13,31,121,29,43,27,25,31,40
47.75,44,80,103,33,90,22,77,39,20,17,21,21,19,15,92,12,22,64,20,71,17,25,14,66,25,20,45,77,11,12,12,23,15,83,19,24,64,12,119,19,73,45,23,17,19,11,20,27,75,11,24,18,59,25,14,17,22,92,64,64,35,44,23,12,67,37,23,21,22,19,22,66,44,15,25,34,53,65,22,44,29,25,21,75,72,23,24,15,30,117,28,46,23,28,32,34
48,44,82,105,29,92,27,76,39,19,15,20,24,17,11,92,11,26,64,16,66,15,28,14,72,23,20,44,73,11,13,14,24,20,80,19,27,61,11,121,17,77,49,27,15,19,11,18,22,73,11,18,20,60,22,21,18,19,93,63,63,37,44,26,14,68,36,17,25,21,20,22,65,44,16,23,31,53,66,22,42,31,25,23,79,75,23,27,11,33,121,26,40,23,27,32,38
48.25,43,80,104,30,91,26,78,36,18,16,25,30,18,14,94,16,24,64,20,74,17,25,17,71,24,22,43,78,11,15,14,24,18,88,21,33,67,11,121,20,75,48,23,18,24,17,24,29,76,11,22,19,59,28,19,13,24,95,63,68,35,46,27,14,72,40,29,28,20,21,23,73,41,22,24,34,51,66,25,40,28,25,25,82,77,19,26,20,36,121,25,42,27,25,30,37
48.5,42,83,103,30,94,27,74,39,21,19,28,24,18,11,89,13,25,64,18,68,14,27,19,73,26,20,45,73,11,19,17,23,21,89,24,29,61,11,121,17,76,47,23,19,24,16,17,26,77,12,22,18,60,25,13,15,23,96,65,62,32,43,27,16,74,33,24,17,21,21,26,65,42,18,22,34,53,65,19,38,27,27,23,77,68,21,26,15,32,121,27,43,28,31,33,38
48.75,47,80,109,30,93,26,77,37,22,16,22,25,19,12,93,15,25,65,19,69,13,23,20,73,21,18,44,78,11,14,15,17,16,88,18,27,59,11,121,16,78,51,26,18,23,13,22,27,78,11,19,19,60,28,16,12,23,97,65,65,39,46,28,14,73,36,21,19,24,19,27,67,42,21,24,35,55,67,25,42,27,25,25,82,78,19,25,14,33,122,31,36,24,27,32,38
49,40,73,104,27,92,22,72,35,24,15,21,24,16,16,93,15,24,65,20,73,12,21,19,74,27,21,43,74,11,15,12,21,20,86,21,28,62,11,122,21,77,50,27,19,22,12,18,24,76,11,21,18,61,28,12,14,20,92,62,62,32,48,24,15,75,39,22,21,20,24,25,66,40,17,22,32,56,66,21,40,28,30,22,77,72,20,24,14,33,121,22,45,23,25,32,41
49.25,47,82,110,31,95,30,81,42,20,18,25,23,19,15,98,14,23,66,19,68,14,27,17,71,24,13,44,72,11,20,11,24,16,87,18,26,63,11,123,20,79,51,26,16,23,11,17,25,75,11,18,13,60,28,19,17,23,99,64,69,38,44,28,16,67,36,20,22,20,24,26,67,39,20,26,34,51,67,25,42,31,26,23,81,72,22,24,15,29,120,24,42,28,27,32,40
49.5,41,78,106,25,87,23,77,43,22,14,24,26,20,14,93,12,24,67,21,71,20,24,17,74,26,19,49,80,11,15,14,26,16,85,24,28,62,11,123,20,80,54,27,19,20,11,24,28,77,12,21,18,65,25,18,19,23,97,64,66,36,41,33,15,74,43,22,24,23,22,24,70,38,21,28,36,56,66,23,42,31,31,22,82,73,25,26,14,34,121,28,42,24,29,33,41
49.75,48,78,108,22,96,22,77,43,17,16,23,27,15,14,96,19,26,69,20,74,15,23,19,75,26,23,45,80,11,17,11,31,18,90,24,32,65,11,124,20,78,51,28,21,23,14,24,29,80,14,23,20,67,26,19,16,24,96,65,66,36,46,32,15,74,40,26,22,23,22,29,72,42,18,29,32,54,69,26,43,27,28,20,83,69,25,23,15,33,120,26,42,27,30,36,39
50,43,79,109,30,94,22,81,42,16,14,25,26,15,13,94,15,21,71,20,70,12,23,16,74,25,17,47,76,11,15,12,23,17,89,20,29,62,11,123,20,80,52,27,19,20,11,22,28,78,11,21,15,64,26,17,17,23,96,66,65,37,48,28,13,73,43,26,22,24,19,25,67,43,17,22,29,55,71,24,45,30,23,23,81,74,21,26,14,35,121,26,44,23,29,32,37
50.25,43,79,109,31,100,28,82,37,17,14,24,24,14,11,95,13,24,72,21,71,14,20,19,76,21,16,44,77,11,16,11,27,15,89,23,32,66,11,126,19,80,51,27,18,22,11,19,26,80,14,21,19,65,24,17,17,22,98,66,67,36,43,29,16,69,42,23,25,23,24,21,73,39,17,22,34,56,67,23,46,26,24,19,80,76,22,21,15,31,116,26,43,23,31,39,38
50.5,45,79,108,28,98,20,75,38,21,15,21,25,18,14,96,12,23,74,20,73,17,23,17,79,28,21,46,77,11,15,14,29,20,91,24,29,67,11,126,21,81,52,24,17,22,16,20,27,77,11,22,19,58,25,21,17,26,97,66,69,32,47,30,11,76,38,25,20,26,25,28,71,39,16,29,34,53,69,27,45,29,27,20,79,75,21,23,16,31,122,30,44,25,28,33,39
50.75,43,78,107,29,99,23,83,36,20,18,25,29,18,12,99,11,28,74,21,72,14,24,16,75,23,15,47,74,11,18,17,25,20,94,23,33,64,11,124,17,79,47,25,20,19,11,19,28,79,11,18,18,63,29,18,16,25,102,65,70,34,48,30,16,73,38,26,22,23,19,27,68,39,16,24,35,57,68,23,40,26,24,18,80,74,21,26,16,32,122,27,41,25,27,31,39
51,43,80,107,26,100,23,82,39,19,15,21,25,12,11,102,12,26,73,18,71,17,26,16,75,23,16,45,76,11,16,15,27,18,92,20,30,64,11,125,18,85,50,24,18,20,15,19,25,78,11,21,21,64,24,18,15,25,101,65,68,32,45,26,15,72,41,26,24,23,20,26,70,42,17,22,34,59,66,26,41,25,29,22,83,75,22,26,18,33,127,26,44,22,28,30,37
51.25,47,79,116,34,104,29,89,39,21,15,26,25,19,14,102,11,24,74,19,75,18,29,16,74,21,19,44,75,11,16,15,22,17,90,21,33,64,11,127,22,78,56,26,20,22,11,21,27,78,11,20,20,64,26,18,13,19,105,69,69,38,51,23,17,73,39,26,26,22,24,22,69,41,20,27,35,51,73,23,40,29,25,22,85,77,25,27,15,32,120,29,43,30,29,33,40
51.5,47,80,113,34,107,26,89,42,21,20,20,28,19,15,101,14,29,73,18,76,15,23,16,78,28,19,44,77,11,20,12,27,15,94,22,28,67,11,129,18,80,51,26,14,23,15,21,24,84,13,19,15,64,27,15,17,22,103,69,64,37,49,31,13,72,41,20,21,23,23,23,71,44,18,21,33,53,71,21,35,29,27,22,85,75,24,24,16,29,124,31,45,26,29,33,39
51.75,42,79,108,19,94,20,82,42,17,13,19,25,15,19,101,11,23,76,20,71,15,20,19,77,23,19,45,76,11,14,13,28,21,90,17,27,63,11,129,18,85,53,27,22,21,12,21,27,84,11,16,16,66,26,18,18,21,97,66,67,30,49,31,17,76,41,26,22,24,22,25,73,40,19,26,37,53,71,25,44,28,25,22,82,75,28,22,13,30,122,24,42,23,29,31,38
52,45,78,110,32,103,26,89,42,18,15,20,24,16,14,106,11,25,77,20,72,15,24,19,81,23,17,50,81,11,18,17,27,17,93,23,30,69,11,132,20,84,55,28,19,25,11,18,26,87,11,18,18,66,28,17,15,23,99,67,69,37,45,32,15,74,42,25,22,15,16,23,72,45,16,22,35,61,68,23,38,31,26,18,90,79,16,27,13,33,119,27,48,20,27,31,41
52.25,43,81,113,29,106,29,88,37,19,16,25,26,20,13,105,14,26,79,21,67,11,27,17,78,24,13,53,77,11,14,14,25,18,95,20,30,72,11,134,18,84,52,28,17,20,11,17,23,86,12,22,20,61,32,17,13,23,104,70,68,40,48,29,11,76,42,29,23,25,21,22,72,43,22,29,32,54,69,20,44,28,26,22,87,78,21,21,17,33,120,27,44,26,30,34,40
52.5,42,79,113,27,104,27,88,39,15,14,27,25,18,11,103,12,26,79,18,74,12,25,17,78,23,16,45,78,11,15,11,25,17,97,23,26,65,11,130,18,77,51,23,21,21,14,17,25,87,11,23,15,66,30,18,13,20,105,71,62,37,46,28,15,75,40,23,16,21,24,26,69,40,16,24,36,56,71,20,36,31,25,21,88,79,22,25,14,33,119,25,44,24,30,34,40
52.75,46,77,112,28,109,29,85,37,22,16,23,21,18,16,106,13,34,83,18,78,14,25,19,83,27,19,52,78,11,18,14,25,20,96,23,31,68,11,133,21,85,53,26,24,23,13,21,26,85,11,23,20,64,29,19,14,28,104,69,66,35,51,32,11,80,47,25,24,20,20,24,74,46,15,24,31,61,70,26,39,30,30,22,91,78,21,29,16,35,123,29,46,29,29,33,39
53,45,77,111,28,107,20,87,40,19,17,21,24,13,12,109,11,27,79,18,72,16,25,16,75,27,19,53,76,11,18,11,30,20,98,19,27,65,11,135,18,83,55,23,15,20,12,20,24,84,11,18,18,66,30,16,12,21,105,71,66,38,49,26,11,76,47,24,20,22,21,24,75,42,17,21,32,58,72,29,42,26,27,22,88,79,21,24,15,28,124,29,44,25,33,37,40
53.25,46,78,112,27,104,21,92,41,19,13,22,27,14,11,105,15,26,77,16,73,11,19,18,78,22,19,45,76,11,14,11,27,15,96,20,29,64,11,133,17,83,54,29,20,20,12,18,21,83,11,16,20,68,27,18,11,24,104,67,73,35,48,29,13,78,47,26,25,24,13,23,74,42,16,23,33,54,73,24,43,29,27,20,91,78,20,24,13,29,116,28,44,23,25,33,34
53.5,42,81,114,30,110,25,93,39,19,16,18,27,14,12,109,11,27,84,18,72,14,22,20,81,21,16,49,77,11,21,15,25,18,97,18,27,67,11,131,20,83,56,22,19,20,11,16,22,86,11,18,19,65,28,17,15,26,107,69,70,32,43,29,11,76,42,24,18,18,14,24,73,41,16,27,33,58,70,23,40,31,29,22,93,78,16,24,13,34,122,22,49,24,28,35,41
53.75,42,78,115,22,106,19,83,44,15,14,22,24,17,17,108,16,23,80,20,76,12,21,17,79,23,17,48,78,11,16,17,27,16,95,21,26,65,11,136,19,84,54,23,18,19,12,20,24,86,12,22,20,64,24,19,15,22,109,72,70,34,50,28,11,78,49,25,25,22,20,25,76,41,18,24,37,58,71,24,40,25,29,24,92,80,20,23,14,31,127,25,45,27,24,33,36
54,44,78,114,28,111,27,90,45,20,12,25,22,17,14,111,12,28,88,18,75,12,21,17,78,19,19,52,76,11,14,14,25,17,102,20,29,67,11,132,19,85,57,27,17,21,11,20,24,85,11,16,16,65,26,16,13,25,108,70,68,34,50,23,14,78,43,25,17,19,19,25,74,42,17,22,37,59,71,23,38,25,26,19,91,78,21,24,14,31,123,27,45,22,28,33,46
54.25,47,82,116,28,111,25,92,40,23,15,23,26,20,16,111,11,32,83,19,74,17,23,19,81,25,18,50,77,11,19,17,26,19,101,21,32,69,11,136,20,86,56,31,20,23,15,17,24,88,12,19,21,66,27,17,17,26,109,71,72,36,50,25,15,86,46,30,17,24,21,24,78,43,15,26,32,60,72,20,38,25,27,21,94,82,23,27,15,33,120,27,44,24,27,34,41
54.5,40,77,116,26,111,26,90,42,19,17,20,25,16,12,108,11,27,85,21,69,15,24,20,83,22,17,51,78,11,15,18,24,15,97,20,29,67,11,134,19,84,57,25,19,22,11,14,28,87,11,21,20,62,26,12,15,21,109,70,66,34,52,30,12,79,46,24,21,20,20,22,75,44,20,23,31,57,70,20,33,30,33,19,91,78,19,28,12,34,121,27,47,19,29,32,41
54.75,45,79,117,29,115,27,95,42,22,17,21,25,17,12,113,12,27,88,21,74,15,24,14,85,19,18,51,74,11,14,13,30,14,101,18,30,73,11,134,15,83,56,23,19,24,14,19,24,88,11,21,18,64,28,20,20,20,107,73,70,35,50,28,13,83,47,25,22,21,25,24,73,42,14,25,35,63,73,21,34,29,31,20,95,81,22,21,16,32,118,30,47,24,29,36,38
55,46,83,120,30,122,26,95,41,18,17,28,26,16,14,111,12,26,90,16,71,12,27,14,82,23,19,46,75,11,19,13,24,19,100,16,28,70,11,134,16,83,57,24,17,20,11,18,22,84,11,21,17,68,24,14,19,19,106,72,70,32,53,26,12,81,48,26,20,20,20,24,70,38,18,21,32,58,77,21,41,29,25,19,97,82,22,23,14,32,121,29,47,24,27,35,40
55.25,41,77,119,28,120,30,94,42,21,15,25,22,20,12,113,11,26,89,16,69,16,25,18,84,24,19,46,76,11,22,15,28,18,105,22,31,66,11,139,18,84,61,27,16,21,11,19,25,90,11,19,18,67,25,17,19,23,110,68,73,36,51,34,14,81,47,27,23,26,22,25,72,44,16,26,35,59,77,26,40,26,29,18,94,79,18,25,15,27,122,26,44,22,30,35,36
55.5,41,79,119,30,119,24,93,39,20,16,22,22,15,14,114,11,28,90,20,71,13,27,14,87,22,18,54,76,11,17,15,27,20,106,17,30,72,11,136,20,82,59,24,16,21,14,18,25,96,11,20,20,70,27,17,16,24,116,69,69,35,48,29,13,86,45,28,21,21,22,24,75,39,15,22,32,61,77,25,35,32,30,26,96,80,22,27,17,31,123,27,51,22,30,36,37
55.75,45,82,121,32,122,25,95,40,17,17,22,26,14,13,113,11,28,93,19,72,12,25,18,84,23,15,53,79,11,18,14,24,18,107,22,31,72,11,138,21,82,57,26,21,23,11,17,22,91,11,21,18,66,24,17,17,19,113,66,73,37,55,34,11,82,51,26,20,23,20,23,73,42,15,22,35,63,75,25,39,30,27,22,94,77,22,23,15,32,121,27,45,20,26,32,36
56,42,85,120,28,118,22,99,39,19,16,22,25,17,11,116,12,32,93,17,73,16,26,15,88,22,19,54,76,11,17,12,23,19,105,16,26,74,11,139,14,83,56,26,15,21,12,20,24,91,11,20,18,64,27,14,12,26,114,71,73,34,51,30,12,85,49,27,18,17,20,22,72,38,16,20,36,64,75,23,37,29,28,17,98,80,21,27,11,32,118,23,48,21,27,34,36
56.25,42,81,123,29,118,25,95,39,18,17,26,21,18,13,118,13,27,94,16,71,14,24,12,87,25,17,51,76,11,17,11,24,21,108,22,27,68,11,140,14,81,54,26,20,22,11,19,20,86,11,23,21,65,26,15,18,21,114,73,70,35,48,29,15,85,48,26,27,20,24,23,75,41,15,23,34,60,72,20,38,28,30,19,97,77,22,23,17,29,120,25,46,24,29,31,41
56.5,43,81,123,31,122,24,100,47,17,18,20,26,16,12,115,11,31,94,18,71,11,28,14,84,23,17,52,78,11,13,15,26,19,107,17,27,69,11,139,18,87,58,25,16,20,11,20,24,88,11,21,15,68,25,14,14,24,114,70,68,32,53,25,12,82,49,26,20,21,23,27,73,44,17,27,35,61,77,20,39,25,28,22,99,78,25,27,13,28,121,27,49,27,30,41,39
56.75,43,82,125,33,122,27,100,43,20,18,24,24,18,12,118,11,28,97,20,75,15,27,16,90,22,19,58,74,11,17,13,22,16,108,18,27,72,11,136,16,84,61,25,17,22,11,22,23,91,11,18,18,66,26,16,15,20,115,76,73,35,54,26,11,83,53,23,21,20,21,21,78,44,18,23,38,60,79,18,40,28,32,17,101,82,25,27,14,31,117,24,45,24,27,31,36
57,47,79,119,30,122,28,101,41,23,15,24,23,17,14,116,11,33,98,20,69,14,24,21,90,25,18,56,79,11,15,11,28,18,107,19,28,70,11,141,20,88,59,27,13,17,11,21,23,92,11,20,14,64,24,15,13,20,113,69,72,30,54,27,15,85,52,25,19,19,24,23,78,43,16,26,33,60,77,19,39,26,28,22,99,79,16,28,13,33,121,25,44,24,29,36,39
57.25,45,82,123,32,122,28,98,44,20,14,24,25,16,11,118,11,28,101,21,74,15,25,17,89,23,21,56,80,11,11,15,29,19,109,19,31,73,11,141,20,85,60,28,20,20,11,21,27,91,11,21,17,65,25,17,15,22,116,71,71,37,52,27,11,85,49,27,21,18,25,25,76,44,17,24,36,61,78,20,39,23,31,21,103,79,26,22,14,36,121,24,49,24,29,33,38
57.5,40,84,118,27,124,24,102,44,18,14,23,23,16,11,114,11,29,102,15,73,14,22,15,86,24,17,58,79,11,15,16,31,14,109,18,30,73,11,142,17,87,60,29,18,19,11,21,21,98,11,21,16,65,29,14,15,23,117,69,73,32,52,25,13,86,48,24,18,19,21,21,75,42,16,26,34,62,74,23,37,33,28,23,103,85,23,28,14,29,121,28,48,21,31,29,38
57.75,43,82,125,30,125,31,98,44,20,18,25,26,17,13,120,12,25,101,24,72,13,24,11,88,24,16,54,76,11,15,11,28,16,111,18,29,71,11,143,15,86,59,26,17,22,11,21,22,97,11,19,18,71,25,15,12,23,118,73,71,34,57,26,16,85,57,26,21,23,21,25,81,41,15,21,38,59,75,24,43,31,29,17,104,86,23,27,17,34,123,26,46,22,28,34,44
58,46,80,125,29,128,28,95,45,20,15,25,21,15,11,117,11,32,103,17,70,16,17,16,90,24,15,54,79,11,13,12,28,17,109,19,29,75,11,141,15,89,61,24,16,24,14,17,21,97,11,25,16,70,26,17,18,20,118,74,71,35,55,29,14,86,55,23,21,20,20,24,80,41,23,22,35,62,81,25,38,28,32,23,103,82,22,28,16,31,121,27,51,22,29,35,41
58.25,44,84,124,30,126,28,105,42,21,18,23,18,16,11,116,11,29,102,18,71,16,26,11,91,25,15,50,76,11,13,11,29,19,113,19,33,79,11,143,20,90,60,29,20,20,11,17,23,97,11,14,16,70,26,16,19,19,118,77,72,34,53,31,12,92,53,27,18,18,21,24,76,43,17,23,36,63,79,25,34,27,31,22,104,81,19,24,12,35,121,28,48,24,24,33,38
58.5,42,80,121,25,123,22,99,42,22,14,20,26,19,11,123,13,31,102,16,73,12,21,13,84,23,17,56,78,11,15,14,30,19,113,19,27,76,11,144,21,89,63,29,19,25,11,21,22,98,11,16,21,73,28,21,14,23,118,71,76,34,54,28,13,89,60,28,21,21,20,27,78,43,18,29,34,62,79,23,40,27,32,26,102,82,21,26,15,31,121,29,45,21,28,36,40
58.75,44,82,126,28,126,28,103,45,19,14,22,26,17,15,126,11,31,104,22,70,13,25,19,89,25,18,56,77,11,18,13,30,14,113,20,30,74,11,142,19,89,60,27,20,20,12,20,24,97,11,20,19,68,28,18,17,24,119,72,69,34,55,28,12,87,55,24,20,19,17,21,80,40,17,26,35,62,80,22,36,23,31,23,106,88,19,30,13,32,121,30,45,25,31,35,39
59,47,81,125,30,135,28,102,42,22,18,23,23,16,16,123,13,31,110,20,74,15,22,12,92,21,15,60,79,11,15,13,28,17,115,20,27,75,11,142,18,88,61,27,18,23,12,19,24,97,11,16,19,71,29,12,15,21,124,73,75,36,58,28,14,92,56,26,22,23,24,23,76,47,20,25,35,66,83,24,36,27,34,20,107,86,21,26,13,29,122,26,48,23,25,39,45
59.25,44,80,129,31,134,28,104,45,22,17,23,26,18,13,120,11,32,106,18,76,13,25,13,91,24,17,56,75,11,24,12,32,17,115,23,30,75,11,143,16,87,62,25,16,22,11,23,23,94,11,18,18,72,27,18,14,24,122,76,74,35,56,26,15,90,59,25,22,17,23,23,77,41,16,22,32,65,81,22,39,27,29,23,107,87,24,24,17,34,118,25,49,24,27,36,38
59.5,44,80,127,29,128,27,106,42,23,19,22,26,17,15,127,15,30,107,19,71,15,23,15,93,22,15,56,78,11,16,15,27,22,115,21,31,81,11,146,18,89,64,25,18,23,13,21,26,97,11,20,16,71,25,14,14,22,124,75,74,35,56,26,13,87,56,27,17,21,16,24,77,45,16,23,37,64,81,23,39,28,30,19,109,85,22,29,15,25,120,30,48,24,28,36,41
59.75,44,84,128,31,135,27,106,45,20,20,26,23,16,11,126,11,29,111,17,75,11,22,14,90,26,18,58,75,11,19,13,32,20,113,22,29,73,11,142,18,90,63,25,12,21,11,17,27,99,11,18,17,67,26,14,12,18,123,71,75,35,54,31,12,91,55,23,22,20,20,26,78,44,18,25,32,64,81,20,38,31,29,18,109,84,20,23,12,33,121,27,51,27,31,36,40
60,44,82,125,28,135,28,103,43,23,15,24,21,16,13,129,12,30,113,19,75,13,24,17,90,25,16,60,76,11,19,11,31,21,117,17,27,75,11,148,18,85,63,32,16,26,11,21,25,98,11,20,16,68,27,14,16,22,122,72,78,36,55,36,11,91,56,27,24,23,22,24,79,43,15,24,39,68,77,21,32,32,30,22,106,84,21,25,12,30,118,30,49,23,29,37,39
60.25,41,81,129,29,136,28,106,47,23,21,27,29,18,14,130,12,28,110,24,73,16,20,17,92,23,22,60,76,11,21,19,35,20,118,22,32,75,11,148,24,92,65,32,18,27,14,21,27,99,11,21,20,67,29,18,16,24,125,74,77,37,58,34,16,95,59,26,22,25,21,22,79,47,22,21,38,64,82,22,41,28,30,24,117,84,25,30,17,34,122,25,46,27,28,39,35
60.5,48,79,128,29,137,26,105,47,23,20,29,21,16,17,134,16,31,118,18,75,17,26,18,97,25,19,63,78,11,23,18,31,25,123,21,33,81,11,151,22,90,67,31,21,25,17,22,27,104,14,23,19,69,27,16,16,25,128,77,73,38,60,35,15,93,53,29,24,20,27,22,79,48,20,28,37,69,82,24,39,30,35,18,116,88,20,31,14,34,123,28,51,26,29,37,38
60.75,47,83,127,31,140,24,108,45,22,15,26,27,18,16,130,11,30,116,18,74,14,20,18,95,27,17,64,77,11,18,13,32,17,120,21,31,76,11,149,20,91,69,28,19,23,16,19,25,98,12,19,19,68,25,15,17,20,127,74,73,37,55,33,11,98,60,28,23,23,25,23,82,41,17,24,37,64,85,25,45,27,29,25,115,88,26,28,13,31,116,25,43,28,34,36,38
61,41,79,130,25,129,21,110,48,20,15,25,28,17,13,132,15,33,115,22,75,19,25,19,93,21,21,59,79,11,17,17,34,19,122,23,32,77,15,150,19,97,67,36,19,23,14,23,27,105,13,22,17,70,26,19,15,25,128,74,77,39,58,31,18,97,61,29,23,22,25,27,86,46,20,25,35,67,84,25,44,31,34,24,120,88,25,28,18,39,123,30,50,23,30,41,41
61.25,44,84,130,29,135,28,112,47,22,17,24,26,21,13,128,11,33,119,24,73,17,25,17,98,23,19,65,79,11,21,15,29,20,122,24,34,82,11,150,19,91,68,29,17,22,12,24,23,103,12,20,20,68,26,16,13,21,129,70,75,32,57,32,15,96,61,27,23,22,21,27,83,44,17,25,39,69,83,25,37,27,34,23,119,90,25,29,14,33,123,29,51,27,29,38,43
61.5,43,81,132,32,139,27,114,46,22,21,25,29,21,13,133,11,31,123,19,75,17,24,18,100,28,20,63,81,11,17,17,32,17,128,21,31,78,11,152,21,92,66,30,20,23,13,17,26,99,15,22,17,73,27,19,15,23,127,76,75,37,60,31,12,99,55,28,20,20,25,25,81,46,20,24,38,68,82,24,38,31,30,20,119,86,18,30,19,34,121,30,53,28,29,36,38
61.75,45,84,130,33,142,25,109,48,23,19,29,26,16,13,130,16,27,120,18,80,18,25,14,95,25,18,63,78,11,20,18,30,18,122,18,31,81,12,150,16,90,69,27,20,19,15,21,29,103,12,19,21,69,26,19,16,23,128,74,75,33,55,33,15,101,62,28,23,21,25,24,83,44,21,24,39,70,84,26,40,32,34,23,116,87,25,31,17,30,120,28,49,24,30,36,36
62,50,86,128,37,140,28,111,43,23,21,27,29,19,15,136,11,32,124,19,76,16,21,19,102,25,17,66,81,11,16,19,30,17,124,20,32,81,11,151,20,91,69,26,19,22,14,24,27,105,11,19,21,70,26,20,17,26,129,75,77,35,62,35,16,101,60,29,21,25,21,24,79,43,17,25,36,64,89,24,39,26,33,25,122,87,24,28,17,36,123,30,50,27,30,41,37
62.25,43,85,133,30,139,27,115,45,19,16,23,25,19,15,133,12,34,125,22,74,16,24,14,99,24,18,66,77,11,21,15,32,20,123,17,29,75,11,151,21,99,67,26,21,23,14,19,26,107,12,19,17,69,28,17,15,25,132,75,78,40,56,31,11,102,59,28,22,19,18,25,80,47,20,29,36,68,86,28,40,30,31,23,122,92,22,28,18,32,121,32,46,27,31,35,36
62.5,52,84,132,35,145,31,118,45,21,20,28,29,23,13,132,16,36,126,21,78,16,27,20,98,26,19,69,78,11,18,17,33,20,123,25,31,84,12,155,20,96,71,29,25,23,12,20,28,108,13,22,21,71,28,17,17,26,130,74,81,41,62,31,13,104,58,30,25,20,24,29,82,44,20,29,42,69,83,29,42,29,30,20,121,89,26,30,17,37,122,33,53,28,32,37,43
62.75,47,85,134,32,145,27,108,46,20,18,25,26,18,13,140,11,33,125,21,79,18,20,15,102,23,20,67,78,11,14,13,30,15,124,19,29,83,11,152,14,91,70,26,16,25,13,19,22,105,11,19,18,72,29,20,14,24,129,70,78,36,58,30,16,102,65,27,22,25,18,24,82,47,15,23,37,66,87,28,43,30,31,22,118,89,23,29,18,31,122,29,50,26,27,42,33
63,45,84,133,33,144,29,116,49,25,15,27,26,15,14,134,13,32,128,22,76,15,27,15,99,27,19,66,77,11,18,15,29,18,127,23,29,83,11,152,18,95,71,29,19,22,14,23,24,109,11,22,18,71,29,20,15,24,129,76,74,39,58,35,14,105,61,33,21,20,21,26,84,43,17,26,38,71,84,25,34,33,30,23,122,87,27,30,18,32,124,30,56,27,24,37,41
63.25,44,84,128,30,143,27,116,48,25,15,24,26,17,16,134,14,34,126,20,74,15,26,14,99,26,15,66,78,11,18,17,33,15,124,19,35,84,13,150,18,100,66,27,17,22,11,21,23,104,13,20,21,72,26,17,14,23,134,76,76,37,61,33,17,104,61,29,21,21,24,23,83,45,20,24,36,69,88,28,43,31,35,25,124,88,21,29,20,36,120,27,52,24,27,39,41
63.5,44,85,129,28,146,29,114,47,25,19,26,27,18,16,135,11,35,130,20,77,18,25,16,102,29,19,69,79,11,17,13,35,18,130,20,33,85,15,157,19,94,71,35,16,23,15,19,28,111,15,21,23,71,29,20,17,26,134,75,74,36,62,34,15,109,63,35,21,25,26,21,84,48,19,24,38,70,88,26,40,28,34,23,126,89,22,28,17,36,124,33,49,29,28,38,43
63.75,44,85,133,33,146,23,115,46,22,21,27,26,21,11,140,15,34,131,16,80,19,21,17,105,23,21,67,77,11,23,19,33,20,132,20,29,82,11,155,19,99,74,32,22,23,12,23,27,105,11,21,22,73,30,23,15,26,132,78,78,36,60,30,14,106,59,28,22,25,23,26,83,48,21,24,38,69,90,25,39,29,32,22,124,90,27,28,16,33,118,32,50,23,27,41,41
64,43,85,130,33,149,29,117,49,27,15,23,24,18,15,139,11,38,131,24,77,15,22,18,101,22,14,70,79,11,16,16,33,18,134,24,30,86,11,155,22,93,75,29,19,19,12,22,25,111,11,22,18,68,27,14,19,22,136,71,80,38,56,31,11,101,56,27,23,23,22,20,80,47,18,26,35,72,85,24,39,32,31,25,125,85,17,27,15,31,122,31,53,23,30,35,35
64.25,44,85,135,32,150,28,117,46,20,17,25,27,19,17,140,11,35,136,19,76,15,25,18,106,21,18,69,76,11,17,17,34,21,129,19,28,82,15,156,19,100,77,33,18,23,15,21,26,112,14,20,20,70,24,19,15,23,136,76,75,38,60,32,12,104,59,27,19,21,22,27,83,46,18,27,38,70,88,25,37,32,33,22,127,88,22,29,15,33,119,28,48,22,29,36,34
64.5,47,84,136,35,152,26,127,50,27,15,25,27,17,12,138,13,34,137,18,77,17,21,15,106,22,18,69,79,11,18,13,35,19,132,21,32,82,11,155,21,94,73,33,20,25,14,20,27,110,11,21,21,71,26,20,13,22,136,77,79,38,56,30,11,109,62,30,22,18,22,29,81,40,20,26,37,72,91,23,41,26,36,22,132,89,21,26,18,32,123,30,52,29,29,36,40
64.75,42,86,133,31,150,29,123,51,24,20,30,28,22,11,140,15,38,137,20,78,14,22,21,104,24,19,71,81,12,16,16,36,21,134,21,34,86,11,158,20,94,76,29,20,23,11,24,29,110,12,20,19,72,31,18,16,24,138,75,74,34,62,33,12,109,56,29,22,24,23,30,85,49,20,27,41,74,85,27,38,29,32,20,132,93,26,32,17,35,123,37,54,32,28,37,39
65,46,85,137,30,153,32,119,49,29,14,26,25,20,14,141,15,32,139,21,79,18,20,21,106,26,20,74,77,11,18,17,34,20,130,24,29,87,12,157,21,98,75,32,19,21,13,21,26,110,11,23,18,72,28,16,14,24,141,76,77,38,60,32,16,111,65,34,25,28,24,25,83,45,21,26,34,73,86,26,37,26,31,24,131,89,23,32,18,29,122,29,53,26,29,33,37
65.25,48,87,136,34,156,32,124,53,25,22,26,25,18,17,144,14,36,142,21,82,15,25,18,106,23,18,71,82,11,18,14,34,20,136,24,33,85,11,158,21,96,72,32,21,22,13,22,24,116,12,22,18,74,31,14,20,21,140,77,78,36,61,34,12,110,63,33,21,23,24,26,83,49,18,25,36,73,91,29,41,31,35,22,132,94,24,30,19,35,122,27,55,25,30,35,39
65.5,47,84,138,35,154,32,124,48,22,18,27,25,21,14,145,14,33,141,19,76,11,23,22,106,25,17,71,77,11,15,15,32,18,132,21,26,84,11,157,16,95,78,27,19,24,12,25,24,110,11,20,17,73,25,17,17,19,142,77,79,39,59,31,17,110,63,27,24,18,25,22,81,49,17,25,37,73,90,25,35,26,36,23,129,90,24,32,14,31,121,29,48,26,32,38,36
65.75,45,79,136,30,156,28,122,48,21,18,27,25,17,13,147,13,37,143,16,74,14,23,19,107,24,13,71,77,11,15,14,32,17,130,14,29,83,12,160,15,96,73,30,20,21,14,20,25,111,11,21,20,73,27,15,19,26,140,75,75,37,63,31,12,108,59,27,21,24,19,24,85,45,19,21,36,69,89,20,38,26,32,20,127,93,24,28,18,30,122,22,47,25,25,40,40
66,43,84,137,29,153,29,123,48,22,17,25,25,17,13,146,11,36,142,20,80,17,25,15,107,25,18,70,81,11,14,17,35,21,136,24,35,87,11,159,22,101,79,30,19,27,14,20,24,116,12,23,17,76,27,18,16,25,141,76,79,37,61,33,13,110,63,32,18,25,23,25,84,51,17,26,39,75,89,27,37,33,35,21,137,88,25,33,20,33,124,33,52,25,29,36,37
66.25,39,85,134,25,150,24,120,48,27,18,24,26,15,17,146,14,36,144,19,77,13,21,17,108,24,19,72,79,11,15,13,33,24,137,18,31,84,15,161,21,103,74,33,21,24,12,21,25,114,11,19,22,73,25,19,18,25,141,74,81,36,63,36,14,111,66,29,23,21,24,25,84,45,24,24,41,71,91,25,41,28,28,24,133,88,22,30,15,33,117,31,48,29,31,38,39
66.5,54,89,138,32,160,32,127,50,26,22,29,25,23,14,144,14,38,145,22,76,17,27,22,110,26,19,71,82,11,18,17,34,17,139,24,34,89,15,157,20,100,79,29,20,30,17,20,28,115,14,22,20,70,24,20,19,26,138,79,76,39,58,31,15,113,63,31,23,25,23,23,83,52,18,29,40,74,89,25,35,28,34,24,136,93,27,31,18,31,124,32,53,25,29,35,42
66.75,46,88,137,35,161,36,127,50,23,18,26,25,22,15,148,14,35,153,21,79,18,26,21,110,23,21,72,79,11,20,14,33,23,138,21,29,86,14,159,17,98,78,31,20,26,16,20,25,118,13,24,21,74,29,16,18,20,143,79,79,38,59,33,14,106,68,30,25,23,24,26,83,46,22,25,39,72,91,27,40,26,35,21,137,94,27,35,15,31,121,27,49,29,29,38,36
67,50,84,136,30,160,34,130,52,25,17,24,28,14,14,143,11,36,144,18,75,16,26,19,110,23,16,76,80,11,18,18,37,22,140,23,31,87,12,156,22,100,76,30,18,23,13,21,21,115,11,25,20,72,32,18,17,25,145,80,77,38,59,30,12,115,63,30,17,18,20,27,85,49,18,29,40,75,94,25,38,26,32,21,139,91,19,32,17,30,119,34,50,23,31,37,38
67.25,49,89,140,34,162,30,129,50,27,23,27,25,20,18,147,12,37,152,22,77,17,26,18,112,28,17,77,80,11,18,18,36,23,143,20,28,88,11,160,23,97,79,30,20,23,14,22,23,118,14,24,18,73,30,15,17,27,145,80,80,36,65,33,11,115,62,31,20,20,21,24,83,47,18,26,39,74,93,27,34,33,30,28,139,94,23,34,15,32,122,32,50,24,30,39,39
67.5,45,87,134,29,166,29,127,49,23,19,26,25,17,16,144,12,36,148,18,77,17,21,17,113,20,19,78,77,11,16,13,33,18,138,17,32,87,11,160,17,99,79,31,18,19,11,22,25,117,12,20,17,73,30,17,15,22,142,76,78,37,61,31,12,112,64,30,19,21,23,18,83,44,22,19,36,72,92,26,41,28,32,21,143,92,21,27,15,30,122,29,50,26,23,34,38
67.75,47,86,133,31,163,30,125,50,26,18,24,27,19,11,142,13,39,151,19,74,14,27,15,111,25,21,75,80,11,20,15,34,20,145,22,31,83,12,161,16,100,80,33,21,22,16,20,28,117,14,21,21,76,30,15,13,27,143,77,77,36,58,29,11,117,65,30,22,21,25,23,86,49,19,24,38,72,93,23,35,31,35,24,145,93,26,30,16,33,120,30,49,28,31,41,37
68,48,90,135,34,165,33,133,55,26,18,28,25,21,11,150,14,35,156,15,80,18,27,15,110,24,21,79,79,11,18,14,33,17,142,17,33,83,17,162,21,100,77,29,14,19,11,21,24,116,16,22,16,73,27,20,21,25,143,78,78,38,65,34,12,117,67,30,19,24,26,24,87,49,16,27,42,73,89,25,35,30,37,21,141,94,27,34,16,28,123,34,51,23,30,36,39
68.25,42,79,135,29,161,24,126,47,20,15,27,26,20,15,149,14,35,149,21,78,18,19,16,109,26,20,76,78,11,14,16,36,21,142,18,32,85,11,162,23,102,77,31,20,21,14,19,27,118,11,20,21,76,27,21,21,23,143,75,77,40,62,30,14,115,69,31,25,23,26,26,84,45,16,26,39,73,95,28,40,27,33,24,144,90,26,35,19,35,118,26,52,28,27,40,38
68.5,44,85,137,31,167,31,130,56,26,17,26,24,18,14,149,17,38,155,23,81,16,27,19,115,26,18,76,77,11,19,15,39,19,144,24,32,85,13,162,18,99,78,31,18,20,11,24,24,116,11,21,20,72,29,17,14,20,145,83,77,32,64,35,16,119,67,28,20,24,21,26,85,47,21,28,39,73,90,21,37,26,34,25,143,90,23,34,14,31,122,32,51,24,27,35,41
68.75,48,84,138,32,170,34,131,50,24,24,27,22,21,14,149,11,36,155,20,76,14,23,19,116,21,17,78,78,11,18,19,32,18,143,21,25,85,11,159,17,101,80,29,17,19,15,21,24,118,11,22,14,80,29,18,16,27,146,80,76,35,65,33,13,121,66,33,19,19,21,27,86,47,16,26,39,80,92,27,34,26,34,27,143,93,21,37,15,32,122,36,50,30,31,38,42
69,43,83,137,28,167,31,127,51,22,19,27,29,17,14,152,12,39,157,23,77,15,23,16,113,24,19,80,82,11,18,14,34,16,144,20,31,89,13,161,19,101,82,29,18,20,11,19,23,118,11,18,17,74,30,15,13,23,148,83,81,35,59,32,12,122,66,29,23,21,23,23,84,44,20,23,38,77,96,25,35,27,35,25,147,94,20,29,15,32,121,32,54,26,26,40,40
69.25,47,89,138,33,169,35,135,46,30,21,27,29,18,16,154,15,39,160,22,81,13,27,16,116,31,14,81,79,11,20,16,38,23,145,23,33,87,18,165,21,100,81,32,21,23,14,18,24,121,11,22,19,75,29,20,18,24,146,82,78,38,63,32,17,120,64,30,23,19,26,25,87,49,21,26,40,76,101,24,41,30,35,22,146,98,24,35,15,29,125,26,49,27,27,33,39
69.5,48,86,139,33,168,28,136,58,27,19,27,26,22,18,154,12,39,162,25,78,17,26,20,115,26,15,80,81,11,20,16,38,21,144,22,34,85,13,165,19,101,82,33,19,21,13,19,25,120,11,21,22,75,31,22,17,23,145,82,81,35,67,31,14,123,70,31,24,19,23,26,86,51,20,27,41,76,96,25,40,31,33,26,147,92,26,31,17,32,123,27,53,19,29,39,38
69.75,46,83,135,32,170,32,137,54,23,22,26,28,20,16,156,11,37,161,23,77,17,20,23,116,24,14,81,83,11,16,18,38,24,147,24,28,85,11,164,19,99,80,35,19,23,12,22,26,122,13,24,18,73,30,21,17,23,147,80,76,37,68,32,11,123,71,31,24,23,20,25,88,49,19,26,39,77,95,26,40,26,32,16,152,94,23,32,20,33,121,29,50,24,26,34,40
70,44,87,135,34,171,31,137,56,25,20,29,26,23,13,158,11,36,164,20,77,17,24,17,116,25,19,79,81,11,19,18,40,19,150,25,28,84,16,164,19,105,84,28,18,25,13,22,27,122,11,19,21,75,30,16,17,23,151,82,78,34,65,32,16,124,67,28,23,20,22,26,89,46,15,27,39,78,93,26,34,27,37,23,149,93,18,34,17,31,125,33,55,26,24,41,38
70.25,41,83,137,33,173,30,133,55,24,21,23,25,23,14,157,13,39,167,22,80,14,25,22,115,24,20,82,79,11,23,15,38,18,148,23,30,89,13,168,18,105,84,33,20,19,16,21,26,124,13,22,18,77,27,18,15,24,149,85,83,37,63,31,12,128,70,32,25,23,25,30,85,46,17,26,37,76,95,24,36,25,35,23,157,93,25,31,15,32,121,32,54,25,27,35,37
70.5,45,82,133,32,172,32,136,50,21,15,24,28,18,13,154,11,35,160,17,78,16,17,16,119,26,14,83,81,11,22,15,35,17,148,21,29,88,16,165,20,99,84,34,17,24,13,21,22,122,13,22,18,78,29,19,18,26,149,83,83,33,65,35,13,126,70,33,22,18,19,25,88,46,15,22,35,75,98,24,37,23,29,19,153,94,21,30,15,32,121,32,53,26,29,40,35
70.75,44,84,142,32,176,35,138,54,27,22,26,26,19,16,159,12,40,166,15,78,11,24,21,122,27,19,86,77,11,15,13,37,22,148,19,29,87,12,163,18,101,83,28,18,20,13,21,26,122,12,19,16,71,26,14,14,25,149,88,79,40,67,30,13,125,72,29,18,17,19,22,88,48,21,24,38,76,95,22,35,31,35,18,154,96,23,33,15,30,123,29,51,27,28,35,40
71,45,89,137,32,174,33,137,53,22,15,27,24,22,14,155,11,37,165,24,78,16,24,18,116,25,19,88,79,11,19,16,39,17,151,20,32,87,18,164,19,101,82,32,17,20,14,18,23,123,11,24,20,78,28,16,19,25,150,84,79,38,66,34,15,127,71,32,21,18,20,25,90,43,20,21,38,79,99,24,36,30,34,20,151,93,26,35,19,36,121,26,52,25,33,38,37
71.25,48,86,140,33,176,33,138,55,24,22,30,21,21,15,155,14,43,171,20,79,17,21,19,122,27,15,83,82,11,15,18,36,20,151,22,29,91,13,168,21,99,87,33,19,22,11,18,26,123,11,22,16,73,23,19,11,26,155,86,79,37,66,37,13,124,71,28,20,20,20,25,83,52,18,27,43,77,96,29,36,28,33,20,152,95,21,35,15,32,123,30,55,28,23,37,41
71.5,48,84,138,35,178,31,138,56,21,23,27,26,21,15,155,11,45,168,21,79,14,22,19,118,26,18,84,81,11,21,16,39,22,155,21,31,89,13,167,23,101,90,30,17,22,11,21,22,121,11,20,19,70,28,19,14,21,153,90,80,39,68,36,11,128,74,29,23,19,25,26,87,48,22,26,40,76,95,27,32,28,37,19,157,94,21,33,20,31,122,32,54,21,29,38,38
71.75,44,84,140,35,177,31,139,50,32,19,28,23,17,13,160,14,44,173,23,77,21,21,20,120,26,20,85,78,11,19,14,40,20,151,22,29,93,13,167,20,102,85,33,15,25,13,15,26,124,14,23,21,76,29,20,15,27,153,85,86,37,70,34,11,129,76,32,19,19,23,25,89,49,20,27,43,80,97,24,41,31,32,16,158,94,26,33,17,34,123,27,53,26,28,36,33
72,46,86,138,34,172,31,136,54,25,23,24,28,16,13,160,15,39,172,19,77,18,23,20,119,24,22,85,78,11,21,19,40,16,156,22,31,90,14,168,20,104,86,30,16,24,14,19,23,124,13,20,19,75,29,17,15,24,155,86,80,37,68,31,17,128,75,33,20,20,28,29,85,49,15,23,39,80,97,24,36,29,35,18,156,95,23,32,21,32,121,29,54,27,29,39,38
72.25,47,83,136,37,177,29,140,55,24,23,22,23,18,14,162,12,41,170,17,80,14,26,17,122,23,14,90,80,11,17,15,37,19,157,19,34,88,14,172,21,101,86,31,16,23,12,18,27,126,11,24,16,77,29,16,14,22,158,87,81,37,70,37,12,131,72,34,20,17,25,23,85,48,22,22,40,78,93,28,40,24,33,25,160,96,29,34,16,28,120,30,52,25,26,37,35
72.5,42,84,134,33,176,30,140,55,26,20,26,30,22,12,160,12,38,170,22,77,19,20,22,123,27,17,85,82,11,15,15,40,17,155,19,32,86,18,170,21,106,91,35,18,22,12,25,29,126,13,22,21,77,31,20,14,24,154,86,82,36,69,36,14,134,78,34,20,20,25,22,86,48,18,27,42,81,98,28,37,31,33,24,164,94,28,32,17,32,121,29,53,24,29,41,36
72.75,46,87,135,34,178,31,141,51,25,21,25,27,18,15,163,13,41,174,27,79,20,28,16,122,25,19,91,80,11,20,15,41,21,154,18,30,91,14,169,25,104,90,34,18,22,12,20,28,126,11,20,21,75,29,14,19,25,156,86,83,37,73,34,14,132,76,32,20,22,27,25,87,47,20,25,41,85,98,27,35,31,35,19,160,97,24,30,20,30,118,31,55,24,24,41,40
73,44,81,138,27,180,28,144,55,25,19,24,28,18,14,158,14,33,176,19,76,15,20,17,124,24,18,88,80,11,17,16,36,17,160,19,26,93,18,168,22,104,89,35,17,21,12,19,24,128,11,19,21,73,28,18,20,23,154,85,81,38,69,35,12,133,79,31,24,22,21,22,91,47,16,25,38,80,100,26,35,30,33,24,162,92,26,35,16,30,123,31,52,29,29,36,36
73.25,46,88,135,35,180,31,143,53,24,23,23,27,21,16,161,12,44,176,18,76,15,21,17,125,25,17,91,79,11,14,13,38,21,157,21,29,86,16,170,17,105,93,35,18,26,13,21,25,128,11,17,17,80,29,16,16,24,154,88,81,40,71,35,13,132,80,30,20,19,21,20,88,49,17,25,39,78,97,25,38,25,31,21,162,98,25,33,19,35,124,31,54,26,27,39,37
73.5,43,82,138,34,177,31,142,60,25,22,24,29,20,16,164,12,43,176,16,79,18,24,19,127,26,15,90,81,11,16,16,39,18,158,20,32,87,16,174,22,105,89,36,19,20,15,22,24,130,13,22,19,81,32,20,18,25,158,91,80,40,72,31,13,137,75,29,22,21,23,25,89,50,21,26,40,80,102,30,37,27,36,24,168,94,26,34,20,33,123,29,49,24,30,41,35
73.75,42,84,137,30,176,29,146,52,26,17,23,25,18,15,161,12,45,180,13,81,16,22,14,125,25,18,93,82,11,17,19,39,21,158,20,29,92,13,171,17,103,93,32,17,21,13,20,24,126,13,21,19,78,30,14,21,23,160,91,79,36,72,34,13,134,75,29,18,19,22,28,89,48,18,24,39,80,98,24,31,27,34,22,167,95,24,31,16,29,119,31,53,23,23,38,35
74,43,86,137,31,179,35,143,51,26,16,25,25,20,18,166,15,42,180,19,77,15,22,18,125,25,20,87,83,11,21,17,43,22,162,18,28,89,15,169,19,107,93,37,18,23,14,17,25,134,13,22,19,76,31,18,12,21,161,93,80,39,70,31,16,134,81,34,21,20,25,25,90,47,21,27,41,85,101,30,35,26,37,24,166,100,28,35,18,30,123,30,54,27,24,41,39
74.25,45,86,138,32,178,32,147,57,30,20,26,29,21,15,162,14,39,182,21,77,16,25,18,123,23,19,91,78,11,19,17,42,18,159,20,30,88,18,171,19,105,97,38,20,25,15,22,27,129,15,23,21,78,33,22,15,24,159,88,82,37,75,32,17,135,83,34,23,19,25,29,93,53,20,27,44,80,96,33,39,28,36,24,166,101,27,34,15,33,118,30,53,27,28,42,35
74.5,46,86,141,34,177,32,145,55,27,20,26,25,19,16,161,13,40,181,19,74,14,25,17,123,28,17,92,81,11,19,15,43,18,164,22,29,87,15,172,16,105,91,31,17,23,15,17,23,130,13,20,17,77,33,16,16,23,161,87,79,36,73,30,15,135,79,32,17,21,23,24,87,48,21,28,38,82,100,30,35,28,37,20,168,97,25,31,16,34,123,29,51,26,29,39,31
74.75,43,84,139,32,176,31,145,53,24,19,23,26,17,18,163,11,46,182,20,80,13,17,16,128,19,18,93,83,11,18,15,41,23,161,14,29,87,12,170,22,100,94,37,16,21,11,20,26,133,13,21,22,76,26,19,13,23,163,87,79,35,76,31,11,136,84,33,20,24,27,22,92,49,20,21,40,85,102,27,40,22,33,23,168,98,21,30,15,31,122,30,52,29,32,41,35
75,47,85,136,37,178,35,149,56,29,20,26,27,20,18,164,13,43,187,20,80,12,24,22,128,26,18,97,80,11,20,17,40,21,170,20,34,94,13,172,19,105,92,32,18,20,15,21,26,132,11,24,21,77,26,15,15,22,164,89,80,38,76,35,13,138,78,31,22,24,24,27,87,46,18,27,42,86,95,24,33,29,37,25,170,96,27,32,16,32,122,30,60,31,29,40,40
75.25,44,84,143,31,175,29,144,53,30,21,27,28,18,16,166,11,44,185,20,76,16,23,21,127,20,15,94,82,11,19,14,43,20,163,19,34,90,14,175,19,106,95,33,20,22,14,25,31,131,14,18,17,73,31,18,16,22,161,91,86,37,73,31,16,141,84,31,19,23,28,27,84,50,22,28,36,83,96,29,32,24,35,22,174,96,28,37,18,34,121,33,56,28,25,34,36
75.5,46,90,143,34,179,33,150,56,27,16,25,23,19,16,168,13,47,187,19,80,16,21,15,127,30,18,94,81,11,20,16,40,18,165,19,31,88,16,173,22,102,94,33,18,20,11,17,24,129,11,24,18,77,29,14,15,25,165,90,84,35,79,35,12,139,83,30,25,23,21,26,88,51,20,24,40,84,104,25,37,28,38,23,176,96,26,32,14,30,119,31,56,22,31,38,37
75.75,43,87,138,31,175,33,146,56,26,17,26,26,18,14,169,13,42,186,23,80,16,20,17,128,25,17,94,81,11,19,19,40,23,167,20,34,93,14,173,18,106,94,35,16,25,13,17,24,130,11,25,17,77,28,17,16,23,163,92,82,37,76,32,13,139,83,31,19,16,24,20,87,50,18,28,41,86,100,22,34,29,38,22,173,93,24,32,15,31,122,27,53,24,26,35,35
76,46,89,139,36,174,31,152,58,24,23,26,25,19,15,166,13,45,187,18,79,11,24,18,132,24,18,95,85,11,19,16,41,19,167,22,32,93,16,170,19,104,94,36,18,25,13,22,28,134,12,24,21,77,29,17,15,21,163,84,80,39,78,36,15,143,80,32,21,20,28,28,90,47,16,30,44,82,103,29,35,25,35,21,171,99,24,33,17,33,119,28,51,29,28,39,32
76.25,40,88,140,31,174,28,154,56,29,18,26,24,18,11,171,13,40,190,23,83,17,24,23,132,23,14,101,82,11,19,17,39,22,168,23,32,93,18,177,21,105,97,37,17,23,15,18,22,134,12,23,23,78,32,18,14,24,168,91,85,41,75,35,11,142,82,33,21,18,26,22,90,50,21,24,42,85,104,26,33,31,34,21,180,98,27,38,19,36,122,32,50,26,29,39,41
76.5,44,89,142,29,173,31,148,54,27,17,27,30,20,14,169,13,47,188,22,80,16,23,17,129,23,16,95,81,11,20,18,44,17,167,22,30,89,14,173,25,109,95,34,19,23,13,21,28,131,12,20,19,76,31,18,17,24,164,92,79,33,76,35,11,144,83,34,23,23,27,25,90,50,17,19,41,84,102,25,38,30,37,20,180,98,28,36,17,32,122,27,54,23,27,35,33
76.75,39,85,135,31,172,28,149,51,25,14,24,27,21,12,169,14,40,188,18,81,13,16,21,130,21,19,102,76,11,19,19,39,23,169,20,33,89,13,177,19,109,95,37,18,23,13,20,26,130,11,23,17,81,27,17,17,26,165,92,78,38,74,34,12,148,85,32,19,22,22,29,90,52,16,24,42,85,101,27,33,25,34,20,176,98,21,33,17,34,120,33,53,22,25,37,30
77,45,87,144,33,170,31,152,55,30,19,24,27,17,13,168,16,42,188,20,77,19,22,17,134,21,18,101,81,11,22,11,43,20,167,20,29,87,16,177,16,108,101,35,17,23,13,18,23,131,11,20,21,77,28,17,16,25,166,94,77,35,79,32,12,144,80,33,22,18,24,24,89,52,21,25,41,87,101,24,30,25,38,22,180,96,20,36,17,31,123,29,55,27,27,34,39
77.25,46,88,140,34,173,33,156,58,29,16,26,29,21,16,172,13,43,194,18,81,19,19,17,133,26,19,98,80,11,18,13,42,18,173,24,32,86,11,176,17,103,94,32,18,19,11,19,21,139,14,20,17,75,28,18,22,24,167,94,81,38,82,36,12,148,83,31,20,24,25,23,91,50,21,22,39,86,106,22,35,26,37,19,179,102,25,31,15,31,123,29,51,25,27,38,36
77.5,47,89,145,35,176,39,155,59,29,21,26,31,19,13,170,15,46,195,21,78,17,23,18,136,28,21,100,78,11,21,19,42,16,171,21,34,94,15,174,20,106,98,36,21,23,16,23,26,136,11,20,19,80,30,18,18,24,169,96,80,33,80,35,16,144,82,36,20,23,24,28,90,52,18,26,35,86,105,28,36,28,36,24,179,103,26,37,18,33,120,35,54,26,31,37,40
77.75,42,83,144,35,175,31,155,58,31,19,26,25,20,14,172,15,46,195,22,85,18,25,20,135,26,17,101,81,11,18,16,41,22,172,21,29,92,13,177,18,108,102,36,20,22,12,22,26,137,12,19,18,80,30,19,19,26,167,95,83,41,80,37,17,147,82,32,22,24,23,24,91,48,18,22,43,85,102,27,31,29,40,20,185,100,24,38,18,36,122,29,53,25,25,38,37
78,47,86,138,32,173,34,153,55,27,18,22,25,23,18,171,12,44,195,20,81,14,25,19,134,22,17,98,83,11,21,17,42,21,172,18,28,88,17,175,18,106,95,38,18,25,19,18,22,134,13,22,22,80,27,19,16,28,165,96,82,40,78,34,17,150,82,36,20,22,25,24,86,48,20,27,41,89,104,25,34,29,35,23,187,99,25,31,16,33,119,25,53,29,29,39,35
78.25,49,85,144,33,172,27,155,58,26,15,26,32,20,13,171,11,45,193,15,76,15,22,18,137,28,17,102,79,11,19,16,43,21,172,23,31,89,11,178,17,108,101,35,20,19,12,21,24,139,11,21,22,75,27,13,16,24,167,95,82,37,83,29,12,151,82,36,17,23,24,21,87,52,20,27,43,87,106,31,38,27,33,20,183,98,25,32,11,28,117,26,52,25,31,42,30
78.5,44,86,143,34,173,31,153,55,33,17,25,24,21,15,174,16,44,196,21,80,15,21,18,133,29,19,99,80,11,20,19,38,24,172,20,28,90,16,176,22,104,100,35,14,22,13,21,23,137,16,21,19,80,29,15,16,22,171,98,82,41,82,36,13,153,78,32,26,19,24,25,88,49,19,29,42,87,102,25,35,26,40,21,182,96,27,34,15,31,118,24,53,25,23,39,38
78.75,46,89,145,35,174,27,157,60,35,17,26,25,22,14,175,11,46,200,17,79,12,26,21,136,22,20,100,83,11,19,21,46,20,173,23,29,91,17,179,21,105,104,34,18,24,13,21,25,133,11,20,20,79,28,17,23,23,171,94,81,37,86,32,14,151,82,31,22,24,25,22,88,53,20,25,43,92,106,29,37,25,38,21,186,100,26,38,20,32,120,30,55,28,29,41,36
79,47,87,143,33,170,31,154,57,30,16,30,27,21,14,174,16,43,198,18,87,14,22,19,139,29,17,105,81,11,21,17,39,19,177,22,29,90,17,179,22,110,101,31,19,25,11,19,25,138,13,22,23,80,31,19,18,27,169,97,85,41,83,33,15,150,84,35,20,20,22,24,90,51,18,25,42,89,100,26,36,26,32,24,192,105,22,36,17,33,120,28,48,25,31,36,31
79.25,47,88,141,35,168,33,156,57,25,17,24,27,21,17,175,16,47,198,19,83,15,19,22,134,21,19,108,82,11,17,17,41,19,176,15,32,94,12,180,16,112,98,36,18,23,11,21,23,135,14,18,19,77,29,18,15,27,172,97,83,42,84,33,14,155,83,30,22,22,24,24,88,51,16,23,41,92,107,25,36,24,34,20,186,98,26,33,16,35,115,25,51,26,25,36,36
79.5,42,88,141,35,172,32,156,53,31,18,26,26,18,14,175,11,48,198,18,79,16,20,18,135,27,18,107,82,11,18,19,43,21,175,19,32,93,16,179,20,106,104,35,20,20,14,17,31,138,11,22,18,82,31,17,15,25,170,93,81,40,85,34,15,155,87,31,21,21,24,27,88,51,17,25,40,89,101,28,38,24,37,22,186,101,22,34,13,29,123,26,55,21,28,40,37
79.75,41,86,142,31,169,35,155,61,30,18,27,25,21,11,176,11,51,195,20,77,16,22,16,138,22,19,107,80,11,20,14,43,21,172,24,31,92,14,179,23,112,101,39,21,20,12,23,25,134,11,21,17,79,32,16,15,26,171,101,81,41,85,36,14,153,85,34,18,22,23,21,91,46,19,24,39,89,107,25,35,30,40,25,195,102,26,35,19,36,121,35,55,26,28,36,34
80,45,88,144,33,170,30,155,56,27,18,28,27,19,13,175,14,44,203,18,79,17,20,18,141,22,16,103,84,11,22,14,43,17,178,22,31,91,21,179,19,108,101,35,18,23,12,21,25,140,11,22,20,82,27,18,15,25,174,97,78,36,82,34,11,157,81,36,19,19,21,25,90,52,20,27,40,89,107,27,34,26,40,25,190,102,24,36,20,31,125,31,56,26,26,37,34
80.25,40,86,143,32,170,25,159,58,26,20,25,22,23,11,176,11,50,198,19,85,15,23,15,138,26,17,107,82,11,20,18,45,22,177,20,31,95,11,179,18,110,103,38,16,21,13,20,23,138,13,20,21,85,29,16,12,20,172,99,83,37,85,39,12,156,79,33,23,18,25,25,89,49,19,24,42,94,105,26,33,26,36,21,188,101,23,36,16,35,123,28,56,25,29,37,38
80.5,48,89,143,35,175,37,165,61,29,20,32,27,20,16,179,11,48,206,20,79,15,23,20,137,24,15,108,81,11,21,17,43,21,178,20,28,95,13,178,19,106,105,35,19,22,16,17,24,139,11,18,19,78,31,15,14,25,173,99,83,38,85,39,16,158,82,30,21,19,23,25,93,47,22,31,42,92,110,25,31,30,36,20,190,102,22,37,20,29,121,29,53,32,28,39,37
80.75,44,86,146,30,169,27,161,58,30,18,26,28,21,19,179,16,45,204,17,80,19,21,20,139,25,19,111,83,11,18,17,48,24,180,21,30,97,16,177,18,111,106,36,14,24,13,19,28,138,12,20,19,79,31,16,16,25,176,103,86,39,86,32,13,163,81,31,21,20,22,28,90,52,17,27,44,93,106,25,38,28,40,22,194,98,28,38,18,32,124,31,54,27,29,37,33
81,41,83,145,28,170,31,160,57,28,18,27,23,19,14,181,11,43,205,18,82,17,23,23,138,26,17,107,78,11,18,17,47,19,179,20,29,92,16,180,18,110,103,33,18,25,11,19,27,136,11,22,20,80,31,16,18,22,172,96,81,34,83,33,13,160,79,33,19,20,22,24,90,53,15,22,41,90,106,30,30,25,34,19,194,93,23,32,15,33,118,27,51,26,28,38,35
81.25,43,87,145,37,172,34,162,60,29,17,26,25,23,18,179,12,47,208,21,81,16,23,17,140,24,16,110,81,11,16,17,43,18,180,19,34,92,13,180,18,111,110,34,15,23,13,20,26,139,11,22,20,78,26,20,15,24,180,99,82,39,88,31,12,159,83,36,18,23,23,21,90,55,17,27,44,94,109,30,33,29,36,20,197,100,28,38,16,27,121,32,55,25,23,37,33
81.5,42,84,147,33,171,29,167,58,28,19,29,28,20,13,179,11,44,205,20,82,17,21,16,141,26,19,108,83,11,16,17,47,22,181,21,32,94,14,179,19,106,101,35,18,20,16,18,24,137,11,20,18,83,33,12,16,25,176,101,82,35,87,31,13,163,80,35,19,23,24,25,92,47,18,22,45,94,109,28,35,29,38,24,197,99,25,36,17,31,120,28,55,28,30,38,33
81.75,43,84,147,30,171,32,163,57,27,14,28,27,22,17,179,12,50,205,19,79,16,20,16,142,26,17,111,83,11,21,18,47,21,181,21,34,93,19,181,20,112,109,40,16,24,12,21,27,139,13,20,19,82,28,19,20,24,178,99,83,37,89,36,16,164,81,36,21,17,25,25,93,57,19,27,41,94,109,27,35,27,36,21,200,102,25,32,17,32,121,34,56,24,27,43,39
82,44,87,146,37,171,31,165,57,31,19,26,26,22,13,181,14,54,207,17,81,18,23,15,146,27,21,114,81,11,19,16,48,20,180,15,34,95,12,184,22,110,103,38,15,23,15,22,22,138,15,22,20,81,29,17,15,25,176,98,83,39,89,35,15,165,80,30,21,26,24,26,94,52,22,25,41,96,110,28,35,29,36,21,197,102,24,35,14,32,122,31,53,30,28,41,36
82.25,41,89,146,31,175,31,163,59,26,21,27,27,19,15,179,15,54,209,20,83,11,24,19,142,24,17,111,81,11,19,14,48,20,183,22,27,94,14,181,17,109,106,32,15,21,13,14,23,138,11,21,17,82,34,21,16,24,178,103,83,39,89,32,15,160,82,33,20,19,23,25,92,50,17,25,42,93,113,26,29,25,38,19,197,101,25,37,19,34,123,28,51,24,25,44,31
82.5,43,87,147,29,171,36,169,62,29,18,27,23,21,14,183,11,49,209,19,85,17,24,14,144,23,23,110,82,11,15,19,47,21,184,23,30,97,15,183,19,106,111,35,17,22,12,18,20,142,11,22,18,84,31,17,18,27,181,102,82,40,90,34,12,165,77,33,21,20,21,24,91,51,18,25,43,94,111,29,35,32,35,20,197,98,23,35,14,32,124,29,57,31,29,42,35
82.75,41,86,144,33,169,30,166,62,28,13,28,25,21,17,179,14,51,208,25,82,13,22,23,145,26,21,114,81,11,18,18,44,20,185,20,28,95,17,183,20,106,105,34,13,18,12,23,24,138,11,22,14,81,27,14,16,23,174,106,83,38,89,34,14,165,79,34,18,19,18,20,89,52,17,22,39,96,107,27,32,26,35,21,203,104,26,36,22,29,122,35,58,27,35,35,32
83,40,87,146,27,170,34,162,57,28,16,22,22,20,12,178,14,48,209,17,77,15,19,16,145,22,19,116,82,11,17,18,50,20,185,18,34,96,14,182,19,113,111,35,17,20,15,17,28,137,14,21,20,81,27,17,17,25,178,101,82,35,88,34,11,166,79,31,20,17,22,24,92,49,21,26,43,95,112,30,31,26,41,19,200,100,23,38,18,31,121,35,55,30,23,46,35
83.25,43,88,148,33,169,31,169,60,30,17,29,27,20,14,180,11,51,208,23,83,15,20,18,146,23,18,119,84,11,20,14,45,19,186,19,33,94,15,184,17,114,111,39,17,18,11,19,23,140,12,17,19,82,30,13,18,25,178,103,84,35,89,34,14,168,79,34,17,20,26,21,92,50,18,23,44,97,109,26,31,25,38,20,203,99,27,35,17,31,121,32,55,27,28,42,32
83.5,44,86,142,34,166,31,167,57,30,18,26,28,18,13,181,11,51,211,18,82,17,23,16,144,24,16,115,81,11,20,15,44,21,184,21,30,91,20,184,20,109,109,39,21,23,11,19,22,141,12,20,22,85,31,16,17,27,180,107,80,37,93,36,13,167,87,31,19,23,23,25,90,48,20,24,44,95,111,29,33,27,41,21,205,97,23,33,15,35,116,31,52,26,28,42,30
83.75,41,85,147,31,171,35,169,55,31,20,26,25,17,14,180,11,49,210,18,80,16,24,15,144,25,20,120,83,11,21,16,49,23,185,24,31,91,18,186,21,110,113,36,20,22,13,19,26,140,11,21,20,81,27,19,16,24,175,102,81,34,90,31,12,165,78,33,17,18,26,24,90,47,19,20,42,92,108,23,35,27,40,21,204,98,27,34,13,28,123,24,50,27,29,42,29
84,44,90,148,32,168,29,167,58,29,24,26,25,21,15,183,11,55,212,20,79,17,25,18,147,25,16,115,83,11,16,17,49,25,185,20,26,96,16,185,23,114,116,41,21,25,14,18,25,139,15,21,24,84,33,16,16,21,180,105,81,41,93,37,14,169,80,37,21,22,24,29,90,52,16,26,42,100,113,27,35,29,42,23,203,99,24,35,20,31,119,32,54,26,23,41,33
84.25,46,88,145,33,169,31,171,57,29,14,25,24,19,15,185,13,54,209,19,84,14,23,16,146,26,17,116,86,11,21,17,47,18,183,20,32,91,16,182,20,112,107,38,17,22,11,20,25,138,11,23,19,80,28,16,15,23,180,106,80,39,89,37,14,172,78,33,18,22,27,26,89,49,19,27,43,96,114,27,36,25,40,27,203,97,27,35,17,32,116,28,53,25,30,45,35
84.5,0,0,0,0,0,0,0,0,0,0,0,0,0,0,0,0,0,0,0,0,0,0,0,0,0,0,0,0,0,0,0,0,0,0,0,0,0,0,0,0,0,0,0,0,0,0,0,0,0,0,0,0,0,0,0,0,0,0,0,0,0,0,0,0,0,0,0,0,0,0,0,0,0,0,0,0,0,0,0,0,0,0,0,0,0,0,0,0,0,0,0,0,0,0,0,0