Hour,A1_Negative_Control,A2_L-Arabinose,A3_N-Acetyl-D_Glucosamine,A4_D-Saccharic_Acid,A5_Succinic_Acid,A6_D-Galactose,A7_L-Aspartic_Acid,A8_L-Proline,A9_D-Alanine,A10_D-Trehalose,A11_D-Mannose,A12_Dulcitol,B1_D-Serine,B2_D-Sorbitol,B3_Glycerol,B4_L-Fucose,B5_D-Glucuronic_Acid,B6_D-Gluconic_Acid,B7_D-L-a-Glycerol_Phosphate,B8_D-Xylose,B9_L-Lactic_Acid,B10_Formic_Acid,B11_D-Mannitol,B12_L-Glutamic_Acid,C1_D-Glucose-6-Phosphate,C2_D-GalactonicAcid-g-Lactone,C3_D-L-Malic_Acid,C4_D-Ribose,C5_Tween_20,C6_L-Rhamnose,C7_D-Fructose,C8_Acetic_Acid,C9_a-D-Glucose,C10_Maltose,C11_D-Melibiose,C12_Thymidine,D-1_L-Asparagine,D2_D-Aspartic_Acid,D3_D-Glucosaminic_Acid,D4_1-2-Propanediol,D5_Tween_40,D6_a-Keto-Glutaric_Acid,D7_a-Keto-Butyric_Acid,D8_a-Methyl-D_Galactoside,D9_a-D-Lactose,D10_Lactulose,D11_Sucrose,D12_Uridine,E1_L-Glutamine,E2_m-Tartaric_Acid,E3_D-Glucose-1-Phosphate,E4_D-Fructose-6-Phosphate,E5_Tween_80,E6_a-Hydroxy_Glutaric_Acid-g_Lactone,E7_a-Hydroxy_Butyric_Acid,E8_B-Methyl-D_Glucoside,E9_Adonitol,E10_Maltotriose,E11_2-DeoxyAdenosine,E12_Adenosine,F1_Glycyl-L-Aspartic_Acid,F2_Citric_Acid,F3_myo-Inositol,F4_D-Threonine,F5_Fumaric_Acid,F6_Bromo_Succinic_Acid,F7_Propionic_Acid,F8_Mucic_Acid,F9_Glycolic_Acid,F10_Glyoxylic_Acid,F11_D-Cellobiose,F12_Inosine,G1_Glycyl-L-Glutamic_Acid,G2_Tricarballylic_Acid,G3_L-Serine,G4_L-Threonine,G5_L-Alanine,G6_L-Alanyl-Glycine,G7_Acetoacetic_Acid,G8_N-Acetyl-B-D_Mannosamine,G9_Mono_Methyl_Succinate,G10_Methyl_Pyruvate,G11_D-Malic_Acid,G12_L-Malic_Acid,H1_Glycyl-L-Proline,H2_p-Hydroxy_Phenyl_AceticAcid,H3_m-Hydroxy_Phenyl_AceticAcid,H4_Tyramine,H5_D-Psicose,H6_L-Lyxose,H7_Glucuronamide,H8_Pyruvic_Acid,H9_L-Galactonic_Acid-g-Lactone,H10_D-GalacturonicAcid,H11_Phenylethylamine,H12_2-Aminoethanol
0,19,36,11,11,11,11,11,11,11,11,15,24,14,11,11,11,11,11,11,49,11,11,12,14,14,11,11,57,11,11,11,11,11,11,13,15,18,12,11,11,11,11,11,11,11,11,11,15,13,11,11,11,11,11,11,11,11,11,11,16,11,16,11,11,12,11,11,11,12,11,13,18,22,19,12,13,13,11,11,11,11,11,12,22,20,23,21,17,18,101,14,14,14,13,23,20
0.25,14,40,11,11,11,11,11,11,11,11,14,24,13,11,11,11,11,11,11,55,11,11,11,13,16,11,11,60,11,11,11,11,11,11,11,18,14,11,11,11,11,11,11,11,11,11,11,18,11,11,11,11,11,11,11,11,11,11,11,14,11,17,11,11,11,11,11,11,11,11,14,15,18,12,11,11,11,11,12,13,11,11,13,21,22,17,12,17,17,101,11,11,17,12,23,17
0.5,19,42,11,11,11,11,11,11,11,11,15,21,16,11,11,11,11,11,11,60,11,11,13,16,16,11,11,65,11,11,11,11,11,11,14,17,14,11,11,11,11,11,11,11,11,11,11,18,14,11,11,11,11,11,11,11,11,11,11,16,13,18,11,11,11,11,11,11,13,11,15,17,19,14,11,13,15,11,15,11,11,11,16,21,25,24,16,19,19,105,15,13,15,13,17,19
0.75,15,41,11,11,11,11,11,11,11,11,11,20,11,11,11,11,11,11,11,57,11,11,11,14,14,11,11,66,11,11,11,11,11,12,12,19,14,11,11,11,11,11,11,11,11,11,11,17,12,11,11,11,11,11,11,11,11,11,11,13,12,13,11,11,11,11,11,11,11,12,16,21,19,16,14,14,13,11,11,11,11,11,13,21,20,24,16,17,25,106,15,14,14,12,22,22
1,18,43,11,11,11,11,11,11,11,11,14,20,11,11,11,11,11,11,11,57,11,11,11,12,14,11,11,66,11,11,11,11,11,11,11,14,15,11,11,11,11,11,11,11,11,11,11,16,12,11,11,11,11,11,11,11,11,11,13,15,11,17,11,11,11,11,11,11,11,11,13,16,20,11,12,15,11,11,11,11,11,11,11,18,17,22,18,15,24,103,12,12,17,16,16,21
1.25,15,46,11,11,11,11,11,11,11,11,14,22,13,11,11,11,11,11,11,67,11,11,14,15,14,11,11,72,11,11,11,11,11,11,11,16,19,11,11,11,11,11,11,11,11,11,13,19,14,14,11,11,11,11,11,11,11,11,11,18,14,13,11,11,11,11,11,11,12,14,15,19,19,16,15,12,15,11,12,11,12,12,17,21,23,21,14,18,21,109,16,14,20,18,22,22
1.5,16,44,11,11,11,11,11,11,11,11,18,21,13,11,11,11,11,11,11,60,11,11,14,12,20,11,11,72,11,11,11,11,11,11,12,17,17,11,11,11,11,11,11,11,11,11,11,18,11,11,11,11,11,11,11,11,11,11,11,15,11,11,11,11,11,11,11,11,11,11,16,16,22,16,14,11,12,11,15,11,11,11,15,17,16,20,18,20,20,105,11,12,13,12,20,21
1.75,12,40,11,11,11,11,11,11,11,11,13,20,18,11,11,11,11,11,11,61,11,11,13,14,16,11,11,71,11,11,11,11,11,11,15,16,14,11,11,11,11,11,11,11,11,11,11,15,11,11,11,11,11,11,11,11,11,12,11,14,14,12,11,11,11,11,11,11,11,11,12,17,18,14,12,11,11,11,13,12,11,11,13,19,19,20,18,13,18,110,14,15,14,16,16,15
2,18,49,11,11,11,11,11,11,11,11,16,18,16,11,11,11,11,11,11,64,11,11,14,16,16,11,11,72,11,11,11,11,11,11,16,19,12,11,11,11,11,11,11,11,11,11,11,20,11,11,11,11,11,11,11,11,11,11,11,19,12,17,11,11,11,11,12,11,11,11,15,17,20,20,12,15,12,11,11,11,11,11,17,18,15,22,16,15,20,106,13,15,12,13,18,22
2.25,12,43,11,11,11,11,11,11,11,11,11,19,11,11,11,11,11,11,11,60,11,11,11,11,13,11,11,70,11,11,11,11,11,11,12,16,11,11,11,11,11,11,11,11,11,11,11,16,11,11,11,11,11,11,11,11,11,11,11,12,11,14,11,11,11,11,11,11,11,11,14,16,16,12,11,11,11,11,11,11,11,11,14,17,15,17,12,14,17,106,11,11,11,11,18,13
2.5,13,49,11,11,11,11,11,11,11,11,17,22,12,11,11,11,11,11,11,64,11,11,16,13,16,12,11,74,11,11,11,11,11,11,15,15,16,11,11,11,11,11,11,11,11,11,11,20,11,11,11,11,11,11,11,11,11,11,14,17,11,16,11,11,11,11,11,11,11,11,14,17,16,15,13,11,14,11,11,11,11,13,11,23,19,20,15,16,22,110,11,12,17,12,14,19
2.75,14,49,11,11,11,11,11,11,11,11,17,18,13,11,11,11,11,11,11,64,11,11,14,12,11,11,11,70,11,11,11,11,11,11,12,15,13,11,11,11,11,11,11,11,11,11,11,16,11,11,11,11,11,11,11,11,11,11,11,14,11,14,11,11,11,11,11,11,11,14,14,15,18,15,11,11,12,11,11,11,11,11,15,23,21,20,14,15,20,110,14,13,14,16,23,20
3,14,48,11,11,11,11,11,11,11,11,17,18,11,11,11,11,11,11,11,62,11,11,11,12,15,11,11,73,11,11,11,11,11,11,11,14,13,11,11,11,11,11,11,11,11,11,11,20,11,11,11,11,11,11,11,11,11,11,11,16,11,11,11,11,11,11,11,11,12,11,14,17,18,14,12,11,11,11,12,11,11,11,11,15,21,21,17,17,24,108,12,12,12,15,20,19
3.25,13,46,11,11,11,11,11,11,11,11,12,18,11,11,11,11,11,11,11,61,11,11,11,13,13,11,11,76,11,11,11,11,11,12,12,15,17,11,11,11,11,11,11,11,11,11,11,18,11,11,11,11,11,11,11,11,11,11,11,14,11,12,11,11,11,11,12,11,12,11,13,11,16,17,11,12,12,11,11,11,11,11,12,19,17,19,13,11,18,114,13,15,14,12,23,19
3.5,17,46,11,11,11,11,11,11,11,11,11,19,12,11,11,11,11,11,11,64,11,11,13,14,13,12,11,77,11,11,11,11,11,11,11,20,13,11,11,11,11,11,11,11,11,11,11,18,11,11,11,11,11,11,11,11,11,11,11,19,11,14,11,12,11,11,11,11,11,11,13,16,19,14,12,11,12,11,11,11,11,11,14,20,17,23,18,13,17,109,13,12,16,17,18,22
3.75,12,44,11,11,11,11,11,11,11,11,11,19,13,11,11,11,11,11,11,62,11,11,11,16,11,11,11,74,11,11,11,11,11,11,11,16,17,11,11,11,11,11,11,11,11,11,11,19,11,11,11,11,11,11,11,11,11,11,11,19,11,16,11,11,11,11,11,11,11,12,11,19,20,12,11,11,11,12,11,11,11,11,13,20,18,21,15,15,18,108,11,15,13,12,21,19
4,16,48,11,11,11,11,11,11,11,11,14,22,11,11,11,11,11,11,11,60,11,11,14,13,12,11,11,79,11,11,11,11,11,11,11,17,19,11,11,11,11,11,11,11,11,11,11,17,11,12,11,11,11,11,11,11,11,11,11,14,12,16,11,11,11,11,11,11,11,13,17,17,15,13,11,14,11,11,11,11,13,11,13,24,19,21,16,14,21,109,14,11,12,16,22,22
4.25,12,45,11,11,11,11,11,11,11,11,12,18,11,11,11,11,11,11,11,61,11,11,14,11,13,11,11,71,11,11,11,11,11,11,11,15,14,12,11,11,11,11,11,11,11,11,11,13,11,13,11,11,11,11,11,11,11,11,11,14,11,15,11,11,11,11,11,11,11,13,15,16,17,13,11,11,11,11,11,11,11,11,11,20,20,20,17,17,20,111,12,14,13,11,20,19
4.5,14,45,15,11,11,11,11,11,11,11,11,22,11,11,11,11,11,11,11,65,11,11,16,13,12,11,11,73,11,11,11,11,11,11,11,19,13,11,11,11,11,11,11,11,11,11,11,19,11,11,11,11,11,11,11,11,11,11,11,16,11,14,11,11,11,11,11,11,11,11,15,17,16,15,11,12,11,11,11,11,11,11,16,21,22,18,19,15,21,113,11,14,14,18,14,14
4.75,13,53,11,11,11,11,11,11,11,11,13,20,16,11,11,11,11,11,11,61,11,11,11,13,17,11,11,72,11,11,11,11,11,11,11,16,14,12,11,11,11,11,11,11,11,11,11,15,11,11,11,11,11,11,11,11,11,11,11,18,16,11,11,11,11,11,11,11,11,12,15,17,21,15,13,15,12,11,12,11,12,11,13,25,22,19,16,15,16,114,14,11,12,16,20,17
5,12,49,11,11,11,11,11,11,11,11,11,21,11,11,11,11,11,11,11,61,11,11,11,14,15,11,11,76,11,11,11,11,11,12,11,14,17,11,11,11,11,11,11,11,11,11,11,14,11,11,11,11,11,11,11,11,11,11,11,17,11,13,11,11,11,11,11,11,11,11,15,17,21,11,12,13,11,11,15,13,11,11,16,20,20,20,19,16,19,110,11,13,16,12,18,17
5.25,16,50,11,11,11,11,11,11,11,11,13,20,13,11,11,11,11,11,11,63,11,11,11,14,13,11,11,75,11,11,11,11,11,11,11,18,14,11,11,11,11,11,11,11,11,11,11,12,14,11,11,11,11,11,11,11,11,11,11,19,13,11,11,11,11,11,11,11,11,14,13,20,16,14,14,12,11,11,14,12,11,11,17,22,19,21,14,14,19,114,17,14,13,19,20,22
5.5,14,48,11,11,11,11,11,11,11,11,12,15,11,11,11,11,11,11,11,58,11,11,13,13,12,11,11,71,11,11,11,11,11,11,11,19,11,13,11,11,11,11,11,11,11,11,11,17,11,11,11,11,11,11,11,11,11,11,11,14,11,12,11,11,11,11,11,11,11,11,12,11,19,15,11,14,12,11,11,11,11,13,16,16,18,15,17,14,19,113,14,13,11,15,17,18
5.75,14,46,11,11,11,11,11,11,11,11,14,19,11,11,11,11,11,11,11,61,11,11,13,11,11,11,11,75,11,11,11,11,11,11,11,15,11,11,11,11,11,11,11,11,11,11,11,15,11,11,11,11,11,11,11,11,11,11,11,14,11,17,11,11,11,11,11,11,11,11,14,15,18,15,11,13,11,11,11,11,11,11,17,22,22,20,15,13,20,114,11,11,15,16,16,18
6,15,46,11,11,11,11,11,11,11,11,11,18,11,11,11,11,11,11,11,64,11,11,15,13,11,11,11,74,11,11,11,11,11,11,11,16,14,11,11,11,11,11,11,11,11,11,11,14,11,11,11,11,11,11,11,11,11,11,11,17,11,15,11,11,11,11,11,11,11,14,14,15,16,11,11,11,11,11,14,11,11,11,13,18,17,19,15,16,19,113,11,15,12,13,19,21
6.25,11,50,11,11,11,11,11,11,11,11,13,18,11,11,11,11,11,11,11,65,11,11,11,11,17,11,11,73,11,11,11,11,11,11,12,17,16,13,11,11,11,11,11,11,11,11,11,18,11,11,11,11,11,11,11,11,11,11,11,15,11,14,11,11,11,11,11,11,11,18,11,14,15,19,12,11,11,11,11,12,12,11,15,21,21,19,18,13,20,114,12,17,16,14,21,22
6.5,14,45,11,11,11,11,11,11,11,11,11,19,11,11,11,11,11,11,11,63,11,11,11,11,12,11,11,72,11,11,11,11,11,11,11,15,13,11,11,11,11,11,11,11,11,11,11,16,11,11,11,11,11,11,11,11,11,11,11,14,11,12,11,11,11,11,11,11,11,11,11,16,16,16,11,14,11,11,11,11,11,11,13,21,18,20,16,19,21,115,11,13,15,11,20,17
6.75,15,49,11,11,11,11,11,11,11,11,13,19,14,11,11,11,11,11,11,64,11,11,13,11,11,12,11,76,11,11,11,11,11,11,12,17,14,11,11,11,11,11,11,11,11,11,11,20,12,11,11,11,11,11,11,11,11,11,12,14,11,13,11,11,11,11,11,11,11,11,16,17,19,15,11,12,11,12,11,11,11,11,15,22,16,17,15,15,16,116,11,14,11,19,19,16
7,15,51,11,11,11,11,11,11,11,11,14,18,11,11,11,11,11,11,11,63,11,11,15,12,16,11,11,76,11,11,11,11,11,11,11,15,16,14,11,11,11,11,11,11,11,11,11,18,12,11,11,11,11,11,11,11,11,11,11,16,12,17,11,11,12,11,11,11,11,11,16,17,18,16,11,11,11,12,11,12,11,11,15,19,18,20,18,19,23,117,15,13,13,19,22,21
7.25,14,47,11,11,11,11,11,11,11,11,17,18,12,12,11,11,11,11,11,65,11,11,17,18,14,11,11,77,11,11,11,11,11,11,11,17,15,14,11,11,11,11,11,11,11,11,11,14,11,11,11,11,11,11,11,11,11,12,11,13,11,14,12,11,11,11,11,11,13,11,16,17,16,14,14,14,12,11,11,11,11,16,11,22,21,22,12,17,21,113,14,19,15,11,20,21
7.5,11,50,11,11,11,11,11,11,11,11,14,16,11,11,11,11,11,11,11,69,11,11,12,11,12,11,11,75,11,11,11,11,11,11,11,13,12,11,11,11,11,11,11,11,11,11,11,14,11,11,11,11,11,11,11,11,11,11,11,16,11,13,11,11,11,11,11,11,11,11,14,18,18,11,11,11,11,11,11,11,11,11,17,20,15,19,12,15,24,116,11,14,12,15,20,18
7.75,15,48,11,11,11,11,11,11,11,11,11,18,11,11,11,11,11,11,11,69,11,11,13,11,17,11,11,77,11,11,11,11,11,11,11,12,13,13,11,11,11,11,11,11,11,11,11,16,14,11,11,11,11,11,11,11,11,11,11,14,11,15,11,11,11,11,11,11,11,13,14,18,19,13,11,14,11,11,11,11,11,11,16,20,16,18,12,16,17,117,13,12,17,15,20,20
8,14,50,11,11,11,11,11,11,11,11,15,19,11,11,11,11,11,11,11,66,11,11,15,13,12,11,11,78,11,11,11,11,11,11,13,13,13,11,11,11,11,11,11,11,11,11,11,16,11,11,11,13,11,11,11,11,11,11,11,17,11,14,14,11,11,11,11,11,11,15,13,16,17,16,15,14,11,11,13,11,11,11,17,21,19,21,16,16,21,114,11,13,16,15,21,24
8.25,13,45,11,11,11,11,11,11,11,11,11,23,12,11,11,11,11,11,11,67,11,11,15,13,19,11,11,78,11,11,11,11,11,11,12,13,17,11,11,11,11,11,11,11,11,11,11,16,11,11,11,11,11,11,11,11,11,11,11,16,12,13,11,11,11,11,11,11,11,11,15,19,19,17,13,11,11,11,11,11,11,11,11,17,19,19,18,17,21,114,13,19,16,16,21,20
8.5,15,50,11,11,11,11,11,11,11,11,13,17,11,11,11,11,11,11,11,64,11,11,13,12,12,11,11,76,11,11,11,11,11,11,12,16,14,11,11,11,11,11,11,11,11,11,11,14,11,11,11,11,11,11,11,11,11,11,11,13,11,12,11,11,11,11,12,11,11,11,20,14,18,16,11,12,11,11,12,11,11,11,13,20,18,18,17,18,19,115,16,14,15,17,21,20
8.75,14,54,11,11,11,11,11,11,11,11,12,24,13,11,11,11,11,11,11,67,11,11,16,12,16,11,11,79,11,11,11,11,11,11,14,17,15,14,11,11,11,11,11,11,11,11,12,17,11,12,11,11,11,11,11,11,11,11,11,13,11,16,11,11,11,11,11,11,11,11,12,14,20,15,11,11,11,11,11,16,11,11,17,24,20,22,18,19,25,116,14,13,17,14,20,18
9,12,48,11,11,11,11,11,11,11,11,12,21,11,11,11,11,11,11,11,64,11,11,13,11,14,11,11,78,11,11,11,11,11,11,11,16,16,11,11,11,11,11,11,11,11,11,11,14,11,11,11,11,11,11,11,11,11,11,11,11,11,14,11,11,11,11,11,11,11,12,13,16,13,16,11,13,11,11,11,11,11,11,11,19,15,19,14,14,17,116,12,12,11,11,19,21
9.25,17,51,11,11,11,11,11,11,11,11,14,18,12,11,11,11,11,11,11,67,11,11,15,11,15,11,11,78,11,11,11,11,11,11,12,14,15,11,11,11,11,11,11,11,11,11,11,19,11,11,11,12,11,11,11,11,11,11,11,19,11,15,11,11,11,11,11,11,11,11,18,17,14,12,11,11,12,11,11,11,11,11,11,24,20,22,14,14,18,120,11,16,17,12,23,23
9.5,15,50,11,11,11,11,11,11,11,11,15,22,11,11,11,11,11,11,11,65,11,11,12,13,13,11,11,78,11,11,11,11,11,11,11,15,15,11,11,11,11,11,11,11,11,11,11,18,11,11,11,11,11,11,11,11,11,11,11,13,15,16,11,11,11,11,12,11,11,13,14,15,20,15,11,11,11,11,11,11,11,11,13,24,21,17,20,13,18,118,13,16,13,16,17,21
9.75,11,47,11,11,11,11,11,11,11,11,12,21,11,11,11,11,11,11,11,65,11,11,11,14,11,11,11,78,11,11,11,11,11,11,11,15,13,11,11,11,11,11,11,11,11,11,13,16,11,11,11,11,11,11,11,11,11,11,11,15,13,15,11,11,11,11,11,11,11,11,11,18,18,16,14,11,11,11,11,11,11,11,11,18,18,19,16,15,15,113,11,13,16,15,19,18
10,17,51,11,11,11,11,11,11,11,11,12,17,11,11,11,11,11,11,11,66,11,11,15,11,13,11,11,79,11,11,11,11,11,11,12,14,11,11,11,11,11,11,11,11,11,11,11,16,11,11,11,11,11,11,11,11,11,11,11,15,11,17,11,11,11,11,11,11,11,11,12,17,19,16,13,11,12,11,11,11,11,11,16,19,20,17,16,12,17,113,11,11,11,14,19,16
10.25,13,50,11,11,11,11,11,11,11,11,11,18,12,11,11,11,11,11,11,66,11,11,14,11,15,11,11,80,11,11,11,11,11,11,11,15,13,11,11,11,11,11,11,11,11,11,11,19,11,11,11,11,11,11,11,11,11,11,11,15,11,13,11,11,11,11,11,11,11,12,13,17,14,17,11,12,11,11,15,11,11,11,13,18,16,21,18,16,17,115,11,17,16,15,22,15
10.5,13,48,11,11,11,11,11,11,11,11,15,21,14,11,11,11,11,11,11,64,11,11,11,12,12,11,11,79,11,11,11,11,11,11,13,11,13,11,11,11,11,11,11,11,11,11,11,17,11,13,11,11,11,11,11,11,11,11,11,14,11,13,11,11,11,11,12,11,12,11,13,16,19,15,12,11,11,11,12,11,11,11,14,17,19,15,16,13,19,119,11,13,11,12,20,18
10.75,11,52,11,11,11,11,11,11,11,11,13,23,11,11,11,11,11,11,11,70,11,11,14,13,15,11,11,77,11,11,11,11,11,11,11,14,12,11,11,11,11,11,11,11,11,11,11,19,11,11,11,11,11,11,11,11,11,11,11,17,11,17,11,11,11,11,11,11,12,13,16,18,19,15,11,12,13,11,11,11,11,11,15,23,15,20,18,19,22,120,13,15,13,15,20,19
11,13,50,11,11,11,11,11,11,11,11,14,21,11,11,11,11,11,11,11,64,11,11,12,13,11,11,11,78,11,11,11,11,11,11,14,15,13,11,11,11,11,11,11,11,11,11,11,14,12,11,11,11,11,11,11,11,11,11,11,17,14,15,13,11,11,11,11,11,11,11,13,14,18,13,11,11,12,11,11,11,11,11,11,18,21,17,13,16,16,120,14,13,11,15,18,15
11.25,13,49,11,11,11,11,11,11,11,11,13,22,14,12,11,11,11,11,11,70,11,11,14,14,13,11,11,76,11,11,11,11,11,11,11,18,11,12,11,11,11,11,11,11,11,11,11,15,11,11,11,11,11,11,11,11,11,11,11,13,11,13,14,11,11,11,11,11,11,13,14,17,22,14,14,13,15,11,14,11,11,11,14,18,17,21,18,18,18,119,13,14,12,17,19,21
11.5,16,49,11,11,11,11,11,11,11,11,15,23,13,11,11,11,11,11,11,75,11,11,14,13,13,12,11,82,11,11,11,11,12,11,14,17,15,11,11,11,11,11,11,12,11,11,12,18,11,13,11,11,11,11,11,11,11,11,13,21,14,18,12,11,11,11,11,11,12,11,14,18,21,15,11,13,12,11,11,12,11,13,13,23,17,21,19,16,21,122,12,16,13,15,18,18
11.75,17,51,11,11,11,11,11,11,11,11,15,26,13,11,11,11,11,11,11,70,11,11,12,15,13,11,11,80,11,11,11,11,11,11,11,17,14,13,11,11,11,11,11,11,11,11,11,21,11,11,11,11,11,11,11,11,11,12,14,19,13,13,13,11,11,11,11,11,11,16,20,19,18,14,12,13,17,11,13,11,14,11,14,21,20,20,17,14,25,122,11,13,11,18,21,19
12,15,57,11,11,11,11,11,11,11,11,11,26,14,12,11,11,11,11,11,67,11,11,13,12,17,11,11,81,11,11,11,11,11,11,15,17,16,14,11,11,11,11,11,11,11,11,12,18,12,13,11,12,11,11,11,11,11,11,11,14,11,14,11,11,11,11,11,11,12,14,17,15,15,15,14,13,11,11,13,13,11,11,16,22,20,23,16,17,20,116,14,14,14,16,18,21
12.25,16,51,11,11,11,11,11,11,11,11,14,26,11,11,11,11,11,11,11,70,11,11,13,14,14,11,11,84,11,11,11,11,11,11,11,20,13,12,11,11,11,11,11,11,11,11,11,17,11,15,11,11,11,11,11,11,11,11,12,18,12,13,12,12,11,13,11,11,11,14,15,18,16,17,14,14,11,14,11,15,11,11,16,22,16,20,18,18,18,121,11,19,15,16,20,16
12.5,14,51,11,11,11,11,11,11,11,11,13,24,11,11,11,11,11,11,11,72,11,11,17,15,13,11,11,78,11,11,11,11,11,11,11,18,16,11,11,11,11,11,11,11,11,11,11,18,11,11,11,11,11,11,11,11,11,11,13,15,14,15,11,11,11,11,11,11,11,11,17,18,20,16,15,12,16,11,11,11,11,11,16,21,18,23,17,17,21,119,13,12,15,18,18,25
12.75,19,53,11,11,11,11,11,11,11,11,14,24,13,11,11,11,11,11,11,68,11,11,13,13,13,11,11,81,11,11,11,11,11,13,12,18,17,11,11,11,11,11,11,11,11,11,11,18,13,12,11,11,11,11,11,11,11,11,11,18,20,16,14,11,11,11,11,11,11,11,18,19,22,14,11,16,14,13,11,11,11,11,12,23,22,21,19,15,16,122,11,17,11,15,22,21
13,15,52,11,11,11,11,11,11,11,11,11,20,13,11,11,11,11,11,11,70,11,11,12,11,11,11,11,80,11,11,11,11,11,11,12,12,13,12,12,11,11,11,11,11,11,11,11,16,11,13,11,11,11,11,11,11,11,11,11,14,11,18,11,11,11,11,11,11,12,14,14,17,16,16,16,13,12,11,13,11,11,11,18,17,20,22,17,16,21,119,11,19,15,16,18,24
13.25,16,54,11,11,11,11,11,11,11,11,13,25,13,12,11,11,11,11,11,70,11,11,12,13,13,11,11,81,11,11,11,11,11,11,14,17,15,11,12,11,11,11,11,11,11,11,11,18,14,11,11,11,11,11,11,11,11,11,11,18,11,13,17,11,11,11,11,11,13,16,16,22,20,16,12,15,16,11,12,11,11,11,15,24,19,21,17,19,16,120,17,19,14,19,23,17
13.5,17,53,11,11,11,15,11,11,11,11,14,25,11,11,11,11,11,11,11,70,11,11,16,14,13,11,11,80,11,11,11,11,11,12,13,19,12,13,11,11,11,11,11,11,11,11,11,21,11,12,11,11,11,11,11,11,11,11,12,16,13,20,14,11,11,11,11,13,11,12,20,19,19,15,15,19,17,11,11,12,14,11,19,20,20,22,14,11,21,121,14,16,13,14,20,23
13.75,15,52,11,11,11,12,11,11,11,11,15,28,16,12,11,11,11,11,11,69,11,11,18,15,12,11,11,79,11,11,11,11,11,13,15,19,18,14,12,11,11,11,11,11,11,11,11,18,11,14,11,11,11,11,11,11,11,11,12,15,14,17,13,11,11,11,11,11,15,12,16,14,17,19,15,11,15,11,11,12,12,12,18,25,20,22,20,20,22,123,17,18,16,21,19,21
14,16,55,11,11,11,13,11,11,11,11,14,26,11,11,11,11,11,11,11,68,11,11,16,12,12,12,11,80,11,11,11,11,11,11,12,16,14,16,11,11,11,11,11,11,11,11,11,18,11,12,11,11,11,11,11,11,11,11,11,13,17,17,12,11,11,11,11,11,13,11,15,12,19,17,11,16,15,11,11,11,11,11,15,22,21,18,20,18,22,121,11,19,11,16,20,22
14.25,16,48,11,11,11,18,11,11,11,11,13,28,13,12,11,11,11,11,11,64,11,11,18,14,13,12,11,78,11,11,11,11,11,11,16,18,17,13,12,11,11,11,11,11,11,11,11,18,11,14,11,11,11,11,11,11,11,11,11,17,16,18,11,11,11,11,11,11,12,19,19,16,19,16,19,15,15,11,11,11,12,11,12,25,24,18,19,15,22,122,14,14,13,17,21,20
14.5,17,52,11,11,11,11,11,11,11,11,12,27,11,12,11,11,11,11,11,70,11,11,14,15,16,11,11,79,11,11,11,11,11,11,14,17,16,14,13,11,11,11,11,11,11,11,11,17,11,11,13,13,11,11,11,11,11,12,11,17,16,18,12,13,11,11,11,11,11,15,17,16,19,18,11,14,13,12,15,12,11,11,15,25,16,20,18,15,19,118,13,12,16,15,21,17
14.75,15,50,11,11,11,14,11,11,11,11,19,27,14,13,11,11,11,11,11,68,11,11,16,15,17,11,11,82,11,11,11,11,11,11,16,17,14,15,13,11,11,12,11,11,11,11,11,18,11,12,11,11,11,11,11,11,11,12,11,18,13,21,13,11,11,11,11,11,11,13,16,22,19,15,12,16,15,11,11,12,11,14,16,24,22,23,18,16,21,120,13,19,11,17,20,21
15,19,50,11,11,11,12,11,11,11,11,18,30,12,12,11,11,11,11,11,71,11,11,14,13,16,11,11,82,11,11,11,11,11,11,15,11,18,13,11,11,11,11,11,11,11,11,11,17,14,11,11,13,11,11,11,11,11,11,11,18,16,18,11,13,13,11,12,11,12,17,15,19,17,20,14,16,12,11,13,11,11,15,12,19,20,20,17,17,20,121,11,11,14,17,19,17
15.25,18,51,11,11,11,13,11,11,11,11,14,30,13,15,11,11,11,11,11,70,11,11,15,15,14,11,11,75,11,11,11,11,11,11,15,17,11,11,13,11,11,11,11,11,11,11,11,15,11,11,11,11,11,11,11,11,11,11,13,18,13,16,11,11,11,11,11,11,11,12,15,17,21,15,11,15,13,11,12,11,11,11,13,22,21,21,17,18,20,121,11,18,14,15,21,20
15.5,18,53,11,11,11,15,11,11,11,11,13,32,11,11,11,11,11,11,11,67,11,11,12,12,16,11,11,85,11,11,11,11,11,11,12,17,13,11,13,11,11,11,11,11,11,11,11,15,12,11,11,11,11,11,11,11,11,11,11,18,16,17,11,11,11,11,11,11,12,11,16,17,19,17,11,16,17,11,11,11,11,11,16,23,18,17,13,17,21,119,18,15,13,16,18,21
15.75,17,55,11,11,11,14,11,11,11,11,16,28,14,14,11,11,11,11,11,67,11,11,18,13,15,11,11,83,11,11,11,11,11,14,13,19,17,14,15,11,11,12,11,11,11,11,11,17,12,11,12,12,11,11,11,11,11,11,11,15,17,19,16,11,11,11,11,11,12,19,21,20,20,15,15,16,11,11,11,11,11,12,17,19,20,22,18,21,21,119,13,15,13,12,17,19
16,15,54,11,11,11,16,11,11,11,11,13,30,15,13,11,11,11,11,11,67,11,11,13,11,13,11,11,82,11,11,11,11,11,11,13,18,15,11,11,11,11,11,11,11,11,11,11,18,11,15,14,11,11,11,11,11,11,11,11,11,16,13,11,14,12,11,11,11,14,11,16,19,18,15,11,15,12,11,12,11,11,13,11,25,20,17,19,14,17,123,15,15,12,14,22,21
16.25,14,52,11,11,11,15,11,11,11,11,14,26,11,11,11,11,11,11,11,68,11,11,14,17,15,11,11,81,11,11,11,11,11,11,12,18,19,12,11,11,11,11,11,11,11,11,11,20,13,11,12,11,11,11,11,11,11,11,11,20,17,16,13,11,13,11,11,11,11,11,17,18,24,17,14,15,11,11,14,11,11,11,14,22,18,20,12,17,16,121,11,19,14,15,20,22
16.5,20,50,11,11,11,15,11,11,11,11,14,28,11,11,11,11,11,11,11,71,11,11,18,15,17,11,11,78,11,11,11,11,11,11,18,16,16,11,12,11,11,11,11,11,11,11,12,17,11,12,11,11,11,11,11,11,11,13,11,19,17,14,11,11,11,11,11,11,11,15,19,19,19,14,15,17,13,11,11,11,14,11,11,19,23,23,16,15,24,119,11,17,11,13,17,20
16.75,19,49,11,11,11,16,11,11,11,11,16,32,13,11,11,11,11,11,11,69,11,11,14,13,14,11,11,78,11,11,11,11,11,11,13,18,15,11,12,11,11,12,11,11,11,11,11,18,11,11,12,11,11,11,11,11,11,11,11,14,23,11,11,11,11,11,12,11,11,11,14,16,15,17,13,14,14,11,14,11,11,11,18,17,20,19,20,14,17,117,11,18,11,17,19,19
17,21,52,11,11,11,11,11,11,11,11,15,32,14,12,11,11,11,11,11,75,11,11,14,14,17,11,11,82,11,11,11,11,11,12,18,19,20,11,17,11,11,12,11,11,11,11,11,19,19,11,11,11,11,11,11,11,11,12,11,21,21,12,15,11,16,11,13,11,13,11,18,24,23,19,12,15,18,11,16,16,11,15,19,24,19,23,17,17,21,121,13,22,15,22,21,18
17.25,21,53,11,11,11,19,11,11,11,11,17,33,14,13,11,11,11,12,11,70,11,11,19,16,17,11,11,84,11,11,11,13,11,14,17,18,16,12,14,15,11,13,11,11,11,11,11,19,13,11,13,11,11,11,11,14,11,14,11,18,19,15,12,11,11,11,12,13,15,16,19,24,19,18,17,20,14,11,12,12,11,15,18,26,25,18,17,21,20,122,11,19,16,15,23,18
17.5,21,50,11,11,11,14,11,11,11,11,11,32,11,15,11,11,11,11,11,70,11,11,16,13,15,11,11,79,11,11,11,11,11,12,11,17,14,11,11,11,11,14,11,11,11,11,11,21,11,12,13,11,11,12,11,11,11,11,11,19,19,14,16,11,11,11,11,11,15,13,13,20,19,14,12,19,18,11,14,11,11,12,16,24,21,18,18,20,22,122,12,15,13,17,22,17
17.75,18,55,11,11,11,18,11,11,11,11,18,33,13,14,11,11,11,11,11,70,11,11,16,13,18,11,11,81,11,11,11,11,14,13,17,20,15,13,13,11,11,13,11,11,11,12,11,20,12,14,11,11,11,11,11,11,13,12,11,16,20,15,12,11,11,11,12,11,14,14,18,21,18,16,12,17,20,13,15,15,16,11,15,24,23,24,17,18,23,118,14,20,15,17,22,23
18,19,51,11,11,11,21,11,11,11,11,14,34,11,11,11,11,11,11,11,67,11,11,17,14,16,11,11,77,11,11,11,11,11,12,16,20,18,12,14,11,11,11,11,11,11,11,14,23,11,12,15,12,11,11,11,11,11,13,12,19,23,16,11,11,13,11,14,11,15,14,15,25,19,14,12,18,19,11,12,11,11,11,14,21,25,19,16,18,17,119,14,18,14,17,20,22
18.25,20,53,11,11,11,19,11,11,11,11,19,32,12,11,11,11,11,14,11,72,11,11,18,15,19,11,11,80,11,11,11,11,11,12,16,20,17,14,16,11,11,11,11,11,11,11,11,24,15,11,11,11,11,11,11,11,11,14,14,18,21,15,11,11,11,11,11,11,12,15,18,22,17,19,13,22,19,11,12,13,11,12,15,23,21,19,15,15,23,123,16,19,13,17,21,23
18.5,19,50,11,11,11,18,11,12,11,11,17,34,11,12,11,11,11,11,11,66,11,11,19,14,15,11,11,78,11,11,11,11,11,11,15,18,17,15,13,12,11,12,12,11,11,11,11,20,14,11,11,11,11,11,11,11,11,13,11,17,21,14,14,11,11,11,11,12,11,14,19,23,18,15,12,18,16,12,14,12,11,11,16,26,22,21,18,19,17,122,11,18,11,18,19,23
18.75,21,50,11,11,11,20,11,11,11,12,14,35,11,14,11,11,11,12,11,69,11,11,20,15,18,11,11,79,11,11,11,13,14,14,19,21,21,11,17,11,11,13,11,11,11,11,11,21,16,15,13,12,11,11,11,12,11,16,11,17,23,17,14,11,12,11,13,12,11,14,19,23,22,19,17,20,17,12,15,11,11,11,13,23,24,18,20,20,20,124,16,18,11,19,19,16
19,22,52,11,11,11,19,11,11,11,11,14,36,12,18,11,11,11,11,11,69,11,11,16,20,17,11,12,80,11,11,11,11,13,11,14,19,18,15,16,11,11,11,11,11,12,11,11,24,11,12,13,11,11,11,11,11,11,11,12,13,24,16,13,11,12,11,11,13,11,16,20,26,20,16,11,19,19,11,15,13,13,11,15,25,26,21,15,19,24,123,16,20,11,19,23,24
19.25,22,51,11,11,11,20,11,11,11,11,19,33,14,14,11,11,11,13,11,69,11,11,18,15,19,11,11,81,11,11,11,11,14,12,17,21,19,11,17,13,11,16,13,14,11,11,11,22,14,12,13,11,14,13,11,11,13,16,11,18,22,13,13,12,11,11,11,12,15,15,19,33,21,18,13,16,19,14,12,13,11,11,17,30,20,21,19,16,22,119,15,21,13,19,23,22
19.5,26,50,11,11,11,21,11,12,11,11,17,36,13,15,11,11,11,13,11,67,11,11,19,18,16,11,12,78,11,11,11,11,15,15,20,21,19,11,18,11,11,11,13,11,11,11,12,21,13,11,14,15,11,11,11,11,15,11,14,19,19,17,11,11,11,12,11,15,11,14,19,27,19,19,14,17,21,11,12,16,11,11,15,26,29,20,12,18,22,124,19,22,14,20,16,21
19.75,18,52,11,11,11,21,11,11,11,11,17,35,11,17,11,11,11,12,11,70,11,11,17,19,18,11,11,83,11,11,11,11,11,11,15,23,19,11,18,11,11,11,11,11,12,11,11,22,17,11,14,14,11,15,11,12,14,11,11,18,21,13,12,11,11,11,12,11,15,15,19,26,25,19,14,23,19,16,11,14,12,13,14,29,27,21,14,17,22,123,11,20,17,16,20,22
20,24,54,11,11,11,26,11,16,11,11,21,35,14,18,11,11,11,16,11,68,11,11,21,18,19,12,13,82,11,11,11,12,16,11,22,21,19,11,18,13,11,11,11,11,12,12,16,23,16,12,13,11,13,12,11,11,11,14,16,22,25,14,16,12,12,11,11,16,17,19,24,25,22,19,15,20,25,17,15,13,13,11,22,26,27,19,16,20,20,122,17,21,15,16,22,23
20.25,22,56,11,11,11,20,11,12,11,11,18,38,12,17,13,11,11,14,11,67,11,11,21,20,23,11,14,81,11,11,11,11,13,18,19,22,25,11,20,13,12,15,11,12,12,13,11,24,18,11,14,15,16,17,11,11,14,12,11,19,27,18,11,12,12,11,11,14,17,11,20,27,21,20,14,23,21,16,15,13,13,11,15,29,31,21,15,16,19,123,17,25,17,22,21,21
20.5,24,53,11,11,11,23,11,11,11,11,20,37,13,16,12,11,11,15,11,65,11,11,21,18,22,14,13,81,11,11,11,12,12,13,19,25,23,11,20,13,11,15,11,12,14,11,14,25,19,11,13,14,16,14,11,11,12,12,11,23,22,14,12,12,13,13,11,11,19,15,23,28,25,18,20,20,19,13,16,14,14,12,18,25,30,16,19,22,24,123,11,22,16,24,26,19
20.75,23,53,11,11,11,24,11,17,11,11,21,36,15,14,14,11,11,11,13,71,12,11,20,20,17,11,11,83,11,11,11,11,14,15,19,22,20,11,23,11,12,12,11,11,13,11,14,23,14,11,18,14,16,14,11,11,13,15,11,23,28,13,12,11,11,12,11,11,14,18,17,29,27,14,17,26,20,18,15,16,12,11,17,31,30,21,14,23,24,123,13,21,15,19,23,21
21,24,55,11,11,11,19,11,11,11,11,20,40,13,15,11,11,11,14,11,73,11,11,22,20,19,11,11,86,11,11,11,11,14,17,21,22,22,14,22,14,16,14,11,11,12,11,11,21,18,11,13,14,11,11,11,12,13,20,11,23,28,18,16,11,13,11,11,15,15,16,23,29,23,25,15,20,21,17,14,17,18,11,15,25,29,20,15,17,21,123,19,22,16,25,24,17
21.25,23,50,11,11,11,21,11,11,11,11,17,37,12,18,11,11,11,13,11,70,11,11,22,17,16,11,13,80,11,11,11,11,11,14,19,24,22,11,20,13,12,17,11,11,14,11,13,23,17,12,14,14,13,15,11,13,12,13,11,22,23,14,15,11,14,11,11,12,21,15,25,26,26,20,14,24,19,15,18,11,11,11,18,25,30,21,18,22,28,124,11,22,14,20,23,22
21.5,24,56,11,11,11,23,11,11,11,11,21,39,13,19,11,11,11,14,13,65,13,11,22,20,22,11,15,84,11,11,11,11,11,14,22,21,25,12,20,13,13,11,11,11,15,16,11,23,18,11,17,12,12,18,11,11,15,18,11,24,24,16,13,11,12,11,11,13,18,16,23,31,24,19,16,23,21,14,17,17,13,11,17,27,31,20,15,23,21,123,17,21,14,18,21,22
21.75,23,56,11,11,11,20,11,15,11,11,19,36,12,14,11,12,11,15,11,67,11,11,21,22,21,11,11,79,11,11,11,12,14,11,21,21,25,11,23,14,14,17,11,11,15,12,13,25,19,13,15,19,13,11,11,13,13,13,11,23,26,18,15,12,14,11,14,16,19,16,24,32,24,18,18,20,19,19,13,16,12,12,11,30,27,23,17,23,27,125,14,20,13,19,23,20
22,24,54,11,11,11,24,11,11,11,11,19,35,11,17,13,13,11,16,11,68,11,11,24,22,23,11,13,79,11,11,14,12,14,14,19,22,23,11,21,15,11,14,14,11,15,18,14,25,16,11,19,11,11,15,11,13,12,17,11,25,24,15,14,11,15,11,11,16,18,15,20,29,22,21,17,22,23,17,15,17,13,11,16,30,32,21,19,21,23,124,16,19,13,17,24,23
22.25,24,53,11,11,11,20,12,12,11,11,18,37,14,15,15,11,11,14,11,67,12,11,18,23,23,11,13,82,11,11,13,11,15,16,19,22,25,11,23,15,15,14,14,11,15,11,11,27,18,11,16,12,16,12,11,11,15,18,11,22,29,16,17,12,11,11,13,16,17,16,24,32,24,18,16,21,21,19,18,13,13,11,19,31,29,24,16,16,29,124,14,19,11,26,21,24
22.5,23,53,11,11,11,25,13,17,11,11,21,40,13,18,12,13,11,21,13,71,11,11,20,24,21,11,13,80,11,11,13,15,20,17,18,26,21,12,20,15,17,20,12,14,17,11,14,27,22,14,13,14,12,21,11,12,12,19,15,25,28,18,15,12,15,11,11,19,16,15,23,32,22,19,17,26,23,20,12,15,15,12,20,32,35,21,11,21,26,127,18,23,18,24,22,21
22.75,23,53,11,11,11,17,11,13,11,11,18,38,13,19,13,11,11,17,11,72,11,11,20,21,21,11,13,79,11,11,11,11,17,21,21,24,23,12,22,14,16,18,12,11,16,11,15,24,19,11,18,14,14,14,11,11,13,16,11,25,29,15,19,14,13,11,12,12,18,15,23,28,27,19,18,21,22,15,15,20,14,11,18,30,32,19,18,20,23,126,16,19,11,22,22,24
23,21,52,11,11,11,23,11,17,11,11,19,36,14,19,15,11,11,16,11,68,11,11,22,21,22,11,13,82,11,11,12,15,15,19,20,26,25,11,21,14,13,18,12,11,11,11,17,25,17,11,16,16,13,17,11,14,13,15,11,27,26,14,14,11,17,11,11,17,13,14,21,31,26,23,18,23,23,22,14,17,15,11,17,30,32,23,17,21,25,119,18,22,12,23,22,20
23.25,25,51,11,11,11,26,11,15,11,11,21,36,11,20,11,12,11,17,11,69,12,11,22,21,22,11,12,83,11,11,11,11,17,18,18,20,23,11,20,12,16,22,11,13,14,13,13,24,17,17,14,17,11,17,11,13,14,19,14,28,28,14,14,12,14,11,11,16,16,16,21,33,24,21,15,26,23,21,19,18,12,11,17,32,31,21,13,17,26,123,14,22,15,23,20,18
23.5,22,49,11,11,11,22,14,19,11,11,19,36,12,16,15,13,13,19,11,72,11,11,25,23,25,11,14,83,11,11,16,11,19,18,18,26,20,16,28,16,17,18,14,13,15,13,14,24,20,14,16,17,19,19,11,15,17,20,15,27,33,16,15,15,20,11,12,18,20,17,24,32,27,22,18,24,25,19,15,19,15,15,20,32,35,25,17,19,29,125,14,25,15,19,24,22
23.75,22,55,12,11,11,25,11,18,11,16,16,38,14,20,16,11,11,16,15,69,11,11,26,25,21,11,16,83,11,11,13,11,17,18,23,27,23,13,26,18,16,20,12,12,15,11,13,24,22,18,14,14,13,16,11,16,16,19,11,25,29,16,12,12,14,11,11,17,17,16,22,31,27,23,17,26,21,19,13,18,18,12,17,33,29,24,16,21,32,122,14,26,17,24,21,25
24,26,50,11,11,11,22,11,14,11,11,20,37,11,20,13,11,12,17,11,71,12,11,20,19,23,11,15,83,11,11,13,11,19,23,24,26,27,11,27,15,18,17,13,14,20,11,16,24,19,13,17,15,15,19,11,11,17,19,15,28,27,22,15,11,13,11,11,16,18,14,23,35,27,18,20,23,27,19,20,17,13,13,16,32,35,20,16,24,28,125,15,23,13,23,23,21
24.25,24,52,11,11,11,19,14,16,11,11,20,37,12,16,14,11,11,21,11,73,11,11,22,26,20,11,15,80,11,11,15,12,13,19,21,25,25,12,25,14,18,17,14,15,14,15,11,27,20,13,17,19,16,16,11,16,16,15,14,27,33,16,16,14,15,11,11,18,16,16,26,35,28,17,17,26,27,19,11,20,15,11,18,34,33,24,20,18,29,124,22,21,15,20,22,24
24.5,24,48,11,11,11,22,11,18,11,11,20,34,11,19,15,11,11,19,11,71,14,11,22,26,22,11,17,79,11,11,12,13,15,17,19,25,21,14,26,14,17,22,11,11,13,13,13,25,17,15,16,14,18,20,11,12,12,21,14,26,28,21,17,11,14,11,11,15,16,19,23,32,30,22,17,24,24,18,14,17,15,11,18,32,34,20,16,21,28,124,21,24,11,18,22,23
24.75,24,53,11,11,11,25,11,17,11,11,21,42,11,16,11,11,11,19,11,71,11,11,18,22,21,11,16,78,11,11,13,12,16,17,21,25,21,11,27,12,18,17,11,11,14,12,16,23,25,11,11,17,14,16,11,11,14,17,11,25,28,16,16,11,18,11,11,16,15,18,17,34,24,20,16,23,27,20,14,16,14,16,18,34,31,20,15,21,25,125,15,26,18,23,27,22
25,24,51,14,11,12,19,11,16,11,11,18,34,11,22,18,15,11,18,16,68,12,11,24,25,23,11,13,82,11,11,13,11,18,18,19,28,26,12,25,16,19,22,11,11,14,16,14,26,19,14,13,18,20,21,11,17,16,18,16,29,33,18,17,11,17,11,11,17,18,15,25,35,26,19,16,23,24,22,12,16,12,11,16,34,33,23,17,21,25,123,17,23,12,19,20,23
25.25,26,52,11,11,11,20,13,20,11,12,19,36,13,17,18,11,11,19,13,69,11,11,23,24,20,11,13,80,11,11,16,13,19,19,20,27,26,13,30,16,16,21,13,11,14,11,18,26,24,11,14,16,14,14,11,14,13,23,11,27,28,19,17,13,18,13,11,12,17,17,29,37,26,22,22,25,26,18,13,19,11,11,17,35,31,22,16,20,27,124,17,22,11,25,25,26
25.5,25,51,11,11,11,24,14,15,11,11,22,38,13,15,11,14,11,19,11,72,11,11,23,27,26,11,15,81,11,11,17,15,14,18,22,28,21,11,27,19,19,17,11,13,16,12,19,25,20,12,15,22,14,19,11,18,19,19,15,31,28,18,17,11,14,14,11,15,16,18,24,37,29,21,20,26,24,21,11,19,13,12,16,37,38,22,17,22,28,123,18,26,13,21,25,22
25.75,23,53,11,11,11,20,12,19,11,11,19,37,16,18,14,11,11,17,11,71,12,13,23,25,24,15,11,81,11,11,14,13,20,19,23,31,19,11,25,13,16,21,12,13,15,14,14,26,20,14,14,16,16,20,11,13,16,20,17,26,30,16,18,11,17,11,11,15,17,21,22,38,29,20,16,26,23,19,15,19,13,13,18,33,31,22,14,18,26,125,18,24,11,19,23,24
26,20,52,11,11,11,19,11,19,11,12,19,35,11,18,18,12,11,20,11,68,12,13,25,26,23,11,11,79,11,11,11,14,13,19,21,26,21,11,30,14,15,24,11,16,11,11,14,27,23,11,14,18,15,15,11,14,14,19,15,28,29,17,16,14,19,11,13,15,19,15,22,35,29,21,19,23,21,18,14,19,12,11,16,34,30,23,12,16,26,124,15,24,12,19,21,23
26.25,22,52,11,11,11,22,11,17,11,12,17,34,11,15,18,11,12,20,12,70,11,11,21,24,21,11,15,79,11,11,15,13,15,24,22,31,27,14,27,14,18,22,16,11,15,18,18,26,23,12,15,17,14,22,11,11,14,19,18,28,31,14,14,11,12,11,11,17,13,18,24,37,28,24,21,25,25,23,20,19,16,12,22,35,33,18,13,23,24,123,21,23,15,25,28,21
26.5,18,51,14,11,11,23,11,17,11,11,19,31,14,15,17,11,11,17,11,69,11,12,19,25,20,11,14,78,11,11,15,13,15,18,24,25,26,13,29,14,16,21,12,14,12,17,19,24,18,14,14,18,17,21,11,15,14,22,14,29,25,16,17,13,16,11,11,11,15,16,23,39,26,25,20,25,28,24,14,16,11,11,18,36,33,20,15,19,33,123,15,23,12,23,25,20
26.75,24,52,11,11,11,20,15,20,11,11,21,36,11,17,21,17,11,23,12,67,14,11,23,25,23,13,17,80,11,11,19,11,13,21,23,32,25,13,30,18,21,21,11,11,11,11,14,23,21,15,13,19,18,20,11,16,16,20,11,31,30,18,16,12,16,11,11,18,18,19,24,38,31,19,20,26,24,26,16,22,18,11,15,37,37,21,15,21,28,124,17,22,13,21,25,24
27,24,51,13,11,11,23,16,20,11,11,20,36,15,19,18,14,11,22,12,72,13,11,21,28,21,12,13,83,11,11,12,14,14,17,22,28,27,13,28,15,20,20,14,13,16,12,20,25,28,16,18,20,18,19,11,16,20,23,21,32,32,19,15,14,20,12,12,16,19,17,24,41,33,26,19,29,25,24,19,21,16,14,14,38,37,22,14,23,30,123,19,24,14,21,28,24
27.25,28,50,12,11,11,19,12,23,11,11,18,37,11,24,20,11,12,19,11,71,12,11,26,28,21,11,14,78,11,11,11,14,14,21,22,27,28,11,32,18,20,22,12,11,16,11,13,26,22,17,12,22,20,19,11,14,19,20,11,30,34,16,23,15,16,11,12,12,23,14,28,37,29,18,19,30,25,24,19,20,12,11,15,31,35,18,12,20,25,123,13,25,11,24,27,22
27.5,22,51,11,11,11,21,13,18,11,11,21,33,12,18,19,14,11,27,11,66,11,11,24,29,25,11,17,79,11,11,13,12,15,24,25,32,25,11,32,16,21,23,13,11,16,15,13,26,20,12,18,18,14,23,13,16,21,20,17,28,32,20,17,16,21,11,12,16,15,14,24,36,31,21,22,26,24,23,18,22,11,11,17,39,39,21,17,23,31,120,18,25,17,23,26,17
27.75,26,53,15,11,11,18,12,21,11,11,21,35,16,19,20,13,11,25,12,69,11,11,21,27,23,14,12,82,11,13,12,19,16,25,21,27,25,13,35,14,17,19,14,12,19,15,16,27,24,15,13,20,23,26,12,19,15,25,17,33,32,16,19,14,15,14,11,17,17,15,21,37,32,19,18,29,25,21,17,20,16,12,17,40,37,20,11,18,30,122,19,25,13,23,23,28
28,31,50,14,11,11,21,15,22,11,11,22,36,11,16,19,16,11,33,12,73,14,12,24,26,24,14,17,85,11,11,19,12,14,24,23,30,28,12,33,16,23,24,14,16,13,16,15,28,23,14,15,19,17,18,11,21,19,24,21,32,34,18,17,15,19,11,11,18,17,21,24,40,34,23,21,27,29,23,17,22,14,13,17,38,35,19,20,19,30,122,16,26,13,25,24,20
28.25,22,53,13,11,14,21,14,18,11,11,20,35,13,14,20,14,11,23,12,71,11,11,25,27,20,11,22,81,11,11,15,12,17,20,22,26,28,13,34,16,18,21,14,12,16,14,18,26,26,12,17,19,15,21,11,16,18,23,13,33,30,19,21,13,20,14,12,15,19,20,26,41,29,22,18,27,25,27,18,21,15,14,21,35,42,21,12,20,28,122,13,27,14,22,27,24
28.5,27,52,18,12,11,23,19,18,11,12,20,35,11,24,21,14,12,30,16,69,11,11,24,32,21,16,17,87,11,13,16,13,16,28,22,30,26,16,34,16,21,26,16,15,20,17,18,26,22,19,18,18,16,28,14,19,21,27,20,34,30,22,19,15,21,14,15,18,17,17,23,44,29,20,21,27,27,21,16,17,17,11,18,43,36,24,15,19,27,120,17,31,11,24,24,22
28.75,23,54,12,11,14,21,17,23,11,11,16,35,12,15,19,16,11,26,13,67,15,11,26,33,22,13,17,77,11,11,15,14,17,25,20,29,28,13,35,18,19,27,14,14,16,13,15,27,25,13,14,18,20,21,11,20,18,26,19,35,35,18,18,14,20,15,11,12,18,18,27,38,32,23,20,31,25,28,18,24,15,11,20,42,37,24,14,19,28,125,17,20,12,26,25,24
29,25,54,15,11,11,22,16,22,11,11,18,35,11,17,19,11,14,27,12,71,13,15,24,32,25,12,13,83,11,11,12,17,16,27,22,33,30,12,35,13,21,25,16,11,15,17,18,28,27,12,17,22,19,24,14,12,22,28,19,35,37,22,21,12,23,14,12,16,17,19,28,39,30,25,21,31,28,25,15,21,13,12,22,38,36,18,16,17,29,124,18,31,12,25,29,23
29.25,25,57,16,11,13,22,17,23,11,11,18,37,12,17,15,12,11,29,12,69,11,12,20,33,23,13,16,81,11,11,15,17,16,28,23,31,28,11,36,15,25,27,14,15,17,16,17,27,25,13,16,18,19,25,11,17,16,30,24,36,33,18,22,17,17,14,15,16,17,18,26,43,31,23,25,31,26,29,17,22,15,11,20,42,38,21,14,23,28,123,18,24,14,22,29,25
29.5,24,53,17,11,12,18,15,27,11,11,17,36,11,20,24,15,11,28,12,71,11,11,22,30,23,13,19,80,11,11,15,17,16,24,22,31,27,11,35,14,21,25,14,15,19,14,15,28,23,16,18,19,22,22,11,17,19,27,22,31,32,21,19,11,18,11,17,21,19,19,23,39,31,22,21,30,27,28,19,21,18,14,14,39,37,23,18,21,31,123,16,27,12,23,30,21
29.75,23,55,15,11,11,16,17,23,11,11,18,35,11,19,24,13,12,29,12,70,13,14,25,29,20,17,19,83,11,11,11,13,18,22,20,29,28,11,38,17,22,24,16,11,17,14,13,29,29,17,15,22,17,21,12,11,17,27,22,34,32,22,20,14,19,14,12,16,16,21,27,40,30,25,19,30,31,29,21,17,17,14,16,40,39,25,12,17,28,123,16,24,12,22,35,24
30,23,53,16,11,12,20,16,17,11,11,19,38,11,13,24,12,14,29,12,70,12,11,22,31,23,16,16,82,11,11,16,15,18,25,20,34,29,11,37,15,22,25,15,12,18,13,16,26,24,18,16,18,18,21,11,18,18,23,21,35,34,23,18,16,22,12,13,13,19,15,24,43,31,22,21,29,30,21,18,20,19,12,20,35,40,22,20,21,29,121,15,30,11,23,28,26
30.25,25,53,14,11,11,21,12,22,11,11,19,36,11,13,23,11,11,31,11,69,11,13,22,28,17,11,18,81,11,11,15,17,16,29,21,26,28,11,34,12,18,26,11,11,12,13,14,25,25,12,14,22,16,20,11,19,18,24,21,34,25,21,19,12,18,11,11,19,17,16,24,39,31,21,18,29,25,21,18,20,11,11,17,41,40,23,14,18,28,123,14,23,11,23,27,25
30.5,25,53,17,11,12,15,18,23,11,11,19,35,12,17,24,13,11,28,11,69,11,11,23,34,23,13,15,80,11,12,12,16,18,24,24,32,29,11,36,15,23,22,13,13,21,13,16,29,29,11,15,21,21,25,11,17,19,27,21,33,31,21,14,11,21,12,16,17,21,21,24,38,30,20,21,31,30,31,20,20,19,11,19,43,40,25,13,26,25,120,14,25,11,26,27,24
30.75,19,53,18,11,11,16,18,26,11,11,19,34,11,18,19,11,14,29,16,73,11,12,21,31,22,12,18,85,11,11,17,17,19,26,20,30,29,11,38,15,24,26,17,15,17,15,16,31,30,15,16,21,21,27,11,14,20,24,25,31,34,18,16,12,22,14,12,19,20,18,25,42,34,19,22,29,30,25,14,21,15,14,18,43,42,26,12,21,30,123,19,27,15,27,29,25
31,23,54,21,11,11,14,15,20,11,11,20,34,11,13,21,15,12,29,11,68,11,15,21,32,24,12,16,79,11,11,13,13,17,23,25,32,30,13,35,17,20,27,11,11,18,12,17,23,26,12,13,21,18,24,11,17,18,29,20,33,34,19,21,12,22,13,15,20,21,16,23,40,30,26,18,28,29,26,20,21,16,11,20,36,40,25,11,22,28,125,13,22,13,21,28,24
31.25,24,54,18,11,14,22,18,23,11,11,20,35,12,18,27,12,11,31,12,70,13,13,23,35,22,14,14,80,11,11,13,17,17,27,22,34,30,13,41,18,23,28,12,13,16,16,18,27,28,15,17,20,23,29,11,18,22,27,20,35,32,20,22,15,19,16,16,16,18,19,23,38,33,25,21,31,29,28,15,20,19,12,24,39,38,23,18,23,28,123,22,25,14,23,24,24
31.5,22,50,21,11,12,18,18,18,11,11,16,36,11,16,25,12,11,31,14,67,11,12,23,31,25,12,18,82,11,11,14,14,12,27,24,27,31,13,41,18,24,26,13,15,13,11,13,25,30,12,16,24,18,25,11,17,16,26,22,34,29,22,15,15,17,14,15,19,16,19,24,38,31,23,19,33,27,28,18,21,20,15,18,41,40,22,15,18,30,121,17,24,14,26,30,25
31.75,25,55,20,11,13,20,19,23,11,11,20,35,14,22,25,14,11,32,17,70,12,11,23,40,24,16,18,83,11,11,16,19,15,27,24,34,32,15,45,17,26,31,16,13,16,13,17,30,29,14,14,21,23,26,11,19,17,29,23,36,34,23,23,18,22,15,15,23,23,22,22,41,27,24,20,31,32,30,21,20,18,11,23,42,45,25,17,20,31,127,18,29,15,24,28,25
32,23,50,20,11,15,16,19,29,11,11,21,31,11,19,24,16,11,32,12,67,12,11,25,34,17,15,20,80,11,11,15,17,15,29,21,27,28,11,39,18,22,30,11,13,17,12,17,28,28,18,18,22,22,27,11,19,15,29,20,37,29,23,16,17,19,17,13,16,17,19,24,37,36,27,18,30,30,31,20,21,13,12,21,42,41,24,14,22,30,124,21,28,18,22,26,25
32.25,21,59,22,11,16,21,22,25,11,11,19,34,11,16,27,17,12,33,11,69,13,11,24,38,22,13,14,83,11,11,14,16,16,25,21,32,29,14,40,17,28,33,16,11,17,16,19,26,33,19,16,22,21,26,12,17,19,32,23,35,31,23,18,12,24,15,13,24,23,20,25,41,34,23,15,32,33,28,18,19,19,11,21,42,41,23,16,21,32,123,13,29,16,23,30,23
32.5,24,56,18,11,14,17,20,22,11,11,17,33,14,14,27,14,12,34,11,70,11,11,21,33,20,12,18,78,11,11,11,15,14,24,19,28,30,11,41,15,28,29,15,13,14,16,15,29,28,17,17,22,19,23,11,16,20,31,21,34,33,25,18,13,23,15,14,17,17,16,24,41,35,23,16,29,30,25,18,24,19,11,17,46,39,23,18,21,26,123,22,22,14,27,26,22
32.75,18,53,18,11,11,16,17,24,11,11,19,34,11,17,24,13,12,33,11,72,11,11,19,33,23,13,15,83,11,11,12,15,14,30,21,28,30,13,40,16,24,26,16,13,14,12,16,22,26,15,15,21,20,26,12,17,16,30,25,33,33,23,19,12,21,11,12,18,20,18,23,38,32,22,20,28,31,30,18,23,14,13,21,43,39,22,15,23,24,122,19,29,14,24,26,23
33,24,57,20,11,16,18,18,23,11,11,20,35,12,17,26,13,11,30,13,74,11,11,19,36,18,14,16,80,11,11,15,17,17,27,22,29,29,13,46,17,27,24,11,14,15,13,16,25,33,15,16,16,23,27,11,19,15,32,27,32,36,25,18,14,21,16,13,15,19,23,26,39,35,24,19,32,29,28,18,20,16,12,17,40,43,22,18,22,30,125,15,25,16,25,29,24
33.25,24,51,20,11,11,15,20,19,11,11,21,34,11,13,28,14,11,32,11,70,11,11,20,34,19,14,13,82,11,11,14,13,14,26,19,29,27,11,41,15,25,27,13,11,15,12,15,23,28,13,16,18,21,29,11,15,16,29,25,36,36,21,19,11,23,13,16,16,19,20,23,36,31,19,20,31,30,28,14,20,14,11,18,42,42,20,14,20,29,123,16,25,11,22,28,21
33.5,23,58,24,12,14,17,22,25,11,11,18,33,13,14,28,11,12,35,11,67,12,13,20,37,23,14,15,81,11,12,15,20,17,29,20,30,30,11,43,17,28,36,14,11,16,15,16,26,32,13,15,16,26,27,11,17,20,30,24,36,34,22,21,18,22,15,12,19,21,19,22,39,30,21,21,27,31,32,21,18,18,12,19,38,41,24,16,24,29,126,18,27,11,24,26,21
33.75,22,56,25,11,14,17,16,23,11,11,20,38,13,17,26,11,11,36,11,71,11,12,20,38,20,15,16,80,11,11,14,17,15,30,21,31,30,15,41,17,29,33,13,14,21,16,19,28,30,14,17,19,21,28,11,16,18,32,26,35,33,24,16,13,23,13,13,20,17,18,23,37,36,20,22,28,31,29,19,21,19,11,24,41,42,23,17,23,31,128,20,25,19,23,26,24
34,23,50,27,11,15,21,20,23,11,11,20,29,11,18,25,13,12,34,11,67,11,11,23,37,20,14,15,84,11,11,15,15,15,30,24,31,28,11,42,18,32,29,16,12,13,14,16,25,33,14,15,18,21,29,11,18,16,33,28,38,34,24,21,14,19,16,13,18,17,18,24,41,33,25,18,30,27,26,20,23,14,12,18,40,43,18,14,24,32,124,16,28,12,25,29,22
34.25,21,54,24,11,14,18,23,22,11,11,17,37,11,17,29,14,11,32,14,69,11,16,23,35,21,15,17,82,11,11,13,14,13,28,23,33,26,14,44,14,29,29,12,12,13,11,16,29,32,14,17,23,23,28,11,16,20,31,27,40,36,24,16,15,23,14,13,16,18,18,22,38,32,25,19,30,30,33,19,23,19,11,20,44,45,23,14,18,28,126,18,23,14,18,25,26
34.5,24,55,24,11,15,18,21,24,11,11,17,35,12,14,29,13,13,33,12,74,11,11,20,36,21,12,19,83,11,11,13,15,15,28,20,32,29,11,49,14,24,29,14,13,15,14,15,26,28,12,15,19,23,28,11,16,16,37,27,37,31,21,19,17,25,15,13,18,21,19,25,38,35,22,18,28,30,30,20,23,15,15,22,47,43,23,16,20,29,122,20,25,14,25,31,28
34.75,26,56,23,11,13,17,21,24,11,11,19,33,11,19,29,14,11,33,11,70,11,12,22,40,19,16,17,82,11,11,14,16,13,28,18,32,29,13,43,14,27,30,13,13,12,13,11,25,27,17,17,19,25,29,11,14,14,34,26,42,38,21,16,15,24,16,15,17,16,17,23,42,34,23,19,25,31,32,22,20,16,11,19,44,42,23,15,20,24,128,18,29,16,20,28,22
35,21,53,21,11,17,22,22,22,11,11,19,35,11,15,27,14,11,32,11,71,11,12,17,35,17,11,19,82,11,11,16,14,19,29,22,27,30,11,45,16,28,34,14,12,13,14,13,22,29,11,15,15,22,25,12,14,17,32,24,34,34,22,18,11,22,13,11,15,16,18,16,42,32,22,21,26,31,31,18,20,17,11,18,38,42,22,12,18,30,126,18,23,12,18,26,21
35.25,24,59,29,11,17,19,22,28,11,11,17,33,11,13,30,11,11,38,11,68,11,12,19,34,21,16,16,84,11,12,14,16,14,33,21,30,32,11,47,14,26,32,15,12,12,14,12,22,31,11,17,21,25,30,11,11,18,35,30,34,33,23,18,11,18,14,14,19,16,20,24,37,33,23,18,33,32,27,17,22,14,13,20,40,45,25,17,15,28,123,20,23,11,24,26,29
35.5,23,58,27,11,18,17,25,25,13,11,21,35,14,17,31,13,11,40,11,72,14,11,17,41,21,19,18,84,11,11,12,16,19,32,19,34,32,13,45,18,31,36,18,14,18,19,15,31,31,13,16,18,30,27,14,14,15,37,29,41,38,19,18,13,26,19,16,21,23,16,23,46,34,21,21,28,33,34,25,22,20,13,17,39,47,27,16,17,26,123,22,28,15,26,32,23
35.75,23,54,29,11,15,17,22,23,11,11,21,35,12,15,32,14,12,39,14,74,11,11,17,39,19,15,16,84,11,11,14,16,16,32,21,34,32,11,48,17,34,32,17,15,16,11,12,29,34,12,17,23,27,24,12,13,17,34,29,37,34,25,21,13,28,18,13,14,17,18,19,42,31,22,20,31,32,32,22,26,20,13,19,43,45,25,14,20,26,123,22,27,17,24,29,27
36,24,54,30,11,18,20,23,21,11,11,21,37,13,15,29,11,13,42,15,72,11,12,21,39,16,13,16,82,11,12,11,18,12,32,20,31,30,11,49,12,27,34,19,11,14,12,11,23,34,13,17,23,27,32,12,16,16,34,30,37,39,26,18,17,26,15,19,14,20,16,25,45,32,23,22,29,34,31,20,20,21,14,24,39,46,24,16,18,28,124,22,27,12,25,29,26
36.25,22,53,27,11,15,17,23,26,11,11,23,36,11,15,34,11,12,35,11,71,11,11,20,37,20,17,18,81,11,11,11,16,16,33,22,33,30,12,45,17,27,31,14,11,12,15,17,30,33,13,17,22,24,27,14,13,17,35,29,37,29,25,16,14,21,16,17,20,18,19,23,42,33,22,23,27,33,32,15,23,19,16,20,46,45,24,18,18,29,123,16,26,15,25,28,25
36.5,26,56,30,11,15,14,23,24,11,11,23,31,11,14,29,11,13,38,11,71,11,13,18,36,22,11,19,80,11,11,12,18,15,36,22,33,36,11,52,13,29,37,13,11,14,15,13,23,31,14,18,21,29,24,11,14,19,38,29,36,29,25,17,11,24,15,13,17,16,19,23,37,34,22,24,31,35,32,23,24,15,15,22,38,43,16,16,22,24,124,17,29,16,22,27,23
36.75,20,55,29,11,13,20,25,20,11,11,20,30,11,15,32,11,11,41,13,69,11,15,19,38,18,15,19,83,11,15,13,17,16,30,24,33,30,11,47,19,30,32,14,12,16,11,15,30,33,14,14,22,26,28,11,14,18,38,25,37,36,25,17,15,24,17,18,13,14,18,18,40,30,22,16,30,31,33,19,22,15,13,19,44,47,22,16,14,28,127,16,22,15,20,31,24
37,25,52,28,11,18,17,24,23,11,11,21,32,11,15,31,12,11,43,11,74,13,12,17,38,17,15,19,85,11,12,14,15,12,35,21,28,31,12,45,11,32,33,13,15,15,13,13,25,32,15,19,20,23,26,11,12,18,36,29,38,36,25,20,13,22,12,16,14,19,20,27,39,32,20,19,29,31,32,16,19,17,14,21,50,49,17,13,19,33,123,17,27,14,27,26,25
37.25,20,58,31,11,19,12,23,23,11,11,19,33,11,14,31,11,11,38,11,72,13,11,14,42,21,13,19,84,11,11,15,15,15,29,22,30,31,16,54,15,32,37,14,13,15,11,15,27,29,13,15,21,25,25,12,16,18,34,32,39,34,26,17,13,23,14,16,17,18,18,22,42,31,19,21,33,30,35,19,17,12,13,21,45,45,23,14,22,27,126,17,23,11,22,27,23
37.5,22,57,33,11,17,18,24,22,11,11,17,34,11,17,34,11,14,38,11,70,11,11,16,39,17,13,19,78,11,11,13,14,14,34,19,31,33,11,51,18,35,35,12,11,11,11,19,25,31,13,12,18,22,28,11,12,16,37,27,38,32,25,20,13,24,17,15,11,14,18,24,42,29,25,19,26,33,33,15,19,19,13,19,43,48,24,13,19,27,124,21,31,12,19,26,24
37.75,20,51,32,11,18,19,25,28,11,11,21,33,12,15,33,14,11,35,11,67,11,11,20,43,19,15,18,82,11,12,12,21,13,37,22,34,31,11,53,16,33,38,16,13,14,14,15,26,38,16,14,25,28,29,11,13,18,37,30,39,31,23,16,21,26,16,19,18,18,21,27,40,36,25,24,32,35,31,19,22,21,16,23,44,44,23,14,25,28,125,19,25,16,25,27,21
38,19,55,33,11,18,16,24,21,11,11,19,34,11,16,33,16,11,39,12,73,11,13,20,42,19,15,17,79,11,11,12,15,13,31,19,31,25,11,54,15,32,35,16,11,12,14,15,29,32,13,11,20,23,26,13,15,15,37,33,40,36,24,18,14,27,18,15,17,14,18,26,44,30,22,16,30,32,29,20,20,17,11,18,44,49,27,14,19,25,122,19,26,12,19,31,25
38.25,20,56,34,11,21,16,25,27,11,11,17,33,12,16,36,13,12,39,11,71,12,11,22,41,16,14,18,78,11,11,14,15,15,34,21,31,34,12,56,13,37,36,11,11,17,11,14,30,33,14,14,17,29,27,11,12,16,37,30,38,33,26,19,15,26,18,13,18,19,23,20,44,37,22,20,29,29,35,21,21,22,14,21,46,49,24,13,19,29,125,18,24,15,22,26,27
38.5,21,53,33,11,21,11,26,26,11,11,17,29,11,14,35,15,11,40,11,74,11,11,17,47,21,11,17,85,11,11,12,20,11,31,21,26,33,11,53,17,36,37,11,12,13,13,17,26,34,11,16,22,28,26,11,12,16,38,32,35,36,23,14,12,27,15,17,16,21,20,21,45,32,19,20,26,33,36,28,20,20,13,18,45,44,23,15,17,27,124,19,29,13,22,28,22
38.75,25,56,36,11,22,11,28,27,11,11,16,31,12,15,38,12,11,37,11,71,12,11,15,42,21,11,17,82,11,11,13,17,14,37,19,29,32,11,52,17,36,33,14,11,13,13,14,25,32,11,18,18,34,28,11,16,19,40,34,39,39,23,20,11,26,11,16,14,21,19,23,44,33,21,19,25,32,36,17,21,20,15,21,44,49,23,15,15,24,126,16,29,16,22,31,21
39,26,58,37,11,18,13,27,27,11,11,18,28,11,12,37,11,14,36,14,72,11,11,20,48,23,14,18,80,11,12,13,18,13,39,18,31,34,11,58,14,40,35,15,12,17,12,13,27,33,13,18,24,29,31,11,11,17,40,30,42,39,24,16,13,28,13,17,13,22,20,23,45,37,23,18,29,38,35,24,22,18,11,18,41,51,22,17,21,27,119,18,24,15,21,27,22
39.25,22,56,34,11,19,17,32,26,11,11,23,31,11,14,35,11,11,40,11,70,12,11,18,45,21,17,19,83,11,11,12,20,13,35,19,32,33,14,56,12,34,35,15,14,11,13,13,23,34,11,13,21,29,31,14,17,18,40,32,42,35,26,15,15,26,18,16,16,16,21,24,40,35,20,21,35,36,38,20,23,21,15,19,45,52,20,15,16,24,126,18,26,13,22,26,26
39.5,24,54,38,11,23,11,25,28,11,11,18,33,16,12,38,15,11,42,14,72,11,11,19,44,20,14,19,83,11,11,11,13,14,36,17,24,35,11,56,13,38,38,16,15,12,12,11,27,34,11,13,17,31,27,11,13,17,40,32,43,35,23,16,13,32,14,16,16,19,15,23,46,33,21,20,26,38,35,22,19,22,15,21,47,48,23,12,12,27,126,18,29,13,21,28,28
39.75,23,55,36,11,22,11,27,26,11,11,17,31,11,14,41,11,15,41,11,70,11,11,18,49,21,13,16,81,11,11,11,15,14,35,20,30,32,12,53,14,40,36,12,12,15,11,13,27,35,12,14,15,28,25,11,14,17,41,31,43,34,28,16,13,22,15,16,16,19,22,23,40,32,21,21,29,33,33,22,22,16,14,21,42,46,21,13,20,28,123,17,27,11,17,28,23
40,25,58,41,11,23,11,29,27,11,11,19,35,14,19,39,13,14,47,11,71,14,13,18,46,22,11,16,85,11,12,13,17,14,37,20,29,35,13,61,16,38,39,16,15,15,13,17,24,39,12,17,14,32,26,11,18,20,42,30,45,37,23,19,12,29,19,18,15,21,18,26,46,39,23,20,23,36,43,27,21,21,20,19,42,53,22,16,19,31,126,21,31,17,26,36,25
40.25,22,54,38,11,20,17,28,26,11,11,19,30,11,11,37,11,14,39,11,73,11,12,19,43,18,12,20,82,11,11,15,15,15,36,21,29,29,12,59,15,37,38,12,13,15,11,14,27,34,11,13,18,30,30,13,13,17,43,31,44,33,21,16,11,28,20,21,17,15,15,21,45,36,21,20,31,33,34,22,18,21,15,17,47,48,22,14,16,25,123,18,28,11,19,33,24
40.5,22,55,42,11,22,17,30,26,11,11,20,31,13,16,39,12,12,44,11,70,11,15,22,48,20,15,24,82,11,11,13,20,15,36,19,34,33,12,58,17,42,36,15,15,15,15,12,25,36,15,15,20,32,31,11,12,16,45,31,41,34,29,16,20,28,14,16,16,16,17,20,43,38,21,22,34,33,37,20,19,19,16,17,51,54,24,18,21,27,125,19,26,14,24,28,25
40.75,21,57,38,11,23,16,27,28,11,11,19,31,11,17,38,12,11,41,11,75,11,11,19,45,20,14,19,82,11,11,16,19,19,36,22,32,36,17,63,16,37,41,14,11,12,15,11,27,36,11,15,21,29,28,11,16,17,39,36,40,32,33,19,15,28,18,15,18,18,21,26,41,36,20,19,27,34,41,25,19,22,11,18,51,50,22,14,19,27,126,17,26,15,26,26,27
41,27,57,42,11,26,14,33,32,13,14,18,35,11,14,42,14,12,49,13,72,15,15,23,49,20,15,20,86,11,12,15,23,15,39,20,33,36,11,60,19,40,41,20,15,19,14,13,25,38,14,19,23,35,27,11,14,19,43,36,44,33,29,17,18,32,17,21,19,19,24,25,46,36,26,19,31,38,42,31,19,20,19,22,52,57,24,18,20,29,125,18,29,19,16,30,28
41.25,22,54,43,11,26,11,30,32,11,11,18,31,13,16,38,11,11,44,11,71,15,13,19,45,21,12,17,85,11,12,14,18,15,40,21,27,33,11,56,15,41,40,12,12,14,14,17,25,38,11,14,15,32,27,11,11,19,46,35,45,34,23,22,12,30,12,17,20,22,18,21,46,39,20,17,29,38,39,25,19,21,20,16,42,52,15,12,16,28,127,20,30,18,24,25,21
41.5,25,61,43,11,24,16,32,30,11,11,22,31,11,14,41,14,13,46,11,70,13,11,19,54,20,13,21,82,11,11,13,18,18,40,19,30,37,12,62,18,41,41,11,11,17,11,14,27,35,11,17,22,34,27,14,16,18,49,40,43,42,30,19,15,29,18,16,23,19,17,21,46,37,24,20,31,35,42,24,22,18,15,20,52,55,23,17,20,24,126,24,29,15,23,32,25
41.75,28,58,45,11,27,16,35,30,11,11,16,33,14,13,41,14,15,49,13,70,13,11,16,47,23,11,17,84,11,11,16,19,15,38,21,30,39,11,62,21,45,43,18,14,16,11,17,28,38,13,20,19,35,30,14,16,20,47,39,47,42,27,14,12,28,23,16,19,21,21,28,42,37,21,23,30,33,42,21,27,21,22,24,46,54,23,22,17,29,124,19,31,18,25,28,29
42,24,56,44,11,28,13,30,31,11,11,19,35,13,16,46,15,11,47,13,74,11,11,18,50,19,14,24,84,11,11,12,18,16,40,22,35,33,11,61,16,43,42,17,14,16,16,17,24,38,14,18,21,35,28,15,16,21,48,34,49,38,33,22,16,29,16,18,21,21,16,25,45,36,22,17,25,39,38,27,22,22,17,19,48,57,23,17,19,28,125,20,32,16,25,32,27
42.25,22,56,49,12,26,24,35,29,12,11,21,31,12,19,47,14,13,45,11,72,11,12,19,47,20,18,23,84,11,12,14,20,17,41,21,32,35,11,64,16,43,48,19,14,16,11,19,27,34,15,18,20,36,27,16,19,17,46,36,48,35,32,22,13,26,19,19,21,16,18,25,43,36,24,18,35,42,40,27,22,19,19,20,53,57,21,14,19,29,132,23,33,15,26,32,22
42.5,31,63,48,11,30,16,34,33,14,12,20,31,14,15,48,17,13,52,13,75,16,14,21,51,22,16,21,83,11,14,13,20,16,45,20,30,39,12,68,18,48,47,19,14,20,16,12,28,36,15,17,24,40,31,13,19,21,48,34,48,38,31,22,15,33,21,23,20,22,27,28,45,38,25,26,30,43,41,32,24,24,18,21,49,59,28,17,18,27,129,24,35,17,29,32,26
42.75,26,56,51,12,26,12,34,32,11,11,18,30,18,17,44,12,11,48,16,74,13,13,19,53,22,15,19,86,11,11,14,20,13,43,19,30,38,12,66,16,47,44,15,17,17,15,14,26,43,13,19,23,36,28,11,19,19,49,38,46,39,25,22,15,33,17,23,20,19,18,27,50,37,24,20,30,40,45,30,23,21,20,23,47,54,26,18,18,29,127,20,34,17,26,32,23
43,20,55,48,11,29,19,35,31,12,13,21,31,11,16,44,13,13,45,13,71,11,12,19,49,22,16,24,84,11,12,17,17,16,38,19,33,35,11,64,20,39,44,13,12,16,15,18,29,40,19,21,20,34,32,13,13,19,48,40,44,38,32,20,15,30,18,23,21,18,17,25,44,35,21,20,33,35,43,25,23,20,18,25,51,54,25,19,20,29,125,19,31,19,21,33,30
43.25,22,59,45,11,24,19,35,32,11,11,22,31,11,15,45,16,11,52,11,75,11,12,19,53,20,17,19,83,11,11,13,21,17,44,21,31,33,15,65,16,46,46,14,13,17,11,16,29,39,17,18,20,37,32,13,17,19,48,35,48,41,30,15,15,29,16,15,18,17,23,24,52,36,19,21,33,43,46,22,22,22,16,19,51,55,25,20,18,28,129,21,30,15,23,36,26
43.5,26,61,50,11,26,12,35,31,11,11,23,32,13,20,46,15,12,48,13,71,13,11,19,57,18,12,21,85,11,13,16,18,13,42,21,35,39,11,68,14,44,44,15,15,17,15,16,25,39,12,15,23,37,29,11,15,22,49,35,50,40,32,18,17,32,18,18,18,15,18,25,46,37,22,19,33,42,44,29,20,20,21,24,52,59,25,18,20,25,129,21,30,14,26,33,28
43.75,26,61,50,11,26,13,35,33,11,11,23,30,13,20,44,17,14,47,13,71,15,12,19,55,20,14,22,82,11,12,16,21,14,42,25,28,38,12,69,16,48,46,17,14,17,15,17,24,43,12,18,21,41,29,11,18,20,54,37,45,39,30,23,14,34,19,24,17,22,18,24,46,39,25,22,31,40,44,30,22,22,18,21,51,60,28,16,18,26,125,19,31,24,31,31,24
44,26,59,50,11,31,11,31,28,11,11,22,27,13,16,47,12,13,51,11,69,15,11,18,52,21,13,20,86,11,11,16,21,15,37,21,30,36,12,67,15,50,46,19,13,16,12,13,23,40,14,18,19,34,30,12,17,18,52,38,46,36,30,16,15,31,21,18,18,22,19,22,46,39,22,20,28,39,43,24,19,20,20,18,52,58,24,18,22,24,125,19,30,17,25,32,28
44.25,21,56,48,11,32,13,36,28,11,11,18,34,11,14,45,15,15,49,11,68,12,12,15,49,20,16,23,81,11,12,11,20,14,40,21,27,35,11,64,15,43,43,22,12,16,12,18,25,39,11,17,23,39,30,11,14,15,49,36,44,39,27,19,12,33,18,15,18,22,14,24,47,41,22,19,25,39,42,26,21,23,17,22,51,56,26,17,16,27,124,20,27,16,22,30,25
44.5,29,58,52,15,36,11,35,31,11,11,21,31,15,18,48,14,11,48,12,67,14,11,18,53,20,14,23,85,11,11,11,20,12,47,19,27,40,11,68,14,52,42,15,11,20,16,11,25,38,11,15,18,41,32,11,13,19,51,37,50,49,29,16,11,35,19,21,15,23,19,24,49,36,25,19,25,40,45,24,22,23,21,19,47,60,28,16,18,27,127,21,30,21,29,28,33
44.75,23,60,54,11,32,13,31,31,11,11,20,31,14,16,48,13,11,53,12,70,14,11,21,54,23,13,23,88,11,11,12,21,17,43,24,25,39,12,66,15,50,44,18,12,14,12,17,26,43,11,16,18,41,26,11,18,21,51,40,49,35,34,18,11,35,16,21,17,16,18,26,50,40,23,18,29,37,51,28,20,25,20,19,50,58,26,17,19,25,126,22,30,15,24,30,28
45,20,59,54,11,26,12,36,29,11,11,20,33,14,16,48,13,14,49,12,73,11,11,18,56,21,21,24,83,11,13,15,17,15,43,20,34,37,13,70,17,48,47,13,13,18,13,13,25,45,17,19,22,40,28,11,13,17,49,38,47,41,31,18,14,33,16,19,20,22,17,22,47,38,20,22,32,41,45,27,18,22,19,24,52,59,20,22,17,25,123,19,29,18,25,37,28
45.25,27,59,52,11,26,13,36,29,11,11,19,30,11,14,47,14,11,51,14,71,12,15,18,54,23,15,26,87,11,13,16,20,18,45,19,32,33,11,73,16,49,51,18,18,16,13,14,28,40,13,18,23,40,29,12,15,19,56,38,48,39,35,19,17,29,20,22,19,20,20,21,45,34,22,24,28,39,45,25,25,23,20,20,55,60,21,19,21,26,126,23,32,18,25,34,30
45.5,30,57,57,13,35,12,35,37,14,11,19,32,12,16,48,17,11,48,11,74,12,12,22,56,23,16,24,88,11,15,11,24,17,44,21,26,42,11,69,19,49,45,18,16,20,15,17,27,38,12,17,20,42,35,13,17,22,54,38,51,42,31,18,14,34,15,18,17,20,23,27,52,36,22,22,31,42,50,34,25,26,22,21,51,58,27,17,18,30,126,20,29,18,22,32,25
45.75,23,58,54,11,33,13,37,29,11,11,20,33,16,14,52,13,17,54,11,72,11,13,20,54,22,14,24,86,11,16,14,18,16,45,21,30,38,11,75,22,47,49,20,13,15,11,12,32,43,19,18,20,38,30,11,15,20,57,39,54,42,34,19,13,32,20,23,21,23,18,22,44,38,18,23,29,43,46,30,24,22,18,27,55,61,28,16,19,30,124,23,30,18,24,34,26
46,23,58,59,12,34,11,42,28,11,11,20,26,12,17,51,15,11,49,14,72,11,14,17,56,22,17,26,82,11,11,16,17,18,42,24,29,38,11,71,15,52,50,20,16,16,13,15,27,37,14,17,21,45,29,12,16,19,52,41,48,39,31,20,14,33,15,18,19,16,18,24,49,39,24,24,33,41,47,30,22,24,19,21,54,62,31,16,16,28,127,23,30,20,25,35,29
46.25,24,61,57,12,35,13,33,31,12,11,22,36,11,17,49,16,14,52,12,74,17,16,19,56,24,19,23,84,11,11,11,19,18,46,25,32,39,11,73,15,52,47,20,14,19,17,17,28,43,13,18,23,40,32,16,18,22,57,38,51,41,32,24,15,34,18,23,20,23,22,22,48,41,23,24,32,45,49,28,19,24,18,25,51,63,26,18,20,29,125,22,26,12,26,32,27
46.5,22,61,57,11,34,18,41,30,11,11,25,34,14,16,49,12,15,53,11,74,14,11,19,56,18,18,22,86,11,12,16,22,14,48,23,32,39,17,76,17,49,50,17,13,18,15,16,26,40,11,17,23,42,30,11,16,20,54,39,48,36,34,21,15,30,20,24,19,17,20,23,49,35,19,20,35,42,49,31,22,26,25,26,56,60,25,15,21,25,126,21,30,18,25,35,22
46.75,25,62,51,13,34,14,36,31,16,11,18,33,14,19,52,17,11,51,13,75,13,12,20,58,19,13,26,87,11,13,14,16,12,44,18,33,37,12,74,21,52,46,16,16,15,16,14,29,39,14,17,18,42,30,11,15,19,56,43,47,45,34,23,16,32,14,25,17,21,21,22,51,40,23,22,31,44,46,27,20,25,20,21,55,59,27,17,19,27,126,23,27,17,22,29,25
47,23,56,55,11,35,12,36,36,11,11,20,32,13,14,57,14,11,53,11,73,11,16,21,53,19,14,22,81,11,11,14,23,15,44,20,28,41,13,76,18,52,48,15,14,17,12,12,25,40,13,17,19,40,30,13,14,20,53,44,53,41,32,19,14,33,19,18,18,19,19,23,49,35,21,20,32,43,49,22,20,20,20,20,54,63,24,14,19,27,123,20,26,16,22,27,26
47.25,26,64,60,11,38,15,39,30,11,11,18,31,11,20,49,13,13,53,11,74,14,11,25,57,18,13,28,86,11,11,13,21,14,44,21,32,38,11,74,16,56,48,18,13,17,14,15,29,40,13,15,22,45,32,13,14,19,60,42,49,40,31,19,14,36,23,22,20,24,22,27,53,35,24,18,30,46,50,24,19,24,19,22,59,59,28,20,17,28,126,20,34,17,24,33,24
47.5,27,58,61,12,36,11,39,37,11,11,22,28,14,15,54,14,12,57,11,75,12,13,18,60,20,17,22,86,11,11,13,22,17,41,19,32,40,12,76,18,57,52,16,17,15,15,12,29,45,12,19,23,43,27,11,13,15,59,41,53,44,31,20,11,35,17,22,18,21,18,24,50,35,23,23,27,45,51,24,22,27,23,27,53,62,28,17,19,28,128,19,30,21,27,33,31
47.75,24,66,59,13,36,14,41,31,11,11,17,31,12,16,53,12,11,58,12,76,13,13,17,56,23,16,25,83,11,11,15,20,14,45,20,32,35,17,76,16,48,52,16,13,15,13,18,25,43,17,17,19,41,31,12,16,19,55,43,52,37,33,18,13,35,21,20,18,19,20,23,54,39,21,24,29,44,47,25,19,25,17,22,57,61,25,18,15,24,128,23,35,15,23,32,31
48,28,60,62,11,36,11,37,33,11,11,17,30,11,15,55,13,12,52,11,69,11,11,20,59,19,17,21,85,11,13,12,17,17,45,18,31,37,11,74,14,52,48,17,12,12,11,11,23,40,12,16,18,41,30,12,14,17,55,40,49,39,33,16,16,34,19,21,19,19,17,22,51,39,22,17,34,39,48,28,20,25,26,20,52,65,25,20,15,26,125,21,27,17,21,34,23
48.25,23,59,65,11,36,14,42,34,11,11,20,37,13,16,54,12,12,56,12,75,15,13,20,58,21,16,24,86,11,11,11,20,16,49,24,34,41,15,79,19,52,53,20,18,17,16,20,30,42,11,19,19,44,31,16,16,23,57,41,57,41,36,20,17,37,23,22,24,18,21,23,53,40,24,21,32,42,47,31,21,24,22,28,59,67,25,20,21,29,126,17,33,19,20,35,28
48.5,20,59,61,11,39,13,37,32,11,11,19,29,14,12,56,15,17,54,11,70,13,13,21,56,23,16,24,90,11,11,16,22,15,48,22,33,38,11,77,16,55,54,18,15,15,12,15,30,44,13,16,20,43,30,11,15,21,56,42,52,39,33,17,18,38,17,24,17,19,17,28,51,41,20,20,29,41,51,26,23,24,21,21,55,60,26,18,19,26,128,18,32,21,22,32,28
48.75,28,61,60,11,35,13,44,34,12,11,20,30,15,18,51,13,11,59,11,72,11,12,23,57,17,16,25,88,11,12,15,17,16,49,19,27,38,11,77,13,53,52,19,13,15,13,18,27,42,15,17,18,44,33,11,14,23,56,46,52,44,34,18,20,34,21,19,21,19,23,24,49,38,23,20,31,43,52,29,23,22,23,20,60,66,24,18,18,26,127,23,27,17,21,31,28
49,25,61,62,11,35,11,37,30,13,11,16,27,12,17,59,15,11,55,11,74,11,11,22,62,18,11,27,85,11,12,15,24,16,51,20,31,41,11,75,19,59,57,21,12,16,11,11,26,41,12,15,18,45,33,11,12,20,55,39,53,39,34,18,15,37,21,19,18,19,21,25,52,39,24,22,29,43,51,27,21,26,23,23,61,65,23,15,17,30,124,18,31,17,24,33,25
49.25,24,61,66,11,37,12,41,32,11,11,22,31,11,16,56,15,11,60,16,71,17,14,18,58,21,11,18,83,11,11,12,18,16,45,18,30,40,13,75,18,56,55,16,17,16,11,15,26,42,11,16,18,43,34,13,16,17,60,45,55,40,34,17,15,37,19,19,20,19,19,26,53,41,24,24,36,42,52,29,18,26,23,21,58,63,25,18,16,23,123,19,31,19,25,31,27
49.5,26,62,67,13,46,15,45,36,14,12,20,30,16,21,58,19,15,61,12,76,16,17,18,63,23,16,30,88,11,14,11,20,17,54,22,29,43,11,78,18,58,55,20,16,13,13,18,26,43,15,17,19,49,33,13,14,23,58,45,55,42,34,20,16,41,19,21,22,23,24,26,58,38,25,24,34,47,54,27,27,28,30,26,61,67,30,19,17,26,128,24,31,18,29,35,29
49.75,27,61,68,11,41,11,41,36,11,11,18,29,11,17,60,16,15,62,12,74,13,13,17,64,19,13,25,86,11,12,14,23,16,52,23,30,40,11,78,16,61,57,20,16,17,11,19,29,48,11,19,20,49,30,12,15,23,60,44,54,43,33,21,15,38,18,20,18,22,20,26,54,40,19,23,28,44,55,29,17,27,22,22,60,66,26,18,16,27,126,18,32,19,25,30,27
50,22,61,70,11,38,15,40,34,11,11,19,33,15,18,55,18,11,59,11,73,14,12,21,60,21,15,27,84,11,11,14,19,13,53,21,31,41,12,75,16,59,56,19,13,17,11,15,27,45,11,17,17,48,28,11,14,18,59,44,48,43,36,24,15,38,17,18,19,22,16,24,50,41,21,18,25,45,52,28,24,28,22,21,57,66,25,18,17,30,128,19,31,18,23,29,26
50.25,24,62,68,13,40,11,42,32,11,11,18,26,11,12,54,13,11,61,11,70,12,11,19,64,20,11,25,84,11,11,11,21,11,49,23,29,42,11,78,15,59,53,19,11,15,11,11,25,44,13,13,19,50,29,11,12,18,64,44,53,44,28,22,12,43,18,22,19,18,21,22,49,40,20,20,27,46,52,26,20,28,20,20,55,65,26,11,14,24,127,19,31,19,25,32,28
50.5,21,62,66,11,40,11,40,30,11,11,19,33,13,16,59,13,14,61,11,72,13,14,17,62,22,17,26,83,11,11,13,25,17,55,27,32,45,13,83,19,60,56,19,11,13,14,15,29,42,15,15,19,49,34,13,16,22,60,43,54,39,37,21,14,35,20,22,18,21,23,25,50,37,21,23,34,44,50,28,19,25,21,21,59,71,20,16,17,25,127,25,29,22,25,32,26
50.75,24,59,66,12,45,11,44,37,11,11,18,26,17,16,60,11,12,64,11,72,12,11,17,64,18,13,23,85,11,11,19,17,16,48,19,26,41,11,78,18,61,54,14,12,13,11,11,27,42,11,11,17,49,27,11,14,16,62,43,57,41,33,18,11,36,14,18,23,18,19,22,54,36,17,22,30,42,52,26,17,24,21,20,55,65,26,17,19,27,125,22,31,16,23,28,22
51,27,60,68,13,42,11,42,34,12,11,19,29,11,14,60,15,11,61,11,70,14,11,17,62,20,11,24,83,11,11,11,22,14,50,17,27,43,11,79,15,65,55,18,12,17,11,15,27,43,11,13,21,50,26,11,13,20,63,43,61,41,31,17,14,39,15,19,20,19,18,28,51,40,22,19,30,43,53,32,23,26,29,20,51,67,27,16,17,24,130,23,32,18,26,28,26
51.25,23,60,73,11,36,11,42,39,11,11,20,35,11,16,60,13,14,63,13,77,14,14,18,63,19,15,25,85,11,11,16,20,19,52,18,31,41,11,83,17,59,58,17,15,16,13,18,29,43,15,14,16,49,30,13,13,17,65,44,52,41,36,18,13,38,16,25,22,20,17,24,51,38,25,22,32,40,58,27,29,25,22,22,60,66,26,14,13,27,125,19,28,19,25,31,24
51.5,25,60,71,14,47,12,49,34,12,11,14,30,13,14,63,14,11,61,11,74,13,11,20,64,20,11,22,87,11,13,11,22,15,54,20,28,46,11,82,18,60,57,14,11,13,12,14,27,45,16,15,22,49,31,13,17,20,61,45,56,42,32,20,16,41,17,15,16,22,20,22,57,42,19,16,28,38,54,29,20,23,27,19,61,66,26,15,15,23,132,24,32,17,25,31,24
51.75,26,60,71,11,44,11,40,38,11,11,17,26,12,22,62,14,11,63,11,68,11,11,17,64,17,11,22,84,11,11,11,21,16,55,15,29,45,13,82,15,63,59,20,13,16,11,15,23,45,11,14,15,48,26,11,11,17,63,44,56,40,34,20,12,42,19,17,20,20,18,22,52,38,24,20,31,43,57,29,20,26,22,18,57,70,26,16,15,26,125,20,29,15,28,30,26
52,24,59,73,12,41,12,44,37,11,11,17,32,14,15,64,14,12,62,12,72,13,11,18,66,21,11,28,89,11,11,16,21,14,55,18,32,43,11,85,15,62,62,17,13,15,11,11,28,54,11,15,18,51,29,11,13,18,64,46,60,42,34,22,13,43,20,20,16,17,16,23,55,41,16,18,28,45,57,27,20,29,25,19,57,75,25,16,15,24,127,23,30,14,25,26,27
52.25,27,63,78,11,43,12,48,36,11,11,19,31,16,13,64,13,12,69,13,71,14,11,21,67,23,12,29,84,11,11,13,23,17,53,24,28,46,11,85,16,66,60,20,15,17,13,14,23,49,14,15,27,48,33,13,11,22,66,45,59,41,29,22,17,42,22,23,20,21,22,23,58,42,21,23,31,46,57,27,22,28,27,23,55,72,27,17,16,28,124,22,29,24,22,36,25
52.5,21,59,72,11,45,14,46,38,11,11,19,31,13,11,65,12,15,61,11,71,13,12,18,66,20,12,25,85,11,11,15,25,15,57,21,28,38,11,84,16,58,60,19,17,15,11,13,24,46,16,16,13,50,33,12,15,20,66,46,56,43,35,20,14,36,21,19,16,19,21,25,53,36,19,23,32,43,52,25,21,24,21,20,65,76,28,14,20,27,125,20,30,17,23,31,25
52.75,26,60,73,11,49,14,43,31,11,11,20,25,13,16,66,14,15,68,12,73,11,11,20,68,22,11,28,86,11,13,15,22,14,53,22,28,41,11,86,19,61,60,20,14,16,13,14,26,45,11,14,21,49,28,11,13,24,65,45,58,42,36,22,11,44,22,19,19,20,20,23,55,41,19,17,29,47,57,31,23,27,25,20,59,71,25,19,16,26,127,21,31,17,27,29,22
53,27,61,76,11,46,11,48,38,13,11,16,36,13,15,64,11,13,66,11,74,12,11,17,68,26,14,34,85,11,14,11,19,19,59,23,29,42,11,90,17,65,62,19,11,16,11,16,24,46,11,19,22,53,31,12,16,19,66,43,63,43,37,18,13,41,21,19,17,16,17,22,55,46,20,23,26,42,58,28,23,27,26,22,66,74,26,13,14,23,127,24,32,17,24,34,29
53.25,24,59,75,11,46,11,51,30,11,11,18,31,12,17,62,15,12,64,11,75,11,11,20,65,18,18,33,83,11,11,14,21,11,57,19,34,40,13,88,16,59,63,17,17,13,12,19,24,44,13,15,19,53,30,14,13,20,67,46,58,43,33,24,15,40,20,19,20,21,15,23,54,40,18,22,32,44,59,28,18,25,23,23,67,73,25,15,14,28,128,22,31,16,22,32,23
53.5,23,60,76,12,52,12,52,33,11,11,13,27,11,14,68,12,14,66,11,72,11,11,17,66,18,11,27,89,11,11,13,21,16,56,16,29,42,11,86,17,64,66,19,13,15,11,12,24,49,11,11,19,51,35,12,16,22,66,47,59,40,33,24,11,44,23,21,18,18,19,25,56,41,19,24,29,46,57,31,25,24,25,21,60,73,22,16,15,30,130,21,36,17,23,28,27
53.75,26,60,79,12,49,11,48,40,11,11,18,26,13,16,66,15,12,67,11,75,11,11,16,67,19,11,24,84,11,14,15,21,12,56,17,29,43,11,88,14,63,62,17,14,13,12,13,25,47,15,16,16,50,29,11,14,18,69,46,59,45,34,21,11,42,19,17,16,18,19,25,59,40,18,18,30,43,58,27,16,23,24,22,62,71,22,16,15,29,129,20,28,17,23,27,26
54,27,67,76,17,52,11,49,36,13,11,19,26,15,17,71,15,17,71,11,74,11,11,18,67,18,15,30,87,11,11,12,21,17,58,22,26,43,11,88,18,69,62,20,13,15,13,14,28,46,14,15,20,51,31,12,15,21,69,48,61,45,35,22,16,45,18,23,16,18,18,25,61,39,20,18,33,47,60,29,18,24,25,24,67,77,26,15,18,29,124,16,30,15,23,27,30
54.25,27,60,78,11,45,13,50,33,11,11,20,30,13,20,65,13,19,65,11,71,12,11,20,70,22,11,30,82,11,11,17,22,15,57,22,33,41,14,93,17,64,62,22,13,18,14,18,30,48,13,14,22,48,31,11,13,22,70,46,61,45,44,19,14,39,21,24,15,19,21,27,57,39,19,22,32,48,60,27,21,22,23,24,71,80,24,20,14,28,121,20,30,15,25,34,27
54.5,27,63,81,11,52,13,48,36,12,11,19,31,13,13,68,11,14,68,15,71,11,16,19,69,20,11,31,88,11,13,16,21,12,59,19,30,42,13,86,20,69,63,18,15,16,11,19,32,46,11,15,20,54,35,11,15,21,71,46,58,41,38,20,15,44,23,22,21,21,22,24,57,40,23,22,27,46,59,27,19,25,25,21,62,73,27,18,13,26,123,24,29,17,27,27,25
54.75,22,62,84,14,54,12,52,34,12,11,18,28,14,16,66,16,16,68,11,75,13,11,19,69,19,12,32,89,11,14,14,25,12,59,23,32,46,13,90,15,69,69,19,14,18,11,14,26,46,11,16,20,52,31,13,14,19,71,51,64,44,37,18,19,46,21,22,19,19,23,25,61,38,18,22,33,45,64,30,19,25,28,20,62,75,26,14,16,24,127,24,30,16,25,33,27
55,26,61,80,11,54,11,49,38,11,11,20,30,12,13,65,12,17,67,11,69,11,12,17,70,15,13,30,88,11,12,13,19,16,60,19,26,46,11,89,14,71,66,17,11,16,11,13,22,48,15,14,18,58,30,11,13,16,69,48,59,42,36,17,15,46,17,18,16,22,21,22,59,39,21,18,27,46,61,28,23,25,27,21,60,73,26,18,17,28,127,20,32,18,24,31,24
55.25,24,58,84,11,57,12,51,36,11,11,19,29,11,11,70,11,13,72,11,68,15,13,22,67,21,11,26,85,11,11,11,25,12,60,16,29,44,11,90,18,66,63,19,11,14,11,13,27,52,11,12,18,56,30,11,14,18,69,48,61,46,32,22,11,49,16,22,16,21,18,27,55,40,15,21,27,47,62,28,21,24,28,19,57,78,25,14,16,25,125,20,27,16,24,32,26
55.5,26,61,87,13,55,13,49,38,11,11,16,33,12,20,72,12,13,69,11,72,15,11,19,71,19,12,31,87,11,11,14,25,16,63,21,30,46,12,89,15,69,63,18,13,16,16,18,28,53,11,16,20,55,31,14,16,23,74,50,63,42,33,17,14,48,18,22,20,20,17,26,58,40,23,23,28,45,65,30,23,26,32,23,62,82,26,18,20,27,124,24,33,18,25,29,23
55.75,26,62,84,11,53,11,52,35,11,11,14,31,11,15,68,12,15,67,12,72,11,12,18,73,18,11,29,88,11,13,12,20,14,63,22,29,44,11,89,16,69,63,18,15,15,13,14,27,48,11,18,20,57,26,12,13,19,72,49,62,44,40,21,12,46,20,23,18,21,19,25,61,42,15,17,29,48,63,27,19,25,27,22,66,76,22,14,14,25,127,22,29,17,24,31,21
56,20,63,81,11,51,12,52,32,11,11,17,30,12,18,70,14,17,70,13,75,14,15,19,72,17,16,32,88,11,13,16,20,15,62,17,30,40,13,90,18,69,68,21,14,13,16,20,29,45,14,15,21,57,33,11,14,20,75,51,60,41,37,18,14,48,20,23,17,18,16,20,59,41,24,17,33,46,62,29,20,26,27,23,66,80,24,20,12,25,126,22,32,15,21,32,25
56.25,27,64,86,12,55,11,53,36,11,11,20,29,14,17,72,12,12,72,11,74,12,11,13,75,18,13,31,85,11,11,12,18,14,59,18,28,43,13,90,15,67,67,17,13,12,14,18,22,48,13,19,20,59,29,11,15,16,76,52,62,45,38,23,14,50,20,18,20,19,23,23,56,41,20,19,28,48,62,28,23,24,26,19,62,76,24,16,16,26,126,18,31,15,24,31,27
56.5,26,60,90,12,54,11,53,44,11,11,17,27,14,20,71,11,19,74,11,75,11,12,21,74,19,11,31,87,11,11,14,23,15,63,23,28,43,13,93,17,74,69,18,13,17,12,15,23,46,12,18,17,55,28,11,13,20,77,49,60,46,36,19,17,47,19,23,18,22,22,27,60,41,19,22,34,50,57,28,21,22,30,20,69,78,30,17,14,25,125,24,32,19,23,37,23
56.75,29,60,87,14,55,13,54,40,12,11,20,26,16,16,75,18,15,77,14,77,13,11,20,80,19,15,33,87,11,15,14,22,16,64,18,30,49,11,95,17,73,68,17,16,17,13,21,25,48,13,16,17,55,30,12,18,19,75,53,66,43,40,22,16,48,21,18,21,20,19,21,63,42,20,25,34,48,64,29,25,26,29,20,70,82,29,19,14,26,127,22,34,22,25,34,22
57,29,60,86,12,59,14,59,41,11,11,19,29,12,17,72,12,12,76,13,71,15,12,22,74,24,13,30,87,11,11,13,23,17,62,19,27,44,11,90,21,71,70,16,11,11,11,16,28,51,11,15,17,54,29,11,13,16,76,52,63,38,39,17,19,52,23,18,14,20,19,24,59,42,19,23,31,51,65,27,20,24,27,23,61,78,23,17,12,28,125,21,30,16,25,33,25
57.25,27,66,87,15,57,15,55,39,11,11,18,26,16,16,75,13,17,74,11,72,13,13,18,77,20,15,34,87,11,11,14,27,15,67,20,26,45,11,88,13,71,68,20,16,14,11,14,28,47,12,16,20,61,33,11,14,20,77,51,64,47,37,20,13,48,20,19,20,16,25,27,62,45,20,21,31,48,63,26,23,24,26,21,69,87,30,16,16,28,127,19,29,15,27,28,24
57.5,22,65,82,11,52,16,59,36,11,11,20,29,12,17,72,11,18,75,11,71,13,16,19,71,18,15,35,86,11,11,17,23,15,65,19,31,43,14,97,17,70,71,20,18,13,11,17,24,49,11,17,17,58,34,11,17,20,75,49,65,43,40,15,18,46,23,19,17,18,22,27,60,40,22,24,33,51,63,28,19,24,20,22,77,88,27,15,16,27,127,23,26,16,21,30,27
57.75,24,64,88,12,61,13,56,41,11,11,19,30,11,16,76,13,11,74,13,72,11,14,15,75,20,12,33,89,11,11,12,23,15,68,20,31,44,11,96,14,72,68,23,16,18,11,14,25,50,13,13,19,56,28,11,13,21,80,56,67,44,42,21,17,50,21,22,20,19,20,24,65,40,17,17,30,46,61,28,27,25,31,20,73,85,27,17,18,26,129,24,32,18,24,32,28
58,27,63,90,15,61,12,59,38,11,11,17,29,11,16,80,11,17,76,11,70,14,11,20,81,23,14,28,90,11,11,13,25,17,65,15,29,47,11,96,15,78,73,15,11,17,12,15,23,51,11,15,18,58,28,11,13,21,78,53,66,44,36,24,14,49,18,21,20,17,19,22,67,41,23,18,28,47,65,33,23,26,27,23,71,80,21,16,16,28,125,26,38,11,23,30,27
58.25,25,63,90,11,57,11,56,34,11,11,17,19,13,14,71,12,15,79,11,69,14,13,16,79,17,11,31,86,11,11,11,21,15,66,17,27,49,11,93,18,73,70,20,11,15,11,16,29,52,13,11,15,59,34,11,16,14,80,54,65,40,37,22,16,48,17,21,16,15,20,20,64,43,20,18,29,45,62,32,24,25,25,18,69,79,21,15,11,23,126,22,28,18,22,32,25
58.5,29,67,91,15,64,11,56,38,11,11,18,31,14,11,75,12,19,71,12,73,12,11,19,77,20,11,32,89,11,11,13,21,16,66,17,27,47,11,96,16,77,70,16,15,18,12,14,25,50,11,12,18,61,32,12,13,21,76,52,69,48,37,18,12,50,23,22,18,22,21,24,66,41,21,20,30,48,63,30,21,27,28,21,73,89,24,16,17,26,124,27,31,19,21,31,29
58.75,27,61,93,14,60,11,57,38,11,11,17,27,12,15,75,11,14,79,11,69,12,12,19,79,22,13,34,88,11,11,12,22,14,69,19,27,48,11,95,20,78,71,18,12,13,12,14,24,52,12,14,20,59,30,12,14,17,78,54,65,45,40,20,14,50,20,19,17,17,17,22,67,42,18,22,33,49,66,28,22,23,30,22,73,91,24,17,17,30,127,20,29,21,24,34,25
59,25,64,92,11,67,12,55,39,11,11,14,27,12,16,74,15,15,78,12,75,14,11,15,77,16,11,33,89,11,12,12,20,14,66,19,30,46,11,94,15,76,71,18,14,14,11,15,24,50,11,16,19,56,32,11,14,18,78,52,66,43,39,18,14,52,19,21,20,19,21,24,64,42,23,21,32,48,64,28,18,24,28,20,71,86,25,13,14,27,128,19,35,17,27,33,26
59.25,24,60,95,11,60,11,60,41,12,11,18,28,13,15,76,14,16,77,13,74,11,15,14,80,18,15,31,84,11,11,14,29,16,68,20,30,46,12,96,17,76,75,14,14,17,11,15,24,50,14,17,16,60,28,11,14,22,79,55,69,44,40,19,14,54,22,19,20,13,22,22,68,42,19,19,30,50,68,28,21,28,30,22,76,85,28,13,20,27,123,20,31,15,23,27,24
59.5,17,62,91,11,55,17,65,38,11,11,17,27,12,19,80,14,14,79,11,69,15,11,19,77,17,14,32,82,11,11,16,25,18,70,21,31,46,14,102,15,73,75,19,16,18,13,16,26,50,19,16,18,59,30,11,14,18,80,53,66,41,41,15,17,49,19,20,18,17,21,24,67,42,21,22,40,47,66,33,24,25,25,20,75,91,26,12,15,25,127,21,31,17,25,34,28
59.75,23,64,97,13,64,11,59,35,11,11,17,24,13,15,79,12,18,77,11,69,11,11,17,78,22,11,33,85,11,11,15,24,13,63,20,24,46,13,94,16,76,78,16,11,15,12,14,26,53,11,15,15,55,28,11,13,15,81,53,69,45,42,19,11,51,18,17,20,18,16,26,67,46,20,16,29,45,68,27,20,24,27,22,72,87,24,13,16,26,125,21,31,18,26,30,26
60,28,66,95,14,70,11,62,36,13,11,16,27,14,18,83,14,20,83,11,76,17,11,21,82,24,11,37,87,11,17,13,23,15,72,20,25,48,12,104,19,78,76,23,13,19,11,16,25,51,11,18,16,62,32,15,17,21,84,63,71,48,42,26,16,55,18,18,20,25,18,25,73,44,20,20,33,53,68,31,22,28,35,23,78,91,29,16,14,26,123,23,33,20,27,30,24
60.25,23,69,93,12,67,18,66,39,15,14,23,36,13,19,84,18,20,83,18,72,14,11,21,77,21,19,38,88,11,21,20,30,21,74,25,33,48,15,105,20,77,80,24,15,22,14,19,27,53,19,17,23,63,35,16,16,23,84,60,71,46,45,23,21,56,23,22,22,19,21,24,68,45,22,21,39,56,71,30,27,22,30,24,82,90,30,20,16,30,128,27,35,23,28,40,26
60.5,31,64,100,11,71,13,64,40,11,11,23,26,15,16,88,17,19,86,11,71,16,11,21,87,21,15,38,86,11,18,16,28,20,78,21,31,50,14,100,19,80,79,25,17,21,14,20,29,55,17,20,18,65,34,14,18,25,88,59,74,48,42,22,17,57,21,22,22,20,23,23,70,45,25,25,33,48,70,34,23,25,33,18,78,95,30,20,18,31,130,24,32,22,24,28,26
60.75,24,66,95,16,66,11,63,42,13,11,17,28,17,16,81,11,17,86,12,75,15,11,20,88,21,16,37,89,11,12,11,27,16,75,20,29,51,12,104,20,81,83,18,17,18,15,14,30,52,14,17,22,58,32,12,18,20,85,61,69,51,47,21,12,58,23,23,24,17,23,23,72,43,21,22,36,51,70,30,21,24,32,25,79,89,25,19,16,25,125,20,32,18,29,35,25
61,21,66,95,11,63,18,67,41,11,12,21,30,13,19,80,15,20,85,14,77,13,13,22,81,17,18,37,90,11,11,17,25,19,74,22,31,47,19,103,15,81,79,22,18,18,14,14,26,54,18,20,16,58,35,15,13,22,84,61,70,44,49,23,22,56,20,23,22,17,20,20,69,45,27,25,37,55,73,32,21,26,32,22,82,96,26,18,18,32,127,24,35,18,27,36,25
61.25,21,61,98,11,64,18,73,42,13,11,24,32,13,17,82,14,18,88,15,76,13,15,19,77,22,18,40,88,11,19,14,27,17,73,26,32,50,16,104,18,81,80,19,12,19,14,20,22,50,19,17,21,61,35,15,18,19,88,61,67,43,48,23,23,55,23,24,22,21,23,27,69,47,21,25,37,54,69,30,17,25,32,25,85,93,24,16,20,29,128,27,37,18,23,36,27
61.5,24,65,98,12,68,12,69,42,11,11,19,29,18,17,87,17,15,86,12,72,11,11,20,87,22,18,37,87,11,11,15,22,13,80,20,31,48,11,102,21,82,79,22,14,18,11,14,26,48,13,18,20,61,29,13,16,20,87,59,71,48,45,20,17,54,23,22,19,20,20,23,66,44,21,21,34,53,73,32,24,24,32,21,82,93,27,16,17,29,127,23,33,23,27,33,29
61.75,26,64,101,11,73,11,67,44,11,11,21,29,14,17,83,15,18,88,11,74,16,13,20,89,22,12,38,89,11,13,12,23,16,76,21,30,47,13,103,18,83,79,21,11,15,13,12,30,52,13,19,19,61,33,13,15,19,90,59,69,45,40,23,16,59,23,24,22,18,18,26,74,46,22,21,36,53,75,30,21,23,31,21,82,98,28,18,15,27,128,23,31,18,27,28,26
62,27,61,99,15,72,12,68,41,11,11,20,29,14,18,85,14,18,87,13,77,12,11,19,87,22,13,40,87,11,12,14,26,11,76,21,30,50,12,105,21,82,84,15,14,15,11,18,23,53,11,18,22,62,30,15,14,21,87,60,68,47,43,22,17,61,22,23,19,20,18,22,70,42,18,16,32,51,71,27,21,24,31,22,80,93,27,17,16,30,129,26,35,19,25,36,28
62.25,17,65,96,11,63,21,71,37,12,11,19,31,14,18,84,14,18,91,16,74,16,14,18,84,18,17,43,87,11,18,15,25,17,73,19,33,45,13,105,18,83,82,20,17,18,16,18,27,51,15,17,21,59,33,16,16,25,83,61,65,48,44,21,15,59,25,22,17,19,20,23,69,44,23,23,38,56,71,30,23,21,30,21,84,100,22,17,21,29,127,23,32,14,24,35,22
62.5,27,64,105,13,75,11,71,41,11,11,19,28,18,15,84,17,17,88,11,76,13,11,21,87,20,12,40,90,11,12,14,27,17,75,19,28,51,16,107,16,82,80,20,19,17,11,17,28,58,15,16,22,61,32,12,13,17,91,60,73,50,47,18,13,60,19,20,18,17,19,26,75,47,22,28,34,55,73,33,24,26,27,22,83,97,27,14,16,29,131,25,36,20,25,33,25
62.75,25,69,107,12,71,14,65,42,11,11,19,28,14,12,88,14,19,92,12,74,15,11,19,86,25,16,38,86,11,12,11,22,17,76,20,31,50,13,105,18,83,82,19,14,18,12,17,26,53,11,13,17,63,33,13,14,18,88,55,71,45,40,23,13,62,24,19,19,22,18,24,71,48,20,22,32,54,72,30,21,31,34,22,78,92,27,21,15,24,131,22,34,19,25,31,25
63,26,64,104,15,73,11,70,44,12,11,20,28,13,16,86,16,15,92,12,74,12,11,16,90,20,12,40,90,11,14,13,23,17,77,22,28,50,13,108,17,83,82,21,16,18,15,17,27,51,14,16,23,61,34,15,16,19,88,58,72,51,48,22,19,63,24,23,19,18,21,25,74,44,21,22,33,58,71,35,24,27,32,22,88,99,31,19,21,23,127,20,35,19,24,38,29
63.25,25,64,100,14,77,14,73,45,11,11,20,28,17,16,86,15,18,92,12,73,14,13,18,90,23,11,37,90,11,13,12,24,15,79,21,30,51,11,104,20,87,82,20,12,18,11,14,23,52,14,18,19,64,31,12,14,17,95,60,72,47,45,24,17,62,20,22,17,20,20,25,73,46,21,19,31,56,77,32,23,26,31,23,92,101,23,20,21,24,125,22,38,20,22,30,32
63.5,23,66,105,12,77,12,72,43,13,11,21,32,15,18,91,12,17,91,11,78,13,11,15,90,24,13,37,92,11,14,16,27,18,85,20,31,51,15,106,18,89,85,23,11,18,11,13,27,61,17,12,22,63,35,11,13,23,95,57,75,46,44,21,13,64,21,22,17,20,21,26,77,50,22,20,33,52,80,28,21,30,31,22,90,104,23,17,13,28,126,24,33,21,25,32,30
63.75,18,64,100,11,72,18,73,37,11,11,20,31,13,18,93,14,19,90,11,73,17,15,20,85,19,18,39,86,11,17,19,27,17,81,21,33,49,17,106,18,83,82,22,19,16,14,20,29,51,17,18,26,63,32,14,11,22,88,63,71,43,53,23,18,65,25,20,19,23,24,25,70,46,24,23,36,57,74,35,20,21,30,20,90,101,26,16,17,29,127,26,34,16,22,38,30
64,27,69,105,17,81,12,75,43,18,11,18,24,14,15,89,13,20,94,13,75,13,12,20,93,18,13,40,88,11,14,19,28,18,80,24,31,56,13,109,20,87,85,21,15,17,15,18,29,52,11,18,22,62,35,11,19,21,92,61,74,50,40,25,17,65,21,19,18,22,20,23,74,44,21,23,33,57,77,36,25,26,31,24,90,98,27,14,16,28,125,25,34,19,29,31,26
64.25,24,61,108,14,78,11,71,47,14,11,17,30,16,15,90,14,16,97,14,75,14,11,20,90,17,11,39,90,11,12,15,28,17,82,21,33,50,16,109,20,90,91,25,15,18,11,16,27,55,14,20,22,62,28,11,17,20,95,60,71,48,42,23,14,61,21,19,19,19,21,24,79,46,18,24,34,56,77,31,21,29,33,21,89,98,25,19,18,30,128,27,35,16,24,32,24
64.5,22,64,106,11,79,13,80,43,11,11,16,30,15,17,87,17,19,92,12,74,14,11,15,90,19,16,44,87,11,15,15,29,18,83,23,34,48,13,110,17,84,86,24,14,18,16,21,26,51,17,17,23,63,35,16,14,19,94,63,72,51,44,19,16,63,23,23,17,20,22,29,72,43,23,22,33,60,74,31,22,25,32,25,95,98,26,14,20,28,128,25,37,21,23,35,27
64.75,24,65,104,12,72,19,81,45,11,14,20,34,18,16,89,17,24,98,14,80,16,11,23,93,18,18,46,89,12,13,17,27,19,85,20,34,51,16,111,18,86,88,25,17,20,16,20,30,53,16,19,24,60,35,11,15,20,96,64,72,45,53,24,19,63,22,21,18,23,24,25,72,48,24,25,38,58,73,33,22,22,31,25,95,100,28,20,22,28,126,24,35,23,27,41,28
65,23,62,108,11,78,14,74,41,14,11,17,30,16,16,92,19,16,99,11,77,14,11,20,93,21,17,46,86,11,12,18,27,16,77,24,30,48,15,108,18,88,89,24,17,16,11,14,28,49,12,18,22,62,33,15,15,18,92,64,75,45,52,23,21,64,26,23,21,25,18,22,75,43,24,24,34,57,73,33,20,20,31,22,96,98,25,17,19,25,129,21,32,18,22,38,30
65.25,26,66,114,13,80,18,74,49,13,11,18,30,13,16,92,15,21,99,13,79,11,12,22,96,21,11,45,92,11,12,13,29,15,85,23,31,55,13,107,18,90,89,26,14,17,12,19,25,55,14,17,20,66,36,11,16,19,98,64,77,50,47,22,14,69,22,22,17,21,21,27,74,47,23,22,36,56,76,32,22,22,35,22,98,109,26,19,18,30,128,26,36,19,29,31,32
65.5,26,65,109,12,80,18,77,45,11,11,21,27,16,14,93,17,19,104,11,74,13,11,22,93,23,14,40,89,11,13,17,31,16,85,20,28,54,18,112,20,88,89,19,18,19,14,17,26,53,13,17,22,62,34,15,17,18,96,64,74,52,48,22,17,64,25,22,21,19,22,26,75,45,22,21,35,57,77,32,18,22,38,20,101,101,28,19,19,27,129,24,34,19,26,34,26
65.75,23,65,105,11,79,15,80,42,14,11,23,30,13,13,94,14,21,103,13,78,15,16,21,91,20,12,44,85,11,15,17,26,17,82,21,32,51,18,114,18,91,90,22,17,19,20,21,27,55,17,17,22,62,32,15,19,22,96,68,73,45,54,22,20,65,23,23,18,21,22,30,77,45,22,21,35,58,77,32,24,25,32,23,100,105,25,17,20,27,127,23,37,16,24,41,30
66,26,65,111,13,85,13,76,41,15,11,19,28,15,14,96,11,18,103,11,76,14,11,20,95,19,17,44,87,11,11,14,28,16,85,21,33,54,12,110,18,91,92,20,14,18,16,13,25,54,11,16,16,63,32,11,14,19,95,61,76,52,48,24,13,69,21,19,17,23,22,22,78,50,18,21,36,57,76,33,20,25,33,24,101,102,27,21,19,28,126,30,38,19,22,31,27
66.25,23,64,114,11,85,11,83,45,13,12,21,29,14,18,94,15,17,105,12,77,12,11,19,94,20,15,44,89,11,14,11,26,17,86,21,27,54,12,110,19,93,87,20,15,14,12,14,27,55,11,14,21,68,28,11,13,20,97,65,75,48,45,23,15,68,23,20,21,15,19,24,74,47,25,20,38,57,80,32,21,22,35,24,97,102,23,20,16,28,125,25,33,20,26,31,29
66.5,28,68,114,11,85,13,80,45,16,11,22,30,18,14,92,17,20,105,11,80,11,12,21,99,22,12,44,88,11,12,15,27,18,85,21,33,53,14,110,19,94,96,22,19,20,12,14,28,56,15,19,21,64,30,12,18,23,98,67,73,53,47,20,17,66,25,24,23,22,23,28,79,49,24,27,36,58,81,33,21,21,33,25,101,106,28,19,19,28,125,27,37,19,25,31,28
66.75,21,69,111,11,79,20,81,45,11,11,17,30,14,19,94,15,13,105,11,80,12,12,20,95,20,15,44,86,11,14,16,26,15,87,21,30,48,17,114,16,89,92,21,15,18,19,19,24,56,13,20,19,63,33,11,18,16,97,66,73,47,47,21,17,61,23,20,20,22,19,26,74,46,23,19,37,59,81,33,24,23,29,21,103,103,21,20,16,27,127,25,29,21,23,33,26
67,24,64,111,12,85,15,81,47,11,11,17,30,12,20,94,13,21,105,12,74,17,14,20,97,20,12,47,92,11,12,15,26,19,86,21,31,56,14,111,17,91,94,21,13,14,13,16,24,54,12,20,24,62,36,12,16,21,100,63,74,51,43,23,18,68,25,20,21,18,21,28,78,46,24,24,35,60,79,36,21,24,29,22,102,102,21,15,18,27,125,28,34,17,26,31,23
67.25,24,69,112,11,83,14,81,46,11,12,20,30,14,18,98,12,23,110,12,75,13,13,17,98,23,16,46,87,11,13,17,32,17,90,19,26,49,15,110,23,87,91,19,14,14,15,20,26,54,17,21,17,64,37,11,17,24,98,65,74,48,46,20,15,71,23,21,19,18,18,22,78,45,18,20,38,60,81,31,19,22,30,26,107,103,23,16,13,23,126,29,31,16,24,31,25
67.5,29,62,114,11,92,13,81,46,12,11,19,28,15,18,95,15,15,107,11,73,15,11,19,100,22,12,46,88,11,12,14,27,13,87,19,34,56,11,110,18,92,94,24,15,14,11,13,22,54,14,16,19,61,32,12,18,20,98,65,76,54,46,23,15,69,23,25,14,19,20,21,79,46,22,17,33,56,78,34,20,26,32,26,106,98,25,18,14,26,128,25,33,19,22,29,27
67.75,27,67,112,14,90,13,83,46,14,11,18,30,14,17,93,16,21,108,12,74,11,12,18,100,25,14,45,89,11,14,14,27,20,89,24,30,54,18,113,18,91,97,22,16,14,16,17,31,55,11,16,22,67,37,13,15,24,100,66,77,52,47,22,14,71,25,22,23,20,20,23,80,45,27,23,37,60,80,29,19,26,32,24,107,101,30,19,21,31,127,24,36,16,31,32,25
68,26,68,113,14,87,14,83,47,11,11,19,29,17,16,98,16,23,108,11,78,16,13,19,99,20,13,49,90,11,14,11,28,17,91,20,31,52,18,117,18,92,95,20,13,18,13,19,23,60,12,20,19,64,34,15,18,20,103,66,76,49,49,26,16,72,23,22,19,22,23,26,83,47,20,22,37,59,81,30,24,26,35,20,105,102,26,20,17,23,128,28,36,19,25,29,25
68.25,28,63,116,14,93,12,85,45,11,11,22,28,15,16,100,13,18,111,11,75,15,11,16,103,22,17,45,90,11,14,15,30,20,89,20,30,56,14,116,17,98,97,21,13,20,16,15,29,56,11,14,21,67,38,13,14,21,104,70,74,52,44,22,17,72,22,20,19,19,25,26,80,48,20,22,37,56,82,34,22,25,34,23,111,107,28,23,15,26,124,23,39,20,27,36,26
68.5,23,65,113,11,88,11,82,51,11,11,19,28,11,18,97,16,20,113,16,80,12,11,20,104,18,16,46,87,11,12,14,30,13,90,18,32,47,16,109,17,93,101,21,14,16,12,19,25,53,12,17,21,64,33,15,13,18,101,71,73,45,48,23,20,72,23,21,19,20,15,24,80,42,20,17,35,62,81,30,19,20,29,23,109,96,23,18,15,25,127,26,35,15,26,32,27
68.75,27,66,114,15,93,20,85,44,15,11,21,28,16,16,100,16,19,110,15,76,15,11,20,101,20,16,50,83,11,15,17,27,17,89,23,29,52,17,117,16,94,97,22,17,15,15,17,28,53,14,15,19,68,39,15,17,23,101,68,77,50,51,26,18,75,24,25,19,18,21,28,77,46,21,20,35,64,80,31,21,22,36,24,115,99,26,20,16,31,127,26,31,26,27,36,27
69,30,69,117,16,96,14,82,45,11,11,21,27,15,15,100,13,21,114,14,75,14,11,20,101,21,14,45,90,11,18,17,30,18,93,19,31,57,16,111,21,92,96,22,16,13,11,14,23,51,13,18,18,66,34,11,16,22,102,70,77,58,47,19,18,71,24,23,20,21,21,25,77,47,22,20,34,61,86,30,18,22,35,23,116,104,27,18,14,27,123,26,36,22,25,33,26
69.25,24,68,117,16,100,17,91,43,14,14,20,30,14,18,106,17,21,114,14,78,15,13,18,104,27,11,48,89,11,14,16,25,19,92,22,32,55,18,114,18,97,106,19,15,20,14,16,27,59,12,13,23,69,37,13,17,22,103,72,74,53,45,21,21,74,22,20,19,19,23,28,80,48,24,21,34,62,87,32,21,24,36,21,117,103,24,18,17,28,130,25,34,21,24,33,27
69.5,27,67,115,13,96,13,89,47,14,11,20,30,14,18,102,15,17,113,15,76,11,12,20,105,22,14,50,90,12,13,19,30,22,92,24,31,54,15,118,18,95,98,20,17,16,12,16,27,57,13,19,24,66,36,15,11,21,103,72,76,52,51,22,20,73,24,17,20,18,22,25,81,47,22,22,38,61,79,35,24,24,37,29,118,100,30,17,16,30,125,23,35,18,25,35,28
69.75,26,64,118,13,97,15,91,47,11,11,20,31,16,19,105,15,18,112,16,78,17,12,21,108,24,13,50,89,11,11,18,32,22,94,22,31,55,13,117,23,95,98,23,13,17,12,16,28,59,15,20,22,63,35,12,17,22,105,74,74,52,52,24,16,76,23,26,25,20,21,24,81,46,21,20,36,61,83,32,23,24,35,21,123,104,24,19,18,28,124,23,35,20,23,35,31
70,28,65,120,16,100,16,92,49,12,11,23,31,18,17,105,13,18,114,11,78,14,11,22,105,21,11,46,90,11,11,13,30,20,93,21,30,54,16,117,15,99,102,20,12,17,12,17,29,59,16,17,22,64,37,13,12,20,108,73,77,52,49,22,21,74,25,25,19,20,20,27,84,47,16,24,35,62,87,37,24,23,36,25,124,101,24,16,17,28,126,29,34,20,22,33,25
70.25,25,64,117,11,97,17,91,49,11,11,20,26,17,16,103,15,21,119,13,80,14,14,20,104,21,15,46,88,11,18,17,30,17,97,21,29,56,15,118,18,98,104,22,17,15,15,20,26,55,18,21,22,69,36,17,16,23,107,76,76,49,48,24,20,80,28,25,20,24,22,26,78,47,19,23,40,65,83,31,20,25,34,27,126,104,29,21,17,30,124,27,37,18,25,36,26
70.5,23,65,116,17,95,15,96,43,11,11,19,32,15,15,103,11,22,114,13,74,14,11,14,106,23,13,50,86,11,15,15,27,18,101,26,31,57,20,119,23,97,100,24,14,19,15,17,25,54,13,19,23,69,34,12,19,21,110,74,77,47,51,26,17,76,21,27,18,21,17,30,80,46,22,23,38,66,85,36,23,24,31,26,123,105,21,17,14,25,127,30,41,19,27,38,26
70.75,22,67,117,12,103,14,95,49,11,11,20,30,13,17,104,16,22,120,12,77,13,11,21,107,22,16,52,89,11,12,13,30,16,96,18,31,58,17,117,20,100,102,23,14,19,14,20,26,54,15,19,22,66,33,11,19,23,103,72,75,55,49,22,17,78,23,25,20,19,21,23,82,47,24,24,35,63,87,30,22,25,33,22,125,104,25,18,19,30,126,25,34,20,27,34,26
71,28,67,118,13,101,13,91,47,11,11,22,26,15,20,105,16,22,120,17,75,12,16,19,109,20,12,53,89,11,14,17,32,16,95,19,32,58,20,116,20,100,105,22,14,16,12,17,23,58,12,23,21,69,35,12,15,21,108,76,78,52,49,26,20,78,26,23,20,20,19,28,84,48,22,18,37,65,85,31,21,26,36,24,127,107,28,19,18,28,127,26,37,19,28,33,24
71.25,26,66,118,12,99,14,93,46,13,11,19,27,14,15,105,17,25,121,16,82,13,14,22,106,25,15,54,90,11,14,20,34,18,97,23,32,56,20,123,19,95,106,25,20,17,13,15,28,54,11,20,22,68,37,14,14,25,111,75,75,54,56,28,22,73,26,23,22,23,23,25,82,48,19,25,43,62,87,35,21,22,35,23,132,102,24,19,15,29,130,25,38,22,22,34,31
71.5,24,67,114,13,100,17,96,47,11,11,21,28,14,19,103,13,22,120,11,74,13,13,20,111,20,14,54,86,11,18,12,31,21,100,19,29,56,16,121,20,98,105,23,16,19,11,19,27,57,11,19,22,65,37,11,16,21,107,76,80,54,50,26,14,81,26,23,22,22,23,26,81,50,20,22,36,66,89,32,22,23,34,23,127,106,26,16,15,27,128,25,34,16,25,34,31
71.75,25,68,121,16,107,15,97,45,15,11,18,28,17,18,107,19,22,126,17,76,19,11,20,110,23,16,49,89,11,14,12,31,18,100,24,27,58,16,120,18,99,103,26,15,21,13,15,26,52,14,17,20,69,35,15,17,26,110,74,78,54,51,22,18,81,27,25,21,20,20,30,78,49,23,22,39,68,86,30,21,24,34,26,134,103,28,17,16,32,127,26,38,20,26,32,26
72,21,65,114,11,100,17,98,50,13,11,17,31,12,19,105,16,20,123,14,79,14,13,23,107,21,17,52,89,11,14,17,29,16,99,24,32,56,14,124,21,100,107,21,13,16,17,19,25,55,13,15,19,64,36,12,18,19,112,75,78,48,54,22,19,82,26,26,18,19,23,31,74,48,20,24,42,63,87,37,21,21,34,18,135,107,24,18,18,24,125,23,37,19,23,35,29
72.25,27,66,116,17,104,11,97,47,11,11,20,27,16,16,107,16,21,120,14,77,14,11,19,111,21,13,52,87,11,13,15,28,19,102,17,31,57,16,121,20,101,105,21,14,15,11,12,31,58,12,20,16,71,33,13,14,21,113,78,78,51,51,24,21,80,25,26,18,17,24,25,82,48,21,17,36,63,86,35,24,21,32,21,136,106,28,19,18,26,125,24,35,18,19,32,22
72.5,25,68,124,17,109,14,95,46,17,12,17,33,15,13,108,12,19,121,15,78,16,11,21,116,21,11,56,92,11,14,15,31,16,101,23,27,57,16,123,19,100,110,24,13,20,12,21,28,58,13,17,21,71,37,11,14,21,115,74,76,58,50,25,18,83,30,24,18,20,22,26,83,44,22,22,39,64,84,36,20,27,35,24,138,111,29,19,17,23,129,26,38,16,27,36,27
72.75,27,63,120,14,112,13,96,49,13,11,19,28,18,17,108,15,20,125,13,74,17,13,18,114,20,12,57,88,11,17,11,31,15,99,19,28,56,15,118,20,102,107,23,11,14,13,16,25,56,13,16,21,71,36,11,16,20,107,75,79,54,47,23,16,85,28,23,19,21,21,26,83,47,19,22,36,67,85,32,19,25,34,21,138,105,27,19,15,30,128,21,36,18,20,35,29
73,27,65,119,13,109,16,99,49,11,11,18,28,14,16,111,18,20,129,11,78,15,12,18,114,22,13,52,91,11,12,12,28,14,100,20,28,59,19,121,19,100,108,23,13,15,13,20,26,57,11,16,22,68,35,12,16,19,111,76,80,54,51,25,13,80,24,24,22,19,22,26,84,46,19,23,37,69,87,37,21,26,36,23,142,106,26,21,16,30,125,26,33,22,20,32,26
73.25,26,65,119,14,112,15,98,47,11,14,16,28,16,18,108,16,24,125,11,77,15,13,20,117,21,12,54,86,11,12,14,30,16,100,22,29,56,16,122,18,103,108,26,11,17,11,17,20,55,11,14,19,68,38,12,14,21,111,76,76,56,52,21,18,81,24,21,19,16,17,25,82,47,22,20,35,66,84,33,21,22,32,25,145,104,25,20,16,28,128,29,34,19,27,32,24
73.5,26,66,124,16,112,14,96,55,11,12,18,28,16,17,113,15,24,128,12,75,15,12,18,117,23,14,57,88,11,13,15,29,18,103,24,32,58,17,125,17,98,114,26,15,16,16,14,27,58,12,17,23,71,38,14,18,21,119,78,77,56,51,22,16,82,27,26,19,17,22,25,83,48,20,22,39,66,94,37,22,23,34,28,147,109,27,22,19,29,127,26,35,20,27,36,29
73.75,28,66,124,14,117,18,102,50,11,11,19,29,17,21,112,16,26,126,11,81,13,14,20,118,21,14,56,93,11,12,17,30,17,105,21,30,59,15,122,20,102,114,23,15,17,13,19,28,56,12,19,20,70,36,11,19,21,117,79,77,58,54,22,17,86,24,25,20,23,22,27,82,48,21,21,36,65,90,32,21,24,35,23,149,103,24,15,18,28,126,25,35,17,23,34,26
74,24,68,121,13,109,17,101,47,12,11,17,29,18,16,112,13,20,128,11,78,12,11,17,115,19,14,51,86,11,13,14,29,14,103,18,29,56,14,126,18,102,112,25,12,19,12,16,25,58,12,18,19,71,35,12,13,20,114,77,81,53,51,25,14,84,24,22,18,17,20,22,82,44,20,25,37,64,92,34,22,20,34,23,148,109,26,20,19,27,126,29,40,23,23,33,31
74.25,25,64,122,17,115,13,106,53,16,11,24,31,16,16,113,13,21,132,11,79,15,14,19,115,22,16,58,88,11,15,16,29,16,106,22,31,57,17,128,17,107,115,25,17,21,14,17,28,60,14,17,24,69,36,18,15,20,120,80,80,52,50,26,20,87,25,26,20,18,22,25,85,51,20,24,37,65,92,37,23,24,36,24,153,111,27,20,20,32,127,32,39,22,25,33,26
74.5,29,68,123,19,116,15,104,53,14,13,19,28,18,17,109,15,21,131,14,77,11,15,18,118,24,12,59,89,11,16,14,34,19,110,22,32,60,20,125,18,105,115,25,14,18,18,13,25,58,16,19,21,69,40,13,18,21,120,79,80,54,54,23,22,88,23,26,18,21,21,27,81,49,26,26,38,67,92,36,22,26,36,22,158,111,26,23,20,27,126,26,38,20,27,39,23
74.75,27,68,122,19,115,16,104,47,11,11,19,29,15,20,115,11,25,133,12,78,13,11,19,118,20,17,59,90,11,17,17,32,19,103,20,29,57,12,122,20,103,113,24,15,17,15,18,26,60,13,18,20,70,32,15,14,18,120,83,77,57,54,25,19,87,31,24,19,23,23,24,81,53,24,23,38,72,93,35,25,21,34,23,156,108,23,22,18,29,128,24,37,22,29,40,26
75,26,64,121,20,121,13,103,50,14,11,22,29,18,17,113,12,25,132,11,81,11,14,22,118,21,14,59,84,11,14,13,30,16,113,20,31,61,15,121,18,103,111,24,13,14,14,19,25,57,11,17,19,69,35,11,15,18,120,75,80,55,51,24,17,89,24,27,19,23,22,26,79,48,22,22,41,74,91,31,18,22,37,22,158,110,29,18,17,26,121,22,42,19,22,35,29
75.25,26,70,127,15,116,12,107,46,16,11,18,32,16,20,116,11,22,133,11,76,16,12,20,118,18,11,57,91,11,11,15,31,18,107,20,29,61,19,127,17,107,114,23,14,18,14,17,30,57,18,17,19,65,37,11,13,21,115,82,80,55,50,21,21,88,27,19,19,20,24,28,81,46,24,22,38,68,87,36,17,25,36,23,163,105,27,19,17,29,124,28,36,16,23,29,26
75.5,29,68,123,15,124,15,106,50,12,11,19,25,14,15,116,15,22,136,13,80,12,11,16,117,22,13,61,88,11,14,16,29,18,108,22,30,64,20,126,22,104,113,25,16,15,13,15,26,58,11,19,18,70,36,11,16,19,119,81,84,56,51,23,14,88,27,23,21,21,19,25,83,50,19,19,38,67,88,32,19,20,38,20,166,111,26,18,14,30,127,27,39,19,26,30,26
75.75,26,66,124,14,121,13,108,51,11,11,22,27,14,16,117,15,20,136,15,80,13,14,16,120,21,12,59,93,12,15,17,33,19,112,18,32,60,16,128,18,106,119,23,13,17,18,16,24,56,13,20,20,74,37,11,16,21,119,84,77,55,53,22,19,93,29,23,15,19,24,24,82,50,23,26,37,72,93,31,21,21,39,26,162,112,24,15,16,28,129,23,34,20,25,35,25
76,22,67,124,18,118,12,104,53,11,11,24,26,14,15,115,15,23,138,11,75,12,11,17,119,20,11,55,90,11,16,15,30,16,108,21,32,61,14,126,17,104,113,27,11,16,11,16,26,57,11,17,20,70,33,11,12,22,120,78,79,54,52,24,17,92,27,25,14,20,22,26,84,45,19,25,38,65,93,36,19,23,34,22,162,107,29,14,15,27,127,21,36,18,25,37,23
76.25,26,68,125,16,120,15,108,48,12,11,19,27,15,16,116,14,25,138,15,79,14,12,19,123,25,12,62,92,11,15,13,30,17,111,22,32,62,18,129,16,104,117,26,13,15,12,18,22,55,14,16,23,71,36,11,15,25,121,80,82,59,50,24,14,90,29,25,21,18,24,23,81,46,23,22,38,68,92,33,17,27,36,19,164,110,28,21,15,27,125,23,36,21,25,36,28
76.5,29,67,128,13,125,15,108,50,11,11,20,28,15,17,118,14,27,142,14,78,13,14,19,128,23,15,60,89,12,17,14,32,13,110,19,27,61,18,127,21,106,119,24,13,15,18,21,27,58,17,15,21,72,36,16,17,22,123,84,81,52,52,24,17,91,24,26,25,22,26,23,85,50,22,18,41,70,89,34,27,26,36,26,166,113,29,26,18,28,126,26,41,18,22,36,27
76.75,22,64,122,15,125,13,110,52,11,11,20,28,16,14,116,16,24,140,11,77,12,11,21,121,19,13,59,84,11,13,18,28,17,110,22,33,56,17,130,18,108,110,24,15,17,15,15,28,58,11,18,20,71,34,12,16,21,119,86,77,53,54,26,17,93,28,25,21,16,21,24,84,51,22,25,39,68,91,30,21,23,37,21,165,113,20,17,19,28,123,29,37,20,21,35,26
77,23,70,129,14,123,14,110,50,14,11,16,27,13,16,120,16,22,140,13,76,14,11,17,124,21,12,63,90,11,15,11,32,16,111,19,30,59,16,127,20,111,116,22,14,17,17,16,24,60,11,16,25,70,34,11,12,22,125,86,74,54,53,24,15,92,25,25,17,21,21,24,83,52,20,21,39,68,91,31,15,20,37,22,165,112,25,18,15,26,126,28,41,20,24,32,28
77.25,23,67,128,11,124,16,113,51,14,11,20,28,15,20,118,14,25,142,12,81,17,11,20,126,22,13,60,90,11,11,11,33,14,109,25,32,60,16,128,17,102,119,22,18,19,13,16,22,58,11,18,19,69,34,11,17,22,122,85,80,54,52,25,18,94,26,23,21,23,20,25,85,49,21,21,38,73,97,29,18,21,37,21,160,108,27,20,15,29,126,27,34,20,23,35,26
77.5,28,73,124,15,122,18,110,55,13,11,19,28,11,16,119,19,23,142,13,81,17,11,22,126,22,16,63,88,11,14,17,32,11,115,20,35,64,16,129,18,107,123,24,16,19,14,19,24,57,12,17,19,71,38,11,18,20,121,91,77,52,53,24,17,93,27,28,17,19,23,28,86,50,21,19,36,74,96,33,21,24,34,22,159,110,28,19,18,28,122,25,38,22,28,38,27
77.75,23,65,124,11,126,13,109,53,15,11,21,23,14,14,121,15,25,145,16,82,12,15,17,129,22,14,62,86,11,14,16,29,19,115,19,33,59,17,130,16,110,123,26,15,17,16,16,23,55,16,18,22,70,35,11,18,19,124,86,79,55,52,25,22,93,28,24,20,22,18,21,79,48,21,21,39,68,94,32,22,24,37,21,161,113,27,19,18,26,126,26,39,20,24,36,30
78,28,70,128,17,125,17,113,51,12,11,19,28,18,17,122,12,23,149,14,81,12,13,20,127,19,15,62,90,11,11,12,32,21,117,19,29,62,16,129,18,109,124,24,16,19,18,17,25,55,11,16,22,71,34,16,18,24,127,87,76,57,51,23,22,102,28,28,18,19,23,29,86,51,19,24,40,71,97,35,20,22,39,25,162,115,25,15,17,28,126,17,36,21,24,39,29
78.25,27,67,125,12,124,13,112,50,12,11,18,30,17,11,121,11,23,142,11,76,12,11,20,123,20,12,68,84,11,11,15,29,17,115,22,29,59,13,133,16,111,119,22,13,15,11,15,25,60,12,17,20,67,35,11,14,21,123,82,79,53,53,19,16,97,30,27,15,21,22,22,80,52,19,23,37,69,93,36,23,25,34,19,157,117,23,14,13,27,123,20,33,20,29,39,21
78.5,25,66,128,13,122,11,113,51,17,11,20,29,14,21,118,16,25,144,15,78,15,11,17,124,21,16,63,89,11,11,15,26,16,111,23,26,63,17,128,19,112,123,24,11,16,15,18,26,58,20,18,22,73,34,11,14,18,123,88,79,54,52,25,15,103,23,27,22,18,23,25,84,50,22,22,40,70,96,32,20,22,40,23,155,114,28,22,16,28,122,21,36,17,24,32,25
78.75,27,69,128,13,120,11,119,56,14,11,23,27,20,16,123,14,23,149,14,80,12,16,24,131,19,16,64,88,12,16,18,33,19,117,25,33,65,18,133,19,110,124,25,15,19,15,16,28,61,14,17,23,71,36,15,20,18,131,93,80,49,55,22,20,102,29,26,21,20,23,26,84,53,22,20,40,78,100,34,23,23,39,23,157,121,20,23,19,28,125,28,42,23,24,35,28
79,25,66,125,12,119,13,111,47,12,11,20,28,15,16,125,18,24,150,11,79,11,11,19,133,21,16,64,88,11,16,14,32,17,120,19,31,59,18,135,19,111,123,20,11,17,11,13,26,58,15,20,25,72,35,15,17,24,130,90,83,53,50,20,19,103,27,27,18,21,20,26,86,49,19,22,41,71,97,36,19,27,34,26,156,120,24,23,18,26,127,25,37,21,26,34,26
79.25,31,66,129,17,126,18,113,54,14,11,19,27,16,17,126,16,28,149,13,78,16,11,22,131,20,14,66,89,11,14,15,33,17,116,18,32,62,15,132,16,109,124,26,14,21,15,21,25,62,15,13,22,73,40,14,14,22,126,92,79,62,56,23,22,103,30,26,17,18,21,25,84,47,21,21,34,73,96,36,23,19,34,23,155,119,27,18,15,33,124,23,37,22,22,36,29
79.5,28,70,126,17,120,15,118,50,16,11,21,26,15,14,123,15,22,152,12,80,14,11,19,128,21,12,65,90,11,13,17,33,18,119,19,31,61,18,136,20,110,124,21,20,15,11,14,28,59,11,17,22,72,38,13,13,22,128,89,77,55,53,26,19,96,30,25,19,18,23,23,84,51,17,22,37,80,94,33,20,25,39,20,155,115,23,19,18,24,127,22,35,17,21,31,27
79.75,23,66,124,12,117,17,117,52,13,11,18,29,16,14,126,14,27,148,11,79,15,11,17,131,15,14,64,85,11,11,14,33,17,119,22,28,59,17,134,21,109,125,24,15,12,15,15,25,53,13,11,22,70,36,11,16,19,128,94,78,60,54,23,17,104,31,26,18,22,19,22,84,53,23,19,33,71,96,36,20,23,37,27,154,120,25,17,16,27,125,24,38,18,24,33,27
80,30,69,129,15,125,17,119,51,14,12,22,30,15,15,128,16,25,153,12,79,15,11,20,132,19,14,71,92,11,18,17,36,16,120,23,31,65,21,138,16,115,127,28,16,20,17,21,23,60,15,17,21,77,35,12,15,21,133,88,74,55,54,22,21,105,30,28,21,19,24,23,83,53,25,23,41,75,98,35,22,21,40,27,156,119,27,19,19,30,128,28,39,23,22,38,28
80.25,22,69,128,12,123,12,122,52,12,11,19,23,15,15,123,13,26,151,14,80,16,11,17,137,20,11,69,89,11,16,17,34,21,120,21,31,63,15,135,16,111,125,24,13,14,14,16,23,59,16,15,21,68,36,12,17,19,128,91,78,54,51,28,21,103,26,26,22,17,24,25,86,48,19,22,40,76,93,32,21,22,34,20,153,117,22,16,17,29,123,24,36,18,29,33,28
80.5,27,65,132,14,123,15,124,54,14,11,18,28,13,19,126,14,23,154,11,78,13,11,24,136,23,11,70,91,11,12,13,30,15,124,23,28,66,14,135,15,114,125,20,16,14,13,15,23,61,11,13,20,73,34,11,17,21,128,91,78,52,51,22,19,104,29,23,19,18,22,23,83,50,20,23,36,76,99,34,22,25,33,22,150,117,21,22,19,24,124,25,37,23,25,26,27
80.75,28,65,128,13,123,11,120,48,15,11,21,25,12,21,125,16,24,155,11,81,15,11,21,135,22,14,71,88,11,15,15,30,17,122,22,27,67,13,133,15,112,127,23,15,18,11,15,28,59,12,15,20,75,34,11,14,23,131,95,82,60,55,21,17,107,29,21,20,19,21,25,88,50,21,21,42,78,98,28,22,26,40,22,153,115,25,17,17,27,126,27,38,21,28,34,23
81,30,70,131,17,123,15,123,54,15,11,22,26,16,19,133,13,24,158,13,79,20,15,24,138,24,15,70,91,11,16,13,36,16,125,20,31,65,17,135,19,116,128,23,15,23,15,17,28,61,15,19,23,73,39,14,21,21,129,92,81,56,53,29,22,109,31,30,20,19,22,28,89,48,22,24,36,78,99,35,21,21,39,21,153,120,28,17,15,26,126,21,36,18,23,31,31
81.25,25,66,128,16,125,13,123,53,11,11,20,25,19,15,129,16,23,158,11,81,16,12,16,138,20,12,72,92,11,11,12,35,17,124,20,33,64,13,137,18,114,131,26,11,19,16,17,27,56,14,20,22,75,33,14,12,20,131,93,75,57,58,22,22,108,35,25,18,21,26,26,83,49,20,21,41,75,99,33,14,26,38,21,153,120,27,21,18,27,124,24,38,22,21,33,29
81.5,22,65,128,15,116,16,126,58,11,11,23,28,15,17,128,11,22,155,12,80,12,11,20,135,20,15,66,90,11,11,11,29,15,126,18,31,67,16,136,15,112,127,26,12,17,12,15,23,60,11,18,19,72,36,11,13,17,133,91,82,55,55,17,19,109,32,25,18,18,22,23,89,49,17,19,39,75,99,35,21,21,40,25,155,119,26,18,15,24,124,27,36,18,24,29,27
81.75,25,67,130,13,120,11,127,55,11,11,22,28,15,16,131,15,25,161,13,77,14,16,18,137,22,12,74,88,12,17,19,33,19,127,23,33,66,17,136,17,114,133,24,15,16,11,15,28,57,15,15,19,80,37,12,17,19,135,96,80,56,54,24,19,109,30,25,21,16,21,31,89,52,18,22,39,79,100,35,21,27,37,24,154,122,29,18,14,29,124,23,40,22,23,29,29
82,25,66,132,15,120,11,127,56,16,13,18,27,15,14,131,16,29,160,12,78,15,13,20,142,27,15,76,89,12,13,17,34,15,126,18,31,63,14,137,21,113,128,25,12,18,11,17,22,59,14,15,22,72,37,11,17,23,134,91,79,61,55,24,17,109,29,24,19,23,25,22,86,51,23,22,37,82,102,33,23,23,39,23,154,122,24,19,18,27,125,26,38,22,26,35,31
82.25,23,68,127,11,120,17,129,54,13,13,16,25,15,19,132,16,29,163,16,84,14,14,21,138,20,17,76,89,12,17,15,36,19,125,23,32,62,17,141,17,112,130,28,14,16,17,13,25,59,15,19,20,77,41,16,20,20,133,96,82,60,54,22,23,109,34,28,19,17,23,26,84,51,19,22,37,78,101,33,18,20,38,20,153,128,26,19,17,30,127,24,39,16,22,36,30
82.5,21,68,127,12,121,21,125,53,13,11,21,26,14,19,131,12,25,159,12,85,13,12,14,142,16,12,67,87,11,13,17,35,14,127,19,29,63,15,135,16,114,132,22,15,19,11,11,26,61,14,17,20,73,38,14,16,16,135,96,78,57,56,25,18,108,28,27,18,16,20,22,85,50,20,16,38,75,103,36,20,24,36,19,154,115,24,16,15,26,122,27,39,20,21,31,23
82.75,29,70,129,15,119,17,132,55,13,11,19,23,15,20,132,16,27,163,14,80,14,12,21,142,23,13,75,90,11,13,19,30,18,129,23,32,64,18,141,18,111,132,28,11,16,11,16,25,62,15,16,23,72,40,13,18,20,136,96,78,58,58,23,21,109,31,28,18,18,21,23,85,49,21,19,37,77,98,31,23,24,40,25,151,120,26,17,19,26,126,27,32,18,27,31,25
83,25,68,131,14,121,17,134,55,13,11,18,24,17,16,135,19,27,160,11,80,12,11,17,145,20,13,74,89,11,14,18,37,17,131,18,31,67,16,140,19,112,132,22,16,17,14,18,23,60,12,16,23,73,41,14,16,21,134,98,77,57,55,24,15,115,27,27,16,13,23,24,86,52,22,22,40,77,97,35,23,22,39,22,149,118,24,22,16,30,125,28,35,21,25,34,28
83.25,24,64,131,17,121,14,130,55,11,11,21,23,17,15,133,15,25,163,14,78,14,12,19,141,21,14,76,91,11,12,17,31,18,127,21,31,67,16,143,16,113,135,26,15,15,11,15,27,59,11,14,21,75,37,11,18,21,137,94,78,59,54,24,17,114,31,28,15,18,25,26,85,46,19,21,41,77,101,33,19,24,37,22,151,121,25,20,18,28,122,29,44,22,24,33,27
83.5,22,66,135,13,115,15,129,55,11,11,17,26,12,20,130,14,27,162,13,83,14,11,18,140,20,14,79,89,11,13,17,31,17,127,18,30,64,18,140,19,112,133,24,17,17,11,14,19,61,12,18,23,74,39,11,16,23,136,97,76,56,57,21,18,112,30,26,19,16,19,22,84,52,22,19,37,79,99,35,18,22,42,23,152,120,23,15,16,26,123,30,37,19,23,26,25
83.75,26,68,134,15,119,17,131,56,16,12,21,24,13,19,135,15,26,167,17,79,16,13,19,150,19,15,76,88,11,18,13,34,16,133,21,31,68,21,140,20,116,134,26,16,16,12,16,27,59,12,20,26,74,40,14,17,23,138,97,78,56,61,24,19,115,32,27,16,21,25,25,84,49,23,21,45,78,104,30,21,19,42,23,152,122,28,18,17,26,124,22,37,20,29,32,26
84,29,67,132,15,120,14,131,55,14,13,18,25,17,16,132,13,30,171,11,78,14,13,20,147,21,14,73,88,11,13,15,35,21,128,21,29,67,18,142,24,118,142,26,18,16,14,16,26,59,18,17,28,76,37,12,16,19,139,100,81,58,60,23,20,116,34,28,21,20,21,29,85,54,20,25,41,84,104,29,27,23,40,23,152,121,27,19,18,26,124,28,38,21,22,31,30
84.25,28,70,132,17,121,15,134,51,11,11,17,25,15,17,133,15,26,165,13,83,13,12,18,143,19,11,73,93,11,14,13,31,15,126,21,28,68,16,142,21,118,132,21,11,16,11,16,20,60,13,16,20,75,34,12,15,17,137,99,77,61,57,20,16,119,30,26,15,20,21,25,79,53,18,18,41,78,104,29,18,20,42,23,149,121,28,18,17,29,127,25,39,19,20,32,28
84.5,0,0,0,0,0,0,0,0,0,0,0,0,0,0,0,0,0,0,0,0,0,0,0,0,0,0,0,0,0,0,0,0,0,0,0,0,0,0,0,0,0,0,0,0,0,0,0,0,0,0,0,0,0,0,0,0,0,0,0,0,0,0,0,0,0,0,0,0,0,0,0,0,0,0,0,0,0,0,0,0,0,0,0,0,0,0,0,0,0,0,0,0,0,0,0,0