Hour,A1_Negative_Control,A2_L-Arabinose,A3_N-Acetyl-D_Glucosamine,A4_D-Saccharic_Acid,A5_Succinic_Acid,A6_D-Galactose,A7_L-Aspartic_Acid,A8_L-Proline,A9_D-Alanine,A10_D-Trehalose,A11_D-Mannose,A12_Dulcitol,B1_D-Serine,B2_D-Sorbitol,B3_Glycerol,B4_L-Fucose,B5_D-Glucuronic_Acid,B6_D-Gluconic_Acid,B7_D-L-a-Glycerol_Phosphate,B8_D-Xylose,B9_L-Lactic_Acid,B10_Formic_Acid,B11_D-Mannitol,B12_L-Glutamic_Acid,C1_D-Glucose-6-Phosphate,C2_D-GalactonicAcid-g-Lactone,C3_D-L-Malic_Acid,C4_D-Ribose,C5_Tween_20,C6_L-Rhamnose,C7_D-Fructose,C8_Acetic_Acid,C9_a-D-Glucose,C10_Maltose,C11_D-Melibiose,C12_Thymidine,D-1_L-Asparagine,D2_D-Aspartic_Acid,D3_D-Glucosaminic_Acid,D4_1-2-Propanediol,D5_Tween_40,D6_a-Keto-Glutaric_Acid,D7_a-Keto-Butyric_Acid,D8_a-Methyl-D_Galactoside,D9_a-D-Lactose,D10_Lactulose,D11_Sucrose,D12_Uridine,E1_L-Glutamine,E2_m-Tartaric_Acid,E3_D-Glucose-1-Phosphate,E4_D-Fructose-6-Phosphate,E5_Tween_80,E6_a-Hydroxy_Glutaric_Acid-g_Lactone,E7_a-Hydroxy_Butyric_Acid,E8_B-Methyl-D_Glucoside,E9_Adonitol,E10_Maltotriose,E11_2-DeoxyAdenosine,E12_Adenosine,F1_Glycyl-L-Aspartic_Acid,F2_Citric_Acid,F3_myo-Inositol,F4_D-Threonine,F5_Fumaric_Acid,F6_Bromo_Succinic_Acid,F7_Propionic_Acid,F8_Mucic_Acid,F9_Glycolic_Acid,F10_Glyoxylic_Acid,F11_D-Cellobiose,F12_Inosine,G1_Glycyl-L-Glutamic_Acid,G2_Tricarballylic_Acid,G3_L-Serine,G4_L-Threonine,G5_L-Alanine,G6_L-Alanyl-Glycine,G7_Acetoacetic_Acid,G8_N-Acetyl-B-D_Mannosamine,G9_Mono_Methyl_Succinate,G10_Methyl_Pyruvate,G11_D-Malic_Acid,G12_L-Malic_Acid,H1_Glycyl-L-Proline,H2_p-Hydroxy_Phenyl_AceticAcid,H3_m-Hydroxy_Phenyl_AceticAcid,H4_Tyramine,H5_D-Psicose,H6_L-Lyxose,H7_Glucuronamide,H8_Pyruvic_Acid,H9_L-Galactonic_Acid-g-Lactone,H10_D-GalacturonicAcid,H11_Phenylethylamine,H12_2-Aminoethanol
0,20,36,12,11,11,15,11,13,16,25,18,24,26,13,11,11,12,11,12,42,13,11,19,25,20,11,11,33,11,11,11,13,11,11,19,14,20,11,11,11,11,11,11,11,11,11,11,21,19,11,11,16,11,11,11,11,11,17,11,21,22,11,11,18,11,11,11,20,11,11,13,14,19,11,11,11,11,11,11,19,26,11,12,22,18,11,11,11,12,69,11,11,11,11,13,15
0.25,19,40,16,13,13,13,15,11,14,12,17,23,25,16,11,11,11,11,11,43,17,11,14,18,21,11,11,48,11,11,11,11,13,11,14,21,14,16,11,11,11,11,11,11,11,11,11,16,16,11,11,11,11,11,11,11,11,14,11,17,11,11,11,11,11,11,11,11,11,11,12,16,16,11,11,11,11,11,11,11,11,11,15,17,12,11,11,11,11,75,11,11,11,11,11,14
0.5,25,49,18,16,16,19,15,18,14,14,20,21,20,16,14,14,12,11,11,47,11,11,12,22,21,15,11,55,11,11,11,11,13,11,11,19,16,15,11,11,11,11,11,11,12,11,11,18,14,11,11,11,11,11,11,11,11,11,11,21,18,11,11,11,11,11,11,11,11,11,12,17,21,11,12,11,11,11,11,11,11,11,11,17,21,11,11,11,11,81,11,11,11,11,11,15
0.75,19,43,16,11,12,12,18,13,13,11,15,18,19,15,11,11,11,11,11,45,11,11,11,21,18,11,11,49,11,11,11,11,12,13,11,15,14,11,11,11,11,11,11,11,11,11,11,16,15,11,11,11,11,11,11,11,11,11,11,13,12,11,11,11,11,11,11,11,11,11,11,15,15,11,11,11,11,11,11,11,11,11,12,15,13,11,11,11,11,79,11,11,11,11,11,16
1,18,46,11,13,11,16,18,13,11,17,17,24,19,12,11,11,11,11,11,47,12,11,12,19,19,11,11,46,11,11,11,11,11,11,14,18,17,11,11,11,11,11,11,11,11,11,12,19,14,11,11,11,11,11,11,11,11,11,11,15,15,11,11,11,11,11,11,11,11,11,15,18,16,11,11,11,11,11,11,11,11,11,11,13,11,11,11,11,11,78,11,11,11,11,11,11
1.25,26,46,14,17,15,13,17,14,14,12,16,19,23,17,12,16,15,11,11,51,11,11,13,19,21,12,13,53,11,11,11,11,11,11,12,18,14,12,11,11,11,11,11,11,11,11,11,18,18,11,11,11,11,11,11,11,11,11,11,13,15,12,11,11,11,11,11,11,11,11,13,17,18,11,11,11,11,11,11,11,11,11,11,16,17,11,11,11,11,87,11,11,11,11,14,17
1.5,19,42,16,13,12,11,15,12,11,11,17,22,21,12,11,11,11,11,11,49,11,11,11,23,23,11,11,52,11,11,11,11,11,11,11,16,15,11,11,11,11,11,11,11,11,11,11,19,14,11,11,11,11,11,11,11,11,11,11,12,13,11,11,11,11,11,11,11,11,11,11,16,19,11,11,11,11,11,11,11,11,11,12,14,13,11,11,11,11,85,11,11,11,11,11,13
1.75,18,48,15,12,12,11,12,14,15,13,14,19,21,12,11,11,11,11,11,48,11,11,14,21,15,11,11,52,11,11,11,11,11,11,11,16,16,11,11,11,11,11,11,11,11,11,11,18,11,11,11,11,11,11,11,11,11,11,11,16,15,11,11,11,11,11,11,11,11,11,11,20,17,11,11,11,11,11,11,11,11,11,12,15,11,11,11,11,11,83,11,11,11,11,11,12
2,20,53,15,15,15,14,14,13,13,13,19,21,21,15,13,14,12,11,11,53,11,11,15,17,19,11,11,56,11,11,11,11,11,11,15,17,14,13,11,11,11,11,11,11,11,11,11,19,14,11,11,11,11,11,11,11,11,11,11,18,15,11,11,11,11,11,11,11,11,11,11,14,17,11,11,11,11,11,11,11,11,11,12,19,13,11,11,11,13,85,11,11,11,11,11,15
2.25,20,47,15,13,12,11,12,11,15,11,16,20,20,16,11,12,11,11,11,55,11,11,12,16,17,11,11,56,11,11,11,11,11,11,15,16,11,11,11,11,11,11,11,11,11,11,11,15,13,11,11,11,11,11,11,11,11,11,11,18,12,11,11,11,11,11,11,11,11,11,11,15,11,11,11,11,11,11,11,11,11,11,11,14,11,11,11,12,11,84,11,11,11,11,11,11
2.5,21,51,18,15,13,13,14,14,12,11,15,20,20,15,11,12,12,11,11,58,11,11,11,20,19,11,11,61,11,11,11,13,11,11,11,16,12,11,11,11,11,11,11,11,11,11,11,19,14,11,11,11,11,11,11,11,11,11,11,14,14,11,11,11,11,11,11,11,11,11,11,15,15,11,11,11,11,11,11,11,11,11,11,11,17,11,11,11,11,91,11,11,11,11,11,11
2.75,24,51,15,13,14,15,11,13,12,15,17,14,20,14,14,12,11,11,11,53,11,11,12,20,14,11,11,60,11,11,11,11,11,11,11,22,11,12,11,11,11,11,11,11,11,11,11,17,13,12,11,11,11,11,11,11,11,11,11,14,18,11,11,11,11,11,11,11,11,11,11,16,12,13,11,11,11,11,11,11,11,11,11,12,15,11,11,11,11,85,11,11,11,11,11,11
3,20,50,14,15,13,11,15,13,16,12,19,21,21,15,11,11,11,11,11,51,13,11,15,22,18,11,11,56,11,11,11,13,11,11,13,22,13,11,11,11,11,11,11,11,11,11,11,20,18,11,11,11,11,11,11,11,11,11,11,14,12,11,11,11,11,11,11,11,11,11,12,14,19,11,11,11,11,11,11,11,11,11,11,13,16,11,11,11,11,92,11,11,11,11,12,14
3.25,23,50,11,13,16,11,15,11,12,12,19,26,24,14,11,11,11,11,11,54,12,11,11,20,20,11,11,58,11,13,11,11,11,11,13,12,16,11,11,11,11,11,11,11,11,11,11,17,11,11,11,11,11,11,11,11,11,11,11,18,16,11,11,11,11,11,11,11,11,11,14,16,15,11,11,11,11,11,11,11,11,11,11,11,15,11,11,11,11,88,11,11,11,11,11,13
3.5,25,52,17,17,12,13,17,17,17,16,11,21,23,13,11,12,11,11,11,58,12,11,16,18,18,15,11,61,11,12,11,12,11,11,12,16,15,13,11,11,11,11,11,11,11,11,11,19,13,11,11,11,11,11,11,11,11,11,11,12,18,11,11,11,11,11,11,11,11,11,11,12,21,11,11,11,11,11,11,11,11,11,11,14,15,11,11,11,11,86,11,11,11,11,11,13
3.75,22,50,15,13,14,11,17,11,11,14,15,18,19,17,11,11,11,11,11,58,11,11,13,19,14,12,11,60,11,11,11,11,11,11,11,15,12,15,11,11,11,11,11,11,11,11,11,17,12,14,11,11,11,11,11,11,11,11,11,11,16,11,11,11,11,11,11,11,11,11,11,16,17,11,11,11,11,11,11,11,11,11,11,12,17,11,11,11,11,93,11,11,11,11,11,11
4,21,53,16,18,14,14,17,17,12,11,12,19,22,14,12,13,11,11,11,56,12,11,12,20,14,13,11,58,11,11,14,12,11,11,11,17,12,11,11,11,11,11,11,11,11,11,11,18,17,11,11,11,11,11,11,11,11,11,11,13,16,11,11,11,11,11,11,11,11,11,11,13,16,11,11,11,11,11,11,11,11,11,11,11,14,11,11,11,11,91,11,11,11,11,11,12
4.25,23,53,20,16,14,14,13,12,11,12,14,23,25,17,11,13,12,11,11,60,12,11,13,21,17,15,11,64,11,11,11,11,11,11,11,20,14,11,11,11,11,11,11,11,11,11,11,18,16,11,11,11,11,11,11,11,11,11,11,16,19,11,11,11,11,11,11,11,11,11,11,13,19,11,11,11,11,11,11,11,11,11,12,14,16,11,11,13,11,92,11,11,11,11,11,11
4.5,24,52,19,18,15,12,15,17,11,12,15,19,20,16,14,11,11,11,11,58,11,11,15,19,15,15,11,61,11,11,11,12,11,11,11,14,11,14,11,11,11,11,11,11,11,11,11,15,16,13,11,11,11,11,11,11,11,11,11,14,15,11,11,11,11,11,11,11,11,11,11,15,17,13,11,11,11,11,11,11,11,11,11,15,16,11,11,11,11,93,11,11,11,11,11,14
4.75,25,52,18,17,13,11,18,13,13,12,20,21,25,20,15,11,11,11,11,59,13,11,14,15,14,15,13,60,14,11,11,11,13,11,14,18,11,13,11,11,12,11,11,11,11,11,11,17,14,16,11,13,11,11,11,11,11,11,11,17,15,11,11,11,11,11,11,11,11,11,11,15,18,13,11,11,11,11,11,11,11,11,11,16,14,11,11,12,11,95,11,11,11,11,11,12
5,26,51,18,20,14,13,14,16,13,17,16,20,22,15,13,11,13,12,11,55,11,11,13,22,20,15,11,63,11,11,12,14,11,11,11,15,14,14,11,11,11,11,11,11,11,11,11,17,13,12,11,11,11,11,11,11,11,11,11,11,13,11,11,11,11,11,11,11,11,11,11,12,19,11,11,11,11,11,11,11,11,11,11,11,15,11,11,11,11,89,11,11,11,11,11,11
5.25,20,51,19,14,14,13,15,14,13,13,18,22,23,18,15,16,12,11,11,58,16,11,11,19,15,16,12,66,11,11,11,14,11,11,11,17,15,13,11,11,11,11,11,12,11,11,11,15,16,12,11,11,11,11,11,11,11,11,11,13,14,11,11,11,11,11,11,11,11,11,12,15,17,14,11,11,11,11,11,11,11,11,12,17,17,11,11,11,11,94,11,11,11,11,11,11
5.5,21,49,18,16,15,14,15,13,14,14,15,23,22,13,11,11,11,11,11,57,11,11,16,24,19,12,11,62,11,11,11,11,14,11,14,14,15,13,15,11,11,11,11,11,11,11,14,17,14,11,11,11,11,11,11,11,11,11,11,16,17,11,11,11,11,11,11,11,11,11,11,14,19,11,11,11,11,11,11,11,11,11,15,15,17,11,11,11,11,95,11,11,11,11,11,11
5.75,21,54,16,13,13,12,13,12,13,15,16,22,18,13,11,11,11,11,11,60,11,14,15,22,15,11,11,61,11,11,11,11,11,11,12,16,17,11,11,11,11,11,11,11,11,11,11,13,15,11,11,11,11,11,11,11,11,11,11,13,15,11,11,11,11,11,11,11,11,11,14,14,13,11,11,11,11,11,11,11,11,11,11,11,17,11,11,11,11,95,11,11,11,11,11,11
6,17,53,18,14,11,12,15,15,13,13,17,22,22,16,11,12,11,11,11,55,11,11,14,18,18,11,11,62,15,11,11,11,11,11,11,16,11,11,11,11,11,11,11,11,11,11,11,15,19,12,11,11,11,11,11,11,11,11,11,14,14,11,11,11,11,11,11,11,11,11,11,11,16,11,11,11,11,11,11,11,11,11,11,11,12,11,11,11,11,94,11,11,11,11,11,11
6.25,14,51,18,19,16,12,18,15,16,13,14,19,15,13,11,12,11,11,11,60,11,11,14,22,12,12,11,62,12,11,11,14,11,12,11,17,12,11,11,11,11,11,11,11,11,11,11,15,15,11,11,11,11,11,11,11,11,11,11,15,16,11,11,11,11,11,11,11,11,11,11,12,14,11,11,11,11,11,11,11,11,11,11,11,16,11,11,11,11,93,11,11,11,11,11,12
6.5,24,50,13,18,14,13,19,11,11,14,18,16,22,16,11,12,11,11,11,59,11,11,11,20,18,11,12,64,11,11,11,11,11,11,12,13,15,12,11,11,11,11,11,11,11,11,11,17,18,11,11,11,11,11,11,11,11,11,11,12,14,11,11,11,11,11,11,11,11,11,11,16,13,11,11,11,11,11,11,11,11,11,11,15,14,11,11,11,11,97,11,11,11,11,11,14
6.75,22,53,17,12,14,15,14,15,13,16,18,22,25,11,12,12,11,11,11,55,11,11,11,18,18,14,11,63,11,11,11,11,11,13,11,16,12,11,11,11,11,11,11,11,11,11,11,18,15,12,11,12,11,11,11,11,11,11,11,16,13,11,11,11,11,11,11,11,11,11,11,12,17,11,11,11,11,11,11,11,11,11,11,16,15,11,11,11,11,93,11,11,11,11,11,11
7,24,51,22,19,15,11,19,16,13,16,19,20,21,15,14,14,12,12,11,59,11,11,18,23,20,12,11,62,11,11,11,11,11,11,11,15,14,11,11,11,11,11,14,11,12,11,11,20,18,15,11,11,11,11,11,11,11,11,11,14,20,11,11,11,11,11,11,11,11,11,11,15,19,11,11,11,11,11,11,11,11,11,13,11,11,11,11,11,11,98,11,11,11,11,11,12
7.25,23,53,21,18,12,13,19,12,12,16,18,19,23,15,11,13,11,14,11,61,11,11,13,23,19,17,13,67,11,11,11,11,11,11,12,17,14,17,11,11,11,11,12,11,11,11,11,18,18,13,11,11,11,11,11,11,11,11,11,11,13,11,11,11,11,11,11,11,11,11,11,15,19,11,11,11,11,11,11,11,11,11,11,14,13,11,11,11,11,98,11,11,11,11,12,11
7.5,22,50,11,14,14,14,15,16,11,18,16,25,23,15,11,11,11,11,12,60,13,11,16,22,16,11,11,61,12,11,11,11,11,11,11,13,13,11,11,11,11,11,11,11,11,11,11,18,14,11,11,11,11,11,11,11,11,11,11,14,13,11,11,11,11,11,11,11,11,11,13,17,14,11,11,11,11,11,11,11,11,11,11,12,14,11,11,11,11,101,11,11,11,11,11,11
7.75,22,54,19,17,11,14,18,13,11,11,13,22,18,17,12,11,12,13,11,60,11,11,13,22,17,13,11,66,11,11,11,11,12,11,11,16,12,13,11,11,11,11,11,11,11,11,11,16,12,11,11,11,11,11,11,11,11,11,11,17,16,11,11,11,11,11,11,11,11,11,11,15,15,11,11,11,11,11,11,11,11,11,11,15,18,11,11,11,11,100,11,11,11,11,11,11
8,26,54,22,21,12,14,20,18,15,15,18,23,30,16,11,18,15,15,11,57,12,11,12,15,19,12,12,62,11,11,11,11,13,12,13,18,14,16,11,11,11,11,11,13,11,11,11,21,18,12,11,11,11,11,11,11,11,11,11,18,15,11,11,11,11,11,11,11,11,11,11,15,18,11,11,11,11,11,11,11,11,11,11,15,18,11,11,11,11,98,11,11,11,11,11,12
8.25,23,58,20,20,17,11,15,14,14,13,16,23,20,17,14,11,14,11,11,58,13,11,11,19,18,11,11,67,11,11,11,11,11,11,11,19,12,13,12,11,11,11,11,12,11,11,11,15,16,11,11,11,11,11,11,11,11,11,11,15,15,11,11,11,11,11,11,11,11,11,11,13,18,11,11,11,11,11,11,11,11,11,11,17,15,11,11,11,11,96,11,11,11,11,11,11
8.5,25,57,16,16,15,16,18,17,15,20,16,21,22,18,15,12,11,11,11,60,11,11,15,24,21,11,11,63,11,11,11,12,13,11,14,17,16,14,11,11,11,14,11,11,11,11,12,19,15,14,11,13,11,11,11,11,11,11,11,17,15,11,11,11,11,11,11,11,11,11,15,13,12,11,11,11,11,11,11,11,11,11,11,15,12,11,11,11,11,101,11,11,11,11,11,11
8.75,23,54,20,17,11,13,18,15,16,18,19,23,21,15,11,11,12,11,13,59,12,11,15,22,14,11,11,63,11,13,11,11,11,11,17,20,13,13,11,11,11,11,11,12,12,11,11,17,13,11,11,13,12,11,11,11,11,11,11,17,15,11,11,11,11,11,11,11,11,11,12,15,19,11,11,11,11,11,11,11,11,11,11,15,17,11,11,11,11,100,11,11,11,11,13,11
9,23,53,11,16,15,13,16,13,13,14,17,19,23,18,11,13,11,13,11,61,11,11,11,21,17,11,11,64,11,11,11,11,11,11,16,19,11,11,11,11,11,11,11,11,11,11,11,19,12,11,11,11,11,11,11,11,11,11,11,17,11,11,11,11,11,11,11,11,11,11,17,17,17,11,11,11,11,11,11,11,11,11,12,15,15,11,11,11,11,101,11,11,11,11,11,13
9.25,21,54,19,14,11,12,17,15,14,18,11,19,20,17,11,15,11,11,14,61,11,11,12,19,18,17,11,65,11,11,11,11,15,11,11,17,12,11,11,11,11,11,11,11,11,11,11,15,12,11,13,11,11,11,11,11,11,11,11,15,15,11,11,11,11,11,11,11,11,11,11,13,17,11,11,11,11,11,11,11,11,11,11,14,18,11,11,11,11,99,11,11,11,11,11,15
9.5,23,55,19,14,13,14,17,18,13,21,18,23,24,17,12,12,11,12,11,59,11,13,12,19,14,12,11,66,11,13,11,11,12,13,11,15,11,11,11,11,11,11,11,14,15,11,12,15,14,11,11,14,11,11,11,11,11,11,11,15,15,11,11,11,11,11,11,11,11,11,11,13,15,11,11,11,11,11,11,11,11,11,11,16,17,11,11,11,11,101,11,11,11,11,11,12
9.75,18,56,19,14,14,16,13,15,14,18,13,28,17,18,11,12,11,14,11,61,12,11,12,21,16,11,11,66,11,11,11,11,11,11,11,21,12,11,11,11,11,12,13,11,11,11,11,15,12,11,11,11,11,11,11,11,11,11,11,14,13,11,11,11,11,11,11,11,11,11,11,13,13,11,11,11,11,12,11,11,11,11,11,17,16,11,11,11,11,97,11,11,11,11,11,13
10,21,59,16,14,17,11,17,15,13,18,18,24,23,14,12,11,11,13,11,61,12,12,13,20,15,12,11,63,11,11,11,11,11,11,12,21,12,11,12,11,14,11,11,12,11,11,11,16,15,11,11,11,11,11,11,11,11,11,11,17,14,11,11,11,11,11,11,11,11,11,11,16,20,11,11,11,11,11,11,11,11,11,11,14,15,11,11,11,11,99,11,11,11,11,11,11
10.25,20,51,15,15,18,15,20,16,17,17,16,24,20,15,13,17,12,15,13,58,13,11,14,18,18,11,11,64,11,11,11,11,13,12,11,19,11,11,12,11,11,11,11,11,11,11,11,17,19,12,11,11,11,11,11,11,11,11,11,16,15,11,11,11,11,11,11,11,11,11,11,19,16,11,11,11,11,11,11,11,11,11,14,13,13,11,11,11,11,101,11,11,11,11,11,11
10.5,21,50,19,16,15,12,18,14,15,19,17,25,22,19,11,12,11,12,12,62,11,12,14,16,20,11,11,63,11,11,11,11,11,12,14,21,11,12,11,11,11,11,11,11,13,11,11,15,13,11,11,11,11,11,11,11,11,11,11,17,15,11,11,11,11,11,11,11,11,11,11,14,19,11,11,11,11,11,11,11,11,11,11,17,14,11,11,11,11,98,11,11,11,11,11,11
10.75,17,52,17,14,14,13,17,12,14,18,15,25,20,18,11,11,11,12,11,63,14,13,11,21,20,11,11,64,11,11,11,11,15,17,12,18,16,11,11,11,11,11,11,12,13,12,15,20,14,11,11,11,11,11,11,11,11,14,12,21,15,11,11,11,11,11,11,11,11,11,17,19,14,11,11,11,11,11,11,11,11,11,11,15,15,11,11,11,11,103,11,11,11,11,11,13
11,21,55,13,14,14,14,16,13,12,18,14,21,18,14,14,12,12,11,11,61,13,11,17,22,16,11,11,64,11,12,11,13,11,13,12,18,11,12,11,11,11,11,11,11,11,14,12,14,12,11,11,12,11,11,11,11,11,11,11,18,13,11,11,11,11,11,11,11,11,11,13,15,17,11,11,11,11,11,11,11,11,11,11,14,15,11,11,11,11,104,11,11,11,11,11,11
11.25,19,53,19,20,14,12,18,11,15,15,15,24,21,16,14,14,11,14,11,59,12,11,13,21,15,11,11,65,11,11,11,14,17,12,12,18,13,11,11,11,11,11,11,11,11,11,11,13,14,11,11,11,11,11,11,11,11,11,11,17,11,11,11,11,11,11,11,11,11,11,13,16,18,11,11,11,11,11,11,11,11,11,11,16,16,11,11,11,11,100,11,11,11,11,11,13
11.5,20,59,21,17,14,11,17,15,11,15,16,22,20,19,11,12,14,16,11,62,11,11,13,24,19,11,11,69,11,11,11,11,15,13,12,15,15,11,11,11,11,11,11,11,11,11,11,13,14,13,11,11,13,11,11,11,11,11,11,15,17,11,11,11,11,11,11,11,11,11,13,20,15,11,11,11,11,11,11,11,11,11,11,15,19,11,11,11,11,104,11,11,11,11,11,13
11.75,24,57,19,13,15,14,18,13,16,18,21,22,17,16,12,11,11,15,12,64,11,11,12,20,15,12,11,65,11,12,11,12,16,14,13,15,15,11,13,11,11,11,12,15,11,11,11,17,16,11,11,11,11,11,11,11,11,11,11,15,12,11,11,11,11,11,11,11,11,11,16,20,18,11,11,11,11,11,11,11,11,11,11,14,15,11,11,11,11,105,11,11,11,11,11,12
12,22,56,20,17,16,17,20,18,14,14,17,22,22,14,11,14,11,15,11,62,11,11,11,19,16,11,11,65,11,11,14,12,14,11,13,14,15,11,13,11,11,12,11,11,11,11,11,18,11,13,11,11,11,11,11,11,11,13,13,16,14,11,11,11,11,11,11,11,11,11,12,18,16,11,11,11,11,11,11,11,11,11,11,15,14,11,11,11,11,100,11,11,11,11,11,11
12.25,20,55,22,19,13,15,21,15,15,19,17,24,22,17,13,14,14,14,11,63,12,11,15,25,15,13,11,66,11,11,11,12,11,11,14,19,16,11,11,11,11,11,11,11,11,11,11,14,16,14,11,11,11,11,11,11,11,14,11,13,12,11,11,11,11,11,11,11,11,11,11,17,16,11,11,11,11,11,11,11,11,11,11,12,15,11,11,11,11,100,11,11,11,11,11,11
12.5,24,55,22,19,13,15,18,16,15,17,19,25,20,13,11,12,12,13,11,64,14,11,14,22,18,12,11,72,11,11,11,11,16,14,11,20,20,13,16,11,11,12,11,12,11,11,12,20,16,12,13,11,11,11,11,11,11,11,11,17,13,11,11,11,11,11,11,11,11,11,15,18,16,11,11,11,11,11,11,11,11,11,13,15,15,11,11,11,11,96,11,11,11,11,11,15
12.75,22,57,18,17,16,13,19,17,13,19,18,26,18,17,11,12,11,14,11,57,12,11,12,20,19,11,11,66,13,11,11,13,14,17,14,18,17,11,15,11,12,11,11,11,11,11,11,19,15,13,11,13,11,11,11,11,11,11,11,18,14,11,11,11,11,11,11,11,11,11,12,20,18,11,11,11,11,11,11,11,11,11,11,15,14,11,11,11,11,97,11,11,11,11,11,11
13,23,55,18,20,12,13,17,13,14,18,18,22,22,19,11,14,13,14,13,65,13,11,17,19,16,11,11,65,11,12,13,11,14,12,11,14,16,11,14,11,11,12,11,12,11,12,11,18,13,13,11,11,11,11,11,11,11,11,11,17,11,11,11,11,11,11,11,11,11,11,11,20,21,11,11,11,11,11,11,11,11,11,11,15,17,11,11,11,11,103,11,11,11,11,11,13
13.25,28,56,30,14,15,14,20,19,14,17,22,25,21,22,13,14,13,14,11,63,13,11,18,22,16,17,11,64,12,11,11,13,12,12,11,17,18,11,14,11,16,15,11,15,11,11,11,15,14,13,11,11,11,11,11,14,11,15,11,17,11,11,11,11,11,11,11,11,11,11,16,17,16,12,11,11,11,11,11,11,11,11,11,15,13,11,11,11,11,105,11,11,11,11,11,11
13.5,21,56,17,14,15,14,22,19,14,22,17,28,18,19,12,11,12,16,11,66,13,11,18,22,18,11,11,67,11,13,11,11,12,12,14,17,15,13,18,11,11,11,11,16,14,11,11,15,20,13,11,11,13,11,11,11,11,16,14,18,16,11,12,11,11,11,11,11,11,11,16,20,19,12,11,11,11,11,11,11,11,11,16,15,16,11,11,11,11,105,11,11,11,11,11,12
13.75,26,58,23,19,17,18,20,17,14,18,16,27,22,19,11,15,14,19,11,62,17,11,18,22,19,13,11,70,11,13,14,15,14,16,15,15,20,11,17,11,11,13,12,15,11,12,11,18,19,16,11,14,19,12,11,11,11,17,11,21,16,16,11,11,11,11,11,11,11,11,17,17,19,11,11,11,11,11,11,11,11,11,11,15,19,11,11,12,11,100,11,11,11,11,11,11
14,20,57,21,14,14,15,21,20,12,17,18,21,19,22,11,15,11,17,14,63,12,11,13,20,18,14,11,67,11,11,11,11,12,13,14,18,19,11,18,11,14,15,11,14,12,11,11,11,16,12,13,11,11,11,11,11,11,13,11,20,14,11,11,11,11,11,11,11,11,11,15,17,20,11,11,11,11,11,11,11,11,11,11,15,17,11,11,11,11,98,11,11,11,11,11,14
14.25,20,58,20,17,15,12,18,12,16,18,16,26,18,19,11,14,12,15,13,62,13,11,14,23,20,11,11,71,11,12,11,15,13,15,15,19,18,11,20,11,13,12,12,13,13,11,14,16,15,13,11,12,11,11,11,11,11,16,11,21,17,11,11,11,11,11,11,11,11,11,16,17,17,11,11,11,11,11,11,11,11,11,11,15,18,11,11,11,11,103,12,11,11,11,11,13
14.5,23,45,22,16,16,18,20,17,11,20,17,26,22,15,11,11,11,15,12,59,11,11,16,23,17,11,11,69,11,11,11,11,12,14,11,15,21,11,21,11,12,13,11,14,11,11,11,18,18,11,11,11,11,11,11,11,11,14,11,19,16,11,11,11,11,11,11,11,11,11,17,24,22,11,11,11,11,11,11,11,11,11,11,15,16,11,11,11,11,103,11,11,11,11,11,11
14.75,25,58,21,16,14,18,17,16,14,23,19,29,21,19,11,12,13,18,14,64,13,11,19,25,20,11,11,70,12,11,12,13,11,14,13,18,21,11,15,11,11,11,11,13,11,11,12,20,15,11,11,11,14,12,11,11,11,16,11,18,18,11,11,11,11,11,11,11,11,11,19,20,19,11,11,11,11,11,11,11,11,11,11,15,19,11,11,11,11,100,11,11,11,11,11,11
15,23,55,27,22,15,16,23,17,14,18,18,22,19,17,11,12,13,19,15,66,12,11,15,19,17,11,11,67,11,11,11,11,11,13,15,12,18,11,19,11,16,11,11,13,11,11,14,16,16,14,11,12,11,11,11,11,11,19,11,18,14,11,11,11,11,11,11,11,11,11,12,17,17,11,11,11,11,11,11,11,11,11,11,15,18,11,11,11,11,101,11,11,11,11,11,12
15.25,23,58,28,16,14,17,21,11,11,19,15,27,21,18,13,14,14,18,15,61,13,11,12,17,14,12,12,71,11,11,14,13,12,12,11,15,19,11,20,11,17,11,11,17,11,11,11,15,16,12,11,11,17,12,11,11,11,13,11,18,11,11,11,11,11,11,11,11,11,11,15,18,20,11,11,11,11,11,11,11,11,11,11,17,16,11,11,11,11,101,11,11,11,11,11,14
15.5,23,58,24,19,15,16,22,16,15,19,17,24,21,20,11,13,11,16,15,65,14,11,16,20,16,14,11,64,11,14,11,14,16,11,14,19,19,11,20,11,19,12,11,11,12,11,11,15,16,15,11,11,17,11,11,11,11,21,11,20,18,11,11,11,11,11,11,11,11,11,16,20,17,11,11,11,11,11,11,11,11,11,12,14,14,11,11,11,11,104,11,11,11,11,11,11
15.75,23,56,24,16,19,15,21,14,12,18,21,26,20,19,11,12,11,17,13,63,15,11,19,22,19,13,11,69,11,14,15,11,14,14,15,19,21,11,21,11,16,15,13,15,11,11,12,19,16,14,12,14,17,11,11,11,11,17,12,18,12,11,11,11,11,11,11,11,11,11,15,21,21,12,11,11,11,11,11,11,11,11,13,15,17,11,11,11,11,105,11,11,11,11,11,13
16,23,55,24,19,17,18,19,16,18,21,24,26,18,15,11,14,15,17,14,60,14,11,19,20,15,11,12,71,11,11,11,11,15,14,13,21,21,11,21,11,18,15,11,16,15,11,11,19,16,11,12,12,16,11,11,11,11,19,11,20,17,11,11,11,11,11,11,11,11,11,15,16,21,11,11,11,11,11,11,11,11,11,11,15,14,11,11,11,11,102,11,11,11,11,11,13
16.25,26,58,23,20,15,17,21,15,13,19,19,26,19,20,13,15,11,19,12,63,17,11,14,17,18,11,11,67,11,14,11,11,11,11,12,15,16,14,20,11,17,13,11,11,11,11,11,14,15,14,11,11,14,12,11,11,11,18,11,19,15,11,11,11,11,11,11,11,11,11,11,20,19,14,11,11,11,11,11,11,11,11,11,11,15,11,11,12,11,107,11,11,11,11,11,11
16.5,26,55,27,20,15,18,21,14,12,18,15,25,20,17,13,16,15,21,15,68,12,11,14,20,19,14,12,72,11,11,13,13,11,15,15,14,18,13,21,12,19,13,13,16,15,11,12,19,15,14,12,13,16,11,11,12,11,19,11,22,12,11,11,11,11,11,11,11,11,11,14,22,20,11,11,11,11,11,11,11,11,11,11,17,18,11,11,11,11,102,11,11,11,11,11,16
16.75,27,57,22,17,16,16,21,20,17,20,18,29,23,19,12,13,15,18,17,69,16,11,16,22,15,13,12,69,11,14,11,15,15,19,13,14,20,12,23,11,16,15,11,16,13,11,15,17,13,13,11,14,18,11,11,13,11,17,11,19,14,11,11,11,11,11,11,11,11,11,14,20,21,11,11,11,11,11,11,11,11,11,11,16,16,11,11,11,11,102,12,13,11,11,11,11
17,23,56,29,17,17,17,23,17,12,19,21,28,20,20,11,13,11,24,18,68,15,11,17,19,15,14,11,72,11,14,13,11,16,16,15,20,20,11,23,11,20,14,11,14,11,11,11,18,17,11,11,11,14,11,11,11,11,18,11,20,13,11,11,11,11,11,11,11,11,11,16,22,15,11,11,11,11,11,11,11,11,11,12,15,18,11,11,11,11,101,11,11,11,11,11,14
17.25,23,59,27,26,18,20,21,20,14,22,18,27,22,18,13,16,14,22,14,65,16,11,20,22,19,12,13,69,11,15,13,12,18,18,12,19,22,11,22,12,22,12,14,15,13,11,11,16,17,18,12,16,20,13,11,13,11,19,11,23,17,11,11,12,11,11,11,11,11,11,14,19,15,11,11,11,11,12,11,11,11,11,12,14,17,11,11,11,11,109,11,14,11,11,11,13
17.5,26,59,30,20,21,14,20,19,14,20,21,26,17,21,15,12,12,21,18,63,11,11,21,19,18,14,11,68,11,13,13,16,16,16,13,20,23,11,25,11,20,18,12,15,15,11,13,16,20,14,11,14,17,11,11,16,11,25,11,22,17,11,11,11,11,11,11,11,11,11,14,19,18,11,11,13,11,11,11,11,11,11,11,12,20,11,11,11,11,102,11,11,11,11,11,14
17.75,22,59,23,22,18,17,22,19,18,21,19,28,19,22,13,14,14,21,14,67,14,11,20,20,22,16,12,71,11,11,11,12,16,15,17,15,21,11,27,11,22,12,13,14,13,12,15,17,13,15,11,12,16,11,11,15,11,21,12,19,14,11,11,11,11,11,11,11,11,11,18,20,17,11,11,11,11,11,11,11,11,11,11,17,18,11,11,11,11,103,13,11,11,11,11,12
18,27,56,26,22,16,16,25,16,15,22,20,27,22,25,13,13,16,24,20,66,16,11,17,24,17,12,11,70,11,13,13,16,13,15,15,19,23,11,28,11,18,16,16,16,15,11,11,17,22,17,11,14,19,12,11,15,11,25,15,24,17,11,12,11,11,11,11,11,11,11,17,23,19,11,11,11,11,12,11,11,11,11,11,17,14,11,11,11,11,104,11,11,11,11,11,13
18.25,26,57,26,17,16,16,27,18,13,21,18,26,19,18,13,11,14,25,19,69,20,13,15,24,20,11,11,73,11,11,14,17,18,16,18,19,22,11,31,11,20,16,15,14,11,14,14,17,18,12,12,14,18,16,11,13,11,25,14,23,18,11,11,12,11,11,11,11,11,11,17,22,23,12,11,11,11,11,11,11,11,11,11,12,21,11,11,11,11,102,11,11,11,11,11,18
18.5,27,57,27,20,18,18,20,21,13,19,18,27,17,21,14,11,14,21,15,70,21,11,17,21,21,13,11,70,11,15,14,16,19,17,18,18,21,11,29,11,23,18,13,13,12,11,13,16,20,13,11,14,22,11,11,15,11,23,11,26,13,11,11,11,11,11,11,11,11,11,15,21,19,11,11,11,11,11,11,11,11,11,11,15,19,11,11,11,11,103,11,11,11,11,11,12
18.75,26,58,31,18,14,16,26,19,11,20,18,28,21,20,16,14,13,25,13,68,18,11,15,20,21,17,12,67,11,14,11,11,16,13,17,16,21,11,28,11,21,13,12,15,14,11,11,16,17,18,11,12,16,12,11,13,11,23,13,24,18,11,11,11,11,11,11,11,11,11,16,19,21,11,11,12,11,11,11,11,11,11,12,18,20,11,11,11,11,105,11,11,11,11,11,11
19,27,59,26,22,18,18,28,16,16,20,22,29,21,20,13,15,15,23,20,65,16,11,15,23,20,11,12,70,11,17,11,12,17,18,17,19,20,13,28,11,18,15,13,16,16,11,13,17,18,18,11,11,19,13,11,12,11,25,13,24,17,11,11,11,11,11,11,11,11,11,16,22,19,11,11,12,11,11,11,12,11,11,13,21,19,11,11,11,11,105,11,11,11,11,14,15
19.25,22,57,26,21,22,22,29,12,13,21,18,26,16,22,16,17,14,24,16,64,13,11,20,25,20,15,12,67,11,11,14,12,13,19,15,19,21,13,33,11,18,14,11,17,11,13,12,21,18,15,11,12,19,14,11,12,11,25,11,24,15,11,11,11,11,11,11,11,11,11,20,25,16,11,11,11,11,11,11,11,11,11,11,20,21,11,11,11,11,103,11,11,11,11,11,13
19.5,22,58,27,17,15,14,23,19,12,23,21,30,20,22,15,13,15,25,16,69,15,11,19,23,19,12,11,70,11,12,15,16,16,13,19,18,27,11,31,11,20,18,13,19,16,11,12,19,14,12,11,14,22,15,11,13,11,25,13,21,19,11,11,11,11,11,11,11,11,11,19,22,19,11,11,11,11,13,11,11,11,11,11,16,19,11,11,11,12,99,11,11,11,11,11,15
19.75,24,61,32,19,16,19,23,16,13,19,23,29,18,17,13,12,12,25,15,68,16,11,13,19,18,14,11,71,11,15,14,16,16,16,17,16,26,11,29,11,22,14,14,12,11,11,11,19,15,15,13,13,26,14,11,15,11,25,13,25,20,11,11,12,11,11,11,12,11,11,12,22,21,11,11,11,11,11,11,11,11,11,11,18,22,11,11,11,11,102,11,11,11,11,11,13
20,26,59,29,20,19,20,28,20,14,18,18,29,20,20,16,17,15,23,17,69,12,11,19,24,18,15,14,75,11,13,18,16,18,16,17,18,25,11,29,11,23,18,13,19,16,11,15,22,16,17,11,14,25,16,11,17,11,26,15,24,19,11,11,11,11,11,11,11,11,11,19,22,17,12,11,13,11,11,11,11,11,11,15,19,23,11,11,11,11,103,11,13,11,11,11,12
20.25,24,58,27,20,18,21,31,17,15,19,17,29,22,19,17,12,13,25,16,69,16,11,21,25,20,11,12,72,11,15,13,13,18,19,19,19,27,11,35,11,23,15,12,16,14,12,12,22,15,19,13,13,24,14,11,15,11,31,11,31,18,11,13,11,11,11,11,12,11,11,17,23,22,11,12,13,11,11,11,14,11,11,11,16,24,11,11,12,11,107,11,11,11,11,11,17
20.5,29,54,32,21,22,16,26,18,15,26,21,29,18,19,16,20,15,27,18,67,15,11,22,23,15,12,15,69,11,15,13,12,15,22,14,21,28,12,36,12,20,18,12,17,16,12,18,19,19,16,14,16,26,15,11,14,11,28,14,28,18,12,11,11,11,11,11,11,11,11,19,20,24,13,11,13,11,11,11,11,11,11,12,18,24,11,11,11,11,105,11,14,11,11,12,16
20.75,26,58,31,20,20,15,28,18,16,23,22,32,22,24,15,17,14,27,20,60,17,11,19,24,20,14,14,69,11,17,11,13,16,16,18,18,22,11,37,11,16,17,14,21,16,11,19,18,16,11,14,11,27,17,11,12,11,23,16,27,23,11,11,11,11,11,11,11,11,12,19,23,21,11,11,14,11,14,11,11,11,11,13,19,22,11,11,11,11,104,11,13,11,11,11,17
21,22,60,29,22,15,18,29,15,14,15,19,28,19,19,17,15,17,25,16,67,11,12,14,21,16,13,11,72,11,15,13,13,15,18,17,13,23,12,37,12,25,15,14,15,13,11,13,16,18,14,11,11,28,15,11,12,11,30,13,27,16,11,13,12,11,11,11,11,11,11,18,21,21,12,11,13,11,11,11,11,11,11,16,16,20,11,11,11,11,103,11,11,11,11,11,11
21.25,25,59,31,22,22,21,29,21,16,24,19,31,19,24,18,19,15,24,19,69,18,11,20,25,20,13,14,73,11,14,12,11,19,19,16,18,26,11,35,11,19,18,11,17,16,11,14,20,22,15,14,15,30,18,11,15,11,31,18,26,16,11,11,11,11,11,11,11,11,11,22,26,21,11,11,11,11,14,11,12,11,11,14,15,24,11,11,11,12,105,11,16,11,11,11,11
21.5,27,64,31,19,20,20,27,19,16,23,20,26,18,23,18,16,17,26,17,67,19,11,22,25,18,12,17,70,11,15,11,11,16,22,17,17,23,13,39,12,23,18,14,16,16,13,12,20,15,15,11,14,27,16,11,13,11,33,13,28,16,11,11,11,11,11,11,11,11,11,19,25,19,12,11,11,11,18,11,11,11,11,11,17,24,11,11,11,11,105,11,14,11,11,11,12
21.75,23,64,32,21,20,21,30,21,13,20,18,30,20,22,20,18,15,29,17,66,17,12,23,25,23,13,15,73,11,14,14,13,19,18,18,20,27,11,41,12,23,20,14,20,17,11,17,16,18,14,11,13,33,16,11,12,11,33,16,30,18,11,14,11,11,11,11,11,11,11,18,23,26,11,11,12,11,14,11,11,11,11,11,19,23,11,11,11,11,103,11,13,11,11,11,16
22,22,56,32,19,22,18,29,22,15,23,20,26,24,23,18,15,15,27,20,67,18,11,22,21,16,11,11,71,11,15,14,13,19,21,19,17,27,11,42,11,22,18,15,18,16,15,14,19,18,15,12,15,32,15,11,13,11,34,15,30,17,11,14,13,11,11,11,11,11,11,16,22,24,11,11,11,11,12,11,11,11,11,12,17,23,11,11,11,11,101,11,12,11,11,11,13
22.25,26,59,27,19,19,20,31,19,13,18,18,30,17,21,15,19,16,33,13,66,11,11,19,25,19,11,13,75,11,14,14,12,16,23,16,16,26,11,42,12,24,18,11,15,11,11,15,19,16,17,11,12,31,16,11,18,11,37,15,30,20,11,12,12,11,11,11,11,11,11,18,24,20,11,12,12,11,14,11,11,11,11,11,17,23,11,11,11,11,106,11,15,11,11,11,16
22.5,22,60,31,21,20,20,30,20,16,23,18,29,19,19,15,17,16,29,16,70,21,11,21,23,18,17,14,65,11,17,17,16,20,20,20,18,27,11,45,15,25,17,17,18,13,13,14,23,20,17,11,16,33,16,11,15,12,35,20,29,19,11,12,12,11,11,11,11,11,11,19,25,25,12,11,13,12,15,11,11,11,11,13,15,26,11,11,11,11,105,11,12,11,11,11,15
22.75,24,61,31,20,18,22,30,21,14,22,23,27,22,20,18,17,14,29,19,70,17,11,16,23,20,13,11,74,11,13,15,13,16,25,15,22,24,11,42,11,26,19,12,15,14,11,16,18,19,15,11,12,32,14,11,12,11,38,17,28,19,11,12,11,11,11,11,11,11,11,19,25,23,11,11,12,11,12,11,11,11,11,13,16,23,11,11,11,11,103,12,12,11,11,11,20
23,26,62,31,24,17,16,32,19,16,20,21,27,21,21,20,15,17,29,18,63,17,11,23,23,20,14,13,67,11,16,14,11,16,23,19,19,25,11,47,14,27,22,16,19,15,11,15,19,20,16,11,19,34,17,11,21,11,35,13,29,20,11,14,11,11,11,11,11,11,11,19,26,25,11,11,12,12,16,11,11,11,11,11,17,27,11,11,11,11,103,11,12,11,11,11,12
23.25,26,59,32,26,17,22,28,23,15,19,20,31,20,24,17,13,14,30,16,66,18,11,20,28,16,11,11,73,11,15,14,18,18,21,19,19,26,12,45,12,25,18,13,17,14,11,16,16,18,18,15,18,29,15,11,12,11,38,18,25,18,11,13,12,11,11,11,11,11,11,17,23,25,11,11,11,11,12,11,14,11,11,11,14,26,11,11,11,11,107,11,11,11,11,11,13
23.5,29,60,33,23,19,18,27,18,15,22,20,24,20,23,17,16,15,32,13,68,12,11,22,28,23,15,15,74,11,14,15,15,15,23,17,20,26,11,47,11,29,17,15,18,16,11,11,16,23,12,14,15,35,19,11,14,11,37,15,32,21,11,11,11,11,11,11,11,11,11,23,27,23,11,11,11,11,13,11,11,11,11,13,17,27,11,11,11,11,101,11,11,11,11,12,14
23.75,24,59,35,22,19,18,32,16,15,22,18,30,20,20,17,20,15,31,19,67,18,11,17,27,20,16,17,73,11,16,16,12,21,27,16,17,28,11,51,12,26,19,13,18,20,11,11,19,17,15,11,11,33,17,11,13,11,40,12,29,20,11,13,13,11,11,11,11,11,11,22,24,26,13,11,13,11,16,11,11,11,11,11,15,26,11,11,11,11,105,11,12,11,11,11,14
24,26,59,35,22,21,22,30,20,16,23,20,31,19,27,25,15,15,31,20,67,18,11,20,29,22,11,15,70,11,13,16,15,18,22,14,20,26,11,51,12,25,17,15,19,18,14,14,19,19,16,14,16,33,19,11,15,11,39,16,32,20,11,11,11,11,11,11,11,11,11,20,23,24,14,11,13,12,13,11,11,11,11,12,15,29,11,11,11,11,106,11,11,11,11,11,11
24.25,26,57,30,22,17,18,31,18,11,22,22,32,19,20,18,15,16,32,16,69,19,11,18,25,20,12,11,70,11,13,14,14,21,27,18,20,27,11,52,11,31,18,14,18,16,14,12,20,17,17,14,16,33,21,11,16,11,41,14,30,18,11,11,13,11,11,11,11,11,11,15,24,25,12,11,11,11,15,11,11,11,11,11,12,29,11,11,11,11,106,11,15,11,11,11,14
24.5,28,59,33,24,26,22,36,20,18,20,22,30,18,22,23,14,17,35,20,65,17,11,25,27,20,19,14,74,11,14,19,15,19,30,19,19,27,11,52,11,27,21,11,17,14,11,15,20,18,19,12,18,39,21,11,16,11,49,20,31,21,11,12,11,11,11,11,11,11,11,21,26,24,11,11,12,12,15,11,12,11,11,13,19,28,11,11,11,11,105,11,16,11,11,11,15
24.75,25,61,34,21,17,21,35,19,16,21,24,26,19,22,17,16,18,32,20,71,17,11,18,27,17,14,12,70,11,14,15,17,19,29,20,18,28,12,52,11,26,19,14,17,14,14,12,15,17,15,11,21,37,20,11,16,11,42,17,27,18,11,12,11,11,11,11,11,11,11,16,27,25,11,13,15,12,14,11,11,11,11,13,16,30,11,11,11,12,103,11,14,11,11,11,15
25,26,62,31,22,24,23,33,17,14,22,23,31,22,25,20,14,18,30,18,70,15,11,25,28,21,17,12,72,11,18,15,13,18,28,21,22,29,11,57,14,30,22,17,20,21,11,17,20,20,20,14,18,41,21,11,18,11,49,19,30,22,11,12,11,11,11,11,13,11,11,21,27,23,11,11,12,14,17,11,14,11,11,12,16,30,11,11,11,11,103,11,16,11,11,11,16
25.25,23,59,35,21,19,18,33,22,20,25,24,27,21,25,20,16,16,34,20,72,17,12,19,28,21,15,13,71,11,15,18,18,19,28,21,19,29,13,59,11,30,23,16,22,15,12,11,23,23,19,13,14,41,18,11,15,11,51,20,29,23,12,15,11,11,11,11,12,11,11,16,28,24,12,11,15,13,11,11,12,11,11,13,19,27,11,11,11,11,104,12,15,11,11,11,17
25.5,23,58,33,23,17,18,32,17,15,21,22,28,23,24,24,16,16,35,16,71,23,11,21,29,21,14,13,72,11,16,18,16,20,29,21,21,32,11,60,13,31,22,14,22,15,11,15,20,22,13,12,15,43,20,11,14,11,48,17,33,22,11,12,13,11,11,11,11,12,11,22,28,27,11,11,11,11,14,11,11,11,11,11,18,27,11,11,11,11,107,11,19,11,13,11,14
25.75,27,58,36,19,20,21,34,17,15,24,26,26,20,24,20,16,15,34,22,71,18,11,19,29,22,14,12,75,11,14,16,16,18,29,18,18,28,11,57,11,28,26,15,19,19,12,17,19,22,17,17,17,42,20,11,18,11,53,18,34,22,14,12,11,11,11,11,11,11,11,24,25,26,14,11,13,11,17,11,11,11,11,11,21,27,11,11,11,11,106,11,13,11,11,11,15
26,22,58,36,20,23,22,32,25,20,23,20,29,18,25,21,15,17,33,18,70,18,11,22,31,18,15,11,68,11,18,13,17,19,31,17,17,29,11,63,11,32,22,17,18,13,14,18,19,21,14,12,17,40,24,11,17,11,52,14,31,20,11,13,15,11,11,11,11,11,11,17,27,27,12,11,12,11,15,12,11,11,11,11,19,27,11,11,11,11,107,11,15,11,11,13,14
26.25,26,59,36,25,17,23,36,21,16,23,23,29,20,22,23,16,16,33,17,69,17,11,23,31,18,19,11,71,11,19,12,18,17,33,21,16,27,13,65,15,28,23,14,22,19,13,20,21,21,19,16,15,42,21,11,18,11,57,17,31,21,11,12,12,11,11,11,11,11,11,20,24,28,11,13,13,11,18,11,11,11,11,13,14,31,11,11,11,13,107,11,17,11,11,11,17
26.5,24,61,35,24,22,20,30,24,13,25,25,30,18,20,23,15,17,34,17,67,17,11,21,28,18,13,13,77,11,16,18,17,20,32,20,19,28,11,66,11,29,21,16,17,17,14,16,19,22,16,12,15,42,19,11,19,13,53,14,31,17,11,11,11,11,11,11,11,11,11,17,27,26,11,11,14,11,15,11,11,11,11,14,14,30,11,11,11,11,103,11,14,11,11,11,17
26.75,24,62,34,21,22,22,37,24,17,23,24,28,17,24,22,15,17,35,21,73,18,11,23,31,20,12,13,74,11,19,15,17,19,36,19,20,28,14,69,11,33,21,11,18,18,12,15,22,19,18,14,18,46,21,11,17,11,60,21,32,22,11,15,12,11,11,11,11,11,11,20,28,27,13,11,15,14,21,11,11,11,11,11,18,32,11,11,11,14,105,11,14,11,11,11,16
27,24,65,38,22,21,20,36,23,20,24,23,30,17,25,24,18,13,35,19,68,21,12,24,32,22,16,16,74,11,19,19,17,21,37,21,19,27,13,73,11,31,23,13,21,17,14,19,18,21,15,16,15,44,23,11,18,12,56,17,33,23,12,15,13,11,11,11,11,11,11,22,26,26,13,11,15,12,17,12,11,11,11,12,19,33,11,11,11,11,103,11,16,11,11,12,16
27.25,19,59,35,24,20,17,37,18,14,24,20,27,16,17,23,13,15,36,15,68,16,11,18,25,19,15,12,76,11,15,13,15,17,33,19,21,29,11,67,16,34,18,16,22,16,11,16,19,20,13,14,15,42,19,11,11,11,59,16,32,20,11,13,11,11,11,11,11,11,11,21,24,24,11,11,11,12,14,11,11,11,11,11,19,31,11,11,11,11,106,14,16,11,11,11,14
27.5,25,62,35,20,17,20,36,23,16,24,23,28,18,22,25,18,14,39,17,72,19,11,21,27,20,12,13,72,11,16,19,18,16,40,22,19,28,13,72,11,33,24,16,18,19,13,15,16,19,16,13,19,47,22,11,14,11,61,17,28,19,11,15,12,11,11,11,11,11,11,20,28,23,11,11,16,11,20,14,11,11,11,13,17,31,11,11,12,11,104,11,11,11,11,11,16
27.75,25,62,36,20,21,22,39,21,18,21,20,29,17,23,28,17,20,39,20,67,15,13,17,30,20,11,14,69,12,17,14,20,17,36,20,18,33,11,74,11,34,23,14,19,15,11,12,17,19,12,15,19,46,22,11,18,15,62,17,27,20,11,12,11,11,11,11,11,11,11,20,24,29,11,11,12,11,20,11,11,11,11,18,20,34,11,11,11,11,104,11,19,11,11,11,14
28,25,62,36,24,22,21,39,23,16,26,26,22,13,20,23,15,16,37,19,67,19,11,21,31,20,15,15,75,11,17,13,20,21,38,20,20,28,11,72,11,31,28,15,20,15,11,21,22,22,14,12,19,48,21,11,16,11,64,17,33,19,11,18,12,11,11,11,11,11,11,17,23,27,11,14,14,11,19,11,11,11,11,17,21,34,11,11,11,11,111,11,11,11,11,11,13
28.25,25,64,42,22,25,23,36,23,19,24,23,28,19,24,22,15,17,35,18,68,19,11,18,29,23,15,15,79,11,14,17,19,21,43,21,17,30,12,71,11,34,25,18,19,20,15,19,23,25,16,12,19,50,25,11,17,13,64,19,31,20,11,14,12,11,11,11,11,11,11,20,23,27,11,11,15,11,20,12,12,11,11,13,21,37,11,11,11,13,106,11,21,11,11,11,14
28.5,28,64,41,22,20,23,41,22,15,23,24,31,18,26,23,19,16,38,19,71,20,11,25,35,20,12,16,77,11,16,17,22,20,39,20,22,32,11,76,15,35,27,19,23,22,11,21,21,26,18,16,20,50,23,11,22,11,66,19,32,23,11,14,15,11,11,13,12,11,11,23,24,30,11,15,16,16,22,14,15,11,11,18,27,35,11,11,11,14,108,13,18,11,11,13,14
28.75,27,58,42,22,19,18,36,22,19,21,24,31,17,25,28,16,17,39,19,73,21,11,23,37,24,12,12,76,11,16,18,13,22,41,23,22,32,11,76,13,37,26,17,22,14,12,14,21,19,19,15,18,50,23,11,17,11,65,19,34,24,11,13,11,11,11,11,11,11,11,22,24,29,14,11,13,12,27,12,11,11,11,12,23,35,11,11,11,11,106,12,16,11,11,11,14
29,27,65,40,24,23,21,44,26,18,25,27,31,16,25,27,19,18,43,20,70,16,11,25,35,21,17,18,77,11,19,18,20,19,45,22,18,34,14,79,17,40,29,19,24,16,14,17,26,25,21,15,18,48,26,11,18,13,66,19,32,25,14,15,12,11,11,11,13,11,11,21,25,27,12,11,15,13,24,11,12,11,11,13,24,34,11,11,11,11,106,11,13,11,14,11,16
29.25,26,64,42,24,22,21,44,26,19,25,23,32,19,24,29,21,21,43,19,71,22,13,26,36,23,14,18,78,12,19,19,24,20,39,23,24,32,16,83,15,40,27,19,22,20,12,20,25,27,19,12,18,52,26,11,14,13,71,22,34,28,12,11,13,11,11,11,11,11,11,22,28,27,14,16,19,13,23,12,13,11,11,19,22,40,11,11,12,14,108,12,15,11,12,11,20
29.5,27,63,43,27,24,23,40,20,19,26,23,30,22,27,28,20,20,41,19,68,27,11,26,35,27,14,16,75,11,17,23,21,24,43,24,25,32,17,82,11,38,30,19,24,22,13,16,23,25,22,17,21,56,24,11,17,14,69,21,33,24,13,16,16,11,11,11,11,11,11,24,25,28,16,12,18,15,24,14,17,11,11,17,24,40,11,11,13,14,110,16,19,11,13,16,15
29.75,26,66,43,26,24,23,44,23,15,24,26,30,20,27,30,22,22,44,21,78,19,14,22,39,23,15,15,77,11,20,19,23,22,45,24,22,31,13,86,14,42,28,16,21,20,14,18,21,26,20,17,20,54,27,14,19,13,71,21,33,21,14,18,16,11,11,11,14,11,11,21,27,31,11,13,16,16,21,11,15,11,11,18,23,35,11,11,11,11,108,11,15,11,13,11,18
30,24,60,45,24,22,20,42,22,15,24,25,27,17,26,26,18,18,37,18,69,20,11,23,32,21,11,13,73,11,14,12,21,15,43,25,17,29,11,86,13,35,26,20,19,17,11,17,17,20,18,18,17,54,21,11,20,11,71,19,28,24,14,16,14,11,11,11,11,11,11,20,25,24,11,11,15,15,18,11,11,11,11,11,16,38,11,11,11,11,106,11,16,11,11,11,14
30.25,23,63,42,21,24,21,44,22,17,23,26,30,24,23,32,16,16,40,21,69,21,11,22,37,22,17,18,73,11,17,16,16,18,49,21,24,30,12,84,13,37,27,20,24,17,15,21,22,22,23,13,23,59,26,11,19,15,72,19,35,22,15,15,14,11,11,12,11,11,11,25,25,30,15,13,18,17,24,11,15,11,11,15,20,38,11,11,11,11,109,11,21,11,12,11,19
30.5,28,64,44,22,27,21,42,23,17,27,24,28,20,25,29,19,19,41,18,68,21,12,23,37,23,17,16,78,11,19,20,21,18,47,23,23,39,11,90,16,39,28,17,20,20,11,18,21,25,18,14,21,63,23,11,18,14,75,24,33,24,12,18,14,11,11,11,11,11,11,23,26,30,11,16,17,14,20,12,13,11,11,15,21,38,11,11,11,12,111,11,19,11,11,12,21
30.75,24,66,46,22,20,23,45,25,12,23,22,33,21,25,32,17,22,42,21,72,20,12,23,40,21,15,16,76,11,19,16,21,21,49,21,21,35,15,94,14,42,33,19,21,18,13,19,21,23,21,16,18,59,22,11,16,12,73,21,37,24,15,19,18,11,11,15,15,11,11,22,24,29,11,12,16,14,22,15,12,11,11,14,24,39,11,11,11,16,108,12,22,11,12,11,15
31,25,61,41,24,21,20,44,23,16,22,20,26,20,22,25,16,18,40,17,71,18,12,20,38,19,13,11,78,11,17,15,19,18,47,23,17,33,11,87,16,43,28,17,25,17,13,14,22,21,15,17,17,60,23,11,16,11,75,16,32,21,11,16,16,11,11,11,16,11,11,21,25,32,11,11,18,12,20,13,13,11,11,15,21,41,11,11,11,13,108,14,16,11,11,11,14
31.25,26,61,45,21,22,18,48,22,14,25,21,30,23,23,32,19,24,39,20,70,22,11,19,37,20,11,17,73,11,17,19,19,16,52,22,21,30,12,92,11,40,28,19,20,17,14,18,22,23,18,13,22,61,23,11,16,11,73,20,33,21,12,16,13,11,11,13,14,11,11,21,22,31,12,14,16,17,19,13,11,11,11,14,22,39,11,11,11,11,108,11,19,11,11,11,18
31.5,26,60,49,22,20,20,48,24,17,25,23,25,16,24,31,13,22,39,24,67,19,11,22,40,21,15,11,77,11,16,23,22,18,51,21,23,34,14,93,11,42,33,16,22,17,11,19,20,24,18,15,16,66,24,11,19,13,77,21,31,22,11,15,12,11,11,13,11,11,11,22,25,32,15,14,13,16,23,11,12,11,11,11,24,39,11,11,11,12,108,12,18,11,11,11,16
31.75,25,62,44,22,24,26,49,25,19,26,22,30,16,25,30,20,22,37,20,70,22,12,23,39,20,14,12,73,11,18,18,21,23,50,20,21,32,11,91,12,38,34,17,20,18,14,18,21,25,22,14,17,67,23,11,18,11,75,21,33,25,13,15,11,11,11,11,11,11,13,24,23,30,11,11,13,18,25,15,13,11,11,13,20,42,11,11,11,12,109,11,16,11,11,11,18
32,23,63,45,21,23,25,46,25,19,25,21,29,18,24,33,20,16,42,23,70,20,11,20,40,20,15,17,74,11,15,19,22,17,52,22,17,34,14,94,15,42,33,17,21,19,14,16,19,22,15,15,16,65,27,11,21,14,77,18,33,24,14,18,13,11,11,11,11,11,11,20,25,30,11,11,15,21,20,16,11,11,11,14,22,36,11,11,11,12,110,11,17,11,11,11,14
32.25,29,65,51,24,23,28,49,27,18,27,24,32,24,28,35,20,23,45,21,75,22,11,27,41,26,17,19,81,11,20,19,26,22,55,21,26,34,11,99,15,43,35,15,25,22,14,15,23,29,20,14,24,68,26,11,23,16,83,20,30,26,18,12,16,11,11,16,11,11,12,26,25,31,14,16,19,17,26,17,15,13,12,15,21,45,11,11,11,18,109,13,20,11,11,14,18
32.5,28,66,52,26,28,23,51,26,20,25,24,31,22,26,35,21,18,44,23,76,20,15,25,43,24,17,17,80,11,22,19,23,23,55,25,19,38,13,98,18,45,32,16,22,21,15,18,25,28,19,22,23,71,27,11,18,14,79,17,35,26,19,16,14,11,11,13,15,11,14,22,26,30,16,16,19,15,27,17,13,11,11,15,24,45,11,11,13,11,112,11,19,11,11,14,21
32.75,27,63,51,23,23,22,49,25,15,22,27,30,23,23,34,16,22,45,25,73,20,11,28,39,22,19,16,80,13,16,18,26,22,53,21,23,33,13,102,12,43,36,19,22,18,11,18,24,29,18,16,18,72,24,11,20,13,88,23,34,24,14,19,16,11,11,14,11,11,11,22,28,37,15,12,19,17,23,13,11,11,11,19,21,47,11,11,13,12,111,11,15,11,13,14,18
33,24,64,51,24,25,20,52,26,19,23,23,28,19,23,30,18,17,42,21,74,21,11,26,43,20,16,18,76,11,23,20,25,21,57,19,21,34,13,103,18,44,32,20,20,19,12,21,24,26,21,20,21,76,22,11,18,16,86,20,34,24,16,19,16,11,11,12,11,11,11,22,25,28,15,14,14,18,26,16,12,11,11,16,24,40,11,11,11,13,107,12,18,11,11,15,21
33.25,26,58,50,27,25,19,50,27,21,22,25,31,23,24,33,15,23,40,18,74,19,12,20,42,19,16,17,75,11,17,22,23,23,55,24,20,35,12,105,14,42,30,18,20,18,17,19,22,26,22,15,23,74,25,11,24,14,87,21,33,30,17,18,17,12,11,15,12,11,11,19,26,32,13,11,17,14,26,20,12,11,11,19,23,40,11,11,15,17,109,13,19,12,11,11,19
33.5,31,62,52,24,25,24,51,24,22,28,27,31,20,23,39,20,21,44,23,77,18,13,19,41,24,17,15,74,12,17,21,25,18,57,26,23,40,12,104,14,45,36,19,20,17,11,20,22,26,19,18,21,75,22,11,18,16,88,25,35,27,17,19,16,11,11,11,13,11,11,25,29,34,14,12,17,15,27,14,18,11,11,16,22,48,11,11,13,14,110,12,18,11,15,15,20
33.75,26,66,52,21,22,26,52,28,17,25,29,33,20,26,38,21,20,44,23,75,22,13,23,48,20,17,15,82,13,18,21,29,24,56,26,21,34,13,105,18,47,35,20,23,21,20,22,21,25,18,21,20,78,30,11,21,15,88,23,32,26,16,20,17,11,11,13,12,11,11,24,27,31,13,13,18,17,22,15,11,12,11,18,18,47,11,11,11,17,113,12,21,11,13,13,20
34,27,65,52,25,27,19,53,27,18,21,24,31,18,28,34,18,17,40,18,74,26,11,24,45,21,14,18,76,11,19,16,24,16,54,21,25,37,12,103,12,44,35,17,24,19,14,19,21,28,22,16,21,74,25,13,18,15,85,20,33,24,20,17,13,12,11,13,13,11,11,19,23,33,12,16,16,19,28,14,15,11,11,14,17,43,11,11,11,11,109,13,19,11,11,13,21
34.25,25,60,56,26,25,22,55,26,18,26,27,31,22,25,37,15,22,45,24,76,19,13,21,46,21,14,16,79,12,20,19,25,19,59,24,18,39,11,113,13,47,36,17,23,20,15,17,24,27,22,16,22,77,27,11,14,11,91,19,29,24,16,14,14,11,11,15,14,11,11,22,24,34,12,11,11,18,26,16,11,11,11,15,22,42,11,11,11,14,114,11,16,11,13,16,19
34.5,26,69,54,22,24,23,54,25,22,28,25,33,18,25,40,19,20,46,21,78,21,11,23,46,18,19,17,80,15,20,19,22,23,63,22,20,41,12,108,14,46,37,20,21,17,12,20,23,27,20,18,24,81,28,12,21,11,94,20,33,25,17,14,15,11,11,17,14,11,14,22,27,31,11,11,15,16,25,15,18,11,11,19,23,49,11,11,11,14,108,11,23,11,11,16,18
34.75,26,69,57,23,26,22,56,26,22,27,23,33,24,26,40,16,19,44,19,74,23,14,20,44,24,17,21,78,11,19,19,28,20,64,25,26,39,15,109,12,46,35,17,22,19,13,18,22,25,21,16,17,83,28,11,19,14,93,26,32,26,20,16,16,11,11,14,14,11,12,21,26,33,17,14,17,15,28,14,13,11,11,15,24,48,11,11,11,14,112,11,18,11,11,12,19
35,26,66,54,22,24,20,56,26,18,22,21,30,18,26,36,18,22,43,18,73,20,13,24,49,22,16,17,80,11,15,18,23,21,62,21,24,37,13,110,14,44,38,19,23,19,15,19,23,27,20,18,20,81,25,11,20,14,91,18,31,22,18,17,16,12,11,17,14,11,11,20,26,34,11,13,17,19,26,15,12,11,11,19,19,47,11,11,11,14,110,13,18,11,14,11,21
35.25,23,69,58,26,28,22,58,22,16,25,25,31,20,23,42,18,20,46,20,77,23,13,23,49,18,14,18,77,11,18,16,25,19,61,23,21,41,13,111,18,49,37,18,21,18,14,18,22,27,17,17,19,86,25,11,21,11,91,24,30,25,18,19,16,11,11,16,11,11,11,20,26,32,17,14,19,19,28,11,13,11,11,16,24,44,11,11,11,11,111,11,21,11,11,12,22
35.5,28,70,58,27,31,23,59,28,22,26,26,32,23,28,38,15,24,42,21,77,23,13,26,47,23,18,22,80,11,14,20,24,25,64,25,24,38,13,117,13,48,37,21,24,23,14,19,23,25,25,18,23,86,26,12,20,15,95,20,37,27,17,19,18,13,11,18,17,12,11,23,25,30,15,11,21,18,29,18,15,11,11,17,25,49,11,11,11,11,114,14,19,11,15,12,19
35.75,27,66,58,27,30,22,60,24,21,25,26,29,17,28,38,20,19,45,24,72,19,15,25,46,22,18,19,76,12,18,21,24,21,65,26,20,37,12,117,15,49,39,23,23,20,17,19,23,29,20,20,24,84,25,11,20,15,99,22,33,28,18,18,14,13,11,13,16,11,11,22,27,33,16,12,16,22,28,18,14,11,11,20,25,47,11,11,14,16,114,11,18,11,11,14,21
36,31,68,64,25,26,22,58,27,19,24,26,30,21,24,41,19,21,44,19,76,18,15,23,49,24,19,16,80,12,18,23,29,22,62,26,26,35,14,117,18,53,42,25,22,23,18,19,23,30,23,18,22,84,27,11,21,15,93,25,33,27,21,17,16,17,11,16,16,11,11,25,28,33,14,13,17,20,26,17,15,11,11,15,22,49,11,11,11,18,108,11,19,11,13,12,18
36.25,30,69,58,24,29,20,59,28,19,21,21,31,16,26,41,17,20,46,15,77,18,11,23,48,22,18,22,76,11,17,20,28,21,58,23,25,37,12,119,15,50,40,20,21,18,12,16,25,25,20,19,20,83,24,11,17,11,97,22,33,24,20,17,14,11,11,14,11,11,12,20,25,32,15,13,13,18,28,17,15,11,11,15,24,44,11,11,11,11,113,11,19,11,11,11,19
36.5,28,69,59,25,30,20,61,21,21,24,27,26,20,24,43,20,20,46,18,72,23,14,23,48,23,14,19,81,11,21,18,25,19,62,21,22,38,12,118,13,53,40,19,23,20,16,17,23,25,21,13,20,88,26,14,16,15,95,19,29,20,20,15,15,11,11,13,14,11,11,21,26,35,11,16,14,20,30,15,14,11,11,18,23,51,11,11,11,13,111,11,21,11,12,12,17
36.75,25,69,61,26,29,20,64,23,21,25,26,28,23,24,45,18,22,47,21,73,19,12,28,50,21,14,16,82,12,19,19,30,19,68,23,23,40,12,122,16,56,39,21,24,18,13,15,21,29,20,14,18,92,25,11,19,11,100,23,34,26,15,14,17,11,11,15,11,11,11,18,24,33,11,12,14,20,28,17,11,11,11,15,22,47,11,11,11,12,110,13,21,11,11,15,21
37,22,69,61,23,29,21,62,22,18,25,31,31,21,23,44,19,22,45,19,80,24,14,22,50,14,16,17,78,11,15,18,29,18,66,23,21,41,11,120,11,52,41,21,21,20,13,17,18,26,23,17,20,92,25,11,18,11,99,22,31,25,17,19,11,13,11,12,11,11,11,22,24,35,12,13,16,20,25,15,11,11,11,12,22,48,11,11,11,14,112,11,19,11,11,11,20
37.25,26,62,60,22,27,17,65,25,19,21,28,29,18,21,43,18,21,49,19,75,18,11,20,49,19,18,14,80,11,16,18,26,21,65,20,21,36,16,124,12,50,41,15,19,20,16,19,19,29,21,15,18,92,20,11,17,13,99,25,30,25,16,13,14,11,11,17,13,11,11,18,24,31,12,15,17,18,29,18,11,11,11,16,20,51,11,11,11,11,113,11,18,11,11,12,21
37.5,24,69,64,23,24,21,63,25,17,23,28,29,20,20,43,20,23,48,14,74,20,12,23,47,22,18,17,77,15,20,18,27,18,64,26,19,40,13,124,14,48,42,23,21,19,17,18,24,29,21,17,26,97,30,11,19,12,102,20,34,26,18,15,16,11,11,14,15,11,11,20,27,28,11,15,15,22,29,16,12,12,11,17,24,52,11,11,11,11,114,11,18,11,11,14,17
37.75,24,67,68,27,27,18,64,26,18,25,28,28,20,25,46,17,21,47,16,75,22,11,18,52,22,17,18,83,11,18,21,29,21,66,22,23,40,15,129,16,52,43,24,23,16,13,22,20,27,20,18,24,94,26,13,14,13,104,21,33,26,22,15,13,11,11,15,14,11,11,21,26,34,18,11,15,22,29,18,15,13,11,15,26,48,11,11,11,11,111,11,19,11,16,14,21
38,29,67,67,24,26,20,63,24,19,23,26,29,19,17,44,17,21,49,20,76,20,13,25,52,18,16,19,77,11,17,15,26,21,65,21,22,38,11,126,13,50,46,22,17,15,11,16,24,27,18,14,23,94,26,13,17,14,101,21,29,26,17,19,14,11,11,14,11,11,11,19,23,32,11,13,16,21,27,19,12,11,11,16,22,51,11,11,11,12,107,11,24,11,11,11,17
38.25,24,70,69,25,25,18,63,21,17,28,22,29,14,27,48,16,22,47,20,74,23,11,19,54,21,21,15,79,11,18,20,31,21,69,22,20,39,11,131,14,53,46,22,24,18,15,14,21,29,22,16,19,94,27,11,21,16,101,26,34,28,17,18,13,12,11,17,16,11,11,19,25,32,14,12,15,27,34,18,13,11,13,15,26,53,11,11,11,14,114,11,17,11,13,11,19
38.5,24,70,68,20,29,19,67,24,15,25,24,27,20,22,44,15,22,47,20,77,22,11,25,52,21,17,18,82,11,15,18,28,19,65,23,25,39,12,128,14,49,42,23,18,18,13,18,23,28,24,13,19,97,27,11,18,15,99,25,35,24,18,19,14,13,11,16,12,11,11,21,25,31,12,13,16,20,27,17,11,11,11,18,25,51,11,11,11,16,110,11,16,11,11,11,20
38.75,24,71,67,25,27,19,66,25,21,26,24,33,21,22,47,18,20,50,20,79,22,14,22,54,22,18,15,81,11,14,18,26,20,65,20,24,33,14,134,13,55,45,22,17,18,16,19,21,24,21,16,24,99,24,12,18,14,103,18,32,28,14,17,14,11,11,19,13,11,13,19,26,34,14,14,16,18,33,15,12,12,11,15,26,53,11,11,11,17,112,11,20,11,14,15,20
39,26,72,72,23,32,22,68,24,17,23,23,30,20,23,47,19,22,49,22,75,21,12,21,56,25,19,20,80,11,18,21,32,19,68,23,21,38,15,133,17,55,42,21,23,16,17,17,22,32,19,17,22,104,32,11,22,17,104,27,31,29,23,18,14,12,11,16,11,11,11,24,26,36,16,17,15,23,34,19,13,11,11,17,24,57,11,11,11,12,110,11,19,11,11,16,21
39.25,28,69,71,25,34,20,67,28,20,23,30,28,21,24,47,19,19,50,16,77,19,12,22,58,24,18,20,79,13,18,19,29,20,72,24,24,41,12,134,13,57,48,23,25,20,11,18,24,25,22,18,25,105,27,12,21,16,104,26,35,30,21,18,12,11,11,18,13,12,11,20,27,33,14,16,21,17,29,23,14,13,11,16,24,48,11,11,13,11,112,11,17,11,13,12,22
39.5,28,68,71,25,30,24,65,29,15,25,27,32,19,24,51,18,21,53,20,76,24,12,21,57,19,16,19,81,11,19,18,27,21,72,21,19,43,16,129,20,51,46,21,22,19,15,17,23,26,22,18,19,103,24,13,18,11,110,19,34,24,21,16,13,11,11,16,11,11,11,18,28,34,15,12,16,22,29,20,13,11,11,19,27,53,11,11,11,11,111,12,20,11,11,11,18
39.75,28,71,72,22,30,20,60,25,20,24,25,26,20,23,46,17,18,48,20,77,20,16,22,59,23,23,18,78,11,18,19,32,17,73,22,21,40,11,134,14,58,42,22,20,18,19,19,22,29,18,19,23,105,26,12,20,17,106,22,33,28,19,17,11,15,11,16,12,12,13,22,26,31,13,14,18,21,31,17,14,11,13,19,24,53,11,11,11,15,110,11,18,11,11,13,21
40,25,69,74,22,29,17,65,22,15,23,26,28,16,24,44,17,20,47,22,75,22,15,22,57,20,16,12,81,11,17,22,28,20,69,21,23,39,12,134,14,52,42,23,20,17,11,21,19,31,22,18,18,103,24,11,20,14,103,19,33,26,16,18,15,11,11,20,11,11,11,16,28,30,15,18,15,24,30,18,12,11,13,18,24,54,11,11,11,11,113,11,16,11,13,13,16
40.25,22,69,75,24,36,21,64,28,16,22,27,30,19,24,49,18,23,47,18,74,19,13,20,58,23,17,17,86,11,16,18,29,20,73,21,24,34,16,137,11,53,46,21,22,21,13,16,19,32,21,15,26,108,25,11,18,15,109,22,31,27,19,16,16,12,11,20,14,12,11,22,27,32,11,11,17,24,30,17,11,15,11,19,25,56,11,11,11,14,113,12,18,11,11,12,20
40.5,24,74,73,25,32,19,70,27,20,29,22,31,20,23,50,19,23,51,17,77,24,13,20,60,22,18,15,78,11,19,20,30,18,73,25,25,41,11,136,13,58,44,23,21,19,12,18,20,29,17,15,20,108,27,12,19,18,108,22,35,29,19,18,15,17,11,23,14,11,11,23,28,32,12,14,19,25,33,15,13,12,12,18,22,52,11,11,11,12,114,11,22,11,13,11,23
40.75,28,70,77,25,33,22,72,26,19,25,31,35,18,26,53,23,20,53,23,79,18,11,20,60,23,20,19,80,11,18,16,31,18,74,23,20,36,16,141,18,55,48,24,23,20,19,21,22,28,26,18,19,107,25,12,19,15,105,20,35,24,17,13,14,15,11,18,16,12,11,18,29,36,14,15,19,21,31,19,13,11,11,17,23,60,11,11,12,15,112,11,19,11,11,14,20
41,24,71,76,22,30,20,67,27,18,24,23,27,17,25,46,18,20,49,22,77,24,13,23,60,25,18,17,83,12,15,17,29,20,75,18,18,39,13,140,14,61,46,24,19,18,15,15,20,30,20,17,21,109,27,11,13,17,105,21,30,28,20,20,14,13,11,17,13,11,11,21,26,34,16,14,18,21,30,18,13,11,11,17,24,58,11,11,11,12,111,11,15,11,13,15,17
41.25,25,70,81,20,32,21,77,27,19,18,22,26,22,25,53,19,18,50,25,74,18,13,24,60,20,18,16,80,14,16,18,30,21,71,14,21,43,12,143,17,57,44,23,22,19,11,17,21,32,20,18,21,109,24,12,16,19,111,24,34,30,20,14,15,15,11,18,11,11,11,20,26,30,16,11,20,24,30,21,14,12,11,17,24,56,11,11,11,12,110,12,22,11,11,13,20
41.5,24,71,80,26,34,18,74,30,18,24,26,27,20,23,51,17,21,45,21,76,24,17,25,60,25,19,18,82,11,19,18,29,19,75,23,22,38,11,140,15,63,46,21,21,21,17,20,22,29,24,16,26,110,28,11,19,14,111,23,32,33,21,16,15,15,11,16,16,11,14,20,28,30,14,16,15,22,35,20,11,11,14,15,28,56,11,11,12,11,109,11,21,11,11,12,17
41.75,20,71,81,21,34,24,72,25,13,25,25,28,21,26,54,20,23,49,21,80,21,14,23,60,24,17,19,83,11,18,14,29,19,78,20,17,40,12,143,11,62,47,23,20,19,18,19,22,31,19,18,22,111,23,15,18,17,115,22,30,25,18,14,15,11,11,18,12,11,11,17,25,34,16,15,20,24,32,19,12,11,13,16,29,55,11,11,11,13,113,13,20,11,12,13,16
42,23,68,76,23,32,18,73,25,16,23,27,28,15,20,51,17,22,48,21,78,22,14,23,58,21,13,20,80,11,21,17,27,20,74,24,19,41,12,142,15,58,43,26,23,20,13,18,24,29,22,15,20,112,25,14,19,14,111,21,34,28,20,16,15,16,11,19,14,11,12,20,27,32,13,13,21,27,34,18,13,11,12,17,26,58,11,11,11,15,108,11,18,11,15,12,16
42.25,24,73,85,25,31,19,74,28,17,29,29,28,18,21,54,19,25,54,21,82,19,14,23,62,21,19,19,82,11,19,22,33,19,79,22,24,51,17,144,14,59,46,24,18,20,15,19,18,29,21,20,21,115,25,14,19,15,116,23,32,27,20,17,21,15,11,17,13,11,11,21,27,35,14,13,19,21,35,24,14,11,12,16,25,60,11,11,11,12,110,15,22,11,15,13,25
42.5,19,70,87,24,32,22,74,24,20,18,26,30,19,23,49,20,19,45,20,78,21,13,23,62,21,16,20,83,12,17,18,31,21,74,24,21,43,11,146,16,56,45,21,24,17,16,16,20,29,22,16,24,116,23,11,19,16,113,24,35,28,20,17,15,13,11,22,12,12,11,23,27,34,13,11,17,26,33,15,12,11,11,16,24,61,11,11,11,11,111,11,17,11,11,16,18
42.75,26,70,87,26,34,21,74,29,19,24,24,28,17,20,55,17,22,52,20,78,18,12,19,61,22,16,21,81,12,17,19,32,17,75,18,22,45,13,147,16,61,46,25,24,19,13,18,21,34,19,13,17,115,25,11,17,13,115,21,35,29,22,15,15,16,11,18,15,12,11,19,23,35,12,18,21,24,35,18,11,12,11,18,24,59,11,11,11,13,109,12,18,11,13,13,21
43,20,67,89,24,32,20,72,30,18,26,26,28,22,24,54,19,20,50,19,79,21,17,20,66,20,20,17,82,11,18,15,36,17,74,19,21,44,12,150,12,58,49,22,21,18,15,14,21,29,25,17,17,115,23,11,21,16,113,24,35,28,24,15,18,11,11,19,11,11,11,19,24,31,12,13,19,28,36,20,11,11,11,21,22,60,11,11,11,11,112,11,23,11,11,18,20
43.25,27,73,85,24,36,19,81,25,19,22,23,23,20,21,51,17,18,51,21,77,18,13,22,64,20,17,22,82,11,18,17,27,18,75,21,25,38,14,149,15,59,45,21,19,18,12,15,17,32,19,16,20,116,25,13,14,14,114,22,35,28,21,20,18,13,11,20,15,11,11,18,23,32,13,14,17,28,33,22,11,11,13,18,26,61,11,11,11,11,109,11,19,11,11,11,16
43.5,24,65,85,21,37,21,77,26,20,26,25,25,19,26,55,17,22,52,19,77,17,15,22,65,24,17,22,79,11,15,19,29,19,77,20,20,43,11,149,14,60,44,20,22,19,15,17,19,34,23,18,18,116,30,11,16,13,116,25,32,29,17,16,18,15,11,19,16,11,14,20,26,35,14,14,18,27,38,20,11,14,11,13,25,56,13,11,11,11,113,12,21,11,12,11,20
43.75,26,69,92,23,40,23,77,28,16,24,23,29,21,26,53,17,23,52,18,77,21,13,20,72,18,18,19,84,11,18,20,31,24,81,23,24,41,14,150,15,57,48,24,17,18,11,16,23,30,21,17,20,123,26,11,18,17,118,26,37,25,22,15,18,11,11,22,13,11,11,18,26,34,15,14,19,25,39,21,11,11,12,15,24,60,11,11,11,12,112,11,18,11,12,11,17
44,24,67,89,27,34,14,77,23,15,21,20,30,19,21,54,18,21,54,17,77,22,11,21,67,21,18,20,79,13,16,17,30,21,79,18,18,45,13,152,11,58,47,23,19,15,16,17,22,30,17,16,20,116,30,11,15,12,121,22,35,30,20,19,13,13,11,21,11,11,11,14,28,33,11,16,16,31,37,24,11,12,11,14,27,58,11,11,11,11,110,13,19,11,11,13,19
44.25,26,68,90,24,37,16,78,27,16,27,25,22,19,25,54,17,19,54,27,78,24,14,23,68,17,19,19,79,12,20,19,34,19,79,23,19,44,11,158,13,62,48,23,18,17,11,19,23,31,20,14,22,118,27,11,16,12,118,21,33,29,21,17,18,13,11,18,12,11,12,24,25,33,14,15,21,30,37,20,12,11,11,15,27,61,11,11,11,11,112,11,18,11,14,14,18
44.5,24,71,91,19,35,14,76,21,13,20,26,25,16,22,55,18,21,49,20,79,22,11,19,67,17,16,19,81,11,14,16,27,18,77,18,20,45,13,158,14,64,46,21,17,16,12,18,21,30,18,14,24,121,27,11,19,14,121,27,32,30,23,13,15,14,11,15,13,11,12,14,28,32,11,15,17,27,37,19,11,11,11,15,28,58,11,11,11,11,113,11,21,11,11,11,19
44.75,24,71,94,25,41,17,77,25,20,25,27,26,20,24,54,17,23,53,18,77,21,11,20,65,19,16,19,79,14,16,19,30,20,76,19,21,42,13,160,17,63,45,25,18,20,11,17,22,28,20,15,17,121,21,15,18,14,120,22,31,24,22,18,11,16,11,14,11,11,12,19,28,34,16,13,16,27,35,20,11,11,13,14,28,61,11,11,11,11,111,12,22,11,12,15,20
45,22,71,93,23,39,19,84,26,16,24,24,31,22,23,60,15,20,54,20,77,21,11,19,68,21,25,21,76,11,19,17,32,16,80,20,18,44,14,158,16,60,47,21,16,11,13,18,18,34,19,13,18,120,26,11,18,13,120,23,32,27,18,17,12,14,11,16,11,11,11,15,24,32,11,11,14,31,31,21,13,11,11,14,23,62,11,11,11,11,118,11,15,11,12,14,19
45.25,22,69,96,18,38,19,79,27,16,23,21,28,20,22,60,16,17,53,19,76,20,13,24,71,21,16,20,80,14,19,19,32,18,79,19,20,45,14,157,13,62,47,23,19,14,13,15,21,32,19,17,17,123,24,13,17,15,123,24,38,27,18,18,17,15,11,20,16,11,11,19,30,34,16,15,20,32,35,23,11,12,13,13,28,61,11,11,11,11,111,11,20,11,14,15,21
45.5,27,67,100,19,38,21,82,24,17,26,23,27,15,22,57,20,20,53,19,77,15,11,21,67,19,20,19,78,11,14,19,29,18,77,19,20,46,12,158,14,62,48,24,18,15,15,15,23,31,22,16,20,124,24,14,17,11,126,21,32,27,22,17,15,16,11,21,11,11,11,16,25,33,15,14,19,26,36,23,11,11,11,17,28,62,11,11,11,11,113,11,22,11,11,12,26
45.75,20,66,100,22,37,17,81,24,18,24,23,27,17,21,61,19,20,55,15,79,21,12,18,70,19,18,20,80,11,19,17,28,20,80,19,20,43,14,159,15,63,51,19,20,19,12,15,22,33,21,13,22,125,22,12,17,14,123,22,32,27,19,14,12,17,11,19,12,11,11,21,27,28,14,13,20,29,39,18,11,11,16,15,27,60,11,11,11,11,111,11,19,11,11,11,21
46,22,69,98,25,41,19,84,25,15,26,26,29,17,21,53,17,23,56,21,77,20,11,22,71,22,17,20,81,12,17,17,30,18,80,23,21,42,11,159,14,62,46,24,19,20,17,18,21,30,23,17,17,126,26,11,13,16,126,19,35,28,19,16,17,17,11,20,13,11,13,19,27,31,13,13,17,28,39,20,12,12,12,18,29,63,11,11,11,11,114,11,23,11,11,13,21
46.25,22,71,105,23,39,20,86,23,19,24,28,32,18,22,60,17,21,53,21,82,18,12,20,73,22,19,17,86,11,19,14,32,19,81,19,22,45,14,162,11,60,48,27,20,20,16,14,17,38,24,18,21,124,29,11,16,12,125,23,37,28,22,17,17,15,11,22,11,11,11,21,27,35,19,15,24,31,39,21,14,11,15,16,29,65,11,11,12,11,115,11,21,11,11,18,21
46.5,24,73,102,25,39,20,84,30,17,24,24,25,20,25,58,21,20,53,20,80,24,13,22,75,21,22,24,81,11,17,18,35,18,80,24,22,46,14,166,15,63,45,24,22,13,11,19,22,31,20,13,21,125,24,16,19,15,125,23,33,27,25,18,19,16,11,21,17,11,12,17,28,33,11,17,19,30,37,24,12,12,11,15,27,67,11,11,11,11,111,11,23,11,11,15,19
46.75,26,72,105,26,42,22,84,25,16,26,24,27,23,26,59,18,20,53,17,82,20,15,27,73,22,23,22,82,11,15,15,36,20,84,19,24,45,13,161,11,63,48,25,20,17,14,19,24,36,17,15,20,131,28,11,17,16,127,24,37,28,22,16,17,13,11,21,16,13,11,22,27,34,17,14,19,29,41,22,12,11,17,21,33,62,11,11,11,11,112,11,23,11,11,15,22
47,22,69,105,25,45,18,88,26,20,23,26,30,15,21,60,13,22,54,19,78,17,13,19,72,22,15,22,83,11,18,17,32,16,78,18,21,46,16,166,12,62,52,24,20,17,16,13,20,36,17,15,17,130,22,12,15,13,130,23,34,27,23,18,18,14,11,18,11,11,11,17,25,34,11,13,16,31,36,19,14,13,14,19,23,62,11,11,11,11,112,11,18,11,11,11,23
47.25,23,68,108,21,45,16,90,28,19,26,22,27,20,24,60,16,24,55,20,81,21,13,21,74,19,15,20,87,11,14,20,34,19,82,16,21,47,14,165,15,60,50,25,21,14,15,17,20,35,20,18,19,128,25,11,18,16,134,22,38,28,25,14,19,14,11,16,13,11,13,17,26,31,11,13,17,32,36,21,13,11,13,15,27,62,11,11,11,11,111,11,19,11,11,13,18
47.5,20,71,109,23,43,14,89,24,13,25,25,27,18,23,60,17,23,54,20,77,17,12,21,74,21,15,16,87,11,16,17,30,17,86,18,20,46,12,170,13,61,53,24,18,18,11,15,21,34,17,16,20,127,26,13,18,16,132,26,33,30,22,15,18,15,11,19,11,11,11,22,32,34,11,11,19,33,41,21,11,11,13,19,22,65,11,11,11,14,113,11,20,11,11,13,18
47.75,31,71,111,23,44,17,83,31,18,26,29,28,20,28,60,16,21,58,20,78,22,15,18,74,23,21,21,83,11,18,19,33,19,84,22,20,45,17,170,15,68,53,25,26,17,16,14,19,35,18,15,24,131,27,14,16,18,129,25,32,26,25,16,16,17,11,18,11,11,15,20,28,34,13,13,20,29,40,21,11,11,12,18,29,67,11,11,11,12,113,13,20,11,11,16,22
48,21,72,114,22,41,23,85,25,15,20,25,25,18,20,57,17,18,55,22,78,19,11,17,79,20,13,21,84,11,16,16,32,20,82,22,22,42,12,171,17,62,56,25,20,14,14,20,20,34,21,20,19,130,24,11,17,18,133,24,35,25,25,14,14,14,11,18,11,11,11,16,27,35,11,15,14,32,37,20,12,13,11,14,29,67,11,11,11,11,109,12,21,11,11,12,19
48.25,27,70,119,24,46,19,89,26,18,22,26,27,20,30,62,21,22,57,20,80,19,12,24,78,25,19,20,84,14,15,19,37,21,84,22,22,45,12,174,13,63,54,26,22,20,18,15,21,37,19,17,22,133,28,12,16,16,132,24,36,34,27,21,14,19,11,21,11,13,17,20,30,34,12,16,20,32,41,23,11,15,14,17,30,69,11,11,11,11,114,12,21,12,12,15,21
48.5,20,70,116,18,46,18,89,27,16,19,22,25,16,24,59,17,20,55,20,82,18,11,20,77,23,19,25,83,11,17,18,29,19,86,19,24,44,11,170,15,64,48,22,21,16,13,16,20,32,18,17,18,131,24,11,16,13,135,24,36,24,24,17,15,14,11,17,11,11,12,21,25,35,11,13,20,32,43,24,13,14,11,16,27,62,11,11,11,11,112,11,18,11,13,14,17
48.75,24,70,116,23,42,20,89,22,16,21,26,21,17,21,62,17,21,56,17,82,19,13,22,79,22,19,24,83,11,13,17,29,19,87,22,25,48,15,172,14,62,54,26,18,16,14,15,21,35,20,13,22,131,25,11,15,16,136,27,32,30,24,16,17,14,11,23,16,11,13,21,26,31,12,11,17,33,38,20,12,13,11,19,29,65,11,11,11,11,114,11,23,11,11,13,23
49,26,68,119,22,48,22,88,22,18,29,25,27,16,24,63,17,17,55,17,79,16,11,22,79,21,19,26,85,13,20,16,31,19,87,22,21,44,14,174,14,61,57,22,17,17,15,18,23,34,17,18,22,133,28,11,14,13,134,25,34,29,21,17,16,16,11,21,13,11,11,18,28,34,15,14,19,33,39,24,11,15,16,16,29,66,11,11,11,13,112,11,18,11,11,12,20
49.25,31,74,122,26,47,24,92,27,20,28,32,30,22,26,71,20,25,61,24,86,20,14,24,84,24,24,25,84,14,22,20,35,22,87,23,21,45,18,174,17,64,60,28,24,24,18,13,25,42,20,23,22,138,33,15,22,17,138,28,39,32,28,23,22,19,12,26,19,11,13,25,29,39,16,21,25,35,45,26,15,11,18,20,33,77,11,11,11,16,112,15,20,13,13,16,20
49.5,27,74,125,24,46,21,93,34,23,28,23,30,23,27,67,20,22,59,21,83,20,15,22,77,23,21,23,86,14,16,20,36,18,89,23,24,48,13,177,18,69,52,27,20,21,21,19,22,37,20,19,23,140,34,15,20,18,142,29,33,30,26,17,22,19,11,22,17,15,11,25,27,38,13,15,21,34,44,24,12,20,17,16,29,67,12,11,14,12,113,12,25,12,13,13,28
49.75,23,72,125,23,51,17,96,28,19,26,26,28,16,24,66,21,22,58,23,81,22,16,23,82,25,21,25,88,13,18,20,33,19,87,22,24,53,13,177,15,66,53,25,21,20,13,17,20,36,23,19,22,135,30,16,17,17,136,29,37,32,30,18,17,20,11,22,12,11,11,24,30,36,12,19,23,34,43,24,15,15,14,19,31,70,11,11,11,11,113,11,22,11,14,13,25
50,24,68,130,25,52,21,94,28,18,28,23,32,20,20,68,17,20,57,20,78,18,11,17,82,18,19,26,81,11,19,18,32,18,89,24,23,48,11,174,14,64,54,23,18,18,15,17,20,35,19,18,22,137,26,11,13,15,140,31,34,28,27,15,19,22,11,17,12,12,12,18,27,28,13,15,22,32,49,29,16,12,15,17,29,68,11,11,11,11,109,11,21,11,11,14,20
50.25,25,74,130,24,51,20,91,29,21,23,23,29,20,26,67,17,21,60,21,86,20,14,22,84,23,16,25,85,11,20,18,34,21,88,19,19,45,12,179,16,65,55,28,23,16,16,21,21,36,21,12,21,136,26,12,19,16,140,27,39,31,29,20,18,22,11,24,11,11,13,20,25,38,16,16,22,31,41,26,11,14,20,20,31,75,11,11,11,11,112,11,23,11,11,13,22
50.5,29,69,131,24,51,24,100,32,20,24,29,31,25,24,67,23,23,60,19,83,21,16,26,78,26,16,24,85,11,22,21,34,21,90,24,21,50,14,177,16,66,60,28,20,23,17,18,24,41,20,20,20,140,27,13,21,15,140,28,39,35,27,20,19,22,11,25,12,11,15,23,33,37,13,18,21,35,45,23,13,18,18,18,35,70,11,11,13,15,113,14,22,11,11,16,21
50.75,28,69,131,25,52,23,99,31,20,27,29,28,23,27,71,19,23,61,25,85,23,18,24,89,21,23,25,86,14,17,20,38,20,89,26,22,50,18,179,18,67,53,28,23,18,19,20,20,41,20,19,21,137,28,17,19,23,140,29,38,35,32,22,19,20,11,25,17,11,14,22,30,39,16,17,23,34,42,25,13,13,15,18,35,74,11,11,11,13,114,11,25,11,14,16,20
51,26,72,130,24,52,20,99,32,19,25,26,28,21,23,72,14,25,56,20,83,17,12,25,83,22,16,26,85,11,17,21,33,19,89,23,18,48,16,180,18,72,59,27,20,17,18,18,20,35,19,18,22,137,28,13,19,19,142,24,35,34,26,18,19,19,11,21,15,12,12,23,27,35,12,14,23,32,42,25,15,12,14,16,30,71,11,11,11,11,115,11,24,11,11,13,20
51.25,26,72,135,27,59,24,97,29,18,28,27,30,24,26,69,21,23,62,21,81,22,13,26,87,21,19,29,85,13,21,20,34,22,91,24,26,47,13,182,15,70,57,27,23,20,19,19,25,37,24,19,23,140,28,13,19,16,149,30,39,35,30,23,20,22,11,24,16,11,15,20,31,37,14,16,26,37,50,25,16,16,18,16,32,75,11,11,11,12,112,11,26,11,16,15,22
51.5,23,73,133,26,62,15,100,30,21,25,23,31,17,22,70,18,22,64,23,83,18,11,23,86,24,20,24,88,14,19,19,35,19,91,26,21,48,20,183,14,67,56,27,21,21,16,16,24,39,18,17,23,138,29,12,17,15,142,28,36,32,32,18,21,21,12,27,13,11,16,23,30,36,15,17,22,37,47,27,12,17,13,17,36,73,11,11,11,15,114,15,23,11,11,21,23
51.75,22,73,140,21,55,20,99,28,18,26,28,27,20,24,68,18,22,61,21,83,23,13,20,86,21,20,24,88,12,17,19,34,19,95,18,20,52,14,182,15,68,57,25,18,19,17,17,23,37,17,16,25,142,29,13,21,14,149,26,35,33,29,19,19,19,11,22,15,11,11,21,32,33,11,14,20,34,48,24,15,12,16,14,33,76,11,11,11,11,115,11,24,11,15,16,22
52,25,69,141,26,56,20,101,29,18,27,26,27,18,22,70,19,22,59,21,82,18,13,25,87,20,21,21,89,11,19,21,32,16,93,22,26,47,14,184,16,66,63,28,23,18,15,20,22,37,21,14,21,141,27,14,15,17,148,28,38,34,29,20,17,19,11,23,17,13,16,22,29,36,14,17,23,35,45,25,14,17,20,19,35,77,11,11,12,15,113,11,24,11,11,16,24
52.25,25,71,141,26,56,20,101,28,17,24,24,29,21,26,74,17,24,61,20,88,23,14,21,91,19,21,25,88,14,17,16,35,19,97,22,23,50,15,187,18,65,61,26,23,18,18,13,25,37,23,18,20,140,28,14,20,15,148,30,37,35,24,16,17,20,11,23,16,12,13,22,30,38,11,17,22,33,46,22,14,14,18,19,34,78,11,11,11,13,114,14,29,13,11,17,24
52.5,24,72,142,23,56,22,101,32,21,26,28,29,19,26,74,20,23,60,20,80,23,18,22,90,22,20,28,85,11,18,20,37,24,95,21,24,51,14,185,13,65,58,26,21,18,15,16,22,37,19,21,20,140,26,17,21,18,150,31,34,35,29,20,18,23,11,23,16,13,11,24,25,37,17,15,24,36,45,23,11,14,19,16,37,73,11,12,14,12,112,13,22,12,11,15,23
52.75,26,74,144,22,56,20,103,26,19,26,25,28,20,24,75,19,21,61,17,83,23,11,21,92,22,17,26,81,12,20,18,34,22,97,21,22,48,15,187,11,65,58,28,20,19,19,18,22,37,18,16,20,140,34,11,18,18,146,27,36,33,27,20,17,20,14,22,12,11,11,19,27,32,13,15,23,35,49,21,14,16,18,13,35,77,11,11,11,11,112,11,22,11,11,18,22
53,28,71,146,25,64,13,101,30,16,28,28,28,17,24,72,21,20,59,21,83,22,13,25,92,22,18,28,84,12,17,22,34,19,96,19,25,48,18,190,18,66,60,29,18,18,18,17,23,36,20,16,24,143,31,11,17,15,148,29,40,36,32,20,23,20,11,23,14,13,15,21,29,38,15,17,25,34,42,26,11,12,17,18,35,78,11,11,11,12,116,11,24,11,11,17,21
53.25,23,73,148,23,57,20,102,28,15,28,27,27,20,23,73,18,24,61,21,81,16,16,22,85,22,20,24,85,12,20,23,35,22,97,19,21,47,15,186,15,69,57,25,22,17,15,21,18,38,19,17,23,141,25,16,19,16,148,28,35,35,29,22,19,24,11,26,12,11,13,22,29,32,17,12,23,32,50,22,15,13,15,18,31,80,11,11,11,11,114,11,25,11,11,13,24
53.5,23,71,147,24,60,17,107,27,22,26,26,31,17,19,75,20,22,61,18,85,18,13,24,89,18,20,21,86,13,16,21,34,17,94,18,20,50,16,185,16,71,59,26,22,19,12,15,20,36,24,18,22,143,28,13,17,16,152,30,38,31,28,17,19,16,11,21,11,11,15,21,29,32,14,15,22,34,46,26,13,15,14,15,37,75,11,11,11,12,113,11,23,11,12,16,23
53.75,23,72,150,24,58,19,101,25,21,25,27,26,17,22,75,18,27,63,20,85,18,15,21,90,21,18,27,86,15,16,20,33,17,95,20,23,49,16,187,17,70,58,27,23,19,18,16,22,40,23,16,21,147,33,11,17,15,153,31,38,33,28,20,19,22,11,22,14,11,12,18,28,35,14,14,22,35,47,22,15,16,15,19,32,78,11,11,11,12,115,14,22,11,13,17,24
54,24,71,154,23,62,14,101,29,23,23,28,30,19,24,76,21,22,60,18,80,19,14,18,91,25,19,28,85,11,20,14,37,20,99,21,25,51,14,187,15,66,59,26,21,19,16,15,21,40,20,21,23,147,25,13,19,19,154,29,36,33,31,20,19,18,12,21,14,11,15,16,28,36,11,15,23,38,49,25,17,12,15,15,37,83,11,11,11,13,115,12,23,11,15,14,19
54.25,23,71,156,26,62,19,106,27,19,20,26,27,20,24,78,18,23,62,23,83,22,13,20,90,21,21,28,89,11,22,16,36,20,91,21,21,53,15,188,19,67,60,26,19,17,16,19,20,39,17,19,23,145,34,11,20,17,154,29,36,37,30,18,21,23,11,25,14,13,15,22,24,35,16,13,23,37,48,22,14,15,12,19,37,78,11,11,12,12,118,11,21,11,11,21,27
54.5,29,72,157,26,67,19,104,30,22,29,27,28,25,27,71,22,24,64,25,82,20,19,22,93,25,22,28,89,14,17,20,35,24,103,24,26,52,15,194,14,68,59,27,25,19,16,18,22,39,22,18,22,146,31,15,19,19,153,31,33,36,30,25,23,24,11,26,17,11,17,20,30,37,14,18,26,36,49,27,14,18,18,20,39,80,11,11,11,12,115,11,27,13,13,15,20
54.75,25,71,158,23,62,19,108,29,22,26,28,29,22,23,76,20,20,62,22,85,21,14,20,94,25,19,30,90,14,19,20,38,21,94,23,27,53,13,190,14,68,64,30,22,19,15,18,21,38,22,19,24,145,30,15,19,17,161,27,38,32,31,22,20,21,11,23,12,11,15,20,30,42,15,19,27,34,44,27,17,18,19,19,36,80,11,11,11,13,112,11,22,11,11,18,24
55,22,72,156,23,63,20,107,28,19,32,31,31,22,31,74,17,21,62,22,82,25,14,23,96,23,22,30,86,14,15,18,36,21,98,20,21,48,16,190,20,68,59,24,22,22,13,16,19,39,17,16,23,144,31,11,17,13,154,26,38,34,31,19,21,21,11,24,16,12,15,18,30,38,16,18,23,37,46,24,14,15,18,15,36,80,11,11,11,12,114,12,20,12,11,16,24
55.25,25,71,162,23,64,21,109,26,19,23,25,25,21,25,79,17,25,62,23,82,18,15,25,97,22,17,31,86,11,21,18,36,22,99,20,24,50,14,188,16,66,61,30,19,19,17,20,20,38,25,17,22,145,33,15,19,20,160,28,36,37,28,23,23,19,11,27,11,11,12,20,33,38,17,20,24,33,50,28,13,12,19,16,39,82,11,11,11,13,117,11,25,11,11,18,23
55.5,23,70,164,23,67,20,111,28,21,26,26,28,19,25,76,20,23,64,20,80,19,14,25,95,21,24,29,87,11,21,23,35,21,99,23,26,48,16,193,18,66,59,28,21,20,16,18,23,39,17,21,20,148,29,11,22,17,160,25,38,31,27,21,20,25,11,30,12,11,14,19,31,34,14,16,25,37,52,26,15,17,14,17,39,85,11,11,11,11,112,12,22,11,18,13,22
55.75,28,70,165,24,69,18,110,34,23,27,28,26,18,27,79,18,23,66,19,82,22,15,25,100,24,24,28,85,12,16,20,34,24,101,21,21,53,18,194,16,68,63,25,20,17,15,17,20,40,23,16,22,145,28,14,18,16,160,30,37,33,30,21,20,19,11,23,16,11,14,22,31,37,16,15,26,42,47,24,11,15,17,16,39,81,11,11,11,11,117,11,23,11,12,15,28
56,27,71,170,22,65,24,110,31,25,25,29,29,19,24,78,18,21,64,19,82,20,13,19,96,24,19,28,84,13,20,18,34,16,100,24,24,53,19,193,19,67,63,29,21,20,14,18,26,40,19,18,25,145,31,15,18,18,160,29,42,36,32,20,22,20,11,25,16,15,14,24,30,38,16,17,23,36,48,26,11,16,11,16,39,82,11,11,11,13,116,11,24,11,16,17,21
56.25,21,72,164,25,69,18,110,26,24,25,24,26,16,22,79,19,21,62,19,84,23,16,21,100,18,17,32,84,11,16,17,35,23,101,20,21,55,16,194,11,66,65,28,19,15,12,22,22,42,20,13,22,142,27,12,13,13,164,31,37,34,31,21,19,17,11,22,11,11,11,15,28,35,14,18,24,33,45,21,11,14,16,16,37,76,11,11,11,12,113,11,25,11,11,20,28
56.5,22,75,171,24,66,19,115,30,19,22,26,24,18,22,78,21,26,65,22,84,23,13,26,97,22,23,24,86,14,20,21,32,19,100,18,26,53,20,194,19,63,66,28,18,17,12,16,19,42,20,20,21,144,30,14,20,12,166,26,38,31,29,20,24,21,11,28,14,11,11,21,32,33,13,17,20,36,46,26,12,12,18,17,40,79,11,11,11,11,115,11,22,11,12,14,23
56.75,25,70,170,27,72,22,112,31,25,27,28,29,20,22,84,20,24,63,22,87,20,16,27,98,26,21,30,87,14,21,22,39,20,102,23,22,57,13,197,20,65,62,29,22,17,15,19,22,41,20,20,23,153,30,17,17,18,167,31,39,34,33,21,18,24,11,26,13,12,13,18,30,37,16,21,26,39,48,28,15,18,20,18,42,85,11,11,11,11,115,11,28,11,14,18,23
57,25,76,174,26,75,22,115,32,23,28,29,28,18,27,84,20,23,64,22,83,19,14,22,101,22,22,29,85,16,20,19,36,20,103,21,25,53,17,192,19,68,64,31,24,20,18,19,22,42,19,20,21,149,28,13,20,19,164,31,36,35,31,21,20,24,11,24,18,12,11,23,25,36,16,16,26,41,52,28,17,16,20,20,38,82,13,11,12,11,115,13,20,11,11,19,23
57.25,22,72,172,20,72,23,110,30,15,25,25,25,20,23,84,20,21,69,19,83,22,12,22,98,25,18,30,90,11,20,19,34,18,99,23,24,53,17,194,16,68,65,26,20,15,14,14,22,40,18,19,19,145,29,13,18,16,163,26,38,32,29,19,16,22,11,22,13,11,11,17,29,35,14,17,22,36,47,26,14,12,17,17,36,84,11,11,11,11,113,13,19,11,11,20,23
57.5,21,74,173,24,74,21,112,35,21,28,25,26,18,27,81,18,23,64,21,83,19,11,23,101,24,19,29,85,11,16,20,39,18,105,21,22,46,16,195,14,69,65,31,22,22,17,16,24,41,19,22,22,145,33,12,21,18,169,27,35,35,28,19,21,26,11,26,11,11,13,18,29,36,13,19,26,35,51,26,11,16,19,16,40,85,11,11,11,12,116,11,21,11,11,18,24
57.75,22,68,178,25,76,20,116,31,22,23,25,29,21,23,88,19,21,65,25,83,21,15,25,102,24,19,29,88,12,21,19,36,22,103,20,26,52,15,191,14,70,63,28,19,20,15,19,20,42,20,17,20,148,30,13,17,20,169,30,40,34,36,20,25,23,11,26,13,12,12,20,28,38,14,18,24,35,47,23,15,14,20,14,42,87,11,11,11,11,114,11,28,11,11,20,24
58,26,73,181,26,76,23,115,29,26,28,24,28,19,24,84,21,23,67,24,84,22,13,24,106,23,23,30,89,13,19,19,35,20,105,22,28,52,18,199,16,68,68,30,24,19,16,19,25,40,25,19,22,146,25,14,16,18,171,25,39,34,34,22,22,23,11,26,14,11,14,22,34,37,14,21,26,39,53,22,13,15,15,18,42,87,11,11,12,14,117,13,23,13,11,19,22
58.25,27,74,182,22,81,16,114,31,21,28,25,29,17,22,87,22,24,70,21,87,22,14,21,101,23,19,33,86,12,19,21,35,23,101,18,22,57,16,198,16,68,69,30,21,19,13,18,22,38,22,14,19,150,29,14,18,16,169,26,39,37,29,22,17,22,11,28,14,11,12,20,29,39,15,18,24,40,51,23,14,13,18,17,41,84,11,11,11,11,118,15,24,11,11,19,23
58.5,24,70,182,28,81,18,117,34,22,29,27,29,18,25,83,18,21,62,22,83,19,13,22,102,23,21,29,86,16,18,16,35,22,108,23,27,55,17,199,15,65,63,28,22,20,14,22,23,39,23,16,22,150,29,14,18,17,170,31,38,37,27,22,20,25,11,25,16,11,11,22,28,40,16,16,22,38,50,24,16,16,16,18,44,86,11,11,11,11,114,11,21,12,13,20,21
58.75,23,69,180,24,81,18,114,26,20,25,26,24,22,27,83,22,23,66,20,84,18,15,19,106,18,20,31,86,11,17,20,36,22,105,20,21,57,18,198,15,70,68,33,20,19,14,24,20,39,21,19,17,151,30,16,19,15,171,30,38,35,34,23,23,25,11,27,11,11,13,19,31,40,16,16,26,38,52,25,15,13,17,15,37,84,11,11,11,14,115,13,28,12,11,18,22
59,22,67,187,23,83,17,118,28,26,25,25,27,20,24,86,17,24,65,22,84,17,12,22,102,18,19,28,87,11,20,19,38,20,107,21,22,51,15,200,16,71,69,28,24,18,16,18,18,41,17,17,21,152,29,13,19,13,169,29,35,37,32,21,19,26,11,25,17,11,14,21,35,37,14,14,22,40,50,25,11,16,18,19,41,86,11,11,11,12,113,11,24,11,13,18,20
59.25,26,71,185,23,81,19,123,29,24,26,27,29,20,21,86,16,27,63,18,84,20,17,24,104,20,18,36,88,13,20,22,38,19,108,21,25,53,21,202,17,71,69,30,16,19,15,17,23,39,22,24,22,150,29,15,16,16,172,30,40,35,29,22,22,28,11,22,15,15,14,19,27,37,17,18,26,41,53,26,13,17,19,22,43,85,11,11,11,14,112,11,23,11,13,16,26
59.5,24,68,190,23,81,23,121,35,24,30,28,30,18,27,89,23,24,65,21,86,21,16,21,107,24,25,32,85,11,24,23,39,23,110,24,27,53,19,201,17,68,67,31,22,21,16,18,23,38,20,19,21,152,29,18,22,21,179,29,34,37,33,24,20,28,11,28,16,16,12,19,29,38,18,20,23,39,51,27,18,18,23,17,46,89,11,11,11,11,116,11,27,11,11,22,27
59.75,24,70,191,26,87,21,117,29,21,26,25,27,19,26,83,20,24,62,21,88,21,13,19,108,22,20,35,87,11,19,20,37,20,107,23,22,56,13,199,15,67,72,26,18,21,16,18,21,37,20,22,21,149,27,11,17,22,172,29,35,30,31,20,19,27,11,24,14,11,15,25,29,38,15,16,26,38,50,25,13,12,17,19,43,88,11,11,14,16,114,12,24,11,13,18,20
60,21,70,192,27,84,18,119,29,24,25,23,32,18,23,85,19,24,67,19,86,21,16,21,112,21,17,34,89,11,22,17,41,22,106,22,27,51,19,201,16,73,67,31,20,17,16,19,24,43,20,17,19,146,31,13,17,16,175,30,38,34,35,25,20,28,12,25,18,12,13,21,29,37,13,19,26,41,56,24,13,11,17,18,47,91,11,11,11,11,117,11,23,11,13,21,24
60.25,27,73,194,23,83,15,120,30,24,26,27,26,20,20,88,19,25,69,16,87,20,17,20,112,24,20,31,88,12,19,24,36,19,107,20,28,55,19,201,17,71,72,32,19,17,17,18,28,44,21,23,20,152,30,16,21,16,176,26,34,34,34,21,24,28,11,25,11,11,11,19,29,37,14,20,23,39,48,30,17,12,22,17,40,89,11,11,11,11,114,11,20,11,11,25,30
60.5,25,71,196,24,87,23,119,29,22,25,25,31,19,21,89,21,22,70,18,86,20,11,24,109,22,18,35,89,13,17,21,34,19,112,21,20,56,19,205,18,67,68,32,17,20,15,15,23,40,23,19,21,151,28,13,18,17,179,30,37,34,36,20,22,29,11,26,11,12,13,21,30,35,14,19,25,41,51,28,12,16,17,16,44,90,11,11,11,12,113,13,27,11,11,17,22
60.75,24,69,195,22,83,16,123,28,22,27,26,29,17,23,87,19,23,66,23,83,20,15,23,109,19,18,32,93,13,20,23,40,23,111,21,20,54,17,206,15,70,68,33,20,23,14,19,23,39,22,17,18,147,32,16,17,17,177,29,39,38,34,21,23,27,11,32,11,13,11,21,29,38,12,16,26,37,53,29,16,16,19,17,49,90,11,11,11,12,111,12,24,11,13,23,24
61,24,72,200,21,88,16,125,31,22,27,27,28,17,21,87,20,25,66,22,84,21,15,23,116,22,17,36,83,18,21,22,38,23,109,19,25,59,17,202,16,70,67,29,22,18,18,18,23,38,18,16,23,155,31,11,19,20,179,32,43,36,34,20,22,28,11,26,15,14,12,19,30,38,11,19,25,46,53,24,14,17,17,18,46,91,11,11,11,13,116,11,31,11,11,19,23
61.25,22,71,196,25,86,19,122,27,23,27,24,27,17,25,89,20,26,66,19,82,20,11,21,111,23,18,31,89,11,17,21,37,18,109,22,25,53,16,202,15,71,69,31,22,20,13,18,20,38,19,16,21,149,32,13,19,17,178,27,37,33,29,21,21,34,11,25,15,14,16,19,26,38,16,15,25,39,49,28,13,13,16,12,45,91,11,11,11,11,112,13,27,11,11,21,19
61.5,25,72,197,22,87,20,125,31,19,27,27,26,16,24,87,22,21,68,17,88,19,13,22,111,23,17,32,94,12,18,19,36,17,110,22,24,57,20,201,11,70,70,28,21,18,18,17,24,41,19,23,22,151,29,14,21,14,182,28,41,35,33,23,21,29,13,28,15,11,12,22,28,35,15,14,28,37,50,28,13,16,20,18,45,90,11,11,11,11,115,11,23,11,14,16,24
61.75,23,72,200,21,83,23,121,33,22,26,26,27,20,20,92,17,21,66,22,85,20,17,19,111,22,20,35,89,11,17,20,39,20,113,19,27,53,16,204,12,67,72,32,19,17,16,22,20,41,18,22,20,154,28,11,12,17,182,32,38,31,30,20,18,29,11,30,11,12,14,18,27,38,17,16,20,37,49,26,14,13,20,16,46,90,11,11,11,11,115,11,24,11,11,15,24
62,24,75,199,23,84,24,131,30,21,26,27,27,19,22,93,17,26,69,19,91,19,12,21,116,22,19,33,90,16,20,19,41,19,118,19,23,58,13,204,16,68,77,34,22,23,16,20,20,45,18,20,21,149,27,13,19,21,178,29,38,35,32,22,25,27,11,24,12,13,14,20,29,38,14,16,23,38,52,29,15,13,23,16,52,93,11,11,11,11,113,11,29,11,12,20,23
62.25,28,71,205,24,81,19,123,31,22,26,25,26,16,26,91,17,20,64,21,82,21,17,26,112,24,22,36,90,11,17,21,37,22,114,21,23,54,17,206,15,71,76,34,21,22,20,20,25,43,16,19,17,149,28,15,17,16,180,32,41,35,32,24,25,33,11,25,14,15,17,18,28,40,12,13,28,39,54,25,13,16,19,17,46,93,11,11,11,16,113,15,23,11,11,18,20
62.5,21,72,206,24,81,23,127,32,21,27,23,26,21,23,89,20,25,66,21,84,20,13,24,120,24,22,36,89,13,20,22,40,20,116,20,24,58,16,204,16,72,74,34,23,17,18,20,21,42,16,20,21,154,27,16,22,15,182,33,39,36,36,21,24,39,12,27,14,13,11,20,26,36,17,19,28,42,56,23,12,17,22,18,50,95,11,11,12,11,114,12,26,11,11,20,21
62.75,22,73,203,21,84,19,126,31,24,28,29,26,17,24,92,19,22,71,18,88,22,13,20,111,21,15,35,89,14,22,17,41,18,112,22,22,57,17,207,19,69,71,31,21,20,14,17,23,44,19,21,25,153,25,14,16,15,185,30,38,35,36,21,22,34,11,25,13,11,12,21,32,34,18,18,24,44,55,19,13,13,20,15,51,89,11,11,11,11,116,11,21,11,11,21,22
63,29,71,203,26,82,22,129,34,28,33,32,29,16,24,90,21,25,71,23,88,23,14,23,117,24,21,35,90,11,21,23,39,20,114,24,26,56,17,206,13,71,74,33,21,18,19,22,22,45,20,18,24,153,31,11,20,17,184,31,39,38,37,21,20,32,11,26,15,13,15,22,33,39,16,19,27,39,56,26,13,13,20,20,51,92,11,11,11,13,116,14,28,13,13,23,25
63.25,28,72,209,28,78,19,133,34,22,28,27,25,16,25,90,17,22,72,19,85,18,16,22,120,25,19,36,91,15,21,21,35,22,112,19,24,59,20,204,16,66,74,29,20,14,17,24,22,42,19,17,21,150,30,14,17,19,184,30,40,35,35,22,21,34,11,29,13,11,13,23,29,40,18,23,28,41,52,27,17,16,20,15,52,90,11,11,13,13,116,11,25,11,13,20,23
63.5,29,67,208,22,81,22,132,35,22,28,26,27,17,23,92,22,19,66,18,87,25,16,19,122,22,20,39,89,12,19,18,40,22,114,22,24,55,20,203,15,72,77,31,19,23,17,18,25,45,19,20,20,151,34,13,21,18,184,37,43,35,37,22,23,32,12,24,14,12,16,23,33,36,14,21,25,40,51,25,14,18,19,18,52,96,11,11,11,13,119,12,22,15,11,19,24
63.75,26,68,210,22,83,19,132,30,15,28,26,29,18,22,92,18,22,72,17,89,19,14,23,120,23,23,39,87,13,23,16,35,21,116,23,21,55,18,202,17,71,80,35,22,19,13,19,18,44,17,19,19,151,29,12,16,18,188,31,40,38,35,27,24,32,12,25,17,12,12,23,30,39,13,18,27,39,54,24,12,14,18,18,53,95,11,11,11,11,117,13,26,11,12,22,22
64,25,72,213,28,81,20,130,32,23,29,24,25,17,25,95,19,23,72,24,80,19,15,24,117,24,20,35,88,17,20,18,36,24,116,17,26,53,17,204,14,67,75,34,19,19,16,20,26,47,21,21,22,155,31,14,17,16,190,31,41,33,36,24,23,31,11,23,12,13,18,18,30,40,15,17,28,39,55,26,13,14,21,20,52,94,11,11,11,14,112,11,23,11,11,25,23
64.25,23,73,211,28,81,21,129,28,22,28,27,25,19,24,92,21,24,68,21,85,21,16,25,120,22,21,41,89,15,16,20,41,20,119,21,25,57,18,200,17,65,77,35,22,22,14,20,21,41,20,17,21,153,28,16,21,19,189,28,37,37,33,22,23,35,11,27,14,14,11,20,32,38,18,18,24,41,55,26,12,16,22,15,56,96,11,11,11,12,115,11,26,14,12,19,25
64.5,24,73,215,26,81,22,132,33,21,33,23,24,15,20,99,20,25,72,16,89,19,13,25,124,21,19,40,88,11,18,22,38,22,113,21,27,61,18,201,13,67,80,33,22,18,12,20,29,44,21,16,21,154,31,13,16,17,188,31,40,36,33,22,23,36,11,26,12,11,16,23,30,36,13,18,24,40,59,24,15,13,20,21,54,92,11,11,11,11,117,12,27,11,12,16,25
64.75,23,73,212,23,77,16,125,33,22,26,27,31,15,20,93,16,21,69,19,86,17,12,22,119,19,19,41,90,12,20,19,40,19,118,20,25,57,15,201,15,70,80,33,21,17,15,11,27,44,19,16,20,153,30,11,19,17,187,28,41,36,35,22,23,37,13,26,11,16,11,19,34,33,13,16,24,39,58,23,11,15,23,18,57,97,11,11,11,14,115,11,22,11,14,20,20
65,25,71,216,24,77,19,130,29,21,28,24,29,15,23,95,21,25,73,20,86,16,11,19,127,24,18,37,87,11,17,18,34,24,121,18,23,60,19,196,17,68,80,33,20,13,15,20,25,45,22,14,17,154,28,13,17,18,190,32,38,32,33,25,22,32,11,27,12,12,15,22,30,34,15,20,26,40,56,23,13,16,21,17,55,93,11,11,11,11,113,11,26,11,13,20,22
65.25,24,71,217,25,87,18,131,34,24,30,25,28,22,25,101,17,26,75,21,89,20,17,25,129,22,21,43,94,13,21,22,41,23,123,23,26,60,20,199,19,70,82,33,22,20,16,19,22,45,19,19,22,151,28,15,18,19,194,35,39,41,37,24,24,37,13,25,15,13,11,23,33,37,14,20,28,43,59,28,14,15,19,20,60,97,11,11,11,15,115,17,23,11,12,25,24
65.5,29,74,217,22,79,22,129,31,22,30,29,27,21,25,98,18,21,71,19,86,16,15,23,124,22,19,42,85,11,20,17,36,21,121,22,23,60,19,198,17,71,76,35,19,20,16,20,23,46,21,21,20,150,26,14,17,15,190,30,37,35,37,23,22,38,11,27,11,12,11,20,33,36,11,19,28,43,56,22,11,14,19,16,56,93,11,11,11,11,115,13,25,11,11,19,22
65.75,26,69,217,24,81,20,124,29,23,25,28,27,20,22,96,16,23,68,20,84,22,13,22,123,21,18,40,91,12,18,23,35,22,121,20,25,58,15,197,15,73,76,31,22,17,16,19,22,47,20,16,23,155,28,12,22,16,192,26,37,35,38,25,23,40,11,26,15,11,11,19,30,40,11,17,25,42,55,30,11,17,18,18,59,94,11,11,11,13,113,11,24,11,11,18,18
66,25,73,217,24,80,21,131,32,16,27,20,26,22,22,98,18,26,73,19,87,18,14,20,124,22,19,43,91,14,18,19,37,17,123,18,25,59,11,194,14,72,78,31,20,20,17,17,23,45,19,18,21,152,34,13,17,20,191,30,40,35,38,21,21,37,11,21,16,11,12,21,28,38,12,18,24,46,57,22,11,16,20,15,60,92,11,11,11,14,114,11,23,11,11,20,21
66.25,28,73,220,20,82,19,124,32,25,25,30,24,22,26,96,22,25,74,19,90,20,13,21,127,23,20,39,92,11,21,21,36,20,127,22,23,59,19,194,17,73,81,33,18,19,15,19,21,48,18,21,23,156,27,16,20,17,191,31,41,35,38,22,24,41,11,28,16,12,13,21,34,40,16,14,27,41,60,23,17,13,21,21,60,97,11,11,11,15,114,13,28,11,11,16,25
66.5,21,66,219,21,78,20,126,33,23,27,25,28,21,27,98,18,27,73,21,86,19,15,23,130,22,21,40,89,12,23,23,40,22,121,18,27,58,16,196,16,71,82,33,18,20,19,21,20,46,21,16,23,156,29,14,20,19,195,33,41,36,35,23,23,40,11,27,15,12,15,22,29,37,12,20,24,42,58,26,16,15,21,17,60,98,11,11,11,13,112,14,24,14,11,20,25
66.75,24,69,222,23,74,23,124,30,22,25,25,27,17,22,97,18,21,73,22,86,18,17,24,127,26,21,43,90,11,18,18,38,18,122,21,25,58,20,196,15,71,79,32,20,18,18,16,22,47,21,17,24,152,27,11,16,15,194,37,40,37,40,25,21,43,11,29,11,12,11,22,30,37,17,20,25,44,59,30,15,14,22,15,64,95,11,11,12,11,115,11,25,11,11,18,27
67,22,69,222,19,78,22,130,33,20,28,27,29,16,22,99,20,24,74,22,89,19,16,19,130,25,19,42,89,14,20,20,39,21,127,22,24,58,17,195,16,72,81,34,20,20,13,17,24,47,22,18,23,159,26,11,19,15,198,30,44,39,38,23,24,46,13,28,14,11,13,21,30,39,13,20,29,43,57,26,17,14,20,17,66,102,11,11,11,13,113,11,25,11,13,24,22
67.25,22,71,219,23,83,20,130,29,22,27,26,25,19,22,103,22,26,69,18,90,18,14,21,131,24,19,42,90,14,17,19,37,22,123,20,24,62,14,197,16,72,80,33,23,18,13,17,21,46,19,18,23,158,32,14,13,17,197,34,40,33,34,24,22,41,11,27,14,11,11,19,31,40,16,16,27,39,49,23,11,16,21,18,63,94,11,11,12,11,113,12,23,11,11,21,26
67.5,21,73,224,23,79,20,126,30,19,25,22,27,20,22,97,18,21,73,20,83,18,13,18,131,20,19,44,88,11,18,19,39,23,124,20,22,58,15,196,15,68,82,32,18,17,13,17,23,46,19,17,23,157,24,15,13,17,195,27,39,36,36,23,25,47,11,27,19,14,11,19,28,38,13,21,27,44,57,23,13,14,23,16,65,95,11,11,11,14,117,11,23,11,11,18,20
67.75,24,69,223,25,77,22,128,37,24,28,25,23,20,25,102,20,26,69,22,89,19,15,19,133,23,21,42,90,13,17,20,42,22,127,22,25,57,17,194,12,69,86,31,22,18,14,21,23,42,18,23,22,160,30,18,18,18,197,31,41,40,36,22,23,46,11,29,17,16,14,19,32,37,16,19,25,42,64,26,13,17,20,16,67,99,11,11,11,11,113,11,26,12,11,22,21
68,26,68,231,22,80,24,126,31,27,30,26,28,19,30,104,19,28,75,20,86,19,16,22,134,23,20,45,93,15,20,21,43,24,123,25,28,57,21,194,14,71,81,34,24,21,18,21,22,48,18,21,22,158,30,17,18,18,196,35,41,38,42,24,23,47,11,29,14,12,14,22,30,36,16,20,26,41,57,27,13,16,22,20,67,101,11,11,11,13,113,12,26,11,11,19,21
68.25,28,72,228,23,80,21,127,33,24,30,26,27,17,27,104,19,22,77,22,89,16,11,19,134,23,21,48,91,11,18,20,36,22,126,21,24,60,17,195,12,71,85,34,19,19,14,19,20,51,18,19,20,155,28,17,20,18,198,30,43,33,39,21,20,46,11,26,11,11,12,20,33,39,13,18,26,41,56,26,13,13,24,13,72,98,11,11,11,15,110,11,25,11,11,20,24
68.5,24,68,228,24,74,18,124,31,24,28,28,25,17,20,105,18,25,74,17,84,19,11,22,138,19,20,42,88,14,17,18,39,23,126,25,25,60,18,191,16,72,80,33,19,16,17,17,24,44,23,21,25,161,28,11,18,18,200,33,40,32,40,25,26,47,11,25,11,15,11,21,33,40,17,18,22,39,55,25,14,13,23,15,72,98,11,11,12,15,117,12,26,11,11,20,23
68.75,20,71,224,23,77,21,126,33,25,27,20,24,16,20,104,22,24,76,22,86,17,16,20,139,28,21,43,89,11,19,18,39,20,129,18,25,60,21,191,18,68,85,34,15,17,11,16,26,44,22,18,20,153,27,15,14,16,198,29,41,33,39,23,24,47,11,26,11,11,13,27,29,38,11,18,24,39,57,24,15,17,22,18,70,99,11,11,11,12,111,11,25,11,13,21,23
69,26,71,227,24,76,21,124,36,23,32,26,31,21,24,102,20,27,72,17,83,22,14,23,136,22,21,45,91,11,19,20,40,24,130,21,27,56,14,193,17,70,85,33,22,16,13,15,22,47,17,17,23,156,32,11,17,16,202,34,44,36,38,24,23,46,11,26,16,15,12,21,29,37,13,17,24,39,58,29,11,17,20,16,72,98,11,11,11,11,117,13,24,14,11,17,22
69.25,27,69,228,25,82,20,126,35,26,28,25,30,19,26,104,16,26,73,19,89,21,16,21,139,24,21,44,88,11,19,23,40,19,129,22,29,55,19,187,11,72,83,30,24,18,17,15,22,46,21,17,23,156,30,11,16,16,200,28,40,36,40,21,21,50,11,28,17,11,12,19,32,37,14,20,26,44,60,25,15,16,18,17,74,96,11,11,11,12,114,11,26,11,11,24,25
69.5,27,69,232,25,78,19,123,39,25,25,27,29,19,21,104,19,26,75,22,86,19,17,22,143,20,19,46,91,17,19,23,38,22,130,18,26,64,22,191,17,70,79,34,19,21,16,22,24,48,20,22,24,159,27,13,18,21,201,33,43,37,41,24,24,52,12,26,15,11,11,19,30,42,17,17,29,41,59,30,15,15,22,14,77,101,11,11,11,11,116,12,27,11,11,19,22
69.75,26,74,233,23,78,19,127,34,25,30,31,29,20,27,106,19,28,74,23,94,26,13,23,139,23,20,46,95,13,20,21,42,18,129,24,23,62,19,190,15,76,82,36,23,18,19,19,24,50,22,20,26,152,30,17,17,19,205,36,43,39,46,23,21,59,12,26,15,12,11,26,32,40,14,22,30,45,61,28,15,16,23,20,83,101,11,11,11,13,113,14,28,11,11,24,26
70,21,71,233,26,78,19,127,32,23,31,23,28,18,23,105,20,24,78,22,91,24,14,23,140,22,21,42,90,13,18,20,41,24,135,21,27,60,22,191,17,73,81,35,22,17,18,19,25,47,23,20,25,157,32,12,18,20,208,31,36,38,41,27,21,54,11,30,16,12,13,24,30,40,13,20,29,45,60,23,14,16,19,16,80,98,11,11,12,12,113,14,26,14,13,19,26
70.25,23,71,232,20,76,19,128,29,26,29,22,26,21,24,105,20,25,79,18,89,18,14,23,138,26,16,43,93,12,19,20,41,22,131,21,28,59,16,192,15,69,84,37,20,15,19,21,23,48,19,18,24,158,27,17,21,19,202,31,44,35,38,21,24,57,12,29,11,14,14,24,30,35,15,16,25,39,60,21,15,15,20,18,82,93,11,11,11,14,115,11,27,11,11,23,26
70.5,23,69,235,23,77,20,123,33,23,25,24,27,15,21,107,18,22,76,19,92,18,14,23,143,21,20,48,91,13,17,19,38,21,131,14,25,64,17,191,14,71,82,33,21,18,18,20,24,47,22,21,21,155,32,13,16,18,203,34,41,34,40,26,23,57,11,27,11,11,13,20,34,39,13,20,28,43,57,24,16,13,21,21,85,99,11,11,11,11,116,14,26,11,11,19,24
70.75,29,71,234,22,78,24,126,32,24,32,25,25,20,25,107,19,28,77,20,95,20,21,24,138,23,22,46,94,13,22,21,38,18,131,20,30,62,24,195,18,72,82,37,21,17,17,16,22,50,18,19,20,155,28,16,19,19,204,32,45,39,34,23,25,56,14,23,14,12,15,19,30,43,16,18,29,41,60,26,13,17,22,19,90,98,11,11,11,11,113,14,26,13,11,23,26
71,30,72,236,25,78,18,123,31,24,30,30,28,24,29,107,20,30,80,22,89,23,13,23,142,23,21,45,92,11,18,21,41,23,135,23,27,63,19,191,15,73,81,35,20,20,18,22,24,54,20,22,23,156,31,16,18,21,206,34,42,38,38,25,24,61,13,24,17,12,14,24,34,36,12,18,28,44,64,28,16,17,22,18,88,97,11,11,11,11,114,11,24,11,11,19,29
71.25,24,73,238,23,77,22,122,33,21,29,25,29,21,24,110,16,26,79,18,90,19,17,19,141,22,18,43,91,16,23,20,35,21,137,25,26,62,21,188,12,69,82,35,27,21,22,16,21,49,19,22,17,156,29,17,17,20,209,34,44,35,40,23,24,62,11,27,12,16,15,19,33,40,14,20,25,44,62,25,18,15,20,19,87,101,11,11,11,11,114,11,25,12,13,18,24
71.5,23,68,236,23,75,23,123,32,27,26,26,27,15,23,108,21,22,78,16,88,19,14,18,138,22,17,43,88,11,20,21,39,19,132,21,23,62,18,191,20,69,81,36,22,20,18,13,21,46,19,22,22,153,27,13,21,17,209,33,46,40,39,21,22,61,11,30,14,11,18,16,36,40,13,16,23,43,62,20,14,13,19,16,89,102,11,11,11,11,117,11,27,11,12,17,19
71.75,24,72,238,24,78,21,123,35,24,28,25,31,15,25,107,17,24,79,16,87,19,18,24,141,26,22,48,93,12,22,15,41,26,134,19,24,57,19,188,16,71,82,35,22,18,13,15,24,45,20,16,19,153,31,16,21,17,208,29,44,36,43,19,23,71,11,26,14,11,11,19,33,38,15,18,26,41,62,28,14,18,20,18,93,99,11,11,11,11,114,11,28,13,11,20,25
72,25,70,236,27,77,18,123,34,26,27,25,31,18,22,109,19,28,78,22,87,19,12,22,135,23,23,50,90,11,22,18,39,19,138,22,24,65,19,188,13,68,78,32,17,16,17,15,22,45,19,17,22,157,28,16,16,14,208,31,44,33,40,23,24,65,11,27,12,13,13,22,31,40,12,17,29,44,62,27,14,15,21,19,98,98,11,11,11,13,115,11,24,12,11,22,23
72.25,24,70,237,23,76,23,124,32,24,28,26,29,17,20,110,19,27,80,20,88,18,16,22,141,21,21,49,91,11,18,17,40,22,133,20,23,65,19,189,13,68,79,36,19,16,15,19,23,47,18,16,22,157,28,15,19,19,211,35,38,36,41,22,21,66,11,26,11,13,12,20,33,40,12,13,25,43,59,28,16,21,22,18,100,98,11,11,11,11,114,11,26,11,11,19,27
72.5,26,72,238,22,80,22,125,29,21,34,28,29,20,23,109,20,24,81,18,89,20,14,21,136,25,20,48,94,11,21,21,40,20,138,19,23,64,17,188,17,66,82,36,20,19,15,17,23,49,13,22,20,158,28,15,16,18,208,35,44,37,41,27,23,74,11,31,14,14,14,23,29,40,12,18,26,43,61,29,14,22,21,16,103,102,11,11,11,16,117,11,25,11,11,15,22
72.75,23,71,240,20,74,19,123,40,27,28,25,26,15,22,113,19,24,79,19,89,18,14,22,138,24,19,50,95,11,20,20,41,19,137,20,30,58,20,193,19,73,78,35,21,16,18,22,26,48,19,15,21,159,29,15,17,21,207,37,40,33,44,24,24,72,14,26,16,11,15,21,29,43,15,16,27,46,62,26,14,17,21,18,102,102,11,11,11,11,116,16,26,11,12,16,25
73,25,71,238,22,76,18,123,33,23,25,26,29,20,21,112,17,24,81,16,88,21,15,21,135,26,17,49,92,13,16,18,36,18,139,19,25,64,20,192,16,63,83,37,20,19,16,18,25,52,17,20,22,153,25,15,16,19,206,32,41,37,45,22,22,72,11,29,13,12,12,19,31,44,13,19,25,46,64,25,12,17,22,20,105,100,11,11,11,12,112,12,23,11,11,18,23
73.25,24,72,239,22,78,20,125,33,22,29,25,29,19,21,107,20,26,81,19,88,18,13,23,132,23,16,52,91,13,20,23,40,21,138,19,28,62,19,190,13,70,82,38,18,18,17,19,20,46,19,16,17,155,26,17,17,19,208,32,45,36,44,25,23,74,11,26,13,14,15,18,27,41,15,17,26,48,63,24,14,16,22,15,108,100,11,11,11,11,113,12,31,11,11,15,26
73.5,27,71,237,24,73,23,123,32,25,25,24,30,16,26,108,16,25,79,19,92,22,18,23,134,26,22,49,93,14,18,22,37,23,139,20,28,60,18,189,14,64,81,36,21,17,18,19,22,50,19,19,19,154,27,16,15,17,208,31,41,35,44,23,22,76,11,29,11,11,11,26,31,40,15,23,27,43,62,28,12,18,21,19,110,99,11,11,11,13,113,12,26,11,12,16,26
73.75,25,72,237,23,75,22,129,34,24,29,27,26,18,23,112,18,28,80,20,89,22,13,24,137,24,23,55,92,12,19,23,41,23,138,20,26,64,18,188,17,70,84,37,18,14,20,17,26,51,22,17,21,154,29,14,21,15,210,34,42,37,47,20,25,80,11,26,15,11,12,23,31,39,14,16,26,43,63,27,13,16,19,19,112,101,11,11,11,11,113,13,26,11,11,23,29
74,24,70,240,26,78,21,122,33,25,29,23,27,15,21,110,16,26,84,20,90,19,13,21,136,24,22,56,95,11,21,19,46,22,143,23,22,63,18,192,15,68,78,40,20,19,18,20,27,49,17,20,21,156,28,11,19,19,209,34,42,36,49,21,23,81,11,32,15,15,14,18,29,40,15,20,28,46,62,26,15,15,22,19,117,101,11,11,11,11,116,11,30,14,11,17,23
74.25,23,70,239,22,84,24,126,35,28,31,26,31,20,23,115,18,28,82,19,90,22,16,21,138,25,22,57,93,11,15,18,40,21,143,22,27,59,20,191,11,68,81,33,20,20,17,21,24,50,22,19,22,155,28,19,19,19,216,35,47,34,44,23,26,86,12,31,15,15,12,21,33,42,16,21,25,43,62,23,14,16,24,18,120,107,11,11,11,11,112,13,30,12,13,21,23
74.5,25,70,236,24,75,21,121,33,22,34,25,25,19,22,114,21,28,84,19,85,20,17,22,137,26,18,56,93,11,18,22,43,22,145,21,22,63,20,191,16,66,81,36,21,23,15,19,27,50,18,16,23,156,32,18,15,17,213,35,43,34,43,23,23,81,12,29,15,12,14,22,34,44,12,21,26,49,64,27,18,17,21,19,123,99,11,11,11,13,116,11,32,11,12,20,26
74.75,27,69,241,26,76,21,123,32,24,27,23,26,21,27,115,19,27,82,17,91,17,13,18,134,25,19,51,92,11,19,21,38,21,140,23,24,63,17,190,18,63,81,35,19,17,20,17,21,51,20,18,19,159,30,17,20,17,214,32,44,35,47,24,25,85,12,27,15,12,13,20,31,38,13,15,27,41,58,22,12,16,20,17,122,99,11,11,11,12,113,11,20,11,11,18,28
75,28,69,239,27,79,23,124,35,24,29,24,30,22,22,113,19,29,81,21,91,20,15,25,137,23,22,55,95,12,17,21,42,20,144,23,29,63,19,189,19,71,85,35,22,20,16,20,23,48,21,19,21,154,32,17,21,20,212,33,41,41,48,25,26,89,12,23,19,15,15,21,30,40,16,17,29,50,62,26,15,17,25,20,123,101,11,11,11,13,114,16,28,12,14,18,24
75.25,25,69,235,25,81,20,122,36,24,29,27,25,20,24,121,17,30,90,19,88,21,12,23,135,25,23,56,95,13,23,20,40,19,145,20,28,64,18,189,14,69,83,35,23,19,18,22,24,48,16,18,21,156,32,17,18,19,214,36,41,37,49,22,27,92,12,27,15,15,19,19,35,43,19,24,25,47,59,29,13,15,25,17,121,101,11,11,11,15,112,14,29,11,11,20,26
75.5,23,69,238,22,72,21,122,32,25,30,28,28,16,22,114,19,25,84,20,90,21,13,21,134,25,24,58,96,13,21,22,35,21,144,23,26,63,19,187,15,67,80,35,17,19,15,18,22,50,22,21,22,159,26,14,17,21,217,31,47,39,49,24,21,92,14,31,15,13,17,22,33,42,21,17,28,44,65,28,18,19,25,18,121,106,11,11,11,11,116,11,30,11,11,15,27
75.75,25,70,234,24,82,21,127,31,22,28,24,25,17,23,115,20,26,82,21,87,20,16,23,136,28,22,57,93,12,20,17,42,21,143,24,25,65,16,188,13,67,83,38,19,18,15,17,22,48,21,20,24,157,26,14,21,16,215,35,43,39,47,26,20,95,11,26,19,12,13,23,31,41,14,22,25,43,66,26,14,15,25,18,119,103,11,11,11,16,114,11,28,11,13,22,30
76,25,72,237,26,72,19,122,37,24,31,24,26,14,22,114,17,22,91,18,87,15,13,18,133,23,19,60,91,12,20,22,40,22,145,17,23,64,17,188,18,69,83,35,17,16,16,17,21,50,16,18,17,156,26,17,16,18,213,36,40,33,48,24,22,96,11,27,13,13,15,21,30,41,15,16,25,47,64,26,12,15,22,17,115,99,11,11,11,12,111,11,27,11,11,18,26
76.25,25,66,235,21,74,19,121,32,22,30,24,31,15,20,114,20,25,84,25,91,19,16,21,134,29,23,58,99,11,19,19,39,20,146,21,29,60,17,186,17,66,85,36,18,16,18,19,18,48,16,19,23,155,32,17,17,20,216,35,43,37,47,26,23,105,11,27,12,13,15,18,30,41,11,22,29,46,66,25,13,17,25,16,120,99,11,11,11,13,108,11,28,11,11,18,22
76.5,23,69,235,19,74,19,116,38,21,29,22,26,19,22,117,19,26,86,16,90,19,14,23,129,25,19,61,97,14,18,17,40,20,147,20,27,66,19,189,17,66,80,36,22,20,16,21,21,50,19,20,21,159,29,17,18,17,218,32,46,38,46,24,20,102,12,23,15,15,13,22,30,42,11,16,29,52,64,24,17,17,22,16,120,104,11,11,11,11,113,13,29,11,11,19,26
76.75,26,68,236,24,73,22,124,31,25,31,26,31,19,27,118,18,23,85,22,91,20,13,22,137,24,18,59,95,11,18,21,39,22,148,22,27,67,17,188,19,71,81,41,26,20,19,22,24,48,18,18,21,156,31,18,18,19,218,31,43,36,46,27,25,100,12,27,13,12,17,22,32,40,12,20,26,48,63,24,15,13,26,21,119,103,11,11,11,11,116,11,24,11,12,18,26
77,24,68,236,25,74,18,123,35,23,30,22,24,19,21,119,17,23,90,19,91,19,11,21,133,28,20,64,91,13,20,21,43,22,150,23,22,66,19,187,14,64,81,38,22,20,16,17,27,51,19,17,22,155,30,14,20,20,215,31,43,38,49,24,26,108,13,30,13,11,19,18,31,41,14,20,28,52,66,26,14,13,22,17,119,105,11,11,11,14,116,15,26,11,13,18,26
77.25,29,68,231,22,76,20,118,33,20,30,22,26,17,23,120,17,21,86,18,93,18,15,20,132,28,20,61,94,11,21,22,42,19,150,19,23,65,14,190,17,68,75,36,20,16,13,17,25,46,18,16,18,156,30,15,16,12,218,37,41,37,46,22,21,105,11,19,13,11,12,19,33,41,15,15,26,42,69,27,12,11,21,16,117,100,11,11,11,11,113,11,29,11,13,21,32
77.5,25,72,234,26,73,19,121,36,26,28,28,30,18,24,120,19,24,87,16,92,17,18,23,131,24,21,63,94,12,21,20,45,20,147,19,26,69,18,192,16,69,81,34,23,20,14,15,23,53,19,18,19,152,31,17,16,21,218,32,45,35,49,23,26,114,14,27,15,14,11,22,32,39,15,18,26,45,66,27,12,16,23,14,118,100,11,11,11,11,115,15,26,11,11,16,28
77.75,24,68,235,21,76,19,121,36,25,25,22,27,19,23,115,16,26,86,20,89,19,14,20,132,25,17,64,91,15,15,18,39,20,150,21,25,65,18,192,13,64,83,36,19,17,13,17,19,50,17,17,23,155,28,18,15,19,219,32,43,36,47,23,22,112,11,28,13,11,12,21,32,44,15,17,26,45,63,23,13,17,23,16,116,101,11,11,11,11,115,11,22,11,11,20,20
78,28,75,236,27,76,24,123,40,28,35,31,30,16,23,123,20,30,94,20,91,18,16,25,136,28,23,69,99,13,21,22,41,21,155,22,32,71,20,189,17,66,83,38,20,23,17,21,24,54,24,23,27,157,30,18,20,19,220,37,43,41,50,26,25,115,11,29,16,15,15,22,36,44,17,18,29,50,67,28,14,19,22,20,124,102,11,11,11,12,118,16,31,13,15,20,30
78.25,21,68,233,20,72,17,116,33,22,28,23,27,14,21,119,18,23,88,16,90,19,11,20,128,23,18,67,95,13,20,19,40,17,152,19,26,58,18,189,16,68,82,37,19,15,15,17,24,49,20,22,20,151,29,16,20,17,218,34,42,37,47,23,21,118,13,26,11,11,14,19,26,41,11,22,24,47,66,25,14,17,21,16,116,102,11,11,11,11,112,11,24,11,11,16,22
78.5,23,69,235,21,74,23,122,36,23,31,27,27,17,23,125,17,26,88,22,92,19,17,29,135,23,23,68,98,12,20,23,41,21,153,22,30,62,18,190,13,65,80,37,23,19,17,20,22,50,19,20,19,155,31,17,15,17,217,35,42,40,49,20,26,114,15,30,15,13,17,22,28,42,16,18,24,48,68,28,13,16,27,18,118,102,11,11,11,12,114,13,30,11,11,18,27
78.75,27,71,236,22,78,22,120,37,28,30,28,29,16,21,122,19,27,88,18,90,21,12,24,134,22,19,65,92,12,18,21,37,17,149,22,24,69,20,187,15,66,86,37,21,16,16,21,26,50,19,21,22,155,35,15,13,18,221,32,44,38,51,25,20,123,12,28,13,11,15,21,31,39,15,20,24,49,67,30,15,20,25,18,115,104,11,11,12,12,109,11,29,11,11,19,24
79,20,73,233,25,76,21,119,36,22,29,25,26,18,19,120,24,27,89,17,93,21,17,21,130,27,19,66,92,15,16,26,40,19,154,23,28,61,19,188,14,67,83,39,17,16,19,27,24,51,20,20,21,154,28,17,20,19,221,37,40,36,54,22,20,125,14,30,16,13,13,22,36,39,14,18,30,51,71,28,16,14,24,15,115,101,11,11,11,11,109,11,25,12,11,22,26
79.25,26,69,231,20,75,21,116,34,22,29,28,30,20,26,122,17,25,90,20,91,16,17,23,132,29,19,69,96,15,20,21,43,19,158,20,27,66,17,190,16,69,81,40,23,21,21,19,22,52,19,17,24,152,32,16,17,16,225,36,44,36,55,24,21,131,11,27,13,13,16,17,34,39,14,23,30,49,72,27,13,19,25,18,116,106,11,11,11,11,111,11,24,11,11,21,25
79.5,27,69,233,23,77,23,123,38,24,30,24,29,17,23,124,14,32,90,22,88,20,12,21,128,25,18,64,93,13,20,21,39,22,157,23,27,69,18,186,14,65,84,37,22,20,17,21,22,55,19,18,16,155,29,18,19,19,222,32,41,36,53,25,25,131,13,27,17,15,12,21,32,38,12,19,26,46,69,27,11,19,21,16,118,103,11,11,11,11,111,12,30,11,11,22,26
79.75,23,72,233,23,71,17,115,34,24,28,28,28,15,21,124,16,21,91,18,90,20,14,21,129,21,17,69,94,11,16,23,43,20,154,20,22,62,16,186,14,62,84,39,23,19,15,16,23,51,17,16,23,153,28,14,17,17,223,31,43,34,53,27,23,134,11,30,12,16,11,20,32,42,14,14,25,50,66,25,11,18,23,16,113,103,11,11,11,11,109,11,28,11,11,19,22
80,27,68,233,23,77,24,120,36,27,30,23,28,17,21,120,18,26,91,21,91,20,16,18,130,24,22,71,92,11,19,21,42,17,150,20,28,66,21,189,14,66,83,39,23,18,11,21,24,54,18,22,19,154,29,16,18,16,222,34,41,40,50,22,24,137,12,33,12,14,14,20,32,41,12,18,24,47,70,28,17,13,22,13,118,105,11,11,11,11,112,11,29,11,11,19,26
80.25,23,65,236,22,76,17,119,35,23,29,23,24,15,24,123,19,26,91,16,88,20,14,22,129,20,22,75,92,11,21,20,41,18,154,25,26,66,18,192,13,66,82,39,23,17,18,17,23,52,20,20,20,151,28,16,16,14,226,34,41,33,53,22,22,139,12,33,17,14,12,20,33,45,13,21,24,48,68,26,12,17,26,16,114,104,11,11,11,14,116,12,27,11,11,14,26
80.5,23,71,235,19,72,19,123,37,24,26,24,27,21,26,123,17,26,95,19,91,23,17,21,129,24,21,73,96,12,20,20,41,24,155,20,20,66,21,188,14,65,82,40,23,18,14,20,25,47,16,20,24,155,29,13,19,16,220,33,40,39,60,23,22,142,12,30,16,14,15,23,30,41,20,21,26,53,68,27,12,17,22,12,113,103,11,11,12,12,113,14,28,12,12,21,23
80.75,23,70,234,22,72,22,120,38,24,27,30,29,18,23,122,20,19,92,18,91,20,13,23,132,24,20,74,94,15,18,22,43,20,155,17,29,63,17,186,14,67,80,38,23,20,15,18,25,49,22,22,24,151,30,19,22,16,225,34,43,35,57,24,22,142,14,30,12,14,17,21,35,37,17,21,25,49,69,24,15,18,23,16,114,107,11,11,11,11,112,14,27,11,11,16,23
81,25,71,233,23,73,24,117,33,24,32,24,29,20,22,125,20,26,93,19,92,17,13,25,129,22,20,81,96,12,22,22,44,18,157,22,26,67,18,186,16,65,78,38,18,16,18,21,20,53,17,17,21,151,30,16,22,19,226,34,44,38,55,23,22,145,13,30,13,12,13,19,32,40,16,20,27,49,70,24,13,17,21,18,112,100,11,11,11,11,112,13,29,11,11,18,26
81.25,25,69,233,22,74,23,121,35,25,28,27,27,18,20,123,18,26,95,20,92,17,14,23,130,26,21,76,92,15,22,22,39,20,155,23,26,67,23,187,15,68,84,40,23,21,17,17,25,52,18,21,26,155,30,17,19,23,225,34,41,35,55,25,20,147,12,30,15,11,11,21,33,39,12,21,28,52,65,26,13,13,25,16,112,104,11,11,11,12,114,11,25,11,11,21,27
81.5,25,67,234,22,73,22,118,37,24,29,26,29,20,25,126,19,26,98,19,87,18,15,20,127,25,23,78,96,14,18,20,44,22,160,22,27,65,20,186,16,65,83,39,18,20,17,20,24,53,23,20,23,154,30,18,22,24,224,35,43,36,60,24,26,155,11,28,13,11,15,20,32,40,17,21,26,52,73,27,14,23,23,16,111,103,11,11,12,12,115,14,32,11,11,21,25
81.75,20,71,234,23,74,22,119,42,26,30,28,31,16,22,125,20,26,96,18,91,21,17,21,129,22,19,80,96,13,23,22,39,19,161,25,27,65,14,189,18,62,83,41,20,20,17,22,22,48,21,21,20,154,31,15,22,22,228,34,46,37,56,23,20,153,13,31,14,12,13,21,33,38,17,19,23,48,71,27,13,17,24,19,117,104,11,11,11,11,116,13,31,11,14,20,29
82,26,68,234,27,75,18,117,39,22,30,24,27,16,21,129,22,27,97,19,91,19,16,25,131,26,18,77,94,12,21,20,43,24,155,23,28,70,16,184,15,65,80,39,18,19,13,21,21,57,17,23,22,156,31,17,19,21,228,38,42,38,59,19,25,154,14,30,11,11,15,21,33,41,13,20,28,50,71,27,13,20,24,15,115,107,12,11,11,11,112,11,26,11,11,19,26
82.25,27,68,231,23,74,23,117,37,26,26,24,26,18,22,129,13,27,98,19,93,21,16,21,124,27,21,82,97,15,20,18,41,21,158,22,27,68,20,190,14,65,84,39,20,19,19,22,24,55,21,23,26,150,31,19,20,21,227,36,43,36,56,27,23,160,12,32,12,15,14,18,33,43,18,16,30,53,71,26,13,15,24,19,112,108,11,11,11,11,113,11,31,11,13,23,28
82.5,26,66,233,22,73,21,116,37,26,28,23,27,19,21,127,21,27,99,20,88,18,12,26,128,22,17,78,95,15,20,17,46,18,158,22,26,62,17,188,13,63,79,39,20,18,18,23,24,50,18,23,20,152,33,18,20,17,227,31,45,36,60,21,24,162,12,28,15,11,14,22,33,44,13,22,28,53,73,28,14,16,23,14,118,104,11,11,11,12,114,14,25,11,11,22,26
82.75,24,68,232,25,79,22,121,38,30,29,22,28,19,21,129,20,28,95,21,91,20,16,23,129,24,22,83,94,12,19,23,42,23,160,24,26,65,16,189,15,65,83,38,22,18,17,21,25,56,18,19,20,153,35,16,16,27,224,35,42,37,57,25,24,163,11,33,12,16,17,23,34,42,15,22,27,52,74,30,14,16,26,16,112,108,11,11,11,12,112,18,28,11,11,19,25
83,25,69,234,25,75,20,119,38,29,27,28,30,15,24,128,18,26,100,22,89,18,16,22,125,23,23,81,93,13,23,21,40,20,158,21,28,68,20,188,14,62,80,40,23,22,19,21,24,55,19,17,22,151,31,18,23,18,228,33,41,38,57,22,23,168,13,28,14,13,13,25,32,43,14,19,27,54,71,29,12,16,24,19,116,108,11,11,11,11,112,15,33,11,11,21,29
83.25,25,68,232,22,71,22,117,39,30,29,28,31,15,23,122,24,25,100,15,89,24,15,19,126,22,18,85,95,12,19,24,45,21,165,22,31,67,19,188,14,65,82,39,21,19,19,23,21,51,18,22,18,152,34,21,20,20,230,37,43,34,60,23,24,168,13,33,14,17,12,21,32,41,17,21,25,55,74,29,13,15,24,18,113,109,11,11,11,12,115,11,29,11,11,22,21
83.5,22,67,228,24,70,18,117,36,20,24,22,26,16,19,128,19,26,97,18,87,16,15,17,124,25,21,88,100,13,17,24,38,18,162,26,24,67,18,187,15,64,79,36,19,17,15,18,20,53,18,22,22,152,29,15,17,21,226,36,40,34,55,21,24,174,12,25,11,14,13,21,30,45,15,19,25,52,70,23,16,19,24,16,115,105,11,11,11,12,111,12,28,11,12,20,29
83.75,27,70,230,25,75,18,118,40,24,32,26,31,19,21,132,12,29,100,18,93,18,14,25,126,28,16,86,94,14,19,23,41,22,166,21,31,73,20,186,14,66,83,42,23,17,16,19,23,51,16,22,19,149,32,15,17,25,228,37,42,38,59,23,24,175,12,26,14,16,17,24,34,44,14,17,25,50,75,27,14,17,26,17,113,103,11,11,11,13,119,11,32,11,11,20,23
84,23,72,233,24,76,25,120,41,30,28,28,31,19,24,132,19,30,101,23,95,25,17,29,127,30,24,95,98,15,21,25,49,25,166,25,30,72,21,187,15,65,86,42,25,22,19,24,28,58,23,23,24,154,34,23,20,23,231,42,48,38,63,27,26,178,14,36,14,17,14,25,37,45,17,22,30,56,77,32,15,23,28,19,118,108,11,11,13,16,116,18,30,12,14,25,31
84.25,27,73,231,25,76,21,124,42,28,31,24,28,21,26,132,18,28,102,23,95,18,18,31,129,28,22,90,98,14,19,26,42,22,167,23,27,72,21,188,17,67,85,41,22,24,19,20,27,54,20,21,22,153,33,23,21,17,229,37,49,40,65,26,25,178,15,33,13,14,15,25,34,47,16,24,28,56,75,33,14,17,28,16,117,107,11,11,11,12,112,13,33,11,11,26,30
84.5,0,0,0,0,0,0,0,0,0,0,0,0,0,0,0,0,0,0,0,0,0,0,0,0,0,0,0,0,0,0,0,0,0,0,0,0,0,0,0,0,0,0,0,0,0,0,0,0,0,0,0,0,0,0,0,0,0,0,0,0,0,0,0,0,0,0,0,0,0,0,0,0,0,0,0,0,0,0,0,0,0,0,0,0,0,0,0,0,0,0,0,0,0,0,0,0