Hour,A1_Negative_Control,A2_L-Arabinose,A3_N-Acetyl-D_Glucosamine,A4_D-Saccharic_Acid,A5_Succinic_Acid,A6_D-Galactose,A7_L-Aspartic_Acid,A8_L-Proline,A9_D-Alanine,A10_D-Trehalose,A11_D-Mannose,A12_Dulcitol,B1_D-Serine,B2_D-Sorbitol,B3_Glycerol,B4_L-Fucose,B5_D-Glucuronic_Acid,B6_D-Gluconic_Acid,B7_D-L-a-Glycerol_Phosphate,B8_D-Xylose,B9_L-Lactic_Acid,B10_Formic_Acid,B11_D-Mannitol,B12_L-Glutamic_Acid,C1_D-Glucose-6-Phosphate,C2_D-GalactonicAcid-g-Lactone,C3_D-L-Malic_Acid,C4_D-Ribose,C5_Tween_20,C6_L-Rhamnose,C7_D-Fructose,C8_Acetic_Acid,C9_a-D-Glucose,C10_Maltose,C11_D-Melibiose,C12_Thymidine,D-1_L-Asparagine,D2_D-Aspartic_Acid,D3_D-Glucosaminic_Acid,D4_1-2-Propanediol,D5_Tween_40,D6_a-Keto-Glutaric_Acid,D7_a-Keto-Butyric_Acid,D8_a-Methyl-D_Galactoside,D9_a-D-Lactose,D10_Lactulose,D11_Sucrose,D12_Uridine,E1_L-Glutamine,E2_m-Tartaric_Acid,E3_D-Glucose-1-Phosphate,E4_D-Fructose-6-Phosphate,E5_Tween_80,E6_a-Hydroxy_Glutaric_Acid-g_Lactone,E7_a-Hydroxy_Butyric_Acid,E8_B-Methyl-D_Glucoside,E9_Adonitol,E10_Maltotriose,E11_2-DeoxyAdenosine,E12_Adenosine,F1_Glycyl-L-Aspartic_Acid,F2_Citric_Acid,F3_myo-Inositol,F4_D-Threonine,F5_Fumaric_Acid,F6_Bromo_Succinic_Acid,F7_Propionic_Acid,F8_Mucic_Acid,F9_Glycolic_Acid,F10_Glyoxylic_Acid,F11_D-Cellobiose,F12_Inosine,G1_Glycyl-L-Glutamic_Acid,G2_Tricarballylic_Acid,G3_L-Serine,G4_L-Threonine,G5_L-Alanine,G6_L-Alanyl-Glycine,G7_Acetoacetic_Acid,G8_N-Acetyl-B-D_Mannosamine,G9_Mono_Methyl_Succinate,G10_Methyl_Pyruvate,G11_D-Malic_Acid,G12_L-Malic_Acid,H1_Glycyl-L-Proline,H2_p-Hydroxy_Phenyl_AceticAcid,H3_m-Hydroxy_Phenyl_AceticAcid,H4_Tyramine,H5_D-Psicose,H6_L-Lyxose,H7_Glucuronamide,H8_Pyruvic_Acid,H9_L-Galactonic_Acid-g-Lactone,H10_D-GalacturonicAcid,H11_Phenylethylamine,H12_2-Aminoethanol
0,19,19,11,11,11,11,11,11,11,11,13,24,13,11,11,11,11,11,11,33,11,11,18,11,26,11,11,37,11,11,11,11,11,11,11,13,19,17,11,11,11,11,11,11,11,11,11,20,17,11,11,12,11,11,11,11,11,18,11,16,12,11,11,11,12,13,11,11,12,18,14,14,31,16,11,11,14,11,12,11,11,15,12,20,20,20,14,13,13,74,17,13,14,22,24,20
0.25,16,27,11,11,11,11,11,11,11,11,12,23,17,11,11,11,11,11,11,37,11,11,11,15,16,11,11,47,11,11,11,11,11,11,11,13,17,11,11,11,11,11,11,12,11,11,11,17,13,11,12,12,11,11,11,11,11,11,11,17,15,13,11,11,11,11,11,11,16,11,12,13,21,16,11,11,11,11,13,12,13,11,20,18,22,20,12,17,18,75,16,11,19,16,21,21
0.5,21,26,11,11,11,11,11,11,11,11,14,21,16,11,11,11,11,11,11,37,11,11,12,12,18,11,11,46,11,11,11,11,11,11,11,13,14,11,11,11,11,11,11,11,11,11,11,18,18,11,11,11,11,11,11,11,11,11,11,14,15,12,11,11,11,11,11,11,11,11,13,17,24,12,11,11,12,11,13,11,11,11,12,20,21,22,13,13,17,79,16,11,14,12,16,22
0.75,14,28,11,11,11,11,11,11,11,11,14,21,14,11,11,11,11,11,11,36,11,11,15,11,18,11,11,46,11,11,11,11,11,11,11,12,15,11,11,11,11,11,11,11,11,11,11,16,18,11,11,11,11,11,11,11,11,11,11,16,14,11,11,11,11,11,11,11,11,11,13,18,23,14,12,11,11,11,11,11,11,11,11,19,20,18,14,11,19,81,14,12,14,15,18,23
1,16,34,11,11,11,11,11,11,11,11,13,28,13,11,11,11,11,11,11,38,11,11,12,14,15,11,11,47,11,11,11,11,11,11,11,15,17,11,11,11,11,11,11,11,11,11,11,13,21,11,11,11,11,11,11,11,11,11,11,19,14,15,11,11,11,11,11,12,13,11,16,15,24,12,11,11,11,11,15,11,12,11,12,21,20,20,16,17,25,81,14,12,15,15,17,22
1.25,15,30,11,11,11,11,11,11,11,11,11,23,13,11,11,11,11,11,11,42,11,11,13,13,13,11,11,46,11,11,11,11,11,11,11,12,15,11,11,11,11,11,11,11,11,11,11,18,15,11,11,11,11,11,11,11,11,11,12,16,12,11,11,11,11,11,11,11,11,11,16,17,19,17,11,11,11,11,13,12,11,11,12,17,24,19,11,14,14,84,15,13,16,14,18,22
1.5,13,28,11,11,11,11,11,11,11,11,15,24,17,11,11,11,11,11,11,40,11,11,14,14,18,11,11,48,11,11,11,11,11,11,11,14,21,11,11,11,11,11,11,11,11,11,11,16,12,11,11,11,11,11,11,11,11,11,11,19,11,12,11,11,11,11,11,11,11,11,14,21,24,12,11,13,11,11,14,11,11,11,11,19,22,18,13,19,15,85,17,13,14,12,19,18
1.75,14,28,11,11,11,11,11,11,11,11,14,19,18,11,11,11,11,11,11,44,11,11,11,12,19,11,11,50,11,11,11,11,11,11,11,16,13,11,11,11,11,11,11,11,11,11,11,15,15,11,11,11,11,11,11,11,11,11,11,17,13,11,11,11,11,11,11,11,11,11,12,16,24,12,11,11,11,11,12,11,11,11,11,14,20,20,14,11,17,80,16,18,13,14,17,17
2,17,36,11,11,11,11,11,11,11,11,16,22,20,11,11,11,11,11,11,41,11,11,15,15,16,11,11,48,11,11,11,11,11,11,15,16,12,11,11,11,11,11,11,11,11,11,11,18,16,11,11,11,11,11,11,11,11,11,13,19,18,11,11,11,11,11,11,11,11,11,16,19,22,16,11,11,11,11,11,11,11,12,17,23,21,20,11,11,21,85,17,19,11,18,20,24
2.25,17,31,11,11,11,11,11,11,11,11,11,26,17,11,11,11,11,11,11,41,11,11,11,17,15,11,11,55,11,11,11,11,11,11,12,14,14,11,11,11,11,11,11,11,11,11,11,17,15,11,11,11,11,11,11,11,11,11,11,15,15,11,11,11,11,11,11,11,11,11,15,19,24,12,11,11,11,11,14,11,11,11,14,18,19,21,11,15,18,83,16,12,12,13,23,20
2.5,15,35,11,11,11,11,11,11,11,11,16,20,14,11,11,13,11,11,11,46,11,11,16,16,20,11,11,55,11,11,11,11,11,11,13,19,17,11,11,11,11,11,11,11,11,11,12,19,16,11,11,11,11,11,11,11,11,11,13,21,13,14,11,11,11,11,11,11,11,11,18,17,22,12,11,12,13,12,11,12,11,15,12,24,25,20,12,11,20,89,12,15,17,12,16,19
2.75,13,36,11,11,11,11,11,11,11,11,18,23,18,11,11,12,11,11,11,44,11,11,14,15,17,11,11,54,11,11,11,11,11,11,12,19,16,11,11,11,11,11,11,11,11,11,11,17,16,11,11,11,11,11,11,11,11,11,13,14,13,11,11,11,11,11,11,11,11,14,18,20,23,19,11,12,13,13,12,11,12,14,14,25,24,23,14,18,19,87,20,12,17,16,22,22
3,12,31,11,11,11,11,11,11,11,11,13,21,11,11,11,11,11,11,11,41,11,11,11,13,15,11,11,51,11,11,11,11,11,11,11,15,12,11,11,11,11,11,11,11,11,11,11,15,15,11,11,11,11,11,11,11,11,11,11,16,11,11,11,11,11,11,11,11,11,11,12,17,19,12,11,11,11,13,11,11,11,11,11,19,18,14,13,13,18,85,14,11,13,11,18,23
3.25,15,34,11,11,11,11,11,11,11,11,14,22,14,11,11,11,11,11,11,41,11,11,11,16,16,11,11,53,11,11,11,11,11,11,11,17,18,11,11,11,11,11,11,11,11,11,11,19,14,11,11,11,11,11,11,11,11,11,11,16,11,11,11,11,11,11,11,11,12,11,11,19,24,15,11,11,11,11,11,11,14,11,14,22,18,17,11,12,15,88,12,11,15,17,24,24
3.5,17,39,11,11,11,11,11,11,11,11,13,24,15,11,11,13,11,11,11,43,11,11,14,16,15,11,11,57,11,11,11,11,11,11,11,18,17,11,11,11,11,11,11,11,11,11,11,19,15,11,11,11,11,11,11,11,11,11,11,19,17,11,11,12,11,11,11,11,11,11,12,19,22,15,13,11,11,11,11,11,11,12,11,20,22,21,17,15,16,87,17,14,16,19,19,26
3.75,16,35,11,11,11,11,11,11,11,11,11,22,15,11,11,11,11,11,11,41,11,11,11,17,12,11,11,54,11,11,11,11,11,11,11,14,16,11,11,11,11,11,11,11,11,11,11,15,18,11,11,11,11,11,11,11,11,11,11,19,16,12,11,11,11,11,11,11,13,11,18,21,20,12,12,11,11,12,11,11,11,12,14,21,16,19,12,13,15,85,14,14,12,16,20,21
4,16,39,11,11,11,11,11,11,11,11,13,22,17,11,11,11,11,11,11,44,11,11,14,13,15,11,11,51,11,11,11,11,11,11,11,14,16,11,11,11,11,11,11,11,11,11,11,17,15,11,11,11,11,11,11,11,11,11,11,19,19,11,11,11,11,11,11,11,11,12,17,19,24,17,11,11,11,11,11,11,11,12,11,22,22,22,11,11,17,88,14,12,16,16,21,27
4.25,13,39,11,11,11,11,11,11,11,11,12,23,12,11,11,11,11,11,11,43,11,11,11,13,13,11,11,51,11,11,11,11,11,11,11,15,15,11,11,11,11,11,11,11,11,11,11,14,16,12,11,11,11,11,11,11,11,11,11,17,14,12,11,11,11,11,11,11,11,12,15,18,18,14,11,11,11,11,11,11,11,13,14,22,26,21,14,15,19,89,11,14,13,13,20,23
4.5,14,33,11,11,11,11,11,11,11,11,11,19,16,11,11,11,11,11,11,44,11,11,11,14,11,11,11,53,11,11,11,11,11,11,11,11,12,11,11,11,11,11,11,11,11,11,11,17,14,11,11,11,11,11,11,11,11,11,11,16,18,11,11,11,11,11,11,11,11,11,14,23,16,11,11,11,11,11,11,11,11,13,14,25,20,13,12,11,14,88,11,15,11,18,19,23
4.75,14,39,11,11,11,11,11,11,11,11,12,23,16,11,11,11,11,11,11,46,11,11,12,12,18,11,11,52,11,11,11,11,11,12,13,16,14,11,11,11,11,11,11,11,11,11,11,13,16,11,11,11,11,11,11,11,11,11,11,17,15,11,11,11,11,11,11,11,11,12,15,16,25,14,11,11,12,11,11,11,11,11,13,20,28,20,12,13,17,89,15,12,13,15,20,21
5,18,38,11,11,11,11,11,11,11,11,11,26,15,11,11,11,11,11,11,44,11,11,12,13,17,11,11,53,11,11,11,11,11,11,11,14,14,11,11,11,11,11,11,11,11,11,11,13,15,11,11,11,11,11,11,11,11,11,11,21,14,11,11,11,11,11,11,11,11,13,18,23,24,11,11,11,11,11,15,14,11,12,16,18,21,19,11,12,17,91,17,13,16,14,16,22
5.25,14,38,11,11,11,11,11,11,11,11,12,23,12,11,11,11,11,11,11,45,11,11,11,14,12,11,11,53,11,11,11,11,11,11,11,15,12,11,11,11,11,11,11,11,11,11,11,11,18,11,11,11,11,11,11,11,11,11,11,17,15,11,11,11,11,11,11,11,11,14,13,22,22,14,11,11,11,13,11,11,11,11,16,20,21,16,13,11,16,89,19,13,12,18,20,22
5.5,17,33,11,11,11,11,11,11,11,11,13,19,14,11,11,11,11,11,11,45,11,11,11,12,14,11,11,50,11,11,11,11,11,11,11,16,11,11,11,11,11,11,11,11,11,11,11,15,19,11,11,11,11,11,11,11,11,11,11,17,14,11,11,11,11,11,11,11,11,11,14,17,24,14,11,11,11,11,11,11,11,12,14,21,21,14,14,11,16,88,17,11,15,14,19,25
5.75,13,31,11,11,11,11,11,11,11,11,11,19,12,11,11,11,11,11,11,44,11,11,11,11,15,11,11,53,11,11,11,11,11,11,11,16,12,11,11,11,11,11,11,11,11,11,11,12,14,11,11,11,11,11,11,11,11,11,11,15,11,11,11,11,11,11,11,11,11,11,16,15,23,16,11,11,11,12,11,11,11,12,13,23,21,22,11,11,17,90,11,11,12,19,15,24
6,14,37,11,11,11,11,11,11,11,11,11,26,17,11,11,11,11,11,11,44,11,11,12,12,14,11,11,57,11,11,11,11,11,11,11,14,15,11,11,11,11,11,11,11,11,11,11,16,15,11,11,11,11,11,11,11,11,11,12,19,13,11,11,11,11,11,11,11,11,15,12,18,20,14,11,12,11,11,12,11,11,11,13,18,21,20,11,13,18,89,15,14,11,14,18,25
6.25,14,36,11,11,11,11,11,11,11,11,11,22,12,11,11,11,11,11,11,43,11,11,13,11,17,11,11,51,11,11,11,11,11,11,11,13,18,11,11,11,11,11,11,11,11,11,11,18,13,11,11,11,11,11,11,11,11,11,11,18,11,11,12,11,11,11,11,11,11,16,11,21,19,18,11,11,15,11,11,11,11,11,13,19,19,21,18,12,16,86,14,16,13,12,21,24
6.5,15,33,11,11,11,11,11,11,11,11,16,27,17,11,11,12,11,11,11,44,11,11,13,11,16,11,11,55,11,11,11,11,11,11,13,15,13,11,11,11,11,11,11,11,11,11,11,15,16,11,11,11,11,11,11,11,11,11,13,18,14,11,11,11,11,11,11,11,11,11,14,21,23,14,11,11,11,12,14,11,11,11,11,20,22,22,12,15,18,90,13,13,13,14,20,22
6.75,15,36,11,11,11,11,11,11,11,11,12,21,13,11,11,11,11,11,11,46,11,11,15,16,11,11,11,52,11,11,11,11,11,11,11,17,13,11,11,11,11,11,11,11,11,11,11,15,19,11,11,11,11,11,11,11,11,11,14,17,12,11,11,11,11,11,11,11,11,11,20,21,20,11,11,11,11,11,11,11,11,11,14,21,15,14,11,13,16,90,13,18,13,20,19,22
7,15,38,11,11,11,11,11,11,11,11,13,25,12,11,11,11,11,11,11,45,11,11,14,15,14,11,11,53,11,11,11,11,11,11,11,13,15,11,11,11,11,11,11,11,11,11,11,17,13,11,11,11,11,11,11,11,11,11,11,19,17,14,11,11,11,11,11,11,11,11,13,20,20,16,13,11,14,14,13,13,14,11,16,22,20,20,11,12,20,92,15,19,14,17,20,27
7.25,14,38,11,11,11,11,11,11,11,11,15,25,15,11,11,11,11,11,11,46,11,11,16,16,15,11,11,56,11,11,11,11,11,11,11,16,14,11,11,11,11,11,11,11,11,11,11,13,17,11,11,11,11,11,11,11,13,11,11,18,16,12,12,11,11,11,11,11,14,11,16,22,21,14,11,12,13,11,13,11,11,13,11,23,24,21,11,11,20,91,12,18,19,15,21,24
7.5,11,36,11,11,11,11,11,11,11,11,11,22,17,11,11,11,11,11,11,46,11,11,11,12,16,11,11,56,11,11,11,11,11,11,11,15,14,11,11,11,11,11,11,11,11,11,11,18,13,11,11,11,11,11,11,11,11,11,11,19,16,11,11,11,11,11,11,11,11,11,16,23,23,14,11,11,12,11,11,11,11,11,17,20,18,19,11,14,20,90,12,12,12,11,18,16
7.75,15,40,11,11,11,11,11,11,11,11,12,24,15,11,11,11,11,11,11,48,11,11,13,11,18,11,11,58,11,11,11,11,11,11,11,12,15,12,11,11,11,11,11,11,11,11,11,17,14,11,11,11,11,11,11,11,11,11,11,19,12,13,11,11,11,11,11,11,11,11,14,20,20,15,11,15,11,11,11,11,11,11,15,20,19,17,13,15,16,90,12,11,16,11,21,20
8,11,37,11,11,11,11,11,11,11,11,13,23,14,11,11,12,11,11,11,49,11,11,12,15,16,11,11,59,11,11,11,11,11,11,14,11,13,11,11,11,11,11,11,11,11,11,11,14,14,11,11,12,11,11,11,11,11,11,11,19,11,11,12,11,11,11,11,11,11,15,13,17,22,13,11,12,11,11,13,11,11,12,15,23,21,23,16,13,17,87,12,11,14,13,20,27
8.25,16,33,11,11,11,11,11,11,11,11,13,20,14,11,11,11,11,11,11,48,11,11,12,12,18,11,11,58,11,11,11,11,11,11,12,12,13,11,11,11,11,11,11,11,11,11,11,17,16,11,11,11,11,11,11,11,11,11,11,20,15,11,11,11,11,11,11,11,11,11,16,21,24,13,11,11,11,11,11,11,11,11,13,20,23,16,11,11,18,95,16,17,18,17,24,27
8.5,14,37,11,11,11,11,11,11,11,11,14,25,14,11,11,11,11,11,11,49,11,11,12,15,16,11,11,56,11,11,11,11,11,11,12,11,16,11,11,11,11,11,11,11,11,11,11,13,14,11,11,11,11,11,11,11,11,11,11,20,12,14,11,11,11,11,11,11,11,11,20,20,22,15,11,15,12,11,14,11,12,11,15,20,23,19,18,15,18,89,14,14,15,17,23,22
8.75,18,39,11,11,11,11,11,11,11,11,13,30,18,11,11,12,11,11,11,46,11,11,14,14,14,12,11,59,11,11,11,11,11,11,13,18,16,12,11,11,11,11,11,11,11,11,12,18,13,11,12,13,11,11,11,11,11,11,14,21,14,14,11,11,11,11,11,11,12,14,14,20,23,15,12,11,11,12,11,14,13,13,18,20,22,21,15,13,18,92,13,17,14,14,23,23
9,13,35,11,11,11,11,11,11,11,11,15,27,16,11,11,12,11,11,11,45,11,11,12,14,17,11,11,56,11,11,11,11,11,11,11,12,17,11,11,11,11,11,11,11,11,11,11,16,19,11,11,11,11,11,11,11,11,11,11,18,13,11,11,11,11,11,11,11,11,11,15,19,18,14,13,11,11,11,11,11,11,11,14,18,21,21,12,11,18,93,14,14,15,15,20,24
9.25,15,35,11,11,11,11,11,11,11,11,15,21,15,11,11,11,11,11,11,45,11,11,11,12,13,11,11,57,11,11,11,11,11,11,11,13,15,11,11,11,11,11,11,11,11,11,11,18,17,11,11,11,11,11,11,11,11,11,12,24,18,11,12,11,11,11,11,11,11,11,17,21,22,11,11,11,11,11,11,11,11,11,11,23,21,15,11,12,13,94,13,14,14,15,22,25
9.5,15,37,11,11,11,11,11,11,11,11,12,24,18,11,11,11,11,11,11,45,11,11,11,15,12,11,11,52,11,11,11,11,11,11,11,12,16,11,11,11,11,11,11,11,11,11,11,19,11,11,11,11,11,11,11,11,11,11,11,21,19,11,11,11,11,11,11,11,11,11,12,21,20,11,11,11,11,14,11,11,11,14,12,26,18,11,13,11,11,89,18,16,11,14,19,23
9.75,17,39,11,11,11,11,11,11,11,11,13,26,15,11,11,11,11,11,11,46,11,11,11,15,11,11,11,56,11,11,11,11,11,11,11,14,15,11,11,11,11,11,11,11,11,11,11,21,14,11,11,11,11,11,11,11,11,11,14,20,16,11,11,11,11,11,11,11,11,11,17,24,20,16,12,11,11,11,11,11,11,12,11,20,18,18,11,13,14,92,11,14,18,22,18,22
10,16,36,11,11,11,11,11,11,11,11,15,24,17,11,11,11,11,11,11,48,11,11,14,11,14,11,11,56,11,11,11,11,11,11,13,13,13,11,11,11,11,11,11,11,11,11,11,17,13,11,11,11,11,11,11,11,11,11,11,23,12,11,11,11,11,11,11,11,11,11,13,23,24,12,11,11,11,11,13,11,11,11,17,20,22,18,11,11,16,91,12,14,15,15,22,20
10.25,17,39,11,11,11,11,11,11,11,11,11,25,15,11,11,11,11,11,11,46,11,11,13,16,15,11,11,59,11,11,11,11,11,11,11,15,13,11,11,11,11,11,11,11,11,11,11,18,18,11,11,11,11,11,11,11,11,11,11,20,13,11,11,11,11,11,11,11,11,14,17,20,20,14,12,12,11,11,14,11,11,11,14,20,16,20,14,11,17,91,11,17,14,16,22,20
10.5,14,34,11,11,11,11,11,11,11,11,14,26,17,11,11,11,11,11,11,45,11,11,12,14,12,11,11,57,11,11,11,11,11,11,14,11,16,11,11,11,11,11,11,11,11,11,11,15,16,11,11,11,11,11,11,11,11,11,11,18,20,11,11,11,11,11,11,11,12,11,11,21,25,11,11,11,11,11,11,11,11,11,14,19,20,15,11,12,14,88,14,14,13,15,22,24
10.75,12,36,11,11,11,11,11,11,11,11,14,26,15,11,11,11,11,11,11,47,11,11,15,16,14,11,11,57,11,11,11,11,11,11,11,17,16,11,11,11,11,11,11,11,11,11,11,17,16,11,11,11,11,11,11,11,11,12,13,24,15,11,11,11,11,11,11,11,13,12,15,26,20,13,11,11,15,11,11,12,13,11,14,23,18,22,13,17,16,87,13,13,13,16,23,23
11,19,38,11,11,11,11,11,11,11,11,15,32,16,11,11,11,11,11,11,47,11,11,12,12,14,11,11,59,11,11,11,11,11,11,12,16,16,11,11,11,11,11,11,11,11,11,11,16,16,11,11,11,11,11,11,11,11,11,11,21,14,11,11,11,11,11,11,11,13,11,14,22,22,11,11,11,12,11,11,13,11,11,12,19,24,19,11,14,16,92,18,16,17,17,17,22
11.25,17,40,11,11,11,11,11,11,11,11,13,25,12,11,11,11,11,11,11,48,11,11,11,12,14,11,11,54,11,11,11,11,13,11,12,13,14,11,11,11,11,11,11,11,11,11,11,15,16,11,11,11,11,11,11,11,11,12,12,26,14,11,13,11,11,11,11,11,11,13,17,23,21,11,11,11,13,13,13,11,11,12,11,19,19,19,12,12,14,90,16,13,18,17,21,26
11.5,14,34,11,11,11,11,11,11,11,11,11,30,16,11,11,11,11,11,11,46,11,11,13,11,12,11,11,56,11,11,11,11,11,11,13,12,15,11,11,11,11,11,11,11,11,11,11,15,15,11,11,11,11,11,11,11,11,11,11,24,13,11,11,11,11,11,11,11,11,11,14,22,19,14,11,11,11,11,12,11,13,11,12,23,19,19,15,15,15,90,12,14,12,15,14,16
11.75,13,33,11,11,11,11,11,11,11,11,11,26,14,11,11,11,11,11,11,46,11,11,11,12,12,11,11,54,11,11,11,11,11,11,11,13,13,11,11,11,11,11,11,11,11,11,11,15,15,11,11,11,11,11,11,11,11,11,15,21,14,11,11,11,11,11,11,11,11,11,17,20,19,11,11,11,11,11,11,11,11,11,11,17,20,18,11,12,16,91,12,13,11,16,18,19
12,16,40,11,11,11,11,11,11,11,11,11,31,15,11,11,13,11,11,11,45,11,11,14,14,15,11,11,56,11,11,11,11,11,11,11,16,17,11,11,11,11,11,11,11,11,11,11,19,16,11,11,11,11,11,11,11,11,11,11,21,11,11,11,11,11,11,11,11,13,12,16,25,18,18,12,11,11,14,12,11,12,11,17,21,24,22,12,14,17,89,14,14,15,13,15,21
12.25,13,39,11,11,11,11,11,11,11,11,13,29,16,11,11,11,11,11,11,49,11,11,11,11,15,11,11,57,11,11,11,11,11,11,11,16,14,11,11,11,11,11,11,11,11,11,11,15,11,11,11,11,11,11,11,11,11,11,11,24,12,11,14,11,11,11,11,11,11,11,17,21,22,14,13,11,11,13,11,13,11,14,12,20,20,18,13,12,14,91,18,11,15,16,19,17
12.5,13,40,11,11,11,11,11,11,11,11,12,28,12,11,11,11,11,11,11,50,11,11,11,15,12,11,11,57,11,11,11,11,11,11,11,12,13,11,11,11,11,11,11,11,11,11,11,17,13,11,11,11,11,11,11,11,11,11,12,20,12,12,11,11,11,11,11,11,11,11,15,26,20,15,13,11,12,11,11,11,11,11,14,21,21,22,13,11,19,90,11,14,15,15,18,24
12.75,15,34,11,11,11,11,11,11,11,11,14,28,13,11,11,11,11,11,11,49,11,11,11,13,16,11,11,60,11,11,11,11,11,11,12,15,14,11,11,11,11,11,11,11,11,11,11,17,15,11,11,11,11,11,11,11,11,13,11,24,16,11,11,11,11,11,11,12,11,11,17,26,25,15,11,12,11,11,11,11,11,15,11,23,23,21,15,14,13,93,17,15,13,16,24,23
13,17,38,11,11,11,11,11,11,11,11,12,25,18,11,11,11,11,11,11,46,11,11,11,12,12,11,11,59,11,11,11,11,11,11,11,12,13,11,11,11,11,11,11,11,11,11,11,17,15,11,11,11,11,11,11,11,11,11,11,27,16,11,11,11,11,11,11,11,11,11,15,25,22,17,14,11,11,15,12,11,11,11,16,18,20,21,11,13,14,93,14,16,17,17,19,22
13.25,13,38,11,11,11,11,11,11,11,11,14,30,13,11,11,14,11,11,11,48,11,11,13,16,14,11,11,57,11,11,11,11,11,11,11,14,14,14,12,11,11,11,11,11,11,11,11,16,16,11,11,11,11,11,11,11,11,11,11,21,11,13,13,11,11,11,11,11,16,14,14,24,21,15,11,11,14,11,12,11,11,11,16,22,22,21,11,16,16,90,18,12,17,16,20,18
13.5,15,35,11,11,11,11,11,11,11,11,12,23,11,11,11,11,11,11,11,46,11,11,12,12,11,11,11,56,11,11,11,11,11,11,11,11,14,11,11,11,11,11,11,11,11,11,11,17,12,11,11,11,11,11,11,11,11,12,11,21,16,11,11,11,11,11,11,11,11,11,19,22,20,11,11,11,11,15,11,11,11,11,14,17,19,14,11,11,14,94,12,16,11,16,20,25
13.75,13,37,11,11,11,11,11,11,11,11,12,31,19,11,11,14,11,11,11,48,11,11,13,13,14,11,11,57,11,11,11,11,11,11,11,16,16,11,11,11,11,11,11,11,11,11,11,13,11,12,11,11,11,11,11,11,11,11,12,23,13,13,17,11,11,11,11,11,12,11,16,23,23,15,14,11,12,11,13,11,11,11,17,19,22,21,13,13,16,91,14,15,13,15,19,19
14,13,39,11,11,11,11,11,11,11,11,13,30,13,11,11,11,11,11,11,48,11,11,12,11,12,11,11,55,11,11,11,11,11,11,11,11,12,11,11,11,11,11,11,11,11,11,11,15,15,11,11,11,11,11,11,11,11,14,11,18,19,13,11,11,11,11,11,11,14,11,14,22,27,16,11,11,12,11,11,11,11,11,13,17,18,16,11,15,18,93,11,16,13,15,17,24
14.25,15,36,11,11,11,11,11,11,11,11,11,29,14,11,11,12,11,11,11,48,11,11,15,16,11,11,11,58,11,11,11,11,11,11,13,14,20,11,11,11,11,11,11,11,11,11,11,17,15,13,11,11,11,11,11,11,11,11,11,25,16,15,11,11,11,11,11,11,11,14,17,29,24,12,15,11,14,11,11,13,11,11,11,23,20,16,12,12,19,92,14,11,16,15,20,21
14.5,17,39,11,11,11,11,11,11,11,11,11,22,16,11,11,11,11,11,11,46,11,11,11,13,11,11,11,54,11,11,11,11,11,11,11,12,15,11,11,11,11,11,11,11,11,11,11,12,14,11,11,11,11,11,11,11,11,12,11,24,17,11,11,11,11,11,11,11,11,13,15,23,22,11,11,11,11,13,12,11,11,14,11,22,17,16,11,11,16,88,20,13,14,16,21,24
14.75,14,35,11,11,11,11,11,11,11,11,16,31,16,11,11,13,11,11,11,46,11,11,14,12,12,11,11,53,11,11,11,11,11,11,15,11,14,13,11,11,11,11,11,11,11,11,11,16,14,11,11,11,11,11,11,11,11,14,11,27,13,14,11,11,11,11,11,11,11,11,13,28,22,11,11,11,13,11,11,11,11,13,13,21,20,15,11,14,17,91,20,17,14,19,19,23
15,18,36,11,11,11,11,11,11,11,11,13,29,12,11,11,13,11,11,11,46,11,11,12,12,18,11,11,53,11,11,11,11,11,11,12,11,17,11,11,11,11,11,11,11,11,11,11,12,12,11,11,11,11,11,11,11,11,14,11,27,13,11,11,11,11,11,11,11,11,11,16,27,21,18,12,11,11,11,11,11,11,11,11,21,18,18,11,13,16,93,13,11,15,19,18,20
15.25,15,38,11,11,11,11,11,11,11,11,11,32,13,11,11,11,11,11,11,47,11,11,15,12,12,11,11,53,11,11,11,11,11,11,12,16,11,11,11,11,11,11,11,11,11,11,11,11,15,11,11,11,11,11,11,11,11,13,15,28,12,11,11,11,11,11,11,11,11,12,15,27,22,11,11,12,11,11,11,13,11,11,11,18,22,22,12,13,15,88,13,15,12,13,19,21
15.5,15,39,11,11,11,11,11,11,11,11,15,34,16,11,11,11,11,11,11,47,11,11,11,15,16,11,11,56,11,11,11,11,11,11,11,13,17,11,11,11,11,11,11,11,11,11,11,11,14,13,11,11,11,11,11,11,11,14,11,25,15,13,11,11,11,11,11,11,12,11,17,26,22,14,11,11,11,11,11,12,11,11,15,21,19,19,11,14,18,91,15,12,13,14,19,19
15.75,13,39,11,11,11,11,11,11,11,11,14,30,16,11,11,13,11,11,11,47,11,11,13,11,12,11,11,56,11,11,11,11,11,13,11,14,16,11,11,11,11,11,11,11,11,11,11,13,14,11,11,11,11,11,11,11,11,14,11,24,16,12,13,11,11,11,11,11,11,12,18,28,22,11,12,11,11,11,14,11,11,11,16,17,18,19,12,15,15,91,14,12,11,15,16,23
16,11,40,11,11,11,11,11,11,11,11,13,32,16,11,11,12,11,11,11,44,11,11,11,11,16,11,11,59,11,11,11,11,11,11,12,13,16,11,11,11,11,11,11,11,11,11,11,12,11,11,11,11,11,11,11,11,11,12,11,24,12,11,11,11,11,11,11,11,13,11,19,29,16,11,11,11,11,11,12,11,11,12,11,18,20,17,12,11,16,93,19,16,14,14,19,25
16.25,14,38,11,11,11,11,11,11,11,11,11,29,14,11,11,11,11,11,11,45,11,11,11,15,12,11,11,57,11,11,11,11,11,12,11,17,15,11,11,11,11,11,11,11,11,11,11,16,16,11,12,11,11,11,11,11,11,15,11,29,15,11,11,11,11,11,11,11,11,11,13,32,23,14,11,11,11,12,11,11,11,12,11,17,17,18,11,11,12,93,12,14,14,13,19,22
16.5,14,37,11,11,11,11,11,11,11,11,11,29,13,11,11,12,11,11,11,47,11,11,18,13,12,11,11,54,11,11,11,11,11,11,12,14,16,11,11,11,11,11,11,11,11,11,11,15,15,11,11,11,11,11,11,11,11,15,11,27,16,11,11,11,11,11,11,11,11,11,16,27,22,14,11,11,11,11,11,11,11,11,13,18,22,21,11,11,13,94,12,17,12,16,17,22
16.75,15,35,11,11,11,11,11,11,11,11,11,28,14,11,11,12,11,12,11,48,11,11,15,11,15,11,11,57,11,11,11,11,12,12,11,15,15,11,11,11,11,11,11,11,11,11,12,17,13,11,11,11,11,11,11,11,11,25,11,24,14,11,13,11,11,12,11,16,11,11,14,30,25,14,12,11,11,11,12,11,11,12,16,19,17,20,14,14,14,95,11,18,13,19,19,17
17,16,33,11,11,11,11,11,11,11,11,13,26,14,11,11,11,11,11,11,50,11,11,12,14,13,11,11,59,11,11,11,11,11,17,11,18,16,11,13,11,12,11,11,13,11,11,11,17,13,11,11,11,11,11,11,11,11,30,12,30,11,12,14,11,11,11,13,13,11,11,12,35,22,17,12,17,12,11,13,11,11,13,16,18,18,22,16,18,17,90,15,20,14,18,17,17
17.25,17,42,11,11,11,11,11,11,11,11,14,32,13,11,11,12,11,11,11,46,11,11,13,14,17,11,11,56,11,11,11,11,11,13,11,11,14,11,11,11,11,11,11,11,11,11,11,14,14,11,12,11,11,11,11,11,11,16,11,31,16,11,11,11,11,11,11,11,11,11,15,32,19,12,11,11,11,11,11,11,11,11,15,21,23,17,11,17,19,92,15,14,19,11,23,19
17.5,14,39,11,11,11,11,11,11,11,11,11,34,13,11,11,14,11,11,11,45,11,11,11,13,11,11,11,55,11,11,11,11,11,11,11,14,12,11,11,11,11,11,11,11,11,11,11,16,12,11,11,11,11,11,11,11,11,14,11,28,12,14,11,11,11,11,11,11,11,11,14,30,20,11,11,14,11,11,13,11,11,11,13,18,17,18,13,16,14,92,16,14,11,14,20,17
17.75,12,34,11,11,11,11,11,11,11,11,11,21,14,11,11,11,11,11,11,48,11,11,11,11,16,11,11,56,11,11,11,11,11,15,11,15,15,11,11,11,11,11,11,11,11,11,11,18,15,11,11,11,11,11,11,11,11,24,11,28,15,11,11,11,11,11,11,11,13,11,15,28,22,14,11,11,13,14,12,11,12,13,16,21,20,17,11,11,13,91,14,23,12,18,18,25
18,11,35,11,11,11,11,11,11,11,11,11,19,12,11,11,11,11,11,11,45,11,11,11,11,13,11,11,54,11,11,11,11,11,14,11,13,15,11,11,11,11,11,11,11,11,11,11,14,15,11,11,11,11,11,11,11,11,26,11,29,11,11,11,11,11,11,11,11,11,11,12,26,22,11,11,11,11,12,11,11,11,13,13,20,18,15,11,11,11,90,11,19,11,16,12,16
18.25,13,35,11,11,11,11,11,11,11,11,13,22,14,11,11,11,11,14,11,49,11,11,11,11,15,11,11,54,11,11,11,11,11,15,11,14,13,11,11,11,11,11,11,11,11,11,11,19,14,11,11,11,11,11,11,11,11,27,11,28,11,11,11,11,11,11,11,11,11,11,12,30,16,14,11,11,11,15,11,11,12,17,15,19,14,14,11,11,15,92,13,21,14,14,17,20
18.5,11,40,11,11,11,11,11,11,11,11,13,29,11,11,11,15,11,11,11,48,11,11,13,13,18,11,11,56,11,11,11,11,11,12,13,18,11,11,11,11,11,11,11,11,11,11,11,17,15,11,11,11,11,11,11,11,11,24,11,31,12,12,11,11,11,11,11,13,11,11,17,34,22,13,11,15,12,11,12,11,11,11,17,22,18,24,15,14,12,91,11,19,12,16,20,25
18.75,11,37,11,11,11,11,11,11,11,11,11,28,11,11,11,11,11,11,11,45,11,11,13,13,15,11,11,52,11,11,11,11,11,14,11,16,14,11,11,11,11,11,11,11,11,11,11,16,14,11,11,11,11,11,11,11,11,27,11,32,12,11,11,11,11,11,11,14,11,11,15,32,22,11,11,11,11,11,13,11,12,11,13,19,13,17,11,14,15,96,16,19,11,16,20,18
19,17,34,11,11,11,11,11,11,11,11,11,23,17,11,11,11,11,11,11,49,11,11,12,14,16,11,11,60,11,11,11,11,12,17,11,14,18,11,11,11,11,11,11,11,11,11,11,18,15,11,11,11,11,11,11,11,11,26,11,29,14,11,11,11,11,11,11,12,13,11,15,30,26,11,11,11,11,12,11,12,13,13,11,17,14,21,12,13,15,94,13,21,12,17,22,21
19.25,15,39,11,11,11,11,11,11,11,11,17,27,12,11,11,17,11,13,11,51,11,11,13,11,18,11,11,56,11,11,11,11,11,17,11,15,16,11,13,11,11,11,11,11,11,11,13,20,14,11,11,12,11,11,11,11,11,28,11,34,11,13,14,11,11,11,11,13,13,12,14,38,19,15,11,12,14,13,11,12,11,11,19,21,18,22,17,13,20,91,17,16,12,16,19,20
19.5,15,31,11,11,11,11,11,11,11,11,11,23,11,11,11,11,11,13,11,45,11,11,11,11,13,11,11,57,11,11,11,11,11,16,11,11,13,11,11,11,11,11,11,11,11,11,11,14,11,11,11,11,11,11,11,11,11,26,11,29,11,11,11,11,11,11,11,11,11,11,13,33,18,11,11,11,11,11,11,11,11,11,14,17,18,17,11,12,12,93,12,22,15,17,17,18
19.75,11,38,11,11,11,11,11,11,11,11,12,26,11,11,11,13,11,13,11,45,11,11,15,14,12,11,11,57,11,11,11,11,11,11,11,15,17,11,11,11,11,11,11,11,11,11,11,18,14,11,11,11,11,11,11,11,11,26,11,32,12,11,14,11,11,11,11,11,13,11,15,35,25,11,11,14,12,11,11,12,13,13,14,19,20,17,11,14,16,92,11,17,11,11,14,19
20,16,33,11,11,11,11,11,11,11,11,12,23,14,11,11,11,11,18,11,51,11,11,11,12,17,11,11,59,11,11,11,11,13,21,11,13,17,11,11,11,11,11,11,11,11,11,11,16,13,11,11,11,11,11,11,11,11,30,11,34,13,11,15,11,11,11,12,15,13,13,15,35,25,11,12,11,16,14,13,13,14,16,16,21,18,18,13,18,17,91,14,17,15,15,17,25
20.25,14,38,11,11,11,11,11,11,11,11,12,26,12,11,11,11,11,15,11,46,11,11,11,11,17,11,12,58,11,11,11,11,11,22,11,13,16,11,11,11,11,11,11,11,11,11,11,14,15,11,12,11,11,11,11,11,11,29,11,29,14,11,11,11,11,11,11,15,13,11,15,37,24,13,12,11,13,12,13,12,15,12,11,21,16,17,11,17,13,96,17,23,14,19,18,19
20.5,15,37,11,11,11,11,11,11,11,11,14,22,15,11,11,11,11,14,11,44,11,11,11,13,17,11,11,55,11,11,11,11,11,21,11,11,18,11,11,11,11,11,11,11,11,11,11,13,14,11,11,11,11,11,11,11,11,33,11,31,11,11,11,11,11,11,11,11,11,11,15,26,23,11,12,11,11,11,11,11,11,12,12,18,23,15,16,12,11,93,11,25,14,18,17,22
20.75,14,35,11,11,11,11,11,11,11,11,13,20,14,11,11,11,11,11,11,43,11,11,11,11,12,11,11,55,11,11,11,11,11,16,11,11,16,11,11,11,11,11,11,11,11,11,11,12,11,11,11,11,11,11,11,11,11,30,11,29,18,11,11,11,11,11,11,11,12,11,11,33,21,11,11,11,11,11,11,11,11,15,15,20,20,13,11,11,11,92,12,20,15,15,17,21
21,14,31,11,11,11,11,11,11,11,11,12,27,11,11,11,11,11,13,11,48,11,11,14,11,13,11,11,58,11,11,11,11,11,23,11,14,17,11,11,11,11,11,11,11,11,11,11,11,14,11,11,11,11,11,11,11,11,29,11,32,12,11,11,11,11,11,11,13,11,11,16,35,21,15,11,11,11,12,11,11,17,12,15,19,20,17,11,11,16,92,12,22,12,20,18,15
21.25,15,36,11,11,11,11,11,11,11,11,11,25,12,11,11,12,11,15,11,48,11,11,11,11,13,11,11,60,11,11,11,11,11,17,11,13,19,11,11,11,11,11,11,11,11,11,11,17,12,11,11,13,11,11,11,11,11,25,11,33,11,11,11,11,11,11,11,15,14,12,16,32,25,12,11,11,11,12,14,11,11,12,14,21,20,23,11,12,17,94,14,20,11,17,20,23
21.5,14,39,11,11,11,11,11,11,11,11,14,33,14,11,11,17,11,16,11,47,11,11,15,14,22,11,12,61,11,11,11,11,11,17,11,12,20,11,11,11,11,11,11,11,11,11,11,17,16,11,11,11,11,11,11,11,11,32,11,36,12,11,11,11,11,11,11,16,12,11,18,42,24,15,11,12,11,11,12,12,13,11,17,17,19,22,12,18,14,93,20,19,21,16,18,19
21.75,12,38,11,11,11,11,11,11,11,11,11,26,11,11,11,11,11,11,11,46,11,11,11,14,19,11,11,57,11,11,11,11,11,16,11,15,16,11,11,11,11,11,11,11,11,11,11,16,13,11,11,11,11,11,11,11,11,33,11,35,14,11,11,11,11,11,11,16,12,11,15,36,22,11,11,11,11,12,11,11,14,16,13,19,14,20,12,16,17,92,12,18,13,17,22,21
22,16,36,11,11,11,11,11,11,11,11,12,28,15,11,11,11,11,11,11,49,11,11,13,11,19,11,11,54,11,11,11,11,11,21,11,12,19,11,11,11,11,11,11,11,11,11,11,14,13,11,11,11,11,11,11,11,11,25,11,35,13,11,11,11,11,11,11,13,13,11,14,38,22,13,11,11,11,13,13,11,11,12,18,22,18,17,11,13,15,94,11,17,15,16,20,20
22.25,14,36,11,11,11,11,11,11,11,11,11,25,14,11,11,11,11,15,11,46,11,11,11,11,14,11,11,59,11,11,11,11,11,23,11,11,16,11,11,11,11,11,11,11,11,11,11,12,15,11,11,11,11,11,11,11,11,27,11,32,12,11,11,11,11,11,12,12,11,11,17,37,23,11,11,11,11,12,13,11,11,12,18,21,23,21,11,12,19,90,11,17,11,15,17,21
22.5,15,38,11,11,11,11,11,11,11,11,15,28,15,11,11,12,11,20,11,52,11,11,13,15,16,11,11,54,11,11,11,11,16,25,11,16,17,11,12,11,11,11,11,13,11,11,11,18,15,11,11,11,11,11,11,11,11,35,13,37,13,12,14,11,12,11,11,16,16,11,17,38,22,17,11,15,15,12,15,11,14,16,19,22,22,21,11,13,14,94,12,18,16,17,21,20
22.75,16,34,11,11,11,11,11,11,11,11,11,28,15,11,11,11,11,16,11,47,11,11,11,11,13,11,11,53,11,11,11,11,11,24,12,12,17,11,11,11,11,11,11,11,11,11,11,11,14,11,11,11,11,11,11,11,11,28,11,34,19,11,12,11,11,11,11,11,11,11,13,34,21,11,11,11,11,11,11,11,15,12,16,23,19,16,11,13,14,94,15,20,11,22,20,22
23,15,35,11,17,11,11,11,11,11,11,11,20,15,11,11,11,11,15,11,50,11,11,11,11,15,11,11,56,11,11,11,11,11,28,11,15,19,11,11,11,11,11,11,11,11,11,11,13,12,11,11,11,11,11,11,11,11,32,11,33,17,11,11,11,11,11,11,11,11,11,12,29,22,11,11,11,11,11,11,11,11,13,13,17,19,15,15,11,11,87,13,21,12,17,18,24
23.25,14,41,11,11,11,11,11,11,11,11,12,25,11,11,11,11,11,18,11,51,11,11,11,11,16,11,11,59,11,11,11,11,12,27,11,11,14,11,11,11,11,11,11,11,11,11,11,13,13,11,13,11,11,11,11,11,11,31,11,37,13,11,11,11,11,11,11,14,12,11,15,40,22,11,11,11,11,15,15,11,11,13,14,23,18,21,12,13,22,93,19,19,13,16,17,20
23.5,11,37,11,11,11,11,11,11,11,11,13,29,11,11,11,12,11,21,11,49,11,11,12,12,20,11,11,58,11,11,11,11,12,26,11,15,15,11,13,11,11,11,11,11,11,11,11,14,11,11,13,12,11,11,11,11,11,34,11,37,12,11,11,11,11,11,11,14,11,11,17,38,23,14,11,11,11,11,11,11,13,12,16,20,20,21,12,13,18,96,11,20,14,15,20,20
23.75,11,38,11,11,11,11,11,11,11,11,16,28,16,11,11,14,11,21,11,46,11,11,15,14,16,11,11,61,11,11,11,11,12,23,13,14,16,11,12,11,11,11,11,11,11,11,11,15,16,11,11,11,11,11,11,11,11,35,11,37,18,11,11,11,11,11,11,16,12,11,20,37,25,13,11,11,12,13,12,15,14,17,15,25,15,18,11,13,18,90,15,20,12,18,17,22
24,12,33,11,11,11,11,11,11,11,11,15,28,13,11,11,11,11,16,11,51,11,11,11,11,19,11,11,57,11,11,11,11,15,29,12,12,20,11,11,11,11,11,11,11,13,11,11,13,12,11,12,11,13,11,11,11,12,37,11,39,15,12,11,11,11,11,11,17,13,13,18,44,24,11,11,11,11,12,14,11,11,13,14,20,20,17,11,14,16,94,14,19,12,17,20,20
24.25,14,37,11,11,11,11,11,11,11,11,11,26,12,11,11,11,11,20,11,50,11,11,15,11,16,11,11,53,11,11,11,11,11,26,11,13,14,11,12,11,11,11,11,11,11,11,11,16,12,11,13,11,11,11,11,11,11,30,11,36,16,11,11,11,11,11,11,13,11,11,16,40,22,11,11,11,11,11,11,13,11,11,14,19,22,20,11,11,16,96,11,15,13,11,18,22
24.5,14,38,11,11,11,11,11,11,11,11,12,26,15,11,11,11,11,18,11,47,11,11,12,11,14,11,11,55,11,11,11,11,11,24,11,14,15,11,12,11,11,11,11,11,11,11,11,14,11,11,11,11,11,11,11,11,11,37,11,36,14,11,12,11,11,11,11,14,11,11,16,35,21,14,11,11,11,11,11,11,11,14,14,19,20,17,11,11,13,93,17,18,11,15,19,19
24.75,11,36,11,11,11,11,11,11,11,11,12,24,11,11,11,14,11,20,11,52,11,11,11,11,14,11,11,57,11,11,11,11,11,26,11,11,16,11,12,11,11,11,11,11,11,11,11,16,17,11,11,11,11,11,11,11,11,37,11,37,11,11,11,11,11,11,11,17,14,11,14,40,22,14,11,11,13,11,11,12,13,15,16,22,17,19,11,12,14,94,12,20,14,17,22,22
25,13,36,11,11,11,11,11,11,11,11,13,24,13,11,11,11,11,17,11,47,11,11,11,11,16,11,11,55,11,11,11,11,11,26,11,16,19,11,11,11,11,11,11,11,11,11,11,14,14,11,11,11,11,11,11,11,11,35,11,36,15,11,14,11,11,11,11,11,11,11,17,37,25,12,11,11,11,11,11,11,11,11,12,21,21,17,12,11,18,92,14,18,15,19,17,18
25.25,15,38,11,11,11,11,11,11,11,11,12,23,14,11,11,11,11,21,11,50,11,11,11,12,18,11,11,58,11,11,11,11,11,30,11,12,15,11,11,11,11,11,11,11,11,11,13,16,16,11,11,11,11,11,11,11,11,43,11,39,13,11,11,11,11,11,11,12,14,11,20,38,22,13,11,11,11,11,12,14,11,13,13,25,18,17,11,11,13,93,18,24,11,23,22,23
25.5,15,34,11,11,11,11,11,11,11,11,12,23,14,11,11,11,11,22,11,52,11,11,11,13,17,11,11,56,11,11,11,11,11,28,11,15,16,11,11,11,11,11,11,11,11,11,11,16,17,11,11,11,11,11,11,11,11,36,11,36,12,11,11,11,11,11,11,16,11,11,18,40,24,11,11,11,11,11,11,15,11,19,14,23,22,15,11,11,16,94,16,24,14,17,18,20
25.75,13,34,11,11,11,11,11,11,11,11,11,26,17,11,11,11,11,17,11,48,11,11,12,11,16,11,11,57,11,11,11,11,16,30,11,16,15,11,11,11,11,11,11,11,11,11,11,16,11,11,11,11,11,11,11,11,11,36,11,34,11,11,11,11,11,11,11,12,13,11,14,43,21,11,11,11,11,11,11,13,11,13,14,21,15,17,11,11,13,92,14,23,11,17,19,19
26,11,38,11,11,11,11,11,11,11,11,11,19,13,11,11,11,11,19,11,48,11,11,13,11,14,11,11,56,11,11,11,11,11,29,11,11,16,11,11,11,11,11,11,11,11,11,11,18,12,11,11,11,11,11,11,11,11,41,11,37,12,11,11,11,11,11,11,13,11,11,13,35,26,11,11,11,11,11,11,13,11,11,11,21,14,18,11,11,14,89,11,23,17,15,18,18
26.25,14,36,11,11,11,11,11,11,11,11,15,29,12,11,11,12,11,21,11,52,11,11,12,11,15,11,11,59,11,11,11,11,11,30,11,17,16,11,15,11,11,11,11,11,11,11,11,16,15,11,11,11,11,11,11,11,11,41,11,40,11,11,11,11,11,11,11,17,11,11,15,40,22,11,13,11,14,11,15,13,14,13,14,19,17,19,11,14,14,92,20,20,11,17,21,18
26.5,11,36,11,11,11,11,11,11,11,11,11,24,13,11,11,11,11,18,11,47,11,11,11,11,18,11,11,61,11,11,11,11,11,27,12,11,15,11,15,11,11,11,11,11,11,11,11,12,11,11,11,11,11,11,11,11,11,44,11,35,11,11,11,11,11,11,11,12,11,11,17,43,19,11,11,11,11,11,11,12,12,11,14,20,18,21,13,12,16,93,11,22,11,15,18,15
26.75,16,36,11,11,11,11,11,11,11,11,12,21,14,11,11,11,11,22,11,46,11,11,11,11,14,11,11,57,11,11,11,11,11,30,11,15,18,11,11,11,11,11,11,11,11,11,11,13,11,11,11,11,11,11,11,11,11,47,11,43,16,11,12,11,11,11,11,12,11,11,14,35,24,11,11,11,11,11,11,18,11,11,13,21,19,17,11,13,11,92,15,25,16,16,17,19
27,12,37,13,11,11,11,11,11,11,11,15,26,12,11,11,13,11,23,11,46,11,11,11,11,14,11,11,55,11,11,11,11,13,30,11,12,13,11,11,11,11,11,11,11,11,11,11,17,17,11,11,11,11,11,11,11,11,46,11,38,16,11,11,11,11,11,11,16,11,12,19,38,24,16,11,11,11,13,11,18,12,15,11,22,15,20,11,14,18,94,16,21,13,13,20,23
27.25,15,35,12,11,11,11,11,11,11,11,11,26,13,11,11,11,11,23,11,51,11,11,15,13,18,11,11,57,11,11,11,11,13,32,11,12,15,11,12,11,11,11,11,11,11,11,11,14,13,11,11,11,13,11,11,11,11,43,11,40,13,11,15,14,11,11,11,13,16,11,16,42,25,12,12,11,11,11,14,16,11,11,14,19,16,13,11,13,17,94,11,24,13,20,19,20
27.5,14,39,11,11,11,11,11,11,11,11,13,27,17,11,11,12,11,26,11,47,11,11,13,11,22,11,12,55,11,11,11,11,13,36,11,16,16,11,11,11,11,11,11,11,11,11,11,15,15,11,14,11,11,11,11,11,12,48,11,37,16,11,11,11,11,11,11,16,11,11,17,40,25,11,11,11,12,11,14,15,11,12,16,20,17,18,11,15,16,88,16,21,11,17,20,19
27.75,13,36,11,11,11,11,11,11,11,11,13,24,16,11,11,11,11,24,11,54,11,11,11,11,15,11,11,53,11,11,11,11,13,35,11,12,17,11,11,11,11,11,11,11,11,11,11,15,13,11,11,11,15,11,11,11,11,47,11,42,16,11,11,11,11,11,11,18,13,11,13,40,23,11,11,11,11,11,11,16,14,18,15,23,20,14,11,12,16,91,15,24,13,19,17,24
28,18,35,12,11,11,11,11,11,11,11,12,24,13,11,11,11,11,26,11,51,11,11,11,11,14,11,11,57,11,11,11,11,11,35,11,14,20,11,12,11,11,11,11,11,11,11,11,15,13,11,12,11,11,11,11,11,11,50,11,41,16,11,13,11,11,11,11,17,11,11,15,37,24,12,11,11,12,11,11,16,11,16,14,19,17,13,11,13,16,90,17,21,15,19,19,20
28.25,11,37,11,11,11,11,11,11,11,11,11,26,13,11,11,11,11,25,11,51,11,11,13,13,16,11,11,58,11,11,11,11,15,36,13,11,18,11,11,11,11,11,11,11,11,11,11,18,14,11,11,11,11,11,11,11,11,49,11,41,15,11,13,11,11,11,11,15,11,15,16,37,27,13,11,11,11,11,11,16,12,16,15,24,20,15,11,11,15,94,14,26,14,19,17,21
28.5,18,36,12,11,11,11,11,11,11,11,12,25,13,11,11,11,11,25,11,44,11,11,13,14,14,11,11,57,11,11,11,11,14,39,11,13,20,11,12,11,11,11,11,11,13,11,11,18,16,11,13,11,12,11,11,11,12,48,11,41,14,11,13,11,11,11,11,16,11,11,15,38,23,11,11,11,11,11,11,11,11,15,13,23,15,18,11,12,12,91,15,27,11,17,17,23
28.75,11,40,11,11,11,11,11,11,11,11,11,31,14,11,11,20,11,27,11,49,11,11,16,16,16,11,11,57,11,11,11,11,12,36,11,14,18,11,12,11,11,11,11,11,11,11,13,20,14,11,11,12,11,11,11,11,11,55,11,45,16,15,13,11,11,11,11,17,12,15,19,42,20,13,14,11,12,13,12,16,11,11,16,21,19,17,11,13,16,91,19,19,13,17,21,22
29,17,40,11,11,11,11,11,11,11,11,12,29,11,11,11,12,11,24,11,56,11,11,15,11,18,11,11,59,11,11,11,11,15,38,12,16,19,11,14,11,11,11,11,11,11,11,11,15,12,11,16,11,12,11,11,11,11,59,11,38,16,11,17,11,11,11,11,18,11,12,22,44,20,11,12,11,15,12,11,17,11,17,12,21,20,19,11,14,18,92,17,25,15,21,20,22
29.25,16,37,11,11,11,11,11,11,11,11,15,30,15,11,11,15,11,29,11,51,11,11,12,13,20,11,11,58,11,11,11,11,14,34,13,12,15,11,14,11,11,11,11,12,11,11,15,18,12,11,11,12,12,11,11,11,11,54,11,46,16,11,14,12,11,11,11,18,14,15,22,41,25,12,12,14,11,17,13,16,11,15,15,27,18,19,11,16,20,96,13,23,14,16,19,21
29.5,14,40,11,11,11,11,11,11,11,11,12,31,11,11,11,24,11,29,11,52,11,11,15,11,21,11,11,55,11,11,11,11,12,35,14,18,16,13,15,11,11,11,11,11,11,11,11,15,12,11,12,12,12,11,11,11,11,56,11,44,12,16,12,11,11,11,11,22,17,14,18,47,20,12,12,16,13,11,11,17,11,14,11,19,18,17,18,15,21,94,15,19,12,16,17,22
29.75,16,39,11,11,11,11,11,11,11,11,11,33,11,12,11,21,11,28,11,52,11,11,14,11,19,15,11,54,11,11,11,11,14,34,13,15,15,11,17,11,11,11,11,11,11,11,11,17,16,11,11,14,14,11,11,11,11,48,11,45,13,12,14,11,14,11,11,20,14,13,22,44,21,17,12,13,14,11,15,13,11,14,13,23,19,19,13,12,17,93,12,15,12,18,25,22
30,11,44,11,11,11,11,11,11,11,11,13,32,11,11,11,23,11,24,11,54,11,11,14,12,18,12,11,55,11,11,11,11,14,36,13,14,17,13,18,11,11,11,11,13,11,11,11,12,11,11,12,11,11,11,11,11,11,48,11,43,12,16,11,13,11,11,11,17,11,13,14,46,21,13,11,12,14,11,11,12,11,11,16,22,18,20,15,17,20,90,14,20,13,13,19,21
30.25,12,44,11,11,11,11,11,11,11,11,12,30,11,11,11,20,11,29,11,47,11,11,15,11,16,11,11,58,11,11,12,11,16,37,11,13,16,11,16,11,11,11,11,11,11,11,13,15,13,11,11,11,11,11,11,11,11,52,11,43,11,13,15,11,11,11,11,21,11,12,16,43,19,13,11,13,12,11,14,16,11,11,14,22,14,19,12,14,15,92,15,20,14,15,21,22
30.5,12,40,12,11,11,11,11,11,11,11,15,32,11,12,11,21,11,25,11,48,11,11,19,13,20,11,11,58,11,11,11,11,14,36,14,16,16,11,14,12,11,11,11,11,11,11,14,20,16,11,11,11,12,11,11,11,11,57,12,43,11,15,11,11,11,11,11,21,14,16,15,44,21,14,11,14,12,11,13,16,13,11,12,24,18,21,11,15,12,91,17,19,13,15,20,19
30.75,13,41,11,11,11,11,11,11,11,14,17,34,11,11,11,22,11,26,11,54,11,11,16,18,21,11,11,58,11,11,11,11,17,35,11,18,15,11,19,11,11,11,11,12,11,11,12,18,18,12,11,12,12,11,11,11,11,51,14,46,15,11,11,11,11,11,11,19,15,14,23,46,19,14,15,12,14,11,11,19,11,11,18,22,18,22,11,16,19,95,15,21,16,20,21,20
31,13,42,11,11,11,11,11,11,11,11,13,28,11,11,11,23,11,26,11,50,11,11,13,11,17,11,11,54,11,11,11,11,15,38,14,14,17,11,13,11,11,11,11,11,11,11,15,14,16,11,11,11,11,11,11,11,11,61,11,40,16,13,15,11,11,11,13,20,14,14,16,43,24,19,12,12,12,11,15,14,12,11,17,18,16,22,11,15,16,91,11,23,14,18,19,22
31.25,16,37,13,16,11,11,11,11,11,11,11,18,11,11,11,11,11,26,11,47,11,11,11,11,20,11,11,55,11,11,11,11,12,44,11,13,16,11,15,11,11,11,11,11,11,11,11,14,14,11,11,11,11,11,11,11,11,60,11,40,14,11,12,11,11,11,11,11,11,11,15,27,28,11,11,11,11,11,11,15,11,13,15,20,16,15,14,15,16,92,19,28,14,19,15,18
31.5,15,42,11,11,11,11,11,11,11,11,17,29,11,11,11,26,11,26,11,52,11,11,16,12,21,11,11,61,11,14,11,11,13,40,14,15,17,13,19,11,11,11,11,14,11,11,13,19,16,11,11,14,12,11,11,11,11,58,11,44,13,15,13,13,11,13,11,21,15,15,21,40,23,17,14,12,12,11,11,17,13,15,18,22,17,22,14,17,19,94,18,21,15,18,17,21
31.75,18,38,14,11,11,11,11,11,11,11,15,26,16,11,11,14,11,25,11,50,11,11,14,14,21,11,11,59,11,11,11,11,11,42,16,16,19,11,22,13,11,11,11,11,11,11,12,20,15,11,11,13,15,11,11,11,11,56,11,45,14,11,16,11,11,11,11,22,14,14,15,38,20,15,11,11,16,11,17,19,13,14,20,24,21,19,11,17,19,93,16,26,14,21,24,20
32,16,36,12,11,11,11,11,11,11,11,16,21,16,11,11,17,11,25,11,54,11,11,17,11,11,11,11,59,11,11,11,11,14,45,11,11,14,11,18,11,11,11,11,11,11,11,12,13,15,11,11,11,14,11,11,11,11,66,11,45,19,11,13,11,11,11,11,16,14,12,18,34,25,14,11,11,11,12,11,16,11,14,15,21,21,21,11,12,16,94,18,25,13,17,16,19
32.25,14,41,16,11,11,11,11,11,11,11,15,27,13,11,11,18,11,30,11,53,11,11,17,15,16,11,11,59,11,11,11,11,17,38,13,13,16,11,20,11,11,11,11,11,11,11,15,19,15,12,11,11,16,11,11,11,12,63,13,42,15,11,15,11,11,11,11,21,15,12,21,35,21,14,11,13,12,11,11,21,12,16,16,19,19,21,11,12,20,92,14,27,18,17,19,18
32.5,16,41,11,11,11,11,11,11,11,11,14,26,11,11,11,25,11,29,11,51,11,11,16,11,21,11,11,54,11,12,11,11,13,39,12,16,16,11,22,11,11,11,11,15,11,11,13,19,12,13,11,11,13,11,11,11,12,62,11,42,21,17,12,13,12,12,11,21,13,13,19,38,19,17,11,12,14,11,12,16,11,11,14,20,18,18,13,16,20,95,18,19,11,16,20,23
32.75,11,35,11,11,11,11,11,11,11,11,14,29,13,11,11,15,11,27,11,50,11,11,16,11,20,11,11,59,11,11,11,11,13,47,13,12,17,11,18,11,11,11,11,11,11,11,11,16,16,11,11,11,12,11,11,11,11,61,11,39,19,11,13,11,11,11,11,17,14,11,15,35,22,11,11,11,12,11,11,19,11,16,18,23,14,19,11,17,13,92,18,29,11,20,21,19
33,13,43,11,11,11,11,11,11,11,11,15,29,13,12,11,26,11,24,11,52,11,11,14,14,16,11,11,60,11,11,11,11,14,43,15,17,12,11,23,11,11,11,11,12,11,11,13,16,16,11,13,11,15,11,11,13,11,64,11,41,12,13,12,11,12,11,11,19,12,14,17,37,22,17,11,13,13,11,11,16,14,13,15,20,14,19,13,16,19,91,15,23,15,17,22,20
33.25,14,36,11,11,11,11,11,11,11,11,15,31,11,11,11,13,11,23,11,51,11,11,15,11,18,11,11,59,11,11,11,11,11,46,11,16,17,11,19,12,11,11,11,11,11,11,11,15,16,11,15,11,13,11,11,11,11,61,11,43,14,11,14,11,11,11,11,18,15,16,19,33,25,13,11,14,12,11,11,18,11,15,21,19,19,16,11,12,19,89,14,25,11,18,21,20
33.5,17,38,11,11,11,11,11,11,11,11,16,30,11,11,11,25,11,26,11,49,11,11,16,13,25,11,11,56,11,11,15,12,14,42,13,14,19,11,23,11,11,13,11,13,11,11,13,17,15,11,11,11,16,11,11,11,14,61,11,42,21,13,20,13,13,11,11,23,14,16,18,36,23,15,14,11,15,11,13,15,14,13,20,19,16,17,14,15,20,92,14,20,11,19,21,19
33.75,15,39,13,11,11,11,11,11,11,11,17,32,12,13,11,16,11,25,11,55,11,11,19,12,17,11,11,59,11,11,14,11,14,46,14,14,18,11,22,11,11,11,11,11,11,12,12,19,15,11,13,11,11,11,11,11,13,63,11,44,16,15,11,11,12,11,13,23,11,12,19,33,21,15,11,11,14,12,13,16,14,12,17,20,17,17,11,16,17,90,16,20,14,19,20,22
34,15,38,15,11,11,11,11,11,11,14,18,30,11,12,11,26,11,27,11,48,13,11,16,16,22,11,12,62,11,11,15,11,15,47,15,18,17,11,25,12,13,11,11,13,11,11,14,17,16,13,11,11,15,11,11,13,14,69,11,45,16,17,17,11,13,11,11,22,14,11,21,36,24,19,13,13,12,11,15,22,11,15,16,23,18,15,14,19,24,88,15,20,12,18,23,20
34.25,13,44,11,11,11,11,11,11,11,13,16,33,11,14,11,23,11,18,11,52,11,11,16,13,15,11,11,57,11,11,11,11,11,44,17,14,14,11,25,11,11,11,11,11,11,11,12,17,20,11,11,11,15,11,11,11,11,58,11,43,15,13,13,11,11,11,11,18,13,14,19,31,25,20,11,11,14,11,12,18,11,11,21,24,14,22,12,14,19,93,24,17,14,15,22,23
34.5,14,42,12,11,11,11,11,11,11,11,14,29,12,11,11,27,11,31,11,56,11,11,20,13,21,11,11,61,11,11,11,12,14,45,14,17,14,11,28,11,11,11,11,13,11,12,16,20,17,11,14,11,16,11,11,14,13,70,11,47,12,12,14,14,15,12,11,22,15,16,19,36,23,16,15,14,11,11,16,19,11,17,18,27,17,15,11,17,18,91,22,21,14,17,29,29
34.75,14,41,11,11,11,11,11,11,11,14,16,28,11,15,11,24,11,25,11,55,11,11,19,11,21,14,11,61,11,11,12,11,13,45,13,16,16,11,24,11,11,11,11,14,11,11,17,19,11,14,11,11,15,11,11,11,11,70,11,46,18,12,13,13,13,11,11,20,11,13,24,34,20,14,13,13,16,11,14,17,11,12,15,24,16,22,14,16,20,96,17,22,16,18,19,18
35,15,41,11,11,11,11,11,11,11,11,15,29,12,11,11,24,11,24,11,52,11,11,16,11,17,11,11,57,11,11,13,11,18,42,13,12,14,11,24,11,11,11,11,15,11,11,13,15,13,11,11,11,12,11,11,11,11,71,11,39,14,11,16,11,15,11,11,20,15,15,14,37,20,16,13,11,13,11,11,14,12,12,16,21,17,16,14,12,18,91,18,22,16,13,20,19
35.25,15,43,12,11,11,11,11,11,11,11,14,32,13,11,11,19,11,31,11,51,11,11,14,12,21,11,11,61,11,11,11,11,14,49,16,12,20,11,24,13,11,11,11,11,11,11,12,17,19,11,11,15,16,11,11,11,14,67,12,39,15,12,13,11,11,11,11,17,12,15,20,31,22,14,11,12,16,11,14,20,14,15,16,25,20,19,11,16,16,92,23,18,11,19,19,26
35.5,12,41,12,11,11,11,11,11,11,11,18,33,14,11,11,24,11,31,11,57,11,11,14,13,23,13,11,59,11,11,12,11,16,50,15,16,17,15,24,11,11,11,11,15,11,13,14,17,17,11,14,11,14,11,11,11,11,74,11,45,17,11,11,12,12,13,11,25,18,15,20,34,23,14,11,11,12,11,13,18,13,13,16,20,20,21,11,14,18,93,22,22,12,19,23,20
35.75,11,40,12,11,11,11,11,11,11,12,13,23,16,11,11,24,11,30,11,55,11,11,16,11,19,11,11,56,11,11,13,13,11,50,16,19,18,12,26,11,12,11,11,15,11,11,14,23,18,11,12,15,15,11,11,11,11,73,11,40,17,13,14,13,16,11,12,16,15,13,16,33,23,19,11,14,14,12,15,22,12,13,14,22,18,19,12,17,18,93,20,23,18,17,21,24
36,16,43,13,11,11,11,11,11,11,13,15,27,13,11,11,24,11,29,11,53,11,11,18,14,23,13,11,57,11,12,11,11,11,46,14,14,18,11,28,11,11,11,11,11,11,11,13,15,14,11,11,13,14,11,11,14,11,73,11,43,16,14,14,13,14,11,12,21,12,11,20,33,22,17,14,11,13,11,15,18,13,18,18,18,16,18,13,12,21,88,18,21,11,17,17,21
36.25,15,36,13,11,11,11,11,11,11,11,16,26,13,11,11,14,11,23,11,52,11,11,13,13,16,11,11,55,11,11,11,11,11,55,16,14,17,11,26,11,11,11,11,11,11,11,12,21,20,11,11,13,16,11,11,11,11,76,11,42,15,11,11,11,11,11,11,20,13,13,17,29,22,12,11,11,12,14,11,20,13,18,18,26,21,16,12,11,14,95,21,27,15,17,20,19
36.5,19,44,12,11,11,11,11,11,11,11,18,35,13,11,11,20,11,25,11,50,11,11,19,12,18,14,11,59,11,11,11,11,15,49,17,16,23,11,32,11,11,11,11,11,11,11,14,18,18,11,13,11,21,11,11,11,16,69,11,43,16,12,18,11,12,11,11,16,15,15,21,31,26,15,19,12,16,11,13,24,12,16,17,23,16,15,14,18,18,92,26,27,21,19,22,23
36.75,12,42,11,11,11,11,11,11,11,13,17,32,14,11,11,21,11,27,11,50,11,11,18,15,20,11,11,59,11,11,11,11,12,51,18,14,16,11,27,12,11,11,11,13,11,11,14,21,15,12,13,14,13,11,11,11,13,76,11,41,15,11,13,11,17,11,15,17,11,11,17,32,25,15,11,11,15,11,16,19,11,13,15,22,17,19,12,13,18,92,22,19,18,17,21,21
37,12,41,11,11,11,11,11,11,11,11,17,34,15,14,11,23,11,26,11,56,11,11,13,14,16,14,11,60,11,11,12,11,11,51,15,17,20,13,29,11,15,11,11,15,11,12,14,19,18,12,15,12,13,11,11,12,14,69,11,40,22,18,16,12,11,14,11,19,17,14,24,29,24,18,14,13,11,11,13,16,13,17,22,27,20,15,12,15,25,93,26,24,15,20,23,26
37.25,14,43,15,11,11,11,11,11,11,11,16,33,13,13,11,17,11,26,11,52,11,11,15,13,17,11,11,58,11,11,11,11,13,49,16,14,17,11,34,12,11,11,11,12,13,12,16,19,16,11,11,12,13,11,11,15,13,73,11,43,13,15,14,11,13,11,11,18,16,15,23,35,24,16,11,15,13,11,14,21,12,16,20,22,17,16,11,16,18,96,22,17,11,20,23,21
37.5,15,42,11,11,11,11,11,11,11,13,14,30,12,13,11,18,11,22,11,51,11,11,17,12,14,11,13,56,11,11,11,11,13,53,16,15,15,11,36,13,12,11,11,11,11,11,18,21,17,11,11,11,16,11,11,11,14,73,11,42,18,11,16,11,13,11,11,12,12,14,21,34,22,17,11,11,14,11,15,19,16,17,19,24,17,19,11,13,18,93,24,23,14,17,23,21
37.75,15,41,14,11,11,11,11,11,11,11,18,31,13,11,11,21,11,25,11,51,11,11,20,11,14,11,11,59,11,11,11,11,11,55,18,15,20,11,34,11,11,11,11,12,11,11,13,20,18,11,11,11,16,11,11,11,15,73,11,38,17,11,11,11,14,11,11,22,11,14,21,34,27,15,12,11,15,11,13,21,15,12,14,27,17,18,11,19,23,94,22,21,13,22,22,20
38,11,44,11,11,11,11,11,11,11,12,16,33,12,11,11,25,11,25,11,53,11,11,14,14,17,11,11,54,11,11,11,11,11,52,14,13,14,11,37,11,11,11,11,14,11,11,16,18,17,11,11,11,12,11,11,11,12,72,14,42,17,13,11,11,14,11,11,19,15,12,20,32,22,18,11,11,13,11,16,18,13,11,14,25,17,19,13,12,20,88,20,20,15,17,21,22
38.25,15,40,15,11,11,11,11,11,11,14,17,29,17,14,11,21,11,23,11,55,13,11,19,17,16,13,11,54,11,11,13,11,13,53,18,16,21,11,40,11,15,11,11,12,12,11,11,21,18,11,11,15,18,11,11,12,14,68,11,42,17,11,12,11,16,12,11,19,14,18,18,34,27,16,11,11,11,11,16,19,12,16,21,25,19,21,11,15,22,92,22,16,17,15,22,19
38.5,19,41,11,11,11,11,12,11,11,11,16,27,11,11,11,20,11,22,11,54,11,11,18,15,18,11,11,59,11,11,11,11,11,57,19,13,19,11,39,11,12,11,11,13,11,11,17,19,19,11,12,16,17,11,11,11,13,74,11,39,16,11,11,11,14,11,11,14,17,17,20,31,22,14,11,11,13,11,17,17,11,14,17,22,15,17,11,16,17,93,21,23,13,17,22,20
38.75,13,42,15,11,11,11,11,11,11,11,14,33,13,17,12,20,11,24,11,53,11,11,16,12,16,11,11,59,11,11,11,11,13,55,15,15,21,11,38,11,11,11,11,12,11,14,12,17,17,11,15,11,22,11,11,13,13,78,12,45,20,15,18,11,11,11,11,16,15,15,16,30,23,16,13,11,16,11,15,22,11,13,20,26,20,18,11,19,15,92,24,22,14,14,22,20
39,18,45,17,11,11,11,13,11,11,11,14,24,14,11,11,17,11,23,11,53,11,11,18,16,16,11,12,59,11,11,11,11,13,61,16,12,18,11,37,11,14,11,11,11,11,11,14,18,16,11,15,16,17,11,11,11,16,80,11,44,20,11,13,11,12,11,11,13,14,11,20,32,31,17,13,11,15,12,16,22,15,16,20,21,18,16,14,19,17,90,22,26,16,17,19,22
39.25,14,44,15,11,11,11,14,11,11,11,19,25,13,11,11,16,11,27,11,56,14,11,18,15,23,16,14,57,11,11,13,11,12,60,15,17,21,11,39,11,12,11,11,15,11,11,15,17,21,11,11,15,24,11,11,17,17,78,11,44,23,11,14,11,16,14,11,17,13,14,21,31,28,17,16,12,17,15,16,23,14,19,20,26,19,17,12,16,21,95,21,22,17,19,20,22
39.5,16,43,11,11,11,11,14,11,11,11,18,25,13,11,11,11,11,26,11,48,11,11,16,13,18,11,12,57,11,11,11,11,12,61,14,12,23,11,41,14,11,11,11,15,11,11,14,16,18,11,15,11,21,11,11,11,11,83,11,40,19,11,11,11,13,11,11,16,18,11,17,27,26,11,11,11,12,11,12,17,13,21,17,23,11,18,13,11,16,90,16,29,14,17,24,22
39.75,16,42,14,11,11,11,11,11,11,11,14,27,12,11,12,19,11,25,11,53,11,11,16,20,21,11,13,56,11,11,11,11,12,57,20,13,18,11,43,15,13,11,11,13,11,11,17,20,20,11,15,11,17,11,11,11,17,79,11,44,21,13,11,11,12,12,11,17,17,13,21,30,26,16,16,11,14,11,16,21,13,14,17,21,18,15,11,15,22,91,21,21,13,16,22,19
40,13,41,11,11,11,11,11,11,11,11,16,34,12,14,11,20,11,27,11,55,11,11,17,11,21,12,14,61,11,12,11,11,11,56,16,16,21,11,47,11,11,13,11,16,11,12,15,14,18,14,11,11,20,11,11,18,13,78,12,46,20,16,15,11,15,14,11,15,16,13,23,34,26,13,12,12,17,11,17,17,11,14,19,25,17,19,11,19,20,90,21,24,14,14,31,25
40.25,14,44,12,11,11,11,14,11,11,12,14,34,12,11,11,21,11,28,11,55,14,11,17,11,14,12,12,63,11,11,11,11,13,58,17,13,16,11,44,13,14,11,11,15,11,11,15,19,18,11,12,15,20,11,11,14,15,83,11,45,15,12,14,11,16,13,12,17,14,13,22,34,26,19,16,14,16,11,14,16,12,18,16,25,17,19,12,14,22,89,24,20,13,21,29,20
40.5,15,44,15,11,11,11,11,11,11,11,17,34,11,14,12,23,11,26,11,53,11,11,19,15,17,13,14,63,11,11,11,13,12,60,15,19,21,11,46,12,16,11,11,16,11,12,12,18,18,11,12,15,15,11,11,12,14,82,11,42,22,13,12,13,17,11,11,14,14,15,20,31,28,16,12,11,14,11,16,19,14,14,17,24,18,17,14,17,15,87,26,23,14,18,21,24
40.75,11,40,11,11,11,11,11,11,11,14,18,29,11,11,11,17,11,24,11,54,12,11,19,11,19,11,11,58,11,11,11,11,13,57,17,17,19,11,42,11,11,11,11,11,11,11,11,19,20,11,12,17,16,11,11,13,13,81,11,42,16,18,11,11,15,11,11,16,12,16,20,29,24,19,13,11,16,12,18,21,17,11,14,26,14,16,13,16,21,95,22,21,13,20,25,24
41,16,36,13,11,11,11,12,11,11,12,18,29,11,11,11,18,11,31,11,56,11,11,18,15,16,11,15,63,11,11,11,11,11,62,15,14,17,11,45,13,11,14,11,14,11,11,14,17,17,13,14,15,21,11,11,12,14,82,11,44,15,14,12,11,14,11,12,17,12,16,20,33,24,16,11,11,17,12,22,16,11,14,16,25,22,18,11,18,20,89,21,21,18,16,26,22
41.25,11,42,11,11,11,11,11,11,11,11,14,27,11,11,11,18,11,28,11,52,11,11,17,12,18,11,12,56,11,11,11,11,11,63,15,15,17,11,47,11,13,11,11,12,11,11,16,17,17,13,13,16,15,11,11,11,12,84,11,45,21,13,18,12,15,11,14,21,15,12,15,30,27,17,15,13,16,11,18,21,15,16,17,21,17,12,11,17,25,90,23,22,14,18,23,22
41.5,16,43,11,11,11,11,16,11,11,11,18,25,11,11,11,14,11,27,11,51,11,11,16,17,14,11,11,58,11,11,11,11,14,65,11,13,19,11,48,13,11,11,11,15,11,11,17,18,19,11,11,11,20,11,11,12,18,87,14,42,23,11,17,11,15,11,11,19,15,11,21,32,25,17,12,11,12,11,19,20,11,18,15,25,20,14,12,15,17,90,26,25,13,19,24,21
41.75,11,43,11,11,11,11,14,11,11,11,15,28,11,11,11,19,11,28,11,56,11,11,16,11,23,11,12,53,11,11,11,11,11,63,14,18,21,11,53,15,13,15,11,14,14,11,15,16,19,11,14,15,18,11,11,14,14,88,14,43,21,14,13,11,13,12,11,17,14,15,23,33,27,16,15,13,15,13,13,16,11,16,18,23,14,16,13,15,20,89,22,26,12,17,21,25
42,15,41,15,11,11,11,14,11,11,11,13,23,11,11,13,15,11,27,11,55,11,11,13,11,19,11,12,58,11,11,11,11,11,71,11,15,18,11,48,14,13,11,11,11,11,11,12,17,19,11,13,13,22,11,11,11,17,94,11,43,19,14,13,11,15,11,11,16,13,11,21,26,26,11,11,11,15,11,18,22,12,16,17,21,21,13,14,15,16,90,25,29,15,19,25,20
42.25,15,43,14,11,11,11,13,11,11,12,11,22,13,11,11,12,11,28,11,51,11,11,16,14,17,11,12,59,11,11,11,11,11,67,18,13,21,11,52,15,15,15,11,11,11,11,15,17,19,11,11,14,21,11,11,12,13,90,11,44,18,11,16,11,15,11,11,19,14,15,21,25,28,14,13,11,14,11,16,21,12,17,19,27,18,16,17,16,17,94,24,29,15,18,23,19
42.5,17,51,16,11,11,11,15,11,11,11,17,31,14,11,12,18,11,27,11,54,13,11,16,11,16,11,14,59,11,11,11,11,13,66,15,14,15,11,52,11,17,13,11,13,11,11,11,13,16,12,11,12,18,11,11,14,17,88,11,40,19,13,15,11,14,11,11,16,18,16,22,30,22,15,14,11,16,11,19,19,11,17,15,21,19,15,11,14,18,92,23,28,13,20,23,21
42.75,15,42,18,12,11,11,18,11,11,11,19,22,13,11,11,11,11,31,11,54,12,11,15,14,15,11,19,61,11,11,11,11,11,72,15,16,23,11,54,11,11,15,11,13,11,11,11,21,22,11,13,18,22,11,11,11,14,95,11,41,17,11,15,11,13,11,11,15,14,11,20,33,30,17,15,11,15,13,22,18,11,19,16,26,17,15,14,16,20,93,23,28,16,21,27,23
43,11,40,12,11,11,11,16,11,11,11,15,29,11,14,12,21,11,25,11,52,11,11,18,12,21,14,16,60,11,12,12,12,14,63,18,14,16,11,53,15,16,15,11,11,11,11,11,19,21,12,14,13,16,11,13,13,11,92,14,41,19,13,16,11,16,11,13,22,17,11,23,31,25,17,15,14,15,11,16,18,14,18,20,26,16,20,12,14,19,85,22,24,16,20,24,25
43.25,15,44,15,11,11,11,12,11,11,11,12,28,12,11,11,22,11,33,11,59,11,11,15,15,21,11,13,63,11,11,11,11,11,65,15,13,19,11,56,11,14,17,11,15,11,11,11,20,19,11,13,15,22,11,12,13,13,94,12,47,21,14,15,12,18,11,11,18,12,14,20,35,28,13,14,11,19,11,18,19,12,15,20,24,15,17,16,15,22,88,18,22,14,21,28,23
43.5,17,45,17,11,11,11,16,11,11,11,16,24,11,14,11,17,11,32,11,51,11,11,15,12,17,11,14,59,11,11,11,11,11,70,17,16,24,11,58,12,13,12,11,14,12,11,11,18,21,11,11,17,24,11,11,11,21,101,11,45,23,11,11,11,17,11,11,17,13,12,24,34,28,11,11,11,16,13,21,20,13,19,22,27,18,16,15,15,16,97,24,26,15,22,25,22
43.75,16,43,15,11,11,11,16,11,11,13,18,31,11,12,11,25,11,31,11,52,14,11,16,16,21,11,14,59,11,15,11,12,14,68,19,14,22,11,61,11,16,17,11,15,11,11,14,19,22,14,14,13,21,11,11,14,18,99,11,39,18,14,18,12,17,11,13,21,15,12,23,33,28,17,18,11,22,11,25,16,14,18,21,28,19,19,12,17,24,89,24,25,21,24,25,22
44,14,39,11,11,11,11,15,11,11,11,16,28,15,11,11,19,11,32,11,53,11,11,16,13,21,11,13,62,11,11,11,13,11,64,16,17,20,11,63,11,16,15,11,14,11,11,11,18,20,14,14,16,19,11,11,14,13,95,11,44,20,16,14,11,17,11,11,16,16,14,17,28,28,15,12,11,16,11,17,16,14,19,17,28,16,14,11,17,18,90,22,22,13,20,30,21
44.25,16,38,12,11,11,11,18,11,11,11,14,27,12,11,11,18,11,31,11,52,12,11,13,15,15,11,17,56,11,11,11,14,11,69,15,14,20,11,62,11,13,13,11,11,13,11,18,15,24,11,12,14,20,11,11,11,14,101,11,39,20,13,13,11,14,11,11,15,16,12,20,31,28,17,12,11,14,11,18,16,15,18,19,25,16,13,17,11,18,90,25,27,14,20,26,22
44.5,13,43,15,11,11,11,20,11,11,11,19,29,13,13,11,19,11,26,11,51,11,11,17,14,18,15,16,58,11,11,11,13,12,69,15,15,20,11,67,12,17,15,11,11,11,11,11,16,19,15,11,17,23,11,11,11,15,95,13,41,23,13,13,13,16,11,14,18,17,14,22,31,24,15,14,13,16,11,17,20,11,15,16,28,13,21,13,14,19,90,19,24,17,23,26,26
44.75,12,42,13,11,11,11,17,11,11,11,19,27,11,12,11,18,11,32,11,51,11,11,15,14,21,11,14,60,11,11,11,12,13,68,16,15,20,11,64,11,15,15,13,11,11,11,13,19,23,12,11,12,20,11,11,12,19,96,11,43,18,19,12,11,14,11,14,19,13,15,20,36,31,15,11,12,14,11,22,17,15,11,17,26,15,17,13,17,15,90,20,23,16,19,26,27
45,11,44,15,11,11,11,14,11,11,11,13,31,11,11,11,18,11,28,11,55,11,11,15,12,21,13,13,57,11,15,12,11,12,66,15,17,22,11,65,13,14,16,11,11,11,11,12,15,20,11,12,15,22,11,11,11,11,97,12,39,19,17,11,11,15,11,11,19,12,11,17,34,25,11,17,11,18,11,18,18,16,17,16,24,20,12,13,14,16,88,21,21,12,20,27,18
45.25,19,40,15,12,11,11,20,11,11,11,11,18,13,11,11,11,11,27,11,54,11,11,16,12,21,11,13,61,11,11,11,11,11,78,12,12,24,11,68,12,14,14,11,11,11,11,11,15,24,11,13,16,25,11,11,12,12,105,11,40,23,11,11,11,13,11,11,12,14,14,14,35,25,11,12,11,13,11,22,24,11,21,20,28,15,16,15,19,16,87,27,33,14,20,26,18
45.5,17,43,17,11,11,11,17,11,11,11,16,27,11,12,11,19,11,27,11,54,11,11,17,17,23,13,18,59,11,12,11,14,14,76,15,15,25,11,65,12,19,13,11,16,11,11,14,17,21,11,16,16,24,11,11,16,19,103,11,43,19,15,11,11,14,11,11,18,16,17,23,32,29,14,14,11,19,12,23,25,16,17,18,24,19,18,12,17,16,94,22,28,16,18,29,19
45.75,11,41,16,11,11,11,16,11,11,11,15,30,12,11,12,16,11,34,11,56,11,11,14,15,15,11,11,60,11,11,11,13,11,71,16,13,25,11,73,15,15,18,11,11,11,13,11,19,20,12,16,15,16,11,11,11,14,100,11,45,19,12,15,11,17,11,12,17,17,14,21,31,27,11,14,12,15,11,20,21,17,15,20,26,19,16,11,17,20,86,23,20,15,18,28,21
46,15,41,17,11,11,11,25,11,11,11,13,18,11,11,11,12,11,29,11,51,11,11,11,13,17,11,14,58,11,11,11,11,11,74,15,15,20,11,69,11,17,15,11,11,11,11,11,16,21,11,13,13,28,11,11,11,12,105,11,39,21,11,11,11,15,11,11,13,12,11,21,34,27,11,11,11,15,12,20,19,11,20,16,27,19,20,14,16,16,90,24,30,15,16,26,22
46.25,15,44,15,11,11,11,16,11,11,11,14,29,11,13,15,19,11,32,11,56,12,11,15,14,19,11,13,57,11,11,11,11,13,71,16,15,22,11,72,11,20,16,11,11,11,12,13,15,23,12,13,11,24,11,11,13,16,110,11,43,18,15,15,11,18,11,14,20,17,12,20,30,27,16,14,11,17,11,20,20,13,16,17,24,18,20,12,14,19,87,27,22,13,19,25,23
46.5,17,44,20,11,13,11,21,11,11,12,23,30,14,12,13,19,11,34,11,57,11,11,19,18,23,11,17,62,11,14,14,15,15,78,17,19,27,13,76,13,20,19,13,17,12,12,15,18,21,11,15,19,26,13,11,15,17,106,11,44,21,17,19,11,18,13,18,23,15,16,23,35,26,16,15,14,20,11,24,22,18,25,21,29,16,18,14,17,20,92,24,28,14,23,32,23
46.75,16,45,17,11,11,11,21,11,11,11,17,31,12,19,13,21,11,29,11,56,13,11,21,16,22,13,18,62,11,12,13,12,16,74,14,21,24,12,76,16,20,18,12,13,11,13,17,19,22,14,14,17,26,11,11,14,14,108,16,41,24,20,21,13,22,11,15,21,19,17,25,37,29,16,21,12,22,11,20,19,13,20,20,32,17,22,14,22,19,92,23,21,15,20,29,22
47,15,43,19,11,11,11,21,13,11,11,16,31,13,13,18,21,11,34,11,57,11,14,21,17,16,12,15,56,11,11,11,20,15,74,17,17,26,11,75,16,19,17,11,12,15,15,15,16,22,15,13,16,25,11,11,11,17,109,16,46,24,15,16,11,18,11,12,20,18,18,25,33,27,19,15,14,19,13,20,17,14,21,21,30,22,21,13,15,21,93,27,24,17,18,30,22
47.25,19,44,21,11,11,11,25,11,11,11,14,24,14,11,11,18,11,34,11,58,11,11,16,13,19,11,16,61,11,11,11,12,11,73,15,15,25,11,77,11,19,16,11,12,11,11,15,21,19,11,11,18,28,11,11,12,13,115,12,43,24,11,13,11,16,11,14,12,16,17,19,28,28,13,15,11,18,11,18,21,13,20,21,29,19,16,13,14,17,91,25,34,20,21,24,24
47.5,15,47,21,11,11,11,23,11,11,11,20,29,14,12,15,22,11,29,13,55,11,11,20,19,19,14,12,60,11,11,15,19,17,75,18,20,26,12,81,12,22,19,11,16,11,11,14,21,20,15,13,21,27,12,11,11,14,109,15,45,23,16,18,11,19,11,13,17,16,20,21,36,26,17,17,11,17,11,21,25,19,17,23,34,19,20,16,17,19,91,28,24,18,22,31,27
47.75,20,47,22,13,13,11,28,11,11,11,12,24,17,12,12,14,11,38,11,56,11,11,15,16,23,12,17,62,11,11,11,18,13,82,16,17,26,11,82,16,17,18,11,13,11,15,11,18,23,13,16,18,30,11,11,11,18,117,15,45,19,15,15,11,17,17,12,15,17,16,22,36,33,13,13,11,18,14,22,25,21,23,21,31,21,17,15,15,16,93,26,32,15,21,29,25
48,16,47,20,11,11,11,24,11,11,11,16,31,12,11,12,19,11,32,11,56,11,11,15,18,18,12,16,60,11,12,14,13,16,78,15,19,22,11,80,15,22,18,11,12,11,11,14,20,22,12,14,13,27,12,13,12,17,115,13,45,22,18,14,12,17,11,15,20,16,13,26,32,33,17,12,11,15,12,25,22,17,22,21,27,19,17,17,18,21,91,24,25,13,16,31,22
48.25,17,45,27,11,11,11,24,11,11,11,19,30,16,11,13,22,11,38,11,60,12,11,18,18,19,17,16,61,11,11,12,16,18,77,17,19,25,14,89,18,20,19,12,16,13,16,16,20,21,12,16,20,28,11,14,13,21,115,13,46,21,18,15,11,24,13,17,22,16,17,22,41,32,21,13,14,19,11,25,23,19,20,24,32,19,17,17,19,22,91,25,21,15,20,34,23
48.5,12,43,22,11,11,11,27,11,11,11,16,27,14,11,11,19,11,34,11,55,11,11,18,14,18,14,19,59,11,12,12,16,14,82,19,19,24,11,89,14,23,18,11,12,11,11,17,20,21,12,16,16,28,11,11,11,19,120,12,45,21,16,11,13,21,11,15,15,16,13,22,36,32,15,12,14,18,14,24,19,14,19,19,30,17,16,13,14,16,93,24,26,19,21,30,22
48.75,19,44,25,11,11,11,27,11,11,11,16,30,17,14,11,20,11,36,11,57,11,11,20,16,16,13,15,63,11,11,14,12,14,82,16,15,22,11,89,13,21,20,11,17,12,13,13,21,26,16,15,19,28,12,11,12,18,117,15,45,25,19,13,11,17,12,15,19,19,19,25,36,31,19,15,14,15,13,24,23,16,20,23,32,21,17,13,17,19,96,27,23,16,16,30,24
49,22,47,30,20,22,11,27,11,11,11,13,18,15,11,12,11,11,42,11,59,11,11,17,13,20,11,15,62,11,11,11,16,12,91,15,18,29,11,85,16,17,20,11,11,14,11,11,19,21,11,16,17,30,13,11,11,12,125,11,39,22,17,12,11,20,11,11,14,16,14,20,32,32,17,15,11,15,14,24,23,18,23,23,28,20,18,19,17,22,96,24,40,16,19,30,25
49.25,15,47,24,11,11,11,26,11,11,11,17,28,11,14,14,22,11,37,14,56,11,11,19,17,21,11,14,61,11,12,13,14,14,79,15,16,25,11,91,16,23,20,12,13,11,11,13,17,24,11,16,17,23,15,13,16,20,122,14,46,21,19,14,13,18,12,17,21,15,17,23,33,34,18,18,17,16,13,22,20,18,18,17,33,15,21,14,16,16,91,21,26,16,16,32,26
49.5,16,45,24,11,14,11,26,11,11,13,19,29,14,17,13,24,11,40,11,59,14,12,18,20,22,13,21,65,11,12,11,17,11,84,20,19,25,11,92,13,25,22,14,19,11,11,19,22,23,15,18,19,32,13,11,15,17,122,17,46,24,17,13,11,21,11,13,24,20,16,25,36,26,19,18,15,22,11,24,21,18,21,21,34,19,24,15,16,20,94,29,26,17,21,30,24
49.75,20,45,23,11,13,11,24,11,11,11,15,26,13,13,12,18,11,36,11,61,11,11,18,19,19,13,17,63,11,12,11,17,17,84,19,19,29,11,91,16,24,19,12,13,12,12,16,20,23,11,17,17,34,13,13,14,21,124,12,46,22,16,17,11,23,11,12,17,16,18,23,37,32,17,20,11,18,12,25,19,16,21,20,35,19,16,16,14,21,92,24,27,18,20,28,20
50,13,49,27,11,14,11,28,11,11,11,16,25,13,11,11,15,11,38,11,61,11,11,17,16,22,11,19,62,11,11,11,14,12,86,14,17,27,11,91,18,20,20,11,11,11,11,12,21,20,11,18,15,34,12,11,12,16,126,11,43,19,16,15,11,19,11,15,19,19,13,24,34,31,15,13,11,19,12,23,24,17,18,22,31,18,19,16,15,23,93,25,26,18,20,36,25
50.25,15,45,27,11,11,11,24,11,11,12,18,28,13,12,11,22,11,40,11,58,11,11,21,19,18,11,16,59,11,11,12,20,11,85,24,18,24,11,96,13,23,22,14,13,12,12,18,17,19,16,14,18,31,13,13,12,15,126,17,45,24,11,15,11,24,12,14,21,15,19,21,37,30,15,14,11,22,11,23,22,18,18,19,30,19,19,11,16,18,92,25,27,13,21,33,23
50.5,17,50,24,11,15,11,27,11,11,11,17,27,13,11,12,17,11,37,11,62,11,12,21,19,22,15,16,61,11,11,11,20,17,88,21,19,26,11,97,12,24,22,12,14,11,15,16,19,21,17,14,20,29,11,11,14,19,126,12,50,22,22,18,11,23,13,15,18,20,19,27,39,29,18,20,14,17,11,24,19,21,19,18,30,17,17,11,14,18,97,25,25,14,22,34,23
50.75,13,48,24,11,12,11,31,11,11,11,16,30,12,11,12,19,11,38,11,60,11,11,16,15,17,14,17,62,11,12,15,20,14,81,16,20,25,11,96,15,27,19,11,13,11,11,11,19,19,16,16,12,31,11,11,13,15,126,12,48,21,17,15,13,19,11,14,18,16,14,23,37,27,15,13,15,20,11,23,18,13,18,19,33,18,18,15,13,20,96,22,29,13,15,31,23
51,15,47,23,11,12,11,24,11,11,11,16,29,11,11,12,22,11,38,11,58,13,11,19,18,21,11,15,67,11,12,13,21,13,86,13,18,28,11,97,13,28,23,13,11,11,14,13,23,24,12,14,21,31,14,11,14,18,130,11,48,19,18,16,13,19,12,19,20,16,17,26,35,30,17,17,13,20,11,26,21,18,20,23,34,18,20,15,17,21,95,23,30,18,23,27,23
51.25,23,44,32,11,11,11,30,11,11,11,19,27,16,11,15,15,11,41,11,65,13,11,20,17,21,11,18,64,11,11,12,18,14,89,20,21,28,11,101,16,21,29,13,13,14,13,15,25,21,13,18,14,33,13,11,13,14,139,15,43,27,18,16,11,21,11,20,17,15,15,22,31,32,16,19,13,16,18,23,25,16,22,22,36,19,22,16,15,22,95,27,35,16,25,33,24
51.5,16,46,28,11,15,11,30,11,11,11,13,25,15,12,14,20,11,31,11,56,11,11,18,16,17,11,15,60,11,12,11,19,15,90,17,20,31,11,98,12,23,20,11,11,11,13,12,18,22,15,11,14,31,14,11,13,18,136,14,43,22,18,17,11,14,11,13,17,16,19,23,33,31,16,11,12,16,14,21,19,14,23,21,34,19,19,12,16,17,92,25,33,17,21,29,18
51.75,15,46,27,11,11,11,27,11,11,11,19,25,12,19,13,22,11,36,11,57,11,11,19,16,18,12,16,61,11,11,11,17,16,90,18,19,28,12,105,16,29,24,13,15,11,13,14,21,23,12,14,15,33,14,13,11,16,132,12,46,17,22,18,12,20,13,15,20,17,21,25,35,27,17,17,14,18,15,23,23,15,19,19,33,20,21,13,15,21,89,24,23,14,23,31,24
52,13,49,30,11,11,11,27,11,11,11,15,30,11,14,16,18,11,40,11,62,12,11,18,17,20,11,18,64,11,13,15,21,13,89,18,20,25,12,108,14,26,25,11,17,11,12,12,24,21,15,15,18,31,15,11,11,15,135,13,49,21,19,19,16,25,13,19,20,15,16,24,39,34,13,12,13,25,13,22,17,18,21,19,37,22,19,14,14,21,92,26,29,13,17,31,28
52.25,22,45,34,14,11,11,33,11,11,11,18,21,18,11,12,13,11,42,11,54,11,11,19,18,21,11,22,61,11,11,11,19,15,93,19,19,31,11,105,14,26,21,11,14,11,13,12,19,26,11,14,19,35,16,11,11,18,137,17,50,23,15,15,11,18,13,17,18,18,18,19,37,31,17,20,11,19,12,21,23,20,21,22,31,20,15,15,16,21,94,24,34,17,22,33,21
52.5,17,46,31,11,12,11,30,12,11,11,16,29,13,11,13,18,11,40,11,59,12,11,21,17,19,12,14,63,11,11,12,22,16,91,20,19,23,11,106,13,26,25,12,17,11,12,15,20,24,17,14,14,35,15,15,15,18,139,19,45,24,17,14,11,20,11,15,15,19,17,27,36,31,16,19,15,17,11,27,23,16,20,22,33,18,21,14,14,17,92,23,28,18,18,35,26
52.75,22,45,28,11,13,11,30,11,11,11,19,21,14,13,15,17,11,45,11,61,11,11,17,17,22,11,18,59,11,11,11,20,13,92,17,17,25,11,109,15,25,23,11,17,11,14,18,16,21,11,18,18,35,13,14,11,20,136,12,47,20,18,16,11,22,12,19,15,15,16,22,33,31,14,13,11,20,11,29,23,17,20,20,34,18,15,19,11,17,92,27,29,18,27,31,21
53,20,48,37,15,18,11,32,11,11,11,15,21,11,11,11,14,11,43,11,62,14,11,19,15,27,11,25,62,11,11,11,19,16,94,16,18,26,11,108,16,23,24,11,13,14,13,12,22,26,11,18,18,33,18,12,11,16,145,12,48,22,19,14,11,22,15,15,18,19,16,20,36,29,17,16,11,22,16,30,24,16,25,19,29,19,16,11,21,20,94,19,30,19,21,33,21
53.25,15,46,29,12,11,11,31,11,11,11,15,31,12,11,12,23,11,37,11,61,11,11,23,19,19,17,19,60,11,12,15,16,11,94,19,20,24,11,112,15,24,25,11,15,11,13,14,19,22,16,14,17,31,15,15,12,18,135,15,46,22,15,19,11,21,11,17,23,20,14,22,36,28,14,15,13,19,11,24,18,19,22,20,36,22,22,14,12,19,90,24,26,15,17,32,25
53.5,12,44,35,11,12,11,35,11,11,11,16,28,11,12,15,21,11,43,11,63,11,11,21,16,18,12,17,67,11,11,12,18,15,93,18,18,23,12,112,13,24,28,11,15,11,11,16,19,23,14,13,19,32,11,12,14,18,137,12,48,22,16,17,11,21,13,16,22,14,12,21,34,30,16,22,13,20,13,26,25,19,21,22,33,21,15,11,18,23,94,20,30,20,21,32,25
53.75,14,46,33,11,12,11,28,11,11,11,18,26,13,14,13,19,11,40,11,62,11,11,19,16,21,12,18,64,11,12,15,17,15,92,17,19,24,13,116,14,25,22,11,14,11,13,18,21,24,18,18,18,31,14,11,12,20,142,16,51,20,19,16,11,24,12,16,21,18,18,26,37,30,17,17,13,19,11,25,20,13,21,19,34,18,18,12,16,18,94,28,28,18,19,32,24
54,16,48,31,11,13,11,34,11,11,11,19,25,13,13,13,20,11,43,11,64,11,11,19,19,19,18,19,66,11,11,13,17,16,96,20,18,26,11,118,13,32,27,14,17,11,15,16,19,25,17,14,17,35,16,13,16,18,142,16,49,21,22,18,14,23,13,22,18,15,17,26,37,30,18,16,15,25,14,27,21,19,22,23,36,23,20,16,14,20,94,21,29,16,18,31,28
54.25,20,46,36,11,11,11,34,11,11,11,17,22,15,16,14,18,11,41,11,59,11,11,18,14,21,11,18,60,11,11,12,21,16,99,21,21,27,11,119,11,29,26,13,15,13,15,17,20,22,14,13,22,31,15,12,14,21,141,13,49,24,19,13,11,24,14,20,13,20,16,26,34,32,16,17,11,23,12,26,23,18,21,22,36,24,16,15,11,19,93,22,32,13,20,36,23
54.5,14,49,40,11,17,11,31,11,11,12,19,28,11,14,18,20,11,45,11,61,11,11,24,17,21,11,21,64,11,11,17,19,14,95,17,20,25,11,118,14,29,27,12,18,15,11,15,26,25,17,12,22,36,14,11,15,19,143,14,46,23,22,20,14,22,16,18,22,17,21,23,37,30,20,18,12,23,15,24,20,16,25,18,35,15,19,14,14,19,94,24,29,13,22,33,23
54.75,19,45,40,11,15,11,40,11,11,11,16,22,14,12,14,15,11,42,11,59,11,11,16,17,18,11,20,63,11,11,11,23,11,104,17,19,30,11,121,13,30,28,11,13,12,11,12,19,20,11,16,18,36,17,11,14,18,149,16,46,22,15,13,11,26,11,18,18,15,16,21,32,31,16,17,12,18,13,25,17,20,24,20,35,19,15,12,16,19,95,29,34,18,19,36,20
55,14,45,36,11,15,11,32,11,11,11,16,27,12,12,13,20,11,44,11,60,11,11,19,14,21,16,14,63,11,13,14,20,14,96,14,19,27,15,122,16,30,24,13,13,11,11,13,16,21,16,16,18,33,16,11,13,15,144,16,42,22,22,15,11,22,14,18,21,22,18,21,35,29,15,13,14,24,13,23,21,16,20,17,35,15,19,15,17,22,93,28,31,17,19,33,22
55.25,15,46,39,11,16,11,36,11,11,11,16,27,12,11,16,18,11,45,11,59,12,11,20,18,18,11,12,63,11,11,12,16,12,96,19,19,23,11,125,15,29,25,11,13,11,11,13,20,26,11,11,19,35,15,11,13,15,143,12,48,24,16,18,11,22,11,18,20,19,19,27,33,32,17,13,12,20,14,29,20,18,23,18,31,20,18,12,11,15,91,21,26,14,20,31,24
55.5,18,48,45,13,17,11,34,11,11,13,17,28,13,13,14,17,11,42,11,60,12,11,20,22,19,14,20,61,11,11,11,24,13,103,17,20,28,11,122,13,30,24,11,12,11,13,13,21,25,11,14,18,35,14,11,13,21,151,14,47,18,20,16,11,27,12,20,18,15,13,25,38,32,18,18,15,20,13,29,20,17,25,24,36,21,17,16,17,18,94,27,35,12,25,37,24
55.75,15,44,38,11,16,11,39,11,11,11,16,26,12,13,15,13,11,42,11,58,11,12,17,17,17,11,19,62,11,11,12,17,14,106,17,19,27,11,125,15,28,24,11,13,11,11,15,18,23,11,18,17,37,12,11,13,15,148,14,47,22,19,17,11,20,11,17,15,17,19,22,37,31,14,12,11,23,11,29,18,19,20,19,37,16,16,11,18,19,92,27,31,15,18,32,20
56,16,53,43,11,15,11,35,11,11,11,14,19,14,13,14,20,11,44,11,59,11,11,17,17,18,13,18,62,11,11,11,21,16,104,11,20,24,11,128,14,29,26,15,15,11,11,18,19,23,13,14,17,38,12,11,11,19,150,13,49,22,18,15,11,25,13,16,18,16,17,22,33,31,18,15,12,18,13,28,18,20,24,20,37,18,15,19,11,18,94,26,32,17,21,30,23
56.25,19,49,46,11,14,11,37,11,11,11,17,27,12,12,13,21,11,43,11,63,11,11,18,17,20,16,18,62,11,12,11,20,18,101,20,18,25,12,129,11,25,28,11,14,12,14,16,17,23,17,15,21,32,17,11,16,12,148,19,45,23,20,17,15,26,11,20,24,16,23,26,35,29,20,17,13,24,11,28,23,15,23,18,35,17,19,15,18,18,88,17,26,11,20,29,23
56.5,16,46,44,11,11,11,36,11,11,15,16,27,11,12,12,19,11,42,11,63,11,11,17,15,23,15,17,65,11,11,15,23,14,102,19,19,25,11,130,16,32,28,11,16,13,11,15,20,20,17,17,15,34,15,12,12,16,149,12,43,24,22,16,16,24,13,17,22,18,18,25,36,28,19,18,14,23,11,26,23,14,18,20,36,19,25,17,13,21,92,24,25,21,19,32,24
56.75,18,47,44,12,16,11,40,11,11,11,14,27,13,14,15,21,11,41,11,63,11,11,19,18,17,15,20,61,11,12,13,22,15,103,19,21,26,12,133,14,30,30,11,13,11,13,19,19,23,15,16,18,34,13,11,18,15,151,19,50,20,17,15,14,21,15,18,21,19,19,21,38,33,14,14,18,20,11,24,23,14,23,20,38,18,20,17,13,18,90,24,31,16,18,30,26
57,22,45,44,11,14,11,42,11,11,11,17,25,13,12,17,17,11,47,11,60,11,11,22,18,21,13,21,66,11,12,12,24,18,104,18,16,27,11,130,18,35,31,11,12,12,11,18,20,24,13,14,17,33,14,11,11,15,153,15,46,20,19,17,11,23,13,14,17,17,18,24,36,31,17,17,11,24,15,26,22,19,22,25,34,22,15,17,14,24,93,26,29,20,24,35,25
57.25,21,53,49,15,17,11,42,11,11,11,15,22,12,13,13,14,11,51,11,61,12,11,17,18,21,12,23,63,11,11,11,30,14,110,20,19,28,11,130,14,32,29,14,15,11,11,14,23,26,13,17,23,38,17,11,15,17,157,16,48,23,20,14,11,23,12,16,16,15,18,23,38,32,21,17,16,18,13,23,19,18,23,18,36,19,19,13,17,23,96,25,37,21,22,30,21
57.5,16,48,49,11,13,11,38,11,11,11,16,25,14,12,13,19,11,49,11,61,12,13,20,16,22,16,21,66,11,11,16,26,15,104,17,22,32,11,138,15,32,27,12,17,11,12,15,14,28,11,14,21,35,18,11,14,17,153,15,49,23,19,16,16,26,12,22,17,15,17,26,41,32,18,20,14,22,12,24,21,22,19,21,36,22,20,12,14,20,94,26,26,14,21,30,25
57.75,21,51,59,16,19,11,40,11,11,11,16,24,14,11,13,13,11,49,11,59,11,11,17,18,23,11,21,62,11,11,11,22,14,112,18,21,27,11,137,14,26,26,12,11,14,11,14,18,24,13,16,19,36,13,11,12,19,160,19,50,23,21,15,11,20,11,20,18,20,19,20,35,28,12,13,11,16,12,21,24,18,23,16,36,20,22,15,18,20,91,21,30,13,20,33,26
58,18,47,51,11,16,11,39,11,11,11,14,28,11,14,15,18,11,42,11,59,11,11,20,19,23,11,19,64,11,12,12,18,13,103,18,21,28,11,142,14,38,31,11,14,11,11,15,19,26,11,15,19,35,12,12,16,17,152,14,49,21,22,17,11,22,11,20,20,15,20,25,38,33,22,16,11,21,11,29,23,16,22,21,38,19,15,13,17,18,90,25,33,11,22,37,22
58.25,23,48,59,13,19,11,44,11,11,11,18,15,16,11,11,13,11,53,11,57,12,11,14,17,19,11,18,63,11,11,11,23,14,114,13,21,31,11,139,14,29,32,11,11,13,11,14,18,29,11,12,14,39,18,11,12,15,162,18,47,26,20,15,13,21,11,17,14,12,16,20,32,33,16,19,13,20,14,29,23,19,22,24,34,20,15,17,19,20,98,27,40,19,21,33,19
58.5,21,45,61,12,20,11,47,11,11,11,14,28,15,11,11,16,11,49,11,63,11,11,19,16,22,11,20,64,11,11,11,23,15,113,15,19,32,11,140,12,29,30,11,16,13,11,17,17,26,11,13,19,39,18,11,11,18,161,14,49,24,21,13,11,20,14,20,18,16,18,22,35,28,14,14,11,21,11,29,20,21,23,18,36,21,16,16,15,17,89,26,30,15,20,31,22
58.75,14,46,59,11,14,11,36,11,11,11,15,26,12,15,15,18,11,48,11,58,11,11,19,19,22,15,21,60,11,11,12,26,15,107,18,20,29,12,140,15,37,24,14,17,13,14,17,21,25,16,13,20,34,15,13,16,19,156,17,45,21,22,18,13,24,15,21,19,14,18,20,39,32,18,18,15,22,13,23,21,17,24,20,39,25,14,14,12,23,91,23,30,18,19,31,25
59,15,50,62,11,18,11,42,11,11,14,14,26,13,12,13,19,11,46,11,64,12,11,19,16,18,15,19,62,11,12,13,24,14,109,20,20,28,11,144,16,32,29,13,12,11,12,15,14,24,15,16,16,36,20,11,12,18,162,16,48,23,26,18,16,29,16,24,24,17,18,20,36,32,21,17,14,26,14,25,21,17,25,19,42,16,19,15,11,25,92,18,30,13,22,32,26
59.25,14,47,63,11,16,11,41,11,11,11,11,24,14,13,13,17,11,47,11,60,11,11,16,16,20,11,19,65,11,13,11,24,15,110,17,20,26,11,142,13,34,31,11,14,12,15,18,16,20,16,18,17,35,16,11,13,18,157,16,50,20,24,14,11,24,14,21,23,11,17,22,38,26,14,19,14,23,15,26,18,20,25,17,46,15,19,11,13,20,88,19,27,14,17,27,24
59.5,15,44,65,11,15,11,46,11,11,11,15,22,17,16,18,20,11,47,11,59,15,11,17,16,19,12,24,66,11,11,13,23,17,111,17,21,30,11,151,14,33,31,11,12,14,12,15,23,23,18,16,20,37,18,11,13,19,163,16,51,21,18,15,11,20,11,19,16,17,14,22,36,32,18,15,16,15,13,26,21,20,20,16,40,21,18,16,11,15,92,25,36,13,25,26,21
59.75,14,50,66,11,18,11,42,11,11,13,15,25,11,11,13,21,11,51,11,63,11,11,17,18,25,14,25,61,11,11,13,29,14,109,20,19,30,14,144,17,34,33,12,13,13,12,17,23,25,14,14,16,32,18,13,13,16,161,17,49,23,23,20,14,23,14,20,22,17,18,26,37,30,18,17,15,22,13,26,20,20,23,23,40,16,16,11,16,20,91,21,28,16,22,28,22
60,28,55,78,18,34,11,42,11,11,11,16,18,13,11,11,11,11,55,11,64,12,11,16,14,25,11,20,59,11,11,11,24,13,116,13,19,31,11,149,15,31,29,14,11,15,11,13,19,27,11,14,13,36,16,12,15,19,171,17,48,27,20,18,11,24,11,17,21,19,17,20,36,34,16,16,13,22,12,25,18,22,28,20,38,20,18,15,13,23,95,22,40,16,18,25,22
60.25,15,49,70,11,18,11,41,11,11,12,18,27,12,12,14,20,12,49,13,60,11,11,18,18,21,16,22,64,11,16,19,25,16,115,20,23,29,11,155,20,35,34,14,11,20,14,13,22,28,14,16,20,37,17,11,16,18,161,19,51,25,25,19,15,28,13,20,23,19,15,26,40,32,20,13,16,25,13,26,24,15,22,23,40,19,24,16,13,18,90,23,31,19,23,32,24
60.5,18,46,74,11,18,11,40,11,11,12,17,23,12,11,15,20,11,52,11,62,12,11,20,20,19,12,23,62,11,12,15,26,15,114,13,21,29,11,154,16,33,33,15,13,14,14,17,20,26,17,20,14,35,16,11,12,18,165,18,49,21,27,17,12,28,11,21,23,17,20,23,38,29,19,21,14,24,12,27,21,17,21,19,42,17,19,15,11,20,94,23,27,16,17,29,26
60.75,16,50,73,11,20,11,45,11,11,11,13,27,11,12,13,13,11,50,11,64,11,11,19,18,19,14,22,65,11,11,11,29,15,114,16,22,29,11,155,16,35,33,13,16,12,12,16,18,21,16,14,18,37,14,12,15,19,164,16,47,24,21,21,11,29,13,18,22,17,20,22,35,30,12,16,11,21,15,29,23,19,21,19,40,15,20,15,11,18,89,23,31,19,22,25,22
61,21,48,80,13,23,11,55,11,11,11,21,24,16,12,14,11,12,48,11,61,13,11,18,22,19,12,18,62,11,11,11,28,15,118,17,28,33,11,156,13,34,35,12,11,14,11,13,24,28,12,18,16,43,18,11,11,23,169,19,50,26,24,20,11,28,11,20,17,15,14,23,36,34,17,18,11,22,14,27,21,23,27,20,43,25,18,21,17,22,91,30,42,18,28,32,24
61.25,17,50,80,11,22,11,53,11,11,13,20,23,14,13,13,19,11,55,11,62,12,11,16,17,18,12,26,64,11,15,13,24,14,119,18,24,32,11,153,13,39,33,11,13,13,11,13,13,26,15,14,16,40,16,11,13,16,169,20,49,21,21,14,11,25,11,19,18,18,16,24,37,31,16,14,14,24,15,27,18,17,24,24,38,18,19,16,15,17,94,25,34,19,22,30,30
61.5,16,47,79,11,19,11,47,11,11,11,17,26,14,14,16,19,11,53,11,62,13,11,17,19,22,16,21,67,11,11,16,27,12,119,18,23,26,11,159,17,37,33,14,14,13,11,16,21,25,16,18,16,37,16,14,13,16,166,18,48,24,25,14,11,29,12,20,22,19,20,23,34,31,18,15,16,22,16,28,22,18,26,16,38,18,17,13,15,21,91,19,32,18,22,31,20
61.75,19,48,89,11,20,11,51,11,11,11,15,22,11,11,13,19,11,56,11,63,15,11,15,18,21,11,22,66,11,11,11,23,16,118,15,21,28,11,160,15,36,31,12,14,11,15,13,20,24,11,15,18,41,17,13,11,21,163,19,49,20,21,17,12,27,12,21,19,14,19,25,38,31,17,14,15,23,15,24,19,19,24,19,39,21,21,14,11,17,89,22,30,16,24,27,21
62,17,46,89,12,22,11,46,11,11,11,18,23,11,11,15,16,11,57,11,64,11,11,16,20,19,14,25,63,11,11,14,24,12,117,13,21,31,13,159,14,36,36,11,14,11,11,17,18,24,11,16,20,37,13,15,13,17,165,18,49,21,27,17,15,29,12,20,20,18,17,20,39,27,18,13,11,21,17,24,22,16,23,25,42,22,20,16,11,22,93,25,31,14,18,31,21
62.25,16,52,93,12,20,11,54,11,11,11,18,21,14,11,14,14,11,55,11,60,12,11,16,19,19,11,26,61,11,11,11,27,13,125,12,20,30,11,158,15,37,35,11,15,11,13,11,20,26,11,13,17,41,17,11,11,22,169,16,47,26,20,11,11,27,11,17,13,17,13,22,35,33,17,17,14,22,12,28,18,19,21,16,42,24,15,15,18,16,92,29,37,17,24,31,20
62.5,19,48,95,11,23,11,48,11,11,11,17,24,12,11,12,19,11,56,11,64,11,11,20,18,20,12,23,62,11,11,13,29,15,117,19,20,31,11,158,15,36,34,12,18,11,11,16,21,26,17,14,17,44,17,11,16,16,166,19,52,25,23,12,11,31,14,18,21,17,18,22,41,32,16,19,21,26,17,25,21,20,18,15,38,20,22,11,13,22,92,24,32,18,19,29,23
62.75,19,51,100,17,25,11,49,11,11,11,14,23,14,11,17,11,11,57,11,60,11,11,15,21,18,11,24,63,11,11,11,26,11,123,16,21,34,11,160,11,31,35,11,12,14,11,11,16,27,11,12,14,42,20,11,12,17,173,15,46,23,19,16,11,26,13,19,13,14,13,19,36,33,14,15,11,24,18,26,17,20,22,19,43,21,14,24,16,19,90,27,40,18,20,28,18
63,19,50,102,11,26,11,52,11,11,12,20,23,11,12,11,19,11,58,11,64,11,11,16,19,21,12,25,64,11,12,13,24,18,123,20,19,29,11,165,18,38,35,13,17,13,14,17,19,26,14,16,19,40,19,16,13,19,168,20,50,25,27,19,14,29,15,23,20,17,19,26,38,30,19,14,15,25,15,26,18,17,22,19,42,20,18,14,17,15,94,26,36,18,18,30,25
63.25,19,46,99,11,25,11,53,11,11,11,20,18,15,12,13,21,11,58,11,58,14,11,16,17,23,11,24,65,11,11,11,26,13,124,18,20,30,11,159,18,39,33,14,12,12,11,16,19,23,13,14,16,44,15,11,11,19,168,20,49,22,23,19,12,28,11,19,13,14,13,23,36,32,15,15,11,23,18,28,20,19,24,19,42,16,16,18,17,17,92,25,37,15,17,26,19
63.5,14,49,102,11,24,11,54,11,11,11,19,23,13,14,17,17,11,56,11,64,11,11,15,21,18,13,24,64,11,11,12,26,12,121,19,21,32,11,167,14,43,33,16,11,11,11,11,17,27,16,12,18,42,18,12,14,19,170,17,50,23,25,15,11,31,12,24,19,20,19,21,38,31,15,16,14,20,16,25,21,14,27,16,45,20,14,15,12,24,88,24,33,18,25,27,20
63.75,20,51,109,15,29,11,52,11,11,11,17,21,14,12,15,19,11,60,11,62,11,11,19,22,24,13,27,63,11,11,14,32,14,129,15,23,30,11,166,16,40,36,11,17,12,11,19,19,23,12,17,23,46,16,12,14,20,173,21,52,23,26,15,12,30,14,19,19,21,18,22,39,35,18,18,15,23,17,29,19,17,27,17,44,21,21,19,12,16,92,27,31,20,22,28,26
64,19,52,110,13,26,11,54,11,11,11,16,19,12,12,13,15,11,57,11,62,14,11,21,18,19,11,25,63,11,11,13,27,12,130,21,21,32,11,167,19,38,38,11,16,11,14,18,20,25,11,18,17,39,18,11,17,23,176,18,51,25,20,16,11,30,12,16,15,16,19,17,36,30,17,16,14,27,15,34,20,19,28,22,41,13,17,16,11,17,89,28,36,15,23,24,19
64.25,19,48,120,15,27,11,53,11,11,11,16,20,15,11,17,16,11,62,11,60,11,11,18,22,17,11,21,61,11,11,11,29,12,127,18,24,33,11,169,14,39,36,15,13,12,13,12,20,27,12,18,16,40,16,11,11,16,177,19,49,27,19,17,11,32,11,20,14,16,16,22,37,30,15,19,14,22,15,27,21,18,25,20,40,16,20,21,23,18,91,27,40,14,17,26,20
64.5,21,48,123,16,32,11,55,11,11,11,13,21,13,11,11,16,11,59,11,60,12,11,13,20,18,11,26,62,11,11,11,26,15,127,16,21,29,11,167,15,40,37,13,13,13,15,13,20,24,11,15,18,41,14,11,13,17,180,19,51,25,20,13,11,32,12,21,17,17,17,24,36,29,20,16,11,24,14,25,22,18,26,22,42,21,19,14,16,19,99,21,41,21,21,20,27
64.75,17,51,125,11,24,11,57,11,11,11,16,27,17,11,18,20,11,59,11,65,12,11,20,21,18,11,28,64,11,11,11,27,16,129,18,20,32,11,175,12,41,38,14,13,12,12,18,25,25,11,19,18,40,20,11,14,18,177,17,46,21,23,16,11,33,11,21,15,19,17,22,39,35,17,14,15,23,15,30,21,17,22,18,48,19,19,20,13,19,90,28,35,18,22,26,24
65,16,50,123,11,28,11,51,11,11,11,14,22,12,12,16,21,11,59,11,65,11,11,20,20,22,14,23,62,11,11,14,27,17,120,18,22,30,13,172,16,47,40,15,16,12,11,14,20,20,11,16,22,37,17,12,14,18,176,20,51,23,26,14,16,37,14,20,23,22,16,22,35,31,18,18,11,25,13,27,19,19,23,19,49,17,16,13,17,18,88,20,26,15,17,25,20
65.25,24,51,131,17,34,11,62,11,11,11,15,24,16,11,16,11,12,61,11,65,11,11,17,22,20,11,29,64,11,11,11,29,12,132,15,31,36,11,170,14,40,39,13,11,14,11,11,22,28,11,15,18,48,25,11,11,18,180,16,48,27,26,18,11,35,11,22,11,17,19,23,35,32,13,17,11,20,13,31,19,19,23,18,49,25,19,29,22,23,92,32,48,21,26,25,23
65.5,17,51,137,15,29,11,61,11,11,11,18,23,14,11,16,16,11,66,11,61,11,11,15,21,22,12,29,66,11,11,13,30,17,130,14,22,31,11,171,14,39,41,13,13,13,13,15,19,24,11,18,18,42,17,11,12,15,182,19,52,26,23,16,12,32,14,22,15,13,16,22,37,34,18,16,14,23,18,28,18,20,26,19,51,19,18,18,17,21,95,29,36,17,21,24,22
65.75,17,47,132,11,29,11,58,11,11,11,21,24,11,11,14,21,11,64,11,65,11,11,18,18,21,11,26,61,11,11,13,29,13,127,14,18,32,11,175,14,46,42,11,13,12,14,19,21,28,11,15,17,46,18,11,12,23,179,20,50,24,23,15,11,31,12,21,18,22,17,27,36,35,14,14,13,24,14,27,20,17,27,19,47,22,17,14,13,18,91,25,36,17,19,31,24
66,19,51,142,12,32,11,59,11,11,11,16,19,11,11,16,15,11,66,11,61,11,11,16,21,19,12,26,63,11,11,11,28,11,132,18,23,33,11,174,14,44,44,14,11,14,12,15,17,27,11,16,16,44,15,11,11,17,177,19,47,24,22,18,11,32,11,20,15,19,15,19,37,37,14,13,12,26,17,28,20,19,23,16,50,19,16,20,18,18,90,31,39,12,19,24,23
66.25,14,47,141,11,28,11,54,11,11,16,15,23,11,16,17,19,11,60,11,59,11,11,20,22,19,11,24,62,11,11,11,30,17,126,17,22,32,11,175,19,45,42,17,16,11,14,15,17,30,11,13,17,46,17,11,14,17,175,18,52,24,26,18,14,32,13,19,18,14,21,24,37,32,20,16,17,29,19,27,25,21,22,19,49,16,16,17,11,19,87,24,28,17,21,28,24
66.5,20,48,147,11,31,11,63,11,11,11,16,22,17,11,16,13,11,66,11,67,11,11,19,21,19,12,25,61,11,11,11,25,14,129,16,21,32,11,171,12,44,44,11,13,15,13,11,22,28,11,14,17,42,16,11,14,21,179,22,42,29,20,15,11,32,11,23,17,16,16,19,36,35,15,17,14,25,18,28,16,18,26,22,48,22,19,15,15,17,90,29,38,18,20,20,24
66.75,29,52,157,22,40,16,64,11,11,14,16,28,17,11,18,11,14,69,11,62,14,11,18,22,22,11,27,60,11,14,11,25,13,138,16,30,37,11,174,11,37,45,11,11,12,14,12,23,29,11,17,14,49,22,11,11,13,189,22,44,28,23,16,11,30,11,23,12,14,15,22,34,37,14,19,12,19,16,30,24,18,22,19,56,24,20,30,26,20,92,35,43,25,19,28,20
67,23,46,155,11,36,11,62,11,11,11,12,25,11,11,11,11,12,63,11,62,11,11,19,22,19,11,28,65,11,11,11,28,15,133,21,26,32,11,176,13,41,39,11,11,11,11,13,19,23,11,17,19,42,20,11,11,17,184,18,44,24,19,15,11,32,14,19,14,14,13,23,37,35,14,16,13,24,16,27,21,18,22,19,50,19,12,13,14,17,89,26,39,14,24,25,12
67.25,25,49,163,19,43,11,69,11,11,17,16,23,17,11,17,11,12,66,11,60,11,11,13,22,22,11,31,61,11,11,11,26,11,136,15,29,38,11,177,14,37,47,11,12,11,16,19,23,26,11,18,15,52,23,11,13,22,189,21,48,26,25,18,11,38,11,17,11,16,17,21,35,35,11,21,13,20,15,35,20,20,24,25,58,22,16,31,22,21,93,42,49,21,27,25,21
67.5,17,46,156,11,34,11,60,11,11,11,14,22,13,11,12,19,11,63,11,64,11,11,17,21,18,12,26,64,11,11,12,26,12,132,19,22,30,11,175,14,46,47,13,14,11,11,14,18,25,11,15,18,44,16,12,17,18,182,23,51,27,27,18,11,38,13,26,14,15,15,22,34,32,18,11,17,26,17,29,22,20,26,20,48,20,15,11,12,17,90,26,32,16,18,23,22
67.75,18,50,160,11,36,11,59,11,11,11,14,22,11,11,13,18,11,68,11,62,11,11,17,17,24,12,29,63,11,11,11,25,17,135,19,21,31,11,178,16,43,51,13,13,11,12,14,20,30,11,15,22,46,18,11,14,20,184,23,52,24,23,14,11,39,14,22,18,17,19,23,39,32,19,16,14,25,18,28,18,21,29,21,51,20,22,15,16,20,88,27,36,18,24,28,24
68,18,49,165,11,34,11,62,11,11,11,15,17,14,11,19,16,11,65,11,67,14,11,16,16,20,14,32,67,11,11,11,28,14,132,15,23,34,12,179,15,46,46,11,11,12,11,19,17,25,11,15,16,45,18,13,16,19,186,22,51,21,22,15,11,38,12,22,16,19,20,25,39,34,11,17,13,25,18,26,21,19,27,16,52,23,19,18,12,13,91,27,35,15,21,27,22
68.25,16,49,171,11,35,11,55,11,11,11,18,23,13,14,17,21,11,69,11,66,11,11,18,19,22,17,29,65,11,12,12,32,19,131,16,26,30,11,183,17,50,50,14,16,15,14,16,19,25,12,18,19,41,21,15,14,21,185,22,46,27,27,17,13,37,14,24,23,17,22,27,41,33,17,17,19,26,18,28,24,23,25,22,56,22,18,20,14,20,92,19,33,19,24,29,26
68.5,15,49,171,11,33,11,60,11,11,11,16,23,11,12,16,22,11,71,11,63,11,11,22,20,18,12,26,64,11,13,13,30,14,133,17,23,26,11,180,14,48,47,13,16,12,13,16,20,23,13,15,21,44,17,13,11,14,185,23,51,18,28,19,13,38,13,22,18,20,14,25,37,28,17,16,17,25,18,26,21,15,24,19,50,13,19,17,12,16,91,25,35,16,18,28,25
68.75,20,47,177,11,39,11,56,11,11,14,20,24,15,11,19,19,11,68,11,64,12,11,22,20,17,12,34,61,11,11,15,29,16,130,16,25,33,11,184,16,54,50,12,17,11,14,18,21,28,14,17,16,51,20,14,16,20,183,24,48,21,31,18,13,41,16,23,19,16,19,26,39,32,16,16,17,31,16,31,22,18,26,26,53,20,20,15,14,23,89,28,28,21,23,31,23
69,18,45,179,11,37,11,58,11,11,11,13,22,12,14,18,19,11,68,12,65,12,11,21,20,19,13,30,67,11,14,15,27,17,129,17,21,31,13,181,17,51,52,13,17,11,13,18,17,25,13,16,18,49,20,14,13,17,185,26,50,22,28,17,12,39,11,21,20,18,18,24,35,33,23,15,16,25,18,29,19,20,26,21,52,20,19,11,12,19,87,25,34,16,21,32,21
69.25,16,50,180,11,36,11,62,11,11,12,16,25,11,13,22,22,11,74,12,64,11,12,16,23,20,14,29,66,11,11,16,27,16,131,20,23,33,14,180,17,47,53,12,16,12,13,14,19,28,16,14,20,46,20,14,14,17,187,28,54,24,25,17,15,39,13,21,21,19,20,28,43,32,19,20,14,31,23,28,23,19,25,18,59,19,17,16,15,22,91,21,31,17,20,28,23
69.5,27,49,192,21,52,11,70,11,11,11,22,26,18,11,17,11,13,77,11,65,11,13,16,26,21,11,36,64,11,11,12,31,17,141,17,31,39,11,181,13,43,55,12,12,14,11,13,22,28,11,16,20,49,23,13,11,20,193,26,49,28,27,16,11,39,11,20,12,13,17,22,38,36,13,19,14,22,17,27,21,21,28,26,62,27,19,25,20,21,92,32,48,22,24,26,24
69.75,20,47,191,11,39,11,67,11,11,11,18,24,15,13,19,11,11,74,11,61,14,11,18,20,19,11,28,64,11,11,12,29,19,136,16,28,31,11,183,13,45,51,14,12,11,11,17,17,27,12,17,21,55,20,11,14,20,186,27,47,25,23,16,11,41,11,23,19,19,11,22,35,33,11,16,12,29,15,27,22,22,25,18,58,17,16,18,17,20,92,27,39,17,20,26,21
70,17,50,191,11,39,11,62,11,11,11,17,23,15,15,18,21,11,74,11,65,12,11,20,19,20,12,29,64,11,11,13,29,16,131,17,21,31,11,183,15,50,53,13,16,15,13,15,17,27,16,16,17,45,16,11,12,17,187,27,51,23,25,15,14,39,13,21,16,17,15,24,41,28,15,16,16,30,21,29,21,18,23,19,57,23,15,13,12,21,93,27,33,16,18,30,17
70.25,18,47,195,11,42,11,62,11,11,11,15,22,15,16,21,21,11,78,11,64,11,11,23,21,20,11,29,63,11,15,13,32,17,135,19,23,35,11,183,17,52,55,15,14,11,15,18,18,25,16,19,21,49,19,12,13,19,191,29,52,23,23,17,12,42,17,24,20,21,22,26,43,31,18,17,17,31,17,28,21,22,24,20,60,17,19,20,13,19,89,28,39,14,23,27,25
70.5,17,48,198,11,41,11,67,11,11,11,15,22,12,11,18,15,11,74,11,61,11,11,13,23,20,11,33,65,11,12,11,27,16,136,19,21,34,11,185,15,50,56,13,11,13,13,17,16,27,11,15,19,51,16,12,16,18,192,30,51,24,25,19,11,43,11,24,16,17,12,22,39,33,15,14,16,24,19,29,19,16,23,20,55,20,15,14,11,20,90,28,37,17,21,30,19
70.75,15,47,204,11,47,11,74,11,11,13,15,25,14,12,21,14,11,73,11,63,11,11,19,24,22,11,33,61,11,11,11,29,12,138,14,30,34,11,185,17,49,59,11,12,14,11,19,22,24,11,15,19,54,20,11,13,20,189,26,51,28,24,18,11,44,14,20,16,14,18,22,38,32,15,15,14,27,18,30,22,19,23,16,62,20,16,17,18,23,90,26,39,25,23,25,21
71,21,51,208,14,50,11,67,11,11,11,17,22,13,12,17,15,11,79,11,64,11,11,19,20,20,11,38,66,11,11,11,33,12,143,16,28,35,11,188,15,51,57,11,11,12,16,14,15,26,11,19,17,53,21,11,13,21,195,30,56,28,28,20,11,41,12,21,16,19,13,20,41,30,14,17,17,24,25,27,21,21,25,18,62,20,17,20,16,20,93,31,40,16,25,25,24
71.25,21,50,215,16,51,11,75,11,11,11,16,22,15,11,12,13,11,77,11,63,11,11,18,25,22,11,34,65,11,11,13,30,16,141,15,28,32,11,186,16,47,60,11,13,11,14,11,21,27,11,17,18,56,17,11,11,22,197,31,50,27,27,21,11,43,14,18,11,13,15,23,38,36,14,19,14,27,17,35,20,22,26,17,66,23,15,24,17,19,91,35,48,21,16,22,27
71.5,19,51,207,11,45,11,62,11,11,12,17,21,11,15,17,19,11,74,11,65,13,11,19,22,19,13,33,68,11,18,15,29,18,138,17,23,31,11,188,17,52,58,15,14,15,11,17,19,24,16,20,20,47,21,11,11,17,192,34,54,26,32,20,13,45,16,21,22,20,20,26,37,33,20,15,20,31,22,27,19,21,25,20,60,18,19,13,11,17,90,22,32,13,20,27,23
71.75,22,46,224,18,56,11,73,11,13,12,21,21,18,11,20,11,12,83,11,61,12,11,17,26,24,11,32,63,11,12,11,33,13,143,15,30,37,11,184,14,48,56,12,11,13,11,12,23,26,11,18,15,61,21,13,11,21,202,29,50,27,25,16,11,48,11,19,12,15,16,26,36,39,14,20,14,30,18,30,22,19,26,19,69,26,19,29,25,26,92,37,48,23,22,29,24
72,16,50,216,11,48,11,64,11,11,12,14,23,11,15,21,21,11,81,11,65,12,11,20,20,20,15,37,64,11,12,16,28,15,138,24,23,29,11,189,14,57,59,15,11,13,14,16,18,28,15,13,22,48,16,12,14,18,201,29,54,23,32,17,15,46,14,26,20,17,20,29,37,32,16,15,18,30,20,28,21,24,26,17,61,22,19,17,17,21,91,28,34,18,22,25,26
72.25,22,50,223,16,54,11,69,11,11,11,15,22,16,11,15,15,11,80,11,68,11,11,15,28,22,11,35,64,11,11,11,29,15,143,12,26,32,11,189,19,48,62,11,11,13,11,11,22,30,11,17,17,52,18,11,13,20,202,30,50,26,28,20,11,47,12,23,16,14,19,26,36,37,16,17,15,29,21,29,22,21,24,20,67,20,21,16,15,16,93,26,37,15,21,27,22
72.5,19,51,227,14,57,11,73,11,11,12,20,25,16,11,16,11,11,80,11,67,13,11,20,22,21,11,38,62,11,11,12,31,14,145,17,26,33,11,187,16,51,65,11,11,12,13,14,22,28,11,16,19,57,21,11,13,17,205,27,49,28,28,20,11,52,18,22,12,16,13,23,38,30,15,16,15,28,16,34,22,23,25,20,70,23,21,22,19,16,90,31,43,17,23,32,22
72.75,27,49,230,23,65,13,74,13,11,16,18,28,21,11,17,11,18,86,11,62,11,11,17,27,21,11,36,60,11,12,11,32,12,150,11,31,40,11,187,16,46,60,11,11,11,13,13,26,27,11,20,16,56,21,11,14,17,208,32,50,28,30,16,11,53,16,21,11,17,22,23,38,37,13,22,13,27,18,33,18,19,22,23,76,26,24,29,30,25,90,38,50,23,25,33,29
73,16,46,225,11,53,11,67,11,11,11,15,22,13,14,21,22,11,83,11,68,11,11,20,20,21,12,34,64,11,12,11,30,13,143,15,24,35,11,191,19,53,67,16,12,11,11,15,19,27,12,14,23,50,18,11,13,20,195,29,50,27,28,19,11,49,14,22,18,19,16,23,41,27,15,19,17,31,19,31,18,20,25,20,71,18,18,17,11,18,89,26,38,23,17,29,27
73.25,19,51,228,11,56,11,69,11,11,14,12,24,16,15,20,17,12,82,11,62,11,11,15,24,17,12,36,64,11,11,11,32,14,142,18,26,32,11,193,15,59,67,16,14,11,11,17,19,26,13,16,19,51,16,13,15,20,203,30,50,26,30,16,11,50,13,18,16,15,15,24,40,30,17,17,15,30,22,27,22,21,27,19,74,17,16,16,15,24,88,27,39,25,24,27,24
73.5,23,49,238,18,65,11,73,11,11,11,14,27,13,11,14,16,15,81,11,65,14,11,19,25,22,11,32,62,11,11,11,30,14,146,15,29,33,11,189,14,54,64,13,12,12,11,13,18,31,11,17,18,56,21,12,14,19,204,28,50,28,25,17,11,51,11,24,15,16,17,25,38,36,14,20,12,24,24,33,21,19,24,22,72,17,17,22,17,18,87,30,42,17,23,34,21
73.75,16,46,231,11,50,11,63,11,11,11,15,24,12,15,18,20,11,84,11,68,11,11,18,23,17,13,38,65,11,11,17,30,14,141,16,19,32,12,192,14,56,67,14,13,11,13,16,18,25,13,15,17,51,15,11,17,17,201,34,50,27,32,18,15,52,13,23,18,17,22,28,39,30,16,18,21,28,17,27,21,21,25,22,71,14,18,12,12,14,87,23,30,12,18,27,23
74,20,48,238,14,59,11,75,11,11,11,11,23,13,11,22,11,12,83,11,65,11,11,14,23,19,11,32,62,11,11,12,30,12,150,11,27,38,11,189,13,54,66,11,11,12,14,12,24,26,11,20,15,60,20,11,11,18,206,34,50,28,26,13,11,53,13,24,11,13,16,21,38,30,13,22,16,27,20,30,17,16,26,19,78,26,18,27,23,17,91,36,49,24,24,27,27
74.25,20,49,239,13,63,11,76,11,11,11,20,21,11,11,18,18,11,90,11,66,13,11,19,22,22,13,41,68,11,11,16,36,14,148,20,24,35,11,191,17,60,72,16,17,15,17,19,21,24,13,18,20,58,20,14,13,18,203,33,55,27,27,20,12,54,15,28,19,17,20,23,47,33,18,18,19,31,18,31,22,20,26,20,76,25,18,22,17,22,92,29,42,18,23,30,23
74.5,27,56,246,19,71,11,71,13,11,11,14,18,15,11,20,13,11,90,11,65,11,11,22,20,26,11,39,66,11,11,12,31,17,157,16,24,33,11,194,13,56,70,18,17,13,13,13,19,31,11,19,19,48,18,12,18,21,214,30,55,33,31,17,16,53,11,29,20,16,22,26,40,36,18,21,17,30,19,30,19,23,30,23,69,23,19,17,17,26,91,20,39,15,26,25,20
74.75,16,52,242,11,57,11,70,11,11,11,21,24,11,18,22,20,12,86,11,72,11,11,18,26,18,22,41,68,11,15,13,36,18,148,18,23,36,11,196,20,56,75,18,16,15,12,19,18,29,17,20,23,54,19,13,14,21,205,35,54,27,32,18,12,60,19,27,21,21,23,25,43,32,20,18,19,32,21,28,26,20,25,22,80,19,18,15,16,22,93,29,39,19,22,31,22
75,31,52,245,27,77,18,80,14,11,17,25,30,23,11,19,11,19,94,11,68,12,11,19,30,24,11,41,64,11,11,13,35,15,158,20,32,42,11,191,18,56,69,16,13,14,18,18,25,32,11,17,16,63,21,11,11,19,212,37,51,31,32,22,11,59,13,28,13,18,23,26,38,41,14,24,17,33,21,33,24,18,31,27,84,28,24,32,28,25,87,41,58,25,29,34,26
75.25,23,54,249,15,66,11,78,11,13,11,17,26,13,14,22,17,14,92,11,68,17,11,20,29,22,11,41,65,11,14,13,33,16,152,20,29,34,11,198,17,58,77,15,17,17,15,18,24,33,16,15,19,54,23,13,16,21,206,37,57,26,29,17,17,59,18,23,20,21,21,32,37,35,18,23,18,33,21,34,21,21,30,23,87,19,20,17,17,21,92,31,46,19,26,23,22
75.5,20,53,245,12,63,11,78,14,11,11,19,26,17,13,22,17,11,88,12,69,13,11,17,30,22,11,40,63,11,13,15,29,15,155,16,31,36,13,195,19,55,71,18,14,12,13,16,21,27,11,22,24,59,23,11,15,22,207,37,53,30,33,22,11,56,17,24,19,19,19,25,40,36,17,17,15,31,21,34,24,21,30,22,86,22,17,17,16,25,92,31,46,20,26,29,21
75.75,19,49,249,14,66,11,79,11,11,11,20,26,18,11,18,15,11,91,11,70,13,11,17,26,18,11,42,68,11,12,15,36,14,152,16,33,39,11,195,15,63,71,15,13,17,14,16,24,24,11,19,18,60,21,14,16,22,209,33,53,28,30,18,12,60,16,21,14,14,21,22,41,38,16,19,16,34,20,29,21,19,30,21,86,24,15,19,16,21,93,30,46,22,24,27,19
76,24,51,248,21,76,11,80,13,11,11,20,24,19,12,18,13,15,94,11,68,11,11,17,31,24,11,38,69,11,16,11,31,14,161,19,31,44,11,192,14,56,73,16,11,15,15,16,26,28,11,17,20,64,19,11,11,22,212,36,52,26,31,22,11,62,12,24,14,17,20,25,42,34,12,21,20,31,24,34,21,21,26,17,88,27,22,28,27,26,94,30,47,20,26,31,26
76.25,19,52,249,13,70,11,80,11,11,11,16,22,15,11,21,13,11,93,11,66,13,11,18,29,20,11,41,66,11,12,12,34,16,153,18,28,38,11,195,14,58,70,14,11,11,13,15,20,27,11,18,21,64,23,11,11,19,211,34,53,30,27,18,11,62,14,22,15,17,24,26,39,36,14,17,18,33,20,34,19,23,24,16,85,20,20,26,15,23,92,36,44,20,27,28,22
76.5,18,54,249,11,66,11,71,11,11,12,20,22,12,16,22,18,17,96,13,68,12,11,21,25,19,15,39,68,11,14,19,35,14,151,20,22,37,11,198,17,62,76,19,19,11,16,22,22,27,20,17,19,56,19,11,20,24,208,41,55,27,34,23,11,64,17,29,28,21,26,25,42,33,21,14,19,37,19,29,20,23,23,21,87,19,22,18,15,20,89,23,38,14,21,25,26
76.75,19,50,251,15,69,11,83,14,11,11,19,25,15,16,22,21,13,93,11,71,12,11,16,28,18,12,41,66,11,14,15,33,19,153,20,31,35,11,198,16,63,69,14,14,14,15,18,23,29,11,21,18,61,20,11,18,22,209,38,52,30,32,24,13,65,16,28,19,17,17,28,43,36,15,21,18,34,23,33,19,20,27,23,85,23,19,14,15,24,87,31,39,20,22,25,23
77,29,55,259,25,81,14,83,13,13,13,20,28,17,12,20,11,19,101,11,67,11,11,16,30,25,11,41,66,11,16,11,33,18,162,17,31,41,11,198,17,59,74,15,13,13,18,13,24,29,11,19,21,57,18,11,13,22,214,41,49,30,32,20,11,63,13,29,16,19,21,27,40,37,18,19,19,29,21,33,23,22,29,21,96,25,17,27,21,22,90,35,46,20,28,24,23
77.25,19,52,259,14,69,11,81,11,11,11,18,29,13,11,17,16,11,96,11,66,16,11,18,28,22,13,45,63,11,13,11,33,15,157,21,31,36,11,200,14,59,76,18,16,13,14,16,18,34,15,23,17,59,20,15,19,27,212,41,54,29,34,23,11,65,16,24,17,22,22,25,42,34,17,20,16,34,25,32,21,20,29,18,94,21,19,14,17,21,94,32,37,20,22,28,22
77.5,20,54,256,15,71,11,79,11,11,11,15,26,11,11,20,16,12,100,11,65,15,11,16,30,23,11,41,63,11,13,11,34,12,159,16,32,42,11,197,16,61,76,15,15,11,13,18,23,28,11,21,19,64,18,11,14,21,213,43,54,21,31,19,11,65,13,26,15,19,19,28,42,32,14,16,15,35,25,30,22,20,25,20,97,21,21,23,21,22,88,33,44,20,28,27,25
77.75,16,46,256,16,68,11,82,11,14,11,19,21,14,13,21,14,14,99,11,72,11,11,18,26,22,13,48,67,11,12,13,33,17,159,20,26,37,11,195,16,63,77,18,17,16,14,15,22,27,11,14,22,59,17,13,18,23,213,43,53,29,30,21,15,65,17,24,22,19,19,28,38,31,16,19,16,32,26,30,21,22,29,18,97,21,16,16,20,21,89,31,40,20,24,28,25
78,21,50,257,14,75,11,84,11,11,11,15,25,18,13,24,15,11,100,11,72,12,11,17,28,18,11,40,69,11,13,11,32,16,161,15,30,41,11,195,18,69,78,16,16,19,18,16,23,29,11,17,22,67,18,14,14,21,211,43,51,30,32,19,13,72,14,27,17,15,19,26,35,33,16,22,15,34,21,33,19,22,31,21,102,24,22,19,16,24,95,29,45,21,23,26,22
78.25,20,52,256,14,69,11,80,12,11,11,18,28,16,12,22,15,12,96,11,65,16,11,16,26,22,11,46,63,11,11,13,34,18,156,17,30,38,11,201,12,61,75,17,16,13,11,17,21,31,12,18,22,58,18,11,15,21,215,40,52,28,35,17,11,69,15,28,13,17,20,25,37,35,18,20,16,36,21,31,23,20,24,19,97,17,15,17,11,19,91,22,40,17,23,30,16
78.5,21,50,255,11,68,11,82,11,14,12,20,28,16,14,26,19,11,101,12,71,12,11,16,30,26,16,44,68,11,17,14,33,17,159,19,28,39,11,201,18,68,83,18,15,15,17,20,24,34,18,24,22,65,19,12,12,21,213,44,55,30,35,21,14,74,14,27,19,20,20,27,37,33,22,20,21,35,22,34,21,21,32,23,98,19,18,20,12,25,88,26,41,21,26,33,25
78.75,20,52,256,16,66,11,87,14,12,13,18,23,21,14,24,14,11,101,11,70,11,12,20,30,20,13,48,69,11,16,13,34,16,160,17,29,39,11,204,17,69,85,15,17,14,17,14,22,30,11,19,19,65,18,12,20,19,218,45,53,30,34,17,11,76,17,24,15,19,23,29,39,37,18,19,18,37,25,36,21,19,29,19,105,25,16,20,19,19,91,35,50,22,23,31,25
79,18,49,258,11,64,11,74,11,11,11,18,25,12,15,27,25,17,100,13,72,11,13,21,29,24,16,42,66,11,16,14,36,16,160,22,24,36,12,206,20,64,84,15,16,16,18,19,23,30,18,22,26,58,22,16,18,24,215,43,57,33,33,19,15,77,13,27,21,20,22,26,43,34,23,24,25,37,26,30,23,23,25,23,100,27,19,19,16,23,93,28,37,19,26,30,25
79.25,21,48,259,11,68,11,81,14,11,11,14,23,15,12,24,20,15,103,11,69,15,11,20,30,20,15,47,68,11,13,13,35,18,165,15,29,40,11,203,18,68,84,18,16,17,14,18,24,31,17,17,23,59,18,16,15,20,218,46,50,31,36,21,15,77,19,24,20,20,21,28,43,35,15,19,18,36,25,35,23,18,27,21,107,23,21,14,17,23,89,25,44,23,22,27,27
79.5,21,52,257,17,71,11,80,11,12,15,15,21,14,13,16,15,14,108,11,66,14,11,21,27,23,12,49,65,11,12,16,37,16,165,16,25,41,11,204,19,63,82,12,17,12,17,17,25,30,11,20,19,61,20,16,14,23,215,44,51,28,37,22,14,72,20,27,15,17,19,27,38,36,12,21,22,32,21,32,22,24,28,21,106,25,16,24,15,18,91,25,39,15,21,26,27
79.75,17,47,255,11,58,11,76,11,11,11,14,22,12,11,24,19,12,100,11,67,11,11,14,26,18,15,43,62,11,12,11,33,16,159,20,19,35,11,201,16,61,82,16,14,13,11,19,18,22,12,13,19,57,18,11,12,20,216,45,53,29,34,15,12,77,15,21,16,19,16,21,36,29,19,11,17,34,23,30,21,22,27,20,109,18,14,11,12,20,91,23,40,17,24,24,21
80,24,51,261,14,70,11,81,11,11,11,16,24,15,11,22,15,11,104,11,70,11,11,17,30,18,11,45,66,11,14,11,35,15,160,20,28,39,11,198,15,62,84,14,15,13,13,18,19,29,11,18,21,60,17,11,13,17,219,39,49,26,33,18,11,76,16,26,15,17,17,24,40,36,17,16,20,32,24,30,22,19,28,21,109,19,19,16,18,18,89,31,47,19,20,25,24
80.25,24,52,264,24,77,13,90,11,11,15,18,24,20,11,24,11,16,109,11,69,12,11,14,30,20,11,49,64,11,13,11,32,17,170,17,26,50,11,197,13,61,85,14,11,12,15,15,24,28,11,16,20,65,21,13,11,17,220,46,51,31,35,21,11,77,11,25,13,15,19,23,40,34,14,22,17,33,17,33,19,17,29,20,116,26,17,31,22,24,87,39,54,20,22,22,27
80.5,21,51,259,14,69,11,85,11,12,11,19,25,17,16,21,13,13,106,11,66,12,11,20,28,25,13,49,66,11,15,12,33,19,167,22,27,42,11,204,15,65,86,19,19,13,17,15,24,28,13,14,22,60,18,11,15,22,219,45,52,29,34,23,15,79,16,26,17,17,21,29,39,31,21,24,20,39,24,35,22,24,24,21,115,21,14,19,17,20,91,26,42,25,28,29,21
80.75,25,48,261,19,75,11,88,12,11,12,22,28,18,12,23,12,15,111,11,68,11,11,15,32,22,11,49,62,11,11,12,32,15,167,13,30,47,11,197,14,59,84,12,12,12,11,14,24,27,11,14,15,69,20,11,12,18,219,47,52,33,33,17,11,81,13,26,12,13,17,24,39,35,12,19,20,33,22,29,26,19,29,19,116,28,22,34,27,20,94,41,52,21,26,27,22
81,23,49,265,19,74,12,86,13,11,11,18,25,20,12,24,12,15,111,11,67,16,11,22,32,21,11,48,64,11,13,14,39,14,167,18,31,43,11,197,16,64,88,14,15,15,17,18,28,27,11,20,22,70,21,14,16,17,220,44,51,30,29,20,12,82,15,28,12,14,19,29,41,33,11,19,16,36,27,37,22,22,26,23,119,22,20,24,20,19,92,34,45,25,26,25,29
81.25,18,48,261,11,65,11,78,11,11,12,20,22,14,18,25,24,16,108,11,72,16,11,18,27,21,17,48,68,11,13,13,33,15,168,19,27,38,11,206,19,70,89,20,14,17,13,22,22,28,18,22,23,66,18,16,16,20,218,51,50,32,35,19,15,90,16,26,18,21,24,24,43,32,19,19,21,39,27,31,20,24,27,21,116,22,24,20,16,21,86,30,40,23,20,27,31
81.5,26,51,266,18,74,15,91,15,12,11,24,25,15,12,27,14,14,112,11,74,15,11,17,29,24,12,47,68,11,14,12,35,18,170,18,30,43,11,199,17,62,90,18,13,18,17,18,24,32,11,19,22,66,24,14,14,22,222,45,54,31,38,17,12,84,16,27,18,23,20,25,43,37,17,20,22,37,28,34,23,25,29,23,125,22,19,26,17,22,89,33,46,23,27,27,20
81.75,26,53,267,20,78,11,80,13,11,11,17,20,16,13,27,18,13,114,11,68,13,11,20,23,26,12,53,69,11,16,15,37,19,173,20,23,41,13,200,19,64,93,19,15,18,15,19,22,32,14,18,18,61,18,19,19,21,227,46,54,35,37,20,18,83,21,27,22,18,20,27,46,44,22,17,20,38,26,31,19,26,32,20,116,29,21,15,14,26,93,28,38,19,23,26,29
82,21,52,262,13,65,11,84,12,13,11,17,25,15,14,29,20,19,115,11,74,15,13,15,30,24,17,52,65,11,13,13,37,17,169,17,28,37,11,200,19,67,90,16,17,14,15,19,20,27,15,17,22,67,21,14,14,24,222,50,51,29,34,21,16,91,16,23,20,21,22,26,43,35,18,20,21,39,27,31,25,24,27,22,128,22,18,18,11,19,91,32,41,23,25,31,24
82.25,16,50,262,11,65,11,74,14,11,16,17,22,11,18,29,23,14,113,15,69,11,12,23,29,18,17,49,71,11,15,14,34,18,169,22,24,37,14,203,16,69,92,17,13,12,20,12,19,28,15,21,20,62,25,15,18,22,222,50,57,29,37,20,17,86,21,28,21,17,22,27,43,33,18,18,23,36,29,35,17,20,26,19,123,23,18,16,14,25,90,30,38,17,24,27,27
82.5,19,52,262,16,68,12,83,11,11,11,19,19,13,12,21,13,11,116,13,71,12,11,16,28,19,14,49,68,11,11,15,35,15,173,25,22,37,11,199,14,66,95,15,15,13,14,19,20,29,16,18,18,60,21,14,16,21,220,51,53,31,34,19,12,89,15,29,22,18,21,22,40,33,16,18,17,35,31,32,19,23,27,19,132,20,16,15,11,22,86,25,43,18,17,23,21
82.75,26,53,266,20,72,12,91,16,14,11,19,27,19,11,23,13,20,120,11,67,11,11,17,32,26,14,53,64,11,11,15,33,17,175,18,29,47,11,197,15,59,94,16,11,16,14,17,22,32,11,16,17,69,22,11,13,18,225,50,54,35,35,21,11,87,14,24,11,14,13,21,44,37,16,20,14,30,24,35,25,23,28,22,135,28,22,32,27,24,92,41,54,23,30,25,26
83,19,51,265,11,65,11,85,12,11,11,15,20,16,14,27,18,14,119,11,68,11,11,17,33,18,12,54,64,11,11,14,36,16,174,17,29,37,11,197,19,68,97,16,16,15,17,18,25,28,13,20,21,64,19,11,16,17,221,45,55,32,35,20,11,95,16,29,18,20,24,24,39,37,21,17,18,36,27,31,20,22,28,20,127,21,18,19,16,24,89,35,44,22,22,31,23
83.25,20,50,263,12,69,11,83,11,11,11,18,23,15,14,25,16,16,120,11,70,13,11,19,30,22,13,61,65,11,13,13,38,15,173,18,28,43,11,200,13,72,93,17,16,11,13,20,24,29,11,16,19,64,19,13,21,19,223,56,56,31,39,20,13,96,15,26,13,17,24,26,42,29,15,18,20,36,27,34,19,22,29,21,135,22,19,21,16,25,89,32,47,23,20,23,20
83.5,20,51,266,14,66,11,86,12,11,11,17,26,15,12,28,17,17,119,11,69,16,11,17,33,23,11,58,66,11,13,15,33,13,177,17,27,41,11,201,21,71,97,21,17,16,14,14,19,31,12,21,20,68,20,11,16,20,224,51,52,34,36,20,11,94,20,27,15,18,20,24,39,33,18,17,18,38,31,32,23,25,28,22,133,20,16,18,15,22,88,33,41,24,22,25,19
83.75,27,50,268,26,79,17,89,17,17,17,27,27,16,11,25,13,19,123,11,71,12,11,18,38,23,11,59,65,11,17,12,38,16,178,18,34,50,11,199,21,66,98,16,13,15,17,19,25,31,12,19,21,68,23,13,14,24,226,57,49,32,42,19,11,95,16,24,14,17,22,24,42,37,16,21,17,30,30,32,25,24,33,20,130,28,22,33,25,25,90,34,51,25,25,27,29
84,19,49,263,11,63,11,80,11,11,15,17,23,17,18,24,18,20,124,11,71,12,17,21,31,23,11,57,68,11,12,20,38,19,172,20,21,42,11,200,22,71,98,19,19,15,15,19,20,29,19,19,27,64,23,16,16,23,220,59,57,31,38,22,14,100,19,31,20,18,23,26,39,36,16,24,25,38,32,32,25,24,33,21,131,19,20,21,15,24,91,35,44,21,21,27,27
84.25,20,54,259,11,61,11,80,11,11,11,16,18,11,16,27,22,17,118,13,73,13,11,20,27,21,11,54,70,11,17,16,37,15,171,20,27,39,14,199,18,70,99,18,19,11,16,21,22,25,15,20,19,56,17,16,16,22,221,57,51,31,40,20,14,101,18,24,19,17,24,26,39,35,18,21,26,38,33,33,22,22,26,22,126,20,23,14,15,23,87,22,38,17,22,27,25
84.5,0,0,0,0,0,0,0,0,0,0,0,0,0,0,0,0,0,0,0,0,0,0,0,0,0,0,0,0,0,0,0,0,0,0,0,0,0,0,0,0,0,0,0,0,0,0,0,0,0,0,0,0,0,0,0,0,0,0,0,0,0,0,0,0,0,0,0,0,0,0,0,0,0,0,0,0,0,0,0,0,0,0,0,0,0,0,0,0,0,0,0,0,0,0,0,0