Hour,A1_Negative_Control,A2_L-Arabinose,A3_N-Acetyl-D_Glucosamine,A4_D-Saccharic_Acid,A5_Succinic_Acid,A6_D-Galactose,A7_L-Aspartic_Acid,A8_L-Proline,A9_D-Alanine,A10_D-Trehalose,A11_D-Mannose,A12_Dulcitol,B1_D-Serine,B2_D-Sorbitol,B3_Glycerol,B4_L-Fucose,B5_D-Glucuronic_Acid,B6_D-Gluconic_Acid,B7_D-L-a-Glycerol_Phosphate,B8_D-Xylose,B9_L-Lactic_Acid,B10_Formic_Acid,B11_D-Mannitol,B12_L-Glutamic_Acid,C1_D-Glucose-6-Phosphate,C2_D-GalactonicAcid-g-Lactone,C3_D-L-Malic_Acid,C4_D-Ribose,C5_Tween_20,C6_L-Rhamnose,C7_D-Fructose,C8_Acetic_Acid,C9_a-D-Glucose,C10_Maltose,C11_D-Melibiose,C12_Thymidine,D-1_L-Asparagine,D2_D-Aspartic_Acid,D3_D-Glucosaminic_Acid,D4_1-2-Propanediol,D5_Tween_40,D6_a-Keto-Glutaric_Acid,D7_a-Keto-Butyric_Acid,D8_a-Methyl-D_Galactoside,D9_a-D-Lactose,D10_Lactulose,D11_Sucrose,D12_Uridine,E1_L-Glutamine,E2_m-Tartaric_Acid,E3_D-Glucose-1-Phosphate,E4_D-Fructose-6-Phosphate,E5_Tween_80,E6_a-Hydroxy_Glutaric_Acid-g_Lactone,E7_a-Hydroxy_Butyric_Acid,E8_B-Methyl-D_Glucoside,E9_Adonitol,E10_Maltotriose,E11_2-DeoxyAdenosine,E12_Adenosine,F1_Glycyl-L-Aspartic_Acid,F2_Citric_Acid,F3_myo-Inositol,F4_D-Threonine,F5_Fumaric_Acid,F6_Bromo_Succinic_Acid,F7_Propionic_Acid,F8_Mucic_Acid,F9_Glycolic_Acid,F10_Glyoxylic_Acid,F11_D-Cellobiose,F12_Inosine,G1_Glycyl-L-Glutamic_Acid,G2_Tricarballylic_Acid,G3_L-Serine,G4_L-Threonine,G5_L-Alanine,G6_L-Alanyl-Glycine,G7_Acetoacetic_Acid,G8_N-Acetyl-B-D_Mannosamine,G9_Mono_Methyl_Succinate,G10_Methyl_Pyruvate,G11_D-Malic_Acid,G12_L-Malic_Acid,H1_Glycyl-L-Proline,H2_p-Hydroxy_Phenyl_AceticAcid,H3_m-Hydroxy_Phenyl_AceticAcid,H4_Tyramine,H5_D-Psicose,H6_L-Lyxose,H7_Glucuronamide,H8_Pyruvic_Acid,H9_L-Galactonic_Acid-g-Lactone,H10_D-GalacturonicAcid,H11_Phenylethylamine,H12_2-Aminoethanol
0,19,38,18,14,13,18,11,11,15,12,17,23,23,14,11,11,11,11,11,40,12,11,14,25,18,12,11,43,11,11,11,12,11,14,19,15,18,11,11,11,11,11,11,11,11,11,11,18,16,11,11,11,11,11,11,11,11,11,11,15,12,11,11,11,11,11,11,11,11,11,11,13,14,11,11,11,11,11,11,11,11,11,11,14,14,11,11,11,11,70,11,11,11,11,11,15
0.25,22,44,22,14,15,11,14,12,15,11,14,19,21,14,12,13,11,12,11,39,13,11,13,18,17,20,11,49,11,11,11,12,11,11,16,20,13,11,11,11,11,11,11,11,11,11,11,21,18,11,11,11,11,11,11,11,11,11,11,12,11,11,11,11,11,11,11,11,11,11,11,14,19,11,11,11,11,11,11,11,11,11,11,13,17,11,11,11,11,73,11,11,11,11,11,14
0.5,26,43,18,14,17,13,11,12,14,11,15,15,19,12,11,14,11,11,11,42,14,11,11,22,17,11,11,52,11,11,11,11,11,12,11,18,15,11,11,11,11,11,11,11,11,11,11,16,17,11,11,11,11,11,11,11,11,11,11,13,16,11,11,11,11,11,11,11,11,11,11,13,19,11,11,11,11,11,11,11,11,11,11,12,19,11,11,11,11,77,11,11,11,11,11,17
0.75,25,43,16,11,13,11,15,11,13,11,17,19,19,17,11,13,11,11,11,45,14,11,11,19,18,11,11,53,11,11,11,11,12,13,14,16,14,11,11,11,11,11,11,11,11,11,11,17,21,11,11,11,11,11,11,11,11,11,11,17,12,11,11,11,11,11,11,11,11,11,11,13,15,11,11,11,11,11,11,11,11,11,12,11,13,11,11,11,11,76,11,11,11,11,11,17
1,23,45,13,20,13,16,16,12,11,13,17,16,18,13,11,14,11,11,11,46,13,11,13,16,18,15,11,54,11,11,11,11,11,11,15,19,13,12,11,11,11,11,11,11,11,11,11,16,21,11,11,11,11,11,11,11,11,11,11,11,14,11,11,11,11,11,11,11,11,11,11,15,15,12,11,11,11,11,11,11,11,11,11,11,17,11,11,11,11,76,11,11,11,11,11,12
1.25,21,42,12,16,16,16,16,11,11,11,14,18,18,14,11,14,13,11,11,46,11,11,11,19,17,12,11,52,11,11,11,11,11,11,14,16,12,11,11,11,11,11,11,11,11,11,11,17,19,11,11,11,11,11,11,11,11,11,11,11,11,11,11,11,11,11,11,11,11,11,11,16,15,11,11,11,11,11,11,11,11,11,11,11,13,11,11,11,11,77,11,11,11,11,11,12
1.5,18,40,11,13,15,12,12,11,15,12,18,18,19,15,11,11,11,11,11,42,12,11,12,22,20,13,11,55,11,11,11,11,11,11,14,15,14,11,11,11,11,11,11,11,11,11,11,15,16,11,11,11,11,11,11,11,11,11,11,18,12,11,11,11,11,11,11,11,11,11,11,15,16,11,11,11,11,11,11,11,11,11,11,13,13,11,11,11,11,82,11,11,11,11,11,13
1.75,22,45,14,11,15,11,14,13,12,11,13,16,22,13,11,12,11,11,11,46,11,11,14,18,15,11,11,55,11,11,11,11,11,11,14,17,12,11,11,11,11,11,11,11,11,11,11,18,16,11,11,11,11,11,11,11,11,11,11,14,16,11,11,11,11,11,11,11,11,11,11,15,15,11,11,11,11,11,11,11,11,11,11,11,13,11,11,11,11,78,11,11,11,11,11,15
2,24,49,18,15,15,13,15,11,11,11,14,15,22,16,14,13,13,11,11,48,13,11,13,14,17,11,11,57,11,11,11,12,11,13,16,14,13,14,11,11,11,11,11,11,11,11,11,23,20,11,11,12,11,11,11,11,11,11,11,16,20,11,11,11,11,11,11,11,11,12,11,11,20,11,11,11,11,11,11,11,11,12,11,13,12,11,11,11,11,83,11,11,11,11,11,14
2.25,24,46,16,15,14,11,12,11,11,11,15,18,21,14,11,12,11,11,11,52,11,11,11,14,14,11,11,58,11,11,11,11,11,11,17,18,11,12,11,11,11,11,11,11,11,11,11,18,19,11,11,11,11,11,11,11,11,11,11,14,12,11,11,11,11,11,11,11,11,11,11,15,14,11,11,11,11,11,11,11,11,11,11,13,11,11,11,11,11,82,11,11,11,11,11,15
2.5,19,45,19,19,14,11,11,11,12,11,15,17,17,17,11,11,16,11,11,49,12,11,11,20,18,16,11,61,11,11,11,11,11,13,11,15,12,11,11,11,11,11,11,11,11,11,11,17,19,11,11,11,11,11,11,11,11,11,11,14,17,11,11,11,11,11,11,11,11,11,11,15,14,11,11,11,11,11,11,11,11,11,11,11,16,11,11,11,11,83,11,11,11,11,11,12
2.75,25,47,16,15,13,12,11,12,13,13,15,14,22,15,13,11,11,13,11,51,11,12,13,21,15,11,11,61,11,11,11,11,11,11,15,20,11,11,11,11,11,11,11,11,11,11,11,22,14,11,11,11,11,11,11,11,11,11,11,15,21,11,11,11,11,11,11,11,11,11,11,16,16,11,11,11,11,11,11,11,11,11,11,13,14,11,11,11,11,80,11,11,11,11,11,14
3,22,44,11,14,11,11,11,11,16,11,15,17,18,14,11,12,11,11,11,40,13,11,14,22,15,11,11,56,11,11,11,11,11,11,11,17,11,11,11,11,11,11,11,11,11,11,11,15,18,11,11,11,11,11,11,11,11,11,11,11,11,11,11,11,11,11,11,11,11,11,11,14,15,11,11,11,11,11,11,11,11,11,11,12,11,11,11,11,11,80,11,11,11,11,11,16
3.25,27,46,11,16,13,12,16,12,16,13,16,22,22,11,11,11,11,11,11,46,14,11,11,21,18,11,11,59,11,11,11,11,11,12,16,12,15,11,11,11,11,11,11,11,11,11,11,17,16,11,11,11,11,11,11,11,11,11,11,15,15,11,11,11,11,11,11,11,11,12,11,14,19,11,11,11,11,11,11,11,11,11,11,11,14,11,11,11,11,84,11,11,11,11,11,16
3.5,26,44,15,13,13,13,15,14,16,13,13,18,26,14,11,11,11,11,11,47,13,11,14,18,20,14,11,60,11,12,11,12,11,11,17,19,14,11,11,11,11,11,11,11,11,11,11,20,18,11,11,11,11,11,11,11,11,11,11,13,17,11,11,11,11,11,11,11,11,12,11,12,17,11,11,11,11,11,11,11,11,11,11,13,15,12,11,11,11,77,11,11,11,11,11,18
3.75,25,43,12,12,11,11,13,12,11,11,17,17,19,13,11,12,11,11,11,47,13,11,14,18,16,13,11,60,11,11,11,11,11,11,15,19,11,11,11,11,11,11,11,11,11,11,11,18,13,11,11,11,11,11,11,11,11,11,11,16,14,11,11,11,11,11,11,11,11,11,11,16,17,11,11,11,11,11,11,11,11,11,11,11,12,11,11,11,11,82,11,11,11,11,11,15
4,23,46,15,12,14,13,16,13,11,12,12,16,19,15,11,13,11,11,11,48,12,11,11,20,18,12,11,61,11,11,11,11,11,11,11,19,14,11,11,11,11,11,11,11,11,11,11,18,20,11,11,11,11,11,11,11,11,11,11,15,14,11,11,11,11,11,11,11,11,12,11,13,17,11,11,11,11,11,11,11,11,11,11,11,13,11,11,11,11,80,11,11,11,11,11,15
4.25,22,49,19,14,15,12,12,11,14,11,13,15,23,15,11,11,12,11,11,52,13,11,18,23,18,14,11,60,11,11,11,11,11,11,11,19,13,11,11,11,11,11,11,11,11,11,11,19,20,12,11,11,11,11,11,11,11,11,11,15,22,11,11,11,11,11,11,11,11,11,11,16,20,11,11,11,11,11,11,11,11,11,12,12,11,11,11,11,11,82,11,11,11,11,11,17
4.5,22,48,16,17,12,11,14,11,12,11,11,21,19,15,15,11,11,11,11,47,11,11,12,20,13,11,11,57,11,11,11,11,11,11,15,17,11,11,11,11,11,11,11,11,11,11,11,17,16,11,11,11,11,11,11,11,11,11,11,13,13,11,11,11,11,11,11,11,11,11,11,14,15,11,11,11,11,11,11,11,11,11,11,12,14,11,11,11,11,83,11,11,11,11,11,16
4.75,25,48,11,13,11,11,12,11,16,11,16,16,21,17,12,12,11,11,11,50,13,11,16,18,13,12,11,59,11,11,11,11,11,12,16,18,11,11,11,11,11,11,11,11,11,11,11,17,20,12,11,11,11,11,11,11,11,11,11,14,16,11,11,11,11,11,11,11,11,11,11,14,19,11,11,11,11,11,11,11,11,11,11,12,15,11,11,11,11,82,11,11,11,11,11,13
5,26,49,15,17,14,11,17,13,11,14,14,18,25,11,11,11,11,11,11,49,13,11,12,21,17,13,11,66,11,11,12,11,11,11,15,16,12,11,11,11,11,11,11,11,11,11,11,15,17,11,11,11,11,11,11,11,11,11,11,12,14,11,11,11,11,11,11,11,11,11,11,17,16,11,11,11,11,11,11,11,11,11,11,11,14,11,11,11,11,84,11,11,11,11,11,13
5.25,18,46,17,12,17,11,13,11,11,11,12,14,21,17,11,11,11,11,11,50,11,11,11,14,14,11,11,62,11,11,11,11,11,13,11,16,11,11,11,11,11,11,11,11,11,11,11,16,20,11,11,11,11,11,11,11,11,11,11,12,14,11,11,11,11,11,11,11,11,11,11,14,14,11,11,11,11,11,11,11,11,11,11,14,16,11,11,11,11,81,11,11,11,11,11,13
5.5,26,45,20,16,15,12,11,12,11,11,14,18,21,13,13,11,11,13,11,52,11,11,14,22,17,13,11,58,11,11,11,11,11,11,13,16,16,11,11,11,11,11,11,11,11,11,11,21,18,11,11,11,11,11,11,11,11,11,11,17,16,11,11,11,11,11,11,11,11,11,11,13,16,11,11,11,11,11,11,11,11,11,13,15,13,11,11,11,11,82,11,11,11,11,11,14
5.75,23,48,16,13,14,11,13,11,11,11,14,16,19,16,11,11,11,12,11,51,11,11,12,19,13,12,11,60,11,11,11,11,12,11,13,16,11,14,11,11,11,11,11,11,11,11,11,17,20,11,11,11,11,11,11,11,11,11,11,13,12,11,11,11,11,11,11,11,11,11,11,14,12,11,11,11,11,11,11,11,11,11,11,11,15,11,11,11,11,84,11,11,11,11,11,15
6,20,44,13,14,15,11,13,11,11,13,13,17,18,16,11,11,11,11,11,50,12,11,11,15,16,15,11,60,11,11,11,11,11,11,15,16,11,11,11,11,11,11,11,11,11,11,11,13,21,11,11,11,11,11,11,11,11,11,11,16,11,11,11,11,11,11,11,11,11,11,11,14,16,11,11,11,11,11,11,11,11,11,11,11,12,11,11,11,11,83,11,11,11,11,11,13
6.25,19,51,11,15,13,13,14,15,14,11,16,13,22,14,11,11,11,11,11,50,11,11,13,20,15,11,11,64,11,11,11,11,11,15,15,17,11,11,11,11,11,11,11,11,11,11,11,17,19,11,11,11,11,11,11,11,11,11,11,15,14,11,11,11,11,11,11,11,11,11,11,15,14,11,11,11,11,11,11,11,11,11,11,11,14,11,11,11,11,80,11,11,11,11,11,16
6.5,26,48,16,15,13,11,14,11,11,11,14,13,23,15,11,14,13,11,11,51,13,11,11,20,17,11,11,62,11,11,11,11,11,14,14,15,12,11,11,11,11,11,11,11,11,11,11,19,17,11,11,11,11,11,11,11,11,11,11,12,15,11,11,11,11,11,11,11,11,11,11,17,15,11,11,11,11,11,11,11,11,11,11,15,11,11,11,11,11,87,11,11,11,11,11,13
6.75,24,49,15,13,15,13,11,12,13,15,11,15,23,13,15,14,11,11,11,51,11,11,11,20,20,15,11,61,11,11,11,11,13,17,12,16,14,11,11,11,11,11,11,11,11,11,11,18,19,11,11,11,11,11,11,11,11,11,11,16,12,11,11,11,11,11,11,11,11,12,11,15,17,11,11,11,11,11,11,11,11,11,11,15,12,11,11,11,11,86,11,11,11,11,11,15
7,24,52,15,15,14,11,13,11,14,11,17,14,22,13,13,14,13,11,11,54,13,11,13,19,15,13,11,65,11,11,11,11,12,16,13,16,12,11,11,11,11,11,12,11,11,11,11,20,20,13,11,11,11,11,11,11,11,11,11,14,18,11,11,11,11,11,11,11,11,11,11,17,18,11,11,11,11,11,11,11,11,11,11,11,12,11,11,11,11,86,11,11,11,11,11,14
7.25,22,49,18,16,14,11,18,11,13,11,14,16,21,18,11,11,11,11,11,52,11,13,11,19,18,16,12,60,11,11,11,11,12,13,16,18,14,17,11,11,11,11,11,11,11,11,11,16,21,11,11,11,11,11,11,11,11,11,11,13,14,11,11,11,11,11,11,11,11,12,13,17,18,11,11,11,11,11,11,11,11,11,11,15,13,11,11,11,11,84,11,11,11,11,11,14
7.5,22,50,14,16,15,11,14,13,11,11,14,18,26,13,11,12,11,11,11,53,12,11,12,19,15,11,11,62,11,11,11,11,11,13,11,17,11,12,11,11,11,11,11,11,11,11,11,20,18,11,11,11,11,11,11,11,11,11,11,12,17,11,11,11,11,11,11,11,11,11,11,16,17,11,11,11,11,11,11,11,11,11,11,13,15,11,11,11,11,89,11,11,11,11,11,15
7.75,25,45,19,16,11,11,14,11,11,11,12,17,17,13,14,11,11,11,11,52,11,11,12,23,16,12,11,64,11,11,11,11,12,14,14,15,11,11,11,11,11,11,11,11,11,11,11,18,16,11,11,11,11,11,11,11,11,11,11,17,11,11,11,11,11,11,11,11,11,11,11,16,19,11,11,11,11,11,11,11,11,11,11,12,11,11,11,11,11,86,11,11,11,11,11,12
8,22,48,18,13,14,13,13,13,17,11,19,22,22,13,12,16,14,14,11,49,11,11,11,22,14,11,11,60,11,11,11,11,13,20,14,14,11,11,11,11,11,11,11,11,11,11,11,17,20,11,11,11,11,11,11,11,11,12,11,15,17,11,11,11,11,11,11,11,11,11,11,15,14,11,11,11,11,11,11,11,11,11,11,14,12,11,11,11,11,85,11,11,11,11,11,14
8.25,23,52,17,18,19,12,16,11,12,11,11,18,27,17,11,11,12,11,11,51,12,12,16,19,18,11,11,63,11,11,11,11,12,19,13,19,14,11,11,11,11,11,11,11,11,11,11,18,18,11,11,11,11,11,11,11,11,11,11,13,13,11,11,11,11,11,11,11,11,11,11,12,15,11,11,11,11,11,11,11,11,11,11,16,12,11,11,11,11,85,11,11,11,11,11,15
8.5,25,51,17,13,14,13,15,13,15,15,13,12,20,16,14,12,12,11,11,49,13,11,14,24,15,12,11,62,11,11,11,12,11,20,15,13,12,11,11,11,11,13,11,11,11,11,11,19,19,11,11,11,11,11,11,11,11,11,11,14,14,11,11,11,11,11,11,11,11,11,11,16,15,11,11,11,11,11,11,11,11,11,11,13,11,13,11,11,11,83,11,11,11,11,11,13
8.75,19,51,17,18,16,12,15,11,15,11,15,21,16,14,14,13,14,11,13,48,12,11,18,19,16,14,11,64,11,13,11,11,11,16,19,20,12,11,11,11,11,11,11,11,11,11,11,18,17,11,11,11,11,11,11,11,11,11,11,17,13,11,11,11,11,11,11,11,11,11,11,18,17,11,11,11,11,11,11,11,11,11,11,14,13,11,11,11,11,82,11,11,11,11,13,16
9,23,51,18,16,15,12,11,11,11,11,15,15,22,15,11,13,11,11,11,52,11,11,12,18,15,13,11,67,11,11,11,12,11,18,12,18,11,11,11,11,11,11,11,11,11,11,11,21,16,11,11,11,11,11,11,11,11,11,11,12,13,11,11,11,11,11,11,11,11,11,11,16,14,11,11,11,11,11,11,11,11,11,11,12,12,11,11,11,11,87,11,11,11,11,11,16
9.25,20,47,14,14,13,13,14,13,11,11,14,17,21,13,11,11,11,13,11,51,13,11,11,16,16,15,11,60,12,11,11,11,11,19,15,18,11,11,11,11,11,11,11,11,11,11,11,15,19,11,11,11,11,11,11,11,12,14,11,12,14,11,11,11,11,11,11,11,11,11,11,18,17,11,11,11,11,11,11,11,11,11,11,13,12,11,11,11,11,88,11,11,11,11,11,17
9.5,22,49,15,14,12,14,16,14,11,13,15,19,21,11,11,11,11,11,11,53,15,11,11,17,12,11,11,65,11,11,11,11,11,25,12,16,11,13,11,11,11,11,11,11,11,11,11,17,14,11,11,11,11,11,11,11,11,11,11,11,14,11,11,11,11,11,11,11,11,11,11,17,12,11,11,11,11,11,11,11,11,11,11,12,14,11,11,11,11,83,11,11,11,11,11,16
9.75,20,48,17,15,14,11,11,11,13,11,11,20,17,14,11,13,13,11,11,49,16,11,11,19,17,12,11,62,11,11,11,11,11,20,16,20,14,11,11,11,11,11,11,11,11,11,11,18,16,11,11,11,11,11,11,11,11,14,11,14,12,11,11,11,11,11,11,11,11,11,11,15,15,11,11,11,11,11,11,11,11,11,11,13,15,11,11,11,11,86,11,11,11,11,11,20
10,25,52,14,13,15,11,13,11,11,11,16,15,21,14,12,11,11,11,11,50,13,11,11,18,13,11,11,61,11,11,11,11,11,20,12,16,11,12,11,11,14,11,11,11,11,11,11,18,18,11,11,11,11,11,11,11,11,11,11,17,16,11,11,11,11,11,11,11,11,11,11,17,20,11,11,11,11,11,11,11,11,11,11,11,12,11,11,11,11,84,11,11,11,11,11,15
10.25,23,48,17,17,15,11,12,11,17,11,12,20,17,14,11,13,11,11,11,55,17,11,13,16,15,11,11,66,11,11,11,11,11,21,12,16,11,11,11,11,11,11,11,11,11,11,11,17,17,11,11,11,11,11,11,11,11,12,11,12,13,11,11,11,11,11,11,11,11,14,11,21,15,11,11,11,11,11,11,11,11,11,11,15,11,11,11,11,11,89,12,11,11,11,11,12
10.5,21,49,18,14,14,11,13,14,11,12,16,15,21,13,11,11,11,11,11,51,11,11,11,13,14,11,11,61,11,11,11,11,11,21,14,15,11,11,11,11,11,11,11,11,11,11,11,15,16,11,11,11,11,11,11,11,11,14,11,11,13,11,11,11,11,11,11,11,11,11,11,16,17,11,11,11,11,11,11,11,11,11,11,11,11,11,11,11,11,87,11,11,11,11,11,12
10.75,19,48,17,15,16,11,15,11,11,11,16,17,19,15,14,16,13,13,12,53,14,12,15,22,17,17,11,67,11,12,11,11,13,20,11,17,11,11,11,11,11,11,11,11,11,11,11,17,19,11,11,11,11,11,11,11,11,12,11,17,12,11,11,11,11,11,11,11,11,11,11,19,17,11,11,11,11,11,11,11,11,11,11,11,14,11,11,11,11,85,11,11,11,11,11,18
11,21,50,11,14,17,14,16,11,11,12,15,17,20,14,15,11,13,11,11,52,15,11,11,17,16,12,11,63,11,12,11,11,11,22,12,15,11,12,11,11,11,11,11,11,11,11,11,17,19,11,11,11,11,11,11,11,11,14,11,18,13,11,12,11,11,11,11,11,11,11,11,17,17,11,11,11,11,11,11,11,11,11,11,14,15,11,11,11,11,85,11,11,11,11,11,14
11.25,20,49,17,17,14,11,14,11,17,11,18,21,21,16,13,11,11,11,11,50,11,11,11,22,19,12,11,59,11,11,11,11,15,23,15,13,11,11,11,11,11,11,11,11,11,11,11,15,19,11,11,11,11,11,11,11,11,15,11,14,13,11,11,11,11,11,11,11,11,12,11,18,17,11,11,11,11,11,11,11,11,11,11,14,13,11,11,11,11,86,11,11,11,11,11,17
11.5,18,47,17,15,12,11,13,11,11,11,15,16,21,15,11,13,12,11,11,53,11,11,12,25,17,11,11,65,11,11,11,11,11,21,13,12,11,11,11,11,11,11,11,11,11,11,11,13,18,11,11,11,11,11,11,11,11,14,11,13,15,11,11,11,11,11,11,11,11,11,11,19,15,11,11,11,11,11,11,11,11,11,11,13,17,11,11,11,11,89,11,11,11,11,11,12
11.75,21,51,16,11,13,11,12,11,11,11,12,14,17,15,11,11,11,11,11,51,12,11,11,16,15,11,11,62,11,11,11,11,13,21,14,13,11,11,11,11,11,11,11,11,11,11,11,16,20,11,11,11,11,11,11,11,11,13,11,13,12,11,11,11,11,11,11,11,11,11,11,20,16,11,11,11,11,11,11,11,11,11,11,11,11,11,11,11,11,85,11,11,11,11,11,13
12,25,49,16,13,17,12,13,13,11,11,15,16,23,16,11,11,11,11,11,56,12,11,11,21,16,13,11,63,11,11,11,11,11,22,14,14,11,11,11,11,12,11,11,11,11,11,11,19,15,11,11,11,11,11,11,11,11,17,11,14,14,11,11,11,11,11,11,11,11,11,11,21,13,11,11,11,11,11,11,11,11,11,11,14,13,11,11,11,11,88,11,11,11,11,11,17
12.25,22,48,16,16,15,14,18,11,13,16,14,19,20,11,11,15,15,11,12,53,11,11,13,20,15,14,11,64,11,11,11,11,11,19,12,16,14,12,11,11,11,11,11,11,11,11,11,13,16,11,11,11,11,11,11,11,11,16,11,13,13,11,11,11,11,11,11,11,11,11,11,21,16,11,11,11,11,11,11,11,11,11,11,11,13,11,11,11,11,89,11,11,11,11,11,18
12.5,22,48,18,18,15,11,16,11,11,12,13,22,18,11,11,17,13,11,13,53,11,11,17,17,16,14,11,68,11,11,11,11,11,20,11,15,11,13,11,11,11,11,11,11,11,11,11,16,21,11,11,11,11,11,11,11,11,11,11,14,11,11,11,11,11,11,11,11,11,11,11,20,14,11,11,11,11,11,11,11,11,11,11,11,15,11,11,11,11,84,11,11,11,11,11,19
12.75,25,49,16,18,15,11,15,11,11,12,17,20,20,15,11,14,12,11,11,52,13,12,11,21,20,15,11,63,11,12,11,11,13,27,15,17,12,11,11,11,11,11,11,11,11,11,11,20,18,11,11,12,11,11,11,11,11,14,11,16,16,11,11,11,11,11,11,11,11,11,11,25,16,11,11,11,11,11,11,11,11,11,11,15,11,11,11,11,11,88,11,11,11,11,11,14
13,24,46,18,18,14,11,11,11,13,11,17,14,21,16,12,11,15,11,11,50,15,11,14,18,14,13,11,66,11,11,11,11,11,24,13,14,11,13,11,11,11,11,12,11,11,11,11,18,14,11,11,11,11,11,11,11,11,11,11,14,14,11,11,11,11,11,11,11,11,11,11,18,16,11,11,11,11,11,11,11,11,11,11,11,16,11,11,11,11,86,11,11,11,11,11,16
13.25,25,50,21,12,18,11,19,11,11,12,17,19,21,19,12,15,12,11,11,55,11,11,12,19,17,16,11,64,11,11,11,11,14,26,12,18,11,11,11,11,11,11,11,11,11,11,11,16,21,11,11,11,11,11,11,11,12,18,11,12,11,11,11,11,11,11,11,11,11,11,11,23,16,11,11,11,11,11,11,11,11,11,11,12,14,11,11,11,11,88,11,11,11,11,11,15
13.5,21,48,15,16,14,11,15,14,14,13,11,20,18,14,12,11,12,13,11,55,14,11,12,17,14,11,11,63,11,11,11,11,11,23,15,18,11,11,11,11,11,11,11,11,11,11,11,18,25,11,11,11,11,11,11,11,11,20,12,16,13,11,11,11,11,11,11,11,11,11,11,24,14,11,11,11,11,11,11,11,11,11,11,11,12,11,11,11,11,86,11,11,11,11,11,17
13.75,23,49,15,13,15,14,13,13,13,11,12,17,22,14,11,13,13,12,11,53,13,11,15,22,17,11,11,65,11,11,11,13,11,28,15,13,11,11,11,11,11,11,11,11,11,11,11,20,20,11,11,12,11,11,11,11,11,18,11,16,16,11,11,11,11,11,11,11,11,11,11,24,16,11,12,11,11,11,11,11,11,11,11,11,18,11,11,11,11,88,13,11,11,11,11,11
14,21,51,20,12,12,11,15,14,12,11,12,13,16,17,11,12,11,15,11,55,15,11,12,17,18,13,11,63,11,11,11,11,11,23,12,19,11,11,11,11,11,11,11,11,11,11,11,15,20,11,11,11,11,11,11,11,11,16,11,18,13,11,11,11,11,11,11,11,11,11,11,26,17,11,11,11,11,11,11,11,11,11,11,11,18,11,11,11,11,84,11,11,11,11,11,14
14.25,21,51,16,15,14,11,11,13,11,11,14,14,22,16,15,14,12,14,11,53,13,11,11,19,15,12,11,64,11,11,11,11,12,27,15,19,12,11,11,11,11,11,11,11,11,11,11,19,20,11,11,11,11,11,11,11,11,17,11,20,17,11,11,11,11,11,11,11,11,11,11,23,14,11,11,11,11,11,11,11,11,11,11,17,14,11,11,11,11,90,15,11,11,11,11,14
14.5,22,45,18,14,18,12,16,13,13,14,15,18,21,11,11,13,11,15,11,54,13,11,13,19,13,14,11,66,11,11,11,11,15,29,14,16,15,11,11,11,11,11,11,11,11,11,11,21,22,11,11,11,11,11,11,11,11,18,11,16,14,11,11,11,11,11,11,11,11,11,11,30,19,11,11,11,11,11,11,11,11,11,11,13,14,11,11,12,11,88,11,11,11,11,11,11
14.75,25,50,18,15,11,11,15,12,14,17,15,16,22,13,12,13,11,12,11,55,14,11,11,19,17,11,11,66,11,11,11,11,11,28,14,13,12,11,11,11,11,11,11,11,11,11,11,16,15,11,11,11,11,11,11,11,11,20,11,13,14,11,11,11,11,11,11,11,11,11,11,23,14,11,11,11,11,11,11,11,11,11,11,11,12,11,11,11,11,87,11,11,11,11,11,13
15,22,47,16,15,15,11,15,11,12,12,11,17,15,12,12,11,13,17,11,53,13,11,14,17,16,13,11,64,11,11,11,11,11,24,16,15,11,12,11,11,11,11,11,11,11,11,11,15,21,11,11,11,11,11,11,11,11,17,11,17,11,11,11,11,11,11,11,11,11,11,11,26,15,11,11,11,11,11,11,11,11,11,11,12,15,11,11,11,11,88,12,11,11,11,11,16
15.25,22,47,18,13,12,11,14,11,11,11,13,17,17,15,11,12,11,16,11,50,13,11,11,16,14,13,11,62,11,11,11,11,11,26,11,15,11,11,11,11,11,11,11,11,11,11,11,17,15,11,11,11,11,11,11,11,11,16,11,15,12,11,11,11,11,11,11,11,11,11,11,27,15,11,11,11,11,11,11,11,11,11,11,12,11,11,11,11,11,89,11,11,11,11,11,12
15.5,24,52,20,16,13,11,17,14,11,14,14,17,21,18,11,13,11,17,14,56,12,11,11,25,17,12,13,63,11,11,11,11,14,23,16,19,11,15,11,11,11,11,11,11,11,11,11,17,19,11,11,11,11,11,11,11,11,20,11,20,14,11,11,11,11,11,11,11,11,11,11,27,16,11,11,11,11,11,11,11,11,11,11,14,12,11,11,11,11,90,11,11,11,11,11,16
15.75,20,49,19,14,12,11,13,11,11,12,17,14,21,14,11,12,11,18,11,55,13,11,12,23,16,14,11,62,11,12,11,11,16,27,16,15,11,11,11,11,11,11,11,11,11,11,11,18,16,11,11,11,11,11,11,11,11,18,11,16,12,11,11,11,11,11,11,11,11,11,11,31,17,11,11,11,11,11,11,11,11,11,11,14,12,11,11,11,11,89,11,11,11,11,11,16
16,25,48,15,15,18,11,11,11,16,12,18,17,16,15,11,11,11,17,11,51,14,11,16,16,14,11,11,64,11,11,11,11,14,30,15,16,11,11,11,11,11,11,11,11,11,11,11,19,15,11,11,11,11,11,11,11,11,22,11,16,15,11,11,11,11,11,11,11,11,11,11,24,17,11,12,11,11,11,11,11,11,11,11,13,11,11,11,11,11,88,11,11,11,11,11,15
16.25,22,48,15,13,12,11,11,11,11,11,14,16,20,16,15,12,11,15,11,52,12,11,12,15,13,11,11,62,11,11,11,11,14,28,15,17,11,11,11,11,11,11,11,11,11,11,11,16,18,11,11,11,11,11,11,11,11,17,11,20,13,11,11,11,11,11,11,11,11,11,11,33,14,11,11,11,11,11,11,11,11,11,11,11,12,11,11,11,11,86,14,11,11,11,11,11
16.5,23,46,19,13,14,11,15,11,11,11,12,13,15,11,12,15,11,15,11,54,11,11,11,17,13,13,11,64,11,11,11,11,11,29,17,16,11,11,11,11,11,11,11,11,11,11,11,19,20,12,11,11,11,11,11,11,11,17,11,20,11,11,11,11,11,11,11,11,11,11,11,28,14,11,11,11,11,11,11,11,11,11,11,11,14,11,11,11,11,88,11,11,11,11,11,19
16.75,21,49,20,16,17,12,20,12,12,11,15,18,20,12,12,14,11,16,11,52,15,13,11,21,15,12,11,65,13,12,11,12,13,29,14,17,11,11,11,11,11,11,11,11,11,11,11,17,17,14,11,14,11,11,11,11,11,20,11,20,17,11,11,11,11,11,11,11,11,11,11,28,17,11,11,11,11,11,11,11,11,11,11,13,11,11,11,11,11,86,13,11,11,11,11,16
17,24,50,22,18,15,11,18,13,13,11,16,20,24,21,12,13,11,20,14,54,13,14,16,20,17,15,11,70,11,14,11,11,17,30,16,20,11,11,11,11,11,11,11,11,11,11,11,22,18,11,11,11,11,11,11,11,11,24,11,21,15,11,11,11,11,11,11,11,11,11,11,29,16,11,11,11,11,11,12,11,11,11,11,11,16,11,11,11,11,83,11,11,11,11,11,15
17.25,21,47,22,18,12,12,12,11,15,13,14,14,21,13,11,13,11,23,11,51,12,11,12,18,16,11,11,61,11,11,11,11,14,30,13,12,11,11,11,11,11,11,11,11,11,11,11,17,12,13,11,14,11,11,11,11,11,20,11,21,16,11,11,11,11,11,11,11,11,11,11,30,11,11,11,11,11,11,11,11,11,11,11,13,11,11,11,11,11,88,11,11,11,11,11,15
17.5,23,50,22,15,16,11,13,11,11,13,15,18,22,15,16,11,11,18,11,50,12,11,16,16,14,11,11,68,11,12,11,11,13,32,14,20,14,11,11,11,11,11,11,11,11,11,11,19,19,11,11,11,11,11,11,11,11,18,11,19,15,11,11,11,11,11,11,11,11,11,11,28,17,11,11,11,11,11,11,11,11,11,11,11,14,11,11,11,11,87,11,11,11,11,11,15
17.75,22,50,19,17,16,13,15,12,13,12,16,22,22,14,12,14,11,20,11,55,16,11,13,20,21,14,11,66,11,11,11,13,13,28,17,18,15,11,11,11,11,11,11,11,11,11,13,16,15,11,11,12,11,11,11,11,11,21,11,21,16,11,11,11,11,11,11,11,11,11,12,32,13,11,11,11,11,11,11,11,11,11,11,12,12,11,11,11,11,87,13,11,11,11,11,14
18,23,49,17,17,18,12,13,11,12,13,16,15,22,16,11,11,11,19,11,53,15,11,13,20,17,11,11,63,11,11,11,11,13,30,16,17,11,11,11,11,11,11,13,11,11,11,11,18,20,11,11,11,11,11,11,11,11,20,11,21,18,11,11,11,11,11,11,11,11,12,11,31,15,11,11,11,11,11,11,11,11,11,11,11,11,11,11,11,11,87,11,11,11,11,11,13
18.25,16,50,15,12,13,11,14,13,11,11,15,23,21,18,11,11,12,23,12,52,16,12,12,24,16,12,11,66,11,11,12,12,15,27,19,17,14,11,11,11,11,11,11,11,11,11,13,18,18,11,11,11,11,11,11,11,11,22,11,19,16,11,11,11,11,11,11,11,11,11,11,29,18,11,11,11,11,11,11,11,11,11,11,11,12,11,11,11,11,85,11,11,11,11,11,18
18.5,25,51,16,16,14,11,12,11,13,11,14,19,24,15,15,11,11,22,11,54,18,12,11,16,20,12,11,67,11,13,11,11,19,30,17,18,11,11,11,11,11,11,11,11,11,11,12,21,20,11,11,11,11,11,11,11,11,20,11,24,16,11,11,11,11,11,11,11,11,11,11,33,19,11,11,11,11,11,11,11,11,11,11,12,12,11,11,11,11,84,15,11,11,11,11,14
18.75,20,47,17,17,14,13,15,11,11,11,16,14,20,11,12,13,14,21,11,52,14,11,14,17,17,13,11,64,11,11,11,11,11,26,16,15,11,11,11,11,11,11,11,11,11,11,11,12,17,12,11,11,11,11,11,11,11,20,11,19,13,11,11,11,11,11,11,11,11,11,11,31,13,11,11,11,11,11,11,11,11,11,11,11,14,11,11,11,11,89,11,11,11,11,11,14
19,25,48,15,17,15,12,17,11,15,11,22,19,20,18,13,16,15,21,13,53,15,14,20,21,18,13,13,64,11,12,11,11,15,25,15,16,16,11,11,11,11,11,11,11,11,11,11,15,20,13,11,11,11,11,11,11,11,23,11,23,16,11,11,11,11,11,11,11,11,11,11,30,17,11,11,11,11,11,11,11,11,11,11,14,15,11,11,11,11,87,13,11,11,11,11,17
19.25,24,50,21,16,18,11,16,11,11,13,13,14,18,15,12,13,13,24,11,53,16,11,17,21,18,14,11,65,11,11,11,11,14,27,16,19,11,11,11,11,11,11,11,11,11,11,11,17,19,11,11,11,11,11,11,11,11,25,11,26,13,11,12,11,11,11,11,11,11,11,11,32,14,12,11,11,11,11,11,11,11,11,11,14,16,11,11,13,11,86,14,11,11,11,11,15
19.5,22,49,18,13,14,11,14,12,11,15,11,17,19,14,13,12,11,22,11,54,13,11,12,20,15,11,11,63,11,11,11,14,12,25,17,18,15,11,11,11,11,11,11,11,11,11,11,18,14,11,11,11,11,11,11,11,11,21,11,19,15,11,11,11,11,11,11,11,11,11,11,29,15,11,11,11,11,11,11,11,11,11,11,11,14,11,11,11,11,86,13,11,11,11,11,16
19.75,22,49,19,11,16,12,12,11,11,12,18,18,19,14,11,11,11,26,11,55,13,11,11,18,17,11,11,64,11,15,11,13,15,27,16,17,11,11,11,11,11,11,11,11,11,11,11,16,15,11,11,11,11,11,11,11,11,20,11,26,16,11,11,11,11,11,11,11,11,11,11,32,16,11,11,11,11,11,11,11,11,11,11,11,13,11,11,11,11,87,11,11,11,11,11,14
20,24,49,20,15,16,14,18,12,14,11,14,23,20,15,15,13,15,25,11,58,18,11,14,25,18,15,12,67,11,16,11,14,20,24,17,18,16,11,11,11,12,11,14,11,11,11,11,24,19,13,11,11,11,11,11,11,11,24,11,24,17,11,11,11,11,11,11,11,11,11,12,33,18,13,11,11,11,11,11,11,11,11,11,15,14,11,11,11,11,87,11,11,11,11,11,16
20.25,21,51,18,17,16,16,17,11,13,12,17,19,22,15,12,11,16,27,11,58,14,14,14,20,15,11,11,64,14,12,11,11,19,27,20,13,11,11,11,11,11,11,11,11,11,11,11,21,18,12,11,11,11,11,11,11,11,27,11,29,16,11,11,11,11,11,11,11,11,11,11,33,15,11,11,11,11,11,11,11,11,11,11,11,15,11,11,11,11,91,16,11,11,11,11,14
20.5,25,48,20,17,17,11,16,13,14,15,14,21,19,14,11,16,11,26,14,51,12,11,14,23,13,11,13,67,11,15,11,13,15,27,17,20,11,13,11,11,11,11,13,11,11,11,11,22,19,12,11,11,11,11,11,11,11,22,11,27,17,11,11,11,11,11,11,11,11,11,11,31,16,11,11,11,11,11,11,11,11,11,11,13,15,11,11,11,11,88,11,11,11,11,11,20
20.75,25,47,24,17,16,11,18,13,12,14,20,20,21,17,11,12,11,29,11,50,15,11,14,19,18,13,11,63,11,12,11,11,17,29,14,15,11,11,12,11,11,11,11,11,11,11,11,18,16,11,11,11,11,11,11,11,11,22,11,24,15,11,11,11,11,11,11,11,11,12,11,35,17,11,11,11,11,11,11,11,11,11,11,12,11,11,11,11,11,84,15,11,11,11,11,15
21,24,48,14,14,14,11,13,11,11,11,15,19,19,13,13,11,15,25,14,54,12,11,13,20,15,11,11,66,11,13,11,11,13,26,20,14,11,11,11,11,11,11,11,11,11,11,14,18,19,11,11,11,11,11,11,11,11,25,11,22,13,11,11,11,11,11,11,11,11,11,11,35,18,11,11,11,11,11,11,11,11,11,11,11,12,11,11,11,11,89,16,11,11,11,11,17
21.25,26,48,22,14,14,11,15,13,15,15,15,22,22,19,14,15,12,25,11,54,18,11,17,23,14,15,11,67,11,11,11,11,15,29,15,18,12,11,11,11,11,12,11,11,11,11,11,16,21,11,13,13,11,11,11,11,11,23,11,27,15,11,11,11,11,11,11,11,11,11,11,35,19,11,11,11,11,11,11,11,11,11,11,12,16,11,11,11,11,86,11,11,11,11,11,14
21.5,25,54,19,15,18,12,17,11,15,12,15,20,24,16,14,12,14,29,11,54,19,14,15,20,15,13,11,63,11,11,11,11,15,28,19,15,11,11,11,11,11,11,11,11,11,11,11,19,16,11,11,11,11,11,11,11,11,28,11,25,13,11,11,11,11,11,11,11,11,11,11,36,18,11,11,11,11,11,11,11,11,11,11,12,12,11,11,11,11,88,12,11,11,11,11,16
21.75,23,51,19,17,14,16,16,15,11,15,17,21,20,16,14,17,14,28,11,55,16,13,18,20,18,13,12,69,11,12,11,13,17,26,21,19,13,11,11,11,11,11,11,11,11,11,12,13,18,11,11,11,11,11,11,11,11,26,11,28,14,11,11,11,11,11,11,11,11,11,11,33,18,11,11,11,11,11,11,11,11,11,11,14,12,11,11,11,11,85,11,11,11,11,11,18
22,20,49,19,15,15,11,18,11,11,14,19,15,21,16,11,14,13,26,11,53,15,11,15,17,17,12,11,65,11,13,11,11,15,24,23,19,11,12,11,11,11,11,12,11,11,11,11,16,19,13,11,11,11,11,11,11,11,23,11,25,14,11,11,11,11,11,11,11,11,11,11,34,15,11,11,11,11,11,11,11,11,11,11,14,12,11,11,11,11,87,11,11,11,11,11,17
22.25,24,50,17,14,14,11,18,11,11,14,18,21,22,15,11,18,11,27,11,53,15,11,11,19,21,11,12,68,11,12,11,11,17,26,16,15,11,11,11,11,11,11,11,11,11,11,11,19,15,13,11,12,11,11,11,11,11,27,11,26,15,11,11,11,11,11,11,11,11,11,11,33,17,11,11,11,11,11,11,11,11,11,11,12,11,11,11,11,11,87,13,11,11,11,11,14
22.5,23,46,20,15,17,11,16,12,12,16,18,21,21,20,14,16,17,32,12,52,19,11,15,20,19,15,15,61,14,13,15,13,21,24,19,20,15,11,11,11,11,12,13,11,11,11,12,19,18,12,11,14,11,11,11,11,11,25,12,28,19,11,11,12,11,11,11,11,11,11,11,37,19,11,11,11,11,11,11,11,11,11,11,12,17,12,11,11,11,90,14,11,11,11,11,18
22.75,23,47,20,13,12,14,13,15,12,17,21,16,20,13,11,12,11,27,11,54,19,14,12,20,19,11,11,65,11,11,11,11,15,32,16,19,15,11,11,11,11,11,11,11,11,11,11,17,18,11,11,11,11,11,11,11,11,31,11,28,16,11,11,11,11,11,11,11,11,11,11,32,15,11,11,11,11,11,11,11,11,11,11,11,14,11,11,11,11,88,14,11,11,11,11,17
23,28,48,22,17,14,12,12,11,11,18,22,19,23,13,11,12,11,31,11,50,17,11,15,17,19,11,12,60,11,11,11,11,15,25,17,18,12,11,11,11,11,11,11,11,11,11,13,16,19,11,11,12,11,11,11,11,11,28,11,27,14,11,11,11,11,11,11,11,11,11,11,31,14,11,11,11,11,11,13,11,11,11,11,12,13,11,11,11,11,84,11,11,11,11,11,16
23.25,26,50,20,19,16,11,17,16,13,16,16,22,18,13,16,11,14,30,11,51,15,11,12,19,15,11,11,69,11,11,11,11,18,28,19,19,12,11,11,12,11,11,11,11,11,11,11,19,18,11,11,13,11,11,11,11,11,27,11,25,17,11,11,11,11,11,11,11,11,11,11,37,19,11,11,11,11,11,11,11,11,11,12,11,13,11,11,11,11,88,17,11,11,11,11,17
23.5,23,55,22,14,15,11,13,11,12,13,14,22,18,17,12,14,14,30,11,54,16,11,19,22,19,13,12,62,11,14,11,11,19,32,19,20,14,12,11,11,13,11,11,11,12,11,11,18,22,11,11,11,11,11,11,11,11,25,11,28,21,11,11,11,11,11,11,11,11,11,12,37,22,11,11,11,11,11,11,11,11,11,11,15,11,11,11,11,11,88,13,11,11,11,11,17
23.75,27,52,21,14,16,11,16,12,15,16,15,26,22,12,11,17,11,33,11,56,16,11,13,20,18,17,11,65,11,15,11,11,19,32,19,17,16,11,12,11,11,11,11,11,11,11,11,20,20,11,11,11,11,11,11,11,11,29,11,31,15,11,11,11,11,11,11,11,11,11,11,37,21,11,11,11,11,11,15,11,11,11,11,15,13,11,11,11,11,89,13,11,11,11,11,17
24,24,47,22,15,18,15,15,14,15,16,17,21,21,19,15,13,11,26,14,54,18,11,15,20,19,11,11,65,11,11,13,11,17,30,17,20,11,11,12,13,12,11,11,11,11,11,14,20,20,11,11,11,11,11,11,11,11,27,11,29,19,11,11,11,11,11,11,11,11,11,11,39,17,11,11,11,11,11,13,11,11,11,11,17,12,11,11,11,11,86,16,11,11,11,11,17
24.25,26,50,19,18,15,12,14,11,11,16,19,21,16,17,15,13,11,27,12,60,16,12,13,19,20,14,11,63,11,14,11,12,15,26,15,21,14,11,11,11,11,11,12,11,11,11,11,19,18,11,11,12,11,11,11,11,11,29,12,28,11,11,11,11,11,11,11,11,11,11,11,38,17,13,11,11,11,11,11,11,12,11,11,11,11,11,11,11,11,89,11,11,11,11,11,21
24.5,26,52,19,18,18,13,14,12,15,15,15,19,18,13,11,11,11,30,14,52,16,11,18,18,19,14,11,66,11,11,11,11,17,29,18,17,13,11,11,11,11,11,11,11,11,11,11,16,16,11,11,11,11,11,11,11,11,28,11,29,16,11,11,11,11,11,11,11,11,11,11,35,13,11,11,11,11,11,11,11,11,11,11,14,13,11,11,11,11,89,17,11,11,11,11,17
24.75,21,47,23,15,13,14,17,11,17,17,21,22,19,15,11,13,17,33,13,53,19,18,15,20,17,11,11,67,11,13,11,12,17,29,19,18,14,11,11,11,11,11,11,11,11,16,12,16,17,11,11,11,11,11,11,11,12,32,11,35,20,11,11,11,11,11,11,11,11,15,11,33,18,11,11,11,11,11,11,11,11,11,12,14,15,11,11,11,11,87,11,11,11,11,11,20
25,27,52,22,20,21,14,17,11,11,14,20,22,20,13,14,13,12,31,11,58,16,11,11,20,18,12,11,63,11,11,11,11,15,30,16,21,13,11,11,12,11,11,11,11,11,11,12,22,20,11,11,11,11,11,11,11,11,29,11,33,14,11,11,11,11,11,11,11,11,11,11,35,15,11,11,11,11,11,11,11,12,11,11,13,14,11,11,11,11,85,11,11,11,11,11,15
25.25,25,53,23,15,16,13,13,11,16,19,16,19,21,16,13,16,13,34,12,57,18,12,15,20,20,11,11,67,12,15,16,13,17,32,25,15,15,11,15,11,11,12,16,11,11,11,11,21,23,12,12,11,11,11,11,11,11,29,11,28,17,11,11,11,11,11,11,11,11,11,11,41,18,11,11,11,11,11,11,11,11,11,11,15,11,13,11,11,11,88,16,11,11,11,11,21
25.5,26,50,19,19,18,12,14,11,15,19,14,17,22,21,12,15,13,33,11,58,22,11,16,24,16,12,12,69,11,15,17,11,17,31,21,19,13,14,11,12,12,11,13,11,11,11,14,25,22,11,11,12,11,11,11,11,11,30,11,32,14,11,11,11,11,11,11,11,11,12,11,39,19,11,11,11,11,11,11,11,11,11,11,13,11,11,11,11,11,84,14,11,11,11,11,23
25.75,24,52,19,14,16,14,16,11,11,17,23,19,17,17,11,13,14,32,11,54,17,11,13,21,17,12,11,68,11,11,11,11,18,28,21,15,15,11,11,11,11,11,11,11,11,11,15,19,20,11,11,11,11,11,11,11,12,36,11,34,16,11,11,11,11,11,11,11,11,13,12,35,18,11,11,11,11,11,11,11,11,11,11,14,11,11,11,11,11,86,13,11,11,11,11,17
26,23,51,20,16,18,12,13,16,16,12,16,20,17,17,13,12,12,33,13,54,13,11,15,21,15,17,11,63,11,13,11,13,16,33,24,17,12,11,12,11,11,11,12,11,11,11,11,20,19,11,11,11,11,11,11,11,11,29,11,33,20,11,11,11,11,11,11,11,11,11,11,40,19,11,11,11,11,11,11,11,11,11,11,11,11,11,11,11,11,88,11,11,11,11,11,17
26.25,24,52,21,20,15,15,17,13,11,13,15,19,20,13,13,11,16,28,12,54,17,14,18,19,18,15,11,65,11,15,11,11,14,31,18,18,14,12,13,13,11,11,11,11,11,11,11,23,18,12,11,11,11,11,11,11,11,28,11,31,18,11,11,11,11,11,11,11,11,11,11,39,18,11,13,11,11,11,12,11,11,11,11,12,14,11,11,11,11,85,11,11,11,11,11,15
26.5,28,50,21,20,18,11,17,16,11,16,18,22,16,15,16,16,14,27,11,53,13,12,14,17,12,14,12,65,11,14,13,13,17,33,21,15,11,11,11,11,11,11,12,11,11,11,12,23,19,11,11,11,11,11,11,11,11,30,11,33,14,11,11,11,11,11,11,11,11,11,11,41,17,11,11,11,11,11,11,11,11,11,11,12,15,11,11,11,11,86,12,11,11,11,11,18
26.75,23,50,20,18,21,14,14,12,18,17,21,19,18,16,14,14,12,34,13,55,19,13,17,22,16,16,11,65,11,13,11,11,18,32,20,20,11,11,12,11,11,11,11,11,11,11,14,18,18,11,11,11,11,11,11,11,11,33,11,33,17,11,11,11,11,11,11,11,11,11,11,41,18,11,11,11,11,11,13,11,11,11,11,11,13,11,11,11,11,88,15,11,11,11,11,19
27,24,52,22,15,22,14,16,12,15,17,16,19,15,20,14,16,16,32,12,55,18,12,14,20,20,17,13,66,11,14,15,12,17,35,24,20,12,13,18,11,12,11,11,11,11,11,11,19,20,11,12,11,11,11,11,11,11,27,11,34,17,11,11,11,11,11,11,11,11,11,11,42,17,11,11,11,11,11,11,11,13,11,11,13,11,11,11,11,11,87,16,11,11,11,11,16
27.25,21,50,24,19,20,11,13,11,11,15,18,19,20,14,14,15,16,33,14,59,13,13,16,21,17,15,11,69,11,14,11,12,17,30,20,20,12,11,13,11,13,11,16,11,11,11,12,21,19,11,11,12,11,11,11,11,11,33,11,31,17,11,11,11,11,11,11,11,11,11,11,40,20,11,13,11,11,11,11,11,11,11,11,13,11,11,11,11,11,86,15,11,11,11,11,21
27.5,29,51,21,16,16,11,16,11,11,14,18,21,18,17,15,15,12,34,12,56,16,13,14,22,19,12,11,64,11,17,12,12,16,36,21,20,14,11,13,12,12,11,11,11,11,11,11,16,18,11,11,13,11,11,11,11,11,31,11,32,14,11,11,11,11,11,11,11,11,11,12,41,16,11,11,11,11,11,12,11,11,11,11,11,11,11,11,12,11,91,15,11,11,11,11,19
27.75,24,51,20,13,20,12,21,12,13,17,17,18,19,15,18,19,14,34,16,55,15,15,13,19,20,12,11,62,11,12,12,13,16,35,20,19,15,11,14,11,11,11,11,11,11,11,11,23,21,11,11,11,13,11,11,11,13,36,11,32,16,11,11,11,11,11,11,11,11,11,11,39,21,11,11,11,11,11,11,11,11,11,11,14,14,11,11,11,11,89,16,11,11,11,11,16
28,25,55,20,17,15,14,18,11,13,15,19,18,18,16,13,12,12,29,15,55,17,11,18,22,21,16,14,63,11,17,11,12,24,31,20,21,12,11,17,12,11,14,11,11,11,11,15,19,21,11,11,13,11,11,11,11,11,34,11,32,19,11,11,11,11,11,11,11,11,11,11,37,19,11,14,11,11,11,11,11,12,11,12,12,13,11,11,11,11,91,15,11,11,11,11,16
28.25,26,54,20,21,21,14,15,11,18,16,16,22,18,19,11,16,12,33,14,53,19,13,19,23,20,16,12,68,11,13,11,18,19,34,19,19,12,12,13,11,11,11,13,11,11,11,15,25,21,11,11,11,11,11,11,11,12,31,11,34,15,11,11,11,11,11,11,11,11,12,11,39,19,11,11,11,11,11,11,11,11,11,11,14,13,11,11,11,11,91,17,11,11,11,11,16
28.5,24,55,25,19,21,14,19,11,13,17,17,23,17,19,13,17,13,33,11,55,18,11,18,25,17,13,16,71,11,11,16,15,17,34,22,21,13,11,17,13,12,11,14,11,12,11,15,22,23,11,11,11,11,11,11,11,11,31,11,31,17,11,11,11,11,11,11,11,11,11,12,38,21,11,14,11,11,11,14,12,13,11,12,16,13,11,11,11,11,84,14,11,11,11,11,16
28.75,28,53,19,20,18,11,16,15,17,16,16,20,20,19,15,15,14,35,14,58,18,11,18,23,22,16,11,65,11,14,13,11,18,38,20,21,16,11,15,11,12,11,11,11,11,11,12,23,17,11,11,12,11,11,11,11,11,36,11,35,17,11,11,11,11,11,11,11,11,11,11,43,19,11,11,11,11,11,11,11,15,11,11,16,13,11,11,11,11,85,17,11,11,11,11,19
29,27,53,23,17,16,15,20,13,12,25,20,22,17,17,13,18,16,36,11,56,15,12,16,19,17,21,14,66,11,14,16,14,17,37,24,15,16,11,16,16,15,11,12,11,11,11,11,23,20,16,11,11,11,11,11,11,15,33,11,31,20,11,11,11,11,11,11,11,11,11,11,37,19,13,11,11,11,11,11,11,11,11,11,18,13,11,11,11,11,86,17,11,11,11,11,18
29.25,26,49,18,18,21,17,22,11,13,15,15,19,17,19,14,17,14,36,15,59,19,16,16,20,18,16,11,68,11,15,16,17,14,30,25,21,15,14,17,14,15,11,11,11,13,11,15,23,24,14,11,11,11,11,11,11,13,33,11,34,22,11,11,11,11,11,11,11,11,11,13,43,18,11,13,11,11,11,12,11,11,11,11,12,15,11,11,11,11,86,19,11,11,11,11,22
29.5,28,52,26,21,18,13,15,15,16,20,20,18,18,17,13,18,15,31,12,56,21,14,16,20,22,15,11,68,11,11,13,13,18,37,21,20,11,11,16,11,11,11,13,11,14,11,11,26,18,11,12,11,11,11,11,11,11,35,11,36,19,11,11,11,11,11,11,11,11,11,11,39,17,12,11,11,11,11,13,12,11,11,11,15,14,11,11,11,11,87,16,11,11,11,11,17
29.75,23,51,22,17,22,12,16,12,14,18,20,17,20,22,18,18,16,35,11,60,16,15,14,19,20,14,11,68,11,16,13,16,16,34,18,22,12,11,18,11,13,11,11,11,11,11,11,21,22,11,11,11,11,11,11,11,11,31,11,38,16,11,11,11,11,11,11,11,11,12,11,39,20,11,11,11,11,11,11,11,11,11,12,13,12,11,11,11,11,88,11,11,11,11,11,18
30,26,51,22,15,20,14,20,11,14,19,18,19,15,20,13,14,13,33,14,54,19,14,16,19,22,14,11,65,11,11,12,14,13,36,21,18,14,11,13,12,11,11,14,11,11,11,11,24,23,12,14,11,11,11,11,11,12,35,11,31,17,11,11,12,11,11,11,11,11,11,11,43,18,11,11,11,11,11,13,11,11,11,11,11,13,11,11,11,11,89,11,11,11,11,11,17
30.25,24,51,20,14,21,15,22,11,11,16,18,21,18,17,17,13,12,32,13,58,21,13,12,17,20,13,11,65,11,11,11,11,18,36,21,18,11,11,17,11,11,11,11,11,11,11,13,24,18,12,11,11,11,11,11,11,12,34,11,35,17,11,11,11,11,11,11,11,11,11,12,42,20,13,11,11,11,11,11,11,11,11,11,12,12,11,11,14,11,88,17,11,11,11,11,18
30.5,27,52,21,18,23,15,17,14,14,20,17,15,17,16,17,16,16,35,14,58,14,15,15,21,22,18,11,63,11,14,15,11,15,43,22,19,17,11,19,11,14,11,13,11,13,11,16,23,25,11,11,11,15,11,11,11,13,34,11,34,16,11,11,11,11,11,11,11,11,11,13,41,22,11,11,11,11,11,15,11,11,11,11,14,14,11,11,11,11,91,11,11,11,11,11,19
30.75,25,51,25,15,18,16,21,13,16,20,18,19,21,22,16,17,14,35,15,57,18,11,16,21,19,12,12,66,11,20,13,16,19,40,19,21,13,11,17,13,14,12,16,11,11,11,13,23,21,11,11,11,11,11,11,11,12,33,11,35,16,11,11,11,11,11,11,11,11,14,11,43,19,11,11,11,11,11,20,11,11,11,11,18,13,11,11,11,11,90,17,11,11,11,11,20
31,25,49,20,17,21,11,17,11,14,18,15,18,19,19,11,14,15,37,13,59,17,15,13,20,16,12,11,64,11,12,12,13,18,41,21,16,16,11,13,13,13,11,11,11,11,11,11,25,26,11,13,11,11,11,11,11,13,37,11,35,15,11,11,11,11,11,11,11,11,11,11,39,18,11,12,11,11,11,14,11,11,11,11,15,13,11,11,13,11,85,15,11,11,11,11,18
31.25,26,55,24,15,19,16,17,12,11,18,15,18,19,17,15,15,18,33,19,57,19,17,14,23,20,13,13,65,11,15,16,11,15,35,22,23,15,11,20,15,14,12,13,11,11,11,15,22,24,11,11,13,11,11,11,11,11,33,11,37,19,11,11,11,11,11,11,11,11,11,11,40,20,11,12,11,11,11,12,11,11,11,11,14,14,11,11,11,11,87,13,11,11,11,11,17
31.5,29,58,28,18,26,16,20,14,15,18,19,17,20,20,12,13,15,32,17,61,18,18,17,24,21,14,11,65,11,16,14,13,15,39,19,20,16,11,19,12,13,11,12,11,11,11,17,26,28,11,11,12,11,11,11,11,15,36,12,36,19,11,11,11,11,13,11,11,11,11,15,44,22,11,12,11,11,11,13,11,13,13,11,19,11,11,11,12,11,88,19,11,11,11,12,19
31.75,29,51,30,24,25,21,23,17,15,17,18,22,18,19,19,20,17,34,14,58,19,11,18,22,19,13,11,68,11,15,15,13,19,38,22,25,17,11,17,14,12,11,14,11,11,12,15,24,26,11,14,14,15,11,11,11,11,30,11,36,20,11,11,11,11,11,11,11,11,11,14,40,20,11,11,11,11,11,14,13,14,12,12,17,11,11,11,11,11,88,18,11,11,11,11,20
32,30,51,24,19,22,16,22,13,14,19,15,21,22,20,14,18,15,33,15,55,17,15,17,24,18,15,12,67,11,13,15,15,19,37,20,20,18,11,19,13,13,11,11,11,11,11,15,19,22,11,13,11,15,11,11,13,15,37,11,31,18,11,11,11,11,11,11,11,11,11,12,43,19,11,11,11,11,11,18,11,14,11,12,17,11,11,11,12,11,90,15,11,11,11,11,19
32.25,25,51,20,17,20,14,20,15,13,16,15,21,20,23,14,19,17,34,14,58,16,11,17,21,22,15,12,68,11,17,13,15,17,39,21,20,16,11,19,13,12,12,11,11,12,11,11,23,25,12,11,13,13,11,11,11,12,37,11,34,16,11,11,11,11,11,11,11,11,11,13,43,20,11,11,12,11,11,13,11,15,11,11,17,14,11,11,11,11,89,15,11,11,11,11,19
32.5,29,54,23,19,23,11,22,13,12,18,17,22,19,17,15,18,11,32,19,58,14,17,19,21,20,17,11,67,11,15,13,14,17,39,17,16,15,11,21,17,14,11,12,11,11,11,11,22,21,11,15,12,12,11,11,11,13,36,11,33,16,11,11,11,11,11,11,11,11,14,12,41,16,11,14,11,11,11,15,11,13,13,11,17,14,11,11,11,11,88,12,11,11,11,11,24
32.75,25,49,24,15,19,14,20,13,16,19,18,19,20,19,14,13,16,36,15,58,17,15,18,23,19,19,11,70,11,15,12,17,18,35,20,21,13,11,18,15,11,11,12,11,13,11,13,23,27,13,11,12,12,11,11,11,11,38,11,31,22,11,11,11,11,11,11,11,11,11,11,41,22,14,11,11,11,11,13,11,14,11,13,13,12,11,11,13,11,83,18,11,11,11,11,20
33,25,52,23,17,23,12,19,14,13,15,17,18,17,17,16,17,13,32,14,55,18,15,21,19,17,17,11,64,11,17,14,16,17,40,18,21,18,11,23,14,11,11,14,11,14,11,14,25,27,12,13,13,14,11,11,11,11,38,11,33,18,11,11,11,11,11,11,11,11,11,12,40,18,11,11,11,11,11,16,11,11,15,11,18,12,11,11,12,11,85,19,11,11,11,11,19
33.25,27,47,19,18,24,15,23,13,14,16,16,14,20,18,16,12,16,33,11,60,12,13,13,19,18,13,14,65,11,12,11,15,15,40,24,20,17,11,19,11,11,11,11,11,11,11,12,25,23,11,13,11,17,11,11,12,11,36,11,32,20,11,11,11,11,11,11,11,11,11,11,38,21,11,11,11,11,11,18,11,15,14,11,17,11,11,11,13,11,88,14,11,11,11,11,21
33.5,25,51,24,18,24,12,19,16,18,20,18,20,22,19,16,17,16,34,15,60,15,15,12,19,23,20,12,63,11,15,13,15,17,42,24,20,16,11,21,13,11,11,11,11,11,11,19,24,28,12,14,12,12,11,11,11,18,36,11,38,19,11,11,11,11,11,11,11,11,11,11,45,20,11,11,11,11,11,15,11,12,11,12,18,13,11,11,12,11,88,16,11,11,11,11,20
33.75,24,56,23,17,19,15,22,16,12,17,16,24,18,18,21,17,13,32,17,62,16,16,15,24,16,15,11,70,11,14,14,19,20,42,20,20,16,11,22,14,11,11,13,11,14,14,18,25,22,11,17,11,13,11,11,11,12,39,11,35,18,11,13,11,11,11,11,11,11,11,11,44,17,11,11,11,11,11,15,11,13,15,13,17,14,11,11,11,11,86,17,11,11,11,11,19
34,27,55,24,16,21,12,20,15,12,19,17,20,19,22,18,17,17,33,15,57,22,12,15,25,22,18,15,66,11,14,14,15,14,38,22,24,17,11,22,14,12,11,12,13,14,13,13,24,29,11,11,11,11,11,11,11,12,39,11,36,19,11,11,11,11,11,11,11,11,11,12,42,22,11,13,11,11,11,15,11,11,11,11,17,11,11,11,11,11,91,16,11,11,11,11,23
34.25,27,51,26,22,23,13,23,16,15,22,22,20,21,21,18,11,15,33,16,58,15,14,19,19,21,15,12,66,11,11,12,14,15,43,19,16,15,11,22,12,11,11,13,11,11,12,12,25,22,11,12,12,11,11,11,11,16,42,11,36,16,11,11,12,11,12,11,11,11,11,13,40,20,11,11,11,11,11,19,11,16,11,11,19,11,11,11,12,11,91,12,11,11,11,11,20
34.5,28,53,22,17,20,15,25,13,16,20,16,21,17,21,20,17,20,36,17,60,17,19,17,22,20,18,12,70,11,15,16,14,20,42,23,18,19,11,24,16,14,14,13,12,11,11,18,28,27,11,13,14,13,11,11,13,13,43,11,37,18,11,11,11,11,11,11,11,11,13,13,42,19,11,14,11,11,11,16,11,12,11,17,16,15,11,11,11,11,89,14,11,11,11,14,22
34.75,22,55,23,16,24,16,23,13,18,19,17,20,20,21,16,19,16,33,14,63,18,16,12,21,19,14,12,69,11,14,13,16,17,44,21,24,15,11,24,11,11,11,11,12,11,13,11,25,24,12,13,11,11,11,11,11,14,41,11,33,20,11,11,11,11,11,11,11,11,14,11,42,20,12,11,11,11,11,15,11,12,16,14,21,17,11,11,11,11,90,13,11,11,11,11,22
35,25,51,21,16,23,13,21,15,14,19,12,18,14,20,18,18,16,32,12,57,17,15,20,22,20,15,12,64,11,12,12,18,16,37,20,19,14,11,25,15,11,11,11,11,11,11,16,25,28,11,11,11,12,11,11,13,14,40,11,37,17,11,11,11,11,11,11,11,11,11,13,40,20,11,11,11,11,11,18,11,11,15,14,16,13,11,11,11,11,89,13,11,11,11,11,23
35.25,27,57,24,19,24,13,26,16,11,22,17,20,19,17,16,17,15,33,18,59,17,17,14,23,21,14,15,68,12,13,11,14,14,43,21,21,16,11,24,15,11,11,13,11,11,11,13,23,26,11,13,12,16,11,11,13,15,37,11,32,19,11,11,11,11,11,11,11,11,12,13,46,23,13,12,11,11,11,14,11,16,12,11,18,11,11,11,11,11,92,17,11,11,11,11,21
35.5,27,55,27,18,26,11,26,20,18,19,16,25,19,24,14,16,16,37,16,62,19,12,15,24,20,15,15,69,11,11,15,13,19,45,24,23,15,11,26,13,14,11,14,12,11,11,14,24,24,15,15,11,14,11,11,11,15,43,11,36,20,11,11,11,11,11,11,11,11,11,13,42,22,11,11,12,11,11,17,11,18,14,11,20,11,11,11,11,11,88,18,11,11,11,11,21
35.75,25,53,21,20,24,12,21,16,14,19,17,18,16,23,21,18,14,35,17,58,18,15,19,20,21,19,14,65,11,16,15,15,19,46,22,20,17,11,25,15,12,12,16,11,14,11,12,24,29,12,15,15,17,11,11,11,18,40,11,34,20,11,12,11,11,14,11,11,11,11,16,43,22,11,11,11,11,11,18,11,15,15,11,20,13,11,11,11,11,92,14,11,11,11,11,20
36,26,56,27,16,21,12,20,14,14,21,15,18,19,20,15,16,13,34,16,55,15,15,18,18,19,18,11,68,11,14,16,15,18,44,19,20,18,11,22,15,13,11,15,11,12,12,12,25,27,14,13,12,16,12,11,13,15,42,11,35,22,11,12,11,11,11,11,11,11,12,15,43,18,11,11,11,11,11,14,11,11,14,11,16,13,11,11,11,11,88,16,11,11,11,11,19
36.25,26,56,22,15,25,12,21,18,16,18,13,19,17,21,14,15,13,33,17,58,16,14,18,19,23,16,14,64,11,12,12,14,14,38,17,24,15,11,32,12,13,12,13,11,11,11,12,23,25,11,12,11,12,11,11,11,14,43,11,37,18,11,11,11,11,11,11,11,11,12,11,42,22,11,12,11,11,11,17,11,11,14,14,17,16,11,11,11,11,89,11,11,11,11,11,21
36.5,27,54,30,18,27,11,29,15,14,18,20,18,21,22,15,19,16,39,15,59,20,19,20,20,22,17,15,67,11,15,15,18,17,38,18,21,16,11,23,14,16,11,14,11,13,13,15,27,27,11,12,14,16,12,11,11,16,42,11,35,18,11,11,11,11,12,11,11,11,14,15,44,20,11,12,11,11,11,18,11,17,12,14,18,17,11,11,11,11,87,11,11,11,12,11,21
36.75,24,58,26,17,27,18,23,15,18,21,20,16,22,21,17,14,14,33,19,60,16,17,18,21,23,18,14,66,11,16,12,17,20,46,20,25,16,11,28,16,14,11,14,12,13,13,11,27,24,13,12,11,16,11,11,11,16,46,11,38,23,11,13,11,11,11,11,11,11,13,12,43,21,11,12,11,11,11,20,11,14,16,13,17,15,11,11,11,11,89,13,11,11,11,12,22
37,26,55,23,18,25,16,29,14,19,18,19,17,23,19,19,16,19,33,17,60,20,18,17,20,19,19,12,66,11,12,14,16,17,44,25,23,19,11,26,15,15,11,15,11,15,11,14,21,27,11,16,13,17,11,11,11,11,43,11,37,16,11,14,11,11,11,11,11,11,12,14,44,25,11,11,11,11,11,20,11,15,18,11,22,13,11,11,11,11,88,18,11,11,11,11,22
37.25,29,55,25,12,23,16,24,16,12,17,21,20,19,16,16,18,16,34,12,58,21,11,16,22,22,15,15,66,11,13,14,16,18,43,18,21,15,11,29,11,15,11,11,12,14,17,15,27,29,12,12,11,15,11,11,11,12,44,11,36,21,11,11,11,11,12,11,11,11,13,12,37,23,11,11,11,11,11,21,11,11,14,12,17,14,11,11,11,11,91,13,11,11,15,11,22
37.5,26,54,25,14,23,13,23,18,14,21,19,19,16,15,19,15,18,35,13,56,15,18,14,19,19,16,11,64,11,13,13,13,20,43,22,20,16,11,30,13,11,11,17,11,11,13,15,26,30,11,16,13,14,11,11,12,15,48,11,36,21,11,11,11,11,12,11,11,11,11,12,40,17,11,16,11,11,11,21,11,15,17,13,15,13,11,11,11,11,88,11,11,11,11,11,20
37.75,28,56,29,20,23,13,22,13,16,20,22,18,20,19,18,15,14,35,17,54,25,17,16,19,22,17,12,69,11,17,17,17,18,45,25,21,19,11,30,16,11,12,14,11,11,11,15,26,27,11,13,13,22,11,11,11,17,46,11,38,17,11,11,11,11,11,11,11,11,11,13,44,22,11,11,11,11,11,21,13,16,13,14,21,11,11,11,11,11,88,15,11,11,11,11,23
38,27,51,28,18,22,11,23,13,15,19,20,21,20,17,17,17,15,33,17,56,18,16,17,26,15,14,11,64,11,12,13,17,21,39,22,24,18,11,31,16,14,13,14,11,11,11,11,28,30,11,11,11,13,11,11,12,15,48,11,35,19,11,13,11,11,11,11,11,11,12,12,42,18,11,11,11,11,11,21,11,12,15,13,17,12,11,11,11,11,90,16,11,11,12,11,24
38.25,23,53,28,17,25,13,27,15,12,24,16,18,16,21,19,17,19,35,16,61,22,15,16,25,18,18,12,66,11,14,16,18,16,44,21,21,22,11,30,14,14,16,17,16,11,11,11,25,27,11,14,11,16,11,11,12,15,43,11,37,19,11,12,11,11,11,11,11,11,11,13,44,24,11,11,11,11,11,20,11,16,20,13,19,14,11,11,11,11,90,13,11,11,11,11,22
38.5,24,56,25,15,26,12,27,15,14,21,16,16,18,22,19,13,18,34,15,59,14,15,16,19,17,16,14,68,11,12,15,18,18,43,22,24,14,11,34,11,13,11,12,11,11,11,11,25,26,11,11,12,18,11,11,11,15,40,13,38,16,11,13,11,11,14,11,11,11,11,13,45,22,11,11,11,11,11,14,11,11,14,15,22,11,11,11,11,11,84,17,11,11,11,11,19
38.75,25,56,33,18,27,13,28,14,15,21,23,22,17,20,20,16,11,34,15,61,18,13,18,20,18,15,11,68,11,11,16,15,16,43,17,23,14,11,36,15,15,11,14,11,11,11,15,22,27,12,11,12,19,11,11,11,15,48,11,36,16,11,15,11,11,11,11,11,11,12,11,46,23,11,12,11,11,11,15,11,15,13,12,20,12,11,11,11,11,90,17,11,11,12,11,22
39,26,59,24,17,27,15,24,15,11,20,17,17,21,22,17,15,18,37,21,58,20,16,17,22,21,19,15,66,11,14,15,17,17,44,23,19,20,11,34,15,14,12,14,13,11,14,16,28,28,12,13,14,22,11,11,15,19,44,12,37,22,11,11,11,11,15,11,11,11,11,14,43,24,15,15,11,11,11,21,13,17,15,12,18,14,11,11,11,11,88,13,11,11,11,11,22
39.25,30,54,32,20,30,18,29,19,18,19,23,22,19,20,18,16,18,38,11,64,17,16,18,24,19,18,17,67,11,15,15,20,20,50,25,23,21,11,34,12,17,13,14,15,14,12,15,27,30,12,15,14,20,13,11,14,19,45,11,38,20,11,11,11,11,11,11,11,11,12,14,43,22,15,11,12,11,11,20,12,16,14,11,20,13,11,11,13,11,90,16,11,11,14,11,24
39.5,23,57,27,19,22,14,27,17,12,23,17,20,16,19,17,16,16,34,16,60,21,13,17,20,20,15,15,67,11,16,16,19,17,42,21,23,20,12,31,19,11,15,13,14,11,14,14,22,26,14,16,11,18,12,11,11,14,45,11,36,18,11,11,11,11,11,11,11,11,12,11,43,23,11,11,11,11,11,22,11,14,16,11,17,13,11,11,11,11,90,16,11,11,11,11,18
39.75,26,54,26,20,26,12,21,14,14,21,17,17,18,20,17,14,14,36,15,60,15,14,23,22,22,17,13,71,11,11,15,22,13,48,21,24,21,11,29,11,15,11,14,11,11,14,14,26,28,11,13,14,21,11,12,13,18,42,11,36,18,11,11,11,11,14,11,11,11,12,12,44,22,11,11,11,11,11,15,12,12,16,14,21,11,11,11,11,13,91,12,11,11,11,11,24
40,29,58,30,17,27,11,24,11,12,23,18,21,17,19,17,18,16,34,13,59,17,18,21,21,21,18,13,66,11,11,19,19,19,45,21,26,20,11,32,17,15,11,14,11,11,11,17,26,28,11,14,12,18,11,11,11,15,48,11,39,18,11,15,12,11,12,11,11,11,14,13,43,23,11,14,11,11,11,21,11,17,18,16,17,12,11,11,11,11,92,14,11,11,13,11,19
40.25,26,55,31,20,29,16,27,20,15,22,19,22,19,19,19,13,21,37,15,58,16,16,18,30,16,16,13,70,11,14,14,19,19,48,20,26,20,11,34,13,17,14,16,12,13,14,13,29,30,14,12,15,18,11,11,11,19,48,11,38,19,11,11,11,11,11,11,11,11,11,15,48,21,11,11,11,11,11,19,11,20,16,15,18,16,11,11,11,11,91,18,11,11,11,11,21
40.5,27,58,31,17,30,15,27,19,17,22,17,20,18,19,18,16,18,33,14,59,20,18,21,21,21,16,13,69,11,12,17,20,17,46,21,26,22,11,34,16,18,11,15,12,11,12,17,23,30,11,11,13,22,11,11,15,16,49,11,39,23,11,11,11,15,13,12,11,11,11,15,45,23,13,13,11,11,11,21,11,15,18,11,18,13,11,11,11,11,89,14,12,11,16,11,23
40.75,29,54,28,14,26,13,27,16,13,15,21,22,18,19,20,18,15,37,14,60,17,11,17,23,22,16,15,66,11,13,15,18,16,47,25,21,15,11,37,18,14,12,14,11,11,16,16,25,26,12,15,11,16,11,11,14,16,46,11,42,16,11,11,11,11,11,11,11,11,12,14,37,20,12,11,11,11,11,24,11,12,16,13,19,14,11,11,11,11,90,15,11,11,14,11,25
41,25,52,27,17,26,11,28,17,19,24,19,17,19,20,16,15,19,36,18,59,22,17,18,25,19,17,17,70,11,13,14,17,15,48,18,24,15,11,38,18,20,15,16,11,11,14,14,24,32,11,16,11,20,14,11,11,18,46,11,39,20,11,11,11,11,13,11,11,11,11,12,44,25,11,12,11,11,11,19,12,17,19,13,22,18,11,11,11,11,89,12,11,11,11,11,20
41.25,28,52,31,20,27,17,29,18,16,18,17,20,19,20,18,17,12,36,19,59,15,14,17,21,17,15,14,66,11,13,13,15,20,47,12,24,21,11,33,18,14,13,14,11,11,11,15,26,29,11,14,12,21,11,11,11,17,48,13,39,20,11,11,11,12,11,11,11,11,11,11,43,18,11,11,11,11,13,21,11,15,15,11,18,11,11,11,11,11,87,11,12,11,11,11,24
41.5,29,53,31,19,26,14,29,18,17,20,19,22,15,23,19,14,14,37,17,59,18,20,18,24,22,18,13,68,11,11,14,17,19,45,23,23,18,11,39,15,19,14,12,11,13,12,14,24,29,11,12,13,18,12,11,13,16,44,11,40,23,11,11,11,11,13,11,11,11,11,13,45,18,11,11,11,11,11,19,11,11,19,12,24,11,11,11,11,11,87,17,11,11,11,11,21
41.75,25,58,33,16,30,15,29,18,14,24,22,19,18,19,19,15,18,35,19,57,21,19,17,22,20,14,14,64,11,13,14,18,17,50,21,19,19,11,37,11,16,13,16,12,14,14,15,26,28,11,14,14,18,11,11,11,17,47,11,38,20,11,11,11,11,14,11,11,11,11,11,43,20,11,11,14,11,11,20,11,11,20,12,22,13,11,11,11,11,90,15,14,11,11,11,20
42,24,55,31,19,27,16,29,22,16,20,19,20,16,17,21,15,18,36,14,63,20,15,19,21,21,15,15,69,11,14,16,20,21,49,22,20,18,11,39,13,18,14,18,13,11,12,16,25,26,14,13,14,20,11,11,13,18,54,11,38,20,11,11,12,12,12,11,11,11,13,15,47,20,11,11,11,11,11,22,11,16,17,11,24,13,11,11,11,11,89,15,11,11,17,11,19
42.25,28,55,34,19,26,14,28,17,17,25,21,18,16,21,21,16,25,41,17,65,18,15,18,24,22,19,17,67,11,14,18,20,17,49,22,28,25,11,39,16,16,14,15,11,12,11,16,24,28,11,15,13,24,13,11,11,15,46,11,35,19,11,11,13,11,12,11,11,11,11,13,46,24,11,11,13,11,11,21,11,14,16,13,21,17,11,11,11,11,87,24,11,11,11,11,22
42.5,24,59,32,20,26,13,31,16,16,20,23,22,16,20,17,16,14,38,14,62,21,14,19,26,18,17,11,67,11,13,15,19,20,53,23,27,21,12,38,15,14,11,14,11,11,13,14,24,30,11,11,14,24,11,12,11,18,44,11,37,23,11,11,11,11,11,11,11,11,11,17,45,22,13,11,11,11,11,19,11,17,15,11,20,19,11,11,11,11,86,16,11,11,11,11,23
42.75,29,57,32,23,31,14,28,19,15,21,17,23,19,25,21,17,20,38,15,62,19,12,19,26,22,19,16,71,11,14,16,20,16,49,19,26,23,11,41,16,16,14,19,14,11,13,18,26,33,11,13,12,22,14,11,12,20,52,13,41,21,11,11,11,11,14,11,11,11,14,16,44,27,11,14,13,11,11,20,12,14,19,16,23,14,11,11,11,11,88,17,11,11,11,11,21
43,23,56,31,24,28,11,26,15,15,23,16,18,19,22,23,16,18,33,15,63,20,15,16,22,18,19,14,66,11,16,11,25,16,47,19,25,23,11,43,13,15,14,15,11,14,11,13,26,26,17,17,12,20,13,12,13,18,48,11,39,20,11,11,11,11,11,11,11,11,11,12,46,21,11,11,12,11,11,25,12,17,20,18,19,14,11,11,11,11,89,13,15,11,11,11,23
43.25,24,56,31,19,26,13,33,14,15,21,17,16,20,18,20,15,18,38,14,59,16,17,20,23,21,20,16,68,11,14,18,19,13,50,19,26,16,12,39,17,18,13,13,11,11,11,14,26,31,11,12,13,20,13,12,12,15,52,11,41,23,11,13,13,11,11,11,11,11,14,14,47,22,11,11,11,11,11,21,11,14,17,12,23,15,11,11,11,11,90,13,11,11,11,11,21
43.5,26,52,35,20,28,15,33,18,19,25,17,16,18,23,22,14,19,36,15,59,19,17,22,26,20,15,17,64,11,15,16,21,16,46,21,29,17,11,40,18,17,13,11,12,13,13,16,26,33,12,17,13,22,16,11,11,18,49,15,39,19,11,11,11,11,12,11,11,11,12,13,48,22,13,11,11,11,11,19,11,21,16,11,22,11,11,11,11,11,89,17,11,11,11,11,23
43.75,28,58,36,22,34,18,28,21,17,26,22,20,19,20,23,15,18,36,14,60,22,21,15,28,17,18,16,70,11,14,19,22,21,50,26,27,23,11,40,14,20,16,14,11,12,11,15,30,29,15,14,11,22,12,11,17,19,48,14,39,19,11,11,12,11,18,11,11,11,15,12,46,23,13,11,12,11,11,24,11,14,18,12,21,16,11,11,11,11,89,14,13,11,15,11,24
44,27,54,33,22,27,13,27,13,15,23,17,21,18,18,21,16,17,39,16,59,21,19,18,25,21,14,13,65,11,12,13,21,25,51,21,21,25,11,39,15,18,14,15,11,11,17,14,27,29,11,14,13,19,11,11,12,17,54,11,40,23,11,12,11,11,12,11,11,11,11,11,47,21,12,12,11,12,12,23,11,18,15,12,22,13,11,11,11,11,81,16,11,11,11,11,24
44.25,29,54,38,21,30,13,33,18,19,24,23,18,18,22,18,15,16,39,15,61,21,19,17,22,18,17,13,66,11,15,14,26,18,52,24,25,21,11,44,14,18,18,19,11,11,11,13,26,32,11,13,12,21,15,11,11,15,53,11,37,22,11,11,11,11,12,11,11,11,14,13,41,22,13,11,14,11,12,20,11,14,14,12,21,16,11,11,11,11,90,14,11,11,13,11,22
44.5,28,56,30,15,29,12,28,13,14,18,19,16,18,15,20,14,19,38,16,62,20,13,20,23,18,14,17,67,11,14,12,20,17,55,19,28,24,11,45,15,15,14,12,13,12,11,18,26,29,11,12,16,21,13,11,13,15,51,11,38,23,11,11,11,11,13,11,11,11,14,12,50,25,11,11,13,11,14,19,11,13,18,14,23,17,11,11,11,11,88,16,11,11,11,11,20
44.75,25,54,32,19,29,13,28,16,20,19,20,18,18,20,20,15,22,39,12,64,21,15,17,19,15,15,11,66,11,14,18,22,19,50,18,25,18,11,47,18,18,11,15,12,14,11,13,26,29,11,11,11,24,11,11,12,17,52,11,42,15,11,13,11,11,13,11,11,11,14,13,49,20,11,11,11,11,11,20,13,14,19,13,25,13,11,11,11,11,89,15,15,11,12,11,19
45,24,55,32,17,29,12,33,14,15,18,16,21,18,19,22,15,14,38,16,58,20,16,19,22,18,19,15,64,11,16,13,23,16,47,21,23,22,11,47,18,13,11,16,11,11,11,17,25,25,11,11,11,20,12,11,12,12,49,12,35,18,11,14,11,11,11,11,11,11,13,11,48,24,11,11,13,11,11,22,11,13,16,11,22,14,11,11,11,11,83,16,12,11,11,11,23
45.25,26,53,38,15,31,17,26,13,13,22,23,19,20,20,18,12,16,39,15,60,23,14,20,24,20,15,14,67,12,12,15,20,18,47,19,27,20,11,44,15,16,15,16,13,11,13,12,24,32,11,14,11,18,12,11,11,21,57,15,45,20,11,11,11,11,11,11,11,11,16,16,46,21,11,11,11,11,11,22,11,12,19,12,25,14,11,11,11,11,86,11,16,11,15,11,24
45.5,30,56,34,17,32,16,32,15,17,25,20,18,15,22,23,17,19,39,18,63,17,11,23,25,20,19,20,68,11,16,16,25,20,51,24,26,25,11,49,17,21,12,16,13,11,15,14,28,30,14,13,14,25,14,11,12,22,51,14,40,20,11,14,11,15,11,11,11,11,11,12,50,25,12,11,16,11,11,23,11,16,16,16,23,17,11,11,11,11,93,17,15,11,11,11,26
45.75,23,50,33,16,29,12,32,18,14,23,20,23,15,20,27,17,16,37,12,65,23,17,14,20,21,15,11,64,11,14,14,21,18,49,20,28,20,11,47,18,19,14,11,11,14,11,12,28,30,14,11,12,19,11,11,13,15,51,11,40,19,11,11,11,11,11,11,11,11,14,15,49,22,12,11,14,12,12,20,11,15,21,12,21,12,11,11,11,11,88,16,12,11,11,11,23
46,20,53,32,18,27,13,28,19,12,23,21,16,16,17,18,15,19,39,18,62,19,12,21,23,21,18,14,69,11,13,16,20,16,49,20,24,21,11,47,16,19,14,13,11,11,14,17,24,28,14,14,11,23,11,11,11,19,56,12,42,23,11,11,11,11,12,11,11,11,16,12,47,19,11,11,11,11,11,23,12,12,17,12,23,15,11,11,11,11,89,11,14,11,11,11,26
46.25,25,55,37,17,28,11,32,15,16,21,22,21,19,22,20,13,19,36,16,62,17,16,18,24,22,16,11,68,11,13,15,22,21,48,23,29,19,12,46,13,19,15,15,12,15,13,12,21,30,13,14,12,22,13,11,12,16,53,11,38,19,11,11,11,12,11,11,11,11,11,13,44,22,12,11,11,11,11,25,12,14,20,15,23,13,11,11,11,11,88,11,11,11,11,11,23
46.5,29,60,42,24,35,19,36,20,19,25,23,20,19,23,23,22,21,41,16,63,24,17,19,30,23,18,19,67,11,18,19,25,24,53,23,26,22,11,53,18,21,14,17,16,11,15,18,30,31,12,15,15,25,18,15,17,22,56,14,42,25,11,15,12,11,16,11,13,11,15,17,50,29,11,13,14,12,15,27,14,17,23,14,26,18,12,11,11,11,91,20,13,11,14,12,25
46.75,28,54,37,25,34,16,35,20,18,25,21,16,21,24,22,18,17,39,14,64,23,20,22,27,21,20,20,73,11,17,17,28,20,52,25,28,23,11,51,19,21,18,18,15,14,14,18,31,37,11,17,15,24,17,11,17,20,59,17,42,22,11,16,12,14,12,11,13,12,17,15,47,26,13,11,15,12,14,24,13,17,24,18,26,17,11,11,11,11,90,18,18,11,11,11,27
47,28,58,42,20,35,18,35,17,21,25,25,24,21,20,22,14,23,38,21,64,20,20,21,25,25,16,18,66,14,18,17,27,22,52,22,30,25,11,54,16,21,19,12,16,12,19,14,31,38,13,16,14,24,12,12,11,19,62,16,46,23,11,16,11,15,11,11,13,11,15,16,45,24,11,15,14,12,13,25,15,21,22,20,21,17,11,11,11,11,93,16,14,11,13,11,26
47.25,29,55,38,18,35,12,34,20,15,24,21,19,17,22,23,16,19,37,21,59,18,17,17,26,17,13,16,69,11,12,18,26,19,51,21,31,23,11,55,16,21,16,16,13,11,12,14,27,34,12,17,11,24,16,11,16,18,58,11,46,18,11,11,12,12,13,11,11,11,13,13,47,23,11,11,16,13,11,23,13,16,20,13,24,19,11,11,11,11,91,15,11,11,11,11,22
47.5,27,60,41,22,32,20,34,18,20,24,22,24,23,21,26,17,24,40,18,67,23,21,21,25,25,17,12,73,11,16,19,26,19,56,21,29,26,13,50,18,21,18,20,14,13,13,14,30,34,13,18,15,24,18,11,16,20,62,12,41,26,11,18,11,13,14,11,11,12,17,17,52,24,17,12,14,11,13,23,16,19,20,21,24,16,11,11,11,11,92,15,12,11,11,11,24
47.75,32,58,39,23,36,18,38,15,17,22,25,25,22,22,24,14,18,43,18,68,25,17,22,26,26,19,15,70,11,13,18,25,22,53,23,31,26,11,59,18,20,18,18,13,15,17,19,25,34,11,16,14,24,16,11,13,21,57,15,45,23,11,12,11,11,14,11,11,11,15,17,49,23,12,11,12,11,13,23,11,16,19,15,26,15,11,11,11,11,92,22,19,11,13,11,23
48,27,56,42,23,33,20,35,17,17,22,21,21,17,21,16,13,19,39,18,64,23,17,21,29,22,14,16,69,11,14,15,28,18,54,22,32,24,11,55,19,21,19,17,13,11,12,18,26,33,12,16,12,23,11,11,14,22,55,13,41,19,12,12,11,11,11,11,11,11,14,12,50,24,14,11,15,11,11,23,11,19,17,15,26,18,11,11,11,11,91,20,15,11,11,11,24
48.25,32,54,47,25,36,19,37,20,19,27,22,24,18,24,17,18,24,43,17,63,23,21,20,27,28,17,18,67,11,13,17,27,20,56,23,31,26,11,59,17,21,19,17,17,16,14,15,28,34,11,12,15,29,16,11,12,22,55,15,43,24,11,14,11,13,14,11,11,11,18,16,49,23,16,14,18,11,11,19,13,19,23,14,23,23,11,11,11,11,94,20,13,11,12,11,30
48.5,28,56,43,19,32,19,35,18,19,22,22,21,18,22,17,15,17,44,18,69,23,16,17,24,22,18,18,72,13,15,19,25,19,55,21,34,27,11,56,19,19,19,16,14,13,16,16,29,33,11,16,13,26,16,11,15,22,62,16,43,24,11,15,11,11,14,11,11,11,15,17,48,23,16,14,13,12,19,27,15,18,20,16,23,18,11,11,11,11,87,11,16,11,15,11,23
48.75,26,59,46,21,32,20,40,15,18,28,23,20,18,21,26,17,20,41,17,63,19,18,22,26,25,18,21,73,12,12,18,23,21,59,25,32,24,11,53,15,19,19,18,14,15,14,18,29,33,17,14,17,26,17,12,18,18,58,16,42,23,11,12,11,12,16,13,11,11,17,17,52,25,13,11,13,11,13,21,14,21,17,19,24,18,11,11,11,11,91,19,14,11,12,11,24
49,32,56,39,21,31,16,40,16,19,27,22,22,20,27,23,20,17,41,18,61,17,17,23,25,20,17,20,70,11,19,18,24,25,53,25,35,22,12,55,19,20,23,18,13,15,12,19,27,33,14,19,15,26,19,11,11,19,56,14,41,23,11,16,11,11,15,11,11,11,12,16,54,31,16,11,17,11,11,23,14,21,20,15,25,18,11,11,12,11,92,26,12,11,11,11,28
49.25,28,56,47,22,31,19,37,14,18,24,24,23,20,21,29,20,22,42,19,67,16,20,21,27,22,22,13,71,11,19,16,25,19,54,21,26,24,11,55,17,21,21,18,14,16,12,11,32,36,11,19,11,26,14,11,14,18,52,15,43,22,11,16,11,11,15,13,18,11,11,13,53,28,15,11,15,11,15,22,12,18,20,15,28,18,11,11,11,11,89,19,11,11,11,11,25
49.5,29,58,42,23,32,16,41,23,19,27,20,22,18,25,26,18,20,39,21,64,19,21,22,25,21,17,16,71,11,16,20,27,17,60,23,35,26,11,59,22,26,18,15,11,13,17,15,30,32,13,16,16,28,18,11,14,20,61,15,40,23,12,15,15,16,16,11,14,11,12,16,49,26,12,13,14,11,18,23,14,22,20,19,23,18,12,11,11,11,90,17,14,11,12,12,29
49.75,27,58,40,18,36,13,41,17,17,28,20,23,18,17,27,17,17,41,20,68,23,13,20,27,25,19,20,71,11,17,18,22,20,57,24,36,24,11,63,19,23,17,18,12,15,11,17,30,29,12,16,14,30,16,14,12,22,61,18,44,22,11,13,11,11,13,11,11,11,14,18,55,28,11,14,15,16,13,25,12,19,19,13,24,16,11,11,11,11,89,16,13,11,15,12,26
50,28,56,44,24,35,18,42,18,19,30,22,24,24,22,26,16,23,40,19,64,19,16,19,24,20,18,18,66,11,16,18,26,18,58,25,30,22,11,60,18,21,20,15,13,13,11,16,24,35,12,21,17,27,13,13,12,18,60,17,44,24,11,14,11,13,16,11,11,11,13,12,51,23,15,12,14,11,17,27,16,19,21,14,28,16,11,11,11,11,85,18,11,11,11,11,24
50.25,26,59,46,21,32,17,38,21,16,24,18,24,19,23,25,13,21,43,18,66,20,20,20,29,21,17,17,70,11,19,21,26,22,60,20,32,24,11,60,20,24,19,18,15,14,15,20,27,34,14,11,14,30,14,11,18,20,59,15,46,24,11,17,13,12,14,11,11,11,16,16,52,25,16,11,15,11,13,26,11,17,24,12,24,18,11,11,11,11,89,16,15,11,11,11,26
50.5,26,57,50,21,35,22,41,19,19,25,25,24,21,19,26,20,21,39,15,70,21,19,24,24,22,19,20,72,11,15,20,28,18,56,22,30,27,11,60,15,25,20,14,15,15,13,18,27,34,11,15,16,33,14,11,15,15,58,16,43,23,11,13,12,14,15,11,11,11,16,19,52,27,12,13,15,12,15,19,13,19,21,14,25,17,12,11,11,11,90,21,12,11,11,12,25
50.75,28,56,45,19,35,18,39,21,18,24,19,21,20,22,25,18,21,39,17,64,20,14,21,25,17,18,13,69,11,15,18,25,22,60,25,30,24,11,61,19,23,16,18,12,15,16,16,23,36,11,14,13,26,15,11,11,22,59,16,47,21,13,17,11,11,14,11,12,11,14,13,50,28,11,11,12,11,16,23,12,19,19,15,24,17,11,11,12,11,88,16,12,11,11,11,20
51,29,58,40,20,38,13,44,22,17,23,21,21,20,25,29,15,22,41,18,64,17,18,24,24,20,16,19,71,11,17,21,26,18,62,24,31,27,11,60,19,25,24,17,14,12,12,17,24,33,14,16,16,30,14,11,13,21,65,19,43,21,11,12,13,14,14,11,11,11,11,14,54,26,12,11,16,11,11,22,17,17,21,13,24,18,11,11,11,11,85,18,14,11,11,11,23
51.25,34,59,54,25,39,21,45,21,20,27,26,23,23,26,26,19,25,45,20,69,25,18,24,30,23,18,19,72,11,16,20,26,22,60,24,33,25,11,63,17,27,18,14,16,13,17,17,28,37,17,18,14,29,18,11,17,23,63,21,46,24,11,18,11,18,15,11,12,11,22,16,51,28,16,12,16,14,21,26,19,23,22,13,26,19,11,11,11,11,89,19,19,11,16,11,26
51.5,27,60,50,21,40,12,45,17,21,25,19,23,17,22,25,15,23,42,17,64,18,14,26,27,23,19,18,72,12,18,17,27,18,60,24,31,23,11,64,13,23,21,17,14,18,16,14,28,37,11,17,17,30,16,11,12,19,59,16,42,21,11,12,13,14,13,11,11,11,13,17,54,28,14,13,14,11,15,24,11,20,21,14,27,18,11,11,11,11,89,21,12,11,11,12,25
51.75,25,54,52,22,37,18,47,16,19,24,24,23,17,22,28,16,20,44,18,69,23,15,19,26,22,16,19,70,11,13,20,26,22,65,21,33,24,11,61,17,28,20,17,15,16,13,14,28,34,11,13,15,33,16,11,16,18,63,12,42,24,12,13,13,13,12,11,11,11,14,17,55,25,12,11,15,13,17,26,12,22,22,12,27,19,13,11,11,11,89,20,11,11,11,11,25
52,27,56,52,25,42,21,44,18,18,27,26,22,18,19,25,17,23,45,16,67,20,15,24,24,17,20,16,74,11,18,23,24,17,59,25,37,26,11,65,22,23,23,16,15,14,13,14,28,38,11,14,16,30,15,11,12,19,64,16,43,24,11,18,11,14,16,11,11,11,15,17,55,25,12,12,17,11,12,22,14,22,21,16,25,19,14,11,11,11,94,21,16,11,11,13,27
52.25,25,56,44,20,36,14,40,20,16,23,22,22,19,24,24,20,24,43,21,66,22,17,21,27,19,19,21,71,11,15,18,23,20,65,26,33,27,11,66,18,23,21,18,13,14,15,14,31,34,15,19,14,26,14,14,19,18,63,20,41,25,11,11,12,13,16,11,13,11,12,16,52,28,13,15,16,13,12,26,15,15,22,19,27,20,11,11,11,11,89,22,17,11,11,11,29
52.5,27,56,47,21,38,14,41,21,15,28,22,23,19,20,25,13,20,40,18,66,23,21,19,29,22,20,17,71,11,17,21,28,24,62,21,35,28,11,66,19,24,19,15,15,13,12,17,26,35,11,20,15,30,11,13,16,21,60,21,41,22,16,15,11,15,15,11,11,11,13,19,52,28,14,11,16,11,16,23,11,21,20,16,27,18,11,11,11,11,87,21,14,11,11,11,25
52.75,28,60,53,23,39,19,46,19,18,29,24,20,18,24,30,17,21,49,14,68,23,18,20,29,23,18,18,73,11,16,19,26,19,63,23,29,22,11,64,15,24,21,17,14,16,11,18,27,39,11,16,15,30,18,11,14,19,61,17,46,20,11,19,11,11,18,11,13,11,11,15,55,25,11,11,14,11,19,23,15,21,25,12,23,21,12,11,11,11,91,18,13,11,11,15,24
53,26,59,50,20,34,13,43,15,18,21,16,23,18,21,25,21,20,40,22,64,22,18,18,26,23,17,17,74,11,19,21,26,18,59,21,35,22,11,63,24,23,22,16,11,13,14,19,23,37,11,14,15,27,15,11,12,22,65,20,40,22,17,13,11,13,12,11,11,11,17,18,53,26,15,16,15,11,13,25,13,14,20,14,26,18,11,11,11,11,94,18,16,11,11,11,24
53.25,28,57,49,17,36,19,46,19,13,25,21,23,19,18,28,17,19,42,17,63,19,18,18,25,18,20,14,69,11,18,21,27,24,64,22,32,22,11,65,20,27,21,17,15,15,13,19,25,36,12,16,15,24,12,11,17,21,63,15,42,25,11,12,12,14,15,11,11,11,15,17,55,25,14,11,16,11,18,22,16,18,18,16,27,17,14,11,11,11,89,16,14,11,11,11,29
53.5,30,57,56,24,38,15,46,20,17,29,23,24,19,19,31,17,23,45,18,66,20,21,26,29,20,13,17,67,11,13,20,29,14,58,20,29,21,11,66,16,26,25,17,17,17,11,17,28,36,11,16,14,33,17,13,15,21,62,19,42,21,11,11,11,11,11,11,11,11,14,15,53,29,15,11,16,11,17,24,13,19,19,12,24,19,11,11,11,11,88,18,17,11,11,11,26
53.75,29,62,54,20,33,14,42,14,19,24,22,18,21,20,29,16,21,42,20,67,19,18,18,29,17,17,19,72,11,16,20,26,16,64,22,33,24,12,66,20,25,19,16,15,15,15,15,28,38,16,17,18,28,17,11,15,19,69,18,44,22,12,14,11,14,15,11,13,11,15,15,54,25,15,11,14,11,17,21,13,20,19,18,23,20,11,11,11,11,90,19,16,11,11,12,25
54,30,59,54,19,41,14,41,18,19,18,21,23,20,23,27,20,24,43,16,63,17,18,18,27,25,22,16,69,11,19,16,29,19,63,23,35,27,12,68,18,24,20,19,18,15,14,16,27,39,13,19,16,35,12,11,13,23,65,17,40,22,11,16,11,11,12,11,11,11,13,12,56,29,13,11,18,13,15,22,13,17,18,17,27,24,12,11,11,11,86,25,11,11,11,12,28
54.25,25,58,51,20,38,16,44,19,17,21,20,19,21,21,28,19,21,40,16,65,20,18,22,26,23,21,20,75,14,21,20,30,19,63,24,32,27,11,67,23,26,22,17,13,15,13,19,27,37,11,19,16,30,18,11,18,21,64,20,39,21,12,18,15,13,16,11,13,11,16,17,50,27,15,11,14,13,14,25,17,20,18,15,24,19,13,11,11,11,90,19,11,11,11,14,29
54.5,30,57,55,21,41,14,49,17,20,23,21,21,18,25,28,20,20,44,21,67,23,20,22,25,24,20,19,76,11,18,19,26,22,65,25,34,27,11,69,18,26,21,19,17,14,15,17,24,39,14,12,17,33,17,12,16,20,65,22,38,23,12,16,11,17,16,11,12,11,15,15,51,26,16,15,19,12,22,26,13,21,21,17,31,20,11,11,11,11,90,21,13,11,11,11,26
54.75,24,59,53,22,44,12,45,16,18,28,24,19,17,19,30,18,23,43,18,68,23,19,20,31,22,17,18,74,11,15,20,28,18,62,23,33,27,11,70,19,27,21,17,14,13,14,20,25,34,12,17,15,33,17,11,11,22,65,19,47,21,16,17,12,14,16,11,11,11,17,15,54,31,14,15,15,12,17,25,14,24,23,14,27,19,11,11,11,11,91,19,13,11,12,13,25
55,26,59,50,19,40,11,49,17,16,26,24,22,18,22,30,17,20,39,16,66,21,15,19,24,21,21,20,75,11,11,20,24,19,64,20,34,24,11,71,22,26,19,11,13,14,11,16,24,32,11,14,12,30,17,11,15,17,70,16,43,24,11,15,11,14,12,11,11,11,11,13,52,30,14,12,14,14,16,26,13,18,24,12,26,15,11,11,11,11,91,17,11,11,11,11,24
55.25,27,58,54,21,37,13,50,15,21,21,19,22,16,21,27,17,22,42,20,66,17,18,21,28,23,17,17,74,11,17,19,26,18,61,18,33,26,11,70,15,28,20,16,11,13,12,17,27,36,13,18,12,29,13,11,13,21,66,19,40,22,11,17,15,12,15,11,11,11,12,15,56,29,16,13,16,11,17,24,12,16,22,15,24,18,11,11,11,11,88,20,11,11,11,11,27
55.5,26,59,54,19,40,16,45,19,19,24,24,24,17,24,28,18,22,43,20,68,21,19,24,29,20,20,22,71,11,16,21,27,23,62,22,33,26,11,69,19,24,22,15,16,15,15,16,31,35,12,17,12,29,11,14,15,23,73,19,46,25,11,12,11,12,16,13,13,11,16,16,52,27,13,11,17,14,15,27,15,24,21,16,32,22,11,11,11,11,89,20,17,11,15,12,27
55.75,29,53,62,22,44,15,52,20,20,27,22,22,18,24,28,17,25,48,17,70,18,17,22,29,20,18,21,74,11,14,21,28,19,66,22,30,27,11,70,19,25,23,14,13,16,14,15,26,37,11,15,15,31,12,11,14,19,68,21,44,21,11,17,11,11,13,11,16,11,16,17,56,29,12,11,16,14,18,20,15,21,21,17,26,20,11,11,11,11,87,20,15,11,11,12,30
56,27,56,61,21,40,17,48,18,21,25,23,22,20,23,28,20,20,44,18,68,18,22,18,23,25,22,17,70,11,19,19,31,18,65,26,32,27,11,72,20,28,24,16,14,15,14,16,29,36,11,14,17,26,18,11,15,24,68,23,48,25,12,17,11,11,17,11,11,11,16,16,54,26,16,12,14,11,19,27,11,21,18,12,24,21,11,11,11,11,92,14,12,11,14,15,27
56.25,26,57,54,17,41,11,49,18,22,24,23,19,17,24,28,19,22,42,18,65,25,18,18,27,22,13,18,69,11,16,15,30,21,66,22,29,26,11,75,16,28,23,21,12,11,16,19,25,35,11,13,17,29,15,12,11,21,74,25,43,25,11,16,11,15,11,11,12,11,13,14,50,25,16,12,19,11,18,24,12,22,22,16,25,20,11,11,11,11,87,15,17,11,13,13,26
56.5,26,57,61,23,41,17,51,22,22,25,19,16,16,22,26,16,23,44,18,69,18,17,21,28,23,18,13,72,12,17,15,26,18,68,20,35,29,13,72,17,32,26,18,12,15,13,16,25,42,13,16,13,35,15,11,15,17,68,19,44,21,11,12,12,11,12,11,11,11,14,15,54,28,14,11,15,11,17,21,14,18,24,13,29,17,12,11,11,11,90,18,16,11,11,12,25
56.75,29,58,59,25,47,14,53,21,22,25,23,23,15,19,31,16,24,48,19,65,19,15,25,23,23,17,17,71,11,19,20,28,19,68,25,34,31,11,76,19,26,21,18,15,12,15,18,27,40,11,15,14,36,18,11,16,20,73,20,46,24,12,15,11,13,15,11,11,11,16,16,57,27,13,14,16,13,22,24,14,22,23,16,30,21,11,11,11,11,91,19,18,11,11,12,27
57,27,60,61,23,43,17,50,22,21,28,21,24,17,24,29,17,25,46,21,61,21,21,20,28,22,22,24,70,11,14,18,30,17,65,25,36,29,11,72,19,30,24,20,16,15,15,16,26,41,13,17,13,33,14,11,17,24,73,22,44,22,15,15,12,13,15,11,15,11,11,17,52,24,14,11,18,13,19,25,17,22,25,14,28,21,13,11,11,11,93,16,11,11,11,15,25
57.25,29,61,61,21,42,15,50,20,18,20,22,19,17,24,30,19,21,46,17,66,23,19,21,28,25,15,17,74,11,19,21,31,21,63,23,36,28,11,74,20,26,26,15,15,16,14,18,27,39,16,18,13,26,17,12,19,23,68,26,46,23,11,16,11,14,16,11,14,11,16,15,53,25,14,14,16,14,18,28,17,17,24,16,24,22,11,11,13,11,91,22,15,11,11,16,29
57.5,27,57,60,21,42,17,51,22,19,25,21,19,20,21,31,15,22,46,20,70,21,14,21,28,22,19,20,73,11,16,17,31,17,69,21,31,26,11,75,20,30,24,15,15,16,15,17,27,36,11,22,16,32,16,11,15,22,71,25,46,25,11,16,11,14,14,13,11,11,11,17,54,26,14,14,19,11,20,24,11,20,26,16,29,18,11,11,11,11,92,18,13,11,11,15,27
57.75,31,60,73,26,42,20,53,19,21,21,21,25,18,19,28,16,22,45,23,66,22,17,19,30,24,15,20,71,11,19,19,28,22,64,23,32,26,11,75,14,29,22,19,13,15,11,20,27,41,11,14,12,34,15,11,15,24,77,24,45,25,15,17,12,11,13,11,11,11,16,15,52,28,13,12,19,11,19,21,14,19,23,15,29,27,11,11,11,11,90,20,16,11,11,15,28
58,24,58,63,22,45,17,48,23,21,26,21,24,16,23,29,15,20,45,22,69,22,15,21,28,23,20,19,75,12,14,20,35,16,66,24,36,28,11,75,20,28,22,18,17,12,15,20,27,38,14,13,12,28,13,11,13,26,74,24,49,24,15,16,12,13,13,11,12,11,16,16,53,27,17,12,18,14,21,24,15,16,19,15,27,23,11,11,11,11,89,18,15,11,12,12,27
58.25,32,55,67,21,45,16,51,22,21,21,21,21,21,24,27,16,20,48,20,66,25,17,21,26,23,18,20,71,11,19,19,27,21,64,22,31,28,11,77,19,31,26,18,18,11,11,19,29,39,12,16,15,29,18,11,16,21,75,24,48,26,11,14,12,12,13,11,11,11,18,17,51,28,14,14,14,14,18,25,15,15,22,14,28,22,11,11,12,11,92,20,15,11,11,13,28
58.5,29,58,65,23,46,16,54,23,19,22,24,25,18,21,28,16,20,43,19,65,23,17,18,25,25,17,18,72,11,16,18,27,21,66,24,35,30,11,77,18,28,25,17,15,18,12,19,26,39,11,13,15,36,15,15,14,19,72,27,44,25,11,14,11,14,13,11,12,11,11,16,56,27,17,11,20,13,15,23,16,21,22,17,28,24,11,11,11,11,95,23,15,11,11,17,26
58.75,28,56,61,18,44,17,48,15,18,25,22,19,22,24,29,20,22,46,17,67,20,18,23,27,18,15,19,76,11,13,17,31,21,68,23,33,30,11,77,18,29,25,18,12,15,18,18,23,39,13,16,13,36,17,11,13,20,70,25,45,25,11,15,11,11,16,11,11,11,17,15,55,29,19,11,18,16,21,26,15,17,20,14,25,20,11,11,11,11,89,17,14,11,11,13,25
59,27,57,66,19,46,13,52,20,19,24,24,21,17,22,30,14,23,45,23,66,19,19,21,25,17,19,22,68,11,15,19,32,19,66,24,33,29,11,79,17,33,26,18,16,12,14,20,28,40,11,14,15,34,18,11,17,24,69,26,44,23,11,14,13,14,14,11,11,11,15,17,53,28,17,11,16,14,17,27,12,20,22,20,27,24,12,11,11,12,89,21,13,11,11,14,24
59.25,26,54,67,22,43,15,54,15,21,24,18,23,20,18,30,12,24,43,16,69,19,21,19,24,15,17,21,72,11,15,19,31,20,67,24,30,25,11,76,19,33,23,17,11,13,14,17,25,35,11,16,14,32,13,11,11,21,68,20,43,23,11,16,11,15,18,11,13,11,11,13,52,28,12,13,19,13,21,23,11,20,21,16,29,20,11,11,11,11,89,20,13,11,11,11,26
59.5,28,54,71,21,46,17,55,19,24,26,24,24,15,25,31,15,24,47,17,69,21,18,19,29,22,20,19,76,11,18,21,29,22,65,24,32,26,11,83,19,31,23,17,18,15,12,15,26,38,11,13,16,37,13,13,16,25,75,26,44,24,13,14,11,17,15,11,13,11,13,14,56,29,12,12,19,12,22,26,18,17,25,15,28,22,11,11,11,11,89,14,19,11,11,17,26
59.75,29,55,67,23,46,14,55,19,19,21,20,20,19,23,33,16,23,47,20,68,19,19,20,28,20,16,18,71,11,19,23,31,22,71,24,32,30,11,79,16,32,26,15,12,16,11,18,25,42,12,15,17,37,14,11,14,23,73,24,43,20,11,12,11,16,16,11,11,11,15,18,54,31,13,12,14,11,18,28,12,23,23,15,27,23,11,11,11,11,92,21,19,11,11,11,25
60,22,55,62,26,47,14,52,19,17,21,18,22,17,21,32,18,24,45,20,66,22,20,21,29,22,18,21,73,11,18,22,35,22,67,26,33,26,11,80,20,33,25,19,18,13,13,21,27,37,14,17,17,34,16,13,14,18,73,26,46,27,16,19,11,15,18,11,13,11,16,17,52,28,12,19,16,17,22,23,15,20,21,15,30,26,11,11,11,11,91,24,14,11,11,17,29
60.25,29,58,71,21,46,16,52,22,19,24,20,23,21,22,30,18,25,50,15,68,18,20,16,27,24,18,21,71,13,16,24,31,20,67,24,40,25,12,78,16,31,29,17,15,12,14,18,31,43,16,16,15,37,18,12,17,20,76,27,42,26,13,17,12,18,13,11,11,11,11,16,56,27,16,11,16,13,18,32,16,19,24,12,28,21,13,11,11,11,90,22,12,11,11,17,28
60.5,23,56,66,19,46,16,50,17,16,25,18,22,18,23,32,17,21,45,16,65,21,18,20,24,21,18,23,73,12,12,19,30,18,71,22,30,26,11,82,17,30,26,20,14,13,11,14,25,39,14,14,14,33,16,12,15,19,76,25,43,26,16,15,13,17,14,11,11,11,16,14,55,25,11,11,20,17,19,29,13,20,20,14,25,20,11,11,11,11,89,21,17,11,11,13,25
60.75,25,59,70,20,53,18,59,21,22,27,24,21,19,20,29,17,25,45,22,68,20,17,22,23,22,18,21,73,11,15,22,30,19,74,23,29,25,11,82,18,34,24,16,16,16,13,14,25,41,14,16,13,33,17,11,11,19,70,26,46,23,11,16,13,17,15,12,11,11,13,16,54,27,14,11,19,11,17,25,14,18,20,13,28,22,11,11,11,11,88,21,13,11,11,13,27
61,26,58,71,22,47,14,58,19,19,22,24,21,18,22,32,18,25,44,24,66,22,19,22,29,22,20,24,72,13,19,22,33,22,71,23,37,29,11,83,22,37,25,21,16,16,17,17,29,39,15,16,18,41,18,11,19,22,76,32,45,26,13,17,11,16,17,15,12,12,15,17,57,28,15,20,21,17,25,25,18,24,24,14,31,27,11,11,11,11,92,25,17,11,11,15,28
61.25,24,55,66,21,50,16,57,17,20,25,24,19,19,25,33,19,30,44,15,63,22,14,20,24,25,20,19,73,11,15,22,35,17,72,27,37,27,11,80,17,34,27,17,17,15,12,14,24,40,13,15,14,36,17,13,14,17,81,30,46,20,15,15,12,17,15,11,16,11,18,17,52,28,16,14,16,19,19,25,14,14,21,12,30,21,11,11,11,11,89,23,16,11,11,14,26
61.5,31,60,63,16,45,15,46,17,16,21,21,23,20,27,26,21,24,46,18,67,17,17,22,25,23,19,18,71,11,18,20,31,17,69,24,37,28,11,83,18,31,24,17,14,13,15,13,25,39,13,18,16,26,16,11,20,19,81,31,42,27,16,16,11,17,13,13,11,11,15,14,51,23,14,12,22,11,18,25,12,17,22,14,29,24,11,11,11,11,90,18,16,11,11,11,29
61.75,29,59,75,20,49,20,51,24,16,24,23,23,19,18,34,16,18,45,20,67,22,19,20,27,22,18,21,69,11,15,20,34,20,70,19,31,29,11,82,14,30,25,23,13,14,17,20,22,40,11,17,17,37,15,11,13,22,78,31,46,19,13,16,12,13,15,11,11,11,19,17,56,28,15,11,14,15,19,24,14,22,18,15,26,21,11,11,11,11,92,16,15,11,11,15,27
62,26,58,73,19,46,18,56,19,20,22,24,21,16,21,29,13,26,47,17,67,22,19,20,26,16,16,19,73,11,17,21,35,19,71,19,32,30,11,84,20,32,30,17,15,18,15,18,23,39,11,15,13,33,14,11,14,24,79,30,44,24,14,13,12,15,15,11,11,11,14,15,52,27,13,11,17,12,22,29,14,18,26,14,30,32,11,11,11,11,90,18,15,11,11,15,25
62.25,31,58,76,19,45,14,53,18,21,19,24,23,18,22,29,15,24,43,17,60,24,21,24,26,21,20,22,75,11,14,19,31,19,70,24,32,32,11,88,17,34,25,17,11,15,15,16,26,39,11,18,11,32,15,11,11,22,82,32,46,26,13,13,11,17,15,11,11,11,18,15,51,28,11,11,19,15,18,30,12,18,22,17,27,29,11,11,11,11,91,19,14,11,11,15,26
62.5,27,58,75,21,49,17,56,19,17,24,18,17,21,20,27,16,19,44,16,68,23,17,19,31,23,17,20,76,12,18,20,34,20,71,24,33,30,11,86,19,34,26,21,12,15,15,20,22,38,11,18,15,36,14,11,22,19,80,32,48,22,14,12,14,19,15,11,11,11,15,15,51,28,14,13,20,14,21,25,11,19,25,16,31,27,11,11,11,11,85,16,18,11,11,15,26
62.75,22,57,73,18,50,14,57,19,21,24,24,20,18,21,31,18,26,47,15,69,22,14,22,23,19,15,21,73,12,19,17,31,18,71,25,34,30,11,90,18,31,28,17,16,15,12,18,24,39,13,16,19,34,11,15,16,19,82,33,46,23,14,17,11,17,16,11,11,11,13,16,53,24,15,11,17,16,21,25,15,14,27,18,29,23,11,11,11,11,92,18,15,11,11,13,28
63,32,59,70,22,51,16,63,28,22,28,20,24,17,24,24,18,19,50,20,69,24,17,22,25,20,21,20,74,11,17,22,35,21,72,21,35,29,11,88,14,34,31,19,13,12,17,19,27,40,13,17,15,37,15,11,18,23,84,34,47,27,18,15,11,19,16,11,12,11,20,17,52,29,13,14,18,12,19,29,13,19,20,18,32,30,11,11,11,12,90,17,17,11,11,15,30
63.25,29,54,80,26,53,19,60,21,21,26,21,22,13,19,29,13,24,53,15,66,18,18,20,29,21,17,23,73,11,17,21,33,21,72,23,28,32,11,86,15,35,26,17,13,12,14,23,27,41,11,13,15,37,16,11,14,21,85,33,50,23,11,16,11,18,15,11,12,11,12,19,55,28,14,12,20,17,19,24,14,22,24,13,31,27,11,11,11,11,92,21,20,11,11,17,25
63.5,30,58,84,21,52,20,62,25,20,23,21,24,17,20,32,17,19,46,19,69,22,20,18,29,20,15,23,72,11,15,19,33,20,73,22,34,29,11,87,18,34,33,18,15,18,15,15,26,40,11,14,14,37,19,11,16,18,77,39,49,25,12,18,13,15,15,11,12,11,14,17,59,28,14,11,17,12,19,23,13,22,20,13,28,25,11,11,11,11,90,25,13,11,11,13,28
63.75,26,57,81,20,51,15,61,21,15,21,22,25,19,24,34,14,26,49,19,67,23,20,22,27,26,19,26,71,11,19,19,34,20,78,22,34,29,11,93,18,39,30,21,17,13,15,20,20,42,11,16,13,35,19,13,13,23,85,34,50,27,12,20,15,16,15,11,13,11,16,18,55,30,16,14,17,15,25,27,12,22,19,17,36,29,13,11,11,11,97,25,16,11,11,18,32
64,23,64,85,22,53,14,65,21,21,26,19,21,16,22,33,16,24,50,18,65,22,22,22,28,18,18,23,74,12,13,20,31,21,72,23,31,27,11,91,18,34,30,19,13,16,15,18,29,40,11,19,17,40,16,14,16,21,82,36,49,23,14,16,16,18,18,11,11,11,17,14,53,30,16,12,20,16,20,25,14,22,23,17,31,27,14,11,11,11,92,23,16,11,11,20,28
64.25,28,61,83,27,55,20,60,20,20,26,25,22,17,23,32,15,26,50,19,71,24,24,22,30,22,19,25,73,11,17,19,34,20,76,23,32,33,11,95,15,35,28,20,14,16,11,22,23,42,11,14,14,36,18,11,18,23,85,37,51,23,17,18,11,21,16,11,11,12,19,19,50,30,16,11,18,16,22,26,11,21,26,17,32,25,11,11,11,13,90,17,16,11,11,16,29
64.5,24,56,78,25,49,14,60,24,16,25,21,21,15,21,32,16,22,51,16,67,23,21,23,31,19,17,21,71,11,16,23,32,20,71,23,37,28,13,87,15,35,30,19,13,13,12,18,29,41,12,12,18,38,15,11,16,18,81,35,46,24,17,18,13,19,11,14,11,11,16,17,58,29,15,12,18,11,21,25,12,23,22,16,32,25,12,11,11,11,92,22,14,11,11,13,27
64.75,25,58,79,21,51,12,64,22,19,23,24,23,16,21,31,15,22,50,21,68,23,16,22,23,18,17,22,73,11,16,21,33,20,75,23,34,32,11,88,19,35,32,18,14,11,13,15,30,40,11,16,14,35,13,11,12,24,82,32,46,25,17,18,13,17,18,14,11,11,16,13,60,27,15,11,20,16,21,26,13,21,27,17,32,29,11,11,11,11,87,17,13,11,11,14,25
65,30,57,86,22,55,21,65,18,20,24,26,19,12,18,31,16,27,53,17,69,19,14,22,27,23,17,23,70,11,14,15,30,18,74,20,33,33,11,90,19,40,31,15,12,11,14,15,25,40,13,11,13,39,16,11,11,17,84,35,49,22,14,19,12,14,12,11,11,11,17,16,55,26,14,11,18,11,22,25,12,27,17,16,32,23,11,11,11,11,93,24,15,11,11,17,26
65.25,26,58,82,22,53,14,62,25,21,22,20,21,15,23,35,16,25,50,20,67,22,19,20,29,18,19,27,74,11,18,22,31,20,79,25,34,27,12,90,17,38,30,18,15,14,11,19,24,41,15,15,14,34,15,12,16,22,84,36,47,27,16,21,12,17,18,12,13,11,11,17,59,29,16,14,18,15,26,27,13,22,24,14,34,28,11,11,11,11,93,27,11,11,11,18,28
65.5,32,62,84,20,48,18,61,18,19,24,22,18,19,20,31,17,22,50,18,65,22,17,19,30,23,19,24,71,11,14,15,33,20,79,24,29,34,12,91,21,39,27,20,14,16,16,19,22,43,11,19,18,37,16,13,16,20,85,38,45,25,17,17,12,21,17,13,11,11,18,16,53,28,15,15,23,16,23,24,12,22,23,14,31,26,11,11,11,11,90,20,16,11,11,14,27
65.75,30,58,84,24,55,17,64,21,21,27,25,23,16,20,34,13,26,51,14,68,21,20,20,28,18,19,27,73,11,14,22,36,17,78,23,36,29,11,96,17,39,29,16,16,15,15,18,29,46,11,14,16,41,16,11,17,18,82,36,46,24,14,18,15,16,13,12,13,11,11,20,59,35,13,12,20,12,20,27,14,26,20,12,32,23,15,11,11,11,89,22,19,11,11,16,27
66,31,60,77,19,50,15,62,18,16,19,14,23,24,21,29,18,24,49,17,67,18,16,20,26,24,19,24,74,12,18,18,34,16,74,23,36,26,11,89,16,37,27,18,12,13,16,18,21,39,12,14,12,35,16,11,12,24,86,42,44,29,17,13,12,12,13,12,11,11,15,19,51,27,12,11,15,15,23,25,11,16,21,16,31,28,11,11,11,11,92,23,15,11,11,15,29
66.25,31,58,79,17,53,14,62,22,18,21,23,21,20,27,29,20,24,48,16,70,21,18,23,23,24,17,22,74,11,15,21,34,20,76,20,32,29,11,94,17,38,28,18,11,13,14,15,24,43,11,18,19,41,16,11,16,21,86,40,48,26,21,14,11,16,16,11,11,11,16,15,55,30,12,11,19,14,24,26,13,20,25,15,32,29,13,11,11,11,87,21,18,11,11,15,27
66.5,29,56,87,21,56,18,66,21,20,25,24,22,20,25,35,11,28,51,17,67,19,17,23,26,21,14,24,73,11,15,20,31,20,79,18,33,30,11,94,16,40,34,19,11,16,13,18,24,42,14,11,18,38,14,11,13,23,87,37,47,24,15,15,13,21,11,13,11,11,18,15,56,28,12,11,18,15,25,25,14,22,27,13,31,32,11,11,11,11,89,23,12,11,11,15,31
66.75,27,58,86,26,53,16,64,20,16,22,22,20,18,21,28,15,24,52,18,74,21,20,24,26,24,18,22,74,11,15,18,32,20,77,24,30,30,11,98,19,39,28,19,15,14,14,12,26,42,15,14,16,39,15,11,14,21,85,39,48,24,13,17,12,19,12,12,11,11,15,14,56,28,12,12,17,14,24,26,13,21,23,19,31,25,12,11,11,11,88,16,16,11,11,17,29
67,24,57,76,19,49,15,66,20,18,23,19,20,14,18,30,17,22,49,21,70,17,19,16,25,21,16,21,73,11,17,21,34,14,79,23,32,26,11,90,18,39,28,17,12,12,11,15,23,40,11,17,17,40,15,11,14,19,91,41,50,26,14,13,12,20,17,11,11,11,15,15,53,31,13,15,22,17,22,29,14,20,22,15,33,24,11,11,11,11,87,18,16,11,11,13,26
67.25,31,53,90,24,57,22,66,23,19,22,23,19,15,21,34,18,25,52,18,71,21,19,21,29,21,19,23,69,11,17,19,36,20,80,23,32,31,11,94,16,40,29,19,18,18,16,16,25,41,12,16,16,40,16,12,12,21,89,45,49,25,16,15,13,21,14,11,12,11,17,18,58,27,14,11,16,15,24,29,11,20,20,17,32,26,12,11,11,11,91,21,17,11,11,16,26
67.5,24,56,89,24,60,20,67,21,17,23,22,23,18,21,34,16,24,53,17,70,20,14,22,27,18,15,24,69,11,15,18,36,23,81,20,31,32,11,95,17,44,29,20,11,12,11,16,25,44,11,11,18,41,15,11,11,22,89,40,47,24,13,15,12,24,17,11,13,11,12,16,52,28,12,11,19,18,23,25,11,20,25,14,33,28,11,11,11,11,89,18,17,11,11,16,28
67.75,25,59,86,21,56,16,66,25,23,22,21,20,19,26,33,15,22,52,18,68,15,20,18,28,17,19,21,75,11,13,22,35,17,83,25,38,28,11,95,14,43,33,16,13,15,12,18,28,40,12,25,17,41,13,14,14,23,92,45,47,27,16,16,13,22,15,12,14,11,17,14,56,29,15,11,22,18,30,25,15,30,26,14,31,26,11,11,11,11,89,23,15,11,11,17,28
68,28,58,88,23,57,19,68,21,20,24,22,20,19,21,36,15,24,53,14,70,24,20,19,30,22,16,21,73,14,14,20,37,20,79,26,35,31,11,97,15,39,32,20,16,14,12,16,23,43,11,18,15,41,13,11,11,23,92,46,46,25,14,19,12,23,16,11,13,11,15,16,56,27,11,11,19,17,21,28,13,20,25,17,31,30,11,11,11,11,90,17,18,11,11,13,29
68.25,27,59,86,19,53,16,67,17,21,22,20,21,20,27,33,16,19,52,21,65,17,18,21,27,23,21,20,73,11,21,19,33,19,77,22,36,28,11,98,18,40,31,20,11,15,14,18,21,45,15,11,13,35,13,16,17,22,91,45,43,22,19,13,12,22,13,13,11,11,12,18,56,23,13,11,16,14,24,24,12,18,22,13,36,29,11,11,11,11,89,21,19,11,11,15,35
68.5,29,58,95,23,60,16,68,19,22,25,22,15,13,23,38,15,24,52,12,66,19,16,20,28,20,18,25,75,11,13,17,32,20,83,23,33,30,11,95,18,43,31,14,15,15,14,17,24,42,12,18,16,46,13,11,11,23,86,46,44,21,18,16,15,24,15,11,11,11,11,14,59,28,12,12,15,14,23,25,15,23,22,14,35,32,12,11,11,12,87,22,14,11,11,18,30
68.75,24,59,84,21,59,15,70,21,22,23,19,24,18,21,39,21,27,53,22,66,20,19,20,31,25,20,26,73,11,19,20,36,20,85,24,35,33,11,98,20,48,32,20,13,15,12,20,30,41,14,17,15,38,16,12,14,20,95,43,48,26,16,18,19,19,16,12,11,11,13,19,56,33,18,12,21,16,25,29,16,23,24,17,33,31,11,11,11,11,95,23,18,11,11,19,25
69,28,58,86,22,60,14,68,21,17,23,24,22,22,20,34,17,28,57,16,69,21,19,23,29,23,17,23,74,11,17,20,36,22,83,24,35,30,11,98,19,39,30,15,11,13,12,17,22,41,11,14,15,41,19,11,13,21,92,42,47,25,19,17,11,17,14,11,14,12,15,17,55,27,11,12,19,16,24,26,12,20,24,14,29,31,11,11,11,11,92,19,14,11,11,15,27
69.25,27,62,93,26,66,18,74,24,19,24,21,21,18,24,37,15,28,55,17,68,18,17,18,27,23,21,23,75,11,20,23,39,20,83,23,32,27,11,104,15,44,33,16,17,14,14,16,26,43,14,15,17,44,15,11,14,21,93,41,46,24,17,19,11,19,14,11,15,11,16,14,58,29,16,11,19,15,22,26,16,24,24,14,32,32,11,11,11,11,92,22,15,11,11,17,31
69.5,30,56,94,21,63,17,70,24,19,21,22,22,18,20,38,19,28,54,19,68,22,20,22,30,20,20,22,74,12,15,22,35,21,82,19,36,35,11,96,19,45,35,20,14,16,17,17,24,44,13,24,18,47,14,11,15,25,90,43,50,24,23,19,11,22,18,13,12,11,12,16,59,35,15,11,21,17,25,28,18,25,23,13,35,31,11,11,11,11,89,28,14,11,11,16,30
69.75,24,57,87,22,62,13,71,17,18,25,21,22,17,25,37,19,23,51,18,68,21,13,20,23,19,20,23,76,11,19,17,40,16,81,23,31,31,13,95,20,47,31,19,17,14,12,17,24,40,13,17,16,43,18,11,16,17,90,44,47,26,24,17,11,21,14,12,11,11,11,15,55,30,15,16,24,16,25,29,13,20,26,15,34,29,11,11,11,11,89,22,15,11,11,19,31
70,27,55,94,25,65,17,73,22,19,23,24,21,18,20,36,18,28,59,21,68,20,17,22,30,22,19,23,72,11,15,18,35,21,86,20,31,32,11,96,15,45,32,20,14,13,14,16,29,43,15,15,17,40,17,12,15,22,94,41,46,23,14,15,11,18,15,14,12,11,13,13,58,32,13,13,22,14,25,25,12,25,23,12,33,26,11,11,11,11,93,22,17,11,11,16,32
70.25,25,59,95,22,63,18,73,18,19,25,20,22,22,24,36,20,28,56,13,71,19,18,17,26,25,14,25,74,11,18,20,35,24,87,23,34,31,11,103,17,46,33,19,15,14,16,17,28,45,13,17,17,45,16,13,14,22,93,46,49,27,18,14,15,23,15,11,13,11,15,19,60,26,16,12,21,15,24,23,11,24,21,16,36,28,15,11,11,11,93,23,12,11,12,15,33
70.5,27,60,84,20,57,15,62,20,17,18,24,21,13,22,31,18,22,56,15,68,16,18,18,31,19,23,22,72,13,18,24,34,22,79,21,34,29,11,100,17,42,33,22,11,11,15,17,26,43,15,13,18,39,16,11,12,23,95,45,42,26,18,20,11,22,11,17,11,11,13,15,57,27,14,13,16,14,19,28,16,20,17,16,35,30,11,11,11,11,88,28,15,11,11,16,30
70.75,26,58,85,20,63,17,70,21,17,27,23,24,15,22,39,19,26,56,20,69,18,18,21,28,20,23,26,77,11,16,21,33,18,84,23,38,34,11,105,20,48,34,21,16,13,16,13,26,42,13,20,15,50,15,11,15,20,93,47,52,29,17,14,12,19,15,11,11,11,19,19,56,30,15,11,23,15,27,26,11,25,25,17,34,27,11,11,11,11,90,24,15,11,11,16,30
71,29,58,100,22,68,18,75,22,21,26,28,20,18,26,41,18,29,58,18,74,21,17,24,29,22,17,24,73,12,18,19,39,21,87,23,34,29,11,102,18,49,34,19,14,14,15,18,28,43,11,15,19,45,18,11,13,23,92,50,48,24,17,14,12,21,17,11,16,11,16,20,58,25,14,11,20,15,28,26,17,25,23,12,35,30,11,11,11,11,86,23,12,11,11,14,30
71.25,26,57,92,23,66,16,72,21,19,21,22,25,18,26,40,18,26,58,19,69,17,19,16,31,22,15,24,74,11,18,18,31,19,88,24,36,30,13,102,18,48,36,18,14,16,15,17,28,39,12,16,15,45,14,11,14,20,93,46,50,23,14,13,12,18,14,13,11,11,16,15,60,35,11,14,17,19,25,25,16,27,23,14,37,26,11,11,11,11,92,23,14,11,11,12,31
71.5,25,59,95,22,65,18,73,20,20,21,19,21,16,23,39,17,23,60,17,70,21,19,15,27,19,15,24,72,11,16,21,34,20,86,22,33,33,11,106,22,50,33,20,13,14,15,11,24,39,11,21,20,42,12,12,15,19,97,51,51,24,19,16,14,15,15,14,13,11,17,15,59,31,15,13,18,16,26,21,14,26,23,14,34,33,11,11,11,11,94,22,20,11,11,17,31
71.75,25,60,92,19,66,15,75,27,18,20,19,21,14,23,37,17,25,57,19,66,20,17,19,30,24,19,24,75,11,22,18,38,21,88,24,33,32,11,103,19,49,35,19,13,12,11,14,24,41,12,16,18,44,15,12,13,20,92,48,47,25,17,14,11,24,17,11,11,11,11,15,61,30,15,11,19,19,24,29,12,25,20,17,38,31,11,11,11,11,91,23,19,11,11,16,34
72,30,61,101,25,69,17,75,23,28,26,22,23,14,21,41,15,29,61,21,68,24,21,22,28,23,19,28,68,11,17,18,39,20,90,24,34,31,11,106,18,49,37,17,11,14,16,18,25,46,14,15,12,47,19,14,14,20,96,51,47,25,18,17,12,23,14,11,12,11,18,16,63,32,12,13,22,16,26,28,11,28,25,14,36,32,14,11,11,11,95,26,13,11,11,19,31
72.25,26,59,93,20,60,18,75,21,16,20,21,20,18,18,39,18,26,59,21,67,20,20,20,32,17,19,28,72,11,16,19,35,20,85,24,29,30,11,102,19,46,35,16,15,16,14,17,25,39,13,12,13,42,13,12,15,20,98,50,45,26,18,19,11,22,14,12,12,11,15,17,55,30,11,11,19,20,21,29,11,22,21,15,34,31,11,11,11,11,91,25,18,11,11,13,28
72.5,27,59,98,22,69,16,75,22,22,28,23,24,19,25,37,19,27,58,21,69,20,18,16,29,25,17,26,76,11,17,18,38,17,90,22,34,32,11,101,19,41,34,20,13,16,13,17,25,43,11,19,14,50,15,11,16,20,99,56,52,26,18,19,13,23,15,15,11,11,14,17,57,35,18,14,17,11,24,28,14,28,24,17,33,31,11,11,11,12,90,23,14,11,11,16,32
72.75,27,62,99,20,68,17,75,22,23,24,25,23,15,20,40,18,24,59,18,67,20,18,17,31,21,17,23,79,11,17,20,37,21,90,22,37,28,11,108,18,49,33,18,14,11,17,21,26,44,15,15,19,44,17,14,14,21,95,53,48,22,17,16,11,24,18,12,14,11,17,15,60,32,15,11,21,19,24,27,14,24,23,15,37,30,11,11,11,11,91,25,14,11,11,15,33
73,30,60,97,24,72,14,77,22,21,21,25,24,18,17,42,16,25,60,21,68,22,21,21,27,20,16,27,74,11,14,19,34,16,91,21,35,29,11,105,19,48,36,18,14,15,17,18,27,48,11,20,17,45,17,11,15,23,96,55,48,26,19,16,12,26,16,13,11,11,17,17,61,36,13,11,20,17,28,27,14,21,24,17,38,32,11,11,11,11,88,23,18,11,11,21,30
73.25,28,60,101,26,73,17,83,27,21,26,22,25,18,25,39,16,29,64,18,66,22,17,23,29,22,16,26,73,11,17,19,39,21,90,21,34,30,11,105,17,53,39,19,11,11,14,15,24,45,13,16,13,45,19,12,12,19,96,54,50,27,18,18,15,22,14,16,13,12,16,13,54,30,14,12,19,17,22,26,14,25,25,11,36,34,13,11,11,11,89,26,17,11,11,16,32
73.5,29,59,98,21,72,15,77,24,18,21,23,24,14,20,40,14,27,57,18,73,18,17,20,28,19,20,25,77,12,20,21,38,18,89,22,35,29,13,105,19,48,36,20,14,13,17,15,25,42,11,18,16,45,17,14,15,21,99,53,45,22,15,17,11,21,16,14,11,11,13,13,59,31,11,18,21,15,25,27,11,25,22,16,37,30,11,11,11,11,89,25,15,11,11,12,32
73.75,29,62,103,27,72,21,82,25,18,23,24,19,16,17,39,14,28,61,18,71,26,15,21,29,23,18,30,73,11,16,20,39,16,90,19,30,32,11,108,17,52,34,19,11,12,15,19,27,46,13,16,15,45,17,12,17,19,99,54,49,25,21,15,12,25,18,11,12,11,13,19,57,32,11,11,21,18,25,26,11,23,21,14,37,33,13,11,11,11,92,23,14,11,11,17,33
74,25,56,100,24,70,19,79,21,20,24,21,19,17,19,39,15,27,60,16,67,20,20,16,31,17,17,26,71,11,18,18,40,23,90,20,30,31,11,107,13,45,33,21,13,15,18,18,27,44,11,13,12,41,15,11,13,21,101,56,46,22,16,14,13,24,14,11,11,11,15,14,54,29,12,11,17,18,29,24,12,23,27,16,37,35,11,11,11,11,92,18,19,11,11,15,32
74.25,28,61,96,19,73,18,77,23,22,22,23,24,20,25,37,18,28,64,18,72,19,22,20,31,20,23,30,74,14,17,19,37,22,90,27,37,30,13,111,19,47,37,21,14,17,14,15,26,44,12,15,16,45,19,16,16,21,102,59,46,24,18,19,11,27,17,16,13,11,17,15,56,29,18,14,23,19,29,30,15,25,24,15,41,33,11,11,11,11,93,25,20,11,14,14,36
74.5,23,60,97,19,76,20,81,23,22,29,21,23,17,22,42,20,27,59,21,69,22,21,21,32,17,17,30,79,12,18,24,38,19,97,26,32,33,11,113,20,50,38,20,14,18,15,18,31,45,14,14,18,49,17,15,13,22,99,57,51,24,23,19,14,22,18,14,16,11,19,18,58,31,14,17,25,22,29,30,14,24,26,17,41,32,11,11,11,11,90,22,16,11,11,21,36
74.75,32,58,109,29,76,20,84,24,22,24,28,23,22,22,43,21,28,67,19,71,20,18,20,30,25,17,28,77,11,18,24,39,22,98,25,31,38,11,111,21,53,38,23,14,11,19,16,29,47,14,17,17,52,19,18,15,22,100,57,50,26,23,17,12,25,17,12,15,11,19,18,55,31,12,11,21,15,26,28,11,26,25,18,39,36,11,11,11,11,93,24,17,11,11,18,37
75,30,61,104,26,72,20,84,27,22,25,22,26,21,24,44,21,28,62,25,73,22,18,26,33,26,22,30,77,12,15,23,40,21,93,26,38,34,11,111,23,55,40,20,14,15,16,13,27,45,13,17,18,48,19,11,16,23,103,59,51,27,25,18,15,30,19,11,17,12,17,19,64,35,16,15,24,23,27,29,17,25,29,19,37,36,14,11,11,11,94,25,18,11,11,20,34
75.25,30,63,103,26,78,19,86,25,25,26,23,24,19,26,42,19,28,63,21,72,22,20,25,32,21,22,30,77,12,22,21,40,20,98,26,36,31,12,111,22,54,37,19,18,15,18,21,30,46,11,18,20,49,20,11,18,24,108,62,50,28,23,21,16,26,19,12,14,12,22,18,57,30,19,18,22,19,28,33,14,25,31,15,40,34,15,11,11,11,93,24,19,11,11,17,36
75.5,25,61,97,24,76,20,84,22,25,26,25,26,16,25,44,18,27,60,21,71,21,19,19,31,21,20,28,77,13,18,21,36,20,93,25,36,33,16,110,22,53,41,22,14,14,11,17,28,44,16,18,19,45,14,11,11,23,102,60,55,31,21,17,12,25,17,14,12,13,17,18,60,34,18,15,21,19,31,29,18,25,27,17,40,34,14,11,11,11,93,25,20,11,11,20,35
75.75,27,58,104,22,79,18,89,27,22,24,25,22,19,23,45,16,26,65,20,73,20,18,21,32,24,18,31,80,11,22,17,42,19,94,26,31,35,11,115,19,55,42,25,18,15,14,18,25,46,16,18,15,48,14,11,17,22,107,56,48,27,23,19,13,24,16,16,15,11,15,19,60,32,15,12,23,17,31,29,15,26,28,17,40,36,11,11,11,11,90,25,19,11,11,18,34
76,32,63,107,24,71,18,89,28,19,27,26,22,18,23,42,20,24,66,18,73,24,23,20,33,25,20,29,74,12,18,22,39,22,97,25,32,34,11,113,27,54,42,21,13,15,14,17,28,46,11,20,14,51,20,16,15,27,102,61,51,25,21,19,11,25,19,13,13,11,20,19,61,34,15,11,22,17,27,28,12,25,27,16,40,35,14,11,11,11,90,26,21,11,11,18,36
76.25,29,61,111,22,81,20,86,22,18,24,25,27,16,20,42,17,29,67,18,74,22,19,20,29,23,23,32,77,12,18,20,37,21,98,22,35,31,11,112,23,52,42,18,11,14,13,18,23,47,13,16,17,48,19,16,15,22,106,66,49,27,22,19,14,27,15,14,12,11,21,18,56,30,14,12,23,21,26,29,17,27,29,14,42,34,11,11,11,11,91,20,18,11,11,18,33
76.5,24,62,101,20,73,15,79,21,18,24,24,25,19,22,41,19,25,64,18,67,21,16,25,27,21,22,29,77,13,19,21,39,20,95,23,36,37,12,112,20,47,37,23,14,18,11,20,28,44,17,17,18,48,16,11,17,18,105,61,49,25,19,17,11,27,15,18,12,11,18,15,57,26,12,11,23,21,26,26,15,21,28,14,42,37,11,11,11,11,93,35,23,15,13,19,40
76.75,32,61,108,26,75,23,86,25,23,23,24,26,21,23,47,17,30,64,20,73,26,19,21,30,21,20,33,77,13,21,22,40,22,99,25,34,38,11,116,23,56,39,24,18,18,16,20,28,47,12,17,11,50,19,13,17,24,109,61,52,28,19,23,17,26,21,11,11,11,19,17,57,32,13,17,26,23,27,34,19,22,29,17,43,37,17,11,11,11,94,22,16,11,11,21,36
77,31,59,108,26,82,18,93,25,23,30,25,24,21,23,45,19,26,65,20,75,23,18,22,33,24,15,37,75,13,20,20,41,21,98,25,31,36,15,115,22,55,39,21,16,13,14,17,29,47,17,15,18,50,18,13,19,22,106,66,50,31,23,16,15,26,18,15,15,11,16,19,63,34,16,14,23,23,31,26,17,27,24,17,43,39,14,11,11,13,93,30,19,11,11,19,39
77.25,25,58,107,20,81,20,91,23,16,29,26,24,16,27,42,18,27,66,21,72,20,19,19,32,23,18,33,77,11,20,24,39,16,99,24,34,37,11,116,23,59,38,25,16,13,12,14,26,44,12,15,16,51,16,11,15,20,105,62,49,29,20,17,13,30,20,13,14,11,14,17,64,33,14,15,24,17,35,30,13,23,23,19,43,34,13,11,11,11,90,24,16,11,11,19,36
77.5,28,62,113,25,82,19,92,23,22,25,27,24,18,22,44,20,26,70,19,74,24,19,24,32,22,20,34,78,13,18,18,36,20,100,24,33,38,14,117,24,59,41,20,15,17,16,20,27,47,11,20,17,54,20,12,13,22,107,64,49,25,19,18,17,29,18,14,14,11,16,19,61,33,18,11,23,20,28,31,12,24,29,16,45,38,12,11,11,11,90,26,17,11,11,15,38
77.75,30,62,108,25,86,21,90,25,16,23,23,24,21,23,45,17,30,70,22,70,24,18,22,30,24,17,33,76,13,16,19,37,22,102,25,37,36,11,116,19,56,43,19,18,16,12,16,26,45,13,16,19,53,13,14,15,25,103,62,53,25,19,21,11,27,17,15,14,11,14,16,59,33,17,13,25,21,29,26,15,24,25,15,41,41,11,11,11,11,86,27,15,11,11,18,31
78,30,62,113,26,85,24,90,30,22,27,26,20,19,22,45,18,29,70,22,77,21,20,22,35,23,20,34,79,11,18,22,43,24,99,23,35,36,11,118,24,56,41,22,14,16,15,20,27,48,15,17,21,48,17,12,16,22,110,69,52,28,20,17,14,29,16,13,16,11,17,16,59,31,18,11,24,22,30,31,13,24,24,18,48,38,14,11,11,11,94,26,20,11,11,19,38
78.25,32,61,115,27,86,20,91,27,19,26,22,23,18,18,45,19,30,66,19,72,21,18,24,32,23,17,31,75,11,21,23,36,21,101,22,34,34,11,116,21,57,44,22,15,15,17,16,27,51,13,19,17,47,16,13,16,23,107,67,51,28,19,17,12,26,22,13,13,11,20,17,59,32,11,15,25,23,30,28,14,27,25,16,46,39,13,11,11,11,95,22,18,11,11,21,35
78.5,25,63,110,22,83,15,88,29,18,27,24,29,20,25,49,20,28,66,25,72,23,24,26,34,20,20,31,78,11,20,22,43,21,100,27,36,34,13,118,19,58,44,22,18,19,13,18,28,47,17,20,17,50,18,12,15,22,113,67,49,26,21,17,16,28,21,16,13,11,19,18,59,32,17,12,21,17,31,30,13,27,28,16,47,34,13,11,11,12,88,26,20,11,13,22,40
78.75,28,58,111,22,88,20,93,29,25,28,25,26,19,24,48,21,30,68,17,72,21,23,23,37,21,17,32,78,12,17,26,37,20,99,26,34,37,13,120,17,55,43,25,16,15,16,21,29,48,14,19,18,52,21,13,11,21,111,63,55,25,24,21,13,31,17,20,14,11,19,15,60,30,17,13,23,23,31,26,16,25,28,17,45,36,15,11,11,11,88,24,16,11,11,20,35
79,25,63,105,20,80,17,90,24,18,22,23,23,18,17,41,26,30,61,16,67,24,17,19,32,22,21,32,75,11,17,23,37,17,102,29,39,31,11,117,22,55,45,23,11,15,14,22,24,45,16,16,21,46,16,14,17,21,110,67,49,26,22,17,12,31,18,20,12,11,15,15,60,32,15,14,22,24,31,31,15,21,22,16,44,39,11,11,11,11,91,26,21,11,12,18,40
79.25,24,59,107,20,85,19,94,26,19,23,28,22,21,25,50,19,31,68,20,70,20,20,24,39,23,17,32,79,11,19,23,41,21,108,23,33,39,12,116,19,60,47,25,15,18,17,18,26,46,15,17,21,48,18,16,17,23,117,71,53,27,21,19,11,32,14,15,14,12,16,15,61,33,16,18,26,22,31,30,17,28,26,16,48,36,11,11,12,11,89,24,20,11,12,23,39
79.5,27,62,114,21,83,21,98,28,21,23,29,25,20,21,45,17,33,68,24,71,22,19,20,36,22,14,31,74,13,18,18,42,22,106,23,32,36,11,122,17,56,44,25,14,20,18,22,23,48,14,18,13,50,16,12,12,23,116,68,53,30,23,21,18,32,17,13,16,11,18,19,55,29,13,13,22,21,27,30,11,23,26,17,45,37,11,11,11,11,91,22,25,11,12,17,37
79.75,27,59,104,19,74,11,86,14,20,16,23,23,18,18,41,16,24,65,16,65,20,15,19,30,17,16,31,73,11,16,20,35,15,99,26,35,34,11,119,17,51,41,20,11,12,11,14,20,44,11,12,14,45,15,11,11,16,113,63,47,27,20,18,12,28,13,14,11,11,13,13,53,27,12,11,19,16,23,28,11,19,23,16,43,32,11,11,11,11,88,22,16,13,11,16,37
80,27,57,110,22,88,21,94,22,20,24,23,24,17,18,47,19,24,65,21,71,20,19,21,31,20,19,28,77,12,19,20,39,18,100,23,31,33,15,120,16,54,43,20,17,15,11,20,25,46,12,20,18,53,15,11,14,19,109,67,52,29,17,17,16,31,18,14,14,11,14,15,60,31,12,11,20,17,27,28,17,21,24,15,44,34,11,11,11,11,86,22,17,11,11,15,36
80.25,21,61,113,19,86,12,92,21,17,25,18,20,13,18,47,19,26,67,20,69,18,15,22,33,17,20,32,75,11,18,20,43,16,100,24,35,34,11,121,17,63,43,24,13,14,13,15,27,43,14,14,18,52,17,11,12,18,114,64,50,25,22,15,11,31,13,13,11,11,12,17,65,33,12,12,21,15,32,26,13,19,25,15,43,35,11,11,11,11,86,28,17,11,11,16,36
80.5,25,63,112,21,92,17,93,27,18,27,24,23,22,26,49,19,30,72,20,72,20,22,25,33,21,20,30,80,11,18,20,43,20,106,24,31,38,13,122,16,60,42,25,17,16,15,18,25,46,13,16,19,53,16,11,18,22,112,71,50,30,26,20,11,31,19,20,13,11,15,17,63,38,17,15,22,22,33,28,11,26,25,15,47,36,11,11,11,11,92,27,17,11,11,22,38
80.75,24,54,112,22,88,17,93,23,20,26,23,23,19,17,42,18,24,67,15,73,19,17,16,35,21,17,30,77,11,15,20,40,21,102,21,34,33,11,119,21,61,41,18,11,13,16,14,26,40,13,14,18,46,12,12,15,19,112,70,51,26,23,18,11,29,18,19,11,11,16,17,59,27,13,11,20,22,27,27,12,23,27,16,44,36,11,11,11,11,85,24,14,11,11,17,32
81,27,61,112,23,87,19,95,24,20,30,26,22,20,23,50,20,30,70,20,71,18,22,22,37,18,20,31,79,12,21,22,38,20,106,24,36,37,11,124,18,62,45,24,18,13,20,19,25,49,15,17,17,53,18,13,19,20,115,70,52,26,23,20,12,35,15,15,16,11,16,19,59,34,16,12,21,20,26,33,14,28,27,17,45,38,11,11,11,11,89,23,20,11,11,17,40
81.25,25,61,111,20,84,16,93,21,18,22,22,28,15,24,45,19,32,66,22,76,21,19,24,36,23,22,34,77,12,21,21,40,21,107,27,37,35,13,124,21,61,46,24,17,18,13,17,26,49,16,16,21,52,15,12,14,25,117,73,47,24,19,23,11,32,22,23,12,11,16,17,56,31,14,15,28,22,33,30,14,20,27,16,49,38,11,11,11,11,89,31,19,11,11,17,41
81.5,27,62,119,24,94,22,99,25,24,30,25,26,21,24,50,23,33,74,20,66,20,20,23,34,22,21,35,79,12,18,23,44,24,110,31,36,36,13,122,17,60,47,21,14,15,18,21,28,49,19,19,20,55,21,14,18,24,114,72,54,27,24,21,18,35,16,16,14,11,16,16,64,38,20,15,24,23,30,27,13,30,28,17,44,39,13,11,11,11,93,26,19,11,11,17,38
81.75,27,62,119,26,96,20,100,27,21,24,29,27,17,27,49,21,32,75,21,76,25,20,21,37,26,18,34,79,11,21,18,44,20,112,29,34,38,11,123,20,63,47,20,16,19,16,17,25,48,15,20,18,54,17,12,18,22,116,74,56,30,23,18,16,32,22,20,16,11,15,17,62,30,15,11,25,23,33,25,16,27,24,17,48,42,13,11,11,11,91,28,15,11,11,21,41
82,26,59,114,24,97,18,96,27,23,29,23,29,13,22,55,20,29,74,21,72,18,18,22,39,25,20,34,77,12,22,20,38,25,108,27,37,36,11,123,18,60,45,23,17,17,14,23,29,50,17,21,18,53,16,11,17,22,111,74,52,25,23,17,18,31,17,19,13,11,16,14,63,31,17,13,24,23,32,29,14,32,28,19,45,38,12,11,11,11,92,30,18,11,11,19,38
82.25,29,60,107,19,90,19,94,22,23,20,22,25,20,22,45,17,31,68,21,64,19,19,19,30,24,23,32,79,11,20,20,41,19,105,27,35,35,12,123,19,57,43,22,11,11,18,20,24,51,15,12,21,51,17,12,18,23,117,72,45,28,22,19,11,33,16,23,11,11,13,12,56,29,15,11,26,23,31,29,13,26,25,16,50,37,11,11,11,11,90,27,21,11,14,17,40
82.5,24,60,110,22,87,16,91,20,20,20,24,25,22,22,45,18,32,71,19,70,23,19,22,31,21,23,31,80,14,19,20,43,17,105,24,36,37,11,124,16,55,43,25,13,11,16,20,24,46,13,15,15,48,15,15,17,18,119,71,46,28,24,13,15,32,12,20,11,11,15,16,54,32,14,14,27,21,30,31,11,23,25,14,50,39,11,11,11,11,91,30,18,11,14,21,40
82.75,25,59,115,23,94,18,98,26,23,27,23,25,16,23,46,19,32,69,20,74,22,22,21,35,21,19,36,75,11,19,23,42,17,108,25,33,31,11,124,20,57,47,20,15,14,11,21,25,47,14,15,16,52,16,13,14,23,115,78,54,27,18,19,15,36,15,18,12,11,22,16,56,31,15,19,22,24,30,32,13,23,30,14,51,38,11,11,11,11,89,26,22,11,11,18,37
83,23,62,118,21,100,17,102,23,22,26,22,23,17,22,52,19,30,74,20,69,23,20,21,32,18,21,34,74,11,21,22,41,23,109,22,34,40,11,128,22,59,49,23,17,18,15,21,29,48,11,18,17,56,18,13,17,22,116,75,52,28,21,17,15,34,20,18,14,12,17,20,60,34,20,14,25,24,29,31,12,25,27,19,47,39,11,11,11,11,91,25,21,11,11,18,38
83.25,27,60,121,26,98,18,106,24,26,25,25,25,16,22,47,21,30,78,20,74,27,20,21,32,21,21,36,78,12,20,22,41,20,110,25,36,39,11,125,17,64,49,24,17,14,15,21,30,45,13,19,17,55,21,16,14,24,119,74,52,27,21,16,17,34,22,17,17,11,18,18,59,36,15,13,22,24,29,30,13,27,27,18,50,43,11,11,11,11,90,26,20,11,11,21,37
83.5,28,59,118,25,99,19,104,26,18,22,24,23,20,24,57,19,31,77,21,73,21,21,22,32,22,16,35,80,13,18,22,41,18,110,26,32,37,12,129,20,61,45,22,16,16,13,17,27,47,12,18,18,56,19,11,15,26,121,77,53,31,23,14,12,37,19,14,14,11,14,18,60,34,19,12,25,19,31,23,17,27,27,17,51,44,14,11,11,11,95,31,17,11,11,18,45
83.75,27,68,125,22,104,19,104,27,22,29,27,26,21,25,54,19,32,77,21,75,22,22,22,34,22,17,37,78,18,20,22,40,25,115,25,37,43,15,127,20,68,48,25,17,15,16,18,29,46,13,17,17,57,20,13,16,26,122,80,52,29,17,19,15,39,18,16,13,12,17,19,63,39,13,12,24,21,35,26,15,27,26,17,53,43,14,11,15,13,96,28,20,11,11,18,38
84,28,63,116,19,91,20,96,22,23,23,21,23,20,25,48,17,31,75,21,69,24,20,27,38,22,24,39,77,11,23,25,45,21,107,24,32,35,13,130,18,61,47,21,13,15,14,21,26,46,11,19,17,51,17,17,14,25,122,79,47,26,25,19,14,36,15,24,12,12,19,18,59,31,14,14,26,21,34,31,16,26,27,14,50,38,11,11,11,11,89,30,22,11,12,18,40
84.25,26,58,109,19,88,17,97,22,22,21,24,26,23,23,49,17,29,71,21,67,20,18,23,34,22,22,34,78,11,18,20,42,18,107,25,37,37,11,125,17,60,47,22,13,15,14,15,25,43,11,16,16,48,18,15,15,21,122,80,50,28,29,20,13,33,17,22,11,11,20,18,55,30,11,13,20,21,32,30,13,19,30,17,53,41,12,11,11,11,92,28,23,11,11,19,37
84.5,0,0,0,0,0,0,0,0,0,0,0,0,0,0,0,0,0,0,0,0,0,0,0,0,0,0,0,0,0,0,0,0,0,0,0,0,0,0,0,0,0,0,0,0,0,0,0,0,0,0,0,0,0,0,0,0,0,0,0,0,0,0,0,0,0,0,0,0,0,0,0,0,0,0,0,0,0,0,0,0,0,0,0,0,0,0,0,0,0,0,0,0,0,0,0,0