Hour,Type,Value
0.0,A3_N-Acetyl-D_Glucosamine,11
0.25,A3_N-Acetyl-D_Glucosamine,11
0.5,A3_N-Acetyl-D_Glucosamine,11
0.75,A3_N-Acetyl-D_Glucosamine,11
1.0,A3_N-Acetyl-D_Glucosamine,11
1.25,A3_N-Acetyl-D_Glucosamine,11
1.5,A3_N-Acetyl-D_Glucosamine,11
1.75,A3_N-Acetyl-D_Glucosamine,11
2.0,A3_N-Acetyl-D_Glucosamine,11
2.25,A3_N-Acetyl-D_Glucosamine,11
2.5,A3_N-Acetyl-D_Glucosamine,11
2.75,A3_N-Acetyl-D_Glucosamine,11
3.0,A3_N-Acetyl-D_Glucosamine,11
3.25,A3_N-Acetyl-D_Glucosamine,11
3.5,A3_N-Acetyl-D_Glucosamine,11
3.75,A3_N-Acetyl-D_Glucosamine,11
4.0,A3_N-Acetyl-D_Glucosamine,11
4.25,A3_N-Acetyl-D_Glucosamine,11
4.5,A3_N-Acetyl-D_Glucosamine,11
4.75,A3_N-Acetyl-D_Glucosamine,11
5.0,A3_N-Acetyl-D_Glucosamine,11
5.25,A3_N-Acetyl-D_Glucosamine,11
5.5,A3_N-Acetyl-D_Glucosamine,11
5.75,A3_N-Acetyl-D_Glucosamine,11
6.0,A3_N-Acetyl-D_Glucosamine,11
6.25,A3_N-Acetyl-D_Glucosamine,11
6.5,A3_N-Acetyl-D_Glucosamine,11
6.75,A3_N-Acetyl-D_Glucosamine,11
7.0,A3_N-Acetyl-D_Glucosamine,11
7.25,A3_N-Acetyl-D_Glucosamine,11
7.5,A3_N-Acetyl-D_Glucosamine,11
7.75,A3_N-Acetyl-D_Glucosamine,11
8.0,A3_N-Acetyl-D_Glucosamine,11
8.25,A3_N-Acetyl-D_Glucosamine,11
8.5,A3_N-Acetyl-D_Glucosamine,11
8.75,A3_N-Acetyl-D_Glucosamine,11
9.0,A3_N-Acetyl-D_Glucosamine,11
9.25,A3_N-Acetyl-D_Glucosamine,11
9.5,A3_N-Acetyl-D_Glucosamine,11
9.75,A3_N-Acetyl-D_Glucosamine,11
10.0,A3_N-Acetyl-D_Glucosamine,11
10.25,A3_N-Acetyl-D_Glucosamine,11
10.5,A3_N-Acetyl-D_Glucosamine,11
10.75,A3_N-Acetyl-D_Glucosamine,11
11.0,A3_N-Acetyl-D_Glucosamine,11
11.25,A3_N-Acetyl-D_Glucosamine,11
11.5,A3_N-Acetyl-D_Glucosamine,11
11.75,A3_N-Acetyl-D_Glucosamine,11
12.0,A3_N-Acetyl-D_Glucosamine,11
12.25,A3_N-Acetyl-D_Glucosamine,11
12.5,A3_N-Acetyl-D_Glucosamine,11
12.75,A3_N-Acetyl-D_Glucosamine,11
13.0,A3_N-Acetyl-D_Glucosamine,11
13.25,A3_N-Acetyl-D_Glucosamine,11
13.5,A3_N-Acetyl-D_Glucosamine,11
13.75,A3_N-Acetyl-D_Glucosamine,11
14.0,A3_N-Acetyl-D_Glucosamine,11
14.25,A3_N-Acetyl-D_Glucosamine,11
14.5,A3_N-Acetyl-D_Glucosamine,11
14.75,A3_N-Acetyl-D_Glucosamine,11
15.0,A3_N-Acetyl-D_Glucosamine,11
15.25,A3_N-Acetyl-D_Glucosamine,11
15.5,A3_N-Acetyl-D_Glucosamine,11
15.75,A3_N-Acetyl-D_Glucosamine,11
16.0,A3_N-Acetyl-D_Glucosamine,11
16.25,A3_N-Acetyl-D_Glucosamine,11
16.5,A3_N-Acetyl-D_Glucosamine,11
16.75,A3_N-Acetyl-D_Glucosamine,11
17.0,A3_N-Acetyl-D_Glucosamine,11
17.25,A3_N-Acetyl-D_Glucosamine,11
17.5,A3_N-Acetyl-D_Glucosamine,11
17.75,A3_N-Acetyl-D_Glucosamine,11
18.0,A3_N-Acetyl-D_Glucosamine,11
18.25,A3_N-Acetyl-D_Glucosamine,11
18.5,A3_N-Acetyl-D_Glucosamine,11
18.75,A3_N-Acetyl-D_Glucosamine,11
19.0,A3_N-Acetyl-D_Glucosamine,11
19.25,A3_N-Acetyl-D_Glucosamine,11
19.5,A3_N-Acetyl-D_Glucosamine,11
19.75,A3_N-Acetyl-D_Glucosamine,11
20.0,A3_N-Acetyl-D_Glucosamine,11
20.25,A3_N-Acetyl-D_Glucosamine,11
20.5,A3_N-Acetyl-D_Glucosamine,11
20.75,A3_N-Acetyl-D_Glucosamine,11
21.0,A3_N-Acetyl-D_Glucosamine,11
21.25,A3_N-Acetyl-D_Glucosamine,11
21.5,A3_N-Acetyl-D_Glucosamine,11
21.75,A3_N-Acetyl-D_Glucosamine,11
22.0,A3_N-Acetyl-D_Glucosamine,11
22.25,A3_N-Acetyl-D_Glucosamine,11
22.5,A3_N-Acetyl-D_Glucosamine,11
22.75,A3_N-Acetyl-D_Glucosamine,11
23.0,A3_N-Acetyl-D_Glucosamine,11
23.25,A3_N-Acetyl-D_Glucosamine,11
23.5,A3_N-Acetyl-D_Glucosamine,11
23.75,A3_N-Acetyl-D_Glucosamine,11
24.0,A3_N-Acetyl-D_Glucosamine,11
24.25,A3_N-Acetyl-D_Glucosamine,11
24.5,A3_N-Acetyl-D_Glucosamine,11
24.75,A3_N-Acetyl-D_Glucosamine,11
25.0,A3_N-Acetyl-D_Glucosamine,11
25.25,A3_N-Acetyl-D_Glucosamine,11
25.5,A3_N-Acetyl-D_Glucosamine,11
25.75,A3_N-Acetyl-D_Glucosamine,11
26.0,A3_N-Acetyl-D_Glucosamine,11
26.25,A3_N-Acetyl-D_Glucosamine,11
26.5,A3_N-Acetyl-D_Glucosamine,11
26.75,A3_N-Acetyl-D_Glucosamine,11
27.0,A3_N-Acetyl-D_Glucosamine,13
27.25,A3_N-Acetyl-D_Glucosamine,12
27.5,A3_N-Acetyl-D_Glucosamine,11
27.75,A3_N-Acetyl-D_Glucosamine,11
28.0,A3_N-Acetyl-D_Glucosamine,12
28.25,A3_N-Acetyl-D_Glucosamine,11
28.5,A3_N-Acetyl-D_Glucosamine,12
28.75,A3_N-Acetyl-D_Glucosamine,11
29.0,A3_N-Acetyl-D_Glucosamine,11
29.25,A3_N-Acetyl-D_Glucosamine,11
29.5,A3_N-Acetyl-D_Glucosamine,11
29.75,A3_N-Acetyl-D_Glucosamine,11
30.0,A3_N-Acetyl-D_Glucosamine,11
30.25,A3_N-Acetyl-D_Glucosamine,11
30.5,A3_N-Acetyl-D_Glucosamine,12
30.75,A3_N-Acetyl-D_Glucosamine,11
31.0,A3_N-Acetyl-D_Glucosamine,11
31.25,A3_N-Acetyl-D_Glucosamine,13
31.5,A3_N-Acetyl-D_Glucosamine,11
31.75,A3_N-Acetyl-D_Glucosamine,14
32.0,A3_N-Acetyl-D_Glucosamine,12
32.25,A3_N-Acetyl-D_Glucosamine,16
32.5,A3_N-Acetyl-D_Glucosamine,11
32.75,A3_N-Acetyl-D_Glucosamine,11
33.0,A3_N-Acetyl-D_Glucosamine,11
33.25,A3_N-Acetyl-D_Glucosamine,11
33.5,A3_N-Acetyl-D_Glucosamine,11
33.75,A3_N-Acetyl-D_Glucosamine,13
34.0,A3_N-Acetyl-D_Glucosamine,15
34.25,A3_N-Acetyl-D_Glucosamine,11
34.5,A3_N-Acetyl-D_Glucosamine,12
34.75,A3_N-Acetyl-D_Glucosamine,11
35.0,A3_N-Acetyl-D_Glucosamine,11
35.25,A3_N-Acetyl-D_Glucosamine,12
35.5,A3_N-Acetyl-D_Glucosamine,12
35.75,A3_N-Acetyl-D_Glucosamine,12
36.0,A3_N-Acetyl-D_Glucosamine,13
36.25,A3_N-Acetyl-D_Glucosamine,13
36.5,A3_N-Acetyl-D_Glucosamine,12
36.75,A3_N-Acetyl-D_Glucosamine,11
37.0,A3_N-Acetyl-D_Glucosamine,11
37.25,A3_N-Acetyl-D_Glucosamine,15
37.5,A3_N-Acetyl-D_Glucosamine,11
37.75,A3_N-Acetyl-D_Glucosamine,14
38.0,A3_N-Acetyl-D_Glucosamine,11
38.25,A3_N-Acetyl-D_Glucosamine,15
38.5,A3_N-Acetyl-D_Glucosamine,11
38.75,A3_N-Acetyl-D_Glucosamine,15
39.0,A3_N-Acetyl-D_Glucosamine,17
39.25,A3_N-Acetyl-D_Glucosamine,15
39.5,A3_N-Acetyl-D_Glucosamine,11
39.75,A3_N-Acetyl-D_Glucosamine,14
40.0,A3_N-Acetyl-D_Glucosamine,11
40.25,A3_N-Acetyl-D_Glucosamine,12
40.5,A3_N-Acetyl-D_Glucosamine,15
40.75,A3_N-Acetyl-D_Glucosamine,11
41.0,A3_N-Acetyl-D_Glucosamine,13
41.25,A3_N-Acetyl-D_Glucosamine,11
41.5,A3_N-Acetyl-D_Glucosamine,11
41.75,A3_N-Acetyl-D_Glucosamine,11
42.0,A3_N-Acetyl-D_Glucosamine,15
42.25,A3_N-Acetyl-D_Glucosamine,14
42.5,A3_N-Acetyl-D_Glucosamine,16
42.75,A3_N-Acetyl-D_Glucosamine,18
43.0,A3_N-Acetyl-D_Glucosamine,12
43.25,A3_N-Acetyl-D_Glucosamine,15
43.5,A3_N-Acetyl-D_Glucosamine,17
43.75,A3_N-Acetyl-D_Glucosamine,15
44.0,A3_N-Acetyl-D_Glucosamine,11
44.25,A3_N-Acetyl-D_Glucosamine,12
44.5,A3_N-Acetyl-D_Glucosamine,15
44.75,A3_N-Acetyl-D_Glucosamine,13
45.0,A3_N-Acetyl-D_Glucosamine,15
45.25,A3_N-Acetyl-D_Glucosamine,15
45.5,A3_N-Acetyl-D_Glucosamine,17
45.75,A3_N-Acetyl-D_Glucosamine,16
46.0,A3_N-Acetyl-D_Glucosamine,17
46.25,A3_N-Acetyl-D_Glucosamine,15
46.5,A3_N-Acetyl-D_Glucosamine,20
46.75,A3_N-Acetyl-D_Glucosamine,17
47.0,A3_N-Acetyl-D_Glucosamine,19
47.25,A3_N-Acetyl-D_Glucosamine,21
47.5,A3_N-Acetyl-D_Glucosamine,21
47.75,A3_N-Acetyl-D_Glucosamine,22
48.0,A3_N-Acetyl-D_Glucosamine,20
48.25,A3_N-Acetyl-D_Glucosamine,27
0.0,A5_Succinic_Acid,11
0.25,A5_Succinic_Acid,11
0.5,A5_Succinic_Acid,11
0.75,A5_Succinic_Acid,11
1.0,A5_Succinic_Acid,11
1.25,A5_Succinic_Acid,11
1.5,A5_Succinic_Acid,11
1.75,A5_Succinic_Acid,11
2.0,A5_Succinic_Acid,11
2.25,A5_Succinic_Acid,11
2.5,A5_Succinic_Acid,11
2.75,A5_Succinic_Acid,11
3.0,A5_Succinic_Acid,11
3.25,A5_Succinic_Acid,11
3.5,A5_Succinic_Acid,11
3.75,A5_Succinic_Acid,11
4.0,A5_Succinic_Acid,11
4.25,A5_Succinic_Acid,11
4.5,A5_Succinic_Acid,11
4.75,A5_Succinic_Acid,11
5.0,A5_Succinic_Acid,11
5.25,A5_Succinic_Acid,11
5.5,A5_Succinic_Acid,11
5.75,A5_Succinic_Acid,11
6.0,A5_Succinic_Acid,11
6.25,A5_Succinic_Acid,11
6.5,A5_Succinic_Acid,11
6.75,A5_Succinic_Acid,11
7.0,A5_Succinic_Acid,11
7.25,A5_Succinic_Acid,11
7.5,A5_Succinic_Acid,11
7.75,A5_Succinic_Acid,11
8.0,A5_Succinic_Acid,11
8.25,A5_Succinic_Acid,11
8.5,A5_Succinic_Acid,11
8.75,A5_Succinic_Acid,11
9.0,A5_Succinic_Acid,11
9.25,A5_Succinic_Acid,11
9.5,A5_Succinic_Acid,11
9.75,A5_Succinic_Acid,11
10.0,A5_Succinic_Acid,11
10.25,A5_Succinic_Acid,11
10.5,A5_Succinic_Acid,11
10.75,A5_Succinic_Acid,11
11.0,A5_Succinic_Acid,11
11.25,A5_Succinic_Acid,11
11.5,A5_Succinic_Acid,11
11.75,A5_Succinic_Acid,11
12.0,A5_Succinic_Acid,11
12.25,A5_Succinic_Acid,11
12.5,A5_Succinic_Acid,11
12.75,A5_Succinic_Acid,11
13.0,A5_Succinic_Acid,11
13.25,A5_Succinic_Acid,11
13.5,A5_Succinic_Acid,11
13.75,A5_Succinic_Acid,11
14.0,A5_Succinic_Acid,11
14.25,A5_Succinic_Acid,11
14.5,A5_Succinic_Acid,11
14.75,A5_Succinic_Acid,11
15.0,A5_Succinic_Acid,11
15.25,A5_Succinic_Acid,11
15.5,A5_Succinic_Acid,11
15.75,A5_Succinic_Acid,11
16.0,A5_Succinic_Acid,11
16.25,A5_Succinic_Acid,11
16.5,A5_Succinic_Acid,11
16.75,A5_Succinic_Acid,11
17.0,A5_Succinic_Acid,11
17.25,A5_Succinic_Acid,11
17.5,A5_Succinic_Acid,11
17.75,A5_Succinic_Acid,11
18.0,A5_Succinic_Acid,11
18.25,A5_Succinic_Acid,11
18.5,A5_Succinic_Acid,11
18.75,A5_Succinic_Acid,11
19.0,A5_Succinic_Acid,11
19.25,A5_Succinic_Acid,11
19.5,A5_Succinic_Acid,11
19.75,A5_Succinic_Acid,11
20.0,A5_Succinic_Acid,11
20.25,A5_Succinic_Acid,11
20.5,A5_Succinic_Acid,11
20.75,A5_Succinic_Acid,11
21.0,A5_Succinic_Acid,11
21.25,A5_Succinic_Acid,11
21.5,A5_Succinic_Acid,11
21.75,A5_Succinic_Acid,11
22.0,A5_Succinic_Acid,11
22.25,A5_Succinic_Acid,11
22.5,A5_Succinic_Acid,11
22.75,A5_Succinic_Acid,11
23.0,A5_Succinic_Acid,11
23.25,A5_Succinic_Acid,11
23.5,A5_Succinic_Acid,11
23.75,A5_Succinic_Acid,11
24.0,A5_Succinic_Acid,11
24.25,A5_Succinic_Acid,11
24.5,A5_Succinic_Acid,11
24.75,A5_Succinic_Acid,11
25.0,A5_Succinic_Acid,11
25.25,A5_Succinic_Acid,11
25.5,A5_Succinic_Acid,11
25.75,A5_Succinic_Acid,11
26.0,A5_Succinic_Acid,11
26.25,A5_Succinic_Acid,11
26.5,A5_Succinic_Acid,11
26.75,A5_Succinic_Acid,11
27.0,A5_Succinic_Acid,11
27.25,A5_Succinic_Acid,11
27.5,A5_Succinic_Acid,11
27.75,A5_Succinic_Acid,11
28.0,A5_Succinic_Acid,11
28.25,A5_Succinic_Acid,11
28.5,A5_Succinic_Acid,11
28.75,A5_Succinic_Acid,11
29.0,A5_Succinic_Acid,11
29.25,A5_Succinic_Acid,11
29.5,A5_Succinic_Acid,11
29.75,A5_Succinic_Acid,11
30.0,A5_Succinic_Acid,11
30.25,A5_Succinic_Acid,11
30.5,A5_Succinic_Acid,11
30.75,A5_Succinic_Acid,11
31.0,A5_Succinic_Acid,11
31.25,A5_Succinic_Acid,11
31.5,A5_Succinic_Acid,11
31.75,A5_Succinic_Acid,11
32.0,A5_Succinic_Acid,11
32.25,A5_Succinic_Acid,11
32.5,A5_Succinic_Acid,11
32.75,A5_Succinic_Acid,11
33.0,A5_Succinic_Acid,11
33.25,A5_Succinic_Acid,11
33.5,A5_Succinic_Acid,11
33.75,A5_Succinic_Acid,11
34.0,A5_Succinic_Acid,11
34.25,A5_Succinic_Acid,11
34.5,A5_Succinic_Acid,11
34.75,A5_Succinic_Acid,11
35.0,A5_Succinic_Acid,11
35.25,A5_Succinic_Acid,11
35.5,A5_Succinic_Acid,11
35.75,A5_Succinic_Acid,11
36.0,A5_Succinic_Acid,11
36.25,A5_Succinic_Acid,11
36.5,A5_Succinic_Acid,11
36.75,A5_Succinic_Acid,11
37.0,A5_Succinic_Acid,11
37.25,A5_Succinic_Acid,11
37.5,A5_Succinic_Acid,11
37.75,A5_Succinic_Acid,11
38.0,A5_Succinic_Acid,11
38.25,A5_Succinic_Acid,11
38.5,A5_Succinic_Acid,11
38.75,A5_Succinic_Acid,11
39.0,A5_Succinic_Acid,11
39.25,A5_Succinic_Acid,11
39.5,A5_Succinic_Acid,11
39.75,A5_Succinic_Acid,11
40.0,A5_Succinic_Acid,11
40.25,A5_Succinic_Acid,11
40.5,A5_Succinic_Acid,11
40.75,A5_Succinic_Acid,11
41.0,A5_Succinic_Acid,11
41.25,A5_Succinic_Acid,11
41.5,A5_Succinic_Acid,11
41.75,A5_Succinic_Acid,11
42.0,A5_Succinic_Acid,11
42.25,A5_Succinic_Acid,11
42.5,A5_Succinic_Acid,11
42.75,A5_Succinic_Acid,11
43.0,A5_Succinic_Acid,11
43.25,A5_Succinic_Acid,11
43.5,A5_Succinic_Acid,11
43.75,A5_Succinic_Acid,11
44.0,A5_Succinic_Acid,11
44.25,A5_Succinic_Acid,11
44.5,A5_Succinic_Acid,11
44.75,A5_Succinic_Acid,11
45.0,A5_Succinic_Acid,11
45.25,A5_Succinic_Acid,11
45.5,A5_Succinic_Acid,11
45.75,A5_Succinic_Acid,11
46.0,A5_Succinic_Acid,11
46.25,A5_Succinic_Acid,11
46.5,A5_Succinic_Acid,13
46.75,A5_Succinic_Acid,11
47.0,A5_Succinic_Acid,11
47.25,A5_Succinic_Acid,11
47.5,A5_Succinic_Acid,11
47.75,A5_Succinic_Acid,13
48.0,A5_Succinic_Acid,11
48.25,A5_Succinic_Acid,11
0.0,A7_L-Aspartic_Acid,11
0.25,A7_L-Aspartic_Acid,11
0.5,A7_L-Aspartic_Acid,11
0.75,A7_L-Aspartic_Acid,11
1.0,A7_L-Aspartic_Acid,11
1.25,A7_L-Aspartic_Acid,11
1.5,A7_L-Aspartic_Acid,11
1.75,A7_L-Aspartic_Acid,11
2.0,A7_L-Aspartic_Acid,11
2.25,A7_L-Aspartic_Acid,11
2.5,A7_L-Aspartic_Acid,11
2.75,A7_L-Aspartic_Acid,11
3.0,A7_L-Aspartic_Acid,11
3.25,A7_L-Aspartic_Acid,11
3.5,A7_L-Aspartic_Acid,11
3.75,A7_L-Aspartic_Acid,11
4.0,A7_L-Aspartic_Acid,11
4.25,A7_L-Aspartic_Acid,11
4.5,A7_L-Aspartic_Acid,11
4.75,A7_L-Aspartic_Acid,11
5.0,A7_L-Aspartic_Acid,11
5.25,A7_L-Aspartic_Acid,11
5.5,A7_L-Aspartic_Acid,11
5.75,A7_L-Aspartic_Acid,11
6.0,A7_L-Aspartic_Acid,11
6.25,A7_L-Aspartic_Acid,11
6.5,A7_L-Aspartic_Acid,11
6.75,A7_L-Aspartic_Acid,11
7.0,A7_L-Aspartic_Acid,11
7.25,A7_L-Aspartic_Acid,11
7.5,A7_L-Aspartic_Acid,11
7.75,A7_L-Aspartic_Acid,11
8.0,A7_L-Aspartic_Acid,11
8.25,A7_L-Aspartic_Acid,11
8.5,A7_L-Aspartic_Acid,11
8.75,A7_L-Aspartic_Acid,11
9.0,A7_L-Aspartic_Acid,11
9.25,A7_L-Aspartic_Acid,11
9.5,A7_L-Aspartic_Acid,11
9.75,A7_L-Aspartic_Acid,11
10.0,A7_L-Aspartic_Acid,11
10.25,A7_L-Aspartic_Acid,11
10.5,A7_L-Aspartic_Acid,11
10.75,A7_L-Aspartic_Acid,11
11.0,A7_L-Aspartic_Acid,11
11.25,A7_L-Aspartic_Acid,11
11.5,A7_L-Aspartic_Acid,11
11.75,A7_L-Aspartic_Acid,11
12.0,A7_L-Aspartic_Acid,11
12.25,A7_L-Aspartic_Acid,11
12.5,A7_L-Aspartic_Acid,11
12.75,A7_L-Aspartic_Acid,11
13.0,A7_L-Aspartic_Acid,11
13.25,A7_L-Aspartic_Acid,11
13.5,A7_L-Aspartic_Acid,11
13.75,A7_L-Aspartic_Acid,11
14.0,A7_L-Aspartic_Acid,11
14.25,A7_L-Aspartic_Acid,11
14.5,A7_L-Aspartic_Acid,11
14.75,A7_L-Aspartic_Acid,11
15.0,A7_L-Aspartic_Acid,11
15.25,A7_L-Aspartic_Acid,11
15.5,A7_L-Aspartic_Acid,11
15.75,A7_L-Aspartic_Acid,11
16.0,A7_L-Aspartic_Acid,11
16.25,A7_L-Aspartic_Acid,11
16.5,A7_L-Aspartic_Acid,11
16.75,A7_L-Aspartic_Acid,11
17.0,A7_L-Aspartic_Acid,11
17.25,A7_L-Aspartic_Acid,11
17.5,A7_L-Aspartic_Acid,11
17.75,A7_L-Aspartic_Acid,11
18.0,A7_L-Aspartic_Acid,11
18.25,A7_L-Aspartic_Acid,11
18.5,A7_L-Aspartic_Acid,11
18.75,A7_L-Aspartic_Acid,11
19.0,A7_L-Aspartic_Acid,11
19.25,A7_L-Aspartic_Acid,11
19.5,A7_L-Aspartic_Acid,11
19.75,A7_L-Aspartic_Acid,11
20.0,A7_L-Aspartic_Acid,11
20.25,A7_L-Aspartic_Acid,11
20.5,A7_L-Aspartic_Acid,11
20.75,A7_L-Aspartic_Acid,11
21.0,A7_L-Aspartic_Acid,11
21.25,A7_L-Aspartic_Acid,11
21.5,A7_L-Aspartic_Acid,11
21.75,A7_L-Aspartic_Acid,11
22.0,A7_L-Aspartic_Acid,11
22.25,A7_L-Aspartic_Acid,11
22.5,A7_L-Aspartic_Acid,11
22.75,A7_L-Aspartic_Acid,11
23.0,A7_L-Aspartic_Acid,11
23.25,A7_L-Aspartic_Acid,11
23.5,A7_L-Aspartic_Acid,11
23.75,A7_L-Aspartic_Acid,11
24.0,A7_L-Aspartic_Acid,11
24.25,A7_L-Aspartic_Acid,11
24.5,A7_L-Aspartic_Acid,11
24.75,A7_L-Aspartic_Acid,11
25.0,A7_L-Aspartic_Acid,11
25.25,A7_L-Aspartic_Acid,11
25.5,A7_L-Aspartic_Acid,11
25.75,A7_L-Aspartic_Acid,11
26.0,A7_L-Aspartic_Acid,11
26.25,A7_L-Aspartic_Acid,11
26.5,A7_L-Aspartic_Acid,11
26.75,A7_L-Aspartic_Acid,11
27.0,A7_L-Aspartic_Acid,11
27.25,A7_L-Aspartic_Acid,11
27.5,A7_L-Aspartic_Acid,11
27.75,A7_L-Aspartic_Acid,11
28.0,A7_L-Aspartic_Acid,11
28.25,A7_L-Aspartic_Acid,11
28.5,A7_L-Aspartic_Acid,11
28.75,A7_L-Aspartic_Acid,11
29.0,A7_L-Aspartic_Acid,11
29.25,A7_L-Aspartic_Acid,11
29.5,A7_L-Aspartic_Acid,11
29.75,A7_L-Aspartic_Acid,11
30.0,A7_L-Aspartic_Acid,11
30.25,A7_L-Aspartic_Acid,11
30.5,A7_L-Aspartic_Acid,11
30.75,A7_L-Aspartic_Acid,11
31.0,A7_L-Aspartic_Acid,11
31.25,A7_L-Aspartic_Acid,11
31.5,A7_L-Aspartic_Acid,11
31.75,A7_L-Aspartic_Acid,11
32.0,A7_L-Aspartic_Acid,11
32.25,A7_L-Aspartic_Acid,11
32.5,A7_L-Aspartic_Acid,11
32.75,A7_L-Aspartic_Acid,11
33.0,A7_L-Aspartic_Acid,11
33.25,A7_L-Aspartic_Acid,11
33.5,A7_L-Aspartic_Acid,11
33.75,A7_L-Aspartic_Acid,11
34.0,A7_L-Aspartic_Acid,11
34.25,A7_L-Aspartic_Acid,11
34.5,A7_L-Aspartic_Acid,11
34.75,A7_L-Aspartic_Acid,11
35.0,A7_L-Aspartic_Acid,11
35.25,A7_L-Aspartic_Acid,11
35.5,A7_L-Aspartic_Acid,11
35.75,A7_L-Aspartic_Acid,11
36.0,A7_L-Aspartic_Acid,11
36.25,A7_L-Aspartic_Acid,11
36.5,A7_L-Aspartic_Acid,11
36.75,A7_L-Aspartic_Acid,11
37.0,A7_L-Aspartic_Acid,11
37.25,A7_L-Aspartic_Acid,11
37.5,A7_L-Aspartic_Acid,11
37.75,A7_L-Aspartic_Acid,11
38.0,A7_L-Aspartic_Acid,11
38.25,A7_L-Aspartic_Acid,11
38.5,A7_L-Aspartic_Acid,12
38.75,A7_L-Aspartic_Acid,11
39.0,A7_L-Aspartic_Acid,13
39.25,A7_L-Aspartic_Acid,14
39.5,A7_L-Aspartic_Acid,14
39.75,A7_L-Aspartic_Acid,11
40.0,A7_L-Aspartic_Acid,11
40.25,A7_L-Aspartic_Acid,14
40.5,A7_L-Aspartic_Acid,11
40.75,A7_L-Aspartic_Acid,11
41.0,A7_L-Aspartic_Acid,12
41.25,A7_L-Aspartic_Acid,11
41.5,A7_L-Aspartic_Acid,16
41.75,A7_L-Aspartic_Acid,14
42.0,A7_L-Aspartic_Acid,14
42.25,A7_L-Aspartic_Acid,13
42.5,A7_L-Aspartic_Acid,15
42.75,A7_L-Aspartic_Acid,18
43.0,A7_L-Aspartic_Acid,16
43.25,A7_L-Aspartic_Acid,12
43.5,A7_L-Aspartic_Acid,16
43.75,A7_L-Aspartic_Acid,16
44.0,A7_L-Aspartic_Acid,15
44.25,A7_L-Aspartic_Acid,18
44.5,A7_L-Aspartic_Acid,20
44.75,A7_L-Aspartic_Acid,17
45.0,A7_L-Aspartic_Acid,14
45.25,A7_L-Aspartic_Acid,20
45.5,A7_L-Aspartic_Acid,17
45.75,A7_L-Aspartic_Acid,16
46.0,A7_L-Aspartic_Acid,25
46.25,A7_L-Aspartic_Acid,16
46.5,A7_L-Aspartic_Acid,21
46.75,A7_L-Aspartic_Acid,21
47.0,A7_L-Aspartic_Acid,21
47.25,A7_L-Aspartic_Acid,25
47.5,A7_L-Aspartic_Acid,23
47.75,A7_L-Aspartic_Acid,28
48.0,A7_L-Aspartic_Acid,24
48.25,A7_L-Aspartic_Acid,24
0.0,B3_Glycerol,11
0.25,B3_Glycerol,11
0.5,B3_Glycerol,11
0.75,B3_Glycerol,11
1.0,B3_Glycerol,11
1.25,B3_Glycerol,11
1.5,B3_Glycerol,11
1.75,B3_Glycerol,11
2.0,B3_Glycerol,11
2.25,B3_Glycerol,11
2.5,B3_Glycerol,11
2.75,B3_Glycerol,11
3.0,B3_Glycerol,11
3.25,B3_Glycerol,11
3.5,B3_Glycerol,11
3.75,B3_Glycerol,11
4.0,B3_Glycerol,11
4.25,B3_Glycerol,11
4.5,B3_Glycerol,11
4.75,B3_Glycerol,11
5.0,B3_Glycerol,11
5.25,B3_Glycerol,11
5.5,B3_Glycerol,11
5.75,B3_Glycerol,11
6.0,B3_Glycerol,11
6.25,B3_Glycerol,11
6.5,B3_Glycerol,11
6.75,B3_Glycerol,11
7.0,B3_Glycerol,11
7.25,B3_Glycerol,11
7.5,B3_Glycerol,11
7.75,B3_Glycerol,11
8.0,B3_Glycerol,11
8.25,B3_Glycerol,11
8.5,B3_Glycerol,11
8.75,B3_Glycerol,11
9.0,B3_Glycerol,11
9.25,B3_Glycerol,11
9.5,B3_Glycerol,11
9.75,B3_Glycerol,11
10.0,B3_Glycerol,11
10.25,B3_Glycerol,11
10.5,B3_Glycerol,11
10.75,B3_Glycerol,11
11.0,B3_Glycerol,11
11.25,B3_Glycerol,11
11.5,B3_Glycerol,11
11.75,B3_Glycerol,11
12.0,B3_Glycerol,11
12.25,B3_Glycerol,11
12.5,B3_Glycerol,11
12.75,B3_Glycerol,11
13.0,B3_Glycerol,11
13.25,B3_Glycerol,11
13.5,B3_Glycerol,11
13.75,B3_Glycerol,11
14.0,B3_Glycerol,11
14.25,B3_Glycerol,11
14.5,B3_Glycerol,11
14.75,B3_Glycerol,11
15.0,B3_Glycerol,11
15.25,B3_Glycerol,11
15.5,B3_Glycerol,11
15.75,B3_Glycerol,11
16.0,B3_Glycerol,11
16.25,B3_Glycerol,11
16.5,B3_Glycerol,11
16.75,B3_Glycerol,11
17.0,B3_Glycerol,11
17.25,B3_Glycerol,11
17.5,B3_Glycerol,11
17.75,B3_Glycerol,11
18.0,B3_Glycerol,11
18.25,B3_Glycerol,11
18.5,B3_Glycerol,11
18.75,B3_Glycerol,11
19.0,B3_Glycerol,11
19.25,B3_Glycerol,11
19.5,B3_Glycerol,11
19.75,B3_Glycerol,11
20.0,B3_Glycerol,11
20.25,B3_Glycerol,11
20.5,B3_Glycerol,11
20.75,B3_Glycerol,11
21.0,B3_Glycerol,11
21.25,B3_Glycerol,11
21.5,B3_Glycerol,11
21.75,B3_Glycerol,11
22.0,B3_Glycerol,11
22.25,B3_Glycerol,11
22.5,B3_Glycerol,11
22.75,B3_Glycerol,11
23.0,B3_Glycerol,11
23.25,B3_Glycerol,11
23.5,B3_Glycerol,11
23.75,B3_Glycerol,11
24.0,B3_Glycerol,11
24.25,B3_Glycerol,11
24.5,B3_Glycerol,11
24.75,B3_Glycerol,11
25.0,B3_Glycerol,11
25.25,B3_Glycerol,11
25.5,B3_Glycerol,11
25.75,B3_Glycerol,11
26.0,B3_Glycerol,11
26.25,B3_Glycerol,11
26.5,B3_Glycerol,11
26.75,B3_Glycerol,11
27.0,B3_Glycerol,11
27.25,B3_Glycerol,11
27.5,B3_Glycerol,11
27.75,B3_Glycerol,11
28.0,B3_Glycerol,11
28.25,B3_Glycerol,11
28.5,B3_Glycerol,11
28.75,B3_Glycerol,11
29.0,B3_Glycerol,11
29.25,B3_Glycerol,11
29.5,B3_Glycerol,11
29.75,B3_Glycerol,11
30.0,B3_Glycerol,11
30.25,B3_Glycerol,11
30.5,B3_Glycerol,11
30.75,B3_Glycerol,11
31.0,B3_Glycerol,11
31.25,B3_Glycerol,11
31.5,B3_Glycerol,11
31.75,B3_Glycerol,11
32.0,B3_Glycerol,11
32.25,B3_Glycerol,11
32.5,B3_Glycerol,11
32.75,B3_Glycerol,11
33.0,B3_Glycerol,11
33.25,B3_Glycerol,11
33.5,B3_Glycerol,11
33.75,B3_Glycerol,11
34.0,B3_Glycerol,11
34.25,B3_Glycerol,11
34.5,B3_Glycerol,11
34.75,B3_Glycerol,11
35.0,B3_Glycerol,11
35.25,B3_Glycerol,11
35.5,B3_Glycerol,11
35.75,B3_Glycerol,11
36.0,B3_Glycerol,11
36.25,B3_Glycerol,11
36.5,B3_Glycerol,11
36.75,B3_Glycerol,11
37.0,B3_Glycerol,11
37.25,B3_Glycerol,11
37.5,B3_Glycerol,11
37.75,B3_Glycerol,11
38.0,B3_Glycerol,11
38.25,B3_Glycerol,11
38.5,B3_Glycerol,11
38.75,B3_Glycerol,12
39.0,B3_Glycerol,11
39.25,B3_Glycerol,11
39.5,B3_Glycerol,11
39.75,B3_Glycerol,12
40.0,B3_Glycerol,11
40.25,B3_Glycerol,11
40.5,B3_Glycerol,12
40.75,B3_Glycerol,11
41.0,B3_Glycerol,11
41.25,B3_Glycerol,11
41.5,B3_Glycerol,11
41.75,B3_Glycerol,11
42.0,B3_Glycerol,13
42.25,B3_Glycerol,11
42.5,B3_Glycerol,12
42.75,B3_Glycerol,11
43.0,B3_Glycerol,12
43.25,B3_Glycerol,11
43.5,B3_Glycerol,11
43.75,B3_Glycerol,11
44.0,B3_Glycerol,11
44.25,B3_Glycerol,11
44.5,B3_Glycerol,11
44.75,B3_Glycerol,11
45.0,B3_Glycerol,11
45.25,B3_Glycerol,11
45.5,B3_Glycerol,11
45.75,B3_Glycerol,12
46.0,B3_Glycerol,11
46.25,B3_Glycerol,15
46.5,B3_Glycerol,13
46.75,B3_Glycerol,13
47.0,B3_Glycerol,18
47.25,B3_Glycerol,11
47.5,B3_Glycerol,15
47.75,B3_Glycerol,12
48.0,B3_Glycerol,12
48.25,B3_Glycerol,13
0.0,B6_D-Gluconic_Acid,11
0.25,B6_D-Gluconic_Acid,11
0.5,B6_D-Gluconic_Acid,11
0.75,B6_D-Gluconic_Acid,11
1.0,B6_D-Gluconic_Acid,11
1.25,B6_D-Gluconic_Acid,11
1.5,B6_D-Gluconic_Acid,11
1.75,B6_D-Gluconic_Acid,11
2.0,B6_D-Gluconic_Acid,11
2.25,B6_D-Gluconic_Acid,11
2.5,B6_D-Gluconic_Acid,11
2.75,B6_D-Gluconic_Acid,11
3.0,B6_D-Gluconic_Acid,11
3.25,B6_D-Gluconic_Acid,11
3.5,B6_D-Gluconic_Acid,11
3.75,B6_D-Gluconic_Acid,11
4.0,B6_D-Gluconic_Acid,11
4.25,B6_D-Gluconic_Acid,11
4.5,B6_D-Gluconic_Acid,11
4.75,B6_D-Gluconic_Acid,11
5.0,B6_D-Gluconic_Acid,11
5.25,B6_D-Gluconic_Acid,11
5.5,B6_D-Gluconic_Acid,11
5.75,B6_D-Gluconic_Acid,11
6.0,B6_D-Gluconic_Acid,11
6.25,B6_D-Gluconic_Acid,11
6.5,B6_D-Gluconic_Acid,11
6.75,B6_D-Gluconic_Acid,11
7.0,B6_D-Gluconic_Acid,11
7.25,B6_D-Gluconic_Acid,11
7.5,B6_D-Gluconic_Acid,11
7.75,B6_D-Gluconic_Acid,11
8.0,B6_D-Gluconic_Acid,11
8.25,B6_D-Gluconic_Acid,11
8.5,B6_D-Gluconic_Acid,11
8.75,B6_D-Gluconic_Acid,11
9.0,B6_D-Gluconic_Acid,11
9.25,B6_D-Gluconic_Acid,11
9.5,B6_D-Gluconic_Acid,11
9.75,B6_D-Gluconic_Acid,11
10.0,B6_D-Gluconic_Acid,11
10.25,B6_D-Gluconic_Acid,11
10.5,B6_D-Gluconic_Acid,11
10.75,B6_D-Gluconic_Acid,11
11.0,B6_D-Gluconic_Acid,11
11.25,B6_D-Gluconic_Acid,11
11.5,B6_D-Gluconic_Acid,11
11.75,B6_D-Gluconic_Acid,11
12.0,B6_D-Gluconic_Acid,11
12.25,B6_D-Gluconic_Acid,11
12.5,B6_D-Gluconic_Acid,11
12.75,B6_D-Gluconic_Acid,11
13.0,B6_D-Gluconic_Acid,11
13.25,B6_D-Gluconic_Acid,11
13.5,B6_D-Gluconic_Acid,11
13.75,B6_D-Gluconic_Acid,11
14.0,B6_D-Gluconic_Acid,11
14.25,B6_D-Gluconic_Acid,11
14.5,B6_D-Gluconic_Acid,11
14.75,B6_D-Gluconic_Acid,11
15.0,B6_D-Gluconic_Acid,11
15.25,B6_D-Gluconic_Acid,11
15.5,B6_D-Gluconic_Acid,11
15.75,B6_D-Gluconic_Acid,11
16.0,B6_D-Gluconic_Acid,11
16.25,B6_D-Gluconic_Acid,11
16.5,B6_D-Gluconic_Acid,11
16.75,B6_D-Gluconic_Acid,12
17.0,B6_D-Gluconic_Acid,11
17.25,B6_D-Gluconic_Acid,11
17.5,B6_D-Gluconic_Acid,11
17.75,B6_D-Gluconic_Acid,11
18.0,B6_D-Gluconic_Acid,11
18.25,B6_D-Gluconic_Acid,14
18.5,B6_D-Gluconic_Acid,11
18.75,B6_D-Gluconic_Acid,11
19.0,B6_D-Gluconic_Acid,11
19.25,B6_D-Gluconic_Acid,13
19.5,B6_D-Gluconic_Acid,13
19.75,B6_D-Gluconic_Acid,13
20.0,B6_D-Gluconic_Acid,18
20.25,B6_D-Gluconic_Acid,15
20.5,B6_D-Gluconic_Acid,14
20.75,B6_D-Gluconic_Acid,11
21.0,B6_D-Gluconic_Acid,13
21.25,B6_D-Gluconic_Acid,15
21.5,B6_D-Gluconic_Acid,16
21.75,B6_D-Gluconic_Acid,11
22.0,B6_D-Gluconic_Acid,11
22.25,B6_D-Gluconic_Acid,15
22.5,B6_D-Gluconic_Acid,20
22.75,B6_D-Gluconic_Acid,16
23.0,B6_D-Gluconic_Acid,15
23.25,B6_D-Gluconic_Acid,18
23.5,B6_D-Gluconic_Acid,21
23.75,B6_D-Gluconic_Acid,21
24.0,B6_D-Gluconic_Acid,16
24.25,B6_D-Gluconic_Acid,20
24.5,B6_D-Gluconic_Acid,18
24.75,B6_D-Gluconic_Acid,20
25.0,B6_D-Gluconic_Acid,17
25.25,B6_D-Gluconic_Acid,21
25.5,B6_D-Gluconic_Acid,22
25.75,B6_D-Gluconic_Acid,17
26.0,B6_D-Gluconic_Acid,19
26.25,B6_D-Gluconic_Acid,21
26.5,B6_D-Gluconic_Acid,18
26.75,B6_D-Gluconic_Acid,22
27.0,B6_D-Gluconic_Acid,23
27.25,B6_D-Gluconic_Acid,23
27.5,B6_D-Gluconic_Acid,26
27.75,B6_D-Gluconic_Acid,24
28.0,B6_D-Gluconic_Acid,26
28.25,B6_D-Gluconic_Acid,25
28.5,B6_D-Gluconic_Acid,25
28.75,B6_D-Gluconic_Acid,27
29.0,B6_D-Gluconic_Acid,24
29.25,B6_D-Gluconic_Acid,29
29.5,B6_D-Gluconic_Acid,29
29.75,B6_D-Gluconic_Acid,28
30.0,B6_D-Gluconic_Acid,24
30.25,B6_D-Gluconic_Acid,29
30.5,B6_D-Gluconic_Acid,25
30.75,B6_D-Gluconic_Acid,26
31.0,B6_D-Gluconic_Acid,26
31.25,B6_D-Gluconic_Acid,26
31.5,B6_D-Gluconic_Acid,26
31.75,B6_D-Gluconic_Acid,25
32.0,B6_D-Gluconic_Acid,25
32.25,B6_D-Gluconic_Acid,30
32.5,B6_D-Gluconic_Acid,29
32.75,B6_D-Gluconic_Acid,27
33.0,B6_D-Gluconic_Acid,24
33.25,B6_D-Gluconic_Acid,23
33.5,B6_D-Gluconic_Acid,26
33.75,B6_D-Gluconic_Acid,25
34.0,B6_D-Gluconic_Acid,27
34.25,B6_D-Gluconic_Acid,18
34.5,B6_D-Gluconic_Acid,31
34.75,B6_D-Gluconic_Acid,25
35.0,B6_D-Gluconic_Acid,24
35.25,B6_D-Gluconic_Acid,31
35.5,B6_D-Gluconic_Acid,31
35.75,B6_D-Gluconic_Acid,30
36.0,B6_D-Gluconic_Acid,29
36.25,B6_D-Gluconic_Acid,23
36.5,B6_D-Gluconic_Acid,25
36.75,B6_D-Gluconic_Acid,27
37.0,B6_D-Gluconic_Acid,26
37.25,B6_D-Gluconic_Acid,26
37.5,B6_D-Gluconic_Acid,22
37.75,B6_D-Gluconic_Acid,25
38.0,B6_D-Gluconic_Acid,25
38.25,B6_D-Gluconic_Acid,23
38.5,B6_D-Gluconic_Acid,22
38.75,B6_D-Gluconic_Acid,24
39.0,B6_D-Gluconic_Acid,23
39.25,B6_D-Gluconic_Acid,27
39.5,B6_D-Gluconic_Acid,26
39.75,B6_D-Gluconic_Acid,25
40.0,B6_D-Gluconic_Acid,27
40.25,B6_D-Gluconic_Acid,28
40.5,B6_D-Gluconic_Acid,26
40.75,B6_D-Gluconic_Acid,24
41.0,B6_D-Gluconic_Acid,31
41.25,B6_D-Gluconic_Acid,28
41.5,B6_D-Gluconic_Acid,27
41.75,B6_D-Gluconic_Acid,28
42.0,B6_D-Gluconic_Acid,27
42.25,B6_D-Gluconic_Acid,28
42.5,B6_D-Gluconic_Acid,27
42.75,B6_D-Gluconic_Acid,31
43.0,B6_D-Gluconic_Acid,25
43.25,B6_D-Gluconic_Acid,33
43.5,B6_D-Gluconic_Acid,32
43.75,B6_D-Gluconic_Acid,31
44.0,B6_D-Gluconic_Acid,32
44.25,B6_D-Gluconic_Acid,31
44.5,B6_D-Gluconic_Acid,26
44.75,B6_D-Gluconic_Acid,32
45.0,B6_D-Gluconic_Acid,28
45.25,B6_D-Gluconic_Acid,27
45.5,B6_D-Gluconic_Acid,27
45.75,B6_D-Gluconic_Acid,34
46.0,B6_D-Gluconic_Acid,29
46.25,B6_D-Gluconic_Acid,32
46.5,B6_D-Gluconic_Acid,34
46.75,B6_D-Gluconic_Acid,29
47.0,B6_D-Gluconic_Acid,34
47.25,B6_D-Gluconic_Acid,34
47.5,B6_D-Gluconic_Acid,29
47.75,B6_D-Gluconic_Acid,38
48.0,B6_D-Gluconic_Acid,32
48.25,B6_D-Gluconic_Acid,38
0.0,B12_L-Glutamic_Acid,11
0.25,B12_L-Glutamic_Acid,15
0.5,B12_L-Glutamic_Acid,12
0.75,B12_L-Glutamic_Acid,11
1.0,B12_L-Glutamic_Acid,14
1.25,B12_L-Glutamic_Acid,13
1.5,B12_L-Glutamic_Acid,14
1.75,B12_L-Glutamic_Acid,12
2.0,B12_L-Glutamic_Acid,15
2.25,B12_L-Glutamic_Acid,17
2.5,B12_L-Glutamic_Acid,16
2.75,B12_L-Glutamic_Acid,15
3.0,B12_L-Glutamic_Acid,13
3.25,B12_L-Glutamic_Acid,16
3.5,B12_L-Glutamic_Acid,16
3.75,B12_L-Glutamic_Acid,17
4.0,B12_L-Glutamic_Acid,13
4.25,B12_L-Glutamic_Acid,13
4.5,B12_L-Glutamic_Acid,14
4.75,B12_L-Glutamic_Acid,12
5.0,B12_L-Glutamic_Acid,13
5.25,B12_L-Glutamic_Acid,14
5.5,B12_L-Glutamic_Acid,12
5.75,B12_L-Glutamic_Acid,11
6.0,B12_L-Glutamic_Acid,12
6.25,B12_L-Glutamic_Acid,11
6.5,B12_L-Glutamic_Acid,11
6.75,B12_L-Glutamic_Acid,16
7.0,B12_L-Glutamic_Acid,15
7.25,B12_L-Glutamic_Acid,16
7.5,B12_L-Glutamic_Acid,12
7.75,B12_L-Glutamic_Acid,11
8.0,B12_L-Glutamic_Acid,15
8.25,B12_L-Glutamic_Acid,12
8.5,B12_L-Glutamic_Acid,15
8.75,B12_L-Glutamic_Acid,14
9.0,B12_L-Glutamic_Acid,14
9.25,B12_L-Glutamic_Acid,12
9.5,B12_L-Glutamic_Acid,15
9.75,B12_L-Glutamic_Acid,15
10.0,B12_L-Glutamic_Acid,11
10.25,B12_L-Glutamic_Acid,16
10.5,B12_L-Glutamic_Acid,14
10.75,B12_L-Glutamic_Acid,16
11.0,B12_L-Glutamic_Acid,12
11.25,B12_L-Glutamic_Acid,12
11.5,B12_L-Glutamic_Acid,11
11.75,B12_L-Glutamic_Acid,12
12.0,B12_L-Glutamic_Acid,14
12.25,B12_L-Glutamic_Acid,11
12.5,B12_L-Glutamic_Acid,15
12.75,B12_L-Glutamic_Acid,13
13.0,B12_L-Glutamic_Acid,12
13.25,B12_L-Glutamic_Acid,16
13.5,B12_L-Glutamic_Acid,12
13.75,B12_L-Glutamic_Acid,13
14.0,B12_L-Glutamic_Acid,11
14.25,B12_L-Glutamic_Acid,16
14.5,B12_L-Glutamic_Acid,13
14.75,B12_L-Glutamic_Acid,12
15.0,B12_L-Glutamic_Acid,12
15.25,B12_L-Glutamic_Acid,12
15.5,B12_L-Glutamic_Acid,15
15.75,B12_L-Glutamic_Acid,11
16.0,B12_L-Glutamic_Acid,11
16.25,B12_L-Glutamic_Acid,15
16.5,B12_L-Glutamic_Acid,13
16.75,B12_L-Glutamic_Acid,11
17.0,B12_L-Glutamic_Acid,14
17.25,B12_L-Glutamic_Acid,14
17.5,B12_L-Glutamic_Acid,13
17.75,B12_L-Glutamic_Acid,11
18.0,B12_L-Glutamic_Acid,11
18.25,B12_L-Glutamic_Acid,11
18.5,B12_L-Glutamic_Acid,13
18.75,B12_L-Glutamic_Acid,13
19.0,B12_L-Glutamic_Acid,14
19.25,B12_L-Glutamic_Acid,11
19.5,B12_L-Glutamic_Acid,11
19.75,B12_L-Glutamic_Acid,14
20.0,B12_L-Glutamic_Acid,12
20.25,B12_L-Glutamic_Acid,11
20.5,B12_L-Glutamic_Acid,13
20.75,B12_L-Glutamic_Acid,11
21.0,B12_L-Glutamic_Acid,11
21.25,B12_L-Glutamic_Acid,11
21.5,B12_L-Glutamic_Acid,14
21.75,B12_L-Glutamic_Acid,14
22.0,B12_L-Glutamic_Acid,11
22.25,B12_L-Glutamic_Acid,11
22.5,B12_L-Glutamic_Acid,15
22.75,B12_L-Glutamic_Acid,11
23.0,B12_L-Glutamic_Acid,11
23.25,B12_L-Glutamic_Acid,11
23.5,B12_L-Glutamic_Acid,12
23.75,B12_L-Glutamic_Acid,14
24.0,B12_L-Glutamic_Acid,11
24.25,B12_L-Glutamic_Acid,11
24.5,B12_L-Glutamic_Acid,11
24.75,B12_L-Glutamic_Acid,11
25.0,B12_L-Glutamic_Acid,11
25.25,B12_L-Glutamic_Acid,12
25.5,B12_L-Glutamic_Acid,13
25.75,B12_L-Glutamic_Acid,11
26.0,B12_L-Glutamic_Acid,11
26.25,B12_L-Glutamic_Acid,11
26.5,B12_L-Glutamic_Acid,11
26.75,B12_L-Glutamic_Acid,11
27.0,B12_L-Glutamic_Acid,11
27.25,B12_L-Glutamic_Acid,13
27.5,B12_L-Glutamic_Acid,11
27.75,B12_L-Glutamic_Acid,11
28.0,B12_L-Glutamic_Acid,11
28.25,B12_L-Glutamic_Acid,13
28.5,B12_L-Glutamic_Acid,14
28.75,B12_L-Glutamic_Acid,16
29.0,B12_L-Glutamic_Acid,11
29.25,B12_L-Glutamic_Acid,13
29.5,B12_L-Glutamic_Acid,11
29.75,B12_L-Glutamic_Acid,11
30.0,B12_L-Glutamic_Acid,12
30.25,B12_L-Glutamic_Acid,11
30.5,B12_L-Glutamic_Acid,13
30.75,B12_L-Glutamic_Acid,18
31.0,B12_L-Glutamic_Acid,11
31.25,B12_L-Glutamic_Acid,11
31.5,B12_L-Glutamic_Acid,12
31.75,B12_L-Glutamic_Acid,14
32.0,B12_L-Glutamic_Acid,11
32.25,B12_L-Glutamic_Acid,15
32.5,B12_L-Glutamic_Acid,11
32.75,B12_L-Glutamic_Acid,11
33.0,B12_L-Glutamic_Acid,14
33.25,B12_L-Glutamic_Acid,11
33.5,B12_L-Glutamic_Acid,13
33.75,B12_L-Glutamic_Acid,12
34.0,B12_L-Glutamic_Acid,16
34.25,B12_L-Glutamic_Acid,13
34.5,B12_L-Glutamic_Acid,13
34.75,B12_L-Glutamic_Acid,11
35.0,B12_L-Glutamic_Acid,11
35.25,B12_L-Glutamic_Acid,12
35.5,B12_L-Glutamic_Acid,13
35.75,B12_L-Glutamic_Acid,11
36.0,B12_L-Glutamic_Acid,14
36.25,B12_L-Glutamic_Acid,13
36.5,B12_L-Glutamic_Acid,12
36.75,B12_L-Glutamic_Acid,15
37.0,B12_L-Glutamic_Acid,14
37.25,B12_L-Glutamic_Acid,13
37.5,B12_L-Glutamic_Acid,12
37.75,B12_L-Glutamic_Acid,11
38.0,B12_L-Glutamic_Acid,14
38.25,B12_L-Glutamic_Acid,17
38.5,B12_L-Glutamic_Acid,15
38.75,B12_L-Glutamic_Acid,12
39.0,B12_L-Glutamic_Acid,16
39.25,B12_L-Glutamic_Acid,15
39.5,B12_L-Glutamic_Acid,13
39.75,B12_L-Glutamic_Acid,20
40.0,B12_L-Glutamic_Acid,11
40.25,B12_L-Glutamic_Acid,11
40.5,B12_L-Glutamic_Acid,15
40.75,B12_L-Glutamic_Acid,11
41.0,B12_L-Glutamic_Acid,15
41.25,B12_L-Glutamic_Acid,12
41.5,B12_L-Glutamic_Acid,17
41.75,B12_L-Glutamic_Acid,11
42.0,B12_L-Glutamic_Acid,11
42.25,B12_L-Glutamic_Acid,14
42.5,B12_L-Glutamic_Acid,11
42.75,B12_L-Glutamic_Acid,14
43.0,B12_L-Glutamic_Acid,12
43.25,B12_L-Glutamic_Acid,15
43.5,B12_L-Glutamic_Acid,12
43.75,B12_L-Glutamic_Acid,16
44.0,B12_L-Glutamic_Acid,13
44.25,B12_L-Glutamic_Acid,15
44.5,B12_L-Glutamic_Acid,14
44.75,B12_L-Glutamic_Acid,14
45.0,B12_L-Glutamic_Acid,12
45.25,B12_L-Glutamic_Acid,12
45.5,B12_L-Glutamic_Acid,17
45.75,B12_L-Glutamic_Acid,15
46.0,B12_L-Glutamic_Acid,13
46.25,B12_L-Glutamic_Acid,14
46.5,B12_L-Glutamic_Acid,18
46.75,B12_L-Glutamic_Acid,16
47.0,B12_L-Glutamic_Acid,17
47.25,B12_L-Glutamic_Acid,13
47.5,B12_L-Glutamic_Acid,19
47.75,B12_L-Glutamic_Acid,16
48.0,B12_L-Glutamic_Acid,18
48.25,B12_L-Glutamic_Acid,18
0.0,C3_D-L-Malic_Acid,11
0.25,C3_D-L-Malic_Acid,11
0.5,C3_D-L-Malic_Acid,11
0.75,C3_D-L-Malic_Acid,11
1.0,C3_D-L-Malic_Acid,11
1.25,C3_D-L-Malic_Acid,11
1.5,C3_D-L-Malic_Acid,11
1.75,C3_D-L-Malic_Acid,11
2.0,C3_D-L-Malic_Acid,11
2.25,C3_D-L-Malic_Acid,11
2.5,C3_D-L-Malic_Acid,11
2.75,C3_D-L-Malic_Acid,11
3.0,C3_D-L-Malic_Acid,11
3.25,C3_D-L-Malic_Acid,11
3.5,C3_D-L-Malic_Acid,11
3.75,C3_D-L-Malic_Acid,11
4.0,C3_D-L-Malic_Acid,11
4.25,C3_D-L-Malic_Acid,11
4.5,C3_D-L-Malic_Acid,11
4.75,C3_D-L-Malic_Acid,11
5.0,C3_D-L-Malic_Acid,11
5.25,C3_D-L-Malic_Acid,11
5.5,C3_D-L-Malic_Acid,11
5.75,C3_D-L-Malic_Acid,11
6.0,C3_D-L-Malic_Acid,11
6.25,C3_D-L-Malic_Acid,11
6.5,C3_D-L-Malic_Acid,11
6.75,C3_D-L-Malic_Acid,11
7.0,C3_D-L-Malic_Acid,11
7.25,C3_D-L-Malic_Acid,11
7.5,C3_D-L-Malic_Acid,11
7.75,C3_D-L-Malic_Acid,11
8.0,C3_D-L-Malic_Acid,11
8.25,C3_D-L-Malic_Acid,11
8.5,C3_D-L-Malic_Acid,11
8.75,C3_D-L-Malic_Acid,11
9.0,C3_D-L-Malic_Acid,11
9.25,C3_D-L-Malic_Acid,11
9.5,C3_D-L-Malic_Acid,11
9.75,C3_D-L-Malic_Acid,11
10.0,C3_D-L-Malic_Acid,11
10.25,C3_D-L-Malic_Acid,11
10.5,C3_D-L-Malic_Acid,11
10.75,C3_D-L-Malic_Acid,11
11.0,C3_D-L-Malic_Acid,11
11.25,C3_D-L-Malic_Acid,11
11.5,C3_D-L-Malic_Acid,11
11.75,C3_D-L-Malic_Acid,11
12.0,C3_D-L-Malic_Acid,11
12.25,C3_D-L-Malic_Acid,11
12.5,C3_D-L-Malic_Acid,11
12.75,C3_D-L-Malic_Acid,11
13.0,C3_D-L-Malic_Acid,11
13.25,C3_D-L-Malic_Acid,11
13.5,C3_D-L-Malic_Acid,11
13.75,C3_D-L-Malic_Acid,11
14.0,C3_D-L-Malic_Acid,11
14.25,C3_D-L-Malic_Acid,11
14.5,C3_D-L-Malic_Acid,11
14.75,C3_D-L-Malic_Acid,11
15.0,C3_D-L-Malic_Acid,11
15.25,C3_D-L-Malic_Acid,11
15.5,C3_D-L-Malic_Acid,11
15.75,C3_D-L-Malic_Acid,11
16.0,C3_D-L-Malic_Acid,11
16.25,C3_D-L-Malic_Acid,11
16.5,C3_D-L-Malic_Acid,11
16.75,C3_D-L-Malic_Acid,11
17.0,C3_D-L-Malic_Acid,11
17.25,C3_D-L-Malic_Acid,11
17.5,C3_D-L-Malic_Acid,11
17.75,C3_D-L-Malic_Acid,11
18.0,C3_D-L-Malic_Acid,11
18.25,C3_D-L-Malic_Acid,11
18.5,C3_D-L-Malic_Acid,11
18.75,C3_D-L-Malic_Acid,11
19.0,C3_D-L-Malic_Acid,11
19.25,C3_D-L-Malic_Acid,11
19.5,C3_D-L-Malic_Acid,11
19.75,C3_D-L-Malic_Acid,11
20.0,C3_D-L-Malic_Acid,11
20.25,C3_D-L-Malic_Acid,12
20.5,C3_D-L-Malic_Acid,11
20.75,C3_D-L-Malic_Acid,11
21.0,C3_D-L-Malic_Acid,11
21.25,C3_D-L-Malic_Acid,11
21.5,C3_D-L-Malic_Acid,12
21.75,C3_D-L-Malic_Acid,11
22.0,C3_D-L-Malic_Acid,11
22.25,C3_D-L-Malic_Acid,11
22.5,C3_D-L-Malic_Acid,11
22.75,C3_D-L-Malic_Acid,11
23.0,C3_D-L-Malic_Acid,11
23.25,C3_D-L-Malic_Acid,11
23.5,C3_D-L-Malic_Acid,11
23.75,C3_D-L-Malic_Acid,11
24.0,C3_D-L-Malic_Acid,11
24.25,C3_D-L-Malic_Acid,11
24.5,C3_D-L-Malic_Acid,11
24.75,C3_D-L-Malic_Acid,11
25.0,C3_D-L-Malic_Acid,11
25.25,C3_D-L-Malic_Acid,11
25.5,C3_D-L-Malic_Acid,11
25.75,C3_D-L-Malic_Acid,11
26.0,C3_D-L-Malic_Acid,11
26.25,C3_D-L-Malic_Acid,11
26.5,C3_D-L-Malic_Acid,11
26.75,C3_D-L-Malic_Acid,11
27.0,C3_D-L-Malic_Acid,11
27.25,C3_D-L-Malic_Acid,11
27.5,C3_D-L-Malic_Acid,12
27.75,C3_D-L-Malic_Acid,11
28.0,C3_D-L-Malic_Acid,11
28.25,C3_D-L-Malic_Acid,11
28.5,C3_D-L-Malic_Acid,11
28.75,C3_D-L-Malic_Acid,11
29.0,C3_D-L-Malic_Acid,11
29.25,C3_D-L-Malic_Acid,11
29.5,C3_D-L-Malic_Acid,11
29.75,C3_D-L-Malic_Acid,11
30.0,C3_D-L-Malic_Acid,11
30.25,C3_D-L-Malic_Acid,11
30.5,C3_D-L-Malic_Acid,11
30.75,C3_D-L-Malic_Acid,11
31.0,C3_D-L-Malic_Acid,11
31.25,C3_D-L-Malic_Acid,11
31.5,C3_D-L-Malic_Acid,11
31.75,C3_D-L-Malic_Acid,11
32.0,C3_D-L-Malic_Acid,11
32.25,C3_D-L-Malic_Acid,11
32.5,C3_D-L-Malic_Acid,11
32.75,C3_D-L-Malic_Acid,11
33.0,C3_D-L-Malic_Acid,11
33.25,C3_D-L-Malic_Acid,11
33.5,C3_D-L-Malic_Acid,11
33.75,C3_D-L-Malic_Acid,11
34.0,C3_D-L-Malic_Acid,12
34.25,C3_D-L-Malic_Acid,11
34.5,C3_D-L-Malic_Acid,11
34.75,C3_D-L-Malic_Acid,11
35.0,C3_D-L-Malic_Acid,11
35.25,C3_D-L-Malic_Acid,11
35.5,C3_D-L-Malic_Acid,11
35.75,C3_D-L-Malic_Acid,11
36.0,C3_D-L-Malic_Acid,11
36.25,C3_D-L-Malic_Acid,11
36.5,C3_D-L-Malic_Acid,11
36.75,C3_D-L-Malic_Acid,11
37.0,C3_D-L-Malic_Acid,11
37.25,C3_D-L-Malic_Acid,11
37.5,C3_D-L-Malic_Acid,13
37.75,C3_D-L-Malic_Acid,11
38.0,C3_D-L-Malic_Acid,11
38.25,C3_D-L-Malic_Acid,11
38.5,C3_D-L-Malic_Acid,11
38.75,C3_D-L-Malic_Acid,11
39.0,C3_D-L-Malic_Acid,12
39.25,C3_D-L-Malic_Acid,14
39.5,C3_D-L-Malic_Acid,12
39.75,C3_D-L-Malic_Acid,13
40.0,C3_D-L-Malic_Acid,14
40.25,C3_D-L-Malic_Acid,12
40.5,C3_D-L-Malic_Acid,14
40.75,C3_D-L-Malic_Acid,11
41.0,C3_D-L-Malic_Acid,15
41.25,C3_D-L-Malic_Acid,12
41.5,C3_D-L-Malic_Acid,11
41.75,C3_D-L-Malic_Acid,12
42.0,C3_D-L-Malic_Acid,12
42.25,C3_D-L-Malic_Acid,12
42.5,C3_D-L-Malic_Acid,14
42.75,C3_D-L-Malic_Acid,19
43.0,C3_D-L-Malic_Acid,16
43.25,C3_D-L-Malic_Acid,13
43.5,C3_D-L-Malic_Acid,14
43.75,C3_D-L-Malic_Acid,14
44.0,C3_D-L-Malic_Acid,13
44.25,C3_D-L-Malic_Acid,17
44.5,C3_D-L-Malic_Acid,16
44.75,C3_D-L-Malic_Acid,14
45.0,C3_D-L-Malic_Acid,13
45.25,C3_D-L-Malic_Acid,13
45.5,C3_D-L-Malic_Acid,18
45.75,C3_D-L-Malic_Acid,11
46.0,C3_D-L-Malic_Acid,14
46.25,C3_D-L-Malic_Acid,13
46.5,C3_D-L-Malic_Acid,17
46.75,C3_D-L-Malic_Acid,18
47.0,C3_D-L-Malic_Acid,15
47.25,C3_D-L-Malic_Acid,16
47.5,C3_D-L-Malic_Acid,12
47.75,C3_D-L-Malic_Acid,17
48.0,C3_D-L-Malic_Acid,16
48.25,C3_D-L-Malic_Acid,16
0.0,C10_Maltose,11
0.25,C10_Maltose,11
0.5,C10_Maltose,11
0.75,C10_Maltose,11
1.0,C10_Maltose,11
1.25,C10_Maltose,11
1.5,C10_Maltose,11
1.75,C10_Maltose,11
2.0,C10_Maltose,11
2.25,C10_Maltose,11
2.5,C10_Maltose,11
2.75,C10_Maltose,11
3.0,C10_Maltose,11
3.25,C10_Maltose,11
3.5,C10_Maltose,11
3.75,C10_Maltose,11
4.0,C10_Maltose,11
4.25,C10_Maltose,11
4.5,C10_Maltose,11
4.75,C10_Maltose,12
5.0,C10_Maltose,11
5.25,C10_Maltose,11
5.5,C10_Maltose,11
5.75,C10_Maltose,11
6.0,C10_Maltose,11
6.25,C10_Maltose,11
6.5,C10_Maltose,11
6.75,C10_Maltose,11
7.0,C10_Maltose,11
7.25,C10_Maltose,11
7.5,C10_Maltose,11
7.75,C10_Maltose,11
8.0,C10_Maltose,11
8.25,C10_Maltose,11
8.5,C10_Maltose,11
8.75,C10_Maltose,11
9.0,C10_Maltose,11
9.25,C10_Maltose,11
9.5,C10_Maltose,11
9.75,C10_Maltose,11
10.0,C10_Maltose,11
10.25,C10_Maltose,11
10.5,C10_Maltose,11
10.75,C10_Maltose,11
11.0,C10_Maltose,11
11.25,C10_Maltose,11
11.5,C10_Maltose,11
11.75,C10_Maltose,11
12.0,C10_Maltose,11
12.25,C10_Maltose,11
12.5,C10_Maltose,11
12.75,C10_Maltose,11
13.0,C10_Maltose,11
13.25,C10_Maltose,11
13.5,C10_Maltose,11
13.75,C10_Maltose,11
14.0,C10_Maltose,11
14.25,C10_Maltose,11
14.5,C10_Maltose,11
14.75,C10_Maltose,11
15.0,C10_Maltose,11
15.25,C10_Maltose,11
15.5,C10_Maltose,11
15.75,C10_Maltose,13
16.0,C10_Maltose,11
16.25,C10_Maltose,12
16.5,C10_Maltose,11
16.75,C10_Maltose,12
17.0,C10_Maltose,17
17.25,C10_Maltose,13
17.5,C10_Maltose,11
17.75,C10_Maltose,15
18.0,C10_Maltose,14
18.25,C10_Maltose,15
18.5,C10_Maltose,12
18.75,C10_Maltose,14
19.0,C10_Maltose,17
19.25,C10_Maltose,17
19.5,C10_Maltose,16
19.75,C10_Maltose,11
20.0,C10_Maltose,21
20.25,C10_Maltose,22
20.5,C10_Maltose,21
20.75,C10_Maltose,16
21.0,C10_Maltose,23
21.25,C10_Maltose,17
21.5,C10_Maltose,17
21.75,C10_Maltose,16
22.0,C10_Maltose,21
22.25,C10_Maltose,23
22.5,C10_Maltose,25
22.75,C10_Maltose,24
23.0,C10_Maltose,28
23.25,C10_Maltose,27
23.5,C10_Maltose,26
23.75,C10_Maltose,23
24.0,C10_Maltose,29
24.25,C10_Maltose,26
24.5,C10_Maltose,24
24.75,C10_Maltose,26
25.0,C10_Maltose,26
25.25,C10_Maltose,30
25.5,C10_Maltose,28
25.75,C10_Maltose,30
26.0,C10_Maltose,29
26.25,C10_Maltose,30
26.5,C10_Maltose,27
26.75,C10_Maltose,30
27.0,C10_Maltose,30
27.25,C10_Maltose,32
27.5,C10_Maltose,36
27.75,C10_Maltose,35
28.0,C10_Maltose,35
28.25,C10_Maltose,36
28.5,C10_Maltose,39
28.75,C10_Maltose,36
29.0,C10_Maltose,38
29.25,C10_Maltose,34
29.5,C10_Maltose,35
29.75,C10_Maltose,34
30.0,C10_Maltose,36
30.25,C10_Maltose,37
30.5,C10_Maltose,36
30.75,C10_Maltose,35
31.0,C10_Maltose,38
31.25,C10_Maltose,44
31.5,C10_Maltose,40
31.75,C10_Maltose,42
32.0,C10_Maltose,45
32.25,C10_Maltose,38
32.5,C10_Maltose,39
32.75,C10_Maltose,47
33.0,C10_Maltose,43
33.25,C10_Maltose,46
33.5,C10_Maltose,42
33.75,C10_Maltose,46
34.0,C10_Maltose,47
34.25,C10_Maltose,44
34.5,C10_Maltose,45
34.75,C10_Maltose,45
35.0,C10_Maltose,42
35.25,C10_Maltose,49
35.5,C10_Maltose,50
35.75,C10_Maltose,50
36.0,C10_Maltose,46
36.25,C10_Maltose,55
36.5,C10_Maltose,49
36.75,C10_Maltose,51
37.0,C10_Maltose,51
37.25,C10_Maltose,49
37.5,C10_Maltose,53
37.75,C10_Maltose,55
38.0,C10_Maltose,52
38.25,C10_Maltose,53
38.5,C10_Maltose,57
38.75,C10_Maltose,55
39.0,C10_Maltose,61
39.25,C10_Maltose,60
39.5,C10_Maltose,61
39.75,C10_Maltose,57
40.0,C10_Maltose,56
40.25,C10_Maltose,58
40.5,C10_Maltose,60
40.75,C10_Maltose,57
41.0,C10_Maltose,62
41.25,C10_Maltose,63
41.5,C10_Maltose,65
41.75,C10_Maltose,63
42.0,C10_Maltose,71
42.25,C10_Maltose,67
42.5,C10_Maltose,66
42.75,C10_Maltose,72
43.0,C10_Maltose,63
43.25,C10_Maltose,65
43.5,C10_Maltose,70
43.75,C10_Maltose,68
44.0,C10_Maltose,64
44.25,C10_Maltose,69
44.5,C10_Maltose,69
44.75,C10_Maltose,68
45.0,C10_Maltose,66
45.25,C10_Maltose,78
45.5,C10_Maltose,76
45.75,C10_Maltose,71
46.0,C10_Maltose,74
46.25,C10_Maltose,71
46.5,C10_Maltose,78
46.75,C10_Maltose,74
47.0,C10_Maltose,74
47.25,C10_Maltose,73
47.5,C10_Maltose,75
47.75,C10_Maltose,82
48.0,C10_Maltose,78
48.25,C10_Maltose,77
0.0,D-1_L-Asparagine,19
0.25,D-1_L-Asparagine,17
0.5,D-1_L-Asparagine,14
0.75,D-1_L-Asparagine,15
1.0,D-1_L-Asparagine,17
1.25,D-1_L-Asparagine,15
1.5,D-1_L-Asparagine,21
1.75,D-1_L-Asparagine,13
2.0,D-1_L-Asparagine,12
2.25,D-1_L-Asparagine,14
2.5,D-1_L-Asparagine,17
2.75,D-1_L-Asparagine,16
3.0,D-1_L-Asparagine,12
3.25,D-1_L-Asparagine,18
3.5,D-1_L-Asparagine,17
3.75,D-1_L-Asparagine,16
4.0,D-1_L-Asparagine,16
4.25,D-1_L-Asparagine,15
4.5,D-1_L-Asparagine,12
4.75,D-1_L-Asparagine,14
5.0,D-1_L-Asparagine,14
5.25,D-1_L-Asparagine,12
5.5,D-1_L-Asparagine,11
5.75,D-1_L-Asparagine,12
6.0,D-1_L-Asparagine,15
6.25,D-1_L-Asparagine,18
6.5,D-1_L-Asparagine,13
6.75,D-1_L-Asparagine,13
7.0,D-1_L-Asparagine,15
7.25,D-1_L-Asparagine,14
7.5,D-1_L-Asparagine,14
7.75,D-1_L-Asparagine,15
8.0,D-1_L-Asparagine,13
8.25,D-1_L-Asparagine,13
8.5,D-1_L-Asparagine,16
8.75,D-1_L-Asparagine,16
9.0,D-1_L-Asparagine,17
9.25,D-1_L-Asparagine,15
9.5,D-1_L-Asparagine,16
9.75,D-1_L-Asparagine,15
10.0,D-1_L-Asparagine,13
10.25,D-1_L-Asparagine,13
10.5,D-1_L-Asparagine,16
10.75,D-1_L-Asparagine,16
11.0,D-1_L-Asparagine,16
11.25,D-1_L-Asparagine,14
11.5,D-1_L-Asparagine,15
11.75,D-1_L-Asparagine,13
12.0,D-1_L-Asparagine,17
12.25,D-1_L-Asparagine,14
12.5,D-1_L-Asparagine,13
12.75,D-1_L-Asparagine,14
13.0,D-1_L-Asparagine,13
13.25,D-1_L-Asparagine,14
13.5,D-1_L-Asparagine,14
13.75,D-1_L-Asparagine,16
14.0,D-1_L-Asparagine,12
14.25,D-1_L-Asparagine,20
14.5,D-1_L-Asparagine,15
14.75,D-1_L-Asparagine,14
15.0,D-1_L-Asparagine,17
15.25,D-1_L-Asparagine,11
15.5,D-1_L-Asparagine,17
15.75,D-1_L-Asparagine,16
16.0,D-1_L-Asparagine,16
16.25,D-1_L-Asparagine,15
16.5,D-1_L-Asparagine,16
16.75,D-1_L-Asparagine,15
17.0,D-1_L-Asparagine,16
17.25,D-1_L-Asparagine,14
17.5,D-1_L-Asparagine,12
17.75,D-1_L-Asparagine,15
18.0,D-1_L-Asparagine,15
18.25,D-1_L-Asparagine,13
18.5,D-1_L-Asparagine,11
18.75,D-1_L-Asparagine,14
19.0,D-1_L-Asparagine,18
19.25,D-1_L-Asparagine,16
19.5,D-1_L-Asparagine,13
19.75,D-1_L-Asparagine,17
20.0,D-1_L-Asparagine,17
20.25,D-1_L-Asparagine,16
20.5,D-1_L-Asparagine,18
20.75,D-1_L-Asparagine,16
21.0,D-1_L-Asparagine,17
21.25,D-1_L-Asparagine,19
21.5,D-1_L-Asparagine,20
21.75,D-1_L-Asparagine,16
22.0,D-1_L-Asparagine,19
22.25,D-1_L-Asparagine,16
22.5,D-1_L-Asparagine,17
22.75,D-1_L-Asparagine,17
23.0,D-1_L-Asparagine,19
23.25,D-1_L-Asparagine,14
23.5,D-1_L-Asparagine,15
23.75,D-1_L-Asparagine,16
24.0,D-1_L-Asparagine,20
24.25,D-1_L-Asparagine,14
24.5,D-1_L-Asparagine,15
24.75,D-1_L-Asparagine,16
25.0,D-1_L-Asparagine,19
25.25,D-1_L-Asparagine,15
25.5,D-1_L-Asparagine,16
25.75,D-1_L-Asparagine,15
26.0,D-1_L-Asparagine,16
26.25,D-1_L-Asparagine,16
26.5,D-1_L-Asparagine,15
26.75,D-1_L-Asparagine,18
27.0,D-1_L-Asparagine,13
27.25,D-1_L-Asparagine,15
27.5,D-1_L-Asparagine,16
27.75,D-1_L-Asparagine,17
28.0,D-1_L-Asparagine,20
28.25,D-1_L-Asparagine,18
28.5,D-1_L-Asparagine,20
28.75,D-1_L-Asparagine,18
29.0,D-1_L-Asparagine,19
29.25,D-1_L-Asparagine,15
29.5,D-1_L-Asparagine,16
29.75,D-1_L-Asparagine,15
30.0,D-1_L-Asparagine,17
30.25,D-1_L-Asparagine,16
30.5,D-1_L-Asparagine,16
30.75,D-1_L-Asparagine,15
31.0,D-1_L-Asparagine,17
31.25,D-1_L-Asparagine,16
31.5,D-1_L-Asparagine,17
31.75,D-1_L-Asparagine,19
32.0,D-1_L-Asparagine,14
32.25,D-1_L-Asparagine,16
32.5,D-1_L-Asparagine,16
32.75,D-1_L-Asparagine,17
33.0,D-1_L-Asparagine,12
33.25,D-1_L-Asparagine,17
33.5,D-1_L-Asparagine,19
33.75,D-1_L-Asparagine,18
34.0,D-1_L-Asparagine,17
34.25,D-1_L-Asparagine,14
34.5,D-1_L-Asparagine,14
34.75,D-1_L-Asparagine,16
35.0,D-1_L-Asparagine,14
35.25,D-1_L-Asparagine,20
35.5,D-1_L-Asparagine,17
35.75,D-1_L-Asparagine,18
36.0,D-1_L-Asparagine,18
36.25,D-1_L-Asparagine,17
36.5,D-1_L-Asparagine,23
36.75,D-1_L-Asparagine,16
37.0,D-1_L-Asparagine,20
37.25,D-1_L-Asparagine,17
37.5,D-1_L-Asparagine,15
37.75,D-1_L-Asparagine,20
38.0,D-1_L-Asparagine,14
38.25,D-1_L-Asparagine,21
38.5,D-1_L-Asparagine,19
38.75,D-1_L-Asparagine,21
39.0,D-1_L-Asparagine,18
39.25,D-1_L-Asparagine,21
39.5,D-1_L-Asparagine,23
39.75,D-1_L-Asparagine,18
40.0,D-1_L-Asparagine,21
40.25,D-1_L-Asparagine,16
40.5,D-1_L-Asparagine,21
40.75,D-1_L-Asparagine,19
41.0,D-1_L-Asparagine,17
41.25,D-1_L-Asparagine,17
41.5,D-1_L-Asparagine,19
41.75,D-1_L-Asparagine,21
42.0,D-1_L-Asparagine,18
42.25,D-1_L-Asparagine,21
42.5,D-1_L-Asparagine,15
42.75,D-1_L-Asparagine,23
43.0,D-1_L-Asparagine,16
43.25,D-1_L-Asparagine,19
43.5,D-1_L-Asparagine,24
43.75,D-1_L-Asparagine,22
44.0,D-1_L-Asparagine,20
44.25,D-1_L-Asparagine,20
44.5,D-1_L-Asparagine,20
44.75,D-1_L-Asparagine,20
45.0,D-1_L-Asparagine,22
45.25,D-1_L-Asparagine,24
45.5,D-1_L-Asparagine,25
45.75,D-1_L-Asparagine,25
46.0,D-1_L-Asparagine,20
46.25,D-1_L-Asparagine,22
46.5,D-1_L-Asparagine,27
46.75,D-1_L-Asparagine,24
47.0,D-1_L-Asparagine,26
47.25,D-1_L-Asparagine,25
47.5,D-1_L-Asparagine,26
47.75,D-1_L-Asparagine,26
48.0,D-1_L-Asparagine,22
48.25,D-1_L-Asparagine,25
0.0,D3_D-Glucosaminic_Acid,11
0.25,D3_D-Glucosaminic_Acid,11
0.5,D3_D-Glucosaminic_Acid,11
0.75,D3_D-Glucosaminic_Acid,11
1.0,D3_D-Glucosaminic_Acid,11
1.25,D3_D-Glucosaminic_Acid,11
1.5,D3_D-Glucosaminic_Acid,11
1.75,D3_D-Glucosaminic_Acid,11
2.0,D3_D-Glucosaminic_Acid,11
2.25,D3_D-Glucosaminic_Acid,11
2.5,D3_D-Glucosaminic_Acid,11
2.75,D3_D-Glucosaminic_Acid,11
3.0,D3_D-Glucosaminic_Acid,11
3.25,D3_D-Glucosaminic_Acid,11
3.5,D3_D-Glucosaminic_Acid,11
3.75,D3_D-Glucosaminic_Acid,11
4.0,D3_D-Glucosaminic_Acid,11
4.25,D3_D-Glucosaminic_Acid,11
4.5,D3_D-Glucosaminic_Acid,11
4.75,D3_D-Glucosaminic_Acid,11
5.0,D3_D-Glucosaminic_Acid,11
5.25,D3_D-Glucosaminic_Acid,11
5.5,D3_D-Glucosaminic_Acid,11
5.75,D3_D-Glucosaminic_Acid,11
6.0,D3_D-Glucosaminic_Acid,11
6.25,D3_D-Glucosaminic_Acid,11
6.5,D3_D-Glucosaminic_Acid,11
6.75,D3_D-Glucosaminic_Acid,11
7.0,D3_D-Glucosaminic_Acid,11
7.25,D3_D-Glucosaminic_Acid,11
7.5,D3_D-Glucosaminic_Acid,11
7.75,D3_D-Glucosaminic_Acid,11
8.0,D3_D-Glucosaminic_Acid,11
8.25,D3_D-Glucosaminic_Acid,11
8.5,D3_D-Glucosaminic_Acid,11
8.75,D3_D-Glucosaminic_Acid,11
9.0,D3_D-Glucosaminic_Acid,11
9.25,D3_D-Glucosaminic_Acid,11
9.5,D3_D-Glucosaminic_Acid,11
9.75,D3_D-Glucosaminic_Acid,11
10.0,D3_D-Glucosaminic_Acid,11
10.25,D3_D-Glucosaminic_Acid,11
10.5,D3_D-Glucosaminic_Acid,11
10.75,D3_D-Glucosaminic_Acid,11
11.0,D3_D-Glucosaminic_Acid,11
11.25,D3_D-Glucosaminic_Acid,11
11.5,D3_D-Glucosaminic_Acid,11
11.75,D3_D-Glucosaminic_Acid,11
12.0,D3_D-Glucosaminic_Acid,11
12.25,D3_D-Glucosaminic_Acid,11
12.5,D3_D-Glucosaminic_Acid,11
12.75,D3_D-Glucosaminic_Acid,11
13.0,D3_D-Glucosaminic_Acid,11
13.25,D3_D-Glucosaminic_Acid,12
13.5,D3_D-Glucosaminic_Acid,11
13.75,D3_D-Glucosaminic_Acid,11
14.0,D3_D-Glucosaminic_Acid,11
14.25,D3_D-Glucosaminic_Acid,11
14.5,D3_D-Glucosaminic_Acid,11
14.75,D3_D-Glucosaminic_Acid,11
15.0,D3_D-Glucosaminic_Acid,11
15.25,D3_D-Glucosaminic_Acid,11
15.5,D3_D-Glucosaminic_Acid,11
15.75,D3_D-Glucosaminic_Acid,11
16.0,D3_D-Glucosaminic_Acid,11
16.25,D3_D-Glucosaminic_Acid,11
16.5,D3_D-Glucosaminic_Acid,11
16.75,D3_D-Glucosaminic_Acid,11
17.0,D3_D-Glucosaminic_Acid,13
17.25,D3_D-Glucosaminic_Acid,11
17.5,D3_D-Glucosaminic_Acid,11
17.75,D3_D-Glucosaminic_Acid,11
18.0,D3_D-Glucosaminic_Acid,11
18.25,D3_D-Glucosaminic_Acid,11
18.5,D3_D-Glucosaminic_Acid,11
18.75,D3_D-Glucosaminic_Acid,11
19.0,D3_D-Glucosaminic_Acid,11
19.25,D3_D-Glucosaminic_Acid,13
19.5,D3_D-Glucosaminic_Acid,11
19.75,D3_D-Glucosaminic_Acid,11
20.0,D3_D-Glucosaminic_Acid,11
20.25,D3_D-Glucosaminic_Acid,11
20.5,D3_D-Glucosaminic_Acid,11
20.75,D3_D-Glucosaminic_Acid,11
21.0,D3_D-Glucosaminic_Acid,11
21.25,D3_D-Glucosaminic_Acid,11
21.5,D3_D-Glucosaminic_Acid,11
21.75,D3_D-Glucosaminic_Acid,11
22.0,D3_D-Glucosaminic_Acid,11
22.25,D3_D-Glucosaminic_Acid,11
22.5,D3_D-Glucosaminic_Acid,12
22.75,D3_D-Glucosaminic_Acid,11
23.0,D3_D-Glucosaminic_Acid,11
23.25,D3_D-Glucosaminic_Acid,11
23.5,D3_D-Glucosaminic_Acid,13
23.75,D3_D-Glucosaminic_Acid,12
24.0,D3_D-Glucosaminic_Acid,11
24.25,D3_D-Glucosaminic_Acid,12
24.5,D3_D-Glucosaminic_Acid,12
24.75,D3_D-Glucosaminic_Acid,12
25.0,D3_D-Glucosaminic_Acid,11
25.25,D3_D-Glucosaminic_Acid,11
25.5,D3_D-Glucosaminic_Acid,11
25.75,D3_D-Glucosaminic_Acid,11
26.0,D3_D-Glucosaminic_Acid,11
26.25,D3_D-Glucosaminic_Acid,15
26.5,D3_D-Glucosaminic_Acid,15
26.75,D3_D-Glucosaminic_Acid,11
27.0,D3_D-Glucosaminic_Acid,11
27.25,D3_D-Glucosaminic_Acid,12
27.5,D3_D-Glucosaminic_Acid,11
27.75,D3_D-Glucosaminic_Acid,11
28.0,D3_D-Glucosaminic_Acid,12
28.25,D3_D-Glucosaminic_Acid,11
28.5,D3_D-Glucosaminic_Acid,12
28.75,D3_D-Glucosaminic_Acid,12
29.0,D3_D-Glucosaminic_Acid,14
29.25,D3_D-Glucosaminic_Acid,14
29.5,D3_D-Glucosaminic_Acid,15
29.75,D3_D-Glucosaminic_Acid,17
30.0,D3_D-Glucosaminic_Acid,18
30.25,D3_D-Glucosaminic_Acid,16
30.5,D3_D-Glucosaminic_Acid,14
30.75,D3_D-Glucosaminic_Acid,19
31.0,D3_D-Glucosaminic_Acid,13
31.25,D3_D-Glucosaminic_Acid,15
31.5,D3_D-Glucosaminic_Acid,19
31.75,D3_D-Glucosaminic_Acid,22
32.0,D3_D-Glucosaminic_Acid,18
32.25,D3_D-Glucosaminic_Acid,20
32.5,D3_D-Glucosaminic_Acid,22
32.75,D3_D-Glucosaminic_Acid,18
33.0,D3_D-Glucosaminic_Acid,23
33.25,D3_D-Glucosaminic_Acid,19
33.5,D3_D-Glucosaminic_Acid,23
33.75,D3_D-Glucosaminic_Acid,22
34.0,D3_D-Glucosaminic_Acid,25
34.25,D3_D-Glucosaminic_Acid,25
34.5,D3_D-Glucosaminic_Acid,28
34.75,D3_D-Glucosaminic_Acid,24
35.0,D3_D-Glucosaminic_Acid,24
35.25,D3_D-Glucosaminic_Acid,24
35.5,D3_D-Glucosaminic_Acid,24
35.75,D3_D-Glucosaminic_Acid,26
36.0,D3_D-Glucosaminic_Acid,28
36.25,D3_D-Glucosaminic_Acid,26
36.5,D3_D-Glucosaminic_Acid,32
36.75,D3_D-Glucosaminic_Acid,27
37.0,D3_D-Glucosaminic_Acid,29
37.25,D3_D-Glucosaminic_Acid,34
37.5,D3_D-Glucosaminic_Acid,36
37.75,D3_D-Glucosaminic_Acid,34
38.0,D3_D-Glucosaminic_Acid,37
38.25,D3_D-Glucosaminic_Acid,40
38.5,D3_D-Glucosaminic_Acid,39
38.75,D3_D-Glucosaminic_Acid,38
39.0,D3_D-Glucosaminic_Acid,37
39.25,D3_D-Glucosaminic_Acid,39
39.5,D3_D-Glucosaminic_Acid,41
39.75,D3_D-Glucosaminic_Acid,43
40.0,D3_D-Glucosaminic_Acid,47
40.25,D3_D-Glucosaminic_Acid,44
40.5,D3_D-Glucosaminic_Acid,46
40.75,D3_D-Glucosaminic_Acid,42
41.0,D3_D-Glucosaminic_Acid,45
41.25,D3_D-Glucosaminic_Acid,47
41.5,D3_D-Glucosaminic_Acid,48
41.75,D3_D-Glucosaminic_Acid,53
42.0,D3_D-Glucosaminic_Acid,48
42.25,D3_D-Glucosaminic_Acid,52
42.5,D3_D-Glucosaminic_Acid,52
42.75,D3_D-Glucosaminic_Acid,54
43.0,D3_D-Glucosaminic_Acid,53
43.25,D3_D-Glucosaminic_Acid,56
43.5,D3_D-Glucosaminic_Acid,58
43.75,D3_D-Glucosaminic_Acid,61
44.0,D3_D-Glucosaminic_Acid,63
44.25,D3_D-Glucosaminic_Acid,62
44.5,D3_D-Glucosaminic_Acid,67
44.75,D3_D-Glucosaminic_Acid,64
45.0,D3_D-Glucosaminic_Acid,65
45.25,D3_D-Glucosaminic_Acid,68
45.5,D3_D-Glucosaminic_Acid,65
45.75,D3_D-Glucosaminic_Acid,73
46.0,D3_D-Glucosaminic_Acid,69
46.25,D3_D-Glucosaminic_Acid,72
46.5,D3_D-Glucosaminic_Acid,76
46.75,D3_D-Glucosaminic_Acid,76
47.0,D3_D-Glucosaminic_Acid,75
47.25,D3_D-Glucosaminic_Acid,77
47.5,D3_D-Glucosaminic_Acid,81
47.75,D3_D-Glucosaminic_Acid,82
48.0,D3_D-Glucosaminic_Acid,80
48.25,D3_D-Glucosaminic_Acid,89
0.0,D5_Tween_40,11
0.25,D5_Tween_40,11
0.5,D5_Tween_40,11
0.75,D5_Tween_40,11
1.0,D5_Tween_40,11
1.25,D5_Tween_40,11
1.5,D5_Tween_40,11
1.75,D5_Tween_40,11
2.0,D5_Tween_40,11
2.25,D5_Tween_40,11
2.5,D5_Tween_40,11
2.75,D5_Tween_40,11
3.0,D5_Tween_40,11
3.25,D5_Tween_40,11
3.5,D5_Tween_40,11
3.75,D5_Tween_40,11
4.0,D5_Tween_40,11
4.25,D5_Tween_40,11
4.5,D5_Tween_40,11
4.75,D5_Tween_40,11
5.0,D5_Tween_40,11
5.25,D5_Tween_40,11
5.5,D5_Tween_40,11
5.75,D5_Tween_40,11
6.0,D5_Tween_40,11
6.25,D5_Tween_40,11
6.5,D5_Tween_40,11
6.75,D5_Tween_40,11
7.0,D5_Tween_40,11
7.25,D5_Tween_40,11
7.5,D5_Tween_40,11
7.75,D5_Tween_40,11
8.0,D5_Tween_40,11
8.25,D5_Tween_40,11
8.5,D5_Tween_40,11
8.75,D5_Tween_40,11
9.0,D5_Tween_40,11
9.25,D5_Tween_40,11
9.5,D5_Tween_40,11
9.75,D5_Tween_40,11
10.0,D5_Tween_40,11
10.25,D5_Tween_40,11
10.5,D5_Tween_40,11
10.75,D5_Tween_40,11
11.0,D5_Tween_40,11
11.25,D5_Tween_40,11
11.5,D5_Tween_40,11
11.75,D5_Tween_40,11
12.0,D5_Tween_40,11
12.25,D5_Tween_40,11
12.5,D5_Tween_40,11
12.75,D5_Tween_40,11
13.0,D5_Tween_40,11
13.25,D5_Tween_40,11
13.5,D5_Tween_40,11
13.75,D5_Tween_40,11
14.0,D5_Tween_40,11
14.25,D5_Tween_40,11
14.5,D5_Tween_40,11
14.75,D5_Tween_40,11
15.0,D5_Tween_40,11
15.25,D5_Tween_40,11
15.5,D5_Tween_40,11
15.75,D5_Tween_40,11
16.0,D5_Tween_40,11
16.25,D5_Tween_40,11
16.5,D5_Tween_40,11
16.75,D5_Tween_40,11
17.0,D5_Tween_40,12
17.25,D5_Tween_40,11
17.5,D5_Tween_40,11
17.75,D5_Tween_40,11
18.0,D5_Tween_40,11
18.25,D5_Tween_40,11
18.5,D5_Tween_40,11
18.75,D5_Tween_40,11
19.0,D5_Tween_40,11
19.25,D5_Tween_40,11
19.5,D5_Tween_40,11
19.75,D5_Tween_40,11
20.0,D5_Tween_40,11
20.25,D5_Tween_40,11
20.5,D5_Tween_40,11
20.75,D5_Tween_40,11
21.0,D5_Tween_40,11
21.25,D5_Tween_40,11
21.5,D5_Tween_40,11
21.75,D5_Tween_40,11
22.0,D5_Tween_40,11
22.25,D5_Tween_40,11
22.5,D5_Tween_40,11
22.75,D5_Tween_40,11
23.0,D5_Tween_40,11
23.25,D5_Tween_40,11
23.5,D5_Tween_40,11
23.75,D5_Tween_40,11
24.0,D5_Tween_40,11
24.25,D5_Tween_40,11
24.5,D5_Tween_40,11
24.75,D5_Tween_40,11
25.0,D5_Tween_40,11
25.25,D5_Tween_40,11
25.5,D5_Tween_40,11
25.75,D5_Tween_40,11
26.0,D5_Tween_40,11
26.25,D5_Tween_40,11
26.5,D5_Tween_40,11
26.75,D5_Tween_40,11
27.0,D5_Tween_40,11
27.25,D5_Tween_40,11
27.5,D5_Tween_40,11
27.75,D5_Tween_40,11
28.0,D5_Tween_40,11
28.25,D5_Tween_40,11
28.5,D5_Tween_40,11
28.75,D5_Tween_40,11
29.0,D5_Tween_40,11
29.25,D5_Tween_40,11
29.5,D5_Tween_40,11
29.75,D5_Tween_40,11
30.0,D5_Tween_40,11
30.25,D5_Tween_40,11
30.5,D5_Tween_40,11
30.75,D5_Tween_40,11
31.0,D5_Tween_40,11
31.25,D5_Tween_40,11
31.5,D5_Tween_40,11
31.75,D5_Tween_40,11
32.0,D5_Tween_40,11
32.25,D5_Tween_40,11
32.5,D5_Tween_40,11
32.75,D5_Tween_40,11
33.0,D5_Tween_40,11
33.25,D5_Tween_40,11
33.5,D5_Tween_40,11
33.75,D5_Tween_40,11
34.0,D5_Tween_40,13
34.25,D5_Tween_40,11
34.5,D5_Tween_40,11
34.75,D5_Tween_40,11
35.0,D5_Tween_40,11
35.25,D5_Tween_40,11
35.5,D5_Tween_40,11
35.75,D5_Tween_40,12
36.0,D5_Tween_40,11
36.25,D5_Tween_40,11
36.5,D5_Tween_40,11
36.75,D5_Tween_40,11
37.0,D5_Tween_40,15
37.25,D5_Tween_40,11
37.5,D5_Tween_40,12
37.75,D5_Tween_40,11
38.0,D5_Tween_40,11
38.25,D5_Tween_40,15
38.5,D5_Tween_40,12
38.75,D5_Tween_40,11
39.0,D5_Tween_40,14
39.25,D5_Tween_40,12
39.5,D5_Tween_40,11
39.75,D5_Tween_40,13
40.0,D5_Tween_40,11
40.25,D5_Tween_40,14
40.5,D5_Tween_40,16
40.75,D5_Tween_40,11
41.0,D5_Tween_40,11
41.25,D5_Tween_40,13
41.5,D5_Tween_40,11
41.75,D5_Tween_40,13
42.0,D5_Tween_40,13
42.25,D5_Tween_40,15
42.5,D5_Tween_40,17
42.75,D5_Tween_40,11
43.0,D5_Tween_40,16
43.25,D5_Tween_40,14
43.5,D5_Tween_40,13
43.75,D5_Tween_40,16
44.0,D5_Tween_40,16
44.25,D5_Tween_40,13
44.5,D5_Tween_40,17
44.75,D5_Tween_40,15
45.0,D5_Tween_40,14
45.25,D5_Tween_40,14
45.5,D5_Tween_40,19
45.75,D5_Tween_40,15
46.0,D5_Tween_40,17
46.25,D5_Tween_40,20
46.5,D5_Tween_40,20
46.75,D5_Tween_40,20
47.0,D5_Tween_40,19
47.25,D5_Tween_40,19
47.5,D5_Tween_40,22
47.75,D5_Tween_40,17
48.0,D5_Tween_40,22
48.25,D5_Tween_40,20
0.0,D6_a-Keto-Glutaric_Acid,11
0.25,D6_a-Keto-Glutaric_Acid,11
0.5,D6_a-Keto-Glutaric_Acid,11
0.75,D6_a-Keto-Glutaric_Acid,11
1.0,D6_a-Keto-Glutaric_Acid,11
1.25,D6_a-Keto-Glutaric_Acid,11
1.5,D6_a-Keto-Glutaric_Acid,11
1.75,D6_a-Keto-Glutaric_Acid,11
2.0,D6_a-Keto-Glutaric_Acid,11
2.25,D6_a-Keto-Glutaric_Acid,11
2.5,D6_a-Keto-Glutaric_Acid,11
2.75,D6_a-Keto-Glutaric_Acid,11
3.0,D6_a-Keto-Glutaric_Acid,11
3.25,D6_a-Keto-Glutaric_Acid,11
3.5,D6_a-Keto-Glutaric_Acid,11
3.75,D6_a-Keto-Glutaric_Acid,11
4.0,D6_a-Keto-Glutaric_Acid,11
4.25,D6_a-Keto-Glutaric_Acid,11
4.5,D6_a-Keto-Glutaric_Acid,11
4.75,D6_a-Keto-Glutaric_Acid,11
5.0,D6_a-Keto-Glutaric_Acid,11
5.25,D6_a-Keto-Glutaric_Acid,11
5.5,D6_a-Keto-Glutaric_Acid,11
5.75,D6_a-Keto-Glutaric_Acid,11
6.0,D6_a-Keto-Glutaric_Acid,11
6.25,D6_a-Keto-Glutaric_Acid,11
6.5,D6_a-Keto-Glutaric_Acid,11
6.75,D6_a-Keto-Glutaric_Acid,11
7.0,D6_a-Keto-Glutaric_Acid,11
7.25,D6_a-Keto-Glutaric_Acid,11
7.5,D6_a-Keto-Glutaric_Acid,11
7.75,D6_a-Keto-Glutaric_Acid,11
8.0,D6_a-Keto-Glutaric_Acid,11
8.25,D6_a-Keto-Glutaric_Acid,11
8.5,D6_a-Keto-Glutaric_Acid,11
8.75,D6_a-Keto-Glutaric_Acid,11
9.0,D6_a-Keto-Glutaric_Acid,11
9.25,D6_a-Keto-Glutaric_Acid,11
9.5,D6_a-Keto-Glutaric_Acid,11
9.75,D6_a-Keto-Glutaric_Acid,11
10.0,D6_a-Keto-Glutaric_Acid,11
10.25,D6_a-Keto-Glutaric_Acid,11
10.5,D6_a-Keto-Glutaric_Acid,11
10.75,D6_a-Keto-Glutaric_Acid,11
11.0,D6_a-Keto-Glutaric_Acid,11
11.25,D6_a-Keto-Glutaric_Acid,11
11.5,D6_a-Keto-Glutaric_Acid,11
11.75,D6_a-Keto-Glutaric_Acid,11
12.0,D6_a-Keto-Glutaric_Acid,11
12.25,D6_a-Keto-Glutaric_Acid,11
12.5,D6_a-Keto-Glutaric_Acid,11
12.75,D6_a-Keto-Glutaric_Acid,11
13.0,D6_a-Keto-Glutaric_Acid,11
13.25,D6_a-Keto-Glutaric_Acid,11
13.5,D6_a-Keto-Glutaric_Acid,11
13.75,D6_a-Keto-Glutaric_Acid,11
14.0,D6_a-Keto-Glutaric_Acid,11
14.25,D6_a-Keto-Glutaric_Acid,11
14.5,D6_a-Keto-Glutaric_Acid,11
14.75,D6_a-Keto-Glutaric_Acid,11
15.0,D6_a-Keto-Glutaric_Acid,11
15.25,D6_a-Keto-Glutaric_Acid,11
15.5,D6_a-Keto-Glutaric_Acid,11
15.75,D6_a-Keto-Glutaric_Acid,11
16.0,D6_a-Keto-Glutaric_Acid,11
16.25,D6_a-Keto-Glutaric_Acid,11
16.5,D6_a-Keto-Glutaric_Acid,11
16.75,D6_a-Keto-Glutaric_Acid,11
17.0,D6_a-Keto-Glutaric_Acid,11
17.25,D6_a-Keto-Glutaric_Acid,11
17.5,D6_a-Keto-Glutaric_Acid,11
17.75,D6_a-Keto-Glutaric_Acid,11
18.0,D6_a-Keto-Glutaric_Acid,11
18.25,D6_a-Keto-Glutaric_Acid,11
18.5,D6_a-Keto-Glutaric_Acid,11
18.75,D6_a-Keto-Glutaric_Acid,11
19.0,D6_a-Keto-Glutaric_Acid,11
19.25,D6_a-Keto-Glutaric_Acid,11
19.5,D6_a-Keto-Glutaric_Acid,11
19.75,D6_a-Keto-Glutaric_Acid,11
20.0,D6_a-Keto-Glutaric_Acid,11
20.25,D6_a-Keto-Glutaric_Acid,11
20.5,D6_a-Keto-Glutaric_Acid,11
20.75,D6_a-Keto-Glutaric_Acid,11
21.0,D6_a-Keto-Glutaric_Acid,11
21.25,D6_a-Keto-Glutaric_Acid,11
21.5,D6_a-Keto-Glutaric_Acid,11
21.75,D6_a-Keto-Glutaric_Acid,11
22.0,D6_a-Keto-Glutaric_Acid,11
22.25,D6_a-Keto-Glutaric_Acid,11
22.5,D6_a-Keto-Glutaric_Acid,11
22.75,D6_a-Keto-Glutaric_Acid,11
23.0,D6_a-Keto-Glutaric_Acid,11
23.25,D6_a-Keto-Glutaric_Acid,11
23.5,D6_a-Keto-Glutaric_Acid,11
23.75,D6_a-Keto-Glutaric_Acid,11
24.0,D6_a-Keto-Glutaric_Acid,11
24.25,D6_a-Keto-Glutaric_Acid,11
24.5,D6_a-Keto-Glutaric_Acid,11
24.75,D6_a-Keto-Glutaric_Acid,11
25.0,D6_a-Keto-Glutaric_Acid,11
25.25,D6_a-Keto-Glutaric_Acid,11
25.5,D6_a-Keto-Glutaric_Acid,11
25.75,D6_a-Keto-Glutaric_Acid,11
26.0,D6_a-Keto-Glutaric_Acid,11
26.25,D6_a-Keto-Glutaric_Acid,11
26.5,D6_a-Keto-Glutaric_Acid,11
26.75,D6_a-Keto-Glutaric_Acid,11
27.0,D6_a-Keto-Glutaric_Acid,11
27.25,D6_a-Keto-Glutaric_Acid,11
27.5,D6_a-Keto-Glutaric_Acid,11
27.75,D6_a-Keto-Glutaric_Acid,11
28.0,D6_a-Keto-Glutaric_Acid,11
28.25,D6_a-Keto-Glutaric_Acid,11
28.5,D6_a-Keto-Glutaric_Acid,11
28.75,D6_a-Keto-Glutaric_Acid,11
29.0,D6_a-Keto-Glutaric_Acid,11
29.25,D6_a-Keto-Glutaric_Acid,11
29.5,D6_a-Keto-Glutaric_Acid,11
29.75,D6_a-Keto-Glutaric_Acid,11
30.0,D6_a-Keto-Glutaric_Acid,11
30.25,D6_a-Keto-Glutaric_Acid,11
30.5,D6_a-Keto-Glutaric_Acid,11
30.75,D6_a-Keto-Glutaric_Acid,11
31.0,D6_a-Keto-Glutaric_Acid,11
31.25,D6_a-Keto-Glutaric_Acid,11
31.5,D6_a-Keto-Glutaric_Acid,11
31.75,D6_a-Keto-Glutaric_Acid,11
32.0,D6_a-Keto-Glutaric_Acid,11
32.25,D6_a-Keto-Glutaric_Acid,11
32.5,D6_a-Keto-Glutaric_Acid,11
32.75,D6_a-Keto-Glutaric_Acid,11
33.0,D6_a-Keto-Glutaric_Acid,11
33.25,D6_a-Keto-Glutaric_Acid,11
33.5,D6_a-Keto-Glutaric_Acid,13
33.75,D6_a-Keto-Glutaric_Acid,11
34.0,D6_a-Keto-Glutaric_Acid,11
34.25,D6_a-Keto-Glutaric_Acid,11
34.5,D6_a-Keto-Glutaric_Acid,11
34.75,D6_a-Keto-Glutaric_Acid,11
35.0,D6_a-Keto-Glutaric_Acid,11
35.25,D6_a-Keto-Glutaric_Acid,11
35.5,D6_a-Keto-Glutaric_Acid,11
35.75,D6_a-Keto-Glutaric_Acid,11
36.0,D6_a-Keto-Glutaric_Acid,11
36.25,D6_a-Keto-Glutaric_Acid,11
36.5,D6_a-Keto-Glutaric_Acid,11
36.75,D6_a-Keto-Glutaric_Acid,11
37.0,D6_a-Keto-Glutaric_Acid,11
37.25,D6_a-Keto-Glutaric_Acid,11
37.5,D6_a-Keto-Glutaric_Acid,11
37.75,D6_a-Keto-Glutaric_Acid,11
38.0,D6_a-Keto-Glutaric_Acid,11
38.25,D6_a-Keto-Glutaric_Acid,11
38.5,D6_a-Keto-Glutaric_Acid,11
38.75,D6_a-Keto-Glutaric_Acid,11
39.0,D6_a-Keto-Glutaric_Acid,11
39.25,D6_a-Keto-Glutaric_Acid,11
39.5,D6_a-Keto-Glutaric_Acid,11
39.75,D6_a-Keto-Glutaric_Acid,11
40.0,D6_a-Keto-Glutaric_Acid,13
40.25,D6_a-Keto-Glutaric_Acid,11
40.5,D6_a-Keto-Glutaric_Acid,11
40.75,D6_a-Keto-Glutaric_Acid,11
41.0,D6_a-Keto-Glutaric_Acid,14
41.25,D6_a-Keto-Glutaric_Acid,11
41.5,D6_a-Keto-Glutaric_Acid,11
41.75,D6_a-Keto-Glutaric_Acid,15
42.0,D6_a-Keto-Glutaric_Acid,11
42.25,D6_a-Keto-Glutaric_Acid,15
42.5,D6_a-Keto-Glutaric_Acid,13
42.75,D6_a-Keto-Glutaric_Acid,15
43.0,D6_a-Keto-Glutaric_Acid,15
43.25,D6_a-Keto-Glutaric_Acid,17
43.5,D6_a-Keto-Glutaric_Acid,12
43.75,D6_a-Keto-Glutaric_Acid,17
44.0,D6_a-Keto-Glutaric_Acid,15
44.25,D6_a-Keto-Glutaric_Acid,13
44.5,D6_a-Keto-Glutaric_Acid,15
44.75,D6_a-Keto-Glutaric_Acid,15
45.0,D6_a-Keto-Glutaric_Acid,16
45.25,D6_a-Keto-Glutaric_Acid,14
45.5,D6_a-Keto-Glutaric_Acid,13
45.75,D6_a-Keto-Glutaric_Acid,18
46.0,D6_a-Keto-Glutaric_Acid,15
46.25,D6_a-Keto-Glutaric_Acid,16
46.5,D6_a-Keto-Glutaric_Acid,19
46.75,D6_a-Keto-Glutaric_Acid,18
47.0,D6_a-Keto-Glutaric_Acid,17
47.25,D6_a-Keto-Glutaric_Acid,16
47.5,D6_a-Keto-Glutaric_Acid,19
47.75,D6_a-Keto-Glutaric_Acid,18
48.0,D6_a-Keto-Glutaric_Acid,18
48.25,D6_a-Keto-Glutaric_Acid,19
0.0,E1_L-Glutamine,17
0.25,E1_L-Glutamine,13
0.5,E1_L-Glutamine,18
0.75,E1_L-Glutamine,18
1.0,E1_L-Glutamine,21
1.25,E1_L-Glutamine,15
1.5,E1_L-Glutamine,12
1.75,E1_L-Glutamine,15
2.0,E1_L-Glutamine,16
2.25,E1_L-Glutamine,15
2.5,E1_L-Glutamine,16
2.75,E1_L-Glutamine,16
3.0,E1_L-Glutamine,15
3.25,E1_L-Glutamine,14
3.5,E1_L-Glutamine,15
3.75,E1_L-Glutamine,18
4.0,E1_L-Glutamine,15
4.25,E1_L-Glutamine,16
4.5,E1_L-Glutamine,14
4.75,E1_L-Glutamine,16
5.0,E1_L-Glutamine,15
5.25,E1_L-Glutamine,18
5.5,E1_L-Glutamine,19
5.75,E1_L-Glutamine,14
6.0,E1_L-Glutamine,15
6.25,E1_L-Glutamine,13
6.5,E1_L-Glutamine,16
6.75,E1_L-Glutamine,19
7.0,E1_L-Glutamine,13
7.25,E1_L-Glutamine,17
7.5,E1_L-Glutamine,13
7.75,E1_L-Glutamine,14
8.0,E1_L-Glutamine,14
8.25,E1_L-Glutamine,16
8.5,E1_L-Glutamine,14
8.75,E1_L-Glutamine,13
9.0,E1_L-Glutamine,19
9.25,E1_L-Glutamine,17
9.5,E1_L-Glutamine,11
9.75,E1_L-Glutamine,14
10.0,E1_L-Glutamine,13
10.25,E1_L-Glutamine,18
10.5,E1_L-Glutamine,16
10.75,E1_L-Glutamine,16
11.0,E1_L-Glutamine,16
11.25,E1_L-Glutamine,16
11.5,E1_L-Glutamine,15
11.75,E1_L-Glutamine,15
12.0,E1_L-Glutamine,16
12.25,E1_L-Glutamine,11
12.5,E1_L-Glutamine,13
12.75,E1_L-Glutamine,15
13.0,E1_L-Glutamine,15
13.25,E1_L-Glutamine,16
13.5,E1_L-Glutamine,12
13.75,E1_L-Glutamine,11
14.0,E1_L-Glutamine,15
14.25,E1_L-Glutamine,15
14.5,E1_L-Glutamine,14
14.75,E1_L-Glutamine,14
15.0,E1_L-Glutamine,12
15.25,E1_L-Glutamine,15
15.5,E1_L-Glutamine,14
15.75,E1_L-Glutamine,14
16.0,E1_L-Glutamine,11
16.25,E1_L-Glutamine,16
16.5,E1_L-Glutamine,15
16.75,E1_L-Glutamine,13
17.0,E1_L-Glutamine,13
17.25,E1_L-Glutamine,14
17.5,E1_L-Glutamine,12
17.75,E1_L-Glutamine,15
18.0,E1_L-Glutamine,15
18.25,E1_L-Glutamine,14
18.5,E1_L-Glutamine,15
18.75,E1_L-Glutamine,14
19.0,E1_L-Glutamine,15
19.25,E1_L-Glutamine,14
19.5,E1_L-Glutamine,11
19.75,E1_L-Glutamine,14
20.0,E1_L-Glutamine,13
20.25,E1_L-Glutamine,15
20.5,E1_L-Glutamine,14
20.75,E1_L-Glutamine,11
21.0,E1_L-Glutamine,14
21.25,E1_L-Glutamine,12
21.5,E1_L-Glutamine,16
21.75,E1_L-Glutamine,13
22.0,E1_L-Glutamine,13
22.25,E1_L-Glutamine,15
22.5,E1_L-Glutamine,15
22.75,E1_L-Glutamine,14
23.0,E1_L-Glutamine,12
23.25,E1_L-Glutamine,13
23.5,E1_L-Glutamine,11
23.75,E1_L-Glutamine,16
24.0,E1_L-Glutamine,12
24.25,E1_L-Glutamine,12
24.5,E1_L-Glutamine,11
24.75,E1_L-Glutamine,17
25.0,E1_L-Glutamine,14
25.25,E1_L-Glutamine,16
25.5,E1_L-Glutamine,17
25.75,E1_L-Glutamine,11
26.0,E1_L-Glutamine,12
26.25,E1_L-Glutamine,15
26.5,E1_L-Glutamine,11
26.75,E1_L-Glutamine,11
27.0,E1_L-Glutamine,17
27.25,E1_L-Glutamine,13
27.5,E1_L-Glutamine,15
27.75,E1_L-Glutamine,13
28.0,E1_L-Glutamine,13
28.25,E1_L-Glutamine,14
28.5,E1_L-Glutamine,16
28.75,E1_L-Glutamine,14
29.0,E1_L-Glutamine,12
29.25,E1_L-Glutamine,12
29.5,E1_L-Glutamine,12
29.75,E1_L-Glutamine,16
30.0,E1_L-Glutamine,11
30.25,E1_L-Glutamine,13
30.5,E1_L-Glutamine,16
30.75,E1_L-Glutamine,18
31.0,E1_L-Glutamine,16
31.25,E1_L-Glutamine,14
31.5,E1_L-Glutamine,16
31.75,E1_L-Glutamine,15
32.0,E1_L-Glutamine,15
32.25,E1_L-Glutamine,15
32.5,E1_L-Glutamine,12
32.75,E1_L-Glutamine,16
33.0,E1_L-Glutamine,16
33.25,E1_L-Glutamine,16
33.5,E1_L-Glutamine,15
33.75,E1_L-Glutamine,15
34.0,E1_L-Glutamine,16
34.25,E1_L-Glutamine,20
34.5,E1_L-Glutamine,17
34.75,E1_L-Glutamine,11
35.0,E1_L-Glutamine,13
35.25,E1_L-Glutamine,19
35.5,E1_L-Glutamine,17
35.75,E1_L-Glutamine,18
36.0,E1_L-Glutamine,14
36.25,E1_L-Glutamine,20
36.5,E1_L-Glutamine,18
36.75,E1_L-Glutamine,15
37.0,E1_L-Glutamine,18
37.25,E1_L-Glutamine,16
37.5,E1_L-Glutamine,17
37.75,E1_L-Glutamine,18
38.0,E1_L-Glutamine,17
38.25,E1_L-Glutamine,18
38.5,E1_L-Glutamine,19
38.75,E1_L-Glutamine,17
39.0,E1_L-Glutamine,16
39.25,E1_L-Glutamine,21
39.5,E1_L-Glutamine,18
39.75,E1_L-Glutamine,20
40.0,E1_L-Glutamine,18
40.25,E1_L-Glutamine,18
40.5,E1_L-Glutamine,18
40.75,E1_L-Glutamine,20
41.0,E1_L-Glutamine,17
41.25,E1_L-Glutamine,17
41.5,E1_L-Glutamine,19
41.75,E1_L-Glutamine,19
42.0,E1_L-Glutamine,19
42.25,E1_L-Glutamine,19
42.5,E1_L-Glutamine,16
42.75,E1_L-Glutamine,22
43.0,E1_L-Glutamine,21
43.25,E1_L-Glutamine,19
43.5,E1_L-Glutamine,21
43.75,E1_L-Glutamine,22
44.0,E1_L-Glutamine,20
44.25,E1_L-Glutamine,24
44.5,E1_L-Glutamine,19
44.75,E1_L-Glutamine,23
45.0,E1_L-Glutamine,20
45.25,E1_L-Glutamine,24
45.5,E1_L-Glutamine,21
45.75,E1_L-Glutamine,20
46.0,E1_L-Glutamine,21
46.25,E1_L-Glutamine,23
46.5,E1_L-Glutamine,21
46.75,E1_L-Glutamine,22
47.0,E1_L-Glutamine,22
47.25,E1_L-Glutamine,19
47.5,E1_L-Glutamine,20
47.75,E1_L-Glutamine,23
48.0,E1_L-Glutamine,22
48.25,E1_L-Glutamine,21
0.0,E5_Tween_80,11
0.25,E5_Tween_80,11
0.5,E5_Tween_80,11
0.75,E5_Tween_80,11
1.0,E5_Tween_80,11
1.25,E5_Tween_80,11
1.5,E5_Tween_80,11
1.75,E5_Tween_80,11
2.0,E5_Tween_80,11
2.25,E5_Tween_80,11
2.5,E5_Tween_80,11
2.75,E5_Tween_80,11
3.0,E5_Tween_80,11
3.25,E5_Tween_80,11
3.5,E5_Tween_80,11
3.75,E5_Tween_80,11
4.0,E5_Tween_80,11
4.25,E5_Tween_80,11
4.5,E5_Tween_80,11
4.75,E5_Tween_80,11
5.0,E5_Tween_80,11
5.25,E5_Tween_80,11
5.5,E5_Tween_80,11
5.75,E5_Tween_80,11
6.0,E5_Tween_80,11
6.25,E5_Tween_80,11
6.5,E5_Tween_80,11
6.75,E5_Tween_80,11
7.0,E5_Tween_80,11
7.25,E5_Tween_80,11
7.5,E5_Tween_80,11
7.75,E5_Tween_80,11
8.0,E5_Tween_80,11
8.25,E5_Tween_80,11
8.5,E5_Tween_80,11
8.75,E5_Tween_80,11
9.0,E5_Tween_80,11
9.25,E5_Tween_80,11
9.5,E5_Tween_80,11
9.75,E5_Tween_80,11
10.0,E5_Tween_80,11
10.25,E5_Tween_80,11
10.5,E5_Tween_80,11
10.75,E5_Tween_80,11
11.0,E5_Tween_80,11
11.25,E5_Tween_80,11
11.5,E5_Tween_80,11
11.75,E5_Tween_80,11
12.0,E5_Tween_80,11
12.25,E5_Tween_80,11
12.5,E5_Tween_80,11
12.75,E5_Tween_80,11
13.0,E5_Tween_80,11
13.25,E5_Tween_80,11
13.5,E5_Tween_80,11
13.75,E5_Tween_80,11
14.0,E5_Tween_80,11
14.25,E5_Tween_80,11
14.5,E5_Tween_80,11
14.75,E5_Tween_80,11
15.0,E5_Tween_80,11
15.25,E5_Tween_80,11
15.5,E5_Tween_80,11
15.75,E5_Tween_80,11
16.0,E5_Tween_80,11
16.25,E5_Tween_80,11
16.5,E5_Tween_80,11
16.75,E5_Tween_80,11
17.0,E5_Tween_80,11
17.25,E5_Tween_80,11
17.5,E5_Tween_80,11
17.75,E5_Tween_80,11
18.0,E5_Tween_80,11
18.25,E5_Tween_80,11
18.5,E5_Tween_80,11
18.75,E5_Tween_80,11
19.0,E5_Tween_80,11
19.25,E5_Tween_80,11
19.5,E5_Tween_80,11
19.75,E5_Tween_80,11
20.0,E5_Tween_80,11
20.25,E5_Tween_80,11
20.5,E5_Tween_80,11
20.75,E5_Tween_80,11
21.0,E5_Tween_80,11
21.25,E5_Tween_80,11
21.5,E5_Tween_80,11
21.75,E5_Tween_80,11
22.0,E5_Tween_80,11
22.25,E5_Tween_80,11
22.5,E5_Tween_80,11
22.75,E5_Tween_80,11
23.0,E5_Tween_80,11
23.25,E5_Tween_80,11
23.5,E5_Tween_80,11
23.75,E5_Tween_80,11
24.0,E5_Tween_80,13
24.25,E5_Tween_80,11
24.5,E5_Tween_80,11
24.75,E5_Tween_80,11
25.0,E5_Tween_80,11
25.25,E5_Tween_80,11
25.5,E5_Tween_80,11
25.75,E5_Tween_80,11
26.0,E5_Tween_80,11
26.25,E5_Tween_80,11
26.5,E5_Tween_80,11
26.75,E5_Tween_80,11
27.0,E5_Tween_80,11
27.25,E5_Tween_80,13
27.5,E5_Tween_80,11
27.75,E5_Tween_80,15
28.0,E5_Tween_80,11
28.25,E5_Tween_80,11
28.5,E5_Tween_80,12
28.75,E5_Tween_80,11
29.0,E5_Tween_80,12
29.25,E5_Tween_80,12
29.5,E5_Tween_80,12
29.75,E5_Tween_80,14
30.0,E5_Tween_80,11
30.25,E5_Tween_80,11
30.5,E5_Tween_80,12
30.75,E5_Tween_80,12
31.0,E5_Tween_80,11
31.25,E5_Tween_80,11
31.5,E5_Tween_80,12
31.75,E5_Tween_80,15
32.0,E5_Tween_80,14
32.25,E5_Tween_80,16
32.5,E5_Tween_80,13
32.75,E5_Tween_80,12
33.0,E5_Tween_80,15
33.25,E5_Tween_80,13
33.5,E5_Tween_80,16
33.75,E5_Tween_80,11
34.0,E5_Tween_80,15
34.25,E5_Tween_80,15
34.5,E5_Tween_80,16
34.75,E5_Tween_80,15
35.0,E5_Tween_80,12
35.25,E5_Tween_80,16
35.5,E5_Tween_80,14
35.75,E5_Tween_80,15
36.0,E5_Tween_80,14
36.25,E5_Tween_80,16
36.5,E5_Tween_80,21
36.75,E5_Tween_80,13
37.0,E5_Tween_80,13
37.25,E5_Tween_80,13
37.5,E5_Tween_80,16
37.75,E5_Tween_80,16
38.0,E5_Tween_80,12
38.25,E5_Tween_80,18
38.5,E5_Tween_80,17
38.75,E5_Tween_80,22
39.0,E5_Tween_80,17
39.25,E5_Tween_80,24
39.5,E5_Tween_80,21
39.75,E5_Tween_80,17
40.0,E5_Tween_80,20
40.25,E5_Tween_80,20
40.5,E5_Tween_80,15
40.75,E5_Tween_80,16
41.0,E5_Tween_80,21
41.25,E5_Tween_80,15
41.5,E5_Tween_80,20
41.75,E5_Tween_80,18
42.0,E5_Tween_80,22
42.25,E5_Tween_80,21
42.5,E5_Tween_80,18
42.75,E5_Tween_80,22
43.0,E5_Tween_80,16
43.25,E5_Tween_80,22
43.5,E5_Tween_80,24
43.75,E5_Tween_80,21
44.0,E5_Tween_80,19
44.25,E5_Tween_80,20
44.5,E5_Tween_80,23
44.75,E5_Tween_80,20
45.0,E5_Tween_80,22
45.25,E5_Tween_80,25
45.5,E5_Tween_80,24
45.75,E5_Tween_80,16
46.0,E5_Tween_80,28
46.25,E5_Tween_80,24
46.5,E5_Tween_80,26
46.75,E5_Tween_80,26
47.0,E5_Tween_80,25
47.25,E5_Tween_80,28
47.5,E5_Tween_80,27
47.75,E5_Tween_80,30
48.0,E5_Tween_80,27
48.25,E5_Tween_80,28
0.0,E10_Maltotriose,18
0.25,E10_Maltotriose,11
0.5,E10_Maltotriose,11
0.75,E10_Maltotriose,11
1.0,E10_Maltotriose,11
1.25,E10_Maltotriose,11
1.5,E10_Maltotriose,11
1.75,E10_Maltotriose,11
2.0,E10_Maltotriose,11
2.25,E10_Maltotriose,11
2.5,E10_Maltotriose,11
2.75,E10_Maltotriose,11
3.0,E10_Maltotriose,11
3.25,E10_Maltotriose,11
3.5,E10_Maltotriose,11
3.75,E10_Maltotriose,11
4.0,E10_Maltotriose,11
4.25,E10_Maltotriose,11
4.5,E10_Maltotriose,11
4.75,E10_Maltotriose,11
5.0,E10_Maltotriose,11
5.25,E10_Maltotriose,11
5.5,E10_Maltotriose,11
5.75,E10_Maltotriose,11
6.0,E10_Maltotriose,11
6.25,E10_Maltotriose,11
6.5,E10_Maltotriose,11
6.75,E10_Maltotriose,11
7.0,E10_Maltotriose,11
7.25,E10_Maltotriose,11
7.5,E10_Maltotriose,11
7.75,E10_Maltotriose,11
8.0,E10_Maltotriose,11
8.25,E10_Maltotriose,11
8.5,E10_Maltotriose,11
8.75,E10_Maltotriose,11
9.0,E10_Maltotriose,11
9.25,E10_Maltotriose,11
9.5,E10_Maltotriose,11
9.75,E10_Maltotriose,11
10.0,E10_Maltotriose,11
10.25,E10_Maltotriose,11
10.5,E10_Maltotriose,11
10.75,E10_Maltotriose,12
11.0,E10_Maltotriose,11
11.25,E10_Maltotriose,12
11.5,E10_Maltotriose,11
11.75,E10_Maltotriose,11
12.0,E10_Maltotriose,11
12.25,E10_Maltotriose,11
12.5,E10_Maltotriose,11
12.75,E10_Maltotriose,13
13.0,E10_Maltotriose,11
13.25,E10_Maltotriose,11
13.5,E10_Maltotriose,12
13.75,E10_Maltotriose,11
14.0,E10_Maltotriose,14
14.25,E10_Maltotriose,11
14.5,E10_Maltotriose,12
14.75,E10_Maltotriose,14
15.0,E10_Maltotriose,14
15.25,E10_Maltotriose,13
15.5,E10_Maltotriose,14
15.75,E10_Maltotriose,14
16.0,E10_Maltotriose,12
16.25,E10_Maltotriose,15
16.5,E10_Maltotriose,15
16.75,E10_Maltotriose,25
17.0,E10_Maltotriose,30
17.25,E10_Maltotriose,16
17.5,E10_Maltotriose,14
17.75,E10_Maltotriose,24
18.0,E10_Maltotriose,26
18.25,E10_Maltotriose,27
18.5,E10_Maltotriose,24
18.75,E10_Maltotriose,27
19.0,E10_Maltotriose,26
19.25,E10_Maltotriose,28
19.5,E10_Maltotriose,26
19.75,E10_Maltotriose,26
20.0,E10_Maltotriose,30
20.25,E10_Maltotriose,29
20.5,E10_Maltotriose,33
20.75,E10_Maltotriose,30
21.0,E10_Maltotriose,29
21.25,E10_Maltotriose,25
21.5,E10_Maltotriose,32
21.75,E10_Maltotriose,33
22.0,E10_Maltotriose,25
22.25,E10_Maltotriose,27
22.5,E10_Maltotriose,35
22.75,E10_Maltotriose,28
23.0,E10_Maltotriose,32
23.25,E10_Maltotriose,31
23.5,E10_Maltotriose,34
23.75,E10_Maltotriose,35
24.0,E10_Maltotriose,37
24.25,E10_Maltotriose,30
24.5,E10_Maltotriose,37
24.75,E10_Maltotriose,37
25.0,E10_Maltotriose,35
25.25,E10_Maltotriose,43
25.5,E10_Maltotriose,36
25.75,E10_Maltotriose,36
26.0,E10_Maltotriose,41
26.25,E10_Maltotriose,41
26.5,E10_Maltotriose,44
26.75,E10_Maltotriose,47
27.0,E10_Maltotriose,46
27.25,E10_Maltotriose,43
27.5,E10_Maltotriose,48
27.75,E10_Maltotriose,47
28.0,E10_Maltotriose,50
28.25,E10_Maltotriose,49
28.5,E10_Maltotriose,48
28.75,E10_Maltotriose,55
29.0,E10_Maltotriose,59
29.25,E10_Maltotriose,54
29.5,E10_Maltotriose,56
29.75,E10_Maltotriose,48
30.0,E10_Maltotriose,48
30.25,E10_Maltotriose,52
30.5,E10_Maltotriose,57
30.75,E10_Maltotriose,51
31.0,E10_Maltotriose,61
31.25,E10_Maltotriose,60
31.5,E10_Maltotriose,58
31.75,E10_Maltotriose,56
32.0,E10_Maltotriose,66
32.25,E10_Maltotriose,63
32.5,E10_Maltotriose,62
32.75,E10_Maltotriose,61
33.0,E10_Maltotriose,64
33.25,E10_Maltotriose,61
33.5,E10_Maltotriose,61
33.75,E10_Maltotriose,63
34.0,E10_Maltotriose,69
34.25,E10_Maltotriose,58
34.5,E10_Maltotriose,70
34.75,E10_Maltotriose,70
35.0,E10_Maltotriose,71
35.25,E10_Maltotriose,67
35.5,E10_Maltotriose,74
35.75,E10_Maltotriose,73
36.0,E10_Maltotriose,73
36.25,E10_Maltotriose,76
36.5,E10_Maltotriose,69
36.75,E10_Maltotriose,76
37.0,E10_Maltotriose,69
37.25,E10_Maltotriose,73
37.5,E10_Maltotriose,73
37.75,E10_Maltotriose,73
38.0,E10_Maltotriose,72
38.25,E10_Maltotriose,68
38.5,E10_Maltotriose,74
38.75,E10_Maltotriose,78
39.0,E10_Maltotriose,80
39.25,E10_Maltotriose,78
39.5,E10_Maltotriose,83
39.75,E10_Maltotriose,79
40.0,E10_Maltotriose,78
40.25,E10_Maltotriose,83
40.5,E10_Maltotriose,82
40.75,E10_Maltotriose,81
41.0,E10_Maltotriose,82
41.25,E10_Maltotriose,84
41.5,E10_Maltotriose,87
41.75,E10_Maltotriose,88
42.0,E10_Maltotriose,94
42.25,E10_Maltotriose,90
42.5,E10_Maltotriose,88
42.75,E10_Maltotriose,95
43.0,E10_Maltotriose,92
43.25,E10_Maltotriose,94
43.5,E10_Maltotriose,101
43.75,E10_Maltotriose,99
44.0,E10_Maltotriose,95
44.25,E10_Maltotriose,101
44.5,E10_Maltotriose,95
44.75,E10_Maltotriose,96
45.0,E10_Maltotriose,97
45.25,E10_Maltotriose,105
45.5,E10_Maltotriose,103
45.75,E10_Maltotriose,100
46.0,E10_Maltotriose,105
46.25,E10_Maltotriose,110
46.5,E10_Maltotriose,106
46.75,E10_Maltotriose,108
47.0,E10_Maltotriose,109
47.25,E10_Maltotriose,115
47.5,E10_Maltotriose,109
47.75,E10_Maltotriose,117
48.0,E10_Maltotriose,115
48.25,E10_Maltotriose,115
0.0,E11_2-DeoxyAdenosine,11
0.25,E11_2-DeoxyAdenosine,11
0.5,E11_2-DeoxyAdenosine,11
0.75,E11_2-DeoxyAdenosine,11
1.0,E11_2-DeoxyAdenosine,11
1.25,E11_2-DeoxyAdenosine,12
1.5,E11_2-DeoxyAdenosine,11
1.75,E11_2-DeoxyAdenosine,11
2.0,E11_2-DeoxyAdenosine,13
2.25,E11_2-DeoxyAdenosine,11
2.5,E11_2-DeoxyAdenosine,13
2.75,E11_2-DeoxyAdenosine,13
3.0,E11_2-DeoxyAdenosine,11
3.25,E11_2-DeoxyAdenosine,11
3.5,E11_2-DeoxyAdenosine,11
3.75,E11_2-DeoxyAdenosine,11
4.0,E11_2-DeoxyAdenosine,11
4.25,E11_2-DeoxyAdenosine,11
4.5,E11_2-DeoxyAdenosine,11
4.75,E11_2-DeoxyAdenosine,11
5.0,E11_2-DeoxyAdenosine,11
5.25,E11_2-DeoxyAdenosine,11
5.5,E11_2-DeoxyAdenosine,11
5.75,E11_2-DeoxyAdenosine,11
6.0,E11_2-DeoxyAdenosine,12
6.25,E11_2-DeoxyAdenosine,11
6.5,E11_2-DeoxyAdenosine,13
6.75,E11_2-DeoxyAdenosine,14
7.0,E11_2-DeoxyAdenosine,11
7.25,E11_2-DeoxyAdenosine,11
7.5,E11_2-DeoxyAdenosine,11
7.75,E11_2-DeoxyAdenosine,11
8.0,E11_2-DeoxyAdenosine,11
8.25,E11_2-DeoxyAdenosine,11
8.5,E11_2-DeoxyAdenosine,11
8.75,E11_2-DeoxyAdenosine,14
9.0,E11_2-DeoxyAdenosine,11
9.25,E11_2-DeoxyAdenosine,12
9.5,E11_2-DeoxyAdenosine,11
9.75,E11_2-DeoxyAdenosine,14
10.0,E11_2-DeoxyAdenosine,11
10.25,E11_2-DeoxyAdenosine,11
10.5,E11_2-DeoxyAdenosine,11
10.75,E11_2-DeoxyAdenosine,13
11.0,E11_2-DeoxyAdenosine,11
11.25,E11_2-DeoxyAdenosine,12
11.5,E11_2-DeoxyAdenosine,11
11.75,E11_2-DeoxyAdenosine,15
12.0,E11_2-DeoxyAdenosine,11
12.25,E11_2-DeoxyAdenosine,11
12.5,E11_2-DeoxyAdenosine,12
12.75,E11_2-DeoxyAdenosine,11
13.0,E11_2-DeoxyAdenosine,11
13.25,E11_2-DeoxyAdenosine,11
13.5,E11_2-DeoxyAdenosine,11
13.75,E11_2-DeoxyAdenosine,12
14.0,E11_2-DeoxyAdenosine,11
14.25,E11_2-DeoxyAdenosine,11
14.5,E11_2-DeoxyAdenosine,11
14.75,E11_2-DeoxyAdenosine,11
15.0,E11_2-DeoxyAdenosine,11
15.25,E11_2-DeoxyAdenosine,15
15.5,E11_2-DeoxyAdenosine,11
15.75,E11_2-DeoxyAdenosine,11
16.0,E11_2-DeoxyAdenosine,11
16.25,E11_2-DeoxyAdenosine,11
16.5,E11_2-DeoxyAdenosine,11
16.75,E11_2-DeoxyAdenosine,11
17.0,E11_2-DeoxyAdenosine,12
17.25,E11_2-DeoxyAdenosine,11
17.5,E11_2-DeoxyAdenosine,11
17.75,E11_2-DeoxyAdenosine,11
18.0,E11_2-DeoxyAdenosine,11
18.25,E11_2-DeoxyAdenosine,11
18.5,E11_2-DeoxyAdenosine,11
18.75,E11_2-DeoxyAdenosine,11
19.0,E11_2-DeoxyAdenosine,11
19.25,E11_2-DeoxyAdenosine,11
19.5,E11_2-DeoxyAdenosine,11
19.75,E11_2-DeoxyAdenosine,11
20.0,E11_2-DeoxyAdenosine,11
20.25,E11_2-DeoxyAdenosine,11
20.5,E11_2-DeoxyAdenosine,11
20.75,E11_2-DeoxyAdenosine,11
21.0,E11_2-DeoxyAdenosine,11
21.25,E11_2-DeoxyAdenosine,11
21.5,E11_2-DeoxyAdenosine,11
21.75,E11_2-DeoxyAdenosine,11
22.0,E11_2-DeoxyAdenosine,11
22.25,E11_2-DeoxyAdenosine,11
22.5,E11_2-DeoxyAdenosine,13
22.75,E11_2-DeoxyAdenosine,11
23.0,E11_2-DeoxyAdenosine,11
23.25,E11_2-DeoxyAdenosine,11
23.5,E11_2-DeoxyAdenosine,11
23.75,E11_2-DeoxyAdenosine,11
24.0,E11_2-DeoxyAdenosine,11
24.25,E11_2-DeoxyAdenosine,11
24.5,E11_2-DeoxyAdenosine,11
24.75,E11_2-DeoxyAdenosine,11
25.0,E11_2-DeoxyAdenosine,11
25.25,E11_2-DeoxyAdenosine,11
25.5,E11_2-DeoxyAdenosine,11
25.75,E11_2-DeoxyAdenosine,11
26.0,E11_2-DeoxyAdenosine,11
26.25,E11_2-DeoxyAdenosine,11
26.5,E11_2-DeoxyAdenosine,11
26.75,E11_2-DeoxyAdenosine,11
27.0,E11_2-DeoxyAdenosine,11
27.25,E11_2-DeoxyAdenosine,11
27.5,E11_2-DeoxyAdenosine,11
27.75,E11_2-DeoxyAdenosine,11
28.0,E11_2-DeoxyAdenosine,11
28.25,E11_2-DeoxyAdenosine,11
28.5,E11_2-DeoxyAdenosine,11
28.75,E11_2-DeoxyAdenosine,11
29.0,E11_2-DeoxyAdenosine,11
29.25,E11_2-DeoxyAdenosine,11
29.5,E11_2-DeoxyAdenosine,11
29.75,E11_2-DeoxyAdenosine,11
30.0,E11_2-DeoxyAdenosine,11
30.25,E11_2-DeoxyAdenosine,11
30.5,E11_2-DeoxyAdenosine,12
30.75,E11_2-DeoxyAdenosine,14
31.0,E11_2-DeoxyAdenosine,11
31.25,E11_2-DeoxyAdenosine,11
31.5,E11_2-DeoxyAdenosine,11
31.75,E11_2-DeoxyAdenosine,11
32.0,E11_2-DeoxyAdenosine,11
32.25,E11_2-DeoxyAdenosine,13
32.5,E11_2-DeoxyAdenosine,11
32.75,E11_2-DeoxyAdenosine,11
33.0,E11_2-DeoxyAdenosine,11
33.25,E11_2-DeoxyAdenosine,11
33.5,E11_2-DeoxyAdenosine,11
33.75,E11_2-DeoxyAdenosine,11
34.0,E11_2-DeoxyAdenosine,11
34.25,E11_2-DeoxyAdenosine,11
34.5,E11_2-DeoxyAdenosine,11
34.75,E11_2-DeoxyAdenosine,11
35.0,E11_2-DeoxyAdenosine,11
35.25,E11_2-DeoxyAdenosine,12
35.5,E11_2-DeoxyAdenosine,11
35.75,E11_2-DeoxyAdenosine,11
36.0,E11_2-DeoxyAdenosine,11
36.25,E11_2-DeoxyAdenosine,11
36.5,E11_2-DeoxyAdenosine,11
36.75,E11_2-DeoxyAdenosine,11
37.0,E11_2-DeoxyAdenosine,11
37.25,E11_2-DeoxyAdenosine,11
37.5,E11_2-DeoxyAdenosine,11
37.75,E11_2-DeoxyAdenosine,11
38.0,E11_2-DeoxyAdenosine,14
38.25,E11_2-DeoxyAdenosine,11
38.5,E11_2-DeoxyAdenosine,11
38.75,E11_2-DeoxyAdenosine,12
39.0,E11_2-DeoxyAdenosine,11
39.25,E11_2-DeoxyAdenosine,11
39.5,E11_2-DeoxyAdenosine,11
39.75,E11_2-DeoxyAdenosine,11
40.0,E11_2-DeoxyAdenosine,12
40.25,E11_2-DeoxyAdenosine,11
40.5,E11_2-DeoxyAdenosine,11
40.75,E11_2-DeoxyAdenosine,11
41.0,E11_2-DeoxyAdenosine,11
41.25,E11_2-DeoxyAdenosine,11
41.5,E11_2-DeoxyAdenosine,14
41.75,E11_2-DeoxyAdenosine,14
42.0,E11_2-DeoxyAdenosine,11
42.25,E11_2-DeoxyAdenosine,11
42.5,E11_2-DeoxyAdenosine,11
42.75,E11_2-DeoxyAdenosine,11
43.0,E11_2-DeoxyAdenosine,14
43.25,E11_2-DeoxyAdenosine,12
43.5,E11_2-DeoxyAdenosine,11
43.75,E11_2-DeoxyAdenosine,11
44.0,E11_2-DeoxyAdenosine,11
44.25,E11_2-DeoxyAdenosine,11
44.5,E11_2-DeoxyAdenosine,13
44.75,E11_2-DeoxyAdenosine,11
45.0,E11_2-DeoxyAdenosine,12
45.25,E11_2-DeoxyAdenosine,11
45.5,E11_2-DeoxyAdenosine,11
45.75,E11_2-DeoxyAdenosine,11
46.0,E11_2-DeoxyAdenosine,11
46.25,E11_2-DeoxyAdenosine,11
46.5,E11_2-DeoxyAdenosine,11
46.75,E11_2-DeoxyAdenosine,16
47.0,E11_2-DeoxyAdenosine,16
47.25,E11_2-DeoxyAdenosine,12
47.5,E11_2-DeoxyAdenosine,15
47.75,E11_2-DeoxyAdenosine,15
48.0,E11_2-DeoxyAdenosine,13
48.25,E11_2-DeoxyAdenosine,13
0.0,E12_Adenosine,16
0.25,E12_Adenosine,17
0.5,E12_Adenosine,14
0.75,E12_Adenosine,16
1.0,E12_Adenosine,19
1.25,E12_Adenosine,16
1.5,E12_Adenosine,19
1.75,E12_Adenosine,17
2.0,E12_Adenosine,19
2.25,E12_Adenosine,15
2.5,E12_Adenosine,21
2.75,E12_Adenosine,14
3.0,E12_Adenosine,16
3.25,E12_Adenosine,16
3.5,E12_Adenosine,19
3.75,E12_Adenosine,19
4.0,E12_Adenosine,19
4.25,E12_Adenosine,17
4.5,E12_Adenosine,16
4.75,E12_Adenosine,17
5.0,E12_Adenosine,21
5.25,E12_Adenosine,17
5.5,E12_Adenosine,17
5.75,E12_Adenosine,15
6.0,E12_Adenosine,19
6.25,E12_Adenosine,18
6.5,E12_Adenosine,18
6.75,E12_Adenosine,17
7.0,E12_Adenosine,19
7.25,E12_Adenosine,18
7.5,E12_Adenosine,19
7.75,E12_Adenosine,19
8.0,E12_Adenosine,19
8.25,E12_Adenosine,20
8.5,E12_Adenosine,20
8.75,E12_Adenosine,21
9.0,E12_Adenosine,18
9.25,E12_Adenosine,24
9.5,E12_Adenosine,21
9.75,E12_Adenosine,20
10.0,E12_Adenosine,23
10.25,E12_Adenosine,20
10.5,E12_Adenosine,18
10.75,E12_Adenosine,24
11.0,E12_Adenosine,21
11.25,E12_Adenosine,26
11.5,E12_Adenosine,24
11.75,E12_Adenosine,21
12.0,E12_Adenosine,21
12.25,E12_Adenosine,24
12.5,E12_Adenosine,20
12.75,E12_Adenosine,24
13.0,E12_Adenosine,27
13.25,E12_Adenosine,21
13.5,E12_Adenosine,21
13.75,E12_Adenosine,23
14.0,E12_Adenosine,18
14.25,E12_Adenosine,25
14.5,E12_Adenosine,24
14.75,E12_Adenosine,27
15.0,E12_Adenosine,27
15.25,E12_Adenosine,28
15.5,E12_Adenosine,25
15.75,E12_Adenosine,24
16.0,E12_Adenosine,24
16.25,E12_Adenosine,29
16.5,E12_Adenosine,27
16.75,E12_Adenosine,24
17.0,E12_Adenosine,30
17.25,E12_Adenosine,31
17.5,E12_Adenosine,28
17.75,E12_Adenosine,28
18.0,E12_Adenosine,29
18.25,E12_Adenosine,28
18.5,E12_Adenosine,31
18.75,E12_Adenosine,32
19.0,E12_Adenosine,29
19.25,E12_Adenosine,34
19.5,E12_Adenosine,29
19.75,E12_Adenosine,32
20.0,E12_Adenosine,34
20.25,E12_Adenosine,29
20.5,E12_Adenosine,31
20.75,E12_Adenosine,29
21.0,E12_Adenosine,32
21.25,E12_Adenosine,33
21.5,E12_Adenosine,36
21.75,E12_Adenosine,35
22.0,E12_Adenosine,35
22.25,E12_Adenosine,32
22.5,E12_Adenosine,37
22.75,E12_Adenosine,34
23.0,E12_Adenosine,33
23.25,E12_Adenosine,37
23.5,E12_Adenosine,37
23.75,E12_Adenosine,37
24.0,E12_Adenosine,39
24.25,E12_Adenosine,36
24.5,E12_Adenosine,36
24.75,E12_Adenosine,37
25.0,E12_Adenosine,36
25.25,E12_Adenosine,39
25.5,E12_Adenosine,36
25.75,E12_Adenosine,34
26.0,E12_Adenosine,37
26.25,E12_Adenosine,40
26.5,E12_Adenosine,35
26.75,E12_Adenosine,43
27.0,E12_Adenosine,38
27.25,E12_Adenosine,40
27.5,E12_Adenosine,37
27.75,E12_Adenosine,42
28.0,E12_Adenosine,41
28.25,E12_Adenosine,41
28.5,E12_Adenosine,41
28.75,E12_Adenosine,45
29.0,E12_Adenosine,38
29.25,E12_Adenosine,46
29.5,E12_Adenosine,44
29.75,E12_Adenosine,45
30.0,E12_Adenosine,43
30.25,E12_Adenosine,43
30.5,E12_Adenosine,43
30.75,E12_Adenosine,46
31.0,E12_Adenosine,40
31.25,E12_Adenosine,40
31.5,E12_Adenosine,44
31.75,E12_Adenosine,45
32.0,E12_Adenosine,45
32.25,E12_Adenosine,42
32.5,E12_Adenosine,42
32.75,E12_Adenosine,39
33.0,E12_Adenosine,41
33.25,E12_Adenosine,43
33.5,E12_Adenosine,42
33.75,E12_Adenosine,44
34.0,E12_Adenosine,45
34.25,E12_Adenosine,43
34.5,E12_Adenosine,47
34.75,E12_Adenosine,46
35.0,E12_Adenosine,39
35.25,E12_Adenosine,39
35.5,E12_Adenosine,45
35.75,E12_Adenosine,40
36.0,E12_Adenosine,43
36.25,E12_Adenosine,42
36.5,E12_Adenosine,43
36.75,E12_Adenosine,41
37.0,E12_Adenosine,40
37.25,E12_Adenosine,43
37.5,E12_Adenosine,42
37.75,E12_Adenosine,38
38.0,E12_Adenosine,42
38.25,E12_Adenosine,42
38.5,E12_Adenosine,39
38.75,E12_Adenosine,45
39.0,E12_Adenosine,44
39.25,E12_Adenosine,44
39.5,E12_Adenosine,40
39.75,E12_Adenosine,44
40.0,E12_Adenosine,46
40.25,E12_Adenosine,45
40.5,E12_Adenosine,42
40.75,E12_Adenosine,42
41.0,E12_Adenosine,44
41.25,E12_Adenosine,45
41.5,E12_Adenosine,42
41.75,E12_Adenosine,43
42.0,E12_Adenosine,43
42.25,E12_Adenosine,44
42.5,E12_Adenosine,40
42.75,E12_Adenosine,41
43.0,E12_Adenosine,41
43.25,E12_Adenosine,47
43.5,E12_Adenosine,45
43.75,E12_Adenosine,39
44.0,E12_Adenosine,44
44.25,E12_Adenosine,39
44.5,E12_Adenosine,41
44.75,E12_Adenosine,43
45.0,E12_Adenosine,39
45.25,E12_Adenosine,40
45.5,E12_Adenosine,43
45.75,E12_Adenosine,45
46.0,E12_Adenosine,39
46.25,E12_Adenosine,43
46.5,E12_Adenosine,44
46.75,E12_Adenosine,41
47.0,E12_Adenosine,46
47.25,E12_Adenosine,43
47.5,E12_Adenosine,45
47.75,E12_Adenosine,45
48.0,E12_Adenosine,45
48.25,E12_Adenosine,46
0.0,F2_Citric_Acid,11
0.25,F2_Citric_Acid,13
0.5,F2_Citric_Acid,12
0.75,F2_Citric_Acid,11
1.0,F2_Citric_Acid,15
1.25,F2_Citric_Acid,11
1.5,F2_Citric_Acid,12
1.75,F2_Citric_Acid,11
2.0,F2_Citric_Acid,11
2.25,F2_Citric_Acid,11
2.5,F2_Citric_Acid,14
2.75,F2_Citric_Acid,11
3.0,F2_Citric_Acid,11
3.25,F2_Citric_Acid,11
3.5,F2_Citric_Acid,11
3.75,F2_Citric_Acid,12
4.0,F2_Citric_Acid,11
4.25,F2_Citric_Acid,12
4.5,F2_Citric_Acid,11
4.75,F2_Citric_Acid,11
5.0,F2_Citric_Acid,11
5.25,F2_Citric_Acid,11
5.5,F2_Citric_Acid,11
5.75,F2_Citric_Acid,11
6.0,F2_Citric_Acid,11
6.25,F2_Citric_Acid,11
6.5,F2_Citric_Acid,11
6.75,F2_Citric_Acid,11
7.0,F2_Citric_Acid,14
7.25,F2_Citric_Acid,12
7.5,F2_Citric_Acid,11
7.75,F2_Citric_Acid,13
8.0,F2_Citric_Acid,11
8.25,F2_Citric_Acid,11
8.5,F2_Citric_Acid,14
8.75,F2_Citric_Acid,14
9.0,F2_Citric_Acid,11
9.25,F2_Citric_Acid,11
9.5,F2_Citric_Acid,11
9.75,F2_Citric_Acid,11
10.0,F2_Citric_Acid,11
10.25,F2_Citric_Acid,11
10.5,F2_Citric_Acid,11
10.75,F2_Citric_Acid,11
11.0,F2_Citric_Acid,11
11.25,F2_Citric_Acid,11
11.5,F2_Citric_Acid,11
11.75,F2_Citric_Acid,11
12.0,F2_Citric_Acid,11
12.25,F2_Citric_Acid,11
12.5,F2_Citric_Acid,12
12.75,F2_Citric_Acid,11
13.0,F2_Citric_Acid,11
13.25,F2_Citric_Acid,13
13.5,F2_Citric_Acid,11
13.75,F2_Citric_Acid,13
14.0,F2_Citric_Acid,13
14.25,F2_Citric_Acid,15
14.5,F2_Citric_Acid,11
14.75,F2_Citric_Acid,14
15.0,F2_Citric_Acid,11
15.25,F2_Citric_Acid,11
15.5,F2_Citric_Acid,13
15.75,F2_Citric_Acid,12
16.0,F2_Citric_Acid,11
16.25,F2_Citric_Acid,11
16.5,F2_Citric_Acid,11
16.75,F2_Citric_Acid,11
17.0,F2_Citric_Acid,12
17.25,F2_Citric_Acid,11
17.5,F2_Citric_Acid,14
17.75,F2_Citric_Acid,11
18.0,F2_Citric_Acid,11
18.25,F2_Citric_Acid,11
18.5,F2_Citric_Acid,12
18.75,F2_Citric_Acid,11
19.0,F2_Citric_Acid,11
19.25,F2_Citric_Acid,13
19.5,F2_Citric_Acid,11
19.75,F2_Citric_Acid,11
20.0,F2_Citric_Acid,11
20.25,F2_Citric_Acid,11
20.5,F2_Citric_Acid,11
20.75,F2_Citric_Acid,11
21.0,F2_Citric_Acid,11
21.25,F2_Citric_Acid,11
21.5,F2_Citric_Acid,11
21.75,F2_Citric_Acid,11
22.0,F2_Citric_Acid,11
22.25,F2_Citric_Acid,11
22.5,F2_Citric_Acid,12
22.75,F2_Citric_Acid,11
23.0,F2_Citric_Acid,11
23.25,F2_Citric_Acid,11
23.5,F2_Citric_Acid,11
23.75,F2_Citric_Acid,11
24.0,F2_Citric_Acid,12
24.25,F2_Citric_Acid,11
24.5,F2_Citric_Acid,11
24.75,F2_Citric_Acid,11
25.0,F2_Citric_Acid,11
25.25,F2_Citric_Acid,11
25.5,F2_Citric_Acid,11
25.75,F2_Citric_Acid,11
26.0,F2_Citric_Acid,11
26.25,F2_Citric_Acid,11
26.5,F2_Citric_Acid,11
26.75,F2_Citric_Acid,11
27.0,F2_Citric_Acid,11
27.25,F2_Citric_Acid,11
27.5,F2_Citric_Acid,11
27.75,F2_Citric_Acid,11
28.0,F2_Citric_Acid,11
28.25,F2_Citric_Acid,11
28.5,F2_Citric_Acid,11
28.75,F2_Citric_Acid,15
29.0,F2_Citric_Acid,11
29.25,F2_Citric_Acid,11
29.5,F2_Citric_Acid,16
29.75,F2_Citric_Acid,12
30.0,F2_Citric_Acid,16
30.25,F2_Citric_Acid,13
30.5,F2_Citric_Acid,15
30.75,F2_Citric_Acid,11
31.0,F2_Citric_Acid,13
31.25,F2_Citric_Acid,11
31.5,F2_Citric_Acid,15
31.75,F2_Citric_Acid,11
32.0,F2_Citric_Acid,11
32.25,F2_Citric_Acid,11
32.5,F2_Citric_Acid,17
32.75,F2_Citric_Acid,11
33.0,F2_Citric_Acid,13
33.25,F2_Citric_Acid,11
33.5,F2_Citric_Acid,13
33.75,F2_Citric_Acid,15
34.0,F2_Citric_Acid,17
34.25,F2_Citric_Acid,13
34.5,F2_Citric_Acid,12
34.75,F2_Citric_Acid,12
35.0,F2_Citric_Acid,11
35.25,F2_Citric_Acid,12
35.5,F2_Citric_Acid,11
35.75,F2_Citric_Acid,13
36.0,F2_Citric_Acid,14
36.25,F2_Citric_Acid,11
36.5,F2_Citric_Acid,12
36.75,F2_Citric_Acid,11
37.0,F2_Citric_Acid,18
37.25,F2_Citric_Acid,15
37.5,F2_Citric_Acid,11
37.75,F2_Citric_Acid,11
38.0,F2_Citric_Acid,13
38.25,F2_Citric_Acid,11
38.5,F2_Citric_Acid,11
38.75,F2_Citric_Acid,15
39.0,F2_Citric_Acid,11
39.25,F2_Citric_Acid,11
39.5,F2_Citric_Acid,11
39.75,F2_Citric_Acid,13
40.0,F2_Citric_Acid,16
40.25,F2_Citric_Acid,12
40.5,F2_Citric_Acid,13
40.75,F2_Citric_Acid,18
41.0,F2_Citric_Acid,14
41.25,F2_Citric_Acid,13
41.5,F2_Citric_Acid,11
41.75,F2_Citric_Acid,14
42.0,F2_Citric_Acid,14
42.25,F2_Citric_Acid,11
42.5,F2_Citric_Acid,13
42.75,F2_Citric_Acid,11
43.0,F2_Citric_Acid,13
43.25,F2_Citric_Acid,14
43.5,F2_Citric_Acid,11
43.75,F2_Citric_Acid,14
44.0,F2_Citric_Acid,16
44.25,F2_Citric_Acid,13
44.5,F2_Citric_Acid,13
44.75,F2_Citric_Acid,19
45.0,F2_Citric_Acid,17
45.25,F2_Citric_Acid,11
45.5,F2_Citric_Acid,15
45.75,F2_Citric_Acid,12
46.0,F2_Citric_Acid,11
46.25,F2_Citric_Acid,15
46.5,F2_Citric_Acid,17
46.75,F2_Citric_Acid,20
47.0,F2_Citric_Acid,15
47.25,F2_Citric_Acid,11
47.5,F2_Citric_Acid,16
47.75,F2_Citric_Acid,15
48.0,F2_Citric_Acid,18
48.25,F2_Citric_Acid,18
0.0,F5_Fumaric_Acid,12
0.25,F5_Fumaric_Acid,11
0.5,F5_Fumaric_Acid,11
0.75,F5_Fumaric_Acid,11
1.0,F5_Fumaric_Acid,11
1.25,F5_Fumaric_Acid,11
1.5,F5_Fumaric_Acid,11
1.75,F5_Fumaric_Acid,11
2.0,F5_Fumaric_Acid,11
2.25,F5_Fumaric_Acid,11
2.5,F5_Fumaric_Acid,11
2.75,F5_Fumaric_Acid,11
3.0,F5_Fumaric_Acid,11
3.25,F5_Fumaric_Acid,11
3.5,F5_Fumaric_Acid,11
3.75,F5_Fumaric_Acid,11
4.0,F5_Fumaric_Acid,11
4.25,F5_Fumaric_Acid,11
4.5,F5_Fumaric_Acid,11
4.75,F5_Fumaric_Acid,11
5.0,F5_Fumaric_Acid,11
5.25,F5_Fumaric_Acid,11
5.5,F5_Fumaric_Acid,11
5.75,F5_Fumaric_Acid,11
6.0,F5_Fumaric_Acid,11
6.25,F5_Fumaric_Acid,11
6.5,F5_Fumaric_Acid,11
6.75,F5_Fumaric_Acid,11
7.0,F5_Fumaric_Acid,11
7.25,F5_Fumaric_Acid,11
7.5,F5_Fumaric_Acid,11
7.75,F5_Fumaric_Acid,11
8.0,F5_Fumaric_Acid,11
8.25,F5_Fumaric_Acid,11
8.5,F5_Fumaric_Acid,11
8.75,F5_Fumaric_Acid,11
9.0,F5_Fumaric_Acid,11
9.25,F5_Fumaric_Acid,11
9.5,F5_Fumaric_Acid,11
9.75,F5_Fumaric_Acid,11
10.0,F5_Fumaric_Acid,11
10.25,F5_Fumaric_Acid,11
10.5,F5_Fumaric_Acid,11
10.75,F5_Fumaric_Acid,11
11.0,F5_Fumaric_Acid,11
11.25,F5_Fumaric_Acid,11
11.5,F5_Fumaric_Acid,11
11.75,F5_Fumaric_Acid,11
12.0,F5_Fumaric_Acid,11
12.25,F5_Fumaric_Acid,11
12.5,F5_Fumaric_Acid,11
12.75,F5_Fumaric_Acid,11
13.0,F5_Fumaric_Acid,11
13.25,F5_Fumaric_Acid,11
13.5,F5_Fumaric_Acid,11
13.75,F5_Fumaric_Acid,11
14.0,F5_Fumaric_Acid,11
14.25,F5_Fumaric_Acid,11
14.5,F5_Fumaric_Acid,11
14.75,F5_Fumaric_Acid,11
15.0,F5_Fumaric_Acid,11
15.25,F5_Fumaric_Acid,11
15.5,F5_Fumaric_Acid,11
15.75,F5_Fumaric_Acid,11
16.0,F5_Fumaric_Acid,11
16.25,F5_Fumaric_Acid,11
16.5,F5_Fumaric_Acid,11
16.75,F5_Fumaric_Acid,11
17.0,F5_Fumaric_Acid,11
17.25,F5_Fumaric_Acid,11
17.5,F5_Fumaric_Acid,11
17.75,F5_Fumaric_Acid,11
18.0,F5_Fumaric_Acid,11
18.25,F5_Fumaric_Acid,11
18.5,F5_Fumaric_Acid,11
18.75,F5_Fumaric_Acid,11
19.0,F5_Fumaric_Acid,11
19.25,F5_Fumaric_Acid,11
19.5,F5_Fumaric_Acid,11
19.75,F5_Fumaric_Acid,11
20.0,F5_Fumaric_Acid,11
20.25,F5_Fumaric_Acid,11
20.5,F5_Fumaric_Acid,11
20.75,F5_Fumaric_Acid,11
21.0,F5_Fumaric_Acid,11
21.25,F5_Fumaric_Acid,11
21.5,F5_Fumaric_Acid,11
21.75,F5_Fumaric_Acid,11
22.0,F5_Fumaric_Acid,11
22.25,F5_Fumaric_Acid,11
22.5,F5_Fumaric_Acid,12
22.75,F5_Fumaric_Acid,11
23.0,F5_Fumaric_Acid,11
23.25,F5_Fumaric_Acid,11
23.5,F5_Fumaric_Acid,11
23.75,F5_Fumaric_Acid,11
24.0,F5_Fumaric_Acid,11
24.25,F5_Fumaric_Acid,11
24.5,F5_Fumaric_Acid,11
24.75,F5_Fumaric_Acid,11
25.0,F5_Fumaric_Acid,11
25.25,F5_Fumaric_Acid,11
25.5,F5_Fumaric_Acid,11
25.75,F5_Fumaric_Acid,11
26.0,F5_Fumaric_Acid,11
26.25,F5_Fumaric_Acid,11
26.5,F5_Fumaric_Acid,11
26.75,F5_Fumaric_Acid,11
27.0,F5_Fumaric_Acid,11
27.25,F5_Fumaric_Acid,11
27.5,F5_Fumaric_Acid,11
27.75,F5_Fumaric_Acid,11
28.0,F5_Fumaric_Acid,11
28.25,F5_Fumaric_Acid,11
28.5,F5_Fumaric_Acid,11
28.75,F5_Fumaric_Acid,11
29.0,F5_Fumaric_Acid,11
29.25,F5_Fumaric_Acid,11
29.5,F5_Fumaric_Acid,11
29.75,F5_Fumaric_Acid,14
30.0,F5_Fumaric_Acid,11
30.25,F5_Fumaric_Acid,11
30.5,F5_Fumaric_Acid,11
30.75,F5_Fumaric_Acid,11
31.0,F5_Fumaric_Acid,11
31.25,F5_Fumaric_Acid,11
31.5,F5_Fumaric_Acid,11
31.75,F5_Fumaric_Acid,11
32.0,F5_Fumaric_Acid,11
32.25,F5_Fumaric_Acid,11
32.5,F5_Fumaric_Acid,12
32.75,F5_Fumaric_Acid,11
33.0,F5_Fumaric_Acid,12
33.25,F5_Fumaric_Acid,11
33.5,F5_Fumaric_Acid,13
33.75,F5_Fumaric_Acid,12
34.0,F5_Fumaric_Acid,13
34.25,F5_Fumaric_Acid,11
34.5,F5_Fumaric_Acid,15
34.75,F5_Fumaric_Acid,13
35.0,F5_Fumaric_Acid,15
35.25,F5_Fumaric_Acid,11
35.5,F5_Fumaric_Acid,12
35.75,F5_Fumaric_Acid,16
36.0,F5_Fumaric_Acid,14
36.25,F5_Fumaric_Acid,11
36.5,F5_Fumaric_Acid,12
36.75,F5_Fumaric_Acid,17
37.0,F5_Fumaric_Acid,11
37.25,F5_Fumaric_Acid,13
37.5,F5_Fumaric_Acid,13
37.75,F5_Fumaric_Acid,14
38.0,F5_Fumaric_Acid,14
38.25,F5_Fumaric_Acid,16
38.5,F5_Fumaric_Acid,14
38.75,F5_Fumaric_Acid,11
39.0,F5_Fumaric_Acid,12
39.25,F5_Fumaric_Acid,16
39.5,F5_Fumaric_Acid,13
39.75,F5_Fumaric_Acid,12
40.0,F5_Fumaric_Acid,15
40.25,F5_Fumaric_Acid,16
40.5,F5_Fumaric_Acid,17
40.75,F5_Fumaric_Acid,15
41.0,F5_Fumaric_Acid,14
41.25,F5_Fumaric_Acid,15
41.5,F5_Fumaric_Acid,15
41.75,F5_Fumaric_Acid,13
42.0,F5_Fumaric_Acid,15
42.25,F5_Fumaric_Acid,15
42.5,F5_Fumaric_Acid,14
42.75,F5_Fumaric_Acid,13
43.0,F5_Fumaric_Acid,16
43.25,F5_Fumaric_Acid,18
43.5,F5_Fumaric_Acid,17
43.75,F5_Fumaric_Acid,17
44.0,F5_Fumaric_Acid,17
44.25,F5_Fumaric_Acid,14
44.5,F5_Fumaric_Acid,16
44.75,F5_Fumaric_Acid,14
45.0,F5_Fumaric_Acid,15
45.25,F5_Fumaric_Acid,13
45.5,F5_Fumaric_Acid,14
45.75,F5_Fumaric_Acid,17
46.0,F5_Fumaric_Acid,15
46.25,F5_Fumaric_Acid,18
46.5,F5_Fumaric_Acid,18
46.75,F5_Fumaric_Acid,22
47.0,F5_Fumaric_Acid,18
47.25,F5_Fumaric_Acid,16
47.5,F5_Fumaric_Acid,19
47.75,F5_Fumaric_Acid,17
48.0,F5_Fumaric_Acid,17
48.25,F5_Fumaric_Acid,24
0.0,F6_Bromo_Succinic_Acid,13
0.25,F6_Bromo_Succinic_Acid,11
0.5,F6_Bromo_Succinic_Acid,11
0.75,F6_Bromo_Succinic_Acid,11
1.0,F6_Bromo_Succinic_Acid,11
1.25,F6_Bromo_Succinic_Acid,11
1.5,F6_Bromo_Succinic_Acid,11
1.75,F6_Bromo_Succinic_Acid,11
2.0,F6_Bromo_Succinic_Acid,11
2.25,F6_Bromo_Succinic_Acid,11
2.5,F6_Bromo_Succinic_Acid,11
2.75,F6_Bromo_Succinic_Acid,11
3.0,F6_Bromo_Succinic_Acid,11
3.25,F6_Bromo_Succinic_Acid,11
3.5,F6_Bromo_Succinic_Acid,11
3.75,F6_Bromo_Succinic_Acid,11
4.0,F6_Bromo_Succinic_Acid,11
4.25,F6_Bromo_Succinic_Acid,11
4.5,F6_Bromo_Succinic_Acid,11
4.75,F6_Bromo_Succinic_Acid,11
5.0,F6_Bromo_Succinic_Acid,11
5.25,F6_Bromo_Succinic_Acid,11
5.5,F6_Bromo_Succinic_Acid,11
5.75,F6_Bromo_Succinic_Acid,11
6.0,F6_Bromo_Succinic_Acid,11
6.25,F6_Bromo_Succinic_Acid,11
6.5,F6_Bromo_Succinic_Acid,11
6.75,F6_Bromo_Succinic_Acid,11
7.0,F6_Bromo_Succinic_Acid,11
7.25,F6_Bromo_Succinic_Acid,11
7.5,F6_Bromo_Succinic_Acid,11
7.75,F6_Bromo_Succinic_Acid,11
8.0,F6_Bromo_Succinic_Acid,11
8.25,F6_Bromo_Succinic_Acid,11
8.5,F6_Bromo_Succinic_Acid,11
8.75,F6_Bromo_Succinic_Acid,11
9.0,F6_Bromo_Succinic_Acid,11
9.25,F6_Bromo_Succinic_Acid,11
9.5,F6_Bromo_Succinic_Acid,11
9.75,F6_Bromo_Succinic_Acid,11
10.0,F6_Bromo_Succinic_Acid,11
10.25,F6_Bromo_Succinic_Acid,11
10.5,F6_Bromo_Succinic_Acid,11
10.75,F6_Bromo_Succinic_Acid,11
11.0,F6_Bromo_Succinic_Acid,11
11.25,F6_Bromo_Succinic_Acid,11
11.5,F6_Bromo_Succinic_Acid,11
11.75,F6_Bromo_Succinic_Acid,11
12.0,F6_Bromo_Succinic_Acid,11
12.25,F6_Bromo_Succinic_Acid,11
12.5,F6_Bromo_Succinic_Acid,11
12.75,F6_Bromo_Succinic_Acid,11
13.0,F6_Bromo_Succinic_Acid,11
13.25,F6_Bromo_Succinic_Acid,11
13.5,F6_Bromo_Succinic_Acid,11
13.75,F6_Bromo_Succinic_Acid,11
14.0,F6_Bromo_Succinic_Acid,11
14.25,F6_Bromo_Succinic_Acid,11
14.5,F6_Bromo_Succinic_Acid,11
14.75,F6_Bromo_Succinic_Acid,11
15.0,F6_Bromo_Succinic_Acid,11
15.25,F6_Bromo_Succinic_Acid,11
15.5,F6_Bromo_Succinic_Acid,11
15.75,F6_Bromo_Succinic_Acid,11
16.0,F6_Bromo_Succinic_Acid,11
16.25,F6_Bromo_Succinic_Acid,11
16.5,F6_Bromo_Succinic_Acid,11
16.75,F6_Bromo_Succinic_Acid,12
17.0,F6_Bromo_Succinic_Acid,11
17.25,F6_Bromo_Succinic_Acid,11
17.5,F6_Bromo_Succinic_Acid,11
17.75,F6_Bromo_Succinic_Acid,11
18.0,F6_Bromo_Succinic_Acid,11
18.25,F6_Bromo_Succinic_Acid,11
18.5,F6_Bromo_Succinic_Acid,11
18.75,F6_Bromo_Succinic_Acid,11
19.0,F6_Bromo_Succinic_Acid,11
19.25,F6_Bromo_Succinic_Acid,11
19.5,F6_Bromo_Succinic_Acid,11
19.75,F6_Bromo_Succinic_Acid,11
20.0,F6_Bromo_Succinic_Acid,11
20.25,F6_Bromo_Succinic_Acid,11
20.5,F6_Bromo_Succinic_Acid,11
20.75,F6_Bromo_Succinic_Acid,11
21.0,F6_Bromo_Succinic_Acid,11
21.25,F6_Bromo_Succinic_Acid,11
21.5,F6_Bromo_Succinic_Acid,11
21.75,F6_Bromo_Succinic_Acid,11
22.0,F6_Bromo_Succinic_Acid,11
22.25,F6_Bromo_Succinic_Acid,11
22.5,F6_Bromo_Succinic_Acid,11
22.75,F6_Bromo_Succinic_Acid,11
23.0,F6_Bromo_Succinic_Acid,11
23.25,F6_Bromo_Succinic_Acid,11
23.5,F6_Bromo_Succinic_Acid,11
23.75,F6_Bromo_Succinic_Acid,11
24.0,F6_Bromo_Succinic_Acid,11
24.25,F6_Bromo_Succinic_Acid,11
24.5,F6_Bromo_Succinic_Acid,11
24.75,F6_Bromo_Succinic_Acid,11
25.0,F6_Bromo_Succinic_Acid,11
25.25,F6_Bromo_Succinic_Acid,11
25.5,F6_Bromo_Succinic_Acid,11
25.75,F6_Bromo_Succinic_Acid,11
26.0,F6_Bromo_Succinic_Acid,11
26.25,F6_Bromo_Succinic_Acid,11
26.5,F6_Bromo_Succinic_Acid,11
26.75,F6_Bromo_Succinic_Acid,11
27.0,F6_Bromo_Succinic_Acid,11
27.25,F6_Bromo_Succinic_Acid,11
27.5,F6_Bromo_Succinic_Acid,11
27.75,F6_Bromo_Succinic_Acid,11
28.0,F6_Bromo_Succinic_Acid,11
28.25,F6_Bromo_Succinic_Acid,11
28.5,F6_Bromo_Succinic_Acid,11
28.75,F6_Bromo_Succinic_Acid,11
29.0,F6_Bromo_Succinic_Acid,11
29.25,F6_Bromo_Succinic_Acid,11
29.5,F6_Bromo_Succinic_Acid,11
29.75,F6_Bromo_Succinic_Acid,11
30.0,F6_Bromo_Succinic_Acid,11
30.25,F6_Bromo_Succinic_Acid,11
30.5,F6_Bromo_Succinic_Acid,11
30.75,F6_Bromo_Succinic_Acid,11
31.0,F6_Bromo_Succinic_Acid,11
31.25,F6_Bromo_Succinic_Acid,11
31.5,F6_Bromo_Succinic_Acid,13
31.75,F6_Bromo_Succinic_Acid,11
32.0,F6_Bromo_Succinic_Acid,11
32.25,F6_Bromo_Succinic_Acid,11
32.5,F6_Bromo_Succinic_Acid,12
32.75,F6_Bromo_Succinic_Acid,11
33.0,F6_Bromo_Succinic_Acid,11
33.25,F6_Bromo_Succinic_Acid,11
33.5,F6_Bromo_Succinic_Acid,11
33.75,F6_Bromo_Succinic_Acid,11
34.0,F6_Bromo_Succinic_Acid,11
34.25,F6_Bromo_Succinic_Acid,11
34.5,F6_Bromo_Succinic_Acid,12
34.75,F6_Bromo_Succinic_Acid,11
35.0,F6_Bromo_Succinic_Acid,11
35.25,F6_Bromo_Succinic_Acid,11
35.5,F6_Bromo_Succinic_Acid,13
35.75,F6_Bromo_Succinic_Acid,11
36.0,F6_Bromo_Succinic_Acid,11
36.25,F6_Bromo_Succinic_Acid,11
36.5,F6_Bromo_Succinic_Acid,11
36.75,F6_Bromo_Succinic_Acid,11
37.0,F6_Bromo_Succinic_Acid,14
37.25,F6_Bromo_Succinic_Acid,11
37.5,F6_Bromo_Succinic_Acid,11
37.75,F6_Bromo_Succinic_Acid,11
38.0,F6_Bromo_Succinic_Acid,11
38.25,F6_Bromo_Succinic_Acid,12
38.5,F6_Bromo_Succinic_Acid,11
38.75,F6_Bromo_Succinic_Acid,11
39.0,F6_Bromo_Succinic_Acid,11
39.25,F6_Bromo_Succinic_Acid,14
39.5,F6_Bromo_Succinic_Acid,11
39.75,F6_Bromo_Succinic_Acid,12
40.0,F6_Bromo_Succinic_Acid,14
40.25,F6_Bromo_Succinic_Acid,13
40.5,F6_Bromo_Succinic_Acid,11
40.75,F6_Bromo_Succinic_Acid,11
41.0,F6_Bromo_Succinic_Acid,11
41.25,F6_Bromo_Succinic_Acid,11
41.5,F6_Bromo_Succinic_Acid,11
41.75,F6_Bromo_Succinic_Acid,12
42.0,F6_Bromo_Succinic_Acid,11
42.25,F6_Bromo_Succinic_Acid,11
42.5,F6_Bromo_Succinic_Acid,11
42.75,F6_Bromo_Succinic_Acid,11
43.0,F6_Bromo_Succinic_Acid,11
43.25,F6_Bromo_Succinic_Acid,11
43.5,F6_Bromo_Succinic_Acid,11
43.75,F6_Bromo_Succinic_Acid,11
44.0,F6_Bromo_Succinic_Acid,11
44.25,F6_Bromo_Succinic_Acid,11
44.5,F6_Bromo_Succinic_Acid,11
44.75,F6_Bromo_Succinic_Acid,11
45.0,F6_Bromo_Succinic_Acid,11
45.25,F6_Bromo_Succinic_Acid,11
45.5,F6_Bromo_Succinic_Acid,11
45.75,F6_Bromo_Succinic_Acid,11
46.0,F6_Bromo_Succinic_Acid,11
46.25,F6_Bromo_Succinic_Acid,11
46.5,F6_Bromo_Succinic_Acid,13
46.75,F6_Bromo_Succinic_Acid,11
47.0,F6_Bromo_Succinic_Acid,11
47.25,F6_Bromo_Succinic_Acid,11
47.5,F6_Bromo_Succinic_Acid,11
47.75,F6_Bromo_Succinic_Acid,17
48.0,F6_Bromo_Succinic_Acid,11
48.25,F6_Bromo_Succinic_Acid,13
0.0,F12_Inosine,14
0.25,F12_Inosine,13
0.5,F12_Inosine,17
0.75,F12_Inosine,18
1.0,F12_Inosine,15
1.25,F12_Inosine,17
1.5,F12_Inosine,21
1.75,F12_Inosine,16
2.0,F12_Inosine,19
2.25,F12_Inosine,19
2.5,F12_Inosine,17
2.75,F12_Inosine,20
3.0,F12_Inosine,17
3.25,F12_Inosine,19
3.5,F12_Inosine,19
3.75,F12_Inosine,21
4.0,F12_Inosine,19
4.25,F12_Inosine,18
4.5,F12_Inosine,23
4.75,F12_Inosine,16
5.0,F12_Inosine,23
5.25,F12_Inosine,22
5.5,F12_Inosine,17
5.75,F12_Inosine,15
6.0,F12_Inosine,18
6.25,F12_Inosine,21
6.5,F12_Inosine,21
6.75,F12_Inosine,21
7.0,F12_Inosine,20
7.25,F12_Inosine,22
7.5,F12_Inosine,23
7.75,F12_Inosine,20
8.0,F12_Inosine,17
8.25,F12_Inosine,21
8.5,F12_Inosine,20
8.75,F12_Inosine,20
9.0,F12_Inosine,19
9.25,F12_Inosine,21
9.5,F12_Inosine,21
9.75,F12_Inosine,24
10.0,F12_Inosine,23
10.25,F12_Inosine,20
10.5,F12_Inosine,21
10.75,F12_Inosine,26
11.0,F12_Inosine,22
11.25,F12_Inosine,23
11.5,F12_Inosine,22
11.75,F12_Inosine,20
12.0,F12_Inosine,25
12.25,F12_Inosine,21
12.5,F12_Inosine,26
12.75,F12_Inosine,26
13.0,F12_Inosine,25
13.25,F12_Inosine,24
13.5,F12_Inosine,22
13.75,F12_Inosine,23
14.0,F12_Inosine,22
14.25,F12_Inosine,29
14.5,F12_Inosine,23
14.75,F12_Inosine,28
15.0,F12_Inosine,27
15.25,F12_Inosine,27
15.5,F12_Inosine,26
15.75,F12_Inosine,28
16.0,F12_Inosine,29
16.25,F12_Inosine,32
16.5,F12_Inosine,27
16.75,F12_Inosine,30
17.0,F12_Inosine,35
17.25,F12_Inosine,32
17.5,F12_Inosine,30
17.75,F12_Inosine,28
18.0,F12_Inosine,26
18.25,F12_Inosine,30
18.5,F12_Inosine,34
18.75,F12_Inosine,32
19.0,F12_Inosine,30
19.25,F12_Inosine,38
19.5,F12_Inosine,33
19.75,F12_Inosine,35
20.0,F12_Inosine,35
20.25,F12_Inosine,37
20.5,F12_Inosine,26
20.75,F12_Inosine,33
21.0,F12_Inosine,35
21.25,F12_Inosine,32
21.5,F12_Inosine,42
21.75,F12_Inosine,36
22.0,F12_Inosine,38
22.25,F12_Inosine,37
22.5,F12_Inosine,38
22.75,F12_Inosine,34
23.0,F12_Inosine,29
23.25,F12_Inosine,40
23.5,F12_Inosine,38
23.75,F12_Inosine,37
24.0,F12_Inosine,44
24.25,F12_Inosine,40
24.5,F12_Inosine,35
24.75,F12_Inosine,40
25.0,F12_Inosine,37
25.25,F12_Inosine,38
25.5,F12_Inosine,40
25.75,F12_Inosine,43
26.0,F12_Inosine,35
26.25,F12_Inosine,40
26.5,F12_Inosine,43
26.75,F12_Inosine,35
27.0,F12_Inosine,38
27.25,F12_Inosine,42
27.5,F12_Inosine,40
27.75,F12_Inosine,40
28.0,F12_Inosine,37
28.25,F12_Inosine,37
28.5,F12_Inosine,38
28.75,F12_Inosine,42
29.0,F12_Inosine,44
29.25,F12_Inosine,41
29.5,F12_Inosine,47
29.75,F12_Inosine,44
30.0,F12_Inosine,46
30.25,F12_Inosine,43
30.5,F12_Inosine,44
30.75,F12_Inosine,46
31.0,F12_Inosine,43
31.25,F12_Inosine,27
31.5,F12_Inosine,40
31.75,F12_Inosine,38
32.0,F12_Inosine,34
32.25,F12_Inosine,35
32.5,F12_Inosine,38
32.75,F12_Inosine,35
33.0,F12_Inosine,37
33.25,F12_Inosine,33
33.5,F12_Inosine,36
33.75,F12_Inosine,33
34.0,F12_Inosine,36
34.25,F12_Inosine,31
34.5,F12_Inosine,36
34.75,F12_Inosine,34
35.0,F12_Inosine,37
35.25,F12_Inosine,31
35.5,F12_Inosine,34
35.75,F12_Inosine,33
36.0,F12_Inosine,33
36.25,F12_Inosine,29
36.5,F12_Inosine,31
36.75,F12_Inosine,32
37.0,F12_Inosine,29
37.25,F12_Inosine,35
37.5,F12_Inosine,34
37.75,F12_Inosine,34
38.0,F12_Inosine,32
38.25,F12_Inosine,34
38.5,F12_Inosine,31
38.75,F12_Inosine,30
39.0,F12_Inosine,32
39.25,F12_Inosine,31
39.5,F12_Inosine,27
39.75,F12_Inosine,30
40.0,F12_Inosine,34
40.25,F12_Inosine,34
40.5,F12_Inosine,31
40.75,F12_Inosine,29
41.0,F12_Inosine,33
41.25,F12_Inosine,30
41.5,F12_Inosine,32
41.75,F12_Inosine,33
42.0,F12_Inosine,26
42.25,F12_Inosine,25
42.5,F12_Inosine,30
42.75,F12_Inosine,33
43.0,F12_Inosine,31
43.25,F12_Inosine,35
43.5,F12_Inosine,34
43.75,F12_Inosine,33
44.0,F12_Inosine,28
44.25,F12_Inosine,31
44.5,F12_Inosine,31
44.75,F12_Inosine,36
45.0,F12_Inosine,34
45.25,F12_Inosine,35
45.5,F12_Inosine,32
45.75,F12_Inosine,31
46.0,F12_Inosine,34
46.25,F12_Inosine,30
46.5,F12_Inosine,35
46.75,F12_Inosine,37
47.0,F12_Inosine,33
47.25,F12_Inosine,28
47.5,F12_Inosine,36
47.75,F12_Inosine,36
48.0,F12_Inosine,32
48.25,F12_Inosine,41
0.0,G4_L-Threonine,11
0.25,G4_L-Threonine,11
0.5,G4_L-Threonine,11
0.75,G4_L-Threonine,11
1.0,G4_L-Threonine,11
1.25,G4_L-Threonine,11
1.5,G4_L-Threonine,13
1.75,G4_L-Threonine,11
2.0,G4_L-Threonine,11
2.25,G4_L-Threonine,11
2.5,G4_L-Threonine,12
2.75,G4_L-Threonine,12
3.0,G4_L-Threonine,11
3.25,G4_L-Threonine,11
3.5,G4_L-Threonine,11
3.75,G4_L-Threonine,11
4.0,G4_L-Threonine,11
4.25,G4_L-Threonine,11
4.5,G4_L-Threonine,11
4.75,G4_L-Threonine,11
5.0,G4_L-Threonine,11
5.25,G4_L-Threonine,11
5.5,G4_L-Threonine,11
5.75,G4_L-Threonine,11
6.0,G4_L-Threonine,12
6.25,G4_L-Threonine,11
6.5,G4_L-Threonine,11
6.75,G4_L-Threonine,11
7.0,G4_L-Threonine,11
7.25,G4_L-Threonine,12
7.5,G4_L-Threonine,11
7.75,G4_L-Threonine,15
8.0,G4_L-Threonine,12
8.25,G4_L-Threonine,11
8.5,G4_L-Threonine,15
8.75,G4_L-Threonine,11
9.0,G4_L-Threonine,11
9.25,G4_L-Threonine,11
9.5,G4_L-Threonine,11
9.75,G4_L-Threonine,11
10.0,G4_L-Threonine,11
10.25,G4_L-Threonine,12
10.5,G4_L-Threonine,11
10.75,G4_L-Threonine,11
11.0,G4_L-Threonine,11
11.25,G4_L-Threonine,11
11.5,G4_L-Threonine,11
11.75,G4_L-Threonine,11
12.0,G4_L-Threonine,11
12.25,G4_L-Threonine,11
12.5,G4_L-Threonine,11
12.75,G4_L-Threonine,12
13.0,G4_L-Threonine,11
13.25,G4_L-Threonine,11
13.5,G4_L-Threonine,11
13.75,G4_L-Threonine,11
14.0,G4_L-Threonine,11
14.25,G4_L-Threonine,11
14.5,G4_L-Threonine,11
14.75,G4_L-Threonine,11
15.0,G4_L-Threonine,11
15.25,G4_L-Threonine,12
15.5,G4_L-Threonine,11
15.75,G4_L-Threonine,11
16.0,G4_L-Threonine,11
16.25,G4_L-Threonine,11
16.5,G4_L-Threonine,11
16.75,G4_L-Threonine,11
17.0,G4_L-Threonine,17
17.25,G4_L-Threonine,11
17.5,G4_L-Threonine,14
17.75,G4_L-Threonine,11
18.0,G4_L-Threonine,11
18.25,G4_L-Threonine,11
18.5,G4_L-Threonine,15
18.75,G4_L-Threonine,11
19.0,G4_L-Threonine,11
19.25,G4_L-Threonine,12
19.5,G4_L-Threonine,11
19.75,G4_L-Threonine,14
20.0,G4_L-Threonine,11
20.25,G4_L-Threonine,11
20.5,G4_L-Threonine,11
20.75,G4_L-Threonine,11
21.0,G4_L-Threonine,11
21.25,G4_L-Threonine,11
21.5,G4_L-Threonine,12
21.75,G4_L-Threonine,11
22.0,G4_L-Threonine,11
22.25,G4_L-Threonine,11
22.5,G4_L-Threonine,15
22.75,G4_L-Threonine,11
23.0,G4_L-Threonine,11
23.25,G4_L-Threonine,11
23.5,G4_L-Threonine,11
23.75,G4_L-Threonine,11
24.0,G4_L-Threonine,11
24.25,G4_L-Threonine,11
24.5,G4_L-Threonine,11
24.75,G4_L-Threonine,11
25.0,G4_L-Threonine,11
25.25,G4_L-Threonine,11
25.5,G4_L-Threonine,11
25.75,G4_L-Threonine,11
26.0,G4_L-Threonine,11
26.25,G4_L-Threonine,11
26.5,G4_L-Threonine,11
26.75,G4_L-Threonine,11
27.0,G4_L-Threonine,11
27.25,G4_L-Threonine,11
27.5,G4_L-Threonine,11
27.75,G4_L-Threonine,11
28.0,G4_L-Threonine,11
28.25,G4_L-Threonine,11
28.5,G4_L-Threonine,11
28.75,G4_L-Threonine,11
29.0,G4_L-Threonine,11
29.25,G4_L-Threonine,14
29.5,G4_L-Threonine,16
29.75,G4_L-Threonine,13
30.0,G4_L-Threonine,12
30.25,G4_L-Threonine,13
30.5,G4_L-Threonine,14
30.75,G4_L-Threonine,12
31.0,G4_L-Threonine,12
31.25,G4_L-Threonine,11
31.5,G4_L-Threonine,12
31.75,G4_L-Threonine,11
32.0,G4_L-Threonine,11
32.25,G4_L-Threonine,13
32.5,G4_L-Threonine,12
32.75,G4_L-Threonine,11
33.0,G4_L-Threonine,13
33.25,G4_L-Threonine,14
33.5,G4_L-Threonine,11
33.75,G4_L-Threonine,11
34.0,G4_L-Threonine,13
34.25,G4_L-Threonine,11
34.5,G4_L-Threonine,14
34.75,G4_L-Threonine,13
35.0,G4_L-Threonine,11
35.25,G4_L-Threonine,12
35.5,G4_L-Threonine,11
35.75,G4_L-Threonine,14
36.0,G4_L-Threonine,11
36.25,G4_L-Threonine,11
36.5,G4_L-Threonine,12
36.75,G4_L-Threonine,11
37.0,G4_L-Threonine,13
37.25,G4_L-Threonine,15
37.5,G4_L-Threonine,11
37.75,G4_L-Threonine,11
38.0,G4_L-Threonine,11
38.25,G4_L-Threonine,11
38.5,G4_L-Threonine,11
38.75,G4_L-Threonine,11
39.0,G4_L-Threonine,11
39.25,G4_L-Threonine,12
39.5,G4_L-Threonine,11
39.75,G4_L-Threonine,11
40.0,G4_L-Threonine,12
40.25,G4_L-Threonine,14
40.5,G4_L-Threonine,11
40.75,G4_L-Threonine,11
41.0,G4_L-Threonine,11
41.25,G4_L-Threonine,13
41.5,G4_L-Threonine,11
41.75,G4_L-Threonine,13
42.0,G4_L-Threonine,11
42.25,G4_L-Threonine,11
42.5,G4_L-Threonine,11
42.75,G4_L-Threonine,11
43.0,G4_L-Threonine,14
43.25,G4_L-Threonine,11
43.5,G4_L-Threonine,11
43.75,G4_L-Threonine,11
44.0,G4_L-Threonine,11
44.25,G4_L-Threonine,11
44.5,G4_L-Threonine,13
44.75,G4_L-Threonine,12
45.0,G4_L-Threonine,11
45.25,G4_L-Threonine,11
45.5,G4_L-Threonine,11
45.75,G4_L-Threonine,12
46.0,G4_L-Threonine,11
46.25,G4_L-Threonine,11
46.5,G4_L-Threonine,14
46.75,G4_L-Threonine,12
47.0,G4_L-Threonine,14
47.25,G4_L-Threonine,11
47.5,G4_L-Threonine,11
47.75,G4_L-Threonine,11
48.0,G4_L-Threonine,11
48.25,G4_L-Threonine,14
0.0,G5_L-Alanine,14
0.25,G5_L-Alanine,11
0.5,G5_L-Alanine,12
0.75,G5_L-Alanine,11
1.0,G5_L-Alanine,11
1.25,G5_L-Alanine,11
1.5,G5_L-Alanine,11
1.75,G5_L-Alanine,11
2.0,G5_L-Alanine,11
2.25,G5_L-Alanine,11
2.5,G5_L-Alanine,13
2.75,G5_L-Alanine,13
3.0,G5_L-Alanine,11
3.25,G5_L-Alanine,11
3.5,G5_L-Alanine,11
3.75,G5_L-Alanine,11
4.0,G5_L-Alanine,11
4.25,G5_L-Alanine,11
4.5,G5_L-Alanine,11
4.75,G5_L-Alanine,12
5.0,G5_L-Alanine,11
5.25,G5_L-Alanine,11
5.5,G5_L-Alanine,11
5.75,G5_L-Alanine,11
6.0,G5_L-Alanine,11
6.25,G5_L-Alanine,15
6.5,G5_L-Alanine,11
6.75,G5_L-Alanine,11
7.0,G5_L-Alanine,14
7.25,G5_L-Alanine,13
7.5,G5_L-Alanine,12
7.75,G5_L-Alanine,11
8.0,G5_L-Alanine,11
8.25,G5_L-Alanine,11
8.5,G5_L-Alanine,12
8.75,G5_L-Alanine,11
9.0,G5_L-Alanine,11
9.25,G5_L-Alanine,11
9.5,G5_L-Alanine,11
9.75,G5_L-Alanine,11
10.0,G5_L-Alanine,11
10.25,G5_L-Alanine,11
10.5,G5_L-Alanine,11
10.75,G5_L-Alanine,15
11.0,G5_L-Alanine,12
11.25,G5_L-Alanine,13
11.5,G5_L-Alanine,11
11.75,G5_L-Alanine,11
12.0,G5_L-Alanine,11
12.25,G5_L-Alanine,11
12.5,G5_L-Alanine,12
12.75,G5_L-Alanine,11
13.0,G5_L-Alanine,11
13.25,G5_L-Alanine,14
13.5,G5_L-Alanine,11
13.75,G5_L-Alanine,12
14.0,G5_L-Alanine,12
14.25,G5_L-Alanine,14
14.5,G5_L-Alanine,11
14.75,G5_L-Alanine,13
15.0,G5_L-Alanine,11
15.25,G5_L-Alanine,11
15.5,G5_L-Alanine,11
15.75,G5_L-Alanine,11
16.0,G5_L-Alanine,11
16.25,G5_L-Alanine,11
16.5,G5_L-Alanine,11
16.75,G5_L-Alanine,11
17.0,G5_L-Alanine,12
17.25,G5_L-Alanine,11
17.5,G5_L-Alanine,11
17.75,G5_L-Alanine,13
18.0,G5_L-Alanine,11
18.25,G5_L-Alanine,11
18.5,G5_L-Alanine,12
18.75,G5_L-Alanine,11
19.0,G5_L-Alanine,11
19.25,G5_L-Alanine,14
19.5,G5_L-Alanine,11
19.75,G5_L-Alanine,12
20.0,G5_L-Alanine,16
20.25,G5_L-Alanine,13
20.5,G5_L-Alanine,11
20.75,G5_L-Alanine,11
21.0,G5_L-Alanine,11
21.25,G5_L-Alanine,11
21.5,G5_L-Alanine,11
21.75,G5_L-Alanine,11
22.0,G5_L-Alanine,11
22.25,G5_L-Alanine,11
22.5,G5_L-Alanine,15
22.75,G5_L-Alanine,11
23.0,G5_L-Alanine,11
23.25,G5_L-Alanine,11
23.5,G5_L-Alanine,11
23.75,G5_L-Alanine,12
24.0,G5_L-Alanine,11
24.25,G5_L-Alanine,11
24.5,G5_L-Alanine,11
24.75,G5_L-Alanine,13
25.0,G5_L-Alanine,11
25.25,G5_L-Alanine,11
25.5,G5_L-Alanine,11
25.75,G5_L-Alanine,11
26.0,G5_L-Alanine,11
26.25,G5_L-Alanine,14
26.5,G5_L-Alanine,11
26.75,G5_L-Alanine,11
27.0,G5_L-Alanine,11
27.25,G5_L-Alanine,11
27.5,G5_L-Alanine,12
27.75,G5_L-Alanine,11
28.0,G5_L-Alanine,12
28.25,G5_L-Alanine,11
28.5,G5_L-Alanine,11
28.75,G5_L-Alanine,12
29.0,G5_L-Alanine,15
29.25,G5_L-Alanine,11
29.5,G5_L-Alanine,13
29.75,G5_L-Alanine,14
30.0,G5_L-Alanine,14
30.25,G5_L-Alanine,12
30.5,G5_L-Alanine,12
30.75,G5_L-Alanine,14
31.0,G5_L-Alanine,12
31.25,G5_L-Alanine,11
31.5,G5_L-Alanine,12
31.75,G5_L-Alanine,16
32.0,G5_L-Alanine,11
32.25,G5_L-Alanine,12
32.5,G5_L-Alanine,14
32.75,G5_L-Alanine,12
33.0,G5_L-Alanine,13
33.25,G5_L-Alanine,12
33.5,G5_L-Alanine,15
33.75,G5_L-Alanine,14
34.0,G5_L-Alanine,12
34.25,G5_L-Alanine,14
34.5,G5_L-Alanine,11
34.75,G5_L-Alanine,16
35.0,G5_L-Alanine,13
35.25,G5_L-Alanine,16
35.5,G5_L-Alanine,12
35.75,G5_L-Alanine,14
36.0,G5_L-Alanine,13
36.25,G5_L-Alanine,12
36.5,G5_L-Alanine,16
36.75,G5_L-Alanine,15
37.0,G5_L-Alanine,11
37.25,G5_L-Alanine,13
37.5,G5_L-Alanine,14
37.75,G5_L-Alanine,15
38.0,G5_L-Alanine,13
38.25,G5_L-Alanine,11
38.5,G5_L-Alanine,13
38.75,G5_L-Alanine,16
39.0,G5_L-Alanine,15
39.25,G5_L-Alanine,17
39.5,G5_L-Alanine,12
39.75,G5_L-Alanine,14
40.0,G5_L-Alanine,17
40.25,G5_L-Alanine,16
40.5,G5_L-Alanine,14
40.75,G5_L-Alanine,16
41.0,G5_L-Alanine,17
41.25,G5_L-Alanine,16
41.5,G5_L-Alanine,12
41.75,G5_L-Alanine,15
42.0,G5_L-Alanine,15
42.25,G5_L-Alanine,14
42.5,G5_L-Alanine,16
42.75,G5_L-Alanine,15
43.0,G5_L-Alanine,15
43.25,G5_L-Alanine,19
43.5,G5_L-Alanine,16
43.75,G5_L-Alanine,22
44.0,G5_L-Alanine,16
44.25,G5_L-Alanine,14
44.5,G5_L-Alanine,16
44.75,G5_L-Alanine,14
45.0,G5_L-Alanine,18
45.25,G5_L-Alanine,13
45.5,G5_L-Alanine,19
45.75,G5_L-Alanine,15
46.0,G5_L-Alanine,15
46.25,G5_L-Alanine,17
46.5,G5_L-Alanine,20
46.75,G5_L-Alanine,22
47.0,G5_L-Alanine,19
47.25,G5_L-Alanine,18
47.5,G5_L-Alanine,17
47.75,G5_L-Alanine,18
48.0,G5_L-Alanine,15
48.25,G5_L-Alanine,19
0.0,G6_L-Alanyl-Glycine,11
0.25,G6_L-Alanyl-Glycine,11
0.5,G6_L-Alanyl-Glycine,11
0.75,G6_L-Alanyl-Glycine,11
1.0,G6_L-Alanyl-Glycine,11
1.25,G6_L-Alanyl-Glycine,11
1.5,G6_L-Alanyl-Glycine,11
1.75,G6_L-Alanyl-Glycine,11
2.0,G6_L-Alanyl-Glycine,11
2.25,G6_L-Alanyl-Glycine,11
2.5,G6_L-Alanyl-Glycine,12
2.75,G6_L-Alanyl-Glycine,13
3.0,G6_L-Alanyl-Glycine,13
3.25,G6_L-Alanyl-Glycine,11
3.5,G6_L-Alanyl-Glycine,11
3.75,G6_L-Alanyl-Glycine,12
4.0,G6_L-Alanyl-Glycine,11
4.25,G6_L-Alanyl-Glycine,11
4.5,G6_L-Alanyl-Glycine,11
4.75,G6_L-Alanyl-Glycine,11
5.0,G6_L-Alanyl-Glycine,11
5.25,G6_L-Alanyl-Glycine,13
5.5,G6_L-Alanyl-Glycine,11
5.75,G6_L-Alanyl-Glycine,12
6.0,G6_L-Alanyl-Glycine,11
6.25,G6_L-Alanyl-Glycine,11
6.5,G6_L-Alanyl-Glycine,12
6.75,G6_L-Alanyl-Glycine,11
7.0,G6_L-Alanyl-Glycine,14
7.25,G6_L-Alanyl-Glycine,11
7.5,G6_L-Alanyl-Glycine,11
7.75,G6_L-Alanyl-Glycine,11
8.0,G6_L-Alanyl-Glycine,11
8.25,G6_L-Alanyl-Glycine,11
8.5,G6_L-Alanyl-Glycine,11
8.75,G6_L-Alanyl-Glycine,12
9.0,G6_L-Alanyl-Glycine,11
9.25,G6_L-Alanyl-Glycine,11
9.5,G6_L-Alanyl-Glycine,14
9.75,G6_L-Alanyl-Glycine,11
10.0,G6_L-Alanyl-Glycine,11
10.25,G6_L-Alanyl-Glycine,11
10.5,G6_L-Alanyl-Glycine,11
10.75,G6_L-Alanyl-Glycine,11
11.0,G6_L-Alanyl-Glycine,11
11.25,G6_L-Alanyl-Glycine,13
11.5,G6_L-Alanyl-Glycine,11
11.75,G6_L-Alanyl-Glycine,11
12.0,G6_L-Alanyl-Glycine,14
12.25,G6_L-Alanyl-Glycine,13
12.5,G6_L-Alanyl-Glycine,11
12.75,G6_L-Alanyl-Glycine,11
13.0,G6_L-Alanyl-Glycine,15
13.25,G6_L-Alanyl-Glycine,11
13.5,G6_L-Alanyl-Glycine,15
13.75,G6_L-Alanyl-Glycine,11
14.0,G6_L-Alanyl-Glycine,11
14.25,G6_L-Alanyl-Glycine,11
14.5,G6_L-Alanyl-Glycine,13
14.75,G6_L-Alanyl-Glycine,11
15.0,G6_L-Alanyl-Glycine,11
15.25,G6_L-Alanyl-Glycine,11
15.5,G6_L-Alanyl-Glycine,11
15.75,G6_L-Alanyl-Glycine,11
16.0,G6_L-Alanyl-Glycine,11
16.25,G6_L-Alanyl-Glycine,12
16.5,G6_L-Alanyl-Glycine,11
16.75,G6_L-Alanyl-Glycine,11
17.0,G6_L-Alanyl-Glycine,11
17.25,G6_L-Alanyl-Glycine,11
17.5,G6_L-Alanyl-Glycine,11
17.75,G6_L-Alanyl-Glycine,14
18.0,G6_L-Alanyl-Glycine,12
18.25,G6_L-Alanyl-Glycine,15
18.5,G6_L-Alanyl-Glycine,11
18.75,G6_L-Alanyl-Glycine,11
19.0,G6_L-Alanyl-Glycine,12
19.25,G6_L-Alanyl-Glycine,13
19.5,G6_L-Alanyl-Glycine,11
19.75,G6_L-Alanyl-Glycine,11
20.0,G6_L-Alanyl-Glycine,14
20.25,G6_L-Alanyl-Glycine,12
20.5,G6_L-Alanyl-Glycine,11
20.75,G6_L-Alanyl-Glycine,11
21.0,G6_L-Alanyl-Glycine,12
21.25,G6_L-Alanyl-Glycine,12
21.5,G6_L-Alanyl-Glycine,11
21.75,G6_L-Alanyl-Glycine,12
22.0,G6_L-Alanyl-Glycine,13
22.25,G6_L-Alanyl-Glycine,12
22.5,G6_L-Alanyl-Glycine,12
22.75,G6_L-Alanyl-Glycine,11
23.0,G6_L-Alanyl-Glycine,11
23.25,G6_L-Alanyl-Glycine,15
23.5,G6_L-Alanyl-Glycine,11
23.75,G6_L-Alanyl-Glycine,13
24.0,G6_L-Alanyl-Glycine,12
24.25,G6_L-Alanyl-Glycine,11
24.5,G6_L-Alanyl-Glycine,11
24.75,G6_L-Alanyl-Glycine,11
25.0,G6_L-Alanyl-Glycine,11
25.25,G6_L-Alanyl-Glycine,11
25.5,G6_L-Alanyl-Glycine,11
25.75,G6_L-Alanyl-Glycine,11
26.0,G6_L-Alanyl-Glycine,11
26.25,G6_L-Alanyl-Glycine,11
26.5,G6_L-Alanyl-Glycine,11
26.75,G6_L-Alanyl-Glycine,11
27.0,G6_L-Alanyl-Glycine,13
27.25,G6_L-Alanyl-Glycine,11
27.5,G6_L-Alanyl-Glycine,11
27.75,G6_L-Alanyl-Glycine,11
28.0,G6_L-Alanyl-Glycine,11
28.25,G6_L-Alanyl-Glycine,11
28.5,G6_L-Alanyl-Glycine,11
28.75,G6_L-Alanyl-Glycine,13
29.0,G6_L-Alanyl-Glycine,12
29.25,G6_L-Alanyl-Glycine,17
29.5,G6_L-Alanyl-Glycine,11
29.75,G6_L-Alanyl-Glycine,11
30.0,G6_L-Alanyl-Glycine,11
30.25,G6_L-Alanyl-Glycine,11
30.5,G6_L-Alanyl-Glycine,11
30.75,G6_L-Alanyl-Glycine,11
31.0,G6_L-Alanyl-Glycine,11
31.25,G6_L-Alanyl-Glycine,11
31.5,G6_L-Alanyl-Glycine,11
31.75,G6_L-Alanyl-Glycine,11
32.0,G6_L-Alanyl-Glycine,12
32.25,G6_L-Alanyl-Glycine,11
32.5,G6_L-Alanyl-Glycine,11
32.75,G6_L-Alanyl-Glycine,11
33.0,G6_L-Alanyl-Glycine,11
33.25,G6_L-Alanyl-Glycine,11
33.5,G6_L-Alanyl-Glycine,11
33.75,G6_L-Alanyl-Glycine,12
34.0,G6_L-Alanyl-Glycine,11
34.25,G6_L-Alanyl-Glycine,11
34.5,G6_L-Alanyl-Glycine,11
34.75,G6_L-Alanyl-Glycine,11
35.0,G6_L-Alanyl-Glycine,11
35.25,G6_L-Alanyl-Glycine,11
35.5,G6_L-Alanyl-Glycine,11
35.75,G6_L-Alanyl-Glycine,12
36.0,G6_L-Alanyl-Glycine,11
36.25,G6_L-Alanyl-Glycine,14
36.5,G6_L-Alanyl-Glycine,11
36.75,G6_L-Alanyl-Glycine,11
37.0,G6_L-Alanyl-Glycine,11
37.25,G6_L-Alanyl-Glycine,11
37.5,G6_L-Alanyl-Glycine,11
37.75,G6_L-Alanyl-Glycine,11
38.0,G6_L-Alanyl-Glycine,11
38.25,G6_L-Alanyl-Glycine,11
38.5,G6_L-Alanyl-Glycine,11
38.75,G6_L-Alanyl-Glycine,11
39.0,G6_L-Alanyl-Glycine,12
39.25,G6_L-Alanyl-Glycine,15
39.5,G6_L-Alanyl-Glycine,11
39.75,G6_L-Alanyl-Glycine,11
40.0,G6_L-Alanyl-Glycine,11
40.25,G6_L-Alanyl-Glycine,11
40.5,G6_L-Alanyl-Glycine,11
40.75,G6_L-Alanyl-Glycine,12
41.0,G6_L-Alanyl-Glycine,12
41.25,G6_L-Alanyl-Glycine,11
41.5,G6_L-Alanyl-Glycine,11
41.75,G6_L-Alanyl-Glycine,13
42.0,G6_L-Alanyl-Glycine,11
42.25,G6_L-Alanyl-Glycine,11
42.5,G6_L-Alanyl-Glycine,11
42.75,G6_L-Alanyl-Glycine,13
43.0,G6_L-Alanyl-Glycine,11
43.25,G6_L-Alanyl-Glycine,11
43.5,G6_L-Alanyl-Glycine,13
43.75,G6_L-Alanyl-Glycine,11
44.0,G6_L-Alanyl-Glycine,11
44.25,G6_L-Alanyl-Glycine,11
44.5,G6_L-Alanyl-Glycine,11
44.75,G6_L-Alanyl-Glycine,11
45.0,G6_L-Alanyl-Glycine,11
45.25,G6_L-Alanyl-Glycine,11
45.5,G6_L-Alanyl-Glycine,12
45.75,G6_L-Alanyl-Glycine,11
46.0,G6_L-Alanyl-Glycine,12
46.25,G6_L-Alanyl-Glycine,11
46.5,G6_L-Alanyl-Glycine,11
46.75,G6_L-Alanyl-Glycine,11
47.0,G6_L-Alanyl-Glycine,13
47.25,G6_L-Alanyl-Glycine,11
47.5,G6_L-Alanyl-Glycine,11
47.75,G6_L-Alanyl-Glycine,14
48.0,G6_L-Alanyl-Glycine,12
48.25,G6_L-Alanyl-Glycine,11
0.0,G12_L-Malic_Acid,20
0.25,G12_L-Malic_Acid,18
0.5,G12_L-Malic_Acid,20
0.75,G12_L-Malic_Acid,19
1.0,G12_L-Malic_Acid,21
1.25,G12_L-Malic_Acid,17
1.5,G12_L-Malic_Acid,19
1.75,G12_L-Malic_Acid,14
2.0,G12_L-Malic_Acid,23
2.25,G12_L-Malic_Acid,18
2.5,G12_L-Malic_Acid,24
2.75,G12_L-Malic_Acid,25
3.0,G12_L-Malic_Acid,19
3.25,G12_L-Malic_Acid,22
3.5,G12_L-Malic_Acid,20
3.75,G12_L-Malic_Acid,21
4.0,G12_L-Malic_Acid,22
4.25,G12_L-Malic_Acid,22
4.5,G12_L-Malic_Acid,25
4.75,G12_L-Malic_Acid,20
5.0,G12_L-Malic_Acid,18
5.25,G12_L-Malic_Acid,20
5.5,G12_L-Malic_Acid,21
5.75,G12_L-Malic_Acid,23
6.0,G12_L-Malic_Acid,18
6.25,G12_L-Malic_Acid,19
6.5,G12_L-Malic_Acid,20
6.75,G12_L-Malic_Acid,21
7.0,G12_L-Malic_Acid,22
7.25,G12_L-Malic_Acid,23
7.5,G12_L-Malic_Acid,20
7.75,G12_L-Malic_Acid,20
8.0,G12_L-Malic_Acid,23
8.25,G12_L-Malic_Acid,20
8.5,G12_L-Malic_Acid,20
8.75,G12_L-Malic_Acid,20
9.0,G12_L-Malic_Acid,18
9.25,G12_L-Malic_Acid,23
9.5,G12_L-Malic_Acid,26
9.75,G12_L-Malic_Acid,20
10.0,G12_L-Malic_Acid,20
10.25,G12_L-Malic_Acid,20
10.5,G12_L-Malic_Acid,19
10.75,G12_L-Malic_Acid,23
11.0,G12_L-Malic_Acid,19
11.25,G12_L-Malic_Acid,19
11.5,G12_L-Malic_Acid,23
11.75,G12_L-Malic_Acid,17
12.0,G12_L-Malic_Acid,21
12.25,G12_L-Malic_Acid,20
12.5,G12_L-Malic_Acid,21
12.75,G12_L-Malic_Acid,23
13.0,G12_L-Malic_Acid,18
13.25,G12_L-Malic_Acid,22
13.5,G12_L-Malic_Acid,17
13.75,G12_L-Malic_Acid,19
14.0,G12_L-Malic_Acid,17
14.25,G12_L-Malic_Acid,23
14.5,G12_L-Malic_Acid,22
14.75,G12_L-Malic_Acid,21
15.0,G12_L-Malic_Acid,21
15.25,G12_L-Malic_Acid,18
15.5,G12_L-Malic_Acid,21
15.75,G12_L-Malic_Acid,17
16.0,G12_L-Malic_Acid,18
16.25,G12_L-Malic_Acid,17
16.5,G12_L-Malic_Acid,18
16.75,G12_L-Malic_Acid,19
17.0,G12_L-Malic_Acid,18
17.25,G12_L-Malic_Acid,21
17.5,G12_L-Malic_Acid,18
17.75,G12_L-Malic_Acid,21
18.0,G12_L-Malic_Acid,20
18.25,G12_L-Malic_Acid,19
18.5,G12_L-Malic_Acid,22
18.75,G12_L-Malic_Acid,19
19.0,G12_L-Malic_Acid,17
19.25,G12_L-Malic_Acid,21
19.5,G12_L-Malic_Acid,17
19.75,G12_L-Malic_Acid,19
20.0,G12_L-Malic_Acid,21
20.25,G12_L-Malic_Acid,21
20.5,G12_L-Malic_Acid,18
20.75,G12_L-Malic_Acid,20
21.0,G12_L-Malic_Acid,19
21.25,G12_L-Malic_Acid,21
21.5,G12_L-Malic_Acid,17
21.75,G12_L-Malic_Acid,19
22.0,G12_L-Malic_Acid,22
22.25,G12_L-Malic_Acid,21
22.5,G12_L-Malic_Acid,22
22.75,G12_L-Malic_Acid,23
23.0,G12_L-Malic_Acid,17
23.25,G12_L-Malic_Acid,23
23.5,G12_L-Malic_Acid,20
23.75,G12_L-Malic_Acid,25
24.0,G12_L-Malic_Acid,20
24.25,G12_L-Malic_Acid,19
24.5,G12_L-Malic_Acid,19
24.75,G12_L-Malic_Acid,22
25.0,G12_L-Malic_Acid,21
25.25,G12_L-Malic_Acid,25
25.5,G12_L-Malic_Acid,23
25.75,G12_L-Malic_Acid,21
26.0,G12_L-Malic_Acid,21
26.25,G12_L-Malic_Acid,19
26.5,G12_L-Malic_Acid,20
26.75,G12_L-Malic_Acid,21
27.0,G12_L-Malic_Acid,22
27.25,G12_L-Malic_Acid,19
27.5,G12_L-Malic_Acid,20
27.75,G12_L-Malic_Acid,23
28.0,G12_L-Malic_Acid,19
28.25,G12_L-Malic_Acid,24
28.5,G12_L-Malic_Acid,23
28.75,G12_L-Malic_Acid,21
29.0,G12_L-Malic_Acid,21
29.25,G12_L-Malic_Acid,27
29.5,G12_L-Malic_Acid,19
29.75,G12_L-Malic_Acid,23
30.0,G12_L-Malic_Acid,22
30.25,G12_L-Malic_Acid,22
30.5,G12_L-Malic_Acid,24
30.75,G12_L-Malic_Acid,22
31.0,G12_L-Malic_Acid,18
31.25,G12_L-Malic_Acid,20
31.5,G12_L-Malic_Acid,22
31.75,G12_L-Malic_Acid,24
32.0,G12_L-Malic_Acid,21
32.25,G12_L-Malic_Acid,19
32.5,G12_L-Malic_Acid,20
32.75,G12_L-Malic_Acid,23
33.0,G12_L-Malic_Acid,20
33.25,G12_L-Malic_Acid,19
33.5,G12_L-Malic_Acid,19
33.75,G12_L-Malic_Acid,20
34.0,G12_L-Malic_Acid,23
34.25,G12_L-Malic_Acid,24
34.5,G12_L-Malic_Acid,27
34.75,G12_L-Malic_Acid,24
35.0,G12_L-Malic_Acid,21
35.25,G12_L-Malic_Acid,25
35.5,G12_L-Malic_Acid,20
35.75,G12_L-Malic_Acid,22
36.0,G12_L-Malic_Acid,18
36.25,G12_L-Malic_Acid,26
36.5,G12_L-Malic_Acid,23
36.75,G12_L-Malic_Acid,22
37.0,G12_L-Malic_Acid,27
37.25,G12_L-Malic_Acid,22
37.5,G12_L-Malic_Acid,24
37.75,G12_L-Malic_Acid,27
38.0,G12_L-Malic_Acid,25
38.25,G12_L-Malic_Acid,25
38.5,G12_L-Malic_Acid,22
38.75,G12_L-Malic_Acid,26
39.0,G12_L-Malic_Acid,21
39.25,G12_L-Malic_Acid,26
39.5,G12_L-Malic_Acid,23
39.75,G12_L-Malic_Acid,21
40.0,G12_L-Malic_Acid,25
40.25,G12_L-Malic_Acid,25
40.5,G12_L-Malic_Acid,24
40.75,G12_L-Malic_Acid,26
41.0,G12_L-Malic_Acid,25
41.25,G12_L-Malic_Acid,21
41.5,G12_L-Malic_Acid,25
41.75,G12_L-Malic_Acid,23
42.0,G12_L-Malic_Acid,21
42.25,G12_L-Malic_Acid,27
42.5,G12_L-Malic_Acid,21
42.75,G12_L-Malic_Acid,26
43.0,G12_L-Malic_Acid,26
43.25,G12_L-Malic_Acid,24
43.5,G12_L-Malic_Acid,27
43.75,G12_L-Malic_Acid,28
44.0,G12_L-Malic_Acid,28
44.25,G12_L-Malic_Acid,25
44.5,G12_L-Malic_Acid,28
44.75,G12_L-Malic_Acid,26
45.0,G12_L-Malic_Acid,24
45.25,G12_L-Malic_Acid,28
45.5,G12_L-Malic_Acid,24
45.75,G12_L-Malic_Acid,26
46.0,G12_L-Malic_Acid,27
46.25,G12_L-Malic_Acid,24
46.5,G12_L-Malic_Acid,29
46.75,G12_L-Malic_Acid,32
47.0,G12_L-Malic_Acid,30
47.25,G12_L-Malic_Acid,29
47.5,G12_L-Malic_Acid,34
47.75,G12_L-Malic_Acid,31
48.0,G12_L-Malic_Acid,27
48.25,G12_L-Malic_Acid,32
0.0,H1_Glycyl-L-Proline,20
0.25,H1_Glycyl-L-Proline,22
0.5,H1_Glycyl-L-Proline,21
0.75,H1_Glycyl-L-Proline,20
1.0,H1_Glycyl-L-Proline,20
1.25,H1_Glycyl-L-Proline,24
1.5,H1_Glycyl-L-Proline,22
1.75,H1_Glycyl-L-Proline,20
2.0,H1_Glycyl-L-Proline,21
2.25,H1_Glycyl-L-Proline,19
2.5,H1_Glycyl-L-Proline,25
2.75,H1_Glycyl-L-Proline,24
3.0,H1_Glycyl-L-Proline,18
3.25,H1_Glycyl-L-Proline,18
3.5,H1_Glycyl-L-Proline,22
3.75,H1_Glycyl-L-Proline,16
4.0,H1_Glycyl-L-Proline,22
4.25,H1_Glycyl-L-Proline,26
4.5,H1_Glycyl-L-Proline,20
4.75,H1_Glycyl-L-Proline,28
5.0,H1_Glycyl-L-Proline,21
5.25,H1_Glycyl-L-Proline,21
5.5,H1_Glycyl-L-Proline,21
5.75,H1_Glycyl-L-Proline,21
6.0,H1_Glycyl-L-Proline,21
6.25,H1_Glycyl-L-Proline,19
6.5,H1_Glycyl-L-Proline,22
6.75,H1_Glycyl-L-Proline,15
7.0,H1_Glycyl-L-Proline,20
7.25,H1_Glycyl-L-Proline,24
7.5,H1_Glycyl-L-Proline,18
7.75,H1_Glycyl-L-Proline,19
8.0,H1_Glycyl-L-Proline,21
8.25,H1_Glycyl-L-Proline,23
8.5,H1_Glycyl-L-Proline,23
8.75,H1_Glycyl-L-Proline,22
9.0,H1_Glycyl-L-Proline,21
9.25,H1_Glycyl-L-Proline,21
9.5,H1_Glycyl-L-Proline,18
9.75,H1_Glycyl-L-Proline,18
10.0,H1_Glycyl-L-Proline,22
10.25,H1_Glycyl-L-Proline,16
10.5,H1_Glycyl-L-Proline,20
10.75,H1_Glycyl-L-Proline,18
11.0,H1_Glycyl-L-Proline,24
11.25,H1_Glycyl-L-Proline,19
11.5,H1_Glycyl-L-Proline,19
11.75,H1_Glycyl-L-Proline,20
12.0,H1_Glycyl-L-Proline,24
12.25,H1_Glycyl-L-Proline,20
12.5,H1_Glycyl-L-Proline,21
12.75,H1_Glycyl-L-Proline,23
13.0,H1_Glycyl-L-Proline,20
13.25,H1_Glycyl-L-Proline,22
13.5,H1_Glycyl-L-Proline,19
13.75,H1_Glycyl-L-Proline,22
14.0,H1_Glycyl-L-Proline,18
14.25,H1_Glycyl-L-Proline,20
14.5,H1_Glycyl-L-Proline,17
14.75,H1_Glycyl-L-Proline,20
15.0,H1_Glycyl-L-Proline,18
15.25,H1_Glycyl-L-Proline,22
15.5,H1_Glycyl-L-Proline,19
15.75,H1_Glycyl-L-Proline,18
16.0,H1_Glycyl-L-Proline,20
16.25,H1_Glycyl-L-Proline,17
16.5,H1_Glycyl-L-Proline,22
16.75,H1_Glycyl-L-Proline,17
17.0,H1_Glycyl-L-Proline,18
17.25,H1_Glycyl-L-Proline,23
17.5,H1_Glycyl-L-Proline,17
17.75,H1_Glycyl-L-Proline,20
18.0,H1_Glycyl-L-Proline,18
18.25,H1_Glycyl-L-Proline,14
18.5,H1_Glycyl-L-Proline,18
18.75,H1_Glycyl-L-Proline,13
19.0,H1_Glycyl-L-Proline,14
19.25,H1_Glycyl-L-Proline,18
19.5,H1_Glycyl-L-Proline,18
19.75,H1_Glycyl-L-Proline,20
20.0,H1_Glycyl-L-Proline,18
20.25,H1_Glycyl-L-Proline,16
20.5,H1_Glycyl-L-Proline,23
20.75,H1_Glycyl-L-Proline,20
21.0,H1_Glycyl-L-Proline,20
21.25,H1_Glycyl-L-Proline,20
21.5,H1_Glycyl-L-Proline,19
21.75,H1_Glycyl-L-Proline,14
22.0,H1_Glycyl-L-Proline,18
22.25,H1_Glycyl-L-Proline,23
22.5,H1_Glycyl-L-Proline,22
22.75,H1_Glycyl-L-Proline,19
23.0,H1_Glycyl-L-Proline,19
23.25,H1_Glycyl-L-Proline,18
23.5,H1_Glycyl-L-Proline,20
23.75,H1_Glycyl-L-Proline,15
24.0,H1_Glycyl-L-Proline,20
24.25,H1_Glycyl-L-Proline,22
24.5,H1_Glycyl-L-Proline,20
24.75,H1_Glycyl-L-Proline,17
25.0,H1_Glycyl-L-Proline,21
25.25,H1_Glycyl-L-Proline,18
25.5,H1_Glycyl-L-Proline,22
25.75,H1_Glycyl-L-Proline,15
26.0,H1_Glycyl-L-Proline,14
26.25,H1_Glycyl-L-Proline,17
26.5,H1_Glycyl-L-Proline,18
26.75,H1_Glycyl-L-Proline,19
27.0,H1_Glycyl-L-Proline,15
27.25,H1_Glycyl-L-Proline,16
27.5,H1_Glycyl-L-Proline,17
27.75,H1_Glycyl-L-Proline,20
28.0,H1_Glycyl-L-Proline,17
28.25,H1_Glycyl-L-Proline,20
28.5,H1_Glycyl-L-Proline,15
28.75,H1_Glycyl-L-Proline,19
29.0,H1_Glycyl-L-Proline,20
29.25,H1_Glycyl-L-Proline,18
29.5,H1_Glycyl-L-Proline,18
29.75,H1_Glycyl-L-Proline,19
30.0,H1_Glycyl-L-Proline,18
30.25,H1_Glycyl-L-Proline,14
30.5,H1_Glycyl-L-Proline,18
30.75,H1_Glycyl-L-Proline,18
31.0,H1_Glycyl-L-Proline,16
31.25,H1_Glycyl-L-Proline,16
31.5,H1_Glycyl-L-Proline,17
31.75,H1_Glycyl-L-Proline,21
32.0,H1_Glycyl-L-Proline,21
32.25,H1_Glycyl-L-Proline,19
32.5,H1_Glycyl-L-Proline,18
32.75,H1_Glycyl-L-Proline,14
33.0,H1_Glycyl-L-Proline,14
33.25,H1_Glycyl-L-Proline,19
33.5,H1_Glycyl-L-Proline,16
33.75,H1_Glycyl-L-Proline,17
34.0,H1_Glycyl-L-Proline,18
34.25,H1_Glycyl-L-Proline,14
34.5,H1_Glycyl-L-Proline,17
34.75,H1_Glycyl-L-Proline,16
35.0,H1_Glycyl-L-Proline,17
35.25,H1_Glycyl-L-Proline,20
35.5,H1_Glycyl-L-Proline,20
35.75,H1_Glycyl-L-Proline,18
36.0,H1_Glycyl-L-Proline,16
36.25,H1_Glycyl-L-Proline,21
36.5,H1_Glycyl-L-Proline,16
36.75,H1_Glycyl-L-Proline,17
37.0,H1_Glycyl-L-Proline,20
37.25,H1_Glycyl-L-Proline,17
37.5,H1_Glycyl-L-Proline,17
37.75,H1_Glycyl-L-Proline,17
38.0,H1_Glycyl-L-Proline,17
38.25,H1_Glycyl-L-Proline,19
38.5,H1_Glycyl-L-Proline,15
38.75,H1_Glycyl-L-Proline,20
39.0,H1_Glycyl-L-Proline,18
39.25,H1_Glycyl-L-Proline,19
39.5,H1_Glycyl-L-Proline,11
39.75,H1_Glycyl-L-Proline,18
40.0,H1_Glycyl-L-Proline,17
40.25,H1_Glycyl-L-Proline,17
40.5,H1_Glycyl-L-Proline,18
40.75,H1_Glycyl-L-Proline,14
41.0,H1_Glycyl-L-Proline,22
41.25,H1_Glycyl-L-Proline,17
41.5,H1_Glycyl-L-Proline,20
41.75,H1_Glycyl-L-Proline,14
42.0,H1_Glycyl-L-Proline,21
42.25,H1_Glycyl-L-Proline,18
42.5,H1_Glycyl-L-Proline,19
42.75,H1_Glycyl-L-Proline,17
43.0,H1_Glycyl-L-Proline,16
43.25,H1_Glycyl-L-Proline,15
43.5,H1_Glycyl-L-Proline,18
43.75,H1_Glycyl-L-Proline,19
44.0,H1_Glycyl-L-Proline,16
44.25,H1_Glycyl-L-Proline,16
44.5,H1_Glycyl-L-Proline,13
44.75,H1_Glycyl-L-Proline,15
45.0,H1_Glycyl-L-Proline,20
45.25,H1_Glycyl-L-Proline,15
45.5,H1_Glycyl-L-Proline,19
45.75,H1_Glycyl-L-Proline,19
46.0,H1_Glycyl-L-Proline,19
46.25,H1_Glycyl-L-Proline,18
46.5,H1_Glycyl-L-Proline,16
46.75,H1_Glycyl-L-Proline,17
47.0,H1_Glycyl-L-Proline,22
47.25,H1_Glycyl-L-Proline,19
47.5,H1_Glycyl-L-Proline,19
47.75,H1_Glycyl-L-Proline,21
48.0,H1_Glycyl-L-Proline,19
48.25,H1_Glycyl-L-Proline,19
