Hour,Type,Value
0.0,A1_Negative_Control,21
0.25,A1_Negative_Control,20
0.5,A1_Negative_Control,21
0.75,A1_Negative_Control,22
1.0,A1_Negative_Control,21
1.25,A1_Negative_Control,22
1.5,A1_Negative_Control,19
1.75,A1_Negative_Control,19
2.0,A1_Negative_Control,15
2.25,A1_Negative_Control,21
2.5,A1_Negative_Control,17
2.75,A1_Negative_Control,19
3.0,A1_Negative_Control,24
3.25,A1_Negative_Control,23
3.5,A1_Negative_Control,22
3.75,A1_Negative_Control,20
4.0,A1_Negative_Control,19
4.25,A1_Negative_Control,21
4.5,A1_Negative_Control,22
4.75,A1_Negative_Control,22
5.0,A1_Negative_Control,23
5.25,A1_Negative_Control,21
5.5,A1_Negative_Control,25
5.75,A1_Negative_Control,20
6.0,A1_Negative_Control,18
6.25,A1_Negative_Control,20
6.5,A1_Negative_Control,26
6.75,A1_Negative_Control,21
7.0,A1_Negative_Control,25
7.25,A1_Negative_Control,22
7.5,A1_Negative_Control,23
7.75,A1_Negative_Control,23
8.0,A1_Negative_Control,24
8.25,A1_Negative_Control,24
8.5,A1_Negative_Control,26
8.75,A1_Negative_Control,21
9.0,A1_Negative_Control,25
9.25,A1_Negative_Control,25
9.5,A1_Negative_Control,26
9.75,A1_Negative_Control,25
10.0,A1_Negative_Control,25
10.25,A1_Negative_Control,30
10.5,A1_Negative_Control,28
10.75,A1_Negative_Control,27
11.0,A1_Negative_Control,26
11.25,A1_Negative_Control,23
11.5,A1_Negative_Control,27
11.75,A1_Negative_Control,30
12.0,A1_Negative_Control,28
12.25,A1_Negative_Control,27
12.5,A1_Negative_Control,25
12.75,A1_Negative_Control,30
13.0,A1_Negative_Control,29
13.25,A1_Negative_Control,29
13.5,A1_Negative_Control,31
13.75,A1_Negative_Control,25
14.0,A1_Negative_Control,28
14.25,A1_Negative_Control,27
14.5,A1_Negative_Control,27
14.75,A1_Negative_Control,29
15.0,A1_Negative_Control,31
15.25,A1_Negative_Control,32
15.5,A1_Negative_Control,29
15.75,A1_Negative_Control,27
16.0,A1_Negative_Control,27
16.25,A1_Negative_Control,31
16.5,A1_Negative_Control,29
16.75,A1_Negative_Control,26
17.0,A1_Negative_Control,31
17.25,A1_Negative_Control,30
17.5,A1_Negative_Control,24
17.75,A1_Negative_Control,26
18.0,A1_Negative_Control,31
18.25,A1_Negative_Control,32
18.5,A1_Negative_Control,36
18.75,A1_Negative_Control,31
19.0,A1_Negative_Control,33
19.25,A1_Negative_Control,34
19.5,A1_Negative_Control,32
19.75,A1_Negative_Control,33
20.0,A1_Negative_Control,29
20.25,A1_Negative_Control,28
20.5,A1_Negative_Control,31
20.75,A1_Negative_Control,35
21.0,A1_Negative_Control,28
21.25,A1_Negative_Control,31
21.5,A1_Negative_Control,32
21.75,A1_Negative_Control,31
22.0,A1_Negative_Control,32
22.25,A1_Negative_Control,34
22.5,A1_Negative_Control,30
22.75,A1_Negative_Control,33
23.0,A1_Negative_Control,39
23.25,A1_Negative_Control,34
23.5,A1_Negative_Control,33
23.75,A1_Negative_Control,34
24.0,A1_Negative_Control,30
24.25,A1_Negative_Control,36
24.5,A1_Negative_Control,34
24.75,A1_Negative_Control,38
25.0,A1_Negative_Control,37
25.25,A1_Negative_Control,32
25.5,A1_Negative_Control,30
25.75,A1_Negative_Control,32
26.0,A1_Negative_Control,32
26.25,A1_Negative_Control,35
26.5,A1_Negative_Control,32
26.75,A1_Negative_Control,31
27.0,A1_Negative_Control,34
27.25,A1_Negative_Control,31
27.5,A1_Negative_Control,29
27.75,A1_Negative_Control,31
28.0,A1_Negative_Control,36
28.25,A1_Negative_Control,32
28.5,A1_Negative_Control,37
28.75,A1_Negative_Control,34
29.0,A1_Negative_Control,34
29.25,A1_Negative_Control,31
29.5,A1_Negative_Control,34
29.75,A1_Negative_Control,31
30.0,A1_Negative_Control,34
30.25,A1_Negative_Control,31
30.5,A1_Negative_Control,38
30.75,A1_Negative_Control,32
31.0,A1_Negative_Control,32
31.25,A1_Negative_Control,38
31.5,A1_Negative_Control,31
31.75,A1_Negative_Control,33
32.0,A1_Negative_Control,30
32.25,A1_Negative_Control,32
32.5,A1_Negative_Control,29
32.75,A1_Negative_Control,29
33.0,A1_Negative_Control,35
33.25,A1_Negative_Control,30
33.5,A1_Negative_Control,31
33.75,A1_Negative_Control,33
34.0,A1_Negative_Control,29
34.25,A1_Negative_Control,38
34.5,A1_Negative_Control,37
34.75,A1_Negative_Control,36
35.0,A1_Negative_Control,30
35.25,A1_Negative_Control,32
35.5,A1_Negative_Control,33
35.75,A1_Negative_Control,31
36.0,A1_Negative_Control,33
36.25,A1_Negative_Control,32
36.5,A1_Negative_Control,34
36.75,A1_Negative_Control,32
37.0,A1_Negative_Control,34
37.25,A1_Negative_Control,35
37.5,A1_Negative_Control,32
37.75,A1_Negative_Control,37
38.0,A1_Negative_Control,35
38.25,A1_Negative_Control,33
38.5,A1_Negative_Control,33
38.75,A1_Negative_Control,30
39.0,A1_Negative_Control,33
39.25,A1_Negative_Control,39
39.5,A1_Negative_Control,33
39.75,A1_Negative_Control,30
40.0,A1_Negative_Control,31
40.25,A1_Negative_Control,33
40.5,A1_Negative_Control,32
40.75,A1_Negative_Control,37
41.0,A1_Negative_Control,37
41.25,A1_Negative_Control,32
41.5,A1_Negative_Control,32
41.75,A1_Negative_Control,38
42.0,A1_Negative_Control,31
42.25,A1_Negative_Control,37
42.5,A1_Negative_Control,31
42.75,A1_Negative_Control,42
43.0,A1_Negative_Control,29
43.25,A1_Negative_Control,33
43.5,A1_Negative_Control,43
43.75,A1_Negative_Control,42
44.0,A1_Negative_Control,36
44.25,A1_Negative_Control,41
44.5,A1_Negative_Control,39
44.75,A1_Negative_Control,31
45.0,A1_Negative_Control,30
45.25,A1_Negative_Control,28
45.5,A1_Negative_Control,37
45.75,A1_Negative_Control,29
46.0,A1_Negative_Control,35
46.25,A1_Negative_Control,30
46.5,A1_Negative_Control,37
46.75,A1_Negative_Control,32
47.0,A1_Negative_Control,33
47.25,A1_Negative_Control,41
47.5,A1_Negative_Control,36
47.75,A1_Negative_Control,35
48.0,A1_Negative_Control,41
48.25,A1_Negative_Control,37
0.0,A2_L-Arabinose,42
0.25,A2_L-Arabinose,38
0.5,A2_L-Arabinose,43
0.75,A2_L-Arabinose,45
1.0,A2_L-Arabinose,48
1.25,A2_L-Arabinose,47
1.5,A2_L-Arabinose,42
1.75,A2_L-Arabinose,50
2.0,A2_L-Arabinose,47
2.25,A2_L-Arabinose,45
2.5,A2_L-Arabinose,47
2.75,A2_L-Arabinose,48
3.0,A2_L-Arabinose,47
3.25,A2_L-Arabinose,46
3.5,A2_L-Arabinose,47
3.75,A2_L-Arabinose,45
4.0,A2_L-Arabinose,47
4.25,A2_L-Arabinose,47
4.5,A2_L-Arabinose,44
4.75,A2_L-Arabinose,48
5.0,A2_L-Arabinose,50
5.25,A2_L-Arabinose,44
5.5,A2_L-Arabinose,41
5.75,A2_L-Arabinose,48
6.0,A2_L-Arabinose,48
6.25,A2_L-Arabinose,46
6.5,A2_L-Arabinose,51
6.75,A2_L-Arabinose,50
7.0,A2_L-Arabinose,47
7.25,A2_L-Arabinose,46
7.5,A2_L-Arabinose,49
7.75,A2_L-Arabinose,46
8.0,A2_L-Arabinose,49
8.25,A2_L-Arabinose,51
8.5,A2_L-Arabinose,52
8.75,A2_L-Arabinose,52
9.0,A2_L-Arabinose,49
9.25,A2_L-Arabinose,49
9.5,A2_L-Arabinose,49
9.75,A2_L-Arabinose,47
10.0,A2_L-Arabinose,48
10.25,A2_L-Arabinose,49
10.5,A2_L-Arabinose,49
10.75,A2_L-Arabinose,47
11.0,A2_L-Arabinose,46
11.25,A2_L-Arabinose,48
11.5,A2_L-Arabinose,45
11.75,A2_L-Arabinose,46
12.0,A2_L-Arabinose,47
12.25,A2_L-Arabinose,47
12.5,A2_L-Arabinose,50
12.75,A2_L-Arabinose,47
13.0,A2_L-Arabinose,47
13.25,A2_L-Arabinose,50
13.5,A2_L-Arabinose,49
13.75,A2_L-Arabinose,46
14.0,A2_L-Arabinose,46
14.25,A2_L-Arabinose,51
14.5,A2_L-Arabinose,45
14.75,A2_L-Arabinose,45
15.0,A2_L-Arabinose,45
15.25,A2_L-Arabinose,50
15.5,A2_L-Arabinose,49
15.75,A2_L-Arabinose,45
16.0,A2_L-Arabinose,49
16.25,A2_L-Arabinose,47
16.5,A2_L-Arabinose,47
16.75,A2_L-Arabinose,49
17.0,A2_L-Arabinose,50
17.25,A2_L-Arabinose,49
17.5,A2_L-Arabinose,49
17.75,A2_L-Arabinose,50
18.0,A2_L-Arabinose,50
18.25,A2_L-Arabinose,54
18.5,A2_L-Arabinose,50
18.75,A2_L-Arabinose,50
19.0,A2_L-Arabinose,51
19.25,A2_L-Arabinose,48
19.5,A2_L-Arabinose,52
19.75,A2_L-Arabinose,50
20.0,A2_L-Arabinose,51
20.25,A2_L-Arabinose,50
20.5,A2_L-Arabinose,54
20.75,A2_L-Arabinose,48
21.0,A2_L-Arabinose,48
21.25,A2_L-Arabinose,48
21.5,A2_L-Arabinose,54
21.75,A2_L-Arabinose,50
22.0,A2_L-Arabinose,48
22.25,A2_L-Arabinose,49
22.5,A2_L-Arabinose,49
22.75,A2_L-Arabinose,52
23.0,A2_L-Arabinose,51
23.25,A2_L-Arabinose,48
23.5,A2_L-Arabinose,50
23.75,A2_L-Arabinose,51
24.0,A2_L-Arabinose,52
24.25,A2_L-Arabinose,48
24.5,A2_L-Arabinose,49
24.75,A2_L-Arabinose,52
25.0,A2_L-Arabinose,51
25.25,A2_L-Arabinose,51
25.5,A2_L-Arabinose,51
25.75,A2_L-Arabinose,48
26.0,A2_L-Arabinose,51
26.25,A2_L-Arabinose,51
26.5,A2_L-Arabinose,49
26.75,A2_L-Arabinose,53
27.0,A2_L-Arabinose,49
27.25,A2_L-Arabinose,48
27.5,A2_L-Arabinose,51
27.75,A2_L-Arabinose,53
28.0,A2_L-Arabinose,54
28.25,A2_L-Arabinose,53
28.5,A2_L-Arabinose,53
28.75,A2_L-Arabinose,48
29.0,A2_L-Arabinose,54
29.25,A2_L-Arabinose,50
29.5,A2_L-Arabinose,51
29.75,A2_L-Arabinose,51
30.0,A2_L-Arabinose,51
30.25,A2_L-Arabinose,50
30.5,A2_L-Arabinose,46
30.75,A2_L-Arabinose,53
31.0,A2_L-Arabinose,50
31.25,A2_L-Arabinose,54
31.5,A2_L-Arabinose,53
31.75,A2_L-Arabinose,49
32.0,A2_L-Arabinose,50
32.25,A2_L-Arabinose,51
32.5,A2_L-Arabinose,53
32.75,A2_L-Arabinose,45
33.0,A2_L-Arabinose,51
33.25,A2_L-Arabinose,44
33.5,A2_L-Arabinose,46
33.75,A2_L-Arabinose,53
34.0,A2_L-Arabinose,48
34.25,A2_L-Arabinose,45
34.5,A2_L-Arabinose,55
34.75,A2_L-Arabinose,53
35.0,A2_L-Arabinose,50
35.25,A2_L-Arabinose,52
35.5,A2_L-Arabinose,51
35.75,A2_L-Arabinose,56
36.0,A2_L-Arabinose,53
36.25,A2_L-Arabinose,48
36.5,A2_L-Arabinose,51
36.75,A2_L-Arabinose,54
37.0,A2_L-Arabinose,51
37.25,A2_L-Arabinose,52
37.5,A2_L-Arabinose,50
37.75,A2_L-Arabinose,51
38.0,A2_L-Arabinose,49
38.25,A2_L-Arabinose,54
38.5,A2_L-Arabinose,54
38.75,A2_L-Arabinose,50
39.0,A2_L-Arabinose,54
39.25,A2_L-Arabinose,52
39.5,A2_L-Arabinose,54
39.75,A2_L-Arabinose,54
40.0,A2_L-Arabinose,52
40.25,A2_L-Arabinose,55
40.5,A2_L-Arabinose,54
40.75,A2_L-Arabinose,53
41.0,A2_L-Arabinose,56
41.25,A2_L-Arabinose,52
41.5,A2_L-Arabinose,51
41.75,A2_L-Arabinose,54
42.0,A2_L-Arabinose,53
42.25,A2_L-Arabinose,53
42.5,A2_L-Arabinose,52
42.75,A2_L-Arabinose,53
43.0,A2_L-Arabinose,52
43.25,A2_L-Arabinose,55
43.5,A2_L-Arabinose,51
43.75,A2_L-Arabinose,51
44.0,A2_L-Arabinose,48
44.25,A2_L-Arabinose,54
44.5,A2_L-Arabinose,55
44.75,A2_L-Arabinose,53
45.0,A2_L-Arabinose,52
45.25,A2_L-Arabinose,54
45.5,A2_L-Arabinose,51
45.75,A2_L-Arabinose,51
46.0,A2_L-Arabinose,52
46.25,A2_L-Arabinose,56
46.5,A2_L-Arabinose,57
46.75,A2_L-Arabinose,53
47.0,A2_L-Arabinose,55
47.25,A2_L-Arabinose,58
47.5,A2_L-Arabinose,55
47.75,A2_L-Arabinose,52
48.0,A2_L-Arabinose,59
48.25,A2_L-Arabinose,56
0.0,A3_N-Acetyl-D_Glucosamine,13
0.25,A3_N-Acetyl-D_Glucosamine,13
0.5,A3_N-Acetyl-D_Glucosamine,11
0.75,A3_N-Acetyl-D_Glucosamine,11
1.0,A3_N-Acetyl-D_Glucosamine,11
1.25,A3_N-Acetyl-D_Glucosamine,14
1.5,A3_N-Acetyl-D_Glucosamine,13
1.75,A3_N-Acetyl-D_Glucosamine,14
2.0,A3_N-Acetyl-D_Glucosamine,11
2.25,A3_N-Acetyl-D_Glucosamine,12
2.5,A3_N-Acetyl-D_Glucosamine,11
2.75,A3_N-Acetyl-D_Glucosamine,11
3.0,A3_N-Acetyl-D_Glucosamine,12
3.25,A3_N-Acetyl-D_Glucosamine,12
3.5,A3_N-Acetyl-D_Glucosamine,11
3.75,A3_N-Acetyl-D_Glucosamine,11
4.0,A3_N-Acetyl-D_Glucosamine,14
4.25,A3_N-Acetyl-D_Glucosamine,12
4.5,A3_N-Acetyl-D_Glucosamine,13
4.75,A3_N-Acetyl-D_Glucosamine,13
5.0,A3_N-Acetyl-D_Glucosamine,12
5.25,A3_N-Acetyl-D_Glucosamine,16
5.5,A3_N-Acetyl-D_Glucosamine,18
5.75,A3_N-Acetyl-D_Glucosamine,12
6.0,A3_N-Acetyl-D_Glucosamine,16
6.25,A3_N-Acetyl-D_Glucosamine,11
6.5,A3_N-Acetyl-D_Glucosamine,14
6.75,A3_N-Acetyl-D_Glucosamine,18
7.0,A3_N-Acetyl-D_Glucosamine,14
7.25,A3_N-Acetyl-D_Glucosamine,16
7.5,A3_N-Acetyl-D_Glucosamine,18
7.75,A3_N-Acetyl-D_Glucosamine,16
8.0,A3_N-Acetyl-D_Glucosamine,21
8.25,A3_N-Acetyl-D_Glucosamine,19
8.5,A3_N-Acetyl-D_Glucosamine,20
8.75,A3_N-Acetyl-D_Glucosamine,20
9.0,A3_N-Acetyl-D_Glucosamine,15
9.25,A3_N-Acetyl-D_Glucosamine,22
9.5,A3_N-Acetyl-D_Glucosamine,19
9.75,A3_N-Acetyl-D_Glucosamine,19
10.0,A3_N-Acetyl-D_Glucosamine,18
10.25,A3_N-Acetyl-D_Glucosamine,24
10.5,A3_N-Acetyl-D_Glucosamine,22
10.75,A3_N-Acetyl-D_Glucosamine,21
11.0,A3_N-Acetyl-D_Glucosamine,20
11.25,A3_N-Acetyl-D_Glucosamine,24
11.5,A3_N-Acetyl-D_Glucosamine,22
11.75,A3_N-Acetyl-D_Glucosamine,29
12.0,A3_N-Acetyl-D_Glucosamine,27
12.25,A3_N-Acetyl-D_Glucosamine,24
12.5,A3_N-Acetyl-D_Glucosamine,27
12.75,A3_N-Acetyl-D_Glucosamine,24
13.0,A3_N-Acetyl-D_Glucosamine,25
13.25,A3_N-Acetyl-D_Glucosamine,26
13.5,A3_N-Acetyl-D_Glucosamine,25
13.75,A3_N-Acetyl-D_Glucosamine,27
14.0,A3_N-Acetyl-D_Glucosamine,24
14.25,A3_N-Acetyl-D_Glucosamine,29
14.5,A3_N-Acetyl-D_Glucosamine,22
14.75,A3_N-Acetyl-D_Glucosamine,29
15.0,A3_N-Acetyl-D_Glucosamine,27
15.25,A3_N-Acetyl-D_Glucosamine,26
15.5,A3_N-Acetyl-D_Glucosamine,34
15.75,A3_N-Acetyl-D_Glucosamine,32
16.0,A3_N-Acetyl-D_Glucosamine,28
16.25,A3_N-Acetyl-D_Glucosamine,25
16.5,A3_N-Acetyl-D_Glucosamine,32
16.75,A3_N-Acetyl-D_Glucosamine,30
17.0,A3_N-Acetyl-D_Glucosamine,35
17.25,A3_N-Acetyl-D_Glucosamine,34
17.5,A3_N-Acetyl-D_Glucosamine,33
17.75,A3_N-Acetyl-D_Glucosamine,35
18.0,A3_N-Acetyl-D_Glucosamine,34
18.25,A3_N-Acetyl-D_Glucosamine,33
18.5,A3_N-Acetyl-D_Glucosamine,33
18.75,A3_N-Acetyl-D_Glucosamine,35
19.0,A3_N-Acetyl-D_Glucosamine,31
19.25,A3_N-Acetyl-D_Glucosamine,32
19.5,A3_N-Acetyl-D_Glucosamine,38
19.75,A3_N-Acetyl-D_Glucosamine,39
20.0,A3_N-Acetyl-D_Glucosamine,35
20.25,A3_N-Acetyl-D_Glucosamine,35
20.5,A3_N-Acetyl-D_Glucosamine,35
20.75,A3_N-Acetyl-D_Glucosamine,38
21.0,A3_N-Acetyl-D_Glucosamine,32
21.25,A3_N-Acetyl-D_Glucosamine,38
21.5,A3_N-Acetyl-D_Glucosamine,39
21.75,A3_N-Acetyl-D_Glucosamine,33
22.0,A3_N-Acetyl-D_Glucosamine,36
22.25,A3_N-Acetyl-D_Glucosamine,34
22.5,A3_N-Acetyl-D_Glucosamine,34
22.75,A3_N-Acetyl-D_Glucosamine,39
23.0,A3_N-Acetyl-D_Glucosamine,36
23.25,A3_N-Acetyl-D_Glucosamine,36
23.5,A3_N-Acetyl-D_Glucosamine,39
23.75,A3_N-Acetyl-D_Glucosamine,35
24.0,A3_N-Acetyl-D_Glucosamine,39
24.25,A3_N-Acetyl-D_Glucosamine,38
24.5,A3_N-Acetyl-D_Glucosamine,35
24.75,A3_N-Acetyl-D_Glucosamine,40
25.0,A3_N-Acetyl-D_Glucosamine,36
25.25,A3_N-Acetyl-D_Glucosamine,38
25.5,A3_N-Acetyl-D_Glucosamine,36
25.75,A3_N-Acetyl-D_Glucosamine,35
26.0,A3_N-Acetyl-D_Glucosamine,38
26.25,A3_N-Acetyl-D_Glucosamine,40
26.5,A3_N-Acetyl-D_Glucosamine,40
26.75,A3_N-Acetyl-D_Glucosamine,39
27.0,A3_N-Acetyl-D_Glucosamine,45
27.25,A3_N-Acetyl-D_Glucosamine,41
27.5,A3_N-Acetyl-D_Glucosamine,40
27.75,A3_N-Acetyl-D_Glucosamine,40
28.0,A3_N-Acetyl-D_Glucosamine,42
28.25,A3_N-Acetyl-D_Glucosamine,44
28.5,A3_N-Acetyl-D_Glucosamine,46
28.75,A3_N-Acetyl-D_Glucosamine,40
29.0,A3_N-Acetyl-D_Glucosamine,46
29.25,A3_N-Acetyl-D_Glucosamine,40
29.5,A3_N-Acetyl-D_Glucosamine,47
29.75,A3_N-Acetyl-D_Glucosamine,46
30.0,A3_N-Acetyl-D_Glucosamine,47
30.25,A3_N-Acetyl-D_Glucosamine,42
30.5,A3_N-Acetyl-D_Glucosamine,53
30.75,A3_N-Acetyl-D_Glucosamine,50
31.0,A3_N-Acetyl-D_Glucosamine,43
31.25,A3_N-Acetyl-D_Glucosamine,53
31.5,A3_N-Acetyl-D_Glucosamine,52
31.75,A3_N-Acetyl-D_Glucosamine,52
32.0,A3_N-Acetyl-D_Glucosamine,53
32.25,A3_N-Acetyl-D_Glucosamine,51
32.5,A3_N-Acetyl-D_Glucosamine,52
32.75,A3_N-Acetyl-D_Glucosamine,54
33.0,A3_N-Acetyl-D_Glucosamine,58
33.25,A3_N-Acetyl-D_Glucosamine,49
33.5,A3_N-Acetyl-D_Glucosamine,56
33.75,A3_N-Acetyl-D_Glucosamine,55
34.0,A3_N-Acetyl-D_Glucosamine,58
34.25,A3_N-Acetyl-D_Glucosamine,64
34.5,A3_N-Acetyl-D_Glucosamine,59
34.75,A3_N-Acetyl-D_Glucosamine,59
35.0,A3_N-Acetyl-D_Glucosamine,54
35.25,A3_N-Acetyl-D_Glucosamine,64
35.5,A3_N-Acetyl-D_Glucosamine,64
35.75,A3_N-Acetyl-D_Glucosamine,64
36.0,A3_N-Acetyl-D_Glucosamine,66
36.25,A3_N-Acetyl-D_Glucosamine,66
36.5,A3_N-Acetyl-D_Glucosamine,66
36.75,A3_N-Acetyl-D_Glucosamine,68
37.0,A3_N-Acetyl-D_Glucosamine,75
37.25,A3_N-Acetyl-D_Glucosamine,69
37.5,A3_N-Acetyl-D_Glucosamine,68
37.75,A3_N-Acetyl-D_Glucosamine,73
38.0,A3_N-Acetyl-D_Glucosamine,69
38.25,A3_N-Acetyl-D_Glucosamine,73
38.5,A3_N-Acetyl-D_Glucosamine,77
38.75,A3_N-Acetyl-D_Glucosamine,76
39.0,A3_N-Acetyl-D_Glucosamine,73
39.25,A3_N-Acetyl-D_Glucosamine,81
39.5,A3_N-Acetyl-D_Glucosamine,79
39.75,A3_N-Acetyl-D_Glucosamine,76
40.0,A3_N-Acetyl-D_Glucosamine,78
40.25,A3_N-Acetyl-D_Glucosamine,87
40.5,A3_N-Acetyl-D_Glucosamine,76
40.75,A3_N-Acetyl-D_Glucosamine,83
41.0,A3_N-Acetyl-D_Glucosamine,85
41.25,A3_N-Acetyl-D_Glucosamine,79
41.5,A3_N-Acetyl-D_Glucosamine,81
41.75,A3_N-Acetyl-D_Glucosamine,93
42.0,A3_N-Acetyl-D_Glucosamine,83
42.25,A3_N-Acetyl-D_Glucosamine,89
42.5,A3_N-Acetyl-D_Glucosamine,88
42.75,A3_N-Acetyl-D_Glucosamine,95
43.0,A3_N-Acetyl-D_Glucosamine,84
43.25,A3_N-Acetyl-D_Glucosamine,88
43.5,A3_N-Acetyl-D_Glucosamine,98
43.75,A3_N-Acetyl-D_Glucosamine,99
44.0,A3_N-Acetyl-D_Glucosamine,96
44.25,A3_N-Acetyl-D_Glucosamine,96
44.5,A3_N-Acetyl-D_Glucosamine,93
44.75,A3_N-Acetyl-D_Glucosamine,94
45.0,A3_N-Acetyl-D_Glucosamine,90
45.25,A3_N-Acetyl-D_Glucosamine,93
45.5,A3_N-Acetyl-D_Glucosamine,98
45.75,A3_N-Acetyl-D_Glucosamine,101
46.0,A3_N-Acetyl-D_Glucosamine,102
46.25,A3_N-Acetyl-D_Glucosamine,103
46.5,A3_N-Acetyl-D_Glucosamine,100
46.75,A3_N-Acetyl-D_Glucosamine,97
47.0,A3_N-Acetyl-D_Glucosamine,104
47.25,A3_N-Acetyl-D_Glucosamine,109
47.5,A3_N-Acetyl-D_Glucosamine,104
47.75,A3_N-Acetyl-D_Glucosamine,106
48.0,A3_N-Acetyl-D_Glucosamine,112
48.25,A3_N-Acetyl-D_Glucosamine,109
0.0,A4_D-Saccharic_Acid,16
0.25,A4_D-Saccharic_Acid,14
0.5,A4_D-Saccharic_Acid,12
0.75,A4_D-Saccharic_Acid,11
1.0,A4_D-Saccharic_Acid,14
1.25,A4_D-Saccharic_Acid,14
1.5,A4_D-Saccharic_Acid,13
1.75,A4_D-Saccharic_Acid,13
2.0,A4_D-Saccharic_Acid,11
2.25,A4_D-Saccharic_Acid,14
2.5,A4_D-Saccharic_Acid,15
2.75,A4_D-Saccharic_Acid,16
3.0,A4_D-Saccharic_Acid,17
3.25,A4_D-Saccharic_Acid,13
3.5,A4_D-Saccharic_Acid,13
3.75,A4_D-Saccharic_Acid,13
4.0,A4_D-Saccharic_Acid,15
4.25,A4_D-Saccharic_Acid,15
4.5,A4_D-Saccharic_Acid,18
4.75,A4_D-Saccharic_Acid,14
5.0,A4_D-Saccharic_Acid,16
5.25,A4_D-Saccharic_Acid,16
5.5,A4_D-Saccharic_Acid,17
5.75,A4_D-Saccharic_Acid,15
6.0,A4_D-Saccharic_Acid,17
6.25,A4_D-Saccharic_Acid,18
6.5,A4_D-Saccharic_Acid,14
6.75,A4_D-Saccharic_Acid,15
7.0,A4_D-Saccharic_Acid,19
7.25,A4_D-Saccharic_Acid,13
7.5,A4_D-Saccharic_Acid,20
7.75,A4_D-Saccharic_Acid,15
8.0,A4_D-Saccharic_Acid,17
8.25,A4_D-Saccharic_Acid,17
8.5,A4_D-Saccharic_Acid,12
8.75,A4_D-Saccharic_Acid,19
9.0,A4_D-Saccharic_Acid,12
9.25,A4_D-Saccharic_Acid,15
9.5,A4_D-Saccharic_Acid,14
9.75,A4_D-Saccharic_Acid,22
10.0,A4_D-Saccharic_Acid,21
10.25,A4_D-Saccharic_Acid,21
10.5,A4_D-Saccharic_Acid,19
10.75,A4_D-Saccharic_Acid,17
11.0,A4_D-Saccharic_Acid,19
11.25,A4_D-Saccharic_Acid,22
11.5,A4_D-Saccharic_Acid,23
11.75,A4_D-Saccharic_Acid,18
12.0,A4_D-Saccharic_Acid,25
12.25,A4_D-Saccharic_Acid,21
12.5,A4_D-Saccharic_Acid,24
12.75,A4_D-Saccharic_Acid,25
13.0,A4_D-Saccharic_Acid,24
13.25,A4_D-Saccharic_Acid,15
13.5,A4_D-Saccharic_Acid,25
13.75,A4_D-Saccharic_Acid,24
14.0,A4_D-Saccharic_Acid,20
14.25,A4_D-Saccharic_Acid,24
14.5,A4_D-Saccharic_Acid,25
14.75,A4_D-Saccharic_Acid,22
15.0,A4_D-Saccharic_Acid,23
15.25,A4_D-Saccharic_Acid,21
15.5,A4_D-Saccharic_Acid,28
15.75,A4_D-Saccharic_Acid,21
16.0,A4_D-Saccharic_Acid,24
16.25,A4_D-Saccharic_Acid,24
16.5,A4_D-Saccharic_Acid,23
16.75,A4_D-Saccharic_Acid,22
17.0,A4_D-Saccharic_Acid,27
17.25,A4_D-Saccharic_Acid,28
17.5,A4_D-Saccharic_Acid,20
17.75,A4_D-Saccharic_Acid,27
18.0,A4_D-Saccharic_Acid,31
18.25,A4_D-Saccharic_Acid,21
18.5,A4_D-Saccharic_Acid,28
18.75,A4_D-Saccharic_Acid,23
19.0,A4_D-Saccharic_Acid,21
19.25,A4_D-Saccharic_Acid,31
19.5,A4_D-Saccharic_Acid,23
19.75,A4_D-Saccharic_Acid,25
20.0,A4_D-Saccharic_Acid,25
20.25,A4_D-Saccharic_Acid,27
20.5,A4_D-Saccharic_Acid,26
20.75,A4_D-Saccharic_Acid,28
21.0,A4_D-Saccharic_Acid,28
21.25,A4_D-Saccharic_Acid,24
21.5,A4_D-Saccharic_Acid,22
21.75,A4_D-Saccharic_Acid,29
22.0,A4_D-Saccharic_Acid,27
22.25,A4_D-Saccharic_Acid,25
22.5,A4_D-Saccharic_Acid,25
22.75,A4_D-Saccharic_Acid,26
23.0,A4_D-Saccharic_Acid,30
23.25,A4_D-Saccharic_Acid,30
23.5,A4_D-Saccharic_Acid,28
23.75,A4_D-Saccharic_Acid,28
24.0,A4_D-Saccharic_Acid,26
24.25,A4_D-Saccharic_Acid,31
24.5,A4_D-Saccharic_Acid,28
24.75,A4_D-Saccharic_Acid,31
25.0,A4_D-Saccharic_Acid,28
25.25,A4_D-Saccharic_Acid,30
25.5,A4_D-Saccharic_Acid,26
25.75,A4_D-Saccharic_Acid,26
26.0,A4_D-Saccharic_Acid,27
26.25,A4_D-Saccharic_Acid,30
26.5,A4_D-Saccharic_Acid,26
26.75,A4_D-Saccharic_Acid,31
27.0,A4_D-Saccharic_Acid,25
27.25,A4_D-Saccharic_Acid,25
27.5,A4_D-Saccharic_Acid,25
27.75,A4_D-Saccharic_Acid,20
28.0,A4_D-Saccharic_Acid,26
28.25,A4_D-Saccharic_Acid,29
28.5,A4_D-Saccharic_Acid,28
28.75,A4_D-Saccharic_Acid,29
29.0,A4_D-Saccharic_Acid,29
29.25,A4_D-Saccharic_Acid,22
29.5,A4_D-Saccharic_Acid,27
29.75,A4_D-Saccharic_Acid,31
30.0,A4_D-Saccharic_Acid,31
30.25,A4_D-Saccharic_Acid,22
30.5,A4_D-Saccharic_Acid,31
30.75,A4_D-Saccharic_Acid,27
31.0,A4_D-Saccharic_Acid,23
31.25,A4_D-Saccharic_Acid,29
31.5,A4_D-Saccharic_Acid,23
31.75,A4_D-Saccharic_Acid,28
32.0,A4_D-Saccharic_Acid,23
32.25,A4_D-Saccharic_Acid,24
32.5,A4_D-Saccharic_Acid,24
32.75,A4_D-Saccharic_Acid,26
33.0,A4_D-Saccharic_Acid,25
33.25,A4_D-Saccharic_Acid,25
33.5,A4_D-Saccharic_Acid,26
33.75,A4_D-Saccharic_Acid,26
34.0,A4_D-Saccharic_Acid,20
34.25,A4_D-Saccharic_Acid,35
34.5,A4_D-Saccharic_Acid,31
34.75,A4_D-Saccharic_Acid,29
35.0,A4_D-Saccharic_Acid,25
35.25,A4_D-Saccharic_Acid,27
35.5,A4_D-Saccharic_Acid,27
35.75,A4_D-Saccharic_Acid,23
36.0,A4_D-Saccharic_Acid,29
36.25,A4_D-Saccharic_Acid,27
36.5,A4_D-Saccharic_Acid,30
36.75,A4_D-Saccharic_Acid,26
37.0,A4_D-Saccharic_Acid,31
37.25,A4_D-Saccharic_Acid,27
37.5,A4_D-Saccharic_Acid,24
37.75,A4_D-Saccharic_Acid,29
38.0,A4_D-Saccharic_Acid,29
38.25,A4_D-Saccharic_Acid,26
38.5,A4_D-Saccharic_Acid,22
38.75,A4_D-Saccharic_Acid,23
39.0,A4_D-Saccharic_Acid,23
39.25,A4_D-Saccharic_Acid,29
39.5,A4_D-Saccharic_Acid,28
39.75,A4_D-Saccharic_Acid,25
40.0,A4_D-Saccharic_Acid,26
40.25,A4_D-Saccharic_Acid,25
40.5,A4_D-Saccharic_Acid,26
40.75,A4_D-Saccharic_Acid,28
41.0,A4_D-Saccharic_Acid,29
41.25,A4_D-Saccharic_Acid,27
41.5,A4_D-Saccharic_Acid,31
41.75,A4_D-Saccharic_Acid,33
42.0,A4_D-Saccharic_Acid,27
42.25,A4_D-Saccharic_Acid,31
42.5,A4_D-Saccharic_Acid,28
42.75,A4_D-Saccharic_Acid,35
43.0,A4_D-Saccharic_Acid,28
43.25,A4_D-Saccharic_Acid,32
43.5,A4_D-Saccharic_Acid,32
43.75,A4_D-Saccharic_Acid,35
44.0,A4_D-Saccharic_Acid,30
44.25,A4_D-Saccharic_Acid,32
44.5,A4_D-Saccharic_Acid,26
44.75,A4_D-Saccharic_Acid,26
45.0,A4_D-Saccharic_Acid,27
45.25,A4_D-Saccharic_Acid,28
45.5,A4_D-Saccharic_Acid,27
45.75,A4_D-Saccharic_Acid,27
46.0,A4_D-Saccharic_Acid,30
46.25,A4_D-Saccharic_Acid,30
46.5,A4_D-Saccharic_Acid,27
46.75,A4_D-Saccharic_Acid,27
47.0,A4_D-Saccharic_Acid,27
47.25,A4_D-Saccharic_Acid,28
47.5,A4_D-Saccharic_Acid,35
47.75,A4_D-Saccharic_Acid,30
48.0,A4_D-Saccharic_Acid,36
48.25,A4_D-Saccharic_Acid,30
0.0,A5_Succinic_Acid,16
0.25,A5_Succinic_Acid,11
0.5,A5_Succinic_Acid,13
0.75,A5_Succinic_Acid,12
1.0,A5_Succinic_Acid,11
1.25,A5_Succinic_Acid,16
1.5,A5_Succinic_Acid,11
1.75,A5_Succinic_Acid,11
2.0,A5_Succinic_Acid,12
2.25,A5_Succinic_Acid,11
2.5,A5_Succinic_Acid,13
2.75,A5_Succinic_Acid,11
3.0,A5_Succinic_Acid,12
3.25,A5_Succinic_Acid,13
3.5,A5_Succinic_Acid,14
3.75,A5_Succinic_Acid,11
4.0,A5_Succinic_Acid,12
4.25,A5_Succinic_Acid,11
4.5,A5_Succinic_Acid,14
4.75,A5_Succinic_Acid,13
5.0,A5_Succinic_Acid,13
5.25,A5_Succinic_Acid,17
5.5,A5_Succinic_Acid,11
5.75,A5_Succinic_Acid,11
6.0,A5_Succinic_Acid,14
6.25,A5_Succinic_Acid,12
6.5,A5_Succinic_Acid,11
6.75,A5_Succinic_Acid,14
7.0,A5_Succinic_Acid,17
7.25,A5_Succinic_Acid,13
7.5,A5_Succinic_Acid,15
7.75,A5_Succinic_Acid,11
8.0,A5_Succinic_Acid,15
8.25,A5_Succinic_Acid,16
8.5,A5_Succinic_Acid,13
8.75,A5_Succinic_Acid,14
9.0,A5_Succinic_Acid,14
9.25,A5_Succinic_Acid,14
9.5,A5_Succinic_Acid,14
9.75,A5_Succinic_Acid,14
10.0,A5_Succinic_Acid,15
10.25,A5_Succinic_Acid,19
10.5,A5_Succinic_Acid,15
10.75,A5_Succinic_Acid,18
11.0,A5_Succinic_Acid,18
11.25,A5_Succinic_Acid,13
11.5,A5_Succinic_Acid,16
11.75,A5_Succinic_Acid,17
12.0,A5_Succinic_Acid,19
12.25,A5_Succinic_Acid,16
12.5,A5_Succinic_Acid,18
12.75,A5_Succinic_Acid,22
13.0,A5_Succinic_Acid,18
13.25,A5_Succinic_Acid,18
13.5,A5_Succinic_Acid,21
13.75,A5_Succinic_Acid,22
14.0,A5_Succinic_Acid,19
14.25,A5_Succinic_Acid,18
14.5,A5_Succinic_Acid,20
14.75,A5_Succinic_Acid,16
15.0,A5_Succinic_Acid,22
15.25,A5_Succinic_Acid,20
15.5,A5_Succinic_Acid,23
15.75,A5_Succinic_Acid,22
16.0,A5_Succinic_Acid,20
16.25,A5_Succinic_Acid,22
16.5,A5_Succinic_Acid,19
16.75,A5_Succinic_Acid,23
17.0,A5_Succinic_Acid,23
17.25,A5_Succinic_Acid,20
17.5,A5_Succinic_Acid,23
17.75,A5_Succinic_Acid,26
18.0,A5_Succinic_Acid,28
18.25,A5_Succinic_Acid,16
18.5,A5_Succinic_Acid,24
18.75,A5_Succinic_Acid,24
19.0,A5_Succinic_Acid,24
19.25,A5_Succinic_Acid,29
19.5,A5_Succinic_Acid,22
19.75,A5_Succinic_Acid,26
20.0,A5_Succinic_Acid,23
20.25,A5_Succinic_Acid,23
20.5,A5_Succinic_Acid,29
20.75,A5_Succinic_Acid,28
21.0,A5_Succinic_Acid,25
21.25,A5_Succinic_Acid,26
21.5,A5_Succinic_Acid,27
21.75,A5_Succinic_Acid,26
22.0,A5_Succinic_Acid,29
22.25,A5_Succinic_Acid,27
22.5,A5_Succinic_Acid,27
22.75,A5_Succinic_Acid,29
23.0,A5_Succinic_Acid,27
23.25,A5_Succinic_Acid,28
23.5,A5_Succinic_Acid,30
23.75,A5_Succinic_Acid,30
24.0,A5_Succinic_Acid,32
24.25,A5_Succinic_Acid,31
24.5,A5_Succinic_Acid,30
24.75,A5_Succinic_Acid,30
25.0,A5_Succinic_Acid,33
25.25,A5_Succinic_Acid,32
25.5,A5_Succinic_Acid,29
25.75,A5_Succinic_Acid,32
26.0,A5_Succinic_Acid,33
26.25,A5_Succinic_Acid,27
26.5,A5_Succinic_Acid,31
26.75,A5_Succinic_Acid,36
27.0,A5_Succinic_Acid,35
27.25,A5_Succinic_Acid,30
27.5,A5_Succinic_Acid,28
27.75,A5_Succinic_Acid,34
28.0,A5_Succinic_Acid,37
28.25,A5_Succinic_Acid,37
28.5,A5_Succinic_Acid,39
28.75,A5_Succinic_Acid,37
29.0,A5_Succinic_Acid,38
29.25,A5_Succinic_Acid,31
29.5,A5_Succinic_Acid,38
29.75,A5_Succinic_Acid,40
30.0,A5_Succinic_Acid,38
30.25,A5_Succinic_Acid,34
30.5,A5_Succinic_Acid,42
30.75,A5_Succinic_Acid,43
31.0,A5_Succinic_Acid,34
31.25,A5_Succinic_Acid,45
31.5,A5_Succinic_Acid,37
31.75,A5_Succinic_Acid,39
32.0,A5_Succinic_Acid,39
32.25,A5_Succinic_Acid,38
32.5,A5_Succinic_Acid,41
32.75,A5_Succinic_Acid,36
33.0,A5_Succinic_Acid,41
33.25,A5_Succinic_Acid,39
33.5,A5_Succinic_Acid,38
33.75,A5_Succinic_Acid,40
34.0,A5_Succinic_Acid,38
34.25,A5_Succinic_Acid,48
34.5,A5_Succinic_Acid,44
34.75,A5_Succinic_Acid,42
35.0,A5_Succinic_Acid,42
35.25,A5_Succinic_Acid,46
35.5,A5_Succinic_Acid,47
35.75,A5_Succinic_Acid,42
36.0,A5_Succinic_Acid,45
36.25,A5_Succinic_Acid,49
36.5,A5_Succinic_Acid,53
36.75,A5_Succinic_Acid,45
37.0,A5_Succinic_Acid,50
37.25,A5_Succinic_Acid,49
37.5,A5_Succinic_Acid,46
37.75,A5_Succinic_Acid,46
38.0,A5_Succinic_Acid,47
38.25,A5_Succinic_Acid,50
38.5,A5_Succinic_Acid,48
38.75,A5_Succinic_Acid,44
39.0,A5_Succinic_Acid,47
39.25,A5_Succinic_Acid,56
39.5,A5_Succinic_Acid,52
39.75,A5_Succinic_Acid,54
40.0,A5_Succinic_Acid,54
40.25,A5_Succinic_Acid,56
40.5,A5_Succinic_Acid,57
40.75,A5_Succinic_Acid,58
41.0,A5_Succinic_Acid,58
41.25,A5_Succinic_Acid,57
41.5,A5_Succinic_Acid,56
41.75,A5_Succinic_Acid,65
42.0,A5_Succinic_Acid,58
42.25,A5_Succinic_Acid,63
42.5,A5_Succinic_Acid,59
42.75,A5_Succinic_Acid,62
43.0,A5_Succinic_Acid,60
43.25,A5_Succinic_Acid,64
43.5,A5_Succinic_Acid,68
43.75,A5_Succinic_Acid,69
44.0,A5_Succinic_Acid,64
44.25,A5_Succinic_Acid,71
44.5,A5_Succinic_Acid,66
44.75,A5_Succinic_Acid,64
45.0,A5_Succinic_Acid,68
45.25,A5_Succinic_Acid,67
45.5,A5_Succinic_Acid,70
45.75,A5_Succinic_Acid,68
46.0,A5_Succinic_Acid,76
46.25,A5_Succinic_Acid,74
46.5,A5_Succinic_Acid,72
46.75,A5_Succinic_Acid,72
47.0,A5_Succinic_Acid,77
47.25,A5_Succinic_Acid,80
47.5,A5_Succinic_Acid,80
47.75,A5_Succinic_Acid,82
48.0,A5_Succinic_Acid,82
48.25,A5_Succinic_Acid,79
0.0,A6_D-Galactose,17
0.25,A6_D-Galactose,11
0.5,A6_D-Galactose,17
0.75,A6_D-Galactose,14
1.0,A6_D-Galactose,14
1.25,A6_D-Galactose,18
1.5,A6_D-Galactose,14
1.75,A6_D-Galactose,14
2.0,A6_D-Galactose,15
2.25,A6_D-Galactose,14
2.5,A6_D-Galactose,12
2.75,A6_D-Galactose,13
3.0,A6_D-Galactose,12
3.25,A6_D-Galactose,14
3.5,A6_D-Galactose,18
3.75,A6_D-Galactose,13
4.0,A6_D-Galactose,18
4.25,A6_D-Galactose,12
4.5,A6_D-Galactose,13
4.75,A6_D-Galactose,12
5.0,A6_D-Galactose,14
5.25,A6_D-Galactose,14
5.5,A6_D-Galactose,14
5.75,A6_D-Galactose,12
6.0,A6_D-Galactose,16
6.25,A6_D-Galactose,19
6.5,A6_D-Galactose,14
6.75,A6_D-Galactose,18
7.0,A6_D-Galactose,13
7.25,A6_D-Galactose,14
7.5,A6_D-Galactose,16
7.75,A6_D-Galactose,19
8.0,A6_D-Galactose,19
8.25,A6_D-Galactose,15
8.5,A6_D-Galactose,18
8.75,A6_D-Galactose,20
9.0,A6_D-Galactose,19
9.25,A6_D-Galactose,15
9.5,A6_D-Galactose,23
9.75,A6_D-Galactose,18
10.0,A6_D-Galactose,17
10.25,A6_D-Galactose,23
10.5,A6_D-Galactose,18
10.75,A6_D-Galactose,19
11.0,A6_D-Galactose,20
11.25,A6_D-Galactose,21
11.5,A6_D-Galactose,17
11.75,A6_D-Galactose,21
12.0,A6_D-Galactose,25
12.25,A6_D-Galactose,25
12.5,A6_D-Galactose,23
12.75,A6_D-Galactose,23
13.0,A6_D-Galactose,25
13.25,A6_D-Galactose,21
13.5,A6_D-Galactose,20
13.75,A6_D-Galactose,27
14.0,A6_D-Galactose,24
14.25,A6_D-Galactose,20
14.5,A6_D-Galactose,24
14.75,A6_D-Galactose,25
15.0,A6_D-Galactose,23
15.25,A6_D-Galactose,26
15.5,A6_D-Galactose,25
15.75,A6_D-Galactose,21
16.0,A6_D-Galactose,23
16.25,A6_D-Galactose,23
16.5,A6_D-Galactose,28
16.75,A6_D-Galactose,22
17.0,A6_D-Galactose,23
17.25,A6_D-Galactose,28
17.5,A6_D-Galactose,26
17.75,A6_D-Galactose,23
18.0,A6_D-Galactose,28
18.25,A6_D-Galactose,19
18.5,A6_D-Galactose,27
18.75,A6_D-Galactose,28
19.0,A6_D-Galactose,27
19.25,A6_D-Galactose,29
19.5,A6_D-Galactose,25
19.75,A6_D-Galactose,28
20.0,A6_D-Galactose,27
20.25,A6_D-Galactose,29
20.5,A6_D-Galactose,27
20.75,A6_D-Galactose,28
21.0,A6_D-Galactose,25
21.25,A6_D-Galactose,31
21.5,A6_D-Galactose,26
21.75,A6_D-Galactose,31
22.0,A6_D-Galactose,27
22.25,A6_D-Galactose,27
22.5,A6_D-Galactose,29
22.75,A6_D-Galactose,28
23.0,A6_D-Galactose,22
23.25,A6_D-Galactose,29
23.5,A6_D-Galactose,25
23.75,A6_D-Galactose,28
24.0,A6_D-Galactose,32
24.25,A6_D-Galactose,28
24.5,A6_D-Galactose,26
24.75,A6_D-Galactose,30
25.0,A6_D-Galactose,35
25.25,A6_D-Galactose,27
25.5,A6_D-Galactose,27
25.75,A6_D-Galactose,31
26.0,A6_D-Galactose,29
26.25,A6_D-Galactose,27
26.5,A6_D-Galactose,24
26.75,A6_D-Galactose,28
27.0,A6_D-Galactose,32
27.25,A6_D-Galactose,27
27.5,A6_D-Galactose,24
27.75,A6_D-Galactose,31
28.0,A6_D-Galactose,30
28.25,A6_D-Galactose,29
28.5,A6_D-Galactose,31
28.75,A6_D-Galactose,25
29.0,A6_D-Galactose,33
29.25,A6_D-Galactose,26
29.5,A6_D-Galactose,31
29.75,A6_D-Galactose,29
30.0,A6_D-Galactose,31
30.25,A6_D-Galactose,27
30.5,A6_D-Galactose,31
30.75,A6_D-Galactose,28
31.0,A6_D-Galactose,25
31.25,A6_D-Galactose,32
31.5,A6_D-Galactose,27
31.75,A6_D-Galactose,34
32.0,A6_D-Galactose,30
32.25,A6_D-Galactose,30
32.5,A6_D-Galactose,25
32.75,A6_D-Galactose,26
33.0,A6_D-Galactose,24
33.25,A6_D-Galactose,21
33.5,A6_D-Galactose,30
33.75,A6_D-Galactose,28
34.0,A6_D-Galactose,29
34.25,A6_D-Galactose,31
34.5,A6_D-Galactose,33
34.75,A6_D-Galactose,30
35.0,A6_D-Galactose,24
35.25,A6_D-Galactose,30
35.5,A6_D-Galactose,28
35.75,A6_D-Galactose,24
36.0,A6_D-Galactose,28
36.25,A6_D-Galactose,28
36.5,A6_D-Galactose,30
36.75,A6_D-Galactose,31
37.0,A6_D-Galactose,29
37.25,A6_D-Galactose,30
37.5,A6_D-Galactose,30
37.75,A6_D-Galactose,27
38.0,A6_D-Galactose,28
38.25,A6_D-Galactose,25
38.5,A6_D-Galactose,26
38.75,A6_D-Galactose,28
39.0,A6_D-Galactose,28
39.25,A6_D-Galactose,29
39.5,A6_D-Galactose,30
39.75,A6_D-Galactose,26
40.0,A6_D-Galactose,23
40.25,A6_D-Galactose,25
40.5,A6_D-Galactose,30
40.75,A6_D-Galactose,28
41.0,A6_D-Galactose,31
41.25,A6_D-Galactose,32
41.5,A6_D-Galactose,28
41.75,A6_D-Galactose,35
42.0,A6_D-Galactose,29
42.25,A6_D-Galactose,31
42.5,A6_D-Galactose,29
42.75,A6_D-Galactose,30
43.0,A6_D-Galactose,27
43.25,A6_D-Galactose,31
43.5,A6_D-Galactose,34
43.75,A6_D-Galactose,33
44.0,A6_D-Galactose,27
44.25,A6_D-Galactose,28
44.5,A6_D-Galactose,29
44.75,A6_D-Galactose,26
45.0,A6_D-Galactose,26
45.25,A6_D-Galactose,29
45.5,A6_D-Galactose,27
45.75,A6_D-Galactose,28
46.0,A6_D-Galactose,30
46.25,A6_D-Galactose,35
46.5,A6_D-Galactose,30
46.75,A6_D-Galactose,26
47.0,A6_D-Galactose,32
47.25,A6_D-Galactose,34
47.5,A6_D-Galactose,34
47.75,A6_D-Galactose,28
48.0,A6_D-Galactose,39
48.25,A6_D-Galactose,27
0.0,A7_L-Aspartic_Acid,11
0.25,A7_L-Aspartic_Acid,14
0.5,A7_L-Aspartic_Acid,11
0.75,A7_L-Aspartic_Acid,13
1.0,A7_L-Aspartic_Acid,18
1.25,A7_L-Aspartic_Acid,16
1.5,A7_L-Aspartic_Acid,17
1.75,A7_L-Aspartic_Acid,15
2.0,A7_L-Aspartic_Acid,11
2.25,A7_L-Aspartic_Acid,12
2.5,A7_L-Aspartic_Acid,13
2.75,A7_L-Aspartic_Acid,11
3.0,A7_L-Aspartic_Acid,17
3.25,A7_L-Aspartic_Acid,17
3.5,A7_L-Aspartic_Acid,13
3.75,A7_L-Aspartic_Acid,15
4.0,A7_L-Aspartic_Acid,17
4.25,A7_L-Aspartic_Acid,14
4.5,A7_L-Aspartic_Acid,15
4.75,A7_L-Aspartic_Acid,15
5.0,A7_L-Aspartic_Acid,17
5.25,A7_L-Aspartic_Acid,16
5.5,A7_L-Aspartic_Acid,16
5.75,A7_L-Aspartic_Acid,12
6.0,A7_L-Aspartic_Acid,18
6.25,A7_L-Aspartic_Acid,14
6.5,A7_L-Aspartic_Acid,16
6.75,A7_L-Aspartic_Acid,14
7.0,A7_L-Aspartic_Acid,15
7.25,A7_L-Aspartic_Acid,15
7.5,A7_L-Aspartic_Acid,19
7.75,A7_L-Aspartic_Acid,13
8.0,A7_L-Aspartic_Acid,19
8.25,A7_L-Aspartic_Acid,17
8.5,A7_L-Aspartic_Acid,17
8.75,A7_L-Aspartic_Acid,19
9.0,A7_L-Aspartic_Acid,14
9.25,A7_L-Aspartic_Acid,20
9.5,A7_L-Aspartic_Acid,15
9.75,A7_L-Aspartic_Acid,16
10.0,A7_L-Aspartic_Acid,21
10.25,A7_L-Aspartic_Acid,17
10.5,A7_L-Aspartic_Acid,22
10.75,A7_L-Aspartic_Acid,19
11.0,A7_L-Aspartic_Acid,18
11.25,A7_L-Aspartic_Acid,18
11.5,A7_L-Aspartic_Acid,20
11.75,A7_L-Aspartic_Acid,19
12.0,A7_L-Aspartic_Acid,21
12.25,A7_L-Aspartic_Acid,26
12.5,A7_L-Aspartic_Acid,24
12.75,A7_L-Aspartic_Acid,21
13.0,A7_L-Aspartic_Acid,24
13.25,A7_L-Aspartic_Acid,21
13.5,A7_L-Aspartic_Acid,25
13.75,A7_L-Aspartic_Acid,24
14.0,A7_L-Aspartic_Acid,24
14.25,A7_L-Aspartic_Acid,20
14.5,A7_L-Aspartic_Acid,24
14.75,A7_L-Aspartic_Acid,25
15.0,A7_L-Aspartic_Acid,27
15.25,A7_L-Aspartic_Acid,28
15.5,A7_L-Aspartic_Acid,27
15.75,A7_L-Aspartic_Acid,25
16.0,A7_L-Aspartic_Acid,26
16.25,A7_L-Aspartic_Acid,23
16.5,A7_L-Aspartic_Acid,29
16.75,A7_L-Aspartic_Acid,26
17.0,A7_L-Aspartic_Acid,26
17.25,A7_L-Aspartic_Acid,27
17.5,A7_L-Aspartic_Acid,25
17.75,A7_L-Aspartic_Acid,26
18.0,A7_L-Aspartic_Acid,35
18.25,A7_L-Aspartic_Acid,27
18.5,A7_L-Aspartic_Acid,27
18.75,A7_L-Aspartic_Acid,32
19.0,A7_L-Aspartic_Acid,29
19.25,A7_L-Aspartic_Acid,33
19.5,A7_L-Aspartic_Acid,32
19.75,A7_L-Aspartic_Acid,30
20.0,A7_L-Aspartic_Acid,31
20.25,A7_L-Aspartic_Acid,36
20.5,A7_L-Aspartic_Acid,33
20.75,A7_L-Aspartic_Acid,39
21.0,A7_L-Aspartic_Acid,31
21.25,A7_L-Aspartic_Acid,33
21.5,A7_L-Aspartic_Acid,35
21.75,A7_L-Aspartic_Acid,30
22.0,A7_L-Aspartic_Acid,39
22.25,A7_L-Aspartic_Acid,37
22.5,A7_L-Aspartic_Acid,35
22.75,A7_L-Aspartic_Acid,37
23.0,A7_L-Aspartic_Acid,35
23.25,A7_L-Aspartic_Acid,36
23.5,A7_L-Aspartic_Acid,34
23.75,A7_L-Aspartic_Acid,33
24.0,A7_L-Aspartic_Acid,38
24.25,A7_L-Aspartic_Acid,37
24.5,A7_L-Aspartic_Acid,37
24.75,A7_L-Aspartic_Acid,44
25.0,A7_L-Aspartic_Acid,42
25.25,A7_L-Aspartic_Acid,43
25.5,A7_L-Aspartic_Acid,39
25.75,A7_L-Aspartic_Acid,42
26.0,A7_L-Aspartic_Acid,38
26.25,A7_L-Aspartic_Acid,36
26.5,A7_L-Aspartic_Acid,38
26.75,A7_L-Aspartic_Acid,41
27.0,A7_L-Aspartic_Acid,41
27.25,A7_L-Aspartic_Acid,39
27.5,A7_L-Aspartic_Acid,41
27.75,A7_L-Aspartic_Acid,46
28.0,A7_L-Aspartic_Acid,42
28.25,A7_L-Aspartic_Acid,39
28.5,A7_L-Aspartic_Acid,47
28.75,A7_L-Aspartic_Acid,42
29.0,A7_L-Aspartic_Acid,43
29.25,A7_L-Aspartic_Acid,42
29.5,A7_L-Aspartic_Acid,43
29.75,A7_L-Aspartic_Acid,45
30.0,A7_L-Aspartic_Acid,52
30.25,A7_L-Aspartic_Acid,44
30.5,A7_L-Aspartic_Acid,46
30.75,A7_L-Aspartic_Acid,47
31.0,A7_L-Aspartic_Acid,47
31.25,A7_L-Aspartic_Acid,44
31.5,A7_L-Aspartic_Acid,44
31.75,A7_L-Aspartic_Acid,50
32.0,A7_L-Aspartic_Acid,49
32.25,A7_L-Aspartic_Acid,45
32.5,A7_L-Aspartic_Acid,47
32.75,A7_L-Aspartic_Acid,49
33.0,A7_L-Aspartic_Acid,51
33.25,A7_L-Aspartic_Acid,48
33.5,A7_L-Aspartic_Acid,47
33.75,A7_L-Aspartic_Acid,50
34.0,A7_L-Aspartic_Acid,52
34.25,A7_L-Aspartic_Acid,55
34.5,A7_L-Aspartic_Acid,53
34.75,A7_L-Aspartic_Acid,55
35.0,A7_L-Aspartic_Acid,49
35.25,A7_L-Aspartic_Acid,57
35.5,A7_L-Aspartic_Acid,53
35.75,A7_L-Aspartic_Acid,51
36.0,A7_L-Aspartic_Acid,54
36.25,A7_L-Aspartic_Acid,53
36.5,A7_L-Aspartic_Acid,58
36.75,A7_L-Aspartic_Acid,51
37.0,A7_L-Aspartic_Acid,59
37.25,A7_L-Aspartic_Acid,59
37.5,A7_L-Aspartic_Acid,52
37.75,A7_L-Aspartic_Acid,58
38.0,A7_L-Aspartic_Acid,59
38.25,A7_L-Aspartic_Acid,54
38.5,A7_L-Aspartic_Acid,53
38.75,A7_L-Aspartic_Acid,55
39.0,A7_L-Aspartic_Acid,58
39.25,A7_L-Aspartic_Acid,59
39.5,A7_L-Aspartic_Acid,56
39.75,A7_L-Aspartic_Acid,53
40.0,A7_L-Aspartic_Acid,56
40.25,A7_L-Aspartic_Acid,59
40.5,A7_L-Aspartic_Acid,59
40.75,A7_L-Aspartic_Acid,55
41.0,A7_L-Aspartic_Acid,63
41.25,A7_L-Aspartic_Acid,62
41.5,A7_L-Aspartic_Acid,63
41.75,A7_L-Aspartic_Acid,65
42.0,A7_L-Aspartic_Acid,65
42.25,A7_L-Aspartic_Acid,63
42.5,A7_L-Aspartic_Acid,63
42.75,A7_L-Aspartic_Acid,66
43.0,A7_L-Aspartic_Acid,62
43.25,A7_L-Aspartic_Acid,69
43.5,A7_L-Aspartic_Acid,69
43.75,A7_L-Aspartic_Acid,65
44.0,A7_L-Aspartic_Acid,62
44.25,A7_L-Aspartic_Acid,69
44.5,A7_L-Aspartic_Acid,71
44.75,A7_L-Aspartic_Acid,66
45.0,A7_L-Aspartic_Acid,67
45.25,A7_L-Aspartic_Acid,65
45.5,A7_L-Aspartic_Acid,71
45.75,A7_L-Aspartic_Acid,68
46.0,A7_L-Aspartic_Acid,75
46.25,A7_L-Aspartic_Acid,73
46.5,A7_L-Aspartic_Acid,68
46.75,A7_L-Aspartic_Acid,70
47.0,A7_L-Aspartic_Acid,71
47.25,A7_L-Aspartic_Acid,74
47.5,A7_L-Aspartic_Acid,76
47.75,A7_L-Aspartic_Acid,73
48.0,A7_L-Aspartic_Acid,77
48.25,A7_L-Aspartic_Acid,75
0.0,A8_L-Proline,14
0.25,A8_L-Proline,12
0.5,A8_L-Proline,16
0.75,A8_L-Proline,15
1.0,A8_L-Proline,13
1.25,A8_L-Proline,12
1.5,A8_L-Proline,12
1.75,A8_L-Proline,12
2.0,A8_L-Proline,14
2.25,A8_L-Proline,11
2.5,A8_L-Proline,11
2.75,A8_L-Proline,11
3.0,A8_L-Proline,12
3.25,A8_L-Proline,12
3.5,A8_L-Proline,14
3.75,A8_L-Proline,11
4.0,A8_L-Proline,15
4.25,A8_L-Proline,11
4.5,A8_L-Proline,13
4.75,A8_L-Proline,15
5.0,A8_L-Proline,19
5.25,A8_L-Proline,12
5.5,A8_L-Proline,11
5.75,A8_L-Proline,11
6.0,A8_L-Proline,11
6.25,A8_L-Proline,13
6.5,A8_L-Proline,14
6.75,A8_L-Proline,16
7.0,A8_L-Proline,13
7.25,A8_L-Proline,11
7.5,A8_L-Proline,14
7.75,A8_L-Proline,11
8.0,A8_L-Proline,17
8.25,A8_L-Proline,14
8.5,A8_L-Proline,18
8.75,A8_L-Proline,16
9.0,A8_L-Proline,12
9.25,A8_L-Proline,18
9.5,A8_L-Proline,17
9.75,A8_L-Proline,14
10.0,A8_L-Proline,15
10.25,A8_L-Proline,14
10.5,A8_L-Proline,18
10.75,A8_L-Proline,17
11.0,A8_L-Proline,16
11.25,A8_L-Proline,16
11.5,A8_L-Proline,17
11.75,A8_L-Proline,14
12.0,A8_L-Proline,19
12.25,A8_L-Proline,19
12.5,A8_L-Proline,18
12.75,A8_L-Proline,19
13.0,A8_L-Proline,21
13.25,A8_L-Proline,20
13.5,A8_L-Proline,23
13.75,A8_L-Proline,21
14.0,A8_L-Proline,18
14.25,A8_L-Proline,17
14.5,A8_L-Proline,19
14.75,A8_L-Proline,21
15.0,A8_L-Proline,21
15.25,A8_L-Proline,15
15.5,A8_L-Proline,21
15.75,A8_L-Proline,24
16.0,A8_L-Proline,25
16.25,A8_L-Proline,18
16.5,A8_L-Proline,19
16.75,A8_L-Proline,26
17.0,A8_L-Proline,23
17.25,A8_L-Proline,25
17.5,A8_L-Proline,23
17.75,A8_L-Proline,29
18.0,A8_L-Proline,29
18.25,A8_L-Proline,29
18.5,A8_L-Proline,28
18.75,A8_L-Proline,27
19.0,A8_L-Proline,25
19.25,A8_L-Proline,23
19.5,A8_L-Proline,27
19.75,A8_L-Proline,29
20.0,A8_L-Proline,30
20.25,A8_L-Proline,26
20.5,A8_L-Proline,31
20.75,A8_L-Proline,27
21.0,A8_L-Proline,30
21.25,A8_L-Proline,29
21.5,A8_L-Proline,30
21.75,A8_L-Proline,34
22.0,A8_L-Proline,32
22.25,A8_L-Proline,30
22.5,A8_L-Proline,32
22.75,A8_L-Proline,34
23.0,A8_L-Proline,27
23.25,A8_L-Proline,35
23.5,A8_L-Proline,30
23.75,A8_L-Proline,35
24.0,A8_L-Proline,35
24.25,A8_L-Proline,32
24.5,A8_L-Proline,32
24.75,A8_L-Proline,35
25.0,A8_L-Proline,32
25.25,A8_L-Proline,37
25.5,A8_L-Proline,29
25.75,A8_L-Proline,30
26.0,A8_L-Proline,35
26.25,A8_L-Proline,35
26.5,A8_L-Proline,33
26.75,A8_L-Proline,36
27.0,A8_L-Proline,32
27.25,A8_L-Proline,34
27.5,A8_L-Proline,37
27.75,A8_L-Proline,38
28.0,A8_L-Proline,36
28.25,A8_L-Proline,37
28.5,A8_L-Proline,35
28.75,A8_L-Proline,34
29.0,A8_L-Proline,36
29.25,A8_L-Proline,37
29.5,A8_L-Proline,39
29.75,A8_L-Proline,36
30.0,A8_L-Proline,34
30.25,A8_L-Proline,38
30.5,A8_L-Proline,37
30.75,A8_L-Proline,33
31.0,A8_L-Proline,35
31.25,A8_L-Proline,37
31.5,A8_L-Proline,35
31.75,A8_L-Proline,36
32.0,A8_L-Proline,39
32.25,A8_L-Proline,39
32.5,A8_L-Proline,35
32.75,A8_L-Proline,35
33.0,A8_L-Proline,39
33.25,A8_L-Proline,35
33.5,A8_L-Proline,35
33.75,A8_L-Proline,39
34.0,A8_L-Proline,37
34.25,A8_L-Proline,38
34.5,A8_L-Proline,39
34.75,A8_L-Proline,38
35.0,A8_L-Proline,38
35.25,A8_L-Proline,38
35.5,A8_L-Proline,40
35.75,A8_L-Proline,38
36.0,A8_L-Proline,37
36.25,A8_L-Proline,39
36.5,A8_L-Proline,35
36.75,A8_L-Proline,35
37.0,A8_L-Proline,37
37.25,A8_L-Proline,40
37.5,A8_L-Proline,40
37.75,A8_L-Proline,40
38.0,A8_L-Proline,39
38.25,A8_L-Proline,39
38.5,A8_L-Proline,37
38.75,A8_L-Proline,38
39.0,A8_L-Proline,39
39.25,A8_L-Proline,37
39.5,A8_L-Proline,38
39.75,A8_L-Proline,40
40.0,A8_L-Proline,39
40.25,A8_L-Proline,41
40.5,A8_L-Proline,42
40.75,A8_L-Proline,42
41.0,A8_L-Proline,44
41.25,A8_L-Proline,41
41.5,A8_L-Proline,41
41.75,A8_L-Proline,45
42.0,A8_L-Proline,42
42.25,A8_L-Proline,46
42.5,A8_L-Proline,38
42.75,A8_L-Proline,43
43.0,A8_L-Proline,42
43.25,A8_L-Proline,40
43.5,A8_L-Proline,42
43.75,A8_L-Proline,44
44.0,A8_L-Proline,42
44.25,A8_L-Proline,41
44.5,A8_L-Proline,38
44.75,A8_L-Proline,41
45.0,A8_L-Proline,44
45.25,A8_L-Proline,42
45.5,A8_L-Proline,40
45.75,A8_L-Proline,42
46.0,A8_L-Proline,44
46.25,A8_L-Proline,44
46.5,A8_L-Proline,46
46.75,A8_L-Proline,45
47.0,A8_L-Proline,42
47.25,A8_L-Proline,48
47.5,A8_L-Proline,45
47.75,A8_L-Proline,47
48.0,A8_L-Proline,48
48.25,A8_L-Proline,47
0.0,A9_D-Alanine,13
0.25,A9_D-Alanine,14
0.5,A9_D-Alanine,14
0.75,A9_D-Alanine,16
1.0,A9_D-Alanine,12
1.25,A9_D-Alanine,14
1.5,A9_D-Alanine,15
1.75,A9_D-Alanine,13
2.0,A9_D-Alanine,12
2.25,A9_D-Alanine,11
2.5,A9_D-Alanine,12
2.75,A9_D-Alanine,11
3.0,A9_D-Alanine,15
3.25,A9_D-Alanine,13
3.5,A9_D-Alanine,15
3.75,A9_D-Alanine,12
4.0,A9_D-Alanine,12
4.25,A9_D-Alanine,12
4.5,A9_D-Alanine,11
4.75,A9_D-Alanine,12
5.0,A9_D-Alanine,11
5.25,A9_D-Alanine,11
5.5,A9_D-Alanine,12
5.75,A9_D-Alanine,11
6.0,A9_D-Alanine,11
6.25,A9_D-Alanine,13
6.5,A9_D-Alanine,11
6.75,A9_D-Alanine,12
7.0,A9_D-Alanine,12
7.25,A9_D-Alanine,14
7.5,A9_D-Alanine,12
7.75,A9_D-Alanine,12
8.0,A9_D-Alanine,18
8.25,A9_D-Alanine,14
8.5,A9_D-Alanine,16
8.75,A9_D-Alanine,15
9.0,A9_D-Alanine,14
9.25,A9_D-Alanine,14
9.5,A9_D-Alanine,17
9.75,A9_D-Alanine,15
10.0,A9_D-Alanine,16
10.25,A9_D-Alanine,17
10.5,A9_D-Alanine,17
10.75,A9_D-Alanine,15
11.0,A9_D-Alanine,15
11.25,A9_D-Alanine,17
11.5,A9_D-Alanine,11
11.75,A9_D-Alanine,19
12.0,A9_D-Alanine,18
12.25,A9_D-Alanine,20
12.5,A9_D-Alanine,16
12.75,A9_D-Alanine,17
13.0,A9_D-Alanine,19
13.25,A9_D-Alanine,18
13.5,A9_D-Alanine,16
13.75,A9_D-Alanine,20
14.0,A9_D-Alanine,17
14.25,A9_D-Alanine,18
14.5,A9_D-Alanine,15
14.75,A9_D-Alanine,17
15.0,A9_D-Alanine,18
15.25,A9_D-Alanine,11
15.5,A9_D-Alanine,16
15.75,A9_D-Alanine,20
16.0,A9_D-Alanine,20
16.25,A9_D-Alanine,17
16.5,A9_D-Alanine,14
16.75,A9_D-Alanine,20
17.0,A9_D-Alanine,19
17.25,A9_D-Alanine,19
17.5,A9_D-Alanine,18
17.75,A9_D-Alanine,17
18.0,A9_D-Alanine,20
18.25,A9_D-Alanine,15
18.5,A9_D-Alanine,23
18.75,A9_D-Alanine,16
19.0,A9_D-Alanine,21
19.25,A9_D-Alanine,18
19.5,A9_D-Alanine,18
19.75,A9_D-Alanine,22
20.0,A9_D-Alanine,20
20.25,A9_D-Alanine,21
20.5,A9_D-Alanine,21
20.75,A9_D-Alanine,21
21.0,A9_D-Alanine,19
21.25,A9_D-Alanine,19
21.5,A9_D-Alanine,24
21.75,A9_D-Alanine,19
22.0,A9_D-Alanine,17
22.25,A9_D-Alanine,21
22.5,A9_D-Alanine,20
22.75,A9_D-Alanine,19
23.0,A9_D-Alanine,17
23.25,A9_D-Alanine,20
23.5,A9_D-Alanine,25
23.75,A9_D-Alanine,21
24.0,A9_D-Alanine,26
24.25,A9_D-Alanine,17
24.5,A9_D-Alanine,22
24.75,A9_D-Alanine,21
25.0,A9_D-Alanine,23
25.25,A9_D-Alanine,29
25.5,A9_D-Alanine,21
25.75,A9_D-Alanine,21
26.0,A9_D-Alanine,23
26.25,A9_D-Alanine,19
26.5,A9_D-Alanine,22
26.75,A9_D-Alanine,25
27.0,A9_D-Alanine,26
27.25,A9_D-Alanine,22
27.5,A9_D-Alanine,20
27.75,A9_D-Alanine,23
28.0,A9_D-Alanine,20
28.25,A9_D-Alanine,24
28.5,A9_D-Alanine,21
28.75,A9_D-Alanine,23
29.0,A9_D-Alanine,20
29.25,A9_D-Alanine,19
29.5,A9_D-Alanine,25
29.75,A9_D-Alanine,21
30.0,A9_D-Alanine,17
30.25,A9_D-Alanine,17
30.5,A9_D-Alanine,19
30.75,A9_D-Alanine,23
31.0,A9_D-Alanine,18
31.25,A9_D-Alanine,19
31.5,A9_D-Alanine,23
31.75,A9_D-Alanine,27
32.0,A9_D-Alanine,23
32.25,A9_D-Alanine,23
32.5,A9_D-Alanine,23
32.75,A9_D-Alanine,23
33.0,A9_D-Alanine,24
33.25,A9_D-Alanine,20
33.5,A9_D-Alanine,24
33.75,A9_D-Alanine,24
34.0,A9_D-Alanine,24
34.25,A9_D-Alanine,24
34.5,A9_D-Alanine,23
34.75,A9_D-Alanine,24
35.0,A9_D-Alanine,24
35.25,A9_D-Alanine,24
35.5,A9_D-Alanine,25
35.75,A9_D-Alanine,24
36.0,A9_D-Alanine,23
36.25,A9_D-Alanine,22
36.5,A9_D-Alanine,20
36.75,A9_D-Alanine,25
37.0,A9_D-Alanine,23
37.25,A9_D-Alanine,20
37.5,A9_D-Alanine,22
37.75,A9_D-Alanine,23
38.0,A9_D-Alanine,27
38.25,A9_D-Alanine,20
38.5,A9_D-Alanine,27
38.75,A9_D-Alanine,21
39.0,A9_D-Alanine,23
39.25,A9_D-Alanine,24
39.5,A9_D-Alanine,22
39.75,A9_D-Alanine,25
40.0,A9_D-Alanine,23
40.25,A9_D-Alanine,23
40.5,A9_D-Alanine,25
40.75,A9_D-Alanine,24
41.0,A9_D-Alanine,24
41.25,A9_D-Alanine,25
41.5,A9_D-Alanine,25
41.75,A9_D-Alanine,28
42.0,A9_D-Alanine,23
42.25,A9_D-Alanine,26
42.5,A9_D-Alanine,27
42.75,A9_D-Alanine,26
43.0,A9_D-Alanine,25
43.25,A9_D-Alanine,26
43.5,A9_D-Alanine,24
43.75,A9_D-Alanine,25
44.0,A9_D-Alanine,25
44.25,A9_D-Alanine,19
44.5,A9_D-Alanine,22
44.75,A9_D-Alanine,23
45.0,A9_D-Alanine,24
45.25,A9_D-Alanine,26
45.5,A9_D-Alanine,22
45.75,A9_D-Alanine,24
46.0,A9_D-Alanine,21
46.25,A9_D-Alanine,29
46.5,A9_D-Alanine,26
46.75,A9_D-Alanine,25
47.0,A9_D-Alanine,27
47.25,A9_D-Alanine,26
47.5,A9_D-Alanine,24
47.75,A9_D-Alanine,27
48.0,A9_D-Alanine,23
48.25,A9_D-Alanine,26
0.0,A10_D-Trehalose,12
0.25,A10_D-Trehalose,11
0.5,A10_D-Trehalose,14
0.75,A10_D-Trehalose,11
1.0,A10_D-Trehalose,16
1.25,A10_D-Trehalose,16
1.5,A10_D-Trehalose,12
1.75,A10_D-Trehalose,14
2.0,A10_D-Trehalose,16
2.25,A10_D-Trehalose,13
2.5,A10_D-Trehalose,13
2.75,A10_D-Trehalose,15
3.0,A10_D-Trehalose,11
3.25,A10_D-Trehalose,11
3.5,A10_D-Trehalose,16
3.75,A10_D-Trehalose,16
4.0,A10_D-Trehalose,15
4.25,A10_D-Trehalose,14
4.5,A10_D-Trehalose,14
4.75,A10_D-Trehalose,13
5.0,A10_D-Trehalose,15
5.25,A10_D-Trehalose,16
5.5,A10_D-Trehalose,15
5.75,A10_D-Trehalose,12
6.0,A10_D-Trehalose,12
6.25,A10_D-Trehalose,13
6.5,A10_D-Trehalose,11
6.75,A10_D-Trehalose,13
7.0,A10_D-Trehalose,17
7.25,A10_D-Trehalose,15
7.5,A10_D-Trehalose,14
7.75,A10_D-Trehalose,11
8.0,A10_D-Trehalose,16
8.25,A10_D-Trehalose,19
8.5,A10_D-Trehalose,19
8.75,A10_D-Trehalose,15
9.0,A10_D-Trehalose,16
9.25,A10_D-Trehalose,14
9.5,A10_D-Trehalose,19
9.75,A10_D-Trehalose,14
10.0,A10_D-Trehalose,18
10.25,A10_D-Trehalose,17
10.5,A10_D-Trehalose,17
10.75,A10_D-Trehalose,14
11.0,A10_D-Trehalose,19
11.25,A10_D-Trehalose,19
11.5,A10_D-Trehalose,19
11.75,A10_D-Trehalose,16
12.0,A10_D-Trehalose,19
12.25,A10_D-Trehalose,20
12.5,A10_D-Trehalose,20
12.75,A10_D-Trehalose,23
13.0,A10_D-Trehalose,23
13.25,A10_D-Trehalose,21
13.5,A10_D-Trehalose,24
13.75,A10_D-Trehalose,19
14.0,A10_D-Trehalose,18
14.25,A10_D-Trehalose,21
14.5,A10_D-Trehalose,19
14.75,A10_D-Trehalose,22
15.0,A10_D-Trehalose,23
15.25,A10_D-Trehalose,25
15.5,A10_D-Trehalose,24
15.75,A10_D-Trehalose,24
16.0,A10_D-Trehalose,22
16.25,A10_D-Trehalose,22
16.5,A10_D-Trehalose,18
16.75,A10_D-Trehalose,21
17.0,A10_D-Trehalose,20
17.25,A10_D-Trehalose,24
17.5,A10_D-Trehalose,23
17.75,A10_D-Trehalose,20
18.0,A10_D-Trehalose,28
18.25,A10_D-Trehalose,20
18.5,A10_D-Trehalose,23
18.75,A10_D-Trehalose,25
19.0,A10_D-Trehalose,20
19.25,A10_D-Trehalose,27
19.5,A10_D-Trehalose,24
19.75,A10_D-Trehalose,23
20.0,A10_D-Trehalose,25
20.25,A10_D-Trehalose,23
20.5,A10_D-Trehalose,31
20.75,A10_D-Trehalose,22
21.0,A10_D-Trehalose,22
21.25,A10_D-Trehalose,24
21.5,A10_D-Trehalose,23
21.75,A10_D-Trehalose,26
22.0,A10_D-Trehalose,25
22.25,A10_D-Trehalose,23
22.5,A10_D-Trehalose,25
22.75,A10_D-Trehalose,25
23.0,A10_D-Trehalose,23
23.25,A10_D-Trehalose,27
23.5,A10_D-Trehalose,24
23.75,A10_D-Trehalose,22
24.0,A10_D-Trehalose,21
24.25,A10_D-Trehalose,26
24.5,A10_D-Trehalose,24
24.75,A10_D-Trehalose,25
25.0,A10_D-Trehalose,24
25.25,A10_D-Trehalose,28
25.5,A10_D-Trehalose,28
25.75,A10_D-Trehalose,26
26.0,A10_D-Trehalose,20
26.25,A10_D-Trehalose,24
26.5,A10_D-Trehalose,27
26.75,A10_D-Trehalose,25
27.0,A10_D-Trehalose,26
27.25,A10_D-Trehalose,24
27.5,A10_D-Trehalose,19
27.75,A10_D-Trehalose,26
28.0,A10_D-Trehalose,25
28.25,A10_D-Trehalose,24
28.5,A10_D-Trehalose,24
28.75,A10_D-Trehalose,22
29.0,A10_D-Trehalose,27
29.25,A10_D-Trehalose,22
29.5,A10_D-Trehalose,25
29.75,A10_D-Trehalose,24
30.0,A10_D-Trehalose,25
30.25,A10_D-Trehalose,20
30.5,A10_D-Trehalose,24
30.75,A10_D-Trehalose,27
31.0,A10_D-Trehalose,22
31.25,A10_D-Trehalose,25
31.5,A10_D-Trehalose,25
31.75,A10_D-Trehalose,25
32.0,A10_D-Trehalose,27
32.25,A10_D-Trehalose,23
32.5,A10_D-Trehalose,22
32.75,A10_D-Trehalose,21
33.0,A10_D-Trehalose,24
33.25,A10_D-Trehalose,19
33.5,A10_D-Trehalose,24
33.75,A10_D-Trehalose,24
34.0,A10_D-Trehalose,23
34.25,A10_D-Trehalose,29
34.5,A10_D-Trehalose,29
34.75,A10_D-Trehalose,23
35.0,A10_D-Trehalose,22
35.25,A10_D-Trehalose,23
35.5,A10_D-Trehalose,24
35.75,A10_D-Trehalose,22
36.0,A10_D-Trehalose,23
36.25,A10_D-Trehalose,23
36.5,A10_D-Trehalose,27
36.75,A10_D-Trehalose,24
37.0,A10_D-Trehalose,22
37.25,A10_D-Trehalose,23
37.5,A10_D-Trehalose,22
37.75,A10_D-Trehalose,24
38.0,A10_D-Trehalose,22
38.25,A10_D-Trehalose,26
38.5,A10_D-Trehalose,25
38.75,A10_D-Trehalose,24
39.0,A10_D-Trehalose,25
39.25,A10_D-Trehalose,24
39.5,A10_D-Trehalose,24
39.75,A10_D-Trehalose,25
40.0,A10_D-Trehalose,25
40.25,A10_D-Trehalose,22
40.5,A10_D-Trehalose,23
40.75,A10_D-Trehalose,19
41.0,A10_D-Trehalose,25
41.25,A10_D-Trehalose,18
41.5,A10_D-Trehalose,22
41.75,A10_D-Trehalose,28
42.0,A10_D-Trehalose,21
42.25,A10_D-Trehalose,27
42.5,A10_D-Trehalose,22
42.75,A10_D-Trehalose,25
43.0,A10_D-Trehalose,21
43.25,A10_D-Trehalose,24
43.5,A10_D-Trehalose,28
43.75,A10_D-Trehalose,23
44.0,A10_D-Trehalose,22
44.25,A10_D-Trehalose,24
44.5,A10_D-Trehalose,21
44.75,A10_D-Trehalose,18
45.0,A10_D-Trehalose,20
45.25,A10_D-Trehalose,21
45.5,A10_D-Trehalose,26
45.75,A10_D-Trehalose,22
46.0,A10_D-Trehalose,23
46.25,A10_D-Trehalose,28
46.5,A10_D-Trehalose,26
46.75,A10_D-Trehalose,24
47.0,A10_D-Trehalose,25
47.25,A10_D-Trehalose,27
47.5,A10_D-Trehalose,27
47.75,A10_D-Trehalose,25
48.0,A10_D-Trehalose,21
48.25,A10_D-Trehalose,27
0.0,A11_D-Mannose,17
0.25,A11_D-Mannose,16
0.5,A11_D-Mannose,16
0.75,A11_D-Mannose,19
1.0,A11_D-Mannose,16
1.25,A11_D-Mannose,18
1.5,A11_D-Mannose,16
1.75,A11_D-Mannose,16
2.0,A11_D-Mannose,14
2.25,A11_D-Mannose,14
2.5,A11_D-Mannose,12
2.75,A11_D-Mannose,17
3.0,A11_D-Mannose,16
3.25,A11_D-Mannose,19
3.5,A11_D-Mannose,15
3.75,A11_D-Mannose,14
4.0,A11_D-Mannose,13
4.25,A11_D-Mannose,14
4.5,A11_D-Mannose,13
4.75,A11_D-Mannose,19
5.0,A11_D-Mannose,17
5.25,A11_D-Mannose,21
5.5,A11_D-Mannose,11
5.75,A11_D-Mannose,13
6.0,A11_D-Mannose,15
6.25,A11_D-Mannose,17
6.5,A11_D-Mannose,15
6.75,A11_D-Mannose,18
7.0,A11_D-Mannose,18
7.25,A11_D-Mannose,17
7.5,A11_D-Mannose,20
7.75,A11_D-Mannose,16
8.0,A11_D-Mannose,21
8.25,A11_D-Mannose,14
8.5,A11_D-Mannose,18
8.75,A11_D-Mannose,20
9.0,A11_D-Mannose,19
9.25,A11_D-Mannose,18
9.5,A11_D-Mannose,22
9.75,A11_D-Mannose,18
10.0,A11_D-Mannose,23
10.25,A11_D-Mannose,17
10.5,A11_D-Mannose,25
10.75,A11_D-Mannose,18
11.0,A11_D-Mannose,15
11.25,A11_D-Mannose,20
11.5,A11_D-Mannose,23
11.75,A11_D-Mannose,19
12.0,A11_D-Mannose,22
12.25,A11_D-Mannose,19
12.5,A11_D-Mannose,21
12.75,A11_D-Mannose,22
13.0,A11_D-Mannose,22
13.25,A11_D-Mannose,21
13.5,A11_D-Mannose,21
13.75,A11_D-Mannose,20
14.0,A11_D-Mannose,22
14.25,A11_D-Mannose,20
14.5,A11_D-Mannose,21
14.75,A11_D-Mannose,22
15.0,A11_D-Mannose,24
15.25,A11_D-Mannose,20
15.5,A11_D-Mannose,19
15.75,A11_D-Mannose,23
16.0,A11_D-Mannose,28
16.25,A11_D-Mannose,22
16.5,A11_D-Mannose,18
16.75,A11_D-Mannose,20
17.0,A11_D-Mannose,27
17.25,A11_D-Mannose,25
17.5,A11_D-Mannose,19
17.75,A11_D-Mannose,24
18.0,A11_D-Mannose,27
18.25,A11_D-Mannose,19
18.5,A11_D-Mannose,25
18.75,A11_D-Mannose,23
19.0,A11_D-Mannose,27
19.25,A11_D-Mannose,24
19.5,A11_D-Mannose,24
19.75,A11_D-Mannose,28
20.0,A11_D-Mannose,22
20.25,A11_D-Mannose,23
20.5,A11_D-Mannose,26
20.75,A11_D-Mannose,30
21.0,A11_D-Mannose,24
21.25,A11_D-Mannose,26
21.5,A11_D-Mannose,27
21.75,A11_D-Mannose,24
22.0,A11_D-Mannose,24
22.25,A11_D-Mannose,24
22.5,A11_D-Mannose,24
22.75,A11_D-Mannose,29
23.0,A11_D-Mannose,27
23.25,A11_D-Mannose,30
23.5,A11_D-Mannose,22
23.75,A11_D-Mannose,23
24.0,A11_D-Mannose,25
24.25,A11_D-Mannose,25
24.5,A11_D-Mannose,24
24.75,A11_D-Mannose,26
25.0,A11_D-Mannose,29
25.25,A11_D-Mannose,29
25.5,A11_D-Mannose,26
25.75,A11_D-Mannose,27
26.0,A11_D-Mannose,26
26.25,A11_D-Mannose,26
26.5,A11_D-Mannose,26
26.75,A11_D-Mannose,26
27.0,A11_D-Mannose,24
27.25,A11_D-Mannose,26
27.5,A11_D-Mannose,27
27.75,A11_D-Mannose,27
28.0,A11_D-Mannose,25
28.25,A11_D-Mannose,28
28.5,A11_D-Mannose,28
28.75,A11_D-Mannose,27
29.0,A11_D-Mannose,28
29.25,A11_D-Mannose,24
29.5,A11_D-Mannose,26
29.75,A11_D-Mannose,29
30.0,A11_D-Mannose,29
30.25,A11_D-Mannose,27
30.5,A11_D-Mannose,26
30.75,A11_D-Mannose,26
31.0,A11_D-Mannose,24
31.25,A11_D-Mannose,23
31.5,A11_D-Mannose,23
31.75,A11_D-Mannose,26
32.0,A11_D-Mannose,28
32.25,A11_D-Mannose,26
32.5,A11_D-Mannose,26
32.75,A11_D-Mannose,28
33.0,A11_D-Mannose,27
33.25,A11_D-Mannose,27
33.5,A11_D-Mannose,26
33.75,A11_D-Mannose,26
34.0,A11_D-Mannose,25
34.25,A11_D-Mannose,28
34.5,A11_D-Mannose,28
34.75,A11_D-Mannose,27
35.0,A11_D-Mannose,24
35.25,A11_D-Mannose,28
35.5,A11_D-Mannose,25
35.75,A11_D-Mannose,32
36.0,A11_D-Mannose,21
36.25,A11_D-Mannose,23
36.5,A11_D-Mannose,30
36.75,A11_D-Mannose,30
37.0,A11_D-Mannose,28
37.25,A11_D-Mannose,28
37.5,A11_D-Mannose,27
37.75,A11_D-Mannose,29
38.0,A11_D-Mannose,29
38.25,A11_D-Mannose,28
38.5,A11_D-Mannose,26
38.75,A11_D-Mannose,27
39.0,A11_D-Mannose,25
39.25,A11_D-Mannose,28
39.5,A11_D-Mannose,28
39.75,A11_D-Mannose,26
40.0,A11_D-Mannose,25
40.25,A11_D-Mannose,31
40.5,A11_D-Mannose,27
40.75,A11_D-Mannose,26
41.0,A11_D-Mannose,25
41.25,A11_D-Mannose,22
41.5,A11_D-Mannose,26
41.75,A11_D-Mannose,28
42.0,A11_D-Mannose,28
42.25,A11_D-Mannose,31
42.5,A11_D-Mannose,29
42.75,A11_D-Mannose,27
43.0,A11_D-Mannose,27
43.25,A11_D-Mannose,26
43.5,A11_D-Mannose,24
43.75,A11_D-Mannose,24
44.0,A11_D-Mannose,23
44.25,A11_D-Mannose,31
44.5,A11_D-Mannose,29
44.75,A11_D-Mannose,25
45.0,A11_D-Mannose,26
45.25,A11_D-Mannose,26
45.5,A11_D-Mannose,24
45.75,A11_D-Mannose,26
46.0,A11_D-Mannose,30
46.25,A11_D-Mannose,28
46.5,A11_D-Mannose,30
46.75,A11_D-Mannose,23
47.0,A11_D-Mannose,30
47.25,A11_D-Mannose,29
47.5,A11_D-Mannose,32
47.75,A11_D-Mannose,31
48.0,A11_D-Mannose,30
48.25,A11_D-Mannose,29
0.0,A12_Dulcitol,25
0.25,A12_Dulcitol,22
0.5,A12_Dulcitol,23
0.75,A12_Dulcitol,23
1.0,A12_Dulcitol,23
1.25,A12_Dulcitol,25
1.5,A12_Dulcitol,27
1.75,A12_Dulcitol,27
2.0,A12_Dulcitol,20
2.25,A12_Dulcitol,27
2.5,A12_Dulcitol,24
2.75,A12_Dulcitol,22
3.0,A12_Dulcitol,24
3.25,A12_Dulcitol,27
3.5,A12_Dulcitol,27
3.75,A12_Dulcitol,25
4.0,A12_Dulcitol,24
4.25,A12_Dulcitol,23
4.5,A12_Dulcitol,27
4.75,A12_Dulcitol,27
5.0,A12_Dulcitol,25
5.25,A12_Dulcitol,25
5.5,A12_Dulcitol,21
5.75,A12_Dulcitol,22
6.0,A12_Dulcitol,22
6.25,A12_Dulcitol,20
6.5,A12_Dulcitol,20
6.75,A12_Dulcitol,20
7.0,A12_Dulcitol,23
7.25,A12_Dulcitol,27
7.5,A12_Dulcitol,26
7.75,A12_Dulcitol,28
8.0,A12_Dulcitol,30
8.25,A12_Dulcitol,22
8.5,A12_Dulcitol,22
8.75,A12_Dulcitol,28
9.0,A12_Dulcitol,25
9.25,A12_Dulcitol,27
9.5,A12_Dulcitol,26
9.75,A12_Dulcitol,27
10.0,A12_Dulcitol,23
10.25,A12_Dulcitol,27
10.5,A12_Dulcitol,28
10.75,A12_Dulcitol,23
11.0,A12_Dulcitol,25
11.25,A12_Dulcitol,28
11.5,A12_Dulcitol,25
11.75,A12_Dulcitol,25
12.0,A12_Dulcitol,27
12.25,A12_Dulcitol,30
12.5,A12_Dulcitol,28
12.75,A12_Dulcitol,34
13.0,A12_Dulcitol,30
13.25,A12_Dulcitol,28
13.5,A12_Dulcitol,29
13.75,A12_Dulcitol,34
14.0,A12_Dulcitol,28
14.25,A12_Dulcitol,26
14.5,A12_Dulcitol,29
14.75,A12_Dulcitol,27
15.0,A12_Dulcitol,32
15.25,A12_Dulcitol,30
15.5,A12_Dulcitol,29
15.75,A12_Dulcitol,28
16.0,A12_Dulcitol,30
16.25,A12_Dulcitol,28
16.5,A12_Dulcitol,30
16.75,A12_Dulcitol,27
17.0,A12_Dulcitol,33
17.25,A12_Dulcitol,28
17.5,A12_Dulcitol,30
17.75,A12_Dulcitol,27
18.0,A12_Dulcitol,34
18.25,A12_Dulcitol,28
18.5,A12_Dulcitol,34
18.75,A12_Dulcitol,35
19.0,A12_Dulcitol,31
19.25,A12_Dulcitol,31
19.5,A12_Dulcitol,34
19.75,A12_Dulcitol,31
20.0,A12_Dulcitol,31
20.25,A12_Dulcitol,33
20.5,A12_Dulcitol,34
20.75,A12_Dulcitol,34
21.0,A12_Dulcitol,32
21.25,A12_Dulcitol,31
21.5,A12_Dulcitol,33
21.75,A12_Dulcitol,34
22.0,A12_Dulcitol,33
22.25,A12_Dulcitol,30
22.5,A12_Dulcitol,31
22.75,A12_Dulcitol,30
23.0,A12_Dulcitol,30
23.25,A12_Dulcitol,33
23.5,A12_Dulcitol,32
23.75,A12_Dulcitol,34
24.0,A12_Dulcitol,34
24.25,A12_Dulcitol,34
24.5,A12_Dulcitol,30
24.75,A12_Dulcitol,37
25.0,A12_Dulcitol,38
25.25,A12_Dulcitol,29
25.5,A12_Dulcitol,33
25.75,A12_Dulcitol,33
26.0,A12_Dulcitol,33
26.25,A12_Dulcitol,31
26.5,A12_Dulcitol,35
26.75,A12_Dulcitol,35
27.0,A12_Dulcitol,28
27.25,A12_Dulcitol,32
27.5,A12_Dulcitol,34
27.75,A12_Dulcitol,35
28.0,A12_Dulcitol,28
28.25,A12_Dulcitol,29
28.5,A12_Dulcitol,32
28.75,A12_Dulcitol,32
29.0,A12_Dulcitol,33
29.25,A12_Dulcitol,31
29.5,A12_Dulcitol,29
29.75,A12_Dulcitol,31
30.0,A12_Dulcitol,32
30.25,A12_Dulcitol,32
30.5,A12_Dulcitol,28
30.75,A12_Dulcitol,34
31.0,A12_Dulcitol,31
31.25,A12_Dulcitol,30
31.5,A12_Dulcitol,30
31.75,A12_Dulcitol,31
32.0,A12_Dulcitol,34
32.25,A12_Dulcitol,35
32.5,A12_Dulcitol,36
32.75,A12_Dulcitol,30
33.0,A12_Dulcitol,31
33.25,A12_Dulcitol,29
33.5,A12_Dulcitol,30
33.75,A12_Dulcitol,30
34.0,A12_Dulcitol,27
34.25,A12_Dulcitol,33
34.5,A12_Dulcitol,32
34.75,A12_Dulcitol,29
35.0,A12_Dulcitol,32
35.25,A12_Dulcitol,30
35.5,A12_Dulcitol,34
35.75,A12_Dulcitol,32
36.0,A12_Dulcitol,31
36.25,A12_Dulcitol,30
36.5,A12_Dulcitol,25
36.75,A12_Dulcitol,27
37.0,A12_Dulcitol,27
37.25,A12_Dulcitol,29
37.5,A12_Dulcitol,25
37.75,A12_Dulcitol,26
38.0,A12_Dulcitol,33
38.25,A12_Dulcitol,26
38.5,A12_Dulcitol,30
38.75,A12_Dulcitol,34
39.0,A12_Dulcitol,33
39.25,A12_Dulcitol,28
39.5,A12_Dulcitol,32
39.75,A12_Dulcitol,31
40.0,A12_Dulcitol,31
40.25,A12_Dulcitol,31
40.5,A12_Dulcitol,30
40.75,A12_Dulcitol,31
41.0,A12_Dulcitol,27
41.25,A12_Dulcitol,30
41.5,A12_Dulcitol,29
41.75,A12_Dulcitol,32
42.0,A12_Dulcitol,32
42.25,A12_Dulcitol,33
42.5,A12_Dulcitol,32
42.75,A12_Dulcitol,33
43.0,A12_Dulcitol,27
43.25,A12_Dulcitol,26
43.5,A12_Dulcitol,27
43.75,A12_Dulcitol,29
44.0,A12_Dulcitol,30
44.25,A12_Dulcitol,24
44.5,A12_Dulcitol,28
44.75,A12_Dulcitol,31
45.0,A12_Dulcitol,29
45.25,A12_Dulcitol,29
45.5,A12_Dulcitol,28
45.75,A12_Dulcitol,29
46.0,A12_Dulcitol,29
46.25,A12_Dulcitol,31
46.5,A12_Dulcitol,29
46.75,A12_Dulcitol,29
47.0,A12_Dulcitol,28
47.25,A12_Dulcitol,30
47.5,A12_Dulcitol,29
47.75,A12_Dulcitol,31
48.0,A12_Dulcitol,29
48.25,A12_Dulcitol,33
0.0,B1_D-Serine,28
0.25,B1_D-Serine,20
0.5,B1_D-Serine,18
0.75,B1_D-Serine,22
1.0,B1_D-Serine,23
1.25,B1_D-Serine,24
1.5,B1_D-Serine,21
1.75,B1_D-Serine,19
2.0,B1_D-Serine,18
2.25,B1_D-Serine,19
2.5,B1_D-Serine,18
2.75,B1_D-Serine,18
3.0,B1_D-Serine,22
3.25,B1_D-Serine,20
3.5,B1_D-Serine,21
3.75,B1_D-Serine,20
4.0,B1_D-Serine,19
4.25,B1_D-Serine,23
4.5,B1_D-Serine,16
4.75,B1_D-Serine,22
5.0,B1_D-Serine,23
5.25,B1_D-Serine,24
5.5,B1_D-Serine,17
5.75,B1_D-Serine,16
6.0,B1_D-Serine,22
6.25,B1_D-Serine,21
6.5,B1_D-Serine,21
6.75,B1_D-Serine,26
7.0,B1_D-Serine,19
7.25,B1_D-Serine,20
7.5,B1_D-Serine,25
7.75,B1_D-Serine,18
8.0,B1_D-Serine,25
8.25,B1_D-Serine,23
8.5,B1_D-Serine,19
8.75,B1_D-Serine,20
9.0,B1_D-Serine,23
9.25,B1_D-Serine,18
9.5,B1_D-Serine,19
9.75,B1_D-Serine,15
10.0,B1_D-Serine,21
10.25,B1_D-Serine,16
10.5,B1_D-Serine,18
10.75,B1_D-Serine,18
11.0,B1_D-Serine,21
11.25,B1_D-Serine,22
11.5,B1_D-Serine,23
11.75,B1_D-Serine,18
12.0,B1_D-Serine,23
12.25,B1_D-Serine,21
12.5,B1_D-Serine,19
12.75,B1_D-Serine,21
13.0,B1_D-Serine,23
13.25,B1_D-Serine,18
13.5,B1_D-Serine,17
13.75,B1_D-Serine,23
14.0,B1_D-Serine,16
14.25,B1_D-Serine,17
14.5,B1_D-Serine,20
14.75,B1_D-Serine,20
15.0,B1_D-Serine,16
15.25,B1_D-Serine,18
15.5,B1_D-Serine,20
15.75,B1_D-Serine,21
16.0,B1_D-Serine,18
16.25,B1_D-Serine,19
16.5,B1_D-Serine,16
16.75,B1_D-Serine,19
17.0,B1_D-Serine,27
17.25,B1_D-Serine,20
17.5,B1_D-Serine,17
17.75,B1_D-Serine,21
18.0,B1_D-Serine,24
18.25,B1_D-Serine,21
18.5,B1_D-Serine,22
18.75,B1_D-Serine,21
19.0,B1_D-Serine,22
19.25,B1_D-Serine,17
19.5,B1_D-Serine,18
19.75,B1_D-Serine,19
20.0,B1_D-Serine,22
20.25,B1_D-Serine,25
20.5,B1_D-Serine,21
20.75,B1_D-Serine,22
21.0,B1_D-Serine,22
21.25,B1_D-Serine,18
21.5,B1_D-Serine,20
21.75,B1_D-Serine,22
22.0,B1_D-Serine,26
22.25,B1_D-Serine,20
22.5,B1_D-Serine,21
22.75,B1_D-Serine,23
23.0,B1_D-Serine,21
23.25,B1_D-Serine,20
23.5,B1_D-Serine,20
23.75,B1_D-Serine,20
24.0,B1_D-Serine,19
24.25,B1_D-Serine,18
24.5,B1_D-Serine,21
24.75,B1_D-Serine,21
25.0,B1_D-Serine,21
25.25,B1_D-Serine,24
25.5,B1_D-Serine,24
25.75,B1_D-Serine,20
26.0,B1_D-Serine,21
26.25,B1_D-Serine,20
26.5,B1_D-Serine,20
26.75,B1_D-Serine,18
27.0,B1_D-Serine,15
27.25,B1_D-Serine,22
27.5,B1_D-Serine,19
27.75,B1_D-Serine,21
28.0,B1_D-Serine,20
28.25,B1_D-Serine,20
28.5,B1_D-Serine,23
28.75,B1_D-Serine,19
29.0,B1_D-Serine,17
29.25,B1_D-Serine,18
29.5,B1_D-Serine,23
29.75,B1_D-Serine,20
30.0,B1_D-Serine,17
30.25,B1_D-Serine,21
30.5,B1_D-Serine,23
30.75,B1_D-Serine,25
31.0,B1_D-Serine,22
31.25,B1_D-Serine,25
31.5,B1_D-Serine,23
31.75,B1_D-Serine,19
32.0,B1_D-Serine,18
32.25,B1_D-Serine,23
32.5,B1_D-Serine,24
32.75,B1_D-Serine,18
33.0,B1_D-Serine,21
33.25,B1_D-Serine,21
33.5,B1_D-Serine,22
33.75,B1_D-Serine,19
34.0,B1_D-Serine,21
34.25,B1_D-Serine,23
34.5,B1_D-Serine,20
34.75,B1_D-Serine,21
35.0,B1_D-Serine,22
35.25,B1_D-Serine,22
35.5,B1_D-Serine,22
35.75,B1_D-Serine,18
36.0,B1_D-Serine,20
36.25,B1_D-Serine,20
36.5,B1_D-Serine,19
36.75,B1_D-Serine,24
37.0,B1_D-Serine,21
37.25,B1_D-Serine,22
37.5,B1_D-Serine,18
37.75,B1_D-Serine,21
38.0,B1_D-Serine,21
38.25,B1_D-Serine,19
38.5,B1_D-Serine,19
38.75,B1_D-Serine,23
39.0,B1_D-Serine,20
39.25,B1_D-Serine,22
39.5,B1_D-Serine,23
39.75,B1_D-Serine,17
40.0,B1_D-Serine,17
40.25,B1_D-Serine,21
40.5,B1_D-Serine,23
40.75,B1_D-Serine,22
41.0,B1_D-Serine,21
41.25,B1_D-Serine,25
41.5,B1_D-Serine,23
41.75,B1_D-Serine,27
42.0,B1_D-Serine,16
42.25,B1_D-Serine,22
42.5,B1_D-Serine,20
42.75,B1_D-Serine,22
43.0,B1_D-Serine,25
43.25,B1_D-Serine,20
43.5,B1_D-Serine,23
43.75,B1_D-Serine,22
44.0,B1_D-Serine,21
44.25,B1_D-Serine,20
44.5,B1_D-Serine,20
44.75,B1_D-Serine,20
45.0,B1_D-Serine,24
45.25,B1_D-Serine,17
45.5,B1_D-Serine,17
45.75,B1_D-Serine,19
46.0,B1_D-Serine,21
46.25,B1_D-Serine,25
46.5,B1_D-Serine,20
46.75,B1_D-Serine,24
47.0,B1_D-Serine,21
47.25,B1_D-Serine,22
47.5,B1_D-Serine,22
47.75,B1_D-Serine,22
48.0,B1_D-Serine,23
48.25,B1_D-Serine,17
0.0,B2_D-Sorbitol,11
0.25,B2_D-Sorbitol,11
0.5,B2_D-Sorbitol,11
0.75,B2_D-Sorbitol,13
1.0,B2_D-Sorbitol,11
1.25,B2_D-Sorbitol,16
1.5,B2_D-Sorbitol,11
1.75,B2_D-Sorbitol,11
2.0,B2_D-Sorbitol,11
2.25,B2_D-Sorbitol,11
2.5,B2_D-Sorbitol,11
2.75,B2_D-Sorbitol,11
3.0,B2_D-Sorbitol,13
3.25,B2_D-Sorbitol,11
3.5,B2_D-Sorbitol,11
3.75,B2_D-Sorbitol,11
4.0,B2_D-Sorbitol,11
4.25,B2_D-Sorbitol,11
4.5,B2_D-Sorbitol,11
4.75,B2_D-Sorbitol,17
5.0,B2_D-Sorbitol,13
5.25,B2_D-Sorbitol,16
5.5,B2_D-Sorbitol,11
5.75,B2_D-Sorbitol,11
6.0,B2_D-Sorbitol,14
6.25,B2_D-Sorbitol,12
6.5,B2_D-Sorbitol,16
6.75,B2_D-Sorbitol,11
7.0,B2_D-Sorbitol,15
7.25,B2_D-Sorbitol,16
7.5,B2_D-Sorbitol,13
7.75,B2_D-Sorbitol,12
8.0,B2_D-Sorbitol,13
8.25,B2_D-Sorbitol,15
8.5,B2_D-Sorbitol,15
8.75,B2_D-Sorbitol,17
9.0,B2_D-Sorbitol,13
9.25,B2_D-Sorbitol,17
9.5,B2_D-Sorbitol,17
9.75,B2_D-Sorbitol,13
10.0,B2_D-Sorbitol,14
10.25,B2_D-Sorbitol,14
10.5,B2_D-Sorbitol,18
10.75,B2_D-Sorbitol,14
11.0,B2_D-Sorbitol,12
11.25,B2_D-Sorbitol,17
11.5,B2_D-Sorbitol,21
11.75,B2_D-Sorbitol,12
12.0,B2_D-Sorbitol,19
12.25,B2_D-Sorbitol,15
12.5,B2_D-Sorbitol,17
12.75,B2_D-Sorbitol,21
13.0,B2_D-Sorbitol,18
13.25,B2_D-Sorbitol,18
13.5,B2_D-Sorbitol,18
13.75,B2_D-Sorbitol,18
14.0,B2_D-Sorbitol,23
14.25,B2_D-Sorbitol,19
14.5,B2_D-Sorbitol,16
14.75,B2_D-Sorbitol,19
15.0,B2_D-Sorbitol,19
15.25,B2_D-Sorbitol,17
15.5,B2_D-Sorbitol,17
15.75,B2_D-Sorbitol,22
16.0,B2_D-Sorbitol,16
16.25,B2_D-Sorbitol,19
16.5,B2_D-Sorbitol,16
16.75,B2_D-Sorbitol,17
17.0,B2_D-Sorbitol,21
17.25,B2_D-Sorbitol,18
17.5,B2_D-Sorbitol,24
17.75,B2_D-Sorbitol,20
18.0,B2_D-Sorbitol,24
18.25,B2_D-Sorbitol,21
18.5,B2_D-Sorbitol,22
18.75,B2_D-Sorbitol,19
19.0,B2_D-Sorbitol,23
19.25,B2_D-Sorbitol,22
19.5,B2_D-Sorbitol,19
19.75,B2_D-Sorbitol,19
20.0,B2_D-Sorbitol,20
20.25,B2_D-Sorbitol,26
20.5,B2_D-Sorbitol,24
20.75,B2_D-Sorbitol,23
21.0,B2_D-Sorbitol,17
21.25,B2_D-Sorbitol,27
21.5,B2_D-Sorbitol,21
21.75,B2_D-Sorbitol,22
22.0,B2_D-Sorbitol,22
22.25,B2_D-Sorbitol,21
22.5,B2_D-Sorbitol,22
22.75,B2_D-Sorbitol,20
23.0,B2_D-Sorbitol,18
23.25,B2_D-Sorbitol,22
23.5,B2_D-Sorbitol,24
23.75,B2_D-Sorbitol,18
24.0,B2_D-Sorbitol,20
24.25,B2_D-Sorbitol,21
24.5,B2_D-Sorbitol,19
24.75,B2_D-Sorbitol,18
25.0,B2_D-Sorbitol,18
25.25,B2_D-Sorbitol,21
25.5,B2_D-Sorbitol,22
25.75,B2_D-Sorbitol,21
26.0,B2_D-Sorbitol,18
26.25,B2_D-Sorbitol,18
26.5,B2_D-Sorbitol,24
26.75,B2_D-Sorbitol,18
27.0,B2_D-Sorbitol,21
27.25,B2_D-Sorbitol,17
27.5,B2_D-Sorbitol,19
27.75,B2_D-Sorbitol,22
28.0,B2_D-Sorbitol,20
28.25,B2_D-Sorbitol,18
28.5,B2_D-Sorbitol,22
28.75,B2_D-Sorbitol,25
29.0,B2_D-Sorbitol,22
29.25,B2_D-Sorbitol,20
29.5,B2_D-Sorbitol,21
29.75,B2_D-Sorbitol,25
30.0,B2_D-Sorbitol,22
30.25,B2_D-Sorbitol,20
30.5,B2_D-Sorbitol,20
30.75,B2_D-Sorbitol,22
31.0,B2_D-Sorbitol,21
31.25,B2_D-Sorbitol,18
31.5,B2_D-Sorbitol,22
31.75,B2_D-Sorbitol,20
32.0,B2_D-Sorbitol,23
32.25,B2_D-Sorbitol,26
32.5,B2_D-Sorbitol,20
32.75,B2_D-Sorbitol,18
33.0,B2_D-Sorbitol,20
33.25,B2_D-Sorbitol,16
33.5,B2_D-Sorbitol,21
33.75,B2_D-Sorbitol,24
34.0,B2_D-Sorbitol,20
34.25,B2_D-Sorbitol,19
34.5,B2_D-Sorbitol,23
34.75,B2_D-Sorbitol,20
35.0,B2_D-Sorbitol,21
35.25,B2_D-Sorbitol,23
35.5,B2_D-Sorbitol,21
35.75,B2_D-Sorbitol,22
36.0,B2_D-Sorbitol,18
36.25,B2_D-Sorbitol,21
36.5,B2_D-Sorbitol,23
36.75,B2_D-Sorbitol,21
37.0,B2_D-Sorbitol,22
37.25,B2_D-Sorbitol,19
37.5,B2_D-Sorbitol,14
37.75,B2_D-Sorbitol,22
38.0,B2_D-Sorbitol,15
38.25,B2_D-Sorbitol,23
38.5,B2_D-Sorbitol,20
38.75,B2_D-Sorbitol,19
39.0,B2_D-Sorbitol,21
39.25,B2_D-Sorbitol,20
39.5,B2_D-Sorbitol,18
39.75,B2_D-Sorbitol,24
40.0,B2_D-Sorbitol,22
40.25,B2_D-Sorbitol,17
40.5,B2_D-Sorbitol,19
40.75,B2_D-Sorbitol,22
41.0,B2_D-Sorbitol,20
41.25,B2_D-Sorbitol,19
41.5,B2_D-Sorbitol,24
41.75,B2_D-Sorbitol,22
42.0,B2_D-Sorbitol,19
42.25,B2_D-Sorbitol,22
42.5,B2_D-Sorbitol,20
42.75,B2_D-Sorbitol,16
43.0,B2_D-Sorbitol,23
43.25,B2_D-Sorbitol,17
43.5,B2_D-Sorbitol,24
43.75,B2_D-Sorbitol,21
44.0,B2_D-Sorbitol,17
44.25,B2_D-Sorbitol,20
44.5,B2_D-Sorbitol,20
44.75,B2_D-Sorbitol,21
45.0,B2_D-Sorbitol,22
45.25,B2_D-Sorbitol,23
45.5,B2_D-Sorbitol,22
45.75,B2_D-Sorbitol,23
46.0,B2_D-Sorbitol,22
46.25,B2_D-Sorbitol,19
46.5,B2_D-Sorbitol,22
46.75,B2_D-Sorbitol,23
47.0,B2_D-Sorbitol,22
47.25,B2_D-Sorbitol,23
47.5,B2_D-Sorbitol,19
47.75,B2_D-Sorbitol,25
48.0,B2_D-Sorbitol,19
48.25,B2_D-Sorbitol,25
0.0,B3_Glycerol,11
0.25,B3_Glycerol,11
0.5,B3_Glycerol,11
0.75,B3_Glycerol,11
1.0,B3_Glycerol,11
1.25,B3_Glycerol,12
1.5,B3_Glycerol,11
1.75,B3_Glycerol,11
2.0,B3_Glycerol,11
2.25,B3_Glycerol,11
2.5,B3_Glycerol,11
2.75,B3_Glycerol,11
3.0,B3_Glycerol,11
3.25,B3_Glycerol,11
3.5,B3_Glycerol,11
3.75,B3_Glycerol,11
4.0,B3_Glycerol,12
4.25,B3_Glycerol,11
4.5,B3_Glycerol,13
4.75,B3_Glycerol,19
5.0,B3_Glycerol,12
5.25,B3_Glycerol,11
5.5,B3_Glycerol,11
5.75,B3_Glycerol,11
6.0,B3_Glycerol,11
6.25,B3_Glycerol,11
6.5,B3_Glycerol,11
6.75,B3_Glycerol,16
7.0,B3_Glycerol,16
7.25,B3_Glycerol,11
7.5,B3_Glycerol,11
7.75,B3_Glycerol,12
8.0,B3_Glycerol,14
8.25,B3_Glycerol,14
8.5,B3_Glycerol,11
8.75,B3_Glycerol,13
9.0,B3_Glycerol,11
9.25,B3_Glycerol,11
9.5,B3_Glycerol,11
9.75,B3_Glycerol,13
10.0,B3_Glycerol,13
10.25,B3_Glycerol,17
10.5,B3_Glycerol,12
10.75,B3_Glycerol,15
11.0,B3_Glycerol,19
11.25,B3_Glycerol,17
11.5,B3_Glycerol,16
11.75,B3_Glycerol,16
12.0,B3_Glycerol,12
12.25,B3_Glycerol,20
12.5,B3_Glycerol,19
12.75,B3_Glycerol,13
13.0,B3_Glycerol,17
13.25,B3_Glycerol,20
13.5,B3_Glycerol,19
13.75,B3_Glycerol,12
14.0,B3_Glycerol,15
14.25,B3_Glycerol,19
14.5,B3_Glycerol,20
14.75,B3_Glycerol,18
15.0,B3_Glycerol,20
15.25,B3_Glycerol,21
15.5,B3_Glycerol,16
15.75,B3_Glycerol,18
16.0,B3_Glycerol,22
16.25,B3_Glycerol,22
16.5,B3_Glycerol,22
16.75,B3_Glycerol,21
17.0,B3_Glycerol,24
17.25,B3_Glycerol,22
17.5,B3_Glycerol,27
17.75,B3_Glycerol,22
18.0,B3_Glycerol,25
18.25,B3_Glycerol,25
18.5,B3_Glycerol,27
18.75,B3_Glycerol,24
19.0,B3_Glycerol,24
19.25,B3_Glycerol,26
19.5,B3_Glycerol,28
19.75,B3_Glycerol,28
20.0,B3_Glycerol,29
20.25,B3_Glycerol,29
20.5,B3_Glycerol,28
20.75,B3_Glycerol,26
21.0,B3_Glycerol,27
21.25,B3_Glycerol,33
21.5,B3_Glycerol,32
21.75,B3_Glycerol,32
22.0,B3_Glycerol,28
22.25,B3_Glycerol,31
22.5,B3_Glycerol,25
22.75,B3_Glycerol,30
23.0,B3_Glycerol,33
23.25,B3_Glycerol,33
23.5,B3_Glycerol,33
23.75,B3_Glycerol,30
24.0,B3_Glycerol,38
24.25,B3_Glycerol,31
24.5,B3_Glycerol,34
24.75,B3_Glycerol,32
25.0,B3_Glycerol,35
25.25,B3_Glycerol,33
25.5,B3_Glycerol,35
25.75,B3_Glycerol,32
26.0,B3_Glycerol,34
26.25,B3_Glycerol,37
26.5,B3_Glycerol,37
26.75,B3_Glycerol,39
27.0,B3_Glycerol,35
27.25,B3_Glycerol,40
27.5,B3_Glycerol,43
27.75,B3_Glycerol,44
28.0,B3_Glycerol,42
28.25,B3_Glycerol,38
28.5,B3_Glycerol,40
28.75,B3_Glycerol,43
29.0,B3_Glycerol,43
29.25,B3_Glycerol,40
29.5,B3_Glycerol,41
29.75,B3_Glycerol,46
30.0,B3_Glycerol,41
30.25,B3_Glycerol,41
30.5,B3_Glycerol,45
30.75,B3_Glycerol,48
31.0,B3_Glycerol,43
31.25,B3_Glycerol,49
31.5,B3_Glycerol,49
31.75,B3_Glycerol,46
32.0,B3_Glycerol,45
32.25,B3_Glycerol,47
32.5,B3_Glycerol,45
32.75,B3_Glycerol,48
33.0,B3_Glycerol,49
33.25,B3_Glycerol,49
33.5,B3_Glycerol,51
33.75,B3_Glycerol,54
34.0,B3_Glycerol,49
34.25,B3_Glycerol,54
34.5,B3_Glycerol,56
34.75,B3_Glycerol,49
35.0,B3_Glycerol,52
35.25,B3_Glycerol,54
35.5,B3_Glycerol,52
35.75,B3_Glycerol,57
36.0,B3_Glycerol,53
36.25,B3_Glycerol,55
36.5,B3_Glycerol,58
36.75,B3_Glycerol,58
37.0,B3_Glycerol,58
37.25,B3_Glycerol,59
37.5,B3_Glycerol,55
37.75,B3_Glycerol,61
38.0,B3_Glycerol,56
38.25,B3_Glycerol,58
38.5,B3_Glycerol,59
38.75,B3_Glycerol,62
39.0,B3_Glycerol,61
39.25,B3_Glycerol,62
39.5,B3_Glycerol,62
39.75,B3_Glycerol,61
40.0,B3_Glycerol,61
40.25,B3_Glycerol,66
40.5,B3_Glycerol,63
40.75,B3_Glycerol,68
41.0,B3_Glycerol,63
41.25,B3_Glycerol,71
41.5,B3_Glycerol,67
41.75,B3_Glycerol,71
42.0,B3_Glycerol,67
42.25,B3_Glycerol,75
42.5,B3_Glycerol,70
42.75,B3_Glycerol,76
43.0,B3_Glycerol,77
43.25,B3_Glycerol,75
43.5,B3_Glycerol,74
43.75,B3_Glycerol,73
44.0,B3_Glycerol,73
44.25,B3_Glycerol,74
44.5,B3_Glycerol,75
44.75,B3_Glycerol,76
45.0,B3_Glycerol,78
45.25,B3_Glycerol,77
45.5,B3_Glycerol,80
45.75,B3_Glycerol,80
46.0,B3_Glycerol,76
46.25,B3_Glycerol,86
46.5,B3_Glycerol,81
46.75,B3_Glycerol,85
47.0,B3_Glycerol,84
47.25,B3_Glycerol,82
47.5,B3_Glycerol,85
47.75,B3_Glycerol,88
48.0,B3_Glycerol,83
48.25,B3_Glycerol,85
0.0,B4_L-Fucose,11
0.25,B4_L-Fucose,11
0.5,B4_L-Fucose,11
0.75,B4_L-Fucose,11
1.0,B4_L-Fucose,11
1.25,B4_L-Fucose,13
1.5,B4_L-Fucose,11
1.75,B4_L-Fucose,11
2.0,B4_L-Fucose,11
2.25,B4_L-Fucose,11
2.5,B4_L-Fucose,11
2.75,B4_L-Fucose,11
3.0,B4_L-Fucose,11
3.25,B4_L-Fucose,11
3.5,B4_L-Fucose,11
3.75,B4_L-Fucose,11
4.0,B4_L-Fucose,11
4.25,B4_L-Fucose,11
4.5,B4_L-Fucose,11
4.75,B4_L-Fucose,11
5.0,B4_L-Fucose,11
5.25,B4_L-Fucose,11
5.5,B4_L-Fucose,11
5.75,B4_L-Fucose,11
6.0,B4_L-Fucose,11
6.25,B4_L-Fucose,11
6.5,B4_L-Fucose,11
6.75,B4_L-Fucose,11
7.0,B4_L-Fucose,11
7.25,B4_L-Fucose,11
7.5,B4_L-Fucose,11
7.75,B4_L-Fucose,11
8.0,B4_L-Fucose,16
8.25,B4_L-Fucose,11
8.5,B4_L-Fucose,11
8.75,B4_L-Fucose,11
9.0,B4_L-Fucose,11
9.25,B4_L-Fucose,14
9.5,B4_L-Fucose,11
9.75,B4_L-Fucose,11
10.0,B4_L-Fucose,11
10.25,B4_L-Fucose,11
10.5,B4_L-Fucose,12
10.75,B4_L-Fucose,11
11.0,B4_L-Fucose,11
11.25,B4_L-Fucose,11
11.5,B4_L-Fucose,11
11.75,B4_L-Fucose,11
12.0,B4_L-Fucose,11
12.25,B4_L-Fucose,12
12.5,B4_L-Fucose,16
12.75,B4_L-Fucose,11
13.0,B4_L-Fucose,11
13.25,B4_L-Fucose,12
13.5,B4_L-Fucose,14
13.75,B4_L-Fucose,11
14.0,B4_L-Fucose,11
14.25,B4_L-Fucose,11
14.5,B4_L-Fucose,11
14.75,B4_L-Fucose,12
15.0,B4_L-Fucose,12
15.25,B4_L-Fucose,14
15.5,B4_L-Fucose,13
15.75,B4_L-Fucose,14
16.0,B4_L-Fucose,16
16.25,B4_L-Fucose,11
16.5,B4_L-Fucose,12
16.75,B4_L-Fucose,11
17.0,B4_L-Fucose,17
17.25,B4_L-Fucose,11
17.5,B4_L-Fucose,11
17.75,B4_L-Fucose,11
18.0,B4_L-Fucose,13
18.25,B4_L-Fucose,19
18.5,B4_L-Fucose,11
18.75,B4_L-Fucose,17
19.0,B4_L-Fucose,18
19.25,B4_L-Fucose,12
19.5,B4_L-Fucose,14
19.75,B4_L-Fucose,11
20.0,B4_L-Fucose,19
20.25,B4_L-Fucose,12
20.5,B4_L-Fucose,17
20.75,B4_L-Fucose,14
21.0,B4_L-Fucose,16
21.25,B4_L-Fucose,15
21.5,B4_L-Fucose,17
21.75,B4_L-Fucose,17
22.0,B4_L-Fucose,16
22.25,B4_L-Fucose,19
22.5,B4_L-Fucose,11
22.75,B4_L-Fucose,16
23.0,B4_L-Fucose,14
23.25,B4_L-Fucose,15
23.5,B4_L-Fucose,17
23.75,B4_L-Fucose,17
24.0,B4_L-Fucose,14
24.25,B4_L-Fucose,17
24.5,B4_L-Fucose,12
24.75,B4_L-Fucose,12
25.0,B4_L-Fucose,12
25.25,B4_L-Fucose,17
25.5,B4_L-Fucose,15
25.75,B4_L-Fucose,14
26.0,B4_L-Fucose,13
26.25,B4_L-Fucose,12
26.5,B4_L-Fucose,17
26.75,B4_L-Fucose,17
27.0,B4_L-Fucose,15
27.25,B4_L-Fucose,13
27.5,B4_L-Fucose,13
27.75,B4_L-Fucose,14
28.0,B4_L-Fucose,14
28.25,B4_L-Fucose,13
28.5,B4_L-Fucose,15
28.75,B4_L-Fucose,13
29.0,B4_L-Fucose,17
29.25,B4_L-Fucose,22
29.5,B4_L-Fucose,14
29.75,B4_L-Fucose,17
30.0,B4_L-Fucose,14
30.25,B4_L-Fucose,13
30.5,B4_L-Fucose,13
30.75,B4_L-Fucose,15
31.0,B4_L-Fucose,15
31.25,B4_L-Fucose,14
31.5,B4_L-Fucose,13
31.75,B4_L-Fucose,16
32.0,B4_L-Fucose,15
32.25,B4_L-Fucose,17
32.5,B4_L-Fucose,15
32.75,B4_L-Fucose,11
33.0,B4_L-Fucose,16
33.25,B4_L-Fucose,15
33.5,B4_L-Fucose,15
33.75,B4_L-Fucose,15
34.0,B4_L-Fucose,16
34.25,B4_L-Fucose,11
34.5,B4_L-Fucose,16
34.75,B4_L-Fucose,14
35.0,B4_L-Fucose,15
35.25,B4_L-Fucose,15
35.5,B4_L-Fucose,14
35.75,B4_L-Fucose,11
36.0,B4_L-Fucose,15
36.25,B4_L-Fucose,12
36.5,B4_L-Fucose,16
36.75,B4_L-Fucose,13
37.0,B4_L-Fucose,16
37.25,B4_L-Fucose,13
37.5,B4_L-Fucose,18
37.75,B4_L-Fucose,14
38.0,B4_L-Fucose,15
38.25,B4_L-Fucose,11
38.5,B4_L-Fucose,16
38.75,B4_L-Fucose,11
39.0,B4_L-Fucose,16
39.25,B4_L-Fucose,16
39.5,B4_L-Fucose,12
39.75,B4_L-Fucose,14
40.0,B4_L-Fucose,14
40.25,B4_L-Fucose,11
40.5,B4_L-Fucose,17
40.75,B4_L-Fucose,17
41.0,B4_L-Fucose,13
41.25,B4_L-Fucose,17
41.5,B4_L-Fucose,13
41.75,B4_L-Fucose,18
42.0,B4_L-Fucose,15
42.25,B4_L-Fucose,13
42.5,B4_L-Fucose,14
42.75,B4_L-Fucose,13
43.0,B4_L-Fucose,16
43.25,B4_L-Fucose,15
43.5,B4_L-Fucose,14
43.75,B4_L-Fucose,14
44.0,B4_L-Fucose,12
44.25,B4_L-Fucose,11
44.5,B4_L-Fucose,12
44.75,B4_L-Fucose,13
45.0,B4_L-Fucose,14
45.25,B4_L-Fucose,14
45.5,B4_L-Fucose,16
45.75,B4_L-Fucose,15
46.0,B4_L-Fucose,13
46.25,B4_L-Fucose,12
46.5,B4_L-Fucose,24
46.75,B4_L-Fucose,15
47.0,B4_L-Fucose,14
47.25,B4_L-Fucose,14
47.5,B4_L-Fucose,14
47.75,B4_L-Fucose,18
48.0,B4_L-Fucose,13
48.25,B4_L-Fucose,17
0.0,B5_D-Glucuronic_Acid,11
0.25,B5_D-Glucuronic_Acid,11
0.5,B5_D-Glucuronic_Acid,11
0.75,B5_D-Glucuronic_Acid,11
1.0,B5_D-Glucuronic_Acid,11
1.25,B5_D-Glucuronic_Acid,12
1.5,B5_D-Glucuronic_Acid,11
1.75,B5_D-Glucuronic_Acid,11
2.0,B5_D-Glucuronic_Acid,11
2.25,B5_D-Glucuronic_Acid,11
2.5,B5_D-Glucuronic_Acid,11
2.75,B5_D-Glucuronic_Acid,11
3.0,B5_D-Glucuronic_Acid,11
3.25,B5_D-Glucuronic_Acid,11
3.5,B5_D-Glucuronic_Acid,11
3.75,B5_D-Glucuronic_Acid,11
4.0,B5_D-Glucuronic_Acid,11
4.25,B5_D-Glucuronic_Acid,11
4.5,B5_D-Glucuronic_Acid,11
4.75,B5_D-Glucuronic_Acid,11
5.0,B5_D-Glucuronic_Acid,12
5.25,B5_D-Glucuronic_Acid,11
5.5,B5_D-Glucuronic_Acid,11
5.75,B5_D-Glucuronic_Acid,11
6.0,B5_D-Glucuronic_Acid,11
6.25,B5_D-Glucuronic_Acid,11
6.5,B5_D-Glucuronic_Acid,11
6.75,B5_D-Glucuronic_Acid,11
7.0,B5_D-Glucuronic_Acid,15
7.25,B5_D-Glucuronic_Acid,11
7.5,B5_D-Glucuronic_Acid,11
7.75,B5_D-Glucuronic_Acid,11
8.0,B5_D-Glucuronic_Acid,13
8.25,B5_D-Glucuronic_Acid,11
8.5,B5_D-Glucuronic_Acid,11
8.75,B5_D-Glucuronic_Acid,12
9.0,B5_D-Glucuronic_Acid,11
9.25,B5_D-Glucuronic_Acid,11
9.5,B5_D-Glucuronic_Acid,11
9.75,B5_D-Glucuronic_Acid,12
10.0,B5_D-Glucuronic_Acid,11
10.25,B5_D-Glucuronic_Acid,12
10.5,B5_D-Glucuronic_Acid,11
10.75,B5_D-Glucuronic_Acid,14
11.0,B5_D-Glucuronic_Acid,11
11.25,B5_D-Glucuronic_Acid,13
11.5,B5_D-Glucuronic_Acid,15
11.75,B5_D-Glucuronic_Acid,11
12.0,B5_D-Glucuronic_Acid,15
12.25,B5_D-Glucuronic_Acid,11
12.5,B5_D-Glucuronic_Acid,12
12.75,B5_D-Glucuronic_Acid,15
13.0,B5_D-Glucuronic_Acid,18
13.25,B5_D-Glucuronic_Acid,12
13.5,B5_D-Glucuronic_Acid,17
13.75,B5_D-Glucuronic_Acid,20
14.0,B5_D-Glucuronic_Acid,14
14.25,B5_D-Glucuronic_Acid,14
14.5,B5_D-Glucuronic_Acid,13
14.75,B5_D-Glucuronic_Acid,15
15.0,B5_D-Glucuronic_Acid,18
15.25,B5_D-Glucuronic_Acid,19
15.5,B5_D-Glucuronic_Acid,13
15.75,B5_D-Glucuronic_Acid,14
16.0,B5_D-Glucuronic_Acid,19
16.25,B5_D-Glucuronic_Acid,14
16.5,B5_D-Glucuronic_Acid,16
16.75,B5_D-Glucuronic_Acid,18
17.0,B5_D-Glucuronic_Acid,13
17.25,B5_D-Glucuronic_Acid,16
17.5,B5_D-Glucuronic_Acid,15
17.75,B5_D-Glucuronic_Acid,17
18.0,B5_D-Glucuronic_Acid,22
18.25,B5_D-Glucuronic_Acid,16
18.5,B5_D-Glucuronic_Acid,20
18.75,B5_D-Glucuronic_Acid,17
19.0,B5_D-Glucuronic_Acid,19
19.25,B5_D-Glucuronic_Acid,19
19.5,B5_D-Glucuronic_Acid,18
19.75,B5_D-Glucuronic_Acid,17
20.0,B5_D-Glucuronic_Acid,19
20.25,B5_D-Glucuronic_Acid,19
20.5,B5_D-Glucuronic_Acid,18
20.75,B5_D-Glucuronic_Acid,18
21.0,B5_D-Glucuronic_Acid,23
21.25,B5_D-Glucuronic_Acid,16
21.5,B5_D-Glucuronic_Acid,19
21.75,B5_D-Glucuronic_Acid,20
22.0,B5_D-Glucuronic_Acid,21
22.25,B5_D-Glucuronic_Acid,19
22.5,B5_D-Glucuronic_Acid,19
22.75,B5_D-Glucuronic_Acid,16
23.0,B5_D-Glucuronic_Acid,20
23.25,B5_D-Glucuronic_Acid,23
23.5,B5_D-Glucuronic_Acid,21
23.75,B5_D-Glucuronic_Acid,20
24.0,B5_D-Glucuronic_Acid,21
24.25,B5_D-Glucuronic_Acid,18
24.5,B5_D-Glucuronic_Acid,19
24.75,B5_D-Glucuronic_Acid,23
25.0,B5_D-Glucuronic_Acid,22
25.25,B5_D-Glucuronic_Acid,18
25.5,B5_D-Glucuronic_Acid,19
25.75,B5_D-Glucuronic_Acid,21
26.0,B5_D-Glucuronic_Acid,19
26.25,B5_D-Glucuronic_Acid,20
26.5,B5_D-Glucuronic_Acid,18
26.75,B5_D-Glucuronic_Acid,24
27.0,B5_D-Glucuronic_Acid,18
27.25,B5_D-Glucuronic_Acid,21
27.5,B5_D-Glucuronic_Acid,17
27.75,B5_D-Glucuronic_Acid,23
28.0,B5_D-Glucuronic_Acid,20
28.25,B5_D-Glucuronic_Acid,22
28.5,B5_D-Glucuronic_Acid,20
28.75,B5_D-Glucuronic_Acid,22
29.0,B5_D-Glucuronic_Acid,24
29.25,B5_D-Glucuronic_Acid,24
29.5,B5_D-Glucuronic_Acid,21
29.75,B5_D-Glucuronic_Acid,21
30.0,B5_D-Glucuronic_Acid,23
30.25,B5_D-Glucuronic_Acid,19
30.5,B5_D-Glucuronic_Acid,20
30.75,B5_D-Glucuronic_Acid,21
31.0,B5_D-Glucuronic_Acid,20
31.25,B5_D-Glucuronic_Acid,26
31.5,B5_D-Glucuronic_Acid,26
31.75,B5_D-Glucuronic_Acid,23
32.0,B5_D-Glucuronic_Acid,22
32.25,B5_D-Glucuronic_Acid,21
32.5,B5_D-Glucuronic_Acid,19
32.75,B5_D-Glucuronic_Acid,26
33.0,B5_D-Glucuronic_Acid,23
33.25,B5_D-Glucuronic_Acid,22
33.5,B5_D-Glucuronic_Acid,22
33.75,B5_D-Glucuronic_Acid,23
34.0,B5_D-Glucuronic_Acid,22
34.25,B5_D-Glucuronic_Acid,26
34.5,B5_D-Glucuronic_Acid,25
34.75,B5_D-Glucuronic_Acid,23
35.0,B5_D-Glucuronic_Acid,27
35.25,B5_D-Glucuronic_Acid,24
35.5,B5_D-Glucuronic_Acid,26
35.75,B5_D-Glucuronic_Acid,22
36.0,B5_D-Glucuronic_Acid,26
36.25,B5_D-Glucuronic_Acid,22
36.5,B5_D-Glucuronic_Acid,25
36.75,B5_D-Glucuronic_Acid,24
37.0,B5_D-Glucuronic_Acid,25
37.25,B5_D-Glucuronic_Acid,25
37.5,B5_D-Glucuronic_Acid,27
37.75,B5_D-Glucuronic_Acid,26
38.0,B5_D-Glucuronic_Acid,26
38.25,B5_D-Glucuronic_Acid,24
38.5,B5_D-Glucuronic_Acid,24
38.75,B5_D-Glucuronic_Acid,24
39.0,B5_D-Glucuronic_Acid,23
39.25,B5_D-Glucuronic_Acid,26
39.5,B5_D-Glucuronic_Acid,26
39.75,B5_D-Glucuronic_Acid,24
40.0,B5_D-Glucuronic_Acid,25
40.25,B5_D-Glucuronic_Acid,24
40.5,B5_D-Glucuronic_Acid,27
40.75,B5_D-Glucuronic_Acid,25
41.0,B5_D-Glucuronic_Acid,28
41.25,B5_D-Glucuronic_Acid,23
41.5,B5_D-Glucuronic_Acid,24
41.75,B5_D-Glucuronic_Acid,29
42.0,B5_D-Glucuronic_Acid,27
42.25,B5_D-Glucuronic_Acid,33
42.5,B5_D-Glucuronic_Acid,25
42.75,B5_D-Glucuronic_Acid,29
43.0,B5_D-Glucuronic_Acid,29
43.25,B5_D-Glucuronic_Acid,28
43.5,B5_D-Glucuronic_Acid,29
43.75,B5_D-Glucuronic_Acid,24
44.0,B5_D-Glucuronic_Acid,26
44.25,B5_D-Glucuronic_Acid,25
44.5,B5_D-Glucuronic_Acid,24
44.75,B5_D-Glucuronic_Acid,30
45.0,B5_D-Glucuronic_Acid,25
45.25,B5_D-Glucuronic_Acid,26
45.5,B5_D-Glucuronic_Acid,26
45.75,B5_D-Glucuronic_Acid,28
46.0,B5_D-Glucuronic_Acid,30
46.25,B5_D-Glucuronic_Acid,32
46.5,B5_D-Glucuronic_Acid,27
46.75,B5_D-Glucuronic_Acid,26
47.0,B5_D-Glucuronic_Acid,29
47.25,B5_D-Glucuronic_Acid,34
47.5,B5_D-Glucuronic_Acid,31
47.75,B5_D-Glucuronic_Acid,29
48.0,B5_D-Glucuronic_Acid,28
48.25,B5_D-Glucuronic_Acid,30
0.0,B6_D-Gluconic_Acid,11
0.25,B6_D-Gluconic_Acid,11
0.5,B6_D-Gluconic_Acid,11
0.75,B6_D-Gluconic_Acid,11
1.0,B6_D-Gluconic_Acid,11
1.25,B6_D-Gluconic_Acid,11
1.5,B6_D-Gluconic_Acid,11
1.75,B6_D-Gluconic_Acid,11
2.0,B6_D-Gluconic_Acid,11
2.25,B6_D-Gluconic_Acid,11
2.5,B6_D-Gluconic_Acid,11
2.75,B6_D-Gluconic_Acid,11
3.0,B6_D-Gluconic_Acid,11
3.25,B6_D-Gluconic_Acid,11
3.5,B6_D-Gluconic_Acid,11
3.75,B6_D-Gluconic_Acid,11
4.0,B6_D-Gluconic_Acid,11
4.25,B6_D-Gluconic_Acid,11
4.5,B6_D-Gluconic_Acid,11
4.75,B6_D-Gluconic_Acid,11
5.0,B6_D-Gluconic_Acid,11
5.25,B6_D-Gluconic_Acid,11
5.5,B6_D-Gluconic_Acid,11
5.75,B6_D-Gluconic_Acid,11
6.0,B6_D-Gluconic_Acid,11
6.25,B6_D-Gluconic_Acid,11
6.5,B6_D-Gluconic_Acid,12
6.75,B6_D-Gluconic_Acid,11
7.0,B6_D-Gluconic_Acid,11
7.25,B6_D-Gluconic_Acid,12
7.5,B6_D-Gluconic_Acid,11
7.75,B6_D-Gluconic_Acid,11
8.0,B6_D-Gluconic_Acid,15
8.25,B6_D-Gluconic_Acid,11
8.5,B6_D-Gluconic_Acid,12
8.75,B6_D-Gluconic_Acid,11
9.0,B6_D-Gluconic_Acid,14
9.25,B6_D-Gluconic_Acid,15
9.5,B6_D-Gluconic_Acid,16
9.75,B6_D-Gluconic_Acid,17
10.0,B6_D-Gluconic_Acid,18
10.25,B6_D-Gluconic_Acid,17
10.5,B6_D-Gluconic_Acid,19
10.75,B6_D-Gluconic_Acid,19
11.0,B6_D-Gluconic_Acid,17
11.25,B6_D-Gluconic_Acid,21
11.5,B6_D-Gluconic_Acid,21
11.75,B6_D-Gluconic_Acid,18
12.0,B6_D-Gluconic_Acid,19
12.25,B6_D-Gluconic_Acid,22
12.5,B6_D-Gluconic_Acid,25
12.75,B6_D-Gluconic_Acid,23
13.0,B6_D-Gluconic_Acid,23
13.25,B6_D-Gluconic_Acid,21
13.5,B6_D-Gluconic_Acid,24
13.75,B6_D-Gluconic_Acid,25
14.0,B6_D-Gluconic_Acid,24
14.25,B6_D-Gluconic_Acid,25
14.5,B6_D-Gluconic_Acid,25
14.75,B6_D-Gluconic_Acid,23
15.0,B6_D-Gluconic_Acid,26
15.25,B6_D-Gluconic_Acid,28
15.5,B6_D-Gluconic_Acid,26
15.75,B6_D-Gluconic_Acid,33
16.0,B6_D-Gluconic_Acid,29
16.25,B6_D-Gluconic_Acid,29
16.5,B6_D-Gluconic_Acid,26
16.75,B6_D-Gluconic_Acid,28
17.0,B6_D-Gluconic_Acid,34
17.25,B6_D-Gluconic_Acid,35
17.5,B6_D-Gluconic_Acid,30
17.75,B6_D-Gluconic_Acid,32
18.0,B6_D-Gluconic_Acid,33
18.25,B6_D-Gluconic_Acid,32
18.5,B6_D-Gluconic_Acid,35
18.75,B6_D-Gluconic_Acid,33
19.0,B6_D-Gluconic_Acid,35
19.25,B6_D-Gluconic_Acid,35
19.5,B6_D-Gluconic_Acid,38
19.75,B6_D-Gluconic_Acid,36
20.0,B6_D-Gluconic_Acid,35
20.25,B6_D-Gluconic_Acid,36
20.5,B6_D-Gluconic_Acid,39
20.75,B6_D-Gluconic_Acid,37
21.0,B6_D-Gluconic_Acid,39
21.25,B6_D-Gluconic_Acid,32
21.5,B6_D-Gluconic_Acid,39
21.75,B6_D-Gluconic_Acid,41
22.0,B6_D-Gluconic_Acid,42
22.25,B6_D-Gluconic_Acid,40
22.5,B6_D-Gluconic_Acid,40
22.75,B6_D-Gluconic_Acid,40
23.0,B6_D-Gluconic_Acid,39
23.25,B6_D-Gluconic_Acid,42
23.5,B6_D-Gluconic_Acid,39
23.75,B6_D-Gluconic_Acid,44
24.0,B6_D-Gluconic_Acid,44
24.25,B6_D-Gluconic_Acid,37
24.5,B6_D-Gluconic_Acid,41
24.75,B6_D-Gluconic_Acid,41
25.0,B6_D-Gluconic_Acid,41
25.25,B6_D-Gluconic_Acid,45
25.5,B6_D-Gluconic_Acid,42
25.75,B6_D-Gluconic_Acid,41
26.0,B6_D-Gluconic_Acid,40
26.25,B6_D-Gluconic_Acid,38
26.5,B6_D-Gluconic_Acid,37
26.75,B6_D-Gluconic_Acid,42
27.0,B6_D-Gluconic_Acid,36
27.25,B6_D-Gluconic_Acid,39
27.5,B6_D-Gluconic_Acid,41
27.75,B6_D-Gluconic_Acid,42
28.0,B6_D-Gluconic_Acid,40
28.25,B6_D-Gluconic_Acid,39
28.5,B6_D-Gluconic_Acid,39
28.75,B6_D-Gluconic_Acid,45
29.0,B6_D-Gluconic_Acid,46
29.25,B6_D-Gluconic_Acid,40
29.5,B6_D-Gluconic_Acid,40
29.75,B6_D-Gluconic_Acid,42
30.0,B6_D-Gluconic_Acid,45
30.25,B6_D-Gluconic_Acid,41
30.5,B6_D-Gluconic_Acid,43
30.75,B6_D-Gluconic_Acid,46
31.0,B6_D-Gluconic_Acid,42
31.25,B6_D-Gluconic_Acid,45
31.5,B6_D-Gluconic_Acid,43
31.75,B6_D-Gluconic_Acid,43
32.0,B6_D-Gluconic_Acid,45
32.25,B6_D-Gluconic_Acid,43
32.5,B6_D-Gluconic_Acid,45
32.75,B6_D-Gluconic_Acid,46
33.0,B6_D-Gluconic_Acid,44
33.25,B6_D-Gluconic_Acid,43
33.5,B6_D-Gluconic_Acid,43
33.75,B6_D-Gluconic_Acid,45
34.0,B6_D-Gluconic_Acid,43
34.25,B6_D-Gluconic_Acid,51
34.5,B6_D-Gluconic_Acid,52
34.75,B6_D-Gluconic_Acid,46
35.0,B6_D-Gluconic_Acid,45
35.25,B6_D-Gluconic_Acid,45
35.5,B6_D-Gluconic_Acid,43
35.75,B6_D-Gluconic_Acid,48
36.0,B6_D-Gluconic_Acid,49
36.25,B6_D-Gluconic_Acid,50
36.5,B6_D-Gluconic_Acid,53
36.75,B6_D-Gluconic_Acid,51
37.0,B6_D-Gluconic_Acid,47
37.25,B6_D-Gluconic_Acid,53
37.5,B6_D-Gluconic_Acid,51
37.75,B6_D-Gluconic_Acid,51
38.0,B6_D-Gluconic_Acid,52
38.25,B6_D-Gluconic_Acid,50
38.5,B6_D-Gluconic_Acid,49
38.75,B6_D-Gluconic_Acid,52
39.0,B6_D-Gluconic_Acid,53
39.25,B6_D-Gluconic_Acid,52
39.5,B6_D-Gluconic_Acid,55
39.75,B6_D-Gluconic_Acid,53
40.0,B6_D-Gluconic_Acid,54
40.25,B6_D-Gluconic_Acid,50
40.5,B6_D-Gluconic_Acid,54
40.75,B6_D-Gluconic_Acid,59
41.0,B6_D-Gluconic_Acid,56
41.25,B6_D-Gluconic_Acid,56
41.5,B6_D-Gluconic_Acid,57
41.75,B6_D-Gluconic_Acid,59
42.0,B6_D-Gluconic_Acid,58
42.25,B6_D-Gluconic_Acid,60
42.5,B6_D-Gluconic_Acid,63
42.75,B6_D-Gluconic_Acid,64
43.0,B6_D-Gluconic_Acid,59
43.25,B6_D-Gluconic_Acid,64
43.5,B6_D-Gluconic_Acid,61
43.75,B6_D-Gluconic_Acid,64
44.0,B6_D-Gluconic_Acid,64
44.25,B6_D-Gluconic_Acid,65
44.5,B6_D-Gluconic_Acid,67
44.75,B6_D-Gluconic_Acid,65
45.0,B6_D-Gluconic_Acid,68
45.25,B6_D-Gluconic_Acid,70
45.5,B6_D-Gluconic_Acid,66
45.75,B6_D-Gluconic_Acid,72
46.0,B6_D-Gluconic_Acid,70
46.25,B6_D-Gluconic_Acid,76
46.5,B6_D-Gluconic_Acid,73
46.75,B6_D-Gluconic_Acid,72
47.0,B6_D-Gluconic_Acid,75
47.25,B6_D-Gluconic_Acid,78
47.5,B6_D-Gluconic_Acid,78
47.75,B6_D-Gluconic_Acid,84
48.0,B6_D-Gluconic_Acid,79
48.25,B6_D-Gluconic_Acid,80
0.0,B7_D-L-a-Glycerol_Phosphate,11
0.25,B7_D-L-a-Glycerol_Phosphate,11
0.5,B7_D-L-a-Glycerol_Phosphate,11
0.75,B7_D-L-a-Glycerol_Phosphate,11
1.0,B7_D-L-a-Glycerol_Phosphate,11
1.25,B7_D-L-a-Glycerol_Phosphate,11
1.5,B7_D-L-a-Glycerol_Phosphate,11
1.75,B7_D-L-a-Glycerol_Phosphate,11
2.0,B7_D-L-a-Glycerol_Phosphate,11
2.25,B7_D-L-a-Glycerol_Phosphate,11
2.5,B7_D-L-a-Glycerol_Phosphate,11
2.75,B7_D-L-a-Glycerol_Phosphate,11
3.0,B7_D-L-a-Glycerol_Phosphate,11
3.25,B7_D-L-a-Glycerol_Phosphate,11
3.5,B7_D-L-a-Glycerol_Phosphate,11
3.75,B7_D-L-a-Glycerol_Phosphate,11
4.0,B7_D-L-a-Glycerol_Phosphate,11
4.25,B7_D-L-a-Glycerol_Phosphate,11
4.5,B7_D-L-a-Glycerol_Phosphate,11
4.75,B7_D-L-a-Glycerol_Phosphate,11
5.0,B7_D-L-a-Glycerol_Phosphate,11
5.25,B7_D-L-a-Glycerol_Phosphate,11
5.5,B7_D-L-a-Glycerol_Phosphate,11
5.75,B7_D-L-a-Glycerol_Phosphate,11
6.0,B7_D-L-a-Glycerol_Phosphate,11
6.25,B7_D-L-a-Glycerol_Phosphate,11
6.5,B7_D-L-a-Glycerol_Phosphate,11
6.75,B7_D-L-a-Glycerol_Phosphate,11
7.0,B7_D-L-a-Glycerol_Phosphate,11
7.25,B7_D-L-a-Glycerol_Phosphate,11
7.5,B7_D-L-a-Glycerol_Phosphate,11
7.75,B7_D-L-a-Glycerol_Phosphate,11
8.0,B7_D-L-a-Glycerol_Phosphate,11
8.25,B7_D-L-a-Glycerol_Phosphate,11
8.5,B7_D-L-a-Glycerol_Phosphate,11
8.75,B7_D-L-a-Glycerol_Phosphate,11
9.0,B7_D-L-a-Glycerol_Phosphate,11
9.25,B7_D-L-a-Glycerol_Phosphate,11
9.5,B7_D-L-a-Glycerol_Phosphate,11
9.75,B7_D-L-a-Glycerol_Phosphate,11
10.0,B7_D-L-a-Glycerol_Phosphate,11
10.25,B7_D-L-a-Glycerol_Phosphate,11
10.5,B7_D-L-a-Glycerol_Phosphate,11
10.75,B7_D-L-a-Glycerol_Phosphate,11
11.0,B7_D-L-a-Glycerol_Phosphate,11
11.25,B7_D-L-a-Glycerol_Phosphate,11
11.5,B7_D-L-a-Glycerol_Phosphate,11
11.75,B7_D-L-a-Glycerol_Phosphate,11
12.0,B7_D-L-a-Glycerol_Phosphate,11
12.25,B7_D-L-a-Glycerol_Phosphate,12
12.5,B7_D-L-a-Glycerol_Phosphate,14
12.75,B7_D-L-a-Glycerol_Phosphate,11
13.0,B7_D-L-a-Glycerol_Phosphate,13
13.25,B7_D-L-a-Glycerol_Phosphate,11
13.5,B7_D-L-a-Glycerol_Phosphate,11
13.75,B7_D-L-a-Glycerol_Phosphate,12
14.0,B7_D-L-a-Glycerol_Phosphate,12
14.25,B7_D-L-a-Glycerol_Phosphate,12
14.5,B7_D-L-a-Glycerol_Phosphate,11
14.75,B7_D-L-a-Glycerol_Phosphate,12
15.0,B7_D-L-a-Glycerol_Phosphate,14
15.25,B7_D-L-a-Glycerol_Phosphate,13
15.5,B7_D-L-a-Glycerol_Phosphate,14
15.75,B7_D-L-a-Glycerol_Phosphate,13
16.0,B7_D-L-a-Glycerol_Phosphate,15
16.25,B7_D-L-a-Glycerol_Phosphate,11
16.5,B7_D-L-a-Glycerol_Phosphate,13
16.75,B7_D-L-a-Glycerol_Phosphate,12
17.0,B7_D-L-a-Glycerol_Phosphate,17
17.25,B7_D-L-a-Glycerol_Phosphate,11
17.5,B7_D-L-a-Glycerol_Phosphate,12
17.75,B7_D-L-a-Glycerol_Phosphate,11
18.0,B7_D-L-a-Glycerol_Phosphate,17
18.25,B7_D-L-a-Glycerol_Phosphate,19
18.5,B7_D-L-a-Glycerol_Phosphate,15
18.75,B7_D-L-a-Glycerol_Phosphate,14
19.0,B7_D-L-a-Glycerol_Phosphate,15
19.25,B7_D-L-a-Glycerol_Phosphate,17
19.5,B7_D-L-a-Glycerol_Phosphate,14
19.75,B7_D-L-a-Glycerol_Phosphate,15
20.0,B7_D-L-a-Glycerol_Phosphate,15
20.25,B7_D-L-a-Glycerol_Phosphate,15
20.5,B7_D-L-a-Glycerol_Phosphate,16
20.75,B7_D-L-a-Glycerol_Phosphate,18
21.0,B7_D-L-a-Glycerol_Phosphate,19
21.25,B7_D-L-a-Glycerol_Phosphate,15
21.5,B7_D-L-a-Glycerol_Phosphate,18
21.75,B7_D-L-a-Glycerol_Phosphate,16
22.0,B7_D-L-a-Glycerol_Phosphate,16
22.25,B7_D-L-a-Glycerol_Phosphate,16
22.5,B7_D-L-a-Glycerol_Phosphate,12
22.75,B7_D-L-a-Glycerol_Phosphate,16
23.0,B7_D-L-a-Glycerol_Phosphate,17
23.25,B7_D-L-a-Glycerol_Phosphate,12
23.5,B7_D-L-a-Glycerol_Phosphate,12
23.75,B7_D-L-a-Glycerol_Phosphate,15
24.0,B7_D-L-a-Glycerol_Phosphate,19
24.25,B7_D-L-a-Glycerol_Phosphate,16
24.5,B7_D-L-a-Glycerol_Phosphate,18
24.75,B7_D-L-a-Glycerol_Phosphate,18
25.0,B7_D-L-a-Glycerol_Phosphate,14
25.25,B7_D-L-a-Glycerol_Phosphate,19
25.5,B7_D-L-a-Glycerol_Phosphate,14
25.75,B7_D-L-a-Glycerol_Phosphate,16
26.0,B7_D-L-a-Glycerol_Phosphate,16
26.25,B7_D-L-a-Glycerol_Phosphate,18
26.5,B7_D-L-a-Glycerol_Phosphate,12
26.75,B7_D-L-a-Glycerol_Phosphate,15
27.0,B7_D-L-a-Glycerol_Phosphate,15
27.25,B7_D-L-a-Glycerol_Phosphate,17
27.5,B7_D-L-a-Glycerol_Phosphate,13
27.75,B7_D-L-a-Glycerol_Phosphate,17
28.0,B7_D-L-a-Glycerol_Phosphate,15
28.25,B7_D-L-a-Glycerol_Phosphate,19
28.5,B7_D-L-a-Glycerol_Phosphate,15
28.75,B7_D-L-a-Glycerol_Phosphate,14
29.0,B7_D-L-a-Glycerol_Phosphate,13
29.25,B7_D-L-a-Glycerol_Phosphate,15
29.5,B7_D-L-a-Glycerol_Phosphate,16
29.75,B7_D-L-a-Glycerol_Phosphate,15
30.0,B7_D-L-a-Glycerol_Phosphate,17
30.25,B7_D-L-a-Glycerol_Phosphate,16
30.5,B7_D-L-a-Glycerol_Phosphate,15
30.75,B7_D-L-a-Glycerol_Phosphate,15
31.0,B7_D-L-a-Glycerol_Phosphate,11
31.25,B7_D-L-a-Glycerol_Phosphate,18
31.5,B7_D-L-a-Glycerol_Phosphate,20
31.75,B7_D-L-a-Glycerol_Phosphate,16
32.0,B7_D-L-a-Glycerol_Phosphate,17
32.25,B7_D-L-a-Glycerol_Phosphate,17
32.5,B7_D-L-a-Glycerol_Phosphate,21
32.75,B7_D-L-a-Glycerol_Phosphate,17
33.0,B7_D-L-a-Glycerol_Phosphate,19
33.25,B7_D-L-a-Glycerol_Phosphate,12
33.5,B7_D-L-a-Glycerol_Phosphate,17
33.75,B7_D-L-a-Glycerol_Phosphate,16
34.0,B7_D-L-a-Glycerol_Phosphate,13
34.25,B7_D-L-a-Glycerol_Phosphate,18
34.5,B7_D-L-a-Glycerol_Phosphate,19
34.75,B7_D-L-a-Glycerol_Phosphate,16
35.0,B7_D-L-a-Glycerol_Phosphate,16
35.25,B7_D-L-a-Glycerol_Phosphate,20
35.5,B7_D-L-a-Glycerol_Phosphate,15
35.75,B7_D-L-a-Glycerol_Phosphate,16
36.0,B7_D-L-a-Glycerol_Phosphate,16
36.25,B7_D-L-a-Glycerol_Phosphate,13
36.5,B7_D-L-a-Glycerol_Phosphate,18
36.75,B7_D-L-a-Glycerol_Phosphate,17
37.0,B7_D-L-a-Glycerol_Phosphate,16
37.25,B7_D-L-a-Glycerol_Phosphate,14
37.5,B7_D-L-a-Glycerol_Phosphate,14
37.75,B7_D-L-a-Glycerol_Phosphate,12
38.0,B7_D-L-a-Glycerol_Phosphate,18
38.25,B7_D-L-a-Glycerol_Phosphate,15
38.5,B7_D-L-a-Glycerol_Phosphate,18
38.75,B7_D-L-a-Glycerol_Phosphate,16
39.0,B7_D-L-a-Glycerol_Phosphate,18
39.25,B7_D-L-a-Glycerol_Phosphate,14
39.5,B7_D-L-a-Glycerol_Phosphate,18
39.75,B7_D-L-a-Glycerol_Phosphate,14
40.0,B7_D-L-a-Glycerol_Phosphate,16
40.25,B7_D-L-a-Glycerol_Phosphate,14
40.5,B7_D-L-a-Glycerol_Phosphate,14
40.75,B7_D-L-a-Glycerol_Phosphate,15
41.0,B7_D-L-a-Glycerol_Phosphate,17
41.25,B7_D-L-a-Glycerol_Phosphate,19
41.5,B7_D-L-a-Glycerol_Phosphate,17
41.75,B7_D-L-a-Glycerol_Phosphate,21
42.0,B7_D-L-a-Glycerol_Phosphate,16
42.25,B7_D-L-a-Glycerol_Phosphate,19
42.5,B7_D-L-a-Glycerol_Phosphate,17
42.75,B7_D-L-a-Glycerol_Phosphate,14
43.0,B7_D-L-a-Glycerol_Phosphate,17
43.25,B7_D-L-a-Glycerol_Phosphate,15
43.5,B7_D-L-a-Glycerol_Phosphate,18
43.75,B7_D-L-a-Glycerol_Phosphate,12
44.0,B7_D-L-a-Glycerol_Phosphate,16
44.25,B7_D-L-a-Glycerol_Phosphate,16
44.5,B7_D-L-a-Glycerol_Phosphate,18
44.75,B7_D-L-a-Glycerol_Phosphate,14
45.0,B7_D-L-a-Glycerol_Phosphate,18
45.25,B7_D-L-a-Glycerol_Phosphate,12
45.5,B7_D-L-a-Glycerol_Phosphate,15
45.75,B7_D-L-a-Glycerol_Phosphate,12
46.0,B7_D-L-a-Glycerol_Phosphate,16
46.25,B7_D-L-a-Glycerol_Phosphate,15
46.5,B7_D-L-a-Glycerol_Phosphate,17
46.75,B7_D-L-a-Glycerol_Phosphate,14
47.0,B7_D-L-a-Glycerol_Phosphate,18
47.25,B7_D-L-a-Glycerol_Phosphate,18
47.5,B7_D-L-a-Glycerol_Phosphate,21
47.75,B7_D-L-a-Glycerol_Phosphate,16
48.0,B7_D-L-a-Glycerol_Phosphate,15
48.25,B7_D-L-a-Glycerol_Phosphate,18
0.0,B8_D-Xylose,49
0.25,B8_D-Xylose,47
0.5,B8_D-Xylose,48
0.75,B8_D-Xylose,53
1.0,B8_D-Xylose,56
1.25,B8_D-Xylose,55
1.5,B8_D-Xylose,54
1.75,B8_D-Xylose,51
2.0,B8_D-Xylose,55
2.25,B8_D-Xylose,56
2.5,B8_D-Xylose,57
2.75,B8_D-Xylose,55
3.0,B8_D-Xylose,51
3.25,B8_D-Xylose,57
3.5,B8_D-Xylose,57
3.75,B8_D-Xylose,56
4.0,B8_D-Xylose,55
4.25,B8_D-Xylose,57
4.5,B8_D-Xylose,55
4.75,B8_D-Xylose,54
5.0,B8_D-Xylose,54
5.25,B8_D-Xylose,54
5.5,B8_D-Xylose,55
5.75,B8_D-Xylose,57
6.0,B8_D-Xylose,53
6.25,B8_D-Xylose,58
6.5,B8_D-Xylose,56
6.75,B8_D-Xylose,54
7.0,B8_D-Xylose,53
7.25,B8_D-Xylose,55
7.5,B8_D-Xylose,54
7.75,B8_D-Xylose,57
8.0,B8_D-Xylose,57
8.25,B8_D-Xylose,53
8.5,B8_D-Xylose,57
8.75,B8_D-Xylose,56
9.0,B8_D-Xylose,56
9.25,B8_D-Xylose,57
9.5,B8_D-Xylose,57
9.75,B8_D-Xylose,55
10.0,B8_D-Xylose,54
10.25,B8_D-Xylose,54
10.5,B8_D-Xylose,58
10.75,B8_D-Xylose,59
11.0,B8_D-Xylose,58
11.25,B8_D-Xylose,56
11.5,B8_D-Xylose,59
11.75,B8_D-Xylose,57
12.0,B8_D-Xylose,58
12.25,B8_D-Xylose,61
12.5,B8_D-Xylose,61
12.75,B8_D-Xylose,58
13.0,B8_D-Xylose,59
13.25,B8_D-Xylose,55
13.5,B8_D-Xylose,58
13.75,B8_D-Xylose,57
14.0,B8_D-Xylose,57
14.25,B8_D-Xylose,58
14.5,B8_D-Xylose,54
14.75,B8_D-Xylose,58
15.0,B8_D-Xylose,60
15.25,B8_D-Xylose,56
15.5,B8_D-Xylose,62
15.75,B8_D-Xylose,55
16.0,B8_D-Xylose,59
16.25,B8_D-Xylose,59
16.5,B8_D-Xylose,60
16.75,B8_D-Xylose,60
17.0,B8_D-Xylose,63
17.25,B8_D-Xylose,58
17.5,B8_D-Xylose,55
17.75,B8_D-Xylose,62
18.0,B8_D-Xylose,61
18.25,B8_D-Xylose,61
18.5,B8_D-Xylose,62
18.75,B8_D-Xylose,61
19.0,B8_D-Xylose,63
19.25,B8_D-Xylose,62
19.5,B8_D-Xylose,58
19.75,B8_D-Xylose,61
20.0,B8_D-Xylose,65
20.25,B8_D-Xylose,63
20.5,B8_D-Xylose,62
20.75,B8_D-Xylose,55
21.0,B8_D-Xylose,63
21.25,B8_D-Xylose,63
21.5,B8_D-Xylose,64
21.75,B8_D-Xylose,59
22.0,B8_D-Xylose,59
22.25,B8_D-Xylose,60
22.5,B8_D-Xylose,60
22.75,B8_D-Xylose,64
23.0,B8_D-Xylose,58
23.25,B8_D-Xylose,60
23.5,B8_D-Xylose,62
23.75,B8_D-Xylose,63
24.0,B8_D-Xylose,57
24.25,B8_D-Xylose,64
24.5,B8_D-Xylose,57
24.75,B8_D-Xylose,60
25.0,B8_D-Xylose,59
25.25,B8_D-Xylose,62
25.5,B8_D-Xylose,62
25.75,B8_D-Xylose,59
26.0,B8_D-Xylose,63
26.25,B8_D-Xylose,60
26.5,B8_D-Xylose,60
26.75,B8_D-Xylose,60
27.0,B8_D-Xylose,60
27.25,B8_D-Xylose,61
27.5,B8_D-Xylose,62
27.75,B8_D-Xylose,60
28.0,B8_D-Xylose,59
28.25,B8_D-Xylose,63
28.5,B8_D-Xylose,61
28.75,B8_D-Xylose,61
29.0,B8_D-Xylose,65
29.25,B8_D-Xylose,65
29.5,B8_D-Xylose,58
29.75,B8_D-Xylose,61
30.0,B8_D-Xylose,60
30.25,B8_D-Xylose,58
30.5,B8_D-Xylose,62
30.75,B8_D-Xylose,65
31.0,B8_D-Xylose,63
31.25,B8_D-Xylose,60
31.5,B8_D-Xylose,57
31.75,B8_D-Xylose,58
32.0,B8_D-Xylose,61
32.25,B8_D-Xylose,64
32.5,B8_D-Xylose,61
32.75,B8_D-Xylose,60
33.0,B8_D-Xylose,64
33.25,B8_D-Xylose,62
33.5,B8_D-Xylose,66
33.75,B8_D-Xylose,62
34.0,B8_D-Xylose,62
34.25,B8_D-Xylose,64
34.5,B8_D-Xylose,61
34.75,B8_D-Xylose,62
35.0,B8_D-Xylose,63
35.25,B8_D-Xylose,62
35.5,B8_D-Xylose,62
35.75,B8_D-Xylose,60
36.0,B8_D-Xylose,60
36.25,B8_D-Xylose,61
36.5,B8_D-Xylose,58
36.75,B8_D-Xylose,65
37.0,B8_D-Xylose,64
37.25,B8_D-Xylose,61
37.5,B8_D-Xylose,60
37.75,B8_D-Xylose,60
38.0,B8_D-Xylose,60
38.25,B8_D-Xylose,63
38.5,B8_D-Xylose,66
38.75,B8_D-Xylose,64
39.0,B8_D-Xylose,64
39.25,B8_D-Xylose,64
39.5,B8_D-Xylose,61
39.75,B8_D-Xylose,59
40.0,B8_D-Xylose,63
40.25,B8_D-Xylose,61
40.5,B8_D-Xylose,62
40.75,B8_D-Xylose,63
41.0,B8_D-Xylose,63
41.25,B8_D-Xylose,61
41.5,B8_D-Xylose,61
41.75,B8_D-Xylose,65
42.0,B8_D-Xylose,61
42.25,B8_D-Xylose,62
42.5,B8_D-Xylose,65
42.75,B8_D-Xylose,62
43.0,B8_D-Xylose,63
43.25,B8_D-Xylose,64
43.5,B8_D-Xylose,60
43.75,B8_D-Xylose,61
44.0,B8_D-Xylose,62
44.25,B8_D-Xylose,62
44.5,B8_D-Xylose,65
44.75,B8_D-Xylose,61
45.0,B8_D-Xylose,59
45.25,B8_D-Xylose,59
45.5,B8_D-Xylose,63
45.75,B8_D-Xylose,62
46.0,B8_D-Xylose,64
46.25,B8_D-Xylose,66
46.5,B8_D-Xylose,64
46.75,B8_D-Xylose,65
47.0,B8_D-Xylose,61
47.25,B8_D-Xylose,61
47.5,B8_D-Xylose,64
47.75,B8_D-Xylose,63
48.0,B8_D-Xylose,62
48.25,B8_D-Xylose,64
0.0,B9_L-Lactic_Acid,11
0.25,B9_L-Lactic_Acid,11
0.5,B9_L-Lactic_Acid,11
0.75,B9_L-Lactic_Acid,11
1.0,B9_L-Lactic_Acid,12
1.25,B9_L-Lactic_Acid,13
1.5,B9_L-Lactic_Acid,11
1.75,B9_L-Lactic_Acid,11
2.0,B9_L-Lactic_Acid,12
2.25,B9_L-Lactic_Acid,11
2.5,B9_L-Lactic_Acid,11
2.75,B9_L-Lactic_Acid,11
3.0,B9_L-Lactic_Acid,14
3.25,B9_L-Lactic_Acid,11
3.5,B9_L-Lactic_Acid,12
3.75,B9_L-Lactic_Acid,11
4.0,B9_L-Lactic_Acid,14
4.25,B9_L-Lactic_Acid,11
4.5,B9_L-Lactic_Acid,11
4.75,B9_L-Lactic_Acid,13
5.0,B9_L-Lactic_Acid,11
5.25,B9_L-Lactic_Acid,12
5.5,B9_L-Lactic_Acid,11
5.75,B9_L-Lactic_Acid,11
6.0,B9_L-Lactic_Acid,11
6.25,B9_L-Lactic_Acid,11
6.5,B9_L-Lactic_Acid,13
6.75,B9_L-Lactic_Acid,11
7.0,B9_L-Lactic_Acid,11
7.25,B9_L-Lactic_Acid,11
7.5,B9_L-Lactic_Acid,11
7.75,B9_L-Lactic_Acid,11
8.0,B9_L-Lactic_Acid,15
8.25,B9_L-Lactic_Acid,14
8.5,B9_L-Lactic_Acid,12
8.75,B9_L-Lactic_Acid,11
9.0,B9_L-Lactic_Acid,11
9.25,B9_L-Lactic_Acid,11
9.5,B9_L-Lactic_Acid,11
9.75,B9_L-Lactic_Acid,12
10.0,B9_L-Lactic_Acid,12
10.25,B9_L-Lactic_Acid,11
10.5,B9_L-Lactic_Acid,12
10.75,B9_L-Lactic_Acid,14
11.0,B9_L-Lactic_Acid,12
11.25,B9_L-Lactic_Acid,11
11.5,B9_L-Lactic_Acid,11
11.75,B9_L-Lactic_Acid,11
12.0,B9_L-Lactic_Acid,13
12.25,B9_L-Lactic_Acid,15
12.5,B9_L-Lactic_Acid,12
12.75,B9_L-Lactic_Acid,12
13.0,B9_L-Lactic_Acid,14
13.25,B9_L-Lactic_Acid,14
13.5,B9_L-Lactic_Acid,13
13.75,B9_L-Lactic_Acid,15
14.0,B9_L-Lactic_Acid,18
14.25,B9_L-Lactic_Acid,15
14.5,B9_L-Lactic_Acid,13
14.75,B9_L-Lactic_Acid,17
15.0,B9_L-Lactic_Acid,14
15.25,B9_L-Lactic_Acid,15
15.5,B9_L-Lactic_Acid,14
15.75,B9_L-Lactic_Acid,13
16.0,B9_L-Lactic_Acid,17
16.25,B9_L-Lactic_Acid,17
16.5,B9_L-Lactic_Acid,14
16.75,B9_L-Lactic_Acid,16
17.0,B9_L-Lactic_Acid,18
17.25,B9_L-Lactic_Acid,18
17.5,B9_L-Lactic_Acid,15
17.75,B9_L-Lactic_Acid,16
18.0,B9_L-Lactic_Acid,18
18.25,B9_L-Lactic_Acid,22
18.5,B9_L-Lactic_Acid,20
18.75,B9_L-Lactic_Acid,18
19.0,B9_L-Lactic_Acid,20
19.25,B9_L-Lactic_Acid,15
19.5,B9_L-Lactic_Acid,16
19.75,B9_L-Lactic_Acid,20
20.0,B9_L-Lactic_Acid,18
20.25,B9_L-Lactic_Acid,17
20.5,B9_L-Lactic_Acid,17
20.75,B9_L-Lactic_Acid,23
21.0,B9_L-Lactic_Acid,18
21.25,B9_L-Lactic_Acid,21
21.5,B9_L-Lactic_Acid,21
21.75,B9_L-Lactic_Acid,19
22.0,B9_L-Lactic_Acid,16
22.25,B9_L-Lactic_Acid,18
22.5,B9_L-Lactic_Acid,20
22.75,B9_L-Lactic_Acid,21
23.0,B9_L-Lactic_Acid,19
23.25,B9_L-Lactic_Acid,16
23.5,B9_L-Lactic_Acid,17
23.75,B9_L-Lactic_Acid,19
24.0,B9_L-Lactic_Acid,19
24.25,B9_L-Lactic_Acid,21
24.5,B9_L-Lactic_Acid,20
24.75,B9_L-Lactic_Acid,22
25.0,B9_L-Lactic_Acid,19
25.25,B9_L-Lactic_Acid,20
25.5,B9_L-Lactic_Acid,24
25.75,B9_L-Lactic_Acid,21
26.0,B9_L-Lactic_Acid,20
26.25,B9_L-Lactic_Acid,16
26.5,B9_L-Lactic_Acid,19
26.75,B9_L-Lactic_Acid,19
27.0,B9_L-Lactic_Acid,18
27.25,B9_L-Lactic_Acid,17
27.5,B9_L-Lactic_Acid,21
27.75,B9_L-Lactic_Acid,23
28.0,B9_L-Lactic_Acid,21
28.25,B9_L-Lactic_Acid,21
28.5,B9_L-Lactic_Acid,18
28.75,B9_L-Lactic_Acid,23
29.0,B9_L-Lactic_Acid,18
29.25,B9_L-Lactic_Acid,22
29.5,B9_L-Lactic_Acid,21
29.75,B9_L-Lactic_Acid,18
30.0,B9_L-Lactic_Acid,19
30.25,B9_L-Lactic_Acid,19
30.5,B9_L-Lactic_Acid,19
30.75,B9_L-Lactic_Acid,19
31.0,B9_L-Lactic_Acid,18
31.25,B9_L-Lactic_Acid,20
31.5,B9_L-Lactic_Acid,17
31.75,B9_L-Lactic_Acid,20
32.0,B9_L-Lactic_Acid,20
32.25,B9_L-Lactic_Acid,22
32.5,B9_L-Lactic_Acid,19
32.75,B9_L-Lactic_Acid,19
33.0,B9_L-Lactic_Acid,20
33.25,B9_L-Lactic_Acid,14
33.5,B9_L-Lactic_Acid,20
33.75,B9_L-Lactic_Acid,18
34.0,B9_L-Lactic_Acid,22
34.25,B9_L-Lactic_Acid,20
34.5,B9_L-Lactic_Acid,19
34.75,B9_L-Lactic_Acid,18
35.0,B9_L-Lactic_Acid,19
35.25,B9_L-Lactic_Acid,18
35.5,B9_L-Lactic_Acid,14
35.75,B9_L-Lactic_Acid,18
36.0,B9_L-Lactic_Acid,16
36.25,B9_L-Lactic_Acid,19
36.5,B9_L-Lactic_Acid,19
36.75,B9_L-Lactic_Acid,20
37.0,B9_L-Lactic_Acid,23
37.25,B9_L-Lactic_Acid,19
37.5,B9_L-Lactic_Acid,18
37.75,B9_L-Lactic_Acid,21
38.0,B9_L-Lactic_Acid,20
38.25,B9_L-Lactic_Acid,22
38.5,B9_L-Lactic_Acid,18
38.75,B9_L-Lactic_Acid,21
39.0,B9_L-Lactic_Acid,20
39.25,B9_L-Lactic_Acid,20
39.5,B9_L-Lactic_Acid,22
39.75,B9_L-Lactic_Acid,19
40.0,B9_L-Lactic_Acid,20
40.25,B9_L-Lactic_Acid,17
40.5,B9_L-Lactic_Acid,22
40.75,B9_L-Lactic_Acid,17
41.0,B9_L-Lactic_Acid,21
41.25,B9_L-Lactic_Acid,16
41.5,B9_L-Lactic_Acid,20
41.75,B9_L-Lactic_Acid,21
42.0,B9_L-Lactic_Acid,22
42.25,B9_L-Lactic_Acid,19
42.5,B9_L-Lactic_Acid,21
42.75,B9_L-Lactic_Acid,18
43.0,B9_L-Lactic_Acid,23
43.25,B9_L-Lactic_Acid,17
43.5,B9_L-Lactic_Acid,20
43.75,B9_L-Lactic_Acid,18
44.0,B9_L-Lactic_Acid,22
44.25,B9_L-Lactic_Acid,19
44.5,B9_L-Lactic_Acid,22
44.75,B9_L-Lactic_Acid,21
45.0,B9_L-Lactic_Acid,19
45.25,B9_L-Lactic_Acid,21
45.5,B9_L-Lactic_Acid,16
45.75,B9_L-Lactic_Acid,25
46.0,B9_L-Lactic_Acid,18
46.25,B9_L-Lactic_Acid,18
46.5,B9_L-Lactic_Acid,25
46.75,B9_L-Lactic_Acid,25
47.0,B9_L-Lactic_Acid,19
47.25,B9_L-Lactic_Acid,18
47.5,B9_L-Lactic_Acid,19
47.75,B9_L-Lactic_Acid,25
48.0,B9_L-Lactic_Acid,22
48.25,B9_L-Lactic_Acid,20
0.0,B10_Formic_Acid,11
0.25,B10_Formic_Acid,11
0.5,B10_Formic_Acid,11
0.75,B10_Formic_Acid,11
1.0,B10_Formic_Acid,13
1.25,B10_Formic_Acid,11
1.5,B10_Formic_Acid,11
1.75,B10_Formic_Acid,11
2.0,B10_Formic_Acid,11
2.25,B10_Formic_Acid,11
2.5,B10_Formic_Acid,11
2.75,B10_Formic_Acid,11
3.0,B10_Formic_Acid,15
3.25,B10_Formic_Acid,11
3.5,B10_Formic_Acid,11
3.75,B10_Formic_Acid,11
4.0,B10_Formic_Acid,11
4.25,B10_Formic_Acid,11
4.5,B10_Formic_Acid,11
4.75,B10_Formic_Acid,11
5.0,B10_Formic_Acid,11
5.25,B10_Formic_Acid,12
5.5,B10_Formic_Acid,11
5.75,B10_Formic_Acid,11
6.0,B10_Formic_Acid,11
6.25,B10_Formic_Acid,11
6.5,B10_Formic_Acid,11
6.75,B10_Formic_Acid,12
7.0,B10_Formic_Acid,11
7.25,B10_Formic_Acid,14
7.5,B10_Formic_Acid,11
7.75,B10_Formic_Acid,11
8.0,B10_Formic_Acid,13
8.25,B10_Formic_Acid,11
8.5,B10_Formic_Acid,11
8.75,B10_Formic_Acid,12
9.0,B10_Formic_Acid,11
9.25,B10_Formic_Acid,11
9.5,B10_Formic_Acid,11
9.75,B10_Formic_Acid,11
10.0,B10_Formic_Acid,13
10.25,B10_Formic_Acid,11
10.5,B10_Formic_Acid,14
10.75,B10_Formic_Acid,16
11.0,B10_Formic_Acid,11
11.25,B10_Formic_Acid,11
11.5,B10_Formic_Acid,11
11.75,B10_Formic_Acid,14
12.0,B10_Formic_Acid,11
12.25,B10_Formic_Acid,11
12.5,B10_Formic_Acid,11
12.75,B10_Formic_Acid,13
13.0,B10_Formic_Acid,13
13.25,B10_Formic_Acid,13
13.5,B10_Formic_Acid,12
13.75,B10_Formic_Acid,11
14.0,B10_Formic_Acid,11
14.25,B10_Formic_Acid,12
14.5,B10_Formic_Acid,11
14.75,B10_Formic_Acid,11
15.0,B10_Formic_Acid,11
15.25,B10_Formic_Acid,11
15.5,B10_Formic_Acid,11
15.75,B10_Formic_Acid,11
16.0,B10_Formic_Acid,13
16.25,B10_Formic_Acid,11
16.5,B10_Formic_Acid,12
16.75,B10_Formic_Acid,11
17.0,B10_Formic_Acid,17
17.25,B10_Formic_Acid,15
17.5,B10_Formic_Acid,13
17.75,B10_Formic_Acid,11
18.0,B10_Formic_Acid,13
18.25,B10_Formic_Acid,18
18.5,B10_Formic_Acid,15
18.75,B10_Formic_Acid,15
19.0,B10_Formic_Acid,15
19.25,B10_Formic_Acid,14
19.5,B10_Formic_Acid,12
19.75,B10_Formic_Acid,18
20.0,B10_Formic_Acid,14
20.25,B10_Formic_Acid,17
20.5,B10_Formic_Acid,16
20.75,B10_Formic_Acid,17
21.0,B10_Formic_Acid,19
21.25,B10_Formic_Acid,13
21.5,B10_Formic_Acid,18
21.75,B10_Formic_Acid,16
22.0,B10_Formic_Acid,18
22.25,B10_Formic_Acid,11
22.5,B10_Formic_Acid,14
22.75,B10_Formic_Acid,16
23.0,B10_Formic_Acid,17
23.25,B10_Formic_Acid,12
23.5,B10_Formic_Acid,11
23.75,B10_Formic_Acid,11
24.0,B10_Formic_Acid,14
24.25,B10_Formic_Acid,17
24.5,B10_Formic_Acid,14
24.75,B10_Formic_Acid,16
25.0,B10_Formic_Acid,13
25.25,B10_Formic_Acid,17
25.5,B10_Formic_Acid,17
25.75,B10_Formic_Acid,16
26.0,B10_Formic_Acid,17
26.25,B10_Formic_Acid,16
26.5,B10_Formic_Acid,16
26.75,B10_Formic_Acid,14
27.0,B10_Formic_Acid,15
27.25,B10_Formic_Acid,17
27.5,B10_Formic_Acid,15
27.75,B10_Formic_Acid,21
28.0,B10_Formic_Acid,12
28.25,B10_Formic_Acid,15
28.5,B10_Formic_Acid,16
28.75,B10_Formic_Acid,18
29.0,B10_Formic_Acid,19
29.25,B10_Formic_Acid,19
29.5,B10_Formic_Acid,16
29.75,B10_Formic_Acid,16
30.0,B10_Formic_Acid,13
30.25,B10_Formic_Acid,14
30.5,B10_Formic_Acid,14
30.75,B10_Formic_Acid,13
31.0,B10_Formic_Acid,17
31.25,B10_Formic_Acid,16
31.5,B10_Formic_Acid,17
31.75,B10_Formic_Acid,18
32.0,B10_Formic_Acid,14
32.25,B10_Formic_Acid,16
32.5,B10_Formic_Acid,20
32.75,B10_Formic_Acid,13
33.0,B10_Formic_Acid,14
33.25,B10_Formic_Acid,14
33.5,B10_Formic_Acid,18
33.75,B10_Formic_Acid,18
34.0,B10_Formic_Acid,17
34.25,B10_Formic_Acid,12
34.5,B10_Formic_Acid,16
34.75,B10_Formic_Acid,15
35.0,B10_Formic_Acid,21
35.25,B10_Formic_Acid,18
35.5,B10_Formic_Acid,15
35.75,B10_Formic_Acid,19
36.0,B10_Formic_Acid,17
36.25,B10_Formic_Acid,13
36.5,B10_Formic_Acid,18
36.75,B10_Formic_Acid,19
37.0,B10_Formic_Acid,17
37.25,B10_Formic_Acid,17
37.5,B10_Formic_Acid,17
37.75,B10_Formic_Acid,16
38.0,B10_Formic_Acid,13
38.25,B10_Formic_Acid,15
38.5,B10_Formic_Acid,18
38.75,B10_Formic_Acid,16
39.0,B10_Formic_Acid,14
39.25,B10_Formic_Acid,14
39.5,B10_Formic_Acid,17
39.75,B10_Formic_Acid,16
40.0,B10_Formic_Acid,17
40.25,B10_Formic_Acid,16
40.5,B10_Formic_Acid,18
40.75,B10_Formic_Acid,14
41.0,B10_Formic_Acid,16
41.25,B10_Formic_Acid,16
41.5,B10_Formic_Acid,18
41.75,B10_Formic_Acid,17
42.0,B10_Formic_Acid,18
42.25,B10_Formic_Acid,15
42.5,B10_Formic_Acid,15
42.75,B10_Formic_Acid,15
43.0,B10_Formic_Acid,19
43.25,B10_Formic_Acid,17
43.5,B10_Formic_Acid,15
43.75,B10_Formic_Acid,18
44.0,B10_Formic_Acid,14
44.25,B10_Formic_Acid,16
44.5,B10_Formic_Acid,14
44.75,B10_Formic_Acid,17
45.0,B10_Formic_Acid,17
45.25,B10_Formic_Acid,15
45.5,B10_Formic_Acid,11
45.75,B10_Formic_Acid,16
46.0,B10_Formic_Acid,13
46.25,B10_Formic_Acid,16
46.5,B10_Formic_Acid,19
46.75,B10_Formic_Acid,16
47.0,B10_Formic_Acid,19
47.25,B10_Formic_Acid,19
47.5,B10_Formic_Acid,18
47.75,B10_Formic_Acid,14
48.0,B10_Formic_Acid,16
48.25,B10_Formic_Acid,17
0.0,B11_D-Mannitol,13
0.25,B11_D-Mannitol,11
0.5,B11_D-Mannitol,11
0.75,B11_D-Mannitol,12
1.0,B11_D-Mannitol,11
1.25,B11_D-Mannitol,12
1.5,B11_D-Mannitol,14
1.75,B11_D-Mannitol,14
2.0,B11_D-Mannitol,11
2.25,B11_D-Mannitol,11
2.5,B11_D-Mannitol,11
2.75,B11_D-Mannitol,12
3.0,B11_D-Mannitol,13
3.25,B11_D-Mannitol,11
3.5,B11_D-Mannitol,12
3.75,B11_D-Mannitol,15
4.0,B11_D-Mannitol,11
4.25,B11_D-Mannitol,12
4.5,B11_D-Mannitol,12
4.75,B11_D-Mannitol,12
5.0,B11_D-Mannitol,12
5.25,B11_D-Mannitol,11
5.5,B11_D-Mannitol,14
5.75,B11_D-Mannitol,11
6.0,B11_D-Mannitol,13
6.25,B11_D-Mannitol,14
6.5,B11_D-Mannitol,12
6.75,B11_D-Mannitol,16
7.0,B11_D-Mannitol,13
7.25,B11_D-Mannitol,13
7.5,B11_D-Mannitol,11
7.75,B11_D-Mannitol,15
8.0,B11_D-Mannitol,15
8.25,B11_D-Mannitol,18
8.5,B11_D-Mannitol,16
8.75,B11_D-Mannitol,15
9.0,B11_D-Mannitol,16
9.25,B11_D-Mannitol,13
9.5,B11_D-Mannitol,14
9.75,B11_D-Mannitol,11
10.0,B11_D-Mannitol,12
10.25,B11_D-Mannitol,15
10.5,B11_D-Mannitol,17
10.75,B11_D-Mannitol,18
11.0,B11_D-Mannitol,17
11.25,B11_D-Mannitol,15
11.5,B11_D-Mannitol,18
11.75,B11_D-Mannitol,18
12.0,B11_D-Mannitol,19
12.25,B11_D-Mannitol,20
12.5,B11_D-Mannitol,26
12.75,B11_D-Mannitol,16
13.0,B11_D-Mannitol,24
13.25,B11_D-Mannitol,20
13.5,B11_D-Mannitol,20
13.75,B11_D-Mannitol,23
14.0,B11_D-Mannitol,18
14.25,B11_D-Mannitol,20
14.5,B11_D-Mannitol,20
14.75,B11_D-Mannitol,17
15.0,B11_D-Mannitol,19
15.25,B11_D-Mannitol,20
15.5,B11_D-Mannitol,20
15.75,B11_D-Mannitol,22
16.0,B11_D-Mannitol,28
16.25,B11_D-Mannitol,23
16.5,B11_D-Mannitol,17
16.75,B11_D-Mannitol,19
17.0,B11_D-Mannitol,22
17.25,B11_D-Mannitol,22
17.5,B11_D-Mannitol,26
17.75,B11_D-Mannitol,21
18.0,B11_D-Mannitol,22
18.25,B11_D-Mannitol,21
18.5,B11_D-Mannitol,23
18.75,B11_D-Mannitol,22
19.0,B11_D-Mannitol,26
19.25,B11_D-Mannitol,27
19.5,B11_D-Mannitol,22
19.75,B11_D-Mannitol,20
20.0,B11_D-Mannitol,26
20.25,B11_D-Mannitol,23
20.5,B11_D-Mannitol,29
20.75,B11_D-Mannitol,24
21.0,B11_D-Mannitol,24
21.25,B11_D-Mannitol,26
21.5,B11_D-Mannitol,27
21.75,B11_D-Mannitol,26
22.0,B11_D-Mannitol,25
22.25,B11_D-Mannitol,21
22.5,B11_D-Mannitol,24
22.75,B11_D-Mannitol,22
23.0,B11_D-Mannitol,23
23.25,B11_D-Mannitol,24
23.5,B11_D-Mannitol,26
23.75,B11_D-Mannitol,24
24.0,B11_D-Mannitol,25
24.25,B11_D-Mannitol,24
24.5,B11_D-Mannitol,27
24.75,B11_D-Mannitol,20
25.0,B11_D-Mannitol,26
25.25,B11_D-Mannitol,21
25.5,B11_D-Mannitol,25
25.75,B11_D-Mannitol,23
26.0,B11_D-Mannitol,24
26.25,B11_D-Mannitol,24
26.5,B11_D-Mannitol,23
26.75,B11_D-Mannitol,25
27.0,B11_D-Mannitol,24
27.25,B11_D-Mannitol,20
27.5,B11_D-Mannitol,23
27.75,B11_D-Mannitol,24
28.0,B11_D-Mannitol,21
28.25,B11_D-Mannitol,26
28.5,B11_D-Mannitol,27
28.75,B11_D-Mannitol,23
29.0,B11_D-Mannitol,25
29.25,B11_D-Mannitol,26
29.5,B11_D-Mannitol,24
29.75,B11_D-Mannitol,18
30.0,B11_D-Mannitol,24
30.25,B11_D-Mannitol,22
30.5,B11_D-Mannitol,24
30.75,B11_D-Mannitol,22
31.0,B11_D-Mannitol,19
31.25,B11_D-Mannitol,24
31.5,B11_D-Mannitol,22
31.75,B11_D-Mannitol,26
32.0,B11_D-Mannitol,24
32.25,B11_D-Mannitol,26
32.5,B11_D-Mannitol,23
32.75,B11_D-Mannitol,24
33.0,B11_D-Mannitol,26
33.25,B11_D-Mannitol,23
33.5,B11_D-Mannitol,21
33.75,B11_D-Mannitol,21
34.0,B11_D-Mannitol,25
34.25,B11_D-Mannitol,21
34.5,B11_D-Mannitol,25
34.75,B11_D-Mannitol,21
35.0,B11_D-Mannitol,26
35.25,B11_D-Mannitol,24
35.5,B11_D-Mannitol,20
35.75,B11_D-Mannitol,23
36.0,B11_D-Mannitol,25
36.25,B11_D-Mannitol,25
36.5,B11_D-Mannitol,24
36.75,B11_D-Mannitol,26
37.0,B11_D-Mannitol,19
37.25,B11_D-Mannitol,23
37.5,B11_D-Mannitol,20
37.75,B11_D-Mannitol,19
38.0,B11_D-Mannitol,21
38.25,B11_D-Mannitol,23
38.5,B11_D-Mannitol,25
38.75,B11_D-Mannitol,22
39.0,B11_D-Mannitol,22
39.25,B11_D-Mannitol,22
39.5,B11_D-Mannitol,23
39.75,B11_D-Mannitol,23
40.0,B11_D-Mannitol,22
40.25,B11_D-Mannitol,23
40.5,B11_D-Mannitol,23
40.75,B11_D-Mannitol,19
41.0,B11_D-Mannitol,21
41.25,B11_D-Mannitol,21
41.5,B11_D-Mannitol,21
41.75,B11_D-Mannitol,22
42.0,B11_D-Mannitol,20
42.25,B11_D-Mannitol,25
42.5,B11_D-Mannitol,23
42.75,B11_D-Mannitol,19
43.0,B11_D-Mannitol,19
43.25,B11_D-Mannitol,21
43.5,B11_D-Mannitol,27
43.75,B11_D-Mannitol,18
44.0,B11_D-Mannitol,24
44.25,B11_D-Mannitol,19
44.5,B11_D-Mannitol,26
44.75,B11_D-Mannitol,20
45.0,B11_D-Mannitol,19
45.25,B11_D-Mannitol,23
45.5,B11_D-Mannitol,23
45.75,B11_D-Mannitol,20
46.0,B11_D-Mannitol,21
46.25,B11_D-Mannitol,21
46.5,B11_D-Mannitol,24
46.75,B11_D-Mannitol,28
47.0,B11_D-Mannitol,24
47.25,B11_D-Mannitol,22
47.5,B11_D-Mannitol,23
47.75,B11_D-Mannitol,24
48.0,B11_D-Mannitol,23
48.25,B11_D-Mannitol,26
0.0,B12_L-Glutamic_Acid,24
0.25,B12_L-Glutamic_Acid,19
0.5,B12_L-Glutamic_Acid,23
0.75,B12_L-Glutamic_Acid,21
1.0,B12_L-Glutamic_Acid,21
1.25,B12_L-Glutamic_Acid,22
1.5,B12_L-Glutamic_Acid,24
1.75,B12_L-Glutamic_Acid,20
2.0,B12_L-Glutamic_Acid,20
2.25,B12_L-Glutamic_Acid,14
2.5,B12_L-Glutamic_Acid,22
2.75,B12_L-Glutamic_Acid,25
3.0,B12_L-Glutamic_Acid,24
3.25,B12_L-Glutamic_Acid,22
3.5,B12_L-Glutamic_Acid,23
3.75,B12_L-Glutamic_Acid,18
4.0,B12_L-Glutamic_Acid,22
4.25,B12_L-Glutamic_Acid,26
4.5,B12_L-Glutamic_Acid,21
4.75,B12_L-Glutamic_Acid,21
5.0,B12_L-Glutamic_Acid,22
5.25,B12_L-Glutamic_Acid,21
5.5,B12_L-Glutamic_Acid,23
5.75,B12_L-Glutamic_Acid,21
6.0,B12_L-Glutamic_Acid,20
6.25,B12_L-Glutamic_Acid,24
6.5,B12_L-Glutamic_Acid,22
6.75,B12_L-Glutamic_Acid,23
7.0,B12_L-Glutamic_Acid,21
7.25,B12_L-Glutamic_Acid,23
7.5,B12_L-Glutamic_Acid,23
7.75,B12_L-Glutamic_Acid,24
8.0,B12_L-Glutamic_Acid,23
8.25,B12_L-Glutamic_Acid,23
8.5,B12_L-Glutamic_Acid,26
8.75,B12_L-Glutamic_Acid,21
9.0,B12_L-Glutamic_Acid,24
9.25,B12_L-Glutamic_Acid,22
9.5,B12_L-Glutamic_Acid,24
9.75,B12_L-Glutamic_Acid,23
10.0,B12_L-Glutamic_Acid,22
10.25,B12_L-Glutamic_Acid,23
10.5,B12_L-Glutamic_Acid,21
10.75,B12_L-Glutamic_Acid,25
11.0,B12_L-Glutamic_Acid,26
11.25,B12_L-Glutamic_Acid,27
11.5,B12_L-Glutamic_Acid,29
11.75,B12_L-Glutamic_Acid,24
12.0,B12_L-Glutamic_Acid,27
12.25,B12_L-Glutamic_Acid,31
12.5,B12_L-Glutamic_Acid,25
12.75,B12_L-Glutamic_Acid,28
13.0,B12_L-Glutamic_Acid,29
13.25,B12_L-Glutamic_Acid,30
13.5,B12_L-Glutamic_Acid,28
13.75,B12_L-Glutamic_Acid,29
14.0,B12_L-Glutamic_Acid,30
14.25,B12_L-Glutamic_Acid,33
14.5,B12_L-Glutamic_Acid,31
14.75,B12_L-Glutamic_Acid,34
15.0,B12_L-Glutamic_Acid,31
15.25,B12_L-Glutamic_Acid,30
15.5,B12_L-Glutamic_Acid,32
15.75,B12_L-Glutamic_Acid,37
16.0,B12_L-Glutamic_Acid,34
16.25,B12_L-Glutamic_Acid,32
16.5,B12_L-Glutamic_Acid,33
16.75,B12_L-Glutamic_Acid,35
17.0,B12_L-Glutamic_Acid,36
17.25,B12_L-Glutamic_Acid,35
17.5,B12_L-Glutamic_Acid,30
17.75,B12_L-Glutamic_Acid,33
18.0,B12_L-Glutamic_Acid,36
18.25,B12_L-Glutamic_Acid,36
18.5,B12_L-Glutamic_Acid,39
18.75,B12_L-Glutamic_Acid,34
19.0,B12_L-Glutamic_Acid,37
19.25,B12_L-Glutamic_Acid,39
19.5,B12_L-Glutamic_Acid,37
19.75,B12_L-Glutamic_Acid,37
20.0,B12_L-Glutamic_Acid,40
20.25,B12_L-Glutamic_Acid,39
20.5,B12_L-Glutamic_Acid,43
20.75,B12_L-Glutamic_Acid,39
21.0,B12_L-Glutamic_Acid,34
21.25,B12_L-Glutamic_Acid,39
21.5,B12_L-Glutamic_Acid,39
21.75,B12_L-Glutamic_Acid,40
22.0,B12_L-Glutamic_Acid,39
22.25,B12_L-Glutamic_Acid,40
22.5,B12_L-Glutamic_Acid,41
22.75,B12_L-Glutamic_Acid,40
23.0,B12_L-Glutamic_Acid,36
23.25,B12_L-Glutamic_Acid,42
23.5,B12_L-Glutamic_Acid,40
23.75,B12_L-Glutamic_Acid,40
24.0,B12_L-Glutamic_Acid,41
24.25,B12_L-Glutamic_Acid,41
24.5,B12_L-Glutamic_Acid,40
24.75,B12_L-Glutamic_Acid,39
25.0,B12_L-Glutamic_Acid,42
25.25,B12_L-Glutamic_Acid,45
25.5,B12_L-Glutamic_Acid,45
25.75,B12_L-Glutamic_Acid,43
26.0,B12_L-Glutamic_Acid,42
26.25,B12_L-Glutamic_Acid,43
26.5,B12_L-Glutamic_Acid,40
26.75,B12_L-Glutamic_Acid,44
27.0,B12_L-Glutamic_Acid,46
27.25,B12_L-Glutamic_Acid,42
27.5,B12_L-Glutamic_Acid,41
27.75,B12_L-Glutamic_Acid,45
28.0,B12_L-Glutamic_Acid,44
28.25,B12_L-Glutamic_Acid,50
28.5,B12_L-Glutamic_Acid,49
28.75,B12_L-Glutamic_Acid,47
29.0,B12_L-Glutamic_Acid,48
29.25,B12_L-Glutamic_Acid,45
29.5,B12_L-Glutamic_Acid,46
29.75,B12_L-Glutamic_Acid,47
30.0,B12_L-Glutamic_Acid,48
30.25,B12_L-Glutamic_Acid,47
30.5,B12_L-Glutamic_Acid,48
30.75,B12_L-Glutamic_Acid,50
31.0,B12_L-Glutamic_Acid,51
31.25,B12_L-Glutamic_Acid,49
31.5,B12_L-Glutamic_Acid,55
31.75,B12_L-Glutamic_Acid,52
32.0,B12_L-Glutamic_Acid,54
32.25,B12_L-Glutamic_Acid,49
32.5,B12_L-Glutamic_Acid,50
32.75,B12_L-Glutamic_Acid,54
33.0,B12_L-Glutamic_Acid,52
33.25,B12_L-Glutamic_Acid,48
33.5,B12_L-Glutamic_Acid,50
33.75,B12_L-Glutamic_Acid,51
34.0,B12_L-Glutamic_Acid,52
34.25,B12_L-Glutamic_Acid,52
34.5,B12_L-Glutamic_Acid,54
34.75,B12_L-Glutamic_Acid,52
35.0,B12_L-Glutamic_Acid,50
35.25,B12_L-Glutamic_Acid,54
35.5,B12_L-Glutamic_Acid,54
35.75,B12_L-Glutamic_Acid,51
36.0,B12_L-Glutamic_Acid,56
36.25,B12_L-Glutamic_Acid,50
36.5,B12_L-Glutamic_Acid,52
36.75,B12_L-Glutamic_Acid,51
37.0,B12_L-Glutamic_Acid,51
37.25,B12_L-Glutamic_Acid,56
37.5,B12_L-Glutamic_Acid,53
37.75,B12_L-Glutamic_Acid,53
38.0,B12_L-Glutamic_Acid,56
38.25,B12_L-Glutamic_Acid,57
38.5,B12_L-Glutamic_Acid,51
38.75,B12_L-Glutamic_Acid,57
39.0,B12_L-Glutamic_Acid,57
39.25,B12_L-Glutamic_Acid,54
39.5,B12_L-Glutamic_Acid,51
39.75,B12_L-Glutamic_Acid,58
40.0,B12_L-Glutamic_Acid,58
40.25,B12_L-Glutamic_Acid,58
40.5,B12_L-Glutamic_Acid,58
40.75,B12_L-Glutamic_Acid,55
41.0,B12_L-Glutamic_Acid,58
41.25,B12_L-Glutamic_Acid,54
41.5,B12_L-Glutamic_Acid,56
41.75,B12_L-Glutamic_Acid,58
42.0,B12_L-Glutamic_Acid,54
42.25,B12_L-Glutamic_Acid,58
42.5,B12_L-Glutamic_Acid,59
42.75,B12_L-Glutamic_Acid,61
43.0,B12_L-Glutamic_Acid,62
43.25,B12_L-Glutamic_Acid,60
43.5,B12_L-Glutamic_Acid,65
43.75,B12_L-Glutamic_Acid,63
44.0,B12_L-Glutamic_Acid,60
44.25,B12_L-Glutamic_Acid,60
44.5,B12_L-Glutamic_Acid,62
44.75,B12_L-Glutamic_Acid,57
45.0,B12_L-Glutamic_Acid,59
45.25,B12_L-Glutamic_Acid,59
45.5,B12_L-Glutamic_Acid,59
45.75,B12_L-Glutamic_Acid,59
46.0,B12_L-Glutamic_Acid,61
46.25,B12_L-Glutamic_Acid,63
46.5,B12_L-Glutamic_Acid,64
46.75,B12_L-Glutamic_Acid,62
47.0,B12_L-Glutamic_Acid,64
47.25,B12_L-Glutamic_Acid,65
47.5,B12_L-Glutamic_Acid,66
47.75,B12_L-Glutamic_Acid,64
48.0,B12_L-Glutamic_Acid,67
48.25,B12_L-Glutamic_Acid,65
0.0,C1_D-Glucose-6-Phosphate,22
0.25,C1_D-Glucose-6-Phosphate,18
0.5,C1_D-Glucose-6-Phosphate,20
0.75,C1_D-Glucose-6-Phosphate,21
1.0,C1_D-Glucose-6-Phosphate,22
1.25,C1_D-Glucose-6-Phosphate,21
1.5,C1_D-Glucose-6-Phosphate,21
1.75,C1_D-Glucose-6-Phosphate,17
2.0,C1_D-Glucose-6-Phosphate,17
2.25,C1_D-Glucose-6-Phosphate,18
2.5,C1_D-Glucose-6-Phosphate,19
2.75,C1_D-Glucose-6-Phosphate,14
3.0,C1_D-Glucose-6-Phosphate,17
3.25,C1_D-Glucose-6-Phosphate,18
3.5,C1_D-Glucose-6-Phosphate,21
3.75,C1_D-Glucose-6-Phosphate,16
4.0,C1_D-Glucose-6-Phosphate,18
4.25,C1_D-Glucose-6-Phosphate,16
4.5,C1_D-Glucose-6-Phosphate,18
4.75,C1_D-Glucose-6-Phosphate,19
5.0,C1_D-Glucose-6-Phosphate,16
5.25,C1_D-Glucose-6-Phosphate,18
5.5,C1_D-Glucose-6-Phosphate,19
5.75,C1_D-Glucose-6-Phosphate,16
6.0,C1_D-Glucose-6-Phosphate,22
6.25,C1_D-Glucose-6-Phosphate,15
6.5,C1_D-Glucose-6-Phosphate,19
6.75,C1_D-Glucose-6-Phosphate,20
7.0,C1_D-Glucose-6-Phosphate,24
7.25,C1_D-Glucose-6-Phosphate,20
7.5,C1_D-Glucose-6-Phosphate,20
7.75,C1_D-Glucose-6-Phosphate,21
8.0,C1_D-Glucose-6-Phosphate,20
8.25,C1_D-Glucose-6-Phosphate,20
8.5,C1_D-Glucose-6-Phosphate,22
8.75,C1_D-Glucose-6-Phosphate,17
9.0,C1_D-Glucose-6-Phosphate,19
9.25,C1_D-Glucose-6-Phosphate,16
9.5,C1_D-Glucose-6-Phosphate,18
9.75,C1_D-Glucose-6-Phosphate,23
10.0,C1_D-Glucose-6-Phosphate,20
10.25,C1_D-Glucose-6-Phosphate,24
10.5,C1_D-Glucose-6-Phosphate,23
10.75,C1_D-Glucose-6-Phosphate,24
11.0,C1_D-Glucose-6-Phosphate,20
11.25,C1_D-Glucose-6-Phosphate,21
11.5,C1_D-Glucose-6-Phosphate,21
11.75,C1_D-Glucose-6-Phosphate,21
12.0,C1_D-Glucose-6-Phosphate,22
12.25,C1_D-Glucose-6-Phosphate,24
12.5,C1_D-Glucose-6-Phosphate,25
12.75,C1_D-Glucose-6-Phosphate,26
13.0,C1_D-Glucose-6-Phosphate,21
13.25,C1_D-Glucose-6-Phosphate,25
13.5,C1_D-Glucose-6-Phosphate,23
13.75,C1_D-Glucose-6-Phosphate,25
14.0,C1_D-Glucose-6-Phosphate,23
14.25,C1_D-Glucose-6-Phosphate,23
14.5,C1_D-Glucose-6-Phosphate,22
14.75,C1_D-Glucose-6-Phosphate,24
15.0,C1_D-Glucose-6-Phosphate,25
15.25,C1_D-Glucose-6-Phosphate,23
15.5,C1_D-Glucose-6-Phosphate,24
15.75,C1_D-Glucose-6-Phosphate,25
16.0,C1_D-Glucose-6-Phosphate,24
16.25,C1_D-Glucose-6-Phosphate,22
16.5,C1_D-Glucose-6-Phosphate,28
16.75,C1_D-Glucose-6-Phosphate,20
17.0,C1_D-Glucose-6-Phosphate,26
17.25,C1_D-Glucose-6-Phosphate,27
17.5,C1_D-Glucose-6-Phosphate,27
17.75,C1_D-Glucose-6-Phosphate,26
18.0,C1_D-Glucose-6-Phosphate,26
18.25,C1_D-Glucose-6-Phosphate,23
18.5,C1_D-Glucose-6-Phosphate,28
18.75,C1_D-Glucose-6-Phosphate,29
19.0,C1_D-Glucose-6-Phosphate,28
19.25,C1_D-Glucose-6-Phosphate,28
19.5,C1_D-Glucose-6-Phosphate,25
19.75,C1_D-Glucose-6-Phosphate,29
20.0,C1_D-Glucose-6-Phosphate,26
20.25,C1_D-Glucose-6-Phosphate,28
20.5,C1_D-Glucose-6-Phosphate,23
20.75,C1_D-Glucose-6-Phosphate,31
21.0,C1_D-Glucose-6-Phosphate,24
21.25,C1_D-Glucose-6-Phosphate,25
21.5,C1_D-Glucose-6-Phosphate,28
21.75,C1_D-Glucose-6-Phosphate,28
22.0,C1_D-Glucose-6-Phosphate,29
22.25,C1_D-Glucose-6-Phosphate,31
22.5,C1_D-Glucose-6-Phosphate,25
22.75,C1_D-Glucose-6-Phosphate,26
23.0,C1_D-Glucose-6-Phosphate,28
23.25,C1_D-Glucose-6-Phosphate,23
23.5,C1_D-Glucose-6-Phosphate,28
23.75,C1_D-Glucose-6-Phosphate,25
24.0,C1_D-Glucose-6-Phosphate,29
24.25,C1_D-Glucose-6-Phosphate,28
24.5,C1_D-Glucose-6-Phosphate,22
24.75,C1_D-Glucose-6-Phosphate,27
25.0,C1_D-Glucose-6-Phosphate,29
25.25,C1_D-Glucose-6-Phosphate,32
25.5,C1_D-Glucose-6-Phosphate,28
25.75,C1_D-Glucose-6-Phosphate,25
26.0,C1_D-Glucose-6-Phosphate,27
26.25,C1_D-Glucose-6-Phosphate,28
26.5,C1_D-Glucose-6-Phosphate,21
26.75,C1_D-Glucose-6-Phosphate,28
27.0,C1_D-Glucose-6-Phosphate,30
27.25,C1_D-Glucose-6-Phosphate,27
27.5,C1_D-Glucose-6-Phosphate,24
27.75,C1_D-Glucose-6-Phosphate,28
28.0,C1_D-Glucose-6-Phosphate,28
28.25,C1_D-Glucose-6-Phosphate,27
28.5,C1_D-Glucose-6-Phosphate,27
28.75,C1_D-Glucose-6-Phosphate,30
29.0,C1_D-Glucose-6-Phosphate,26
29.25,C1_D-Glucose-6-Phosphate,24
29.5,C1_D-Glucose-6-Phosphate,28
29.75,C1_D-Glucose-6-Phosphate,27
30.0,C1_D-Glucose-6-Phosphate,31
30.25,C1_D-Glucose-6-Phosphate,24
30.5,C1_D-Glucose-6-Phosphate,27
30.75,C1_D-Glucose-6-Phosphate,26
31.0,C1_D-Glucose-6-Phosphate,20
31.25,C1_D-Glucose-6-Phosphate,29
31.5,C1_D-Glucose-6-Phosphate,26
31.75,C1_D-Glucose-6-Phosphate,28
32.0,C1_D-Glucose-6-Phosphate,24
32.25,C1_D-Glucose-6-Phosphate,29
32.5,C1_D-Glucose-6-Phosphate,24
32.75,C1_D-Glucose-6-Phosphate,22
33.0,C1_D-Glucose-6-Phosphate,25
33.25,C1_D-Glucose-6-Phosphate,24
33.5,C1_D-Glucose-6-Phosphate,31
33.75,C1_D-Glucose-6-Phosphate,23
34.0,C1_D-Glucose-6-Phosphate,27
34.25,C1_D-Glucose-6-Phosphate,27
34.5,C1_D-Glucose-6-Phosphate,27
34.75,C1_D-Glucose-6-Phosphate,28
35.0,C1_D-Glucose-6-Phosphate,28
35.25,C1_D-Glucose-6-Phosphate,27
35.5,C1_D-Glucose-6-Phosphate,27
35.75,C1_D-Glucose-6-Phosphate,26
36.0,C1_D-Glucose-6-Phosphate,28
36.25,C1_D-Glucose-6-Phosphate,27
36.5,C1_D-Glucose-6-Phosphate,30
36.75,C1_D-Glucose-6-Phosphate,28
37.0,C1_D-Glucose-6-Phosphate,27
37.25,C1_D-Glucose-6-Phosphate,26
37.5,C1_D-Glucose-6-Phosphate,27
37.75,C1_D-Glucose-6-Phosphate,29
38.0,C1_D-Glucose-6-Phosphate,21
38.25,C1_D-Glucose-6-Phosphate,27
38.5,C1_D-Glucose-6-Phosphate,22
38.75,C1_D-Glucose-6-Phosphate,25
39.0,C1_D-Glucose-6-Phosphate,27
39.25,C1_D-Glucose-6-Phosphate,30
39.5,C1_D-Glucose-6-Phosphate,27
39.75,C1_D-Glucose-6-Phosphate,26
40.0,C1_D-Glucose-6-Phosphate,28
40.25,C1_D-Glucose-6-Phosphate,26
40.5,C1_D-Glucose-6-Phosphate,27
40.75,C1_D-Glucose-6-Phosphate,25
41.0,C1_D-Glucose-6-Phosphate,27
41.25,C1_D-Glucose-6-Phosphate,24
41.5,C1_D-Glucose-6-Phosphate,30
41.75,C1_D-Glucose-6-Phosphate,27
42.0,C1_D-Glucose-6-Phosphate,28
42.25,C1_D-Glucose-6-Phosphate,30
42.5,C1_D-Glucose-6-Phosphate,26
42.75,C1_D-Glucose-6-Phosphate,28
43.0,C1_D-Glucose-6-Phosphate,26
43.25,C1_D-Glucose-6-Phosphate,27
43.5,C1_D-Glucose-6-Phosphate,26
43.75,C1_D-Glucose-6-Phosphate,26
44.0,C1_D-Glucose-6-Phosphate,26
44.25,C1_D-Glucose-6-Phosphate,26
44.5,C1_D-Glucose-6-Phosphate,27
44.75,C1_D-Glucose-6-Phosphate,25
45.0,C1_D-Glucose-6-Phosphate,24
45.25,C1_D-Glucose-6-Phosphate,27
45.5,C1_D-Glucose-6-Phosphate,24
45.75,C1_D-Glucose-6-Phosphate,25
46.0,C1_D-Glucose-6-Phosphate,27
46.25,C1_D-Glucose-6-Phosphate,29
46.5,C1_D-Glucose-6-Phosphate,27
46.75,C1_D-Glucose-6-Phosphate,27
47.0,C1_D-Glucose-6-Phosphate,32
47.25,C1_D-Glucose-6-Phosphate,26
47.5,C1_D-Glucose-6-Phosphate,35
47.75,C1_D-Glucose-6-Phosphate,31
48.0,C1_D-Glucose-6-Phosphate,29
48.25,C1_D-Glucose-6-Phosphate,31
0.0,C2_D-GalactonicAcid-g-Lactone,11
0.25,C2_D-GalactonicAcid-g-Lactone,11
0.5,C2_D-GalactonicAcid-g-Lactone,11
0.75,C2_D-GalactonicAcid-g-Lactone,11
1.0,C2_D-GalactonicAcid-g-Lactone,11
1.25,C2_D-GalactonicAcid-g-Lactone,11
1.5,C2_D-GalactonicAcid-g-Lactone,11
1.75,C2_D-GalactonicAcid-g-Lactone,11
2.0,C2_D-GalactonicAcid-g-Lactone,11
2.25,C2_D-GalactonicAcid-g-Lactone,11
2.5,C2_D-GalactonicAcid-g-Lactone,11
2.75,C2_D-GalactonicAcid-g-Lactone,11
3.0,C2_D-GalactonicAcid-g-Lactone,11
3.25,C2_D-GalactonicAcid-g-Lactone,11
3.5,C2_D-GalactonicAcid-g-Lactone,11
3.75,C2_D-GalactonicAcid-g-Lactone,11
4.0,C2_D-GalactonicAcid-g-Lactone,11
4.25,C2_D-GalactonicAcid-g-Lactone,11
4.5,C2_D-GalactonicAcid-g-Lactone,11
4.75,C2_D-GalactonicAcid-g-Lactone,11
5.0,C2_D-GalactonicAcid-g-Lactone,13
5.25,C2_D-GalactonicAcid-g-Lactone,11
5.5,C2_D-GalactonicAcid-g-Lactone,11
5.75,C2_D-GalactonicAcid-g-Lactone,11
6.0,C2_D-GalactonicAcid-g-Lactone,11
6.25,C2_D-GalactonicAcid-g-Lactone,11
6.5,C2_D-GalactonicAcid-g-Lactone,12
6.75,C2_D-GalactonicAcid-g-Lactone,11
7.0,C2_D-GalactonicAcid-g-Lactone,11
7.25,C2_D-GalactonicAcid-g-Lactone,11
7.5,C2_D-GalactonicAcid-g-Lactone,11
7.75,C2_D-GalactonicAcid-g-Lactone,11
8.0,C2_D-GalactonicAcid-g-Lactone,11
8.25,C2_D-GalactonicAcid-g-Lactone,11
8.5,C2_D-GalactonicAcid-g-Lactone,11
8.75,C2_D-GalactonicAcid-g-Lactone,11
9.0,C2_D-GalactonicAcid-g-Lactone,11
9.25,C2_D-GalactonicAcid-g-Lactone,16
9.5,C2_D-GalactonicAcid-g-Lactone,11
9.75,C2_D-GalactonicAcid-g-Lactone,11
10.0,C2_D-GalactonicAcid-g-Lactone,11
10.25,C2_D-GalactonicAcid-g-Lactone,11
10.5,C2_D-GalactonicAcid-g-Lactone,11
10.75,C2_D-GalactonicAcid-g-Lactone,11
11.0,C2_D-GalactonicAcid-g-Lactone,11
11.25,C2_D-GalactonicAcid-g-Lactone,12
11.5,C2_D-GalactonicAcid-g-Lactone,11
11.75,C2_D-GalactonicAcid-g-Lactone,11
12.0,C2_D-GalactonicAcid-g-Lactone,11
12.25,C2_D-GalactonicAcid-g-Lactone,11
12.5,C2_D-GalactonicAcid-g-Lactone,11
12.75,C2_D-GalactonicAcid-g-Lactone,11
13.0,C2_D-GalactonicAcid-g-Lactone,11
13.25,C2_D-GalactonicAcid-g-Lactone,11
13.5,C2_D-GalactonicAcid-g-Lactone,11
13.75,C2_D-GalactonicAcid-g-Lactone,11
14.0,C2_D-GalactonicAcid-g-Lactone,11
14.25,C2_D-GalactonicAcid-g-Lactone,11
14.5,C2_D-GalactonicAcid-g-Lactone,11
14.75,C2_D-GalactonicAcid-g-Lactone,11
15.0,C2_D-GalactonicAcid-g-Lactone,11
15.25,C2_D-GalactonicAcid-g-Lactone,11
15.5,C2_D-GalactonicAcid-g-Lactone,11
15.75,C2_D-GalactonicAcid-g-Lactone,12
16.0,C2_D-GalactonicAcid-g-Lactone,13
16.25,C2_D-GalactonicAcid-g-Lactone,11
16.5,C2_D-GalactonicAcid-g-Lactone,11
16.75,C2_D-GalactonicAcid-g-Lactone,11
17.0,C2_D-GalactonicAcid-g-Lactone,12
17.25,C2_D-GalactonicAcid-g-Lactone,11
17.5,C2_D-GalactonicAcid-g-Lactone,11
17.75,C2_D-GalactonicAcid-g-Lactone,12
18.0,C2_D-GalactonicAcid-g-Lactone,12
18.25,C2_D-GalactonicAcid-g-Lactone,13
18.5,C2_D-GalactonicAcid-g-Lactone,14
18.75,C2_D-GalactonicAcid-g-Lactone,13
19.0,C2_D-GalactonicAcid-g-Lactone,12
19.25,C2_D-GalactonicAcid-g-Lactone,13
19.5,C2_D-GalactonicAcid-g-Lactone,13
19.75,C2_D-GalactonicAcid-g-Lactone,11
20.0,C2_D-GalactonicAcid-g-Lactone,16
20.25,C2_D-GalactonicAcid-g-Lactone,13
20.5,C2_D-GalactonicAcid-g-Lactone,15
20.75,C2_D-GalactonicAcid-g-Lactone,13
21.0,C2_D-GalactonicAcid-g-Lactone,15
21.25,C2_D-GalactonicAcid-g-Lactone,13
21.5,C2_D-GalactonicAcid-g-Lactone,11
21.75,C2_D-GalactonicAcid-g-Lactone,14
22.0,C2_D-GalactonicAcid-g-Lactone,14
22.25,C2_D-GalactonicAcid-g-Lactone,13
22.5,C2_D-GalactonicAcid-g-Lactone,17
22.75,C2_D-GalactonicAcid-g-Lactone,15
23.0,C2_D-GalactonicAcid-g-Lactone,15
23.25,C2_D-GalactonicAcid-g-Lactone,13
23.5,C2_D-GalactonicAcid-g-Lactone,16
23.75,C2_D-GalactonicAcid-g-Lactone,17
24.0,C2_D-GalactonicAcid-g-Lactone,12
24.25,C2_D-GalactonicAcid-g-Lactone,15
24.5,C2_D-GalactonicAcid-g-Lactone,14
24.75,C2_D-GalactonicAcid-g-Lactone,13
25.0,C2_D-GalactonicAcid-g-Lactone,15
25.25,C2_D-GalactonicAcid-g-Lactone,16
25.5,C2_D-GalactonicAcid-g-Lactone,12
25.75,C2_D-GalactonicAcid-g-Lactone,13
26.0,C2_D-GalactonicAcid-g-Lactone,19
26.25,C2_D-GalactonicAcid-g-Lactone,16
26.5,C2_D-GalactonicAcid-g-Lactone,16
26.75,C2_D-GalactonicAcid-g-Lactone,16
27.0,C2_D-GalactonicAcid-g-Lactone,14
27.25,C2_D-GalactonicAcid-g-Lactone,16
27.5,C2_D-GalactonicAcid-g-Lactone,15
27.75,C2_D-GalactonicAcid-g-Lactone,13
28.0,C2_D-GalactonicAcid-g-Lactone,16
28.25,C2_D-GalactonicAcid-g-Lactone,19
28.5,C2_D-GalactonicAcid-g-Lactone,11
28.75,C2_D-GalactonicAcid-g-Lactone,16
29.0,C2_D-GalactonicAcid-g-Lactone,18
29.25,C2_D-GalactonicAcid-g-Lactone,15
29.5,C2_D-GalactonicAcid-g-Lactone,13
29.75,C2_D-GalactonicAcid-g-Lactone,15
30.0,C2_D-GalactonicAcid-g-Lactone,13
30.25,C2_D-GalactonicAcid-g-Lactone,14
30.5,C2_D-GalactonicAcid-g-Lactone,15
30.75,C2_D-GalactonicAcid-g-Lactone,16
31.0,C2_D-GalactonicAcid-g-Lactone,14
31.25,C2_D-GalactonicAcid-g-Lactone,11
31.5,C2_D-GalactonicAcid-g-Lactone,14
31.75,C2_D-GalactonicAcid-g-Lactone,15
32.0,C2_D-GalactonicAcid-g-Lactone,15
32.25,C2_D-GalactonicAcid-g-Lactone,13
32.5,C2_D-GalactonicAcid-g-Lactone,13
32.75,C2_D-GalactonicAcid-g-Lactone,15
33.0,C2_D-GalactonicAcid-g-Lactone,19
33.25,C2_D-GalactonicAcid-g-Lactone,13
33.5,C2_D-GalactonicAcid-g-Lactone,14
33.75,C2_D-GalactonicAcid-g-Lactone,15
34.0,C2_D-GalactonicAcid-g-Lactone,13
34.25,C2_D-GalactonicAcid-g-Lactone,16
34.5,C2_D-GalactonicAcid-g-Lactone,18
34.75,C2_D-GalactonicAcid-g-Lactone,15
35.0,C2_D-GalactonicAcid-g-Lactone,15
35.25,C2_D-GalactonicAcid-g-Lactone,13
35.5,C2_D-GalactonicAcid-g-Lactone,16
35.75,C2_D-GalactonicAcid-g-Lactone,18
36.0,C2_D-GalactonicAcid-g-Lactone,18
36.25,C2_D-GalactonicAcid-g-Lactone,15
36.5,C2_D-GalactonicAcid-g-Lactone,15
36.75,C2_D-GalactonicAcid-g-Lactone,18
37.0,C2_D-GalactonicAcid-g-Lactone,18
37.25,C2_D-GalactonicAcid-g-Lactone,19
37.5,C2_D-GalactonicAcid-g-Lactone,16
37.75,C2_D-GalactonicAcid-g-Lactone,14
38.0,C2_D-GalactonicAcid-g-Lactone,15
38.25,C2_D-GalactonicAcid-g-Lactone,17
38.5,C2_D-GalactonicAcid-g-Lactone,14
38.75,C2_D-GalactonicAcid-g-Lactone,15
39.0,C2_D-GalactonicAcid-g-Lactone,17
39.25,C2_D-GalactonicAcid-g-Lactone,16
39.5,C2_D-GalactonicAcid-g-Lactone,16
39.75,C2_D-GalactonicAcid-g-Lactone,19
40.0,C2_D-GalactonicAcid-g-Lactone,15
40.25,C2_D-GalactonicAcid-g-Lactone,16
40.5,C2_D-GalactonicAcid-g-Lactone,17
40.75,C2_D-GalactonicAcid-g-Lactone,18
41.0,C2_D-GalactonicAcid-g-Lactone,15
41.25,C2_D-GalactonicAcid-g-Lactone,15
41.5,C2_D-GalactonicAcid-g-Lactone,15
41.75,C2_D-GalactonicAcid-g-Lactone,18
42.0,C2_D-GalactonicAcid-g-Lactone,16
42.25,C2_D-GalactonicAcid-g-Lactone,17
42.5,C2_D-GalactonicAcid-g-Lactone,21
42.75,C2_D-GalactonicAcid-g-Lactone,18
43.0,C2_D-GalactonicAcid-g-Lactone,17
43.25,C2_D-GalactonicAcid-g-Lactone,17
43.5,C2_D-GalactonicAcid-g-Lactone,21
43.75,C2_D-GalactonicAcid-g-Lactone,15
44.0,C2_D-GalactonicAcid-g-Lactone,14
44.25,C2_D-GalactonicAcid-g-Lactone,15
44.5,C2_D-GalactonicAcid-g-Lactone,12
44.75,C2_D-GalactonicAcid-g-Lactone,18
45.0,C2_D-GalactonicAcid-g-Lactone,20
45.25,C2_D-GalactonicAcid-g-Lactone,14
45.5,C2_D-GalactonicAcid-g-Lactone,16
45.75,C2_D-GalactonicAcid-g-Lactone,17
46.0,C2_D-GalactonicAcid-g-Lactone,15
46.25,C2_D-GalactonicAcid-g-Lactone,18
46.5,C2_D-GalactonicAcid-g-Lactone,19
46.75,C2_D-GalactonicAcid-g-Lactone,19
47.0,C2_D-GalactonicAcid-g-Lactone,17
47.25,C2_D-GalactonicAcid-g-Lactone,13
47.5,C2_D-GalactonicAcid-g-Lactone,20
47.75,C2_D-GalactonicAcid-g-Lactone,20
48.0,C2_D-GalactonicAcid-g-Lactone,16
48.25,C2_D-GalactonicAcid-g-Lactone,18
0.0,C3_D-L-Malic_Acid,11
0.25,C3_D-L-Malic_Acid,11
0.5,C3_D-L-Malic_Acid,11
0.75,C3_D-L-Malic_Acid,11
1.0,C3_D-L-Malic_Acid,11
1.25,C3_D-L-Malic_Acid,12
1.5,C3_D-L-Malic_Acid,11
1.75,C3_D-L-Malic_Acid,11
2.0,C3_D-L-Malic_Acid,11
2.25,C3_D-L-Malic_Acid,11
2.5,C3_D-L-Malic_Acid,11
2.75,C3_D-L-Malic_Acid,11
3.0,C3_D-L-Malic_Acid,11
3.25,C3_D-L-Malic_Acid,11
3.5,C3_D-L-Malic_Acid,11
3.75,C3_D-L-Malic_Acid,11
4.0,C3_D-L-Malic_Acid,11
4.25,C3_D-L-Malic_Acid,11
4.5,C3_D-L-Malic_Acid,11
4.75,C3_D-L-Malic_Acid,11
5.0,C3_D-L-Malic_Acid,11
5.25,C3_D-L-Malic_Acid,12
5.5,C3_D-L-Malic_Acid,11
5.75,C3_D-L-Malic_Acid,11
6.0,C3_D-L-Malic_Acid,11
6.25,C3_D-L-Malic_Acid,11
6.5,C3_D-L-Malic_Acid,11
6.75,C3_D-L-Malic_Acid,11
7.0,C3_D-L-Malic_Acid,11
7.25,C3_D-L-Malic_Acid,11
7.5,C3_D-L-Malic_Acid,11
7.75,C3_D-L-Malic_Acid,11
8.0,C3_D-L-Malic_Acid,11
8.25,C3_D-L-Malic_Acid,11
8.5,C3_D-L-Malic_Acid,11
8.75,C3_D-L-Malic_Acid,11
9.0,C3_D-L-Malic_Acid,12
9.25,C3_D-L-Malic_Acid,11
9.5,C3_D-L-Malic_Acid,11
9.75,C3_D-L-Malic_Acid,11
10.0,C3_D-L-Malic_Acid,11
10.25,C3_D-L-Malic_Acid,11
10.5,C3_D-L-Malic_Acid,11
10.75,C3_D-L-Malic_Acid,11
11.0,C3_D-L-Malic_Acid,11
11.25,C3_D-L-Malic_Acid,11
11.5,C3_D-L-Malic_Acid,11
11.75,C3_D-L-Malic_Acid,12
12.0,C3_D-L-Malic_Acid,11
12.25,C3_D-L-Malic_Acid,11
12.5,C3_D-L-Malic_Acid,12
12.75,C3_D-L-Malic_Acid,11
13.0,C3_D-L-Malic_Acid,11
13.25,C3_D-L-Malic_Acid,12
13.5,C3_D-L-Malic_Acid,11
13.75,C3_D-L-Malic_Acid,12
14.0,C3_D-L-Malic_Acid,12
14.25,C3_D-L-Malic_Acid,11
14.5,C3_D-L-Malic_Acid,11
14.75,C3_D-L-Malic_Acid,11
15.0,C3_D-L-Malic_Acid,11
15.25,C3_D-L-Malic_Acid,17
15.5,C3_D-L-Malic_Acid,12
15.75,C3_D-L-Malic_Acid,15
16.0,C3_D-L-Malic_Acid,14
16.25,C3_D-L-Malic_Acid,14
16.5,C3_D-L-Malic_Acid,11
16.75,C3_D-L-Malic_Acid,15
17.0,C3_D-L-Malic_Acid,14
17.25,C3_D-L-Malic_Acid,13
17.5,C3_D-L-Malic_Acid,11
17.75,C3_D-L-Malic_Acid,15
18.0,C3_D-L-Malic_Acid,16
18.25,C3_D-L-Malic_Acid,23
18.5,C3_D-L-Malic_Acid,15
18.75,C3_D-L-Malic_Acid,20
19.0,C3_D-L-Malic_Acid,18
19.25,C3_D-L-Malic_Acid,17
19.5,C3_D-L-Malic_Acid,17
19.75,C3_D-L-Malic_Acid,15
20.0,C3_D-L-Malic_Acid,17
20.25,C3_D-L-Malic_Acid,15
20.5,C3_D-L-Malic_Acid,21
20.75,C3_D-L-Malic_Acid,19
21.0,C3_D-L-Malic_Acid,17
21.25,C3_D-L-Malic_Acid,22
21.5,C3_D-L-Malic_Acid,17
21.75,C3_D-L-Malic_Acid,18
22.0,C3_D-L-Malic_Acid,21
22.25,C3_D-L-Malic_Acid,17
22.5,C3_D-L-Malic_Acid,21
22.75,C3_D-L-Malic_Acid,20
23.0,C3_D-L-Malic_Acid,21
23.25,C3_D-L-Malic_Acid,18
23.5,C3_D-L-Malic_Acid,23
23.75,C3_D-L-Malic_Acid,25
24.0,C3_D-L-Malic_Acid,21
24.25,C3_D-L-Malic_Acid,21
24.5,C3_D-L-Malic_Acid,23
24.75,C3_D-L-Malic_Acid,23
25.0,C3_D-L-Malic_Acid,16
25.25,C3_D-L-Malic_Acid,21
25.5,C3_D-L-Malic_Acid,20
25.75,C3_D-L-Malic_Acid,17
26.0,C3_D-L-Malic_Acid,19
26.25,C3_D-L-Malic_Acid,17
26.5,C3_D-L-Malic_Acid,21
26.75,C3_D-L-Malic_Acid,20
27.0,C3_D-L-Malic_Acid,24
27.25,C3_D-L-Malic_Acid,19
27.5,C3_D-L-Malic_Acid,22
27.75,C3_D-L-Malic_Acid,21
28.0,C3_D-L-Malic_Acid,23
28.25,C3_D-L-Malic_Acid,21
28.5,C3_D-L-Malic_Acid,26
28.75,C3_D-L-Malic_Acid,23
29.0,C3_D-L-Malic_Acid,25
29.25,C3_D-L-Malic_Acid,24
29.5,C3_D-L-Malic_Acid,27
29.75,C3_D-L-Malic_Acid,24
30.0,C3_D-L-Malic_Acid,25
30.25,C3_D-L-Malic_Acid,24
30.5,C3_D-L-Malic_Acid,26
30.75,C3_D-L-Malic_Acid,25
31.0,C3_D-L-Malic_Acid,22
31.25,C3_D-L-Malic_Acid,25
31.5,C3_D-L-Malic_Acid,21
31.75,C3_D-L-Malic_Acid,21
32.0,C3_D-L-Malic_Acid,27
32.25,C3_D-L-Malic_Acid,24
32.5,C3_D-L-Malic_Acid,21
32.75,C3_D-L-Malic_Acid,22
33.0,C3_D-L-Malic_Acid,26
33.25,C3_D-L-Malic_Acid,28
33.5,C3_D-L-Malic_Acid,25
33.75,C3_D-L-Malic_Acid,26
34.0,C3_D-L-Malic_Acid,25
34.25,C3_D-L-Malic_Acid,29
34.5,C3_D-L-Malic_Acid,28
34.75,C3_D-L-Malic_Acid,27
35.0,C3_D-L-Malic_Acid,28
35.25,C3_D-L-Malic_Acid,31
35.5,C3_D-L-Malic_Acid,29
35.75,C3_D-L-Malic_Acid,25
36.0,C3_D-L-Malic_Acid,26
36.25,C3_D-L-Malic_Acid,27
36.5,C3_D-L-Malic_Acid,29
36.75,C3_D-L-Malic_Acid,30
37.0,C3_D-L-Malic_Acid,28
37.25,C3_D-L-Malic_Acid,28
37.5,C3_D-L-Malic_Acid,23
37.75,C3_D-L-Malic_Acid,27
38.0,C3_D-L-Malic_Acid,26
38.25,C3_D-L-Malic_Acid,27
38.5,C3_D-L-Malic_Acid,27
38.75,C3_D-L-Malic_Acid,25
39.0,C3_D-L-Malic_Acid,29
39.25,C3_D-L-Malic_Acid,28
39.5,C3_D-L-Malic_Acid,30
39.75,C3_D-L-Malic_Acid,28
40.0,C3_D-L-Malic_Acid,25
40.25,C3_D-L-Malic_Acid,27
40.5,C3_D-L-Malic_Acid,28
40.75,C3_D-L-Malic_Acid,32
41.0,C3_D-L-Malic_Acid,32
41.25,C3_D-L-Malic_Acid,29
41.5,C3_D-L-Malic_Acid,32
41.75,C3_D-L-Malic_Acid,30
42.0,C3_D-L-Malic_Acid,33
42.25,C3_D-L-Malic_Acid,30
42.5,C3_D-L-Malic_Acid,28
42.75,C3_D-L-Malic_Acid,35
43.0,C3_D-L-Malic_Acid,30
43.25,C3_D-L-Malic_Acid,32
43.5,C3_D-L-Malic_Acid,33
43.75,C3_D-L-Malic_Acid,31
44.0,C3_D-L-Malic_Acid,29
44.25,C3_D-L-Malic_Acid,29
44.5,C3_D-L-Malic_Acid,33
44.75,C3_D-L-Malic_Acid,28
45.0,C3_D-L-Malic_Acid,34
45.25,C3_D-L-Malic_Acid,34
45.5,C3_D-L-Malic_Acid,31
45.75,C3_D-L-Malic_Acid,32
46.0,C3_D-L-Malic_Acid,35
46.25,C3_D-L-Malic_Acid,35
46.5,C3_D-L-Malic_Acid,40
46.75,C3_D-L-Malic_Acid,35
47.0,C3_D-L-Malic_Acid,34
47.25,C3_D-L-Malic_Acid,36
47.5,C3_D-L-Malic_Acid,33
47.75,C3_D-L-Malic_Acid,37
48.0,C3_D-L-Malic_Acid,40
48.25,C3_D-L-Malic_Acid,34
0.0,C4_D-Ribose,40
0.25,C4_D-Ribose,49
0.5,C4_D-Ribose,52
0.75,C4_D-Ribose,56
1.0,C4_D-Ribose,51
1.25,C4_D-Ribose,60
1.5,C4_D-Ribose,58
1.75,C4_D-Ribose,56
2.0,C4_D-Ribose,56
2.25,C4_D-Ribose,59
2.5,C4_D-Ribose,58
2.75,C4_D-Ribose,60
3.0,C4_D-Ribose,57
3.25,C4_D-Ribose,60
3.5,C4_D-Ribose,62
3.75,C4_D-Ribose,60
4.0,C4_D-Ribose,58
4.25,C4_D-Ribose,61
4.5,C4_D-Ribose,58
4.75,C4_D-Ribose,63
5.0,C4_D-Ribose,66
5.25,C4_D-Ribose,63
5.5,C4_D-Ribose,55
5.75,C4_D-Ribose,61
6.0,C4_D-Ribose,58
6.25,C4_D-Ribose,57
6.5,C4_D-Ribose,61
6.75,C4_D-Ribose,61
7.0,C4_D-Ribose,59
7.25,C4_D-Ribose,59
7.5,C4_D-Ribose,56
7.75,C4_D-Ribose,60
8.0,C4_D-Ribose,64
8.25,C4_D-Ribose,61
8.5,C4_D-Ribose,62
8.75,C4_D-Ribose,66
9.0,C4_D-Ribose,61
9.25,C4_D-Ribose,67
9.5,C4_D-Ribose,60
9.75,C4_D-Ribose,62
10.0,C4_D-Ribose,61
10.25,C4_D-Ribose,63
10.5,C4_D-Ribose,64
10.75,C4_D-Ribose,59
11.0,C4_D-Ribose,59
11.25,C4_D-Ribose,61
11.5,C4_D-Ribose,62
11.75,C4_D-Ribose,61
12.0,C4_D-Ribose,63
12.25,C4_D-Ribose,64
12.5,C4_D-Ribose,65
12.75,C4_D-Ribose,59
13.0,C4_D-Ribose,58
13.25,C4_D-Ribose,65
13.5,C4_D-Ribose,58
13.75,C4_D-Ribose,67
14.0,C4_D-Ribose,61
14.25,C4_D-Ribose,63
14.5,C4_D-Ribose,62
14.75,C4_D-Ribose,62
15.0,C4_D-Ribose,62
15.25,C4_D-Ribose,61
15.5,C4_D-Ribose,62
15.75,C4_D-Ribose,63
16.0,C4_D-Ribose,64
16.25,C4_D-Ribose,62
16.5,C4_D-Ribose,59
16.75,C4_D-Ribose,61
17.0,C4_D-Ribose,73
17.25,C4_D-Ribose,63
17.5,C4_D-Ribose,63
17.75,C4_D-Ribose,62
18.0,C4_D-Ribose,64
18.25,C4_D-Ribose,71
18.5,C4_D-Ribose,62
18.75,C4_D-Ribose,65
19.0,C4_D-Ribose,66
19.25,C4_D-Ribose,59
19.5,C4_D-Ribose,67
19.75,C4_D-Ribose,61
20.0,C4_D-Ribose,68
20.25,C4_D-Ribose,67
20.5,C4_D-Ribose,65
20.75,C4_D-Ribose,64
21.0,C4_D-Ribose,67
21.25,C4_D-Ribose,68
21.5,C4_D-Ribose,65
21.75,C4_D-Ribose,67
22.0,C4_D-Ribose,68
22.25,C4_D-Ribose,69
22.5,C4_D-Ribose,59
22.75,C4_D-Ribose,63
23.0,C4_D-Ribose,61
23.25,C4_D-Ribose,65
23.5,C4_D-Ribose,62
23.75,C4_D-Ribose,63
24.0,C4_D-Ribose,64
24.25,C4_D-Ribose,62
24.5,C4_D-Ribose,69
24.75,C4_D-Ribose,64
25.0,C4_D-Ribose,64
25.25,C4_D-Ribose,60
25.5,C4_D-Ribose,67
25.75,C4_D-Ribose,66
26.0,C4_D-Ribose,63
26.25,C4_D-Ribose,65
26.5,C4_D-Ribose,68
26.75,C4_D-Ribose,66
27.0,C4_D-Ribose,64
27.25,C4_D-Ribose,69
27.5,C4_D-Ribose,67
27.75,C4_D-Ribose,61
28.0,C4_D-Ribose,65
28.25,C4_D-Ribose,67
28.5,C4_D-Ribose,63
28.75,C4_D-Ribose,64
29.0,C4_D-Ribose,65
29.25,C4_D-Ribose,70
29.5,C4_D-Ribose,67
29.75,C4_D-Ribose,66
30.0,C4_D-Ribose,64
30.25,C4_D-Ribose,65
30.5,C4_D-Ribose,66
30.75,C4_D-Ribose,65
31.0,C4_D-Ribose,66
31.25,C4_D-Ribose,63
31.5,C4_D-Ribose,68
31.75,C4_D-Ribose,66
32.0,C4_D-Ribose,65
32.25,C4_D-Ribose,66
32.5,C4_D-Ribose,70
32.75,C4_D-Ribose,67
33.0,C4_D-Ribose,66
33.25,C4_D-Ribose,68
33.5,C4_D-Ribose,64
33.75,C4_D-Ribose,69
34.0,C4_D-Ribose,65
34.25,C4_D-Ribose,66
34.5,C4_D-Ribose,65
34.75,C4_D-Ribose,63
35.0,C4_D-Ribose,69
35.25,C4_D-Ribose,65
35.5,C4_D-Ribose,67
35.75,C4_D-Ribose,68
36.0,C4_D-Ribose,69
36.25,C4_D-Ribose,61
36.5,C4_D-Ribose,70
36.75,C4_D-Ribose,68
37.0,C4_D-Ribose,64
37.25,C4_D-Ribose,66
37.5,C4_D-Ribose,66
37.75,C4_D-Ribose,65
38.0,C4_D-Ribose,66
38.25,C4_D-Ribose,65
38.5,C4_D-Ribose,68
38.75,C4_D-Ribose,66
39.0,C4_D-Ribose,68
39.25,C4_D-Ribose,69
39.5,C4_D-Ribose,66
39.75,C4_D-Ribose,67
40.0,C4_D-Ribose,68
40.25,C4_D-Ribose,68
40.5,C4_D-Ribose,68
40.75,C4_D-Ribose,68
41.0,C4_D-Ribose,69
41.25,C4_D-Ribose,66
41.5,C4_D-Ribose,67
41.75,C4_D-Ribose,65
42.0,C4_D-Ribose,67
42.25,C4_D-Ribose,65
42.5,C4_D-Ribose,69
42.75,C4_D-Ribose,71
43.0,C4_D-Ribose,67
43.25,C4_D-Ribose,69
43.5,C4_D-Ribose,68
43.75,C4_D-Ribose,67
44.0,C4_D-Ribose,67
44.25,C4_D-Ribose,65
44.5,C4_D-Ribose,67
44.75,C4_D-Ribose,66
45.0,C4_D-Ribose,68
45.25,C4_D-Ribose,68
45.5,C4_D-Ribose,70
45.75,C4_D-Ribose,67
46.0,C4_D-Ribose,67
46.25,C4_D-Ribose,74
46.5,C4_D-Ribose,68
46.75,C4_D-Ribose,72
47.0,C4_D-Ribose,70
47.25,C4_D-Ribose,70
47.5,C4_D-Ribose,76
47.75,C4_D-Ribose,72
48.0,C4_D-Ribose,69
48.25,C4_D-Ribose,70
0.0,C5_Tween_20,11
0.25,C5_Tween_20,11
0.5,C5_Tween_20,11
0.75,C5_Tween_20,11
1.0,C5_Tween_20,11
1.25,C5_Tween_20,11
1.5,C5_Tween_20,11
1.75,C5_Tween_20,11
2.0,C5_Tween_20,11
2.25,C5_Tween_20,11
2.5,C5_Tween_20,11
2.75,C5_Tween_20,11
3.0,C5_Tween_20,11
3.25,C5_Tween_20,11
3.5,C5_Tween_20,11
3.75,C5_Tween_20,11
4.0,C5_Tween_20,11
4.25,C5_Tween_20,11
4.5,C5_Tween_20,11
4.75,C5_Tween_20,12
5.0,C5_Tween_20,11
5.25,C5_Tween_20,12
5.5,C5_Tween_20,11
5.75,C5_Tween_20,11
6.0,C5_Tween_20,14
6.25,C5_Tween_20,11
6.5,C5_Tween_20,11
6.75,C5_Tween_20,11
7.0,C5_Tween_20,11
7.25,C5_Tween_20,11
7.5,C5_Tween_20,11
7.75,C5_Tween_20,11
8.0,C5_Tween_20,11
8.25,C5_Tween_20,11
8.5,C5_Tween_20,11
8.75,C5_Tween_20,11
9.0,C5_Tween_20,11
9.25,C5_Tween_20,11
9.5,C5_Tween_20,11
9.75,C5_Tween_20,11
10.0,C5_Tween_20,11
10.25,C5_Tween_20,11
10.5,C5_Tween_20,11
10.75,C5_Tween_20,11
11.0,C5_Tween_20,11
11.25,C5_Tween_20,11
11.5,C5_Tween_20,11
11.75,C5_Tween_20,11
12.0,C5_Tween_20,11
12.25,C5_Tween_20,11
12.5,C5_Tween_20,11
12.75,C5_Tween_20,11
13.0,C5_Tween_20,11
13.25,C5_Tween_20,11
13.5,C5_Tween_20,11
13.75,C5_Tween_20,11
14.0,C5_Tween_20,11
14.25,C5_Tween_20,11
14.5,C5_Tween_20,11
14.75,C5_Tween_20,11
15.0,C5_Tween_20,11
15.25,C5_Tween_20,11
15.5,C5_Tween_20,11
15.75,C5_Tween_20,11
16.0,C5_Tween_20,11
16.25,C5_Tween_20,11
16.5,C5_Tween_20,11
16.75,C5_Tween_20,11
17.0,C5_Tween_20,11
17.25,C5_Tween_20,11
17.5,C5_Tween_20,11
17.75,C5_Tween_20,11
18.0,C5_Tween_20,11
18.25,C5_Tween_20,11
18.5,C5_Tween_20,11
18.75,C5_Tween_20,11
19.0,C5_Tween_20,11
19.25,C5_Tween_20,12
19.5,C5_Tween_20,11
19.75,C5_Tween_20,11
20.0,C5_Tween_20,12
20.25,C5_Tween_20,12
20.5,C5_Tween_20,13
20.75,C5_Tween_20,11
21.0,C5_Tween_20,11
21.25,C5_Tween_20,11
21.5,C5_Tween_20,12
21.75,C5_Tween_20,11
22.0,C5_Tween_20,11
22.25,C5_Tween_20,11
22.5,C5_Tween_20,11
22.75,C5_Tween_20,11
23.0,C5_Tween_20,11
23.25,C5_Tween_20,11
23.5,C5_Tween_20,11
23.75,C5_Tween_20,11
24.0,C5_Tween_20,13
24.25,C5_Tween_20,11
24.5,C5_Tween_20,11
24.75,C5_Tween_20,11
25.0,C5_Tween_20,11
25.25,C5_Tween_20,11
25.5,C5_Tween_20,11
25.75,C5_Tween_20,11
26.0,C5_Tween_20,12
26.25,C5_Tween_20,11
26.5,C5_Tween_20,11
26.75,C5_Tween_20,11
27.0,C5_Tween_20,11
27.25,C5_Tween_20,11
27.5,C5_Tween_20,11
27.75,C5_Tween_20,13
28.0,C5_Tween_20,11
28.25,C5_Tween_20,11
28.5,C5_Tween_20,11
28.75,C5_Tween_20,11
29.0,C5_Tween_20,12
29.25,C5_Tween_20,12
29.5,C5_Tween_20,11
29.75,C5_Tween_20,12
30.0,C5_Tween_20,11
30.25,C5_Tween_20,11
30.5,C5_Tween_20,11
30.75,C5_Tween_20,11
31.0,C5_Tween_20,11
31.25,C5_Tween_20,12
31.5,C5_Tween_20,12
31.75,C5_Tween_20,14
32.0,C5_Tween_20,12
32.25,C5_Tween_20,11
32.5,C5_Tween_20,11
32.75,C5_Tween_20,11
33.0,C5_Tween_20,11
33.25,C5_Tween_20,11
33.5,C5_Tween_20,11
33.75,C5_Tween_20,11
34.0,C5_Tween_20,11
34.25,C5_Tween_20,12
34.5,C5_Tween_20,11
34.75,C5_Tween_20,11
35.0,C5_Tween_20,11
35.25,C5_Tween_20,13
35.5,C5_Tween_20,11
35.75,C5_Tween_20,11
36.0,C5_Tween_20,12
36.25,C5_Tween_20,11
36.5,C5_Tween_20,11
36.75,C5_Tween_20,11
37.0,C5_Tween_20,12
37.25,C5_Tween_20,11
37.5,C5_Tween_20,13
37.75,C5_Tween_20,11
38.0,C5_Tween_20,11
38.25,C5_Tween_20,11
38.5,C5_Tween_20,11
38.75,C5_Tween_20,12
39.0,C5_Tween_20,11
39.25,C5_Tween_20,11
39.5,C5_Tween_20,11
39.75,C5_Tween_20,12
40.0,C5_Tween_20,11
40.25,C5_Tween_20,11
40.5,C5_Tween_20,11
40.75,C5_Tween_20,11
41.0,C5_Tween_20,11
41.25,C5_Tween_20,12
41.5,C5_Tween_20,12
41.75,C5_Tween_20,11
42.0,C5_Tween_20,11
42.25,C5_Tween_20,11
42.5,C5_Tween_20,12
42.75,C5_Tween_20,11
43.0,C5_Tween_20,12
43.25,C5_Tween_20,13
43.5,C5_Tween_20,11
43.75,C5_Tween_20,11
44.0,C5_Tween_20,12
44.25,C5_Tween_20,11
44.5,C5_Tween_20,11
44.75,C5_Tween_20,13
45.0,C5_Tween_20,11
45.25,C5_Tween_20,12
45.5,C5_Tween_20,11
45.75,C5_Tween_20,11
46.0,C5_Tween_20,12
46.25,C5_Tween_20,12
46.5,C5_Tween_20,11
46.75,C5_Tween_20,11
47.0,C5_Tween_20,11
47.25,C5_Tween_20,11
47.5,C5_Tween_20,14
47.75,C5_Tween_20,12
48.0,C5_Tween_20,11
48.25,C5_Tween_20,13
0.0,C6_L-Rhamnose,11
0.25,C6_L-Rhamnose,11
0.5,C6_L-Rhamnose,11
0.75,C6_L-Rhamnose,11
1.0,C6_L-Rhamnose,11
1.25,C6_L-Rhamnose,11
1.5,C6_L-Rhamnose,11
1.75,C6_L-Rhamnose,11
2.0,C6_L-Rhamnose,11
2.25,C6_L-Rhamnose,11
2.5,C6_L-Rhamnose,11
2.75,C6_L-Rhamnose,11
3.0,C6_L-Rhamnose,11
3.25,C6_L-Rhamnose,11
3.5,C6_L-Rhamnose,14
3.75,C6_L-Rhamnose,11
4.0,C6_L-Rhamnose,11
4.25,C6_L-Rhamnose,11
4.5,C6_L-Rhamnose,11
4.75,C6_L-Rhamnose,11
5.0,C6_L-Rhamnose,11
5.25,C6_L-Rhamnose,11
5.5,C6_L-Rhamnose,11
5.75,C6_L-Rhamnose,11
6.0,C6_L-Rhamnose,11
6.25,C6_L-Rhamnose,11
6.5,C6_L-Rhamnose,11
6.75,C6_L-Rhamnose,11
7.0,C6_L-Rhamnose,11
7.25,C6_L-Rhamnose,11
7.5,C6_L-Rhamnose,11
7.75,C6_L-Rhamnose,11
8.0,C6_L-Rhamnose,11
8.25,C6_L-Rhamnose,11
8.5,C6_L-Rhamnose,11
8.75,C6_L-Rhamnose,11
9.0,C6_L-Rhamnose,11
9.25,C6_L-Rhamnose,11
9.5,C6_L-Rhamnose,11
9.75,C6_L-Rhamnose,11
10.0,C6_L-Rhamnose,11
10.25,C6_L-Rhamnose,11
10.5,C6_L-Rhamnose,11
10.75,C6_L-Rhamnose,12
11.0,C6_L-Rhamnose,11
11.25,C6_L-Rhamnose,11
11.5,C6_L-Rhamnose,11
11.75,C6_L-Rhamnose,11
12.0,C6_L-Rhamnose,11
12.25,C6_L-Rhamnose,11
12.5,C6_L-Rhamnose,11
12.75,C6_L-Rhamnose,11
13.0,C6_L-Rhamnose,11
13.25,C6_L-Rhamnose,11
13.5,C6_L-Rhamnose,11
13.75,C6_L-Rhamnose,13
14.0,C6_L-Rhamnose,11
14.25,C6_L-Rhamnose,11
14.5,C6_L-Rhamnose,11
14.75,C6_L-Rhamnose,11
15.0,C6_L-Rhamnose,11
15.25,C6_L-Rhamnose,11
15.5,C6_L-Rhamnose,11
15.75,C6_L-Rhamnose,12
16.0,C6_L-Rhamnose,11
16.25,C6_L-Rhamnose,13
16.5,C6_L-Rhamnose,11
16.75,C6_L-Rhamnose,11
17.0,C6_L-Rhamnose,19
17.25,C6_L-Rhamnose,11
17.5,C6_L-Rhamnose,13
17.75,C6_L-Rhamnose,11
18.0,C6_L-Rhamnose,11
18.25,C6_L-Rhamnose,11
18.5,C6_L-Rhamnose,14
18.75,C6_L-Rhamnose,12
19.0,C6_L-Rhamnose,15
19.25,C6_L-Rhamnose,11
19.5,C6_L-Rhamnose,13
19.75,C6_L-Rhamnose,16
20.0,C6_L-Rhamnose,16
20.25,C6_L-Rhamnose,11
20.5,C6_L-Rhamnose,13
20.75,C6_L-Rhamnose,15
21.0,C6_L-Rhamnose,15
21.25,C6_L-Rhamnose,17
21.5,C6_L-Rhamnose,14
21.75,C6_L-Rhamnose,11
22.0,C6_L-Rhamnose,12
22.25,C6_L-Rhamnose,12
22.5,C6_L-Rhamnose,13
22.75,C6_L-Rhamnose,12
23.0,C6_L-Rhamnose,11
23.25,C6_L-Rhamnose,12
23.5,C6_L-Rhamnose,16
23.75,C6_L-Rhamnose,12
24.0,C6_L-Rhamnose,14
24.25,C6_L-Rhamnose,15
24.5,C6_L-Rhamnose,13
24.75,C6_L-Rhamnose,16
25.0,C6_L-Rhamnose,15
25.25,C6_L-Rhamnose,11
25.5,C6_L-Rhamnose,13
25.75,C6_L-Rhamnose,11
26.0,C6_L-Rhamnose,15
26.25,C6_L-Rhamnose,17
26.5,C6_L-Rhamnose,16
26.75,C6_L-Rhamnose,13
27.0,C6_L-Rhamnose,17
27.25,C6_L-Rhamnose,16
27.5,C6_L-Rhamnose,17
27.75,C6_L-Rhamnose,17
28.0,C6_L-Rhamnose,16
28.25,C6_L-Rhamnose,13
28.5,C6_L-Rhamnose,14
28.75,C6_L-Rhamnose,15
29.0,C6_L-Rhamnose,14
29.25,C6_L-Rhamnose,18
29.5,C6_L-Rhamnose,12
29.75,C6_L-Rhamnose,15
30.0,C6_L-Rhamnose,13
30.25,C6_L-Rhamnose,13
30.5,C6_L-Rhamnose,15
30.75,C6_L-Rhamnose,16
31.0,C6_L-Rhamnose,13
31.25,C6_L-Rhamnose,11
31.5,C6_L-Rhamnose,15
31.75,C6_L-Rhamnose,16
32.0,C6_L-Rhamnose,15
32.25,C6_L-Rhamnose,14
32.5,C6_L-Rhamnose,16
32.75,C6_L-Rhamnose,14
33.0,C6_L-Rhamnose,18
33.25,C6_L-Rhamnose,14
33.5,C6_L-Rhamnose,15
33.75,C6_L-Rhamnose,16
34.0,C6_L-Rhamnose,17
34.25,C6_L-Rhamnose,15
34.5,C6_L-Rhamnose,17
34.75,C6_L-Rhamnose,14
35.0,C6_L-Rhamnose,13
35.25,C6_L-Rhamnose,17
35.5,C6_L-Rhamnose,11
35.75,C6_L-Rhamnose,19
36.0,C6_L-Rhamnose,11
36.25,C6_L-Rhamnose,14
36.5,C6_L-Rhamnose,21
36.75,C6_L-Rhamnose,21
37.0,C6_L-Rhamnose,11
37.25,C6_L-Rhamnose,14
37.5,C6_L-Rhamnose,15
37.75,C6_L-Rhamnose,14
38.0,C6_L-Rhamnose,13
38.25,C6_L-Rhamnose,16
38.5,C6_L-Rhamnose,14
38.75,C6_L-Rhamnose,11
39.0,C6_L-Rhamnose,17
39.25,C6_L-Rhamnose,14
39.5,C6_L-Rhamnose,14
39.75,C6_L-Rhamnose,16
40.0,C6_L-Rhamnose,15
40.25,C6_L-Rhamnose,14
40.5,C6_L-Rhamnose,15
40.75,C6_L-Rhamnose,19
41.0,C6_L-Rhamnose,14
41.25,C6_L-Rhamnose,15
41.5,C6_L-Rhamnose,17
41.75,C6_L-Rhamnose,18
42.0,C6_L-Rhamnose,19
42.25,C6_L-Rhamnose,16
42.5,C6_L-Rhamnose,15
42.75,C6_L-Rhamnose,15
43.0,C6_L-Rhamnose,19
43.25,C6_L-Rhamnose,16
43.5,C6_L-Rhamnose,17
43.75,C6_L-Rhamnose,16
44.0,C6_L-Rhamnose,13
44.25,C6_L-Rhamnose,15
44.5,C6_L-Rhamnose,15
44.75,C6_L-Rhamnose,14
45.0,C6_L-Rhamnose,14
45.25,C6_L-Rhamnose,14
45.5,C6_L-Rhamnose,15
45.75,C6_L-Rhamnose,17
46.0,C6_L-Rhamnose,16
46.25,C6_L-Rhamnose,16
46.5,C6_L-Rhamnose,20
46.75,C6_L-Rhamnose,18
47.0,C6_L-Rhamnose,19
47.25,C6_L-Rhamnose,14
47.5,C6_L-Rhamnose,17
47.75,C6_L-Rhamnose,18
48.0,C6_L-Rhamnose,15
48.25,C6_L-Rhamnose,17
0.0,C7_D-Fructose,11
0.25,C7_D-Fructose,11
0.5,C7_D-Fructose,11
0.75,C7_D-Fructose,11
1.0,C7_D-Fructose,11
1.25,C7_D-Fructose,11
1.5,C7_D-Fructose,11
1.75,C7_D-Fructose,11
2.0,C7_D-Fructose,11
2.25,C7_D-Fructose,11
2.5,C7_D-Fructose,11
2.75,C7_D-Fructose,11
3.0,C7_D-Fructose,11
3.25,C7_D-Fructose,11
3.5,C7_D-Fructose,11
3.75,C7_D-Fructose,11
4.0,C7_D-Fructose,11
4.25,C7_D-Fructose,11
4.5,C7_D-Fructose,11
4.75,C7_D-Fructose,11
5.0,C7_D-Fructose,11
5.25,C7_D-Fructose,11
5.5,C7_D-Fructose,11
5.75,C7_D-Fructose,11
6.0,C7_D-Fructose,11
6.25,C7_D-Fructose,11
6.5,C7_D-Fructose,11
6.75,C7_D-Fructose,11
7.0,C7_D-Fructose,11
7.25,C7_D-Fructose,11
7.5,C7_D-Fructose,11
7.75,C7_D-Fructose,11
8.0,C7_D-Fructose,11
8.25,C7_D-Fructose,11
8.5,C7_D-Fructose,11
8.75,C7_D-Fructose,11
9.0,C7_D-Fructose,11
9.25,C7_D-Fructose,12
9.5,C7_D-Fructose,11
9.75,C7_D-Fructose,11
10.0,C7_D-Fructose,11
10.25,C7_D-Fructose,11
10.5,C7_D-Fructose,11
10.75,C7_D-Fructose,11
11.0,C7_D-Fructose,11
11.25,C7_D-Fructose,11
11.5,C7_D-Fructose,11
11.75,C7_D-Fructose,11
12.0,C7_D-Fructose,11
12.25,C7_D-Fructose,11
12.5,C7_D-Fructose,11
12.75,C7_D-Fructose,11
13.0,C7_D-Fructose,11
13.25,C7_D-Fructose,11
13.5,C7_D-Fructose,11
13.75,C7_D-Fructose,12
14.0,C7_D-Fructose,11
14.25,C7_D-Fructose,11
14.5,C7_D-Fructose,11
14.75,C7_D-Fructose,13
15.0,C7_D-Fructose,12
15.25,C7_D-Fructose,11
15.5,C7_D-Fructose,11
15.75,C7_D-Fructose,12
16.0,C7_D-Fructose,12
16.25,C7_D-Fructose,11
16.5,C7_D-Fructose,11
16.75,C7_D-Fructose,11
17.0,C7_D-Fructose,15
17.25,C7_D-Fructose,11
17.5,C7_D-Fructose,11
17.75,C7_D-Fructose,11
18.0,C7_D-Fructose,11
18.25,C7_D-Fructose,17
18.5,C7_D-Fructose,16
18.75,C7_D-Fructose,12
19.0,C7_D-Fructose,12
19.25,C7_D-Fructose,17
19.5,C7_D-Fructose,14
19.75,C7_D-Fructose,14
20.0,C7_D-Fructose,16
20.25,C7_D-Fructose,13
20.5,C7_D-Fructose,14
20.75,C7_D-Fructose,14
21.0,C7_D-Fructose,15
21.25,C7_D-Fructose,14
21.5,C7_D-Fructose,13
21.75,C7_D-Fructose,14
22.0,C7_D-Fructose,15
22.25,C7_D-Fructose,14
22.5,C7_D-Fructose,16
22.75,C7_D-Fructose,14
23.0,C7_D-Fructose,14
23.25,C7_D-Fructose,14
23.5,C7_D-Fructose,19
23.75,C7_D-Fructose,15
24.0,C7_D-Fructose,15
24.25,C7_D-Fructose,17
24.5,C7_D-Fructose,16
24.75,C7_D-Fructose,17
25.0,C7_D-Fructose,14
25.25,C7_D-Fructose,22
25.5,C7_D-Fructose,21
25.75,C7_D-Fructose,15
26.0,C7_D-Fructose,13
26.25,C7_D-Fructose,14
26.5,C7_D-Fructose,15
26.75,C7_D-Fructose,15
27.0,C7_D-Fructose,16
27.25,C7_D-Fructose,13
27.5,C7_D-Fructose,13
27.75,C7_D-Fructose,14
28.0,C7_D-Fructose,15
28.25,C7_D-Fructose,14
28.5,C7_D-Fructose,17
28.75,C7_D-Fructose,16
29.0,C7_D-Fructose,18
29.25,C7_D-Fructose,19
29.5,C7_D-Fructose,18
29.75,C7_D-Fructose,15
30.0,C7_D-Fructose,15
30.25,C7_D-Fructose,13
30.5,C7_D-Fructose,15
30.75,C7_D-Fructose,16
31.0,C7_D-Fructose,16
31.25,C7_D-Fructose,15
31.5,C7_D-Fructose,17
31.75,C7_D-Fructose,20
32.0,C7_D-Fructose,16
32.25,C7_D-Fructose,16
32.5,C7_D-Fructose,14
32.75,C7_D-Fructose,16
33.0,C7_D-Fructose,18
33.25,C7_D-Fructose,18
33.5,C7_D-Fructose,17
33.75,C7_D-Fructose,14
34.0,C7_D-Fructose,15
34.25,C7_D-Fructose,17
34.5,C7_D-Fructose,16
34.75,C7_D-Fructose,14
35.0,C7_D-Fructose,15
35.25,C7_D-Fructose,16
35.5,C7_D-Fructose,16
35.75,C7_D-Fructose,15
36.0,C7_D-Fructose,19
36.25,C7_D-Fructose,16
36.5,C7_D-Fructose,19
36.75,C7_D-Fructose,16
37.0,C7_D-Fructose,17
37.25,C7_D-Fructose,14
37.5,C7_D-Fructose,12
37.75,C7_D-Fructose,15
38.0,C7_D-Fructose,17
38.25,C7_D-Fructose,17
38.5,C7_D-Fructose,16
38.75,C7_D-Fructose,15
39.0,C7_D-Fructose,20
39.25,C7_D-Fructose,16
39.5,C7_D-Fructose,15
39.75,C7_D-Fructose,18
40.0,C7_D-Fructose,20
40.25,C7_D-Fructose,12
40.5,C7_D-Fructose,18
40.75,C7_D-Fructose,17
41.0,C7_D-Fructose,16
41.25,C7_D-Fructose,15
41.5,C7_D-Fructose,18
41.75,C7_D-Fructose,16
42.0,C7_D-Fructose,18
42.25,C7_D-Fructose,21
42.5,C7_D-Fructose,18
42.75,C7_D-Fructose,14
43.0,C7_D-Fructose,11
43.25,C7_D-Fructose,19
43.5,C7_D-Fructose,19
43.75,C7_D-Fructose,18
44.0,C7_D-Fructose,15
44.25,C7_D-Fructose,15
44.5,C7_D-Fructose,12
44.75,C7_D-Fructose,19
45.0,C7_D-Fructose,14
45.25,C7_D-Fructose,15
45.5,C7_D-Fructose,17
45.75,C7_D-Fructose,17
46.0,C7_D-Fructose,16
46.25,C7_D-Fructose,18
46.5,C7_D-Fructose,18
46.75,C7_D-Fructose,18
47.0,C7_D-Fructose,18
47.25,C7_D-Fructose,21
47.5,C7_D-Fructose,19
47.75,C7_D-Fructose,20
48.0,C7_D-Fructose,19
48.25,C7_D-Fructose,19
0.0,C8_Acetic_Acid,11
0.25,C8_Acetic_Acid,11
0.5,C8_Acetic_Acid,11
0.75,C8_Acetic_Acid,11
1.0,C8_Acetic_Acid,11
1.25,C8_Acetic_Acid,11
1.5,C8_Acetic_Acid,11
1.75,C8_Acetic_Acid,11
2.0,C8_Acetic_Acid,11
2.25,C8_Acetic_Acid,11
2.5,C8_Acetic_Acid,11
2.75,C8_Acetic_Acid,11
3.0,C8_Acetic_Acid,11
3.25,C8_Acetic_Acid,11
3.5,C8_Acetic_Acid,11
3.75,C8_Acetic_Acid,11
4.0,C8_Acetic_Acid,11
4.25,C8_Acetic_Acid,11
4.5,C8_Acetic_Acid,11
4.75,C8_Acetic_Acid,11
5.0,C8_Acetic_Acid,11
5.25,C8_Acetic_Acid,11
5.5,C8_Acetic_Acid,11
5.75,C8_Acetic_Acid,11
6.0,C8_Acetic_Acid,11
6.25,C8_Acetic_Acid,11
6.5,C8_Acetic_Acid,11
6.75,C8_Acetic_Acid,11
7.0,C8_Acetic_Acid,11
7.25,C8_Acetic_Acid,11
7.5,C8_Acetic_Acid,11
7.75,C8_Acetic_Acid,11
8.0,C8_Acetic_Acid,12
8.25,C8_Acetic_Acid,11
8.5,C8_Acetic_Acid,11
8.75,C8_Acetic_Acid,14
9.0,C8_Acetic_Acid,11
9.25,C8_Acetic_Acid,11
9.5,C8_Acetic_Acid,11
9.75,C8_Acetic_Acid,11
10.0,C8_Acetic_Acid,11
10.25,C8_Acetic_Acid,11
10.5,C8_Acetic_Acid,11
10.75,C8_Acetic_Acid,11
11.0,C8_Acetic_Acid,11
11.25,C8_Acetic_Acid,11
11.5,C8_Acetic_Acid,11
11.75,C8_Acetic_Acid,11
12.0,C8_Acetic_Acid,11
12.25,C8_Acetic_Acid,11
12.5,C8_Acetic_Acid,11
12.75,C8_Acetic_Acid,11
13.0,C8_Acetic_Acid,11
13.25,C8_Acetic_Acid,11
13.5,C8_Acetic_Acid,11
13.75,C8_Acetic_Acid,13
14.0,C8_Acetic_Acid,11
14.25,C8_Acetic_Acid,12
14.5,C8_Acetic_Acid,11
14.75,C8_Acetic_Acid,11
15.0,C8_Acetic_Acid,12
15.25,C8_Acetic_Acid,11
15.5,C8_Acetic_Acid,14
15.75,C8_Acetic_Acid,14
16.0,C8_Acetic_Acid,11
16.25,C8_Acetic_Acid,11
16.5,C8_Acetic_Acid,11
16.75,C8_Acetic_Acid,15
17.0,C8_Acetic_Acid,16
17.25,C8_Acetic_Acid,11
17.5,C8_Acetic_Acid,12
17.75,C8_Acetic_Acid,15
18.0,C8_Acetic_Acid,15
18.25,C8_Acetic_Acid,18
18.5,C8_Acetic_Acid,18
18.75,C8_Acetic_Acid,17
19.0,C8_Acetic_Acid,14
19.25,C8_Acetic_Acid,14
19.5,C8_Acetic_Acid,21
19.75,C8_Acetic_Acid,20
20.0,C8_Acetic_Acid,20
20.25,C8_Acetic_Acid,16
20.5,C8_Acetic_Acid,17
20.75,C8_Acetic_Acid,17
21.0,C8_Acetic_Acid,14
21.25,C8_Acetic_Acid,17
21.5,C8_Acetic_Acid,12
21.75,C8_Acetic_Acid,13
22.0,C8_Acetic_Acid,19
22.25,C8_Acetic_Acid,15
22.5,C8_Acetic_Acid,13
22.75,C8_Acetic_Acid,18
23.0,C8_Acetic_Acid,15
23.25,C8_Acetic_Acid,21
23.5,C8_Acetic_Acid,18
23.75,C8_Acetic_Acid,15
24.0,C8_Acetic_Acid,19
24.25,C8_Acetic_Acid,19
24.5,C8_Acetic_Acid,17
24.75,C8_Acetic_Acid,21
25.0,C8_Acetic_Acid,12
25.25,C8_Acetic_Acid,22
25.5,C8_Acetic_Acid,17
25.75,C8_Acetic_Acid,19
26.0,C8_Acetic_Acid,20
26.25,C8_Acetic_Acid,18
26.5,C8_Acetic_Acid,21
26.75,C8_Acetic_Acid,19
27.0,C8_Acetic_Acid,18
27.25,C8_Acetic_Acid,20
27.5,C8_Acetic_Acid,18
27.75,C8_Acetic_Acid,20
28.0,C8_Acetic_Acid,21
28.25,C8_Acetic_Acid,20
28.5,C8_Acetic_Acid,24
28.75,C8_Acetic_Acid,19
29.0,C8_Acetic_Acid,25
29.25,C8_Acetic_Acid,20
29.5,C8_Acetic_Acid,20
29.75,C8_Acetic_Acid,22
30.0,C8_Acetic_Acid,22
30.25,C8_Acetic_Acid,17
30.5,C8_Acetic_Acid,19
30.75,C8_Acetic_Acid,21
31.0,C8_Acetic_Acid,23
31.25,C8_Acetic_Acid,18
31.5,C8_Acetic_Acid,21
31.75,C8_Acetic_Acid,19
32.0,C8_Acetic_Acid,23
32.25,C8_Acetic_Acid,22
32.5,C8_Acetic_Acid,24
32.75,C8_Acetic_Acid,22
33.0,C8_Acetic_Acid,22
33.25,C8_Acetic_Acid,23
33.5,C8_Acetic_Acid,20
33.75,C8_Acetic_Acid,24
34.0,C8_Acetic_Acid,24
34.25,C8_Acetic_Acid,23
34.5,C8_Acetic_Acid,22
34.75,C8_Acetic_Acid,25
35.0,C8_Acetic_Acid,23
35.25,C8_Acetic_Acid,21
35.5,C8_Acetic_Acid,21
35.75,C8_Acetic_Acid,22
36.0,C8_Acetic_Acid,27
36.25,C8_Acetic_Acid,23
36.5,C8_Acetic_Acid,24
36.75,C8_Acetic_Acid,23
37.0,C8_Acetic_Acid,23
37.25,C8_Acetic_Acid,22
37.5,C8_Acetic_Acid,19
37.75,C8_Acetic_Acid,28
38.0,C8_Acetic_Acid,26
38.25,C8_Acetic_Acid,26
38.5,C8_Acetic_Acid,28
38.75,C8_Acetic_Acid,25
39.0,C8_Acetic_Acid,23
39.25,C8_Acetic_Acid,25
39.5,C8_Acetic_Acid,24
39.75,C8_Acetic_Acid,30
40.0,C8_Acetic_Acid,26
40.25,C8_Acetic_Acid,21
40.5,C8_Acetic_Acid,30
40.75,C8_Acetic_Acid,23
41.0,C8_Acetic_Acid,26
41.25,C8_Acetic_Acid,26
41.5,C8_Acetic_Acid,23
41.75,C8_Acetic_Acid,28
42.0,C8_Acetic_Acid,29
42.25,C8_Acetic_Acid,30
42.5,C8_Acetic_Acid,27
42.75,C8_Acetic_Acid,27
43.0,C8_Acetic_Acid,29
43.25,C8_Acetic_Acid,26
43.5,C8_Acetic_Acid,25
43.75,C8_Acetic_Acid,28
44.0,C8_Acetic_Acid,28
44.25,C8_Acetic_Acid,29
44.5,C8_Acetic_Acid,27
44.75,C8_Acetic_Acid,30
45.0,C8_Acetic_Acid,28
45.25,C8_Acetic_Acid,28
45.5,C8_Acetic_Acid,27
45.75,C8_Acetic_Acid,26
46.0,C8_Acetic_Acid,29
46.25,C8_Acetic_Acid,31
46.5,C8_Acetic_Acid,34
46.75,C8_Acetic_Acid,32
47.0,C8_Acetic_Acid,30
47.25,C8_Acetic_Acid,33
47.5,C8_Acetic_Acid,31
47.75,C8_Acetic_Acid,34
48.0,C8_Acetic_Acid,35
48.25,C8_Acetic_Acid,37
0.0,C9_a-D-Glucose,11
0.25,C9_a-D-Glucose,11
0.5,C9_a-D-Glucose,14
0.75,C9_a-D-Glucose,15
1.0,C9_a-D-Glucose,11
1.25,C9_a-D-Glucose,12
1.5,C9_a-D-Glucose,11
1.75,C9_a-D-Glucose,11
2.0,C9_a-D-Glucose,11
2.25,C9_a-D-Glucose,11
2.5,C9_a-D-Glucose,11
2.75,C9_a-D-Glucose,11
3.0,C9_a-D-Glucose,11
3.25,C9_a-D-Glucose,11
3.5,C9_a-D-Glucose,11
3.75,C9_a-D-Glucose,11
4.0,C9_a-D-Glucose,13
4.25,C9_a-D-Glucose,11
4.5,C9_a-D-Glucose,11
4.75,C9_a-D-Glucose,12
5.0,C9_a-D-Glucose,11
5.25,C9_a-D-Glucose,11
5.5,C9_a-D-Glucose,11
5.75,C9_a-D-Glucose,11
6.0,C9_a-D-Glucose,11
6.25,C9_a-D-Glucose,11
6.5,C9_a-D-Glucose,12
6.75,C9_a-D-Glucose,15
7.0,C9_a-D-Glucose,11
7.25,C9_a-D-Glucose,12
7.5,C9_a-D-Glucose,11
7.75,C9_a-D-Glucose,12
8.0,C9_a-D-Glucose,15
8.25,C9_a-D-Glucose,17
8.5,C9_a-D-Glucose,11
8.75,C9_a-D-Glucose,14
9.0,C9_a-D-Glucose,14
9.25,C9_a-D-Glucose,12
9.5,C9_a-D-Glucose,12
9.75,C9_a-D-Glucose,11
10.0,C9_a-D-Glucose,11
10.25,C9_a-D-Glucose,14
10.5,C9_a-D-Glucose,13
10.75,C9_a-D-Glucose,16
11.0,C9_a-D-Glucose,11
11.25,C9_a-D-Glucose,17
11.5,C9_a-D-Glucose,15
11.75,C9_a-D-Glucose,15
12.0,C9_a-D-Glucose,13
12.25,C9_a-D-Glucose,17
12.5,C9_a-D-Glucose,14
12.75,C9_a-D-Glucose,16
13.0,C9_a-D-Glucose,18
13.25,C9_a-D-Glucose,17
13.5,C9_a-D-Glucose,13
13.75,C9_a-D-Glucose,14
14.0,C9_a-D-Glucose,18
14.25,C9_a-D-Glucose,15
14.5,C9_a-D-Glucose,18
14.75,C9_a-D-Glucose,15
15.0,C9_a-D-Glucose,15
15.25,C9_a-D-Glucose,15
15.5,C9_a-D-Glucose,16
15.75,C9_a-D-Glucose,20
16.0,C9_a-D-Glucose,17
16.25,C9_a-D-Glucose,17
16.5,C9_a-D-Glucose,13
16.75,C9_a-D-Glucose,18
17.0,C9_a-D-Glucose,25
17.25,C9_a-D-Glucose,18
17.5,C9_a-D-Glucose,20
17.75,C9_a-D-Glucose,17
18.0,C9_a-D-Glucose,18
18.25,C9_a-D-Glucose,19
18.5,C9_a-D-Glucose,23
18.75,C9_a-D-Glucose,19
19.0,C9_a-D-Glucose,21
19.25,C9_a-D-Glucose,19
19.5,C9_a-D-Glucose,21
19.75,C9_a-D-Glucose,21
20.0,C9_a-D-Glucose,24
20.25,C9_a-D-Glucose,25
20.5,C9_a-D-Glucose,21
20.75,C9_a-D-Glucose,22
21.0,C9_a-D-Glucose,20
21.25,C9_a-D-Glucose,20
21.5,C9_a-D-Glucose,21
21.75,C9_a-D-Glucose,20
22.0,C9_a-D-Glucose,22
22.25,C9_a-D-Glucose,23
22.5,C9_a-D-Glucose,24
22.75,C9_a-D-Glucose,16
23.0,C9_a-D-Glucose,22
23.25,C9_a-D-Glucose,24
23.5,C9_a-D-Glucose,24
23.75,C9_a-D-Glucose,22
24.0,C9_a-D-Glucose,19
24.25,C9_a-D-Glucose,22
24.5,C9_a-D-Glucose,18
24.75,C9_a-D-Glucose,20
25.0,C9_a-D-Glucose,18
25.25,C9_a-D-Glucose,20
25.5,C9_a-D-Glucose,25
25.75,C9_a-D-Glucose,21
26.0,C9_a-D-Glucose,21
26.25,C9_a-D-Glucose,18
26.5,C9_a-D-Glucose,21
26.75,C9_a-D-Glucose,22
27.0,C9_a-D-Glucose,22
27.25,C9_a-D-Glucose,20
27.5,C9_a-D-Glucose,20
27.75,C9_a-D-Glucose,19
28.0,C9_a-D-Glucose,26
28.25,C9_a-D-Glucose,22
28.5,C9_a-D-Glucose,21
28.75,C9_a-D-Glucose,23
29.0,C9_a-D-Glucose,21
29.25,C9_a-D-Glucose,19
29.5,C9_a-D-Glucose,23
29.75,C9_a-D-Glucose,21
30.0,C9_a-D-Glucose,17
30.25,C9_a-D-Glucose,19
30.5,C9_a-D-Glucose,19
30.75,C9_a-D-Glucose,21
31.0,C9_a-D-Glucose,22
31.25,C9_a-D-Glucose,17
31.5,C9_a-D-Glucose,23
31.75,C9_a-D-Glucose,25
32.0,C9_a-D-Glucose,22
32.25,C9_a-D-Glucose,22
32.5,C9_a-D-Glucose,26
32.75,C9_a-D-Glucose,22
33.0,C9_a-D-Glucose,20
33.25,C9_a-D-Glucose,21
33.5,C9_a-D-Glucose,22
33.75,C9_a-D-Glucose,26
34.0,C9_a-D-Glucose,21
34.25,C9_a-D-Glucose,21
34.5,C9_a-D-Glucose,22
34.75,C9_a-D-Glucose,22
35.0,C9_a-D-Glucose,17
35.25,C9_a-D-Glucose,25
35.5,C9_a-D-Glucose,22
35.75,C9_a-D-Glucose,22
36.0,C9_a-D-Glucose,21
36.25,C9_a-D-Glucose,18
36.5,C9_a-D-Glucose,20
36.75,C9_a-D-Glucose,24
37.0,C9_a-D-Glucose,20
37.25,C9_a-D-Glucose,20
37.5,C9_a-D-Glucose,21
37.75,C9_a-D-Glucose,19
38.0,C9_a-D-Glucose,20
38.25,C9_a-D-Glucose,22
38.5,C9_a-D-Glucose,20
38.75,C9_a-D-Glucose,20
39.0,C9_a-D-Glucose,18
39.25,C9_a-D-Glucose,18
39.5,C9_a-D-Glucose,20
39.75,C9_a-D-Glucose,19
40.0,C9_a-D-Glucose,21
40.25,C9_a-D-Glucose,18
40.5,C9_a-D-Glucose,19
40.75,C9_a-D-Glucose,20
41.0,C9_a-D-Glucose,18
41.25,C9_a-D-Glucose,23
41.5,C9_a-D-Glucose,22
41.75,C9_a-D-Glucose,21
42.0,C9_a-D-Glucose,23
42.25,C9_a-D-Glucose,18
42.5,C9_a-D-Glucose,21
42.75,C9_a-D-Glucose,20
43.0,C9_a-D-Glucose,22
43.25,C9_a-D-Glucose,18
43.5,C9_a-D-Glucose,18
43.75,C9_a-D-Glucose,22
44.0,C9_a-D-Glucose,23
44.25,C9_a-D-Glucose,21
44.5,C9_a-D-Glucose,17
44.75,C9_a-D-Glucose,23
45.0,C9_a-D-Glucose,18
45.25,C9_a-D-Glucose,18
45.5,C9_a-D-Glucose,23
45.75,C9_a-D-Glucose,22
46.0,C9_a-D-Glucose,21
46.25,C9_a-D-Glucose,23
46.5,C9_a-D-Glucose,24
46.75,C9_a-D-Glucose,21
47.0,C9_a-D-Glucose,21
47.25,C9_a-D-Glucose,19
47.5,C9_a-D-Glucose,22
47.75,C9_a-D-Glucose,21
48.0,C9_a-D-Glucose,20
48.25,C9_a-D-Glucose,25
0.0,C10_Maltose,11
0.25,C10_Maltose,11
0.5,C10_Maltose,11
0.75,C10_Maltose,12
1.0,C10_Maltose,11
1.25,C10_Maltose,11
1.5,C10_Maltose,11
1.75,C10_Maltose,11
2.0,C10_Maltose,13
2.25,C10_Maltose,11
2.5,C10_Maltose,11
2.75,C10_Maltose,11
3.0,C10_Maltose,11
3.25,C10_Maltose,11
3.5,C10_Maltose,11
3.75,C10_Maltose,11
4.0,C10_Maltose,11
4.25,C10_Maltose,11
4.5,C10_Maltose,11
4.75,C10_Maltose,11
5.0,C10_Maltose,11
5.25,C10_Maltose,11
5.5,C10_Maltose,11
5.75,C10_Maltose,11
6.0,C10_Maltose,11
6.25,C10_Maltose,14
6.5,C10_Maltose,11
6.75,C10_Maltose,14
7.0,C10_Maltose,11
7.25,C10_Maltose,11
7.5,C10_Maltose,11
7.75,C10_Maltose,12
8.0,C10_Maltose,16
8.25,C10_Maltose,14
8.5,C10_Maltose,13
8.75,C10_Maltose,11
9.0,C10_Maltose,12
9.25,C10_Maltose,11
9.5,C10_Maltose,17
9.75,C10_Maltose,15
10.0,C10_Maltose,11
10.25,C10_Maltose,15
10.5,C10_Maltose,14
10.75,C10_Maltose,20
11.0,C10_Maltose,15
11.25,C10_Maltose,18
11.5,C10_Maltose,15
11.75,C10_Maltose,16
12.0,C10_Maltose,17
12.25,C10_Maltose,17
12.5,C10_Maltose,19
12.75,C10_Maltose,23
13.0,C10_Maltose,15
13.25,C10_Maltose,19
13.5,C10_Maltose,17
13.75,C10_Maltose,19
14.0,C10_Maltose,17
14.25,C10_Maltose,19
14.5,C10_Maltose,19
14.75,C10_Maltose,21
15.0,C10_Maltose,23
15.25,C10_Maltose,21
15.5,C10_Maltose,16
15.75,C10_Maltose,21
16.0,C10_Maltose,22
16.25,C10_Maltose,18
16.5,C10_Maltose,18
16.75,C10_Maltose,24
17.0,C10_Maltose,25
17.25,C10_Maltose,22
17.5,C10_Maltose,26
17.75,C10_Maltose,22
18.0,C10_Maltose,27
18.25,C10_Maltose,22
18.5,C10_Maltose,24
18.75,C10_Maltose,27
19.0,C10_Maltose,25
19.25,C10_Maltose,19
19.5,C10_Maltose,22
19.75,C10_Maltose,25
20.0,C10_Maltose,24
20.25,C10_Maltose,25
20.5,C10_Maltose,25
20.75,C10_Maltose,26
21.0,C10_Maltose,25
21.25,C10_Maltose,29
21.5,C10_Maltose,25
21.75,C10_Maltose,25
22.0,C10_Maltose,24
22.25,C10_Maltose,29
22.5,C10_Maltose,30
22.75,C10_Maltose,31
23.0,C10_Maltose,30
23.25,C10_Maltose,26
23.5,C10_Maltose,31
23.75,C10_Maltose,29
24.0,C10_Maltose,29
24.25,C10_Maltose,32
24.5,C10_Maltose,30
24.75,C10_Maltose,30
25.0,C10_Maltose,27
25.25,C10_Maltose,34
25.5,C10_Maltose,33
25.75,C10_Maltose,32
26.0,C10_Maltose,32
26.25,C10_Maltose,32
26.5,C10_Maltose,33
26.75,C10_Maltose,36
27.0,C10_Maltose,36
27.25,C10_Maltose,35
27.5,C10_Maltose,38
27.75,C10_Maltose,41
28.0,C10_Maltose,34
28.25,C10_Maltose,37
28.5,C10_Maltose,36
28.75,C10_Maltose,35
29.0,C10_Maltose,37
29.25,C10_Maltose,29
29.5,C10_Maltose,35
29.75,C10_Maltose,34
30.0,C10_Maltose,37
30.25,C10_Maltose,36
30.5,C10_Maltose,36
30.75,C10_Maltose,39
31.0,C10_Maltose,38
31.25,C10_Maltose,32
31.5,C10_Maltose,40
31.75,C10_Maltose,35
32.0,C10_Maltose,36
32.25,C10_Maltose,34
32.5,C10_Maltose,34
32.75,C10_Maltose,36
33.0,C10_Maltose,36
33.25,C10_Maltose,39
33.5,C10_Maltose,38
33.75,C10_Maltose,36
34.0,C10_Maltose,35
34.25,C10_Maltose,36
34.5,C10_Maltose,42
34.75,C10_Maltose,37
35.0,C10_Maltose,37
35.25,C10_Maltose,41
35.5,C10_Maltose,41
35.75,C10_Maltose,42
36.0,C10_Maltose,37
36.25,C10_Maltose,37
36.5,C10_Maltose,37
36.75,C10_Maltose,45
37.0,C10_Maltose,44
37.25,C10_Maltose,41
37.5,C10_Maltose,40
37.75,C10_Maltose,43
38.0,C10_Maltose,38
38.25,C10_Maltose,40
38.5,C10_Maltose,42
38.75,C10_Maltose,42
39.0,C10_Maltose,45
39.25,C10_Maltose,48
39.5,C10_Maltose,44
39.75,C10_Maltose,46
40.0,C10_Maltose,41
40.25,C10_Maltose,46
40.5,C10_Maltose,44
40.75,C10_Maltose,46
41.0,C10_Maltose,47
41.25,C10_Maltose,47
41.5,C10_Maltose,42
41.75,C10_Maltose,51
42.0,C10_Maltose,50
42.25,C10_Maltose,51
42.5,C10_Maltose,51
42.75,C10_Maltose,51
43.0,C10_Maltose,45
43.25,C10_Maltose,48
43.5,C10_Maltose,48
43.75,C10_Maltose,52
44.0,C10_Maltose,54
44.25,C10_Maltose,53
44.5,C10_Maltose,51
44.75,C10_Maltose,53
45.0,C10_Maltose,51
45.25,C10_Maltose,49
45.5,C10_Maltose,49
45.75,C10_Maltose,48
46.0,C10_Maltose,57
46.25,C10_Maltose,58
46.5,C10_Maltose,57
46.75,C10_Maltose,57
47.0,C10_Maltose,54
47.25,C10_Maltose,56
47.5,C10_Maltose,59
47.75,C10_Maltose,61
48.0,C10_Maltose,60
48.25,C10_Maltose,61
0.0,C11_D-Melibiose,17
0.25,C11_D-Melibiose,15
0.5,C11_D-Melibiose,11
0.75,C11_D-Melibiose,11
1.0,C11_D-Melibiose,15
1.25,C11_D-Melibiose,15
1.5,C11_D-Melibiose,17
1.75,C11_D-Melibiose,14
2.0,C11_D-Melibiose,12
2.25,C11_D-Melibiose,18
2.5,C11_D-Melibiose,11
2.75,C11_D-Melibiose,11
3.0,C11_D-Melibiose,15
3.25,C11_D-Melibiose,15
3.5,C11_D-Melibiose,15
3.75,C11_D-Melibiose,14
4.0,C11_D-Melibiose,16
4.25,C11_D-Melibiose,12
4.5,C11_D-Melibiose,15
4.75,C11_D-Melibiose,13
5.0,C11_D-Melibiose,12
5.25,C11_D-Melibiose,12
5.5,C11_D-Melibiose,14
5.75,C11_D-Melibiose,13
6.0,C11_D-Melibiose,16
6.25,C11_D-Melibiose,16
6.5,C11_D-Melibiose,15
6.75,C11_D-Melibiose,13
7.0,C11_D-Melibiose,14
7.25,C11_D-Melibiose,17
7.5,C11_D-Melibiose,14
7.75,C11_D-Melibiose,13
8.0,C11_D-Melibiose,14
8.25,C11_D-Melibiose,14
8.5,C11_D-Melibiose,14
8.75,C11_D-Melibiose,18
9.0,C11_D-Melibiose,12
9.25,C11_D-Melibiose,11
9.5,C11_D-Melibiose,15
9.75,C11_D-Melibiose,16
10.0,C11_D-Melibiose,15
10.25,C11_D-Melibiose,16
10.5,C11_D-Melibiose,15
10.75,C11_D-Melibiose,16
11.0,C11_D-Melibiose,16
11.25,C11_D-Melibiose,15
11.5,C11_D-Melibiose,15
11.75,C11_D-Melibiose,15
12.0,C11_D-Melibiose,15
12.25,C11_D-Melibiose,16
12.5,C11_D-Melibiose,15
12.75,C11_D-Melibiose,18
13.0,C11_D-Melibiose,15
13.25,C11_D-Melibiose,18
13.5,C11_D-Melibiose,18
13.75,C11_D-Melibiose,17
14.0,C11_D-Melibiose,19
14.25,C11_D-Melibiose,19
14.5,C11_D-Melibiose,16
14.75,C11_D-Melibiose,18
15.0,C11_D-Melibiose,19
15.25,C11_D-Melibiose,13
15.5,C11_D-Melibiose,16
15.75,C11_D-Melibiose,18
16.0,C11_D-Melibiose,20
16.25,C11_D-Melibiose,16
16.5,C11_D-Melibiose,18
16.75,C11_D-Melibiose,15
17.0,C11_D-Melibiose,24
17.25,C11_D-Melibiose,17
17.5,C11_D-Melibiose,16
17.75,C11_D-Melibiose,21
18.0,C11_D-Melibiose,19
18.25,C11_D-Melibiose,22
18.5,C11_D-Melibiose,22
18.75,C11_D-Melibiose,21
19.0,C11_D-Melibiose,17
19.25,C11_D-Melibiose,22
19.5,C11_D-Melibiose,20
19.75,C11_D-Melibiose,21
20.0,C11_D-Melibiose,23
20.25,C11_D-Melibiose,21
20.5,C11_D-Melibiose,19
20.75,C11_D-Melibiose,22
21.0,C11_D-Melibiose,21
21.25,C11_D-Melibiose,19
21.5,C11_D-Melibiose,21
21.75,C11_D-Melibiose,18
22.0,C11_D-Melibiose,24
22.25,C11_D-Melibiose,21
22.5,C11_D-Melibiose,22
22.75,C11_D-Melibiose,20
23.0,C11_D-Melibiose,21
23.25,C11_D-Melibiose,24
23.5,C11_D-Melibiose,21
23.75,C11_D-Melibiose,22
24.0,C11_D-Melibiose,19
24.25,C11_D-Melibiose,19
24.5,C11_D-Melibiose,20
24.75,C11_D-Melibiose,22
25.0,C11_D-Melibiose,21
25.25,C11_D-Melibiose,23
25.5,C11_D-Melibiose,25
25.75,C11_D-Melibiose,25
26.0,C11_D-Melibiose,25
26.25,C11_D-Melibiose,22
26.5,C11_D-Melibiose,23
26.75,C11_D-Melibiose,21
27.0,C11_D-Melibiose,21
27.25,C11_D-Melibiose,19
27.5,C11_D-Melibiose,21
27.75,C11_D-Melibiose,23
28.0,C11_D-Melibiose,21
28.25,C11_D-Melibiose,22
28.5,C11_D-Melibiose,23
28.75,C11_D-Melibiose,25
29.0,C11_D-Melibiose,20
29.25,C11_D-Melibiose,22
29.5,C11_D-Melibiose,20
29.75,C11_D-Melibiose,23
30.0,C11_D-Melibiose,22
30.25,C11_D-Melibiose,20
30.5,C11_D-Melibiose,21
30.75,C11_D-Melibiose,22
31.0,C11_D-Melibiose,22
31.25,C11_D-Melibiose,21
31.5,C11_D-Melibiose,21
31.75,C11_D-Melibiose,23
32.0,C11_D-Melibiose,24
32.25,C11_D-Melibiose,25
32.5,C11_D-Melibiose,21
32.75,C11_D-Melibiose,17
33.0,C11_D-Melibiose,22
33.25,C11_D-Melibiose,21
33.5,C11_D-Melibiose,20
33.75,C11_D-Melibiose,22
34.0,C11_D-Melibiose,22
34.25,C11_D-Melibiose,20
34.5,C11_D-Melibiose,26
34.75,C11_D-Melibiose,20
35.0,C11_D-Melibiose,21
35.25,C11_D-Melibiose,22
35.5,C11_D-Melibiose,23
35.75,C11_D-Melibiose,23
36.0,C11_D-Melibiose,22
36.25,C11_D-Melibiose,21
36.5,C11_D-Melibiose,20
36.75,C11_D-Melibiose,21
37.0,C11_D-Melibiose,26
37.25,C11_D-Melibiose,19
37.5,C11_D-Melibiose,25
37.75,C11_D-Melibiose,22
38.0,C11_D-Melibiose,22
38.25,C11_D-Melibiose,23
38.5,C11_D-Melibiose,22
38.75,C11_D-Melibiose,17
39.0,C11_D-Melibiose,23
39.25,C11_D-Melibiose,27
39.5,C11_D-Melibiose,20
39.75,C11_D-Melibiose,22
40.0,C11_D-Melibiose,20
40.25,C11_D-Melibiose,22
40.5,C11_D-Melibiose,19
40.75,C11_D-Melibiose,22
41.0,C11_D-Melibiose,20
41.25,C11_D-Melibiose,13
41.5,C11_D-Melibiose,25
41.75,C11_D-Melibiose,23
42.0,C11_D-Melibiose,24
42.25,C11_D-Melibiose,20
42.5,C11_D-Melibiose,24
42.75,C11_D-Melibiose,20
43.0,C11_D-Melibiose,20
43.25,C11_D-Melibiose,19
43.5,C11_D-Melibiose,25
43.75,C11_D-Melibiose,24
44.0,C11_D-Melibiose,21
44.25,C11_D-Melibiose,23
44.5,C11_D-Melibiose,18
44.75,C11_D-Melibiose,19
45.0,C11_D-Melibiose,20
45.25,C11_D-Melibiose,23
45.5,C11_D-Melibiose,22
45.75,C11_D-Melibiose,22
46.0,C11_D-Melibiose,23
46.25,C11_D-Melibiose,23
46.5,C11_D-Melibiose,25
46.75,C11_D-Melibiose,23
47.0,C11_D-Melibiose,21
47.25,C11_D-Melibiose,20
47.5,C11_D-Melibiose,21
47.75,C11_D-Melibiose,22
48.0,C11_D-Melibiose,20
48.25,C11_D-Melibiose,25
0.0,C12_Thymidine,19
0.25,C12_Thymidine,18
0.5,C12_Thymidine,20
0.75,C12_Thymidine,16
1.0,C12_Thymidine,23
1.25,C12_Thymidine,19
1.5,C12_Thymidine,19
1.75,C12_Thymidine,21
2.0,C12_Thymidine,15
2.25,C12_Thymidine,18
2.5,C12_Thymidine,14
2.75,C12_Thymidine,17
3.0,C12_Thymidine,21
3.25,C12_Thymidine,12
3.5,C12_Thymidine,17
3.75,C12_Thymidine,20
4.0,C12_Thymidine,16
4.25,C12_Thymidine,17
4.5,C12_Thymidine,18
4.75,C12_Thymidine,22
5.0,C12_Thymidine,15
5.25,C12_Thymidine,16
5.5,C12_Thymidine,14
5.75,C12_Thymidine,14
6.0,C12_Thymidine,18
6.25,C12_Thymidine,21
6.5,C12_Thymidine,18
6.75,C12_Thymidine,19
7.0,C12_Thymidine,18
7.25,C12_Thymidine,20
7.5,C12_Thymidine,22
7.75,C12_Thymidine,19
8.0,C12_Thymidine,18
8.25,C12_Thymidine,19
8.5,C12_Thymidine,17
8.75,C12_Thymidine,22
9.0,C12_Thymidine,24
9.25,C12_Thymidine,21
9.5,C12_Thymidine,23
9.75,C12_Thymidine,19
10.0,C12_Thymidine,23
10.25,C12_Thymidine,22
10.5,C12_Thymidine,23
10.75,C12_Thymidine,22
11.0,C12_Thymidine,21
11.25,C12_Thymidine,23
11.5,C12_Thymidine,21
11.75,C12_Thymidine,22
12.0,C12_Thymidine,21
12.25,C12_Thymidine,26
12.5,C12_Thymidine,25
12.75,C12_Thymidine,28
13.0,C12_Thymidine,25
13.25,C12_Thymidine,25
13.5,C12_Thymidine,29
13.75,C12_Thymidine,26
14.0,C12_Thymidine,29
14.25,C12_Thymidine,26
14.5,C12_Thymidine,26
14.75,C12_Thymidine,29
15.0,C12_Thymidine,24
15.25,C12_Thymidine,26
15.5,C12_Thymidine,26
15.75,C12_Thymidine,29
16.0,C12_Thymidine,30
16.25,C12_Thymidine,26
16.5,C12_Thymidine,23
16.75,C12_Thymidine,28
17.0,C12_Thymidine,33
17.25,C12_Thymidine,29
17.5,C12_Thymidine,28
17.75,C12_Thymidine,26
18.0,C12_Thymidine,31
18.25,C12_Thymidine,30
18.5,C12_Thymidine,31
18.75,C12_Thymidine,30
19.0,C12_Thymidine,29
19.25,C12_Thymidine,32
19.5,C12_Thymidine,32
19.75,C12_Thymidine,33
20.0,C12_Thymidine,32
20.25,C12_Thymidine,33
20.5,C12_Thymidine,30
20.75,C12_Thymidine,32
21.0,C12_Thymidine,33
21.25,C12_Thymidine,32
21.5,C12_Thymidine,31
21.75,C12_Thymidine,32
22.0,C12_Thymidine,32
22.25,C12_Thymidine,32
22.5,C12_Thymidine,32
22.75,C12_Thymidine,36
23.0,C12_Thymidine,33
23.25,C12_Thymidine,38
23.5,C12_Thymidine,35
23.75,C12_Thymidine,30
24.0,C12_Thymidine,36
24.25,C12_Thymidine,34
24.5,C12_Thymidine,32
24.75,C12_Thymidine,34
25.0,C12_Thymidine,35
25.25,C12_Thymidine,31
25.5,C12_Thymidine,32
25.75,C12_Thymidine,32
26.0,C12_Thymidine,33
26.25,C12_Thymidine,32
26.5,C12_Thymidine,34
26.75,C12_Thymidine,34
27.0,C12_Thymidine,35
27.25,C12_Thymidine,35
27.5,C12_Thymidine,33
27.75,C12_Thymidine,34
28.0,C12_Thymidine,31
28.25,C12_Thymidine,34
28.5,C12_Thymidine,34
28.75,C12_Thymidine,32
29.0,C12_Thymidine,31
29.25,C12_Thymidine,34
29.5,C12_Thymidine,38
29.75,C12_Thymidine,35
30.0,C12_Thymidine,34
30.25,C12_Thymidine,30
30.5,C12_Thymidine,34
30.75,C12_Thymidine,32
31.0,C12_Thymidine,33
31.25,C12_Thymidine,31
31.5,C12_Thymidine,35
31.75,C12_Thymidine,38
32.0,C12_Thymidine,34
32.25,C12_Thymidine,38
32.5,C12_Thymidine,31
32.75,C12_Thymidine,29
33.0,C12_Thymidine,37
33.25,C12_Thymidine,32
33.5,C12_Thymidine,33
33.75,C12_Thymidine,32
34.0,C12_Thymidine,32
34.25,C12_Thymidine,33
34.5,C12_Thymidine,33
34.75,C12_Thymidine,37
35.0,C12_Thymidine,33
35.25,C12_Thymidine,36
35.5,C12_Thymidine,35
35.75,C12_Thymidine,36
36.0,C12_Thymidine,35
36.25,C12_Thymidine,38
36.5,C12_Thymidine,31
36.75,C12_Thymidine,36
37.0,C12_Thymidine,35
37.25,C12_Thymidine,34
37.5,C12_Thymidine,30
37.75,C12_Thymidine,37
38.0,C12_Thymidine,34
38.25,C12_Thymidine,35
38.5,C12_Thymidine,37
38.75,C12_Thymidine,34
39.0,C12_Thymidine,31
39.25,C12_Thymidine,37
39.5,C12_Thymidine,35
39.75,C12_Thymidine,32
40.0,C12_Thymidine,33
40.25,C12_Thymidine,34
40.5,C12_Thymidine,36
40.75,C12_Thymidine,33
41.0,C12_Thymidine,38
41.25,C12_Thymidine,33
41.5,C12_Thymidine,32
41.75,C12_Thymidine,34
42.0,C12_Thymidine,34
42.25,C12_Thymidine,36
42.5,C12_Thymidine,33
42.75,C12_Thymidine,36
43.0,C12_Thymidine,33
43.25,C12_Thymidine,37
43.5,C12_Thymidine,33
43.75,C12_Thymidine,33
44.0,C12_Thymidine,33
44.25,C12_Thymidine,29
44.5,C12_Thymidine,32
44.75,C12_Thymidine,33
45.0,C12_Thymidine,31
45.25,C12_Thymidine,35
45.5,C12_Thymidine,32
45.75,C12_Thymidine,34
46.0,C12_Thymidine,34
46.25,C12_Thymidine,36
46.5,C12_Thymidine,29
46.75,C12_Thymidine,34
47.0,C12_Thymidine,37
47.25,C12_Thymidine,35
47.5,C12_Thymidine,36
47.75,C12_Thymidine,33
48.0,C12_Thymidine,34
48.25,C12_Thymidine,33
0.0,D-1_L-Asparagine,15
0.25,D-1_L-Asparagine,16
0.5,D-1_L-Asparagine,15
0.75,D-1_L-Asparagine,14
1.0,D-1_L-Asparagine,17
1.25,D-1_L-Asparagine,13
1.5,D-1_L-Asparagine,17
1.75,D-1_L-Asparagine,13
2.0,D-1_L-Asparagine,17
2.25,D-1_L-Asparagine,12
2.5,D-1_L-Asparagine,11
2.75,D-1_L-Asparagine,12
3.0,D-1_L-Asparagine,15
3.25,D-1_L-Asparagine,13
3.5,D-1_L-Asparagine,15
3.75,D-1_L-Asparagine,15
4.0,D-1_L-Asparagine,14
4.25,D-1_L-Asparagine,15
4.5,D-1_L-Asparagine,12
4.75,D-1_L-Asparagine,16
5.0,D-1_L-Asparagine,11
5.25,D-1_L-Asparagine,17
5.5,D-1_L-Asparagine,12
5.75,D-1_L-Asparagine,15
6.0,D-1_L-Asparagine,12
6.25,D-1_L-Asparagine,12
6.5,D-1_L-Asparagine,13
6.75,D-1_L-Asparagine,14
7.0,D-1_L-Asparagine,15
7.25,D-1_L-Asparagine,15
7.5,D-1_L-Asparagine,15
7.75,D-1_L-Asparagine,13
8.0,D-1_L-Asparagine,14
8.25,D-1_L-Asparagine,14
8.5,D-1_L-Asparagine,15
8.75,D-1_L-Asparagine,16
9.0,D-1_L-Asparagine,15
9.25,D-1_L-Asparagine,13
9.5,D-1_L-Asparagine,14
9.75,D-1_L-Asparagine,19
10.0,D-1_L-Asparagine,16
10.25,D-1_L-Asparagine,17
10.5,D-1_L-Asparagine,18
10.75,D-1_L-Asparagine,18
11.0,D-1_L-Asparagine,16
11.25,D-1_L-Asparagine,20
11.5,D-1_L-Asparagine,21
11.75,D-1_L-Asparagine,22
12.0,D-1_L-Asparagine,20
12.25,D-1_L-Asparagine,20
12.5,D-1_L-Asparagine,23
12.75,D-1_L-Asparagine,22
13.0,D-1_L-Asparagine,23
13.25,D-1_L-Asparagine,26
13.5,D-1_L-Asparagine,20
13.75,D-1_L-Asparagine,21
14.0,D-1_L-Asparagine,21
14.25,D-1_L-Asparagine,23
14.5,D-1_L-Asparagine,23
14.75,D-1_L-Asparagine,27
15.0,D-1_L-Asparagine,22
15.25,D-1_L-Asparagine,22
15.5,D-1_L-Asparagine,20
15.75,D-1_L-Asparagine,24
16.0,D-1_L-Asparagine,23
16.25,D-1_L-Asparagine,24
16.5,D-1_L-Asparagine,25
16.75,D-1_L-Asparagine,22
17.0,D-1_L-Asparagine,27
17.25,D-1_L-Asparagine,21
17.5,D-1_L-Asparagine,26
17.75,D-1_L-Asparagine,27
18.0,D-1_L-Asparagine,25
18.25,D-1_L-Asparagine,24
18.5,D-1_L-Asparagine,26
18.75,D-1_L-Asparagine,27
19.0,D-1_L-Asparagine,29
19.25,D-1_L-Asparagine,26
19.5,D-1_L-Asparagine,28
19.75,D-1_L-Asparagine,30
20.0,D-1_L-Asparagine,30
20.25,D-1_L-Asparagine,32
20.5,D-1_L-Asparagine,32
20.75,D-1_L-Asparagine,31
21.0,D-1_L-Asparagine,30
21.25,D-1_L-Asparagine,33
21.5,D-1_L-Asparagine,28
21.75,D-1_L-Asparagine,33
22.0,D-1_L-Asparagine,29
22.25,D-1_L-Asparagine,35
22.5,D-1_L-Asparagine,33
22.75,D-1_L-Asparagine,34
23.0,D-1_L-Asparagine,34
23.25,D-1_L-Asparagine,34
23.5,D-1_L-Asparagine,36
23.75,D-1_L-Asparagine,37
24.0,D-1_L-Asparagine,34
24.25,D-1_L-Asparagine,41
24.5,D-1_L-Asparagine,37
24.75,D-1_L-Asparagine,36
25.0,D-1_L-Asparagine,32
25.25,D-1_L-Asparagine,38
25.5,D-1_L-Asparagine,38
25.75,D-1_L-Asparagine,38
26.0,D-1_L-Asparagine,38
26.25,D-1_L-Asparagine,40
26.5,D-1_L-Asparagine,33
26.75,D-1_L-Asparagine,37
27.0,D-1_L-Asparagine,39
27.25,D-1_L-Asparagine,38
27.5,D-1_L-Asparagine,38
27.75,D-1_L-Asparagine,36
28.0,D-1_L-Asparagine,42
28.25,D-1_L-Asparagine,42
28.5,D-1_L-Asparagine,44
28.75,D-1_L-Asparagine,43
29.0,D-1_L-Asparagine,43
29.25,D-1_L-Asparagine,44
29.5,D-1_L-Asparagine,40
29.75,D-1_L-Asparagine,40
30.0,D-1_L-Asparagine,41
30.25,D-1_L-Asparagine,40
30.5,D-1_L-Asparagine,46
30.75,D-1_L-Asparagine,47
31.0,D-1_L-Asparagine,43
31.25,D-1_L-Asparagine,48
31.5,D-1_L-Asparagine,44
31.75,D-1_L-Asparagine,47
32.0,D-1_L-Asparagine,48
32.25,D-1_L-Asparagine,44
32.5,D-1_L-Asparagine,45
32.75,D-1_L-Asparagine,45
33.0,D-1_L-Asparagine,50
33.25,D-1_L-Asparagine,45
33.5,D-1_L-Asparagine,50
33.75,D-1_L-Asparagine,50
34.0,D-1_L-Asparagine,45
34.25,D-1_L-Asparagine,47
34.5,D-1_L-Asparagine,54
34.75,D-1_L-Asparagine,50
35.0,D-1_L-Asparagine,50
35.25,D-1_L-Asparagine,52
35.5,D-1_L-Asparagine,49
35.75,D-1_L-Asparagine,47
36.0,D-1_L-Asparagine,52
36.25,D-1_L-Asparagine,51
36.5,D-1_L-Asparagine,48
36.75,D-1_L-Asparagine,48
37.0,D-1_L-Asparagine,52
37.25,D-1_L-Asparagine,48
37.5,D-1_L-Asparagine,49
37.75,D-1_L-Asparagine,49
38.0,D-1_L-Asparagine,53
38.25,D-1_L-Asparagine,53
38.5,D-1_L-Asparagine,45
38.75,D-1_L-Asparagine,48
39.0,D-1_L-Asparagine,54
39.25,D-1_L-Asparagine,51
39.5,D-1_L-Asparagine,51
39.75,D-1_L-Asparagine,51
40.0,D-1_L-Asparagine,54
40.25,D-1_L-Asparagine,48
40.5,D-1_L-Asparagine,51
40.75,D-1_L-Asparagine,49
41.0,D-1_L-Asparagine,47
41.25,D-1_L-Asparagine,53
41.5,D-1_L-Asparagine,50
41.75,D-1_L-Asparagine,55
42.0,D-1_L-Asparagine,52
42.25,D-1_L-Asparagine,54
42.5,D-1_L-Asparagine,52
42.75,D-1_L-Asparagine,54
43.0,D-1_L-Asparagine,54
43.25,D-1_L-Asparagine,52
43.5,D-1_L-Asparagine,50
43.75,D-1_L-Asparagine,55
44.0,D-1_L-Asparagine,54
44.25,D-1_L-Asparagine,52
44.5,D-1_L-Asparagine,55
44.75,D-1_L-Asparagine,47
45.0,D-1_L-Asparagine,55
45.25,D-1_L-Asparagine,52
45.5,D-1_L-Asparagine,57
45.75,D-1_L-Asparagine,54
46.0,D-1_L-Asparagine,55
46.25,D-1_L-Asparagine,57
46.5,D-1_L-Asparagine,57
46.75,D-1_L-Asparagine,57
47.0,D-1_L-Asparagine,58
47.25,D-1_L-Asparagine,56
47.5,D-1_L-Asparagine,59
47.75,D-1_L-Asparagine,59
48.0,D-1_L-Asparagine,60
48.25,D-1_L-Asparagine,59
0.0,D2_D-Aspartic_Acid,11
0.25,D2_D-Aspartic_Acid,11
0.5,D2_D-Aspartic_Acid,11
0.75,D2_D-Aspartic_Acid,11
1.0,D2_D-Aspartic_Acid,11
1.25,D2_D-Aspartic_Acid,11
1.5,D2_D-Aspartic_Acid,11
1.75,D2_D-Aspartic_Acid,11
2.0,D2_D-Aspartic_Acid,11
2.25,D2_D-Aspartic_Acid,11
2.5,D2_D-Aspartic_Acid,11
2.75,D2_D-Aspartic_Acid,11
3.0,D2_D-Aspartic_Acid,11
3.25,D2_D-Aspartic_Acid,11
3.5,D2_D-Aspartic_Acid,11
3.75,D2_D-Aspartic_Acid,11
4.0,D2_D-Aspartic_Acid,11
4.25,D2_D-Aspartic_Acid,11
4.5,D2_D-Aspartic_Acid,11
4.75,D2_D-Aspartic_Acid,11
5.0,D2_D-Aspartic_Acid,11
5.25,D2_D-Aspartic_Acid,11
5.5,D2_D-Aspartic_Acid,11
5.75,D2_D-Aspartic_Acid,11
6.0,D2_D-Aspartic_Acid,11
6.25,D2_D-Aspartic_Acid,11
6.5,D2_D-Aspartic_Acid,11
6.75,D2_D-Aspartic_Acid,12
7.0,D2_D-Aspartic_Acid,11
7.25,D2_D-Aspartic_Acid,11
7.5,D2_D-Aspartic_Acid,11
7.75,D2_D-Aspartic_Acid,11
8.0,D2_D-Aspartic_Acid,11
8.25,D2_D-Aspartic_Acid,11
8.5,D2_D-Aspartic_Acid,11
8.75,D2_D-Aspartic_Acid,11
9.0,D2_D-Aspartic_Acid,11
9.25,D2_D-Aspartic_Acid,11
9.5,D2_D-Aspartic_Acid,11
9.75,D2_D-Aspartic_Acid,11
10.0,D2_D-Aspartic_Acid,11
10.25,D2_D-Aspartic_Acid,11
10.5,D2_D-Aspartic_Acid,11
10.75,D2_D-Aspartic_Acid,11
11.0,D2_D-Aspartic_Acid,11
11.25,D2_D-Aspartic_Acid,11
11.5,D2_D-Aspartic_Acid,11
11.75,D2_D-Aspartic_Acid,11
12.0,D2_D-Aspartic_Acid,11
12.25,D2_D-Aspartic_Acid,11
12.5,D2_D-Aspartic_Acid,11
12.75,D2_D-Aspartic_Acid,11
13.0,D2_D-Aspartic_Acid,11
13.25,D2_D-Aspartic_Acid,11
13.5,D2_D-Aspartic_Acid,11
13.75,D2_D-Aspartic_Acid,11
14.0,D2_D-Aspartic_Acid,11
14.25,D2_D-Aspartic_Acid,11
14.5,D2_D-Aspartic_Acid,11
14.75,D2_D-Aspartic_Acid,11
15.0,D2_D-Aspartic_Acid,11
15.25,D2_D-Aspartic_Acid,11
15.5,D2_D-Aspartic_Acid,11
15.75,D2_D-Aspartic_Acid,11
16.0,D2_D-Aspartic_Acid,11
16.25,D2_D-Aspartic_Acid,11
16.5,D2_D-Aspartic_Acid,11
16.75,D2_D-Aspartic_Acid,11
17.0,D2_D-Aspartic_Acid,11
17.25,D2_D-Aspartic_Acid,11
17.5,D2_D-Aspartic_Acid,11
17.75,D2_D-Aspartic_Acid,11
18.0,D2_D-Aspartic_Acid,11
18.25,D2_D-Aspartic_Acid,12
18.5,D2_D-Aspartic_Acid,11
18.75,D2_D-Aspartic_Acid,11
19.0,D2_D-Aspartic_Acid,11
19.25,D2_D-Aspartic_Acid,11
19.5,D2_D-Aspartic_Acid,11
19.75,D2_D-Aspartic_Acid,11
20.0,D2_D-Aspartic_Acid,11
20.25,D2_D-Aspartic_Acid,11
20.5,D2_D-Aspartic_Acid,11
20.75,D2_D-Aspartic_Acid,11
21.0,D2_D-Aspartic_Acid,11
21.25,D2_D-Aspartic_Acid,11
21.5,D2_D-Aspartic_Acid,11
21.75,D2_D-Aspartic_Acid,11
22.0,D2_D-Aspartic_Acid,11
22.25,D2_D-Aspartic_Acid,11
22.5,D2_D-Aspartic_Acid,11
22.75,D2_D-Aspartic_Acid,11
23.0,D2_D-Aspartic_Acid,11
23.25,D2_D-Aspartic_Acid,11
23.5,D2_D-Aspartic_Acid,11
23.75,D2_D-Aspartic_Acid,11
24.0,D2_D-Aspartic_Acid,11
24.25,D2_D-Aspartic_Acid,11
24.5,D2_D-Aspartic_Acid,11
24.75,D2_D-Aspartic_Acid,11
25.0,D2_D-Aspartic_Acid,11
25.25,D2_D-Aspartic_Acid,11
25.5,D2_D-Aspartic_Acid,11
25.75,D2_D-Aspartic_Acid,11
26.0,D2_D-Aspartic_Acid,11
26.25,D2_D-Aspartic_Acid,11
26.5,D2_D-Aspartic_Acid,11
26.75,D2_D-Aspartic_Acid,11
27.0,D2_D-Aspartic_Acid,11
27.25,D2_D-Aspartic_Acid,11
27.5,D2_D-Aspartic_Acid,11
27.75,D2_D-Aspartic_Acid,11
28.0,D2_D-Aspartic_Acid,11
28.25,D2_D-Aspartic_Acid,11
28.5,D2_D-Aspartic_Acid,11
28.75,D2_D-Aspartic_Acid,11
29.0,D2_D-Aspartic_Acid,11
29.25,D2_D-Aspartic_Acid,11
29.5,D2_D-Aspartic_Acid,11
29.75,D2_D-Aspartic_Acid,11
30.0,D2_D-Aspartic_Acid,11
30.25,D2_D-Aspartic_Acid,11
30.5,D2_D-Aspartic_Acid,11
30.75,D2_D-Aspartic_Acid,11
31.0,D2_D-Aspartic_Acid,11
31.25,D2_D-Aspartic_Acid,11
31.5,D2_D-Aspartic_Acid,12
31.75,D2_D-Aspartic_Acid,11
32.0,D2_D-Aspartic_Acid,11
32.25,D2_D-Aspartic_Acid,11
32.5,D2_D-Aspartic_Acid,11
32.75,D2_D-Aspartic_Acid,11
33.0,D2_D-Aspartic_Acid,11
33.25,D2_D-Aspartic_Acid,11
33.5,D2_D-Aspartic_Acid,11
33.75,D2_D-Aspartic_Acid,11
34.0,D2_D-Aspartic_Acid,11
34.25,D2_D-Aspartic_Acid,11
34.5,D2_D-Aspartic_Acid,11
34.75,D2_D-Aspartic_Acid,11
35.0,D2_D-Aspartic_Acid,11
35.25,D2_D-Aspartic_Acid,11
35.5,D2_D-Aspartic_Acid,11
35.75,D2_D-Aspartic_Acid,11
36.0,D2_D-Aspartic_Acid,11
36.25,D2_D-Aspartic_Acid,11
36.5,D2_D-Aspartic_Acid,11
36.75,D2_D-Aspartic_Acid,11
37.0,D2_D-Aspartic_Acid,11
37.25,D2_D-Aspartic_Acid,11
37.5,D2_D-Aspartic_Acid,11
37.75,D2_D-Aspartic_Acid,11
38.0,D2_D-Aspartic_Acid,11
38.25,D2_D-Aspartic_Acid,11
38.5,D2_D-Aspartic_Acid,11
38.75,D2_D-Aspartic_Acid,11
39.0,D2_D-Aspartic_Acid,11
39.25,D2_D-Aspartic_Acid,11
39.5,D2_D-Aspartic_Acid,11
39.75,D2_D-Aspartic_Acid,11
40.0,D2_D-Aspartic_Acid,11
40.25,D2_D-Aspartic_Acid,11
40.5,D2_D-Aspartic_Acid,11
40.75,D2_D-Aspartic_Acid,11
41.0,D2_D-Aspartic_Acid,11
41.25,D2_D-Aspartic_Acid,11
41.5,D2_D-Aspartic_Acid,11
41.75,D2_D-Aspartic_Acid,11
42.0,D2_D-Aspartic_Acid,11
42.25,D2_D-Aspartic_Acid,11
42.5,D2_D-Aspartic_Acid,11
42.75,D2_D-Aspartic_Acid,11
43.0,D2_D-Aspartic_Acid,11
43.25,D2_D-Aspartic_Acid,11
43.5,D2_D-Aspartic_Acid,11
43.75,D2_D-Aspartic_Acid,11
44.0,D2_D-Aspartic_Acid,11
44.25,D2_D-Aspartic_Acid,11
44.5,D2_D-Aspartic_Acid,11
44.75,D2_D-Aspartic_Acid,11
45.0,D2_D-Aspartic_Acid,11
45.25,D2_D-Aspartic_Acid,11
45.5,D2_D-Aspartic_Acid,11
45.75,D2_D-Aspartic_Acid,11
46.0,D2_D-Aspartic_Acid,11
46.25,D2_D-Aspartic_Acid,11
46.5,D2_D-Aspartic_Acid,11
46.75,D2_D-Aspartic_Acid,11
47.0,D2_D-Aspartic_Acid,11
47.25,D2_D-Aspartic_Acid,11
47.5,D2_D-Aspartic_Acid,11
47.75,D2_D-Aspartic_Acid,11
48.0,D2_D-Aspartic_Acid,11
48.25,D2_D-Aspartic_Acid,11
0.0,D3_D-Glucosaminic_Acid,11
0.25,D3_D-Glucosaminic_Acid,11
0.5,D3_D-Glucosaminic_Acid,11
0.75,D3_D-Glucosaminic_Acid,11
1.0,D3_D-Glucosaminic_Acid,11
1.25,D3_D-Glucosaminic_Acid,11
1.5,D3_D-Glucosaminic_Acid,11
1.75,D3_D-Glucosaminic_Acid,11
2.0,D3_D-Glucosaminic_Acid,11
2.25,D3_D-Glucosaminic_Acid,11
2.5,D3_D-Glucosaminic_Acid,11
2.75,D3_D-Glucosaminic_Acid,11
3.0,D3_D-Glucosaminic_Acid,11
3.25,D3_D-Glucosaminic_Acid,11
3.5,D3_D-Glucosaminic_Acid,11
3.75,D3_D-Glucosaminic_Acid,11
4.0,D3_D-Glucosaminic_Acid,11
4.25,D3_D-Glucosaminic_Acid,11
4.5,D3_D-Glucosaminic_Acid,11
4.75,D3_D-Glucosaminic_Acid,11
5.0,D3_D-Glucosaminic_Acid,11
5.25,D3_D-Glucosaminic_Acid,11
5.5,D3_D-Glucosaminic_Acid,11
5.75,D3_D-Glucosaminic_Acid,11
6.0,D3_D-Glucosaminic_Acid,11
6.25,D3_D-Glucosaminic_Acid,11
6.5,D3_D-Glucosaminic_Acid,11
6.75,D3_D-Glucosaminic_Acid,11
7.0,D3_D-Glucosaminic_Acid,11
7.25,D3_D-Glucosaminic_Acid,11
7.5,D3_D-Glucosaminic_Acid,11
7.75,D3_D-Glucosaminic_Acid,11
8.0,D3_D-Glucosaminic_Acid,11
8.25,D3_D-Glucosaminic_Acid,11
8.5,D3_D-Glucosaminic_Acid,13
8.75,D3_D-Glucosaminic_Acid,11
9.0,D3_D-Glucosaminic_Acid,12
9.25,D3_D-Glucosaminic_Acid,11
9.5,D3_D-Glucosaminic_Acid,11
9.75,D3_D-Glucosaminic_Acid,11
10.0,D3_D-Glucosaminic_Acid,13
10.25,D3_D-Glucosaminic_Acid,11
10.5,D3_D-Glucosaminic_Acid,11
10.75,D3_D-Glucosaminic_Acid,12
11.0,D3_D-Glucosaminic_Acid,11
11.25,D3_D-Glucosaminic_Acid,12
11.5,D3_D-Glucosaminic_Acid,14
11.75,D3_D-Glucosaminic_Acid,11
12.0,D3_D-Glucosaminic_Acid,17
12.25,D3_D-Glucosaminic_Acid,11
12.5,D3_D-Glucosaminic_Acid,11
12.75,D3_D-Glucosaminic_Acid,16
13.0,D3_D-Glucosaminic_Acid,11
13.25,D3_D-Glucosaminic_Acid,17
13.5,D3_D-Glucosaminic_Acid,13
13.75,D3_D-Glucosaminic_Acid,15
14.0,D3_D-Glucosaminic_Acid,18
14.25,D3_D-Glucosaminic_Acid,19
14.5,D3_D-Glucosaminic_Acid,18
14.75,D3_D-Glucosaminic_Acid,17
15.0,D3_D-Glucosaminic_Acid,20
15.25,D3_D-Glucosaminic_Acid,17
15.5,D3_D-Glucosaminic_Acid,17
15.75,D3_D-Glucosaminic_Acid,19
16.0,D3_D-Glucosaminic_Acid,23
16.25,D3_D-Glucosaminic_Acid,19
16.5,D3_D-Glucosaminic_Acid,22
16.75,D3_D-Glucosaminic_Acid,23
17.0,D3_D-Glucosaminic_Acid,27
17.25,D3_D-Glucosaminic_Acid,25
17.5,D3_D-Glucosaminic_Acid,23
17.75,D3_D-Glucosaminic_Acid,25
18.0,D3_D-Glucosaminic_Acid,23
18.25,D3_D-Glucosaminic_Acid,28
18.5,D3_D-Glucosaminic_Acid,31
18.75,D3_D-Glucosaminic_Acid,30
19.0,D3_D-Glucosaminic_Acid,26
19.25,D3_D-Glucosaminic_Acid,29
19.5,D3_D-Glucosaminic_Acid,31
19.75,D3_D-Glucosaminic_Acid,27
20.0,D3_D-Glucosaminic_Acid,30
20.25,D3_D-Glucosaminic_Acid,30
20.5,D3_D-Glucosaminic_Acid,32
20.75,D3_D-Glucosaminic_Acid,34
21.0,D3_D-Glucosaminic_Acid,31
21.25,D3_D-Glucosaminic_Acid,34
21.5,D3_D-Glucosaminic_Acid,33
21.75,D3_D-Glucosaminic_Acid,32
22.0,D3_D-Glucosaminic_Acid,35
22.25,D3_D-Glucosaminic_Acid,38
22.5,D3_D-Glucosaminic_Acid,40
22.75,D3_D-Glucosaminic_Acid,38
23.0,D3_D-Glucosaminic_Acid,35
23.25,D3_D-Glucosaminic_Acid,37
23.5,D3_D-Glucosaminic_Acid,37
23.75,D3_D-Glucosaminic_Acid,38
24.0,D3_D-Glucosaminic_Acid,41
24.25,D3_D-Glucosaminic_Acid,37
24.5,D3_D-Glucosaminic_Acid,41
24.75,D3_D-Glucosaminic_Acid,44
25.0,D3_D-Glucosaminic_Acid,41
25.25,D3_D-Glucosaminic_Acid,44
25.5,D3_D-Glucosaminic_Acid,44
25.75,D3_D-Glucosaminic_Acid,41
26.0,D3_D-Glucosaminic_Acid,46
26.25,D3_D-Glucosaminic_Acid,51
26.5,D3_D-Glucosaminic_Acid,45
26.75,D3_D-Glucosaminic_Acid,48
27.0,D3_D-Glucosaminic_Acid,54
27.25,D3_D-Glucosaminic_Acid,54
27.5,D3_D-Glucosaminic_Acid,47
27.75,D3_D-Glucosaminic_Acid,50
28.0,D3_D-Glucosaminic_Acid,53
28.25,D3_D-Glucosaminic_Acid,50
28.5,D3_D-Glucosaminic_Acid,50
28.75,D3_D-Glucosaminic_Acid,49
29.0,D3_D-Glucosaminic_Acid,51
29.25,D3_D-Glucosaminic_Acid,52
29.5,D3_D-Glucosaminic_Acid,52
29.75,D3_D-Glucosaminic_Acid,56
30.0,D3_D-Glucosaminic_Acid,56
30.25,D3_D-Glucosaminic_Acid,53
30.5,D3_D-Glucosaminic_Acid,54
30.75,D3_D-Glucosaminic_Acid,54
31.0,D3_D-Glucosaminic_Acid,56
31.25,D3_D-Glucosaminic_Acid,62
31.5,D3_D-Glucosaminic_Acid,60
31.75,D3_D-Glucosaminic_Acid,56
32.0,D3_D-Glucosaminic_Acid,57
32.25,D3_D-Glucosaminic_Acid,57
32.5,D3_D-Glucosaminic_Acid,58
32.75,D3_D-Glucosaminic_Acid,64
33.0,D3_D-Glucosaminic_Acid,62
33.25,D3_D-Glucosaminic_Acid,61
33.5,D3_D-Glucosaminic_Acid,61
33.75,D3_D-Glucosaminic_Acid,65
34.0,D3_D-Glucosaminic_Acid,62
34.25,D3_D-Glucosaminic_Acid,66
34.5,D3_D-Glucosaminic_Acid,64
34.75,D3_D-Glucosaminic_Acid,64
35.0,D3_D-Glucosaminic_Acid,66
35.25,D3_D-Glucosaminic_Acid,66
35.5,D3_D-Glucosaminic_Acid,68
35.75,D3_D-Glucosaminic_Acid,71
36.0,D3_D-Glucosaminic_Acid,64
36.25,D3_D-Glucosaminic_Acid,70
36.5,D3_D-Glucosaminic_Acid,67
36.75,D3_D-Glucosaminic_Acid,70
37.0,D3_D-Glucosaminic_Acid,69
37.25,D3_D-Glucosaminic_Acid,73
37.5,D3_D-Glucosaminic_Acid,74
37.75,D3_D-Glucosaminic_Acid,71
38.0,D3_D-Glucosaminic_Acid,71
38.25,D3_D-Glucosaminic_Acid,75
38.5,D3_D-Glucosaminic_Acid,77
38.75,D3_D-Glucosaminic_Acid,76
39.0,D3_D-Glucosaminic_Acid,77
39.25,D3_D-Glucosaminic_Acid,79
39.5,D3_D-Glucosaminic_Acid,80
39.75,D3_D-Glucosaminic_Acid,76
40.0,D3_D-Glucosaminic_Acid,76
40.25,D3_D-Glucosaminic_Acid,81
40.5,D3_D-Glucosaminic_Acid,76
40.75,D3_D-Glucosaminic_Acid,81
41.0,D3_D-Glucosaminic_Acid,83
41.25,D3_D-Glucosaminic_Acid,78
41.5,D3_D-Glucosaminic_Acid,81
41.75,D3_D-Glucosaminic_Acid,84
42.0,D3_D-Glucosaminic_Acid,82
42.25,D3_D-Glucosaminic_Acid,81
42.5,D3_D-Glucosaminic_Acid,83
42.75,D3_D-Glucosaminic_Acid,84
43.0,D3_D-Glucosaminic_Acid,83
43.25,D3_D-Glucosaminic_Acid,86
43.5,D3_D-Glucosaminic_Acid,82
43.75,D3_D-Glucosaminic_Acid,87
44.0,D3_D-Glucosaminic_Acid,86
44.25,D3_D-Glucosaminic_Acid,88
44.5,D3_D-Glucosaminic_Acid,91
44.75,D3_D-Glucosaminic_Acid,89
45.0,D3_D-Glucosaminic_Acid,89
45.25,D3_D-Glucosaminic_Acid,90
45.5,D3_D-Glucosaminic_Acid,89
45.75,D3_D-Glucosaminic_Acid,90
46.0,D3_D-Glucosaminic_Acid,94
46.25,D3_D-Glucosaminic_Acid,92
46.5,D3_D-Glucosaminic_Acid,94
46.75,D3_D-Glucosaminic_Acid,94
47.0,D3_D-Glucosaminic_Acid,99
47.25,D3_D-Glucosaminic_Acid,98
47.5,D3_D-Glucosaminic_Acid,96
47.75,D3_D-Glucosaminic_Acid,104
48.0,D3_D-Glucosaminic_Acid,101
48.25,D3_D-Glucosaminic_Acid,103
0.0,D4_1-2-Propanediol,11
0.25,D4_1-2-Propanediol,11
0.5,D4_1-2-Propanediol,11
0.75,D4_1-2-Propanediol,11
1.0,D4_1-2-Propanediol,11
1.25,D4_1-2-Propanediol,11
1.5,D4_1-2-Propanediol,11
1.75,D4_1-2-Propanediol,11
2.0,D4_1-2-Propanediol,11
2.25,D4_1-2-Propanediol,11
2.5,D4_1-2-Propanediol,11
2.75,D4_1-2-Propanediol,11
3.0,D4_1-2-Propanediol,11
3.25,D4_1-2-Propanediol,11
3.5,D4_1-2-Propanediol,11
3.75,D4_1-2-Propanediol,11
4.0,D4_1-2-Propanediol,11
4.25,D4_1-2-Propanediol,11
4.5,D4_1-2-Propanediol,11
4.75,D4_1-2-Propanediol,11
5.0,D4_1-2-Propanediol,11
5.25,D4_1-2-Propanediol,11
5.5,D4_1-2-Propanediol,11
5.75,D4_1-2-Propanediol,11
6.0,D4_1-2-Propanediol,11
6.25,D4_1-2-Propanediol,11
6.5,D4_1-2-Propanediol,11
6.75,D4_1-2-Propanediol,13
7.0,D4_1-2-Propanediol,11
7.25,D4_1-2-Propanediol,11
7.5,D4_1-2-Propanediol,11
7.75,D4_1-2-Propanediol,11
8.0,D4_1-2-Propanediol,11
8.25,D4_1-2-Propanediol,11
8.5,D4_1-2-Propanediol,11
8.75,D4_1-2-Propanediol,13
9.0,D4_1-2-Propanediol,11
9.25,D4_1-2-Propanediol,13
9.5,D4_1-2-Propanediol,14
9.75,D4_1-2-Propanediol,12
10.0,D4_1-2-Propanediol,12
10.25,D4_1-2-Propanediol,17
10.5,D4_1-2-Propanediol,14
10.75,D4_1-2-Propanediol,16
11.0,D4_1-2-Propanediol,13
11.25,D4_1-2-Propanediol,16
11.5,D4_1-2-Propanediol,12
11.75,D4_1-2-Propanediol,16
12.0,D4_1-2-Propanediol,17
12.25,D4_1-2-Propanediol,16
12.5,D4_1-2-Propanediol,19
12.75,D4_1-2-Propanediol,17
13.0,D4_1-2-Propanediol,18
13.25,D4_1-2-Propanediol,20
13.5,D4_1-2-Propanediol,16
13.75,D4_1-2-Propanediol,16
14.0,D4_1-2-Propanediol,15
14.25,D4_1-2-Propanediol,21
14.5,D4_1-2-Propanediol,16
14.75,D4_1-2-Propanediol,20
15.0,D4_1-2-Propanediol,19
15.25,D4_1-2-Propanediol,16
15.5,D4_1-2-Propanediol,17
15.75,D4_1-2-Propanediol,22
16.0,D4_1-2-Propanediol,16
16.25,D4_1-2-Propanediol,18
16.5,D4_1-2-Propanediol,21
16.75,D4_1-2-Propanediol,19
17.0,D4_1-2-Propanediol,23
17.25,D4_1-2-Propanediol,20
17.5,D4_1-2-Propanediol,23
17.75,D4_1-2-Propanediol,24
18.0,D4_1-2-Propanediol,24
18.25,D4_1-2-Propanediol,21
18.5,D4_1-2-Propanediol,21
18.75,D4_1-2-Propanediol,17
19.0,D4_1-2-Propanediol,24
19.25,D4_1-2-Propanediol,21
19.5,D4_1-2-Propanediol,23
19.75,D4_1-2-Propanediol,20
20.0,D4_1-2-Propanediol,24
20.25,D4_1-2-Propanediol,22
20.5,D4_1-2-Propanediol,25
20.75,D4_1-2-Propanediol,18
21.0,D4_1-2-Propanediol,25
21.25,D4_1-2-Propanediol,21
21.5,D4_1-2-Propanediol,26
21.75,D4_1-2-Propanediol,24
22.0,D4_1-2-Propanediol,22
22.25,D4_1-2-Propanediol,22
22.5,D4_1-2-Propanediol,27
22.75,D4_1-2-Propanediol,20
23.0,D4_1-2-Propanediol,24
23.25,D4_1-2-Propanediol,22
23.5,D4_1-2-Propanediol,21
23.75,D4_1-2-Propanediol,24
24.0,D4_1-2-Propanediol,22
24.25,D4_1-2-Propanediol,23
24.5,D4_1-2-Propanediol,21
24.75,D4_1-2-Propanediol,22
25.0,D4_1-2-Propanediol,23
25.25,D4_1-2-Propanediol,22
25.5,D4_1-2-Propanediol,26
25.75,D4_1-2-Propanediol,19
26.0,D4_1-2-Propanediol,23
26.25,D4_1-2-Propanediol,25
26.5,D4_1-2-Propanediol,29
26.75,D4_1-2-Propanediol,25
27.0,D4_1-2-Propanediol,21
27.25,D4_1-2-Propanediol,25
27.5,D4_1-2-Propanediol,21
27.75,D4_1-2-Propanediol,27
28.0,D4_1-2-Propanediol,25
28.25,D4_1-2-Propanediol,22
28.5,D4_1-2-Propanediol,22
28.75,D4_1-2-Propanediol,23
29.0,D4_1-2-Propanediol,25
29.25,D4_1-2-Propanediol,23
29.5,D4_1-2-Propanediol,21
29.75,D4_1-2-Propanediol,22
30.0,D4_1-2-Propanediol,21
30.25,D4_1-2-Propanediol,26
30.5,D4_1-2-Propanediol,21
30.75,D4_1-2-Propanediol,23
31.0,D4_1-2-Propanediol,26
31.25,D4_1-2-Propanediol,24
31.5,D4_1-2-Propanediol,25
31.75,D4_1-2-Propanediol,25
32.0,D4_1-2-Propanediol,22
32.25,D4_1-2-Propanediol,25
32.5,D4_1-2-Propanediol,27
32.75,D4_1-2-Propanediol,24
33.0,D4_1-2-Propanediol,24
33.25,D4_1-2-Propanediol,22
33.5,D4_1-2-Propanediol,24
33.75,D4_1-2-Propanediol,25
34.0,D4_1-2-Propanediol,19
34.25,D4_1-2-Propanediol,20
34.5,D4_1-2-Propanediol,26
34.75,D4_1-2-Propanediol,20
35.0,D4_1-2-Propanediol,22
35.25,D4_1-2-Propanediol,25
35.5,D4_1-2-Propanediol,23
35.75,D4_1-2-Propanediol,22
36.0,D4_1-2-Propanediol,24
36.25,D4_1-2-Propanediol,23
36.5,D4_1-2-Propanediol,21
36.75,D4_1-2-Propanediol,26
37.0,D4_1-2-Propanediol,20
37.25,D4_1-2-Propanediol,19
37.5,D4_1-2-Propanediol,22
37.75,D4_1-2-Propanediol,25
38.0,D4_1-2-Propanediol,22
38.25,D4_1-2-Propanediol,23
38.5,D4_1-2-Propanediol,24
38.75,D4_1-2-Propanediol,21
39.0,D4_1-2-Propanediol,23
39.25,D4_1-2-Propanediol,23
39.5,D4_1-2-Propanediol,25
39.75,D4_1-2-Propanediol,19
40.0,D4_1-2-Propanediol,24
40.25,D4_1-2-Propanediol,20
40.5,D4_1-2-Propanediol,21
40.75,D4_1-2-Propanediol,24
41.0,D4_1-2-Propanediol,22
41.25,D4_1-2-Propanediol,24
41.5,D4_1-2-Propanediol,23
41.75,D4_1-2-Propanediol,21
42.0,D4_1-2-Propanediol,24
42.25,D4_1-2-Propanediol,20
42.5,D4_1-2-Propanediol,22
42.75,D4_1-2-Propanediol,21
43.0,D4_1-2-Propanediol,21
43.25,D4_1-2-Propanediol,23
43.5,D4_1-2-Propanediol,23
43.75,D4_1-2-Propanediol,22
44.0,D4_1-2-Propanediol,19
44.25,D4_1-2-Propanediol,23
44.5,D4_1-2-Propanediol,23
44.75,D4_1-2-Propanediol,23
45.0,D4_1-2-Propanediol,21
45.25,D4_1-2-Propanediol,23
45.5,D4_1-2-Propanediol,25
45.75,D4_1-2-Propanediol,25
46.0,D4_1-2-Propanediol,22
46.25,D4_1-2-Propanediol,19
46.5,D4_1-2-Propanediol,25
46.75,D4_1-2-Propanediol,21
47.0,D4_1-2-Propanediol,27
47.25,D4_1-2-Propanediol,23
47.5,D4_1-2-Propanediol,22
47.75,D4_1-2-Propanediol,26
48.0,D4_1-2-Propanediol,23
48.25,D4_1-2-Propanediol,24
0.0,D5_Tween_40,11
0.25,D5_Tween_40,11
0.5,D5_Tween_40,11
0.75,D5_Tween_40,11
1.0,D5_Tween_40,11
1.25,D5_Tween_40,11
1.5,D5_Tween_40,11
1.75,D5_Tween_40,11
2.0,D5_Tween_40,11
2.25,D5_Tween_40,11
2.5,D5_Tween_40,11
2.75,D5_Tween_40,11
3.0,D5_Tween_40,11
3.25,D5_Tween_40,11
3.5,D5_Tween_40,11
3.75,D5_Tween_40,11
4.0,D5_Tween_40,11
4.25,D5_Tween_40,11
4.5,D5_Tween_40,11
4.75,D5_Tween_40,11
5.0,D5_Tween_40,11
5.25,D5_Tween_40,11
5.5,D5_Tween_40,11
5.75,D5_Tween_40,11
6.0,D5_Tween_40,11
6.25,D5_Tween_40,11
6.5,D5_Tween_40,11
6.75,D5_Tween_40,11
7.0,D5_Tween_40,11
7.25,D5_Tween_40,11
7.5,D5_Tween_40,11
7.75,D5_Tween_40,11
8.0,D5_Tween_40,11
8.25,D5_Tween_40,11
8.5,D5_Tween_40,11
8.75,D5_Tween_40,11
9.0,D5_Tween_40,11
9.25,D5_Tween_40,11
9.5,D5_Tween_40,11
9.75,D5_Tween_40,11
10.0,D5_Tween_40,11
10.25,D5_Tween_40,11
10.5,D5_Tween_40,11
10.75,D5_Tween_40,12
11.0,D5_Tween_40,11
11.25,D5_Tween_40,14
11.5,D5_Tween_40,11
11.75,D5_Tween_40,11
12.0,D5_Tween_40,11
12.25,D5_Tween_40,13
12.5,D5_Tween_40,12
12.75,D5_Tween_40,15
13.0,D5_Tween_40,12
13.25,D5_Tween_40,15
13.5,D5_Tween_40,11
13.75,D5_Tween_40,14
14.0,D5_Tween_40,14
14.25,D5_Tween_40,15
14.5,D5_Tween_40,14
14.75,D5_Tween_40,13
15.0,D5_Tween_40,18
15.25,D5_Tween_40,14
15.5,D5_Tween_40,18
15.75,D5_Tween_40,17
16.0,D5_Tween_40,19
16.25,D5_Tween_40,17
16.5,D5_Tween_40,15
16.75,D5_Tween_40,16
17.0,D5_Tween_40,23
17.25,D5_Tween_40,19
17.5,D5_Tween_40,18
17.75,D5_Tween_40,19
18.0,D5_Tween_40,19
18.25,D5_Tween_40,20
18.5,D5_Tween_40,23
18.75,D5_Tween_40,21
19.0,D5_Tween_40,20
19.25,D5_Tween_40,20
19.5,D5_Tween_40,17
19.75,D5_Tween_40,24
20.0,D5_Tween_40,25
20.25,D5_Tween_40,23
20.5,D5_Tween_40,19
20.75,D5_Tween_40,18
21.0,D5_Tween_40,24
21.25,D5_Tween_40,19
21.5,D5_Tween_40,28
21.75,D5_Tween_40,24
22.0,D5_Tween_40,25
22.25,D5_Tween_40,26
22.5,D5_Tween_40,25
22.75,D5_Tween_40,30
23.0,D5_Tween_40,29
23.25,D5_Tween_40,27
23.5,D5_Tween_40,28
23.75,D5_Tween_40,28
24.0,D5_Tween_40,30
24.25,D5_Tween_40,31
24.5,D5_Tween_40,28
24.75,D5_Tween_40,31
25.0,D5_Tween_40,32
25.25,D5_Tween_40,28
25.5,D5_Tween_40,31
25.75,D5_Tween_40,32
26.0,D5_Tween_40,32
26.25,D5_Tween_40,26
26.5,D5_Tween_40,28
26.75,D5_Tween_40,34
27.0,D5_Tween_40,32
27.25,D5_Tween_40,36
27.5,D5_Tween_40,34
27.75,D5_Tween_40,35
28.0,D5_Tween_40,30
28.25,D5_Tween_40,37
28.5,D5_Tween_40,37
28.75,D5_Tween_40,35
29.0,D5_Tween_40,39
29.25,D5_Tween_40,37
29.5,D5_Tween_40,34
29.75,D5_Tween_40,35
30.0,D5_Tween_40,29
30.25,D5_Tween_40,36
30.5,D5_Tween_40,37
30.75,D5_Tween_40,40
31.0,D5_Tween_40,37
31.25,D5_Tween_40,38
31.5,D5_Tween_40,40
31.75,D5_Tween_40,39
32.0,D5_Tween_40,39
32.25,D5_Tween_40,40
32.5,D5_Tween_40,42
32.75,D5_Tween_40,38
33.0,D5_Tween_40,38
33.25,D5_Tween_40,37
33.5,D5_Tween_40,39
33.75,D5_Tween_40,41
34.0,D5_Tween_40,45
34.25,D5_Tween_40,41
34.5,D5_Tween_40,44
34.75,D5_Tween_40,40
35.0,D5_Tween_40,38
35.25,D5_Tween_40,45
35.5,D5_Tween_40,45
35.75,D5_Tween_40,42
36.0,D5_Tween_40,44
36.25,D5_Tween_40,46
36.5,D5_Tween_40,46
36.75,D5_Tween_40,46
37.0,D5_Tween_40,47
37.25,D5_Tween_40,48
37.5,D5_Tween_40,45
37.75,D5_Tween_40,47
38.0,D5_Tween_40,46
38.25,D5_Tween_40,50
38.5,D5_Tween_40,43
38.75,D5_Tween_40,47
39.0,D5_Tween_40,51
39.25,D5_Tween_40,52
39.5,D5_Tween_40,44
39.75,D5_Tween_40,52
40.0,D5_Tween_40,50
40.25,D5_Tween_40,52
40.5,D5_Tween_40,49
40.75,D5_Tween_40,52
41.0,D5_Tween_40,56
41.25,D5_Tween_40,54
41.5,D5_Tween_40,52
41.75,D5_Tween_40,57
42.0,D5_Tween_40,54
42.25,D5_Tween_40,52
42.5,D5_Tween_40,52
42.75,D5_Tween_40,56
43.0,D5_Tween_40,53
43.25,D5_Tween_40,55
43.5,D5_Tween_40,53
43.75,D5_Tween_40,57
44.0,D5_Tween_40,58
44.25,D5_Tween_40,57
44.5,D5_Tween_40,57
44.75,D5_Tween_40,56
45.0,D5_Tween_40,55
45.25,D5_Tween_40,54
45.5,D5_Tween_40,59
45.75,D5_Tween_40,59
46.0,D5_Tween_40,62
46.25,D5_Tween_40,58
46.5,D5_Tween_40,62
46.75,D5_Tween_40,59
47.0,D5_Tween_40,62
47.25,D5_Tween_40,62
47.5,D5_Tween_40,65
47.75,D5_Tween_40,60
48.0,D5_Tween_40,62
48.25,D5_Tween_40,65
0.0,D6_a-Keto-Glutaric_Acid,11
0.25,D6_a-Keto-Glutaric_Acid,11
0.5,D6_a-Keto-Glutaric_Acid,11
0.75,D6_a-Keto-Glutaric_Acid,11
1.0,D6_a-Keto-Glutaric_Acid,11
1.25,D6_a-Keto-Glutaric_Acid,11
1.5,D6_a-Keto-Glutaric_Acid,11
1.75,D6_a-Keto-Glutaric_Acid,11
2.0,D6_a-Keto-Glutaric_Acid,11
2.25,D6_a-Keto-Glutaric_Acid,11
2.5,D6_a-Keto-Glutaric_Acid,11
2.75,D6_a-Keto-Glutaric_Acid,11
3.0,D6_a-Keto-Glutaric_Acid,11
3.25,D6_a-Keto-Glutaric_Acid,11
3.5,D6_a-Keto-Glutaric_Acid,11
3.75,D6_a-Keto-Glutaric_Acid,11
4.0,D6_a-Keto-Glutaric_Acid,11
4.25,D6_a-Keto-Glutaric_Acid,11
4.5,D6_a-Keto-Glutaric_Acid,11
4.75,D6_a-Keto-Glutaric_Acid,11
5.0,D6_a-Keto-Glutaric_Acid,11
5.25,D6_a-Keto-Glutaric_Acid,11
5.5,D6_a-Keto-Glutaric_Acid,11
5.75,D6_a-Keto-Glutaric_Acid,11
6.0,D6_a-Keto-Glutaric_Acid,11
6.25,D6_a-Keto-Glutaric_Acid,11
6.5,D6_a-Keto-Glutaric_Acid,11
6.75,D6_a-Keto-Glutaric_Acid,11
7.0,D6_a-Keto-Glutaric_Acid,11
7.25,D6_a-Keto-Glutaric_Acid,11
7.5,D6_a-Keto-Glutaric_Acid,11
7.75,D6_a-Keto-Glutaric_Acid,11
8.0,D6_a-Keto-Glutaric_Acid,11
8.25,D6_a-Keto-Glutaric_Acid,11
8.5,D6_a-Keto-Glutaric_Acid,11
8.75,D6_a-Keto-Glutaric_Acid,12
9.0,D6_a-Keto-Glutaric_Acid,11
9.25,D6_a-Keto-Glutaric_Acid,11
9.5,D6_a-Keto-Glutaric_Acid,11
9.75,D6_a-Keto-Glutaric_Acid,11
10.0,D6_a-Keto-Glutaric_Acid,11
10.25,D6_a-Keto-Glutaric_Acid,11
10.5,D6_a-Keto-Glutaric_Acid,11
10.75,D6_a-Keto-Glutaric_Acid,11
11.0,D6_a-Keto-Glutaric_Acid,11
11.25,D6_a-Keto-Glutaric_Acid,11
11.5,D6_a-Keto-Glutaric_Acid,11
11.75,D6_a-Keto-Glutaric_Acid,11
12.0,D6_a-Keto-Glutaric_Acid,12
12.25,D6_a-Keto-Glutaric_Acid,11
12.5,D6_a-Keto-Glutaric_Acid,11
12.75,D6_a-Keto-Glutaric_Acid,14
13.0,D6_a-Keto-Glutaric_Acid,13
13.25,D6_a-Keto-Glutaric_Acid,13
13.5,D6_a-Keto-Glutaric_Acid,14
13.75,D6_a-Keto-Glutaric_Acid,14
14.0,D6_a-Keto-Glutaric_Acid,14
14.25,D6_a-Keto-Glutaric_Acid,11
14.5,D6_a-Keto-Glutaric_Acid,14
14.75,D6_a-Keto-Glutaric_Acid,11
15.0,D6_a-Keto-Glutaric_Acid,13
15.25,D6_a-Keto-Glutaric_Acid,13
15.5,D6_a-Keto-Glutaric_Acid,16
15.75,D6_a-Keto-Glutaric_Acid,15
16.0,D6_a-Keto-Glutaric_Acid,13
16.25,D6_a-Keto-Glutaric_Acid,14
16.5,D6_a-Keto-Glutaric_Acid,16
16.75,D6_a-Keto-Glutaric_Acid,19
17.0,D6_a-Keto-Glutaric_Acid,16
17.25,D6_a-Keto-Glutaric_Acid,16
17.5,D6_a-Keto-Glutaric_Acid,20
17.75,D6_a-Keto-Glutaric_Acid,17
18.0,D6_a-Keto-Glutaric_Acid,20
18.25,D6_a-Keto-Glutaric_Acid,19
18.5,D6_a-Keto-Glutaric_Acid,20
18.75,D6_a-Keto-Glutaric_Acid,19
19.0,D6_a-Keto-Glutaric_Acid,19
19.25,D6_a-Keto-Glutaric_Acid,21
19.5,D6_a-Keto-Glutaric_Acid,18
19.75,D6_a-Keto-Glutaric_Acid,24
20.0,D6_a-Keto-Glutaric_Acid,20
20.25,D6_a-Keto-Glutaric_Acid,21
20.5,D6_a-Keto-Glutaric_Acid,20
20.75,D6_a-Keto-Glutaric_Acid,18
21.0,D6_a-Keto-Glutaric_Acid,21
21.25,D6_a-Keto-Glutaric_Acid,22
21.5,D6_a-Keto-Glutaric_Acid,21
21.75,D6_a-Keto-Glutaric_Acid,23
22.0,D6_a-Keto-Glutaric_Acid,23
22.25,D6_a-Keto-Glutaric_Acid,24
22.5,D6_a-Keto-Glutaric_Acid,23
22.75,D6_a-Keto-Glutaric_Acid,22
23.0,D6_a-Keto-Glutaric_Acid,27
23.25,D6_a-Keto-Glutaric_Acid,25
23.5,D6_a-Keto-Glutaric_Acid,23
23.75,D6_a-Keto-Glutaric_Acid,26
24.0,D6_a-Keto-Glutaric_Acid,22
24.25,D6_a-Keto-Glutaric_Acid,27
24.5,D6_a-Keto-Glutaric_Acid,23
24.75,D6_a-Keto-Glutaric_Acid,26
25.0,D6_a-Keto-Glutaric_Acid,31
25.25,D6_a-Keto-Glutaric_Acid,29
25.5,D6_a-Keto-Glutaric_Acid,28
25.75,D6_a-Keto-Glutaric_Acid,28
26.0,D6_a-Keto-Glutaric_Acid,25
26.25,D6_a-Keto-Glutaric_Acid,26
26.5,D6_a-Keto-Glutaric_Acid,27
26.75,D6_a-Keto-Glutaric_Acid,26
27.0,D6_a-Keto-Glutaric_Acid,30
27.25,D6_a-Keto-Glutaric_Acid,27
27.5,D6_a-Keto-Glutaric_Acid,29
27.75,D6_a-Keto-Glutaric_Acid,30
28.0,D6_a-Keto-Glutaric_Acid,32
28.25,D6_a-Keto-Glutaric_Acid,28
28.5,D6_a-Keto-Glutaric_Acid,33
28.75,D6_a-Keto-Glutaric_Acid,33
29.0,D6_a-Keto-Glutaric_Acid,29
29.25,D6_a-Keto-Glutaric_Acid,29
29.5,D6_a-Keto-Glutaric_Acid,35
29.75,D6_a-Keto-Glutaric_Acid,29
30.0,D6_a-Keto-Glutaric_Acid,34
30.25,D6_a-Keto-Glutaric_Acid,29
30.5,D6_a-Keto-Glutaric_Acid,32
30.75,D6_a-Keto-Glutaric_Acid,32
31.0,D6_a-Keto-Glutaric_Acid,30
31.25,D6_a-Keto-Glutaric_Acid,35
31.5,D6_a-Keto-Glutaric_Acid,34
31.75,D6_a-Keto-Glutaric_Acid,37
32.0,D6_a-Keto-Glutaric_Acid,34
32.25,D6_a-Keto-Glutaric_Acid,34
32.5,D6_a-Keto-Glutaric_Acid,30
32.75,D6_a-Keto-Glutaric_Acid,35
33.0,D6_a-Keto-Glutaric_Acid,35
33.25,D6_a-Keto-Glutaric_Acid,29
33.5,D6_a-Keto-Glutaric_Acid,34
33.75,D6_a-Keto-Glutaric_Acid,32
34.0,D6_a-Keto-Glutaric_Acid,34
34.25,D6_a-Keto-Glutaric_Acid,36
34.5,D6_a-Keto-Glutaric_Acid,38
34.75,D6_a-Keto-Glutaric_Acid,34
35.0,D6_a-Keto-Glutaric_Acid,32
35.25,D6_a-Keto-Glutaric_Acid,36
35.5,D6_a-Keto-Glutaric_Acid,38
35.75,D6_a-Keto-Glutaric_Acid,37
36.0,D6_a-Keto-Glutaric_Acid,36
36.25,D6_a-Keto-Glutaric_Acid,38
36.5,D6_a-Keto-Glutaric_Acid,36
36.75,D6_a-Keto-Glutaric_Acid,38
37.0,D6_a-Keto-Glutaric_Acid,36
37.25,D6_a-Keto-Glutaric_Acid,35
37.5,D6_a-Keto-Glutaric_Acid,36
37.75,D6_a-Keto-Glutaric_Acid,33
38.0,D6_a-Keto-Glutaric_Acid,40
38.25,D6_a-Keto-Glutaric_Acid,43
38.5,D6_a-Keto-Glutaric_Acid,37
38.75,D6_a-Keto-Glutaric_Acid,39
39.0,D6_a-Keto-Glutaric_Acid,35
39.25,D6_a-Keto-Glutaric_Acid,40
39.5,D6_a-Keto-Glutaric_Acid,39
39.75,D6_a-Keto-Glutaric_Acid,32
40.0,D6_a-Keto-Glutaric_Acid,37
40.25,D6_a-Keto-Glutaric_Acid,39
40.5,D6_a-Keto-Glutaric_Acid,37
40.75,D6_a-Keto-Glutaric_Acid,39
41.0,D6_a-Keto-Glutaric_Acid,41
41.25,D6_a-Keto-Glutaric_Acid,39
41.5,D6_a-Keto-Glutaric_Acid,38
41.75,D6_a-Keto-Glutaric_Acid,42
42.0,D6_a-Keto-Glutaric_Acid,38
42.25,D6_a-Keto-Glutaric_Acid,41
42.5,D6_a-Keto-Glutaric_Acid,40
42.75,D6_a-Keto-Glutaric_Acid,39
43.0,D6_a-Keto-Glutaric_Acid,39
43.25,D6_a-Keto-Glutaric_Acid,38
43.5,D6_a-Keto-Glutaric_Acid,40
43.75,D6_a-Keto-Glutaric_Acid,42
44.0,D6_a-Keto-Glutaric_Acid,45
44.25,D6_a-Keto-Glutaric_Acid,43
44.5,D6_a-Keto-Glutaric_Acid,38
44.75,D6_a-Keto-Glutaric_Acid,40
45.0,D6_a-Keto-Glutaric_Acid,39
45.25,D6_a-Keto-Glutaric_Acid,39
45.5,D6_a-Keto-Glutaric_Acid,40
45.75,D6_a-Keto-Glutaric_Acid,47
46.0,D6_a-Keto-Glutaric_Acid,43
46.25,D6_a-Keto-Glutaric_Acid,45
46.5,D6_a-Keto-Glutaric_Acid,45
46.75,D6_a-Keto-Glutaric_Acid,42
47.0,D6_a-Keto-Glutaric_Acid,47
47.25,D6_a-Keto-Glutaric_Acid,48
47.5,D6_a-Keto-Glutaric_Acid,49
47.75,D6_a-Keto-Glutaric_Acid,48
48.0,D6_a-Keto-Glutaric_Acid,49
48.25,D6_a-Keto-Glutaric_Acid,44
0.0,D7_a-Keto-Butyric_Acid,11
0.25,D7_a-Keto-Butyric_Acid,11
0.5,D7_a-Keto-Butyric_Acid,11
0.75,D7_a-Keto-Butyric_Acid,11
1.0,D7_a-Keto-Butyric_Acid,11
1.25,D7_a-Keto-Butyric_Acid,11
1.5,D7_a-Keto-Butyric_Acid,11
1.75,D7_a-Keto-Butyric_Acid,11
2.0,D7_a-Keto-Butyric_Acid,11
2.25,D7_a-Keto-Butyric_Acid,11
2.5,D7_a-Keto-Butyric_Acid,11
2.75,D7_a-Keto-Butyric_Acid,11
3.0,D7_a-Keto-Butyric_Acid,11
3.25,D7_a-Keto-Butyric_Acid,11
3.5,D7_a-Keto-Butyric_Acid,11
3.75,D7_a-Keto-Butyric_Acid,11
4.0,D7_a-Keto-Butyric_Acid,11
4.25,D7_a-Keto-Butyric_Acid,11
4.5,D7_a-Keto-Butyric_Acid,11
4.75,D7_a-Keto-Butyric_Acid,11
5.0,D7_a-Keto-Butyric_Acid,11
5.25,D7_a-Keto-Butyric_Acid,11
5.5,D7_a-Keto-Butyric_Acid,11
5.75,D7_a-Keto-Butyric_Acid,11
6.0,D7_a-Keto-Butyric_Acid,11
6.25,D7_a-Keto-Butyric_Acid,11
6.5,D7_a-Keto-Butyric_Acid,11
6.75,D7_a-Keto-Butyric_Acid,11
7.0,D7_a-Keto-Butyric_Acid,11
7.25,D7_a-Keto-Butyric_Acid,11
7.5,D7_a-Keto-Butyric_Acid,11
7.75,D7_a-Keto-Butyric_Acid,11
8.0,D7_a-Keto-Butyric_Acid,11
8.25,D7_a-Keto-Butyric_Acid,11
8.5,D7_a-Keto-Butyric_Acid,11
8.75,D7_a-Keto-Butyric_Acid,11
9.0,D7_a-Keto-Butyric_Acid,11
9.25,D7_a-Keto-Butyric_Acid,11
9.5,D7_a-Keto-Butyric_Acid,11
9.75,D7_a-Keto-Butyric_Acid,11
10.0,D7_a-Keto-Butyric_Acid,11
10.25,D7_a-Keto-Butyric_Acid,11
10.5,D7_a-Keto-Butyric_Acid,11
10.75,D7_a-Keto-Butyric_Acid,11
11.0,D7_a-Keto-Butyric_Acid,11
11.25,D7_a-Keto-Butyric_Acid,11
11.5,D7_a-Keto-Butyric_Acid,11
11.75,D7_a-Keto-Butyric_Acid,11
12.0,D7_a-Keto-Butyric_Acid,11
12.25,D7_a-Keto-Butyric_Acid,11
12.5,D7_a-Keto-Butyric_Acid,11
12.75,D7_a-Keto-Butyric_Acid,11
13.0,D7_a-Keto-Butyric_Acid,11
13.25,D7_a-Keto-Butyric_Acid,11
13.5,D7_a-Keto-Butyric_Acid,11
13.75,D7_a-Keto-Butyric_Acid,12
14.0,D7_a-Keto-Butyric_Acid,11
14.25,D7_a-Keto-Butyric_Acid,11
14.5,D7_a-Keto-Butyric_Acid,11
14.75,D7_a-Keto-Butyric_Acid,11
15.0,D7_a-Keto-Butyric_Acid,11
15.25,D7_a-Keto-Butyric_Acid,11
15.5,D7_a-Keto-Butyric_Acid,12
15.75,D7_a-Keto-Butyric_Acid,14
16.0,D7_a-Keto-Butyric_Acid,12
16.25,D7_a-Keto-Butyric_Acid,11
16.5,D7_a-Keto-Butyric_Acid,11
16.75,D7_a-Keto-Butyric_Acid,11
17.0,D7_a-Keto-Butyric_Acid,11
17.25,D7_a-Keto-Butyric_Acid,13
17.5,D7_a-Keto-Butyric_Acid,11
17.75,D7_a-Keto-Butyric_Acid,13
18.0,D7_a-Keto-Butyric_Acid,13
18.25,D7_a-Keto-Butyric_Acid,17
18.5,D7_a-Keto-Butyric_Acid,13
18.75,D7_a-Keto-Butyric_Acid,13
19.0,D7_a-Keto-Butyric_Acid,11
19.25,D7_a-Keto-Butyric_Acid,11
19.5,D7_a-Keto-Butyric_Acid,11
19.75,D7_a-Keto-Butyric_Acid,12
20.0,D7_a-Keto-Butyric_Acid,17
20.25,D7_a-Keto-Butyric_Acid,13
20.5,D7_a-Keto-Butyric_Acid,13
20.75,D7_a-Keto-Butyric_Acid,13
21.0,D7_a-Keto-Butyric_Acid,12
21.25,D7_a-Keto-Butyric_Acid,12
21.5,D7_a-Keto-Butyric_Acid,16
21.75,D7_a-Keto-Butyric_Acid,14
22.0,D7_a-Keto-Butyric_Acid,14
22.25,D7_a-Keto-Butyric_Acid,12
22.5,D7_a-Keto-Butyric_Acid,11
22.75,D7_a-Keto-Butyric_Acid,12
23.0,D7_a-Keto-Butyric_Acid,15
23.25,D7_a-Keto-Butyric_Acid,12
23.5,D7_a-Keto-Butyric_Acid,13
23.75,D7_a-Keto-Butyric_Acid,11
24.0,D7_a-Keto-Butyric_Acid,13
24.25,D7_a-Keto-Butyric_Acid,14
24.5,D7_a-Keto-Butyric_Acid,11
24.75,D7_a-Keto-Butyric_Acid,12
25.0,D7_a-Keto-Butyric_Acid,13
25.25,D7_a-Keto-Butyric_Acid,16
25.5,D7_a-Keto-Butyric_Acid,15
25.75,D7_a-Keto-Butyric_Acid,16
26.0,D7_a-Keto-Butyric_Acid,13
26.25,D7_a-Keto-Butyric_Acid,13
26.5,D7_a-Keto-Butyric_Acid,14
26.75,D7_a-Keto-Butyric_Acid,11
27.0,D7_a-Keto-Butyric_Acid,11
27.25,D7_a-Keto-Butyric_Acid,19
27.5,D7_a-Keto-Butyric_Acid,16
27.75,D7_a-Keto-Butyric_Acid,11
28.0,D7_a-Keto-Butyric_Acid,14
28.25,D7_a-Keto-Butyric_Acid,16
28.5,D7_a-Keto-Butyric_Acid,16
28.75,D7_a-Keto-Butyric_Acid,15
29.0,D7_a-Keto-Butyric_Acid,15
29.25,D7_a-Keto-Butyric_Acid,16
29.5,D7_a-Keto-Butyric_Acid,17
29.75,D7_a-Keto-Butyric_Acid,12
30.0,D7_a-Keto-Butyric_Acid,18
30.25,D7_a-Keto-Butyric_Acid,17
30.5,D7_a-Keto-Butyric_Acid,13
30.75,D7_a-Keto-Butyric_Acid,12
31.0,D7_a-Keto-Butyric_Acid,16
31.25,D7_a-Keto-Butyric_Acid,17
31.5,D7_a-Keto-Butyric_Acid,17
31.75,D7_a-Keto-Butyric_Acid,17
32.0,D7_a-Keto-Butyric_Acid,15
32.25,D7_a-Keto-Butyric_Acid,16
32.5,D7_a-Keto-Butyric_Acid,13
32.75,D7_a-Keto-Butyric_Acid,16
33.0,D7_a-Keto-Butyric_Acid,16
33.25,D7_a-Keto-Butyric_Acid,13
33.5,D7_a-Keto-Butyric_Acid,15
33.75,D7_a-Keto-Butyric_Acid,17
34.0,D7_a-Keto-Butyric_Acid,14
34.25,D7_a-Keto-Butyric_Acid,13
34.5,D7_a-Keto-Butyric_Acid,13
34.75,D7_a-Keto-Butyric_Acid,13
35.0,D7_a-Keto-Butyric_Acid,18
35.25,D7_a-Keto-Butyric_Acid,18
35.5,D7_a-Keto-Butyric_Acid,17
35.75,D7_a-Keto-Butyric_Acid,21
36.0,D7_a-Keto-Butyric_Acid,19
36.25,D7_a-Keto-Butyric_Acid,14
36.5,D7_a-Keto-Butyric_Acid,15
36.75,D7_a-Keto-Butyric_Acid,18
37.0,D7_a-Keto-Butyric_Acid,17
37.25,D7_a-Keto-Butyric_Acid,12
37.5,D7_a-Keto-Butyric_Acid,20
37.75,D7_a-Keto-Butyric_Acid,17
38.0,D7_a-Keto-Butyric_Acid,18
38.25,D7_a-Keto-Butyric_Acid,19
38.5,D7_a-Keto-Butyric_Acid,19
38.75,D7_a-Keto-Butyric_Acid,16
39.0,D7_a-Keto-Butyric_Acid,17
39.25,D7_a-Keto-Butyric_Acid,16
39.5,D7_a-Keto-Butyric_Acid,19
39.75,D7_a-Keto-Butyric_Acid,18
40.0,D7_a-Keto-Butyric_Acid,20
40.25,D7_a-Keto-Butyric_Acid,16
40.5,D7_a-Keto-Butyric_Acid,19
40.75,D7_a-Keto-Butyric_Acid,20
41.0,D7_a-Keto-Butyric_Acid,19
41.25,D7_a-Keto-Butyric_Acid,16
41.5,D7_a-Keto-Butyric_Acid,16
41.75,D7_a-Keto-Butyric_Acid,20
42.0,D7_a-Keto-Butyric_Acid,21
42.25,D7_a-Keto-Butyric_Acid,17
42.5,D7_a-Keto-Butyric_Acid,18
42.75,D7_a-Keto-Butyric_Acid,18
43.0,D7_a-Keto-Butyric_Acid,20
43.25,D7_a-Keto-Butyric_Acid,18
43.5,D7_a-Keto-Butyric_Acid,15
43.75,D7_a-Keto-Butyric_Acid,17
44.0,D7_a-Keto-Butyric_Acid,19
44.25,D7_a-Keto-Butyric_Acid,18
44.5,D7_a-Keto-Butyric_Acid,19
44.75,D7_a-Keto-Butyric_Acid,20
45.0,D7_a-Keto-Butyric_Acid,19
45.25,D7_a-Keto-Butyric_Acid,21
45.5,D7_a-Keto-Butyric_Acid,21
45.75,D7_a-Keto-Butyric_Acid,15
46.0,D7_a-Keto-Butyric_Acid,22
46.25,D7_a-Keto-Butyric_Acid,21
46.5,D7_a-Keto-Butyric_Acid,22
46.75,D7_a-Keto-Butyric_Acid,22
47.0,D7_a-Keto-Butyric_Acid,20
47.25,D7_a-Keto-Butyric_Acid,19
47.5,D7_a-Keto-Butyric_Acid,23
47.75,D7_a-Keto-Butyric_Acid,25
48.0,D7_a-Keto-Butyric_Acid,20
48.25,D7_a-Keto-Butyric_Acid,21
0.0,D8_a-Methyl-D_Galactoside,11
0.25,D8_a-Methyl-D_Galactoside,11
0.5,D8_a-Methyl-D_Galactoside,11
0.75,D8_a-Methyl-D_Galactoside,11
1.0,D8_a-Methyl-D_Galactoside,11
1.25,D8_a-Methyl-D_Galactoside,11
1.5,D8_a-Methyl-D_Galactoside,11
1.75,D8_a-Methyl-D_Galactoside,11
2.0,D8_a-Methyl-D_Galactoside,11
2.25,D8_a-Methyl-D_Galactoside,11
2.5,D8_a-Methyl-D_Galactoside,11
2.75,D8_a-Methyl-D_Galactoside,11
3.0,D8_a-Methyl-D_Galactoside,11
3.25,D8_a-Methyl-D_Galactoside,11
3.5,D8_a-Methyl-D_Galactoside,11
3.75,D8_a-Methyl-D_Galactoside,11
4.0,D8_a-Methyl-D_Galactoside,11
4.25,D8_a-Methyl-D_Galactoside,11
4.5,D8_a-Methyl-D_Galactoside,11
4.75,D8_a-Methyl-D_Galactoside,11
5.0,D8_a-Methyl-D_Galactoside,11
5.25,D8_a-Methyl-D_Galactoside,11
5.5,D8_a-Methyl-D_Galactoside,11
5.75,D8_a-Methyl-D_Galactoside,11
6.0,D8_a-Methyl-D_Galactoside,11
6.25,D8_a-Methyl-D_Galactoside,11
6.5,D8_a-Methyl-D_Galactoside,11
6.75,D8_a-Methyl-D_Galactoside,11
7.0,D8_a-Methyl-D_Galactoside,11
7.25,D8_a-Methyl-D_Galactoside,11
7.5,D8_a-Methyl-D_Galactoside,11
7.75,D8_a-Methyl-D_Galactoside,11
8.0,D8_a-Methyl-D_Galactoside,11
8.25,D8_a-Methyl-D_Galactoside,11
8.5,D8_a-Methyl-D_Galactoside,11
8.75,D8_a-Methyl-D_Galactoside,11
9.0,D8_a-Methyl-D_Galactoside,11
9.25,D8_a-Methyl-D_Galactoside,12
9.5,D8_a-Methyl-D_Galactoside,12
9.75,D8_a-Methyl-D_Galactoside,11
10.0,D8_a-Methyl-D_Galactoside,11
10.25,D8_a-Methyl-D_Galactoside,11
10.5,D8_a-Methyl-D_Galactoside,11
10.75,D8_a-Methyl-D_Galactoside,11
11.0,D8_a-Methyl-D_Galactoside,11
11.25,D8_a-Methyl-D_Galactoside,12
11.5,D8_a-Methyl-D_Galactoside,11
11.75,D8_a-Methyl-D_Galactoside,11
12.0,D8_a-Methyl-D_Galactoside,11
12.25,D8_a-Methyl-D_Galactoside,11
12.5,D8_a-Methyl-D_Galactoside,11
12.75,D8_a-Methyl-D_Galactoside,11
13.0,D8_a-Methyl-D_Galactoside,11
13.25,D8_a-Methyl-D_Galactoside,12
13.5,D8_a-Methyl-D_Galactoside,11
13.75,D8_a-Methyl-D_Galactoside,11
14.0,D8_a-Methyl-D_Galactoside,12
14.25,D8_a-Methyl-D_Galactoside,11
14.5,D8_a-Methyl-D_Galactoside,13
14.75,D8_a-Methyl-D_Galactoside,14
15.0,D8_a-Methyl-D_Galactoside,11
15.25,D8_a-Methyl-D_Galactoside,13
15.5,D8_a-Methyl-D_Galactoside,11
15.75,D8_a-Methyl-D_Galactoside,16
16.0,D8_a-Methyl-D_Galactoside,13
16.25,D8_a-Methyl-D_Galactoside,11
16.5,D8_a-Methyl-D_Galactoside,13
16.75,D8_a-Methyl-D_Galactoside,15
17.0,D8_a-Methyl-D_Galactoside,17
17.25,D8_a-Methyl-D_Galactoside,13
17.5,D8_a-Methyl-D_Galactoside,14
17.75,D8_a-Methyl-D_Galactoside,14
18.0,D8_a-Methyl-D_Galactoside,16
18.25,D8_a-Methyl-D_Galactoside,15
18.5,D8_a-Methyl-D_Galactoside,15
18.75,D8_a-Methyl-D_Galactoside,14
19.0,D8_a-Methyl-D_Galactoside,17
19.25,D8_a-Methyl-D_Galactoside,13
19.5,D8_a-Methyl-D_Galactoside,18
19.75,D8_a-Methyl-D_Galactoside,15
20.0,D8_a-Methyl-D_Galactoside,19
20.25,D8_a-Methyl-D_Galactoside,14
20.5,D8_a-Methyl-D_Galactoside,21
20.75,D8_a-Methyl-D_Galactoside,17
21.0,D8_a-Methyl-D_Galactoside,18
21.25,D8_a-Methyl-D_Galactoside,15
21.5,D8_a-Methyl-D_Galactoside,13
21.75,D8_a-Methyl-D_Galactoside,14
22.0,D8_a-Methyl-D_Galactoside,17
22.25,D8_a-Methyl-D_Galactoside,17
22.5,D8_a-Methyl-D_Galactoside,16
22.75,D8_a-Methyl-D_Galactoside,11
23.0,D8_a-Methyl-D_Galactoside,20
23.25,D8_a-Methyl-D_Galactoside,13
23.5,D8_a-Methyl-D_Galactoside,17
23.75,D8_a-Methyl-D_Galactoside,16
24.0,D8_a-Methyl-D_Galactoside,15
24.25,D8_a-Methyl-D_Galactoside,14
24.5,D8_a-Methyl-D_Galactoside,11
24.75,D8_a-Methyl-D_Galactoside,17
25.0,D8_a-Methyl-D_Galactoside,17
25.25,D8_a-Methyl-D_Galactoside,19
25.5,D8_a-Methyl-D_Galactoside,21
25.75,D8_a-Methyl-D_Galactoside,19
26.0,D8_a-Methyl-D_Galactoside,16
26.25,D8_a-Methyl-D_Galactoside,21
26.5,D8_a-Methyl-D_Galactoside,18
26.75,D8_a-Methyl-D_Galactoside,12
27.0,D8_a-Methyl-D_Galactoside,14
27.25,D8_a-Methyl-D_Galactoside,17
27.5,D8_a-Methyl-D_Galactoside,16
27.75,D8_a-Methyl-D_Galactoside,19
28.0,D8_a-Methyl-D_Galactoside,16
28.25,D8_a-Methyl-D_Galactoside,15
28.5,D8_a-Methyl-D_Galactoside,14
28.75,D8_a-Methyl-D_Galactoside,15
29.0,D8_a-Methyl-D_Galactoside,16
29.25,D8_a-Methyl-D_Galactoside,18
29.5,D8_a-Methyl-D_Galactoside,16
29.75,D8_a-Methyl-D_Galactoside,16
30.0,D8_a-Methyl-D_Galactoside,12
30.25,D8_a-Methyl-D_Galactoside,16
30.5,D8_a-Methyl-D_Galactoside,13
30.75,D8_a-Methyl-D_Galactoside,15
31.0,D8_a-Methyl-D_Galactoside,21
31.25,D8_a-Methyl-D_Galactoside,13
31.5,D8_a-Methyl-D_Galactoside,22
31.75,D8_a-Methyl-D_Galactoside,15
32.0,D8_a-Methyl-D_Galactoside,16
32.25,D8_a-Methyl-D_Galactoside,18
32.5,D8_a-Methyl-D_Galactoside,17
32.75,D8_a-Methyl-D_Galactoside,14
33.0,D8_a-Methyl-D_Galactoside,16
33.25,D8_a-Methyl-D_Galactoside,14
33.5,D8_a-Methyl-D_Galactoside,17
33.75,D8_a-Methyl-D_Galactoside,17
34.0,D8_a-Methyl-D_Galactoside,17
34.25,D8_a-Methyl-D_Galactoside,15
34.5,D8_a-Methyl-D_Galactoside,15
34.75,D8_a-Methyl-D_Galactoside,15
35.0,D8_a-Methyl-D_Galactoside,18
35.25,D8_a-Methyl-D_Galactoside,19
35.5,D8_a-Methyl-D_Galactoside,17
35.75,D8_a-Methyl-D_Galactoside,19
36.0,D8_a-Methyl-D_Galactoside,18
36.25,D8_a-Methyl-D_Galactoside,17
36.5,D8_a-Methyl-D_Galactoside,15
36.75,D8_a-Methyl-D_Galactoside,22
37.0,D8_a-Methyl-D_Galactoside,14
37.25,D8_a-Methyl-D_Galactoside,14
37.5,D8_a-Methyl-D_Galactoside,12
37.75,D8_a-Methyl-D_Galactoside,13
38.0,D8_a-Methyl-D_Galactoside,12
38.25,D8_a-Methyl-D_Galactoside,20
38.5,D8_a-Methyl-D_Galactoside,16
38.75,D8_a-Methyl-D_Galactoside,12
39.0,D8_a-Methyl-D_Galactoside,18
39.25,D8_a-Methyl-D_Galactoside,19
39.5,D8_a-Methyl-D_Galactoside,16
39.75,D8_a-Methyl-D_Galactoside,16
40.0,D8_a-Methyl-D_Galactoside,19
40.25,D8_a-Methyl-D_Galactoside,14
40.5,D8_a-Methyl-D_Galactoside,18
40.75,D8_a-Methyl-D_Galactoside,15
41.0,D8_a-Methyl-D_Galactoside,15
41.25,D8_a-Methyl-D_Galactoside,15
41.5,D8_a-Methyl-D_Galactoside,14
41.75,D8_a-Methyl-D_Galactoside,15
42.0,D8_a-Methyl-D_Galactoside,18
42.25,D8_a-Methyl-D_Galactoside,12
42.5,D8_a-Methyl-D_Galactoside,14
42.75,D8_a-Methyl-D_Galactoside,17
43.0,D8_a-Methyl-D_Galactoside,16
43.25,D8_a-Methyl-D_Galactoside,16
43.5,D8_a-Methyl-D_Galactoside,16
43.75,D8_a-Methyl-D_Galactoside,13
44.0,D8_a-Methyl-D_Galactoside,16
44.25,D8_a-Methyl-D_Galactoside,11
44.5,D8_a-Methyl-D_Galactoside,14
44.75,D8_a-Methyl-D_Galactoside,18
45.0,D8_a-Methyl-D_Galactoside,11
45.25,D8_a-Methyl-D_Galactoside,14
45.5,D8_a-Methyl-D_Galactoside,15
45.75,D8_a-Methyl-D_Galactoside,18
46.0,D8_a-Methyl-D_Galactoside,14
46.25,D8_a-Methyl-D_Galactoside,17
46.5,D8_a-Methyl-D_Galactoside,22
46.75,D8_a-Methyl-D_Galactoside,15
47.0,D8_a-Methyl-D_Galactoside,19
47.25,D8_a-Methyl-D_Galactoside,17
47.5,D8_a-Methyl-D_Galactoside,16
47.75,D8_a-Methyl-D_Galactoside,18
48.0,D8_a-Methyl-D_Galactoside,17
48.25,D8_a-Methyl-D_Galactoside,21
0.0,D9_a-D-Lactose,11
0.25,D9_a-D-Lactose,11
0.5,D9_a-D-Lactose,12
0.75,D9_a-D-Lactose,11
1.0,D9_a-D-Lactose,11
1.25,D9_a-D-Lactose,11
1.5,D9_a-D-Lactose,11
1.75,D9_a-D-Lactose,11
2.0,D9_a-D-Lactose,11
2.25,D9_a-D-Lactose,11
2.5,D9_a-D-Lactose,11
2.75,D9_a-D-Lactose,11
3.0,D9_a-D-Lactose,11
3.25,D9_a-D-Lactose,11
3.5,D9_a-D-Lactose,11
3.75,D9_a-D-Lactose,11
4.0,D9_a-D-Lactose,11
4.25,D9_a-D-Lactose,11
4.5,D9_a-D-Lactose,11
4.75,D9_a-D-Lactose,11
5.0,D9_a-D-Lactose,11
5.25,D9_a-D-Lactose,11
5.5,D9_a-D-Lactose,11
5.75,D9_a-D-Lactose,11
6.0,D9_a-D-Lactose,11
6.25,D9_a-D-Lactose,11
6.5,D9_a-D-Lactose,11
6.75,D9_a-D-Lactose,11
7.0,D9_a-D-Lactose,11
7.25,D9_a-D-Lactose,11
7.5,D9_a-D-Lactose,11
7.75,D9_a-D-Lactose,11
8.0,D9_a-D-Lactose,11
8.25,D9_a-D-Lactose,11
8.5,D9_a-D-Lactose,11
8.75,D9_a-D-Lactose,11
9.0,D9_a-D-Lactose,11
9.25,D9_a-D-Lactose,11
9.5,D9_a-D-Lactose,13
9.75,D9_a-D-Lactose,12
10.0,D9_a-D-Lactose,11
10.25,D9_a-D-Lactose,12
10.5,D9_a-D-Lactose,12
10.75,D9_a-D-Lactose,16
11.0,D9_a-D-Lactose,11
11.25,D9_a-D-Lactose,12
11.5,D9_a-D-Lactose,11
11.75,D9_a-D-Lactose,11
12.0,D9_a-D-Lactose,13
12.25,D9_a-D-Lactose,12
12.5,D9_a-D-Lactose,11
12.75,D9_a-D-Lactose,13
13.0,D9_a-D-Lactose,15
13.25,D9_a-D-Lactose,13
13.5,D9_a-D-Lactose,14
13.75,D9_a-D-Lactose,13
14.0,D9_a-D-Lactose,13
14.25,D9_a-D-Lactose,17
14.5,D9_a-D-Lactose,13
14.75,D9_a-D-Lactose,14
15.0,D9_a-D-Lactose,11
15.25,D9_a-D-Lactose,11
15.5,D9_a-D-Lactose,12
15.75,D9_a-D-Lactose,13
16.0,D9_a-D-Lactose,15
16.25,D9_a-D-Lactose,14
16.5,D9_a-D-Lactose,13
16.75,D9_a-D-Lactose,15
17.0,D9_a-D-Lactose,15
17.25,D9_a-D-Lactose,15
17.5,D9_a-D-Lactose,15
17.75,D9_a-D-Lactose,16
18.0,D9_a-D-Lactose,16
18.25,D9_a-D-Lactose,13
18.5,D9_a-D-Lactose,13
18.75,D9_a-D-Lactose,16
19.0,D9_a-D-Lactose,14
19.25,D9_a-D-Lactose,15
19.5,D9_a-D-Lactose,17
19.75,D9_a-D-Lactose,15
20.0,D9_a-D-Lactose,18
20.25,D9_a-D-Lactose,17
20.5,D9_a-D-Lactose,18
20.75,D9_a-D-Lactose,18
21.0,D9_a-D-Lactose,18
21.25,D9_a-D-Lactose,19
21.5,D9_a-D-Lactose,19
21.75,D9_a-D-Lactose,16
22.0,D9_a-D-Lactose,15
22.25,D9_a-D-Lactose,17
22.5,D9_a-D-Lactose,15
22.75,D9_a-D-Lactose,15
23.0,D9_a-D-Lactose,15
23.25,D9_a-D-Lactose,15
23.5,D9_a-D-Lactose,17
23.75,D9_a-D-Lactose,20
24.0,D9_a-D-Lactose,19
24.25,D9_a-D-Lactose,17
24.5,D9_a-D-Lactose,17
24.75,D9_a-D-Lactose,16
25.0,D9_a-D-Lactose,18
25.25,D9_a-D-Lactose,15
25.5,D9_a-D-Lactose,20
25.75,D9_a-D-Lactose,21
26.0,D9_a-D-Lactose,16
26.25,D9_a-D-Lactose,18
26.5,D9_a-D-Lactose,19
26.75,D9_a-D-Lactose,19
27.0,D9_a-D-Lactose,14
27.25,D9_a-D-Lactose,14
27.5,D9_a-D-Lactose,19
27.75,D9_a-D-Lactose,17
28.0,D9_a-D-Lactose,17
28.25,D9_a-D-Lactose,16
28.5,D9_a-D-Lactose,21
28.75,D9_a-D-Lactose,15
29.0,D9_a-D-Lactose,18
29.25,D9_a-D-Lactose,21
29.5,D9_a-D-Lactose,17
29.75,D9_a-D-Lactose,16
30.0,D9_a-D-Lactose,14
30.25,D9_a-D-Lactose,17
30.5,D9_a-D-Lactose,18
30.75,D9_a-D-Lactose,18
31.0,D9_a-D-Lactose,18
31.25,D9_a-D-Lactose,18
31.5,D9_a-D-Lactose,19
31.75,D9_a-D-Lactose,20
32.0,D9_a-D-Lactose,17
32.25,D9_a-D-Lactose,19
32.5,D9_a-D-Lactose,18
32.75,D9_a-D-Lactose,15
33.0,D9_a-D-Lactose,19
33.25,D9_a-D-Lactose,18
33.5,D9_a-D-Lactose,15
33.75,D9_a-D-Lactose,21
34.0,D9_a-D-Lactose,21
34.25,D9_a-D-Lactose,16
34.5,D9_a-D-Lactose,15
34.75,D9_a-D-Lactose,18
35.0,D9_a-D-Lactose,17
35.25,D9_a-D-Lactose,15
35.5,D9_a-D-Lactose,19
35.75,D9_a-D-Lactose,17
36.0,D9_a-D-Lactose,18
36.25,D9_a-D-Lactose,18
36.5,D9_a-D-Lactose,17
36.75,D9_a-D-Lactose,20
37.0,D9_a-D-Lactose,20
37.25,D9_a-D-Lactose,21
37.5,D9_a-D-Lactose,19
37.75,D9_a-D-Lactose,13
38.0,D9_a-D-Lactose,19
38.25,D9_a-D-Lactose,15
38.5,D9_a-D-Lactose,13
38.75,D9_a-D-Lactose,17
39.0,D9_a-D-Lactose,16
39.25,D9_a-D-Lactose,18
39.5,D9_a-D-Lactose,18
39.75,D9_a-D-Lactose,20
40.0,D9_a-D-Lactose,16
40.25,D9_a-D-Lactose,18
40.5,D9_a-D-Lactose,19
40.75,D9_a-D-Lactose,17
41.0,D9_a-D-Lactose,13
41.25,D9_a-D-Lactose,17
41.5,D9_a-D-Lactose,19
41.75,D9_a-D-Lactose,19
42.0,D9_a-D-Lactose,20
42.25,D9_a-D-Lactose,15
42.5,D9_a-D-Lactose,20
42.75,D9_a-D-Lactose,16
43.0,D9_a-D-Lactose,20
43.25,D9_a-D-Lactose,16
43.5,D9_a-D-Lactose,18
43.75,D9_a-D-Lactose,15
44.0,D9_a-D-Lactose,12
44.25,D9_a-D-Lactose,16
44.5,D9_a-D-Lactose,15
44.75,D9_a-D-Lactose,17
45.0,D9_a-D-Lactose,17
45.25,D9_a-D-Lactose,12
45.5,D9_a-D-Lactose,14
45.75,D9_a-D-Lactose,18
46.0,D9_a-D-Lactose,16
46.25,D9_a-D-Lactose,17
46.5,D9_a-D-Lactose,16
46.75,D9_a-D-Lactose,20
47.0,D9_a-D-Lactose,16
47.25,D9_a-D-Lactose,14
47.5,D9_a-D-Lactose,17
47.75,D9_a-D-Lactose,17
48.0,D9_a-D-Lactose,14
48.25,D9_a-D-Lactose,20
0.0,D10_Lactulose,11
0.25,D10_Lactulose,11
0.5,D10_Lactulose,11
0.75,D10_Lactulose,11
1.0,D10_Lactulose,11
1.25,D10_Lactulose,11
1.5,D10_Lactulose,11
1.75,D10_Lactulose,12
2.0,D10_Lactulose,11
2.25,D10_Lactulose,11
2.5,D10_Lactulose,11
2.75,D10_Lactulose,11
3.0,D10_Lactulose,11
3.25,D10_Lactulose,11
3.5,D10_Lactulose,13
3.75,D10_Lactulose,11
4.0,D10_Lactulose,11
4.25,D10_Lactulose,11
4.5,D10_Lactulose,11
4.75,D10_Lactulose,11
5.0,D10_Lactulose,11
5.25,D10_Lactulose,11
5.5,D10_Lactulose,11
5.75,D10_Lactulose,11
6.0,D10_Lactulose,11
6.25,D10_Lactulose,11
6.5,D10_Lactulose,11
6.75,D10_Lactulose,11
7.0,D10_Lactulose,11
7.25,D10_Lactulose,11
7.5,D10_Lactulose,11
7.75,D10_Lactulose,11
8.0,D10_Lactulose,11
8.25,D10_Lactulose,11
8.5,D10_Lactulose,11
8.75,D10_Lactulose,13
9.0,D10_Lactulose,16
9.25,D10_Lactulose,12
9.5,D10_Lactulose,12
9.75,D10_Lactulose,14
10.0,D10_Lactulose,12
10.25,D10_Lactulose,12
10.5,D10_Lactulose,13
10.75,D10_Lactulose,12
11.0,D10_Lactulose,12
11.25,D10_Lactulose,11
11.5,D10_Lactulose,17
11.75,D10_Lactulose,12
12.0,D10_Lactulose,12
12.25,D10_Lactulose,12
12.5,D10_Lactulose,11
12.75,D10_Lactulose,13
13.0,D10_Lactulose,15
13.25,D10_Lactulose,16
13.5,D10_Lactulose,16
13.75,D10_Lactulose,12
14.0,D10_Lactulose,14
14.25,D10_Lactulose,16
14.5,D10_Lactulose,11
14.75,D10_Lactulose,14
15.0,D10_Lactulose,12
15.25,D10_Lactulose,14
15.5,D10_Lactulose,15
15.75,D10_Lactulose,14
16.0,D10_Lactulose,13
16.25,D10_Lactulose,17
16.5,D10_Lactulose,14
16.75,D10_Lactulose,13
17.0,D10_Lactulose,17
17.25,D10_Lactulose,12
17.5,D10_Lactulose,15
17.75,D10_Lactulose,17
18.0,D10_Lactulose,16
18.25,D10_Lactulose,17
18.5,D10_Lactulose,18
18.75,D10_Lactulose,17
19.0,D10_Lactulose,15
19.25,D10_Lactulose,16
19.5,D10_Lactulose,15
19.75,D10_Lactulose,20
20.0,D10_Lactulose,18
20.25,D10_Lactulose,19
20.5,D10_Lactulose,18
20.75,D10_Lactulose,19
21.0,D10_Lactulose,18
21.25,D10_Lactulose,20
21.5,D10_Lactulose,21
21.75,D10_Lactulose,16
22.0,D10_Lactulose,21
22.25,D10_Lactulose,17
22.5,D10_Lactulose,20
22.75,D10_Lactulose,20
23.0,D10_Lactulose,16
23.25,D10_Lactulose,15
23.5,D10_Lactulose,20
23.75,D10_Lactulose,16
24.0,D10_Lactulose,21
24.25,D10_Lactulose,23
24.5,D10_Lactulose,18
24.75,D10_Lactulose,23
25.0,D10_Lactulose,18
25.25,D10_Lactulose,20
25.5,D10_Lactulose,20
25.75,D10_Lactulose,19
26.0,D10_Lactulose,18
26.25,D10_Lactulose,23
26.5,D10_Lactulose,19
26.75,D10_Lactulose,18
27.0,D10_Lactulose,20
27.25,D10_Lactulose,17
27.5,D10_Lactulose,17
27.75,D10_Lactulose,21
28.0,D10_Lactulose,17
28.25,D10_Lactulose,19
28.5,D10_Lactulose,17
28.75,D10_Lactulose,18
29.0,D10_Lactulose,17
29.25,D10_Lactulose,15
29.5,D10_Lactulose,21
29.75,D10_Lactulose,21
30.0,D10_Lactulose,15
30.25,D10_Lactulose,16
30.5,D10_Lactulose,16
30.75,D10_Lactulose,16
31.0,D10_Lactulose,19
31.25,D10_Lactulose,21
31.5,D10_Lactulose,17
31.75,D10_Lactulose,21
32.0,D10_Lactulose,20
32.25,D10_Lactulose,19
32.5,D10_Lactulose,20
32.75,D10_Lactulose,15
33.0,D10_Lactulose,20
33.25,D10_Lactulose,18
33.5,D10_Lactulose,17
33.75,D10_Lactulose,23
34.0,D10_Lactulose,20
34.25,D10_Lactulose,19
34.5,D10_Lactulose,18
34.75,D10_Lactulose,20
35.0,D10_Lactulose,19
35.25,D10_Lactulose,20
35.5,D10_Lactulose,20
35.75,D10_Lactulose,19
36.0,D10_Lactulose,23
36.25,D10_Lactulose,19
36.5,D10_Lactulose,21
36.75,D10_Lactulose,21
37.0,D10_Lactulose,21
37.25,D10_Lactulose,21
37.5,D10_Lactulose,21
37.75,D10_Lactulose,17
38.0,D10_Lactulose,19
38.25,D10_Lactulose,19
38.5,D10_Lactulose,17
38.75,D10_Lactulose,19
39.0,D10_Lactulose,20
39.25,D10_Lactulose,18
39.5,D10_Lactulose,20
39.75,D10_Lactulose,23
40.0,D10_Lactulose,19
40.25,D10_Lactulose,18
40.5,D10_Lactulose,17
40.75,D10_Lactulose,20
41.0,D10_Lactulose,19
41.25,D10_Lactulose,15
41.5,D10_Lactulose,21
41.75,D10_Lactulose,23
42.0,D10_Lactulose,20
42.25,D10_Lactulose,20
42.5,D10_Lactulose,23
42.75,D10_Lactulose,21
43.0,D10_Lactulose,18
43.25,D10_Lactulose,18
43.5,D10_Lactulose,21
43.75,D10_Lactulose,18
44.0,D10_Lactulose,18
44.25,D10_Lactulose,15
44.5,D10_Lactulose,17
44.75,D10_Lactulose,18
45.0,D10_Lactulose,17
45.25,D10_Lactulose,18
45.5,D10_Lactulose,22
45.75,D10_Lactulose,18
46.0,D10_Lactulose,18
46.25,D10_Lactulose,21
46.5,D10_Lactulose,19
46.75,D10_Lactulose,20
47.0,D10_Lactulose,21
47.25,D10_Lactulose,20
47.5,D10_Lactulose,17
47.75,D10_Lactulose,22
48.0,D10_Lactulose,20
48.25,D10_Lactulose,19
0.0,D11_Sucrose,11
0.25,D11_Sucrose,12
0.5,D11_Sucrose,11
0.75,D11_Sucrose,11
1.0,D11_Sucrose,11
1.25,D11_Sucrose,14
1.5,D11_Sucrose,11
1.75,D11_Sucrose,11
2.0,D11_Sucrose,11
2.25,D11_Sucrose,11
2.5,D11_Sucrose,11
2.75,D11_Sucrose,11
3.0,D11_Sucrose,11
3.25,D11_Sucrose,11
3.5,D11_Sucrose,12
3.75,D11_Sucrose,11
4.0,D11_Sucrose,11
4.25,D11_Sucrose,11
4.5,D11_Sucrose,14
4.75,D11_Sucrose,11
5.0,D11_Sucrose,11
5.25,D11_Sucrose,11
5.5,D11_Sucrose,13
5.75,D11_Sucrose,11
6.0,D11_Sucrose,11
6.25,D11_Sucrose,11
6.5,D11_Sucrose,11
6.75,D11_Sucrose,11
7.0,D11_Sucrose,11
7.25,D11_Sucrose,15
7.5,D11_Sucrose,12
7.75,D11_Sucrose,14
8.0,D11_Sucrose,14
8.25,D11_Sucrose,13
8.5,D11_Sucrose,14
8.75,D11_Sucrose,12
9.0,D11_Sucrose,14
9.25,D11_Sucrose,13
9.5,D11_Sucrose,16
9.75,D11_Sucrose,16
10.0,D11_Sucrose,12
10.25,D11_Sucrose,14
10.5,D11_Sucrose,13
10.75,D11_Sucrose,16
11.0,D11_Sucrose,16
11.25,D11_Sucrose,16
11.5,D11_Sucrose,16
11.75,D11_Sucrose,20
12.0,D11_Sucrose,19
12.25,D11_Sucrose,20
12.5,D11_Sucrose,19
12.75,D11_Sucrose,19
13.0,D11_Sucrose,20
13.25,D11_Sucrose,21
13.5,D11_Sucrose,18
13.75,D11_Sucrose,22
14.0,D11_Sucrose,17
14.25,D11_Sucrose,16
14.5,D11_Sucrose,18
14.75,D11_Sucrose,19
15.0,D11_Sucrose,21
15.25,D11_Sucrose,20
15.5,D11_Sucrose,20
15.75,D11_Sucrose,18
16.0,D11_Sucrose,19
16.25,D11_Sucrose,20
16.5,D11_Sucrose,18
16.75,D11_Sucrose,21
17.0,D11_Sucrose,19
17.25,D11_Sucrose,18
17.5,D11_Sucrose,22
17.75,D11_Sucrose,23
18.0,D11_Sucrose,21
18.25,D11_Sucrose,19
18.5,D11_Sucrose,25
18.75,D11_Sucrose,24
19.0,D11_Sucrose,23
19.25,D11_Sucrose,23
19.5,D11_Sucrose,24
19.75,D11_Sucrose,24
20.0,D11_Sucrose,21
20.25,D11_Sucrose,27
20.5,D11_Sucrose,23
20.75,D11_Sucrose,28
21.0,D11_Sucrose,28
21.25,D11_Sucrose,27
21.5,D11_Sucrose,26
21.75,D11_Sucrose,23
22.0,D11_Sucrose,28
22.25,D11_Sucrose,25
22.5,D11_Sucrose,25
22.75,D11_Sucrose,23
23.0,D11_Sucrose,27
23.25,D11_Sucrose,27
23.5,D11_Sucrose,23
23.75,D11_Sucrose,20
24.0,D11_Sucrose,22
24.25,D11_Sucrose,25
24.5,D11_Sucrose,27
24.75,D11_Sucrose,21
25.0,D11_Sucrose,28
25.25,D11_Sucrose,24
25.5,D11_Sucrose,24
25.75,D11_Sucrose,26
26.0,D11_Sucrose,24
26.25,D11_Sucrose,25
26.5,D11_Sucrose,24
26.75,D11_Sucrose,22
27.0,D11_Sucrose,24
27.25,D11_Sucrose,22
27.5,D11_Sucrose,24
27.75,D11_Sucrose,24
28.0,D11_Sucrose,26
28.25,D11_Sucrose,27
28.5,D11_Sucrose,28
28.75,D11_Sucrose,23
29.0,D11_Sucrose,23
29.25,D11_Sucrose,25
29.5,D11_Sucrose,24
29.75,D11_Sucrose,23
30.0,D11_Sucrose,23
30.25,D11_Sucrose,25
30.5,D11_Sucrose,26
30.75,D11_Sucrose,23
31.0,D11_Sucrose,19
31.25,D11_Sucrose,24
31.5,D11_Sucrose,27
31.75,D11_Sucrose,25
32.0,D11_Sucrose,21
32.25,D11_Sucrose,21
32.5,D11_Sucrose,20
32.75,D11_Sucrose,20
33.0,D11_Sucrose,25
33.25,D11_Sucrose,24
33.5,D11_Sucrose,25
33.75,D11_Sucrose,25
34.0,D11_Sucrose,23
34.25,D11_Sucrose,23
34.5,D11_Sucrose,26
34.75,D11_Sucrose,22
35.0,D11_Sucrose,27
35.25,D11_Sucrose,26
35.5,D11_Sucrose,24
35.75,D11_Sucrose,23
36.0,D11_Sucrose,19
36.25,D11_Sucrose,23
36.5,D11_Sucrose,23
36.75,D11_Sucrose,23
37.0,D11_Sucrose,21
37.25,D11_Sucrose,25
37.5,D11_Sucrose,25
37.75,D11_Sucrose,23
38.0,D11_Sucrose,22
38.25,D11_Sucrose,22
38.5,D11_Sucrose,23
38.75,D11_Sucrose,24
39.0,D11_Sucrose,22
39.25,D11_Sucrose,25
39.5,D11_Sucrose,23
39.75,D11_Sucrose,23
40.0,D11_Sucrose,24
40.25,D11_Sucrose,23
40.5,D11_Sucrose,25
40.75,D11_Sucrose,22
41.0,D11_Sucrose,21
41.25,D11_Sucrose,21
41.5,D11_Sucrose,20
41.75,D11_Sucrose,27
42.0,D11_Sucrose,20
42.25,D11_Sucrose,24
42.5,D11_Sucrose,24
42.75,D11_Sucrose,28
43.0,D11_Sucrose,22
43.25,D11_Sucrose,19
43.5,D11_Sucrose,23
43.75,D11_Sucrose,24
44.0,D11_Sucrose,25
44.25,D11_Sucrose,19
44.5,D11_Sucrose,26
44.75,D11_Sucrose,21
45.0,D11_Sucrose,23
45.25,D11_Sucrose,16
45.5,D11_Sucrose,23
45.75,D11_Sucrose,20
46.0,D11_Sucrose,24
46.25,D11_Sucrose,22
46.5,D11_Sucrose,26
46.75,D11_Sucrose,25
47.0,D11_Sucrose,22
47.25,D11_Sucrose,26
47.5,D11_Sucrose,24
47.75,D11_Sucrose,20
48.0,D11_Sucrose,24
48.25,D11_Sucrose,21
0.0,D12_Uridine,20
0.25,D12_Uridine,19
0.5,D12_Uridine,16
0.75,D12_Uridine,17
1.0,D12_Uridine,21
1.25,D12_Uridine,23
1.5,D12_Uridine,17
1.75,D12_Uridine,19
2.0,D12_Uridine,20
2.25,D12_Uridine,15
2.5,D12_Uridine,19
2.75,D12_Uridine,15
3.0,D12_Uridine,19
3.25,D12_Uridine,17
3.5,D12_Uridine,21
3.75,D12_Uridine,16
4.0,D12_Uridine,20
4.25,D12_Uridine,17
4.5,D12_Uridine,18
4.75,D12_Uridine,20
5.0,D12_Uridine,20
5.25,D12_Uridine,17
5.5,D12_Uridine,18
5.75,D12_Uridine,14
6.0,D12_Uridine,16
6.25,D12_Uridine,17
6.5,D12_Uridine,18
6.75,D12_Uridine,21
7.0,D12_Uridine,20
7.25,D12_Uridine,18
7.5,D12_Uridine,19
7.75,D12_Uridine,20
8.0,D12_Uridine,21
8.25,D12_Uridine,20
8.5,D12_Uridine,23
8.75,D12_Uridine,24
9.0,D12_Uridine,20
9.25,D12_Uridine,22
9.5,D12_Uridine,19
9.75,D12_Uridine,18
10.0,D12_Uridine,20
10.25,D12_Uridine,21
10.5,D12_Uridine,20
10.75,D12_Uridine,21
11.0,D12_Uridine,22
11.25,D12_Uridine,21
11.5,D12_Uridine,23
11.75,D12_Uridine,24
12.0,D12_Uridine,23
12.25,D12_Uridine,22
12.5,D12_Uridine,26
12.75,D12_Uridine,23
13.0,D12_Uridine,24
13.25,D12_Uridine,23
13.5,D12_Uridine,27
13.75,D12_Uridine,29
14.0,D12_Uridine,22
14.25,D12_Uridine,23
14.5,D12_Uridine,24
14.75,D12_Uridine,28
15.0,D12_Uridine,24
15.25,D12_Uridine,25
15.5,D12_Uridine,27
15.75,D12_Uridine,28
16.0,D12_Uridine,27
16.25,D12_Uridine,24
16.5,D12_Uridine,25
16.75,D12_Uridine,26
17.0,D12_Uridine,30
17.25,D12_Uridine,26
17.5,D12_Uridine,25
17.75,D12_Uridine,25
18.0,D12_Uridine,27
18.25,D12_Uridine,28
18.5,D12_Uridine,30
18.75,D12_Uridine,26
19.0,D12_Uridine,30
19.25,D12_Uridine,29
19.5,D12_Uridine,27
19.75,D12_Uridine,28
20.0,D12_Uridine,31
20.25,D12_Uridine,33
20.5,D12_Uridine,29
20.75,D12_Uridine,27
21.0,D12_Uridine,26
21.25,D12_Uridine,30
21.5,D12_Uridine,30
21.75,D12_Uridine,24
22.0,D12_Uridine,27
22.25,D12_Uridine,27
22.5,D12_Uridine,33
22.75,D12_Uridine,28
23.0,D12_Uridine,28
23.25,D12_Uridine,27
23.5,D12_Uridine,29
23.75,D12_Uridine,28
24.0,D12_Uridine,31
24.25,D12_Uridine,28
24.5,D12_Uridine,29
24.75,D12_Uridine,25
25.0,D12_Uridine,33
25.25,D12_Uridine,32
25.5,D12_Uridine,31
25.75,D12_Uridine,26
26.0,D12_Uridine,27
26.25,D12_Uridine,30
26.5,D12_Uridine,29
26.75,D12_Uridine,28
27.0,D12_Uridine,27
27.25,D12_Uridine,28
27.5,D12_Uridine,26
27.75,D12_Uridine,29
28.0,D12_Uridine,31
28.25,D12_Uridine,29
28.5,D12_Uridine,31
28.75,D12_Uridine,28
29.0,D12_Uridine,30
29.25,D12_Uridine,29
29.5,D12_Uridine,30
29.75,D12_Uridine,28
30.0,D12_Uridine,28
30.25,D12_Uridine,26
30.5,D12_Uridine,27
30.75,D12_Uridine,25
31.0,D12_Uridine,29
31.25,D12_Uridine,27
31.5,D12_Uridine,30
31.75,D12_Uridine,29
32.0,D12_Uridine,28
32.25,D12_Uridine,27
32.5,D12_Uridine,29
32.75,D12_Uridine,28
33.0,D12_Uridine,28
33.25,D12_Uridine,29
33.5,D12_Uridine,27
33.75,D12_Uridine,27
34.0,D12_Uridine,25
34.25,D12_Uridine,33
34.5,D12_Uridine,31
34.75,D12_Uridine,27
35.0,D12_Uridine,33
35.25,D12_Uridine,29
35.5,D12_Uridine,27
35.75,D12_Uridine,25
36.0,D12_Uridine,32
36.25,D12_Uridine,29
36.5,D12_Uridine,29
36.75,D12_Uridine,31
37.0,D12_Uridine,23
37.25,D12_Uridine,26
37.5,D12_Uridine,27
37.75,D12_Uridine,27
38.0,D12_Uridine,30
38.25,D12_Uridine,26
38.5,D12_Uridine,28
38.75,D12_Uridine,27
39.0,D12_Uridine,26
39.25,D12_Uridine,31
39.5,D12_Uridine,25
39.75,D12_Uridine,28
40.0,D12_Uridine,28
40.25,D12_Uridine,28
40.5,D12_Uridine,24
40.75,D12_Uridine,28
41.0,D12_Uridine,28
41.25,D12_Uridine,26
41.5,D12_Uridine,29
41.75,D12_Uridine,32
42.0,D12_Uridine,34
42.25,D12_Uridine,28
42.5,D12_Uridine,28
42.75,D12_Uridine,28
43.0,D12_Uridine,30
43.25,D12_Uridine,29
43.5,D12_Uridine,24
43.75,D12_Uridine,30
44.0,D12_Uridine,30
44.25,D12_Uridine,27
44.5,D12_Uridine,25
44.75,D12_Uridine,29
45.0,D12_Uridine,27
45.25,D12_Uridine,26
45.5,D12_Uridine,27
45.75,D12_Uridine,28
46.0,D12_Uridine,26
46.25,D12_Uridine,29
46.5,D12_Uridine,29
46.75,D12_Uridine,31
47.0,D12_Uridine,29
47.25,D12_Uridine,25
47.5,D12_Uridine,28
47.75,D12_Uridine,26
48.0,D12_Uridine,29
48.25,D12_Uridine,32
0.0,E1_L-Glutamine,18
0.25,E1_L-Glutamine,18
0.5,E1_L-Glutamine,13
0.75,E1_L-Glutamine,17
1.0,E1_L-Glutamine,19
1.25,E1_L-Glutamine,18
1.5,E1_L-Glutamine,16
1.75,E1_L-Glutamine,14
2.0,E1_L-Glutamine,12
2.25,E1_L-Glutamine,17
2.5,E1_L-Glutamine,17
2.75,E1_L-Glutamine,12
3.0,E1_L-Glutamine,17
3.25,E1_L-Glutamine,11
3.5,E1_L-Glutamine,18
3.75,E1_L-Glutamine,12
4.0,E1_L-Glutamine,16
4.25,E1_L-Glutamine,15
4.5,E1_L-Glutamine,13
4.75,E1_L-Glutamine,16
5.0,E1_L-Glutamine,12
5.25,E1_L-Glutamine,17
5.5,E1_L-Glutamine,13
5.75,E1_L-Glutamine,13
6.0,E1_L-Glutamine,19
6.25,E1_L-Glutamine,13
6.5,E1_L-Glutamine,15
6.75,E1_L-Glutamine,16
7.0,E1_L-Glutamine,15
7.25,E1_L-Glutamine,20
7.5,E1_L-Glutamine,14
7.75,E1_L-Glutamine,14
8.0,E1_L-Glutamine,18
8.25,E1_L-Glutamine,16
8.5,E1_L-Glutamine,17
8.75,E1_L-Glutamine,13
9.0,E1_L-Glutamine,14
9.25,E1_L-Glutamine,15
9.5,E1_L-Glutamine,16
9.75,E1_L-Glutamine,16
10.0,E1_L-Glutamine,21
10.25,E1_L-Glutamine,18
10.5,E1_L-Glutamine,16
10.75,E1_L-Glutamine,18
11.0,E1_L-Glutamine,20
11.25,E1_L-Glutamine,16
11.5,E1_L-Glutamine,17
11.75,E1_L-Glutamine,21
12.0,E1_L-Glutamine,18
12.25,E1_L-Glutamine,21
12.5,E1_L-Glutamine,21
12.75,E1_L-Glutamine,20
13.0,E1_L-Glutamine,19
13.25,E1_L-Glutamine,21
13.5,E1_L-Glutamine,25
13.75,E1_L-Glutamine,25
14.0,E1_L-Glutamine,24
14.25,E1_L-Glutamine,23
14.5,E1_L-Glutamine,21
14.75,E1_L-Glutamine,22
15.0,E1_L-Glutamine,21
15.25,E1_L-Glutamine,23
15.5,E1_L-Glutamine,25
15.75,E1_L-Glutamine,22
16.0,E1_L-Glutamine,23
16.25,E1_L-Glutamine,24
16.5,E1_L-Glutamine,24
16.75,E1_L-Glutamine,20
17.0,E1_L-Glutamine,25
17.25,E1_L-Glutamine,25
17.5,E1_L-Glutamine,23
17.75,E1_L-Glutamine,23
18.0,E1_L-Glutamine,27
18.25,E1_L-Glutamine,25
18.5,E1_L-Glutamine,31
18.75,E1_L-Glutamine,25
19.0,E1_L-Glutamine,25
19.25,E1_L-Glutamine,28
19.5,E1_L-Glutamine,27
19.75,E1_L-Glutamine,25
20.0,E1_L-Glutamine,31
20.25,E1_L-Glutamine,26
20.5,E1_L-Glutamine,30
20.75,E1_L-Glutamine,27
21.0,E1_L-Glutamine,27
21.25,E1_L-Glutamine,27
21.5,E1_L-Glutamine,28
21.75,E1_L-Glutamine,30
22.0,E1_L-Glutamine,32
22.25,E1_L-Glutamine,33
22.5,E1_L-Glutamine,28
22.75,E1_L-Glutamine,30
23.0,E1_L-Glutamine,31
23.25,E1_L-Glutamine,27
23.5,E1_L-Glutamine,35
23.75,E1_L-Glutamine,33
24.0,E1_L-Glutamine,34
24.25,E1_L-Glutamine,34
24.5,E1_L-Glutamine,30
24.75,E1_L-Glutamine,30
25.0,E1_L-Glutamine,38
25.25,E1_L-Glutamine,35
25.5,E1_L-Glutamine,33
25.75,E1_L-Glutamine,33
26.0,E1_L-Glutamine,32
26.25,E1_L-Glutamine,35
26.5,E1_L-Glutamine,34
26.75,E1_L-Glutamine,35
27.0,E1_L-Glutamine,36
27.25,E1_L-Glutamine,34
27.5,E1_L-Glutamine,34
27.75,E1_L-Glutamine,39
28.0,E1_L-Glutamine,37
28.25,E1_L-Glutamine,40
28.5,E1_L-Glutamine,39
28.75,E1_L-Glutamine,35
29.0,E1_L-Glutamine,39
29.25,E1_L-Glutamine,36
29.5,E1_L-Glutamine,38
29.75,E1_L-Glutamine,39
30.0,E1_L-Glutamine,38
30.25,E1_L-Glutamine,35
30.5,E1_L-Glutamine,40
30.75,E1_L-Glutamine,43
31.0,E1_L-Glutamine,39
31.25,E1_L-Glutamine,46
31.5,E1_L-Glutamine,42
31.75,E1_L-Glutamine,41
32.0,E1_L-Glutamine,36
32.25,E1_L-Glutamine,42
32.5,E1_L-Glutamine,42
32.75,E1_L-Glutamine,42
33.0,E1_L-Glutamine,43
33.25,E1_L-Glutamine,39
33.5,E1_L-Glutamine,44
33.75,E1_L-Glutamine,44
34.0,E1_L-Glutamine,42
34.25,E1_L-Glutamine,45
34.5,E1_L-Glutamine,47
34.75,E1_L-Glutamine,42
35.0,E1_L-Glutamine,44
35.25,E1_L-Glutamine,48
35.5,E1_L-Glutamine,44
35.75,E1_L-Glutamine,42
36.0,E1_L-Glutamine,48
36.25,E1_L-Glutamine,47
36.5,E1_L-Glutamine,47
36.75,E1_L-Glutamine,47
37.0,E1_L-Glutamine,48
37.25,E1_L-Glutamine,44
37.5,E1_L-Glutamine,45
37.75,E1_L-Glutamine,49
38.0,E1_L-Glutamine,50
38.25,E1_L-Glutamine,45
38.5,E1_L-Glutamine,42
38.75,E1_L-Glutamine,45
39.0,E1_L-Glutamine,47
39.25,E1_L-Glutamine,47
39.5,E1_L-Glutamine,48
39.75,E1_L-Glutamine,44
40.0,E1_L-Glutamine,52
40.25,E1_L-Glutamine,51
40.5,E1_L-Glutamine,49
40.75,E1_L-Glutamine,50
41.0,E1_L-Glutamine,52
41.25,E1_L-Glutamine,49
41.5,E1_L-Glutamine,46
41.75,E1_L-Glutamine,57
42.0,E1_L-Glutamine,55
42.25,E1_L-Glutamine,53
42.5,E1_L-Glutamine,53
42.75,E1_L-Glutamine,56
43.0,E1_L-Glutamine,51
43.25,E1_L-Glutamine,57
43.5,E1_L-Glutamine,63
43.75,E1_L-Glutamine,56
44.0,E1_L-Glutamine,57
44.25,E1_L-Glutamine,59
44.5,E1_L-Glutamine,55
44.75,E1_L-Glutamine,55
45.0,E1_L-Glutamine,56
45.25,E1_L-Glutamine,57
45.5,E1_L-Glutamine,54
45.75,E1_L-Glutamine,57
46.0,E1_L-Glutamine,62
46.25,E1_L-Glutamine,65
46.5,E1_L-Glutamine,58
46.75,E1_L-Glutamine,60
47.0,E1_L-Glutamine,60
47.25,E1_L-Glutamine,66
47.5,E1_L-Glutamine,67
47.75,E1_L-Glutamine,62
48.0,E1_L-Glutamine,66
48.25,E1_L-Glutamine,65
0.0,E2_m-Tartaric_Acid,11
0.25,E2_m-Tartaric_Acid,11
0.5,E2_m-Tartaric_Acid,11
0.75,E2_m-Tartaric_Acid,11
1.0,E2_m-Tartaric_Acid,11
1.25,E2_m-Tartaric_Acid,11
1.5,E2_m-Tartaric_Acid,11
1.75,E2_m-Tartaric_Acid,11
2.0,E2_m-Tartaric_Acid,11
2.25,E2_m-Tartaric_Acid,11
2.5,E2_m-Tartaric_Acid,11
2.75,E2_m-Tartaric_Acid,11
3.0,E2_m-Tartaric_Acid,11
3.25,E2_m-Tartaric_Acid,11
3.5,E2_m-Tartaric_Acid,11
3.75,E2_m-Tartaric_Acid,11
4.0,E2_m-Tartaric_Acid,11
4.25,E2_m-Tartaric_Acid,11
4.5,E2_m-Tartaric_Acid,11
4.75,E2_m-Tartaric_Acid,11
5.0,E2_m-Tartaric_Acid,11
5.25,E2_m-Tartaric_Acid,11
5.5,E2_m-Tartaric_Acid,11
5.75,E2_m-Tartaric_Acid,11
6.0,E2_m-Tartaric_Acid,11
6.25,E2_m-Tartaric_Acid,11
6.5,E2_m-Tartaric_Acid,11
6.75,E2_m-Tartaric_Acid,11
7.0,E2_m-Tartaric_Acid,11
7.25,E2_m-Tartaric_Acid,11
7.5,E2_m-Tartaric_Acid,11
7.75,E2_m-Tartaric_Acid,11
8.0,E2_m-Tartaric_Acid,11
8.25,E2_m-Tartaric_Acid,11
8.5,E2_m-Tartaric_Acid,11
8.75,E2_m-Tartaric_Acid,11
9.0,E2_m-Tartaric_Acid,11
9.25,E2_m-Tartaric_Acid,11
9.5,E2_m-Tartaric_Acid,11
9.75,E2_m-Tartaric_Acid,11
10.0,E2_m-Tartaric_Acid,11
10.25,E2_m-Tartaric_Acid,11
10.5,E2_m-Tartaric_Acid,11
10.75,E2_m-Tartaric_Acid,11
11.0,E2_m-Tartaric_Acid,11
11.25,E2_m-Tartaric_Acid,11
11.5,E2_m-Tartaric_Acid,11
11.75,E2_m-Tartaric_Acid,11
12.0,E2_m-Tartaric_Acid,11
12.25,E2_m-Tartaric_Acid,11
12.5,E2_m-Tartaric_Acid,11
12.75,E2_m-Tartaric_Acid,11
13.0,E2_m-Tartaric_Acid,11
13.25,E2_m-Tartaric_Acid,11
13.5,E2_m-Tartaric_Acid,11
13.75,E2_m-Tartaric_Acid,11
14.0,E2_m-Tartaric_Acid,11
14.25,E2_m-Tartaric_Acid,11
14.5,E2_m-Tartaric_Acid,11
14.75,E2_m-Tartaric_Acid,11
15.0,E2_m-Tartaric_Acid,11
15.25,E2_m-Tartaric_Acid,11
15.5,E2_m-Tartaric_Acid,11
15.75,E2_m-Tartaric_Acid,11
16.0,E2_m-Tartaric_Acid,11
16.25,E2_m-Tartaric_Acid,11
16.5,E2_m-Tartaric_Acid,11
16.75,E2_m-Tartaric_Acid,11
17.0,E2_m-Tartaric_Acid,13
17.25,E2_m-Tartaric_Acid,11
17.5,E2_m-Tartaric_Acid,11
17.75,E2_m-Tartaric_Acid,11
18.0,E2_m-Tartaric_Acid,11
18.25,E2_m-Tartaric_Acid,12
18.5,E2_m-Tartaric_Acid,11
18.75,E2_m-Tartaric_Acid,11
19.0,E2_m-Tartaric_Acid,13
19.25,E2_m-Tartaric_Acid,11
19.5,E2_m-Tartaric_Acid,11
19.75,E2_m-Tartaric_Acid,11
20.0,E2_m-Tartaric_Acid,17
20.25,E2_m-Tartaric_Acid,13
20.5,E2_m-Tartaric_Acid,13
20.75,E2_m-Tartaric_Acid,11
21.0,E2_m-Tartaric_Acid,13
21.25,E2_m-Tartaric_Acid,11
21.5,E2_m-Tartaric_Acid,16
21.75,E2_m-Tartaric_Acid,16
22.0,E2_m-Tartaric_Acid,15
22.25,E2_m-Tartaric_Acid,14
22.5,E2_m-Tartaric_Acid,17
22.75,E2_m-Tartaric_Acid,12
23.0,E2_m-Tartaric_Acid,12
23.25,E2_m-Tartaric_Acid,12
23.5,E2_m-Tartaric_Acid,11
23.75,E2_m-Tartaric_Acid,16
24.0,E2_m-Tartaric_Acid,13
24.25,E2_m-Tartaric_Acid,13
24.5,E2_m-Tartaric_Acid,11
24.75,E2_m-Tartaric_Acid,11
25.0,E2_m-Tartaric_Acid,14
25.25,E2_m-Tartaric_Acid,17
25.5,E2_m-Tartaric_Acid,13
25.75,E2_m-Tartaric_Acid,13
26.0,E2_m-Tartaric_Acid,13
26.25,E2_m-Tartaric_Acid,15
26.5,E2_m-Tartaric_Acid,14
26.75,E2_m-Tartaric_Acid,11
27.0,E2_m-Tartaric_Acid,11
27.25,E2_m-Tartaric_Acid,12
27.5,E2_m-Tartaric_Acid,13
27.75,E2_m-Tartaric_Acid,14
28.0,E2_m-Tartaric_Acid,12
28.25,E2_m-Tartaric_Acid,16
28.5,E2_m-Tartaric_Acid,12
28.75,E2_m-Tartaric_Acid,14
29.0,E2_m-Tartaric_Acid,18
29.25,E2_m-Tartaric_Acid,17
29.5,E2_m-Tartaric_Acid,15
29.75,E2_m-Tartaric_Acid,11
30.0,E2_m-Tartaric_Acid,11
30.25,E2_m-Tartaric_Acid,17
30.5,E2_m-Tartaric_Acid,18
30.75,E2_m-Tartaric_Acid,13
31.0,E2_m-Tartaric_Acid,15
31.25,E2_m-Tartaric_Acid,15
31.5,E2_m-Tartaric_Acid,13
31.75,E2_m-Tartaric_Acid,16
32.0,E2_m-Tartaric_Acid,12
32.25,E2_m-Tartaric_Acid,15
32.5,E2_m-Tartaric_Acid,17
32.75,E2_m-Tartaric_Acid,14
33.0,E2_m-Tartaric_Acid,18
33.25,E2_m-Tartaric_Acid,15
33.5,E2_m-Tartaric_Acid,15
33.75,E2_m-Tartaric_Acid,12
34.0,E2_m-Tartaric_Acid,11
34.25,E2_m-Tartaric_Acid,11
34.5,E2_m-Tartaric_Acid,19
34.75,E2_m-Tartaric_Acid,18
35.0,E2_m-Tartaric_Acid,13
35.25,E2_m-Tartaric_Acid,14
35.5,E2_m-Tartaric_Acid,17
35.75,E2_m-Tartaric_Acid,16
36.0,E2_m-Tartaric_Acid,15
36.25,E2_m-Tartaric_Acid,11
36.5,E2_m-Tartaric_Acid,14
36.75,E2_m-Tartaric_Acid,18
37.0,E2_m-Tartaric_Acid,14
37.25,E2_m-Tartaric_Acid,14
37.5,E2_m-Tartaric_Acid,16
37.75,E2_m-Tartaric_Acid,11
38.0,E2_m-Tartaric_Acid,13
38.25,E2_m-Tartaric_Acid,14
38.5,E2_m-Tartaric_Acid,15
38.75,E2_m-Tartaric_Acid,17
39.0,E2_m-Tartaric_Acid,13
39.25,E2_m-Tartaric_Acid,13
39.5,E2_m-Tartaric_Acid,16
39.75,E2_m-Tartaric_Acid,14
40.0,E2_m-Tartaric_Acid,16
40.25,E2_m-Tartaric_Acid,14
40.5,E2_m-Tartaric_Acid,11
40.75,E2_m-Tartaric_Acid,19
41.0,E2_m-Tartaric_Acid,12
41.25,E2_m-Tartaric_Acid,11
41.5,E2_m-Tartaric_Acid,15
41.75,E2_m-Tartaric_Acid,15
42.0,E2_m-Tartaric_Acid,20
42.25,E2_m-Tartaric_Acid,11
42.5,E2_m-Tartaric_Acid,17
42.75,E2_m-Tartaric_Acid,14
43.0,E2_m-Tartaric_Acid,20
43.25,E2_m-Tartaric_Acid,13
43.5,E2_m-Tartaric_Acid,12
43.75,E2_m-Tartaric_Acid,13
44.0,E2_m-Tartaric_Acid,11
44.25,E2_m-Tartaric_Acid,16
44.5,E2_m-Tartaric_Acid,11
44.75,E2_m-Tartaric_Acid,12
45.0,E2_m-Tartaric_Acid,12
45.25,E2_m-Tartaric_Acid,15
45.5,E2_m-Tartaric_Acid,15
45.75,E2_m-Tartaric_Acid,14
46.0,E2_m-Tartaric_Acid,16
46.25,E2_m-Tartaric_Acid,19
46.5,E2_m-Tartaric_Acid,17
46.75,E2_m-Tartaric_Acid,11
47.0,E2_m-Tartaric_Acid,13
47.25,E2_m-Tartaric_Acid,15
47.5,E2_m-Tartaric_Acid,11
47.75,E2_m-Tartaric_Acid,15
48.0,E2_m-Tartaric_Acid,15
48.25,E2_m-Tartaric_Acid,13
0.0,E3_D-Glucose-1-Phosphate,13
0.25,E3_D-Glucose-1-Phosphate,11
0.5,E3_D-Glucose-1-Phosphate,11
0.75,E3_D-Glucose-1-Phosphate,11
1.0,E3_D-Glucose-1-Phosphate,11
1.25,E3_D-Glucose-1-Phosphate,11
1.5,E3_D-Glucose-1-Phosphate,11
1.75,E3_D-Glucose-1-Phosphate,11
2.0,E3_D-Glucose-1-Phosphate,11
2.25,E3_D-Glucose-1-Phosphate,11
2.5,E3_D-Glucose-1-Phosphate,11
2.75,E3_D-Glucose-1-Phosphate,11
3.0,E3_D-Glucose-1-Phosphate,11
3.25,E3_D-Glucose-1-Phosphate,11
3.5,E3_D-Glucose-1-Phosphate,11
3.75,E3_D-Glucose-1-Phosphate,11
4.0,E3_D-Glucose-1-Phosphate,11
4.25,E3_D-Glucose-1-Phosphate,11
4.5,E3_D-Glucose-1-Phosphate,11
4.75,E3_D-Glucose-1-Phosphate,11
5.0,E3_D-Glucose-1-Phosphate,12
5.25,E3_D-Glucose-1-Phosphate,11
5.5,E3_D-Glucose-1-Phosphate,11
5.75,E3_D-Glucose-1-Phosphate,11
6.0,E3_D-Glucose-1-Phosphate,11
6.25,E3_D-Glucose-1-Phosphate,12
6.5,E3_D-Glucose-1-Phosphate,11
6.75,E3_D-Glucose-1-Phosphate,11
7.0,E3_D-Glucose-1-Phosphate,11
7.25,E3_D-Glucose-1-Phosphate,11
7.5,E3_D-Glucose-1-Phosphate,11
7.75,E3_D-Glucose-1-Phosphate,11
8.0,E3_D-Glucose-1-Phosphate,11
8.25,E3_D-Glucose-1-Phosphate,11
8.5,E3_D-Glucose-1-Phosphate,11
8.75,E3_D-Glucose-1-Phosphate,11
9.0,E3_D-Glucose-1-Phosphate,11
9.25,E3_D-Glucose-1-Phosphate,14
9.5,E3_D-Glucose-1-Phosphate,11
9.75,E3_D-Glucose-1-Phosphate,11
10.0,E3_D-Glucose-1-Phosphate,11
10.25,E3_D-Glucose-1-Phosphate,11
10.5,E3_D-Glucose-1-Phosphate,12
10.75,E3_D-Glucose-1-Phosphate,11
11.0,E3_D-Glucose-1-Phosphate,11
11.25,E3_D-Glucose-1-Phosphate,11
11.5,E3_D-Glucose-1-Phosphate,11
11.75,E3_D-Glucose-1-Phosphate,11
12.0,E3_D-Glucose-1-Phosphate,11
12.25,E3_D-Glucose-1-Phosphate,16
12.5,E3_D-Glucose-1-Phosphate,15
12.75,E3_D-Glucose-1-Phosphate,11
13.0,E3_D-Glucose-1-Phosphate,11
13.25,E3_D-Glucose-1-Phosphate,11
13.5,E3_D-Glucose-1-Phosphate,11
13.75,E3_D-Glucose-1-Phosphate,11
14.0,E3_D-Glucose-1-Phosphate,13
14.25,E3_D-Glucose-1-Phosphate,11
14.5,E3_D-Glucose-1-Phosphate,11
14.75,E3_D-Glucose-1-Phosphate,11
15.0,E3_D-Glucose-1-Phosphate,11
15.25,E3_D-Glucose-1-Phosphate,11
15.5,E3_D-Glucose-1-Phosphate,15
15.75,E3_D-Glucose-1-Phosphate,14
16.0,E3_D-Glucose-1-Phosphate,16
16.25,E3_D-Glucose-1-Phosphate,13
16.5,E3_D-Glucose-1-Phosphate,11
16.75,E3_D-Glucose-1-Phosphate,11
17.0,E3_D-Glucose-1-Phosphate,11
17.25,E3_D-Glucose-1-Phosphate,11
17.5,E3_D-Glucose-1-Phosphate,11
17.75,E3_D-Glucose-1-Phosphate,11
18.0,E3_D-Glucose-1-Phosphate,11
18.25,E3_D-Glucose-1-Phosphate,17
18.5,E3_D-Glucose-1-Phosphate,12
18.75,E3_D-Glucose-1-Phosphate,14
19.0,E3_D-Glucose-1-Phosphate,12
19.25,E3_D-Glucose-1-Phosphate,12
19.5,E3_D-Glucose-1-Phosphate,14
19.75,E3_D-Glucose-1-Phosphate,16
20.0,E3_D-Glucose-1-Phosphate,17
20.25,E3_D-Glucose-1-Phosphate,15
20.5,E3_D-Glucose-1-Phosphate,15
20.75,E3_D-Glucose-1-Phosphate,14
21.0,E3_D-Glucose-1-Phosphate,15
21.25,E3_D-Glucose-1-Phosphate,17
21.5,E3_D-Glucose-1-Phosphate,15
21.75,E3_D-Glucose-1-Phosphate,13
22.0,E3_D-Glucose-1-Phosphate,15
22.25,E3_D-Glucose-1-Phosphate,15
22.5,E3_D-Glucose-1-Phosphate,14
22.75,E3_D-Glucose-1-Phosphate,16
23.0,E3_D-Glucose-1-Phosphate,13
23.25,E3_D-Glucose-1-Phosphate,15
23.5,E3_D-Glucose-1-Phosphate,16
23.75,E3_D-Glucose-1-Phosphate,13
24.0,E3_D-Glucose-1-Phosphate,18
24.25,E3_D-Glucose-1-Phosphate,16
24.5,E3_D-Glucose-1-Phosphate,17
24.75,E3_D-Glucose-1-Phosphate,12
25.0,E3_D-Glucose-1-Phosphate,13
25.25,E3_D-Glucose-1-Phosphate,19
25.5,E3_D-Glucose-1-Phosphate,18
25.75,E3_D-Glucose-1-Phosphate,17
26.0,E3_D-Glucose-1-Phosphate,13
26.25,E3_D-Glucose-1-Phosphate,19
26.5,E3_D-Glucose-1-Phosphate,17
26.75,E3_D-Glucose-1-Phosphate,15
27.0,E3_D-Glucose-1-Phosphate,17
27.25,E3_D-Glucose-1-Phosphate,15
27.5,E3_D-Glucose-1-Phosphate,16
27.75,E3_D-Glucose-1-Phosphate,14
28.0,E3_D-Glucose-1-Phosphate,14
28.25,E3_D-Glucose-1-Phosphate,14
28.5,E3_D-Glucose-1-Phosphate,15
28.75,E3_D-Glucose-1-Phosphate,17
29.0,E3_D-Glucose-1-Phosphate,15
29.25,E3_D-Glucose-1-Phosphate,17
29.5,E3_D-Glucose-1-Phosphate,16
29.75,E3_D-Glucose-1-Phosphate,11
30.0,E3_D-Glucose-1-Phosphate,17
30.25,E3_D-Glucose-1-Phosphate,14
30.5,E3_D-Glucose-1-Phosphate,13
30.75,E3_D-Glucose-1-Phosphate,13
31.0,E3_D-Glucose-1-Phosphate,18
31.25,E3_D-Glucose-1-Phosphate,11
31.5,E3_D-Glucose-1-Phosphate,17
31.75,E3_D-Glucose-1-Phosphate,14
32.0,E3_D-Glucose-1-Phosphate,16
32.25,E3_D-Glucose-1-Phosphate,14
32.5,E3_D-Glucose-1-Phosphate,18
32.75,E3_D-Glucose-1-Phosphate,12
33.0,E3_D-Glucose-1-Phosphate,20
33.25,E3_D-Glucose-1-Phosphate,16
33.5,E3_D-Glucose-1-Phosphate,18
33.75,E3_D-Glucose-1-Phosphate,19
34.0,E3_D-Glucose-1-Phosphate,11
34.25,E3_D-Glucose-1-Phosphate,12
34.5,E3_D-Glucose-1-Phosphate,16
34.75,E3_D-Glucose-1-Phosphate,12
35.0,E3_D-Glucose-1-Phosphate,16
35.25,E3_D-Glucose-1-Phosphate,15
35.5,E3_D-Glucose-1-Phosphate,14
35.75,E3_D-Glucose-1-Phosphate,17
36.0,E3_D-Glucose-1-Phosphate,13
36.25,E3_D-Glucose-1-Phosphate,18
36.5,E3_D-Glucose-1-Phosphate,18
36.75,E3_D-Glucose-1-Phosphate,17
37.0,E3_D-Glucose-1-Phosphate,15
37.25,E3_D-Glucose-1-Phosphate,12
37.5,E3_D-Glucose-1-Phosphate,16
37.75,E3_D-Glucose-1-Phosphate,15
38.0,E3_D-Glucose-1-Phosphate,12
38.25,E3_D-Glucose-1-Phosphate,15
38.5,E3_D-Glucose-1-Phosphate,17
38.75,E3_D-Glucose-1-Phosphate,15
39.0,E3_D-Glucose-1-Phosphate,16
39.25,E3_D-Glucose-1-Phosphate,16
39.5,E3_D-Glucose-1-Phosphate,17
39.75,E3_D-Glucose-1-Phosphate,16
40.0,E3_D-Glucose-1-Phosphate,17
40.25,E3_D-Glucose-1-Phosphate,12
40.5,E3_D-Glucose-1-Phosphate,17
40.75,E3_D-Glucose-1-Phosphate,18
41.0,E3_D-Glucose-1-Phosphate,16
41.25,E3_D-Glucose-1-Phosphate,13
41.5,E3_D-Glucose-1-Phosphate,16
41.75,E3_D-Glucose-1-Phosphate,16
42.0,E3_D-Glucose-1-Phosphate,15
42.25,E3_D-Glucose-1-Phosphate,14
42.5,E3_D-Glucose-1-Phosphate,16
42.75,E3_D-Glucose-1-Phosphate,16
43.0,E3_D-Glucose-1-Phosphate,17
43.25,E3_D-Glucose-1-Phosphate,16
43.5,E3_D-Glucose-1-Phosphate,15
43.75,E3_D-Glucose-1-Phosphate,16
44.0,E3_D-Glucose-1-Phosphate,13
44.25,E3_D-Glucose-1-Phosphate,11
44.5,E3_D-Glucose-1-Phosphate,14
44.75,E3_D-Glucose-1-Phosphate,14
45.0,E3_D-Glucose-1-Phosphate,12
45.25,E3_D-Glucose-1-Phosphate,15
45.5,E3_D-Glucose-1-Phosphate,13
45.75,E3_D-Glucose-1-Phosphate,14
46.0,E3_D-Glucose-1-Phosphate,19
46.25,E3_D-Glucose-1-Phosphate,14
46.5,E3_D-Glucose-1-Phosphate,12
46.75,E3_D-Glucose-1-Phosphate,17
47.0,E3_D-Glucose-1-Phosphate,14
47.25,E3_D-Glucose-1-Phosphate,14
47.5,E3_D-Glucose-1-Phosphate,16
47.75,E3_D-Glucose-1-Phosphate,16
48.0,E3_D-Glucose-1-Phosphate,16
48.25,E3_D-Glucose-1-Phosphate,13
0.0,E4_D-Fructose-6-Phosphate,11
0.25,E4_D-Fructose-6-Phosphate,11
0.5,E4_D-Fructose-6-Phosphate,11
0.75,E4_D-Fructose-6-Phosphate,11
1.0,E4_D-Fructose-6-Phosphate,11
1.25,E4_D-Fructose-6-Phosphate,11
1.5,E4_D-Fructose-6-Phosphate,11
1.75,E4_D-Fructose-6-Phosphate,11
2.0,E4_D-Fructose-6-Phosphate,11
2.25,E4_D-Fructose-6-Phosphate,11
2.5,E4_D-Fructose-6-Phosphate,11
2.75,E4_D-Fructose-6-Phosphate,11
3.0,E4_D-Fructose-6-Phosphate,11
3.25,E4_D-Fructose-6-Phosphate,11
3.5,E4_D-Fructose-6-Phosphate,11
3.75,E4_D-Fructose-6-Phosphate,11
4.0,E4_D-Fructose-6-Phosphate,11
4.25,E4_D-Fructose-6-Phosphate,11
4.5,E4_D-Fructose-6-Phosphate,11
4.75,E4_D-Fructose-6-Phosphate,11
5.0,E4_D-Fructose-6-Phosphate,11
5.25,E4_D-Fructose-6-Phosphate,11
5.5,E4_D-Fructose-6-Phosphate,11
5.75,E4_D-Fructose-6-Phosphate,11
6.0,E4_D-Fructose-6-Phosphate,11
6.25,E4_D-Fructose-6-Phosphate,11
6.5,E4_D-Fructose-6-Phosphate,13
6.75,E4_D-Fructose-6-Phosphate,11
7.0,E4_D-Fructose-6-Phosphate,11
7.25,E4_D-Fructose-6-Phosphate,11
7.5,E4_D-Fructose-6-Phosphate,11
7.75,E4_D-Fructose-6-Phosphate,11
8.0,E4_D-Fructose-6-Phosphate,11
8.25,E4_D-Fructose-6-Phosphate,11
8.5,E4_D-Fructose-6-Phosphate,11
8.75,E4_D-Fructose-6-Phosphate,13
9.0,E4_D-Fructose-6-Phosphate,11
9.25,E4_D-Fructose-6-Phosphate,11
9.5,E4_D-Fructose-6-Phosphate,12
9.75,E4_D-Fructose-6-Phosphate,11
10.0,E4_D-Fructose-6-Phosphate,11
10.25,E4_D-Fructose-6-Phosphate,11
10.5,E4_D-Fructose-6-Phosphate,11
10.75,E4_D-Fructose-6-Phosphate,11
11.0,E4_D-Fructose-6-Phosphate,11
11.25,E4_D-Fructose-6-Phosphate,11
11.5,E4_D-Fructose-6-Phosphate,11
11.75,E4_D-Fructose-6-Phosphate,11
12.0,E4_D-Fructose-6-Phosphate,11
12.25,E4_D-Fructose-6-Phosphate,11
12.5,E4_D-Fructose-6-Phosphate,11
12.75,E4_D-Fructose-6-Phosphate,11
13.0,E4_D-Fructose-6-Phosphate,11
13.25,E4_D-Fructose-6-Phosphate,11
13.5,E4_D-Fructose-6-Phosphate,11
13.75,E4_D-Fructose-6-Phosphate,11
14.0,E4_D-Fructose-6-Phosphate,11
14.25,E4_D-Fructose-6-Phosphate,11
14.5,E4_D-Fructose-6-Phosphate,11
14.75,E4_D-Fructose-6-Phosphate,11
15.0,E4_D-Fructose-6-Phosphate,11
15.25,E4_D-Fructose-6-Phosphate,11
15.5,E4_D-Fructose-6-Phosphate,11
15.75,E4_D-Fructose-6-Phosphate,11
16.0,E4_D-Fructose-6-Phosphate,11
16.25,E4_D-Fructose-6-Phosphate,11
16.5,E4_D-Fructose-6-Phosphate,11
16.75,E4_D-Fructose-6-Phosphate,12
17.0,E4_D-Fructose-6-Phosphate,11
17.25,E4_D-Fructose-6-Phosphate,12
17.5,E4_D-Fructose-6-Phosphate,11
17.75,E4_D-Fructose-6-Phosphate,11
18.0,E4_D-Fructose-6-Phosphate,11
18.25,E4_D-Fructose-6-Phosphate,11
18.5,E4_D-Fructose-6-Phosphate,11
18.75,E4_D-Fructose-6-Phosphate,11
19.0,E4_D-Fructose-6-Phosphate,11
19.25,E4_D-Fructose-6-Phosphate,11
19.5,E4_D-Fructose-6-Phosphate,11
19.75,E4_D-Fructose-6-Phosphate,11
20.0,E4_D-Fructose-6-Phosphate,12
20.25,E4_D-Fructose-6-Phosphate,11
20.5,E4_D-Fructose-6-Phosphate,14
20.75,E4_D-Fructose-6-Phosphate,11
21.0,E4_D-Fructose-6-Phosphate,11
21.25,E4_D-Fructose-6-Phosphate,11
21.5,E4_D-Fructose-6-Phosphate,11
21.75,E4_D-Fructose-6-Phosphate,11
22.0,E4_D-Fructose-6-Phosphate,11
22.25,E4_D-Fructose-6-Phosphate,13
22.5,E4_D-Fructose-6-Phosphate,11
22.75,E4_D-Fructose-6-Phosphate,11
23.0,E4_D-Fructose-6-Phosphate,11
23.25,E4_D-Fructose-6-Phosphate,11
23.5,E4_D-Fructose-6-Phosphate,11
23.75,E4_D-Fructose-6-Phosphate,11
24.0,E4_D-Fructose-6-Phosphate,12
24.25,E4_D-Fructose-6-Phosphate,11
24.5,E4_D-Fructose-6-Phosphate,11
24.75,E4_D-Fructose-6-Phosphate,15
25.0,E4_D-Fructose-6-Phosphate,11
25.25,E4_D-Fructose-6-Phosphate,11
25.5,E4_D-Fructose-6-Phosphate,13
25.75,E4_D-Fructose-6-Phosphate,13
26.0,E4_D-Fructose-6-Phosphate,13
26.25,E4_D-Fructose-6-Phosphate,11
26.5,E4_D-Fructose-6-Phosphate,11
26.75,E4_D-Fructose-6-Phosphate,11
27.0,E4_D-Fructose-6-Phosphate,11
27.25,E4_D-Fructose-6-Phosphate,13
27.5,E4_D-Fructose-6-Phosphate,15
27.75,E4_D-Fructose-6-Phosphate,12
28.0,E4_D-Fructose-6-Phosphate,16
28.25,E4_D-Fructose-6-Phosphate,11
28.5,E4_D-Fructose-6-Phosphate,15
28.75,E4_D-Fructose-6-Phosphate,14
29.0,E4_D-Fructose-6-Phosphate,14
29.25,E4_D-Fructose-6-Phosphate,13
29.5,E4_D-Fructose-6-Phosphate,11
29.75,E4_D-Fructose-6-Phosphate,12
30.0,E4_D-Fructose-6-Phosphate,11
30.25,E4_D-Fructose-6-Phosphate,15
30.5,E4_D-Fructose-6-Phosphate,13
30.75,E4_D-Fructose-6-Phosphate,11
31.0,E4_D-Fructose-6-Phosphate,11
31.25,E4_D-Fructose-6-Phosphate,14
31.5,E4_D-Fructose-6-Phosphate,14
31.75,E4_D-Fructose-6-Phosphate,11
32.0,E4_D-Fructose-6-Phosphate,11
32.25,E4_D-Fructose-6-Phosphate,12
32.5,E4_D-Fructose-6-Phosphate,17
32.75,E4_D-Fructose-6-Phosphate,12
33.0,E4_D-Fructose-6-Phosphate,17
33.25,E4_D-Fructose-6-Phosphate,13
33.5,E4_D-Fructose-6-Phosphate,14
33.75,E4_D-Fructose-6-Phosphate,12
34.0,E4_D-Fructose-6-Phosphate,11
34.25,E4_D-Fructose-6-Phosphate,15
34.5,E4_D-Fructose-6-Phosphate,17
34.75,E4_D-Fructose-6-Phosphate,11
35.0,E4_D-Fructose-6-Phosphate,11
35.25,E4_D-Fructose-6-Phosphate,14
35.5,E4_D-Fructose-6-Phosphate,15
35.75,E4_D-Fructose-6-Phosphate,17
36.0,E4_D-Fructose-6-Phosphate,14
36.25,E4_D-Fructose-6-Phosphate,13
36.5,E4_D-Fructose-6-Phosphate,12
36.75,E4_D-Fructose-6-Phosphate,12
37.0,E4_D-Fructose-6-Phosphate,15
37.25,E4_D-Fructose-6-Phosphate,11
37.5,E4_D-Fructose-6-Phosphate,18
37.75,E4_D-Fructose-6-Phosphate,14
38.0,E4_D-Fructose-6-Phosphate,12
38.25,E4_D-Fructose-6-Phosphate,13
38.5,E4_D-Fructose-6-Phosphate,15
38.75,E4_D-Fructose-6-Phosphate,13
39.0,E4_D-Fructose-6-Phosphate,16
39.25,E4_D-Fructose-6-Phosphate,13
39.5,E4_D-Fructose-6-Phosphate,11
39.75,E4_D-Fructose-6-Phosphate,16
40.0,E4_D-Fructose-6-Phosphate,13
40.25,E4_D-Fructose-6-Phosphate,15
40.5,E4_D-Fructose-6-Phosphate,18
40.75,E4_D-Fructose-6-Phosphate,14
41.0,E4_D-Fructose-6-Phosphate,15
41.25,E4_D-Fructose-6-Phosphate,15
41.5,E4_D-Fructose-6-Phosphate,17
41.75,E4_D-Fructose-6-Phosphate,20
42.0,E4_D-Fructose-6-Phosphate,15
42.25,E4_D-Fructose-6-Phosphate,16
42.5,E4_D-Fructose-6-Phosphate,20
42.75,E4_D-Fructose-6-Phosphate,14
43.0,E4_D-Fructose-6-Phosphate,14
43.25,E4_D-Fructose-6-Phosphate,17
43.5,E4_D-Fructose-6-Phosphate,16
43.75,E4_D-Fructose-6-Phosphate,15
44.0,E4_D-Fructose-6-Phosphate,14
44.25,E4_D-Fructose-6-Phosphate,13
44.5,E4_D-Fructose-6-Phosphate,13
44.75,E4_D-Fructose-6-Phosphate,16
45.0,E4_D-Fructose-6-Phosphate,13
45.25,E4_D-Fructose-6-Phosphate,12
45.5,E4_D-Fructose-6-Phosphate,16
45.75,E4_D-Fructose-6-Phosphate,21
46.0,E4_D-Fructose-6-Phosphate,13
46.25,E4_D-Fructose-6-Phosphate,18
46.5,E4_D-Fructose-6-Phosphate,16
46.75,E4_D-Fructose-6-Phosphate,17
47.0,E4_D-Fructose-6-Phosphate,17
47.25,E4_D-Fructose-6-Phosphate,12
47.5,E4_D-Fructose-6-Phosphate,21
47.75,E4_D-Fructose-6-Phosphate,18
48.0,E4_D-Fructose-6-Phosphate,18
48.25,E4_D-Fructose-6-Phosphate,21
0.0,E5_Tween_80,11
0.25,E5_Tween_80,11
0.5,E5_Tween_80,11
0.75,E5_Tween_80,11
1.0,E5_Tween_80,11
1.25,E5_Tween_80,11
1.5,E5_Tween_80,11
1.75,E5_Tween_80,11
2.0,E5_Tween_80,11
2.25,E5_Tween_80,11
2.5,E5_Tween_80,11
2.75,E5_Tween_80,11
3.0,E5_Tween_80,11
3.25,E5_Tween_80,11
3.5,E5_Tween_80,11
3.75,E5_Tween_80,11
4.0,E5_Tween_80,11
4.25,E5_Tween_80,11
4.5,E5_Tween_80,11
4.75,E5_Tween_80,11
5.0,E5_Tween_80,11
5.25,E5_Tween_80,11
5.5,E5_Tween_80,11
5.75,E5_Tween_80,11
6.0,E5_Tween_80,11
6.25,E5_Tween_80,11
6.5,E5_Tween_80,11
6.75,E5_Tween_80,11
7.0,E5_Tween_80,11
7.25,E5_Tween_80,11
7.5,E5_Tween_80,11
7.75,E5_Tween_80,11
8.0,E5_Tween_80,11
8.25,E5_Tween_80,11
8.5,E5_Tween_80,11
8.75,E5_Tween_80,13
9.0,E5_Tween_80,11
9.25,E5_Tween_80,13
9.5,E5_Tween_80,11
9.75,E5_Tween_80,11
10.0,E5_Tween_80,11
10.25,E5_Tween_80,13
10.5,E5_Tween_80,13
10.75,E5_Tween_80,14
11.0,E5_Tween_80,11
11.25,E5_Tween_80,13
11.5,E5_Tween_80,17
11.75,E5_Tween_80,12
12.0,E5_Tween_80,11
12.25,E5_Tween_80,11
12.5,E5_Tween_80,17
12.75,E5_Tween_80,13
13.0,E5_Tween_80,11
13.25,E5_Tween_80,11
13.5,E5_Tween_80,17
13.75,E5_Tween_80,17
14.0,E5_Tween_80,15
14.25,E5_Tween_80,11
14.5,E5_Tween_80,11
14.75,E5_Tween_80,15
15.0,E5_Tween_80,13
15.25,E5_Tween_80,16
15.5,E5_Tween_80,19
15.75,E5_Tween_80,18
16.0,E5_Tween_80,18
16.25,E5_Tween_80,16
16.5,E5_Tween_80,14
16.75,E5_Tween_80,19
17.0,E5_Tween_80,18
17.25,E5_Tween_80,15
17.5,E5_Tween_80,14
17.75,E5_Tween_80,16
18.0,E5_Tween_80,19
18.25,E5_Tween_80,23
18.5,E5_Tween_80,19
18.75,E5_Tween_80,18
19.0,E5_Tween_80,21
19.25,E5_Tween_80,19
19.5,E5_Tween_80,17
19.75,E5_Tween_80,20
20.0,E5_Tween_80,21
20.25,E5_Tween_80,20
20.5,E5_Tween_80,23
20.75,E5_Tween_80,24
21.0,E5_Tween_80,24
21.25,E5_Tween_80,25
21.5,E5_Tween_80,22
21.75,E5_Tween_80,23
22.0,E5_Tween_80,22
22.25,E5_Tween_80,22
22.5,E5_Tween_80,24
22.75,E5_Tween_80,29
23.0,E5_Tween_80,25
23.25,E5_Tween_80,23
23.5,E5_Tween_80,22
23.75,E5_Tween_80,24
24.0,E5_Tween_80,24
24.25,E5_Tween_80,28
24.5,E5_Tween_80,29
24.75,E5_Tween_80,29
25.0,E5_Tween_80,29
25.25,E5_Tween_80,28
25.5,E5_Tween_80,28
25.75,E5_Tween_80,27
26.0,E5_Tween_80,26
26.25,E5_Tween_80,26
26.5,E5_Tween_80,33
26.75,E5_Tween_80,32
27.0,E5_Tween_80,28
27.25,E5_Tween_80,33
27.5,E5_Tween_80,29
27.75,E5_Tween_80,35
28.0,E5_Tween_80,32
28.25,E5_Tween_80,34
28.5,E5_Tween_80,30
28.75,E5_Tween_80,34
29.0,E5_Tween_80,31
29.25,E5_Tween_80,30
29.5,E5_Tween_80,34
29.75,E5_Tween_80,34
30.0,E5_Tween_80,30
30.25,E5_Tween_80,31
30.5,E5_Tween_80,35
30.75,E5_Tween_80,36
31.0,E5_Tween_80,33
31.25,E5_Tween_80,36
31.5,E5_Tween_80,31
31.75,E5_Tween_80,36
32.0,E5_Tween_80,37
32.25,E5_Tween_80,36
32.5,E5_Tween_80,38
32.75,E5_Tween_80,36
33.0,E5_Tween_80,40
33.25,E5_Tween_80,37
33.5,E5_Tween_80,38
33.75,E5_Tween_80,40
34.0,E5_Tween_80,33
34.25,E5_Tween_80,41
34.5,E5_Tween_80,40
34.75,E5_Tween_80,36
35.0,E5_Tween_80,39
35.25,E5_Tween_80,43
35.5,E5_Tween_80,39
35.75,E5_Tween_80,40
36.0,E5_Tween_80,40
36.25,E5_Tween_80,40
36.5,E5_Tween_80,43
36.75,E5_Tween_80,45
37.0,E5_Tween_80,45
37.25,E5_Tween_80,42
37.5,E5_Tween_80,43
37.75,E5_Tween_80,48
38.0,E5_Tween_80,41
38.25,E5_Tween_80,43
38.5,E5_Tween_80,41
38.75,E5_Tween_80,45
39.0,E5_Tween_80,45
39.25,E5_Tween_80,49
39.5,E5_Tween_80,46
39.75,E5_Tween_80,49
40.0,E5_Tween_80,43
40.25,E5_Tween_80,47
40.5,E5_Tween_80,47
40.75,E5_Tween_80,47
41.0,E5_Tween_80,50
41.25,E5_Tween_80,44
41.5,E5_Tween_80,48
41.75,E5_Tween_80,50
42.0,E5_Tween_80,52
42.25,E5_Tween_80,48
42.5,E5_Tween_80,50
42.75,E5_Tween_80,49
43.0,E5_Tween_80,49
43.25,E5_Tween_80,47
43.5,E5_Tween_80,52
43.75,E5_Tween_80,49
44.0,E5_Tween_80,50
44.25,E5_Tween_80,50
44.5,E5_Tween_80,53
44.75,E5_Tween_80,51
45.0,E5_Tween_80,48
45.25,E5_Tween_80,51
45.5,E5_Tween_80,52
45.75,E5_Tween_80,50
46.0,E5_Tween_80,55
46.25,E5_Tween_80,54
46.5,E5_Tween_80,52
46.75,E5_Tween_80,54
47.0,E5_Tween_80,50
47.25,E5_Tween_80,54
47.5,E5_Tween_80,51
47.75,E5_Tween_80,57
48.0,E5_Tween_80,54
48.25,E5_Tween_80,57
0.0,E6_a-Hydroxy_Glutaric_Acid-g_Lactone,11
0.25,E6_a-Hydroxy_Glutaric_Acid-g_Lactone,11
0.5,E6_a-Hydroxy_Glutaric_Acid-g_Lactone,11
0.75,E6_a-Hydroxy_Glutaric_Acid-g_Lactone,11
1.0,E6_a-Hydroxy_Glutaric_Acid-g_Lactone,11
1.25,E6_a-Hydroxy_Glutaric_Acid-g_Lactone,11
1.5,E6_a-Hydroxy_Glutaric_Acid-g_Lactone,11
1.75,E6_a-Hydroxy_Glutaric_Acid-g_Lactone,11
2.0,E6_a-Hydroxy_Glutaric_Acid-g_Lactone,11
2.25,E6_a-Hydroxy_Glutaric_Acid-g_Lactone,11
2.5,E6_a-Hydroxy_Glutaric_Acid-g_Lactone,11
2.75,E6_a-Hydroxy_Glutaric_Acid-g_Lactone,11
3.0,E6_a-Hydroxy_Glutaric_Acid-g_Lactone,11
3.25,E6_a-Hydroxy_Glutaric_Acid-g_Lactone,11
3.5,E6_a-Hydroxy_Glutaric_Acid-g_Lactone,11
3.75,E6_a-Hydroxy_Glutaric_Acid-g_Lactone,11
4.0,E6_a-Hydroxy_Glutaric_Acid-g_Lactone,11
4.25,E6_a-Hydroxy_Glutaric_Acid-g_Lactone,11
4.5,E6_a-Hydroxy_Glutaric_Acid-g_Lactone,11
4.75,E6_a-Hydroxy_Glutaric_Acid-g_Lactone,11
5.0,E6_a-Hydroxy_Glutaric_Acid-g_Lactone,11
5.25,E6_a-Hydroxy_Glutaric_Acid-g_Lactone,11
5.5,E6_a-Hydroxy_Glutaric_Acid-g_Lactone,11
5.75,E6_a-Hydroxy_Glutaric_Acid-g_Lactone,11
6.0,E6_a-Hydroxy_Glutaric_Acid-g_Lactone,11
6.25,E6_a-Hydroxy_Glutaric_Acid-g_Lactone,11
6.5,E6_a-Hydroxy_Glutaric_Acid-g_Lactone,11
6.75,E6_a-Hydroxy_Glutaric_Acid-g_Lactone,11
7.0,E6_a-Hydroxy_Glutaric_Acid-g_Lactone,11
7.25,E6_a-Hydroxy_Glutaric_Acid-g_Lactone,11
7.5,E6_a-Hydroxy_Glutaric_Acid-g_Lactone,11
7.75,E6_a-Hydroxy_Glutaric_Acid-g_Lactone,11
8.0,E6_a-Hydroxy_Glutaric_Acid-g_Lactone,11
8.25,E6_a-Hydroxy_Glutaric_Acid-g_Lactone,11
8.5,E6_a-Hydroxy_Glutaric_Acid-g_Lactone,11
8.75,E6_a-Hydroxy_Glutaric_Acid-g_Lactone,11
9.0,E6_a-Hydroxy_Glutaric_Acid-g_Lactone,11
9.25,E6_a-Hydroxy_Glutaric_Acid-g_Lactone,11
9.5,E6_a-Hydroxy_Glutaric_Acid-g_Lactone,11
9.75,E6_a-Hydroxy_Glutaric_Acid-g_Lactone,11
10.0,E6_a-Hydroxy_Glutaric_Acid-g_Lactone,11
10.25,E6_a-Hydroxy_Glutaric_Acid-g_Lactone,11
10.5,E6_a-Hydroxy_Glutaric_Acid-g_Lactone,11
10.75,E6_a-Hydroxy_Glutaric_Acid-g_Lactone,11
11.0,E6_a-Hydroxy_Glutaric_Acid-g_Lactone,11
11.25,E6_a-Hydroxy_Glutaric_Acid-g_Lactone,11
11.5,E6_a-Hydroxy_Glutaric_Acid-g_Lactone,11
11.75,E6_a-Hydroxy_Glutaric_Acid-g_Lactone,11
12.0,E6_a-Hydroxy_Glutaric_Acid-g_Lactone,11
12.25,E6_a-Hydroxy_Glutaric_Acid-g_Lactone,12
12.5,E6_a-Hydroxy_Glutaric_Acid-g_Lactone,11
12.75,E6_a-Hydroxy_Glutaric_Acid-g_Lactone,11
13.0,E6_a-Hydroxy_Glutaric_Acid-g_Lactone,11
13.25,E6_a-Hydroxy_Glutaric_Acid-g_Lactone,11
13.5,E6_a-Hydroxy_Glutaric_Acid-g_Lactone,11
13.75,E6_a-Hydroxy_Glutaric_Acid-g_Lactone,13
14.0,E6_a-Hydroxy_Glutaric_Acid-g_Lactone,11
14.25,E6_a-Hydroxy_Glutaric_Acid-g_Lactone,12
14.5,E6_a-Hydroxy_Glutaric_Acid-g_Lactone,11
14.75,E6_a-Hydroxy_Glutaric_Acid-g_Lactone,14
15.0,E6_a-Hydroxy_Glutaric_Acid-g_Lactone,12
15.25,E6_a-Hydroxy_Glutaric_Acid-g_Lactone,14
15.5,E6_a-Hydroxy_Glutaric_Acid-g_Lactone,14
15.75,E6_a-Hydroxy_Glutaric_Acid-g_Lactone,11
16.0,E6_a-Hydroxy_Glutaric_Acid-g_Lactone,12
16.25,E6_a-Hydroxy_Glutaric_Acid-g_Lactone,13
16.5,E6_a-Hydroxy_Glutaric_Acid-g_Lactone,11
16.75,E6_a-Hydroxy_Glutaric_Acid-g_Lactone,16
17.0,E6_a-Hydroxy_Glutaric_Acid-g_Lactone,14
17.25,E6_a-Hydroxy_Glutaric_Acid-g_Lactone,16
17.5,E6_a-Hydroxy_Glutaric_Acid-g_Lactone,12
17.75,E6_a-Hydroxy_Glutaric_Acid-g_Lactone,13
18.0,E6_a-Hydroxy_Glutaric_Acid-g_Lactone,18
18.25,E6_a-Hydroxy_Glutaric_Acid-g_Lactone,17
18.5,E6_a-Hydroxy_Glutaric_Acid-g_Lactone,15
18.75,E6_a-Hydroxy_Glutaric_Acid-g_Lactone,16
19.0,E6_a-Hydroxy_Glutaric_Acid-g_Lactone,18
19.25,E6_a-Hydroxy_Glutaric_Acid-g_Lactone,21
19.5,E6_a-Hydroxy_Glutaric_Acid-g_Lactone,16
19.75,E6_a-Hydroxy_Glutaric_Acid-g_Lactone,15
20.0,E6_a-Hydroxy_Glutaric_Acid-g_Lactone,21
20.25,E6_a-Hydroxy_Glutaric_Acid-g_Lactone,17
20.5,E6_a-Hydroxy_Glutaric_Acid-g_Lactone,18
20.75,E6_a-Hydroxy_Glutaric_Acid-g_Lactone,20
21.0,E6_a-Hydroxy_Glutaric_Acid-g_Lactone,17
21.25,E6_a-Hydroxy_Glutaric_Acid-g_Lactone,18
21.5,E6_a-Hydroxy_Glutaric_Acid-g_Lactone,20
21.75,E6_a-Hydroxy_Glutaric_Acid-g_Lactone,19
22.0,E6_a-Hydroxy_Glutaric_Acid-g_Lactone,20
22.25,E6_a-Hydroxy_Glutaric_Acid-g_Lactone,20
22.5,E6_a-Hydroxy_Glutaric_Acid-g_Lactone,19
22.75,E6_a-Hydroxy_Glutaric_Acid-g_Lactone,20
23.0,E6_a-Hydroxy_Glutaric_Acid-g_Lactone,20
23.25,E6_a-Hydroxy_Glutaric_Acid-g_Lactone,17
23.5,E6_a-Hydroxy_Glutaric_Acid-g_Lactone,21
23.75,E6_a-Hydroxy_Glutaric_Acid-g_Lactone,21
24.0,E6_a-Hydroxy_Glutaric_Acid-g_Lactone,19
24.25,E6_a-Hydroxy_Glutaric_Acid-g_Lactone,23
24.5,E6_a-Hydroxy_Glutaric_Acid-g_Lactone,24
24.75,E6_a-Hydroxy_Glutaric_Acid-g_Lactone,22
25.0,E6_a-Hydroxy_Glutaric_Acid-g_Lactone,22
25.25,E6_a-Hydroxy_Glutaric_Acid-g_Lactone,19
25.5,E6_a-Hydroxy_Glutaric_Acid-g_Lactone,19
25.75,E6_a-Hydroxy_Glutaric_Acid-g_Lactone,19
26.0,E6_a-Hydroxy_Glutaric_Acid-g_Lactone,20
26.25,E6_a-Hydroxy_Glutaric_Acid-g_Lactone,21
26.5,E6_a-Hydroxy_Glutaric_Acid-g_Lactone,21
26.75,E6_a-Hydroxy_Glutaric_Acid-g_Lactone,17
27.0,E6_a-Hydroxy_Glutaric_Acid-g_Lactone,23
27.25,E6_a-Hydroxy_Glutaric_Acid-g_Lactone,22
27.5,E6_a-Hydroxy_Glutaric_Acid-g_Lactone,19
27.75,E6_a-Hydroxy_Glutaric_Acid-g_Lactone,24
28.0,E6_a-Hydroxy_Glutaric_Acid-g_Lactone,21
28.25,E6_a-Hydroxy_Glutaric_Acid-g_Lactone,21
28.5,E6_a-Hydroxy_Glutaric_Acid-g_Lactone,25
28.75,E6_a-Hydroxy_Glutaric_Acid-g_Lactone,24
29.0,E6_a-Hydroxy_Glutaric_Acid-g_Lactone,25
29.25,E6_a-Hydroxy_Glutaric_Acid-g_Lactone,20
29.5,E6_a-Hydroxy_Glutaric_Acid-g_Lactone,22
29.75,E6_a-Hydroxy_Glutaric_Acid-g_Lactone,22
30.0,E6_a-Hydroxy_Glutaric_Acid-g_Lactone,16
30.25,E6_a-Hydroxy_Glutaric_Acid-g_Lactone,24
30.5,E6_a-Hydroxy_Glutaric_Acid-g_Lactone,23
30.75,E6_a-Hydroxy_Glutaric_Acid-g_Lactone,22
31.0,E6_a-Hydroxy_Glutaric_Acid-g_Lactone,21
31.25,E6_a-Hydroxy_Glutaric_Acid-g_Lactone,21
31.5,E6_a-Hydroxy_Glutaric_Acid-g_Lactone,21
31.75,E6_a-Hydroxy_Glutaric_Acid-g_Lactone,26
32.0,E6_a-Hydroxy_Glutaric_Acid-g_Lactone,20
32.25,E6_a-Hydroxy_Glutaric_Acid-g_Lactone,22
32.5,E6_a-Hydroxy_Glutaric_Acid-g_Lactone,21
32.75,E6_a-Hydroxy_Glutaric_Acid-g_Lactone,18
33.0,E6_a-Hydroxy_Glutaric_Acid-g_Lactone,18
33.25,E6_a-Hydroxy_Glutaric_Acid-g_Lactone,20
33.5,E6_a-Hydroxy_Glutaric_Acid-g_Lactone,21
33.75,E6_a-Hydroxy_Glutaric_Acid-g_Lactone,24
34.0,E6_a-Hydroxy_Glutaric_Acid-g_Lactone,21
34.25,E6_a-Hydroxy_Glutaric_Acid-g_Lactone,23
34.5,E6_a-Hydroxy_Glutaric_Acid-g_Lactone,25
34.75,E6_a-Hydroxy_Glutaric_Acid-g_Lactone,23
35.0,E6_a-Hydroxy_Glutaric_Acid-g_Lactone,22
35.25,E6_a-Hydroxy_Glutaric_Acid-g_Lactone,25
35.5,E6_a-Hydroxy_Glutaric_Acid-g_Lactone,23
35.75,E6_a-Hydroxy_Glutaric_Acid-g_Lactone,25
36.0,E6_a-Hydroxy_Glutaric_Acid-g_Lactone,24
36.25,E6_a-Hydroxy_Glutaric_Acid-g_Lactone,23
36.5,E6_a-Hydroxy_Glutaric_Acid-g_Lactone,24
36.75,E6_a-Hydroxy_Glutaric_Acid-g_Lactone,24
37.0,E6_a-Hydroxy_Glutaric_Acid-g_Lactone,22
37.25,E6_a-Hydroxy_Glutaric_Acid-g_Lactone,23
37.5,E6_a-Hydroxy_Glutaric_Acid-g_Lactone,23
37.75,E6_a-Hydroxy_Glutaric_Acid-g_Lactone,22
38.0,E6_a-Hydroxy_Glutaric_Acid-g_Lactone,22
38.25,E6_a-Hydroxy_Glutaric_Acid-g_Lactone,22
38.5,E6_a-Hydroxy_Glutaric_Acid-g_Lactone,21
38.75,E6_a-Hydroxy_Glutaric_Acid-g_Lactone,21
39.0,E6_a-Hydroxy_Glutaric_Acid-g_Lactone,24
39.25,E6_a-Hydroxy_Glutaric_Acid-g_Lactone,26
39.5,E6_a-Hydroxy_Glutaric_Acid-g_Lactone,22
39.75,E6_a-Hydroxy_Glutaric_Acid-g_Lactone,20
40.0,E6_a-Hydroxy_Glutaric_Acid-g_Lactone,20
40.25,E6_a-Hydroxy_Glutaric_Acid-g_Lactone,21
40.5,E6_a-Hydroxy_Glutaric_Acid-g_Lactone,22
40.75,E6_a-Hydroxy_Glutaric_Acid-g_Lactone,22
41.0,E6_a-Hydroxy_Glutaric_Acid-g_Lactone,25
41.25,E6_a-Hydroxy_Glutaric_Acid-g_Lactone,21
41.5,E6_a-Hydroxy_Glutaric_Acid-g_Lactone,24
41.75,E6_a-Hydroxy_Glutaric_Acid-g_Lactone,24
42.0,E6_a-Hydroxy_Glutaric_Acid-g_Lactone,22
42.25,E6_a-Hydroxy_Glutaric_Acid-g_Lactone,22
42.5,E6_a-Hydroxy_Glutaric_Acid-g_Lactone,18
42.75,E6_a-Hydroxy_Glutaric_Acid-g_Lactone,24
43.0,E6_a-Hydroxy_Glutaric_Acid-g_Lactone,22
43.25,E6_a-Hydroxy_Glutaric_Acid-g_Lactone,25
43.5,E6_a-Hydroxy_Glutaric_Acid-g_Lactone,26
43.75,E6_a-Hydroxy_Glutaric_Acid-g_Lactone,23
44.0,E6_a-Hydroxy_Glutaric_Acid-g_Lactone,24
44.25,E6_a-Hydroxy_Glutaric_Acid-g_Lactone,25
44.5,E6_a-Hydroxy_Glutaric_Acid-g_Lactone,24
44.75,E6_a-Hydroxy_Glutaric_Acid-g_Lactone,20
45.0,E6_a-Hydroxy_Glutaric_Acid-g_Lactone,24
45.25,E6_a-Hydroxy_Glutaric_Acid-g_Lactone,19
45.5,E6_a-Hydroxy_Glutaric_Acid-g_Lactone,22
45.75,E6_a-Hydroxy_Glutaric_Acid-g_Lactone,22
46.0,E6_a-Hydroxy_Glutaric_Acid-g_Lactone,25
46.25,E6_a-Hydroxy_Glutaric_Acid-g_Lactone,25
46.5,E6_a-Hydroxy_Glutaric_Acid-g_Lactone,25
46.75,E6_a-Hydroxy_Glutaric_Acid-g_Lactone,23
47.0,E6_a-Hydroxy_Glutaric_Acid-g_Lactone,23
47.25,E6_a-Hydroxy_Glutaric_Acid-g_Lactone,26
47.5,E6_a-Hydroxy_Glutaric_Acid-g_Lactone,25
47.75,E6_a-Hydroxy_Glutaric_Acid-g_Lactone,22
48.0,E6_a-Hydroxy_Glutaric_Acid-g_Lactone,26
48.25,E6_a-Hydroxy_Glutaric_Acid-g_Lactone,26
0.0,E7_a-Hydroxy_Butyric_Acid,11
0.25,E7_a-Hydroxy_Butyric_Acid,11
0.5,E7_a-Hydroxy_Butyric_Acid,11
0.75,E7_a-Hydroxy_Butyric_Acid,11
1.0,E7_a-Hydroxy_Butyric_Acid,11
1.25,E7_a-Hydroxy_Butyric_Acid,11
1.5,E7_a-Hydroxy_Butyric_Acid,11
1.75,E7_a-Hydroxy_Butyric_Acid,11
2.0,E7_a-Hydroxy_Butyric_Acid,11
2.25,E7_a-Hydroxy_Butyric_Acid,11
2.5,E7_a-Hydroxy_Butyric_Acid,11
2.75,E7_a-Hydroxy_Butyric_Acid,11
3.0,E7_a-Hydroxy_Butyric_Acid,11
3.25,E7_a-Hydroxy_Butyric_Acid,11
3.5,E7_a-Hydroxy_Butyric_Acid,11
3.75,E7_a-Hydroxy_Butyric_Acid,11
4.0,E7_a-Hydroxy_Butyric_Acid,11
4.25,E7_a-Hydroxy_Butyric_Acid,11
4.5,E7_a-Hydroxy_Butyric_Acid,11
4.75,E7_a-Hydroxy_Butyric_Acid,11
5.0,E7_a-Hydroxy_Butyric_Acid,11
5.25,E7_a-Hydroxy_Butyric_Acid,11
5.5,E7_a-Hydroxy_Butyric_Acid,11
5.75,E7_a-Hydroxy_Butyric_Acid,11
6.0,E7_a-Hydroxy_Butyric_Acid,11
6.25,E7_a-Hydroxy_Butyric_Acid,11
6.5,E7_a-Hydroxy_Butyric_Acid,11
6.75,E7_a-Hydroxy_Butyric_Acid,11
7.0,E7_a-Hydroxy_Butyric_Acid,11
7.25,E7_a-Hydroxy_Butyric_Acid,11
7.5,E7_a-Hydroxy_Butyric_Acid,11
7.75,E7_a-Hydroxy_Butyric_Acid,11
8.0,E7_a-Hydroxy_Butyric_Acid,11
8.25,E7_a-Hydroxy_Butyric_Acid,11
8.5,E7_a-Hydroxy_Butyric_Acid,11
8.75,E7_a-Hydroxy_Butyric_Acid,11
9.0,E7_a-Hydroxy_Butyric_Acid,11
9.25,E7_a-Hydroxy_Butyric_Acid,11
9.5,E7_a-Hydroxy_Butyric_Acid,11
9.75,E7_a-Hydroxy_Butyric_Acid,11
10.0,E7_a-Hydroxy_Butyric_Acid,11
10.25,E7_a-Hydroxy_Butyric_Acid,11
10.5,E7_a-Hydroxy_Butyric_Acid,11
10.75,E7_a-Hydroxy_Butyric_Acid,11
11.0,E7_a-Hydroxy_Butyric_Acid,11
11.25,E7_a-Hydroxy_Butyric_Acid,11
11.5,E7_a-Hydroxy_Butyric_Acid,11
11.75,E7_a-Hydroxy_Butyric_Acid,11
12.0,E7_a-Hydroxy_Butyric_Acid,11
12.25,E7_a-Hydroxy_Butyric_Acid,11
12.5,E7_a-Hydroxy_Butyric_Acid,11
12.75,E7_a-Hydroxy_Butyric_Acid,11
13.0,E7_a-Hydroxy_Butyric_Acid,11
13.25,E7_a-Hydroxy_Butyric_Acid,11
13.5,E7_a-Hydroxy_Butyric_Acid,11
13.75,E7_a-Hydroxy_Butyric_Acid,11
14.0,E7_a-Hydroxy_Butyric_Acid,11
14.25,E7_a-Hydroxy_Butyric_Acid,11
14.5,E7_a-Hydroxy_Butyric_Acid,11
14.75,E7_a-Hydroxy_Butyric_Acid,11
15.0,E7_a-Hydroxy_Butyric_Acid,11
15.25,E7_a-Hydroxy_Butyric_Acid,11
15.5,E7_a-Hydroxy_Butyric_Acid,11
15.75,E7_a-Hydroxy_Butyric_Acid,11
16.0,E7_a-Hydroxy_Butyric_Acid,11
16.25,E7_a-Hydroxy_Butyric_Acid,11
16.5,E7_a-Hydroxy_Butyric_Acid,11
16.75,E7_a-Hydroxy_Butyric_Acid,11
17.0,E7_a-Hydroxy_Butyric_Acid,11
17.25,E7_a-Hydroxy_Butyric_Acid,11
17.5,E7_a-Hydroxy_Butyric_Acid,11
17.75,E7_a-Hydroxy_Butyric_Acid,11
18.0,E7_a-Hydroxy_Butyric_Acid,12
18.25,E7_a-Hydroxy_Butyric_Acid,11
18.5,E7_a-Hydroxy_Butyric_Acid,11
18.75,E7_a-Hydroxy_Butyric_Acid,11
19.0,E7_a-Hydroxy_Butyric_Acid,11
19.25,E7_a-Hydroxy_Butyric_Acid,11
19.5,E7_a-Hydroxy_Butyric_Acid,11
19.75,E7_a-Hydroxy_Butyric_Acid,11
20.0,E7_a-Hydroxy_Butyric_Acid,12
20.25,E7_a-Hydroxy_Butyric_Acid,11
20.5,E7_a-Hydroxy_Butyric_Acid,11
20.75,E7_a-Hydroxy_Butyric_Acid,11
21.0,E7_a-Hydroxy_Butyric_Acid,11
21.25,E7_a-Hydroxy_Butyric_Acid,11
21.5,E7_a-Hydroxy_Butyric_Acid,11
21.75,E7_a-Hydroxy_Butyric_Acid,11
22.0,E7_a-Hydroxy_Butyric_Acid,13
22.25,E7_a-Hydroxy_Butyric_Acid,12
22.5,E7_a-Hydroxy_Butyric_Acid,11
22.75,E7_a-Hydroxy_Butyric_Acid,11
23.0,E7_a-Hydroxy_Butyric_Acid,11
23.25,E7_a-Hydroxy_Butyric_Acid,11
23.5,E7_a-Hydroxy_Butyric_Acid,11
23.75,E7_a-Hydroxy_Butyric_Acid,11
24.0,E7_a-Hydroxy_Butyric_Acid,13
24.25,E7_a-Hydroxy_Butyric_Acid,13
24.5,E7_a-Hydroxy_Butyric_Acid,11
24.75,E7_a-Hydroxy_Butyric_Acid,13
25.0,E7_a-Hydroxy_Butyric_Acid,13
25.25,E7_a-Hydroxy_Butyric_Acid,14
25.5,E7_a-Hydroxy_Butyric_Acid,15
25.75,E7_a-Hydroxy_Butyric_Acid,14
26.0,E7_a-Hydroxy_Butyric_Acid,12
26.25,E7_a-Hydroxy_Butyric_Acid,11
26.5,E7_a-Hydroxy_Butyric_Acid,12
26.75,E7_a-Hydroxy_Butyric_Acid,11
27.0,E7_a-Hydroxy_Butyric_Acid,11
27.25,E7_a-Hydroxy_Butyric_Acid,18
27.5,E7_a-Hydroxy_Butyric_Acid,13
27.75,E7_a-Hydroxy_Butyric_Acid,13
28.0,E7_a-Hydroxy_Butyric_Acid,11
28.25,E7_a-Hydroxy_Butyric_Acid,11
28.5,E7_a-Hydroxy_Butyric_Acid,12
28.75,E7_a-Hydroxy_Butyric_Acid,13
29.0,E7_a-Hydroxy_Butyric_Acid,14
29.25,E7_a-Hydroxy_Butyric_Acid,11
29.5,E7_a-Hydroxy_Butyric_Acid,11
29.75,E7_a-Hydroxy_Butyric_Acid,13
30.0,E7_a-Hydroxy_Butyric_Acid,11
30.25,E7_a-Hydroxy_Butyric_Acid,11
30.5,E7_a-Hydroxy_Butyric_Acid,14
30.75,E7_a-Hydroxy_Butyric_Acid,15
31.0,E7_a-Hydroxy_Butyric_Acid,14
31.25,E7_a-Hydroxy_Butyric_Acid,11
31.5,E7_a-Hydroxy_Butyric_Acid,11
31.75,E7_a-Hydroxy_Butyric_Acid,13
32.0,E7_a-Hydroxy_Butyric_Acid,13
32.25,E7_a-Hydroxy_Butyric_Acid,12
32.5,E7_a-Hydroxy_Butyric_Acid,11
32.75,E7_a-Hydroxy_Butyric_Acid,11
33.0,E7_a-Hydroxy_Butyric_Acid,12
33.25,E7_a-Hydroxy_Butyric_Acid,11
33.5,E7_a-Hydroxy_Butyric_Acid,13
33.75,E7_a-Hydroxy_Butyric_Acid,13
34.0,E7_a-Hydroxy_Butyric_Acid,14
34.25,E7_a-Hydroxy_Butyric_Acid,11
34.5,E7_a-Hydroxy_Butyric_Acid,17
34.75,E7_a-Hydroxy_Butyric_Acid,11
35.0,E7_a-Hydroxy_Butyric_Acid,14
35.25,E7_a-Hydroxy_Butyric_Acid,11
35.5,E7_a-Hydroxy_Butyric_Acid,12
35.75,E7_a-Hydroxy_Butyric_Acid,11
36.0,E7_a-Hydroxy_Butyric_Acid,15
36.25,E7_a-Hydroxy_Butyric_Acid,12
36.5,E7_a-Hydroxy_Butyric_Acid,15
36.75,E7_a-Hydroxy_Butyric_Acid,14
37.0,E7_a-Hydroxy_Butyric_Acid,13
37.25,E7_a-Hydroxy_Butyric_Acid,11
37.5,E7_a-Hydroxy_Butyric_Acid,11
37.75,E7_a-Hydroxy_Butyric_Acid,12
38.0,E7_a-Hydroxy_Butyric_Acid,16
38.25,E7_a-Hydroxy_Butyric_Acid,15
38.5,E7_a-Hydroxy_Butyric_Acid,11
38.75,E7_a-Hydroxy_Butyric_Acid,12
39.0,E7_a-Hydroxy_Butyric_Acid,11
39.25,E7_a-Hydroxy_Butyric_Acid,14
39.5,E7_a-Hydroxy_Butyric_Acid,13
39.75,E7_a-Hydroxy_Butyric_Acid,17
40.0,E7_a-Hydroxy_Butyric_Acid,11
40.25,E7_a-Hydroxy_Butyric_Acid,11
40.5,E7_a-Hydroxy_Butyric_Acid,12
40.75,E7_a-Hydroxy_Butyric_Acid,11
41.0,E7_a-Hydroxy_Butyric_Acid,11
41.25,E7_a-Hydroxy_Butyric_Acid,13
41.5,E7_a-Hydroxy_Butyric_Acid,13
41.75,E7_a-Hydroxy_Butyric_Acid,13
42.0,E7_a-Hydroxy_Butyric_Acid,18
42.25,E7_a-Hydroxy_Butyric_Acid,14
42.5,E7_a-Hydroxy_Butyric_Acid,14
42.75,E7_a-Hydroxy_Butyric_Acid,13
43.0,E7_a-Hydroxy_Butyric_Acid,16
43.25,E7_a-Hydroxy_Butyric_Acid,16
43.5,E7_a-Hydroxy_Butyric_Acid,11
43.75,E7_a-Hydroxy_Butyric_Acid,13
44.0,E7_a-Hydroxy_Butyric_Acid,13
44.25,E7_a-Hydroxy_Butyric_Acid,12
44.5,E7_a-Hydroxy_Butyric_Acid,12
44.75,E7_a-Hydroxy_Butyric_Acid,15
45.0,E7_a-Hydroxy_Butyric_Acid,13
45.25,E7_a-Hydroxy_Butyric_Acid,11
45.5,E7_a-Hydroxy_Butyric_Acid,15
45.75,E7_a-Hydroxy_Butyric_Acid,12
46.0,E7_a-Hydroxy_Butyric_Acid,15
46.25,E7_a-Hydroxy_Butyric_Acid,12
46.5,E7_a-Hydroxy_Butyric_Acid,21
46.75,E7_a-Hydroxy_Butyric_Acid,15
47.0,E7_a-Hydroxy_Butyric_Acid,18
47.25,E7_a-Hydroxy_Butyric_Acid,14
47.5,E7_a-Hydroxy_Butyric_Acid,19
47.75,E7_a-Hydroxy_Butyric_Acid,16
48.0,E7_a-Hydroxy_Butyric_Acid,12
48.25,E7_a-Hydroxy_Butyric_Acid,17
0.0,E8_B-Methyl-D_Glucoside,11
0.25,E8_B-Methyl-D_Glucoside,11
0.5,E8_B-Methyl-D_Glucoside,11
0.75,E8_B-Methyl-D_Glucoside,11
1.0,E8_B-Methyl-D_Glucoside,11
1.25,E8_B-Methyl-D_Glucoside,11
1.5,E8_B-Methyl-D_Glucoside,11
1.75,E8_B-Methyl-D_Glucoside,11
2.0,E8_B-Methyl-D_Glucoside,11
2.25,E8_B-Methyl-D_Glucoside,11
2.5,E8_B-Methyl-D_Glucoside,11
2.75,E8_B-Methyl-D_Glucoside,11
3.0,E8_B-Methyl-D_Glucoside,11
3.25,E8_B-Methyl-D_Glucoside,11
3.5,E8_B-Methyl-D_Glucoside,11
3.75,E8_B-Methyl-D_Glucoside,11
4.0,E8_B-Methyl-D_Glucoside,11
4.25,E8_B-Methyl-D_Glucoside,11
4.5,E8_B-Methyl-D_Glucoside,11
4.75,E8_B-Methyl-D_Glucoside,11
5.0,E8_B-Methyl-D_Glucoside,11
5.25,E8_B-Methyl-D_Glucoside,11
5.5,E8_B-Methyl-D_Glucoside,11
5.75,E8_B-Methyl-D_Glucoside,11
6.0,E8_B-Methyl-D_Glucoside,11
6.25,E8_B-Methyl-D_Glucoside,11
6.5,E8_B-Methyl-D_Glucoside,11
6.75,E8_B-Methyl-D_Glucoside,11
7.0,E8_B-Methyl-D_Glucoside,11
7.25,E8_B-Methyl-D_Glucoside,11
7.5,E8_B-Methyl-D_Glucoside,11
7.75,E8_B-Methyl-D_Glucoside,11
8.0,E8_B-Methyl-D_Glucoside,11
8.25,E8_B-Methyl-D_Glucoside,11
8.5,E8_B-Methyl-D_Glucoside,11
8.75,E8_B-Methyl-D_Glucoside,11
9.0,E8_B-Methyl-D_Glucoside,11
9.25,E8_B-Methyl-D_Glucoside,11
9.5,E8_B-Methyl-D_Glucoside,11
9.75,E8_B-Methyl-D_Glucoside,11
10.0,E8_B-Methyl-D_Glucoside,11
10.25,E8_B-Methyl-D_Glucoside,11
10.5,E8_B-Methyl-D_Glucoside,11
10.75,E8_B-Methyl-D_Glucoside,11
11.0,E8_B-Methyl-D_Glucoside,11
11.25,E8_B-Methyl-D_Glucoside,11
11.5,E8_B-Methyl-D_Glucoside,11
11.75,E8_B-Methyl-D_Glucoside,11
12.0,E8_B-Methyl-D_Glucoside,11
12.25,E8_B-Methyl-D_Glucoside,11
12.5,E8_B-Methyl-D_Glucoside,11
12.75,E8_B-Methyl-D_Glucoside,11
13.0,E8_B-Methyl-D_Glucoside,11
13.25,E8_B-Methyl-D_Glucoside,11
13.5,E8_B-Methyl-D_Glucoside,11
13.75,E8_B-Methyl-D_Glucoside,11
14.0,E8_B-Methyl-D_Glucoside,11
14.25,E8_B-Methyl-D_Glucoside,11
14.5,E8_B-Methyl-D_Glucoside,11
14.75,E8_B-Methyl-D_Glucoside,11
15.0,E8_B-Methyl-D_Glucoside,11
15.25,E8_B-Methyl-D_Glucoside,11
15.5,E8_B-Methyl-D_Glucoside,11
15.75,E8_B-Methyl-D_Glucoside,11
16.0,E8_B-Methyl-D_Glucoside,11
16.25,E8_B-Methyl-D_Glucoside,11
16.5,E8_B-Methyl-D_Glucoside,11
16.75,E8_B-Methyl-D_Glucoside,11
17.0,E8_B-Methyl-D_Glucoside,11
17.25,E8_B-Methyl-D_Glucoside,11
17.5,E8_B-Methyl-D_Glucoside,11
17.75,E8_B-Methyl-D_Glucoside,11
18.0,E8_B-Methyl-D_Glucoside,13
18.25,E8_B-Methyl-D_Glucoside,11
18.5,E8_B-Methyl-D_Glucoside,11
18.75,E8_B-Methyl-D_Glucoside,11
19.0,E8_B-Methyl-D_Glucoside,11
19.25,E8_B-Methyl-D_Glucoside,11
19.5,E8_B-Methyl-D_Glucoside,11
19.75,E8_B-Methyl-D_Glucoside,13
20.0,E8_B-Methyl-D_Glucoside,13
20.25,E8_B-Methyl-D_Glucoside,11
20.5,E8_B-Methyl-D_Glucoside,11
20.75,E8_B-Methyl-D_Glucoside,11
21.0,E8_B-Methyl-D_Glucoside,11
21.25,E8_B-Methyl-D_Glucoside,11
21.5,E8_B-Methyl-D_Glucoside,11
21.75,E8_B-Methyl-D_Glucoside,11
22.0,E8_B-Methyl-D_Glucoside,11
22.25,E8_B-Methyl-D_Glucoside,14
22.5,E8_B-Methyl-D_Glucoside,11
22.75,E8_B-Methyl-D_Glucoside,13
23.0,E8_B-Methyl-D_Glucoside,11
23.25,E8_B-Methyl-D_Glucoside,11
23.5,E8_B-Methyl-D_Glucoside,12
23.75,E8_B-Methyl-D_Glucoside,11
24.0,E8_B-Methyl-D_Glucoside,11
24.25,E8_B-Methyl-D_Glucoside,11
24.5,E8_B-Methyl-D_Glucoside,11
24.75,E8_B-Methyl-D_Glucoside,12
25.0,E8_B-Methyl-D_Glucoside,11
25.25,E8_B-Methyl-D_Glucoside,11
25.5,E8_B-Methyl-D_Glucoside,13
25.75,E8_B-Methyl-D_Glucoside,11
26.0,E8_B-Methyl-D_Glucoside,12
26.25,E8_B-Methyl-D_Glucoside,11
26.5,E8_B-Methyl-D_Glucoside,11
26.75,E8_B-Methyl-D_Glucoside,12
27.0,E8_B-Methyl-D_Glucoside,11
27.25,E8_B-Methyl-D_Glucoside,11
27.5,E8_B-Methyl-D_Glucoside,11
27.75,E8_B-Methyl-D_Glucoside,13
28.0,E8_B-Methyl-D_Glucoside,13
28.25,E8_B-Methyl-D_Glucoside,12
28.5,E8_B-Methyl-D_Glucoside,12
28.75,E8_B-Methyl-D_Glucoside,11
29.0,E8_B-Methyl-D_Glucoside,11
29.25,E8_B-Methyl-D_Glucoside,11
29.5,E8_B-Methyl-D_Glucoside,11
29.75,E8_B-Methyl-D_Glucoside,11
30.0,E8_B-Methyl-D_Glucoside,13
30.25,E8_B-Methyl-D_Glucoside,11
30.5,E8_B-Methyl-D_Glucoside,11
30.75,E8_B-Methyl-D_Glucoside,11
31.0,E8_B-Methyl-D_Glucoside,11
31.25,E8_B-Methyl-D_Glucoside,11
31.5,E8_B-Methyl-D_Glucoside,15
31.75,E8_B-Methyl-D_Glucoside,11
32.0,E8_B-Methyl-D_Glucoside,11
32.25,E8_B-Methyl-D_Glucoside,13
32.5,E8_B-Methyl-D_Glucoside,11
32.75,E8_B-Methyl-D_Glucoside,12
33.0,E8_B-Methyl-D_Glucoside,12
33.25,E8_B-Methyl-D_Glucoside,12
33.5,E8_B-Methyl-D_Glucoside,11
33.75,E8_B-Methyl-D_Glucoside,11
34.0,E8_B-Methyl-D_Glucoside,11
34.25,E8_B-Methyl-D_Glucoside,11
34.5,E8_B-Methyl-D_Glucoside,13
34.75,E8_B-Methyl-D_Glucoside,11
35.0,E8_B-Methyl-D_Glucoside,13
35.25,E8_B-Methyl-D_Glucoside,15
35.5,E8_B-Methyl-D_Glucoside,11
35.75,E8_B-Methyl-D_Glucoside,14
36.0,E8_B-Methyl-D_Glucoside,11
36.25,E8_B-Methyl-D_Glucoside,11
36.5,E8_B-Methyl-D_Glucoside,11
36.75,E8_B-Methyl-D_Glucoside,12
37.0,E8_B-Methyl-D_Glucoside,11
37.25,E8_B-Methyl-D_Glucoside,11
37.5,E8_B-Methyl-D_Glucoside,11
37.75,E8_B-Methyl-D_Glucoside,11
38.0,E8_B-Methyl-D_Glucoside,12
38.25,E8_B-Methyl-D_Glucoside,12
38.5,E8_B-Methyl-D_Glucoside,11
38.75,E8_B-Methyl-D_Glucoside,11
39.0,E8_B-Methyl-D_Glucoside,11
39.25,E8_B-Methyl-D_Glucoside,11
39.5,E8_B-Methyl-D_Glucoside,11
39.75,E8_B-Methyl-D_Glucoside,14
40.0,E8_B-Methyl-D_Glucoside,13
40.25,E8_B-Methyl-D_Glucoside,11
40.5,E8_B-Methyl-D_Glucoside,13
40.75,E8_B-Methyl-D_Glucoside,11
41.0,E8_B-Methyl-D_Glucoside,11
41.25,E8_B-Methyl-D_Glucoside,11
41.5,E8_B-Methyl-D_Glucoside,13
41.75,E8_B-Methyl-D_Glucoside,11
42.0,E8_B-Methyl-D_Glucoside,11
42.25,E8_B-Methyl-D_Glucoside,12
42.5,E8_B-Methyl-D_Glucoside,11
42.75,E8_B-Methyl-D_Glucoside,11
43.0,E8_B-Methyl-D_Glucoside,14
43.25,E8_B-Methyl-D_Glucoside,11
43.5,E8_B-Methyl-D_Glucoside,11
43.75,E8_B-Methyl-D_Glucoside,14
44.0,E8_B-Methyl-D_Glucoside,11
44.25,E8_B-Methyl-D_Glucoside,11
44.5,E8_B-Methyl-D_Glucoside,14
44.75,E8_B-Methyl-D_Glucoside,12
45.0,E8_B-Methyl-D_Glucoside,13
45.25,E8_B-Methyl-D_Glucoside,11
45.5,E8_B-Methyl-D_Glucoside,11
45.75,E8_B-Methyl-D_Glucoside,11
46.0,E8_B-Methyl-D_Glucoside,11
46.25,E8_B-Methyl-D_Glucoside,13
46.5,E8_B-Methyl-D_Glucoside,15
46.75,E8_B-Methyl-D_Glucoside,13
47.0,E8_B-Methyl-D_Glucoside,11
47.25,E8_B-Methyl-D_Glucoside,12
47.5,E8_B-Methyl-D_Glucoside,12
47.75,E8_B-Methyl-D_Glucoside,11
48.0,E8_B-Methyl-D_Glucoside,11
48.25,E8_B-Methyl-D_Glucoside,11
0.0,E9_Adonitol,11
0.25,E9_Adonitol,11
0.5,E9_Adonitol,11
0.75,E9_Adonitol,11
1.0,E9_Adonitol,11
1.25,E9_Adonitol,11
1.5,E9_Adonitol,11
1.75,E9_Adonitol,11
2.0,E9_Adonitol,11
2.25,E9_Adonitol,11
2.5,E9_Adonitol,11
2.75,E9_Adonitol,11
3.0,E9_Adonitol,11
3.25,E9_Adonitol,11
3.5,E9_Adonitol,11
3.75,E9_Adonitol,11
4.0,E9_Adonitol,11
4.25,E9_Adonitol,11
4.5,E9_Adonitol,11
4.75,E9_Adonitol,11
5.0,E9_Adonitol,11
5.25,E9_Adonitol,11
5.5,E9_Adonitol,11
5.75,E9_Adonitol,11
6.0,E9_Adonitol,11
6.25,E9_Adonitol,11
6.5,E9_Adonitol,11
6.75,E9_Adonitol,11
7.0,E9_Adonitol,11
7.25,E9_Adonitol,11
7.5,E9_Adonitol,11
7.75,E9_Adonitol,11
8.0,E9_Adonitol,11
8.25,E9_Adonitol,11
8.5,E9_Adonitol,12
8.75,E9_Adonitol,11
9.0,E9_Adonitol,11
9.25,E9_Adonitol,11
9.5,E9_Adonitol,11
9.75,E9_Adonitol,13
10.0,E9_Adonitol,11
10.25,E9_Adonitol,11
10.5,E9_Adonitol,11
10.75,E9_Adonitol,13
11.0,E9_Adonitol,11
11.25,E9_Adonitol,11
11.5,E9_Adonitol,11
11.75,E9_Adonitol,15
12.0,E9_Adonitol,13
12.25,E9_Adonitol,16
12.5,E9_Adonitol,17
12.75,E9_Adonitol,14
13.0,E9_Adonitol,11
13.25,E9_Adonitol,16
13.5,E9_Adonitol,12
13.75,E9_Adonitol,14
14.0,E9_Adonitol,12
14.25,E9_Adonitol,12
14.5,E9_Adonitol,13
14.75,E9_Adonitol,15
15.0,E9_Adonitol,13
15.25,E9_Adonitol,12
15.5,E9_Adonitol,13
15.75,E9_Adonitol,13
16.0,E9_Adonitol,12
16.25,E9_Adonitol,15
16.5,E9_Adonitol,16
16.75,E9_Adonitol,14
17.0,E9_Adonitol,15
17.25,E9_Adonitol,15
17.5,E9_Adonitol,15
17.75,E9_Adonitol,11
18.0,E9_Adonitol,20
18.25,E9_Adonitol,14
18.5,E9_Adonitol,17
18.75,E9_Adonitol,16
19.0,E9_Adonitol,20
19.25,E9_Adonitol,16
19.5,E9_Adonitol,18
19.75,E9_Adonitol,16
20.0,E9_Adonitol,19
20.25,E9_Adonitol,21
20.5,E9_Adonitol,17
20.75,E9_Adonitol,17
21.0,E9_Adonitol,20
21.25,E9_Adonitol,18
21.5,E9_Adonitol,20
21.75,E9_Adonitol,14
22.0,E9_Adonitol,19
22.25,E9_Adonitol,23
22.5,E9_Adonitol,18
22.75,E9_Adonitol,18
23.0,E9_Adonitol,16
23.25,E9_Adonitol,18
23.5,E9_Adonitol,19
23.75,E9_Adonitol,16
24.0,E9_Adonitol,16
24.25,E9_Adonitol,20
24.5,E9_Adonitol,16
24.75,E9_Adonitol,19
25.0,E9_Adonitol,15
25.25,E9_Adonitol,20
25.5,E9_Adonitol,16
25.75,E9_Adonitol,15
26.0,E9_Adonitol,17
26.25,E9_Adonitol,20
26.5,E9_Adonitol,19
26.75,E9_Adonitol,14
27.0,E9_Adonitol,17
27.25,E9_Adonitol,19
27.5,E9_Adonitol,20
27.75,E9_Adonitol,21
28.0,E9_Adonitol,18
28.25,E9_Adonitol,19
28.5,E9_Adonitol,21
28.75,E9_Adonitol,18
29.0,E9_Adonitol,19
29.25,E9_Adonitol,16
29.5,E9_Adonitol,20
29.75,E9_Adonitol,19
30.0,E9_Adonitol,19
30.25,E9_Adonitol,17
30.5,E9_Adonitol,20
30.75,E9_Adonitol,18
31.0,E9_Adonitol,20
31.25,E9_Adonitol,19
31.5,E9_Adonitol,20
31.75,E9_Adonitol,19
32.0,E9_Adonitol,21
32.25,E9_Adonitol,20
32.5,E9_Adonitol,19
32.75,E9_Adonitol,18
33.0,E9_Adonitol,18
33.25,E9_Adonitol,17
33.5,E9_Adonitol,22
33.75,E9_Adonitol,20
34.0,E9_Adonitol,20
34.25,E9_Adonitol,23
34.5,E9_Adonitol,19
34.75,E9_Adonitol,18
35.0,E9_Adonitol,16
35.25,E9_Adonitol,18
35.5,E9_Adonitol,20
35.75,E9_Adonitol,22
36.0,E9_Adonitol,19
36.25,E9_Adonitol,19
36.5,E9_Adonitol,19
36.75,E9_Adonitol,16
37.0,E9_Adonitol,17
37.25,E9_Adonitol,21
37.5,E9_Adonitol,21
37.75,E9_Adonitol,18
38.0,E9_Adonitol,20
38.25,E9_Adonitol,21
38.5,E9_Adonitol,20
38.75,E9_Adonitol,19
39.0,E9_Adonitol,22
39.25,E9_Adonitol,21
39.5,E9_Adonitol,16
39.75,E9_Adonitol,19
40.0,E9_Adonitol,17
40.25,E9_Adonitol,24
40.5,E9_Adonitol,20
40.75,E9_Adonitol,21
41.0,E9_Adonitol,22
41.25,E9_Adonitol,21
41.5,E9_Adonitol,18
41.75,E9_Adonitol,23
42.0,E9_Adonitol,20
42.25,E9_Adonitol,20
42.5,E9_Adonitol,25
42.75,E9_Adonitol,19
43.0,E9_Adonitol,21
43.25,E9_Adonitol,18
43.5,E9_Adonitol,20
43.75,E9_Adonitol,24
44.0,E9_Adonitol,21
44.25,E9_Adonitol,19
44.5,E9_Adonitol,17
44.75,E9_Adonitol,19
45.0,E9_Adonitol,19
45.25,E9_Adonitol,18
45.5,E9_Adonitol,22
45.75,E9_Adonitol,19
46.0,E9_Adonitol,24
46.25,E9_Adonitol,20
46.5,E9_Adonitol,24
46.75,E9_Adonitol,21
47.0,E9_Adonitol,19
47.25,E9_Adonitol,21
47.5,E9_Adonitol,24
47.75,E9_Adonitol,20
48.0,E9_Adonitol,23
48.25,E9_Adonitol,24
0.0,E10_Maltotriose,11
0.25,E10_Maltotriose,11
0.5,E10_Maltotriose,11
0.75,E10_Maltotriose,11
1.0,E10_Maltotriose,11
1.25,E10_Maltotriose,11
1.5,E10_Maltotriose,11
1.75,E10_Maltotriose,11
2.0,E10_Maltotriose,11
2.25,E10_Maltotriose,11
2.5,E10_Maltotriose,11
2.75,E10_Maltotriose,11
3.0,E10_Maltotriose,11
3.25,E10_Maltotriose,11
3.5,E10_Maltotriose,11
3.75,E10_Maltotriose,11
4.0,E10_Maltotriose,11
4.25,E10_Maltotriose,11
4.5,E10_Maltotriose,11
4.75,E10_Maltotriose,11
5.0,E10_Maltotriose,11
5.25,E10_Maltotriose,11
5.5,E10_Maltotriose,11
5.75,E10_Maltotriose,11
6.0,E10_Maltotriose,11
6.25,E10_Maltotriose,11
6.5,E10_Maltotriose,11
6.75,E10_Maltotriose,11
7.0,E10_Maltotriose,11
7.25,E10_Maltotriose,11
7.5,E10_Maltotriose,11
7.75,E10_Maltotriose,11
8.0,E10_Maltotriose,11
8.25,E10_Maltotriose,11
8.5,E10_Maltotriose,11
8.75,E10_Maltotriose,11
9.0,E10_Maltotriose,11
9.25,E10_Maltotriose,11
9.5,E10_Maltotriose,11
9.75,E10_Maltotriose,11
10.0,E10_Maltotriose,11
10.25,E10_Maltotriose,14
10.5,E10_Maltotriose,13
10.75,E10_Maltotriose,11
11.0,E10_Maltotriose,11
11.25,E10_Maltotriose,11
11.5,E10_Maltotriose,13
11.75,E10_Maltotriose,11
12.0,E10_Maltotriose,14
12.25,E10_Maltotriose,13
12.5,E10_Maltotriose,11
12.75,E10_Maltotriose,11
13.0,E10_Maltotriose,11
13.25,E10_Maltotriose,12
13.5,E10_Maltotriose,11
13.75,E10_Maltotriose,17
14.0,E10_Maltotriose,16
14.25,E10_Maltotriose,14
14.5,E10_Maltotriose,15
14.75,E10_Maltotriose,13
15.0,E10_Maltotriose,15
15.25,E10_Maltotriose,14
15.5,E10_Maltotriose,19
15.75,E10_Maltotriose,16
16.0,E10_Maltotriose,22
16.25,E10_Maltotriose,14
16.5,E10_Maltotriose,18
16.75,E10_Maltotriose,14
17.0,E10_Maltotriose,21
17.25,E10_Maltotriose,16
17.5,E10_Maltotriose,19
17.75,E10_Maltotriose,15
18.0,E10_Maltotriose,22
18.25,E10_Maltotriose,19
18.5,E10_Maltotriose,21
18.75,E10_Maltotriose,22
19.0,E10_Maltotriose,21
19.25,E10_Maltotriose,26
19.5,E10_Maltotriose,20
19.75,E10_Maltotriose,22
20.0,E10_Maltotriose,24
20.25,E10_Maltotriose,26
20.5,E10_Maltotriose,22
20.75,E10_Maltotriose,26
21.0,E10_Maltotriose,25
21.25,E10_Maltotriose,24
21.5,E10_Maltotriose,29
21.75,E10_Maltotriose,28
22.0,E10_Maltotriose,29
22.25,E10_Maltotriose,30
22.5,E10_Maltotriose,28
22.75,E10_Maltotriose,29
23.0,E10_Maltotriose,27
23.25,E10_Maltotriose,33
23.5,E10_Maltotriose,28
23.75,E10_Maltotriose,27
24.0,E10_Maltotriose,29
24.25,E10_Maltotriose,29
24.5,E10_Maltotriose,29
24.75,E10_Maltotriose,30
25.0,E10_Maltotriose,32
25.25,E10_Maltotriose,33
25.5,E10_Maltotriose,33
25.75,E10_Maltotriose,33
26.0,E10_Maltotriose,35
26.25,E10_Maltotriose,32
26.5,E10_Maltotriose,34
26.75,E10_Maltotriose,34
27.0,E10_Maltotriose,34
27.25,E10_Maltotriose,35
27.5,E10_Maltotriose,37
27.75,E10_Maltotriose,40
28.0,E10_Maltotriose,39
28.25,E10_Maltotriose,37
28.5,E10_Maltotriose,39
28.75,E10_Maltotriose,39
29.0,E10_Maltotriose,41
29.25,E10_Maltotriose,36
29.5,E10_Maltotriose,41
29.75,E10_Maltotriose,41
30.0,E10_Maltotriose,39
30.25,E10_Maltotriose,38
30.5,E10_Maltotriose,39
30.75,E10_Maltotriose,38
31.0,E10_Maltotriose,39
31.25,E10_Maltotriose,41
31.5,E10_Maltotriose,43
31.75,E10_Maltotriose,44
32.0,E10_Maltotriose,47
32.25,E10_Maltotriose,42
32.5,E10_Maltotriose,41
32.75,E10_Maltotriose,45
33.0,E10_Maltotriose,48
33.25,E10_Maltotriose,47
33.5,E10_Maltotriose,43
33.75,E10_Maltotriose,49
34.0,E10_Maltotriose,47
34.25,E10_Maltotriose,52
34.5,E10_Maltotriose,52
34.75,E10_Maltotriose,51
35.0,E10_Maltotriose,47
35.25,E10_Maltotriose,49
35.5,E10_Maltotriose,52
35.75,E10_Maltotriose,52
36.0,E10_Maltotriose,51
36.25,E10_Maltotriose,51
36.5,E10_Maltotriose,55
36.75,E10_Maltotriose,57
37.0,E10_Maltotriose,52
37.25,E10_Maltotriose,54
37.5,E10_Maltotriose,53
37.75,E10_Maltotriose,56
38.0,E10_Maltotriose,54
38.25,E10_Maltotriose,56
38.5,E10_Maltotriose,57
38.75,E10_Maltotriose,58
39.0,E10_Maltotriose,54
39.25,E10_Maltotriose,55
39.5,E10_Maltotriose,62
39.75,E10_Maltotriose,58
40.0,E10_Maltotriose,59
40.25,E10_Maltotriose,64
40.5,E10_Maltotriose,59
40.75,E10_Maltotriose,59
41.0,E10_Maltotriose,60
41.25,E10_Maltotriose,62
41.5,E10_Maltotriose,60
41.75,E10_Maltotriose,66
42.0,E10_Maltotriose,62
42.25,E10_Maltotriose,68
42.5,E10_Maltotriose,63
42.75,E10_Maltotriose,67
43.0,E10_Maltotriose,65
43.25,E10_Maltotriose,67
43.5,E10_Maltotriose,70
43.75,E10_Maltotriose,67
44.0,E10_Maltotriose,70
44.25,E10_Maltotriose,69
44.5,E10_Maltotriose,71
44.75,E10_Maltotriose,69
45.0,E10_Maltotriose,66
45.25,E10_Maltotriose,72
45.5,E10_Maltotriose,70
45.75,E10_Maltotriose,72
46.0,E10_Maltotriose,78
46.25,E10_Maltotriose,74
46.5,E10_Maltotriose,73
46.75,E10_Maltotriose,78
47.0,E10_Maltotriose,79
47.25,E10_Maltotriose,77
47.5,E10_Maltotriose,79
47.75,E10_Maltotriose,80
48.0,E10_Maltotriose,81
48.25,E10_Maltotriose,81
0.0,E11_2-DeoxyAdenosine,11
0.25,E11_2-DeoxyAdenosine,11
0.5,E11_2-DeoxyAdenosine,11
0.75,E11_2-DeoxyAdenosine,11
1.0,E11_2-DeoxyAdenosine,11
1.25,E11_2-DeoxyAdenosine,11
1.5,E11_2-DeoxyAdenosine,13
1.75,E11_2-DeoxyAdenosine,11
2.0,E11_2-DeoxyAdenosine,11
2.25,E11_2-DeoxyAdenosine,11
2.5,E11_2-DeoxyAdenosine,12
2.75,E11_2-DeoxyAdenosine,11
3.0,E11_2-DeoxyAdenosine,13
3.25,E11_2-DeoxyAdenosine,11
3.5,E11_2-DeoxyAdenosine,11
3.75,E11_2-DeoxyAdenosine,11
4.0,E11_2-DeoxyAdenosine,11
4.25,E11_2-DeoxyAdenosine,11
4.5,E11_2-DeoxyAdenosine,11
4.75,E11_2-DeoxyAdenosine,11
5.0,E11_2-DeoxyAdenosine,11
5.25,E11_2-DeoxyAdenosine,12
5.5,E11_2-DeoxyAdenosine,11
5.75,E11_2-DeoxyAdenosine,11
6.0,E11_2-DeoxyAdenosine,13
6.25,E11_2-DeoxyAdenosine,12
6.5,E11_2-DeoxyAdenosine,11
6.75,E11_2-DeoxyAdenosine,11
7.0,E11_2-DeoxyAdenosine,11
7.25,E11_2-DeoxyAdenosine,11
7.5,E11_2-DeoxyAdenosine,11
7.75,E11_2-DeoxyAdenosine,11
8.0,E11_2-DeoxyAdenosine,11
8.25,E11_2-DeoxyAdenosine,11
8.5,E11_2-DeoxyAdenosine,11
8.75,E11_2-DeoxyAdenosine,12
9.0,E11_2-DeoxyAdenosine,11
9.25,E11_2-DeoxyAdenosine,11
9.5,E11_2-DeoxyAdenosine,13
9.75,E11_2-DeoxyAdenosine,11
10.0,E11_2-DeoxyAdenosine,11
10.25,E11_2-DeoxyAdenosine,13
10.5,E11_2-DeoxyAdenosine,11
10.75,E11_2-DeoxyAdenosine,11
11.0,E11_2-DeoxyAdenosine,12
11.25,E11_2-DeoxyAdenosine,11
11.5,E11_2-DeoxyAdenosine,11
11.75,E11_2-DeoxyAdenosine,12
12.0,E11_2-DeoxyAdenosine,16
12.25,E11_2-DeoxyAdenosine,13
12.5,E11_2-DeoxyAdenosine,11
12.75,E11_2-DeoxyAdenosine,11
13.0,E11_2-DeoxyAdenosine,12
13.25,E11_2-DeoxyAdenosine,14
13.5,E11_2-DeoxyAdenosine,13
13.75,E11_2-DeoxyAdenosine,11
14.0,E11_2-DeoxyAdenosine,15
14.25,E11_2-DeoxyAdenosine,13
14.5,E11_2-DeoxyAdenosine,14
14.75,E11_2-DeoxyAdenosine,13
15.0,E11_2-DeoxyAdenosine,14
15.25,E11_2-DeoxyAdenosine,16
15.5,E11_2-DeoxyAdenosine,15
15.75,E11_2-DeoxyAdenosine,18
16.0,E11_2-DeoxyAdenosine,14
16.25,E11_2-DeoxyAdenosine,13
16.5,E11_2-DeoxyAdenosine,14
16.75,E11_2-DeoxyAdenosine,16
17.0,E11_2-DeoxyAdenosine,18
17.25,E11_2-DeoxyAdenosine,17
17.5,E11_2-DeoxyAdenosine,18
17.75,E11_2-DeoxyAdenosine,20
18.0,E11_2-DeoxyAdenosine,22
18.25,E11_2-DeoxyAdenosine,15
18.5,E11_2-DeoxyAdenosine,16
18.75,E11_2-DeoxyAdenosine,17
19.0,E11_2-DeoxyAdenosine,19
19.25,E11_2-DeoxyAdenosine,20
19.5,E11_2-DeoxyAdenosine,21
19.75,E11_2-DeoxyAdenosine,20
20.0,E11_2-DeoxyAdenosine,22
20.25,E11_2-DeoxyAdenosine,21
20.5,E11_2-DeoxyAdenosine,17
20.75,E11_2-DeoxyAdenosine,20
21.0,E11_2-DeoxyAdenosine,25
21.25,E11_2-DeoxyAdenosine,26
21.5,E11_2-DeoxyAdenosine,20
21.75,E11_2-DeoxyAdenosine,20
22.0,E11_2-DeoxyAdenosine,23
22.25,E11_2-DeoxyAdenosine,25
22.5,E11_2-DeoxyAdenosine,25
22.75,E11_2-DeoxyAdenosine,25
23.0,E11_2-DeoxyAdenosine,23
23.25,E11_2-DeoxyAdenosine,23
23.5,E11_2-DeoxyAdenosine,26
23.75,E11_2-DeoxyAdenosine,25
24.0,E11_2-DeoxyAdenosine,27
24.25,E11_2-DeoxyAdenosine,28
24.5,E11_2-DeoxyAdenosine,24
24.75,E11_2-DeoxyAdenosine,27
25.0,E11_2-DeoxyAdenosine,31
25.25,E11_2-DeoxyAdenosine,27
25.5,E11_2-DeoxyAdenosine,29
25.75,E11_2-DeoxyAdenosine,28
26.0,E11_2-DeoxyAdenosine,23
26.25,E11_2-DeoxyAdenosine,30
26.5,E11_2-DeoxyAdenosine,29
26.75,E11_2-DeoxyAdenosine,31
27.0,E11_2-DeoxyAdenosine,29
27.25,E11_2-DeoxyAdenosine,26
27.5,E11_2-DeoxyAdenosine,31
27.75,E11_2-DeoxyAdenosine,30
28.0,E11_2-DeoxyAdenosine,37
28.25,E11_2-DeoxyAdenosine,31
28.5,E11_2-DeoxyAdenosine,33
28.75,E11_2-DeoxyAdenosine,33
29.0,E11_2-DeoxyAdenosine,35
29.25,E11_2-DeoxyAdenosine,32
29.5,E11_2-DeoxyAdenosine,35
29.75,E11_2-DeoxyAdenosine,35
30.0,E11_2-DeoxyAdenosine,35
30.25,E11_2-DeoxyAdenosine,31
30.5,E11_2-DeoxyAdenosine,36
30.75,E11_2-DeoxyAdenosine,36
31.0,E11_2-DeoxyAdenosine,33
31.25,E11_2-DeoxyAdenosine,41
31.5,E11_2-DeoxyAdenosine,43
31.75,E11_2-DeoxyAdenosine,38
32.0,E11_2-DeoxyAdenosine,36
32.25,E11_2-DeoxyAdenosine,37
32.5,E11_2-DeoxyAdenosine,35
32.75,E11_2-DeoxyAdenosine,38
33.0,E11_2-DeoxyAdenosine,39
33.25,E11_2-DeoxyAdenosine,37
33.5,E11_2-DeoxyAdenosine,42
33.75,E11_2-DeoxyAdenosine,44
34.0,E11_2-DeoxyAdenosine,40
34.25,E11_2-DeoxyAdenosine,42
34.5,E11_2-DeoxyAdenosine,39
34.75,E11_2-DeoxyAdenosine,42
35.0,E11_2-DeoxyAdenosine,42
35.25,E11_2-DeoxyAdenosine,48
35.5,E11_2-DeoxyAdenosine,44
35.75,E11_2-DeoxyAdenosine,46
36.0,E11_2-DeoxyAdenosine,44
36.25,E11_2-DeoxyAdenosine,46
36.5,E11_2-DeoxyAdenosine,42
36.75,E11_2-DeoxyAdenosine,49
37.0,E11_2-DeoxyAdenosine,43
37.25,E11_2-DeoxyAdenosine,48
37.5,E11_2-DeoxyAdenosine,46
37.75,E11_2-DeoxyAdenosine,42
38.0,E11_2-DeoxyAdenosine,49
38.25,E11_2-DeoxyAdenosine,48
38.5,E11_2-DeoxyAdenosine,47
38.75,E11_2-DeoxyAdenosine,44
39.0,E11_2-DeoxyAdenosine,50
39.25,E11_2-DeoxyAdenosine,50
39.5,E11_2-DeoxyAdenosine,50
39.75,E11_2-DeoxyAdenosine,51
40.0,E11_2-DeoxyAdenosine,47
40.25,E11_2-DeoxyAdenosine,51
40.5,E11_2-DeoxyAdenosine,46
40.75,E11_2-DeoxyAdenosine,49
41.0,E11_2-DeoxyAdenosine,49
41.25,E11_2-DeoxyAdenosine,52
41.5,E11_2-DeoxyAdenosine,50
41.75,E11_2-DeoxyAdenosine,55
42.0,E11_2-DeoxyAdenosine,50
42.25,E11_2-DeoxyAdenosine,49
42.5,E11_2-DeoxyAdenosine,57
42.75,E11_2-DeoxyAdenosine,55
43.0,E11_2-DeoxyAdenosine,52
43.25,E11_2-DeoxyAdenosine,51
43.5,E11_2-DeoxyAdenosine,54
43.75,E11_2-DeoxyAdenosine,56
44.0,E11_2-DeoxyAdenosine,54
44.25,E11_2-DeoxyAdenosine,55
44.5,E11_2-DeoxyAdenosine,54
44.75,E11_2-DeoxyAdenosine,55
45.0,E11_2-DeoxyAdenosine,57
45.25,E11_2-DeoxyAdenosine,60
45.5,E11_2-DeoxyAdenosine,59
45.75,E11_2-DeoxyAdenosine,57
46.0,E11_2-DeoxyAdenosine,60
46.25,E11_2-DeoxyAdenosine,61
46.5,E11_2-DeoxyAdenosine,62
46.75,E11_2-DeoxyAdenosine,59
47.0,E11_2-DeoxyAdenosine,63
47.25,E11_2-DeoxyAdenosine,60
47.5,E11_2-DeoxyAdenosine,58
47.75,E11_2-DeoxyAdenosine,62
48.0,E11_2-DeoxyAdenosine,65
48.25,E11_2-DeoxyAdenosine,63
0.0,E12_Adenosine,27
0.25,E12_Adenosine,16
0.5,E12_Adenosine,17
0.75,E12_Adenosine,18
1.0,E12_Adenosine,15
1.25,E12_Adenosine,14
1.5,E12_Adenosine,18
1.75,E12_Adenosine,15
2.0,E12_Adenosine,17
2.25,E12_Adenosine,18
2.5,E12_Adenosine,19
2.75,E12_Adenosine,16
3.0,E12_Adenosine,17
3.25,E12_Adenosine,15
3.5,E12_Adenosine,16
3.75,E12_Adenosine,14
4.0,E12_Adenosine,18
4.25,E12_Adenosine,18
4.5,E12_Adenosine,16
4.75,E12_Adenosine,19
5.0,E12_Adenosine,13
5.25,E12_Adenosine,17
5.5,E12_Adenosine,18
5.75,E12_Adenosine,16
6.0,E12_Adenosine,19
6.25,E12_Adenosine,19
6.5,E12_Adenosine,14
6.75,E12_Adenosine,18
7.0,E12_Adenosine,16
7.25,E12_Adenosine,19
7.5,E12_Adenosine,15
7.75,E12_Adenosine,22
8.0,E12_Adenosine,21
8.25,E12_Adenosine,17
8.5,E12_Adenosine,20
8.75,E12_Adenosine,21
9.0,E12_Adenosine,21
9.25,E12_Adenosine,17
9.5,E12_Adenosine,17
9.75,E12_Adenosine,18
10.0,E12_Adenosine,20
10.25,E12_Adenosine,19
10.5,E12_Adenosine,22
10.75,E12_Adenosine,20
11.0,E12_Adenosine,21
11.25,E12_Adenosine,22
11.5,E12_Adenosine,20
11.75,E12_Adenosine,17
12.0,E12_Adenosine,19
12.25,E12_Adenosine,21
12.5,E12_Adenosine,22
12.75,E12_Adenosine,22
13.0,E12_Adenosine,23
13.25,E12_Adenosine,23
13.5,E12_Adenosine,23
13.75,E12_Adenosine,27
14.0,E12_Adenosine,25
14.25,E12_Adenosine,26
14.5,E12_Adenosine,22
14.75,E12_Adenosine,25
15.0,E12_Adenosine,25
15.25,E12_Adenosine,25
15.5,E12_Adenosine,24
15.75,E12_Adenosine,24
16.0,E12_Adenosine,27
16.25,E12_Adenosine,28
16.5,E12_Adenosine,28
16.75,E12_Adenosine,28
17.0,E12_Adenosine,29
17.25,E12_Adenosine,25
17.5,E12_Adenosine,26
17.75,E12_Adenosine,25
18.0,E12_Adenosine,30
18.25,E12_Adenosine,31
18.5,E12_Adenosine,28
18.75,E12_Adenosine,32
19.0,E12_Adenosine,34
19.25,E12_Adenosine,28
19.5,E12_Adenosine,28
19.75,E12_Adenosine,32
20.0,E12_Adenosine,32
20.25,E12_Adenosine,36
20.5,E12_Adenosine,33
20.75,E12_Adenosine,34
21.0,E12_Adenosine,35
21.25,E12_Adenosine,36
21.5,E12_Adenosine,35
21.75,E12_Adenosine,34
22.0,E12_Adenosine,37
22.25,E12_Adenosine,34
22.5,E12_Adenosine,36
22.75,E12_Adenosine,33
23.0,E12_Adenosine,33
23.25,E12_Adenosine,33
23.5,E12_Adenosine,36
23.75,E12_Adenosine,32
24.0,E12_Adenosine,35
24.25,E12_Adenosine,36
24.5,E12_Adenosine,36
24.75,E12_Adenosine,36
25.0,E12_Adenosine,35
25.25,E12_Adenosine,33
25.5,E12_Adenosine,37
25.75,E12_Adenosine,39
26.0,E12_Adenosine,36
26.25,E12_Adenosine,35
26.5,E12_Adenosine,40
26.75,E12_Adenosine,36
27.0,E12_Adenosine,35
27.25,E12_Adenosine,39
27.5,E12_Adenosine,38
27.75,E12_Adenosine,38
28.0,E12_Adenosine,36
28.25,E12_Adenosine,42
28.5,E12_Adenosine,36
28.75,E12_Adenosine,39
29.0,E12_Adenosine,38
29.25,E12_Adenosine,39
29.5,E12_Adenosine,39
29.75,E12_Adenosine,40
30.0,E12_Adenosine,37
30.25,E12_Adenosine,40
30.5,E12_Adenosine,40
30.75,E12_Adenosine,41
31.0,E12_Adenosine,39
31.25,E12_Adenosine,43
31.5,E12_Adenosine,45
31.75,E12_Adenosine,45
32.0,E12_Adenosine,42
32.25,E12_Adenosine,38
32.5,E12_Adenosine,41
32.75,E12_Adenosine,42
33.0,E12_Adenosine,43
33.25,E12_Adenosine,42
33.5,E12_Adenosine,46
33.75,E12_Adenosine,43
34.0,E12_Adenosine,46
34.25,E12_Adenosine,44
34.5,E12_Adenosine,44
34.75,E12_Adenosine,42
35.0,E12_Adenosine,49
35.25,E12_Adenosine,46
35.5,E12_Adenosine,46
35.75,E12_Adenosine,43
36.0,E12_Adenosine,44
36.25,E12_Adenosine,49
36.5,E12_Adenosine,42
36.75,E12_Adenosine,48
37.0,E12_Adenosine,48
37.25,E12_Adenosine,44
37.5,E12_Adenosine,48
37.75,E12_Adenosine,45
38.0,E12_Adenosine,47
38.25,E12_Adenosine,49
38.5,E12_Adenosine,50
38.75,E12_Adenosine,48
39.0,E12_Adenosine,48
39.25,E12_Adenosine,49
39.5,E12_Adenosine,49
39.75,E12_Adenosine,51
40.0,E12_Adenosine,49
40.25,E12_Adenosine,50
40.5,E12_Adenosine,52
40.75,E12_Adenosine,50
41.0,E12_Adenosine,47
41.25,E12_Adenosine,50
41.5,E12_Adenosine,54
41.75,E12_Adenosine,48
42.0,E12_Adenosine,52
42.25,E12_Adenosine,52
42.5,E12_Adenosine,53
42.75,E12_Adenosine,51
43.0,E12_Adenosine,49
43.25,E12_Adenosine,53
43.5,E12_Adenosine,47
43.75,E12_Adenosine,51
44.0,E12_Adenosine,52
44.25,E12_Adenosine,48
44.5,E12_Adenosine,51
44.75,E12_Adenosine,55
45.0,E12_Adenosine,53
45.25,E12_Adenosine,56
45.5,E12_Adenosine,50
45.75,E12_Adenosine,56
46.0,E12_Adenosine,55
46.25,E12_Adenosine,55
46.5,E12_Adenosine,55
46.75,E12_Adenosine,57
47.0,E12_Adenosine,61
47.25,E12_Adenosine,56
47.5,E12_Adenosine,53
47.75,E12_Adenosine,56
48.0,E12_Adenosine,56
48.25,E12_Adenosine,57
0.0,F1_Glycyl-L-Aspartic_Acid,13
0.25,F1_Glycyl-L-Aspartic_Acid,11
0.5,F1_Glycyl-L-Aspartic_Acid,16
0.75,F1_Glycyl-L-Aspartic_Acid,14
1.0,F1_Glycyl-L-Aspartic_Acid,19
1.25,F1_Glycyl-L-Aspartic_Acid,15
1.5,F1_Glycyl-L-Aspartic_Acid,14
1.75,F1_Glycyl-L-Aspartic_Acid,15
2.0,F1_Glycyl-L-Aspartic_Acid,17
2.25,F1_Glycyl-L-Aspartic_Acid,12
2.5,F1_Glycyl-L-Aspartic_Acid,12
2.75,F1_Glycyl-L-Aspartic_Acid,16
3.0,F1_Glycyl-L-Aspartic_Acid,11
3.25,F1_Glycyl-L-Aspartic_Acid,14
3.5,F1_Glycyl-L-Aspartic_Acid,18
3.75,F1_Glycyl-L-Aspartic_Acid,15
4.0,F1_Glycyl-L-Aspartic_Acid,15
4.25,F1_Glycyl-L-Aspartic_Acid,21
4.5,F1_Glycyl-L-Aspartic_Acid,15
4.75,F1_Glycyl-L-Aspartic_Acid,13
5.0,F1_Glycyl-L-Aspartic_Acid,13
5.25,F1_Glycyl-L-Aspartic_Acid,15
5.5,F1_Glycyl-L-Aspartic_Acid,15
5.75,F1_Glycyl-L-Aspartic_Acid,12
6.0,F1_Glycyl-L-Aspartic_Acid,13
6.25,F1_Glycyl-L-Aspartic_Acid,16
6.5,F1_Glycyl-L-Aspartic_Acid,15
6.75,F1_Glycyl-L-Aspartic_Acid,13
7.0,F1_Glycyl-L-Aspartic_Acid,15
7.25,F1_Glycyl-L-Aspartic_Acid,15
7.5,F1_Glycyl-L-Aspartic_Acid,16
7.75,F1_Glycyl-L-Aspartic_Acid,15
8.0,F1_Glycyl-L-Aspartic_Acid,16
8.25,F1_Glycyl-L-Aspartic_Acid,12
8.5,F1_Glycyl-L-Aspartic_Acid,14
8.75,F1_Glycyl-L-Aspartic_Acid,15
9.0,F1_Glycyl-L-Aspartic_Acid,13
9.25,F1_Glycyl-L-Aspartic_Acid,17
9.5,F1_Glycyl-L-Aspartic_Acid,19
9.75,F1_Glycyl-L-Aspartic_Acid,16
10.0,F1_Glycyl-L-Aspartic_Acid,16
10.25,F1_Glycyl-L-Aspartic_Acid,17
10.5,F1_Glycyl-L-Aspartic_Acid,19
10.75,F1_Glycyl-L-Aspartic_Acid,17
11.0,F1_Glycyl-L-Aspartic_Acid,18
11.25,F1_Glycyl-L-Aspartic_Acid,18
11.5,F1_Glycyl-L-Aspartic_Acid,18
11.75,F1_Glycyl-L-Aspartic_Acid,16
12.0,F1_Glycyl-L-Aspartic_Acid,16
12.25,F1_Glycyl-L-Aspartic_Acid,16
12.5,F1_Glycyl-L-Aspartic_Acid,19
12.75,F1_Glycyl-L-Aspartic_Acid,18
13.0,F1_Glycyl-L-Aspartic_Acid,19
13.25,F1_Glycyl-L-Aspartic_Acid,17
13.5,F1_Glycyl-L-Aspartic_Acid,21
13.75,F1_Glycyl-L-Aspartic_Acid,21
14.0,F1_Glycyl-L-Aspartic_Acid,18
14.25,F1_Glycyl-L-Aspartic_Acid,22
14.5,F1_Glycyl-L-Aspartic_Acid,22
14.75,F1_Glycyl-L-Aspartic_Acid,24
15.0,F1_Glycyl-L-Aspartic_Acid,19
15.25,F1_Glycyl-L-Aspartic_Acid,19
15.5,F1_Glycyl-L-Aspartic_Acid,21
15.75,F1_Glycyl-L-Aspartic_Acid,21
16.0,F1_Glycyl-L-Aspartic_Acid,23
16.25,F1_Glycyl-L-Aspartic_Acid,20
16.5,F1_Glycyl-L-Aspartic_Acid,20
16.75,F1_Glycyl-L-Aspartic_Acid,20
17.0,F1_Glycyl-L-Aspartic_Acid,27
17.25,F1_Glycyl-L-Aspartic_Acid,27
17.5,F1_Glycyl-L-Aspartic_Acid,21
17.75,F1_Glycyl-L-Aspartic_Acid,24
18.0,F1_Glycyl-L-Aspartic_Acid,27
18.25,F1_Glycyl-L-Aspartic_Acid,25
18.5,F1_Glycyl-L-Aspartic_Acid,24
18.75,F1_Glycyl-L-Aspartic_Acid,24
19.0,F1_Glycyl-L-Aspartic_Acid,25
19.25,F1_Glycyl-L-Aspartic_Acid,21
19.5,F1_Glycyl-L-Aspartic_Acid,25
19.75,F1_Glycyl-L-Aspartic_Acid,25
20.0,F1_Glycyl-L-Aspartic_Acid,27
20.25,F1_Glycyl-L-Aspartic_Acid,25
20.5,F1_Glycyl-L-Aspartic_Acid,25
20.75,F1_Glycyl-L-Aspartic_Acid,27
21.0,F1_Glycyl-L-Aspartic_Acid,24
21.25,F1_Glycyl-L-Aspartic_Acid,21
21.5,F1_Glycyl-L-Aspartic_Acid,25
21.75,F1_Glycyl-L-Aspartic_Acid,26
22.0,F1_Glycyl-L-Aspartic_Acid,25
22.25,F1_Glycyl-L-Aspartic_Acid,27
22.5,F1_Glycyl-L-Aspartic_Acid,25
22.75,F1_Glycyl-L-Aspartic_Acid,26
23.0,F1_Glycyl-L-Aspartic_Acid,24
23.25,F1_Glycyl-L-Aspartic_Acid,24
23.5,F1_Glycyl-L-Aspartic_Acid,27
23.75,F1_Glycyl-L-Aspartic_Acid,26
24.0,F1_Glycyl-L-Aspartic_Acid,26
24.25,F1_Glycyl-L-Aspartic_Acid,22
24.5,F1_Glycyl-L-Aspartic_Acid,25
24.75,F1_Glycyl-L-Aspartic_Acid,27
25.0,F1_Glycyl-L-Aspartic_Acid,28
25.25,F1_Glycyl-L-Aspartic_Acid,28
25.5,F1_Glycyl-L-Aspartic_Acid,25
25.75,F1_Glycyl-L-Aspartic_Acid,25
26.0,F1_Glycyl-L-Aspartic_Acid,26
26.25,F1_Glycyl-L-Aspartic_Acid,25
26.5,F1_Glycyl-L-Aspartic_Acid,24
26.75,F1_Glycyl-L-Aspartic_Acid,29
27.0,F1_Glycyl-L-Aspartic_Acid,26
27.25,F1_Glycyl-L-Aspartic_Acid,25
27.5,F1_Glycyl-L-Aspartic_Acid,22
27.75,F1_Glycyl-L-Aspartic_Acid,26
28.0,F1_Glycyl-L-Aspartic_Acid,28
28.25,F1_Glycyl-L-Aspartic_Acid,23
28.5,F1_Glycyl-L-Aspartic_Acid,25
28.75,F1_Glycyl-L-Aspartic_Acid,23
29.0,F1_Glycyl-L-Aspartic_Acid,27
29.25,F1_Glycyl-L-Aspartic_Acid,28
29.5,F1_Glycyl-L-Aspartic_Acid,27
29.75,F1_Glycyl-L-Aspartic_Acid,23
30.0,F1_Glycyl-L-Aspartic_Acid,25
30.25,F1_Glycyl-L-Aspartic_Acid,22
30.5,F1_Glycyl-L-Aspartic_Acid,28
30.75,F1_Glycyl-L-Aspartic_Acid,27
31.0,F1_Glycyl-L-Aspartic_Acid,27
31.25,F1_Glycyl-L-Aspartic_Acid,24
31.5,F1_Glycyl-L-Aspartic_Acid,27
31.75,F1_Glycyl-L-Aspartic_Acid,26
32.0,F1_Glycyl-L-Aspartic_Acid,25
32.25,F1_Glycyl-L-Aspartic_Acid,26
32.5,F1_Glycyl-L-Aspartic_Acid,25
32.75,F1_Glycyl-L-Aspartic_Acid,24
33.0,F1_Glycyl-L-Aspartic_Acid,27
33.25,F1_Glycyl-L-Aspartic_Acid,27
33.5,F1_Glycyl-L-Aspartic_Acid,28
33.75,F1_Glycyl-L-Aspartic_Acid,25
34.0,F1_Glycyl-L-Aspartic_Acid,26
34.25,F1_Glycyl-L-Aspartic_Acid,24
34.5,F1_Glycyl-L-Aspartic_Acid,28
34.75,F1_Glycyl-L-Aspartic_Acid,24
35.0,F1_Glycyl-L-Aspartic_Acid,21
35.25,F1_Glycyl-L-Aspartic_Acid,29
35.5,F1_Glycyl-L-Aspartic_Acid,27
35.75,F1_Glycyl-L-Aspartic_Acid,26
36.0,F1_Glycyl-L-Aspartic_Acid,29
36.25,F1_Glycyl-L-Aspartic_Acid,25
36.5,F1_Glycyl-L-Aspartic_Acid,21
36.75,F1_Glycyl-L-Aspartic_Acid,28
37.0,F1_Glycyl-L-Aspartic_Acid,26
37.25,F1_Glycyl-L-Aspartic_Acid,28
37.5,F1_Glycyl-L-Aspartic_Acid,24
37.75,F1_Glycyl-L-Aspartic_Acid,29
38.0,F1_Glycyl-L-Aspartic_Acid,25
38.25,F1_Glycyl-L-Aspartic_Acid,25
38.5,F1_Glycyl-L-Aspartic_Acid,27
38.75,F1_Glycyl-L-Aspartic_Acid,24
39.0,F1_Glycyl-L-Aspartic_Acid,27
39.25,F1_Glycyl-L-Aspartic_Acid,29
39.5,F1_Glycyl-L-Aspartic_Acid,24
39.75,F1_Glycyl-L-Aspartic_Acid,25
40.0,F1_Glycyl-L-Aspartic_Acid,24
40.25,F1_Glycyl-L-Aspartic_Acid,25
40.5,F1_Glycyl-L-Aspartic_Acid,26
40.75,F1_Glycyl-L-Aspartic_Acid,24
41.0,F1_Glycyl-L-Aspartic_Acid,26
41.25,F1_Glycyl-L-Aspartic_Acid,25
41.5,F1_Glycyl-L-Aspartic_Acid,28
41.75,F1_Glycyl-L-Aspartic_Acid,30
42.0,F1_Glycyl-L-Aspartic_Acid,31
42.25,F1_Glycyl-L-Aspartic_Acid,29
42.5,F1_Glycyl-L-Aspartic_Acid,29
42.75,F1_Glycyl-L-Aspartic_Acid,27
43.0,F1_Glycyl-L-Aspartic_Acid,26
43.25,F1_Glycyl-L-Aspartic_Acid,27
43.5,F1_Glycyl-L-Aspartic_Acid,27
43.75,F1_Glycyl-L-Aspartic_Acid,26
44.0,F1_Glycyl-L-Aspartic_Acid,28
44.25,F1_Glycyl-L-Aspartic_Acid,28
44.5,F1_Glycyl-L-Aspartic_Acid,30
44.75,F1_Glycyl-L-Aspartic_Acid,26
45.0,F1_Glycyl-L-Aspartic_Acid,26
45.25,F1_Glycyl-L-Aspartic_Acid,24
45.5,F1_Glycyl-L-Aspartic_Acid,26
45.75,F1_Glycyl-L-Aspartic_Acid,25
46.0,F1_Glycyl-L-Aspartic_Acid,29
46.25,F1_Glycyl-L-Aspartic_Acid,25
46.5,F1_Glycyl-L-Aspartic_Acid,30
46.75,F1_Glycyl-L-Aspartic_Acid,27
47.0,F1_Glycyl-L-Aspartic_Acid,26
47.25,F1_Glycyl-L-Aspartic_Acid,29
47.5,F1_Glycyl-L-Aspartic_Acid,28
47.75,F1_Glycyl-L-Aspartic_Acid,26
48.0,F1_Glycyl-L-Aspartic_Acid,29
48.25,F1_Glycyl-L-Aspartic_Acid,32
0.0,F2_Citric_Acid,11
0.25,F2_Citric_Acid,11
0.5,F2_Citric_Acid,11
0.75,F2_Citric_Acid,11
1.0,F2_Citric_Acid,11
1.25,F2_Citric_Acid,11
1.5,F2_Citric_Acid,11
1.75,F2_Citric_Acid,11
2.0,F2_Citric_Acid,11
2.25,F2_Citric_Acid,11
2.5,F2_Citric_Acid,11
2.75,F2_Citric_Acid,11
3.0,F2_Citric_Acid,11
3.25,F2_Citric_Acid,11
3.5,F2_Citric_Acid,11
3.75,F2_Citric_Acid,11
4.0,F2_Citric_Acid,11
4.25,F2_Citric_Acid,11
4.5,F2_Citric_Acid,11
4.75,F2_Citric_Acid,11
5.0,F2_Citric_Acid,11
5.25,F2_Citric_Acid,11
5.5,F2_Citric_Acid,11
5.75,F2_Citric_Acid,11
6.0,F2_Citric_Acid,11
6.25,F2_Citric_Acid,11
6.5,F2_Citric_Acid,11
6.75,F2_Citric_Acid,11
7.0,F2_Citric_Acid,11
7.25,F2_Citric_Acid,11
7.5,F2_Citric_Acid,11
7.75,F2_Citric_Acid,11
8.0,F2_Citric_Acid,11
8.25,F2_Citric_Acid,11
8.5,F2_Citric_Acid,11
8.75,F2_Citric_Acid,11
9.0,F2_Citric_Acid,11
9.25,F2_Citric_Acid,11
9.5,F2_Citric_Acid,11
9.75,F2_Citric_Acid,11
10.0,F2_Citric_Acid,11
10.25,F2_Citric_Acid,11
10.5,F2_Citric_Acid,11
10.75,F2_Citric_Acid,11
11.0,F2_Citric_Acid,11
11.25,F2_Citric_Acid,11
11.5,F2_Citric_Acid,11
11.75,F2_Citric_Acid,11
12.0,F2_Citric_Acid,11
12.25,F2_Citric_Acid,11
12.5,F2_Citric_Acid,11
12.75,F2_Citric_Acid,11
13.0,F2_Citric_Acid,11
13.25,F2_Citric_Acid,11
13.5,F2_Citric_Acid,11
13.75,F2_Citric_Acid,11
14.0,F2_Citric_Acid,11
14.25,F2_Citric_Acid,11
14.5,F2_Citric_Acid,11
14.75,F2_Citric_Acid,11
15.0,F2_Citric_Acid,11
15.25,F2_Citric_Acid,11
15.5,F2_Citric_Acid,11
15.75,F2_Citric_Acid,11
16.0,F2_Citric_Acid,11
16.25,F2_Citric_Acid,11
16.5,F2_Citric_Acid,11
16.75,F2_Citric_Acid,11
17.0,F2_Citric_Acid,11
17.25,F2_Citric_Acid,11
17.5,F2_Citric_Acid,11
17.75,F2_Citric_Acid,11
18.0,F2_Citric_Acid,11
18.25,F2_Citric_Acid,11
18.5,F2_Citric_Acid,11
18.75,F2_Citric_Acid,11
19.0,F2_Citric_Acid,11
19.25,F2_Citric_Acid,11
19.5,F2_Citric_Acid,11
19.75,F2_Citric_Acid,11
20.0,F2_Citric_Acid,11
20.25,F2_Citric_Acid,11
20.5,F2_Citric_Acid,15
20.75,F2_Citric_Acid,11
21.0,F2_Citric_Acid,11
21.25,F2_Citric_Acid,11
21.5,F2_Citric_Acid,11
21.75,F2_Citric_Acid,11
22.0,F2_Citric_Acid,11
22.25,F2_Citric_Acid,15
22.5,F2_Citric_Acid,11
22.75,F2_Citric_Acid,11
23.0,F2_Citric_Acid,12
23.25,F2_Citric_Acid,11
23.5,F2_Citric_Acid,11
23.75,F2_Citric_Acid,11
24.0,F2_Citric_Acid,11
24.25,F2_Citric_Acid,12
24.5,F2_Citric_Acid,14
24.75,F2_Citric_Acid,12
25.0,F2_Citric_Acid,11
25.25,F2_Citric_Acid,11
25.5,F2_Citric_Acid,16
25.75,F2_Citric_Acid,14
26.0,F2_Citric_Acid,18
26.25,F2_Citric_Acid,17
26.5,F2_Citric_Acid,18
26.75,F2_Citric_Acid,15
27.0,F2_Citric_Acid,17
27.25,F2_Citric_Acid,15
27.5,F2_Citric_Acid,14
27.75,F2_Citric_Acid,14
28.0,F2_Citric_Acid,15
28.25,F2_Citric_Acid,17
28.5,F2_Citric_Acid,15
28.75,F2_Citric_Acid,16
29.0,F2_Citric_Acid,17
29.25,F2_Citric_Acid,16
29.5,F2_Citric_Acid,16
29.75,F2_Citric_Acid,18
30.0,F2_Citric_Acid,17
30.25,F2_Citric_Acid,19
30.5,F2_Citric_Acid,17
30.75,F2_Citric_Acid,18
31.0,F2_Citric_Acid,18
31.25,F2_Citric_Acid,15
31.5,F2_Citric_Acid,19
31.75,F2_Citric_Acid,18
32.0,F2_Citric_Acid,21
32.25,F2_Citric_Acid,21
32.5,F2_Citric_Acid,22
32.75,F2_Citric_Acid,19
33.0,F2_Citric_Acid,20
33.25,F2_Citric_Acid,20
33.5,F2_Citric_Acid,19
33.75,F2_Citric_Acid,26
34.0,F2_Citric_Acid,21
34.25,F2_Citric_Acid,19
34.5,F2_Citric_Acid,25
34.75,F2_Citric_Acid,22
35.0,F2_Citric_Acid,22
35.25,F2_Citric_Acid,21
35.5,F2_Citric_Acid,23
35.75,F2_Citric_Acid,21
36.0,F2_Citric_Acid,27
36.25,F2_Citric_Acid,22
36.5,F2_Citric_Acid,27
36.75,F2_Citric_Acid,22
37.0,F2_Citric_Acid,23
37.25,F2_Citric_Acid,23
37.5,F2_Citric_Acid,24
37.75,F2_Citric_Acid,27
38.0,F2_Citric_Acid,21
38.25,F2_Citric_Acid,24
38.5,F2_Citric_Acid,25
38.75,F2_Citric_Acid,24
39.0,F2_Citric_Acid,26
39.25,F2_Citric_Acid,27
39.5,F2_Citric_Acid,31
39.75,F2_Citric_Acid,26
40.0,F2_Citric_Acid,26
40.25,F2_Citric_Acid,22
40.5,F2_Citric_Acid,25
40.75,F2_Citric_Acid,29
41.0,F2_Citric_Acid,30
41.25,F2_Citric_Acid,28
41.5,F2_Citric_Acid,29
41.75,F2_Citric_Acid,31
42.0,F2_Citric_Acid,29
42.25,F2_Citric_Acid,24
42.5,F2_Citric_Acid,34
42.75,F2_Citric_Acid,30
43.0,F2_Citric_Acid,31
43.25,F2_Citric_Acid,31
43.5,F2_Citric_Acid,25
43.75,F2_Citric_Acid,30
44.0,F2_Citric_Acid,32
44.25,F2_Citric_Acid,29
44.5,F2_Citric_Acid,28
44.75,F2_Citric_Acid,31
45.0,F2_Citric_Acid,28
45.25,F2_Citric_Acid,27
45.5,F2_Citric_Acid,30
45.75,F2_Citric_Acid,30
46.0,F2_Citric_Acid,29
46.25,F2_Citric_Acid,37
46.5,F2_Citric_Acid,34
46.75,F2_Citric_Acid,35
47.0,F2_Citric_Acid,34
47.25,F2_Citric_Acid,38
47.5,F2_Citric_Acid,33
47.75,F2_Citric_Acid,37
48.0,F2_Citric_Acid,35
48.25,F2_Citric_Acid,33
0.0,F3_myo-Inositol,11
0.25,F3_myo-Inositol,11
0.5,F3_myo-Inositol,11
0.75,F3_myo-Inositol,11
1.0,F3_myo-Inositol,11
1.25,F3_myo-Inositol,11
1.5,F3_myo-Inositol,11
1.75,F3_myo-Inositol,11
2.0,F3_myo-Inositol,11
2.25,F3_myo-Inositol,11
2.5,F3_myo-Inositol,11
2.75,F3_myo-Inositol,11
3.0,F3_myo-Inositol,11
3.25,F3_myo-Inositol,11
3.5,F3_myo-Inositol,11
3.75,F3_myo-Inositol,11
4.0,F3_myo-Inositol,11
4.25,F3_myo-Inositol,11
4.5,F3_myo-Inositol,11
4.75,F3_myo-Inositol,11
5.0,F3_myo-Inositol,11
5.25,F3_myo-Inositol,11
5.5,F3_myo-Inositol,11
5.75,F3_myo-Inositol,11
6.0,F3_myo-Inositol,11
6.25,F3_myo-Inositol,11
6.5,F3_myo-Inositol,11
6.75,F3_myo-Inositol,11
7.0,F3_myo-Inositol,11
7.25,F3_myo-Inositol,11
7.5,F3_myo-Inositol,11
7.75,F3_myo-Inositol,11
8.0,F3_myo-Inositol,11
8.25,F3_myo-Inositol,11
8.5,F3_myo-Inositol,11
8.75,F3_myo-Inositol,11
9.0,F3_myo-Inositol,11
9.25,F3_myo-Inositol,11
9.5,F3_myo-Inositol,11
9.75,F3_myo-Inositol,11
10.0,F3_myo-Inositol,11
10.25,F3_myo-Inositol,11
10.5,F3_myo-Inositol,11
10.75,F3_myo-Inositol,11
11.0,F3_myo-Inositol,11
11.25,F3_myo-Inositol,11
11.5,F3_myo-Inositol,12
11.75,F3_myo-Inositol,11
12.0,F3_myo-Inositol,11
12.25,F3_myo-Inositol,11
12.5,F3_myo-Inositol,11
12.75,F3_myo-Inositol,11
13.0,F3_myo-Inositol,11
13.25,F3_myo-Inositol,14
13.5,F3_myo-Inositol,13
13.75,F3_myo-Inositol,11
14.0,F3_myo-Inositol,11
14.25,F3_myo-Inositol,11
14.5,F3_myo-Inositol,11
14.75,F3_myo-Inositol,11
15.0,F3_myo-Inositol,14
15.25,F3_myo-Inositol,11
15.5,F3_myo-Inositol,11
15.75,F3_myo-Inositol,13
16.0,F3_myo-Inositol,12
16.25,F3_myo-Inositol,11
16.5,F3_myo-Inositol,11
16.75,F3_myo-Inositol,12
17.0,F3_myo-Inositol,13
17.25,F3_myo-Inositol,12
17.5,F3_myo-Inositol,11
17.75,F3_myo-Inositol,11
18.0,F3_myo-Inositol,15
18.25,F3_myo-Inositol,16
18.5,F3_myo-Inositol,13
18.75,F3_myo-Inositol,14
19.0,F3_myo-Inositol,14
19.25,F3_myo-Inositol,18
19.5,F3_myo-Inositol,13
19.75,F3_myo-Inositol,12
20.0,F3_myo-Inositol,15
20.25,F3_myo-Inositol,16
20.5,F3_myo-Inositol,15
20.75,F3_myo-Inositol,15
21.0,F3_myo-Inositol,19
21.25,F3_myo-Inositol,11
21.5,F3_myo-Inositol,15
21.75,F3_myo-Inositol,17
22.0,F3_myo-Inositol,17
22.25,F3_myo-Inositol,16
22.5,F3_myo-Inositol,18
22.75,F3_myo-Inositol,16
23.0,F3_myo-Inositol,19
23.25,F3_myo-Inositol,17
23.5,F3_myo-Inositol,17
23.75,F3_myo-Inositol,15
24.0,F3_myo-Inositol,15
24.25,F3_myo-Inositol,16
24.5,F3_myo-Inositol,14
24.75,F3_myo-Inositol,18
25.0,F3_myo-Inositol,13
25.25,F3_myo-Inositol,15
25.5,F3_myo-Inositol,16
25.75,F3_myo-Inositol,16
26.0,F3_myo-Inositol,17
26.25,F3_myo-Inositol,14
26.5,F3_myo-Inositol,14
26.75,F3_myo-Inositol,16
27.0,F3_myo-Inositol,15
27.25,F3_myo-Inositol,17
27.5,F3_myo-Inositol,18
27.75,F3_myo-Inositol,15
28.0,F3_myo-Inositol,18
28.25,F3_myo-Inositol,18
28.5,F3_myo-Inositol,17
28.75,F3_myo-Inositol,18
29.0,F3_myo-Inositol,16
29.25,F3_myo-Inositol,15
29.5,F3_myo-Inositol,17
29.75,F3_myo-Inositol,18
30.0,F3_myo-Inositol,19
30.25,F3_myo-Inositol,15
30.5,F3_myo-Inositol,15
30.75,F3_myo-Inositol,20
31.0,F3_myo-Inositol,14
31.25,F3_myo-Inositol,19
31.5,F3_myo-Inositol,19
31.75,F3_myo-Inositol,19
32.0,F3_myo-Inositol,19
32.25,F3_myo-Inositol,15
32.5,F3_myo-Inositol,17
32.75,F3_myo-Inositol,17
33.0,F3_myo-Inositol,19
33.25,F3_myo-Inositol,18
33.5,F3_myo-Inositol,15
33.75,F3_myo-Inositol,18
34.0,F3_myo-Inositol,16
34.25,F3_myo-Inositol,14
34.5,F3_myo-Inositol,19
34.75,F3_myo-Inositol,17
35.0,F3_myo-Inositol,19
35.25,F3_myo-Inositol,18
35.5,F3_myo-Inositol,18
35.75,F3_myo-Inositol,17
36.0,F3_myo-Inositol,19
36.25,F3_myo-Inositol,18
36.5,F3_myo-Inositol,19
36.75,F3_myo-Inositol,22
37.0,F3_myo-Inositol,20
37.25,F3_myo-Inositol,14
37.5,F3_myo-Inositol,17
37.75,F3_myo-Inositol,15
38.0,F3_myo-Inositol,21
38.25,F3_myo-Inositol,19
38.5,F3_myo-Inositol,21
38.75,F3_myo-Inositol,20
39.0,F3_myo-Inositol,19
39.25,F3_myo-Inositol,20
39.5,F3_myo-Inositol,19
39.75,F3_myo-Inositol,19
40.0,F3_myo-Inositol,21
40.25,F3_myo-Inositol,16
40.5,F3_myo-Inositol,16
40.75,F3_myo-Inositol,15
41.0,F3_myo-Inositol,19
41.25,F3_myo-Inositol,21
41.5,F3_myo-Inositol,19
41.75,F3_myo-Inositol,18
42.0,F3_myo-Inositol,17
42.25,F3_myo-Inositol,17
42.5,F3_myo-Inositol,21
42.75,F3_myo-Inositol,13
43.0,F3_myo-Inositol,23
43.25,F3_myo-Inositol,20
43.5,F3_myo-Inositol,19
43.75,F3_myo-Inositol,18
44.0,F3_myo-Inositol,19
44.25,F3_myo-Inositol,17
44.5,F3_myo-Inositol,16
44.75,F3_myo-Inositol,20
45.0,F3_myo-Inositol,19
45.25,F3_myo-Inositol,18
45.5,F3_myo-Inositol,19
45.75,F3_myo-Inositol,19
46.0,F3_myo-Inositol,19
46.25,F3_myo-Inositol,22
46.5,F3_myo-Inositol,23
46.75,F3_myo-Inositol,21
47.0,F3_myo-Inositol,20
47.25,F3_myo-Inositol,20
47.5,F3_myo-Inositol,22
47.75,F3_myo-Inositol,21
48.0,F3_myo-Inositol,18
48.25,F3_myo-Inositol,21
0.0,F4_D-Threonine,11
0.25,F4_D-Threonine,11
0.5,F4_D-Threonine,11
0.75,F4_D-Threonine,11
1.0,F4_D-Threonine,11
1.25,F4_D-Threonine,11
1.5,F4_D-Threonine,11
1.75,F4_D-Threonine,11
2.0,F4_D-Threonine,11
2.25,F4_D-Threonine,11
2.5,F4_D-Threonine,11
2.75,F4_D-Threonine,11
3.0,F4_D-Threonine,11
3.25,F4_D-Threonine,11
3.5,F4_D-Threonine,11
3.75,F4_D-Threonine,11
4.0,F4_D-Threonine,11
4.25,F4_D-Threonine,11
4.5,F4_D-Threonine,11
4.75,F4_D-Threonine,11
5.0,F4_D-Threonine,11
5.25,F4_D-Threonine,11
5.5,F4_D-Threonine,11
5.75,F4_D-Threonine,11
6.0,F4_D-Threonine,11
6.25,F4_D-Threonine,11
6.5,F4_D-Threonine,11
6.75,F4_D-Threonine,11
7.0,F4_D-Threonine,11
7.25,F4_D-Threonine,11
7.5,F4_D-Threonine,11
7.75,F4_D-Threonine,11
8.0,F4_D-Threonine,11
8.25,F4_D-Threonine,11
8.5,F4_D-Threonine,11
8.75,F4_D-Threonine,11
9.0,F4_D-Threonine,11
9.25,F4_D-Threonine,11
9.5,F4_D-Threonine,11
9.75,F4_D-Threonine,11
10.0,F4_D-Threonine,11
10.25,F4_D-Threonine,11
10.5,F4_D-Threonine,12
10.75,F4_D-Threonine,11
11.0,F4_D-Threonine,11
11.25,F4_D-Threonine,11
11.5,F4_D-Threonine,11
11.75,F4_D-Threonine,11
12.0,F4_D-Threonine,11
12.25,F4_D-Threonine,11
12.5,F4_D-Threonine,11
12.75,F4_D-Threonine,11
13.0,F4_D-Threonine,11
13.25,F4_D-Threonine,11
13.5,F4_D-Threonine,11
13.75,F4_D-Threonine,11
14.0,F4_D-Threonine,11
14.25,F4_D-Threonine,11
14.5,F4_D-Threonine,11
14.75,F4_D-Threonine,15
15.0,F4_D-Threonine,15
15.25,F4_D-Threonine,11
15.5,F4_D-Threonine,11
15.75,F4_D-Threonine,11
16.0,F4_D-Threonine,12
16.25,F4_D-Threonine,11
16.5,F4_D-Threonine,11
16.75,F4_D-Threonine,13
17.0,F4_D-Threonine,14
17.25,F4_D-Threonine,14
17.5,F4_D-Threonine,11
17.75,F4_D-Threonine,11
18.0,F4_D-Threonine,14
18.25,F4_D-Threonine,17
18.5,F4_D-Threonine,16
18.75,F4_D-Threonine,12
19.0,F4_D-Threonine,16
19.25,F4_D-Threonine,12
19.5,F4_D-Threonine,16
19.75,F4_D-Threonine,18
20.0,F4_D-Threonine,14
20.25,F4_D-Threonine,13
20.5,F4_D-Threonine,12
20.75,F4_D-Threonine,14
21.0,F4_D-Threonine,13
21.25,F4_D-Threonine,13
21.5,F4_D-Threonine,15
21.75,F4_D-Threonine,13
22.0,F4_D-Threonine,14
22.25,F4_D-Threonine,17
22.5,F4_D-Threonine,14
22.75,F4_D-Threonine,12
23.0,F4_D-Threonine,11
23.25,F4_D-Threonine,16
23.5,F4_D-Threonine,16
23.75,F4_D-Threonine,14
24.0,F4_D-Threonine,15
24.25,F4_D-Threonine,20
24.5,F4_D-Threonine,12
24.75,F4_D-Threonine,14
25.0,F4_D-Threonine,15
25.25,F4_D-Threonine,11
25.5,F4_D-Threonine,17
25.75,F4_D-Threonine,11
26.0,F4_D-Threonine,18
26.25,F4_D-Threonine,16
26.5,F4_D-Threonine,13
26.75,F4_D-Threonine,15
27.0,F4_D-Threonine,13
27.25,F4_D-Threonine,15
27.5,F4_D-Threonine,18
27.75,F4_D-Threonine,11
28.0,F4_D-Threonine,15
28.25,F4_D-Threonine,17
28.5,F4_D-Threonine,15
28.75,F4_D-Threonine,15
29.0,F4_D-Threonine,14
29.25,F4_D-Threonine,13
29.5,F4_D-Threonine,16
29.75,F4_D-Threonine,17
30.0,F4_D-Threonine,18
30.25,F4_D-Threonine,15
30.5,F4_D-Threonine,12
30.75,F4_D-Threonine,17
31.0,F4_D-Threonine,17
31.25,F4_D-Threonine,14
31.5,F4_D-Threonine,16
31.75,F4_D-Threonine,18
32.0,F4_D-Threonine,15
32.25,F4_D-Threonine,18
32.5,F4_D-Threonine,14
32.75,F4_D-Threonine,16
33.0,F4_D-Threonine,19
33.25,F4_D-Threonine,17
33.5,F4_D-Threonine,14
33.75,F4_D-Threonine,15
34.0,F4_D-Threonine,14
34.25,F4_D-Threonine,18
34.5,F4_D-Threonine,21
34.75,F4_D-Threonine,17
35.0,F4_D-Threonine,18
35.25,F4_D-Threonine,16
35.5,F4_D-Threonine,15
35.75,F4_D-Threonine,14
36.0,F4_D-Threonine,17
36.25,F4_D-Threonine,18
36.5,F4_D-Threonine,20
36.75,F4_D-Threonine,18
37.0,F4_D-Threonine,15
37.25,F4_D-Threonine,12
37.5,F4_D-Threonine,16
37.75,F4_D-Threonine,14
38.0,F4_D-Threonine,15
38.25,F4_D-Threonine,13
38.5,F4_D-Threonine,16
38.75,F4_D-Threonine,15
39.0,F4_D-Threonine,14
39.25,F4_D-Threonine,15
39.5,F4_D-Threonine,15
39.75,F4_D-Threonine,15
40.0,F4_D-Threonine,19
40.25,F4_D-Threonine,17
40.5,F4_D-Threonine,16
40.75,F4_D-Threonine,18
41.0,F4_D-Threonine,16
41.25,F4_D-Threonine,14
41.5,F4_D-Threonine,16
41.75,F4_D-Threonine,17
42.0,F4_D-Threonine,18
42.25,F4_D-Threonine,24
42.5,F4_D-Threonine,14
42.75,F4_D-Threonine,18
43.0,F4_D-Threonine,15
43.25,F4_D-Threonine,20
43.5,F4_D-Threonine,15
43.75,F4_D-Threonine,21
44.0,F4_D-Threonine,14
44.25,F4_D-Threonine,17
44.5,F4_D-Threonine,17
44.75,F4_D-Threonine,14
45.0,F4_D-Threonine,11
45.25,F4_D-Threonine,14
45.5,F4_D-Threonine,19
45.75,F4_D-Threonine,15
46.0,F4_D-Threonine,19
46.25,F4_D-Threonine,17
46.5,F4_D-Threonine,19
46.75,F4_D-Threonine,15
47.0,F4_D-Threonine,21
47.25,F4_D-Threonine,21
47.5,F4_D-Threonine,17
47.75,F4_D-Threonine,17
48.0,F4_D-Threonine,16
48.25,F4_D-Threonine,15
0.0,F5_Fumaric_Acid,11
0.25,F5_Fumaric_Acid,11
0.5,F5_Fumaric_Acid,11
0.75,F5_Fumaric_Acid,11
1.0,F5_Fumaric_Acid,11
1.25,F5_Fumaric_Acid,11
1.5,F5_Fumaric_Acid,11
1.75,F5_Fumaric_Acid,11
2.0,F5_Fumaric_Acid,11
2.25,F5_Fumaric_Acid,11
2.5,F5_Fumaric_Acid,11
2.75,F5_Fumaric_Acid,11
3.0,F5_Fumaric_Acid,11
3.25,F5_Fumaric_Acid,11
3.5,F5_Fumaric_Acid,11
3.75,F5_Fumaric_Acid,11
4.0,F5_Fumaric_Acid,11
4.25,F5_Fumaric_Acid,11
4.5,F5_Fumaric_Acid,11
4.75,F5_Fumaric_Acid,11
5.0,F5_Fumaric_Acid,11
5.25,F5_Fumaric_Acid,11
5.5,F5_Fumaric_Acid,11
5.75,F5_Fumaric_Acid,11
6.0,F5_Fumaric_Acid,11
6.25,F5_Fumaric_Acid,11
6.5,F5_Fumaric_Acid,11
6.75,F5_Fumaric_Acid,11
7.0,F5_Fumaric_Acid,11
7.25,F5_Fumaric_Acid,11
7.5,F5_Fumaric_Acid,11
7.75,F5_Fumaric_Acid,11
8.0,F5_Fumaric_Acid,11
8.25,F5_Fumaric_Acid,11
8.5,F5_Fumaric_Acid,11
8.75,F5_Fumaric_Acid,11
9.0,F5_Fumaric_Acid,11
9.25,F5_Fumaric_Acid,11
9.5,F5_Fumaric_Acid,11
9.75,F5_Fumaric_Acid,11
10.0,F5_Fumaric_Acid,11
10.25,F5_Fumaric_Acid,11
10.5,F5_Fumaric_Acid,11
10.75,F5_Fumaric_Acid,11
11.0,F5_Fumaric_Acid,11
11.25,F5_Fumaric_Acid,11
11.5,F5_Fumaric_Acid,11
11.75,F5_Fumaric_Acid,11
12.0,F5_Fumaric_Acid,12
12.25,F5_Fumaric_Acid,14
12.5,F5_Fumaric_Acid,11
12.75,F5_Fumaric_Acid,11
13.0,F5_Fumaric_Acid,11
13.25,F5_Fumaric_Acid,13
13.5,F5_Fumaric_Acid,11
13.75,F5_Fumaric_Acid,14
14.0,F5_Fumaric_Acid,11
14.25,F5_Fumaric_Acid,13
14.5,F5_Fumaric_Acid,11
14.75,F5_Fumaric_Acid,13
15.0,F5_Fumaric_Acid,11
15.25,F5_Fumaric_Acid,11
15.5,F5_Fumaric_Acid,11
15.75,F5_Fumaric_Acid,12
16.0,F5_Fumaric_Acid,12
16.25,F5_Fumaric_Acid,11
16.5,F5_Fumaric_Acid,13
16.75,F5_Fumaric_Acid,15
17.0,F5_Fumaric_Acid,18
17.25,F5_Fumaric_Acid,15
17.5,F5_Fumaric_Acid,11
17.75,F5_Fumaric_Acid,14
18.0,F5_Fumaric_Acid,16
18.25,F5_Fumaric_Acid,14
18.5,F5_Fumaric_Acid,18
18.75,F5_Fumaric_Acid,22
19.0,F5_Fumaric_Acid,13
19.25,F5_Fumaric_Acid,15
19.5,F5_Fumaric_Acid,15
19.75,F5_Fumaric_Acid,16
20.0,F5_Fumaric_Acid,15
20.25,F5_Fumaric_Acid,18
20.5,F5_Fumaric_Acid,17
20.75,F5_Fumaric_Acid,21
21.0,F5_Fumaric_Acid,17
21.25,F5_Fumaric_Acid,18
21.5,F5_Fumaric_Acid,21
21.75,F5_Fumaric_Acid,20
22.0,F5_Fumaric_Acid,19
22.25,F5_Fumaric_Acid,20
22.5,F5_Fumaric_Acid,21
22.75,F5_Fumaric_Acid,20
23.0,F5_Fumaric_Acid,20
23.25,F5_Fumaric_Acid,18
23.5,F5_Fumaric_Acid,22
23.75,F5_Fumaric_Acid,20
24.0,F5_Fumaric_Acid,16
24.25,F5_Fumaric_Acid,19
24.5,F5_Fumaric_Acid,22
24.75,F5_Fumaric_Acid,19
25.0,F5_Fumaric_Acid,16
25.25,F5_Fumaric_Acid,22
25.5,F5_Fumaric_Acid,20
25.75,F5_Fumaric_Acid,21
26.0,F5_Fumaric_Acid,21
26.25,F5_Fumaric_Acid,21
26.5,F5_Fumaric_Acid,20
26.75,F5_Fumaric_Acid,23
27.0,F5_Fumaric_Acid,25
27.25,F5_Fumaric_Acid,23
27.5,F5_Fumaric_Acid,23
27.75,F5_Fumaric_Acid,24
28.0,F5_Fumaric_Acid,24
28.25,F5_Fumaric_Acid,28
28.5,F5_Fumaric_Acid,25
28.75,F5_Fumaric_Acid,28
29.0,F5_Fumaric_Acid,28
29.25,F5_Fumaric_Acid,17
29.5,F5_Fumaric_Acid,26
29.75,F5_Fumaric_Acid,28
30.0,F5_Fumaric_Acid,28
30.25,F5_Fumaric_Acid,22
30.5,F5_Fumaric_Acid,31
30.75,F5_Fumaric_Acid,30
31.0,F5_Fumaric_Acid,29
31.25,F5_Fumaric_Acid,27
31.5,F5_Fumaric_Acid,26
31.75,F5_Fumaric_Acid,28
32.0,F5_Fumaric_Acid,28
32.25,F5_Fumaric_Acid,32
32.5,F5_Fumaric_Acid,25
32.75,F5_Fumaric_Acid,23
33.0,F5_Fumaric_Acid,29
33.25,F5_Fumaric_Acid,24
33.5,F5_Fumaric_Acid,28
33.75,F5_Fumaric_Acid,30
34.0,F5_Fumaric_Acid,29
34.25,F5_Fumaric_Acid,29
34.5,F5_Fumaric_Acid,29
34.75,F5_Fumaric_Acid,29
35.0,F5_Fumaric_Acid,30
35.25,F5_Fumaric_Acid,32
35.5,F5_Fumaric_Acid,30
35.75,F5_Fumaric_Acid,33
36.0,F5_Fumaric_Acid,31
36.25,F5_Fumaric_Acid,31
36.5,F5_Fumaric_Acid,32
36.75,F5_Fumaric_Acid,29
37.0,F5_Fumaric_Acid,31
37.25,F5_Fumaric_Acid,31
37.5,F5_Fumaric_Acid,33
37.75,F5_Fumaric_Acid,30
38.0,F5_Fumaric_Acid,33
38.25,F5_Fumaric_Acid,36
38.5,F5_Fumaric_Acid,34
38.75,F5_Fumaric_Acid,35
39.0,F5_Fumaric_Acid,33
39.25,F5_Fumaric_Acid,35
39.5,F5_Fumaric_Acid,32
39.75,F5_Fumaric_Acid,36
40.0,F5_Fumaric_Acid,34
40.25,F5_Fumaric_Acid,31
40.5,F5_Fumaric_Acid,35
40.75,F5_Fumaric_Acid,32
41.0,F5_Fumaric_Acid,35
41.25,F5_Fumaric_Acid,35
41.5,F5_Fumaric_Acid,34
41.75,F5_Fumaric_Acid,38
42.0,F5_Fumaric_Acid,37
42.25,F5_Fumaric_Acid,37
42.5,F5_Fumaric_Acid,33
42.75,F5_Fumaric_Acid,36
43.0,F5_Fumaric_Acid,35
43.25,F5_Fumaric_Acid,35
43.5,F5_Fumaric_Acid,39
43.75,F5_Fumaric_Acid,35
44.0,F5_Fumaric_Acid,35
44.25,F5_Fumaric_Acid,36
44.5,F5_Fumaric_Acid,37
44.75,F5_Fumaric_Acid,37
45.0,F5_Fumaric_Acid,34
45.25,F5_Fumaric_Acid,37
45.5,F5_Fumaric_Acid,42
45.75,F5_Fumaric_Acid,44
46.0,F5_Fumaric_Acid,45
46.25,F5_Fumaric_Acid,41
46.5,F5_Fumaric_Acid,40
46.75,F5_Fumaric_Acid,39
47.0,F5_Fumaric_Acid,42
47.25,F5_Fumaric_Acid,45
47.5,F5_Fumaric_Acid,45
47.75,F5_Fumaric_Acid,39
48.0,F5_Fumaric_Acid,40
48.25,F5_Fumaric_Acid,44
0.0,F6_Bromo_Succinic_Acid,11
0.25,F6_Bromo_Succinic_Acid,11
0.5,F6_Bromo_Succinic_Acid,11
0.75,F6_Bromo_Succinic_Acid,11
1.0,F6_Bromo_Succinic_Acid,11
1.25,F6_Bromo_Succinic_Acid,11
1.5,F6_Bromo_Succinic_Acid,11
1.75,F6_Bromo_Succinic_Acid,11
2.0,F6_Bromo_Succinic_Acid,11
2.25,F6_Bromo_Succinic_Acid,11
2.5,F6_Bromo_Succinic_Acid,11
2.75,F6_Bromo_Succinic_Acid,11
3.0,F6_Bromo_Succinic_Acid,11
3.25,F6_Bromo_Succinic_Acid,11
3.5,F6_Bromo_Succinic_Acid,11
3.75,F6_Bromo_Succinic_Acid,11
4.0,F6_Bromo_Succinic_Acid,11
4.25,F6_Bromo_Succinic_Acid,11
4.5,F6_Bromo_Succinic_Acid,11
4.75,F6_Bromo_Succinic_Acid,11
5.0,F6_Bromo_Succinic_Acid,11
5.25,F6_Bromo_Succinic_Acid,11
5.5,F6_Bromo_Succinic_Acid,11
5.75,F6_Bromo_Succinic_Acid,11
6.0,F6_Bromo_Succinic_Acid,11
6.25,F6_Bromo_Succinic_Acid,11
6.5,F6_Bromo_Succinic_Acid,11
6.75,F6_Bromo_Succinic_Acid,11
7.0,F6_Bromo_Succinic_Acid,11
7.25,F6_Bromo_Succinic_Acid,11
7.5,F6_Bromo_Succinic_Acid,11
7.75,F6_Bromo_Succinic_Acid,11
8.0,F6_Bromo_Succinic_Acid,11
8.25,F6_Bromo_Succinic_Acid,11
8.5,F6_Bromo_Succinic_Acid,11
8.75,F6_Bromo_Succinic_Acid,11
9.0,F6_Bromo_Succinic_Acid,11
9.25,F6_Bromo_Succinic_Acid,11
9.5,F6_Bromo_Succinic_Acid,11
9.75,F6_Bromo_Succinic_Acid,11
10.0,F6_Bromo_Succinic_Acid,11
10.25,F6_Bromo_Succinic_Acid,11
10.5,F6_Bromo_Succinic_Acid,11
10.75,F6_Bromo_Succinic_Acid,11
11.0,F6_Bromo_Succinic_Acid,11
11.25,F6_Bromo_Succinic_Acid,11
11.5,F6_Bromo_Succinic_Acid,11
11.75,F6_Bromo_Succinic_Acid,11
12.0,F6_Bromo_Succinic_Acid,11
12.25,F6_Bromo_Succinic_Acid,11
12.5,F6_Bromo_Succinic_Acid,11
12.75,F6_Bromo_Succinic_Acid,11
13.0,F6_Bromo_Succinic_Acid,11
13.25,F6_Bromo_Succinic_Acid,11
13.5,F6_Bromo_Succinic_Acid,11
13.75,F6_Bromo_Succinic_Acid,11
14.0,F6_Bromo_Succinic_Acid,11
14.25,F6_Bromo_Succinic_Acid,11
14.5,F6_Bromo_Succinic_Acid,11
14.75,F6_Bromo_Succinic_Acid,11
15.0,F6_Bromo_Succinic_Acid,11
15.25,F6_Bromo_Succinic_Acid,11
15.5,F6_Bromo_Succinic_Acid,11
15.75,F6_Bromo_Succinic_Acid,11
16.0,F6_Bromo_Succinic_Acid,11
16.25,F6_Bromo_Succinic_Acid,11
16.5,F6_Bromo_Succinic_Acid,11
16.75,F6_Bromo_Succinic_Acid,11
17.0,F6_Bromo_Succinic_Acid,11
17.25,F6_Bromo_Succinic_Acid,11
17.5,F6_Bromo_Succinic_Acid,11
17.75,F6_Bromo_Succinic_Acid,11
18.0,F6_Bromo_Succinic_Acid,13
18.25,F6_Bromo_Succinic_Acid,11
18.5,F6_Bromo_Succinic_Acid,11
18.75,F6_Bromo_Succinic_Acid,11
19.0,F6_Bromo_Succinic_Acid,11
19.25,F6_Bromo_Succinic_Acid,11
19.5,F6_Bromo_Succinic_Acid,11
19.75,F6_Bromo_Succinic_Acid,11
20.0,F6_Bromo_Succinic_Acid,11
20.25,F6_Bromo_Succinic_Acid,11
20.5,F6_Bromo_Succinic_Acid,11
20.75,F6_Bromo_Succinic_Acid,11
21.0,F6_Bromo_Succinic_Acid,12
21.25,F6_Bromo_Succinic_Acid,12
21.5,F6_Bromo_Succinic_Acid,11
21.75,F6_Bromo_Succinic_Acid,11
22.0,F6_Bromo_Succinic_Acid,11
22.25,F6_Bromo_Succinic_Acid,12
22.5,F6_Bromo_Succinic_Acid,17
22.75,F6_Bromo_Succinic_Acid,11
23.0,F6_Bromo_Succinic_Acid,11
23.25,F6_Bromo_Succinic_Acid,11
23.5,F6_Bromo_Succinic_Acid,11
23.75,F6_Bromo_Succinic_Acid,13
24.0,F6_Bromo_Succinic_Acid,13
24.25,F6_Bromo_Succinic_Acid,12
24.5,F6_Bromo_Succinic_Acid,14
24.75,F6_Bromo_Succinic_Acid,14
25.0,F6_Bromo_Succinic_Acid,11
25.25,F6_Bromo_Succinic_Acid,11
25.5,F6_Bromo_Succinic_Acid,11
25.75,F6_Bromo_Succinic_Acid,15
26.0,F6_Bromo_Succinic_Acid,18
26.25,F6_Bromo_Succinic_Acid,15
26.5,F6_Bromo_Succinic_Acid,16
26.75,F6_Bromo_Succinic_Acid,12
27.0,F6_Bromo_Succinic_Acid,17
27.25,F6_Bromo_Succinic_Acid,12
27.5,F6_Bromo_Succinic_Acid,14
27.75,F6_Bromo_Succinic_Acid,18
28.0,F6_Bromo_Succinic_Acid,15
28.25,F6_Bromo_Succinic_Acid,13
28.5,F6_Bromo_Succinic_Acid,15
28.75,F6_Bromo_Succinic_Acid,17
29.0,F6_Bromo_Succinic_Acid,14
29.25,F6_Bromo_Succinic_Acid,15
29.5,F6_Bromo_Succinic_Acid,17
29.75,F6_Bromo_Succinic_Acid,14
30.0,F6_Bromo_Succinic_Acid,12
30.25,F6_Bromo_Succinic_Acid,15
30.5,F6_Bromo_Succinic_Acid,16
30.75,F6_Bromo_Succinic_Acid,14
31.0,F6_Bromo_Succinic_Acid,13
31.25,F6_Bromo_Succinic_Acid,16
31.5,F6_Bromo_Succinic_Acid,19
31.75,F6_Bromo_Succinic_Acid,15
32.0,F6_Bromo_Succinic_Acid,15
32.25,F6_Bromo_Succinic_Acid,19
32.5,F6_Bromo_Succinic_Acid,16
32.75,F6_Bromo_Succinic_Acid,17
33.0,F6_Bromo_Succinic_Acid,15
33.25,F6_Bromo_Succinic_Acid,15
33.5,F6_Bromo_Succinic_Acid,17
33.75,F6_Bromo_Succinic_Acid,18
34.0,F6_Bromo_Succinic_Acid,17
34.25,F6_Bromo_Succinic_Acid,17
34.5,F6_Bromo_Succinic_Acid,18
34.75,F6_Bromo_Succinic_Acid,18
35.0,F6_Bromo_Succinic_Acid,17
35.25,F6_Bromo_Succinic_Acid,18
35.5,F6_Bromo_Succinic_Acid,16
35.75,F6_Bromo_Succinic_Acid,17
36.0,F6_Bromo_Succinic_Acid,18
36.25,F6_Bromo_Succinic_Acid,16
36.5,F6_Bromo_Succinic_Acid,18
36.75,F6_Bromo_Succinic_Acid,18
37.0,F6_Bromo_Succinic_Acid,19
37.25,F6_Bromo_Succinic_Acid,17
37.5,F6_Bromo_Succinic_Acid,18
37.75,F6_Bromo_Succinic_Acid,18
38.0,F6_Bromo_Succinic_Acid,16
38.25,F6_Bromo_Succinic_Acid,21
38.5,F6_Bromo_Succinic_Acid,22
38.75,F6_Bromo_Succinic_Acid,18
39.0,F6_Bromo_Succinic_Acid,23
39.25,F6_Bromo_Succinic_Acid,17
39.5,F6_Bromo_Succinic_Acid,19
39.75,F6_Bromo_Succinic_Acid,21
40.0,F6_Bromo_Succinic_Acid,20
40.25,F6_Bromo_Succinic_Acid,16
40.5,F6_Bromo_Succinic_Acid,19
40.75,F6_Bromo_Succinic_Acid,19
41.0,F6_Bromo_Succinic_Acid,17
41.25,F6_Bromo_Succinic_Acid,20
41.5,F6_Bromo_Succinic_Acid,18
41.75,F6_Bromo_Succinic_Acid,21
42.0,F6_Bromo_Succinic_Acid,21
42.25,F6_Bromo_Succinic_Acid,18
42.5,F6_Bromo_Succinic_Acid,18
42.75,F6_Bromo_Succinic_Acid,23
43.0,F6_Bromo_Succinic_Acid,20
43.25,F6_Bromo_Succinic_Acid,22
43.5,F6_Bromo_Succinic_Acid,20
43.75,F6_Bromo_Succinic_Acid,22
44.0,F6_Bromo_Succinic_Acid,20
44.25,F6_Bromo_Succinic_Acid,18
44.5,F6_Bromo_Succinic_Acid,19
44.75,F6_Bromo_Succinic_Acid,22
45.0,F6_Bromo_Succinic_Acid,20
45.25,F6_Bromo_Succinic_Acid,22
45.5,F6_Bromo_Succinic_Acid,22
45.75,F6_Bromo_Succinic_Acid,21
46.0,F6_Bromo_Succinic_Acid,21
46.25,F6_Bromo_Succinic_Acid,26
46.5,F6_Bromo_Succinic_Acid,27
46.75,F6_Bromo_Succinic_Acid,23
47.0,F6_Bromo_Succinic_Acid,20
47.25,F6_Bromo_Succinic_Acid,24
47.5,F6_Bromo_Succinic_Acid,25
47.75,F6_Bromo_Succinic_Acid,29
48.0,F6_Bromo_Succinic_Acid,22
48.25,F6_Bromo_Succinic_Acid,25
0.0,F7_Propionic_Acid,11
0.25,F7_Propionic_Acid,11
0.5,F7_Propionic_Acid,11
0.75,F7_Propionic_Acid,11
1.0,F7_Propionic_Acid,11
1.25,F7_Propionic_Acid,11
1.5,F7_Propionic_Acid,11
1.75,F7_Propionic_Acid,11
2.0,F7_Propionic_Acid,11
2.25,F7_Propionic_Acid,11
2.5,F7_Propionic_Acid,11
2.75,F7_Propionic_Acid,11
3.0,F7_Propionic_Acid,11
3.25,F7_Propionic_Acid,11
3.5,F7_Propionic_Acid,11
3.75,F7_Propionic_Acid,11
4.0,F7_Propionic_Acid,11
4.25,F7_Propionic_Acid,11
4.5,F7_Propionic_Acid,11
4.75,F7_Propionic_Acid,11
5.0,F7_Propionic_Acid,11
5.25,F7_Propionic_Acid,11
5.5,F7_Propionic_Acid,11
5.75,F7_Propionic_Acid,11
6.0,F7_Propionic_Acid,11
6.25,F7_Propionic_Acid,11
6.5,F7_Propionic_Acid,11
6.75,F7_Propionic_Acid,11
7.0,F7_Propionic_Acid,11
7.25,F7_Propionic_Acid,11
7.5,F7_Propionic_Acid,11
7.75,F7_Propionic_Acid,11
8.0,F7_Propionic_Acid,11
8.25,F7_Propionic_Acid,11
8.5,F7_Propionic_Acid,11
8.75,F7_Propionic_Acid,11
9.0,F7_Propionic_Acid,11
9.25,F7_Propionic_Acid,11
9.5,F7_Propionic_Acid,11
9.75,F7_Propionic_Acid,11
10.0,F7_Propionic_Acid,11
10.25,F7_Propionic_Acid,11
10.5,F7_Propionic_Acid,11
10.75,F7_Propionic_Acid,11
11.0,F7_Propionic_Acid,11
11.25,F7_Propionic_Acid,11
11.5,F7_Propionic_Acid,11
11.75,F7_Propionic_Acid,11
12.0,F7_Propionic_Acid,11
12.25,F7_Propionic_Acid,11
12.5,F7_Propionic_Acid,11
12.75,F7_Propionic_Acid,11
13.0,F7_Propionic_Acid,13
13.25,F7_Propionic_Acid,11
13.5,F7_Propionic_Acid,11
13.75,F7_Propionic_Acid,11
14.0,F7_Propionic_Acid,11
14.25,F7_Propionic_Acid,11
14.5,F7_Propionic_Acid,11
14.75,F7_Propionic_Acid,11
15.0,F7_Propionic_Acid,11
15.25,F7_Propionic_Acid,11
15.5,F7_Propionic_Acid,11
15.75,F7_Propionic_Acid,11
16.0,F7_Propionic_Acid,11
16.25,F7_Propionic_Acid,11
16.5,F7_Propionic_Acid,11
16.75,F7_Propionic_Acid,11
17.0,F7_Propionic_Acid,11
17.25,F7_Propionic_Acid,11
17.5,F7_Propionic_Acid,11
17.75,F7_Propionic_Acid,11
18.0,F7_Propionic_Acid,12
18.25,F7_Propionic_Acid,11
18.5,F7_Propionic_Acid,11
18.75,F7_Propionic_Acid,14
19.0,F7_Propionic_Acid,11
19.25,F7_Propionic_Acid,15
19.5,F7_Propionic_Acid,11
19.75,F7_Propionic_Acid,17
20.0,F7_Propionic_Acid,14
20.25,F7_Propionic_Acid,12
20.5,F7_Propionic_Acid,12
20.75,F7_Propionic_Acid,15
21.0,F7_Propionic_Acid,13
21.25,F7_Propionic_Acid,11
21.5,F7_Propionic_Acid,12
21.75,F7_Propionic_Acid,11
22.0,F7_Propionic_Acid,16
22.25,F7_Propionic_Acid,19
22.5,F7_Propionic_Acid,11
22.75,F7_Propionic_Acid,13
23.0,F7_Propionic_Acid,17
23.25,F7_Propionic_Acid,15
23.5,F7_Propionic_Acid,15
23.75,F7_Propionic_Acid,17
24.0,F7_Propionic_Acid,18
24.25,F7_Propionic_Acid,14
24.5,F7_Propionic_Acid,15
24.75,F7_Propionic_Acid,15
25.0,F7_Propionic_Acid,18
25.25,F7_Propionic_Acid,19
25.5,F7_Propionic_Acid,13
25.75,F7_Propionic_Acid,15
26.0,F7_Propionic_Acid,16
26.25,F7_Propionic_Acid,18
26.5,F7_Propionic_Acid,16
26.75,F7_Propionic_Acid,15
27.0,F7_Propionic_Acid,18
27.25,F7_Propionic_Acid,18
27.5,F7_Propionic_Acid,15
27.75,F7_Propionic_Acid,19
28.0,F7_Propionic_Acid,17
28.25,F7_Propionic_Acid,19
28.5,F7_Propionic_Acid,25
28.75,F7_Propionic_Acid,20
29.0,F7_Propionic_Acid,17
29.25,F7_Propionic_Acid,17
29.5,F7_Propionic_Acid,26
29.75,F7_Propionic_Acid,19
30.0,F7_Propionic_Acid,21
30.25,F7_Propionic_Acid,21
30.5,F7_Propionic_Acid,21
30.75,F7_Propionic_Acid,19
31.0,F7_Propionic_Acid,18
31.25,F7_Propionic_Acid,20
31.5,F7_Propionic_Acid,17
31.75,F7_Propionic_Acid,19
32.0,F7_Propionic_Acid,22
32.25,F7_Propionic_Acid,24
32.5,F7_Propionic_Acid,21
32.75,F7_Propionic_Acid,21
33.0,F7_Propionic_Acid,23
33.25,F7_Propionic_Acid,22
33.5,F7_Propionic_Acid,20
33.75,F7_Propionic_Acid,21
34.0,F7_Propionic_Acid,25
34.25,F7_Propionic_Acid,26
34.5,F7_Propionic_Acid,24
34.75,F7_Propionic_Acid,24
35.0,F7_Propionic_Acid,24
35.25,F7_Propionic_Acid,25
35.5,F7_Propionic_Acid,27
35.75,F7_Propionic_Acid,19
36.0,F7_Propionic_Acid,21
36.25,F7_Propionic_Acid,24
36.5,F7_Propionic_Acid,22
36.75,F7_Propionic_Acid,25
37.0,F7_Propionic_Acid,21
37.25,F7_Propionic_Acid,23
37.5,F7_Propionic_Acid,19
37.75,F7_Propionic_Acid,26
38.0,F7_Propionic_Acid,22
38.25,F7_Propionic_Acid,26
38.5,F7_Propionic_Acid,25
38.75,F7_Propionic_Acid,25
39.0,F7_Propionic_Acid,19
39.25,F7_Propionic_Acid,25
39.5,F7_Propionic_Acid,20
39.75,F7_Propionic_Acid,20
40.0,F7_Propionic_Acid,25
40.25,F7_Propionic_Acid,28
40.5,F7_Propionic_Acid,24
40.75,F7_Propionic_Acid,24
41.0,F7_Propionic_Acid,24
41.25,F7_Propionic_Acid,25
41.5,F7_Propionic_Acid,17
41.75,F7_Propionic_Acid,29
42.0,F7_Propionic_Acid,23
42.25,F7_Propionic_Acid,24
42.5,F7_Propionic_Acid,26
42.75,F7_Propionic_Acid,30
43.0,F7_Propionic_Acid,25
43.25,F7_Propionic_Acid,22
43.5,F7_Propionic_Acid,29
43.75,F7_Propionic_Acid,27
44.0,F7_Propionic_Acid,28
44.25,F7_Propionic_Acid,30
44.5,F7_Propionic_Acid,24
44.75,F7_Propionic_Acid,20
45.0,F7_Propionic_Acid,20
45.25,F7_Propionic_Acid,26
45.5,F7_Propionic_Acid,28
45.75,F7_Propionic_Acid,26
46.0,F7_Propionic_Acid,29
46.25,F7_Propionic_Acid,28
46.5,F7_Propionic_Acid,26
46.75,F7_Propionic_Acid,28
47.0,F7_Propionic_Acid,28
47.25,F7_Propionic_Acid,28
47.5,F7_Propionic_Acid,27
47.75,F7_Propionic_Acid,24
48.0,F7_Propionic_Acid,30
48.25,F7_Propionic_Acid,30
0.0,F8_Mucic_Acid,11
0.25,F8_Mucic_Acid,11
0.5,F8_Mucic_Acid,11
0.75,F8_Mucic_Acid,11
1.0,F8_Mucic_Acid,11
1.25,F8_Mucic_Acid,11
1.5,F8_Mucic_Acid,11
1.75,F8_Mucic_Acid,11
2.0,F8_Mucic_Acid,11
2.25,F8_Mucic_Acid,11
2.5,F8_Mucic_Acid,11
2.75,F8_Mucic_Acid,11
3.0,F8_Mucic_Acid,11
3.25,F8_Mucic_Acid,11
3.5,F8_Mucic_Acid,11
3.75,F8_Mucic_Acid,11
4.0,F8_Mucic_Acid,11
4.25,F8_Mucic_Acid,11
4.5,F8_Mucic_Acid,11
4.75,F8_Mucic_Acid,11
5.0,F8_Mucic_Acid,11
5.25,F8_Mucic_Acid,11
5.5,F8_Mucic_Acid,11
5.75,F8_Mucic_Acid,11
6.0,F8_Mucic_Acid,11
6.25,F8_Mucic_Acid,11
6.5,F8_Mucic_Acid,11
6.75,F8_Mucic_Acid,11
7.0,F8_Mucic_Acid,11
7.25,F8_Mucic_Acid,11
7.5,F8_Mucic_Acid,11
7.75,F8_Mucic_Acid,11
8.0,F8_Mucic_Acid,11
8.25,F8_Mucic_Acid,11
8.5,F8_Mucic_Acid,11
8.75,F8_Mucic_Acid,11
9.0,F8_Mucic_Acid,11
9.25,F8_Mucic_Acid,11
9.5,F8_Mucic_Acid,11
9.75,F8_Mucic_Acid,11
10.0,F8_Mucic_Acid,11
10.25,F8_Mucic_Acid,11
10.5,F8_Mucic_Acid,11
10.75,F8_Mucic_Acid,11
11.0,F8_Mucic_Acid,11
11.25,F8_Mucic_Acid,11
11.5,F8_Mucic_Acid,11
11.75,F8_Mucic_Acid,11
12.0,F8_Mucic_Acid,11
12.25,F8_Mucic_Acid,11
12.5,F8_Mucic_Acid,11
12.75,F8_Mucic_Acid,11
13.0,F8_Mucic_Acid,11
13.25,F8_Mucic_Acid,11
13.5,F8_Mucic_Acid,11
13.75,F8_Mucic_Acid,11
14.0,F8_Mucic_Acid,11
14.25,F8_Mucic_Acid,11
14.5,F8_Mucic_Acid,11
14.75,F8_Mucic_Acid,14
15.0,F8_Mucic_Acid,11
15.25,F8_Mucic_Acid,11
15.5,F8_Mucic_Acid,11
15.75,F8_Mucic_Acid,13
16.0,F8_Mucic_Acid,14
16.25,F8_Mucic_Acid,13
16.5,F8_Mucic_Acid,12
16.75,F8_Mucic_Acid,11
17.0,F8_Mucic_Acid,15
17.25,F8_Mucic_Acid,11
17.5,F8_Mucic_Acid,12
17.75,F8_Mucic_Acid,13
18.0,F8_Mucic_Acid,14
18.25,F8_Mucic_Acid,12
18.5,F8_Mucic_Acid,18
18.75,F8_Mucic_Acid,13
19.0,F8_Mucic_Acid,14
19.25,F8_Mucic_Acid,17
19.5,F8_Mucic_Acid,15
19.75,F8_Mucic_Acid,16
20.0,F8_Mucic_Acid,18
20.25,F8_Mucic_Acid,17
20.5,F8_Mucic_Acid,15
20.75,F8_Mucic_Acid,16
21.0,F8_Mucic_Acid,15
21.25,F8_Mucic_Acid,15
21.5,F8_Mucic_Acid,16
21.75,F8_Mucic_Acid,17
22.0,F8_Mucic_Acid,16
22.25,F8_Mucic_Acid,17
22.5,F8_Mucic_Acid,14
22.75,F8_Mucic_Acid,17
23.0,F8_Mucic_Acid,15
23.25,F8_Mucic_Acid,16
23.5,F8_Mucic_Acid,18
23.75,F8_Mucic_Acid,19
24.0,F8_Mucic_Acid,18
24.25,F8_Mucic_Acid,17
24.5,F8_Mucic_Acid,13
24.75,F8_Mucic_Acid,17
25.0,F8_Mucic_Acid,16
25.25,F8_Mucic_Acid,17
25.5,F8_Mucic_Acid,18
25.75,F8_Mucic_Acid,18
26.0,F8_Mucic_Acid,17
26.25,F8_Mucic_Acid,17
26.5,F8_Mucic_Acid,20
26.75,F8_Mucic_Acid,15
27.0,F8_Mucic_Acid,16
27.25,F8_Mucic_Acid,20
27.5,F8_Mucic_Acid,18
27.75,F8_Mucic_Acid,15
28.0,F8_Mucic_Acid,14
28.25,F8_Mucic_Acid,19
28.5,F8_Mucic_Acid,20
28.75,F8_Mucic_Acid,16
29.0,F8_Mucic_Acid,22
29.25,F8_Mucic_Acid,16
29.5,F8_Mucic_Acid,16
29.75,F8_Mucic_Acid,15
30.0,F8_Mucic_Acid,16
30.25,F8_Mucic_Acid,14
30.5,F8_Mucic_Acid,16
30.75,F8_Mucic_Acid,21
31.0,F8_Mucic_Acid,18
31.25,F8_Mucic_Acid,17
31.5,F8_Mucic_Acid,18
31.75,F8_Mucic_Acid,15
32.0,F8_Mucic_Acid,12
32.25,F8_Mucic_Acid,13
32.5,F8_Mucic_Acid,18
32.75,F8_Mucic_Acid,17
33.0,F8_Mucic_Acid,13
33.25,F8_Mucic_Acid,14
33.5,F8_Mucic_Acid,16
33.75,F8_Mucic_Acid,16
34.0,F8_Mucic_Acid,14
34.25,F8_Mucic_Acid,17
34.5,F8_Mucic_Acid,20
34.75,F8_Mucic_Acid,16
35.0,F8_Mucic_Acid,15
35.25,F8_Mucic_Acid,18
35.5,F8_Mucic_Acid,21
35.75,F8_Mucic_Acid,16
36.0,F8_Mucic_Acid,18
36.25,F8_Mucic_Acid,13
36.5,F8_Mucic_Acid,14
36.75,F8_Mucic_Acid,18
37.0,F8_Mucic_Acid,14
37.25,F8_Mucic_Acid,17
37.5,F8_Mucic_Acid,15
37.75,F8_Mucic_Acid,13
38.0,F8_Mucic_Acid,16
38.25,F8_Mucic_Acid,16
38.5,F8_Mucic_Acid,17
38.75,F8_Mucic_Acid,14
39.0,F8_Mucic_Acid,13
39.25,F8_Mucic_Acid,16
39.5,F8_Mucic_Acid,15
39.75,F8_Mucic_Acid,15
40.0,F8_Mucic_Acid,15
40.25,F8_Mucic_Acid,14
40.5,F8_Mucic_Acid,16
40.75,F8_Mucic_Acid,17
41.0,F8_Mucic_Acid,16
41.25,F8_Mucic_Acid,13
41.5,F8_Mucic_Acid,16
41.75,F8_Mucic_Acid,18
42.0,F8_Mucic_Acid,16
42.25,F8_Mucic_Acid,17
42.5,F8_Mucic_Acid,17
42.75,F8_Mucic_Acid,17
43.0,F8_Mucic_Acid,18
43.25,F8_Mucic_Acid,17
43.5,F8_Mucic_Acid,21
43.75,F8_Mucic_Acid,13
44.0,F8_Mucic_Acid,16
44.25,F8_Mucic_Acid,16
44.5,F8_Mucic_Acid,19
44.75,F8_Mucic_Acid,13
45.0,F8_Mucic_Acid,15
45.25,F8_Mucic_Acid,15
45.5,F8_Mucic_Acid,14
45.75,F8_Mucic_Acid,17
46.0,F8_Mucic_Acid,15
46.25,F8_Mucic_Acid,17
46.5,F8_Mucic_Acid,19
46.75,F8_Mucic_Acid,19
47.0,F8_Mucic_Acid,14
47.25,F8_Mucic_Acid,17
47.5,F8_Mucic_Acid,15
47.75,F8_Mucic_Acid,18
48.0,F8_Mucic_Acid,16
48.25,F8_Mucic_Acid,17
0.0,F9_Glycolic_Acid,11
0.25,F9_Glycolic_Acid,11
0.5,F9_Glycolic_Acid,11
0.75,F9_Glycolic_Acid,11
1.0,F9_Glycolic_Acid,11
1.25,F9_Glycolic_Acid,11
1.5,F9_Glycolic_Acid,11
1.75,F9_Glycolic_Acid,11
2.0,F9_Glycolic_Acid,11
2.25,F9_Glycolic_Acid,11
2.5,F9_Glycolic_Acid,11
2.75,F9_Glycolic_Acid,11
3.0,F9_Glycolic_Acid,11
3.25,F9_Glycolic_Acid,11
3.5,F9_Glycolic_Acid,11
3.75,F9_Glycolic_Acid,11
4.0,F9_Glycolic_Acid,11
4.25,F9_Glycolic_Acid,11
4.5,F9_Glycolic_Acid,11
4.75,F9_Glycolic_Acid,11
5.0,F9_Glycolic_Acid,11
5.25,F9_Glycolic_Acid,11
5.5,F9_Glycolic_Acid,11
5.75,F9_Glycolic_Acid,11
6.0,F9_Glycolic_Acid,11
6.25,F9_Glycolic_Acid,11
6.5,F9_Glycolic_Acid,11
6.75,F9_Glycolic_Acid,11
7.0,F9_Glycolic_Acid,11
7.25,F9_Glycolic_Acid,11
7.5,F9_Glycolic_Acid,11
7.75,F9_Glycolic_Acid,11
8.0,F9_Glycolic_Acid,11
8.25,F9_Glycolic_Acid,11
8.5,F9_Glycolic_Acid,11
8.75,F9_Glycolic_Acid,11
9.0,F9_Glycolic_Acid,11
9.25,F9_Glycolic_Acid,11
9.5,F9_Glycolic_Acid,11
9.75,F9_Glycolic_Acid,11
10.0,F9_Glycolic_Acid,11
10.25,F9_Glycolic_Acid,11
10.5,F9_Glycolic_Acid,11
10.75,F9_Glycolic_Acid,11
11.0,F9_Glycolic_Acid,11
11.25,F9_Glycolic_Acid,11
11.5,F9_Glycolic_Acid,11
11.75,F9_Glycolic_Acid,11
12.0,F9_Glycolic_Acid,11
12.25,F9_Glycolic_Acid,11
12.5,F9_Glycolic_Acid,11
12.75,F9_Glycolic_Acid,11
13.0,F9_Glycolic_Acid,11
13.25,F9_Glycolic_Acid,11
13.5,F9_Glycolic_Acid,13
13.75,F9_Glycolic_Acid,12
14.0,F9_Glycolic_Acid,12
14.25,F9_Glycolic_Acid,11
14.5,F9_Glycolic_Acid,11
14.75,F9_Glycolic_Acid,13
15.0,F9_Glycolic_Acid,12
15.25,F9_Glycolic_Acid,11
15.5,F9_Glycolic_Acid,11
15.75,F9_Glycolic_Acid,11
16.0,F9_Glycolic_Acid,11
16.25,F9_Glycolic_Acid,12
16.5,F9_Glycolic_Acid,13
16.75,F9_Glycolic_Acid,11
17.0,F9_Glycolic_Acid,11
17.25,F9_Glycolic_Acid,12
17.5,F9_Glycolic_Acid,12
17.75,F9_Glycolic_Acid,12
18.0,F9_Glycolic_Acid,16
18.25,F9_Glycolic_Acid,11
18.5,F9_Glycolic_Acid,15
18.75,F9_Glycolic_Acid,14
19.0,F9_Glycolic_Acid,16
19.25,F9_Glycolic_Acid,16
19.5,F9_Glycolic_Acid,11
19.75,F9_Glycolic_Acid,15
20.0,F9_Glycolic_Acid,14
20.25,F9_Glycolic_Acid,16
20.5,F9_Glycolic_Acid,13
20.75,F9_Glycolic_Acid,15
21.0,F9_Glycolic_Acid,15
21.25,F9_Glycolic_Acid,14
21.5,F9_Glycolic_Acid,17
21.75,F9_Glycolic_Acid,14
22.0,F9_Glycolic_Acid,15
22.25,F9_Glycolic_Acid,17
22.5,F9_Glycolic_Acid,14
22.75,F9_Glycolic_Acid,15
23.0,F9_Glycolic_Acid,14
23.25,F9_Glycolic_Acid,19
23.5,F9_Glycolic_Acid,17
23.75,F9_Glycolic_Acid,17
24.0,F9_Glycolic_Acid,11
24.25,F9_Glycolic_Acid,16
24.5,F9_Glycolic_Acid,16
24.75,F9_Glycolic_Acid,12
25.0,F9_Glycolic_Acid,17
25.25,F9_Glycolic_Acid,14
25.5,F9_Glycolic_Acid,18
25.75,F9_Glycolic_Acid,13
26.0,F9_Glycolic_Acid,14
26.25,F9_Glycolic_Acid,16
26.5,F9_Glycolic_Acid,14
26.75,F9_Glycolic_Acid,12
27.0,F9_Glycolic_Acid,18
27.25,F9_Glycolic_Acid,15
27.5,F9_Glycolic_Acid,11
27.75,F9_Glycolic_Acid,15
28.0,F9_Glycolic_Acid,15
28.25,F9_Glycolic_Acid,17
28.5,F9_Glycolic_Acid,17
28.75,F9_Glycolic_Acid,15
29.0,F9_Glycolic_Acid,15
29.25,F9_Glycolic_Acid,12
29.5,F9_Glycolic_Acid,16
29.75,F9_Glycolic_Acid,17
30.0,F9_Glycolic_Acid,12
30.25,F9_Glycolic_Acid,14
30.5,F9_Glycolic_Acid,18
30.75,F9_Glycolic_Acid,13
31.0,F9_Glycolic_Acid,12
31.25,F9_Glycolic_Acid,11
31.5,F9_Glycolic_Acid,13
31.75,F9_Glycolic_Acid,16
32.0,F9_Glycolic_Acid,15
32.25,F9_Glycolic_Acid,15
32.5,F9_Glycolic_Acid,15
32.75,F9_Glycolic_Acid,11
33.0,F9_Glycolic_Acid,17
33.25,F9_Glycolic_Acid,14
33.5,F9_Glycolic_Acid,12
33.75,F9_Glycolic_Acid,14
34.0,F9_Glycolic_Acid,13
34.25,F9_Glycolic_Acid,16
34.5,F9_Glycolic_Acid,17
34.75,F9_Glycolic_Acid,19
35.0,F9_Glycolic_Acid,13
35.25,F9_Glycolic_Acid,15
35.5,F9_Glycolic_Acid,16
35.75,F9_Glycolic_Acid,16
36.0,F9_Glycolic_Acid,14
36.25,F9_Glycolic_Acid,18
36.5,F9_Glycolic_Acid,15
36.75,F9_Glycolic_Acid,11
37.0,F9_Glycolic_Acid,19
37.25,F9_Glycolic_Acid,14
37.5,F9_Glycolic_Acid,17
37.75,F9_Glycolic_Acid,13
38.0,F9_Glycolic_Acid,13
38.25,F9_Glycolic_Acid,12
38.5,F9_Glycolic_Acid,14
38.75,F9_Glycolic_Acid,14
39.0,F9_Glycolic_Acid,15
39.25,F9_Glycolic_Acid,16
39.5,F9_Glycolic_Acid,14
39.75,F9_Glycolic_Acid,18
40.0,F9_Glycolic_Acid,11
40.25,F9_Glycolic_Acid,16
40.5,F9_Glycolic_Acid,12
40.75,F9_Glycolic_Acid,17
41.0,F9_Glycolic_Acid,13
41.25,F9_Glycolic_Acid,11
41.5,F9_Glycolic_Acid,14
41.75,F9_Glycolic_Acid,13
42.0,F9_Glycolic_Acid,12
42.25,F9_Glycolic_Acid,17
42.5,F9_Glycolic_Acid,15
42.75,F9_Glycolic_Acid,16
43.0,F9_Glycolic_Acid,16
43.25,F9_Glycolic_Acid,11
43.5,F9_Glycolic_Acid,15
43.75,F9_Glycolic_Acid,12
44.0,F9_Glycolic_Acid,15
44.25,F9_Glycolic_Acid,14
44.5,F9_Glycolic_Acid,11
44.75,F9_Glycolic_Acid,17
45.0,F9_Glycolic_Acid,12
45.25,F9_Glycolic_Acid,12
45.5,F9_Glycolic_Acid,13
45.75,F9_Glycolic_Acid,15
46.0,F9_Glycolic_Acid,18
46.25,F9_Glycolic_Acid,13
46.5,F9_Glycolic_Acid,16
46.75,F9_Glycolic_Acid,18
47.0,F9_Glycolic_Acid,12
47.25,F9_Glycolic_Acid,13
47.5,F9_Glycolic_Acid,16
47.75,F9_Glycolic_Acid,14
48.0,F9_Glycolic_Acid,15
48.25,F9_Glycolic_Acid,19
0.0,F10_Glyoxylic_Acid,11
0.25,F10_Glyoxylic_Acid,11
0.5,F10_Glyoxylic_Acid,11
0.75,F10_Glyoxylic_Acid,11
1.0,F10_Glyoxylic_Acid,11
1.25,F10_Glyoxylic_Acid,11
1.5,F10_Glyoxylic_Acid,11
1.75,F10_Glyoxylic_Acid,11
2.0,F10_Glyoxylic_Acid,11
2.25,F10_Glyoxylic_Acid,11
2.5,F10_Glyoxylic_Acid,11
2.75,F10_Glyoxylic_Acid,11
3.0,F10_Glyoxylic_Acid,11
3.25,F10_Glyoxylic_Acid,11
3.5,F10_Glyoxylic_Acid,11
3.75,F10_Glyoxylic_Acid,11
4.0,F10_Glyoxylic_Acid,11
4.25,F10_Glyoxylic_Acid,11
4.5,F10_Glyoxylic_Acid,11
4.75,F10_Glyoxylic_Acid,11
5.0,F10_Glyoxylic_Acid,11
5.25,F10_Glyoxylic_Acid,11
5.5,F10_Glyoxylic_Acid,11
5.75,F10_Glyoxylic_Acid,11
6.0,F10_Glyoxylic_Acid,11
6.25,F10_Glyoxylic_Acid,11
6.5,F10_Glyoxylic_Acid,11
6.75,F10_Glyoxylic_Acid,11
7.0,F10_Glyoxylic_Acid,11
7.25,F10_Glyoxylic_Acid,11
7.5,F10_Glyoxylic_Acid,11
7.75,F10_Glyoxylic_Acid,11
8.0,F10_Glyoxylic_Acid,11
8.25,F10_Glyoxylic_Acid,11
8.5,F10_Glyoxylic_Acid,11
8.75,F10_Glyoxylic_Acid,11
9.0,F10_Glyoxylic_Acid,11
9.25,F10_Glyoxylic_Acid,11
9.5,F10_Glyoxylic_Acid,11
9.75,F10_Glyoxylic_Acid,11
10.0,F10_Glyoxylic_Acid,11
10.25,F10_Glyoxylic_Acid,11
10.5,F10_Glyoxylic_Acid,11
10.75,F10_Glyoxylic_Acid,11
11.0,F10_Glyoxylic_Acid,11
11.25,F10_Glyoxylic_Acid,11
11.5,F10_Glyoxylic_Acid,11
11.75,F10_Glyoxylic_Acid,11
12.0,F10_Glyoxylic_Acid,11
12.25,F10_Glyoxylic_Acid,11
12.5,F10_Glyoxylic_Acid,11
12.75,F10_Glyoxylic_Acid,11
13.0,F10_Glyoxylic_Acid,12
13.25,F10_Glyoxylic_Acid,11
13.5,F10_Glyoxylic_Acid,11
13.75,F10_Glyoxylic_Acid,11
14.0,F10_Glyoxylic_Acid,11
14.25,F10_Glyoxylic_Acid,11
14.5,F10_Glyoxylic_Acid,12
14.75,F10_Glyoxylic_Acid,11
15.0,F10_Glyoxylic_Acid,11
15.25,F10_Glyoxylic_Acid,11
15.5,F10_Glyoxylic_Acid,11
15.75,F10_Glyoxylic_Acid,11
16.0,F10_Glyoxylic_Acid,11
16.25,F10_Glyoxylic_Acid,11
16.5,F10_Glyoxylic_Acid,11
16.75,F10_Glyoxylic_Acid,11
17.0,F10_Glyoxylic_Acid,11
17.25,F10_Glyoxylic_Acid,13
17.5,F10_Glyoxylic_Acid,11
17.75,F10_Glyoxylic_Acid,11
18.0,F10_Glyoxylic_Acid,13
18.25,F10_Glyoxylic_Acid,12
18.5,F10_Glyoxylic_Acid,14
18.75,F10_Glyoxylic_Acid,11
19.0,F10_Glyoxylic_Acid,13
19.25,F10_Glyoxylic_Acid,15
19.5,F10_Glyoxylic_Acid,11
19.75,F10_Glyoxylic_Acid,11
20.0,F10_Glyoxylic_Acid,13
20.25,F10_Glyoxylic_Acid,12
20.5,F10_Glyoxylic_Acid,15
20.75,F10_Glyoxylic_Acid,15
21.0,F10_Glyoxylic_Acid,12
21.25,F10_Glyoxylic_Acid,11
21.5,F10_Glyoxylic_Acid,11
21.75,F10_Glyoxylic_Acid,11
22.0,F10_Glyoxylic_Acid,13
22.25,F10_Glyoxylic_Acid,11
22.5,F10_Glyoxylic_Acid,11
22.75,F10_Glyoxylic_Acid,11
23.0,F10_Glyoxylic_Acid,13
23.25,F10_Glyoxylic_Acid,11
23.5,F10_Glyoxylic_Acid,14
23.75,F10_Glyoxylic_Acid,14
24.0,F10_Glyoxylic_Acid,11
24.25,F10_Glyoxylic_Acid,11
24.5,F10_Glyoxylic_Acid,11
24.75,F10_Glyoxylic_Acid,11
25.0,F10_Glyoxylic_Acid,11
25.25,F10_Glyoxylic_Acid,12
25.5,F10_Glyoxylic_Acid,14
25.75,F10_Glyoxylic_Acid,12
26.0,F10_Glyoxylic_Acid,14
26.25,F10_Glyoxylic_Acid,11
26.5,F10_Glyoxylic_Acid,14
26.75,F10_Glyoxylic_Acid,11
27.0,F10_Glyoxylic_Acid,11
27.25,F10_Glyoxylic_Acid,13
27.5,F10_Glyoxylic_Acid,12
27.75,F10_Glyoxylic_Acid,16
28.0,F10_Glyoxylic_Acid,11
28.25,F10_Glyoxylic_Acid,14
28.5,F10_Glyoxylic_Acid,11
28.75,F10_Glyoxylic_Acid,12
29.0,F10_Glyoxylic_Acid,13
29.25,F10_Glyoxylic_Acid,11
29.5,F10_Glyoxylic_Acid,12
29.75,F10_Glyoxylic_Acid,15
30.0,F10_Glyoxylic_Acid,11
30.25,F10_Glyoxylic_Acid,11
30.5,F10_Glyoxylic_Acid,11
30.75,F10_Glyoxylic_Acid,16
31.0,F10_Glyoxylic_Acid,14
31.25,F10_Glyoxylic_Acid,15
31.5,F10_Glyoxylic_Acid,11
31.75,F10_Glyoxylic_Acid,18
32.0,F10_Glyoxylic_Acid,17
32.25,F10_Glyoxylic_Acid,16
32.5,F10_Glyoxylic_Acid,15
32.75,F10_Glyoxylic_Acid,14
33.0,F10_Glyoxylic_Acid,12
33.25,F10_Glyoxylic_Acid,12
33.5,F10_Glyoxylic_Acid,15
33.75,F10_Glyoxylic_Acid,13
34.0,F10_Glyoxylic_Acid,13
34.25,F10_Glyoxylic_Acid,13
34.5,F10_Glyoxylic_Acid,17
34.75,F10_Glyoxylic_Acid,13
35.0,F10_Glyoxylic_Acid,12
35.25,F10_Glyoxylic_Acid,14
35.5,F10_Glyoxylic_Acid,13
35.75,F10_Glyoxylic_Acid,13
36.0,F10_Glyoxylic_Acid,13
36.25,F10_Glyoxylic_Acid,16
36.5,F10_Glyoxylic_Acid,15
36.75,F10_Glyoxylic_Acid,16
37.0,F10_Glyoxylic_Acid,17
37.25,F10_Glyoxylic_Acid,15
37.5,F10_Glyoxylic_Acid,11
37.75,F10_Glyoxylic_Acid,13
38.0,F10_Glyoxylic_Acid,14
38.25,F10_Glyoxylic_Acid,12
38.5,F10_Glyoxylic_Acid,11
38.75,F10_Glyoxylic_Acid,14
39.0,F10_Glyoxylic_Acid,11
39.25,F10_Glyoxylic_Acid,17
39.5,F10_Glyoxylic_Acid,14
39.75,F10_Glyoxylic_Acid,14
40.0,F10_Glyoxylic_Acid,13
40.25,F10_Glyoxylic_Acid,11
40.5,F10_Glyoxylic_Acid,15
40.75,F10_Glyoxylic_Acid,15
41.0,F10_Glyoxylic_Acid,12
41.25,F10_Glyoxylic_Acid,11
41.5,F10_Glyoxylic_Acid,16
41.75,F10_Glyoxylic_Acid,15
42.0,F10_Glyoxylic_Acid,14
42.25,F10_Glyoxylic_Acid,13
42.5,F10_Glyoxylic_Acid,16
42.75,F10_Glyoxylic_Acid,16
43.0,F10_Glyoxylic_Acid,11
43.25,F10_Glyoxylic_Acid,13
43.5,F10_Glyoxylic_Acid,15
43.75,F10_Glyoxylic_Acid,13
44.0,F10_Glyoxylic_Acid,11
44.25,F10_Glyoxylic_Acid,13
44.5,F10_Glyoxylic_Acid,18
44.75,F10_Glyoxylic_Acid,11
45.0,F10_Glyoxylic_Acid,14
45.25,F10_Glyoxylic_Acid,11
45.5,F10_Glyoxylic_Acid,14
45.75,F10_Glyoxylic_Acid,11
46.0,F10_Glyoxylic_Acid,17
46.25,F10_Glyoxylic_Acid,14
46.5,F10_Glyoxylic_Acid,14
46.75,F10_Glyoxylic_Acid,18
47.0,F10_Glyoxylic_Acid,14
47.25,F10_Glyoxylic_Acid,16
47.5,F10_Glyoxylic_Acid,20
47.75,F10_Glyoxylic_Acid,18
48.0,F10_Glyoxylic_Acid,13
48.25,F10_Glyoxylic_Acid,20
0.0,F11_D-Cellobiose,12
0.25,F11_D-Cellobiose,16
0.5,F11_D-Cellobiose,13
0.75,F11_D-Cellobiose,11
1.0,F11_D-Cellobiose,11
1.25,F11_D-Cellobiose,11
1.5,F11_D-Cellobiose,11
1.75,F11_D-Cellobiose,14
2.0,F11_D-Cellobiose,11
2.25,F11_D-Cellobiose,11
2.5,F11_D-Cellobiose,11
2.75,F11_D-Cellobiose,11
3.0,F11_D-Cellobiose,11
3.25,F11_D-Cellobiose,12
3.5,F11_D-Cellobiose,11
3.75,F11_D-Cellobiose,11
4.0,F11_D-Cellobiose,11
4.25,F11_D-Cellobiose,11
4.5,F11_D-Cellobiose,11
4.75,F11_D-Cellobiose,11
5.0,F11_D-Cellobiose,12
5.25,F11_D-Cellobiose,14
5.5,F11_D-Cellobiose,11
5.75,F11_D-Cellobiose,12
6.0,F11_D-Cellobiose,13
6.25,F11_D-Cellobiose,12
6.5,F11_D-Cellobiose,11
6.75,F11_D-Cellobiose,11
7.0,F11_D-Cellobiose,11
7.25,F11_D-Cellobiose,14
7.5,F11_D-Cellobiose,14
7.75,F11_D-Cellobiose,13
8.0,F11_D-Cellobiose,11
8.25,F11_D-Cellobiose,11
8.5,F11_D-Cellobiose,14
8.75,F11_D-Cellobiose,14
9.0,F11_D-Cellobiose,13
9.25,F11_D-Cellobiose,11
9.5,F11_D-Cellobiose,14
9.75,F11_D-Cellobiose,11
10.0,F11_D-Cellobiose,11
10.25,F11_D-Cellobiose,13
10.5,F11_D-Cellobiose,13
10.75,F11_D-Cellobiose,15
11.0,F11_D-Cellobiose,17
11.25,F11_D-Cellobiose,15
11.5,F11_D-Cellobiose,14
11.75,F11_D-Cellobiose,16
12.0,F11_D-Cellobiose,18
12.25,F11_D-Cellobiose,13
12.5,F11_D-Cellobiose,18
12.75,F11_D-Cellobiose,16
13.0,F11_D-Cellobiose,15
13.25,F11_D-Cellobiose,16
13.5,F11_D-Cellobiose,17
13.75,F11_D-Cellobiose,18
14.0,F11_D-Cellobiose,16
14.25,F11_D-Cellobiose,16
14.5,F11_D-Cellobiose,17
14.75,F11_D-Cellobiose,19
15.0,F11_D-Cellobiose,18
15.25,F11_D-Cellobiose,20
15.5,F11_D-Cellobiose,18
15.75,F11_D-Cellobiose,19
16.0,F11_D-Cellobiose,20
16.25,F11_D-Cellobiose,16
16.5,F11_D-Cellobiose,17
16.75,F11_D-Cellobiose,16
17.0,F11_D-Cellobiose,17
17.25,F11_D-Cellobiose,18
17.5,F11_D-Cellobiose,17
17.75,F11_D-Cellobiose,19
18.0,F11_D-Cellobiose,23
18.25,F11_D-Cellobiose,18
18.5,F11_D-Cellobiose,18
18.75,F11_D-Cellobiose,16
19.0,F11_D-Cellobiose,21
19.25,F11_D-Cellobiose,24
19.5,F11_D-Cellobiose,18
19.75,F11_D-Cellobiose,19
20.0,F11_D-Cellobiose,22
20.25,F11_D-Cellobiose,20
20.5,F11_D-Cellobiose,24
20.75,F11_D-Cellobiose,20
21.0,F11_D-Cellobiose,22
21.25,F11_D-Cellobiose,22
21.5,F11_D-Cellobiose,23
21.75,F11_D-Cellobiose,24
22.0,F11_D-Cellobiose,22
22.25,F11_D-Cellobiose,25
22.5,F11_D-Cellobiose,21
22.75,F11_D-Cellobiose,20
23.0,F11_D-Cellobiose,22
23.25,F11_D-Cellobiose,18
23.5,F11_D-Cellobiose,26
23.75,F11_D-Cellobiose,24
24.0,F11_D-Cellobiose,22
24.25,F11_D-Cellobiose,20
24.5,F11_D-Cellobiose,23
24.75,F11_D-Cellobiose,21
25.0,F11_D-Cellobiose,22
25.25,F11_D-Cellobiose,22
25.5,F11_D-Cellobiose,22
25.75,F11_D-Cellobiose,23
26.0,F11_D-Cellobiose,21
26.25,F11_D-Cellobiose,21
26.5,F11_D-Cellobiose,23
26.75,F11_D-Cellobiose,22
27.0,F11_D-Cellobiose,21
27.25,F11_D-Cellobiose,22
27.5,F11_D-Cellobiose,21
27.75,F11_D-Cellobiose,28
28.0,F11_D-Cellobiose,19
28.25,F11_D-Cellobiose,18
28.5,F11_D-Cellobiose,25
28.75,F11_D-Cellobiose,24
29.0,F11_D-Cellobiose,20
29.25,F11_D-Cellobiose,19
29.5,F11_D-Cellobiose,22
29.75,F11_D-Cellobiose,22
30.0,F11_D-Cellobiose,20
30.25,F11_D-Cellobiose,25
30.5,F11_D-Cellobiose,23
30.75,F11_D-Cellobiose,21
31.0,F11_D-Cellobiose,24
31.25,F11_D-Cellobiose,23
31.5,F11_D-Cellobiose,29
31.75,F11_D-Cellobiose,24
32.0,F11_D-Cellobiose,20
32.25,F11_D-Cellobiose,21
32.5,F11_D-Cellobiose,20
32.75,F11_D-Cellobiose,20
33.0,F11_D-Cellobiose,21
33.25,F11_D-Cellobiose,21
33.5,F11_D-Cellobiose,23
33.75,F11_D-Cellobiose,21
34.0,F11_D-Cellobiose,19
34.25,F11_D-Cellobiose,21
34.5,F11_D-Cellobiose,22
34.75,F11_D-Cellobiose,21
35.0,F11_D-Cellobiose,21
35.25,F11_D-Cellobiose,22
35.5,F11_D-Cellobiose,19
35.75,F11_D-Cellobiose,23
36.0,F11_D-Cellobiose,24
36.25,F11_D-Cellobiose,19
36.5,F11_D-Cellobiose,18
36.75,F11_D-Cellobiose,18
37.0,F11_D-Cellobiose,23
37.25,F11_D-Cellobiose,23
37.5,F11_D-Cellobiose,21
37.75,F11_D-Cellobiose,20
38.0,F11_D-Cellobiose,22
38.25,F11_D-Cellobiose,18
38.5,F11_D-Cellobiose,20
38.75,F11_D-Cellobiose,17
39.0,F11_D-Cellobiose,23
39.25,F11_D-Cellobiose,21
39.5,F11_D-Cellobiose,16
39.75,F11_D-Cellobiose,22
40.0,F11_D-Cellobiose,19
40.25,F11_D-Cellobiose,22
40.5,F11_D-Cellobiose,21
40.75,F11_D-Cellobiose,19
41.0,F11_D-Cellobiose,21
41.25,F11_D-Cellobiose,19
41.5,F11_D-Cellobiose,21
41.75,F11_D-Cellobiose,23
42.0,F11_D-Cellobiose,23
42.25,F11_D-Cellobiose,24
42.5,F11_D-Cellobiose,23
42.75,F11_D-Cellobiose,22
43.0,F11_D-Cellobiose,20
43.25,F11_D-Cellobiose,22
43.5,F11_D-Cellobiose,23
43.75,F11_D-Cellobiose,19
44.0,F11_D-Cellobiose,17
44.25,F11_D-Cellobiose,22
44.5,F11_D-Cellobiose,18
44.75,F11_D-Cellobiose,20
45.0,F11_D-Cellobiose,17
45.25,F11_D-Cellobiose,22
45.5,F11_D-Cellobiose,17
45.75,F11_D-Cellobiose,22
46.0,F11_D-Cellobiose,16
46.25,F11_D-Cellobiose,24
46.5,F11_D-Cellobiose,21
46.75,F11_D-Cellobiose,21
47.0,F11_D-Cellobiose,24
47.25,F11_D-Cellobiose,19
47.5,F11_D-Cellobiose,24
47.75,F11_D-Cellobiose,23
48.0,F11_D-Cellobiose,15
48.25,F11_D-Cellobiose,21
0.0,F12_Inosine,13
0.25,F12_Inosine,13
0.5,F12_Inosine,16
0.75,F12_Inosine,12
1.0,F12_Inosine,13
1.25,F12_Inosine,17
1.5,F12_Inosine,14
1.75,F12_Inosine,16
2.0,F12_Inosine,14
2.25,F12_Inosine,16
2.5,F12_Inosine,11
2.75,F12_Inosine,15
3.0,F12_Inosine,15
3.25,F12_Inosine,16
3.5,F12_Inosine,12
3.75,F12_Inosine,15
4.0,F12_Inosine,14
4.25,F12_Inosine,13
4.5,F12_Inosine,13
4.75,F12_Inosine,13
5.0,F12_Inosine,13
5.25,F12_Inosine,18
5.5,F12_Inosine,15
5.75,F12_Inosine,13
6.0,F12_Inosine,16
6.25,F12_Inosine,15
6.5,F12_Inosine,15
6.75,F12_Inosine,11
7.0,F12_Inosine,14
7.25,F12_Inosine,14
7.5,F12_Inosine,18
7.75,F12_Inosine,13
8.0,F12_Inosine,16
8.25,F12_Inosine,14
8.5,F12_Inosine,12
8.75,F12_Inosine,14
9.0,F12_Inosine,13
9.25,F12_Inosine,14
9.5,F12_Inosine,16
9.75,F12_Inosine,12
10.0,F12_Inosine,17
10.25,F12_Inosine,16
10.5,F12_Inosine,13
10.75,F12_Inosine,16
11.0,F12_Inosine,17
11.25,F12_Inosine,16
11.5,F12_Inosine,17
11.75,F12_Inosine,18
12.0,F12_Inosine,21
12.25,F12_Inosine,16
12.5,F12_Inosine,17
12.75,F12_Inosine,22
13.0,F12_Inosine,20
13.25,F12_Inosine,18
13.5,F12_Inosine,21
13.75,F12_Inosine,16
14.0,F12_Inosine,19
14.25,F12_Inosine,17
14.5,F12_Inosine,20
14.75,F12_Inosine,20
15.0,F12_Inosine,19
15.25,F12_Inosine,19
15.5,F12_Inosine,20
15.75,F12_Inosine,18
16.0,F12_Inosine,17
16.25,F12_Inosine,20
16.5,F12_Inosine,18
16.75,F12_Inosine,19
17.0,F12_Inosine,20
17.25,F12_Inosine,22
17.5,F12_Inosine,21
17.75,F12_Inosine,22
18.0,F12_Inosine,28
18.25,F12_Inosine,22
18.5,F12_Inosine,25
18.75,F12_Inosine,27
19.0,F12_Inosine,20
19.25,F12_Inosine,23
19.5,F12_Inosine,22
19.75,F12_Inosine,24
20.0,F12_Inosine,25
20.25,F12_Inosine,25
20.5,F12_Inosine,22
20.75,F12_Inosine,25
21.0,F12_Inosine,22
21.25,F12_Inosine,23
21.5,F12_Inosine,23
21.75,F12_Inosine,21
22.0,F12_Inosine,23
22.25,F12_Inosine,24
22.5,F12_Inosine,25
22.75,F12_Inosine,26
23.0,F12_Inosine,20
23.25,F12_Inosine,20
23.5,F12_Inosine,27
23.75,F12_Inosine,22
24.0,F12_Inosine,21
24.25,F12_Inosine,24
24.5,F12_Inosine,25
24.75,F12_Inosine,25
25.0,F12_Inosine,24
25.25,F12_Inosine,23
25.5,F12_Inosine,25
25.75,F12_Inosine,24
26.0,F12_Inosine,25
26.25,F12_Inosine,23
26.5,F12_Inosine,24
26.75,F12_Inosine,27
27.0,F12_Inosine,24
27.25,F12_Inosine,26
27.5,F12_Inosine,24
27.75,F12_Inosine,21
28.0,F12_Inosine,23
28.25,F12_Inosine,24
28.5,F12_Inosine,26
28.75,F12_Inosine,28
29.0,F12_Inosine,24
29.25,F12_Inosine,28
29.5,F12_Inosine,28
29.75,F12_Inosine,26
30.0,F12_Inosine,27
30.25,F12_Inosine,25
30.5,F12_Inosine,23
30.75,F12_Inosine,25
31.0,F12_Inosine,25
31.25,F12_Inosine,25
31.5,F12_Inosine,27
31.75,F12_Inosine,28
32.0,F12_Inosine,29
32.25,F12_Inosine,27
32.5,F12_Inosine,28
32.75,F12_Inosine,25
33.0,F12_Inosine,28
33.25,F12_Inosine,27
33.5,F12_Inosine,29
33.75,F12_Inosine,27
34.0,F12_Inosine,27
34.25,F12_Inosine,31
34.5,F12_Inosine,29
34.75,F12_Inosine,29
35.0,F12_Inosine,28
35.25,F12_Inosine,33
35.5,F12_Inosine,27
35.75,F12_Inosine,32
36.0,F12_Inosine,29
36.25,F12_Inosine,31
36.5,F12_Inosine,29
36.75,F12_Inosine,31
37.0,F12_Inosine,31
37.25,F12_Inosine,26
37.5,F12_Inosine,29
37.75,F12_Inosine,32
38.0,F12_Inosine,26
38.25,F12_Inosine,33
38.5,F12_Inosine,33
38.75,F12_Inosine,28
39.0,F12_Inosine,32
39.25,F12_Inosine,32
39.5,F12_Inosine,31
39.75,F12_Inosine,29
40.0,F12_Inosine,30
40.25,F12_Inosine,36
40.5,F12_Inosine,33
40.75,F12_Inosine,31
41.0,F12_Inosine,38
41.25,F12_Inosine,33
41.5,F12_Inosine,35
41.75,F12_Inosine,38
42.0,F12_Inosine,33
42.25,F12_Inosine,36
42.5,F12_Inosine,34
42.75,F12_Inosine,35
43.0,F12_Inosine,32
43.25,F12_Inosine,34
43.5,F12_Inosine,38
43.75,F12_Inosine,37
44.0,F12_Inosine,37
44.25,F12_Inosine,35
44.5,F12_Inosine,40
44.75,F12_Inosine,39
45.0,F12_Inosine,37
45.25,F12_Inosine,37
45.5,F12_Inosine,39
45.75,F12_Inosine,39
46.0,F12_Inosine,41
46.25,F12_Inosine,39
46.5,F12_Inosine,41
46.75,F12_Inosine,40
47.0,F12_Inosine,41
47.25,F12_Inosine,45
47.5,F12_Inosine,44
47.75,F12_Inosine,42
48.0,F12_Inosine,43
48.25,F12_Inosine,43
0.0,G1_Glycyl-L-Glutamic_Acid,18
0.25,G1_Glycyl-L-Glutamic_Acid,17
0.5,G1_Glycyl-L-Glutamic_Acid,17
0.75,G1_Glycyl-L-Glutamic_Acid,11
1.0,G1_Glycyl-L-Glutamic_Acid,13
1.25,G1_Glycyl-L-Glutamic_Acid,18
1.5,G1_Glycyl-L-Glutamic_Acid,16
1.75,G1_Glycyl-L-Glutamic_Acid,16
2.0,G1_Glycyl-L-Glutamic_Acid,16
2.25,G1_Glycyl-L-Glutamic_Acid,13
2.5,G1_Glycyl-L-Glutamic_Acid,11
2.75,G1_Glycyl-L-Glutamic_Acid,11
3.0,G1_Glycyl-L-Glutamic_Acid,15
3.25,G1_Glycyl-L-Glutamic_Acid,11
3.5,G1_Glycyl-L-Glutamic_Acid,13
3.75,G1_Glycyl-L-Glutamic_Acid,12
4.0,G1_Glycyl-L-Glutamic_Acid,16
4.25,G1_Glycyl-L-Glutamic_Acid,13
4.5,G1_Glycyl-L-Glutamic_Acid,13
4.75,G1_Glycyl-L-Glutamic_Acid,19
5.0,G1_Glycyl-L-Glutamic_Acid,13
5.25,G1_Glycyl-L-Glutamic_Acid,16
5.5,G1_Glycyl-L-Glutamic_Acid,13
5.75,G1_Glycyl-L-Glutamic_Acid,11
6.0,G1_Glycyl-L-Glutamic_Acid,14
6.25,G1_Glycyl-L-Glutamic_Acid,14
6.5,G1_Glycyl-L-Glutamic_Acid,13
6.75,G1_Glycyl-L-Glutamic_Acid,16
7.0,G1_Glycyl-L-Glutamic_Acid,17
7.25,G1_Glycyl-L-Glutamic_Acid,13
7.5,G1_Glycyl-L-Glutamic_Acid,11
7.75,G1_Glycyl-L-Glutamic_Acid,17
8.0,G1_Glycyl-L-Glutamic_Acid,17
8.25,G1_Glycyl-L-Glutamic_Acid,14
8.5,G1_Glycyl-L-Glutamic_Acid,12
8.75,G1_Glycyl-L-Glutamic_Acid,19
9.0,G1_Glycyl-L-Glutamic_Acid,16
9.25,G1_Glycyl-L-Glutamic_Acid,16
9.5,G1_Glycyl-L-Glutamic_Acid,14
9.75,G1_Glycyl-L-Glutamic_Acid,14
10.0,G1_Glycyl-L-Glutamic_Acid,18
10.25,G1_Glycyl-L-Glutamic_Acid,15
10.5,G1_Glycyl-L-Glutamic_Acid,20
10.75,G1_Glycyl-L-Glutamic_Acid,14
11.0,G1_Glycyl-L-Glutamic_Acid,18
11.25,G1_Glycyl-L-Glutamic_Acid,17
11.5,G1_Glycyl-L-Glutamic_Acid,13
11.75,G1_Glycyl-L-Glutamic_Acid,18
12.0,G1_Glycyl-L-Glutamic_Acid,17
12.25,G1_Glycyl-L-Glutamic_Acid,22
12.5,G1_Glycyl-L-Glutamic_Acid,15
12.75,G1_Glycyl-L-Glutamic_Acid,22
13.0,G1_Glycyl-L-Glutamic_Acid,26
13.25,G1_Glycyl-L-Glutamic_Acid,21
13.5,G1_Glycyl-L-Glutamic_Acid,17
13.75,G1_Glycyl-L-Glutamic_Acid,22
14.0,G1_Glycyl-L-Glutamic_Acid,23
14.25,G1_Glycyl-L-Glutamic_Acid,20
14.5,G1_Glycyl-L-Glutamic_Acid,23
14.75,G1_Glycyl-L-Glutamic_Acid,23
15.0,G1_Glycyl-L-Glutamic_Acid,25
15.25,G1_Glycyl-L-Glutamic_Acid,20
15.5,G1_Glycyl-L-Glutamic_Acid,20
15.75,G1_Glycyl-L-Glutamic_Acid,26
16.0,G1_Glycyl-L-Glutamic_Acid,27
16.25,G1_Glycyl-L-Glutamic_Acid,24
16.5,G1_Glycyl-L-Glutamic_Acid,24
16.75,G1_Glycyl-L-Glutamic_Acid,24
17.0,G1_Glycyl-L-Glutamic_Acid,25
17.25,G1_Glycyl-L-Glutamic_Acid,21
17.5,G1_Glycyl-L-Glutamic_Acid,24
17.75,G1_Glycyl-L-Glutamic_Acid,20
18.0,G1_Glycyl-L-Glutamic_Acid,22
18.25,G1_Glycyl-L-Glutamic_Acid,29
18.5,G1_Glycyl-L-Glutamic_Acid,28
18.75,G1_Glycyl-L-Glutamic_Acid,26
19.0,G1_Glycyl-L-Glutamic_Acid,26
19.25,G1_Glycyl-L-Glutamic_Acid,26
19.5,G1_Glycyl-L-Glutamic_Acid,26
19.75,G1_Glycyl-L-Glutamic_Acid,25
20.0,G1_Glycyl-L-Glutamic_Acid,29
20.25,G1_Glycyl-L-Glutamic_Acid,28
20.5,G1_Glycyl-L-Glutamic_Acid,28
20.75,G1_Glycyl-L-Glutamic_Acid,28
21.0,G1_Glycyl-L-Glutamic_Acid,27
21.25,G1_Glycyl-L-Glutamic_Acid,28
21.5,G1_Glycyl-L-Glutamic_Acid,29
21.75,G1_Glycyl-L-Glutamic_Acid,31
22.0,G1_Glycyl-L-Glutamic_Acid,27
22.25,G1_Glycyl-L-Glutamic_Acid,27
22.5,G1_Glycyl-L-Glutamic_Acid,29
22.75,G1_Glycyl-L-Glutamic_Acid,27
23.0,G1_Glycyl-L-Glutamic_Acid,29
23.25,G1_Glycyl-L-Glutamic_Acid,29
23.5,G1_Glycyl-L-Glutamic_Acid,29
23.75,G1_Glycyl-L-Glutamic_Acid,30
24.0,G1_Glycyl-L-Glutamic_Acid,29
24.25,G1_Glycyl-L-Glutamic_Acid,30
24.5,G1_Glycyl-L-Glutamic_Acid,29
24.75,G1_Glycyl-L-Glutamic_Acid,29
25.0,G1_Glycyl-L-Glutamic_Acid,28
25.25,G1_Glycyl-L-Glutamic_Acid,24
25.5,G1_Glycyl-L-Glutamic_Acid,29
25.75,G1_Glycyl-L-Glutamic_Acid,30
26.0,G1_Glycyl-L-Glutamic_Acid,28
26.25,G1_Glycyl-L-Glutamic_Acid,30
26.5,G1_Glycyl-L-Glutamic_Acid,30
26.75,G1_Glycyl-L-Glutamic_Acid,29
27.0,G1_Glycyl-L-Glutamic_Acid,27
27.25,G1_Glycyl-L-Glutamic_Acid,30
27.5,G1_Glycyl-L-Glutamic_Acid,28
27.75,G1_Glycyl-L-Glutamic_Acid,32
28.0,G1_Glycyl-L-Glutamic_Acid,30
28.25,G1_Glycyl-L-Glutamic_Acid,31
28.5,G1_Glycyl-L-Glutamic_Acid,32
28.75,G1_Glycyl-L-Glutamic_Acid,34
29.0,G1_Glycyl-L-Glutamic_Acid,31
29.25,G1_Glycyl-L-Glutamic_Acid,26
29.5,G1_Glycyl-L-Glutamic_Acid,29
29.75,G1_Glycyl-L-Glutamic_Acid,31
30.0,G1_Glycyl-L-Glutamic_Acid,27
30.25,G1_Glycyl-L-Glutamic_Acid,30
30.5,G1_Glycyl-L-Glutamic_Acid,29
30.75,G1_Glycyl-L-Glutamic_Acid,31
31.0,G1_Glycyl-L-Glutamic_Acid,31
31.25,G1_Glycyl-L-Glutamic_Acid,31
31.5,G1_Glycyl-L-Glutamic_Acid,32
31.75,G1_Glycyl-L-Glutamic_Acid,33
32.0,G1_Glycyl-L-Glutamic_Acid,30
32.25,G1_Glycyl-L-Glutamic_Acid,28
32.5,G1_Glycyl-L-Glutamic_Acid,26
32.75,G1_Glycyl-L-Glutamic_Acid,32
33.0,G1_Glycyl-L-Glutamic_Acid,30
33.25,G1_Glycyl-L-Glutamic_Acid,35
33.5,G1_Glycyl-L-Glutamic_Acid,31
33.75,G1_Glycyl-L-Glutamic_Acid,29
34.0,G1_Glycyl-L-Glutamic_Acid,29
34.25,G1_Glycyl-L-Glutamic_Acid,36
34.5,G1_Glycyl-L-Glutamic_Acid,32
34.75,G1_Glycyl-L-Glutamic_Acid,32
35.0,G1_Glycyl-L-Glutamic_Acid,31
35.25,G1_Glycyl-L-Glutamic_Acid,36
35.5,G1_Glycyl-L-Glutamic_Acid,31
35.75,G1_Glycyl-L-Glutamic_Acid,31
36.0,G1_Glycyl-L-Glutamic_Acid,33
36.25,G1_Glycyl-L-Glutamic_Acid,34
36.5,G1_Glycyl-L-Glutamic_Acid,37
36.75,G1_Glycyl-L-Glutamic_Acid,33
37.0,G1_Glycyl-L-Glutamic_Acid,34
37.25,G1_Glycyl-L-Glutamic_Acid,33
37.5,G1_Glycyl-L-Glutamic_Acid,32
37.75,G1_Glycyl-L-Glutamic_Acid,36
38.0,G1_Glycyl-L-Glutamic_Acid,32
38.25,G1_Glycyl-L-Glutamic_Acid,34
38.5,G1_Glycyl-L-Glutamic_Acid,37
38.75,G1_Glycyl-L-Glutamic_Acid,35
39.0,G1_Glycyl-L-Glutamic_Acid,32
39.25,G1_Glycyl-L-Glutamic_Acid,38
39.5,G1_Glycyl-L-Glutamic_Acid,35
39.75,G1_Glycyl-L-Glutamic_Acid,35
40.0,G1_Glycyl-L-Glutamic_Acid,34
40.25,G1_Glycyl-L-Glutamic_Acid,35
40.5,G1_Glycyl-L-Glutamic_Acid,34
40.75,G1_Glycyl-L-Glutamic_Acid,33
41.0,G1_Glycyl-L-Glutamic_Acid,34
41.25,G1_Glycyl-L-Glutamic_Acid,29
41.5,G1_Glycyl-L-Glutamic_Acid,31
41.75,G1_Glycyl-L-Glutamic_Acid,36
42.0,G1_Glycyl-L-Glutamic_Acid,35
42.25,G1_Glycyl-L-Glutamic_Acid,34
42.5,G1_Glycyl-L-Glutamic_Acid,36
42.75,G1_Glycyl-L-Glutamic_Acid,35
43.0,G1_Glycyl-L-Glutamic_Acid,33
43.25,G1_Glycyl-L-Glutamic_Acid,37
43.5,G1_Glycyl-L-Glutamic_Acid,36
43.75,G1_Glycyl-L-Glutamic_Acid,34
44.0,G1_Glycyl-L-Glutamic_Acid,36
44.25,G1_Glycyl-L-Glutamic_Acid,32
44.5,G1_Glycyl-L-Glutamic_Acid,31
44.75,G1_Glycyl-L-Glutamic_Acid,34
45.0,G1_Glycyl-L-Glutamic_Acid,35
45.25,G1_Glycyl-L-Glutamic_Acid,38
45.5,G1_Glycyl-L-Glutamic_Acid,38
45.75,G1_Glycyl-L-Glutamic_Acid,32
46.0,G1_Glycyl-L-Glutamic_Acid,32
46.25,G1_Glycyl-L-Glutamic_Acid,38
46.5,G1_Glycyl-L-Glutamic_Acid,37
46.75,G1_Glycyl-L-Glutamic_Acid,37
47.0,G1_Glycyl-L-Glutamic_Acid,38
47.25,G1_Glycyl-L-Glutamic_Acid,37
47.5,G1_Glycyl-L-Glutamic_Acid,38
47.75,G1_Glycyl-L-Glutamic_Acid,37
48.0,G1_Glycyl-L-Glutamic_Acid,37
48.25,G1_Glycyl-L-Glutamic_Acid,40
0.0,G2_Tricarballylic_Acid,11
0.25,G2_Tricarballylic_Acid,11
0.5,G2_Tricarballylic_Acid,11
0.75,G2_Tricarballylic_Acid,11
1.0,G2_Tricarballylic_Acid,11
1.25,G2_Tricarballylic_Acid,11
1.5,G2_Tricarballylic_Acid,11
1.75,G2_Tricarballylic_Acid,11
2.0,G2_Tricarballylic_Acid,11
2.25,G2_Tricarballylic_Acid,11
2.5,G2_Tricarballylic_Acid,11
2.75,G2_Tricarballylic_Acid,11
3.0,G2_Tricarballylic_Acid,11
3.25,G2_Tricarballylic_Acid,11
3.5,G2_Tricarballylic_Acid,11
3.75,G2_Tricarballylic_Acid,11
4.0,G2_Tricarballylic_Acid,11
4.25,G2_Tricarballylic_Acid,11
4.5,G2_Tricarballylic_Acid,11
4.75,G2_Tricarballylic_Acid,11
5.0,G2_Tricarballylic_Acid,11
5.25,G2_Tricarballylic_Acid,11
5.5,G2_Tricarballylic_Acid,11
5.75,G2_Tricarballylic_Acid,11
6.0,G2_Tricarballylic_Acid,11
6.25,G2_Tricarballylic_Acid,11
6.5,G2_Tricarballylic_Acid,11
6.75,G2_Tricarballylic_Acid,11
7.0,G2_Tricarballylic_Acid,11
7.25,G2_Tricarballylic_Acid,11
7.5,G2_Tricarballylic_Acid,11
7.75,G2_Tricarballylic_Acid,11
8.0,G2_Tricarballylic_Acid,11
8.25,G2_Tricarballylic_Acid,11
8.5,G2_Tricarballylic_Acid,11
8.75,G2_Tricarballylic_Acid,11
9.0,G2_Tricarballylic_Acid,11
9.25,G2_Tricarballylic_Acid,11
9.5,G2_Tricarballylic_Acid,11
9.75,G2_Tricarballylic_Acid,11
10.0,G2_Tricarballylic_Acid,11
10.25,G2_Tricarballylic_Acid,11
10.5,G2_Tricarballylic_Acid,11
10.75,G2_Tricarballylic_Acid,11
11.0,G2_Tricarballylic_Acid,11
11.25,G2_Tricarballylic_Acid,11
11.5,G2_Tricarballylic_Acid,11
11.75,G2_Tricarballylic_Acid,11
12.0,G2_Tricarballylic_Acid,11
12.25,G2_Tricarballylic_Acid,11
12.5,G2_Tricarballylic_Acid,12
12.75,G2_Tricarballylic_Acid,11
13.0,G2_Tricarballylic_Acid,11
13.25,G2_Tricarballylic_Acid,11
13.5,G2_Tricarballylic_Acid,11
13.75,G2_Tricarballylic_Acid,11
14.0,G2_Tricarballylic_Acid,11
14.25,G2_Tricarballylic_Acid,11
14.5,G2_Tricarballylic_Acid,11
14.75,G2_Tricarballylic_Acid,11
15.0,G2_Tricarballylic_Acid,11
15.25,G2_Tricarballylic_Acid,11
15.5,G2_Tricarballylic_Acid,11
15.75,G2_Tricarballylic_Acid,11
16.0,G2_Tricarballylic_Acid,11
16.25,G2_Tricarballylic_Acid,11
16.5,G2_Tricarballylic_Acid,11
16.75,G2_Tricarballylic_Acid,11
17.0,G2_Tricarballylic_Acid,17
17.25,G2_Tricarballylic_Acid,11
17.5,G2_Tricarballylic_Acid,11
17.75,G2_Tricarballylic_Acid,11
18.0,G2_Tricarballylic_Acid,13
18.25,G2_Tricarballylic_Acid,13
18.5,G2_Tricarballylic_Acid,16
18.75,G2_Tricarballylic_Acid,11
19.0,G2_Tricarballylic_Acid,11
19.25,G2_Tricarballylic_Acid,11
19.5,G2_Tricarballylic_Acid,13
19.75,G2_Tricarballylic_Acid,13
20.0,G2_Tricarballylic_Acid,12
20.25,G2_Tricarballylic_Acid,14
20.5,G2_Tricarballylic_Acid,11
20.75,G2_Tricarballylic_Acid,11
21.0,G2_Tricarballylic_Acid,13
21.25,G2_Tricarballylic_Acid,11
21.5,G2_Tricarballylic_Acid,12
21.75,G2_Tricarballylic_Acid,13
22.0,G2_Tricarballylic_Acid,11
22.25,G2_Tricarballylic_Acid,11
22.5,G2_Tricarballylic_Acid,13
22.75,G2_Tricarballylic_Acid,11
23.0,G2_Tricarballylic_Acid,13
23.25,G2_Tricarballylic_Acid,11
23.5,G2_Tricarballylic_Acid,12
23.75,G2_Tricarballylic_Acid,12
24.0,G2_Tricarballylic_Acid,15
24.25,G2_Tricarballylic_Acid,15
24.5,G2_Tricarballylic_Acid,12
24.75,G2_Tricarballylic_Acid,11
25.0,G2_Tricarballylic_Acid,11
25.25,G2_Tricarballylic_Acid,15
25.5,G2_Tricarballylic_Acid,14
25.75,G2_Tricarballylic_Acid,13
26.0,G2_Tricarballylic_Acid,14
26.25,G2_Tricarballylic_Acid,14
26.5,G2_Tricarballylic_Acid,14
26.75,G2_Tricarballylic_Acid,15
27.0,G2_Tricarballylic_Acid,11
27.25,G2_Tricarballylic_Acid,13
27.5,G2_Tricarballylic_Acid,15
27.75,G2_Tricarballylic_Acid,12
28.0,G2_Tricarballylic_Acid,16
28.25,G2_Tricarballylic_Acid,14
28.5,G2_Tricarballylic_Acid,14
28.75,G2_Tricarballylic_Acid,14
29.0,G2_Tricarballylic_Acid,15
29.25,G2_Tricarballylic_Acid,13
29.5,G2_Tricarballylic_Acid,12
29.75,G2_Tricarballylic_Acid,11
30.0,G2_Tricarballylic_Acid,11
30.25,G2_Tricarballylic_Acid,15
30.5,G2_Tricarballylic_Acid,11
30.75,G2_Tricarballylic_Acid,11
31.0,G2_Tricarballylic_Acid,14
31.25,G2_Tricarballylic_Acid,14
31.5,G2_Tricarballylic_Acid,16
31.75,G2_Tricarballylic_Acid,15
32.0,G2_Tricarballylic_Acid,13
32.25,G2_Tricarballylic_Acid,15
32.5,G2_Tricarballylic_Acid,15
32.75,G2_Tricarballylic_Acid,12
33.0,G2_Tricarballylic_Acid,15
33.25,G2_Tricarballylic_Acid,11
33.5,G2_Tricarballylic_Acid,13
33.75,G2_Tricarballylic_Acid,12
34.0,G2_Tricarballylic_Acid,11
34.25,G2_Tricarballylic_Acid,11
34.5,G2_Tricarballylic_Acid,14
34.75,G2_Tricarballylic_Acid,12
35.0,G2_Tricarballylic_Acid,11
35.25,G2_Tricarballylic_Acid,16
35.5,G2_Tricarballylic_Acid,13
35.75,G2_Tricarballylic_Acid,13
36.0,G2_Tricarballylic_Acid,15
36.25,G2_Tricarballylic_Acid,12
36.5,G2_Tricarballylic_Acid,14
36.75,G2_Tricarballylic_Acid,12
37.0,G2_Tricarballylic_Acid,11
37.25,G2_Tricarballylic_Acid,11
37.5,G2_Tricarballylic_Acid,11
37.75,G2_Tricarballylic_Acid,12
38.0,G2_Tricarballylic_Acid,11
38.25,G2_Tricarballylic_Acid,12
38.5,G2_Tricarballylic_Acid,12
38.75,G2_Tricarballylic_Acid,11
39.0,G2_Tricarballylic_Acid,14
39.25,G2_Tricarballylic_Acid,13
39.5,G2_Tricarballylic_Acid,12
39.75,G2_Tricarballylic_Acid,13
40.0,G2_Tricarballylic_Acid,15
40.25,G2_Tricarballylic_Acid,11
40.5,G2_Tricarballylic_Acid,11
40.75,G2_Tricarballylic_Acid,13
41.0,G2_Tricarballylic_Acid,13
41.25,G2_Tricarballylic_Acid,14
41.5,G2_Tricarballylic_Acid,15
41.75,G2_Tricarballylic_Acid,14
42.0,G2_Tricarballylic_Acid,13
42.25,G2_Tricarballylic_Acid,11
42.5,G2_Tricarballylic_Acid,11
42.75,G2_Tricarballylic_Acid,12
43.0,G2_Tricarballylic_Acid,12
43.25,G2_Tricarballylic_Acid,11
43.5,G2_Tricarballylic_Acid,12
43.75,G2_Tricarballylic_Acid,11
44.0,G2_Tricarballylic_Acid,12
44.25,G2_Tricarballylic_Acid,12
44.5,G2_Tricarballylic_Acid,11
44.75,G2_Tricarballylic_Acid,11
45.0,G2_Tricarballylic_Acid,11
45.25,G2_Tricarballylic_Acid,16
45.5,G2_Tricarballylic_Acid,11
45.75,G2_Tricarballylic_Acid,14
46.0,G2_Tricarballylic_Acid,11
46.25,G2_Tricarballylic_Acid,16
46.5,G2_Tricarballylic_Acid,14
46.75,G2_Tricarballylic_Acid,14
47.0,G2_Tricarballylic_Acid,12
47.25,G2_Tricarballylic_Acid,12
47.5,G2_Tricarballylic_Acid,12
47.75,G2_Tricarballylic_Acid,12
48.0,G2_Tricarballylic_Acid,12
48.25,G2_Tricarballylic_Acid,12
0.0,G3_L-Serine,11
0.25,G3_L-Serine,11
0.5,G3_L-Serine,11
0.75,G3_L-Serine,11
1.0,G3_L-Serine,11
1.25,G3_L-Serine,11
1.5,G3_L-Serine,11
1.75,G3_L-Serine,11
2.0,G3_L-Serine,11
2.25,G3_L-Serine,11
2.5,G3_L-Serine,11
2.75,G3_L-Serine,11
3.0,G3_L-Serine,11
3.25,G3_L-Serine,11
3.5,G3_L-Serine,11
3.75,G3_L-Serine,11
4.0,G3_L-Serine,11
4.25,G3_L-Serine,11
4.5,G3_L-Serine,11
4.75,G3_L-Serine,11
5.0,G3_L-Serine,11
5.25,G3_L-Serine,11
5.5,G3_L-Serine,11
5.75,G3_L-Serine,11
6.0,G3_L-Serine,11
6.25,G3_L-Serine,11
6.5,G3_L-Serine,11
6.75,G3_L-Serine,11
7.0,G3_L-Serine,11
7.25,G3_L-Serine,11
7.5,G3_L-Serine,11
7.75,G3_L-Serine,11
8.0,G3_L-Serine,11
8.25,G3_L-Serine,11
8.5,G3_L-Serine,11
8.75,G3_L-Serine,11
9.0,G3_L-Serine,12
9.25,G3_L-Serine,11
9.5,G3_L-Serine,11
9.75,G3_L-Serine,12
10.0,G3_L-Serine,11
10.25,G3_L-Serine,11
10.5,G3_L-Serine,11
10.75,G3_L-Serine,11
11.0,G3_L-Serine,11
11.25,G3_L-Serine,11
11.5,G3_L-Serine,11
11.75,G3_L-Serine,11
12.0,G3_L-Serine,15
12.25,G3_L-Serine,11
12.5,G3_L-Serine,11
12.75,G3_L-Serine,11
13.0,G3_L-Serine,11
13.25,G3_L-Serine,12
13.5,G3_L-Serine,11
13.75,G3_L-Serine,15
14.0,G3_L-Serine,11
14.25,G3_L-Serine,13
14.5,G3_L-Serine,11
14.75,G3_L-Serine,12
15.0,G3_L-Serine,11
15.25,G3_L-Serine,11
15.5,G3_L-Serine,11
15.75,G3_L-Serine,13
16.0,G3_L-Serine,14
16.25,G3_L-Serine,11
16.5,G3_L-Serine,11
16.75,G3_L-Serine,11
17.0,G3_L-Serine,15
17.25,G3_L-Serine,11
17.5,G3_L-Serine,14
17.75,G3_L-Serine,13
18.0,G3_L-Serine,15
18.25,G3_L-Serine,15
18.5,G3_L-Serine,13
18.75,G3_L-Serine,13
19.0,G3_L-Serine,13
19.25,G3_L-Serine,17
19.5,G3_L-Serine,11
19.75,G3_L-Serine,17
20.0,G3_L-Serine,14
20.25,G3_L-Serine,16
20.5,G3_L-Serine,11
20.75,G3_L-Serine,12
21.0,G3_L-Serine,18
21.25,G3_L-Serine,14
21.5,G3_L-Serine,15
21.75,G3_L-Serine,13
22.0,G3_L-Serine,17
22.25,G3_L-Serine,19
22.5,G3_L-Serine,14
22.75,G3_L-Serine,17
23.0,G3_L-Serine,13
23.25,G3_L-Serine,14
23.5,G3_L-Serine,20
23.75,G3_L-Serine,16
24.0,G3_L-Serine,15
24.25,G3_L-Serine,15
24.5,G3_L-Serine,17
24.75,G3_L-Serine,18
25.0,G3_L-Serine,18
25.25,G3_L-Serine,18
25.5,G3_L-Serine,16
25.75,G3_L-Serine,15
26.0,G3_L-Serine,19
26.25,G3_L-Serine,18
26.5,G3_L-Serine,20
26.75,G3_L-Serine,17
27.0,G3_L-Serine,18
27.25,G3_L-Serine,18
27.5,G3_L-Serine,13
27.75,G3_L-Serine,15
28.0,G3_L-Serine,18
28.25,G3_L-Serine,16
28.5,G3_L-Serine,22
28.75,G3_L-Serine,16
29.0,G3_L-Serine,14
29.25,G3_L-Serine,18
29.5,G3_L-Serine,14
29.75,G3_L-Serine,16
30.0,G3_L-Serine,17
30.25,G3_L-Serine,16
30.5,G3_L-Serine,20
30.75,G3_L-Serine,15
31.0,G3_L-Serine,18
31.25,G3_L-Serine,17
31.5,G3_L-Serine,20
31.75,G3_L-Serine,19
32.0,G3_L-Serine,16
32.25,G3_L-Serine,16
32.5,G3_L-Serine,20
32.75,G3_L-Serine,14
33.0,G3_L-Serine,17
33.25,G3_L-Serine,15
33.5,G3_L-Serine,17
33.75,G3_L-Serine,14
34.0,G3_L-Serine,16
34.25,G3_L-Serine,14
34.5,G3_L-Serine,17
34.75,G3_L-Serine,13
35.0,G3_L-Serine,16
35.25,G3_L-Serine,18
35.5,G3_L-Serine,12
35.75,G3_L-Serine,16
36.0,G3_L-Serine,16
36.25,G3_L-Serine,19
36.5,G3_L-Serine,17
36.75,G3_L-Serine,19
37.0,G3_L-Serine,13
37.25,G3_L-Serine,18
37.5,G3_L-Serine,20
37.75,G3_L-Serine,13
38.0,G3_L-Serine,15
38.25,G3_L-Serine,16
38.5,G3_L-Serine,15
38.75,G3_L-Serine,19
39.0,G3_L-Serine,23
39.25,G3_L-Serine,18
39.5,G3_L-Serine,14
39.75,G3_L-Serine,20
40.0,G3_L-Serine,19
40.25,G3_L-Serine,16
40.5,G3_L-Serine,16
40.75,G3_L-Serine,18
41.0,G3_L-Serine,16
41.25,G3_L-Serine,15
41.5,G3_L-Serine,22
41.75,G3_L-Serine,19
42.0,G3_L-Serine,13
42.25,G3_L-Serine,14
42.5,G3_L-Serine,16
42.75,G3_L-Serine,21
43.0,G3_L-Serine,16
43.25,G3_L-Serine,16
43.5,G3_L-Serine,19
43.75,G3_L-Serine,18
44.0,G3_L-Serine,19
44.25,G3_L-Serine,15
44.5,G3_L-Serine,18
44.75,G3_L-Serine,16
45.0,G3_L-Serine,11
45.25,G3_L-Serine,19
45.5,G3_L-Serine,15
45.75,G3_L-Serine,14
46.0,G3_L-Serine,15
46.25,G3_L-Serine,17
46.5,G3_L-Serine,19
46.75,G3_L-Serine,16
47.0,G3_L-Serine,21
47.25,G3_L-Serine,20
47.5,G3_L-Serine,15
47.75,G3_L-Serine,17
48.0,G3_L-Serine,16
48.25,G3_L-Serine,20
0.0,G4_L-Threonine,11
0.25,G4_L-Threonine,11
0.5,G4_L-Threonine,11
0.75,G4_L-Threonine,11
1.0,G4_L-Threonine,11
1.25,G4_L-Threonine,11
1.5,G4_L-Threonine,11
1.75,G4_L-Threonine,11
2.0,G4_L-Threonine,11
2.25,G4_L-Threonine,11
2.5,G4_L-Threonine,11
2.75,G4_L-Threonine,11
3.0,G4_L-Threonine,11
3.25,G4_L-Threonine,11
3.5,G4_L-Threonine,11
3.75,G4_L-Threonine,11
4.0,G4_L-Threonine,11
4.25,G4_L-Threonine,11
4.5,G4_L-Threonine,11
4.75,G4_L-Threonine,11
5.0,G4_L-Threonine,11
5.25,G4_L-Threonine,11
5.5,G4_L-Threonine,11
5.75,G4_L-Threonine,11
6.0,G4_L-Threonine,11
6.25,G4_L-Threonine,11
6.5,G4_L-Threonine,11
6.75,G4_L-Threonine,11
7.0,G4_L-Threonine,11
7.25,G4_L-Threonine,11
7.5,G4_L-Threonine,11
7.75,G4_L-Threonine,11
8.0,G4_L-Threonine,12
8.25,G4_L-Threonine,11
8.5,G4_L-Threonine,11
8.75,G4_L-Threonine,11
9.0,G4_L-Threonine,11
9.25,G4_L-Threonine,11
9.5,G4_L-Threonine,11
9.75,G4_L-Threonine,11
10.0,G4_L-Threonine,11
10.25,G4_L-Threonine,11
10.5,G4_L-Threonine,11
10.75,G4_L-Threonine,15
11.0,G4_L-Threonine,11
11.25,G4_L-Threonine,11
11.5,G4_L-Threonine,11
11.75,G4_L-Threonine,11
12.0,G4_L-Threonine,12
12.25,G4_L-Threonine,17
12.5,G4_L-Threonine,14
12.75,G4_L-Threonine,14
13.0,G4_L-Threonine,11
13.25,G4_L-Threonine,11
13.5,G4_L-Threonine,11
13.75,G4_L-Threonine,14
14.0,G4_L-Threonine,12
14.25,G4_L-Threonine,13
14.5,G4_L-Threonine,13
14.75,G4_L-Threonine,16
15.0,G4_L-Threonine,17
15.25,G4_L-Threonine,12
15.5,G4_L-Threonine,14
15.75,G4_L-Threonine,15
16.0,G4_L-Threonine,16
16.25,G4_L-Threonine,11
16.5,G4_L-Threonine,16
16.75,G4_L-Threonine,14
17.0,G4_L-Threonine,19
17.25,G4_L-Threonine,17
17.5,G4_L-Threonine,15
17.75,G4_L-Threonine,15
18.0,G4_L-Threonine,19
18.25,G4_L-Threonine,20
18.5,G4_L-Threonine,15
18.75,G4_L-Threonine,22
19.0,G4_L-Threonine,22
19.25,G4_L-Threonine,20
19.5,G4_L-Threonine,19
19.75,G4_L-Threonine,16
20.0,G4_L-Threonine,21
20.25,G4_L-Threonine,21
20.5,G4_L-Threonine,17
20.75,G4_L-Threonine,22
21.0,G4_L-Threonine,22
21.25,G4_L-Threonine,19
21.5,G4_L-Threonine,18
21.75,G4_L-Threonine,19
22.0,G4_L-Threonine,20
22.25,G4_L-Threonine,22
22.5,G4_L-Threonine,21
22.75,G4_L-Threonine,22
23.0,G4_L-Threonine,20
23.25,G4_L-Threonine,19
23.5,G4_L-Threonine,24
23.75,G4_L-Threonine,21
24.0,G4_L-Threonine,21
24.25,G4_L-Threonine,22
24.5,G4_L-Threonine,20
24.75,G4_L-Threonine,23
25.0,G4_L-Threonine,21
25.25,G4_L-Threonine,23
25.5,G4_L-Threonine,25
25.75,G4_L-Threonine,21
26.0,G4_L-Threonine,22
26.25,G4_L-Threonine,21
26.5,G4_L-Threonine,23
26.75,G4_L-Threonine,24
27.0,G4_L-Threonine,25
27.25,G4_L-Threonine,23
27.5,G4_L-Threonine,25
27.75,G4_L-Threonine,23
28.0,G4_L-Threonine,21
28.25,G4_L-Threonine,25
28.5,G4_L-Threonine,24
28.75,G4_L-Threonine,21
29.0,G4_L-Threonine,22
29.25,G4_L-Threonine,26
29.5,G4_L-Threonine,25
29.75,G4_L-Threonine,26
30.0,G4_L-Threonine,26
30.25,G4_L-Threonine,23
30.5,G4_L-Threonine,25
30.75,G4_L-Threonine,24
31.0,G4_L-Threonine,24
31.25,G4_L-Threonine,23
31.5,G4_L-Threonine,24
31.75,G4_L-Threonine,24
32.0,G4_L-Threonine,25
32.25,G4_L-Threonine,28
32.5,G4_L-Threonine,27
32.75,G4_L-Threonine,26
33.0,G4_L-Threonine,24
33.25,G4_L-Threonine,24
33.5,G4_L-Threonine,24
33.75,G4_L-Threonine,30
34.0,G4_L-Threonine,23
34.25,G4_L-Threonine,20
34.5,G4_L-Threonine,26
34.75,G4_L-Threonine,25
35.0,G4_L-Threonine,26
35.25,G4_L-Threonine,28
35.5,G4_L-Threonine,27
35.75,G4_L-Threonine,23
36.0,G4_L-Threonine,25
36.25,G4_L-Threonine,25
36.5,G4_L-Threonine,23
36.75,G4_L-Threonine,26
37.0,G4_L-Threonine,28
37.25,G4_L-Threonine,27
37.5,G4_L-Threonine,26
37.75,G4_L-Threonine,23
38.0,G4_L-Threonine,28
38.25,G4_L-Threonine,24
38.5,G4_L-Threonine,24
38.75,G4_L-Threonine,26
39.0,G4_L-Threonine,27
39.25,G4_L-Threonine,30
39.5,G4_L-Threonine,26
39.75,G4_L-Threonine,27
40.0,G4_L-Threonine,24
40.25,G4_L-Threonine,26
40.5,G4_L-Threonine,27
40.75,G4_L-Threonine,30
41.0,G4_L-Threonine,30
41.25,G4_L-Threonine,27
41.5,G4_L-Threonine,28
41.75,G4_L-Threonine,30
42.0,G4_L-Threonine,31
42.25,G4_L-Threonine,29
42.5,G4_L-Threonine,31
42.75,G4_L-Threonine,31
43.0,G4_L-Threonine,29
43.25,G4_L-Threonine,27
43.5,G4_L-Threonine,27
43.75,G4_L-Threonine,31
44.0,G4_L-Threonine,31
44.25,G4_L-Threonine,27
44.5,G4_L-Threonine,28
44.75,G4_L-Threonine,28
45.0,G4_L-Threonine,28
45.25,G4_L-Threonine,26
45.5,G4_L-Threonine,31
45.75,G4_L-Threonine,30
46.0,G4_L-Threonine,28
46.25,G4_L-Threonine,31
46.5,G4_L-Threonine,30
46.75,G4_L-Threonine,31
47.0,G4_L-Threonine,27
47.25,G4_L-Threonine,28
47.5,G4_L-Threonine,33
47.75,G4_L-Threonine,31
48.0,G4_L-Threonine,28
48.25,G4_L-Threonine,30
0.0,G5_L-Alanine,11
0.25,G5_L-Alanine,11
0.5,G5_L-Alanine,11
0.75,G5_L-Alanine,11
1.0,G5_L-Alanine,11
1.25,G5_L-Alanine,11
1.5,G5_L-Alanine,11
1.75,G5_L-Alanine,11
2.0,G5_L-Alanine,11
2.25,G5_L-Alanine,11
2.5,G5_L-Alanine,11
2.75,G5_L-Alanine,11
3.0,G5_L-Alanine,11
3.25,G5_L-Alanine,11
3.5,G5_L-Alanine,11
3.75,G5_L-Alanine,11
4.0,G5_L-Alanine,11
4.25,G5_L-Alanine,11
4.5,G5_L-Alanine,11
4.75,G5_L-Alanine,11
5.0,G5_L-Alanine,11
5.25,G5_L-Alanine,11
5.5,G5_L-Alanine,11
5.75,G5_L-Alanine,11
6.0,G5_L-Alanine,11
6.25,G5_L-Alanine,11
6.5,G5_L-Alanine,11
6.75,G5_L-Alanine,11
7.0,G5_L-Alanine,11
7.25,G5_L-Alanine,11
7.5,G5_L-Alanine,11
7.75,G5_L-Alanine,11
8.0,G5_L-Alanine,11
8.25,G5_L-Alanine,11
8.5,G5_L-Alanine,11
8.75,G5_L-Alanine,11
9.0,G5_L-Alanine,11
9.25,G5_L-Alanine,11
9.5,G5_L-Alanine,11
9.75,G5_L-Alanine,11
10.0,G5_L-Alanine,11
10.25,G5_L-Alanine,11
10.5,G5_L-Alanine,11
10.75,G5_L-Alanine,11
11.0,G5_L-Alanine,11
11.25,G5_L-Alanine,11
11.5,G5_L-Alanine,11
11.75,G5_L-Alanine,11
12.0,G5_L-Alanine,11
12.25,G5_L-Alanine,11
12.5,G5_L-Alanine,11
12.75,G5_L-Alanine,11
13.0,G5_L-Alanine,11
13.25,G5_L-Alanine,11
13.5,G5_L-Alanine,11
13.75,G5_L-Alanine,11
14.0,G5_L-Alanine,11
14.25,G5_L-Alanine,11
14.5,G5_L-Alanine,11
14.75,G5_L-Alanine,14
15.0,G5_L-Alanine,11
15.25,G5_L-Alanine,11
15.5,G5_L-Alanine,11
15.75,G5_L-Alanine,11
16.0,G5_L-Alanine,11
16.25,G5_L-Alanine,12
16.5,G5_L-Alanine,14
16.75,G5_L-Alanine,11
17.0,G5_L-Alanine,12
17.25,G5_L-Alanine,12
17.5,G5_L-Alanine,11
17.75,G5_L-Alanine,12
18.0,G5_L-Alanine,11
18.25,G5_L-Alanine,11
18.5,G5_L-Alanine,12
18.75,G5_L-Alanine,16
19.0,G5_L-Alanine,15
19.25,G5_L-Alanine,14
19.5,G5_L-Alanine,11
19.75,G5_L-Alanine,11
20.0,G5_L-Alanine,15
20.25,G5_L-Alanine,13
20.5,G5_L-Alanine,14
20.75,G5_L-Alanine,15
21.0,G5_L-Alanine,12
21.25,G5_L-Alanine,16
21.5,G5_L-Alanine,16
21.75,G5_L-Alanine,12
22.0,G5_L-Alanine,15
22.25,G5_L-Alanine,15
22.5,G5_L-Alanine,15
22.75,G5_L-Alanine,19
23.0,G5_L-Alanine,16
23.25,G5_L-Alanine,13
23.5,G5_L-Alanine,16
23.75,G5_L-Alanine,13
24.0,G5_L-Alanine,17
24.25,G5_L-Alanine,17
24.5,G5_L-Alanine,16
24.75,G5_L-Alanine,20
25.0,G5_L-Alanine,18
25.25,G5_L-Alanine,17
25.5,G5_L-Alanine,18
25.75,G5_L-Alanine,18
26.0,G5_L-Alanine,15
26.25,G5_L-Alanine,15
26.5,G5_L-Alanine,15
26.75,G5_L-Alanine,14
27.0,G5_L-Alanine,16
27.25,G5_L-Alanine,17
27.5,G5_L-Alanine,17
27.75,G5_L-Alanine,18
28.0,G5_L-Alanine,14
28.25,G5_L-Alanine,17
28.5,G5_L-Alanine,23
28.75,G5_L-Alanine,19
29.0,G5_L-Alanine,17
29.25,G5_L-Alanine,16
29.5,G5_L-Alanine,21
29.75,G5_L-Alanine,20
30.0,G5_L-Alanine,18
30.25,G5_L-Alanine,22
30.5,G5_L-Alanine,18
30.75,G5_L-Alanine,22
31.0,G5_L-Alanine,19
31.25,G5_L-Alanine,22
31.5,G5_L-Alanine,24
31.75,G5_L-Alanine,25
32.0,G5_L-Alanine,23
32.25,G5_L-Alanine,24
32.5,G5_L-Alanine,23
32.75,G5_L-Alanine,20
33.0,G5_L-Alanine,21
33.25,G5_L-Alanine,18
33.5,G5_L-Alanine,20
33.75,G5_L-Alanine,22
34.0,G5_L-Alanine,24
34.25,G5_L-Alanine,27
34.5,G5_L-Alanine,22
34.75,G5_L-Alanine,21
35.0,G5_L-Alanine,23
35.25,G5_L-Alanine,24
35.5,G5_L-Alanine,20
35.75,G5_L-Alanine,27
36.0,G5_L-Alanine,26
36.25,G5_L-Alanine,24
36.5,G5_L-Alanine,22
36.75,G5_L-Alanine,27
37.0,G5_L-Alanine,25
37.25,G5_L-Alanine,18
37.5,G5_L-Alanine,23
37.75,G5_L-Alanine,26
38.0,G5_L-Alanine,23
38.25,G5_L-Alanine,30
38.5,G5_L-Alanine,25
38.75,G5_L-Alanine,23
39.0,G5_L-Alanine,27
39.25,G5_L-Alanine,24
39.5,G5_L-Alanine,25
39.75,G5_L-Alanine,24
40.0,G5_L-Alanine,26
40.25,G5_L-Alanine,29
40.5,G5_L-Alanine,23
40.75,G5_L-Alanine,24
41.0,G5_L-Alanine,25
41.25,G5_L-Alanine,26
41.5,G5_L-Alanine,26
41.75,G5_L-Alanine,30
42.0,G5_L-Alanine,29
42.25,G5_L-Alanine,26
42.5,G5_L-Alanine,26
42.75,G5_L-Alanine,33
43.0,G5_L-Alanine,29
43.25,G5_L-Alanine,29
43.5,G5_L-Alanine,30
43.75,G5_L-Alanine,27
44.0,G5_L-Alanine,34
44.25,G5_L-Alanine,31
44.5,G5_L-Alanine,30
44.75,G5_L-Alanine,31
45.0,G5_L-Alanine,32
45.25,G5_L-Alanine,31
45.5,G5_L-Alanine,28
45.75,G5_L-Alanine,30
46.0,G5_L-Alanine,32
46.25,G5_L-Alanine,33
46.5,G5_L-Alanine,30
46.75,G5_L-Alanine,34
47.0,G5_L-Alanine,32
47.25,G5_L-Alanine,33
47.5,G5_L-Alanine,32
47.75,G5_L-Alanine,30
48.0,G5_L-Alanine,36
48.25,G5_L-Alanine,33
0.0,G6_L-Alanyl-Glycine,11
0.25,G6_L-Alanyl-Glycine,11
0.5,G6_L-Alanyl-Glycine,11
0.75,G6_L-Alanyl-Glycine,11
1.0,G6_L-Alanyl-Glycine,11
1.25,G6_L-Alanyl-Glycine,11
1.5,G6_L-Alanyl-Glycine,11
1.75,G6_L-Alanyl-Glycine,11
2.0,G6_L-Alanyl-Glycine,11
2.25,G6_L-Alanyl-Glycine,11
2.5,G6_L-Alanyl-Glycine,11
2.75,G6_L-Alanyl-Glycine,11
3.0,G6_L-Alanyl-Glycine,11
3.25,G6_L-Alanyl-Glycine,11
3.5,G6_L-Alanyl-Glycine,11
3.75,G6_L-Alanyl-Glycine,11
4.0,G6_L-Alanyl-Glycine,11
4.25,G6_L-Alanyl-Glycine,11
4.5,G6_L-Alanyl-Glycine,11
4.75,G6_L-Alanyl-Glycine,11
5.0,G6_L-Alanyl-Glycine,11
5.25,G6_L-Alanyl-Glycine,11
5.5,G6_L-Alanyl-Glycine,11
5.75,G6_L-Alanyl-Glycine,11
6.0,G6_L-Alanyl-Glycine,11
6.25,G6_L-Alanyl-Glycine,11
6.5,G6_L-Alanyl-Glycine,11
6.75,G6_L-Alanyl-Glycine,11
7.0,G6_L-Alanyl-Glycine,11
7.25,G6_L-Alanyl-Glycine,11
7.5,G6_L-Alanyl-Glycine,11
7.75,G6_L-Alanyl-Glycine,11
8.0,G6_L-Alanyl-Glycine,11
8.25,G6_L-Alanyl-Glycine,11
8.5,G6_L-Alanyl-Glycine,11
8.75,G6_L-Alanyl-Glycine,11
9.0,G6_L-Alanyl-Glycine,11
9.25,G6_L-Alanyl-Glycine,11
9.5,G6_L-Alanyl-Glycine,11
9.75,G6_L-Alanyl-Glycine,11
10.0,G6_L-Alanyl-Glycine,11
10.25,G6_L-Alanyl-Glycine,11
10.5,G6_L-Alanyl-Glycine,11
10.75,G6_L-Alanyl-Glycine,12
11.0,G6_L-Alanyl-Glycine,11
11.25,G6_L-Alanyl-Glycine,11
11.5,G6_L-Alanyl-Glycine,11
11.75,G6_L-Alanyl-Glycine,11
12.0,G6_L-Alanyl-Glycine,11
12.25,G6_L-Alanyl-Glycine,13
12.5,G6_L-Alanyl-Glycine,12
12.75,G6_L-Alanyl-Glycine,11
13.0,G6_L-Alanyl-Glycine,12
13.25,G6_L-Alanyl-Glycine,14
13.5,G6_L-Alanyl-Glycine,11
13.75,G6_L-Alanyl-Glycine,11
14.0,G6_L-Alanyl-Glycine,11
14.25,G6_L-Alanyl-Glycine,11
14.5,G6_L-Alanyl-Glycine,11
14.75,G6_L-Alanyl-Glycine,11
15.0,G6_L-Alanyl-Glycine,14
15.25,G6_L-Alanyl-Glycine,13
15.5,G6_L-Alanyl-Glycine,14
15.75,G6_L-Alanyl-Glycine,14
16.0,G6_L-Alanyl-Glycine,12
16.25,G6_L-Alanyl-Glycine,12
16.5,G6_L-Alanyl-Glycine,16
16.75,G6_L-Alanyl-Glycine,11
17.0,G6_L-Alanyl-Glycine,13
17.25,G6_L-Alanyl-Glycine,15
17.5,G6_L-Alanyl-Glycine,16
17.75,G6_L-Alanyl-Glycine,15
18.0,G6_L-Alanyl-Glycine,17
18.25,G6_L-Alanyl-Glycine,15
18.5,G6_L-Alanyl-Glycine,15
18.75,G6_L-Alanyl-Glycine,16
19.0,G6_L-Alanyl-Glycine,14
19.25,G6_L-Alanyl-Glycine,15
19.5,G6_L-Alanyl-Glycine,15
19.75,G6_L-Alanyl-Glycine,16
20.0,G6_L-Alanyl-Glycine,19
20.25,G6_L-Alanyl-Glycine,14
20.5,G6_L-Alanyl-Glycine,17
20.75,G6_L-Alanyl-Glycine,17
21.0,G6_L-Alanyl-Glycine,17
21.25,G6_L-Alanyl-Glycine,18
21.5,G6_L-Alanyl-Glycine,18
21.75,G6_L-Alanyl-Glycine,17
22.0,G6_L-Alanyl-Glycine,20
22.25,G6_L-Alanyl-Glycine,19
22.5,G6_L-Alanyl-Glycine,21
22.75,G6_L-Alanyl-Glycine,17
23.0,G6_L-Alanyl-Glycine,21
23.25,G6_L-Alanyl-Glycine,20
23.5,G6_L-Alanyl-Glycine,23
23.75,G6_L-Alanyl-Glycine,23
24.0,G6_L-Alanyl-Glycine,21
24.25,G6_L-Alanyl-Glycine,24
24.5,G6_L-Alanyl-Glycine,20
24.75,G6_L-Alanyl-Glycine,21
25.0,G6_L-Alanyl-Glycine,23
25.25,G6_L-Alanyl-Glycine,20
25.5,G6_L-Alanyl-Glycine,22
25.75,G6_L-Alanyl-Glycine,22
26.0,G6_L-Alanyl-Glycine,22
26.25,G6_L-Alanyl-Glycine,23
26.5,G6_L-Alanyl-Glycine,24
26.75,G6_L-Alanyl-Glycine,25
27.0,G6_L-Alanyl-Glycine,23
27.25,G6_L-Alanyl-Glycine,24
27.5,G6_L-Alanyl-Glycine,23
27.75,G6_L-Alanyl-Glycine,27
28.0,G6_L-Alanyl-Glycine,22
28.25,G6_L-Alanyl-Glycine,24
28.5,G6_L-Alanyl-Glycine,28
28.75,G6_L-Alanyl-Glycine,33
29.0,G6_L-Alanyl-Glycine,28
29.25,G6_L-Alanyl-Glycine,24
29.5,G6_L-Alanyl-Glycine,29
29.75,G6_L-Alanyl-Glycine,28
30.0,G6_L-Alanyl-Glycine,27
30.25,G6_L-Alanyl-Glycine,27
30.5,G6_L-Alanyl-Glycine,31
30.75,G6_L-Alanyl-Glycine,30
31.0,G6_L-Alanyl-Glycine,28
31.25,G6_L-Alanyl-Glycine,28
31.5,G6_L-Alanyl-Glycine,34
31.75,G6_L-Alanyl-Glycine,34
32.0,G6_L-Alanyl-Glycine,31
32.25,G6_L-Alanyl-Glycine,29
32.5,G6_L-Alanyl-Glycine,34
32.75,G6_L-Alanyl-Glycine,32
33.0,G6_L-Alanyl-Glycine,34
33.25,G6_L-Alanyl-Glycine,32
33.5,G6_L-Alanyl-Glycine,33
33.75,G6_L-Alanyl-Glycine,31
34.0,G6_L-Alanyl-Glycine,35
34.25,G6_L-Alanyl-Glycine,33
34.5,G6_L-Alanyl-Glycine,37
34.75,G6_L-Alanyl-Glycine,35
35.0,G6_L-Alanyl-Glycine,35
35.25,G6_L-Alanyl-Glycine,36
35.5,G6_L-Alanyl-Glycine,32
35.75,G6_L-Alanyl-Glycine,34
36.0,G6_L-Alanyl-Glycine,35
36.25,G6_L-Alanyl-Glycine,38
36.5,G6_L-Alanyl-Glycine,37
36.75,G6_L-Alanyl-Glycine,38
37.0,G6_L-Alanyl-Glycine,36
37.25,G6_L-Alanyl-Glycine,37
37.5,G6_L-Alanyl-Glycine,37
37.75,G6_L-Alanyl-Glycine,37
38.0,G6_L-Alanyl-Glycine,40
38.25,G6_L-Alanyl-Glycine,44
38.5,G6_L-Alanyl-Glycine,35
38.75,G6_L-Alanyl-Glycine,39
39.0,G6_L-Alanyl-Glycine,40
39.25,G6_L-Alanyl-Glycine,42
39.5,G6_L-Alanyl-Glycine,41
39.75,G6_L-Alanyl-Glycine,37
40.0,G6_L-Alanyl-Glycine,41
40.25,G6_L-Alanyl-Glycine,37
40.5,G6_L-Alanyl-Glycine,42
40.75,G6_L-Alanyl-Glycine,40
41.0,G6_L-Alanyl-Glycine,43
41.25,G6_L-Alanyl-Glycine,42
41.5,G6_L-Alanyl-Glycine,41
41.75,G6_L-Alanyl-Glycine,44
42.0,G6_L-Alanyl-Glycine,39
42.25,G6_L-Alanyl-Glycine,43
42.5,G6_L-Alanyl-Glycine,44
42.75,G6_L-Alanyl-Glycine,43
43.0,G6_L-Alanyl-Glycine,42
43.25,G6_L-Alanyl-Glycine,43
43.5,G6_L-Alanyl-Glycine,49
43.75,G6_L-Alanyl-Glycine,45
44.0,G6_L-Alanyl-Glycine,49
44.25,G6_L-Alanyl-Glycine,43
44.5,G6_L-Alanyl-Glycine,49
44.75,G6_L-Alanyl-Glycine,48
45.0,G6_L-Alanyl-Glycine,46
45.25,G6_L-Alanyl-Glycine,48
45.5,G6_L-Alanyl-Glycine,48
45.75,G6_L-Alanyl-Glycine,49
46.0,G6_L-Alanyl-Glycine,51
46.25,G6_L-Alanyl-Glycine,52
46.5,G6_L-Alanyl-Glycine,50
46.75,G6_L-Alanyl-Glycine,51
47.0,G6_L-Alanyl-Glycine,50
47.25,G6_L-Alanyl-Glycine,51
47.5,G6_L-Alanyl-Glycine,52
47.75,G6_L-Alanyl-Glycine,52
48.0,G6_L-Alanyl-Glycine,52
48.25,G6_L-Alanyl-Glycine,50
0.0,G7_Acetoacetic_Acid,11
0.25,G7_Acetoacetic_Acid,11
0.5,G7_Acetoacetic_Acid,11
0.75,G7_Acetoacetic_Acid,11
1.0,G7_Acetoacetic_Acid,11
1.25,G7_Acetoacetic_Acid,11
1.5,G7_Acetoacetic_Acid,11
1.75,G7_Acetoacetic_Acid,11
2.0,G7_Acetoacetic_Acid,11
2.25,G7_Acetoacetic_Acid,11
2.5,G7_Acetoacetic_Acid,11
2.75,G7_Acetoacetic_Acid,11
3.0,G7_Acetoacetic_Acid,11
3.25,G7_Acetoacetic_Acid,11
3.5,G7_Acetoacetic_Acid,11
3.75,G7_Acetoacetic_Acid,11
4.0,G7_Acetoacetic_Acid,11
4.25,G7_Acetoacetic_Acid,11
4.5,G7_Acetoacetic_Acid,11
4.75,G7_Acetoacetic_Acid,11
5.0,G7_Acetoacetic_Acid,11
5.25,G7_Acetoacetic_Acid,11
5.5,G7_Acetoacetic_Acid,11
5.75,G7_Acetoacetic_Acid,11
6.0,G7_Acetoacetic_Acid,11
6.25,G7_Acetoacetic_Acid,11
6.5,G7_Acetoacetic_Acid,11
6.75,G7_Acetoacetic_Acid,11
7.0,G7_Acetoacetic_Acid,11
7.25,G7_Acetoacetic_Acid,11
7.5,G7_Acetoacetic_Acid,11
7.75,G7_Acetoacetic_Acid,11
8.0,G7_Acetoacetic_Acid,11
8.25,G7_Acetoacetic_Acid,11
8.5,G7_Acetoacetic_Acid,11
8.75,G7_Acetoacetic_Acid,11
9.0,G7_Acetoacetic_Acid,11
9.25,G7_Acetoacetic_Acid,11
9.5,G7_Acetoacetic_Acid,11
9.75,G7_Acetoacetic_Acid,11
10.0,G7_Acetoacetic_Acid,11
10.25,G7_Acetoacetic_Acid,11
10.5,G7_Acetoacetic_Acid,11
10.75,G7_Acetoacetic_Acid,11
11.0,G7_Acetoacetic_Acid,11
11.25,G7_Acetoacetic_Acid,11
11.5,G7_Acetoacetic_Acid,11
11.75,G7_Acetoacetic_Acid,11
12.0,G7_Acetoacetic_Acid,11
12.25,G7_Acetoacetic_Acid,11
12.5,G7_Acetoacetic_Acid,11
12.75,G7_Acetoacetic_Acid,11
13.0,G7_Acetoacetic_Acid,11
13.25,G7_Acetoacetic_Acid,11
13.5,G7_Acetoacetic_Acid,11
13.75,G7_Acetoacetic_Acid,11
14.0,G7_Acetoacetic_Acid,11
14.25,G7_Acetoacetic_Acid,11
14.5,G7_Acetoacetic_Acid,11
14.75,G7_Acetoacetic_Acid,11
15.0,G7_Acetoacetic_Acid,11
15.25,G7_Acetoacetic_Acid,11
15.5,G7_Acetoacetic_Acid,11
15.75,G7_Acetoacetic_Acid,11
16.0,G7_Acetoacetic_Acid,11
16.25,G7_Acetoacetic_Acid,11
16.5,G7_Acetoacetic_Acid,11
16.75,G7_Acetoacetic_Acid,11
17.0,G7_Acetoacetic_Acid,16
17.25,G7_Acetoacetic_Acid,11
17.5,G7_Acetoacetic_Acid,11
17.75,G7_Acetoacetic_Acid,11
18.0,G7_Acetoacetic_Acid,11
18.25,G7_Acetoacetic_Acid,17
18.5,G7_Acetoacetic_Acid,11
18.75,G7_Acetoacetic_Acid,11
19.0,G7_Acetoacetic_Acid,15
19.25,G7_Acetoacetic_Acid,11
19.5,G7_Acetoacetic_Acid,14
19.75,G7_Acetoacetic_Acid,11
20.0,G7_Acetoacetic_Acid,13
20.25,G7_Acetoacetic_Acid,13
20.5,G7_Acetoacetic_Acid,11
20.75,G7_Acetoacetic_Acid,11
21.0,G7_Acetoacetic_Acid,13
21.25,G7_Acetoacetic_Acid,11
21.5,G7_Acetoacetic_Acid,14
21.75,G7_Acetoacetic_Acid,14
22.0,G7_Acetoacetic_Acid,11
22.25,G7_Acetoacetic_Acid,14
22.5,G7_Acetoacetic_Acid,15
22.75,G7_Acetoacetic_Acid,11
23.0,G7_Acetoacetic_Acid,16
23.25,G7_Acetoacetic_Acid,13
23.5,G7_Acetoacetic_Acid,12
23.75,G7_Acetoacetic_Acid,17
24.0,G7_Acetoacetic_Acid,15
24.25,G7_Acetoacetic_Acid,11
24.5,G7_Acetoacetic_Acid,15
24.75,G7_Acetoacetic_Acid,11
25.0,G7_Acetoacetic_Acid,15
25.25,G7_Acetoacetic_Acid,17
25.5,G7_Acetoacetic_Acid,17
25.75,G7_Acetoacetic_Acid,14
26.0,G7_Acetoacetic_Acid,18
26.25,G7_Acetoacetic_Acid,15
26.5,G7_Acetoacetic_Acid,18
26.75,G7_Acetoacetic_Acid,18
27.0,G7_Acetoacetic_Acid,16
27.25,G7_Acetoacetic_Acid,20
27.5,G7_Acetoacetic_Acid,22
27.75,G7_Acetoacetic_Acid,15
28.0,G7_Acetoacetic_Acid,24
28.25,G7_Acetoacetic_Acid,22
28.5,G7_Acetoacetic_Acid,16
28.75,G7_Acetoacetic_Acid,20
29.0,G7_Acetoacetic_Acid,16
29.25,G7_Acetoacetic_Acid,24
29.5,G7_Acetoacetic_Acid,15
29.75,G7_Acetoacetic_Acid,16
30.0,G7_Acetoacetic_Acid,15
30.25,G7_Acetoacetic_Acid,14
30.5,G7_Acetoacetic_Acid,18
30.75,G7_Acetoacetic_Acid,22
31.0,G7_Acetoacetic_Acid,19
31.25,G7_Acetoacetic_Acid,16
31.5,G7_Acetoacetic_Acid,24
31.75,G7_Acetoacetic_Acid,21
32.0,G7_Acetoacetic_Acid,24
32.25,G7_Acetoacetic_Acid,19
32.5,G7_Acetoacetic_Acid,26
32.75,G7_Acetoacetic_Acid,19
33.0,G7_Acetoacetic_Acid,21
33.25,G7_Acetoacetic_Acid,21
33.5,G7_Acetoacetic_Acid,22
33.75,G7_Acetoacetic_Acid,27
34.0,G7_Acetoacetic_Acid,21
34.25,G7_Acetoacetic_Acid,16
34.5,G7_Acetoacetic_Acid,22
34.75,G7_Acetoacetic_Acid,20
35.0,G7_Acetoacetic_Acid,25
35.25,G7_Acetoacetic_Acid,17
35.5,G7_Acetoacetic_Acid,23
35.75,G7_Acetoacetic_Acid,22
36.0,G7_Acetoacetic_Acid,22
36.25,G7_Acetoacetic_Acid,24
36.5,G7_Acetoacetic_Acid,21
36.75,G7_Acetoacetic_Acid,26
37.0,G7_Acetoacetic_Acid,21
37.25,G7_Acetoacetic_Acid,21
37.5,G7_Acetoacetic_Acid,24
37.75,G7_Acetoacetic_Acid,19
38.0,G7_Acetoacetic_Acid,22
38.25,G7_Acetoacetic_Acid,21
38.5,G7_Acetoacetic_Acid,19
38.75,G7_Acetoacetic_Acid,19
39.0,G7_Acetoacetic_Acid,26
39.25,G7_Acetoacetic_Acid,22
39.5,G7_Acetoacetic_Acid,28
39.75,G7_Acetoacetic_Acid,24
40.0,G7_Acetoacetic_Acid,27
40.25,G7_Acetoacetic_Acid,19
40.5,G7_Acetoacetic_Acid,27
40.75,G7_Acetoacetic_Acid,26
41.0,G7_Acetoacetic_Acid,18
41.25,G7_Acetoacetic_Acid,25
41.5,G7_Acetoacetic_Acid,23
41.75,G7_Acetoacetic_Acid,23
42.0,G7_Acetoacetic_Acid,25
42.25,G7_Acetoacetic_Acid,21
42.5,G7_Acetoacetic_Acid,25
42.75,G7_Acetoacetic_Acid,23
43.0,G7_Acetoacetic_Acid,25
43.25,G7_Acetoacetic_Acid,25
43.5,G7_Acetoacetic_Acid,18
43.75,G7_Acetoacetic_Acid,21
44.0,G7_Acetoacetic_Acid,24
44.25,G7_Acetoacetic_Acid,19
44.5,G7_Acetoacetic_Acid,18
44.75,G7_Acetoacetic_Acid,26
45.0,G7_Acetoacetic_Acid,23
45.25,G7_Acetoacetic_Acid,26
45.5,G7_Acetoacetic_Acid,27
45.75,G7_Acetoacetic_Acid,25
46.0,G7_Acetoacetic_Acid,24
46.25,G7_Acetoacetic_Acid,28
46.5,G7_Acetoacetic_Acid,32
46.75,G7_Acetoacetic_Acid,26
47.0,G7_Acetoacetic_Acid,26
47.25,G7_Acetoacetic_Acid,22
47.5,G7_Acetoacetic_Acid,23
47.75,G7_Acetoacetic_Acid,28
48.0,G7_Acetoacetic_Acid,22
48.25,G7_Acetoacetic_Acid,24
0.0,G8_N-Acetyl-B-D_Mannosamine,11
0.25,G8_N-Acetyl-B-D_Mannosamine,11
0.5,G8_N-Acetyl-B-D_Mannosamine,11
0.75,G8_N-Acetyl-B-D_Mannosamine,11
1.0,G8_N-Acetyl-B-D_Mannosamine,11
1.25,G8_N-Acetyl-B-D_Mannosamine,11
1.5,G8_N-Acetyl-B-D_Mannosamine,11
1.75,G8_N-Acetyl-B-D_Mannosamine,11
2.0,G8_N-Acetyl-B-D_Mannosamine,11
2.25,G8_N-Acetyl-B-D_Mannosamine,11
2.5,G8_N-Acetyl-B-D_Mannosamine,11
2.75,G8_N-Acetyl-B-D_Mannosamine,11
3.0,G8_N-Acetyl-B-D_Mannosamine,11
3.25,G8_N-Acetyl-B-D_Mannosamine,11
3.5,G8_N-Acetyl-B-D_Mannosamine,11
3.75,G8_N-Acetyl-B-D_Mannosamine,11
4.0,G8_N-Acetyl-B-D_Mannosamine,11
4.25,G8_N-Acetyl-B-D_Mannosamine,11
4.5,G8_N-Acetyl-B-D_Mannosamine,11
4.75,G8_N-Acetyl-B-D_Mannosamine,11
5.0,G8_N-Acetyl-B-D_Mannosamine,11
5.25,G8_N-Acetyl-B-D_Mannosamine,11
5.5,G8_N-Acetyl-B-D_Mannosamine,11
5.75,G8_N-Acetyl-B-D_Mannosamine,11
6.0,G8_N-Acetyl-B-D_Mannosamine,11
6.25,G8_N-Acetyl-B-D_Mannosamine,11
6.5,G8_N-Acetyl-B-D_Mannosamine,11
6.75,G8_N-Acetyl-B-D_Mannosamine,11
7.0,G8_N-Acetyl-B-D_Mannosamine,11
7.25,G8_N-Acetyl-B-D_Mannosamine,11
7.5,G8_N-Acetyl-B-D_Mannosamine,11
7.75,G8_N-Acetyl-B-D_Mannosamine,11
8.0,G8_N-Acetyl-B-D_Mannosamine,11
8.25,G8_N-Acetyl-B-D_Mannosamine,11
8.5,G8_N-Acetyl-B-D_Mannosamine,11
8.75,G8_N-Acetyl-B-D_Mannosamine,11
9.0,G8_N-Acetyl-B-D_Mannosamine,11
9.25,G8_N-Acetyl-B-D_Mannosamine,11
9.5,G8_N-Acetyl-B-D_Mannosamine,11
9.75,G8_N-Acetyl-B-D_Mannosamine,11
10.0,G8_N-Acetyl-B-D_Mannosamine,11
10.25,G8_N-Acetyl-B-D_Mannosamine,11
10.5,G8_N-Acetyl-B-D_Mannosamine,11
10.75,G8_N-Acetyl-B-D_Mannosamine,11
11.0,G8_N-Acetyl-B-D_Mannosamine,11
11.25,G8_N-Acetyl-B-D_Mannosamine,11
11.5,G8_N-Acetyl-B-D_Mannosamine,11
11.75,G8_N-Acetyl-B-D_Mannosamine,11
12.0,G8_N-Acetyl-B-D_Mannosamine,11
12.25,G8_N-Acetyl-B-D_Mannosamine,11
12.5,G8_N-Acetyl-B-D_Mannosamine,11
12.75,G8_N-Acetyl-B-D_Mannosamine,11
13.0,G8_N-Acetyl-B-D_Mannosamine,14
13.25,G8_N-Acetyl-B-D_Mannosamine,12
13.5,G8_N-Acetyl-B-D_Mannosamine,11
13.75,G8_N-Acetyl-B-D_Mannosamine,14
14.0,G8_N-Acetyl-B-D_Mannosamine,12
14.25,G8_N-Acetyl-B-D_Mannosamine,15
14.5,G8_N-Acetyl-B-D_Mannosamine,11
14.75,G8_N-Acetyl-B-D_Mannosamine,11
15.0,G8_N-Acetyl-B-D_Mannosamine,12
15.25,G8_N-Acetyl-B-D_Mannosamine,11
15.5,G8_N-Acetyl-B-D_Mannosamine,13
15.75,G8_N-Acetyl-B-D_Mannosamine,16
16.0,G8_N-Acetyl-B-D_Mannosamine,12
16.25,G8_N-Acetyl-B-D_Mannosamine,13
16.5,G8_N-Acetyl-B-D_Mannosamine,13
16.75,G8_N-Acetyl-B-D_Mannosamine,11
17.0,G8_N-Acetyl-B-D_Mannosamine,15
17.25,G8_N-Acetyl-B-D_Mannosamine,18
17.5,G8_N-Acetyl-B-D_Mannosamine,15
17.75,G8_N-Acetyl-B-D_Mannosamine,15
18.0,G8_N-Acetyl-B-D_Mannosamine,18
18.25,G8_N-Acetyl-B-D_Mannosamine,17
18.5,G8_N-Acetyl-B-D_Mannosamine,17
18.75,G8_N-Acetyl-B-D_Mannosamine,14
19.0,G8_N-Acetyl-B-D_Mannosamine,18
19.25,G8_N-Acetyl-B-D_Mannosamine,20
19.5,G8_N-Acetyl-B-D_Mannosamine,16
19.75,G8_N-Acetyl-B-D_Mannosamine,14
20.0,G8_N-Acetyl-B-D_Mannosamine,16
20.25,G8_N-Acetyl-B-D_Mannosamine,21
20.5,G8_N-Acetyl-B-D_Mannosamine,18
20.75,G8_N-Acetyl-B-D_Mannosamine,22
21.0,G8_N-Acetyl-B-D_Mannosamine,17
21.25,G8_N-Acetyl-B-D_Mannosamine,21
21.5,G8_N-Acetyl-B-D_Mannosamine,18
21.75,G8_N-Acetyl-B-D_Mannosamine,19
22.0,G8_N-Acetyl-B-D_Mannosamine,17
22.25,G8_N-Acetyl-B-D_Mannosamine,18
22.5,G8_N-Acetyl-B-D_Mannosamine,23
22.75,G8_N-Acetyl-B-D_Mannosamine,20
23.0,G8_N-Acetyl-B-D_Mannosamine,16
23.25,G8_N-Acetyl-B-D_Mannosamine,18
23.5,G8_N-Acetyl-B-D_Mannosamine,22
23.75,G8_N-Acetyl-B-D_Mannosamine,17
24.0,G8_N-Acetyl-B-D_Mannosamine,20
24.25,G8_N-Acetyl-B-D_Mannosamine,17
24.5,G8_N-Acetyl-B-D_Mannosamine,19
24.75,G8_N-Acetyl-B-D_Mannosamine,19
25.0,G8_N-Acetyl-B-D_Mannosamine,20
25.25,G8_N-Acetyl-B-D_Mannosamine,21
25.5,G8_N-Acetyl-B-D_Mannosamine,19
25.75,G8_N-Acetyl-B-D_Mannosamine,21
26.0,G8_N-Acetyl-B-D_Mannosamine,20
26.25,G8_N-Acetyl-B-D_Mannosamine,19
26.5,G8_N-Acetyl-B-D_Mannosamine,18
26.75,G8_N-Acetyl-B-D_Mannosamine,17
27.0,G8_N-Acetyl-B-D_Mannosamine,18
27.25,G8_N-Acetyl-B-D_Mannosamine,17
27.5,G8_N-Acetyl-B-D_Mannosamine,18
27.75,G8_N-Acetyl-B-D_Mannosamine,22
28.0,G8_N-Acetyl-B-D_Mannosamine,15
28.25,G8_N-Acetyl-B-D_Mannosamine,20
28.5,G8_N-Acetyl-B-D_Mannosamine,20
28.75,G8_N-Acetyl-B-D_Mannosamine,18
29.0,G8_N-Acetyl-B-D_Mannosamine,19
29.25,G8_N-Acetyl-B-D_Mannosamine,19
29.5,G8_N-Acetyl-B-D_Mannosamine,23
29.75,G8_N-Acetyl-B-D_Mannosamine,19
30.0,G8_N-Acetyl-B-D_Mannosamine,17
30.25,G8_N-Acetyl-B-D_Mannosamine,17
30.5,G8_N-Acetyl-B-D_Mannosamine,21
30.75,G8_N-Acetyl-B-D_Mannosamine,18
31.0,G8_N-Acetyl-B-D_Mannosamine,19
31.25,G8_N-Acetyl-B-D_Mannosamine,19
31.5,G8_N-Acetyl-B-D_Mannosamine,19
31.75,G8_N-Acetyl-B-D_Mannosamine,21
32.0,G8_N-Acetyl-B-D_Mannosamine,17
32.25,G8_N-Acetyl-B-D_Mannosamine,21
32.5,G8_N-Acetyl-B-D_Mannosamine,18
32.75,G8_N-Acetyl-B-D_Mannosamine,18
33.0,G8_N-Acetyl-B-D_Mannosamine,18
33.25,G8_N-Acetyl-B-D_Mannosamine,19
33.5,G8_N-Acetyl-B-D_Mannosamine,21
33.75,G8_N-Acetyl-B-D_Mannosamine,16
34.0,G8_N-Acetyl-B-D_Mannosamine,18
34.25,G8_N-Acetyl-B-D_Mannosamine,20
34.5,G8_N-Acetyl-B-D_Mannosamine,20
34.75,G8_N-Acetyl-B-D_Mannosamine,17
35.0,G8_N-Acetyl-B-D_Mannosamine,17
35.25,G8_N-Acetyl-B-D_Mannosamine,14
35.5,G8_N-Acetyl-B-D_Mannosamine,18
35.75,G8_N-Acetyl-B-D_Mannosamine,18
36.0,G8_N-Acetyl-B-D_Mannosamine,20
36.25,G8_N-Acetyl-B-D_Mannosamine,18
36.5,G8_N-Acetyl-B-D_Mannosamine,20
36.75,G8_N-Acetyl-B-D_Mannosamine,17
37.0,G8_N-Acetyl-B-D_Mannosamine,17
37.25,G8_N-Acetyl-B-D_Mannosamine,16
37.5,G8_N-Acetyl-B-D_Mannosamine,11
37.75,G8_N-Acetyl-B-D_Mannosamine,16
38.0,G8_N-Acetyl-B-D_Mannosamine,15
38.25,G8_N-Acetyl-B-D_Mannosamine,16
38.5,G8_N-Acetyl-B-D_Mannosamine,17
38.75,G8_N-Acetyl-B-D_Mannosamine,14
39.0,G8_N-Acetyl-B-D_Mannosamine,15
39.25,G8_N-Acetyl-B-D_Mannosamine,18
39.5,G8_N-Acetyl-B-D_Mannosamine,17
39.75,G8_N-Acetyl-B-D_Mannosamine,20
40.0,G8_N-Acetyl-B-D_Mannosamine,17
40.25,G8_N-Acetyl-B-D_Mannosamine,12
40.5,G8_N-Acetyl-B-D_Mannosamine,16
40.75,G8_N-Acetyl-B-D_Mannosamine,18
41.0,G8_N-Acetyl-B-D_Mannosamine,15
41.25,G8_N-Acetyl-B-D_Mannosamine,15
41.5,G8_N-Acetyl-B-D_Mannosamine,15
41.75,G8_N-Acetyl-B-D_Mannosamine,15
42.0,G8_N-Acetyl-B-D_Mannosamine,14
42.25,G8_N-Acetyl-B-D_Mannosamine,16
42.5,G8_N-Acetyl-B-D_Mannosamine,19
42.75,G8_N-Acetyl-B-D_Mannosamine,14
43.0,G8_N-Acetyl-B-D_Mannosamine,16
43.25,G8_N-Acetyl-B-D_Mannosamine,13
43.5,G8_N-Acetyl-B-D_Mannosamine,17
43.75,G8_N-Acetyl-B-D_Mannosamine,16
44.0,G8_N-Acetyl-B-D_Mannosamine,13
44.25,G8_N-Acetyl-B-D_Mannosamine,13
44.5,G8_N-Acetyl-B-D_Mannosamine,14
44.75,G8_N-Acetyl-B-D_Mannosamine,18
45.0,G8_N-Acetyl-B-D_Mannosamine,19
45.25,G8_N-Acetyl-B-D_Mannosamine,14
45.5,G8_N-Acetyl-B-D_Mannosamine,12
45.75,G8_N-Acetyl-B-D_Mannosamine,15
46.0,G8_N-Acetyl-B-D_Mannosamine,16
46.25,G8_N-Acetyl-B-D_Mannosamine,19
46.5,G8_N-Acetyl-B-D_Mannosamine,21
46.75,G8_N-Acetyl-B-D_Mannosamine,15
47.0,G8_N-Acetyl-B-D_Mannosamine,19
47.25,G8_N-Acetyl-B-D_Mannosamine,19
47.5,G8_N-Acetyl-B-D_Mannosamine,18
47.75,G8_N-Acetyl-B-D_Mannosamine,11
48.0,G8_N-Acetyl-B-D_Mannosamine,15
48.25,G8_N-Acetyl-B-D_Mannosamine,15
0.0,G9_Mono_Methyl_Succinate,11
0.25,G9_Mono_Methyl_Succinate,11
0.5,G9_Mono_Methyl_Succinate,11
0.75,G9_Mono_Methyl_Succinate,11
1.0,G9_Mono_Methyl_Succinate,11
1.25,G9_Mono_Methyl_Succinate,11
1.5,G9_Mono_Methyl_Succinate,11
1.75,G9_Mono_Methyl_Succinate,11
2.0,G9_Mono_Methyl_Succinate,11
2.25,G9_Mono_Methyl_Succinate,11
2.5,G9_Mono_Methyl_Succinate,11
2.75,G9_Mono_Methyl_Succinate,11
3.0,G9_Mono_Methyl_Succinate,11
3.25,G9_Mono_Methyl_Succinate,11
3.5,G9_Mono_Methyl_Succinate,11
3.75,G9_Mono_Methyl_Succinate,11
4.0,G9_Mono_Methyl_Succinate,11
4.25,G9_Mono_Methyl_Succinate,11
4.5,G9_Mono_Methyl_Succinate,11
4.75,G9_Mono_Methyl_Succinate,11
5.0,G9_Mono_Methyl_Succinate,11
5.25,G9_Mono_Methyl_Succinate,11
5.5,G9_Mono_Methyl_Succinate,11
5.75,G9_Mono_Methyl_Succinate,11
6.0,G9_Mono_Methyl_Succinate,11
6.25,G9_Mono_Methyl_Succinate,11
6.5,G9_Mono_Methyl_Succinate,11
6.75,G9_Mono_Methyl_Succinate,11
7.0,G9_Mono_Methyl_Succinate,11
7.25,G9_Mono_Methyl_Succinate,11
7.5,G9_Mono_Methyl_Succinate,11
7.75,G9_Mono_Methyl_Succinate,11
8.0,G9_Mono_Methyl_Succinate,11
8.25,G9_Mono_Methyl_Succinate,11
8.5,G9_Mono_Methyl_Succinate,11
8.75,G9_Mono_Methyl_Succinate,11
9.0,G9_Mono_Methyl_Succinate,11
9.25,G9_Mono_Methyl_Succinate,11
9.5,G9_Mono_Methyl_Succinate,11
9.75,G9_Mono_Methyl_Succinate,11
10.0,G9_Mono_Methyl_Succinate,11
10.25,G9_Mono_Methyl_Succinate,11
10.5,G9_Mono_Methyl_Succinate,11
10.75,G9_Mono_Methyl_Succinate,11
11.0,G9_Mono_Methyl_Succinate,11
11.25,G9_Mono_Methyl_Succinate,11
11.5,G9_Mono_Methyl_Succinate,11
11.75,G9_Mono_Methyl_Succinate,11
12.0,G9_Mono_Methyl_Succinate,11
12.25,G9_Mono_Methyl_Succinate,11
12.5,G9_Mono_Methyl_Succinate,11
12.75,G9_Mono_Methyl_Succinate,11
13.0,G9_Mono_Methyl_Succinate,11
13.25,G9_Mono_Methyl_Succinate,11
13.5,G9_Mono_Methyl_Succinate,11
13.75,G9_Mono_Methyl_Succinate,11
14.0,G9_Mono_Methyl_Succinate,11
14.25,G9_Mono_Methyl_Succinate,11
14.5,G9_Mono_Methyl_Succinate,11
14.75,G9_Mono_Methyl_Succinate,11
15.0,G9_Mono_Methyl_Succinate,11
15.25,G9_Mono_Methyl_Succinate,11
15.5,G9_Mono_Methyl_Succinate,11
15.75,G9_Mono_Methyl_Succinate,11
16.0,G9_Mono_Methyl_Succinate,11
16.25,G9_Mono_Methyl_Succinate,11
16.5,G9_Mono_Methyl_Succinate,11
16.75,G9_Mono_Methyl_Succinate,11
17.0,G9_Mono_Methyl_Succinate,11
17.25,G9_Mono_Methyl_Succinate,11
17.5,G9_Mono_Methyl_Succinate,12
17.75,G9_Mono_Methyl_Succinate,11
18.0,G9_Mono_Methyl_Succinate,11
18.25,G9_Mono_Methyl_Succinate,12
18.5,G9_Mono_Methyl_Succinate,11
18.75,G9_Mono_Methyl_Succinate,13
19.0,G9_Mono_Methyl_Succinate,12
19.25,G9_Mono_Methyl_Succinate,11
19.5,G9_Mono_Methyl_Succinate,12
19.75,G9_Mono_Methyl_Succinate,14
20.0,G9_Mono_Methyl_Succinate,13
20.25,G9_Mono_Methyl_Succinate,11
20.5,G9_Mono_Methyl_Succinate,13
20.75,G9_Mono_Methyl_Succinate,11
21.0,G9_Mono_Methyl_Succinate,11
21.25,G9_Mono_Methyl_Succinate,11
21.5,G9_Mono_Methyl_Succinate,17
21.75,G9_Mono_Methyl_Succinate,11
22.0,G9_Mono_Methyl_Succinate,11
22.25,G9_Mono_Methyl_Succinate,13
22.5,G9_Mono_Methyl_Succinate,13
22.75,G9_Mono_Methyl_Succinate,11
23.0,G9_Mono_Methyl_Succinate,11
23.25,G9_Mono_Methyl_Succinate,12
23.5,G9_Mono_Methyl_Succinate,11
23.75,G9_Mono_Methyl_Succinate,12
24.0,G9_Mono_Methyl_Succinate,14
24.25,G9_Mono_Methyl_Succinate,16
24.5,G9_Mono_Methyl_Succinate,11
24.75,G9_Mono_Methyl_Succinate,13
25.0,G9_Mono_Methyl_Succinate,14
25.25,G9_Mono_Methyl_Succinate,12
25.5,G9_Mono_Methyl_Succinate,12
25.75,G9_Mono_Methyl_Succinate,13
26.0,G9_Mono_Methyl_Succinate,14
26.25,G9_Mono_Methyl_Succinate,12
26.5,G9_Mono_Methyl_Succinate,15
26.75,G9_Mono_Methyl_Succinate,12
27.0,G9_Mono_Methyl_Succinate,13
27.25,G9_Mono_Methyl_Succinate,12
27.5,G9_Mono_Methyl_Succinate,13
27.75,G9_Mono_Methyl_Succinate,12
28.0,G9_Mono_Methyl_Succinate,14
28.25,G9_Mono_Methyl_Succinate,15
28.5,G9_Mono_Methyl_Succinate,16
28.75,G9_Mono_Methyl_Succinate,19
29.0,G9_Mono_Methyl_Succinate,16
29.25,G9_Mono_Methyl_Succinate,12
29.5,G9_Mono_Methyl_Succinate,14
29.75,G9_Mono_Methyl_Succinate,11
30.0,G9_Mono_Methyl_Succinate,13
30.25,G9_Mono_Methyl_Succinate,11
30.5,G9_Mono_Methyl_Succinate,12
30.75,G9_Mono_Methyl_Succinate,13
31.0,G9_Mono_Methyl_Succinate,11
31.25,G9_Mono_Methyl_Succinate,12
31.5,G9_Mono_Methyl_Succinate,16
31.75,G9_Mono_Methyl_Succinate,14
32.0,G9_Mono_Methyl_Succinate,17
32.25,G9_Mono_Methyl_Succinate,15
32.5,G9_Mono_Methyl_Succinate,14
32.75,G9_Mono_Methyl_Succinate,16
33.0,G9_Mono_Methyl_Succinate,13
33.25,G9_Mono_Methyl_Succinate,16
33.5,G9_Mono_Methyl_Succinate,15
33.75,G9_Mono_Methyl_Succinate,17
34.0,G9_Mono_Methyl_Succinate,13
34.25,G9_Mono_Methyl_Succinate,19
34.5,G9_Mono_Methyl_Succinate,17
34.75,G9_Mono_Methyl_Succinate,16
35.0,G9_Mono_Methyl_Succinate,15
35.25,G9_Mono_Methyl_Succinate,18
35.5,G9_Mono_Methyl_Succinate,14
35.75,G9_Mono_Methyl_Succinate,18
36.0,G9_Mono_Methyl_Succinate,18
36.25,G9_Mono_Methyl_Succinate,12
36.5,G9_Mono_Methyl_Succinate,18
36.75,G9_Mono_Methyl_Succinate,15
37.0,G9_Mono_Methyl_Succinate,14
37.25,G9_Mono_Methyl_Succinate,14
37.5,G9_Mono_Methyl_Succinate,17
37.75,G9_Mono_Methyl_Succinate,17
38.0,G9_Mono_Methyl_Succinate,19
38.25,G9_Mono_Methyl_Succinate,16
38.5,G9_Mono_Methyl_Succinate,17
38.75,G9_Mono_Methyl_Succinate,17
39.0,G9_Mono_Methyl_Succinate,20
39.25,G9_Mono_Methyl_Succinate,20
39.5,G9_Mono_Methyl_Succinate,17
39.75,G9_Mono_Methyl_Succinate,20
40.0,G9_Mono_Methyl_Succinate,19
40.25,G9_Mono_Methyl_Succinate,20
40.5,G9_Mono_Methyl_Succinate,20
40.75,G9_Mono_Methyl_Succinate,17
41.0,G9_Mono_Methyl_Succinate,21
41.25,G9_Mono_Methyl_Succinate,21
41.5,G9_Mono_Methyl_Succinate,19
41.75,G9_Mono_Methyl_Succinate,19
42.0,G9_Mono_Methyl_Succinate,18
42.25,G9_Mono_Methyl_Succinate,18
42.5,G9_Mono_Methyl_Succinate,22
42.75,G9_Mono_Methyl_Succinate,20
43.0,G9_Mono_Methyl_Succinate,22
43.25,G9_Mono_Methyl_Succinate,21
43.5,G9_Mono_Methyl_Succinate,24
43.75,G9_Mono_Methyl_Succinate,17
44.0,G9_Mono_Methyl_Succinate,21
44.25,G9_Mono_Methyl_Succinate,20
44.5,G9_Mono_Methyl_Succinate,17
44.75,G9_Mono_Methyl_Succinate,17
45.0,G9_Mono_Methyl_Succinate,18
45.25,G9_Mono_Methyl_Succinate,20
45.5,G9_Mono_Methyl_Succinate,19
45.75,G9_Mono_Methyl_Succinate,21
46.0,G9_Mono_Methyl_Succinate,18
46.25,G9_Mono_Methyl_Succinate,18
46.5,G9_Mono_Methyl_Succinate,19
46.75,G9_Mono_Methyl_Succinate,21
47.0,G9_Mono_Methyl_Succinate,25
47.25,G9_Mono_Methyl_Succinate,21
47.5,G9_Mono_Methyl_Succinate,23
47.75,G9_Mono_Methyl_Succinate,20
48.0,G9_Mono_Methyl_Succinate,20
48.25,G9_Mono_Methyl_Succinate,23
0.0,G10_Methyl_Pyruvate,11
0.25,G10_Methyl_Pyruvate,11
0.5,G10_Methyl_Pyruvate,11
0.75,G10_Methyl_Pyruvate,11
1.0,G10_Methyl_Pyruvate,12
1.25,G10_Methyl_Pyruvate,11
1.5,G10_Methyl_Pyruvate,11
1.75,G10_Methyl_Pyruvate,11
2.0,G10_Methyl_Pyruvate,11
2.25,G10_Methyl_Pyruvate,11
2.5,G10_Methyl_Pyruvate,11
2.75,G10_Methyl_Pyruvate,11
3.0,G10_Methyl_Pyruvate,11
3.25,G10_Methyl_Pyruvate,11
3.5,G10_Methyl_Pyruvate,11
3.75,G10_Methyl_Pyruvate,11
4.0,G10_Methyl_Pyruvate,11
4.25,G10_Methyl_Pyruvate,11
4.5,G10_Methyl_Pyruvate,11
4.75,G10_Methyl_Pyruvate,11
5.0,G10_Methyl_Pyruvate,11
5.25,G10_Methyl_Pyruvate,11
5.5,G10_Methyl_Pyruvate,11
5.75,G10_Methyl_Pyruvate,11
6.0,G10_Methyl_Pyruvate,11
6.25,G10_Methyl_Pyruvate,11
6.5,G10_Methyl_Pyruvate,11
6.75,G10_Methyl_Pyruvate,11
7.0,G10_Methyl_Pyruvate,11
7.25,G10_Methyl_Pyruvate,11
7.5,G10_Methyl_Pyruvate,11
7.75,G10_Methyl_Pyruvate,11
8.0,G10_Methyl_Pyruvate,11
8.25,G10_Methyl_Pyruvate,11
8.5,G10_Methyl_Pyruvate,11
8.75,G10_Methyl_Pyruvate,11
9.0,G10_Methyl_Pyruvate,11
9.25,G10_Methyl_Pyruvate,11
9.5,G10_Methyl_Pyruvate,11
9.75,G10_Methyl_Pyruvate,11
10.0,G10_Methyl_Pyruvate,11
10.25,G10_Methyl_Pyruvate,11
10.5,G10_Methyl_Pyruvate,11
10.75,G10_Methyl_Pyruvate,11
11.0,G10_Methyl_Pyruvate,11
11.25,G10_Methyl_Pyruvate,11
11.5,G10_Methyl_Pyruvate,11
11.75,G10_Methyl_Pyruvate,11
12.0,G10_Methyl_Pyruvate,11
12.25,G10_Methyl_Pyruvate,11
12.5,G10_Methyl_Pyruvate,11
12.75,G10_Methyl_Pyruvate,11
13.0,G10_Methyl_Pyruvate,11
13.25,G10_Methyl_Pyruvate,11
13.5,G10_Methyl_Pyruvate,11
13.75,G10_Methyl_Pyruvate,11
14.0,G10_Methyl_Pyruvate,11
14.25,G10_Methyl_Pyruvate,11
14.5,G10_Methyl_Pyruvate,11
14.75,G10_Methyl_Pyruvate,11
15.0,G10_Methyl_Pyruvate,11
15.25,G10_Methyl_Pyruvate,11
15.5,G10_Methyl_Pyruvate,11
15.75,G10_Methyl_Pyruvate,11
16.0,G10_Methyl_Pyruvate,11
16.25,G10_Methyl_Pyruvate,11
16.5,G10_Methyl_Pyruvate,11
16.75,G10_Methyl_Pyruvate,11
17.0,G10_Methyl_Pyruvate,11
17.25,G10_Methyl_Pyruvate,11
17.5,G10_Methyl_Pyruvate,11
17.75,G10_Methyl_Pyruvate,11
18.0,G10_Methyl_Pyruvate,11
18.25,G10_Methyl_Pyruvate,11
18.5,G10_Methyl_Pyruvate,11
18.75,G10_Methyl_Pyruvate,11
19.0,G10_Methyl_Pyruvate,11
19.25,G10_Methyl_Pyruvate,11
19.5,G10_Methyl_Pyruvate,11
19.75,G10_Methyl_Pyruvate,11
20.0,G10_Methyl_Pyruvate,11
20.25,G10_Methyl_Pyruvate,14
20.5,G10_Methyl_Pyruvate,11
20.75,G10_Methyl_Pyruvate,11
21.0,G10_Methyl_Pyruvate,11
21.25,G10_Methyl_Pyruvate,11
21.5,G10_Methyl_Pyruvate,11
21.75,G10_Methyl_Pyruvate,11
22.0,G10_Methyl_Pyruvate,11
22.25,G10_Methyl_Pyruvate,11
22.5,G10_Methyl_Pyruvate,11
22.75,G10_Methyl_Pyruvate,11
23.0,G10_Methyl_Pyruvate,11
23.25,G10_Methyl_Pyruvate,11
23.5,G10_Methyl_Pyruvate,11
23.75,G10_Methyl_Pyruvate,11
24.0,G10_Methyl_Pyruvate,11
24.25,G10_Methyl_Pyruvate,11
24.5,G10_Methyl_Pyruvate,11
24.75,G10_Methyl_Pyruvate,11
25.0,G10_Methyl_Pyruvate,11
25.25,G10_Methyl_Pyruvate,13
25.5,G10_Methyl_Pyruvate,11
25.75,G10_Methyl_Pyruvate,11
26.0,G10_Methyl_Pyruvate,11
26.25,G10_Methyl_Pyruvate,11
26.5,G10_Methyl_Pyruvate,11
26.75,G10_Methyl_Pyruvate,11
27.0,G10_Methyl_Pyruvate,11
27.25,G10_Methyl_Pyruvate,11
27.5,G10_Methyl_Pyruvate,11
27.75,G10_Methyl_Pyruvate,11
28.0,G10_Methyl_Pyruvate,13
28.25,G10_Methyl_Pyruvate,11
28.5,G10_Methyl_Pyruvate,11
28.75,G10_Methyl_Pyruvate,11
29.0,G10_Methyl_Pyruvate,11
29.25,G10_Methyl_Pyruvate,11
29.5,G10_Methyl_Pyruvate,11
29.75,G10_Methyl_Pyruvate,11
30.0,G10_Methyl_Pyruvate,11
30.25,G10_Methyl_Pyruvate,11
30.5,G10_Methyl_Pyruvate,11
30.75,G10_Methyl_Pyruvate,11
31.0,G10_Methyl_Pyruvate,11
31.25,G10_Methyl_Pyruvate,11
31.5,G10_Methyl_Pyruvate,11
31.75,G10_Methyl_Pyruvate,13
32.0,G10_Methyl_Pyruvate,11
32.25,G10_Methyl_Pyruvate,11
32.5,G10_Methyl_Pyruvate,11
32.75,G10_Methyl_Pyruvate,11
33.0,G10_Methyl_Pyruvate,13
33.25,G10_Methyl_Pyruvate,11
33.5,G10_Methyl_Pyruvate,11
33.75,G10_Methyl_Pyruvate,11
34.0,G10_Methyl_Pyruvate,11
34.25,G10_Methyl_Pyruvate,14
34.5,G10_Methyl_Pyruvate,11
34.75,G10_Methyl_Pyruvate,14
35.0,G10_Methyl_Pyruvate,11
35.25,G10_Methyl_Pyruvate,11
35.5,G10_Methyl_Pyruvate,11
35.75,G10_Methyl_Pyruvate,12
36.0,G10_Methyl_Pyruvate,13
36.25,G10_Methyl_Pyruvate,12
36.5,G10_Methyl_Pyruvate,11
36.75,G10_Methyl_Pyruvate,13
37.0,G10_Methyl_Pyruvate,15
37.25,G10_Methyl_Pyruvate,12
37.5,G10_Methyl_Pyruvate,11
37.75,G10_Methyl_Pyruvate,13
38.0,G10_Methyl_Pyruvate,12
38.25,G10_Methyl_Pyruvate,14
38.5,G10_Methyl_Pyruvate,14
38.75,G10_Methyl_Pyruvate,12
39.0,G10_Methyl_Pyruvate,13
39.25,G10_Methyl_Pyruvate,13
39.5,G10_Methyl_Pyruvate,12
39.75,G10_Methyl_Pyruvate,16
40.0,G10_Methyl_Pyruvate,15
40.25,G10_Methyl_Pyruvate,11
40.5,G10_Methyl_Pyruvate,17
40.75,G10_Methyl_Pyruvate,14
41.0,G10_Methyl_Pyruvate,14
41.25,G10_Methyl_Pyruvate,11
41.5,G10_Methyl_Pyruvate,16
41.75,G10_Methyl_Pyruvate,17
42.0,G10_Methyl_Pyruvate,15
42.25,G10_Methyl_Pyruvate,13
42.5,G10_Methyl_Pyruvate,17
42.75,G10_Methyl_Pyruvate,16
43.0,G10_Methyl_Pyruvate,17
43.25,G10_Methyl_Pyruvate,14
43.5,G10_Methyl_Pyruvate,18
43.75,G10_Methyl_Pyruvate,12
44.0,G10_Methyl_Pyruvate,11
44.25,G10_Methyl_Pyruvate,14
44.5,G10_Methyl_Pyruvate,14
44.75,G10_Methyl_Pyruvate,13
45.0,G10_Methyl_Pyruvate,11
45.25,G10_Methyl_Pyruvate,15
45.5,G10_Methyl_Pyruvate,14
45.75,G10_Methyl_Pyruvate,17
46.0,G10_Methyl_Pyruvate,15
46.25,G10_Methyl_Pyruvate,17
46.5,G10_Methyl_Pyruvate,17
46.75,G10_Methyl_Pyruvate,20
47.0,G10_Methyl_Pyruvate,19
47.25,G10_Methyl_Pyruvate,17
47.5,G10_Methyl_Pyruvate,18
47.75,G10_Methyl_Pyruvate,18
48.0,G10_Methyl_Pyruvate,16
48.25,G10_Methyl_Pyruvate,18
0.0,G11_D-Malic_Acid,11
0.25,G11_D-Malic_Acid,13
0.5,G11_D-Malic_Acid,12
0.75,G11_D-Malic_Acid,13
1.0,G11_D-Malic_Acid,11
1.25,G11_D-Malic_Acid,13
1.5,G11_D-Malic_Acid,14
1.75,G11_D-Malic_Acid,11
2.0,G11_D-Malic_Acid,13
2.25,G11_D-Malic_Acid,13
2.5,G11_D-Malic_Acid,14
2.75,G11_D-Malic_Acid,11
3.0,G11_D-Malic_Acid,13
3.25,G11_D-Malic_Acid,13
3.5,G11_D-Malic_Acid,11
3.75,G11_D-Malic_Acid,12
4.0,G11_D-Malic_Acid,12
4.25,G11_D-Malic_Acid,13
4.5,G11_D-Malic_Acid,14
4.75,G11_D-Malic_Acid,11
5.0,G11_D-Malic_Acid,11
5.25,G11_D-Malic_Acid,16
5.5,G11_D-Malic_Acid,12
5.75,G11_D-Malic_Acid,11
6.0,G11_D-Malic_Acid,11
6.25,G11_D-Malic_Acid,11
6.5,G11_D-Malic_Acid,14
6.75,G11_D-Malic_Acid,15
7.0,G11_D-Malic_Acid,15
7.25,G11_D-Malic_Acid,12
7.5,G11_D-Malic_Acid,14
7.75,G11_D-Malic_Acid,11
8.0,G11_D-Malic_Acid,12
8.25,G11_D-Malic_Acid,11
8.5,G11_D-Malic_Acid,11
8.75,G11_D-Malic_Acid,13
9.0,G11_D-Malic_Acid,14
9.25,G11_D-Malic_Acid,12
9.5,G11_D-Malic_Acid,16
9.75,G11_D-Malic_Acid,13
10.0,G11_D-Malic_Acid,14
10.25,G11_D-Malic_Acid,15
10.5,G11_D-Malic_Acid,12
10.75,G11_D-Malic_Acid,12
11.0,G11_D-Malic_Acid,15
11.25,G11_D-Malic_Acid,14
11.5,G11_D-Malic_Acid,12
11.75,G11_D-Malic_Acid,15
12.0,G11_D-Malic_Acid,12
12.25,G11_D-Malic_Acid,14
12.5,G11_D-Malic_Acid,14
12.75,G11_D-Malic_Acid,17
13.0,G11_D-Malic_Acid,16
13.25,G11_D-Malic_Acid,15
13.5,G11_D-Malic_Acid,21
13.75,G11_D-Malic_Acid,16
14.0,G11_D-Malic_Acid,19
14.25,G11_D-Malic_Acid,17
14.5,G11_D-Malic_Acid,20
14.75,G11_D-Malic_Acid,19
15.0,G11_D-Malic_Acid,18
15.25,G11_D-Malic_Acid,18
15.5,G11_D-Malic_Acid,19
15.75,G11_D-Malic_Acid,18
16.0,G11_D-Malic_Acid,16
16.25,G11_D-Malic_Acid,16
16.5,G11_D-Malic_Acid,15
16.75,G11_D-Malic_Acid,15
17.0,G11_D-Malic_Acid,18
17.25,G11_D-Malic_Acid,17
17.5,G11_D-Malic_Acid,20
17.75,G11_D-Malic_Acid,16
18.0,G11_D-Malic_Acid,20
18.25,G11_D-Malic_Acid,20
18.5,G11_D-Malic_Acid,20
18.75,G11_D-Malic_Acid,19
19.0,G11_D-Malic_Acid,22
19.25,G11_D-Malic_Acid,25
19.5,G11_D-Malic_Acid,23
19.75,G11_D-Malic_Acid,20
20.0,G11_D-Malic_Acid,23
20.25,G11_D-Malic_Acid,23
20.5,G11_D-Malic_Acid,21
20.75,G11_D-Malic_Acid,22
21.0,G11_D-Malic_Acid,24
21.25,G11_D-Malic_Acid,24
21.5,G11_D-Malic_Acid,22
21.75,G11_D-Malic_Acid,18
22.0,G11_D-Malic_Acid,25
22.25,G11_D-Malic_Acid,23
22.5,G11_D-Malic_Acid,22
22.75,G11_D-Malic_Acid,22
23.0,G11_D-Malic_Acid,20
23.25,G11_D-Malic_Acid,25
23.5,G11_D-Malic_Acid,26
23.75,G11_D-Malic_Acid,20
24.0,G11_D-Malic_Acid,20
24.25,G11_D-Malic_Acid,22
24.5,G11_D-Malic_Acid,22
24.75,G11_D-Malic_Acid,25
25.0,G11_D-Malic_Acid,22
25.25,G11_D-Malic_Acid,24
25.5,G11_D-Malic_Acid,21
25.75,G11_D-Malic_Acid,22
26.0,G11_D-Malic_Acid,21
26.25,G11_D-Malic_Acid,21
26.5,G11_D-Malic_Acid,24
26.75,G11_D-Malic_Acid,20
27.0,G11_D-Malic_Acid,22
27.25,G11_D-Malic_Acid,20
27.5,G11_D-Malic_Acid,24
27.75,G11_D-Malic_Acid,27
28.0,G11_D-Malic_Acid,20
28.25,G11_D-Malic_Acid,20
28.5,G11_D-Malic_Acid,24
28.75,G11_D-Malic_Acid,23
29.0,G11_D-Malic_Acid,21
29.25,G11_D-Malic_Acid,20
29.5,G11_D-Malic_Acid,23
29.75,G11_D-Malic_Acid,21
30.0,G11_D-Malic_Acid,23
30.25,G11_D-Malic_Acid,20
30.5,G11_D-Malic_Acid,19
30.75,G11_D-Malic_Acid,20
31.0,G11_D-Malic_Acid,20
31.25,G11_D-Malic_Acid,23
31.5,G11_D-Malic_Acid,21
31.75,G11_D-Malic_Acid,23
32.0,G11_D-Malic_Acid,19
32.25,G11_D-Malic_Acid,22
32.5,G11_D-Malic_Acid,19
32.75,G11_D-Malic_Acid,23
33.0,G11_D-Malic_Acid,22
33.25,G11_D-Malic_Acid,22
33.5,G11_D-Malic_Acid,21
33.75,G11_D-Malic_Acid,20
34.0,G11_D-Malic_Acid,20
34.25,G11_D-Malic_Acid,20
34.5,G11_D-Malic_Acid,25
34.75,G11_D-Malic_Acid,23
35.0,G11_D-Malic_Acid,20
35.25,G11_D-Malic_Acid,23
35.5,G11_D-Malic_Acid,19
35.75,G11_D-Malic_Acid,22
36.0,G11_D-Malic_Acid,14
36.25,G11_D-Malic_Acid,20
36.5,G11_D-Malic_Acid,23
36.75,G11_D-Malic_Acid,21
37.0,G11_D-Malic_Acid,19
37.25,G11_D-Malic_Acid,19
37.5,G11_D-Malic_Acid,16
37.75,G11_D-Malic_Acid,21
38.0,G11_D-Malic_Acid,21
38.25,G11_D-Malic_Acid,19
38.5,G11_D-Malic_Acid,21
38.75,G11_D-Malic_Acid,19
39.0,G11_D-Malic_Acid,17
39.25,G11_D-Malic_Acid,18
39.5,G11_D-Malic_Acid,17
39.75,G11_D-Malic_Acid,22
40.0,G11_D-Malic_Acid,21
40.25,G11_D-Malic_Acid,20
40.5,G11_D-Malic_Acid,19
40.75,G11_D-Malic_Acid,17
41.0,G11_D-Malic_Acid,19
41.25,G11_D-Malic_Acid,19
41.5,G11_D-Malic_Acid,14
41.75,G11_D-Malic_Acid,20
42.0,G11_D-Malic_Acid,19
42.25,G11_D-Malic_Acid,20
42.5,G11_D-Malic_Acid,21
42.75,G11_D-Malic_Acid,19
43.0,G11_D-Malic_Acid,21
43.25,G11_D-Malic_Acid,19
43.5,G11_D-Malic_Acid,16
43.75,G11_D-Malic_Acid,17
44.0,G11_D-Malic_Acid,16
44.25,G11_D-Malic_Acid,20
44.5,G11_D-Malic_Acid,18
44.75,G11_D-Malic_Acid,17
45.0,G11_D-Malic_Acid,16
45.25,G11_D-Malic_Acid,12
45.5,G11_D-Malic_Acid,18
45.75,G11_D-Malic_Acid,18
46.0,G11_D-Malic_Acid,18
46.25,G11_D-Malic_Acid,20
46.5,G11_D-Malic_Acid,15
46.75,G11_D-Malic_Acid,20
47.0,G11_D-Malic_Acid,19
47.25,G11_D-Malic_Acid,19
47.5,G11_D-Malic_Acid,23
47.75,G11_D-Malic_Acid,17
48.0,G11_D-Malic_Acid,17
48.25,G11_D-Malic_Acid,19
0.0,G12_L-Malic_Acid,17
0.25,G12_L-Malic_Acid,16
0.5,G12_L-Malic_Acid,13
0.75,G12_L-Malic_Acid,13
1.0,G12_L-Malic_Acid,15
1.25,G12_L-Malic_Acid,15
1.5,G12_L-Malic_Acid,17
1.75,G12_L-Malic_Acid,13
2.0,G12_L-Malic_Acid,15
2.25,G12_L-Malic_Acid,12
2.5,G12_L-Malic_Acid,13
2.75,G12_L-Malic_Acid,13
3.0,G12_L-Malic_Acid,15
3.25,G12_L-Malic_Acid,12
3.5,G12_L-Malic_Acid,16
3.75,G12_L-Malic_Acid,14
4.0,G12_L-Malic_Acid,13
4.25,G12_L-Malic_Acid,16
4.5,G12_L-Malic_Acid,14
4.75,G12_L-Malic_Acid,14
5.0,G12_L-Malic_Acid,11
5.25,G12_L-Malic_Acid,14
5.5,G12_L-Malic_Acid,14
5.75,G12_L-Malic_Acid,11
6.0,G12_L-Malic_Acid,13
6.25,G12_L-Malic_Acid,14
6.5,G12_L-Malic_Acid,15
6.75,G12_L-Malic_Acid,18
7.0,G12_L-Malic_Acid,18
7.25,G12_L-Malic_Acid,16
7.5,G12_L-Malic_Acid,14
7.75,G12_L-Malic_Acid,14
8.0,G12_L-Malic_Acid,17
8.25,G12_L-Malic_Acid,15
8.5,G12_L-Malic_Acid,15
8.75,G12_L-Malic_Acid,17
9.0,G12_L-Malic_Acid,14
9.25,G12_L-Malic_Acid,15
9.5,G12_L-Malic_Acid,16
9.75,G12_L-Malic_Acid,21
10.0,G12_L-Malic_Acid,17
10.25,G12_L-Malic_Acid,16
10.5,G12_L-Malic_Acid,16
10.75,G12_L-Malic_Acid,19
11.0,G12_L-Malic_Acid,19
11.25,G12_L-Malic_Acid,18
11.5,G12_L-Malic_Acid,20
11.75,G12_L-Malic_Acid,20
12.0,G12_L-Malic_Acid,18
12.25,G12_L-Malic_Acid,14
12.5,G12_L-Malic_Acid,18
12.75,G12_L-Malic_Acid,19
13.0,G12_L-Malic_Acid,19
13.25,G12_L-Malic_Acid,21
13.5,G12_L-Malic_Acid,19
13.75,G12_L-Malic_Acid,20
14.0,G12_L-Malic_Acid,21
14.25,G12_L-Malic_Acid,23
14.5,G12_L-Malic_Acid,24
14.75,G12_L-Malic_Acid,19
15.0,G12_L-Malic_Acid,24
15.25,G12_L-Malic_Acid,21
15.5,G12_L-Malic_Acid,21
15.75,G12_L-Malic_Acid,25
16.0,G12_L-Malic_Acid,23
16.25,G12_L-Malic_Acid,20
16.5,G12_L-Malic_Acid,22
16.75,G12_L-Malic_Acid,22
17.0,G12_L-Malic_Acid,26
17.25,G12_L-Malic_Acid,23
17.5,G12_L-Malic_Acid,22
17.75,G12_L-Malic_Acid,25
18.0,G12_L-Malic_Acid,26
18.25,G12_L-Malic_Acid,27
18.5,G12_L-Malic_Acid,30
18.75,G12_L-Malic_Acid,28
19.0,G12_L-Malic_Acid,29
19.25,G12_L-Malic_Acid,29
19.5,G12_L-Malic_Acid,26
19.75,G12_L-Malic_Acid,26
20.0,G12_L-Malic_Acid,30
20.25,G12_L-Malic_Acid,30
20.5,G12_L-Malic_Acid,29
20.75,G12_L-Malic_Acid,27
21.0,G12_L-Malic_Acid,31
21.25,G12_L-Malic_Acid,28
21.5,G12_L-Malic_Acid,29
21.75,G12_L-Malic_Acid,30
22.0,G12_L-Malic_Acid,29
22.25,G12_L-Malic_Acid,29
22.5,G12_L-Malic_Acid,28
22.75,G12_L-Malic_Acid,32
23.0,G12_L-Malic_Acid,30
23.25,G12_L-Malic_Acid,26
23.5,G12_L-Malic_Acid,33
23.75,G12_L-Malic_Acid,31
24.0,G12_L-Malic_Acid,30
24.25,G12_L-Malic_Acid,27
24.5,G12_L-Malic_Acid,33
24.75,G12_L-Malic_Acid,33
25.0,G12_L-Malic_Acid,28
25.25,G12_L-Malic_Acid,34
25.5,G12_L-Malic_Acid,33
25.75,G12_L-Malic_Acid,32
26.0,G12_L-Malic_Acid,32
26.25,G12_L-Malic_Acid,30
26.5,G12_L-Malic_Acid,31
26.75,G12_L-Malic_Acid,29
27.0,G12_L-Malic_Acid,34
27.25,G12_L-Malic_Acid,34
27.5,G12_L-Malic_Acid,33
27.75,G12_L-Malic_Acid,32
28.0,G12_L-Malic_Acid,31
28.25,G12_L-Malic_Acid,34
28.5,G12_L-Malic_Acid,37
28.75,G12_L-Malic_Acid,38
29.0,G12_L-Malic_Acid,37
29.25,G12_L-Malic_Acid,37
29.5,G12_L-Malic_Acid,37
29.75,G12_L-Malic_Acid,37
30.0,G12_L-Malic_Acid,33
30.25,G12_L-Malic_Acid,33
30.5,G12_L-Malic_Acid,35
30.75,G12_L-Malic_Acid,37
31.0,G12_L-Malic_Acid,37
31.25,G12_L-Malic_Acid,32
31.5,G12_L-Malic_Acid,41
31.75,G12_L-Malic_Acid,37
32.0,G12_L-Malic_Acid,40
32.25,G12_L-Malic_Acid,39
32.5,G12_L-Malic_Acid,38
32.75,G12_L-Malic_Acid,34
33.0,G12_L-Malic_Acid,41
33.25,G12_L-Malic_Acid,39
33.5,G12_L-Malic_Acid,41
33.75,G12_L-Malic_Acid,40
34.0,G12_L-Malic_Acid,37
34.25,G12_L-Malic_Acid,41
34.5,G12_L-Malic_Acid,38
34.75,G12_L-Malic_Acid,41
35.0,G12_L-Malic_Acid,39
35.25,G12_L-Malic_Acid,40
35.5,G12_L-Malic_Acid,40
35.75,G12_L-Malic_Acid,42
36.0,G12_L-Malic_Acid,43
36.25,G12_L-Malic_Acid,42
36.5,G12_L-Malic_Acid,41
36.75,G12_L-Malic_Acid,41
37.0,G12_L-Malic_Acid,43
37.25,G12_L-Malic_Acid,41
37.5,G12_L-Malic_Acid,41
37.75,G12_L-Malic_Acid,47
38.0,G12_L-Malic_Acid,45
38.25,G12_L-Malic_Acid,44
38.5,G12_L-Malic_Acid,46
38.75,G12_L-Malic_Acid,42
39.0,G12_L-Malic_Acid,42
39.25,G12_L-Malic_Acid,48
39.5,G12_L-Malic_Acid,48
39.75,G12_L-Malic_Acid,43
40.0,G12_L-Malic_Acid,41
40.25,G12_L-Malic_Acid,48
40.5,G12_L-Malic_Acid,45
40.75,G12_L-Malic_Acid,45
41.0,G12_L-Malic_Acid,48
41.25,G12_L-Malic_Acid,46
41.5,G12_L-Malic_Acid,53
41.75,G12_L-Malic_Acid,54
42.0,G12_L-Malic_Acid,49
42.25,G12_L-Malic_Acid,50
42.5,G12_L-Malic_Acid,49
42.75,G12_L-Malic_Acid,50
43.0,G12_L-Malic_Acid,49
43.25,G12_L-Malic_Acid,50
43.5,G12_L-Malic_Acid,51
43.75,G12_L-Malic_Acid,51
44.0,G12_L-Malic_Acid,52
44.25,G12_L-Malic_Acid,52
44.5,G12_L-Malic_Acid,53
44.75,G12_L-Malic_Acid,52
45.0,G12_L-Malic_Acid,52
45.25,G12_L-Malic_Acid,56
45.5,G12_L-Malic_Acid,53
45.75,G12_L-Malic_Acid,55
46.0,G12_L-Malic_Acid,58
46.25,G12_L-Malic_Acid,56
46.5,G12_L-Malic_Acid,59
46.75,G12_L-Malic_Acid,55
47.0,G12_L-Malic_Acid,53
47.25,G12_L-Malic_Acid,57
47.5,G12_L-Malic_Acid,57
47.75,G12_L-Malic_Acid,59
48.0,G12_L-Malic_Acid,58
48.25,G12_L-Malic_Acid,62
0.0,H1_Glycyl-L-Proline,20
0.25,H1_Glycyl-L-Proline,14
0.5,H1_Glycyl-L-Proline,15
0.75,H1_Glycyl-L-Proline,16
1.0,H1_Glycyl-L-Proline,15
1.25,H1_Glycyl-L-Proline,14
1.5,H1_Glycyl-L-Proline,13
1.75,H1_Glycyl-L-Proline,13
2.0,H1_Glycyl-L-Proline,12
2.25,H1_Glycyl-L-Proline,11
2.5,H1_Glycyl-L-Proline,13
2.75,H1_Glycyl-L-Proline,13
3.0,H1_Glycyl-L-Proline,11
3.25,H1_Glycyl-L-Proline,12
3.5,H1_Glycyl-L-Proline,11
3.75,H1_Glycyl-L-Proline,11
4.0,H1_Glycyl-L-Proline,11
4.25,H1_Glycyl-L-Proline,11
4.5,H1_Glycyl-L-Proline,12
4.75,H1_Glycyl-L-Proline,11
5.0,H1_Glycyl-L-Proline,12
5.25,H1_Glycyl-L-Proline,13
5.5,H1_Glycyl-L-Proline,11
5.75,H1_Glycyl-L-Proline,12
6.0,H1_Glycyl-L-Proline,15
6.25,H1_Glycyl-L-Proline,15
6.5,H1_Glycyl-L-Proline,11
6.75,H1_Glycyl-L-Proline,11
7.0,H1_Glycyl-L-Proline,13
7.25,H1_Glycyl-L-Proline,14
7.5,H1_Glycyl-L-Proline,14
7.75,H1_Glycyl-L-Proline,11
8.0,H1_Glycyl-L-Proline,12
8.25,H1_Glycyl-L-Proline,12
8.5,H1_Glycyl-L-Proline,12
8.75,H1_Glycyl-L-Proline,16
9.0,H1_Glycyl-L-Proline,11
9.25,H1_Glycyl-L-Proline,16
9.5,H1_Glycyl-L-Proline,15
9.75,H1_Glycyl-L-Proline,16
10.0,H1_Glycyl-L-Proline,17
10.25,H1_Glycyl-L-Proline,15
10.5,H1_Glycyl-L-Proline,15
10.75,H1_Glycyl-L-Proline,14
11.0,H1_Glycyl-L-Proline,15
11.25,H1_Glycyl-L-Proline,17
11.5,H1_Glycyl-L-Proline,21
11.75,H1_Glycyl-L-Proline,19
12.0,H1_Glycyl-L-Proline,19
12.25,H1_Glycyl-L-Proline,17
12.5,H1_Glycyl-L-Proline,18
12.75,H1_Glycyl-L-Proline,18
13.0,H1_Glycyl-L-Proline,18
13.25,H1_Glycyl-L-Proline,16
13.5,H1_Glycyl-L-Proline,18
13.75,H1_Glycyl-L-Proline,19
14.0,H1_Glycyl-L-Proline,19
14.25,H1_Glycyl-L-Proline,23
14.5,H1_Glycyl-L-Proline,20
14.75,H1_Glycyl-L-Proline,22
15.0,H1_Glycyl-L-Proline,21
15.25,H1_Glycyl-L-Proline,23
15.5,H1_Glycyl-L-Proline,19
15.75,H1_Glycyl-L-Proline,20
16.0,H1_Glycyl-L-Proline,25
16.25,H1_Glycyl-L-Proline,22
16.5,H1_Glycyl-L-Proline,21
16.75,H1_Glycyl-L-Proline,21
17.0,H1_Glycyl-L-Proline,29
17.25,H1_Glycyl-L-Proline,25
17.5,H1_Glycyl-L-Proline,24
17.75,H1_Glycyl-L-Proline,24
18.0,H1_Glycyl-L-Proline,26
18.25,H1_Glycyl-L-Proline,30
18.5,H1_Glycyl-L-Proline,27
18.75,H1_Glycyl-L-Proline,27
19.0,H1_Glycyl-L-Proline,29
19.25,H1_Glycyl-L-Proline,33
19.5,H1_Glycyl-L-Proline,29
19.75,H1_Glycyl-L-Proline,30
20.0,H1_Glycyl-L-Proline,28
20.25,H1_Glycyl-L-Proline,30
20.5,H1_Glycyl-L-Proline,30
20.75,H1_Glycyl-L-Proline,31
21.0,H1_Glycyl-L-Proline,30
21.25,H1_Glycyl-L-Proline,28
21.5,H1_Glycyl-L-Proline,33
21.75,H1_Glycyl-L-Proline,31
22.0,H1_Glycyl-L-Proline,31
22.25,H1_Glycyl-L-Proline,31
22.5,H1_Glycyl-L-Proline,35
22.75,H1_Glycyl-L-Proline,32
23.0,H1_Glycyl-L-Proline,35
23.25,H1_Glycyl-L-Proline,32
23.5,H1_Glycyl-L-Proline,31
23.75,H1_Glycyl-L-Proline,29
24.0,H1_Glycyl-L-Proline,35
24.25,H1_Glycyl-L-Proline,34
24.5,H1_Glycyl-L-Proline,34
24.75,H1_Glycyl-L-Proline,37
25.0,H1_Glycyl-L-Proline,36
25.25,H1_Glycyl-L-Proline,36
25.5,H1_Glycyl-L-Proline,32
25.75,H1_Glycyl-L-Proline,34
26.0,H1_Glycyl-L-Proline,35
26.25,H1_Glycyl-L-Proline,40
26.5,H1_Glycyl-L-Proline,38
26.75,H1_Glycyl-L-Proline,39
27.0,H1_Glycyl-L-Proline,37
27.25,H1_Glycyl-L-Proline,37
27.5,H1_Glycyl-L-Proline,34
27.75,H1_Glycyl-L-Proline,37
28.0,H1_Glycyl-L-Proline,41
28.25,H1_Glycyl-L-Proline,39
28.5,H1_Glycyl-L-Proline,39
28.75,H1_Glycyl-L-Proline,40
29.0,H1_Glycyl-L-Proline,41
29.25,H1_Glycyl-L-Proline,45
29.5,H1_Glycyl-L-Proline,38
29.75,H1_Glycyl-L-Proline,43
30.0,H1_Glycyl-L-Proline,42
30.25,H1_Glycyl-L-Proline,39
30.5,H1_Glycyl-L-Proline,45
30.75,H1_Glycyl-L-Proline,43
31.0,H1_Glycyl-L-Proline,41
31.25,H1_Glycyl-L-Proline,44
31.5,H1_Glycyl-L-Proline,42
31.75,H1_Glycyl-L-Proline,46
32.0,H1_Glycyl-L-Proline,42
32.25,H1_Glycyl-L-Proline,46
32.5,H1_Glycyl-L-Proline,43
32.75,H1_Glycyl-L-Proline,45
33.0,H1_Glycyl-L-Proline,44
33.25,H1_Glycyl-L-Proline,41
33.5,H1_Glycyl-L-Proline,46
33.75,H1_Glycyl-L-Proline,47
34.0,H1_Glycyl-L-Proline,46
34.25,H1_Glycyl-L-Proline,48
34.5,H1_Glycyl-L-Proline,50
34.75,H1_Glycyl-L-Proline,48
35.0,H1_Glycyl-L-Proline,47
35.25,H1_Glycyl-L-Proline,48
35.5,H1_Glycyl-L-Proline,46
35.75,H1_Glycyl-L-Proline,47
36.0,H1_Glycyl-L-Proline,49
36.25,H1_Glycyl-L-Proline,51
36.5,H1_Glycyl-L-Proline,50
36.75,H1_Glycyl-L-Proline,51
37.0,H1_Glycyl-L-Proline,48
37.25,H1_Glycyl-L-Proline,50
37.5,H1_Glycyl-L-Proline,48
37.75,H1_Glycyl-L-Proline,50
38.0,H1_Glycyl-L-Proline,51
38.25,H1_Glycyl-L-Proline,52
38.5,H1_Glycyl-L-Proline,49
38.75,H1_Glycyl-L-Proline,49
39.0,H1_Glycyl-L-Proline,53
39.25,H1_Glycyl-L-Proline,53
39.5,H1_Glycyl-L-Proline,54
39.75,H1_Glycyl-L-Proline,52
40.0,H1_Glycyl-L-Proline,50
40.25,H1_Glycyl-L-Proline,57
40.5,H1_Glycyl-L-Proline,51
40.75,H1_Glycyl-L-Proline,57
41.0,H1_Glycyl-L-Proline,56
41.25,H1_Glycyl-L-Proline,56
41.5,H1_Glycyl-L-Proline,54
41.75,H1_Glycyl-L-Proline,58
42.0,H1_Glycyl-L-Proline,60
42.25,H1_Glycyl-L-Proline,61
42.5,H1_Glycyl-L-Proline,60
42.75,H1_Glycyl-L-Proline,58
43.0,H1_Glycyl-L-Proline,56
43.25,H1_Glycyl-L-Proline,60
43.5,H1_Glycyl-L-Proline,58
43.75,H1_Glycyl-L-Proline,60
44.0,H1_Glycyl-L-Proline,55
44.25,H1_Glycyl-L-Proline,57
44.5,H1_Glycyl-L-Proline,60
44.75,H1_Glycyl-L-Proline,58
45.0,H1_Glycyl-L-Proline,61
45.25,H1_Glycyl-L-Proline,60
45.5,H1_Glycyl-L-Proline,60
45.75,H1_Glycyl-L-Proline,60
46.0,H1_Glycyl-L-Proline,60
46.25,H1_Glycyl-L-Proline,64
46.5,H1_Glycyl-L-Proline,67
46.75,H1_Glycyl-L-Proline,60
47.0,H1_Glycyl-L-Proline,64
47.25,H1_Glycyl-L-Proline,66
47.5,H1_Glycyl-L-Proline,64
47.75,H1_Glycyl-L-Proline,64
48.0,H1_Glycyl-L-Proline,66
48.25,H1_Glycyl-L-Proline,70
0.0,H2_p-Hydroxy_Phenyl_AceticAcid,11
0.25,H2_p-Hydroxy_Phenyl_AceticAcid,11
0.5,H2_p-Hydroxy_Phenyl_AceticAcid,11
0.75,H2_p-Hydroxy_Phenyl_AceticAcid,11
1.0,H2_p-Hydroxy_Phenyl_AceticAcid,11
1.25,H2_p-Hydroxy_Phenyl_AceticAcid,11
1.5,H2_p-Hydroxy_Phenyl_AceticAcid,11
1.75,H2_p-Hydroxy_Phenyl_AceticAcid,11
2.0,H2_p-Hydroxy_Phenyl_AceticAcid,11
2.25,H2_p-Hydroxy_Phenyl_AceticAcid,11
2.5,H2_p-Hydroxy_Phenyl_AceticAcid,11
2.75,H2_p-Hydroxy_Phenyl_AceticAcid,11
3.0,H2_p-Hydroxy_Phenyl_AceticAcid,11
3.25,H2_p-Hydroxy_Phenyl_AceticAcid,11
3.5,H2_p-Hydroxy_Phenyl_AceticAcid,11
3.75,H2_p-Hydroxy_Phenyl_AceticAcid,11
4.0,H2_p-Hydroxy_Phenyl_AceticAcid,11
4.25,H2_p-Hydroxy_Phenyl_AceticAcid,11
4.5,H2_p-Hydroxy_Phenyl_AceticAcid,11
4.75,H2_p-Hydroxy_Phenyl_AceticAcid,11
5.0,H2_p-Hydroxy_Phenyl_AceticAcid,11
5.25,H2_p-Hydroxy_Phenyl_AceticAcid,11
5.5,H2_p-Hydroxy_Phenyl_AceticAcid,11
5.75,H2_p-Hydroxy_Phenyl_AceticAcid,11
6.0,H2_p-Hydroxy_Phenyl_AceticAcid,11
6.25,H2_p-Hydroxy_Phenyl_AceticAcid,11
6.5,H2_p-Hydroxy_Phenyl_AceticAcid,11
6.75,H2_p-Hydroxy_Phenyl_AceticAcid,11
7.0,H2_p-Hydroxy_Phenyl_AceticAcid,11
7.25,H2_p-Hydroxy_Phenyl_AceticAcid,11
7.5,H2_p-Hydroxy_Phenyl_AceticAcid,11
7.75,H2_p-Hydroxy_Phenyl_AceticAcid,11
8.0,H2_p-Hydroxy_Phenyl_AceticAcid,11
8.25,H2_p-Hydroxy_Phenyl_AceticAcid,11
8.5,H2_p-Hydroxy_Phenyl_AceticAcid,11
8.75,H2_p-Hydroxy_Phenyl_AceticAcid,11
9.0,H2_p-Hydroxy_Phenyl_AceticAcid,11
9.25,H2_p-Hydroxy_Phenyl_AceticAcid,11
9.5,H2_p-Hydroxy_Phenyl_AceticAcid,11
9.75,H2_p-Hydroxy_Phenyl_AceticAcid,11
10.0,H2_p-Hydroxy_Phenyl_AceticAcid,11
10.25,H2_p-Hydroxy_Phenyl_AceticAcid,11
10.5,H2_p-Hydroxy_Phenyl_AceticAcid,11
10.75,H2_p-Hydroxy_Phenyl_AceticAcid,11
11.0,H2_p-Hydroxy_Phenyl_AceticAcid,11
11.25,H2_p-Hydroxy_Phenyl_AceticAcid,11
11.5,H2_p-Hydroxy_Phenyl_AceticAcid,11
11.75,H2_p-Hydroxy_Phenyl_AceticAcid,11
12.0,H2_p-Hydroxy_Phenyl_AceticAcid,11
12.25,H2_p-Hydroxy_Phenyl_AceticAcid,11
12.5,H2_p-Hydroxy_Phenyl_AceticAcid,11
12.75,H2_p-Hydroxy_Phenyl_AceticAcid,11
13.0,H2_p-Hydroxy_Phenyl_AceticAcid,11
13.25,H2_p-Hydroxy_Phenyl_AceticAcid,11
13.5,H2_p-Hydroxy_Phenyl_AceticAcid,11
13.75,H2_p-Hydroxy_Phenyl_AceticAcid,11
14.0,H2_p-Hydroxy_Phenyl_AceticAcid,11
14.25,H2_p-Hydroxy_Phenyl_AceticAcid,11
14.5,H2_p-Hydroxy_Phenyl_AceticAcid,11
14.75,H2_p-Hydroxy_Phenyl_AceticAcid,11
15.0,H2_p-Hydroxy_Phenyl_AceticAcid,11
15.25,H2_p-Hydroxy_Phenyl_AceticAcid,11
15.5,H2_p-Hydroxy_Phenyl_AceticAcid,11
15.75,H2_p-Hydroxy_Phenyl_AceticAcid,11
16.0,H2_p-Hydroxy_Phenyl_AceticAcid,11
16.25,H2_p-Hydroxy_Phenyl_AceticAcid,11
16.5,H2_p-Hydroxy_Phenyl_AceticAcid,11
16.75,H2_p-Hydroxy_Phenyl_AceticAcid,11
17.0,H2_p-Hydroxy_Phenyl_AceticAcid,11
17.25,H2_p-Hydroxy_Phenyl_AceticAcid,11
17.5,H2_p-Hydroxy_Phenyl_AceticAcid,11
17.75,H2_p-Hydroxy_Phenyl_AceticAcid,11
18.0,H2_p-Hydroxy_Phenyl_AceticAcid,11
18.25,H2_p-Hydroxy_Phenyl_AceticAcid,11
18.5,H2_p-Hydroxy_Phenyl_AceticAcid,11
18.75,H2_p-Hydroxy_Phenyl_AceticAcid,11
19.0,H2_p-Hydroxy_Phenyl_AceticAcid,11
19.25,H2_p-Hydroxy_Phenyl_AceticAcid,11
19.5,H2_p-Hydroxy_Phenyl_AceticAcid,11
19.75,H2_p-Hydroxy_Phenyl_AceticAcid,11
20.0,H2_p-Hydroxy_Phenyl_AceticAcid,11
20.25,H2_p-Hydroxy_Phenyl_AceticAcid,11
20.5,H2_p-Hydroxy_Phenyl_AceticAcid,11
20.75,H2_p-Hydroxy_Phenyl_AceticAcid,11
21.0,H2_p-Hydroxy_Phenyl_AceticAcid,11
21.25,H2_p-Hydroxy_Phenyl_AceticAcid,11
21.5,H2_p-Hydroxy_Phenyl_AceticAcid,11
21.75,H2_p-Hydroxy_Phenyl_AceticAcid,11
22.0,H2_p-Hydroxy_Phenyl_AceticAcid,11
22.25,H2_p-Hydroxy_Phenyl_AceticAcid,11
22.5,H2_p-Hydroxy_Phenyl_AceticAcid,11
22.75,H2_p-Hydroxy_Phenyl_AceticAcid,11
23.0,H2_p-Hydroxy_Phenyl_AceticAcid,11
23.25,H2_p-Hydroxy_Phenyl_AceticAcid,11
23.5,H2_p-Hydroxy_Phenyl_AceticAcid,11
23.75,H2_p-Hydroxy_Phenyl_AceticAcid,11
24.0,H2_p-Hydroxy_Phenyl_AceticAcid,11
24.25,H2_p-Hydroxy_Phenyl_AceticAcid,11
24.5,H2_p-Hydroxy_Phenyl_AceticAcid,11
24.75,H2_p-Hydroxy_Phenyl_AceticAcid,11
25.0,H2_p-Hydroxy_Phenyl_AceticAcid,11
25.25,H2_p-Hydroxy_Phenyl_AceticAcid,13
25.5,H2_p-Hydroxy_Phenyl_AceticAcid,11
25.75,H2_p-Hydroxy_Phenyl_AceticAcid,11
26.0,H2_p-Hydroxy_Phenyl_AceticAcid,11
26.25,H2_p-Hydroxy_Phenyl_AceticAcid,11
26.5,H2_p-Hydroxy_Phenyl_AceticAcid,11
26.75,H2_p-Hydroxy_Phenyl_AceticAcid,11
27.0,H2_p-Hydroxy_Phenyl_AceticAcid,11
27.25,H2_p-Hydroxy_Phenyl_AceticAcid,11
27.5,H2_p-Hydroxy_Phenyl_AceticAcid,11
27.75,H2_p-Hydroxy_Phenyl_AceticAcid,11
28.0,H2_p-Hydroxy_Phenyl_AceticAcid,11
28.25,H2_p-Hydroxy_Phenyl_AceticAcid,11
28.5,H2_p-Hydroxy_Phenyl_AceticAcid,11
28.75,H2_p-Hydroxy_Phenyl_AceticAcid,11
29.0,H2_p-Hydroxy_Phenyl_AceticAcid,11
29.25,H2_p-Hydroxy_Phenyl_AceticAcid,11
29.5,H2_p-Hydroxy_Phenyl_AceticAcid,11
29.75,H2_p-Hydroxy_Phenyl_AceticAcid,11
30.0,H2_p-Hydroxy_Phenyl_AceticAcid,11
30.25,H2_p-Hydroxy_Phenyl_AceticAcid,11
30.5,H2_p-Hydroxy_Phenyl_AceticAcid,11
30.75,H2_p-Hydroxy_Phenyl_AceticAcid,11
31.0,H2_p-Hydroxy_Phenyl_AceticAcid,11
31.25,H2_p-Hydroxy_Phenyl_AceticAcid,11
31.5,H2_p-Hydroxy_Phenyl_AceticAcid,11
31.75,H2_p-Hydroxy_Phenyl_AceticAcid,11
32.0,H2_p-Hydroxy_Phenyl_AceticAcid,11
32.25,H2_p-Hydroxy_Phenyl_AceticAcid,11
32.5,H2_p-Hydroxy_Phenyl_AceticAcid,11
32.75,H2_p-Hydroxy_Phenyl_AceticAcid,11
33.0,H2_p-Hydroxy_Phenyl_AceticAcid,11
33.25,H2_p-Hydroxy_Phenyl_AceticAcid,11
33.5,H2_p-Hydroxy_Phenyl_AceticAcid,11
33.75,H2_p-Hydroxy_Phenyl_AceticAcid,11
34.0,H2_p-Hydroxy_Phenyl_AceticAcid,11
34.25,H2_p-Hydroxy_Phenyl_AceticAcid,11
34.5,H2_p-Hydroxy_Phenyl_AceticAcid,11
34.75,H2_p-Hydroxy_Phenyl_AceticAcid,11
35.0,H2_p-Hydroxy_Phenyl_AceticAcid,11
35.25,H2_p-Hydroxy_Phenyl_AceticAcid,11
35.5,H2_p-Hydroxy_Phenyl_AceticAcid,11
35.75,H2_p-Hydroxy_Phenyl_AceticAcid,11
36.0,H2_p-Hydroxy_Phenyl_AceticAcid,11
36.25,H2_p-Hydroxy_Phenyl_AceticAcid,11
36.5,H2_p-Hydroxy_Phenyl_AceticAcid,11
36.75,H2_p-Hydroxy_Phenyl_AceticAcid,11
37.0,H2_p-Hydroxy_Phenyl_AceticAcid,11
37.25,H2_p-Hydroxy_Phenyl_AceticAcid,11
37.5,H2_p-Hydroxy_Phenyl_AceticAcid,11
37.75,H2_p-Hydroxy_Phenyl_AceticAcid,11
38.0,H2_p-Hydroxy_Phenyl_AceticAcid,11
38.25,H2_p-Hydroxy_Phenyl_AceticAcid,11
38.5,H2_p-Hydroxy_Phenyl_AceticAcid,11
38.75,H2_p-Hydroxy_Phenyl_AceticAcid,11
39.0,H2_p-Hydroxy_Phenyl_AceticAcid,11
39.25,H2_p-Hydroxy_Phenyl_AceticAcid,11
39.5,H2_p-Hydroxy_Phenyl_AceticAcid,11
39.75,H2_p-Hydroxy_Phenyl_AceticAcid,11
40.0,H2_p-Hydroxy_Phenyl_AceticAcid,11
40.25,H2_p-Hydroxy_Phenyl_AceticAcid,11
40.5,H2_p-Hydroxy_Phenyl_AceticAcid,11
40.75,H2_p-Hydroxy_Phenyl_AceticAcid,11
41.0,H2_p-Hydroxy_Phenyl_AceticAcid,11
41.25,H2_p-Hydroxy_Phenyl_AceticAcid,11
41.5,H2_p-Hydroxy_Phenyl_AceticAcid,11
41.75,H2_p-Hydroxy_Phenyl_AceticAcid,11
42.0,H2_p-Hydroxy_Phenyl_AceticAcid,11
42.25,H2_p-Hydroxy_Phenyl_AceticAcid,11
42.5,H2_p-Hydroxy_Phenyl_AceticAcid,11
42.75,H2_p-Hydroxy_Phenyl_AceticAcid,11
43.0,H2_p-Hydroxy_Phenyl_AceticAcid,11
43.25,H2_p-Hydroxy_Phenyl_AceticAcid,11
43.5,H2_p-Hydroxy_Phenyl_AceticAcid,11
43.75,H2_p-Hydroxy_Phenyl_AceticAcid,11
44.0,H2_p-Hydroxy_Phenyl_AceticAcid,11
44.25,H2_p-Hydroxy_Phenyl_AceticAcid,11
44.5,H2_p-Hydroxy_Phenyl_AceticAcid,11
44.75,H2_p-Hydroxy_Phenyl_AceticAcid,11
45.0,H2_p-Hydroxy_Phenyl_AceticAcid,11
45.25,H2_p-Hydroxy_Phenyl_AceticAcid,11
45.5,H2_p-Hydroxy_Phenyl_AceticAcid,11
45.75,H2_p-Hydroxy_Phenyl_AceticAcid,12
46.0,H2_p-Hydroxy_Phenyl_AceticAcid,11
46.25,H2_p-Hydroxy_Phenyl_AceticAcid,11
46.5,H2_p-Hydroxy_Phenyl_AceticAcid,11
46.75,H2_p-Hydroxy_Phenyl_AceticAcid,11
47.0,H2_p-Hydroxy_Phenyl_AceticAcid,11
47.25,H2_p-Hydroxy_Phenyl_AceticAcid,11
47.5,H2_p-Hydroxy_Phenyl_AceticAcid,11
47.75,H2_p-Hydroxy_Phenyl_AceticAcid,11
48.0,H2_p-Hydroxy_Phenyl_AceticAcid,11
48.25,H2_p-Hydroxy_Phenyl_AceticAcid,11
0.0,H3_m-Hydroxy_Phenyl_AceticAcid,11
0.25,H3_m-Hydroxy_Phenyl_AceticAcid,11
0.5,H3_m-Hydroxy_Phenyl_AceticAcid,11
0.75,H3_m-Hydroxy_Phenyl_AceticAcid,11
1.0,H3_m-Hydroxy_Phenyl_AceticAcid,11
1.25,H3_m-Hydroxy_Phenyl_AceticAcid,11
1.5,H3_m-Hydroxy_Phenyl_AceticAcid,11
1.75,H3_m-Hydroxy_Phenyl_AceticAcid,11
2.0,H3_m-Hydroxy_Phenyl_AceticAcid,11
2.25,H3_m-Hydroxy_Phenyl_AceticAcid,11
2.5,H3_m-Hydroxy_Phenyl_AceticAcid,11
2.75,H3_m-Hydroxy_Phenyl_AceticAcid,11
3.0,H3_m-Hydroxy_Phenyl_AceticAcid,11
3.25,H3_m-Hydroxy_Phenyl_AceticAcid,11
3.5,H3_m-Hydroxy_Phenyl_AceticAcid,11
3.75,H3_m-Hydroxy_Phenyl_AceticAcid,11
4.0,H3_m-Hydroxy_Phenyl_AceticAcid,11
4.25,H3_m-Hydroxy_Phenyl_AceticAcid,11
4.5,H3_m-Hydroxy_Phenyl_AceticAcid,11
4.75,H3_m-Hydroxy_Phenyl_AceticAcid,11
5.0,H3_m-Hydroxy_Phenyl_AceticAcid,11
5.25,H3_m-Hydroxy_Phenyl_AceticAcid,11
5.5,H3_m-Hydroxy_Phenyl_AceticAcid,11
5.75,H3_m-Hydroxy_Phenyl_AceticAcid,11
6.0,H3_m-Hydroxy_Phenyl_AceticAcid,11
6.25,H3_m-Hydroxy_Phenyl_AceticAcid,11
6.5,H3_m-Hydroxy_Phenyl_AceticAcid,11
6.75,H3_m-Hydroxy_Phenyl_AceticAcid,11
7.0,H3_m-Hydroxy_Phenyl_AceticAcid,11
7.25,H3_m-Hydroxy_Phenyl_AceticAcid,11
7.5,H3_m-Hydroxy_Phenyl_AceticAcid,11
7.75,H3_m-Hydroxy_Phenyl_AceticAcid,11
8.0,H3_m-Hydroxy_Phenyl_AceticAcid,11
8.25,H3_m-Hydroxy_Phenyl_AceticAcid,11
8.5,H3_m-Hydroxy_Phenyl_AceticAcid,11
8.75,H3_m-Hydroxy_Phenyl_AceticAcid,11
9.0,H3_m-Hydroxy_Phenyl_AceticAcid,11
9.25,H3_m-Hydroxy_Phenyl_AceticAcid,11
9.5,H3_m-Hydroxy_Phenyl_AceticAcid,11
9.75,H3_m-Hydroxy_Phenyl_AceticAcid,11
10.0,H3_m-Hydroxy_Phenyl_AceticAcid,11
10.25,H3_m-Hydroxy_Phenyl_AceticAcid,11
10.5,H3_m-Hydroxy_Phenyl_AceticAcid,11
10.75,H3_m-Hydroxy_Phenyl_AceticAcid,11
11.0,H3_m-Hydroxy_Phenyl_AceticAcid,11
11.25,H3_m-Hydroxy_Phenyl_AceticAcid,11
11.5,H3_m-Hydroxy_Phenyl_AceticAcid,11
11.75,H3_m-Hydroxy_Phenyl_AceticAcid,11
12.0,H3_m-Hydroxy_Phenyl_AceticAcid,11
12.25,H3_m-Hydroxy_Phenyl_AceticAcid,11
12.5,H3_m-Hydroxy_Phenyl_AceticAcid,11
12.75,H3_m-Hydroxy_Phenyl_AceticAcid,11
13.0,H3_m-Hydroxy_Phenyl_AceticAcid,11
13.25,H3_m-Hydroxy_Phenyl_AceticAcid,11
13.5,H3_m-Hydroxy_Phenyl_AceticAcid,11
13.75,H3_m-Hydroxy_Phenyl_AceticAcid,11
14.0,H3_m-Hydroxy_Phenyl_AceticAcid,11
14.25,H3_m-Hydroxy_Phenyl_AceticAcid,11
14.5,H3_m-Hydroxy_Phenyl_AceticAcid,11
14.75,H3_m-Hydroxy_Phenyl_AceticAcid,11
15.0,H3_m-Hydroxy_Phenyl_AceticAcid,11
15.25,H3_m-Hydroxy_Phenyl_AceticAcid,11
15.5,H3_m-Hydroxy_Phenyl_AceticAcid,11
15.75,H3_m-Hydroxy_Phenyl_AceticAcid,11
16.0,H3_m-Hydroxy_Phenyl_AceticAcid,11
16.25,H3_m-Hydroxy_Phenyl_AceticAcid,11
16.5,H3_m-Hydroxy_Phenyl_AceticAcid,11
16.75,H3_m-Hydroxy_Phenyl_AceticAcid,11
17.0,H3_m-Hydroxy_Phenyl_AceticAcid,11
17.25,H3_m-Hydroxy_Phenyl_AceticAcid,11
17.5,H3_m-Hydroxy_Phenyl_AceticAcid,11
17.75,H3_m-Hydroxy_Phenyl_AceticAcid,11
18.0,H3_m-Hydroxy_Phenyl_AceticAcid,11
18.25,H3_m-Hydroxy_Phenyl_AceticAcid,11
18.5,H3_m-Hydroxy_Phenyl_AceticAcid,11
18.75,H3_m-Hydroxy_Phenyl_AceticAcid,11
19.0,H3_m-Hydroxy_Phenyl_AceticAcid,11
19.25,H3_m-Hydroxy_Phenyl_AceticAcid,11
19.5,H3_m-Hydroxy_Phenyl_AceticAcid,11
19.75,H3_m-Hydroxy_Phenyl_AceticAcid,11
20.0,H3_m-Hydroxy_Phenyl_AceticAcid,11
20.25,H3_m-Hydroxy_Phenyl_AceticAcid,11
20.5,H3_m-Hydroxy_Phenyl_AceticAcid,11
20.75,H3_m-Hydroxy_Phenyl_AceticAcid,11
21.0,H3_m-Hydroxy_Phenyl_AceticAcid,11
21.25,H3_m-Hydroxy_Phenyl_AceticAcid,11
21.5,H3_m-Hydroxy_Phenyl_AceticAcid,11
21.75,H3_m-Hydroxy_Phenyl_AceticAcid,11
22.0,H3_m-Hydroxy_Phenyl_AceticAcid,11
22.25,H3_m-Hydroxy_Phenyl_AceticAcid,11
22.5,H3_m-Hydroxy_Phenyl_AceticAcid,11
22.75,H3_m-Hydroxy_Phenyl_AceticAcid,11
23.0,H3_m-Hydroxy_Phenyl_AceticAcid,11
23.25,H3_m-Hydroxy_Phenyl_AceticAcid,11
23.5,H3_m-Hydroxy_Phenyl_AceticAcid,11
23.75,H3_m-Hydroxy_Phenyl_AceticAcid,11
24.0,H3_m-Hydroxy_Phenyl_AceticAcid,11
24.25,H3_m-Hydroxy_Phenyl_AceticAcid,11
24.5,H3_m-Hydroxy_Phenyl_AceticAcid,11
24.75,H3_m-Hydroxy_Phenyl_AceticAcid,11
25.0,H3_m-Hydroxy_Phenyl_AceticAcid,11
25.25,H3_m-Hydroxy_Phenyl_AceticAcid,11
25.5,H3_m-Hydroxy_Phenyl_AceticAcid,11
25.75,H3_m-Hydroxy_Phenyl_AceticAcid,11
26.0,H3_m-Hydroxy_Phenyl_AceticAcid,11
26.25,H3_m-Hydroxy_Phenyl_AceticAcid,11
26.5,H3_m-Hydroxy_Phenyl_AceticAcid,11
26.75,H3_m-Hydroxy_Phenyl_AceticAcid,11
27.0,H3_m-Hydroxy_Phenyl_AceticAcid,11
27.25,H3_m-Hydroxy_Phenyl_AceticAcid,11
27.5,H3_m-Hydroxy_Phenyl_AceticAcid,11
27.75,H3_m-Hydroxy_Phenyl_AceticAcid,11
28.0,H3_m-Hydroxy_Phenyl_AceticAcid,11
28.25,H3_m-Hydroxy_Phenyl_AceticAcid,11
28.5,H3_m-Hydroxy_Phenyl_AceticAcid,11
28.75,H3_m-Hydroxy_Phenyl_AceticAcid,11
29.0,H3_m-Hydroxy_Phenyl_AceticAcid,11
29.25,H3_m-Hydroxy_Phenyl_AceticAcid,11
29.5,H3_m-Hydroxy_Phenyl_AceticAcid,12
29.75,H3_m-Hydroxy_Phenyl_AceticAcid,11
30.0,H3_m-Hydroxy_Phenyl_AceticAcid,11
30.25,H3_m-Hydroxy_Phenyl_AceticAcid,11
30.5,H3_m-Hydroxy_Phenyl_AceticAcid,11
30.75,H3_m-Hydroxy_Phenyl_AceticAcid,11
31.0,H3_m-Hydroxy_Phenyl_AceticAcid,11
31.25,H3_m-Hydroxy_Phenyl_AceticAcid,11
31.5,H3_m-Hydroxy_Phenyl_AceticAcid,11
31.75,H3_m-Hydroxy_Phenyl_AceticAcid,11
32.0,H3_m-Hydroxy_Phenyl_AceticAcid,11
32.25,H3_m-Hydroxy_Phenyl_AceticAcid,11
32.5,H3_m-Hydroxy_Phenyl_AceticAcid,11
32.75,H3_m-Hydroxy_Phenyl_AceticAcid,11
33.0,H3_m-Hydroxy_Phenyl_AceticAcid,11
33.25,H3_m-Hydroxy_Phenyl_AceticAcid,11
33.5,H3_m-Hydroxy_Phenyl_AceticAcid,13
33.75,H3_m-Hydroxy_Phenyl_AceticAcid,11
34.0,H3_m-Hydroxy_Phenyl_AceticAcid,11
34.25,H3_m-Hydroxy_Phenyl_AceticAcid,11
34.5,H3_m-Hydroxy_Phenyl_AceticAcid,13
34.75,H3_m-Hydroxy_Phenyl_AceticAcid,11
35.0,H3_m-Hydroxy_Phenyl_AceticAcid,11
35.25,H3_m-Hydroxy_Phenyl_AceticAcid,11
35.5,H3_m-Hydroxy_Phenyl_AceticAcid,12
35.75,H3_m-Hydroxy_Phenyl_AceticAcid,11
36.0,H3_m-Hydroxy_Phenyl_AceticAcid,11
36.25,H3_m-Hydroxy_Phenyl_AceticAcid,11
36.5,H3_m-Hydroxy_Phenyl_AceticAcid,11
36.75,H3_m-Hydroxy_Phenyl_AceticAcid,14
37.0,H3_m-Hydroxy_Phenyl_AceticAcid,11
37.25,H3_m-Hydroxy_Phenyl_AceticAcid,11
37.5,H3_m-Hydroxy_Phenyl_AceticAcid,11
37.75,H3_m-Hydroxy_Phenyl_AceticAcid,11
38.0,H3_m-Hydroxy_Phenyl_AceticAcid,13
38.25,H3_m-Hydroxy_Phenyl_AceticAcid,11
38.5,H3_m-Hydroxy_Phenyl_AceticAcid,14
38.75,H3_m-Hydroxy_Phenyl_AceticAcid,11
39.0,H3_m-Hydroxy_Phenyl_AceticAcid,11
39.25,H3_m-Hydroxy_Phenyl_AceticAcid,11
39.5,H3_m-Hydroxy_Phenyl_AceticAcid,11
39.75,H3_m-Hydroxy_Phenyl_AceticAcid,11
40.0,H3_m-Hydroxy_Phenyl_AceticAcid,11
40.25,H3_m-Hydroxy_Phenyl_AceticAcid,11
40.5,H3_m-Hydroxy_Phenyl_AceticAcid,11
40.75,H3_m-Hydroxy_Phenyl_AceticAcid,11
41.0,H3_m-Hydroxy_Phenyl_AceticAcid,11
41.25,H3_m-Hydroxy_Phenyl_AceticAcid,11
41.5,H3_m-Hydroxy_Phenyl_AceticAcid,12
41.75,H3_m-Hydroxy_Phenyl_AceticAcid,11
42.0,H3_m-Hydroxy_Phenyl_AceticAcid,14
42.25,H3_m-Hydroxy_Phenyl_AceticAcid,11
42.5,H3_m-Hydroxy_Phenyl_AceticAcid,11
42.75,H3_m-Hydroxy_Phenyl_AceticAcid,11
43.0,H3_m-Hydroxy_Phenyl_AceticAcid,11
43.25,H3_m-Hydroxy_Phenyl_AceticAcid,16
43.5,H3_m-Hydroxy_Phenyl_AceticAcid,11
43.75,H3_m-Hydroxy_Phenyl_AceticAcid,11
44.0,H3_m-Hydroxy_Phenyl_AceticAcid,11
44.25,H3_m-Hydroxy_Phenyl_AceticAcid,11
44.5,H3_m-Hydroxy_Phenyl_AceticAcid,12
44.75,H3_m-Hydroxy_Phenyl_AceticAcid,11
45.0,H3_m-Hydroxy_Phenyl_AceticAcid,12
45.25,H3_m-Hydroxy_Phenyl_AceticAcid,11
45.5,H3_m-Hydroxy_Phenyl_AceticAcid,11
45.75,H3_m-Hydroxy_Phenyl_AceticAcid,13
46.0,H3_m-Hydroxy_Phenyl_AceticAcid,12
46.25,H3_m-Hydroxy_Phenyl_AceticAcid,12
46.5,H3_m-Hydroxy_Phenyl_AceticAcid,13
46.75,H3_m-Hydroxy_Phenyl_AceticAcid,14
47.0,H3_m-Hydroxy_Phenyl_AceticAcid,14
47.25,H3_m-Hydroxy_Phenyl_AceticAcid,15
47.5,H3_m-Hydroxy_Phenyl_AceticAcid,17
47.75,H3_m-Hydroxy_Phenyl_AceticAcid,13
48.0,H3_m-Hydroxy_Phenyl_AceticAcid,11
48.25,H3_m-Hydroxy_Phenyl_AceticAcid,13
0.0,H4_Tyramine,11
0.25,H4_Tyramine,11
0.5,H4_Tyramine,11
0.75,H4_Tyramine,11
1.0,H4_Tyramine,11
1.25,H4_Tyramine,11
1.5,H4_Tyramine,11
1.75,H4_Tyramine,11
2.0,H4_Tyramine,11
2.25,H4_Tyramine,11
2.5,H4_Tyramine,11
2.75,H4_Tyramine,11
3.0,H4_Tyramine,11
3.25,H4_Tyramine,11
3.5,H4_Tyramine,11
3.75,H4_Tyramine,11
4.0,H4_Tyramine,11
4.25,H4_Tyramine,11
4.5,H4_Tyramine,11
4.75,H4_Tyramine,11
5.0,H4_Tyramine,11
5.25,H4_Tyramine,11
5.5,H4_Tyramine,11
5.75,H4_Tyramine,11
6.0,H4_Tyramine,11
6.25,H4_Tyramine,11
6.5,H4_Tyramine,11
6.75,H4_Tyramine,11
7.0,H4_Tyramine,11
7.25,H4_Tyramine,11
7.5,H4_Tyramine,11
7.75,H4_Tyramine,11
8.0,H4_Tyramine,12
8.25,H4_Tyramine,11
8.5,H4_Tyramine,11
8.75,H4_Tyramine,11
9.0,H4_Tyramine,11
9.25,H4_Tyramine,11
9.5,H4_Tyramine,11
9.75,H4_Tyramine,11
10.0,H4_Tyramine,11
10.25,H4_Tyramine,11
10.5,H4_Tyramine,11
10.75,H4_Tyramine,11
11.0,H4_Tyramine,11
11.25,H4_Tyramine,11
11.5,H4_Tyramine,11
11.75,H4_Tyramine,11
12.0,H4_Tyramine,11
12.25,H4_Tyramine,14
12.5,H4_Tyramine,11
12.75,H4_Tyramine,11
13.0,H4_Tyramine,11
13.25,H4_Tyramine,11
13.5,H4_Tyramine,11
13.75,H4_Tyramine,13
14.0,H4_Tyramine,11
14.25,H4_Tyramine,11
14.5,H4_Tyramine,11
14.75,H4_Tyramine,11
15.0,H4_Tyramine,13
15.25,H4_Tyramine,11
15.5,H4_Tyramine,11
15.75,H4_Tyramine,13
16.0,H4_Tyramine,12
16.25,H4_Tyramine,12
16.5,H4_Tyramine,11
16.75,H4_Tyramine,11
17.0,H4_Tyramine,13
17.25,H4_Tyramine,11
17.5,H4_Tyramine,11
17.75,H4_Tyramine,11
18.0,H4_Tyramine,11
18.25,H4_Tyramine,14
18.5,H4_Tyramine,13
18.75,H4_Tyramine,11
19.0,H4_Tyramine,14
19.25,H4_Tyramine,13
19.5,H4_Tyramine,17
19.75,H4_Tyramine,11
20.0,H4_Tyramine,14
20.25,H4_Tyramine,14
20.5,H4_Tyramine,13
20.75,H4_Tyramine,13
21.0,H4_Tyramine,13
21.25,H4_Tyramine,13
21.5,H4_Tyramine,14
21.75,H4_Tyramine,12
22.0,H4_Tyramine,11
22.25,H4_Tyramine,11
22.5,H4_Tyramine,17
22.75,H4_Tyramine,13
23.0,H4_Tyramine,14
23.25,H4_Tyramine,11
23.5,H4_Tyramine,12
23.75,H4_Tyramine,11
24.0,H4_Tyramine,11
24.25,H4_Tyramine,14
24.5,H4_Tyramine,11
24.75,H4_Tyramine,13
25.0,H4_Tyramine,11
25.25,H4_Tyramine,11
25.5,H4_Tyramine,12
25.75,H4_Tyramine,11
26.0,H4_Tyramine,11
26.25,H4_Tyramine,14
26.5,H4_Tyramine,17
26.75,H4_Tyramine,11
27.0,H4_Tyramine,11
27.25,H4_Tyramine,13
27.5,H4_Tyramine,14
27.75,H4_Tyramine,11
28.0,H4_Tyramine,13
28.25,H4_Tyramine,12
28.5,H4_Tyramine,12
28.75,H4_Tyramine,11
29.0,H4_Tyramine,11
29.25,H4_Tyramine,14
29.5,H4_Tyramine,11
29.75,H4_Tyramine,11
30.0,H4_Tyramine,11
30.25,H4_Tyramine,11
30.5,H4_Tyramine,11
30.75,H4_Tyramine,11
31.0,H4_Tyramine,11
31.25,H4_Tyramine,11
31.5,H4_Tyramine,11
31.75,H4_Tyramine,13
32.0,H4_Tyramine,11
32.25,H4_Tyramine,11
32.5,H4_Tyramine,12
32.75,H4_Tyramine,13
33.0,H4_Tyramine,12
33.25,H4_Tyramine,11
33.5,H4_Tyramine,15
33.75,H4_Tyramine,12
34.0,H4_Tyramine,11
34.25,H4_Tyramine,11
34.5,H4_Tyramine,12
34.75,H4_Tyramine,11
35.0,H4_Tyramine,11
35.25,H4_Tyramine,11
35.5,H4_Tyramine,11
35.75,H4_Tyramine,11
36.0,H4_Tyramine,12
36.25,H4_Tyramine,11
36.5,H4_Tyramine,11
36.75,H4_Tyramine,11
37.0,H4_Tyramine,11
37.25,H4_Tyramine,11
37.5,H4_Tyramine,11
37.75,H4_Tyramine,11
38.0,H4_Tyramine,11
38.25,H4_Tyramine,11
38.5,H4_Tyramine,11
38.75,H4_Tyramine,11
39.0,H4_Tyramine,13
39.25,H4_Tyramine,11
39.5,H4_Tyramine,11
39.75,H4_Tyramine,11
40.0,H4_Tyramine,12
40.25,H4_Tyramine,11
40.5,H4_Tyramine,12
40.75,H4_Tyramine,14
41.0,H4_Tyramine,11
41.25,H4_Tyramine,11
41.5,H4_Tyramine,11
41.75,H4_Tyramine,11
42.0,H4_Tyramine,11
42.25,H4_Tyramine,11
42.5,H4_Tyramine,12
42.75,H4_Tyramine,11
43.0,H4_Tyramine,11
43.25,H4_Tyramine,11
43.5,H4_Tyramine,11
43.75,H4_Tyramine,11
44.0,H4_Tyramine,11
44.25,H4_Tyramine,11
44.5,H4_Tyramine,11
44.75,H4_Tyramine,12
45.0,H4_Tyramine,11
45.25,H4_Tyramine,11
45.5,H4_Tyramine,11
45.75,H4_Tyramine,11
46.0,H4_Tyramine,11
46.25,H4_Tyramine,11
46.5,H4_Tyramine,11
46.75,H4_Tyramine,11
47.0,H4_Tyramine,11
47.25,H4_Tyramine,11
47.5,H4_Tyramine,11
47.75,H4_Tyramine,11
48.0,H4_Tyramine,11
48.25,H4_Tyramine,11
0.0,H5_D-Psicose,11
0.25,H5_D-Psicose,11
0.5,H5_D-Psicose,11
0.75,H5_D-Psicose,11
1.0,H5_D-Psicose,11
1.25,H5_D-Psicose,11
1.5,H5_D-Psicose,11
1.75,H5_D-Psicose,11
2.0,H5_D-Psicose,11
2.25,H5_D-Psicose,11
2.5,H5_D-Psicose,11
2.75,H5_D-Psicose,11
3.0,H5_D-Psicose,11
3.25,H5_D-Psicose,11
3.5,H5_D-Psicose,11
3.75,H5_D-Psicose,11
4.0,H5_D-Psicose,11
4.25,H5_D-Psicose,11
4.5,H5_D-Psicose,11
4.75,H5_D-Psicose,11
5.0,H5_D-Psicose,11
5.25,H5_D-Psicose,11
5.5,H5_D-Psicose,11
5.75,H5_D-Psicose,11
6.0,H5_D-Psicose,11
6.25,H5_D-Psicose,11
6.5,H5_D-Psicose,11
6.75,H5_D-Psicose,11
7.0,H5_D-Psicose,11
7.25,H5_D-Psicose,11
7.5,H5_D-Psicose,11
7.75,H5_D-Psicose,11
8.0,H5_D-Psicose,11
8.25,H5_D-Psicose,11
8.5,H5_D-Psicose,11
8.75,H5_D-Psicose,11
9.0,H5_D-Psicose,11
9.25,H5_D-Psicose,11
9.5,H5_D-Psicose,11
9.75,H5_D-Psicose,11
10.0,H5_D-Psicose,11
10.25,H5_D-Psicose,11
10.5,H5_D-Psicose,11
10.75,H5_D-Psicose,11
11.0,H5_D-Psicose,11
11.25,H5_D-Psicose,11
11.5,H5_D-Psicose,11
11.75,H5_D-Psicose,11
12.0,H5_D-Psicose,11
12.25,H5_D-Psicose,11
12.5,H5_D-Psicose,11
12.75,H5_D-Psicose,11
13.0,H5_D-Psicose,11
13.25,H5_D-Psicose,11
13.5,H5_D-Psicose,11
13.75,H5_D-Psicose,11
14.0,H5_D-Psicose,11
14.25,H5_D-Psicose,11
14.5,H5_D-Psicose,11
14.75,H5_D-Psicose,11
15.0,H5_D-Psicose,11
15.25,H5_D-Psicose,11
15.5,H5_D-Psicose,11
15.75,H5_D-Psicose,11
16.0,H5_D-Psicose,11
16.25,H5_D-Psicose,11
16.5,H5_D-Psicose,11
16.75,H5_D-Psicose,11
17.0,H5_D-Psicose,13
17.25,H5_D-Psicose,11
17.5,H5_D-Psicose,11
17.75,H5_D-Psicose,11
18.0,H5_D-Psicose,11
18.25,H5_D-Psicose,11
18.5,H5_D-Psicose,12
18.75,H5_D-Psicose,11
19.0,H5_D-Psicose,11
19.25,H5_D-Psicose,11
19.5,H5_D-Psicose,11
19.75,H5_D-Psicose,11
20.0,H5_D-Psicose,11
20.25,H5_D-Psicose,11
20.5,H5_D-Psicose,12
20.75,H5_D-Psicose,11
21.0,H5_D-Psicose,11
21.25,H5_D-Psicose,12
21.5,H5_D-Psicose,11
21.75,H5_D-Psicose,11
22.0,H5_D-Psicose,11
22.25,H5_D-Psicose,12
22.5,H5_D-Psicose,11
22.75,H5_D-Psicose,11
23.0,H5_D-Psicose,11
23.25,H5_D-Psicose,11
23.5,H5_D-Psicose,11
23.75,H5_D-Psicose,11
24.0,H5_D-Psicose,11
24.25,H5_D-Psicose,11
24.5,H5_D-Psicose,11
24.75,H5_D-Psicose,11
25.0,H5_D-Psicose,11
25.25,H5_D-Psicose,11
25.5,H5_D-Psicose,11
25.75,H5_D-Psicose,11
26.0,H5_D-Psicose,11
26.25,H5_D-Psicose,14
26.5,H5_D-Psicose,11
26.75,H5_D-Psicose,15
27.0,H5_D-Psicose,11
27.25,H5_D-Psicose,11
27.5,H5_D-Psicose,11
27.75,H5_D-Psicose,11
28.0,H5_D-Psicose,11
28.25,H5_D-Psicose,11
28.5,H5_D-Psicose,15
28.75,H5_D-Psicose,11
29.0,H5_D-Psicose,13
29.25,H5_D-Psicose,13
29.5,H5_D-Psicose,11
29.75,H5_D-Psicose,11
30.0,H5_D-Psicose,11
30.25,H5_D-Psicose,11
30.5,H5_D-Psicose,12
30.75,H5_D-Psicose,12
31.0,H5_D-Psicose,11
31.25,H5_D-Psicose,13
31.5,H5_D-Psicose,11
31.75,H5_D-Psicose,13
32.0,H5_D-Psicose,12
32.25,H5_D-Psicose,14
32.5,H5_D-Psicose,11
32.75,H5_D-Psicose,11
33.0,H5_D-Psicose,11
33.25,H5_D-Psicose,13
33.5,H5_D-Psicose,13
33.75,H5_D-Psicose,13
34.0,H5_D-Psicose,11
34.25,H5_D-Psicose,14
34.5,H5_D-Psicose,17
34.75,H5_D-Psicose,11
35.0,H5_D-Psicose,12
35.25,H5_D-Psicose,11
35.5,H5_D-Psicose,11
35.75,H5_D-Psicose,11
36.0,H5_D-Psicose,12
36.25,H5_D-Psicose,11
36.5,H5_D-Psicose,11
36.75,H5_D-Psicose,15
37.0,H5_D-Psicose,11
37.25,H5_D-Psicose,11
37.5,H5_D-Psicose,11
37.75,H5_D-Psicose,14
38.0,H5_D-Psicose,14
38.25,H5_D-Psicose,11
38.5,H5_D-Psicose,16
38.75,H5_D-Psicose,15
39.0,H5_D-Psicose,11
39.25,H5_D-Psicose,11
39.5,H5_D-Psicose,11
39.75,H5_D-Psicose,14
40.0,H5_D-Psicose,15
40.25,H5_D-Psicose,11
40.5,H5_D-Psicose,11
40.75,H5_D-Psicose,11
41.0,H5_D-Psicose,11
41.25,H5_D-Psicose,13
41.5,H5_D-Psicose,11
41.75,H5_D-Psicose,16
42.0,H5_D-Psicose,12
42.25,H5_D-Psicose,14
42.5,H5_D-Psicose,11
42.75,H5_D-Psicose,13
43.0,H5_D-Psicose,13
43.25,H5_D-Psicose,11
43.5,H5_D-Psicose,13
43.75,H5_D-Psicose,11
44.0,H5_D-Psicose,12
44.25,H5_D-Psicose,13
44.5,H5_D-Psicose,11
44.75,H5_D-Psicose,15
45.0,H5_D-Psicose,11
45.25,H5_D-Psicose,11
45.5,H5_D-Psicose,11
45.75,H5_D-Psicose,14
46.0,H5_D-Psicose,11
46.25,H5_D-Psicose,12
46.5,H5_D-Psicose,14
46.75,H5_D-Psicose,13
47.0,H5_D-Psicose,11
47.25,H5_D-Psicose,11
47.5,H5_D-Psicose,18
47.75,H5_D-Psicose,11
48.0,H5_D-Psicose,13
48.25,H5_D-Psicose,13
0.0,H6_L-Lyxose,76
0.25,H6_L-Lyxose,81
0.5,H6_L-Lyxose,84
0.75,H6_L-Lyxose,88
1.0,H6_L-Lyxose,88
1.25,H6_L-Lyxose,88
1.5,H6_L-Lyxose,92
1.75,H6_L-Lyxose,90
2.0,H6_L-Lyxose,87
2.25,H6_L-Lyxose,88
2.5,H6_L-Lyxose,91
2.75,H6_L-Lyxose,89
3.0,H6_L-Lyxose,86
3.25,H6_L-Lyxose,90
3.5,H6_L-Lyxose,89
3.75,H6_L-Lyxose,89
4.0,H6_L-Lyxose,86
4.25,H6_L-Lyxose,87
4.5,H6_L-Lyxose,93
4.75,H6_L-Lyxose,94
5.0,H6_L-Lyxose,89
5.25,H6_L-Lyxose,88
5.5,H6_L-Lyxose,90
5.75,H6_L-Lyxose,87
6.0,H6_L-Lyxose,91
6.25,H6_L-Lyxose,89
6.5,H6_L-Lyxose,93
6.75,H6_L-Lyxose,95
7.0,H6_L-Lyxose,94
7.25,H6_L-Lyxose,93
7.5,H6_L-Lyxose,95
7.75,H6_L-Lyxose,91
8.0,H6_L-Lyxose,94
8.25,H6_L-Lyxose,93
8.5,H6_L-Lyxose,90
8.75,H6_L-Lyxose,95
9.0,H6_L-Lyxose,93
9.25,H6_L-Lyxose,93
9.5,H6_L-Lyxose,94
9.75,H6_L-Lyxose,95
10.0,H6_L-Lyxose,94
10.25,H6_L-Lyxose,95
10.5,H6_L-Lyxose,95
10.75,H6_L-Lyxose,98
11.0,H6_L-Lyxose,93
11.25,H6_L-Lyxose,95
11.5,H6_L-Lyxose,97
11.75,H6_L-Lyxose,94
12.0,H6_L-Lyxose,92
12.25,H6_L-Lyxose,95
12.5,H6_L-Lyxose,93
12.75,H6_L-Lyxose,93
13.0,H6_L-Lyxose,97
13.25,H6_L-Lyxose,97
13.5,H6_L-Lyxose,96
13.75,H6_L-Lyxose,96
14.0,H6_L-Lyxose,95
14.25,H6_L-Lyxose,96
14.5,H6_L-Lyxose,96
14.75,H6_L-Lyxose,93
15.0,H6_L-Lyxose,95
15.25,H6_L-Lyxose,94
15.5,H6_L-Lyxose,99
15.75,H6_L-Lyxose,96
16.0,H6_L-Lyxose,94
16.25,H6_L-Lyxose,98
16.5,H6_L-Lyxose,96
16.75,H6_L-Lyxose,97
17.0,H6_L-Lyxose,98
17.25,H6_L-Lyxose,101
17.5,H6_L-Lyxose,93
17.75,H6_L-Lyxose,98
18.0,H6_L-Lyxose,99
18.25,H6_L-Lyxose,94
18.5,H6_L-Lyxose,95
18.75,H6_L-Lyxose,97
19.0,H6_L-Lyxose,96
19.25,H6_L-Lyxose,99
19.5,H6_L-Lyxose,98
19.75,H6_L-Lyxose,102
20.0,H6_L-Lyxose,93
20.25,H6_L-Lyxose,97
20.5,H6_L-Lyxose,103
20.75,H6_L-Lyxose,94
21.0,H6_L-Lyxose,98
21.25,H6_L-Lyxose,95
21.5,H6_L-Lyxose,97
21.75,H6_L-Lyxose,98
22.0,H6_L-Lyxose,102
22.25,H6_L-Lyxose,101
22.5,H6_L-Lyxose,98
22.75,H6_L-Lyxose,98
23.0,H6_L-Lyxose,100
23.25,H6_L-Lyxose,99
23.5,H6_L-Lyxose,96
23.75,H6_L-Lyxose,98
24.0,H6_L-Lyxose,99
24.25,H6_L-Lyxose,98
24.5,H6_L-Lyxose,98
24.75,H6_L-Lyxose,103
25.0,H6_L-Lyxose,99
25.25,H6_L-Lyxose,99
25.5,H6_L-Lyxose,101
25.75,H6_L-Lyxose,100
26.0,H6_L-Lyxose,98
26.25,H6_L-Lyxose,98
26.5,H6_L-Lyxose,100
26.75,H6_L-Lyxose,98
27.0,H6_L-Lyxose,100
27.25,H6_L-Lyxose,99
27.5,H6_L-Lyxose,97
27.75,H6_L-Lyxose,96
28.0,H6_L-Lyxose,97
28.25,H6_L-Lyxose,100
28.5,H6_L-Lyxose,98
28.75,H6_L-Lyxose,98
29.0,H6_L-Lyxose,99
29.25,H6_L-Lyxose,98
29.5,H6_L-Lyxose,99
29.75,H6_L-Lyxose,104
30.0,H6_L-Lyxose,95
30.25,H6_L-Lyxose,99
30.5,H6_L-Lyxose,96
30.75,H6_L-Lyxose,97
31.0,H6_L-Lyxose,96
31.25,H6_L-Lyxose,98
31.5,H6_L-Lyxose,102
31.75,H6_L-Lyxose,100
32.0,H6_L-Lyxose,100
32.25,H6_L-Lyxose,100
32.5,H6_L-Lyxose,101
32.75,H6_L-Lyxose,96
33.0,H6_L-Lyxose,100
33.25,H6_L-Lyxose,100
33.5,H6_L-Lyxose,100
33.75,H6_L-Lyxose,98
34.0,H6_L-Lyxose,99
34.25,H6_L-Lyxose,99
34.5,H6_L-Lyxose,98
34.75,H6_L-Lyxose,101
35.0,H6_L-Lyxose,101
35.25,H6_L-Lyxose,100
35.5,H6_L-Lyxose,97
35.75,H6_L-Lyxose,101
36.0,H6_L-Lyxose,100
36.25,H6_L-Lyxose,98
36.5,H6_L-Lyxose,98
36.75,H6_L-Lyxose,104
37.0,H6_L-Lyxose,96
37.25,H6_L-Lyxose,98
37.5,H6_L-Lyxose,98
37.75,H6_L-Lyxose,98
38.0,H6_L-Lyxose,97
38.25,H6_L-Lyxose,98
38.5,H6_L-Lyxose,97
38.75,H6_L-Lyxose,103
39.0,H6_L-Lyxose,100
39.25,H6_L-Lyxose,102
39.5,H6_L-Lyxose,99
39.75,H6_L-Lyxose,96
40.0,H6_L-Lyxose,100
40.25,H6_L-Lyxose,97
40.5,H6_L-Lyxose,103
40.75,H6_L-Lyxose,99
41.0,H6_L-Lyxose,102
41.25,H6_L-Lyxose,102
41.5,H6_L-Lyxose,100
41.75,H6_L-Lyxose,102
42.0,H6_L-Lyxose,94
42.25,H6_L-Lyxose,100
42.5,H6_L-Lyxose,98
42.75,H6_L-Lyxose,98
43.0,H6_L-Lyxose,103
43.25,H6_L-Lyxose,99
43.5,H6_L-Lyxose,98
43.75,H6_L-Lyxose,101
44.0,H6_L-Lyxose,97
44.25,H6_L-Lyxose,101
44.5,H6_L-Lyxose,100
44.75,H6_L-Lyxose,97
45.0,H6_L-Lyxose,100
45.25,H6_L-Lyxose,101
45.5,H6_L-Lyxose,100
45.75,H6_L-Lyxose,98
46.0,H6_L-Lyxose,99
46.25,H6_L-Lyxose,99
46.5,H6_L-Lyxose,102
46.75,H6_L-Lyxose,99
47.0,H6_L-Lyxose,104
47.25,H6_L-Lyxose,98
47.5,H6_L-Lyxose,103
47.75,H6_L-Lyxose,99
48.0,H6_L-Lyxose,102
48.25,H6_L-Lyxose,100
0.0,H7_Glucuronamide,11
0.25,H7_Glucuronamide,11
0.5,H7_Glucuronamide,11
0.75,H7_Glucuronamide,11
1.0,H7_Glucuronamide,11
1.25,H7_Glucuronamide,11
1.5,H7_Glucuronamide,11
1.75,H7_Glucuronamide,11
2.0,H7_Glucuronamide,11
2.25,H7_Glucuronamide,11
2.5,H7_Glucuronamide,11
2.75,H7_Glucuronamide,11
3.0,H7_Glucuronamide,11
3.25,H7_Glucuronamide,11
3.5,H7_Glucuronamide,11
3.75,H7_Glucuronamide,11
4.0,H7_Glucuronamide,11
4.25,H7_Glucuronamide,11
4.5,H7_Glucuronamide,11
4.75,H7_Glucuronamide,11
5.0,H7_Glucuronamide,11
5.25,H7_Glucuronamide,11
5.5,H7_Glucuronamide,11
5.75,H7_Glucuronamide,11
6.0,H7_Glucuronamide,11
6.25,H7_Glucuronamide,11
6.5,H7_Glucuronamide,11
6.75,H7_Glucuronamide,11
7.0,H7_Glucuronamide,11
7.25,H7_Glucuronamide,11
7.5,H7_Glucuronamide,11
7.75,H7_Glucuronamide,11
8.0,H7_Glucuronamide,11
8.25,H7_Glucuronamide,11
8.5,H7_Glucuronamide,12
8.75,H7_Glucuronamide,11
9.0,H7_Glucuronamide,11
9.25,H7_Glucuronamide,11
9.5,H7_Glucuronamide,11
9.75,H7_Glucuronamide,11
10.0,H7_Glucuronamide,11
10.25,H7_Glucuronamide,11
10.5,H7_Glucuronamide,11
10.75,H7_Glucuronamide,11
11.0,H7_Glucuronamide,11
11.25,H7_Glucuronamide,11
11.5,H7_Glucuronamide,11
11.75,H7_Glucuronamide,11
12.0,H7_Glucuronamide,11
12.25,H7_Glucuronamide,11
12.5,H7_Glucuronamide,11
12.75,H7_Glucuronamide,11
13.0,H7_Glucuronamide,11
13.25,H7_Glucuronamide,11
13.5,H7_Glucuronamide,11
13.75,H7_Glucuronamide,11
14.0,H7_Glucuronamide,11
14.25,H7_Glucuronamide,11
14.5,H7_Glucuronamide,11
14.75,H7_Glucuronamide,11
15.0,H7_Glucuronamide,11
15.25,H7_Glucuronamide,11
15.5,H7_Glucuronamide,11
15.75,H7_Glucuronamide,11
16.0,H7_Glucuronamide,11
16.25,H7_Glucuronamide,11
16.5,H7_Glucuronamide,11
16.75,H7_Glucuronamide,11
17.0,H7_Glucuronamide,11
17.25,H7_Glucuronamide,11
17.5,H7_Glucuronamide,11
17.75,H7_Glucuronamide,11
18.0,H7_Glucuronamide,11
18.25,H7_Glucuronamide,11
18.5,H7_Glucuronamide,11
18.75,H7_Glucuronamide,11
19.0,H7_Glucuronamide,11
19.25,H7_Glucuronamide,11
19.5,H7_Glucuronamide,11
19.75,H7_Glucuronamide,11
20.0,H7_Glucuronamide,12
20.25,H7_Glucuronamide,11
20.5,H7_Glucuronamide,11
20.75,H7_Glucuronamide,12
21.0,H7_Glucuronamide,11
21.25,H7_Glucuronamide,11
21.5,H7_Glucuronamide,11
21.75,H7_Glucuronamide,11
22.0,H7_Glucuronamide,11
22.25,H7_Glucuronamide,12
22.5,H7_Glucuronamide,12
22.75,H7_Glucuronamide,11
23.0,H7_Glucuronamide,11
23.25,H7_Glucuronamide,11
23.5,H7_Glucuronamide,11
23.75,H7_Glucuronamide,11
24.0,H7_Glucuronamide,14
24.25,H7_Glucuronamide,11
24.5,H7_Glucuronamide,11
24.75,H7_Glucuronamide,11
25.0,H7_Glucuronamide,11
25.25,H7_Glucuronamide,15
25.5,H7_Glucuronamide,12
25.75,H7_Glucuronamide,11
26.0,H7_Glucuronamide,11
26.25,H7_Glucuronamide,11
26.5,H7_Glucuronamide,11
26.75,H7_Glucuronamide,16
27.0,H7_Glucuronamide,11
27.25,H7_Glucuronamide,12
27.5,H7_Glucuronamide,11
27.75,H7_Glucuronamide,11
28.0,H7_Glucuronamide,11
28.25,H7_Glucuronamide,11
28.5,H7_Glucuronamide,16
28.75,H7_Glucuronamide,12
29.0,H7_Glucuronamide,12
29.25,H7_Glucuronamide,13
29.5,H7_Glucuronamide,14
29.75,H7_Glucuronamide,11
30.0,H7_Glucuronamide,11
30.25,H7_Glucuronamide,11
30.5,H7_Glucuronamide,12
30.75,H7_Glucuronamide,15
31.0,H7_Glucuronamide,12
31.25,H7_Glucuronamide,11
31.5,H7_Glucuronamide,15
31.75,H7_Glucuronamide,11
32.0,H7_Glucuronamide,13
32.25,H7_Glucuronamide,11
32.5,H7_Glucuronamide,12
32.75,H7_Glucuronamide,15
33.0,H7_Glucuronamide,16
33.25,H7_Glucuronamide,11
33.5,H7_Glucuronamide,13
33.75,H7_Glucuronamide,16
34.0,H7_Glucuronamide,13
34.25,H7_Glucuronamide,12
34.5,H7_Glucuronamide,12
34.75,H7_Glucuronamide,12
35.0,H7_Glucuronamide,12
35.25,H7_Glucuronamide,13
35.5,H7_Glucuronamide,13
35.75,H7_Glucuronamide,11
36.0,H7_Glucuronamide,11
36.25,H7_Glucuronamide,12
36.5,H7_Glucuronamide,11
36.75,H7_Glucuronamide,12
37.0,H7_Glucuronamide,12
37.25,H7_Glucuronamide,13
37.5,H7_Glucuronamide,13
37.75,H7_Glucuronamide,11
38.0,H7_Glucuronamide,13
38.25,H7_Glucuronamide,12
38.5,H7_Glucuronamide,11
38.75,H7_Glucuronamide,12
39.0,H7_Glucuronamide,13
39.25,H7_Glucuronamide,11
39.5,H7_Glucuronamide,14
39.75,H7_Glucuronamide,11
40.0,H7_Glucuronamide,17
40.25,H7_Glucuronamide,13
40.5,H7_Glucuronamide,16
40.75,H7_Glucuronamide,12
41.0,H7_Glucuronamide,12
41.25,H7_Glucuronamide,11
41.5,H7_Glucuronamide,14
41.75,H7_Glucuronamide,17
42.0,H7_Glucuronamide,12
42.25,H7_Glucuronamide,16
42.5,H7_Glucuronamide,16
42.75,H7_Glucuronamide,15
43.0,H7_Glucuronamide,13
43.25,H7_Glucuronamide,17
43.5,H7_Glucuronamide,13
43.75,H7_Glucuronamide,13
44.0,H7_Glucuronamide,15
44.25,H7_Glucuronamide,14
44.5,H7_Glucuronamide,12
44.75,H7_Glucuronamide,12
45.0,H7_Glucuronamide,17
45.25,H7_Glucuronamide,12
45.5,H7_Glucuronamide,16
45.75,H7_Glucuronamide,16
46.0,H7_Glucuronamide,15
46.25,H7_Glucuronamide,12
46.5,H7_Glucuronamide,17
46.75,H7_Glucuronamide,16
47.0,H7_Glucuronamide,15
47.25,H7_Glucuronamide,15
47.5,H7_Glucuronamide,16
47.75,H7_Glucuronamide,17
48.0,H7_Glucuronamide,14
48.25,H7_Glucuronamide,16
0.0,H8_Pyruvic_Acid,11
0.25,H8_Pyruvic_Acid,11
0.5,H8_Pyruvic_Acid,11
0.75,H8_Pyruvic_Acid,11
1.0,H8_Pyruvic_Acid,11
1.25,H8_Pyruvic_Acid,11
1.5,H8_Pyruvic_Acid,11
1.75,H8_Pyruvic_Acid,11
2.0,H8_Pyruvic_Acid,11
2.25,H8_Pyruvic_Acid,11
2.5,H8_Pyruvic_Acid,11
2.75,H8_Pyruvic_Acid,11
3.0,H8_Pyruvic_Acid,11
3.25,H8_Pyruvic_Acid,11
3.5,H8_Pyruvic_Acid,11
3.75,H8_Pyruvic_Acid,11
4.0,H8_Pyruvic_Acid,11
4.25,H8_Pyruvic_Acid,11
4.5,H8_Pyruvic_Acid,11
4.75,H8_Pyruvic_Acid,11
5.0,H8_Pyruvic_Acid,11
5.25,H8_Pyruvic_Acid,11
5.5,H8_Pyruvic_Acid,11
5.75,H8_Pyruvic_Acid,11
6.0,H8_Pyruvic_Acid,11
6.25,H8_Pyruvic_Acid,11
6.5,H8_Pyruvic_Acid,11
6.75,H8_Pyruvic_Acid,11
7.0,H8_Pyruvic_Acid,11
7.25,H8_Pyruvic_Acid,11
7.5,H8_Pyruvic_Acid,11
7.75,H8_Pyruvic_Acid,11
8.0,H8_Pyruvic_Acid,11
8.25,H8_Pyruvic_Acid,11
8.5,H8_Pyruvic_Acid,11
8.75,H8_Pyruvic_Acid,11
9.0,H8_Pyruvic_Acid,11
9.25,H8_Pyruvic_Acid,11
9.5,H8_Pyruvic_Acid,11
9.75,H8_Pyruvic_Acid,11
10.0,H8_Pyruvic_Acid,11
10.25,H8_Pyruvic_Acid,13
10.5,H8_Pyruvic_Acid,11
10.75,H8_Pyruvic_Acid,11
11.0,H8_Pyruvic_Acid,12
11.25,H8_Pyruvic_Acid,11
11.5,H8_Pyruvic_Acid,11
11.75,H8_Pyruvic_Acid,11
12.0,H8_Pyruvic_Acid,11
12.25,H8_Pyruvic_Acid,11
12.5,H8_Pyruvic_Acid,11
12.75,H8_Pyruvic_Acid,12
13.0,H8_Pyruvic_Acid,13
13.25,H8_Pyruvic_Acid,11
13.5,H8_Pyruvic_Acid,11
13.75,H8_Pyruvic_Acid,12
14.0,H8_Pyruvic_Acid,15
14.25,H8_Pyruvic_Acid,12
14.5,H8_Pyruvic_Acid,15
14.75,H8_Pyruvic_Acid,13
15.0,H8_Pyruvic_Acid,13
15.25,H8_Pyruvic_Acid,18
15.5,H8_Pyruvic_Acid,14
15.75,H8_Pyruvic_Acid,13
16.0,H8_Pyruvic_Acid,11
16.25,H8_Pyruvic_Acid,11
16.5,H8_Pyruvic_Acid,15
16.75,H8_Pyruvic_Acid,19
17.0,H8_Pyruvic_Acid,15
17.25,H8_Pyruvic_Acid,20
17.5,H8_Pyruvic_Acid,12
17.75,H8_Pyruvic_Acid,15
18.0,H8_Pyruvic_Acid,15
18.25,H8_Pyruvic_Acid,14
18.5,H8_Pyruvic_Acid,15
18.75,H8_Pyruvic_Acid,14
19.0,H8_Pyruvic_Acid,16
19.25,H8_Pyruvic_Acid,16
19.5,H8_Pyruvic_Acid,14
19.75,H8_Pyruvic_Acid,13
20.0,H8_Pyruvic_Acid,20
20.25,H8_Pyruvic_Acid,16
20.5,H8_Pyruvic_Acid,17
20.75,H8_Pyruvic_Acid,18
21.0,H8_Pyruvic_Acid,20
21.25,H8_Pyruvic_Acid,20
21.5,H8_Pyruvic_Acid,14
21.75,H8_Pyruvic_Acid,18
22.0,H8_Pyruvic_Acid,21
22.25,H8_Pyruvic_Acid,20
22.5,H8_Pyruvic_Acid,15
22.75,H8_Pyruvic_Acid,17
23.0,H8_Pyruvic_Acid,16
23.25,H8_Pyruvic_Acid,20
23.5,H8_Pyruvic_Acid,20
23.75,H8_Pyruvic_Acid,20
24.0,H8_Pyruvic_Acid,17
24.25,H8_Pyruvic_Acid,20
24.5,H8_Pyruvic_Acid,16
24.75,H8_Pyruvic_Acid,21
25.0,H8_Pyruvic_Acid,22
25.25,H8_Pyruvic_Acid,18
25.5,H8_Pyruvic_Acid,18
25.75,H8_Pyruvic_Acid,19
26.0,H8_Pyruvic_Acid,20
26.25,H8_Pyruvic_Acid,22
26.5,H8_Pyruvic_Acid,20
26.75,H8_Pyruvic_Acid,20
27.0,H8_Pyruvic_Acid,18
27.25,H8_Pyruvic_Acid,18
27.5,H8_Pyruvic_Acid,17
27.75,H8_Pyruvic_Acid,21
28.0,H8_Pyruvic_Acid,16
28.25,H8_Pyruvic_Acid,21
28.5,H8_Pyruvic_Acid,24
28.75,H8_Pyruvic_Acid,17
29.0,H8_Pyruvic_Acid,23
29.25,H8_Pyruvic_Acid,19
29.5,H8_Pyruvic_Acid,24
29.75,H8_Pyruvic_Acid,20
30.0,H8_Pyruvic_Acid,19
30.25,H8_Pyruvic_Acid,21
30.5,H8_Pyruvic_Acid,22
30.75,H8_Pyruvic_Acid,24
31.0,H8_Pyruvic_Acid,20
31.25,H8_Pyruvic_Acid,23
31.5,H8_Pyruvic_Acid,22
31.75,H8_Pyruvic_Acid,23
32.0,H8_Pyruvic_Acid,22
32.25,H8_Pyruvic_Acid,23
32.5,H8_Pyruvic_Acid,20
32.75,H8_Pyruvic_Acid,17
33.0,H8_Pyruvic_Acid,23
33.25,H8_Pyruvic_Acid,22
33.5,H8_Pyruvic_Acid,19
33.75,H8_Pyruvic_Acid,23
34.0,H8_Pyruvic_Acid,21
34.25,H8_Pyruvic_Acid,25
34.5,H8_Pyruvic_Acid,25
34.75,H8_Pyruvic_Acid,24
35.0,H8_Pyruvic_Acid,21
35.25,H8_Pyruvic_Acid,25
35.5,H8_Pyruvic_Acid,21
35.75,H8_Pyruvic_Acid,21
36.0,H8_Pyruvic_Acid,24
36.25,H8_Pyruvic_Acid,25
36.5,H8_Pyruvic_Acid,24
36.75,H8_Pyruvic_Acid,21
37.0,H8_Pyruvic_Acid,19
37.25,H8_Pyruvic_Acid,27
37.5,H8_Pyruvic_Acid,22
37.75,H8_Pyruvic_Acid,25
38.0,H8_Pyruvic_Acid,25
38.25,H8_Pyruvic_Acid,24
38.5,H8_Pyruvic_Acid,25
38.75,H8_Pyruvic_Acid,22
39.0,H8_Pyruvic_Acid,21
39.25,H8_Pyruvic_Acid,25
39.5,H8_Pyruvic_Acid,29
39.75,H8_Pyruvic_Acid,23
40.0,H8_Pyruvic_Acid,21
40.25,H8_Pyruvic_Acid,23
40.5,H8_Pyruvic_Acid,21
40.75,H8_Pyruvic_Acid,22
41.0,H8_Pyruvic_Acid,26
41.25,H8_Pyruvic_Acid,25
41.5,H8_Pyruvic_Acid,22
41.75,H8_Pyruvic_Acid,29
42.0,H8_Pyruvic_Acid,23
42.25,H8_Pyruvic_Acid,29
42.5,H8_Pyruvic_Acid,21
42.75,H8_Pyruvic_Acid,23
43.0,H8_Pyruvic_Acid,29
43.25,H8_Pyruvic_Acid,27
43.5,H8_Pyruvic_Acid,28
43.75,H8_Pyruvic_Acid,27
44.0,H8_Pyruvic_Acid,30
44.25,H8_Pyruvic_Acid,20
44.5,H8_Pyruvic_Acid,23
44.75,H8_Pyruvic_Acid,26
45.0,H8_Pyruvic_Acid,22
45.25,H8_Pyruvic_Acid,28
45.5,H8_Pyruvic_Acid,26
45.75,H8_Pyruvic_Acid,28
46.0,H8_Pyruvic_Acid,31
46.25,H8_Pyruvic_Acid,24
46.5,H8_Pyruvic_Acid,25
46.75,H8_Pyruvic_Acid,27
47.0,H8_Pyruvic_Acid,30
47.25,H8_Pyruvic_Acid,28
47.5,H8_Pyruvic_Acid,27
47.75,H8_Pyruvic_Acid,30
48.0,H8_Pyruvic_Acid,28
48.25,H8_Pyruvic_Acid,25
0.0,H9_L-Galactonic_Acid-g-Lactone,11
0.25,H9_L-Galactonic_Acid-g-Lactone,11
0.5,H9_L-Galactonic_Acid-g-Lactone,11
0.75,H9_L-Galactonic_Acid-g-Lactone,11
1.0,H9_L-Galactonic_Acid-g-Lactone,11
1.25,H9_L-Galactonic_Acid-g-Lactone,11
1.5,H9_L-Galactonic_Acid-g-Lactone,11
1.75,H9_L-Galactonic_Acid-g-Lactone,11
2.0,H9_L-Galactonic_Acid-g-Lactone,11
2.25,H9_L-Galactonic_Acid-g-Lactone,11
2.5,H9_L-Galactonic_Acid-g-Lactone,11
2.75,H9_L-Galactonic_Acid-g-Lactone,11
3.0,H9_L-Galactonic_Acid-g-Lactone,11
3.25,H9_L-Galactonic_Acid-g-Lactone,11
3.5,H9_L-Galactonic_Acid-g-Lactone,11
3.75,H9_L-Galactonic_Acid-g-Lactone,11
4.0,H9_L-Galactonic_Acid-g-Lactone,11
4.25,H9_L-Galactonic_Acid-g-Lactone,11
4.5,H9_L-Galactonic_Acid-g-Lactone,11
4.75,H9_L-Galactonic_Acid-g-Lactone,11
5.0,H9_L-Galactonic_Acid-g-Lactone,11
5.25,H9_L-Galactonic_Acid-g-Lactone,11
5.5,H9_L-Galactonic_Acid-g-Lactone,11
5.75,H9_L-Galactonic_Acid-g-Lactone,11
6.0,H9_L-Galactonic_Acid-g-Lactone,11
6.25,H9_L-Galactonic_Acid-g-Lactone,11
6.5,H9_L-Galactonic_Acid-g-Lactone,11
6.75,H9_L-Galactonic_Acid-g-Lactone,11
7.0,H9_L-Galactonic_Acid-g-Lactone,11
7.25,H9_L-Galactonic_Acid-g-Lactone,11
7.5,H9_L-Galactonic_Acid-g-Lactone,11
7.75,H9_L-Galactonic_Acid-g-Lactone,11
8.0,H9_L-Galactonic_Acid-g-Lactone,11
8.25,H9_L-Galactonic_Acid-g-Lactone,11
8.5,H9_L-Galactonic_Acid-g-Lactone,11
8.75,H9_L-Galactonic_Acid-g-Lactone,11
9.0,H9_L-Galactonic_Acid-g-Lactone,11
9.25,H9_L-Galactonic_Acid-g-Lactone,11
9.5,H9_L-Galactonic_Acid-g-Lactone,11
9.75,H9_L-Galactonic_Acid-g-Lactone,11
10.0,H9_L-Galactonic_Acid-g-Lactone,11
10.25,H9_L-Galactonic_Acid-g-Lactone,11
10.5,H9_L-Galactonic_Acid-g-Lactone,11
10.75,H9_L-Galactonic_Acid-g-Lactone,11
11.0,H9_L-Galactonic_Acid-g-Lactone,11
11.25,H9_L-Galactonic_Acid-g-Lactone,11
11.5,H9_L-Galactonic_Acid-g-Lactone,11
11.75,H9_L-Galactonic_Acid-g-Lactone,11
12.0,H9_L-Galactonic_Acid-g-Lactone,11
12.25,H9_L-Galactonic_Acid-g-Lactone,11
12.5,H9_L-Galactonic_Acid-g-Lactone,11
12.75,H9_L-Galactonic_Acid-g-Lactone,11
13.0,H9_L-Galactonic_Acid-g-Lactone,11
13.25,H9_L-Galactonic_Acid-g-Lactone,11
13.5,H9_L-Galactonic_Acid-g-Lactone,11
13.75,H9_L-Galactonic_Acid-g-Lactone,11
14.0,H9_L-Galactonic_Acid-g-Lactone,11
14.25,H9_L-Galactonic_Acid-g-Lactone,11
14.5,H9_L-Galactonic_Acid-g-Lactone,11
14.75,H9_L-Galactonic_Acid-g-Lactone,11
15.0,H9_L-Galactonic_Acid-g-Lactone,11
15.25,H9_L-Galactonic_Acid-g-Lactone,11
15.5,H9_L-Galactonic_Acid-g-Lactone,11
15.75,H9_L-Galactonic_Acid-g-Lactone,11
16.0,H9_L-Galactonic_Acid-g-Lactone,11
16.25,H9_L-Galactonic_Acid-g-Lactone,11
16.5,H9_L-Galactonic_Acid-g-Lactone,11
16.75,H9_L-Galactonic_Acid-g-Lactone,11
17.0,H9_L-Galactonic_Acid-g-Lactone,11
17.25,H9_L-Galactonic_Acid-g-Lactone,11
17.5,H9_L-Galactonic_Acid-g-Lactone,11
17.75,H9_L-Galactonic_Acid-g-Lactone,11
18.0,H9_L-Galactonic_Acid-g-Lactone,11
18.25,H9_L-Galactonic_Acid-g-Lactone,11
18.5,H9_L-Galactonic_Acid-g-Lactone,11
18.75,H9_L-Galactonic_Acid-g-Lactone,11
19.0,H9_L-Galactonic_Acid-g-Lactone,11
19.25,H9_L-Galactonic_Acid-g-Lactone,11
19.5,H9_L-Galactonic_Acid-g-Lactone,11
19.75,H9_L-Galactonic_Acid-g-Lactone,11
20.0,H9_L-Galactonic_Acid-g-Lactone,11
20.25,H9_L-Galactonic_Acid-g-Lactone,12
20.5,H9_L-Galactonic_Acid-g-Lactone,11
20.75,H9_L-Galactonic_Acid-g-Lactone,11
21.0,H9_L-Galactonic_Acid-g-Lactone,11
21.25,H9_L-Galactonic_Acid-g-Lactone,11
21.5,H9_L-Galactonic_Acid-g-Lactone,12
21.75,H9_L-Galactonic_Acid-g-Lactone,11
22.0,H9_L-Galactonic_Acid-g-Lactone,11
22.25,H9_L-Galactonic_Acid-g-Lactone,11
22.5,H9_L-Galactonic_Acid-g-Lactone,11
22.75,H9_L-Galactonic_Acid-g-Lactone,11
23.0,H9_L-Galactonic_Acid-g-Lactone,11
23.25,H9_L-Galactonic_Acid-g-Lactone,12
23.5,H9_L-Galactonic_Acid-g-Lactone,11
23.75,H9_L-Galactonic_Acid-g-Lactone,11
24.0,H9_L-Galactonic_Acid-g-Lactone,14
24.25,H9_L-Galactonic_Acid-g-Lactone,11
24.5,H9_L-Galactonic_Acid-g-Lactone,11
24.75,H9_L-Galactonic_Acid-g-Lactone,11
25.0,H9_L-Galactonic_Acid-g-Lactone,11
25.25,H9_L-Galactonic_Acid-g-Lactone,12
25.5,H9_L-Galactonic_Acid-g-Lactone,11
25.75,H9_L-Galactonic_Acid-g-Lactone,11
26.0,H9_L-Galactonic_Acid-g-Lactone,14
26.25,H9_L-Galactonic_Acid-g-Lactone,11
26.5,H9_L-Galactonic_Acid-g-Lactone,11
26.75,H9_L-Galactonic_Acid-g-Lactone,12
27.0,H9_L-Galactonic_Acid-g-Lactone,11
27.25,H9_L-Galactonic_Acid-g-Lactone,11
27.5,H9_L-Galactonic_Acid-g-Lactone,12
27.75,H9_L-Galactonic_Acid-g-Lactone,13
28.0,H9_L-Galactonic_Acid-g-Lactone,12
28.25,H9_L-Galactonic_Acid-g-Lactone,11
28.5,H9_L-Galactonic_Acid-g-Lactone,12
28.75,H9_L-Galactonic_Acid-g-Lactone,11
29.0,H9_L-Galactonic_Acid-g-Lactone,13
29.25,H9_L-Galactonic_Acid-g-Lactone,11
29.5,H9_L-Galactonic_Acid-g-Lactone,11
29.75,H9_L-Galactonic_Acid-g-Lactone,13
30.0,H9_L-Galactonic_Acid-g-Lactone,11
30.25,H9_L-Galactonic_Acid-g-Lactone,12
30.5,H9_L-Galactonic_Acid-g-Lactone,15
30.75,H9_L-Galactonic_Acid-g-Lactone,13
31.0,H9_L-Galactonic_Acid-g-Lactone,15
31.25,H9_L-Galactonic_Acid-g-Lactone,12
31.5,H9_L-Galactonic_Acid-g-Lactone,11
31.75,H9_L-Galactonic_Acid-g-Lactone,14
32.0,H9_L-Galactonic_Acid-g-Lactone,13
32.25,H9_L-Galactonic_Acid-g-Lactone,15
32.5,H9_L-Galactonic_Acid-g-Lactone,11
32.75,H9_L-Galactonic_Acid-g-Lactone,11
33.0,H9_L-Galactonic_Acid-g-Lactone,15
33.25,H9_L-Galactonic_Acid-g-Lactone,11
33.5,H9_L-Galactonic_Acid-g-Lactone,12
33.75,H9_L-Galactonic_Acid-g-Lactone,11
34.0,H9_L-Galactonic_Acid-g-Lactone,11
34.25,H9_L-Galactonic_Acid-g-Lactone,16
34.5,H9_L-Galactonic_Acid-g-Lactone,14
34.75,H9_L-Galactonic_Acid-g-Lactone,15
35.0,H9_L-Galactonic_Acid-g-Lactone,12
35.25,H9_L-Galactonic_Acid-g-Lactone,17
35.5,H9_L-Galactonic_Acid-g-Lactone,12
35.75,H9_L-Galactonic_Acid-g-Lactone,14
36.0,H9_L-Galactonic_Acid-g-Lactone,11
36.25,H9_L-Galactonic_Acid-g-Lactone,12
36.5,H9_L-Galactonic_Acid-g-Lactone,12
36.75,H9_L-Galactonic_Acid-g-Lactone,14
37.0,H9_L-Galactonic_Acid-g-Lactone,14
37.25,H9_L-Galactonic_Acid-g-Lactone,13
37.5,H9_L-Galactonic_Acid-g-Lactone,13
37.75,H9_L-Galactonic_Acid-g-Lactone,11
38.0,H9_L-Galactonic_Acid-g-Lactone,11
38.25,H9_L-Galactonic_Acid-g-Lactone,12
38.5,H9_L-Galactonic_Acid-g-Lactone,16
38.75,H9_L-Galactonic_Acid-g-Lactone,16
39.0,H9_L-Galactonic_Acid-g-Lactone,11
39.25,H9_L-Galactonic_Acid-g-Lactone,12
39.5,H9_L-Galactonic_Acid-g-Lactone,13
39.75,H9_L-Galactonic_Acid-g-Lactone,11
40.0,H9_L-Galactonic_Acid-g-Lactone,13
40.25,H9_L-Galactonic_Acid-g-Lactone,13
40.5,H9_L-Galactonic_Acid-g-Lactone,12
40.75,H9_L-Galactonic_Acid-g-Lactone,12
41.0,H9_L-Galactonic_Acid-g-Lactone,13
41.25,H9_L-Galactonic_Acid-g-Lactone,13
41.5,H9_L-Galactonic_Acid-g-Lactone,16
41.75,H9_L-Galactonic_Acid-g-Lactone,12
42.0,H9_L-Galactonic_Acid-g-Lactone,11
42.25,H9_L-Galactonic_Acid-g-Lactone,14
42.5,H9_L-Galactonic_Acid-g-Lactone,14
42.75,H9_L-Galactonic_Acid-g-Lactone,14
43.0,H9_L-Galactonic_Acid-g-Lactone,12
43.25,H9_L-Galactonic_Acid-g-Lactone,14
43.5,H9_L-Galactonic_Acid-g-Lactone,12
43.75,H9_L-Galactonic_Acid-g-Lactone,13
44.0,H9_L-Galactonic_Acid-g-Lactone,15
44.25,H9_L-Galactonic_Acid-g-Lactone,11
44.5,H9_L-Galactonic_Acid-g-Lactone,13
44.75,H9_L-Galactonic_Acid-g-Lactone,11
45.0,H9_L-Galactonic_Acid-g-Lactone,11
45.25,H9_L-Galactonic_Acid-g-Lactone,11
45.5,H9_L-Galactonic_Acid-g-Lactone,14
45.75,H9_L-Galactonic_Acid-g-Lactone,13
46.0,H9_L-Galactonic_Acid-g-Lactone,14
46.25,H9_L-Galactonic_Acid-g-Lactone,15
46.5,H9_L-Galactonic_Acid-g-Lactone,17
46.75,H9_L-Galactonic_Acid-g-Lactone,13
47.0,H9_L-Galactonic_Acid-g-Lactone,16
47.25,H9_L-Galactonic_Acid-g-Lactone,17
47.5,H9_L-Galactonic_Acid-g-Lactone,18
47.75,H9_L-Galactonic_Acid-g-Lactone,14
48.0,H9_L-Galactonic_Acid-g-Lactone,20
48.25,H9_L-Galactonic_Acid-g-Lactone,14
0.0,H10_D-GalacturonicAcid,11
0.25,H10_D-GalacturonicAcid,11
0.5,H10_D-GalacturonicAcid,11
0.75,H10_D-GalacturonicAcid,11
1.0,H10_D-GalacturonicAcid,11
1.25,H10_D-GalacturonicAcid,11
1.5,H10_D-GalacturonicAcid,11
1.75,H10_D-GalacturonicAcid,11
2.0,H10_D-GalacturonicAcid,11
2.25,H10_D-GalacturonicAcid,11
2.5,H10_D-GalacturonicAcid,11
2.75,H10_D-GalacturonicAcid,11
3.0,H10_D-GalacturonicAcid,11
3.25,H10_D-GalacturonicAcid,11
3.5,H10_D-GalacturonicAcid,11
3.75,H10_D-GalacturonicAcid,11
4.0,H10_D-GalacturonicAcid,11
4.25,H10_D-GalacturonicAcid,11
4.5,H10_D-GalacturonicAcid,11
4.75,H10_D-GalacturonicAcid,11
5.0,H10_D-GalacturonicAcid,11
5.25,H10_D-GalacturonicAcid,11
5.5,H10_D-GalacturonicAcid,11
5.75,H10_D-GalacturonicAcid,11
6.0,H10_D-GalacturonicAcid,11
6.25,H10_D-GalacturonicAcid,11
6.5,H10_D-GalacturonicAcid,11
6.75,H10_D-GalacturonicAcid,11
7.0,H10_D-GalacturonicAcid,11
7.25,H10_D-GalacturonicAcid,11
7.5,H10_D-GalacturonicAcid,11
7.75,H10_D-GalacturonicAcid,11
8.0,H10_D-GalacturonicAcid,11
8.25,H10_D-GalacturonicAcid,11
8.5,H10_D-GalacturonicAcid,11
8.75,H10_D-GalacturonicAcid,11
9.0,H10_D-GalacturonicAcid,11
9.25,H10_D-GalacturonicAcid,11
9.5,H10_D-GalacturonicAcid,11
9.75,H10_D-GalacturonicAcid,11
10.0,H10_D-GalacturonicAcid,11
10.25,H10_D-GalacturonicAcid,11
10.5,H10_D-GalacturonicAcid,11
10.75,H10_D-GalacturonicAcid,11
11.0,H10_D-GalacturonicAcid,11
11.25,H10_D-GalacturonicAcid,11
11.5,H10_D-GalacturonicAcid,11
11.75,H10_D-GalacturonicAcid,11
12.0,H10_D-GalacturonicAcid,11
12.25,H10_D-GalacturonicAcid,11
12.5,H10_D-GalacturonicAcid,11
12.75,H10_D-GalacturonicAcid,11
13.0,H10_D-GalacturonicAcid,11
13.25,H10_D-GalacturonicAcid,11
13.5,H10_D-GalacturonicAcid,11
13.75,H10_D-GalacturonicAcid,11
14.0,H10_D-GalacturonicAcid,11
14.25,H10_D-GalacturonicAcid,11
14.5,H10_D-GalacturonicAcid,11
14.75,H10_D-GalacturonicAcid,11
15.0,H10_D-GalacturonicAcid,11
15.25,H10_D-GalacturonicAcid,11
15.5,H10_D-GalacturonicAcid,11
15.75,H10_D-GalacturonicAcid,11
16.0,H10_D-GalacturonicAcid,11
16.25,H10_D-GalacturonicAcid,11
16.5,H10_D-GalacturonicAcid,11
16.75,H10_D-GalacturonicAcid,11
17.0,H10_D-GalacturonicAcid,14
17.25,H10_D-GalacturonicAcid,11
17.5,H10_D-GalacturonicAcid,11
17.75,H10_D-GalacturonicAcid,11
18.0,H10_D-GalacturonicAcid,11
18.25,H10_D-GalacturonicAcid,11
18.5,H10_D-GalacturonicAcid,12
18.75,H10_D-GalacturonicAcid,12
19.0,H10_D-GalacturonicAcid,13
19.25,H10_D-GalacturonicAcid,11
19.5,H10_D-GalacturonicAcid,13
19.75,H10_D-GalacturonicAcid,11
20.0,H10_D-GalacturonicAcid,11
20.25,H10_D-GalacturonicAcid,12
20.5,H10_D-GalacturonicAcid,11
20.75,H10_D-GalacturonicAcid,12
21.0,H10_D-GalacturonicAcid,11
21.25,H10_D-GalacturonicAcid,11
21.5,H10_D-GalacturonicAcid,11
21.75,H10_D-GalacturonicAcid,11
22.0,H10_D-GalacturonicAcid,13
22.25,H10_D-GalacturonicAcid,11
22.5,H10_D-GalacturonicAcid,11
22.75,H10_D-GalacturonicAcid,13
23.0,H10_D-GalacturonicAcid,11
23.25,H10_D-GalacturonicAcid,11
23.5,H10_D-GalacturonicAcid,12
23.75,H10_D-GalacturonicAcid,11
24.0,H10_D-GalacturonicAcid,12
24.25,H10_D-GalacturonicAcid,11
24.5,H10_D-GalacturonicAcid,11
24.75,H10_D-GalacturonicAcid,13
25.0,H10_D-GalacturonicAcid,11
25.25,H10_D-GalacturonicAcid,11
25.5,H10_D-GalacturonicAcid,16
25.75,H10_D-GalacturonicAcid,11
26.0,H10_D-GalacturonicAcid,11
26.25,H10_D-GalacturonicAcid,11
26.5,H10_D-GalacturonicAcid,11
26.75,H10_D-GalacturonicAcid,14
27.0,H10_D-GalacturonicAcid,11
27.25,H10_D-GalacturonicAcid,12
27.5,H10_D-GalacturonicAcid,11
27.75,H10_D-GalacturonicAcid,11
28.0,H10_D-GalacturonicAcid,11
28.25,H10_D-GalacturonicAcid,11
28.5,H10_D-GalacturonicAcid,15
28.75,H10_D-GalacturonicAcid,13
29.0,H10_D-GalacturonicAcid,12
29.25,H10_D-GalacturonicAcid,11
29.5,H10_D-GalacturonicAcid,11
29.75,H10_D-GalacturonicAcid,11
30.0,H10_D-GalacturonicAcid,11
30.25,H10_D-GalacturonicAcid,11
30.5,H10_D-GalacturonicAcid,12
30.75,H10_D-GalacturonicAcid,11
31.0,H10_D-GalacturonicAcid,13
31.25,H10_D-GalacturonicAcid,11
31.5,H10_D-GalacturonicAcid,11
31.75,H10_D-GalacturonicAcid,11
32.0,H10_D-GalacturonicAcid,11
32.25,H10_D-GalacturonicAcid,11
32.5,H10_D-GalacturonicAcid,11
32.75,H10_D-GalacturonicAcid,13
33.0,H10_D-GalacturonicAcid,11
33.25,H10_D-GalacturonicAcid,11
33.5,H10_D-GalacturonicAcid,13
33.75,H10_D-GalacturonicAcid,13
34.0,H10_D-GalacturonicAcid,11
34.25,H10_D-GalacturonicAcid,11
34.5,H10_D-GalacturonicAcid,13
34.75,H10_D-GalacturonicAcid,11
35.0,H10_D-GalacturonicAcid,11
35.25,H10_D-GalacturonicAcid,14
35.5,H10_D-GalacturonicAcid,14
35.75,H10_D-GalacturonicAcid,12
36.0,H10_D-GalacturonicAcid,11
36.25,H10_D-GalacturonicAcid,11
36.5,H10_D-GalacturonicAcid,11
36.75,H10_D-GalacturonicAcid,11
37.0,H10_D-GalacturonicAcid,11
37.25,H10_D-GalacturonicAcid,12
37.5,H10_D-GalacturonicAcid,11
37.75,H10_D-GalacturonicAcid,13
38.0,H10_D-GalacturonicAcid,11
38.25,H10_D-GalacturonicAcid,11
38.5,H10_D-GalacturonicAcid,11
38.75,H10_D-GalacturonicAcid,11
39.0,H10_D-GalacturonicAcid,11
39.25,H10_D-GalacturonicAcid,11
39.5,H10_D-GalacturonicAcid,11
39.75,H10_D-GalacturonicAcid,12
40.0,H10_D-GalacturonicAcid,12
40.25,H10_D-GalacturonicAcid,11
40.5,H10_D-GalacturonicAcid,11
40.75,H10_D-GalacturonicAcid,12
41.0,H10_D-GalacturonicAcid,12
41.25,H10_D-GalacturonicAcid,11
41.5,H10_D-GalacturonicAcid,12
41.75,H10_D-GalacturonicAcid,12
42.0,H10_D-GalacturonicAcid,16
42.25,H10_D-GalacturonicAcid,11
42.5,H10_D-GalacturonicAcid,11
42.75,H10_D-GalacturonicAcid,12
43.0,H10_D-GalacturonicAcid,11
43.25,H10_D-GalacturonicAcid,11
43.5,H10_D-GalacturonicAcid,11
43.75,H10_D-GalacturonicAcid,11
44.0,H10_D-GalacturonicAcid,13
44.25,H10_D-GalacturonicAcid,11
44.5,H10_D-GalacturonicAcid,11
44.75,H10_D-GalacturonicAcid,13
45.0,H10_D-GalacturonicAcid,12
45.25,H10_D-GalacturonicAcid,12
45.5,H10_D-GalacturonicAcid,12
45.75,H10_D-GalacturonicAcid,12
46.0,H10_D-GalacturonicAcid,11
46.25,H10_D-GalacturonicAcid,15
46.5,H10_D-GalacturonicAcid,14
46.75,H10_D-GalacturonicAcid,11
47.0,H10_D-GalacturonicAcid,14
47.25,H10_D-GalacturonicAcid,11
47.5,H10_D-GalacturonicAcid,14
47.75,H10_D-GalacturonicAcid,13
48.0,H10_D-GalacturonicAcid,11
48.25,H10_D-GalacturonicAcid,13
0.0,H11_Phenylethylamine,14
0.25,H11_Phenylethylamine,11
0.5,H11_Phenylethylamine,11
0.75,H11_Phenylethylamine,11
1.0,H11_Phenylethylamine,11
1.25,H11_Phenylethylamine,11
1.5,H11_Phenylethylamine,12
1.75,H11_Phenylethylamine,11
2.0,H11_Phenylethylamine,11
2.25,H11_Phenylethylamine,11
2.5,H11_Phenylethylamine,11
2.75,H11_Phenylethylamine,11
3.0,H11_Phenylethylamine,11
3.25,H11_Phenylethylamine,11
3.5,H11_Phenylethylamine,11
3.75,H11_Phenylethylamine,12
4.0,H11_Phenylethylamine,11
4.25,H11_Phenylethylamine,12
4.5,H11_Phenylethylamine,11
4.75,H11_Phenylethylamine,11
5.0,H11_Phenylethylamine,11
5.25,H11_Phenylethylamine,15
5.5,H11_Phenylethylamine,11
5.75,H11_Phenylethylamine,11
6.0,H11_Phenylethylamine,11
6.25,H11_Phenylethylamine,13
6.5,H11_Phenylethylamine,11
6.75,H11_Phenylethylamine,11
7.0,H11_Phenylethylamine,13
7.25,H11_Phenylethylamine,13
7.5,H11_Phenylethylamine,11
7.75,H11_Phenylethylamine,11
8.0,H11_Phenylethylamine,11
8.25,H11_Phenylethylamine,11
8.5,H11_Phenylethylamine,11
8.75,H11_Phenylethylamine,14
9.0,H11_Phenylethylamine,11
9.25,H11_Phenylethylamine,11
9.5,H11_Phenylethylamine,11
9.75,H11_Phenylethylamine,11
10.0,H11_Phenylethylamine,11
10.25,H11_Phenylethylamine,11
10.5,H11_Phenylethylamine,11
10.75,H11_Phenylethylamine,11
11.0,H11_Phenylethylamine,11
11.25,H11_Phenylethylamine,11
11.5,H11_Phenylethylamine,11
11.75,H11_Phenylethylamine,11
12.0,H11_Phenylethylamine,11
12.25,H11_Phenylethylamine,11
12.5,H11_Phenylethylamine,11
12.75,H11_Phenylethylamine,11
13.0,H11_Phenylethylamine,11
13.25,H11_Phenylethylamine,11
13.5,H11_Phenylethylamine,11
13.75,H11_Phenylethylamine,11
14.0,H11_Phenylethylamine,12
14.25,H11_Phenylethylamine,13
14.5,H11_Phenylethylamine,11
14.75,H11_Phenylethylamine,11
15.0,H11_Phenylethylamine,11
15.25,H11_Phenylethylamine,11
15.5,H11_Phenylethylamine,11
15.75,H11_Phenylethylamine,11
16.0,H11_Phenylethylamine,11
16.25,H11_Phenylethylamine,11
16.5,H11_Phenylethylamine,11
16.75,H11_Phenylethylamine,11
17.0,H11_Phenylethylamine,14
17.25,H11_Phenylethylamine,12
17.5,H11_Phenylethylamine,11
17.75,H11_Phenylethylamine,11
18.0,H11_Phenylethylamine,12
18.25,H11_Phenylethylamine,12
18.5,H11_Phenylethylamine,14
18.75,H11_Phenylethylamine,15
19.0,H11_Phenylethylamine,18
19.25,H11_Phenylethylamine,15
19.5,H11_Phenylethylamine,11
19.75,H11_Phenylethylamine,11
20.0,H11_Phenylethylamine,12
20.25,H11_Phenylethylamine,11
20.5,H11_Phenylethylamine,14
20.75,H11_Phenylethylamine,11
21.0,H11_Phenylethylamine,16
21.25,H11_Phenylethylamine,14
21.5,H11_Phenylethylamine,11
21.75,H11_Phenylethylamine,13
22.0,H11_Phenylethylamine,12
22.25,H11_Phenylethylamine,15
22.5,H11_Phenylethylamine,11
22.75,H11_Phenylethylamine,11
23.0,H11_Phenylethylamine,15
23.25,H11_Phenylethylamine,13
23.5,H11_Phenylethylamine,16
23.75,H11_Phenylethylamine,15
24.0,H11_Phenylethylamine,11
24.25,H11_Phenylethylamine,13
24.5,H11_Phenylethylamine,15
24.75,H11_Phenylethylamine,12
25.0,H11_Phenylethylamine,14
25.25,H11_Phenylethylamine,15
25.5,H11_Phenylethylamine,15
25.75,H11_Phenylethylamine,14
26.0,H11_Phenylethylamine,13
26.25,H11_Phenylethylamine,12
26.5,H11_Phenylethylamine,16
26.75,H11_Phenylethylamine,14
27.0,H11_Phenylethylamine,14
27.25,H11_Phenylethylamine,14
27.5,H11_Phenylethylamine,15
27.75,H11_Phenylethylamine,16
28.0,H11_Phenylethylamine,14
28.25,H11_Phenylethylamine,11
28.5,H11_Phenylethylamine,15
28.75,H11_Phenylethylamine,13
29.0,H11_Phenylethylamine,14
29.25,H11_Phenylethylamine,13
29.5,H11_Phenylethylamine,17
29.75,H11_Phenylethylamine,14
30.0,H11_Phenylethylamine,14
30.25,H11_Phenylethylamine,14
30.5,H11_Phenylethylamine,14
30.75,H11_Phenylethylamine,15
31.0,H11_Phenylethylamine,17
31.25,H11_Phenylethylamine,11
31.5,H11_Phenylethylamine,15
31.75,H11_Phenylethylamine,16
32.0,H11_Phenylethylamine,11
32.25,H11_Phenylethylamine,17
32.5,H11_Phenylethylamine,19
32.75,H11_Phenylethylamine,16
33.0,H11_Phenylethylamine,15
33.25,H11_Phenylethylamine,16
33.5,H11_Phenylethylamine,14
33.75,H11_Phenylethylamine,15
34.0,H11_Phenylethylamine,16
34.25,H11_Phenylethylamine,16
34.5,H11_Phenylethylamine,18
34.75,H11_Phenylethylamine,16
35.0,H11_Phenylethylamine,12
35.25,H11_Phenylethylamine,17
35.5,H11_Phenylethylamine,14
35.75,H11_Phenylethylamine,18
36.0,H11_Phenylethylamine,12
36.25,H11_Phenylethylamine,16
36.5,H11_Phenylethylamine,11
36.75,H11_Phenylethylamine,18
37.0,H11_Phenylethylamine,14
37.25,H11_Phenylethylamine,14
37.5,H11_Phenylethylamine,14
37.75,H11_Phenylethylamine,13
38.0,H11_Phenylethylamine,17
38.25,H11_Phenylethylamine,14
38.5,H11_Phenylethylamine,15
38.75,H11_Phenylethylamine,15
39.0,H11_Phenylethylamine,17
39.25,H11_Phenylethylamine,14
39.5,H11_Phenylethylamine,11
39.75,H11_Phenylethylamine,16
40.0,H11_Phenylethylamine,13
40.25,H11_Phenylethylamine,13
40.5,H11_Phenylethylamine,16
40.75,H11_Phenylethylamine,16
41.0,H11_Phenylethylamine,16
41.25,H11_Phenylethylamine,15
41.5,H11_Phenylethylamine,14
41.75,H11_Phenylethylamine,19
42.0,H11_Phenylethylamine,16
42.25,H11_Phenylethylamine,17
42.5,H11_Phenylethylamine,17
42.75,H11_Phenylethylamine,18
43.0,H11_Phenylethylamine,14
43.25,H11_Phenylethylamine,16
43.5,H11_Phenylethylamine,13
43.75,H11_Phenylethylamine,14
44.0,H11_Phenylethylamine,13
44.25,H11_Phenylethylamine,16
44.5,H11_Phenylethylamine,13
44.75,H11_Phenylethylamine,17
45.0,H11_Phenylethylamine,16
45.25,H11_Phenylethylamine,17
45.5,H11_Phenylethylamine,13
45.75,H11_Phenylethylamine,12
46.0,H11_Phenylethylamine,12
46.25,H11_Phenylethylamine,20
46.5,H11_Phenylethylamine,17
46.75,H11_Phenylethylamine,14
47.0,H11_Phenylethylamine,17
47.25,H11_Phenylethylamine,14
47.5,H11_Phenylethylamine,17
47.75,H11_Phenylethylamine,20
48.0,H11_Phenylethylamine,15
48.25,H11_Phenylethylamine,20
0.0,H12_2-Aminoethanol,15
0.25,H12_2-Aminoethanol,17
0.5,H12_2-Aminoethanol,15
0.75,H12_2-Aminoethanol,12
1.0,H12_2-Aminoethanol,16
1.25,H12_2-Aminoethanol,17
1.5,H12_2-Aminoethanol,16
1.75,H12_2-Aminoethanol,15
2.0,H12_2-Aminoethanol,13
2.25,H12_2-Aminoethanol,15
2.5,H12_2-Aminoethanol,11
2.75,H12_2-Aminoethanol,11
3.0,H12_2-Aminoethanol,14
3.25,H12_2-Aminoethanol,14
3.5,H12_2-Aminoethanol,16
3.75,H12_2-Aminoethanol,14
4.0,H12_2-Aminoethanol,17
4.25,H12_2-Aminoethanol,16
4.5,H12_2-Aminoethanol,16
4.75,H12_2-Aminoethanol,14
5.0,H12_2-Aminoethanol,12
5.25,H12_2-Aminoethanol,17
5.5,H12_2-Aminoethanol,11
5.75,H12_2-Aminoethanol,11
6.0,H12_2-Aminoethanol,14
6.25,H12_2-Aminoethanol,14
6.5,H12_2-Aminoethanol,13
6.75,H12_2-Aminoethanol,15
7.0,H12_2-Aminoethanol,16
7.25,H12_2-Aminoethanol,11
7.5,H12_2-Aminoethanol,14
7.75,H12_2-Aminoethanol,12
8.0,H12_2-Aminoethanol,13
8.25,H12_2-Aminoethanol,12
8.5,H12_2-Aminoethanol,12
8.75,H12_2-Aminoethanol,12
9.0,H12_2-Aminoethanol,15
9.25,H12_2-Aminoethanol,17
9.5,H12_2-Aminoethanol,18
9.75,H12_2-Aminoethanol,17
10.0,H12_2-Aminoethanol,15
10.25,H12_2-Aminoethanol,13
10.5,H12_2-Aminoethanol,12
10.75,H12_2-Aminoethanol,16
11.0,H12_2-Aminoethanol,16
11.25,H12_2-Aminoethanol,16
11.5,H12_2-Aminoethanol,13
11.75,H12_2-Aminoethanol,16
12.0,H12_2-Aminoethanol,16
12.25,H12_2-Aminoethanol,17
12.5,H12_2-Aminoethanol,20
12.75,H12_2-Aminoethanol,16
13.0,H12_2-Aminoethanol,20
13.25,H12_2-Aminoethanol,17
13.5,H12_2-Aminoethanol,19
13.75,H12_2-Aminoethanol,15
14.0,H12_2-Aminoethanol,21
14.25,H12_2-Aminoethanol,16
14.5,H12_2-Aminoethanol,14
14.75,H12_2-Aminoethanol,19
15.0,H12_2-Aminoethanol,15
15.25,H12_2-Aminoethanol,18
15.5,H12_2-Aminoethanol,17
15.75,H12_2-Aminoethanol,20
16.0,H12_2-Aminoethanol,19
16.25,H12_2-Aminoethanol,18
16.5,H12_2-Aminoethanol,18
16.75,H12_2-Aminoethanol,16
17.0,H12_2-Aminoethanol,23
17.25,H12_2-Aminoethanol,18
17.5,H12_2-Aminoethanol,16
17.75,H12_2-Aminoethanol,18
18.0,H12_2-Aminoethanol,20
18.25,H12_2-Aminoethanol,22
18.5,H12_2-Aminoethanol,24
18.75,H12_2-Aminoethanol,16
19.0,H12_2-Aminoethanol,22
19.25,H12_2-Aminoethanol,21
19.5,H12_2-Aminoethanol,21
19.75,H12_2-Aminoethanol,23
20.0,H12_2-Aminoethanol,19
20.25,H12_2-Aminoethanol,23
20.5,H12_2-Aminoethanol,23
20.75,H12_2-Aminoethanol,23
21.0,H12_2-Aminoethanol,21
21.25,H12_2-Aminoethanol,19
21.5,H12_2-Aminoethanol,24
21.75,H12_2-Aminoethanol,21
22.0,H12_2-Aminoethanol,25
22.25,H12_2-Aminoethanol,24
22.5,H12_2-Aminoethanol,21
22.75,H12_2-Aminoethanol,23
23.0,H12_2-Aminoethanol,20
23.25,H12_2-Aminoethanol,24
23.5,H12_2-Aminoethanol,24
23.75,H12_2-Aminoethanol,25
24.0,H12_2-Aminoethanol,20
24.25,H12_2-Aminoethanol,23
24.5,H12_2-Aminoethanol,23
24.75,H12_2-Aminoethanol,23
25.0,H12_2-Aminoethanol,23
25.25,H12_2-Aminoethanol,23
25.5,H12_2-Aminoethanol,26
25.75,H12_2-Aminoethanol,26
26.0,H12_2-Aminoethanol,23
26.25,H12_2-Aminoethanol,24
26.5,H12_2-Aminoethanol,24
26.75,H12_2-Aminoethanol,26
27.0,H12_2-Aminoethanol,19
27.25,H12_2-Aminoethanol,26
27.5,H12_2-Aminoethanol,27
27.75,H12_2-Aminoethanol,25
28.0,H12_2-Aminoethanol,24
28.25,H12_2-Aminoethanol,28
28.5,H12_2-Aminoethanol,28
28.75,H12_2-Aminoethanol,24
29.0,H12_2-Aminoethanol,28
29.25,H12_2-Aminoethanol,31
29.5,H12_2-Aminoethanol,24
29.75,H12_2-Aminoethanol,28
30.0,H12_2-Aminoethanol,25
30.25,H12_2-Aminoethanol,29
30.5,H12_2-Aminoethanol,25
30.75,H12_2-Aminoethanol,26
31.0,H12_2-Aminoethanol,21
31.25,H12_2-Aminoethanol,30
31.5,H12_2-Aminoethanol,26
31.75,H12_2-Aminoethanol,27
32.0,H12_2-Aminoethanol,27
32.25,H12_2-Aminoethanol,29
32.5,H12_2-Aminoethanol,30
32.75,H12_2-Aminoethanol,28
33.0,H12_2-Aminoethanol,31
33.25,H12_2-Aminoethanol,28
33.5,H12_2-Aminoethanol,30
33.75,H12_2-Aminoethanol,29
34.0,H12_2-Aminoethanol,27
34.25,H12_2-Aminoethanol,27
34.5,H12_2-Aminoethanol,26
34.75,H12_2-Aminoethanol,26
35.0,H12_2-Aminoethanol,34
35.25,H12_2-Aminoethanol,27
35.5,H12_2-Aminoethanol,27
35.75,H12_2-Aminoethanol,25
36.0,H12_2-Aminoethanol,27
36.25,H12_2-Aminoethanol,29
36.5,H12_2-Aminoethanol,30
36.75,H12_2-Aminoethanol,29
37.0,H12_2-Aminoethanol,27
37.25,H12_2-Aminoethanol,27
37.5,H12_2-Aminoethanol,24
37.75,H12_2-Aminoethanol,27
38.0,H12_2-Aminoethanol,26
38.25,H12_2-Aminoethanol,28
38.5,H12_2-Aminoethanol,27
38.75,H12_2-Aminoethanol,27
39.0,H12_2-Aminoethanol,30
39.25,H12_2-Aminoethanol,30
39.5,H12_2-Aminoethanol,27
39.75,H12_2-Aminoethanol,30
40.0,H12_2-Aminoethanol,29
40.25,H12_2-Aminoethanol,28
40.5,H12_2-Aminoethanol,31
40.75,H12_2-Aminoethanol,30
41.0,H12_2-Aminoethanol,28
41.25,H12_2-Aminoethanol,30
41.5,H12_2-Aminoethanol,29
41.75,H12_2-Aminoethanol,27
42.0,H12_2-Aminoethanol,29
42.25,H12_2-Aminoethanol,27
42.5,H12_2-Aminoethanol,29
42.75,H12_2-Aminoethanol,30
43.0,H12_2-Aminoethanol,32
43.25,H12_2-Aminoethanol,31
43.5,H12_2-Aminoethanol,28
43.75,H12_2-Aminoethanol,30
44.0,H12_2-Aminoethanol,27
44.25,H12_2-Aminoethanol,28
44.5,H12_2-Aminoethanol,26
44.75,H12_2-Aminoethanol,28
45.0,H12_2-Aminoethanol,31
45.25,H12_2-Aminoethanol,31
45.5,H12_2-Aminoethanol,32
45.75,H12_2-Aminoethanol,35
46.0,H12_2-Aminoethanol,32
46.25,H12_2-Aminoethanol,33
46.5,H12_2-Aminoethanol,33
46.75,H12_2-Aminoethanol,31
47.0,H12_2-Aminoethanol,35
47.25,H12_2-Aminoethanol,32
47.5,H12_2-Aminoethanol,31
47.75,H12_2-Aminoethanol,34
48.0,H12_2-Aminoethanol,30
48.25,H12_2-Aminoethanol,34
