Hour,Type,Value
0.0,A1_Negative_Control,19
0.25,A1_Negative_Control,14
0.5,A1_Negative_Control,19
0.75,A1_Negative_Control,15
1.0,A1_Negative_Control,18
1.25,A1_Negative_Control,15
1.5,A1_Negative_Control,16
1.75,A1_Negative_Control,12
2.0,A1_Negative_Control,18
2.25,A1_Negative_Control,12
2.5,A1_Negative_Control,13
2.75,A1_Negative_Control,14
3.0,A1_Negative_Control,14
3.25,A1_Negative_Control,13
3.5,A1_Negative_Control,17
3.75,A1_Negative_Control,12
4.0,A1_Negative_Control,16
4.25,A1_Negative_Control,12
4.5,A1_Negative_Control,14
4.75,A1_Negative_Control,13
5.0,A1_Negative_Control,12
5.25,A1_Negative_Control,16
5.5,A1_Negative_Control,14
5.75,A1_Negative_Control,14
6.0,A1_Negative_Control,15
6.25,A1_Negative_Control,11
6.5,A1_Negative_Control,14
6.75,A1_Negative_Control,15
7.0,A1_Negative_Control,15
7.25,A1_Negative_Control,14
7.5,A1_Negative_Control,11
7.75,A1_Negative_Control,15
8.0,A1_Negative_Control,14
8.25,A1_Negative_Control,13
8.5,A1_Negative_Control,15
8.75,A1_Negative_Control,14
9.0,A1_Negative_Control,12
9.25,A1_Negative_Control,17
9.5,A1_Negative_Control,15
9.75,A1_Negative_Control,11
10.0,A1_Negative_Control,17
10.25,A1_Negative_Control,13
10.5,A1_Negative_Control,13
10.75,A1_Negative_Control,11
11.0,A1_Negative_Control,13
11.25,A1_Negative_Control,13
11.5,A1_Negative_Control,16
11.75,A1_Negative_Control,17
12.0,A1_Negative_Control,15
12.25,A1_Negative_Control,16
12.5,A1_Negative_Control,14
12.75,A1_Negative_Control,19
13.0,A1_Negative_Control,15
13.25,A1_Negative_Control,16
13.5,A1_Negative_Control,17
13.75,A1_Negative_Control,15
14.0,A1_Negative_Control,16
14.25,A1_Negative_Control,16
14.5,A1_Negative_Control,17
14.75,A1_Negative_Control,15
15.0,A1_Negative_Control,19
15.25,A1_Negative_Control,18
15.5,A1_Negative_Control,18
15.75,A1_Negative_Control,17
16.0,A1_Negative_Control,15
16.25,A1_Negative_Control,14
16.5,A1_Negative_Control,20
16.75,A1_Negative_Control,19
17.0,A1_Negative_Control,21
17.25,A1_Negative_Control,21
17.5,A1_Negative_Control,21
17.75,A1_Negative_Control,18
18.0,A1_Negative_Control,19
18.25,A1_Negative_Control,20
18.5,A1_Negative_Control,19
18.75,A1_Negative_Control,21
19.0,A1_Negative_Control,22
19.25,A1_Negative_Control,22
19.5,A1_Negative_Control,26
19.75,A1_Negative_Control,18
20.0,A1_Negative_Control,24
20.25,A1_Negative_Control,22
20.5,A1_Negative_Control,24
20.75,A1_Negative_Control,23
21.0,A1_Negative_Control,24
21.25,A1_Negative_Control,23
21.5,A1_Negative_Control,24
21.75,A1_Negative_Control,23
22.0,A1_Negative_Control,24
22.25,A1_Negative_Control,24
22.5,A1_Negative_Control,23
22.75,A1_Negative_Control,23
23.0,A1_Negative_Control,21
23.25,A1_Negative_Control,25
23.5,A1_Negative_Control,22
23.75,A1_Negative_Control,22
24.0,A1_Negative_Control,26
24.25,A1_Negative_Control,24
24.5,A1_Negative_Control,24
24.75,A1_Negative_Control,24
25.0,A1_Negative_Control,24
25.25,A1_Negative_Control,26
25.5,A1_Negative_Control,25
25.75,A1_Negative_Control,23
26.0,A1_Negative_Control,20
26.25,A1_Negative_Control,22
26.5,A1_Negative_Control,18
26.75,A1_Negative_Control,24
27.0,A1_Negative_Control,24
27.25,A1_Negative_Control,28
27.5,A1_Negative_Control,22
27.75,A1_Negative_Control,26
28.0,A1_Negative_Control,31
28.25,A1_Negative_Control,22
28.5,A1_Negative_Control,27
28.75,A1_Negative_Control,23
29.0,A1_Negative_Control,25
29.25,A1_Negative_Control,25
29.5,A1_Negative_Control,24
29.75,A1_Negative_Control,23
30.0,A1_Negative_Control,23
30.25,A1_Negative_Control,25
30.5,A1_Negative_Control,25
30.75,A1_Negative_Control,19
31.0,A1_Negative_Control,23
31.25,A1_Negative_Control,24
31.5,A1_Negative_Control,22
31.75,A1_Negative_Control,25
32.0,A1_Negative_Control,23
32.25,A1_Negative_Control,21
32.5,A1_Negative_Control,24
32.75,A1_Negative_Control,18
33.0,A1_Negative_Control,24
33.25,A1_Negative_Control,24
33.5,A1_Negative_Control,23
33.75,A1_Negative_Control,22
34.0,A1_Negative_Control,23
34.25,A1_Negative_Control,21
34.5,A1_Negative_Control,24
34.75,A1_Negative_Control,26
35.0,A1_Negative_Control,21
35.25,A1_Negative_Control,24
35.5,A1_Negative_Control,23
35.75,A1_Negative_Control,23
36.0,A1_Negative_Control,24
36.25,A1_Negative_Control,22
36.5,A1_Negative_Control,26
36.75,A1_Negative_Control,20
37.0,A1_Negative_Control,25
37.25,A1_Negative_Control,20
37.5,A1_Negative_Control,22
37.75,A1_Negative_Control,20
38.0,A1_Negative_Control,19
38.25,A1_Negative_Control,20
38.5,A1_Negative_Control,21
38.75,A1_Negative_Control,25
39.0,A1_Negative_Control,26
39.25,A1_Negative_Control,22
39.5,A1_Negative_Control,24
39.75,A1_Negative_Control,23
40.0,A1_Negative_Control,25
40.25,A1_Negative_Control,22
40.5,A1_Negative_Control,22
40.75,A1_Negative_Control,21
41.0,A1_Negative_Control,27
41.25,A1_Negative_Control,22
41.5,A1_Negative_Control,25
41.75,A1_Negative_Control,28
42.0,A1_Negative_Control,24
42.25,A1_Negative_Control,22
42.5,A1_Negative_Control,31
42.75,A1_Negative_Control,26
43.0,A1_Negative_Control,20
43.25,A1_Negative_Control,22
43.5,A1_Negative_Control,26
43.75,A1_Negative_Control,26
44.0,A1_Negative_Control,26
44.25,A1_Negative_Control,21
44.5,A1_Negative_Control,29
44.75,A1_Negative_Control,23
45.0,A1_Negative_Control,20
45.25,A1_Negative_Control,27
45.5,A1_Negative_Control,30
45.75,A1_Negative_Control,23
46.0,A1_Negative_Control,23
46.25,A1_Negative_Control,24
46.5,A1_Negative_Control,22
46.75,A1_Negative_Control,25
47.0,A1_Negative_Control,23
47.25,A1_Negative_Control,26
47.5,A1_Negative_Control,27
47.75,A1_Negative_Control,24
48.0,A1_Negative_Control,28
48.25,A1_Negative_Control,23
0.0,A2_L-Arabinose,36
0.25,A2_L-Arabinose,40
0.5,A2_L-Arabinose,42
0.75,A2_L-Arabinose,41
1.0,A2_L-Arabinose,43
1.25,A2_L-Arabinose,46
1.5,A2_L-Arabinose,44
1.75,A2_L-Arabinose,40
2.0,A2_L-Arabinose,49
2.25,A2_L-Arabinose,43
2.5,A2_L-Arabinose,49
2.75,A2_L-Arabinose,49
3.0,A2_L-Arabinose,48
3.25,A2_L-Arabinose,46
3.5,A2_L-Arabinose,46
3.75,A2_L-Arabinose,44
4.0,A2_L-Arabinose,48
4.25,A2_L-Arabinose,45
4.5,A2_L-Arabinose,45
4.75,A2_L-Arabinose,53
5.0,A2_L-Arabinose,49
5.25,A2_L-Arabinose,50
5.5,A2_L-Arabinose,48
5.75,A2_L-Arabinose,46
6.0,A2_L-Arabinose,46
6.25,A2_L-Arabinose,50
6.5,A2_L-Arabinose,45
6.75,A2_L-Arabinose,49
7.0,A2_L-Arabinose,51
7.25,A2_L-Arabinose,47
7.5,A2_L-Arabinose,50
7.75,A2_L-Arabinose,48
8.0,A2_L-Arabinose,50
8.25,A2_L-Arabinose,45
8.5,A2_L-Arabinose,50
8.75,A2_L-Arabinose,54
9.0,A2_L-Arabinose,48
9.25,A2_L-Arabinose,51
9.5,A2_L-Arabinose,50
9.75,A2_L-Arabinose,47
10.0,A2_L-Arabinose,51
10.25,A2_L-Arabinose,50
10.5,A2_L-Arabinose,48
10.75,A2_L-Arabinose,52
11.0,A2_L-Arabinose,50
11.25,A2_L-Arabinose,49
11.5,A2_L-Arabinose,49
11.75,A2_L-Arabinose,51
12.0,A2_L-Arabinose,57
12.25,A2_L-Arabinose,51
12.5,A2_L-Arabinose,51
12.75,A2_L-Arabinose,53
13.0,A2_L-Arabinose,52
13.25,A2_L-Arabinose,54
13.5,A2_L-Arabinose,53
13.75,A2_L-Arabinose,52
14.0,A2_L-Arabinose,55
14.25,A2_L-Arabinose,48
14.5,A2_L-Arabinose,52
14.75,A2_L-Arabinose,50
15.0,A2_L-Arabinose,50
15.25,A2_L-Arabinose,51
15.5,A2_L-Arabinose,53
15.75,A2_L-Arabinose,55
16.0,A2_L-Arabinose,54
16.25,A2_L-Arabinose,52
16.5,A2_L-Arabinose,50
16.75,A2_L-Arabinose,49
17.0,A2_L-Arabinose,52
17.25,A2_L-Arabinose,53
17.5,A2_L-Arabinose,50
17.75,A2_L-Arabinose,55
18.0,A2_L-Arabinose,51
18.25,A2_L-Arabinose,53
18.5,A2_L-Arabinose,50
18.75,A2_L-Arabinose,50
19.0,A2_L-Arabinose,52
19.25,A2_L-Arabinose,51
19.5,A2_L-Arabinose,50
19.75,A2_L-Arabinose,52
20.0,A2_L-Arabinose,54
20.25,A2_L-Arabinose,56
20.5,A2_L-Arabinose,53
20.75,A2_L-Arabinose,53
21.0,A2_L-Arabinose,55
21.25,A2_L-Arabinose,50
21.5,A2_L-Arabinose,56
21.75,A2_L-Arabinose,56
22.0,A2_L-Arabinose,54
22.25,A2_L-Arabinose,53
22.5,A2_L-Arabinose,53
22.75,A2_L-Arabinose,53
23.0,A2_L-Arabinose,52
23.25,A2_L-Arabinose,51
23.5,A2_L-Arabinose,49
23.75,A2_L-Arabinose,55
24.0,A2_L-Arabinose,50
24.25,A2_L-Arabinose,52
24.5,A2_L-Arabinose,48
24.75,A2_L-Arabinose,53
25.0,A2_L-Arabinose,51
25.25,A2_L-Arabinose,52
25.5,A2_L-Arabinose,51
25.75,A2_L-Arabinose,53
26.0,A2_L-Arabinose,52
26.25,A2_L-Arabinose,52
26.5,A2_L-Arabinose,51
26.75,A2_L-Arabinose,52
27.0,A2_L-Arabinose,51
27.25,A2_L-Arabinose,50
27.5,A2_L-Arabinose,51
27.75,A2_L-Arabinose,53
28.0,A2_L-Arabinose,50
28.25,A2_L-Arabinose,53
28.5,A2_L-Arabinose,52
28.75,A2_L-Arabinose,54
29.0,A2_L-Arabinose,54
29.25,A2_L-Arabinose,57
29.5,A2_L-Arabinose,53
29.75,A2_L-Arabinose,55
30.0,A2_L-Arabinose,53
30.25,A2_L-Arabinose,53
30.5,A2_L-Arabinose,53
30.75,A2_L-Arabinose,53
31.0,A2_L-Arabinose,54
31.25,A2_L-Arabinose,54
31.5,A2_L-Arabinose,50
31.75,A2_L-Arabinose,55
32.0,A2_L-Arabinose,50
32.25,A2_L-Arabinose,59
32.5,A2_L-Arabinose,56
32.75,A2_L-Arabinose,53
33.0,A2_L-Arabinose,57
33.25,A2_L-Arabinose,51
33.5,A2_L-Arabinose,58
33.75,A2_L-Arabinose,56
34.0,A2_L-Arabinose,50
34.25,A2_L-Arabinose,54
34.5,A2_L-Arabinose,55
34.75,A2_L-Arabinose,56
35.0,A2_L-Arabinose,53
35.25,A2_L-Arabinose,59
35.5,A2_L-Arabinose,58
35.75,A2_L-Arabinose,54
36.0,A2_L-Arabinose,54
36.25,A2_L-Arabinose,53
36.5,A2_L-Arabinose,56
36.75,A2_L-Arabinose,55
37.0,A2_L-Arabinose,52
37.25,A2_L-Arabinose,58
37.5,A2_L-Arabinose,57
37.75,A2_L-Arabinose,51
38.0,A2_L-Arabinose,55
38.25,A2_L-Arabinose,56
38.5,A2_L-Arabinose,53
38.75,A2_L-Arabinose,56
39.0,A2_L-Arabinose,58
39.25,A2_L-Arabinose,56
39.5,A2_L-Arabinose,54
39.75,A2_L-Arabinose,55
40.0,A2_L-Arabinose,58
40.25,A2_L-Arabinose,54
40.5,A2_L-Arabinose,55
40.75,A2_L-Arabinose,57
41.0,A2_L-Arabinose,57
41.25,A2_L-Arabinose,54
41.5,A2_L-Arabinose,61
41.75,A2_L-Arabinose,58
42.0,A2_L-Arabinose,56
42.25,A2_L-Arabinose,56
42.5,A2_L-Arabinose,63
42.75,A2_L-Arabinose,56
43.0,A2_L-Arabinose,55
43.25,A2_L-Arabinose,59
43.5,A2_L-Arabinose,61
43.75,A2_L-Arabinose,61
44.0,A2_L-Arabinose,59
44.25,A2_L-Arabinose,56
44.5,A2_L-Arabinose,58
44.75,A2_L-Arabinose,60
45.0,A2_L-Arabinose,59
45.25,A2_L-Arabinose,59
45.5,A2_L-Arabinose,57
45.75,A2_L-Arabinose,58
46.0,A2_L-Arabinose,58
46.25,A2_L-Arabinose,61
46.5,A2_L-Arabinose,61
46.75,A2_L-Arabinose,62
47.0,A2_L-Arabinose,56
47.25,A2_L-Arabinose,64
47.5,A2_L-Arabinose,58
47.75,A2_L-Arabinose,66
48.0,A2_L-Arabinose,60
48.25,A2_L-Arabinose,59
0.0,A3_N-Acetyl-D_Glucosamine,11
0.25,A3_N-Acetyl-D_Glucosamine,11
0.5,A3_N-Acetyl-D_Glucosamine,11
0.75,A3_N-Acetyl-D_Glucosamine,11
1.0,A3_N-Acetyl-D_Glucosamine,11
1.25,A3_N-Acetyl-D_Glucosamine,11
1.5,A3_N-Acetyl-D_Glucosamine,11
1.75,A3_N-Acetyl-D_Glucosamine,11
2.0,A3_N-Acetyl-D_Glucosamine,11
2.25,A3_N-Acetyl-D_Glucosamine,11
2.5,A3_N-Acetyl-D_Glucosamine,11
2.75,A3_N-Acetyl-D_Glucosamine,11
3.0,A3_N-Acetyl-D_Glucosamine,11
3.25,A3_N-Acetyl-D_Glucosamine,11
3.5,A3_N-Acetyl-D_Glucosamine,11
3.75,A3_N-Acetyl-D_Glucosamine,11
4.0,A3_N-Acetyl-D_Glucosamine,11
4.25,A3_N-Acetyl-D_Glucosamine,11
4.5,A3_N-Acetyl-D_Glucosamine,15
4.75,A3_N-Acetyl-D_Glucosamine,11
5.0,A3_N-Acetyl-D_Glucosamine,11
5.25,A3_N-Acetyl-D_Glucosamine,11
5.5,A3_N-Acetyl-D_Glucosamine,11
5.75,A3_N-Acetyl-D_Glucosamine,11
6.0,A3_N-Acetyl-D_Glucosamine,11
6.25,A3_N-Acetyl-D_Glucosamine,11
6.5,A3_N-Acetyl-D_Glucosamine,11
6.75,A3_N-Acetyl-D_Glucosamine,11
7.0,A3_N-Acetyl-D_Glucosamine,11
7.25,A3_N-Acetyl-D_Glucosamine,11
7.5,A3_N-Acetyl-D_Glucosamine,11
7.75,A3_N-Acetyl-D_Glucosamine,11
8.0,A3_N-Acetyl-D_Glucosamine,11
8.25,A3_N-Acetyl-D_Glucosamine,11
8.5,A3_N-Acetyl-D_Glucosamine,11
8.75,A3_N-Acetyl-D_Glucosamine,11
9.0,A3_N-Acetyl-D_Glucosamine,11
9.25,A3_N-Acetyl-D_Glucosamine,11
9.5,A3_N-Acetyl-D_Glucosamine,11
9.75,A3_N-Acetyl-D_Glucosamine,11
10.0,A3_N-Acetyl-D_Glucosamine,11
10.25,A3_N-Acetyl-D_Glucosamine,11
10.5,A3_N-Acetyl-D_Glucosamine,11
10.75,A3_N-Acetyl-D_Glucosamine,11
11.0,A3_N-Acetyl-D_Glucosamine,11
11.25,A3_N-Acetyl-D_Glucosamine,11
11.5,A3_N-Acetyl-D_Glucosamine,11
11.75,A3_N-Acetyl-D_Glucosamine,11
12.0,A3_N-Acetyl-D_Glucosamine,11
12.25,A3_N-Acetyl-D_Glucosamine,11
12.5,A3_N-Acetyl-D_Glucosamine,11
12.75,A3_N-Acetyl-D_Glucosamine,11
13.0,A3_N-Acetyl-D_Glucosamine,11
13.25,A3_N-Acetyl-D_Glucosamine,11
13.5,A3_N-Acetyl-D_Glucosamine,11
13.75,A3_N-Acetyl-D_Glucosamine,11
14.0,A3_N-Acetyl-D_Glucosamine,11
14.25,A3_N-Acetyl-D_Glucosamine,11
14.5,A3_N-Acetyl-D_Glucosamine,11
14.75,A3_N-Acetyl-D_Glucosamine,11
15.0,A3_N-Acetyl-D_Glucosamine,11
15.25,A3_N-Acetyl-D_Glucosamine,11
15.5,A3_N-Acetyl-D_Glucosamine,11
15.75,A3_N-Acetyl-D_Glucosamine,11
16.0,A3_N-Acetyl-D_Glucosamine,11
16.25,A3_N-Acetyl-D_Glucosamine,11
16.5,A3_N-Acetyl-D_Glucosamine,11
16.75,A3_N-Acetyl-D_Glucosamine,11
17.0,A3_N-Acetyl-D_Glucosamine,11
17.25,A3_N-Acetyl-D_Glucosamine,11
17.5,A3_N-Acetyl-D_Glucosamine,11
17.75,A3_N-Acetyl-D_Glucosamine,11
18.0,A3_N-Acetyl-D_Glucosamine,11
18.25,A3_N-Acetyl-D_Glucosamine,11
18.5,A3_N-Acetyl-D_Glucosamine,11
18.75,A3_N-Acetyl-D_Glucosamine,11
19.0,A3_N-Acetyl-D_Glucosamine,11
19.25,A3_N-Acetyl-D_Glucosamine,11
19.5,A3_N-Acetyl-D_Glucosamine,11
19.75,A3_N-Acetyl-D_Glucosamine,11
20.0,A3_N-Acetyl-D_Glucosamine,11
20.25,A3_N-Acetyl-D_Glucosamine,11
20.5,A3_N-Acetyl-D_Glucosamine,11
20.75,A3_N-Acetyl-D_Glucosamine,11
21.0,A3_N-Acetyl-D_Glucosamine,11
21.25,A3_N-Acetyl-D_Glucosamine,11
21.5,A3_N-Acetyl-D_Glucosamine,11
21.75,A3_N-Acetyl-D_Glucosamine,11
22.0,A3_N-Acetyl-D_Glucosamine,11
22.25,A3_N-Acetyl-D_Glucosamine,11
22.5,A3_N-Acetyl-D_Glucosamine,11
22.75,A3_N-Acetyl-D_Glucosamine,11
23.0,A3_N-Acetyl-D_Glucosamine,11
23.25,A3_N-Acetyl-D_Glucosamine,11
23.5,A3_N-Acetyl-D_Glucosamine,11
23.75,A3_N-Acetyl-D_Glucosamine,12
24.0,A3_N-Acetyl-D_Glucosamine,11
24.25,A3_N-Acetyl-D_Glucosamine,11
24.5,A3_N-Acetyl-D_Glucosamine,11
24.75,A3_N-Acetyl-D_Glucosamine,11
25.0,A3_N-Acetyl-D_Glucosamine,14
25.25,A3_N-Acetyl-D_Glucosamine,11
25.5,A3_N-Acetyl-D_Glucosamine,11
25.75,A3_N-Acetyl-D_Glucosamine,11
26.0,A3_N-Acetyl-D_Glucosamine,11
26.25,A3_N-Acetyl-D_Glucosamine,11
26.5,A3_N-Acetyl-D_Glucosamine,14
26.75,A3_N-Acetyl-D_Glucosamine,11
27.0,A3_N-Acetyl-D_Glucosamine,13
27.25,A3_N-Acetyl-D_Glucosamine,12
27.5,A3_N-Acetyl-D_Glucosamine,11
27.75,A3_N-Acetyl-D_Glucosamine,15
28.0,A3_N-Acetyl-D_Glucosamine,14
28.25,A3_N-Acetyl-D_Glucosamine,13
28.5,A3_N-Acetyl-D_Glucosamine,18
28.75,A3_N-Acetyl-D_Glucosamine,12
29.0,A3_N-Acetyl-D_Glucosamine,15
29.25,A3_N-Acetyl-D_Glucosamine,16
29.5,A3_N-Acetyl-D_Glucosamine,17
29.75,A3_N-Acetyl-D_Glucosamine,15
30.0,A3_N-Acetyl-D_Glucosamine,16
30.25,A3_N-Acetyl-D_Glucosamine,14
30.5,A3_N-Acetyl-D_Glucosamine,17
30.75,A3_N-Acetyl-D_Glucosamine,18
31.0,A3_N-Acetyl-D_Glucosamine,21
31.25,A3_N-Acetyl-D_Glucosamine,18
31.5,A3_N-Acetyl-D_Glucosamine,21
31.75,A3_N-Acetyl-D_Glucosamine,20
32.0,A3_N-Acetyl-D_Glucosamine,20
32.25,A3_N-Acetyl-D_Glucosamine,22
32.5,A3_N-Acetyl-D_Glucosamine,18
32.75,A3_N-Acetyl-D_Glucosamine,18
33.0,A3_N-Acetyl-D_Glucosamine,20
33.25,A3_N-Acetyl-D_Glucosamine,20
33.5,A3_N-Acetyl-D_Glucosamine,24
33.75,A3_N-Acetyl-D_Glucosamine,25
34.0,A3_N-Acetyl-D_Glucosamine,27
34.25,A3_N-Acetyl-D_Glucosamine,24
34.5,A3_N-Acetyl-D_Glucosamine,24
34.75,A3_N-Acetyl-D_Glucosamine,23
35.0,A3_N-Acetyl-D_Glucosamine,21
35.25,A3_N-Acetyl-D_Glucosamine,29
35.5,A3_N-Acetyl-D_Glucosamine,27
35.75,A3_N-Acetyl-D_Glucosamine,29
36.0,A3_N-Acetyl-D_Glucosamine,30
36.25,A3_N-Acetyl-D_Glucosamine,27
36.5,A3_N-Acetyl-D_Glucosamine,30
36.75,A3_N-Acetyl-D_Glucosamine,29
37.0,A3_N-Acetyl-D_Glucosamine,28
37.25,A3_N-Acetyl-D_Glucosamine,31
37.5,A3_N-Acetyl-D_Glucosamine,33
37.75,A3_N-Acetyl-D_Glucosamine,32
38.0,A3_N-Acetyl-D_Glucosamine,33
38.25,A3_N-Acetyl-D_Glucosamine,34
38.5,A3_N-Acetyl-D_Glucosamine,33
38.75,A3_N-Acetyl-D_Glucosamine,36
39.0,A3_N-Acetyl-D_Glucosamine,37
39.25,A3_N-Acetyl-D_Glucosamine,34
39.5,A3_N-Acetyl-D_Glucosamine,38
39.75,A3_N-Acetyl-D_Glucosamine,36
40.0,A3_N-Acetyl-D_Glucosamine,41
40.25,A3_N-Acetyl-D_Glucosamine,38
40.5,A3_N-Acetyl-D_Glucosamine,42
40.75,A3_N-Acetyl-D_Glucosamine,38
41.0,A3_N-Acetyl-D_Glucosamine,42
41.25,A3_N-Acetyl-D_Glucosamine,43
41.5,A3_N-Acetyl-D_Glucosamine,43
41.75,A3_N-Acetyl-D_Glucosamine,45
42.0,A3_N-Acetyl-D_Glucosamine,44
42.25,A3_N-Acetyl-D_Glucosamine,49
42.5,A3_N-Acetyl-D_Glucosamine,48
42.75,A3_N-Acetyl-D_Glucosamine,51
43.0,A3_N-Acetyl-D_Glucosamine,48
43.25,A3_N-Acetyl-D_Glucosamine,45
43.5,A3_N-Acetyl-D_Glucosamine,50
43.75,A3_N-Acetyl-D_Glucosamine,50
44.0,A3_N-Acetyl-D_Glucosamine,50
44.25,A3_N-Acetyl-D_Glucosamine,48
44.5,A3_N-Acetyl-D_Glucosamine,52
44.75,A3_N-Acetyl-D_Glucosamine,54
45.0,A3_N-Acetyl-D_Glucosamine,54
45.25,A3_N-Acetyl-D_Glucosamine,52
45.5,A3_N-Acetyl-D_Glucosamine,57
45.75,A3_N-Acetyl-D_Glucosamine,54
46.0,A3_N-Acetyl-D_Glucosamine,59
46.25,A3_N-Acetyl-D_Glucosamine,57
46.5,A3_N-Acetyl-D_Glucosamine,57
46.75,A3_N-Acetyl-D_Glucosamine,51
47.0,A3_N-Acetyl-D_Glucosamine,55
47.25,A3_N-Acetyl-D_Glucosamine,60
47.5,A3_N-Acetyl-D_Glucosamine,61
47.75,A3_N-Acetyl-D_Glucosamine,59
48.0,A3_N-Acetyl-D_Glucosamine,62
48.25,A3_N-Acetyl-D_Glucosamine,65
0.0,A4_D-Saccharic_Acid,11
0.25,A4_D-Saccharic_Acid,11
0.5,A4_D-Saccharic_Acid,11
0.75,A4_D-Saccharic_Acid,11
1.0,A4_D-Saccharic_Acid,11
1.25,A4_D-Saccharic_Acid,11
1.5,A4_D-Saccharic_Acid,11
1.75,A4_D-Saccharic_Acid,11
2.0,A4_D-Saccharic_Acid,11
2.25,A4_D-Saccharic_Acid,11
2.5,A4_D-Saccharic_Acid,11
2.75,A4_D-Saccharic_Acid,11
3.0,A4_D-Saccharic_Acid,11
3.25,A4_D-Saccharic_Acid,11
3.5,A4_D-Saccharic_Acid,11
3.75,A4_D-Saccharic_Acid,11
4.0,A4_D-Saccharic_Acid,11
4.25,A4_D-Saccharic_Acid,11
4.5,A4_D-Saccharic_Acid,11
4.75,A4_D-Saccharic_Acid,11
5.0,A4_D-Saccharic_Acid,11
5.25,A4_D-Saccharic_Acid,11
5.5,A4_D-Saccharic_Acid,11
5.75,A4_D-Saccharic_Acid,11
6.0,A4_D-Saccharic_Acid,11
6.25,A4_D-Saccharic_Acid,11
6.5,A4_D-Saccharic_Acid,11
6.75,A4_D-Saccharic_Acid,11
7.0,A4_D-Saccharic_Acid,11
7.25,A4_D-Saccharic_Acid,11
7.5,A4_D-Saccharic_Acid,11
7.75,A4_D-Saccharic_Acid,11
8.0,A4_D-Saccharic_Acid,11
8.25,A4_D-Saccharic_Acid,11
8.5,A4_D-Saccharic_Acid,11
8.75,A4_D-Saccharic_Acid,11
9.0,A4_D-Saccharic_Acid,11
9.25,A4_D-Saccharic_Acid,11
9.5,A4_D-Saccharic_Acid,11
9.75,A4_D-Saccharic_Acid,11
10.0,A4_D-Saccharic_Acid,11
10.25,A4_D-Saccharic_Acid,11
10.5,A4_D-Saccharic_Acid,11
10.75,A4_D-Saccharic_Acid,11
11.0,A4_D-Saccharic_Acid,11
11.25,A4_D-Saccharic_Acid,11
11.5,A4_D-Saccharic_Acid,11
11.75,A4_D-Saccharic_Acid,11
12.0,A4_D-Saccharic_Acid,11
12.25,A4_D-Saccharic_Acid,11
12.5,A4_D-Saccharic_Acid,11
12.75,A4_D-Saccharic_Acid,11
13.0,A4_D-Saccharic_Acid,11
13.25,A4_D-Saccharic_Acid,11
13.5,A4_D-Saccharic_Acid,11
13.75,A4_D-Saccharic_Acid,11
14.0,A4_D-Saccharic_Acid,11
14.25,A4_D-Saccharic_Acid,11
14.5,A4_D-Saccharic_Acid,11
14.75,A4_D-Saccharic_Acid,11
15.0,A4_D-Saccharic_Acid,11
15.25,A4_D-Saccharic_Acid,11
15.5,A4_D-Saccharic_Acid,11
15.75,A4_D-Saccharic_Acid,11
16.0,A4_D-Saccharic_Acid,11
16.25,A4_D-Saccharic_Acid,11
16.5,A4_D-Saccharic_Acid,11
16.75,A4_D-Saccharic_Acid,11
17.0,A4_D-Saccharic_Acid,11
17.25,A4_D-Saccharic_Acid,11
17.5,A4_D-Saccharic_Acid,11
17.75,A4_D-Saccharic_Acid,11
18.0,A4_D-Saccharic_Acid,11
18.25,A4_D-Saccharic_Acid,11
18.5,A4_D-Saccharic_Acid,11
18.75,A4_D-Saccharic_Acid,11
19.0,A4_D-Saccharic_Acid,11
19.25,A4_D-Saccharic_Acid,11
19.5,A4_D-Saccharic_Acid,11
19.75,A4_D-Saccharic_Acid,11
20.0,A4_D-Saccharic_Acid,11
20.25,A4_D-Saccharic_Acid,11
20.5,A4_D-Saccharic_Acid,11
20.75,A4_D-Saccharic_Acid,11
21.0,A4_D-Saccharic_Acid,11
21.25,A4_D-Saccharic_Acid,11
21.5,A4_D-Saccharic_Acid,11
21.75,A4_D-Saccharic_Acid,11
22.0,A4_D-Saccharic_Acid,11
22.25,A4_D-Saccharic_Acid,11
22.5,A4_D-Saccharic_Acid,11
22.75,A4_D-Saccharic_Acid,11
23.0,A4_D-Saccharic_Acid,11
23.25,A4_D-Saccharic_Acid,11
23.5,A4_D-Saccharic_Acid,11
23.75,A4_D-Saccharic_Acid,11
24.0,A4_D-Saccharic_Acid,11
24.25,A4_D-Saccharic_Acid,11
24.5,A4_D-Saccharic_Acid,11
24.75,A4_D-Saccharic_Acid,11
25.0,A4_D-Saccharic_Acid,11
25.25,A4_D-Saccharic_Acid,11
25.5,A4_D-Saccharic_Acid,11
25.75,A4_D-Saccharic_Acid,11
26.0,A4_D-Saccharic_Acid,11
26.25,A4_D-Saccharic_Acid,11
26.5,A4_D-Saccharic_Acid,11
26.75,A4_D-Saccharic_Acid,11
27.0,A4_D-Saccharic_Acid,11
27.25,A4_D-Saccharic_Acid,11
27.5,A4_D-Saccharic_Acid,11
27.75,A4_D-Saccharic_Acid,11
28.0,A4_D-Saccharic_Acid,11
28.25,A4_D-Saccharic_Acid,11
28.5,A4_D-Saccharic_Acid,12
28.75,A4_D-Saccharic_Acid,11
29.0,A4_D-Saccharic_Acid,11
29.25,A4_D-Saccharic_Acid,11
29.5,A4_D-Saccharic_Acid,11
29.75,A4_D-Saccharic_Acid,11
30.0,A4_D-Saccharic_Acid,11
30.25,A4_D-Saccharic_Acid,11
30.5,A4_D-Saccharic_Acid,11
30.75,A4_D-Saccharic_Acid,11
31.0,A4_D-Saccharic_Acid,11
31.25,A4_D-Saccharic_Acid,11
31.5,A4_D-Saccharic_Acid,11
31.75,A4_D-Saccharic_Acid,11
32.0,A4_D-Saccharic_Acid,11
32.25,A4_D-Saccharic_Acid,11
32.5,A4_D-Saccharic_Acid,11
32.75,A4_D-Saccharic_Acid,11
33.0,A4_D-Saccharic_Acid,11
33.25,A4_D-Saccharic_Acid,11
33.5,A4_D-Saccharic_Acid,12
33.75,A4_D-Saccharic_Acid,11
34.0,A4_D-Saccharic_Acid,11
34.25,A4_D-Saccharic_Acid,11
34.5,A4_D-Saccharic_Acid,11
34.75,A4_D-Saccharic_Acid,11
35.0,A4_D-Saccharic_Acid,11
35.25,A4_D-Saccharic_Acid,11
35.5,A4_D-Saccharic_Acid,11
35.75,A4_D-Saccharic_Acid,11
36.0,A4_D-Saccharic_Acid,11
36.25,A4_D-Saccharic_Acid,11
36.5,A4_D-Saccharic_Acid,11
36.75,A4_D-Saccharic_Acid,11
37.0,A4_D-Saccharic_Acid,11
37.25,A4_D-Saccharic_Acid,11
37.5,A4_D-Saccharic_Acid,11
37.75,A4_D-Saccharic_Acid,11
38.0,A4_D-Saccharic_Acid,11
38.25,A4_D-Saccharic_Acid,11
38.5,A4_D-Saccharic_Acid,11
38.75,A4_D-Saccharic_Acid,11
39.0,A4_D-Saccharic_Acid,11
39.25,A4_D-Saccharic_Acid,11
39.5,A4_D-Saccharic_Acid,11
39.75,A4_D-Saccharic_Acid,11
40.0,A4_D-Saccharic_Acid,11
40.25,A4_D-Saccharic_Acid,11
40.5,A4_D-Saccharic_Acid,11
40.75,A4_D-Saccharic_Acid,11
41.0,A4_D-Saccharic_Acid,11
41.25,A4_D-Saccharic_Acid,11
41.5,A4_D-Saccharic_Acid,11
41.75,A4_D-Saccharic_Acid,11
42.0,A4_D-Saccharic_Acid,11
42.25,A4_D-Saccharic_Acid,12
42.5,A4_D-Saccharic_Acid,11
42.75,A4_D-Saccharic_Acid,12
43.0,A4_D-Saccharic_Acid,11
43.25,A4_D-Saccharic_Acid,11
43.5,A4_D-Saccharic_Acid,11
43.75,A4_D-Saccharic_Acid,11
44.0,A4_D-Saccharic_Acid,11
44.25,A4_D-Saccharic_Acid,11
44.5,A4_D-Saccharic_Acid,15
44.75,A4_D-Saccharic_Acid,11
45.0,A4_D-Saccharic_Acid,11
45.25,A4_D-Saccharic_Acid,11
45.5,A4_D-Saccharic_Acid,13
45.75,A4_D-Saccharic_Acid,11
46.0,A4_D-Saccharic_Acid,12
46.25,A4_D-Saccharic_Acid,12
46.5,A4_D-Saccharic_Acid,11
46.75,A4_D-Saccharic_Acid,13
47.0,A4_D-Saccharic_Acid,11
47.25,A4_D-Saccharic_Acid,11
47.5,A4_D-Saccharic_Acid,12
47.75,A4_D-Saccharic_Acid,13
48.0,A4_D-Saccharic_Acid,11
48.25,A4_D-Saccharic_Acid,11
0.0,A5_Succinic_Acid,11
0.25,A5_Succinic_Acid,11
0.5,A5_Succinic_Acid,11
0.75,A5_Succinic_Acid,11
1.0,A5_Succinic_Acid,11
1.25,A5_Succinic_Acid,11
1.5,A5_Succinic_Acid,11
1.75,A5_Succinic_Acid,11
2.0,A5_Succinic_Acid,11
2.25,A5_Succinic_Acid,11
2.5,A5_Succinic_Acid,11
2.75,A5_Succinic_Acid,11
3.0,A5_Succinic_Acid,11
3.25,A5_Succinic_Acid,11
3.5,A5_Succinic_Acid,11
3.75,A5_Succinic_Acid,11
4.0,A5_Succinic_Acid,11
4.25,A5_Succinic_Acid,11
4.5,A5_Succinic_Acid,11
4.75,A5_Succinic_Acid,11
5.0,A5_Succinic_Acid,11
5.25,A5_Succinic_Acid,11
5.5,A5_Succinic_Acid,11
5.75,A5_Succinic_Acid,11
6.0,A5_Succinic_Acid,11
6.25,A5_Succinic_Acid,11
6.5,A5_Succinic_Acid,11
6.75,A5_Succinic_Acid,11
7.0,A5_Succinic_Acid,11
7.25,A5_Succinic_Acid,11
7.5,A5_Succinic_Acid,11
7.75,A5_Succinic_Acid,11
8.0,A5_Succinic_Acid,11
8.25,A5_Succinic_Acid,11
8.5,A5_Succinic_Acid,11
8.75,A5_Succinic_Acid,11
9.0,A5_Succinic_Acid,11
9.25,A5_Succinic_Acid,11
9.5,A5_Succinic_Acid,11
9.75,A5_Succinic_Acid,11
10.0,A5_Succinic_Acid,11
10.25,A5_Succinic_Acid,11
10.5,A5_Succinic_Acid,11
10.75,A5_Succinic_Acid,11
11.0,A5_Succinic_Acid,11
11.25,A5_Succinic_Acid,11
11.5,A5_Succinic_Acid,11
11.75,A5_Succinic_Acid,11
12.0,A5_Succinic_Acid,11
12.25,A5_Succinic_Acid,11
12.5,A5_Succinic_Acid,11
12.75,A5_Succinic_Acid,11
13.0,A5_Succinic_Acid,11
13.25,A5_Succinic_Acid,11
13.5,A5_Succinic_Acid,11
13.75,A5_Succinic_Acid,11
14.0,A5_Succinic_Acid,11
14.25,A5_Succinic_Acid,11
14.5,A5_Succinic_Acid,11
14.75,A5_Succinic_Acid,11
15.0,A5_Succinic_Acid,11
15.25,A5_Succinic_Acid,11
15.5,A5_Succinic_Acid,11
15.75,A5_Succinic_Acid,11
16.0,A5_Succinic_Acid,11
16.25,A5_Succinic_Acid,11
16.5,A5_Succinic_Acid,11
16.75,A5_Succinic_Acid,11
17.0,A5_Succinic_Acid,11
17.25,A5_Succinic_Acid,11
17.5,A5_Succinic_Acid,11
17.75,A5_Succinic_Acid,11
18.0,A5_Succinic_Acid,11
18.25,A5_Succinic_Acid,11
18.5,A5_Succinic_Acid,11
18.75,A5_Succinic_Acid,11
19.0,A5_Succinic_Acid,11
19.25,A5_Succinic_Acid,11
19.5,A5_Succinic_Acid,11
19.75,A5_Succinic_Acid,11
20.0,A5_Succinic_Acid,11
20.25,A5_Succinic_Acid,11
20.5,A5_Succinic_Acid,11
20.75,A5_Succinic_Acid,11
21.0,A5_Succinic_Acid,11
21.25,A5_Succinic_Acid,11
21.5,A5_Succinic_Acid,11
21.75,A5_Succinic_Acid,11
22.0,A5_Succinic_Acid,11
22.25,A5_Succinic_Acid,11
22.5,A5_Succinic_Acid,11
22.75,A5_Succinic_Acid,11
23.0,A5_Succinic_Acid,11
23.25,A5_Succinic_Acid,11
23.5,A5_Succinic_Acid,11
23.75,A5_Succinic_Acid,11
24.0,A5_Succinic_Acid,11
24.25,A5_Succinic_Acid,11
24.5,A5_Succinic_Acid,11
24.75,A5_Succinic_Acid,11
25.0,A5_Succinic_Acid,12
25.25,A5_Succinic_Acid,11
25.5,A5_Succinic_Acid,11
25.75,A5_Succinic_Acid,11
26.0,A5_Succinic_Acid,11
26.25,A5_Succinic_Acid,11
26.5,A5_Succinic_Acid,11
26.75,A5_Succinic_Acid,11
27.0,A5_Succinic_Acid,11
27.25,A5_Succinic_Acid,11
27.5,A5_Succinic_Acid,11
27.75,A5_Succinic_Acid,11
28.0,A5_Succinic_Acid,11
28.25,A5_Succinic_Acid,14
28.5,A5_Succinic_Acid,11
28.75,A5_Succinic_Acid,14
29.0,A5_Succinic_Acid,11
29.25,A5_Succinic_Acid,13
29.5,A5_Succinic_Acid,12
29.75,A5_Succinic_Acid,11
30.0,A5_Succinic_Acid,12
30.25,A5_Succinic_Acid,11
30.5,A5_Succinic_Acid,12
30.75,A5_Succinic_Acid,11
31.0,A5_Succinic_Acid,11
31.25,A5_Succinic_Acid,14
31.5,A5_Succinic_Acid,12
31.75,A5_Succinic_Acid,13
32.0,A5_Succinic_Acid,15
32.25,A5_Succinic_Acid,16
32.5,A5_Succinic_Acid,14
32.75,A5_Succinic_Acid,11
33.0,A5_Succinic_Acid,16
33.25,A5_Succinic_Acid,11
33.5,A5_Succinic_Acid,14
33.75,A5_Succinic_Acid,14
34.0,A5_Succinic_Acid,15
34.25,A5_Succinic_Acid,14
34.5,A5_Succinic_Acid,15
34.75,A5_Succinic_Acid,13
35.0,A5_Succinic_Acid,17
35.25,A5_Succinic_Acid,17
35.5,A5_Succinic_Acid,18
35.75,A5_Succinic_Acid,15
36.0,A5_Succinic_Acid,18
36.25,A5_Succinic_Acid,15
36.5,A5_Succinic_Acid,15
36.75,A5_Succinic_Acid,13
37.0,A5_Succinic_Acid,18
37.25,A5_Succinic_Acid,19
37.5,A5_Succinic_Acid,17
37.75,A5_Succinic_Acid,18
38.0,A5_Succinic_Acid,18
38.25,A5_Succinic_Acid,21
38.5,A5_Succinic_Acid,21
38.75,A5_Succinic_Acid,22
39.0,A5_Succinic_Acid,18
39.25,A5_Succinic_Acid,19
39.5,A5_Succinic_Acid,23
39.75,A5_Succinic_Acid,22
40.0,A5_Succinic_Acid,23
40.25,A5_Succinic_Acid,20
40.5,A5_Succinic_Acid,22
40.75,A5_Succinic_Acid,23
41.0,A5_Succinic_Acid,26
41.25,A5_Succinic_Acid,26
41.5,A5_Succinic_Acid,24
41.75,A5_Succinic_Acid,27
42.0,A5_Succinic_Acid,28
42.25,A5_Succinic_Acid,26
42.5,A5_Succinic_Acid,30
42.75,A5_Succinic_Acid,26
43.0,A5_Succinic_Acid,29
43.25,A5_Succinic_Acid,24
43.5,A5_Succinic_Acid,26
43.75,A5_Succinic_Acid,26
44.0,A5_Succinic_Acid,31
44.25,A5_Succinic_Acid,32
44.5,A5_Succinic_Acid,36
44.75,A5_Succinic_Acid,32
45.0,A5_Succinic_Acid,26
45.25,A5_Succinic_Acid,26
45.5,A5_Succinic_Acid,35
45.75,A5_Succinic_Acid,33
46.0,A5_Succinic_Acid,34
46.25,A5_Succinic_Acid,35
46.5,A5_Succinic_Acid,34
46.75,A5_Succinic_Acid,34
47.0,A5_Succinic_Acid,35
47.25,A5_Succinic_Acid,38
47.5,A5_Succinic_Acid,36
47.75,A5_Succinic_Acid,36
48.0,A5_Succinic_Acid,36
48.25,A5_Succinic_Acid,36
0.0,A6_D-Galactose,11
0.25,A6_D-Galactose,11
0.5,A6_D-Galactose,11
0.75,A6_D-Galactose,11
1.0,A6_D-Galactose,11
1.25,A6_D-Galactose,11
1.5,A6_D-Galactose,11
1.75,A6_D-Galactose,11
2.0,A6_D-Galactose,11
2.25,A6_D-Galactose,11
2.5,A6_D-Galactose,11
2.75,A6_D-Galactose,11
3.0,A6_D-Galactose,11
3.25,A6_D-Galactose,11
3.5,A6_D-Galactose,11
3.75,A6_D-Galactose,11
4.0,A6_D-Galactose,11
4.25,A6_D-Galactose,11
4.5,A6_D-Galactose,11
4.75,A6_D-Galactose,11
5.0,A6_D-Galactose,11
5.25,A6_D-Galactose,11
5.5,A6_D-Galactose,11
5.75,A6_D-Galactose,11
6.0,A6_D-Galactose,11
6.25,A6_D-Galactose,11
6.5,A6_D-Galactose,11
6.75,A6_D-Galactose,11
7.0,A6_D-Galactose,11
7.25,A6_D-Galactose,11
7.5,A6_D-Galactose,11
7.75,A6_D-Galactose,11
8.0,A6_D-Galactose,11
8.25,A6_D-Galactose,11
8.5,A6_D-Galactose,11
8.75,A6_D-Galactose,11
9.0,A6_D-Galactose,11
9.25,A6_D-Galactose,11
9.5,A6_D-Galactose,11
9.75,A6_D-Galactose,11
10.0,A6_D-Galactose,11
10.25,A6_D-Galactose,11
10.5,A6_D-Galactose,11
10.75,A6_D-Galactose,11
11.0,A6_D-Galactose,11
11.25,A6_D-Galactose,11
11.5,A6_D-Galactose,11
11.75,A6_D-Galactose,11
12.0,A6_D-Galactose,11
12.25,A6_D-Galactose,11
12.5,A6_D-Galactose,11
12.75,A6_D-Galactose,11
13.0,A6_D-Galactose,11
13.25,A6_D-Galactose,11
13.5,A6_D-Galactose,15
13.75,A6_D-Galactose,12
14.0,A6_D-Galactose,13
14.25,A6_D-Galactose,18
14.5,A6_D-Galactose,11
14.75,A6_D-Galactose,14
15.0,A6_D-Galactose,12
15.25,A6_D-Galactose,13
15.5,A6_D-Galactose,15
15.75,A6_D-Galactose,14
16.0,A6_D-Galactose,16
16.25,A6_D-Galactose,15
16.5,A6_D-Galactose,15
16.75,A6_D-Galactose,16
17.0,A6_D-Galactose,11
17.25,A6_D-Galactose,19
17.5,A6_D-Galactose,14
17.75,A6_D-Galactose,18
18.0,A6_D-Galactose,21
18.25,A6_D-Galactose,19
18.5,A6_D-Galactose,18
18.75,A6_D-Galactose,20
19.0,A6_D-Galactose,19
19.25,A6_D-Galactose,20
19.5,A6_D-Galactose,21
19.75,A6_D-Galactose,21
20.0,A6_D-Galactose,26
20.25,A6_D-Galactose,20
20.5,A6_D-Galactose,23
20.75,A6_D-Galactose,24
21.0,A6_D-Galactose,19
21.25,A6_D-Galactose,21
21.5,A6_D-Galactose,23
21.75,A6_D-Galactose,20
22.0,A6_D-Galactose,24
22.25,A6_D-Galactose,20
22.5,A6_D-Galactose,25
22.75,A6_D-Galactose,17
23.0,A6_D-Galactose,23
23.25,A6_D-Galactose,26
23.5,A6_D-Galactose,22
23.75,A6_D-Galactose,25
24.0,A6_D-Galactose,22
24.25,A6_D-Galactose,19
24.5,A6_D-Galactose,22
24.75,A6_D-Galactose,25
25.0,A6_D-Galactose,19
25.25,A6_D-Galactose,20
25.5,A6_D-Galactose,24
25.75,A6_D-Galactose,20
26.0,A6_D-Galactose,19
26.25,A6_D-Galactose,22
26.5,A6_D-Galactose,23
26.75,A6_D-Galactose,20
27.0,A6_D-Galactose,23
27.25,A6_D-Galactose,19
27.5,A6_D-Galactose,21
27.75,A6_D-Galactose,18
28.0,A6_D-Galactose,21
28.25,A6_D-Galactose,21
28.5,A6_D-Galactose,23
28.75,A6_D-Galactose,21
29.0,A6_D-Galactose,22
29.25,A6_D-Galactose,22
29.5,A6_D-Galactose,18
29.75,A6_D-Galactose,16
30.0,A6_D-Galactose,20
30.25,A6_D-Galactose,21
30.5,A6_D-Galactose,15
30.75,A6_D-Galactose,16
31.0,A6_D-Galactose,14
31.25,A6_D-Galactose,22
31.5,A6_D-Galactose,18
31.75,A6_D-Galactose,20
32.0,A6_D-Galactose,16
32.25,A6_D-Galactose,21
32.5,A6_D-Galactose,17
32.75,A6_D-Galactose,16
33.0,A6_D-Galactose,18
33.25,A6_D-Galactose,15
33.5,A6_D-Galactose,17
33.75,A6_D-Galactose,17
34.0,A6_D-Galactose,21
34.25,A6_D-Galactose,18
34.5,A6_D-Galactose,18
34.75,A6_D-Galactose,17
35.0,A6_D-Galactose,22
35.25,A6_D-Galactose,19
35.5,A6_D-Galactose,17
35.75,A6_D-Galactose,17
36.0,A6_D-Galactose,20
36.25,A6_D-Galactose,17
36.5,A6_D-Galactose,14
36.75,A6_D-Galactose,20
37.0,A6_D-Galactose,17
37.25,A6_D-Galactose,12
37.5,A6_D-Galactose,18
37.75,A6_D-Galactose,19
38.0,A6_D-Galactose,16
38.25,A6_D-Galactose,16
38.5,A6_D-Galactose,11
38.75,A6_D-Galactose,11
39.0,A6_D-Galactose,13
39.25,A6_D-Galactose,17
39.5,A6_D-Galactose,11
39.75,A6_D-Galactose,11
40.0,A6_D-Galactose,11
40.25,A6_D-Galactose,17
40.5,A6_D-Galactose,17
40.75,A6_D-Galactose,16
41.0,A6_D-Galactose,14
41.25,A6_D-Galactose,11
41.5,A6_D-Galactose,16
41.75,A6_D-Galactose,16
42.0,A6_D-Galactose,13
42.25,A6_D-Galactose,24
42.5,A6_D-Galactose,16
42.75,A6_D-Galactose,12
43.0,A6_D-Galactose,19
43.25,A6_D-Galactose,19
43.5,A6_D-Galactose,12
43.75,A6_D-Galactose,13
44.0,A6_D-Galactose,11
44.25,A6_D-Galactose,13
44.5,A6_D-Galactose,11
44.75,A6_D-Galactose,13
45.0,A6_D-Galactose,12
45.25,A6_D-Galactose,13
45.5,A6_D-Galactose,12
45.75,A6_D-Galactose,13
46.0,A6_D-Galactose,11
46.25,A6_D-Galactose,13
46.5,A6_D-Galactose,18
46.75,A6_D-Galactose,14
47.0,A6_D-Galactose,12
47.25,A6_D-Galactose,15
47.5,A6_D-Galactose,11
47.75,A6_D-Galactose,14
48.0,A6_D-Galactose,11
48.25,A6_D-Galactose,14
0.0,A7_L-Aspartic_Acid,11
0.25,A7_L-Aspartic_Acid,11
0.5,A7_L-Aspartic_Acid,11
0.75,A7_L-Aspartic_Acid,11
1.0,A7_L-Aspartic_Acid,11
1.25,A7_L-Aspartic_Acid,11
1.5,A7_L-Aspartic_Acid,11
1.75,A7_L-Aspartic_Acid,11
2.0,A7_L-Aspartic_Acid,11
2.25,A7_L-Aspartic_Acid,11
2.5,A7_L-Aspartic_Acid,11
2.75,A7_L-Aspartic_Acid,11
3.0,A7_L-Aspartic_Acid,11
3.25,A7_L-Aspartic_Acid,11
3.5,A7_L-Aspartic_Acid,11
3.75,A7_L-Aspartic_Acid,11
4.0,A7_L-Aspartic_Acid,11
4.25,A7_L-Aspartic_Acid,11
4.5,A7_L-Aspartic_Acid,11
4.75,A7_L-Aspartic_Acid,11
5.0,A7_L-Aspartic_Acid,11
5.25,A7_L-Aspartic_Acid,11
5.5,A7_L-Aspartic_Acid,11
5.75,A7_L-Aspartic_Acid,11
6.0,A7_L-Aspartic_Acid,11
6.25,A7_L-Aspartic_Acid,11
6.5,A7_L-Aspartic_Acid,11
6.75,A7_L-Aspartic_Acid,11
7.0,A7_L-Aspartic_Acid,11
7.25,A7_L-Aspartic_Acid,11
7.5,A7_L-Aspartic_Acid,11
7.75,A7_L-Aspartic_Acid,11
8.0,A7_L-Aspartic_Acid,11
8.25,A7_L-Aspartic_Acid,11
8.5,A7_L-Aspartic_Acid,11
8.75,A7_L-Aspartic_Acid,11
9.0,A7_L-Aspartic_Acid,11
9.25,A7_L-Aspartic_Acid,11
9.5,A7_L-Aspartic_Acid,11
9.75,A7_L-Aspartic_Acid,11
10.0,A7_L-Aspartic_Acid,11
10.25,A7_L-Aspartic_Acid,11
10.5,A7_L-Aspartic_Acid,11
10.75,A7_L-Aspartic_Acid,11
11.0,A7_L-Aspartic_Acid,11
11.25,A7_L-Aspartic_Acid,11
11.5,A7_L-Aspartic_Acid,11
11.75,A7_L-Aspartic_Acid,11
12.0,A7_L-Aspartic_Acid,11
12.25,A7_L-Aspartic_Acid,11
12.5,A7_L-Aspartic_Acid,11
12.75,A7_L-Aspartic_Acid,11
13.0,A7_L-Aspartic_Acid,11
13.25,A7_L-Aspartic_Acid,11
13.5,A7_L-Aspartic_Acid,11
13.75,A7_L-Aspartic_Acid,11
14.0,A7_L-Aspartic_Acid,11
14.25,A7_L-Aspartic_Acid,11
14.5,A7_L-Aspartic_Acid,11
14.75,A7_L-Aspartic_Acid,11
15.0,A7_L-Aspartic_Acid,11
15.25,A7_L-Aspartic_Acid,11
15.5,A7_L-Aspartic_Acid,11
15.75,A7_L-Aspartic_Acid,11
16.0,A7_L-Aspartic_Acid,11
16.25,A7_L-Aspartic_Acid,11
16.5,A7_L-Aspartic_Acid,11
16.75,A7_L-Aspartic_Acid,11
17.0,A7_L-Aspartic_Acid,11
17.25,A7_L-Aspartic_Acid,11
17.5,A7_L-Aspartic_Acid,11
17.75,A7_L-Aspartic_Acid,11
18.0,A7_L-Aspartic_Acid,11
18.25,A7_L-Aspartic_Acid,11
18.5,A7_L-Aspartic_Acid,11
18.75,A7_L-Aspartic_Acid,11
19.0,A7_L-Aspartic_Acid,11
19.25,A7_L-Aspartic_Acid,11
19.5,A7_L-Aspartic_Acid,11
19.75,A7_L-Aspartic_Acid,11
20.0,A7_L-Aspartic_Acid,11
20.25,A7_L-Aspartic_Acid,11
20.5,A7_L-Aspartic_Acid,11
20.75,A7_L-Aspartic_Acid,11
21.0,A7_L-Aspartic_Acid,11
21.25,A7_L-Aspartic_Acid,11
21.5,A7_L-Aspartic_Acid,11
21.75,A7_L-Aspartic_Acid,11
22.0,A7_L-Aspartic_Acid,11
22.25,A7_L-Aspartic_Acid,12
22.5,A7_L-Aspartic_Acid,13
22.75,A7_L-Aspartic_Acid,11
23.0,A7_L-Aspartic_Acid,11
23.25,A7_L-Aspartic_Acid,11
23.5,A7_L-Aspartic_Acid,14
23.75,A7_L-Aspartic_Acid,11
24.0,A7_L-Aspartic_Acid,11
24.25,A7_L-Aspartic_Acid,14
24.5,A7_L-Aspartic_Acid,11
24.75,A7_L-Aspartic_Acid,11
25.0,A7_L-Aspartic_Acid,11
25.25,A7_L-Aspartic_Acid,13
25.5,A7_L-Aspartic_Acid,14
25.75,A7_L-Aspartic_Acid,12
26.0,A7_L-Aspartic_Acid,11
26.25,A7_L-Aspartic_Acid,11
26.5,A7_L-Aspartic_Acid,11
26.75,A7_L-Aspartic_Acid,15
27.0,A7_L-Aspartic_Acid,16
27.25,A7_L-Aspartic_Acid,12
27.5,A7_L-Aspartic_Acid,13
27.75,A7_L-Aspartic_Acid,12
28.0,A7_L-Aspartic_Acid,15
28.25,A7_L-Aspartic_Acid,14
28.5,A7_L-Aspartic_Acid,19
28.75,A7_L-Aspartic_Acid,17
29.0,A7_L-Aspartic_Acid,16
29.25,A7_L-Aspartic_Acid,17
29.5,A7_L-Aspartic_Acid,15
29.75,A7_L-Aspartic_Acid,17
30.0,A7_L-Aspartic_Acid,16
30.25,A7_L-Aspartic_Acid,12
30.5,A7_L-Aspartic_Acid,18
30.75,A7_L-Aspartic_Acid,18
31.0,A7_L-Aspartic_Acid,15
31.25,A7_L-Aspartic_Acid,18
31.5,A7_L-Aspartic_Acid,18
31.75,A7_L-Aspartic_Acid,19
32.0,A7_L-Aspartic_Acid,19
32.25,A7_L-Aspartic_Acid,22
32.5,A7_L-Aspartic_Acid,20
32.75,A7_L-Aspartic_Acid,17
33.0,A7_L-Aspartic_Acid,18
33.25,A7_L-Aspartic_Acid,20
33.5,A7_L-Aspartic_Acid,22
33.75,A7_L-Aspartic_Acid,16
34.0,A7_L-Aspartic_Acid,20
34.25,A7_L-Aspartic_Acid,23
34.5,A7_L-Aspartic_Acid,21
34.75,A7_L-Aspartic_Acid,21
35.0,A7_L-Aspartic_Acid,22
35.25,A7_L-Aspartic_Acid,22
35.5,A7_L-Aspartic_Acid,25
35.75,A7_L-Aspartic_Acid,22
36.0,A7_L-Aspartic_Acid,23
36.25,A7_L-Aspartic_Acid,23
36.5,A7_L-Aspartic_Acid,23
36.75,A7_L-Aspartic_Acid,25
37.0,A7_L-Aspartic_Acid,24
37.25,A7_L-Aspartic_Acid,23
37.5,A7_L-Aspartic_Acid,24
37.75,A7_L-Aspartic_Acid,25
38.0,A7_L-Aspartic_Acid,24
38.25,A7_L-Aspartic_Acid,25
38.5,A7_L-Aspartic_Acid,26
38.75,A7_L-Aspartic_Acid,28
39.0,A7_L-Aspartic_Acid,27
39.25,A7_L-Aspartic_Acid,32
39.5,A7_L-Aspartic_Acid,25
39.75,A7_L-Aspartic_Acid,27
40.0,A7_L-Aspartic_Acid,29
40.25,A7_L-Aspartic_Acid,28
40.5,A7_L-Aspartic_Acid,30
40.75,A7_L-Aspartic_Acid,27
41.0,A7_L-Aspartic_Acid,33
41.25,A7_L-Aspartic_Acid,30
41.5,A7_L-Aspartic_Acid,32
41.75,A7_L-Aspartic_Acid,35
42.0,A7_L-Aspartic_Acid,30
42.25,A7_L-Aspartic_Acid,35
42.5,A7_L-Aspartic_Acid,34
42.75,A7_L-Aspartic_Acid,34
43.0,A7_L-Aspartic_Acid,35
43.25,A7_L-Aspartic_Acid,35
43.5,A7_L-Aspartic_Acid,35
43.75,A7_L-Aspartic_Acid,35
44.0,A7_L-Aspartic_Acid,31
44.25,A7_L-Aspartic_Acid,36
44.5,A7_L-Aspartic_Acid,35
44.75,A7_L-Aspartic_Acid,31
45.0,A7_L-Aspartic_Acid,36
45.25,A7_L-Aspartic_Acid,36
45.5,A7_L-Aspartic_Acid,35
45.75,A7_L-Aspartic_Acid,37
46.0,A7_L-Aspartic_Acid,42
46.25,A7_L-Aspartic_Acid,33
46.5,A7_L-Aspartic_Acid,41
46.75,A7_L-Aspartic_Acid,36
47.0,A7_L-Aspartic_Acid,36
47.25,A7_L-Aspartic_Acid,39
47.5,A7_L-Aspartic_Acid,39
47.75,A7_L-Aspartic_Acid,41
48.0,A7_L-Aspartic_Acid,37
48.25,A7_L-Aspartic_Acid,42
0.0,A8_L-Proline,11
0.25,A8_L-Proline,11
0.5,A8_L-Proline,11
0.75,A8_L-Proline,11
1.0,A8_L-Proline,11
1.25,A8_L-Proline,11
1.5,A8_L-Proline,11
1.75,A8_L-Proline,11
2.0,A8_L-Proline,11
2.25,A8_L-Proline,11
2.5,A8_L-Proline,11
2.75,A8_L-Proline,11
3.0,A8_L-Proline,11
3.25,A8_L-Proline,11
3.5,A8_L-Proline,11
3.75,A8_L-Proline,11
4.0,A8_L-Proline,11
4.25,A8_L-Proline,11
4.5,A8_L-Proline,11
4.75,A8_L-Proline,11
5.0,A8_L-Proline,11
5.25,A8_L-Proline,11
5.5,A8_L-Proline,11
5.75,A8_L-Proline,11
6.0,A8_L-Proline,11
6.25,A8_L-Proline,11
6.5,A8_L-Proline,11
6.75,A8_L-Proline,11
7.0,A8_L-Proline,11
7.25,A8_L-Proline,11
7.5,A8_L-Proline,11
7.75,A8_L-Proline,11
8.0,A8_L-Proline,11
8.25,A8_L-Proline,11
8.5,A8_L-Proline,11
8.75,A8_L-Proline,11
9.0,A8_L-Proline,11
9.25,A8_L-Proline,11
9.5,A8_L-Proline,11
9.75,A8_L-Proline,11
10.0,A8_L-Proline,11
10.25,A8_L-Proline,11
10.5,A8_L-Proline,11
10.75,A8_L-Proline,11
11.0,A8_L-Proline,11
11.25,A8_L-Proline,11
11.5,A8_L-Proline,11
11.75,A8_L-Proline,11
12.0,A8_L-Proline,11
12.25,A8_L-Proline,11
12.5,A8_L-Proline,11
12.75,A8_L-Proline,11
13.0,A8_L-Proline,11
13.25,A8_L-Proline,11
13.5,A8_L-Proline,11
13.75,A8_L-Proline,11
14.0,A8_L-Proline,11
14.25,A8_L-Proline,11
14.5,A8_L-Proline,11
14.75,A8_L-Proline,11
15.0,A8_L-Proline,11
15.25,A8_L-Proline,11
15.5,A8_L-Proline,11
15.75,A8_L-Proline,11
16.0,A8_L-Proline,11
16.25,A8_L-Proline,11
16.5,A8_L-Proline,11
16.75,A8_L-Proline,11
17.0,A8_L-Proline,11
17.25,A8_L-Proline,11
17.5,A8_L-Proline,11
17.75,A8_L-Proline,11
18.0,A8_L-Proline,11
18.25,A8_L-Proline,11
18.5,A8_L-Proline,12
18.75,A8_L-Proline,11
19.0,A8_L-Proline,11
19.25,A8_L-Proline,11
19.5,A8_L-Proline,12
19.75,A8_L-Proline,11
20.0,A8_L-Proline,16
20.25,A8_L-Proline,12
20.5,A8_L-Proline,11
20.75,A8_L-Proline,17
21.0,A8_L-Proline,11
21.25,A8_L-Proline,11
21.5,A8_L-Proline,11
21.75,A8_L-Proline,15
22.0,A8_L-Proline,11
22.25,A8_L-Proline,12
22.5,A8_L-Proline,17
22.75,A8_L-Proline,13
23.0,A8_L-Proline,17
23.25,A8_L-Proline,15
23.5,A8_L-Proline,19
23.75,A8_L-Proline,18
24.0,A8_L-Proline,14
24.25,A8_L-Proline,16
24.5,A8_L-Proline,18
24.75,A8_L-Proline,17
25.0,A8_L-Proline,16
25.25,A8_L-Proline,20
25.5,A8_L-Proline,15
25.75,A8_L-Proline,19
26.0,A8_L-Proline,19
26.25,A8_L-Proline,17
26.5,A8_L-Proline,17
26.75,A8_L-Proline,20
27.0,A8_L-Proline,20
27.25,A8_L-Proline,23
27.5,A8_L-Proline,18
27.75,A8_L-Proline,21
28.0,A8_L-Proline,22
28.25,A8_L-Proline,18
28.5,A8_L-Proline,18
28.75,A8_L-Proline,23
29.0,A8_L-Proline,22
29.25,A8_L-Proline,23
29.5,A8_L-Proline,27
29.75,A8_L-Proline,23
30.0,A8_L-Proline,17
30.25,A8_L-Proline,22
30.5,A8_L-Proline,23
30.75,A8_L-Proline,26
31.0,A8_L-Proline,20
31.25,A8_L-Proline,23
31.5,A8_L-Proline,18
31.75,A8_L-Proline,23
32.0,A8_L-Proline,29
32.25,A8_L-Proline,25
32.5,A8_L-Proline,22
32.75,A8_L-Proline,24
33.0,A8_L-Proline,23
33.25,A8_L-Proline,19
33.5,A8_L-Proline,25
33.75,A8_L-Proline,23
34.0,A8_L-Proline,23
34.25,A8_L-Proline,22
34.5,A8_L-Proline,24
34.75,A8_L-Proline,24
35.0,A8_L-Proline,22
35.25,A8_L-Proline,28
35.5,A8_L-Proline,25
35.75,A8_L-Proline,23
36.0,A8_L-Proline,21
36.25,A8_L-Proline,26
36.5,A8_L-Proline,24
36.75,A8_L-Proline,20
37.0,A8_L-Proline,23
37.25,A8_L-Proline,23
37.5,A8_L-Proline,22
37.75,A8_L-Proline,28
38.0,A8_L-Proline,21
38.25,A8_L-Proline,27
38.5,A8_L-Proline,26
38.75,A8_L-Proline,27
39.0,A8_L-Proline,27
39.25,A8_L-Proline,26
39.5,A8_L-Proline,28
39.75,A8_L-Proline,26
40.0,A8_L-Proline,27
40.25,A8_L-Proline,26
40.5,A8_L-Proline,26
40.75,A8_L-Proline,28
41.0,A8_L-Proline,32
41.25,A8_L-Proline,32
41.5,A8_L-Proline,30
41.75,A8_L-Proline,30
42.0,A8_L-Proline,31
42.25,A8_L-Proline,29
42.5,A8_L-Proline,33
42.75,A8_L-Proline,32
43.0,A8_L-Proline,31
43.25,A8_L-Proline,32
43.5,A8_L-Proline,31
43.75,A8_L-Proline,33
44.0,A8_L-Proline,28
44.25,A8_L-Proline,28
44.5,A8_L-Proline,31
44.75,A8_L-Proline,31
45.0,A8_L-Proline,29
45.25,A8_L-Proline,29
45.5,A8_L-Proline,37
45.75,A8_L-Proline,29
46.0,A8_L-Proline,28
46.25,A8_L-Proline,31
46.5,A8_L-Proline,30
46.75,A8_L-Proline,31
47.0,A8_L-Proline,36
47.25,A8_L-Proline,30
47.5,A8_L-Proline,37
47.75,A8_L-Proline,31
48.0,A8_L-Proline,33
48.25,A8_L-Proline,34
0.0,A9_D-Alanine,11
0.25,A9_D-Alanine,11
0.5,A9_D-Alanine,11
0.75,A9_D-Alanine,11
1.0,A9_D-Alanine,11
1.25,A9_D-Alanine,11
1.5,A9_D-Alanine,11
1.75,A9_D-Alanine,11
2.0,A9_D-Alanine,11
2.25,A9_D-Alanine,11
2.5,A9_D-Alanine,11
2.75,A9_D-Alanine,11
3.0,A9_D-Alanine,11
3.25,A9_D-Alanine,11
3.5,A9_D-Alanine,11
3.75,A9_D-Alanine,11
4.0,A9_D-Alanine,11
4.25,A9_D-Alanine,11
4.5,A9_D-Alanine,11
4.75,A9_D-Alanine,11
5.0,A9_D-Alanine,11
5.25,A9_D-Alanine,11
5.5,A9_D-Alanine,11
5.75,A9_D-Alanine,11
6.0,A9_D-Alanine,11
6.25,A9_D-Alanine,11
6.5,A9_D-Alanine,11
6.75,A9_D-Alanine,11
7.0,A9_D-Alanine,11
7.25,A9_D-Alanine,11
7.5,A9_D-Alanine,11
7.75,A9_D-Alanine,11
8.0,A9_D-Alanine,11
8.25,A9_D-Alanine,11
8.5,A9_D-Alanine,11
8.75,A9_D-Alanine,11
9.0,A9_D-Alanine,11
9.25,A9_D-Alanine,11
9.5,A9_D-Alanine,11
9.75,A9_D-Alanine,11
10.0,A9_D-Alanine,11
10.25,A9_D-Alanine,11
10.5,A9_D-Alanine,11
10.75,A9_D-Alanine,11
11.0,A9_D-Alanine,11
11.25,A9_D-Alanine,11
11.5,A9_D-Alanine,11
11.75,A9_D-Alanine,11
12.0,A9_D-Alanine,11
12.25,A9_D-Alanine,11
12.5,A9_D-Alanine,11
12.75,A9_D-Alanine,11
13.0,A9_D-Alanine,11
13.25,A9_D-Alanine,11
13.5,A9_D-Alanine,11
13.75,A9_D-Alanine,11
14.0,A9_D-Alanine,11
14.25,A9_D-Alanine,11
14.5,A9_D-Alanine,11
14.75,A9_D-Alanine,11
15.0,A9_D-Alanine,11
15.25,A9_D-Alanine,11
15.5,A9_D-Alanine,11
15.75,A9_D-Alanine,11
16.0,A9_D-Alanine,11
16.25,A9_D-Alanine,11
16.5,A9_D-Alanine,11
16.75,A9_D-Alanine,11
17.0,A9_D-Alanine,11
17.25,A9_D-Alanine,11
17.5,A9_D-Alanine,11
17.75,A9_D-Alanine,11
18.0,A9_D-Alanine,11
18.25,A9_D-Alanine,11
18.5,A9_D-Alanine,11
18.75,A9_D-Alanine,11
19.0,A9_D-Alanine,11
19.25,A9_D-Alanine,11
19.5,A9_D-Alanine,11
19.75,A9_D-Alanine,11
20.0,A9_D-Alanine,11
20.25,A9_D-Alanine,11
20.5,A9_D-Alanine,11
20.75,A9_D-Alanine,11
21.0,A9_D-Alanine,11
21.25,A9_D-Alanine,11
21.5,A9_D-Alanine,11
21.75,A9_D-Alanine,11
22.0,A9_D-Alanine,11
22.25,A9_D-Alanine,11
22.5,A9_D-Alanine,11
22.75,A9_D-Alanine,11
23.0,A9_D-Alanine,11
23.25,A9_D-Alanine,11
23.5,A9_D-Alanine,11
23.75,A9_D-Alanine,11
24.0,A9_D-Alanine,11
24.25,A9_D-Alanine,11
24.5,A9_D-Alanine,11
24.75,A9_D-Alanine,11
25.0,A9_D-Alanine,11
25.25,A9_D-Alanine,11
25.5,A9_D-Alanine,11
25.75,A9_D-Alanine,11
26.0,A9_D-Alanine,11
26.25,A9_D-Alanine,11
26.5,A9_D-Alanine,11
26.75,A9_D-Alanine,11
27.0,A9_D-Alanine,11
27.25,A9_D-Alanine,11
27.5,A9_D-Alanine,11
27.75,A9_D-Alanine,11
28.0,A9_D-Alanine,11
28.25,A9_D-Alanine,11
28.5,A9_D-Alanine,11
28.75,A9_D-Alanine,11
29.0,A9_D-Alanine,11
29.25,A9_D-Alanine,11
29.5,A9_D-Alanine,11
29.75,A9_D-Alanine,11
30.0,A9_D-Alanine,11
30.25,A9_D-Alanine,11
30.5,A9_D-Alanine,11
30.75,A9_D-Alanine,11
31.0,A9_D-Alanine,11
31.25,A9_D-Alanine,11
31.5,A9_D-Alanine,11
31.75,A9_D-Alanine,11
32.0,A9_D-Alanine,11
32.25,A9_D-Alanine,11
32.5,A9_D-Alanine,11
32.75,A9_D-Alanine,11
33.0,A9_D-Alanine,11
33.25,A9_D-Alanine,11
33.5,A9_D-Alanine,11
33.75,A9_D-Alanine,11
34.0,A9_D-Alanine,11
34.25,A9_D-Alanine,11
34.5,A9_D-Alanine,11
34.75,A9_D-Alanine,11
35.0,A9_D-Alanine,11
35.25,A9_D-Alanine,11
35.5,A9_D-Alanine,13
35.75,A9_D-Alanine,11
36.0,A9_D-Alanine,11
36.25,A9_D-Alanine,11
36.5,A9_D-Alanine,11
36.75,A9_D-Alanine,11
37.0,A9_D-Alanine,11
37.25,A9_D-Alanine,11
37.5,A9_D-Alanine,11
37.75,A9_D-Alanine,11
38.0,A9_D-Alanine,11
38.25,A9_D-Alanine,11
38.5,A9_D-Alanine,11
38.75,A9_D-Alanine,11
39.0,A9_D-Alanine,11
39.25,A9_D-Alanine,11
39.5,A9_D-Alanine,11
39.75,A9_D-Alanine,11
40.0,A9_D-Alanine,11
40.25,A9_D-Alanine,11
40.5,A9_D-Alanine,11
40.75,A9_D-Alanine,11
41.0,A9_D-Alanine,13
41.25,A9_D-Alanine,11
41.5,A9_D-Alanine,11
41.75,A9_D-Alanine,11
42.0,A9_D-Alanine,11
42.25,A9_D-Alanine,12
42.5,A9_D-Alanine,14
42.75,A9_D-Alanine,11
43.0,A9_D-Alanine,12
43.25,A9_D-Alanine,11
43.5,A9_D-Alanine,11
43.75,A9_D-Alanine,11
44.0,A9_D-Alanine,11
44.25,A9_D-Alanine,11
44.5,A9_D-Alanine,11
44.75,A9_D-Alanine,11
45.0,A9_D-Alanine,11
45.25,A9_D-Alanine,11
45.5,A9_D-Alanine,14
45.75,A9_D-Alanine,11
46.0,A9_D-Alanine,11
46.25,A9_D-Alanine,12
46.5,A9_D-Alanine,11
46.75,A9_D-Alanine,16
47.0,A9_D-Alanine,11
47.25,A9_D-Alanine,11
47.5,A9_D-Alanine,11
47.75,A9_D-Alanine,11
48.0,A9_D-Alanine,11
48.25,A9_D-Alanine,11
0.0,A10_D-Trehalose,11
0.25,A10_D-Trehalose,11
0.5,A10_D-Trehalose,11
0.75,A10_D-Trehalose,11
1.0,A10_D-Trehalose,11
1.25,A10_D-Trehalose,11
1.5,A10_D-Trehalose,11
1.75,A10_D-Trehalose,11
2.0,A10_D-Trehalose,11
2.25,A10_D-Trehalose,11
2.5,A10_D-Trehalose,11
2.75,A10_D-Trehalose,11
3.0,A10_D-Trehalose,11
3.25,A10_D-Trehalose,11
3.5,A10_D-Trehalose,11
3.75,A10_D-Trehalose,11
4.0,A10_D-Trehalose,11
4.25,A10_D-Trehalose,11
4.5,A10_D-Trehalose,11
4.75,A10_D-Trehalose,11
5.0,A10_D-Trehalose,11
5.25,A10_D-Trehalose,11
5.5,A10_D-Trehalose,11
5.75,A10_D-Trehalose,11
6.0,A10_D-Trehalose,11
6.25,A10_D-Trehalose,11
6.5,A10_D-Trehalose,11
6.75,A10_D-Trehalose,11
7.0,A10_D-Trehalose,11
7.25,A10_D-Trehalose,11
7.5,A10_D-Trehalose,11
7.75,A10_D-Trehalose,11
8.0,A10_D-Trehalose,11
8.25,A10_D-Trehalose,11
8.5,A10_D-Trehalose,11
8.75,A10_D-Trehalose,11
9.0,A10_D-Trehalose,11
9.25,A10_D-Trehalose,11
9.5,A10_D-Trehalose,11
9.75,A10_D-Trehalose,11
10.0,A10_D-Trehalose,11
10.25,A10_D-Trehalose,11
10.5,A10_D-Trehalose,11
10.75,A10_D-Trehalose,11
11.0,A10_D-Trehalose,11
11.25,A10_D-Trehalose,11
11.5,A10_D-Trehalose,11
11.75,A10_D-Trehalose,11
12.0,A10_D-Trehalose,11
12.25,A10_D-Trehalose,11
12.5,A10_D-Trehalose,11
12.75,A10_D-Trehalose,11
13.0,A10_D-Trehalose,11
13.25,A10_D-Trehalose,11
13.5,A10_D-Trehalose,11
13.75,A10_D-Trehalose,11
14.0,A10_D-Trehalose,11
14.25,A10_D-Trehalose,11
14.5,A10_D-Trehalose,11
14.75,A10_D-Trehalose,11
15.0,A10_D-Trehalose,11
15.25,A10_D-Trehalose,11
15.5,A10_D-Trehalose,11
15.75,A10_D-Trehalose,11
16.0,A10_D-Trehalose,11
16.25,A10_D-Trehalose,11
16.5,A10_D-Trehalose,11
16.75,A10_D-Trehalose,11
17.0,A10_D-Trehalose,11
17.25,A10_D-Trehalose,11
17.5,A10_D-Trehalose,11
17.75,A10_D-Trehalose,11
18.0,A10_D-Trehalose,11
18.25,A10_D-Trehalose,11
18.5,A10_D-Trehalose,11
18.75,A10_D-Trehalose,12
19.0,A10_D-Trehalose,11
19.25,A10_D-Trehalose,11
19.5,A10_D-Trehalose,11
19.75,A10_D-Trehalose,11
20.0,A10_D-Trehalose,11
20.25,A10_D-Trehalose,11
20.5,A10_D-Trehalose,11
20.75,A10_D-Trehalose,11
21.0,A10_D-Trehalose,11
21.25,A10_D-Trehalose,11
21.5,A10_D-Trehalose,11
21.75,A10_D-Trehalose,11
22.0,A10_D-Trehalose,11
22.25,A10_D-Trehalose,11
22.5,A10_D-Trehalose,11
22.75,A10_D-Trehalose,11
23.0,A10_D-Trehalose,11
23.25,A10_D-Trehalose,11
23.5,A10_D-Trehalose,11
23.75,A10_D-Trehalose,16
24.0,A10_D-Trehalose,11
24.25,A10_D-Trehalose,11
24.5,A10_D-Trehalose,11
24.75,A10_D-Trehalose,11
25.0,A10_D-Trehalose,11
25.25,A10_D-Trehalose,12
25.5,A10_D-Trehalose,11
25.75,A10_D-Trehalose,11
26.0,A10_D-Trehalose,12
26.25,A10_D-Trehalose,12
26.5,A10_D-Trehalose,11
26.75,A10_D-Trehalose,11
27.0,A10_D-Trehalose,11
27.25,A10_D-Trehalose,11
27.5,A10_D-Trehalose,11
27.75,A10_D-Trehalose,11
28.0,A10_D-Trehalose,11
28.25,A10_D-Trehalose,11
28.5,A10_D-Trehalose,12
28.75,A10_D-Trehalose,11
29.0,A10_D-Trehalose,11
29.25,A10_D-Trehalose,11
29.5,A10_D-Trehalose,11
29.75,A10_D-Trehalose,11
30.0,A10_D-Trehalose,11
30.25,A10_D-Trehalose,11
30.5,A10_D-Trehalose,11
30.75,A10_D-Trehalose,11
31.0,A10_D-Trehalose,11
31.25,A10_D-Trehalose,11
31.5,A10_D-Trehalose,11
31.75,A10_D-Trehalose,11
32.0,A10_D-Trehalose,11
32.25,A10_D-Trehalose,11
32.5,A10_D-Trehalose,11
32.75,A10_D-Trehalose,11
33.0,A10_D-Trehalose,11
33.25,A10_D-Trehalose,11
33.5,A10_D-Trehalose,11
33.75,A10_D-Trehalose,11
34.0,A10_D-Trehalose,11
34.25,A10_D-Trehalose,11
34.5,A10_D-Trehalose,11
34.75,A10_D-Trehalose,11
35.0,A10_D-Trehalose,11
35.25,A10_D-Trehalose,11
35.5,A10_D-Trehalose,11
35.75,A10_D-Trehalose,11
36.0,A10_D-Trehalose,11
36.25,A10_D-Trehalose,11
36.5,A10_D-Trehalose,11
36.75,A10_D-Trehalose,11
37.0,A10_D-Trehalose,11
37.25,A10_D-Trehalose,11
37.5,A10_D-Trehalose,11
37.75,A10_D-Trehalose,11
38.0,A10_D-Trehalose,11
38.25,A10_D-Trehalose,11
38.5,A10_D-Trehalose,11
38.75,A10_D-Trehalose,11
39.0,A10_D-Trehalose,11
39.25,A10_D-Trehalose,11
39.5,A10_D-Trehalose,11
39.75,A10_D-Trehalose,11
40.0,A10_D-Trehalose,11
40.25,A10_D-Trehalose,11
40.5,A10_D-Trehalose,11
40.75,A10_D-Trehalose,11
41.0,A10_D-Trehalose,14
41.25,A10_D-Trehalose,11
41.5,A10_D-Trehalose,11
41.75,A10_D-Trehalose,11
42.0,A10_D-Trehalose,11
42.25,A10_D-Trehalose,11
42.5,A10_D-Trehalose,12
42.75,A10_D-Trehalose,11
43.0,A10_D-Trehalose,13
43.25,A10_D-Trehalose,11
43.5,A10_D-Trehalose,11
43.75,A10_D-Trehalose,11
44.0,A10_D-Trehalose,11
44.25,A10_D-Trehalose,11
44.5,A10_D-Trehalose,11
44.75,A10_D-Trehalose,11
45.0,A10_D-Trehalose,11
45.25,A10_D-Trehalose,11
45.5,A10_D-Trehalose,11
45.75,A10_D-Trehalose,11
46.0,A10_D-Trehalose,11
46.25,A10_D-Trehalose,11
46.5,A10_D-Trehalose,11
46.75,A10_D-Trehalose,11
47.0,A10_D-Trehalose,11
47.25,A10_D-Trehalose,11
47.5,A10_D-Trehalose,11
47.75,A10_D-Trehalose,11
48.0,A10_D-Trehalose,11
48.25,A10_D-Trehalose,11
0.0,A11_D-Mannose,15
0.25,A11_D-Mannose,14
0.5,A11_D-Mannose,15
0.75,A11_D-Mannose,11
1.0,A11_D-Mannose,14
1.25,A11_D-Mannose,14
1.5,A11_D-Mannose,18
1.75,A11_D-Mannose,13
2.0,A11_D-Mannose,16
2.25,A11_D-Mannose,11
2.5,A11_D-Mannose,17
2.75,A11_D-Mannose,17
3.0,A11_D-Mannose,17
3.25,A11_D-Mannose,12
3.5,A11_D-Mannose,11
3.75,A11_D-Mannose,11
4.0,A11_D-Mannose,14
4.25,A11_D-Mannose,12
4.5,A11_D-Mannose,11
4.75,A11_D-Mannose,13
5.0,A11_D-Mannose,11
5.25,A11_D-Mannose,13
5.5,A11_D-Mannose,12
5.75,A11_D-Mannose,14
6.0,A11_D-Mannose,11
6.25,A11_D-Mannose,13
6.5,A11_D-Mannose,11
6.75,A11_D-Mannose,13
7.0,A11_D-Mannose,14
7.25,A11_D-Mannose,17
7.5,A11_D-Mannose,14
7.75,A11_D-Mannose,11
8.0,A11_D-Mannose,15
8.25,A11_D-Mannose,11
8.5,A11_D-Mannose,13
8.75,A11_D-Mannose,12
9.0,A11_D-Mannose,12
9.25,A11_D-Mannose,14
9.5,A11_D-Mannose,15
9.75,A11_D-Mannose,12
10.0,A11_D-Mannose,12
10.25,A11_D-Mannose,11
10.5,A11_D-Mannose,15
10.75,A11_D-Mannose,13
11.0,A11_D-Mannose,14
11.25,A11_D-Mannose,13
11.5,A11_D-Mannose,15
11.75,A11_D-Mannose,15
12.0,A11_D-Mannose,11
12.25,A11_D-Mannose,14
12.5,A11_D-Mannose,13
12.75,A11_D-Mannose,14
13.0,A11_D-Mannose,11
13.25,A11_D-Mannose,13
13.5,A11_D-Mannose,14
13.75,A11_D-Mannose,15
14.0,A11_D-Mannose,14
14.25,A11_D-Mannose,13
14.5,A11_D-Mannose,12
14.75,A11_D-Mannose,19
15.0,A11_D-Mannose,18
15.25,A11_D-Mannose,14
15.5,A11_D-Mannose,13
15.75,A11_D-Mannose,16
16.0,A11_D-Mannose,13
16.25,A11_D-Mannose,14
16.5,A11_D-Mannose,14
16.75,A11_D-Mannose,16
17.0,A11_D-Mannose,15
17.25,A11_D-Mannose,17
17.5,A11_D-Mannose,11
17.75,A11_D-Mannose,18
18.0,A11_D-Mannose,14
18.25,A11_D-Mannose,19
18.5,A11_D-Mannose,17
18.75,A11_D-Mannose,14
19.0,A11_D-Mannose,14
19.25,A11_D-Mannose,19
19.5,A11_D-Mannose,17
19.75,A11_D-Mannose,17
20.0,A11_D-Mannose,21
20.25,A11_D-Mannose,18
20.5,A11_D-Mannose,20
20.75,A11_D-Mannose,21
21.0,A11_D-Mannose,20
21.25,A11_D-Mannose,17
21.5,A11_D-Mannose,21
21.75,A11_D-Mannose,19
22.0,A11_D-Mannose,19
22.25,A11_D-Mannose,18
22.5,A11_D-Mannose,21
22.75,A11_D-Mannose,18
23.0,A11_D-Mannose,19
23.25,A11_D-Mannose,21
23.5,A11_D-Mannose,19
23.75,A11_D-Mannose,16
24.0,A11_D-Mannose,20
24.25,A11_D-Mannose,20
24.5,A11_D-Mannose,20
24.75,A11_D-Mannose,21
25.0,A11_D-Mannose,18
25.25,A11_D-Mannose,19
25.5,A11_D-Mannose,22
25.75,A11_D-Mannose,19
26.0,A11_D-Mannose,19
26.25,A11_D-Mannose,17
26.5,A11_D-Mannose,19
26.75,A11_D-Mannose,21
27.0,A11_D-Mannose,20
27.25,A11_D-Mannose,18
27.5,A11_D-Mannose,21
27.75,A11_D-Mannose,21
28.0,A11_D-Mannose,22
28.25,A11_D-Mannose,20
28.5,A11_D-Mannose,20
28.75,A11_D-Mannose,16
29.0,A11_D-Mannose,18
29.25,A11_D-Mannose,18
29.5,A11_D-Mannose,17
29.75,A11_D-Mannose,18
30.0,A11_D-Mannose,19
30.25,A11_D-Mannose,19
30.5,A11_D-Mannose,19
30.75,A11_D-Mannose,19
31.0,A11_D-Mannose,20
31.25,A11_D-Mannose,20
31.5,A11_D-Mannose,16
31.75,A11_D-Mannose,20
32.0,A11_D-Mannose,21
32.25,A11_D-Mannose,19
32.5,A11_D-Mannose,17
32.75,A11_D-Mannose,19
33.0,A11_D-Mannose,20
33.25,A11_D-Mannose,21
33.5,A11_D-Mannose,18
33.75,A11_D-Mannose,20
34.0,A11_D-Mannose,20
34.25,A11_D-Mannose,17
34.5,A11_D-Mannose,17
34.75,A11_D-Mannose,19
35.0,A11_D-Mannose,19
35.25,A11_D-Mannose,17
35.5,A11_D-Mannose,21
35.75,A11_D-Mannose,21
36.0,A11_D-Mannose,21
36.25,A11_D-Mannose,23
36.5,A11_D-Mannose,23
36.75,A11_D-Mannose,20
37.0,A11_D-Mannose,21
37.25,A11_D-Mannose,19
37.5,A11_D-Mannose,17
37.75,A11_D-Mannose,21
38.0,A11_D-Mannose,19
38.25,A11_D-Mannose,17
38.5,A11_D-Mannose,17
38.75,A11_D-Mannose,16
39.0,A11_D-Mannose,18
39.25,A11_D-Mannose,23
39.5,A11_D-Mannose,18
39.75,A11_D-Mannose,17
40.0,A11_D-Mannose,19
40.25,A11_D-Mannose,19
40.5,A11_D-Mannose,20
40.75,A11_D-Mannose,19
41.0,A11_D-Mannose,18
41.25,A11_D-Mannose,18
41.5,A11_D-Mannose,22
41.75,A11_D-Mannose,16
42.0,A11_D-Mannose,19
42.25,A11_D-Mannose,21
42.5,A11_D-Mannose,20
42.75,A11_D-Mannose,18
43.0,A11_D-Mannose,21
43.25,A11_D-Mannose,22
43.5,A11_D-Mannose,23
43.75,A11_D-Mannose,23
44.0,A11_D-Mannose,22
44.25,A11_D-Mannose,18
44.5,A11_D-Mannose,21
44.75,A11_D-Mannose,20
45.0,A11_D-Mannose,20
45.25,A11_D-Mannose,19
45.5,A11_D-Mannose,19
45.75,A11_D-Mannose,20
46.0,A11_D-Mannose,20
46.25,A11_D-Mannose,22
46.5,A11_D-Mannose,25
46.75,A11_D-Mannose,18
47.0,A11_D-Mannose,20
47.25,A11_D-Mannose,18
47.5,A11_D-Mannose,22
47.75,A11_D-Mannose,17
48.0,A11_D-Mannose,17
48.25,A11_D-Mannose,20
0.0,A12_Dulcitol,24
0.25,A12_Dulcitol,24
0.5,A12_Dulcitol,21
0.75,A12_Dulcitol,20
1.0,A12_Dulcitol,20
1.25,A12_Dulcitol,22
1.5,A12_Dulcitol,21
1.75,A12_Dulcitol,20
2.0,A12_Dulcitol,18
2.25,A12_Dulcitol,19
2.5,A12_Dulcitol,22
2.75,A12_Dulcitol,18
3.0,A12_Dulcitol,18
3.25,A12_Dulcitol,18
3.5,A12_Dulcitol,19
3.75,A12_Dulcitol,19
4.0,A12_Dulcitol,22
4.25,A12_Dulcitol,18
4.5,A12_Dulcitol,22
4.75,A12_Dulcitol,20
5.0,A12_Dulcitol,21
5.25,A12_Dulcitol,20
5.5,A12_Dulcitol,15
5.75,A12_Dulcitol,19
6.0,A12_Dulcitol,18
6.25,A12_Dulcitol,18
6.5,A12_Dulcitol,19
6.75,A12_Dulcitol,19
7.0,A12_Dulcitol,18
7.25,A12_Dulcitol,18
7.5,A12_Dulcitol,16
7.75,A12_Dulcitol,18
8.0,A12_Dulcitol,19
8.25,A12_Dulcitol,23
8.5,A12_Dulcitol,17
8.75,A12_Dulcitol,24
9.0,A12_Dulcitol,21
9.25,A12_Dulcitol,18
9.5,A12_Dulcitol,22
9.75,A12_Dulcitol,21
10.0,A12_Dulcitol,17
10.25,A12_Dulcitol,18
10.5,A12_Dulcitol,21
10.75,A12_Dulcitol,23
11.0,A12_Dulcitol,21
11.25,A12_Dulcitol,22
11.5,A12_Dulcitol,23
11.75,A12_Dulcitol,26
12.0,A12_Dulcitol,26
12.25,A12_Dulcitol,26
12.5,A12_Dulcitol,24
12.75,A12_Dulcitol,24
13.0,A12_Dulcitol,20
13.25,A12_Dulcitol,25
13.5,A12_Dulcitol,25
13.75,A12_Dulcitol,28
14.0,A12_Dulcitol,26
14.25,A12_Dulcitol,28
14.5,A12_Dulcitol,27
14.75,A12_Dulcitol,27
15.0,A12_Dulcitol,30
15.25,A12_Dulcitol,30
15.5,A12_Dulcitol,32
15.75,A12_Dulcitol,28
16.0,A12_Dulcitol,30
16.25,A12_Dulcitol,26
16.5,A12_Dulcitol,28
16.75,A12_Dulcitol,32
17.0,A12_Dulcitol,32
17.25,A12_Dulcitol,33
17.5,A12_Dulcitol,32
17.75,A12_Dulcitol,33
18.0,A12_Dulcitol,34
18.25,A12_Dulcitol,32
18.5,A12_Dulcitol,34
18.75,A12_Dulcitol,35
19.0,A12_Dulcitol,36
19.25,A12_Dulcitol,33
19.5,A12_Dulcitol,36
19.75,A12_Dulcitol,35
20.0,A12_Dulcitol,35
20.25,A12_Dulcitol,38
20.5,A12_Dulcitol,37
20.75,A12_Dulcitol,36
21.0,A12_Dulcitol,40
21.25,A12_Dulcitol,37
21.5,A12_Dulcitol,39
21.75,A12_Dulcitol,36
22.0,A12_Dulcitol,35
22.25,A12_Dulcitol,37
22.5,A12_Dulcitol,40
22.75,A12_Dulcitol,38
23.0,A12_Dulcitol,36
23.25,A12_Dulcitol,36
23.5,A12_Dulcitol,36
23.75,A12_Dulcitol,38
24.0,A12_Dulcitol,37
24.25,A12_Dulcitol,37
24.5,A12_Dulcitol,34
24.75,A12_Dulcitol,42
25.0,A12_Dulcitol,34
25.25,A12_Dulcitol,36
25.5,A12_Dulcitol,38
25.75,A12_Dulcitol,37
26.0,A12_Dulcitol,35
26.25,A12_Dulcitol,34
26.5,A12_Dulcitol,31
26.75,A12_Dulcitol,36
27.0,A12_Dulcitol,36
27.25,A12_Dulcitol,37
27.5,A12_Dulcitol,33
27.75,A12_Dulcitol,35
28.0,A12_Dulcitol,36
28.25,A12_Dulcitol,35
28.5,A12_Dulcitol,35
28.75,A12_Dulcitol,35
29.0,A12_Dulcitol,35
29.25,A12_Dulcitol,37
29.5,A12_Dulcitol,36
29.75,A12_Dulcitol,35
30.0,A12_Dulcitol,38
30.25,A12_Dulcitol,36
30.5,A12_Dulcitol,35
30.75,A12_Dulcitol,34
31.0,A12_Dulcitol,34
31.25,A12_Dulcitol,35
31.5,A12_Dulcitol,36
31.75,A12_Dulcitol,35
32.0,A12_Dulcitol,31
32.25,A12_Dulcitol,34
32.5,A12_Dulcitol,33
32.75,A12_Dulcitol,34
33.0,A12_Dulcitol,35
33.25,A12_Dulcitol,34
33.5,A12_Dulcitol,33
33.75,A12_Dulcitol,38
34.0,A12_Dulcitol,29
34.25,A12_Dulcitol,37
34.5,A12_Dulcitol,35
34.75,A12_Dulcitol,33
35.0,A12_Dulcitol,35
35.25,A12_Dulcitol,33
35.5,A12_Dulcitol,35
35.75,A12_Dulcitol,35
36.0,A12_Dulcitol,37
36.25,A12_Dulcitol,36
36.5,A12_Dulcitol,31
36.75,A12_Dulcitol,30
37.0,A12_Dulcitol,32
37.25,A12_Dulcitol,33
37.5,A12_Dulcitol,34
37.75,A12_Dulcitol,33
38.0,A12_Dulcitol,34
38.25,A12_Dulcitol,33
38.5,A12_Dulcitol,29
38.75,A12_Dulcitol,31
39.0,A12_Dulcitol,28
39.25,A12_Dulcitol,31
39.5,A12_Dulcitol,33
39.75,A12_Dulcitol,31
40.0,A12_Dulcitol,35
40.25,A12_Dulcitol,30
40.5,A12_Dulcitol,31
40.75,A12_Dulcitol,31
41.0,A12_Dulcitol,35
41.25,A12_Dulcitol,31
41.5,A12_Dulcitol,31
41.75,A12_Dulcitol,33
42.0,A12_Dulcitol,35
42.25,A12_Dulcitol,31
42.5,A12_Dulcitol,31
42.75,A12_Dulcitol,30
43.0,A12_Dulcitol,31
43.25,A12_Dulcitol,31
43.5,A12_Dulcitol,32
43.75,A12_Dulcitol,30
44.0,A12_Dulcitol,27
44.25,A12_Dulcitol,34
44.5,A12_Dulcitol,31
44.75,A12_Dulcitol,31
45.0,A12_Dulcitol,33
45.25,A12_Dulcitol,30
45.5,A12_Dulcitol,32
45.75,A12_Dulcitol,33
46.0,A12_Dulcitol,26
46.25,A12_Dulcitol,36
46.5,A12_Dulcitol,34
46.75,A12_Dulcitol,33
47.0,A12_Dulcitol,32
47.25,A12_Dulcitol,31
47.5,A12_Dulcitol,28
47.75,A12_Dulcitol,31
48.0,A12_Dulcitol,30
48.25,A12_Dulcitol,37
0.0,B1_D-Serine,14
0.25,B1_D-Serine,13
0.5,B1_D-Serine,16
0.75,B1_D-Serine,11
1.0,B1_D-Serine,11
1.25,B1_D-Serine,13
1.5,B1_D-Serine,13
1.75,B1_D-Serine,18
2.0,B1_D-Serine,16
2.25,B1_D-Serine,11
2.5,B1_D-Serine,12
2.75,B1_D-Serine,13
3.0,B1_D-Serine,11
3.25,B1_D-Serine,11
3.5,B1_D-Serine,12
3.75,B1_D-Serine,13
4.0,B1_D-Serine,11
4.25,B1_D-Serine,11
4.5,B1_D-Serine,11
4.75,B1_D-Serine,16
5.0,B1_D-Serine,11
5.25,B1_D-Serine,13
5.5,B1_D-Serine,11
5.75,B1_D-Serine,11
6.0,B1_D-Serine,11
6.25,B1_D-Serine,11
6.5,B1_D-Serine,11
6.75,B1_D-Serine,14
7.0,B1_D-Serine,11
7.25,B1_D-Serine,12
7.5,B1_D-Serine,11
7.75,B1_D-Serine,11
8.0,B1_D-Serine,11
8.25,B1_D-Serine,12
8.5,B1_D-Serine,11
8.75,B1_D-Serine,13
9.0,B1_D-Serine,11
9.25,B1_D-Serine,12
9.5,B1_D-Serine,11
9.75,B1_D-Serine,11
10.0,B1_D-Serine,11
10.25,B1_D-Serine,12
10.5,B1_D-Serine,14
10.75,B1_D-Serine,11
11.0,B1_D-Serine,11
11.25,B1_D-Serine,14
11.5,B1_D-Serine,13
11.75,B1_D-Serine,13
12.0,B1_D-Serine,14
12.25,B1_D-Serine,11
12.5,B1_D-Serine,11
12.75,B1_D-Serine,13
13.0,B1_D-Serine,13
13.25,B1_D-Serine,13
13.5,B1_D-Serine,11
13.75,B1_D-Serine,16
14.0,B1_D-Serine,11
14.25,B1_D-Serine,13
14.5,B1_D-Serine,11
14.75,B1_D-Serine,14
15.0,B1_D-Serine,12
15.25,B1_D-Serine,13
15.5,B1_D-Serine,11
15.75,B1_D-Serine,14
16.0,B1_D-Serine,15
16.25,B1_D-Serine,11
16.5,B1_D-Serine,11
16.75,B1_D-Serine,13
17.0,B1_D-Serine,14
17.25,B1_D-Serine,14
17.5,B1_D-Serine,11
17.75,B1_D-Serine,13
18.0,B1_D-Serine,11
18.25,B1_D-Serine,12
18.5,B1_D-Serine,11
18.75,B1_D-Serine,11
19.0,B1_D-Serine,12
19.25,B1_D-Serine,14
19.5,B1_D-Serine,13
19.75,B1_D-Serine,11
20.0,B1_D-Serine,14
20.25,B1_D-Serine,12
20.5,B1_D-Serine,13
20.75,B1_D-Serine,15
21.0,B1_D-Serine,13
21.25,B1_D-Serine,12
21.5,B1_D-Serine,13
21.75,B1_D-Serine,12
22.0,B1_D-Serine,11
22.25,B1_D-Serine,14
22.5,B1_D-Serine,13
22.75,B1_D-Serine,13
23.0,B1_D-Serine,14
23.25,B1_D-Serine,11
23.5,B1_D-Serine,12
23.75,B1_D-Serine,14
24.0,B1_D-Serine,11
24.25,B1_D-Serine,12
24.5,B1_D-Serine,11
24.75,B1_D-Serine,11
25.0,B1_D-Serine,11
25.25,B1_D-Serine,13
25.5,B1_D-Serine,13
25.75,B1_D-Serine,16
26.0,B1_D-Serine,11
26.25,B1_D-Serine,11
26.5,B1_D-Serine,14
26.75,B1_D-Serine,11
27.0,B1_D-Serine,15
27.25,B1_D-Serine,11
27.5,B1_D-Serine,12
27.75,B1_D-Serine,16
28.0,B1_D-Serine,11
28.25,B1_D-Serine,13
28.5,B1_D-Serine,11
28.75,B1_D-Serine,12
29.0,B1_D-Serine,11
29.25,B1_D-Serine,12
29.5,B1_D-Serine,11
29.75,B1_D-Serine,11
30.0,B1_D-Serine,11
30.25,B1_D-Serine,11
30.5,B1_D-Serine,12
30.75,B1_D-Serine,11
31.0,B1_D-Serine,11
31.25,B1_D-Serine,12
31.5,B1_D-Serine,11
31.75,B1_D-Serine,14
32.0,B1_D-Serine,11
32.25,B1_D-Serine,11
32.5,B1_D-Serine,14
32.75,B1_D-Serine,11
33.0,B1_D-Serine,12
33.25,B1_D-Serine,11
33.5,B1_D-Serine,13
33.75,B1_D-Serine,13
34.0,B1_D-Serine,11
34.25,B1_D-Serine,11
34.5,B1_D-Serine,12
34.75,B1_D-Serine,11
35.0,B1_D-Serine,11
35.25,B1_D-Serine,11
35.5,B1_D-Serine,14
35.75,B1_D-Serine,12
36.0,B1_D-Serine,13
36.25,B1_D-Serine,11
36.5,B1_D-Serine,11
36.75,B1_D-Serine,11
37.0,B1_D-Serine,11
37.25,B1_D-Serine,11
37.5,B1_D-Serine,11
37.75,B1_D-Serine,12
38.0,B1_D-Serine,11
38.25,B1_D-Serine,12
38.5,B1_D-Serine,11
38.75,B1_D-Serine,12
39.0,B1_D-Serine,11
39.25,B1_D-Serine,11
39.5,B1_D-Serine,16
39.75,B1_D-Serine,11
40.0,B1_D-Serine,14
40.25,B1_D-Serine,11
40.5,B1_D-Serine,13
40.75,B1_D-Serine,11
41.0,B1_D-Serine,11
41.25,B1_D-Serine,13
41.5,B1_D-Serine,11
41.75,B1_D-Serine,14
42.0,B1_D-Serine,13
42.25,B1_D-Serine,12
42.5,B1_D-Serine,14
42.75,B1_D-Serine,18
43.0,B1_D-Serine,11
43.25,B1_D-Serine,11
43.5,B1_D-Serine,13
43.75,B1_D-Serine,13
44.0,B1_D-Serine,13
44.25,B1_D-Serine,11
44.5,B1_D-Serine,15
44.75,B1_D-Serine,14
45.0,B1_D-Serine,14
45.25,B1_D-Serine,11
45.5,B1_D-Serine,12
45.75,B1_D-Serine,16
46.0,B1_D-Serine,12
46.25,B1_D-Serine,11
46.5,B1_D-Serine,14
46.75,B1_D-Serine,14
47.0,B1_D-Serine,13
47.25,B1_D-Serine,11
47.5,B1_D-Serine,14
47.75,B1_D-Serine,12
48.0,B1_D-Serine,11
48.25,B1_D-Serine,13
0.0,B2_D-Sorbitol,11
0.25,B2_D-Sorbitol,11
0.5,B2_D-Sorbitol,11
0.75,B2_D-Sorbitol,11
1.0,B2_D-Sorbitol,11
1.25,B2_D-Sorbitol,11
1.5,B2_D-Sorbitol,11
1.75,B2_D-Sorbitol,11
2.0,B2_D-Sorbitol,11
2.25,B2_D-Sorbitol,11
2.5,B2_D-Sorbitol,11
2.75,B2_D-Sorbitol,11
3.0,B2_D-Sorbitol,11
3.25,B2_D-Sorbitol,11
3.5,B2_D-Sorbitol,11
3.75,B2_D-Sorbitol,11
4.0,B2_D-Sorbitol,11
4.25,B2_D-Sorbitol,11
4.5,B2_D-Sorbitol,11
4.75,B2_D-Sorbitol,11
5.0,B2_D-Sorbitol,11
5.25,B2_D-Sorbitol,11
5.5,B2_D-Sorbitol,11
5.75,B2_D-Sorbitol,11
6.0,B2_D-Sorbitol,11
6.25,B2_D-Sorbitol,11
6.5,B2_D-Sorbitol,11
6.75,B2_D-Sorbitol,11
7.0,B2_D-Sorbitol,11
7.25,B2_D-Sorbitol,12
7.5,B2_D-Sorbitol,11
7.75,B2_D-Sorbitol,11
8.0,B2_D-Sorbitol,11
8.25,B2_D-Sorbitol,11
8.5,B2_D-Sorbitol,11
8.75,B2_D-Sorbitol,11
9.0,B2_D-Sorbitol,11
9.25,B2_D-Sorbitol,11
9.5,B2_D-Sorbitol,11
9.75,B2_D-Sorbitol,11
10.0,B2_D-Sorbitol,11
10.25,B2_D-Sorbitol,11
10.5,B2_D-Sorbitol,11
10.75,B2_D-Sorbitol,11
11.0,B2_D-Sorbitol,11
11.25,B2_D-Sorbitol,12
11.5,B2_D-Sorbitol,11
11.75,B2_D-Sorbitol,11
12.0,B2_D-Sorbitol,12
12.25,B2_D-Sorbitol,11
12.5,B2_D-Sorbitol,11
12.75,B2_D-Sorbitol,11
13.0,B2_D-Sorbitol,11
13.25,B2_D-Sorbitol,12
13.5,B2_D-Sorbitol,11
13.75,B2_D-Sorbitol,12
14.0,B2_D-Sorbitol,11
14.25,B2_D-Sorbitol,12
14.5,B2_D-Sorbitol,12
14.75,B2_D-Sorbitol,13
15.0,B2_D-Sorbitol,12
15.25,B2_D-Sorbitol,15
15.5,B2_D-Sorbitol,11
15.75,B2_D-Sorbitol,14
16.0,B2_D-Sorbitol,13
16.25,B2_D-Sorbitol,11
16.5,B2_D-Sorbitol,11
16.75,B2_D-Sorbitol,11
17.0,B2_D-Sorbitol,12
17.25,B2_D-Sorbitol,13
17.5,B2_D-Sorbitol,15
17.75,B2_D-Sorbitol,14
18.0,B2_D-Sorbitol,11
18.25,B2_D-Sorbitol,11
18.5,B2_D-Sorbitol,12
18.75,B2_D-Sorbitol,14
19.0,B2_D-Sorbitol,18
19.25,B2_D-Sorbitol,14
19.5,B2_D-Sorbitol,15
19.75,B2_D-Sorbitol,17
20.0,B2_D-Sorbitol,18
20.25,B2_D-Sorbitol,17
20.5,B2_D-Sorbitol,16
20.75,B2_D-Sorbitol,14
21.0,B2_D-Sorbitol,15
21.25,B2_D-Sorbitol,18
21.5,B2_D-Sorbitol,19
21.75,B2_D-Sorbitol,14
22.0,B2_D-Sorbitol,17
22.25,B2_D-Sorbitol,15
22.5,B2_D-Sorbitol,18
22.75,B2_D-Sorbitol,19
23.0,B2_D-Sorbitol,19
23.25,B2_D-Sorbitol,20
23.5,B2_D-Sorbitol,16
23.75,B2_D-Sorbitol,20
24.0,B2_D-Sorbitol,20
24.25,B2_D-Sorbitol,16
24.5,B2_D-Sorbitol,19
24.75,B2_D-Sorbitol,16
25.0,B2_D-Sorbitol,22
25.25,B2_D-Sorbitol,17
25.5,B2_D-Sorbitol,15
25.75,B2_D-Sorbitol,18
26.0,B2_D-Sorbitol,18
26.25,B2_D-Sorbitol,15
26.5,B2_D-Sorbitol,15
26.75,B2_D-Sorbitol,17
27.0,B2_D-Sorbitol,19
27.25,B2_D-Sorbitol,24
27.5,B2_D-Sorbitol,18
27.75,B2_D-Sorbitol,19
28.0,B2_D-Sorbitol,16
28.25,B2_D-Sorbitol,14
28.5,B2_D-Sorbitol,24
28.75,B2_D-Sorbitol,15
29.0,B2_D-Sorbitol,17
29.25,B2_D-Sorbitol,17
29.5,B2_D-Sorbitol,20
29.75,B2_D-Sorbitol,19
30.0,B2_D-Sorbitol,13
30.25,B2_D-Sorbitol,13
30.5,B2_D-Sorbitol,17
30.75,B2_D-Sorbitol,18
31.0,B2_D-Sorbitol,13
31.25,B2_D-Sorbitol,18
31.5,B2_D-Sorbitol,16
31.75,B2_D-Sorbitol,22
32.0,B2_D-Sorbitol,19
32.25,B2_D-Sorbitol,16
32.5,B2_D-Sorbitol,14
32.75,B2_D-Sorbitol,17
33.0,B2_D-Sorbitol,17
33.25,B2_D-Sorbitol,13
33.5,B2_D-Sorbitol,14
33.75,B2_D-Sorbitol,17
34.0,B2_D-Sorbitol,18
34.25,B2_D-Sorbitol,17
34.5,B2_D-Sorbitol,14
34.75,B2_D-Sorbitol,19
35.0,B2_D-Sorbitol,15
35.25,B2_D-Sorbitol,13
35.5,B2_D-Sorbitol,17
35.75,B2_D-Sorbitol,15
36.0,B2_D-Sorbitol,15
36.25,B2_D-Sorbitol,15
36.5,B2_D-Sorbitol,14
36.75,B2_D-Sorbitol,15
37.0,B2_D-Sorbitol,15
37.25,B2_D-Sorbitol,14
37.5,B2_D-Sorbitol,17
37.75,B2_D-Sorbitol,15
38.0,B2_D-Sorbitol,16
38.25,B2_D-Sorbitol,16
38.5,B2_D-Sorbitol,14
38.75,B2_D-Sorbitol,15
39.0,B2_D-Sorbitol,12
39.25,B2_D-Sorbitol,14
39.5,B2_D-Sorbitol,12
39.75,B2_D-Sorbitol,14
40.0,B2_D-Sorbitol,19
40.25,B2_D-Sorbitol,11
40.5,B2_D-Sorbitol,16
40.75,B2_D-Sorbitol,17
41.0,B2_D-Sorbitol,14
41.25,B2_D-Sorbitol,16
41.5,B2_D-Sorbitol,14
41.75,B2_D-Sorbitol,13
42.0,B2_D-Sorbitol,16
42.25,B2_D-Sorbitol,19
42.5,B2_D-Sorbitol,15
42.75,B2_D-Sorbitol,17
43.0,B2_D-Sorbitol,16
43.25,B2_D-Sorbitol,15
43.5,B2_D-Sorbitol,20
43.75,B2_D-Sorbitol,20
44.0,B2_D-Sorbitol,16
44.25,B2_D-Sorbitol,14
44.5,B2_D-Sorbitol,18
44.75,B2_D-Sorbitol,16
45.0,B2_D-Sorbitol,16
45.25,B2_D-Sorbitol,14
45.5,B2_D-Sorbitol,16
45.75,B2_D-Sorbitol,14
46.0,B2_D-Sorbitol,17
46.25,B2_D-Sorbitol,17
46.5,B2_D-Sorbitol,16
46.75,B2_D-Sorbitol,19
47.0,B2_D-Sorbitol,14
47.25,B2_D-Sorbitol,20
47.5,B2_D-Sorbitol,15
47.75,B2_D-Sorbitol,16
48.0,B2_D-Sorbitol,15
48.25,B2_D-Sorbitol,16
0.0,B3_Glycerol,11
0.25,B3_Glycerol,11
0.5,B3_Glycerol,11
0.75,B3_Glycerol,11
1.0,B3_Glycerol,11
1.25,B3_Glycerol,11
1.5,B3_Glycerol,11
1.75,B3_Glycerol,11
2.0,B3_Glycerol,11
2.25,B3_Glycerol,11
2.5,B3_Glycerol,11
2.75,B3_Glycerol,11
3.0,B3_Glycerol,11
3.25,B3_Glycerol,11
3.5,B3_Glycerol,11
3.75,B3_Glycerol,11
4.0,B3_Glycerol,11
4.25,B3_Glycerol,11
4.5,B3_Glycerol,11
4.75,B3_Glycerol,11
5.0,B3_Glycerol,11
5.25,B3_Glycerol,11
5.5,B3_Glycerol,11
5.75,B3_Glycerol,11
6.0,B3_Glycerol,11
6.25,B3_Glycerol,11
6.5,B3_Glycerol,11
6.75,B3_Glycerol,11
7.0,B3_Glycerol,11
7.25,B3_Glycerol,11
7.5,B3_Glycerol,11
7.75,B3_Glycerol,11
8.0,B3_Glycerol,11
8.25,B3_Glycerol,11
8.5,B3_Glycerol,11
8.75,B3_Glycerol,11
9.0,B3_Glycerol,11
9.25,B3_Glycerol,11
9.5,B3_Glycerol,11
9.75,B3_Glycerol,11
10.0,B3_Glycerol,11
10.25,B3_Glycerol,11
10.5,B3_Glycerol,11
10.75,B3_Glycerol,11
11.0,B3_Glycerol,11
11.25,B3_Glycerol,11
11.5,B3_Glycerol,11
11.75,B3_Glycerol,11
12.0,B3_Glycerol,11
12.25,B3_Glycerol,11
12.5,B3_Glycerol,11
12.75,B3_Glycerol,11
13.0,B3_Glycerol,11
13.25,B3_Glycerol,11
13.5,B3_Glycerol,11
13.75,B3_Glycerol,11
14.0,B3_Glycerol,11
14.25,B3_Glycerol,11
14.5,B3_Glycerol,11
14.75,B3_Glycerol,11
15.0,B3_Glycerol,11
15.25,B3_Glycerol,11
15.5,B3_Glycerol,11
15.75,B3_Glycerol,11
16.0,B3_Glycerol,11
16.25,B3_Glycerol,11
16.5,B3_Glycerol,11
16.75,B3_Glycerol,11
17.0,B3_Glycerol,11
17.25,B3_Glycerol,11
17.5,B3_Glycerol,11
17.75,B3_Glycerol,11
18.0,B3_Glycerol,11
18.25,B3_Glycerol,11
18.5,B3_Glycerol,11
18.75,B3_Glycerol,11
19.0,B3_Glycerol,11
19.25,B3_Glycerol,11
19.5,B3_Glycerol,11
19.75,B3_Glycerol,11
20.0,B3_Glycerol,11
20.25,B3_Glycerol,13
20.5,B3_Glycerol,12
20.75,B3_Glycerol,14
21.0,B3_Glycerol,11
21.25,B3_Glycerol,11
21.5,B3_Glycerol,11
21.75,B3_Glycerol,11
22.0,B3_Glycerol,13
22.25,B3_Glycerol,15
22.5,B3_Glycerol,12
22.75,B3_Glycerol,13
23.0,B3_Glycerol,15
23.25,B3_Glycerol,11
23.5,B3_Glycerol,15
23.75,B3_Glycerol,16
24.0,B3_Glycerol,13
24.25,B3_Glycerol,14
24.5,B3_Glycerol,15
24.75,B3_Glycerol,11
25.0,B3_Glycerol,18
25.25,B3_Glycerol,18
25.5,B3_Glycerol,11
25.75,B3_Glycerol,14
26.0,B3_Glycerol,18
26.25,B3_Glycerol,18
26.5,B3_Glycerol,17
26.75,B3_Glycerol,21
27.0,B3_Glycerol,18
27.25,B3_Glycerol,20
27.5,B3_Glycerol,19
27.75,B3_Glycerol,20
28.0,B3_Glycerol,19
28.25,B3_Glycerol,20
28.5,B3_Glycerol,21
28.75,B3_Glycerol,19
29.0,B3_Glycerol,19
29.25,B3_Glycerol,15
29.5,B3_Glycerol,24
29.75,B3_Glycerol,24
30.0,B3_Glycerol,24
30.25,B3_Glycerol,23
30.5,B3_Glycerol,24
30.75,B3_Glycerol,19
31.0,B3_Glycerol,21
31.25,B3_Glycerol,27
31.5,B3_Glycerol,25
31.75,B3_Glycerol,25
32.0,B3_Glycerol,24
32.25,B3_Glycerol,27
32.5,B3_Glycerol,27
32.75,B3_Glycerol,24
33.0,B3_Glycerol,26
33.25,B3_Glycerol,28
33.5,B3_Glycerol,28
33.75,B3_Glycerol,26
34.0,B3_Glycerol,25
34.25,B3_Glycerol,29
34.5,B3_Glycerol,29
34.75,B3_Glycerol,29
35.0,B3_Glycerol,27
35.25,B3_Glycerol,30
35.5,B3_Glycerol,31
35.75,B3_Glycerol,32
36.0,B3_Glycerol,29
36.25,B3_Glycerol,34
36.5,B3_Glycerol,29
36.75,B3_Glycerol,32
37.0,B3_Glycerol,31
37.25,B3_Glycerol,31
37.5,B3_Glycerol,34
37.75,B3_Glycerol,33
38.0,B3_Glycerol,33
38.25,B3_Glycerol,36
38.5,B3_Glycerol,35
38.75,B3_Glycerol,38
39.0,B3_Glycerol,37
39.25,B3_Glycerol,35
39.5,B3_Glycerol,38
39.75,B3_Glycerol,41
40.0,B3_Glycerol,39
40.25,B3_Glycerol,37
40.5,B3_Glycerol,39
40.75,B3_Glycerol,38
41.0,B3_Glycerol,42
41.25,B3_Glycerol,38
41.5,B3_Glycerol,41
41.75,B3_Glycerol,41
42.0,B3_Glycerol,46
42.25,B3_Glycerol,47
42.5,B3_Glycerol,48
42.75,B3_Glycerol,44
43.0,B3_Glycerol,44
43.25,B3_Glycerol,45
43.5,B3_Glycerol,46
43.75,B3_Glycerol,44
44.0,B3_Glycerol,47
44.25,B3_Glycerol,45
44.5,B3_Glycerol,48
44.75,B3_Glycerol,48
45.0,B3_Glycerol,48
45.25,B3_Glycerol,47
45.5,B3_Glycerol,48
45.75,B3_Glycerol,52
46.0,B3_Glycerol,51
46.25,B3_Glycerol,49
46.5,B3_Glycerol,49
46.75,B3_Glycerol,52
47.0,B3_Glycerol,57
47.25,B3_Glycerol,49
47.5,B3_Glycerol,54
47.75,B3_Glycerol,53
48.0,B3_Glycerol,55
48.25,B3_Glycerol,54
0.0,B4_L-Fucose,11
0.25,B4_L-Fucose,11
0.5,B4_L-Fucose,11
0.75,B4_L-Fucose,11
1.0,B4_L-Fucose,11
1.25,B4_L-Fucose,11
1.5,B4_L-Fucose,11
1.75,B4_L-Fucose,11
2.0,B4_L-Fucose,11
2.25,B4_L-Fucose,11
2.5,B4_L-Fucose,11
2.75,B4_L-Fucose,11
3.0,B4_L-Fucose,11
3.25,B4_L-Fucose,11
3.5,B4_L-Fucose,11
3.75,B4_L-Fucose,11
4.0,B4_L-Fucose,11
4.25,B4_L-Fucose,11
4.5,B4_L-Fucose,11
4.75,B4_L-Fucose,11
5.0,B4_L-Fucose,11
5.25,B4_L-Fucose,11
5.5,B4_L-Fucose,11
5.75,B4_L-Fucose,11
6.0,B4_L-Fucose,11
6.25,B4_L-Fucose,11
6.5,B4_L-Fucose,11
6.75,B4_L-Fucose,11
7.0,B4_L-Fucose,11
7.25,B4_L-Fucose,11
7.5,B4_L-Fucose,11
7.75,B4_L-Fucose,11
8.0,B4_L-Fucose,11
8.25,B4_L-Fucose,11
8.5,B4_L-Fucose,11
8.75,B4_L-Fucose,11
9.0,B4_L-Fucose,11
9.25,B4_L-Fucose,11
9.5,B4_L-Fucose,11
9.75,B4_L-Fucose,11
10.0,B4_L-Fucose,11
10.25,B4_L-Fucose,11
10.5,B4_L-Fucose,11
10.75,B4_L-Fucose,11
11.0,B4_L-Fucose,11
11.25,B4_L-Fucose,11
11.5,B4_L-Fucose,11
11.75,B4_L-Fucose,11
12.0,B4_L-Fucose,11
12.25,B4_L-Fucose,11
12.5,B4_L-Fucose,11
12.75,B4_L-Fucose,11
13.0,B4_L-Fucose,11
13.25,B4_L-Fucose,11
13.5,B4_L-Fucose,11
13.75,B4_L-Fucose,11
14.0,B4_L-Fucose,11
14.25,B4_L-Fucose,11
14.5,B4_L-Fucose,11
14.75,B4_L-Fucose,11
15.0,B4_L-Fucose,11
15.25,B4_L-Fucose,11
15.5,B4_L-Fucose,11
15.75,B4_L-Fucose,11
16.0,B4_L-Fucose,11
16.25,B4_L-Fucose,11
16.5,B4_L-Fucose,11
16.75,B4_L-Fucose,11
17.0,B4_L-Fucose,11
17.25,B4_L-Fucose,11
17.5,B4_L-Fucose,11
17.75,B4_L-Fucose,11
18.0,B4_L-Fucose,11
18.25,B4_L-Fucose,11
18.5,B4_L-Fucose,11
18.75,B4_L-Fucose,11
19.0,B4_L-Fucose,11
19.25,B4_L-Fucose,11
19.5,B4_L-Fucose,11
19.75,B4_L-Fucose,11
20.0,B4_L-Fucose,11
20.25,B4_L-Fucose,11
20.5,B4_L-Fucose,11
20.75,B4_L-Fucose,11
21.0,B4_L-Fucose,11
21.25,B4_L-Fucose,11
21.5,B4_L-Fucose,11
21.75,B4_L-Fucose,12
22.0,B4_L-Fucose,13
22.25,B4_L-Fucose,11
22.5,B4_L-Fucose,13
22.75,B4_L-Fucose,11
23.0,B4_L-Fucose,11
23.25,B4_L-Fucose,12
23.5,B4_L-Fucose,13
23.75,B4_L-Fucose,11
24.0,B4_L-Fucose,11
24.25,B4_L-Fucose,11
24.5,B4_L-Fucose,11
24.75,B4_L-Fucose,11
25.0,B4_L-Fucose,15
25.25,B4_L-Fucose,11
25.5,B4_L-Fucose,14
25.75,B4_L-Fucose,11
26.0,B4_L-Fucose,12
26.25,B4_L-Fucose,11
26.5,B4_L-Fucose,11
26.75,B4_L-Fucose,17
27.0,B4_L-Fucose,14
27.25,B4_L-Fucose,11
27.5,B4_L-Fucose,14
27.75,B4_L-Fucose,13
28.0,B4_L-Fucose,16
28.25,B4_L-Fucose,14
28.5,B4_L-Fucose,14
28.75,B4_L-Fucose,16
29.0,B4_L-Fucose,11
29.25,B4_L-Fucose,12
29.5,B4_L-Fucose,15
29.75,B4_L-Fucose,13
30.0,B4_L-Fucose,12
30.25,B4_L-Fucose,11
30.5,B4_L-Fucose,13
30.75,B4_L-Fucose,11
31.0,B4_L-Fucose,15
31.25,B4_L-Fucose,12
31.5,B4_L-Fucose,12
31.75,B4_L-Fucose,14
32.0,B4_L-Fucose,16
32.25,B4_L-Fucose,17
32.5,B4_L-Fucose,14
32.75,B4_L-Fucose,13
33.0,B4_L-Fucose,13
33.25,B4_L-Fucose,14
33.5,B4_L-Fucose,11
33.75,B4_L-Fucose,11
34.0,B4_L-Fucose,13
34.25,B4_L-Fucose,14
34.5,B4_L-Fucose,13
34.75,B4_L-Fucose,14
35.0,B4_L-Fucose,14
35.25,B4_L-Fucose,11
35.5,B4_L-Fucose,13
35.75,B4_L-Fucose,14
36.0,B4_L-Fucose,11
36.25,B4_L-Fucose,11
36.5,B4_L-Fucose,11
36.75,B4_L-Fucose,11
37.0,B4_L-Fucose,12
37.25,B4_L-Fucose,11
37.5,B4_L-Fucose,11
37.75,B4_L-Fucose,14
38.0,B4_L-Fucose,16
38.25,B4_L-Fucose,13
38.5,B4_L-Fucose,15
38.75,B4_L-Fucose,12
39.0,B4_L-Fucose,11
39.25,B4_L-Fucose,11
39.5,B4_L-Fucose,15
39.75,B4_L-Fucose,11
40.0,B4_L-Fucose,13
40.25,B4_L-Fucose,11
40.5,B4_L-Fucose,12
40.75,B4_L-Fucose,12
41.0,B4_L-Fucose,14
41.25,B4_L-Fucose,11
41.5,B4_L-Fucose,14
41.75,B4_L-Fucose,14
42.0,B4_L-Fucose,15
42.25,B4_L-Fucose,14
42.5,B4_L-Fucose,17
42.75,B4_L-Fucose,12
43.0,B4_L-Fucose,13
43.25,B4_L-Fucose,16
43.5,B4_L-Fucose,15
43.75,B4_L-Fucose,17
44.0,B4_L-Fucose,12
44.25,B4_L-Fucose,15
44.5,B4_L-Fucose,14
44.75,B4_L-Fucose,13
45.0,B4_L-Fucose,13
45.25,B4_L-Fucose,14
45.5,B4_L-Fucose,17
45.75,B4_L-Fucose,13
46.0,B4_L-Fucose,15
46.25,B4_L-Fucose,16
46.5,B4_L-Fucose,12
46.75,B4_L-Fucose,17
47.0,B4_L-Fucose,14
47.25,B4_L-Fucose,13
47.5,B4_L-Fucose,14
47.75,B4_L-Fucose,12
48.0,B4_L-Fucose,13
48.25,B4_L-Fucose,12
0.0,B5_D-Glucuronic_Acid,11
0.25,B5_D-Glucuronic_Acid,11
0.5,B5_D-Glucuronic_Acid,11
0.75,B5_D-Glucuronic_Acid,11
1.0,B5_D-Glucuronic_Acid,11
1.25,B5_D-Glucuronic_Acid,11
1.5,B5_D-Glucuronic_Acid,11
1.75,B5_D-Glucuronic_Acid,11
2.0,B5_D-Glucuronic_Acid,11
2.25,B5_D-Glucuronic_Acid,11
2.5,B5_D-Glucuronic_Acid,11
2.75,B5_D-Glucuronic_Acid,11
3.0,B5_D-Glucuronic_Acid,11
3.25,B5_D-Glucuronic_Acid,11
3.5,B5_D-Glucuronic_Acid,11
3.75,B5_D-Glucuronic_Acid,11
4.0,B5_D-Glucuronic_Acid,11
4.25,B5_D-Glucuronic_Acid,11
4.5,B5_D-Glucuronic_Acid,11
4.75,B5_D-Glucuronic_Acid,11
5.0,B5_D-Glucuronic_Acid,11
5.25,B5_D-Glucuronic_Acid,11
5.5,B5_D-Glucuronic_Acid,11
5.75,B5_D-Glucuronic_Acid,11
6.0,B5_D-Glucuronic_Acid,11
6.25,B5_D-Glucuronic_Acid,11
6.5,B5_D-Glucuronic_Acid,11
6.75,B5_D-Glucuronic_Acid,11
7.0,B5_D-Glucuronic_Acid,11
7.25,B5_D-Glucuronic_Acid,11
7.5,B5_D-Glucuronic_Acid,11
7.75,B5_D-Glucuronic_Acid,11
8.0,B5_D-Glucuronic_Acid,11
8.25,B5_D-Glucuronic_Acid,11
8.5,B5_D-Glucuronic_Acid,11
8.75,B5_D-Glucuronic_Acid,11
9.0,B5_D-Glucuronic_Acid,11
9.25,B5_D-Glucuronic_Acid,11
9.5,B5_D-Glucuronic_Acid,11
9.75,B5_D-Glucuronic_Acid,11
10.0,B5_D-Glucuronic_Acid,11
10.25,B5_D-Glucuronic_Acid,11
10.5,B5_D-Glucuronic_Acid,11
10.75,B5_D-Glucuronic_Acid,11
11.0,B5_D-Glucuronic_Acid,11
11.25,B5_D-Glucuronic_Acid,11
11.5,B5_D-Glucuronic_Acid,11
11.75,B5_D-Glucuronic_Acid,11
12.0,B5_D-Glucuronic_Acid,11
12.25,B5_D-Glucuronic_Acid,11
12.5,B5_D-Glucuronic_Acid,11
12.75,B5_D-Glucuronic_Acid,11
13.0,B5_D-Glucuronic_Acid,11
13.25,B5_D-Glucuronic_Acid,11
13.5,B5_D-Glucuronic_Acid,11
13.75,B5_D-Glucuronic_Acid,11
14.0,B5_D-Glucuronic_Acid,11
14.25,B5_D-Glucuronic_Acid,11
14.5,B5_D-Glucuronic_Acid,11
14.75,B5_D-Glucuronic_Acid,11
15.0,B5_D-Glucuronic_Acid,11
15.25,B5_D-Glucuronic_Acid,11
15.5,B5_D-Glucuronic_Acid,11
15.75,B5_D-Glucuronic_Acid,11
16.0,B5_D-Glucuronic_Acid,11
16.25,B5_D-Glucuronic_Acid,11
16.5,B5_D-Glucuronic_Acid,11
16.75,B5_D-Glucuronic_Acid,11
17.0,B5_D-Glucuronic_Acid,11
17.25,B5_D-Glucuronic_Acid,11
17.5,B5_D-Glucuronic_Acid,11
17.75,B5_D-Glucuronic_Acid,11
18.0,B5_D-Glucuronic_Acid,11
18.25,B5_D-Glucuronic_Acid,11
18.5,B5_D-Glucuronic_Acid,11
18.75,B5_D-Glucuronic_Acid,11
19.0,B5_D-Glucuronic_Acid,11
19.25,B5_D-Glucuronic_Acid,11
19.5,B5_D-Glucuronic_Acid,11
19.75,B5_D-Glucuronic_Acid,11
20.0,B5_D-Glucuronic_Acid,11
20.25,B5_D-Glucuronic_Acid,11
20.5,B5_D-Glucuronic_Acid,11
20.75,B5_D-Glucuronic_Acid,11
21.0,B5_D-Glucuronic_Acid,11
21.25,B5_D-Glucuronic_Acid,11
21.5,B5_D-Glucuronic_Acid,11
21.75,B5_D-Glucuronic_Acid,11
22.0,B5_D-Glucuronic_Acid,11
22.25,B5_D-Glucuronic_Acid,11
22.5,B5_D-Glucuronic_Acid,11
22.75,B5_D-Glucuronic_Acid,11
23.0,B5_D-Glucuronic_Acid,11
23.25,B5_D-Glucuronic_Acid,11
23.5,B5_D-Glucuronic_Acid,13
23.75,B5_D-Glucuronic_Acid,11
24.0,B5_D-Glucuronic_Acid,12
24.25,B5_D-Glucuronic_Acid,11
24.5,B5_D-Glucuronic_Acid,11
24.75,B5_D-Glucuronic_Acid,11
25.0,B5_D-Glucuronic_Acid,11
25.25,B5_D-Glucuronic_Acid,11
25.5,B5_D-Glucuronic_Acid,11
25.75,B5_D-Glucuronic_Acid,11
26.0,B5_D-Glucuronic_Acid,11
26.25,B5_D-Glucuronic_Acid,12
26.5,B5_D-Glucuronic_Acid,11
26.75,B5_D-Glucuronic_Acid,11
27.0,B5_D-Glucuronic_Acid,11
27.25,B5_D-Glucuronic_Acid,12
27.5,B5_D-Glucuronic_Acid,11
27.75,B5_D-Glucuronic_Acid,11
28.0,B5_D-Glucuronic_Acid,11
28.25,B5_D-Glucuronic_Acid,11
28.5,B5_D-Glucuronic_Acid,12
28.75,B5_D-Glucuronic_Acid,11
29.0,B5_D-Glucuronic_Acid,14
29.25,B5_D-Glucuronic_Acid,11
29.5,B5_D-Glucuronic_Acid,11
29.75,B5_D-Glucuronic_Acid,12
30.0,B5_D-Glucuronic_Acid,14
30.25,B5_D-Glucuronic_Acid,11
30.5,B5_D-Glucuronic_Acid,11
30.75,B5_D-Glucuronic_Acid,14
31.0,B5_D-Glucuronic_Acid,12
31.25,B5_D-Glucuronic_Acid,11
31.5,B5_D-Glucuronic_Acid,11
31.75,B5_D-Glucuronic_Acid,11
32.0,B5_D-Glucuronic_Acid,11
32.25,B5_D-Glucuronic_Acid,12
32.5,B5_D-Glucuronic_Acid,12
32.75,B5_D-Glucuronic_Acid,12
33.0,B5_D-Glucuronic_Acid,11
33.25,B5_D-Glucuronic_Acid,11
33.5,B5_D-Glucuronic_Acid,12
33.75,B5_D-Glucuronic_Acid,11
34.0,B5_D-Glucuronic_Acid,12
34.25,B5_D-Glucuronic_Acid,11
34.5,B5_D-Glucuronic_Acid,13
34.75,B5_D-Glucuronic_Acid,11
35.0,B5_D-Glucuronic_Acid,11
35.25,B5_D-Glucuronic_Acid,11
35.5,B5_D-Glucuronic_Acid,11
35.75,B5_D-Glucuronic_Acid,12
36.0,B5_D-Glucuronic_Acid,13
36.25,B5_D-Glucuronic_Acid,12
36.5,B5_D-Glucuronic_Acid,13
36.75,B5_D-Glucuronic_Acid,11
37.0,B5_D-Glucuronic_Acid,11
37.25,B5_D-Glucuronic_Acid,11
37.5,B5_D-Glucuronic_Acid,14
37.75,B5_D-Glucuronic_Acid,11
38.0,B5_D-Glucuronic_Acid,11
38.25,B5_D-Glucuronic_Acid,12
38.5,B5_D-Glucuronic_Acid,11
38.75,B5_D-Glucuronic_Acid,11
39.0,B5_D-Glucuronic_Acid,14
39.25,B5_D-Glucuronic_Acid,11
39.5,B5_D-Glucuronic_Acid,11
39.75,B5_D-Glucuronic_Acid,15
40.0,B5_D-Glucuronic_Acid,14
40.25,B5_D-Glucuronic_Acid,14
40.5,B5_D-Glucuronic_Acid,12
40.75,B5_D-Glucuronic_Acid,11
41.0,B5_D-Glucuronic_Acid,12
41.25,B5_D-Glucuronic_Acid,11
41.5,B5_D-Glucuronic_Acid,13
41.75,B5_D-Glucuronic_Acid,15
42.0,B5_D-Glucuronic_Acid,11
42.25,B5_D-Glucuronic_Acid,13
42.5,B5_D-Glucuronic_Acid,13
42.75,B5_D-Glucuronic_Acid,11
43.0,B5_D-Glucuronic_Acid,13
43.25,B5_D-Glucuronic_Acid,11
43.5,B5_D-Glucuronic_Acid,12
43.75,B5_D-Glucuronic_Acid,14
44.0,B5_D-Glucuronic_Acid,13
44.25,B5_D-Glucuronic_Acid,15
44.5,B5_D-Glucuronic_Acid,11
44.75,B5_D-Glucuronic_Acid,11
45.0,B5_D-Glucuronic_Acid,14
45.25,B5_D-Glucuronic_Acid,11
45.5,B5_D-Glucuronic_Acid,11
45.75,B5_D-Glucuronic_Acid,17
46.0,B5_D-Glucuronic_Acid,11
46.25,B5_D-Glucuronic_Acid,14
46.5,B5_D-Glucuronic_Acid,15
46.75,B5_D-Glucuronic_Acid,11
47.0,B5_D-Glucuronic_Acid,11
47.25,B5_D-Glucuronic_Acid,13
47.5,B5_D-Glucuronic_Acid,12
47.75,B5_D-Glucuronic_Acid,11
48.0,B5_D-Glucuronic_Acid,12
48.25,B5_D-Glucuronic_Acid,12
0.0,B6_D-Gluconic_Acid,11
0.25,B6_D-Gluconic_Acid,11
0.5,B6_D-Gluconic_Acid,11
0.75,B6_D-Gluconic_Acid,11
1.0,B6_D-Gluconic_Acid,11
1.25,B6_D-Gluconic_Acid,11
1.5,B6_D-Gluconic_Acid,11
1.75,B6_D-Gluconic_Acid,11
2.0,B6_D-Gluconic_Acid,11
2.25,B6_D-Gluconic_Acid,11
2.5,B6_D-Gluconic_Acid,11
2.75,B6_D-Gluconic_Acid,11
3.0,B6_D-Gluconic_Acid,11
3.25,B6_D-Gluconic_Acid,11
3.5,B6_D-Gluconic_Acid,11
3.75,B6_D-Gluconic_Acid,11
4.0,B6_D-Gluconic_Acid,11
4.25,B6_D-Gluconic_Acid,11
4.5,B6_D-Gluconic_Acid,11
4.75,B6_D-Gluconic_Acid,11
5.0,B6_D-Gluconic_Acid,11
5.25,B6_D-Gluconic_Acid,11
5.5,B6_D-Gluconic_Acid,11
5.75,B6_D-Gluconic_Acid,11
6.0,B6_D-Gluconic_Acid,11
6.25,B6_D-Gluconic_Acid,11
6.5,B6_D-Gluconic_Acid,11
6.75,B6_D-Gluconic_Acid,11
7.0,B6_D-Gluconic_Acid,11
7.25,B6_D-Gluconic_Acid,11
7.5,B6_D-Gluconic_Acid,11
7.75,B6_D-Gluconic_Acid,11
8.0,B6_D-Gluconic_Acid,11
8.25,B6_D-Gluconic_Acid,11
8.5,B6_D-Gluconic_Acid,11
8.75,B6_D-Gluconic_Acid,11
9.0,B6_D-Gluconic_Acid,11
9.25,B6_D-Gluconic_Acid,11
9.5,B6_D-Gluconic_Acid,11
9.75,B6_D-Gluconic_Acid,11
10.0,B6_D-Gluconic_Acid,11
10.25,B6_D-Gluconic_Acid,11
10.5,B6_D-Gluconic_Acid,11
10.75,B6_D-Gluconic_Acid,11
11.0,B6_D-Gluconic_Acid,11
11.25,B6_D-Gluconic_Acid,11
11.5,B6_D-Gluconic_Acid,11
11.75,B6_D-Gluconic_Acid,11
12.0,B6_D-Gluconic_Acid,11
12.25,B6_D-Gluconic_Acid,11
12.5,B6_D-Gluconic_Acid,11
12.75,B6_D-Gluconic_Acid,11
13.0,B6_D-Gluconic_Acid,11
13.25,B6_D-Gluconic_Acid,11
13.5,B6_D-Gluconic_Acid,11
13.75,B6_D-Gluconic_Acid,11
14.0,B6_D-Gluconic_Acid,11
14.25,B6_D-Gluconic_Acid,11
14.5,B6_D-Gluconic_Acid,11
14.75,B6_D-Gluconic_Acid,11
15.0,B6_D-Gluconic_Acid,11
15.25,B6_D-Gluconic_Acid,11
15.5,B6_D-Gluconic_Acid,11
15.75,B6_D-Gluconic_Acid,11
16.0,B6_D-Gluconic_Acid,11
16.25,B6_D-Gluconic_Acid,11
16.5,B6_D-Gluconic_Acid,11
16.75,B6_D-Gluconic_Acid,11
17.0,B6_D-Gluconic_Acid,11
17.25,B6_D-Gluconic_Acid,12
17.5,B6_D-Gluconic_Acid,11
17.75,B6_D-Gluconic_Acid,11
18.0,B6_D-Gluconic_Acid,11
18.25,B6_D-Gluconic_Acid,14
18.5,B6_D-Gluconic_Acid,11
18.75,B6_D-Gluconic_Acid,12
19.0,B6_D-Gluconic_Acid,11
19.25,B6_D-Gluconic_Acid,13
19.5,B6_D-Gluconic_Acid,13
19.75,B6_D-Gluconic_Acid,12
20.0,B6_D-Gluconic_Acid,16
20.25,B6_D-Gluconic_Acid,14
20.5,B6_D-Gluconic_Acid,15
20.75,B6_D-Gluconic_Acid,11
21.0,B6_D-Gluconic_Acid,14
21.25,B6_D-Gluconic_Acid,13
21.5,B6_D-Gluconic_Acid,14
21.75,B6_D-Gluconic_Acid,15
22.0,B6_D-Gluconic_Acid,16
22.25,B6_D-Gluconic_Acid,14
22.5,B6_D-Gluconic_Acid,21
22.75,B6_D-Gluconic_Acid,17
23.0,B6_D-Gluconic_Acid,16
23.25,B6_D-Gluconic_Acid,17
23.5,B6_D-Gluconic_Acid,19
23.75,B6_D-Gluconic_Acid,16
24.0,B6_D-Gluconic_Acid,17
24.25,B6_D-Gluconic_Acid,21
24.5,B6_D-Gluconic_Acid,19
24.75,B6_D-Gluconic_Acid,19
25.0,B6_D-Gluconic_Acid,18
25.25,B6_D-Gluconic_Acid,19
25.5,B6_D-Gluconic_Acid,19
25.75,B6_D-Gluconic_Acid,17
26.0,B6_D-Gluconic_Acid,20
26.25,B6_D-Gluconic_Acid,20
26.5,B6_D-Gluconic_Acid,17
26.75,B6_D-Gluconic_Acid,23
27.0,B6_D-Gluconic_Acid,22
27.25,B6_D-Gluconic_Acid,19
27.5,B6_D-Gluconic_Acid,27
27.75,B6_D-Gluconic_Acid,25
28.0,B6_D-Gluconic_Acid,33
28.25,B6_D-Gluconic_Acid,23
28.5,B6_D-Gluconic_Acid,30
28.75,B6_D-Gluconic_Acid,26
29.0,B6_D-Gluconic_Acid,27
29.25,B6_D-Gluconic_Acid,29
29.5,B6_D-Gluconic_Acid,28
29.75,B6_D-Gluconic_Acid,29
30.0,B6_D-Gluconic_Acid,29
30.25,B6_D-Gluconic_Acid,31
30.5,B6_D-Gluconic_Acid,28
30.75,B6_D-Gluconic_Acid,29
31.0,B6_D-Gluconic_Acid,29
31.25,B6_D-Gluconic_Acid,31
31.5,B6_D-Gluconic_Acid,31
31.75,B6_D-Gluconic_Acid,32
32.0,B6_D-Gluconic_Acid,32
32.25,B6_D-Gluconic_Acid,33
32.5,B6_D-Gluconic_Acid,34
32.75,B6_D-Gluconic_Acid,33
33.0,B6_D-Gluconic_Acid,30
33.25,B6_D-Gluconic_Acid,32
33.5,B6_D-Gluconic_Acid,35
33.75,B6_D-Gluconic_Acid,36
34.0,B6_D-Gluconic_Acid,34
34.25,B6_D-Gluconic_Acid,32
34.5,B6_D-Gluconic_Acid,33
34.75,B6_D-Gluconic_Acid,33
35.0,B6_D-Gluconic_Acid,32
35.25,B6_D-Gluconic_Acid,38
35.5,B6_D-Gluconic_Acid,40
35.75,B6_D-Gluconic_Acid,39
36.0,B6_D-Gluconic_Acid,42
36.25,B6_D-Gluconic_Acid,35
36.5,B6_D-Gluconic_Acid,38
36.75,B6_D-Gluconic_Acid,41
37.0,B6_D-Gluconic_Acid,43
37.25,B6_D-Gluconic_Acid,38
37.5,B6_D-Gluconic_Acid,38
37.75,B6_D-Gluconic_Acid,35
38.0,B6_D-Gluconic_Acid,39
38.25,B6_D-Gluconic_Acid,39
38.5,B6_D-Gluconic_Acid,40
38.75,B6_D-Gluconic_Acid,37
39.0,B6_D-Gluconic_Acid,36
39.25,B6_D-Gluconic_Acid,40
39.5,B6_D-Gluconic_Acid,42
39.75,B6_D-Gluconic_Acid,41
40.0,B6_D-Gluconic_Acid,47
40.25,B6_D-Gluconic_Acid,39
40.5,B6_D-Gluconic_Acid,44
40.75,B6_D-Gluconic_Acid,41
41.0,B6_D-Gluconic_Acid,49
41.25,B6_D-Gluconic_Acid,44
41.5,B6_D-Gluconic_Acid,46
41.75,B6_D-Gluconic_Acid,49
42.0,B6_D-Gluconic_Acid,47
42.25,B6_D-Gluconic_Acid,45
42.5,B6_D-Gluconic_Acid,52
42.75,B6_D-Gluconic_Acid,48
43.0,B6_D-Gluconic_Acid,45
43.25,B6_D-Gluconic_Acid,52
43.5,B6_D-Gluconic_Acid,48
43.75,B6_D-Gluconic_Acid,47
44.0,B6_D-Gluconic_Acid,51
44.25,B6_D-Gluconic_Acid,49
44.5,B6_D-Gluconic_Acid,48
44.75,B6_D-Gluconic_Acid,53
45.0,B6_D-Gluconic_Acid,49
45.25,B6_D-Gluconic_Acid,51
45.5,B6_D-Gluconic_Acid,48
45.75,B6_D-Gluconic_Acid,54
46.0,B6_D-Gluconic_Acid,49
46.25,B6_D-Gluconic_Acid,52
46.5,B6_D-Gluconic_Acid,53
46.75,B6_D-Gluconic_Acid,51
47.0,B6_D-Gluconic_Acid,53
47.25,B6_D-Gluconic_Acid,53
47.5,B6_D-Gluconic_Acid,57
47.75,B6_D-Gluconic_Acid,58
48.0,B6_D-Gluconic_Acid,52
48.25,B6_D-Gluconic_Acid,56
0.0,B7_D-L-a-Glycerol_Phosphate,11
0.25,B7_D-L-a-Glycerol_Phosphate,11
0.5,B7_D-L-a-Glycerol_Phosphate,11
0.75,B7_D-L-a-Glycerol_Phosphate,11
1.0,B7_D-L-a-Glycerol_Phosphate,11
1.25,B7_D-L-a-Glycerol_Phosphate,11
1.5,B7_D-L-a-Glycerol_Phosphate,11
1.75,B7_D-L-a-Glycerol_Phosphate,11
2.0,B7_D-L-a-Glycerol_Phosphate,11
2.25,B7_D-L-a-Glycerol_Phosphate,11
2.5,B7_D-L-a-Glycerol_Phosphate,11
2.75,B7_D-L-a-Glycerol_Phosphate,11
3.0,B7_D-L-a-Glycerol_Phosphate,11
3.25,B7_D-L-a-Glycerol_Phosphate,11
3.5,B7_D-L-a-Glycerol_Phosphate,11
3.75,B7_D-L-a-Glycerol_Phosphate,11
4.0,B7_D-L-a-Glycerol_Phosphate,11
4.25,B7_D-L-a-Glycerol_Phosphate,11
4.5,B7_D-L-a-Glycerol_Phosphate,11
4.75,B7_D-L-a-Glycerol_Phosphate,11
5.0,B7_D-L-a-Glycerol_Phosphate,11
5.25,B7_D-L-a-Glycerol_Phosphate,11
5.5,B7_D-L-a-Glycerol_Phosphate,11
5.75,B7_D-L-a-Glycerol_Phosphate,11
6.0,B7_D-L-a-Glycerol_Phosphate,11
6.25,B7_D-L-a-Glycerol_Phosphate,11
6.5,B7_D-L-a-Glycerol_Phosphate,11
6.75,B7_D-L-a-Glycerol_Phosphate,11
7.0,B7_D-L-a-Glycerol_Phosphate,11
7.25,B7_D-L-a-Glycerol_Phosphate,11
7.5,B7_D-L-a-Glycerol_Phosphate,11
7.75,B7_D-L-a-Glycerol_Phosphate,11
8.0,B7_D-L-a-Glycerol_Phosphate,11
8.25,B7_D-L-a-Glycerol_Phosphate,11
8.5,B7_D-L-a-Glycerol_Phosphate,11
8.75,B7_D-L-a-Glycerol_Phosphate,11
9.0,B7_D-L-a-Glycerol_Phosphate,11
9.25,B7_D-L-a-Glycerol_Phosphate,11
9.5,B7_D-L-a-Glycerol_Phosphate,11
9.75,B7_D-L-a-Glycerol_Phosphate,11
10.0,B7_D-L-a-Glycerol_Phosphate,11
10.25,B7_D-L-a-Glycerol_Phosphate,11
10.5,B7_D-L-a-Glycerol_Phosphate,11
10.75,B7_D-L-a-Glycerol_Phosphate,11
11.0,B7_D-L-a-Glycerol_Phosphate,11
11.25,B7_D-L-a-Glycerol_Phosphate,11
11.5,B7_D-L-a-Glycerol_Phosphate,11
11.75,B7_D-L-a-Glycerol_Phosphate,11
12.0,B7_D-L-a-Glycerol_Phosphate,11
12.25,B7_D-L-a-Glycerol_Phosphate,11
12.5,B7_D-L-a-Glycerol_Phosphate,11
12.75,B7_D-L-a-Glycerol_Phosphate,11
13.0,B7_D-L-a-Glycerol_Phosphate,11
13.25,B7_D-L-a-Glycerol_Phosphate,11
13.5,B7_D-L-a-Glycerol_Phosphate,11
13.75,B7_D-L-a-Glycerol_Phosphate,11
14.0,B7_D-L-a-Glycerol_Phosphate,11
14.25,B7_D-L-a-Glycerol_Phosphate,11
14.5,B7_D-L-a-Glycerol_Phosphate,11
14.75,B7_D-L-a-Glycerol_Phosphate,11
15.0,B7_D-L-a-Glycerol_Phosphate,11
15.25,B7_D-L-a-Glycerol_Phosphate,11
15.5,B7_D-L-a-Glycerol_Phosphate,11
15.75,B7_D-L-a-Glycerol_Phosphate,11
16.0,B7_D-L-a-Glycerol_Phosphate,11
16.25,B7_D-L-a-Glycerol_Phosphate,11
16.5,B7_D-L-a-Glycerol_Phosphate,11
16.75,B7_D-L-a-Glycerol_Phosphate,11
17.0,B7_D-L-a-Glycerol_Phosphate,11
17.25,B7_D-L-a-Glycerol_Phosphate,11
17.5,B7_D-L-a-Glycerol_Phosphate,11
17.75,B7_D-L-a-Glycerol_Phosphate,11
18.0,B7_D-L-a-Glycerol_Phosphate,11
18.25,B7_D-L-a-Glycerol_Phosphate,11
18.5,B7_D-L-a-Glycerol_Phosphate,11
18.75,B7_D-L-a-Glycerol_Phosphate,11
19.0,B7_D-L-a-Glycerol_Phosphate,11
19.25,B7_D-L-a-Glycerol_Phosphate,11
19.5,B7_D-L-a-Glycerol_Phosphate,11
19.75,B7_D-L-a-Glycerol_Phosphate,11
20.0,B7_D-L-a-Glycerol_Phosphate,11
20.25,B7_D-L-a-Glycerol_Phosphate,11
20.5,B7_D-L-a-Glycerol_Phosphate,11
20.75,B7_D-L-a-Glycerol_Phosphate,13
21.0,B7_D-L-a-Glycerol_Phosphate,11
21.25,B7_D-L-a-Glycerol_Phosphate,11
21.5,B7_D-L-a-Glycerol_Phosphate,13
21.75,B7_D-L-a-Glycerol_Phosphate,11
22.0,B7_D-L-a-Glycerol_Phosphate,11
22.25,B7_D-L-a-Glycerol_Phosphate,11
22.5,B7_D-L-a-Glycerol_Phosphate,13
22.75,B7_D-L-a-Glycerol_Phosphate,11
23.0,B7_D-L-a-Glycerol_Phosphate,11
23.25,B7_D-L-a-Glycerol_Phosphate,11
23.5,B7_D-L-a-Glycerol_Phosphate,11
23.75,B7_D-L-a-Glycerol_Phosphate,15
24.0,B7_D-L-a-Glycerol_Phosphate,11
24.25,B7_D-L-a-Glycerol_Phosphate,11
24.5,B7_D-L-a-Glycerol_Phosphate,11
24.75,B7_D-L-a-Glycerol_Phosphate,11
25.0,B7_D-L-a-Glycerol_Phosphate,16
25.25,B7_D-L-a-Glycerol_Phosphate,13
25.5,B7_D-L-a-Glycerol_Phosphate,11
25.75,B7_D-L-a-Glycerol_Phosphate,11
26.0,B7_D-L-a-Glycerol_Phosphate,11
26.25,B7_D-L-a-Glycerol_Phosphate,12
26.5,B7_D-L-a-Glycerol_Phosphate,11
26.75,B7_D-L-a-Glycerol_Phosphate,12
27.0,B7_D-L-a-Glycerol_Phosphate,12
27.25,B7_D-L-a-Glycerol_Phosphate,11
27.5,B7_D-L-a-Glycerol_Phosphate,11
27.75,B7_D-L-a-Glycerol_Phosphate,12
28.0,B7_D-L-a-Glycerol_Phosphate,12
28.25,B7_D-L-a-Glycerol_Phosphate,12
28.5,B7_D-L-a-Glycerol_Phosphate,16
28.75,B7_D-L-a-Glycerol_Phosphate,13
29.0,B7_D-L-a-Glycerol_Phosphate,12
29.25,B7_D-L-a-Glycerol_Phosphate,12
29.5,B7_D-L-a-Glycerol_Phosphate,12
29.75,B7_D-L-a-Glycerol_Phosphate,12
30.0,B7_D-L-a-Glycerol_Phosphate,12
30.25,B7_D-L-a-Glycerol_Phosphate,11
30.5,B7_D-L-a-Glycerol_Phosphate,11
30.75,B7_D-L-a-Glycerol_Phosphate,16
31.0,B7_D-L-a-Glycerol_Phosphate,11
31.25,B7_D-L-a-Glycerol_Phosphate,12
31.5,B7_D-L-a-Glycerol_Phosphate,14
31.75,B7_D-L-a-Glycerol_Phosphate,17
32.0,B7_D-L-a-Glycerol_Phosphate,12
32.25,B7_D-L-a-Glycerol_Phosphate,11
32.5,B7_D-L-a-Glycerol_Phosphate,11
32.75,B7_D-L-a-Glycerol_Phosphate,11
33.0,B7_D-L-a-Glycerol_Phosphate,13
33.25,B7_D-L-a-Glycerol_Phosphate,11
33.5,B7_D-L-a-Glycerol_Phosphate,11
33.75,B7_D-L-a-Glycerol_Phosphate,11
34.0,B7_D-L-a-Glycerol_Phosphate,11
34.25,B7_D-L-a-Glycerol_Phosphate,14
34.5,B7_D-L-a-Glycerol_Phosphate,12
34.75,B7_D-L-a-Glycerol_Phosphate,11
35.0,B7_D-L-a-Glycerol_Phosphate,11
35.25,B7_D-L-a-Glycerol_Phosphate,11
35.5,B7_D-L-a-Glycerol_Phosphate,11
35.75,B7_D-L-a-Glycerol_Phosphate,14
36.0,B7_D-L-a-Glycerol_Phosphate,15
36.25,B7_D-L-a-Glycerol_Phosphate,11
36.5,B7_D-L-a-Glycerol_Phosphate,11
36.75,B7_D-L-a-Glycerol_Phosphate,13
37.0,B7_D-L-a-Glycerol_Phosphate,11
37.25,B7_D-L-a-Glycerol_Phosphate,11
37.5,B7_D-L-a-Glycerol_Phosphate,11
37.75,B7_D-L-a-Glycerol_Phosphate,11
38.0,B7_D-L-a-Glycerol_Phosphate,12
38.25,B7_D-L-a-Glycerol_Phosphate,11
38.5,B7_D-L-a-Glycerol_Phosphate,11
38.75,B7_D-L-a-Glycerol_Phosphate,11
39.0,B7_D-L-a-Glycerol_Phosphate,14
39.25,B7_D-L-a-Glycerol_Phosphate,11
39.5,B7_D-L-a-Glycerol_Phosphate,14
39.75,B7_D-L-a-Glycerol_Phosphate,11
40.0,B7_D-L-a-Glycerol_Phosphate,11
40.25,B7_D-L-a-Glycerol_Phosphate,11
40.5,B7_D-L-a-Glycerol_Phosphate,11
40.75,B7_D-L-a-Glycerol_Phosphate,11
41.0,B7_D-L-a-Glycerol_Phosphate,13
41.25,B7_D-L-a-Glycerol_Phosphate,11
41.5,B7_D-L-a-Glycerol_Phosphate,11
41.75,B7_D-L-a-Glycerol_Phosphate,13
42.0,B7_D-L-a-Glycerol_Phosphate,13
42.25,B7_D-L-a-Glycerol_Phosphate,11
42.5,B7_D-L-a-Glycerol_Phosphate,13
42.75,B7_D-L-a-Glycerol_Phosphate,16
43.0,B7_D-L-a-Glycerol_Phosphate,13
43.25,B7_D-L-a-Glycerol_Phosphate,11
43.5,B7_D-L-a-Glycerol_Phosphate,13
43.75,B7_D-L-a-Glycerol_Phosphate,13
44.0,B7_D-L-a-Glycerol_Phosphate,11
44.25,B7_D-L-a-Glycerol_Phosphate,11
44.5,B7_D-L-a-Glycerol_Phosphate,12
44.75,B7_D-L-a-Glycerol_Phosphate,12
45.0,B7_D-L-a-Glycerol_Phosphate,12
45.25,B7_D-L-a-Glycerol_Phosphate,14
45.5,B7_D-L-a-Glycerol_Phosphate,11
45.75,B7_D-L-a-Glycerol_Phosphate,11
46.0,B7_D-L-a-Glycerol_Phosphate,14
46.25,B7_D-L-a-Glycerol_Phosphate,12
46.5,B7_D-L-a-Glycerol_Phosphate,11
46.75,B7_D-L-a-Glycerol_Phosphate,13
47.0,B7_D-L-a-Glycerol_Phosphate,11
47.25,B7_D-L-a-Glycerol_Phosphate,11
47.5,B7_D-L-a-Glycerol_Phosphate,11
47.75,B7_D-L-a-Glycerol_Phosphate,12
48.0,B7_D-L-a-Glycerol_Phosphate,11
48.25,B7_D-L-a-Glycerol_Phosphate,12
0.0,B8_D-Xylose,49
0.25,B8_D-Xylose,55
0.5,B8_D-Xylose,60
0.75,B8_D-Xylose,57
1.0,B8_D-Xylose,57
1.25,B8_D-Xylose,67
1.5,B8_D-Xylose,60
1.75,B8_D-Xylose,61
2.0,B8_D-Xylose,64
2.25,B8_D-Xylose,60
2.5,B8_D-Xylose,64
2.75,B8_D-Xylose,64
3.0,B8_D-Xylose,62
3.25,B8_D-Xylose,61
3.5,B8_D-Xylose,64
3.75,B8_D-Xylose,62
4.0,B8_D-Xylose,60
4.25,B8_D-Xylose,61
4.5,B8_D-Xylose,65
4.75,B8_D-Xylose,61
5.0,B8_D-Xylose,61
5.25,B8_D-Xylose,63
5.5,B8_D-Xylose,58
5.75,B8_D-Xylose,61
6.0,B8_D-Xylose,64
6.25,B8_D-Xylose,65
6.5,B8_D-Xylose,63
6.75,B8_D-Xylose,64
7.0,B8_D-Xylose,63
7.25,B8_D-Xylose,65
7.5,B8_D-Xylose,69
7.75,B8_D-Xylose,69
8.0,B8_D-Xylose,66
8.25,B8_D-Xylose,67
8.5,B8_D-Xylose,64
8.75,B8_D-Xylose,67
9.0,B8_D-Xylose,64
9.25,B8_D-Xylose,67
9.5,B8_D-Xylose,65
9.75,B8_D-Xylose,65
10.0,B8_D-Xylose,66
10.25,B8_D-Xylose,66
10.5,B8_D-Xylose,64
10.75,B8_D-Xylose,70
11.0,B8_D-Xylose,64
11.25,B8_D-Xylose,70
11.5,B8_D-Xylose,75
11.75,B8_D-Xylose,70
12.0,B8_D-Xylose,67
12.25,B8_D-Xylose,70
12.5,B8_D-Xylose,72
12.75,B8_D-Xylose,68
13.0,B8_D-Xylose,70
13.25,B8_D-Xylose,70
13.5,B8_D-Xylose,70
13.75,B8_D-Xylose,69
14.0,B8_D-Xylose,68
14.25,B8_D-Xylose,64
14.5,B8_D-Xylose,70
14.75,B8_D-Xylose,68
15.0,B8_D-Xylose,71
15.25,B8_D-Xylose,70
15.5,B8_D-Xylose,67
15.75,B8_D-Xylose,67
16.0,B8_D-Xylose,67
16.25,B8_D-Xylose,68
16.5,B8_D-Xylose,71
16.75,B8_D-Xylose,69
17.0,B8_D-Xylose,75
17.25,B8_D-Xylose,70
17.5,B8_D-Xylose,70
17.75,B8_D-Xylose,70
18.0,B8_D-Xylose,67
18.25,B8_D-Xylose,72
18.5,B8_D-Xylose,66
18.75,B8_D-Xylose,69
19.0,B8_D-Xylose,69
19.25,B8_D-Xylose,69
19.5,B8_D-Xylose,67
19.75,B8_D-Xylose,70
20.0,B8_D-Xylose,68
20.25,B8_D-Xylose,67
20.5,B8_D-Xylose,65
20.75,B8_D-Xylose,71
21.0,B8_D-Xylose,73
21.25,B8_D-Xylose,70
21.5,B8_D-Xylose,65
21.75,B8_D-Xylose,67
22.0,B8_D-Xylose,68
22.25,B8_D-Xylose,67
22.5,B8_D-Xylose,71
22.75,B8_D-Xylose,72
23.0,B8_D-Xylose,68
23.25,B8_D-Xylose,69
23.5,B8_D-Xylose,72
23.75,B8_D-Xylose,69
24.0,B8_D-Xylose,71
24.25,B8_D-Xylose,73
24.5,B8_D-Xylose,71
24.75,B8_D-Xylose,71
25.0,B8_D-Xylose,68
25.25,B8_D-Xylose,69
25.5,B8_D-Xylose,72
25.75,B8_D-Xylose,71
26.0,B8_D-Xylose,68
26.25,B8_D-Xylose,70
26.5,B8_D-Xylose,69
26.75,B8_D-Xylose,67
27.0,B8_D-Xylose,72
27.25,B8_D-Xylose,71
27.5,B8_D-Xylose,66
27.75,B8_D-Xylose,69
28.0,B8_D-Xylose,73
28.25,B8_D-Xylose,71
28.5,B8_D-Xylose,69
28.75,B8_D-Xylose,67
29.0,B8_D-Xylose,71
29.25,B8_D-Xylose,69
29.5,B8_D-Xylose,71
29.75,B8_D-Xylose,70
30.0,B8_D-Xylose,70
30.25,B8_D-Xylose,69
30.5,B8_D-Xylose,69
30.75,B8_D-Xylose,73
31.0,B8_D-Xylose,68
31.25,B8_D-Xylose,70
31.5,B8_D-Xylose,67
31.75,B8_D-Xylose,70
32.0,B8_D-Xylose,67
32.25,B8_D-Xylose,69
32.5,B8_D-Xylose,70
32.75,B8_D-Xylose,72
33.0,B8_D-Xylose,74
33.25,B8_D-Xylose,70
33.5,B8_D-Xylose,67
33.75,B8_D-Xylose,71
34.0,B8_D-Xylose,67
34.25,B8_D-Xylose,69
34.5,B8_D-Xylose,74
34.75,B8_D-Xylose,70
35.0,B8_D-Xylose,71
35.25,B8_D-Xylose,68
35.5,B8_D-Xylose,72
35.75,B8_D-Xylose,74
36.0,B8_D-Xylose,72
36.25,B8_D-Xylose,71
36.5,B8_D-Xylose,71
36.75,B8_D-Xylose,69
37.0,B8_D-Xylose,74
37.25,B8_D-Xylose,72
37.5,B8_D-Xylose,70
37.75,B8_D-Xylose,67
38.0,B8_D-Xylose,73
38.25,B8_D-Xylose,71
38.5,B8_D-Xylose,74
38.75,B8_D-Xylose,71
39.0,B8_D-Xylose,72
39.25,B8_D-Xylose,70
39.5,B8_D-Xylose,72
39.75,B8_D-Xylose,70
40.0,B8_D-Xylose,71
40.25,B8_D-Xylose,73
40.5,B8_D-Xylose,70
40.75,B8_D-Xylose,75
41.0,B8_D-Xylose,72
41.25,B8_D-Xylose,71
41.5,B8_D-Xylose,70
41.75,B8_D-Xylose,70
42.0,B8_D-Xylose,74
42.25,B8_D-Xylose,72
42.5,B8_D-Xylose,75
42.75,B8_D-Xylose,74
43.0,B8_D-Xylose,71
43.25,B8_D-Xylose,75
43.5,B8_D-Xylose,71
43.75,B8_D-Xylose,71
44.0,B8_D-Xylose,69
44.25,B8_D-Xylose,68
44.5,B8_D-Xylose,67
44.75,B8_D-Xylose,70
45.0,B8_D-Xylose,73
45.25,B8_D-Xylose,71
45.5,B8_D-Xylose,74
45.75,B8_D-Xylose,72
46.0,B8_D-Xylose,72
46.25,B8_D-Xylose,74
46.5,B8_D-Xylose,74
46.75,B8_D-Xylose,75
47.0,B8_D-Xylose,73
47.25,B8_D-Xylose,74
47.5,B8_D-Xylose,75
47.75,B8_D-Xylose,76
48.0,B8_D-Xylose,69
48.25,B8_D-Xylose,75
0.0,B9_L-Lactic_Acid,11
0.25,B9_L-Lactic_Acid,11
0.5,B9_L-Lactic_Acid,11
0.75,B9_L-Lactic_Acid,11
1.0,B9_L-Lactic_Acid,11
1.25,B9_L-Lactic_Acid,11
1.5,B9_L-Lactic_Acid,11
1.75,B9_L-Lactic_Acid,11
2.0,B9_L-Lactic_Acid,11
2.25,B9_L-Lactic_Acid,11
2.5,B9_L-Lactic_Acid,11
2.75,B9_L-Lactic_Acid,11
3.0,B9_L-Lactic_Acid,11
3.25,B9_L-Lactic_Acid,11
3.5,B9_L-Lactic_Acid,11
3.75,B9_L-Lactic_Acid,11
4.0,B9_L-Lactic_Acid,11
4.25,B9_L-Lactic_Acid,11
4.5,B9_L-Lactic_Acid,11
4.75,B9_L-Lactic_Acid,11
5.0,B9_L-Lactic_Acid,11
5.25,B9_L-Lactic_Acid,11
5.5,B9_L-Lactic_Acid,11
5.75,B9_L-Lactic_Acid,11
6.0,B9_L-Lactic_Acid,11
6.25,B9_L-Lactic_Acid,11
6.5,B9_L-Lactic_Acid,11
6.75,B9_L-Lactic_Acid,11
7.0,B9_L-Lactic_Acid,11
7.25,B9_L-Lactic_Acid,11
7.5,B9_L-Lactic_Acid,11
7.75,B9_L-Lactic_Acid,11
8.0,B9_L-Lactic_Acid,11
8.25,B9_L-Lactic_Acid,11
8.5,B9_L-Lactic_Acid,11
8.75,B9_L-Lactic_Acid,11
9.0,B9_L-Lactic_Acid,11
9.25,B9_L-Lactic_Acid,11
9.5,B9_L-Lactic_Acid,11
9.75,B9_L-Lactic_Acid,11
10.0,B9_L-Lactic_Acid,11
10.25,B9_L-Lactic_Acid,11
10.5,B9_L-Lactic_Acid,11
10.75,B9_L-Lactic_Acid,11
11.0,B9_L-Lactic_Acid,11
11.25,B9_L-Lactic_Acid,11
11.5,B9_L-Lactic_Acid,11
11.75,B9_L-Lactic_Acid,11
12.0,B9_L-Lactic_Acid,11
12.25,B9_L-Lactic_Acid,11
12.5,B9_L-Lactic_Acid,11
12.75,B9_L-Lactic_Acid,11
13.0,B9_L-Lactic_Acid,11
13.25,B9_L-Lactic_Acid,11
13.5,B9_L-Lactic_Acid,11
13.75,B9_L-Lactic_Acid,11
14.0,B9_L-Lactic_Acid,11
14.25,B9_L-Lactic_Acid,11
14.5,B9_L-Lactic_Acid,11
14.75,B9_L-Lactic_Acid,11
15.0,B9_L-Lactic_Acid,11
15.25,B9_L-Lactic_Acid,11
15.5,B9_L-Lactic_Acid,11
15.75,B9_L-Lactic_Acid,11
16.0,B9_L-Lactic_Acid,11
16.25,B9_L-Lactic_Acid,11
16.5,B9_L-Lactic_Acid,11
16.75,B9_L-Lactic_Acid,11
17.0,B9_L-Lactic_Acid,11
17.25,B9_L-Lactic_Acid,11
17.5,B9_L-Lactic_Acid,11
17.75,B9_L-Lactic_Acid,11
18.0,B9_L-Lactic_Acid,11
18.25,B9_L-Lactic_Acid,11
18.5,B9_L-Lactic_Acid,11
18.75,B9_L-Lactic_Acid,11
19.0,B9_L-Lactic_Acid,11
19.25,B9_L-Lactic_Acid,11
19.5,B9_L-Lactic_Acid,11
19.75,B9_L-Lactic_Acid,11
20.0,B9_L-Lactic_Acid,11
20.25,B9_L-Lactic_Acid,11
20.5,B9_L-Lactic_Acid,11
20.75,B9_L-Lactic_Acid,12
21.0,B9_L-Lactic_Acid,11
21.25,B9_L-Lactic_Acid,11
21.5,B9_L-Lactic_Acid,13
21.75,B9_L-Lactic_Acid,11
22.0,B9_L-Lactic_Acid,11
22.25,B9_L-Lactic_Acid,12
22.5,B9_L-Lactic_Acid,11
22.75,B9_L-Lactic_Acid,11
23.0,B9_L-Lactic_Acid,11
23.25,B9_L-Lactic_Acid,12
23.5,B9_L-Lactic_Acid,11
23.75,B9_L-Lactic_Acid,11
24.0,B9_L-Lactic_Acid,12
24.25,B9_L-Lactic_Acid,11
24.5,B9_L-Lactic_Acid,14
24.75,B9_L-Lactic_Acid,11
25.0,B9_L-Lactic_Acid,12
25.25,B9_L-Lactic_Acid,11
25.5,B9_L-Lactic_Acid,11
25.75,B9_L-Lactic_Acid,12
26.0,B9_L-Lactic_Acid,12
26.25,B9_L-Lactic_Acid,11
26.5,B9_L-Lactic_Acid,11
26.75,B9_L-Lactic_Acid,14
27.0,B9_L-Lactic_Acid,13
27.25,B9_L-Lactic_Acid,12
27.5,B9_L-Lactic_Acid,11
27.75,B9_L-Lactic_Acid,11
28.0,B9_L-Lactic_Acid,14
28.25,B9_L-Lactic_Acid,11
28.5,B9_L-Lactic_Acid,11
28.75,B9_L-Lactic_Acid,15
29.0,B9_L-Lactic_Acid,13
29.25,B9_L-Lactic_Acid,11
29.5,B9_L-Lactic_Acid,11
29.75,B9_L-Lactic_Acid,13
30.0,B9_L-Lactic_Acid,12
30.25,B9_L-Lactic_Acid,11
30.5,B9_L-Lactic_Acid,11
30.75,B9_L-Lactic_Acid,11
31.0,B9_L-Lactic_Acid,11
31.25,B9_L-Lactic_Acid,13
31.5,B9_L-Lactic_Acid,11
31.75,B9_L-Lactic_Acid,12
32.0,B9_L-Lactic_Acid,12
32.25,B9_L-Lactic_Acid,13
32.5,B9_L-Lactic_Acid,11
32.75,B9_L-Lactic_Acid,11
33.0,B9_L-Lactic_Acid,11
33.25,B9_L-Lactic_Acid,11
33.5,B9_L-Lactic_Acid,12
33.75,B9_L-Lactic_Acid,11
34.0,B9_L-Lactic_Acid,11
34.25,B9_L-Lactic_Acid,11
34.5,B9_L-Lactic_Acid,11
34.75,B9_L-Lactic_Acid,11
35.0,B9_L-Lactic_Acid,11
35.25,B9_L-Lactic_Acid,11
35.5,B9_L-Lactic_Acid,14
35.75,B9_L-Lactic_Acid,11
36.0,B9_L-Lactic_Acid,11
36.25,B9_L-Lactic_Acid,11
36.5,B9_L-Lactic_Acid,11
36.75,B9_L-Lactic_Acid,11
37.0,B9_L-Lactic_Acid,13
37.25,B9_L-Lactic_Acid,13
37.5,B9_L-Lactic_Acid,11
37.75,B9_L-Lactic_Acid,11
38.0,B9_L-Lactic_Acid,11
38.25,B9_L-Lactic_Acid,12
38.5,B9_L-Lactic_Acid,11
38.75,B9_L-Lactic_Acid,12
39.0,B9_L-Lactic_Acid,11
39.25,B9_L-Lactic_Acid,12
39.5,B9_L-Lactic_Acid,11
39.75,B9_L-Lactic_Acid,11
40.0,B9_L-Lactic_Acid,14
40.25,B9_L-Lactic_Acid,11
40.5,B9_L-Lactic_Acid,11
40.75,B9_L-Lactic_Acid,11
41.0,B9_L-Lactic_Acid,15
41.25,B9_L-Lactic_Acid,15
41.5,B9_L-Lactic_Acid,13
41.75,B9_L-Lactic_Acid,13
42.0,B9_L-Lactic_Acid,11
42.25,B9_L-Lactic_Acid,11
42.5,B9_L-Lactic_Acid,16
42.75,B9_L-Lactic_Acid,13
43.0,B9_L-Lactic_Acid,11
43.25,B9_L-Lactic_Acid,11
43.5,B9_L-Lactic_Acid,13
43.75,B9_L-Lactic_Acid,15
44.0,B9_L-Lactic_Acid,15
44.25,B9_L-Lactic_Acid,12
44.5,B9_L-Lactic_Acid,14
44.75,B9_L-Lactic_Acid,14
45.0,B9_L-Lactic_Acid,11
45.25,B9_L-Lactic_Acid,12
45.5,B9_L-Lactic_Acid,12
45.75,B9_L-Lactic_Acid,11
46.0,B9_L-Lactic_Acid,11
46.25,B9_L-Lactic_Acid,17
46.5,B9_L-Lactic_Acid,14
46.75,B9_L-Lactic_Acid,13
47.0,B9_L-Lactic_Acid,11
47.25,B9_L-Lactic_Acid,14
47.5,B9_L-Lactic_Acid,12
47.75,B9_L-Lactic_Acid,13
48.0,B9_L-Lactic_Acid,11
48.25,B9_L-Lactic_Acid,15
0.0,B10_Formic_Acid,11
0.25,B10_Formic_Acid,11
0.5,B10_Formic_Acid,11
0.75,B10_Formic_Acid,11
1.0,B10_Formic_Acid,11
1.25,B10_Formic_Acid,11
1.5,B10_Formic_Acid,11
1.75,B10_Formic_Acid,11
2.0,B10_Formic_Acid,11
2.25,B10_Formic_Acid,11
2.5,B10_Formic_Acid,11
2.75,B10_Formic_Acid,11
3.0,B10_Formic_Acid,11
3.25,B10_Formic_Acid,11
3.5,B10_Formic_Acid,11
3.75,B10_Formic_Acid,11
4.0,B10_Formic_Acid,11
4.25,B10_Formic_Acid,11
4.5,B10_Formic_Acid,11
4.75,B10_Formic_Acid,11
5.0,B10_Formic_Acid,11
5.25,B10_Formic_Acid,11
5.5,B10_Formic_Acid,11
5.75,B10_Formic_Acid,11
6.0,B10_Formic_Acid,11
6.25,B10_Formic_Acid,11
6.5,B10_Formic_Acid,11
6.75,B10_Formic_Acid,11
7.0,B10_Formic_Acid,11
7.25,B10_Formic_Acid,11
7.5,B10_Formic_Acid,11
7.75,B10_Formic_Acid,11
8.0,B10_Formic_Acid,11
8.25,B10_Formic_Acid,11
8.5,B10_Formic_Acid,11
8.75,B10_Formic_Acid,11
9.0,B10_Formic_Acid,11
9.25,B10_Formic_Acid,11
9.5,B10_Formic_Acid,11
9.75,B10_Formic_Acid,11
10.0,B10_Formic_Acid,11
10.25,B10_Formic_Acid,11
10.5,B10_Formic_Acid,11
10.75,B10_Formic_Acid,11
11.0,B10_Formic_Acid,11
11.25,B10_Formic_Acid,11
11.5,B10_Formic_Acid,11
11.75,B10_Formic_Acid,11
12.0,B10_Formic_Acid,11
12.25,B10_Formic_Acid,11
12.5,B10_Formic_Acid,11
12.75,B10_Formic_Acid,11
13.0,B10_Formic_Acid,11
13.25,B10_Formic_Acid,11
13.5,B10_Formic_Acid,11
13.75,B10_Formic_Acid,11
14.0,B10_Formic_Acid,11
14.25,B10_Formic_Acid,11
14.5,B10_Formic_Acid,11
14.75,B10_Formic_Acid,11
15.0,B10_Formic_Acid,11
15.25,B10_Formic_Acid,11
15.5,B10_Formic_Acid,11
15.75,B10_Formic_Acid,11
16.0,B10_Formic_Acid,11
16.25,B10_Formic_Acid,11
16.5,B10_Formic_Acid,11
16.75,B10_Formic_Acid,11
17.0,B10_Formic_Acid,11
17.25,B10_Formic_Acid,11
17.5,B10_Formic_Acid,11
17.75,B10_Formic_Acid,11
18.0,B10_Formic_Acid,11
18.25,B10_Formic_Acid,11
18.5,B10_Formic_Acid,11
18.75,B10_Formic_Acid,11
19.0,B10_Formic_Acid,11
19.25,B10_Formic_Acid,11
19.5,B10_Formic_Acid,11
19.75,B10_Formic_Acid,11
20.0,B10_Formic_Acid,11
20.25,B10_Formic_Acid,11
20.5,B10_Formic_Acid,11
20.75,B10_Formic_Acid,11
21.0,B10_Formic_Acid,11
21.25,B10_Formic_Acid,11
21.5,B10_Formic_Acid,11
21.75,B10_Formic_Acid,11
22.0,B10_Formic_Acid,11
22.25,B10_Formic_Acid,11
22.5,B10_Formic_Acid,11
22.75,B10_Formic_Acid,11
23.0,B10_Formic_Acid,11
23.25,B10_Formic_Acid,11
23.5,B10_Formic_Acid,11
23.75,B10_Formic_Acid,11
24.0,B10_Formic_Acid,11
24.25,B10_Formic_Acid,11
24.5,B10_Formic_Acid,11
24.75,B10_Formic_Acid,11
25.0,B10_Formic_Acid,11
25.25,B10_Formic_Acid,11
25.5,B10_Formic_Acid,11
25.75,B10_Formic_Acid,13
26.0,B10_Formic_Acid,13
26.25,B10_Formic_Acid,11
26.5,B10_Formic_Acid,12
26.75,B10_Formic_Acid,11
27.0,B10_Formic_Acid,11
27.25,B10_Formic_Acid,11
27.5,B10_Formic_Acid,11
27.75,B10_Formic_Acid,11
28.0,B10_Formic_Acid,12
28.25,B10_Formic_Acid,11
28.5,B10_Formic_Acid,11
28.75,B10_Formic_Acid,11
29.0,B10_Formic_Acid,15
29.25,B10_Formic_Acid,12
29.5,B10_Formic_Acid,11
29.75,B10_Formic_Acid,14
30.0,B10_Formic_Acid,11
30.25,B10_Formic_Acid,13
30.5,B10_Formic_Acid,11
30.75,B10_Formic_Acid,12
31.0,B10_Formic_Acid,15
31.25,B10_Formic_Acid,13
31.5,B10_Formic_Acid,12
31.75,B10_Formic_Acid,11
32.0,B10_Formic_Acid,11
32.25,B10_Formic_Acid,11
32.5,B10_Formic_Acid,11
32.75,B10_Formic_Acid,11
33.0,B10_Formic_Acid,11
33.25,B10_Formic_Acid,11
33.5,B10_Formic_Acid,13
33.75,B10_Formic_Acid,12
34.0,B10_Formic_Acid,11
34.25,B10_Formic_Acid,16
34.5,B10_Formic_Acid,11
34.75,B10_Formic_Acid,12
35.0,B10_Formic_Acid,12
35.25,B10_Formic_Acid,12
35.5,B10_Formic_Acid,11
35.75,B10_Formic_Acid,11
36.0,B10_Formic_Acid,12
36.25,B10_Formic_Acid,11
36.5,B10_Formic_Acid,13
36.75,B10_Formic_Acid,15
37.0,B10_Formic_Acid,12
37.25,B10_Formic_Acid,11
37.5,B10_Formic_Acid,11
37.75,B10_Formic_Acid,11
38.0,B10_Formic_Acid,13
38.25,B10_Formic_Acid,11
38.5,B10_Formic_Acid,11
38.75,B10_Formic_Acid,11
39.0,B10_Formic_Acid,11
39.25,B10_Formic_Acid,11
39.5,B10_Formic_Acid,11
39.75,B10_Formic_Acid,11
40.0,B10_Formic_Acid,13
40.25,B10_Formic_Acid,12
40.5,B10_Formic_Acid,15
40.75,B10_Formic_Acid,11
41.0,B10_Formic_Acid,15
41.25,B10_Formic_Acid,13
41.5,B10_Formic_Acid,11
41.75,B10_Formic_Acid,11
42.0,B10_Formic_Acid,11
42.25,B10_Formic_Acid,12
42.5,B10_Formic_Acid,14
42.75,B10_Formic_Acid,13
43.0,B10_Formic_Acid,12
43.25,B10_Formic_Acid,12
43.5,B10_Formic_Acid,11
43.75,B10_Formic_Acid,12
44.0,B10_Formic_Acid,11
44.25,B10_Formic_Acid,12
44.5,B10_Formic_Acid,11
44.75,B10_Formic_Acid,11
45.0,B10_Formic_Acid,11
45.25,B10_Formic_Acid,15
45.5,B10_Formic_Acid,12
45.75,B10_Formic_Acid,13
46.0,B10_Formic_Acid,14
46.25,B10_Formic_Acid,16
46.5,B10_Formic_Acid,11
46.75,B10_Formic_Acid,12
47.0,B10_Formic_Acid,16
47.25,B10_Formic_Acid,11
47.5,B10_Formic_Acid,13
47.75,B10_Formic_Acid,13
48.0,B10_Formic_Acid,11
48.25,B10_Formic_Acid,13
0.0,B11_D-Mannitol,12
0.25,B11_D-Mannitol,11
0.5,B11_D-Mannitol,13
0.75,B11_D-Mannitol,11
1.0,B11_D-Mannitol,11
1.25,B11_D-Mannitol,14
1.5,B11_D-Mannitol,14
1.75,B11_D-Mannitol,13
2.0,B11_D-Mannitol,14
2.25,B11_D-Mannitol,11
2.5,B11_D-Mannitol,16
2.75,B11_D-Mannitol,14
3.0,B11_D-Mannitol,11
3.25,B11_D-Mannitol,11
3.5,B11_D-Mannitol,13
3.75,B11_D-Mannitol,11
4.0,B11_D-Mannitol,14
4.25,B11_D-Mannitol,14
4.5,B11_D-Mannitol,16
4.75,B11_D-Mannitol,11
5.0,B11_D-Mannitol,11
5.25,B11_D-Mannitol,11
5.5,B11_D-Mannitol,13
5.75,B11_D-Mannitol,13
6.0,B11_D-Mannitol,15
6.25,B11_D-Mannitol,11
6.5,B11_D-Mannitol,11
6.75,B11_D-Mannitol,13
7.0,B11_D-Mannitol,15
7.25,B11_D-Mannitol,17
7.5,B11_D-Mannitol,12
7.75,B11_D-Mannitol,13
8.0,B11_D-Mannitol,15
8.25,B11_D-Mannitol,15
8.5,B11_D-Mannitol,13
8.75,B11_D-Mannitol,16
9.0,B11_D-Mannitol,13
9.25,B11_D-Mannitol,15
9.5,B11_D-Mannitol,12
9.75,B11_D-Mannitol,11
10.0,B11_D-Mannitol,15
10.25,B11_D-Mannitol,14
10.5,B11_D-Mannitol,11
10.75,B11_D-Mannitol,14
11.0,B11_D-Mannitol,12
11.25,B11_D-Mannitol,14
11.5,B11_D-Mannitol,14
11.75,B11_D-Mannitol,12
12.0,B11_D-Mannitol,13
12.25,B11_D-Mannitol,13
12.5,B11_D-Mannitol,17
12.75,B11_D-Mannitol,13
13.0,B11_D-Mannitol,12
13.25,B11_D-Mannitol,12
13.5,B11_D-Mannitol,16
13.75,B11_D-Mannitol,18
14.0,B11_D-Mannitol,16
14.25,B11_D-Mannitol,18
14.5,B11_D-Mannitol,14
14.75,B11_D-Mannitol,16
15.0,B11_D-Mannitol,14
15.25,B11_D-Mannitol,15
15.5,B11_D-Mannitol,12
15.75,B11_D-Mannitol,18
16.0,B11_D-Mannitol,13
16.25,B11_D-Mannitol,14
16.5,B11_D-Mannitol,18
16.75,B11_D-Mannitol,14
17.0,B11_D-Mannitol,14
17.25,B11_D-Mannitol,19
17.5,B11_D-Mannitol,16
17.75,B11_D-Mannitol,16
18.0,B11_D-Mannitol,17
18.25,B11_D-Mannitol,18
18.5,B11_D-Mannitol,19
18.75,B11_D-Mannitol,20
19.0,B11_D-Mannitol,16
19.25,B11_D-Mannitol,18
19.5,B11_D-Mannitol,19
19.75,B11_D-Mannitol,17
20.0,B11_D-Mannitol,21
20.25,B11_D-Mannitol,21
20.5,B11_D-Mannitol,21
20.75,B11_D-Mannitol,20
21.0,B11_D-Mannitol,22
21.25,B11_D-Mannitol,22
21.5,B11_D-Mannitol,22
21.75,B11_D-Mannitol,21
22.0,B11_D-Mannitol,24
22.25,B11_D-Mannitol,18
22.5,B11_D-Mannitol,20
22.75,B11_D-Mannitol,20
23.0,B11_D-Mannitol,22
23.25,B11_D-Mannitol,22
23.5,B11_D-Mannitol,25
23.75,B11_D-Mannitol,26
24.0,B11_D-Mannitol,20
24.25,B11_D-Mannitol,22
24.5,B11_D-Mannitol,22
24.75,B11_D-Mannitol,18
25.0,B11_D-Mannitol,24
25.25,B11_D-Mannitol,23
25.5,B11_D-Mannitol,23
25.75,B11_D-Mannitol,23
26.0,B11_D-Mannitol,25
26.25,B11_D-Mannitol,21
26.5,B11_D-Mannitol,19
26.75,B11_D-Mannitol,23
27.0,B11_D-Mannitol,21
27.25,B11_D-Mannitol,26
27.5,B11_D-Mannitol,24
27.75,B11_D-Mannitol,21
28.0,B11_D-Mannitol,24
28.25,B11_D-Mannitol,25
28.5,B11_D-Mannitol,24
28.75,B11_D-Mannitol,26
29.0,B11_D-Mannitol,24
29.25,B11_D-Mannitol,20
29.5,B11_D-Mannitol,22
29.75,B11_D-Mannitol,25
30.0,B11_D-Mannitol,22
30.25,B11_D-Mannitol,22
30.5,B11_D-Mannitol,23
30.75,B11_D-Mannitol,21
31.0,B11_D-Mannitol,21
31.25,B11_D-Mannitol,23
31.5,B11_D-Mannitol,23
31.75,B11_D-Mannitol,23
32.0,B11_D-Mannitol,25
32.25,B11_D-Mannitol,24
32.5,B11_D-Mannitol,21
32.75,B11_D-Mannitol,19
33.0,B11_D-Mannitol,19
33.25,B11_D-Mannitol,20
33.5,B11_D-Mannitol,20
33.75,B11_D-Mannitol,20
34.0,B11_D-Mannitol,23
34.25,B11_D-Mannitol,23
34.5,B11_D-Mannitol,20
34.75,B11_D-Mannitol,22
35.0,B11_D-Mannitol,17
35.25,B11_D-Mannitol,19
35.5,B11_D-Mannitol,17
35.75,B11_D-Mannitol,17
36.0,B11_D-Mannitol,21
36.25,B11_D-Mannitol,20
36.5,B11_D-Mannitol,18
36.75,B11_D-Mannitol,19
37.0,B11_D-Mannitol,17
37.25,B11_D-Mannitol,14
37.5,B11_D-Mannitol,16
37.75,B11_D-Mannitol,20
38.0,B11_D-Mannitol,20
38.25,B11_D-Mannitol,22
38.5,B11_D-Mannitol,17
38.75,B11_D-Mannitol,15
39.0,B11_D-Mannitol,20
39.25,B11_D-Mannitol,18
39.5,B11_D-Mannitol,19
39.75,B11_D-Mannitol,18
40.0,B11_D-Mannitol,18
40.25,B11_D-Mannitol,19
40.5,B11_D-Mannitol,22
40.75,B11_D-Mannitol,19
41.0,B11_D-Mannitol,23
41.25,B11_D-Mannitol,19
41.5,B11_D-Mannitol,19
41.75,B11_D-Mannitol,16
42.0,B11_D-Mannitol,18
42.25,B11_D-Mannitol,19
42.5,B11_D-Mannitol,21
42.75,B11_D-Mannitol,19
43.0,B11_D-Mannitol,19
43.25,B11_D-Mannitol,19
43.5,B11_D-Mannitol,19
43.75,B11_D-Mannitol,19
44.0,B11_D-Mannitol,18
44.25,B11_D-Mannitol,15
44.5,B11_D-Mannitol,18
44.75,B11_D-Mannitol,21
45.0,B11_D-Mannitol,18
45.25,B11_D-Mannitol,18
45.5,B11_D-Mannitol,22
45.75,B11_D-Mannitol,20
46.0,B11_D-Mannitol,17
46.25,B11_D-Mannitol,19
46.5,B11_D-Mannitol,19
46.75,B11_D-Mannitol,20
47.0,B11_D-Mannitol,21
47.25,B11_D-Mannitol,25
47.5,B11_D-Mannitol,18
47.75,B11_D-Mannitol,17
48.0,B11_D-Mannitol,20
48.25,B11_D-Mannitol,20
0.0,B12_L-Glutamic_Acid,14
0.25,B12_L-Glutamic_Acid,13
0.5,B12_L-Glutamic_Acid,16
0.75,B12_L-Glutamic_Acid,14
1.0,B12_L-Glutamic_Acid,12
1.25,B12_L-Glutamic_Acid,15
1.5,B12_L-Glutamic_Acid,12
1.75,B12_L-Glutamic_Acid,14
2.0,B12_L-Glutamic_Acid,16
2.25,B12_L-Glutamic_Acid,11
2.5,B12_L-Glutamic_Acid,13
2.75,B12_L-Glutamic_Acid,12
3.0,B12_L-Glutamic_Acid,12
3.25,B12_L-Glutamic_Acid,13
3.5,B12_L-Glutamic_Acid,14
3.75,B12_L-Glutamic_Acid,16
4.0,B12_L-Glutamic_Acid,13
4.25,B12_L-Glutamic_Acid,11
4.5,B12_L-Glutamic_Acid,13
4.75,B12_L-Glutamic_Acid,13
5.0,B12_L-Glutamic_Acid,14
5.25,B12_L-Glutamic_Acid,14
5.5,B12_L-Glutamic_Acid,13
5.75,B12_L-Glutamic_Acid,11
6.0,B12_L-Glutamic_Acid,13
6.25,B12_L-Glutamic_Acid,11
6.5,B12_L-Glutamic_Acid,11
6.75,B12_L-Glutamic_Acid,11
7.0,B12_L-Glutamic_Acid,12
7.25,B12_L-Glutamic_Acid,18
7.5,B12_L-Glutamic_Acid,11
7.75,B12_L-Glutamic_Acid,11
8.0,B12_L-Glutamic_Acid,13
8.25,B12_L-Glutamic_Acid,13
8.5,B12_L-Glutamic_Acid,12
8.75,B12_L-Glutamic_Acid,12
9.0,B12_L-Glutamic_Acid,11
9.25,B12_L-Glutamic_Acid,11
9.5,B12_L-Glutamic_Acid,13
9.75,B12_L-Glutamic_Acid,14
10.0,B12_L-Glutamic_Acid,11
10.25,B12_L-Glutamic_Acid,11
10.5,B12_L-Glutamic_Acid,12
10.75,B12_L-Glutamic_Acid,13
11.0,B12_L-Glutamic_Acid,13
11.25,B12_L-Glutamic_Acid,14
11.5,B12_L-Glutamic_Acid,13
11.75,B12_L-Glutamic_Acid,15
12.0,B12_L-Glutamic_Acid,12
12.25,B12_L-Glutamic_Acid,14
12.5,B12_L-Glutamic_Acid,15
12.75,B12_L-Glutamic_Acid,13
13.0,B12_L-Glutamic_Acid,11
13.25,B12_L-Glutamic_Acid,13
13.5,B12_L-Glutamic_Acid,14
13.75,B12_L-Glutamic_Acid,15
14.0,B12_L-Glutamic_Acid,12
14.25,B12_L-Glutamic_Acid,14
14.5,B12_L-Glutamic_Acid,15
14.75,B12_L-Glutamic_Acid,15
15.0,B12_L-Glutamic_Acid,13
15.25,B12_L-Glutamic_Acid,15
15.5,B12_L-Glutamic_Acid,12
15.75,B12_L-Glutamic_Acid,13
16.0,B12_L-Glutamic_Acid,11
16.25,B12_L-Glutamic_Acid,17
16.5,B12_L-Glutamic_Acid,15
16.75,B12_L-Glutamic_Acid,13
17.0,B12_L-Glutamic_Acid,14
17.25,B12_L-Glutamic_Acid,16
17.5,B12_L-Glutamic_Acid,13
17.75,B12_L-Glutamic_Acid,13
18.0,B12_L-Glutamic_Acid,14
18.25,B12_L-Glutamic_Acid,15
18.5,B12_L-Glutamic_Acid,14
18.75,B12_L-Glutamic_Acid,15
19.0,B12_L-Glutamic_Acid,20
19.25,B12_L-Glutamic_Acid,15
19.5,B12_L-Glutamic_Acid,18
19.75,B12_L-Glutamic_Acid,19
20.0,B12_L-Glutamic_Acid,18
20.25,B12_L-Glutamic_Acid,20
20.5,B12_L-Glutamic_Acid,18
20.75,B12_L-Glutamic_Acid,20
21.0,B12_L-Glutamic_Acid,20
21.25,B12_L-Glutamic_Acid,17
21.5,B12_L-Glutamic_Acid,20
21.75,B12_L-Glutamic_Acid,22
22.0,B12_L-Glutamic_Acid,22
22.25,B12_L-Glutamic_Acid,23
22.5,B12_L-Glutamic_Acid,24
22.75,B12_L-Glutamic_Acid,21
23.0,B12_L-Glutamic_Acid,21
23.25,B12_L-Glutamic_Acid,21
23.5,B12_L-Glutamic_Acid,23
23.75,B12_L-Glutamic_Acid,25
24.0,B12_L-Glutamic_Acid,19
24.25,B12_L-Glutamic_Acid,26
24.5,B12_L-Glutamic_Acid,26
24.75,B12_L-Glutamic_Acid,22
25.0,B12_L-Glutamic_Acid,25
25.25,B12_L-Glutamic_Acid,24
25.5,B12_L-Glutamic_Acid,27
25.75,B12_L-Glutamic_Acid,25
26.0,B12_L-Glutamic_Acid,26
26.25,B12_L-Glutamic_Acid,24
26.5,B12_L-Glutamic_Acid,25
26.75,B12_L-Glutamic_Acid,25
27.0,B12_L-Glutamic_Acid,28
27.25,B12_L-Glutamic_Acid,28
27.5,B12_L-Glutamic_Acid,29
27.75,B12_L-Glutamic_Acid,27
28.0,B12_L-Glutamic_Acid,26
28.25,B12_L-Glutamic_Acid,27
28.5,B12_L-Glutamic_Acid,32
28.75,B12_L-Glutamic_Acid,33
29.0,B12_L-Glutamic_Acid,32
29.25,B12_L-Glutamic_Acid,33
29.5,B12_L-Glutamic_Acid,30
29.75,B12_L-Glutamic_Acid,29
30.0,B12_L-Glutamic_Acid,31
30.25,B12_L-Glutamic_Acid,28
30.5,B12_L-Glutamic_Acid,34
30.75,B12_L-Glutamic_Acid,31
31.0,B12_L-Glutamic_Acid,32
31.25,B12_L-Glutamic_Acid,35
31.5,B12_L-Glutamic_Acid,31
31.75,B12_L-Glutamic_Acid,40
32.0,B12_L-Glutamic_Acid,34
32.25,B12_L-Glutamic_Acid,38
32.5,B12_L-Glutamic_Acid,33
32.75,B12_L-Glutamic_Acid,33
33.0,B12_L-Glutamic_Acid,36
33.25,B12_L-Glutamic_Acid,34
33.5,B12_L-Glutamic_Acid,37
33.75,B12_L-Glutamic_Acid,38
34.0,B12_L-Glutamic_Acid,37
34.25,B12_L-Glutamic_Acid,35
34.5,B12_L-Glutamic_Acid,36
34.75,B12_L-Glutamic_Acid,40
35.0,B12_L-Glutamic_Acid,35
35.25,B12_L-Glutamic_Acid,34
35.5,B12_L-Glutamic_Acid,41
35.75,B12_L-Glutamic_Acid,39
36.0,B12_L-Glutamic_Acid,39
36.25,B12_L-Glutamic_Acid,37
36.5,B12_L-Glutamic_Acid,36
36.75,B12_L-Glutamic_Acid,38
37.0,B12_L-Glutamic_Acid,38
37.25,B12_L-Glutamic_Acid,42
37.5,B12_L-Glutamic_Acid,39
37.75,B12_L-Glutamic_Acid,43
38.0,B12_L-Glutamic_Acid,42
38.25,B12_L-Glutamic_Acid,41
38.5,B12_L-Glutamic_Acid,47
38.75,B12_L-Glutamic_Acid,42
39.0,B12_L-Glutamic_Acid,48
39.25,B12_L-Glutamic_Acid,45
39.5,B12_L-Glutamic_Acid,44
39.75,B12_L-Glutamic_Acid,49
40.0,B12_L-Glutamic_Acid,46
40.25,B12_L-Glutamic_Acid,43
40.5,B12_L-Glutamic_Acid,48
40.75,B12_L-Glutamic_Acid,45
41.0,B12_L-Glutamic_Acid,49
41.25,B12_L-Glutamic_Acid,45
41.5,B12_L-Glutamic_Acid,54
41.75,B12_L-Glutamic_Acid,47
42.0,B12_L-Glutamic_Acid,50
42.25,B12_L-Glutamic_Acid,47
42.5,B12_L-Glutamic_Acid,51
42.75,B12_L-Glutamic_Acid,53
43.0,B12_L-Glutamic_Acid,49
43.25,B12_L-Glutamic_Acid,53
43.5,B12_L-Glutamic_Acid,57
43.75,B12_L-Glutamic_Acid,55
44.0,B12_L-Glutamic_Acid,52
44.25,B12_L-Glutamic_Acid,49
44.5,B12_L-Glutamic_Acid,53
44.75,B12_L-Glutamic_Acid,54
45.0,B12_L-Glutamic_Acid,56
45.25,B12_L-Glutamic_Acid,54
45.5,B12_L-Glutamic_Acid,56
45.75,B12_L-Glutamic_Acid,54
46.0,B12_L-Glutamic_Acid,56
46.25,B12_L-Glutamic_Acid,56
46.5,B12_L-Glutamic_Acid,56
46.75,B12_L-Glutamic_Acid,58
47.0,B12_L-Glutamic_Acid,53
47.25,B12_L-Glutamic_Acid,57
47.5,B12_L-Glutamic_Acid,60
47.75,B12_L-Glutamic_Acid,56
48.0,B12_L-Glutamic_Acid,59
48.25,B12_L-Glutamic_Acid,58
0.0,C1_D-Glucose-6-Phosphate,14
0.25,C1_D-Glucose-6-Phosphate,16
0.5,C1_D-Glucose-6-Phosphate,16
0.75,C1_D-Glucose-6-Phosphate,14
1.0,C1_D-Glucose-6-Phosphate,14
1.25,C1_D-Glucose-6-Phosphate,14
1.5,C1_D-Glucose-6-Phosphate,20
1.75,C1_D-Glucose-6-Phosphate,16
2.0,C1_D-Glucose-6-Phosphate,16
2.25,C1_D-Glucose-6-Phosphate,13
2.5,C1_D-Glucose-6-Phosphate,16
2.75,C1_D-Glucose-6-Phosphate,11
3.0,C1_D-Glucose-6-Phosphate,15
3.25,C1_D-Glucose-6-Phosphate,13
3.5,C1_D-Glucose-6-Phosphate,13
3.75,C1_D-Glucose-6-Phosphate,11
4.0,C1_D-Glucose-6-Phosphate,12
4.25,C1_D-Glucose-6-Phosphate,13
4.5,C1_D-Glucose-6-Phosphate,12
4.75,C1_D-Glucose-6-Phosphate,17
5.0,C1_D-Glucose-6-Phosphate,15
5.25,C1_D-Glucose-6-Phosphate,13
5.5,C1_D-Glucose-6-Phosphate,12
5.75,C1_D-Glucose-6-Phosphate,11
6.0,C1_D-Glucose-6-Phosphate,11
6.25,C1_D-Glucose-6-Phosphate,17
6.5,C1_D-Glucose-6-Phosphate,12
6.75,C1_D-Glucose-6-Phosphate,11
7.0,C1_D-Glucose-6-Phosphate,16
7.25,C1_D-Glucose-6-Phosphate,14
7.5,C1_D-Glucose-6-Phosphate,12
7.75,C1_D-Glucose-6-Phosphate,17
8.0,C1_D-Glucose-6-Phosphate,12
8.25,C1_D-Glucose-6-Phosphate,19
8.5,C1_D-Glucose-6-Phosphate,12
8.75,C1_D-Glucose-6-Phosphate,16
9.0,C1_D-Glucose-6-Phosphate,14
9.25,C1_D-Glucose-6-Phosphate,15
9.5,C1_D-Glucose-6-Phosphate,13
9.75,C1_D-Glucose-6-Phosphate,11
10.0,C1_D-Glucose-6-Phosphate,13
10.25,C1_D-Glucose-6-Phosphate,15
10.5,C1_D-Glucose-6-Phosphate,12
10.75,C1_D-Glucose-6-Phosphate,15
11.0,C1_D-Glucose-6-Phosphate,11
11.25,C1_D-Glucose-6-Phosphate,13
11.5,C1_D-Glucose-6-Phosphate,13
11.75,C1_D-Glucose-6-Phosphate,13
12.0,C1_D-Glucose-6-Phosphate,17
12.25,C1_D-Glucose-6-Phosphate,14
12.5,C1_D-Glucose-6-Phosphate,13
12.75,C1_D-Glucose-6-Phosphate,13
13.0,C1_D-Glucose-6-Phosphate,11
13.25,C1_D-Glucose-6-Phosphate,13
13.5,C1_D-Glucose-6-Phosphate,13
13.75,C1_D-Glucose-6-Phosphate,12
14.0,C1_D-Glucose-6-Phosphate,12
14.25,C1_D-Glucose-6-Phosphate,13
14.5,C1_D-Glucose-6-Phosphate,16
14.75,C1_D-Glucose-6-Phosphate,17
15.0,C1_D-Glucose-6-Phosphate,16
15.25,C1_D-Glucose-6-Phosphate,14
15.5,C1_D-Glucose-6-Phosphate,16
15.75,C1_D-Glucose-6-Phosphate,15
16.0,C1_D-Glucose-6-Phosphate,13
16.25,C1_D-Glucose-6-Phosphate,15
16.5,C1_D-Glucose-6-Phosphate,17
16.75,C1_D-Glucose-6-Phosphate,14
17.0,C1_D-Glucose-6-Phosphate,17
17.25,C1_D-Glucose-6-Phosphate,17
17.5,C1_D-Glucose-6-Phosphate,15
17.75,C1_D-Glucose-6-Phosphate,18
18.0,C1_D-Glucose-6-Phosphate,16
18.25,C1_D-Glucose-6-Phosphate,19
18.5,C1_D-Glucose-6-Phosphate,15
18.75,C1_D-Glucose-6-Phosphate,18
19.0,C1_D-Glucose-6-Phosphate,17
19.25,C1_D-Glucose-6-Phosphate,19
19.5,C1_D-Glucose-6-Phosphate,16
19.75,C1_D-Glucose-6-Phosphate,18
20.0,C1_D-Glucose-6-Phosphate,19
20.25,C1_D-Glucose-6-Phosphate,23
20.5,C1_D-Glucose-6-Phosphate,22
20.75,C1_D-Glucose-6-Phosphate,17
21.0,C1_D-Glucose-6-Phosphate,19
21.25,C1_D-Glucose-6-Phosphate,16
21.5,C1_D-Glucose-6-Phosphate,22
21.75,C1_D-Glucose-6-Phosphate,21
22.0,C1_D-Glucose-6-Phosphate,23
22.25,C1_D-Glucose-6-Phosphate,23
22.5,C1_D-Glucose-6-Phosphate,21
22.75,C1_D-Glucose-6-Phosphate,21
23.0,C1_D-Glucose-6-Phosphate,22
23.25,C1_D-Glucose-6-Phosphate,22
23.5,C1_D-Glucose-6-Phosphate,25
23.75,C1_D-Glucose-6-Phosphate,21
24.0,C1_D-Glucose-6-Phosphate,23
24.25,C1_D-Glucose-6-Phosphate,20
24.5,C1_D-Glucose-6-Phosphate,22
24.75,C1_D-Glucose-6-Phosphate,21
25.0,C1_D-Glucose-6-Phosphate,23
25.25,C1_D-Glucose-6-Phosphate,20
25.5,C1_D-Glucose-6-Phosphate,26
25.75,C1_D-Glucose-6-Phosphate,24
26.0,C1_D-Glucose-6-Phosphate,23
26.25,C1_D-Glucose-6-Phosphate,21
26.5,C1_D-Glucose-6-Phosphate,20
26.75,C1_D-Glucose-6-Phosphate,23
27.0,C1_D-Glucose-6-Phosphate,21
27.25,C1_D-Glucose-6-Phosphate,21
27.5,C1_D-Glucose-6-Phosphate,25
27.75,C1_D-Glucose-6-Phosphate,23
28.0,C1_D-Glucose-6-Phosphate,24
28.25,C1_D-Glucose-6-Phosphate,20
28.5,C1_D-Glucose-6-Phosphate,21
28.75,C1_D-Glucose-6-Phosphate,22
29.0,C1_D-Glucose-6-Phosphate,25
29.25,C1_D-Glucose-6-Phosphate,23
29.5,C1_D-Glucose-6-Phosphate,23
29.75,C1_D-Glucose-6-Phosphate,20
30.0,C1_D-Glucose-6-Phosphate,23
30.25,C1_D-Glucose-6-Phosphate,17
30.5,C1_D-Glucose-6-Phosphate,23
30.75,C1_D-Glucose-6-Phosphate,22
31.0,C1_D-Glucose-6-Phosphate,24
31.25,C1_D-Glucose-6-Phosphate,22
31.5,C1_D-Glucose-6-Phosphate,25
31.75,C1_D-Glucose-6-Phosphate,24
32.0,C1_D-Glucose-6-Phosphate,17
32.25,C1_D-Glucose-6-Phosphate,22
32.5,C1_D-Glucose-6-Phosphate,20
32.75,C1_D-Glucose-6-Phosphate,23
33.0,C1_D-Glucose-6-Phosphate,18
33.25,C1_D-Glucose-6-Phosphate,19
33.5,C1_D-Glucose-6-Phosphate,23
33.75,C1_D-Glucose-6-Phosphate,20
34.0,C1_D-Glucose-6-Phosphate,20
34.25,C1_D-Glucose-6-Phosphate,21
34.5,C1_D-Glucose-6-Phosphate,21
34.75,C1_D-Glucose-6-Phosphate,19
35.0,C1_D-Glucose-6-Phosphate,17
35.25,C1_D-Glucose-6-Phosphate,21
35.5,C1_D-Glucose-6-Phosphate,21
35.75,C1_D-Glucose-6-Phosphate,19
36.0,C1_D-Glucose-6-Phosphate,16
36.25,C1_D-Glucose-6-Phosphate,20
36.5,C1_D-Glucose-6-Phosphate,22
36.75,C1_D-Glucose-6-Phosphate,18
37.0,C1_D-Glucose-6-Phosphate,17
37.25,C1_D-Glucose-6-Phosphate,21
37.5,C1_D-Glucose-6-Phosphate,17
37.75,C1_D-Glucose-6-Phosphate,19
38.0,C1_D-Glucose-6-Phosphate,19
38.25,C1_D-Glucose-6-Phosphate,16
38.5,C1_D-Glucose-6-Phosphate,21
38.75,C1_D-Glucose-6-Phosphate,21
39.0,C1_D-Glucose-6-Phosphate,23
39.25,C1_D-Glucose-6-Phosphate,21
39.5,C1_D-Glucose-6-Phosphate,20
39.75,C1_D-Glucose-6-Phosphate,21
40.0,C1_D-Glucose-6-Phosphate,22
40.25,C1_D-Glucose-6-Phosphate,18
40.5,C1_D-Glucose-6-Phosphate,20
40.75,C1_D-Glucose-6-Phosphate,20
41.0,C1_D-Glucose-6-Phosphate,20
41.25,C1_D-Glucose-6-Phosphate,21
41.5,C1_D-Glucose-6-Phosphate,20
41.75,C1_D-Glucose-6-Phosphate,23
42.0,C1_D-Glucose-6-Phosphate,19
42.25,C1_D-Glucose-6-Phosphate,20
42.5,C1_D-Glucose-6-Phosphate,22
42.75,C1_D-Glucose-6-Phosphate,22
43.0,C1_D-Glucose-6-Phosphate,22
43.25,C1_D-Glucose-6-Phosphate,20
43.5,C1_D-Glucose-6-Phosphate,18
43.75,C1_D-Glucose-6-Phosphate,20
44.0,C1_D-Glucose-6-Phosphate,21
44.25,C1_D-Glucose-6-Phosphate,20
44.5,C1_D-Glucose-6-Phosphate,20
44.75,C1_D-Glucose-6-Phosphate,23
45.0,C1_D-Glucose-6-Phosphate,21
45.25,C1_D-Glucose-6-Phosphate,23
45.5,C1_D-Glucose-6-Phosphate,23
45.75,C1_D-Glucose-6-Phosphate,22
46.0,C1_D-Glucose-6-Phosphate,22
46.25,C1_D-Glucose-6-Phosphate,24
46.5,C1_D-Glucose-6-Phosphate,18
46.75,C1_D-Glucose-6-Phosphate,19
47.0,C1_D-Glucose-6-Phosphate,19
47.25,C1_D-Glucose-6-Phosphate,18
47.5,C1_D-Glucose-6-Phosphate,20
47.75,C1_D-Glucose-6-Phosphate,23
48.0,C1_D-Glucose-6-Phosphate,19
48.25,C1_D-Glucose-6-Phosphate,21
0.0,C2_D-GalactonicAcid-g-Lactone,11
0.25,C2_D-GalactonicAcid-g-Lactone,11
0.5,C2_D-GalactonicAcid-g-Lactone,11
0.75,C2_D-GalactonicAcid-g-Lactone,11
1.0,C2_D-GalactonicAcid-g-Lactone,11
1.25,C2_D-GalactonicAcid-g-Lactone,11
1.5,C2_D-GalactonicAcid-g-Lactone,11
1.75,C2_D-GalactonicAcid-g-Lactone,11
2.0,C2_D-GalactonicAcid-g-Lactone,11
2.25,C2_D-GalactonicAcid-g-Lactone,11
2.5,C2_D-GalactonicAcid-g-Lactone,12
2.75,C2_D-GalactonicAcid-g-Lactone,11
3.0,C2_D-GalactonicAcid-g-Lactone,11
3.25,C2_D-GalactonicAcid-g-Lactone,11
3.5,C2_D-GalactonicAcid-g-Lactone,12
3.75,C2_D-GalactonicAcid-g-Lactone,11
4.0,C2_D-GalactonicAcid-g-Lactone,11
4.25,C2_D-GalactonicAcid-g-Lactone,11
4.5,C2_D-GalactonicAcid-g-Lactone,11
4.75,C2_D-GalactonicAcid-g-Lactone,11
5.0,C2_D-GalactonicAcid-g-Lactone,11
5.25,C2_D-GalactonicAcid-g-Lactone,11
5.5,C2_D-GalactonicAcid-g-Lactone,11
5.75,C2_D-GalactonicAcid-g-Lactone,11
6.0,C2_D-GalactonicAcid-g-Lactone,11
6.25,C2_D-GalactonicAcid-g-Lactone,11
6.5,C2_D-GalactonicAcid-g-Lactone,11
6.75,C2_D-GalactonicAcid-g-Lactone,12
7.0,C2_D-GalactonicAcid-g-Lactone,11
7.25,C2_D-GalactonicAcid-g-Lactone,11
7.5,C2_D-GalactonicAcid-g-Lactone,11
7.75,C2_D-GalactonicAcid-g-Lactone,11
8.0,C2_D-GalactonicAcid-g-Lactone,11
8.25,C2_D-GalactonicAcid-g-Lactone,11
8.5,C2_D-GalactonicAcid-g-Lactone,11
8.75,C2_D-GalactonicAcid-g-Lactone,11
9.0,C2_D-GalactonicAcid-g-Lactone,11
9.25,C2_D-GalactonicAcid-g-Lactone,11
9.5,C2_D-GalactonicAcid-g-Lactone,11
9.75,C2_D-GalactonicAcid-g-Lactone,11
10.0,C2_D-GalactonicAcid-g-Lactone,11
10.25,C2_D-GalactonicAcid-g-Lactone,11
10.5,C2_D-GalactonicAcid-g-Lactone,11
10.75,C2_D-GalactonicAcid-g-Lactone,11
11.0,C2_D-GalactonicAcid-g-Lactone,11
11.25,C2_D-GalactonicAcid-g-Lactone,11
11.5,C2_D-GalactonicAcid-g-Lactone,12
11.75,C2_D-GalactonicAcid-g-Lactone,11
12.0,C2_D-GalactonicAcid-g-Lactone,11
12.25,C2_D-GalactonicAcid-g-Lactone,11
12.5,C2_D-GalactonicAcid-g-Lactone,11
12.75,C2_D-GalactonicAcid-g-Lactone,11
13.0,C2_D-GalactonicAcid-g-Lactone,11
13.25,C2_D-GalactonicAcid-g-Lactone,11
13.5,C2_D-GalactonicAcid-g-Lactone,11
13.75,C2_D-GalactonicAcid-g-Lactone,11
14.0,C2_D-GalactonicAcid-g-Lactone,12
14.25,C2_D-GalactonicAcid-g-Lactone,12
14.5,C2_D-GalactonicAcid-g-Lactone,11
14.75,C2_D-GalactonicAcid-g-Lactone,11
15.0,C2_D-GalactonicAcid-g-Lactone,11
15.25,C2_D-GalactonicAcid-g-Lactone,11
15.5,C2_D-GalactonicAcid-g-Lactone,11
15.75,C2_D-GalactonicAcid-g-Lactone,11
16.0,C2_D-GalactonicAcid-g-Lactone,11
16.25,C2_D-GalactonicAcid-g-Lactone,11
16.5,C2_D-GalactonicAcid-g-Lactone,11
16.75,C2_D-GalactonicAcid-g-Lactone,11
17.0,C2_D-GalactonicAcid-g-Lactone,11
17.25,C2_D-GalactonicAcid-g-Lactone,11
17.5,C2_D-GalactonicAcid-g-Lactone,11
17.75,C2_D-GalactonicAcid-g-Lactone,11
18.0,C2_D-GalactonicAcid-g-Lactone,11
18.25,C2_D-GalactonicAcid-g-Lactone,11
18.5,C2_D-GalactonicAcid-g-Lactone,11
18.75,C2_D-GalactonicAcid-g-Lactone,11
19.0,C2_D-GalactonicAcid-g-Lactone,11
19.25,C2_D-GalactonicAcid-g-Lactone,11
19.5,C2_D-GalactonicAcid-g-Lactone,11
19.75,C2_D-GalactonicAcid-g-Lactone,11
20.0,C2_D-GalactonicAcid-g-Lactone,12
20.25,C2_D-GalactonicAcid-g-Lactone,11
20.5,C2_D-GalactonicAcid-g-Lactone,14
20.75,C2_D-GalactonicAcid-g-Lactone,11
21.0,C2_D-GalactonicAcid-g-Lactone,11
21.25,C2_D-GalactonicAcid-g-Lactone,11
21.5,C2_D-GalactonicAcid-g-Lactone,11
21.75,C2_D-GalactonicAcid-g-Lactone,11
22.0,C2_D-GalactonicAcid-g-Lactone,11
22.25,C2_D-GalactonicAcid-g-Lactone,11
22.5,C2_D-GalactonicAcid-g-Lactone,11
22.75,C2_D-GalactonicAcid-g-Lactone,11
23.0,C2_D-GalactonicAcid-g-Lactone,11
23.25,C2_D-GalactonicAcid-g-Lactone,11
23.5,C2_D-GalactonicAcid-g-Lactone,11
23.75,C2_D-GalactonicAcid-g-Lactone,11
24.0,C2_D-GalactonicAcid-g-Lactone,11
24.25,C2_D-GalactonicAcid-g-Lactone,11
24.5,C2_D-GalactonicAcid-g-Lactone,11
24.75,C2_D-GalactonicAcid-g-Lactone,11
25.0,C2_D-GalactonicAcid-g-Lactone,11
25.25,C2_D-GalactonicAcid-g-Lactone,11
25.5,C2_D-GalactonicAcid-g-Lactone,11
25.75,C2_D-GalactonicAcid-g-Lactone,15
26.0,C2_D-GalactonicAcid-g-Lactone,11
26.25,C2_D-GalactonicAcid-g-Lactone,11
26.5,C2_D-GalactonicAcid-g-Lactone,11
26.75,C2_D-GalactonicAcid-g-Lactone,13
27.0,C2_D-GalactonicAcid-g-Lactone,12
27.25,C2_D-GalactonicAcid-g-Lactone,11
27.5,C2_D-GalactonicAcid-g-Lactone,11
27.75,C2_D-GalactonicAcid-g-Lactone,14
28.0,C2_D-GalactonicAcid-g-Lactone,14
28.25,C2_D-GalactonicAcid-g-Lactone,11
28.5,C2_D-GalactonicAcid-g-Lactone,16
28.75,C2_D-GalactonicAcid-g-Lactone,13
29.0,C2_D-GalactonicAcid-g-Lactone,12
29.25,C2_D-GalactonicAcid-g-Lactone,13
29.5,C2_D-GalactonicAcid-g-Lactone,13
29.75,C2_D-GalactonicAcid-g-Lactone,17
30.0,C2_D-GalactonicAcid-g-Lactone,16
30.25,C2_D-GalactonicAcid-g-Lactone,11
30.5,C2_D-GalactonicAcid-g-Lactone,13
30.75,C2_D-GalactonicAcid-g-Lactone,12
31.0,C2_D-GalactonicAcid-g-Lactone,12
31.25,C2_D-GalactonicAcid-g-Lactone,14
31.5,C2_D-GalactonicAcid-g-Lactone,12
31.75,C2_D-GalactonicAcid-g-Lactone,16
32.0,C2_D-GalactonicAcid-g-Lactone,15
32.25,C2_D-GalactonicAcid-g-Lactone,13
32.5,C2_D-GalactonicAcid-g-Lactone,12
32.75,C2_D-GalactonicAcid-g-Lactone,13
33.0,C2_D-GalactonicAcid-g-Lactone,14
33.25,C2_D-GalactonicAcid-g-Lactone,14
33.5,C2_D-GalactonicAcid-g-Lactone,14
33.75,C2_D-GalactonicAcid-g-Lactone,15
34.0,C2_D-GalactonicAcid-g-Lactone,14
34.25,C2_D-GalactonicAcid-g-Lactone,15
34.5,C2_D-GalactonicAcid-g-Lactone,12
34.75,C2_D-GalactonicAcid-g-Lactone,16
35.0,C2_D-GalactonicAcid-g-Lactone,11
35.25,C2_D-GalactonicAcid-g-Lactone,16
35.5,C2_D-GalactonicAcid-g-Lactone,19
35.75,C2_D-GalactonicAcid-g-Lactone,15
36.0,C2_D-GalactonicAcid-g-Lactone,13
36.25,C2_D-GalactonicAcid-g-Lactone,17
36.5,C2_D-GalactonicAcid-g-Lactone,11
36.75,C2_D-GalactonicAcid-g-Lactone,15
37.0,C2_D-GalactonicAcid-g-Lactone,15
37.25,C2_D-GalactonicAcid-g-Lactone,13
37.5,C2_D-GalactonicAcid-g-Lactone,13
37.75,C2_D-GalactonicAcid-g-Lactone,15
38.0,C2_D-GalactonicAcid-g-Lactone,15
38.25,C2_D-GalactonicAcid-g-Lactone,14
38.5,C2_D-GalactonicAcid-g-Lactone,11
38.75,C2_D-GalactonicAcid-g-Lactone,11
39.0,C2_D-GalactonicAcid-g-Lactone,14
39.25,C2_D-GalactonicAcid-g-Lactone,17
39.5,C2_D-GalactonicAcid-g-Lactone,14
39.75,C2_D-GalactonicAcid-g-Lactone,13
40.0,C2_D-GalactonicAcid-g-Lactone,11
40.25,C2_D-GalactonicAcid-g-Lactone,12
40.5,C2_D-GalactonicAcid-g-Lactone,15
40.75,C2_D-GalactonicAcid-g-Lactone,14
41.0,C2_D-GalactonicAcid-g-Lactone,15
41.25,C2_D-GalactonicAcid-g-Lactone,12
41.5,C2_D-GalactonicAcid-g-Lactone,13
41.75,C2_D-GalactonicAcid-g-Lactone,11
42.0,C2_D-GalactonicAcid-g-Lactone,14
42.25,C2_D-GalactonicAcid-g-Lactone,18
42.5,C2_D-GalactonicAcid-g-Lactone,16
42.75,C2_D-GalactonicAcid-g-Lactone,15
43.0,C2_D-GalactonicAcid-g-Lactone,16
43.25,C2_D-GalactonicAcid-g-Lactone,17
43.5,C2_D-GalactonicAcid-g-Lactone,12
43.75,C2_D-GalactonicAcid-g-Lactone,14
44.0,C2_D-GalactonicAcid-g-Lactone,13
44.25,C2_D-GalactonicAcid-g-Lactone,16
44.5,C2_D-GalactonicAcid-g-Lactone,14
44.75,C2_D-GalactonicAcid-g-Lactone,13
45.0,C2_D-GalactonicAcid-g-Lactone,21
45.25,C2_D-GalactonicAcid-g-Lactone,15
45.5,C2_D-GalactonicAcid-g-Lactone,16
45.75,C2_D-GalactonicAcid-g-Lactone,14
46.0,C2_D-GalactonicAcid-g-Lactone,17
46.25,C2_D-GalactonicAcid-g-Lactone,19
46.5,C2_D-GalactonicAcid-g-Lactone,18
46.75,C2_D-GalactonicAcid-g-Lactone,13
47.0,C2_D-GalactonicAcid-g-Lactone,14
47.25,C2_D-GalactonicAcid-g-Lactone,13
47.5,C2_D-GalactonicAcid-g-Lactone,17
47.75,C2_D-GalactonicAcid-g-Lactone,16
48.0,C2_D-GalactonicAcid-g-Lactone,17
48.25,C2_D-GalactonicAcid-g-Lactone,16
0.0,C3_D-L-Malic_Acid,11
0.25,C3_D-L-Malic_Acid,11
0.5,C3_D-L-Malic_Acid,11
0.75,C3_D-L-Malic_Acid,11
1.0,C3_D-L-Malic_Acid,11
1.25,C3_D-L-Malic_Acid,11
1.5,C3_D-L-Malic_Acid,11
1.75,C3_D-L-Malic_Acid,11
2.0,C3_D-L-Malic_Acid,11
2.25,C3_D-L-Malic_Acid,11
2.5,C3_D-L-Malic_Acid,11
2.75,C3_D-L-Malic_Acid,11
3.0,C3_D-L-Malic_Acid,11
3.25,C3_D-L-Malic_Acid,11
3.5,C3_D-L-Malic_Acid,11
3.75,C3_D-L-Malic_Acid,11
4.0,C3_D-L-Malic_Acid,11
4.25,C3_D-L-Malic_Acid,11
4.5,C3_D-L-Malic_Acid,11
4.75,C3_D-L-Malic_Acid,11
5.0,C3_D-L-Malic_Acid,11
5.25,C3_D-L-Malic_Acid,11
5.5,C3_D-L-Malic_Acid,11
5.75,C3_D-L-Malic_Acid,11
6.0,C3_D-L-Malic_Acid,11
6.25,C3_D-L-Malic_Acid,11
6.5,C3_D-L-Malic_Acid,11
6.75,C3_D-L-Malic_Acid,11
7.0,C3_D-L-Malic_Acid,11
7.25,C3_D-L-Malic_Acid,11
7.5,C3_D-L-Malic_Acid,11
7.75,C3_D-L-Malic_Acid,11
8.0,C3_D-L-Malic_Acid,11
8.25,C3_D-L-Malic_Acid,11
8.5,C3_D-L-Malic_Acid,11
8.75,C3_D-L-Malic_Acid,11
9.0,C3_D-L-Malic_Acid,11
9.25,C3_D-L-Malic_Acid,11
9.5,C3_D-L-Malic_Acid,11
9.75,C3_D-L-Malic_Acid,11
10.0,C3_D-L-Malic_Acid,11
10.25,C3_D-L-Malic_Acid,11
10.5,C3_D-L-Malic_Acid,11
10.75,C3_D-L-Malic_Acid,11
11.0,C3_D-L-Malic_Acid,11
11.25,C3_D-L-Malic_Acid,11
11.5,C3_D-L-Malic_Acid,11
11.75,C3_D-L-Malic_Acid,11
12.0,C3_D-L-Malic_Acid,11
12.25,C3_D-L-Malic_Acid,11
12.5,C3_D-L-Malic_Acid,11
12.75,C3_D-L-Malic_Acid,11
13.0,C3_D-L-Malic_Acid,11
13.25,C3_D-L-Malic_Acid,11
13.5,C3_D-L-Malic_Acid,11
13.75,C3_D-L-Malic_Acid,11
14.0,C3_D-L-Malic_Acid,11
14.25,C3_D-L-Malic_Acid,11
14.5,C3_D-L-Malic_Acid,11
14.75,C3_D-L-Malic_Acid,11
15.0,C3_D-L-Malic_Acid,11
15.25,C3_D-L-Malic_Acid,11
15.5,C3_D-L-Malic_Acid,11
15.75,C3_D-L-Malic_Acid,11
16.0,C3_D-L-Malic_Acid,11
16.25,C3_D-L-Malic_Acid,11
16.5,C3_D-L-Malic_Acid,11
16.75,C3_D-L-Malic_Acid,11
17.0,C3_D-L-Malic_Acid,11
17.25,C3_D-L-Malic_Acid,11
17.5,C3_D-L-Malic_Acid,11
17.75,C3_D-L-Malic_Acid,11
18.0,C3_D-L-Malic_Acid,11
18.25,C3_D-L-Malic_Acid,11
18.5,C3_D-L-Malic_Acid,11
18.75,C3_D-L-Malic_Acid,11
19.0,C3_D-L-Malic_Acid,12
19.25,C3_D-L-Malic_Acid,11
19.5,C3_D-L-Malic_Acid,12
19.75,C3_D-L-Malic_Acid,11
20.0,C3_D-L-Malic_Acid,13
20.25,C3_D-L-Malic_Acid,14
20.5,C3_D-L-Malic_Acid,13
20.75,C3_D-L-Malic_Acid,11
21.0,C3_D-L-Malic_Acid,11
21.25,C3_D-L-Malic_Acid,13
21.5,C3_D-L-Malic_Acid,15
21.75,C3_D-L-Malic_Acid,11
22.0,C3_D-L-Malic_Acid,13
22.25,C3_D-L-Malic_Acid,13
22.5,C3_D-L-Malic_Acid,13
22.75,C3_D-L-Malic_Acid,13
23.0,C3_D-L-Malic_Acid,13
23.25,C3_D-L-Malic_Acid,12
23.5,C3_D-L-Malic_Acid,14
23.75,C3_D-L-Malic_Acid,16
24.0,C3_D-L-Malic_Acid,15
24.25,C3_D-L-Malic_Acid,15
24.5,C3_D-L-Malic_Acid,17
24.75,C3_D-L-Malic_Acid,16
25.0,C3_D-L-Malic_Acid,13
25.25,C3_D-L-Malic_Acid,13
25.5,C3_D-L-Malic_Acid,15
25.75,C3_D-L-Malic_Acid,11
26.0,C3_D-L-Malic_Acid,11
26.25,C3_D-L-Malic_Acid,15
26.5,C3_D-L-Malic_Acid,14
26.75,C3_D-L-Malic_Acid,17
27.0,C3_D-L-Malic_Acid,13
27.25,C3_D-L-Malic_Acid,14
27.5,C3_D-L-Malic_Acid,17
27.75,C3_D-L-Malic_Acid,12
28.0,C3_D-L-Malic_Acid,17
28.25,C3_D-L-Malic_Acid,22
28.5,C3_D-L-Malic_Acid,17
28.75,C3_D-L-Malic_Acid,17
29.0,C3_D-L-Malic_Acid,13
29.25,C3_D-L-Malic_Acid,16
29.5,C3_D-L-Malic_Acid,19
29.75,C3_D-L-Malic_Acid,19
30.0,C3_D-L-Malic_Acid,16
30.25,C3_D-L-Malic_Acid,18
30.5,C3_D-L-Malic_Acid,15
30.75,C3_D-L-Malic_Acid,18
31.0,C3_D-L-Malic_Acid,16
31.25,C3_D-L-Malic_Acid,14
31.5,C3_D-L-Malic_Acid,18
31.75,C3_D-L-Malic_Acid,18
32.0,C3_D-L-Malic_Acid,20
32.25,C3_D-L-Malic_Acid,14
32.5,C3_D-L-Malic_Acid,18
32.75,C3_D-L-Malic_Acid,15
33.0,C3_D-L-Malic_Acid,16
33.25,C3_D-L-Malic_Acid,13
33.5,C3_D-L-Malic_Acid,15
33.75,C3_D-L-Malic_Acid,16
34.0,C3_D-L-Malic_Acid,15
34.25,C3_D-L-Malic_Acid,17
34.5,C3_D-L-Malic_Acid,19
34.75,C3_D-L-Malic_Acid,17
35.0,C3_D-L-Malic_Acid,19
35.25,C3_D-L-Malic_Acid,16
35.5,C3_D-L-Malic_Acid,18
35.75,C3_D-L-Malic_Acid,16
36.0,C3_D-L-Malic_Acid,16
36.25,C3_D-L-Malic_Acid,18
36.5,C3_D-L-Malic_Acid,19
36.75,C3_D-L-Malic_Acid,19
37.0,C3_D-L-Malic_Acid,19
37.25,C3_D-L-Malic_Acid,19
37.5,C3_D-L-Malic_Acid,19
37.75,C3_D-L-Malic_Acid,18
38.0,C3_D-L-Malic_Acid,17
38.25,C3_D-L-Malic_Acid,18
38.5,C3_D-L-Malic_Acid,17
38.75,C3_D-L-Malic_Acid,17
39.0,C3_D-L-Malic_Acid,18
39.25,C3_D-L-Malic_Acid,19
39.5,C3_D-L-Malic_Acid,19
39.75,C3_D-L-Malic_Acid,16
40.0,C3_D-L-Malic_Acid,16
40.25,C3_D-L-Malic_Acid,20
40.5,C3_D-L-Malic_Acid,24
40.75,C3_D-L-Malic_Acid,19
41.0,C3_D-L-Malic_Acid,20
41.25,C3_D-L-Malic_Acid,17
41.5,C3_D-L-Malic_Acid,21
41.75,C3_D-L-Malic_Acid,17
42.0,C3_D-L-Malic_Acid,24
42.25,C3_D-L-Malic_Acid,23
42.5,C3_D-L-Malic_Acid,21
42.75,C3_D-L-Malic_Acid,19
43.0,C3_D-L-Malic_Acid,24
43.25,C3_D-L-Malic_Acid,19
43.5,C3_D-L-Malic_Acid,21
43.75,C3_D-L-Malic_Acid,22
44.0,C3_D-L-Malic_Acid,20
44.25,C3_D-L-Malic_Acid,23
44.5,C3_D-L-Malic_Acid,23
44.75,C3_D-L-Malic_Acid,23
45.0,C3_D-L-Malic_Acid,24
45.25,C3_D-L-Malic_Acid,26
45.5,C3_D-L-Malic_Acid,24
45.75,C3_D-L-Malic_Acid,24
46.0,C3_D-L-Malic_Acid,26
46.25,C3_D-L-Malic_Acid,23
46.5,C3_D-L-Malic_Acid,22
46.75,C3_D-L-Malic_Acid,26
47.0,C3_D-L-Malic_Acid,22
47.25,C3_D-L-Malic_Acid,28
47.5,C3_D-L-Malic_Acid,22
47.75,C3_D-L-Malic_Acid,25
48.0,C3_D-L-Malic_Acid,21
48.25,C3_D-L-Malic_Acid,24
0.0,C4_D-Ribose,57
0.25,C4_D-Ribose,60
0.5,C4_D-Ribose,65
0.75,C4_D-Ribose,66
1.0,C4_D-Ribose,66
1.25,C4_D-Ribose,72
1.5,C4_D-Ribose,72
1.75,C4_D-Ribose,71
2.0,C4_D-Ribose,72
2.25,C4_D-Ribose,70
2.5,C4_D-Ribose,74
2.75,C4_D-Ribose,70
3.0,C4_D-Ribose,73
3.25,C4_D-Ribose,76
3.5,C4_D-Ribose,77
3.75,C4_D-Ribose,74
4.0,C4_D-Ribose,79
4.25,C4_D-Ribose,71
4.5,C4_D-Ribose,73
4.75,C4_D-Ribose,72
5.0,C4_D-Ribose,76
5.25,C4_D-Ribose,75
5.5,C4_D-Ribose,71
5.75,C4_D-Ribose,75
6.0,C4_D-Ribose,74
6.25,C4_D-Ribose,73
6.5,C4_D-Ribose,72
6.75,C4_D-Ribose,76
7.0,C4_D-Ribose,76
7.25,C4_D-Ribose,77
7.5,C4_D-Ribose,75
7.75,C4_D-Ribose,77
8.0,C4_D-Ribose,78
8.25,C4_D-Ribose,78
8.5,C4_D-Ribose,76
8.75,C4_D-Ribose,79
9.0,C4_D-Ribose,78
9.25,C4_D-Ribose,78
9.5,C4_D-Ribose,78
9.75,C4_D-Ribose,78
10.0,C4_D-Ribose,79
10.25,C4_D-Ribose,80
10.5,C4_D-Ribose,79
10.75,C4_D-Ribose,77
11.0,C4_D-Ribose,78
11.25,C4_D-Ribose,76
11.5,C4_D-Ribose,82
11.75,C4_D-Ribose,80
12.0,C4_D-Ribose,81
12.25,C4_D-Ribose,84
12.5,C4_D-Ribose,78
12.75,C4_D-Ribose,81
13.0,C4_D-Ribose,80
13.25,C4_D-Ribose,81
13.5,C4_D-Ribose,80
13.75,C4_D-Ribose,79
14.0,C4_D-Ribose,80
14.25,C4_D-Ribose,78
14.5,C4_D-Ribose,79
14.75,C4_D-Ribose,82
15.0,C4_D-Ribose,82
15.25,C4_D-Ribose,75
15.5,C4_D-Ribose,85
15.75,C4_D-Ribose,83
16.0,C4_D-Ribose,82
16.25,C4_D-Ribose,81
16.5,C4_D-Ribose,78
16.75,C4_D-Ribose,78
17.0,C4_D-Ribose,82
17.25,C4_D-Ribose,84
17.5,C4_D-Ribose,79
17.75,C4_D-Ribose,81
18.0,C4_D-Ribose,77
18.25,C4_D-Ribose,80
18.5,C4_D-Ribose,78
18.75,C4_D-Ribose,79
19.0,C4_D-Ribose,80
19.25,C4_D-Ribose,81
19.5,C4_D-Ribose,78
19.75,C4_D-Ribose,83
20.0,C4_D-Ribose,82
20.25,C4_D-Ribose,81
20.5,C4_D-Ribose,81
20.75,C4_D-Ribose,83
21.0,C4_D-Ribose,86
21.25,C4_D-Ribose,80
21.5,C4_D-Ribose,84
21.75,C4_D-Ribose,79
22.0,C4_D-Ribose,79
22.25,C4_D-Ribose,82
22.5,C4_D-Ribose,80
22.75,C4_D-Ribose,79
23.0,C4_D-Ribose,82
23.25,C4_D-Ribose,83
23.5,C4_D-Ribose,83
23.75,C4_D-Ribose,83
24.0,C4_D-Ribose,83
24.25,C4_D-Ribose,80
24.5,C4_D-Ribose,79
24.75,C4_D-Ribose,78
25.0,C4_D-Ribose,82
25.25,C4_D-Ribose,80
25.5,C4_D-Ribose,81
25.75,C4_D-Ribose,81
26.0,C4_D-Ribose,79
26.25,C4_D-Ribose,79
26.5,C4_D-Ribose,78
26.75,C4_D-Ribose,80
27.0,C4_D-Ribose,83
27.25,C4_D-Ribose,78
27.5,C4_D-Ribose,79
27.75,C4_D-Ribose,82
28.0,C4_D-Ribose,85
28.25,C4_D-Ribose,81
28.5,C4_D-Ribose,87
28.75,C4_D-Ribose,77
29.0,C4_D-Ribose,83
29.25,C4_D-Ribose,81
29.5,C4_D-Ribose,80
29.75,C4_D-Ribose,83
30.0,C4_D-Ribose,82
30.25,C4_D-Ribose,81
30.5,C4_D-Ribose,80
30.75,C4_D-Ribose,85
31.0,C4_D-Ribose,79
31.25,C4_D-Ribose,80
31.5,C4_D-Ribose,82
31.75,C4_D-Ribose,83
32.0,C4_D-Ribose,80
32.25,C4_D-Ribose,83
32.5,C4_D-Ribose,78
32.75,C4_D-Ribose,83
33.0,C4_D-Ribose,80
33.25,C4_D-Ribose,82
33.5,C4_D-Ribose,81
33.75,C4_D-Ribose,80
34.0,C4_D-Ribose,84
34.25,C4_D-Ribose,82
34.5,C4_D-Ribose,83
34.75,C4_D-Ribose,82
35.0,C4_D-Ribose,82
35.25,C4_D-Ribose,84
35.5,C4_D-Ribose,84
35.75,C4_D-Ribose,84
36.0,C4_D-Ribose,82
36.25,C4_D-Ribose,81
36.5,C4_D-Ribose,80
36.75,C4_D-Ribose,83
37.0,C4_D-Ribose,85
37.25,C4_D-Ribose,84
37.5,C4_D-Ribose,78
37.75,C4_D-Ribose,82
38.0,C4_D-Ribose,79
38.25,C4_D-Ribose,78
38.5,C4_D-Ribose,85
38.75,C4_D-Ribose,82
39.0,C4_D-Ribose,80
39.25,C4_D-Ribose,83
39.5,C4_D-Ribose,83
39.75,C4_D-Ribose,81
40.0,C4_D-Ribose,85
40.25,C4_D-Ribose,82
40.5,C4_D-Ribose,82
40.75,C4_D-Ribose,82
41.0,C4_D-Ribose,86
41.25,C4_D-Ribose,85
41.5,C4_D-Ribose,82
41.75,C4_D-Ribose,84
42.0,C4_D-Ribose,84
42.25,C4_D-Ribose,84
42.5,C4_D-Ribose,83
42.75,C4_D-Ribose,86
43.0,C4_D-Ribose,84
43.25,C4_D-Ribose,83
43.5,C4_D-Ribose,85
43.75,C4_D-Ribose,82
44.0,C4_D-Ribose,86
44.25,C4_D-Ribose,81
44.5,C4_D-Ribose,85
44.75,C4_D-Ribose,88
45.0,C4_D-Ribose,83
45.25,C4_D-Ribose,87
45.5,C4_D-Ribose,88
45.75,C4_D-Ribose,86
46.0,C4_D-Ribose,82
46.25,C4_D-Ribose,84
46.5,C4_D-Ribose,86
46.75,C4_D-Ribose,87
47.0,C4_D-Ribose,81
47.25,C4_D-Ribose,86
47.5,C4_D-Ribose,86
47.75,C4_D-Ribose,83
48.0,C4_D-Ribose,85
48.25,C4_D-Ribose,86
0.0,C5_Tween_20,11
0.25,C5_Tween_20,11
0.5,C5_Tween_20,11
0.75,C5_Tween_20,11
1.0,C5_Tween_20,11
1.25,C5_Tween_20,11
1.5,C5_Tween_20,11
1.75,C5_Tween_20,11
2.0,C5_Tween_20,11
2.25,C5_Tween_20,11
2.5,C5_Tween_20,11
2.75,C5_Tween_20,11
3.0,C5_Tween_20,11
3.25,C5_Tween_20,11
3.5,C5_Tween_20,11
3.75,C5_Tween_20,11
4.0,C5_Tween_20,11
4.25,C5_Tween_20,11
4.5,C5_Tween_20,11
4.75,C5_Tween_20,11
5.0,C5_Tween_20,11
5.25,C5_Tween_20,11
5.5,C5_Tween_20,11
5.75,C5_Tween_20,11
6.0,C5_Tween_20,11
6.25,C5_Tween_20,11
6.5,C5_Tween_20,11
6.75,C5_Tween_20,11
7.0,C5_Tween_20,11
7.25,C5_Tween_20,11
7.5,C5_Tween_20,11
7.75,C5_Tween_20,11
8.0,C5_Tween_20,11
8.25,C5_Tween_20,11
8.5,C5_Tween_20,11
8.75,C5_Tween_20,11
9.0,C5_Tween_20,11
9.25,C5_Tween_20,11
9.5,C5_Tween_20,11
9.75,C5_Tween_20,11
10.0,C5_Tween_20,11
10.25,C5_Tween_20,11
10.5,C5_Tween_20,11
10.75,C5_Tween_20,11
11.0,C5_Tween_20,11
11.25,C5_Tween_20,11
11.5,C5_Tween_20,11
11.75,C5_Tween_20,11
12.0,C5_Tween_20,11
12.25,C5_Tween_20,11
12.5,C5_Tween_20,11
12.75,C5_Tween_20,11
13.0,C5_Tween_20,11
13.25,C5_Tween_20,11
13.5,C5_Tween_20,11
13.75,C5_Tween_20,11
14.0,C5_Tween_20,11
14.25,C5_Tween_20,11
14.5,C5_Tween_20,11
14.75,C5_Tween_20,11
15.0,C5_Tween_20,11
15.25,C5_Tween_20,11
15.5,C5_Tween_20,11
15.75,C5_Tween_20,11
16.0,C5_Tween_20,11
16.25,C5_Tween_20,11
16.5,C5_Tween_20,11
16.75,C5_Tween_20,11
17.0,C5_Tween_20,11
17.25,C5_Tween_20,11
17.5,C5_Tween_20,11
17.75,C5_Tween_20,11
18.0,C5_Tween_20,11
18.25,C5_Tween_20,11
18.5,C5_Tween_20,11
18.75,C5_Tween_20,11
19.0,C5_Tween_20,11
19.25,C5_Tween_20,11
19.5,C5_Tween_20,11
19.75,C5_Tween_20,11
20.0,C5_Tween_20,11
20.25,C5_Tween_20,11
20.5,C5_Tween_20,11
20.75,C5_Tween_20,11
21.0,C5_Tween_20,11
21.25,C5_Tween_20,11
21.5,C5_Tween_20,11
21.75,C5_Tween_20,11
22.0,C5_Tween_20,11
22.25,C5_Tween_20,11
22.5,C5_Tween_20,11
22.75,C5_Tween_20,11
23.0,C5_Tween_20,11
23.25,C5_Tween_20,11
23.5,C5_Tween_20,11
23.75,C5_Tween_20,11
24.0,C5_Tween_20,11
24.25,C5_Tween_20,11
24.5,C5_Tween_20,11
24.75,C5_Tween_20,11
25.0,C5_Tween_20,11
25.25,C5_Tween_20,11
25.5,C5_Tween_20,11
25.75,C5_Tween_20,11
26.0,C5_Tween_20,11
26.25,C5_Tween_20,11
26.5,C5_Tween_20,11
26.75,C5_Tween_20,11
27.0,C5_Tween_20,11
27.25,C5_Tween_20,11
27.5,C5_Tween_20,11
27.75,C5_Tween_20,11
28.0,C5_Tween_20,11
28.25,C5_Tween_20,11
28.5,C5_Tween_20,11
28.75,C5_Tween_20,11
29.0,C5_Tween_20,11
29.25,C5_Tween_20,11
29.5,C5_Tween_20,11
29.75,C5_Tween_20,11
30.0,C5_Tween_20,11
30.25,C5_Tween_20,11
30.5,C5_Tween_20,11
30.75,C5_Tween_20,11
31.0,C5_Tween_20,11
31.25,C5_Tween_20,11
31.5,C5_Tween_20,11
31.75,C5_Tween_20,11
32.0,C5_Tween_20,11
32.25,C5_Tween_20,11
32.5,C5_Tween_20,11
32.75,C5_Tween_20,11
33.0,C5_Tween_20,11
33.25,C5_Tween_20,11
33.5,C5_Tween_20,11
33.75,C5_Tween_20,11
34.0,C5_Tween_20,11
34.25,C5_Tween_20,11
34.5,C5_Tween_20,11
34.75,C5_Tween_20,11
35.0,C5_Tween_20,11
35.25,C5_Tween_20,11
35.5,C5_Tween_20,11
35.75,C5_Tween_20,11
36.0,C5_Tween_20,11
36.25,C5_Tween_20,11
36.5,C5_Tween_20,11
36.75,C5_Tween_20,11
37.0,C5_Tween_20,11
37.25,C5_Tween_20,11
37.5,C5_Tween_20,11
37.75,C5_Tween_20,11
38.0,C5_Tween_20,11
38.25,C5_Tween_20,11
38.5,C5_Tween_20,11
38.75,C5_Tween_20,11
39.0,C5_Tween_20,11
39.25,C5_Tween_20,11
39.5,C5_Tween_20,11
39.75,C5_Tween_20,11
40.0,C5_Tween_20,11
40.25,C5_Tween_20,11
40.5,C5_Tween_20,11
40.75,C5_Tween_20,11
41.0,C5_Tween_20,11
41.25,C5_Tween_20,11
41.5,C5_Tween_20,11
41.75,C5_Tween_20,11
42.0,C5_Tween_20,11
42.25,C5_Tween_20,11
42.5,C5_Tween_20,11
42.75,C5_Tween_20,11
43.0,C5_Tween_20,11
43.25,C5_Tween_20,11
43.5,C5_Tween_20,11
43.75,C5_Tween_20,11
44.0,C5_Tween_20,11
44.25,C5_Tween_20,11
44.5,C5_Tween_20,11
44.75,C5_Tween_20,11
45.0,C5_Tween_20,11
45.25,C5_Tween_20,11
45.5,C5_Tween_20,11
45.75,C5_Tween_20,11
46.0,C5_Tween_20,11
46.25,C5_Tween_20,11
46.5,C5_Tween_20,11
46.75,C5_Tween_20,11
47.0,C5_Tween_20,11
47.25,C5_Tween_20,11
47.5,C5_Tween_20,11
47.75,C5_Tween_20,11
48.0,C5_Tween_20,11
48.25,C5_Tween_20,11
0.0,C6_L-Rhamnose,11
0.25,C6_L-Rhamnose,11
0.5,C6_L-Rhamnose,11
0.75,C6_L-Rhamnose,11
1.0,C6_L-Rhamnose,11
1.25,C6_L-Rhamnose,11
1.5,C6_L-Rhamnose,11
1.75,C6_L-Rhamnose,11
2.0,C6_L-Rhamnose,11
2.25,C6_L-Rhamnose,11
2.5,C6_L-Rhamnose,11
2.75,C6_L-Rhamnose,11
3.0,C6_L-Rhamnose,11
3.25,C6_L-Rhamnose,11
3.5,C6_L-Rhamnose,11
3.75,C6_L-Rhamnose,11
4.0,C6_L-Rhamnose,11
4.25,C6_L-Rhamnose,11
4.5,C6_L-Rhamnose,11
4.75,C6_L-Rhamnose,11
5.0,C6_L-Rhamnose,11
5.25,C6_L-Rhamnose,11
5.5,C6_L-Rhamnose,11
5.75,C6_L-Rhamnose,11
6.0,C6_L-Rhamnose,11
6.25,C6_L-Rhamnose,11
6.5,C6_L-Rhamnose,11
6.75,C6_L-Rhamnose,11
7.0,C6_L-Rhamnose,11
7.25,C6_L-Rhamnose,11
7.5,C6_L-Rhamnose,11
7.75,C6_L-Rhamnose,11
8.0,C6_L-Rhamnose,11
8.25,C6_L-Rhamnose,11
8.5,C6_L-Rhamnose,11
8.75,C6_L-Rhamnose,11
9.0,C6_L-Rhamnose,11
9.25,C6_L-Rhamnose,11
9.5,C6_L-Rhamnose,11
9.75,C6_L-Rhamnose,11
10.0,C6_L-Rhamnose,11
10.25,C6_L-Rhamnose,11
10.5,C6_L-Rhamnose,11
10.75,C6_L-Rhamnose,11
11.0,C6_L-Rhamnose,11
11.25,C6_L-Rhamnose,11
11.5,C6_L-Rhamnose,11
11.75,C6_L-Rhamnose,11
12.0,C6_L-Rhamnose,11
12.25,C6_L-Rhamnose,11
12.5,C6_L-Rhamnose,11
12.75,C6_L-Rhamnose,11
13.0,C6_L-Rhamnose,11
13.25,C6_L-Rhamnose,11
13.5,C6_L-Rhamnose,11
13.75,C6_L-Rhamnose,11
14.0,C6_L-Rhamnose,11
14.25,C6_L-Rhamnose,11
14.5,C6_L-Rhamnose,11
14.75,C6_L-Rhamnose,11
15.0,C6_L-Rhamnose,11
15.25,C6_L-Rhamnose,11
15.5,C6_L-Rhamnose,11
15.75,C6_L-Rhamnose,11
16.0,C6_L-Rhamnose,11
16.25,C6_L-Rhamnose,11
16.5,C6_L-Rhamnose,11
16.75,C6_L-Rhamnose,11
17.0,C6_L-Rhamnose,11
17.25,C6_L-Rhamnose,11
17.5,C6_L-Rhamnose,11
17.75,C6_L-Rhamnose,11
18.0,C6_L-Rhamnose,11
18.25,C6_L-Rhamnose,11
18.5,C6_L-Rhamnose,11
18.75,C6_L-Rhamnose,11
19.0,C6_L-Rhamnose,11
19.25,C6_L-Rhamnose,11
19.5,C6_L-Rhamnose,11
19.75,C6_L-Rhamnose,11
20.0,C6_L-Rhamnose,11
20.25,C6_L-Rhamnose,11
20.5,C6_L-Rhamnose,11
20.75,C6_L-Rhamnose,11
21.0,C6_L-Rhamnose,11
21.25,C6_L-Rhamnose,11
21.5,C6_L-Rhamnose,11
21.75,C6_L-Rhamnose,11
22.0,C6_L-Rhamnose,11
22.25,C6_L-Rhamnose,11
22.5,C6_L-Rhamnose,11
22.75,C6_L-Rhamnose,11
23.0,C6_L-Rhamnose,11
23.25,C6_L-Rhamnose,11
23.5,C6_L-Rhamnose,11
23.75,C6_L-Rhamnose,11
24.0,C6_L-Rhamnose,11
24.25,C6_L-Rhamnose,11
24.5,C6_L-Rhamnose,11
24.75,C6_L-Rhamnose,11
25.0,C6_L-Rhamnose,11
25.25,C6_L-Rhamnose,11
25.5,C6_L-Rhamnose,11
25.75,C6_L-Rhamnose,11
26.0,C6_L-Rhamnose,11
26.25,C6_L-Rhamnose,11
26.5,C6_L-Rhamnose,11
26.75,C6_L-Rhamnose,11
27.0,C6_L-Rhamnose,11
27.25,C6_L-Rhamnose,11
27.5,C6_L-Rhamnose,11
27.75,C6_L-Rhamnose,13
28.0,C6_L-Rhamnose,11
28.25,C6_L-Rhamnose,11
28.5,C6_L-Rhamnose,13
28.75,C6_L-Rhamnose,11
29.0,C6_L-Rhamnose,11
29.25,C6_L-Rhamnose,11
29.5,C6_L-Rhamnose,11
29.75,C6_L-Rhamnose,11
30.0,C6_L-Rhamnose,11
30.25,C6_L-Rhamnose,11
30.5,C6_L-Rhamnose,12
30.75,C6_L-Rhamnose,11
31.0,C6_L-Rhamnose,11
31.25,C6_L-Rhamnose,11
31.5,C6_L-Rhamnose,11
31.75,C6_L-Rhamnose,11
32.0,C6_L-Rhamnose,11
32.25,C6_L-Rhamnose,11
32.5,C6_L-Rhamnose,11
32.75,C6_L-Rhamnose,11
33.0,C6_L-Rhamnose,11
33.25,C6_L-Rhamnose,11
33.5,C6_L-Rhamnose,12
33.75,C6_L-Rhamnose,11
34.0,C6_L-Rhamnose,11
34.25,C6_L-Rhamnose,11
34.5,C6_L-Rhamnose,11
34.75,C6_L-Rhamnose,11
35.0,C6_L-Rhamnose,11
35.25,C6_L-Rhamnose,12
35.5,C6_L-Rhamnose,11
35.75,C6_L-Rhamnose,11
36.0,C6_L-Rhamnose,12
36.25,C6_L-Rhamnose,11
36.5,C6_L-Rhamnose,11
36.75,C6_L-Rhamnose,15
37.0,C6_L-Rhamnose,12
37.25,C6_L-Rhamnose,11
37.5,C6_L-Rhamnose,11
37.75,C6_L-Rhamnose,12
38.0,C6_L-Rhamnose,11
38.25,C6_L-Rhamnose,11
38.5,C6_L-Rhamnose,11
38.75,C6_L-Rhamnose,11
39.0,C6_L-Rhamnose,12
39.25,C6_L-Rhamnose,11
39.5,C6_L-Rhamnose,11
39.75,C6_L-Rhamnose,11
40.0,C6_L-Rhamnose,12
40.25,C6_L-Rhamnose,11
40.5,C6_L-Rhamnose,11
40.75,C6_L-Rhamnose,11
41.0,C6_L-Rhamnose,12
41.25,C6_L-Rhamnose,12
41.5,C6_L-Rhamnose,11
41.75,C6_L-Rhamnose,11
42.0,C6_L-Rhamnose,11
42.25,C6_L-Rhamnose,12
42.5,C6_L-Rhamnose,14
42.75,C6_L-Rhamnose,11
43.0,C6_L-Rhamnose,12
43.25,C6_L-Rhamnose,11
43.5,C6_L-Rhamnose,13
43.75,C6_L-Rhamnose,12
44.0,C6_L-Rhamnose,11
44.25,C6_L-Rhamnose,12
44.5,C6_L-Rhamnose,11
44.75,C6_L-Rhamnose,11
45.0,C6_L-Rhamnose,13
45.25,C6_L-Rhamnose,13
45.5,C6_L-Rhamnose,15
45.75,C6_L-Rhamnose,16
46.0,C6_L-Rhamnose,11
46.25,C6_L-Rhamnose,11
46.5,C6_L-Rhamnose,12
46.75,C6_L-Rhamnose,13
47.0,C6_L-Rhamnose,11
47.25,C6_L-Rhamnose,11
47.5,C6_L-Rhamnose,11
47.75,C6_L-Rhamnose,11
48.0,C6_L-Rhamnose,13
48.25,C6_L-Rhamnose,11
0.0,C7_D-Fructose,11
0.25,C7_D-Fructose,11
0.5,C7_D-Fructose,11
0.75,C7_D-Fructose,11
1.0,C7_D-Fructose,11
1.25,C7_D-Fructose,11
1.5,C7_D-Fructose,11
1.75,C7_D-Fructose,11
2.0,C7_D-Fructose,11
2.25,C7_D-Fructose,11
2.5,C7_D-Fructose,11
2.75,C7_D-Fructose,11
3.0,C7_D-Fructose,11
3.25,C7_D-Fructose,11
3.5,C7_D-Fructose,11
3.75,C7_D-Fructose,11
4.0,C7_D-Fructose,11
4.25,C7_D-Fructose,11
4.5,C7_D-Fructose,11
4.75,C7_D-Fructose,11
5.0,C7_D-Fructose,11
5.25,C7_D-Fructose,11
5.5,C7_D-Fructose,11
5.75,C7_D-Fructose,11
6.0,C7_D-Fructose,11
6.25,C7_D-Fructose,11
6.5,C7_D-Fructose,11
6.75,C7_D-Fructose,11
7.0,C7_D-Fructose,11
7.25,C7_D-Fructose,11
7.5,C7_D-Fructose,11
7.75,C7_D-Fructose,11
8.0,C7_D-Fructose,11
8.25,C7_D-Fructose,11
8.5,C7_D-Fructose,11
8.75,C7_D-Fructose,11
9.0,C7_D-Fructose,11
9.25,C7_D-Fructose,11
9.5,C7_D-Fructose,11
9.75,C7_D-Fructose,11
10.0,C7_D-Fructose,11
10.25,C7_D-Fructose,11
10.5,C7_D-Fructose,11
10.75,C7_D-Fructose,11
11.0,C7_D-Fructose,11
11.25,C7_D-Fructose,11
11.5,C7_D-Fructose,11
11.75,C7_D-Fructose,11
12.0,C7_D-Fructose,11
12.25,C7_D-Fructose,11
12.5,C7_D-Fructose,11
12.75,C7_D-Fructose,11
13.0,C7_D-Fructose,11
13.25,C7_D-Fructose,11
13.5,C7_D-Fructose,11
13.75,C7_D-Fructose,11
14.0,C7_D-Fructose,11
14.25,C7_D-Fructose,11
14.5,C7_D-Fructose,11
14.75,C7_D-Fructose,11
15.0,C7_D-Fructose,11
15.25,C7_D-Fructose,11
15.5,C7_D-Fructose,11
15.75,C7_D-Fructose,11
16.0,C7_D-Fructose,11
16.25,C7_D-Fructose,11
16.5,C7_D-Fructose,11
16.75,C7_D-Fructose,11
17.0,C7_D-Fructose,11
17.25,C7_D-Fructose,11
17.5,C7_D-Fructose,11
17.75,C7_D-Fructose,11
18.0,C7_D-Fructose,11
18.25,C7_D-Fructose,11
18.5,C7_D-Fructose,11
18.75,C7_D-Fructose,11
19.0,C7_D-Fructose,11
19.25,C7_D-Fructose,11
19.5,C7_D-Fructose,11
19.75,C7_D-Fructose,11
20.0,C7_D-Fructose,11
20.25,C7_D-Fructose,11
20.5,C7_D-Fructose,11
20.75,C7_D-Fructose,11
21.0,C7_D-Fructose,11
21.25,C7_D-Fructose,11
21.5,C7_D-Fructose,11
21.75,C7_D-Fructose,11
22.0,C7_D-Fructose,14
22.25,C7_D-Fructose,13
22.5,C7_D-Fructose,13
22.75,C7_D-Fructose,11
23.0,C7_D-Fructose,12
23.25,C7_D-Fructose,11
23.5,C7_D-Fructose,16
23.75,C7_D-Fructose,13
24.0,C7_D-Fructose,13
24.25,C7_D-Fructose,15
24.5,C7_D-Fructose,12
24.75,C7_D-Fructose,13
25.0,C7_D-Fructose,13
25.25,C7_D-Fructose,16
25.5,C7_D-Fructose,17
25.75,C7_D-Fructose,14
26.0,C7_D-Fructose,11
26.25,C7_D-Fructose,15
26.5,C7_D-Fructose,15
26.75,C7_D-Fructose,19
27.0,C7_D-Fructose,12
27.25,C7_D-Fructose,11
27.5,C7_D-Fructose,13
27.75,C7_D-Fructose,12
28.0,C7_D-Fructose,19
28.25,C7_D-Fructose,15
28.5,C7_D-Fructose,16
28.75,C7_D-Fructose,15
29.0,C7_D-Fructose,12
29.25,C7_D-Fructose,15
29.5,C7_D-Fructose,15
29.75,C7_D-Fructose,11
30.0,C7_D-Fructose,16
30.25,C7_D-Fructose,15
30.5,C7_D-Fructose,12
30.75,C7_D-Fructose,17
31.0,C7_D-Fructose,13
31.25,C7_D-Fructose,13
31.5,C7_D-Fructose,14
31.75,C7_D-Fructose,16
32.0,C7_D-Fructose,15
32.25,C7_D-Fructose,14
32.5,C7_D-Fructose,11
32.75,C7_D-Fructose,12
33.0,C7_D-Fructose,15
33.25,C7_D-Fructose,14
33.5,C7_D-Fructose,15
33.75,C7_D-Fructose,14
34.0,C7_D-Fructose,15
34.25,C7_D-Fructose,13
34.5,C7_D-Fructose,13
34.75,C7_D-Fructose,14
35.0,C7_D-Fructose,16
35.25,C7_D-Fructose,14
35.5,C7_D-Fructose,12
35.75,C7_D-Fructose,14
36.0,C7_D-Fructose,11
36.25,C7_D-Fructose,11
36.5,C7_D-Fructose,12
36.75,C7_D-Fructose,13
37.0,C7_D-Fructose,14
37.25,C7_D-Fructose,15
37.5,C7_D-Fructose,13
37.75,C7_D-Fructose,12
38.0,C7_D-Fructose,12
38.25,C7_D-Fructose,14
38.5,C7_D-Fructose,12
38.75,C7_D-Fructose,13
39.0,C7_D-Fructose,13
39.25,C7_D-Fructose,12
39.5,C7_D-Fructose,11
39.75,C7_D-Fructose,11
40.0,C7_D-Fructose,13
40.25,C7_D-Fructose,15
40.5,C7_D-Fructose,13
40.75,C7_D-Fructose,16
41.0,C7_D-Fructose,15
41.25,C7_D-Fructose,14
41.5,C7_D-Fructose,13
41.75,C7_D-Fructose,16
42.0,C7_D-Fructose,12
42.25,C7_D-Fructose,14
42.5,C7_D-Fructose,13
42.75,C7_D-Fructose,14
43.0,C7_D-Fructose,17
43.25,C7_D-Fructose,13
43.5,C7_D-Fructose,16
43.75,C7_D-Fructose,16
44.0,C7_D-Fructose,16
44.25,C7_D-Fructose,11
44.5,C7_D-Fructose,11
44.75,C7_D-Fructose,12
45.0,C7_D-Fructose,15
45.25,C7_D-Fructose,16
45.5,C7_D-Fructose,11
45.75,C7_D-Fructose,14
46.0,C7_D-Fructose,16
46.25,C7_D-Fructose,11
46.5,C7_D-Fructose,16
46.75,C7_D-Fructose,14
47.0,C7_D-Fructose,14
47.25,C7_D-Fructose,13
47.5,C7_D-Fructose,13
47.75,C7_D-Fructose,15
48.0,C7_D-Fructose,12
48.25,C7_D-Fructose,11
0.0,C8_Acetic_Acid,11
0.25,C8_Acetic_Acid,11
0.5,C8_Acetic_Acid,11
0.75,C8_Acetic_Acid,11
1.0,C8_Acetic_Acid,11
1.25,C8_Acetic_Acid,11
1.5,C8_Acetic_Acid,11
1.75,C8_Acetic_Acid,11
2.0,C8_Acetic_Acid,11
2.25,C8_Acetic_Acid,11
2.5,C8_Acetic_Acid,11
2.75,C8_Acetic_Acid,11
3.0,C8_Acetic_Acid,11
3.25,C8_Acetic_Acid,11
3.5,C8_Acetic_Acid,11
3.75,C8_Acetic_Acid,11
4.0,C8_Acetic_Acid,11
4.25,C8_Acetic_Acid,11
4.5,C8_Acetic_Acid,11
4.75,C8_Acetic_Acid,11
5.0,C8_Acetic_Acid,11
5.25,C8_Acetic_Acid,11
5.5,C8_Acetic_Acid,11
5.75,C8_Acetic_Acid,11
6.0,C8_Acetic_Acid,11
6.25,C8_Acetic_Acid,11
6.5,C8_Acetic_Acid,11
6.75,C8_Acetic_Acid,11
7.0,C8_Acetic_Acid,11
7.25,C8_Acetic_Acid,11
7.5,C8_Acetic_Acid,11
7.75,C8_Acetic_Acid,11
8.0,C8_Acetic_Acid,11
8.25,C8_Acetic_Acid,11
8.5,C8_Acetic_Acid,11
8.75,C8_Acetic_Acid,11
9.0,C8_Acetic_Acid,11
9.25,C8_Acetic_Acid,11
9.5,C8_Acetic_Acid,11
9.75,C8_Acetic_Acid,11
10.0,C8_Acetic_Acid,11
10.25,C8_Acetic_Acid,11
10.5,C8_Acetic_Acid,11
10.75,C8_Acetic_Acid,11
11.0,C8_Acetic_Acid,11
11.25,C8_Acetic_Acid,11
11.5,C8_Acetic_Acid,11
11.75,C8_Acetic_Acid,11
12.0,C8_Acetic_Acid,11
12.25,C8_Acetic_Acid,11
12.5,C8_Acetic_Acid,11
12.75,C8_Acetic_Acid,11
13.0,C8_Acetic_Acid,11
13.25,C8_Acetic_Acid,11
13.5,C8_Acetic_Acid,11
13.75,C8_Acetic_Acid,11
14.0,C8_Acetic_Acid,11
14.25,C8_Acetic_Acid,11
14.5,C8_Acetic_Acid,11
14.75,C8_Acetic_Acid,11
15.0,C8_Acetic_Acid,11
15.25,C8_Acetic_Acid,11
15.5,C8_Acetic_Acid,11
15.75,C8_Acetic_Acid,11
16.0,C8_Acetic_Acid,11
16.25,C8_Acetic_Acid,11
16.5,C8_Acetic_Acid,11
16.75,C8_Acetic_Acid,11
17.0,C8_Acetic_Acid,11
17.25,C8_Acetic_Acid,13
17.5,C8_Acetic_Acid,11
17.75,C8_Acetic_Acid,11
18.0,C8_Acetic_Acid,11
18.25,C8_Acetic_Acid,11
18.5,C8_Acetic_Acid,11
18.75,C8_Acetic_Acid,13
19.0,C8_Acetic_Acid,11
19.25,C8_Acetic_Acid,11
19.5,C8_Acetic_Acid,11
19.75,C8_Acetic_Acid,11
20.0,C8_Acetic_Acid,12
20.25,C8_Acetic_Acid,11
20.5,C8_Acetic_Acid,12
20.75,C8_Acetic_Acid,11
21.0,C8_Acetic_Acid,11
21.25,C8_Acetic_Acid,11
21.5,C8_Acetic_Acid,11
21.75,C8_Acetic_Acid,12
22.0,C8_Acetic_Acid,12
22.25,C8_Acetic_Acid,11
22.5,C8_Acetic_Acid,15
22.75,C8_Acetic_Acid,11
23.0,C8_Acetic_Acid,15
23.25,C8_Acetic_Acid,11
23.5,C8_Acetic_Acid,11
23.75,C8_Acetic_Acid,11
24.0,C8_Acetic_Acid,11
24.25,C8_Acetic_Acid,12
24.5,C8_Acetic_Acid,13
24.75,C8_Acetic_Acid,12
25.0,C8_Acetic_Acid,11
25.25,C8_Acetic_Acid,13
25.5,C8_Acetic_Acid,15
25.75,C8_Acetic_Acid,13
26.0,C8_Acetic_Acid,14
26.25,C8_Acetic_Acid,13
26.5,C8_Acetic_Acid,13
26.75,C8_Acetic_Acid,11
27.0,C8_Acetic_Acid,14
27.25,C8_Acetic_Acid,14
27.5,C8_Acetic_Acid,12
27.75,C8_Acetic_Acid,19
28.0,C8_Acetic_Acid,12
28.25,C8_Acetic_Acid,12
28.5,C8_Acetic_Acid,13
28.75,C8_Acetic_Acid,14
29.0,C8_Acetic_Acid,17
29.25,C8_Acetic_Acid,17
29.5,C8_Acetic_Acid,17
29.75,C8_Acetic_Acid,13
30.0,C8_Acetic_Acid,15
30.25,C8_Acetic_Acid,17
30.5,C8_Acetic_Acid,16
30.75,C8_Acetic_Acid,17
31.0,C8_Acetic_Acid,13
31.25,C8_Acetic_Acid,17
31.5,C8_Acetic_Acid,14
31.75,C8_Acetic_Acid,19
32.0,C8_Acetic_Acid,17
32.25,C8_Acetic_Acid,16
32.5,C8_Acetic_Acid,15
32.75,C8_Acetic_Acid,15
33.0,C8_Acetic_Acid,17
33.25,C8_Acetic_Acid,13
33.5,C8_Acetic_Acid,20
33.75,C8_Acetic_Acid,17
34.0,C8_Acetic_Acid,15
34.25,C8_Acetic_Acid,14
34.5,C8_Acetic_Acid,15
34.75,C8_Acetic_Acid,16
35.0,C8_Acetic_Acid,14
35.25,C8_Acetic_Acid,16
35.5,C8_Acetic_Acid,16
35.75,C8_Acetic_Acid,16
36.0,C8_Acetic_Acid,18
36.25,C8_Acetic_Acid,16
36.5,C8_Acetic_Acid,18
36.75,C8_Acetic_Acid,17
37.0,C8_Acetic_Acid,15
37.25,C8_Acetic_Acid,15
37.5,C8_Acetic_Acid,14
37.75,C8_Acetic_Acid,21
38.0,C8_Acetic_Acid,15
38.25,C8_Acetic_Acid,15
38.5,C8_Acetic_Acid,20
38.75,C8_Acetic_Acid,17
39.0,C8_Acetic_Acid,18
39.25,C8_Acetic_Acid,20
39.5,C8_Acetic_Acid,13
39.75,C8_Acetic_Acid,15
40.0,C8_Acetic_Acid,17
40.25,C8_Acetic_Acid,15
40.5,C8_Acetic_Acid,20
40.75,C8_Acetic_Acid,19
41.0,C8_Acetic_Acid,23
41.25,C8_Acetic_Acid,18
41.5,C8_Acetic_Acid,18
41.75,C8_Acetic_Acid,19
42.0,C8_Acetic_Acid,18
42.25,C8_Acetic_Acid,20
42.5,C8_Acetic_Acid,20
42.75,C8_Acetic_Acid,20
43.0,C8_Acetic_Acid,17
43.25,C8_Acetic_Acid,21
43.5,C8_Acetic_Acid,18
43.75,C8_Acetic_Acid,21
44.0,C8_Acetic_Acid,21
44.25,C8_Acetic_Acid,20
44.5,C8_Acetic_Acid,20
44.75,C8_Acetic_Acid,21
45.0,C8_Acetic_Acid,17
45.25,C8_Acetic_Acid,20
45.5,C8_Acetic_Acid,24
45.75,C8_Acetic_Acid,18
46.0,C8_Acetic_Acid,17
46.25,C8_Acetic_Acid,19
46.5,C8_Acetic_Acid,22
46.75,C8_Acetic_Acid,16
47.0,C8_Acetic_Acid,23
47.25,C8_Acetic_Acid,21
47.5,C8_Acetic_Acid,22
47.75,C8_Acetic_Acid,20
48.0,C8_Acetic_Acid,17
48.25,C8_Acetic_Acid,20
0.0,C9_a-D-Glucose,11
0.25,C9_a-D-Glucose,11
0.5,C9_a-D-Glucose,11
0.75,C9_a-D-Glucose,11
1.0,C9_a-D-Glucose,11
1.25,C9_a-D-Glucose,11
1.5,C9_a-D-Glucose,11
1.75,C9_a-D-Glucose,11
2.0,C9_a-D-Glucose,11
2.25,C9_a-D-Glucose,11
2.5,C9_a-D-Glucose,11
2.75,C9_a-D-Glucose,11
3.0,C9_a-D-Glucose,11
3.25,C9_a-D-Glucose,11
3.5,C9_a-D-Glucose,11
3.75,C9_a-D-Glucose,11
4.0,C9_a-D-Glucose,11
4.25,C9_a-D-Glucose,11
4.5,C9_a-D-Glucose,11
4.75,C9_a-D-Glucose,11
5.0,C9_a-D-Glucose,11
5.25,C9_a-D-Glucose,11
5.5,C9_a-D-Glucose,11
5.75,C9_a-D-Glucose,11
6.0,C9_a-D-Glucose,11
6.25,C9_a-D-Glucose,11
6.5,C9_a-D-Glucose,11
6.75,C9_a-D-Glucose,11
7.0,C9_a-D-Glucose,11
7.25,C9_a-D-Glucose,11
7.5,C9_a-D-Glucose,11
7.75,C9_a-D-Glucose,11
8.0,C9_a-D-Glucose,11
8.25,C9_a-D-Glucose,11
8.5,C9_a-D-Glucose,11
8.75,C9_a-D-Glucose,11
9.0,C9_a-D-Glucose,11
9.25,C9_a-D-Glucose,11
9.5,C9_a-D-Glucose,11
9.75,C9_a-D-Glucose,11
10.0,C9_a-D-Glucose,11
10.25,C9_a-D-Glucose,11
10.5,C9_a-D-Glucose,11
10.75,C9_a-D-Glucose,11
11.0,C9_a-D-Glucose,11
11.25,C9_a-D-Glucose,11
11.5,C9_a-D-Glucose,12
11.75,C9_a-D-Glucose,11
12.0,C9_a-D-Glucose,11
12.25,C9_a-D-Glucose,11
12.5,C9_a-D-Glucose,11
12.75,C9_a-D-Glucose,11
13.0,C9_a-D-Glucose,11
13.25,C9_a-D-Glucose,11
13.5,C9_a-D-Glucose,11
13.75,C9_a-D-Glucose,11
14.0,C9_a-D-Glucose,11
14.25,C9_a-D-Glucose,11
14.5,C9_a-D-Glucose,11
14.75,C9_a-D-Glucose,11
15.0,C9_a-D-Glucose,11
15.25,C9_a-D-Glucose,11
15.5,C9_a-D-Glucose,11
15.75,C9_a-D-Glucose,11
16.0,C9_a-D-Glucose,11
16.25,C9_a-D-Glucose,11
16.5,C9_a-D-Glucose,11
16.75,C9_a-D-Glucose,11
17.0,C9_a-D-Glucose,11
17.25,C9_a-D-Glucose,11
17.5,C9_a-D-Glucose,11
17.75,C9_a-D-Glucose,14
18.0,C9_a-D-Glucose,11
18.25,C9_a-D-Glucose,11
18.5,C9_a-D-Glucose,11
18.75,C9_a-D-Glucose,14
19.0,C9_a-D-Glucose,13
19.25,C9_a-D-Glucose,14
19.5,C9_a-D-Glucose,15
19.75,C9_a-D-Glucose,11
20.0,C9_a-D-Glucose,16
20.25,C9_a-D-Glucose,13
20.5,C9_a-D-Glucose,12
20.75,C9_a-D-Glucose,14
21.0,C9_a-D-Glucose,14
21.25,C9_a-D-Glucose,11
21.5,C9_a-D-Glucose,11
21.75,C9_a-D-Glucose,14
22.0,C9_a-D-Glucose,14
22.25,C9_a-D-Glucose,15
22.5,C9_a-D-Glucose,20
22.75,C9_a-D-Glucose,17
23.0,C9_a-D-Glucose,15
23.25,C9_a-D-Glucose,17
23.5,C9_a-D-Glucose,19
23.75,C9_a-D-Glucose,17
24.0,C9_a-D-Glucose,19
24.25,C9_a-D-Glucose,13
24.5,C9_a-D-Glucose,15
24.75,C9_a-D-Glucose,16
25.0,C9_a-D-Glucose,18
25.25,C9_a-D-Glucose,19
25.5,C9_a-D-Glucose,14
25.75,C9_a-D-Glucose,20
26.0,C9_a-D-Glucose,13
26.25,C9_a-D-Glucose,15
26.5,C9_a-D-Glucose,15
26.75,C9_a-D-Glucose,13
27.0,C9_a-D-Glucose,14
27.25,C9_a-D-Glucose,14
27.5,C9_a-D-Glucose,15
27.75,C9_a-D-Glucose,16
28.0,C9_a-D-Glucose,14
28.25,C9_a-D-Glucose,17
28.5,C9_a-D-Glucose,16
28.75,C9_a-D-Glucose,17
29.0,C9_a-D-Glucose,16
29.25,C9_a-D-Glucose,16
29.5,C9_a-D-Glucose,16
29.75,C9_a-D-Glucose,18
30.0,C9_a-D-Glucose,18
30.25,C9_a-D-Glucose,16
30.5,C9_a-D-Glucose,18
30.75,C9_a-D-Glucose,19
31.0,C9_a-D-Glucose,17
31.25,C9_a-D-Glucose,17
31.5,C9_a-D-Glucose,12
31.75,C9_a-D-Glucose,15
32.0,C9_a-D-Glucose,15
32.25,C9_a-D-Glucose,16
32.5,C9_a-D-Glucose,14
32.75,C9_a-D-Glucose,14
33.0,C9_a-D-Glucose,17
33.25,C9_a-D-Glucose,14
33.5,C9_a-D-Glucose,17
33.75,C9_a-D-Glucose,15
34.0,C9_a-D-Glucose,15
34.25,C9_a-D-Glucose,13
34.5,C9_a-D-Glucose,15
34.75,C9_a-D-Glucose,13
35.0,C9_a-D-Glucose,19
35.25,C9_a-D-Glucose,14
35.5,C9_a-D-Glucose,19
35.75,C9_a-D-Glucose,16
36.0,C9_a-D-Glucose,12
36.25,C9_a-D-Glucose,16
36.5,C9_a-D-Glucose,15
36.75,C9_a-D-Glucose,16
37.0,C9_a-D-Glucose,12
37.25,C9_a-D-Glucose,15
37.5,C9_a-D-Glucose,14
37.75,C9_a-D-Glucose,13
38.0,C9_a-D-Glucose,13
38.25,C9_a-D-Glucose,15
38.5,C9_a-D-Glucose,11
38.75,C9_a-D-Glucose,14
39.0,C9_a-D-Glucose,13
39.25,C9_a-D-Glucose,13
39.5,C9_a-D-Glucose,14
39.75,C9_a-D-Glucose,14
40.0,C9_a-D-Glucose,14
40.25,C9_a-D-Glucose,15
40.5,C9_a-D-Glucose,15
40.75,C9_a-D-Glucose,19
41.0,C9_a-D-Glucose,15
41.25,C9_a-D-Glucose,15
41.5,C9_a-D-Glucose,18
41.75,C9_a-D-Glucose,15
42.0,C9_a-D-Glucose,16
42.25,C9_a-D-Glucose,17
42.5,C9_a-D-Glucose,16
42.75,C9_a-D-Glucose,13
43.0,C9_a-D-Glucose,16
43.25,C9_a-D-Glucose,17
43.5,C9_a-D-Glucose,13
43.75,C9_a-D-Glucose,14
44.0,C9_a-D-Glucose,15
44.25,C9_a-D-Glucose,14
44.5,C9_a-D-Glucose,12
44.75,C9_a-D-Glucose,17
45.0,C9_a-D-Glucose,15
45.25,C9_a-D-Glucose,18
45.5,C9_a-D-Glucose,17
45.75,C9_a-D-Glucose,16
46.0,C9_a-D-Glucose,18
46.25,C9_a-D-Glucose,18
46.5,C9_a-D-Glucose,14
46.75,C9_a-D-Glucose,12
47.0,C9_a-D-Glucose,15
47.25,C9_a-D-Glucose,14
47.5,C9_a-D-Glucose,17
47.75,C9_a-D-Glucose,14
48.0,C9_a-D-Glucose,17
48.25,C9_a-D-Glucose,16
0.0,C10_Maltose,11
0.25,C10_Maltose,11
0.5,C10_Maltose,11
0.75,C10_Maltose,12
1.0,C10_Maltose,11
1.25,C10_Maltose,11
1.5,C10_Maltose,11
1.75,C10_Maltose,11
2.0,C10_Maltose,11
2.25,C10_Maltose,11
2.5,C10_Maltose,11
2.75,C10_Maltose,11
3.0,C10_Maltose,11
3.25,C10_Maltose,12
3.5,C10_Maltose,11
3.75,C10_Maltose,11
4.0,C10_Maltose,11
4.25,C10_Maltose,11
4.5,C10_Maltose,11
4.75,C10_Maltose,11
5.0,C10_Maltose,12
5.25,C10_Maltose,11
5.5,C10_Maltose,11
5.75,C10_Maltose,11
6.0,C10_Maltose,11
6.25,C10_Maltose,11
6.5,C10_Maltose,11
6.75,C10_Maltose,11
7.0,C10_Maltose,11
7.25,C10_Maltose,11
7.5,C10_Maltose,11
7.75,C10_Maltose,11
8.0,C10_Maltose,11
8.25,C10_Maltose,11
8.5,C10_Maltose,11
8.75,C10_Maltose,11
9.0,C10_Maltose,11
9.25,C10_Maltose,11
9.5,C10_Maltose,11
9.75,C10_Maltose,11
10.0,C10_Maltose,11
10.25,C10_Maltose,11
10.5,C10_Maltose,11
10.75,C10_Maltose,11
11.0,C10_Maltose,11
11.25,C10_Maltose,11
11.5,C10_Maltose,11
11.75,C10_Maltose,11
12.0,C10_Maltose,11
12.25,C10_Maltose,11
12.5,C10_Maltose,11
12.75,C10_Maltose,13
13.0,C10_Maltose,11
13.25,C10_Maltose,11
13.5,C10_Maltose,12
13.75,C10_Maltose,13
14.0,C10_Maltose,11
14.25,C10_Maltose,11
14.5,C10_Maltose,11
14.75,C10_Maltose,11
15.0,C10_Maltose,11
15.25,C10_Maltose,11
15.5,C10_Maltose,11
15.75,C10_Maltose,14
16.0,C10_Maltose,11
16.25,C10_Maltose,11
16.5,C10_Maltose,11
16.75,C10_Maltose,11
17.0,C10_Maltose,12
17.25,C10_Maltose,14
17.5,C10_Maltose,12
17.75,C10_Maltose,13
18.0,C10_Maltose,12
18.25,C10_Maltose,12
18.5,C10_Maltose,11
18.75,C10_Maltose,14
19.0,C10_Maltose,11
19.25,C10_Maltose,12
19.5,C10_Maltose,15
19.75,C10_Maltose,11
20.0,C10_Maltose,11
20.25,C10_Maltose,18
20.5,C10_Maltose,13
20.75,C10_Maltose,15
21.0,C10_Maltose,17
21.25,C10_Maltose,14
21.5,C10_Maltose,14
21.75,C10_Maltose,11
22.0,C10_Maltose,14
22.25,C10_Maltose,16
22.5,C10_Maltose,17
22.75,C10_Maltose,21
23.0,C10_Maltose,19
23.25,C10_Maltose,18
23.5,C10_Maltose,18
23.75,C10_Maltose,18
24.0,C10_Maltose,23
24.25,C10_Maltose,19
24.5,C10_Maltose,17
24.75,C10_Maltose,17
25.0,C10_Maltose,18
25.25,C10_Maltose,19
25.5,C10_Maltose,18
25.75,C10_Maltose,19
26.0,C10_Maltose,19
26.25,C10_Maltose,24
26.5,C10_Maltose,18
26.75,C10_Maltose,21
27.0,C10_Maltose,17
27.25,C10_Maltose,21
27.5,C10_Maltose,24
27.75,C10_Maltose,25
28.0,C10_Maltose,24
28.25,C10_Maltose,20
28.5,C10_Maltose,28
28.75,C10_Maltose,25
29.0,C10_Maltose,27
29.25,C10_Maltose,28
29.5,C10_Maltose,24
29.75,C10_Maltose,22
30.0,C10_Maltose,25
30.25,C10_Maltose,29
30.5,C10_Maltose,24
30.75,C10_Maltose,26
31.0,C10_Maltose,23
31.25,C10_Maltose,27
31.5,C10_Maltose,27
31.75,C10_Maltose,27
32.0,C10_Maltose,29
32.25,C10_Maltose,25
32.5,C10_Maltose,24
32.75,C10_Maltose,30
33.0,C10_Maltose,27
33.25,C10_Maltose,26
33.5,C10_Maltose,29
33.75,C10_Maltose,30
34.0,C10_Maltose,30
34.25,C10_Maltose,28
34.5,C10_Maltose,28
34.75,C10_Maltose,28
35.0,C10_Maltose,29
35.25,C10_Maltose,33
35.5,C10_Maltose,32
35.75,C10_Maltose,32
36.0,C10_Maltose,32
36.25,C10_Maltose,33
36.5,C10_Maltose,36
36.75,C10_Maltose,30
37.0,C10_Maltose,35
37.25,C10_Maltose,29
37.5,C10_Maltose,34
37.75,C10_Maltose,37
38.0,C10_Maltose,31
38.25,C10_Maltose,34
38.5,C10_Maltose,31
38.75,C10_Maltose,37
39.0,C10_Maltose,39
39.25,C10_Maltose,35
39.5,C10_Maltose,36
39.75,C10_Maltose,35
40.0,C10_Maltose,37
40.25,C10_Maltose,36
40.5,C10_Maltose,36
40.75,C10_Maltose,36
41.0,C10_Maltose,39
41.25,C10_Maltose,40
41.5,C10_Maltose,40
41.75,C10_Maltose,38
42.0,C10_Maltose,40
42.25,C10_Maltose,41
42.5,C10_Maltose,45
42.75,C10_Maltose,43
43.0,C10_Maltose,38
43.25,C10_Maltose,44
43.5,C10_Maltose,42
43.75,C10_Maltose,42
44.0,C10_Maltose,37
44.25,C10_Maltose,40
44.5,C10_Maltose,47
44.75,C10_Maltose,43
45.0,C10_Maltose,43
45.25,C10_Maltose,45
45.5,C10_Maltose,44
45.75,C10_Maltose,45
46.0,C10_Maltose,42
46.25,C10_Maltose,46
46.5,C10_Maltose,48
46.75,C10_Maltose,44
47.0,C10_Maltose,44
47.25,C10_Maltose,44
47.5,C10_Maltose,41
47.75,C10_Maltose,45
48.0,C10_Maltose,45
48.25,C10_Maltose,49
0.0,C11_D-Melibiose,13
0.25,C11_D-Melibiose,11
0.5,C11_D-Melibiose,14
0.75,C11_D-Melibiose,12
1.0,C11_D-Melibiose,11
1.25,C11_D-Melibiose,11
1.5,C11_D-Melibiose,12
1.75,C11_D-Melibiose,15
2.0,C11_D-Melibiose,16
2.25,C11_D-Melibiose,12
2.5,C11_D-Melibiose,15
2.75,C11_D-Melibiose,12
3.0,C11_D-Melibiose,11
3.25,C11_D-Melibiose,12
3.5,C11_D-Melibiose,11
3.75,C11_D-Melibiose,11
4.0,C11_D-Melibiose,11
4.25,C11_D-Melibiose,11
4.5,C11_D-Melibiose,11
4.75,C11_D-Melibiose,11
5.0,C11_D-Melibiose,11
5.25,C11_D-Melibiose,11
5.5,C11_D-Melibiose,11
5.75,C11_D-Melibiose,11
6.0,C11_D-Melibiose,11
6.25,C11_D-Melibiose,12
6.5,C11_D-Melibiose,11
6.75,C11_D-Melibiose,12
7.0,C11_D-Melibiose,11
7.25,C11_D-Melibiose,11
7.5,C11_D-Melibiose,11
7.75,C11_D-Melibiose,11
8.0,C11_D-Melibiose,13
8.25,C11_D-Melibiose,12
8.5,C11_D-Melibiose,12
8.75,C11_D-Melibiose,14
9.0,C11_D-Melibiose,11
9.25,C11_D-Melibiose,12
9.5,C11_D-Melibiose,11
9.75,C11_D-Melibiose,11
10.0,C11_D-Melibiose,12
10.25,C11_D-Melibiose,11
10.5,C11_D-Melibiose,13
10.75,C11_D-Melibiose,11
11.0,C11_D-Melibiose,14
11.25,C11_D-Melibiose,11
11.5,C11_D-Melibiose,14
11.75,C11_D-Melibiose,11
12.0,C11_D-Melibiose,15
12.25,C11_D-Melibiose,11
12.5,C11_D-Melibiose,11
12.75,C11_D-Melibiose,12
13.0,C11_D-Melibiose,12
13.25,C11_D-Melibiose,14
13.5,C11_D-Melibiose,13
13.75,C11_D-Melibiose,15
14.0,C11_D-Melibiose,12
14.25,C11_D-Melibiose,16
14.5,C11_D-Melibiose,14
14.75,C11_D-Melibiose,16
15.0,C11_D-Melibiose,15
15.25,C11_D-Melibiose,15
15.5,C11_D-Melibiose,12
15.75,C11_D-Melibiose,13
16.0,C11_D-Melibiose,13
16.25,C11_D-Melibiose,12
16.5,C11_D-Melibiose,18
16.75,C11_D-Melibiose,13
17.0,C11_D-Melibiose,18
17.25,C11_D-Melibiose,17
17.5,C11_D-Melibiose,11
17.75,C11_D-Melibiose,17
18.0,C11_D-Melibiose,16
18.25,C11_D-Melibiose,16
18.5,C11_D-Melibiose,15
18.75,C11_D-Melibiose,19
19.0,C11_D-Melibiose,14
19.25,C11_D-Melibiose,17
19.5,C11_D-Melibiose,20
19.75,C11_D-Melibiose,15
20.0,C11_D-Melibiose,22
20.25,C11_D-Melibiose,19
20.5,C11_D-Melibiose,19
20.75,C11_D-Melibiose,19
21.0,C11_D-Melibiose,21
21.25,C11_D-Melibiose,19
21.5,C11_D-Melibiose,22
21.75,C11_D-Melibiose,21
22.0,C11_D-Melibiose,19
22.25,C11_D-Melibiose,19
22.5,C11_D-Melibiose,18
22.75,C11_D-Melibiose,21
23.0,C11_D-Melibiose,20
23.25,C11_D-Melibiose,18
23.5,C11_D-Melibiose,18
23.75,C11_D-Melibiose,23
24.0,C11_D-Melibiose,24
24.25,C11_D-Melibiose,21
24.5,C11_D-Melibiose,19
24.75,C11_D-Melibiose,21
25.0,C11_D-Melibiose,19
25.25,C11_D-Melibiose,20
25.5,C11_D-Melibiose,22
25.75,C11_D-Melibiose,23
26.0,C11_D-Melibiose,21
26.25,C11_D-Melibiose,22
26.5,C11_D-Melibiose,24
26.75,C11_D-Melibiose,23
27.0,C11_D-Melibiose,22
27.25,C11_D-Melibiose,22
27.5,C11_D-Melibiose,25
27.75,C11_D-Melibiose,21
28.0,C11_D-Melibiose,23
28.25,C11_D-Melibiose,22
28.5,C11_D-Melibiose,22
28.75,C11_D-Melibiose,20
29.0,C11_D-Melibiose,22
29.25,C11_D-Melibiose,23
29.5,C11_D-Melibiose,22
29.75,C11_D-Melibiose,20
30.0,C11_D-Melibiose,20
30.25,C11_D-Melibiose,21
30.5,C11_D-Melibiose,24
30.75,C11_D-Melibiose,20
31.0,C11_D-Melibiose,25
31.25,C11_D-Melibiose,22
31.5,C11_D-Melibiose,24
31.75,C11_D-Melibiose,24
32.0,C11_D-Melibiose,21
32.25,C11_D-Melibiose,21
32.5,C11_D-Melibiose,19
32.75,C11_D-Melibiose,21
33.0,C11_D-Melibiose,22
33.25,C11_D-Melibiose,19
33.5,C11_D-Melibiose,20
33.75,C11_D-Melibiose,21
34.0,C11_D-Melibiose,24
34.25,C11_D-Melibiose,23
34.5,C11_D-Melibiose,20
34.75,C11_D-Melibiose,18
35.0,C11_D-Melibiose,22
35.25,C11_D-Melibiose,21
35.5,C11_D-Melibiose,19
35.75,C11_D-Melibiose,21
36.0,C11_D-Melibiose,20
36.25,C11_D-Melibiose,22
36.5,C11_D-Melibiose,22
36.75,C11_D-Melibiose,24
37.0,C11_D-Melibiose,21
37.25,C11_D-Melibiose,22
37.5,C11_D-Melibiose,19
37.75,C11_D-Melibiose,22
38.0,C11_D-Melibiose,19
38.25,C11_D-Melibiose,21
38.5,C11_D-Melibiose,21
38.75,C11_D-Melibiose,19
39.0,C11_D-Melibiose,18
39.25,C11_D-Melibiose,19
39.5,C11_D-Melibiose,17
39.75,C11_D-Melibiose,20
40.0,C11_D-Melibiose,20
40.25,C11_D-Melibiose,21
40.5,C11_D-Melibiose,19
40.75,C11_D-Melibiose,22
41.0,C11_D-Melibiose,20
41.25,C11_D-Melibiose,21
41.5,C11_D-Melibiose,19
41.75,C11_D-Melibiose,21
42.0,C11_D-Melibiose,22
42.25,C11_D-Melibiose,21
42.5,C11_D-Melibiose,20
42.75,C11_D-Melibiose,19
43.0,C11_D-Melibiose,19
43.25,C11_D-Melibiose,21
43.5,C11_D-Melibiose,21
43.75,C11_D-Melibiose,25
44.0,C11_D-Melibiose,21
44.25,C11_D-Melibiose,21
44.5,C11_D-Melibiose,19
44.75,C11_D-Melibiose,24
45.0,C11_D-Melibiose,20
45.25,C11_D-Melibiose,19
45.5,C11_D-Melibiose,21
45.75,C11_D-Melibiose,21
46.0,C11_D-Melibiose,24
46.25,C11_D-Melibiose,25
46.5,C11_D-Melibiose,23
46.75,C11_D-Melibiose,18
47.0,C11_D-Melibiose,20
47.25,C11_D-Melibiose,21
47.5,C11_D-Melibiose,19
47.75,C11_D-Melibiose,20
48.0,C11_D-Melibiose,18
48.25,C11_D-Melibiose,24
0.0,C12_Thymidine,15
0.25,C12_Thymidine,18
0.5,C12_Thymidine,17
0.75,C12_Thymidine,19
1.0,C12_Thymidine,14
1.25,C12_Thymidine,16
1.5,C12_Thymidine,17
1.75,C12_Thymidine,16
2.0,C12_Thymidine,19
2.25,C12_Thymidine,16
2.5,C12_Thymidine,15
2.75,C12_Thymidine,15
3.0,C12_Thymidine,14
3.25,C12_Thymidine,15
3.5,C12_Thymidine,20
3.75,C12_Thymidine,16
4.0,C12_Thymidine,17
4.25,C12_Thymidine,15
4.5,C12_Thymidine,19
4.75,C12_Thymidine,16
5.0,C12_Thymidine,14
5.25,C12_Thymidine,18
5.5,C12_Thymidine,19
5.75,C12_Thymidine,15
6.0,C12_Thymidine,16
6.25,C12_Thymidine,17
6.5,C12_Thymidine,15
6.75,C12_Thymidine,17
7.0,C12_Thymidine,15
7.25,C12_Thymidine,17
7.5,C12_Thymidine,13
7.75,C12_Thymidine,12
8.0,C12_Thymidine,13
8.25,C12_Thymidine,13
8.5,C12_Thymidine,16
8.75,C12_Thymidine,17
9.0,C12_Thymidine,16
9.25,C12_Thymidine,14
9.5,C12_Thymidine,15
9.75,C12_Thymidine,15
10.0,C12_Thymidine,14
10.25,C12_Thymidine,15
10.5,C12_Thymidine,11
10.75,C12_Thymidine,14
11.0,C12_Thymidine,15
11.25,C12_Thymidine,18
11.5,C12_Thymidine,17
11.75,C12_Thymidine,17
12.0,C12_Thymidine,17
12.25,C12_Thymidine,20
12.5,C12_Thymidine,18
12.75,C12_Thymidine,18
13.0,C12_Thymidine,12
13.25,C12_Thymidine,17
13.5,C12_Thymidine,19
13.75,C12_Thymidine,19
14.0,C12_Thymidine,16
14.25,C12_Thymidine,18
14.5,C12_Thymidine,17
14.75,C12_Thymidine,17
15.0,C12_Thymidine,11
15.25,C12_Thymidine,17
15.5,C12_Thymidine,17
15.75,C12_Thymidine,19
16.0,C12_Thymidine,18
16.25,C12_Thymidine,18
16.5,C12_Thymidine,16
16.75,C12_Thymidine,18
17.0,C12_Thymidine,19
17.25,C12_Thymidine,18
17.5,C12_Thymidine,17
17.75,C12_Thymidine,20
18.0,C12_Thymidine,20
18.25,C12_Thymidine,20
18.5,C12_Thymidine,18
18.75,C12_Thymidine,21
19.0,C12_Thymidine,19
19.25,C12_Thymidine,21
19.5,C12_Thymidine,21
19.75,C12_Thymidine,23
20.0,C12_Thymidine,21
20.25,C12_Thymidine,22
20.5,C12_Thymidine,25
20.75,C12_Thymidine,22
21.0,C12_Thymidine,22
21.25,C12_Thymidine,24
21.5,C12_Thymidine,21
21.75,C12_Thymidine,21
22.0,C12_Thymidine,22
22.25,C12_Thymidine,22
22.5,C12_Thymidine,26
22.75,C12_Thymidine,24
23.0,C12_Thymidine,26
23.25,C12_Thymidine,20
23.5,C12_Thymidine,26
23.75,C12_Thymidine,27
24.0,C12_Thymidine,26
24.25,C12_Thymidine,25
24.5,C12_Thymidine,25
24.75,C12_Thymidine,25
25.0,C12_Thymidine,28
25.25,C12_Thymidine,27
25.5,C12_Thymidine,28
25.75,C12_Thymidine,31
26.0,C12_Thymidine,26
26.25,C12_Thymidine,31
26.5,C12_Thymidine,25
26.75,C12_Thymidine,32
27.0,C12_Thymidine,28
27.25,C12_Thymidine,27
27.5,C12_Thymidine,32
27.75,C12_Thymidine,27
28.0,C12_Thymidine,30
28.25,C12_Thymidine,26
28.5,C12_Thymidine,30
28.75,C12_Thymidine,29
29.0,C12_Thymidine,33
29.25,C12_Thymidine,31
29.5,C12_Thymidine,31
29.75,C12_Thymidine,29
30.0,C12_Thymidine,34
30.25,C12_Thymidine,26
30.5,C12_Thymidine,32
30.75,C12_Thymidine,30
31.0,C12_Thymidine,32
31.25,C12_Thymidine,34
31.5,C12_Thymidine,27
31.75,C12_Thymidine,34
32.0,C12_Thymidine,27
32.25,C12_Thymidine,32
32.5,C12_Thymidine,28
32.75,C12_Thymidine,28
33.0,C12_Thymidine,29
33.25,C12_Thymidine,29
33.5,C12_Thymidine,30
33.75,C12_Thymidine,31
34.0,C12_Thymidine,31
34.25,C12_Thymidine,33
34.5,C12_Thymidine,32
34.75,C12_Thymidine,32
35.0,C12_Thymidine,27
35.25,C12_Thymidine,30
35.5,C12_Thymidine,34
35.75,C12_Thymidine,34
36.0,C12_Thymidine,31
36.25,C12_Thymidine,33
36.5,C12_Thymidine,33
36.75,C12_Thymidine,33
37.0,C12_Thymidine,28
37.25,C12_Thymidine,30
37.5,C12_Thymidine,31
37.75,C12_Thymidine,34
38.0,C12_Thymidine,31
38.25,C12_Thymidine,31
38.5,C12_Thymidine,26
38.75,C12_Thymidine,29
39.0,C12_Thymidine,31
39.25,C12_Thymidine,32
39.5,C12_Thymidine,24
39.75,C12_Thymidine,30
40.0,C12_Thymidine,29
40.25,C12_Thymidine,29
40.5,C12_Thymidine,34
40.75,C12_Thymidine,32
41.0,C12_Thymidine,33
41.25,C12_Thymidine,27
41.5,C12_Thymidine,30
41.75,C12_Thymidine,30
42.0,C12_Thymidine,35
42.25,C12_Thymidine,32
42.5,C12_Thymidine,30
42.75,C12_Thymidine,30
43.0,C12_Thymidine,33
43.25,C12_Thymidine,31
43.5,C12_Thymidine,35
43.75,C12_Thymidine,28
44.0,C12_Thymidine,30
44.25,C12_Thymidine,27
44.5,C12_Thymidine,27
44.75,C12_Thymidine,25
45.0,C12_Thymidine,34
45.25,C12_Thymidine,32
45.5,C12_Thymidine,26
45.75,C12_Thymidine,30
46.0,C12_Thymidine,29
46.25,C12_Thymidine,32
46.5,C12_Thymidine,32
46.75,C12_Thymidine,33
47.0,C12_Thymidine,28
47.25,C12_Thymidine,32
47.5,C12_Thymidine,32
47.75,C12_Thymidine,32
48.0,C12_Thymidine,31
48.25,C12_Thymidine,34
0.0,D-1_L-Asparagine,18
0.25,D-1_L-Asparagine,14
0.5,D-1_L-Asparagine,14
0.75,D-1_L-Asparagine,14
1.0,D-1_L-Asparagine,15
1.25,D-1_L-Asparagine,19
1.5,D-1_L-Asparagine,17
1.75,D-1_L-Asparagine,14
2.0,D-1_L-Asparagine,12
2.25,D-1_L-Asparagine,11
2.5,D-1_L-Asparagine,16
2.75,D-1_L-Asparagine,13
3.0,D-1_L-Asparagine,13
3.25,D-1_L-Asparagine,17
3.5,D-1_L-Asparagine,13
3.75,D-1_L-Asparagine,17
4.0,D-1_L-Asparagine,19
4.25,D-1_L-Asparagine,14
4.5,D-1_L-Asparagine,13
4.75,D-1_L-Asparagine,14
5.0,D-1_L-Asparagine,17
5.25,D-1_L-Asparagine,14
5.5,D-1_L-Asparagine,11
5.75,D-1_L-Asparagine,11
6.0,D-1_L-Asparagine,14
6.25,D-1_L-Asparagine,16
6.5,D-1_L-Asparagine,13
6.75,D-1_L-Asparagine,14
7.0,D-1_L-Asparagine,16
7.25,D-1_L-Asparagine,15
7.5,D-1_L-Asparagine,12
7.75,D-1_L-Asparagine,13
8.0,D-1_L-Asparagine,13
8.25,D-1_L-Asparagine,17
8.5,D-1_L-Asparagine,14
8.75,D-1_L-Asparagine,15
9.0,D-1_L-Asparagine,16
9.25,D-1_L-Asparagine,15
9.5,D-1_L-Asparagine,15
9.75,D-1_L-Asparagine,13
10.0,D-1_L-Asparagine,11
10.25,D-1_L-Asparagine,13
10.5,D-1_L-Asparagine,13
10.75,D-1_L-Asparagine,12
11.0,D-1_L-Asparagine,13
11.25,D-1_L-Asparagine,11
11.5,D-1_L-Asparagine,15
11.75,D-1_L-Asparagine,14
12.0,D-1_L-Asparagine,16
12.25,D-1_L-Asparagine,13
12.5,D-1_L-Asparagine,16
12.75,D-1_L-Asparagine,17
13.0,D-1_L-Asparagine,13
13.25,D-1_L-Asparagine,15
13.5,D-1_L-Asparagine,12
13.75,D-1_L-Asparagine,18
14.0,D-1_L-Asparagine,14
14.25,D-1_L-Asparagine,17
14.5,D-1_L-Asparagine,16
14.75,D-1_L-Asparagine,14
15.0,D-1_L-Asparagine,18
15.25,D-1_L-Asparagine,11
15.5,D-1_L-Asparagine,13
15.75,D-1_L-Asparagine,17
16.0,D-1_L-Asparagine,15
16.25,D-1_L-Asparagine,19
16.5,D-1_L-Asparagine,16
16.75,D-1_L-Asparagine,15
17.0,D-1_L-Asparagine,20
17.25,D-1_L-Asparagine,16
17.5,D-1_L-Asparagine,14
17.75,D-1_L-Asparagine,15
18.0,D-1_L-Asparagine,18
18.25,D-1_L-Asparagine,17
18.5,D-1_L-Asparagine,17
18.75,D-1_L-Asparagine,21
19.0,D-1_L-Asparagine,18
19.25,D-1_L-Asparagine,19
19.5,D-1_L-Asparagine,19
19.75,D-1_L-Asparagine,19
20.0,D-1_L-Asparagine,19
20.25,D-1_L-Asparagine,25
20.5,D-1_L-Asparagine,23
20.75,D-1_L-Asparagine,20
21.0,D-1_L-Asparagine,22
21.25,D-1_L-Asparagine,22
21.5,D-1_L-Asparagine,25
21.75,D-1_L-Asparagine,25
22.0,D-1_L-Asparagine,23
22.25,D-1_L-Asparagine,25
22.5,D-1_L-Asparagine,21
22.75,D-1_L-Asparagine,23
23.0,D-1_L-Asparagine,25
23.25,D-1_L-Asparagine,23
23.5,D-1_L-Asparagine,20
23.75,D-1_L-Asparagine,23
24.0,D-1_L-Asparagine,27
24.25,D-1_L-Asparagine,25
24.5,D-1_L-Asparagine,21
24.75,D-1_L-Asparagine,21
25.0,D-1_L-Asparagine,26
25.25,D-1_L-Asparagine,26
25.5,D-1_L-Asparagine,21
25.75,D-1_L-Asparagine,19
26.0,D-1_L-Asparagine,21
26.25,D-1_L-Asparagine,27
26.5,D-1_L-Asparagine,26
26.75,D-1_L-Asparagine,25
27.0,D-1_L-Asparagine,27
27.25,D-1_L-Asparagine,28
27.5,D-1_L-Asparagine,25
27.75,D-1_L-Asparagine,25
28.0,D-1_L-Asparagine,28
28.25,D-1_L-Asparagine,28
28.5,D-1_L-Asparagine,26
28.75,D-1_L-Asparagine,28
29.0,D-1_L-Asparagine,30
29.25,D-1_L-Asparagine,28
29.5,D-1_L-Asparagine,27
29.75,D-1_L-Asparagine,28
30.0,D-1_L-Asparagine,29
30.25,D-1_L-Asparagine,28
30.5,D-1_L-Asparagine,29
30.75,D-1_L-Asparagine,29
31.0,D-1_L-Asparagine,30
31.25,D-1_L-Asparagine,30
31.5,D-1_L-Asparagine,31
31.75,D-1_L-Asparagine,32
32.0,D-1_L-Asparagine,28
32.25,D-1_L-Asparagine,29
32.5,D-1_L-Asparagine,30
32.75,D-1_L-Asparagine,30
33.0,D-1_L-Asparagine,29
33.25,D-1_L-Asparagine,27
33.5,D-1_L-Asparagine,30
33.75,D-1_L-Asparagine,30
34.0,D-1_L-Asparagine,28
34.25,D-1_L-Asparagine,26
34.5,D-1_L-Asparagine,29
34.75,D-1_L-Asparagine,29
35.0,D-1_L-Asparagine,30
35.25,D-1_L-Asparagine,32
35.5,D-1_L-Asparagine,32
35.75,D-1_L-Asparagine,32
36.0,D-1_L-Asparagine,30
36.25,D-1_L-Asparagine,30
36.5,D-1_L-Asparagine,36
36.75,D-1_L-Asparagine,30
37.0,D-1_L-Asparagine,31
37.25,D-1_L-Asparagine,31
37.5,D-1_L-Asparagine,33
37.75,D-1_L-Asparagine,31
38.0,D-1_L-Asparagine,25
38.25,D-1_L-Asparagine,34
38.5,D-1_L-Asparagine,33
38.75,D-1_L-Asparagine,32
39.0,D-1_L-Asparagine,34
39.25,D-1_L-Asparagine,33
39.5,D-1_L-Asparagine,35
39.75,D-1_L-Asparagine,32
40.0,D-1_L-Asparagine,35
40.25,D-1_L-Asparagine,29
40.5,D-1_L-Asparagine,33
40.75,D-1_L-Asparagine,36
41.0,D-1_L-Asparagine,36
41.25,D-1_L-Asparagine,33
41.5,D-1_L-Asparagine,37
41.75,D-1_L-Asparagine,39
42.0,D-1_L-Asparagine,33
42.25,D-1_L-Asparagine,35
42.5,D-1_L-Asparagine,39
42.75,D-1_L-Asparagine,38
43.0,D-1_L-Asparagine,35
43.25,D-1_L-Asparagine,33
43.5,D-1_L-Asparagine,39
43.75,D-1_L-Asparagine,38
44.0,D-1_L-Asparagine,36
44.25,D-1_L-Asparagine,35
44.5,D-1_L-Asparagine,40
44.75,D-1_L-Asparagine,39
45.0,D-1_L-Asparagine,37
45.25,D-1_L-Asparagine,33
45.5,D-1_L-Asparagine,42
45.75,D-1_L-Asparagine,38
46.0,D-1_L-Asparagine,38
46.25,D-1_L-Asparagine,39
46.5,D-1_L-Asparagine,39
46.75,D-1_L-Asparagine,37
47.0,D-1_L-Asparagine,41
47.25,D-1_L-Asparagine,38
47.5,D-1_L-Asparagine,40
47.75,D-1_L-Asparagine,35
48.0,D-1_L-Asparagine,37
48.25,D-1_L-Asparagine,41
0.0,D2_D-Aspartic_Acid,12
0.25,D2_D-Aspartic_Acid,11
0.5,D2_D-Aspartic_Acid,11
0.75,D2_D-Aspartic_Acid,11
1.0,D2_D-Aspartic_Acid,11
1.25,D2_D-Aspartic_Acid,11
1.5,D2_D-Aspartic_Acid,11
1.75,D2_D-Aspartic_Acid,11
2.0,D2_D-Aspartic_Acid,11
2.25,D2_D-Aspartic_Acid,11
2.5,D2_D-Aspartic_Acid,11
2.75,D2_D-Aspartic_Acid,11
3.0,D2_D-Aspartic_Acid,11
3.25,D2_D-Aspartic_Acid,11
3.5,D2_D-Aspartic_Acid,11
3.75,D2_D-Aspartic_Acid,11
4.0,D2_D-Aspartic_Acid,11
4.25,D2_D-Aspartic_Acid,12
4.5,D2_D-Aspartic_Acid,11
4.75,D2_D-Aspartic_Acid,12
5.0,D2_D-Aspartic_Acid,11
5.25,D2_D-Aspartic_Acid,11
5.5,D2_D-Aspartic_Acid,13
5.75,D2_D-Aspartic_Acid,11
6.0,D2_D-Aspartic_Acid,11
6.25,D2_D-Aspartic_Acid,13
6.5,D2_D-Aspartic_Acid,11
6.75,D2_D-Aspartic_Acid,11
7.0,D2_D-Aspartic_Acid,14
7.25,D2_D-Aspartic_Acid,14
7.5,D2_D-Aspartic_Acid,11
7.75,D2_D-Aspartic_Acid,13
8.0,D2_D-Aspartic_Acid,11
8.25,D2_D-Aspartic_Acid,11
8.5,D2_D-Aspartic_Acid,11
8.75,D2_D-Aspartic_Acid,14
9.0,D2_D-Aspartic_Acid,11
9.25,D2_D-Aspartic_Acid,11
9.5,D2_D-Aspartic_Acid,11
9.75,D2_D-Aspartic_Acid,11
10.0,D2_D-Aspartic_Acid,11
10.25,D2_D-Aspartic_Acid,11
10.5,D2_D-Aspartic_Acid,11
10.75,D2_D-Aspartic_Acid,11
11.0,D2_D-Aspartic_Acid,11
11.25,D2_D-Aspartic_Acid,12
11.5,D2_D-Aspartic_Acid,11
11.75,D2_D-Aspartic_Acid,13
12.0,D2_D-Aspartic_Acid,14
12.25,D2_D-Aspartic_Acid,12
12.5,D2_D-Aspartic_Acid,11
12.75,D2_D-Aspartic_Acid,11
13.0,D2_D-Aspartic_Acid,12
13.25,D2_D-Aspartic_Acid,11
13.5,D2_D-Aspartic_Acid,13
13.75,D2_D-Aspartic_Acid,14
14.0,D2_D-Aspartic_Acid,16
14.25,D2_D-Aspartic_Acid,13
14.5,D2_D-Aspartic_Acid,14
14.75,D2_D-Aspartic_Acid,15
15.0,D2_D-Aspartic_Acid,13
15.25,D2_D-Aspartic_Acid,11
15.5,D2_D-Aspartic_Acid,11
15.75,D2_D-Aspartic_Acid,14
16.0,D2_D-Aspartic_Acid,11
16.25,D2_D-Aspartic_Acid,12
16.5,D2_D-Aspartic_Acid,11
16.75,D2_D-Aspartic_Acid,11
17.0,D2_D-Aspartic_Acid,11
17.25,D2_D-Aspartic_Acid,12
17.5,D2_D-Aspartic_Acid,11
17.75,D2_D-Aspartic_Acid,13
18.0,D2_D-Aspartic_Acid,12
18.25,D2_D-Aspartic_Acid,14
18.5,D2_D-Aspartic_Acid,15
18.75,D2_D-Aspartic_Acid,11
19.0,D2_D-Aspartic_Acid,15
19.25,D2_D-Aspartic_Acid,11
19.5,D2_D-Aspartic_Acid,11
19.75,D2_D-Aspartic_Acid,11
20.0,D2_D-Aspartic_Acid,11
20.25,D2_D-Aspartic_Acid,11
20.5,D2_D-Aspartic_Acid,11
20.75,D2_D-Aspartic_Acid,11
21.0,D2_D-Aspartic_Acid,14
21.25,D2_D-Aspartic_Acid,11
21.5,D2_D-Aspartic_Acid,12
21.75,D2_D-Aspartic_Acid,11
22.0,D2_D-Aspartic_Acid,11
22.25,D2_D-Aspartic_Acid,11
22.5,D2_D-Aspartic_Acid,12
22.75,D2_D-Aspartic_Acid,12
23.0,D2_D-Aspartic_Acid,11
23.25,D2_D-Aspartic_Acid,11
23.5,D2_D-Aspartic_Acid,16
23.75,D2_D-Aspartic_Acid,13
24.0,D2_D-Aspartic_Acid,11
24.25,D2_D-Aspartic_Acid,12
24.5,D2_D-Aspartic_Acid,14
24.75,D2_D-Aspartic_Acid,11
25.0,D2_D-Aspartic_Acid,12
25.25,D2_D-Aspartic_Acid,13
25.5,D2_D-Aspartic_Acid,11
25.75,D2_D-Aspartic_Acid,11
26.0,D2_D-Aspartic_Acid,11
26.25,D2_D-Aspartic_Acid,14
26.5,D2_D-Aspartic_Acid,13
26.75,D2_D-Aspartic_Acid,13
27.0,D2_D-Aspartic_Acid,13
27.25,D2_D-Aspartic_Acid,11
27.5,D2_D-Aspartic_Acid,11
27.75,D2_D-Aspartic_Acid,13
28.0,D2_D-Aspartic_Acid,12
28.25,D2_D-Aspartic_Acid,13
28.5,D2_D-Aspartic_Acid,16
28.75,D2_D-Aspartic_Acid,13
29.0,D2_D-Aspartic_Acid,12
29.25,D2_D-Aspartic_Acid,11
29.5,D2_D-Aspartic_Acid,11
29.75,D2_D-Aspartic_Acid,11
30.0,D2_D-Aspartic_Acid,11
30.25,D2_D-Aspartic_Acid,11
30.5,D2_D-Aspartic_Acid,11
30.75,D2_D-Aspartic_Acid,11
31.0,D2_D-Aspartic_Acid,13
31.25,D2_D-Aspartic_Acid,13
31.5,D2_D-Aspartic_Acid,13
31.75,D2_D-Aspartic_Acid,15
32.0,D2_D-Aspartic_Acid,11
32.25,D2_D-Aspartic_Acid,14
32.5,D2_D-Aspartic_Acid,11
32.75,D2_D-Aspartic_Acid,13
33.0,D2_D-Aspartic_Acid,13
33.25,D2_D-Aspartic_Acid,11
33.5,D2_D-Aspartic_Acid,11
33.75,D2_D-Aspartic_Acid,15
34.0,D2_D-Aspartic_Acid,11
34.25,D2_D-Aspartic_Acid,14
34.5,D2_D-Aspartic_Acid,11
34.75,D2_D-Aspartic_Acid,13
35.0,D2_D-Aspartic_Acid,11
35.25,D2_D-Aspartic_Acid,11
35.5,D2_D-Aspartic_Acid,13
35.75,D2_D-Aspartic_Acid,11
36.0,D2_D-Aspartic_Acid,11
36.25,D2_D-Aspartic_Acid,12
36.5,D2_D-Aspartic_Acid,11
36.75,D2_D-Aspartic_Acid,11
37.0,D2_D-Aspartic_Acid,12
37.25,D2_D-Aspartic_Acid,16
37.5,D2_D-Aspartic_Acid,11
37.75,D2_D-Aspartic_Acid,11
38.0,D2_D-Aspartic_Acid,11
38.25,D2_D-Aspartic_Acid,12
38.5,D2_D-Aspartic_Acid,11
38.75,D2_D-Aspartic_Acid,11
39.0,D2_D-Aspartic_Acid,11
39.25,D2_D-Aspartic_Acid,14
39.5,D2_D-Aspartic_Acid,11
39.75,D2_D-Aspartic_Acid,12
40.0,D2_D-Aspartic_Acid,13
40.25,D2_D-Aspartic_Acid,12
40.5,D2_D-Aspartic_Acid,12
40.75,D2_D-Aspartic_Acid,17
41.0,D2_D-Aspartic_Acid,11
41.25,D2_D-Aspartic_Acid,11
41.5,D2_D-Aspartic_Acid,12
41.75,D2_D-Aspartic_Acid,11
42.0,D2_D-Aspartic_Acid,11
42.25,D2_D-Aspartic_Acid,11
42.5,D2_D-Aspartic_Acid,12
42.75,D2_D-Aspartic_Acid,12
43.0,D2_D-Aspartic_Acid,11
43.25,D2_D-Aspartic_Acid,15
43.5,D2_D-Aspartic_Acid,11
43.75,D2_D-Aspartic_Acid,12
44.0,D2_D-Aspartic_Acid,12
44.25,D2_D-Aspartic_Acid,11
44.5,D2_D-Aspartic_Acid,11
44.75,D2_D-Aspartic_Acid,12
45.0,D2_D-Aspartic_Acid,13
45.25,D2_D-Aspartic_Acid,11
45.5,D2_D-Aspartic_Acid,11
45.75,D2_D-Aspartic_Acid,11
46.0,D2_D-Aspartic_Acid,11
46.25,D2_D-Aspartic_Acid,11
46.5,D2_D-Aspartic_Acid,17
46.75,D2_D-Aspartic_Acid,12
47.0,D2_D-Aspartic_Acid,13
47.25,D2_D-Aspartic_Acid,11
47.5,D2_D-Aspartic_Acid,12
47.75,D2_D-Aspartic_Acid,17
48.0,D2_D-Aspartic_Acid,11
48.25,D2_D-Aspartic_Acid,15
0.0,D3_D-Glucosaminic_Acid,11
0.25,D3_D-Glucosaminic_Acid,11
0.5,D3_D-Glucosaminic_Acid,11
0.75,D3_D-Glucosaminic_Acid,11
1.0,D3_D-Glucosaminic_Acid,11
1.25,D3_D-Glucosaminic_Acid,11
1.5,D3_D-Glucosaminic_Acid,11
1.75,D3_D-Glucosaminic_Acid,11
2.0,D3_D-Glucosaminic_Acid,11
2.25,D3_D-Glucosaminic_Acid,11
2.5,D3_D-Glucosaminic_Acid,11
2.75,D3_D-Glucosaminic_Acid,11
3.0,D3_D-Glucosaminic_Acid,11
3.25,D3_D-Glucosaminic_Acid,11
3.5,D3_D-Glucosaminic_Acid,11
3.75,D3_D-Glucosaminic_Acid,11
4.0,D3_D-Glucosaminic_Acid,11
4.25,D3_D-Glucosaminic_Acid,11
4.5,D3_D-Glucosaminic_Acid,11
4.75,D3_D-Glucosaminic_Acid,11
5.0,D3_D-Glucosaminic_Acid,11
5.25,D3_D-Glucosaminic_Acid,11
5.5,D3_D-Glucosaminic_Acid,11
5.75,D3_D-Glucosaminic_Acid,11
6.0,D3_D-Glucosaminic_Acid,11
6.25,D3_D-Glucosaminic_Acid,11
6.5,D3_D-Glucosaminic_Acid,11
6.75,D3_D-Glucosaminic_Acid,11
7.0,D3_D-Glucosaminic_Acid,11
7.25,D3_D-Glucosaminic_Acid,11
7.5,D3_D-Glucosaminic_Acid,11
7.75,D3_D-Glucosaminic_Acid,11
8.0,D3_D-Glucosaminic_Acid,11
8.25,D3_D-Glucosaminic_Acid,11
8.5,D3_D-Glucosaminic_Acid,11
8.75,D3_D-Glucosaminic_Acid,11
9.0,D3_D-Glucosaminic_Acid,11
9.25,D3_D-Glucosaminic_Acid,11
9.5,D3_D-Glucosaminic_Acid,11
9.75,D3_D-Glucosaminic_Acid,11
10.0,D3_D-Glucosaminic_Acid,11
10.25,D3_D-Glucosaminic_Acid,11
10.5,D3_D-Glucosaminic_Acid,11
10.75,D3_D-Glucosaminic_Acid,11
11.0,D3_D-Glucosaminic_Acid,11
11.25,D3_D-Glucosaminic_Acid,11
11.5,D3_D-Glucosaminic_Acid,11
11.75,D3_D-Glucosaminic_Acid,11
12.0,D3_D-Glucosaminic_Acid,11
12.25,D3_D-Glucosaminic_Acid,11
12.5,D3_D-Glucosaminic_Acid,11
12.75,D3_D-Glucosaminic_Acid,11
13.0,D3_D-Glucosaminic_Acid,12
13.25,D3_D-Glucosaminic_Acid,12
13.5,D3_D-Glucosaminic_Acid,11
13.75,D3_D-Glucosaminic_Acid,12
14.0,D3_D-Glucosaminic_Acid,11
14.25,D3_D-Glucosaminic_Acid,12
14.5,D3_D-Glucosaminic_Acid,13
14.75,D3_D-Glucosaminic_Acid,13
15.0,D3_D-Glucosaminic_Acid,11
15.25,D3_D-Glucosaminic_Acid,13
15.5,D3_D-Glucosaminic_Acid,13
15.75,D3_D-Glucosaminic_Acid,15
16.0,D3_D-Glucosaminic_Acid,11
16.25,D3_D-Glucosaminic_Acid,11
16.5,D3_D-Glucosaminic_Acid,12
16.75,D3_D-Glucosaminic_Acid,12
17.0,D3_D-Glucosaminic_Acid,17
17.25,D3_D-Glucosaminic_Acid,14
17.5,D3_D-Glucosaminic_Acid,11
17.75,D3_D-Glucosaminic_Acid,13
18.0,D3_D-Glucosaminic_Acid,14
18.25,D3_D-Glucosaminic_Acid,16
18.5,D3_D-Glucosaminic_Acid,13
18.75,D3_D-Glucosaminic_Acid,17
19.0,D3_D-Glucosaminic_Acid,16
19.25,D3_D-Glucosaminic_Acid,17
19.5,D3_D-Glucosaminic_Acid,18
19.75,D3_D-Glucosaminic_Acid,18
20.0,D3_D-Glucosaminic_Acid,18
20.25,D3_D-Glucosaminic_Acid,20
20.5,D3_D-Glucosaminic_Acid,20
20.75,D3_D-Glucosaminic_Acid,23
21.0,D3_D-Glucosaminic_Acid,22
21.25,D3_D-Glucosaminic_Acid,20
21.5,D3_D-Glucosaminic_Acid,20
21.75,D3_D-Glucosaminic_Acid,23
22.0,D3_D-Glucosaminic_Acid,21
22.25,D3_D-Glucosaminic_Acid,23
22.5,D3_D-Glucosaminic_Acid,20
22.75,D3_D-Glucosaminic_Acid,22
23.0,D3_D-Glucosaminic_Acid,21
23.25,D3_D-Glucosaminic_Acid,20
23.5,D3_D-Glucosaminic_Acid,28
23.75,D3_D-Glucosaminic_Acid,26
24.0,D3_D-Glucosaminic_Acid,27
24.25,D3_D-Glucosaminic_Acid,25
24.5,D3_D-Glucosaminic_Acid,26
24.75,D3_D-Glucosaminic_Acid,27
25.0,D3_D-Glucosaminic_Acid,25
25.25,D3_D-Glucosaminic_Acid,30
25.5,D3_D-Glucosaminic_Acid,27
25.75,D3_D-Glucosaminic_Acid,25
26.0,D3_D-Glucosaminic_Acid,30
26.25,D3_D-Glucosaminic_Acid,27
26.5,D3_D-Glucosaminic_Acid,29
26.75,D3_D-Glucosaminic_Acid,30
27.0,D3_D-Glucosaminic_Acid,28
27.25,D3_D-Glucosaminic_Acid,32
27.5,D3_D-Glucosaminic_Acid,32
27.75,D3_D-Glucosaminic_Acid,35
28.0,D3_D-Glucosaminic_Acid,33
28.25,D3_D-Glucosaminic_Acid,34
28.5,D3_D-Glucosaminic_Acid,34
28.75,D3_D-Glucosaminic_Acid,35
29.0,D3_D-Glucosaminic_Acid,35
29.25,D3_D-Glucosaminic_Acid,36
29.5,D3_D-Glucosaminic_Acid,35
29.75,D3_D-Glucosaminic_Acid,38
30.0,D3_D-Glucosaminic_Acid,37
30.25,D3_D-Glucosaminic_Acid,34
30.5,D3_D-Glucosaminic_Acid,36
30.75,D3_D-Glucosaminic_Acid,38
31.0,D3_D-Glucosaminic_Acid,35
31.25,D3_D-Glucosaminic_Acid,41
31.5,D3_D-Glucosaminic_Acid,41
31.75,D3_D-Glucosaminic_Acid,45
32.0,D3_D-Glucosaminic_Acid,39
32.25,D3_D-Glucosaminic_Acid,40
32.5,D3_D-Glucosaminic_Acid,41
32.75,D3_D-Glucosaminic_Acid,40
33.0,D3_D-Glucosaminic_Acid,46
33.25,D3_D-Glucosaminic_Acid,41
33.5,D3_D-Glucosaminic_Acid,43
33.75,D3_D-Glucosaminic_Acid,41
34.0,D3_D-Glucosaminic_Acid,42
34.25,D3_D-Glucosaminic_Acid,44
34.5,D3_D-Glucosaminic_Acid,49
34.75,D3_D-Glucosaminic_Acid,43
35.0,D3_D-Glucosaminic_Acid,45
35.25,D3_D-Glucosaminic_Acid,47
35.5,D3_D-Glucosaminic_Acid,45
35.75,D3_D-Glucosaminic_Acid,48
36.0,D3_D-Glucosaminic_Acid,49
36.25,D3_D-Glucosaminic_Acid,45
36.5,D3_D-Glucosaminic_Acid,52
36.75,D3_D-Glucosaminic_Acid,47
37.0,D3_D-Glucosaminic_Acid,45
37.25,D3_D-Glucosaminic_Acid,54
37.5,D3_D-Glucosaminic_Acid,51
37.75,D3_D-Glucosaminic_Acid,53
38.0,D3_D-Glucosaminic_Acid,54
38.25,D3_D-Glucosaminic_Acid,56
38.5,D3_D-Glucosaminic_Acid,53
38.75,D3_D-Glucosaminic_Acid,52
39.0,D3_D-Glucosaminic_Acid,58
39.25,D3_D-Glucosaminic_Acid,56
39.5,D3_D-Glucosaminic_Acid,56
39.75,D3_D-Glucosaminic_Acid,53
40.0,D3_D-Glucosaminic_Acid,61
40.25,D3_D-Glucosaminic_Acid,59
40.5,D3_D-Glucosaminic_Acid,58
40.75,D3_D-Glucosaminic_Acid,63
41.0,D3_D-Glucosaminic_Acid,60
41.25,D3_D-Glucosaminic_Acid,56
41.5,D3_D-Glucosaminic_Acid,62
41.75,D3_D-Glucosaminic_Acid,62
42.0,D3_D-Glucosaminic_Acid,61
42.25,D3_D-Glucosaminic_Acid,64
42.5,D3_D-Glucosaminic_Acid,68
42.75,D3_D-Glucosaminic_Acid,66
43.0,D3_D-Glucosaminic_Acid,64
43.25,D3_D-Glucosaminic_Acid,65
43.5,D3_D-Glucosaminic_Acid,68
43.75,D3_D-Glucosaminic_Acid,69
44.0,D3_D-Glucosaminic_Acid,67
44.25,D3_D-Glucosaminic_Acid,64
44.5,D3_D-Glucosaminic_Acid,68
44.75,D3_D-Glucosaminic_Acid,66
45.0,D3_D-Glucosaminic_Acid,70
45.25,D3_D-Glucosaminic_Acid,73
45.5,D3_D-Glucosaminic_Acid,69
45.75,D3_D-Glucosaminic_Acid,75
46.0,D3_D-Glucosaminic_Acid,71
46.25,D3_D-Glucosaminic_Acid,73
46.5,D3_D-Glucosaminic_Acid,76
46.75,D3_D-Glucosaminic_Acid,74
47.0,D3_D-Glucosaminic_Acid,76
47.25,D3_D-Glucosaminic_Acid,74
47.5,D3_D-Glucosaminic_Acid,76
47.75,D3_D-Glucosaminic_Acid,76
48.0,D3_D-Glucosaminic_Acid,74
48.25,D3_D-Glucosaminic_Acid,79
0.0,D4_1-2-Propanediol,11
0.25,D4_1-2-Propanediol,11
0.5,D4_1-2-Propanediol,11
0.75,D4_1-2-Propanediol,11
1.0,D4_1-2-Propanediol,11
1.25,D4_1-2-Propanediol,11
1.5,D4_1-2-Propanediol,11
1.75,D4_1-2-Propanediol,11
2.0,D4_1-2-Propanediol,11
2.25,D4_1-2-Propanediol,11
2.5,D4_1-2-Propanediol,11
2.75,D4_1-2-Propanediol,11
3.0,D4_1-2-Propanediol,11
3.25,D4_1-2-Propanediol,11
3.5,D4_1-2-Propanediol,11
3.75,D4_1-2-Propanediol,11
4.0,D4_1-2-Propanediol,11
4.25,D4_1-2-Propanediol,11
4.5,D4_1-2-Propanediol,11
4.75,D4_1-2-Propanediol,11
5.0,D4_1-2-Propanediol,11
5.25,D4_1-2-Propanediol,11
5.5,D4_1-2-Propanediol,11
5.75,D4_1-2-Propanediol,11
6.0,D4_1-2-Propanediol,11
6.25,D4_1-2-Propanediol,11
6.5,D4_1-2-Propanediol,11
6.75,D4_1-2-Propanediol,11
7.0,D4_1-2-Propanediol,11
7.25,D4_1-2-Propanediol,11
7.5,D4_1-2-Propanediol,11
7.75,D4_1-2-Propanediol,11
8.0,D4_1-2-Propanediol,11
8.25,D4_1-2-Propanediol,11
8.5,D4_1-2-Propanediol,11
8.75,D4_1-2-Propanediol,11
9.0,D4_1-2-Propanediol,11
9.25,D4_1-2-Propanediol,11
9.5,D4_1-2-Propanediol,11
9.75,D4_1-2-Propanediol,11
10.0,D4_1-2-Propanediol,11
10.25,D4_1-2-Propanediol,11
10.5,D4_1-2-Propanediol,11
10.75,D4_1-2-Propanediol,11
11.0,D4_1-2-Propanediol,11
11.25,D4_1-2-Propanediol,11
11.5,D4_1-2-Propanediol,11
11.75,D4_1-2-Propanediol,11
12.0,D4_1-2-Propanediol,11
12.25,D4_1-2-Propanediol,11
12.5,D4_1-2-Propanediol,11
12.75,D4_1-2-Propanediol,11
13.0,D4_1-2-Propanediol,11
13.25,D4_1-2-Propanediol,11
13.5,D4_1-2-Propanediol,11
13.75,D4_1-2-Propanediol,11
14.0,D4_1-2-Propanediol,11
14.25,D4_1-2-Propanediol,11
14.5,D4_1-2-Propanediol,11
14.75,D4_1-2-Propanediol,11
15.0,D4_1-2-Propanediol,11
15.25,D4_1-2-Propanediol,11
15.5,D4_1-2-Propanediol,11
15.75,D4_1-2-Propanediol,11
16.0,D4_1-2-Propanediol,11
16.25,D4_1-2-Propanediol,11
16.5,D4_1-2-Propanediol,11
16.75,D4_1-2-Propanediol,11
17.0,D4_1-2-Propanediol,11
17.25,D4_1-2-Propanediol,15
17.5,D4_1-2-Propanediol,11
17.75,D4_1-2-Propanediol,11
18.0,D4_1-2-Propanediol,11
18.25,D4_1-2-Propanediol,11
18.5,D4_1-2-Propanediol,12
18.75,D4_1-2-Propanediol,11
19.0,D4_1-2-Propanediol,11
19.25,D4_1-2-Propanediol,13
19.5,D4_1-2-Propanediol,11
19.75,D4_1-2-Propanediol,11
20.0,D4_1-2-Propanediol,13
20.25,D4_1-2-Propanediol,13
20.5,D4_1-2-Propanediol,13
20.75,D4_1-2-Propanediol,11
21.0,D4_1-2-Propanediol,14
21.25,D4_1-2-Propanediol,13
21.5,D4_1-2-Propanediol,13
21.75,D4_1-2-Propanediol,14
22.0,D4_1-2-Propanediol,15
22.25,D4_1-2-Propanediol,15
22.5,D4_1-2-Propanediol,15
22.75,D4_1-2-Propanediol,14
23.0,D4_1-2-Propanediol,14
23.25,D4_1-2-Propanediol,12
23.5,D4_1-2-Propanediol,16
23.75,D4_1-2-Propanediol,18
24.0,D4_1-2-Propanediol,15
24.25,D4_1-2-Propanediol,14
24.5,D4_1-2-Propanediol,14
24.75,D4_1-2-Propanediol,12
25.0,D4_1-2-Propanediol,16
25.25,D4_1-2-Propanediol,16
25.5,D4_1-2-Propanediol,19
25.75,D4_1-2-Propanediol,13
26.0,D4_1-2-Propanediol,14
26.25,D4_1-2-Propanediol,14
26.5,D4_1-2-Propanediol,14
26.75,D4_1-2-Propanediol,18
27.0,D4_1-2-Propanediol,15
27.25,D4_1-2-Propanediol,18
27.5,D4_1-2-Propanediol,16
27.75,D4_1-2-Propanediol,14
28.0,D4_1-2-Propanediol,16
28.25,D4_1-2-Propanediol,16
28.5,D4_1-2-Propanediol,16
28.75,D4_1-2-Propanediol,18
29.0,D4_1-2-Propanediol,13
29.25,D4_1-2-Propanediol,15
29.5,D4_1-2-Propanediol,14
29.75,D4_1-2-Propanediol,17
30.0,D4_1-2-Propanediol,15
30.25,D4_1-2-Propanediol,12
30.5,D4_1-2-Propanediol,15
30.75,D4_1-2-Propanediol,15
31.0,D4_1-2-Propanediol,17
31.25,D4_1-2-Propanediol,18
31.5,D4_1-2-Propanediol,18
31.75,D4_1-2-Propanediol,17
32.0,D4_1-2-Propanediol,18
32.25,D4_1-2-Propanediol,17
32.5,D4_1-2-Propanediol,15
32.75,D4_1-2-Propanediol,16
33.0,D4_1-2-Propanediol,17
33.25,D4_1-2-Propanediol,15
33.5,D4_1-2-Propanediol,17
33.75,D4_1-2-Propanediol,17
34.0,D4_1-2-Propanediol,18
34.25,D4_1-2-Propanediol,14
34.5,D4_1-2-Propanediol,14
34.75,D4_1-2-Propanediol,14
35.0,D4_1-2-Propanediol,16
35.25,D4_1-2-Propanediol,14
35.5,D4_1-2-Propanediol,18
35.75,D4_1-2-Propanediol,17
36.0,D4_1-2-Propanediol,12
36.25,D4_1-2-Propanediol,17
36.5,D4_1-2-Propanediol,13
36.75,D4_1-2-Propanediol,19
37.0,D4_1-2-Propanediol,11
37.25,D4_1-2-Propanediol,15
37.5,D4_1-2-Propanediol,18
37.75,D4_1-2-Propanediol,16
38.0,D4_1-2-Propanediol,15
38.25,D4_1-2-Propanediol,13
38.5,D4_1-2-Propanediol,17
38.75,D4_1-2-Propanediol,17
39.0,D4_1-2-Propanediol,14
39.25,D4_1-2-Propanediol,12
39.5,D4_1-2-Propanediol,13
39.75,D4_1-2-Propanediol,14
40.0,D4_1-2-Propanediol,16
40.25,D4_1-2-Propanediol,15
40.5,D4_1-2-Propanediol,17
40.75,D4_1-2-Propanediol,16
41.0,D4_1-2-Propanediol,19
41.25,D4_1-2-Propanediol,15
41.5,D4_1-2-Propanediol,18
41.75,D4_1-2-Propanediol,21
42.0,D4_1-2-Propanediol,16
42.25,D4_1-2-Propanediol,16
42.5,D4_1-2-Propanediol,18
42.75,D4_1-2-Propanediol,16
43.0,D4_1-2-Propanediol,20
43.25,D4_1-2-Propanediol,16
43.5,D4_1-2-Propanediol,14
43.75,D4_1-2-Propanediol,16
44.0,D4_1-2-Propanediol,15
44.25,D4_1-2-Propanediol,15
44.5,D4_1-2-Propanediol,14
44.75,D4_1-2-Propanediol,15
45.0,D4_1-2-Propanediol,17
45.25,D4_1-2-Propanediol,16
45.5,D4_1-2-Propanediol,19
45.75,D4_1-2-Propanediol,22
46.0,D4_1-2-Propanediol,15
46.25,D4_1-2-Propanediol,15
46.5,D4_1-2-Propanediol,17
46.75,D4_1-2-Propanediol,21
47.0,D4_1-2-Propanediol,18
47.25,D4_1-2-Propanediol,16
47.5,D4_1-2-Propanediol,18
47.75,D4_1-2-Propanediol,16
48.0,D4_1-2-Propanediol,14
48.25,D4_1-2-Propanediol,19
0.0,D5_Tween_40,11
0.25,D5_Tween_40,11
0.5,D5_Tween_40,11
0.75,D5_Tween_40,11
1.0,D5_Tween_40,11
1.25,D5_Tween_40,11
1.5,D5_Tween_40,11
1.75,D5_Tween_40,11
2.0,D5_Tween_40,11
2.25,D5_Tween_40,11
2.5,D5_Tween_40,11
2.75,D5_Tween_40,11
3.0,D5_Tween_40,11
3.25,D5_Tween_40,11
3.5,D5_Tween_40,11
3.75,D5_Tween_40,11
4.0,D5_Tween_40,11
4.25,D5_Tween_40,11
4.5,D5_Tween_40,11
4.75,D5_Tween_40,11
5.0,D5_Tween_40,11
5.25,D5_Tween_40,11
5.5,D5_Tween_40,11
5.75,D5_Tween_40,11
6.0,D5_Tween_40,11
6.25,D5_Tween_40,11
6.5,D5_Tween_40,11
6.75,D5_Tween_40,11
7.0,D5_Tween_40,11
7.25,D5_Tween_40,11
7.5,D5_Tween_40,11
7.75,D5_Tween_40,11
8.0,D5_Tween_40,11
8.25,D5_Tween_40,11
8.5,D5_Tween_40,11
8.75,D5_Tween_40,11
9.0,D5_Tween_40,11
9.25,D5_Tween_40,11
9.5,D5_Tween_40,11
9.75,D5_Tween_40,11
10.0,D5_Tween_40,11
10.25,D5_Tween_40,11
10.5,D5_Tween_40,11
10.75,D5_Tween_40,11
11.0,D5_Tween_40,11
11.25,D5_Tween_40,11
11.5,D5_Tween_40,11
11.75,D5_Tween_40,11
12.0,D5_Tween_40,11
12.25,D5_Tween_40,11
12.5,D5_Tween_40,11
12.75,D5_Tween_40,11
13.0,D5_Tween_40,11
13.25,D5_Tween_40,11
13.5,D5_Tween_40,11
13.75,D5_Tween_40,11
14.0,D5_Tween_40,11
14.25,D5_Tween_40,11
14.5,D5_Tween_40,11
14.75,D5_Tween_40,11
15.0,D5_Tween_40,11
15.25,D5_Tween_40,11
15.5,D5_Tween_40,11
15.75,D5_Tween_40,11
16.0,D5_Tween_40,11
16.25,D5_Tween_40,11
16.5,D5_Tween_40,11
16.75,D5_Tween_40,11
17.0,D5_Tween_40,11
17.25,D5_Tween_40,11
17.5,D5_Tween_40,11
17.75,D5_Tween_40,11
18.0,D5_Tween_40,11
18.25,D5_Tween_40,11
18.5,D5_Tween_40,11
18.75,D5_Tween_40,11
19.0,D5_Tween_40,11
19.25,D5_Tween_40,11
19.5,D5_Tween_40,11
19.75,D5_Tween_40,11
20.0,D5_Tween_40,11
20.25,D5_Tween_40,12
20.5,D5_Tween_40,11
20.75,D5_Tween_40,12
21.0,D5_Tween_40,16
21.25,D5_Tween_40,12
21.5,D5_Tween_40,13
21.75,D5_Tween_40,14
22.0,D5_Tween_40,11
22.25,D5_Tween_40,15
22.5,D5_Tween_40,17
22.75,D5_Tween_40,16
23.0,D5_Tween_40,13
23.25,D5_Tween_40,16
23.5,D5_Tween_40,17
23.75,D5_Tween_40,16
24.0,D5_Tween_40,18
24.25,D5_Tween_40,18
24.5,D5_Tween_40,17
24.75,D5_Tween_40,18
25.0,D5_Tween_40,19
25.25,D5_Tween_40,16
25.5,D5_Tween_40,19
25.75,D5_Tween_40,16
26.0,D5_Tween_40,15
26.25,D5_Tween_40,18
26.5,D5_Tween_40,16
26.75,D5_Tween_40,21
27.0,D5_Tween_40,20
27.25,D5_Tween_40,20
27.5,D5_Tween_40,21
27.75,D5_Tween_40,17
28.0,D5_Tween_40,23
28.25,D5_Tween_40,18
28.5,D5_Tween_40,21
28.75,D5_Tween_40,19
29.0,D5_Tween_40,21
29.25,D5_Tween_40,25
29.5,D5_Tween_40,21
29.75,D5_Tween_40,22
30.0,D5_Tween_40,22
30.25,D5_Tween_40,18
30.5,D5_Tween_40,23
30.75,D5_Tween_40,24
31.0,D5_Tween_40,20
31.25,D5_Tween_40,23
31.5,D5_Tween_40,24
31.75,D5_Tween_40,26
32.0,D5_Tween_40,22
32.25,D5_Tween_40,28
32.5,D5_Tween_40,28
32.75,D5_Tween_40,24
33.0,D5_Tween_40,27
33.25,D5_Tween_40,25
33.5,D5_Tween_40,28
33.75,D5_Tween_40,29
34.0,D5_Tween_40,32
34.25,D5_Tween_40,29
34.5,D5_Tween_40,24
34.75,D5_Tween_40,27
35.0,D5_Tween_40,28
35.25,D5_Tween_40,26
35.5,D5_Tween_40,31
35.75,D5_Tween_40,34
36.0,D5_Tween_40,27
36.25,D5_Tween_40,27
36.5,D5_Tween_40,29
36.75,D5_Tween_40,30
37.0,D5_Tween_40,32
37.25,D5_Tween_40,32
37.5,D5_Tween_40,35
37.75,D5_Tween_40,33
38.0,D5_Tween_40,32
38.25,D5_Tween_40,37
38.5,D5_Tween_40,36
38.75,D5_Tween_40,36
39.0,D5_Tween_40,40
39.25,D5_Tween_40,34
39.5,D5_Tween_40,38
39.75,D5_Tween_40,40
40.0,D5_Tween_40,38
40.25,D5_Tween_40,37
40.5,D5_Tween_40,42
40.75,D5_Tween_40,37
41.0,D5_Tween_40,40
41.25,D5_Tween_40,41
41.5,D5_Tween_40,41
41.75,D5_Tween_40,45
42.0,D5_Tween_40,43
42.25,D5_Tween_40,43
42.5,D5_Tween_40,48
42.75,D5_Tween_40,47
43.0,D5_Tween_40,39
43.25,D5_Tween_40,46
43.5,D5_Tween_40,44
43.75,D5_Tween_40,48
44.0,D5_Tween_40,50
44.25,D5_Tween_40,43
44.5,D5_Tween_40,52
44.75,D5_Tween_40,50
45.0,D5_Tween_40,48
45.25,D5_Tween_40,49
45.5,D5_Tween_40,49
45.75,D5_Tween_40,47
46.0,D5_Tween_40,52
46.25,D5_Tween_40,52
46.5,D5_Tween_40,49
46.75,D5_Tween_40,52
47.0,D5_Tween_40,52
47.25,D5_Tween_40,56
47.5,D5_Tween_40,57
47.75,D5_Tween_40,48
48.0,D5_Tween_40,52
48.25,D5_Tween_40,52
0.0,D6_a-Keto-Glutaric_Acid,11
0.25,D6_a-Keto-Glutaric_Acid,11
0.5,D6_a-Keto-Glutaric_Acid,11
0.75,D6_a-Keto-Glutaric_Acid,11
1.0,D6_a-Keto-Glutaric_Acid,11
1.25,D6_a-Keto-Glutaric_Acid,11
1.5,D6_a-Keto-Glutaric_Acid,11
1.75,D6_a-Keto-Glutaric_Acid,11
2.0,D6_a-Keto-Glutaric_Acid,11
2.25,D6_a-Keto-Glutaric_Acid,11
2.5,D6_a-Keto-Glutaric_Acid,11
2.75,D6_a-Keto-Glutaric_Acid,11
3.0,D6_a-Keto-Glutaric_Acid,11
3.25,D6_a-Keto-Glutaric_Acid,11
3.5,D6_a-Keto-Glutaric_Acid,11
3.75,D6_a-Keto-Glutaric_Acid,11
4.0,D6_a-Keto-Glutaric_Acid,11
4.25,D6_a-Keto-Glutaric_Acid,11
4.5,D6_a-Keto-Glutaric_Acid,11
4.75,D6_a-Keto-Glutaric_Acid,11
5.0,D6_a-Keto-Glutaric_Acid,11
5.25,D6_a-Keto-Glutaric_Acid,11
5.5,D6_a-Keto-Glutaric_Acid,11
5.75,D6_a-Keto-Glutaric_Acid,11
6.0,D6_a-Keto-Glutaric_Acid,11
6.25,D6_a-Keto-Glutaric_Acid,11
6.5,D6_a-Keto-Glutaric_Acid,11
6.75,D6_a-Keto-Glutaric_Acid,11
7.0,D6_a-Keto-Glutaric_Acid,11
7.25,D6_a-Keto-Glutaric_Acid,11
7.5,D6_a-Keto-Glutaric_Acid,11
7.75,D6_a-Keto-Glutaric_Acid,11
8.0,D6_a-Keto-Glutaric_Acid,11
8.25,D6_a-Keto-Glutaric_Acid,11
8.5,D6_a-Keto-Glutaric_Acid,11
8.75,D6_a-Keto-Glutaric_Acid,11
9.0,D6_a-Keto-Glutaric_Acid,11
9.25,D6_a-Keto-Glutaric_Acid,11
9.5,D6_a-Keto-Glutaric_Acid,11
9.75,D6_a-Keto-Glutaric_Acid,11
10.0,D6_a-Keto-Glutaric_Acid,11
10.25,D6_a-Keto-Glutaric_Acid,11
10.5,D6_a-Keto-Glutaric_Acid,11
10.75,D6_a-Keto-Glutaric_Acid,11
11.0,D6_a-Keto-Glutaric_Acid,11
11.25,D6_a-Keto-Glutaric_Acid,11
11.5,D6_a-Keto-Glutaric_Acid,11
11.75,D6_a-Keto-Glutaric_Acid,11
12.0,D6_a-Keto-Glutaric_Acid,11
12.25,D6_a-Keto-Glutaric_Acid,11
12.5,D6_a-Keto-Glutaric_Acid,11
12.75,D6_a-Keto-Glutaric_Acid,11
13.0,D6_a-Keto-Glutaric_Acid,11
13.25,D6_a-Keto-Glutaric_Acid,11
13.5,D6_a-Keto-Glutaric_Acid,11
13.75,D6_a-Keto-Glutaric_Acid,11
14.0,D6_a-Keto-Glutaric_Acid,11
14.25,D6_a-Keto-Glutaric_Acid,11
14.5,D6_a-Keto-Glutaric_Acid,11
14.75,D6_a-Keto-Glutaric_Acid,12
15.0,D6_a-Keto-Glutaric_Acid,11
15.25,D6_a-Keto-Glutaric_Acid,11
15.5,D6_a-Keto-Glutaric_Acid,11
15.75,D6_a-Keto-Glutaric_Acid,12
16.0,D6_a-Keto-Glutaric_Acid,11
16.25,D6_a-Keto-Glutaric_Acid,11
16.5,D6_a-Keto-Glutaric_Acid,11
16.75,D6_a-Keto-Glutaric_Acid,12
17.0,D6_a-Keto-Glutaric_Acid,12
17.25,D6_a-Keto-Glutaric_Acid,13
17.5,D6_a-Keto-Glutaric_Acid,14
17.75,D6_a-Keto-Glutaric_Acid,13
18.0,D6_a-Keto-Glutaric_Acid,11
18.25,D6_a-Keto-Glutaric_Acid,11
18.5,D6_a-Keto-Glutaric_Acid,12
18.75,D6_a-Keto-Glutaric_Acid,13
19.0,D6_a-Keto-Glutaric_Acid,11
19.25,D6_a-Keto-Glutaric_Acid,16
19.5,D6_a-Keto-Glutaric_Acid,11
19.75,D6_a-Keto-Glutaric_Acid,11
20.0,D6_a-Keto-Glutaric_Acid,11
20.25,D6_a-Keto-Glutaric_Acid,15
20.5,D6_a-Keto-Glutaric_Acid,15
20.75,D6_a-Keto-Glutaric_Acid,12
21.0,D6_a-Keto-Glutaric_Acid,14
21.25,D6_a-Keto-Glutaric_Acid,17
21.5,D6_a-Keto-Glutaric_Acid,11
21.75,D6_a-Keto-Glutaric_Acid,17
22.0,D6_a-Keto-Glutaric_Acid,14
22.25,D6_a-Keto-Glutaric_Acid,14
22.5,D6_a-Keto-Glutaric_Acid,20
22.75,D6_a-Keto-Glutaric_Acid,18
23.0,D6_a-Keto-Glutaric_Acid,18
23.25,D6_a-Keto-Glutaric_Acid,22
23.5,D6_a-Keto-Glutaric_Acid,18
23.75,D6_a-Keto-Glutaric_Acid,20
24.0,D6_a-Keto-Glutaric_Acid,17
24.25,D6_a-Keto-Glutaric_Acid,17
24.5,D6_a-Keto-Glutaric_Acid,22
24.75,D6_a-Keto-Glutaric_Acid,17
25.0,D6_a-Keto-Glutaric_Acid,22
25.25,D6_a-Keto-Glutaric_Acid,21
25.5,D6_a-Keto-Glutaric_Acid,17
25.75,D6_a-Keto-Glutaric_Acid,21
26.0,D6_a-Keto-Glutaric_Acid,24
26.25,D6_a-Keto-Glutaric_Acid,22
26.5,D6_a-Keto-Glutaric_Acid,21
26.75,D6_a-Keto-Glutaric_Acid,21
27.0,D6_a-Keto-Glutaric_Acid,20
27.25,D6_a-Keto-Glutaric_Acid,22
27.5,D6_a-Keto-Glutaric_Acid,23
27.75,D6_a-Keto-Glutaric_Acid,19
28.0,D6_a-Keto-Glutaric_Acid,24
28.25,D6_a-Keto-Glutaric_Acid,21
28.5,D6_a-Keto-Glutaric_Acid,26
28.75,D6_a-Keto-Glutaric_Acid,27
29.0,D6_a-Keto-Glutaric_Acid,25
29.25,D6_a-Keto-Glutaric_Acid,27
29.5,D6_a-Keto-Glutaric_Acid,25
29.75,D6_a-Keto-Glutaric_Acid,24
30.0,D6_a-Keto-Glutaric_Acid,25
30.25,D6_a-Keto-Glutaric_Acid,26
30.5,D6_a-Keto-Glutaric_Acid,22
30.75,D6_a-Keto-Glutaric_Acid,26
31.0,D6_a-Keto-Glutaric_Acid,27
31.25,D6_a-Keto-Glutaric_Acid,28
31.5,D6_a-Keto-Glutaric_Acid,26
31.75,D6_a-Keto-Glutaric_Acid,31
32.0,D6_a-Keto-Glutaric_Acid,30
32.25,D6_a-Keto-Glutaric_Acid,33
32.5,D6_a-Keto-Glutaric_Acid,29
32.75,D6_a-Keto-Glutaric_Acid,26
33.0,D6_a-Keto-Glutaric_Acid,24
33.25,D6_a-Keto-Glutaric_Acid,27
33.5,D6_a-Keto-Glutaric_Acid,36
33.75,D6_a-Keto-Glutaric_Acid,33
34.0,D6_a-Keto-Glutaric_Acid,29
34.25,D6_a-Keto-Glutaric_Acid,29
34.5,D6_a-Keto-Glutaric_Acid,29
34.75,D6_a-Keto-Glutaric_Acid,30
35.0,D6_a-Keto-Glutaric_Acid,34
35.25,D6_a-Keto-Glutaric_Acid,32
35.5,D6_a-Keto-Glutaric_Acid,36
35.75,D6_a-Keto-Glutaric_Acid,32
36.0,D6_a-Keto-Glutaric_Acid,34
36.25,D6_a-Keto-Glutaric_Acid,31
36.5,D6_a-Keto-Glutaric_Acid,37
36.75,D6_a-Keto-Glutaric_Acid,32
37.0,D6_a-Keto-Glutaric_Acid,33
37.25,D6_a-Keto-Glutaric_Acid,37
37.5,D6_a-Keto-Glutaric_Acid,35
37.75,D6_a-Keto-Glutaric_Acid,38
38.0,D6_a-Keto-Glutaric_Acid,35
38.25,D6_a-Keto-Glutaric_Acid,36
38.5,D6_a-Keto-Glutaric_Acid,37
38.75,D6_a-Keto-Glutaric_Acid,33
39.0,D6_a-Keto-Glutaric_Acid,35
39.25,D6_a-Keto-Glutaric_Acid,35
39.5,D6_a-Keto-Glutaric_Acid,38
39.75,D6_a-Keto-Glutaric_Acid,36
40.0,D6_a-Keto-Glutaric_Acid,39
40.25,D6_a-Keto-Glutaric_Acid,38
40.5,D6_a-Keto-Glutaric_Acid,36
40.75,D6_a-Keto-Glutaric_Acid,41
41.0,D6_a-Keto-Glutaric_Acid,41
41.25,D6_a-Keto-Glutaric_Acid,40
41.5,D6_a-Keto-Glutaric_Acid,41
41.75,D6_a-Keto-Glutaric_Acid,43
42.0,D6_a-Keto-Glutaric_Acid,42
42.25,D6_a-Keto-Glutaric_Acid,48
42.5,D6_a-Keto-Glutaric_Acid,47
42.75,D6_a-Keto-Glutaric_Acid,44
43.0,D6_a-Keto-Glutaric_Acid,44
43.25,D6_a-Keto-Glutaric_Acid,46
43.5,D6_a-Keto-Glutaric_Acid,44
43.75,D6_a-Keto-Glutaric_Acid,46
44.0,D6_a-Keto-Glutaric_Acid,46
44.25,D6_a-Keto-Glutaric_Acid,43
44.5,D6_a-Keto-Glutaric_Acid,42
44.75,D6_a-Keto-Glutaric_Acid,44
45.0,D6_a-Keto-Glutaric_Acid,47
45.25,D6_a-Keto-Glutaric_Acid,51
45.5,D6_a-Keto-Glutaric_Acid,45
45.75,D6_a-Keto-Glutaric_Acid,49
46.0,D6_a-Keto-Glutaric_Acid,50
46.25,D6_a-Keto-Glutaric_Acid,47
46.5,D6_a-Keto-Glutaric_Acid,50
46.75,D6_a-Keto-Glutaric_Acid,46
47.0,D6_a-Keto-Glutaric_Acid,48
47.25,D6_a-Keto-Glutaric_Acid,48
47.5,D6_a-Keto-Glutaric_Acid,52
47.75,D6_a-Keto-Glutaric_Acid,52
48.0,D6_a-Keto-Glutaric_Acid,48
48.25,D6_a-Keto-Glutaric_Acid,53
0.0,D7_a-Keto-Butyric_Acid,11
0.25,D7_a-Keto-Butyric_Acid,11
0.5,D7_a-Keto-Butyric_Acid,11
0.75,D7_a-Keto-Butyric_Acid,11
1.0,D7_a-Keto-Butyric_Acid,11
1.25,D7_a-Keto-Butyric_Acid,11
1.5,D7_a-Keto-Butyric_Acid,11
1.75,D7_a-Keto-Butyric_Acid,11
2.0,D7_a-Keto-Butyric_Acid,11
2.25,D7_a-Keto-Butyric_Acid,11
2.5,D7_a-Keto-Butyric_Acid,11
2.75,D7_a-Keto-Butyric_Acid,11
3.0,D7_a-Keto-Butyric_Acid,11
3.25,D7_a-Keto-Butyric_Acid,11
3.5,D7_a-Keto-Butyric_Acid,11
3.75,D7_a-Keto-Butyric_Acid,11
4.0,D7_a-Keto-Butyric_Acid,11
4.25,D7_a-Keto-Butyric_Acid,11
4.5,D7_a-Keto-Butyric_Acid,11
4.75,D7_a-Keto-Butyric_Acid,11
5.0,D7_a-Keto-Butyric_Acid,11
5.25,D7_a-Keto-Butyric_Acid,11
5.5,D7_a-Keto-Butyric_Acid,11
5.75,D7_a-Keto-Butyric_Acid,11
6.0,D7_a-Keto-Butyric_Acid,11
6.25,D7_a-Keto-Butyric_Acid,11
6.5,D7_a-Keto-Butyric_Acid,11
6.75,D7_a-Keto-Butyric_Acid,11
7.0,D7_a-Keto-Butyric_Acid,11
7.25,D7_a-Keto-Butyric_Acid,11
7.5,D7_a-Keto-Butyric_Acid,11
7.75,D7_a-Keto-Butyric_Acid,11
8.0,D7_a-Keto-Butyric_Acid,11
8.25,D7_a-Keto-Butyric_Acid,11
8.5,D7_a-Keto-Butyric_Acid,11
8.75,D7_a-Keto-Butyric_Acid,11
9.0,D7_a-Keto-Butyric_Acid,11
9.25,D7_a-Keto-Butyric_Acid,11
9.5,D7_a-Keto-Butyric_Acid,11
9.75,D7_a-Keto-Butyric_Acid,11
10.0,D7_a-Keto-Butyric_Acid,11
10.25,D7_a-Keto-Butyric_Acid,11
10.5,D7_a-Keto-Butyric_Acid,11
10.75,D7_a-Keto-Butyric_Acid,11
11.0,D7_a-Keto-Butyric_Acid,11
11.25,D7_a-Keto-Butyric_Acid,11
11.5,D7_a-Keto-Butyric_Acid,11
11.75,D7_a-Keto-Butyric_Acid,11
12.0,D7_a-Keto-Butyric_Acid,11
12.25,D7_a-Keto-Butyric_Acid,11
12.5,D7_a-Keto-Butyric_Acid,11
12.75,D7_a-Keto-Butyric_Acid,11
13.0,D7_a-Keto-Butyric_Acid,11
13.25,D7_a-Keto-Butyric_Acid,11
13.5,D7_a-Keto-Butyric_Acid,11
13.75,D7_a-Keto-Butyric_Acid,11
14.0,D7_a-Keto-Butyric_Acid,11
14.25,D7_a-Keto-Butyric_Acid,11
14.5,D7_a-Keto-Butyric_Acid,11
14.75,D7_a-Keto-Butyric_Acid,11
15.0,D7_a-Keto-Butyric_Acid,11
15.25,D7_a-Keto-Butyric_Acid,11
15.5,D7_a-Keto-Butyric_Acid,11
15.75,D7_a-Keto-Butyric_Acid,11
16.0,D7_a-Keto-Butyric_Acid,11
16.25,D7_a-Keto-Butyric_Acid,11
16.5,D7_a-Keto-Butyric_Acid,11
16.75,D7_a-Keto-Butyric_Acid,11
17.0,D7_a-Keto-Butyric_Acid,11
17.25,D7_a-Keto-Butyric_Acid,11
17.5,D7_a-Keto-Butyric_Acid,11
17.75,D7_a-Keto-Butyric_Acid,11
18.0,D7_a-Keto-Butyric_Acid,11
18.25,D7_a-Keto-Butyric_Acid,11
18.5,D7_a-Keto-Butyric_Acid,12
18.75,D7_a-Keto-Butyric_Acid,11
19.0,D7_a-Keto-Butyric_Acid,11
19.25,D7_a-Keto-Butyric_Acid,13
19.5,D7_a-Keto-Butyric_Acid,13
19.75,D7_a-Keto-Butyric_Acid,11
20.0,D7_a-Keto-Butyric_Acid,11
20.25,D7_a-Keto-Butyric_Acid,11
20.5,D7_a-Keto-Butyric_Acid,11
20.75,D7_a-Keto-Butyric_Acid,11
21.0,D7_a-Keto-Butyric_Acid,11
21.25,D7_a-Keto-Butyric_Acid,11
21.5,D7_a-Keto-Butyric_Acid,11
21.75,D7_a-Keto-Butyric_Acid,11
22.0,D7_a-Keto-Butyric_Acid,14
22.25,D7_a-Keto-Butyric_Acid,14
22.5,D7_a-Keto-Butyric_Acid,12
22.75,D7_a-Keto-Butyric_Acid,12
23.0,D7_a-Keto-Butyric_Acid,12
23.25,D7_a-Keto-Butyric_Acid,11
23.5,D7_a-Keto-Butyric_Acid,14
23.75,D7_a-Keto-Butyric_Acid,12
24.0,D7_a-Keto-Butyric_Acid,13
24.25,D7_a-Keto-Butyric_Acid,14
24.5,D7_a-Keto-Butyric_Acid,11
24.75,D7_a-Keto-Butyric_Acid,11
25.0,D7_a-Keto-Butyric_Acid,11
25.25,D7_a-Keto-Butyric_Acid,13
25.5,D7_a-Keto-Butyric_Acid,11
25.75,D7_a-Keto-Butyric_Acid,12
26.0,D7_a-Keto-Butyric_Acid,11
26.25,D7_a-Keto-Butyric_Acid,16
26.5,D7_a-Keto-Butyric_Acid,12
26.75,D7_a-Keto-Butyric_Acid,11
27.0,D7_a-Keto-Butyric_Acid,14
27.25,D7_a-Keto-Butyric_Acid,12
27.5,D7_a-Keto-Butyric_Acid,13
27.75,D7_a-Keto-Butyric_Acid,14
28.0,D7_a-Keto-Butyric_Acid,14
28.25,D7_a-Keto-Butyric_Acid,14
28.5,D7_a-Keto-Butyric_Acid,16
28.75,D7_a-Keto-Butyric_Acid,14
29.0,D7_a-Keto-Butyric_Acid,16
29.25,D7_a-Keto-Butyric_Acid,14
29.5,D7_a-Keto-Butyric_Acid,14
29.75,D7_a-Keto-Butyric_Acid,16
30.0,D7_a-Keto-Butyric_Acid,15
30.25,D7_a-Keto-Butyric_Acid,11
30.5,D7_a-Keto-Butyric_Acid,13
30.75,D7_a-Keto-Butyric_Acid,17
31.0,D7_a-Keto-Butyric_Acid,11
31.25,D7_a-Keto-Butyric_Acid,12
31.5,D7_a-Keto-Butyric_Acid,13
31.75,D7_a-Keto-Butyric_Acid,16
32.0,D7_a-Keto-Butyric_Acid,11
32.25,D7_a-Keto-Butyric_Acid,16
32.5,D7_a-Keto-Butyric_Acid,15
32.75,D7_a-Keto-Butyric_Acid,16
33.0,D7_a-Keto-Butyric_Acid,11
33.25,D7_a-Keto-Butyric_Acid,13
33.5,D7_a-Keto-Butyric_Acid,14
33.75,D7_a-Keto-Butyric_Acid,13
34.0,D7_a-Keto-Butyric_Acid,16
34.25,D7_a-Keto-Butyric_Acid,12
34.5,D7_a-Keto-Butyric_Acid,14
34.75,D7_a-Keto-Butyric_Acid,13
35.0,D7_a-Keto-Butyric_Acid,14
35.25,D7_a-Keto-Butyric_Acid,15
35.5,D7_a-Keto-Butyric_Acid,18
35.75,D7_a-Keto-Butyric_Acid,17
36.0,D7_a-Keto-Butyric_Acid,19
36.25,D7_a-Keto-Butyric_Acid,14
36.5,D7_a-Keto-Butyric_Acid,13
36.75,D7_a-Keto-Butyric_Acid,14
37.0,D7_a-Keto-Butyric_Acid,13
37.25,D7_a-Keto-Butyric_Acid,14
37.5,D7_a-Keto-Butyric_Acid,12
37.75,D7_a-Keto-Butyric_Acid,16
38.0,D7_a-Keto-Butyric_Acid,16
38.25,D7_a-Keto-Butyric_Acid,11
38.5,D7_a-Keto-Butyric_Acid,11
38.75,D7_a-Keto-Butyric_Acid,14
39.0,D7_a-Keto-Butyric_Acid,15
39.25,D7_a-Keto-Butyric_Acid,15
39.5,D7_a-Keto-Butyric_Acid,16
39.75,D7_a-Keto-Butyric_Acid,12
40.0,D7_a-Keto-Butyric_Acid,16
40.25,D7_a-Keto-Butyric_Acid,12
40.5,D7_a-Keto-Butyric_Acid,15
40.75,D7_a-Keto-Butyric_Acid,14
41.0,D7_a-Keto-Butyric_Acid,20
41.25,D7_a-Keto-Butyric_Acid,12
41.5,D7_a-Keto-Butyric_Acid,11
41.75,D7_a-Keto-Butyric_Acid,18
42.0,D7_a-Keto-Butyric_Acid,17
42.25,D7_a-Keto-Butyric_Acid,19
42.5,D7_a-Keto-Butyric_Acid,19
42.75,D7_a-Keto-Butyric_Acid,15
43.0,D7_a-Keto-Butyric_Acid,13
43.25,D7_a-Keto-Butyric_Acid,14
43.5,D7_a-Keto-Butyric_Acid,15
43.75,D7_a-Keto-Butyric_Acid,17
44.0,D7_a-Keto-Butyric_Acid,19
44.25,D7_a-Keto-Butyric_Acid,22
44.5,D7_a-Keto-Butyric_Acid,15
44.75,D7_a-Keto-Butyric_Acid,18
45.0,D7_a-Keto-Butyric_Acid,13
45.25,D7_a-Keto-Butyric_Acid,18
45.5,D7_a-Keto-Butyric_Acid,18
45.75,D7_a-Keto-Butyric_Acid,20
46.0,D7_a-Keto-Butyric_Acid,20
46.25,D7_a-Keto-Butyric_Acid,20
46.5,D7_a-Keto-Butyric_Acid,17
46.75,D7_a-Keto-Butyric_Acid,16
47.0,D7_a-Keto-Butyric_Acid,15
47.25,D7_a-Keto-Butyric_Acid,18
47.5,D7_a-Keto-Butyric_Acid,16
47.75,D7_a-Keto-Butyric_Acid,16
48.0,D7_a-Keto-Butyric_Acid,17
48.25,D7_a-Keto-Butyric_Acid,20
0.0,D8_a-Methyl-D_Galactoside,11
0.25,D8_a-Methyl-D_Galactoside,11
0.5,D8_a-Methyl-D_Galactoside,11
0.75,D8_a-Methyl-D_Galactoside,11
1.0,D8_a-Methyl-D_Galactoside,11
1.25,D8_a-Methyl-D_Galactoside,11
1.5,D8_a-Methyl-D_Galactoside,11
1.75,D8_a-Methyl-D_Galactoside,11
2.0,D8_a-Methyl-D_Galactoside,11
2.25,D8_a-Methyl-D_Galactoside,11
2.5,D8_a-Methyl-D_Galactoside,11
2.75,D8_a-Methyl-D_Galactoside,11
3.0,D8_a-Methyl-D_Galactoside,11
3.25,D8_a-Methyl-D_Galactoside,11
3.5,D8_a-Methyl-D_Galactoside,11
3.75,D8_a-Methyl-D_Galactoside,11
4.0,D8_a-Methyl-D_Galactoside,11
4.25,D8_a-Methyl-D_Galactoside,11
4.5,D8_a-Methyl-D_Galactoside,11
4.75,D8_a-Methyl-D_Galactoside,11
5.0,D8_a-Methyl-D_Galactoside,11
5.25,D8_a-Methyl-D_Galactoside,11
5.5,D8_a-Methyl-D_Galactoside,11
5.75,D8_a-Methyl-D_Galactoside,11
6.0,D8_a-Methyl-D_Galactoside,11
6.25,D8_a-Methyl-D_Galactoside,11
6.5,D8_a-Methyl-D_Galactoside,11
6.75,D8_a-Methyl-D_Galactoside,11
7.0,D8_a-Methyl-D_Galactoside,11
7.25,D8_a-Methyl-D_Galactoside,11
7.5,D8_a-Methyl-D_Galactoside,11
7.75,D8_a-Methyl-D_Galactoside,11
8.0,D8_a-Methyl-D_Galactoside,11
8.25,D8_a-Methyl-D_Galactoside,11
8.5,D8_a-Methyl-D_Galactoside,11
8.75,D8_a-Methyl-D_Galactoside,11
9.0,D8_a-Methyl-D_Galactoside,11
9.25,D8_a-Methyl-D_Galactoside,11
9.5,D8_a-Methyl-D_Galactoside,11
9.75,D8_a-Methyl-D_Galactoside,11
10.0,D8_a-Methyl-D_Galactoside,11
10.25,D8_a-Methyl-D_Galactoside,11
10.5,D8_a-Methyl-D_Galactoside,11
10.75,D8_a-Methyl-D_Galactoside,11
11.0,D8_a-Methyl-D_Galactoside,11
11.25,D8_a-Methyl-D_Galactoside,11
11.5,D8_a-Methyl-D_Galactoside,12
11.75,D8_a-Methyl-D_Galactoside,11
12.0,D8_a-Methyl-D_Galactoside,11
12.25,D8_a-Methyl-D_Galactoside,11
12.5,D8_a-Methyl-D_Galactoside,11
12.75,D8_a-Methyl-D_Galactoside,11
13.0,D8_a-Methyl-D_Galactoside,11
13.25,D8_a-Methyl-D_Galactoside,11
13.5,D8_a-Methyl-D_Galactoside,11
13.75,D8_a-Methyl-D_Galactoside,11
14.0,D8_a-Methyl-D_Galactoside,11
14.25,D8_a-Methyl-D_Galactoside,11
14.5,D8_a-Methyl-D_Galactoside,11
14.75,D8_a-Methyl-D_Galactoside,11
15.0,D8_a-Methyl-D_Galactoside,11
15.25,D8_a-Methyl-D_Galactoside,11
15.5,D8_a-Methyl-D_Galactoside,11
15.75,D8_a-Methyl-D_Galactoside,11
16.0,D8_a-Methyl-D_Galactoside,11
16.25,D8_a-Methyl-D_Galactoside,11
16.5,D8_a-Methyl-D_Galactoside,11
16.75,D8_a-Methyl-D_Galactoside,11
17.0,D8_a-Methyl-D_Galactoside,11
17.25,D8_a-Methyl-D_Galactoside,11
17.5,D8_a-Methyl-D_Galactoside,11
17.75,D8_a-Methyl-D_Galactoside,11
18.0,D8_a-Methyl-D_Galactoside,11
18.25,D8_a-Methyl-D_Galactoside,11
18.5,D8_a-Methyl-D_Galactoside,11
18.75,D8_a-Methyl-D_Galactoside,11
19.0,D8_a-Methyl-D_Galactoside,11
19.25,D8_a-Methyl-D_Galactoside,14
19.5,D8_a-Methyl-D_Galactoside,11
19.75,D8_a-Methyl-D_Galactoside,11
20.0,D8_a-Methyl-D_Galactoside,11
20.25,D8_a-Methyl-D_Galactoside,12
20.5,D8_a-Methyl-D_Galactoside,12
20.75,D8_a-Methyl-D_Galactoside,11
21.0,D8_a-Methyl-D_Galactoside,11
21.25,D8_a-Methyl-D_Galactoside,11
21.5,D8_a-Methyl-D_Galactoside,11
21.75,D8_a-Methyl-D_Galactoside,11
22.0,D8_a-Methyl-D_Galactoside,11
22.25,D8_a-Methyl-D_Galactoside,11
22.5,D8_a-Methyl-D_Galactoside,14
22.75,D8_a-Methyl-D_Galactoside,11
23.0,D8_a-Methyl-D_Galactoside,11
23.25,D8_a-Methyl-D_Galactoside,13
23.5,D8_a-Methyl-D_Galactoside,13
23.75,D8_a-Methyl-D_Galactoside,12
24.0,D8_a-Methyl-D_Galactoside,14
24.25,D8_a-Methyl-D_Galactoside,15
24.5,D8_a-Methyl-D_Galactoside,11
24.75,D8_a-Methyl-D_Galactoside,11
25.0,D8_a-Methyl-D_Galactoside,11
25.25,D8_a-Methyl-D_Galactoside,11
25.5,D8_a-Methyl-D_Galactoside,13
25.75,D8_a-Methyl-D_Galactoside,13
26.0,D8_a-Methyl-D_Galactoside,16
26.25,D8_a-Methyl-D_Galactoside,11
26.5,D8_a-Methyl-D_Galactoside,14
26.75,D8_a-Methyl-D_Galactoside,11
27.0,D8_a-Methyl-D_Galactoside,13
27.25,D8_a-Methyl-D_Galactoside,11
27.5,D8_a-Methyl-D_Galactoside,11
27.75,D8_a-Methyl-D_Galactoside,12
28.0,D8_a-Methyl-D_Galactoside,16
28.25,D8_a-Methyl-D_Galactoside,12
28.5,D8_a-Methyl-D_Galactoside,15
28.75,D8_a-Methyl-D_Galactoside,14
29.0,D8_a-Methyl-D_Galactoside,11
29.25,D8_a-Methyl-D_Galactoside,15
29.5,D8_a-Methyl-D_Galactoside,15
29.75,D8_a-Methyl-D_Galactoside,11
30.0,D8_a-Methyl-D_Galactoside,12
30.25,D8_a-Methyl-D_Galactoside,11
30.5,D8_a-Methyl-D_Galactoside,13
30.75,D8_a-Methyl-D_Galactoside,15
31.0,D8_a-Methyl-D_Galactoside,11
31.25,D8_a-Methyl-D_Galactoside,13
31.5,D8_a-Methyl-D_Galactoside,15
31.75,D8_a-Methyl-D_Galactoside,13
32.0,D8_a-Methyl-D_Galactoside,13
32.25,D8_a-Methyl-D_Galactoside,11
32.5,D8_a-Methyl-D_Galactoside,13
32.75,D8_a-Methyl-D_Galactoside,13
33.0,D8_a-Methyl-D_Galactoside,14
33.25,D8_a-Methyl-D_Galactoside,11
33.5,D8_a-Methyl-D_Galactoside,11
33.75,D8_a-Methyl-D_Galactoside,14
34.0,D8_a-Methyl-D_Galactoside,12
34.25,D8_a-Methyl-D_Galactoside,12
34.5,D8_a-Methyl-D_Galactoside,13
34.75,D8_a-Methyl-D_Galactoside,13
35.0,D8_a-Methyl-D_Galactoside,12
35.25,D8_a-Methyl-D_Galactoside,12
35.5,D8_a-Methyl-D_Galactoside,14
35.75,D8_a-Methyl-D_Galactoside,15
36.0,D8_a-Methyl-D_Galactoside,11
36.25,D8_a-Methyl-D_Galactoside,11
36.5,D8_a-Methyl-D_Galactoside,11
36.75,D8_a-Methyl-D_Galactoside,12
37.0,D8_a-Methyl-D_Galactoside,15
37.25,D8_a-Methyl-D_Galactoside,13
37.5,D8_a-Methyl-D_Galactoside,11
37.75,D8_a-Methyl-D_Galactoside,13
38.0,D8_a-Methyl-D_Galactoside,11
38.25,D8_a-Methyl-D_Galactoside,11
38.5,D8_a-Methyl-D_Galactoside,12
38.75,D8_a-Methyl-D_Galactoside,11
39.0,D8_a-Methyl-D_Galactoside,12
39.25,D8_a-Methyl-D_Galactoside,14
39.5,D8_a-Methyl-D_Galactoside,15
39.75,D8_a-Methyl-D_Galactoside,12
40.0,D8_a-Methyl-D_Galactoside,15
40.25,D8_a-Methyl-D_Galactoside,13
40.5,D8_a-Methyl-D_Galactoside,15
40.75,D8_a-Methyl-D_Galactoside,11
41.0,D8_a-Methyl-D_Galactoside,15
41.25,D8_a-Methyl-D_Galactoside,12
41.5,D8_a-Methyl-D_Galactoside,11
41.75,D8_a-Methyl-D_Galactoside,14
42.0,D8_a-Methyl-D_Galactoside,14
42.25,D8_a-Methyl-D_Galactoside,14
42.5,D8_a-Methyl-D_Galactoside,14
42.75,D8_a-Methyl-D_Galactoside,17
43.0,D8_a-Methyl-D_Galactoside,12
43.25,D8_a-Methyl-D_Galactoside,13
43.5,D8_a-Methyl-D_Galactoside,15
43.75,D8_a-Methyl-D_Galactoside,14
44.0,D8_a-Methyl-D_Galactoside,13
44.25,D8_a-Methyl-D_Galactoside,12
44.5,D8_a-Methyl-D_Galactoside,11
44.75,D8_a-Methyl-D_Galactoside,12
45.0,D8_a-Methyl-D_Galactoside,13
45.25,D8_a-Methyl-D_Galactoside,18
45.5,D8_a-Methyl-D_Galactoside,16
45.75,D8_a-Methyl-D_Galactoside,13
46.0,D8_a-Methyl-D_Galactoside,16
46.25,D8_a-Methyl-D_Galactoside,14
46.5,D8_a-Methyl-D_Galactoside,13
46.75,D8_a-Methyl-D_Galactoside,16
47.0,D8_a-Methyl-D_Galactoside,14
47.25,D8_a-Methyl-D_Galactoside,13
47.5,D8_a-Methyl-D_Galactoside,17
47.75,D8_a-Methyl-D_Galactoside,13
48.0,D8_a-Methyl-D_Galactoside,12
48.25,D8_a-Methyl-D_Galactoside,18
0.0,D9_a-D-Lactose,11
0.25,D9_a-D-Lactose,11
0.5,D9_a-D-Lactose,11
0.75,D9_a-D-Lactose,11
1.0,D9_a-D-Lactose,11
1.25,D9_a-D-Lactose,11
1.5,D9_a-D-Lactose,11
1.75,D9_a-D-Lactose,11
2.0,D9_a-D-Lactose,11
2.25,D9_a-D-Lactose,11
2.5,D9_a-D-Lactose,11
2.75,D9_a-D-Lactose,11
3.0,D9_a-D-Lactose,11
3.25,D9_a-D-Lactose,11
3.5,D9_a-D-Lactose,11
3.75,D9_a-D-Lactose,11
4.0,D9_a-D-Lactose,11
4.25,D9_a-D-Lactose,11
4.5,D9_a-D-Lactose,11
4.75,D9_a-D-Lactose,11
5.0,D9_a-D-Lactose,11
5.25,D9_a-D-Lactose,11
5.5,D9_a-D-Lactose,11
5.75,D9_a-D-Lactose,11
6.0,D9_a-D-Lactose,11
6.25,D9_a-D-Lactose,11
6.5,D9_a-D-Lactose,11
6.75,D9_a-D-Lactose,11
7.0,D9_a-D-Lactose,11
7.25,D9_a-D-Lactose,11
7.5,D9_a-D-Lactose,11
7.75,D9_a-D-Lactose,11
8.0,D9_a-D-Lactose,11
8.25,D9_a-D-Lactose,11
8.5,D9_a-D-Lactose,11
8.75,D9_a-D-Lactose,11
9.0,D9_a-D-Lactose,11
9.25,D9_a-D-Lactose,11
9.5,D9_a-D-Lactose,11
9.75,D9_a-D-Lactose,11
10.0,D9_a-D-Lactose,11
10.25,D9_a-D-Lactose,11
10.5,D9_a-D-Lactose,11
10.75,D9_a-D-Lactose,11
11.0,D9_a-D-Lactose,11
11.25,D9_a-D-Lactose,11
11.5,D9_a-D-Lactose,11
11.75,D9_a-D-Lactose,11
12.0,D9_a-D-Lactose,11
12.25,D9_a-D-Lactose,11
12.5,D9_a-D-Lactose,11
12.75,D9_a-D-Lactose,11
13.0,D9_a-D-Lactose,11
13.25,D9_a-D-Lactose,11
13.5,D9_a-D-Lactose,11
13.75,D9_a-D-Lactose,11
14.0,D9_a-D-Lactose,11
14.25,D9_a-D-Lactose,11
14.5,D9_a-D-Lactose,11
14.75,D9_a-D-Lactose,11
15.0,D9_a-D-Lactose,11
15.25,D9_a-D-Lactose,11
15.5,D9_a-D-Lactose,11
15.75,D9_a-D-Lactose,11
16.0,D9_a-D-Lactose,11
16.25,D9_a-D-Lactose,11
16.5,D9_a-D-Lactose,11
16.75,D9_a-D-Lactose,11
17.0,D9_a-D-Lactose,11
17.25,D9_a-D-Lactose,11
17.5,D9_a-D-Lactose,11
17.75,D9_a-D-Lactose,11
18.0,D9_a-D-Lactose,11
18.25,D9_a-D-Lactose,11
18.5,D9_a-D-Lactose,11
18.75,D9_a-D-Lactose,11
19.0,D9_a-D-Lactose,12
19.25,D9_a-D-Lactose,11
19.5,D9_a-D-Lactose,11
19.75,D9_a-D-Lactose,12
20.0,D9_a-D-Lactose,12
20.25,D9_a-D-Lactose,12
20.5,D9_a-D-Lactose,14
20.75,D9_a-D-Lactose,13
21.0,D9_a-D-Lactose,12
21.25,D9_a-D-Lactose,14
21.5,D9_a-D-Lactose,15
21.75,D9_a-D-Lactose,15
22.0,D9_a-D-Lactose,15
22.25,D9_a-D-Lactose,15
22.5,D9_a-D-Lactose,17
22.75,D9_a-D-Lactose,16
23.0,D9_a-D-Lactose,11
23.25,D9_a-D-Lactose,14
23.5,D9_a-D-Lactose,15
23.75,D9_a-D-Lactose,15
24.0,D9_a-D-Lactose,20
24.25,D9_a-D-Lactose,14
24.5,D9_a-D-Lactose,13
24.75,D9_a-D-Lactose,14
25.0,D9_a-D-Lactose,14
25.25,D9_a-D-Lactose,14
25.5,D9_a-D-Lactose,16
25.75,D9_a-D-Lactose,15
26.0,D9_a-D-Lactose,11
26.25,D9_a-D-Lactose,15
26.5,D9_a-D-Lactose,12
26.75,D9_a-D-Lactose,11
27.0,D9_a-D-Lactose,16
27.25,D9_a-D-Lactose,16
27.5,D9_a-D-Lactose,16
27.75,D9_a-D-Lactose,19
28.0,D9_a-D-Lactose,13
28.25,D9_a-D-Lactose,16
28.5,D9_a-D-Lactose,20
28.75,D9_a-D-Lactose,16
29.0,D9_a-D-Lactose,15
29.25,D9_a-D-Lactose,17
29.5,D9_a-D-Lactose,19
29.75,D9_a-D-Lactose,17
30.0,D9_a-D-Lactose,18
30.25,D9_a-D-Lactose,12
30.5,D9_a-D-Lactose,21
30.75,D9_a-D-Lactose,17
31.0,D9_a-D-Lactose,18
31.25,D9_a-D-Lactose,16
31.5,D9_a-D-Lactose,13
31.75,D9_a-D-Lactose,16
32.0,D9_a-D-Lactose,17
32.25,D9_a-D-Lactose,17
32.5,D9_a-D-Lactose,14
32.75,D9_a-D-Lactose,14
33.0,D9_a-D-Lactose,15
33.25,D9_a-D-Lactose,15
33.5,D9_a-D-Lactose,16
33.75,D9_a-D-Lactose,21
34.0,D9_a-D-Lactose,13
34.25,D9_a-D-Lactose,13
34.5,D9_a-D-Lactose,15
34.75,D9_a-D-Lactose,12
35.0,D9_a-D-Lactose,13
35.25,D9_a-D-Lactose,12
35.5,D9_a-D-Lactose,18
35.75,D9_a-D-Lactose,16
36.0,D9_a-D-Lactose,14
36.25,D9_a-D-Lactose,12
36.5,D9_a-D-Lactose,14
36.75,D9_a-D-Lactose,16
37.0,D9_a-D-Lactose,15
37.25,D9_a-D-Lactose,15
37.5,D9_a-D-Lactose,11
37.75,D9_a-D-Lactose,14
38.0,D9_a-D-Lactose,12
38.25,D9_a-D-Lactose,17
38.5,D9_a-D-Lactose,13
38.75,D9_a-D-Lactose,13
39.0,D9_a-D-Lactose,17
39.25,D9_a-D-Lactose,11
39.5,D9_a-D-Lactose,12
39.75,D9_a-D-Lactose,15
40.0,D9_a-D-Lactose,15
40.25,D9_a-D-Lactose,15
40.5,D9_a-D-Lactose,15
40.75,D9_a-D-Lactose,12
41.0,D9_a-D-Lactose,19
41.25,D9_a-D-Lactose,14
41.5,D9_a-D-Lactose,17
41.75,D9_a-D-Lactose,16
42.0,D9_a-D-Lactose,16
42.25,D9_a-D-Lactose,16
42.5,D9_a-D-Lactose,20
42.75,D9_a-D-Lactose,17
43.0,D9_a-D-Lactose,16
43.25,D9_a-D-Lactose,17
43.5,D9_a-D-Lactose,17
43.75,D9_a-D-Lactose,17
44.0,D9_a-D-Lactose,16
44.25,D9_a-D-Lactose,16
44.5,D9_a-D-Lactose,20
44.75,D9_a-D-Lactose,14
45.0,D9_a-D-Lactose,18
45.25,D9_a-D-Lactose,16
45.5,D9_a-D-Lactose,20
45.75,D9_a-D-Lactose,15
46.0,D9_a-D-Lactose,16
46.25,D9_a-D-Lactose,19
46.5,D9_a-D-Lactose,18
46.75,D9_a-D-Lactose,15
47.0,D9_a-D-Lactose,17
47.25,D9_a-D-Lactose,17
47.5,D9_a-D-Lactose,15
47.75,D9_a-D-Lactose,15
48.0,D9_a-D-Lactose,12
48.25,D9_a-D-Lactose,17
0.0,D10_Lactulose,11
0.25,D10_Lactulose,11
0.5,D10_Lactulose,11
0.75,D10_Lactulose,11
1.0,D10_Lactulose,11
1.25,D10_Lactulose,11
1.5,D10_Lactulose,11
1.75,D10_Lactulose,11
2.0,D10_Lactulose,11
2.25,D10_Lactulose,11
2.5,D10_Lactulose,11
2.75,D10_Lactulose,11
3.0,D10_Lactulose,11
3.25,D10_Lactulose,11
3.5,D10_Lactulose,11
3.75,D10_Lactulose,11
4.0,D10_Lactulose,11
4.25,D10_Lactulose,11
4.5,D10_Lactulose,11
4.75,D10_Lactulose,11
5.0,D10_Lactulose,11
5.25,D10_Lactulose,11
5.5,D10_Lactulose,11
5.75,D10_Lactulose,11
6.0,D10_Lactulose,11
6.25,D10_Lactulose,11
6.5,D10_Lactulose,11
6.75,D10_Lactulose,11
7.0,D10_Lactulose,11
7.25,D10_Lactulose,11
7.5,D10_Lactulose,11
7.75,D10_Lactulose,11
8.0,D10_Lactulose,11
8.25,D10_Lactulose,11
8.5,D10_Lactulose,11
8.75,D10_Lactulose,11
9.0,D10_Lactulose,11
9.25,D10_Lactulose,11
9.5,D10_Lactulose,11
9.75,D10_Lactulose,11
10.0,D10_Lactulose,11
10.25,D10_Lactulose,11
10.5,D10_Lactulose,11
10.75,D10_Lactulose,11
11.0,D10_Lactulose,11
11.25,D10_Lactulose,11
11.5,D10_Lactulose,11
11.75,D10_Lactulose,11
12.0,D10_Lactulose,11
12.25,D10_Lactulose,11
12.5,D10_Lactulose,11
12.75,D10_Lactulose,11
13.0,D10_Lactulose,11
13.25,D10_Lactulose,11
13.5,D10_Lactulose,11
13.75,D10_Lactulose,11
14.0,D10_Lactulose,11
14.25,D10_Lactulose,11
14.5,D10_Lactulose,11
14.75,D10_Lactulose,11
15.0,D10_Lactulose,11
15.25,D10_Lactulose,11
15.5,D10_Lactulose,11
15.75,D10_Lactulose,11
16.0,D10_Lactulose,11
16.25,D10_Lactulose,11
16.5,D10_Lactulose,11
16.75,D10_Lactulose,11
17.0,D10_Lactulose,11
17.25,D10_Lactulose,11
17.5,D10_Lactulose,11
17.75,D10_Lactulose,12
18.0,D10_Lactulose,11
18.25,D10_Lactulose,11
18.5,D10_Lactulose,11
18.75,D10_Lactulose,11
19.0,D10_Lactulose,11
19.25,D10_Lactulose,11
19.5,D10_Lactulose,11
19.75,D10_Lactulose,11
20.0,D10_Lactulose,12
20.25,D10_Lactulose,13
20.5,D10_Lactulose,11
20.75,D10_Lactulose,11
21.0,D10_Lactulose,11
21.25,D10_Lactulose,11
21.5,D10_Lactulose,16
21.75,D10_Lactulose,12
22.0,D10_Lactulose,18
22.25,D10_Lactulose,11
22.5,D10_Lactulose,11
22.75,D10_Lactulose,11
23.0,D10_Lactulose,11
23.25,D10_Lactulose,13
23.5,D10_Lactulose,13
23.75,D10_Lactulose,11
24.0,D10_Lactulose,11
24.25,D10_Lactulose,15
24.5,D10_Lactulose,13
24.75,D10_Lactulose,12
25.0,D10_Lactulose,16
25.25,D10_Lactulose,11
25.5,D10_Lactulose,12
25.75,D10_Lactulose,14
26.0,D10_Lactulose,11
26.25,D10_Lactulose,18
26.5,D10_Lactulose,17
26.75,D10_Lactulose,11
27.0,D10_Lactulose,12
27.25,D10_Lactulose,11
27.5,D10_Lactulose,15
27.75,D10_Lactulose,15
28.0,D10_Lactulose,16
28.25,D10_Lactulose,14
28.5,D10_Lactulose,17
28.75,D10_Lactulose,13
29.0,D10_Lactulose,17
29.25,D10_Lactulose,16
29.5,D10_Lactulose,14
29.75,D10_Lactulose,14
30.0,D10_Lactulose,13
30.25,D10_Lactulose,13
30.5,D10_Lactulose,13
30.75,D10_Lactulose,15
31.0,D10_Lactulose,12
31.25,D10_Lactulose,16
31.5,D10_Lactulose,11
31.75,D10_Lactulose,13
32.0,D10_Lactulose,12
32.25,D10_Lactulose,16
32.5,D10_Lactulose,16
32.75,D10_Lactulose,12
33.0,D10_Lactulose,13
33.25,D10_Lactulose,12
33.5,D10_Lactulose,15
33.75,D10_Lactulose,16
34.0,D10_Lactulose,14
34.25,D10_Lactulose,11
34.5,D10_Lactulose,14
34.75,D10_Lactulose,13
35.0,D10_Lactulose,14
35.25,D10_Lactulose,14
35.5,D10_Lactulose,19
35.75,D10_Lactulose,11
36.0,D10_Lactulose,12
36.25,D10_Lactulose,15
36.5,D10_Lactulose,15
36.75,D10_Lactulose,11
37.0,D10_Lactulose,13
37.25,D10_Lactulose,11
37.5,D10_Lactulose,11
37.75,D10_Lactulose,14
38.0,D10_Lactulose,14
38.25,D10_Lactulose,11
38.5,D10_Lactulose,13
38.75,D10_Lactulose,13
39.0,D10_Lactulose,12
39.25,D10_Lactulose,13
39.5,D10_Lactulose,12
39.75,D10_Lactulose,11
40.0,D10_Lactulose,13
40.25,D10_Lactulose,11
40.5,D10_Lactulose,15
40.75,D10_Lactulose,15
41.0,D10_Lactulose,14
41.25,D10_Lactulose,14
41.5,D10_Lactulose,11
41.75,D10_Lactulose,11
42.0,D10_Lactulose,16
42.25,D10_Lactulose,11
42.5,D10_Lactulose,16
42.75,D10_Lactulose,15
43.0,D10_Lactulose,15
43.25,D10_Lactulose,11
43.5,D10_Lactulose,15
43.75,D10_Lactulose,15
44.0,D10_Lactulose,12
44.25,D10_Lactulose,12
44.5,D10_Lactulose,16
44.75,D10_Lactulose,12
45.0,D10_Lactulose,13
45.25,D10_Lactulose,13
45.5,D10_Lactulose,15
45.75,D10_Lactulose,11
46.0,D10_Lactulose,13
46.25,D10_Lactulose,17
46.5,D10_Lactulose,15
46.75,D10_Lactulose,16
47.0,D10_Lactulose,12
47.25,D10_Lactulose,14
47.5,D10_Lactulose,15
47.75,D10_Lactulose,13
48.0,D10_Lactulose,11
48.25,D10_Lactulose,16
0.0,D11_Sucrose,11
0.25,D11_Sucrose,11
0.5,D11_Sucrose,11
0.75,D11_Sucrose,11
1.0,D11_Sucrose,11
1.25,D11_Sucrose,13
1.5,D11_Sucrose,11
1.75,D11_Sucrose,11
2.0,D11_Sucrose,11
2.25,D11_Sucrose,11
2.5,D11_Sucrose,11
2.75,D11_Sucrose,11
3.0,D11_Sucrose,11
3.25,D11_Sucrose,11
3.5,D11_Sucrose,11
3.75,D11_Sucrose,11
4.0,D11_Sucrose,11
4.25,D11_Sucrose,11
4.5,D11_Sucrose,11
4.75,D11_Sucrose,11
5.0,D11_Sucrose,11
5.25,D11_Sucrose,11
5.5,D11_Sucrose,11
5.75,D11_Sucrose,11
6.0,D11_Sucrose,11
6.25,D11_Sucrose,11
6.5,D11_Sucrose,11
6.75,D11_Sucrose,11
7.0,D11_Sucrose,11
7.25,D11_Sucrose,11
7.5,D11_Sucrose,11
7.75,D11_Sucrose,11
8.0,D11_Sucrose,11
8.25,D11_Sucrose,11
8.5,D11_Sucrose,11
8.75,D11_Sucrose,12
9.0,D11_Sucrose,11
9.25,D11_Sucrose,11
9.5,D11_Sucrose,11
9.75,D11_Sucrose,13
10.0,D11_Sucrose,11
10.25,D11_Sucrose,11
10.5,D11_Sucrose,11
10.75,D11_Sucrose,11
11.0,D11_Sucrose,11
11.25,D11_Sucrose,11
11.5,D11_Sucrose,12
11.75,D11_Sucrose,11
12.0,D11_Sucrose,12
12.25,D11_Sucrose,11
12.5,D11_Sucrose,11
12.75,D11_Sucrose,11
13.0,D11_Sucrose,11
13.25,D11_Sucrose,11
13.5,D11_Sucrose,11
13.75,D11_Sucrose,11
14.0,D11_Sucrose,11
14.25,D11_Sucrose,11
14.5,D11_Sucrose,11
14.75,D11_Sucrose,11
15.0,D11_Sucrose,11
15.25,D11_Sucrose,11
15.5,D11_Sucrose,11
15.75,D11_Sucrose,11
16.0,D11_Sucrose,11
16.25,D11_Sucrose,11
16.5,D11_Sucrose,12
16.75,D11_Sucrose,11
17.0,D11_Sucrose,11
17.25,D11_Sucrose,11
17.5,D11_Sucrose,11
17.75,D11_Sucrose,11
18.0,D11_Sucrose,14
18.25,D11_Sucrose,11
18.5,D11_Sucrose,11
18.75,D11_Sucrose,11
19.0,D11_Sucrose,11
19.25,D11_Sucrose,11
19.5,D11_Sucrose,12
19.75,D11_Sucrose,11
20.0,D11_Sucrose,16
20.25,D11_Sucrose,11
20.5,D11_Sucrose,14
20.75,D11_Sucrose,14
21.0,D11_Sucrose,11
21.25,D11_Sucrose,13
21.5,D11_Sucrose,11
21.75,D11_Sucrose,13
22.0,D11_Sucrose,14
22.25,D11_Sucrose,11
22.5,D11_Sucrose,14
22.75,D11_Sucrose,15
23.0,D11_Sucrose,17
23.25,D11_Sucrose,13
23.5,D11_Sucrose,14
23.75,D11_Sucrose,13
24.0,D11_Sucrose,16
24.25,D11_Sucrose,11
24.5,D11_Sucrose,13
24.75,D11_Sucrose,16
25.0,D11_Sucrose,14
25.25,D11_Sucrose,18
25.5,D11_Sucrose,19
25.75,D11_Sucrose,14
26.0,D11_Sucrose,14
26.25,D11_Sucrose,18
26.5,D11_Sucrose,19
26.75,D11_Sucrose,14
27.0,D11_Sucrose,20
27.25,D11_Sucrose,13
27.5,D11_Sucrose,13
27.75,D11_Sucrose,16
28.0,D11_Sucrose,15
28.25,D11_Sucrose,18
28.5,D11_Sucrose,18
28.75,D11_Sucrose,15
29.0,D11_Sucrose,18
29.25,D11_Sucrose,17
29.5,D11_Sucrose,15
29.75,D11_Sucrose,13
30.0,D11_Sucrose,16
30.25,D11_Sucrose,14
30.5,D11_Sucrose,16
30.75,D11_Sucrose,16
31.0,D11_Sucrose,17
31.25,D11_Sucrose,18
31.5,D11_Sucrose,13
31.75,D11_Sucrose,17
32.0,D11_Sucrose,17
32.25,D11_Sucrose,19
32.5,D11_Sucrose,15
32.75,D11_Sucrose,16
33.0,D11_Sucrose,16
33.25,D11_Sucrose,15
33.5,D11_Sucrose,16
33.75,D11_Sucrose,19
34.0,D11_Sucrose,16
34.25,D11_Sucrose,16
34.5,D11_Sucrose,15
34.75,D11_Sucrose,11
35.0,D11_Sucrose,13
35.25,D11_Sucrose,12
35.5,D11_Sucrose,15
35.75,D11_Sucrose,12
36.0,D11_Sucrose,11
36.25,D11_Sucrose,17
36.5,D11_Sucrose,13
36.75,D11_Sucrose,15
37.0,D11_Sucrose,13
37.25,D11_Sucrose,15
37.5,D11_Sucrose,19
37.75,D11_Sucrose,15
38.0,D11_Sucrose,15
38.25,D11_Sucrose,14
38.5,D11_Sucrose,17
38.75,D11_Sucrose,14
39.0,D11_Sucrose,13
39.25,D11_Sucrose,13
39.5,D11_Sucrose,11
39.75,D11_Sucrose,13
40.0,D11_Sucrose,17
40.25,D11_Sucrose,14
40.5,D11_Sucrose,12
40.75,D11_Sucrose,11
41.0,D11_Sucrose,13
41.25,D11_Sucrose,17
41.5,D11_Sucrose,14
41.75,D11_Sucrose,17
42.0,D11_Sucrose,17
42.25,D11_Sucrose,19
42.5,D11_Sucrose,12
42.75,D11_Sucrose,14
43.0,D11_Sucrose,18
43.25,D11_Sucrose,16
43.5,D11_Sucrose,16
43.75,D11_Sucrose,17
44.0,D11_Sucrose,13
44.25,D11_Sucrose,18
44.5,D11_Sucrose,11
44.75,D11_Sucrose,17
45.0,D11_Sucrose,13
45.25,D11_Sucrose,14
45.5,D11_Sucrose,17
45.75,D11_Sucrose,12
46.0,D11_Sucrose,15
46.25,D11_Sucrose,17
46.5,D11_Sucrose,16
46.75,D11_Sucrose,14
47.0,D11_Sucrose,12
47.25,D11_Sucrose,15
47.5,D11_Sucrose,12
47.75,D11_Sucrose,18
48.0,D11_Sucrose,11
48.25,D11_Sucrose,20
0.0,D12_Uridine,15
0.25,D12_Uridine,18
0.5,D12_Uridine,18
0.75,D12_Uridine,17
1.0,D12_Uridine,16
1.25,D12_Uridine,19
1.5,D12_Uridine,18
1.75,D12_Uridine,15
2.0,D12_Uridine,20
2.25,D12_Uridine,16
2.5,D12_Uridine,20
2.75,D12_Uridine,16
3.0,D12_Uridine,20
3.25,D12_Uridine,18
3.5,D12_Uridine,18
3.75,D12_Uridine,19
4.0,D12_Uridine,17
4.25,D12_Uridine,13
4.5,D12_Uridine,19
4.75,D12_Uridine,15
5.0,D12_Uridine,14
5.25,D12_Uridine,12
5.5,D12_Uridine,17
5.75,D12_Uridine,15
6.0,D12_Uridine,14
6.25,D12_Uridine,18
6.5,D12_Uridine,16
6.75,D12_Uridine,20
7.0,D12_Uridine,18
7.25,D12_Uridine,14
7.5,D12_Uridine,14
7.75,D12_Uridine,16
8.0,D12_Uridine,16
8.25,D12_Uridine,16
8.5,D12_Uridine,14
8.75,D12_Uridine,17
9.0,D12_Uridine,14
9.25,D12_Uridine,19
9.5,D12_Uridine,18
9.75,D12_Uridine,16
10.0,D12_Uridine,16
10.25,D12_Uridine,19
10.5,D12_Uridine,17
10.75,D12_Uridine,19
11.0,D12_Uridine,14
11.25,D12_Uridine,15
11.5,D12_Uridine,18
11.75,D12_Uridine,21
12.0,D12_Uridine,18
12.25,D12_Uridine,17
12.5,D12_Uridine,18
12.75,D12_Uridine,18
13.0,D12_Uridine,16
13.25,D12_Uridine,18
13.5,D12_Uridine,21
13.75,D12_Uridine,18
14.0,D12_Uridine,18
14.25,D12_Uridine,18
14.5,D12_Uridine,17
14.75,D12_Uridine,18
15.0,D12_Uridine,17
15.25,D12_Uridine,15
15.5,D12_Uridine,15
15.75,D12_Uridine,17
16.0,D12_Uridine,18
16.25,D12_Uridine,20
16.5,D12_Uridine,17
16.75,D12_Uridine,18
17.0,D12_Uridine,19
17.25,D12_Uridine,19
17.5,D12_Uridine,21
17.75,D12_Uridine,20
18.0,D12_Uridine,23
18.25,D12_Uridine,24
18.5,D12_Uridine,20
18.75,D12_Uridine,21
19.0,D12_Uridine,24
19.25,D12_Uridine,22
19.5,D12_Uridine,21
19.75,D12_Uridine,22
20.0,D12_Uridine,23
20.25,D12_Uridine,24
20.5,D12_Uridine,25
20.75,D12_Uridine,23
21.0,D12_Uridine,21
21.25,D12_Uridine,23
21.5,D12_Uridine,23
21.75,D12_Uridine,25
22.0,D12_Uridine,25
22.25,D12_Uridine,27
22.5,D12_Uridine,27
22.75,D12_Uridine,24
23.0,D12_Uridine,25
23.25,D12_Uridine,24
23.5,D12_Uridine,24
23.75,D12_Uridine,24
24.0,D12_Uridine,24
24.25,D12_Uridine,27
24.5,D12_Uridine,25
24.75,D12_Uridine,23
25.0,D12_Uridine,26
25.25,D12_Uridine,26
25.5,D12_Uridine,25
25.75,D12_Uridine,26
26.0,D12_Uridine,27
26.25,D12_Uridine,26
26.5,D12_Uridine,24
26.75,D12_Uridine,23
27.0,D12_Uridine,25
27.25,D12_Uridine,26
27.5,D12_Uridine,26
27.75,D12_Uridine,27
28.0,D12_Uridine,28
28.25,D12_Uridine,26
28.5,D12_Uridine,26
28.75,D12_Uridine,27
29.0,D12_Uridine,28
29.25,D12_Uridine,27
29.5,D12_Uridine,28
29.75,D12_Uridine,29
30.0,D12_Uridine,26
30.25,D12_Uridine,25
30.5,D12_Uridine,29
30.75,D12_Uridine,31
31.0,D12_Uridine,23
31.25,D12_Uridine,27
31.5,D12_Uridine,25
31.75,D12_Uridine,30
32.0,D12_Uridine,28
32.25,D12_Uridine,26
32.5,D12_Uridine,29
32.75,D12_Uridine,22
33.0,D12_Uridine,25
33.25,D12_Uridine,23
33.5,D12_Uridine,26
33.75,D12_Uridine,28
34.0,D12_Uridine,25
34.25,D12_Uridine,29
34.5,D12_Uridine,26
34.75,D12_Uridine,25
35.0,D12_Uridine,22
35.25,D12_Uridine,22
35.5,D12_Uridine,31
35.75,D12_Uridine,29
36.0,D12_Uridine,23
36.25,D12_Uridine,30
36.5,D12_Uridine,23
36.75,D12_Uridine,30
37.0,D12_Uridine,25
37.25,D12_Uridine,27
37.5,D12_Uridine,25
37.75,D12_Uridine,26
38.0,D12_Uridine,29
38.25,D12_Uridine,30
38.5,D12_Uridine,26
38.75,D12_Uridine,25
39.0,D12_Uridine,27
39.25,D12_Uridine,23
39.5,D12_Uridine,27
39.75,D12_Uridine,27
40.0,D12_Uridine,24
40.25,D12_Uridine,27
40.5,D12_Uridine,25
40.75,D12_Uridine,27
41.0,D12_Uridine,25
41.25,D12_Uridine,25
41.5,D12_Uridine,27
41.75,D12_Uridine,28
42.0,D12_Uridine,24
42.25,D12_Uridine,27
42.5,D12_Uridine,28
42.75,D12_Uridine,26
43.0,D12_Uridine,29
43.25,D12_Uridine,29
43.5,D12_Uridine,25
43.75,D12_Uridine,24
44.0,D12_Uridine,23
44.25,D12_Uridine,25
44.5,D12_Uridine,25
44.75,D12_Uridine,26
45.0,D12_Uridine,25
45.25,D12_Uridine,28
45.5,D12_Uridine,27
45.75,D12_Uridine,32
46.0,D12_Uridine,27
46.25,D12_Uridine,28
46.5,D12_Uridine,26
46.75,D12_Uridine,29
47.0,D12_Uridine,25
47.25,D12_Uridine,29
47.5,D12_Uridine,29
47.75,D12_Uridine,25
48.0,D12_Uridine,23
48.25,D12_Uridine,30
0.0,E1_L-Glutamine,13
0.25,E1_L-Glutamine,11
0.5,E1_L-Glutamine,14
0.75,E1_L-Glutamine,12
1.0,E1_L-Glutamine,12
1.25,E1_L-Glutamine,14
1.5,E1_L-Glutamine,11
1.75,E1_L-Glutamine,11
2.0,E1_L-Glutamine,11
2.25,E1_L-Glutamine,11
2.5,E1_L-Glutamine,11
2.75,E1_L-Glutamine,11
3.0,E1_L-Glutamine,11
3.25,E1_L-Glutamine,11
3.5,E1_L-Glutamine,11
3.75,E1_L-Glutamine,11
4.0,E1_L-Glutamine,11
4.25,E1_L-Glutamine,11
4.5,E1_L-Glutamine,11
4.75,E1_L-Glutamine,11
5.0,E1_L-Glutamine,11
5.25,E1_L-Glutamine,14
5.5,E1_L-Glutamine,11
5.75,E1_L-Glutamine,11
6.0,E1_L-Glutamine,11
6.25,E1_L-Glutamine,11
6.5,E1_L-Glutamine,11
6.75,E1_L-Glutamine,12
7.0,E1_L-Glutamine,12
7.25,E1_L-Glutamine,11
7.5,E1_L-Glutamine,11
7.75,E1_L-Glutamine,14
8.0,E1_L-Glutamine,11
8.25,E1_L-Glutamine,11
8.5,E1_L-Glutamine,11
8.75,E1_L-Glutamine,11
9.0,E1_L-Glutamine,11
9.25,E1_L-Glutamine,11
9.5,E1_L-Glutamine,11
9.75,E1_L-Glutamine,11
10.0,E1_L-Glutamine,11
10.25,E1_L-Glutamine,11
10.5,E1_L-Glutamine,11
10.75,E1_L-Glutamine,11
11.0,E1_L-Glutamine,12
11.25,E1_L-Glutamine,11
11.5,E1_L-Glutamine,11
11.75,E1_L-Glutamine,11
12.0,E1_L-Glutamine,12
12.25,E1_L-Glutamine,11
12.5,E1_L-Glutamine,11
12.75,E1_L-Glutamine,13
13.0,E1_L-Glutamine,11
13.25,E1_L-Glutamine,14
13.5,E1_L-Glutamine,11
13.75,E1_L-Glutamine,11
14.0,E1_L-Glutamine,11
14.25,E1_L-Glutamine,11
14.5,E1_L-Glutamine,11
14.75,E1_L-Glutamine,11
15.0,E1_L-Glutamine,14
15.25,E1_L-Glutamine,11
15.5,E1_L-Glutamine,12
15.75,E1_L-Glutamine,12
16.0,E1_L-Glutamine,11
16.25,E1_L-Glutamine,13
16.5,E1_L-Glutamine,11
16.75,E1_L-Glutamine,11
17.0,E1_L-Glutamine,19
17.25,E1_L-Glutamine,13
17.5,E1_L-Glutamine,11
17.75,E1_L-Glutamine,12
18.0,E1_L-Glutamine,11
18.25,E1_L-Glutamine,15
18.5,E1_L-Glutamine,14
18.75,E1_L-Glutamine,16
19.0,E1_L-Glutamine,11
19.25,E1_L-Glutamine,14
19.5,E1_L-Glutamine,13
19.75,E1_L-Glutamine,17
20.0,E1_L-Glutamine,16
20.25,E1_L-Glutamine,18
20.5,E1_L-Glutamine,19
20.75,E1_L-Glutamine,14
21.0,E1_L-Glutamine,18
21.25,E1_L-Glutamine,17
21.5,E1_L-Glutamine,18
21.75,E1_L-Glutamine,19
22.0,E1_L-Glutamine,16
22.25,E1_L-Glutamine,18
22.5,E1_L-Glutamine,22
22.75,E1_L-Glutamine,19
23.0,E1_L-Glutamine,17
23.25,E1_L-Glutamine,17
23.5,E1_L-Glutamine,20
23.75,E1_L-Glutamine,22
24.0,E1_L-Glutamine,19
24.25,E1_L-Glutamine,20
24.5,E1_L-Glutamine,17
24.75,E1_L-Glutamine,25
25.0,E1_L-Glutamine,19
25.25,E1_L-Glutamine,24
25.5,E1_L-Glutamine,20
25.75,E1_L-Glutamine,20
26.0,E1_L-Glutamine,23
26.25,E1_L-Glutamine,23
26.5,E1_L-Glutamine,18
26.75,E1_L-Glutamine,21
27.0,E1_L-Glutamine,28
27.25,E1_L-Glutamine,22
27.5,E1_L-Glutamine,20
27.75,E1_L-Glutamine,24
28.0,E1_L-Glutamine,23
28.25,E1_L-Glutamine,26
28.5,E1_L-Glutamine,22
28.75,E1_L-Glutamine,25
29.0,E1_L-Glutamine,27
29.25,E1_L-Glutamine,25
29.5,E1_L-Glutamine,23
29.75,E1_L-Glutamine,29
30.0,E1_L-Glutamine,24
30.25,E1_L-Glutamine,25
30.5,E1_L-Glutamine,29
30.75,E1_L-Glutamine,30
31.0,E1_L-Glutamine,26
31.25,E1_L-Glutamine,28
31.5,E1_L-Glutamine,30
31.75,E1_L-Glutamine,29
32.0,E1_L-Glutamine,28
32.25,E1_L-Glutamine,33
32.5,E1_L-Glutamine,28
32.75,E1_L-Glutamine,26
33.0,E1_L-Glutamine,33
33.25,E1_L-Glutamine,28
33.5,E1_L-Glutamine,32
33.75,E1_L-Glutamine,30
34.0,E1_L-Glutamine,33
34.25,E1_L-Glutamine,32
34.5,E1_L-Glutamine,28
34.75,E1_L-Glutamine,27
35.0,E1_L-Glutamine,29
35.25,E1_L-Glutamine,31
35.5,E1_L-Glutamine,31
35.75,E1_L-Glutamine,34
36.0,E1_L-Glutamine,34
36.25,E1_L-Glutamine,33
36.5,E1_L-Glutamine,31
36.75,E1_L-Glutamine,33
37.0,E1_L-Glutamine,32
37.25,E1_L-Glutamine,29
37.5,E1_L-Glutamine,31
37.75,E1_L-Glutamine,38
38.0,E1_L-Glutamine,32
38.25,E1_L-Glutamine,33
38.5,E1_L-Glutamine,34
38.75,E1_L-Glutamine,32
39.0,E1_L-Glutamine,33
39.25,E1_L-Glutamine,34
39.5,E1_L-Glutamine,34
39.75,E1_L-Glutamine,35
40.0,E1_L-Glutamine,39
40.25,E1_L-Glutamine,34
40.5,E1_L-Glutamine,36
40.75,E1_L-Glutamine,36
41.0,E1_L-Glutamine,38
41.25,E1_L-Glutamine,38
41.5,E1_L-Glutamine,35
41.75,E1_L-Glutamine,38
42.0,E1_L-Glutamine,38
42.25,E1_L-Glutamine,34
42.5,E1_L-Glutamine,36
42.75,E1_L-Glutamine,43
43.0,E1_L-Glutamine,40
43.25,E1_L-Glutamine,39
43.5,E1_L-Glutamine,39
43.75,E1_L-Glutamine,43
44.0,E1_L-Glutamine,40
44.25,E1_L-Glutamine,39
44.5,E1_L-Glutamine,38
44.75,E1_L-Glutamine,43
45.0,E1_L-Glutamine,45
45.25,E1_L-Glutamine,40
45.5,E1_L-Glutamine,38
45.75,E1_L-Glutamine,43
46.0,E1_L-Glutamine,37
46.25,E1_L-Glutamine,43
46.5,E1_L-Glutamine,40
46.75,E1_L-Glutamine,39
47.0,E1_L-Glutamine,40
47.25,E1_L-Glutamine,40
47.5,E1_L-Glutamine,45
47.75,E1_L-Glutamine,43
48.0,E1_L-Glutamine,40
48.25,E1_L-Glutamine,42
0.0,E2_m-Tartaric_Acid,11
0.25,E2_m-Tartaric_Acid,11
0.5,E2_m-Tartaric_Acid,11
0.75,E2_m-Tartaric_Acid,11
1.0,E2_m-Tartaric_Acid,11
1.25,E2_m-Tartaric_Acid,14
1.5,E2_m-Tartaric_Acid,11
1.75,E2_m-Tartaric_Acid,11
2.0,E2_m-Tartaric_Acid,11
2.25,E2_m-Tartaric_Acid,11
2.5,E2_m-Tartaric_Acid,11
2.75,E2_m-Tartaric_Acid,11
3.0,E2_m-Tartaric_Acid,11
3.25,E2_m-Tartaric_Acid,11
3.5,E2_m-Tartaric_Acid,11
3.75,E2_m-Tartaric_Acid,11
4.0,E2_m-Tartaric_Acid,12
4.25,E2_m-Tartaric_Acid,13
4.5,E2_m-Tartaric_Acid,11
4.75,E2_m-Tartaric_Acid,11
5.0,E2_m-Tartaric_Acid,11
5.25,E2_m-Tartaric_Acid,11
5.5,E2_m-Tartaric_Acid,11
5.75,E2_m-Tartaric_Acid,11
6.0,E2_m-Tartaric_Acid,11
6.25,E2_m-Tartaric_Acid,11
6.5,E2_m-Tartaric_Acid,11
6.75,E2_m-Tartaric_Acid,11
7.0,E2_m-Tartaric_Acid,11
7.25,E2_m-Tartaric_Acid,11
7.5,E2_m-Tartaric_Acid,11
7.75,E2_m-Tartaric_Acid,11
8.0,E2_m-Tartaric_Acid,11
8.25,E2_m-Tartaric_Acid,11
8.5,E2_m-Tartaric_Acid,11
8.75,E2_m-Tartaric_Acid,12
9.0,E2_m-Tartaric_Acid,11
9.25,E2_m-Tartaric_Acid,11
9.5,E2_m-Tartaric_Acid,11
9.75,E2_m-Tartaric_Acid,11
10.0,E2_m-Tartaric_Acid,11
10.25,E2_m-Tartaric_Acid,11
10.5,E2_m-Tartaric_Acid,13
10.75,E2_m-Tartaric_Acid,11
11.0,E2_m-Tartaric_Acid,11
11.25,E2_m-Tartaric_Acid,11
11.5,E2_m-Tartaric_Acid,13
11.75,E2_m-Tartaric_Acid,11
12.0,E2_m-Tartaric_Acid,13
12.25,E2_m-Tartaric_Acid,15
12.5,E2_m-Tartaric_Acid,11
12.75,E2_m-Tartaric_Acid,12
13.0,E2_m-Tartaric_Acid,13
13.25,E2_m-Tartaric_Acid,11
13.5,E2_m-Tartaric_Acid,12
13.75,E2_m-Tartaric_Acid,14
14.0,E2_m-Tartaric_Acid,12
14.25,E2_m-Tartaric_Acid,14
14.5,E2_m-Tartaric_Acid,11
14.75,E2_m-Tartaric_Acid,12
15.0,E2_m-Tartaric_Acid,11
15.25,E2_m-Tartaric_Acid,11
15.5,E2_m-Tartaric_Acid,11
15.75,E2_m-Tartaric_Acid,11
16.0,E2_m-Tartaric_Acid,15
16.25,E2_m-Tartaric_Acid,11
16.5,E2_m-Tartaric_Acid,12
16.75,E2_m-Tartaric_Acid,11
17.0,E2_m-Tartaric_Acid,11
17.25,E2_m-Tartaric_Acid,11
17.5,E2_m-Tartaric_Acid,12
17.75,E2_m-Tartaric_Acid,14
18.0,E2_m-Tartaric_Acid,12
18.25,E2_m-Tartaric_Acid,11
18.5,E2_m-Tartaric_Acid,11
18.75,E2_m-Tartaric_Acid,15
19.0,E2_m-Tartaric_Acid,12
19.25,E2_m-Tartaric_Acid,12
19.5,E2_m-Tartaric_Acid,11
19.75,E2_m-Tartaric_Acid,11
20.0,E2_m-Tartaric_Acid,12
20.25,E2_m-Tartaric_Acid,11
20.5,E2_m-Tartaric_Acid,11
20.75,E2_m-Tartaric_Acid,11
21.0,E2_m-Tartaric_Acid,11
21.25,E2_m-Tartaric_Acid,12
21.5,E2_m-Tartaric_Acid,11
21.75,E2_m-Tartaric_Acid,13
22.0,E2_m-Tartaric_Acid,11
22.25,E2_m-Tartaric_Acid,11
22.5,E2_m-Tartaric_Acid,14
22.75,E2_m-Tartaric_Acid,11
23.0,E2_m-Tartaric_Acid,11
23.25,E2_m-Tartaric_Acid,17
23.5,E2_m-Tartaric_Acid,14
23.75,E2_m-Tartaric_Acid,18
24.0,E2_m-Tartaric_Acid,13
24.25,E2_m-Tartaric_Acid,13
24.5,E2_m-Tartaric_Acid,15
24.75,E2_m-Tartaric_Acid,11
25.0,E2_m-Tartaric_Acid,14
25.25,E2_m-Tartaric_Acid,11
25.5,E2_m-Tartaric_Acid,12
25.75,E2_m-Tartaric_Acid,14
26.0,E2_m-Tartaric_Acid,11
26.25,E2_m-Tartaric_Acid,12
26.5,E2_m-Tartaric_Acid,14
26.75,E2_m-Tartaric_Acid,15
27.0,E2_m-Tartaric_Acid,16
27.25,E2_m-Tartaric_Acid,17
27.5,E2_m-Tartaric_Acid,12
27.75,E2_m-Tartaric_Acid,15
28.0,E2_m-Tartaric_Acid,14
28.25,E2_m-Tartaric_Acid,12
28.5,E2_m-Tartaric_Acid,19
28.75,E2_m-Tartaric_Acid,13
29.0,E2_m-Tartaric_Acid,12
29.25,E2_m-Tartaric_Acid,13
29.5,E2_m-Tartaric_Acid,16
29.75,E2_m-Tartaric_Acid,17
30.0,E2_m-Tartaric_Acid,18
30.25,E2_m-Tartaric_Acid,12
30.5,E2_m-Tartaric_Acid,11
30.75,E2_m-Tartaric_Acid,15
31.0,E2_m-Tartaric_Acid,12
31.25,E2_m-Tartaric_Acid,15
31.5,E2_m-Tartaric_Acid,12
31.75,E2_m-Tartaric_Acid,14
32.0,E2_m-Tartaric_Acid,18
32.25,E2_m-Tartaric_Acid,19
32.5,E2_m-Tartaric_Acid,17
32.75,E2_m-Tartaric_Acid,15
33.0,E2_m-Tartaric_Acid,15
33.25,E2_m-Tartaric_Acid,13
33.5,E2_m-Tartaric_Acid,13
33.75,E2_m-Tartaric_Acid,14
34.0,E2_m-Tartaric_Acid,14
34.25,E2_m-Tartaric_Acid,14
34.5,E2_m-Tartaric_Acid,12
34.75,E2_m-Tartaric_Acid,17
35.0,E2_m-Tartaric_Acid,11
35.25,E2_m-Tartaric_Acid,11
35.5,E2_m-Tartaric_Acid,13
35.75,E2_m-Tartaric_Acid,12
36.0,E2_m-Tartaric_Acid,13
36.25,E2_m-Tartaric_Acid,13
36.5,E2_m-Tartaric_Acid,14
36.75,E2_m-Tartaric_Acid,14
37.0,E2_m-Tartaric_Acid,15
37.25,E2_m-Tartaric_Acid,13
37.5,E2_m-Tartaric_Acid,13
37.75,E2_m-Tartaric_Acid,16
38.0,E2_m-Tartaric_Acid,13
38.25,E2_m-Tartaric_Acid,14
38.5,E2_m-Tartaric_Acid,11
38.75,E2_m-Tartaric_Acid,11
39.0,E2_m-Tartaric_Acid,13
39.25,E2_m-Tartaric_Acid,11
39.5,E2_m-Tartaric_Acid,11
39.75,E2_m-Tartaric_Acid,12
40.0,E2_m-Tartaric_Acid,12
40.25,E2_m-Tartaric_Acid,11
40.5,E2_m-Tartaric_Acid,15
40.75,E2_m-Tartaric_Acid,11
41.0,E2_m-Tartaric_Acid,14
41.25,E2_m-Tartaric_Acid,11
41.5,E2_m-Tartaric_Acid,11
41.75,E2_m-Tartaric_Acid,13
42.0,E2_m-Tartaric_Acid,14
42.25,E2_m-Tartaric_Acid,15
42.5,E2_m-Tartaric_Acid,15
42.75,E2_m-Tartaric_Acid,13
43.0,E2_m-Tartaric_Acid,19
43.25,E2_m-Tartaric_Acid,17
43.5,E2_m-Tartaric_Acid,12
43.75,E2_m-Tartaric_Acid,12
44.0,E2_m-Tartaric_Acid,14
44.25,E2_m-Tartaric_Acid,11
44.5,E2_m-Tartaric_Acid,11
44.75,E2_m-Tartaric_Acid,11
45.0,E2_m-Tartaric_Acid,17
45.25,E2_m-Tartaric_Acid,13
45.5,E2_m-Tartaric_Acid,12
45.75,E2_m-Tartaric_Acid,19
46.0,E2_m-Tartaric_Acid,14
46.25,E2_m-Tartaric_Acid,13
46.5,E2_m-Tartaric_Acid,11
46.75,E2_m-Tartaric_Acid,14
47.0,E2_m-Tartaric_Acid,13
47.25,E2_m-Tartaric_Acid,13
47.5,E2_m-Tartaric_Acid,12
47.75,E2_m-Tartaric_Acid,17
48.0,E2_m-Tartaric_Acid,12
48.25,E2_m-Tartaric_Acid,11
0.0,E3_D-Glucose-1-Phosphate,11
0.25,E3_D-Glucose-1-Phosphate,11
0.5,E3_D-Glucose-1-Phosphate,11
0.75,E3_D-Glucose-1-Phosphate,11
1.0,E3_D-Glucose-1-Phosphate,11
1.25,E3_D-Glucose-1-Phosphate,11
1.5,E3_D-Glucose-1-Phosphate,11
1.75,E3_D-Glucose-1-Phosphate,11
2.0,E3_D-Glucose-1-Phosphate,11
2.25,E3_D-Glucose-1-Phosphate,11
2.5,E3_D-Glucose-1-Phosphate,11
2.75,E3_D-Glucose-1-Phosphate,11
3.0,E3_D-Glucose-1-Phosphate,11
3.25,E3_D-Glucose-1-Phosphate,11
3.5,E3_D-Glucose-1-Phosphate,11
3.75,E3_D-Glucose-1-Phosphate,11
4.0,E3_D-Glucose-1-Phosphate,11
4.25,E3_D-Glucose-1-Phosphate,11
4.5,E3_D-Glucose-1-Phosphate,11
4.75,E3_D-Glucose-1-Phosphate,11
5.0,E3_D-Glucose-1-Phosphate,11
5.25,E3_D-Glucose-1-Phosphate,11
5.5,E3_D-Glucose-1-Phosphate,11
5.75,E3_D-Glucose-1-Phosphate,11
6.0,E3_D-Glucose-1-Phosphate,11
6.25,E3_D-Glucose-1-Phosphate,11
6.5,E3_D-Glucose-1-Phosphate,11
6.75,E3_D-Glucose-1-Phosphate,11
7.0,E3_D-Glucose-1-Phosphate,11
7.25,E3_D-Glucose-1-Phosphate,11
7.5,E3_D-Glucose-1-Phosphate,11
7.75,E3_D-Glucose-1-Phosphate,11
8.0,E3_D-Glucose-1-Phosphate,11
8.25,E3_D-Glucose-1-Phosphate,11
8.5,E3_D-Glucose-1-Phosphate,11
8.75,E3_D-Glucose-1-Phosphate,11
9.0,E3_D-Glucose-1-Phosphate,11
9.25,E3_D-Glucose-1-Phosphate,11
9.5,E3_D-Glucose-1-Phosphate,11
9.75,E3_D-Glucose-1-Phosphate,11
10.0,E3_D-Glucose-1-Phosphate,11
10.25,E3_D-Glucose-1-Phosphate,11
10.5,E3_D-Glucose-1-Phosphate,11
10.75,E3_D-Glucose-1-Phosphate,11
11.0,E3_D-Glucose-1-Phosphate,11
11.25,E3_D-Glucose-1-Phosphate,11
11.5,E3_D-Glucose-1-Phosphate,11
11.75,E3_D-Glucose-1-Phosphate,11
12.0,E3_D-Glucose-1-Phosphate,11
12.25,E3_D-Glucose-1-Phosphate,11
12.5,E3_D-Glucose-1-Phosphate,11
12.75,E3_D-Glucose-1-Phosphate,11
13.0,E3_D-Glucose-1-Phosphate,11
13.25,E3_D-Glucose-1-Phosphate,11
13.5,E3_D-Glucose-1-Phosphate,11
13.75,E3_D-Glucose-1-Phosphate,11
14.0,E3_D-Glucose-1-Phosphate,11
14.25,E3_D-Glucose-1-Phosphate,11
14.5,E3_D-Glucose-1-Phosphate,13
14.75,E3_D-Glucose-1-Phosphate,11
15.0,E3_D-Glucose-1-Phosphate,11
15.25,E3_D-Glucose-1-Phosphate,11
15.5,E3_D-Glucose-1-Phosphate,11
15.75,E3_D-Glucose-1-Phosphate,12
16.0,E3_D-Glucose-1-Phosphate,14
16.25,E3_D-Glucose-1-Phosphate,12
16.5,E3_D-Glucose-1-Phosphate,11
16.75,E3_D-Glucose-1-Phosphate,12
17.0,E3_D-Glucose-1-Phosphate,11
17.25,E3_D-Glucose-1-Phosphate,13
17.5,E3_D-Glucose-1-Phosphate,13
17.75,E3_D-Glucose-1-Phosphate,11
18.0,E3_D-Glucose-1-Phosphate,15
18.25,E3_D-Glucose-1-Phosphate,11
18.5,E3_D-Glucose-1-Phosphate,11
18.75,E3_D-Glucose-1-Phosphate,13
19.0,E3_D-Glucose-1-Phosphate,13
19.25,E3_D-Glucose-1-Phosphate,13
19.5,E3_D-Glucose-1-Phosphate,14
19.75,E3_D-Glucose-1-Phosphate,14
20.0,E3_D-Glucose-1-Phosphate,13
20.25,E3_D-Glucose-1-Phosphate,14
20.5,E3_D-Glucose-1-Phosphate,13
20.75,E3_D-Glucose-1-Phosphate,18
21.0,E3_D-Glucose-1-Phosphate,13
21.25,E3_D-Glucose-1-Phosphate,14
21.5,E3_D-Glucose-1-Phosphate,17
21.75,E3_D-Glucose-1-Phosphate,15
22.0,E3_D-Glucose-1-Phosphate,19
22.25,E3_D-Glucose-1-Phosphate,16
22.5,E3_D-Glucose-1-Phosphate,13
22.75,E3_D-Glucose-1-Phosphate,18
23.0,E3_D-Glucose-1-Phosphate,16
23.25,E3_D-Glucose-1-Phosphate,14
23.5,E3_D-Glucose-1-Phosphate,16
23.75,E3_D-Glucose-1-Phosphate,14
24.0,E3_D-Glucose-1-Phosphate,17
24.25,E3_D-Glucose-1-Phosphate,17
24.5,E3_D-Glucose-1-Phosphate,16
24.75,E3_D-Glucose-1-Phosphate,11
25.0,E3_D-Glucose-1-Phosphate,13
25.25,E3_D-Glucose-1-Phosphate,14
25.5,E3_D-Glucose-1-Phosphate,15
25.75,E3_D-Glucose-1-Phosphate,14
26.0,E3_D-Glucose-1-Phosphate,14
26.25,E3_D-Glucose-1-Phosphate,15
26.5,E3_D-Glucose-1-Phosphate,14
26.75,E3_D-Glucose-1-Phosphate,13
27.0,E3_D-Glucose-1-Phosphate,18
27.25,E3_D-Glucose-1-Phosphate,12
27.5,E3_D-Glucose-1-Phosphate,18
27.75,E3_D-Glucose-1-Phosphate,13
28.0,E3_D-Glucose-1-Phosphate,15
28.25,E3_D-Glucose-1-Phosphate,17
28.5,E3_D-Glucose-1-Phosphate,18
28.75,E3_D-Glucose-1-Phosphate,14
29.0,E3_D-Glucose-1-Phosphate,17
29.25,E3_D-Glucose-1-Phosphate,16
29.5,E3_D-Glucose-1-Phosphate,18
29.75,E3_D-Glucose-1-Phosphate,15
30.0,E3_D-Glucose-1-Phosphate,16
30.25,E3_D-Glucose-1-Phosphate,14
30.5,E3_D-Glucose-1-Phosphate,15
30.75,E3_D-Glucose-1-Phosphate,16
31.0,E3_D-Glucose-1-Phosphate,13
31.25,E3_D-Glucose-1-Phosphate,17
31.5,E3_D-Glucose-1-Phosphate,16
31.75,E3_D-Glucose-1-Phosphate,14
32.0,E3_D-Glucose-1-Phosphate,18
32.25,E3_D-Glucose-1-Phosphate,16
32.5,E3_D-Glucose-1-Phosphate,17
32.75,E3_D-Glucose-1-Phosphate,15
33.0,E3_D-Glucose-1-Phosphate,16
33.25,E3_D-Glucose-1-Phosphate,16
33.5,E3_D-Glucose-1-Phosphate,15
33.75,E3_D-Glucose-1-Phosphate,17
34.0,E3_D-Glucose-1-Phosphate,15
34.25,E3_D-Glucose-1-Phosphate,17
34.5,E3_D-Glucose-1-Phosphate,15
34.75,E3_D-Glucose-1-Phosphate,17
35.0,E3_D-Glucose-1-Phosphate,15
35.25,E3_D-Glucose-1-Phosphate,17
35.5,E3_D-Glucose-1-Phosphate,16
35.75,E3_D-Glucose-1-Phosphate,17
36.0,E3_D-Glucose-1-Phosphate,17
36.25,E3_D-Glucose-1-Phosphate,17
36.5,E3_D-Glucose-1-Phosphate,18
36.75,E3_D-Glucose-1-Phosphate,14
37.0,E3_D-Glucose-1-Phosphate,19
37.25,E3_D-Glucose-1-Phosphate,15
37.5,E3_D-Glucose-1-Phosphate,12
37.75,E3_D-Glucose-1-Phosphate,14
38.0,E3_D-Glucose-1-Phosphate,11
38.25,E3_D-Glucose-1-Phosphate,14
38.5,E3_D-Glucose-1-Phosphate,16
38.75,E3_D-Glucose-1-Phosphate,18
39.0,E3_D-Glucose-1-Phosphate,18
39.25,E3_D-Glucose-1-Phosphate,13
39.5,E3_D-Glucose-1-Phosphate,13
39.75,E3_D-Glucose-1-Phosphate,14
40.0,E3_D-Glucose-1-Phosphate,17
40.25,E3_D-Glucose-1-Phosphate,13
40.5,E3_D-Glucose-1-Phosphate,15
40.75,E3_D-Glucose-1-Phosphate,15
41.0,E3_D-Glucose-1-Phosphate,19
41.25,E3_D-Glucose-1-Phosphate,14
41.5,E3_D-Glucose-1-Phosphate,17
41.75,E3_D-Glucose-1-Phosphate,20
42.0,E3_D-Glucose-1-Phosphate,18
42.25,E3_D-Glucose-1-Phosphate,18
42.5,E3_D-Glucose-1-Phosphate,17
42.75,E3_D-Glucose-1-Phosphate,19
43.0,E3_D-Glucose-1-Phosphate,21
43.25,E3_D-Glucose-1-Phosphate,18
43.5,E3_D-Glucose-1-Phosphate,15
43.75,E3_D-Glucose-1-Phosphate,18
44.0,E3_D-Glucose-1-Phosphate,18
44.25,E3_D-Glucose-1-Phosphate,17
44.5,E3_D-Glucose-1-Phosphate,15
44.75,E3_D-Glucose-1-Phosphate,16
45.0,E3_D-Glucose-1-Phosphate,19
45.25,E3_D-Glucose-1-Phosphate,18
45.5,E3_D-Glucose-1-Phosphate,17
45.75,E3_D-Glucose-1-Phosphate,18
46.0,E3_D-Glucose-1-Phosphate,17
46.25,E3_D-Glucose-1-Phosphate,18
46.5,E3_D-Glucose-1-Phosphate,17
46.75,E3_D-Glucose-1-Phosphate,17
47.0,E3_D-Glucose-1-Phosphate,17
47.25,E3_D-Glucose-1-Phosphate,15
47.5,E3_D-Glucose-1-Phosphate,19
47.75,E3_D-Glucose-1-Phosphate,17
48.0,E3_D-Glucose-1-Phosphate,16
48.25,E3_D-Glucose-1-Phosphate,19
0.0,E4_D-Fructose-6-Phosphate,11
0.25,E4_D-Fructose-6-Phosphate,11
0.5,E4_D-Fructose-6-Phosphate,11
0.75,E4_D-Fructose-6-Phosphate,11
1.0,E4_D-Fructose-6-Phosphate,11
1.25,E4_D-Fructose-6-Phosphate,11
1.5,E4_D-Fructose-6-Phosphate,11
1.75,E4_D-Fructose-6-Phosphate,11
2.0,E4_D-Fructose-6-Phosphate,11
2.25,E4_D-Fructose-6-Phosphate,11
2.5,E4_D-Fructose-6-Phosphate,11
2.75,E4_D-Fructose-6-Phosphate,11
3.0,E4_D-Fructose-6-Phosphate,11
3.25,E4_D-Fructose-6-Phosphate,11
3.5,E4_D-Fructose-6-Phosphate,11
3.75,E4_D-Fructose-6-Phosphate,11
4.0,E4_D-Fructose-6-Phosphate,11
4.25,E4_D-Fructose-6-Phosphate,11
4.5,E4_D-Fructose-6-Phosphate,11
4.75,E4_D-Fructose-6-Phosphate,11
5.0,E4_D-Fructose-6-Phosphate,11
5.25,E4_D-Fructose-6-Phosphate,11
5.5,E4_D-Fructose-6-Phosphate,11
5.75,E4_D-Fructose-6-Phosphate,11
6.0,E4_D-Fructose-6-Phosphate,11
6.25,E4_D-Fructose-6-Phosphate,11
6.5,E4_D-Fructose-6-Phosphate,11
6.75,E4_D-Fructose-6-Phosphate,11
7.0,E4_D-Fructose-6-Phosphate,11
7.25,E4_D-Fructose-6-Phosphate,11
7.5,E4_D-Fructose-6-Phosphate,11
7.75,E4_D-Fructose-6-Phosphate,11
8.0,E4_D-Fructose-6-Phosphate,13
8.25,E4_D-Fructose-6-Phosphate,11
8.5,E4_D-Fructose-6-Phosphate,11
8.75,E4_D-Fructose-6-Phosphate,11
9.0,E4_D-Fructose-6-Phosphate,11
9.25,E4_D-Fructose-6-Phosphate,12
9.5,E4_D-Fructose-6-Phosphate,11
9.75,E4_D-Fructose-6-Phosphate,11
10.0,E4_D-Fructose-6-Phosphate,11
10.25,E4_D-Fructose-6-Phosphate,11
10.5,E4_D-Fructose-6-Phosphate,11
10.75,E4_D-Fructose-6-Phosphate,11
11.0,E4_D-Fructose-6-Phosphate,11
11.25,E4_D-Fructose-6-Phosphate,11
11.5,E4_D-Fructose-6-Phosphate,11
11.75,E4_D-Fructose-6-Phosphate,11
12.0,E4_D-Fructose-6-Phosphate,12
12.25,E4_D-Fructose-6-Phosphate,11
12.5,E4_D-Fructose-6-Phosphate,11
12.75,E4_D-Fructose-6-Phosphate,11
13.0,E4_D-Fructose-6-Phosphate,11
13.25,E4_D-Fructose-6-Phosphate,11
13.5,E4_D-Fructose-6-Phosphate,11
13.75,E4_D-Fructose-6-Phosphate,11
14.0,E4_D-Fructose-6-Phosphate,11
14.25,E4_D-Fructose-6-Phosphate,11
14.5,E4_D-Fructose-6-Phosphate,13
14.75,E4_D-Fructose-6-Phosphate,11
15.0,E4_D-Fructose-6-Phosphate,13
15.25,E4_D-Fructose-6-Phosphate,11
15.5,E4_D-Fructose-6-Phosphate,11
15.75,E4_D-Fructose-6-Phosphate,12
16.0,E4_D-Fructose-6-Phosphate,11
16.25,E4_D-Fructose-6-Phosphate,11
16.5,E4_D-Fructose-6-Phosphate,11
16.75,E4_D-Fructose-6-Phosphate,11
17.0,E4_D-Fructose-6-Phosphate,11
17.25,E4_D-Fructose-6-Phosphate,11
17.5,E4_D-Fructose-6-Phosphate,11
17.75,E4_D-Fructose-6-Phosphate,11
18.0,E4_D-Fructose-6-Phosphate,12
18.25,E4_D-Fructose-6-Phosphate,11
18.5,E4_D-Fructose-6-Phosphate,11
18.75,E4_D-Fructose-6-Phosphate,12
19.0,E4_D-Fructose-6-Phosphate,11
19.25,E4_D-Fructose-6-Phosphate,11
19.5,E4_D-Fructose-6-Phosphate,15
19.75,E4_D-Fructose-6-Phosphate,14
20.0,E4_D-Fructose-6-Phosphate,11
20.25,E4_D-Fructose-6-Phosphate,15
20.5,E4_D-Fructose-6-Phosphate,14
20.75,E4_D-Fructose-6-Phosphate,14
21.0,E4_D-Fructose-6-Phosphate,14
21.25,E4_D-Fructose-6-Phosphate,14
21.5,E4_D-Fructose-6-Phosphate,12
21.75,E4_D-Fructose-6-Phosphate,19
22.0,E4_D-Fructose-6-Phosphate,11
22.25,E4_D-Fructose-6-Phosphate,12
22.5,E4_D-Fructose-6-Phosphate,14
22.75,E4_D-Fructose-6-Phosphate,14
23.0,E4_D-Fructose-6-Phosphate,16
23.25,E4_D-Fructose-6-Phosphate,17
23.5,E4_D-Fructose-6-Phosphate,17
23.75,E4_D-Fructose-6-Phosphate,14
24.0,E4_D-Fructose-6-Phosphate,15
24.25,E4_D-Fructose-6-Phosphate,19
24.5,E4_D-Fructose-6-Phosphate,14
24.75,E4_D-Fructose-6-Phosphate,17
25.0,E4_D-Fructose-6-Phosphate,18
25.25,E4_D-Fructose-6-Phosphate,16
25.5,E4_D-Fructose-6-Phosphate,22
25.75,E4_D-Fructose-6-Phosphate,16
26.0,E4_D-Fructose-6-Phosphate,18
26.25,E4_D-Fructose-6-Phosphate,17
26.5,E4_D-Fructose-6-Phosphate,18
26.75,E4_D-Fructose-6-Phosphate,19
27.0,E4_D-Fructose-6-Phosphate,20
27.25,E4_D-Fructose-6-Phosphate,22
27.5,E4_D-Fructose-6-Phosphate,18
27.75,E4_D-Fructose-6-Phosphate,20
28.0,E4_D-Fructose-6-Phosphate,19
28.25,E4_D-Fructose-6-Phosphate,19
28.5,E4_D-Fructose-6-Phosphate,18
28.75,E4_D-Fructose-6-Phosphate,18
29.0,E4_D-Fructose-6-Phosphate,22
29.25,E4_D-Fructose-6-Phosphate,18
29.5,E4_D-Fructose-6-Phosphate,19
29.75,E4_D-Fructose-6-Phosphate,22
30.0,E4_D-Fructose-6-Phosphate,18
30.25,E4_D-Fructose-6-Phosphate,22
30.5,E4_D-Fructose-6-Phosphate,21
30.75,E4_D-Fructose-6-Phosphate,21
31.0,E4_D-Fructose-6-Phosphate,21
31.25,E4_D-Fructose-6-Phosphate,20
31.5,E4_D-Fructose-6-Phosphate,24
31.75,E4_D-Fructose-6-Phosphate,21
32.0,E4_D-Fructose-6-Phosphate,22
32.25,E4_D-Fructose-6-Phosphate,22
32.5,E4_D-Fructose-6-Phosphate,22
32.75,E4_D-Fructose-6-Phosphate,21
33.0,E4_D-Fructose-6-Phosphate,16
33.25,E4_D-Fructose-6-Phosphate,18
33.5,E4_D-Fructose-6-Phosphate,16
33.75,E4_D-Fructose-6-Phosphate,19
34.0,E4_D-Fructose-6-Phosphate,18
34.25,E4_D-Fructose-6-Phosphate,23
34.5,E4_D-Fructose-6-Phosphate,19
34.75,E4_D-Fructose-6-Phosphate,19
35.0,E4_D-Fructose-6-Phosphate,15
35.25,E4_D-Fructose-6-Phosphate,21
35.5,E4_D-Fructose-6-Phosphate,18
35.75,E4_D-Fructose-6-Phosphate,23
36.0,E4_D-Fructose-6-Phosphate,23
36.25,E4_D-Fructose-6-Phosphate,22
36.5,E4_D-Fructose-6-Phosphate,21
36.75,E4_D-Fructose-6-Phosphate,22
37.0,E4_D-Fructose-6-Phosphate,20
37.25,E4_D-Fructose-6-Phosphate,21
37.5,E4_D-Fructose-6-Phosphate,18
37.75,E4_D-Fructose-6-Phosphate,25
38.0,E4_D-Fructose-6-Phosphate,20
38.25,E4_D-Fructose-6-Phosphate,17
38.5,E4_D-Fructose-6-Phosphate,22
38.75,E4_D-Fructose-6-Phosphate,18
39.0,E4_D-Fructose-6-Phosphate,24
39.25,E4_D-Fructose-6-Phosphate,21
39.5,E4_D-Fructose-6-Phosphate,17
39.75,E4_D-Fructose-6-Phosphate,15
40.0,E4_D-Fructose-6-Phosphate,14
40.25,E4_D-Fructose-6-Phosphate,18
40.5,E4_D-Fructose-6-Phosphate,20
40.75,E4_D-Fructose-6-Phosphate,21
41.0,E4_D-Fructose-6-Phosphate,23
41.25,E4_D-Fructose-6-Phosphate,15
41.5,E4_D-Fructose-6-Phosphate,22
41.75,E4_D-Fructose-6-Phosphate,19
42.0,E4_D-Fructose-6-Phosphate,21
42.25,E4_D-Fructose-6-Phosphate,20
42.5,E4_D-Fructose-6-Phosphate,24
42.75,E4_D-Fructose-6-Phosphate,23
43.0,E4_D-Fructose-6-Phosphate,20
43.25,E4_D-Fructose-6-Phosphate,20
43.5,E4_D-Fructose-6-Phosphate,23
43.75,E4_D-Fructose-6-Phosphate,21
44.0,E4_D-Fructose-6-Phosphate,19
44.25,E4_D-Fructose-6-Phosphate,23
44.5,E4_D-Fructose-6-Phosphate,18
44.75,E4_D-Fructose-6-Phosphate,18
45.0,E4_D-Fructose-6-Phosphate,22
45.25,E4_D-Fructose-6-Phosphate,23
45.5,E4_D-Fructose-6-Phosphate,20
45.75,E4_D-Fructose-6-Phosphate,20
46.0,E4_D-Fructose-6-Phosphate,21
46.25,E4_D-Fructose-6-Phosphate,23
46.5,E4_D-Fructose-6-Phosphate,23
46.75,E4_D-Fructose-6-Phosphate,18
47.0,E4_D-Fructose-6-Phosphate,19
47.25,E4_D-Fructose-6-Phosphate,22
47.5,E4_D-Fructose-6-Phosphate,23
47.75,E4_D-Fructose-6-Phosphate,19
48.0,E4_D-Fructose-6-Phosphate,18
48.25,E4_D-Fructose-6-Phosphate,19
0.0,E5_Tween_80,11
0.25,E5_Tween_80,11
0.5,E5_Tween_80,11
0.75,E5_Tween_80,11
1.0,E5_Tween_80,11
1.25,E5_Tween_80,11
1.5,E5_Tween_80,11
1.75,E5_Tween_80,11
2.0,E5_Tween_80,11
2.25,E5_Tween_80,11
2.5,E5_Tween_80,11
2.75,E5_Tween_80,11
3.0,E5_Tween_80,11
3.25,E5_Tween_80,11
3.5,E5_Tween_80,11
3.75,E5_Tween_80,11
4.0,E5_Tween_80,11
4.25,E5_Tween_80,11
4.5,E5_Tween_80,11
4.75,E5_Tween_80,11
5.0,E5_Tween_80,11
5.25,E5_Tween_80,11
5.5,E5_Tween_80,11
5.75,E5_Tween_80,11
6.0,E5_Tween_80,11
6.25,E5_Tween_80,11
6.5,E5_Tween_80,11
6.75,E5_Tween_80,11
7.0,E5_Tween_80,11
7.25,E5_Tween_80,11
7.5,E5_Tween_80,11
7.75,E5_Tween_80,11
8.0,E5_Tween_80,11
8.25,E5_Tween_80,11
8.5,E5_Tween_80,11
8.75,E5_Tween_80,11
9.0,E5_Tween_80,11
9.25,E5_Tween_80,11
9.5,E5_Tween_80,11
9.75,E5_Tween_80,11
10.0,E5_Tween_80,11
10.25,E5_Tween_80,11
10.5,E5_Tween_80,11
10.75,E5_Tween_80,11
11.0,E5_Tween_80,11
11.25,E5_Tween_80,11
11.5,E5_Tween_80,11
11.75,E5_Tween_80,11
12.0,E5_Tween_80,11
12.25,E5_Tween_80,11
12.5,E5_Tween_80,11
12.75,E5_Tween_80,11
13.0,E5_Tween_80,11
13.25,E5_Tween_80,11
13.5,E5_Tween_80,11
13.75,E5_Tween_80,11
14.0,E5_Tween_80,11
14.25,E5_Tween_80,11
14.5,E5_Tween_80,11
14.75,E5_Tween_80,11
15.0,E5_Tween_80,11
15.25,E5_Tween_80,11
15.5,E5_Tween_80,11
15.75,E5_Tween_80,11
16.0,E5_Tween_80,11
16.25,E5_Tween_80,11
16.5,E5_Tween_80,11
16.75,E5_Tween_80,11
17.0,E5_Tween_80,11
17.25,E5_Tween_80,11
17.5,E5_Tween_80,11
17.75,E5_Tween_80,11
18.0,E5_Tween_80,11
18.25,E5_Tween_80,11
18.5,E5_Tween_80,11
18.75,E5_Tween_80,11
19.0,E5_Tween_80,11
19.25,E5_Tween_80,14
19.5,E5_Tween_80,11
19.75,E5_Tween_80,11
20.0,E5_Tween_80,13
20.25,E5_Tween_80,16
20.5,E5_Tween_80,16
20.75,E5_Tween_80,16
21.0,E5_Tween_80,11
21.25,E5_Tween_80,13
21.5,E5_Tween_80,12
21.75,E5_Tween_80,13
22.0,E5_Tween_80,11
22.25,E5_Tween_80,16
22.5,E5_Tween_80,12
22.75,E5_Tween_80,14
23.0,E5_Tween_80,13
23.25,E5_Tween_80,11
23.5,E5_Tween_80,19
23.75,E5_Tween_80,13
24.0,E5_Tween_80,15
24.25,E5_Tween_80,16
24.5,E5_Tween_80,18
24.75,E5_Tween_80,14
25.0,E5_Tween_80,20
25.25,E5_Tween_80,14
25.5,E5_Tween_80,14
25.75,E5_Tween_80,16
26.0,E5_Tween_80,15
26.25,E5_Tween_80,14
26.5,E5_Tween_80,17
26.75,E5_Tween_80,18
27.0,E5_Tween_80,18
27.25,E5_Tween_80,20
27.5,E5_Tween_80,14
27.75,E5_Tween_80,23
28.0,E5_Tween_80,17
28.25,E5_Tween_80,15
28.5,E5_Tween_80,16
28.75,E5_Tween_80,20
29.0,E5_Tween_80,19
29.25,E5_Tween_80,19
29.5,E5_Tween_80,22
29.75,E5_Tween_80,17
30.0,E5_Tween_80,18
30.25,E5_Tween_80,16
30.5,E5_Tween_80,21
30.75,E5_Tween_80,21
31.0,E5_Tween_80,18
31.25,E5_Tween_80,23
31.5,E5_Tween_80,18
31.75,E5_Tween_80,23
32.0,E5_Tween_80,22
32.25,E5_Tween_80,21
32.5,E5_Tween_80,19
32.75,E5_Tween_80,20
33.0,E5_Tween_80,23
33.25,E5_Tween_80,21
33.5,E5_Tween_80,26
33.75,E5_Tween_80,21
34.0,E5_Tween_80,21
34.25,E5_Tween_80,23
34.5,E5_Tween_80,23
34.75,E5_Tween_80,25
35.0,E5_Tween_80,22
35.25,E5_Tween_80,25
35.5,E5_Tween_80,30
35.75,E5_Tween_80,27
36.0,E5_Tween_80,27
36.25,E5_Tween_80,24
36.5,E5_Tween_80,29
36.75,E5_Tween_80,26
37.0,E5_Tween_80,23
37.25,E5_Tween_80,25
37.5,E5_Tween_80,22
37.75,E5_Tween_80,28
38.0,E5_Tween_80,23
38.25,E5_Tween_80,29
38.5,E5_Tween_80,28
38.75,E5_Tween_80,34
39.0,E5_Tween_80,29
39.25,E5_Tween_80,29
39.5,E5_Tween_80,31
39.75,E5_Tween_80,28
40.0,E5_Tween_80,32
40.25,E5_Tween_80,30
40.5,E5_Tween_80,32
40.75,E5_Tween_80,29
41.0,E5_Tween_80,35
41.25,E5_Tween_80,32
41.5,E5_Tween_80,34
41.75,E5_Tween_80,35
42.0,E5_Tween_80,35
42.25,E5_Tween_80,36
42.5,E5_Tween_80,40
42.75,E5_Tween_80,36
43.0,E5_Tween_80,34
43.25,E5_Tween_80,37
43.5,E5_Tween_80,37
43.75,E5_Tween_80,41
44.0,E5_Tween_80,34
44.25,E5_Tween_80,39
44.5,E5_Tween_80,41
44.75,E5_Tween_80,41
45.0,E5_Tween_80,40
45.25,E5_Tween_80,40
45.5,E5_Tween_80,42
45.75,E5_Tween_80,38
46.0,E5_Tween_80,45
46.25,E5_Tween_80,40
46.5,E5_Tween_80,42
46.75,E5_Tween_80,42
47.0,E5_Tween_80,40
47.25,E5_Tween_80,45
47.5,E5_Tween_80,43
47.75,E5_Tween_80,41
48.0,E5_Tween_80,41
48.25,E5_Tween_80,44
0.0,E6_a-Hydroxy_Glutaric_Acid-g_Lactone,11
0.25,E6_a-Hydroxy_Glutaric_Acid-g_Lactone,11
0.5,E6_a-Hydroxy_Glutaric_Acid-g_Lactone,11
0.75,E6_a-Hydroxy_Glutaric_Acid-g_Lactone,11
1.0,E6_a-Hydroxy_Glutaric_Acid-g_Lactone,11
1.25,E6_a-Hydroxy_Glutaric_Acid-g_Lactone,11
1.5,E6_a-Hydroxy_Glutaric_Acid-g_Lactone,11
1.75,E6_a-Hydroxy_Glutaric_Acid-g_Lactone,11
2.0,E6_a-Hydroxy_Glutaric_Acid-g_Lactone,11
2.25,E6_a-Hydroxy_Glutaric_Acid-g_Lactone,11
2.5,E6_a-Hydroxy_Glutaric_Acid-g_Lactone,11
2.75,E6_a-Hydroxy_Glutaric_Acid-g_Lactone,11
3.0,E6_a-Hydroxy_Glutaric_Acid-g_Lactone,11
3.25,E6_a-Hydroxy_Glutaric_Acid-g_Lactone,11
3.5,E6_a-Hydroxy_Glutaric_Acid-g_Lactone,11
3.75,E6_a-Hydroxy_Glutaric_Acid-g_Lactone,11
4.0,E6_a-Hydroxy_Glutaric_Acid-g_Lactone,11
4.25,E6_a-Hydroxy_Glutaric_Acid-g_Lactone,11
4.5,E6_a-Hydroxy_Glutaric_Acid-g_Lactone,11
4.75,E6_a-Hydroxy_Glutaric_Acid-g_Lactone,11
5.0,E6_a-Hydroxy_Glutaric_Acid-g_Lactone,11
5.25,E6_a-Hydroxy_Glutaric_Acid-g_Lactone,11
5.5,E6_a-Hydroxy_Glutaric_Acid-g_Lactone,11
5.75,E6_a-Hydroxy_Glutaric_Acid-g_Lactone,11
6.0,E6_a-Hydroxy_Glutaric_Acid-g_Lactone,11
6.25,E6_a-Hydroxy_Glutaric_Acid-g_Lactone,11
6.5,E6_a-Hydroxy_Glutaric_Acid-g_Lactone,11
6.75,E6_a-Hydroxy_Glutaric_Acid-g_Lactone,11
7.0,E6_a-Hydroxy_Glutaric_Acid-g_Lactone,11
7.25,E6_a-Hydroxy_Glutaric_Acid-g_Lactone,11
7.5,E6_a-Hydroxy_Glutaric_Acid-g_Lactone,11
7.75,E6_a-Hydroxy_Glutaric_Acid-g_Lactone,11
8.0,E6_a-Hydroxy_Glutaric_Acid-g_Lactone,11
8.25,E6_a-Hydroxy_Glutaric_Acid-g_Lactone,11
8.5,E6_a-Hydroxy_Glutaric_Acid-g_Lactone,11
8.75,E6_a-Hydroxy_Glutaric_Acid-g_Lactone,11
9.0,E6_a-Hydroxy_Glutaric_Acid-g_Lactone,11
9.25,E6_a-Hydroxy_Glutaric_Acid-g_Lactone,11
9.5,E6_a-Hydroxy_Glutaric_Acid-g_Lactone,11
9.75,E6_a-Hydroxy_Glutaric_Acid-g_Lactone,11
10.0,E6_a-Hydroxy_Glutaric_Acid-g_Lactone,11
10.25,E6_a-Hydroxy_Glutaric_Acid-g_Lactone,11
10.5,E6_a-Hydroxy_Glutaric_Acid-g_Lactone,11
10.75,E6_a-Hydroxy_Glutaric_Acid-g_Lactone,11
11.0,E6_a-Hydroxy_Glutaric_Acid-g_Lactone,11
11.25,E6_a-Hydroxy_Glutaric_Acid-g_Lactone,11
11.5,E6_a-Hydroxy_Glutaric_Acid-g_Lactone,11
11.75,E6_a-Hydroxy_Glutaric_Acid-g_Lactone,11
12.0,E6_a-Hydroxy_Glutaric_Acid-g_Lactone,11
12.25,E6_a-Hydroxy_Glutaric_Acid-g_Lactone,11
12.5,E6_a-Hydroxy_Glutaric_Acid-g_Lactone,11
12.75,E6_a-Hydroxy_Glutaric_Acid-g_Lactone,11
13.0,E6_a-Hydroxy_Glutaric_Acid-g_Lactone,11
13.25,E6_a-Hydroxy_Glutaric_Acid-g_Lactone,11
13.5,E6_a-Hydroxy_Glutaric_Acid-g_Lactone,11
13.75,E6_a-Hydroxy_Glutaric_Acid-g_Lactone,11
14.0,E6_a-Hydroxy_Glutaric_Acid-g_Lactone,11
14.25,E6_a-Hydroxy_Glutaric_Acid-g_Lactone,11
14.5,E6_a-Hydroxy_Glutaric_Acid-g_Lactone,11
14.75,E6_a-Hydroxy_Glutaric_Acid-g_Lactone,11
15.0,E6_a-Hydroxy_Glutaric_Acid-g_Lactone,11
15.25,E6_a-Hydroxy_Glutaric_Acid-g_Lactone,11
15.5,E6_a-Hydroxy_Glutaric_Acid-g_Lactone,11
15.75,E6_a-Hydroxy_Glutaric_Acid-g_Lactone,11
16.0,E6_a-Hydroxy_Glutaric_Acid-g_Lactone,11
16.25,E6_a-Hydroxy_Glutaric_Acid-g_Lactone,11
16.5,E6_a-Hydroxy_Glutaric_Acid-g_Lactone,11
16.75,E6_a-Hydroxy_Glutaric_Acid-g_Lactone,11
17.0,E6_a-Hydroxy_Glutaric_Acid-g_Lactone,11
17.25,E6_a-Hydroxy_Glutaric_Acid-g_Lactone,11
17.5,E6_a-Hydroxy_Glutaric_Acid-g_Lactone,12
17.75,E6_a-Hydroxy_Glutaric_Acid-g_Lactone,11
18.0,E6_a-Hydroxy_Glutaric_Acid-g_Lactone,11
18.25,E6_a-Hydroxy_Glutaric_Acid-g_Lactone,11
18.5,E6_a-Hydroxy_Glutaric_Acid-g_Lactone,11
18.75,E6_a-Hydroxy_Glutaric_Acid-g_Lactone,11
19.0,E6_a-Hydroxy_Glutaric_Acid-g_Lactone,11
19.25,E6_a-Hydroxy_Glutaric_Acid-g_Lactone,13
19.5,E6_a-Hydroxy_Glutaric_Acid-g_Lactone,11
19.75,E6_a-Hydroxy_Glutaric_Acid-g_Lactone,15
20.0,E6_a-Hydroxy_Glutaric_Acid-g_Lactone,12
20.25,E6_a-Hydroxy_Glutaric_Acid-g_Lactone,17
20.5,E6_a-Hydroxy_Glutaric_Acid-g_Lactone,14
20.75,E6_a-Hydroxy_Glutaric_Acid-g_Lactone,14
21.0,E6_a-Hydroxy_Glutaric_Acid-g_Lactone,11
21.25,E6_a-Hydroxy_Glutaric_Acid-g_Lactone,15
21.5,E6_a-Hydroxy_Glutaric_Acid-g_Lactone,18
21.75,E6_a-Hydroxy_Glutaric_Acid-g_Lactone,11
22.0,E6_a-Hydroxy_Glutaric_Acid-g_Lactone,15
22.25,E6_a-Hydroxy_Glutaric_Acid-g_Lactone,12
22.5,E6_a-Hydroxy_Glutaric_Acid-g_Lactone,21
22.75,E6_a-Hydroxy_Glutaric_Acid-g_Lactone,14
23.0,E6_a-Hydroxy_Glutaric_Acid-g_Lactone,17
23.25,E6_a-Hydroxy_Glutaric_Acid-g_Lactone,17
23.5,E6_a-Hydroxy_Glutaric_Acid-g_Lactone,19
23.75,E6_a-Hydroxy_Glutaric_Acid-g_Lactone,16
24.0,E6_a-Hydroxy_Glutaric_Acid-g_Lactone,19
24.25,E6_a-Hydroxy_Glutaric_Acid-g_Lactone,16
24.5,E6_a-Hydroxy_Glutaric_Acid-g_Lactone,20
24.75,E6_a-Hydroxy_Glutaric_Acid-g_Lactone,16
25.0,E6_a-Hydroxy_Glutaric_Acid-g_Lactone,21
25.25,E6_a-Hydroxy_Glutaric_Acid-g_Lactone,14
25.5,E6_a-Hydroxy_Glutaric_Acid-g_Lactone,19
25.75,E6_a-Hydroxy_Glutaric_Acid-g_Lactone,20
26.0,E6_a-Hydroxy_Glutaric_Acid-g_Lactone,15
26.25,E6_a-Hydroxy_Glutaric_Acid-g_Lactone,22
26.5,E6_a-Hydroxy_Glutaric_Acid-g_Lactone,21
26.75,E6_a-Hydroxy_Glutaric_Acid-g_Lactone,20
27.0,E6_a-Hydroxy_Glutaric_Acid-g_Lactone,19
27.25,E6_a-Hydroxy_Glutaric_Acid-g_Lactone,19
27.5,E6_a-Hydroxy_Glutaric_Acid-g_Lactone,23
27.75,E6_a-Hydroxy_Glutaric_Acid-g_Lactone,26
28.0,E6_a-Hydroxy_Glutaric_Acid-g_Lactone,18
28.25,E6_a-Hydroxy_Glutaric_Acid-g_Lactone,21
28.5,E6_a-Hydroxy_Glutaric_Acid-g_Lactone,28
28.75,E6_a-Hydroxy_Glutaric_Acid-g_Lactone,21
29.0,E6_a-Hydroxy_Glutaric_Acid-g_Lactone,24
29.25,E6_a-Hydroxy_Glutaric_Acid-g_Lactone,25
29.5,E6_a-Hydroxy_Glutaric_Acid-g_Lactone,22
29.75,E6_a-Hydroxy_Glutaric_Acid-g_Lactone,21
30.0,E6_a-Hydroxy_Glutaric_Acid-g_Lactone,21
30.25,E6_a-Hydroxy_Glutaric_Acid-g_Lactone,20
30.5,E6_a-Hydroxy_Glutaric_Acid-g_Lactone,25
30.75,E6_a-Hydroxy_Glutaric_Acid-g_Lactone,27
31.0,E6_a-Hydroxy_Glutaric_Acid-g_Lactone,24
31.25,E6_a-Hydroxy_Glutaric_Acid-g_Lactone,29
31.5,E6_a-Hydroxy_Glutaric_Acid-g_Lactone,25
31.75,E6_a-Hydroxy_Glutaric_Acid-g_Lactone,26
32.0,E6_a-Hydroxy_Glutaric_Acid-g_Lactone,27
32.25,E6_a-Hydroxy_Glutaric_Acid-g_Lactone,26
32.5,E6_a-Hydroxy_Glutaric_Acid-g_Lactone,23
32.75,E6_a-Hydroxy_Glutaric_Acid-g_Lactone,26
33.0,E6_a-Hydroxy_Glutaric_Acid-g_Lactone,27
33.25,E6_a-Hydroxy_Glutaric_Acid-g_Lactone,29
33.5,E6_a-Hydroxy_Glutaric_Acid-g_Lactone,27
33.75,E6_a-Hydroxy_Glutaric_Acid-g_Lactone,28
34.0,E6_a-Hydroxy_Glutaric_Acid-g_Lactone,29
34.25,E6_a-Hydroxy_Glutaric_Acid-g_Lactone,28
34.5,E6_a-Hydroxy_Glutaric_Acid-g_Lactone,28
34.75,E6_a-Hydroxy_Glutaric_Acid-g_Lactone,29
35.0,E6_a-Hydroxy_Glutaric_Acid-g_Lactone,25
35.25,E6_a-Hydroxy_Glutaric_Acid-g_Lactone,30
35.5,E6_a-Hydroxy_Glutaric_Acid-g_Lactone,27
35.75,E6_a-Hydroxy_Glutaric_Acid-g_Lactone,24
36.0,E6_a-Hydroxy_Glutaric_Acid-g_Lactone,32
36.25,E6_a-Hydroxy_Glutaric_Acid-g_Lactone,27
36.5,E6_a-Hydroxy_Glutaric_Acid-g_Lactone,24
36.75,E6_a-Hydroxy_Glutaric_Acid-g_Lactone,28
37.0,E6_a-Hydroxy_Glutaric_Acid-g_Lactone,26
37.25,E6_a-Hydroxy_Glutaric_Acid-g_Lactone,25
37.5,E6_a-Hydroxy_Glutaric_Acid-g_Lactone,28
37.75,E6_a-Hydroxy_Glutaric_Acid-g_Lactone,29
38.0,E6_a-Hydroxy_Glutaric_Acid-g_Lactone,26
38.25,E6_a-Hydroxy_Glutaric_Acid-g_Lactone,27
38.5,E6_a-Hydroxy_Glutaric_Acid-g_Lactone,26
38.75,E6_a-Hydroxy_Glutaric_Acid-g_Lactone,28
39.0,E6_a-Hydroxy_Glutaric_Acid-g_Lactone,31
39.25,E6_a-Hydroxy_Glutaric_Acid-g_Lactone,31
39.5,E6_a-Hydroxy_Glutaric_Acid-g_Lactone,27
39.75,E6_a-Hydroxy_Glutaric_Acid-g_Lactone,25
40.0,E6_a-Hydroxy_Glutaric_Acid-g_Lactone,26
40.25,E6_a-Hydroxy_Glutaric_Acid-g_Lactone,30
40.5,E6_a-Hydroxy_Glutaric_Acid-g_Lactone,31
40.75,E6_a-Hydroxy_Glutaric_Acid-g_Lactone,28
41.0,E6_a-Hydroxy_Glutaric_Acid-g_Lactone,27
41.25,E6_a-Hydroxy_Glutaric_Acid-g_Lactone,27
41.5,E6_a-Hydroxy_Glutaric_Acid-g_Lactone,27
41.75,E6_a-Hydroxy_Glutaric_Acid-g_Lactone,30
42.0,E6_a-Hydroxy_Glutaric_Acid-g_Lactone,28
42.25,E6_a-Hydroxy_Glutaric_Acid-g_Lactone,27
42.5,E6_a-Hydroxy_Glutaric_Acid-g_Lactone,31
42.75,E6_a-Hydroxy_Glutaric_Acid-g_Lactone,28
43.0,E6_a-Hydroxy_Glutaric_Acid-g_Lactone,32
43.25,E6_a-Hydroxy_Glutaric_Acid-g_Lactone,32
43.5,E6_a-Hydroxy_Glutaric_Acid-g_Lactone,29
43.75,E6_a-Hydroxy_Glutaric_Acid-g_Lactone,29
44.0,E6_a-Hydroxy_Glutaric_Acid-g_Lactone,30
44.25,E6_a-Hydroxy_Glutaric_Acid-g_Lactone,30
44.5,E6_a-Hydroxy_Glutaric_Acid-g_Lactone,32
44.75,E6_a-Hydroxy_Glutaric_Acid-g_Lactone,26
45.0,E6_a-Hydroxy_Glutaric_Acid-g_Lactone,28
45.25,E6_a-Hydroxy_Glutaric_Acid-g_Lactone,29
45.5,E6_a-Hydroxy_Glutaric_Acid-g_Lactone,35
45.75,E6_a-Hydroxy_Glutaric_Acid-g_Lactone,30
46.0,E6_a-Hydroxy_Glutaric_Acid-g_Lactone,29
46.25,E6_a-Hydroxy_Glutaric_Acid-g_Lactone,32
46.5,E6_a-Hydroxy_Glutaric_Acid-g_Lactone,30
46.75,E6_a-Hydroxy_Glutaric_Acid-g_Lactone,30
47.0,E6_a-Hydroxy_Glutaric_Acid-g_Lactone,30
47.25,E6_a-Hydroxy_Glutaric_Acid-g_Lactone,32
47.5,E6_a-Hydroxy_Glutaric_Acid-g_Lactone,27
47.75,E6_a-Hydroxy_Glutaric_Acid-g_Lactone,31
48.0,E6_a-Hydroxy_Glutaric_Acid-g_Lactone,30
48.25,E6_a-Hydroxy_Glutaric_Acid-g_Lactone,31
0.0,E7_a-Hydroxy_Butyric_Acid,11
0.25,E7_a-Hydroxy_Butyric_Acid,11
0.5,E7_a-Hydroxy_Butyric_Acid,11
0.75,E7_a-Hydroxy_Butyric_Acid,11
1.0,E7_a-Hydroxy_Butyric_Acid,11
1.25,E7_a-Hydroxy_Butyric_Acid,11
1.5,E7_a-Hydroxy_Butyric_Acid,11
1.75,E7_a-Hydroxy_Butyric_Acid,11
2.0,E7_a-Hydroxy_Butyric_Acid,11
2.25,E7_a-Hydroxy_Butyric_Acid,11
2.5,E7_a-Hydroxy_Butyric_Acid,11
2.75,E7_a-Hydroxy_Butyric_Acid,11
3.0,E7_a-Hydroxy_Butyric_Acid,11
3.25,E7_a-Hydroxy_Butyric_Acid,11
3.5,E7_a-Hydroxy_Butyric_Acid,11
3.75,E7_a-Hydroxy_Butyric_Acid,11
4.0,E7_a-Hydroxy_Butyric_Acid,11
4.25,E7_a-Hydroxy_Butyric_Acid,11
4.5,E7_a-Hydroxy_Butyric_Acid,11
4.75,E7_a-Hydroxy_Butyric_Acid,11
5.0,E7_a-Hydroxy_Butyric_Acid,11
5.25,E7_a-Hydroxy_Butyric_Acid,11
5.5,E7_a-Hydroxy_Butyric_Acid,11
5.75,E7_a-Hydroxy_Butyric_Acid,11
6.0,E7_a-Hydroxy_Butyric_Acid,11
6.25,E7_a-Hydroxy_Butyric_Acid,11
6.5,E7_a-Hydroxy_Butyric_Acid,11
6.75,E7_a-Hydroxy_Butyric_Acid,11
7.0,E7_a-Hydroxy_Butyric_Acid,11
7.25,E7_a-Hydroxy_Butyric_Acid,11
7.5,E7_a-Hydroxy_Butyric_Acid,11
7.75,E7_a-Hydroxy_Butyric_Acid,11
8.0,E7_a-Hydroxy_Butyric_Acid,11
8.25,E7_a-Hydroxy_Butyric_Acid,11
8.5,E7_a-Hydroxy_Butyric_Acid,11
8.75,E7_a-Hydroxy_Butyric_Acid,11
9.0,E7_a-Hydroxy_Butyric_Acid,11
9.25,E7_a-Hydroxy_Butyric_Acid,11
9.5,E7_a-Hydroxy_Butyric_Acid,11
9.75,E7_a-Hydroxy_Butyric_Acid,11
10.0,E7_a-Hydroxy_Butyric_Acid,11
10.25,E7_a-Hydroxy_Butyric_Acid,11
10.5,E7_a-Hydroxy_Butyric_Acid,11
10.75,E7_a-Hydroxy_Butyric_Acid,11
11.0,E7_a-Hydroxy_Butyric_Acid,11
11.25,E7_a-Hydroxy_Butyric_Acid,11
11.5,E7_a-Hydroxy_Butyric_Acid,11
11.75,E7_a-Hydroxy_Butyric_Acid,11
12.0,E7_a-Hydroxy_Butyric_Acid,11
12.25,E7_a-Hydroxy_Butyric_Acid,11
12.5,E7_a-Hydroxy_Butyric_Acid,11
12.75,E7_a-Hydroxy_Butyric_Acid,11
13.0,E7_a-Hydroxy_Butyric_Acid,11
13.25,E7_a-Hydroxy_Butyric_Acid,11
13.5,E7_a-Hydroxy_Butyric_Acid,11
13.75,E7_a-Hydroxy_Butyric_Acid,11
14.0,E7_a-Hydroxy_Butyric_Acid,11
14.25,E7_a-Hydroxy_Butyric_Acid,11
14.5,E7_a-Hydroxy_Butyric_Acid,11
14.75,E7_a-Hydroxy_Butyric_Acid,11
15.0,E7_a-Hydroxy_Butyric_Acid,11
15.25,E7_a-Hydroxy_Butyric_Acid,11
15.5,E7_a-Hydroxy_Butyric_Acid,11
15.75,E7_a-Hydroxy_Butyric_Acid,11
16.0,E7_a-Hydroxy_Butyric_Acid,11
16.25,E7_a-Hydroxy_Butyric_Acid,11
16.5,E7_a-Hydroxy_Butyric_Acid,11
16.75,E7_a-Hydroxy_Butyric_Acid,11
17.0,E7_a-Hydroxy_Butyric_Acid,11
17.25,E7_a-Hydroxy_Butyric_Acid,11
17.5,E7_a-Hydroxy_Butyric_Acid,11
17.75,E7_a-Hydroxy_Butyric_Acid,11
18.0,E7_a-Hydroxy_Butyric_Acid,11
18.25,E7_a-Hydroxy_Butyric_Acid,11
18.5,E7_a-Hydroxy_Butyric_Acid,11
18.75,E7_a-Hydroxy_Butyric_Acid,11
19.0,E7_a-Hydroxy_Butyric_Acid,11
19.25,E7_a-Hydroxy_Butyric_Acid,11
19.5,E7_a-Hydroxy_Butyric_Acid,11
19.75,E7_a-Hydroxy_Butyric_Acid,11
20.0,E7_a-Hydroxy_Butyric_Acid,11
20.25,E7_a-Hydroxy_Butyric_Acid,11
20.5,E7_a-Hydroxy_Butyric_Acid,11
20.75,E7_a-Hydroxy_Butyric_Acid,11
21.0,E7_a-Hydroxy_Butyric_Acid,11
21.25,E7_a-Hydroxy_Butyric_Acid,11
21.5,E7_a-Hydroxy_Butyric_Acid,11
21.75,E7_a-Hydroxy_Butyric_Acid,11
22.0,E7_a-Hydroxy_Butyric_Acid,11
22.25,E7_a-Hydroxy_Butyric_Acid,11
22.5,E7_a-Hydroxy_Butyric_Acid,11
22.75,E7_a-Hydroxy_Butyric_Acid,11
23.0,E7_a-Hydroxy_Butyric_Acid,11
23.25,E7_a-Hydroxy_Butyric_Acid,11
23.5,E7_a-Hydroxy_Butyric_Acid,11
23.75,E7_a-Hydroxy_Butyric_Acid,11
24.0,E7_a-Hydroxy_Butyric_Acid,11
24.25,E7_a-Hydroxy_Butyric_Acid,11
24.5,E7_a-Hydroxy_Butyric_Acid,11
24.75,E7_a-Hydroxy_Butyric_Acid,11
25.0,E7_a-Hydroxy_Butyric_Acid,11
25.25,E7_a-Hydroxy_Butyric_Acid,11
25.5,E7_a-Hydroxy_Butyric_Acid,11
25.75,E7_a-Hydroxy_Butyric_Acid,11
26.0,E7_a-Hydroxy_Butyric_Acid,11
26.25,E7_a-Hydroxy_Butyric_Acid,11
26.5,E7_a-Hydroxy_Butyric_Acid,11
26.75,E7_a-Hydroxy_Butyric_Acid,11
27.0,E7_a-Hydroxy_Butyric_Acid,11
27.25,E7_a-Hydroxy_Butyric_Acid,11
27.5,E7_a-Hydroxy_Butyric_Acid,13
27.75,E7_a-Hydroxy_Butyric_Acid,12
28.0,E7_a-Hydroxy_Butyric_Acid,11
28.25,E7_a-Hydroxy_Butyric_Acid,11
28.5,E7_a-Hydroxy_Butyric_Acid,14
28.75,E7_a-Hydroxy_Butyric_Acid,11
29.0,E7_a-Hydroxy_Butyric_Acid,14
29.25,E7_a-Hydroxy_Butyric_Acid,11
29.5,E7_a-Hydroxy_Butyric_Acid,11
29.75,E7_a-Hydroxy_Butyric_Acid,12
30.0,E7_a-Hydroxy_Butyric_Acid,11
30.25,E7_a-Hydroxy_Butyric_Acid,11
30.5,E7_a-Hydroxy_Butyric_Acid,11
30.75,E7_a-Hydroxy_Butyric_Acid,11
31.0,E7_a-Hydroxy_Butyric_Acid,11
31.25,E7_a-Hydroxy_Butyric_Acid,11
31.5,E7_a-Hydroxy_Butyric_Acid,11
31.75,E7_a-Hydroxy_Butyric_Acid,11
32.0,E7_a-Hydroxy_Butyric_Acid,11
32.25,E7_a-Hydroxy_Butyric_Acid,12
32.5,E7_a-Hydroxy_Butyric_Acid,11
32.75,E7_a-Hydroxy_Butyric_Acid,12
33.0,E7_a-Hydroxy_Butyric_Acid,11
33.25,E7_a-Hydroxy_Butyric_Acid,11
33.5,E7_a-Hydroxy_Butyric_Acid,11
33.75,E7_a-Hydroxy_Butyric_Acid,11
34.0,E7_a-Hydroxy_Butyric_Acid,11
34.25,E7_a-Hydroxy_Butyric_Acid,11
34.5,E7_a-Hydroxy_Butyric_Acid,11
34.75,E7_a-Hydroxy_Butyric_Acid,11
35.0,E7_a-Hydroxy_Butyric_Acid,12
35.25,E7_a-Hydroxy_Butyric_Acid,11
35.5,E7_a-Hydroxy_Butyric_Acid,14
35.75,E7_a-Hydroxy_Butyric_Acid,12
36.0,E7_a-Hydroxy_Butyric_Acid,12
36.25,E7_a-Hydroxy_Butyric_Acid,14
36.5,E7_a-Hydroxy_Butyric_Acid,11
36.75,E7_a-Hydroxy_Butyric_Acid,11
37.0,E7_a-Hydroxy_Butyric_Acid,11
37.25,E7_a-Hydroxy_Butyric_Acid,12
37.5,E7_a-Hydroxy_Butyric_Acid,11
37.75,E7_a-Hydroxy_Butyric_Acid,11
38.0,E7_a-Hydroxy_Butyric_Acid,13
38.25,E7_a-Hydroxy_Butyric_Acid,11
38.5,E7_a-Hydroxy_Butyric_Acid,11
38.75,E7_a-Hydroxy_Butyric_Acid,11
39.0,E7_a-Hydroxy_Butyric_Acid,11
39.25,E7_a-Hydroxy_Butyric_Acid,14
39.5,E7_a-Hydroxy_Butyric_Acid,11
39.75,E7_a-Hydroxy_Butyric_Acid,11
40.0,E7_a-Hydroxy_Butyric_Acid,11
40.25,E7_a-Hydroxy_Butyric_Acid,13
40.5,E7_a-Hydroxy_Butyric_Acid,11
40.75,E7_a-Hydroxy_Butyric_Acid,11
41.0,E7_a-Hydroxy_Butyric_Acid,11
41.25,E7_a-Hydroxy_Butyric_Acid,11
41.5,E7_a-Hydroxy_Butyric_Acid,14
41.75,E7_a-Hydroxy_Butyric_Acid,14
42.0,E7_a-Hydroxy_Butyric_Acid,15
42.25,E7_a-Hydroxy_Butyric_Acid,16
42.5,E7_a-Hydroxy_Butyric_Acid,13
42.75,E7_a-Hydroxy_Butyric_Acid,11
43.0,E7_a-Hydroxy_Butyric_Acid,13
43.25,E7_a-Hydroxy_Butyric_Acid,13
43.5,E7_a-Hydroxy_Butyric_Acid,11
43.75,E7_a-Hydroxy_Butyric_Acid,11
44.0,E7_a-Hydroxy_Butyric_Acid,12
44.25,E7_a-Hydroxy_Butyric_Acid,11
44.5,E7_a-Hydroxy_Butyric_Acid,11
44.75,E7_a-Hydroxy_Butyric_Acid,11
45.0,E7_a-Hydroxy_Butyric_Acid,11
45.25,E7_a-Hydroxy_Butyric_Acid,12
45.5,E7_a-Hydroxy_Butyric_Acid,13
45.75,E7_a-Hydroxy_Butyric_Acid,11
46.0,E7_a-Hydroxy_Butyric_Acid,12
46.25,E7_a-Hydroxy_Butyric_Acid,16
46.5,E7_a-Hydroxy_Butyric_Acid,11
46.75,E7_a-Hydroxy_Butyric_Acid,11
47.0,E7_a-Hydroxy_Butyric_Acid,13
47.25,E7_a-Hydroxy_Butyric_Acid,13
47.5,E7_a-Hydroxy_Butyric_Acid,11
47.75,E7_a-Hydroxy_Butyric_Acid,12
48.0,E7_a-Hydroxy_Butyric_Acid,12
48.25,E7_a-Hydroxy_Butyric_Acid,16
0.0,E8_B-Methyl-D_Glucoside,11
0.25,E8_B-Methyl-D_Glucoside,11
0.5,E8_B-Methyl-D_Glucoside,11
0.75,E8_B-Methyl-D_Glucoside,11
1.0,E8_B-Methyl-D_Glucoside,11
1.25,E8_B-Methyl-D_Glucoside,11
1.5,E8_B-Methyl-D_Glucoside,11
1.75,E8_B-Methyl-D_Glucoside,11
2.0,E8_B-Methyl-D_Glucoside,11
2.25,E8_B-Methyl-D_Glucoside,11
2.5,E8_B-Methyl-D_Glucoside,11
2.75,E8_B-Methyl-D_Glucoside,11
3.0,E8_B-Methyl-D_Glucoside,11
3.25,E8_B-Methyl-D_Glucoside,11
3.5,E8_B-Methyl-D_Glucoside,11
3.75,E8_B-Methyl-D_Glucoside,11
4.0,E8_B-Methyl-D_Glucoside,11
4.25,E8_B-Methyl-D_Glucoside,11
4.5,E8_B-Methyl-D_Glucoside,11
4.75,E8_B-Methyl-D_Glucoside,11
5.0,E8_B-Methyl-D_Glucoside,11
5.25,E8_B-Methyl-D_Glucoside,11
5.5,E8_B-Methyl-D_Glucoside,11
5.75,E8_B-Methyl-D_Glucoside,11
6.0,E8_B-Methyl-D_Glucoside,11
6.25,E8_B-Methyl-D_Glucoside,11
6.5,E8_B-Methyl-D_Glucoside,11
6.75,E8_B-Methyl-D_Glucoside,11
7.0,E8_B-Methyl-D_Glucoside,11
7.25,E8_B-Methyl-D_Glucoside,11
7.5,E8_B-Methyl-D_Glucoside,11
7.75,E8_B-Methyl-D_Glucoside,11
8.0,E8_B-Methyl-D_Glucoside,11
8.25,E8_B-Methyl-D_Glucoside,11
8.5,E8_B-Methyl-D_Glucoside,11
8.75,E8_B-Methyl-D_Glucoside,11
9.0,E8_B-Methyl-D_Glucoside,11
9.25,E8_B-Methyl-D_Glucoside,11
9.5,E8_B-Methyl-D_Glucoside,11
9.75,E8_B-Methyl-D_Glucoside,11
10.0,E8_B-Methyl-D_Glucoside,11
10.25,E8_B-Methyl-D_Glucoside,11
10.5,E8_B-Methyl-D_Glucoside,11
10.75,E8_B-Methyl-D_Glucoside,11
11.0,E8_B-Methyl-D_Glucoside,11
11.25,E8_B-Methyl-D_Glucoside,11
11.5,E8_B-Methyl-D_Glucoside,11
11.75,E8_B-Methyl-D_Glucoside,11
12.0,E8_B-Methyl-D_Glucoside,11
12.25,E8_B-Methyl-D_Glucoside,11
12.5,E8_B-Methyl-D_Glucoside,11
12.75,E8_B-Methyl-D_Glucoside,11
13.0,E8_B-Methyl-D_Glucoside,11
13.25,E8_B-Methyl-D_Glucoside,11
13.5,E8_B-Methyl-D_Glucoside,11
13.75,E8_B-Methyl-D_Glucoside,11
14.0,E8_B-Methyl-D_Glucoside,11
14.25,E8_B-Methyl-D_Glucoside,11
14.5,E8_B-Methyl-D_Glucoside,11
14.75,E8_B-Methyl-D_Glucoside,11
15.0,E8_B-Methyl-D_Glucoside,11
15.25,E8_B-Methyl-D_Glucoside,11
15.5,E8_B-Methyl-D_Glucoside,11
15.75,E8_B-Methyl-D_Glucoside,11
16.0,E8_B-Methyl-D_Glucoside,11
16.25,E8_B-Methyl-D_Glucoside,11
16.5,E8_B-Methyl-D_Glucoside,11
16.75,E8_B-Methyl-D_Glucoside,11
17.0,E8_B-Methyl-D_Glucoside,11
17.25,E8_B-Methyl-D_Glucoside,14
17.5,E8_B-Methyl-D_Glucoside,11
17.75,E8_B-Methyl-D_Glucoside,11
18.0,E8_B-Methyl-D_Glucoside,11
18.25,E8_B-Methyl-D_Glucoside,11
18.5,E8_B-Methyl-D_Glucoside,11
18.75,E8_B-Methyl-D_Glucoside,12
19.0,E8_B-Methyl-D_Glucoside,11
19.25,E8_B-Methyl-D_Glucoside,11
19.5,E8_B-Methyl-D_Glucoside,11
19.75,E8_B-Methyl-D_Glucoside,12
20.0,E8_B-Methyl-D_Glucoside,11
20.25,E8_B-Methyl-D_Glucoside,11
20.5,E8_B-Methyl-D_Glucoside,11
20.75,E8_B-Methyl-D_Glucoside,11
21.0,E8_B-Methyl-D_Glucoside,12
21.25,E8_B-Methyl-D_Glucoside,13
21.5,E8_B-Methyl-D_Glucoside,11
21.75,E8_B-Methyl-D_Glucoside,13
22.0,E8_B-Methyl-D_Glucoside,13
22.25,E8_B-Methyl-D_Glucoside,11
22.5,E8_B-Methyl-D_Glucoside,12
22.75,E8_B-Methyl-D_Glucoside,11
23.0,E8_B-Methyl-D_Glucoside,14
23.25,E8_B-Methyl-D_Glucoside,13
23.5,E8_B-Methyl-D_Glucoside,15
23.75,E8_B-Methyl-D_Glucoside,16
24.0,E8_B-Methyl-D_Glucoside,11
24.25,E8_B-Methyl-D_Glucoside,16
24.5,E8_B-Methyl-D_Glucoside,12
24.75,E8_B-Methyl-D_Glucoside,11
25.0,E8_B-Methyl-D_Glucoside,17
25.25,E8_B-Methyl-D_Glucoside,14
25.5,E8_B-Methyl-D_Glucoside,18
25.75,E8_B-Methyl-D_Glucoside,13
26.0,E8_B-Methyl-D_Glucoside,14
26.25,E8_B-Methyl-D_Glucoside,11
26.5,E8_B-Methyl-D_Glucoside,15
26.75,E8_B-Methyl-D_Glucoside,16
27.0,E8_B-Methyl-D_Glucoside,16
27.25,E8_B-Methyl-D_Glucoside,14
27.5,E8_B-Methyl-D_Glucoside,16
27.75,E8_B-Methyl-D_Glucoside,19
28.0,E8_B-Methyl-D_Glucoside,21
28.25,E8_B-Methyl-D_Glucoside,16
28.5,E8_B-Methyl-D_Glucoside,19
28.75,E8_B-Methyl-D_Glucoside,20
29.0,E8_B-Methyl-D_Glucoside,12
29.25,E8_B-Methyl-D_Glucoside,17
29.5,E8_B-Methyl-D_Glucoside,17
29.75,E8_B-Methyl-D_Glucoside,11
30.0,E8_B-Methyl-D_Glucoside,18
30.25,E8_B-Methyl-D_Glucoside,19
30.5,E8_B-Methyl-D_Glucoside,17
30.75,E8_B-Methyl-D_Glucoside,14
31.0,E8_B-Methyl-D_Glucoside,17
31.25,E8_B-Methyl-D_Glucoside,18
31.5,E8_B-Methyl-D_Glucoside,17
31.75,E8_B-Methyl-D_Glucoside,19
32.0,E8_B-Methyl-D_Glucoside,19
32.25,E8_B-Methyl-D_Glucoside,17
32.5,E8_B-Methyl-D_Glucoside,16
32.75,E8_B-Methyl-D_Glucoside,17
33.0,E8_B-Methyl-D_Glucoside,19
33.25,E8_B-Methyl-D_Glucoside,15
33.5,E8_B-Methyl-D_Glucoside,17
33.75,E8_B-Methyl-D_Glucoside,16
34.0,E8_B-Methyl-D_Glucoside,18
34.25,E8_B-Methyl-D_Glucoside,16
34.5,E8_B-Methyl-D_Glucoside,16
34.75,E8_B-Methyl-D_Glucoside,14
35.0,E8_B-Methyl-D_Glucoside,14
35.25,E8_B-Methyl-D_Glucoside,11
35.5,E8_B-Methyl-D_Glucoside,14
35.75,E8_B-Methyl-D_Glucoside,13
36.0,E8_B-Methyl-D_Glucoside,16
36.25,E8_B-Methyl-D_Glucoside,13
36.5,E8_B-Methyl-D_Glucoside,14
36.75,E8_B-Methyl-D_Glucoside,14
37.0,E8_B-Methyl-D_Glucoside,12
37.25,E8_B-Methyl-D_Glucoside,16
37.5,E8_B-Methyl-D_Glucoside,12
37.75,E8_B-Methyl-D_Glucoside,13
38.0,E8_B-Methyl-D_Glucoside,15
38.25,E8_B-Methyl-D_Glucoside,12
38.5,E8_B-Methyl-D_Glucoside,12
38.75,E8_B-Methyl-D_Glucoside,16
39.0,E8_B-Methyl-D_Glucoside,11
39.25,E8_B-Methyl-D_Glucoside,17
39.5,E8_B-Methyl-D_Glucoside,13
39.75,E8_B-Methyl-D_Glucoside,14
40.0,E8_B-Methyl-D_Glucoside,18
40.25,E8_B-Methyl-D_Glucoside,13
40.5,E8_B-Methyl-D_Glucoside,12
40.75,E8_B-Methyl-D_Glucoside,16
41.0,E8_B-Methyl-D_Glucoside,14
41.25,E8_B-Methyl-D_Glucoside,11
41.5,E8_B-Methyl-D_Glucoside,16
41.75,E8_B-Methyl-D_Glucoside,16
42.0,E8_B-Methyl-D_Glucoside,16
42.25,E8_B-Methyl-D_Glucoside,19
42.5,E8_B-Methyl-D_Glucoside,19
42.75,E8_B-Methyl-D_Glucoside,19
43.0,E8_B-Methyl-D_Glucoside,13
43.25,E8_B-Methyl-D_Glucoside,17
43.5,E8_B-Methyl-D_Glucoside,15
43.75,E8_B-Methyl-D_Glucoside,18
44.0,E8_B-Methyl-D_Glucoside,17
44.25,E8_B-Methyl-D_Glucoside,14
44.5,E8_B-Methyl-D_Glucoside,13
44.75,E8_B-Methyl-D_Glucoside,18
45.0,E8_B-Methyl-D_Glucoside,13
45.25,E8_B-Methyl-D_Glucoside,15
45.5,E8_B-Methyl-D_Glucoside,17
45.75,E8_B-Methyl-D_Glucoside,15
46.0,E8_B-Methyl-D_Glucoside,16
46.25,E8_B-Methyl-D_Glucoside,18
46.5,E8_B-Methyl-D_Glucoside,16
46.75,E8_B-Methyl-D_Glucoside,15
47.0,E8_B-Methyl-D_Glucoside,14
47.25,E8_B-Methyl-D_Glucoside,14
47.5,E8_B-Methyl-D_Glucoside,13
47.75,E8_B-Methyl-D_Glucoside,16
48.0,E8_B-Methyl-D_Glucoside,14
48.25,E8_B-Methyl-D_Glucoside,16
0.0,E9_Adonitol,11
0.25,E9_Adonitol,11
0.5,E9_Adonitol,11
0.75,E9_Adonitol,11
1.0,E9_Adonitol,11
1.25,E9_Adonitol,11
1.5,E9_Adonitol,11
1.75,E9_Adonitol,11
2.0,E9_Adonitol,11
2.25,E9_Adonitol,11
2.5,E9_Adonitol,11
2.75,E9_Adonitol,11
3.0,E9_Adonitol,11
3.25,E9_Adonitol,11
3.5,E9_Adonitol,11
3.75,E9_Adonitol,11
4.0,E9_Adonitol,11
4.25,E9_Adonitol,11
4.5,E9_Adonitol,11
4.75,E9_Adonitol,11
5.0,E9_Adonitol,11
5.25,E9_Adonitol,11
5.5,E9_Adonitol,11
5.75,E9_Adonitol,11
6.0,E9_Adonitol,11
6.25,E9_Adonitol,11
6.5,E9_Adonitol,11
6.75,E9_Adonitol,11
7.0,E9_Adonitol,11
7.25,E9_Adonitol,11
7.5,E9_Adonitol,11
7.75,E9_Adonitol,11
8.0,E9_Adonitol,11
8.25,E9_Adonitol,11
8.5,E9_Adonitol,11
8.75,E9_Adonitol,11
9.0,E9_Adonitol,11
9.25,E9_Adonitol,11
9.5,E9_Adonitol,11
9.75,E9_Adonitol,11
10.0,E9_Adonitol,11
10.25,E9_Adonitol,11
10.5,E9_Adonitol,11
10.75,E9_Adonitol,11
11.0,E9_Adonitol,11
11.25,E9_Adonitol,11
11.5,E9_Adonitol,11
11.75,E9_Adonitol,11
12.0,E9_Adonitol,11
12.25,E9_Adonitol,11
12.5,E9_Adonitol,11
12.75,E9_Adonitol,11
13.0,E9_Adonitol,11
13.25,E9_Adonitol,11
13.5,E9_Adonitol,11
13.75,E9_Adonitol,11
14.0,E9_Adonitol,11
14.25,E9_Adonitol,11
14.5,E9_Adonitol,11
14.75,E9_Adonitol,11
15.0,E9_Adonitol,11
15.25,E9_Adonitol,11
15.5,E9_Adonitol,11
15.75,E9_Adonitol,11
16.0,E9_Adonitol,11
16.25,E9_Adonitol,11
16.5,E9_Adonitol,11
16.75,E9_Adonitol,11
17.0,E9_Adonitol,11
17.25,E9_Adonitol,11
17.5,E9_Adonitol,11
17.75,E9_Adonitol,13
18.0,E9_Adonitol,11
18.25,E9_Adonitol,11
18.5,E9_Adonitol,11
18.75,E9_Adonitol,11
19.0,E9_Adonitol,11
19.25,E9_Adonitol,13
19.5,E9_Adonitol,15
19.75,E9_Adonitol,14
20.0,E9_Adonitol,11
20.25,E9_Adonitol,14
20.5,E9_Adonitol,12
20.75,E9_Adonitol,13
21.0,E9_Adonitol,13
21.25,E9_Adonitol,12
21.5,E9_Adonitol,15
21.75,E9_Adonitol,13
22.0,E9_Adonitol,12
22.25,E9_Adonitol,15
22.5,E9_Adonitol,12
22.75,E9_Adonitol,13
23.0,E9_Adonitol,13
23.25,E9_Adonitol,14
23.5,E9_Adonitol,17
23.75,E9_Adonitol,16
24.0,E9_Adonitol,17
24.25,E9_Adonitol,16
24.5,E9_Adonitol,12
24.75,E9_Adonitol,14
25.0,E9_Adonitol,16
25.25,E9_Adonitol,13
25.5,E9_Adonitol,19
25.75,E9_Adonitol,16
26.0,E9_Adonitol,14
26.25,E9_Adonitol,14
26.5,E9_Adonitol,14
26.75,E9_Adonitol,16
27.0,E9_Adonitol,20
27.25,E9_Adonitol,19
27.5,E9_Adonitol,21
27.75,E9_Adonitol,15
28.0,E9_Adonitol,19
28.25,E9_Adonitol,18
28.5,E9_Adonitol,21
28.75,E9_Adonitol,18
29.0,E9_Adonitol,22
29.25,E9_Adonitol,16
29.5,E9_Adonitol,19
29.75,E9_Adonitol,17
30.0,E9_Adonitol,18
30.25,E9_Adonitol,18
30.5,E9_Adonitol,19
30.75,E9_Adonitol,20
31.0,E9_Adonitol,18
31.25,E9_Adonitol,22
31.5,E9_Adonitol,16
31.75,E9_Adonitol,17
32.0,E9_Adonitol,15
32.25,E9_Adonitol,19
32.5,E9_Adonitol,20
32.75,E9_Adonitol,16
33.0,E9_Adonitol,15
33.25,E9_Adonitol,16
33.5,E9_Adonitol,20
33.75,E9_Adonitol,18
34.0,E9_Adonitol,16
34.25,E9_Adonitol,20
34.5,E9_Adonitol,16
34.75,E9_Adonitol,14
35.0,E9_Adonitol,17
35.25,E9_Adonitol,18
35.5,E9_Adonitol,15
35.75,E9_Adonitol,17
36.0,E9_Adonitol,16
36.25,E9_Adonitol,17
36.5,E9_Adonitol,19
36.75,E9_Adonitol,18
37.0,E9_Adonitol,18
37.25,E9_Adonitol,18
37.5,E9_Adonitol,16
37.75,E9_Adonitol,18
38.0,E9_Adonitol,15
38.25,E9_Adonitol,16
38.5,E9_Adonitol,16
38.75,E9_Adonitol,19
39.0,E9_Adonitol,17
39.25,E9_Adonitol,18
39.5,E9_Adonitol,17
39.75,E9_Adonitol,17
40.0,E9_Adonitol,20
40.25,E9_Adonitol,17
40.5,E9_Adonitol,16
40.75,E9_Adonitol,17
41.0,E9_Adonitol,19
41.25,E9_Adonitol,19
41.5,E9_Adonitol,18
41.75,E9_Adonitol,20
42.0,E9_Adonitol,21
42.25,E9_Adonitol,17
42.5,E9_Adonitol,21
42.75,E9_Adonitol,19
43.0,E9_Adonitol,19
43.25,E9_Adonitol,19
43.5,E9_Adonitol,22
43.75,E9_Adonitol,20
44.0,E9_Adonitol,18
44.25,E9_Adonitol,15
44.5,E9_Adonitol,19
44.75,E9_Adonitol,21
45.0,E9_Adonitol,17
45.25,E9_Adonitol,19
45.5,E9_Adonitol,22
45.75,E9_Adonitol,20
46.0,E9_Adonitol,19
46.25,E9_Adonitol,22
46.5,E9_Adonitol,20
46.75,E9_Adonitol,19
47.0,E9_Adonitol,20
47.25,E9_Adonitol,19
47.5,E9_Adonitol,15
47.75,E9_Adonitol,19
48.0,E9_Adonitol,17
48.25,E9_Adonitol,23
0.0,E10_Maltotriose,11
0.25,E10_Maltotriose,11
0.5,E10_Maltotriose,11
0.75,E10_Maltotriose,11
1.0,E10_Maltotriose,11
1.25,E10_Maltotriose,11
1.5,E10_Maltotriose,11
1.75,E10_Maltotriose,12
2.0,E10_Maltotriose,11
2.25,E10_Maltotriose,11
2.5,E10_Maltotriose,11
2.75,E10_Maltotriose,11
3.0,E10_Maltotriose,11
3.25,E10_Maltotriose,11
3.5,E10_Maltotriose,11
3.75,E10_Maltotriose,11
4.0,E10_Maltotriose,11
4.25,E10_Maltotriose,11
4.5,E10_Maltotriose,11
4.75,E10_Maltotriose,11
5.0,E10_Maltotriose,11
5.25,E10_Maltotriose,11
5.5,E10_Maltotriose,11
5.75,E10_Maltotriose,11
6.0,E10_Maltotriose,11
6.25,E10_Maltotriose,11
6.5,E10_Maltotriose,11
6.75,E10_Maltotriose,11
7.0,E10_Maltotriose,11
7.25,E10_Maltotriose,12
7.5,E10_Maltotriose,11
7.75,E10_Maltotriose,11
8.0,E10_Maltotriose,11
8.25,E10_Maltotriose,11
8.5,E10_Maltotriose,11
8.75,E10_Maltotriose,11
9.0,E10_Maltotriose,11
9.25,E10_Maltotriose,11
9.5,E10_Maltotriose,11
9.75,E10_Maltotriose,11
10.0,E10_Maltotriose,11
10.25,E10_Maltotriose,11
10.5,E10_Maltotriose,11
10.75,E10_Maltotriose,11
11.0,E10_Maltotriose,11
11.25,E10_Maltotriose,11
11.5,E10_Maltotriose,11
11.75,E10_Maltotriose,12
12.0,E10_Maltotriose,11
12.25,E10_Maltotriose,11
12.5,E10_Maltotriose,11
12.75,E10_Maltotriose,11
13.0,E10_Maltotriose,11
13.25,E10_Maltotriose,11
13.5,E10_Maltotriose,11
13.75,E10_Maltotriose,11
14.0,E10_Maltotriose,11
14.25,E10_Maltotriose,11
14.5,E10_Maltotriose,12
14.75,E10_Maltotriose,12
15.0,E10_Maltotriose,11
15.25,E10_Maltotriose,11
15.5,E10_Maltotriose,11
15.75,E10_Maltotriose,11
16.0,E10_Maltotriose,11
16.25,E10_Maltotriose,11
16.5,E10_Maltotriose,13
16.75,E10_Maltotriose,11
17.0,E10_Maltotriose,12
17.25,E10_Maltotriose,14
17.5,E10_Maltotriose,11
17.75,E10_Maltotriose,12
18.0,E10_Maltotriose,13
18.25,E10_Maltotriose,14
18.5,E10_Maltotriose,13
18.75,E10_Maltotriose,16
19.0,E10_Maltotriose,11
19.25,E10_Maltotriose,16
19.5,E10_Maltotriose,11
19.75,E10_Maltotriose,11
20.0,E10_Maltotriose,14
20.25,E10_Maltotriose,12
20.5,E10_Maltotriose,12
20.75,E10_Maltotriose,15
21.0,E10_Maltotriose,20
21.25,E10_Maltotriose,13
21.5,E10_Maltotriose,18
21.75,E10_Maltotriose,13
22.0,E10_Maltotriose,17
22.25,E10_Maltotriose,18
22.5,E10_Maltotriose,19
22.75,E10_Maltotriose,16
23.0,E10_Maltotriose,15
23.25,E10_Maltotriose,19
23.5,E10_Maltotriose,20
23.75,E10_Maltotriose,19
24.0,E10_Maltotriose,19
24.25,E10_Maltotriose,15
24.5,E10_Maltotriose,21
24.75,E10_Maltotriose,17
25.0,E10_Maltotriose,18
25.25,E10_Maltotriose,23
25.5,E10_Maltotriose,19
25.75,E10_Maltotriose,20
26.0,E10_Maltotriose,19
26.25,E10_Maltotriose,19
26.5,E10_Maltotriose,22
26.75,E10_Maltotriose,20
27.0,E10_Maltotriose,23
27.25,E10_Maltotriose,20
27.5,E10_Maltotriose,20
27.75,E10_Maltotriose,25
28.0,E10_Maltotriose,24
28.25,E10_Maltotriose,23
28.5,E10_Maltotriose,27
28.75,E10_Maltotriose,26
29.0,E10_Maltotriose,28
29.25,E10_Maltotriose,30
29.5,E10_Maltotriose,27
29.75,E10_Maltotriose,27
30.0,E10_Maltotriose,23
30.25,E10_Maltotriose,24
30.5,E10_Maltotriose,27
30.75,E10_Maltotriose,24
31.0,E10_Maltotriose,29
31.25,E10_Maltotriose,27
31.5,E10_Maltotriose,26
31.75,E10_Maltotriose,29
32.0,E10_Maltotriose,29
32.25,E10_Maltotriose,32
32.5,E10_Maltotriose,31
32.75,E10_Maltotriose,30
33.0,E10_Maltotriose,32
33.25,E10_Maltotriose,29
33.5,E10_Maltotriose,30
33.75,E10_Maltotriose,32
34.0,E10_Maltotriose,33
34.25,E10_Maltotriose,31
34.5,E10_Maltotriose,37
34.75,E10_Maltotriose,34
35.0,E10_Maltotriose,32
35.25,E10_Maltotriose,35
35.5,E10_Maltotriose,37
35.75,E10_Maltotriose,34
36.0,E10_Maltotriose,34
36.25,E10_Maltotriose,35
36.5,E10_Maltotriose,38
36.75,E10_Maltotriose,38
37.0,E10_Maltotriose,36
37.25,E10_Maltotriose,34
37.5,E10_Maltotriose,37
37.75,E10_Maltotriose,37
38.0,E10_Maltotriose,37
38.25,E10_Maltotriose,37
38.5,E10_Maltotriose,38
38.75,E10_Maltotriose,40
39.0,E10_Maltotriose,40
39.25,E10_Maltotriose,40
39.5,E10_Maltotriose,40
39.75,E10_Maltotriose,41
40.0,E10_Maltotriose,42
40.25,E10_Maltotriose,43
40.5,E10_Maltotriose,45
40.75,E10_Maltotriose,39
41.0,E10_Maltotriose,43
41.25,E10_Maltotriose,46
41.5,E10_Maltotriose,49
41.75,E10_Maltotriose,47
42.0,E10_Maltotriose,48
42.25,E10_Maltotriose,46
42.5,E10_Maltotriose,48
42.75,E10_Maltotriose,49
43.0,E10_Maltotriose,48
43.25,E10_Maltotriose,48
43.5,E10_Maltotriose,49
43.75,E10_Maltotriose,54
44.0,E10_Maltotriose,52
44.25,E10_Maltotriose,49
44.5,E10_Maltotriose,51
44.75,E10_Maltotriose,51
45.0,E10_Maltotriose,49
45.25,E10_Maltotriose,56
45.5,E10_Maltotriose,54
45.75,E10_Maltotriose,57
46.0,E10_Maltotriose,52
46.25,E10_Maltotriose,57
46.5,E10_Maltotriose,54
46.75,E10_Maltotriose,56
47.0,E10_Maltotriose,53
47.25,E10_Maltotriose,60
47.5,E10_Maltotriose,59
47.75,E10_Maltotriose,55
48.0,E10_Maltotriose,55
48.25,E10_Maltotriose,57
0.0,E11_2-DeoxyAdenosine,11
0.25,E11_2-DeoxyAdenosine,11
0.5,E11_2-DeoxyAdenosine,11
0.75,E11_2-DeoxyAdenosine,11
1.0,E11_2-DeoxyAdenosine,13
1.25,E11_2-DeoxyAdenosine,11
1.5,E11_2-DeoxyAdenosine,11
1.75,E11_2-DeoxyAdenosine,11
2.0,E11_2-DeoxyAdenosine,11
2.25,E11_2-DeoxyAdenosine,11
2.5,E11_2-DeoxyAdenosine,14
2.75,E11_2-DeoxyAdenosine,11
3.0,E11_2-DeoxyAdenosine,11
3.25,E11_2-DeoxyAdenosine,11
3.5,E11_2-DeoxyAdenosine,11
3.75,E11_2-DeoxyAdenosine,11
4.0,E11_2-DeoxyAdenosine,11
4.25,E11_2-DeoxyAdenosine,11
4.5,E11_2-DeoxyAdenosine,11
4.75,E11_2-DeoxyAdenosine,11
5.0,E11_2-DeoxyAdenosine,11
5.25,E11_2-DeoxyAdenosine,11
5.5,E11_2-DeoxyAdenosine,11
5.75,E11_2-DeoxyAdenosine,11
6.0,E11_2-DeoxyAdenosine,11
6.25,E11_2-DeoxyAdenosine,11
6.5,E11_2-DeoxyAdenosine,11
6.75,E11_2-DeoxyAdenosine,12
7.0,E11_2-DeoxyAdenosine,11
7.25,E11_2-DeoxyAdenosine,11
7.5,E11_2-DeoxyAdenosine,11
7.75,E11_2-DeoxyAdenosine,11
8.0,E11_2-DeoxyAdenosine,11
8.25,E11_2-DeoxyAdenosine,11
8.5,E11_2-DeoxyAdenosine,11
8.75,E11_2-DeoxyAdenosine,11
9.0,E11_2-DeoxyAdenosine,11
9.25,E11_2-DeoxyAdenosine,11
9.5,E11_2-DeoxyAdenosine,11
9.75,E11_2-DeoxyAdenosine,11
10.0,E11_2-DeoxyAdenosine,11
10.25,E11_2-DeoxyAdenosine,11
10.5,E11_2-DeoxyAdenosine,11
10.75,E11_2-DeoxyAdenosine,11
11.0,E11_2-DeoxyAdenosine,11
11.25,E11_2-DeoxyAdenosine,11
11.5,E11_2-DeoxyAdenosine,13
11.75,E11_2-DeoxyAdenosine,14
12.0,E11_2-DeoxyAdenosine,11
12.25,E11_2-DeoxyAdenosine,12
12.5,E11_2-DeoxyAdenosine,13
12.75,E11_2-DeoxyAdenosine,11
13.0,E11_2-DeoxyAdenosine,11
13.25,E11_2-DeoxyAdenosine,11
13.5,E11_2-DeoxyAdenosine,12
13.75,E11_2-DeoxyAdenosine,12
14.0,E11_2-DeoxyAdenosine,11
14.25,E11_2-DeoxyAdenosine,11
14.5,E11_2-DeoxyAdenosine,11
14.75,E11_2-DeoxyAdenosine,11
15.0,E11_2-DeoxyAdenosine,11
15.25,E11_2-DeoxyAdenosine,13
15.5,E11_2-DeoxyAdenosine,11
15.75,E11_2-DeoxyAdenosine,11
16.0,E11_2-DeoxyAdenosine,11
16.25,E11_2-DeoxyAdenosine,11
16.5,E11_2-DeoxyAdenosine,11
16.75,E11_2-DeoxyAdenosine,11
17.0,E11_2-DeoxyAdenosine,11
17.25,E11_2-DeoxyAdenosine,11
17.5,E11_2-DeoxyAdenosine,11
17.75,E11_2-DeoxyAdenosine,11
18.0,E11_2-DeoxyAdenosine,12
18.25,E11_2-DeoxyAdenosine,14
18.5,E11_2-DeoxyAdenosine,11
18.75,E11_2-DeoxyAdenosine,11
19.0,E11_2-DeoxyAdenosine,12
19.25,E11_2-DeoxyAdenosine,11
19.5,E11_2-DeoxyAdenosine,14
19.75,E11_2-DeoxyAdenosine,11
20.0,E11_2-DeoxyAdenosine,16
20.25,E11_2-DeoxyAdenosine,11
20.5,E11_2-DeoxyAdenosine,11
20.75,E11_2-DeoxyAdenosine,11
21.0,E11_2-DeoxyAdenosine,11
21.25,E11_2-DeoxyAdenosine,11
21.5,E11_2-DeoxyAdenosine,11
21.75,E11_2-DeoxyAdenosine,11
22.0,E11_2-DeoxyAdenosine,11
22.25,E11_2-DeoxyAdenosine,11
22.5,E11_2-DeoxyAdenosine,15
22.75,E11_2-DeoxyAdenosine,11
23.0,E11_2-DeoxyAdenosine,11
23.25,E11_2-DeoxyAdenosine,14
23.5,E11_2-DeoxyAdenosine,15
23.75,E11_2-DeoxyAdenosine,11
24.0,E11_2-DeoxyAdenosine,15
24.25,E11_2-DeoxyAdenosine,14
24.5,E11_2-DeoxyAdenosine,14
24.75,E11_2-DeoxyAdenosine,11
25.0,E11_2-DeoxyAdenosine,16
25.25,E11_2-DeoxyAdenosine,11
25.5,E11_2-DeoxyAdenosine,15
25.75,E11_2-DeoxyAdenosine,17
26.0,E11_2-DeoxyAdenosine,15
26.25,E11_2-DeoxyAdenosine,18
26.5,E11_2-DeoxyAdenosine,14
26.75,E11_2-DeoxyAdenosine,11
27.0,E11_2-DeoxyAdenosine,21
27.25,E11_2-DeoxyAdenosine,11
27.5,E11_2-DeoxyAdenosine,17
27.75,E11_2-DeoxyAdenosine,17
28.0,E11_2-DeoxyAdenosine,21
28.25,E11_2-DeoxyAdenosine,13
28.5,E11_2-DeoxyAdenosine,20
28.75,E11_2-DeoxyAdenosine,19
29.0,E11_2-DeoxyAdenosine,19
29.25,E11_2-DeoxyAdenosine,24
29.5,E11_2-DeoxyAdenosine,22
29.75,E11_2-DeoxyAdenosine,22
30.0,E11_2-DeoxyAdenosine,21
30.25,E11_2-DeoxyAdenosine,21
30.5,E11_2-DeoxyAdenosine,21
30.75,E11_2-DeoxyAdenosine,25
31.0,E11_2-DeoxyAdenosine,20
31.25,E11_2-DeoxyAdenosine,20
31.5,E11_2-DeoxyAdenosine,22
31.75,E11_2-DeoxyAdenosine,23
32.0,E11_2-DeoxyAdenosine,20
32.25,E11_2-DeoxyAdenosine,23
32.5,E11_2-DeoxyAdenosine,21
32.75,E11_2-DeoxyAdenosine,25
33.0,E11_2-DeoxyAdenosine,27
33.25,E11_2-DeoxyAdenosine,25
33.5,E11_2-DeoxyAdenosine,24
33.75,E11_2-DeoxyAdenosine,26
34.0,E11_2-DeoxyAdenosine,28
34.25,E11_2-DeoxyAdenosine,27
34.5,E11_2-DeoxyAdenosine,27
34.75,E11_2-DeoxyAdenosine,26
35.0,E11_2-DeoxyAdenosine,24
35.25,E11_2-DeoxyAdenosine,30
35.5,E11_2-DeoxyAdenosine,29
35.75,E11_2-DeoxyAdenosine,29
36.0,E11_2-DeoxyAdenosine,30
36.25,E11_2-DeoxyAdenosine,29
36.5,E11_2-DeoxyAdenosine,29
36.75,E11_2-DeoxyAdenosine,25
37.0,E11_2-DeoxyAdenosine,29
37.25,E11_2-DeoxyAdenosine,32
37.5,E11_2-DeoxyAdenosine,27
37.75,E11_2-DeoxyAdenosine,30
38.0,E11_2-DeoxyAdenosine,33
38.25,E11_2-DeoxyAdenosine,30
38.5,E11_2-DeoxyAdenosine,32
38.75,E11_2-DeoxyAdenosine,34
39.0,E11_2-DeoxyAdenosine,30
39.25,E11_2-DeoxyAdenosine,32
39.5,E11_2-DeoxyAdenosine,32
39.75,E11_2-DeoxyAdenosine,31
40.0,E11_2-DeoxyAdenosine,30
40.25,E11_2-DeoxyAdenosine,31
40.5,E11_2-DeoxyAdenosine,31
40.75,E11_2-DeoxyAdenosine,36
41.0,E11_2-DeoxyAdenosine,36
41.25,E11_2-DeoxyAdenosine,35
41.5,E11_2-DeoxyAdenosine,40
41.75,E11_2-DeoxyAdenosine,39
42.0,E11_2-DeoxyAdenosine,34
42.25,E11_2-DeoxyAdenosine,36
42.5,E11_2-DeoxyAdenosine,34
42.75,E11_2-DeoxyAdenosine,38
43.0,E11_2-DeoxyAdenosine,40
43.25,E11_2-DeoxyAdenosine,35
43.5,E11_2-DeoxyAdenosine,35
43.75,E11_2-DeoxyAdenosine,37
44.0,E11_2-DeoxyAdenosine,38
44.25,E11_2-DeoxyAdenosine,36
44.5,E11_2-DeoxyAdenosine,37
44.75,E11_2-DeoxyAdenosine,40
45.0,E11_2-DeoxyAdenosine,38
45.25,E11_2-DeoxyAdenosine,38
45.5,E11_2-DeoxyAdenosine,38
45.75,E11_2-DeoxyAdenosine,39
46.0,E11_2-DeoxyAdenosine,41
46.25,E11_2-DeoxyAdenosine,38
46.5,E11_2-DeoxyAdenosine,39
46.75,E11_2-DeoxyAdenosine,43
47.0,E11_2-DeoxyAdenosine,44
47.25,E11_2-DeoxyAdenosine,42
47.5,E11_2-DeoxyAdenosine,41
47.75,E11_2-DeoxyAdenosine,43
48.0,E11_2-DeoxyAdenosine,40
48.25,E11_2-DeoxyAdenosine,41
0.0,E12_Adenosine,16
0.25,E12_Adenosine,14
0.5,E12_Adenosine,16
0.75,E12_Adenosine,13
1.0,E12_Adenosine,15
1.25,E12_Adenosine,18
1.5,E12_Adenosine,15
1.75,E12_Adenosine,14
2.0,E12_Adenosine,19
2.25,E12_Adenosine,12
2.5,E12_Adenosine,17
2.75,E12_Adenosine,14
3.0,E12_Adenosine,16
3.25,E12_Adenosine,14
3.5,E12_Adenosine,19
3.75,E12_Adenosine,19
4.0,E12_Adenosine,14
4.25,E12_Adenosine,14
4.5,E12_Adenosine,16
4.75,E12_Adenosine,18
5.0,E12_Adenosine,17
5.25,E12_Adenosine,19
5.5,E12_Adenosine,14
5.75,E12_Adenosine,14
6.0,E12_Adenosine,17
6.25,E12_Adenosine,15
6.5,E12_Adenosine,14
6.75,E12_Adenosine,14
7.0,E12_Adenosine,16
7.25,E12_Adenosine,13
7.5,E12_Adenosine,16
7.75,E12_Adenosine,14
8.0,E12_Adenosine,17
8.25,E12_Adenosine,16
8.5,E12_Adenosine,13
8.75,E12_Adenosine,13
9.0,E12_Adenosine,11
9.25,E12_Adenosine,19
9.5,E12_Adenosine,13
9.75,E12_Adenosine,15
10.0,E12_Adenosine,15
10.25,E12_Adenosine,15
10.5,E12_Adenosine,14
10.75,E12_Adenosine,17
11.0,E12_Adenosine,17
11.25,E12_Adenosine,13
11.5,E12_Adenosine,21
11.75,E12_Adenosine,19
12.0,E12_Adenosine,14
12.25,E12_Adenosine,18
12.5,E12_Adenosine,15
12.75,E12_Adenosine,18
13.0,E12_Adenosine,14
13.25,E12_Adenosine,18
13.5,E12_Adenosine,16
13.75,E12_Adenosine,15
14.0,E12_Adenosine,13
14.25,E12_Adenosine,17
14.5,E12_Adenosine,17
14.75,E12_Adenosine,18
15.0,E12_Adenosine,18
15.25,E12_Adenosine,18
15.5,E12_Adenosine,18
15.75,E12_Adenosine,15
16.0,E12_Adenosine,11
16.25,E12_Adenosine,20
16.5,E12_Adenosine,19
16.75,E12_Adenosine,14
17.0,E12_Adenosine,21
17.25,E12_Adenosine,18
17.5,E12_Adenosine,19
17.75,E12_Adenosine,16
18.0,E12_Adenosine,19
18.25,E12_Adenosine,18
18.5,E12_Adenosine,17
18.75,E12_Adenosine,17
19.0,E12_Adenosine,13
19.25,E12_Adenosine,18
19.5,E12_Adenosine,19
19.75,E12_Adenosine,18
20.0,E12_Adenosine,22
20.25,E12_Adenosine,19
20.5,E12_Adenosine,23
20.75,E12_Adenosine,23
21.0,E12_Adenosine,23
21.25,E12_Adenosine,22
21.5,E12_Adenosine,24
21.75,E12_Adenosine,23
22.0,E12_Adenosine,25
22.25,E12_Adenosine,22
22.5,E12_Adenosine,25
22.75,E12_Adenosine,25
23.0,E12_Adenosine,27
23.25,E12_Adenosine,28
23.5,E12_Adenosine,27
23.75,E12_Adenosine,25
24.0,E12_Adenosine,28
24.25,E12_Adenosine,27
24.5,E12_Adenosine,26
24.75,E12_Adenosine,25
25.0,E12_Adenosine,29
25.25,E12_Adenosine,27
25.5,E12_Adenosine,31
25.75,E12_Adenosine,26
26.0,E12_Adenosine,28
26.25,E12_Adenosine,28
26.5,E12_Adenosine,29
26.75,E12_Adenosine,31
27.0,E12_Adenosine,32
27.25,E12_Adenosine,30
27.5,E12_Adenosine,28
27.75,E12_Adenosine,33
28.0,E12_Adenosine,32
28.25,E12_Adenosine,33
28.5,E12_Adenosine,34
28.75,E12_Adenosine,35
29.0,E12_Adenosine,35
29.25,E12_Adenosine,36
29.5,E12_Adenosine,31
29.75,E12_Adenosine,34
30.0,E12_Adenosine,35
30.25,E12_Adenosine,34
30.5,E12_Adenosine,33
30.75,E12_Adenosine,31
31.0,E12_Adenosine,33
31.25,E12_Adenosine,35
31.5,E12_Adenosine,34
31.75,E12_Adenosine,36
32.0,E12_Adenosine,37
32.25,E12_Adenosine,35
32.5,E12_Adenosine,34
32.75,E12_Adenosine,33
33.0,E12_Adenosine,32
33.25,E12_Adenosine,36
33.5,E12_Adenosine,36
33.75,E12_Adenosine,35
34.0,E12_Adenosine,38
34.25,E12_Adenosine,40
34.5,E12_Adenosine,37
34.75,E12_Adenosine,42
35.0,E12_Adenosine,34
35.25,E12_Adenosine,34
35.5,E12_Adenosine,41
35.75,E12_Adenosine,37
36.0,E12_Adenosine,37
36.25,E12_Adenosine,37
36.5,E12_Adenosine,36
36.75,E12_Adenosine,37
37.0,E12_Adenosine,38
37.25,E12_Adenosine,39
37.5,E12_Adenosine,38
37.75,E12_Adenosine,39
38.0,E12_Adenosine,40
38.25,E12_Adenosine,38
38.5,E12_Adenosine,35
38.75,E12_Adenosine,39
39.0,E12_Adenosine,42
39.25,E12_Adenosine,42
39.5,E12_Adenosine,43
39.75,E12_Adenosine,43
40.0,E12_Adenosine,45
40.25,E12_Adenosine,44
40.5,E12_Adenosine,41
40.75,E12_Adenosine,40
41.0,E12_Adenosine,44
41.25,E12_Adenosine,45
41.5,E12_Adenosine,43
41.75,E12_Adenosine,47
42.0,E12_Adenosine,49
42.25,E12_Adenosine,48
42.5,E12_Adenosine,48
42.75,E12_Adenosine,46
43.0,E12_Adenosine,44
43.25,E12_Adenosine,48
43.5,E12_Adenosine,50
43.75,E12_Adenosine,45
44.0,E12_Adenosine,46
44.25,E12_Adenosine,44
44.5,E12_Adenosine,50
44.75,E12_Adenosine,49
45.0,E12_Adenosine,47
45.25,E12_Adenosine,48
45.5,E12_Adenosine,51
45.75,E12_Adenosine,54
46.0,E12_Adenosine,48
46.25,E12_Adenosine,51
46.5,E12_Adenosine,48
46.75,E12_Adenosine,47
47.0,E12_Adenosine,53
47.25,E12_Adenosine,49
47.5,E12_Adenosine,53
47.75,E12_Adenosine,52
48.0,E12_Adenosine,49
48.25,E12_Adenosine,57
0.0,F1_Glycyl-L-Aspartic_Acid,11
0.25,F1_Glycyl-L-Aspartic_Acid,11
0.5,F1_Glycyl-L-Aspartic_Acid,13
0.75,F1_Glycyl-L-Aspartic_Acid,12
1.0,F1_Glycyl-L-Aspartic_Acid,11
1.25,F1_Glycyl-L-Aspartic_Acid,14
1.5,F1_Glycyl-L-Aspartic_Acid,11
1.75,F1_Glycyl-L-Aspartic_Acid,14
2.0,F1_Glycyl-L-Aspartic_Acid,12
2.25,F1_Glycyl-L-Aspartic_Acid,11
2.5,F1_Glycyl-L-Aspartic_Acid,11
2.75,F1_Glycyl-L-Aspartic_Acid,11
3.0,F1_Glycyl-L-Aspartic_Acid,11
3.25,F1_Glycyl-L-Aspartic_Acid,11
3.5,F1_Glycyl-L-Aspartic_Acid,11
3.75,F1_Glycyl-L-Aspartic_Acid,11
4.0,F1_Glycyl-L-Aspartic_Acid,12
4.25,F1_Glycyl-L-Aspartic_Acid,11
4.5,F1_Glycyl-L-Aspartic_Acid,11
4.75,F1_Glycyl-L-Aspartic_Acid,16
5.0,F1_Glycyl-L-Aspartic_Acid,11
5.25,F1_Glycyl-L-Aspartic_Acid,13
5.5,F1_Glycyl-L-Aspartic_Acid,11
5.75,F1_Glycyl-L-Aspartic_Acid,11
6.0,F1_Glycyl-L-Aspartic_Acid,11
6.25,F1_Glycyl-L-Aspartic_Acid,11
6.5,F1_Glycyl-L-Aspartic_Acid,11
6.75,F1_Glycyl-L-Aspartic_Acid,11
7.0,F1_Glycyl-L-Aspartic_Acid,12
7.25,F1_Glycyl-L-Aspartic_Acid,11
7.5,F1_Glycyl-L-Aspartic_Acid,11
7.75,F1_Glycyl-L-Aspartic_Acid,11
8.0,F1_Glycyl-L-Aspartic_Acid,11
8.25,F1_Glycyl-L-Aspartic_Acid,12
8.5,F1_Glycyl-L-Aspartic_Acid,11
8.75,F1_Glycyl-L-Aspartic_Acid,11
9.0,F1_Glycyl-L-Aspartic_Acid,11
9.25,F1_Glycyl-L-Aspartic_Acid,11
9.5,F1_Glycyl-L-Aspartic_Acid,15
9.75,F1_Glycyl-L-Aspartic_Acid,13
10.0,F1_Glycyl-L-Aspartic_Acid,11
10.25,F1_Glycyl-L-Aspartic_Acid,11
10.5,F1_Glycyl-L-Aspartic_Acid,11
10.75,F1_Glycyl-L-Aspartic_Acid,11
11.0,F1_Glycyl-L-Aspartic_Acid,14
11.25,F1_Glycyl-L-Aspartic_Acid,11
11.5,F1_Glycyl-L-Aspartic_Acid,14
11.75,F1_Glycyl-L-Aspartic_Acid,13
12.0,F1_Glycyl-L-Aspartic_Acid,11
12.25,F1_Glycyl-L-Aspartic_Acid,12
12.5,F1_Glycyl-L-Aspartic_Acid,14
12.75,F1_Glycyl-L-Aspartic_Acid,20
13.0,F1_Glycyl-L-Aspartic_Acid,11
13.25,F1_Glycyl-L-Aspartic_Acid,11
13.5,F1_Glycyl-L-Aspartic_Acid,13
13.75,F1_Glycyl-L-Aspartic_Acid,14
14.0,F1_Glycyl-L-Aspartic_Acid,17
14.25,F1_Glycyl-L-Aspartic_Acid,16
14.5,F1_Glycyl-L-Aspartic_Acid,16
14.75,F1_Glycyl-L-Aspartic_Acid,13
15.0,F1_Glycyl-L-Aspartic_Acid,16
15.25,F1_Glycyl-L-Aspartic_Acid,13
15.5,F1_Glycyl-L-Aspartic_Acid,16
15.75,F1_Glycyl-L-Aspartic_Acid,17
16.0,F1_Glycyl-L-Aspartic_Acid,16
16.25,F1_Glycyl-L-Aspartic_Acid,17
16.5,F1_Glycyl-L-Aspartic_Acid,17
16.75,F1_Glycyl-L-Aspartic_Acid,23
17.0,F1_Glycyl-L-Aspartic_Acid,21
17.25,F1_Glycyl-L-Aspartic_Acid,19
17.5,F1_Glycyl-L-Aspartic_Acid,19
17.75,F1_Glycyl-L-Aspartic_Acid,20
18.0,F1_Glycyl-L-Aspartic_Acid,23
18.25,F1_Glycyl-L-Aspartic_Acid,21
18.5,F1_Glycyl-L-Aspartic_Acid,21
18.75,F1_Glycyl-L-Aspartic_Acid,23
19.0,F1_Glycyl-L-Aspartic_Acid,24
19.25,F1_Glycyl-L-Aspartic_Acid,22
19.5,F1_Glycyl-L-Aspartic_Acid,19
19.75,F1_Glycyl-L-Aspartic_Acid,21
20.0,F1_Glycyl-L-Aspartic_Acid,25
20.25,F1_Glycyl-L-Aspartic_Acid,27
20.5,F1_Glycyl-L-Aspartic_Acid,22
20.75,F1_Glycyl-L-Aspartic_Acid,28
21.0,F1_Glycyl-L-Aspartic_Acid,28
21.25,F1_Glycyl-L-Aspartic_Acid,23
21.5,F1_Glycyl-L-Aspartic_Acid,24
21.75,F1_Glycyl-L-Aspartic_Acid,26
22.0,F1_Glycyl-L-Aspartic_Acid,24
22.25,F1_Glycyl-L-Aspartic_Acid,29
22.5,F1_Glycyl-L-Aspartic_Acid,28
22.75,F1_Glycyl-L-Aspartic_Acid,29
23.0,F1_Glycyl-L-Aspartic_Acid,26
23.25,F1_Glycyl-L-Aspartic_Acid,28
23.5,F1_Glycyl-L-Aspartic_Acid,33
23.75,F1_Glycyl-L-Aspartic_Acid,29
24.0,F1_Glycyl-L-Aspartic_Acid,27
24.25,F1_Glycyl-L-Aspartic_Acid,33
24.5,F1_Glycyl-L-Aspartic_Acid,28
24.75,F1_Glycyl-L-Aspartic_Acid,28
25.0,F1_Glycyl-L-Aspartic_Acid,33
25.25,F1_Glycyl-L-Aspartic_Acid,28
25.5,F1_Glycyl-L-Aspartic_Acid,28
25.75,F1_Glycyl-L-Aspartic_Acid,30
26.0,F1_Glycyl-L-Aspartic_Acid,29
26.25,F1_Glycyl-L-Aspartic_Acid,31
26.5,F1_Glycyl-L-Aspartic_Acid,25
26.75,F1_Glycyl-L-Aspartic_Acid,30
27.0,F1_Glycyl-L-Aspartic_Acid,32
27.25,F1_Glycyl-L-Aspartic_Acid,34
27.5,F1_Glycyl-L-Aspartic_Acid,32
27.75,F1_Glycyl-L-Aspartic_Acid,32
28.0,F1_Glycyl-L-Aspartic_Acid,34
28.25,F1_Glycyl-L-Aspartic_Acid,30
28.5,F1_Glycyl-L-Aspartic_Acid,30
28.75,F1_Glycyl-L-Aspartic_Acid,35
29.0,F1_Glycyl-L-Aspartic_Acid,37
29.25,F1_Glycyl-L-Aspartic_Acid,33
29.5,F1_Glycyl-L-Aspartic_Acid,32
29.75,F1_Glycyl-L-Aspartic_Acid,32
30.0,F1_Glycyl-L-Aspartic_Acid,34
30.25,F1_Glycyl-L-Aspartic_Acid,25
30.5,F1_Glycyl-L-Aspartic_Acid,31
30.75,F1_Glycyl-L-Aspartic_Acid,34
31.0,F1_Glycyl-L-Aspartic_Acid,34
31.25,F1_Glycyl-L-Aspartic_Acid,32
31.5,F1_Glycyl-L-Aspartic_Acid,29
31.75,F1_Glycyl-L-Aspartic_Acid,34
32.0,F1_Glycyl-L-Aspartic_Acid,29
32.25,F1_Glycyl-L-Aspartic_Acid,31
32.5,F1_Glycyl-L-Aspartic_Acid,33
32.75,F1_Glycyl-L-Aspartic_Acid,33
33.0,F1_Glycyl-L-Aspartic_Acid,36
33.25,F1_Glycyl-L-Aspartic_Acid,36
33.5,F1_Glycyl-L-Aspartic_Acid,34
33.75,F1_Glycyl-L-Aspartic_Acid,33
34.0,F1_Glycyl-L-Aspartic_Acid,34
34.25,F1_Glycyl-L-Aspartic_Acid,36
34.5,F1_Glycyl-L-Aspartic_Acid,31
34.75,F1_Glycyl-L-Aspartic_Acid,38
35.0,F1_Glycyl-L-Aspartic_Acid,34
35.25,F1_Glycyl-L-Aspartic_Acid,33
35.5,F1_Glycyl-L-Aspartic_Acid,38
35.75,F1_Glycyl-L-Aspartic_Acid,34
36.0,F1_Glycyl-L-Aspartic_Acid,39
36.25,F1_Glycyl-L-Aspartic_Acid,29
36.5,F1_Glycyl-L-Aspartic_Acid,29
36.75,F1_Glycyl-L-Aspartic_Acid,36
37.0,F1_Glycyl-L-Aspartic_Acid,36
37.25,F1_Glycyl-L-Aspartic_Acid,34
37.5,F1_Glycyl-L-Aspartic_Acid,32
37.75,F1_Glycyl-L-Aspartic_Acid,31
38.0,F1_Glycyl-L-Aspartic_Acid,36
38.25,F1_Glycyl-L-Aspartic_Acid,33
38.5,F1_Glycyl-L-Aspartic_Acid,36
38.75,F1_Glycyl-L-Aspartic_Acid,39
39.0,F1_Glycyl-L-Aspartic_Acid,39
39.25,F1_Glycyl-L-Aspartic_Acid,35
39.5,F1_Glycyl-L-Aspartic_Acid,35
39.75,F1_Glycyl-L-Aspartic_Acid,34
40.0,F1_Glycyl-L-Aspartic_Acid,37
40.25,F1_Glycyl-L-Aspartic_Acid,33
40.5,F1_Glycyl-L-Aspartic_Acid,34
40.75,F1_Glycyl-L-Aspartic_Acid,32
41.0,F1_Glycyl-L-Aspartic_Acid,33
41.25,F1_Glycyl-L-Aspartic_Acid,34
41.5,F1_Glycyl-L-Aspartic_Acid,42
41.75,F1_Glycyl-L-Aspartic_Acid,42
42.0,F1_Glycyl-L-Aspartic_Acid,38
42.25,F1_Glycyl-L-Aspartic_Acid,35
42.5,F1_Glycyl-L-Aspartic_Acid,38
42.75,F1_Glycyl-L-Aspartic_Acid,39
43.0,F1_Glycyl-L-Aspartic_Acid,38
43.25,F1_Glycyl-L-Aspartic_Acid,41
43.5,F1_Glycyl-L-Aspartic_Acid,40
43.75,F1_Glycyl-L-Aspartic_Acid,39
44.0,F1_Glycyl-L-Aspartic_Acid,36
44.25,F1_Glycyl-L-Aspartic_Acid,39
44.5,F1_Glycyl-L-Aspartic_Acid,49
44.75,F1_Glycyl-L-Aspartic_Acid,35
45.0,F1_Glycyl-L-Aspartic_Acid,41
45.25,F1_Glycyl-L-Aspartic_Acid,39
45.5,F1_Glycyl-L-Aspartic_Acid,42
45.75,F1_Glycyl-L-Aspartic_Acid,42
46.0,F1_Glycyl-L-Aspartic_Acid,39
46.25,F1_Glycyl-L-Aspartic_Acid,41
46.5,F1_Glycyl-L-Aspartic_Acid,36
46.75,F1_Glycyl-L-Aspartic_Acid,45
47.0,F1_Glycyl-L-Aspartic_Acid,41
47.25,F1_Glycyl-L-Aspartic_Acid,40
47.5,F1_Glycyl-L-Aspartic_Acid,44
47.75,F1_Glycyl-L-Aspartic_Acid,37
48.0,F1_Glycyl-L-Aspartic_Acid,39
48.25,F1_Glycyl-L-Aspartic_Acid,41
0.0,F2_Citric_Acid,16
0.25,F2_Citric_Acid,17
0.5,F2_Citric_Acid,18
0.75,F2_Citric_Acid,13
1.0,F2_Citric_Acid,17
1.25,F2_Citric_Acid,13
1.5,F2_Citric_Acid,11
1.75,F2_Citric_Acid,12
2.0,F2_Citric_Acid,17
2.25,F2_Citric_Acid,14
2.5,F2_Citric_Acid,16
2.75,F2_Citric_Acid,14
3.0,F2_Citric_Acid,11
3.25,F2_Citric_Acid,12
3.5,F2_Citric_Acid,14
3.75,F2_Citric_Acid,16
4.0,F2_Citric_Acid,16
4.25,F2_Citric_Acid,15
4.5,F2_Citric_Acid,14
4.75,F2_Citric_Acid,11
5.0,F2_Citric_Acid,13
5.25,F2_Citric_Acid,11
5.5,F2_Citric_Acid,12
5.75,F2_Citric_Acid,17
6.0,F2_Citric_Acid,15
6.25,F2_Citric_Acid,14
6.5,F2_Citric_Acid,12
6.75,F2_Citric_Acid,13
7.0,F2_Citric_Acid,17
7.25,F2_Citric_Acid,14
7.5,F2_Citric_Acid,13
7.75,F2_Citric_Acid,15
8.0,F2_Citric_Acid,14
8.25,F2_Citric_Acid,13
8.5,F2_Citric_Acid,12
8.75,F2_Citric_Acid,16
9.0,F2_Citric_Acid,14
9.25,F2_Citric_Acid,15
9.5,F2_Citric_Acid,16
9.75,F2_Citric_Acid,15
10.0,F2_Citric_Acid,17
10.25,F2_Citric_Acid,13
10.5,F2_Citric_Acid,13
10.75,F2_Citric_Acid,17
11.0,F2_Citric_Acid,15
11.25,F2_Citric_Acid,13
11.5,F2_Citric_Acid,18
11.75,F2_Citric_Acid,13
12.0,F2_Citric_Acid,14
12.25,F2_Citric_Acid,13
12.5,F2_Citric_Acid,15
12.75,F2_Citric_Acid,16
13.0,F2_Citric_Acid,18
13.25,F2_Citric_Acid,13
13.5,F2_Citric_Acid,20
13.75,F2_Citric_Acid,17
14.0,F2_Citric_Acid,17
14.25,F2_Citric_Acid,18
14.5,F2_Citric_Acid,18
14.75,F2_Citric_Acid,21
15.0,F2_Citric_Acid,18
15.25,F2_Citric_Acid,16
15.5,F2_Citric_Acid,17
15.75,F2_Citric_Acid,19
16.0,F2_Citric_Acid,13
16.25,F2_Citric_Acid,16
16.5,F2_Citric_Acid,14
16.75,F2_Citric_Acid,11
17.0,F2_Citric_Acid,12
17.25,F2_Citric_Acid,15
17.5,F2_Citric_Acid,14
17.75,F2_Citric_Acid,15
18.0,F2_Citric_Acid,16
18.25,F2_Citric_Acid,15
18.5,F2_Citric_Acid,14
18.75,F2_Citric_Acid,17
19.0,F2_Citric_Acid,16
19.25,F2_Citric_Acid,13
19.5,F2_Citric_Acid,17
19.75,F2_Citric_Acid,13
20.0,F2_Citric_Acid,14
20.25,F2_Citric_Acid,18
20.5,F2_Citric_Acid,14
20.75,F2_Citric_Acid,13
21.0,F2_Citric_Acid,18
21.25,F2_Citric_Acid,14
21.5,F2_Citric_Acid,16
21.75,F2_Citric_Acid,18
22.0,F2_Citric_Acid,15
22.25,F2_Citric_Acid,16
22.5,F2_Citric_Acid,18
22.75,F2_Citric_Acid,15
23.0,F2_Citric_Acid,14
23.25,F2_Citric_Acid,14
23.5,F2_Citric_Acid,16
23.75,F2_Citric_Acid,16
24.0,F2_Citric_Acid,22
24.25,F2_Citric_Acid,16
24.5,F2_Citric_Acid,21
24.75,F2_Citric_Acid,16
25.0,F2_Citric_Acid,18
25.25,F2_Citric_Acid,19
25.5,F2_Citric_Acid,18
25.75,F2_Citric_Acid,16
26.0,F2_Citric_Acid,17
26.25,F2_Citric_Acid,14
26.5,F2_Citric_Acid,16
26.75,F2_Citric_Acid,18
27.0,F2_Citric_Acid,19
27.25,F2_Citric_Acid,16
27.5,F2_Citric_Acid,20
27.75,F2_Citric_Acid,16
28.0,F2_Citric_Acid,18
28.25,F2_Citric_Acid,19
28.5,F2_Citric_Acid,22
28.75,F2_Citric_Acid,18
29.0,F2_Citric_Acid,22
29.25,F2_Citric_Acid,18
29.5,F2_Citric_Acid,21
29.75,F2_Citric_Acid,22
30.0,F2_Citric_Acid,23
30.25,F2_Citric_Acid,21
30.5,F2_Citric_Acid,21
30.75,F2_Citric_Acid,18
31.0,F2_Citric_Acid,19
31.25,F2_Citric_Acid,20
31.5,F2_Citric_Acid,22
31.75,F2_Citric_Acid,23
32.0,F2_Citric_Acid,23
32.25,F2_Citric_Acid,23
32.5,F2_Citric_Acid,25
32.75,F2_Citric_Acid,23
33.0,F2_Citric_Acid,25
33.25,F2_Citric_Acid,21
33.5,F2_Citric_Acid,22
33.75,F2_Citric_Acid,24
34.0,F2_Citric_Acid,24
34.25,F2_Citric_Acid,24
34.5,F2_Citric_Acid,21
34.75,F2_Citric_Acid,21
35.0,F2_Citric_Acid,22
35.25,F2_Citric_Acid,23
35.5,F2_Citric_Acid,19
35.75,F2_Citric_Acid,25
36.0,F2_Citric_Acid,26
36.25,F2_Citric_Acid,25
36.5,F2_Citric_Acid,25
36.75,F2_Citric_Acid,25
37.0,F2_Citric_Acid,25
37.25,F2_Citric_Acid,26
37.5,F2_Citric_Acid,25
37.75,F2_Citric_Acid,23
38.0,F2_Citric_Acid,24
38.25,F2_Citric_Acid,26
38.5,F2_Citric_Acid,23
38.75,F2_Citric_Acid,23
39.0,F2_Citric_Acid,24
39.25,F2_Citric_Acid,26
39.5,F2_Citric_Acid,23
39.75,F2_Citric_Acid,28
40.0,F2_Citric_Acid,23
40.25,F2_Citric_Acid,21
40.5,F2_Citric_Acid,29
40.75,F2_Citric_Acid,33
41.0,F2_Citric_Acid,29
41.25,F2_Citric_Acid,23
41.5,F2_Citric_Acid,30
41.75,F2_Citric_Acid,27
42.0,F2_Citric_Acid,33
42.25,F2_Citric_Acid,32
42.5,F2_Citric_Acid,31
42.75,F2_Citric_Acid,25
43.0,F2_Citric_Acid,32
43.25,F2_Citric_Acid,30
43.5,F2_Citric_Acid,32
43.75,F2_Citric_Acid,30
44.0,F2_Citric_Acid,30
44.25,F2_Citric_Acid,27
44.5,F2_Citric_Acid,29
44.75,F2_Citric_Acid,34
45.0,F2_Citric_Acid,31
45.25,F2_Citric_Acid,35
45.5,F2_Citric_Acid,31
45.75,F2_Citric_Acid,34
46.0,F2_Citric_Acid,31
46.25,F2_Citric_Acid,32
46.5,F2_Citric_Acid,34
46.75,F2_Citric_Acid,34
47.0,F2_Citric_Acid,32
47.25,F2_Citric_Acid,31
47.5,F2_Citric_Acid,31
47.75,F2_Citric_Acid,33
48.0,F2_Citric_Acid,33
48.25,F2_Citric_Acid,36
0.0,F3_myo-Inositol,11
0.25,F3_myo-Inositol,11
0.5,F3_myo-Inositol,11
0.75,F3_myo-Inositol,11
1.0,F3_myo-Inositol,11
1.25,F3_myo-Inositol,11
1.5,F3_myo-Inositol,11
1.75,F3_myo-Inositol,11
2.0,F3_myo-Inositol,11
2.25,F3_myo-Inositol,11
2.5,F3_myo-Inositol,11
2.75,F3_myo-Inositol,11
3.0,F3_myo-Inositol,11
3.25,F3_myo-Inositol,11
3.5,F3_myo-Inositol,11
3.75,F3_myo-Inositol,11
4.0,F3_myo-Inositol,11
4.25,F3_myo-Inositol,11
4.5,F3_myo-Inositol,11
4.75,F3_myo-Inositol,11
5.0,F3_myo-Inositol,11
5.25,F3_myo-Inositol,11
5.5,F3_myo-Inositol,11
5.75,F3_myo-Inositol,11
6.0,F3_myo-Inositol,11
6.25,F3_myo-Inositol,11
6.5,F3_myo-Inositol,11
6.75,F3_myo-Inositol,11
7.0,F3_myo-Inositol,11
7.25,F3_myo-Inositol,12
7.5,F3_myo-Inositol,11
7.75,F3_myo-Inositol,11
8.0,F3_myo-Inositol,14
8.25,F3_myo-Inositol,11
8.5,F3_myo-Inositol,11
8.75,F3_myo-Inositol,11
9.0,F3_myo-Inositol,11
9.25,F3_myo-Inositol,11
9.5,F3_myo-Inositol,11
9.75,F3_myo-Inositol,11
10.0,F3_myo-Inositol,11
10.25,F3_myo-Inositol,11
10.5,F3_myo-Inositol,11
10.75,F3_myo-Inositol,11
11.0,F3_myo-Inositol,13
11.25,F3_myo-Inositol,14
11.5,F3_myo-Inositol,12
11.75,F3_myo-Inositol,13
12.0,F3_myo-Inositol,11
12.25,F3_myo-Inositol,12
12.5,F3_myo-Inositol,11
12.75,F3_myo-Inositol,14
13.0,F3_myo-Inositol,11
13.25,F3_myo-Inositol,17
13.5,F3_myo-Inositol,14
13.75,F3_myo-Inositol,13
14.0,F3_myo-Inositol,12
14.25,F3_myo-Inositol,11
14.5,F3_myo-Inositol,12
14.75,F3_myo-Inositol,13
15.0,F3_myo-Inositol,11
15.25,F3_myo-Inositol,11
15.5,F3_myo-Inositol,11
15.75,F3_myo-Inositol,16
16.0,F3_myo-Inositol,11
16.25,F3_myo-Inositol,13
16.5,F3_myo-Inositol,11
16.75,F3_myo-Inositol,11
17.0,F3_myo-Inositol,15
17.25,F3_myo-Inositol,12
17.5,F3_myo-Inositol,16
17.75,F3_myo-Inositol,12
18.0,F3_myo-Inositol,11
18.25,F3_myo-Inositol,11
18.5,F3_myo-Inositol,14
18.75,F3_myo-Inositol,14
19.0,F3_myo-Inositol,13
19.25,F3_myo-Inositol,13
19.5,F3_myo-Inositol,11
19.75,F3_myo-Inositol,12
20.0,F3_myo-Inositol,16
20.25,F3_myo-Inositol,11
20.5,F3_myo-Inositol,12
20.75,F3_myo-Inositol,12
21.0,F3_myo-Inositol,16
21.25,F3_myo-Inositol,15
21.5,F3_myo-Inositol,13
21.75,F3_myo-Inositol,15
22.0,F3_myo-Inositol,14
22.25,F3_myo-Inositol,17
22.5,F3_myo-Inositol,15
22.75,F3_myo-Inositol,19
23.0,F3_myo-Inositol,14
23.25,F3_myo-Inositol,14
23.5,F3_myo-Inositol,15
23.75,F3_myo-Inositol,12
24.0,F3_myo-Inositol,15
24.25,F3_myo-Inositol,16
24.5,F3_myo-Inositol,17
24.75,F3_myo-Inositol,16
25.0,F3_myo-Inositol,17
25.25,F3_myo-Inositol,17
25.5,F3_myo-Inositol,17
25.75,F3_myo-Inositol,18
26.0,F3_myo-Inositol,16
26.25,F3_myo-Inositol,14
26.5,F3_myo-Inositol,17
26.75,F3_myo-Inositol,16
27.0,F3_myo-Inositol,15
27.25,F3_myo-Inositol,23
27.5,F3_myo-Inositol,17
27.75,F3_myo-Inositol,19
28.0,F3_myo-Inositol,17
28.25,F3_myo-Inositol,21
28.5,F3_myo-Inositol,19
28.75,F3_myo-Inositol,18
29.0,F3_myo-Inositol,21
29.25,F3_myo-Inositol,22
29.5,F3_myo-Inositol,19
29.75,F3_myo-Inositol,20
30.0,F3_myo-Inositol,18
30.25,F3_myo-Inositol,19
30.5,F3_myo-Inositol,14
30.75,F3_myo-Inositol,16
31.0,F3_myo-Inositol,21
31.25,F3_myo-Inositol,22
31.5,F3_myo-Inositol,15
31.75,F3_myo-Inositol,23
32.0,F3_myo-Inositol,16
32.25,F3_myo-Inositol,18
32.5,F3_myo-Inositol,18
32.75,F3_myo-Inositol,19
33.0,F3_myo-Inositol,18
33.25,F3_myo-Inositol,19
33.5,F3_myo-Inositol,21
33.75,F3_myo-Inositol,16
34.0,F3_myo-Inositol,21
34.25,F3_myo-Inositol,16
34.5,F3_myo-Inositol,19
34.75,F3_myo-Inositol,16
35.0,F3_myo-Inositol,18
35.25,F3_myo-Inositol,18
35.5,F3_myo-Inositol,18
35.75,F3_myo-Inositol,21
36.0,F3_myo-Inositol,18
36.25,F3_myo-Inositol,16
36.5,F3_myo-Inositol,17
36.75,F3_myo-Inositol,17
37.0,F3_myo-Inositol,20
37.25,F3_myo-Inositol,17
37.5,F3_myo-Inositol,20
37.75,F3_myo-Inositol,16
38.0,F3_myo-Inositol,18
38.25,F3_myo-Inositol,19
38.5,F3_myo-Inositol,14
38.75,F3_myo-Inositol,20
39.0,F3_myo-Inositol,16
39.25,F3_myo-Inositol,15
39.5,F3_myo-Inositol,16
39.75,F3_myo-Inositol,16
40.0,F3_myo-Inositol,19
40.25,F3_myo-Inositol,16
40.5,F3_myo-Inositol,16
40.75,F3_myo-Inositol,19
41.0,F3_myo-Inositol,17
41.25,F3_myo-Inositol,22
41.5,F3_myo-Inositol,19
41.75,F3_myo-Inositol,14
42.0,F3_myo-Inositol,22
42.25,F3_myo-Inositol,22
42.5,F3_myo-Inositol,22
42.75,F3_myo-Inositol,22
43.0,F3_myo-Inositol,20
43.25,F3_myo-Inositol,15
43.5,F3_myo-Inositol,18
43.75,F3_myo-Inositol,23
44.0,F3_myo-Inositol,16
44.25,F3_myo-Inositol,19
44.5,F3_myo-Inositol,16
44.75,F3_myo-Inositol,18
45.0,F3_myo-Inositol,18
45.25,F3_myo-Inositol,19
45.5,F3_myo-Inositol,18
45.75,F3_myo-Inositol,19
46.0,F3_myo-Inositol,20
46.25,F3_myo-Inositol,24
46.5,F3_myo-Inositol,21
46.75,F3_myo-Inositol,23
47.0,F3_myo-Inositol,19
47.25,F3_myo-Inositol,19
47.5,F3_myo-Inositol,20
47.75,F3_myo-Inositol,18
48.0,F3_myo-Inositol,16
48.25,F3_myo-Inositol,20
0.0,F4_D-Threonine,11
0.25,F4_D-Threonine,11
0.5,F4_D-Threonine,11
0.75,F4_D-Threonine,11
1.0,F4_D-Threonine,11
1.25,F4_D-Threonine,11
1.5,F4_D-Threonine,11
1.75,F4_D-Threonine,11
2.0,F4_D-Threonine,11
2.25,F4_D-Threonine,11
2.5,F4_D-Threonine,11
2.75,F4_D-Threonine,11
3.0,F4_D-Threonine,11
3.25,F4_D-Threonine,11
3.5,F4_D-Threonine,12
3.75,F4_D-Threonine,11
4.0,F4_D-Threonine,11
4.25,F4_D-Threonine,11
4.5,F4_D-Threonine,11
4.75,F4_D-Threonine,11
5.0,F4_D-Threonine,11
5.25,F4_D-Threonine,11
5.5,F4_D-Threonine,11
5.75,F4_D-Threonine,11
6.0,F4_D-Threonine,11
6.25,F4_D-Threonine,11
6.5,F4_D-Threonine,11
6.75,F4_D-Threonine,11
7.0,F4_D-Threonine,11
7.25,F4_D-Threonine,11
7.5,F4_D-Threonine,11
7.75,F4_D-Threonine,11
8.0,F4_D-Threonine,11
8.25,F4_D-Threonine,11
8.5,F4_D-Threonine,11
8.75,F4_D-Threonine,11
9.0,F4_D-Threonine,11
9.25,F4_D-Threonine,11
9.5,F4_D-Threonine,11
9.75,F4_D-Threonine,11
10.0,F4_D-Threonine,11
10.25,F4_D-Threonine,11
10.5,F4_D-Threonine,11
10.75,F4_D-Threonine,11
11.0,F4_D-Threonine,11
11.25,F4_D-Threonine,11
11.5,F4_D-Threonine,11
11.75,F4_D-Threonine,11
12.0,F4_D-Threonine,11
12.25,F4_D-Threonine,12
12.5,F4_D-Threonine,11
12.75,F4_D-Threonine,11
13.0,F4_D-Threonine,11
13.25,F4_D-Threonine,11
13.5,F4_D-Threonine,11
13.75,F4_D-Threonine,11
14.0,F4_D-Threonine,11
14.25,F4_D-Threonine,11
14.5,F4_D-Threonine,13
14.75,F4_D-Threonine,11
15.0,F4_D-Threonine,13
15.25,F4_D-Threonine,11
15.5,F4_D-Threonine,11
15.75,F4_D-Threonine,11
16.0,F4_D-Threonine,14
16.25,F4_D-Threonine,11
16.5,F4_D-Threonine,11
16.75,F4_D-Threonine,11
17.0,F4_D-Threonine,11
17.25,F4_D-Threonine,11
17.5,F4_D-Threonine,11
17.75,F4_D-Threonine,11
18.0,F4_D-Threonine,11
18.25,F4_D-Threonine,11
18.5,F4_D-Threonine,11
18.75,F4_D-Threonine,11
19.0,F4_D-Threonine,11
19.25,F4_D-Threonine,12
19.5,F4_D-Threonine,11
19.75,F4_D-Threonine,11
20.0,F4_D-Threonine,12
20.25,F4_D-Threonine,12
20.5,F4_D-Threonine,12
20.75,F4_D-Threonine,11
21.0,F4_D-Threonine,11
21.25,F4_D-Threonine,11
21.5,F4_D-Threonine,11
21.75,F4_D-Threonine,12
22.0,F4_D-Threonine,11
22.25,F4_D-Threonine,12
22.5,F4_D-Threonine,12
22.75,F4_D-Threonine,14
23.0,F4_D-Threonine,11
23.25,F4_D-Threonine,12
23.5,F4_D-Threonine,15
23.75,F4_D-Threonine,12
24.0,F4_D-Threonine,11
24.25,F4_D-Threonine,14
24.5,F4_D-Threonine,11
24.75,F4_D-Threonine,11
25.0,F4_D-Threonine,11
25.25,F4_D-Threonine,13
25.5,F4_D-Threonine,11
25.75,F4_D-Threonine,11
26.0,F4_D-Threonine,14
26.25,F4_D-Threonine,11
26.5,F4_D-Threonine,13
26.75,F4_D-Threonine,12
27.0,F4_D-Threonine,14
27.25,F4_D-Threonine,15
27.5,F4_D-Threonine,16
27.75,F4_D-Threonine,14
28.0,F4_D-Threonine,15
28.25,F4_D-Threonine,13
28.5,F4_D-Threonine,15
28.75,F4_D-Threonine,14
29.0,F4_D-Threonine,12
29.25,F4_D-Threonine,17
29.5,F4_D-Threonine,11
29.75,F4_D-Threonine,14
30.0,F4_D-Threonine,16
30.25,F4_D-Threonine,12
30.5,F4_D-Threonine,11
30.75,F4_D-Threonine,12
31.0,F4_D-Threonine,12
31.25,F4_D-Threonine,15
31.5,F4_D-Threonine,15
31.75,F4_D-Threonine,18
32.0,F4_D-Threonine,17
32.25,F4_D-Threonine,12
32.5,F4_D-Threonine,13
32.75,F4_D-Threonine,12
33.0,F4_D-Threonine,14
33.25,F4_D-Threonine,11
33.5,F4_D-Threonine,18
33.75,F4_D-Threonine,13
34.0,F4_D-Threonine,14
34.25,F4_D-Threonine,15
34.5,F4_D-Threonine,17
34.75,F4_D-Threonine,15
35.0,F4_D-Threonine,11
35.25,F4_D-Threonine,11
35.5,F4_D-Threonine,13
35.75,F4_D-Threonine,13
36.0,F4_D-Threonine,17
36.25,F4_D-Threonine,14
36.5,F4_D-Threonine,11
36.75,F4_D-Threonine,15
37.0,F4_D-Threonine,13
37.25,F4_D-Threonine,13
37.5,F4_D-Threonine,13
37.75,F4_D-Threonine,21
38.0,F4_D-Threonine,14
38.25,F4_D-Threonine,15
38.5,F4_D-Threonine,12
38.75,F4_D-Threonine,11
39.0,F4_D-Threonine,13
39.25,F4_D-Threonine,15
39.5,F4_D-Threonine,13
39.75,F4_D-Threonine,13
40.0,F4_D-Threonine,12
40.25,F4_D-Threonine,11
40.5,F4_D-Threonine,20
40.75,F4_D-Threonine,15
41.0,F4_D-Threonine,18
41.25,F4_D-Threonine,12
41.5,F4_D-Threonine,15
41.75,F4_D-Threonine,12
42.0,F4_D-Threonine,16
42.25,F4_D-Threonine,13
42.5,F4_D-Threonine,15
42.75,F4_D-Threonine,15
43.0,F4_D-Threonine,15
43.25,F4_D-Threonine,15
43.5,F4_D-Threonine,17
43.75,F4_D-Threonine,14
44.0,F4_D-Threonine,15
44.25,F4_D-Threonine,12
44.5,F4_D-Threonine,11
44.75,F4_D-Threonine,11
45.0,F4_D-Threonine,14
45.25,F4_D-Threonine,17
45.5,F4_D-Threonine,14
45.75,F4_D-Threonine,13
46.0,F4_D-Threonine,14
46.25,F4_D-Threonine,15
46.5,F4_D-Threonine,15
46.75,F4_D-Threonine,16
47.0,F4_D-Threonine,14
47.25,F4_D-Threonine,14
47.5,F4_D-Threonine,11
47.75,F4_D-Threonine,13
48.0,F4_D-Threonine,16
48.25,F4_D-Threonine,17
0.0,F5_Fumaric_Acid,12
0.25,F5_Fumaric_Acid,11
0.5,F5_Fumaric_Acid,11
0.75,F5_Fumaric_Acid,11
1.0,F5_Fumaric_Acid,11
1.25,F5_Fumaric_Acid,11
1.5,F5_Fumaric_Acid,11
1.75,F5_Fumaric_Acid,11
2.0,F5_Fumaric_Acid,11
2.25,F5_Fumaric_Acid,11
2.5,F5_Fumaric_Acid,11
2.75,F5_Fumaric_Acid,11
3.0,F5_Fumaric_Acid,11
3.25,F5_Fumaric_Acid,11
3.5,F5_Fumaric_Acid,11
3.75,F5_Fumaric_Acid,11
4.0,F5_Fumaric_Acid,11
4.25,F5_Fumaric_Acid,11
4.5,F5_Fumaric_Acid,11
4.75,F5_Fumaric_Acid,11
5.0,F5_Fumaric_Acid,11
5.25,F5_Fumaric_Acid,11
5.5,F5_Fumaric_Acid,11
5.75,F5_Fumaric_Acid,11
6.0,F5_Fumaric_Acid,11
6.25,F5_Fumaric_Acid,11
6.5,F5_Fumaric_Acid,11
6.75,F5_Fumaric_Acid,11
7.0,F5_Fumaric_Acid,12
7.25,F5_Fumaric_Acid,11
7.5,F5_Fumaric_Acid,11
7.75,F5_Fumaric_Acid,11
8.0,F5_Fumaric_Acid,11
8.25,F5_Fumaric_Acid,11
8.5,F5_Fumaric_Acid,11
8.75,F5_Fumaric_Acid,11
9.0,F5_Fumaric_Acid,11
9.25,F5_Fumaric_Acid,11
9.5,F5_Fumaric_Acid,11
9.75,F5_Fumaric_Acid,11
10.0,F5_Fumaric_Acid,11
10.25,F5_Fumaric_Acid,11
10.5,F5_Fumaric_Acid,11
10.75,F5_Fumaric_Acid,11
11.0,F5_Fumaric_Acid,11
11.25,F5_Fumaric_Acid,11
11.5,F5_Fumaric_Acid,11
11.75,F5_Fumaric_Acid,11
12.0,F5_Fumaric_Acid,11
12.25,F5_Fumaric_Acid,11
12.5,F5_Fumaric_Acid,11
12.75,F5_Fumaric_Acid,11
13.0,F5_Fumaric_Acid,11
13.25,F5_Fumaric_Acid,11
13.5,F5_Fumaric_Acid,11
13.75,F5_Fumaric_Acid,11
14.0,F5_Fumaric_Acid,11
14.25,F5_Fumaric_Acid,11
14.5,F5_Fumaric_Acid,11
14.75,F5_Fumaric_Acid,11
15.0,F5_Fumaric_Acid,13
15.25,F5_Fumaric_Acid,11
15.5,F5_Fumaric_Acid,11
15.75,F5_Fumaric_Acid,11
16.0,F5_Fumaric_Acid,12
16.25,F5_Fumaric_Acid,13
16.5,F5_Fumaric_Acid,11
16.75,F5_Fumaric_Acid,11
17.0,F5_Fumaric_Acid,16
17.25,F5_Fumaric_Acid,11
17.5,F5_Fumaric_Acid,11
17.75,F5_Fumaric_Acid,11
18.0,F5_Fumaric_Acid,13
18.25,F5_Fumaric_Acid,11
18.5,F5_Fumaric_Acid,11
18.75,F5_Fumaric_Acid,12
19.0,F5_Fumaric_Acid,12
19.25,F5_Fumaric_Acid,11
19.5,F5_Fumaric_Acid,11
19.75,F5_Fumaric_Acid,11
20.0,F5_Fumaric_Acid,12
20.25,F5_Fumaric_Acid,12
20.5,F5_Fumaric_Acid,13
20.75,F5_Fumaric_Acid,11
21.0,F5_Fumaric_Acid,13
21.25,F5_Fumaric_Acid,14
21.5,F5_Fumaric_Acid,12
21.75,F5_Fumaric_Acid,14
22.0,F5_Fumaric_Acid,15
22.25,F5_Fumaric_Acid,11
22.5,F5_Fumaric_Acid,15
22.75,F5_Fumaric_Acid,13
23.0,F5_Fumaric_Acid,17
23.25,F5_Fumaric_Acid,14
23.5,F5_Fumaric_Acid,20
23.75,F5_Fumaric_Acid,14
24.0,F5_Fumaric_Acid,13
24.25,F5_Fumaric_Acid,15
24.5,F5_Fumaric_Acid,14
24.75,F5_Fumaric_Acid,18
25.0,F5_Fumaric_Acid,17
25.25,F5_Fumaric_Acid,18
25.5,F5_Fumaric_Acid,14
25.75,F5_Fumaric_Acid,17
26.0,F5_Fumaric_Acid,19
26.25,F5_Fumaric_Acid,12
26.5,F5_Fumaric_Acid,16
26.75,F5_Fumaric_Acid,16
27.0,F5_Fumaric_Acid,20
27.25,F5_Fumaric_Acid,16
27.5,F5_Fumaric_Acid,21
27.75,F5_Fumaric_Acid,15
28.0,F5_Fumaric_Acid,19
28.25,F5_Fumaric_Acid,20
28.5,F5_Fumaric_Acid,21
28.75,F5_Fumaric_Acid,20
29.0,F5_Fumaric_Acid,23
29.25,F5_Fumaric_Acid,17
29.5,F5_Fumaric_Acid,18
29.75,F5_Fumaric_Acid,19
30.0,F5_Fumaric_Acid,22
30.25,F5_Fumaric_Acid,18
30.5,F5_Fumaric_Acid,21
30.75,F5_Fumaric_Acid,22
31.0,F5_Fumaric_Acid,22
31.25,F5_Fumaric_Acid,19
31.5,F5_Fumaric_Acid,17
31.75,F5_Fumaric_Acid,22
32.0,F5_Fumaric_Acid,19
32.25,F5_Fumaric_Acid,24
32.5,F5_Fumaric_Acid,23
32.75,F5_Fumaric_Acid,21
33.0,F5_Fumaric_Acid,21
33.25,F5_Fumaric_Acid,23
33.5,F5_Fumaric_Acid,22
33.75,F5_Fumaric_Acid,23
34.0,F5_Fumaric_Acid,19
34.25,F5_Fumaric_Acid,23
34.5,F5_Fumaric_Acid,25
34.75,F5_Fumaric_Acid,24
35.0,F5_Fumaric_Acid,22
35.25,F5_Fumaric_Acid,18
35.5,F5_Fumaric_Acid,26
35.75,F5_Fumaric_Acid,28
36.0,F5_Fumaric_Acid,26
36.25,F5_Fumaric_Acid,21
36.5,F5_Fumaric_Acid,24
36.75,F5_Fumaric_Acid,24
37.0,F5_Fumaric_Acid,22
37.25,F5_Fumaric_Acid,23
37.5,F5_Fumaric_Acid,24
37.75,F5_Fumaric_Acid,26
38.0,F5_Fumaric_Acid,27
38.25,F5_Fumaric_Acid,26
38.5,F5_Fumaric_Acid,27
38.75,F5_Fumaric_Acid,26
39.0,F5_Fumaric_Acid,28
39.25,F5_Fumaric_Acid,26
39.5,F5_Fumaric_Acid,32
39.75,F5_Fumaric_Acid,22
40.0,F5_Fumaric_Acid,29
40.25,F5_Fumaric_Acid,28
40.5,F5_Fumaric_Acid,28
40.75,F5_Fumaric_Acid,28
41.0,F5_Fumaric_Acid,32
41.25,F5_Fumaric_Acid,30
41.5,F5_Fumaric_Acid,29
41.75,F5_Fumaric_Acid,28
42.0,F5_Fumaric_Acid,29
42.25,F5_Fumaric_Acid,26
42.5,F5_Fumaric_Acid,33
42.75,F5_Fumaric_Acid,33
43.0,F5_Fumaric_Acid,30
43.25,F5_Fumaric_Acid,29
43.5,F5_Fumaric_Acid,32
43.75,F5_Fumaric_Acid,34
44.0,F5_Fumaric_Acid,31
44.25,F5_Fumaric_Acid,33
44.5,F5_Fumaric_Acid,35
44.75,F5_Fumaric_Acid,35
45.0,F5_Fumaric_Acid,33
45.25,F5_Fumaric_Acid,29
45.5,F5_Fumaric_Acid,34
45.75,F5_Fumaric_Acid,32
46.0,F5_Fumaric_Acid,33
46.25,F5_Fumaric_Acid,34
46.5,F5_Fumaric_Acid,30
46.75,F5_Fumaric_Acid,32
47.0,F5_Fumaric_Acid,33
47.25,F5_Fumaric_Acid,36
47.5,F5_Fumaric_Acid,35
47.75,F5_Fumaric_Acid,35
48.0,F5_Fumaric_Acid,34
48.25,F5_Fumaric_Acid,37
0.0,F6_Bromo_Succinic_Acid,11
0.25,F6_Bromo_Succinic_Acid,11
0.5,F6_Bromo_Succinic_Acid,11
0.75,F6_Bromo_Succinic_Acid,11
1.0,F6_Bromo_Succinic_Acid,11
1.25,F6_Bromo_Succinic_Acid,11
1.5,F6_Bromo_Succinic_Acid,11
1.75,F6_Bromo_Succinic_Acid,11
2.0,F6_Bromo_Succinic_Acid,11
2.25,F6_Bromo_Succinic_Acid,11
2.5,F6_Bromo_Succinic_Acid,11
2.75,F6_Bromo_Succinic_Acid,11
3.0,F6_Bromo_Succinic_Acid,11
3.25,F6_Bromo_Succinic_Acid,11
3.5,F6_Bromo_Succinic_Acid,11
3.75,F6_Bromo_Succinic_Acid,11
4.0,F6_Bromo_Succinic_Acid,11
4.25,F6_Bromo_Succinic_Acid,11
4.5,F6_Bromo_Succinic_Acid,11
4.75,F6_Bromo_Succinic_Acid,11
5.0,F6_Bromo_Succinic_Acid,11
5.25,F6_Bromo_Succinic_Acid,11
5.5,F6_Bromo_Succinic_Acid,11
5.75,F6_Bromo_Succinic_Acid,11
6.0,F6_Bromo_Succinic_Acid,11
6.25,F6_Bromo_Succinic_Acid,11
6.5,F6_Bromo_Succinic_Acid,11
6.75,F6_Bromo_Succinic_Acid,11
7.0,F6_Bromo_Succinic_Acid,11
7.25,F6_Bromo_Succinic_Acid,11
7.5,F6_Bromo_Succinic_Acid,11
7.75,F6_Bromo_Succinic_Acid,11
8.0,F6_Bromo_Succinic_Acid,11
8.25,F6_Bromo_Succinic_Acid,11
8.5,F6_Bromo_Succinic_Acid,11
8.75,F6_Bromo_Succinic_Acid,11
9.0,F6_Bromo_Succinic_Acid,11
9.25,F6_Bromo_Succinic_Acid,11
9.5,F6_Bromo_Succinic_Acid,11
9.75,F6_Bromo_Succinic_Acid,11
10.0,F6_Bromo_Succinic_Acid,11
10.25,F6_Bromo_Succinic_Acid,11
10.5,F6_Bromo_Succinic_Acid,11
10.75,F6_Bromo_Succinic_Acid,11
11.0,F6_Bromo_Succinic_Acid,11
11.25,F6_Bromo_Succinic_Acid,11
11.5,F6_Bromo_Succinic_Acid,11
11.75,F6_Bromo_Succinic_Acid,11
12.0,F6_Bromo_Succinic_Acid,11
12.25,F6_Bromo_Succinic_Acid,13
12.5,F6_Bromo_Succinic_Acid,11
12.75,F6_Bromo_Succinic_Acid,11
13.0,F6_Bromo_Succinic_Acid,11
13.25,F6_Bromo_Succinic_Acid,11
13.5,F6_Bromo_Succinic_Acid,11
13.75,F6_Bromo_Succinic_Acid,11
14.0,F6_Bromo_Succinic_Acid,11
14.25,F6_Bromo_Succinic_Acid,11
14.5,F6_Bromo_Succinic_Acid,11
14.75,F6_Bromo_Succinic_Acid,11
15.0,F6_Bromo_Succinic_Acid,11
15.25,F6_Bromo_Succinic_Acid,11
15.5,F6_Bromo_Succinic_Acid,11
15.75,F6_Bromo_Succinic_Acid,11
16.0,F6_Bromo_Succinic_Acid,11
16.25,F6_Bromo_Succinic_Acid,11
16.5,F6_Bromo_Succinic_Acid,11
16.75,F6_Bromo_Succinic_Acid,11
17.0,F6_Bromo_Succinic_Acid,11
17.25,F6_Bromo_Succinic_Acid,11
17.5,F6_Bromo_Succinic_Acid,11
17.75,F6_Bromo_Succinic_Acid,11
18.0,F6_Bromo_Succinic_Acid,11
18.25,F6_Bromo_Succinic_Acid,11
18.5,F6_Bromo_Succinic_Acid,11
18.75,F6_Bromo_Succinic_Acid,11
19.0,F6_Bromo_Succinic_Acid,11
19.25,F6_Bromo_Succinic_Acid,11
19.5,F6_Bromo_Succinic_Acid,12
19.75,F6_Bromo_Succinic_Acid,11
20.0,F6_Bromo_Succinic_Acid,11
20.25,F6_Bromo_Succinic_Acid,11
20.5,F6_Bromo_Succinic_Acid,13
20.75,F6_Bromo_Succinic_Acid,12
21.0,F6_Bromo_Succinic_Acid,11
21.25,F6_Bromo_Succinic_Acid,11
21.5,F6_Bromo_Succinic_Acid,11
21.75,F6_Bromo_Succinic_Acid,11
22.0,F6_Bromo_Succinic_Acid,11
22.25,F6_Bromo_Succinic_Acid,11
22.5,F6_Bromo_Succinic_Acid,11
22.75,F6_Bromo_Succinic_Acid,11
23.0,F6_Bromo_Succinic_Acid,11
23.25,F6_Bromo_Succinic_Acid,11
23.5,F6_Bromo_Succinic_Acid,11
23.75,F6_Bromo_Succinic_Acid,11
24.0,F6_Bromo_Succinic_Acid,11
24.25,F6_Bromo_Succinic_Acid,11
24.5,F6_Bromo_Succinic_Acid,11
24.75,F6_Bromo_Succinic_Acid,11
25.0,F6_Bromo_Succinic_Acid,11
25.25,F6_Bromo_Succinic_Acid,13
25.5,F6_Bromo_Succinic_Acid,14
25.75,F6_Bromo_Succinic_Acid,11
26.0,F6_Bromo_Succinic_Acid,11
26.25,F6_Bromo_Succinic_Acid,11
26.5,F6_Bromo_Succinic_Acid,11
26.75,F6_Bromo_Succinic_Acid,11
27.0,F6_Bromo_Succinic_Acid,12
27.25,F6_Bromo_Succinic_Acid,11
27.5,F6_Bromo_Succinic_Acid,11
27.75,F6_Bromo_Succinic_Acid,14
28.0,F6_Bromo_Succinic_Acid,11
28.25,F6_Bromo_Succinic_Acid,14
28.5,F6_Bromo_Succinic_Acid,14
28.75,F6_Bromo_Succinic_Acid,15
29.0,F6_Bromo_Succinic_Acid,14
29.25,F6_Bromo_Succinic_Acid,14
29.5,F6_Bromo_Succinic_Acid,11
29.75,F6_Bromo_Succinic_Acid,14
30.0,F6_Bromo_Succinic_Acid,12
30.25,F6_Bromo_Succinic_Acid,11
30.5,F6_Bromo_Succinic_Acid,12
30.75,F6_Bromo_Succinic_Acid,14
31.0,F6_Bromo_Succinic_Acid,13
31.25,F6_Bromo_Succinic_Acid,16
31.5,F6_Bromo_Succinic_Acid,14
31.75,F6_Bromo_Succinic_Acid,15
32.0,F6_Bromo_Succinic_Acid,17
32.25,F6_Bromo_Succinic_Acid,15
32.5,F6_Bromo_Succinic_Acid,15
32.75,F6_Bromo_Succinic_Acid,11
33.0,F6_Bromo_Succinic_Acid,16
33.25,F6_Bromo_Succinic_Acid,13
33.5,F6_Bromo_Succinic_Acid,15
33.75,F6_Bromo_Succinic_Acid,13
34.0,F6_Bromo_Succinic_Acid,16
34.25,F6_Bromo_Succinic_Acid,14
34.5,F6_Bromo_Succinic_Acid,15
34.75,F6_Bromo_Succinic_Acid,16
35.0,F6_Bromo_Succinic_Acid,13
35.25,F6_Bromo_Succinic_Acid,14
35.5,F6_Bromo_Succinic_Acid,19
35.75,F6_Bromo_Succinic_Acid,18
36.0,F6_Bromo_Succinic_Acid,15
36.25,F6_Bromo_Succinic_Acid,16
36.5,F6_Bromo_Succinic_Acid,15
36.75,F6_Bromo_Succinic_Acid,17
37.0,F6_Bromo_Succinic_Acid,12
37.25,F6_Bromo_Succinic_Acid,14
37.5,F6_Bromo_Succinic_Acid,17
37.75,F6_Bromo_Succinic_Acid,16
38.0,F6_Bromo_Succinic_Acid,18
38.25,F6_Bromo_Succinic_Acid,18
38.5,F6_Bromo_Succinic_Acid,15
38.75,F6_Bromo_Succinic_Acid,11
39.0,F6_Bromo_Succinic_Acid,13
39.25,F6_Bromo_Succinic_Acid,18
39.5,F6_Bromo_Succinic_Acid,14
39.75,F6_Bromo_Succinic_Acid,15
40.0,F6_Bromo_Succinic_Acid,19
40.25,F6_Bromo_Succinic_Acid,20
40.5,F6_Bromo_Succinic_Acid,14
40.75,F6_Bromo_Succinic_Acid,18
41.0,F6_Bromo_Succinic_Acid,17
41.25,F6_Bromo_Succinic_Acid,12
41.5,F6_Bromo_Succinic_Acid,18
41.75,F6_Bromo_Succinic_Acid,23
42.0,F6_Bromo_Succinic_Acid,16
42.25,F6_Bromo_Succinic_Acid,19
42.5,F6_Bromo_Succinic_Acid,21
42.75,F6_Bromo_Succinic_Acid,17
43.0,F6_Bromo_Succinic_Acid,18
43.25,F6_Bromo_Succinic_Acid,16
43.5,F6_Bromo_Succinic_Acid,18
43.75,F6_Bromo_Succinic_Acid,19
44.0,F6_Bromo_Succinic_Acid,21
44.25,F6_Bromo_Succinic_Acid,18
44.5,F6_Bromo_Succinic_Acid,19
44.75,F6_Bromo_Succinic_Acid,16
45.0,F6_Bromo_Succinic_Acid,16
45.25,F6_Bromo_Succinic_Acid,20
45.5,F6_Bromo_Succinic_Acid,15
45.75,F6_Bromo_Succinic_Acid,20
46.0,F6_Bromo_Succinic_Acid,15
46.25,F6_Bromo_Succinic_Acid,18
46.5,F6_Bromo_Succinic_Acid,20
46.75,F6_Bromo_Succinic_Acid,14
47.0,F6_Bromo_Succinic_Acid,19
47.25,F6_Bromo_Succinic_Acid,23
47.5,F6_Bromo_Succinic_Acid,17
47.75,F6_Bromo_Succinic_Acid,21
48.0,F6_Bromo_Succinic_Acid,19
48.25,F6_Bromo_Succinic_Acid,23
0.0,F7_Propionic_Acid,11
0.25,F7_Propionic_Acid,11
0.5,F7_Propionic_Acid,11
0.75,F7_Propionic_Acid,11
1.0,F7_Propionic_Acid,11
1.25,F7_Propionic_Acid,11
1.5,F7_Propionic_Acid,11
1.75,F7_Propionic_Acid,11
2.0,F7_Propionic_Acid,12
2.25,F7_Propionic_Acid,11
2.5,F7_Propionic_Acid,11
2.75,F7_Propionic_Acid,11
3.0,F7_Propionic_Acid,11
3.25,F7_Propionic_Acid,12
3.5,F7_Propionic_Acid,11
3.75,F7_Propionic_Acid,11
4.0,F7_Propionic_Acid,11
4.25,F7_Propionic_Acid,11
4.5,F7_Propionic_Acid,11
4.75,F7_Propionic_Acid,11
5.0,F7_Propionic_Acid,11
5.25,F7_Propionic_Acid,11
5.5,F7_Propionic_Acid,11
5.75,F7_Propionic_Acid,11
6.0,F7_Propionic_Acid,11
6.25,F7_Propionic_Acid,11
6.5,F7_Propionic_Acid,11
6.75,F7_Propionic_Acid,11
7.0,F7_Propionic_Acid,11
7.25,F7_Propionic_Acid,11
7.5,F7_Propionic_Acid,11
7.75,F7_Propionic_Acid,11
8.0,F7_Propionic_Acid,11
8.25,F7_Propionic_Acid,11
8.5,F7_Propionic_Acid,12
8.75,F7_Propionic_Acid,11
9.0,F7_Propionic_Acid,11
9.25,F7_Propionic_Acid,11
9.5,F7_Propionic_Acid,12
9.75,F7_Propionic_Acid,11
10.0,F7_Propionic_Acid,11
10.25,F7_Propionic_Acid,11
10.5,F7_Propionic_Acid,12
10.75,F7_Propionic_Acid,11
11.0,F7_Propionic_Acid,11
11.25,F7_Propionic_Acid,11
11.5,F7_Propionic_Acid,11
11.75,F7_Propionic_Acid,11
12.0,F7_Propionic_Acid,11
12.25,F7_Propionic_Acid,11
12.5,F7_Propionic_Acid,11
12.75,F7_Propionic_Acid,11
13.0,F7_Propionic_Acid,11
13.25,F7_Propionic_Acid,11
13.5,F7_Propionic_Acid,11
13.75,F7_Propionic_Acid,11
14.0,F7_Propionic_Acid,11
14.25,F7_Propionic_Acid,11
14.5,F7_Propionic_Acid,11
14.75,F7_Propionic_Acid,11
15.0,F7_Propionic_Acid,12
15.25,F7_Propionic_Acid,11
15.5,F7_Propionic_Acid,11
15.75,F7_Propionic_Acid,11
16.0,F7_Propionic_Acid,11
16.25,F7_Propionic_Acid,11
16.5,F7_Propionic_Acid,11
16.75,F7_Propionic_Acid,12
17.0,F7_Propionic_Acid,13
17.25,F7_Propionic_Acid,12
17.5,F7_Propionic_Acid,11
17.75,F7_Propionic_Acid,12
18.0,F7_Propionic_Acid,14
18.25,F7_Propionic_Acid,11
18.5,F7_Propionic_Acid,11
18.75,F7_Propionic_Acid,13
19.0,F7_Propionic_Acid,11
19.25,F7_Propionic_Acid,11
19.5,F7_Propionic_Acid,11
19.75,F7_Propionic_Acid,12
20.0,F7_Propionic_Acid,11
20.25,F7_Propionic_Acid,11
20.5,F7_Propionic_Acid,11
20.75,F7_Propionic_Acid,11
21.0,F7_Propionic_Acid,11
21.25,F7_Propionic_Acid,11
21.5,F7_Propionic_Acid,11
21.75,F7_Propionic_Acid,14
22.0,F7_Propionic_Acid,11
22.25,F7_Propionic_Acid,13
22.5,F7_Propionic_Acid,11
22.75,F7_Propionic_Acid,12
23.0,F7_Propionic_Acid,11
23.25,F7_Propionic_Acid,11
23.5,F7_Propionic_Acid,12
23.75,F7_Propionic_Acid,11
24.0,F7_Propionic_Acid,11
24.25,F7_Propionic_Acid,11
24.5,F7_Propionic_Acid,11
24.75,F7_Propionic_Acid,11
25.0,F7_Propionic_Acid,11
25.25,F7_Propionic_Acid,11
25.5,F7_Propionic_Acid,11
25.75,F7_Propionic_Acid,11
26.0,F7_Propionic_Acid,13
26.25,F7_Propionic_Acid,11
26.5,F7_Propionic_Acid,11
26.75,F7_Propionic_Acid,11
27.0,F7_Propionic_Acid,12
27.25,F7_Propionic_Acid,12
27.5,F7_Propionic_Acid,12
27.75,F7_Propionic_Acid,11
28.0,F7_Propionic_Acid,11
28.25,F7_Propionic_Acid,12
28.5,F7_Propionic_Acid,15
28.75,F7_Propionic_Acid,11
29.0,F7_Propionic_Acid,12
29.25,F7_Propionic_Acid,15
29.5,F7_Propionic_Acid,17
29.75,F7_Propionic_Acid,12
30.0,F7_Propionic_Acid,13
30.25,F7_Propionic_Acid,11
30.5,F7_Propionic_Acid,16
30.75,F7_Propionic_Acid,12
31.0,F7_Propionic_Acid,15
31.25,F7_Propionic_Acid,16
31.5,F7_Propionic_Acid,15
31.75,F7_Propionic_Acid,15
32.0,F7_Propionic_Acid,13
32.25,F7_Propionic_Acid,13
32.5,F7_Propionic_Acid,14
32.75,F7_Propionic_Acid,12
33.0,F7_Propionic_Acid,13
33.25,F7_Propionic_Acid,16
33.5,F7_Propionic_Acid,12
33.75,F7_Propionic_Acid,13
34.0,F7_Propionic_Acid,13
34.25,F7_Propionic_Acid,13
34.5,F7_Propionic_Acid,13
34.75,F7_Propionic_Acid,15
35.0,F7_Propionic_Acid,11
35.25,F7_Propionic_Acid,14
35.5,F7_Propionic_Acid,16
35.75,F7_Propionic_Acid,13
36.0,F7_Propionic_Acid,19
36.25,F7_Propionic_Acid,17
36.5,F7_Propionic_Acid,13
36.75,F7_Propionic_Acid,18
37.0,F7_Propionic_Acid,16
37.25,F7_Propionic_Acid,16
37.5,F7_Propionic_Acid,15
37.75,F7_Propionic_Acid,19
38.0,F7_Propionic_Acid,15
38.25,F7_Propionic_Acid,13
38.5,F7_Propionic_Acid,17
38.75,F7_Propionic_Acid,16
39.0,F7_Propionic_Acid,17
39.25,F7_Propionic_Acid,16
39.5,F7_Propionic_Acid,16
39.75,F7_Propionic_Acid,16
40.0,F7_Propionic_Acid,18
40.25,F7_Propionic_Acid,21
40.5,F7_Propionic_Acid,16
40.75,F7_Propionic_Acid,15
41.0,F7_Propionic_Acid,21
41.25,F7_Propionic_Acid,17
41.5,F7_Propionic_Acid,16
41.75,F7_Propionic_Acid,16
42.0,F7_Propionic_Acid,18
42.25,F7_Propionic_Acid,19
42.5,F7_Propionic_Acid,23
42.75,F7_Propionic_Acid,23
43.0,F7_Propionic_Acid,23
43.25,F7_Propionic_Acid,15
43.5,F7_Propionic_Acid,18
43.75,F7_Propionic_Acid,24
44.0,F7_Propionic_Acid,18
44.25,F7_Propionic_Acid,15
44.5,F7_Propionic_Acid,21
44.75,F7_Propionic_Acid,21
45.0,F7_Propionic_Acid,19
45.25,F7_Propionic_Acid,22
45.5,F7_Propionic_Acid,18
45.75,F7_Propionic_Acid,23
46.0,F7_Propionic_Acid,18
46.25,F7_Propionic_Acid,23
46.5,F7_Propionic_Acid,24
46.75,F7_Propionic_Acid,25
47.0,F7_Propionic_Acid,18
47.25,F7_Propionic_Acid,22
47.5,F7_Propionic_Acid,22
47.75,F7_Propionic_Acid,20
48.0,F7_Propionic_Acid,21
48.25,F7_Propionic_Acid,22
0.0,F8_Mucic_Acid,11
0.25,F8_Mucic_Acid,11
0.5,F8_Mucic_Acid,11
0.75,F8_Mucic_Acid,11
1.0,F8_Mucic_Acid,11
1.25,F8_Mucic_Acid,11
1.5,F8_Mucic_Acid,11
1.75,F8_Mucic_Acid,11
2.0,F8_Mucic_Acid,11
2.25,F8_Mucic_Acid,11
2.5,F8_Mucic_Acid,11
2.75,F8_Mucic_Acid,11
3.0,F8_Mucic_Acid,11
3.25,F8_Mucic_Acid,11
3.5,F8_Mucic_Acid,11
3.75,F8_Mucic_Acid,11
4.0,F8_Mucic_Acid,11
4.25,F8_Mucic_Acid,11
4.5,F8_Mucic_Acid,11
4.75,F8_Mucic_Acid,11
5.0,F8_Mucic_Acid,11
5.25,F8_Mucic_Acid,11
5.5,F8_Mucic_Acid,11
5.75,F8_Mucic_Acid,11
6.0,F8_Mucic_Acid,11
6.25,F8_Mucic_Acid,11
6.5,F8_Mucic_Acid,11
6.75,F8_Mucic_Acid,11
7.0,F8_Mucic_Acid,11
7.25,F8_Mucic_Acid,11
7.5,F8_Mucic_Acid,11
7.75,F8_Mucic_Acid,11
8.0,F8_Mucic_Acid,11
8.25,F8_Mucic_Acid,11
8.5,F8_Mucic_Acid,11
8.75,F8_Mucic_Acid,11
9.0,F8_Mucic_Acid,11
9.25,F8_Mucic_Acid,11
9.5,F8_Mucic_Acid,11
9.75,F8_Mucic_Acid,11
10.0,F8_Mucic_Acid,11
10.25,F8_Mucic_Acid,11
10.5,F8_Mucic_Acid,11
10.75,F8_Mucic_Acid,11
11.0,F8_Mucic_Acid,11
11.25,F8_Mucic_Acid,11
11.5,F8_Mucic_Acid,11
11.75,F8_Mucic_Acid,11
12.0,F8_Mucic_Acid,11
12.25,F8_Mucic_Acid,11
12.5,F8_Mucic_Acid,11
12.75,F8_Mucic_Acid,11
13.0,F8_Mucic_Acid,11
13.25,F8_Mucic_Acid,11
13.5,F8_Mucic_Acid,13
13.75,F8_Mucic_Acid,11
14.0,F8_Mucic_Acid,11
14.25,F8_Mucic_Acid,11
14.5,F8_Mucic_Acid,11
14.75,F8_Mucic_Acid,11
15.0,F8_Mucic_Acid,11
15.25,F8_Mucic_Acid,11
15.5,F8_Mucic_Acid,11
15.75,F8_Mucic_Acid,11
16.0,F8_Mucic_Acid,11
16.25,F8_Mucic_Acid,11
16.5,F8_Mucic_Acid,11
16.75,F8_Mucic_Acid,11
17.0,F8_Mucic_Acid,11
17.25,F8_Mucic_Acid,13
17.5,F8_Mucic_Acid,11
17.75,F8_Mucic_Acid,11
18.0,F8_Mucic_Acid,11
18.25,F8_Mucic_Acid,11
18.5,F8_Mucic_Acid,12
18.75,F8_Mucic_Acid,12
19.0,F8_Mucic_Acid,13
19.25,F8_Mucic_Acid,12
19.5,F8_Mucic_Acid,15
19.75,F8_Mucic_Acid,11
20.0,F8_Mucic_Acid,16
20.25,F8_Mucic_Acid,14
20.5,F8_Mucic_Acid,11
20.75,F8_Mucic_Acid,11
21.0,F8_Mucic_Acid,15
21.25,F8_Mucic_Acid,12
21.5,F8_Mucic_Acid,13
21.75,F8_Mucic_Acid,16
22.0,F8_Mucic_Acid,16
22.25,F8_Mucic_Acid,16
22.5,F8_Mucic_Acid,19
22.75,F8_Mucic_Acid,12
23.0,F8_Mucic_Acid,17
23.25,F8_Mucic_Acid,16
23.5,F8_Mucic_Acid,18
23.75,F8_Mucic_Acid,17
24.0,F8_Mucic_Acid,16
24.25,F8_Mucic_Acid,18
24.5,F8_Mucic_Acid,15
24.75,F8_Mucic_Acid,16
25.0,F8_Mucic_Acid,17
25.25,F8_Mucic_Acid,12
25.5,F8_Mucic_Acid,15
25.75,F8_Mucic_Acid,15
26.0,F8_Mucic_Acid,15
26.25,F8_Mucic_Acid,17
26.5,F8_Mucic_Acid,11
26.75,F8_Mucic_Acid,18
27.0,F8_Mucic_Acid,16
27.25,F8_Mucic_Acid,12
27.5,F8_Mucic_Acid,16
27.75,F8_Mucic_Acid,17
28.0,F8_Mucic_Acid,18
28.25,F8_Mucic_Acid,15
28.5,F8_Mucic_Acid,18
28.75,F8_Mucic_Acid,12
29.0,F8_Mucic_Acid,16
29.25,F8_Mucic_Acid,16
29.5,F8_Mucic_Acid,21
29.75,F8_Mucic_Acid,16
30.0,F8_Mucic_Acid,13
30.25,F8_Mucic_Acid,19
30.5,F8_Mucic_Acid,17
30.75,F8_Mucic_Acid,19
31.0,F8_Mucic_Acid,20
31.25,F8_Mucic_Acid,16
31.5,F8_Mucic_Acid,19
31.75,F8_Mucic_Acid,23
32.0,F8_Mucic_Acid,16
32.25,F8_Mucic_Acid,24
32.5,F8_Mucic_Acid,17
32.75,F8_Mucic_Acid,18
33.0,F8_Mucic_Acid,15
33.25,F8_Mucic_Acid,16
33.5,F8_Mucic_Acid,19
33.75,F8_Mucic_Acid,20
34.0,F8_Mucic_Acid,18
34.25,F8_Mucic_Acid,16
34.5,F8_Mucic_Acid,18
34.75,F8_Mucic_Acid,17
35.0,F8_Mucic_Acid,15
35.25,F8_Mucic_Acid,19
35.5,F8_Mucic_Acid,21
35.75,F8_Mucic_Acid,14
36.0,F8_Mucic_Acid,14
36.25,F8_Mucic_Acid,20
36.5,F8_Mucic_Acid,17
36.75,F8_Mucic_Acid,13
37.0,F8_Mucic_Acid,14
37.25,F8_Mucic_Acid,17
37.5,F8_Mucic_Acid,11
37.75,F8_Mucic_Acid,18
38.0,F8_Mucic_Acid,17
38.25,F8_Mucic_Acid,18
38.5,F8_Mucic_Acid,16
38.75,F8_Mucic_Acid,14
39.0,F8_Mucic_Acid,13
39.25,F8_Mucic_Acid,16
39.5,F8_Mucic_Acid,16
39.75,F8_Mucic_Acid,16
40.0,F8_Mucic_Acid,15
40.25,F8_Mucic_Acid,17
40.5,F8_Mucic_Acid,16
40.75,F8_Mucic_Acid,18
41.0,F8_Mucic_Acid,19
41.25,F8_Mucic_Acid,20
41.5,F8_Mucic_Acid,23
41.75,F8_Mucic_Acid,19
42.0,F8_Mucic_Acid,21
42.25,F8_Mucic_Acid,21
42.5,F8_Mucic_Acid,20
42.75,F8_Mucic_Acid,20
43.0,F8_Mucic_Acid,21
43.25,F8_Mucic_Acid,18
43.5,F8_Mucic_Acid,18
43.75,F8_Mucic_Acid,17
44.0,F8_Mucic_Acid,18
44.25,F8_Mucic_Acid,18
44.5,F8_Mucic_Acid,15
44.75,F8_Mucic_Acid,17
45.0,F8_Mucic_Acid,20
45.25,F8_Mucic_Acid,19
45.5,F8_Mucic_Acid,17
45.75,F8_Mucic_Acid,21
46.0,F8_Mucic_Acid,19
46.25,F8_Mucic_Acid,20
46.5,F8_Mucic_Acid,19
46.75,F8_Mucic_Acid,17
47.0,F8_Mucic_Acid,18
47.25,F8_Mucic_Acid,20
47.5,F8_Mucic_Acid,18
47.75,F8_Mucic_Acid,18
48.0,F8_Mucic_Acid,19
48.25,F8_Mucic_Acid,24
0.0,F9_Glycolic_Acid,12
0.25,F9_Glycolic_Acid,11
0.5,F9_Glycolic_Acid,13
0.75,F9_Glycolic_Acid,11
1.0,F9_Glycolic_Acid,11
1.25,F9_Glycolic_Acid,12
1.5,F9_Glycolic_Acid,11
1.75,F9_Glycolic_Acid,11
2.0,F9_Glycolic_Acid,11
2.25,F9_Glycolic_Acid,11
2.5,F9_Glycolic_Acid,11
2.75,F9_Glycolic_Acid,11
3.0,F9_Glycolic_Acid,12
3.25,F9_Glycolic_Acid,12
3.5,F9_Glycolic_Acid,11
3.75,F9_Glycolic_Acid,11
4.0,F9_Glycolic_Acid,11
4.25,F9_Glycolic_Acid,11
4.5,F9_Glycolic_Acid,11
4.75,F9_Glycolic_Acid,11
5.0,F9_Glycolic_Acid,11
5.25,F9_Glycolic_Acid,11
5.5,F9_Glycolic_Acid,11
5.75,F9_Glycolic_Acid,11
6.0,F9_Glycolic_Acid,11
6.25,F9_Glycolic_Acid,11
6.5,F9_Glycolic_Acid,11
6.75,F9_Glycolic_Acid,11
7.0,F9_Glycolic_Acid,11
7.25,F9_Glycolic_Acid,13
7.5,F9_Glycolic_Acid,11
7.75,F9_Glycolic_Acid,11
8.0,F9_Glycolic_Acid,11
8.25,F9_Glycolic_Acid,11
8.5,F9_Glycolic_Acid,11
8.75,F9_Glycolic_Acid,11
9.0,F9_Glycolic_Acid,11
9.25,F9_Glycolic_Acid,11
9.5,F9_Glycolic_Acid,11
9.75,F9_Glycolic_Acid,11
10.0,F9_Glycolic_Acid,11
10.25,F9_Glycolic_Acid,11
10.5,F9_Glycolic_Acid,12
10.75,F9_Glycolic_Acid,12
11.0,F9_Glycolic_Acid,11
11.25,F9_Glycolic_Acid,11
11.5,F9_Glycolic_Acid,12
11.75,F9_Glycolic_Acid,11
12.0,F9_Glycolic_Acid,12
12.25,F9_Glycolic_Acid,11
12.5,F9_Glycolic_Acid,11
12.75,F9_Glycolic_Acid,11
13.0,F9_Glycolic_Acid,12
13.25,F9_Glycolic_Acid,13
13.5,F9_Glycolic_Acid,11
13.75,F9_Glycolic_Acid,15
14.0,F9_Glycolic_Acid,13
14.25,F9_Glycolic_Acid,12
14.5,F9_Glycolic_Acid,11
14.75,F9_Glycolic_Acid,11
15.0,F9_Glycolic_Acid,12
15.25,F9_Glycolic_Acid,11
15.5,F9_Glycolic_Acid,12
15.75,F9_Glycolic_Acid,12
16.0,F9_Glycolic_Acid,14
16.25,F9_Glycolic_Acid,11
16.5,F9_Glycolic_Acid,11
16.75,F9_Glycolic_Acid,11
17.0,F9_Glycolic_Acid,13
17.25,F9_Glycolic_Acid,15
17.5,F9_Glycolic_Acid,15
17.75,F9_Glycolic_Acid,14
18.0,F9_Glycolic_Acid,15
18.25,F9_Glycolic_Acid,12
18.5,F9_Glycolic_Acid,11
18.75,F9_Glycolic_Acid,11
19.0,F9_Glycolic_Acid,11
19.25,F9_Glycolic_Acid,15
19.5,F9_Glycolic_Acid,11
19.75,F9_Glycolic_Acid,15
20.0,F9_Glycolic_Acid,17
20.25,F9_Glycolic_Acid,17
20.5,F9_Glycolic_Acid,19
20.75,F9_Glycolic_Acid,14
21.0,F9_Glycolic_Acid,15
21.25,F9_Glycolic_Acid,21
21.5,F9_Glycolic_Acid,18
21.75,F9_Glycolic_Acid,19
22.0,F9_Glycolic_Acid,18
22.25,F9_Glycolic_Acid,17
22.5,F9_Glycolic_Acid,16
22.75,F9_Glycolic_Acid,18
23.0,F9_Glycolic_Acid,13
23.25,F9_Glycolic_Acid,16
23.5,F9_Glycolic_Acid,20
23.75,F9_Glycolic_Acid,17
24.0,F9_Glycolic_Acid,18
24.25,F9_Glycolic_Acid,16
24.5,F9_Glycolic_Acid,16
24.75,F9_Glycolic_Acid,15
25.0,F9_Glycolic_Acid,18
25.25,F9_Glycolic_Acid,17
25.5,F9_Glycolic_Acid,16
25.75,F9_Glycolic_Acid,17
26.0,F9_Glycolic_Acid,19
26.25,F9_Glycolic_Acid,13
26.5,F9_Glycolic_Acid,15
26.75,F9_Glycolic_Acid,18
27.0,F9_Glycolic_Acid,19
27.25,F9_Glycolic_Acid,23
27.5,F9_Glycolic_Acid,15
27.75,F9_Glycolic_Acid,17
28.0,F9_Glycolic_Acid,17
28.25,F9_Glycolic_Acid,19
28.5,F9_Glycolic_Acid,17
28.75,F9_Glycolic_Acid,18
29.0,F9_Glycolic_Acid,17
29.25,F9_Glycolic_Acid,17
29.5,F9_Glycolic_Acid,19
29.75,F9_Glycolic_Acid,16
30.0,F9_Glycolic_Acid,19
30.25,F9_Glycolic_Acid,17
30.5,F9_Glycolic_Acid,21
30.75,F9_Glycolic_Acid,20
31.0,F9_Glycolic_Acid,21
31.25,F9_Glycolic_Acid,18
31.5,F9_Glycolic_Acid,16
31.75,F9_Glycolic_Acid,23
32.0,F9_Glycolic_Acid,17
32.25,F9_Glycolic_Acid,23
32.5,F9_Glycolic_Acid,17
32.75,F9_Glycolic_Acid,20
33.0,F9_Glycolic_Acid,19
33.25,F9_Glycolic_Acid,19
33.5,F9_Glycolic_Acid,21
33.75,F9_Glycolic_Acid,17
34.0,F9_Glycolic_Acid,17
34.25,F9_Glycolic_Acid,18
34.5,F9_Glycolic_Acid,21
34.75,F9_Glycolic_Acid,16
35.0,F9_Glycolic_Acid,16
35.25,F9_Glycolic_Acid,16
35.5,F9_Glycolic_Acid,23
35.75,F9_Glycolic_Acid,17
36.0,F9_Glycolic_Acid,20
36.25,F9_Glycolic_Acid,18
36.5,F9_Glycolic_Acid,16
36.75,F9_Glycolic_Acid,14
37.0,F9_Glycolic_Acid,19
37.25,F9_Glycolic_Acid,18
37.5,F9_Glycolic_Acid,14
37.75,F9_Glycolic_Acid,18
38.0,F9_Glycolic_Acid,14
38.25,F9_Glycolic_Acid,19
38.5,F9_Glycolic_Acid,21
38.75,F9_Glycolic_Acid,21
39.0,F9_Glycolic_Acid,22
39.25,F9_Glycolic_Acid,16
39.5,F9_Glycolic_Acid,19
39.75,F9_Glycolic_Acid,19
40.0,F9_Glycolic_Acid,21
40.25,F9_Glycolic_Acid,15
40.5,F9_Glycolic_Acid,16
40.75,F9_Glycolic_Acid,18
41.0,F9_Glycolic_Acid,19
41.25,F9_Glycolic_Acid,22
41.5,F9_Glycolic_Acid,19
41.75,F9_Glycolic_Acid,21
42.0,F9_Glycolic_Acid,21
42.25,F9_Glycolic_Acid,16
42.5,F9_Glycolic_Acid,22
42.75,F9_Glycolic_Acid,19
43.0,F9_Glycolic_Acid,18
43.25,F9_Glycolic_Acid,17
43.5,F9_Glycolic_Acid,15
43.75,F9_Glycolic_Acid,22
44.0,F9_Glycolic_Acid,22
44.25,F9_Glycolic_Acid,22
44.5,F9_Glycolic_Acid,23
44.75,F9_Glycolic_Acid,16
45.0,F9_Glycolic_Acid,22
45.25,F9_Glycolic_Acid,20
45.5,F9_Glycolic_Acid,20
45.75,F9_Glycolic_Acid,23
46.0,F9_Glycolic_Acid,16
46.25,F9_Glycolic_Acid,23
46.5,F9_Glycolic_Acid,17
46.75,F9_Glycolic_Acid,21
47.0,F9_Glycolic_Acid,19
47.25,F9_Glycolic_Acid,24
47.5,F9_Glycolic_Acid,21
47.75,F9_Glycolic_Acid,19
48.0,F9_Glycolic_Acid,19
48.25,F9_Glycolic_Acid,18
0.0,F10_Glyoxylic_Acid,11
0.25,F10_Glyoxylic_Acid,11
0.5,F10_Glyoxylic_Acid,11
0.75,F10_Glyoxylic_Acid,12
1.0,F10_Glyoxylic_Acid,11
1.25,F10_Glyoxylic_Acid,14
1.5,F10_Glyoxylic_Acid,11
1.75,F10_Glyoxylic_Acid,11
2.0,F10_Glyoxylic_Acid,11
2.25,F10_Glyoxylic_Acid,11
2.5,F10_Glyoxylic_Acid,11
2.75,F10_Glyoxylic_Acid,14
3.0,F10_Glyoxylic_Acid,11
3.25,F10_Glyoxylic_Acid,11
3.5,F10_Glyoxylic_Acid,11
3.75,F10_Glyoxylic_Acid,12
4.0,F10_Glyoxylic_Acid,13
4.25,F10_Glyoxylic_Acid,13
4.5,F10_Glyoxylic_Acid,11
4.75,F10_Glyoxylic_Acid,12
5.0,F10_Glyoxylic_Acid,11
5.25,F10_Glyoxylic_Acid,14
5.5,F10_Glyoxylic_Acid,11
5.75,F10_Glyoxylic_Acid,11
6.0,F10_Glyoxylic_Acid,14
6.25,F10_Glyoxylic_Acid,18
6.5,F10_Glyoxylic_Acid,11
6.75,F10_Glyoxylic_Acid,11
7.0,F10_Glyoxylic_Acid,11
7.25,F10_Glyoxylic_Acid,11
7.5,F10_Glyoxylic_Acid,11
7.75,F10_Glyoxylic_Acid,13
8.0,F10_Glyoxylic_Acid,15
8.25,F10_Glyoxylic_Acid,11
8.5,F10_Glyoxylic_Acid,11
8.75,F10_Glyoxylic_Acid,11
9.0,F10_Glyoxylic_Acid,12
9.25,F10_Glyoxylic_Acid,11
9.5,F10_Glyoxylic_Acid,13
9.75,F10_Glyoxylic_Acid,11
10.0,F10_Glyoxylic_Acid,11
10.25,F10_Glyoxylic_Acid,12
10.5,F10_Glyoxylic_Acid,11
10.75,F10_Glyoxylic_Acid,13
11.0,F10_Glyoxylic_Acid,11
11.25,F10_Glyoxylic_Acid,13
11.5,F10_Glyoxylic_Acid,11
11.75,F10_Glyoxylic_Acid,16
12.0,F10_Glyoxylic_Acid,14
12.25,F10_Glyoxylic_Acid,14
12.5,F10_Glyoxylic_Acid,11
12.75,F10_Glyoxylic_Acid,11
13.0,F10_Glyoxylic_Acid,14
13.25,F10_Glyoxylic_Acid,16
13.5,F10_Glyoxylic_Acid,12
13.75,F10_Glyoxylic_Acid,12
14.0,F10_Glyoxylic_Acid,11
14.25,F10_Glyoxylic_Acid,19
14.5,F10_Glyoxylic_Acid,15
14.75,F10_Glyoxylic_Acid,13
15.0,F10_Glyoxylic_Acid,17
15.25,F10_Glyoxylic_Acid,12
15.5,F10_Glyoxylic_Acid,11
15.75,F10_Glyoxylic_Acid,19
16.0,F10_Glyoxylic_Acid,11
16.25,F10_Glyoxylic_Acid,11
16.5,F10_Glyoxylic_Acid,15
16.75,F10_Glyoxylic_Acid,11
17.0,F10_Glyoxylic_Acid,11
17.25,F10_Glyoxylic_Acid,16
17.5,F10_Glyoxylic_Acid,13
17.75,F10_Glyoxylic_Acid,14
18.0,F10_Glyoxylic_Acid,14
18.25,F10_Glyoxylic_Acid,15
18.5,F10_Glyoxylic_Acid,14
18.75,F10_Glyoxylic_Acid,14
19.0,F10_Glyoxylic_Acid,16
19.25,F10_Glyoxylic_Acid,15
19.5,F10_Glyoxylic_Acid,14
19.75,F10_Glyoxylic_Acid,15
20.0,F10_Glyoxylic_Acid,19
20.25,F10_Glyoxylic_Acid,11
20.5,F10_Glyoxylic_Acid,15
20.75,F10_Glyoxylic_Acid,18
21.0,F10_Glyoxylic_Acid,16
21.25,F10_Glyoxylic_Acid,15
21.5,F10_Glyoxylic_Acid,16
21.75,F10_Glyoxylic_Acid,16
22.0,F10_Glyoxylic_Acid,15
22.25,F10_Glyoxylic_Acid,16
22.5,F10_Glyoxylic_Acid,15
22.75,F10_Glyoxylic_Acid,15
23.0,F10_Glyoxylic_Acid,14
23.25,F10_Glyoxylic_Acid,16
23.5,F10_Glyoxylic_Acid,17
23.75,F10_Glyoxylic_Acid,16
24.0,F10_Glyoxylic_Acid,14
24.25,F10_Glyoxylic_Acid,16
24.5,F10_Glyoxylic_Acid,19
24.75,F10_Glyoxylic_Acid,18
25.0,F10_Glyoxylic_Acid,15
25.25,F10_Glyoxylic_Acid,17
25.5,F10_Glyoxylic_Acid,18
25.75,F10_Glyoxylic_Acid,21
26.0,F10_Glyoxylic_Acid,15
26.25,F10_Glyoxylic_Acid,18
26.5,F10_Glyoxylic_Acid,16
26.75,F10_Glyoxylic_Acid,19
27.0,F10_Glyoxylic_Acid,17
27.25,F10_Glyoxylic_Acid,14
27.5,F10_Glyoxylic_Acid,14
27.75,F10_Glyoxylic_Acid,15
28.0,F10_Glyoxylic_Acid,21
28.25,F10_Glyoxylic_Acid,20
28.5,F10_Glyoxylic_Acid,17
28.75,F10_Glyoxylic_Acid,18
29.0,F10_Glyoxylic_Acid,19
29.25,F10_Glyoxylic_Acid,18
29.5,F10_Glyoxylic_Acid,19
29.75,F10_Glyoxylic_Acid,21
30.0,F10_Glyoxylic_Acid,15
30.25,F10_Glyoxylic_Acid,16
30.5,F10_Glyoxylic_Acid,21
30.75,F10_Glyoxylic_Acid,18
31.0,F10_Glyoxylic_Acid,16
31.25,F10_Glyoxylic_Acid,19
31.5,F10_Glyoxylic_Acid,19
31.75,F10_Glyoxylic_Acid,22
32.0,F10_Glyoxylic_Acid,19
32.25,F10_Glyoxylic_Acid,20
32.5,F10_Glyoxylic_Acid,16
32.75,F10_Glyoxylic_Acid,18
33.0,F10_Glyoxylic_Acid,23
33.25,F10_Glyoxylic_Acid,20
33.5,F10_Glyoxylic_Acid,19
33.75,F10_Glyoxylic_Acid,18
34.0,F10_Glyoxylic_Acid,18
34.25,F10_Glyoxylic_Acid,18
34.5,F10_Glyoxylic_Acid,19
34.75,F10_Glyoxylic_Acid,17
35.0,F10_Glyoxylic_Acid,18
35.25,F10_Glyoxylic_Acid,20
35.5,F10_Glyoxylic_Acid,16
35.75,F10_Glyoxylic_Acid,18
36.0,F10_Glyoxylic_Acid,16
36.25,F10_Glyoxylic_Acid,19
36.5,F10_Glyoxylic_Acid,19
36.75,F10_Glyoxylic_Acid,18
37.0,F10_Glyoxylic_Acid,20
37.25,F10_Glyoxylic_Acid,18
37.5,F10_Glyoxylic_Acid,18
37.75,F10_Glyoxylic_Acid,21
38.0,F10_Glyoxylic_Acid,18
38.25,F10_Glyoxylic_Acid,23
38.5,F10_Glyoxylic_Acid,20
38.75,F10_Glyoxylic_Acid,19
39.0,F10_Glyoxylic_Acid,20
39.25,F10_Glyoxylic_Acid,21
39.5,F10_Glyoxylic_Acid,15
39.75,F10_Glyoxylic_Acid,22
40.0,F10_Glyoxylic_Acid,18
40.25,F10_Glyoxylic_Acid,15
40.5,F10_Glyoxylic_Acid,17
40.75,F10_Glyoxylic_Acid,21
41.0,F10_Glyoxylic_Acid,24
41.25,F10_Glyoxylic_Acid,18
41.5,F10_Glyoxylic_Acid,17
41.75,F10_Glyoxylic_Acid,21
42.0,F10_Glyoxylic_Acid,16
42.25,F10_Glyoxylic_Acid,18
42.5,F10_Glyoxylic_Acid,27
42.75,F10_Glyoxylic_Acid,18
43.0,F10_Glyoxylic_Acid,17
43.25,F10_Glyoxylic_Acid,23
43.5,F10_Glyoxylic_Acid,18
43.75,F10_Glyoxylic_Acid,18
44.0,F10_Glyoxylic_Acid,19
44.25,F10_Glyoxylic_Acid,14
44.5,F10_Glyoxylic_Acid,19
44.75,F10_Glyoxylic_Acid,18
45.0,F10_Glyoxylic_Acid,17
45.25,F10_Glyoxylic_Acid,20
45.5,F10_Glyoxylic_Acid,23
45.75,F10_Glyoxylic_Acid,18
46.0,F10_Glyoxylic_Acid,18
46.25,F10_Glyoxylic_Acid,22
46.5,F10_Glyoxylic_Acid,20
46.75,F10_Glyoxylic_Acid,21
47.0,F10_Glyoxylic_Acid,19
47.25,F10_Glyoxylic_Acid,22
47.5,F10_Glyoxylic_Acid,18
47.75,F10_Glyoxylic_Acid,20
48.0,F10_Glyoxylic_Acid,17
48.25,F10_Glyoxylic_Acid,21
0.0,F11_D-Cellobiose,13
0.25,F11_D-Cellobiose,14
0.5,F11_D-Cellobiose,15
0.75,F11_D-Cellobiose,16
1.0,F11_D-Cellobiose,13
1.25,F11_D-Cellobiose,15
1.5,F11_D-Cellobiose,16
1.75,F11_D-Cellobiose,12
2.0,F11_D-Cellobiose,15
2.25,F11_D-Cellobiose,14
2.5,F11_D-Cellobiose,14
2.75,F11_D-Cellobiose,14
3.0,F11_D-Cellobiose,14
3.25,F11_D-Cellobiose,13
3.5,F11_D-Cellobiose,13
3.75,F11_D-Cellobiose,11
4.0,F11_D-Cellobiose,17
4.25,F11_D-Cellobiose,15
4.5,F11_D-Cellobiose,15
4.75,F11_D-Cellobiose,15
5.0,F11_D-Cellobiose,15
5.25,F11_D-Cellobiose,13
5.5,F11_D-Cellobiose,12
5.75,F11_D-Cellobiose,14
6.0,F11_D-Cellobiose,14
6.25,F11_D-Cellobiose,11
6.5,F11_D-Cellobiose,11
6.75,F11_D-Cellobiose,16
7.0,F11_D-Cellobiose,16
7.25,F11_D-Cellobiose,16
7.5,F11_D-Cellobiose,14
7.75,F11_D-Cellobiose,14
8.0,F11_D-Cellobiose,13
8.25,F11_D-Cellobiose,15
8.5,F11_D-Cellobiose,20
8.75,F11_D-Cellobiose,12
9.0,F11_D-Cellobiose,13
9.25,F11_D-Cellobiose,18
9.5,F11_D-Cellobiose,14
9.75,F11_D-Cellobiose,11
10.0,F11_D-Cellobiose,12
10.25,F11_D-Cellobiose,13
10.5,F11_D-Cellobiose,13
10.75,F11_D-Cellobiose,16
11.0,F11_D-Cellobiose,13
11.25,F11_D-Cellobiose,14
11.5,F11_D-Cellobiose,14
11.75,F11_D-Cellobiose,20
12.0,F11_D-Cellobiose,17
12.25,F11_D-Cellobiose,15
12.5,F11_D-Cellobiose,17
12.75,F11_D-Cellobiose,18
13.0,F11_D-Cellobiose,14
13.25,F11_D-Cellobiose,16
13.5,F11_D-Cellobiose,20
13.75,F11_D-Cellobiose,16
14.0,F11_D-Cellobiose,15
14.25,F11_D-Cellobiose,19
14.5,F11_D-Cellobiose,17
14.75,F11_D-Cellobiose,16
15.0,F11_D-Cellobiose,15
15.25,F11_D-Cellobiose,15
15.5,F11_D-Cellobiose,16
15.75,F11_D-Cellobiose,21
16.0,F11_D-Cellobiose,16
16.25,F11_D-Cellobiose,17
16.5,F11_D-Cellobiose,19
16.75,F11_D-Cellobiose,14
17.0,F11_D-Cellobiose,18
17.25,F11_D-Cellobiose,19
17.5,F11_D-Cellobiose,13
17.75,F11_D-Cellobiose,18
18.0,F11_D-Cellobiose,15
18.25,F11_D-Cellobiose,18
18.5,F11_D-Cellobiose,19
18.75,F11_D-Cellobiose,19
19.0,F11_D-Cellobiose,20
19.25,F11_D-Cellobiose,19
19.5,F11_D-Cellobiose,19
19.75,F11_D-Cellobiose,19
20.0,F11_D-Cellobiose,24
20.25,F11_D-Cellobiose,20
20.5,F11_D-Cellobiose,23
20.75,F11_D-Cellobiose,17
21.0,F11_D-Cellobiose,23
21.25,F11_D-Cellobiose,25
21.5,F11_D-Cellobiose,23
21.75,F11_D-Cellobiose,24
22.0,F11_D-Cellobiose,20
22.25,F11_D-Cellobiose,24
22.5,F11_D-Cellobiose,23
22.75,F11_D-Cellobiose,23
23.0,F11_D-Cellobiose,21
23.25,F11_D-Cellobiose,21
23.5,F11_D-Cellobiose,24
23.75,F11_D-Cellobiose,22
24.0,F11_D-Cellobiose,23
24.25,F11_D-Cellobiose,26
24.5,F11_D-Cellobiose,23
24.75,F11_D-Cellobiose,17
25.0,F11_D-Cellobiose,25
25.25,F11_D-Cellobiose,29
25.5,F11_D-Cellobiose,24
25.75,F11_D-Cellobiose,22
26.0,F11_D-Cellobiose,22
26.25,F11_D-Cellobiose,24
26.5,F11_D-Cellobiose,23
26.75,F11_D-Cellobiose,24
27.0,F11_D-Cellobiose,24
27.25,F11_D-Cellobiose,28
27.5,F11_D-Cellobiose,24
27.75,F11_D-Cellobiose,21
28.0,F11_D-Cellobiose,24
28.25,F11_D-Cellobiose,26
28.5,F11_D-Cellobiose,23
28.75,F11_D-Cellobiose,27
29.0,F11_D-Cellobiose,28
29.25,F11_D-Cellobiose,26
29.5,F11_D-Cellobiose,23
29.75,F11_D-Cellobiose,27
30.0,F11_D-Cellobiose,24
30.25,F11_D-Cellobiose,24
30.5,F11_D-Cellobiose,24
30.75,F11_D-Cellobiose,25
31.0,F11_D-Cellobiose,23
31.25,F11_D-Cellobiose,23
31.5,F11_D-Cellobiose,24
31.75,F11_D-Cellobiose,22
32.0,F11_D-Cellobiose,24
32.25,F11_D-Cellobiose,25
32.5,F11_D-Cellobiose,24
32.75,F11_D-Cellobiose,23
33.0,F11_D-Cellobiose,26
33.25,F11_D-Cellobiose,23
33.5,F11_D-Cellobiose,22
33.75,F11_D-Cellobiose,23
34.0,F11_D-Cellobiose,24
34.25,F11_D-Cellobiose,22
34.5,F11_D-Cellobiose,25
34.75,F11_D-Cellobiose,23
35.0,F11_D-Cellobiose,16
35.25,F11_D-Cellobiose,24
35.5,F11_D-Cellobiose,23
35.75,F11_D-Cellobiose,19
36.0,F11_D-Cellobiose,25
36.25,F11_D-Cellobiose,23
36.5,F11_D-Cellobiose,23
36.75,F11_D-Cellobiose,18
37.0,F11_D-Cellobiose,27
37.25,F11_D-Cellobiose,22
37.5,F11_D-Cellobiose,24
37.75,F11_D-Cellobiose,27
38.0,F11_D-Cellobiose,26
38.25,F11_D-Cellobiose,20
38.5,F11_D-Cellobiose,21
38.75,F11_D-Cellobiose,23
39.0,F11_D-Cellobiose,23
39.25,F11_D-Cellobiose,24
39.5,F11_D-Cellobiose,23
39.75,F11_D-Cellobiose,23
40.0,F11_D-Cellobiose,26
40.25,F11_D-Cellobiose,21
40.5,F11_D-Cellobiose,20
40.75,F11_D-Cellobiose,26
41.0,F11_D-Cellobiose,25
41.25,F11_D-Cellobiose,21
41.5,F11_D-Cellobiose,21
41.75,F11_D-Cellobiose,28
42.0,F11_D-Cellobiose,25
42.25,F11_D-Cellobiose,25
42.5,F11_D-Cellobiose,28
42.75,F11_D-Cellobiose,27
43.0,F11_D-Cellobiose,25
43.25,F11_D-Cellobiose,24
43.5,F11_D-Cellobiose,25
43.75,F11_D-Cellobiose,24
44.0,F11_D-Cellobiose,22
44.25,F11_D-Cellobiose,24
44.5,F11_D-Cellobiose,24
44.75,F11_D-Cellobiose,26
45.0,F11_D-Cellobiose,22
45.25,F11_D-Cellobiose,21
45.5,F11_D-Cellobiose,27
45.75,F11_D-Cellobiose,22
46.0,F11_D-Cellobiose,24
46.25,F11_D-Cellobiose,22
46.5,F11_D-Cellobiose,23
46.75,F11_D-Cellobiose,22
47.0,F11_D-Cellobiose,23
47.25,F11_D-Cellobiose,27
47.5,F11_D-Cellobiose,24
47.75,F11_D-Cellobiose,23
48.0,F11_D-Cellobiose,22
48.25,F11_D-Cellobiose,23
0.0,F12_Inosine,18
0.25,F12_Inosine,15
0.5,F12_Inosine,17
0.75,F12_Inosine,21
1.0,F12_Inosine,16
1.25,F12_Inosine,19
1.5,F12_Inosine,16
1.75,F12_Inosine,17
2.0,F12_Inosine,17
2.25,F12_Inosine,16
2.5,F12_Inosine,17
2.75,F12_Inosine,15
3.0,F12_Inosine,17
3.25,F12_Inosine,11
3.5,F12_Inosine,16
3.75,F12_Inosine,19
4.0,F12_Inosine,17
4.25,F12_Inosine,16
4.5,F12_Inosine,17
4.75,F12_Inosine,17
5.0,F12_Inosine,17
5.25,F12_Inosine,20
5.5,F12_Inosine,11
5.75,F12_Inosine,15
6.0,F12_Inosine,15
6.25,F12_Inosine,14
6.5,F12_Inosine,16
6.75,F12_Inosine,17
7.0,F12_Inosine,17
7.25,F12_Inosine,17
7.5,F12_Inosine,18
7.75,F12_Inosine,18
8.0,F12_Inosine,16
8.25,F12_Inosine,19
8.5,F12_Inosine,14
8.75,F12_Inosine,14
9.0,F12_Inosine,16
9.25,F12_Inosine,17
9.5,F12_Inosine,15
9.75,F12_Inosine,18
10.0,F12_Inosine,17
10.25,F12_Inosine,17
10.5,F12_Inosine,16
10.75,F12_Inosine,18
11.0,F12_Inosine,14
11.25,F12_Inosine,17
11.5,F12_Inosine,18
11.75,F12_Inosine,19
12.0,F12_Inosine,15
12.25,F12_Inosine,18
12.5,F12_Inosine,18
12.75,F12_Inosine,19
13.0,F12_Inosine,17
13.25,F12_Inosine,22
13.5,F12_Inosine,19
13.75,F12_Inosine,14
14.0,F12_Inosine,12
14.25,F12_Inosine,16
14.5,F12_Inosine,16
14.75,F12_Inosine,22
15.0,F12_Inosine,19
15.25,F12_Inosine,17
15.5,F12_Inosine,17
15.75,F12_Inosine,20
16.0,F12_Inosine,19
16.25,F12_Inosine,18
16.5,F12_Inosine,19
16.75,F12_Inosine,16
17.0,F12_Inosine,24
17.25,F12_Inosine,24
17.5,F12_Inosine,20
17.75,F12_Inosine,21
18.0,F12_Inosine,25
18.25,F12_Inosine,22
18.5,F12_Inosine,23
18.75,F12_Inosine,23
19.0,F12_Inosine,26
19.25,F12_Inosine,33
19.5,F12_Inosine,27
19.75,F12_Inosine,26
20.0,F12_Inosine,25
20.25,F12_Inosine,27
20.5,F12_Inosine,28
20.75,F12_Inosine,29
21.0,F12_Inosine,29
21.25,F12_Inosine,26
21.5,F12_Inosine,31
21.75,F12_Inosine,32
22.0,F12_Inosine,29
22.25,F12_Inosine,32
22.5,F12_Inosine,32
22.75,F12_Inosine,28
23.0,F12_Inosine,31
23.25,F12_Inosine,33
23.5,F12_Inosine,32
23.75,F12_Inosine,31
24.0,F12_Inosine,35
24.25,F12_Inosine,35
24.5,F12_Inosine,32
24.75,F12_Inosine,34
25.0,F12_Inosine,35
25.25,F12_Inosine,37
25.5,F12_Inosine,37
25.75,F12_Inosine,38
26.0,F12_Inosine,35
26.25,F12_Inosine,37
26.5,F12_Inosine,39
26.75,F12_Inosine,38
27.0,F12_Inosine,41
27.25,F12_Inosine,37
27.5,F12_Inosine,36
27.75,F12_Inosine,37
28.0,F12_Inosine,40
28.25,F12_Inosine,41
28.5,F12_Inosine,44
28.75,F12_Inosine,38
29.0,F12_Inosine,39
29.25,F12_Inosine,43
29.5,F12_Inosine,39
29.75,F12_Inosine,40
30.0,F12_Inosine,43
30.25,F12_Inosine,39
30.5,F12_Inosine,38
30.75,F12_Inosine,42
31.0,F12_Inosine,40
31.25,F12_Inosine,38
31.5,F12_Inosine,38
31.75,F12_Inosine,41
32.0,F12_Inosine,37
32.25,F12_Inosine,41
32.5,F12_Inosine,41
32.75,F12_Inosine,38
33.0,F12_Inosine,39
33.25,F12_Inosine,36
33.5,F12_Inosine,39
33.75,F12_Inosine,37
34.0,F12_Inosine,41
34.25,F12_Inosine,38
34.5,F12_Inosine,38
34.75,F12_Inosine,42
35.0,F12_Inosine,42
35.25,F12_Inosine,37
35.5,F12_Inosine,46
35.75,F12_Inosine,42
36.0,F12_Inosine,45
36.25,F12_Inosine,42
36.5,F12_Inosine,37
36.75,F12_Inosine,40
37.0,F12_Inosine,39
37.25,F12_Inosine,42
37.5,F12_Inosine,42
37.75,F12_Inosine,40
38.0,F12_Inosine,44
38.25,F12_Inosine,44
38.5,F12_Inosine,45
38.75,F12_Inosine,44
39.0,F12_Inosine,45
39.25,F12_Inosine,40
39.5,F12_Inosine,46
39.75,F12_Inosine,40
40.0,F12_Inosine,46
40.25,F12_Inosine,45
40.5,F12_Inosine,43
40.75,F12_Inosine,41
41.0,F12_Inosine,46
41.25,F12_Inosine,46
41.5,F12_Inosine,46
41.75,F12_Inosine,42
42.0,F12_Inosine,45
42.25,F12_Inosine,43
42.5,F12_Inosine,45
42.75,F12_Inosine,50
43.0,F12_Inosine,44
43.25,F12_Inosine,52
43.5,F12_Inosine,46
43.75,F12_Inosine,46
44.0,F12_Inosine,46
44.25,F12_Inosine,47
44.5,F12_Inosine,49
44.75,F12_Inosine,50
45.0,F12_Inosine,47
45.25,F12_Inosine,45
45.5,F12_Inosine,52
45.75,F12_Inosine,44
46.0,F12_Inosine,49
46.25,F12_Inosine,48
46.5,F12_Inosine,49
46.75,F12_Inosine,51
47.0,F12_Inosine,49
47.25,F12_Inosine,53
47.5,F12_Inosine,50
47.75,F12_Inosine,54
48.0,F12_Inosine,51
48.25,F12_Inosine,53
0.0,G1_Glycyl-L-Glutamic_Acid,22
0.25,G1_Glycyl-L-Glutamic_Acid,18
0.5,G1_Glycyl-L-Glutamic_Acid,19
0.75,G1_Glycyl-L-Glutamic_Acid,19
1.0,G1_Glycyl-L-Glutamic_Acid,20
1.25,G1_Glycyl-L-Glutamic_Acid,19
1.5,G1_Glycyl-L-Glutamic_Acid,22
1.75,G1_Glycyl-L-Glutamic_Acid,18
2.0,G1_Glycyl-L-Glutamic_Acid,20
2.25,G1_Glycyl-L-Glutamic_Acid,16
2.5,G1_Glycyl-L-Glutamic_Acid,16
2.75,G1_Glycyl-L-Glutamic_Acid,18
3.0,G1_Glycyl-L-Glutamic_Acid,18
3.25,G1_Glycyl-L-Glutamic_Acid,16
3.5,G1_Glycyl-L-Glutamic_Acid,19
3.75,G1_Glycyl-L-Glutamic_Acid,20
4.0,G1_Glycyl-L-Glutamic_Acid,15
4.25,G1_Glycyl-L-Glutamic_Acid,17
4.5,G1_Glycyl-L-Glutamic_Acid,16
4.75,G1_Glycyl-L-Glutamic_Acid,21
5.0,G1_Glycyl-L-Glutamic_Acid,21
5.25,G1_Glycyl-L-Glutamic_Acid,16
5.5,G1_Glycyl-L-Glutamic_Acid,19
5.75,G1_Glycyl-L-Glutamic_Acid,18
6.0,G1_Glycyl-L-Glutamic_Acid,16
6.25,G1_Glycyl-L-Glutamic_Acid,15
6.5,G1_Glycyl-L-Glutamic_Acid,16
6.75,G1_Glycyl-L-Glutamic_Acid,19
7.0,G1_Glycyl-L-Glutamic_Acid,18
7.25,G1_Glycyl-L-Glutamic_Acid,16
7.5,G1_Glycyl-L-Glutamic_Acid,18
7.75,G1_Glycyl-L-Glutamic_Acid,19
8.0,G1_Glycyl-L-Glutamic_Acid,17
8.25,G1_Glycyl-L-Glutamic_Acid,19
8.5,G1_Glycyl-L-Glutamic_Acid,18
8.75,G1_Glycyl-L-Glutamic_Acid,20
9.0,G1_Glycyl-L-Glutamic_Acid,13
9.25,G1_Glycyl-L-Glutamic_Acid,14
9.5,G1_Glycyl-L-Glutamic_Acid,20
9.75,G1_Glycyl-L-Glutamic_Acid,18
10.0,G1_Glycyl-L-Glutamic_Acid,19
10.25,G1_Glycyl-L-Glutamic_Acid,14
10.5,G1_Glycyl-L-Glutamic_Acid,19
10.75,G1_Glycyl-L-Glutamic_Acid,19
11.0,G1_Glycyl-L-Glutamic_Acid,18
11.25,G1_Glycyl-L-Glutamic_Acid,22
11.5,G1_Glycyl-L-Glutamic_Acid,21
11.75,G1_Glycyl-L-Glutamic_Acid,18
12.0,G1_Glycyl-L-Glutamic_Acid,15
12.25,G1_Glycyl-L-Glutamic_Acid,16
12.5,G1_Glycyl-L-Glutamic_Acid,20
12.75,G1_Glycyl-L-Glutamic_Acid,22
13.0,G1_Glycyl-L-Glutamic_Acid,16
13.25,G1_Glycyl-L-Glutamic_Acid,20
13.5,G1_Glycyl-L-Glutamic_Acid,19
13.75,G1_Glycyl-L-Glutamic_Acid,17
14.0,G1_Glycyl-L-Glutamic_Acid,19
14.25,G1_Glycyl-L-Glutamic_Acid,19
14.5,G1_Glycyl-L-Glutamic_Acid,19
14.75,G1_Glycyl-L-Glutamic_Acid,19
15.0,G1_Glycyl-L-Glutamic_Acid,17
15.25,G1_Glycyl-L-Glutamic_Acid,21
15.5,G1_Glycyl-L-Glutamic_Acid,19
15.75,G1_Glycyl-L-Glutamic_Acid,20
16.0,G1_Glycyl-L-Glutamic_Acid,18
16.25,G1_Glycyl-L-Glutamic_Acid,24
16.5,G1_Glycyl-L-Glutamic_Acid,19
16.75,G1_Glycyl-L-Glutamic_Acid,15
17.0,G1_Glycyl-L-Glutamic_Acid,23
17.25,G1_Glycyl-L-Glutamic_Acid,19
17.5,G1_Glycyl-L-Glutamic_Acid,19
17.75,G1_Glycyl-L-Glutamic_Acid,18
18.0,G1_Glycyl-L-Glutamic_Acid,19
18.25,G1_Glycyl-L-Glutamic_Acid,17
18.5,G1_Glycyl-L-Glutamic_Acid,18
18.75,G1_Glycyl-L-Glutamic_Acid,22
19.0,G1_Glycyl-L-Glutamic_Acid,20
19.25,G1_Glycyl-L-Glutamic_Acid,21
19.5,G1_Glycyl-L-Glutamic_Acid,19
19.75,G1_Glycyl-L-Glutamic_Acid,25
20.0,G1_Glycyl-L-Glutamic_Acid,22
20.25,G1_Glycyl-L-Glutamic_Acid,21
20.5,G1_Glycyl-L-Glutamic_Acid,25
20.75,G1_Glycyl-L-Glutamic_Acid,27
21.0,G1_Glycyl-L-Glutamic_Acid,23
21.25,G1_Glycyl-L-Glutamic_Acid,26
21.5,G1_Glycyl-L-Glutamic_Acid,24
21.75,G1_Glycyl-L-Glutamic_Acid,24
22.0,G1_Glycyl-L-Glutamic_Acid,22
22.25,G1_Glycyl-L-Glutamic_Acid,24
22.5,G1_Glycyl-L-Glutamic_Acid,22
22.75,G1_Glycyl-L-Glutamic_Acid,27
23.0,G1_Glycyl-L-Glutamic_Acid,26
23.25,G1_Glycyl-L-Glutamic_Acid,24
23.5,G1_Glycyl-L-Glutamic_Acid,27
23.75,G1_Glycyl-L-Glutamic_Acid,27
24.0,G1_Glycyl-L-Glutamic_Acid,27
24.25,G1_Glycyl-L-Glutamic_Acid,28
24.5,G1_Glycyl-L-Glutamic_Acid,30
24.75,G1_Glycyl-L-Glutamic_Acid,24
25.0,G1_Glycyl-L-Glutamic_Acid,26
25.25,G1_Glycyl-L-Glutamic_Acid,26
25.5,G1_Glycyl-L-Glutamic_Acid,29
25.75,G1_Glycyl-L-Glutamic_Acid,29
26.0,G1_Glycyl-L-Glutamic_Acid,29
26.25,G1_Glycyl-L-Glutamic_Acid,28
26.5,G1_Glycyl-L-Glutamic_Acid,26
26.75,G1_Glycyl-L-Glutamic_Acid,31
27.0,G1_Glycyl-L-Glutamic_Acid,33
27.25,G1_Glycyl-L-Glutamic_Acid,29
27.5,G1_Glycyl-L-Glutamic_Acid,31
27.75,G1_Glycyl-L-Glutamic_Acid,32
28.0,G1_Glycyl-L-Glutamic_Acid,34
28.25,G1_Glycyl-L-Glutamic_Acid,29
28.5,G1_Glycyl-L-Glutamic_Acid,29
28.75,G1_Glycyl-L-Glutamic_Acid,32
29.0,G1_Glycyl-L-Glutamic_Acid,30
29.25,G1_Glycyl-L-Glutamic_Acid,31
29.5,G1_Glycyl-L-Glutamic_Acid,31
29.75,G1_Glycyl-L-Glutamic_Acid,30
30.0,G1_Glycyl-L-Glutamic_Acid,31
30.25,G1_Glycyl-L-Glutamic_Acid,31
30.5,G1_Glycyl-L-Glutamic_Acid,30
30.75,G1_Glycyl-L-Glutamic_Acid,34
31.0,G1_Glycyl-L-Glutamic_Acid,30
31.25,G1_Glycyl-L-Glutamic_Acid,33
31.5,G1_Glycyl-L-Glutamic_Acid,31
31.75,G1_Glycyl-L-Glutamic_Acid,27
32.0,G1_Glycyl-L-Glutamic_Acid,36
32.25,G1_Glycyl-L-Glutamic_Acid,34
32.5,G1_Glycyl-L-Glutamic_Acid,35
32.75,G1_Glycyl-L-Glutamic_Acid,32
33.0,G1_Glycyl-L-Glutamic_Acid,35
33.25,G1_Glycyl-L-Glutamic_Acid,31
33.5,G1_Glycyl-L-Glutamic_Acid,30
33.75,G1_Glycyl-L-Glutamic_Acid,36
34.0,G1_Glycyl-L-Glutamic_Acid,33
34.25,G1_Glycyl-L-Glutamic_Acid,32
34.5,G1_Glycyl-L-Glutamic_Acid,35
34.75,G1_Glycyl-L-Glutamic_Acid,34
35.0,G1_Glycyl-L-Glutamic_Acid,32
35.25,G1_Glycyl-L-Glutamic_Acid,33
35.5,G1_Glycyl-L-Glutamic_Acid,34
35.75,G1_Glycyl-L-Glutamic_Acid,31
36.0,G1_Glycyl-L-Glutamic_Acid,32
36.25,G1_Glycyl-L-Glutamic_Acid,33
36.5,G1_Glycyl-L-Glutamic_Acid,34
36.75,G1_Glycyl-L-Glutamic_Acid,30
37.0,G1_Glycyl-L-Glutamic_Acid,32
37.25,G1_Glycyl-L-Glutamic_Acid,31
37.5,G1_Glycyl-L-Glutamic_Acid,29
37.75,G1_Glycyl-L-Glutamic_Acid,36
38.0,G1_Glycyl-L-Glutamic_Acid,30
38.25,G1_Glycyl-L-Glutamic_Acid,37
38.5,G1_Glycyl-L-Glutamic_Acid,32
38.75,G1_Glycyl-L-Glutamic_Acid,33
39.0,G1_Glycyl-L-Glutamic_Acid,37
39.25,G1_Glycyl-L-Glutamic_Acid,35
39.5,G1_Glycyl-L-Glutamic_Acid,33
39.75,G1_Glycyl-L-Glutamic_Acid,32
40.0,G1_Glycyl-L-Glutamic_Acid,39
40.25,G1_Glycyl-L-Glutamic_Acid,36
40.5,G1_Glycyl-L-Glutamic_Acid,38
40.75,G1_Glycyl-L-Glutamic_Acid,36
41.0,G1_Glycyl-L-Glutamic_Acid,36
41.25,G1_Glycyl-L-Glutamic_Acid,39
41.5,G1_Glycyl-L-Glutamic_Acid,37
41.75,G1_Glycyl-L-Glutamic_Acid,37
42.0,G1_Glycyl-L-Glutamic_Acid,36
42.25,G1_Glycyl-L-Glutamic_Acid,36
42.5,G1_Glycyl-L-Glutamic_Acid,38
42.75,G1_Glycyl-L-Glutamic_Acid,37
43.0,G1_Glycyl-L-Glutamic_Acid,35
43.25,G1_Glycyl-L-Glutamic_Acid,36
43.5,G1_Glycyl-L-Glutamic_Acid,37
43.75,G1_Glycyl-L-Glutamic_Acid,39
44.0,G1_Glycyl-L-Glutamic_Acid,39
44.25,G1_Glycyl-L-Glutamic_Acid,41
44.5,G1_Glycyl-L-Glutamic_Acid,36
44.75,G1_Glycyl-L-Glutamic_Acid,40
45.0,G1_Glycyl-L-Glutamic_Acid,38
45.25,G1_Glycyl-L-Glutamic_Acid,34
45.5,G1_Glycyl-L-Glutamic_Acid,36
45.75,G1_Glycyl-L-Glutamic_Acid,38
46.0,G1_Glycyl-L-Glutamic_Acid,39
46.25,G1_Glycyl-L-Glutamic_Acid,41
46.5,G1_Glycyl-L-Glutamic_Acid,35
46.75,G1_Glycyl-L-Glutamic_Acid,40
47.0,G1_Glycyl-L-Glutamic_Acid,35
47.25,G1_Glycyl-L-Glutamic_Acid,35
47.5,G1_Glycyl-L-Glutamic_Acid,35
47.75,G1_Glycyl-L-Glutamic_Acid,39
48.0,G1_Glycyl-L-Glutamic_Acid,39
48.25,G1_Glycyl-L-Glutamic_Acid,40
0.0,G2_Tricarballylic_Acid,19
0.25,G2_Tricarballylic_Acid,12
0.5,G2_Tricarballylic_Acid,14
0.75,G2_Tricarballylic_Acid,16
1.0,G2_Tricarballylic_Acid,11
1.25,G2_Tricarballylic_Acid,16
1.5,G2_Tricarballylic_Acid,16
1.75,G2_Tricarballylic_Acid,14
2.0,G2_Tricarballylic_Acid,20
2.25,G2_Tricarballylic_Acid,12
2.5,G2_Tricarballylic_Acid,15
2.75,G2_Tricarballylic_Acid,15
3.0,G2_Tricarballylic_Acid,14
3.25,G2_Tricarballylic_Acid,17
3.5,G2_Tricarballylic_Acid,14
3.75,G2_Tricarballylic_Acid,12
4.0,G2_Tricarballylic_Acid,13
4.25,G2_Tricarballylic_Acid,13
4.5,G2_Tricarballylic_Acid,15
4.75,G2_Tricarballylic_Acid,15
5.0,G2_Tricarballylic_Acid,11
5.25,G2_Tricarballylic_Acid,14
5.5,G2_Tricarballylic_Acid,15
5.75,G2_Tricarballylic_Acid,15
6.0,G2_Tricarballylic_Acid,11
6.25,G2_Tricarballylic_Acid,19
6.5,G2_Tricarballylic_Acid,16
6.75,G2_Tricarballylic_Acid,15
7.0,G2_Tricarballylic_Acid,16
7.25,G2_Tricarballylic_Acid,14
7.5,G2_Tricarballylic_Acid,11
7.75,G2_Tricarballylic_Acid,13
8.0,G2_Tricarballylic_Acid,16
8.25,G2_Tricarballylic_Acid,17
8.5,G2_Tricarballylic_Acid,16
8.75,G2_Tricarballylic_Acid,15
9.0,G2_Tricarballylic_Acid,16
9.25,G2_Tricarballylic_Acid,12
9.5,G2_Tricarballylic_Acid,15
9.75,G2_Tricarballylic_Acid,16
10.0,G2_Tricarballylic_Acid,16
10.25,G2_Tricarballylic_Acid,17
10.5,G2_Tricarballylic_Acid,15
10.75,G2_Tricarballylic_Acid,15
11.0,G2_Tricarballylic_Acid,13
11.25,G2_Tricarballylic_Acid,14
11.5,G2_Tricarballylic_Acid,15
11.75,G2_Tricarballylic_Acid,14
12.0,G2_Tricarballylic_Acid,15
12.25,G2_Tricarballylic_Acid,17
12.5,G2_Tricarballylic_Acid,16
12.75,G2_Tricarballylic_Acid,14
13.0,G2_Tricarballylic_Acid,16
13.25,G2_Tricarballylic_Acid,16
13.5,G2_Tricarballylic_Acid,15
13.75,G2_Tricarballylic_Acid,19
14.0,G2_Tricarballylic_Acid,17
14.25,G2_Tricarballylic_Acid,16
14.5,G2_Tricarballylic_Acid,18
14.75,G2_Tricarballylic_Acid,15
15.0,G2_Tricarballylic_Acid,20
15.25,G2_Tricarballylic_Acid,15
15.5,G2_Tricarballylic_Acid,17
15.75,G2_Tricarballylic_Acid,15
16.0,G2_Tricarballylic_Acid,15
16.25,G2_Tricarballylic_Acid,17
16.5,G2_Tricarballylic_Acid,14
16.75,G2_Tricarballylic_Acid,17
17.0,G2_Tricarballylic_Acid,19
17.25,G2_Tricarballylic_Acid,18
17.5,G2_Tricarballylic_Acid,14
17.75,G2_Tricarballylic_Acid,16
18.0,G2_Tricarballylic_Acid,14
18.25,G2_Tricarballylic_Acid,19
18.5,G2_Tricarballylic_Acid,15
18.75,G2_Tricarballylic_Acid,19
19.0,G2_Tricarballylic_Acid,16
19.25,G2_Tricarballylic_Acid,18
19.5,G2_Tricarballylic_Acid,19
19.75,G2_Tricarballylic_Acid,19
20.0,G2_Tricarballylic_Acid,19
20.25,G2_Tricarballylic_Acid,20
20.5,G2_Tricarballylic_Acid,18
20.75,G2_Tricarballylic_Acid,14
21.0,G2_Tricarballylic_Acid,25
21.25,G2_Tricarballylic_Acid,20
21.5,G2_Tricarballylic_Acid,19
21.75,G2_Tricarballylic_Acid,18
22.0,G2_Tricarballylic_Acid,21
22.25,G2_Tricarballylic_Acid,18
22.5,G2_Tricarballylic_Acid,19
22.75,G2_Tricarballylic_Acid,19
23.0,G2_Tricarballylic_Acid,23
23.25,G2_Tricarballylic_Acid,21
23.5,G2_Tricarballylic_Acid,22
23.75,G2_Tricarballylic_Acid,23
24.0,G2_Tricarballylic_Acid,18
24.25,G2_Tricarballylic_Acid,17
24.5,G2_Tricarballylic_Acid,22
24.75,G2_Tricarballylic_Acid,20
25.0,G2_Tricarballylic_Acid,19
25.25,G2_Tricarballylic_Acid,22
25.5,G2_Tricarballylic_Acid,21
25.75,G2_Tricarballylic_Acid,20
26.0,G2_Tricarballylic_Acid,21
26.25,G2_Tricarballylic_Acid,24
26.5,G2_Tricarballylic_Acid,25
26.75,G2_Tricarballylic_Acid,19
27.0,G2_Tricarballylic_Acid,26
27.25,G2_Tricarballylic_Acid,18
27.5,G2_Tricarballylic_Acid,21
27.75,G2_Tricarballylic_Acid,19
28.0,G2_Tricarballylic_Acid,23
28.25,G2_Tricarballylic_Acid,22
28.5,G2_Tricarballylic_Acid,20
28.75,G2_Tricarballylic_Acid,23
29.0,G2_Tricarballylic_Acid,25
29.25,G2_Tricarballylic_Acid,23
29.5,G2_Tricarballylic_Acid,22
29.75,G2_Tricarballylic_Acid,25
30.0,G2_Tricarballylic_Acid,22
30.25,G2_Tricarballylic_Acid,21
30.5,G2_Tricarballylic_Acid,20
30.75,G2_Tricarballylic_Acid,19
31.0,G2_Tricarballylic_Acid,26
31.25,G2_Tricarballylic_Acid,25
31.5,G2_Tricarballylic_Acid,23
31.75,G2_Tricarballylic_Acid,24
32.0,G2_Tricarballylic_Acid,27
32.25,G2_Tricarballylic_Acid,23
32.5,G2_Tricarballylic_Acid,23
32.75,G2_Tricarballylic_Acid,22
33.0,G2_Tricarballylic_Acid,24
33.25,G2_Tricarballylic_Acid,19
33.5,G2_Tricarballylic_Acid,21
33.75,G2_Tricarballylic_Acid,20
34.0,G2_Tricarballylic_Acid,25
34.25,G2_Tricarballylic_Acid,25
34.5,G2_Tricarballylic_Acid,22
34.75,G2_Tricarballylic_Acid,23
35.0,G2_Tricarballylic_Acid,22
35.25,G2_Tricarballylic_Acid,23
35.5,G2_Tricarballylic_Acid,21
35.75,G2_Tricarballylic_Acid,22
36.0,G2_Tricarballylic_Acid,23
36.25,G2_Tricarballylic_Acid,22
36.5,G2_Tricarballylic_Acid,22
36.75,G2_Tricarballylic_Acid,22
37.0,G2_Tricarballylic_Acid,20
37.25,G2_Tricarballylic_Acid,19
37.5,G2_Tricarballylic_Acid,25
37.75,G2_Tricarballylic_Acid,25
38.0,G2_Tricarballylic_Acid,22
38.25,G2_Tricarballylic_Acid,22
38.5,G2_Tricarballylic_Acid,19
38.75,G2_Tricarballylic_Acid,21
39.0,G2_Tricarballylic_Acid,23
39.25,G2_Tricarballylic_Acid,20
39.5,G2_Tricarballylic_Acid,21
39.75,G2_Tricarballylic_Acid,21
40.0,G2_Tricarballylic_Acid,23
40.25,G2_Tricarballylic_Acid,21
40.5,G2_Tricarballylic_Acid,21
40.75,G2_Tricarballylic_Acid,20
41.0,G2_Tricarballylic_Acid,26
41.25,G2_Tricarballylic_Acid,20
41.5,G2_Tricarballylic_Acid,24
41.75,G2_Tricarballylic_Acid,21
42.0,G2_Tricarballylic_Acid,22
42.25,G2_Tricarballylic_Acid,24
42.5,G2_Tricarballylic_Acid,25
42.75,G2_Tricarballylic_Acid,24
43.0,G2_Tricarballylic_Acid,21
43.25,G2_Tricarballylic_Acid,19
43.5,G2_Tricarballylic_Acid,22
43.75,G2_Tricarballylic_Acid,25
44.0,G2_Tricarballylic_Acid,22
44.25,G2_Tricarballylic_Acid,22
44.5,G2_Tricarballylic_Acid,25
44.75,G2_Tricarballylic_Acid,23
45.0,G2_Tricarballylic_Acid,20
45.25,G2_Tricarballylic_Acid,22
45.5,G2_Tricarballylic_Acid,22
45.75,G2_Tricarballylic_Acid,18
46.0,G2_Tricarballylic_Acid,24
46.25,G2_Tricarballylic_Acid,23
46.5,G2_Tricarballylic_Acid,19
46.75,G2_Tricarballylic_Acid,23
47.0,G2_Tricarballylic_Acid,21
47.25,G2_Tricarballylic_Acid,24
47.5,G2_Tricarballylic_Acid,23
47.75,G2_Tricarballylic_Acid,21
48.0,G2_Tricarballylic_Acid,22
48.25,G2_Tricarballylic_Acid,24
0.0,G3_L-Serine,12
0.25,G3_L-Serine,11
0.5,G3_L-Serine,11
0.75,G3_L-Serine,14
1.0,G3_L-Serine,12
1.25,G3_L-Serine,15
1.5,G3_L-Serine,14
1.75,G3_L-Serine,12
2.0,G3_L-Serine,12
2.25,G3_L-Serine,11
2.5,G3_L-Serine,13
2.75,G3_L-Serine,11
3.0,G3_L-Serine,12
3.25,G3_L-Serine,11
3.5,G3_L-Serine,12
3.75,G3_L-Serine,11
4.0,G3_L-Serine,11
4.25,G3_L-Serine,11
4.5,G3_L-Serine,11
4.75,G3_L-Serine,13
5.0,G3_L-Serine,12
5.25,G3_L-Serine,14
5.5,G3_L-Serine,11
5.75,G3_L-Serine,11
6.0,G3_L-Serine,11
6.25,G3_L-Serine,12
6.5,G3_L-Serine,11
6.75,G3_L-Serine,11
7.0,G3_L-Serine,11
7.25,G3_L-Serine,14
7.5,G3_L-Serine,11
7.75,G3_L-Serine,11
8.0,G3_L-Serine,15
8.25,G3_L-Serine,13
8.5,G3_L-Serine,11
8.75,G3_L-Serine,11
9.0,G3_L-Serine,11
9.25,G3_L-Serine,11
9.5,G3_L-Serine,11
9.75,G3_L-Serine,14
10.0,G3_L-Serine,13
10.25,G3_L-Serine,11
10.5,G3_L-Serine,12
10.75,G3_L-Serine,11
11.0,G3_L-Serine,11
11.25,G3_L-Serine,14
11.5,G3_L-Serine,11
11.75,G3_L-Serine,12
12.0,G3_L-Serine,14
12.25,G3_L-Serine,14
12.5,G3_L-Serine,15
12.75,G3_L-Serine,11
13.0,G3_L-Serine,16
13.25,G3_L-Serine,12
13.5,G3_L-Serine,15
13.75,G3_L-Serine,15
14.0,G3_L-Serine,11
14.25,G3_L-Serine,19
14.5,G3_L-Serine,11
14.75,G3_L-Serine,12
15.0,G3_L-Serine,14
15.25,G3_L-Serine,11
15.5,G3_L-Serine,11
15.75,G3_L-Serine,15
16.0,G3_L-Serine,11
16.25,G3_L-Serine,14
16.5,G3_L-Serine,15
16.75,G3_L-Serine,13
17.0,G3_L-Serine,12
17.25,G3_L-Serine,17
17.5,G3_L-Serine,12
17.75,G3_L-Serine,12
18.0,G3_L-Serine,12
18.25,G3_L-Serine,13
18.5,G3_L-Serine,12
18.75,G3_L-Serine,17
19.0,G3_L-Serine,11
19.25,G3_L-Serine,13
19.5,G3_L-Serine,14
19.75,G3_L-Serine,14
20.0,G3_L-Serine,15
20.25,G3_L-Serine,14
20.5,G3_L-Serine,20
20.75,G3_L-Serine,17
21.0,G3_L-Serine,15
21.25,G3_L-Serine,14
21.5,G3_L-Serine,16
21.75,G3_L-Serine,18
22.0,G3_L-Serine,17
22.25,G3_L-Serine,16
22.5,G3_L-Serine,17
22.75,G3_L-Serine,18
23.0,G3_L-Serine,18
23.25,G3_L-Serine,15
23.5,G3_L-Serine,18
23.75,G3_L-Serine,17
24.0,G3_L-Serine,20
24.25,G3_L-Serine,17
24.5,G3_L-Serine,17
24.75,G3_L-Serine,16
25.0,G3_L-Serine,16
25.25,G3_L-Serine,22
25.5,G3_L-Serine,20
25.75,G3_L-Serine,16
26.0,G3_L-Serine,19
26.25,G3_L-Serine,21
26.5,G3_L-Serine,20
26.75,G3_L-Serine,20
27.0,G3_L-Serine,19
27.25,G3_L-Serine,19
27.5,G3_L-Serine,22
27.75,G3_L-Serine,18
28.0,G3_L-Serine,21
28.25,G3_L-Serine,18
28.5,G3_L-Serine,21
28.75,G3_L-Serine,20
29.0,G3_L-Serine,21
29.25,G3_L-Serine,25
29.5,G3_L-Serine,21
29.75,G3_L-Serine,19
30.0,G3_L-Serine,21
30.25,G3_L-Serine,18
30.5,G3_L-Serine,21
30.75,G3_L-Serine,22
31.0,G3_L-Serine,18
31.25,G3_L-Serine,21
31.5,G3_L-Serine,19
31.75,G3_L-Serine,20
32.0,G3_L-Serine,18
32.25,G3_L-Serine,15
32.5,G3_L-Serine,16
32.75,G3_L-Serine,20
33.0,G3_L-Serine,19
33.25,G3_L-Serine,20
33.5,G3_L-Serine,21
33.75,G3_L-Serine,22
34.0,G3_L-Serine,18
34.25,G3_L-Serine,19
34.5,G3_L-Serine,18
34.75,G3_L-Serine,19
35.0,G3_L-Serine,21
35.25,G3_L-Serine,18
35.5,G3_L-Serine,21
35.75,G3_L-Serine,20
36.0,G3_L-Serine,22
36.25,G3_L-Serine,23
36.5,G3_L-Serine,24
36.75,G3_L-Serine,16
37.0,G3_L-Serine,19
37.25,G3_L-Serine,21
37.5,G3_L-Serine,19
37.75,G3_L-Serine,24
38.0,G3_L-Serine,16
38.25,G3_L-Serine,20
38.5,G3_L-Serine,20
38.75,G3_L-Serine,19
39.0,G3_L-Serine,18
39.25,G3_L-Serine,21
39.5,G3_L-Serine,20
39.75,G3_L-Serine,21
40.0,G3_L-Serine,20
40.25,G3_L-Serine,20
40.5,G3_L-Serine,22
40.75,G3_L-Serine,19
41.0,G3_L-Serine,19
41.25,G3_L-Serine,17
41.5,G3_L-Serine,20
41.75,G3_L-Serine,23
42.0,G3_L-Serine,17
42.25,G3_L-Serine,18
42.5,G3_L-Serine,26
42.75,G3_L-Serine,20
43.0,G3_L-Serine,20
43.25,G3_L-Serine,21
43.5,G3_L-Serine,19
43.75,G3_L-Serine,22
44.0,G3_L-Serine,20
44.25,G3_L-Serine,19
44.5,G3_L-Serine,19
44.75,G3_L-Serine,18
45.0,G3_L-Serine,22
45.25,G3_L-Serine,24
45.5,G3_L-Serine,22
45.75,G3_L-Serine,23
46.0,G3_L-Serine,24
46.25,G3_L-Serine,24
46.5,G3_L-Serine,20
46.75,G3_L-Serine,22
47.0,G3_L-Serine,20
47.25,G3_L-Serine,18
47.5,G3_L-Serine,23
47.75,G3_L-Serine,24
48.0,G3_L-Serine,17
48.25,G3_L-Serine,21
0.0,G4_L-Threonine,13
0.25,G4_L-Threonine,11
0.5,G4_L-Threonine,13
0.75,G4_L-Threonine,14
1.0,G4_L-Threonine,15
1.25,G4_L-Threonine,12
1.5,G4_L-Threonine,11
1.75,G4_L-Threonine,11
2.0,G4_L-Threonine,15
2.25,G4_L-Threonine,11
2.5,G4_L-Threonine,11
2.75,G4_L-Threonine,11
3.0,G4_L-Threonine,11
3.25,G4_L-Threonine,12
3.5,G4_L-Threonine,11
3.75,G4_L-Threonine,11
4.0,G4_L-Threonine,14
4.25,G4_L-Threonine,11
4.5,G4_L-Threonine,12
4.75,G4_L-Threonine,15
5.0,G4_L-Threonine,13
5.25,G4_L-Threonine,12
5.5,G4_L-Threonine,14
5.75,G4_L-Threonine,13
6.0,G4_L-Threonine,11
6.25,G4_L-Threonine,11
6.5,G4_L-Threonine,14
6.75,G4_L-Threonine,12
7.0,G4_L-Threonine,11
7.25,G4_L-Threonine,14
7.5,G4_L-Threonine,11
7.75,G4_L-Threonine,14
8.0,G4_L-Threonine,14
8.25,G4_L-Threonine,11
8.5,G4_L-Threonine,12
8.75,G4_L-Threonine,11
9.0,G4_L-Threonine,13
9.25,G4_L-Threonine,11
9.5,G4_L-Threonine,11
9.75,G4_L-Threonine,11
10.0,G4_L-Threonine,11
10.25,G4_L-Threonine,12
10.5,G4_L-Threonine,11
10.75,G4_L-Threonine,12
11.0,G4_L-Threonine,11
11.25,G4_L-Threonine,13
11.5,G4_L-Threonine,13
11.75,G4_L-Threonine,13
12.0,G4_L-Threonine,13
12.25,G4_L-Threonine,14
12.5,G4_L-Threonine,12
12.75,G4_L-Threonine,16
13.0,G4_L-Threonine,13
13.25,G4_L-Threonine,15
13.5,G4_L-Threonine,19
13.75,G4_L-Threonine,11
14.0,G4_L-Threonine,16
14.25,G4_L-Threonine,15
14.5,G4_L-Threonine,14
14.75,G4_L-Threonine,16
15.0,G4_L-Threonine,16
15.25,G4_L-Threonine,15
15.5,G4_L-Threonine,16
15.75,G4_L-Threonine,16
16.0,G4_L-Threonine,15
16.25,G4_L-Threonine,15
16.5,G4_L-Threonine,17
16.75,G4_L-Threonine,14
17.0,G4_L-Threonine,15
17.25,G4_L-Threonine,20
17.5,G4_L-Threonine,19
17.75,G4_L-Threonine,17
18.0,G4_L-Threonine,18
18.25,G4_L-Threonine,22
18.5,G4_L-Threonine,18
18.75,G4_L-Threonine,20
19.0,G4_L-Threonine,19
19.25,G4_L-Threonine,16
19.5,G4_L-Threonine,17
19.75,G4_L-Threonine,23
20.0,G4_L-Threonine,20
20.25,G4_L-Threonine,23
20.5,G4_L-Threonine,20
20.75,G4_L-Threonine,26
21.0,G4_L-Threonine,20
21.25,G4_L-Threonine,24
21.5,G4_L-Threonine,23
21.75,G4_L-Threonine,20
22.0,G4_L-Threonine,22
22.25,G4_L-Threonine,21
22.5,G4_L-Threonine,26
22.75,G4_L-Threonine,21
23.0,G4_L-Threonine,23
23.25,G4_L-Threonine,26
23.5,G4_L-Threonine,24
23.75,G4_L-Threonine,26
24.0,G4_L-Threonine,23
24.25,G4_L-Threonine,26
24.5,G4_L-Threonine,24
24.75,G4_L-Threonine,23
25.0,G4_L-Threonine,23
25.25,G4_L-Threonine,25
25.5,G4_L-Threonine,26
25.75,G4_L-Threonine,26
26.0,G4_L-Threonine,23
26.25,G4_L-Threonine,25
26.5,G4_L-Threonine,25
26.75,G4_L-Threonine,26
27.0,G4_L-Threonine,29
27.25,G4_L-Threonine,30
27.5,G4_L-Threonine,26
27.75,G4_L-Threonine,29
28.0,G4_L-Threonine,27
28.25,G4_L-Threonine,27
28.5,G4_L-Threonine,27
28.75,G4_L-Threonine,31
29.0,G4_L-Threonine,31
29.25,G4_L-Threonine,31
29.5,G4_L-Threonine,30
29.75,G4_L-Threonine,30
30.0,G4_L-Threonine,29
30.25,G4_L-Threonine,29
30.5,G4_L-Threonine,31
30.75,G4_L-Threonine,29
31.0,G4_L-Threonine,28
31.25,G4_L-Threonine,31
31.5,G4_L-Threonine,33
31.75,G4_L-Threonine,31
32.0,G4_L-Threonine,30
32.25,G4_L-Threonine,32
32.5,G4_L-Threonine,29
32.75,G4_L-Threonine,28
33.0,G4_L-Threonine,32
33.25,G4_L-Threonine,31
33.5,G4_L-Threonine,27
33.75,G4_L-Threonine,28
34.0,G4_L-Threonine,30
34.25,G4_L-Threonine,30
34.5,G4_L-Threonine,28
34.75,G4_L-Threonine,25
35.0,G4_L-Threonine,26
35.25,G4_L-Threonine,33
35.5,G4_L-Threonine,28
35.75,G4_L-Threonine,31
36.0,G4_L-Threonine,29
36.25,G4_L-Threonine,27
36.5,G4_L-Threonine,31
36.75,G4_L-Threonine,30
37.0,G4_L-Threonine,29
37.25,G4_L-Threonine,33
37.5,G4_L-Threonine,26
37.75,G4_L-Threonine,32
38.0,G4_L-Threonine,30
38.25,G4_L-Threonine,29
38.5,G4_L-Threonine,26
38.75,G4_L-Threonine,25
39.0,G4_L-Threonine,29
39.25,G4_L-Threonine,35
39.5,G4_L-Threonine,26
39.75,G4_L-Threonine,29
40.0,G4_L-Threonine,23
40.25,G4_L-Threonine,31
40.5,G4_L-Threonine,34
40.75,G4_L-Threonine,27
41.0,G4_L-Threonine,31
41.25,G4_L-Threonine,29
41.5,G4_L-Threonine,31
41.75,G4_L-Threonine,30
42.0,G4_L-Threonine,25
42.25,G4_L-Threonine,35
42.5,G4_L-Threonine,30
42.75,G4_L-Threonine,30
43.0,G4_L-Threonine,33
43.25,G4_L-Threonine,33
43.5,G4_L-Threonine,33
43.75,G4_L-Threonine,31
44.0,G4_L-Threonine,28
44.25,G4_L-Threonine,25
44.5,G4_L-Threonine,25
44.75,G4_L-Threonine,29
45.0,G4_L-Threonine,32
45.25,G4_L-Threonine,28
45.5,G4_L-Threonine,31
45.75,G4_L-Threonine,29
46.0,G4_L-Threonine,33
46.25,G4_L-Threonine,32
46.5,G4_L-Threonine,35
46.75,G4_L-Threonine,31
47.0,G4_L-Threonine,32
47.25,G4_L-Threonine,30
47.5,G4_L-Threonine,27
47.75,G4_L-Threonine,29
48.0,G4_L-Threonine,34
48.25,G4_L-Threonine,32
0.0,G5_L-Alanine,13
0.25,G5_L-Alanine,11
0.5,G5_L-Alanine,15
0.75,G5_L-Alanine,13
1.0,G5_L-Alanine,11
1.25,G5_L-Alanine,15
1.5,G5_L-Alanine,12
1.75,G5_L-Alanine,11
2.0,G5_L-Alanine,12
2.25,G5_L-Alanine,11
2.5,G5_L-Alanine,14
2.75,G5_L-Alanine,12
3.0,G5_L-Alanine,11
3.25,G5_L-Alanine,12
3.5,G5_L-Alanine,12
3.75,G5_L-Alanine,11
4.0,G5_L-Alanine,11
4.25,G5_L-Alanine,11
4.5,G5_L-Alanine,11
4.75,G5_L-Alanine,12
5.0,G5_L-Alanine,11
5.25,G5_L-Alanine,11
5.5,G5_L-Alanine,12
5.75,G5_L-Alanine,11
6.0,G5_L-Alanine,11
6.25,G5_L-Alanine,11
6.5,G5_L-Alanine,11
6.75,G5_L-Alanine,11
7.0,G5_L-Alanine,11
7.25,G5_L-Alanine,12
7.5,G5_L-Alanine,11
7.75,G5_L-Alanine,11
8.0,G5_L-Alanine,11
8.25,G5_L-Alanine,11
8.5,G5_L-Alanine,11
8.75,G5_L-Alanine,11
9.0,G5_L-Alanine,11
9.25,G5_L-Alanine,12
9.5,G5_L-Alanine,11
9.75,G5_L-Alanine,11
10.0,G5_L-Alanine,12
10.25,G5_L-Alanine,11
10.5,G5_L-Alanine,11
10.75,G5_L-Alanine,13
11.0,G5_L-Alanine,12
11.25,G5_L-Alanine,15
11.5,G5_L-Alanine,12
11.75,G5_L-Alanine,17
12.0,G5_L-Alanine,11
12.25,G5_L-Alanine,11
12.5,G5_L-Alanine,16
12.75,G5_L-Alanine,14
13.0,G5_L-Alanine,12
13.25,G5_L-Alanine,16
13.5,G5_L-Alanine,17
13.75,G5_L-Alanine,15
14.0,G5_L-Alanine,15
14.25,G5_L-Alanine,15
14.5,G5_L-Alanine,13
14.75,G5_L-Alanine,15
15.0,G5_L-Alanine,12
15.25,G5_L-Alanine,13
15.5,G5_L-Alanine,17
15.75,G5_L-Alanine,11
16.0,G5_L-Alanine,12
16.25,G5_L-Alanine,11
16.5,G5_L-Alanine,13
16.75,G5_L-Alanine,14
17.0,G5_L-Alanine,18
17.25,G5_L-Alanine,14
17.5,G5_L-Alanine,18
17.75,G5_L-Alanine,20
18.0,G5_L-Alanine,19
18.25,G5_L-Alanine,19
18.5,G5_L-Alanine,16
18.75,G5_L-Alanine,17
19.0,G5_L-Alanine,19
19.25,G5_L-Alanine,19
19.5,G5_L-Alanine,21
19.75,G5_L-Alanine,19
20.0,G5_L-Alanine,25
20.25,G5_L-Alanine,21
20.5,G5_L-Alanine,19
20.75,G5_L-Alanine,20
21.0,G5_L-Alanine,21
21.25,G5_L-Alanine,19
21.5,G5_L-Alanine,21
21.75,G5_L-Alanine,19
22.0,G5_L-Alanine,23
22.25,G5_L-Alanine,21
22.5,G5_L-Alanine,23
22.75,G5_L-Alanine,22
23.0,G5_L-Alanine,23
23.25,G5_L-Alanine,23
23.5,G5_L-Alanine,25
23.75,G5_L-Alanine,21
24.0,G5_L-Alanine,27
24.25,G5_L-Alanine,27
24.5,G5_L-Alanine,24
24.75,G5_L-Alanine,27
25.0,G5_L-Alanine,24
25.25,G5_L-Alanine,26
25.5,G5_L-Alanine,24
25.75,G5_L-Alanine,23
26.0,G5_L-Alanine,21
26.25,G5_L-Alanine,25
26.5,G5_L-Alanine,28
26.75,G5_L-Alanine,24
27.0,G5_L-Alanine,25
27.25,G5_L-Alanine,25
27.5,G5_L-Alanine,24
27.75,G5_L-Alanine,25
28.0,G5_L-Alanine,29
28.25,G5_L-Alanine,25
28.5,G5_L-Alanine,27
28.75,G5_L-Alanine,25
29.0,G5_L-Alanine,28
29.25,G5_L-Alanine,26
29.5,G5_L-Alanine,27
29.75,G5_L-Alanine,31
30.0,G5_L-Alanine,30
30.25,G5_L-Alanine,25
30.5,G5_L-Alanine,30
30.75,G5_L-Alanine,30
31.0,G5_L-Alanine,29
31.25,G5_L-Alanine,29
31.5,G5_L-Alanine,27
31.75,G5_L-Alanine,32
32.0,G5_L-Alanine,30
32.25,G5_L-Alanine,33
32.5,G5_L-Alanine,30
32.75,G5_L-Alanine,31
33.0,G5_L-Alanine,29
33.25,G5_L-Alanine,30
33.5,G5_L-Alanine,31
33.75,G5_L-Alanine,31
34.0,G5_L-Alanine,27
34.25,G5_L-Alanine,30
34.5,G5_L-Alanine,30
34.75,G5_L-Alanine,31
35.0,G5_L-Alanine,31
35.25,G5_L-Alanine,32
35.5,G5_L-Alanine,33
35.75,G5_L-Alanine,32
36.0,G5_L-Alanine,34
36.25,G5_L-Alanine,33
36.5,G5_L-Alanine,35
36.75,G5_L-Alanine,31
37.0,G5_L-Alanine,31
37.25,G5_L-Alanine,30
37.5,G5_L-Alanine,33
37.75,G5_L-Alanine,35
38.0,G5_L-Alanine,32
38.25,G5_L-Alanine,29
38.5,G5_L-Alanine,33
38.75,G5_L-Alanine,32
39.0,G5_L-Alanine,38
39.25,G5_L-Alanine,36
39.5,G5_L-Alanine,38
39.75,G5_L-Alanine,33
40.0,G5_L-Alanine,36
40.25,G5_L-Alanine,33
40.5,G5_L-Alanine,33
40.75,G5_L-Alanine,34
41.0,G5_L-Alanine,38
41.25,G5_L-Alanine,38
41.5,G5_L-Alanine,35
41.75,G5_L-Alanine,33
42.0,G5_L-Alanine,39
42.25,G5_L-Alanine,42
42.5,G5_L-Alanine,43
42.75,G5_L-Alanine,40
43.0,G5_L-Alanine,35
43.25,G5_L-Alanine,43
43.5,G5_L-Alanine,42
43.75,G5_L-Alanine,40
44.0,G5_L-Alanine,39
44.25,G5_L-Alanine,39
44.5,G5_L-Alanine,40
44.75,G5_L-Alanine,37
45.0,G5_L-Alanine,41
45.25,G5_L-Alanine,39
45.5,G5_L-Alanine,42
45.75,G5_L-Alanine,43
46.0,G5_L-Alanine,41
46.25,G5_L-Alanine,45
46.5,G5_L-Alanine,42
46.75,G5_L-Alanine,44
47.0,G5_L-Alanine,43
47.25,G5_L-Alanine,46
47.5,G5_L-Alanine,45
47.75,G5_L-Alanine,44
48.0,G5_L-Alanine,39
48.25,G5_L-Alanine,42
0.0,G6_L-Alanyl-Glycine,11
0.25,G6_L-Alanyl-Glycine,11
0.5,G6_L-Alanyl-Glycine,11
0.75,G6_L-Alanyl-Glycine,11
1.0,G6_L-Alanyl-Glycine,11
1.25,G6_L-Alanyl-Glycine,11
1.5,G6_L-Alanyl-Glycine,11
1.75,G6_L-Alanyl-Glycine,11
2.0,G6_L-Alanyl-Glycine,11
2.25,G6_L-Alanyl-Glycine,11
2.5,G6_L-Alanyl-Glycine,11
2.75,G6_L-Alanyl-Glycine,11
3.0,G6_L-Alanyl-Glycine,11
3.25,G6_L-Alanyl-Glycine,11
3.5,G6_L-Alanyl-Glycine,11
3.75,G6_L-Alanyl-Glycine,12
4.0,G6_L-Alanyl-Glycine,11
4.25,G6_L-Alanyl-Glycine,11
4.5,G6_L-Alanyl-Glycine,11
4.75,G6_L-Alanyl-Glycine,11
5.0,G6_L-Alanyl-Glycine,11
5.25,G6_L-Alanyl-Glycine,11
5.5,G6_L-Alanyl-Glycine,11
5.75,G6_L-Alanyl-Glycine,11
6.0,G6_L-Alanyl-Glycine,11
6.25,G6_L-Alanyl-Glycine,11
6.5,G6_L-Alanyl-Glycine,11
6.75,G6_L-Alanyl-Glycine,12
7.0,G6_L-Alanyl-Glycine,12
7.25,G6_L-Alanyl-Glycine,11
7.5,G6_L-Alanyl-Glycine,11
7.75,G6_L-Alanyl-Glycine,11
8.0,G6_L-Alanyl-Glycine,11
8.25,G6_L-Alanyl-Glycine,11
8.5,G6_L-Alanyl-Glycine,11
8.75,G6_L-Alanyl-Glycine,11
9.0,G6_L-Alanyl-Glycine,11
9.25,G6_L-Alanyl-Glycine,11
9.5,G6_L-Alanyl-Glycine,11
9.75,G6_L-Alanyl-Glycine,11
10.0,G6_L-Alanyl-Glycine,11
10.25,G6_L-Alanyl-Glycine,11
10.5,G6_L-Alanyl-Glycine,11
10.75,G6_L-Alanyl-Glycine,11
11.0,G6_L-Alanyl-Glycine,11
11.25,G6_L-Alanyl-Glycine,11
11.5,G6_L-Alanyl-Glycine,11
11.75,G6_L-Alanyl-Glycine,11
12.0,G6_L-Alanyl-Glycine,11
12.25,G6_L-Alanyl-Glycine,14
12.5,G6_L-Alanyl-Glycine,11
12.75,G6_L-Alanyl-Glycine,13
13.0,G6_L-Alanyl-Glycine,11
13.25,G6_L-Alanyl-Glycine,11
13.5,G6_L-Alanyl-Glycine,11
13.75,G6_L-Alanyl-Glycine,11
14.0,G6_L-Alanyl-Glycine,11
14.25,G6_L-Alanyl-Glycine,11
14.5,G6_L-Alanyl-Glycine,12
14.75,G6_L-Alanyl-Glycine,11
15.0,G6_L-Alanyl-Glycine,11
15.25,G6_L-Alanyl-Glycine,11
15.5,G6_L-Alanyl-Glycine,11
15.75,G6_L-Alanyl-Glycine,11
16.0,G6_L-Alanyl-Glycine,11
16.25,G6_L-Alanyl-Glycine,11
16.5,G6_L-Alanyl-Glycine,11
16.75,G6_L-Alanyl-Glycine,11
17.0,G6_L-Alanyl-Glycine,11
17.25,G6_L-Alanyl-Glycine,11
17.5,G6_L-Alanyl-Glycine,11
17.75,G6_L-Alanyl-Glycine,13
18.0,G6_L-Alanyl-Glycine,11
18.25,G6_L-Alanyl-Glycine,11
18.5,G6_L-Alanyl-Glycine,12
18.75,G6_L-Alanyl-Glycine,12
19.0,G6_L-Alanyl-Glycine,11
19.25,G6_L-Alanyl-Glycine,14
19.5,G6_L-Alanyl-Glycine,11
19.75,G6_L-Alanyl-Glycine,16
20.0,G6_L-Alanyl-Glycine,17
20.25,G6_L-Alanyl-Glycine,16
20.5,G6_L-Alanyl-Glycine,13
20.75,G6_L-Alanyl-Glycine,18
21.0,G6_L-Alanyl-Glycine,17
21.25,G6_L-Alanyl-Glycine,15
21.5,G6_L-Alanyl-Glycine,14
21.75,G6_L-Alanyl-Glycine,19
22.0,G6_L-Alanyl-Glycine,17
22.25,G6_L-Alanyl-Glycine,19
22.5,G6_L-Alanyl-Glycine,20
22.75,G6_L-Alanyl-Glycine,15
23.0,G6_L-Alanyl-Glycine,22
23.25,G6_L-Alanyl-Glycine,21
23.5,G6_L-Alanyl-Glycine,19
23.75,G6_L-Alanyl-Glycine,19
24.0,G6_L-Alanyl-Glycine,19
24.25,G6_L-Alanyl-Glycine,19
24.5,G6_L-Alanyl-Glycine,18
24.75,G6_L-Alanyl-Glycine,20
25.0,G6_L-Alanyl-Glycine,22
25.25,G6_L-Alanyl-Glycine,18
25.5,G6_L-Alanyl-Glycine,21
25.75,G6_L-Alanyl-Glycine,19
26.0,G6_L-Alanyl-Glycine,18
26.25,G6_L-Alanyl-Glycine,23
26.5,G6_L-Alanyl-Glycine,24
26.75,G6_L-Alanyl-Glycine,26
27.0,G6_L-Alanyl-Glycine,24
27.25,G6_L-Alanyl-Glycine,24
27.5,G6_L-Alanyl-Glycine,23
27.75,G6_L-Alanyl-Glycine,21
28.0,G6_L-Alanyl-Glycine,23
28.25,G6_L-Alanyl-Glycine,27
28.5,G6_L-Alanyl-Glycine,21
28.75,G6_L-Alanyl-Glycine,28
29.0,G6_L-Alanyl-Glycine,25
29.25,G6_L-Alanyl-Glycine,29
29.5,G6_L-Alanyl-Glycine,28
29.75,G6_L-Alanyl-Glycine,29
30.0,G6_L-Alanyl-Glycine,21
30.25,G6_L-Alanyl-Glycine,21
30.5,G6_L-Alanyl-Glycine,31
30.75,G6_L-Alanyl-Glycine,25
31.0,G6_L-Alanyl-Glycine,26
31.25,G6_L-Alanyl-Glycine,28
31.5,G6_L-Alanyl-Glycine,28
31.75,G6_L-Alanyl-Glycine,30
32.0,G6_L-Alanyl-Glycine,31
32.25,G6_L-Alanyl-Glycine,28
32.5,G6_L-Alanyl-Glycine,25
32.75,G6_L-Alanyl-Glycine,30
33.0,G6_L-Alanyl-Glycine,28
33.25,G6_L-Alanyl-Glycine,28
33.5,G6_L-Alanyl-Glycine,32
33.75,G6_L-Alanyl-Glycine,29
34.0,G6_L-Alanyl-Glycine,26
34.25,G6_L-Alanyl-Glycine,33
34.5,G6_L-Alanyl-Glycine,30
34.75,G6_L-Alanyl-Glycine,32
35.0,G6_L-Alanyl-Glycine,31
35.25,G6_L-Alanyl-Glycine,27
35.5,G6_L-Alanyl-Glycine,34
35.75,G6_L-Alanyl-Glycine,32
36.0,G6_L-Alanyl-Glycine,31
36.25,G6_L-Alanyl-Glycine,32
36.5,G6_L-Alanyl-Glycine,32
36.75,G6_L-Alanyl-Glycine,33
37.0,G6_L-Alanyl-Glycine,32
37.25,G6_L-Alanyl-Glycine,35
37.5,G6_L-Alanyl-Glycine,33
37.75,G6_L-Alanyl-Glycine,31
38.0,G6_L-Alanyl-Glycine,29
38.25,G6_L-Alanyl-Glycine,35
38.5,G6_L-Alanyl-Glycine,36
38.75,G6_L-Alanyl-Glycine,36
39.0,G6_L-Alanyl-Glycine,35
39.25,G6_L-Alanyl-Glycine,38
39.5,G6_L-Alanyl-Glycine,35
39.75,G6_L-Alanyl-Glycine,33
40.0,G6_L-Alanyl-Glycine,43
40.25,G6_L-Alanyl-Glycine,34
40.5,G6_L-Alanyl-Glycine,37
40.75,G6_L-Alanyl-Glycine,41
41.0,G6_L-Alanyl-Glycine,42
41.25,G6_L-Alanyl-Glycine,39
41.5,G6_L-Alanyl-Glycine,42
41.75,G6_L-Alanyl-Glycine,42
42.0,G6_L-Alanyl-Glycine,38
42.25,G6_L-Alanyl-Glycine,40
42.5,G6_L-Alanyl-Glycine,41
42.75,G6_L-Alanyl-Glycine,45
43.0,G6_L-Alanyl-Glycine,43
43.25,G6_L-Alanyl-Glycine,46
43.5,G6_L-Alanyl-Glycine,44
43.75,G6_L-Alanyl-Glycine,44
44.0,G6_L-Alanyl-Glycine,43
44.25,G6_L-Alanyl-Glycine,42
44.5,G6_L-Alanyl-Glycine,45
44.75,G6_L-Alanyl-Glycine,51
45.0,G6_L-Alanyl-Glycine,45
45.25,G6_L-Alanyl-Glycine,45
45.5,G6_L-Alanyl-Glycine,50
45.75,G6_L-Alanyl-Glycine,46
46.0,G6_L-Alanyl-Glycine,47
46.25,G6_L-Alanyl-Glycine,49
46.5,G6_L-Alanyl-Glycine,49
46.75,G6_L-Alanyl-Glycine,46
47.0,G6_L-Alanyl-Glycine,49
47.25,G6_L-Alanyl-Glycine,50
47.5,G6_L-Alanyl-Glycine,51
47.75,G6_L-Alanyl-Glycine,47
48.0,G6_L-Alanyl-Glycine,48
48.25,G6_L-Alanyl-Glycine,47
0.0,G7_Acetoacetic_Acid,11
0.25,G7_Acetoacetic_Acid,12
0.5,G7_Acetoacetic_Acid,15
0.75,G7_Acetoacetic_Acid,11
1.0,G7_Acetoacetic_Acid,11
1.25,G7_Acetoacetic_Acid,12
1.5,G7_Acetoacetic_Acid,15
1.75,G7_Acetoacetic_Acid,13
2.0,G7_Acetoacetic_Acid,11
2.25,G7_Acetoacetic_Acid,11
2.5,G7_Acetoacetic_Acid,11
2.75,G7_Acetoacetic_Acid,11
3.0,G7_Acetoacetic_Acid,12
3.25,G7_Acetoacetic_Acid,11
3.5,G7_Acetoacetic_Acid,11
3.75,G7_Acetoacetic_Acid,11
4.0,G7_Acetoacetic_Acid,11
4.25,G7_Acetoacetic_Acid,11
4.5,G7_Acetoacetic_Acid,11
4.75,G7_Acetoacetic_Acid,12
5.0,G7_Acetoacetic_Acid,15
5.25,G7_Acetoacetic_Acid,14
5.5,G7_Acetoacetic_Acid,11
5.75,G7_Acetoacetic_Acid,11
6.0,G7_Acetoacetic_Acid,14
6.25,G7_Acetoacetic_Acid,11
6.5,G7_Acetoacetic_Acid,11
6.75,G7_Acetoacetic_Acid,11
7.0,G7_Acetoacetic_Acid,11
7.25,G7_Acetoacetic_Acid,11
7.5,G7_Acetoacetic_Acid,11
7.75,G7_Acetoacetic_Acid,11
8.0,G7_Acetoacetic_Acid,13
8.25,G7_Acetoacetic_Acid,11
8.5,G7_Acetoacetic_Acid,12
8.75,G7_Acetoacetic_Acid,11
9.0,G7_Acetoacetic_Acid,11
9.25,G7_Acetoacetic_Acid,11
9.5,G7_Acetoacetic_Acid,11
9.75,G7_Acetoacetic_Acid,11
10.0,G7_Acetoacetic_Acid,11
10.25,G7_Acetoacetic_Acid,15
10.5,G7_Acetoacetic_Acid,12
10.75,G7_Acetoacetic_Acid,11
11.0,G7_Acetoacetic_Acid,11
11.25,G7_Acetoacetic_Acid,14
11.5,G7_Acetoacetic_Acid,11
11.75,G7_Acetoacetic_Acid,13
12.0,G7_Acetoacetic_Acid,13
12.25,G7_Acetoacetic_Acid,11
12.5,G7_Acetoacetic_Acid,11
12.75,G7_Acetoacetic_Acid,11
13.0,G7_Acetoacetic_Acid,13
13.25,G7_Acetoacetic_Acid,12
13.5,G7_Acetoacetic_Acid,11
13.75,G7_Acetoacetic_Acid,11
14.0,G7_Acetoacetic_Acid,11
14.25,G7_Acetoacetic_Acid,11
14.5,G7_Acetoacetic_Acid,15
14.75,G7_Acetoacetic_Acid,11
15.0,G7_Acetoacetic_Acid,13
15.25,G7_Acetoacetic_Acid,12
15.5,G7_Acetoacetic_Acid,11
15.75,G7_Acetoacetic_Acid,11
16.0,G7_Acetoacetic_Acid,12
16.25,G7_Acetoacetic_Acid,14
16.5,G7_Acetoacetic_Acid,11
16.75,G7_Acetoacetic_Acid,14
17.0,G7_Acetoacetic_Acid,16
17.25,G7_Acetoacetic_Acid,12
17.5,G7_Acetoacetic_Acid,14
17.75,G7_Acetoacetic_Acid,15
18.0,G7_Acetoacetic_Acid,12
18.25,G7_Acetoacetic_Acid,12
18.5,G7_Acetoacetic_Acid,14
18.75,G7_Acetoacetic_Acid,15
19.0,G7_Acetoacetic_Acid,15
19.25,G7_Acetoacetic_Acid,12
19.5,G7_Acetoacetic_Acid,12
19.75,G7_Acetoacetic_Acid,11
20.0,G7_Acetoacetic_Acid,15
20.25,G7_Acetoacetic_Acid,15
20.5,G7_Acetoacetic_Acid,16
20.75,G7_Acetoacetic_Acid,15
21.0,G7_Acetoacetic_Acid,14
21.25,G7_Acetoacetic_Acid,18
21.5,G7_Acetoacetic_Acid,17
21.75,G7_Acetoacetic_Acid,13
22.0,G7_Acetoacetic_Acid,15
22.25,G7_Acetoacetic_Acid,18
22.5,G7_Acetoacetic_Acid,12
22.75,G7_Acetoacetic_Acid,15
23.0,G7_Acetoacetic_Acid,14
23.25,G7_Acetoacetic_Acid,19
23.5,G7_Acetoacetic_Acid,15
23.75,G7_Acetoacetic_Acid,13
24.0,G7_Acetoacetic_Acid,20
24.25,G7_Acetoacetic_Acid,11
24.5,G7_Acetoacetic_Acid,14
24.75,G7_Acetoacetic_Acid,14
25.0,G7_Acetoacetic_Acid,12
25.25,G7_Acetoacetic_Acid,13
25.5,G7_Acetoacetic_Acid,11
25.75,G7_Acetoacetic_Acid,15
26.0,G7_Acetoacetic_Acid,14
26.25,G7_Acetoacetic_Acid,20
26.5,G7_Acetoacetic_Acid,14
26.75,G7_Acetoacetic_Acid,16
27.0,G7_Acetoacetic_Acid,19
27.25,G7_Acetoacetic_Acid,19
27.5,G7_Acetoacetic_Acid,18
27.75,G7_Acetoacetic_Acid,17
28.0,G7_Acetoacetic_Acid,17
28.25,G7_Acetoacetic_Acid,18
28.5,G7_Acetoacetic_Acid,16
28.75,G7_Acetoacetic_Acid,18
29.0,G7_Acetoacetic_Acid,15
29.25,G7_Acetoacetic_Acid,17
29.5,G7_Acetoacetic_Acid,19
29.75,G7_Acetoacetic_Acid,21
30.0,G7_Acetoacetic_Acid,18
30.25,G7_Acetoacetic_Acid,18
30.5,G7_Acetoacetic_Acid,20
30.75,G7_Acetoacetic_Acid,14
31.0,G7_Acetoacetic_Acid,20
31.25,G7_Acetoacetic_Acid,15
31.5,G7_Acetoacetic_Acid,18
31.75,G7_Acetoacetic_Acid,21
32.0,G7_Acetoacetic_Acid,20
32.25,G7_Acetoacetic_Acid,18
32.5,G7_Acetoacetic_Acid,18
32.75,G7_Acetoacetic_Acid,18
33.0,G7_Acetoacetic_Acid,18
33.25,G7_Acetoacetic_Acid,14
33.5,G7_Acetoacetic_Acid,21
33.75,G7_Acetoacetic_Acid,19
34.0,G7_Acetoacetic_Acid,20
34.25,G7_Acetoacetic_Acid,19
34.5,G7_Acetoacetic_Acid,20
34.75,G7_Acetoacetic_Acid,22
35.0,G7_Acetoacetic_Acid,18
35.25,G7_Acetoacetic_Acid,17
35.5,G7_Acetoacetic_Acid,25
35.75,G7_Acetoacetic_Acid,22
36.0,G7_Acetoacetic_Acid,20
36.25,G7_Acetoacetic_Acid,15
36.5,G7_Acetoacetic_Acid,23
36.75,G7_Acetoacetic_Acid,19
37.0,G7_Acetoacetic_Acid,16
37.25,G7_Acetoacetic_Acid,19
37.5,G7_Acetoacetic_Acid,15
37.75,G7_Acetoacetic_Acid,19
38.0,G7_Acetoacetic_Acid,20
38.25,G7_Acetoacetic_Acid,21
38.5,G7_Acetoacetic_Acid,28
38.75,G7_Acetoacetic_Acid,17
39.0,G7_Acetoacetic_Acid,24
39.25,G7_Acetoacetic_Acid,20
39.5,G7_Acetoacetic_Acid,22
39.75,G7_Acetoacetic_Acid,22
40.0,G7_Acetoacetic_Acid,27
40.25,G7_Acetoacetic_Acid,22
40.5,G7_Acetoacetic_Acid,20
40.75,G7_Acetoacetic_Acid,25
41.0,G7_Acetoacetic_Acid,31
41.25,G7_Acetoacetic_Acid,25
41.5,G7_Acetoacetic_Acid,24
41.75,G7_Acetoacetic_Acid,21
42.0,G7_Acetoacetic_Acid,27
42.25,G7_Acetoacetic_Acid,27
42.5,G7_Acetoacetic_Acid,32
42.75,G7_Acetoacetic_Acid,30
43.0,G7_Acetoacetic_Acid,25
43.25,G7_Acetoacetic_Acid,22
43.5,G7_Acetoacetic_Acid,29
43.75,G7_Acetoacetic_Acid,30
44.0,G7_Acetoacetic_Acid,24
44.25,G7_Acetoacetic_Acid,26
44.5,G7_Acetoacetic_Acid,24
44.75,G7_Acetoacetic_Acid,28
45.0,G7_Acetoacetic_Acid,27
45.25,G7_Acetoacetic_Acid,25
45.5,G7_Acetoacetic_Acid,34
45.75,G7_Acetoacetic_Acid,30
46.0,G7_Acetoacetic_Acid,30
46.25,G7_Acetoacetic_Acid,28
46.5,G7_Acetoacetic_Acid,31
46.75,G7_Acetoacetic_Acid,27
47.0,G7_Acetoacetic_Acid,22
47.25,G7_Acetoacetic_Acid,24
47.5,G7_Acetoacetic_Acid,24
47.75,G7_Acetoacetic_Acid,25
48.0,G7_Acetoacetic_Acid,28
48.25,G7_Acetoacetic_Acid,31
0.0,G8_N-Acetyl-B-D_Mannosamine,11
0.25,G8_N-Acetyl-B-D_Mannosamine,13
0.5,G8_N-Acetyl-B-D_Mannosamine,11
0.75,G8_N-Acetyl-B-D_Mannosamine,11
1.0,G8_N-Acetyl-B-D_Mannosamine,11
1.25,G8_N-Acetyl-B-D_Mannosamine,11
1.5,G8_N-Acetyl-B-D_Mannosamine,11
1.75,G8_N-Acetyl-B-D_Mannosamine,12
2.0,G8_N-Acetyl-B-D_Mannosamine,11
2.25,G8_N-Acetyl-B-D_Mannosamine,11
2.5,G8_N-Acetyl-B-D_Mannosamine,11
2.75,G8_N-Acetyl-B-D_Mannosamine,11
3.0,G8_N-Acetyl-B-D_Mannosamine,11
3.25,G8_N-Acetyl-B-D_Mannosamine,11
3.5,G8_N-Acetyl-B-D_Mannosamine,11
3.75,G8_N-Acetyl-B-D_Mannosamine,11
4.0,G8_N-Acetyl-B-D_Mannosamine,11
4.25,G8_N-Acetyl-B-D_Mannosamine,11
4.5,G8_N-Acetyl-B-D_Mannosamine,11
4.75,G8_N-Acetyl-B-D_Mannosamine,11
5.0,G8_N-Acetyl-B-D_Mannosamine,13
5.25,G8_N-Acetyl-B-D_Mannosamine,12
5.5,G8_N-Acetyl-B-D_Mannosamine,11
5.75,G8_N-Acetyl-B-D_Mannosamine,11
6.0,G8_N-Acetyl-B-D_Mannosamine,11
6.25,G8_N-Acetyl-B-D_Mannosamine,12
6.5,G8_N-Acetyl-B-D_Mannosamine,11
6.75,G8_N-Acetyl-B-D_Mannosamine,11
7.0,G8_N-Acetyl-B-D_Mannosamine,12
7.25,G8_N-Acetyl-B-D_Mannosamine,11
7.5,G8_N-Acetyl-B-D_Mannosamine,11
7.75,G8_N-Acetyl-B-D_Mannosamine,11
8.0,G8_N-Acetyl-B-D_Mannosamine,11
8.25,G8_N-Acetyl-B-D_Mannosamine,11
8.5,G8_N-Acetyl-B-D_Mannosamine,11
8.75,G8_N-Acetyl-B-D_Mannosamine,16
9.0,G8_N-Acetyl-B-D_Mannosamine,11
9.25,G8_N-Acetyl-B-D_Mannosamine,11
9.5,G8_N-Acetyl-B-D_Mannosamine,11
9.75,G8_N-Acetyl-B-D_Mannosamine,11
10.0,G8_N-Acetyl-B-D_Mannosamine,11
10.25,G8_N-Acetyl-B-D_Mannosamine,11
10.5,G8_N-Acetyl-B-D_Mannosamine,11
10.75,G8_N-Acetyl-B-D_Mannosamine,11
11.0,G8_N-Acetyl-B-D_Mannosamine,11
11.25,G8_N-Acetyl-B-D_Mannosamine,11
11.5,G8_N-Acetyl-B-D_Mannosamine,12
11.75,G8_N-Acetyl-B-D_Mannosamine,11
12.0,G8_N-Acetyl-B-D_Mannosamine,13
12.25,G8_N-Acetyl-B-D_Mannosamine,15
12.5,G8_N-Acetyl-B-D_Mannosamine,11
12.75,G8_N-Acetyl-B-D_Mannosamine,11
13.0,G8_N-Acetyl-B-D_Mannosamine,11
13.25,G8_N-Acetyl-B-D_Mannosamine,11
13.5,G8_N-Acetyl-B-D_Mannosamine,12
13.75,G8_N-Acetyl-B-D_Mannosamine,12
14.0,G8_N-Acetyl-B-D_Mannosamine,11
14.25,G8_N-Acetyl-B-D_Mannosamine,11
14.5,G8_N-Acetyl-B-D_Mannosamine,12
14.75,G8_N-Acetyl-B-D_Mannosamine,12
15.0,G8_N-Acetyl-B-D_Mannosamine,11
15.25,G8_N-Acetyl-B-D_Mannosamine,11
15.5,G8_N-Acetyl-B-D_Mannosamine,11
15.75,G8_N-Acetyl-B-D_Mannosamine,11
16.0,G8_N-Acetyl-B-D_Mannosamine,11
16.25,G8_N-Acetyl-B-D_Mannosamine,11
16.5,G8_N-Acetyl-B-D_Mannosamine,11
16.75,G8_N-Acetyl-B-D_Mannosamine,11
17.0,G8_N-Acetyl-B-D_Mannosamine,16
17.25,G8_N-Acetyl-B-D_Mannosamine,12
17.5,G8_N-Acetyl-B-D_Mannosamine,11
17.75,G8_N-Acetyl-B-D_Mannosamine,15
18.0,G8_N-Acetyl-B-D_Mannosamine,11
18.25,G8_N-Acetyl-B-D_Mannosamine,13
18.5,G8_N-Acetyl-B-D_Mannosamine,12
18.75,G8_N-Acetyl-B-D_Mannosamine,11
19.0,G8_N-Acetyl-B-D_Mannosamine,13
19.25,G8_N-Acetyl-B-D_Mannosamine,13
19.5,G8_N-Acetyl-B-D_Mannosamine,16
19.75,G8_N-Acetyl-B-D_Mannosamine,14
20.0,G8_N-Acetyl-B-D_Mannosamine,13
20.25,G8_N-Acetyl-B-D_Mannosamine,13
20.5,G8_N-Acetyl-B-D_Mannosamine,14
20.75,G8_N-Acetyl-B-D_Mannosamine,16
21.0,G8_N-Acetyl-B-D_Mannosamine,17
21.25,G8_N-Acetyl-B-D_Mannosamine,11
21.5,G8_N-Acetyl-B-D_Mannosamine,17
21.75,G8_N-Acetyl-B-D_Mannosamine,16
22.0,G8_N-Acetyl-B-D_Mannosamine,17
22.25,G8_N-Acetyl-B-D_Mannosamine,13
22.5,G8_N-Acetyl-B-D_Mannosamine,15
22.75,G8_N-Acetyl-B-D_Mannosamine,20
23.0,G8_N-Acetyl-B-D_Mannosamine,17
23.25,G8_N-Acetyl-B-D_Mannosamine,18
23.5,G8_N-Acetyl-B-D_Mannosamine,19
23.75,G8_N-Acetyl-B-D_Mannosamine,18
24.0,G8_N-Acetyl-B-D_Mannosamine,17
24.25,G8_N-Acetyl-B-D_Mannosamine,20
24.5,G8_N-Acetyl-B-D_Mannosamine,17
24.75,G8_N-Acetyl-B-D_Mannosamine,16
25.0,G8_N-Acetyl-B-D_Mannosamine,16
25.25,G8_N-Acetyl-B-D_Mannosamine,19
25.5,G8_N-Acetyl-B-D_Mannosamine,19
25.75,G8_N-Acetyl-B-D_Mannosamine,19
26.0,G8_N-Acetyl-B-D_Mannosamine,19
26.25,G8_N-Acetyl-B-D_Mannosamine,19
26.5,G8_N-Acetyl-B-D_Mannosamine,16
26.75,G8_N-Acetyl-B-D_Mannosamine,22
27.0,G8_N-Acetyl-B-D_Mannosamine,21
27.25,G8_N-Acetyl-B-D_Mannosamine,20
27.5,G8_N-Acetyl-B-D_Mannosamine,22
27.75,G8_N-Acetyl-B-D_Mannosamine,20
28.0,G8_N-Acetyl-B-D_Mannosamine,22
28.25,G8_N-Acetyl-B-D_Mannosamine,21
28.5,G8_N-Acetyl-B-D_Mannosamine,17
28.75,G8_N-Acetyl-B-D_Mannosamine,24
29.0,G8_N-Acetyl-B-D_Mannosamine,21
29.25,G8_N-Acetyl-B-D_Mannosamine,22
29.5,G8_N-Acetyl-B-D_Mannosamine,21
29.75,G8_N-Acetyl-B-D_Mannosamine,17
30.0,G8_N-Acetyl-B-D_Mannosamine,20
30.25,G8_N-Acetyl-B-D_Mannosamine,20
30.5,G8_N-Acetyl-B-D_Mannosamine,20
30.75,G8_N-Acetyl-B-D_Mannosamine,21
31.0,G8_N-Acetyl-B-D_Mannosamine,21
31.25,G8_N-Acetyl-B-D_Mannosamine,20
31.5,G8_N-Acetyl-B-D_Mannosamine,21
31.75,G8_N-Acetyl-B-D_Mannosamine,20
32.0,G8_N-Acetyl-B-D_Mannosamine,21
32.25,G8_N-Acetyl-B-D_Mannosamine,19
32.5,G8_N-Acetyl-B-D_Mannosamine,24
32.75,G8_N-Acetyl-B-D_Mannosamine,23
33.0,G8_N-Acetyl-B-D_Mannosamine,20
33.25,G8_N-Acetyl-B-D_Mannosamine,20
33.5,G8_N-Acetyl-B-D_Mannosamine,18
33.75,G8_N-Acetyl-B-D_Mannosamine,21
34.0,G8_N-Acetyl-B-D_Mannosamine,23
34.25,G8_N-Acetyl-B-D_Mannosamine,23
34.5,G8_N-Acetyl-B-D_Mannosamine,23
34.75,G8_N-Acetyl-B-D_Mannosamine,20
35.0,G8_N-Acetyl-B-D_Mannosamine,20
35.25,G8_N-Acetyl-B-D_Mannosamine,22
35.5,G8_N-Acetyl-B-D_Mannosamine,22
35.75,G8_N-Acetyl-B-D_Mannosamine,26
36.0,G8_N-Acetyl-B-D_Mannosamine,20
36.25,G8_N-Acetyl-B-D_Mannosamine,23
36.5,G8_N-Acetyl-B-D_Mannosamine,24
36.75,G8_N-Acetyl-B-D_Mannosamine,22
37.0,G8_N-Acetyl-B-D_Mannosamine,19
37.25,G8_N-Acetyl-B-D_Mannosamine,17
37.5,G8_N-Acetyl-B-D_Mannosamine,19
37.75,G8_N-Acetyl-B-D_Mannosamine,22
38.0,G8_N-Acetyl-B-D_Mannosamine,20
38.25,G8_N-Acetyl-B-D_Mannosamine,21
38.5,G8_N-Acetyl-B-D_Mannosamine,20
38.75,G8_N-Acetyl-B-D_Mannosamine,21
39.0,G8_N-Acetyl-B-D_Mannosamine,22
39.25,G8_N-Acetyl-B-D_Mannosamine,23
39.5,G8_N-Acetyl-B-D_Mannosamine,19
39.75,G8_N-Acetyl-B-D_Mannosamine,22
40.0,G8_N-Acetyl-B-D_Mannosamine,21
40.25,G8_N-Acetyl-B-D_Mannosamine,18
40.5,G8_N-Acetyl-B-D_Mannosamine,19
40.75,G8_N-Acetyl-B-D_Mannosamine,19
41.0,G8_N-Acetyl-B-D_Mannosamine,19
41.25,G8_N-Acetyl-B-D_Mannosamine,19
41.5,G8_N-Acetyl-B-D_Mannosamine,22
41.75,G8_N-Acetyl-B-D_Mannosamine,27
42.0,G8_N-Acetyl-B-D_Mannosamine,22
42.25,G8_N-Acetyl-B-D_Mannosamine,22
42.5,G8_N-Acetyl-B-D_Mannosamine,24
42.75,G8_N-Acetyl-B-D_Mannosamine,23
43.0,G8_N-Acetyl-B-D_Mannosamine,23
43.25,G8_N-Acetyl-B-D_Mannosamine,22
43.5,G8_N-Acetyl-B-D_Mannosamine,20
43.75,G8_N-Acetyl-B-D_Mannosamine,22
44.0,G8_N-Acetyl-B-D_Mannosamine,19
44.25,G8_N-Acetyl-B-D_Mannosamine,21
44.5,G8_N-Acetyl-B-D_Mannosamine,22
44.75,G8_N-Acetyl-B-D_Mannosamine,20
45.0,G8_N-Acetyl-B-D_Mannosamine,18
45.25,G8_N-Acetyl-B-D_Mannosamine,25
45.5,G8_N-Acetyl-B-D_Mannosamine,25
45.75,G8_N-Acetyl-B-D_Mannosamine,24
46.0,G8_N-Acetyl-B-D_Mannosamine,22
46.25,G8_N-Acetyl-B-D_Mannosamine,19
46.5,G8_N-Acetyl-B-D_Mannosamine,22
46.75,G8_N-Acetyl-B-D_Mannosamine,20
47.0,G8_N-Acetyl-B-D_Mannosamine,20
47.25,G8_N-Acetyl-B-D_Mannosamine,19
47.5,G8_N-Acetyl-B-D_Mannosamine,22
47.75,G8_N-Acetyl-B-D_Mannosamine,19
48.0,G8_N-Acetyl-B-D_Mannosamine,20
48.25,G8_N-Acetyl-B-D_Mannosamine,21
0.0,G9_Mono_Methyl_Succinate,11
0.25,G9_Mono_Methyl_Succinate,11
0.5,G9_Mono_Methyl_Succinate,11
0.75,G9_Mono_Methyl_Succinate,11
1.0,G9_Mono_Methyl_Succinate,11
1.25,G9_Mono_Methyl_Succinate,12
1.5,G9_Mono_Methyl_Succinate,11
1.75,G9_Mono_Methyl_Succinate,11
2.0,G9_Mono_Methyl_Succinate,11
2.25,G9_Mono_Methyl_Succinate,11
2.5,G9_Mono_Methyl_Succinate,11
2.75,G9_Mono_Methyl_Succinate,11
3.0,G9_Mono_Methyl_Succinate,11
3.25,G9_Mono_Methyl_Succinate,11
3.5,G9_Mono_Methyl_Succinate,11
3.75,G9_Mono_Methyl_Succinate,11
4.0,G9_Mono_Methyl_Succinate,13
4.25,G9_Mono_Methyl_Succinate,11
4.5,G9_Mono_Methyl_Succinate,11
4.75,G9_Mono_Methyl_Succinate,12
5.0,G9_Mono_Methyl_Succinate,11
5.25,G9_Mono_Methyl_Succinate,11
5.5,G9_Mono_Methyl_Succinate,11
5.75,G9_Mono_Methyl_Succinate,11
6.0,G9_Mono_Methyl_Succinate,11
6.25,G9_Mono_Methyl_Succinate,12
6.5,G9_Mono_Methyl_Succinate,11
6.75,G9_Mono_Methyl_Succinate,11
7.0,G9_Mono_Methyl_Succinate,11
7.25,G9_Mono_Methyl_Succinate,11
7.5,G9_Mono_Methyl_Succinate,11
7.75,G9_Mono_Methyl_Succinate,11
8.0,G9_Mono_Methyl_Succinate,11
8.25,G9_Mono_Methyl_Succinate,11
8.5,G9_Mono_Methyl_Succinate,11
8.75,G9_Mono_Methyl_Succinate,11
9.0,G9_Mono_Methyl_Succinate,11
9.25,G9_Mono_Methyl_Succinate,11
9.5,G9_Mono_Methyl_Succinate,11
9.75,G9_Mono_Methyl_Succinate,11
10.0,G9_Mono_Methyl_Succinate,11
10.25,G9_Mono_Methyl_Succinate,11
10.5,G9_Mono_Methyl_Succinate,11
10.75,G9_Mono_Methyl_Succinate,11
11.0,G9_Mono_Methyl_Succinate,11
11.25,G9_Mono_Methyl_Succinate,11
11.5,G9_Mono_Methyl_Succinate,11
11.75,G9_Mono_Methyl_Succinate,14
12.0,G9_Mono_Methyl_Succinate,11
12.25,G9_Mono_Methyl_Succinate,11
12.5,G9_Mono_Methyl_Succinate,11
12.75,G9_Mono_Methyl_Succinate,11
13.0,G9_Mono_Methyl_Succinate,11
13.25,G9_Mono_Methyl_Succinate,11
13.5,G9_Mono_Methyl_Succinate,14
13.75,G9_Mono_Methyl_Succinate,12
14.0,G9_Mono_Methyl_Succinate,11
14.25,G9_Mono_Methyl_Succinate,12
14.5,G9_Mono_Methyl_Succinate,11
14.75,G9_Mono_Methyl_Succinate,11
15.0,G9_Mono_Methyl_Succinate,11
15.25,G9_Mono_Methyl_Succinate,11
15.5,G9_Mono_Methyl_Succinate,11
15.75,G9_Mono_Methyl_Succinate,11
16.0,G9_Mono_Methyl_Succinate,11
16.25,G9_Mono_Methyl_Succinate,11
16.5,G9_Mono_Methyl_Succinate,14
16.75,G9_Mono_Methyl_Succinate,11
17.0,G9_Mono_Methyl_Succinate,11
17.25,G9_Mono_Methyl_Succinate,11
17.5,G9_Mono_Methyl_Succinate,11
17.75,G9_Mono_Methyl_Succinate,16
18.0,G9_Mono_Methyl_Succinate,11
18.25,G9_Mono_Methyl_Succinate,11
18.5,G9_Mono_Methyl_Succinate,11
18.75,G9_Mono_Methyl_Succinate,11
19.0,G9_Mono_Methyl_Succinate,13
19.25,G9_Mono_Methyl_Succinate,11
19.5,G9_Mono_Methyl_Succinate,11
19.75,G9_Mono_Methyl_Succinate,12
20.0,G9_Mono_Methyl_Succinate,13
20.25,G9_Mono_Methyl_Succinate,13
20.5,G9_Mono_Methyl_Succinate,14
20.75,G9_Mono_Methyl_Succinate,12
21.0,G9_Mono_Methyl_Succinate,18
21.25,G9_Mono_Methyl_Succinate,11
21.5,G9_Mono_Methyl_Succinate,13
21.75,G9_Mono_Methyl_Succinate,12
22.0,G9_Mono_Methyl_Succinate,13
22.25,G9_Mono_Methyl_Succinate,13
22.5,G9_Mono_Methyl_Succinate,15
22.75,G9_Mono_Methyl_Succinate,14
23.0,G9_Mono_Methyl_Succinate,15
23.25,G9_Mono_Methyl_Succinate,12
23.5,G9_Mono_Methyl_Succinate,15
23.75,G9_Mono_Methyl_Succinate,18
24.0,G9_Mono_Methyl_Succinate,13
24.25,G9_Mono_Methyl_Succinate,15
24.5,G9_Mono_Methyl_Succinate,15
24.75,G9_Mono_Methyl_Succinate,14
25.0,G9_Mono_Methyl_Succinate,12
25.25,G9_Mono_Methyl_Succinate,11
25.5,G9_Mono_Methyl_Succinate,13
25.75,G9_Mono_Methyl_Succinate,13
26.0,G9_Mono_Methyl_Succinate,12
26.25,G9_Mono_Methyl_Succinate,16
26.5,G9_Mono_Methyl_Succinate,11
26.75,G9_Mono_Methyl_Succinate,18
27.0,G9_Mono_Methyl_Succinate,16
27.25,G9_Mono_Methyl_Succinate,12
27.5,G9_Mono_Methyl_Succinate,11
27.75,G9_Mono_Methyl_Succinate,16
28.0,G9_Mono_Methyl_Succinate,14
28.25,G9_Mono_Methyl_Succinate,15
28.5,G9_Mono_Methyl_Succinate,17
28.75,G9_Mono_Methyl_Succinate,15
29.0,G9_Mono_Methyl_Succinate,13
29.25,G9_Mono_Methyl_Succinate,15
29.5,G9_Mono_Methyl_Succinate,18
29.75,G9_Mono_Methyl_Succinate,17
30.0,G9_Mono_Methyl_Succinate,19
30.25,G9_Mono_Methyl_Succinate,11
30.5,G9_Mono_Methyl_Succinate,19
30.75,G9_Mono_Methyl_Succinate,15
31.0,G9_Mono_Methyl_Succinate,16
31.25,G9_Mono_Methyl_Succinate,19
31.5,G9_Mono_Methyl_Succinate,20
31.75,G9_Mono_Methyl_Succinate,18
32.0,G9_Mono_Methyl_Succinate,13
32.25,G9_Mono_Methyl_Succinate,19
32.5,G9_Mono_Methyl_Succinate,19
32.75,G9_Mono_Methyl_Succinate,14
33.0,G9_Mono_Methyl_Succinate,16
33.25,G9_Mono_Methyl_Succinate,14
33.5,G9_Mono_Methyl_Succinate,18
33.75,G9_Mono_Methyl_Succinate,19
34.0,G9_Mono_Methyl_Succinate,14
34.25,G9_Mono_Methyl_Succinate,19
34.5,G9_Mono_Methyl_Succinate,15
34.75,G9_Mono_Methyl_Succinate,16
35.0,G9_Mono_Methyl_Succinate,17
35.25,G9_Mono_Methyl_Succinate,14
35.5,G9_Mono_Methyl_Succinate,20
35.75,G9_Mono_Methyl_Succinate,20
36.0,G9_Mono_Methyl_Succinate,21
36.25,G9_Mono_Methyl_Succinate,19
36.5,G9_Mono_Methyl_Succinate,15
36.75,G9_Mono_Methyl_Succinate,15
37.0,G9_Mono_Methyl_Succinate,17
37.25,G9_Mono_Methyl_Succinate,12
37.5,G9_Mono_Methyl_Succinate,19
37.75,G9_Mono_Methyl_Succinate,21
38.0,G9_Mono_Methyl_Succinate,17
38.25,G9_Mono_Methyl_Succinate,22
38.5,G9_Mono_Methyl_Succinate,20
38.75,G9_Mono_Methyl_Succinate,20
39.0,G9_Mono_Methyl_Succinate,18
39.25,G9_Mono_Methyl_Succinate,21
39.5,G9_Mono_Methyl_Succinate,22
39.75,G9_Mono_Methyl_Succinate,16
40.0,G9_Mono_Methyl_Succinate,21
40.25,G9_Mono_Methyl_Succinate,21
40.5,G9_Mono_Methyl_Succinate,19
40.75,G9_Mono_Methyl_Succinate,22
41.0,G9_Mono_Methyl_Succinate,20
41.25,G9_Mono_Methyl_Succinate,21
41.5,G9_Mono_Methyl_Succinate,18
41.75,G9_Mono_Methyl_Succinate,21
42.0,G9_Mono_Methyl_Succinate,22
42.25,G9_Mono_Methyl_Succinate,19
42.5,G9_Mono_Methyl_Succinate,24
42.75,G9_Mono_Methyl_Succinate,21
43.0,G9_Mono_Methyl_Succinate,20
43.25,G9_Mono_Methyl_Succinate,22
43.5,G9_Mono_Methyl_Succinate,20
43.75,G9_Mono_Methyl_Succinate,22
44.0,G9_Mono_Methyl_Succinate,20
44.25,G9_Mono_Methyl_Succinate,23
44.5,G9_Mono_Methyl_Succinate,23
44.75,G9_Mono_Methyl_Succinate,25
45.0,G9_Mono_Methyl_Succinate,22
45.25,G9_Mono_Methyl_Succinate,23
45.5,G9_Mono_Methyl_Succinate,26
45.75,G9_Mono_Methyl_Succinate,22
46.0,G9_Mono_Methyl_Succinate,24
46.25,G9_Mono_Methyl_Succinate,24
46.5,G9_Mono_Methyl_Succinate,26
46.75,G9_Mono_Methyl_Succinate,25
47.0,G9_Mono_Methyl_Succinate,20
47.25,G9_Mono_Methyl_Succinate,24
47.5,G9_Mono_Methyl_Succinate,27
47.75,G9_Mono_Methyl_Succinate,25
48.0,G9_Mono_Methyl_Succinate,25
48.25,G9_Mono_Methyl_Succinate,24
0.0,G10_Methyl_Pyruvate,11
0.25,G10_Methyl_Pyruvate,11
0.5,G10_Methyl_Pyruvate,11
0.75,G10_Methyl_Pyruvate,11
1.0,G10_Methyl_Pyruvate,11
1.25,G10_Methyl_Pyruvate,12
1.5,G10_Methyl_Pyruvate,11
1.75,G10_Methyl_Pyruvate,11
2.0,G10_Methyl_Pyruvate,11
2.25,G10_Methyl_Pyruvate,11
2.5,G10_Methyl_Pyruvate,13
2.75,G10_Methyl_Pyruvate,11
3.0,G10_Methyl_Pyruvate,11
3.25,G10_Methyl_Pyruvate,11
3.5,G10_Methyl_Pyruvate,11
3.75,G10_Methyl_Pyruvate,11
4.0,G10_Methyl_Pyruvate,11
4.25,G10_Methyl_Pyruvate,11
4.5,G10_Methyl_Pyruvate,11
4.75,G10_Methyl_Pyruvate,11
5.0,G10_Methyl_Pyruvate,11
5.25,G10_Methyl_Pyruvate,11
5.5,G10_Methyl_Pyruvate,13
5.75,G10_Methyl_Pyruvate,11
6.0,G10_Methyl_Pyruvate,11
6.25,G10_Methyl_Pyruvate,11
6.5,G10_Methyl_Pyruvate,11
6.75,G10_Methyl_Pyruvate,11
7.0,G10_Methyl_Pyruvate,11
7.25,G10_Methyl_Pyruvate,16
7.5,G10_Methyl_Pyruvate,11
7.75,G10_Methyl_Pyruvate,11
8.0,G10_Methyl_Pyruvate,11
8.25,G10_Methyl_Pyruvate,11
8.5,G10_Methyl_Pyruvate,11
8.75,G10_Methyl_Pyruvate,11
9.0,G10_Methyl_Pyruvate,11
9.25,G10_Methyl_Pyruvate,11
9.5,G10_Methyl_Pyruvate,11
9.75,G10_Methyl_Pyruvate,11
10.0,G10_Methyl_Pyruvate,11
10.25,G10_Methyl_Pyruvate,11
10.5,G10_Methyl_Pyruvate,11
10.75,G10_Methyl_Pyruvate,11
11.0,G10_Methyl_Pyruvate,11
11.25,G10_Methyl_Pyruvate,11
11.5,G10_Methyl_Pyruvate,13
11.75,G10_Methyl_Pyruvate,11
12.0,G10_Methyl_Pyruvate,11
12.25,G10_Methyl_Pyruvate,11
12.5,G10_Methyl_Pyruvate,11
12.75,G10_Methyl_Pyruvate,11
13.0,G10_Methyl_Pyruvate,11
13.25,G10_Methyl_Pyruvate,11
13.5,G10_Methyl_Pyruvate,11
13.75,G10_Methyl_Pyruvate,12
14.0,G10_Methyl_Pyruvate,11
14.25,G10_Methyl_Pyruvate,11
14.5,G10_Methyl_Pyruvate,11
14.75,G10_Methyl_Pyruvate,14
15.0,G10_Methyl_Pyruvate,15
15.25,G10_Methyl_Pyruvate,11
15.5,G10_Methyl_Pyruvate,11
15.75,G10_Methyl_Pyruvate,12
16.0,G10_Methyl_Pyruvate,13
16.25,G10_Methyl_Pyruvate,11
16.5,G10_Methyl_Pyruvate,11
16.75,G10_Methyl_Pyruvate,11
17.0,G10_Methyl_Pyruvate,15
17.25,G10_Methyl_Pyruvate,15
17.5,G10_Methyl_Pyruvate,12
17.75,G10_Methyl_Pyruvate,11
18.0,G10_Methyl_Pyruvate,11
18.25,G10_Methyl_Pyruvate,12
18.5,G10_Methyl_Pyruvate,11
18.75,G10_Methyl_Pyruvate,11
19.0,G10_Methyl_Pyruvate,11
19.25,G10_Methyl_Pyruvate,11
19.5,G10_Methyl_Pyruvate,11
19.75,G10_Methyl_Pyruvate,13
20.0,G10_Methyl_Pyruvate,11
20.25,G10_Methyl_Pyruvate,11
20.5,G10_Methyl_Pyruvate,12
20.75,G10_Methyl_Pyruvate,11
21.0,G10_Methyl_Pyruvate,11
21.25,G10_Methyl_Pyruvate,11
21.5,G10_Methyl_Pyruvate,11
21.75,G10_Methyl_Pyruvate,12
22.0,G10_Methyl_Pyruvate,11
22.25,G10_Methyl_Pyruvate,11
22.5,G10_Methyl_Pyruvate,12
22.75,G10_Methyl_Pyruvate,11
23.0,G10_Methyl_Pyruvate,11
23.25,G10_Methyl_Pyruvate,11
23.5,G10_Methyl_Pyruvate,15
23.75,G10_Methyl_Pyruvate,12
24.0,G10_Methyl_Pyruvate,13
24.25,G10_Methyl_Pyruvate,11
24.5,G10_Methyl_Pyruvate,11
24.75,G10_Methyl_Pyruvate,16
25.0,G10_Methyl_Pyruvate,11
25.25,G10_Methyl_Pyruvate,11
25.5,G10_Methyl_Pyruvate,12
25.75,G10_Methyl_Pyruvate,13
26.0,G10_Methyl_Pyruvate,11
26.25,G10_Methyl_Pyruvate,12
26.5,G10_Methyl_Pyruvate,11
26.75,G10_Methyl_Pyruvate,11
27.0,G10_Methyl_Pyruvate,14
27.25,G10_Methyl_Pyruvate,11
27.5,G10_Methyl_Pyruvate,11
27.75,G10_Methyl_Pyruvate,12
28.0,G10_Methyl_Pyruvate,13
28.25,G10_Methyl_Pyruvate,14
28.5,G10_Methyl_Pyruvate,11
28.75,G10_Methyl_Pyruvate,11
29.0,G10_Methyl_Pyruvate,12
29.25,G10_Methyl_Pyruvate,11
29.5,G10_Methyl_Pyruvate,14
29.75,G10_Methyl_Pyruvate,14
30.0,G10_Methyl_Pyruvate,12
30.25,G10_Methyl_Pyruvate,11
30.5,G10_Methyl_Pyruvate,11
30.75,G10_Methyl_Pyruvate,14
31.0,G10_Methyl_Pyruvate,11
31.25,G10_Methyl_Pyruvate,12
31.5,G10_Methyl_Pyruvate,15
31.75,G10_Methyl_Pyruvate,11
32.0,G10_Methyl_Pyruvate,12
32.25,G10_Methyl_Pyruvate,11
32.5,G10_Methyl_Pyruvate,11
32.75,G10_Methyl_Pyruvate,13
33.0,G10_Methyl_Pyruvate,12
33.25,G10_Methyl_Pyruvate,11
33.5,G10_Methyl_Pyruvate,12
33.75,G10_Methyl_Pyruvate,11
34.0,G10_Methyl_Pyruvate,12
34.25,G10_Methyl_Pyruvate,11
34.5,G10_Methyl_Pyruvate,15
34.75,G10_Methyl_Pyruvate,11
35.0,G10_Methyl_Pyruvate,11
35.25,G10_Methyl_Pyruvate,13
35.5,G10_Methyl_Pyruvate,13
35.75,G10_Methyl_Pyruvate,13
36.0,G10_Methyl_Pyruvate,14
36.25,G10_Methyl_Pyruvate,16
36.5,G10_Methyl_Pyruvate,15
36.75,G10_Methyl_Pyruvate,13
37.0,G10_Methyl_Pyruvate,14
37.25,G10_Methyl_Pyruvate,13
37.5,G10_Methyl_Pyruvate,13
37.75,G10_Methyl_Pyruvate,16
38.0,G10_Methyl_Pyruvate,11
38.25,G10_Methyl_Pyruvate,14
38.5,G10_Methyl_Pyruvate,13
38.75,G10_Methyl_Pyruvate,15
39.0,G10_Methyl_Pyruvate,11
39.25,G10_Methyl_Pyruvate,15
39.5,G10_Methyl_Pyruvate,15
39.75,G10_Methyl_Pyruvate,14
40.0,G10_Methyl_Pyruvate,20
40.25,G10_Methyl_Pyruvate,15
40.5,G10_Methyl_Pyruvate,16
40.75,G10_Methyl_Pyruvate,11
41.0,G10_Methyl_Pyruvate,19
41.25,G10_Methyl_Pyruvate,20
41.5,G10_Methyl_Pyruvate,15
41.75,G10_Methyl_Pyruvate,22
42.0,G10_Methyl_Pyruvate,17
42.25,G10_Methyl_Pyruvate,19
42.5,G10_Methyl_Pyruvate,18
42.75,G10_Methyl_Pyruvate,20
43.0,G10_Methyl_Pyruvate,18
43.25,G10_Methyl_Pyruvate,16
43.5,G10_Methyl_Pyruvate,21
43.75,G10_Methyl_Pyruvate,18
44.0,G10_Methyl_Pyruvate,20
44.25,G10_Methyl_Pyruvate,17
44.5,G10_Methyl_Pyruvate,21
44.75,G10_Methyl_Pyruvate,20
45.0,G10_Methyl_Pyruvate,19
45.25,G10_Methyl_Pyruvate,20
45.5,G10_Methyl_Pyruvate,22
45.75,G10_Methyl_Pyruvate,18
46.0,G10_Methyl_Pyruvate,19
46.25,G10_Methyl_Pyruvate,18
46.5,G10_Methyl_Pyruvate,25
46.75,G10_Methyl_Pyruvate,20
47.0,G10_Methyl_Pyruvate,20
47.25,G10_Methyl_Pyruvate,19
47.5,G10_Methyl_Pyruvate,23
47.75,G10_Methyl_Pyruvate,17
48.0,G10_Methyl_Pyruvate,26
48.25,G10_Methyl_Pyruvate,22
0.0,G11_D-Malic_Acid,12
0.25,G11_D-Malic_Acid,13
0.5,G11_D-Malic_Acid,16
0.75,G11_D-Malic_Acid,13
1.0,G11_D-Malic_Acid,11
1.25,G11_D-Malic_Acid,17
1.5,G11_D-Malic_Acid,15
1.75,G11_D-Malic_Acid,13
2.0,G11_D-Malic_Acid,17
2.25,G11_D-Malic_Acid,14
2.5,G11_D-Malic_Acid,11
2.75,G11_D-Malic_Acid,15
3.0,G11_D-Malic_Acid,11
3.25,G11_D-Malic_Acid,12
3.5,G11_D-Malic_Acid,14
3.75,G11_D-Malic_Acid,13
4.0,G11_D-Malic_Acid,13
4.25,G11_D-Malic_Acid,11
4.5,G11_D-Malic_Acid,16
4.75,G11_D-Malic_Acid,13
5.0,G11_D-Malic_Acid,16
5.25,G11_D-Malic_Acid,17
5.5,G11_D-Malic_Acid,16
5.75,G11_D-Malic_Acid,17
6.0,G11_D-Malic_Acid,13
6.25,G11_D-Malic_Acid,15
6.5,G11_D-Malic_Acid,13
6.75,G11_D-Malic_Acid,15
7.0,G11_D-Malic_Acid,15
7.25,G11_D-Malic_Acid,11
7.5,G11_D-Malic_Acid,17
7.75,G11_D-Malic_Acid,16
8.0,G11_D-Malic_Acid,17
8.25,G11_D-Malic_Acid,11
8.5,G11_D-Malic_Acid,13
8.75,G11_D-Malic_Acid,17
9.0,G11_D-Malic_Acid,11
9.25,G11_D-Malic_Acid,11
9.5,G11_D-Malic_Acid,13
9.75,G11_D-Malic_Acid,11
10.0,G11_D-Malic_Acid,16
10.25,G11_D-Malic_Acid,13
10.5,G11_D-Malic_Acid,14
10.75,G11_D-Malic_Acid,15
11.0,G11_D-Malic_Acid,11
11.25,G11_D-Malic_Acid,14
11.5,G11_D-Malic_Acid,13
11.75,G11_D-Malic_Acid,14
12.0,G11_D-Malic_Acid,16
12.25,G11_D-Malic_Acid,16
12.5,G11_D-Malic_Acid,16
12.75,G11_D-Malic_Acid,12
13.0,G11_D-Malic_Acid,18
13.25,G11_D-Malic_Acid,15
13.5,G11_D-Malic_Acid,19
13.75,G11_D-Malic_Acid,18
14.0,G11_D-Malic_Acid,15
14.25,G11_D-Malic_Acid,12
14.5,G11_D-Malic_Acid,15
14.75,G11_D-Malic_Acid,16
15.0,G11_D-Malic_Acid,12
15.25,G11_D-Malic_Acid,13
15.5,G11_D-Malic_Acid,16
15.75,G11_D-Malic_Acid,17
16.0,G11_D-Malic_Acid,11
16.25,G11_D-Malic_Acid,14
16.5,G11_D-Malic_Acid,11
16.75,G11_D-Malic_Acid,18
17.0,G11_D-Malic_Acid,19
17.25,G11_D-Malic_Acid,18
17.5,G11_D-Malic_Acid,16
17.75,G11_D-Malic_Acid,15
18.0,G11_D-Malic_Acid,14
18.25,G11_D-Malic_Acid,15
18.5,G11_D-Malic_Acid,16
18.75,G11_D-Malic_Acid,13
19.0,G11_D-Malic_Acid,15
19.25,G11_D-Malic_Acid,17
19.5,G11_D-Malic_Acid,15
19.75,G11_D-Malic_Acid,14
20.0,G11_D-Malic_Acid,22
20.25,G11_D-Malic_Acid,15
20.5,G11_D-Malic_Acid,18
20.75,G11_D-Malic_Acid,17
21.0,G11_D-Malic_Acid,15
21.25,G11_D-Malic_Acid,18
21.5,G11_D-Malic_Acid,17
21.75,G11_D-Malic_Acid,11
22.0,G11_D-Malic_Acid,16
22.25,G11_D-Malic_Acid,19
22.5,G11_D-Malic_Acid,20
22.75,G11_D-Malic_Acid,18
23.0,G11_D-Malic_Acid,17
23.25,G11_D-Malic_Acid,17
23.5,G11_D-Malic_Acid,20
23.75,G11_D-Malic_Acid,17
24.0,G11_D-Malic_Acid,16
24.25,G11_D-Malic_Acid,18
24.5,G11_D-Malic_Acid,18
24.75,G11_D-Malic_Acid,18
25.0,G11_D-Malic_Acid,16
25.25,G11_D-Malic_Acid,17
25.5,G11_D-Malic_Acid,16
25.75,G11_D-Malic_Acid,18
26.0,G11_D-Malic_Acid,16
26.25,G11_D-Malic_Acid,22
26.5,G11_D-Malic_Acid,18
26.75,G11_D-Malic_Acid,15
27.0,G11_D-Malic_Acid,14
27.25,G11_D-Malic_Acid,15
27.5,G11_D-Malic_Acid,17
27.75,G11_D-Malic_Acid,17
28.0,G11_D-Malic_Acid,17
28.25,G11_D-Malic_Acid,21
28.5,G11_D-Malic_Acid,18
28.75,G11_D-Malic_Acid,20
29.0,G11_D-Malic_Acid,22
29.25,G11_D-Malic_Acid,20
29.5,G11_D-Malic_Acid,14
29.75,G11_D-Malic_Acid,16
30.0,G11_D-Malic_Acid,20
30.25,G11_D-Malic_Acid,17
30.5,G11_D-Malic_Acid,19
30.75,G11_D-Malic_Acid,18
31.0,G11_D-Malic_Acid,20
31.25,G11_D-Malic_Acid,24
31.5,G11_D-Malic_Acid,18
31.75,G11_D-Malic_Acid,23
32.0,G11_D-Malic_Acid,21
32.25,G11_D-Malic_Acid,21
32.5,G11_D-Malic_Acid,17
32.75,G11_D-Malic_Acid,21
33.0,G11_D-Malic_Acid,17
33.25,G11_D-Malic_Acid,18
33.5,G11_D-Malic_Acid,19
33.75,G11_D-Malic_Acid,24
34.0,G11_D-Malic_Acid,18
34.25,G11_D-Malic_Acid,20
34.5,G11_D-Malic_Acid,22
34.75,G11_D-Malic_Acid,19
35.0,G11_D-Malic_Acid,18
35.25,G11_D-Malic_Acid,20
35.5,G11_D-Malic_Acid,17
35.75,G11_D-Malic_Acid,19
36.0,G11_D-Malic_Acid,24
36.25,G11_D-Malic_Acid,20
36.5,G11_D-Malic_Acid,22
36.75,G11_D-Malic_Acid,19
37.0,G11_D-Malic_Acid,21
37.25,G11_D-Malic_Acid,21
37.5,G11_D-Malic_Acid,19
37.75,G11_D-Malic_Acid,23
38.0,G11_D-Malic_Acid,18
38.25,G11_D-Malic_Acid,21
38.5,G11_D-Malic_Acid,18
38.75,G11_D-Malic_Acid,21
39.0,G11_D-Malic_Acid,18
39.25,G11_D-Malic_Acid,19
39.5,G11_D-Malic_Acid,21
39.75,G11_D-Malic_Acid,21
40.0,G11_D-Malic_Acid,19
40.25,G11_D-Malic_Acid,17
40.5,G11_D-Malic_Acid,17
40.75,G11_D-Malic_Acid,18
41.0,G11_D-Malic_Acid,22
41.25,G11_D-Malic_Acid,16
41.5,G11_D-Malic_Acid,20
41.75,G11_D-Malic_Acid,24
42.0,G11_D-Malic_Acid,19
42.25,G11_D-Malic_Acid,20
42.5,G11_D-Malic_Acid,21
42.75,G11_D-Malic_Acid,23
43.0,G11_D-Malic_Acid,25
43.25,G11_D-Malic_Acid,19
43.5,G11_D-Malic_Acid,24
43.75,G11_D-Malic_Acid,21
44.0,G11_D-Malic_Acid,18
44.25,G11_D-Malic_Acid,22
44.5,G11_D-Malic_Acid,19
44.75,G11_D-Malic_Acid,19
45.0,G11_D-Malic_Acid,24
45.25,G11_D-Malic_Acid,20
45.5,G11_D-Malic_Acid,21
45.75,G11_D-Malic_Acid,27
46.0,G11_D-Malic_Acid,21
46.25,G11_D-Malic_Acid,25
46.5,G11_D-Malic_Acid,26
46.75,G11_D-Malic_Acid,21
47.0,G11_D-Malic_Acid,20
47.25,G11_D-Malic_Acid,22
47.5,G11_D-Malic_Acid,27
47.75,G11_D-Malic_Acid,22
48.0,G11_D-Malic_Acid,20
48.25,G11_D-Malic_Acid,28
0.0,G12_L-Malic_Acid,22
0.25,G12_L-Malic_Acid,21
0.5,G12_L-Malic_Acid,21
0.75,G12_L-Malic_Acid,21
1.0,G12_L-Malic_Acid,18
1.25,G12_L-Malic_Acid,21
1.5,G12_L-Malic_Acid,17
1.75,G12_L-Malic_Acid,19
2.0,G12_L-Malic_Acid,18
2.25,G12_L-Malic_Acid,17
2.5,G12_L-Malic_Acid,23
2.75,G12_L-Malic_Acid,23
3.0,G12_L-Malic_Acid,15
3.25,G12_L-Malic_Acid,19
3.5,G12_L-Malic_Acid,20
3.75,G12_L-Malic_Acid,20
4.0,G12_L-Malic_Acid,24
4.25,G12_L-Malic_Acid,20
4.5,G12_L-Malic_Acid,21
4.75,G12_L-Malic_Acid,25
5.0,G12_L-Malic_Acid,20
5.25,G12_L-Malic_Acid,22
5.5,G12_L-Malic_Acid,16
5.75,G12_L-Malic_Acid,22
6.0,G12_L-Malic_Acid,18
6.25,G12_L-Malic_Acid,21
6.5,G12_L-Malic_Acid,21
6.75,G12_L-Malic_Acid,22
7.0,G12_L-Malic_Acid,19
7.25,G12_L-Malic_Acid,22
7.5,G12_L-Malic_Acid,20
7.75,G12_L-Malic_Acid,20
8.0,G12_L-Malic_Acid,21
8.25,G12_L-Malic_Acid,17
8.5,G12_L-Malic_Acid,20
8.75,G12_L-Malic_Acid,24
9.0,G12_L-Malic_Acid,19
9.25,G12_L-Malic_Acid,24
9.5,G12_L-Malic_Acid,24
9.75,G12_L-Malic_Acid,18
10.0,G12_L-Malic_Acid,19
10.25,G12_L-Malic_Acid,18
10.5,G12_L-Malic_Acid,17
10.75,G12_L-Malic_Acid,23
11.0,G12_L-Malic_Acid,18
11.25,G12_L-Malic_Acid,18
11.5,G12_L-Malic_Acid,23
11.75,G12_L-Malic_Acid,21
12.0,G12_L-Malic_Acid,22
12.25,G12_L-Malic_Acid,22
12.5,G12_L-Malic_Acid,21
12.75,G12_L-Malic_Acid,23
13.0,G12_L-Malic_Acid,17
13.25,G12_L-Malic_Acid,24
13.5,G12_L-Malic_Acid,20
13.75,G12_L-Malic_Acid,25
14.0,G12_L-Malic_Acid,22
14.25,G12_L-Malic_Acid,25
14.5,G12_L-Malic_Acid,25
14.75,G12_L-Malic_Acid,24
15.0,G12_L-Malic_Acid,19
15.25,G12_L-Malic_Acid,22
15.5,G12_L-Malic_Acid,23
15.75,G12_L-Malic_Acid,19
16.0,G12_L-Malic_Acid,25
16.25,G12_L-Malic_Acid,22
16.5,G12_L-Malic_Acid,19
16.75,G12_L-Malic_Acid,17
17.0,G12_L-Malic_Acid,24
17.25,G12_L-Malic_Acid,26
17.5,G12_L-Malic_Acid,24
17.75,G12_L-Malic_Acid,24
18.0,G12_L-Malic_Acid,21
18.25,G12_L-Malic_Acid,23
18.5,G12_L-Malic_Acid,26
18.75,G12_L-Malic_Acid,23
19.0,G12_L-Malic_Acid,25
19.25,G12_L-Malic_Acid,30
19.5,G12_L-Malic_Acid,26
19.75,G12_L-Malic_Acid,29
20.0,G12_L-Malic_Acid,26
20.25,G12_L-Malic_Acid,29
20.5,G12_L-Malic_Acid,25
20.75,G12_L-Malic_Acid,31
21.0,G12_L-Malic_Acid,25
21.25,G12_L-Malic_Acid,25
21.5,G12_L-Malic_Acid,27
21.75,G12_L-Malic_Acid,30
22.0,G12_L-Malic_Acid,30
22.25,G12_L-Malic_Acid,31
22.5,G12_L-Malic_Acid,32
22.75,G12_L-Malic_Acid,30
23.0,G12_L-Malic_Acid,30
23.25,G12_L-Malic_Acid,32
23.5,G12_L-Malic_Acid,32
23.75,G12_L-Malic_Acid,33
24.0,G12_L-Malic_Acid,32
24.25,G12_L-Malic_Acid,34
24.5,G12_L-Malic_Acid,32
24.75,G12_L-Malic_Acid,34
25.0,G12_L-Malic_Acid,34
25.25,G12_L-Malic_Acid,35
25.5,G12_L-Malic_Acid,37
25.75,G12_L-Malic_Acid,33
26.0,G12_L-Malic_Acid,34
26.25,G12_L-Malic_Acid,35
26.5,G12_L-Malic_Acid,36
26.75,G12_L-Malic_Acid,37
27.0,G12_L-Malic_Acid,38
27.25,G12_L-Malic_Acid,31
27.5,G12_L-Malic_Acid,39
27.75,G12_L-Malic_Acid,40
28.0,G12_L-Malic_Acid,38
28.25,G12_L-Malic_Acid,35
28.5,G12_L-Malic_Acid,43
28.75,G12_L-Malic_Acid,42
29.0,G12_L-Malic_Acid,38
29.25,G12_L-Malic_Acid,42
29.5,G12_L-Malic_Acid,39
29.75,G12_L-Malic_Acid,40
30.0,G12_L-Malic_Acid,35
30.25,G12_L-Malic_Acid,41
30.5,G12_L-Malic_Acid,43
30.75,G12_L-Malic_Acid,43
31.0,G12_L-Malic_Acid,36
31.25,G12_L-Malic_Acid,39
31.5,G12_L-Malic_Acid,41
31.75,G12_L-Malic_Acid,42
32.0,G12_L-Malic_Acid,42
32.25,G12_L-Malic_Acid,42
32.5,G12_L-Malic_Acid,46
32.75,G12_L-Malic_Acid,43
33.0,G12_L-Malic_Acid,40
33.25,G12_L-Malic_Acid,42
33.5,G12_L-Malic_Acid,38
33.75,G12_L-Malic_Acid,41
34.0,G12_L-Malic_Acid,40
34.25,G12_L-Malic_Acid,44
34.5,G12_L-Malic_Acid,47
34.75,G12_L-Malic_Acid,44
35.0,G12_L-Malic_Acid,38
35.25,G12_L-Malic_Acid,40
35.5,G12_L-Malic_Acid,39
35.75,G12_L-Malic_Acid,43
36.0,G12_L-Malic_Acid,39
36.25,G12_L-Malic_Acid,46
36.5,G12_L-Malic_Acid,38
36.75,G12_L-Malic_Acid,44
37.0,G12_L-Malic_Acid,50
37.25,G12_L-Malic_Acid,45
37.5,G12_L-Malic_Acid,43
37.75,G12_L-Malic_Acid,44
38.0,G12_L-Malic_Acid,44
38.25,G12_L-Malic_Acid,46
38.5,G12_L-Malic_Acid,45
38.75,G12_L-Malic_Acid,44
39.0,G12_L-Malic_Acid,41
39.25,G12_L-Malic_Acid,45
39.5,G12_L-Malic_Acid,47
39.75,G12_L-Malic_Acid,42
40.0,G12_L-Malic_Acid,42
40.25,G12_L-Malic_Acid,47
40.5,G12_L-Malic_Acid,51
40.75,G12_L-Malic_Acid,51
41.0,G12_L-Malic_Acid,52
41.25,G12_L-Malic_Acid,42
41.5,G12_L-Malic_Acid,52
41.75,G12_L-Malic_Acid,46
42.0,G12_L-Malic_Acid,48
42.25,G12_L-Malic_Acid,53
42.5,G12_L-Malic_Acid,49
42.75,G12_L-Malic_Acid,47
43.0,G12_L-Malic_Acid,51
43.25,G12_L-Malic_Acid,51
43.5,G12_L-Malic_Acid,52
43.75,G12_L-Malic_Acid,51
44.0,G12_L-Malic_Acid,52
44.25,G12_L-Malic_Acid,51
44.5,G12_L-Malic_Acid,47
44.75,G12_L-Malic_Acid,50
45.0,G12_L-Malic_Acid,52
45.25,G12_L-Malic_Acid,55
45.5,G12_L-Malic_Acid,51
45.75,G12_L-Malic_Acid,55
46.0,G12_L-Malic_Acid,54
46.25,G12_L-Malic_Acid,51
46.5,G12_L-Malic_Acid,56
46.75,G12_L-Malic_Acid,55
47.0,G12_L-Malic_Acid,54
47.25,G12_L-Malic_Acid,59
47.5,G12_L-Malic_Acid,53
47.75,G12_L-Malic_Acid,57
48.0,G12_L-Malic_Acid,52
48.25,G12_L-Malic_Acid,59
0.0,H1_Glycyl-L-Proline,20
0.25,H1_Glycyl-L-Proline,22
0.5,H1_Glycyl-L-Proline,25
0.75,H1_Glycyl-L-Proline,20
1.0,H1_Glycyl-L-Proline,17
1.25,H1_Glycyl-L-Proline,23
1.5,H1_Glycyl-L-Proline,16
1.75,H1_Glycyl-L-Proline,19
2.0,H1_Glycyl-L-Proline,15
2.25,H1_Glycyl-L-Proline,15
2.5,H1_Glycyl-L-Proline,19
2.75,H1_Glycyl-L-Proline,21
3.0,H1_Glycyl-L-Proline,21
3.25,H1_Glycyl-L-Proline,17
3.5,H1_Glycyl-L-Proline,17
3.75,H1_Glycyl-L-Proline,18
4.0,H1_Glycyl-L-Proline,19
4.25,H1_Glycyl-L-Proline,20
4.5,H1_Glycyl-L-Proline,22
4.75,H1_Glycyl-L-Proline,22
5.0,H1_Glycyl-L-Proline,20
5.25,H1_Glycyl-L-Proline,19
5.5,H1_Glycyl-L-Proline,18
5.75,H1_Glycyl-L-Proline,22
6.0,H1_Glycyl-L-Proline,17
6.25,H1_Glycyl-L-Proline,21
6.5,H1_Glycyl-L-Proline,18
6.75,H1_Glycyl-L-Proline,16
7.0,H1_Glycyl-L-Proline,18
7.25,H1_Glycyl-L-Proline,21
7.5,H1_Glycyl-L-Proline,15
7.75,H1_Glycyl-L-Proline,16
8.0,H1_Glycyl-L-Proline,19
8.25,H1_Glycyl-L-Proline,19
8.5,H1_Glycyl-L-Proline,18
8.75,H1_Glycyl-L-Proline,20
9.0,H1_Glycyl-L-Proline,15
9.25,H1_Glycyl-L-Proline,20
9.5,H1_Glycyl-L-Proline,21
9.75,H1_Glycyl-L-Proline,18
10.0,H1_Glycyl-L-Proline,20
10.25,H1_Glycyl-L-Proline,16
10.5,H1_Glycyl-L-Proline,19
10.75,H1_Glycyl-L-Proline,15
11.0,H1_Glycyl-L-Proline,21
11.25,H1_Glycyl-L-Proline,17
11.5,H1_Glycyl-L-Proline,17
11.75,H1_Glycyl-L-Proline,20
12.0,H1_Glycyl-L-Proline,20
12.25,H1_Glycyl-L-Proline,16
12.5,H1_Glycyl-L-Proline,18
12.75,H1_Glycyl-L-Proline,22
13.0,H1_Glycyl-L-Proline,20
13.25,H1_Glycyl-L-Proline,19
13.5,H1_Glycyl-L-Proline,20
13.75,H1_Glycyl-L-Proline,20
14.0,H1_Glycyl-L-Proline,21
14.25,H1_Glycyl-L-Proline,24
14.5,H1_Glycyl-L-Proline,16
14.75,H1_Glycyl-L-Proline,22
15.0,H1_Glycyl-L-Proline,20
15.25,H1_Glycyl-L-Proline,21
15.5,H1_Glycyl-L-Proline,18
15.75,H1_Glycyl-L-Proline,20
16.0,H1_Glycyl-L-Proline,20
16.25,H1_Glycyl-L-Proline,18
16.5,H1_Glycyl-L-Proline,23
16.75,H1_Glycyl-L-Proline,20
17.0,H1_Glycyl-L-Proline,19
17.25,H1_Glycyl-L-Proline,25
17.5,H1_Glycyl-L-Proline,21
17.75,H1_Glycyl-L-Proline,23
18.0,H1_Glycyl-L-Proline,25
18.25,H1_Glycyl-L-Proline,21
18.5,H1_Glycyl-L-Proline,22
18.75,H1_Glycyl-L-Proline,24
19.0,H1_Glycyl-L-Proline,26
19.25,H1_Glycyl-L-Proline,20
19.5,H1_Glycyl-L-Proline,29
19.75,H1_Glycyl-L-Proline,27
20.0,H1_Glycyl-L-Proline,27
20.25,H1_Glycyl-L-Proline,31
20.5,H1_Glycyl-L-Proline,30
20.75,H1_Glycyl-L-Proline,30
21.0,H1_Glycyl-L-Proline,29
21.25,H1_Glycyl-L-Proline,30
21.5,H1_Glycyl-L-Proline,31
21.75,H1_Glycyl-L-Proline,27
22.0,H1_Glycyl-L-Proline,32
22.25,H1_Glycyl-L-Proline,29
22.5,H1_Glycyl-L-Proline,35
22.75,H1_Glycyl-L-Proline,32
23.0,H1_Glycyl-L-Proline,32
23.25,H1_Glycyl-L-Proline,31
23.5,H1_Glycyl-L-Proline,35
23.75,H1_Glycyl-L-Proline,29
24.0,H1_Glycyl-L-Proline,35
24.25,H1_Glycyl-L-Proline,33
24.5,H1_Glycyl-L-Proline,34
24.75,H1_Glycyl-L-Proline,31
25.0,H1_Glycyl-L-Proline,33
25.25,H1_Glycyl-L-Proline,31
25.5,H1_Glycyl-L-Proline,38
25.75,H1_Glycyl-L-Proline,31
26.0,H1_Glycyl-L-Proline,30
26.25,H1_Glycyl-L-Proline,33
26.5,H1_Glycyl-L-Proline,33
26.75,H1_Glycyl-L-Proline,37
27.0,H1_Glycyl-L-Proline,37
27.25,H1_Glycyl-L-Proline,35
27.5,H1_Glycyl-L-Proline,39
27.75,H1_Glycyl-L-Proline,37
28.0,H1_Glycyl-L-Proline,35
28.25,H1_Glycyl-L-Proline,42
28.5,H1_Glycyl-L-Proline,36
28.75,H1_Glycyl-L-Proline,37
29.0,H1_Glycyl-L-Proline,36
29.25,H1_Glycyl-L-Proline,38
29.5,H1_Glycyl-L-Proline,37
29.75,H1_Glycyl-L-Proline,39
30.0,H1_Glycyl-L-Proline,40
30.25,H1_Glycyl-L-Proline,40
30.5,H1_Glycyl-L-Proline,40
30.75,H1_Glycyl-L-Proline,42
31.0,H1_Glycyl-L-Proline,40
31.25,H1_Glycyl-L-Proline,38
31.5,H1_Glycyl-L-Proline,40
31.75,H1_Glycyl-L-Proline,45
32.0,H1_Glycyl-L-Proline,41
32.25,H1_Glycyl-L-Proline,41
32.5,H1_Glycyl-L-Proline,39
32.75,H1_Glycyl-L-Proline,39
33.0,H1_Glycyl-L-Proline,43
33.25,H1_Glycyl-L-Proline,42
33.5,H1_Glycyl-L-Proline,41
33.75,H1_Glycyl-L-Proline,42
34.0,H1_Glycyl-L-Proline,43
34.25,H1_Glycyl-L-Proline,45
34.5,H1_Glycyl-L-Proline,43
34.75,H1_Glycyl-L-Proline,42
35.0,H1_Glycyl-L-Proline,42
35.25,H1_Glycyl-L-Proline,45
35.5,H1_Glycyl-L-Proline,47
35.75,H1_Glycyl-L-Proline,45
36.0,H1_Glycyl-L-Proline,46
36.25,H1_Glycyl-L-Proline,45
36.5,H1_Glycyl-L-Proline,43
36.75,H1_Glycyl-L-Proline,47
37.0,H1_Glycyl-L-Proline,49
37.25,H1_Glycyl-L-Proline,45
37.5,H1_Glycyl-L-Proline,48
37.75,H1_Glycyl-L-Proline,44
38.0,H1_Glycyl-L-Proline,49
38.25,H1_Glycyl-L-Proline,49
38.5,H1_Glycyl-L-Proline,44
38.75,H1_Glycyl-L-Proline,49
39.0,H1_Glycyl-L-Proline,51
39.25,H1_Glycyl-L-Proline,52
39.5,H1_Glycyl-L-Proline,48
39.75,H1_Glycyl-L-Proline,46
40.0,H1_Glycyl-L-Proline,53
40.25,H1_Glycyl-L-Proline,48
40.5,H1_Glycyl-L-Proline,54
40.75,H1_Glycyl-L-Proline,50
41.0,H1_Glycyl-L-Proline,57
41.25,H1_Glycyl-L-Proline,52
41.5,H1_Glycyl-L-Proline,55
41.75,H1_Glycyl-L-Proline,54
42.0,H1_Glycyl-L-Proline,57
42.25,H1_Glycyl-L-Proline,57
42.5,H1_Glycyl-L-Proline,59
42.75,H1_Glycyl-L-Proline,54
43.0,H1_Glycyl-L-Proline,54
43.25,H1_Glycyl-L-Proline,55
43.5,H1_Glycyl-L-Proline,59
43.75,H1_Glycyl-L-Proline,60
44.0,H1_Glycyl-L-Proline,58
44.25,H1_Glycyl-L-Proline,56
44.5,H1_Glycyl-L-Proline,60
44.75,H1_Glycyl-L-Proline,58
45.0,H1_Glycyl-L-Proline,59
45.25,H1_Glycyl-L-Proline,60
45.5,H1_Glycyl-L-Proline,58
45.75,H1_Glycyl-L-Proline,61
46.0,H1_Glycyl-L-Proline,62
46.25,H1_Glycyl-L-Proline,63
46.5,H1_Glycyl-L-Proline,60
46.75,H1_Glycyl-L-Proline,59
47.0,H1_Glycyl-L-Proline,63
47.25,H1_Glycyl-L-Proline,59
47.5,H1_Glycyl-L-Proline,62
47.75,H1_Glycyl-L-Proline,61
48.0,H1_Glycyl-L-Proline,65
48.25,H1_Glycyl-L-Proline,67
0.0,H2_p-Hydroxy_Phenyl_AceticAcid,23
0.25,H2_p-Hydroxy_Phenyl_AceticAcid,17
0.5,H2_p-Hydroxy_Phenyl_AceticAcid,24
0.75,H2_p-Hydroxy_Phenyl_AceticAcid,24
1.0,H2_p-Hydroxy_Phenyl_AceticAcid,22
1.25,H2_p-Hydroxy_Phenyl_AceticAcid,21
1.5,H2_p-Hydroxy_Phenyl_AceticAcid,20
1.75,H2_p-Hydroxy_Phenyl_AceticAcid,20
2.0,H2_p-Hydroxy_Phenyl_AceticAcid,22
2.25,H2_p-Hydroxy_Phenyl_AceticAcid,17
2.5,H2_p-Hydroxy_Phenyl_AceticAcid,20
2.75,H2_p-Hydroxy_Phenyl_AceticAcid,20
3.0,H2_p-Hydroxy_Phenyl_AceticAcid,21
3.25,H2_p-Hydroxy_Phenyl_AceticAcid,19
3.5,H2_p-Hydroxy_Phenyl_AceticAcid,23
3.75,H2_p-Hydroxy_Phenyl_AceticAcid,21
4.0,H2_p-Hydroxy_Phenyl_AceticAcid,21
4.25,H2_p-Hydroxy_Phenyl_AceticAcid,20
4.5,H2_p-Hydroxy_Phenyl_AceticAcid,18
4.75,H2_p-Hydroxy_Phenyl_AceticAcid,19
5.0,H2_p-Hydroxy_Phenyl_AceticAcid,20
5.25,H2_p-Hydroxy_Phenyl_AceticAcid,21
5.5,H2_p-Hydroxy_Phenyl_AceticAcid,15
5.75,H2_p-Hydroxy_Phenyl_AceticAcid,20
6.0,H2_p-Hydroxy_Phenyl_AceticAcid,19
6.25,H2_p-Hydroxy_Phenyl_AceticAcid,19
6.5,H2_p-Hydroxy_Phenyl_AceticAcid,20
6.75,H2_p-Hydroxy_Phenyl_AceticAcid,17
7.0,H2_p-Hydroxy_Phenyl_AceticAcid,20
7.25,H2_p-Hydroxy_Phenyl_AceticAcid,22
7.5,H2_p-Hydroxy_Phenyl_AceticAcid,19
7.75,H2_p-Hydroxy_Phenyl_AceticAcid,18
8.0,H2_p-Hydroxy_Phenyl_AceticAcid,21
8.25,H2_p-Hydroxy_Phenyl_AceticAcid,19
8.5,H2_p-Hydroxy_Phenyl_AceticAcid,18
8.75,H2_p-Hydroxy_Phenyl_AceticAcid,22
9.0,H2_p-Hydroxy_Phenyl_AceticAcid,19
9.25,H2_p-Hydroxy_Phenyl_AceticAcid,22
9.5,H2_p-Hydroxy_Phenyl_AceticAcid,17
9.75,H2_p-Hydroxy_Phenyl_AceticAcid,19
10.0,H2_p-Hydroxy_Phenyl_AceticAcid,17
10.25,H2_p-Hydroxy_Phenyl_AceticAcid,21
10.5,H2_p-Hydroxy_Phenyl_AceticAcid,15
10.75,H2_p-Hydroxy_Phenyl_AceticAcid,20
11.0,H2_p-Hydroxy_Phenyl_AceticAcid,17
11.25,H2_p-Hydroxy_Phenyl_AceticAcid,21
11.5,H2_p-Hydroxy_Phenyl_AceticAcid,21
11.75,H2_p-Hydroxy_Phenyl_AceticAcid,20
12.0,H2_p-Hydroxy_Phenyl_AceticAcid,23
12.25,H2_p-Hydroxy_Phenyl_AceticAcid,20
12.5,H2_p-Hydroxy_Phenyl_AceticAcid,23
12.75,H2_p-Hydroxy_Phenyl_AceticAcid,21
13.0,H2_p-Hydroxy_Phenyl_AceticAcid,22
13.25,H2_p-Hydroxy_Phenyl_AceticAcid,21
13.5,H2_p-Hydroxy_Phenyl_AceticAcid,22
13.75,H2_p-Hydroxy_Phenyl_AceticAcid,22
14.0,H2_p-Hydroxy_Phenyl_AceticAcid,18
14.25,H2_p-Hydroxy_Phenyl_AceticAcid,18
14.5,H2_p-Hydroxy_Phenyl_AceticAcid,20
14.75,H2_p-Hydroxy_Phenyl_AceticAcid,23
15.0,H2_p-Hydroxy_Phenyl_AceticAcid,20
15.25,H2_p-Hydroxy_Phenyl_AceticAcid,21
15.5,H2_p-Hydroxy_Phenyl_AceticAcid,17
15.75,H2_p-Hydroxy_Phenyl_AceticAcid,22
16.0,H2_p-Hydroxy_Phenyl_AceticAcid,17
16.25,H2_p-Hydroxy_Phenyl_AceticAcid,20
16.5,H2_p-Hydroxy_Phenyl_AceticAcid,23
16.75,H2_p-Hydroxy_Phenyl_AceticAcid,19
17.0,H2_p-Hydroxy_Phenyl_AceticAcid,23
17.25,H2_p-Hydroxy_Phenyl_AceticAcid,18
17.5,H2_p-Hydroxy_Phenyl_AceticAcid,18
17.75,H2_p-Hydroxy_Phenyl_AceticAcid,24
18.0,H2_p-Hydroxy_Phenyl_AceticAcid,19
18.25,H2_p-Hydroxy_Phenyl_AceticAcid,19
18.5,H2_p-Hydroxy_Phenyl_AceticAcid,21
18.75,H2_p-Hydroxy_Phenyl_AceticAcid,18
19.0,H2_p-Hydroxy_Phenyl_AceticAcid,21
19.25,H2_p-Hydroxy_Phenyl_AceticAcid,21
19.5,H2_p-Hydroxy_Phenyl_AceticAcid,20
19.75,H2_p-Hydroxy_Phenyl_AceticAcid,21
20.0,H2_p-Hydroxy_Phenyl_AceticAcid,19
20.25,H2_p-Hydroxy_Phenyl_AceticAcid,21
20.5,H2_p-Hydroxy_Phenyl_AceticAcid,16
20.75,H2_p-Hydroxy_Phenyl_AceticAcid,21
21.0,H2_p-Hydroxy_Phenyl_AceticAcid,20
21.25,H2_p-Hydroxy_Phenyl_AceticAcid,21
21.5,H2_p-Hydroxy_Phenyl_AceticAcid,20
21.75,H2_p-Hydroxy_Phenyl_AceticAcid,23
22.0,H2_p-Hydroxy_Phenyl_AceticAcid,21
22.25,H2_p-Hydroxy_Phenyl_AceticAcid,24
22.5,H2_p-Hydroxy_Phenyl_AceticAcid,21
22.75,H2_p-Hydroxy_Phenyl_AceticAcid,19
23.0,H2_p-Hydroxy_Phenyl_AceticAcid,23
23.25,H2_p-Hydroxy_Phenyl_AceticAcid,21
23.5,H2_p-Hydroxy_Phenyl_AceticAcid,25
23.75,H2_p-Hydroxy_Phenyl_AceticAcid,24
24.0,H2_p-Hydroxy_Phenyl_AceticAcid,20
24.25,H2_p-Hydroxy_Phenyl_AceticAcid,24
24.5,H2_p-Hydroxy_Phenyl_AceticAcid,20
24.75,H2_p-Hydroxy_Phenyl_AceticAcid,20
25.0,H2_p-Hydroxy_Phenyl_AceticAcid,23
25.25,H2_p-Hydroxy_Phenyl_AceticAcid,22
25.5,H2_p-Hydroxy_Phenyl_AceticAcid,22
25.75,H2_p-Hydroxy_Phenyl_AceticAcid,22
26.0,H2_p-Hydroxy_Phenyl_AceticAcid,23
26.25,H2_p-Hydroxy_Phenyl_AceticAcid,18
26.5,H2_p-Hydroxy_Phenyl_AceticAcid,20
26.75,H2_p-Hydroxy_Phenyl_AceticAcid,21
27.0,H2_p-Hydroxy_Phenyl_AceticAcid,22
27.25,H2_p-Hydroxy_Phenyl_AceticAcid,18
27.5,H2_p-Hydroxy_Phenyl_AceticAcid,21
27.75,H2_p-Hydroxy_Phenyl_AceticAcid,20
28.0,H2_p-Hydroxy_Phenyl_AceticAcid,19
28.25,H2_p-Hydroxy_Phenyl_AceticAcid,21
28.5,H2_p-Hydroxy_Phenyl_AceticAcid,24
28.75,H2_p-Hydroxy_Phenyl_AceticAcid,24
29.0,H2_p-Hydroxy_Phenyl_AceticAcid,18
29.25,H2_p-Hydroxy_Phenyl_AceticAcid,21
29.5,H2_p-Hydroxy_Phenyl_AceticAcid,23
29.75,H2_p-Hydroxy_Phenyl_AceticAcid,25
30.0,H2_p-Hydroxy_Phenyl_AceticAcid,22
30.25,H2_p-Hydroxy_Phenyl_AceticAcid,23
30.5,H2_p-Hydroxy_Phenyl_AceticAcid,25
30.75,H2_p-Hydroxy_Phenyl_AceticAcid,26
31.0,H2_p-Hydroxy_Phenyl_AceticAcid,25
31.25,H2_p-Hydroxy_Phenyl_AceticAcid,23
31.5,H2_p-Hydroxy_Phenyl_AceticAcid,22
31.75,H2_p-Hydroxy_Phenyl_AceticAcid,25
32.0,H2_p-Hydroxy_Phenyl_AceticAcid,24
32.25,H2_p-Hydroxy_Phenyl_AceticAcid,23
32.5,H2_p-Hydroxy_Phenyl_AceticAcid,23
32.75,H2_p-Hydroxy_Phenyl_AceticAcid,22
33.0,H2_p-Hydroxy_Phenyl_AceticAcid,22
33.25,H2_p-Hydroxy_Phenyl_AceticAcid,20
33.5,H2_p-Hydroxy_Phenyl_AceticAcid,24
33.75,H2_p-Hydroxy_Phenyl_AceticAcid,23
34.0,H2_p-Hydroxy_Phenyl_AceticAcid,18
34.25,H2_p-Hydroxy_Phenyl_AceticAcid,23
34.5,H2_p-Hydroxy_Phenyl_AceticAcid,23
34.75,H2_p-Hydroxy_Phenyl_AceticAcid,23
35.0,H2_p-Hydroxy_Phenyl_AceticAcid,22
35.25,H2_p-Hydroxy_Phenyl_AceticAcid,25
35.5,H2_p-Hydroxy_Phenyl_AceticAcid,27
35.75,H2_p-Hydroxy_Phenyl_AceticAcid,25
36.0,H2_p-Hydroxy_Phenyl_AceticAcid,24
36.25,H2_p-Hydroxy_Phenyl_AceticAcid,24
36.5,H2_p-Hydroxy_Phenyl_AceticAcid,16
36.75,H2_p-Hydroxy_Phenyl_AceticAcid,22
37.0,H2_p-Hydroxy_Phenyl_AceticAcid,17
37.25,H2_p-Hydroxy_Phenyl_AceticAcid,23
37.5,H2_p-Hydroxy_Phenyl_AceticAcid,24
37.75,H2_p-Hydroxy_Phenyl_AceticAcid,23
38.0,H2_p-Hydroxy_Phenyl_AceticAcid,27
38.25,H2_p-Hydroxy_Phenyl_AceticAcid,24
38.5,H2_p-Hydroxy_Phenyl_AceticAcid,23
38.75,H2_p-Hydroxy_Phenyl_AceticAcid,23
39.0,H2_p-Hydroxy_Phenyl_AceticAcid,22
39.25,H2_p-Hydroxy_Phenyl_AceticAcid,20
39.5,H2_p-Hydroxy_Phenyl_AceticAcid,23
39.75,H2_p-Hydroxy_Phenyl_AceticAcid,21
40.0,H2_p-Hydroxy_Phenyl_AceticAcid,22
40.25,H2_p-Hydroxy_Phenyl_AceticAcid,22
40.5,H2_p-Hydroxy_Phenyl_AceticAcid,24
40.75,H2_p-Hydroxy_Phenyl_AceticAcid,22
41.0,H2_p-Hydroxy_Phenyl_AceticAcid,24
41.25,H2_p-Hydroxy_Phenyl_AceticAcid,15
41.5,H2_p-Hydroxy_Phenyl_AceticAcid,23
41.75,H2_p-Hydroxy_Phenyl_AceticAcid,23
42.0,H2_p-Hydroxy_Phenyl_AceticAcid,23
42.25,H2_p-Hydroxy_Phenyl_AceticAcid,21
42.5,H2_p-Hydroxy_Phenyl_AceticAcid,28
42.75,H2_p-Hydroxy_Phenyl_AceticAcid,26
43.0,H2_p-Hydroxy_Phenyl_AceticAcid,25
43.25,H2_p-Hydroxy_Phenyl_AceticAcid,25
43.5,H2_p-Hydroxy_Phenyl_AceticAcid,25
43.75,H2_p-Hydroxy_Phenyl_AceticAcid,28
44.0,H2_p-Hydroxy_Phenyl_AceticAcid,24
44.25,H2_p-Hydroxy_Phenyl_AceticAcid,26
44.5,H2_p-Hydroxy_Phenyl_AceticAcid,28
44.75,H2_p-Hydroxy_Phenyl_AceticAcid,26
45.0,H2_p-Hydroxy_Phenyl_AceticAcid,20
45.25,H2_p-Hydroxy_Phenyl_AceticAcid,21
45.5,H2_p-Hydroxy_Phenyl_AceticAcid,27
45.75,H2_p-Hydroxy_Phenyl_AceticAcid,28
46.0,H2_p-Hydroxy_Phenyl_AceticAcid,31
46.25,H2_p-Hydroxy_Phenyl_AceticAcid,26
46.5,H2_p-Hydroxy_Phenyl_AceticAcid,25
46.75,H2_p-Hydroxy_Phenyl_AceticAcid,27
47.0,H2_p-Hydroxy_Phenyl_AceticAcid,24
47.25,H2_p-Hydroxy_Phenyl_AceticAcid,28
47.5,H2_p-Hydroxy_Phenyl_AceticAcid,28
47.75,H2_p-Hydroxy_Phenyl_AceticAcid,25
48.0,H2_p-Hydroxy_Phenyl_AceticAcid,25
48.25,H2_p-Hydroxy_Phenyl_AceticAcid,25
0.0,H3_m-Hydroxy_Phenyl_AceticAcid,21
0.25,H3_m-Hydroxy_Phenyl_AceticAcid,12
0.5,H3_m-Hydroxy_Phenyl_AceticAcid,16
0.75,H3_m-Hydroxy_Phenyl_AceticAcid,16
1.0,H3_m-Hydroxy_Phenyl_AceticAcid,18
1.25,H3_m-Hydroxy_Phenyl_AceticAcid,14
1.5,H3_m-Hydroxy_Phenyl_AceticAcid,18
1.75,H3_m-Hydroxy_Phenyl_AceticAcid,18
2.0,H3_m-Hydroxy_Phenyl_AceticAcid,16
2.25,H3_m-Hydroxy_Phenyl_AceticAcid,12
2.5,H3_m-Hydroxy_Phenyl_AceticAcid,15
2.75,H3_m-Hydroxy_Phenyl_AceticAcid,14
3.0,H3_m-Hydroxy_Phenyl_AceticAcid,17
3.25,H3_m-Hydroxy_Phenyl_AceticAcid,13
3.5,H3_m-Hydroxy_Phenyl_AceticAcid,18
3.75,H3_m-Hydroxy_Phenyl_AceticAcid,15
4.0,H3_m-Hydroxy_Phenyl_AceticAcid,16
4.25,H3_m-Hydroxy_Phenyl_AceticAcid,17
4.5,H3_m-Hydroxy_Phenyl_AceticAcid,19
4.75,H3_m-Hydroxy_Phenyl_AceticAcid,16
5.0,H3_m-Hydroxy_Phenyl_AceticAcid,19
5.25,H3_m-Hydroxy_Phenyl_AceticAcid,14
5.5,H3_m-Hydroxy_Phenyl_AceticAcid,17
5.75,H3_m-Hydroxy_Phenyl_AceticAcid,15
6.0,H3_m-Hydroxy_Phenyl_AceticAcid,15
6.25,H3_m-Hydroxy_Phenyl_AceticAcid,18
6.5,H3_m-Hydroxy_Phenyl_AceticAcid,16
6.75,H3_m-Hydroxy_Phenyl_AceticAcid,15
7.0,H3_m-Hydroxy_Phenyl_AceticAcid,18
7.25,H3_m-Hydroxy_Phenyl_AceticAcid,12
7.5,H3_m-Hydroxy_Phenyl_AceticAcid,12
7.75,H3_m-Hydroxy_Phenyl_AceticAcid,12
8.0,H3_m-Hydroxy_Phenyl_AceticAcid,16
8.25,H3_m-Hydroxy_Phenyl_AceticAcid,18
8.5,H3_m-Hydroxy_Phenyl_AceticAcid,17
8.75,H3_m-Hydroxy_Phenyl_AceticAcid,18
9.0,H3_m-Hydroxy_Phenyl_AceticAcid,14
9.25,H3_m-Hydroxy_Phenyl_AceticAcid,14
9.5,H3_m-Hydroxy_Phenyl_AceticAcid,20
9.75,H3_m-Hydroxy_Phenyl_AceticAcid,16
10.0,H3_m-Hydroxy_Phenyl_AceticAcid,16
10.25,H3_m-Hydroxy_Phenyl_AceticAcid,18
10.5,H3_m-Hydroxy_Phenyl_AceticAcid,16
10.75,H3_m-Hydroxy_Phenyl_AceticAcid,18
11.0,H3_m-Hydroxy_Phenyl_AceticAcid,13
11.25,H3_m-Hydroxy_Phenyl_AceticAcid,18
11.5,H3_m-Hydroxy_Phenyl_AceticAcid,19
11.75,H3_m-Hydroxy_Phenyl_AceticAcid,17
12.0,H3_m-Hydroxy_Phenyl_AceticAcid,16
12.25,H3_m-Hydroxy_Phenyl_AceticAcid,18
12.5,H3_m-Hydroxy_Phenyl_AceticAcid,17
12.75,H3_m-Hydroxy_Phenyl_AceticAcid,19
13.0,H3_m-Hydroxy_Phenyl_AceticAcid,17
13.25,H3_m-Hydroxy_Phenyl_AceticAcid,17
13.5,H3_m-Hydroxy_Phenyl_AceticAcid,14
13.75,H3_m-Hydroxy_Phenyl_AceticAcid,20
14.0,H3_m-Hydroxy_Phenyl_AceticAcid,20
14.25,H3_m-Hydroxy_Phenyl_AceticAcid,19
14.5,H3_m-Hydroxy_Phenyl_AceticAcid,18
14.75,H3_m-Hydroxy_Phenyl_AceticAcid,18
15.0,H3_m-Hydroxy_Phenyl_AceticAcid,17
15.25,H3_m-Hydroxy_Phenyl_AceticAcid,17
15.5,H3_m-Hydroxy_Phenyl_AceticAcid,13
15.75,H3_m-Hydroxy_Phenyl_AceticAcid,18
16.0,H3_m-Hydroxy_Phenyl_AceticAcid,19
16.25,H3_m-Hydroxy_Phenyl_AceticAcid,12
16.5,H3_m-Hydroxy_Phenyl_AceticAcid,16
16.75,H3_m-Hydroxy_Phenyl_AceticAcid,20
17.0,H3_m-Hydroxy_Phenyl_AceticAcid,17
17.25,H3_m-Hydroxy_Phenyl_AceticAcid,17
17.5,H3_m-Hydroxy_Phenyl_AceticAcid,18
17.75,H3_m-Hydroxy_Phenyl_AceticAcid,17
18.0,H3_m-Hydroxy_Phenyl_AceticAcid,16
18.25,H3_m-Hydroxy_Phenyl_AceticAcid,15
18.5,H3_m-Hydroxy_Phenyl_AceticAcid,18
18.75,H3_m-Hydroxy_Phenyl_AceticAcid,20
19.0,H3_m-Hydroxy_Phenyl_AceticAcid,15
19.25,H3_m-Hydroxy_Phenyl_AceticAcid,19
19.5,H3_m-Hydroxy_Phenyl_AceticAcid,12
19.75,H3_m-Hydroxy_Phenyl_AceticAcid,14
20.0,H3_m-Hydroxy_Phenyl_AceticAcid,16
20.25,H3_m-Hydroxy_Phenyl_AceticAcid,15
20.5,H3_m-Hydroxy_Phenyl_AceticAcid,19
20.75,H3_m-Hydroxy_Phenyl_AceticAcid,14
21.0,H3_m-Hydroxy_Phenyl_AceticAcid,15
21.25,H3_m-Hydroxy_Phenyl_AceticAcid,18
21.5,H3_m-Hydroxy_Phenyl_AceticAcid,15
21.75,H3_m-Hydroxy_Phenyl_AceticAcid,17
22.0,H3_m-Hydroxy_Phenyl_AceticAcid,19
22.25,H3_m-Hydroxy_Phenyl_AceticAcid,16
22.5,H3_m-Hydroxy_Phenyl_AceticAcid,11
22.75,H3_m-Hydroxy_Phenyl_AceticAcid,18
23.0,H3_m-Hydroxy_Phenyl_AceticAcid,17
23.25,H3_m-Hydroxy_Phenyl_AceticAcid,13
23.5,H3_m-Hydroxy_Phenyl_AceticAcid,17
23.75,H3_m-Hydroxy_Phenyl_AceticAcid,16
24.0,H3_m-Hydroxy_Phenyl_AceticAcid,16
24.25,H3_m-Hydroxy_Phenyl_AceticAcid,20
24.5,H3_m-Hydroxy_Phenyl_AceticAcid,16
24.75,H3_m-Hydroxy_Phenyl_AceticAcid,15
25.0,H3_m-Hydroxy_Phenyl_AceticAcid,17
25.25,H3_m-Hydroxy_Phenyl_AceticAcid,16
25.5,H3_m-Hydroxy_Phenyl_AceticAcid,17
25.75,H3_m-Hydroxy_Phenyl_AceticAcid,14
26.0,H3_m-Hydroxy_Phenyl_AceticAcid,12
26.25,H3_m-Hydroxy_Phenyl_AceticAcid,13
26.5,H3_m-Hydroxy_Phenyl_AceticAcid,15
26.75,H3_m-Hydroxy_Phenyl_AceticAcid,15
27.0,H3_m-Hydroxy_Phenyl_AceticAcid,14
27.25,H3_m-Hydroxy_Phenyl_AceticAcid,12
27.5,H3_m-Hydroxy_Phenyl_AceticAcid,17
27.75,H3_m-Hydroxy_Phenyl_AceticAcid,11
28.0,H3_m-Hydroxy_Phenyl_AceticAcid,20
28.25,H3_m-Hydroxy_Phenyl_AceticAcid,12
28.5,H3_m-Hydroxy_Phenyl_AceticAcid,15
28.75,H3_m-Hydroxy_Phenyl_AceticAcid,14
29.0,H3_m-Hydroxy_Phenyl_AceticAcid,16
29.25,H3_m-Hydroxy_Phenyl_AceticAcid,14
29.5,H3_m-Hydroxy_Phenyl_AceticAcid,18
29.75,H3_m-Hydroxy_Phenyl_AceticAcid,12
30.0,H3_m-Hydroxy_Phenyl_AceticAcid,20
30.25,H3_m-Hydroxy_Phenyl_AceticAcid,14
30.5,H3_m-Hydroxy_Phenyl_AceticAcid,13
30.75,H3_m-Hydroxy_Phenyl_AceticAcid,12
31.0,H3_m-Hydroxy_Phenyl_AceticAcid,11
31.25,H3_m-Hydroxy_Phenyl_AceticAcid,18
31.5,H3_m-Hydroxy_Phenyl_AceticAcid,15
31.75,H3_m-Hydroxy_Phenyl_AceticAcid,17
32.0,H3_m-Hydroxy_Phenyl_AceticAcid,14
32.25,H3_m-Hydroxy_Phenyl_AceticAcid,16
32.5,H3_m-Hydroxy_Phenyl_AceticAcid,18
32.75,H3_m-Hydroxy_Phenyl_AceticAcid,15
33.0,H3_m-Hydroxy_Phenyl_AceticAcid,18
33.25,H3_m-Hydroxy_Phenyl_AceticAcid,14
33.5,H3_m-Hydroxy_Phenyl_AceticAcid,16
33.75,H3_m-Hydroxy_Phenyl_AceticAcid,17
34.0,H3_m-Hydroxy_Phenyl_AceticAcid,14
34.25,H3_m-Hydroxy_Phenyl_AceticAcid,14
34.5,H3_m-Hydroxy_Phenyl_AceticAcid,16
34.75,H3_m-Hydroxy_Phenyl_AceticAcid,15
35.0,H3_m-Hydroxy_Phenyl_AceticAcid,12
35.25,H3_m-Hydroxy_Phenyl_AceticAcid,17
35.5,H3_m-Hydroxy_Phenyl_AceticAcid,16
35.75,H3_m-Hydroxy_Phenyl_AceticAcid,14
36.0,H3_m-Hydroxy_Phenyl_AceticAcid,16
36.25,H3_m-Hydroxy_Phenyl_AceticAcid,18
36.5,H3_m-Hydroxy_Phenyl_AceticAcid,16
36.75,H3_m-Hydroxy_Phenyl_AceticAcid,16
37.0,H3_m-Hydroxy_Phenyl_AceticAcid,13
37.25,H3_m-Hydroxy_Phenyl_AceticAcid,14
37.5,H3_m-Hydroxy_Phenyl_AceticAcid,13
37.75,H3_m-Hydroxy_Phenyl_AceticAcid,14
38.0,H3_m-Hydroxy_Phenyl_AceticAcid,14
38.25,H3_m-Hydroxy_Phenyl_AceticAcid,13
38.5,H3_m-Hydroxy_Phenyl_AceticAcid,15
38.75,H3_m-Hydroxy_Phenyl_AceticAcid,15
39.0,H3_m-Hydroxy_Phenyl_AceticAcid,17
39.25,H3_m-Hydroxy_Phenyl_AceticAcid,15
39.5,H3_m-Hydroxy_Phenyl_AceticAcid,12
39.75,H3_m-Hydroxy_Phenyl_AceticAcid,13
40.0,H3_m-Hydroxy_Phenyl_AceticAcid,16
40.25,H3_m-Hydroxy_Phenyl_AceticAcid,14
40.5,H3_m-Hydroxy_Phenyl_AceticAcid,18
40.75,H3_m-Hydroxy_Phenyl_AceticAcid,14
41.0,H3_m-Hydroxy_Phenyl_AceticAcid,18
41.25,H3_m-Hydroxy_Phenyl_AceticAcid,12
41.5,H3_m-Hydroxy_Phenyl_AceticAcid,17
41.75,H3_m-Hydroxy_Phenyl_AceticAcid,22
42.0,H3_m-Hydroxy_Phenyl_AceticAcid,17
42.25,H3_m-Hydroxy_Phenyl_AceticAcid,14
42.5,H3_m-Hydroxy_Phenyl_AceticAcid,17
42.75,H3_m-Hydroxy_Phenyl_AceticAcid,18
43.0,H3_m-Hydroxy_Phenyl_AceticAcid,19
43.25,H3_m-Hydroxy_Phenyl_AceticAcid,20
43.5,H3_m-Hydroxy_Phenyl_AceticAcid,18
43.75,H3_m-Hydroxy_Phenyl_AceticAcid,16
44.0,H3_m-Hydroxy_Phenyl_AceticAcid,18
44.25,H3_m-Hydroxy_Phenyl_AceticAcid,17
44.5,H3_m-Hydroxy_Phenyl_AceticAcid,16
44.75,H3_m-Hydroxy_Phenyl_AceticAcid,17
45.0,H3_m-Hydroxy_Phenyl_AceticAcid,22
45.25,H3_m-Hydroxy_Phenyl_AceticAcid,19
45.5,H3_m-Hydroxy_Phenyl_AceticAcid,17
45.75,H3_m-Hydroxy_Phenyl_AceticAcid,16
46.0,H3_m-Hydroxy_Phenyl_AceticAcid,16
46.25,H3_m-Hydroxy_Phenyl_AceticAcid,18
46.5,H3_m-Hydroxy_Phenyl_AceticAcid,15
46.75,H3_m-Hydroxy_Phenyl_AceticAcid,17
47.0,H3_m-Hydroxy_Phenyl_AceticAcid,14
47.25,H3_m-Hydroxy_Phenyl_AceticAcid,20
47.5,H3_m-Hydroxy_Phenyl_AceticAcid,17
47.75,H3_m-Hydroxy_Phenyl_AceticAcid,18
48.0,H3_m-Hydroxy_Phenyl_AceticAcid,20
48.25,H3_m-Hydroxy_Phenyl_AceticAcid,20
0.0,H4_Tyramine,17
0.25,H4_Tyramine,17
0.5,H4_Tyramine,19
0.75,H4_Tyramine,17
1.0,H4_Tyramine,15
1.25,H4_Tyramine,18
1.5,H4_Tyramine,20
1.75,H4_Tyramine,13
2.0,H4_Tyramine,15
2.25,H4_Tyramine,14
2.5,H4_Tyramine,16
2.75,H4_Tyramine,15
3.0,H4_Tyramine,17
3.25,H4_Tyramine,11
3.5,H4_Tyramine,13
3.75,H4_Tyramine,15
4.0,H4_Tyramine,14
4.25,H4_Tyramine,17
4.5,H4_Tyramine,15
4.75,H4_Tyramine,15
5.0,H4_Tyramine,16
5.25,H4_Tyramine,14
5.5,H4_Tyramine,14
5.75,H4_Tyramine,13
6.0,H4_Tyramine,16
6.25,H4_Tyramine,13
6.5,H4_Tyramine,19
6.75,H4_Tyramine,15
7.0,H4_Tyramine,19
7.25,H4_Tyramine,17
7.5,H4_Tyramine,15
7.75,H4_Tyramine,16
8.0,H4_Tyramine,16
8.25,H4_Tyramine,17
8.5,H4_Tyramine,18
8.75,H4_Tyramine,19
9.0,H4_Tyramine,14
9.25,H4_Tyramine,14
9.5,H4_Tyramine,13
9.75,H4_Tyramine,15
10.0,H4_Tyramine,12
10.25,H4_Tyramine,16
10.5,H4_Tyramine,13
10.75,H4_Tyramine,19
11.0,H4_Tyramine,16
11.25,H4_Tyramine,18
11.5,H4_Tyramine,16
11.75,H4_Tyramine,14
12.0,H4_Tyramine,17
12.25,H4_Tyramine,18
12.5,H4_Tyramine,17
12.75,H4_Tyramine,15
13.0,H4_Tyramine,16
13.25,H4_Tyramine,19
13.5,H4_Tyramine,11
13.75,H4_Tyramine,20
14.0,H4_Tyramine,18
14.25,H4_Tyramine,15
14.5,H4_Tyramine,15
14.75,H4_Tyramine,16
15.0,H4_Tyramine,17
15.25,H4_Tyramine,18
15.5,H4_Tyramine,17
15.75,H4_Tyramine,21
16.0,H4_Tyramine,14
16.25,H4_Tyramine,17
16.5,H4_Tyramine,15
16.75,H4_Tyramine,14
17.0,H4_Tyramine,17
17.25,H4_Tyramine,21
17.5,H4_Tyramine,20
17.75,H4_Tyramine,18
18.0,H4_Tyramine,18
18.25,H4_Tyramine,15
18.5,H4_Tyramine,19
18.75,H4_Tyramine,20
19.0,H4_Tyramine,19
19.25,H4_Tyramine,16
19.5,H4_Tyramine,18
19.75,H4_Tyramine,17
20.0,H4_Tyramine,20
20.25,H4_Tyramine,16
20.5,H4_Tyramine,22
20.75,H4_Tyramine,23
21.0,H4_Tyramine,17
21.25,H4_Tyramine,22
21.5,H4_Tyramine,23
21.75,H4_Tyramine,23
22.0,H4_Tyramine,21
22.25,H4_Tyramine,16
22.5,H4_Tyramine,21
22.75,H4_Tyramine,20
23.0,H4_Tyramine,21
23.25,H4_Tyramine,17
23.5,H4_Tyramine,19
23.75,H4_Tyramine,21
24.0,H4_Tyramine,24
24.25,H4_Tyramine,18
24.5,H4_Tyramine,21
24.75,H4_Tyramine,21
25.0,H4_Tyramine,21
25.25,H4_Tyramine,20
25.5,H4_Tyramine,22
25.75,H4_Tyramine,18
26.0,H4_Tyramine,16
26.25,H4_Tyramine,23
26.5,H4_Tyramine,19
26.75,H4_Tyramine,21
27.0,H4_Tyramine,23
27.25,H4_Tyramine,20
27.5,H4_Tyramine,23
27.75,H4_Tyramine,18
28.0,H4_Tyramine,19
28.25,H4_Tyramine,20
28.5,H4_Tyramine,19
28.75,H4_Tyramine,19
29.0,H4_Tyramine,17
29.25,H4_Tyramine,23
29.5,H4_Tyramine,21
29.75,H4_Tyramine,17
30.0,H4_Tyramine,21
30.25,H4_Tyramine,18
30.5,H4_Tyramine,26
30.75,H4_Tyramine,21
31.0,H4_Tyramine,22
31.25,H4_Tyramine,23
31.5,H4_Tyramine,18
31.75,H4_Tyramine,20
32.0,H4_Tyramine,22
32.25,H4_Tyramine,21
32.5,H4_Tyramine,21
32.75,H4_Tyramine,23
33.0,H4_Tyramine,22
33.25,H4_Tyramine,20
33.5,H4_Tyramine,24
33.75,H4_Tyramine,23
34.0,H4_Tyramine,24
34.25,H4_Tyramine,18
34.5,H4_Tyramine,20
34.75,H4_Tyramine,20
35.0,H4_Tyramine,18
35.25,H4_Tyramine,15
35.5,H4_Tyramine,17
35.75,H4_Tyramine,20
36.0,H4_Tyramine,18
36.25,H4_Tyramine,18
36.5,H4_Tyramine,22
36.75,H4_Tyramine,14
37.0,H4_Tyramine,19
37.25,H4_Tyramine,22
37.5,H4_Tyramine,19
37.75,H4_Tyramine,25
38.0,H4_Tyramine,19
38.25,H4_Tyramine,19
38.5,H4_Tyramine,17
38.75,H4_Tyramine,15
39.0,H4_Tyramine,21
39.25,H4_Tyramine,16
39.5,H4_Tyramine,12
39.75,H4_Tyramine,20
40.0,H4_Tyramine,19
40.25,H4_Tyramine,16
40.5,H4_Tyramine,21
40.75,H4_Tyramine,19
41.0,H4_Tyramine,20
41.25,H4_Tyramine,16
41.5,H4_Tyramine,20
41.75,H4_Tyramine,17
42.0,H4_Tyramine,19
42.25,H4_Tyramine,19
42.5,H4_Tyramine,18
42.75,H4_Tyramine,18
43.0,H4_Tyramine,20
43.25,H4_Tyramine,18
43.5,H4_Tyramine,20
43.75,H4_Tyramine,18
44.0,H4_Tyramine,22
44.25,H4_Tyramine,16
44.5,H4_Tyramine,18
44.75,H4_Tyramine,19
45.0,H4_Tyramine,17
45.25,H4_Tyramine,21
45.5,H4_Tyramine,18
45.75,H4_Tyramine,19
46.0,H4_Tyramine,16
46.25,H4_Tyramine,20
46.5,H4_Tyramine,21
46.75,H4_Tyramine,19
47.0,H4_Tyramine,19
47.25,H4_Tyramine,17
47.5,H4_Tyramine,19
47.75,H4_Tyramine,15
48.0,H4_Tyramine,15
48.25,H4_Tyramine,21
0.0,H5_D-Psicose,18
0.25,H5_D-Psicose,17
0.5,H5_D-Psicose,19
0.75,H5_D-Psicose,25
1.0,H5_D-Psicose,24
1.25,H5_D-Psicose,21
1.5,H5_D-Psicose,20
1.75,H5_D-Psicose,18
2.0,H5_D-Psicose,20
2.25,H5_D-Psicose,17
2.5,H5_D-Psicose,22
2.75,H5_D-Psicose,20
3.0,H5_D-Psicose,24
3.25,H5_D-Psicose,18
3.5,H5_D-Psicose,17
3.75,H5_D-Psicose,18
4.0,H5_D-Psicose,21
4.25,H5_D-Psicose,20
4.5,H5_D-Psicose,21
4.75,H5_D-Psicose,16
5.0,H5_D-Psicose,19
5.25,H5_D-Psicose,19
5.5,H5_D-Psicose,19
5.75,H5_D-Psicose,20
6.0,H5_D-Psicose,19
6.25,H5_D-Psicose,20
6.5,H5_D-Psicose,21
6.75,H5_D-Psicose,16
7.0,H5_D-Psicose,23
7.25,H5_D-Psicose,21
7.5,H5_D-Psicose,24
7.75,H5_D-Psicose,17
8.0,H5_D-Psicose,21
8.25,H5_D-Psicose,21
8.5,H5_D-Psicose,19
8.75,H5_D-Psicose,25
9.0,H5_D-Psicose,17
9.25,H5_D-Psicose,18
9.5,H5_D-Psicose,18
9.75,H5_D-Psicose,15
10.0,H5_D-Psicose,17
10.25,H5_D-Psicose,17
10.5,H5_D-Psicose,19
10.75,H5_D-Psicose,22
11.0,H5_D-Psicose,16
11.25,H5_D-Psicose,18
11.5,H5_D-Psicose,21
11.75,H5_D-Psicose,25
12.0,H5_D-Psicose,20
12.25,H5_D-Psicose,18
12.5,H5_D-Psicose,21
12.75,H5_D-Psicose,16
13.0,H5_D-Psicose,21
13.25,H5_D-Psicose,16
13.5,H5_D-Psicose,21
13.75,H5_D-Psicose,22
14.0,H5_D-Psicose,22
14.25,H5_D-Psicose,22
14.5,H5_D-Psicose,19
14.75,H5_D-Psicose,21
15.0,H5_D-Psicose,20
15.25,H5_D-Psicose,20
15.5,H5_D-Psicose,21
15.75,H5_D-Psicose,21
16.0,H5_D-Psicose,17
16.25,H5_D-Psicose,16
16.5,H5_D-Psicose,24
16.75,H5_D-Psicose,17
17.0,H5_D-Psicose,21
17.25,H5_D-Psicose,20
17.5,H5_D-Psicose,22
17.75,H5_D-Psicose,23
18.0,H5_D-Psicose,17
18.25,H5_D-Psicose,23
18.5,H5_D-Psicose,17
18.75,H5_D-Psicose,20
19.0,H5_D-Psicose,24
19.25,H5_D-Psicose,22
19.5,H5_D-Psicose,22
19.75,H5_D-Psicose,22
20.0,H5_D-Psicose,20
20.25,H5_D-Psicose,19
20.5,H5_D-Psicose,24
20.75,H5_D-Psicose,24
21.0,H5_D-Psicose,21
21.25,H5_D-Psicose,28
21.5,H5_D-Psicose,21
21.75,H5_D-Psicose,27
22.0,H5_D-Psicose,23
22.25,H5_D-Psicose,29
22.5,H5_D-Psicose,26
22.75,H5_D-Psicose,23
23.0,H5_D-Psicose,25
23.25,H5_D-Psicose,26
23.5,H5_D-Psicose,29
23.75,H5_D-Psicose,32
24.0,H5_D-Psicose,28
24.25,H5_D-Psicose,29
24.5,H5_D-Psicose,28
24.75,H5_D-Psicose,25
25.0,H5_D-Psicose,25
25.25,H5_D-Psicose,27
25.5,H5_D-Psicose,28
25.75,H5_D-Psicose,26
26.0,H5_D-Psicose,26
26.25,H5_D-Psicose,24
26.5,H5_D-Psicose,33
26.75,H5_D-Psicose,28
27.0,H5_D-Psicose,30
27.25,H5_D-Psicose,25
27.5,H5_D-Psicose,31
27.75,H5_D-Psicose,30
28.0,H5_D-Psicose,30
28.25,H5_D-Psicose,28
28.5,H5_D-Psicose,27
28.75,H5_D-Psicose,28
29.0,H5_D-Psicose,29
29.25,H5_D-Psicose,28
29.5,H5_D-Psicose,31
29.75,H5_D-Psicose,28
30.0,H5_D-Psicose,29
30.25,H5_D-Psicose,28
30.5,H5_D-Psicose,25
30.75,H5_D-Psicose,30
31.0,H5_D-Psicose,28
31.25,H5_D-Psicose,28
31.5,H5_D-Psicose,30
31.75,H5_D-Psicose,31
32.0,H5_D-Psicose,30
32.25,H5_D-Psicose,32
32.5,H5_D-Psicose,26
32.75,H5_D-Psicose,24
33.0,H5_D-Psicose,30
33.25,H5_D-Psicose,29
33.5,H5_D-Psicose,29
33.75,H5_D-Psicose,31
34.0,H5_D-Psicose,32
34.25,H5_D-Psicose,28
34.5,H5_D-Psicose,29
34.75,H5_D-Psicose,24
35.0,H5_D-Psicose,30
35.25,H5_D-Psicose,28
35.5,H5_D-Psicose,26
35.75,H5_D-Psicose,26
36.0,H5_D-Psicose,28
36.25,H5_D-Psicose,29
36.5,H5_D-Psicose,24
36.75,H5_D-Psicose,28
37.0,H5_D-Psicose,33
37.25,H5_D-Psicose,27
37.5,H5_D-Psicose,27
37.75,H5_D-Psicose,28
38.0,H5_D-Psicose,25
38.25,H5_D-Psicose,29
38.5,H5_D-Psicose,27
38.75,H5_D-Psicose,24
39.0,H5_D-Psicose,27
39.25,H5_D-Psicose,24
39.5,H5_D-Psicose,27
39.75,H5_D-Psicose,28
40.0,H5_D-Psicose,31
40.25,H5_D-Psicose,25
40.5,H5_D-Psicose,27
40.75,H5_D-Psicose,27
41.0,H5_D-Psicose,29
41.25,H5_D-Psicose,28
41.5,H5_D-Psicose,24
41.75,H5_D-Psicose,29
42.0,H5_D-Psicose,28
42.25,H5_D-Psicose,29
42.5,H5_D-Psicose,27
42.75,H5_D-Psicose,29
43.0,H5_D-Psicose,29
43.25,H5_D-Psicose,28
43.5,H5_D-Psicose,25
43.75,H5_D-Psicose,26
44.0,H5_D-Psicose,24
44.25,H5_D-Psicose,27
44.5,H5_D-Psicose,27
44.75,H5_D-Psicose,25
45.0,H5_D-Psicose,25
45.25,H5_D-Psicose,26
45.5,H5_D-Psicose,30
45.75,H5_D-Psicose,30
46.0,H5_D-Psicose,28
46.25,H5_D-Psicose,29
46.5,H5_D-Psicose,25
46.75,H5_D-Psicose,27
47.0,H5_D-Psicose,27
47.25,H5_D-Psicose,28
47.5,H5_D-Psicose,28
47.75,H5_D-Psicose,24
48.0,H5_D-Psicose,26
48.25,H5_D-Psicose,29
0.0,H6_L-Lyxose,101
0.25,H6_L-Lyxose,101
0.5,H6_L-Lyxose,105
0.75,H6_L-Lyxose,106
1.0,H6_L-Lyxose,103
1.25,H6_L-Lyxose,109
1.5,H6_L-Lyxose,105
1.75,H6_L-Lyxose,110
2.0,H6_L-Lyxose,106
2.25,H6_L-Lyxose,106
2.5,H6_L-Lyxose,110
2.75,H6_L-Lyxose,110
3.0,H6_L-Lyxose,108
3.25,H6_L-Lyxose,114
3.5,H6_L-Lyxose,109
3.75,H6_L-Lyxose,108
4.0,H6_L-Lyxose,109
4.25,H6_L-Lyxose,111
4.5,H6_L-Lyxose,113
4.75,H6_L-Lyxose,114
5.0,H6_L-Lyxose,110
5.25,H6_L-Lyxose,114
5.5,H6_L-Lyxose,113
5.75,H6_L-Lyxose,114
6.0,H6_L-Lyxose,113
6.25,H6_L-Lyxose,114
6.5,H6_L-Lyxose,115
6.75,H6_L-Lyxose,116
7.0,H6_L-Lyxose,117
7.25,H6_L-Lyxose,113
7.5,H6_L-Lyxose,116
7.75,H6_L-Lyxose,117
8.0,H6_L-Lyxose,114
8.25,H6_L-Lyxose,114
8.5,H6_L-Lyxose,115
8.75,H6_L-Lyxose,116
9.0,H6_L-Lyxose,116
9.25,H6_L-Lyxose,120
9.5,H6_L-Lyxose,118
9.75,H6_L-Lyxose,113
10.0,H6_L-Lyxose,113
10.25,H6_L-Lyxose,115
10.5,H6_L-Lyxose,119
10.75,H6_L-Lyxose,120
11.0,H6_L-Lyxose,120
11.25,H6_L-Lyxose,119
11.5,H6_L-Lyxose,122
11.75,H6_L-Lyxose,122
12.0,H6_L-Lyxose,116
12.25,H6_L-Lyxose,121
12.5,H6_L-Lyxose,119
12.75,H6_L-Lyxose,122
13.0,H6_L-Lyxose,119
13.25,H6_L-Lyxose,120
13.5,H6_L-Lyxose,121
13.75,H6_L-Lyxose,123
14.0,H6_L-Lyxose,121
14.25,H6_L-Lyxose,122
14.5,H6_L-Lyxose,118
14.75,H6_L-Lyxose,120
15.0,H6_L-Lyxose,121
15.25,H6_L-Lyxose,121
15.5,H6_L-Lyxose,119
15.75,H6_L-Lyxose,119
16.0,H6_L-Lyxose,123
16.25,H6_L-Lyxose,121
16.5,H6_L-Lyxose,119
16.75,H6_L-Lyxose,117
17.0,H6_L-Lyxose,121
17.25,H6_L-Lyxose,122
17.5,H6_L-Lyxose,122
17.75,H6_L-Lyxose,118
18.0,H6_L-Lyxose,119
18.25,H6_L-Lyxose,123
18.5,H6_L-Lyxose,122
18.75,H6_L-Lyxose,124
19.0,H6_L-Lyxose,123
19.25,H6_L-Lyxose,119
19.5,H6_L-Lyxose,124
19.75,H6_L-Lyxose,123
20.0,H6_L-Lyxose,122
20.25,H6_L-Lyxose,123
20.5,H6_L-Lyxose,123
20.75,H6_L-Lyxose,123
21.0,H6_L-Lyxose,123
21.25,H6_L-Lyxose,124
21.5,H6_L-Lyxose,123
21.75,H6_L-Lyxose,125
22.0,H6_L-Lyxose,124
22.25,H6_L-Lyxose,124
22.5,H6_L-Lyxose,127
22.75,H6_L-Lyxose,126
23.0,H6_L-Lyxose,119
23.25,H6_L-Lyxose,123
23.5,H6_L-Lyxose,125
23.75,H6_L-Lyxose,122
24.0,H6_L-Lyxose,125
24.25,H6_L-Lyxose,124
24.5,H6_L-Lyxose,124
24.75,H6_L-Lyxose,125
25.0,H6_L-Lyxose,123
25.25,H6_L-Lyxose,124
25.5,H6_L-Lyxose,123
25.75,H6_L-Lyxose,125
26.0,H6_L-Lyxose,124
26.25,H6_L-Lyxose,123
26.5,H6_L-Lyxose,123
26.75,H6_L-Lyxose,124
27.0,H6_L-Lyxose,123
27.25,H6_L-Lyxose,123
27.5,H6_L-Lyxose,120
27.75,H6_L-Lyxose,122
28.0,H6_L-Lyxose,122
28.25,H6_L-Lyxose,122
28.5,H6_L-Lyxose,120
28.75,H6_L-Lyxose,125
29.0,H6_L-Lyxose,124
29.25,H6_L-Lyxose,123
29.5,H6_L-Lyxose,123
29.75,H6_L-Lyxose,123
30.0,H6_L-Lyxose,121
30.25,H6_L-Lyxose,123
30.5,H6_L-Lyxose,120
30.75,H6_L-Lyxose,123
31.0,H6_L-Lyxose,125
31.25,H6_L-Lyxose,123
31.5,H6_L-Lyxose,121
31.75,H6_L-Lyxose,127
32.0,H6_L-Lyxose,124
32.25,H6_L-Lyxose,123
32.5,H6_L-Lyxose,123
32.75,H6_L-Lyxose,122
33.0,H6_L-Lyxose,125
33.25,H6_L-Lyxose,123
33.5,H6_L-Lyxose,126
33.75,H6_L-Lyxose,128
34.0,H6_L-Lyxose,124
34.25,H6_L-Lyxose,126
34.5,H6_L-Lyxose,122
34.75,H6_L-Lyxose,128
35.0,H6_L-Lyxose,126
35.25,H6_L-Lyxose,123
35.5,H6_L-Lyxose,123
35.75,H6_L-Lyxose,123
36.0,H6_L-Lyxose,124
36.25,H6_L-Lyxose,123
36.5,H6_L-Lyxose,124
36.75,H6_L-Lyxose,127
37.0,H6_L-Lyxose,123
37.25,H6_L-Lyxose,126
37.5,H6_L-Lyxose,124
37.75,H6_L-Lyxose,125
38.0,H6_L-Lyxose,122
38.25,H6_L-Lyxose,125
38.5,H6_L-Lyxose,124
38.75,H6_L-Lyxose,126
39.0,H6_L-Lyxose,119
39.25,H6_L-Lyxose,126
39.5,H6_L-Lyxose,126
39.75,H6_L-Lyxose,123
40.0,H6_L-Lyxose,126
40.25,H6_L-Lyxose,123
40.5,H6_L-Lyxose,125
40.75,H6_L-Lyxose,126
41.0,H6_L-Lyxose,125
41.25,H6_L-Lyxose,127
41.5,H6_L-Lyxose,126
41.75,H6_L-Lyxose,124
42.0,H6_L-Lyxose,125
42.25,H6_L-Lyxose,132
42.5,H6_L-Lyxose,129
42.75,H6_L-Lyxose,127
43.0,H6_L-Lyxose,125
43.25,H6_L-Lyxose,129
43.5,H6_L-Lyxose,129
43.75,H6_L-Lyxose,125
44.0,H6_L-Lyxose,125
44.25,H6_L-Lyxose,124
44.5,H6_L-Lyxose,127
44.75,H6_L-Lyxose,126
45.0,H6_L-Lyxose,123
45.25,H6_L-Lyxose,126
45.5,H6_L-Lyxose,126
45.75,H6_L-Lyxose,124
46.0,H6_L-Lyxose,127
46.25,H6_L-Lyxose,125
46.5,H6_L-Lyxose,126
46.75,H6_L-Lyxose,126
47.0,H6_L-Lyxose,123
47.25,H6_L-Lyxose,126
47.5,H6_L-Lyxose,128
47.75,H6_L-Lyxose,128
48.0,H6_L-Lyxose,125
48.25,H6_L-Lyxose,126
0.0,H7_Glucuronamide,14
0.25,H7_Glucuronamide,11
0.5,H7_Glucuronamide,15
0.75,H7_Glucuronamide,15
1.0,H7_Glucuronamide,12
1.25,H7_Glucuronamide,16
1.5,H7_Glucuronamide,11
1.75,H7_Glucuronamide,14
2.0,H7_Glucuronamide,13
2.25,H7_Glucuronamide,11
2.5,H7_Glucuronamide,11
2.75,H7_Glucuronamide,14
3.0,H7_Glucuronamide,12
3.25,H7_Glucuronamide,13
3.5,H7_Glucuronamide,13
3.75,H7_Glucuronamide,11
4.0,H7_Glucuronamide,14
4.25,H7_Glucuronamide,12
4.5,H7_Glucuronamide,11
4.75,H7_Glucuronamide,14
5.0,H7_Glucuronamide,11
5.25,H7_Glucuronamide,17
5.5,H7_Glucuronamide,14
5.75,H7_Glucuronamide,11
6.0,H7_Glucuronamide,11
6.25,H7_Glucuronamide,12
6.5,H7_Glucuronamide,11
6.75,H7_Glucuronamide,11
7.0,H7_Glucuronamide,15
7.25,H7_Glucuronamide,14
7.5,H7_Glucuronamide,11
7.75,H7_Glucuronamide,13
8.0,H7_Glucuronamide,11
8.25,H7_Glucuronamide,13
8.5,H7_Glucuronamide,16
8.75,H7_Glucuronamide,14
9.0,H7_Glucuronamide,12
9.25,H7_Glucuronamide,11
9.5,H7_Glucuronamide,13
9.75,H7_Glucuronamide,11
10.0,H7_Glucuronamide,11
10.25,H7_Glucuronamide,11
10.5,H7_Glucuronamide,11
10.75,H7_Glucuronamide,13
11.0,H7_Glucuronamide,14
11.25,H7_Glucuronamide,13
11.5,H7_Glucuronamide,12
11.75,H7_Glucuronamide,11
12.0,H7_Glucuronamide,14
12.25,H7_Glucuronamide,11
12.5,H7_Glucuronamide,13
12.75,H7_Glucuronamide,11
13.0,H7_Glucuronamide,11
13.25,H7_Glucuronamide,17
13.5,H7_Glucuronamide,14
13.75,H7_Glucuronamide,17
14.0,H7_Glucuronamide,11
14.25,H7_Glucuronamide,14
14.5,H7_Glucuronamide,13
14.75,H7_Glucuronamide,13
15.0,H7_Glucuronamide,11
15.25,H7_Glucuronamide,11
15.5,H7_Glucuronamide,18
15.75,H7_Glucuronamide,13
16.0,H7_Glucuronamide,15
16.25,H7_Glucuronamide,11
16.5,H7_Glucuronamide,11
16.75,H7_Glucuronamide,11
17.0,H7_Glucuronamide,13
17.25,H7_Glucuronamide,11
17.5,H7_Glucuronamide,12
17.75,H7_Glucuronamide,14
18.0,H7_Glucuronamide,14
18.25,H7_Glucuronamide,16
18.5,H7_Glucuronamide,11
18.75,H7_Glucuronamide,16
19.0,H7_Glucuronamide,16
19.25,H7_Glucuronamide,15
19.5,H7_Glucuronamide,19
19.75,H7_Glucuronamide,11
20.0,H7_Glucuronamide,17
20.25,H7_Glucuronamide,17
20.5,H7_Glucuronamide,11
20.75,H7_Glucuronamide,13
21.0,H7_Glucuronamide,19
21.25,H7_Glucuronamide,11
21.5,H7_Glucuronamide,17
21.75,H7_Glucuronamide,14
22.0,H7_Glucuronamide,16
22.25,H7_Glucuronamide,14
22.5,H7_Glucuronamide,18
22.75,H7_Glucuronamide,16
23.0,H7_Glucuronamide,18
23.25,H7_Glucuronamide,14
23.5,H7_Glucuronamide,14
23.75,H7_Glucuronamide,14
24.0,H7_Glucuronamide,15
24.25,H7_Glucuronamide,22
24.5,H7_Glucuronamide,21
24.75,H7_Glucuronamide,15
25.0,H7_Glucuronamide,17
25.25,H7_Glucuronamide,17
25.5,H7_Glucuronamide,18
25.75,H7_Glucuronamide,18
26.0,H7_Glucuronamide,15
26.25,H7_Glucuronamide,21
26.5,H7_Glucuronamide,15
26.75,H7_Glucuronamide,17
27.0,H7_Glucuronamide,19
27.25,H7_Glucuronamide,13
27.5,H7_Glucuronamide,18
27.75,H7_Glucuronamide,19
28.0,H7_Glucuronamide,16
28.25,H7_Glucuronamide,13
28.5,H7_Glucuronamide,17
28.75,H7_Glucuronamide,17
29.0,H7_Glucuronamide,18
29.25,H7_Glucuronamide,18
29.5,H7_Glucuronamide,16
29.75,H7_Glucuronamide,16
30.0,H7_Glucuronamide,15
30.25,H7_Glucuronamide,14
30.5,H7_Glucuronamide,14
30.75,H7_Glucuronamide,19
31.0,H7_Glucuronamide,13
31.25,H7_Glucuronamide,22
31.5,H7_Glucuronamide,17
31.75,H7_Glucuronamide,18
32.0,H7_Glucuronamide,21
32.25,H7_Glucuronamide,13
32.5,H7_Glucuronamide,22
32.75,H7_Glucuronamide,19
33.0,H7_Glucuronamide,15
33.25,H7_Glucuronamide,16
33.5,H7_Glucuronamide,18
33.75,H7_Glucuronamide,20
34.0,H7_Glucuronamide,16
34.25,H7_Glucuronamide,18
34.5,H7_Glucuronamide,20
34.75,H7_Glucuronamide,18
35.0,H7_Glucuronamide,18
35.25,H7_Glucuronamide,20
35.5,H7_Glucuronamide,22
35.75,H7_Glucuronamide,22
36.0,H7_Glucuronamide,22
36.25,H7_Glucuronamide,16
36.5,H7_Glucuronamide,17
36.75,H7_Glucuronamide,16
37.0,H7_Glucuronamide,17
37.25,H7_Glucuronamide,17
37.5,H7_Glucuronamide,21
37.75,H7_Glucuronamide,19
38.0,H7_Glucuronamide,19
38.25,H7_Glucuronamide,18
38.5,H7_Glucuronamide,19
38.75,H7_Glucuronamide,16
39.0,H7_Glucuronamide,18
39.25,H7_Glucuronamide,18
39.5,H7_Glucuronamide,18
39.75,H7_Glucuronamide,17
40.0,H7_Glucuronamide,21
40.25,H7_Glucuronamide,18
40.5,H7_Glucuronamide,19
40.75,H7_Glucuronamide,17
41.0,H7_Glucuronamide,18
41.25,H7_Glucuronamide,20
41.5,H7_Glucuronamide,24
41.75,H7_Glucuronamide,19
42.0,H7_Glucuronamide,20
42.25,H7_Glucuronamide,23
42.5,H7_Glucuronamide,24
42.75,H7_Glucuronamide,20
43.0,H7_Glucuronamide,19
43.25,H7_Glucuronamide,21
43.5,H7_Glucuronamide,21
43.75,H7_Glucuronamide,19
44.0,H7_Glucuronamide,19
44.25,H7_Glucuronamide,20
44.5,H7_Glucuronamide,21
44.75,H7_Glucuronamide,22
45.0,H7_Glucuronamide,19
45.25,H7_Glucuronamide,23
45.5,H7_Glucuronamide,20
45.75,H7_Glucuronamide,23
46.0,H7_Glucuronamide,23
46.25,H7_Glucuronamide,22
46.5,H7_Glucuronamide,21
46.75,H7_Glucuronamide,23
47.0,H7_Glucuronamide,20
47.25,H7_Glucuronamide,20
47.5,H7_Glucuronamide,19
47.75,H7_Glucuronamide,23
48.0,H7_Glucuronamide,21
48.25,H7_Glucuronamide,17
0.0,H8_Pyruvic_Acid,14
0.25,H8_Pyruvic_Acid,11
0.5,H8_Pyruvic_Acid,13
0.75,H8_Pyruvic_Acid,14
1.0,H8_Pyruvic_Acid,12
1.25,H8_Pyruvic_Acid,14
1.5,H8_Pyruvic_Acid,12
1.75,H8_Pyruvic_Acid,15
2.0,H8_Pyruvic_Acid,15
2.25,H8_Pyruvic_Acid,11
2.5,H8_Pyruvic_Acid,12
2.75,H8_Pyruvic_Acid,13
3.0,H8_Pyruvic_Acid,12
3.25,H8_Pyruvic_Acid,15
3.5,H8_Pyruvic_Acid,12
3.75,H8_Pyruvic_Acid,15
4.0,H8_Pyruvic_Acid,11
4.25,H8_Pyruvic_Acid,14
4.5,H8_Pyruvic_Acid,14
4.75,H8_Pyruvic_Acid,11
5.0,H8_Pyruvic_Acid,13
5.25,H8_Pyruvic_Acid,14
5.5,H8_Pyruvic_Acid,13
5.75,H8_Pyruvic_Acid,11
6.0,H8_Pyruvic_Acid,15
6.25,H8_Pyruvic_Acid,17
6.5,H8_Pyruvic_Acid,13
6.75,H8_Pyruvic_Acid,14
7.0,H8_Pyruvic_Acid,13
7.25,H8_Pyruvic_Acid,19
7.5,H8_Pyruvic_Acid,14
7.75,H8_Pyruvic_Acid,12
8.0,H8_Pyruvic_Acid,13
8.25,H8_Pyruvic_Acid,19
8.5,H8_Pyruvic_Acid,14
8.75,H8_Pyruvic_Acid,13
9.0,H8_Pyruvic_Acid,12
9.25,H8_Pyruvic_Acid,16
9.5,H8_Pyruvic_Acid,16
9.75,H8_Pyruvic_Acid,13
10.0,H8_Pyruvic_Acid,11
10.25,H8_Pyruvic_Acid,17
10.5,H8_Pyruvic_Acid,13
10.75,H8_Pyruvic_Acid,15
11.0,H8_Pyruvic_Acid,13
11.25,H8_Pyruvic_Acid,14
11.5,H8_Pyruvic_Acid,16
11.75,H8_Pyruvic_Acid,13
12.0,H8_Pyruvic_Acid,14
12.25,H8_Pyruvic_Acid,19
12.5,H8_Pyruvic_Acid,12
12.75,H8_Pyruvic_Acid,17
13.0,H8_Pyruvic_Acid,19
13.25,H8_Pyruvic_Acid,19
13.5,H8_Pyruvic_Acid,16
13.75,H8_Pyruvic_Acid,18
14.0,H8_Pyruvic_Acid,19
14.25,H8_Pyruvic_Acid,14
14.5,H8_Pyruvic_Acid,12
14.75,H8_Pyruvic_Acid,19
15.0,H8_Pyruvic_Acid,11
15.25,H8_Pyruvic_Acid,18
15.5,H8_Pyruvic_Acid,15
15.75,H8_Pyruvic_Acid,15
16.0,H8_Pyruvic_Acid,15
16.25,H8_Pyruvic_Acid,19
16.5,H8_Pyruvic_Acid,17
16.75,H8_Pyruvic_Acid,18
17.0,H8_Pyruvic_Acid,22
17.25,H8_Pyruvic_Acid,19
17.5,H8_Pyruvic_Acid,15
17.75,H8_Pyruvic_Acid,20
18.0,H8_Pyruvic_Acid,18
18.25,H8_Pyruvic_Acid,19
18.5,H8_Pyruvic_Acid,18
18.75,H8_Pyruvic_Acid,18
19.0,H8_Pyruvic_Acid,20
19.25,H8_Pyruvic_Acid,21
19.5,H8_Pyruvic_Acid,22
19.75,H8_Pyruvic_Acid,20
20.0,H8_Pyruvic_Acid,21
20.25,H8_Pyruvic_Acid,25
20.5,H8_Pyruvic_Acid,22
20.75,H8_Pyruvic_Acid,21
21.0,H8_Pyruvic_Acid,22
21.25,H8_Pyruvic_Acid,22
21.5,H8_Pyruvic_Acid,21
21.75,H8_Pyruvic_Acid,20
22.0,H8_Pyruvic_Acid,19
22.25,H8_Pyruvic_Acid,19
22.5,H8_Pyruvic_Acid,23
22.75,H8_Pyruvic_Acid,19
23.0,H8_Pyruvic_Acid,22
23.25,H8_Pyruvic_Acid,22
23.5,H8_Pyruvic_Acid,25
23.75,H8_Pyruvic_Acid,26
24.0,H8_Pyruvic_Acid,23
24.25,H8_Pyruvic_Acid,21
24.5,H8_Pyruvic_Acid,24
24.75,H8_Pyruvic_Acid,26
25.0,H8_Pyruvic_Acid,23
25.25,H8_Pyruvic_Acid,22
25.5,H8_Pyruvic_Acid,26
25.75,H8_Pyruvic_Acid,24
26.0,H8_Pyruvic_Acid,24
26.25,H8_Pyruvic_Acid,23
26.5,H8_Pyruvic_Acid,23
26.75,H8_Pyruvic_Acid,22
27.0,H8_Pyruvic_Acid,24
27.25,H8_Pyruvic_Acid,25
27.5,H8_Pyruvic_Acid,25
27.75,H8_Pyruvic_Acid,25
28.0,H8_Pyruvic_Acid,26
28.25,H8_Pyruvic_Acid,27
28.5,H8_Pyruvic_Acid,31
28.75,H8_Pyruvic_Acid,20
29.0,H8_Pyruvic_Acid,31
29.25,H8_Pyruvic_Acid,24
29.5,H8_Pyruvic_Acid,27
29.75,H8_Pyruvic_Acid,24
30.0,H8_Pyruvic_Acid,30
30.25,H8_Pyruvic_Acid,23
30.5,H8_Pyruvic_Acid,25
30.75,H8_Pyruvic_Acid,27
31.0,H8_Pyruvic_Acid,22
31.25,H8_Pyruvic_Acid,25
31.5,H8_Pyruvic_Acid,24
31.75,H8_Pyruvic_Acid,29
32.0,H8_Pyruvic_Acid,28
32.25,H8_Pyruvic_Acid,29
32.5,H8_Pyruvic_Acid,22
32.75,H8_Pyruvic_Acid,29
33.0,H8_Pyruvic_Acid,25
33.25,H8_Pyruvic_Acid,25
33.5,H8_Pyruvic_Acid,27
33.75,H8_Pyruvic_Acid,25
34.0,H8_Pyruvic_Acid,28
34.25,H8_Pyruvic_Acid,23
34.5,H8_Pyruvic_Acid,25
34.75,H8_Pyruvic_Acid,29
35.0,H8_Pyruvic_Acid,23
35.25,H8_Pyruvic_Acid,23
35.5,H8_Pyruvic_Acid,28
35.75,H8_Pyruvic_Acid,27
36.0,H8_Pyruvic_Acid,27
36.25,H8_Pyruvic_Acid,26
36.5,H8_Pyruvic_Acid,29
36.75,H8_Pyruvic_Acid,22
37.0,H8_Pyruvic_Acid,27
37.25,H8_Pyruvic_Acid,23
37.5,H8_Pyruvic_Acid,31
37.75,H8_Pyruvic_Acid,25
38.0,H8_Pyruvic_Acid,26
38.25,H8_Pyruvic_Acid,24
38.5,H8_Pyruvic_Acid,29
38.75,H8_Pyruvic_Acid,29
39.0,H8_Pyruvic_Acid,24
39.25,H8_Pyruvic_Acid,26
39.5,H8_Pyruvic_Acid,29
39.75,H8_Pyruvic_Acid,27
40.0,H8_Pyruvic_Acid,31
40.25,H8_Pyruvic_Acid,28
40.5,H8_Pyruvic_Acid,26
40.75,H8_Pyruvic_Acid,26
41.0,H8_Pyruvic_Acid,29
41.25,H8_Pyruvic_Acid,30
41.5,H8_Pyruvic_Acid,29
41.75,H8_Pyruvic_Acid,31
42.0,H8_Pyruvic_Acid,32
42.25,H8_Pyruvic_Acid,33
42.5,H8_Pyruvic_Acid,35
42.75,H8_Pyruvic_Acid,34
43.0,H8_Pyruvic_Acid,31
43.25,H8_Pyruvic_Acid,30
43.5,H8_Pyruvic_Acid,30
43.75,H8_Pyruvic_Acid,31
44.0,H8_Pyruvic_Acid,30
44.25,H8_Pyruvic_Acid,27
44.5,H8_Pyruvic_Acid,30
44.75,H8_Pyruvic_Acid,30
45.0,H8_Pyruvic_Acid,29
45.25,H8_Pyruvic_Acid,32
45.5,H8_Pyruvic_Acid,29
45.75,H8_Pyruvic_Acid,30
46.0,H8_Pyruvic_Acid,30
46.25,H8_Pyruvic_Acid,26
46.5,H8_Pyruvic_Acid,30
46.75,H8_Pyruvic_Acid,27
47.0,H8_Pyruvic_Acid,26
47.25,H8_Pyruvic_Acid,34
47.5,H8_Pyruvic_Acid,30
47.75,H8_Pyruvic_Acid,35
48.0,H8_Pyruvic_Acid,27
48.25,H8_Pyruvic_Acid,33
0.0,H9_L-Galactonic_Acid-g-Lactone,14
0.25,H9_L-Galactonic_Acid-g-Lactone,17
0.5,H9_L-Galactonic_Acid-g-Lactone,15
0.75,H9_L-Galactonic_Acid-g-Lactone,14
1.0,H9_L-Galactonic_Acid-g-Lactone,17
1.25,H9_L-Galactonic_Acid-g-Lactone,20
1.5,H9_L-Galactonic_Acid-g-Lactone,13
1.75,H9_L-Galactonic_Acid-g-Lactone,14
2.0,H9_L-Galactonic_Acid-g-Lactone,12
2.25,H9_L-Galactonic_Acid-g-Lactone,11
2.5,H9_L-Galactonic_Acid-g-Lactone,17
2.75,H9_L-Galactonic_Acid-g-Lactone,14
3.0,H9_L-Galactonic_Acid-g-Lactone,12
3.25,H9_L-Galactonic_Acid-g-Lactone,14
3.5,H9_L-Galactonic_Acid-g-Lactone,16
3.75,H9_L-Galactonic_Acid-g-Lactone,13
4.0,H9_L-Galactonic_Acid-g-Lactone,12
4.25,H9_L-Galactonic_Acid-g-Lactone,13
4.5,H9_L-Galactonic_Acid-g-Lactone,14
4.75,H9_L-Galactonic_Acid-g-Lactone,12
5.0,H9_L-Galactonic_Acid-g-Lactone,16
5.25,H9_L-Galactonic_Acid-g-Lactone,13
5.5,H9_L-Galactonic_Acid-g-Lactone,11
5.75,H9_L-Galactonic_Acid-g-Lactone,15
6.0,H9_L-Galactonic_Acid-g-Lactone,12
6.25,H9_L-Galactonic_Acid-g-Lactone,16
6.5,H9_L-Galactonic_Acid-g-Lactone,15
6.75,H9_L-Galactonic_Acid-g-Lactone,11
7.0,H9_L-Galactonic_Acid-g-Lactone,13
7.25,H9_L-Galactonic_Acid-g-Lactone,15
7.5,H9_L-Galactonic_Acid-g-Lactone,12
7.75,H9_L-Galactonic_Acid-g-Lactone,17
8.0,H9_L-Galactonic_Acid-g-Lactone,16
8.25,H9_L-Galactonic_Acid-g-Lactone,16
8.5,H9_L-Galactonic_Acid-g-Lactone,15
8.75,H9_L-Galactonic_Acid-g-Lactone,17
9.0,H9_L-Galactonic_Acid-g-Lactone,11
9.25,H9_L-Galactonic_Acid-g-Lactone,17
9.5,H9_L-Galactonic_Acid-g-Lactone,13
9.75,H9_L-Galactonic_Acid-g-Lactone,16
10.0,H9_L-Galactonic_Acid-g-Lactone,11
10.25,H9_L-Galactonic_Acid-g-Lactone,16
10.5,H9_L-Galactonic_Acid-g-Lactone,11
10.75,H9_L-Galactonic_Acid-g-Lactone,13
11.0,H9_L-Galactonic_Acid-g-Lactone,11
11.25,H9_L-Galactonic_Acid-g-Lactone,12
11.5,H9_L-Galactonic_Acid-g-Lactone,13
11.75,H9_L-Galactonic_Acid-g-Lactone,11
12.0,H9_L-Galactonic_Acid-g-Lactone,14
12.25,H9_L-Galactonic_Acid-g-Lactone,15
12.5,H9_L-Galactonic_Acid-g-Lactone,15
12.75,H9_L-Galactonic_Acid-g-Lactone,11
13.0,H9_L-Galactonic_Acid-g-Lactone,15
13.25,H9_L-Galactonic_Acid-g-Lactone,14
13.5,H9_L-Galactonic_Acid-g-Lactone,13
13.75,H9_L-Galactonic_Acid-g-Lactone,16
14.0,H9_L-Galactonic_Acid-g-Lactone,11
14.25,H9_L-Galactonic_Acid-g-Lactone,13
14.5,H9_L-Galactonic_Acid-g-Lactone,16
14.75,H9_L-Galactonic_Acid-g-Lactone,11
15.0,H9_L-Galactonic_Acid-g-Lactone,14
15.25,H9_L-Galactonic_Acid-g-Lactone,14
15.5,H9_L-Galactonic_Acid-g-Lactone,13
15.75,H9_L-Galactonic_Acid-g-Lactone,13
16.0,H9_L-Galactonic_Acid-g-Lactone,12
16.25,H9_L-Galactonic_Acid-g-Lactone,14
16.5,H9_L-Galactonic_Acid-g-Lactone,11
16.75,H9_L-Galactonic_Acid-g-Lactone,11
17.0,H9_L-Galactonic_Acid-g-Lactone,15
17.25,H9_L-Galactonic_Acid-g-Lactone,16
17.5,H9_L-Galactonic_Acid-g-Lactone,13
17.75,H9_L-Galactonic_Acid-g-Lactone,15
18.0,H9_L-Galactonic_Acid-g-Lactone,14
18.25,H9_L-Galactonic_Acid-g-Lactone,13
18.5,H9_L-Galactonic_Acid-g-Lactone,11
18.75,H9_L-Galactonic_Acid-g-Lactone,11
19.0,H9_L-Galactonic_Acid-g-Lactone,11
19.25,H9_L-Galactonic_Acid-g-Lactone,13
19.5,H9_L-Galactonic_Acid-g-Lactone,14
19.75,H9_L-Galactonic_Acid-g-Lactone,17
20.0,H9_L-Galactonic_Acid-g-Lactone,15
20.25,H9_L-Galactonic_Acid-g-Lactone,17
20.5,H9_L-Galactonic_Acid-g-Lactone,16
20.75,H9_L-Galactonic_Acid-g-Lactone,15
21.0,H9_L-Galactonic_Acid-g-Lactone,16
21.25,H9_L-Galactonic_Acid-g-Lactone,14
21.5,H9_L-Galactonic_Acid-g-Lactone,14
21.75,H9_L-Galactonic_Acid-g-Lactone,13
22.0,H9_L-Galactonic_Acid-g-Lactone,13
22.25,H9_L-Galactonic_Acid-g-Lactone,11
22.5,H9_L-Galactonic_Acid-g-Lactone,18
22.75,H9_L-Galactonic_Acid-g-Lactone,11
23.0,H9_L-Galactonic_Acid-g-Lactone,12
23.25,H9_L-Galactonic_Acid-g-Lactone,15
23.5,H9_L-Galactonic_Acid-g-Lactone,15
23.75,H9_L-Galactonic_Acid-g-Lactone,17
24.0,H9_L-Galactonic_Acid-g-Lactone,13
24.25,H9_L-Galactonic_Acid-g-Lactone,15
24.5,H9_L-Galactonic_Acid-g-Lactone,11
24.75,H9_L-Galactonic_Acid-g-Lactone,18
25.0,H9_L-Galactonic_Acid-g-Lactone,12
25.25,H9_L-Galactonic_Acid-g-Lactone,11
25.5,H9_L-Galactonic_Acid-g-Lactone,13
25.75,H9_L-Galactonic_Acid-g-Lactone,11
26.0,H9_L-Galactonic_Acid-g-Lactone,12
26.25,H9_L-Galactonic_Acid-g-Lactone,15
26.5,H9_L-Galactonic_Acid-g-Lactone,12
26.75,H9_L-Galactonic_Acid-g-Lactone,13
27.0,H9_L-Galactonic_Acid-g-Lactone,14
27.25,H9_L-Galactonic_Acid-g-Lactone,11
27.5,H9_L-Galactonic_Acid-g-Lactone,17
27.75,H9_L-Galactonic_Acid-g-Lactone,13
28.0,H9_L-Galactonic_Acid-g-Lactone,13
28.25,H9_L-Galactonic_Acid-g-Lactone,14
28.5,H9_L-Galactonic_Acid-g-Lactone,11
28.75,H9_L-Galactonic_Acid-g-Lactone,12
29.0,H9_L-Galactonic_Acid-g-Lactone,12
29.25,H9_L-Galactonic_Acid-g-Lactone,14
29.5,H9_L-Galactonic_Acid-g-Lactone,12
29.75,H9_L-Galactonic_Acid-g-Lactone,12
30.0,H9_L-Galactonic_Acid-g-Lactone,11
30.25,H9_L-Galactonic_Acid-g-Lactone,11
30.5,H9_L-Galactonic_Acid-g-Lactone,11
30.75,H9_L-Galactonic_Acid-g-Lactone,15
31.0,H9_L-Galactonic_Acid-g-Lactone,13
31.25,H9_L-Galactonic_Acid-g-Lactone,14
31.5,H9_L-Galactonic_Acid-g-Lactone,14
31.75,H9_L-Galactonic_Acid-g-Lactone,15
32.0,H9_L-Galactonic_Acid-g-Lactone,18
32.25,H9_L-Galactonic_Acid-g-Lactone,16
32.5,H9_L-Galactonic_Acid-g-Lactone,14
32.75,H9_L-Galactonic_Acid-g-Lactone,14
33.0,H9_L-Galactonic_Acid-g-Lactone,16
33.25,H9_L-Galactonic_Acid-g-Lactone,11
33.5,H9_L-Galactonic_Acid-g-Lactone,11
33.75,H9_L-Galactonic_Acid-g-Lactone,19
34.0,H9_L-Galactonic_Acid-g-Lactone,12
34.25,H9_L-Galactonic_Acid-g-Lactone,14
34.5,H9_L-Galactonic_Acid-g-Lactone,14
34.75,H9_L-Galactonic_Acid-g-Lactone,16
35.0,H9_L-Galactonic_Acid-g-Lactone,12
35.25,H9_L-Galactonic_Acid-g-Lactone,11
35.5,H9_L-Galactonic_Acid-g-Lactone,15
35.75,H9_L-Galactonic_Acid-g-Lactone,17
36.0,H9_L-Galactonic_Acid-g-Lactone,12
36.25,H9_L-Galactonic_Acid-g-Lactone,15
36.5,H9_L-Galactonic_Acid-g-Lactone,16
36.75,H9_L-Galactonic_Acid-g-Lactone,15
37.0,H9_L-Galactonic_Acid-g-Lactone,14
37.25,H9_L-Galactonic_Acid-g-Lactone,11
37.5,H9_L-Galactonic_Acid-g-Lactone,12
37.75,H9_L-Galactonic_Acid-g-Lactone,16
38.0,H9_L-Galactonic_Acid-g-Lactone,12
38.25,H9_L-Galactonic_Acid-g-Lactone,15
38.5,H9_L-Galactonic_Acid-g-Lactone,13
38.75,H9_L-Galactonic_Acid-g-Lactone,16
39.0,H9_L-Galactonic_Acid-g-Lactone,15
39.25,H9_L-Galactonic_Acid-g-Lactone,13
39.5,H9_L-Galactonic_Acid-g-Lactone,13
39.75,H9_L-Galactonic_Acid-g-Lactone,11
40.0,H9_L-Galactonic_Acid-g-Lactone,17
40.25,H9_L-Galactonic_Acid-g-Lactone,11
40.5,H9_L-Galactonic_Acid-g-Lactone,14
40.75,H9_L-Galactonic_Acid-g-Lactone,15
41.0,H9_L-Galactonic_Acid-g-Lactone,19
41.25,H9_L-Galactonic_Acid-g-Lactone,18
41.5,H9_L-Galactonic_Acid-g-Lactone,15
41.75,H9_L-Galactonic_Acid-g-Lactone,18
42.0,H9_L-Galactonic_Acid-g-Lactone,16
42.25,H9_L-Galactonic_Acid-g-Lactone,15
42.5,H9_L-Galactonic_Acid-g-Lactone,17
42.75,H9_L-Galactonic_Acid-g-Lactone,17
43.0,H9_L-Galactonic_Acid-g-Lactone,19
43.25,H9_L-Galactonic_Acid-g-Lactone,15
43.5,H9_L-Galactonic_Acid-g-Lactone,14
43.75,H9_L-Galactonic_Acid-g-Lactone,24
44.0,H9_L-Galactonic_Acid-g-Lactone,17
44.25,H9_L-Galactonic_Acid-g-Lactone,16
44.5,H9_L-Galactonic_Acid-g-Lactone,21
44.75,H9_L-Galactonic_Acid-g-Lactone,15
45.0,H9_L-Galactonic_Acid-g-Lactone,18
45.25,H9_L-Galactonic_Acid-g-Lactone,18
45.5,H9_L-Galactonic_Acid-g-Lactone,18
45.75,H9_L-Galactonic_Acid-g-Lactone,18
46.0,H9_L-Galactonic_Acid-g-Lactone,20
46.25,H9_L-Galactonic_Acid-g-Lactone,12
46.5,H9_L-Galactonic_Acid-g-Lactone,18
46.75,H9_L-Galactonic_Acid-g-Lactone,17
47.0,H9_L-Galactonic_Acid-g-Lactone,16
47.25,H9_L-Galactonic_Acid-g-Lactone,17
47.5,H9_L-Galactonic_Acid-g-Lactone,21
47.75,H9_L-Galactonic_Acid-g-Lactone,15
48.0,H9_L-Galactonic_Acid-g-Lactone,17
48.25,H9_L-Galactonic_Acid-g-Lactone,19
0.0,H10_D-GalacturonicAcid,13
0.25,H10_D-GalacturonicAcid,12
0.5,H10_D-GalacturonicAcid,13
0.75,H10_D-GalacturonicAcid,12
1.0,H10_D-GalacturonicAcid,16
1.25,H10_D-GalacturonicAcid,18
1.5,H10_D-GalacturonicAcid,12
1.75,H10_D-GalacturonicAcid,16
2.0,H10_D-GalacturonicAcid,13
2.25,H10_D-GalacturonicAcid,11
2.5,H10_D-GalacturonicAcid,12
2.75,H10_D-GalacturonicAcid,16
3.0,H10_D-GalacturonicAcid,15
3.25,H10_D-GalacturonicAcid,12
3.5,H10_D-GalacturonicAcid,17
3.75,H10_D-GalacturonicAcid,12
4.0,H10_D-GalacturonicAcid,16
4.25,H10_D-GalacturonicAcid,11
4.5,H10_D-GalacturonicAcid,18
4.75,H10_D-GalacturonicAcid,16
5.0,H10_D-GalacturonicAcid,12
5.25,H10_D-GalacturonicAcid,19
5.5,H10_D-GalacturonicAcid,15
5.75,H10_D-GalacturonicAcid,16
6.0,H10_D-GalacturonicAcid,13
6.25,H10_D-GalacturonicAcid,14
6.5,H10_D-GalacturonicAcid,11
6.75,H10_D-GalacturonicAcid,19
7.0,H10_D-GalacturonicAcid,19
7.25,H10_D-GalacturonicAcid,11
7.5,H10_D-GalacturonicAcid,15
7.75,H10_D-GalacturonicAcid,15
8.0,H10_D-GalacturonicAcid,15
8.25,H10_D-GalacturonicAcid,16
8.5,H10_D-GalacturonicAcid,17
8.75,H10_D-GalacturonicAcid,14
9.0,H10_D-GalacturonicAcid,11
9.25,H10_D-GalacturonicAcid,12
9.5,H10_D-GalacturonicAcid,16
9.75,H10_D-GalacturonicAcid,15
10.0,H10_D-GalacturonicAcid,14
10.25,H10_D-GalacturonicAcid,15
10.5,H10_D-GalacturonicAcid,12
10.75,H10_D-GalacturonicAcid,15
11.0,H10_D-GalacturonicAcid,15
11.25,H10_D-GalacturonicAcid,17
11.5,H10_D-GalacturonicAcid,15
11.75,H10_D-GalacturonicAcid,18
12.0,H10_D-GalacturonicAcid,16
12.25,H10_D-GalacturonicAcid,16
12.5,H10_D-GalacturonicAcid,18
12.75,H10_D-GalacturonicAcid,15
13.0,H10_D-GalacturonicAcid,16
13.25,H10_D-GalacturonicAcid,19
13.5,H10_D-GalacturonicAcid,14
13.75,H10_D-GalacturonicAcid,21
14.0,H10_D-GalacturonicAcid,16
14.25,H10_D-GalacturonicAcid,17
14.5,H10_D-GalacturonicAcid,15
14.75,H10_D-GalacturonicAcid,17
15.0,H10_D-GalacturonicAcid,17
15.25,H10_D-GalacturonicAcid,15
15.5,H10_D-GalacturonicAcid,16
15.75,H10_D-GalacturonicAcid,12
16.0,H10_D-GalacturonicAcid,14
16.25,H10_D-GalacturonicAcid,15
16.5,H10_D-GalacturonicAcid,13
16.75,H10_D-GalacturonicAcid,17
17.0,H10_D-GalacturonicAcid,22
17.25,H10_D-GalacturonicAcid,15
17.5,H10_D-GalacturonicAcid,17
17.75,H10_D-GalacturonicAcid,17
18.0,H10_D-GalacturonicAcid,17
18.25,H10_D-GalacturonicAcid,17
18.5,H10_D-GalacturonicAcid,18
18.75,H10_D-GalacturonicAcid,19
19.0,H10_D-GalacturonicAcid,19
19.25,H10_D-GalacturonicAcid,19
19.5,H10_D-GalacturonicAcid,20
19.75,H10_D-GalacturonicAcid,16
20.0,H10_D-GalacturonicAcid,16
20.25,H10_D-GalacturonicAcid,22
20.5,H10_D-GalacturonicAcid,24
20.75,H10_D-GalacturonicAcid,19
21.0,H10_D-GalacturonicAcid,25
21.25,H10_D-GalacturonicAcid,20
21.5,H10_D-GalacturonicAcid,18
21.75,H10_D-GalacturonicAcid,19
22.0,H10_D-GalacturonicAcid,17
22.25,H10_D-GalacturonicAcid,26
22.5,H10_D-GalacturonicAcid,24
22.75,H10_D-GalacturonicAcid,22
23.0,H10_D-GalacturonicAcid,23
23.25,H10_D-GalacturonicAcid,23
23.5,H10_D-GalacturonicAcid,19
23.75,H10_D-GalacturonicAcid,24
24.0,H10_D-GalacturonicAcid,23
24.25,H10_D-GalacturonicAcid,20
24.5,H10_D-GalacturonicAcid,18
24.75,H10_D-GalacturonicAcid,23
25.0,H10_D-GalacturonicAcid,19
25.25,H10_D-GalacturonicAcid,25
25.5,H10_D-GalacturonicAcid,21
25.75,H10_D-GalacturonicAcid,19
26.0,H10_D-GalacturonicAcid,19
26.25,H10_D-GalacturonicAcid,25
26.5,H10_D-GalacturonicAcid,23
26.75,H10_D-GalacturonicAcid,21
27.0,H10_D-GalacturonicAcid,21
27.25,H10_D-GalacturonicAcid,24
27.5,H10_D-GalacturonicAcid,23
27.75,H10_D-GalacturonicAcid,23
28.0,H10_D-GalacturonicAcid,25
28.25,H10_D-GalacturonicAcid,22
28.5,H10_D-GalacturonicAcid,24
28.75,H10_D-GalacturonicAcid,26
29.0,H10_D-GalacturonicAcid,25
29.25,H10_D-GalacturonicAcid,22
29.5,H10_D-GalacturonicAcid,23
29.75,H10_D-GalacturonicAcid,22
30.0,H10_D-GalacturonicAcid,23
30.25,H10_D-GalacturonicAcid,23
30.5,H10_D-GalacturonicAcid,26
30.75,H10_D-GalacturonicAcid,27
31.0,H10_D-GalacturonicAcid,21
31.25,H10_D-GalacturonicAcid,23
31.5,H10_D-GalacturonicAcid,26
31.75,H10_D-GalacturonicAcid,24
32.0,H10_D-GalacturonicAcid,22
32.25,H10_D-GalacturonicAcid,23
32.5,H10_D-GalacturonicAcid,27
32.75,H10_D-GalacturonicAcid,24
33.0,H10_D-GalacturonicAcid,25
33.25,H10_D-GalacturonicAcid,22
33.5,H10_D-GalacturonicAcid,24
33.75,H10_D-GalacturonicAcid,23
34.0,H10_D-GalacturonicAcid,25
34.25,H10_D-GalacturonicAcid,18
34.5,H10_D-GalacturonicAcid,25
34.75,H10_D-GalacturonicAcid,20
35.0,H10_D-GalacturonicAcid,18
35.25,H10_D-GalacturonicAcid,24
35.5,H10_D-GalacturonicAcid,26
35.75,H10_D-GalacturonicAcid,24
36.0,H10_D-GalacturonicAcid,25
36.25,H10_D-GalacturonicAcid,25
36.5,H10_D-GalacturonicAcid,22
36.75,H10_D-GalacturonicAcid,20
37.0,H10_D-GalacturonicAcid,27
37.25,H10_D-GalacturonicAcid,22
37.5,H10_D-GalacturonicAcid,19
37.75,H10_D-GalacturonicAcid,25
38.0,H10_D-GalacturonicAcid,19
38.25,H10_D-GalacturonicAcid,22
38.5,H10_D-GalacturonicAcid,22
38.75,H10_D-GalacturonicAcid,22
39.0,H10_D-GalacturonicAcid,21
39.25,H10_D-GalacturonicAcid,22
39.5,H10_D-GalacturonicAcid,21
39.75,H10_D-GalacturonicAcid,17
40.0,H10_D-GalacturonicAcid,26
40.25,H10_D-GalacturonicAcid,19
40.5,H10_D-GalacturonicAcid,24
40.75,H10_D-GalacturonicAcid,26
41.0,H10_D-GalacturonicAcid,16
41.25,H10_D-GalacturonicAcid,24
41.5,H10_D-GalacturonicAcid,23
41.75,H10_D-GalacturonicAcid,25
42.0,H10_D-GalacturonicAcid,25
42.25,H10_D-GalacturonicAcid,26
42.5,H10_D-GalacturonicAcid,29
42.75,H10_D-GalacturonicAcid,26
43.0,H10_D-GalacturonicAcid,21
43.25,H10_D-GalacturonicAcid,23
43.5,H10_D-GalacturonicAcid,26
43.75,H10_D-GalacturonicAcid,31
44.0,H10_D-GalacturonicAcid,25
44.25,H10_D-GalacturonicAcid,22
44.5,H10_D-GalacturonicAcid,29
44.75,H10_D-GalacturonicAcid,24
45.0,H10_D-GalacturonicAcid,25
45.25,H10_D-GalacturonicAcid,25
45.5,H10_D-GalacturonicAcid,22
45.75,H10_D-GalacturonicAcid,24
46.0,H10_D-GalacturonicAcid,25
46.25,H10_D-GalacturonicAcid,26
46.5,H10_D-GalacturonicAcid,25
46.75,H10_D-GalacturonicAcid,22
47.0,H10_D-GalacturonicAcid,22
47.25,H10_D-GalacturonicAcid,24
47.5,H10_D-GalacturonicAcid,27
47.75,H10_D-GalacturonicAcid,23
48.0,H10_D-GalacturonicAcid,21
48.25,H10_D-GalacturonicAcid,20
0.0,H11_Phenylethylamine,23
0.25,H11_Phenylethylamine,23
0.5,H11_Phenylethylamine,17
0.75,H11_Phenylethylamine,22
1.0,H11_Phenylethylamine,16
1.25,H11_Phenylethylamine,22
1.5,H11_Phenylethylamine,20
1.75,H11_Phenylethylamine,16
2.0,H11_Phenylethylamine,18
2.25,H11_Phenylethylamine,18
2.5,H11_Phenylethylamine,14
2.75,H11_Phenylethylamine,23
3.0,H11_Phenylethylamine,20
3.25,H11_Phenylethylamine,23
3.5,H11_Phenylethylamine,18
3.75,H11_Phenylethylamine,21
4.0,H11_Phenylethylamine,22
4.25,H11_Phenylethylamine,20
4.5,H11_Phenylethylamine,14
4.75,H11_Phenylethylamine,20
5.0,H11_Phenylethylamine,18
5.25,H11_Phenylethylamine,20
5.5,H11_Phenylethylamine,17
5.75,H11_Phenylethylamine,16
6.0,H11_Phenylethylamine,19
6.25,H11_Phenylethylamine,21
6.5,H11_Phenylethylamine,20
6.75,H11_Phenylethylamine,19
7.0,H11_Phenylethylamine,22
7.25,H11_Phenylethylamine,20
7.5,H11_Phenylethylamine,20
7.75,H11_Phenylethylamine,20
8.0,H11_Phenylethylamine,21
8.25,H11_Phenylethylamine,21
8.5,H11_Phenylethylamine,21
8.75,H11_Phenylethylamine,20
9.0,H11_Phenylethylamine,19
9.25,H11_Phenylethylamine,23
9.5,H11_Phenylethylamine,17
9.75,H11_Phenylethylamine,19
10.0,H11_Phenylethylamine,19
10.25,H11_Phenylethylamine,22
10.5,H11_Phenylethylamine,20
10.75,H11_Phenylethylamine,20
11.0,H11_Phenylethylamine,18
11.25,H11_Phenylethylamine,19
11.5,H11_Phenylethylamine,18
11.75,H11_Phenylethylamine,21
12.0,H11_Phenylethylamine,18
12.25,H11_Phenylethylamine,20
12.5,H11_Phenylethylamine,18
12.75,H11_Phenylethylamine,22
13.0,H11_Phenylethylamine,18
13.25,H11_Phenylethylamine,23
13.5,H11_Phenylethylamine,20
13.75,H11_Phenylethylamine,19
14.0,H11_Phenylethylamine,20
14.25,H11_Phenylethylamine,21
14.5,H11_Phenylethylamine,21
14.75,H11_Phenylethylamine,20
15.0,H11_Phenylethylamine,19
15.25,H11_Phenylethylamine,21
15.5,H11_Phenylethylamine,18
15.75,H11_Phenylethylamine,17
16.0,H11_Phenylethylamine,22
16.25,H11_Phenylethylamine,20
16.5,H11_Phenylethylamine,17
16.75,H11_Phenylethylamine,19
17.0,H11_Phenylethylamine,21
17.25,H11_Phenylethylamine,23
17.5,H11_Phenylethylamine,22
17.75,H11_Phenylethylamine,22
18.0,H11_Phenylethylamine,20
18.25,H11_Phenylethylamine,21
18.5,H11_Phenylethylamine,19
18.75,H11_Phenylethylamine,19
19.0,H11_Phenylethylamine,23
19.25,H11_Phenylethylamine,23
19.5,H11_Phenylethylamine,16
19.75,H11_Phenylethylamine,20
20.0,H11_Phenylethylamine,22
20.25,H11_Phenylethylamine,21
20.5,H11_Phenylethylamine,26
20.75,H11_Phenylethylamine,23
21.0,H11_Phenylethylamine,24
21.25,H11_Phenylethylamine,23
21.5,H11_Phenylethylamine,21
21.75,H11_Phenylethylamine,23
22.0,H11_Phenylethylamine,24
22.25,H11_Phenylethylamine,21
22.5,H11_Phenylethylamine,22
22.75,H11_Phenylethylamine,22
23.0,H11_Phenylethylamine,22
23.25,H11_Phenylethylamine,20
23.5,H11_Phenylethylamine,24
23.75,H11_Phenylethylamine,21
24.0,H11_Phenylethylamine,23
24.25,H11_Phenylethylamine,22
24.5,H11_Phenylethylamine,22
24.75,H11_Phenylethylamine,27
25.0,H11_Phenylethylamine,20
25.25,H11_Phenylethylamine,25
25.5,H11_Phenylethylamine,25
25.75,H11_Phenylethylamine,23
26.0,H11_Phenylethylamine,21
26.25,H11_Phenylethylamine,28
26.5,H11_Phenylethylamine,25
26.75,H11_Phenylethylamine,25
27.0,H11_Phenylethylamine,28
27.25,H11_Phenylethylamine,27
27.5,H11_Phenylethylamine,26
27.75,H11_Phenylethylamine,23
28.0,H11_Phenylethylamine,24
28.25,H11_Phenylethylamine,27
28.5,H11_Phenylethylamine,24
28.75,H11_Phenylethylamine,25
29.0,H11_Phenylethylamine,29
29.25,H11_Phenylethylamine,29
29.5,H11_Phenylethylamine,30
29.75,H11_Phenylethylamine,35
30.0,H11_Phenylethylamine,28
30.25,H11_Phenylethylamine,27
30.5,H11_Phenylethylamine,27
30.75,H11_Phenylethylamine,29
31.0,H11_Phenylethylamine,28
31.25,H11_Phenylethylamine,24
31.5,H11_Phenylethylamine,30
31.75,H11_Phenylethylamine,28
32.0,H11_Phenylethylamine,26
32.25,H11_Phenylethylamine,30
32.5,H11_Phenylethylamine,26
32.75,H11_Phenylethylamine,26
33.0,H11_Phenylethylamine,29
33.25,H11_Phenylethylamine,28
33.5,H11_Phenylethylamine,26
33.75,H11_Phenylethylamine,26
34.0,H11_Phenylethylamine,29
34.25,H11_Phenylethylamine,25
34.5,H11_Phenylethylamine,31
34.75,H11_Phenylethylamine,28
35.0,H11_Phenylethylamine,26
35.25,H11_Phenylethylamine,26
35.5,H11_Phenylethylamine,32
35.75,H11_Phenylethylamine,29
36.0,H11_Phenylethylamine,29
36.25,H11_Phenylethylamine,28
36.5,H11_Phenylethylamine,27
36.75,H11_Phenylethylamine,31
37.0,H11_Phenylethylamine,26
37.25,H11_Phenylethylamine,27
37.5,H11_Phenylethylamine,26
37.75,H11_Phenylethylamine,27
38.0,H11_Phenylethylamine,31
38.25,H11_Phenylethylamine,26
38.5,H11_Phenylethylamine,28
38.75,H11_Phenylethylamine,31
39.0,H11_Phenylethylamine,27
39.25,H11_Phenylethylamine,26
39.5,H11_Phenylethylamine,28
39.75,H11_Phenylethylamine,28
40.0,H11_Phenylethylamine,36
40.25,H11_Phenylethylamine,33
40.5,H11_Phenylethylamine,28
40.75,H11_Phenylethylamine,26
41.0,H11_Phenylethylamine,30
41.25,H11_Phenylethylamine,25
41.5,H11_Phenylethylamine,32
41.75,H11_Phenylethylamine,28
42.0,H11_Phenylethylamine,32
42.25,H11_Phenylethylamine,32
42.5,H11_Phenylethylamine,32
42.75,H11_Phenylethylamine,32
43.0,H11_Phenylethylamine,33
43.25,H11_Phenylethylamine,36
43.5,H11_Phenylethylamine,33
43.75,H11_Phenylethylamine,31
44.0,H11_Phenylethylamine,32
44.25,H11_Phenylethylamine,30
44.5,H11_Phenylethylamine,28
44.75,H11_Phenylethylamine,30
45.0,H11_Phenylethylamine,37
45.25,H11_Phenylethylamine,34
45.5,H11_Phenylethylamine,32
45.75,H11_Phenylethylamine,34
46.0,H11_Phenylethylamine,35
46.25,H11_Phenylethylamine,32
46.5,H11_Phenylethylamine,35
46.75,H11_Phenylethylamine,29
47.0,H11_Phenylethylamine,27
47.25,H11_Phenylethylamine,33
47.5,H11_Phenylethylamine,33
47.75,H11_Phenylethylamine,32
48.0,H11_Phenylethylamine,34
48.25,H11_Phenylethylamine,35
0.0,H12_2-Aminoethanol,20
0.25,H12_2-Aminoethanol,17
0.5,H12_2-Aminoethanol,19
0.75,H12_2-Aminoethanol,22
1.0,H12_2-Aminoethanol,21
1.25,H12_2-Aminoethanol,22
1.5,H12_2-Aminoethanol,21
1.75,H12_2-Aminoethanol,15
2.0,H12_2-Aminoethanol,22
2.25,H12_2-Aminoethanol,13
2.5,H12_2-Aminoethanol,19
2.75,H12_2-Aminoethanol,20
3.0,H12_2-Aminoethanol,19
3.25,H12_2-Aminoethanol,19
3.5,H12_2-Aminoethanol,22
3.75,H12_2-Aminoethanol,19
4.0,H12_2-Aminoethanol,22
4.25,H12_2-Aminoethanol,19
4.5,H12_2-Aminoethanol,14
4.75,H12_2-Aminoethanol,17
5.0,H12_2-Aminoethanol,17
5.25,H12_2-Aminoethanol,22
5.5,H12_2-Aminoethanol,18
5.75,H12_2-Aminoethanol,18
6.0,H12_2-Aminoethanol,21
6.25,H12_2-Aminoethanol,22
6.5,H12_2-Aminoethanol,17
6.75,H12_2-Aminoethanol,16
7.0,H12_2-Aminoethanol,21
7.25,H12_2-Aminoethanol,21
7.5,H12_2-Aminoethanol,18
7.75,H12_2-Aminoethanol,20
8.0,H12_2-Aminoethanol,24
8.25,H12_2-Aminoethanol,20
8.5,H12_2-Aminoethanol,20
8.75,H12_2-Aminoethanol,18
9.0,H12_2-Aminoethanol,21
9.25,H12_2-Aminoethanol,23
9.5,H12_2-Aminoethanol,21
9.75,H12_2-Aminoethanol,18
10.0,H12_2-Aminoethanol,16
10.25,H12_2-Aminoethanol,15
10.5,H12_2-Aminoethanol,18
10.75,H12_2-Aminoethanol,19
11.0,H12_2-Aminoethanol,15
11.25,H12_2-Aminoethanol,21
11.5,H12_2-Aminoethanol,18
11.75,H12_2-Aminoethanol,19
12.0,H12_2-Aminoethanol,21
12.25,H12_2-Aminoethanol,16
12.5,H12_2-Aminoethanol,25
12.75,H12_2-Aminoethanol,21
13.0,H12_2-Aminoethanol,24
13.25,H12_2-Aminoethanol,17
13.5,H12_2-Aminoethanol,23
13.75,H12_2-Aminoethanol,21
14.0,H12_2-Aminoethanol,22
14.25,H12_2-Aminoethanol,20
14.5,H12_2-Aminoethanol,17
14.75,H12_2-Aminoethanol,21
15.0,H12_2-Aminoethanol,17
15.25,H12_2-Aminoethanol,20
15.5,H12_2-Aminoethanol,21
15.75,H12_2-Aminoethanol,19
16.0,H12_2-Aminoethanol,21
16.25,H12_2-Aminoethanol,22
16.5,H12_2-Aminoethanol,20
16.75,H12_2-Aminoethanol,19
17.0,H12_2-Aminoethanol,18
17.25,H12_2-Aminoethanol,18
17.5,H12_2-Aminoethanol,17
17.75,H12_2-Aminoethanol,23
18.0,H12_2-Aminoethanol,22
18.25,H12_2-Aminoethanol,23
18.5,H12_2-Aminoethanol,23
18.75,H12_2-Aminoethanol,16
19.0,H12_2-Aminoethanol,24
19.25,H12_2-Aminoethanol,22
19.5,H12_2-Aminoethanol,21
19.75,H12_2-Aminoethanol,22
20.0,H12_2-Aminoethanol,23
20.25,H12_2-Aminoethanol,21
20.5,H12_2-Aminoethanol,19
20.75,H12_2-Aminoethanol,21
21.0,H12_2-Aminoethanol,17
21.25,H12_2-Aminoethanol,22
21.5,H12_2-Aminoethanol,22
21.75,H12_2-Aminoethanol,20
22.0,H12_2-Aminoethanol,23
22.25,H12_2-Aminoethanol,24
22.5,H12_2-Aminoethanol,21
22.75,H12_2-Aminoethanol,24
23.0,H12_2-Aminoethanol,20
23.25,H12_2-Aminoethanol,18
23.5,H12_2-Aminoethanol,22
23.75,H12_2-Aminoethanol,25
24.0,H12_2-Aminoethanol,21
24.25,H12_2-Aminoethanol,24
24.5,H12_2-Aminoethanol,23
24.75,H12_2-Aminoethanol,22
25.0,H12_2-Aminoethanol,23
25.25,H12_2-Aminoethanol,26
25.5,H12_2-Aminoethanol,22
25.75,H12_2-Aminoethanol,24
26.0,H12_2-Aminoethanol,23
26.25,H12_2-Aminoethanol,21
26.5,H12_2-Aminoethanol,20
26.75,H12_2-Aminoethanol,24
27.0,H12_2-Aminoethanol,24
27.25,H12_2-Aminoethanol,22
27.5,H12_2-Aminoethanol,17
27.75,H12_2-Aminoethanol,28
28.0,H12_2-Aminoethanol,20
28.25,H12_2-Aminoethanol,24
28.5,H12_2-Aminoethanol,22
28.75,H12_2-Aminoethanol,24
29.0,H12_2-Aminoethanol,23
29.25,H12_2-Aminoethanol,25
29.5,H12_2-Aminoethanol,21
29.75,H12_2-Aminoethanol,24
30.0,H12_2-Aminoethanol,26
30.25,H12_2-Aminoethanol,25
30.5,H12_2-Aminoethanol,24
30.75,H12_2-Aminoethanol,25
31.0,H12_2-Aminoethanol,24
31.25,H12_2-Aminoethanol,24
31.5,H12_2-Aminoethanol,25
31.75,H12_2-Aminoethanol,25
32.0,H12_2-Aminoethanol,25
32.25,H12_2-Aminoethanol,23
32.5,H12_2-Aminoethanol,22
32.75,H12_2-Aminoethanol,23
33.0,H12_2-Aminoethanol,24
33.25,H12_2-Aminoethanol,21
33.5,H12_2-Aminoethanol,21
33.75,H12_2-Aminoethanol,24
34.0,H12_2-Aminoethanol,22
34.25,H12_2-Aminoethanol,26
34.5,H12_2-Aminoethanol,28
34.75,H12_2-Aminoethanol,22
35.0,H12_2-Aminoethanol,21
35.25,H12_2-Aminoethanol,29
35.5,H12_2-Aminoethanol,23
35.75,H12_2-Aminoethanol,27
36.0,H12_2-Aminoethanol,26
36.25,H12_2-Aminoethanol,25
36.5,H12_2-Aminoethanol,23
36.75,H12_2-Aminoethanol,24
37.0,H12_2-Aminoethanol,25
37.25,H12_2-Aminoethanol,23
37.5,H12_2-Aminoethanol,24
37.75,H12_2-Aminoethanol,21
38.0,H12_2-Aminoethanol,25
38.25,H12_2-Aminoethanol,27
38.5,H12_2-Aminoethanol,22
38.75,H12_2-Aminoethanol,21
39.0,H12_2-Aminoethanol,22
39.25,H12_2-Aminoethanol,26
39.5,H12_2-Aminoethanol,28
39.75,H12_2-Aminoethanol,23
40.0,H12_2-Aminoethanol,25
40.25,H12_2-Aminoethanol,24
40.5,H12_2-Aminoethanol,25
40.75,H12_2-Aminoethanol,27
41.0,H12_2-Aminoethanol,28
41.25,H12_2-Aminoethanol,21
41.5,H12_2-Aminoethanol,25
41.75,H12_2-Aminoethanol,29
42.0,H12_2-Aminoethanol,27
42.25,H12_2-Aminoethanol,22
42.5,H12_2-Aminoethanol,26
42.75,H12_2-Aminoethanol,23
43.0,H12_2-Aminoethanol,30
43.25,H12_2-Aminoethanol,26
43.5,H12_2-Aminoethanol,28
43.75,H12_2-Aminoethanol,24
44.0,H12_2-Aminoethanol,28
44.25,H12_2-Aminoethanol,25
44.5,H12_2-Aminoethanol,33
44.75,H12_2-Aminoethanol,28
45.0,H12_2-Aminoethanol,28
45.25,H12_2-Aminoethanol,30
45.5,H12_2-Aminoethanol,25
45.75,H12_2-Aminoethanol,26
46.0,H12_2-Aminoethanol,29
46.25,H12_2-Aminoethanol,27
46.5,H12_2-Aminoethanol,22
46.75,H12_2-Aminoethanol,25
47.0,H12_2-Aminoethanol,26
47.25,H12_2-Aminoethanol,24
47.5,H12_2-Aminoethanol,31
47.75,H12_2-Aminoethanol,31
48.0,H12_2-Aminoethanol,23
48.25,H12_2-Aminoethanol,28
