Hour,Type,Value
0.0,A1_Negative_Control,25
0.25,A1_Negative_Control,23
0.5,A1_Negative_Control,25
0.75,A1_Negative_Control,27
1.0,A1_Negative_Control,24
1.25,A1_Negative_Control,23
1.5,A1_Negative_Control,22
1.75,A1_Negative_Control,24
2.0,A1_Negative_Control,21
2.25,A1_Negative_Control,23
2.5,A1_Negative_Control,20
2.75,A1_Negative_Control,23
3.0,A1_Negative_Control,24
3.25,A1_Negative_Control,25
3.5,A1_Negative_Control,26
3.75,A1_Negative_Control,25
4.0,A1_Negative_Control,23
4.25,A1_Negative_Control,23
4.5,A1_Negative_Control,26
4.75,A1_Negative_Control,24
5.0,A1_Negative_Control,25
5.25,A1_Negative_Control,21
5.5,A1_Negative_Control,25
5.75,A1_Negative_Control,23
6.0,A1_Negative_Control,21
6.25,A1_Negative_Control,17
6.5,A1_Negative_Control,25
6.75,A1_Negative_Control,27
7.0,A1_Negative_Control,22
7.25,A1_Negative_Control,21
7.5,A1_Negative_Control,21
7.75,A1_Negative_Control,25
8.0,A1_Negative_Control,24
8.25,A1_Negative_Control,21
8.5,A1_Negative_Control,26
8.75,A1_Negative_Control,24
9.0,A1_Negative_Control,23
9.25,A1_Negative_Control,28
9.5,A1_Negative_Control,29
9.75,A1_Negative_Control,26
10.0,A1_Negative_Control,25
10.25,A1_Negative_Control,25
10.5,A1_Negative_Control,24
10.75,A1_Negative_Control,24
11.0,A1_Negative_Control,27
11.25,A1_Negative_Control,24
11.5,A1_Negative_Control,27
11.75,A1_Negative_Control,29
12.0,A1_Negative_Control,26
12.25,A1_Negative_Control,27
12.5,A1_Negative_Control,29
12.75,A1_Negative_Control,31
13.0,A1_Negative_Control,29
13.25,A1_Negative_Control,33
13.5,A1_Negative_Control,28
13.75,A1_Negative_Control,31
14.0,A1_Negative_Control,30
14.25,A1_Negative_Control,27
14.5,A1_Negative_Control,30
14.75,A1_Negative_Control,32
15.0,A1_Negative_Control,31
15.25,A1_Negative_Control,34
15.5,A1_Negative_Control,32
15.75,A1_Negative_Control,29
16.0,A1_Negative_Control,30
16.25,A1_Negative_Control,32
16.5,A1_Negative_Control,31
16.75,A1_Negative_Control,27
17.0,A1_Negative_Control,32
17.25,A1_Negative_Control,29
17.5,A1_Negative_Control,28
17.75,A1_Negative_Control,26
18.0,A1_Negative_Control,31
18.25,A1_Negative_Control,29
18.5,A1_Negative_Control,33
18.75,A1_Negative_Control,31
19.0,A1_Negative_Control,33
19.25,A1_Negative_Control,33
19.5,A1_Negative_Control,29
19.75,A1_Negative_Control,34
20.0,A1_Negative_Control,33
20.25,A1_Negative_Control,29
20.5,A1_Negative_Control,33
20.75,A1_Negative_Control,30
21.0,A1_Negative_Control,32
21.25,A1_Negative_Control,32
21.5,A1_Negative_Control,32
21.75,A1_Negative_Control,29
22.0,A1_Negative_Control,30
22.25,A1_Negative_Control,33
22.5,A1_Negative_Control,29
22.75,A1_Negative_Control,29
23.0,A1_Negative_Control,34
23.25,A1_Negative_Control,31
23.5,A1_Negative_Control,32
23.75,A1_Negative_Control,34
24.0,A1_Negative_Control,26
24.25,A1_Negative_Control,33
24.5,A1_Negative_Control,31
24.75,A1_Negative_Control,29
25.0,A1_Negative_Control,32
25.25,A1_Negative_Control,29
25.5,A1_Negative_Control,27
25.75,A1_Negative_Control,32
26.0,A1_Negative_Control,28
26.25,A1_Negative_Control,31
26.5,A1_Negative_Control,30
26.75,A1_Negative_Control,26
27.0,A1_Negative_Control,29
27.25,A1_Negative_Control,27
27.5,A1_Negative_Control,32
27.75,A1_Negative_Control,28
28.0,A1_Negative_Control,37
28.25,A1_Negative_Control,31
28.5,A1_Negative_Control,31
28.75,A1_Negative_Control,31
29.0,A1_Negative_Control,33
29.25,A1_Negative_Control,32
29.5,A1_Negative_Control,29
29.75,A1_Negative_Control,30
30.0,A1_Negative_Control,30
30.25,A1_Negative_Control,28
30.5,A1_Negative_Control,28
30.75,A1_Negative_Control,28
31.0,A1_Negative_Control,31
31.25,A1_Negative_Control,29
31.5,A1_Negative_Control,28
31.75,A1_Negative_Control,29
32.0,A1_Negative_Control,27
32.25,A1_Negative_Control,30
32.5,A1_Negative_Control,33
32.75,A1_Negative_Control,26
33.0,A1_Negative_Control,28
33.25,A1_Negative_Control,28
33.5,A1_Negative_Control,28
33.75,A1_Negative_Control,31
34.0,A1_Negative_Control,26
34.25,A1_Negative_Control,29
34.5,A1_Negative_Control,31
34.75,A1_Negative_Control,27
35.0,A1_Negative_Control,25
35.25,A1_Negative_Control,27
35.5,A1_Negative_Control,27
35.75,A1_Negative_Control,31
36.0,A1_Negative_Control,29
36.25,A1_Negative_Control,28
36.5,A1_Negative_Control,29
36.75,A1_Negative_Control,27
37.0,A1_Negative_Control,24
37.25,A1_Negative_Control,29
37.5,A1_Negative_Control,28
37.75,A1_Negative_Control,29
38.0,A1_Negative_Control,28
38.25,A1_Negative_Control,27
38.5,A1_Negative_Control,27
38.75,A1_Negative_Control,27
39.0,A1_Negative_Control,29
39.25,A1_Negative_Control,26
39.5,A1_Negative_Control,28
39.75,A1_Negative_Control,27
40.0,A1_Negative_Control,29
40.25,A1_Negative_Control,27
40.5,A1_Negative_Control,29
40.75,A1_Negative_Control,29
41.0,A1_Negative_Control,28
41.25,A1_Negative_Control,29
41.5,A1_Negative_Control,32
41.75,A1_Negative_Control,27
42.0,A1_Negative_Control,30
42.25,A1_Negative_Control,27
42.5,A1_Negative_Control,31
42.75,A1_Negative_Control,31
43.0,A1_Negative_Control,28
43.25,A1_Negative_Control,31
43.5,A1_Negative_Control,33
43.75,A1_Negative_Control,35
44.0,A1_Negative_Control,32
44.25,A1_Negative_Control,33
44.5,A1_Negative_Control,32
44.75,A1_Negative_Control,27
45.0,A1_Negative_Control,26
45.25,A1_Negative_Control,26
45.5,A1_Negative_Control,34
45.75,A1_Negative_Control,25
46.0,A1_Negative_Control,31
46.25,A1_Negative_Control,28
46.5,A1_Negative_Control,32
46.75,A1_Negative_Control,30
47.0,A1_Negative_Control,29
47.25,A1_Negative_Control,30
47.5,A1_Negative_Control,27
47.75,A1_Negative_Control,28
48.0,A1_Negative_Control,27
48.25,A1_Negative_Control,32
0.0,A2_L-Arabinose,29
0.25,A2_L-Arabinose,27
0.5,A2_L-Arabinose,24
0.75,A2_L-Arabinose,27
1.0,A2_L-Arabinose,30
1.25,A2_L-Arabinose,28
1.5,A2_L-Arabinose,24
1.75,A2_L-Arabinose,25
2.0,A2_L-Arabinose,29
2.25,A2_L-Arabinose,26
2.5,A2_L-Arabinose,29
2.75,A2_L-Arabinose,32
3.0,A2_L-Arabinose,29
3.25,A2_L-Arabinose,23
3.5,A2_L-Arabinose,31
3.75,A2_L-Arabinose,27
4.0,A2_L-Arabinose,26
4.25,A2_L-Arabinose,27
4.5,A2_L-Arabinose,30
4.75,A2_L-Arabinose,27
5.0,A2_L-Arabinose,26
5.25,A2_L-Arabinose,26
5.5,A2_L-Arabinose,27
5.75,A2_L-Arabinose,30
6.0,A2_L-Arabinose,27
6.25,A2_L-Arabinose,29
6.5,A2_L-Arabinose,31
6.75,A2_L-Arabinose,29
7.0,A2_L-Arabinose,32
7.25,A2_L-Arabinose,30
7.5,A2_L-Arabinose,31
7.75,A2_L-Arabinose,26
8.0,A2_L-Arabinose,27
8.25,A2_L-Arabinose,30
8.5,A2_L-Arabinose,31
8.75,A2_L-Arabinose,33
9.0,A2_L-Arabinose,27
9.25,A2_L-Arabinose,29
9.5,A2_L-Arabinose,31
9.75,A2_L-Arabinose,25
10.0,A2_L-Arabinose,32
10.25,A2_L-Arabinose,31
10.5,A2_L-Arabinose,28
10.75,A2_L-Arabinose,29
11.0,A2_L-Arabinose,26
11.25,A2_L-Arabinose,28
11.5,A2_L-Arabinose,30
11.75,A2_L-Arabinose,31
12.0,A2_L-Arabinose,29
12.25,A2_L-Arabinose,28
12.5,A2_L-Arabinose,28
12.75,A2_L-Arabinose,31
13.0,A2_L-Arabinose,30
13.25,A2_L-Arabinose,28
13.5,A2_L-Arabinose,31
13.75,A2_L-Arabinose,33
14.0,A2_L-Arabinose,25
14.25,A2_L-Arabinose,34
14.5,A2_L-Arabinose,28
14.75,A2_L-Arabinose,32
15.0,A2_L-Arabinose,26
15.25,A2_L-Arabinose,32
15.5,A2_L-Arabinose,34
15.75,A2_L-Arabinose,33
16.0,A2_L-Arabinose,32
16.25,A2_L-Arabinose,31
16.5,A2_L-Arabinose,28
16.75,A2_L-Arabinose,31
17.0,A2_L-Arabinose,30
17.25,A2_L-Arabinose,31
17.5,A2_L-Arabinose,32
17.75,A2_L-Arabinose,28
18.0,A2_L-Arabinose,29
18.25,A2_L-Arabinose,30
18.5,A2_L-Arabinose,31
18.75,A2_L-Arabinose,31
19.0,A2_L-Arabinose,33
19.25,A2_L-Arabinose,32
19.5,A2_L-Arabinose,32
19.75,A2_L-Arabinose,30
20.0,A2_L-Arabinose,30
20.25,A2_L-Arabinose,30
20.5,A2_L-Arabinose,28
20.75,A2_L-Arabinose,30
21.0,A2_L-Arabinose,30
21.25,A2_L-Arabinose,31
21.5,A2_L-Arabinose,33
21.75,A2_L-Arabinose,29
22.0,A2_L-Arabinose,26
22.25,A2_L-Arabinose,32
22.5,A2_L-Arabinose,31
22.75,A2_L-Arabinose,31
23.0,A2_L-Arabinose,30
23.25,A2_L-Arabinose,31
23.5,A2_L-Arabinose,36
23.75,A2_L-Arabinose,33
24.0,A2_L-Arabinose,32
24.25,A2_L-Arabinose,28
24.5,A2_L-Arabinose,29
24.75,A2_L-Arabinose,31
25.0,A2_L-Arabinose,32
25.25,A2_L-Arabinose,32
25.5,A2_L-Arabinose,33
25.75,A2_L-Arabinose,29
26.0,A2_L-Arabinose,30
26.25,A2_L-Arabinose,33
26.5,A2_L-Arabinose,30
26.75,A2_L-Arabinose,31
27.0,A2_L-Arabinose,32
27.25,A2_L-Arabinose,30
27.5,A2_L-Arabinose,33
27.75,A2_L-Arabinose,31
28.0,A2_L-Arabinose,35
28.25,A2_L-Arabinose,32
28.5,A2_L-Arabinose,34
28.75,A2_L-Arabinose,31
29.0,A2_L-Arabinose,36
29.25,A2_L-Arabinose,31
29.5,A2_L-Arabinose,32
29.75,A2_L-Arabinose,38
30.0,A2_L-Arabinose,35
30.25,A2_L-Arabinose,33
30.5,A2_L-Arabinose,31
30.75,A2_L-Arabinose,36
31.0,A2_L-Arabinose,32
31.25,A2_L-Arabinose,34
31.5,A2_L-Arabinose,32
31.75,A2_L-Arabinose,33
32.0,A2_L-Arabinose,37
32.25,A2_L-Arabinose,33
32.5,A2_L-Arabinose,35
32.75,A2_L-Arabinose,30
33.0,A2_L-Arabinose,33
33.25,A2_L-Arabinose,30
33.5,A2_L-Arabinose,30
33.75,A2_L-Arabinose,38
34.0,A2_L-Arabinose,34
34.25,A2_L-Arabinose,30
34.5,A2_L-Arabinose,35
34.75,A2_L-Arabinose,33
35.0,A2_L-Arabinose,33
35.25,A2_L-Arabinose,34
35.5,A2_L-Arabinose,38
35.75,A2_L-Arabinose,36
36.0,A2_L-Arabinose,37
36.25,A2_L-Arabinose,34
36.5,A2_L-Arabinose,36
36.75,A2_L-Arabinose,35
37.0,A2_L-Arabinose,34
37.25,A2_L-Arabinose,36
37.5,A2_L-Arabinose,38
37.75,A2_L-Arabinose,36
38.0,A2_L-Arabinose,29
38.25,A2_L-Arabinose,35
38.5,A2_L-Arabinose,36
38.75,A2_L-Arabinose,38
39.0,A2_L-Arabinose,40
39.25,A2_L-Arabinose,32
39.5,A2_L-Arabinose,34
39.75,A2_L-Arabinose,36
40.0,A2_L-Arabinose,35
40.25,A2_L-Arabinose,37
40.5,A2_L-Arabinose,39
40.75,A2_L-Arabinose,36
41.0,A2_L-Arabinose,44
41.25,A2_L-Arabinose,37
41.5,A2_L-Arabinose,36
41.75,A2_L-Arabinose,41
42.0,A2_L-Arabinose,36
42.25,A2_L-Arabinose,42
42.5,A2_L-Arabinose,42
42.75,A2_L-Arabinose,39
43.0,A2_L-Arabinose,36
43.25,A2_L-Arabinose,37
43.5,A2_L-Arabinose,34
43.75,A2_L-Arabinose,39
44.0,A2_L-Arabinose,39
44.25,A2_L-Arabinose,39
44.5,A2_L-Arabinose,41
44.75,A2_L-Arabinose,38
45.0,A2_L-Arabinose,39
45.25,A2_L-Arabinose,41
45.5,A2_L-Arabinose,36
45.75,A2_L-Arabinose,37
46.0,A2_L-Arabinose,37
46.25,A2_L-Arabinose,36
46.5,A2_L-Arabinose,40
46.75,A2_L-Arabinose,40
47.0,A2_L-Arabinose,39
47.25,A2_L-Arabinose,41
47.5,A2_L-Arabinose,42
47.75,A2_L-Arabinose,38
48.0,A2_L-Arabinose,41
48.25,A2_L-Arabinose,39
0.0,A3_N-Acetyl-D_Glucosamine,20
0.25,A3_N-Acetyl-D_Glucosamine,18
0.5,A3_N-Acetyl-D_Glucosamine,15
0.75,A3_N-Acetyl-D_Glucosamine,16
1.0,A3_N-Acetyl-D_Glucosamine,11
1.25,A3_N-Acetyl-D_Glucosamine,14
1.5,A3_N-Acetyl-D_Glucosamine,14
1.75,A3_N-Acetyl-D_Glucosamine,12
2.0,A3_N-Acetyl-D_Glucosamine,19
2.25,A3_N-Acetyl-D_Glucosamine,14
2.5,A3_N-Acetyl-D_Glucosamine,17
2.75,A3_N-Acetyl-D_Glucosamine,13
3.0,A3_N-Acetyl-D_Glucosamine,16
3.25,A3_N-Acetyl-D_Glucosamine,12
3.5,A3_N-Acetyl-D_Glucosamine,11
3.75,A3_N-Acetyl-D_Glucosamine,11
4.0,A3_N-Acetyl-D_Glucosamine,12
4.25,A3_N-Acetyl-D_Glucosamine,14
4.5,A3_N-Acetyl-D_Glucosamine,12
4.75,A3_N-Acetyl-D_Glucosamine,11
5.0,A3_N-Acetyl-D_Glucosamine,13
5.25,A3_N-Acetyl-D_Glucosamine,17
5.5,A3_N-Acetyl-D_Glucosamine,16
5.75,A3_N-Acetyl-D_Glucosamine,17
6.0,A3_N-Acetyl-D_Glucosamine,13
6.25,A3_N-Acetyl-D_Glucosamine,11
6.5,A3_N-Acetyl-D_Glucosamine,11
6.75,A3_N-Acetyl-D_Glucosamine,12
7.0,A3_N-Acetyl-D_Glucosamine,20
7.25,A3_N-Acetyl-D_Glucosamine,13
7.5,A3_N-Acetyl-D_Glucosamine,11
7.75,A3_N-Acetyl-D_Glucosamine,15
8.0,A3_N-Acetyl-D_Glucosamine,17
8.25,A3_N-Acetyl-D_Glucosamine,19
8.5,A3_N-Acetyl-D_Glucosamine,16
8.75,A3_N-Acetyl-D_Glucosamine,17
9.0,A3_N-Acetyl-D_Glucosamine,14
9.25,A3_N-Acetyl-D_Glucosamine,14
9.5,A3_N-Acetyl-D_Glucosamine,17
9.75,A3_N-Acetyl-D_Glucosamine,15
10.0,A3_N-Acetyl-D_Glucosamine,12
10.25,A3_N-Acetyl-D_Glucosamine,17
10.5,A3_N-Acetyl-D_Glucosamine,18
10.75,A3_N-Acetyl-D_Glucosamine,18
11.0,A3_N-Acetyl-D_Glucosamine,14
11.25,A3_N-Acetyl-D_Glucosamine,19
11.5,A3_N-Acetyl-D_Glucosamine,24
11.75,A3_N-Acetyl-D_Glucosamine,20
12.0,A3_N-Acetyl-D_Glucosamine,24
12.25,A3_N-Acetyl-D_Glucosamine,24
12.5,A3_N-Acetyl-D_Glucosamine,24
12.75,A3_N-Acetyl-D_Glucosamine,21
13.0,A3_N-Acetyl-D_Glucosamine,20
13.25,A3_N-Acetyl-D_Glucosamine,24
13.5,A3_N-Acetyl-D_Glucosamine,23
13.75,A3_N-Acetyl-D_Glucosamine,21
14.0,A3_N-Acetyl-D_Glucosamine,25
14.25,A3_N-Acetyl-D_Glucosamine,24
14.5,A3_N-Acetyl-D_Glucosamine,27
14.75,A3_N-Acetyl-D_Glucosamine,26
15.0,A3_N-Acetyl-D_Glucosamine,23
15.25,A3_N-Acetyl-D_Glucosamine,24
15.5,A3_N-Acetyl-D_Glucosamine,28
15.75,A3_N-Acetyl-D_Glucosamine,28
16.0,A3_N-Acetyl-D_Glucosamine,23
16.25,A3_N-Acetyl-D_Glucosamine,24
16.5,A3_N-Acetyl-D_Glucosamine,26
16.75,A3_N-Acetyl-D_Glucosamine,26
17.0,A3_N-Acetyl-D_Glucosamine,27
17.25,A3_N-Acetyl-D_Glucosamine,33
17.5,A3_N-Acetyl-D_Glucosamine,26
17.75,A3_N-Acetyl-D_Glucosamine,33
18.0,A3_N-Acetyl-D_Glucosamine,25
18.25,A3_N-Acetyl-D_Glucosamine,29
18.5,A3_N-Acetyl-D_Glucosamine,29
18.75,A3_N-Acetyl-D_Glucosamine,30
19.0,A3_N-Acetyl-D_Glucosamine,29
19.25,A3_N-Acetyl-D_Glucosamine,32
19.5,A3_N-Acetyl-D_Glucosamine,30
19.75,A3_N-Acetyl-D_Glucosamine,32
20.0,A3_N-Acetyl-D_Glucosamine,29
20.25,A3_N-Acetyl-D_Glucosamine,27
20.5,A3_N-Acetyl-D_Glucosamine,30
20.75,A3_N-Acetyl-D_Glucosamine,29
21.0,A3_N-Acetyl-D_Glucosamine,26
21.25,A3_N-Acetyl-D_Glucosamine,32
21.5,A3_N-Acetyl-D_Glucosamine,27
21.75,A3_N-Acetyl-D_Glucosamine,32
22.0,A3_N-Acetyl-D_Glucosamine,28
22.25,A3_N-Acetyl-D_Glucosamine,27
22.5,A3_N-Acetyl-D_Glucosamine,32
22.75,A3_N-Acetyl-D_Glucosamine,29
23.0,A3_N-Acetyl-D_Glucosamine,34
23.25,A3_N-Acetyl-D_Glucosamine,30
23.5,A3_N-Acetyl-D_Glucosamine,30
23.75,A3_N-Acetyl-D_Glucosamine,28
24.0,A3_N-Acetyl-D_Glucosamine,36
24.25,A3_N-Acetyl-D_Glucosamine,31
24.5,A3_N-Acetyl-D_Glucosamine,29
24.75,A3_N-Acetyl-D_Glucosamine,34
25.0,A3_N-Acetyl-D_Glucosamine,31
25.25,A3_N-Acetyl-D_Glucosamine,32
25.5,A3_N-Acetyl-D_Glucosamine,33
25.75,A3_N-Acetyl-D_Glucosamine,35
26.0,A3_N-Acetyl-D_Glucosamine,29
26.25,A3_N-Acetyl-D_Glucosamine,33
26.5,A3_N-Acetyl-D_Glucosamine,35
26.75,A3_N-Acetyl-D_Glucosamine,31
27.0,A3_N-Acetyl-D_Glucosamine,38
27.25,A3_N-Acetyl-D_Glucosamine,34
27.5,A3_N-Acetyl-D_Glucosamine,33
27.75,A3_N-Acetyl-D_Glucosamine,31
28.0,A3_N-Acetyl-D_Glucosamine,34
28.25,A3_N-Acetyl-D_Glucosamine,34
28.5,A3_N-Acetyl-D_Glucosamine,38
28.75,A3_N-Acetyl-D_Glucosamine,32
29.0,A3_N-Acetyl-D_Glucosamine,36
29.25,A3_N-Acetyl-D_Glucosamine,34
29.5,A3_N-Acetyl-D_Glucosamine,37
29.75,A3_N-Acetyl-D_Glucosamine,39
30.0,A3_N-Acetyl-D_Glucosamine,38
30.25,A3_N-Acetyl-D_Glucosamine,39
30.5,A3_N-Acetyl-D_Glucosamine,39
30.75,A3_N-Acetyl-D_Glucosamine,42
31.0,A3_N-Acetyl-D_Glucosamine,38
31.25,A3_N-Acetyl-D_Glucosamine,44
31.5,A3_N-Acetyl-D_Glucosamine,44
31.75,A3_N-Acetyl-D_Glucosamine,46
32.0,A3_N-Acetyl-D_Glucosamine,43
32.25,A3_N-Acetyl-D_Glucosamine,40
32.5,A3_N-Acetyl-D_Glucosamine,46
32.75,A3_N-Acetyl-D_Glucosamine,44
33.0,A3_N-Acetyl-D_Glucosamine,48
33.25,A3_N-Acetyl-D_Glucosamine,40
33.5,A3_N-Acetyl-D_Glucosamine,45
33.75,A3_N-Acetyl-D_Glucosamine,46
34.0,A3_N-Acetyl-D_Glucosamine,47
34.25,A3_N-Acetyl-D_Glucosamine,51
34.5,A3_N-Acetyl-D_Glucosamine,48
34.75,A3_N-Acetyl-D_Glucosamine,46
35.0,A3_N-Acetyl-D_Glucosamine,45
35.25,A3_N-Acetyl-D_Glucosamine,50
35.5,A3_N-Acetyl-D_Glucosamine,50
35.75,A3_N-Acetyl-D_Glucosamine,48
36.0,A3_N-Acetyl-D_Glucosamine,53
36.25,A3_N-Acetyl-D_Glucosamine,51
36.5,A3_N-Acetyl-D_Glucosamine,51
36.75,A3_N-Acetyl-D_Glucosamine,52
37.0,A3_N-Acetyl-D_Glucosamine,53
37.25,A3_N-Acetyl-D_Glucosamine,55
37.5,A3_N-Acetyl-D_Glucosamine,57
37.75,A3_N-Acetyl-D_Glucosamine,55
38.0,A3_N-Acetyl-D_Glucosamine,54
38.25,A3_N-Acetyl-D_Glucosamine,56
38.5,A3_N-Acetyl-D_Glucosamine,53
38.75,A3_N-Acetyl-D_Glucosamine,60
39.0,A3_N-Acetyl-D_Glucosamine,55
39.25,A3_N-Acetyl-D_Glucosamine,61
39.5,A3_N-Acetyl-D_Glucosamine,60
39.75,A3_N-Acetyl-D_Glucosamine,59
40.0,A3_N-Acetyl-D_Glucosamine,63
40.25,A3_N-Acetyl-D_Glucosamine,61
40.5,A3_N-Acetyl-D_Glucosamine,61
40.75,A3_N-Acetyl-D_Glucosamine,59
41.0,A3_N-Acetyl-D_Glucosamine,61
41.25,A3_N-Acetyl-D_Glucosamine,67
41.5,A3_N-Acetyl-D_Glucosamine,65
41.75,A3_N-Acetyl-D_Glucosamine,70
42.0,A3_N-Acetyl-D_Glucosamine,65
42.25,A3_N-Acetyl-D_Glucosamine,69
42.5,A3_N-Acetyl-D_Glucosamine,73
42.75,A3_N-Acetyl-D_Glucosamine,69
43.0,A3_N-Acetyl-D_Glucosamine,72
43.25,A3_N-Acetyl-D_Glucosamine,67
43.5,A3_N-Acetyl-D_Glucosamine,72
43.75,A3_N-Acetyl-D_Glucosamine,75
44.0,A3_N-Acetyl-D_Glucosamine,73
44.25,A3_N-Acetyl-D_Glucosamine,68
44.5,A3_N-Acetyl-D_Glucosamine,72
44.75,A3_N-Acetyl-D_Glucosamine,72
45.0,A3_N-Acetyl-D_Glucosamine,76
45.25,A3_N-Acetyl-D_Glucosamine,75
45.5,A3_N-Acetyl-D_Glucosamine,77
45.75,A3_N-Acetyl-D_Glucosamine,80
46.0,A3_N-Acetyl-D_Glucosamine,75
46.25,A3_N-Acetyl-D_Glucosamine,79
46.5,A3_N-Acetyl-D_Glucosamine,79
46.75,A3_N-Acetyl-D_Glucosamine,76
47.0,A3_N-Acetyl-D_Glucosamine,80
47.25,A3_N-Acetyl-D_Glucosamine,82
47.5,A3_N-Acetyl-D_Glucosamine,79
47.75,A3_N-Acetyl-D_Glucosamine,79
48.0,A3_N-Acetyl-D_Glucosamine,81
48.25,A3_N-Acetyl-D_Glucosamine,86
0.0,A4_D-Saccharic_Acid,20
0.25,A4_D-Saccharic_Acid,16
0.5,A4_D-Saccharic_Acid,15
0.75,A4_D-Saccharic_Acid,13
1.0,A4_D-Saccharic_Acid,13
1.25,A4_D-Saccharic_Acid,14
1.5,A4_D-Saccharic_Acid,12
1.75,A4_D-Saccharic_Acid,14
2.0,A4_D-Saccharic_Acid,17
2.25,A4_D-Saccharic_Acid,13
2.5,A4_D-Saccharic_Acid,14
2.75,A4_D-Saccharic_Acid,15
3.0,A4_D-Saccharic_Acid,14
3.25,A4_D-Saccharic_Acid,14
3.5,A4_D-Saccharic_Acid,17
3.75,A4_D-Saccharic_Acid,19
4.0,A4_D-Saccharic_Acid,18
4.25,A4_D-Saccharic_Acid,17
4.5,A4_D-Saccharic_Acid,15
4.75,A4_D-Saccharic_Acid,18
5.0,A4_D-Saccharic_Acid,18
5.25,A4_D-Saccharic_Acid,11
5.5,A4_D-Saccharic_Acid,15
5.75,A4_D-Saccharic_Acid,15
6.0,A4_D-Saccharic_Acid,15
6.25,A4_D-Saccharic_Acid,15
6.5,A4_D-Saccharic_Acid,14
6.75,A4_D-Saccharic_Acid,13
7.0,A4_D-Saccharic_Acid,18
7.25,A4_D-Saccharic_Acid,14
7.5,A4_D-Saccharic_Acid,16
7.75,A4_D-Saccharic_Acid,14
8.0,A4_D-Saccharic_Acid,20
8.25,A4_D-Saccharic_Acid,18
8.5,A4_D-Saccharic_Acid,15
8.75,A4_D-Saccharic_Acid,19
9.0,A4_D-Saccharic_Acid,20
9.25,A4_D-Saccharic_Acid,19
9.5,A4_D-Saccharic_Acid,16
9.75,A4_D-Saccharic_Acid,19
10.0,A4_D-Saccharic_Acid,17
10.25,A4_D-Saccharic_Acid,18
10.5,A4_D-Saccharic_Acid,18
10.75,A4_D-Saccharic_Acid,23
11.0,A4_D-Saccharic_Acid,19
11.25,A4_D-Saccharic_Acid,22
11.5,A4_D-Saccharic_Acid,23
11.75,A4_D-Saccharic_Acid,21
12.0,A4_D-Saccharic_Acid,22
12.25,A4_D-Saccharic_Acid,25
12.5,A4_D-Saccharic_Acid,25
12.75,A4_D-Saccharic_Acid,24
13.0,A4_D-Saccharic_Acid,24
13.25,A4_D-Saccharic_Acid,20
13.5,A4_D-Saccharic_Acid,24
13.75,A4_D-Saccharic_Acid,25
14.0,A4_D-Saccharic_Acid,23
14.25,A4_D-Saccharic_Acid,24
14.5,A4_D-Saccharic_Acid,23
14.75,A4_D-Saccharic_Acid,25
15.0,A4_D-Saccharic_Acid,25
15.25,A4_D-Saccharic_Acid,23
15.5,A4_D-Saccharic_Acid,22
15.75,A4_D-Saccharic_Acid,25
16.0,A4_D-Saccharic_Acid,25
16.25,A4_D-Saccharic_Acid,22
16.5,A4_D-Saccharic_Acid,25
16.75,A4_D-Saccharic_Acid,22
17.0,A4_D-Saccharic_Acid,29
17.25,A4_D-Saccharic_Acid,32
17.5,A4_D-Saccharic_Acid,27
17.75,A4_D-Saccharic_Acid,26
18.0,A4_D-Saccharic_Acid,28
18.25,A4_D-Saccharic_Acid,23
18.5,A4_D-Saccharic_Acid,29
18.75,A4_D-Saccharic_Acid,28
19.0,A4_D-Saccharic_Acid,29
19.25,A4_D-Saccharic_Acid,27
19.5,A4_D-Saccharic_Acid,27
19.75,A4_D-Saccharic_Acid,29
20.0,A4_D-Saccharic_Acid,28
20.25,A4_D-Saccharic_Acid,26
20.5,A4_D-Saccharic_Acid,26
20.75,A4_D-Saccharic_Acid,27
21.0,A4_D-Saccharic_Acid,25
21.25,A4_D-Saccharic_Acid,24
21.5,A4_D-Saccharic_Acid,28
21.75,A4_D-Saccharic_Acid,26
22.0,A4_D-Saccharic_Acid,26
22.25,A4_D-Saccharic_Acid,25
22.5,A4_D-Saccharic_Acid,29
22.75,A4_D-Saccharic_Acid,28
23.0,A4_D-Saccharic_Acid,29
23.25,A4_D-Saccharic_Acid,27
23.5,A4_D-Saccharic_Acid,30
23.75,A4_D-Saccharic_Acid,25
24.0,A4_D-Saccharic_Acid,26
24.25,A4_D-Saccharic_Acid,27
24.5,A4_D-Saccharic_Acid,26
24.75,A4_D-Saccharic_Acid,24
25.0,A4_D-Saccharic_Acid,28
25.25,A4_D-Saccharic_Acid,26
25.5,A4_D-Saccharic_Acid,27
25.75,A4_D-Saccharic_Acid,24
26.0,A4_D-Saccharic_Acid,25
26.25,A4_D-Saccharic_Acid,28
26.5,A4_D-Saccharic_Acid,29
26.75,A4_D-Saccharic_Acid,28
27.0,A4_D-Saccharic_Acid,25
27.25,A4_D-Saccharic_Acid,25
27.5,A4_D-Saccharic_Acid,24
27.75,A4_D-Saccharic_Acid,23
28.0,A4_D-Saccharic_Acid,27
28.25,A4_D-Saccharic_Acid,25
28.5,A4_D-Saccharic_Acid,28
28.75,A4_D-Saccharic_Acid,29
29.0,A4_D-Saccharic_Acid,26
29.25,A4_D-Saccharic_Acid,22
29.5,A4_D-Saccharic_Acid,24
29.75,A4_D-Saccharic_Acid,24
30.0,A4_D-Saccharic_Acid,24
30.25,A4_D-Saccharic_Acid,22
30.5,A4_D-Saccharic_Acid,26
30.75,A4_D-Saccharic_Acid,23
31.0,A4_D-Saccharic_Acid,24
31.25,A4_D-Saccharic_Acid,24
31.5,A4_D-Saccharic_Acid,25
31.75,A4_D-Saccharic_Acid,25
32.0,A4_D-Saccharic_Acid,25
32.25,A4_D-Saccharic_Acid,22
32.5,A4_D-Saccharic_Acid,27
32.75,A4_D-Saccharic_Acid,20
33.0,A4_D-Saccharic_Acid,22
33.25,A4_D-Saccharic_Acid,23
33.5,A4_D-Saccharic_Acid,24
33.75,A4_D-Saccharic_Acid,23
34.0,A4_D-Saccharic_Acid,24
34.25,A4_D-Saccharic_Acid,26
34.5,A4_D-Saccharic_Acid,22
34.75,A4_D-Saccharic_Acid,24
35.0,A4_D-Saccharic_Acid,20
35.25,A4_D-Saccharic_Acid,24
35.5,A4_D-Saccharic_Acid,28
35.75,A4_D-Saccharic_Acid,24
36.0,A4_D-Saccharic_Acid,23
36.25,A4_D-Saccharic_Acid,22
36.5,A4_D-Saccharic_Acid,21
36.75,A4_D-Saccharic_Acid,25
37.0,A4_D-Saccharic_Acid,25
37.25,A4_D-Saccharic_Acid,22
37.5,A4_D-Saccharic_Acid,21
37.75,A4_D-Saccharic_Acid,27
38.0,A4_D-Saccharic_Acid,24
38.25,A4_D-Saccharic_Acid,24
38.5,A4_D-Saccharic_Acid,20
38.75,A4_D-Saccharic_Acid,24
39.0,A4_D-Saccharic_Acid,23
39.25,A4_D-Saccharic_Acid,25
39.5,A4_D-Saccharic_Acid,27
39.75,A4_D-Saccharic_Acid,21
40.0,A4_D-Saccharic_Acid,24
40.25,A4_D-Saccharic_Acid,26
40.5,A4_D-Saccharic_Acid,25
40.75,A4_D-Saccharic_Acid,21
41.0,A4_D-Saccharic_Acid,20
41.25,A4_D-Saccharic_Acid,27
41.5,A4_D-Saccharic_Acid,27
41.75,A4_D-Saccharic_Acid,24
42.0,A4_D-Saccharic_Acid,24
42.25,A4_D-Saccharic_Acid,24
42.5,A4_D-Saccharic_Acid,30
42.75,A4_D-Saccharic_Acid,27
43.0,A4_D-Saccharic_Acid,28
43.25,A4_D-Saccharic_Acid,25
43.5,A4_D-Saccharic_Acid,23
43.75,A4_D-Saccharic_Acid,29
44.0,A4_D-Saccharic_Acid,28
44.25,A4_D-Saccharic_Acid,27
44.5,A4_D-Saccharic_Acid,24
44.75,A4_D-Saccharic_Acid,23
45.0,A4_D-Saccharic_Acid,27
45.25,A4_D-Saccharic_Acid,25
45.5,A4_D-Saccharic_Acid,24
45.75,A4_D-Saccharic_Acid,25
46.0,A4_D-Saccharic_Acid,29
46.25,A4_D-Saccharic_Acid,24
46.5,A4_D-Saccharic_Acid,28
46.75,A4_D-Saccharic_Acid,26
47.0,A4_D-Saccharic_Acid,24
47.25,A4_D-Saccharic_Acid,24
47.5,A4_D-Saccharic_Acid,24
47.75,A4_D-Saccharic_Acid,29
48.0,A4_D-Saccharic_Acid,27
48.25,A4_D-Saccharic_Acid,25
0.0,A5_Succinic_Acid,17
0.25,A5_Succinic_Acid,16
0.5,A5_Succinic_Acid,16
0.75,A5_Succinic_Acid,17
1.0,A5_Succinic_Acid,12
1.25,A5_Succinic_Acid,14
1.5,A5_Succinic_Acid,13
1.75,A5_Succinic_Acid,14
2.0,A5_Succinic_Acid,14
2.25,A5_Succinic_Acid,12
2.5,A5_Succinic_Acid,11
2.75,A5_Succinic_Acid,14
3.0,A5_Succinic_Acid,14
3.25,A5_Succinic_Acid,14
3.5,A5_Succinic_Acid,13
3.75,A5_Succinic_Acid,11
4.0,A5_Succinic_Acid,15
4.25,A5_Succinic_Acid,12
4.5,A5_Succinic_Acid,14
4.75,A5_Succinic_Acid,12
5.0,A5_Succinic_Acid,16
5.25,A5_Succinic_Acid,15
5.5,A5_Succinic_Acid,14
5.75,A5_Succinic_Acid,14
6.0,A5_Succinic_Acid,12
6.25,A5_Succinic_Acid,13
6.5,A5_Succinic_Acid,11
6.75,A5_Succinic_Acid,11
7.0,A5_Succinic_Acid,14
7.25,A5_Succinic_Acid,13
7.5,A5_Succinic_Acid,14
7.75,A5_Succinic_Acid,12
8.0,A5_Succinic_Acid,11
8.25,A5_Succinic_Acid,17
8.5,A5_Succinic_Acid,11
8.75,A5_Succinic_Acid,12
9.0,A5_Succinic_Acid,13
9.25,A5_Succinic_Acid,12
9.5,A5_Succinic_Acid,11
9.75,A5_Succinic_Acid,12
10.0,A5_Succinic_Acid,14
10.25,A5_Succinic_Acid,16
10.5,A5_Succinic_Acid,15
10.75,A5_Succinic_Acid,15
11.0,A5_Succinic_Acid,14
11.25,A5_Succinic_Acid,16
11.5,A5_Succinic_Acid,16
11.75,A5_Succinic_Acid,16
12.0,A5_Succinic_Acid,14
12.25,A5_Succinic_Acid,15
12.5,A5_Succinic_Acid,14
12.75,A5_Succinic_Acid,16
13.0,A5_Succinic_Acid,13
13.25,A5_Succinic_Acid,20
13.5,A5_Succinic_Acid,16
13.75,A5_Succinic_Acid,18
14.0,A5_Succinic_Acid,16
14.25,A5_Succinic_Acid,18
14.5,A5_Succinic_Acid,18
14.75,A5_Succinic_Acid,12
15.0,A5_Succinic_Acid,18
15.25,A5_Succinic_Acid,18
15.5,A5_Succinic_Acid,16
15.75,A5_Succinic_Acid,18
16.0,A5_Succinic_Acid,18
16.25,A5_Succinic_Acid,17
16.5,A5_Succinic_Acid,15
16.75,A5_Succinic_Acid,19
17.0,A5_Succinic_Acid,20
17.25,A5_Succinic_Acid,20
17.5,A5_Succinic_Acid,20
17.75,A5_Succinic_Acid,20
18.0,A5_Succinic_Acid,16
18.25,A5_Succinic_Acid,16
18.5,A5_Succinic_Acid,18
18.75,A5_Succinic_Acid,21
19.0,A5_Succinic_Acid,18
19.25,A5_Succinic_Acid,20
19.5,A5_Succinic_Acid,21
19.75,A5_Succinic_Acid,21
20.0,A5_Succinic_Acid,22
20.25,A5_Succinic_Acid,19
20.5,A5_Succinic_Acid,23
20.75,A5_Succinic_Acid,19
21.0,A5_Succinic_Acid,16
21.25,A5_Succinic_Acid,21
21.5,A5_Succinic_Acid,22
21.75,A5_Succinic_Acid,18
22.0,A5_Succinic_Acid,20
22.25,A5_Succinic_Acid,21
22.5,A5_Succinic_Acid,20
22.75,A5_Succinic_Acid,23
23.0,A5_Succinic_Acid,18
23.25,A5_Succinic_Acid,24
23.5,A5_Succinic_Acid,19
23.75,A5_Succinic_Acid,22
24.0,A5_Succinic_Acid,23
24.25,A5_Succinic_Acid,21
24.5,A5_Succinic_Acid,20
24.75,A5_Succinic_Acid,20
25.0,A5_Succinic_Acid,24
25.25,A5_Succinic_Acid,22
25.5,A5_Succinic_Acid,22
25.75,A5_Succinic_Acid,22
26.0,A5_Succinic_Acid,23
26.25,A5_Succinic_Acid,18
26.5,A5_Succinic_Acid,24
26.75,A5_Succinic_Acid,22
27.0,A5_Succinic_Acid,27
27.25,A5_Succinic_Acid,24
27.5,A5_Succinic_Acid,21
27.75,A5_Succinic_Acid,23
28.0,A5_Succinic_Acid,25
28.25,A5_Succinic_Acid,25
28.5,A5_Succinic_Acid,28
28.75,A5_Succinic_Acid,23
29.0,A5_Succinic_Acid,28
29.25,A5_Succinic_Acid,26
29.5,A5_Succinic_Acid,27
29.75,A5_Succinic_Acid,28
30.0,A5_Succinic_Acid,25
30.25,A5_Succinic_Acid,23
30.5,A5_Succinic_Acid,29
30.75,A5_Succinic_Acid,28
31.0,A5_Succinic_Acid,28
31.25,A5_Succinic_Acid,31
31.5,A5_Succinic_Acid,28
31.75,A5_Succinic_Acid,27
32.0,A5_Succinic_Acid,28
32.25,A5_Succinic_Acid,28
32.5,A5_Succinic_Acid,29
32.75,A5_Succinic_Acid,24
33.0,A5_Succinic_Acid,30
33.25,A5_Succinic_Acid,29
33.5,A5_Succinic_Acid,26
33.75,A5_Succinic_Acid,26
34.0,A5_Succinic_Acid,28
34.25,A5_Succinic_Acid,29
34.5,A5_Succinic_Acid,29
34.75,A5_Succinic_Acid,31
35.0,A5_Succinic_Acid,31
35.25,A5_Succinic_Acid,30
35.5,A5_Succinic_Acid,36
35.75,A5_Succinic_Acid,33
36.0,A5_Succinic_Acid,32
36.25,A5_Succinic_Acid,34
36.5,A5_Succinic_Acid,33
36.75,A5_Succinic_Acid,33
37.0,A5_Succinic_Acid,29
37.25,A5_Succinic_Acid,35
37.5,A5_Succinic_Acid,30
37.75,A5_Succinic_Acid,34
38.0,A5_Succinic_Acid,30
38.25,A5_Succinic_Acid,31
38.5,A5_Succinic_Acid,37
38.75,A5_Succinic_Acid,32
39.0,A5_Succinic_Acid,39
39.25,A5_Succinic_Acid,36
39.5,A5_Succinic_Acid,37
39.75,A5_Succinic_Acid,38
40.0,A5_Succinic_Acid,38
40.25,A5_Succinic_Acid,40
40.5,A5_Succinic_Acid,42
40.75,A5_Succinic_Acid,41
41.0,A5_Succinic_Acid,42
41.25,A5_Succinic_Acid,41
41.5,A5_Succinic_Acid,38
41.75,A5_Succinic_Acid,48
42.0,A5_Succinic_Acid,41
42.25,A5_Succinic_Acid,41
42.5,A5_Succinic_Acid,45
42.75,A5_Succinic_Acid,46
43.0,A5_Succinic_Acid,43
43.25,A5_Succinic_Acid,45
43.5,A5_Succinic_Acid,45
43.75,A5_Succinic_Acid,49
44.0,A5_Succinic_Acid,42
44.25,A5_Succinic_Acid,47
44.5,A5_Succinic_Acid,51
44.75,A5_Succinic_Acid,51
45.0,A5_Succinic_Acid,46
45.25,A5_Succinic_Acid,52
45.5,A5_Succinic_Acid,50
45.75,A5_Succinic_Acid,50
46.0,A5_Succinic_Acid,50
46.25,A5_Succinic_Acid,50
46.5,A5_Succinic_Acid,49
46.75,A5_Succinic_Acid,49
47.0,A5_Succinic_Acid,51
47.25,A5_Succinic_Acid,55
47.5,A5_Succinic_Acid,54
47.75,A5_Succinic_Acid,56
48.0,A5_Succinic_Acid,50
48.25,A5_Succinic_Acid,54
0.0,A6_D-Galactose,17
0.25,A6_D-Galactose,11
0.5,A6_D-Galactose,19
0.75,A6_D-Galactose,14
1.0,A6_D-Galactose,14
1.25,A6_D-Galactose,14
1.5,A6_D-Galactose,13
1.75,A6_D-Galactose,14
2.0,A6_D-Galactose,15
2.25,A6_D-Galactose,12
2.5,A6_D-Galactose,13
2.75,A6_D-Galactose,12
3.0,A6_D-Galactose,12
3.25,A6_D-Galactose,16
3.5,A6_D-Galactose,18
3.75,A6_D-Galactose,13
4.0,A6_D-Galactose,14
4.25,A6_D-Galactose,14
4.5,A6_D-Galactose,13
4.75,A6_D-Galactose,12
5.0,A6_D-Galactose,17
5.25,A6_D-Galactose,13
5.5,A6_D-Galactose,11
5.75,A6_D-Galactose,11
6.0,A6_D-Galactose,12
6.25,A6_D-Galactose,11
6.5,A6_D-Galactose,11
6.75,A6_D-Galactose,12
7.0,A6_D-Galactose,11
7.25,A6_D-Galactose,11
7.5,A6_D-Galactose,14
7.75,A6_D-Galactose,14
8.0,A6_D-Galactose,14
8.25,A6_D-Galactose,13
8.5,A6_D-Galactose,14
8.75,A6_D-Galactose,14
9.0,A6_D-Galactose,15
9.25,A6_D-Galactose,15
9.5,A6_D-Galactose,16
9.75,A6_D-Galactose,14
10.0,A6_D-Galactose,11
10.25,A6_D-Galactose,11
10.5,A6_D-Galactose,13
10.75,A6_D-Galactose,14
11.0,A6_D-Galactose,15
11.25,A6_D-Galactose,16
11.5,A6_D-Galactose,15
11.75,A6_D-Galactose,19
12.0,A6_D-Galactose,19
12.25,A6_D-Galactose,17
12.5,A6_D-Galactose,19
12.75,A6_D-Galactose,17
13.0,A6_D-Galactose,16
13.25,A6_D-Galactose,15
13.5,A6_D-Galactose,17
13.75,A6_D-Galactose,19
14.0,A6_D-Galactose,16
14.25,A6_D-Galactose,16
14.5,A6_D-Galactose,21
14.75,A6_D-Galactose,19
15.0,A6_D-Galactose,17
15.25,A6_D-Galactose,19
15.5,A6_D-Galactose,17
15.75,A6_D-Galactose,17
16.0,A6_D-Galactose,19
16.25,A6_D-Galactose,20
16.5,A6_D-Galactose,18
16.75,A6_D-Galactose,13
17.0,A6_D-Galactose,17
17.25,A6_D-Galactose,25
17.5,A6_D-Galactose,17
17.75,A6_D-Galactose,20
18.0,A6_D-Galactose,20
18.25,A6_D-Galactose,19
18.5,A6_D-Galactose,18
18.75,A6_D-Galactose,19
19.0,A6_D-Galactose,20
19.25,A6_D-Galactose,19
19.5,A6_D-Galactose,18
19.75,A6_D-Galactose,24
20.0,A6_D-Galactose,20
20.25,A6_D-Galactose,23
20.5,A6_D-Galactose,17
20.75,A6_D-Galactose,22
21.0,A6_D-Galactose,20
21.25,A6_D-Galactose,20
21.5,A6_D-Galactose,20
21.75,A6_D-Galactose,23
22.0,A6_D-Galactose,19
22.25,A6_D-Galactose,18
22.5,A6_D-Galactose,18
22.75,A6_D-Galactose,18
23.0,A6_D-Galactose,20
23.25,A6_D-Galactose,19
23.5,A6_D-Galactose,15
23.75,A6_D-Galactose,16
24.0,A6_D-Galactose,21
24.25,A6_D-Galactose,16
24.5,A6_D-Galactose,19
24.75,A6_D-Galactose,19
25.0,A6_D-Galactose,20
25.25,A6_D-Galactose,16
25.5,A6_D-Galactose,17
25.75,A6_D-Galactose,17
26.0,A6_D-Galactose,19
26.25,A6_D-Galactose,19
26.5,A6_D-Galactose,15
26.75,A6_D-Galactose,18
27.0,A6_D-Galactose,17
27.25,A6_D-Galactose,16
27.5,A6_D-Galactose,15
27.75,A6_D-Galactose,22
28.0,A6_D-Galactose,18
28.25,A6_D-Galactose,17
28.5,A6_D-Galactose,18
28.75,A6_D-Galactose,15
29.0,A6_D-Galactose,20
29.25,A6_D-Galactose,20
29.5,A6_D-Galactose,19
29.75,A6_D-Galactose,13
30.0,A6_D-Galactose,15
30.25,A6_D-Galactose,15
30.5,A6_D-Galactose,17
30.75,A6_D-Galactose,20
31.0,A6_D-Galactose,17
31.25,A6_D-Galactose,16
31.5,A6_D-Galactose,19
31.75,A6_D-Galactose,20
32.0,A6_D-Galactose,20
32.25,A6_D-Galactose,20
32.5,A6_D-Galactose,15
32.75,A6_D-Galactose,16
33.0,A6_D-Galactose,17
33.25,A6_D-Galactose,13
33.5,A6_D-Galactose,19
33.75,A6_D-Galactose,19
34.0,A6_D-Galactose,17
34.25,A6_D-Galactose,17
34.5,A6_D-Galactose,15
34.75,A6_D-Galactose,14
35.0,A6_D-Galactose,15
35.25,A6_D-Galactose,14
35.5,A6_D-Galactose,19
35.75,A6_D-Galactose,14
36.0,A6_D-Galactose,17
36.25,A6_D-Galactose,18
36.5,A6_D-Galactose,14
36.75,A6_D-Galactose,17
37.0,A6_D-Galactose,15
37.25,A6_D-Galactose,15
37.5,A6_D-Galactose,18
37.75,A6_D-Galactose,16
38.0,A6_D-Galactose,15
38.25,A6_D-Galactose,16
38.5,A6_D-Galactose,14
38.75,A6_D-Galactose,14
39.0,A6_D-Galactose,15
39.25,A6_D-Galactose,16
39.5,A6_D-Galactose,19
39.75,A6_D-Galactose,11
40.0,A6_D-Galactose,16
40.25,A6_D-Galactose,15
40.5,A6_D-Galactose,20
40.75,A6_D-Galactose,15
41.0,A6_D-Galactose,17
41.25,A6_D-Galactose,17
41.5,A6_D-Galactose,18
41.75,A6_D-Galactose,17
42.0,A6_D-Galactose,19
42.25,A6_D-Galactose,19
42.5,A6_D-Galactose,21
42.75,A6_D-Galactose,15
43.0,A6_D-Galactose,16
43.25,A6_D-Galactose,19
43.5,A6_D-Galactose,22
43.75,A6_D-Galactose,21
44.0,A6_D-Galactose,20
44.25,A6_D-Galactose,16
44.5,A6_D-Galactose,16
44.75,A6_D-Galactose,18
45.0,A6_D-Galactose,19
45.25,A6_D-Galactose,19
45.5,A6_D-Galactose,16
45.75,A6_D-Galactose,18
46.0,A6_D-Galactose,18
46.25,A6_D-Galactose,21
46.5,A6_D-Galactose,21
46.75,A6_D-Galactose,20
47.0,A6_D-Galactose,17
47.25,A6_D-Galactose,19
47.5,A6_D-Galactose,20
47.75,A6_D-Galactose,20
48.0,A6_D-Galactose,20
48.25,A6_D-Galactose,18
0.0,A7_L-Aspartic_Acid,15
0.25,A7_L-Aspartic_Acid,16
0.5,A7_L-Aspartic_Acid,11
0.75,A7_L-Aspartic_Acid,18
1.0,A7_L-Aspartic_Acid,14
1.25,A7_L-Aspartic_Acid,15
1.5,A7_L-Aspartic_Acid,14
1.75,A7_L-Aspartic_Acid,17
2.0,A7_L-Aspartic_Acid,16
2.25,A7_L-Aspartic_Acid,11
2.5,A7_L-Aspartic_Acid,12
2.75,A7_L-Aspartic_Acid,11
3.0,A7_L-Aspartic_Acid,16
3.25,A7_L-Aspartic_Acid,13
3.5,A7_L-Aspartic_Acid,15
3.75,A7_L-Aspartic_Acid,13
4.0,A7_L-Aspartic_Acid,14
4.25,A7_L-Aspartic_Acid,11
4.5,A7_L-Aspartic_Acid,12
4.75,A7_L-Aspartic_Acid,14
5.0,A7_L-Aspartic_Acid,14
5.25,A7_L-Aspartic_Acid,13
5.5,A7_L-Aspartic_Acid,15
5.75,A7_L-Aspartic_Acid,14
6.0,A7_L-Aspartic_Acid,15
6.25,A7_L-Aspartic_Acid,14
6.5,A7_L-Aspartic_Acid,14
6.75,A7_L-Aspartic_Acid,12
7.0,A7_L-Aspartic_Acid,16
7.25,A7_L-Aspartic_Acid,15
7.5,A7_L-Aspartic_Acid,17
7.75,A7_L-Aspartic_Acid,12
8.0,A7_L-Aspartic_Acid,15
8.25,A7_L-Aspartic_Acid,16
8.5,A7_L-Aspartic_Acid,15
8.75,A7_L-Aspartic_Acid,16
9.0,A7_L-Aspartic_Acid,12
9.25,A7_L-Aspartic_Acid,15
9.5,A7_L-Aspartic_Acid,17
9.75,A7_L-Aspartic_Acid,13
10.0,A7_L-Aspartic_Acid,18
10.25,A7_L-Aspartic_Acid,15
10.5,A7_L-Aspartic_Acid,22
10.75,A7_L-Aspartic_Acid,19
11.0,A7_L-Aspartic_Acid,17
11.25,A7_L-Aspartic_Acid,16
11.5,A7_L-Aspartic_Acid,17
11.75,A7_L-Aspartic_Acid,18
12.0,A7_L-Aspartic_Acid,18
12.25,A7_L-Aspartic_Acid,22
12.5,A7_L-Aspartic_Acid,21
12.75,A7_L-Aspartic_Acid,20
13.0,A7_L-Aspartic_Acid,18
13.25,A7_L-Aspartic_Acid,19
13.5,A7_L-Aspartic_Acid,22
13.75,A7_L-Aspartic_Acid,22
14.0,A7_L-Aspartic_Acid,26
14.25,A7_L-Aspartic_Acid,20
14.5,A7_L-Aspartic_Acid,22
14.75,A7_L-Aspartic_Acid,23
15.0,A7_L-Aspartic_Acid,26
15.25,A7_L-Aspartic_Acid,21
15.5,A7_L-Aspartic_Acid,24
15.75,A7_L-Aspartic_Acid,24
16.0,A7_L-Aspartic_Acid,24
16.25,A7_L-Aspartic_Acid,18
16.5,A7_L-Aspartic_Acid,25
16.75,A7_L-Aspartic_Acid,23
17.0,A7_L-Aspartic_Acid,24
17.25,A7_L-Aspartic_Acid,25
17.5,A7_L-Aspartic_Acid,22
17.75,A7_L-Aspartic_Acid,22
18.0,A7_L-Aspartic_Acid,21
18.25,A7_L-Aspartic_Acid,24
18.5,A7_L-Aspartic_Acid,21
18.75,A7_L-Aspartic_Acid,29
19.0,A7_L-Aspartic_Acid,29
19.25,A7_L-Aspartic_Acid,34
19.5,A7_L-Aspartic_Acid,24
19.75,A7_L-Aspartic_Acid,26
20.0,A7_L-Aspartic_Acid,28
20.25,A7_L-Aspartic_Acid,31
20.5,A7_L-Aspartic_Acid,29
20.75,A7_L-Aspartic_Acid,29
21.0,A7_L-Aspartic_Acid,29
21.25,A7_L-Aspartic_Acid,27
21.5,A7_L-Aspartic_Acid,25
21.75,A7_L-Aspartic_Acid,25
22.0,A7_L-Aspartic_Acid,28
22.25,A7_L-Aspartic_Acid,30
22.5,A7_L-Aspartic_Acid,27
22.75,A7_L-Aspartic_Acid,29
23.0,A7_L-Aspartic_Acid,33
23.25,A7_L-Aspartic_Acid,27
23.5,A7_L-Aspartic_Acid,31
23.75,A7_L-Aspartic_Acid,31
24.0,A7_L-Aspartic_Acid,33
24.25,A7_L-Aspartic_Acid,28
24.5,A7_L-Aspartic_Acid,32
24.75,A7_L-Aspartic_Acid,29
25.0,A7_L-Aspartic_Acid,35
25.25,A7_L-Aspartic_Acid,36
25.5,A7_L-Aspartic_Acid,34
25.75,A7_L-Aspartic_Acid,35
26.0,A7_L-Aspartic_Acid,29
26.25,A7_L-Aspartic_Acid,32
26.5,A7_L-Aspartic_Acid,34
26.75,A7_L-Aspartic_Acid,36
27.0,A7_L-Aspartic_Acid,34
27.25,A7_L-Aspartic_Acid,33
27.5,A7_L-Aspartic_Acid,38
27.75,A7_L-Aspartic_Acid,40
28.0,A7_L-Aspartic_Acid,37
28.25,A7_L-Aspartic_Acid,36
28.5,A7_L-Aspartic_Acid,40
28.75,A7_L-Aspartic_Acid,37
29.0,A7_L-Aspartic_Acid,42
29.25,A7_L-Aspartic_Acid,41
29.5,A7_L-Aspartic_Acid,35
29.75,A7_L-Aspartic_Acid,38
30.0,A7_L-Aspartic_Acid,40
30.25,A7_L-Aspartic_Acid,39
30.5,A7_L-Aspartic_Acid,38
30.75,A7_L-Aspartic_Acid,45
31.0,A7_L-Aspartic_Acid,41
31.25,A7_L-Aspartic_Acid,41
31.5,A7_L-Aspartic_Acid,45
31.75,A7_L-Aspartic_Acid,43
32.0,A7_L-Aspartic_Acid,41
32.25,A7_L-Aspartic_Acid,44
32.5,A7_L-Aspartic_Acid,42
32.75,A7_L-Aspartic_Acid,45
33.0,A7_L-Aspartic_Acid,42
33.25,A7_L-Aspartic_Acid,46
33.5,A7_L-Aspartic_Acid,47
33.75,A7_L-Aspartic_Acid,46
34.0,A7_L-Aspartic_Acid,46
34.25,A7_L-Aspartic_Acid,44
34.5,A7_L-Aspartic_Acid,47
34.75,A7_L-Aspartic_Acid,48
35.0,A7_L-Aspartic_Acid,50
35.25,A7_L-Aspartic_Acid,49
35.5,A7_L-Aspartic_Acid,49
35.75,A7_L-Aspartic_Acid,53
36.0,A7_L-Aspartic_Acid,50
36.25,A7_L-Aspartic_Acid,49
36.5,A7_L-Aspartic_Acid,51
36.75,A7_L-Aspartic_Acid,51
37.0,A7_L-Aspartic_Acid,51
37.25,A7_L-Aspartic_Acid,52
37.5,A7_L-Aspartic_Acid,52
37.75,A7_L-Aspartic_Acid,52
38.0,A7_L-Aspartic_Acid,56
38.25,A7_L-Aspartic_Acid,54
38.5,A7_L-Aspartic_Acid,52
38.75,A7_L-Aspartic_Acid,53
39.0,A7_L-Aspartic_Acid,53
39.25,A7_L-Aspartic_Acid,52
39.5,A7_L-Aspartic_Acid,57
39.75,A7_L-Aspartic_Acid,54
40.0,A7_L-Aspartic_Acid,57
40.25,A7_L-Aspartic_Acid,54
40.5,A7_L-Aspartic_Acid,57
40.75,A7_L-Aspartic_Acid,57
41.0,A7_L-Aspartic_Acid,58
41.25,A7_L-Aspartic_Acid,60
41.5,A7_L-Aspartic_Acid,61
41.75,A7_L-Aspartic_Acid,61
42.0,A7_L-Aspartic_Acid,60
42.25,A7_L-Aspartic_Acid,61
42.5,A7_L-Aspartic_Acid,66
42.75,A7_L-Aspartic_Acid,66
43.0,A7_L-Aspartic_Acid,60
43.25,A7_L-Aspartic_Acid,66
43.5,A7_L-Aspartic_Acid,66
43.75,A7_L-Aspartic_Acid,64
44.0,A7_L-Aspartic_Acid,62
44.25,A7_L-Aspartic_Acid,69
44.5,A7_L-Aspartic_Acid,67
44.75,A7_L-Aspartic_Acid,65
45.0,A7_L-Aspartic_Acid,68
45.25,A7_L-Aspartic_Acid,65
45.5,A7_L-Aspartic_Acid,72
45.75,A7_L-Aspartic_Acid,67
46.0,A7_L-Aspartic_Acid,74
46.25,A7_L-Aspartic_Acid,75
46.5,A7_L-Aspartic_Acid,64
46.75,A7_L-Aspartic_Acid,68
47.0,A7_L-Aspartic_Acid,73
47.25,A7_L-Aspartic_Acid,72
47.5,A7_L-Aspartic_Acid,71
47.75,A7_L-Aspartic_Acid,72
48.0,A7_L-Aspartic_Acid,72
48.25,A7_L-Aspartic_Acid,76
0.0,A8_L-Proline,14
0.25,A8_L-Proline,14
0.5,A8_L-Proline,16
0.75,A8_L-Proline,14
1.0,A8_L-Proline,15
1.25,A8_L-Proline,14
1.5,A8_L-Proline,11
1.75,A8_L-Proline,16
2.0,A8_L-Proline,13
2.25,A8_L-Proline,11
2.5,A8_L-Proline,11
2.75,A8_L-Proline,11
3.0,A8_L-Proline,16
3.25,A8_L-Proline,14
3.5,A8_L-Proline,17
3.75,A8_L-Proline,11
4.0,A8_L-Proline,19
4.25,A8_L-Proline,11
4.5,A8_L-Proline,12
4.75,A8_L-Proline,16
5.0,A8_L-Proline,15
5.25,A8_L-Proline,18
5.5,A8_L-Proline,13
5.75,A8_L-Proline,12
6.0,A8_L-Proline,12
6.25,A8_L-Proline,13
6.5,A8_L-Proline,13
6.75,A8_L-Proline,14
7.0,A8_L-Proline,15
7.25,A8_L-Proline,13
7.5,A8_L-Proline,16
7.75,A8_L-Proline,12
8.0,A8_L-Proline,17
8.25,A8_L-Proline,13
8.5,A8_L-Proline,13
8.75,A8_L-Proline,12
9.0,A8_L-Proline,14
9.25,A8_L-Proline,15
9.5,A8_L-Proline,19
9.75,A8_L-Proline,15
10.0,A8_L-Proline,15
10.25,A8_L-Proline,16
10.5,A8_L-Proline,11
10.75,A8_L-Proline,15
11.0,A8_L-Proline,18
11.25,A8_L-Proline,14
11.5,A8_L-Proline,15
11.75,A8_L-Proline,16
12.0,A8_L-Proline,22
12.25,A8_L-Proline,22
12.5,A8_L-Proline,18
12.75,A8_L-Proline,20
13.0,A8_L-Proline,16
13.25,A8_L-Proline,20
13.5,A8_L-Proline,21
13.75,A8_L-Proline,23
14.0,A8_L-Proline,21
14.25,A8_L-Proline,18
14.5,A8_L-Proline,23
14.75,A8_L-Proline,22
15.0,A8_L-Proline,23
15.25,A8_L-Proline,14
15.5,A8_L-Proline,22
15.75,A8_L-Proline,21
16.0,A8_L-Proline,24
16.25,A8_L-Proline,21
16.5,A8_L-Proline,20
16.75,A8_L-Proline,26
17.0,A8_L-Proline,27
17.25,A8_L-Proline,24
17.5,A8_L-Proline,23
17.75,A8_L-Proline,23
18.0,A8_L-Proline,22
18.25,A8_L-Proline,23
18.5,A8_L-Proline,22
18.75,A8_L-Proline,22
19.0,A8_L-Proline,21
19.25,A8_L-Proline,21
19.5,A8_L-Proline,23
19.75,A8_L-Proline,23
20.0,A8_L-Proline,26
20.25,A8_L-Proline,27
20.5,A8_L-Proline,24
20.75,A8_L-Proline,29
21.0,A8_L-Proline,27
21.25,A8_L-Proline,28
21.5,A8_L-Proline,25
21.75,A8_L-Proline,27
22.0,A8_L-Proline,27
22.25,A8_L-Proline,26
22.5,A8_L-Proline,27
22.75,A8_L-Proline,30
23.0,A8_L-Proline,27
23.25,A8_L-Proline,30
23.5,A8_L-Proline,25
23.75,A8_L-Proline,28
24.0,A8_L-Proline,28
24.25,A8_L-Proline,29
24.5,A8_L-Proline,29
24.75,A8_L-Proline,27
25.0,A8_L-Proline,26
25.25,A8_L-Proline,30
25.5,A8_L-Proline,27
25.75,A8_L-Proline,27
26.0,A8_L-Proline,29
26.25,A8_L-Proline,29
26.5,A8_L-Proline,28
26.75,A8_L-Proline,24
27.0,A8_L-Proline,29
27.25,A8_L-Proline,28
27.5,A8_L-Proline,28
27.75,A8_L-Proline,28
28.0,A8_L-Proline,29
28.25,A8_L-Proline,27
28.5,A8_L-Proline,23
28.75,A8_L-Proline,28
29.0,A8_L-Proline,32
29.25,A8_L-Proline,27
29.5,A8_L-Proline,30
29.75,A8_L-Proline,29
30.0,A8_L-Proline,25
30.25,A8_L-Proline,27
30.5,A8_L-Proline,28
30.75,A8_L-Proline,24
31.0,A8_L-Proline,27
31.25,A8_L-Proline,33
31.5,A8_L-Proline,29
31.75,A8_L-Proline,28
32.0,A8_L-Proline,28
32.25,A8_L-Proline,30
32.5,A8_L-Proline,29
32.75,A8_L-Proline,24
33.0,A8_L-Proline,27
33.25,A8_L-Proline,28
33.5,A8_L-Proline,29
33.75,A8_L-Proline,34
34.0,A8_L-Proline,32
34.25,A8_L-Proline,28
34.5,A8_L-Proline,30
34.75,A8_L-Proline,31
35.0,A8_L-Proline,28
35.25,A8_L-Proline,30
35.5,A8_L-Proline,29
35.75,A8_L-Proline,32
36.0,A8_L-Proline,32
36.25,A8_L-Proline,29
36.5,A8_L-Proline,26
36.75,A8_L-Proline,27
37.0,A8_L-Proline,27
37.25,A8_L-Proline,29
37.5,A8_L-Proline,33
37.75,A8_L-Proline,30
38.0,A8_L-Proline,28
38.25,A8_L-Proline,31
38.5,A8_L-Proline,30
38.75,A8_L-Proline,30
39.0,A8_L-Proline,31
39.25,A8_L-Proline,32
39.5,A8_L-Proline,30
39.75,A8_L-Proline,29
40.0,A8_L-Proline,30
40.25,A8_L-Proline,32
40.5,A8_L-Proline,34
40.75,A8_L-Proline,32
41.0,A8_L-Proline,36
41.25,A8_L-Proline,33
41.5,A8_L-Proline,36
41.75,A8_L-Proline,34
42.0,A8_L-Proline,35
42.25,A8_L-Proline,42
42.5,A8_L-Proline,34
42.75,A8_L-Proline,34
43.0,A8_L-Proline,34
43.25,A8_L-Proline,33
43.5,A8_L-Proline,34
43.75,A8_L-Proline,37
44.0,A8_L-Proline,32
44.25,A8_L-Proline,33
44.5,A8_L-Proline,35
44.75,A8_L-Proline,34
45.0,A8_L-Proline,37
45.25,A8_L-Proline,37
45.5,A8_L-Proline,35
45.75,A8_L-Proline,38
46.0,A8_L-Proline,35
46.25,A8_L-Proline,33
46.5,A8_L-Proline,39
46.75,A8_L-Proline,34
47.0,A8_L-Proline,33
47.25,A8_L-Proline,35
47.5,A8_L-Proline,35
47.75,A8_L-Proline,39
48.0,A8_L-Proline,33
48.25,A8_L-Proline,36
0.0,A9_D-Alanine,19
0.25,A9_D-Alanine,17
0.5,A9_D-Alanine,16
0.75,A9_D-Alanine,17
1.0,A9_D-Alanine,13
1.25,A9_D-Alanine,12
1.5,A9_D-Alanine,14
1.75,A9_D-Alanine,16
2.0,A9_D-Alanine,16
2.25,A9_D-Alanine,12
2.5,A9_D-Alanine,14
2.75,A9_D-Alanine,13
3.0,A9_D-Alanine,15
3.25,A9_D-Alanine,14
3.5,A9_D-Alanine,14
3.75,A9_D-Alanine,11
4.0,A9_D-Alanine,17
4.25,A9_D-Alanine,17
4.5,A9_D-Alanine,13
4.75,A9_D-Alanine,17
5.0,A9_D-Alanine,12
5.25,A9_D-Alanine,11
5.5,A9_D-Alanine,14
5.75,A9_D-Alanine,14
6.0,A9_D-Alanine,11
6.25,A9_D-Alanine,16
6.5,A9_D-Alanine,11
6.75,A9_D-Alanine,16
7.0,A9_D-Alanine,17
7.25,A9_D-Alanine,16
7.5,A9_D-Alanine,15
7.75,A9_D-Alanine,14
8.0,A9_D-Alanine,15
8.25,A9_D-Alanine,15
8.5,A9_D-Alanine,16
8.75,A9_D-Alanine,14
9.0,A9_D-Alanine,13
9.25,A9_D-Alanine,15
9.5,A9_D-Alanine,16
9.75,A9_D-Alanine,17
10.0,A9_D-Alanine,15
10.25,A9_D-Alanine,16
10.5,A9_D-Alanine,17
10.75,A9_D-Alanine,17
11.0,A9_D-Alanine,18
11.25,A9_D-Alanine,17
11.5,A9_D-Alanine,17
11.75,A9_D-Alanine,18
12.0,A9_D-Alanine,21
12.25,A9_D-Alanine,18
12.5,A9_D-Alanine,19
12.75,A9_D-Alanine,18
13.0,A9_D-Alanine,18
13.25,A9_D-Alanine,20
13.5,A9_D-Alanine,23
13.75,A9_D-Alanine,22
14.0,A9_D-Alanine,17
14.25,A9_D-Alanine,22
14.5,A9_D-Alanine,20
14.75,A9_D-Alanine,24
15.0,A9_D-Alanine,19
15.25,A9_D-Alanine,15
15.5,A9_D-Alanine,21
15.75,A9_D-Alanine,23
16.0,A9_D-Alanine,23
16.25,A9_D-Alanine,17
16.5,A9_D-Alanine,19
16.75,A9_D-Alanine,20
17.0,A9_D-Alanine,17
17.25,A9_D-Alanine,20
17.5,A9_D-Alanine,18
17.75,A9_D-Alanine,24
18.0,A9_D-Alanine,15
18.25,A9_D-Alanine,18
18.5,A9_D-Alanine,17
18.75,A9_D-Alanine,15
19.0,A9_D-Alanine,21
19.25,A9_D-Alanine,18
19.5,A9_D-Alanine,21
19.75,A9_D-Alanine,19
20.0,A9_D-Alanine,23
20.25,A9_D-Alanine,22
20.5,A9_D-Alanine,23
20.75,A9_D-Alanine,21
21.0,A9_D-Alanine,23
21.25,A9_D-Alanine,23
21.5,A9_D-Alanine,23
21.75,A9_D-Alanine,18
22.0,A9_D-Alanine,19
22.25,A9_D-Alanine,20
22.5,A9_D-Alanine,17
22.75,A9_D-Alanine,20
23.0,A9_D-Alanine,18
23.25,A9_D-Alanine,18
23.5,A9_D-Alanine,18
23.75,A9_D-Alanine,17
24.0,A9_D-Alanine,18
24.25,A9_D-Alanine,16
24.5,A9_D-Alanine,21
24.75,A9_D-Alanine,20
25.0,A9_D-Alanine,19
25.25,A9_D-Alanine,19
25.5,A9_D-Alanine,18
25.75,A9_D-Alanine,17
26.0,A9_D-Alanine,19
26.25,A9_D-Alanine,19
26.5,A9_D-Alanine,18
26.75,A9_D-Alanine,19
27.0,A9_D-Alanine,21
27.25,A9_D-Alanine,15
27.5,A9_D-Alanine,18
27.75,A9_D-Alanine,21
28.0,A9_D-Alanine,19
28.25,A9_D-Alanine,17
28.5,A9_D-Alanine,21
28.75,A9_D-Alanine,19
29.0,A9_D-Alanine,20
29.25,A9_D-Alanine,18
29.5,A9_D-Alanine,19
29.75,A9_D-Alanine,17
30.0,A9_D-Alanine,17
30.25,A9_D-Alanine,13
30.5,A9_D-Alanine,18
30.75,A9_D-Alanine,21
31.0,A9_D-Alanine,15
31.25,A9_D-Alanine,19
31.5,A9_D-Alanine,16
31.75,A9_D-Alanine,22
32.0,A9_D-Alanine,22
32.25,A9_D-Alanine,22
32.5,A9_D-Alanine,20
32.75,A9_D-Alanine,18
33.0,A9_D-Alanine,21
33.25,A9_D-Alanine,19
33.5,A9_D-Alanine,23
33.75,A9_D-Alanine,22
34.0,A9_D-Alanine,18
34.25,A9_D-Alanine,21
34.5,A9_D-Alanine,21
34.75,A9_D-Alanine,19
35.0,A9_D-Alanine,14
35.25,A9_D-Alanine,16
35.5,A9_D-Alanine,25
35.75,A9_D-Alanine,17
36.0,A9_D-Alanine,20
36.25,A9_D-Alanine,16
36.5,A9_D-Alanine,19
36.75,A9_D-Alanine,21
37.0,A9_D-Alanine,21
37.25,A9_D-Alanine,19
37.5,A9_D-Alanine,20
37.75,A9_D-Alanine,20
38.0,A9_D-Alanine,20
38.25,A9_D-Alanine,20
38.5,A9_D-Alanine,18
38.75,A9_D-Alanine,17
39.0,A9_D-Alanine,18
39.25,A9_D-Alanine,21
39.5,A9_D-Alanine,19
39.75,A9_D-Alanine,19
40.0,A9_D-Alanine,19
40.25,A9_D-Alanine,18
40.5,A9_D-Alanine,20
40.75,A9_D-Alanine,20
41.0,A9_D-Alanine,22
41.25,A9_D-Alanine,19
41.5,A9_D-Alanine,27
41.75,A9_D-Alanine,19
42.0,A9_D-Alanine,20
42.25,A9_D-Alanine,26
42.5,A9_D-Alanine,26
42.75,A9_D-Alanine,26
43.0,A9_D-Alanine,22
43.25,A9_D-Alanine,20
43.5,A9_D-Alanine,20
43.75,A9_D-Alanine,22
44.0,A9_D-Alanine,21
44.25,A9_D-Alanine,20
44.5,A9_D-Alanine,22
44.75,A9_D-Alanine,23
45.0,A9_D-Alanine,23
45.25,A9_D-Alanine,23
45.5,A9_D-Alanine,20
45.75,A9_D-Alanine,24
46.0,A9_D-Alanine,22
46.25,A9_D-Alanine,26
46.5,A9_D-Alanine,22
46.75,A9_D-Alanine,21
47.0,A9_D-Alanine,23
47.25,A9_D-Alanine,17
47.5,A9_D-Alanine,21
47.75,A9_D-Alanine,21
48.0,A9_D-Alanine,23
48.25,A9_D-Alanine,19
0.0,A10_D-Trehalose,22
0.25,A10_D-Trehalose,20
0.5,A10_D-Trehalose,22
0.75,A10_D-Trehalose,20
1.0,A10_D-Trehalose,24
1.25,A10_D-Trehalose,22
1.5,A10_D-Trehalose,18
1.75,A10_D-Trehalose,24
2.0,A10_D-Trehalose,21
2.25,A10_D-Trehalose,20
2.5,A10_D-Trehalose,25
2.75,A10_D-Trehalose,23
3.0,A10_D-Trehalose,20
3.25,A10_D-Trehalose,17
3.5,A10_D-Trehalose,25
3.75,A10_D-Trehalose,24
4.0,A10_D-Trehalose,23
4.25,A10_D-Trehalose,19
4.5,A10_D-Trehalose,23
4.75,A10_D-Trehalose,22
5.0,A10_D-Trehalose,25
5.25,A10_D-Trehalose,24
5.5,A10_D-Trehalose,19
5.75,A10_D-Trehalose,21
6.0,A10_D-Trehalose,20
6.25,A10_D-Trehalose,23
6.5,A10_D-Trehalose,22
6.75,A10_D-Trehalose,25
7.0,A10_D-Trehalose,25
7.25,A10_D-Trehalose,25
7.5,A10_D-Trehalose,23
7.75,A10_D-Trehalose,23
8.0,A10_D-Trehalose,25
8.25,A10_D-Trehalose,21
8.5,A10_D-Trehalose,25
8.75,A10_D-Trehalose,24
9.0,A10_D-Trehalose,25
9.25,A10_D-Trehalose,25
9.5,A10_D-Trehalose,25
9.75,A10_D-Trehalose,21
10.0,A10_D-Trehalose,26
10.25,A10_D-Trehalose,23
10.5,A10_D-Trehalose,25
10.75,A10_D-Trehalose,22
11.0,A10_D-Trehalose,26
11.25,A10_D-Trehalose,26
11.5,A10_D-Trehalose,26
11.75,A10_D-Trehalose,26
12.0,A10_D-Trehalose,29
12.25,A10_D-Trehalose,25
12.5,A10_D-Trehalose,28
12.75,A10_D-Trehalose,31
13.0,A10_D-Trehalose,30
13.25,A10_D-Trehalose,32
13.5,A10_D-Trehalose,31
13.75,A10_D-Trehalose,27
14.0,A10_D-Trehalose,27
14.25,A10_D-Trehalose,27
14.5,A10_D-Trehalose,29
14.75,A10_D-Trehalose,33
15.0,A10_D-Trehalose,27
15.25,A10_D-Trehalose,30
15.5,A10_D-Trehalose,30
15.75,A10_D-Trehalose,28
16.0,A10_D-Trehalose,30
16.25,A10_D-Trehalose,27
16.5,A10_D-Trehalose,28
16.75,A10_D-Trehalose,28
17.0,A10_D-Trehalose,31
17.25,A10_D-Trehalose,30
17.5,A10_D-Trehalose,32
17.75,A10_D-Trehalose,31
18.0,A10_D-Trehalose,31
18.25,A10_D-Trehalose,30
18.5,A10_D-Trehalose,31
18.75,A10_D-Trehalose,29
19.0,A10_D-Trehalose,26
19.25,A10_D-Trehalose,33
19.5,A10_D-Trehalose,32
19.75,A10_D-Trehalose,31
20.0,A10_D-Trehalose,27
20.25,A10_D-Trehalose,32
20.5,A10_D-Trehalose,34
20.75,A10_D-Trehalose,29
21.0,A10_D-Trehalose,30
21.25,A10_D-Trehalose,29
21.5,A10_D-Trehalose,32
21.75,A10_D-Trehalose,30
22.0,A10_D-Trehalose,29
22.25,A10_D-Trehalose,32
22.5,A10_D-Trehalose,33
22.75,A10_D-Trehalose,32
23.0,A10_D-Trehalose,30
23.25,A10_D-Trehalose,28
23.5,A10_D-Trehalose,30
23.75,A10_D-Trehalose,29
24.0,A10_D-Trehalose,29
24.25,A10_D-Trehalose,30
24.5,A10_D-Trehalose,27
24.75,A10_D-Trehalose,31
25.0,A10_D-Trehalose,28
25.25,A10_D-Trehalose,28
25.5,A10_D-Trehalose,35
25.75,A10_D-Trehalose,29
26.0,A10_D-Trehalose,23
26.25,A10_D-Trehalose,30
26.5,A10_D-Trehalose,31
26.75,A10_D-Trehalose,26
27.0,A10_D-Trehalose,29
27.25,A10_D-Trehalose,27
27.5,A10_D-Trehalose,24
27.75,A10_D-Trehalose,24
28.0,A10_D-Trehalose,30
28.25,A10_D-Trehalose,27
28.5,A10_D-Trehalose,25
28.75,A10_D-Trehalose,25
29.0,A10_D-Trehalose,32
29.25,A10_D-Trehalose,26
29.5,A10_D-Trehalose,25
29.75,A10_D-Trehalose,25
30.0,A10_D-Trehalose,28
30.25,A10_D-Trehalose,25
30.5,A10_D-Trehalose,28
30.75,A10_D-Trehalose,28
31.0,A10_D-Trehalose,28
31.25,A10_D-Trehalose,26
31.5,A10_D-Trehalose,27
31.75,A10_D-Trehalose,30
32.0,A10_D-Trehalose,30
32.25,A10_D-Trehalose,24
32.5,A10_D-Trehalose,25
32.75,A10_D-Trehalose,23
33.0,A10_D-Trehalose,30
33.25,A10_D-Trehalose,23
33.5,A10_D-Trehalose,28
33.75,A10_D-Trehalose,24
34.0,A10_D-Trehalose,28
34.25,A10_D-Trehalose,30
34.5,A10_D-Trehalose,28
34.75,A10_D-Trehalose,31
35.0,A10_D-Trehalose,24
35.25,A10_D-Trehalose,25
35.5,A10_D-Trehalose,29
35.75,A10_D-Trehalose,29
36.0,A10_D-Trehalose,28
36.25,A10_D-Trehalose,25
36.5,A10_D-Trehalose,25
36.75,A10_D-Trehalose,24
37.0,A10_D-Trehalose,24
37.25,A10_D-Trehalose,22
37.5,A10_D-Trehalose,25
37.75,A10_D-Trehalose,27
38.0,A10_D-Trehalose,22
38.25,A10_D-Trehalose,28
38.5,A10_D-Trehalose,26
38.75,A10_D-Trehalose,25
39.0,A10_D-Trehalose,27
39.25,A10_D-Trehalose,23
39.5,A10_D-Trehalose,28
39.75,A10_D-Trehalose,27
40.0,A10_D-Trehalose,29
40.25,A10_D-Trehalose,22
40.5,A10_D-Trehalose,27
40.75,A10_D-Trehalose,21
41.0,A10_D-Trehalose,28
41.25,A10_D-Trehalose,21
41.5,A10_D-Trehalose,27
41.75,A10_D-Trehalose,31
42.0,A10_D-Trehalose,26
42.25,A10_D-Trehalose,32
42.5,A10_D-Trehalose,24
42.75,A10_D-Trehalose,29
43.0,A10_D-Trehalose,28
43.25,A10_D-Trehalose,27
43.5,A10_D-Trehalose,28
43.75,A10_D-Trehalose,32
44.0,A10_D-Trehalose,24
44.25,A10_D-Trehalose,27
44.5,A10_D-Trehalose,26
44.75,A10_D-Trehalose,28
45.0,A10_D-Trehalose,25
45.25,A10_D-Trehalose,28
45.5,A10_D-Trehalose,28
45.75,A10_D-Trehalose,28
46.0,A10_D-Trehalose,28
46.25,A10_D-Trehalose,27
46.5,A10_D-Trehalose,27
46.75,A10_D-Trehalose,22
47.0,A10_D-Trehalose,23
47.25,A10_D-Trehalose,28
47.5,A10_D-Trehalose,29
47.75,A10_D-Trehalose,24
48.0,A10_D-Trehalose,22
48.25,A10_D-Trehalose,27
0.0,A11_D-Mannose,18
0.25,A11_D-Mannose,19
0.5,A11_D-Mannose,20
0.75,A11_D-Mannose,21
1.0,A11_D-Mannose,19
1.25,A11_D-Mannose,18
1.5,A11_D-Mannose,19
1.75,A11_D-Mannose,17
2.0,A11_D-Mannose,19
2.25,A11_D-Mannose,16
2.5,A11_D-Mannose,19
2.75,A11_D-Mannose,20
3.0,A11_D-Mannose,20
3.25,A11_D-Mannose,18
3.5,A11_D-Mannose,15
3.75,A11_D-Mannose,14
4.0,A11_D-Mannose,15
4.25,A11_D-Mannose,16
4.5,A11_D-Mannose,16
4.75,A11_D-Mannose,17
5.0,A11_D-Mannose,21
5.25,A11_D-Mannose,20
5.5,A11_D-Mannose,18
5.75,A11_D-Mannose,14
6.0,A11_D-Mannose,18
6.25,A11_D-Mannose,20
6.5,A11_D-Mannose,18
6.75,A11_D-Mannose,21
7.0,A11_D-Mannose,19
7.25,A11_D-Mannose,16
7.5,A11_D-Mannose,21
7.75,A11_D-Mannose,17
8.0,A11_D-Mannose,22
8.25,A11_D-Mannose,14
8.5,A11_D-Mannose,19
8.75,A11_D-Mannose,21
9.0,A11_D-Mannose,21
9.25,A11_D-Mannose,18
9.5,A11_D-Mannose,21
9.75,A11_D-Mannose,18
10.0,A11_D-Mannose,19
10.25,A11_D-Mannose,21
10.5,A11_D-Mannose,21
10.75,A11_D-Mannose,15
11.0,A11_D-Mannose,18
11.25,A11_D-Mannose,20
11.5,A11_D-Mannose,24
11.75,A11_D-Mannose,21
12.0,A11_D-Mannose,23
12.25,A11_D-Mannose,22
12.5,A11_D-Mannose,25
12.75,A11_D-Mannose,25
13.0,A11_D-Mannose,23
13.25,A11_D-Mannose,28
13.5,A11_D-Mannose,25
13.75,A11_D-Mannose,24
14.0,A11_D-Mannose,25
14.25,A11_D-Mannose,24
14.5,A11_D-Mannose,25
14.75,A11_D-Mannose,27
15.0,A11_D-Mannose,23
15.25,A11_D-Mannose,22
15.5,A11_D-Mannose,23
15.75,A11_D-Mannose,29
16.0,A11_D-Mannose,26
16.25,A11_D-Mannose,23
16.5,A11_D-Mannose,19
16.75,A11_D-Mannose,26
17.0,A11_D-Mannose,30
17.25,A11_D-Mannose,24
17.5,A11_D-Mannose,26
17.75,A11_D-Mannose,28
18.0,A11_D-Mannose,25
18.25,A11_D-Mannose,23
18.5,A11_D-Mannose,26
18.75,A11_D-Mannose,26
19.0,A11_D-Mannose,29
19.25,A11_D-Mannose,25
19.5,A11_D-Mannose,26
19.75,A11_D-Mannose,28
20.0,A11_D-Mannose,26
20.25,A11_D-Mannose,26
20.5,A11_D-Mannose,27
20.75,A11_D-Mannose,30
21.0,A11_D-Mannose,27
21.25,A11_D-Mannose,24
21.5,A11_D-Mannose,26
21.75,A11_D-Mannose,25
22.0,A11_D-Mannose,26
22.25,A11_D-Mannose,26
22.5,A11_D-Mannose,24
22.75,A11_D-Mannose,30
23.0,A11_D-Mannose,24
23.25,A11_D-Mannose,27
23.5,A11_D-Mannose,29
23.75,A11_D-Mannose,25
24.0,A11_D-Mannose,24
24.25,A11_D-Mannose,27
24.5,A11_D-Mannose,27
24.75,A11_D-Mannose,28
25.0,A11_D-Mannose,25
25.25,A11_D-Mannose,30
25.5,A11_D-Mannose,26
25.75,A11_D-Mannose,29
26.0,A11_D-Mannose,26
26.25,A11_D-Mannose,27
26.5,A11_D-Mannose,31
26.75,A11_D-Mannose,27
27.0,A11_D-Mannose,24
27.25,A11_D-Mannose,24
27.5,A11_D-Mannose,24
27.75,A11_D-Mannose,24
28.0,A11_D-Mannose,25
28.25,A11_D-Mannose,24
28.5,A11_D-Mannose,27
28.75,A11_D-Mannose,28
29.0,A11_D-Mannose,29
29.25,A11_D-Mannose,26
29.5,A11_D-Mannose,25
29.75,A11_D-Mannose,26
30.0,A11_D-Mannose,26
30.25,A11_D-Mannose,29
30.5,A11_D-Mannose,24
30.75,A11_D-Mannose,29
31.0,A11_D-Mannose,26
31.25,A11_D-Mannose,24
31.5,A11_D-Mannose,25
31.75,A11_D-Mannose,25
32.0,A11_D-Mannose,21
32.25,A11_D-Mannose,25
32.5,A11_D-Mannose,23
32.75,A11_D-Mannose,26
33.0,A11_D-Mannose,27
33.25,A11_D-Mannose,26
33.5,A11_D-Mannose,24
33.75,A11_D-Mannose,28
34.0,A11_D-Mannose,25
34.25,A11_D-Mannose,27
34.5,A11_D-Mannose,26
34.75,A11_D-Mannose,26
35.0,A11_D-Mannose,22
35.25,A11_D-Mannose,24
35.5,A11_D-Mannose,24
35.75,A11_D-Mannose,26
36.0,A11_D-Mannose,25
36.25,A11_D-Mannose,21
36.5,A11_D-Mannose,26
36.75,A11_D-Mannose,24
37.0,A11_D-Mannose,22
37.25,A11_D-Mannose,25
37.5,A11_D-Mannose,26
37.75,A11_D-Mannose,29
38.0,A11_D-Mannose,25
38.25,A11_D-Mannose,22
38.5,A11_D-Mannose,23
38.75,A11_D-Mannose,24
39.0,A11_D-Mannose,25
39.25,A11_D-Mannose,26
39.5,A11_D-Mannose,25
39.75,A11_D-Mannose,22
40.0,A11_D-Mannose,26
40.25,A11_D-Mannose,25
40.5,A11_D-Mannose,22
40.75,A11_D-Mannose,24
41.0,A11_D-Mannose,26
41.25,A11_D-Mannose,21
41.5,A11_D-Mannose,25
41.75,A11_D-Mannose,27
42.0,A11_D-Mannose,28
42.25,A11_D-Mannose,31
42.5,A11_D-Mannose,31
42.75,A11_D-Mannose,27
43.0,A11_D-Mannose,27
43.25,A11_D-Mannose,29
43.5,A11_D-Mannose,22
43.75,A11_D-Mannose,24
44.0,A11_D-Mannose,23
44.25,A11_D-Mannose,29
44.5,A11_D-Mannose,31
44.75,A11_D-Mannose,26
45.0,A11_D-Mannose,25
45.25,A11_D-Mannose,27
45.5,A11_D-Mannose,26
45.75,A11_D-Mannose,31
46.0,A11_D-Mannose,31
46.25,A11_D-Mannose,26
46.5,A11_D-Mannose,28
46.75,A11_D-Mannose,26
47.0,A11_D-Mannose,26
47.25,A11_D-Mannose,24
47.5,A11_D-Mannose,27
47.75,A11_D-Mannose,29
48.0,A11_D-Mannose,26
48.25,A11_D-Mannose,31
0.0,A12_Dulcitol,27
0.25,A12_Dulcitol,22
0.5,A12_Dulcitol,24
0.75,A12_Dulcitol,23
1.0,A12_Dulcitol,25
1.25,A12_Dulcitol,25
1.5,A12_Dulcitol,26
1.75,A12_Dulcitol,25
2.0,A12_Dulcitol,24
2.25,A12_Dulcitol,22
2.5,A12_Dulcitol,24
2.75,A12_Dulcitol,23
3.0,A12_Dulcitol,25
3.25,A12_Dulcitol,29
3.5,A12_Dulcitol,26
3.75,A12_Dulcitol,20
4.0,A12_Dulcitol,25
4.25,A12_Dulcitol,25
4.5,A12_Dulcitol,27
4.75,A12_Dulcitol,24
5.0,A12_Dulcitol,27
5.25,A12_Dulcitol,23
5.5,A12_Dulcitol,24
5.75,A12_Dulcitol,25
6.0,A12_Dulcitol,23
6.25,A12_Dulcitol,26
6.5,A12_Dulcitol,21
6.75,A12_Dulcitol,21
7.0,A12_Dulcitol,23
7.25,A12_Dulcitol,22
7.5,A12_Dulcitol,25
7.75,A12_Dulcitol,26
8.0,A12_Dulcitol,29
8.25,A12_Dulcitol,21
8.5,A12_Dulcitol,21
8.75,A12_Dulcitol,24
9.0,A12_Dulcitol,25
9.25,A12_Dulcitol,22
9.5,A12_Dulcitol,23
9.75,A12_Dulcitol,30
10.0,A12_Dulcitol,20
10.25,A12_Dulcitol,27
10.5,A12_Dulcitol,25
10.75,A12_Dulcitol,24
11.0,A12_Dulcitol,28
11.25,A12_Dulcitol,25
11.5,A12_Dulcitol,26
11.75,A12_Dulcitol,27
12.0,A12_Dulcitol,28
12.25,A12_Dulcitol,29
12.5,A12_Dulcitol,32
12.75,A12_Dulcitol,32
13.0,A12_Dulcitol,29
13.25,A12_Dulcitol,30
13.5,A12_Dulcitol,35
13.75,A12_Dulcitol,34
14.0,A12_Dulcitol,30
14.25,A12_Dulcitol,33
14.5,A12_Dulcitol,31
14.75,A12_Dulcitol,30
15.0,A12_Dulcitol,33
15.25,A12_Dulcitol,33
15.5,A12_Dulcitol,31
15.75,A12_Dulcitol,33
16.0,A12_Dulcitol,36
16.25,A12_Dulcitol,33
16.5,A12_Dulcitol,32
16.75,A12_Dulcitol,31
17.0,A12_Dulcitol,36
17.25,A12_Dulcitol,30
17.5,A12_Dulcitol,32
17.75,A12_Dulcitol,33
18.0,A12_Dulcitol,33
18.25,A12_Dulcitol,32
18.5,A12_Dulcitol,30
18.75,A12_Dulcitol,33
19.0,A12_Dulcitol,31
19.25,A12_Dulcitol,30
19.5,A12_Dulcitol,33
19.75,A12_Dulcitol,36
20.0,A12_Dulcitol,32
20.25,A12_Dulcitol,35
20.5,A12_Dulcitol,33
20.75,A12_Dulcitol,36
21.0,A12_Dulcitol,35
21.25,A12_Dulcitol,30
21.5,A12_Dulcitol,35
21.75,A12_Dulcitol,33
22.0,A12_Dulcitol,31
22.25,A12_Dulcitol,35
22.5,A12_Dulcitol,35
22.75,A12_Dulcitol,31
23.0,A12_Dulcitol,32
23.25,A12_Dulcitol,31
23.5,A12_Dulcitol,32
23.75,A12_Dulcitol,33
24.0,A12_Dulcitol,35
24.25,A12_Dulcitol,34
24.5,A12_Dulcitol,31
24.75,A12_Dulcitol,28
25.0,A12_Dulcitol,35
25.25,A12_Dulcitol,28
25.5,A12_Dulcitol,33
25.75,A12_Dulcitol,30
26.0,A12_Dulcitol,31
26.25,A12_Dulcitol,32
26.5,A12_Dulcitol,35
26.75,A12_Dulcitol,31
27.0,A12_Dulcitol,27
27.25,A12_Dulcitol,31
27.5,A12_Dulcitol,26
27.75,A12_Dulcitol,29
28.0,A12_Dulcitol,26
28.25,A12_Dulcitol,30
28.5,A12_Dulcitol,26
28.75,A12_Dulcitol,29
29.0,A12_Dulcitol,31
29.25,A12_Dulcitol,28
29.5,A12_Dulcitol,25
29.75,A12_Dulcitol,25
30.0,A12_Dulcitol,30
30.25,A12_Dulcitol,28
30.5,A12_Dulcitol,25
30.75,A12_Dulcitol,30
31.0,A12_Dulcitol,28
31.25,A12_Dulcitol,27
31.5,A12_Dulcitol,26
31.75,A12_Dulcitol,29
32.0,A12_Dulcitol,28
32.25,A12_Dulcitol,30
32.5,A12_Dulcitol,29
32.75,A12_Dulcitol,25
33.0,A12_Dulcitol,26
33.25,A12_Dulcitol,26
33.5,A12_Dulcitol,28
33.75,A12_Dulcitol,31
34.0,A12_Dulcitol,26
34.25,A12_Dulcitol,27
34.5,A12_Dulcitol,27
34.75,A12_Dulcitol,29
35.0,A12_Dulcitol,27
35.25,A12_Dulcitol,24
35.5,A12_Dulcitol,34
35.75,A12_Dulcitol,27
36.0,A12_Dulcitol,27
36.25,A12_Dulcitol,26
36.5,A12_Dulcitol,21
36.75,A12_Dulcitol,19
37.0,A12_Dulcitol,26
37.25,A12_Dulcitol,25
37.5,A12_Dulcitol,24
37.75,A12_Dulcitol,25
38.0,A12_Dulcitol,27
38.25,A12_Dulcitol,26
38.5,A12_Dulcitol,27
38.75,A12_Dulcitol,25
39.0,A12_Dulcitol,27
39.25,A12_Dulcitol,25
39.5,A12_Dulcitol,31
39.75,A12_Dulcitol,24
40.0,A12_Dulcitol,29
40.25,A12_Dulcitol,29
40.5,A12_Dulcitol,25
40.75,A12_Dulcitol,25
41.0,A12_Dulcitol,25
41.25,A12_Dulcitol,32
41.5,A12_Dulcitol,28
41.75,A12_Dulcitol,29
42.0,A12_Dulcitol,27
42.25,A12_Dulcitol,28
42.5,A12_Dulcitol,30
42.75,A12_Dulcitol,30
43.0,A12_Dulcitol,28
43.25,A12_Dulcitol,27
43.5,A12_Dulcitol,27
43.75,A12_Dulcitol,32
44.0,A12_Dulcitol,26
44.25,A12_Dulcitol,23
44.5,A12_Dulcitol,26
44.75,A12_Dulcitol,29
45.0,A12_Dulcitol,27
45.25,A12_Dulcitol,29
45.5,A12_Dulcitol,32
45.75,A12_Dulcitol,28
46.0,A12_Dulcitol,27
46.25,A12_Dulcitol,29
46.5,A12_Dulcitol,24
46.75,A12_Dulcitol,24
47.0,A12_Dulcitol,27
47.25,A12_Dulcitol,25
47.5,A12_Dulcitol,25
47.75,A12_Dulcitol,28
48.0,A12_Dulcitol,27
48.25,A12_Dulcitol,28
0.0,B1_D-Serine,26
0.25,B1_D-Serine,22
0.5,B1_D-Serine,18
0.75,B1_D-Serine,24
1.0,B1_D-Serine,25
1.25,B1_D-Serine,24
1.5,B1_D-Serine,23
1.75,B1_D-Serine,21
2.0,B1_D-Serine,23
2.25,B1_D-Serine,20
2.5,B1_D-Serine,20
2.75,B1_D-Serine,20
3.0,B1_D-Serine,23
3.25,B1_D-Serine,23
3.5,B1_D-Serine,22
3.75,B1_D-Serine,19
4.0,B1_D-Serine,20
4.25,B1_D-Serine,26
4.5,B1_D-Serine,20
4.75,B1_D-Serine,21
5.0,B1_D-Serine,23
5.25,B1_D-Serine,24
5.5,B1_D-Serine,20
5.75,B1_D-Serine,20
6.0,B1_D-Serine,23
6.25,B1_D-Serine,19
6.5,B1_D-Serine,21
6.75,B1_D-Serine,25
7.0,B1_D-Serine,22
7.25,B1_D-Serine,24
7.5,B1_D-Serine,24
7.75,B1_D-Serine,19
8.0,B1_D-Serine,28
8.25,B1_D-Serine,25
8.5,B1_D-Serine,20
8.75,B1_D-Serine,19
9.0,B1_D-Serine,20
9.25,B1_D-Serine,20
9.5,B1_D-Serine,23
9.75,B1_D-Serine,17
10.0,B1_D-Serine,24
10.25,B1_D-Serine,19
10.5,B1_D-Serine,20
10.75,B1_D-Serine,20
11.0,B1_D-Serine,23
11.25,B1_D-Serine,23
11.5,B1_D-Serine,27
11.75,B1_D-Serine,23
12.0,B1_D-Serine,27
12.25,B1_D-Serine,21
12.5,B1_D-Serine,22
12.75,B1_D-Serine,22
13.0,B1_D-Serine,22
13.25,B1_D-Serine,22
13.5,B1_D-Serine,22
13.75,B1_D-Serine,24
14.0,B1_D-Serine,16
14.25,B1_D-Serine,23
14.5,B1_D-Serine,22
14.75,B1_D-Serine,23
15.0,B1_D-Serine,24
15.25,B1_D-Serine,22
15.5,B1_D-Serine,23
15.75,B1_D-Serine,24
16.0,B1_D-Serine,20
16.25,B1_D-Serine,21
16.5,B1_D-Serine,20
16.75,B1_D-Serine,25
17.0,B1_D-Serine,24
17.25,B1_D-Serine,22
17.5,B1_D-Serine,22
17.75,B1_D-Serine,21
18.0,B1_D-Serine,24
18.25,B1_D-Serine,22
18.5,B1_D-Serine,21
18.75,B1_D-Serine,25
19.0,B1_D-Serine,19
19.25,B1_D-Serine,21
19.5,B1_D-Serine,21
19.75,B1_D-Serine,21
20.0,B1_D-Serine,25
20.25,B1_D-Serine,24
20.5,B1_D-Serine,23
20.75,B1_D-Serine,22
21.0,B1_D-Serine,23
21.25,B1_D-Serine,21
21.5,B1_D-Serine,23
21.75,B1_D-Serine,22
22.0,B1_D-Serine,24
22.25,B1_D-Serine,21
22.5,B1_D-Serine,22
22.75,B1_D-Serine,23
23.0,B1_D-Serine,21
23.25,B1_D-Serine,20
23.5,B1_D-Serine,22
23.75,B1_D-Serine,26
24.0,B1_D-Serine,21
24.25,B1_D-Serine,20
24.5,B1_D-Serine,22
24.75,B1_D-Serine,19
25.0,B1_D-Serine,24
25.25,B1_D-Serine,20
25.5,B1_D-Serine,22
25.75,B1_D-Serine,21
26.0,B1_D-Serine,19
26.25,B1_D-Serine,20
26.5,B1_D-Serine,20
26.75,B1_D-Serine,20
27.0,B1_D-Serine,19
27.25,B1_D-Serine,20
27.5,B1_D-Serine,20
27.75,B1_D-Serine,20
28.0,B1_D-Serine,20
28.25,B1_D-Serine,22
28.5,B1_D-Serine,22
28.75,B1_D-Serine,20
29.0,B1_D-Serine,20
29.25,B1_D-Serine,20
29.5,B1_D-Serine,22
29.75,B1_D-Serine,22
30.0,B1_D-Serine,16
30.25,B1_D-Serine,20
30.5,B1_D-Serine,19
30.75,B1_D-Serine,25
31.0,B1_D-Serine,22
31.25,B1_D-Serine,24
31.5,B1_D-Serine,20
31.75,B1_D-Serine,22
32.0,B1_D-Serine,19
32.25,B1_D-Serine,22
32.5,B1_D-Serine,23
32.75,B1_D-Serine,21
33.0,B1_D-Serine,25
33.25,B1_D-Serine,22
33.5,B1_D-Serine,21
33.75,B1_D-Serine,21
34.0,B1_D-Serine,18
34.25,B1_D-Serine,20
34.5,B1_D-Serine,19
34.75,B1_D-Serine,25
35.0,B1_D-Serine,19
35.25,B1_D-Serine,21
35.5,B1_D-Serine,24
35.75,B1_D-Serine,23
36.0,B1_D-Serine,18
36.25,B1_D-Serine,20
36.5,B1_D-Serine,17
36.75,B1_D-Serine,22
37.0,B1_D-Serine,23
37.25,B1_D-Serine,20
37.5,B1_D-Serine,17
37.75,B1_D-Serine,23
38.0,B1_D-Serine,22
38.25,B1_D-Serine,16
38.5,B1_D-Serine,18
38.75,B1_D-Serine,23
39.0,B1_D-Serine,21
39.25,B1_D-Serine,20
39.5,B1_D-Serine,20
39.75,B1_D-Serine,18
40.0,B1_D-Serine,21
40.25,B1_D-Serine,18
40.5,B1_D-Serine,22
40.75,B1_D-Serine,19
41.0,B1_D-Serine,22
41.25,B1_D-Serine,22
41.5,B1_D-Serine,18
41.75,B1_D-Serine,22
42.0,B1_D-Serine,21
42.25,B1_D-Serine,25
42.5,B1_D-Serine,23
42.75,B1_D-Serine,21
43.0,B1_D-Serine,26
43.25,B1_D-Serine,22
43.5,B1_D-Serine,22
43.75,B1_D-Serine,23
44.0,B1_D-Serine,21
44.25,B1_D-Serine,20
44.5,B1_D-Serine,21
44.75,B1_D-Serine,20
45.0,B1_D-Serine,23
45.25,B1_D-Serine,19
45.5,B1_D-Serine,17
45.75,B1_D-Serine,21
46.0,B1_D-Serine,22
46.25,B1_D-Serine,23
46.5,B1_D-Serine,21
46.75,B1_D-Serine,20
47.0,B1_D-Serine,18
47.25,B1_D-Serine,22
47.5,B1_D-Serine,21
47.75,B1_D-Serine,23
48.0,B1_D-Serine,19
48.25,B1_D-Serine,20
0.0,B2_D-Sorbitol,13
0.25,B2_D-Sorbitol,13
0.5,B2_D-Sorbitol,15
0.75,B2_D-Sorbitol,17
1.0,B2_D-Sorbitol,12
1.25,B2_D-Sorbitol,16
1.5,B2_D-Sorbitol,16
1.75,B2_D-Sorbitol,12
2.0,B2_D-Sorbitol,13
2.25,B2_D-Sorbitol,12
2.5,B2_D-Sorbitol,17
2.75,B2_D-Sorbitol,13
3.0,B2_D-Sorbitol,16
3.25,B2_D-Sorbitol,11
3.5,B2_D-Sorbitol,13
3.75,B2_D-Sorbitol,13
4.0,B2_D-Sorbitol,14
4.25,B2_D-Sorbitol,12
4.5,B2_D-Sorbitol,14
4.75,B2_D-Sorbitol,14
5.0,B2_D-Sorbitol,12
5.25,B2_D-Sorbitol,20
5.5,B2_D-Sorbitol,13
5.75,B2_D-Sorbitol,13
6.0,B2_D-Sorbitol,15
6.25,B2_D-Sorbitol,14
6.5,B2_D-Sorbitol,15
6.75,B2_D-Sorbitol,12
7.0,B2_D-Sorbitol,13
7.25,B2_D-Sorbitol,18
7.5,B2_D-Sorbitol,15
7.75,B2_D-Sorbitol,17
8.0,B2_D-Sorbitol,16
8.25,B2_D-Sorbitol,16
8.5,B2_D-Sorbitol,18
8.75,B2_D-Sorbitol,16
9.0,B2_D-Sorbitol,12
9.25,B2_D-Sorbitol,16
9.5,B2_D-Sorbitol,17
9.75,B2_D-Sorbitol,15
10.0,B2_D-Sorbitol,16
10.25,B2_D-Sorbitol,16
10.5,B2_D-Sorbitol,16
10.75,B2_D-Sorbitol,17
11.0,B2_D-Sorbitol,15
11.25,B2_D-Sorbitol,18
11.5,B2_D-Sorbitol,20
11.75,B2_D-Sorbitol,18
12.0,B2_D-Sorbitol,20
12.25,B2_D-Sorbitol,19
12.5,B2_D-Sorbitol,18
12.75,B2_D-Sorbitol,24
13.0,B2_D-Sorbitol,21
13.25,B2_D-Sorbitol,21
13.5,B2_D-Sorbitol,22
13.75,B2_D-Sorbitol,20
14.0,B2_D-Sorbitol,23
14.25,B2_D-Sorbitol,24
14.5,B2_D-Sorbitol,19
14.75,B2_D-Sorbitol,21
15.0,B2_D-Sorbitol,22
15.25,B2_D-Sorbitol,21
15.5,B2_D-Sorbitol,21
15.75,B2_D-Sorbitol,23
16.0,B2_D-Sorbitol,20
16.25,B2_D-Sorbitol,22
16.5,B2_D-Sorbitol,21
16.75,B2_D-Sorbitol,26
17.0,B2_D-Sorbitol,24
17.25,B2_D-Sorbitol,21
17.5,B2_D-Sorbitol,26
17.75,B2_D-Sorbitol,21
18.0,B2_D-Sorbitol,22
18.25,B2_D-Sorbitol,25
18.5,B2_D-Sorbitol,22
18.75,B2_D-Sorbitol,23
19.0,B2_D-Sorbitol,26
19.25,B2_D-Sorbitol,25
19.5,B2_D-Sorbitol,23
19.75,B2_D-Sorbitol,20
20.0,B2_D-Sorbitol,19
20.25,B2_D-Sorbitol,24
20.5,B2_D-Sorbitol,22
20.75,B2_D-Sorbitol,23
21.0,B2_D-Sorbitol,22
21.25,B2_D-Sorbitol,26
21.5,B2_D-Sorbitol,24
21.75,B2_D-Sorbitol,22
22.0,B2_D-Sorbitol,25
22.25,B2_D-Sorbitol,20
22.5,B2_D-Sorbitol,23
22.75,B2_D-Sorbitol,22
23.0,B2_D-Sorbitol,23
23.25,B2_D-Sorbitol,20
23.5,B2_D-Sorbitol,23
23.75,B2_D-Sorbitol,19
24.0,B2_D-Sorbitol,26
24.25,B2_D-Sorbitol,18
24.5,B2_D-Sorbitol,21
24.75,B2_D-Sorbitol,22
25.0,B2_D-Sorbitol,20
25.25,B2_D-Sorbitol,22
25.5,B2_D-Sorbitol,26
25.75,B2_D-Sorbitol,23
26.0,B2_D-Sorbitol,23
26.25,B2_D-Sorbitol,18
26.5,B2_D-Sorbitol,23
26.75,B2_D-Sorbitol,20
27.0,B2_D-Sorbitol,24
27.25,B2_D-Sorbitol,18
27.5,B2_D-Sorbitol,19
27.75,B2_D-Sorbitol,23
28.0,B2_D-Sorbitol,23
28.25,B2_D-Sorbitol,20
28.5,B2_D-Sorbitol,20
28.75,B2_D-Sorbitol,24
29.0,B2_D-Sorbitol,21
29.25,B2_D-Sorbitol,24
29.5,B2_D-Sorbitol,20
29.75,B2_D-Sorbitol,24
30.0,B2_D-Sorbitol,24
30.25,B2_D-Sorbitol,19
30.5,B2_D-Sorbitol,21
30.75,B2_D-Sorbitol,20
31.0,B2_D-Sorbitol,20
31.25,B2_D-Sorbitol,21
31.5,B2_D-Sorbitol,23
31.75,B2_D-Sorbitol,24
32.0,B2_D-Sorbitol,21
32.25,B2_D-Sorbitol,24
32.5,B2_D-Sorbitol,20
32.75,B2_D-Sorbitol,23
33.0,B2_D-Sorbitol,23
33.25,B2_D-Sorbitol,19
33.5,B2_D-Sorbitol,23
33.75,B2_D-Sorbitol,21
34.0,B2_D-Sorbitol,25
34.25,B2_D-Sorbitol,24
34.5,B2_D-Sorbitol,20
34.75,B2_D-Sorbitol,25
35.0,B2_D-Sorbitol,22
35.25,B2_D-Sorbitol,23
35.5,B2_D-Sorbitol,25
35.75,B2_D-Sorbitol,20
36.0,B2_D-Sorbitol,22
36.25,B2_D-Sorbitol,22
36.5,B2_D-Sorbitol,21
36.75,B2_D-Sorbitol,20
37.0,B2_D-Sorbitol,22
37.25,B2_D-Sorbitol,16
37.5,B2_D-Sorbitol,17
37.75,B2_D-Sorbitol,22
38.0,B2_D-Sorbitol,19
38.25,B2_D-Sorbitol,25
38.5,B2_D-Sorbitol,19
38.75,B2_D-Sorbitol,20
39.0,B2_D-Sorbitol,21
39.25,B2_D-Sorbitol,19
39.5,B2_D-Sorbitol,23
39.75,B2_D-Sorbitol,20
40.0,B2_D-Sorbitol,24
40.25,B2_D-Sorbitol,20
40.5,B2_D-Sorbitol,23
40.75,B2_D-Sorbitol,22
41.0,B2_D-Sorbitol,23
41.25,B2_D-Sorbitol,19
41.5,B2_D-Sorbitol,25
41.75,B2_D-Sorbitol,22
42.0,B2_D-Sorbitol,20
42.25,B2_D-Sorbitol,23
42.5,B2_D-Sorbitol,24
42.75,B2_D-Sorbitol,23
43.0,B2_D-Sorbitol,23
43.25,B2_D-Sorbitol,18
43.5,B2_D-Sorbitol,24
43.75,B2_D-Sorbitol,27
44.0,B2_D-Sorbitol,21
44.25,B2_D-Sorbitol,21
44.5,B2_D-Sorbitol,22
44.75,B2_D-Sorbitol,23
45.0,B2_D-Sorbitol,22
45.25,B2_D-Sorbitol,23
45.5,B2_D-Sorbitol,25
45.75,B2_D-Sorbitol,23
46.0,B2_D-Sorbitol,25
46.25,B2_D-Sorbitol,24
46.5,B2_D-Sorbitol,26
46.75,B2_D-Sorbitol,23
47.0,B2_D-Sorbitol,24
47.25,B2_D-Sorbitol,26
47.5,B2_D-Sorbitol,19
47.75,B2_D-Sorbitol,22
48.0,B2_D-Sorbitol,19
48.25,B2_D-Sorbitol,26
0.0,B3_Glycerol,12
0.25,B3_Glycerol,13
0.5,B3_Glycerol,12
0.75,B3_Glycerol,11
1.0,B3_Glycerol,11
1.25,B3_Glycerol,14
1.5,B3_Glycerol,13
1.75,B3_Glycerol,11
2.0,B3_Glycerol,13
2.25,B3_Glycerol,12
2.5,B3_Glycerol,11
2.75,B3_Glycerol,14
3.0,B3_Glycerol,11
3.25,B3_Glycerol,11
3.5,B3_Glycerol,11
3.75,B3_Glycerol,11
4.0,B3_Glycerol,13
4.25,B3_Glycerol,11
4.5,B3_Glycerol,15
4.75,B3_Glycerol,16
5.0,B3_Glycerol,15
5.25,B3_Glycerol,13
5.5,B3_Glycerol,15
5.75,B3_Glycerol,16
6.0,B3_Glycerol,11
6.25,B3_Glycerol,11
6.5,B3_Glycerol,11
6.75,B3_Glycerol,16
7.0,B3_Glycerol,16
7.25,B3_Glycerol,12
7.5,B3_Glycerol,12
7.75,B3_Glycerol,15
8.0,B3_Glycerol,15
8.25,B3_Glycerol,15
8.5,B3_Glycerol,16
8.75,B3_Glycerol,20
9.0,B3_Glycerol,11
9.25,B3_Glycerol,14
9.5,B3_Glycerol,17
9.75,B3_Glycerol,15
10.0,B3_Glycerol,17
10.25,B3_Glycerol,15
10.5,B3_Glycerol,18
10.75,B3_Glycerol,18
11.0,B3_Glycerol,20
11.25,B3_Glycerol,20
11.5,B3_Glycerol,23
11.75,B3_Glycerol,19
12.0,B3_Glycerol,20
12.25,B3_Glycerol,21
12.5,B3_Glycerol,21
12.75,B3_Glycerol,21
13.0,B3_Glycerol,23
13.25,B3_Glycerol,22
13.5,B3_Glycerol,25
13.75,B3_Glycerol,18
14.0,B3_Glycerol,21
14.25,B3_Glycerol,24
14.5,B3_Glycerol,21
14.75,B3_Glycerol,24
15.0,B3_Glycerol,24
15.25,B3_Glycerol,26
15.5,B3_Glycerol,21
15.75,B3_Glycerol,26
16.0,B3_Glycerol,24
16.25,B3_Glycerol,29
16.5,B3_Glycerol,27
16.75,B3_Glycerol,27
17.0,B3_Glycerol,28
17.25,B3_Glycerol,27
17.5,B3_Glycerol,30
17.75,B3_Glycerol,27
18.0,B3_Glycerol,27
18.25,B3_Glycerol,28
18.5,B3_Glycerol,29
18.75,B3_Glycerol,28
19.0,B3_Glycerol,30
19.25,B3_Glycerol,31
19.5,B3_Glycerol,32
19.75,B3_Glycerol,31
20.0,B3_Glycerol,33
20.25,B3_Glycerol,32
20.5,B3_Glycerol,31
20.75,B3_Glycerol,29
21.0,B3_Glycerol,32
21.25,B3_Glycerol,33
21.5,B3_Glycerol,34
21.75,B3_Glycerol,34
22.0,B3_Glycerol,30
22.25,B3_Glycerol,32
22.5,B3_Glycerol,32
22.75,B3_Glycerol,32
23.0,B3_Glycerol,37
23.25,B3_Glycerol,37
23.5,B3_Glycerol,38
23.75,B3_Glycerol,37
24.0,B3_Glycerol,40
24.25,B3_Glycerol,37
24.5,B3_Glycerol,39
24.75,B3_Glycerol,37
25.0,B3_Glycerol,37
25.25,B3_Glycerol,38
25.5,B3_Glycerol,41
25.75,B3_Glycerol,40
26.0,B3_Glycerol,41
26.25,B3_Glycerol,40
26.5,B3_Glycerol,43
26.75,B3_Glycerol,45
27.0,B3_Glycerol,41
27.25,B3_Glycerol,42
27.5,B3_Glycerol,46
27.75,B3_Glycerol,49
28.0,B3_Glycerol,46
28.25,B3_Glycerol,46
28.5,B3_Glycerol,47
28.75,B3_Glycerol,47
29.0,B3_Glycerol,49
29.25,B3_Glycerol,48
29.5,B3_Glycerol,47
29.75,B3_Glycerol,47
30.0,B3_Glycerol,45
30.25,B3_Glycerol,48
30.5,B3_Glycerol,48
30.75,B3_Glycerol,55
31.0,B3_Glycerol,46
31.25,B3_Glycerol,55
31.5,B3_Glycerol,51
31.75,B3_Glycerol,52
32.0,B3_Glycerol,54
32.25,B3_Glycerol,54
32.5,B3_Glycerol,52
32.75,B3_Glycerol,51
33.0,B3_Glycerol,53
33.25,B3_Glycerol,55
33.5,B3_Glycerol,56
33.75,B3_Glycerol,59
34.0,B3_Glycerol,56
34.25,B3_Glycerol,57
34.5,B3_Glycerol,61
34.75,B3_Glycerol,57
35.0,B3_Glycerol,55
35.25,B3_Glycerol,58
35.5,B3_Glycerol,53
35.75,B3_Glycerol,57
36.0,B3_Glycerol,55
36.25,B3_Glycerol,60
36.5,B3_Glycerol,58
36.75,B3_Glycerol,62
37.0,B3_Glycerol,60
37.25,B3_Glycerol,61
37.5,B3_Glycerol,60
37.75,B3_Glycerol,66
38.0,B3_Glycerol,64
38.25,B3_Glycerol,65
38.5,B3_Glycerol,66
38.75,B3_Glycerol,65
39.0,B3_Glycerol,69
39.25,B3_Glycerol,63
39.5,B3_Glycerol,65
39.75,B3_Glycerol,59
40.0,B3_Glycerol,66
40.25,B3_Glycerol,69
40.5,B3_Glycerol,67
40.75,B3_Glycerol,72
41.0,B3_Glycerol,69
41.25,B3_Glycerol,72
41.5,B3_Glycerol,73
41.75,B3_Glycerol,73
42.0,B3_Glycerol,75
42.25,B3_Glycerol,73
42.5,B3_Glycerol,70
42.75,B3_Glycerol,74
43.0,B3_Glycerol,79
43.25,B3_Glycerol,78
43.5,B3_Glycerol,75
43.75,B3_Glycerol,76
44.0,B3_Glycerol,78
44.25,B3_Glycerol,79
44.5,B3_Glycerol,79
44.75,B3_Glycerol,76
45.0,B3_Glycerol,82
45.25,B3_Glycerol,80
45.5,B3_Glycerol,85
45.75,B3_Glycerol,86
46.0,B3_Glycerol,82
46.25,B3_Glycerol,83
46.5,B3_Glycerol,81
46.75,B3_Glycerol,85
47.0,B3_Glycerol,85
47.25,B3_Glycerol,87
47.5,B3_Glycerol,93
47.75,B3_Glycerol,86
48.0,B3_Glycerol,80
48.25,B3_Glycerol,88
0.0,B4_L-Fucose,11
0.25,B4_L-Fucose,11
0.5,B4_L-Fucose,11
0.75,B4_L-Fucose,12
1.0,B4_L-Fucose,11
1.25,B4_L-Fucose,12
1.5,B4_L-Fucose,11
1.75,B4_L-Fucose,11
2.0,B4_L-Fucose,14
2.25,B4_L-Fucose,12
2.5,B4_L-Fucose,11
2.75,B4_L-Fucose,11
3.0,B4_L-Fucose,11
3.25,B4_L-Fucose,11
3.5,B4_L-Fucose,11
3.75,B4_L-Fucose,11
4.0,B4_L-Fucose,11
4.25,B4_L-Fucose,11
4.5,B4_L-Fucose,11
4.75,B4_L-Fucose,11
5.0,B4_L-Fucose,11
5.25,B4_L-Fucose,13
5.5,B4_L-Fucose,11
5.75,B4_L-Fucose,11
6.0,B4_L-Fucose,11
6.25,B4_L-Fucose,11
6.5,B4_L-Fucose,11
6.75,B4_L-Fucose,11
7.0,B4_L-Fucose,16
7.25,B4_L-Fucose,11
7.5,B4_L-Fucose,12
7.75,B4_L-Fucose,11
8.0,B4_L-Fucose,13
8.25,B4_L-Fucose,11
8.5,B4_L-Fucose,11
8.75,B4_L-Fucose,11
9.0,B4_L-Fucose,11
9.25,B4_L-Fucose,12
9.5,B4_L-Fucose,13
9.75,B4_L-Fucose,11
10.0,B4_L-Fucose,11
10.25,B4_L-Fucose,13
10.5,B4_L-Fucose,12
10.75,B4_L-Fucose,12
11.0,B4_L-Fucose,11
11.25,B4_L-Fucose,14
11.5,B4_L-Fucose,13
11.75,B4_L-Fucose,12
12.0,B4_L-Fucose,20
12.25,B4_L-Fucose,15
12.5,B4_L-Fucose,16
12.75,B4_L-Fucose,15
13.0,B4_L-Fucose,13
13.25,B4_L-Fucose,16
13.5,B4_L-Fucose,19
13.75,B4_L-Fucose,16
14.0,B4_L-Fucose,20
14.25,B4_L-Fucose,19
14.5,B4_L-Fucose,18
14.75,B4_L-Fucose,19
15.0,B4_L-Fucose,17
15.25,B4_L-Fucose,19
15.5,B4_L-Fucose,21
15.75,B4_L-Fucose,21
16.0,B4_L-Fucose,17
16.25,B4_L-Fucose,19
16.5,B4_L-Fucose,20
16.75,B4_L-Fucose,20
17.0,B4_L-Fucose,22
17.25,B4_L-Fucose,19
17.5,B4_L-Fucose,14
17.75,B4_L-Fucose,17
18.0,B4_L-Fucose,16
18.25,B4_L-Fucose,17
18.5,B4_L-Fucose,14
18.75,B4_L-Fucose,22
19.0,B4_L-Fucose,20
19.25,B4_L-Fucose,18
19.5,B4_L-Fucose,18
19.75,B4_L-Fucose,17
20.0,B4_L-Fucose,20
20.25,B4_L-Fucose,17
20.5,B4_L-Fucose,22
20.75,B4_L-Fucose,19
21.0,B4_L-Fucose,20
21.25,B4_L-Fucose,18
21.5,B4_L-Fucose,18
21.75,B4_L-Fucose,21
22.0,B4_L-Fucose,22
22.25,B4_L-Fucose,23
22.5,B4_L-Fucose,21
22.75,B4_L-Fucose,18
23.0,B4_L-Fucose,18
23.25,B4_L-Fucose,18
23.5,B4_L-Fucose,21
23.75,B4_L-Fucose,23
24.0,B4_L-Fucose,16
24.25,B4_L-Fucose,20
24.5,B4_L-Fucose,17
24.75,B4_L-Fucose,18
25.0,B4_L-Fucose,16
25.25,B4_L-Fucose,18
25.5,B4_L-Fucose,19
25.75,B4_L-Fucose,16
26.0,B4_L-Fucose,19
26.25,B4_L-Fucose,19
26.5,B4_L-Fucose,17
26.75,B4_L-Fucose,21
27.0,B4_L-Fucose,19
27.25,B4_L-Fucose,15
27.5,B4_L-Fucose,16
27.75,B4_L-Fucose,21
28.0,B4_L-Fucose,17
28.25,B4_L-Fucose,21
28.5,B4_L-Fucose,17
28.75,B4_L-Fucose,17
29.0,B4_L-Fucose,17
29.25,B4_L-Fucose,15
29.5,B4_L-Fucose,18
29.75,B4_L-Fucose,15
30.0,B4_L-Fucose,18
30.25,B4_L-Fucose,14
30.5,B4_L-Fucose,17
30.75,B4_L-Fucose,19
31.0,B4_L-Fucose,15
31.25,B4_L-Fucose,16
31.5,B4_L-Fucose,15
31.75,B4_L-Fucose,18
32.0,B4_L-Fucose,20
32.25,B4_L-Fucose,17
32.5,B4_L-Fucose,16
32.75,B4_L-Fucose,15
33.0,B4_L-Fucose,18
33.25,B4_L-Fucose,14
33.5,B4_L-Fucose,19
33.75,B4_L-Fucose,17
34.0,B4_L-Fucose,20
34.25,B4_L-Fucose,12
34.5,B4_L-Fucose,17
34.75,B4_L-Fucose,16
35.0,B4_L-Fucose,17
35.25,B4_L-Fucose,15
35.5,B4_L-Fucose,13
35.75,B4_L-Fucose,16
36.0,B4_L-Fucose,19
36.25,B4_L-Fucose,16
36.5,B4_L-Fucose,18
36.75,B4_L-Fucose,15
37.0,B4_L-Fucose,17
37.25,B4_L-Fucose,15
37.5,B4_L-Fucose,20
37.75,B4_L-Fucose,17
38.0,B4_L-Fucose,18
38.25,B4_L-Fucose,13
38.5,B4_L-Fucose,15
38.75,B4_L-Fucose,14
39.0,B4_L-Fucose,16
39.25,B4_L-Fucose,18
39.5,B4_L-Fucose,15
39.75,B4_L-Fucose,15
40.0,B4_L-Fucose,16
40.25,B4_L-Fucose,14
40.5,B4_L-Fucose,16
40.75,B4_L-Fucose,19
41.0,B4_L-Fucose,19
41.25,B4_L-Fucose,15
41.5,B4_L-Fucose,18
41.75,B4_L-Fucose,18
42.0,B4_L-Fucose,17
42.25,B4_L-Fucose,16
42.5,B4_L-Fucose,17
42.75,B4_L-Fucose,19
43.0,B4_L-Fucose,18
43.25,B4_L-Fucose,17
43.5,B4_L-Fucose,17
43.75,B4_L-Fucose,19
44.0,B4_L-Fucose,16
44.25,B4_L-Fucose,14
44.5,B4_L-Fucose,16
44.75,B4_L-Fucose,16
45.0,B4_L-Fucose,19
45.25,B4_L-Fucose,15
45.5,B4_L-Fucose,17
45.75,B4_L-Fucose,20
46.0,B4_L-Fucose,17
46.25,B4_L-Fucose,16
46.5,B4_L-Fucose,22
46.75,B4_L-Fucose,20
47.0,B4_L-Fucose,13
47.25,B4_L-Fucose,20
47.5,B4_L-Fucose,18
47.75,B4_L-Fucose,15
48.0,B4_L-Fucose,17
48.25,B4_L-Fucose,17
0.0,B5_D-Glucuronic_Acid,17
0.25,B5_D-Glucuronic_Acid,11
0.5,B5_D-Glucuronic_Acid,12
0.75,B5_D-Glucuronic_Acid,17
1.0,B5_D-Glucuronic_Acid,12
1.25,B5_D-Glucuronic_Acid,12
1.5,B5_D-Glucuronic_Acid,13
1.75,B5_D-Glucuronic_Acid,16
2.0,B5_D-Glucuronic_Acid,17
2.25,B5_D-Glucuronic_Acid,11
2.5,B5_D-Glucuronic_Acid,14
2.75,B5_D-Glucuronic_Acid,14
3.0,B5_D-Glucuronic_Acid,11
3.25,B5_D-Glucuronic_Acid,12
3.5,B5_D-Glucuronic_Acid,14
3.75,B5_D-Glucuronic_Acid,14
4.0,B5_D-Glucuronic_Acid,11
4.25,B5_D-Glucuronic_Acid,13
4.5,B5_D-Glucuronic_Acid,12
4.75,B5_D-Glucuronic_Acid,12
5.0,B5_D-Glucuronic_Acid,15
5.25,B5_D-Glucuronic_Acid,16
5.5,B5_D-Glucuronic_Acid,13
5.75,B5_D-Glucuronic_Acid,17
6.0,B5_D-Glucuronic_Acid,19
6.25,B5_D-Glucuronic_Acid,18
6.5,B5_D-Glucuronic_Acid,17
6.75,B5_D-Glucuronic_Acid,13
7.0,B5_D-Glucuronic_Acid,22
7.25,B5_D-Glucuronic_Acid,18
7.5,B5_D-Glucuronic_Acid,16
7.75,B5_D-Glucuronic_Acid,20
8.0,B5_D-Glucuronic_Acid,19
8.25,B5_D-Glucuronic_Acid,22
8.5,B5_D-Glucuronic_Acid,22
8.75,B5_D-Glucuronic_Acid,20
9.0,B5_D-Glucuronic_Acid,18
9.25,B5_D-Glucuronic_Acid,19
9.5,B5_D-Glucuronic_Acid,20
9.75,B5_D-Glucuronic_Acid,23
10.0,B5_D-Glucuronic_Acid,22
10.25,B5_D-Glucuronic_Acid,20
10.5,B5_D-Glucuronic_Acid,21
10.75,B5_D-Glucuronic_Acid,21
11.0,B5_D-Glucuronic_Acid,22
11.25,B5_D-Glucuronic_Acid,28
11.5,B5_D-Glucuronic_Acid,28
11.75,B5_D-Glucuronic_Acid,26
12.0,B5_D-Glucuronic_Acid,27
12.25,B5_D-Glucuronic_Acid,30
12.5,B5_D-Glucuronic_Acid,25
12.75,B5_D-Glucuronic_Acid,30
13.0,B5_D-Glucuronic_Acid,29
13.25,B5_D-Glucuronic_Acid,27
13.5,B5_D-Glucuronic_Acid,32
13.75,B5_D-Glucuronic_Acid,28
14.0,B5_D-Glucuronic_Acid,27
14.25,B5_D-Glucuronic_Acid,28
14.5,B5_D-Glucuronic_Acid,27
14.75,B5_D-Glucuronic_Acid,28
15.0,B5_D-Glucuronic_Acid,28
15.25,B5_D-Glucuronic_Acid,29
15.5,B5_D-Glucuronic_Acid,27
15.75,B5_D-Glucuronic_Acid,28
16.0,B5_D-Glucuronic_Acid,30
16.25,B5_D-Glucuronic_Acid,29
16.5,B5_D-Glucuronic_Acid,34
16.75,B5_D-Glucuronic_Acid,34
17.0,B5_D-Glucuronic_Acid,27
17.25,B5_D-Glucuronic_Acid,30
17.5,B5_D-Glucuronic_Acid,30
17.75,B5_D-Glucuronic_Acid,31
18.0,B5_D-Glucuronic_Acid,29
18.25,B5_D-Glucuronic_Acid,31
18.5,B5_D-Glucuronic_Acid,30
18.75,B5_D-Glucuronic_Acid,32
19.0,B5_D-Glucuronic_Acid,32
19.25,B5_D-Glucuronic_Acid,32
19.5,B5_D-Glucuronic_Acid,31
19.75,B5_D-Glucuronic_Acid,33
20.0,B5_D-Glucuronic_Acid,32
20.25,B5_D-Glucuronic_Acid,34
20.5,B5_D-Glucuronic_Acid,34
20.75,B5_D-Glucuronic_Acid,30
21.0,B5_D-Glucuronic_Acid,38
21.25,B5_D-Glucuronic_Acid,29
21.5,B5_D-Glucuronic_Acid,35
21.75,B5_D-Glucuronic_Acid,33
22.0,B5_D-Glucuronic_Acid,36
22.25,B5_D-Glucuronic_Acid,33
22.5,B5_D-Glucuronic_Acid,33
22.75,B5_D-Glucuronic_Acid,34
23.0,B5_D-Glucuronic_Acid,34
23.25,B5_D-Glucuronic_Acid,35
23.5,B5_D-Glucuronic_Acid,32
23.75,B5_D-Glucuronic_Acid,35
24.0,B5_D-Glucuronic_Acid,32
24.25,B5_D-Glucuronic_Acid,33
24.5,B5_D-Glucuronic_Acid,33
24.75,B5_D-Glucuronic_Acid,33
25.0,B5_D-Glucuronic_Acid,32
25.25,B5_D-Glucuronic_Acid,33
25.5,B5_D-Glucuronic_Acid,34
25.75,B5_D-Glucuronic_Acid,33
26.0,B5_D-Glucuronic_Acid,30
26.25,B5_D-Glucuronic_Acid,32
26.5,B5_D-Glucuronic_Acid,32
26.75,B5_D-Glucuronic_Acid,32
27.0,B5_D-Glucuronic_Acid,34
27.25,B5_D-Glucuronic_Acid,35
27.5,B5_D-Glucuronic_Acid,34
27.75,B5_D-Glucuronic_Acid,33
28.0,B5_D-Glucuronic_Acid,34
28.25,B5_D-Glucuronic_Acid,32
28.5,B5_D-Glucuronic_Acid,36
28.75,B5_D-Glucuronic_Acid,36
29.0,B5_D-Glucuronic_Acid,36
29.25,B5_D-Glucuronic_Acid,31
29.5,B5_D-Glucuronic_Acid,33
29.75,B5_D-Glucuronic_Acid,38
30.0,B5_D-Glucuronic_Acid,33
30.25,B5_D-Glucuronic_Acid,29
30.5,B5_D-Glucuronic_Acid,36
30.75,B5_D-Glucuronic_Acid,36
31.0,B5_D-Glucuronic_Acid,35
31.25,B5_D-Glucuronic_Acid,39
31.5,B5_D-Glucuronic_Acid,37
31.75,B5_D-Glucuronic_Acid,33
32.0,B5_D-Glucuronic_Acid,34
32.25,B5_D-Glucuronic_Acid,35
32.5,B5_D-Glucuronic_Acid,33
32.75,B5_D-Glucuronic_Acid,38
33.0,B5_D-Glucuronic_Acid,34
33.25,B5_D-Glucuronic_Acid,38
33.5,B5_D-Glucuronic_Acid,37
33.75,B5_D-Glucuronic_Acid,36
34.0,B5_D-Glucuronic_Acid,35
34.25,B5_D-Glucuronic_Acid,37
34.5,B5_D-Glucuronic_Acid,39
34.75,B5_D-Glucuronic_Acid,39
35.0,B5_D-Glucuronic_Acid,33
35.25,B5_D-Glucuronic_Acid,38
35.5,B5_D-Glucuronic_Acid,38
35.75,B5_D-Glucuronic_Acid,34
36.0,B5_D-Glucuronic_Acid,40
36.25,B5_D-Glucuronic_Acid,38
36.5,B5_D-Glucuronic_Acid,37
36.75,B5_D-Glucuronic_Acid,38
37.0,B5_D-Glucuronic_Acid,37
37.25,B5_D-Glucuronic_Acid,36
37.5,B5_D-Glucuronic_Acid,40
37.75,B5_D-Glucuronic_Acid,38
38.0,B5_D-Glucuronic_Acid,39
38.25,B5_D-Glucuronic_Acid,38
38.5,B5_D-Glucuronic_Acid,41
38.75,B5_D-Glucuronic_Acid,34
39.0,B5_D-Glucuronic_Acid,33
39.25,B5_D-Glucuronic_Acid,39
39.5,B5_D-Glucuronic_Acid,38
39.75,B5_D-Glucuronic_Acid,34
40.0,B5_D-Glucuronic_Acid,42
40.25,B5_D-Glucuronic_Acid,42
40.5,B5_D-Glucuronic_Acid,41
40.75,B5_D-Glucuronic_Acid,41
41.0,B5_D-Glucuronic_Acid,44
41.25,B5_D-Glucuronic_Acid,36
41.5,B5_D-Glucuronic_Acid,41
41.75,B5_D-Glucuronic_Acid,41
42.0,B5_D-Glucuronic_Acid,41
42.25,B5_D-Glucuronic_Acid,44
42.5,B5_D-Glucuronic_Acid,37
42.75,B5_D-Glucuronic_Acid,43
43.0,B5_D-Glucuronic_Acid,44
43.25,B5_D-Glucuronic_Acid,41
43.5,B5_D-Glucuronic_Acid,44
43.75,B5_D-Glucuronic_Acid,41
44.0,B5_D-Glucuronic_Acid,40
44.25,B5_D-Glucuronic_Acid,41
44.5,B5_D-Glucuronic_Acid,42
44.75,B5_D-Glucuronic_Acid,42
45.0,B5_D-Glucuronic_Acid,41
45.25,B5_D-Glucuronic_Acid,44
45.5,B5_D-Glucuronic_Acid,38
45.75,B5_D-Glucuronic_Acid,42
46.0,B5_D-Glucuronic_Acid,42
46.25,B5_D-Glucuronic_Acid,43
46.5,B5_D-Glucuronic_Acid,46
46.75,B5_D-Glucuronic_Acid,44
47.0,B5_D-Glucuronic_Acid,44
47.25,B5_D-Glucuronic_Acid,46
47.5,B5_D-Glucuronic_Acid,47
47.75,B5_D-Glucuronic_Acid,43
48.0,B5_D-Glucuronic_Acid,43
48.25,B5_D-Glucuronic_Acid,43
0.0,B6_D-Gluconic_Acid,13
0.25,B6_D-Gluconic_Acid,11
0.5,B6_D-Gluconic_Acid,11
0.75,B6_D-Gluconic_Acid,11
1.0,B6_D-Gluconic_Acid,12
1.25,B6_D-Gluconic_Acid,12
1.5,B6_D-Gluconic_Acid,11
1.75,B6_D-Gluconic_Acid,11
2.0,B6_D-Gluconic_Acid,12
2.25,B6_D-Gluconic_Acid,11
2.5,B6_D-Gluconic_Acid,12
2.75,B6_D-Gluconic_Acid,11
3.0,B6_D-Gluconic_Acid,11
3.25,B6_D-Gluconic_Acid,11
3.5,B6_D-Gluconic_Acid,11
3.75,B6_D-Gluconic_Acid,11
4.0,B6_D-Gluconic_Acid,11
4.25,B6_D-Gluconic_Acid,11
4.5,B6_D-Gluconic_Acid,12
4.75,B6_D-Gluconic_Acid,11
5.0,B6_D-Gluconic_Acid,12
5.25,B6_D-Gluconic_Acid,11
5.5,B6_D-Gluconic_Acid,11
5.75,B6_D-Gluconic_Acid,13
6.0,B6_D-Gluconic_Acid,11
6.25,B6_D-Gluconic_Acid,11
6.5,B6_D-Gluconic_Acid,12
6.75,B6_D-Gluconic_Acid,11
7.0,B6_D-Gluconic_Acid,14
7.25,B6_D-Gluconic_Acid,15
7.5,B6_D-Gluconic_Acid,13
7.75,B6_D-Gluconic_Acid,13
8.0,B6_D-Gluconic_Acid,15
8.25,B6_D-Gluconic_Acid,11
8.5,B6_D-Gluconic_Acid,11
8.75,B6_D-Gluconic_Acid,12
9.0,B6_D-Gluconic_Acid,13
9.25,B6_D-Gluconic_Acid,12
9.5,B6_D-Gluconic_Acid,16
9.75,B6_D-Gluconic_Acid,14
10.0,B6_D-Gluconic_Acid,13
10.25,B6_D-Gluconic_Acid,14
10.5,B6_D-Gluconic_Acid,11
10.75,B6_D-Gluconic_Acid,15
11.0,B6_D-Gluconic_Acid,17
11.25,B6_D-Gluconic_Acid,17
11.5,B6_D-Gluconic_Acid,19
11.75,B6_D-Gluconic_Acid,20
12.0,B6_D-Gluconic_Acid,18
12.25,B6_D-Gluconic_Acid,20
12.5,B6_D-Gluconic_Acid,20
12.75,B6_D-Gluconic_Acid,20
13.0,B6_D-Gluconic_Acid,17
13.25,B6_D-Gluconic_Acid,19
13.5,B6_D-Gluconic_Acid,23
13.75,B6_D-Gluconic_Acid,20
14.0,B6_D-Gluconic_Acid,24
14.25,B6_D-Gluconic_Acid,25
14.5,B6_D-Gluconic_Acid,22
14.75,B6_D-Gluconic_Acid,23
15.0,B6_D-Gluconic_Acid,26
15.25,B6_D-Gluconic_Acid,26
15.5,B6_D-Gluconic_Acid,25
15.75,B6_D-Gluconic_Acid,26
16.0,B6_D-Gluconic_Acid,23
16.25,B6_D-Gluconic_Acid,24
16.5,B6_D-Gluconic_Acid,21
16.75,B6_D-Gluconic_Acid,24
17.0,B6_D-Gluconic_Acid,30
17.25,B6_D-Gluconic_Acid,29
17.5,B6_D-Gluconic_Acid,27
17.75,B6_D-Gluconic_Acid,29
18.0,B6_D-Gluconic_Acid,29
18.25,B6_D-Gluconic_Acid,29
18.5,B6_D-Gluconic_Acid,26
18.75,B6_D-Gluconic_Acid,31
19.0,B6_D-Gluconic_Acid,29
19.25,B6_D-Gluconic_Acid,28
19.5,B6_D-Gluconic_Acid,28
19.75,B6_D-Gluconic_Acid,33
20.0,B6_D-Gluconic_Acid,30
20.25,B6_D-Gluconic_Acid,30
20.5,B6_D-Gluconic_Acid,34
20.75,B6_D-Gluconic_Acid,32
21.0,B6_D-Gluconic_Acid,30
21.25,B6_D-Gluconic_Acid,28
21.5,B6_D-Gluconic_Acid,33
21.75,B6_D-Gluconic_Acid,33
22.0,B6_D-Gluconic_Acid,31
22.25,B6_D-Gluconic_Acid,32
22.5,B6_D-Gluconic_Acid,34
22.75,B6_D-Gluconic_Acid,32
23.0,B6_D-Gluconic_Acid,32
23.25,B6_D-Gluconic_Acid,34
23.5,B6_D-Gluconic_Acid,38
23.75,B6_D-Gluconic_Acid,36
24.0,B6_D-Gluconic_Acid,32
24.25,B6_D-Gluconic_Acid,37
24.5,B6_D-Gluconic_Acid,33
24.75,B6_D-Gluconic_Acid,35
25.0,B6_D-Gluconic_Acid,34
25.25,B6_D-Gluconic_Acid,39
25.5,B6_D-Gluconic_Acid,37
25.75,B6_D-Gluconic_Acid,35
26.0,B6_D-Gluconic_Acid,37
26.25,B6_D-Gluconic_Acid,31
26.5,B6_D-Gluconic_Acid,33
26.75,B6_D-Gluconic_Acid,33
27.0,B6_D-Gluconic_Acid,35
27.25,B6_D-Gluconic_Acid,34
27.5,B6_D-Gluconic_Acid,37
27.75,B6_D-Gluconic_Acid,39
28.0,B6_D-Gluconic_Acid,40
28.25,B6_D-Gluconic_Acid,35
28.5,B6_D-Gluconic_Acid,37
28.75,B6_D-Gluconic_Acid,39
29.0,B6_D-Gluconic_Acid,40
29.25,B6_D-Gluconic_Acid,45
29.5,B6_D-Gluconic_Acid,35
29.75,B6_D-Gluconic_Acid,40
30.0,B6_D-Gluconic_Acid,39
30.25,B6_D-Gluconic_Acid,36
30.5,B6_D-Gluconic_Acid,39
30.75,B6_D-Gluconic_Acid,39
31.0,B6_D-Gluconic_Acid,40
31.25,B6_D-Gluconic_Acid,40
31.5,B6_D-Gluconic_Acid,39
31.75,B6_D-Gluconic_Acid,40
32.0,B6_D-Gluconic_Acid,42
32.25,B6_D-Gluconic_Acid,40
32.5,B6_D-Gluconic_Acid,38
32.75,B6_D-Gluconic_Acid,41
33.0,B6_D-Gluconic_Acid,38
33.25,B6_D-Gluconic_Acid,40
33.5,B6_D-Gluconic_Acid,39
33.75,B6_D-Gluconic_Acid,42
34.0,B6_D-Gluconic_Acid,38
34.25,B6_D-Gluconic_Acid,43
34.5,B6_D-Gluconic_Acid,43
34.75,B6_D-Gluconic_Acid,44
35.0,B6_D-Gluconic_Acid,40
35.25,B6_D-Gluconic_Acid,44
35.5,B6_D-Gluconic_Acid,45
35.75,B6_D-Gluconic_Acid,45
36.0,B6_D-Gluconic_Acid,42
36.25,B6_D-Gluconic_Acid,43
36.5,B6_D-Gluconic_Acid,46
36.75,B6_D-Gluconic_Acid,46
37.0,B6_D-Gluconic_Acid,44
37.25,B6_D-Gluconic_Acid,47
37.5,B6_D-Gluconic_Acid,47
37.75,B6_D-Gluconic_Acid,46
38.0,B6_D-Gluconic_Acid,41
38.25,B6_D-Gluconic_Acid,45
38.5,B6_D-Gluconic_Acid,47
38.75,B6_D-Gluconic_Acid,43
39.0,B6_D-Gluconic_Acid,49
39.25,B6_D-Gluconic_Acid,45
39.5,B6_D-Gluconic_Acid,48
39.75,B6_D-Gluconic_Acid,46
40.0,B6_D-Gluconic_Acid,52
40.25,B6_D-Gluconic_Acid,47
40.5,B6_D-Gluconic_Acid,50
40.75,B6_D-Gluconic_Acid,53
41.0,B6_D-Gluconic_Acid,50
41.25,B6_D-Gluconic_Acid,50
41.5,B6_D-Gluconic_Acid,52
41.75,B6_D-Gluconic_Acid,52
42.0,B6_D-Gluconic_Acid,51
42.25,B6_D-Gluconic_Acid,55
42.5,B6_D-Gluconic_Acid,55
42.75,B6_D-Gluconic_Acid,54
43.0,B6_D-Gluconic_Acid,53
43.25,B6_D-Gluconic_Acid,56
43.5,B6_D-Gluconic_Acid,54
43.75,B6_D-Gluconic_Acid,59
44.0,B6_D-Gluconic_Acid,59
44.25,B6_D-Gluconic_Acid,54
44.5,B6_D-Gluconic_Acid,59
44.75,B6_D-Gluconic_Acid,54
45.0,B6_D-Gluconic_Acid,54
45.25,B6_D-Gluconic_Acid,57
45.5,B6_D-Gluconic_Acid,59
45.75,B6_D-Gluconic_Acid,56
46.0,B6_D-Gluconic_Acid,57
46.25,B6_D-Gluconic_Acid,58
46.5,B6_D-Gluconic_Acid,55
46.75,B6_D-Gluconic_Acid,59
47.0,B6_D-Gluconic_Acid,55
47.25,B6_D-Gluconic_Acid,60
47.5,B6_D-Gluconic_Acid,59
47.75,B6_D-Gluconic_Acid,62
48.0,B6_D-Gluconic_Acid,56
48.25,B6_D-Gluconic_Acid,61
0.0,B7_D-L-a-Glycerol_Phosphate,11
0.25,B7_D-L-a-Glycerol_Phosphate,11
0.5,B7_D-L-a-Glycerol_Phosphate,11
0.75,B7_D-L-a-Glycerol_Phosphate,11
1.0,B7_D-L-a-Glycerol_Phosphate,11
1.25,B7_D-L-a-Glycerol_Phosphate,11
1.5,B7_D-L-a-Glycerol_Phosphate,11
1.75,B7_D-L-a-Glycerol_Phosphate,11
2.0,B7_D-L-a-Glycerol_Phosphate,11
2.25,B7_D-L-a-Glycerol_Phosphate,11
2.5,B7_D-L-a-Glycerol_Phosphate,11
2.75,B7_D-L-a-Glycerol_Phosphate,11
3.0,B7_D-L-a-Glycerol_Phosphate,11
3.25,B7_D-L-a-Glycerol_Phosphate,11
3.5,B7_D-L-a-Glycerol_Phosphate,11
3.75,B7_D-L-a-Glycerol_Phosphate,11
4.0,B7_D-L-a-Glycerol_Phosphate,11
4.25,B7_D-L-a-Glycerol_Phosphate,11
4.5,B7_D-L-a-Glycerol_Phosphate,11
4.75,B7_D-L-a-Glycerol_Phosphate,11
5.0,B7_D-L-a-Glycerol_Phosphate,11
5.25,B7_D-L-a-Glycerol_Phosphate,12
5.5,B7_D-L-a-Glycerol_Phosphate,11
5.75,B7_D-L-a-Glycerol_Phosphate,13
6.0,B7_D-L-a-Glycerol_Phosphate,11
6.25,B7_D-L-a-Glycerol_Phosphate,11
6.5,B7_D-L-a-Glycerol_Phosphate,11
6.75,B7_D-L-a-Glycerol_Phosphate,11
7.0,B7_D-L-a-Glycerol_Phosphate,11
7.25,B7_D-L-a-Glycerol_Phosphate,11
7.5,B7_D-L-a-Glycerol_Phosphate,11
7.75,B7_D-L-a-Glycerol_Phosphate,13
8.0,B7_D-L-a-Glycerol_Phosphate,11
8.25,B7_D-L-a-Glycerol_Phosphate,11
8.5,B7_D-L-a-Glycerol_Phosphate,11
8.75,B7_D-L-a-Glycerol_Phosphate,12
9.0,B7_D-L-a-Glycerol_Phosphate,11
9.25,B7_D-L-a-Glycerol_Phosphate,11
9.5,B7_D-L-a-Glycerol_Phosphate,13
9.75,B7_D-L-a-Glycerol_Phosphate,11
10.0,B7_D-L-a-Glycerol_Phosphate,11
10.25,B7_D-L-a-Glycerol_Phosphate,16
10.5,B7_D-L-a-Glycerol_Phosphate,12
10.75,B7_D-L-a-Glycerol_Phosphate,15
11.0,B7_D-L-a-Glycerol_Phosphate,14
11.25,B7_D-L-a-Glycerol_Phosphate,12
11.5,B7_D-L-a-Glycerol_Phosphate,12
11.75,B7_D-L-a-Glycerol_Phosphate,15
12.0,B7_D-L-a-Glycerol_Phosphate,12
12.25,B7_D-L-a-Glycerol_Phosphate,16
12.5,B7_D-L-a-Glycerol_Phosphate,17
12.75,B7_D-L-a-Glycerol_Phosphate,15
13.0,B7_D-L-a-Glycerol_Phosphate,17
13.25,B7_D-L-a-Glycerol_Phosphate,19
13.5,B7_D-L-a-Glycerol_Phosphate,11
13.75,B7_D-L-a-Glycerol_Phosphate,14
14.0,B7_D-L-a-Glycerol_Phosphate,18
14.25,B7_D-L-a-Glycerol_Phosphate,16
14.5,B7_D-L-a-Glycerol_Phosphate,16
14.75,B7_D-L-a-Glycerol_Phosphate,20
15.0,B7_D-L-a-Glycerol_Phosphate,21
15.25,B7_D-L-a-Glycerol_Phosphate,18
15.5,B7_D-L-a-Glycerol_Phosphate,20
15.75,B7_D-L-a-Glycerol_Phosphate,18
16.0,B7_D-L-a-Glycerol_Phosphate,18
16.25,B7_D-L-a-Glycerol_Phosphate,13
16.5,B7_D-L-a-Glycerol_Phosphate,20
16.75,B7_D-L-a-Glycerol_Phosphate,17
17.0,B7_D-L-a-Glycerol_Phosphate,24
17.25,B7_D-L-a-Glycerol_Phosphate,18
17.5,B7_D-L-a-Glycerol_Phosphate,17
17.75,B7_D-L-a-Glycerol_Phosphate,19
18.0,B7_D-L-a-Glycerol_Phosphate,21
18.25,B7_D-L-a-Glycerol_Phosphate,20
18.5,B7_D-L-a-Glycerol_Phosphate,18
18.75,B7_D-L-a-Glycerol_Phosphate,19
19.0,B7_D-L-a-Glycerol_Phosphate,20
19.25,B7_D-L-a-Glycerol_Phosphate,21
19.5,B7_D-L-a-Glycerol_Phosphate,23
19.75,B7_D-L-a-Glycerol_Phosphate,21
20.0,B7_D-L-a-Glycerol_Phosphate,20
20.25,B7_D-L-a-Glycerol_Phosphate,19
20.5,B7_D-L-a-Glycerol_Phosphate,22
20.75,B7_D-L-a-Glycerol_Phosphate,21
21.0,B7_D-L-a-Glycerol_Phosphate,24
21.25,B7_D-L-a-Glycerol_Phosphate,17
21.5,B7_D-L-a-Glycerol_Phosphate,20
21.75,B7_D-L-a-Glycerol_Phosphate,23
22.0,B7_D-L-a-Glycerol_Phosphate,24
22.25,B7_D-L-a-Glycerol_Phosphate,21
22.5,B7_D-L-a-Glycerol_Phosphate,16
22.75,B7_D-L-a-Glycerol_Phosphate,24
23.0,B7_D-L-a-Glycerol_Phosphate,25
23.25,B7_D-L-a-Glycerol_Phosphate,18
23.5,B7_D-L-a-Glycerol_Phosphate,20
23.75,B7_D-L-a-Glycerol_Phosphate,17
24.0,B7_D-L-a-Glycerol_Phosphate,21
24.25,B7_D-L-a-Glycerol_Phosphate,20
24.5,B7_D-L-a-Glycerol_Phosphate,22
24.75,B7_D-L-a-Glycerol_Phosphate,22
25.0,B7_D-L-a-Glycerol_Phosphate,20
25.25,B7_D-L-a-Glycerol_Phosphate,23
25.5,B7_D-L-a-Glycerol_Phosphate,17
25.75,B7_D-L-a-Glycerol_Phosphate,22
26.0,B7_D-L-a-Glycerol_Phosphate,21
26.25,B7_D-L-a-Glycerol_Phosphate,22
26.5,B7_D-L-a-Glycerol_Phosphate,17
26.75,B7_D-L-a-Glycerol_Phosphate,18
27.0,B7_D-L-a-Glycerol_Phosphate,19
27.25,B7_D-L-a-Glycerol_Phosphate,20
27.5,B7_D-L-a-Glycerol_Phosphate,19
27.75,B7_D-L-a-Glycerol_Phosphate,24
28.0,B7_D-L-a-Glycerol_Phosphate,20
28.25,B7_D-L-a-Glycerol_Phosphate,21
28.5,B7_D-L-a-Glycerol_Phosphate,21
28.75,B7_D-L-a-Glycerol_Phosphate,20
29.0,B7_D-L-a-Glycerol_Phosphate,22
29.25,B7_D-L-a-Glycerol_Phosphate,20
29.5,B7_D-L-a-Glycerol_Phosphate,18
29.75,B7_D-L-a-Glycerol_Phosphate,23
30.0,B7_D-L-a-Glycerol_Phosphate,21
30.25,B7_D-L-a-Glycerol_Phosphate,20
30.5,B7_D-L-a-Glycerol_Phosphate,19
30.75,B7_D-L-a-Glycerol_Phosphate,21
31.0,B7_D-L-a-Glycerol_Phosphate,19
31.25,B7_D-L-a-Glycerol_Phosphate,21
31.5,B7_D-L-a-Glycerol_Phosphate,19
31.75,B7_D-L-a-Glycerol_Phosphate,23
32.0,B7_D-L-a-Glycerol_Phosphate,20
32.25,B7_D-L-a-Glycerol_Phosphate,21
32.5,B7_D-L-a-Glycerol_Phosphate,20
32.75,B7_D-L-a-Glycerol_Phosphate,17
33.0,B7_D-L-a-Glycerol_Phosphate,22
33.25,B7_D-L-a-Glycerol_Phosphate,18
33.5,B7_D-L-a-Glycerol_Phosphate,20
33.75,B7_D-L-a-Glycerol_Phosphate,19
34.0,B7_D-L-a-Glycerol_Phosphate,19
34.25,B7_D-L-a-Glycerol_Phosphate,21
34.5,B7_D-L-a-Glycerol_Phosphate,19
34.75,B7_D-L-a-Glycerol_Phosphate,19
35.0,B7_D-L-a-Glycerol_Phosphate,17
35.25,B7_D-L-a-Glycerol_Phosphate,24
35.5,B7_D-L-a-Glycerol_Phosphate,20
35.75,B7_D-L-a-Glycerol_Phosphate,21
36.0,B7_D-L-a-Glycerol_Phosphate,17
36.25,B7_D-L-a-Glycerol_Phosphate,18
36.5,B7_D-L-a-Glycerol_Phosphate,22
36.75,B7_D-L-a-Glycerol_Phosphate,20
37.0,B7_D-L-a-Glycerol_Phosphate,19
37.25,B7_D-L-a-Glycerol_Phosphate,18
37.5,B7_D-L-a-Glycerol_Phosphate,18
37.75,B7_D-L-a-Glycerol_Phosphate,18
38.0,B7_D-L-a-Glycerol_Phosphate,21
38.25,B7_D-L-a-Glycerol_Phosphate,20
38.5,B7_D-L-a-Glycerol_Phosphate,20
38.75,B7_D-L-a-Glycerol_Phosphate,23
39.0,B7_D-L-a-Glycerol_Phosphate,22
39.25,B7_D-L-a-Glycerol_Phosphate,19
39.5,B7_D-L-a-Glycerol_Phosphate,22
39.75,B7_D-L-a-Glycerol_Phosphate,20
40.0,B7_D-L-a-Glycerol_Phosphate,24
40.25,B7_D-L-a-Glycerol_Phosphate,20
40.5,B7_D-L-a-Glycerol_Phosphate,17
40.75,B7_D-L-a-Glycerol_Phosphate,19
41.0,B7_D-L-a-Glycerol_Phosphate,23
41.25,B7_D-L-a-Glycerol_Phosphate,25
41.5,B7_D-L-a-Glycerol_Phosphate,18
41.75,B7_D-L-a-Glycerol_Phosphate,24
42.0,B7_D-L-a-Glycerol_Phosphate,20
42.25,B7_D-L-a-Glycerol_Phosphate,21
42.5,B7_D-L-a-Glycerol_Phosphate,22
42.75,B7_D-L-a-Glycerol_Phosphate,22
43.0,B7_D-L-a-Glycerol_Phosphate,21
43.25,B7_D-L-a-Glycerol_Phosphate,22
43.5,B7_D-L-a-Glycerol_Phosphate,21
43.75,B7_D-L-a-Glycerol_Phosphate,17
44.0,B7_D-L-a-Glycerol_Phosphate,22
44.25,B7_D-L-a-Glycerol_Phosphate,22
44.5,B7_D-L-a-Glycerol_Phosphate,20
44.75,B7_D-L-a-Glycerol_Phosphate,20
45.0,B7_D-L-a-Glycerol_Phosphate,26
45.25,B7_D-L-a-Glycerol_Phosphate,21
45.5,B7_D-L-a-Glycerol_Phosphate,25
45.75,B7_D-L-a-Glycerol_Phosphate,20
46.0,B7_D-L-a-Glycerol_Phosphate,23
46.25,B7_D-L-a-Glycerol_Phosphate,22
46.5,B7_D-L-a-Glycerol_Phosphate,23
46.75,B7_D-L-a-Glycerol_Phosphate,18
47.0,B7_D-L-a-Glycerol_Phosphate,22
47.25,B7_D-L-a-Glycerol_Phosphate,23
47.5,B7_D-L-a-Glycerol_Phosphate,22
47.75,B7_D-L-a-Glycerol_Phosphate,18
48.0,B7_D-L-a-Glycerol_Phosphate,20
48.25,B7_D-L-a-Glycerol_Phosphate,20
0.0,B8_D-Xylose,20
0.25,B8_D-Xylose,20
0.5,B8_D-Xylose,19
0.75,B8_D-Xylose,19
1.0,B8_D-Xylose,18
1.25,B8_D-Xylose,23
1.5,B8_D-Xylose,22
1.75,B8_D-Xylose,17
2.0,B8_D-Xylose,22
2.25,B8_D-Xylose,21
2.5,B8_D-Xylose,25
2.75,B8_D-Xylose,23
3.0,B8_D-Xylose,18
3.25,B8_D-Xylose,22
3.5,B8_D-Xylose,21
3.75,B8_D-Xylose,20
4.0,B8_D-Xylose,21
4.25,B8_D-Xylose,25
4.5,B8_D-Xylose,21
4.75,B8_D-Xylose,23
5.0,B8_D-Xylose,20
5.25,B8_D-Xylose,18
5.5,B8_D-Xylose,24
5.75,B8_D-Xylose,25
6.0,B8_D-Xylose,20
6.25,B8_D-Xylose,21
6.5,B8_D-Xylose,21
6.75,B8_D-Xylose,18
7.0,B8_D-Xylose,25
7.25,B8_D-Xylose,24
7.5,B8_D-Xylose,24
7.75,B8_D-Xylose,22
8.0,B8_D-Xylose,23
8.25,B8_D-Xylose,21
8.5,B8_D-Xylose,19
8.75,B8_D-Xylose,25
9.0,B8_D-Xylose,20
9.25,B8_D-Xylose,21
9.5,B8_D-Xylose,24
9.75,B8_D-Xylose,21
10.0,B8_D-Xylose,19
10.25,B8_D-Xylose,22
10.5,B8_D-Xylose,23
10.75,B8_D-Xylose,28
11.0,B8_D-Xylose,26
11.25,B8_D-Xylose,18
11.5,B8_D-Xylose,25
11.75,B8_D-Xylose,27
12.0,B8_D-Xylose,26
12.25,B8_D-Xylose,28
12.5,B8_D-Xylose,26
12.75,B8_D-Xylose,23
13.0,B8_D-Xylose,21
13.25,B8_D-Xylose,26
13.5,B8_D-Xylose,28
13.75,B8_D-Xylose,27
14.0,B8_D-Xylose,24
14.25,B8_D-Xylose,26
14.5,B8_D-Xylose,27
14.75,B8_D-Xylose,25
15.0,B8_D-Xylose,26
15.25,B8_D-Xylose,25
15.5,B8_D-Xylose,29
15.75,B8_D-Xylose,24
16.0,B8_D-Xylose,24
16.25,B8_D-Xylose,27
16.5,B8_D-Xylose,28
16.75,B8_D-Xylose,27
17.0,B8_D-Xylose,31
17.25,B8_D-Xylose,28
17.5,B8_D-Xylose,25
17.75,B8_D-Xylose,24
18.0,B8_D-Xylose,29
18.25,B8_D-Xylose,26
18.5,B8_D-Xylose,29
18.75,B8_D-Xylose,28
19.0,B8_D-Xylose,26
19.25,B8_D-Xylose,29
19.5,B8_D-Xylose,29
19.75,B8_D-Xylose,30
20.0,B8_D-Xylose,27
20.25,B8_D-Xylose,34
20.5,B8_D-Xylose,27
20.75,B8_D-Xylose,24
21.0,B8_D-Xylose,31
21.25,B8_D-Xylose,27
21.5,B8_D-Xylose,28
21.75,B8_D-Xylose,28
22.0,B8_D-Xylose,27
22.25,B8_D-Xylose,28
22.5,B8_D-Xylose,30
22.75,B8_D-Xylose,27
23.0,B8_D-Xylose,26
23.25,B8_D-Xylose,27
23.5,B8_D-Xylose,28
23.75,B8_D-Xylose,30
24.0,B8_D-Xylose,26
24.25,B8_D-Xylose,26
24.5,B8_D-Xylose,25
24.75,B8_D-Xylose,30
25.0,B8_D-Xylose,27
25.25,B8_D-Xylose,32
25.5,B8_D-Xylose,28
25.75,B8_D-Xylose,28
26.0,B8_D-Xylose,27
26.25,B8_D-Xylose,23
26.5,B8_D-Xylose,25
26.75,B8_D-Xylose,28
27.0,B8_D-Xylose,30
27.25,B8_D-Xylose,29
27.5,B8_D-Xylose,29
27.75,B8_D-Xylose,28
28.0,B8_D-Xylose,30
28.25,B8_D-Xylose,26
28.5,B8_D-Xylose,26
28.75,B8_D-Xylose,27
29.0,B8_D-Xylose,33
29.25,B8_D-Xylose,30
29.5,B8_D-Xylose,27
29.75,B8_D-Xylose,32
30.0,B8_D-Xylose,27
30.25,B8_D-Xylose,29
30.5,B8_D-Xylose,28
30.75,B8_D-Xylose,30
31.0,B8_D-Xylose,33
31.25,B8_D-Xylose,31
31.5,B8_D-Xylose,29
31.75,B8_D-Xylose,31
32.0,B8_D-Xylose,30
32.25,B8_D-Xylose,34
32.5,B8_D-Xylose,29
32.75,B8_D-Xylose,31
33.0,B8_D-Xylose,32
33.25,B8_D-Xylose,30
33.5,B8_D-Xylose,35
33.75,B8_D-Xylose,31
34.0,B8_D-Xylose,34
34.25,B8_D-Xylose,29
34.5,B8_D-Xylose,30
34.75,B8_D-Xylose,29
35.0,B8_D-Xylose,27
35.25,B8_D-Xylose,32
35.5,B8_D-Xylose,32
35.75,B8_D-Xylose,29
36.0,B8_D-Xylose,31
36.25,B8_D-Xylose,32
36.5,B8_D-Xylose,31
36.75,B8_D-Xylose,31
37.0,B8_D-Xylose,31
37.25,B8_D-Xylose,30
37.5,B8_D-Xylose,30
37.75,B8_D-Xylose,31
38.0,B8_D-Xylose,29
38.25,B8_D-Xylose,31
38.5,B8_D-Xylose,31
38.75,B8_D-Xylose,34
39.0,B8_D-Xylose,36
39.25,B8_D-Xylose,34
39.5,B8_D-Xylose,35
39.75,B8_D-Xylose,31
40.0,B8_D-Xylose,32
40.25,B8_D-Xylose,31
40.5,B8_D-Xylose,30
40.75,B8_D-Xylose,34
41.0,B8_D-Xylose,34
41.25,B8_D-Xylose,32
41.5,B8_D-Xylose,33
41.75,B8_D-Xylose,36
42.0,B8_D-Xylose,36
42.25,B8_D-Xylose,38
42.5,B8_D-Xylose,37
42.75,B8_D-Xylose,35
43.0,B8_D-Xylose,34
43.25,B8_D-Xylose,35
43.5,B8_D-Xylose,29
43.75,B8_D-Xylose,33
44.0,B8_D-Xylose,31
44.25,B8_D-Xylose,33
44.5,B8_D-Xylose,35
44.75,B8_D-Xylose,35
45.0,B8_D-Xylose,35
45.25,B8_D-Xylose,33
45.5,B8_D-Xylose,34
45.75,B8_D-Xylose,33
46.0,B8_D-Xylose,37
46.25,B8_D-Xylose,39
46.5,B8_D-Xylose,32
46.75,B8_D-Xylose,41
47.0,B8_D-Xylose,34
47.25,B8_D-Xylose,34
47.5,B8_D-Xylose,36
47.75,B8_D-Xylose,34
48.0,B8_D-Xylose,37
48.25,B8_D-Xylose,35
0.0,B9_L-Lactic_Acid,11
0.25,B9_L-Lactic_Acid,13
0.5,B9_L-Lactic_Acid,12
0.75,B9_L-Lactic_Acid,12
1.0,B9_L-Lactic_Acid,11
1.25,B9_L-Lactic_Acid,11
1.5,B9_L-Lactic_Acid,11
1.75,B9_L-Lactic_Acid,11
2.0,B9_L-Lactic_Acid,11
2.25,B9_L-Lactic_Acid,11
2.5,B9_L-Lactic_Acid,12
2.75,B9_L-Lactic_Acid,11
3.0,B9_L-Lactic_Acid,13
3.25,B9_L-Lactic_Acid,12
3.5,B9_L-Lactic_Acid,11
3.75,B9_L-Lactic_Acid,12
4.0,B9_L-Lactic_Acid,13
4.25,B9_L-Lactic_Acid,12
4.5,B9_L-Lactic_Acid,11
4.75,B9_L-Lactic_Acid,11
5.0,B9_L-Lactic_Acid,14
5.25,B9_L-Lactic_Acid,16
5.5,B9_L-Lactic_Acid,11
5.75,B9_L-Lactic_Acid,11
6.0,B9_L-Lactic_Acid,11
6.25,B9_L-Lactic_Acid,11
6.5,B9_L-Lactic_Acid,11
6.75,B9_L-Lactic_Acid,11
7.0,B9_L-Lactic_Acid,12
7.25,B9_L-Lactic_Acid,13
7.5,B9_L-Lactic_Acid,13
7.75,B9_L-Lactic_Acid,11
8.0,B9_L-Lactic_Acid,11
8.25,B9_L-Lactic_Acid,13
8.5,B9_L-Lactic_Acid,11
8.75,B9_L-Lactic_Acid,12
9.0,B9_L-Lactic_Acid,11
9.25,B9_L-Lactic_Acid,12
9.5,B9_L-Lactic_Acid,11
9.75,B9_L-Lactic_Acid,16
10.0,B9_L-Lactic_Acid,12
10.25,B9_L-Lactic_Acid,12
10.5,B9_L-Lactic_Acid,11
10.75,B9_L-Lactic_Acid,12
11.0,B9_L-Lactic_Acid,12
11.25,B9_L-Lactic_Acid,14
11.5,B9_L-Lactic_Acid,13
11.75,B9_L-Lactic_Acid,15
12.0,B9_L-Lactic_Acid,14
12.25,B9_L-Lactic_Acid,16
12.5,B9_L-Lactic_Acid,14
12.75,B9_L-Lactic_Acid,19
13.0,B9_L-Lactic_Acid,15
13.25,B9_L-Lactic_Acid,14
13.5,B9_L-Lactic_Acid,18
13.75,B9_L-Lactic_Acid,16
14.0,B9_L-Lactic_Acid,18
14.25,B9_L-Lactic_Acid,15
14.5,B9_L-Lactic_Acid,16
14.75,B9_L-Lactic_Acid,18
15.0,B9_L-Lactic_Acid,17
15.25,B9_L-Lactic_Acid,14
15.5,B9_L-Lactic_Acid,17
15.75,B9_L-Lactic_Acid,16
16.0,B9_L-Lactic_Acid,20
16.25,B9_L-Lactic_Acid,15
16.5,B9_L-Lactic_Acid,16
16.75,B9_L-Lactic_Acid,15
17.0,B9_L-Lactic_Acid,21
17.25,B9_L-Lactic_Acid,15
17.5,B9_L-Lactic_Acid,13
17.75,B9_L-Lactic_Acid,15
18.0,B9_L-Lactic_Acid,14
18.25,B9_L-Lactic_Acid,22
18.5,B9_L-Lactic_Acid,20
18.75,B9_L-Lactic_Acid,16
19.0,B9_L-Lactic_Acid,18
19.25,B9_L-Lactic_Acid,18
19.5,B9_L-Lactic_Acid,17
19.75,B9_L-Lactic_Acid,15
20.0,B9_L-Lactic_Acid,17
20.25,B9_L-Lactic_Acid,17
20.5,B9_L-Lactic_Acid,16
20.75,B9_L-Lactic_Acid,25
21.0,B9_L-Lactic_Acid,16
21.25,B9_L-Lactic_Acid,19
21.5,B9_L-Lactic_Acid,23
21.75,B9_L-Lactic_Acid,19
22.0,B9_L-Lactic_Acid,20
22.25,B9_L-Lactic_Acid,14
22.5,B9_L-Lactic_Acid,19
22.75,B9_L-Lactic_Acid,19
23.0,B9_L-Lactic_Acid,19
23.25,B9_L-Lactic_Acid,15
23.5,B9_L-Lactic_Acid,16
23.75,B9_L-Lactic_Acid,18
24.0,B9_L-Lactic_Acid,21
24.25,B9_L-Lactic_Acid,18
24.5,B9_L-Lactic_Acid,18
24.75,B9_L-Lactic_Acid,15
25.0,B9_L-Lactic_Acid,19
25.25,B9_L-Lactic_Acid,17
25.5,B9_L-Lactic_Acid,22
25.75,B9_L-Lactic_Acid,15
26.0,B9_L-Lactic_Acid,14
26.25,B9_L-Lactic_Acid,15
26.5,B9_L-Lactic_Acid,18
26.75,B9_L-Lactic_Acid,19
27.0,B9_L-Lactic_Acid,20
27.25,B9_L-Lactic_Acid,16
27.5,B9_L-Lactic_Acid,18
27.75,B9_L-Lactic_Acid,17
28.0,B9_L-Lactic_Acid,17
28.25,B9_L-Lactic_Acid,20
28.5,B9_L-Lactic_Acid,21
28.75,B9_L-Lactic_Acid,18
29.0,B9_L-Lactic_Acid,15
29.25,B9_L-Lactic_Acid,19
29.5,B9_L-Lactic_Acid,19
29.75,B9_L-Lactic_Acid,15
30.0,B9_L-Lactic_Acid,20
30.25,B9_L-Lactic_Acid,14
30.5,B9_L-Lactic_Acid,16
30.75,B9_L-Lactic_Acid,15
31.0,B9_L-Lactic_Acid,14
31.25,B9_L-Lactic_Acid,18
31.5,B9_L-Lactic_Acid,17
31.75,B9_L-Lactic_Acid,19
32.0,B9_L-Lactic_Acid,16
32.25,B9_L-Lactic_Acid,20
32.5,B9_L-Lactic_Acid,15
32.75,B9_L-Lactic_Acid,15
33.0,B9_L-Lactic_Acid,17
33.25,B9_L-Lactic_Acid,15
33.5,B9_L-Lactic_Acid,15
33.75,B9_L-Lactic_Acid,16
34.0,B9_L-Lactic_Acid,20
34.25,B9_L-Lactic_Acid,18
34.5,B9_L-Lactic_Acid,16
34.75,B9_L-Lactic_Acid,16
35.0,B9_L-Lactic_Acid,13
35.25,B9_L-Lactic_Acid,14
35.5,B9_L-Lactic_Acid,20
35.75,B9_L-Lactic_Acid,15
36.0,B9_L-Lactic_Acid,16
36.25,B9_L-Lactic_Acid,14
36.5,B9_L-Lactic_Acid,18
36.75,B9_L-Lactic_Acid,13
37.0,B9_L-Lactic_Acid,16
37.25,B9_L-Lactic_Acid,16
37.5,B9_L-Lactic_Acid,16
37.75,B9_L-Lactic_Acid,19
38.0,B9_L-Lactic_Acid,17
38.25,B9_L-Lactic_Acid,19
38.5,B9_L-Lactic_Acid,16
38.75,B9_L-Lactic_Acid,17
39.0,B9_L-Lactic_Acid,17
39.25,B9_L-Lactic_Acid,14
39.5,B9_L-Lactic_Acid,20
39.75,B9_L-Lactic_Acid,15
40.0,B9_L-Lactic_Acid,18
40.25,B9_L-Lactic_Acid,12
40.5,B9_L-Lactic_Acid,20
40.75,B9_L-Lactic_Acid,17
41.0,B9_L-Lactic_Acid,21
41.25,B9_L-Lactic_Acid,15
41.5,B9_L-Lactic_Acid,15
41.75,B9_L-Lactic_Acid,19
42.0,B9_L-Lactic_Acid,21
42.25,B9_L-Lactic_Acid,17
42.5,B9_L-Lactic_Acid,22
42.75,B9_L-Lactic_Acid,19
43.0,B9_L-Lactic_Acid,20
43.25,B9_L-Lactic_Acid,21
43.5,B9_L-Lactic_Acid,21
43.75,B9_L-Lactic_Acid,20
44.0,B9_L-Lactic_Acid,19
44.25,B9_L-Lactic_Acid,18
44.5,B9_L-Lactic_Acid,19
44.75,B9_L-Lactic_Acid,20
45.0,B9_L-Lactic_Acid,23
45.25,B9_L-Lactic_Acid,17
45.5,B9_L-Lactic_Acid,17
45.75,B9_L-Lactic_Acid,18
46.0,B9_L-Lactic_Acid,18
46.25,B9_L-Lactic_Acid,20
46.5,B9_L-Lactic_Acid,18
46.75,B9_L-Lactic_Acid,22
47.0,B9_L-Lactic_Acid,17
47.25,B9_L-Lactic_Acid,20
47.5,B9_L-Lactic_Acid,19
47.75,B9_L-Lactic_Acid,21
48.0,B9_L-Lactic_Acid,21
48.25,B9_L-Lactic_Acid,15
0.0,B10_Formic_Acid,19
0.25,B10_Formic_Acid,14
0.5,B10_Formic_Acid,20
0.75,B10_Formic_Acid,15
1.0,B10_Formic_Acid,16
1.25,B10_Formic_Acid,20
1.5,B10_Formic_Acid,15
1.75,B10_Formic_Acid,15
2.0,B10_Formic_Acid,21
2.25,B10_Formic_Acid,17
2.5,B10_Formic_Acid,18
2.75,B10_Formic_Acid,17
3.0,B10_Formic_Acid,20
3.25,B10_Formic_Acid,15
3.5,B10_Formic_Acid,15
3.75,B10_Formic_Acid,17
4.0,B10_Formic_Acid,17
4.25,B10_Formic_Acid,18
4.5,B10_Formic_Acid,17
4.75,B10_Formic_Acid,16
5.0,B10_Formic_Acid,16
5.25,B10_Formic_Acid,22
5.5,B10_Formic_Acid,16
5.75,B10_Formic_Acid,16
6.0,B10_Formic_Acid,17
6.25,B10_Formic_Acid,15
6.5,B10_Formic_Acid,16
6.75,B10_Formic_Acid,14
7.0,B10_Formic_Acid,16
7.25,B10_Formic_Acid,21
7.5,B10_Formic_Acid,16
7.75,B10_Formic_Acid,17
8.0,B10_Formic_Acid,18
8.25,B10_Formic_Acid,20
8.5,B10_Formic_Acid,14
8.75,B10_Formic_Acid,20
9.0,B10_Formic_Acid,19
9.25,B10_Formic_Acid,14
9.5,B10_Formic_Acid,18
9.75,B10_Formic_Acid,19
10.0,B10_Formic_Acid,21
10.25,B10_Formic_Acid,20
10.5,B10_Formic_Acid,22
10.75,B10_Formic_Acid,23
11.0,B10_Formic_Acid,21
11.25,B10_Formic_Acid,20
11.5,B10_Formic_Acid,23
11.75,B10_Formic_Acid,24
12.0,B10_Formic_Acid,20
12.25,B10_Formic_Acid,26
12.5,B10_Formic_Acid,21
12.75,B10_Formic_Acid,21
13.0,B10_Formic_Acid,24
13.25,B10_Formic_Acid,24
13.5,B10_Formic_Acid,21
13.75,B10_Formic_Acid,22
14.0,B10_Formic_Acid,22
14.25,B10_Formic_Acid,21
14.5,B10_Formic_Acid,20
14.75,B10_Formic_Acid,21
15.0,B10_Formic_Acid,22
15.25,B10_Formic_Acid,25
15.5,B10_Formic_Acid,26
15.75,B10_Formic_Acid,23
16.0,B10_Formic_Acid,29
16.25,B10_Formic_Acid,18
16.5,B10_Formic_Acid,23
16.75,B10_Formic_Acid,24
17.0,B10_Formic_Acid,28
17.25,B10_Formic_Acid,25
17.5,B10_Formic_Acid,26
17.75,B10_Formic_Acid,26
18.0,B10_Formic_Acid,22
18.25,B10_Formic_Acid,26
18.5,B10_Formic_Acid,25
18.75,B10_Formic_Acid,23
19.0,B10_Formic_Acid,29
19.25,B10_Formic_Acid,24
19.5,B10_Formic_Acid,26
19.75,B10_Formic_Acid,24
20.0,B10_Formic_Acid,25
20.25,B10_Formic_Acid,29
20.5,B10_Formic_Acid,28
20.75,B10_Formic_Acid,28
21.0,B10_Formic_Acid,32
21.25,B10_Formic_Acid,22
21.5,B10_Formic_Acid,29
21.75,B10_Formic_Acid,29
22.0,B10_Formic_Acid,28
22.25,B10_Formic_Acid,22
22.5,B10_Formic_Acid,25
22.75,B10_Formic_Acid,25
23.0,B10_Formic_Acid,25
23.25,B10_Formic_Acid,26
23.5,B10_Formic_Acid,26
23.75,B10_Formic_Acid,23
24.0,B10_Formic_Acid,27
24.25,B10_Formic_Acid,27
24.5,B10_Formic_Acid,23
24.75,B10_Formic_Acid,27
25.0,B10_Formic_Acid,23
25.25,B10_Formic_Acid,29
25.5,B10_Formic_Acid,29
25.75,B10_Formic_Acid,27
26.0,B10_Formic_Acid,26
26.25,B10_Formic_Acid,28
26.5,B10_Formic_Acid,31
26.75,B10_Formic_Acid,24
27.0,B10_Formic_Acid,25
27.25,B10_Formic_Acid,27
27.5,B10_Formic_Acid,25
27.75,B10_Formic_Acid,29
28.0,B10_Formic_Acid,25
28.25,B10_Formic_Acid,24
28.5,B10_Formic_Acid,28
28.75,B10_Formic_Acid,20
29.0,B10_Formic_Acid,26
29.25,B10_Formic_Acid,28
29.5,B10_Formic_Acid,25
29.75,B10_Formic_Acid,29
30.0,B10_Formic_Acid,24
30.25,B10_Formic_Acid,26
30.5,B10_Formic_Acid,28
30.75,B10_Formic_Acid,26
31.0,B10_Formic_Acid,29
31.25,B10_Formic_Acid,27
31.5,B10_Formic_Acid,27
31.75,B10_Formic_Acid,30
32.0,B10_Formic_Acid,26
32.25,B10_Formic_Acid,26
32.5,B10_Formic_Acid,27
32.75,B10_Formic_Acid,26
33.0,B10_Formic_Acid,27
33.25,B10_Formic_Acid,22
33.5,B10_Formic_Acid,29
33.75,B10_Formic_Acid,25
34.0,B10_Formic_Acid,24
34.25,B10_Formic_Acid,24
34.5,B10_Formic_Acid,26
34.75,B10_Formic_Acid,29
35.0,B10_Formic_Acid,27
35.25,B10_Formic_Acid,27
35.5,B10_Formic_Acid,26
35.75,B10_Formic_Acid,29
36.0,B10_Formic_Acid,29
36.25,B10_Formic_Acid,22
36.5,B10_Formic_Acid,28
36.75,B10_Formic_Acid,25
37.0,B10_Formic_Acid,25
37.25,B10_Formic_Acid,26
37.5,B10_Formic_Acid,28
37.75,B10_Formic_Acid,27
38.0,B10_Formic_Acid,25
38.25,B10_Formic_Acid,24
38.5,B10_Formic_Acid,24
38.75,B10_Formic_Acid,26
39.0,B10_Formic_Acid,25
39.25,B10_Formic_Acid,26
39.5,B10_Formic_Acid,25
39.75,B10_Formic_Acid,24
40.0,B10_Formic_Acid,27
40.25,B10_Formic_Acid,23
40.5,B10_Formic_Acid,26
40.75,B10_Formic_Acid,23
41.0,B10_Formic_Acid,28
41.25,B10_Formic_Acid,26
41.5,B10_Formic_Acid,30
41.75,B10_Formic_Acid,31
42.0,B10_Formic_Acid,29
42.25,B10_Formic_Acid,27
42.5,B10_Formic_Acid,32
42.75,B10_Formic_Acid,26
43.0,B10_Formic_Acid,30
43.25,B10_Formic_Acid,27
43.5,B10_Formic_Acid,29
43.75,B10_Formic_Acid,31
44.0,B10_Formic_Acid,28
44.25,B10_Formic_Acid,29
44.5,B10_Formic_Acid,26
44.75,B10_Formic_Acid,28
45.0,B10_Formic_Acid,26
45.25,B10_Formic_Acid,29
45.5,B10_Formic_Acid,22
45.75,B10_Formic_Acid,24
46.0,B10_Formic_Acid,22
46.25,B10_Formic_Acid,29
46.5,B10_Formic_Acid,27
46.75,B10_Formic_Acid,26
47.0,B10_Formic_Acid,27
47.25,B10_Formic_Acid,28
47.5,B10_Formic_Acid,31
47.75,B10_Formic_Acid,27
48.0,B10_Formic_Acid,27
48.25,B10_Formic_Acid,27
0.0,B11_D-Mannitol,16
0.25,B11_D-Mannitol,11
0.5,B11_D-Mannitol,11
0.75,B11_D-Mannitol,12
1.0,B11_D-Mannitol,11
1.25,B11_D-Mannitol,12
1.5,B11_D-Mannitol,13
1.75,B11_D-Mannitol,17
2.0,B11_D-Mannitol,14
2.25,B11_D-Mannitol,12
2.5,B11_D-Mannitol,11
2.75,B11_D-Mannitol,15
3.0,B11_D-Mannitol,17
3.25,B11_D-Mannitol,11
3.5,B11_D-Mannitol,13
3.75,B11_D-Mannitol,16
4.0,B11_D-Mannitol,11
4.25,B11_D-Mannitol,14
4.5,B11_D-Mannitol,14
4.75,B11_D-Mannitol,14
5.0,B11_D-Mannitol,12
5.25,B11_D-Mannitol,16
5.5,B11_D-Mannitol,14
5.75,B11_D-Mannitol,13
6.0,B11_D-Mannitol,13
6.25,B11_D-Mannitol,13
6.5,B11_D-Mannitol,14
6.75,B11_D-Mannitol,14
7.0,B11_D-Mannitol,17
7.25,B11_D-Mannitol,12
7.5,B11_D-Mannitol,18
7.75,B11_D-Mannitol,15
8.0,B11_D-Mannitol,11
8.25,B11_D-Mannitol,16
8.5,B11_D-Mannitol,13
8.75,B11_D-Mannitol,14
9.0,B11_D-Mannitol,17
9.25,B11_D-Mannitol,14
9.5,B11_D-Mannitol,15
9.75,B11_D-Mannitol,11
10.0,B11_D-Mannitol,12
10.25,B11_D-Mannitol,16
10.5,B11_D-Mannitol,14
10.75,B11_D-Mannitol,12
11.0,B11_D-Mannitol,17
11.25,B11_D-Mannitol,17
11.5,B11_D-Mannitol,17
11.75,B11_D-Mannitol,13
12.0,B11_D-Mannitol,12
12.25,B11_D-Mannitol,21
12.5,B11_D-Mannitol,20
12.75,B11_D-Mannitol,12
13.0,B11_D-Mannitol,20
13.25,B11_D-Mannitol,19
13.5,B11_D-Mannitol,22
13.75,B11_D-Mannitol,22
14.0,B11_D-Mannitol,16
14.25,B11_D-Mannitol,17
14.5,B11_D-Mannitol,21
14.75,B11_D-Mannitol,18
15.0,B11_D-Mannitol,17
15.25,B11_D-Mannitol,19
15.5,B11_D-Mannitol,18
15.75,B11_D-Mannitol,18
16.0,B11_D-Mannitol,22
16.25,B11_D-Mannitol,19
16.5,B11_D-Mannitol,16
16.75,B11_D-Mannitol,17
17.0,B11_D-Mannitol,21
17.25,B11_D-Mannitol,22
17.5,B11_D-Mannitol,24
17.75,B11_D-Mannitol,22
18.0,B11_D-Mannitol,19
18.25,B11_D-Mannitol,17
18.5,B11_D-Mannitol,19
18.75,B11_D-Mannitol,23
19.0,B11_D-Mannitol,25
19.25,B11_D-Mannitol,26
19.5,B11_D-Mannitol,20
19.75,B11_D-Mannitol,19
20.0,B11_D-Mannitol,23
20.25,B11_D-Mannitol,22
20.5,B11_D-Mannitol,22
20.75,B11_D-Mannitol,22
21.0,B11_D-Mannitol,17
21.25,B11_D-Mannitol,18
21.5,B11_D-Mannitol,23
21.75,B11_D-Mannitol,19
22.0,B11_D-Mannitol,22
22.25,B11_D-Mannitol,17
22.5,B11_D-Mannitol,22
22.75,B11_D-Mannitol,18
23.0,B11_D-Mannitol,22
23.25,B11_D-Mannitol,22
23.5,B11_D-Mannitol,24
23.75,B11_D-Mannitol,22
24.0,B11_D-Mannitol,20
24.25,B11_D-Mannitol,19
24.5,B11_D-Mannitol,21
24.75,B11_D-Mannitol,21
25.0,B11_D-Mannitol,21
25.25,B11_D-Mannitol,18
25.5,B11_D-Mannitol,24
25.75,B11_D-Mannitol,18
26.0,B11_D-Mannitol,18
26.25,B11_D-Mannitol,20
26.5,B11_D-Mannitol,23
26.75,B11_D-Mannitol,19
27.0,B11_D-Mannitol,21
27.25,B11_D-Mannitol,17
27.5,B11_D-Mannitol,18
27.75,B11_D-Mannitol,23
28.0,B11_D-Mannitol,21
28.25,B11_D-Mannitol,17
28.5,B11_D-Mannitol,21
28.75,B11_D-Mannitol,18
29.0,B11_D-Mannitol,23
29.25,B11_D-Mannitol,24
29.5,B11_D-Mannitol,16
29.75,B11_D-Mannitol,20
30.0,B11_D-Mannitol,21
30.25,B11_D-Mannitol,17
30.5,B11_D-Mannitol,19
30.75,B11_D-Mannitol,19
31.0,B11_D-Mannitol,16
31.25,B11_D-Mannitol,19
31.5,B11_D-Mannitol,19
31.75,B11_D-Mannitol,22
32.0,B11_D-Mannitol,21
32.25,B11_D-Mannitol,19
32.5,B11_D-Mannitol,23
32.75,B11_D-Mannitol,22
33.0,B11_D-Mannitol,21
33.25,B11_D-Mannitol,15
33.5,B11_D-Mannitol,15
33.75,B11_D-Mannitol,16
34.0,B11_D-Mannitol,16
34.25,B11_D-Mannitol,18
34.5,B11_D-Mannitol,19
34.75,B11_D-Mannitol,18
35.0,B11_D-Mannitol,19
35.25,B11_D-Mannitol,19
35.5,B11_D-Mannitol,20
35.75,B11_D-Mannitol,16
36.0,B11_D-Mannitol,20
36.25,B11_D-Mannitol,20
36.5,B11_D-Mannitol,22
36.75,B11_D-Mannitol,23
37.0,B11_D-Mannitol,15
37.25,B11_D-Mannitol,24
37.5,B11_D-Mannitol,21
37.75,B11_D-Mannitol,20
38.0,B11_D-Mannitol,17
38.25,B11_D-Mannitol,20
38.5,B11_D-Mannitol,20
38.75,B11_D-Mannitol,19
39.0,B11_D-Mannitol,18
39.25,B11_D-Mannitol,16
39.5,B11_D-Mannitol,20
39.75,B11_D-Mannitol,18
40.0,B11_D-Mannitol,23
40.25,B11_D-Mannitol,21
40.5,B11_D-Mannitol,21
40.75,B11_D-Mannitol,16
41.0,B11_D-Mannitol,21
41.25,B11_D-Mannitol,17
41.5,B11_D-Mannitol,19
41.75,B11_D-Mannitol,19
42.0,B11_D-Mannitol,21
42.25,B11_D-Mannitol,18
42.5,B11_D-Mannitol,22
42.75,B11_D-Mannitol,20
43.0,B11_D-Mannitol,22
43.25,B11_D-Mannitol,18
43.5,B11_D-Mannitol,23
43.75,B11_D-Mannitol,19
44.0,B11_D-Mannitol,20
44.25,B11_D-Mannitol,22
44.5,B11_D-Mannitol,21
44.75,B11_D-Mannitol,19
45.0,B11_D-Mannitol,18
45.25,B11_D-Mannitol,22
45.5,B11_D-Mannitol,24
45.75,B11_D-Mannitol,20
46.0,B11_D-Mannitol,22
46.25,B11_D-Mannitol,21
46.5,B11_D-Mannitol,21
46.75,B11_D-Mannitol,21
47.0,B11_D-Mannitol,21
47.25,B11_D-Mannitol,19
47.5,B11_D-Mannitol,21
47.75,B11_D-Mannitol,21
48.0,B11_D-Mannitol,17
48.25,B11_D-Mannitol,22
0.0,B12_L-Glutamic_Acid,30
0.25,B12_L-Glutamic_Acid,23
0.5,B12_L-Glutamic_Acid,24
0.75,B12_L-Glutamic_Acid,26
1.0,B12_L-Glutamic_Acid,24
1.25,B12_L-Glutamic_Acid,27
1.5,B12_L-Glutamic_Acid,26
1.75,B12_L-Glutamic_Acid,26
2.0,B12_L-Glutamic_Acid,20
2.25,B12_L-Glutamic_Acid,22
2.5,B12_L-Glutamic_Acid,24
2.75,B12_L-Glutamic_Acid,26
3.0,B12_L-Glutamic_Acid,25
3.25,B12_L-Glutamic_Acid,20
3.5,B12_L-Glutamic_Acid,20
3.75,B12_L-Glutamic_Acid,25
4.0,B12_L-Glutamic_Acid,26
4.25,B12_L-Glutamic_Acid,24
4.5,B12_L-Glutamic_Acid,23
4.75,B12_L-Glutamic_Acid,23
5.0,B12_L-Glutamic_Acid,26
5.25,B12_L-Glutamic_Acid,23
5.5,B12_L-Glutamic_Acid,29
5.75,B12_L-Glutamic_Acid,22
6.0,B12_L-Glutamic_Acid,23
6.25,B12_L-Glutamic_Acid,25
6.5,B12_L-Glutamic_Acid,24
6.75,B12_L-Glutamic_Acid,26
7.0,B12_L-Glutamic_Acid,23
7.25,B12_L-Glutamic_Acid,24
7.5,B12_L-Glutamic_Acid,25
7.75,B12_L-Glutamic_Acid,27
8.0,B12_L-Glutamic_Acid,25
8.25,B12_L-Glutamic_Acid,25
8.5,B12_L-Glutamic_Acid,26
8.75,B12_L-Glutamic_Acid,30
9.0,B12_L-Glutamic_Acid,27
9.25,B12_L-Glutamic_Acid,26
9.5,B12_L-Glutamic_Acid,28
9.75,B12_L-Glutamic_Acid,26
10.0,B12_L-Glutamic_Acid,25
10.25,B12_L-Glutamic_Acid,27
10.5,B12_L-Glutamic_Acid,21
10.75,B12_L-Glutamic_Acid,30
11.0,B12_L-Glutamic_Acid,30
11.25,B12_L-Glutamic_Acid,33
11.5,B12_L-Glutamic_Acid,35
11.75,B12_L-Glutamic_Acid,30
12.0,B12_L-Glutamic_Acid,32
12.25,B12_L-Glutamic_Acid,33
12.5,B12_L-Glutamic_Acid,33
12.75,B12_L-Glutamic_Acid,32
13.0,B12_L-Glutamic_Acid,32
13.25,B12_L-Glutamic_Acid,34
13.5,B12_L-Glutamic_Acid,33
13.75,B12_L-Glutamic_Acid,36
14.0,B12_L-Glutamic_Acid,34
14.25,B12_L-Glutamic_Acid,37
14.5,B12_L-Glutamic_Acid,35
14.75,B12_L-Glutamic_Acid,36
15.0,B12_L-Glutamic_Acid,36
15.25,B12_L-Glutamic_Acid,33
15.5,B12_L-Glutamic_Acid,39
15.75,B12_L-Glutamic_Acid,42
16.0,B12_L-Glutamic_Acid,36
16.25,B12_L-Glutamic_Acid,35
16.5,B12_L-Glutamic_Acid,37
16.75,B12_L-Glutamic_Acid,39
17.0,B12_L-Glutamic_Acid,38
17.25,B12_L-Glutamic_Acid,41
17.5,B12_L-Glutamic_Acid,39
17.75,B12_L-Glutamic_Acid,41
18.0,B12_L-Glutamic_Acid,42
18.25,B12_L-Glutamic_Acid,43
18.5,B12_L-Glutamic_Acid,38
18.75,B12_L-Glutamic_Acid,37
19.0,B12_L-Glutamic_Acid,43
19.25,B12_L-Glutamic_Acid,43
19.5,B12_L-Glutamic_Acid,44
19.75,B12_L-Glutamic_Acid,43
20.0,B12_L-Glutamic_Acid,47
20.25,B12_L-Glutamic_Acid,43
20.5,B12_L-Glutamic_Acid,45
20.75,B12_L-Glutamic_Acid,45
21.0,B12_L-Glutamic_Acid,45
21.25,B12_L-Glutamic_Acid,44
21.5,B12_L-Glutamic_Acid,44
21.75,B12_L-Glutamic_Acid,41
22.0,B12_L-Glutamic_Acid,41
22.25,B12_L-Glutamic_Acid,46
22.5,B12_L-Glutamic_Acid,45
22.75,B12_L-Glutamic_Acid,42
23.0,B12_L-Glutamic_Acid,42
23.25,B12_L-Glutamic_Acid,48
23.5,B12_L-Glutamic_Acid,47
23.75,B12_L-Glutamic_Acid,47
24.0,B12_L-Glutamic_Acid,46
24.25,B12_L-Glutamic_Acid,51
24.5,B12_L-Glutamic_Acid,51
24.75,B12_L-Glutamic_Acid,46
25.0,B12_L-Glutamic_Acid,50
25.25,B12_L-Glutamic_Acid,48
25.5,B12_L-Glutamic_Acid,56
25.75,B12_L-Glutamic_Acid,49
26.0,B12_L-Glutamic_Acid,45
26.25,B12_L-Glutamic_Acid,49
26.5,B12_L-Glutamic_Acid,50
26.75,B12_L-Glutamic_Acid,50
27.0,B12_L-Glutamic_Acid,51
27.25,B12_L-Glutamic_Acid,52
27.5,B12_L-Glutamic_Acid,50
27.75,B12_L-Glutamic_Acid,51
28.0,B12_L-Glutamic_Acid,52
28.25,B12_L-Glutamic_Acid,57
28.5,B12_L-Glutamic_Acid,55
28.75,B12_L-Glutamic_Acid,54
29.0,B12_L-Glutamic_Acid,55
29.25,B12_L-Glutamic_Acid,53
29.5,B12_L-Glutamic_Acid,57
29.75,B12_L-Glutamic_Acid,51
30.0,B12_L-Glutamic_Acid,56
30.25,B12_L-Glutamic_Acid,55
30.5,B12_L-Glutamic_Acid,54
30.75,B12_L-Glutamic_Acid,60
31.0,B12_L-Glutamic_Acid,60
31.25,B12_L-Glutamic_Acid,58
31.5,B12_L-Glutamic_Acid,60
31.75,B12_L-Glutamic_Acid,60
32.0,B12_L-Glutamic_Acid,63
32.25,B12_L-Glutamic_Acid,60
32.5,B12_L-Glutamic_Acid,59
32.75,B12_L-Glutamic_Acid,59
33.0,B12_L-Glutamic_Acid,60
33.25,B12_L-Glutamic_Acid,60
33.5,B12_L-Glutamic_Acid,63
33.75,B12_L-Glutamic_Acid,61
34.0,B12_L-Glutamic_Acid,60
34.25,B12_L-Glutamic_Acid,61
34.5,B12_L-Glutamic_Acid,64
34.75,B12_L-Glutamic_Acid,62
35.0,B12_L-Glutamic_Acid,62
35.25,B12_L-Glutamic_Acid,62
35.5,B12_L-Glutamic_Acid,64
35.75,B12_L-Glutamic_Acid,61
36.0,B12_L-Glutamic_Acid,62
36.25,B12_L-Glutamic_Acid,68
36.5,B12_L-Glutamic_Acid,59
36.75,B12_L-Glutamic_Acid,63
37.0,B12_L-Glutamic_Acid,65
37.25,B12_L-Glutamic_Acid,64
37.5,B12_L-Glutamic_Acid,64
37.75,B12_L-Glutamic_Acid,59
38.0,B12_L-Glutamic_Acid,66
38.25,B12_L-Glutamic_Acid,65
38.5,B12_L-Glutamic_Acid,65
38.75,B12_L-Glutamic_Acid,66
39.0,B12_L-Glutamic_Acid,69
39.25,B12_L-Glutamic_Acid,65
39.5,B12_L-Glutamic_Acid,68
39.75,B12_L-Glutamic_Acid,70
40.0,B12_L-Glutamic_Acid,72
40.25,B12_L-Glutamic_Acid,69
40.5,B12_L-Glutamic_Acid,68
40.75,B12_L-Glutamic_Acid,71
41.0,B12_L-Glutamic_Acid,71
41.25,B12_L-Glutamic_Acid,68
41.5,B12_L-Glutamic_Acid,72
41.75,B12_L-Glutamic_Acid,75
42.0,B12_L-Glutamic_Acid,72
42.25,B12_L-Glutamic_Acid,74
42.5,B12_L-Glutamic_Acid,80
42.75,B12_L-Glutamic_Acid,76
43.0,B12_L-Glutamic_Acid,80
43.25,B12_L-Glutamic_Acid,76
43.5,B12_L-Glutamic_Acid,77
43.75,B12_L-Glutamic_Acid,79
44.0,B12_L-Glutamic_Acid,77
44.25,B12_L-Glutamic_Acid,73
44.5,B12_L-Glutamic_Acid,77
44.75,B12_L-Glutamic_Acid,77
45.0,B12_L-Glutamic_Acid,75
45.25,B12_L-Glutamic_Acid,77
45.5,B12_L-Glutamic_Acid,77
45.75,B12_L-Glutamic_Acid,77
46.0,B12_L-Glutamic_Acid,77
46.25,B12_L-Glutamic_Acid,80
46.5,B12_L-Glutamic_Acid,82
46.75,B12_L-Glutamic_Acid,79
47.0,B12_L-Glutamic_Acid,80
47.25,B12_L-Glutamic_Acid,83
47.5,B12_L-Glutamic_Acid,81
47.75,B12_L-Glutamic_Acid,81
48.0,B12_L-Glutamic_Acid,84
48.25,B12_L-Glutamic_Acid,85
0.0,C1_D-Glucose-6-Phosphate,20
0.25,C1_D-Glucose-6-Phosphate,16
0.5,C1_D-Glucose-6-Phosphate,21
0.75,C1_D-Glucose-6-Phosphate,19
1.0,C1_D-Glucose-6-Phosphate,19
1.25,C1_D-Glucose-6-Phosphate,22
1.5,C1_D-Glucose-6-Phosphate,22
1.75,C1_D-Glucose-6-Phosphate,17
2.0,C1_D-Glucose-6-Phosphate,19
2.25,C1_D-Glucose-6-Phosphate,17
2.5,C1_D-Glucose-6-Phosphate,17
2.75,C1_D-Glucose-6-Phosphate,15
3.0,C1_D-Glucose-6-Phosphate,19
3.25,C1_D-Glucose-6-Phosphate,19
3.5,C1_D-Glucose-6-Phosphate,22
3.75,C1_D-Glucose-6-Phosphate,19
4.0,C1_D-Glucose-6-Phosphate,18
4.25,C1_D-Glucose-6-Phosphate,16
4.5,C1_D-Glucose-6-Phosphate,18
4.75,C1_D-Glucose-6-Phosphate,17
5.0,C1_D-Glucose-6-Phosphate,20
5.25,C1_D-Glucose-6-Phosphate,15
5.5,C1_D-Glucose-6-Phosphate,18
5.75,C1_D-Glucose-6-Phosphate,16
6.0,C1_D-Glucose-6-Phosphate,23
6.25,C1_D-Glucose-6-Phosphate,18
6.5,C1_D-Glucose-6-Phosphate,16
6.75,C1_D-Glucose-6-Phosphate,19
7.0,C1_D-Glucose-6-Phosphate,21
7.25,C1_D-Glucose-6-Phosphate,18
7.5,C1_D-Glucose-6-Phosphate,17
7.75,C1_D-Glucose-6-Phosphate,17
8.0,C1_D-Glucose-6-Phosphate,20
8.25,C1_D-Glucose-6-Phosphate,19
8.5,C1_D-Glucose-6-Phosphate,17
8.75,C1_D-Glucose-6-Phosphate,15
9.0,C1_D-Glucose-6-Phosphate,16
9.25,C1_D-Glucose-6-Phosphate,20
9.5,C1_D-Glucose-6-Phosphate,18
9.75,C1_D-Glucose-6-Phosphate,21
10.0,C1_D-Glucose-6-Phosphate,15
10.25,C1_D-Glucose-6-Phosphate,19
10.5,C1_D-Glucose-6-Phosphate,17
10.75,C1_D-Glucose-6-Phosphate,22
11.0,C1_D-Glucose-6-Phosphate,16
11.25,C1_D-Glucose-6-Phosphate,17
11.5,C1_D-Glucose-6-Phosphate,20
11.75,C1_D-Glucose-6-Phosphate,23
12.0,C1_D-Glucose-6-Phosphate,18
12.25,C1_D-Glucose-6-Phosphate,23
12.5,C1_D-Glucose-6-Phosphate,23
12.75,C1_D-Glucose-6-Phosphate,22
13.0,C1_D-Glucose-6-Phosphate,19
13.25,C1_D-Glucose-6-Phosphate,22
13.5,C1_D-Glucose-6-Phosphate,21
13.75,C1_D-Glucose-6-Phosphate,22
14.0,C1_D-Glucose-6-Phosphate,21
14.25,C1_D-Glucose-6-Phosphate,27
14.5,C1_D-Glucose-6-Phosphate,23
14.75,C1_D-Glucose-6-Phosphate,25
15.0,C1_D-Glucose-6-Phosphate,22
15.25,C1_D-Glucose-6-Phosphate,19
15.5,C1_D-Glucose-6-Phosphate,23
15.75,C1_D-Glucose-6-Phosphate,21
16.0,C1_D-Glucose-6-Phosphate,24
16.25,C1_D-Glucose-6-Phosphate,22
16.5,C1_D-Glucose-6-Phosphate,21
16.75,C1_D-Glucose-6-Phosphate,15
17.0,C1_D-Glucose-6-Phosphate,22
17.25,C1_D-Glucose-6-Phosphate,24
17.5,C1_D-Glucose-6-Phosphate,25
17.75,C1_D-Glucose-6-Phosphate,25
18.0,C1_D-Glucose-6-Phosphate,19
18.25,C1_D-Glucose-6-Phosphate,22
18.5,C1_D-Glucose-6-Phosphate,20
18.75,C1_D-Glucose-6-Phosphate,25
19.0,C1_D-Glucose-6-Phosphate,23
19.25,C1_D-Glucose-6-Phosphate,22
19.5,C1_D-Glucose-6-Phosphate,22
19.75,C1_D-Glucose-6-Phosphate,27
20.0,C1_D-Glucose-6-Phosphate,26
20.25,C1_D-Glucose-6-Phosphate,25
20.5,C1_D-Glucose-6-Phosphate,21
20.75,C1_D-Glucose-6-Phosphate,25
21.0,C1_D-Glucose-6-Phosphate,23
21.25,C1_D-Glucose-6-Phosphate,21
21.5,C1_D-Glucose-6-Phosphate,23
21.75,C1_D-Glucose-6-Phosphate,26
22.0,C1_D-Glucose-6-Phosphate,25
22.25,C1_D-Glucose-6-Phosphate,26
22.5,C1_D-Glucose-6-Phosphate,21
22.75,C1_D-Glucose-6-Phosphate,24
23.0,C1_D-Glucose-6-Phosphate,24
23.25,C1_D-Glucose-6-Phosphate,21
23.5,C1_D-Glucose-6-Phosphate,28
23.75,C1_D-Glucose-6-Phosphate,22
24.0,C1_D-Glucose-6-Phosphate,25
24.25,C1_D-Glucose-6-Phosphate,23
24.5,C1_D-Glucose-6-Phosphate,23
24.75,C1_D-Glucose-6-Phosphate,20
25.0,C1_D-Glucose-6-Phosphate,22
25.25,C1_D-Glucose-6-Phosphate,24
25.5,C1_D-Glucose-6-Phosphate,22
25.75,C1_D-Glucose-6-Phosphate,21
26.0,C1_D-Glucose-6-Phosphate,18
26.25,C1_D-Glucose-6-Phosphate,24
26.5,C1_D-Glucose-6-Phosphate,19
26.75,C1_D-Glucose-6-Phosphate,21
27.0,C1_D-Glucose-6-Phosphate,24
27.25,C1_D-Glucose-6-Phosphate,20
27.5,C1_D-Glucose-6-Phosphate,19
27.75,C1_D-Glucose-6-Phosphate,24
28.0,C1_D-Glucose-6-Phosphate,19
28.25,C1_D-Glucose-6-Phosphate,22
28.5,C1_D-Glucose-6-Phosphate,21
28.75,C1_D-Glucose-6-Phosphate,19
29.0,C1_D-Glucose-6-Phosphate,20
29.25,C1_D-Glucose-6-Phosphate,21
29.5,C1_D-Glucose-6-Phosphate,24
29.75,C1_D-Glucose-6-Phosphate,23
30.0,C1_D-Glucose-6-Phosphate,24
30.25,C1_D-Glucose-6-Phosphate,20
30.5,C1_D-Glucose-6-Phosphate,19
30.75,C1_D-Glucose-6-Phosphate,22
31.0,C1_D-Glucose-6-Phosphate,19
31.25,C1_D-Glucose-6-Phosphate,20
31.5,C1_D-Glucose-6-Phosphate,24
31.75,C1_D-Glucose-6-Phosphate,23
32.0,C1_D-Glucose-6-Phosphate,20
32.25,C1_D-Glucose-6-Phosphate,23
32.5,C1_D-Glucose-6-Phosphate,19
32.75,C1_D-Glucose-6-Phosphate,23
33.0,C1_D-Glucose-6-Phosphate,19
33.25,C1_D-Glucose-6-Phosphate,19
33.5,C1_D-Glucose-6-Phosphate,25
33.75,C1_D-Glucose-6-Phosphate,18
34.0,C1_D-Glucose-6-Phosphate,18
34.25,C1_D-Glucose-6-Phosphate,22
34.5,C1_D-Glucose-6-Phosphate,20
34.75,C1_D-Glucose-6-Phosphate,20
35.0,C1_D-Glucose-6-Phosphate,19
35.25,C1_D-Glucose-6-Phosphate,20
35.5,C1_D-Glucose-6-Phosphate,22
35.75,C1_D-Glucose-6-Phosphate,19
36.0,C1_D-Glucose-6-Phosphate,19
36.25,C1_D-Glucose-6-Phosphate,22
36.5,C1_D-Glucose-6-Phosphate,21
36.75,C1_D-Glucose-6-Phosphate,18
37.0,C1_D-Glucose-6-Phosphate,18
37.25,C1_D-Glucose-6-Phosphate,19
37.5,C1_D-Glucose-6-Phosphate,19
37.75,C1_D-Glucose-6-Phosphate,22
38.0,C1_D-Glucose-6-Phosphate,18
38.25,C1_D-Glucose-6-Phosphate,19
38.5,C1_D-Glucose-6-Phosphate,19
38.75,C1_D-Glucose-6-Phosphate,17
39.0,C1_D-Glucose-6-Phosphate,22
39.25,C1_D-Glucose-6-Phosphate,19
39.5,C1_D-Glucose-6-Phosphate,23
39.75,C1_D-Glucose-6-Phosphate,21
40.0,C1_D-Glucose-6-Phosphate,24
40.25,C1_D-Glucose-6-Phosphate,21
40.5,C1_D-Glucose-6-Phosphate,22
40.75,C1_D-Glucose-6-Phosphate,23
41.0,C1_D-Glucose-6-Phosphate,23
41.25,C1_D-Glucose-6-Phosphate,20
41.5,C1_D-Glucose-6-Phosphate,21
41.75,C1_D-Glucose-6-Phosphate,20
42.0,C1_D-Glucose-6-Phosphate,21
42.25,C1_D-Glucose-6-Phosphate,24
42.5,C1_D-Glucose-6-Phosphate,23
42.75,C1_D-Glucose-6-Phosphate,25
43.0,C1_D-Glucose-6-Phosphate,21
43.25,C1_D-Glucose-6-Phosphate,18
43.5,C1_D-Glucose-6-Phosphate,22
43.75,C1_D-Glucose-6-Phosphate,23
44.0,C1_D-Glucose-6-Phosphate,22
44.25,C1_D-Glucose-6-Phosphate,21
44.5,C1_D-Glucose-6-Phosphate,23
44.75,C1_D-Glucose-6-Phosphate,19
45.0,C1_D-Glucose-6-Phosphate,21
45.25,C1_D-Glucose-6-Phosphate,23
45.5,C1_D-Glucose-6-Phosphate,22
45.75,C1_D-Glucose-6-Phosphate,20
46.0,C1_D-Glucose-6-Phosphate,24
46.25,C1_D-Glucose-6-Phosphate,24
46.5,C1_D-Glucose-6-Phosphate,24
46.75,C1_D-Glucose-6-Phosphate,23
47.0,C1_D-Glucose-6-Phosphate,24
47.25,C1_D-Glucose-6-Phosphate,20
47.5,C1_D-Glucose-6-Phosphate,25
47.75,C1_D-Glucose-6-Phosphate,24
48.0,C1_D-Glucose-6-Phosphate,20
48.25,C1_D-Glucose-6-Phosphate,26
0.0,C2_D-GalactonicAcid-g-Lactone,12
0.25,C2_D-GalactonicAcid-g-Lactone,14
0.5,C2_D-GalactonicAcid-g-Lactone,12
0.75,C2_D-GalactonicAcid-g-Lactone,11
1.0,C2_D-GalactonicAcid-g-Lactone,12
1.25,C2_D-GalactonicAcid-g-Lactone,11
1.5,C2_D-GalactonicAcid-g-Lactone,11
1.75,C2_D-GalactonicAcid-g-Lactone,11
2.0,C2_D-GalactonicAcid-g-Lactone,11
2.25,C2_D-GalactonicAcid-g-Lactone,11
2.5,C2_D-GalactonicAcid-g-Lactone,11
2.75,C2_D-GalactonicAcid-g-Lactone,11
3.0,C2_D-GalactonicAcid-g-Lactone,11
3.25,C2_D-GalactonicAcid-g-Lactone,11
3.5,C2_D-GalactonicAcid-g-Lactone,12
3.75,C2_D-GalactonicAcid-g-Lactone,13
4.0,C2_D-GalactonicAcid-g-Lactone,11
4.25,C2_D-GalactonicAcid-g-Lactone,12
4.5,C2_D-GalactonicAcid-g-Lactone,12
4.75,C2_D-GalactonicAcid-g-Lactone,11
5.0,C2_D-GalactonicAcid-g-Lactone,13
5.25,C2_D-GalactonicAcid-g-Lactone,11
5.5,C2_D-GalactonicAcid-g-Lactone,11
5.75,C2_D-GalactonicAcid-g-Lactone,11
6.0,C2_D-GalactonicAcid-g-Lactone,11
6.25,C2_D-GalactonicAcid-g-Lactone,11
6.5,C2_D-GalactonicAcid-g-Lactone,11
6.75,C2_D-GalactonicAcid-g-Lactone,11
7.0,C2_D-GalactonicAcid-g-Lactone,11
7.25,C2_D-GalactonicAcid-g-Lactone,12
7.5,C2_D-GalactonicAcid-g-Lactone,13
7.75,C2_D-GalactonicAcid-g-Lactone,11
8.0,C2_D-GalactonicAcid-g-Lactone,13
8.25,C2_D-GalactonicAcid-g-Lactone,11
8.5,C2_D-GalactonicAcid-g-Lactone,11
8.75,C2_D-GalactonicAcid-g-Lactone,11
9.0,C2_D-GalactonicAcid-g-Lactone,13
9.25,C2_D-GalactonicAcid-g-Lactone,14
9.5,C2_D-GalactonicAcid-g-Lactone,11
9.75,C2_D-GalactonicAcid-g-Lactone,11
10.0,C2_D-GalactonicAcid-g-Lactone,11
10.25,C2_D-GalactonicAcid-g-Lactone,12
10.5,C2_D-GalactonicAcid-g-Lactone,11
10.75,C2_D-GalactonicAcid-g-Lactone,11
11.0,C2_D-GalactonicAcid-g-Lactone,11
11.25,C2_D-GalactonicAcid-g-Lactone,11
11.5,C2_D-GalactonicAcid-g-Lactone,11
11.75,C2_D-GalactonicAcid-g-Lactone,15
12.0,C2_D-GalactonicAcid-g-Lactone,12
12.25,C2_D-GalactonicAcid-g-Lactone,11
12.5,C2_D-GalactonicAcid-g-Lactone,14
12.75,C2_D-GalactonicAcid-g-Lactone,15
13.0,C2_D-GalactonicAcid-g-Lactone,14
13.25,C2_D-GalactonicAcid-g-Lactone,13
13.5,C2_D-GalactonicAcid-g-Lactone,12
13.75,C2_D-GalactonicAcid-g-Lactone,12
14.0,C2_D-GalactonicAcid-g-Lactone,17
14.25,C2_D-GalactonicAcid-g-Lactone,14
14.5,C2_D-GalactonicAcid-g-Lactone,17
14.75,C2_D-GalactonicAcid-g-Lactone,13
15.0,C2_D-GalactonicAcid-g-Lactone,13
15.25,C2_D-GalactonicAcid-g-Lactone,13
15.5,C2_D-GalactonicAcid-g-Lactone,14
15.75,C2_D-GalactonicAcid-g-Lactone,15
16.0,C2_D-GalactonicAcid-g-Lactone,12
16.25,C2_D-GalactonicAcid-g-Lactone,14
16.5,C2_D-GalactonicAcid-g-Lactone,12
16.75,C2_D-GalactonicAcid-g-Lactone,13
17.0,C2_D-GalactonicAcid-g-Lactone,13
17.25,C2_D-GalactonicAcid-g-Lactone,13
17.5,C2_D-GalactonicAcid-g-Lactone,11
17.75,C2_D-GalactonicAcid-g-Lactone,16
18.0,C2_D-GalactonicAcid-g-Lactone,11
18.25,C2_D-GalactonicAcid-g-Lactone,11
18.5,C2_D-GalactonicAcid-g-Lactone,13
18.75,C2_D-GalactonicAcid-g-Lactone,12
19.0,C2_D-GalactonicAcid-g-Lactone,12
19.25,C2_D-GalactonicAcid-g-Lactone,14
19.5,C2_D-GalactonicAcid-g-Lactone,15
19.75,C2_D-GalactonicAcid-g-Lactone,12
20.0,C2_D-GalactonicAcid-g-Lactone,16
20.25,C2_D-GalactonicAcid-g-Lactone,11
20.5,C2_D-GalactonicAcid-g-Lactone,15
20.75,C2_D-GalactonicAcid-g-Lactone,14
21.0,C2_D-GalactonicAcid-g-Lactone,12
21.25,C2_D-GalactonicAcid-g-Lactone,13
21.5,C2_D-GalactonicAcid-g-Lactone,12
21.75,C2_D-GalactonicAcid-g-Lactone,11
22.0,C2_D-GalactonicAcid-g-Lactone,13
22.25,C2_D-GalactonicAcid-g-Lactone,11
22.5,C2_D-GalactonicAcid-g-Lactone,17
22.75,C2_D-GalactonicAcid-g-Lactone,16
23.0,C2_D-GalactonicAcid-g-Lactone,11
23.25,C2_D-GalactonicAcid-g-Lactone,14
23.5,C2_D-GalactonicAcid-g-Lactone,17
23.75,C2_D-GalactonicAcid-g-Lactone,14
24.0,C2_D-GalactonicAcid-g-Lactone,11
24.25,C2_D-GalactonicAcid-g-Lactone,12
24.5,C2_D-GalactonicAcid-g-Lactone,16
24.75,C2_D-GalactonicAcid-g-Lactone,11
25.0,C2_D-GalactonicAcid-g-Lactone,16
25.25,C2_D-GalactonicAcid-g-Lactone,17
25.5,C2_D-GalactonicAcid-g-Lactone,17
25.75,C2_D-GalactonicAcid-g-Lactone,17
26.0,C2_D-GalactonicAcid-g-Lactone,12
26.25,C2_D-GalactonicAcid-g-Lactone,16
26.5,C2_D-GalactonicAcid-g-Lactone,13
26.75,C2_D-GalactonicAcid-g-Lactone,17
27.0,C2_D-GalactonicAcid-g-Lactone,15
27.25,C2_D-GalactonicAcid-g-Lactone,17
27.5,C2_D-GalactonicAcid-g-Lactone,15
27.75,C2_D-GalactonicAcid-g-Lactone,15
28.0,C2_D-GalactonicAcid-g-Lactone,14
28.25,C2_D-GalactonicAcid-g-Lactone,18
28.5,C2_D-GalactonicAcid-g-Lactone,14
28.75,C2_D-GalactonicAcid-g-Lactone,17
29.0,C2_D-GalactonicAcid-g-Lactone,17
29.25,C2_D-GalactonicAcid-g-Lactone,13
29.5,C2_D-GalactonicAcid-g-Lactone,14
29.75,C2_D-GalactonicAcid-g-Lactone,19
30.0,C2_D-GalactonicAcid-g-Lactone,16
30.25,C2_D-GalactonicAcid-g-Lactone,12
30.5,C2_D-GalactonicAcid-g-Lactone,16
30.75,C2_D-GalactonicAcid-g-Lactone,16
31.0,C2_D-GalactonicAcid-g-Lactone,15
31.25,C2_D-GalactonicAcid-g-Lactone,11
31.5,C2_D-GalactonicAcid-g-Lactone,16
31.75,C2_D-GalactonicAcid-g-Lactone,13
32.0,C2_D-GalactonicAcid-g-Lactone,16
32.25,C2_D-GalactonicAcid-g-Lactone,17
32.5,C2_D-GalactonicAcid-g-Lactone,17
32.75,C2_D-GalactonicAcid-g-Lactone,20
33.0,C2_D-GalactonicAcid-g-Lactone,19
33.25,C2_D-GalactonicAcid-g-Lactone,16
33.5,C2_D-GalactonicAcid-g-Lactone,16
33.75,C2_D-GalactonicAcid-g-Lactone,14
34.0,C2_D-GalactonicAcid-g-Lactone,17
34.25,C2_D-GalactonicAcid-g-Lactone,13
34.5,C2_D-GalactonicAcid-g-Lactone,19
34.75,C2_D-GalactonicAcid-g-Lactone,14
35.0,C2_D-GalactonicAcid-g-Lactone,15
35.25,C2_D-GalactonicAcid-g-Lactone,15
35.5,C2_D-GalactonicAcid-g-Lactone,15
35.75,C2_D-GalactonicAcid-g-Lactone,17
36.0,C2_D-GalactonicAcid-g-Lactone,21
36.25,C2_D-GalactonicAcid-g-Lactone,18
36.5,C2_D-GalactonicAcid-g-Lactone,14
36.75,C2_D-GalactonicAcid-g-Lactone,16
37.0,C2_D-GalactonicAcid-g-Lactone,18
37.25,C2_D-GalactonicAcid-g-Lactone,17
37.5,C2_D-GalactonicAcid-g-Lactone,17
37.75,C2_D-GalactonicAcid-g-Lactone,18
38.0,C2_D-GalactonicAcid-g-Lactone,18
38.25,C2_D-GalactonicAcid-g-Lactone,17
38.5,C2_D-GalactonicAcid-g-Lactone,16
38.75,C2_D-GalactonicAcid-g-Lactone,13
39.0,C2_D-GalactonicAcid-g-Lactone,13
39.25,C2_D-GalactonicAcid-g-Lactone,19
39.5,C2_D-GalactonicAcid-g-Lactone,11
39.75,C2_D-GalactonicAcid-g-Lactone,20
40.0,C2_D-GalactonicAcid-g-Lactone,18
40.25,C2_D-GalactonicAcid-g-Lactone,15
40.5,C2_D-GalactonicAcid-g-Lactone,19
40.75,C2_D-GalactonicAcid-g-Lactone,18
41.0,C2_D-GalactonicAcid-g-Lactone,21
41.25,C2_D-GalactonicAcid-g-Lactone,17
41.5,C2_D-GalactonicAcid-g-Lactone,19
41.75,C2_D-GalactonicAcid-g-Lactone,15
42.0,C2_D-GalactonicAcid-g-Lactone,13
42.25,C2_D-GalactonicAcid-g-Lactone,17
42.5,C2_D-GalactonicAcid-g-Lactone,19
42.75,C2_D-GalactonicAcid-g-Lactone,18
43.0,C2_D-GalactonicAcid-g-Lactone,19
43.25,C2_D-GalactonicAcid-g-Lactone,19
43.5,C2_D-GalactonicAcid-g-Lactone,18
43.75,C2_D-GalactonicAcid-g-Lactone,20
44.0,C2_D-GalactonicAcid-g-Lactone,18
44.25,C2_D-GalactonicAcid-g-Lactone,17
44.5,C2_D-GalactonicAcid-g-Lactone,16
44.75,C2_D-GalactonicAcid-g-Lactone,19
45.0,C2_D-GalactonicAcid-g-Lactone,19
45.25,C2_D-GalactonicAcid-g-Lactone,18
45.5,C2_D-GalactonicAcid-g-Lactone,17
45.75,C2_D-GalactonicAcid-g-Lactone,16
46.0,C2_D-GalactonicAcid-g-Lactone,13
46.25,C2_D-GalactonicAcid-g-Lactone,19
46.5,C2_D-GalactonicAcid-g-Lactone,22
46.75,C2_D-GalactonicAcid-g-Lactone,23
47.0,C2_D-GalactonicAcid-g-Lactone,16
47.25,C2_D-GalactonicAcid-g-Lactone,16
47.5,C2_D-GalactonicAcid-g-Lactone,18
47.75,C2_D-GalactonicAcid-g-Lactone,17
48.0,C2_D-GalactonicAcid-g-Lactone,16
48.25,C2_D-GalactonicAcid-g-Lactone,17
0.0,C3_D-L-Malic_Acid,11
0.25,C3_D-L-Malic_Acid,11
0.5,C3_D-L-Malic_Acid,11
0.75,C3_D-L-Malic_Acid,11
1.0,C3_D-L-Malic_Acid,11
1.25,C3_D-L-Malic_Acid,13
1.5,C3_D-L-Malic_Acid,11
1.75,C3_D-L-Malic_Acid,11
2.0,C3_D-L-Malic_Acid,11
2.25,C3_D-L-Malic_Acid,11
2.5,C3_D-L-Malic_Acid,11
2.75,C3_D-L-Malic_Acid,11
3.0,C3_D-L-Malic_Acid,11
3.25,C3_D-L-Malic_Acid,12
3.5,C3_D-L-Malic_Acid,11
3.75,C3_D-L-Malic_Acid,11
4.0,C3_D-L-Malic_Acid,11
4.25,C3_D-L-Malic_Acid,11
4.5,C3_D-L-Malic_Acid,13
4.75,C3_D-L-Malic_Acid,12
5.0,C3_D-L-Malic_Acid,11
5.25,C3_D-L-Malic_Acid,11
5.5,C3_D-L-Malic_Acid,11
5.75,C3_D-L-Malic_Acid,11
6.0,C3_D-L-Malic_Acid,11
6.25,C3_D-L-Malic_Acid,11
6.5,C3_D-L-Malic_Acid,11
6.75,C3_D-L-Malic_Acid,11
7.0,C3_D-L-Malic_Acid,11
7.25,C3_D-L-Malic_Acid,11
7.5,C3_D-L-Malic_Acid,11
7.75,C3_D-L-Malic_Acid,13
8.0,C3_D-L-Malic_Acid,11
8.25,C3_D-L-Malic_Acid,11
8.5,C3_D-L-Malic_Acid,11
8.75,C3_D-L-Malic_Acid,11
9.0,C3_D-L-Malic_Acid,11
9.25,C3_D-L-Malic_Acid,11
9.5,C3_D-L-Malic_Acid,13
9.75,C3_D-L-Malic_Acid,11
10.0,C3_D-L-Malic_Acid,11
10.25,C3_D-L-Malic_Acid,14
10.5,C3_D-L-Malic_Acid,11
10.75,C3_D-L-Malic_Acid,11
11.0,C3_D-L-Malic_Acid,11
11.25,C3_D-L-Malic_Acid,12
11.5,C3_D-L-Malic_Acid,16
11.75,C3_D-L-Malic_Acid,14
12.0,C3_D-L-Malic_Acid,14
12.25,C3_D-L-Malic_Acid,12
12.5,C3_D-L-Malic_Acid,14
12.75,C3_D-L-Malic_Acid,14
13.0,C3_D-L-Malic_Acid,17
13.25,C3_D-L-Malic_Acid,15
13.5,C3_D-L-Malic_Acid,12
13.75,C3_D-L-Malic_Acid,14
14.0,C3_D-L-Malic_Acid,16
14.25,C3_D-L-Malic_Acid,15
14.5,C3_D-L-Malic_Acid,15
14.75,C3_D-L-Malic_Acid,20
15.0,C3_D-L-Malic_Acid,16
15.25,C3_D-L-Malic_Acid,18
15.5,C3_D-L-Malic_Acid,19
15.75,C3_D-L-Malic_Acid,19
16.0,C3_D-L-Malic_Acid,16
16.25,C3_D-L-Malic_Acid,18
16.5,C3_D-L-Malic_Acid,19
16.75,C3_D-L-Malic_Acid,16
17.0,C3_D-L-Malic_Acid,15
17.25,C3_D-L-Malic_Acid,20
17.5,C3_D-L-Malic_Acid,15
17.75,C3_D-L-Malic_Acid,19
18.0,C3_D-L-Malic_Acid,19
18.25,C3_D-L-Malic_Acid,21
18.5,C3_D-L-Malic_Acid,18
18.75,C3_D-L-Malic_Acid,21
19.0,C3_D-L-Malic_Acid,20
19.25,C3_D-L-Malic_Acid,22
19.5,C3_D-L-Malic_Acid,18
19.75,C3_D-L-Malic_Acid,17
20.0,C3_D-L-Malic_Acid,21
20.25,C3_D-L-Malic_Acid,19
20.5,C3_D-L-Malic_Acid,20
20.75,C3_D-L-Malic_Acid,21
21.0,C3_D-L-Malic_Acid,21
21.25,C3_D-L-Malic_Acid,21
21.5,C3_D-L-Malic_Acid,24
21.75,C3_D-L-Malic_Acid,19
22.0,C3_D-L-Malic_Acid,18
22.25,C3_D-L-Malic_Acid,22
22.5,C3_D-L-Malic_Acid,21
22.75,C3_D-L-Malic_Acid,18
23.0,C3_D-L-Malic_Acid,22
23.25,C3_D-L-Malic_Acid,18
23.5,C3_D-L-Malic_Acid,20
23.75,C3_D-L-Malic_Acid,24
24.0,C3_D-L-Malic_Acid,21
24.25,C3_D-L-Malic_Acid,23
24.5,C3_D-L-Malic_Acid,21
24.75,C3_D-L-Malic_Acid,22
25.0,C3_D-L-Malic_Acid,20
25.25,C3_D-L-Malic_Acid,21
25.5,C3_D-L-Malic_Acid,24
25.75,C3_D-L-Malic_Acid,17
26.0,C3_D-L-Malic_Acid,19
26.25,C3_D-L-Malic_Acid,20
26.5,C3_D-L-Malic_Acid,20
26.75,C3_D-L-Malic_Acid,20
27.0,C3_D-L-Malic_Acid,23
27.25,C3_D-L-Malic_Acid,22
27.5,C3_D-L-Malic_Acid,22
27.75,C3_D-L-Malic_Acid,23
28.0,C3_D-L-Malic_Acid,24
28.25,C3_D-L-Malic_Acid,21
28.5,C3_D-L-Malic_Acid,25
28.75,C3_D-L-Malic_Acid,21
29.0,C3_D-L-Malic_Acid,26
29.25,C3_D-L-Malic_Acid,24
29.5,C3_D-L-Malic_Acid,18
29.75,C3_D-L-Malic_Acid,22
30.0,C3_D-L-Malic_Acid,25
30.25,C3_D-L-Malic_Acid,21
30.5,C3_D-L-Malic_Acid,22
30.75,C3_D-L-Malic_Acid,24
31.0,C3_D-L-Malic_Acid,21
31.25,C3_D-L-Malic_Acid,25
31.5,C3_D-L-Malic_Acid,21
31.75,C3_D-L-Malic_Acid,18
32.0,C3_D-L-Malic_Acid,23
32.25,C3_D-L-Malic_Acid,23
32.5,C3_D-L-Malic_Acid,21
32.75,C3_D-L-Malic_Acid,21
33.0,C3_D-L-Malic_Acid,21
33.25,C3_D-L-Malic_Acid,22
33.5,C3_D-L-Malic_Acid,23
33.75,C3_D-L-Malic_Acid,25
34.0,C3_D-L-Malic_Acid,29
34.25,C3_D-L-Malic_Acid,23
34.5,C3_D-L-Malic_Acid,24
34.75,C3_D-L-Malic_Acid,24
35.0,C3_D-L-Malic_Acid,27
35.25,C3_D-L-Malic_Acid,28
35.5,C3_D-L-Malic_Acid,28
35.75,C3_D-L-Malic_Acid,24
36.0,C3_D-L-Malic_Acid,25
36.25,C3_D-L-Malic_Acid,28
36.5,C3_D-L-Malic_Acid,27
36.75,C3_D-L-Malic_Acid,24
37.0,C3_D-L-Malic_Acid,26
37.25,C3_D-L-Malic_Acid,26
37.5,C3_D-L-Malic_Acid,22
37.75,C3_D-L-Malic_Acid,25
38.0,C3_D-L-Malic_Acid,25
38.25,C3_D-L-Malic_Acid,26
38.5,C3_D-L-Malic_Acid,27
38.75,C3_D-L-Malic_Acid,23
39.0,C3_D-L-Malic_Acid,28
39.25,C3_D-L-Malic_Acid,26
39.5,C3_D-L-Malic_Acid,24
39.75,C3_D-L-Malic_Acid,26
40.0,C3_D-L-Malic_Acid,29
40.25,C3_D-L-Malic_Acid,26
40.5,C3_D-L-Malic_Acid,26
40.75,C3_D-L-Malic_Acid,25
41.0,C3_D-L-Malic_Acid,32
41.25,C3_D-L-Malic_Acid,27
41.5,C3_D-L-Malic_Acid,29
41.75,C3_D-L-Malic_Acid,29
42.0,C3_D-L-Malic_Acid,35
42.25,C3_D-L-Malic_Acid,32
42.5,C3_D-L-Malic_Acid,33
42.75,C3_D-L-Malic_Acid,32
43.0,C3_D-L-Malic_Acid,30
43.25,C3_D-L-Malic_Acid,32
43.5,C3_D-L-Malic_Acid,33
43.75,C3_D-L-Malic_Acid,30
44.0,C3_D-L-Malic_Acid,30
44.25,C3_D-L-Malic_Acid,32
44.5,C3_D-L-Malic_Acid,32
44.75,C3_D-L-Malic_Acid,30
45.0,C3_D-L-Malic_Acid,32
45.25,C3_D-L-Malic_Acid,33
45.5,C3_D-L-Malic_Acid,37
45.75,C3_D-L-Malic_Acid,33
46.0,C3_D-L-Malic_Acid,33
46.25,C3_D-L-Malic_Acid,28
46.5,C3_D-L-Malic_Acid,35
46.75,C3_D-L-Malic_Acid,33
47.0,C3_D-L-Malic_Acid,32
47.25,C3_D-L-Malic_Acid,34
47.5,C3_D-L-Malic_Acid,35
47.75,C3_D-L-Malic_Acid,32
48.0,C3_D-L-Malic_Acid,32
48.25,C3_D-L-Malic_Acid,36
0.0,C4_D-Ribose,23
0.25,C4_D-Ribose,22
0.5,C4_D-Ribose,29
0.75,C4_D-Ribose,28
1.0,C4_D-Ribose,26
1.25,C4_D-Ribose,24
1.5,C4_D-Ribose,25
1.75,C4_D-Ribose,28
2.0,C4_D-Ribose,29
2.25,C4_D-Ribose,29
2.5,C4_D-Ribose,29
2.75,C4_D-Ribose,29
3.0,C4_D-Ribose,27
3.25,C4_D-Ribose,28
3.5,C4_D-Ribose,30
3.75,C4_D-Ribose,25
4.0,C4_D-Ribose,28
4.25,C4_D-Ribose,30
4.5,C4_D-Ribose,29
4.75,C4_D-Ribose,28
5.0,C4_D-Ribose,32
5.25,C4_D-Ribose,30
5.5,C4_D-Ribose,32
5.75,C4_D-Ribose,31
6.0,C4_D-Ribose,27
6.25,C4_D-Ribose,30
6.5,C4_D-Ribose,28
6.75,C4_D-Ribose,27
7.0,C4_D-Ribose,31
7.25,C4_D-Ribose,33
7.5,C4_D-Ribose,33
7.75,C4_D-Ribose,32
8.0,C4_D-Ribose,28
8.25,C4_D-Ribose,32
8.5,C4_D-Ribose,32
8.75,C4_D-Ribose,34
9.0,C4_D-Ribose,32
9.25,C4_D-Ribose,32
9.5,C4_D-Ribose,29
9.75,C4_D-Ribose,34
10.0,C4_D-Ribose,31
10.25,C4_D-Ribose,31
10.5,C4_D-Ribose,28
10.75,C4_D-Ribose,35
11.0,C4_D-Ribose,31
11.25,C4_D-Ribose,28
11.5,C4_D-Ribose,32
11.75,C4_D-Ribose,31
12.0,C4_D-Ribose,33
12.25,C4_D-Ribose,35
12.5,C4_D-Ribose,37
12.75,C4_D-Ribose,33
13.0,C4_D-Ribose,30
13.25,C4_D-Ribose,34
13.5,C4_D-Ribose,31
13.75,C4_D-Ribose,37
14.0,C4_D-Ribose,33
14.25,C4_D-Ribose,37
14.5,C4_D-Ribose,38
14.75,C4_D-Ribose,35
15.0,C4_D-Ribose,33
15.25,C4_D-Ribose,36
15.5,C4_D-Ribose,33
15.75,C4_D-Ribose,31
16.0,C4_D-Ribose,32
16.25,C4_D-Ribose,31
16.5,C4_D-Ribose,36
16.75,C4_D-Ribose,34
17.0,C4_D-Ribose,37
17.25,C4_D-Ribose,34
17.5,C4_D-Ribose,34
17.75,C4_D-Ribose,34
18.0,C4_D-Ribose,28
18.25,C4_D-Ribose,36
18.5,C4_D-Ribose,35
18.75,C4_D-Ribose,33
19.0,C4_D-Ribose,33
19.25,C4_D-Ribose,32
19.5,C4_D-Ribose,33
19.75,C4_D-Ribose,30
20.0,C4_D-Ribose,34
20.25,C4_D-Ribose,35
20.5,C4_D-Ribose,35
20.75,C4_D-Ribose,35
21.0,C4_D-Ribose,35
21.25,C4_D-Ribose,34
21.5,C4_D-Ribose,37
21.75,C4_D-Ribose,37
22.0,C4_D-Ribose,36
22.25,C4_D-Ribose,36
22.5,C4_D-Ribose,34
22.75,C4_D-Ribose,37
23.0,C4_D-Ribose,33
23.25,C4_D-Ribose,36
23.5,C4_D-Ribose,32
23.75,C4_D-Ribose,37
24.0,C4_D-Ribose,32
24.25,C4_D-Ribose,31
24.5,C4_D-Ribose,37
24.75,C4_D-Ribose,35
25.0,C4_D-Ribose,34
25.25,C4_D-Ribose,34
25.5,C4_D-Ribose,36
25.75,C4_D-Ribose,40
26.0,C4_D-Ribose,34
26.25,C4_D-Ribose,35
26.5,C4_D-Ribose,36
26.75,C4_D-Ribose,39
27.0,C4_D-Ribose,35
27.25,C4_D-Ribose,36
27.5,C4_D-Ribose,33
27.75,C4_D-Ribose,34
28.0,C4_D-Ribose,34
28.25,C4_D-Ribose,36
28.5,C4_D-Ribose,37
28.75,C4_D-Ribose,36
29.0,C4_D-Ribose,39
29.25,C4_D-Ribose,36
29.5,C4_D-Ribose,36
29.75,C4_D-Ribose,39
30.0,C4_D-Ribose,37
30.25,C4_D-Ribose,37
30.5,C4_D-Ribose,38
30.75,C4_D-Ribose,37
31.0,C4_D-Ribose,35
31.25,C4_D-Ribose,37
31.5,C4_D-Ribose,37
31.75,C4_D-Ribose,37
32.0,C4_D-Ribose,36
32.25,C4_D-Ribose,39
32.5,C4_D-Ribose,39
32.75,C4_D-Ribose,38
33.0,C4_D-Ribose,38
33.25,C4_D-Ribose,36
33.5,C4_D-Ribose,35
33.75,C4_D-Ribose,38
34.0,C4_D-Ribose,35
34.25,C4_D-Ribose,38
34.5,C4_D-Ribose,37
34.75,C4_D-Ribose,36
35.0,C4_D-Ribose,36
35.25,C4_D-Ribose,38
35.5,C4_D-Ribose,40
35.75,C4_D-Ribose,35
36.0,C4_D-Ribose,43
36.25,C4_D-Ribose,38
36.5,C4_D-Ribose,39
36.75,C4_D-Ribose,39
37.0,C4_D-Ribose,38
37.25,C4_D-Ribose,36
37.5,C4_D-Ribose,35
37.75,C4_D-Ribose,41
38.0,C4_D-Ribose,34
38.25,C4_D-Ribose,37
38.5,C4_D-Ribose,39
38.75,C4_D-Ribose,38
39.0,C4_D-Ribose,36
39.25,C4_D-Ribose,40
39.5,C4_D-Ribose,39
39.75,C4_D-Ribose,38
40.0,C4_D-Ribose,39
40.25,C4_D-Ribose,38
40.5,C4_D-Ribose,36
40.75,C4_D-Ribose,38
41.0,C4_D-Ribose,44
41.25,C4_D-Ribose,38
41.5,C4_D-Ribose,37
41.75,C4_D-Ribose,36
42.0,C4_D-Ribose,39
42.25,C4_D-Ribose,43
42.5,C4_D-Ribose,44
42.75,C4_D-Ribose,42
43.0,C4_D-Ribose,37
43.25,C4_D-Ribose,41
43.5,C4_D-Ribose,41
43.75,C4_D-Ribose,42
44.0,C4_D-Ribose,38
44.25,C4_D-Ribose,36
44.5,C4_D-Ribose,39
44.75,C4_D-Ribose,38
45.0,C4_D-Ribose,39
45.25,C4_D-Ribose,40
45.5,C4_D-Ribose,43
45.75,C4_D-Ribose,39
46.0,C4_D-Ribose,39
46.25,C4_D-Ribose,46
46.5,C4_D-Ribose,38
46.75,C4_D-Ribose,42
47.0,C4_D-Ribose,41
47.25,C4_D-Ribose,44
47.5,C4_D-Ribose,45
47.75,C4_D-Ribose,41
48.0,C4_D-Ribose,45
48.25,C4_D-Ribose,41
0.0,C5_Tween_20,11
0.25,C5_Tween_20,11
0.5,C5_Tween_20,11
0.75,C5_Tween_20,11
1.0,C5_Tween_20,11
1.25,C5_Tween_20,11
1.5,C5_Tween_20,11
1.75,C5_Tween_20,11
2.0,C5_Tween_20,11
2.25,C5_Tween_20,11
2.5,C5_Tween_20,11
2.75,C5_Tween_20,11
3.0,C5_Tween_20,11
3.25,C5_Tween_20,11
3.5,C5_Tween_20,11
3.75,C5_Tween_20,11
4.0,C5_Tween_20,11
4.25,C5_Tween_20,11
4.5,C5_Tween_20,12
4.75,C5_Tween_20,11
5.0,C5_Tween_20,11
5.25,C5_Tween_20,11
5.5,C5_Tween_20,11
5.75,C5_Tween_20,11
6.0,C5_Tween_20,12
6.25,C5_Tween_20,11
6.5,C5_Tween_20,11
6.75,C5_Tween_20,11
7.0,C5_Tween_20,11
7.25,C5_Tween_20,11
7.5,C5_Tween_20,11
7.75,C5_Tween_20,12
8.0,C5_Tween_20,11
8.25,C5_Tween_20,11
8.5,C5_Tween_20,11
8.75,C5_Tween_20,11
9.0,C5_Tween_20,11
9.25,C5_Tween_20,11
9.5,C5_Tween_20,11
9.75,C5_Tween_20,11
10.0,C5_Tween_20,11
10.25,C5_Tween_20,11
10.5,C5_Tween_20,11
10.75,C5_Tween_20,11
11.0,C5_Tween_20,11
11.25,C5_Tween_20,11
11.5,C5_Tween_20,11
11.75,C5_Tween_20,11
12.0,C5_Tween_20,11
12.25,C5_Tween_20,11
12.5,C5_Tween_20,11
12.75,C5_Tween_20,16
13.0,C5_Tween_20,11
13.25,C5_Tween_20,11
13.5,C5_Tween_20,13
13.75,C5_Tween_20,13
14.0,C5_Tween_20,11
14.25,C5_Tween_20,12
14.5,C5_Tween_20,11
14.75,C5_Tween_20,15
15.0,C5_Tween_20,11
15.25,C5_Tween_20,11
15.5,C5_Tween_20,11
15.75,C5_Tween_20,11
16.0,C5_Tween_20,11
16.25,C5_Tween_20,11
16.5,C5_Tween_20,11
16.75,C5_Tween_20,11
17.0,C5_Tween_20,11
17.25,C5_Tween_20,11
17.5,C5_Tween_20,11
17.75,C5_Tween_20,13
18.0,C5_Tween_20,12
18.25,C5_Tween_20,12
18.5,C5_Tween_20,11
18.75,C5_Tween_20,11
19.0,C5_Tween_20,11
19.25,C5_Tween_20,11
19.5,C5_Tween_20,11
19.75,C5_Tween_20,11
20.0,C5_Tween_20,13
20.25,C5_Tween_20,11
20.5,C5_Tween_20,12
20.75,C5_Tween_20,11
21.0,C5_Tween_20,11
21.25,C5_Tween_20,11
21.5,C5_Tween_20,11
21.75,C5_Tween_20,11
22.0,C5_Tween_20,11
22.25,C5_Tween_20,12
22.5,C5_Tween_20,14
22.75,C5_Tween_20,11
23.0,C5_Tween_20,11
23.25,C5_Tween_20,12
23.5,C5_Tween_20,11
23.75,C5_Tween_20,12
24.0,C5_Tween_20,11
24.25,C5_Tween_20,11
24.5,C5_Tween_20,11
24.75,C5_Tween_20,11
25.0,C5_Tween_20,11
25.25,C5_Tween_20,11
25.5,C5_Tween_20,11
25.75,C5_Tween_20,11
26.0,C5_Tween_20,11
26.25,C5_Tween_20,11
26.5,C5_Tween_20,11
26.75,C5_Tween_20,11
27.0,C5_Tween_20,11
27.25,C5_Tween_20,11
27.5,C5_Tween_20,12
27.75,C5_Tween_20,13
28.0,C5_Tween_20,11
28.25,C5_Tween_20,11
28.5,C5_Tween_20,11
28.75,C5_Tween_20,11
29.0,C5_Tween_20,13
29.25,C5_Tween_20,11
29.5,C5_Tween_20,11
29.75,C5_Tween_20,11
30.0,C5_Tween_20,11
30.25,C5_Tween_20,11
30.5,C5_Tween_20,12
30.75,C5_Tween_20,11
31.0,C5_Tween_20,11
31.25,C5_Tween_20,11
31.5,C5_Tween_20,13
31.75,C5_Tween_20,11
32.0,C5_Tween_20,13
32.25,C5_Tween_20,14
32.5,C5_Tween_20,11
32.75,C5_Tween_20,11
33.0,C5_Tween_20,11
33.25,C5_Tween_20,11
33.5,C5_Tween_20,12
33.75,C5_Tween_20,11
34.0,C5_Tween_20,11
34.25,C5_Tween_20,11
34.5,C5_Tween_20,11
34.75,C5_Tween_20,11
35.0,C5_Tween_20,13
35.25,C5_Tween_20,11
35.5,C5_Tween_20,11
35.75,C5_Tween_20,11
36.0,C5_Tween_20,13
36.25,C5_Tween_20,11
36.5,C5_Tween_20,11
36.75,C5_Tween_20,11
37.0,C5_Tween_20,11
37.25,C5_Tween_20,11
37.5,C5_Tween_20,12
37.75,C5_Tween_20,12
38.0,C5_Tween_20,11
38.25,C5_Tween_20,11
38.5,C5_Tween_20,11
38.75,C5_Tween_20,11
39.0,C5_Tween_20,11
39.25,C5_Tween_20,11
39.5,C5_Tween_20,11
39.75,C5_Tween_20,13
40.0,C5_Tween_20,11
40.25,C5_Tween_20,11
40.5,C5_Tween_20,11
40.75,C5_Tween_20,12
41.0,C5_Tween_20,11
41.25,C5_Tween_20,13
41.5,C5_Tween_20,11
41.75,C5_Tween_20,11
42.0,C5_Tween_20,11
42.25,C5_Tween_20,11
42.5,C5_Tween_20,13
42.75,C5_Tween_20,12
43.0,C5_Tween_20,12
43.25,C5_Tween_20,11
43.5,C5_Tween_20,11
43.75,C5_Tween_20,11
44.0,C5_Tween_20,13
44.25,C5_Tween_20,11
44.5,C5_Tween_20,13
44.75,C5_Tween_20,15
45.0,C5_Tween_20,12
45.25,C5_Tween_20,16
45.5,C5_Tween_20,12
45.75,C5_Tween_20,14
46.0,C5_Tween_20,15
46.25,C5_Tween_20,13
46.5,C5_Tween_20,11
46.75,C5_Tween_20,11
47.0,C5_Tween_20,16
47.25,C5_Tween_20,11
47.5,C5_Tween_20,13
47.75,C5_Tween_20,11
48.0,C5_Tween_20,11
48.25,C5_Tween_20,12
0.0,C6_L-Rhamnose,11
0.25,C6_L-Rhamnose,11
0.5,C6_L-Rhamnose,11
0.75,C6_L-Rhamnose,11
1.0,C6_L-Rhamnose,11
1.25,C6_L-Rhamnose,11
1.5,C6_L-Rhamnose,11
1.75,C6_L-Rhamnose,11
2.0,C6_L-Rhamnose,11
2.25,C6_L-Rhamnose,11
2.5,C6_L-Rhamnose,11
2.75,C6_L-Rhamnose,11
3.0,C6_L-Rhamnose,11
3.25,C6_L-Rhamnose,11
3.5,C6_L-Rhamnose,14
3.75,C6_L-Rhamnose,11
4.0,C6_L-Rhamnose,11
4.25,C6_L-Rhamnose,11
4.5,C6_L-Rhamnose,11
4.75,C6_L-Rhamnose,11
5.0,C6_L-Rhamnose,11
5.25,C6_L-Rhamnose,11
5.5,C6_L-Rhamnose,11
5.75,C6_L-Rhamnose,11
6.0,C6_L-Rhamnose,11
6.25,C6_L-Rhamnose,11
6.5,C6_L-Rhamnose,11
6.75,C6_L-Rhamnose,11
7.0,C6_L-Rhamnose,11
7.25,C6_L-Rhamnose,11
7.5,C6_L-Rhamnose,11
7.75,C6_L-Rhamnose,11
8.0,C6_L-Rhamnose,11
8.25,C6_L-Rhamnose,11
8.5,C6_L-Rhamnose,11
8.75,C6_L-Rhamnose,14
9.0,C6_L-Rhamnose,11
9.25,C6_L-Rhamnose,11
9.5,C6_L-Rhamnose,12
9.75,C6_L-Rhamnose,11
10.0,C6_L-Rhamnose,11
10.25,C6_L-Rhamnose,11
10.5,C6_L-Rhamnose,11
10.75,C6_L-Rhamnose,12
11.0,C6_L-Rhamnose,11
11.25,C6_L-Rhamnose,11
11.5,C6_L-Rhamnose,12
11.75,C6_L-Rhamnose,16
12.0,C6_L-Rhamnose,12
12.25,C6_L-Rhamnose,14
12.5,C6_L-Rhamnose,13
12.75,C6_L-Rhamnose,15
13.0,C6_L-Rhamnose,15
13.25,C6_L-Rhamnose,13
13.5,C6_L-Rhamnose,17
13.75,C6_L-Rhamnose,16
14.0,C6_L-Rhamnose,13
14.25,C6_L-Rhamnose,14
14.5,C6_L-Rhamnose,11
14.75,C6_L-Rhamnose,16
15.0,C6_L-Rhamnose,12
15.25,C6_L-Rhamnose,14
15.5,C6_L-Rhamnose,15
15.75,C6_L-Rhamnose,16
16.0,C6_L-Rhamnose,15
16.25,C6_L-Rhamnose,15
16.5,C6_L-Rhamnose,15
16.75,C6_L-Rhamnose,13
17.0,C6_L-Rhamnose,19
17.25,C6_L-Rhamnose,20
17.5,C6_L-Rhamnose,17
17.75,C6_L-Rhamnose,15
18.0,C6_L-Rhamnose,12
18.25,C6_L-Rhamnose,12
18.5,C6_L-Rhamnose,16
18.75,C6_L-Rhamnose,15
19.0,C6_L-Rhamnose,16
19.25,C6_L-Rhamnose,14
19.5,C6_L-Rhamnose,15
19.75,C6_L-Rhamnose,18
20.0,C6_L-Rhamnose,17
20.25,C6_L-Rhamnose,15
20.5,C6_L-Rhamnose,18
20.75,C6_L-Rhamnose,18
21.0,C6_L-Rhamnose,19
21.25,C6_L-Rhamnose,18
21.5,C6_L-Rhamnose,15
21.75,C6_L-Rhamnose,14
22.0,C6_L-Rhamnose,16
22.25,C6_L-Rhamnose,17
22.5,C6_L-Rhamnose,17
22.75,C6_L-Rhamnose,15
23.0,C6_L-Rhamnose,18
23.25,C6_L-Rhamnose,18
23.5,C6_L-Rhamnose,17
23.75,C6_L-Rhamnose,17
24.0,C6_L-Rhamnose,18
24.25,C6_L-Rhamnose,19
24.5,C6_L-Rhamnose,15
24.75,C6_L-Rhamnose,16
25.0,C6_L-Rhamnose,20
25.25,C6_L-Rhamnose,18
25.5,C6_L-Rhamnose,17
25.75,C6_L-Rhamnose,16
26.0,C6_L-Rhamnose,13
26.25,C6_L-Rhamnose,17
26.5,C6_L-Rhamnose,18
26.75,C6_L-Rhamnose,16
27.0,C6_L-Rhamnose,18
27.25,C6_L-Rhamnose,16
27.5,C6_L-Rhamnose,18
27.75,C6_L-Rhamnose,16
28.0,C6_L-Rhamnose,18
28.25,C6_L-Rhamnose,15
28.5,C6_L-Rhamnose,17
28.75,C6_L-Rhamnose,17
29.0,C6_L-Rhamnose,16
29.25,C6_L-Rhamnose,15
29.5,C6_L-Rhamnose,17
29.75,C6_L-Rhamnose,18
30.0,C6_L-Rhamnose,16
30.25,C6_L-Rhamnose,14
30.5,C6_L-Rhamnose,20
30.75,C6_L-Rhamnose,20
31.0,C6_L-Rhamnose,17
31.25,C6_L-Rhamnose,15
31.5,C6_L-Rhamnose,18
31.75,C6_L-Rhamnose,19
32.0,C6_L-Rhamnose,12
32.25,C6_L-Rhamnose,16
32.5,C6_L-Rhamnose,17
32.75,C6_L-Rhamnose,16
33.0,C6_L-Rhamnose,16
33.25,C6_L-Rhamnose,14
33.5,C6_L-Rhamnose,12
33.75,C6_L-Rhamnose,17
34.0,C6_L-Rhamnose,15
34.25,C6_L-Rhamnose,18
34.5,C6_L-Rhamnose,17
34.75,C6_L-Rhamnose,15
35.0,C6_L-Rhamnose,14
35.25,C6_L-Rhamnose,17
35.5,C6_L-Rhamnose,15
35.75,C6_L-Rhamnose,17
36.0,C6_L-Rhamnose,15
36.25,C6_L-Rhamnose,16
36.5,C6_L-Rhamnose,18
36.75,C6_L-Rhamnose,17
37.0,C6_L-Rhamnose,14
37.25,C6_L-Rhamnose,15
37.5,C6_L-Rhamnose,17
37.75,C6_L-Rhamnose,16
38.0,C6_L-Rhamnose,15
38.25,C6_L-Rhamnose,16
38.5,C6_L-Rhamnose,14
38.75,C6_L-Rhamnose,12
39.0,C6_L-Rhamnose,15
39.25,C6_L-Rhamnose,14
39.5,C6_L-Rhamnose,15
39.75,C6_L-Rhamnose,12
40.0,C6_L-Rhamnose,17
40.25,C6_L-Rhamnose,14
40.5,C6_L-Rhamnose,16
40.75,C6_L-Rhamnose,19
41.0,C6_L-Rhamnose,13
41.25,C6_L-Rhamnose,15
41.5,C6_L-Rhamnose,22
41.75,C6_L-Rhamnose,18
42.0,C6_L-Rhamnose,18
42.25,C6_L-Rhamnose,19
42.5,C6_L-Rhamnose,17
42.75,C6_L-Rhamnose,17
43.0,C6_L-Rhamnose,20
43.25,C6_L-Rhamnose,19
43.5,C6_L-Rhamnose,15
43.75,C6_L-Rhamnose,19
44.0,C6_L-Rhamnose,17
44.25,C6_L-Rhamnose,18
44.5,C6_L-Rhamnose,20
44.75,C6_L-Rhamnose,16
45.0,C6_L-Rhamnose,17
45.25,C6_L-Rhamnose,19
45.5,C6_L-Rhamnose,21
45.75,C6_L-Rhamnose,20
46.0,C6_L-Rhamnose,19
46.25,C6_L-Rhamnose,21
46.5,C6_L-Rhamnose,19
46.75,C6_L-Rhamnose,15
47.0,C6_L-Rhamnose,20
47.25,C6_L-Rhamnose,14
47.5,C6_L-Rhamnose,20
47.75,C6_L-Rhamnose,19
48.0,C6_L-Rhamnose,14
48.25,C6_L-Rhamnose,18
0.0,C7_D-Fructose,11
0.25,C7_D-Fructose,11
0.5,C7_D-Fructose,11
0.75,C7_D-Fructose,11
1.0,C7_D-Fructose,11
1.25,C7_D-Fructose,11
1.5,C7_D-Fructose,11
1.75,C7_D-Fructose,11
2.0,C7_D-Fructose,12
2.25,C7_D-Fructose,11
2.5,C7_D-Fructose,11
2.75,C7_D-Fructose,11
3.0,C7_D-Fructose,11
3.25,C7_D-Fructose,11
3.5,C7_D-Fructose,11
3.75,C7_D-Fructose,11
4.0,C7_D-Fructose,11
4.25,C7_D-Fructose,11
4.5,C7_D-Fructose,11
4.75,C7_D-Fructose,11
5.0,C7_D-Fructose,11
5.25,C7_D-Fructose,11
5.5,C7_D-Fructose,11
5.75,C7_D-Fructose,11
6.0,C7_D-Fructose,11
6.25,C7_D-Fructose,11
6.5,C7_D-Fructose,11
6.75,C7_D-Fructose,11
7.0,C7_D-Fructose,11
7.25,C7_D-Fructose,11
7.5,C7_D-Fructose,11
7.75,C7_D-Fructose,11
8.0,C7_D-Fructose,11
8.25,C7_D-Fructose,11
8.5,C7_D-Fructose,11
8.75,C7_D-Fructose,11
9.0,C7_D-Fructose,11
9.25,C7_D-Fructose,11
9.5,C7_D-Fructose,11
9.75,C7_D-Fructose,11
10.0,C7_D-Fructose,11
10.25,C7_D-Fructose,11
10.5,C7_D-Fructose,11
10.75,C7_D-Fructose,15
11.0,C7_D-Fructose,11
11.25,C7_D-Fructose,11
11.5,C7_D-Fructose,12
11.75,C7_D-Fructose,11
12.0,C7_D-Fructose,14
12.25,C7_D-Fructose,13
12.5,C7_D-Fructose,11
12.75,C7_D-Fructose,11
13.0,C7_D-Fructose,15
13.25,C7_D-Fructose,11
13.5,C7_D-Fructose,14
13.75,C7_D-Fructose,13
14.0,C7_D-Fructose,11
14.25,C7_D-Fructose,15
14.5,C7_D-Fructose,11
14.75,C7_D-Fructose,17
15.0,C7_D-Fructose,16
15.25,C7_D-Fructose,15
15.5,C7_D-Fructose,13
15.75,C7_D-Fructose,15
16.0,C7_D-Fructose,13
16.25,C7_D-Fructose,12
16.5,C7_D-Fructose,14
16.75,C7_D-Fructose,14
17.0,C7_D-Fructose,14
17.25,C7_D-Fructose,12
17.5,C7_D-Fructose,11
17.75,C7_D-Fructose,13
18.0,C7_D-Fructose,11
18.25,C7_D-Fructose,13
18.5,C7_D-Fructose,17
18.75,C7_D-Fructose,15
19.0,C7_D-Fructose,11
19.25,C7_D-Fructose,15
19.5,C7_D-Fructose,14
19.75,C7_D-Fructose,14
20.0,C7_D-Fructose,19
20.25,C7_D-Fructose,16
20.5,C7_D-Fructose,14
20.75,C7_D-Fructose,15
21.0,C7_D-Fructose,15
21.25,C7_D-Fructose,12
21.5,C7_D-Fructose,13
21.75,C7_D-Fructose,17
22.0,C7_D-Fructose,17
22.25,C7_D-Fructose,15
22.5,C7_D-Fructose,17
22.75,C7_D-Fructose,16
23.0,C7_D-Fructose,17
23.25,C7_D-Fructose,15
23.5,C7_D-Fructose,17
23.75,C7_D-Fructose,14
24.0,C7_D-Fructose,19
24.25,C7_D-Fructose,17
24.5,C7_D-Fructose,18
24.75,C7_D-Fructose,15
25.0,C7_D-Fructose,12
25.25,C7_D-Fructose,18
25.5,C7_D-Fructose,22
25.75,C7_D-Fructose,16
26.0,C7_D-Fructose,12
26.25,C7_D-Fructose,14
26.5,C7_D-Fructose,19
26.75,C7_D-Fructose,16
27.0,C7_D-Fructose,18
27.25,C7_D-Fructose,13
27.5,C7_D-Fructose,17
27.75,C7_D-Fructose,15
28.0,C7_D-Fructose,15
28.25,C7_D-Fructose,16
28.5,C7_D-Fructose,18
28.75,C7_D-Fructose,18
29.0,C7_D-Fructose,16
29.25,C7_D-Fructose,16
29.5,C7_D-Fructose,18
29.75,C7_D-Fructose,15
30.0,C7_D-Fructose,16
30.25,C7_D-Fructose,11
30.5,C7_D-Fructose,17
30.75,C7_D-Fructose,16
31.0,C7_D-Fructose,15
31.25,C7_D-Fructose,18
31.5,C7_D-Fructose,18
31.75,C7_D-Fructose,21
32.0,C7_D-Fructose,15
32.25,C7_D-Fructose,15
32.5,C7_D-Fructose,15
32.75,C7_D-Fructose,16
33.0,C7_D-Fructose,18
33.25,C7_D-Fructose,17
33.5,C7_D-Fructose,19
33.75,C7_D-Fructose,17
34.0,C7_D-Fructose,16
34.25,C7_D-Fructose,18
34.5,C7_D-Fructose,18
34.75,C7_D-Fructose,13
35.0,C7_D-Fructose,15
35.25,C7_D-Fructose,14
35.5,C7_D-Fructose,15
35.75,C7_D-Fructose,15
36.0,C7_D-Fructose,15
36.25,C7_D-Fructose,19
36.5,C7_D-Fructose,14
36.75,C7_D-Fructose,15
37.0,C7_D-Fructose,17
37.25,C7_D-Fructose,17
37.5,C7_D-Fructose,14
37.75,C7_D-Fructose,19
38.0,C7_D-Fructose,16
38.25,C7_D-Fructose,18
38.5,C7_D-Fructose,16
38.75,C7_D-Fructose,19
39.0,C7_D-Fructose,16
39.25,C7_D-Fructose,14
39.5,C7_D-Fructose,16
39.75,C7_D-Fructose,17
40.0,C7_D-Fructose,16
40.25,C7_D-Fructose,12
40.5,C7_D-Fructose,17
40.75,C7_D-Fructose,17
41.0,C7_D-Fructose,18
41.25,C7_D-Fructose,16
41.5,C7_D-Fructose,15
41.75,C7_D-Fructose,13
42.0,C7_D-Fructose,18
42.25,C7_D-Fructose,19
42.5,C7_D-Fructose,16
42.75,C7_D-Fructose,15
43.0,C7_D-Fructose,15
43.25,C7_D-Fructose,20
43.5,C7_D-Fructose,15
43.75,C7_D-Fructose,20
44.0,C7_D-Fructose,13
44.25,C7_D-Fructose,18
44.5,C7_D-Fructose,14
44.75,C7_D-Fructose,16
45.0,C7_D-Fructose,18
45.25,C7_D-Fructose,16
45.5,C7_D-Fructose,20
45.75,C7_D-Fructose,16
46.0,C7_D-Fructose,18
46.25,C7_D-Fructose,17
46.5,C7_D-Fructose,18
46.75,C7_D-Fructose,16
47.0,C7_D-Fructose,17
47.25,C7_D-Fructose,17
47.5,C7_D-Fructose,18
47.75,C7_D-Fructose,17
48.0,C7_D-Fructose,19
48.25,C7_D-Fructose,16
0.0,C8_Acetic_Acid,14
0.25,C8_Acetic_Acid,11
0.5,C8_Acetic_Acid,11
0.75,C8_Acetic_Acid,11
1.0,C8_Acetic_Acid,11
1.25,C8_Acetic_Acid,11
1.5,C8_Acetic_Acid,11
1.75,C8_Acetic_Acid,11
2.0,C8_Acetic_Acid,13
2.25,C8_Acetic_Acid,11
2.5,C8_Acetic_Acid,11
2.75,C8_Acetic_Acid,11
3.0,C8_Acetic_Acid,11
3.25,C8_Acetic_Acid,11
3.5,C8_Acetic_Acid,12
3.75,C8_Acetic_Acid,11
4.0,C8_Acetic_Acid,11
4.25,C8_Acetic_Acid,11
4.5,C8_Acetic_Acid,11
4.75,C8_Acetic_Acid,11
5.0,C8_Acetic_Acid,11
5.25,C8_Acetic_Acid,11
5.5,C8_Acetic_Acid,11
5.75,C8_Acetic_Acid,11
6.0,C8_Acetic_Acid,11
6.25,C8_Acetic_Acid,12
6.5,C8_Acetic_Acid,11
6.75,C8_Acetic_Acid,11
7.0,C8_Acetic_Acid,11
7.25,C8_Acetic_Acid,11
7.5,C8_Acetic_Acid,11
7.75,C8_Acetic_Acid,11
8.0,C8_Acetic_Acid,11
8.25,C8_Acetic_Acid,11
8.5,C8_Acetic_Acid,12
8.75,C8_Acetic_Acid,11
9.0,C8_Acetic_Acid,11
9.25,C8_Acetic_Acid,11
9.5,C8_Acetic_Acid,11
9.75,C8_Acetic_Acid,11
10.0,C8_Acetic_Acid,11
10.25,C8_Acetic_Acid,11
10.5,C8_Acetic_Acid,11
10.75,C8_Acetic_Acid,11
11.0,C8_Acetic_Acid,12
11.25,C8_Acetic_Acid,11
11.5,C8_Acetic_Acid,11
11.75,C8_Acetic_Acid,12
12.0,C8_Acetic_Acid,11
12.25,C8_Acetic_Acid,13
12.5,C8_Acetic_Acid,12
12.75,C8_Acetic_Acid,11
13.0,C8_Acetic_Acid,11
13.25,C8_Acetic_Acid,11
13.5,C8_Acetic_Acid,12
13.75,C8_Acetic_Acid,14
14.0,C8_Acetic_Acid,11
14.25,C8_Acetic_Acid,12
14.5,C8_Acetic_Acid,13
14.75,C8_Acetic_Acid,13
15.0,C8_Acetic_Acid,11
15.25,C8_Acetic_Acid,11
15.5,C8_Acetic_Acid,16
15.75,C8_Acetic_Acid,11
16.0,C8_Acetic_Acid,11
16.25,C8_Acetic_Acid,14
16.5,C8_Acetic_Acid,14
16.75,C8_Acetic_Acid,15
17.0,C8_Acetic_Acid,15
17.25,C8_Acetic_Acid,13
17.5,C8_Acetic_Acid,13
17.75,C8_Acetic_Acid,14
18.0,C8_Acetic_Acid,14
18.25,C8_Acetic_Acid,14
18.5,C8_Acetic_Acid,15
18.75,C8_Acetic_Acid,13
19.0,C8_Acetic_Acid,11
19.25,C8_Acetic_Acid,12
19.5,C8_Acetic_Acid,19
19.75,C8_Acetic_Acid,19
20.0,C8_Acetic_Acid,15
20.25,C8_Acetic_Acid,11
20.5,C8_Acetic_Acid,16
20.75,C8_Acetic_Acid,16
21.0,C8_Acetic_Acid,12
21.25,C8_Acetic_Acid,11
21.5,C8_Acetic_Acid,12
21.75,C8_Acetic_Acid,17
22.0,C8_Acetic_Acid,16
22.25,C8_Acetic_Acid,14
22.5,C8_Acetic_Acid,14
22.75,C8_Acetic_Acid,15
23.0,C8_Acetic_Acid,13
23.25,C8_Acetic_Acid,15
23.5,C8_Acetic_Acid,18
23.75,C8_Acetic_Acid,16
24.0,C8_Acetic_Acid,18
24.25,C8_Acetic_Acid,15
24.5,C8_Acetic_Acid,16
24.75,C8_Acetic_Acid,19
25.0,C8_Acetic_Acid,13
25.25,C8_Acetic_Acid,17
25.5,C8_Acetic_Acid,20
25.75,C8_Acetic_Acid,17
26.0,C8_Acetic_Acid,16
26.25,C8_Acetic_Acid,15
26.5,C8_Acetic_Acid,17
26.75,C8_Acetic_Acid,15
27.0,C8_Acetic_Acid,18
27.25,C8_Acetic_Acid,15
27.5,C8_Acetic_Acid,16
27.75,C8_Acetic_Acid,18
28.0,C8_Acetic_Acid,20
28.25,C8_Acetic_Acid,19
28.5,C8_Acetic_Acid,18
28.75,C8_Acetic_Acid,19
29.0,C8_Acetic_Acid,18
29.25,C8_Acetic_Acid,19
29.5,C8_Acetic_Acid,21
29.75,C8_Acetic_Acid,19
30.0,C8_Acetic_Acid,20
30.25,C8_Acetic_Acid,16
30.5,C8_Acetic_Acid,18
30.75,C8_Acetic_Acid,19
31.0,C8_Acetic_Acid,21
31.25,C8_Acetic_Acid,20
31.5,C8_Acetic_Acid,21
31.75,C8_Acetic_Acid,20
32.0,C8_Acetic_Acid,22
32.25,C8_Acetic_Acid,20
32.5,C8_Acetic_Acid,20
32.75,C8_Acetic_Acid,25
33.0,C8_Acetic_Acid,23
33.25,C8_Acetic_Acid,21
33.5,C8_Acetic_Acid,21
33.75,C8_Acetic_Acid,23
34.0,C8_Acetic_Acid,24
34.25,C8_Acetic_Acid,19
34.5,C8_Acetic_Acid,18
34.75,C8_Acetic_Acid,19
35.0,C8_Acetic_Acid,24
35.25,C8_Acetic_Acid,17
35.5,C8_Acetic_Acid,17
35.75,C8_Acetic_Acid,20
36.0,C8_Acetic_Acid,21
36.25,C8_Acetic_Acid,22
36.5,C8_Acetic_Acid,22
36.75,C8_Acetic_Acid,22
37.0,C8_Acetic_Acid,22
37.25,C8_Acetic_Acid,21
37.5,C8_Acetic_Acid,20
37.75,C8_Acetic_Acid,25
38.0,C8_Acetic_Acid,22
38.25,C8_Acetic_Acid,24
38.5,C8_Acetic_Acid,24
38.75,C8_Acetic_Acid,20
39.0,C8_Acetic_Acid,24
39.25,C8_Acetic_Acid,21
39.5,C8_Acetic_Acid,22
39.75,C8_Acetic_Acid,23
40.0,C8_Acetic_Acid,21
40.25,C8_Acetic_Acid,21
40.5,C8_Acetic_Acid,21
40.75,C8_Acetic_Acid,23
41.0,C8_Acetic_Acid,26
41.25,C8_Acetic_Acid,20
41.5,C8_Acetic_Acid,23
41.75,C8_Acetic_Acid,22
42.0,C8_Acetic_Acid,23
42.25,C8_Acetic_Acid,26
42.5,C8_Acetic_Acid,27
42.75,C8_Acetic_Acid,26
43.0,C8_Acetic_Acid,27
43.25,C8_Acetic_Acid,25
43.5,C8_Acetic_Acid,23
43.75,C8_Acetic_Acid,28
44.0,C8_Acetic_Acid,26
44.25,C8_Acetic_Acid,28
44.5,C8_Acetic_Acid,20
44.75,C8_Acetic_Acid,27
45.0,C8_Acetic_Acid,25
45.25,C8_Acetic_Acid,24
45.5,C8_Acetic_Acid,28
45.75,C8_Acetic_Acid,24
46.0,C8_Acetic_Acid,26
46.25,C8_Acetic_Acid,29
46.5,C8_Acetic_Acid,27
46.75,C8_Acetic_Acid,29
47.0,C8_Acetic_Acid,28
47.25,C8_Acetic_Acid,27
47.5,C8_Acetic_Acid,25
47.75,C8_Acetic_Acid,27
48.0,C8_Acetic_Acid,25
48.25,C8_Acetic_Acid,30
0.0,C9_a-D-Glucose,16
0.25,C9_a-D-Glucose,11
0.5,C9_a-D-Glucose,18
0.75,C9_a-D-Glucose,16
1.0,C9_a-D-Glucose,11
1.25,C9_a-D-Glucose,11
1.5,C9_a-D-Glucose,13
1.75,C9_a-D-Glucose,11
2.0,C9_a-D-Glucose,15
2.25,C9_a-D-Glucose,11
2.5,C9_a-D-Glucose,11
2.75,C9_a-D-Glucose,14
3.0,C9_a-D-Glucose,12
3.25,C9_a-D-Glucose,11
3.5,C9_a-D-Glucose,13
3.75,C9_a-D-Glucose,11
4.0,C9_a-D-Glucose,12
4.25,C9_a-D-Glucose,11
4.5,C9_a-D-Glucose,13
4.75,C9_a-D-Glucose,12
5.0,C9_a-D-Glucose,12
5.25,C9_a-D-Glucose,11
5.5,C9_a-D-Glucose,12
5.75,C9_a-D-Glucose,13
6.0,C9_a-D-Glucose,11
6.25,C9_a-D-Glucose,11
6.5,C9_a-D-Glucose,11
6.75,C9_a-D-Glucose,14
7.0,C9_a-D-Glucose,15
7.25,C9_a-D-Glucose,15
7.5,C9_a-D-Glucose,13
7.75,C9_a-D-Glucose,13
8.0,C9_a-D-Glucose,16
8.25,C9_a-D-Glucose,15
8.5,C9_a-D-Glucose,14
8.75,C9_a-D-Glucose,14
9.0,C9_a-D-Glucose,16
9.25,C9_a-D-Glucose,19
9.5,C9_a-D-Glucose,15
9.75,C9_a-D-Glucose,18
10.0,C9_a-D-Glucose,12
10.25,C9_a-D-Glucose,16
10.5,C9_a-D-Glucose,13
10.75,C9_a-D-Glucose,20
11.0,C9_a-D-Glucose,16
11.25,C9_a-D-Glucose,22
11.5,C9_a-D-Glucose,23
11.75,C9_a-D-Glucose,20
12.0,C9_a-D-Glucose,19
12.25,C9_a-D-Glucose,19
12.5,C9_a-D-Glucose,22
12.75,C9_a-D-Glucose,21
13.0,C9_a-D-Glucose,21
13.25,C9_a-D-Glucose,16
13.5,C9_a-D-Glucose,19
13.75,C9_a-D-Glucose,21
14.0,C9_a-D-Glucose,20
14.25,C9_a-D-Glucose,21
14.5,C9_a-D-Glucose,23
14.75,C9_a-D-Glucose,17
15.0,C9_a-D-Glucose,19
15.25,C9_a-D-Glucose,20
15.5,C9_a-D-Glucose,25
15.75,C9_a-D-Glucose,25
16.0,C9_a-D-Glucose,23
16.25,C9_a-D-Glucose,25
16.5,C9_a-D-Glucose,20
16.75,C9_a-D-Glucose,21
17.0,C9_a-D-Glucose,26
17.25,C9_a-D-Glucose,25
17.5,C9_a-D-Glucose,24
17.75,C9_a-D-Glucose,22
18.0,C9_a-D-Glucose,20
18.25,C9_a-D-Glucose,23
18.5,C9_a-D-Glucose,23
18.75,C9_a-D-Glucose,26
19.0,C9_a-D-Glucose,24
19.25,C9_a-D-Glucose,21
19.5,C9_a-D-Glucose,23
19.75,C9_a-D-Glucose,22
20.0,C9_a-D-Glucose,29
20.25,C9_a-D-Glucose,25
20.5,C9_a-D-Glucose,23
20.75,C9_a-D-Glucose,24
21.0,C9_a-D-Glucose,25
21.25,C9_a-D-Glucose,24
21.5,C9_a-D-Glucose,19
21.75,C9_a-D-Glucose,27
22.0,C9_a-D-Glucose,27
22.25,C9_a-D-Glucose,24
22.5,C9_a-D-Glucose,24
22.75,C9_a-D-Glucose,18
23.0,C9_a-D-Glucose,23
23.25,C9_a-D-Glucose,25
23.5,C9_a-D-Glucose,22
23.75,C9_a-D-Glucose,25
24.0,C9_a-D-Glucose,21
24.25,C9_a-D-Glucose,24
24.5,C9_a-D-Glucose,23
24.75,C9_a-D-Glucose,21
25.0,C9_a-D-Glucose,17
25.25,C9_a-D-Glucose,21
25.5,C9_a-D-Glucose,25
25.75,C9_a-D-Glucose,22
26.0,C9_a-D-Glucose,17
26.25,C9_a-D-Glucose,17
26.5,C9_a-D-Glucose,22
26.75,C9_a-D-Glucose,23
27.0,C9_a-D-Glucose,23
27.25,C9_a-D-Glucose,21
27.5,C9_a-D-Glucose,20
27.75,C9_a-D-Glucose,22
28.0,C9_a-D-Glucose,25
28.25,C9_a-D-Glucose,24
28.5,C9_a-D-Glucose,21
28.75,C9_a-D-Glucose,23
29.0,C9_a-D-Glucose,22
29.25,C9_a-D-Glucose,19
29.5,C9_a-D-Glucose,19
29.75,C9_a-D-Glucose,22
30.0,C9_a-D-Glucose,21
30.25,C9_a-D-Glucose,21
30.5,C9_a-D-Glucose,23
30.75,C9_a-D-Glucose,23
31.0,C9_a-D-Glucose,23
31.25,C9_a-D-Glucose,20
31.5,C9_a-D-Glucose,19
31.75,C9_a-D-Glucose,26
32.0,C9_a-D-Glucose,19
32.25,C9_a-D-Glucose,21
32.5,C9_a-D-Glucose,25
32.75,C9_a-D-Glucose,22
33.0,C9_a-D-Glucose,25
33.25,C9_a-D-Glucose,16
33.5,C9_a-D-Glucose,22
33.75,C9_a-D-Glucose,21
34.0,C9_a-D-Glucose,19
34.25,C9_a-D-Glucose,18
34.5,C9_a-D-Glucose,23
34.75,C9_a-D-Glucose,17
35.0,C9_a-D-Glucose,18
35.25,C9_a-D-Glucose,17
35.5,C9_a-D-Glucose,22
35.75,C9_a-D-Glucose,24
36.0,C9_a-D-Glucose,22
36.25,C9_a-D-Glucose,19
36.5,C9_a-D-Glucose,20
36.75,C9_a-D-Glucose,20
37.0,C9_a-D-Glucose,21
37.25,C9_a-D-Glucose,21
37.5,C9_a-D-Glucose,22
37.75,C9_a-D-Glucose,19
38.0,C9_a-D-Glucose,21
38.25,C9_a-D-Glucose,18
38.5,C9_a-D-Glucose,17
38.75,C9_a-D-Glucose,19
39.0,C9_a-D-Glucose,20
39.25,C9_a-D-Glucose,18
39.5,C9_a-D-Glucose,19
39.75,C9_a-D-Glucose,18
40.0,C9_a-D-Glucose,24
40.25,C9_a-D-Glucose,22
40.5,C9_a-D-Glucose,23
40.75,C9_a-D-Glucose,18
41.0,C9_a-D-Glucose,19
41.25,C9_a-D-Glucose,23
41.5,C9_a-D-Glucose,23
41.75,C9_a-D-Glucose,23
42.0,C9_a-D-Glucose,24
42.25,C9_a-D-Glucose,18
42.5,C9_a-D-Glucose,26
42.75,C9_a-D-Glucose,23
43.0,C9_a-D-Glucose,20
43.25,C9_a-D-Glucose,18
43.5,C9_a-D-Glucose,22
43.75,C9_a-D-Glucose,22
44.0,C9_a-D-Glucose,25
44.25,C9_a-D-Glucose,20
44.5,C9_a-D-Glucose,20
44.75,C9_a-D-Glucose,23
45.0,C9_a-D-Glucose,17
45.25,C9_a-D-Glucose,20
45.5,C9_a-D-Glucose,23
45.75,C9_a-D-Glucose,23
46.0,C9_a-D-Glucose,17
46.25,C9_a-D-Glucose,23
46.5,C9_a-D-Glucose,25
46.75,C9_a-D-Glucose,22
47.0,C9_a-D-Glucose,19
47.25,C9_a-D-Glucose,20
47.5,C9_a-D-Glucose,23
47.75,C9_a-D-Glucose,22
48.0,C9_a-D-Glucose,22
48.25,C9_a-D-Glucose,24
0.0,C10_Maltose,16
0.25,C10_Maltose,14
0.5,C10_Maltose,11
0.75,C10_Maltose,15
1.0,C10_Maltose,12
1.25,C10_Maltose,12
1.5,C10_Maltose,13
1.75,C10_Maltose,15
2.0,C10_Maltose,18
2.25,C10_Maltose,15
2.5,C10_Maltose,15
2.75,C10_Maltose,15
3.0,C10_Maltose,13
3.25,C10_Maltose,17
3.5,C10_Maltose,11
3.75,C10_Maltose,18
4.0,C10_Maltose,15
4.25,C10_Maltose,15
4.5,C10_Maltose,16
4.75,C10_Maltose,20
5.0,C10_Maltose,15
5.25,C10_Maltose,13
5.5,C10_Maltose,15
5.75,C10_Maltose,16
6.0,C10_Maltose,15
6.25,C10_Maltose,19
6.5,C10_Maltose,14
6.75,C10_Maltose,17
7.0,C10_Maltose,16
7.25,C10_Maltose,12
7.5,C10_Maltose,17
7.75,C10_Maltose,15
8.0,C10_Maltose,19
8.25,C10_Maltose,17
8.5,C10_Maltose,16
8.75,C10_Maltose,16
9.0,C10_Maltose,15
9.25,C10_Maltose,17
9.5,C10_Maltose,19
9.75,C10_Maltose,19
10.0,C10_Maltose,14
10.25,C10_Maltose,18
10.5,C10_Maltose,17
10.75,C10_Maltose,19
11.0,C10_Maltose,17
11.25,C10_Maltose,17
11.5,C10_Maltose,20
11.75,C10_Maltose,19
12.0,C10_Maltose,20
12.25,C10_Maltose,20
12.5,C10_Maltose,23
12.75,C10_Maltose,24
13.0,C10_Maltose,19
13.25,C10_Maltose,18
13.5,C10_Maltose,21
13.75,C10_Maltose,20
14.0,C10_Maltose,19
14.25,C10_Maltose,21
14.5,C10_Maltose,22
14.75,C10_Maltose,25
15.0,C10_Maltose,21
15.25,C10_Maltose,23
15.5,C10_Maltose,20
15.75,C10_Maltose,22
16.0,C10_Maltose,24
16.25,C10_Maltose,23
16.5,C10_Maltose,23
16.75,C10_Maltose,23
17.0,C10_Maltose,25
17.25,C10_Maltose,26
17.5,C10_Maltose,25
17.75,C10_Maltose,25
18.0,C10_Maltose,25
18.25,C10_Maltose,28
18.5,C10_Maltose,28
18.75,C10_Maltose,27
19.0,C10_Maltose,27
19.25,C10_Maltose,27
19.5,C10_Maltose,23
19.75,C10_Maltose,25
20.0,C10_Maltose,24
20.25,C10_Maltose,31
20.5,C10_Maltose,29
20.75,C10_Maltose,27
21.0,C10_Maltose,30
21.25,C10_Maltose,30
21.5,C10_Maltose,28
21.75,C10_Maltose,28
22.0,C10_Maltose,28
22.25,C10_Maltose,29
22.5,C10_Maltose,31
22.75,C10_Maltose,34
23.0,C10_Maltose,29
23.25,C10_Maltose,29
23.5,C10_Maltose,33
23.75,C10_Maltose,31
24.0,C10_Maltose,33
24.25,C10_Maltose,29
24.5,C10_Maltose,34
24.75,C10_Maltose,34
25.0,C10_Maltose,34
25.25,C10_Maltose,34
25.5,C10_Maltose,37
25.75,C10_Maltose,32
26.0,C10_Maltose,34
26.25,C10_Maltose,35
26.5,C10_Maltose,36
26.75,C10_Maltose,36
27.0,C10_Maltose,37
27.25,C10_Maltose,37
27.5,C10_Maltose,41
27.75,C10_Maltose,40
28.0,C10_Maltose,39
28.25,C10_Maltose,41
28.5,C10_Maltose,38
28.75,C10_Maltose,41
29.0,C10_Maltose,40
29.25,C10_Maltose,36
29.5,C10_Maltose,38
29.75,C10_Maltose,37
30.0,C10_Maltose,42
30.25,C10_Maltose,38
30.5,C10_Maltose,42
30.75,C10_Maltose,42
31.0,C10_Maltose,44
31.25,C10_Maltose,42
31.5,C10_Maltose,42
31.75,C10_Maltose,40
32.0,C10_Maltose,43
32.25,C10_Maltose,43
32.5,C10_Maltose,43
32.75,C10_Maltose,40
33.0,C10_Maltose,42
33.25,C10_Maltose,41
33.5,C10_Maltose,47
33.75,C10_Maltose,47
34.0,C10_Maltose,42
34.25,C10_Maltose,45
34.5,C10_Maltose,44
34.75,C10_Maltose,48
35.0,C10_Maltose,42
35.25,C10_Maltose,46
35.5,C10_Maltose,50
35.75,C10_Maltose,45
36.0,C10_Maltose,48
36.25,C10_Maltose,45
36.5,C10_Maltose,43
36.75,C10_Maltose,53
37.0,C10_Maltose,48
37.25,C10_Maltose,47
37.5,C10_Maltose,49
37.75,C10_Maltose,49
38.0,C10_Maltose,46
38.25,C10_Maltose,50
38.5,C10_Maltose,50
38.75,C10_Maltose,50
39.0,C10_Maltose,53
39.25,C10_Maltose,55
39.5,C10_Maltose,52
39.75,C10_Maltose,52
40.0,C10_Maltose,54
40.25,C10_Maltose,51
40.5,C10_Maltose,55
40.75,C10_Maltose,56
41.0,C10_Maltose,58
41.25,C10_Maltose,54
41.5,C10_Maltose,54
41.75,C10_Maltose,57
42.0,C10_Maltose,59
42.25,C10_Maltose,64
42.5,C10_Maltose,60
42.75,C10_Maltose,59
43.0,C10_Maltose,58
43.25,C10_Maltose,58
43.5,C10_Maltose,58
43.75,C10_Maltose,63
44.0,C10_Maltose,65
44.25,C10_Maltose,61
44.5,C10_Maltose,65
44.75,C10_Maltose,61
45.0,C10_Maltose,63
45.25,C10_Maltose,63
45.5,C10_Maltose,61
45.75,C10_Maltose,61
46.0,C10_Maltose,64
46.25,C10_Maltose,63
46.5,C10_Maltose,66
46.75,C10_Maltose,65
47.0,C10_Maltose,65
47.25,C10_Maltose,64
47.5,C10_Maltose,68
47.75,C10_Maltose,71
48.0,C10_Maltose,66
48.25,C10_Maltose,68
0.0,C11_D-Melibiose,18
0.25,C11_D-Melibiose,12
0.5,C11_D-Melibiose,12
0.75,C11_D-Melibiose,13
1.0,C11_D-Melibiose,14
1.25,C11_D-Melibiose,16
1.5,C11_D-Melibiose,17
1.75,C11_D-Melibiose,14
2.0,C11_D-Melibiose,14
2.25,C11_D-Melibiose,18
2.5,C11_D-Melibiose,11
2.75,C11_D-Melibiose,14
3.0,C11_D-Melibiose,14
3.25,C11_D-Melibiose,15
3.5,C11_D-Melibiose,15
3.75,C11_D-Melibiose,16
4.0,C11_D-Melibiose,15
4.25,C11_D-Melibiose,14
4.5,C11_D-Melibiose,17
4.75,C11_D-Melibiose,17
5.0,C11_D-Melibiose,12
5.25,C11_D-Melibiose,15
5.5,C11_D-Melibiose,16
5.75,C11_D-Melibiose,12
6.0,C11_D-Melibiose,19
6.25,C11_D-Melibiose,16
6.5,C11_D-Melibiose,14
6.75,C11_D-Melibiose,15
7.0,C11_D-Melibiose,17
7.25,C11_D-Melibiose,16
7.5,C11_D-Melibiose,14
7.75,C11_D-Melibiose,16
8.0,C11_D-Melibiose,16
8.25,C11_D-Melibiose,14
8.5,C11_D-Melibiose,16
8.75,C11_D-Melibiose,21
9.0,C11_D-Melibiose,14
9.25,C11_D-Melibiose,15
9.5,C11_D-Melibiose,15
9.75,C11_D-Melibiose,14
10.0,C11_D-Melibiose,14
10.25,C11_D-Melibiose,15
10.5,C11_D-Melibiose,14
10.75,C11_D-Melibiose,11
11.0,C11_D-Melibiose,15
11.25,C11_D-Melibiose,13
11.5,C11_D-Melibiose,15
11.75,C11_D-Melibiose,19
12.0,C11_D-Melibiose,18
12.25,C11_D-Melibiose,18
12.5,C11_D-Melibiose,15
12.75,C11_D-Melibiose,18
13.0,C11_D-Melibiose,14
13.25,C11_D-Melibiose,17
13.5,C11_D-Melibiose,20
13.75,C11_D-Melibiose,19
14.0,C11_D-Melibiose,19
14.25,C11_D-Melibiose,21
14.5,C11_D-Melibiose,17
14.75,C11_D-Melibiose,18
15.0,C11_D-Melibiose,19
15.25,C11_D-Melibiose,13
15.5,C11_D-Melibiose,15
15.75,C11_D-Melibiose,19
16.0,C11_D-Melibiose,18
16.25,C11_D-Melibiose,16
16.5,C11_D-Melibiose,17
16.75,C11_D-Melibiose,16
17.0,C11_D-Melibiose,20
17.25,C11_D-Melibiose,18
17.5,C11_D-Melibiose,18
17.75,C11_D-Melibiose,23
18.0,C11_D-Melibiose,17
18.25,C11_D-Melibiose,22
18.5,C11_D-Melibiose,19
18.75,C11_D-Melibiose,21
19.0,C11_D-Melibiose,18
19.25,C11_D-Melibiose,18
19.5,C11_D-Melibiose,20
19.75,C11_D-Melibiose,19
20.0,C11_D-Melibiose,19
20.25,C11_D-Melibiose,20
20.5,C11_D-Melibiose,20
20.75,C11_D-Melibiose,20
21.0,C11_D-Melibiose,21
21.25,C11_D-Melibiose,18
21.5,C11_D-Melibiose,19
21.75,C11_D-Melibiose,19
22.0,C11_D-Melibiose,23
22.25,C11_D-Melibiose,17
22.5,C11_D-Melibiose,20
22.75,C11_D-Melibiose,19
23.0,C11_D-Melibiose,17
23.25,C11_D-Melibiose,18
23.5,C11_D-Melibiose,19
23.75,C11_D-Melibiose,18
24.0,C11_D-Melibiose,17
24.25,C11_D-Melibiose,16
24.5,C11_D-Melibiose,19
24.75,C11_D-Melibiose,19
25.0,C11_D-Melibiose,20
25.25,C11_D-Melibiose,22
25.5,C11_D-Melibiose,20
25.75,C11_D-Melibiose,20
26.0,C11_D-Melibiose,17
26.25,C11_D-Melibiose,20
26.5,C11_D-Melibiose,18
26.75,C11_D-Melibiose,19
27.0,C11_D-Melibiose,18
27.25,C11_D-Melibiose,16
27.5,C11_D-Melibiose,19
27.75,C11_D-Melibiose,20
28.0,C11_D-Melibiose,17
28.25,C11_D-Melibiose,19
28.5,C11_D-Melibiose,22
28.75,C11_D-Melibiose,22
29.0,C11_D-Melibiose,19
29.25,C11_D-Melibiose,21
29.5,C11_D-Melibiose,19
29.75,C11_D-Melibiose,19
30.0,C11_D-Melibiose,19
30.25,C11_D-Melibiose,18
30.5,C11_D-Melibiose,22
30.75,C11_D-Melibiose,21
31.0,C11_D-Melibiose,19
31.25,C11_D-Melibiose,18
31.5,C11_D-Melibiose,17
31.75,C11_D-Melibiose,19
32.0,C11_D-Melibiose,22
32.25,C11_D-Melibiose,20
32.5,C11_D-Melibiose,18
32.75,C11_D-Melibiose,18
33.0,C11_D-Melibiose,24
33.25,C11_D-Melibiose,18
33.5,C11_D-Melibiose,19
33.75,C11_D-Melibiose,19
34.0,C11_D-Melibiose,20
34.25,C11_D-Melibiose,18
34.5,C11_D-Melibiose,19
34.75,C11_D-Melibiose,17
35.0,C11_D-Melibiose,15
35.25,C11_D-Melibiose,17
35.5,C11_D-Melibiose,19
35.75,C11_D-Melibiose,19
36.0,C11_D-Melibiose,18
36.25,C11_D-Melibiose,18
36.5,C11_D-Melibiose,15
36.75,C11_D-Melibiose,19
37.0,C11_D-Melibiose,22
37.25,C11_D-Melibiose,18
37.5,C11_D-Melibiose,19
37.75,C11_D-Melibiose,22
38.0,C11_D-Melibiose,18
38.25,C11_D-Melibiose,21
38.5,C11_D-Melibiose,20
38.75,C11_D-Melibiose,15
39.0,C11_D-Melibiose,21
39.25,C11_D-Melibiose,20
39.5,C11_D-Melibiose,20
39.75,C11_D-Melibiose,17
40.0,C11_D-Melibiose,18
40.25,C11_D-Melibiose,20
40.5,C11_D-Melibiose,16
40.75,C11_D-Melibiose,20
41.0,C11_D-Melibiose,19
41.25,C11_D-Melibiose,12
41.5,C11_D-Melibiose,23
41.75,C11_D-Melibiose,18
42.0,C11_D-Melibiose,24
42.25,C11_D-Melibiose,20
42.5,C11_D-Melibiose,24
42.75,C11_D-Melibiose,19
43.0,C11_D-Melibiose,18
43.25,C11_D-Melibiose,18
43.5,C11_D-Melibiose,22
43.75,C11_D-Melibiose,25
44.0,C11_D-Melibiose,16
44.25,C11_D-Melibiose,26
44.5,C11_D-Melibiose,19
44.75,C11_D-Melibiose,18
45.0,C11_D-Melibiose,23
45.25,C11_D-Melibiose,20
45.5,C11_D-Melibiose,24
45.75,C11_D-Melibiose,21
46.0,C11_D-Melibiose,21
46.25,C11_D-Melibiose,21
46.5,C11_D-Melibiose,21
46.75,C11_D-Melibiose,19
47.0,C11_D-Melibiose,19
47.25,C11_D-Melibiose,20
47.5,C11_D-Melibiose,16
47.75,C11_D-Melibiose,19
48.0,C11_D-Melibiose,19
48.25,C11_D-Melibiose,27
0.0,C12_Thymidine,20
0.25,C12_Thymidine,21
0.5,C12_Thymidine,22
0.75,C12_Thymidine,20
1.0,C12_Thymidine,21
1.25,C12_Thymidine,20
1.5,C12_Thymidine,21
1.75,C12_Thymidine,18
2.0,C12_Thymidine,20
2.25,C12_Thymidine,16
2.5,C12_Thymidine,16
2.75,C12_Thymidine,19
3.0,C12_Thymidine,22
3.25,C12_Thymidine,14
3.5,C12_Thymidine,18
3.75,C12_Thymidine,19
4.0,C12_Thymidine,19
4.25,C12_Thymidine,20
4.5,C12_Thymidine,19
4.75,C12_Thymidine,21
5.0,C12_Thymidine,18
5.25,C12_Thymidine,22
5.5,C12_Thymidine,19
5.75,C12_Thymidine,18
6.0,C12_Thymidine,18
6.25,C12_Thymidine,21
6.5,C12_Thymidine,16
6.75,C12_Thymidine,18
7.0,C12_Thymidine,20
7.25,C12_Thymidine,21
7.5,C12_Thymidine,20
7.75,C12_Thymidine,21
8.0,C12_Thymidine,24
8.25,C12_Thymidine,24
8.5,C12_Thymidine,20
8.75,C12_Thymidine,24
9.0,C12_Thymidine,23
9.25,C12_Thymidine,26
9.5,C12_Thymidine,25
9.75,C12_Thymidine,29
10.0,C12_Thymidine,28
10.25,C12_Thymidine,27
10.5,C12_Thymidine,27
10.75,C12_Thymidine,26
11.0,C12_Thymidine,27
11.25,C12_Thymidine,27
11.5,C12_Thymidine,29
11.75,C12_Thymidine,28
12.0,C12_Thymidine,26
12.25,C12_Thymidine,32
12.5,C12_Thymidine,30
12.75,C12_Thymidine,33
13.0,C12_Thymidine,29
13.25,C12_Thymidine,32
13.5,C12_Thymidine,32
13.75,C12_Thymidine,32
14.0,C12_Thymidine,34
14.25,C12_Thymidine,36
14.5,C12_Thymidine,31
14.75,C12_Thymidine,32
15.0,C12_Thymidine,31
15.25,C12_Thymidine,30
15.5,C12_Thymidine,35
15.75,C12_Thymidine,35
16.0,C12_Thymidine,35
16.25,C12_Thymidine,35
16.5,C12_Thymidine,32
16.75,C12_Thymidine,31
17.0,C12_Thymidine,33
17.25,C12_Thymidine,31
17.5,C12_Thymidine,38
17.75,C12_Thymidine,33
18.0,C12_Thymidine,38
18.25,C12_Thymidine,35
18.5,C12_Thymidine,36
18.75,C12_Thymidine,35
19.0,C12_Thymidine,36
19.25,C12_Thymidine,40
19.5,C12_Thymidine,37
19.75,C12_Thymidine,35
20.0,C12_Thymidine,40
20.25,C12_Thymidine,39
20.5,C12_Thymidine,37
20.75,C12_Thymidine,35
21.0,C12_Thymidine,40
21.25,C12_Thymidine,37
21.5,C12_Thymidine,37
21.75,C12_Thymidine,39
22.0,C12_Thymidine,37
22.25,C12_Thymidine,34
22.5,C12_Thymidine,38
22.75,C12_Thymidine,41
23.0,C12_Thymidine,39
23.25,C12_Thymidine,38
23.5,C12_Thymidine,41
23.75,C12_Thymidine,36
24.0,C12_Thymidine,40
24.25,C12_Thymidine,40
24.5,C12_Thymidine,38
24.75,C12_Thymidine,38
25.0,C12_Thymidine,39
25.25,C12_Thymidine,40
25.5,C12_Thymidine,37
25.75,C12_Thymidine,38
26.0,C12_Thymidine,36
26.25,C12_Thymidine,35
26.5,C12_Thymidine,39
26.75,C12_Thymidine,37
27.0,C12_Thymidine,37
27.25,C12_Thymidine,37
27.5,C12_Thymidine,39
27.75,C12_Thymidine,34
28.0,C12_Thymidine,37
28.25,C12_Thymidine,36
28.5,C12_Thymidine,38
28.75,C12_Thymidine,38
29.0,C12_Thymidine,35
29.25,C12_Thymidine,43
29.5,C12_Thymidine,37
29.75,C12_Thymidine,36
30.0,C12_Thymidine,37
30.25,C12_Thymidine,35
30.5,C12_Thymidine,39
30.75,C12_Thymidine,36
31.0,C12_Thymidine,34
31.25,C12_Thymidine,38
31.5,C12_Thymidine,34
31.75,C12_Thymidine,39
32.0,C12_Thymidine,37
32.25,C12_Thymidine,39
32.5,C12_Thymidine,32
32.75,C12_Thymidine,32
33.0,C12_Thymidine,35
33.25,C12_Thymidine,36
33.5,C12_Thymidine,39
33.75,C12_Thymidine,34
34.0,C12_Thymidine,39
34.25,C12_Thymidine,35
34.5,C12_Thymidine,34
34.75,C12_Thymidine,35
35.0,C12_Thymidine,36
35.25,C12_Thymidine,32
35.5,C12_Thymidine,38
35.75,C12_Thymidine,35
36.0,C12_Thymidine,37
36.25,C12_Thymidine,38
36.5,C12_Thymidine,31
36.75,C12_Thymidine,38
37.0,C12_Thymidine,33
37.25,C12_Thymidine,34
37.5,C12_Thymidine,32
37.75,C12_Thymidine,38
38.0,C12_Thymidine,34
38.25,C12_Thymidine,34
38.5,C12_Thymidine,37
38.75,C12_Thymidine,36
39.0,C12_Thymidine,31
39.25,C12_Thymidine,33
39.5,C12_Thymidine,33
39.75,C12_Thymidine,35
40.0,C12_Thymidine,38
40.25,C12_Thymidine,36
40.5,C12_Thymidine,36
40.75,C12_Thymidine,34
41.0,C12_Thymidine,38
41.25,C12_Thymidine,33
41.5,C12_Thymidine,35
41.75,C12_Thymidine,34
42.0,C12_Thymidine,34
42.25,C12_Thymidine,37
42.5,C12_Thymidine,37
42.75,C12_Thymidine,38
43.0,C12_Thymidine,33
43.25,C12_Thymidine,37
43.5,C12_Thymidine,37
43.75,C12_Thymidine,35
44.0,C12_Thymidine,31
44.25,C12_Thymidine,33
44.5,C12_Thymidine,37
44.75,C12_Thymidine,36
45.0,C12_Thymidine,35
45.25,C12_Thymidine,35
45.5,C12_Thymidine,36
45.75,C12_Thymidine,36
46.0,C12_Thymidine,34
46.25,C12_Thymidine,37
46.5,C12_Thymidine,35
46.75,C12_Thymidine,34
47.0,C12_Thymidine,34
47.25,C12_Thymidine,33
47.5,C12_Thymidine,37
47.75,C12_Thymidine,38
48.0,C12_Thymidine,34
48.25,C12_Thymidine,35
0.0,D-1_L-Asparagine,18
0.25,D-1_L-Asparagine,16
0.5,D-1_L-Asparagine,16
0.75,D-1_L-Asparagine,19
1.0,D-1_L-Asparagine,16
1.25,D-1_L-Asparagine,14
1.5,D-1_L-Asparagine,18
1.75,D-1_L-Asparagine,15
2.0,D-1_L-Asparagine,18
2.25,D-1_L-Asparagine,13
2.5,D-1_L-Asparagine,16
2.75,D-1_L-Asparagine,11
3.0,D-1_L-Asparagine,15
3.25,D-1_L-Asparagine,17
3.5,D-1_L-Asparagine,17
3.75,D-1_L-Asparagine,15
4.0,D-1_L-Asparagine,18
4.25,D-1_L-Asparagine,16
4.5,D-1_L-Asparagine,14
4.75,D-1_L-Asparagine,16
5.0,D-1_L-Asparagine,16
5.25,D-1_L-Asparagine,14
5.5,D-1_L-Asparagine,16
5.75,D-1_L-Asparagine,17
6.0,D-1_L-Asparagine,15
6.25,D-1_L-Asparagine,14
6.5,D-1_L-Asparagine,16
6.75,D-1_L-Asparagine,16
7.0,D-1_L-Asparagine,19
7.25,D-1_L-Asparagine,17
7.5,D-1_L-Asparagine,16
7.75,D-1_L-Asparagine,17
8.0,D-1_L-Asparagine,17
8.25,D-1_L-Asparagine,16
8.5,D-1_L-Asparagine,19
8.75,D-1_L-Asparagine,20
9.0,D-1_L-Asparagine,17
9.25,D-1_L-Asparagine,22
9.5,D-1_L-Asparagine,19
9.75,D-1_L-Asparagine,20
10.0,D-1_L-Asparagine,17
10.25,D-1_L-Asparagine,19
10.5,D-1_L-Asparagine,19
10.75,D-1_L-Asparagine,23
11.0,D-1_L-Asparagine,18
11.25,D-1_L-Asparagine,21
11.5,D-1_L-Asparagine,24
11.75,D-1_L-Asparagine,23
12.0,D-1_L-Asparagine,24
12.25,D-1_L-Asparagine,24
12.5,D-1_L-Asparagine,25
12.75,D-1_L-Asparagine,24
13.0,D-1_L-Asparagine,26
13.25,D-1_L-Asparagine,31
13.5,D-1_L-Asparagine,29
13.75,D-1_L-Asparagine,24
14.0,D-1_L-Asparagine,31
14.25,D-1_L-Asparagine,31
14.5,D-1_L-Asparagine,32
14.75,D-1_L-Asparagine,29
15.0,D-1_L-Asparagine,28
15.25,D-1_L-Asparagine,26
15.5,D-1_L-Asparagine,30
15.75,D-1_L-Asparagine,27
16.0,D-1_L-Asparagine,26
16.25,D-1_L-Asparagine,25
16.5,D-1_L-Asparagine,27
16.75,D-1_L-Asparagine,26
17.0,D-1_L-Asparagine,29
17.25,D-1_L-Asparagine,29
17.5,D-1_L-Asparagine,32
17.75,D-1_L-Asparagine,35
18.0,D-1_L-Asparagine,29
18.25,D-1_L-Asparagine,31
18.5,D-1_L-Asparagine,32
18.75,D-1_L-Asparagine,32
19.0,D-1_L-Asparagine,35
19.25,D-1_L-Asparagine,32
19.5,D-1_L-Asparagine,37
19.75,D-1_L-Asparagine,32
20.0,D-1_L-Asparagine,36
20.25,D-1_L-Asparagine,37
20.5,D-1_L-Asparagine,34
20.75,D-1_L-Asparagine,33
21.0,D-1_L-Asparagine,33
21.25,D-1_L-Asparagine,36
21.5,D-1_L-Asparagine,36
21.75,D-1_L-Asparagine,37
22.0,D-1_L-Asparagine,35
22.25,D-1_L-Asparagine,39
22.5,D-1_L-Asparagine,37
22.75,D-1_L-Asparagine,33
23.0,D-1_L-Asparagine,38
23.25,D-1_L-Asparagine,35
23.5,D-1_L-Asparagine,41
23.75,D-1_L-Asparagine,38
24.0,D-1_L-Asparagine,34
24.25,D-1_L-Asparagine,39
24.5,D-1_L-Asparagine,37
24.75,D-1_L-Asparagine,36
25.0,D-1_L-Asparagine,37
25.25,D-1_L-Asparagine,42
25.5,D-1_L-Asparagine,43
25.75,D-1_L-Asparagine,37
26.0,D-1_L-Asparagine,38
26.25,D-1_L-Asparagine,39
26.5,D-1_L-Asparagine,44
26.75,D-1_L-Asparagine,37
27.0,D-1_L-Asparagine,41
27.25,D-1_L-Asparagine,35
27.5,D-1_L-Asparagine,41
27.75,D-1_L-Asparagine,41
28.0,D-1_L-Asparagine,41
28.25,D-1_L-Asparagine,41
28.5,D-1_L-Asparagine,44
28.75,D-1_L-Asparagine,37
29.0,D-1_L-Asparagine,45
29.25,D-1_L-Asparagine,50
29.5,D-1_L-Asparagine,39
29.75,D-1_L-Asparagine,41
30.0,D-1_L-Asparagine,42
30.25,D-1_L-Asparagine,39
30.5,D-1_L-Asparagine,43
30.75,D-1_L-Asparagine,45
31.0,D-1_L-Asparagine,38
31.25,D-1_L-Asparagine,43
31.5,D-1_L-Asparagine,42
31.75,D-1_L-Asparagine,43
32.0,D-1_L-Asparagine,48
32.25,D-1_L-Asparagine,43
32.5,D-1_L-Asparagine,45
32.75,D-1_L-Asparagine,44
33.0,D-1_L-Asparagine,44
33.25,D-1_L-Asparagine,40
33.5,D-1_L-Asparagine,46
33.75,D-1_L-Asparagine,48
34.0,D-1_L-Asparagine,47
34.25,D-1_L-Asparagine,45
34.5,D-1_L-Asparagine,49
34.75,D-1_L-Asparagine,46
35.0,D-1_L-Asparagine,48
35.25,D-1_L-Asparagine,50
35.5,D-1_L-Asparagine,48
35.75,D-1_L-Asparagine,47
36.0,D-1_L-Asparagine,44
36.25,D-1_L-Asparagine,45
36.5,D-1_L-Asparagine,48
36.75,D-1_L-Asparagine,44
37.0,D-1_L-Asparagine,47
37.25,D-1_L-Asparagine,45
37.5,D-1_L-Asparagine,50
37.75,D-1_L-Asparagine,47
38.0,D-1_L-Asparagine,48
38.25,D-1_L-Asparagine,51
38.5,D-1_L-Asparagine,50
38.75,D-1_L-Asparagine,47
39.0,D-1_L-Asparagine,52
39.25,D-1_L-Asparagine,53
39.5,D-1_L-Asparagine,50
39.75,D-1_L-Asparagine,53
40.0,D-1_L-Asparagine,52
40.25,D-1_L-Asparagine,48
40.5,D-1_L-Asparagine,56
40.75,D-1_L-Asparagine,47
41.0,D-1_L-Asparagine,50
41.25,D-1_L-Asparagine,55
41.5,D-1_L-Asparagine,52
41.75,D-1_L-Asparagine,57
42.0,D-1_L-Asparagine,54
42.25,D-1_L-Asparagine,55
42.5,D-1_L-Asparagine,59
42.75,D-1_L-Asparagine,59
43.0,D-1_L-Asparagine,58
43.25,D-1_L-Asparagine,53
43.5,D-1_L-Asparagine,54
43.75,D-1_L-Asparagine,56
44.0,D-1_L-Asparagine,61
44.25,D-1_L-Asparagine,56
44.5,D-1_L-Asparagine,64
44.75,D-1_L-Asparagine,57
45.0,D-1_L-Asparagine,55
45.25,D-1_L-Asparagine,58
45.5,D-1_L-Asparagine,60
45.75,D-1_L-Asparagine,59
46.0,D-1_L-Asparagine,59
46.25,D-1_L-Asparagine,59
46.5,D-1_L-Asparagine,60
46.75,D-1_L-Asparagine,57
47.0,D-1_L-Asparagine,60
47.25,D-1_L-Asparagine,57
47.5,D-1_L-Asparagine,61
47.75,D-1_L-Asparagine,61
48.0,D-1_L-Asparagine,57
48.25,D-1_L-Asparagine,63
0.0,D2_D-Aspartic_Acid,11
0.25,D2_D-Aspartic_Acid,11
0.5,D2_D-Aspartic_Acid,11
0.75,D2_D-Aspartic_Acid,11
1.0,D2_D-Aspartic_Acid,11
1.25,D2_D-Aspartic_Acid,11
1.5,D2_D-Aspartic_Acid,11
1.75,D2_D-Aspartic_Acid,11
2.0,D2_D-Aspartic_Acid,11
2.25,D2_D-Aspartic_Acid,11
2.5,D2_D-Aspartic_Acid,11
2.75,D2_D-Aspartic_Acid,11
3.0,D2_D-Aspartic_Acid,11
3.25,D2_D-Aspartic_Acid,11
3.5,D2_D-Aspartic_Acid,11
3.75,D2_D-Aspartic_Acid,11
4.0,D2_D-Aspartic_Acid,11
4.25,D2_D-Aspartic_Acid,11
4.5,D2_D-Aspartic_Acid,11
4.75,D2_D-Aspartic_Acid,11
5.0,D2_D-Aspartic_Acid,11
5.25,D2_D-Aspartic_Acid,11
5.5,D2_D-Aspartic_Acid,11
5.75,D2_D-Aspartic_Acid,11
6.0,D2_D-Aspartic_Acid,11
6.25,D2_D-Aspartic_Acid,11
6.5,D2_D-Aspartic_Acid,11
6.75,D2_D-Aspartic_Acid,11
7.0,D2_D-Aspartic_Acid,11
7.25,D2_D-Aspartic_Acid,11
7.5,D2_D-Aspartic_Acid,11
7.75,D2_D-Aspartic_Acid,11
8.0,D2_D-Aspartic_Acid,11
8.25,D2_D-Aspartic_Acid,11
8.5,D2_D-Aspartic_Acid,11
8.75,D2_D-Aspartic_Acid,11
9.0,D2_D-Aspartic_Acid,11
9.25,D2_D-Aspartic_Acid,11
9.5,D2_D-Aspartic_Acid,11
9.75,D2_D-Aspartic_Acid,11
10.0,D2_D-Aspartic_Acid,11
10.25,D2_D-Aspartic_Acid,12
10.5,D2_D-Aspartic_Acid,11
10.75,D2_D-Aspartic_Acid,11
11.0,D2_D-Aspartic_Acid,11
11.25,D2_D-Aspartic_Acid,11
11.5,D2_D-Aspartic_Acid,11
11.75,D2_D-Aspartic_Acid,11
12.0,D2_D-Aspartic_Acid,11
12.25,D2_D-Aspartic_Acid,11
12.5,D2_D-Aspartic_Acid,14
12.75,D2_D-Aspartic_Acid,12
13.0,D2_D-Aspartic_Acid,11
13.25,D2_D-Aspartic_Acid,11
13.5,D2_D-Aspartic_Acid,11
13.75,D2_D-Aspartic_Acid,11
14.0,D2_D-Aspartic_Acid,11
14.25,D2_D-Aspartic_Acid,11
14.5,D2_D-Aspartic_Acid,11
14.75,D2_D-Aspartic_Acid,11
15.0,D2_D-Aspartic_Acid,11
15.25,D2_D-Aspartic_Acid,12
15.5,D2_D-Aspartic_Acid,14
15.75,D2_D-Aspartic_Acid,11
16.0,D2_D-Aspartic_Acid,11
16.25,D2_D-Aspartic_Acid,13
16.5,D2_D-Aspartic_Acid,11
16.75,D2_D-Aspartic_Acid,11
17.0,D2_D-Aspartic_Acid,11
17.25,D2_D-Aspartic_Acid,11
17.5,D2_D-Aspartic_Acid,11
17.75,D2_D-Aspartic_Acid,11
18.0,D2_D-Aspartic_Acid,11
18.25,D2_D-Aspartic_Acid,11
18.5,D2_D-Aspartic_Acid,11
18.75,D2_D-Aspartic_Acid,11
19.0,D2_D-Aspartic_Acid,13
19.25,D2_D-Aspartic_Acid,11
19.5,D2_D-Aspartic_Acid,11
19.75,D2_D-Aspartic_Acid,11
20.0,D2_D-Aspartic_Acid,11
20.25,D2_D-Aspartic_Acid,11
20.5,D2_D-Aspartic_Acid,11
20.75,D2_D-Aspartic_Acid,11
21.0,D2_D-Aspartic_Acid,13
21.25,D2_D-Aspartic_Acid,11
21.5,D2_D-Aspartic_Acid,11
21.75,D2_D-Aspartic_Acid,11
22.0,D2_D-Aspartic_Acid,11
22.25,D2_D-Aspartic_Acid,11
22.5,D2_D-Aspartic_Acid,11
22.75,D2_D-Aspartic_Acid,11
23.0,D2_D-Aspartic_Acid,11
23.25,D2_D-Aspartic_Acid,11
23.5,D2_D-Aspartic_Acid,11
23.75,D2_D-Aspartic_Acid,11
24.0,D2_D-Aspartic_Acid,11
24.25,D2_D-Aspartic_Acid,11
24.5,D2_D-Aspartic_Acid,11
24.75,D2_D-Aspartic_Acid,11
25.0,D2_D-Aspartic_Acid,11
25.25,D2_D-Aspartic_Acid,11
25.5,D2_D-Aspartic_Acid,13
25.75,D2_D-Aspartic_Acid,11
26.0,D2_D-Aspartic_Acid,11
26.25,D2_D-Aspartic_Acid,11
26.5,D2_D-Aspartic_Acid,11
26.75,D2_D-Aspartic_Acid,15
27.0,D2_D-Aspartic_Acid,13
27.25,D2_D-Aspartic_Acid,11
27.5,D2_D-Aspartic_Acid,11
27.75,D2_D-Aspartic_Acid,11
28.0,D2_D-Aspartic_Acid,11
28.25,D2_D-Aspartic_Acid,14
28.5,D2_D-Aspartic_Acid,11
28.75,D2_D-Aspartic_Acid,11
29.0,D2_D-Aspartic_Acid,11
29.25,D2_D-Aspartic_Acid,11
29.5,D2_D-Aspartic_Acid,14
29.75,D2_D-Aspartic_Acid,11
30.0,D2_D-Aspartic_Acid,11
30.25,D2_D-Aspartic_Acid,11
30.5,D2_D-Aspartic_Acid,11
30.75,D2_D-Aspartic_Acid,11
31.0,D2_D-Aspartic_Acid,11
31.25,D2_D-Aspartic_Acid,12
31.5,D2_D-Aspartic_Acid,13
31.75,D2_D-Aspartic_Acid,11
32.0,D2_D-Aspartic_Acid,13
32.25,D2_D-Aspartic_Acid,11
32.5,D2_D-Aspartic_Acid,11
32.75,D2_D-Aspartic_Acid,11
33.0,D2_D-Aspartic_Acid,11
33.25,D2_D-Aspartic_Acid,11
33.5,D2_D-Aspartic_Acid,11
33.75,D2_D-Aspartic_Acid,11
34.0,D2_D-Aspartic_Acid,11
34.25,D2_D-Aspartic_Acid,11
34.5,D2_D-Aspartic_Acid,11
34.75,D2_D-Aspartic_Acid,11
35.0,D2_D-Aspartic_Acid,11
35.25,D2_D-Aspartic_Acid,11
35.5,D2_D-Aspartic_Acid,11
35.75,D2_D-Aspartic_Acid,11
36.0,D2_D-Aspartic_Acid,11
36.25,D2_D-Aspartic_Acid,11
36.5,D2_D-Aspartic_Acid,11
36.75,D2_D-Aspartic_Acid,12
37.0,D2_D-Aspartic_Acid,11
37.25,D2_D-Aspartic_Acid,12
37.5,D2_D-Aspartic_Acid,11
37.75,D2_D-Aspartic_Acid,11
38.0,D2_D-Aspartic_Acid,11
38.25,D2_D-Aspartic_Acid,11
38.5,D2_D-Aspartic_Acid,11
38.75,D2_D-Aspartic_Acid,11
39.0,D2_D-Aspartic_Acid,11
39.25,D2_D-Aspartic_Acid,11
39.5,D2_D-Aspartic_Acid,11
39.75,D2_D-Aspartic_Acid,11
40.0,D2_D-Aspartic_Acid,11
40.25,D2_D-Aspartic_Acid,11
40.5,D2_D-Aspartic_Acid,11
40.75,D2_D-Aspartic_Acid,11
41.0,D2_D-Aspartic_Acid,12
41.25,D2_D-Aspartic_Acid,11
41.5,D2_D-Aspartic_Acid,11
41.75,D2_D-Aspartic_Acid,11
42.0,D2_D-Aspartic_Acid,12
42.25,D2_D-Aspartic_Acid,11
42.5,D2_D-Aspartic_Acid,11
42.75,D2_D-Aspartic_Acid,11
43.0,D2_D-Aspartic_Acid,11
43.25,D2_D-Aspartic_Acid,11
43.5,D2_D-Aspartic_Acid,11
43.75,D2_D-Aspartic_Acid,13
44.0,D2_D-Aspartic_Acid,11
44.25,D2_D-Aspartic_Acid,11
44.5,D2_D-Aspartic_Acid,11
44.75,D2_D-Aspartic_Acid,11
45.0,D2_D-Aspartic_Acid,11
45.25,D2_D-Aspartic_Acid,12
45.5,D2_D-Aspartic_Acid,11
45.75,D2_D-Aspartic_Acid,13
46.0,D2_D-Aspartic_Acid,11
46.25,D2_D-Aspartic_Acid,13
46.5,D2_D-Aspartic_Acid,11
46.75,D2_D-Aspartic_Acid,13
47.0,D2_D-Aspartic_Acid,15
47.25,D2_D-Aspartic_Acid,11
47.5,D2_D-Aspartic_Acid,13
47.75,D2_D-Aspartic_Acid,13
48.0,D2_D-Aspartic_Acid,11
48.25,D2_D-Aspartic_Acid,11
0.0,D3_D-Glucosaminic_Acid,11
0.25,D3_D-Glucosaminic_Acid,11
0.5,D3_D-Glucosaminic_Acid,11
0.75,D3_D-Glucosaminic_Acid,11
1.0,D3_D-Glucosaminic_Acid,11
1.25,D3_D-Glucosaminic_Acid,11
1.5,D3_D-Glucosaminic_Acid,11
1.75,D3_D-Glucosaminic_Acid,11
2.0,D3_D-Glucosaminic_Acid,11
2.25,D3_D-Glucosaminic_Acid,11
2.5,D3_D-Glucosaminic_Acid,11
2.75,D3_D-Glucosaminic_Acid,11
3.0,D3_D-Glucosaminic_Acid,11
3.25,D3_D-Glucosaminic_Acid,11
3.5,D3_D-Glucosaminic_Acid,11
3.75,D3_D-Glucosaminic_Acid,11
4.0,D3_D-Glucosaminic_Acid,11
4.25,D3_D-Glucosaminic_Acid,11
4.5,D3_D-Glucosaminic_Acid,11
4.75,D3_D-Glucosaminic_Acid,11
5.0,D3_D-Glucosaminic_Acid,11
5.25,D3_D-Glucosaminic_Acid,11
5.5,D3_D-Glucosaminic_Acid,11
5.75,D3_D-Glucosaminic_Acid,11
6.0,D3_D-Glucosaminic_Acid,11
6.25,D3_D-Glucosaminic_Acid,11
6.5,D3_D-Glucosaminic_Acid,11
6.75,D3_D-Glucosaminic_Acid,11
7.0,D3_D-Glucosaminic_Acid,11
7.25,D3_D-Glucosaminic_Acid,11
7.5,D3_D-Glucosaminic_Acid,11
7.75,D3_D-Glucosaminic_Acid,11
8.0,D3_D-Glucosaminic_Acid,11
8.25,D3_D-Glucosaminic_Acid,11
8.5,D3_D-Glucosaminic_Acid,11
8.75,D3_D-Glucosaminic_Acid,11
9.0,D3_D-Glucosaminic_Acid,11
9.25,D3_D-Glucosaminic_Acid,11
9.5,D3_D-Glucosaminic_Acid,11
9.75,D3_D-Glucosaminic_Acid,11
10.0,D3_D-Glucosaminic_Acid,11
10.25,D3_D-Glucosaminic_Acid,11
10.5,D3_D-Glucosaminic_Acid,11
10.75,D3_D-Glucosaminic_Acid,11
11.0,D3_D-Glucosaminic_Acid,11
11.25,D3_D-Glucosaminic_Acid,14
11.5,D3_D-Glucosaminic_Acid,15
11.75,D3_D-Glucosaminic_Acid,12
12.0,D3_D-Glucosaminic_Acid,17
12.25,D3_D-Glucosaminic_Acid,12
12.5,D3_D-Glucosaminic_Acid,14
12.75,D3_D-Glucosaminic_Acid,15
13.0,D3_D-Glucosaminic_Acid,14
13.25,D3_D-Glucosaminic_Acid,15
13.5,D3_D-Glucosaminic_Acid,19
13.75,D3_D-Glucosaminic_Acid,14
14.0,D3_D-Glucosaminic_Acid,17
14.25,D3_D-Glucosaminic_Acid,22
14.5,D3_D-Glucosaminic_Acid,16
14.75,D3_D-Glucosaminic_Acid,18
15.0,D3_D-Glucosaminic_Acid,21
15.25,D3_D-Glucosaminic_Acid,17
15.5,D3_D-Glucosaminic_Acid,17
15.75,D3_D-Glucosaminic_Acid,20
16.0,D3_D-Glucosaminic_Acid,14
16.25,D3_D-Glucosaminic_Acid,18
16.5,D3_D-Glucosaminic_Acid,19
16.75,D3_D-Glucosaminic_Acid,18
17.0,D3_D-Glucosaminic_Acid,24
17.25,D3_D-Glucosaminic_Acid,20
17.5,D3_D-Glucosaminic_Acid,21
17.75,D3_D-Glucosaminic_Acid,25
18.0,D3_D-Glucosaminic_Acid,24
18.25,D3_D-Glucosaminic_Acid,28
18.5,D3_D-Glucosaminic_Acid,26
18.75,D3_D-Glucosaminic_Acid,25
19.0,D3_D-Glucosaminic_Acid,25
19.25,D3_D-Glucosaminic_Acid,29
19.5,D3_D-Glucosaminic_Acid,26
19.75,D3_D-Glucosaminic_Acid,26
20.0,D3_D-Glucosaminic_Acid,26
20.25,D3_D-Glucosaminic_Acid,31
20.5,D3_D-Glucosaminic_Acid,30
20.75,D3_D-Glucosaminic_Acid,31
21.0,D3_D-Glucosaminic_Acid,31
21.25,D3_D-Glucosaminic_Acid,30
21.5,D3_D-Glucosaminic_Acid,26
21.75,D3_D-Glucosaminic_Acid,32
22.0,D3_D-Glucosaminic_Acid,28
22.25,D3_D-Glucosaminic_Acid,32
22.5,D3_D-Glucosaminic_Acid,35
22.75,D3_D-Glucosaminic_Acid,33
23.0,D3_D-Glucosaminic_Acid,35
23.25,D3_D-Glucosaminic_Acid,33
23.5,D3_D-Glucosaminic_Acid,37
23.75,D3_D-Glucosaminic_Acid,38
24.0,D3_D-Glucosaminic_Acid,35
24.25,D3_D-Glucosaminic_Acid,37
24.5,D3_D-Glucosaminic_Acid,37
24.75,D3_D-Glucosaminic_Acid,36
25.0,D3_D-Glucosaminic_Acid,36
25.25,D3_D-Glucosaminic_Acid,40
25.5,D3_D-Glucosaminic_Acid,41
25.75,D3_D-Glucosaminic_Acid,40
26.0,D3_D-Glucosaminic_Acid,40
26.25,D3_D-Glucosaminic_Acid,43
26.5,D3_D-Glucosaminic_Acid,40
26.75,D3_D-Glucosaminic_Acid,44
27.0,D3_D-Glucosaminic_Acid,48
27.25,D3_D-Glucosaminic_Acid,46
27.5,D3_D-Glucosaminic_Acid,45
27.75,D3_D-Glucosaminic_Acid,46
28.0,D3_D-Glucosaminic_Acid,45
28.25,D3_D-Glucosaminic_Acid,44
28.5,D3_D-Glucosaminic_Acid,47
28.75,D3_D-Glucosaminic_Acid,43
29.0,D3_D-Glucosaminic_Acid,52
29.25,D3_D-Glucosaminic_Acid,51
29.5,D3_D-Glucosaminic_Acid,46
29.75,D3_D-Glucosaminic_Acid,47
30.0,D3_D-Glucosaminic_Acid,53
30.25,D3_D-Glucosaminic_Acid,49
30.5,D3_D-Glucosaminic_Acid,50
30.75,D3_D-Glucosaminic_Acid,51
31.0,D3_D-Glucosaminic_Acid,49
31.25,D3_D-Glucosaminic_Acid,55
31.5,D3_D-Glucosaminic_Acid,53
31.75,D3_D-Glucosaminic_Acid,54
32.0,D3_D-Glucosaminic_Acid,53
32.25,D3_D-Glucosaminic_Acid,55
32.5,D3_D-Glucosaminic_Acid,55
32.75,D3_D-Glucosaminic_Acid,57
33.0,D3_D-Glucosaminic_Acid,58
33.25,D3_D-Glucosaminic_Acid,60
33.5,D3_D-Glucosaminic_Acid,60
33.75,D3_D-Glucosaminic_Acid,58
34.0,D3_D-Glucosaminic_Acid,59
34.25,D3_D-Glucosaminic_Acid,61
34.5,D3_D-Glucosaminic_Acid,60
34.75,D3_D-Glucosaminic_Acid,63
35.0,D3_D-Glucosaminic_Acid,63
35.25,D3_D-Glucosaminic_Acid,62
35.5,D3_D-Glucosaminic_Acid,61
35.75,D3_D-Glucosaminic_Acid,63
36.0,D3_D-Glucosaminic_Acid,61
36.25,D3_D-Glucosaminic_Acid,66
36.5,D3_D-Glucosaminic_Acid,61
36.75,D3_D-Glucosaminic_Acid,68
37.0,D3_D-Glucosaminic_Acid,67
37.25,D3_D-Glucosaminic_Acid,66
37.5,D3_D-Glucosaminic_Acid,71
37.75,D3_D-Glucosaminic_Acid,71
38.0,D3_D-Glucosaminic_Acid,67
38.25,D3_D-Glucosaminic_Acid,68
38.5,D3_D-Glucosaminic_Acid,69
38.75,D3_D-Glucosaminic_Acid,72
39.0,D3_D-Glucosaminic_Acid,74
39.25,D3_D-Glucosaminic_Acid,71
39.5,D3_D-Glucosaminic_Acid,72
39.75,D3_D-Glucosaminic_Acid,69
40.0,D3_D-Glucosaminic_Acid,71
40.25,D3_D-Glucosaminic_Acid,72
40.5,D3_D-Glucosaminic_Acid,76
40.75,D3_D-Glucosaminic_Acid,74
41.0,D3_D-Glucosaminic_Acid,79
41.25,D3_D-Glucosaminic_Acid,77
41.5,D3_D-Glucosaminic_Acid,76
41.75,D3_D-Glucosaminic_Acid,79
42.0,D3_D-Glucosaminic_Acid,79
42.25,D3_D-Glucosaminic_Acid,78
42.5,D3_D-Glucosaminic_Acid,84
42.75,D3_D-Glucosaminic_Acid,83
43.0,D3_D-Glucosaminic_Acid,82
43.25,D3_D-Glucosaminic_Acid,83
43.5,D3_D-Glucosaminic_Acid,80
43.75,D3_D-Glucosaminic_Acid,84
44.0,D3_D-Glucosaminic_Acid,84
44.25,D3_D-Glucosaminic_Acid,84
44.5,D3_D-Glucosaminic_Acid,87
44.75,D3_D-Glucosaminic_Acid,86
45.0,D3_D-Glucosaminic_Acid,88
45.25,D3_D-Glucosaminic_Acid,88
45.5,D3_D-Glucosaminic_Acid,87
45.75,D3_D-Glucosaminic_Acid,92
46.0,D3_D-Glucosaminic_Acid,88
46.25,D3_D-Glucosaminic_Acid,89
46.5,D3_D-Glucosaminic_Acid,90
46.75,D3_D-Glucosaminic_Acid,89
47.0,D3_D-Glucosaminic_Acid,89
47.25,D3_D-Glucosaminic_Acid,91
47.5,D3_D-Glucosaminic_Acid,95
47.75,D3_D-Glucosaminic_Acid,96
48.0,D3_D-Glucosaminic_Acid,95
48.25,D3_D-Glucosaminic_Acid,98
0.0,D4_1-2-Propanediol,11
0.25,D4_1-2-Propanediol,11
0.5,D4_1-2-Propanediol,11
0.75,D4_1-2-Propanediol,11
1.0,D4_1-2-Propanediol,11
1.25,D4_1-2-Propanediol,11
1.5,D4_1-2-Propanediol,11
1.75,D4_1-2-Propanediol,11
2.0,D4_1-2-Propanediol,11
2.25,D4_1-2-Propanediol,11
2.5,D4_1-2-Propanediol,11
2.75,D4_1-2-Propanediol,11
3.0,D4_1-2-Propanediol,11
3.25,D4_1-2-Propanediol,11
3.5,D4_1-2-Propanediol,11
3.75,D4_1-2-Propanediol,11
4.0,D4_1-2-Propanediol,11
4.25,D4_1-2-Propanediol,11
4.5,D4_1-2-Propanediol,11
4.75,D4_1-2-Propanediol,11
5.0,D4_1-2-Propanediol,11
5.25,D4_1-2-Propanediol,11
5.5,D4_1-2-Propanediol,11
5.75,D4_1-2-Propanediol,11
6.0,D4_1-2-Propanediol,11
6.25,D4_1-2-Propanediol,11
6.5,D4_1-2-Propanediol,11
6.75,D4_1-2-Propanediol,11
7.0,D4_1-2-Propanediol,11
7.25,D4_1-2-Propanediol,11
7.5,D4_1-2-Propanediol,11
7.75,D4_1-2-Propanediol,11
8.0,D4_1-2-Propanediol,11
8.25,D4_1-2-Propanediol,11
8.5,D4_1-2-Propanediol,11
8.75,D4_1-2-Propanediol,11
9.0,D4_1-2-Propanediol,11
9.25,D4_1-2-Propanediol,11
9.5,D4_1-2-Propanediol,11
9.75,D4_1-2-Propanediol,11
10.0,D4_1-2-Propanediol,11
10.25,D4_1-2-Propanediol,11
10.5,D4_1-2-Propanediol,11
10.75,D4_1-2-Propanediol,11
11.0,D4_1-2-Propanediol,11
11.25,D4_1-2-Propanediol,11
11.5,D4_1-2-Propanediol,11
11.75,D4_1-2-Propanediol,11
12.0,D4_1-2-Propanediol,13
12.25,D4_1-2-Propanediol,11
12.5,D4_1-2-Propanediol,13
12.75,D4_1-2-Propanediol,12
13.0,D4_1-2-Propanediol,11
13.25,D4_1-2-Propanediol,11
13.5,D4_1-2-Propanediol,14
13.75,D4_1-2-Propanediol,11
14.0,D4_1-2-Propanediol,11
14.25,D4_1-2-Propanediol,16
14.5,D4_1-2-Propanediol,11
14.75,D4_1-2-Propanediol,13
15.0,D4_1-2-Propanediol,14
15.25,D4_1-2-Propanediol,11
15.5,D4_1-2-Propanediol,11
15.75,D4_1-2-Propanediol,13
16.0,D4_1-2-Propanediol,11
16.25,D4_1-2-Propanediol,12
16.5,D4_1-2-Propanediol,12
16.75,D4_1-2-Propanediol,11
17.0,D4_1-2-Propanediol,11
17.25,D4_1-2-Propanediol,15
17.5,D4_1-2-Propanediol,13
17.75,D4_1-2-Propanediol,13
18.0,D4_1-2-Propanediol,12
18.25,D4_1-2-Propanediol,14
18.5,D4_1-2-Propanediol,13
18.75,D4_1-2-Propanediol,12
19.0,D4_1-2-Propanediol,11
19.25,D4_1-2-Propanediol,12
19.5,D4_1-2-Propanediol,13
19.75,D4_1-2-Propanediol,11
20.0,D4_1-2-Propanediol,13
20.25,D4_1-2-Propanediol,13
20.5,D4_1-2-Propanediol,15
20.75,D4_1-2-Propanediol,13
21.0,D4_1-2-Propanediol,13
21.25,D4_1-2-Propanediol,13
21.5,D4_1-2-Propanediol,17
21.75,D4_1-2-Propanediol,17
22.0,D4_1-2-Propanediol,11
22.25,D4_1-2-Propanediol,15
22.5,D4_1-2-Propanediol,13
22.75,D4_1-2-Propanediol,11
23.0,D4_1-2-Propanediol,12
23.25,D4_1-2-Propanediol,13
23.5,D4_1-2-Propanediol,14
23.75,D4_1-2-Propanediol,14
24.0,D4_1-2-Propanediol,16
24.25,D4_1-2-Propanediol,14
24.5,D4_1-2-Propanediol,11
24.75,D4_1-2-Propanediol,11
25.0,D4_1-2-Propanediol,15
25.25,D4_1-2-Propanediol,13
25.5,D4_1-2-Propanediol,15
25.75,D4_1-2-Propanediol,11
26.0,D4_1-2-Propanediol,11
26.25,D4_1-2-Propanediol,14
26.5,D4_1-2-Propanediol,13
26.75,D4_1-2-Propanediol,13
27.0,D4_1-2-Propanediol,11
27.25,D4_1-2-Propanediol,13
27.5,D4_1-2-Propanediol,13
27.75,D4_1-2-Propanediol,11
28.0,D4_1-2-Propanediol,13
28.25,D4_1-2-Propanediol,11
28.5,D4_1-2-Propanediol,16
28.75,D4_1-2-Propanediol,14
29.0,D4_1-2-Propanediol,16
29.25,D4_1-2-Propanediol,12
29.5,D4_1-2-Propanediol,11
29.75,D4_1-2-Propanediol,11
30.0,D4_1-2-Propanediol,14
30.25,D4_1-2-Propanediol,12
30.5,D4_1-2-Propanediol,14
30.75,D4_1-2-Propanediol,13
31.0,D4_1-2-Propanediol,15
31.25,D4_1-2-Propanediol,14
31.5,D4_1-2-Propanediol,11
31.75,D4_1-2-Propanediol,14
32.0,D4_1-2-Propanediol,15
32.25,D4_1-2-Propanediol,14
32.5,D4_1-2-Propanediol,15
32.75,D4_1-2-Propanediol,13
33.0,D4_1-2-Propanediol,12
33.25,D4_1-2-Propanediol,11
33.5,D4_1-2-Propanediol,14
33.75,D4_1-2-Propanediol,13
34.0,D4_1-2-Propanediol,12
34.25,D4_1-2-Propanediol,12
34.5,D4_1-2-Propanediol,14
34.75,D4_1-2-Propanediol,11
35.0,D4_1-2-Propanediol,13
35.25,D4_1-2-Propanediol,15
35.5,D4_1-2-Propanediol,11
35.75,D4_1-2-Propanediol,13
36.0,D4_1-2-Propanediol,18
36.25,D4_1-2-Propanediol,15
36.5,D4_1-2-Propanediol,12
36.75,D4_1-2-Propanediol,11
37.0,D4_1-2-Propanediol,12
37.25,D4_1-2-Propanediol,11
37.5,D4_1-2-Propanediol,12
37.75,D4_1-2-Propanediol,16
38.0,D4_1-2-Propanediol,14
38.25,D4_1-2-Propanediol,14
38.5,D4_1-2-Propanediol,11
38.75,D4_1-2-Propanediol,13
39.0,D4_1-2-Propanediol,13
39.25,D4_1-2-Propanediol,14
39.5,D4_1-2-Propanediol,16
39.75,D4_1-2-Propanediol,11
40.0,D4_1-2-Propanediol,18
40.25,D4_1-2-Propanediol,11
40.5,D4_1-2-Propanediol,11
40.75,D4_1-2-Propanediol,17
41.0,D4_1-2-Propanediol,19
41.25,D4_1-2-Propanediol,17
41.5,D4_1-2-Propanediol,16
41.75,D4_1-2-Propanediol,11
42.0,D4_1-2-Propanediol,16
42.25,D4_1-2-Propanediol,12
42.5,D4_1-2-Propanediol,16
42.75,D4_1-2-Propanediol,15
43.0,D4_1-2-Propanediol,15
43.25,D4_1-2-Propanediol,16
43.5,D4_1-2-Propanediol,16
43.75,D4_1-2-Propanediol,16
44.0,D4_1-2-Propanediol,13
44.25,D4_1-2-Propanediol,13
44.5,D4_1-2-Propanediol,11
44.75,D4_1-2-Propanediol,15
45.0,D4_1-2-Propanediol,14
45.25,D4_1-2-Propanediol,16
45.5,D4_1-2-Propanediol,16
45.75,D4_1-2-Propanediol,14
46.0,D4_1-2-Propanediol,15
46.25,D4_1-2-Propanediol,13
46.5,D4_1-2-Propanediol,16
46.75,D4_1-2-Propanediol,12
47.0,D4_1-2-Propanediol,15
47.25,D4_1-2-Propanediol,14
47.5,D4_1-2-Propanediol,14
47.75,D4_1-2-Propanediol,16
48.0,D4_1-2-Propanediol,16
48.25,D4_1-2-Propanediol,17
0.0,D5_Tween_40,11
0.25,D5_Tween_40,11
0.5,D5_Tween_40,11
0.75,D5_Tween_40,11
1.0,D5_Tween_40,11
1.25,D5_Tween_40,11
1.5,D5_Tween_40,11
1.75,D5_Tween_40,11
2.0,D5_Tween_40,11
2.25,D5_Tween_40,11
2.5,D5_Tween_40,11
2.75,D5_Tween_40,11
3.0,D5_Tween_40,11
3.25,D5_Tween_40,11
3.5,D5_Tween_40,11
3.75,D5_Tween_40,11
4.0,D5_Tween_40,11
4.25,D5_Tween_40,11
4.5,D5_Tween_40,11
4.75,D5_Tween_40,11
5.0,D5_Tween_40,11
5.25,D5_Tween_40,11
5.5,D5_Tween_40,11
5.75,D5_Tween_40,11
6.0,D5_Tween_40,11
6.25,D5_Tween_40,11
6.5,D5_Tween_40,11
6.75,D5_Tween_40,11
7.0,D5_Tween_40,11
7.25,D5_Tween_40,11
7.5,D5_Tween_40,11
7.75,D5_Tween_40,11
8.0,D5_Tween_40,11
8.25,D5_Tween_40,11
8.5,D5_Tween_40,11
8.75,D5_Tween_40,11
9.0,D5_Tween_40,11
9.25,D5_Tween_40,11
9.5,D5_Tween_40,11
9.75,D5_Tween_40,11
10.0,D5_Tween_40,14
10.25,D5_Tween_40,11
10.5,D5_Tween_40,11
10.75,D5_Tween_40,11
11.0,D5_Tween_40,11
11.25,D5_Tween_40,17
11.5,D5_Tween_40,16
11.75,D5_Tween_40,14
12.0,D5_Tween_40,11
12.25,D5_Tween_40,12
12.5,D5_Tween_40,15
12.75,D5_Tween_40,16
13.0,D5_Tween_40,11
13.25,D5_Tween_40,17
13.5,D5_Tween_40,12
13.75,D5_Tween_40,14
14.0,D5_Tween_40,17
14.25,D5_Tween_40,15
14.5,D5_Tween_40,16
14.75,D5_Tween_40,14
15.0,D5_Tween_40,17
15.25,D5_Tween_40,15
15.5,D5_Tween_40,16
15.75,D5_Tween_40,17
16.0,D5_Tween_40,18
16.25,D5_Tween_40,18
16.5,D5_Tween_40,19
16.75,D5_Tween_40,17
17.0,D5_Tween_40,21
17.25,D5_Tween_40,18
17.5,D5_Tween_40,17
17.75,D5_Tween_40,21
18.0,D5_Tween_40,18
18.25,D5_Tween_40,20
18.5,D5_Tween_40,21
18.75,D5_Tween_40,19
19.0,D5_Tween_40,16
19.25,D5_Tween_40,19
19.5,D5_Tween_40,19
19.75,D5_Tween_40,19
20.0,D5_Tween_40,21
20.25,D5_Tween_40,21
20.5,D5_Tween_40,20
20.75,D5_Tween_40,18
21.0,D5_Tween_40,21
21.25,D5_Tween_40,19
21.5,D5_Tween_40,23
21.75,D5_Tween_40,24
22.0,D5_Tween_40,21
22.25,D5_Tween_40,21
22.5,D5_Tween_40,24
22.75,D5_Tween_40,23
23.0,D5_Tween_40,23
23.25,D5_Tween_40,19
23.5,D5_Tween_40,26
23.75,D5_Tween_40,25
24.0,D5_Tween_40,18
24.25,D5_Tween_40,26
24.5,D5_Tween_40,24
24.75,D5_Tween_40,22
25.0,D5_Tween_40,25
25.25,D5_Tween_40,23
25.5,D5_Tween_40,27
25.75,D5_Tween_40,24
26.0,D5_Tween_40,25
26.25,D5_Tween_40,20
26.5,D5_Tween_40,18
26.75,D5_Tween_40,26
27.0,D5_Tween_40,26
27.25,D5_Tween_40,23
27.5,D5_Tween_40,22
27.75,D5_Tween_40,25
28.0,D5_Tween_40,24
28.25,D5_Tween_40,26
28.5,D5_Tween_40,27
28.75,D5_Tween_40,25
29.0,D5_Tween_40,27
29.25,D5_Tween_40,28
29.5,D5_Tween_40,24
29.75,D5_Tween_40,28
30.0,D5_Tween_40,25
30.25,D5_Tween_40,24
30.5,D5_Tween_40,27
30.75,D5_Tween_40,28
31.0,D5_Tween_40,29
31.25,D5_Tween_40,25
31.5,D5_Tween_40,29
31.75,D5_Tween_40,28
32.0,D5_Tween_40,30
32.25,D5_Tween_40,30
32.5,D5_Tween_40,30
32.75,D5_Tween_40,27
33.0,D5_Tween_40,29
33.25,D5_Tween_40,27
33.5,D5_Tween_40,28
33.75,D5_Tween_40,28
34.0,D5_Tween_40,31
34.25,D5_Tween_40,32
34.5,D5_Tween_40,29
34.75,D5_Tween_40,29
35.0,D5_Tween_40,25
35.25,D5_Tween_40,30
35.5,D5_Tween_40,31
35.75,D5_Tween_40,29
36.0,D5_Tween_40,32
36.25,D5_Tween_40,33
36.5,D5_Tween_40,31
36.75,D5_Tween_40,29
37.0,D5_Tween_40,32
37.25,D5_Tween_40,34
37.5,D5_Tween_40,29
37.75,D5_Tween_40,32
38.0,D5_Tween_40,31
38.25,D5_Tween_40,33
38.5,D5_Tween_40,29
38.75,D5_Tween_40,32
39.0,D5_Tween_40,35
39.25,D5_Tween_40,34
39.5,D5_Tween_40,28
39.75,D5_Tween_40,36
40.0,D5_Tween_40,35
40.25,D5_Tween_40,32
40.5,D5_Tween_40,34
40.75,D5_Tween_40,36
41.0,D5_Tween_40,39
41.25,D5_Tween_40,34
41.5,D5_Tween_40,40
41.75,D5_Tween_40,37
42.0,D5_Tween_40,36
42.25,D5_Tween_40,37
42.5,D5_Tween_40,38
42.75,D5_Tween_40,39
43.0,D5_Tween_40,38
43.25,D5_Tween_40,41
43.5,D5_Tween_40,34
43.75,D5_Tween_40,36
44.0,D5_Tween_40,37
44.25,D5_Tween_40,41
44.5,D5_Tween_40,37
44.75,D5_Tween_40,37
45.0,D5_Tween_40,34
45.25,D5_Tween_40,38
45.5,D5_Tween_40,42
45.75,D5_Tween_40,43
46.0,D5_Tween_40,42
46.25,D5_Tween_40,41
46.5,D5_Tween_40,42
46.75,D5_Tween_40,39
47.0,D5_Tween_40,39
47.25,D5_Tween_40,40
47.5,D5_Tween_40,42
47.75,D5_Tween_40,39
48.0,D5_Tween_40,41
48.25,D5_Tween_40,42
0.0,D6_a-Keto-Glutaric_Acid,11
0.25,D6_a-Keto-Glutaric_Acid,11
0.5,D6_a-Keto-Glutaric_Acid,11
0.75,D6_a-Keto-Glutaric_Acid,11
1.0,D6_a-Keto-Glutaric_Acid,11
1.25,D6_a-Keto-Glutaric_Acid,11
1.5,D6_a-Keto-Glutaric_Acid,11
1.75,D6_a-Keto-Glutaric_Acid,11
2.0,D6_a-Keto-Glutaric_Acid,11
2.25,D6_a-Keto-Glutaric_Acid,11
2.5,D6_a-Keto-Glutaric_Acid,11
2.75,D6_a-Keto-Glutaric_Acid,11
3.0,D6_a-Keto-Glutaric_Acid,11
3.25,D6_a-Keto-Glutaric_Acid,11
3.5,D6_a-Keto-Glutaric_Acid,11
3.75,D6_a-Keto-Glutaric_Acid,11
4.0,D6_a-Keto-Glutaric_Acid,11
4.25,D6_a-Keto-Glutaric_Acid,11
4.5,D6_a-Keto-Glutaric_Acid,11
4.75,D6_a-Keto-Glutaric_Acid,11
5.0,D6_a-Keto-Glutaric_Acid,11
5.25,D6_a-Keto-Glutaric_Acid,11
5.5,D6_a-Keto-Glutaric_Acid,11
5.75,D6_a-Keto-Glutaric_Acid,11
6.0,D6_a-Keto-Glutaric_Acid,11
6.25,D6_a-Keto-Glutaric_Acid,11
6.5,D6_a-Keto-Glutaric_Acid,11
6.75,D6_a-Keto-Glutaric_Acid,11
7.0,D6_a-Keto-Glutaric_Acid,11
7.25,D6_a-Keto-Glutaric_Acid,11
7.5,D6_a-Keto-Glutaric_Acid,11
7.75,D6_a-Keto-Glutaric_Acid,11
8.0,D6_a-Keto-Glutaric_Acid,11
8.25,D6_a-Keto-Glutaric_Acid,11
8.5,D6_a-Keto-Glutaric_Acid,12
8.75,D6_a-Keto-Glutaric_Acid,11
9.0,D6_a-Keto-Glutaric_Acid,11
9.25,D6_a-Keto-Glutaric_Acid,11
9.5,D6_a-Keto-Glutaric_Acid,11
9.75,D6_a-Keto-Glutaric_Acid,11
10.0,D6_a-Keto-Glutaric_Acid,11
10.25,D6_a-Keto-Glutaric_Acid,11
10.5,D6_a-Keto-Glutaric_Acid,11
10.75,D6_a-Keto-Glutaric_Acid,11
11.0,D6_a-Keto-Glutaric_Acid,11
11.25,D6_a-Keto-Glutaric_Acid,13
11.5,D6_a-Keto-Glutaric_Acid,11
11.75,D6_a-Keto-Glutaric_Acid,11
12.0,D6_a-Keto-Glutaric_Acid,12
12.25,D6_a-Keto-Glutaric_Acid,11
12.5,D6_a-Keto-Glutaric_Acid,11
12.75,D6_a-Keto-Glutaric_Acid,11
13.0,D6_a-Keto-Glutaric_Acid,12
13.25,D6_a-Keto-Glutaric_Acid,15
13.5,D6_a-Keto-Glutaric_Acid,11
13.75,D6_a-Keto-Glutaric_Acid,11
14.0,D6_a-Keto-Glutaric_Acid,12
14.25,D6_a-Keto-Glutaric_Acid,12
14.5,D6_a-Keto-Glutaric_Acid,13
14.75,D6_a-Keto-Glutaric_Acid,12
15.0,D6_a-Keto-Glutaric_Acid,12
15.25,D6_a-Keto-Glutaric_Acid,16
15.5,D6_a-Keto-Glutaric_Acid,15
15.75,D6_a-Keto-Glutaric_Acid,15
16.0,D6_a-Keto-Glutaric_Acid,16
16.25,D6_a-Keto-Glutaric_Acid,19
16.5,D6_a-Keto-Glutaric_Acid,15
16.75,D6_a-Keto-Glutaric_Acid,13
17.0,D6_a-Keto-Glutaric_Acid,16
17.25,D6_a-Keto-Glutaric_Acid,17
17.5,D6_a-Keto-Glutaric_Acid,19
17.75,D6_a-Keto-Glutaric_Acid,16
18.0,D6_a-Keto-Glutaric_Acid,17
18.25,D6_a-Keto-Glutaric_Acid,20
18.5,D6_a-Keto-Glutaric_Acid,18
18.75,D6_a-Keto-Glutaric_Acid,18
19.0,D6_a-Keto-Glutaric_Acid,18
19.25,D6_a-Keto-Glutaric_Acid,18
19.5,D6_a-Keto-Glutaric_Acid,18
19.75,D6_a-Keto-Glutaric_Acid,21
20.0,D6_a-Keto-Glutaric_Acid,21
20.25,D6_a-Keto-Glutaric_Acid,21
20.5,D6_a-Keto-Glutaric_Acid,22
20.75,D6_a-Keto-Glutaric_Acid,22
21.0,D6_a-Keto-Glutaric_Acid,19
21.25,D6_a-Keto-Glutaric_Acid,21
21.5,D6_a-Keto-Glutaric_Acid,20
21.75,D6_a-Keto-Glutaric_Acid,20
22.0,D6_a-Keto-Glutaric_Acid,21
22.25,D6_a-Keto-Glutaric_Acid,21
22.5,D6_a-Keto-Glutaric_Acid,20
22.75,D6_a-Keto-Glutaric_Acid,22
23.0,D6_a-Keto-Glutaric_Acid,23
23.25,D6_a-Keto-Glutaric_Acid,21
23.5,D6_a-Keto-Glutaric_Acid,21
23.75,D6_a-Keto-Glutaric_Acid,25
24.0,D6_a-Keto-Glutaric_Acid,23
24.25,D6_a-Keto-Glutaric_Acid,23
24.5,D6_a-Keto-Glutaric_Acid,20
24.75,D6_a-Keto-Glutaric_Acid,22
25.0,D6_a-Keto-Glutaric_Acid,24
25.25,D6_a-Keto-Glutaric_Acid,29
25.5,D6_a-Keto-Glutaric_Acid,25
25.75,D6_a-Keto-Glutaric_Acid,29
26.0,D6_a-Keto-Glutaric_Acid,25
26.25,D6_a-Keto-Glutaric_Acid,27
26.5,D6_a-Keto-Glutaric_Acid,28
26.75,D6_a-Keto-Glutaric_Acid,29
27.0,D6_a-Keto-Glutaric_Acid,31
27.25,D6_a-Keto-Glutaric_Acid,25
27.5,D6_a-Keto-Glutaric_Acid,29
27.75,D6_a-Keto-Glutaric_Acid,32
28.0,D6_a-Keto-Glutaric_Acid,32
28.25,D6_a-Keto-Glutaric_Acid,29
28.5,D6_a-Keto-Glutaric_Acid,35
28.75,D6_a-Keto-Glutaric_Acid,31
29.0,D6_a-Keto-Glutaric_Acid,31
29.25,D6_a-Keto-Glutaric_Acid,30
29.5,D6_a-Keto-Glutaric_Acid,35
29.75,D6_a-Keto-Glutaric_Acid,34
30.0,D6_a-Keto-Glutaric_Acid,35
30.25,D6_a-Keto-Glutaric_Acid,28
30.5,D6_a-Keto-Glutaric_Acid,35
30.75,D6_a-Keto-Glutaric_Acid,35
31.0,D6_a-Keto-Glutaric_Acid,33
31.25,D6_a-Keto-Glutaric_Acid,35
31.5,D6_a-Keto-Glutaric_Acid,37
31.75,D6_a-Keto-Glutaric_Acid,39
32.0,D6_a-Keto-Glutaric_Acid,37
32.25,D6_a-Keto-Glutaric_Acid,40
32.5,D6_a-Keto-Glutaric_Acid,36
32.75,D6_a-Keto-Glutaric_Acid,36
33.0,D6_a-Keto-Glutaric_Acid,41
33.25,D6_a-Keto-Glutaric_Acid,33
33.5,D6_a-Keto-Glutaric_Acid,40
33.75,D6_a-Keto-Glutaric_Acid,42
34.0,D6_a-Keto-Glutaric_Acid,39
34.25,D6_a-Keto-Glutaric_Acid,39
34.5,D6_a-Keto-Glutaric_Acid,42
34.75,D6_a-Keto-Glutaric_Acid,38
35.0,D6_a-Keto-Glutaric_Acid,37
35.25,D6_a-Keto-Glutaric_Acid,41
35.5,D6_a-Keto-Glutaric_Acid,42
35.75,D6_a-Keto-Glutaric_Acid,44
36.0,D6_a-Keto-Glutaric_Acid,48
36.25,D6_a-Keto-Glutaric_Acid,45
36.5,D6_a-Keto-Glutaric_Acid,43
36.75,D6_a-Keto-Glutaric_Acid,41
37.0,D6_a-Keto-Glutaric_Acid,42
37.25,D6_a-Keto-Glutaric_Acid,43
37.5,D6_a-Keto-Glutaric_Acid,39
37.75,D6_a-Keto-Glutaric_Acid,45
38.0,D6_a-Keto-Glutaric_Acid,47
38.25,D6_a-Keto-Glutaric_Acid,49
38.5,D6_a-Keto-Glutaric_Acid,41
38.75,D6_a-Keto-Glutaric_Acid,49
39.0,D6_a-Keto-Glutaric_Acid,46
39.25,D6_a-Keto-Glutaric_Acid,46
39.5,D6_a-Keto-Glutaric_Acid,46
39.75,D6_a-Keto-Glutaric_Acid,41
40.0,D6_a-Keto-Glutaric_Acid,45
40.25,D6_a-Keto-Glutaric_Acid,47
40.5,D6_a-Keto-Glutaric_Acid,47
40.75,D6_a-Keto-Glutaric_Acid,48
41.0,D6_a-Keto-Glutaric_Acid,52
41.25,D6_a-Keto-Glutaric_Acid,44
41.5,D6_a-Keto-Glutaric_Acid,53
41.75,D6_a-Keto-Glutaric_Acid,49
42.0,D6_a-Keto-Glutaric_Acid,51
42.25,D6_a-Keto-Glutaric_Acid,55
42.5,D6_a-Keto-Glutaric_Acid,50
42.75,D6_a-Keto-Glutaric_Acid,53
43.0,D6_a-Keto-Glutaric_Acid,53
43.25,D6_a-Keto-Glutaric_Acid,48
43.5,D6_a-Keto-Glutaric_Acid,56
43.75,D6_a-Keto-Glutaric_Acid,55
44.0,D6_a-Keto-Glutaric_Acid,58
44.25,D6_a-Keto-Glutaric_Acid,54
44.5,D6_a-Keto-Glutaric_Acid,58
44.75,D6_a-Keto-Glutaric_Acid,54
45.0,D6_a-Keto-Glutaric_Acid,55
45.25,D6_a-Keto-Glutaric_Acid,54
45.5,D6_a-Keto-Glutaric_Acid,57
45.75,D6_a-Keto-Glutaric_Acid,57
46.0,D6_a-Keto-Glutaric_Acid,57
46.25,D6_a-Keto-Glutaric_Acid,57
46.5,D6_a-Keto-Glutaric_Acid,57
46.75,D6_a-Keto-Glutaric_Acid,60
47.0,D6_a-Keto-Glutaric_Acid,61
47.25,D6_a-Keto-Glutaric_Acid,59
47.5,D6_a-Keto-Glutaric_Acid,63
47.75,D6_a-Keto-Glutaric_Acid,62
48.0,D6_a-Keto-Glutaric_Acid,61
48.25,D6_a-Keto-Glutaric_Acid,63
0.0,D7_a-Keto-Butyric_Acid,11
0.25,D7_a-Keto-Butyric_Acid,11
0.5,D7_a-Keto-Butyric_Acid,11
0.75,D7_a-Keto-Butyric_Acid,11
1.0,D7_a-Keto-Butyric_Acid,11
1.25,D7_a-Keto-Butyric_Acid,11
1.5,D7_a-Keto-Butyric_Acid,11
1.75,D7_a-Keto-Butyric_Acid,11
2.0,D7_a-Keto-Butyric_Acid,11
2.25,D7_a-Keto-Butyric_Acid,11
2.5,D7_a-Keto-Butyric_Acid,11
2.75,D7_a-Keto-Butyric_Acid,11
3.0,D7_a-Keto-Butyric_Acid,11
3.25,D7_a-Keto-Butyric_Acid,11
3.5,D7_a-Keto-Butyric_Acid,11
3.75,D7_a-Keto-Butyric_Acid,11
4.0,D7_a-Keto-Butyric_Acid,11
4.25,D7_a-Keto-Butyric_Acid,11
4.5,D7_a-Keto-Butyric_Acid,11
4.75,D7_a-Keto-Butyric_Acid,11
5.0,D7_a-Keto-Butyric_Acid,11
5.25,D7_a-Keto-Butyric_Acid,11
5.5,D7_a-Keto-Butyric_Acid,11
5.75,D7_a-Keto-Butyric_Acid,11
6.0,D7_a-Keto-Butyric_Acid,11
6.25,D7_a-Keto-Butyric_Acid,11
6.5,D7_a-Keto-Butyric_Acid,11
6.75,D7_a-Keto-Butyric_Acid,11
7.0,D7_a-Keto-Butyric_Acid,11
7.25,D7_a-Keto-Butyric_Acid,11
7.5,D7_a-Keto-Butyric_Acid,11
7.75,D7_a-Keto-Butyric_Acid,11
8.0,D7_a-Keto-Butyric_Acid,11
8.25,D7_a-Keto-Butyric_Acid,11
8.5,D7_a-Keto-Butyric_Acid,11
8.75,D7_a-Keto-Butyric_Acid,11
9.0,D7_a-Keto-Butyric_Acid,11
9.25,D7_a-Keto-Butyric_Acid,11
9.5,D7_a-Keto-Butyric_Acid,11
9.75,D7_a-Keto-Butyric_Acid,11
10.0,D7_a-Keto-Butyric_Acid,11
10.25,D7_a-Keto-Butyric_Acid,11
10.5,D7_a-Keto-Butyric_Acid,11
10.75,D7_a-Keto-Butyric_Acid,11
11.0,D7_a-Keto-Butyric_Acid,11
11.25,D7_a-Keto-Butyric_Acid,11
11.5,D7_a-Keto-Butyric_Acid,11
11.75,D7_a-Keto-Butyric_Acid,12
12.0,D7_a-Keto-Butyric_Acid,11
12.25,D7_a-Keto-Butyric_Acid,11
12.5,D7_a-Keto-Butyric_Acid,12
12.75,D7_a-Keto-Butyric_Acid,11
13.0,D7_a-Keto-Butyric_Acid,11
13.25,D7_a-Keto-Butyric_Acid,11
13.5,D7_a-Keto-Butyric_Acid,11
13.75,D7_a-Keto-Butyric_Acid,11
14.0,D7_a-Keto-Butyric_Acid,11
14.25,D7_a-Keto-Butyric_Acid,13
14.5,D7_a-Keto-Butyric_Acid,11
14.75,D7_a-Keto-Butyric_Acid,15
15.0,D7_a-Keto-Butyric_Acid,11
15.25,D7_a-Keto-Butyric_Acid,11
15.5,D7_a-Keto-Butyric_Acid,11
15.75,D7_a-Keto-Butyric_Acid,12
16.0,D7_a-Keto-Butyric_Acid,11
16.25,D7_a-Keto-Butyric_Acid,11
16.5,D7_a-Keto-Butyric_Acid,14
16.75,D7_a-Keto-Butyric_Acid,11
17.0,D7_a-Keto-Butyric_Acid,11
17.25,D7_a-Keto-Butyric_Acid,15
17.5,D7_a-Keto-Butyric_Acid,14
17.75,D7_a-Keto-Butyric_Acid,11
18.0,D7_a-Keto-Butyric_Acid,15
18.25,D7_a-Keto-Butyric_Acid,15
18.5,D7_a-Keto-Butyric_Acid,13
18.75,D7_a-Keto-Butyric_Acid,11
19.0,D7_a-Keto-Butyric_Acid,11
19.25,D7_a-Keto-Butyric_Acid,11
19.5,D7_a-Keto-Butyric_Acid,11
19.75,D7_a-Keto-Butyric_Acid,13
20.0,D7_a-Keto-Butyric_Acid,13
20.25,D7_a-Keto-Butyric_Acid,12
20.5,D7_a-Keto-Butyric_Acid,11
20.75,D7_a-Keto-Butyric_Acid,13
21.0,D7_a-Keto-Butyric_Acid,13
21.25,D7_a-Keto-Butyric_Acid,11
21.5,D7_a-Keto-Butyric_Acid,15
21.75,D7_a-Keto-Butyric_Acid,16
22.0,D7_a-Keto-Butyric_Acid,14
22.25,D7_a-Keto-Butyric_Acid,13
22.5,D7_a-Keto-Butyric_Acid,12
22.75,D7_a-Keto-Butyric_Acid,13
23.0,D7_a-Keto-Butyric_Acid,14
23.25,D7_a-Keto-Butyric_Acid,11
23.5,D7_a-Keto-Butyric_Acid,15
23.75,D7_a-Keto-Butyric_Acid,14
24.0,D7_a-Keto-Butyric_Acid,12
24.25,D7_a-Keto-Butyric_Acid,15
24.5,D7_a-Keto-Butyric_Acid,12
24.75,D7_a-Keto-Butyric_Acid,13
25.0,D7_a-Keto-Butyric_Acid,15
25.25,D7_a-Keto-Butyric_Acid,16
25.5,D7_a-Keto-Butyric_Acid,14
25.75,D7_a-Keto-Butyric_Acid,13
26.0,D7_a-Keto-Butyric_Acid,13
26.25,D7_a-Keto-Butyric_Acid,12
26.5,D7_a-Keto-Butyric_Acid,14
26.75,D7_a-Keto-Butyric_Acid,11
27.0,D7_a-Keto-Butyric_Acid,12
27.25,D7_a-Keto-Butyric_Acid,17
27.5,D7_a-Keto-Butyric_Acid,15
27.75,D7_a-Keto-Butyric_Acid,12
28.0,D7_a-Keto-Butyric_Acid,14
28.25,D7_a-Keto-Butyric_Acid,15
28.5,D7_a-Keto-Butyric_Acid,17
28.75,D7_a-Keto-Butyric_Acid,15
29.0,D7_a-Keto-Butyric_Acid,17
29.25,D7_a-Keto-Butyric_Acid,13
29.5,D7_a-Keto-Butyric_Acid,16
29.75,D7_a-Keto-Butyric_Acid,13
30.0,D7_a-Keto-Butyric_Acid,19
30.25,D7_a-Keto-Butyric_Acid,16
30.5,D7_a-Keto-Butyric_Acid,13
30.75,D7_a-Keto-Butyric_Acid,16
31.0,D7_a-Keto-Butyric_Acid,16
31.25,D7_a-Keto-Butyric_Acid,18
31.5,D7_a-Keto-Butyric_Acid,15
31.75,D7_a-Keto-Butyric_Acid,18
32.0,D7_a-Keto-Butyric_Acid,15
32.25,D7_a-Keto-Butyric_Acid,18
32.5,D7_a-Keto-Butyric_Acid,15
32.75,D7_a-Keto-Butyric_Acid,14
33.0,D7_a-Keto-Butyric_Acid,18
33.25,D7_a-Keto-Butyric_Acid,13
33.5,D7_a-Keto-Butyric_Acid,19
33.75,D7_a-Keto-Butyric_Acid,19
34.0,D7_a-Keto-Butyric_Acid,14
34.25,D7_a-Keto-Butyric_Acid,14
34.5,D7_a-Keto-Butyric_Acid,16
34.75,D7_a-Keto-Butyric_Acid,17
35.0,D7_a-Keto-Butyric_Acid,13
35.25,D7_a-Keto-Butyric_Acid,17
35.5,D7_a-Keto-Butyric_Acid,21
35.75,D7_a-Keto-Butyric_Acid,20
36.0,D7_a-Keto-Butyric_Acid,19
36.25,D7_a-Keto-Butyric_Acid,18
36.5,D7_a-Keto-Butyric_Acid,15
36.75,D7_a-Keto-Butyric_Acid,17
37.0,D7_a-Keto-Butyric_Acid,19
37.25,D7_a-Keto-Butyric_Acid,11
37.5,D7_a-Keto-Butyric_Acid,19
37.75,D7_a-Keto-Butyric_Acid,17
38.0,D7_a-Keto-Butyric_Acid,17
38.25,D7_a-Keto-Butyric_Acid,18
38.5,D7_a-Keto-Butyric_Acid,16
38.75,D7_a-Keto-Butyric_Acid,17
39.0,D7_a-Keto-Butyric_Acid,14
39.25,D7_a-Keto-Butyric_Acid,18
39.5,D7_a-Keto-Butyric_Acid,16
39.75,D7_a-Keto-Butyric_Acid,17
40.0,D7_a-Keto-Butyric_Acid,18
40.25,D7_a-Keto-Butyric_Acid,19
40.5,D7_a-Keto-Butyric_Acid,18
40.75,D7_a-Keto-Butyric_Acid,20
41.0,D7_a-Keto-Butyric_Acid,21
41.25,D7_a-Keto-Butyric_Acid,19
41.5,D7_a-Keto-Butyric_Acid,19
41.75,D7_a-Keto-Butyric_Acid,20
42.0,D7_a-Keto-Butyric_Acid,21
42.25,D7_a-Keto-Butyric_Acid,22
42.5,D7_a-Keto-Butyric_Acid,21
42.75,D7_a-Keto-Butyric_Acid,19
43.0,D7_a-Keto-Butyric_Acid,19
43.25,D7_a-Keto-Butyric_Acid,19
43.5,D7_a-Keto-Butyric_Acid,15
43.75,D7_a-Keto-Butyric_Acid,17
44.0,D7_a-Keto-Butyric_Acid,22
44.25,D7_a-Keto-Butyric_Acid,21
44.5,D7_a-Keto-Butyric_Acid,19
44.75,D7_a-Keto-Butyric_Acid,23
45.0,D7_a-Keto-Butyric_Acid,23
45.25,D7_a-Keto-Butyric_Acid,23
45.5,D7_a-Keto-Butyric_Acid,23
45.75,D7_a-Keto-Butyric_Acid,19
46.0,D7_a-Keto-Butyric_Acid,22
46.25,D7_a-Keto-Butyric_Acid,22
46.5,D7_a-Keto-Butyric_Acid,22
46.75,D7_a-Keto-Butyric_Acid,23
47.0,D7_a-Keto-Butyric_Acid,18
47.25,D7_a-Keto-Butyric_Acid,22
47.5,D7_a-Keto-Butyric_Acid,25
47.75,D7_a-Keto-Butyric_Acid,21
48.0,D7_a-Keto-Butyric_Acid,21
48.25,D7_a-Keto-Butyric_Acid,18
0.0,D8_a-Methyl-D_Galactoside,11
0.25,D8_a-Methyl-D_Galactoside,11
0.5,D8_a-Methyl-D_Galactoside,11
0.75,D8_a-Methyl-D_Galactoside,11
1.0,D8_a-Methyl-D_Galactoside,11
1.25,D8_a-Methyl-D_Galactoside,11
1.5,D8_a-Methyl-D_Galactoside,11
1.75,D8_a-Methyl-D_Galactoside,11
2.0,D8_a-Methyl-D_Galactoside,11
2.25,D8_a-Methyl-D_Galactoside,11
2.5,D8_a-Methyl-D_Galactoside,11
2.75,D8_a-Methyl-D_Galactoside,11
3.0,D8_a-Methyl-D_Galactoside,11
3.25,D8_a-Methyl-D_Galactoside,11
3.5,D8_a-Methyl-D_Galactoside,11
3.75,D8_a-Methyl-D_Galactoside,11
4.0,D8_a-Methyl-D_Galactoside,11
4.25,D8_a-Methyl-D_Galactoside,11
4.5,D8_a-Methyl-D_Galactoside,11
4.75,D8_a-Methyl-D_Galactoside,11
5.0,D8_a-Methyl-D_Galactoside,11
5.25,D8_a-Methyl-D_Galactoside,11
5.5,D8_a-Methyl-D_Galactoside,11
5.75,D8_a-Methyl-D_Galactoside,11
6.0,D8_a-Methyl-D_Galactoside,11
6.25,D8_a-Methyl-D_Galactoside,11
6.5,D8_a-Methyl-D_Galactoside,11
6.75,D8_a-Methyl-D_Galactoside,11
7.0,D8_a-Methyl-D_Galactoside,11
7.25,D8_a-Methyl-D_Galactoside,11
7.5,D8_a-Methyl-D_Galactoside,11
7.75,D8_a-Methyl-D_Galactoside,11
8.0,D8_a-Methyl-D_Galactoside,11
8.25,D8_a-Methyl-D_Galactoside,11
8.5,D8_a-Methyl-D_Galactoside,11
8.75,D8_a-Methyl-D_Galactoside,11
9.0,D8_a-Methyl-D_Galactoside,11
9.25,D8_a-Methyl-D_Galactoside,11
9.5,D8_a-Methyl-D_Galactoside,11
9.75,D8_a-Methyl-D_Galactoside,11
10.0,D8_a-Methyl-D_Galactoside,11
10.25,D8_a-Methyl-D_Galactoside,11
10.5,D8_a-Methyl-D_Galactoside,11
10.75,D8_a-Methyl-D_Galactoside,11
11.0,D8_a-Methyl-D_Galactoside,11
11.25,D8_a-Methyl-D_Galactoside,11
11.5,D8_a-Methyl-D_Galactoside,13
11.75,D8_a-Methyl-D_Galactoside,11
12.0,D8_a-Methyl-D_Galactoside,11
12.25,D8_a-Methyl-D_Galactoside,11
12.5,D8_a-Methyl-D_Galactoside,11
12.75,D8_a-Methyl-D_Galactoside,11
13.0,D8_a-Methyl-D_Galactoside,11
13.25,D8_a-Methyl-D_Galactoside,11
13.5,D8_a-Methyl-D_Galactoside,12
13.75,D8_a-Methyl-D_Galactoside,11
14.0,D8_a-Methyl-D_Galactoside,14
14.25,D8_a-Methyl-D_Galactoside,11
14.5,D8_a-Methyl-D_Galactoside,15
14.75,D8_a-Methyl-D_Galactoside,11
15.0,D8_a-Methyl-D_Galactoside,11
15.25,D8_a-Methyl-D_Galactoside,11
15.5,D8_a-Methyl-D_Galactoside,11
15.75,D8_a-Methyl-D_Galactoside,12
16.0,D8_a-Methyl-D_Galactoside,12
16.25,D8_a-Methyl-D_Galactoside,11
16.5,D8_a-Methyl-D_Galactoside,11
16.75,D8_a-Methyl-D_Galactoside,11
17.0,D8_a-Methyl-D_Galactoside,12
17.25,D8_a-Methyl-D_Galactoside,11
17.5,D8_a-Methyl-D_Galactoside,11
17.75,D8_a-Methyl-D_Galactoside,11
18.0,D8_a-Methyl-D_Galactoside,13
18.25,D8_a-Methyl-D_Galactoside,11
18.5,D8_a-Methyl-D_Galactoside,12
18.75,D8_a-Methyl-D_Galactoside,11
19.0,D8_a-Methyl-D_Galactoside,11
19.25,D8_a-Methyl-D_Galactoside,12
19.5,D8_a-Methyl-D_Galactoside,12
19.75,D8_a-Methyl-D_Galactoside,12
20.0,D8_a-Methyl-D_Galactoside,13
20.25,D8_a-Methyl-D_Galactoside,11
20.5,D8_a-Methyl-D_Galactoside,13
20.75,D8_a-Methyl-D_Galactoside,14
21.0,D8_a-Methyl-D_Galactoside,11
21.25,D8_a-Methyl-D_Galactoside,13
21.5,D8_a-Methyl-D_Galactoside,11
21.75,D8_a-Methyl-D_Galactoside,12
22.0,D8_a-Methyl-D_Galactoside,15
22.25,D8_a-Methyl-D_Galactoside,13
22.5,D8_a-Methyl-D_Galactoside,12
22.75,D8_a-Methyl-D_Galactoside,11
23.0,D8_a-Methyl-D_Galactoside,18
23.25,D8_a-Methyl-D_Galactoside,11
23.5,D8_a-Methyl-D_Galactoside,13
23.75,D8_a-Methyl-D_Galactoside,12
24.0,D8_a-Methyl-D_Galactoside,16
24.25,D8_a-Methyl-D_Galactoside,11
24.5,D8_a-Methyl-D_Galactoside,11
24.75,D8_a-Methyl-D_Galactoside,15
25.0,D8_a-Methyl-D_Galactoside,13
25.25,D8_a-Methyl-D_Galactoside,15
25.5,D8_a-Methyl-D_Galactoside,13
25.75,D8_a-Methyl-D_Galactoside,11
26.0,D8_a-Methyl-D_Galactoside,12
26.25,D8_a-Methyl-D_Galactoside,14
26.5,D8_a-Methyl-D_Galactoside,11
26.75,D8_a-Methyl-D_Galactoside,11
27.0,D8_a-Methyl-D_Galactoside,13
27.25,D8_a-Methyl-D_Galactoside,11
27.5,D8_a-Methyl-D_Galactoside,13
27.75,D8_a-Methyl-D_Galactoside,15
28.0,D8_a-Methyl-D_Galactoside,11
28.25,D8_a-Methyl-D_Galactoside,11
28.5,D8_a-Methyl-D_Galactoside,13
28.75,D8_a-Methyl-D_Galactoside,13
29.0,D8_a-Methyl-D_Galactoside,13
29.25,D8_a-Methyl-D_Galactoside,12
29.5,D8_a-Methyl-D_Galactoside,15
29.75,D8_a-Methyl-D_Galactoside,12
30.0,D8_a-Methyl-D_Galactoside,11
30.25,D8_a-Methyl-D_Galactoside,13
30.5,D8_a-Methyl-D_Galactoside,12
30.75,D8_a-Methyl-D_Galactoside,11
31.0,D8_a-Methyl-D_Galactoside,17
31.25,D8_a-Methyl-D_Galactoside,11
31.5,D8_a-Methyl-D_Galactoside,12
31.75,D8_a-Methyl-D_Galactoside,12
32.0,D8_a-Methyl-D_Galactoside,12
32.25,D8_a-Methyl-D_Galactoside,11
32.5,D8_a-Methyl-D_Galactoside,11
32.75,D8_a-Methyl-D_Galactoside,11
33.0,D8_a-Methyl-D_Galactoside,13
33.25,D8_a-Methyl-D_Galactoside,11
33.5,D8_a-Methyl-D_Galactoside,11
33.75,D8_a-Methyl-D_Galactoside,11
34.0,D8_a-Methyl-D_Galactoside,13
34.25,D8_a-Methyl-D_Galactoside,12
34.5,D8_a-Methyl-D_Galactoside,13
34.75,D8_a-Methyl-D_Galactoside,12
35.0,D8_a-Methyl-D_Galactoside,11
35.25,D8_a-Methyl-D_Galactoside,11
35.5,D8_a-Methyl-D_Galactoside,16
35.75,D8_a-Methyl-D_Galactoside,12
36.0,D8_a-Methyl-D_Galactoside,15
36.25,D8_a-Methyl-D_Galactoside,12
36.5,D8_a-Methyl-D_Galactoside,12
36.75,D8_a-Methyl-D_Galactoside,16
37.0,D8_a-Methyl-D_Galactoside,13
37.25,D8_a-Methyl-D_Galactoside,13
37.5,D8_a-Methyl-D_Galactoside,11
37.75,D8_a-Methyl-D_Galactoside,11
38.0,D8_a-Methyl-D_Galactoside,11
38.25,D8_a-Methyl-D_Galactoside,15
38.5,D8_a-Methyl-D_Galactoside,11
38.75,D8_a-Methyl-D_Galactoside,11
39.0,D8_a-Methyl-D_Galactoside,11
39.25,D8_a-Methyl-D_Galactoside,13
39.5,D8_a-Methyl-D_Galactoside,11
39.75,D8_a-Methyl-D_Galactoside,11
40.0,D8_a-Methyl-D_Galactoside,13
40.25,D8_a-Methyl-D_Galactoside,13
40.5,D8_a-Methyl-D_Galactoside,15
40.75,D8_a-Methyl-D_Galactoside,11
41.0,D8_a-Methyl-D_Galactoside,11
41.25,D8_a-Methyl-D_Galactoside,11
41.5,D8_a-Methyl-D_Galactoside,11
41.75,D8_a-Methyl-D_Galactoside,14
42.0,D8_a-Methyl-D_Galactoside,17
42.25,D8_a-Methyl-D_Galactoside,11
42.5,D8_a-Methyl-D_Galactoside,16
42.75,D8_a-Methyl-D_Galactoside,15
43.0,D8_a-Methyl-D_Galactoside,14
43.25,D8_a-Methyl-D_Galactoside,11
43.5,D8_a-Methyl-D_Galactoside,11
43.75,D8_a-Methyl-D_Galactoside,11
44.0,D8_a-Methyl-D_Galactoside,11
44.25,D8_a-Methyl-D_Galactoside,11
44.5,D8_a-Methyl-D_Galactoside,14
44.75,D8_a-Methyl-D_Galactoside,11
45.0,D8_a-Methyl-D_Galactoside,11
45.25,D8_a-Methyl-D_Galactoside,13
45.5,D8_a-Methyl-D_Galactoside,14
45.75,D8_a-Methyl-D_Galactoside,14
46.0,D8_a-Methyl-D_Galactoside,12
46.25,D8_a-Methyl-D_Galactoside,13
46.5,D8_a-Methyl-D_Galactoside,12
46.75,D8_a-Methyl-D_Galactoside,12
47.0,D8_a-Methyl-D_Galactoside,13
47.25,D8_a-Methyl-D_Galactoside,14
47.5,D8_a-Methyl-D_Galactoside,14
47.75,D8_a-Methyl-D_Galactoside,14
48.0,D8_a-Methyl-D_Galactoside,11
48.25,D8_a-Methyl-D_Galactoside,15
0.0,D9_a-D-Lactose,12
0.25,D9_a-D-Lactose,11
0.5,D9_a-D-Lactose,11
0.75,D9_a-D-Lactose,11
1.0,D9_a-D-Lactose,11
1.25,D9_a-D-Lactose,11
1.5,D9_a-D-Lactose,11
1.75,D9_a-D-Lactose,11
2.0,D9_a-D-Lactose,11
2.25,D9_a-D-Lactose,11
2.5,D9_a-D-Lactose,11
2.75,D9_a-D-Lactose,11
3.0,D9_a-D-Lactose,11
3.25,D9_a-D-Lactose,11
3.5,D9_a-D-Lactose,11
3.75,D9_a-D-Lactose,11
4.0,D9_a-D-Lactose,11
4.25,D9_a-D-Lactose,11
4.5,D9_a-D-Lactose,11
4.75,D9_a-D-Lactose,11
5.0,D9_a-D-Lactose,11
5.25,D9_a-D-Lactose,11
5.5,D9_a-D-Lactose,11
5.75,D9_a-D-Lactose,11
6.0,D9_a-D-Lactose,11
6.25,D9_a-D-Lactose,11
6.5,D9_a-D-Lactose,11
6.75,D9_a-D-Lactose,11
7.0,D9_a-D-Lactose,13
7.25,D9_a-D-Lactose,11
7.5,D9_a-D-Lactose,11
7.75,D9_a-D-Lactose,12
8.0,D9_a-D-Lactose,14
8.25,D9_a-D-Lactose,11
8.5,D9_a-D-Lactose,11
8.75,D9_a-D-Lactose,15
9.0,D9_a-D-Lactose,11
9.25,D9_a-D-Lactose,13
9.5,D9_a-D-Lactose,15
9.75,D9_a-D-Lactose,16
10.0,D9_a-D-Lactose,11
10.25,D9_a-D-Lactose,11
10.5,D9_a-D-Lactose,15
10.75,D9_a-D-Lactose,16
11.0,D9_a-D-Lactose,13
11.25,D9_a-D-Lactose,17
11.5,D9_a-D-Lactose,15
11.75,D9_a-D-Lactose,17
12.0,D9_a-D-Lactose,13
12.25,D9_a-D-Lactose,13
12.5,D9_a-D-Lactose,16
12.75,D9_a-D-Lactose,15
13.0,D9_a-D-Lactose,15
13.25,D9_a-D-Lactose,18
13.5,D9_a-D-Lactose,19
13.75,D9_a-D-Lactose,18
14.0,D9_a-D-Lactose,15
14.25,D9_a-D-Lactose,15
14.5,D9_a-D-Lactose,17
14.75,D9_a-D-Lactose,15
15.0,D9_a-D-Lactose,12
15.25,D9_a-D-Lactose,14
15.5,D9_a-D-Lactose,14
15.75,D9_a-D-Lactose,15
16.0,D9_a-D-Lactose,16
16.25,D9_a-D-Lactose,14
16.5,D9_a-D-Lactose,17
16.75,D9_a-D-Lactose,15
17.0,D9_a-D-Lactose,15
17.25,D9_a-D-Lactose,19
17.5,D9_a-D-Lactose,16
17.75,D9_a-D-Lactose,16
18.0,D9_a-D-Lactose,18
18.25,D9_a-D-Lactose,16
18.5,D9_a-D-Lactose,15
18.75,D9_a-D-Lactose,16
19.0,D9_a-D-Lactose,18
19.25,D9_a-D-Lactose,15
19.5,D9_a-D-Lactose,18
19.75,D9_a-D-Lactose,17
20.0,D9_a-D-Lactose,15
20.25,D9_a-D-Lactose,17
20.5,D9_a-D-Lactose,19
20.75,D9_a-D-Lactose,18
21.0,D9_a-D-Lactose,18
21.25,D9_a-D-Lactose,16
21.5,D9_a-D-Lactose,17
21.75,D9_a-D-Lactose,19
22.0,D9_a-D-Lactose,16
22.25,D9_a-D-Lactose,16
22.5,D9_a-D-Lactose,16
22.75,D9_a-D-Lactose,15
23.0,D9_a-D-Lactose,16
23.25,D9_a-D-Lactose,13
23.5,D9_a-D-Lactose,18
23.75,D9_a-D-Lactose,19
24.0,D9_a-D-Lactose,17
24.25,D9_a-D-Lactose,17
24.5,D9_a-D-Lactose,14
24.75,D9_a-D-Lactose,17
25.0,D9_a-D-Lactose,17
25.25,D9_a-D-Lactose,17
25.5,D9_a-D-Lactose,16
25.75,D9_a-D-Lactose,19
26.0,D9_a-D-Lactose,15
26.25,D9_a-D-Lactose,17
26.5,D9_a-D-Lactose,16
26.75,D9_a-D-Lactose,15
27.0,D9_a-D-Lactose,17
27.25,D9_a-D-Lactose,17
27.5,D9_a-D-Lactose,20
27.75,D9_a-D-Lactose,18
28.0,D9_a-D-Lactose,17
28.25,D9_a-D-Lactose,17
28.5,D9_a-D-Lactose,19
28.75,D9_a-D-Lactose,18
29.0,D9_a-D-Lactose,18
29.25,D9_a-D-Lactose,19
29.5,D9_a-D-Lactose,19
29.75,D9_a-D-Lactose,21
30.0,D9_a-D-Lactose,15
30.25,D9_a-D-Lactose,16
30.5,D9_a-D-Lactose,20
30.75,D9_a-D-Lactose,18
31.0,D9_a-D-Lactose,12
31.25,D9_a-D-Lactose,19
31.5,D9_a-D-Lactose,14
31.75,D9_a-D-Lactose,19
32.0,D9_a-D-Lactose,17
32.25,D9_a-D-Lactose,15
32.5,D9_a-D-Lactose,19
32.75,D9_a-D-Lactose,18
33.0,D9_a-D-Lactose,21
33.25,D9_a-D-Lactose,12
33.5,D9_a-D-Lactose,15
33.75,D9_a-D-Lactose,17
34.0,D9_a-D-Lactose,15
34.25,D9_a-D-Lactose,14
34.5,D9_a-D-Lactose,16
34.75,D9_a-D-Lactose,14
35.0,D9_a-D-Lactose,16
35.25,D9_a-D-Lactose,13
35.5,D9_a-D-Lactose,15
35.75,D9_a-D-Lactose,17
36.0,D9_a-D-Lactose,18
36.25,D9_a-D-Lactose,17
36.5,D9_a-D-Lactose,16
36.75,D9_a-D-Lactose,19
37.0,D9_a-D-Lactose,19
37.25,D9_a-D-Lactose,18
37.5,D9_a-D-Lactose,16
37.75,D9_a-D-Lactose,19
38.0,D9_a-D-Lactose,17
38.25,D9_a-D-Lactose,17
38.5,D9_a-D-Lactose,13
38.75,D9_a-D-Lactose,17
39.0,D9_a-D-Lactose,16
39.25,D9_a-D-Lactose,16
39.5,D9_a-D-Lactose,15
39.75,D9_a-D-Lactose,17
40.0,D9_a-D-Lactose,17
40.25,D9_a-D-Lactose,19
40.5,D9_a-D-Lactose,15
40.75,D9_a-D-Lactose,17
41.0,D9_a-D-Lactose,18
41.25,D9_a-D-Lactose,15
41.5,D9_a-D-Lactose,19
41.75,D9_a-D-Lactose,18
42.0,D9_a-D-Lactose,19
42.25,D9_a-D-Lactose,18
42.5,D9_a-D-Lactose,17
42.75,D9_a-D-Lactose,17
43.0,D9_a-D-Lactose,20
43.25,D9_a-D-Lactose,16
43.5,D9_a-D-Lactose,19
43.75,D9_a-D-Lactose,18
44.0,D9_a-D-Lactose,15
44.25,D9_a-D-Lactose,17
44.5,D9_a-D-Lactose,19
44.75,D9_a-D-Lactose,20
45.0,D9_a-D-Lactose,14
45.25,D9_a-D-Lactose,13
45.5,D9_a-D-Lactose,20
45.75,D9_a-D-Lactose,19
46.0,D9_a-D-Lactose,16
46.25,D9_a-D-Lactose,20
46.5,D9_a-D-Lactose,17
46.75,D9_a-D-Lactose,18
47.0,D9_a-D-Lactose,16
47.25,D9_a-D-Lactose,18
47.5,D9_a-D-Lactose,19
47.75,D9_a-D-Lactose,13
48.0,D9_a-D-Lactose,16
48.25,D9_a-D-Lactose,22
0.0,D10_Lactulose,15
0.25,D10_Lactulose,13
0.5,D10_Lactulose,12
0.75,D10_Lactulose,14
1.0,D10_Lactulose,16
1.25,D10_Lactulose,14
1.5,D10_Lactulose,16
1.75,D10_Lactulose,17
2.0,D10_Lactulose,18
2.25,D10_Lactulose,14
2.5,D10_Lactulose,17
2.75,D10_Lactulose,15
3.0,D10_Lactulose,14
3.25,D10_Lactulose,17
3.5,D10_Lactulose,19
3.75,D10_Lactulose,17
4.0,D10_Lactulose,19
4.25,D10_Lactulose,15
4.5,D10_Lactulose,14
4.75,D10_Lactulose,13
5.0,D10_Lactulose,14
5.25,D10_Lactulose,16
5.5,D10_Lactulose,16
5.75,D10_Lactulose,16
6.0,D10_Lactulose,14
6.25,D10_Lactulose,19
6.5,D10_Lactulose,18
6.75,D10_Lactulose,20
7.0,D10_Lactulose,21
7.25,D10_Lactulose,19
7.5,D10_Lactulose,20
7.75,D10_Lactulose,19
8.0,D10_Lactulose,19
8.25,D10_Lactulose,18
8.5,D10_Lactulose,18
8.75,D10_Lactulose,20
9.0,D10_Lactulose,21
9.25,D10_Lactulose,20
9.5,D10_Lactulose,23
9.75,D10_Lactulose,22
10.0,D10_Lactulose,18
10.25,D10_Lactulose,19
10.5,D10_Lactulose,17
10.75,D10_Lactulose,21
11.0,D10_Lactulose,26
11.25,D10_Lactulose,19
11.5,D10_Lactulose,23
11.75,D10_Lactulose,22
12.0,D10_Lactulose,25
12.25,D10_Lactulose,24
12.5,D10_Lactulose,21
12.75,D10_Lactulose,21
13.0,D10_Lactulose,24
13.25,D10_Lactulose,26
13.5,D10_Lactulose,26
13.75,D10_Lactulose,21
14.0,D10_Lactulose,24
14.25,D10_Lactulose,26
14.5,D10_Lactulose,20
14.75,D10_Lactulose,22
15.0,D10_Lactulose,23
15.25,D10_Lactulose,21
15.5,D10_Lactulose,20
15.75,D10_Lactulose,25
16.0,D10_Lactulose,21
16.25,D10_Lactulose,24
16.5,D10_Lactulose,20
16.75,D10_Lactulose,17
17.0,D10_Lactulose,24
17.25,D10_Lactulose,24
17.5,D10_Lactulose,25
17.75,D10_Lactulose,27
18.0,D10_Lactulose,23
18.25,D10_Lactulose,26
18.5,D10_Lactulose,21
18.75,D10_Lactulose,24
19.0,D10_Lactulose,22
19.25,D10_Lactulose,26
19.5,D10_Lactulose,26
19.75,D10_Lactulose,27
20.0,D10_Lactulose,29
20.25,D10_Lactulose,23
20.5,D10_Lactulose,30
20.75,D10_Lactulose,29
21.0,D10_Lactulose,26
21.25,D10_Lactulose,26
21.5,D10_Lactulose,26
21.75,D10_Lactulose,26
22.0,D10_Lactulose,29
22.25,D10_Lactulose,28
22.5,D10_Lactulose,27
22.75,D10_Lactulose,25
23.0,D10_Lactulose,21
23.25,D10_Lactulose,24
23.5,D10_Lactulose,28
23.75,D10_Lactulose,27
24.0,D10_Lactulose,24
24.25,D10_Lactulose,30
24.5,D10_Lactulose,24
24.75,D10_Lactulose,27
25.0,D10_Lactulose,21
25.25,D10_Lactulose,26
25.5,D10_Lactulose,25
25.75,D10_Lactulose,23
26.0,D10_Lactulose,24
26.25,D10_Lactulose,28
26.5,D10_Lactulose,25
26.75,D10_Lactulose,25
27.0,D10_Lactulose,24
27.25,D10_Lactulose,23
27.5,D10_Lactulose,25
27.75,D10_Lactulose,26
28.0,D10_Lactulose,26
28.25,D10_Lactulose,23
28.5,D10_Lactulose,22
28.75,D10_Lactulose,23
29.0,D10_Lactulose,23
29.25,D10_Lactulose,24
29.5,D10_Lactulose,21
29.75,D10_Lactulose,22
30.0,D10_Lactulose,24
30.25,D10_Lactulose,22
30.5,D10_Lactulose,22
30.75,D10_Lactulose,24
31.0,D10_Lactulose,23
31.25,D10_Lactulose,23
31.5,D10_Lactulose,24
31.75,D10_Lactulose,28
32.0,D10_Lactulose,25
32.25,D10_Lactulose,27
32.5,D10_Lactulose,23
32.75,D10_Lactulose,22
33.0,D10_Lactulose,26
33.25,D10_Lactulose,26
33.5,D10_Lactulose,23
33.75,D10_Lactulose,29
34.0,D10_Lactulose,26
34.25,D10_Lactulose,25
34.5,D10_Lactulose,22
34.75,D10_Lactulose,23
35.0,D10_Lactulose,25
35.25,D10_Lactulose,23
35.5,D10_Lactulose,22
35.75,D10_Lactulose,25
36.0,D10_Lactulose,26
36.25,D10_Lactulose,28
36.5,D10_Lactulose,25
36.75,D10_Lactulose,26
37.0,D10_Lactulose,22
37.25,D10_Lactulose,26
37.5,D10_Lactulose,27
37.75,D10_Lactulose,24
38.0,D10_Lactulose,24
38.25,D10_Lactulose,21
38.5,D10_Lactulose,21
38.75,D10_Lactulose,24
39.0,D10_Lactulose,24
39.25,D10_Lactulose,18
39.5,D10_Lactulose,25
39.75,D10_Lactulose,28
40.0,D10_Lactulose,25
40.25,D10_Lactulose,23
40.5,D10_Lactulose,22
40.75,D10_Lactulose,29
41.0,D10_Lactulose,24
41.25,D10_Lactulose,24
41.5,D10_Lactulose,24
41.75,D10_Lactulose,29
42.0,D10_Lactulose,25
42.25,D10_Lactulose,26
42.5,D10_Lactulose,34
42.75,D10_Lactulose,26
43.0,D10_Lactulose,27
43.25,D10_Lactulose,24
43.5,D10_Lactulose,29
43.75,D10_Lactulose,25
44.0,D10_Lactulose,28
44.25,D10_Lactulose,24
44.5,D10_Lactulose,24
44.75,D10_Lactulose,25
45.0,D10_Lactulose,25
45.25,D10_Lactulose,26
45.5,D10_Lactulose,28
45.75,D10_Lactulose,24
46.0,D10_Lactulose,30
46.25,D10_Lactulose,27
46.5,D10_Lactulose,27
46.75,D10_Lactulose,23
47.0,D10_Lactulose,24
47.25,D10_Lactulose,23
47.5,D10_Lactulose,24
47.75,D10_Lactulose,26
48.0,D10_Lactulose,23
48.25,D10_Lactulose,27
0.0,D11_Sucrose,11
0.25,D11_Sucrose,11
0.5,D11_Sucrose,12
0.75,D11_Sucrose,11
1.0,D11_Sucrose,12
1.25,D11_Sucrose,14
1.5,D11_Sucrose,11
1.75,D11_Sucrose,12
2.0,D11_Sucrose,13
2.25,D11_Sucrose,11
2.5,D11_Sucrose,15
2.75,D11_Sucrose,11
3.0,D11_Sucrose,12
3.25,D11_Sucrose,11
3.5,D11_Sucrose,14
3.75,D11_Sucrose,15
4.0,D11_Sucrose,14
4.25,D11_Sucrose,12
4.5,D11_Sucrose,16
4.75,D11_Sucrose,11
5.0,D11_Sucrose,14
5.25,D11_Sucrose,13
5.5,D11_Sucrose,16
5.75,D11_Sucrose,16
6.0,D11_Sucrose,12
6.25,D11_Sucrose,11
6.5,D11_Sucrose,13
6.75,D11_Sucrose,18
7.0,D11_Sucrose,14
7.25,D11_Sucrose,17
7.5,D11_Sucrose,14
7.75,D11_Sucrose,15
8.0,D11_Sucrose,13
8.25,D11_Sucrose,16
8.5,D11_Sucrose,17
8.75,D11_Sucrose,17
9.0,D11_Sucrose,15
9.25,D11_Sucrose,19
9.5,D11_Sucrose,17
9.75,D11_Sucrose,17
10.0,D11_Sucrose,14
10.25,D11_Sucrose,19
10.5,D11_Sucrose,18
10.75,D11_Sucrose,20
11.0,D11_Sucrose,20
11.25,D11_Sucrose,21
11.5,D11_Sucrose,18
11.75,D11_Sucrose,21
12.0,D11_Sucrose,21
12.25,D11_Sucrose,25
12.5,D11_Sucrose,22
12.75,D11_Sucrose,23
13.0,D11_Sucrose,23
13.25,D11_Sucrose,22
13.5,D11_Sucrose,24
13.75,D11_Sucrose,18
14.0,D11_Sucrose,22
14.25,D11_Sucrose,26
14.5,D11_Sucrose,22
14.75,D11_Sucrose,22
15.0,D11_Sucrose,24
15.25,D11_Sucrose,23
15.5,D11_Sucrose,25
15.75,D11_Sucrose,24
16.0,D11_Sucrose,21
16.25,D11_Sucrose,24
16.5,D11_Sucrose,24
16.75,D11_Sucrose,24
17.0,D11_Sucrose,24
17.25,D11_Sucrose,21
17.5,D11_Sucrose,21
17.75,D11_Sucrose,26
18.0,D11_Sucrose,24
18.25,D11_Sucrose,25
18.5,D11_Sucrose,27
18.75,D11_Sucrose,26
19.0,D11_Sucrose,23
19.25,D11_Sucrose,22
19.5,D11_Sucrose,21
19.75,D11_Sucrose,21
20.0,D11_Sucrose,24
20.25,D11_Sucrose,26
20.5,D11_Sucrose,29
20.75,D11_Sucrose,25
21.0,D11_Sucrose,30
21.25,D11_Sucrose,24
21.5,D11_Sucrose,25
21.75,D11_Sucrose,23
22.0,D11_Sucrose,26
22.25,D11_Sucrose,26
22.5,D11_Sucrose,24
22.75,D11_Sucrose,24
23.0,D11_Sucrose,26
23.25,D11_Sucrose,29
23.5,D11_Sucrose,25
23.75,D11_Sucrose,23
24.0,D11_Sucrose,25
24.25,D11_Sucrose,23
24.5,D11_Sucrose,27
24.75,D11_Sucrose,21
25.0,D11_Sucrose,28
25.25,D11_Sucrose,24
25.5,D11_Sucrose,27
25.75,D11_Sucrose,27
26.0,D11_Sucrose,24
26.25,D11_Sucrose,30
26.5,D11_Sucrose,26
26.75,D11_Sucrose,24
27.0,D11_Sucrose,26
27.25,D11_Sucrose,23
27.5,D11_Sucrose,26
27.75,D11_Sucrose,24
28.0,D11_Sucrose,29
28.25,D11_Sucrose,25
28.5,D11_Sucrose,29
28.75,D11_Sucrose,22
29.0,D11_Sucrose,26
29.25,D11_Sucrose,28
29.5,D11_Sucrose,21
29.75,D11_Sucrose,23
30.0,D11_Sucrose,25
30.25,D11_Sucrose,24
30.5,D11_Sucrose,29
30.75,D11_Sucrose,24
31.0,D11_Sucrose,20
31.25,D11_Sucrose,27
31.5,D11_Sucrose,26
31.75,D11_Sucrose,26
32.0,D11_Sucrose,26
32.25,D11_Sucrose,24
32.5,D11_Sucrose,24
32.75,D11_Sucrose,24
33.0,D11_Sucrose,25
33.25,D11_Sucrose,25
33.5,D11_Sucrose,25
33.75,D11_Sucrose,28
34.0,D11_Sucrose,21
34.25,D11_Sucrose,23
34.5,D11_Sucrose,28
34.75,D11_Sucrose,23
35.0,D11_Sucrose,25
35.25,D11_Sucrose,23
35.5,D11_Sucrose,26
35.75,D11_Sucrose,23
36.0,D11_Sucrose,21
36.25,D11_Sucrose,26
36.5,D11_Sucrose,24
36.75,D11_Sucrose,18
37.0,D11_Sucrose,18
37.25,D11_Sucrose,28
37.5,D11_Sucrose,22
37.75,D11_Sucrose,27
38.0,D11_Sucrose,20
38.25,D11_Sucrose,19
38.5,D11_Sucrose,23
38.75,D11_Sucrose,26
39.0,D11_Sucrose,23
39.25,D11_Sucrose,22
39.5,D11_Sucrose,20
39.75,D11_Sucrose,25
40.0,D11_Sucrose,27
40.25,D11_Sucrose,18
40.5,D11_Sucrose,28
40.75,D11_Sucrose,25
41.0,D11_Sucrose,22
41.25,D11_Sucrose,21
41.5,D11_Sucrose,24
41.75,D11_Sucrose,22
42.0,D11_Sucrose,24
42.25,D11_Sucrose,26
42.5,D11_Sucrose,25
42.75,D11_Sucrose,31
43.0,D11_Sucrose,25
43.25,D11_Sucrose,23
43.5,D11_Sucrose,25
43.75,D11_Sucrose,25
44.0,D11_Sucrose,23
44.25,D11_Sucrose,19
44.5,D11_Sucrose,23
44.75,D11_Sucrose,21
45.0,D11_Sucrose,24
45.25,D11_Sucrose,22
45.5,D11_Sucrose,25
45.75,D11_Sucrose,21
46.0,D11_Sucrose,25
46.25,D11_Sucrose,24
46.5,D11_Sucrose,29
46.75,D11_Sucrose,26
47.0,D11_Sucrose,21
47.25,D11_Sucrose,27
47.5,D11_Sucrose,27
47.75,D11_Sucrose,22
48.0,D11_Sucrose,23
48.25,D11_Sucrose,22
0.0,D12_Uridine,23
0.25,D12_Uridine,20
0.5,D12_Uridine,15
0.75,D12_Uridine,18
1.0,D12_Uridine,18
1.25,D12_Uridine,18
1.5,D12_Uridine,19
1.75,D12_Uridine,19
2.0,D12_Uridine,22
2.25,D12_Uridine,16
2.5,D12_Uridine,17
2.75,D12_Uridine,19
3.0,D12_Uridine,21
3.25,D12_Uridine,17
3.5,D12_Uridine,19
3.75,D12_Uridine,16
4.0,D12_Uridine,24
4.25,D12_Uridine,20
4.5,D12_Uridine,18
4.75,D12_Uridine,18
5.0,D12_Uridine,20
5.25,D12_Uridine,15
5.5,D12_Uridine,16
5.75,D12_Uridine,16
6.0,D12_Uridine,14
6.25,D12_Uridine,20
6.5,D12_Uridine,17
6.75,D12_Uridine,18
7.0,D12_Uridine,19
7.25,D12_Uridine,15
7.5,D12_Uridine,19
7.75,D12_Uridine,20
8.0,D12_Uridine,23
8.25,D12_Uridine,21
8.5,D12_Uridine,19
8.75,D12_Uridine,17
9.0,D12_Uridine,20
9.25,D12_Uridine,17
9.5,D12_Uridine,17
9.75,D12_Uridine,20
10.0,D12_Uridine,20
10.25,D12_Uridine,16
10.5,D12_Uridine,18
10.75,D12_Uridine,23
11.0,D12_Uridine,17
11.25,D12_Uridine,17
11.5,D12_Uridine,21
11.75,D12_Uridine,23
12.0,D12_Uridine,21
12.25,D12_Uridine,23
12.5,D12_Uridine,22
12.75,D12_Uridine,22
13.0,D12_Uridine,21
13.25,D12_Uridine,21
13.5,D12_Uridine,24
13.75,D12_Uridine,23
14.0,D12_Uridine,21
14.25,D12_Uridine,26
14.5,D12_Uridine,26
14.75,D12_Uridine,23
15.0,D12_Uridine,24
15.25,D12_Uridine,22
15.5,D12_Uridine,21
15.75,D12_Uridine,20
16.0,D12_Uridine,22
16.25,D12_Uridine,23
16.5,D12_Uridine,24
16.75,D12_Uridine,22
17.0,D12_Uridine,26
17.25,D12_Uridine,25
17.5,D12_Uridine,25
17.75,D12_Uridine,23
18.0,D12_Uridine,22
18.25,D12_Uridine,23
18.5,D12_Uridine,25
18.75,D12_Uridine,21
19.0,D12_Uridine,22
19.25,D12_Uridine,27
19.5,D12_Uridine,23
19.75,D12_Uridine,23
20.0,D12_Uridine,28
20.25,D12_Uridine,28
20.5,D12_Uridine,24
20.75,D12_Uridine,24
21.0,D12_Uridine,21
21.25,D12_Uridine,21
21.5,D12_Uridine,23
21.75,D12_Uridine,21
22.0,D12_Uridine,20
22.25,D12_Uridine,23
22.5,D12_Uridine,25
22.75,D12_Uridine,22
23.0,D12_Uridine,22
23.25,D12_Uridine,22
23.5,D12_Uridine,26
23.75,D12_Uridine,27
24.0,D12_Uridine,24
24.25,D12_Uridine,24
24.5,D12_Uridine,24
24.75,D12_Uridine,22
25.0,D12_Uridine,24
25.25,D12_Uridine,22
25.5,D12_Uridine,26
25.75,D12_Uridine,25
26.0,D12_Uridine,24
26.25,D12_Uridine,23
26.5,D12_Uridine,23
26.75,D12_Uridine,19
27.0,D12_Uridine,21
27.25,D12_Uridine,24
27.5,D12_Uridine,19
27.75,D12_Uridine,22
28.0,D12_Uridine,24
28.25,D12_Uridine,23
28.5,D12_Uridine,24
28.75,D12_Uridine,24
29.0,D12_Uridine,25
29.25,D12_Uridine,23
29.5,D12_Uridine,23
29.75,D12_Uridine,21
30.0,D12_Uridine,20
30.25,D12_Uridine,18
30.5,D12_Uridine,28
30.75,D12_Uridine,24
31.0,D12_Uridine,25
31.25,D12_Uridine,28
31.5,D12_Uridine,26
31.75,D12_Uridine,26
32.0,D12_Uridine,23
32.25,D12_Uridine,27
32.5,D12_Uridine,24
32.75,D12_Uridine,23
33.0,D12_Uridine,24
33.25,D12_Uridine,22
33.5,D12_Uridine,22
33.75,D12_Uridine,23
34.0,D12_Uridine,27
34.25,D12_Uridine,27
34.5,D12_Uridine,23
34.75,D12_Uridine,23
35.0,D12_Uridine,24
35.25,D12_Uridine,21
35.5,D12_Uridine,27
35.75,D12_Uridine,22
36.0,D12_Uridine,24
36.25,D12_Uridine,20
36.5,D12_Uridine,26
36.75,D12_Uridine,21
37.0,D12_Uridine,19
37.25,D12_Uridine,20
37.5,D12_Uridine,25
37.75,D12_Uridine,26
38.0,D12_Uridine,26
38.25,D12_Uridine,25
38.5,D12_Uridine,25
38.75,D12_Uridine,25
39.0,D12_Uridine,23
39.25,D12_Uridine,19
39.5,D12_Uridine,20
39.75,D12_Uridine,18
40.0,D12_Uridine,21
40.25,D12_Uridine,20
40.5,D12_Uridine,21
40.75,D12_Uridine,20
41.0,D12_Uridine,23
41.25,D12_Uridine,22
41.5,D12_Uridine,22
41.75,D12_Uridine,25
42.0,D12_Uridine,25
42.25,D12_Uridine,20
42.5,D12_Uridine,23
42.75,D12_Uridine,25
43.0,D12_Uridine,23
43.25,D12_Uridine,24
43.5,D12_Uridine,24
43.75,D12_Uridine,22
44.0,D12_Uridine,24
44.25,D12_Uridine,21
44.5,D12_Uridine,25
44.75,D12_Uridine,21
45.0,D12_Uridine,21
45.25,D12_Uridine,23
45.5,D12_Uridine,23
45.75,D12_Uridine,23
46.0,D12_Uridine,23
46.25,D12_Uridine,26
46.5,D12_Uridine,25
46.75,D12_Uridine,26
47.0,D12_Uridine,25
47.25,D12_Uridine,24
47.5,D12_Uridine,27
47.75,D12_Uridine,27
48.0,D12_Uridine,26
48.25,D12_Uridine,29
0.0,E1_L-Glutamine,20
0.25,E1_L-Glutamine,18
0.5,E1_L-Glutamine,12
0.75,E1_L-Glutamine,17
1.0,E1_L-Glutamine,16
1.25,E1_L-Glutamine,18
1.5,E1_L-Glutamine,14
1.75,E1_L-Glutamine,15
2.0,E1_L-Glutamine,14
2.25,E1_L-Glutamine,15
2.5,E1_L-Glutamine,15
2.75,E1_L-Glutamine,14
3.0,E1_L-Glutamine,17
3.25,E1_L-Glutamine,11
3.5,E1_L-Glutamine,13
3.75,E1_L-Glutamine,11
4.0,E1_L-Glutamine,15
4.25,E1_L-Glutamine,18
4.5,E1_L-Glutamine,15
4.75,E1_L-Glutamine,17
5.0,E1_L-Glutamine,17
5.25,E1_L-Glutamine,15
5.5,E1_L-Glutamine,16
5.75,E1_L-Glutamine,16
6.0,E1_L-Glutamine,20
6.25,E1_L-Glutamine,17
6.5,E1_L-Glutamine,14
6.75,E1_L-Glutamine,15
7.0,E1_L-Glutamine,19
7.25,E1_L-Glutamine,19
7.5,E1_L-Glutamine,13
7.75,E1_L-Glutamine,14
8.0,E1_L-Glutamine,19
8.25,E1_L-Glutamine,19
8.5,E1_L-Glutamine,15
8.75,E1_L-Glutamine,18
9.0,E1_L-Glutamine,15
9.25,E1_L-Glutamine,16
9.5,E1_L-Glutamine,17
9.75,E1_L-Glutamine,15
10.0,E1_L-Glutamine,20
10.25,E1_L-Glutamine,20
10.5,E1_L-Glutamine,14
10.75,E1_L-Glutamine,18
11.0,E1_L-Glutamine,19
11.25,E1_L-Glutamine,19
11.5,E1_L-Glutamine,19
11.75,E1_L-Glutamine,24
12.0,E1_L-Glutamine,17
12.25,E1_L-Glutamine,23
12.5,E1_L-Glutamine,25
12.75,E1_L-Glutamine,22
13.0,E1_L-Glutamine,17
13.25,E1_L-Glutamine,23
13.5,E1_L-Glutamine,27
13.75,E1_L-Glutamine,27
14.0,E1_L-Glutamine,22
14.25,E1_L-Glutamine,24
14.5,E1_L-Glutamine,21
14.75,E1_L-Glutamine,24
15.0,E1_L-Glutamine,22
15.25,E1_L-Glutamine,23
15.5,E1_L-Glutamine,23
15.75,E1_L-Glutamine,22
16.0,E1_L-Glutamine,23
16.25,E1_L-Glutamine,22
16.5,E1_L-Glutamine,23
16.75,E1_L-Glutamine,21
17.0,E1_L-Glutamine,25
17.25,E1_L-Glutamine,25
17.5,E1_L-Glutamine,23
17.75,E1_L-Glutamine,21
18.0,E1_L-Glutamine,23
18.25,E1_L-Glutamine,27
18.5,E1_L-Glutamine,26
18.75,E1_L-Glutamine,25
19.0,E1_L-Glutamine,23
19.25,E1_L-Glutamine,26
19.5,E1_L-Glutamine,24
19.75,E1_L-Glutamine,23
20.0,E1_L-Glutamine,27
20.25,E1_L-Glutamine,28
20.5,E1_L-Glutamine,26
20.75,E1_L-Glutamine,24
21.0,E1_L-Glutamine,27
21.25,E1_L-Glutamine,28
21.5,E1_L-Glutamine,25
21.75,E1_L-Glutamine,28
22.0,E1_L-Glutamine,28
22.25,E1_L-Glutamine,30
22.5,E1_L-Glutamine,29
22.75,E1_L-Glutamine,32
23.0,E1_L-Glutamine,25
23.25,E1_L-Glutamine,26
23.5,E1_L-Glutamine,33
23.75,E1_L-Glutamine,29
24.0,E1_L-Glutamine,30
24.25,E1_L-Glutamine,32
24.5,E1_L-Glutamine,30
24.75,E1_L-Glutamine,26
25.0,E1_L-Glutamine,31
25.25,E1_L-Glutamine,31
25.5,E1_L-Glutamine,31
25.75,E1_L-Glutamine,28
26.0,E1_L-Glutamine,31
26.25,E1_L-Glutamine,31
26.5,E1_L-Glutamine,26
26.75,E1_L-Glutamine,29
27.0,E1_L-Glutamine,33
27.25,E1_L-Glutamine,29
27.5,E1_L-Glutamine,33
27.75,E1_L-Glutamine,32
28.0,E1_L-Glutamine,36
28.25,E1_L-Glutamine,33
28.5,E1_L-Glutamine,35
28.75,E1_L-Glutamine,28
29.0,E1_L-Glutamine,36
29.25,E1_L-Glutamine,34
29.5,E1_L-Glutamine,34
29.75,E1_L-Glutamine,34
30.0,E1_L-Glutamine,30
30.25,E1_L-Glutamine,32
30.5,E1_L-Glutamine,35
30.75,E1_L-Glutamine,36
31.0,E1_L-Glutamine,34
31.25,E1_L-Glutamine,38
31.5,E1_L-Glutamine,35
31.75,E1_L-Glutamine,41
32.0,E1_L-Glutamine,34
32.25,E1_L-Glutamine,38
32.5,E1_L-Glutamine,34
32.75,E1_L-Glutamine,36
33.0,E1_L-Glutamine,38
33.25,E1_L-Glutamine,36
33.5,E1_L-Glutamine,38
33.75,E1_L-Glutamine,38
34.0,E1_L-Glutamine,38
34.25,E1_L-Glutamine,37
34.5,E1_L-Glutamine,40
34.75,E1_L-Glutamine,35
35.0,E1_L-Glutamine,37
35.25,E1_L-Glutamine,37
35.5,E1_L-Glutamine,40
35.75,E1_L-Glutamine,40
36.0,E1_L-Glutamine,39
36.25,E1_L-Glutamine,39
36.5,E1_L-Glutamine,38
36.75,E1_L-Glutamine,39
37.0,E1_L-Glutamine,42
37.25,E1_L-Glutamine,40
37.5,E1_L-Glutamine,39
37.75,E1_L-Glutamine,41
38.0,E1_L-Glutamine,42
38.25,E1_L-Glutamine,40
38.5,E1_L-Glutamine,36
38.75,E1_L-Glutamine,40
39.0,E1_L-Glutamine,41
39.25,E1_L-Glutamine,39
39.5,E1_L-Glutamine,42
39.75,E1_L-Glutamine,41
40.0,E1_L-Glutamine,44
40.25,E1_L-Glutamine,42
40.5,E1_L-Glutamine,40
40.75,E1_L-Glutamine,39
41.0,E1_L-Glutamine,46
41.25,E1_L-Glutamine,42
41.5,E1_L-Glutamine,44
41.75,E1_L-Glutamine,49
42.0,E1_L-Glutamine,45
42.25,E1_L-Glutamine,43
42.5,E1_L-Glutamine,50
42.75,E1_L-Glutamine,47
43.0,E1_L-Glutamine,47
43.25,E1_L-Glutamine,47
43.5,E1_L-Glutamine,51
43.75,E1_L-Glutamine,46
44.0,E1_L-Glutamine,45
44.25,E1_L-Glutamine,48
44.5,E1_L-Glutamine,50
44.75,E1_L-Glutamine,46
45.0,E1_L-Glutamine,45
45.25,E1_L-Glutamine,49
45.5,E1_L-Glutamine,47
45.75,E1_L-Glutamine,50
46.0,E1_L-Glutamine,50
46.25,E1_L-Glutamine,49
46.5,E1_L-Glutamine,44
46.75,E1_L-Glutamine,51
47.0,E1_L-Glutamine,49
47.25,E1_L-Glutamine,48
47.5,E1_L-Glutamine,51
47.75,E1_L-Glutamine,48
48.0,E1_L-Glutamine,49
48.25,E1_L-Glutamine,51
0.0,E2_m-Tartaric_Acid,11
0.25,E2_m-Tartaric_Acid,11
0.5,E2_m-Tartaric_Acid,11
0.75,E2_m-Tartaric_Acid,11
1.0,E2_m-Tartaric_Acid,11
1.25,E2_m-Tartaric_Acid,11
1.5,E2_m-Tartaric_Acid,11
1.75,E2_m-Tartaric_Acid,11
2.0,E2_m-Tartaric_Acid,11
2.25,E2_m-Tartaric_Acid,11
2.5,E2_m-Tartaric_Acid,11
2.75,E2_m-Tartaric_Acid,11
3.0,E2_m-Tartaric_Acid,11
3.25,E2_m-Tartaric_Acid,11
3.5,E2_m-Tartaric_Acid,11
3.75,E2_m-Tartaric_Acid,11
4.0,E2_m-Tartaric_Acid,11
4.25,E2_m-Tartaric_Acid,11
4.5,E2_m-Tartaric_Acid,11
4.75,E2_m-Tartaric_Acid,11
5.0,E2_m-Tartaric_Acid,11
5.25,E2_m-Tartaric_Acid,11
5.5,E2_m-Tartaric_Acid,11
5.75,E2_m-Tartaric_Acid,11
6.0,E2_m-Tartaric_Acid,11
6.25,E2_m-Tartaric_Acid,11
6.5,E2_m-Tartaric_Acid,11
6.75,E2_m-Tartaric_Acid,11
7.0,E2_m-Tartaric_Acid,11
7.25,E2_m-Tartaric_Acid,11
7.5,E2_m-Tartaric_Acid,11
7.75,E2_m-Tartaric_Acid,11
8.0,E2_m-Tartaric_Acid,11
8.25,E2_m-Tartaric_Acid,11
8.5,E2_m-Tartaric_Acid,11
8.75,E2_m-Tartaric_Acid,11
9.0,E2_m-Tartaric_Acid,11
9.25,E2_m-Tartaric_Acid,11
9.5,E2_m-Tartaric_Acid,11
9.75,E2_m-Tartaric_Acid,11
10.0,E2_m-Tartaric_Acid,11
10.25,E2_m-Tartaric_Acid,11
10.5,E2_m-Tartaric_Acid,11
10.75,E2_m-Tartaric_Acid,11
11.0,E2_m-Tartaric_Acid,11
11.25,E2_m-Tartaric_Acid,11
11.5,E2_m-Tartaric_Acid,11
11.75,E2_m-Tartaric_Acid,12
12.0,E2_m-Tartaric_Acid,11
12.25,E2_m-Tartaric_Acid,11
12.5,E2_m-Tartaric_Acid,11
12.75,E2_m-Tartaric_Acid,11
13.0,E2_m-Tartaric_Acid,11
13.25,E2_m-Tartaric_Acid,11
13.5,E2_m-Tartaric_Acid,12
13.75,E2_m-Tartaric_Acid,11
14.0,E2_m-Tartaric_Acid,11
14.25,E2_m-Tartaric_Acid,12
14.5,E2_m-Tartaric_Acid,12
14.75,E2_m-Tartaric_Acid,11
15.0,E2_m-Tartaric_Acid,11
15.25,E2_m-Tartaric_Acid,11
15.5,E2_m-Tartaric_Acid,11
15.75,E2_m-Tartaric_Acid,12
16.0,E2_m-Tartaric_Acid,11
16.25,E2_m-Tartaric_Acid,11
16.5,E2_m-Tartaric_Acid,11
16.75,E2_m-Tartaric_Acid,11
17.0,E2_m-Tartaric_Acid,11
17.25,E2_m-Tartaric_Acid,12
17.5,E2_m-Tartaric_Acid,11
17.75,E2_m-Tartaric_Acid,11
18.0,E2_m-Tartaric_Acid,11
18.25,E2_m-Tartaric_Acid,11
18.5,E2_m-Tartaric_Acid,11
18.75,E2_m-Tartaric_Acid,14
19.0,E2_m-Tartaric_Acid,16
19.25,E2_m-Tartaric_Acid,11
19.5,E2_m-Tartaric_Acid,11
19.75,E2_m-Tartaric_Acid,13
20.0,E2_m-Tartaric_Acid,14
20.25,E2_m-Tartaric_Acid,13
20.5,E2_m-Tartaric_Acid,15
20.75,E2_m-Tartaric_Acid,11
21.0,E2_m-Tartaric_Acid,14
21.25,E2_m-Tartaric_Acid,11
21.5,E2_m-Tartaric_Acid,11
21.75,E2_m-Tartaric_Acid,12
22.0,E2_m-Tartaric_Acid,14
22.25,E2_m-Tartaric_Acid,12
22.5,E2_m-Tartaric_Acid,14
22.75,E2_m-Tartaric_Acid,16
23.0,E2_m-Tartaric_Acid,11
23.25,E2_m-Tartaric_Acid,14
23.5,E2_m-Tartaric_Acid,11
23.75,E2_m-Tartaric_Acid,13
24.0,E2_m-Tartaric_Acid,12
24.25,E2_m-Tartaric_Acid,12
24.5,E2_m-Tartaric_Acid,11
24.75,E2_m-Tartaric_Acid,14
25.0,E2_m-Tartaric_Acid,12
25.25,E2_m-Tartaric_Acid,16
25.5,E2_m-Tartaric_Acid,12
25.75,E2_m-Tartaric_Acid,13
26.0,E2_m-Tartaric_Acid,12
26.25,E2_m-Tartaric_Acid,16
26.5,E2_m-Tartaric_Acid,15
26.75,E2_m-Tartaric_Acid,11
27.0,E2_m-Tartaric_Acid,12
27.25,E2_m-Tartaric_Acid,11
27.5,E2_m-Tartaric_Acid,14
27.75,E2_m-Tartaric_Acid,14
28.0,E2_m-Tartaric_Acid,13
28.25,E2_m-Tartaric_Acid,15
28.5,E2_m-Tartaric_Acid,12
28.75,E2_m-Tartaric_Acid,16
29.0,E2_m-Tartaric_Acid,15
29.25,E2_m-Tartaric_Acid,13
29.5,E2_m-Tartaric_Acid,14
29.75,E2_m-Tartaric_Acid,18
30.0,E2_m-Tartaric_Acid,17
30.25,E2_m-Tartaric_Acid,16
30.5,E2_m-Tartaric_Acid,14
30.75,E2_m-Tartaric_Acid,16
31.0,E2_m-Tartaric_Acid,13
31.25,E2_m-Tartaric_Acid,16
31.5,E2_m-Tartaric_Acid,16
31.75,E2_m-Tartaric_Acid,15
32.0,E2_m-Tartaric_Acid,11
32.25,E2_m-Tartaric_Acid,16
32.5,E2_m-Tartaric_Acid,15
32.75,E2_m-Tartaric_Acid,16
33.0,E2_m-Tartaric_Acid,12
33.25,E2_m-Tartaric_Acid,16
33.5,E2_m-Tartaric_Acid,14
33.75,E2_m-Tartaric_Acid,12
34.0,E2_m-Tartaric_Acid,12
34.25,E2_m-Tartaric_Acid,16
34.5,E2_m-Tartaric_Acid,16
34.75,E2_m-Tartaric_Acid,12
35.0,E2_m-Tartaric_Acid,14
35.25,E2_m-Tartaric_Acid,13
35.5,E2_m-Tartaric_Acid,18
35.75,E2_m-Tartaric_Acid,13
36.0,E2_m-Tartaric_Acid,17
36.25,E2_m-Tartaric_Acid,16
36.5,E2_m-Tartaric_Acid,12
36.75,E2_m-Tartaric_Acid,19
37.0,E2_m-Tartaric_Acid,15
37.25,E2_m-Tartaric_Acid,16
37.5,E2_m-Tartaric_Acid,15
37.75,E2_m-Tartaric_Acid,12
38.0,E2_m-Tartaric_Acid,11
38.25,E2_m-Tartaric_Acid,15
38.5,E2_m-Tartaric_Acid,12
38.75,E2_m-Tartaric_Acid,17
39.0,E2_m-Tartaric_Acid,13
39.25,E2_m-Tartaric_Acid,16
39.5,E2_m-Tartaric_Acid,12
39.75,E2_m-Tartaric_Acid,14
40.0,E2_m-Tartaric_Acid,17
40.25,E2_m-Tartaric_Acid,16
40.5,E2_m-Tartaric_Acid,14
40.75,E2_m-Tartaric_Acid,17
41.0,E2_m-Tartaric_Acid,16
41.25,E2_m-Tartaric_Acid,13
41.5,E2_m-Tartaric_Acid,17
41.75,E2_m-Tartaric_Acid,13
42.0,E2_m-Tartaric_Acid,19
42.25,E2_m-Tartaric_Acid,11
42.5,E2_m-Tartaric_Acid,18
42.75,E2_m-Tartaric_Acid,16
43.0,E2_m-Tartaric_Acid,19
43.25,E2_m-Tartaric_Acid,12
43.5,E2_m-Tartaric_Acid,16
43.75,E2_m-Tartaric_Acid,16
44.0,E2_m-Tartaric_Acid,14
44.25,E2_m-Tartaric_Acid,13
44.5,E2_m-Tartaric_Acid,12
44.75,E2_m-Tartaric_Acid,14
45.0,E2_m-Tartaric_Acid,15
45.25,E2_m-Tartaric_Acid,16
45.5,E2_m-Tartaric_Acid,18
45.75,E2_m-Tartaric_Acid,19
46.0,E2_m-Tartaric_Acid,14
46.25,E2_m-Tartaric_Acid,19
46.5,E2_m-Tartaric_Acid,15
46.75,E2_m-Tartaric_Acid,14
47.0,E2_m-Tartaric_Acid,17
47.25,E2_m-Tartaric_Acid,16
47.5,E2_m-Tartaric_Acid,13
47.75,E2_m-Tartaric_Acid,14
48.0,E2_m-Tartaric_Acid,16
48.25,E2_m-Tartaric_Acid,15
0.0,E3_D-Glucose-1-Phosphate,11
0.25,E3_D-Glucose-1-Phosphate,11
0.5,E3_D-Glucose-1-Phosphate,11
0.75,E3_D-Glucose-1-Phosphate,11
1.0,E3_D-Glucose-1-Phosphate,11
1.25,E3_D-Glucose-1-Phosphate,11
1.5,E3_D-Glucose-1-Phosphate,11
1.75,E3_D-Glucose-1-Phosphate,11
2.0,E3_D-Glucose-1-Phosphate,11
2.25,E3_D-Glucose-1-Phosphate,11
2.5,E3_D-Glucose-1-Phosphate,11
2.75,E3_D-Glucose-1-Phosphate,11
3.0,E3_D-Glucose-1-Phosphate,11
3.25,E3_D-Glucose-1-Phosphate,11
3.5,E3_D-Glucose-1-Phosphate,11
3.75,E3_D-Glucose-1-Phosphate,11
4.0,E3_D-Glucose-1-Phosphate,11
4.25,E3_D-Glucose-1-Phosphate,11
4.5,E3_D-Glucose-1-Phosphate,11
4.75,E3_D-Glucose-1-Phosphate,11
5.0,E3_D-Glucose-1-Phosphate,11
5.25,E3_D-Glucose-1-Phosphate,11
5.5,E3_D-Glucose-1-Phosphate,11
5.75,E3_D-Glucose-1-Phosphate,11
6.0,E3_D-Glucose-1-Phosphate,11
6.25,E3_D-Glucose-1-Phosphate,11
6.5,E3_D-Glucose-1-Phosphate,11
6.75,E3_D-Glucose-1-Phosphate,11
7.0,E3_D-Glucose-1-Phosphate,11
7.25,E3_D-Glucose-1-Phosphate,11
7.5,E3_D-Glucose-1-Phosphate,11
7.75,E3_D-Glucose-1-Phosphate,11
8.0,E3_D-Glucose-1-Phosphate,11
8.25,E3_D-Glucose-1-Phosphate,11
8.5,E3_D-Glucose-1-Phosphate,11
8.75,E3_D-Glucose-1-Phosphate,11
9.0,E3_D-Glucose-1-Phosphate,11
9.25,E3_D-Glucose-1-Phosphate,12
9.5,E3_D-Glucose-1-Phosphate,11
9.75,E3_D-Glucose-1-Phosphate,11
10.0,E3_D-Glucose-1-Phosphate,11
10.25,E3_D-Glucose-1-Phosphate,11
10.5,E3_D-Glucose-1-Phosphate,11
10.75,E3_D-Glucose-1-Phosphate,11
11.0,E3_D-Glucose-1-Phosphate,11
11.25,E3_D-Glucose-1-Phosphate,11
11.5,E3_D-Glucose-1-Phosphate,11
11.75,E3_D-Glucose-1-Phosphate,12
12.0,E3_D-Glucose-1-Phosphate,12
12.25,E3_D-Glucose-1-Phosphate,12
12.5,E3_D-Glucose-1-Phosphate,13
12.75,E3_D-Glucose-1-Phosphate,12
13.0,E3_D-Glucose-1-Phosphate,11
13.25,E3_D-Glucose-1-Phosphate,11
13.5,E3_D-Glucose-1-Phosphate,11
13.75,E3_D-Glucose-1-Phosphate,11
14.0,E3_D-Glucose-1-Phosphate,14
14.25,E3_D-Glucose-1-Phosphate,11
14.5,E3_D-Glucose-1-Phosphate,11
14.75,E3_D-Glucose-1-Phosphate,12
15.0,E3_D-Glucose-1-Phosphate,11
15.25,E3_D-Glucose-1-Phosphate,11
15.5,E3_D-Glucose-1-Phosphate,13
15.75,E3_D-Glucose-1-Phosphate,13
16.0,E3_D-Glucose-1-Phosphate,14
16.25,E3_D-Glucose-1-Phosphate,12
16.5,E3_D-Glucose-1-Phosphate,11
16.75,E3_D-Glucose-1-Phosphate,11
17.0,E3_D-Glucose-1-Phosphate,11
17.25,E3_D-Glucose-1-Phosphate,12
17.5,E3_D-Glucose-1-Phosphate,12
17.75,E3_D-Glucose-1-Phosphate,13
18.0,E3_D-Glucose-1-Phosphate,12
18.25,E3_D-Glucose-1-Phosphate,14
18.5,E3_D-Glucose-1-Phosphate,11
18.75,E3_D-Glucose-1-Phosphate,14
19.0,E3_D-Glucose-1-Phosphate,14
19.25,E3_D-Glucose-1-Phosphate,13
19.5,E3_D-Glucose-1-Phosphate,14
19.75,E3_D-Glucose-1-Phosphate,16
20.0,E3_D-Glucose-1-Phosphate,14
20.25,E3_D-Glucose-1-Phosphate,13
20.5,E3_D-Glucose-1-Phosphate,13
20.75,E3_D-Glucose-1-Phosphate,15
21.0,E3_D-Glucose-1-Phosphate,17
21.25,E3_D-Glucose-1-Phosphate,15
21.5,E3_D-Glucose-1-Phosphate,14
21.75,E3_D-Glucose-1-Phosphate,11
22.0,E3_D-Glucose-1-Phosphate,15
22.25,E3_D-Glucose-1-Phosphate,13
22.5,E3_D-Glucose-1-Phosphate,13
22.75,E3_D-Glucose-1-Phosphate,16
23.0,E3_D-Glucose-1-Phosphate,11
23.25,E3_D-Glucose-1-Phosphate,14
23.5,E3_D-Glucose-1-Phosphate,14
23.75,E3_D-Glucose-1-Phosphate,11
24.0,E3_D-Glucose-1-Phosphate,16
24.25,E3_D-Glucose-1-Phosphate,16
24.5,E3_D-Glucose-1-Phosphate,14
24.75,E3_D-Glucose-1-Phosphate,11
25.0,E3_D-Glucose-1-Phosphate,12
25.25,E3_D-Glucose-1-Phosphate,13
25.5,E3_D-Glucose-1-Phosphate,16
25.75,E3_D-Glucose-1-Phosphate,17
26.0,E3_D-Glucose-1-Phosphate,14
26.25,E3_D-Glucose-1-Phosphate,17
26.5,E3_D-Glucose-1-Phosphate,13
26.75,E3_D-Glucose-1-Phosphate,13
27.0,E3_D-Glucose-1-Phosphate,15
27.25,E3_D-Glucose-1-Phosphate,14
27.5,E3_D-Glucose-1-Phosphate,12
27.75,E3_D-Glucose-1-Phosphate,13
28.0,E3_D-Glucose-1-Phosphate,14
28.25,E3_D-Glucose-1-Phosphate,13
28.5,E3_D-Glucose-1-Phosphate,14
28.75,E3_D-Glucose-1-Phosphate,12
29.0,E3_D-Glucose-1-Phosphate,15
29.25,E3_D-Glucose-1-Phosphate,12
29.5,E3_D-Glucose-1-Phosphate,15
29.75,E3_D-Glucose-1-Phosphate,14
30.0,E3_D-Glucose-1-Phosphate,17
30.25,E3_D-Glucose-1-Phosphate,11
30.5,E3_D-Glucose-1-Phosphate,14
30.75,E3_D-Glucose-1-Phosphate,15
31.0,E3_D-Glucose-1-Phosphate,16
31.25,E3_D-Glucose-1-Phosphate,13
31.5,E3_D-Glucose-1-Phosphate,13
31.75,E3_D-Glucose-1-Phosphate,16
32.0,E3_D-Glucose-1-Phosphate,12
32.25,E3_D-Glucose-1-Phosphate,12
32.5,E3_D-Glucose-1-Phosphate,17
32.75,E3_D-Glucose-1-Phosphate,14
33.0,E3_D-Glucose-1-Phosphate,18
33.25,E3_D-Glucose-1-Phosphate,11
33.5,E3_D-Glucose-1-Phosphate,15
33.75,E3_D-Glucose-1-Phosphate,16
34.0,E3_D-Glucose-1-Phosphate,12
34.25,E3_D-Glucose-1-Phosphate,13
34.5,E3_D-Glucose-1-Phosphate,15
34.75,E3_D-Glucose-1-Phosphate,12
35.0,E3_D-Glucose-1-Phosphate,12
35.25,E3_D-Glucose-1-Phosphate,13
35.5,E3_D-Glucose-1-Phosphate,15
35.75,E3_D-Glucose-1-Phosphate,17
36.0,E3_D-Glucose-1-Phosphate,14
36.25,E3_D-Glucose-1-Phosphate,16
36.5,E3_D-Glucose-1-Phosphate,13
36.75,E3_D-Glucose-1-Phosphate,13
37.0,E3_D-Glucose-1-Phosphate,17
37.25,E3_D-Glucose-1-Phosphate,12
37.5,E3_D-Glucose-1-Phosphate,13
37.75,E3_D-Glucose-1-Phosphate,17
38.0,E3_D-Glucose-1-Phosphate,12
38.25,E3_D-Glucose-1-Phosphate,11
38.5,E3_D-Glucose-1-Phosphate,11
38.75,E3_D-Glucose-1-Phosphate,16
39.0,E3_D-Glucose-1-Phosphate,15
39.25,E3_D-Glucose-1-Phosphate,16
39.5,E3_D-Glucose-1-Phosphate,12
39.75,E3_D-Glucose-1-Phosphate,13
40.0,E3_D-Glucose-1-Phosphate,15
40.25,E3_D-Glucose-1-Phosphate,11
40.5,E3_D-Glucose-1-Phosphate,11
40.75,E3_D-Glucose-1-Phosphate,14
41.0,E3_D-Glucose-1-Phosphate,19
41.25,E3_D-Glucose-1-Phosphate,13
41.5,E3_D-Glucose-1-Phosphate,13
41.75,E3_D-Glucose-1-Phosphate,18
42.0,E3_D-Glucose-1-Phosphate,14
42.25,E3_D-Glucose-1-Phosphate,14
42.5,E3_D-Glucose-1-Phosphate,14
42.75,E3_D-Glucose-1-Phosphate,13
43.0,E3_D-Glucose-1-Phosphate,18
43.25,E3_D-Glucose-1-Phosphate,15
43.5,E3_D-Glucose-1-Phosphate,17
43.75,E3_D-Glucose-1-Phosphate,15
44.0,E3_D-Glucose-1-Phosphate,13
44.25,E3_D-Glucose-1-Phosphate,13
44.5,E3_D-Glucose-1-Phosphate,12
44.75,E3_D-Glucose-1-Phosphate,11
45.0,E3_D-Glucose-1-Phosphate,11
45.25,E3_D-Glucose-1-Phosphate,17
45.5,E3_D-Glucose-1-Phosphate,16
45.75,E3_D-Glucose-1-Phosphate,12
46.0,E3_D-Glucose-1-Phosphate,16
46.25,E3_D-Glucose-1-Phosphate,16
46.5,E3_D-Glucose-1-Phosphate,15
46.75,E3_D-Glucose-1-Phosphate,13
47.0,E3_D-Glucose-1-Phosphate,13
47.25,E3_D-Glucose-1-Phosphate,15
47.5,E3_D-Glucose-1-Phosphate,19
47.75,E3_D-Glucose-1-Phosphate,12
48.0,E3_D-Glucose-1-Phosphate,19
48.25,E3_D-Glucose-1-Phosphate,11
0.0,E4_D-Fructose-6-Phosphate,11
0.25,E4_D-Fructose-6-Phosphate,11
0.5,E4_D-Fructose-6-Phosphate,13
0.75,E4_D-Fructose-6-Phosphate,11
1.0,E4_D-Fructose-6-Phosphate,11
1.25,E4_D-Fructose-6-Phosphate,11
1.5,E4_D-Fructose-6-Phosphate,11
1.75,E4_D-Fructose-6-Phosphate,11
2.0,E4_D-Fructose-6-Phosphate,11
2.25,E4_D-Fructose-6-Phosphate,11
2.5,E4_D-Fructose-6-Phosphate,11
2.75,E4_D-Fructose-6-Phosphate,11
3.0,E4_D-Fructose-6-Phosphate,11
3.25,E4_D-Fructose-6-Phosphate,11
3.5,E4_D-Fructose-6-Phosphate,11
3.75,E4_D-Fructose-6-Phosphate,11
4.0,E4_D-Fructose-6-Phosphate,11
4.25,E4_D-Fructose-6-Phosphate,11
4.5,E4_D-Fructose-6-Phosphate,11
4.75,E4_D-Fructose-6-Phosphate,11
5.0,E4_D-Fructose-6-Phosphate,11
5.25,E4_D-Fructose-6-Phosphate,11
5.5,E4_D-Fructose-6-Phosphate,11
5.75,E4_D-Fructose-6-Phosphate,11
6.0,E4_D-Fructose-6-Phosphate,11
6.25,E4_D-Fructose-6-Phosphate,11
6.5,E4_D-Fructose-6-Phosphate,11
6.75,E4_D-Fructose-6-Phosphate,11
7.0,E4_D-Fructose-6-Phosphate,11
7.25,E4_D-Fructose-6-Phosphate,11
7.5,E4_D-Fructose-6-Phosphate,11
7.75,E4_D-Fructose-6-Phosphate,11
8.0,E4_D-Fructose-6-Phosphate,11
8.25,E4_D-Fructose-6-Phosphate,11
8.5,E4_D-Fructose-6-Phosphate,11
8.75,E4_D-Fructose-6-Phosphate,11
9.0,E4_D-Fructose-6-Phosphate,11
9.25,E4_D-Fructose-6-Phosphate,11
9.5,E4_D-Fructose-6-Phosphate,11
9.75,E4_D-Fructose-6-Phosphate,11
10.0,E4_D-Fructose-6-Phosphate,11
10.25,E4_D-Fructose-6-Phosphate,11
10.5,E4_D-Fructose-6-Phosphate,11
10.75,E4_D-Fructose-6-Phosphate,11
11.0,E4_D-Fructose-6-Phosphate,11
11.25,E4_D-Fructose-6-Phosphate,11
11.5,E4_D-Fructose-6-Phosphate,11
11.75,E4_D-Fructose-6-Phosphate,11
12.0,E4_D-Fructose-6-Phosphate,11
12.25,E4_D-Fructose-6-Phosphate,11
12.5,E4_D-Fructose-6-Phosphate,12
12.75,E4_D-Fructose-6-Phosphate,11
13.0,E4_D-Fructose-6-Phosphate,11
13.25,E4_D-Fructose-6-Phosphate,11
13.5,E4_D-Fructose-6-Phosphate,11
13.75,E4_D-Fructose-6-Phosphate,12
14.0,E4_D-Fructose-6-Phosphate,11
14.25,E4_D-Fructose-6-Phosphate,11
14.5,E4_D-Fructose-6-Phosphate,11
14.75,E4_D-Fructose-6-Phosphate,11
15.0,E4_D-Fructose-6-Phosphate,11
15.25,E4_D-Fructose-6-Phosphate,11
15.5,E4_D-Fructose-6-Phosphate,11
15.75,E4_D-Fructose-6-Phosphate,11
16.0,E4_D-Fructose-6-Phosphate,11
16.25,E4_D-Fructose-6-Phosphate,11
16.5,E4_D-Fructose-6-Phosphate,11
16.75,E4_D-Fructose-6-Phosphate,12
17.0,E4_D-Fructose-6-Phosphate,11
17.25,E4_D-Fructose-6-Phosphate,12
17.5,E4_D-Fructose-6-Phosphate,11
17.75,E4_D-Fructose-6-Phosphate,14
18.0,E4_D-Fructose-6-Phosphate,11
18.25,E4_D-Fructose-6-Phosphate,12
18.5,E4_D-Fructose-6-Phosphate,11
18.75,E4_D-Fructose-6-Phosphate,11
19.0,E4_D-Fructose-6-Phosphate,11
19.25,E4_D-Fructose-6-Phosphate,11
19.5,E4_D-Fructose-6-Phosphate,12
19.75,E4_D-Fructose-6-Phosphate,11
20.0,E4_D-Fructose-6-Phosphate,12
20.25,E4_D-Fructose-6-Phosphate,11
20.5,E4_D-Fructose-6-Phosphate,13
20.75,E4_D-Fructose-6-Phosphate,11
21.0,E4_D-Fructose-6-Phosphate,11
21.25,E4_D-Fructose-6-Phosphate,12
21.5,E4_D-Fructose-6-Phosphate,11
21.75,E4_D-Fructose-6-Phosphate,11
22.0,E4_D-Fructose-6-Phosphate,13
22.25,E4_D-Fructose-6-Phosphate,14
22.5,E4_D-Fructose-6-Phosphate,12
22.75,E4_D-Fructose-6-Phosphate,11
23.0,E4_D-Fructose-6-Phosphate,15
23.25,E4_D-Fructose-6-Phosphate,14
23.5,E4_D-Fructose-6-Phosphate,12
23.75,E4_D-Fructose-6-Phosphate,11
24.0,E4_D-Fructose-6-Phosphate,15
24.25,E4_D-Fructose-6-Phosphate,11
24.5,E4_D-Fructose-6-Phosphate,15
24.75,E4_D-Fructose-6-Phosphate,12
25.0,E4_D-Fructose-6-Phosphate,11
25.25,E4_D-Fructose-6-Phosphate,13
25.5,E4_D-Fructose-6-Phosphate,12
25.75,E4_D-Fructose-6-Phosphate,13
26.0,E4_D-Fructose-6-Phosphate,11
26.25,E4_D-Fructose-6-Phosphate,13
26.5,E4_D-Fructose-6-Phosphate,11
26.75,E4_D-Fructose-6-Phosphate,13
27.0,E4_D-Fructose-6-Phosphate,13
27.25,E4_D-Fructose-6-Phosphate,14
27.5,E4_D-Fructose-6-Phosphate,17
27.75,E4_D-Fructose-6-Phosphate,18
28.0,E4_D-Fructose-6-Phosphate,18
28.25,E4_D-Fructose-6-Phosphate,15
28.5,E4_D-Fructose-6-Phosphate,15
28.75,E4_D-Fructose-6-Phosphate,15
29.0,E4_D-Fructose-6-Phosphate,15
29.25,E4_D-Fructose-6-Phosphate,14
29.5,E4_D-Fructose-6-Phosphate,12
29.75,E4_D-Fructose-6-Phosphate,16
30.0,E4_D-Fructose-6-Phosphate,16
30.25,E4_D-Fructose-6-Phosphate,16
30.5,E4_D-Fructose-6-Phosphate,14
30.75,E4_D-Fructose-6-Phosphate,16
31.0,E4_D-Fructose-6-Phosphate,17
31.25,E4_D-Fructose-6-Phosphate,17
31.5,E4_D-Fructose-6-Phosphate,16
31.75,E4_D-Fructose-6-Phosphate,16
32.0,E4_D-Fructose-6-Phosphate,14
32.25,E4_D-Fructose-6-Phosphate,15
32.5,E4_D-Fructose-6-Phosphate,19
32.75,E4_D-Fructose-6-Phosphate,15
33.0,E4_D-Fructose-6-Phosphate,17
33.25,E4_D-Fructose-6-Phosphate,14
33.5,E4_D-Fructose-6-Phosphate,19
33.75,E4_D-Fructose-6-Phosphate,15
34.0,E4_D-Fructose-6-Phosphate,17
34.25,E4_D-Fructose-6-Phosphate,19
34.5,E4_D-Fructose-6-Phosphate,16
34.75,E4_D-Fructose-6-Phosphate,13
35.0,E4_D-Fructose-6-Phosphate,15
35.25,E4_D-Fructose-6-Phosphate,18
35.5,E4_D-Fructose-6-Phosphate,17
35.75,E4_D-Fructose-6-Phosphate,21
36.0,E4_D-Fructose-6-Phosphate,17
36.25,E4_D-Fructose-6-Phosphate,16
36.5,E4_D-Fructose-6-Phosphate,15
36.75,E4_D-Fructose-6-Phosphate,15
37.0,E4_D-Fructose-6-Phosphate,19
37.25,E4_D-Fructose-6-Phosphate,14
37.5,E4_D-Fructose-6-Phosphate,20
37.75,E4_D-Fructose-6-Phosphate,19
38.0,E4_D-Fructose-6-Phosphate,18
38.25,E4_D-Fructose-6-Phosphate,14
38.5,E4_D-Fructose-6-Phosphate,19
38.75,E4_D-Fructose-6-Phosphate,16
39.0,E4_D-Fructose-6-Phosphate,18
39.25,E4_D-Fructose-6-Phosphate,16
39.5,E4_D-Fructose-6-Phosphate,15
39.75,E4_D-Fructose-6-Phosphate,14
40.0,E4_D-Fructose-6-Phosphate,18
40.25,E4_D-Fructose-6-Phosphate,18
40.5,E4_D-Fructose-6-Phosphate,17
40.75,E4_D-Fructose-6-Phosphate,14
41.0,E4_D-Fructose-6-Phosphate,19
41.25,E4_D-Fructose-6-Phosphate,18
41.5,E4_D-Fructose-6-Phosphate,20
41.75,E4_D-Fructose-6-Phosphate,18
42.0,E4_D-Fructose-6-Phosphate,16
42.25,E4_D-Fructose-6-Phosphate,18
42.5,E4_D-Fructose-6-Phosphate,21
42.75,E4_D-Fructose-6-Phosphate,19
43.0,E4_D-Fructose-6-Phosphate,16
43.25,E4_D-Fructose-6-Phosphate,21
43.5,E4_D-Fructose-6-Phosphate,18
43.75,E4_D-Fructose-6-Phosphate,14
44.0,E4_D-Fructose-6-Phosphate,20
44.25,E4_D-Fructose-6-Phosphate,18
44.5,E4_D-Fructose-6-Phosphate,18
44.75,E4_D-Fructose-6-Phosphate,14
45.0,E4_D-Fructose-6-Phosphate,17
45.25,E4_D-Fructose-6-Phosphate,16
45.5,E4_D-Fructose-6-Phosphate,16
45.75,E4_D-Fructose-6-Phosphate,17
46.0,E4_D-Fructose-6-Phosphate,17
46.25,E4_D-Fructose-6-Phosphate,17
46.5,E4_D-Fructose-6-Phosphate,20
46.75,E4_D-Fructose-6-Phosphate,16
47.0,E4_D-Fructose-6-Phosphate,18
47.25,E4_D-Fructose-6-Phosphate,14
47.5,E4_D-Fructose-6-Phosphate,19
47.75,E4_D-Fructose-6-Phosphate,17
48.0,E4_D-Fructose-6-Phosphate,16
48.25,E4_D-Fructose-6-Phosphate,18
0.0,E5_Tween_80,11
0.25,E5_Tween_80,11
0.5,E5_Tween_80,11
0.75,E5_Tween_80,11
1.0,E5_Tween_80,11
1.25,E5_Tween_80,11
1.5,E5_Tween_80,11
1.75,E5_Tween_80,11
2.0,E5_Tween_80,11
2.25,E5_Tween_80,11
2.5,E5_Tween_80,11
2.75,E5_Tween_80,11
3.0,E5_Tween_80,11
3.25,E5_Tween_80,11
3.5,E5_Tween_80,11
3.75,E5_Tween_80,11
4.0,E5_Tween_80,11
4.25,E5_Tween_80,11
4.5,E5_Tween_80,11
4.75,E5_Tween_80,11
5.0,E5_Tween_80,11
5.25,E5_Tween_80,11
5.5,E5_Tween_80,11
5.75,E5_Tween_80,11
6.0,E5_Tween_80,11
6.25,E5_Tween_80,11
6.5,E5_Tween_80,11
6.75,E5_Tween_80,11
7.0,E5_Tween_80,11
7.25,E5_Tween_80,11
7.5,E5_Tween_80,11
7.75,E5_Tween_80,11
8.0,E5_Tween_80,11
8.25,E5_Tween_80,11
8.5,E5_Tween_80,11
8.75,E5_Tween_80,11
9.0,E5_Tween_80,11
9.25,E5_Tween_80,11
9.5,E5_Tween_80,11
9.75,E5_Tween_80,11
10.0,E5_Tween_80,11
10.25,E5_Tween_80,11
10.5,E5_Tween_80,11
10.75,E5_Tween_80,11
11.0,E5_Tween_80,11
11.25,E5_Tween_80,11
11.5,E5_Tween_80,13
11.75,E5_Tween_80,11
12.0,E5_Tween_80,12
12.25,E5_Tween_80,11
12.5,E5_Tween_80,12
12.75,E5_Tween_80,11
13.0,E5_Tween_80,11
13.25,E5_Tween_80,11
13.5,E5_Tween_80,13
13.75,E5_Tween_80,17
14.0,E5_Tween_80,13
14.25,E5_Tween_80,11
14.5,E5_Tween_80,12
14.75,E5_Tween_80,12
15.0,E5_Tween_80,13
15.25,E5_Tween_80,17
15.5,E5_Tween_80,15
15.75,E5_Tween_80,16
16.0,E5_Tween_80,13
16.25,E5_Tween_80,17
16.5,E5_Tween_80,11
16.75,E5_Tween_80,11
17.0,E5_Tween_80,15
17.25,E5_Tween_80,17
17.5,E5_Tween_80,14
17.75,E5_Tween_80,15
18.0,E5_Tween_80,15
18.25,E5_Tween_80,16
18.5,E5_Tween_80,16
18.75,E5_Tween_80,13
19.0,E5_Tween_80,14
19.25,E5_Tween_80,17
19.5,E5_Tween_80,16
19.75,E5_Tween_80,16
20.0,E5_Tween_80,18
20.25,E5_Tween_80,14
20.5,E5_Tween_80,21
20.75,E5_Tween_80,17
21.0,E5_Tween_80,17
21.25,E5_Tween_80,21
21.5,E5_Tween_80,20
21.75,E5_Tween_80,19
22.0,E5_Tween_80,24
22.25,E5_Tween_80,19
22.5,E5_Tween_80,23
22.75,E5_Tween_80,24
23.0,E5_Tween_80,25
23.25,E5_Tween_80,22
23.5,E5_Tween_80,23
23.75,E5_Tween_80,26
24.0,E5_Tween_80,26
24.25,E5_Tween_80,25
24.5,E5_Tween_80,29
24.75,E5_Tween_80,27
25.0,E5_Tween_80,28
25.25,E5_Tween_80,28
25.5,E5_Tween_80,33
25.75,E5_Tween_80,32
26.0,E5_Tween_80,31
26.25,E5_Tween_80,31
26.5,E5_Tween_80,33
26.75,E5_Tween_80,36
27.0,E5_Tween_80,37
27.25,E5_Tween_80,33
27.5,E5_Tween_80,39
27.75,E5_Tween_80,41
28.0,E5_Tween_80,39
28.25,E5_Tween_80,42
28.5,E5_Tween_80,41
28.75,E5_Tween_80,44
29.0,E5_Tween_80,45
29.25,E5_Tween_80,41
29.5,E5_Tween_80,46
29.75,E5_Tween_80,45
30.0,E5_Tween_80,46
30.25,E5_Tween_80,46
30.5,E5_Tween_80,53
30.75,E5_Tween_80,50
31.0,E5_Tween_80,48
31.25,E5_Tween_80,50
31.5,E5_Tween_80,51
31.75,E5_Tween_80,55
32.0,E5_Tween_80,57
32.25,E5_Tween_80,51
32.5,E5_Tween_80,57
32.75,E5_Tween_80,55
33.0,E5_Tween_80,58
33.25,E5_Tween_80,59
33.5,E5_Tween_80,62
33.75,E5_Tween_80,59
34.0,E5_Tween_80,61
34.25,E5_Tween_80,63
34.5,E5_Tween_80,65
34.75,E5_Tween_80,63
35.0,E5_Tween_80,60
35.25,E5_Tween_80,66
35.5,E5_Tween_80,69
35.75,E5_Tween_80,65
36.0,E5_Tween_80,70
36.25,E5_Tween_80,69
36.5,E5_Tween_80,68
36.75,E5_Tween_80,72
37.0,E5_Tween_80,71
37.25,E5_Tween_80,69
37.5,E5_Tween_80,68
37.75,E5_Tween_80,76
38.0,E5_Tween_80,72
38.25,E5_Tween_80,67
38.5,E5_Tween_80,72
38.75,E5_Tween_80,73
39.0,E5_Tween_80,73
39.25,E5_Tween_80,73
39.5,E5_Tween_80,77
39.75,E5_Tween_80,78
40.0,E5_Tween_80,76
40.25,E5_Tween_80,76
40.5,E5_Tween_80,78
40.75,E5_Tween_80,79
41.0,E5_Tween_80,83
41.25,E5_Tween_80,76
41.5,E5_Tween_80,81
41.75,E5_Tween_80,80
42.0,E5_Tween_80,77
42.25,E5_Tween_80,84
42.5,E5_Tween_80,82
42.75,E5_Tween_80,82
43.0,E5_Tween_80,84
43.25,E5_Tween_80,78
43.5,E5_Tween_80,83
43.75,E5_Tween_80,82
44.0,E5_Tween_80,79
44.25,E5_Tween_80,79
44.5,E5_Tween_80,81
44.75,E5_Tween_80,84
45.0,E5_Tween_80,82
45.25,E5_Tween_80,84
45.5,E5_Tween_80,84
45.75,E5_Tween_80,80
46.0,E5_Tween_80,83
46.25,E5_Tween_80,88
46.5,E5_Tween_80,85
46.75,E5_Tween_80,83
47.0,E5_Tween_80,87
47.25,E5_Tween_80,83
47.5,E5_Tween_80,81
47.75,E5_Tween_80,86
48.0,E5_Tween_80,83
48.25,E5_Tween_80,84
0.0,E6_a-Hydroxy_Glutaric_Acid-g_Lactone,11
0.25,E6_a-Hydroxy_Glutaric_Acid-g_Lactone,11
0.5,E6_a-Hydroxy_Glutaric_Acid-g_Lactone,12
0.75,E6_a-Hydroxy_Glutaric_Acid-g_Lactone,11
1.0,E6_a-Hydroxy_Glutaric_Acid-g_Lactone,11
1.25,E6_a-Hydroxy_Glutaric_Acid-g_Lactone,11
1.5,E6_a-Hydroxy_Glutaric_Acid-g_Lactone,11
1.75,E6_a-Hydroxy_Glutaric_Acid-g_Lactone,11
2.0,E6_a-Hydroxy_Glutaric_Acid-g_Lactone,11
2.25,E6_a-Hydroxy_Glutaric_Acid-g_Lactone,11
2.5,E6_a-Hydroxy_Glutaric_Acid-g_Lactone,11
2.75,E6_a-Hydroxy_Glutaric_Acid-g_Lactone,11
3.0,E6_a-Hydroxy_Glutaric_Acid-g_Lactone,11
3.25,E6_a-Hydroxy_Glutaric_Acid-g_Lactone,11
3.5,E6_a-Hydroxy_Glutaric_Acid-g_Lactone,11
3.75,E6_a-Hydroxy_Glutaric_Acid-g_Lactone,11
4.0,E6_a-Hydroxy_Glutaric_Acid-g_Lactone,11
4.25,E6_a-Hydroxy_Glutaric_Acid-g_Lactone,11
4.5,E6_a-Hydroxy_Glutaric_Acid-g_Lactone,11
4.75,E6_a-Hydroxy_Glutaric_Acid-g_Lactone,11
5.0,E6_a-Hydroxy_Glutaric_Acid-g_Lactone,11
5.25,E6_a-Hydroxy_Glutaric_Acid-g_Lactone,11
5.5,E6_a-Hydroxy_Glutaric_Acid-g_Lactone,11
5.75,E6_a-Hydroxy_Glutaric_Acid-g_Lactone,11
6.0,E6_a-Hydroxy_Glutaric_Acid-g_Lactone,11
6.25,E6_a-Hydroxy_Glutaric_Acid-g_Lactone,11
6.5,E6_a-Hydroxy_Glutaric_Acid-g_Lactone,11
6.75,E6_a-Hydroxy_Glutaric_Acid-g_Lactone,11
7.0,E6_a-Hydroxy_Glutaric_Acid-g_Lactone,11
7.25,E6_a-Hydroxy_Glutaric_Acid-g_Lactone,11
7.5,E6_a-Hydroxy_Glutaric_Acid-g_Lactone,11
7.75,E6_a-Hydroxy_Glutaric_Acid-g_Lactone,11
8.0,E6_a-Hydroxy_Glutaric_Acid-g_Lactone,11
8.25,E6_a-Hydroxy_Glutaric_Acid-g_Lactone,11
8.5,E6_a-Hydroxy_Glutaric_Acid-g_Lactone,11
8.75,E6_a-Hydroxy_Glutaric_Acid-g_Lactone,11
9.0,E6_a-Hydroxy_Glutaric_Acid-g_Lactone,11
9.25,E6_a-Hydroxy_Glutaric_Acid-g_Lactone,11
9.5,E6_a-Hydroxy_Glutaric_Acid-g_Lactone,11
9.75,E6_a-Hydroxy_Glutaric_Acid-g_Lactone,11
10.0,E6_a-Hydroxy_Glutaric_Acid-g_Lactone,11
10.25,E6_a-Hydroxy_Glutaric_Acid-g_Lactone,11
10.5,E6_a-Hydroxy_Glutaric_Acid-g_Lactone,11
10.75,E6_a-Hydroxy_Glutaric_Acid-g_Lactone,11
11.0,E6_a-Hydroxy_Glutaric_Acid-g_Lactone,11
11.25,E6_a-Hydroxy_Glutaric_Acid-g_Lactone,11
11.5,E6_a-Hydroxy_Glutaric_Acid-g_Lactone,13
11.75,E6_a-Hydroxy_Glutaric_Acid-g_Lactone,12
12.0,E6_a-Hydroxy_Glutaric_Acid-g_Lactone,11
12.25,E6_a-Hydroxy_Glutaric_Acid-g_Lactone,11
12.5,E6_a-Hydroxy_Glutaric_Acid-g_Lactone,11
12.75,E6_a-Hydroxy_Glutaric_Acid-g_Lactone,11
13.0,E6_a-Hydroxy_Glutaric_Acid-g_Lactone,11
13.25,E6_a-Hydroxy_Glutaric_Acid-g_Lactone,11
13.5,E6_a-Hydroxy_Glutaric_Acid-g_Lactone,11
13.75,E6_a-Hydroxy_Glutaric_Acid-g_Lactone,12
14.0,E6_a-Hydroxy_Glutaric_Acid-g_Lactone,11
14.25,E6_a-Hydroxy_Glutaric_Acid-g_Lactone,14
14.5,E6_a-Hydroxy_Glutaric_Acid-g_Lactone,11
14.75,E6_a-Hydroxy_Glutaric_Acid-g_Lactone,14
15.0,E6_a-Hydroxy_Glutaric_Acid-g_Lactone,14
15.25,E6_a-Hydroxy_Glutaric_Acid-g_Lactone,14
15.5,E6_a-Hydroxy_Glutaric_Acid-g_Lactone,13
15.75,E6_a-Hydroxy_Glutaric_Acid-g_Lactone,11
16.0,E6_a-Hydroxy_Glutaric_Acid-g_Lactone,11
16.25,E6_a-Hydroxy_Glutaric_Acid-g_Lactone,13
16.5,E6_a-Hydroxy_Glutaric_Acid-g_Lactone,11
16.75,E6_a-Hydroxy_Glutaric_Acid-g_Lactone,11
17.0,E6_a-Hydroxy_Glutaric_Acid-g_Lactone,14
17.25,E6_a-Hydroxy_Glutaric_Acid-g_Lactone,13
17.5,E6_a-Hydroxy_Glutaric_Acid-g_Lactone,12
17.75,E6_a-Hydroxy_Glutaric_Acid-g_Lactone,13
18.0,E6_a-Hydroxy_Glutaric_Acid-g_Lactone,12
18.25,E6_a-Hydroxy_Glutaric_Acid-g_Lactone,17
18.5,E6_a-Hydroxy_Glutaric_Acid-g_Lactone,11
18.75,E6_a-Hydroxy_Glutaric_Acid-g_Lactone,11
19.0,E6_a-Hydroxy_Glutaric_Acid-g_Lactone,13
19.25,E6_a-Hydroxy_Glutaric_Acid-g_Lactone,19
19.5,E6_a-Hydroxy_Glutaric_Acid-g_Lactone,19
19.75,E6_a-Hydroxy_Glutaric_Acid-g_Lactone,14
20.0,E6_a-Hydroxy_Glutaric_Acid-g_Lactone,17
20.25,E6_a-Hydroxy_Glutaric_Acid-g_Lactone,17
20.5,E6_a-Hydroxy_Glutaric_Acid-g_Lactone,16
20.75,E6_a-Hydroxy_Glutaric_Acid-g_Lactone,18
21.0,E6_a-Hydroxy_Glutaric_Acid-g_Lactone,14
21.25,E6_a-Hydroxy_Glutaric_Acid-g_Lactone,17
21.5,E6_a-Hydroxy_Glutaric_Acid-g_Lactone,15
21.75,E6_a-Hydroxy_Glutaric_Acid-g_Lactone,17
22.0,E6_a-Hydroxy_Glutaric_Acid-g_Lactone,15
22.25,E6_a-Hydroxy_Glutaric_Acid-g_Lactone,18
22.5,E6_a-Hydroxy_Glutaric_Acid-g_Lactone,15
22.75,E6_a-Hydroxy_Glutaric_Acid-g_Lactone,17
23.0,E6_a-Hydroxy_Glutaric_Acid-g_Lactone,17
23.25,E6_a-Hydroxy_Glutaric_Acid-g_Lactone,18
23.5,E6_a-Hydroxy_Glutaric_Acid-g_Lactone,17
23.75,E6_a-Hydroxy_Glutaric_Acid-g_Lactone,18
24.0,E6_a-Hydroxy_Glutaric_Acid-g_Lactone,20
24.25,E6_a-Hydroxy_Glutaric_Acid-g_Lactone,18
24.5,E6_a-Hydroxy_Glutaric_Acid-g_Lactone,17
24.75,E6_a-Hydroxy_Glutaric_Acid-g_Lactone,20
25.0,E6_a-Hydroxy_Glutaric_Acid-g_Lactone,20
25.25,E6_a-Hydroxy_Glutaric_Acid-g_Lactone,16
25.5,E6_a-Hydroxy_Glutaric_Acid-g_Lactone,19
25.75,E6_a-Hydroxy_Glutaric_Acid-g_Lactone,18
26.0,E6_a-Hydroxy_Glutaric_Acid-g_Lactone,20
26.25,E6_a-Hydroxy_Glutaric_Acid-g_Lactone,19
26.5,E6_a-Hydroxy_Glutaric_Acid-g_Lactone,18
26.75,E6_a-Hydroxy_Glutaric_Acid-g_Lactone,19
27.0,E6_a-Hydroxy_Glutaric_Acid-g_Lactone,19
27.25,E6_a-Hydroxy_Glutaric_Acid-g_Lactone,18
27.5,E6_a-Hydroxy_Glutaric_Acid-g_Lactone,16
27.75,E6_a-Hydroxy_Glutaric_Acid-g_Lactone,21
28.0,E6_a-Hydroxy_Glutaric_Acid-g_Lactone,18
28.25,E6_a-Hydroxy_Glutaric_Acid-g_Lactone,20
28.5,E6_a-Hydroxy_Glutaric_Acid-g_Lactone,23
28.75,E6_a-Hydroxy_Glutaric_Acid-g_Lactone,19
29.0,E6_a-Hydroxy_Glutaric_Acid-g_Lactone,22
29.25,E6_a-Hydroxy_Glutaric_Acid-g_Lactone,22
29.5,E6_a-Hydroxy_Glutaric_Acid-g_Lactone,21
29.75,E6_a-Hydroxy_Glutaric_Acid-g_Lactone,19
30.0,E6_a-Hydroxy_Glutaric_Acid-g_Lactone,17
30.25,E6_a-Hydroxy_Glutaric_Acid-g_Lactone,17
30.5,E6_a-Hydroxy_Glutaric_Acid-g_Lactone,21
30.75,E6_a-Hydroxy_Glutaric_Acid-g_Lactone,21
31.0,E6_a-Hydroxy_Glutaric_Acid-g_Lactone,22
31.25,E6_a-Hydroxy_Glutaric_Acid-g_Lactone,21
31.5,E6_a-Hydroxy_Glutaric_Acid-g_Lactone,19
31.75,E6_a-Hydroxy_Glutaric_Acid-g_Lactone,21
32.0,E6_a-Hydroxy_Glutaric_Acid-g_Lactone,23
32.25,E6_a-Hydroxy_Glutaric_Acid-g_Lactone,18
32.5,E6_a-Hydroxy_Glutaric_Acid-g_Lactone,20
32.75,E6_a-Hydroxy_Glutaric_Acid-g_Lactone,17
33.0,E6_a-Hydroxy_Glutaric_Acid-g_Lactone,18
33.25,E6_a-Hydroxy_Glutaric_Acid-g_Lactone,15
33.5,E6_a-Hydroxy_Glutaric_Acid-g_Lactone,17
33.75,E6_a-Hydroxy_Glutaric_Acid-g_Lactone,20
34.0,E6_a-Hydroxy_Glutaric_Acid-g_Lactone,21
34.25,E6_a-Hydroxy_Glutaric_Acid-g_Lactone,19
34.5,E6_a-Hydroxy_Glutaric_Acid-g_Lactone,21
34.75,E6_a-Hydroxy_Glutaric_Acid-g_Lactone,17
35.0,E6_a-Hydroxy_Glutaric_Acid-g_Lactone,22
35.25,E6_a-Hydroxy_Glutaric_Acid-g_Lactone,19
35.5,E6_a-Hydroxy_Glutaric_Acid-g_Lactone,19
35.75,E6_a-Hydroxy_Glutaric_Acid-g_Lactone,18
36.0,E6_a-Hydroxy_Glutaric_Acid-g_Lactone,21
36.25,E6_a-Hydroxy_Glutaric_Acid-g_Lactone,18
36.5,E6_a-Hydroxy_Glutaric_Acid-g_Lactone,20
36.75,E6_a-Hydroxy_Glutaric_Acid-g_Lactone,17
37.0,E6_a-Hydroxy_Glutaric_Acid-g_Lactone,17
37.25,E6_a-Hydroxy_Glutaric_Acid-g_Lactone,19
37.5,E6_a-Hydroxy_Glutaric_Acid-g_Lactone,20
37.75,E6_a-Hydroxy_Glutaric_Acid-g_Lactone,19
38.0,E6_a-Hydroxy_Glutaric_Acid-g_Lactone,22
38.25,E6_a-Hydroxy_Glutaric_Acid-g_Lactone,19
38.5,E6_a-Hydroxy_Glutaric_Acid-g_Lactone,19
38.75,E6_a-Hydroxy_Glutaric_Acid-g_Lactone,18
39.0,E6_a-Hydroxy_Glutaric_Acid-g_Lactone,20
39.25,E6_a-Hydroxy_Glutaric_Acid-g_Lactone,23
39.5,E6_a-Hydroxy_Glutaric_Acid-g_Lactone,22
39.75,E6_a-Hydroxy_Glutaric_Acid-g_Lactone,18
40.0,E6_a-Hydroxy_Glutaric_Acid-g_Lactone,18
40.25,E6_a-Hydroxy_Glutaric_Acid-g_Lactone,19
40.5,E6_a-Hydroxy_Glutaric_Acid-g_Lactone,18
40.75,E6_a-Hydroxy_Glutaric_Acid-g_Lactone,18
41.0,E6_a-Hydroxy_Glutaric_Acid-g_Lactone,23
41.25,E6_a-Hydroxy_Glutaric_Acid-g_Lactone,23
41.5,E6_a-Hydroxy_Glutaric_Acid-g_Lactone,24
41.75,E6_a-Hydroxy_Glutaric_Acid-g_Lactone,21
42.0,E6_a-Hydroxy_Glutaric_Acid-g_Lactone,19
42.25,E6_a-Hydroxy_Glutaric_Acid-g_Lactone,21
42.5,E6_a-Hydroxy_Glutaric_Acid-g_Lactone,18
42.75,E6_a-Hydroxy_Glutaric_Acid-g_Lactone,21
43.0,E6_a-Hydroxy_Glutaric_Acid-g_Lactone,24
43.25,E6_a-Hydroxy_Glutaric_Acid-g_Lactone,23
43.5,E6_a-Hydroxy_Glutaric_Acid-g_Lactone,23
43.75,E6_a-Hydroxy_Glutaric_Acid-g_Lactone,25
44.0,E6_a-Hydroxy_Glutaric_Acid-g_Lactone,22
44.25,E6_a-Hydroxy_Glutaric_Acid-g_Lactone,18
44.5,E6_a-Hydroxy_Glutaric_Acid-g_Lactone,22
44.75,E6_a-Hydroxy_Glutaric_Acid-g_Lactone,16
45.0,E6_a-Hydroxy_Glutaric_Acid-g_Lactone,23
45.25,E6_a-Hydroxy_Glutaric_Acid-g_Lactone,20
45.5,E6_a-Hydroxy_Glutaric_Acid-g_Lactone,22
45.75,E6_a-Hydroxy_Glutaric_Acid-g_Lactone,22
46.0,E6_a-Hydroxy_Glutaric_Acid-g_Lactone,20
46.25,E6_a-Hydroxy_Glutaric_Acid-g_Lactone,25
46.5,E6_a-Hydroxy_Glutaric_Acid-g_Lactone,20
46.75,E6_a-Hydroxy_Glutaric_Acid-g_Lactone,24
47.0,E6_a-Hydroxy_Glutaric_Acid-g_Lactone,19
47.25,E6_a-Hydroxy_Glutaric_Acid-g_Lactone,22
47.5,E6_a-Hydroxy_Glutaric_Acid-g_Lactone,26
47.75,E6_a-Hydroxy_Glutaric_Acid-g_Lactone,20
48.0,E6_a-Hydroxy_Glutaric_Acid-g_Lactone,24
48.25,E6_a-Hydroxy_Glutaric_Acid-g_Lactone,20
0.0,E7_a-Hydroxy_Butyric_Acid,11
0.25,E7_a-Hydroxy_Butyric_Acid,11
0.5,E7_a-Hydroxy_Butyric_Acid,11
0.75,E7_a-Hydroxy_Butyric_Acid,11
1.0,E7_a-Hydroxy_Butyric_Acid,11
1.25,E7_a-Hydroxy_Butyric_Acid,11
1.5,E7_a-Hydroxy_Butyric_Acid,11
1.75,E7_a-Hydroxy_Butyric_Acid,11
2.0,E7_a-Hydroxy_Butyric_Acid,11
2.25,E7_a-Hydroxy_Butyric_Acid,11
2.5,E7_a-Hydroxy_Butyric_Acid,11
2.75,E7_a-Hydroxy_Butyric_Acid,11
3.0,E7_a-Hydroxy_Butyric_Acid,11
3.25,E7_a-Hydroxy_Butyric_Acid,11
3.5,E7_a-Hydroxy_Butyric_Acid,11
3.75,E7_a-Hydroxy_Butyric_Acid,11
4.0,E7_a-Hydroxy_Butyric_Acid,11
4.25,E7_a-Hydroxy_Butyric_Acid,11
4.5,E7_a-Hydroxy_Butyric_Acid,11
4.75,E7_a-Hydroxy_Butyric_Acid,11
5.0,E7_a-Hydroxy_Butyric_Acid,11
5.25,E7_a-Hydroxy_Butyric_Acid,11
5.5,E7_a-Hydroxy_Butyric_Acid,11
5.75,E7_a-Hydroxy_Butyric_Acid,11
6.0,E7_a-Hydroxy_Butyric_Acid,11
6.25,E7_a-Hydroxy_Butyric_Acid,11
6.5,E7_a-Hydroxy_Butyric_Acid,11
6.75,E7_a-Hydroxy_Butyric_Acid,11
7.0,E7_a-Hydroxy_Butyric_Acid,11
7.25,E7_a-Hydroxy_Butyric_Acid,11
7.5,E7_a-Hydroxy_Butyric_Acid,11
7.75,E7_a-Hydroxy_Butyric_Acid,11
8.0,E7_a-Hydroxy_Butyric_Acid,11
8.25,E7_a-Hydroxy_Butyric_Acid,11
8.5,E7_a-Hydroxy_Butyric_Acid,11
8.75,E7_a-Hydroxy_Butyric_Acid,11
9.0,E7_a-Hydroxy_Butyric_Acid,11
9.25,E7_a-Hydroxy_Butyric_Acid,11
9.5,E7_a-Hydroxy_Butyric_Acid,11
9.75,E7_a-Hydroxy_Butyric_Acid,11
10.0,E7_a-Hydroxy_Butyric_Acid,11
10.25,E7_a-Hydroxy_Butyric_Acid,11
10.5,E7_a-Hydroxy_Butyric_Acid,11
10.75,E7_a-Hydroxy_Butyric_Acid,11
11.0,E7_a-Hydroxy_Butyric_Acid,11
11.25,E7_a-Hydroxy_Butyric_Acid,11
11.5,E7_a-Hydroxy_Butyric_Acid,11
11.75,E7_a-Hydroxy_Butyric_Acid,11
12.0,E7_a-Hydroxy_Butyric_Acid,11
12.25,E7_a-Hydroxy_Butyric_Acid,11
12.5,E7_a-Hydroxy_Butyric_Acid,11
12.75,E7_a-Hydroxy_Butyric_Acid,11
13.0,E7_a-Hydroxy_Butyric_Acid,11
13.25,E7_a-Hydroxy_Butyric_Acid,11
13.5,E7_a-Hydroxy_Butyric_Acid,11
13.75,E7_a-Hydroxy_Butyric_Acid,11
14.0,E7_a-Hydroxy_Butyric_Acid,11
14.25,E7_a-Hydroxy_Butyric_Acid,11
14.5,E7_a-Hydroxy_Butyric_Acid,11
14.75,E7_a-Hydroxy_Butyric_Acid,13
15.0,E7_a-Hydroxy_Butyric_Acid,11
15.25,E7_a-Hydroxy_Butyric_Acid,11
15.5,E7_a-Hydroxy_Butyric_Acid,11
15.75,E7_a-Hydroxy_Butyric_Acid,11
16.0,E7_a-Hydroxy_Butyric_Acid,11
16.25,E7_a-Hydroxy_Butyric_Acid,12
16.5,E7_a-Hydroxy_Butyric_Acid,13
16.75,E7_a-Hydroxy_Butyric_Acid,11
17.0,E7_a-Hydroxy_Butyric_Acid,11
17.25,E7_a-Hydroxy_Butyric_Acid,11
17.5,E7_a-Hydroxy_Butyric_Acid,11
17.75,E7_a-Hydroxy_Butyric_Acid,11
18.0,E7_a-Hydroxy_Butyric_Acid,11
18.25,E7_a-Hydroxy_Butyric_Acid,13
18.5,E7_a-Hydroxy_Butyric_Acid,11
18.75,E7_a-Hydroxy_Butyric_Acid,13
19.0,E7_a-Hydroxy_Butyric_Acid,11
19.25,E7_a-Hydroxy_Butyric_Acid,11
19.5,E7_a-Hydroxy_Butyric_Acid,11
19.75,E7_a-Hydroxy_Butyric_Acid,11
20.0,E7_a-Hydroxy_Butyric_Acid,14
20.25,E7_a-Hydroxy_Butyric_Acid,11
20.5,E7_a-Hydroxy_Butyric_Acid,11
20.75,E7_a-Hydroxy_Butyric_Acid,11
21.0,E7_a-Hydroxy_Butyric_Acid,12
21.25,E7_a-Hydroxy_Butyric_Acid,11
21.5,E7_a-Hydroxy_Butyric_Acid,13
21.75,E7_a-Hydroxy_Butyric_Acid,11
22.0,E7_a-Hydroxy_Butyric_Acid,11
22.25,E7_a-Hydroxy_Butyric_Acid,11
22.5,E7_a-Hydroxy_Butyric_Acid,11
22.75,E7_a-Hydroxy_Butyric_Acid,11
23.0,E7_a-Hydroxy_Butyric_Acid,14
23.25,E7_a-Hydroxy_Butyric_Acid,12
23.5,E7_a-Hydroxy_Butyric_Acid,13
23.75,E7_a-Hydroxy_Butyric_Acid,11
24.0,E7_a-Hydroxy_Butyric_Acid,11
24.25,E7_a-Hydroxy_Butyric_Acid,12
24.5,E7_a-Hydroxy_Butyric_Acid,11
24.75,E7_a-Hydroxy_Butyric_Acid,15
25.0,E7_a-Hydroxy_Butyric_Acid,12
25.25,E7_a-Hydroxy_Butyric_Acid,15
25.5,E7_a-Hydroxy_Butyric_Acid,14
25.75,E7_a-Hydroxy_Butyric_Acid,11
26.0,E7_a-Hydroxy_Butyric_Acid,11
26.25,E7_a-Hydroxy_Butyric_Acid,13
26.5,E7_a-Hydroxy_Butyric_Acid,11
26.75,E7_a-Hydroxy_Butyric_Acid,11
27.0,E7_a-Hydroxy_Butyric_Acid,11
27.25,E7_a-Hydroxy_Butyric_Acid,13
27.5,E7_a-Hydroxy_Butyric_Acid,16
27.75,E7_a-Hydroxy_Butyric_Acid,11
28.0,E7_a-Hydroxy_Butyric_Acid,12
28.25,E7_a-Hydroxy_Butyric_Acid,13
28.5,E7_a-Hydroxy_Butyric_Acid,12
28.75,E7_a-Hydroxy_Butyric_Acid,12
29.0,E7_a-Hydroxy_Butyric_Acid,13
29.25,E7_a-Hydroxy_Butyric_Acid,11
29.5,E7_a-Hydroxy_Butyric_Acid,11
29.75,E7_a-Hydroxy_Butyric_Acid,15
30.0,E7_a-Hydroxy_Butyric_Acid,14
30.25,E7_a-Hydroxy_Butyric_Acid,11
30.5,E7_a-Hydroxy_Butyric_Acid,14
30.75,E7_a-Hydroxy_Butyric_Acid,17
31.0,E7_a-Hydroxy_Butyric_Acid,13
31.25,E7_a-Hydroxy_Butyric_Acid,14
31.5,E7_a-Hydroxy_Butyric_Acid,13
31.75,E7_a-Hydroxy_Butyric_Acid,12
32.0,E7_a-Hydroxy_Butyric_Acid,13
32.25,E7_a-Hydroxy_Butyric_Acid,12
32.5,E7_a-Hydroxy_Butyric_Acid,14
32.75,E7_a-Hydroxy_Butyric_Acid,11
33.0,E7_a-Hydroxy_Butyric_Acid,13
33.25,E7_a-Hydroxy_Butyric_Acid,13
33.5,E7_a-Hydroxy_Butyric_Acid,11
33.75,E7_a-Hydroxy_Butyric_Acid,12
34.0,E7_a-Hydroxy_Butyric_Acid,13
34.25,E7_a-Hydroxy_Butyric_Acid,14
34.5,E7_a-Hydroxy_Butyric_Acid,12
34.75,E7_a-Hydroxy_Butyric_Acid,11
35.0,E7_a-Hydroxy_Butyric_Acid,13
35.25,E7_a-Hydroxy_Butyric_Acid,11
35.5,E7_a-Hydroxy_Butyric_Acid,11
35.75,E7_a-Hydroxy_Butyric_Acid,11
36.0,E7_a-Hydroxy_Butyric_Acid,12
36.25,E7_a-Hydroxy_Butyric_Acid,16
36.5,E7_a-Hydroxy_Butyric_Acid,14
36.75,E7_a-Hydroxy_Butyric_Acid,11
37.0,E7_a-Hydroxy_Butyric_Acid,15
37.25,E7_a-Hydroxy_Butyric_Acid,12
37.5,E7_a-Hydroxy_Butyric_Acid,12
37.75,E7_a-Hydroxy_Butyric_Acid,15
38.0,E7_a-Hydroxy_Butyric_Acid,15
38.25,E7_a-Hydroxy_Butyric_Acid,16
38.5,E7_a-Hydroxy_Butyric_Acid,11
38.75,E7_a-Hydroxy_Butyric_Acid,13
39.0,E7_a-Hydroxy_Butyric_Acid,11
39.25,E7_a-Hydroxy_Butyric_Acid,13
39.5,E7_a-Hydroxy_Butyric_Acid,12
39.75,E7_a-Hydroxy_Butyric_Acid,14
40.0,E7_a-Hydroxy_Butyric_Acid,14
40.25,E7_a-Hydroxy_Butyric_Acid,11
40.5,E7_a-Hydroxy_Butyric_Acid,14
40.75,E7_a-Hydroxy_Butyric_Acid,16
41.0,E7_a-Hydroxy_Butyric_Acid,11
41.25,E7_a-Hydroxy_Butyric_Acid,12
41.5,E7_a-Hydroxy_Butyric_Acid,12
41.75,E7_a-Hydroxy_Butyric_Acid,13
42.0,E7_a-Hydroxy_Butyric_Acid,15
42.25,E7_a-Hydroxy_Butyric_Acid,16
42.5,E7_a-Hydroxy_Butyric_Acid,11
42.75,E7_a-Hydroxy_Butyric_Acid,12
43.0,E7_a-Hydroxy_Butyric_Acid,15
43.25,E7_a-Hydroxy_Butyric_Acid,16
43.5,E7_a-Hydroxy_Butyric_Acid,15
43.75,E7_a-Hydroxy_Butyric_Acid,16
44.0,E7_a-Hydroxy_Butyric_Acid,14
44.25,E7_a-Hydroxy_Butyric_Acid,13
44.5,E7_a-Hydroxy_Butyric_Acid,11
44.75,E7_a-Hydroxy_Butyric_Acid,16
45.0,E7_a-Hydroxy_Butyric_Acid,15
45.25,E7_a-Hydroxy_Butyric_Acid,11
45.5,E7_a-Hydroxy_Butyric_Acid,15
45.75,E7_a-Hydroxy_Butyric_Acid,12
46.0,E7_a-Hydroxy_Butyric_Acid,11
46.25,E7_a-Hydroxy_Butyric_Acid,13
46.5,E7_a-Hydroxy_Butyric_Acid,19
46.75,E7_a-Hydroxy_Butyric_Acid,13
47.0,E7_a-Hydroxy_Butyric_Acid,13
47.25,E7_a-Hydroxy_Butyric_Acid,15
47.5,E7_a-Hydroxy_Butyric_Acid,17
47.75,E7_a-Hydroxy_Butyric_Acid,15
48.0,E7_a-Hydroxy_Butyric_Acid,16
48.25,E7_a-Hydroxy_Butyric_Acid,16
0.0,E8_B-Methyl-D_Glucoside,11
0.25,E8_B-Methyl-D_Glucoside,11
0.5,E8_B-Methyl-D_Glucoside,11
0.75,E8_B-Methyl-D_Glucoside,11
1.0,E8_B-Methyl-D_Glucoside,11
1.25,E8_B-Methyl-D_Glucoside,11
1.5,E8_B-Methyl-D_Glucoside,11
1.75,E8_B-Methyl-D_Glucoside,11
2.0,E8_B-Methyl-D_Glucoside,11
2.25,E8_B-Methyl-D_Glucoside,11
2.5,E8_B-Methyl-D_Glucoside,11
2.75,E8_B-Methyl-D_Glucoside,11
3.0,E8_B-Methyl-D_Glucoside,11
3.25,E8_B-Methyl-D_Glucoside,11
3.5,E8_B-Methyl-D_Glucoside,11
3.75,E8_B-Methyl-D_Glucoside,11
4.0,E8_B-Methyl-D_Glucoside,11
4.25,E8_B-Methyl-D_Glucoside,11
4.5,E8_B-Methyl-D_Glucoside,11
4.75,E8_B-Methyl-D_Glucoside,11
5.0,E8_B-Methyl-D_Glucoside,11
5.25,E8_B-Methyl-D_Glucoside,11
5.5,E8_B-Methyl-D_Glucoside,11
5.75,E8_B-Methyl-D_Glucoside,11
6.0,E8_B-Methyl-D_Glucoside,11
6.25,E8_B-Methyl-D_Glucoside,11
6.5,E8_B-Methyl-D_Glucoside,11
6.75,E8_B-Methyl-D_Glucoside,11
7.0,E8_B-Methyl-D_Glucoside,11
7.25,E8_B-Methyl-D_Glucoside,11
7.5,E8_B-Methyl-D_Glucoside,11
7.75,E8_B-Methyl-D_Glucoside,11
8.0,E8_B-Methyl-D_Glucoside,11
8.25,E8_B-Methyl-D_Glucoside,11
8.5,E8_B-Methyl-D_Glucoside,11
8.75,E8_B-Methyl-D_Glucoside,11
9.0,E8_B-Methyl-D_Glucoside,11
9.25,E8_B-Methyl-D_Glucoside,11
9.5,E8_B-Methyl-D_Glucoside,11
9.75,E8_B-Methyl-D_Glucoside,11
10.0,E8_B-Methyl-D_Glucoside,11
10.25,E8_B-Methyl-D_Glucoside,11
10.5,E8_B-Methyl-D_Glucoside,11
10.75,E8_B-Methyl-D_Glucoside,11
11.0,E8_B-Methyl-D_Glucoside,11
11.25,E8_B-Methyl-D_Glucoside,11
11.5,E8_B-Methyl-D_Glucoside,11
11.75,E8_B-Methyl-D_Glucoside,11
12.0,E8_B-Methyl-D_Glucoside,12
12.25,E8_B-Methyl-D_Glucoside,11
12.5,E8_B-Methyl-D_Glucoside,11
12.75,E8_B-Methyl-D_Glucoside,11
13.0,E8_B-Methyl-D_Glucoside,11
13.25,E8_B-Methyl-D_Glucoside,12
13.5,E8_B-Methyl-D_Glucoside,11
13.75,E8_B-Methyl-D_Glucoside,11
14.0,E8_B-Methyl-D_Glucoside,11
14.25,E8_B-Methyl-D_Glucoside,11
14.5,E8_B-Methyl-D_Glucoside,11
14.75,E8_B-Methyl-D_Glucoside,11
15.0,E8_B-Methyl-D_Glucoside,12
15.25,E8_B-Methyl-D_Glucoside,11
15.5,E8_B-Methyl-D_Glucoside,13
15.75,E8_B-Methyl-D_Glucoside,12
16.0,E8_B-Methyl-D_Glucoside,11
16.25,E8_B-Methyl-D_Glucoside,11
16.5,E8_B-Methyl-D_Glucoside,11
16.75,E8_B-Methyl-D_Glucoside,13
17.0,E8_B-Methyl-D_Glucoside,12
17.25,E8_B-Methyl-D_Glucoside,11
17.5,E8_B-Methyl-D_Glucoside,14
17.75,E8_B-Methyl-D_Glucoside,13
18.0,E8_B-Methyl-D_Glucoside,13
18.25,E8_B-Methyl-D_Glucoside,11
18.5,E8_B-Methyl-D_Glucoside,12
18.75,E8_B-Methyl-D_Glucoside,12
19.0,E8_B-Methyl-D_Glucoside,11
19.25,E8_B-Methyl-D_Glucoside,12
19.5,E8_B-Methyl-D_Glucoside,12
19.75,E8_B-Methyl-D_Glucoside,11
20.0,E8_B-Methyl-D_Glucoside,13
20.25,E8_B-Methyl-D_Glucoside,11
20.5,E8_B-Methyl-D_Glucoside,11
20.75,E8_B-Methyl-D_Glucoside,12
21.0,E8_B-Methyl-D_Glucoside,15
21.25,E8_B-Methyl-D_Glucoside,11
21.5,E8_B-Methyl-D_Glucoside,11
21.75,E8_B-Methyl-D_Glucoside,11
22.0,E8_B-Methyl-D_Glucoside,12
22.25,E8_B-Methyl-D_Glucoside,14
22.5,E8_B-Methyl-D_Glucoside,14
22.75,E8_B-Methyl-D_Glucoside,13
23.0,E8_B-Methyl-D_Glucoside,12
23.25,E8_B-Methyl-D_Glucoside,11
23.5,E8_B-Methyl-D_Glucoside,17
23.75,E8_B-Methyl-D_Glucoside,11
24.0,E8_B-Methyl-D_Glucoside,12
24.25,E8_B-Methyl-D_Glucoside,11
24.5,E8_B-Methyl-D_Glucoside,11
24.75,E8_B-Methyl-D_Glucoside,11
25.0,E8_B-Methyl-D_Glucoside,14
25.25,E8_B-Methyl-D_Glucoside,11
25.5,E8_B-Methyl-D_Glucoside,12
25.75,E8_B-Methyl-D_Glucoside,16
26.0,E8_B-Methyl-D_Glucoside,11
26.25,E8_B-Methyl-D_Glucoside,11
26.5,E8_B-Methyl-D_Glucoside,12
26.75,E8_B-Methyl-D_Glucoside,14
27.0,E8_B-Methyl-D_Glucoside,13
27.25,E8_B-Methyl-D_Glucoside,11
27.5,E8_B-Methyl-D_Glucoside,13
27.75,E8_B-Methyl-D_Glucoside,12
28.0,E8_B-Methyl-D_Glucoside,13
28.25,E8_B-Methyl-D_Glucoside,12
28.5,E8_B-Methyl-D_Glucoside,15
28.75,E8_B-Methyl-D_Glucoside,13
29.0,E8_B-Methyl-D_Glucoside,11
29.25,E8_B-Methyl-D_Glucoside,11
29.5,E8_B-Methyl-D_Glucoside,11
29.75,E8_B-Methyl-D_Glucoside,11
30.0,E8_B-Methyl-D_Glucoside,15
30.25,E8_B-Methyl-D_Glucoside,11
30.5,E8_B-Methyl-D_Glucoside,11
30.75,E8_B-Methyl-D_Glucoside,11
31.0,E8_B-Methyl-D_Glucoside,13
31.25,E8_B-Methyl-D_Glucoside,13
31.5,E8_B-Methyl-D_Glucoside,15
31.75,E8_B-Methyl-D_Glucoside,11
32.0,E8_B-Methyl-D_Glucoside,12
32.25,E8_B-Methyl-D_Glucoside,17
32.5,E8_B-Methyl-D_Glucoside,11
32.75,E8_B-Methyl-D_Glucoside,12
33.0,E8_B-Methyl-D_Glucoside,11
33.25,E8_B-Methyl-D_Glucoside,12
33.5,E8_B-Methyl-D_Glucoside,11
33.75,E8_B-Methyl-D_Glucoside,11
34.0,E8_B-Methyl-D_Glucoside,11
34.25,E8_B-Methyl-D_Glucoside,11
34.5,E8_B-Methyl-D_Glucoside,14
34.75,E8_B-Methyl-D_Glucoside,11
35.0,E8_B-Methyl-D_Glucoside,12
35.25,E8_B-Methyl-D_Glucoside,15
35.5,E8_B-Methyl-D_Glucoside,13
35.75,E8_B-Methyl-D_Glucoside,17
36.0,E8_B-Methyl-D_Glucoside,12
36.25,E8_B-Methyl-D_Glucoside,11
36.5,E8_B-Methyl-D_Glucoside,11
36.75,E8_B-Methyl-D_Glucoside,13
37.0,E8_B-Methyl-D_Glucoside,13
37.25,E8_B-Methyl-D_Glucoside,11
37.5,E8_B-Methyl-D_Glucoside,14
37.75,E8_B-Methyl-D_Glucoside,11
38.0,E8_B-Methyl-D_Glucoside,13
38.25,E8_B-Methyl-D_Glucoside,12
38.5,E8_B-Methyl-D_Glucoside,11
38.75,E8_B-Methyl-D_Glucoside,11
39.0,E8_B-Methyl-D_Glucoside,13
39.25,E8_B-Methyl-D_Glucoside,14
39.5,E8_B-Methyl-D_Glucoside,11
39.75,E8_B-Methyl-D_Glucoside,14
40.0,E8_B-Methyl-D_Glucoside,15
40.25,E8_B-Methyl-D_Glucoside,11
40.5,E8_B-Methyl-D_Glucoside,13
40.75,E8_B-Methyl-D_Glucoside,12
41.0,E8_B-Methyl-D_Glucoside,11
41.25,E8_B-Methyl-D_Glucoside,11
41.5,E8_B-Methyl-D_Glucoside,16
41.75,E8_B-Methyl-D_Glucoside,13
42.0,E8_B-Methyl-D_Glucoside,13
42.25,E8_B-Methyl-D_Glucoside,14
42.5,E8_B-Methyl-D_Glucoside,15
42.75,E8_B-Methyl-D_Glucoside,13
43.0,E8_B-Methyl-D_Glucoside,16
43.25,E8_B-Methyl-D_Glucoside,11
43.5,E8_B-Methyl-D_Glucoside,12
43.75,E8_B-Methyl-D_Glucoside,17
44.0,E8_B-Methyl-D_Glucoside,11
44.25,E8_B-Methyl-D_Glucoside,11
44.5,E8_B-Methyl-D_Glucoside,16
44.75,E8_B-Methyl-D_Glucoside,15
45.0,E8_B-Methyl-D_Glucoside,13
45.25,E8_B-Methyl-D_Glucoside,11
45.5,E8_B-Methyl-D_Glucoside,11
45.75,E8_B-Methyl-D_Glucoside,13
46.0,E8_B-Methyl-D_Glucoside,11
46.25,E8_B-Methyl-D_Glucoside,12
46.5,E8_B-Methyl-D_Glucoside,19
46.75,E8_B-Methyl-D_Glucoside,13
47.0,E8_B-Methyl-D_Glucoside,11
47.25,E8_B-Methyl-D_Glucoside,14
47.5,E8_B-Methyl-D_Glucoside,17
47.75,E8_B-Methyl-D_Glucoside,14
48.0,E8_B-Methyl-D_Glucoside,13
48.25,E8_B-Methyl-D_Glucoside,12
0.0,E9_Adonitol,11
0.25,E9_Adonitol,11
0.5,E9_Adonitol,11
0.75,E9_Adonitol,11
1.0,E9_Adonitol,11
1.25,E9_Adonitol,11
1.5,E9_Adonitol,11
1.75,E9_Adonitol,11
2.0,E9_Adonitol,11
2.25,E9_Adonitol,11
2.5,E9_Adonitol,11
2.75,E9_Adonitol,11
3.0,E9_Adonitol,11
3.25,E9_Adonitol,11
3.5,E9_Adonitol,11
3.75,E9_Adonitol,11
4.0,E9_Adonitol,11
4.25,E9_Adonitol,11
4.5,E9_Adonitol,11
4.75,E9_Adonitol,11
5.0,E9_Adonitol,11
5.25,E9_Adonitol,11
5.5,E9_Adonitol,11
5.75,E9_Adonitol,11
6.0,E9_Adonitol,11
6.25,E9_Adonitol,11
6.5,E9_Adonitol,11
6.75,E9_Adonitol,11
7.0,E9_Adonitol,11
7.25,E9_Adonitol,11
7.5,E9_Adonitol,11
7.75,E9_Adonitol,11
8.0,E9_Adonitol,11
8.25,E9_Adonitol,11
8.5,E9_Adonitol,12
8.75,E9_Adonitol,11
9.0,E9_Adonitol,11
9.25,E9_Adonitol,12
9.5,E9_Adonitol,11
9.75,E9_Adonitol,13
10.0,E9_Adonitol,11
10.25,E9_Adonitol,11
10.5,E9_Adonitol,11
10.75,E9_Adonitol,11
11.0,E9_Adonitol,11
11.25,E9_Adonitol,11
11.5,E9_Adonitol,16
11.75,E9_Adonitol,14
12.0,E9_Adonitol,11
12.25,E9_Adonitol,11
12.5,E9_Adonitol,16
12.75,E9_Adonitol,15
13.0,E9_Adonitol,11
13.25,E9_Adonitol,17
13.5,E9_Adonitol,15
13.75,E9_Adonitol,12
14.0,E9_Adonitol,12
14.25,E9_Adonitol,13
14.5,E9_Adonitol,16
14.75,E9_Adonitol,15
15.0,E9_Adonitol,13
15.25,E9_Adonitol,16
15.5,E9_Adonitol,13
15.75,E9_Adonitol,14
16.0,E9_Adonitol,16
16.25,E9_Adonitol,14
16.5,E9_Adonitol,15
16.75,E9_Adonitol,15
17.0,E9_Adonitol,14
17.25,E9_Adonitol,15
17.5,E9_Adonitol,16
17.75,E9_Adonitol,13
18.0,E9_Adonitol,16
18.25,E9_Adonitol,18
18.5,E9_Adonitol,15
18.75,E9_Adonitol,16
19.0,E9_Adonitol,16
19.25,E9_Adonitol,16
19.5,E9_Adonitol,14
19.75,E9_Adonitol,14
20.0,E9_Adonitol,18
20.25,E9_Adonitol,18
20.5,E9_Adonitol,18
20.75,E9_Adonitol,19
21.0,E9_Adonitol,17
21.25,E9_Adonitol,14
21.5,E9_Adonitol,18
21.75,E9_Adonitol,15
22.0,E9_Adonitol,17
22.25,E9_Adonitol,16
22.5,E9_Adonitol,18
22.75,E9_Adonitol,15
23.0,E9_Adonitol,12
23.25,E9_Adonitol,17
23.5,E9_Adonitol,17
23.75,E9_Adonitol,17
24.0,E9_Adonitol,16
24.25,E9_Adonitol,19
24.5,E9_Adonitol,11
24.75,E9_Adonitol,13
25.0,E9_Adonitol,15
25.25,E9_Adonitol,18
25.5,E9_Adonitol,19
25.75,E9_Adonitol,17
26.0,E9_Adonitol,13
26.25,E9_Adonitol,12
26.5,E9_Adonitol,16
26.75,E9_Adonitol,13
27.0,E9_Adonitol,17
27.25,E9_Adonitol,16
27.5,E9_Adonitol,18
27.75,E9_Adonitol,18
28.0,E9_Adonitol,17
28.25,E9_Adonitol,17
28.5,E9_Adonitol,17
28.75,E9_Adonitol,19
29.0,E9_Adonitol,17
29.25,E9_Adonitol,16
29.5,E9_Adonitol,18
29.75,E9_Adonitol,16
30.0,E9_Adonitol,17
30.25,E9_Adonitol,15
30.5,E9_Adonitol,14
30.75,E9_Adonitol,15
31.0,E9_Adonitol,18
31.25,E9_Adonitol,18
31.5,E9_Adonitol,19
31.75,E9_Adonitol,19
32.0,E9_Adonitol,19
32.25,E9_Adonitol,17
32.5,E9_Adonitol,15
32.75,E9_Adonitol,13
33.0,E9_Adonitol,22
33.25,E9_Adonitol,14
33.5,E9_Adonitol,20
33.75,E9_Adonitol,19
34.0,E9_Adonitol,15
34.25,E9_Adonitol,19
34.5,E9_Adonitol,16
34.75,E9_Adonitol,17
35.0,E9_Adonitol,15
35.25,E9_Adonitol,14
35.5,E9_Adonitol,16
35.75,E9_Adonitol,18
36.0,E9_Adonitol,19
36.25,E9_Adonitol,16
36.5,E9_Adonitol,15
36.75,E9_Adonitol,15
37.0,E9_Adonitol,17
37.25,E9_Adonitol,15
37.5,E9_Adonitol,18
37.75,E9_Adonitol,18
38.0,E9_Adonitol,19
38.25,E9_Adonitol,18
38.5,E9_Adonitol,13
38.75,E9_Adonitol,16
39.0,E9_Adonitol,18
39.25,E9_Adonitol,17
39.5,E9_Adonitol,15
39.75,E9_Adonitol,17
40.0,E9_Adonitol,20
40.25,E9_Adonitol,19
40.5,E9_Adonitol,19
40.75,E9_Adonitol,20
41.0,E9_Adonitol,21
41.25,E9_Adonitol,20
41.5,E9_Adonitol,19
41.75,E9_Adonitol,22
42.0,E9_Adonitol,19
42.25,E9_Adonitol,18
42.5,E9_Adonitol,22
42.75,E9_Adonitol,20
43.0,E9_Adonitol,22
43.25,E9_Adonitol,18
43.5,E9_Adonitol,17
43.75,E9_Adonitol,22
44.0,E9_Adonitol,18
44.25,E9_Adonitol,13
44.5,E9_Adonitol,16
44.75,E9_Adonitol,18
45.0,E9_Adonitol,17
45.25,E9_Adonitol,21
45.5,E9_Adonitol,19
45.75,E9_Adonitol,22
46.0,E9_Adonitol,20
46.25,E9_Adonitol,19
46.5,E9_Adonitol,19
46.75,E9_Adonitol,18
47.0,E9_Adonitol,19
47.25,E9_Adonitol,20
47.5,E9_Adonitol,20
47.75,E9_Adonitol,18
48.0,E9_Adonitol,21
48.25,E9_Adonitol,20
0.0,E10_Maltotriose,11
0.25,E10_Maltotriose,11
0.5,E10_Maltotriose,11
0.75,E10_Maltotriose,12
1.0,E10_Maltotriose,11
1.25,E10_Maltotriose,11
1.5,E10_Maltotriose,12
1.75,E10_Maltotriose,11
2.0,E10_Maltotriose,12
2.25,E10_Maltotriose,11
2.5,E10_Maltotriose,11
2.75,E10_Maltotriose,11
3.0,E10_Maltotriose,11
3.25,E10_Maltotriose,11
3.5,E10_Maltotriose,11
3.75,E10_Maltotriose,11
4.0,E10_Maltotriose,12
4.25,E10_Maltotriose,13
4.5,E10_Maltotriose,13
4.75,E10_Maltotriose,12
5.0,E10_Maltotriose,11
5.25,E10_Maltotriose,11
5.5,E10_Maltotriose,11
5.75,E10_Maltotriose,12
6.0,E10_Maltotriose,14
6.25,E10_Maltotriose,11
6.5,E10_Maltotriose,11
6.75,E10_Maltotriose,11
7.0,E10_Maltotriose,13
7.25,E10_Maltotriose,11
7.5,E10_Maltotriose,12
7.75,E10_Maltotriose,13
8.0,E10_Maltotriose,14
8.25,E10_Maltotriose,13
8.5,E10_Maltotriose,13
8.75,E10_Maltotriose,14
9.0,E10_Maltotriose,13
9.25,E10_Maltotriose,16
9.5,E10_Maltotriose,17
9.75,E10_Maltotriose,14
10.0,E10_Maltotriose,13
10.25,E10_Maltotriose,15
10.5,E10_Maltotriose,14
10.75,E10_Maltotriose,18
11.0,E10_Maltotriose,15
11.25,E10_Maltotriose,18
11.5,E10_Maltotriose,19
11.75,E10_Maltotriose,19
12.0,E10_Maltotriose,19
12.25,E10_Maltotriose,20
12.5,E10_Maltotriose,20
12.75,E10_Maltotriose,11
13.0,E10_Maltotriose,14
13.25,E10_Maltotriose,21
13.5,E10_Maltotriose,23
13.75,E10_Maltotriose,22
14.0,E10_Maltotriose,19
14.25,E10_Maltotriose,21
14.5,E10_Maltotriose,21
14.75,E10_Maltotriose,20
15.0,E10_Maltotriose,20
15.25,E10_Maltotriose,23
15.5,E10_Maltotriose,23
15.75,E10_Maltotriose,22
16.0,E10_Maltotriose,26
16.25,E10_Maltotriose,22
16.5,E10_Maltotriose,19
16.75,E10_Maltotriose,22
17.0,E10_Maltotriose,25
17.25,E10_Maltotriose,21
17.5,E10_Maltotriose,23
17.75,E10_Maltotriose,25
18.0,E10_Maltotriose,23
18.25,E10_Maltotriose,24
18.5,E10_Maltotriose,22
18.75,E10_Maltotriose,20
19.0,E10_Maltotriose,22
19.25,E10_Maltotriose,26
19.5,E10_Maltotriose,27
19.75,E10_Maltotriose,26
20.0,E10_Maltotriose,27
20.25,E10_Maltotriose,28
20.5,E10_Maltotriose,29
20.75,E10_Maltotriose,24
21.0,E10_Maltotriose,24
21.25,E10_Maltotriose,26
21.5,E10_Maltotriose,31
21.75,E10_Maltotriose,27
22.0,E10_Maltotriose,27
22.25,E10_Maltotriose,28
22.5,E10_Maltotriose,29
22.75,E10_Maltotriose,30
23.0,E10_Maltotriose,31
23.25,E10_Maltotriose,31
23.5,E10_Maltotriose,30
23.75,E10_Maltotriose,29
24.0,E10_Maltotriose,30
24.25,E10_Maltotriose,30
24.5,E10_Maltotriose,31
24.75,E10_Maltotriose,32
25.0,E10_Maltotriose,32
25.25,E10_Maltotriose,33
25.5,E10_Maltotriose,35
25.75,E10_Maltotriose,32
26.0,E10_Maltotriose,28
26.25,E10_Maltotriose,32
26.5,E10_Maltotriose,37
26.75,E10_Maltotriose,34
27.0,E10_Maltotriose,33
27.25,E10_Maltotriose,35
27.5,E10_Maltotriose,37
27.75,E10_Maltotriose,38
28.0,E10_Maltotriose,37
28.25,E10_Maltotriose,34
28.5,E10_Maltotriose,36
28.75,E10_Maltotriose,42
29.0,E10_Maltotriose,38
29.25,E10_Maltotriose,37
29.5,E10_Maltotriose,39
29.75,E10_Maltotriose,34
30.0,E10_Maltotriose,36
30.25,E10_Maltotriose,37
30.5,E10_Maltotriose,41
30.75,E10_Maltotriose,39
31.0,E10_Maltotriose,37
31.25,E10_Maltotriose,37
31.5,E10_Maltotriose,38
31.75,E10_Maltotriose,43
32.0,E10_Maltotriose,39
32.25,E10_Maltotriose,42
32.5,E10_Maltotriose,37
32.75,E10_Maltotriose,45
33.0,E10_Maltotriose,44
33.25,E10_Maltotriose,43
33.5,E10_Maltotriose,43
33.75,E10_Maltotriose,48
34.0,E10_Maltotriose,44
34.25,E10_Maltotriose,47
34.5,E10_Maltotriose,49
34.75,E10_Maltotriose,49
35.0,E10_Maltotriose,45
35.25,E10_Maltotriose,44
35.5,E10_Maltotriose,52
35.75,E10_Maltotriose,51
36.0,E10_Maltotriose,50
36.25,E10_Maltotriose,53
36.5,E10_Maltotriose,51
36.75,E10_Maltotriose,52
37.0,E10_Maltotriose,50
37.25,E10_Maltotriose,49
37.5,E10_Maltotriose,49
37.75,E10_Maltotriose,53
38.0,E10_Maltotriose,49
38.25,E10_Maltotriose,51
38.5,E10_Maltotriose,55
38.75,E10_Maltotriose,54
39.0,E10_Maltotriose,56
39.25,E10_Maltotriose,54
39.5,E10_Maltotriose,57
39.75,E10_Maltotriose,52
40.0,E10_Maltotriose,55
40.25,E10_Maltotriose,57
40.5,E10_Maltotriose,55
40.75,E10_Maltotriose,59
41.0,E10_Maltotriose,56
41.25,E10_Maltotriose,58
41.5,E10_Maltotriose,61
41.75,E10_Maltotriose,63
42.0,E10_Maltotriose,63
42.25,E10_Maltotriose,65
42.5,E10_Maltotriose,60
42.75,E10_Maltotriose,67
43.0,E10_Maltotriose,61
43.25,E10_Maltotriose,64
43.5,E10_Maltotriose,67
43.75,E10_Maltotriose,66
44.0,E10_Maltotriose,64
44.25,E10_Maltotriose,65
44.5,E10_Maltotriose,71
44.75,E10_Maltotriose,65
45.0,E10_Maltotriose,67
45.25,E10_Maltotriose,67
45.5,E10_Maltotriose,69
45.75,E10_Maltotriose,72
46.0,E10_Maltotriose,70
46.25,E10_Maltotriose,67
46.5,E10_Maltotriose,68
46.75,E10_Maltotriose,69
47.0,E10_Maltotriose,72
47.25,E10_Maltotriose,73
47.5,E10_Maltotriose,77
47.75,E10_Maltotriose,75
48.0,E10_Maltotriose,75
48.25,E10_Maltotriose,74
0.0,E11_2-DeoxyAdenosine,11
0.25,E11_2-DeoxyAdenosine,11
0.5,E11_2-DeoxyAdenosine,15
0.75,E11_2-DeoxyAdenosine,11
1.0,E11_2-DeoxyAdenosine,11
1.25,E11_2-DeoxyAdenosine,11
1.5,E11_2-DeoxyAdenosine,12
1.75,E11_2-DeoxyAdenosine,11
2.0,E11_2-DeoxyAdenosine,11
2.25,E11_2-DeoxyAdenosine,11
2.5,E11_2-DeoxyAdenosine,13
2.75,E11_2-DeoxyAdenosine,12
3.0,E11_2-DeoxyAdenosine,12
3.25,E11_2-DeoxyAdenosine,11
3.5,E11_2-DeoxyAdenosine,11
3.75,E11_2-DeoxyAdenosine,11
4.0,E11_2-DeoxyAdenosine,11
4.25,E11_2-DeoxyAdenosine,11
4.5,E11_2-DeoxyAdenosine,11
4.75,E11_2-DeoxyAdenosine,13
5.0,E11_2-DeoxyAdenosine,11
5.25,E11_2-DeoxyAdenosine,13
5.5,E11_2-DeoxyAdenosine,11
5.75,E11_2-DeoxyAdenosine,11
6.0,E11_2-DeoxyAdenosine,12
6.25,E11_2-DeoxyAdenosine,13
6.5,E11_2-DeoxyAdenosine,11
6.75,E11_2-DeoxyAdenosine,11
7.0,E11_2-DeoxyAdenosine,13
7.25,E11_2-DeoxyAdenosine,12
7.5,E11_2-DeoxyAdenosine,11
7.75,E11_2-DeoxyAdenosine,11
8.0,E11_2-DeoxyAdenosine,11
8.25,E11_2-DeoxyAdenosine,11
8.5,E11_2-DeoxyAdenosine,11
8.75,E11_2-DeoxyAdenosine,13
9.0,E11_2-DeoxyAdenosine,11
9.25,E11_2-DeoxyAdenosine,17
9.5,E11_2-DeoxyAdenosine,13
9.75,E11_2-DeoxyAdenosine,11
10.0,E11_2-DeoxyAdenosine,12
10.25,E11_2-DeoxyAdenosine,11
10.5,E11_2-DeoxyAdenosine,12
10.75,E11_2-DeoxyAdenosine,11
11.0,E11_2-DeoxyAdenosine,11
11.25,E11_2-DeoxyAdenosine,11
11.5,E11_2-DeoxyAdenosine,11
11.75,E11_2-DeoxyAdenosine,14
12.0,E11_2-DeoxyAdenosine,16
12.25,E11_2-DeoxyAdenosine,16
12.5,E11_2-DeoxyAdenosine,16
12.75,E11_2-DeoxyAdenosine,14
13.0,E11_2-DeoxyAdenosine,15
13.25,E11_2-DeoxyAdenosine,16
13.5,E11_2-DeoxyAdenosine,17
13.75,E11_2-DeoxyAdenosine,12
14.0,E11_2-DeoxyAdenosine,15
14.25,E11_2-DeoxyAdenosine,16
14.5,E11_2-DeoxyAdenosine,13
14.75,E11_2-DeoxyAdenosine,15
15.0,E11_2-DeoxyAdenosine,16
15.25,E11_2-DeoxyAdenosine,13
15.5,E11_2-DeoxyAdenosine,14
15.75,E11_2-DeoxyAdenosine,16
16.0,E11_2-DeoxyAdenosine,15
16.25,E11_2-DeoxyAdenosine,12
16.5,E11_2-DeoxyAdenosine,15
16.75,E11_2-DeoxyAdenosine,17
17.0,E11_2-DeoxyAdenosine,19
17.25,E11_2-DeoxyAdenosine,15
17.5,E11_2-DeoxyAdenosine,18
17.75,E11_2-DeoxyAdenosine,25
18.0,E11_2-DeoxyAdenosine,20
18.25,E11_2-DeoxyAdenosine,20
18.5,E11_2-DeoxyAdenosine,17
18.75,E11_2-DeoxyAdenosine,21
19.0,E11_2-DeoxyAdenosine,14
19.25,E11_2-DeoxyAdenosine,16
19.5,E11_2-DeoxyAdenosine,19
19.75,E11_2-DeoxyAdenosine,22
20.0,E11_2-DeoxyAdenosine,19
20.25,E11_2-DeoxyAdenosine,18
20.5,E11_2-DeoxyAdenosine,18
20.75,E11_2-DeoxyAdenosine,22
21.0,E11_2-DeoxyAdenosine,24
21.25,E11_2-DeoxyAdenosine,20
21.5,E11_2-DeoxyAdenosine,20
21.75,E11_2-DeoxyAdenosine,16
22.0,E11_2-DeoxyAdenosine,18
22.25,E11_2-DeoxyAdenosine,19
22.5,E11_2-DeoxyAdenosine,21
22.75,E11_2-DeoxyAdenosine,24
23.0,E11_2-DeoxyAdenosine,21
23.25,E11_2-DeoxyAdenosine,19
23.5,E11_2-DeoxyAdenosine,21
23.75,E11_2-DeoxyAdenosine,23
24.0,E11_2-DeoxyAdenosine,21
24.25,E11_2-DeoxyAdenosine,24
24.5,E11_2-DeoxyAdenosine,23
24.75,E11_2-DeoxyAdenosine,22
25.0,E11_2-DeoxyAdenosine,23
25.25,E11_2-DeoxyAdenosine,22
25.5,E11_2-DeoxyAdenosine,25
25.75,E11_2-DeoxyAdenosine,22
26.0,E11_2-DeoxyAdenosine,17
26.25,E11_2-DeoxyAdenosine,22
26.5,E11_2-DeoxyAdenosine,20
26.75,E11_2-DeoxyAdenosine,21
27.0,E11_2-DeoxyAdenosine,22
27.25,E11_2-DeoxyAdenosine,21
27.5,E11_2-DeoxyAdenosine,22
27.75,E11_2-DeoxyAdenosine,22
28.0,E11_2-DeoxyAdenosine,27
28.25,E11_2-DeoxyAdenosine,21
28.5,E11_2-DeoxyAdenosine,24
28.75,E11_2-DeoxyAdenosine,24
29.0,E11_2-DeoxyAdenosine,25
29.25,E11_2-DeoxyAdenosine,25
29.5,E11_2-DeoxyAdenosine,21
29.75,E11_2-DeoxyAdenosine,25
30.0,E11_2-DeoxyAdenosine,24
30.25,E11_2-DeoxyAdenosine,21
30.5,E11_2-DeoxyAdenosine,28
30.75,E11_2-DeoxyAdenosine,26
31.0,E11_2-DeoxyAdenosine,24
31.25,E11_2-DeoxyAdenosine,26
31.5,E11_2-DeoxyAdenosine,28
31.75,E11_2-DeoxyAdenosine,25
32.0,E11_2-DeoxyAdenosine,24
32.25,E11_2-DeoxyAdenosine,27
32.5,E11_2-DeoxyAdenosine,23
32.75,E11_2-DeoxyAdenosine,22
33.0,E11_2-DeoxyAdenosine,24
33.25,E11_2-DeoxyAdenosine,22
33.5,E11_2-DeoxyAdenosine,28
33.75,E11_2-DeoxyAdenosine,24
34.0,E11_2-DeoxyAdenosine,26
34.25,E11_2-DeoxyAdenosine,24
34.5,E11_2-DeoxyAdenosine,23
34.75,E11_2-DeoxyAdenosine,26
35.0,E11_2-DeoxyAdenosine,25
35.25,E11_2-DeoxyAdenosine,29
35.5,E11_2-DeoxyAdenosine,28
35.75,E11_2-DeoxyAdenosine,24
36.0,E11_2-DeoxyAdenosine,28
36.25,E11_2-DeoxyAdenosine,25
36.5,E11_2-DeoxyAdenosine,26
36.75,E11_2-DeoxyAdenosine,28
37.0,E11_2-DeoxyAdenosine,21
37.25,E11_2-DeoxyAdenosine,28
37.5,E11_2-DeoxyAdenosine,23
37.75,E11_2-DeoxyAdenosine,26
38.0,E11_2-DeoxyAdenosine,25
38.25,E11_2-DeoxyAdenosine,26
38.5,E11_2-DeoxyAdenosine,29
38.75,E11_2-DeoxyAdenosine,22
39.0,E11_2-DeoxyAdenosine,26
39.25,E11_2-DeoxyAdenosine,28
39.5,E11_2-DeoxyAdenosine,25
39.75,E11_2-DeoxyAdenosine,27
40.0,E11_2-DeoxyAdenosine,28
40.25,E11_2-DeoxyAdenosine,26
40.5,E11_2-DeoxyAdenosine,25
40.75,E11_2-DeoxyAdenosine,26
41.0,E11_2-DeoxyAdenosine,26
41.25,E11_2-DeoxyAdenosine,31
41.5,E11_2-DeoxyAdenosine,28
41.75,E11_2-DeoxyAdenosine,30
42.0,E11_2-DeoxyAdenosine,27
42.25,E11_2-DeoxyAdenosine,25
42.5,E11_2-DeoxyAdenosine,37
42.75,E11_2-DeoxyAdenosine,30
43.0,E11_2-DeoxyAdenosine,29
43.25,E11_2-DeoxyAdenosine,26
43.5,E11_2-DeoxyAdenosine,29
43.75,E11_2-DeoxyAdenosine,34
44.0,E11_2-DeoxyAdenosine,28
44.25,E11_2-DeoxyAdenosine,28
44.5,E11_2-DeoxyAdenosine,34
44.75,E11_2-DeoxyAdenosine,31
45.0,E11_2-DeoxyAdenosine,29
45.25,E11_2-DeoxyAdenosine,32
45.5,E11_2-DeoxyAdenosine,31
45.75,E11_2-DeoxyAdenosine,25
46.0,E11_2-DeoxyAdenosine,37
46.25,E11_2-DeoxyAdenosine,31
46.5,E11_2-DeoxyAdenosine,33
46.75,E11_2-DeoxyAdenosine,31
47.0,E11_2-DeoxyAdenosine,31
47.25,E11_2-DeoxyAdenosine,28
47.5,E11_2-DeoxyAdenosine,32
47.75,E11_2-DeoxyAdenosine,30
48.0,E11_2-DeoxyAdenosine,33
48.25,E11_2-DeoxyAdenosine,33
0.0,E12_Adenosine,24
0.25,E12_Adenosine,18
0.5,E12_Adenosine,23
0.75,E12_Adenosine,20
1.0,E12_Adenosine,21
1.25,E12_Adenosine,20
1.5,E12_Adenosine,20
1.75,E12_Adenosine,22
2.0,E12_Adenosine,22
2.25,E12_Adenosine,18
2.5,E12_Adenosine,19
2.75,E12_Adenosine,18
3.0,E12_Adenosine,17
3.25,E12_Adenosine,19
3.5,E12_Adenosine,18
3.75,E12_Adenosine,18
4.0,E12_Adenosine,20
4.25,E12_Adenosine,22
4.5,E12_Adenosine,20
4.75,E12_Adenosine,23
5.0,E12_Adenosine,18
5.25,E12_Adenosine,19
5.5,E12_Adenosine,22
5.75,E12_Adenosine,18
6.0,E12_Adenosine,21
6.25,E12_Adenosine,20
6.5,E12_Adenosine,20
6.75,E12_Adenosine,20
7.0,E12_Adenosine,21
7.25,E12_Adenosine,20
7.5,E12_Adenosine,19
7.75,E12_Adenosine,23
8.0,E12_Adenosine,24
8.25,E12_Adenosine,17
8.5,E12_Adenosine,19
8.75,E12_Adenosine,21
9.0,E12_Adenosine,20
9.25,E12_Adenosine,21
9.5,E12_Adenosine,21
9.75,E12_Adenosine,23
10.0,E12_Adenosine,28
10.25,E12_Adenosine,23
10.5,E12_Adenosine,26
10.75,E12_Adenosine,26
11.0,E12_Adenosine,25
11.25,E12_Adenosine,26
11.5,E12_Adenosine,26
11.75,E12_Adenosine,24
12.0,E12_Adenosine,26
12.25,E12_Adenosine,29
12.5,E12_Adenosine,27
12.75,E12_Adenosine,29
13.0,E12_Adenosine,31
13.25,E12_Adenosine,30
13.5,E12_Adenosine,31
13.75,E12_Adenosine,28
14.0,E12_Adenosine,34
14.25,E12_Adenosine,33
14.5,E12_Adenosine,31
14.75,E12_Adenosine,33
15.0,E12_Adenosine,28
15.25,E12_Adenosine,32
15.5,E12_Adenosine,32
15.75,E12_Adenosine,30
16.0,E12_Adenosine,32
16.25,E12_Adenosine,34
16.5,E12_Adenosine,35
16.75,E12_Adenosine,32
17.0,E12_Adenosine,35
17.25,E12_Adenosine,35
17.5,E12_Adenosine,37
17.75,E12_Adenosine,35
18.0,E12_Adenosine,35
18.25,E12_Adenosine,38
18.5,E12_Adenosine,33
18.75,E12_Adenosine,37
19.0,E12_Adenosine,42
19.25,E12_Adenosine,39
19.5,E12_Adenosine,38
19.75,E12_Adenosine,43
20.0,E12_Adenosine,40
20.25,E12_Adenosine,45
20.5,E12_Adenosine,39
20.75,E12_Adenosine,42
21.0,E12_Adenosine,41
21.25,E12_Adenosine,40
21.5,E12_Adenosine,42
21.75,E12_Adenosine,45
22.0,E12_Adenosine,40
22.25,E12_Adenosine,41
22.5,E12_Adenosine,43
22.75,E12_Adenosine,43
23.0,E12_Adenosine,46
23.25,E12_Adenosine,43
23.5,E12_Adenosine,46
23.75,E12_Adenosine,45
24.0,E12_Adenosine,46
24.25,E12_Adenosine,45
24.5,E12_Adenosine,48
24.75,E12_Adenosine,44
25.0,E12_Adenosine,45
25.25,E12_Adenosine,45
25.5,E12_Adenosine,47
25.75,E12_Adenosine,52
26.0,E12_Adenosine,48
26.25,E12_Adenosine,47
26.5,E12_Adenosine,44
26.75,E12_Adenosine,48
27.0,E12_Adenosine,47
27.25,E12_Adenosine,48
27.5,E12_Adenosine,44
27.75,E12_Adenosine,46
28.0,E12_Adenosine,51
28.25,E12_Adenosine,50
28.5,E12_Adenosine,49
28.75,E12_Adenosine,49
29.0,E12_Adenosine,53
29.25,E12_Adenosine,51
29.5,E12_Adenosine,47
29.75,E12_Adenosine,51
30.0,E12_Adenosine,49
30.25,E12_Adenosine,52
30.5,E12_Adenosine,54
30.75,E12_Adenosine,52
31.0,E12_Adenosine,50
31.25,E12_Adenosine,54
31.5,E12_Adenosine,51
31.75,E12_Adenosine,55
32.0,E12_Adenosine,49
32.25,E12_Adenosine,50
32.5,E12_Adenosine,53
32.75,E12_Adenosine,54
33.0,E12_Adenosine,50
33.25,E12_Adenosine,47
33.5,E12_Adenosine,54
33.75,E12_Adenosine,52
34.0,E12_Adenosine,57
34.25,E12_Adenosine,54
34.5,E12_Adenosine,55
34.75,E12_Adenosine,52
35.0,E12_Adenosine,54
35.25,E12_Adenosine,54
35.5,E12_Adenosine,57
35.75,E12_Adenosine,56
36.0,E12_Adenosine,54
36.25,E12_Adenosine,55
36.5,E12_Adenosine,53
36.75,E12_Adenosine,53
37.0,E12_Adenosine,53
37.25,E12_Adenosine,58
37.5,E12_Adenosine,58
37.75,E12_Adenosine,62
38.0,E12_Adenosine,56
38.25,E12_Adenosine,60
38.5,E12_Adenosine,60
38.75,E12_Adenosine,57
39.0,E12_Adenosine,56
39.25,E12_Adenosine,56
39.5,E12_Adenosine,59
39.75,E12_Adenosine,56
40.0,E12_Adenosine,61
40.25,E12_Adenosine,61
40.5,E12_Adenosine,62
40.75,E12_Adenosine,60
41.0,E12_Adenosine,65
41.25,E12_Adenosine,61
41.5,E12_Adenosine,63
41.75,E12_Adenosine,60
42.0,E12_Adenosine,64
42.25,E12_Adenosine,63
42.5,E12_Adenosine,62
42.75,E12_Adenosine,63
43.0,E12_Adenosine,61
43.25,E12_Adenosine,59
43.5,E12_Adenosine,59
43.75,E12_Adenosine,60
44.0,E12_Adenosine,66
44.25,E12_Adenosine,62
44.5,E12_Adenosine,62
44.75,E12_Adenosine,61
45.0,E12_Adenosine,60
45.25,E12_Adenosine,65
45.5,E12_Adenosine,65
45.75,E12_Adenosine,63
46.0,E12_Adenosine,66
46.25,E12_Adenosine,62
46.5,E12_Adenosine,64
46.75,E12_Adenosine,66
47.0,E12_Adenosine,64
47.25,E12_Adenosine,66
47.5,E12_Adenosine,62
47.75,E12_Adenosine,64
48.0,E12_Adenosine,62
48.25,E12_Adenosine,65
0.0,F1_Glycyl-L-Aspartic_Acid,17
0.25,F1_Glycyl-L-Aspartic_Acid,12
0.5,F1_Glycyl-L-Aspartic_Acid,17
0.75,F1_Glycyl-L-Aspartic_Acid,17
1.0,F1_Glycyl-L-Aspartic_Acid,15
1.25,F1_Glycyl-L-Aspartic_Acid,13
1.5,F1_Glycyl-L-Aspartic_Acid,13
1.75,F1_Glycyl-L-Aspartic_Acid,15
2.0,F1_Glycyl-L-Aspartic_Acid,16
2.25,F1_Glycyl-L-Aspartic_Acid,11
2.5,F1_Glycyl-L-Aspartic_Acid,14
2.75,F1_Glycyl-L-Aspartic_Acid,16
3.0,F1_Glycyl-L-Aspartic_Acid,13
3.25,F1_Glycyl-L-Aspartic_Acid,15
3.5,F1_Glycyl-L-Aspartic_Acid,17
3.75,F1_Glycyl-L-Aspartic_Acid,14
4.0,F1_Glycyl-L-Aspartic_Acid,15
4.25,F1_Glycyl-L-Aspartic_Acid,19
4.5,F1_Glycyl-L-Aspartic_Acid,18
4.75,F1_Glycyl-L-Aspartic_Acid,15
5.0,F1_Glycyl-L-Aspartic_Acid,13
5.25,F1_Glycyl-L-Aspartic_Acid,14
5.5,F1_Glycyl-L-Aspartic_Acid,17
5.75,F1_Glycyl-L-Aspartic_Acid,12
6.0,F1_Glycyl-L-Aspartic_Acid,12
6.25,F1_Glycyl-L-Aspartic_Acid,16
6.5,F1_Glycyl-L-Aspartic_Acid,17
6.75,F1_Glycyl-L-Aspartic_Acid,12
7.0,F1_Glycyl-L-Aspartic_Acid,19
7.25,F1_Glycyl-L-Aspartic_Acid,14
7.5,F1_Glycyl-L-Aspartic_Acid,13
7.75,F1_Glycyl-L-Aspartic_Acid,13
8.0,F1_Glycyl-L-Aspartic_Acid,16
8.25,F1_Glycyl-L-Aspartic_Acid,14
8.5,F1_Glycyl-L-Aspartic_Acid,11
8.75,F1_Glycyl-L-Aspartic_Acid,20
9.0,F1_Glycyl-L-Aspartic_Acid,11
9.25,F1_Glycyl-L-Aspartic_Acid,16
9.5,F1_Glycyl-L-Aspartic_Acid,19
9.75,F1_Glycyl-L-Aspartic_Acid,15
10.0,F1_Glycyl-L-Aspartic_Acid,14
10.25,F1_Glycyl-L-Aspartic_Acid,17
10.5,F1_Glycyl-L-Aspartic_Acid,16
10.75,F1_Glycyl-L-Aspartic_Acid,15
11.0,F1_Glycyl-L-Aspartic_Acid,14
11.25,F1_Glycyl-L-Aspartic_Acid,18
11.5,F1_Glycyl-L-Aspartic_Acid,20
11.75,F1_Glycyl-L-Aspartic_Acid,16
12.0,F1_Glycyl-L-Aspartic_Acid,19
12.25,F1_Glycyl-L-Aspartic_Acid,16
12.5,F1_Glycyl-L-Aspartic_Acid,17
12.75,F1_Glycyl-L-Aspartic_Acid,21
13.0,F1_Glycyl-L-Aspartic_Acid,17
13.25,F1_Glycyl-L-Aspartic_Acid,18
13.5,F1_Glycyl-L-Aspartic_Acid,25
13.75,F1_Glycyl-L-Aspartic_Acid,18
14.0,F1_Glycyl-L-Aspartic_Acid,17
14.25,F1_Glycyl-L-Aspartic_Acid,23
14.5,F1_Glycyl-L-Aspartic_Acid,23
14.75,F1_Glycyl-L-Aspartic_Acid,23
15.0,F1_Glycyl-L-Aspartic_Acid,19
15.25,F1_Glycyl-L-Aspartic_Acid,19
15.5,F1_Glycyl-L-Aspartic_Acid,22
15.75,F1_Glycyl-L-Aspartic_Acid,20
16.0,F1_Glycyl-L-Aspartic_Acid,23
16.25,F1_Glycyl-L-Aspartic_Acid,20
16.5,F1_Glycyl-L-Aspartic_Acid,20
16.75,F1_Glycyl-L-Aspartic_Acid,23
17.0,F1_Glycyl-L-Aspartic_Acid,24
17.25,F1_Glycyl-L-Aspartic_Acid,25
17.5,F1_Glycyl-L-Aspartic_Acid,22
17.75,F1_Glycyl-L-Aspartic_Acid,23
18.0,F1_Glycyl-L-Aspartic_Acid,25
18.25,F1_Glycyl-L-Aspartic_Acid,22
18.5,F1_Glycyl-L-Aspartic_Acid,19
18.75,F1_Glycyl-L-Aspartic_Acid,23
19.0,F1_Glycyl-L-Aspartic_Acid,24
19.25,F1_Glycyl-L-Aspartic_Acid,22
19.5,F1_Glycyl-L-Aspartic_Acid,22
19.75,F1_Glycyl-L-Aspartic_Acid,22
20.0,F1_Glycyl-L-Aspartic_Acid,23
20.25,F1_Glycyl-L-Aspartic_Acid,24
20.5,F1_Glycyl-L-Aspartic_Acid,23
20.75,F1_Glycyl-L-Aspartic_Acid,25
21.0,F1_Glycyl-L-Aspartic_Acid,24
21.25,F1_Glycyl-L-Aspartic_Acid,20
21.5,F1_Glycyl-L-Aspartic_Acid,22
21.75,F1_Glycyl-L-Aspartic_Acid,24
22.0,F1_Glycyl-L-Aspartic_Acid,23
22.25,F1_Glycyl-L-Aspartic_Acid,24
22.5,F1_Glycyl-L-Aspartic_Acid,24
22.75,F1_Glycyl-L-Aspartic_Acid,22
23.0,F1_Glycyl-L-Aspartic_Acid,21
23.25,F1_Glycyl-L-Aspartic_Acid,25
23.5,F1_Glycyl-L-Aspartic_Acid,27
23.75,F1_Glycyl-L-Aspartic_Acid,26
24.0,F1_Glycyl-L-Aspartic_Acid,25
24.25,F1_Glycyl-L-Aspartic_Acid,21
24.5,F1_Glycyl-L-Aspartic_Acid,28
24.75,F1_Glycyl-L-Aspartic_Acid,23
25.0,F1_Glycyl-L-Aspartic_Acid,26
25.25,F1_Glycyl-L-Aspartic_Acid,28
25.5,F1_Glycyl-L-Aspartic_Acid,23
25.75,F1_Glycyl-L-Aspartic_Acid,22
26.0,F1_Glycyl-L-Aspartic_Acid,24
26.25,F1_Glycyl-L-Aspartic_Acid,24
26.5,F1_Glycyl-L-Aspartic_Acid,23
26.75,F1_Glycyl-L-Aspartic_Acid,27
27.0,F1_Glycyl-L-Aspartic_Acid,24
27.25,F1_Glycyl-L-Aspartic_Acid,22
27.5,F1_Glycyl-L-Aspartic_Acid,21
27.75,F1_Glycyl-L-Aspartic_Acid,23
28.0,F1_Glycyl-L-Aspartic_Acid,26
28.25,F1_Glycyl-L-Aspartic_Acid,20
28.5,F1_Glycyl-L-Aspartic_Acid,25
28.75,F1_Glycyl-L-Aspartic_Acid,22
29.0,F1_Glycyl-L-Aspartic_Acid,28
29.25,F1_Glycyl-L-Aspartic_Acid,26
29.5,F1_Glycyl-L-Aspartic_Acid,26
29.75,F1_Glycyl-L-Aspartic_Acid,22
30.0,F1_Glycyl-L-Aspartic_Acid,26
30.25,F1_Glycyl-L-Aspartic_Acid,24
30.5,F1_Glycyl-L-Aspartic_Acid,22
30.75,F1_Glycyl-L-Aspartic_Acid,25
31.0,F1_Glycyl-L-Aspartic_Acid,23
31.25,F1_Glycyl-L-Aspartic_Acid,27
31.5,F1_Glycyl-L-Aspartic_Acid,23
31.75,F1_Glycyl-L-Aspartic_Acid,25
32.0,F1_Glycyl-L-Aspartic_Acid,24
32.25,F1_Glycyl-L-Aspartic_Acid,22
32.5,F1_Glycyl-L-Aspartic_Acid,20
32.75,F1_Glycyl-L-Aspartic_Acid,26
33.0,F1_Glycyl-L-Aspartic_Acid,25
33.25,F1_Glycyl-L-Aspartic_Acid,28
33.5,F1_Glycyl-L-Aspartic_Acid,27
33.75,F1_Glycyl-L-Aspartic_Acid,25
34.0,F1_Glycyl-L-Aspartic_Acid,24
34.25,F1_Glycyl-L-Aspartic_Acid,22
34.5,F1_Glycyl-L-Aspartic_Acid,27
34.75,F1_Glycyl-L-Aspartic_Acid,23
35.0,F1_Glycyl-L-Aspartic_Acid,24
35.25,F1_Glycyl-L-Aspartic_Acid,26
35.5,F1_Glycyl-L-Aspartic_Acid,25
35.75,F1_Glycyl-L-Aspartic_Acid,24
36.0,F1_Glycyl-L-Aspartic_Acid,27
36.25,F1_Glycyl-L-Aspartic_Acid,25
36.5,F1_Glycyl-L-Aspartic_Acid,23
36.75,F1_Glycyl-L-Aspartic_Acid,26
37.0,F1_Glycyl-L-Aspartic_Acid,22
37.25,F1_Glycyl-L-Aspartic_Acid,23
37.5,F1_Glycyl-L-Aspartic_Acid,24
37.75,F1_Glycyl-L-Aspartic_Acid,26
38.0,F1_Glycyl-L-Aspartic_Acid,26
38.25,F1_Glycyl-L-Aspartic_Acid,26
38.5,F1_Glycyl-L-Aspartic_Acid,22
38.75,F1_Glycyl-L-Aspartic_Acid,27
39.0,F1_Glycyl-L-Aspartic_Acid,26
39.25,F1_Glycyl-L-Aspartic_Acid,25
39.5,F1_Glycyl-L-Aspartic_Acid,25
39.75,F1_Glycyl-L-Aspartic_Acid,25
40.0,F1_Glycyl-L-Aspartic_Acid,26
40.25,F1_Glycyl-L-Aspartic_Acid,22
40.5,F1_Glycyl-L-Aspartic_Acid,29
40.75,F1_Glycyl-L-Aspartic_Acid,22
41.0,F1_Glycyl-L-Aspartic_Acid,28
41.25,F1_Glycyl-L-Aspartic_Acid,24
41.5,F1_Glycyl-L-Aspartic_Acid,31
41.75,F1_Glycyl-L-Aspartic_Acid,25
42.0,F1_Glycyl-L-Aspartic_Acid,26
42.25,F1_Glycyl-L-Aspartic_Acid,29
42.5,F1_Glycyl-L-Aspartic_Acid,31
42.75,F1_Glycyl-L-Aspartic_Acid,30
43.0,F1_Glycyl-L-Aspartic_Acid,29
43.25,F1_Glycyl-L-Aspartic_Acid,31
43.5,F1_Glycyl-L-Aspartic_Acid,29
43.75,F1_Glycyl-L-Aspartic_Acid,25
44.0,F1_Glycyl-L-Aspartic_Acid,29
44.25,F1_Glycyl-L-Aspartic_Acid,27
44.5,F1_Glycyl-L-Aspartic_Acid,30
44.75,F1_Glycyl-L-Aspartic_Acid,22
45.0,F1_Glycyl-L-Aspartic_Acid,23
45.25,F1_Glycyl-L-Aspartic_Acid,27
45.5,F1_Glycyl-L-Aspartic_Acid,30
45.75,F1_Glycyl-L-Aspartic_Acid,28
46.0,F1_Glycyl-L-Aspartic_Acid,28
46.25,F1_Glycyl-L-Aspartic_Acid,24
46.5,F1_Glycyl-L-Aspartic_Acid,30
46.75,F1_Glycyl-L-Aspartic_Acid,23
47.0,F1_Glycyl-L-Aspartic_Acid,28
47.25,F1_Glycyl-L-Aspartic_Acid,25
47.5,F1_Glycyl-L-Aspartic_Acid,28
47.75,F1_Glycyl-L-Aspartic_Acid,29
48.0,F1_Glycyl-L-Aspartic_Acid,26
48.25,F1_Glycyl-L-Aspartic_Acid,33
0.0,F2_Citric_Acid,11
0.25,F2_Citric_Acid,11
0.5,F2_Citric_Acid,11
0.75,F2_Citric_Acid,11
1.0,F2_Citric_Acid,11
1.25,F2_Citric_Acid,11
1.5,F2_Citric_Acid,11
1.75,F2_Citric_Acid,11
2.0,F2_Citric_Acid,11
2.25,F2_Citric_Acid,11
2.5,F2_Citric_Acid,11
2.75,F2_Citric_Acid,11
3.0,F2_Citric_Acid,11
3.25,F2_Citric_Acid,11
3.5,F2_Citric_Acid,11
3.75,F2_Citric_Acid,11
4.0,F2_Citric_Acid,11
4.25,F2_Citric_Acid,11
4.5,F2_Citric_Acid,11
4.75,F2_Citric_Acid,11
5.0,F2_Citric_Acid,11
5.25,F2_Citric_Acid,11
5.5,F2_Citric_Acid,11
5.75,F2_Citric_Acid,11
6.0,F2_Citric_Acid,11
6.25,F2_Citric_Acid,11
6.5,F2_Citric_Acid,11
6.75,F2_Citric_Acid,11
7.0,F2_Citric_Acid,11
7.25,F2_Citric_Acid,11
7.5,F2_Citric_Acid,11
7.75,F2_Citric_Acid,11
8.0,F2_Citric_Acid,11
8.25,F2_Citric_Acid,11
8.5,F2_Citric_Acid,11
8.75,F2_Citric_Acid,11
9.0,F2_Citric_Acid,11
9.25,F2_Citric_Acid,11
9.5,F2_Citric_Acid,11
9.75,F2_Citric_Acid,11
10.0,F2_Citric_Acid,11
10.25,F2_Citric_Acid,11
10.5,F2_Citric_Acid,11
10.75,F2_Citric_Acid,11
11.0,F2_Citric_Acid,11
11.25,F2_Citric_Acid,11
11.5,F2_Citric_Acid,11
11.75,F2_Citric_Acid,11
12.0,F2_Citric_Acid,11
12.25,F2_Citric_Acid,11
12.5,F2_Citric_Acid,11
12.75,F2_Citric_Acid,11
13.0,F2_Citric_Acid,11
13.25,F2_Citric_Acid,11
13.5,F2_Citric_Acid,11
13.75,F2_Citric_Acid,11
14.0,F2_Citric_Acid,11
14.25,F2_Citric_Acid,11
14.5,F2_Citric_Acid,11
14.75,F2_Citric_Acid,11
15.0,F2_Citric_Acid,12
15.25,F2_Citric_Acid,11
15.5,F2_Citric_Acid,12
15.75,F2_Citric_Acid,11
16.0,F2_Citric_Acid,11
16.25,F2_Citric_Acid,11
16.5,F2_Citric_Acid,11
16.75,F2_Citric_Acid,11
17.0,F2_Citric_Acid,11
17.25,F2_Citric_Acid,11
17.5,F2_Citric_Acid,11
17.75,F2_Citric_Acid,11
18.0,F2_Citric_Acid,11
18.25,F2_Citric_Acid,11
18.5,F2_Citric_Acid,12
18.75,F2_Citric_Acid,11
19.0,F2_Citric_Acid,11
19.25,F2_Citric_Acid,11
19.5,F2_Citric_Acid,11
19.75,F2_Citric_Acid,11
20.0,F2_Citric_Acid,11
20.25,F2_Citric_Acid,13
20.5,F2_Citric_Acid,12
20.75,F2_Citric_Acid,12
21.0,F2_Citric_Acid,11
21.25,F2_Citric_Acid,13
21.5,F2_Citric_Acid,11
21.75,F2_Citric_Acid,11
22.0,F2_Citric_Acid,11
22.25,F2_Citric_Acid,12
22.5,F2_Citric_Acid,14
22.75,F2_Citric_Acid,12
23.0,F2_Citric_Acid,11
23.25,F2_Citric_Acid,11
23.5,F2_Citric_Acid,15
23.75,F2_Citric_Acid,11
24.0,F2_Citric_Acid,11
24.25,F2_Citric_Acid,15
24.5,F2_Citric_Acid,15
24.75,F2_Citric_Acid,12
25.0,F2_Citric_Acid,11
25.25,F2_Citric_Acid,13
25.5,F2_Citric_Acid,17
25.75,F2_Citric_Acid,14
26.0,F2_Citric_Acid,13
26.25,F2_Citric_Acid,17
26.5,F2_Citric_Acid,17
26.75,F2_Citric_Acid,17
27.0,F2_Citric_Acid,19
27.25,F2_Citric_Acid,16
27.5,F2_Citric_Acid,14
27.75,F2_Citric_Acid,17
28.0,F2_Citric_Acid,16
28.25,F2_Citric_Acid,16
28.5,F2_Citric_Acid,16
28.75,F2_Citric_Acid,20
29.0,F2_Citric_Acid,22
29.25,F2_Citric_Acid,15
29.5,F2_Citric_Acid,17
29.75,F2_Citric_Acid,16
30.0,F2_Citric_Acid,22
30.25,F2_Citric_Acid,20
30.5,F2_Citric_Acid,16
30.75,F2_Citric_Acid,18
31.0,F2_Citric_Acid,15
31.25,F2_Citric_Acid,19
31.5,F2_Citric_Acid,19
31.75,F2_Citric_Acid,19
32.0,F2_Citric_Acid,20
32.25,F2_Citric_Acid,20
32.5,F2_Citric_Acid,20
32.75,F2_Citric_Acid,20
33.0,F2_Citric_Acid,20
33.25,F2_Citric_Acid,22
33.5,F2_Citric_Acid,20
33.75,F2_Citric_Acid,23
34.0,F2_Citric_Acid,24
34.25,F2_Citric_Acid,18
34.5,F2_Citric_Acid,20
34.75,F2_Citric_Acid,22
35.0,F2_Citric_Acid,18
35.25,F2_Citric_Acid,21
35.5,F2_Citric_Acid,21
35.75,F2_Citric_Acid,21
36.0,F2_Citric_Acid,26
36.25,F2_Citric_Acid,23
36.5,F2_Citric_Acid,22
36.75,F2_Citric_Acid,20
37.0,F2_Citric_Acid,23
37.25,F2_Citric_Acid,21
37.5,F2_Citric_Acid,24
37.75,F2_Citric_Acid,24
38.0,F2_Citric_Acid,21
38.25,F2_Citric_Acid,20
38.5,F2_Citric_Acid,18
38.75,F2_Citric_Acid,21
39.0,F2_Citric_Acid,22
39.25,F2_Citric_Acid,24
39.5,F2_Citric_Acid,24
39.75,F2_Citric_Acid,22
40.0,F2_Citric_Acid,22
40.25,F2_Citric_Acid,20
40.5,F2_Citric_Acid,20
40.75,F2_Citric_Acid,24
41.0,F2_Citric_Acid,28
41.25,F2_Citric_Acid,19
41.5,F2_Citric_Acid,24
41.75,F2_Citric_Acid,23
42.0,F2_Citric_Acid,23
42.25,F2_Citric_Acid,28
42.5,F2_Citric_Acid,25
42.75,F2_Citric_Acid,24
43.0,F2_Citric_Acid,25
43.25,F2_Citric_Acid,24
43.5,F2_Citric_Acid,24
43.75,F2_Citric_Acid,26
44.0,F2_Citric_Acid,25
44.25,F2_Citric_Acid,24
44.5,F2_Citric_Acid,22
44.75,F2_Citric_Acid,29
45.0,F2_Citric_Acid,23
45.25,F2_Citric_Acid,21
45.5,F2_Citric_Acid,25
45.75,F2_Citric_Acid,26
46.0,F2_Citric_Acid,26
46.25,F2_Citric_Acid,29
46.5,F2_Citric_Acid,29
46.75,F2_Citric_Acid,27
47.0,F2_Citric_Acid,27
47.25,F2_Citric_Acid,30
47.5,F2_Citric_Acid,24
47.75,F2_Citric_Acid,27
48.0,F2_Citric_Acid,26
48.25,F2_Citric_Acid,23
0.0,F3_myo-Inositol,11
0.25,F3_myo-Inositol,11
0.5,F3_myo-Inositol,12
0.75,F3_myo-Inositol,11
1.0,F3_myo-Inositol,11
1.25,F3_myo-Inositol,11
1.5,F3_myo-Inositol,11
1.75,F3_myo-Inositol,11
2.0,F3_myo-Inositol,11
2.25,F3_myo-Inositol,11
2.5,F3_myo-Inositol,11
2.75,F3_myo-Inositol,11
3.0,F3_myo-Inositol,11
3.25,F3_myo-Inositol,11
3.5,F3_myo-Inositol,11
3.75,F3_myo-Inositol,11
4.0,F3_myo-Inositol,11
4.25,F3_myo-Inositol,11
4.5,F3_myo-Inositol,11
4.75,F3_myo-Inositol,11
5.0,F3_myo-Inositol,11
5.25,F3_myo-Inositol,11
5.5,F3_myo-Inositol,11
5.75,F3_myo-Inositol,11
6.0,F3_myo-Inositol,11
6.25,F3_myo-Inositol,11
6.5,F3_myo-Inositol,11
6.75,F3_myo-Inositol,11
7.0,F3_myo-Inositol,11
7.25,F3_myo-Inositol,11
7.5,F3_myo-Inositol,11
7.75,F3_myo-Inositol,11
8.0,F3_myo-Inositol,13
8.25,F3_myo-Inositol,11
8.5,F3_myo-Inositol,11
8.75,F3_myo-Inositol,18
9.0,F3_myo-Inositol,11
9.25,F3_myo-Inositol,13
9.5,F3_myo-Inositol,11
9.75,F3_myo-Inositol,12
10.0,F3_myo-Inositol,12
10.25,F3_myo-Inositol,15
10.5,F3_myo-Inositol,15
10.75,F3_myo-Inositol,13
11.0,F3_myo-Inositol,14
11.25,F3_myo-Inositol,13
11.5,F3_myo-Inositol,16
11.75,F3_myo-Inositol,18
12.0,F3_myo-Inositol,16
12.25,F3_myo-Inositol,11
12.5,F3_myo-Inositol,17
12.75,F3_myo-Inositol,14
13.0,F3_myo-Inositol,18
13.25,F3_myo-Inositol,14
13.5,F3_myo-Inositol,18
13.75,F3_myo-Inositol,15
14.0,F3_myo-Inositol,12
14.25,F3_myo-Inositol,20
14.5,F3_myo-Inositol,17
14.75,F3_myo-Inositol,16
15.0,F3_myo-Inositol,19
15.25,F3_myo-Inositol,15
15.5,F3_myo-Inositol,15
15.75,F3_myo-Inositol,17
16.0,F3_myo-Inositol,21
16.25,F3_myo-Inositol,13
16.5,F3_myo-Inositol,21
16.75,F3_myo-Inositol,16
17.0,F3_myo-Inositol,19
17.25,F3_myo-Inositol,16
17.5,F3_myo-Inositol,16
17.75,F3_myo-Inositol,17
18.0,F3_myo-Inositol,18
18.25,F3_myo-Inositol,18
18.5,F3_myo-Inositol,18
18.75,F3_myo-Inositol,21
19.0,F3_myo-Inositol,17
19.25,F3_myo-Inositol,19
19.5,F3_myo-Inositol,16
19.75,F3_myo-Inositol,18
20.0,F3_myo-Inositol,18
20.25,F3_myo-Inositol,19
20.5,F3_myo-Inositol,18
20.75,F3_myo-Inositol,19
21.0,F3_myo-Inositol,21
21.25,F3_myo-Inositol,20
21.5,F3_myo-Inositol,18
21.75,F3_myo-Inositol,22
22.0,F3_myo-Inositol,20
22.25,F3_myo-Inositol,27
22.5,F3_myo-Inositol,18
22.75,F3_myo-Inositol,22
23.0,F3_myo-Inositol,20
23.25,F3_myo-Inositol,24
23.5,F3_myo-Inositol,23
23.75,F3_myo-Inositol,22
24.0,F3_myo-Inositol,18
24.25,F3_myo-Inositol,20
24.5,F3_myo-Inositol,19
24.75,F3_myo-Inositol,25
25.0,F3_myo-Inositol,18
25.25,F3_myo-Inositol,21
25.5,F3_myo-Inositol,20
25.75,F3_myo-Inositol,20
26.0,F3_myo-Inositol,21
26.25,F3_myo-Inositol,15
26.5,F3_myo-Inositol,18
26.75,F3_myo-Inositol,16
27.0,F3_myo-Inositol,24
27.25,F3_myo-Inositol,21
27.5,F3_myo-Inositol,21
27.75,F3_myo-Inositol,26
28.0,F3_myo-Inositol,20
28.25,F3_myo-Inositol,20
28.5,F3_myo-Inositol,20
28.75,F3_myo-Inositol,19
29.0,F3_myo-Inositol,20
29.25,F3_myo-Inositol,19
29.5,F3_myo-Inositol,18
29.75,F3_myo-Inositol,22
30.0,F3_myo-Inositol,19
30.25,F3_myo-Inositol,18
30.5,F3_myo-Inositol,23
30.75,F3_myo-Inositol,24
31.0,F3_myo-Inositol,17
31.25,F3_myo-Inositol,22
31.5,F3_myo-Inositol,23
31.75,F3_myo-Inositol,21
32.0,F3_myo-Inositol,24
32.25,F3_myo-Inositol,17
32.5,F3_myo-Inositol,18
32.75,F3_myo-Inositol,20
33.0,F3_myo-Inositol,21
33.25,F3_myo-Inositol,18
33.5,F3_myo-Inositol,20
33.75,F3_myo-Inositol,25
34.0,F3_myo-Inositol,20
34.25,F3_myo-Inositol,21
34.5,F3_myo-Inositol,19
34.75,F3_myo-Inositol,18
35.0,F3_myo-Inositol,21
35.25,F3_myo-Inositol,23
35.5,F3_myo-Inositol,23
35.75,F3_myo-Inositol,21
36.0,F3_myo-Inositol,21
36.25,F3_myo-Inositol,22
36.5,F3_myo-Inositol,19
36.75,F3_myo-Inositol,23
37.0,F3_myo-Inositol,25
37.25,F3_myo-Inositol,19
37.5,F3_myo-Inositol,19
37.75,F3_myo-Inositol,23
38.0,F3_myo-Inositol,23
38.25,F3_myo-Inositol,25
38.5,F3_myo-Inositol,22
38.75,F3_myo-Inositol,23
39.0,F3_myo-Inositol,24
39.25,F3_myo-Inositol,24
39.5,F3_myo-Inositol,24
39.75,F3_myo-Inositol,21
40.0,F3_myo-Inositol,27
40.25,F3_myo-Inositol,24
40.5,F3_myo-Inositol,24
40.75,F3_myo-Inositol,19
41.0,F3_myo-Inositol,24
41.25,F3_myo-Inositol,23
41.5,F3_myo-Inositol,25
41.75,F3_myo-Inositol,22
42.0,F3_myo-Inositol,23
42.25,F3_myo-Inositol,24
42.5,F3_myo-Inositol,28
42.75,F3_myo-Inositol,21
43.0,F3_myo-Inositol,23
43.25,F3_myo-Inositol,25
43.5,F3_myo-Inositol,24
43.75,F3_myo-Inositol,23
44.0,F3_myo-Inositol,30
44.25,F3_myo-Inositol,24
44.5,F3_myo-Inositol,22
44.75,F3_myo-Inositol,26
45.0,F3_myo-Inositol,25
45.25,F3_myo-Inositol,24
45.5,F3_myo-Inositol,26
45.75,F3_myo-Inositol,21
46.0,F3_myo-Inositol,26
46.25,F3_myo-Inositol,26
46.5,F3_myo-Inositol,25
46.75,F3_myo-Inositol,25
47.0,F3_myo-Inositol,23
47.25,F3_myo-Inositol,19
47.5,F3_myo-Inositol,25
47.75,F3_myo-Inositol,22
48.0,F3_myo-Inositol,23
48.25,F3_myo-Inositol,26
0.0,F4_D-Threonine,13
0.25,F4_D-Threonine,11
0.5,F4_D-Threonine,11
0.75,F4_D-Threonine,11
1.0,F4_D-Threonine,11
1.25,F4_D-Threonine,11
1.5,F4_D-Threonine,11
1.75,F4_D-Threonine,11
2.0,F4_D-Threonine,11
2.25,F4_D-Threonine,11
2.5,F4_D-Threonine,11
2.75,F4_D-Threonine,11
3.0,F4_D-Threonine,11
3.25,F4_D-Threonine,11
3.5,F4_D-Threonine,11
3.75,F4_D-Threonine,11
4.0,F4_D-Threonine,11
4.25,F4_D-Threonine,11
4.5,F4_D-Threonine,11
4.75,F4_D-Threonine,11
5.0,F4_D-Threonine,11
5.25,F4_D-Threonine,11
5.5,F4_D-Threonine,11
5.75,F4_D-Threonine,11
6.0,F4_D-Threonine,11
6.25,F4_D-Threonine,11
6.5,F4_D-Threonine,11
6.75,F4_D-Threonine,11
7.0,F4_D-Threonine,11
7.25,F4_D-Threonine,11
7.5,F4_D-Threonine,11
7.75,F4_D-Threonine,11
8.0,F4_D-Threonine,11
8.25,F4_D-Threonine,11
8.5,F4_D-Threonine,11
8.75,F4_D-Threonine,11
9.0,F4_D-Threonine,11
9.25,F4_D-Threonine,11
9.5,F4_D-Threonine,11
9.75,F4_D-Threonine,11
10.0,F4_D-Threonine,11
10.25,F4_D-Threonine,11
10.5,F4_D-Threonine,11
10.75,F4_D-Threonine,11
11.0,F4_D-Threonine,11
11.25,F4_D-Threonine,11
11.5,F4_D-Threonine,14
11.75,F4_D-Threonine,11
12.0,F4_D-Threonine,13
12.25,F4_D-Threonine,11
12.5,F4_D-Threonine,11
12.75,F4_D-Threonine,11
13.0,F4_D-Threonine,11
13.25,F4_D-Threonine,14
13.5,F4_D-Threonine,14
13.75,F4_D-Threonine,12
14.0,F4_D-Threonine,12
14.25,F4_D-Threonine,13
14.5,F4_D-Threonine,12
14.75,F4_D-Threonine,13
15.0,F4_D-Threonine,15
15.25,F4_D-Threonine,11
15.5,F4_D-Threonine,11
15.75,F4_D-Threonine,14
16.0,F4_D-Threonine,14
16.25,F4_D-Threonine,11
16.5,F4_D-Threonine,11
16.75,F4_D-Threonine,14
17.0,F4_D-Threonine,12
17.25,F4_D-Threonine,14
17.5,F4_D-Threonine,12
17.75,F4_D-Threonine,11
18.0,F4_D-Threonine,13
18.25,F4_D-Threonine,14
18.5,F4_D-Threonine,13
18.75,F4_D-Threonine,11
19.0,F4_D-Threonine,14
19.25,F4_D-Threonine,11
19.5,F4_D-Threonine,12
19.75,F4_D-Threonine,17
20.0,F4_D-Threonine,13
20.25,F4_D-Threonine,11
20.5,F4_D-Threonine,11
20.75,F4_D-Threonine,12
21.0,F4_D-Threonine,14
21.25,F4_D-Threonine,12
21.5,F4_D-Threonine,13
21.75,F4_D-Threonine,15
22.0,F4_D-Threonine,14
22.25,F4_D-Threonine,15
22.5,F4_D-Threonine,17
22.75,F4_D-Threonine,11
23.0,F4_D-Threonine,11
23.25,F4_D-Threonine,14
23.5,F4_D-Threonine,14
23.75,F4_D-Threonine,13
24.0,F4_D-Threonine,11
24.25,F4_D-Threonine,18
24.5,F4_D-Threonine,16
24.75,F4_D-Threonine,14
25.0,F4_D-Threonine,12
25.25,F4_D-Threonine,11
25.5,F4_D-Threonine,11
25.75,F4_D-Threonine,11
26.0,F4_D-Threonine,14
26.25,F4_D-Threonine,11
26.5,F4_D-Threonine,11
26.75,F4_D-Threonine,13
27.0,F4_D-Threonine,13
27.25,F4_D-Threonine,11
27.5,F4_D-Threonine,15
27.75,F4_D-Threonine,14
28.0,F4_D-Threonine,15
28.25,F4_D-Threonine,16
28.5,F4_D-Threonine,13
28.75,F4_D-Threonine,14
29.0,F4_D-Threonine,11
29.25,F4_D-Threonine,15
29.5,F4_D-Threonine,14
29.75,F4_D-Threonine,16
30.0,F4_D-Threonine,19
30.25,F4_D-Threonine,12
30.5,F4_D-Threonine,11
30.75,F4_D-Threonine,12
31.0,F4_D-Threonine,15
31.25,F4_D-Threonine,15
31.5,F4_D-Threonine,12
31.75,F4_D-Threonine,14
32.0,F4_D-Threonine,13
32.25,F4_D-Threonine,13
32.5,F4_D-Threonine,12
32.75,F4_D-Threonine,12
33.0,F4_D-Threonine,14
33.25,F4_D-Threonine,14
33.5,F4_D-Threonine,11
33.75,F4_D-Threonine,12
34.0,F4_D-Threonine,12
34.25,F4_D-Threonine,12
34.5,F4_D-Threonine,12
34.75,F4_D-Threonine,15
35.0,F4_D-Threonine,14
35.25,F4_D-Threonine,14
35.5,F4_D-Threonine,15
35.75,F4_D-Threonine,13
36.0,F4_D-Threonine,15
36.25,F4_D-Threonine,15
36.5,F4_D-Threonine,16
36.75,F4_D-Threonine,12
37.0,F4_D-Threonine,11
37.25,F4_D-Threonine,14
37.5,F4_D-Threonine,11
37.75,F4_D-Threonine,16
38.0,F4_D-Threonine,12
38.25,F4_D-Threonine,11
38.5,F4_D-Threonine,15
38.75,F4_D-Threonine,13
39.0,F4_D-Threonine,11
39.25,F4_D-Threonine,12
39.5,F4_D-Threonine,16
39.75,F4_D-Threonine,11
40.0,F4_D-Threonine,16
40.25,F4_D-Threonine,13
40.5,F4_D-Threonine,13
40.75,F4_D-Threonine,14
41.0,F4_D-Threonine,15
41.25,F4_D-Threonine,11
41.5,F4_D-Threonine,18
41.75,F4_D-Threonine,12
42.0,F4_D-Threonine,19
42.25,F4_D-Threonine,18
42.5,F4_D-Threonine,14
42.75,F4_D-Threonine,17
43.0,F4_D-Threonine,15
43.25,F4_D-Threonine,17
43.5,F4_D-Threonine,14
43.75,F4_D-Threonine,16
44.0,F4_D-Threonine,14
44.25,F4_D-Threonine,14
44.5,F4_D-Threonine,16
44.75,F4_D-Threonine,14
45.0,F4_D-Threonine,14
45.25,F4_D-Threonine,13
45.5,F4_D-Threonine,16
45.75,F4_D-Threonine,12
46.0,F4_D-Threonine,14
46.25,F4_D-Threonine,15
46.5,F4_D-Threonine,16
46.75,F4_D-Threonine,14
47.0,F4_D-Threonine,17
47.25,F4_D-Threonine,18
47.5,F4_D-Threonine,16
47.75,F4_D-Threonine,16
48.0,F4_D-Threonine,18
48.25,F4_D-Threonine,14
0.0,F5_Fumaric_Acid,11
0.25,F5_Fumaric_Acid,11
0.5,F5_Fumaric_Acid,11
0.75,F5_Fumaric_Acid,11
1.0,F5_Fumaric_Acid,11
1.25,F5_Fumaric_Acid,11
1.5,F5_Fumaric_Acid,11
1.75,F5_Fumaric_Acid,11
2.0,F5_Fumaric_Acid,11
2.25,F5_Fumaric_Acid,11
2.5,F5_Fumaric_Acid,11
2.75,F5_Fumaric_Acid,11
3.0,F5_Fumaric_Acid,11
3.25,F5_Fumaric_Acid,11
3.5,F5_Fumaric_Acid,11
3.75,F5_Fumaric_Acid,11
4.0,F5_Fumaric_Acid,11
4.25,F5_Fumaric_Acid,11
4.5,F5_Fumaric_Acid,11
4.75,F5_Fumaric_Acid,11
5.0,F5_Fumaric_Acid,11
5.25,F5_Fumaric_Acid,11
5.5,F5_Fumaric_Acid,11
5.75,F5_Fumaric_Acid,11
6.0,F5_Fumaric_Acid,11
6.25,F5_Fumaric_Acid,11
6.5,F5_Fumaric_Acid,11
6.75,F5_Fumaric_Acid,11
7.0,F5_Fumaric_Acid,11
7.25,F5_Fumaric_Acid,11
7.5,F5_Fumaric_Acid,11
7.75,F5_Fumaric_Acid,11
8.0,F5_Fumaric_Acid,11
8.25,F5_Fumaric_Acid,11
8.5,F5_Fumaric_Acid,11
8.75,F5_Fumaric_Acid,11
9.0,F5_Fumaric_Acid,11
9.25,F5_Fumaric_Acid,11
9.5,F5_Fumaric_Acid,11
9.75,F5_Fumaric_Acid,11
10.0,F5_Fumaric_Acid,11
10.25,F5_Fumaric_Acid,11
10.5,F5_Fumaric_Acid,11
10.75,F5_Fumaric_Acid,11
11.0,F5_Fumaric_Acid,11
11.25,F5_Fumaric_Acid,11
11.5,F5_Fumaric_Acid,11
11.75,F5_Fumaric_Acid,11
12.0,F5_Fumaric_Acid,11
12.25,F5_Fumaric_Acid,11
12.5,F5_Fumaric_Acid,11
12.75,F5_Fumaric_Acid,11
13.0,F5_Fumaric_Acid,11
13.25,F5_Fumaric_Acid,11
13.5,F5_Fumaric_Acid,11
13.75,F5_Fumaric_Acid,11
14.0,F5_Fumaric_Acid,11
14.25,F5_Fumaric_Acid,11
14.5,F5_Fumaric_Acid,11
14.75,F5_Fumaric_Acid,11
15.0,F5_Fumaric_Acid,11
15.25,F5_Fumaric_Acid,11
15.5,F5_Fumaric_Acid,11
15.75,F5_Fumaric_Acid,11
16.0,F5_Fumaric_Acid,11
16.25,F5_Fumaric_Acid,11
16.5,F5_Fumaric_Acid,11
16.75,F5_Fumaric_Acid,11
17.0,F5_Fumaric_Acid,11
17.25,F5_Fumaric_Acid,14
17.5,F5_Fumaric_Acid,11
17.75,F5_Fumaric_Acid,11
18.0,F5_Fumaric_Acid,11
18.25,F5_Fumaric_Acid,11
18.5,F5_Fumaric_Acid,14
18.75,F5_Fumaric_Acid,15
19.0,F5_Fumaric_Acid,11
19.25,F5_Fumaric_Acid,11
19.5,F5_Fumaric_Acid,11
19.75,F5_Fumaric_Acid,11
20.0,F5_Fumaric_Acid,11
20.25,F5_Fumaric_Acid,11
20.5,F5_Fumaric_Acid,11
20.75,F5_Fumaric_Acid,12
21.0,F5_Fumaric_Acid,11
21.25,F5_Fumaric_Acid,11
21.5,F5_Fumaric_Acid,13
21.75,F5_Fumaric_Acid,12
22.0,F5_Fumaric_Acid,13
22.25,F5_Fumaric_Acid,11
22.5,F5_Fumaric_Acid,13
22.75,F5_Fumaric_Acid,11
23.0,F5_Fumaric_Acid,11
23.25,F5_Fumaric_Acid,11
23.5,F5_Fumaric_Acid,13
23.75,F5_Fumaric_Acid,14
24.0,F5_Fumaric_Acid,12
24.25,F5_Fumaric_Acid,11
24.5,F5_Fumaric_Acid,15
24.75,F5_Fumaric_Acid,11
25.0,F5_Fumaric_Acid,11
25.25,F5_Fumaric_Acid,12
25.5,F5_Fumaric_Acid,14
25.75,F5_Fumaric_Acid,11
26.0,F5_Fumaric_Acid,11
26.25,F5_Fumaric_Acid,16
26.5,F5_Fumaric_Acid,13
26.75,F5_Fumaric_Acid,18
27.0,F5_Fumaric_Acid,14
27.25,F5_Fumaric_Acid,15
27.5,F5_Fumaric_Acid,14
27.75,F5_Fumaric_Acid,13
28.0,F5_Fumaric_Acid,16
28.25,F5_Fumaric_Acid,15
28.5,F5_Fumaric_Acid,11
28.75,F5_Fumaric_Acid,21
29.0,F5_Fumaric_Acid,14
29.25,F5_Fumaric_Acid,14
29.5,F5_Fumaric_Acid,14
29.75,F5_Fumaric_Acid,16
30.0,F5_Fumaric_Acid,16
30.25,F5_Fumaric_Acid,12
30.5,F5_Fumaric_Acid,18
30.75,F5_Fumaric_Acid,16
31.0,F5_Fumaric_Acid,15
31.25,F5_Fumaric_Acid,16
31.5,F5_Fumaric_Acid,17
31.75,F5_Fumaric_Acid,18
32.0,F5_Fumaric_Acid,17
32.25,F5_Fumaric_Acid,20
32.5,F5_Fumaric_Acid,15
32.75,F5_Fumaric_Acid,14
33.0,F5_Fumaric_Acid,15
33.25,F5_Fumaric_Acid,16
33.5,F5_Fumaric_Acid,16
33.75,F5_Fumaric_Acid,15
34.0,F5_Fumaric_Acid,17
34.25,F5_Fumaric_Acid,14
34.5,F5_Fumaric_Acid,17
34.75,F5_Fumaric_Acid,18
35.0,F5_Fumaric_Acid,19
35.25,F5_Fumaric_Acid,17
35.5,F5_Fumaric_Acid,17
35.75,F5_Fumaric_Acid,20
36.0,F5_Fumaric_Acid,19
36.25,F5_Fumaric_Acid,20
36.5,F5_Fumaric_Acid,18
36.75,F5_Fumaric_Acid,16
37.0,F5_Fumaric_Acid,21
37.25,F5_Fumaric_Acid,19
37.5,F5_Fumaric_Acid,21
37.75,F5_Fumaric_Acid,21
38.0,F5_Fumaric_Acid,20
38.25,F5_Fumaric_Acid,20
38.5,F5_Fumaric_Acid,21
38.75,F5_Fumaric_Acid,20
39.0,F5_Fumaric_Acid,18
39.25,F5_Fumaric_Acid,22
39.5,F5_Fumaric_Acid,19
39.75,F5_Fumaric_Acid,23
40.0,F5_Fumaric_Acid,26
40.25,F5_Fumaric_Acid,20
40.5,F5_Fumaric_Acid,27
40.75,F5_Fumaric_Acid,21
41.0,F5_Fumaric_Acid,22
41.25,F5_Fumaric_Acid,24
41.5,F5_Fumaric_Acid,27
41.75,F5_Fumaric_Acid,22
42.0,F5_Fumaric_Acid,27
42.25,F5_Fumaric_Acid,25
42.5,F5_Fumaric_Acid,23
42.75,F5_Fumaric_Acid,25
43.0,F5_Fumaric_Acid,23
43.25,F5_Fumaric_Acid,26
43.5,F5_Fumaric_Acid,27
43.75,F5_Fumaric_Acid,26
44.0,F5_Fumaric_Acid,23
44.25,F5_Fumaric_Acid,26
44.5,F5_Fumaric_Acid,26
44.75,F5_Fumaric_Acid,24
45.0,F5_Fumaric_Acid,29
45.25,F5_Fumaric_Acid,31
45.5,F5_Fumaric_Acid,35
45.75,F5_Fumaric_Acid,32
46.0,F5_Fumaric_Acid,31
46.25,F5_Fumaric_Acid,31
46.5,F5_Fumaric_Acid,31
46.75,F5_Fumaric_Acid,25
47.0,F5_Fumaric_Acid,32
47.25,F5_Fumaric_Acid,32
47.5,F5_Fumaric_Acid,31
47.75,F5_Fumaric_Acid,30
48.0,F5_Fumaric_Acid,29
48.25,F5_Fumaric_Acid,31
0.0,F6_Bromo_Succinic_Acid,11
0.25,F6_Bromo_Succinic_Acid,11
0.5,F6_Bromo_Succinic_Acid,11
0.75,F6_Bromo_Succinic_Acid,11
1.0,F6_Bromo_Succinic_Acid,11
1.25,F6_Bromo_Succinic_Acid,11
1.5,F6_Bromo_Succinic_Acid,11
1.75,F6_Bromo_Succinic_Acid,11
2.0,F6_Bromo_Succinic_Acid,11
2.25,F6_Bromo_Succinic_Acid,11
2.5,F6_Bromo_Succinic_Acid,11
2.75,F6_Bromo_Succinic_Acid,11
3.0,F6_Bromo_Succinic_Acid,11
3.25,F6_Bromo_Succinic_Acid,11
3.5,F6_Bromo_Succinic_Acid,11
3.75,F6_Bromo_Succinic_Acid,11
4.0,F6_Bromo_Succinic_Acid,11
4.25,F6_Bromo_Succinic_Acid,11
4.5,F6_Bromo_Succinic_Acid,11
4.75,F6_Bromo_Succinic_Acid,11
5.0,F6_Bromo_Succinic_Acid,11
5.25,F6_Bromo_Succinic_Acid,11
5.5,F6_Bromo_Succinic_Acid,11
5.75,F6_Bromo_Succinic_Acid,11
6.0,F6_Bromo_Succinic_Acid,11
6.25,F6_Bromo_Succinic_Acid,11
6.5,F6_Bromo_Succinic_Acid,11
6.75,F6_Bromo_Succinic_Acid,11
7.0,F6_Bromo_Succinic_Acid,11
7.25,F6_Bromo_Succinic_Acid,11
7.5,F6_Bromo_Succinic_Acid,11
7.75,F6_Bromo_Succinic_Acid,11
8.0,F6_Bromo_Succinic_Acid,11
8.25,F6_Bromo_Succinic_Acid,11
8.5,F6_Bromo_Succinic_Acid,11
8.75,F6_Bromo_Succinic_Acid,11
9.0,F6_Bromo_Succinic_Acid,11
9.25,F6_Bromo_Succinic_Acid,11
9.5,F6_Bromo_Succinic_Acid,11
9.75,F6_Bromo_Succinic_Acid,11
10.0,F6_Bromo_Succinic_Acid,11
10.25,F6_Bromo_Succinic_Acid,11
10.5,F6_Bromo_Succinic_Acid,11
10.75,F6_Bromo_Succinic_Acid,11
11.0,F6_Bromo_Succinic_Acid,11
11.25,F6_Bromo_Succinic_Acid,11
11.5,F6_Bromo_Succinic_Acid,11
11.75,F6_Bromo_Succinic_Acid,11
12.0,F6_Bromo_Succinic_Acid,11
12.25,F6_Bromo_Succinic_Acid,11
12.5,F6_Bromo_Succinic_Acid,11
12.75,F6_Bromo_Succinic_Acid,11
13.0,F6_Bromo_Succinic_Acid,11
13.25,F6_Bromo_Succinic_Acid,11
13.5,F6_Bromo_Succinic_Acid,11
13.75,F6_Bromo_Succinic_Acid,11
14.0,F6_Bromo_Succinic_Acid,11
14.25,F6_Bromo_Succinic_Acid,11
14.5,F6_Bromo_Succinic_Acid,11
14.75,F6_Bromo_Succinic_Acid,11
15.0,F6_Bromo_Succinic_Acid,11
15.25,F6_Bromo_Succinic_Acid,11
15.5,F6_Bromo_Succinic_Acid,11
15.75,F6_Bromo_Succinic_Acid,11
16.0,F6_Bromo_Succinic_Acid,11
16.25,F6_Bromo_Succinic_Acid,11
16.5,F6_Bromo_Succinic_Acid,11
16.75,F6_Bromo_Succinic_Acid,11
17.0,F6_Bromo_Succinic_Acid,11
17.25,F6_Bromo_Succinic_Acid,11
17.5,F6_Bromo_Succinic_Acid,11
17.75,F6_Bromo_Succinic_Acid,11
18.0,F6_Bromo_Succinic_Acid,11
18.25,F6_Bromo_Succinic_Acid,11
18.5,F6_Bromo_Succinic_Acid,11
18.75,F6_Bromo_Succinic_Acid,11
19.0,F6_Bromo_Succinic_Acid,11
19.25,F6_Bromo_Succinic_Acid,11
19.5,F6_Bromo_Succinic_Acid,11
19.75,F6_Bromo_Succinic_Acid,11
20.0,F6_Bromo_Succinic_Acid,11
20.25,F6_Bromo_Succinic_Acid,11
20.5,F6_Bromo_Succinic_Acid,11
20.75,F6_Bromo_Succinic_Acid,11
21.0,F6_Bromo_Succinic_Acid,11
21.25,F6_Bromo_Succinic_Acid,11
21.5,F6_Bromo_Succinic_Acid,11
21.75,F6_Bromo_Succinic_Acid,11
22.0,F6_Bromo_Succinic_Acid,11
22.25,F6_Bromo_Succinic_Acid,11
22.5,F6_Bromo_Succinic_Acid,11
22.75,F6_Bromo_Succinic_Acid,11
23.0,F6_Bromo_Succinic_Acid,11
23.25,F6_Bromo_Succinic_Acid,11
23.5,F6_Bromo_Succinic_Acid,11
23.75,F6_Bromo_Succinic_Acid,11
24.0,F6_Bromo_Succinic_Acid,11
24.25,F6_Bromo_Succinic_Acid,11
24.5,F6_Bromo_Succinic_Acid,11
24.75,F6_Bromo_Succinic_Acid,11
25.0,F6_Bromo_Succinic_Acid,11
25.25,F6_Bromo_Succinic_Acid,11
25.5,F6_Bromo_Succinic_Acid,11
25.75,F6_Bromo_Succinic_Acid,11
26.0,F6_Bromo_Succinic_Acid,11
26.25,F6_Bromo_Succinic_Acid,11
26.5,F6_Bromo_Succinic_Acid,11
26.75,F6_Bromo_Succinic_Acid,11
27.0,F6_Bromo_Succinic_Acid,12
27.25,F6_Bromo_Succinic_Acid,11
27.5,F6_Bromo_Succinic_Acid,11
27.75,F6_Bromo_Succinic_Acid,11
28.0,F6_Bromo_Succinic_Acid,11
28.25,F6_Bromo_Succinic_Acid,11
28.5,F6_Bromo_Succinic_Acid,11
28.75,F6_Bromo_Succinic_Acid,11
29.0,F6_Bromo_Succinic_Acid,11
29.25,F6_Bromo_Succinic_Acid,11
29.5,F6_Bromo_Succinic_Acid,11
29.75,F6_Bromo_Succinic_Acid,11
30.0,F6_Bromo_Succinic_Acid,11
30.25,F6_Bromo_Succinic_Acid,11
30.5,F6_Bromo_Succinic_Acid,11
30.75,F6_Bromo_Succinic_Acid,11
31.0,F6_Bromo_Succinic_Acid,11
31.25,F6_Bromo_Succinic_Acid,12
31.5,F6_Bromo_Succinic_Acid,11
31.75,F6_Bromo_Succinic_Acid,11
32.0,F6_Bromo_Succinic_Acid,11
32.25,F6_Bromo_Succinic_Acid,13
32.5,F6_Bromo_Succinic_Acid,11
32.75,F6_Bromo_Succinic_Acid,11
33.0,F6_Bromo_Succinic_Acid,11
33.25,F6_Bromo_Succinic_Acid,11
33.5,F6_Bromo_Succinic_Acid,11
33.75,F6_Bromo_Succinic_Acid,11
34.0,F6_Bromo_Succinic_Acid,11
34.25,F6_Bromo_Succinic_Acid,11
34.5,F6_Bromo_Succinic_Acid,11
34.75,F6_Bromo_Succinic_Acid,11
35.0,F6_Bromo_Succinic_Acid,11
35.25,F6_Bromo_Succinic_Acid,11
35.5,F6_Bromo_Succinic_Acid,11
35.75,F6_Bromo_Succinic_Acid,11
36.0,F6_Bromo_Succinic_Acid,11
36.25,F6_Bromo_Succinic_Acid,11
36.5,F6_Bromo_Succinic_Acid,11
36.75,F6_Bromo_Succinic_Acid,12
37.0,F6_Bromo_Succinic_Acid,11
37.25,F6_Bromo_Succinic_Acid,11
37.5,F6_Bromo_Succinic_Acid,11
37.75,F6_Bromo_Succinic_Acid,11
38.0,F6_Bromo_Succinic_Acid,11
38.25,F6_Bromo_Succinic_Acid,11
38.5,F6_Bromo_Succinic_Acid,11
38.75,F6_Bromo_Succinic_Acid,11
39.0,F6_Bromo_Succinic_Acid,11
39.25,F6_Bromo_Succinic_Acid,11
39.5,F6_Bromo_Succinic_Acid,11
39.75,F6_Bromo_Succinic_Acid,11
40.0,F6_Bromo_Succinic_Acid,11
40.25,F6_Bromo_Succinic_Acid,11
40.5,F6_Bromo_Succinic_Acid,11
40.75,F6_Bromo_Succinic_Acid,11
41.0,F6_Bromo_Succinic_Acid,11
41.25,F6_Bromo_Succinic_Acid,11
41.5,F6_Bromo_Succinic_Acid,11
41.75,F6_Bromo_Succinic_Acid,11
42.0,F6_Bromo_Succinic_Acid,11
42.25,F6_Bromo_Succinic_Acid,12
42.5,F6_Bromo_Succinic_Acid,11
42.75,F6_Bromo_Succinic_Acid,11
43.0,F6_Bromo_Succinic_Acid,11
43.25,F6_Bromo_Succinic_Acid,11
43.5,F6_Bromo_Succinic_Acid,12
43.75,F6_Bromo_Succinic_Acid,14
44.0,F6_Bromo_Succinic_Acid,11
44.25,F6_Bromo_Succinic_Acid,11
44.5,F6_Bromo_Succinic_Acid,11
44.75,F6_Bromo_Succinic_Acid,11
45.0,F6_Bromo_Succinic_Acid,11
45.25,F6_Bromo_Succinic_Acid,11
45.5,F6_Bromo_Succinic_Acid,11
45.75,F6_Bromo_Succinic_Acid,11
46.0,F6_Bromo_Succinic_Acid,11
46.25,F6_Bromo_Succinic_Acid,11
46.5,F6_Bromo_Succinic_Acid,11
46.75,F6_Bromo_Succinic_Acid,11
47.0,F6_Bromo_Succinic_Acid,11
47.25,F6_Bromo_Succinic_Acid,11
47.5,F6_Bromo_Succinic_Acid,11
47.75,F6_Bromo_Succinic_Acid,14
48.0,F6_Bromo_Succinic_Acid,11
48.25,F6_Bromo_Succinic_Acid,11
0.0,F7_Propionic_Acid,11
0.25,F7_Propionic_Acid,11
0.5,F7_Propionic_Acid,11
0.75,F7_Propionic_Acid,11
1.0,F7_Propionic_Acid,11
1.25,F7_Propionic_Acid,11
1.5,F7_Propionic_Acid,11
1.75,F7_Propionic_Acid,11
2.0,F7_Propionic_Acid,11
2.25,F7_Propionic_Acid,11
2.5,F7_Propionic_Acid,11
2.75,F7_Propionic_Acid,11
3.0,F7_Propionic_Acid,11
3.25,F7_Propionic_Acid,11
3.5,F7_Propionic_Acid,11
3.75,F7_Propionic_Acid,11
4.0,F7_Propionic_Acid,11
4.25,F7_Propionic_Acid,11
4.5,F7_Propionic_Acid,11
4.75,F7_Propionic_Acid,11
5.0,F7_Propionic_Acid,11
5.25,F7_Propionic_Acid,11
5.5,F7_Propionic_Acid,11
5.75,F7_Propionic_Acid,11
6.0,F7_Propionic_Acid,11
6.25,F7_Propionic_Acid,11
6.5,F7_Propionic_Acid,11
6.75,F7_Propionic_Acid,11
7.0,F7_Propionic_Acid,11
7.25,F7_Propionic_Acid,11
7.5,F7_Propionic_Acid,11
7.75,F7_Propionic_Acid,11
8.0,F7_Propionic_Acid,11
8.25,F7_Propionic_Acid,11
8.5,F7_Propionic_Acid,11
8.75,F7_Propionic_Acid,11
9.0,F7_Propionic_Acid,11
9.25,F7_Propionic_Acid,11
9.5,F7_Propionic_Acid,11
9.75,F7_Propionic_Acid,11
10.0,F7_Propionic_Acid,11
10.25,F7_Propionic_Acid,11
10.5,F7_Propionic_Acid,11
10.75,F7_Propionic_Acid,11
11.0,F7_Propionic_Acid,11
11.25,F7_Propionic_Acid,11
11.5,F7_Propionic_Acid,11
11.75,F7_Propionic_Acid,11
12.0,F7_Propionic_Acid,11
12.25,F7_Propionic_Acid,11
12.5,F7_Propionic_Acid,11
12.75,F7_Propionic_Acid,11
13.0,F7_Propionic_Acid,11
13.25,F7_Propionic_Acid,11
13.5,F7_Propionic_Acid,11
13.75,F7_Propionic_Acid,11
14.0,F7_Propionic_Acid,11
14.25,F7_Propionic_Acid,11
14.5,F7_Propionic_Acid,11
14.75,F7_Propionic_Acid,11
15.0,F7_Propionic_Acid,11
15.25,F7_Propionic_Acid,11
15.5,F7_Propionic_Acid,11
15.75,F7_Propionic_Acid,12
16.0,F7_Propionic_Acid,11
16.25,F7_Propionic_Acid,14
16.5,F7_Propionic_Acid,11
16.75,F7_Propionic_Acid,11
17.0,F7_Propionic_Acid,11
17.25,F7_Propionic_Acid,11
17.5,F7_Propionic_Acid,11
17.75,F7_Propionic_Acid,11
18.0,F7_Propionic_Acid,11
18.25,F7_Propionic_Acid,12
18.5,F7_Propionic_Acid,11
18.75,F7_Propionic_Acid,15
19.0,F7_Propionic_Acid,11
19.25,F7_Propionic_Acid,11
19.5,F7_Propionic_Acid,11
19.75,F7_Propionic_Acid,15
20.0,F7_Propionic_Acid,15
20.25,F7_Propionic_Acid,11
20.5,F7_Propionic_Acid,12
20.75,F7_Propionic_Acid,13
21.0,F7_Propionic_Acid,14
21.25,F7_Propionic_Acid,11
21.5,F7_Propionic_Acid,14
21.75,F7_Propionic_Acid,11
22.0,F7_Propionic_Acid,14
22.25,F7_Propionic_Acid,15
22.5,F7_Propionic_Acid,14
22.75,F7_Propionic_Acid,13
23.0,F7_Propionic_Acid,15
23.25,F7_Propionic_Acid,14
23.5,F7_Propionic_Acid,13
23.75,F7_Propionic_Acid,16
24.0,F7_Propionic_Acid,15
24.25,F7_Propionic_Acid,15
24.5,F7_Propionic_Acid,14
24.75,F7_Propionic_Acid,15
25.0,F7_Propionic_Acid,16
25.25,F7_Propionic_Acid,18
25.5,F7_Propionic_Acid,14
25.75,F7_Propionic_Acid,18
26.0,F7_Propionic_Acid,16
26.25,F7_Propionic_Acid,19
26.5,F7_Propionic_Acid,13
26.75,F7_Propionic_Acid,16
27.0,F7_Propionic_Acid,17
27.25,F7_Propionic_Acid,17
27.5,F7_Propionic_Acid,17
27.75,F7_Propionic_Acid,17
28.0,F7_Propionic_Acid,17
28.25,F7_Propionic_Acid,19
28.5,F7_Propionic_Acid,22
28.75,F7_Propionic_Acid,17
29.0,F7_Propionic_Acid,19
29.25,F7_Propionic_Acid,14
29.5,F7_Propionic_Acid,19
29.75,F7_Propionic_Acid,14
30.0,F7_Propionic_Acid,19
30.25,F7_Propionic_Acid,17
30.5,F7_Propionic_Acid,19
30.75,F7_Propionic_Acid,21
31.0,F7_Propionic_Acid,14
31.25,F7_Propionic_Acid,20
31.5,F7_Propionic_Acid,20
31.75,F7_Propionic_Acid,18
32.0,F7_Propionic_Acid,20
32.25,F7_Propionic_Acid,22
32.5,F7_Propionic_Acid,23
32.75,F7_Propionic_Acid,18
33.0,F7_Propionic_Acid,20
33.25,F7_Propionic_Acid,20
33.5,F7_Propionic_Acid,16
33.75,F7_Propionic_Acid,18
34.0,F7_Propionic_Acid,24
34.25,F7_Propionic_Acid,20
34.5,F7_Propionic_Acid,21
34.75,F7_Propionic_Acid,22
35.0,F7_Propionic_Acid,23
35.25,F7_Propionic_Acid,21
35.5,F7_Propionic_Acid,26
35.75,F7_Propionic_Acid,19
36.0,F7_Propionic_Acid,21
36.25,F7_Propionic_Acid,23
36.5,F7_Propionic_Acid,22
36.75,F7_Propionic_Acid,22
37.0,F7_Propionic_Acid,20
37.25,F7_Propionic_Acid,23
37.5,F7_Propionic_Acid,21
37.75,F7_Propionic_Acid,26
38.0,F7_Propionic_Acid,25
38.25,F7_Propionic_Acid,24
38.5,F7_Propionic_Acid,24
38.75,F7_Propionic_Acid,24
39.0,F7_Propionic_Acid,22
39.25,F7_Propionic_Acid,27
39.5,F7_Propionic_Acid,23
39.75,F7_Propionic_Acid,24
40.0,F7_Propionic_Acid,30
40.25,F7_Propionic_Acid,27
40.5,F7_Propionic_Acid,27
40.75,F7_Propionic_Acid,24
41.0,F7_Propionic_Acid,24
41.25,F7_Propionic_Acid,27
41.5,F7_Propionic_Acid,25
41.75,F7_Propionic_Acid,24
42.0,F7_Propionic_Acid,26
42.25,F7_Propionic_Acid,26
42.5,F7_Propionic_Acid,30
42.75,F7_Propionic_Acid,30
43.0,F7_Propionic_Acid,26
43.25,F7_Propionic_Acid,29
43.5,F7_Propionic_Acid,29
43.75,F7_Propionic_Acid,28
44.0,F7_Propionic_Acid,26
44.25,F7_Propionic_Acid,27
44.5,F7_Propionic_Acid,25
44.75,F7_Propionic_Acid,24
45.0,F7_Propionic_Acid,23
45.25,F7_Propionic_Acid,29
45.5,F7_Propionic_Acid,30
45.75,F7_Propionic_Acid,27
46.0,F7_Propionic_Acid,26
46.25,F7_Propionic_Acid,31
46.5,F7_Propionic_Acid,26
46.75,F7_Propionic_Acid,30
47.0,F7_Propionic_Acid,29
47.25,F7_Propionic_Acid,28
47.5,F7_Propionic_Acid,27
47.75,F7_Propionic_Acid,26
48.0,F7_Propionic_Acid,29
48.25,F7_Propionic_Acid,32
0.0,F8_Mucic_Acid,11
0.25,F8_Mucic_Acid,11
0.5,F8_Mucic_Acid,11
0.75,F8_Mucic_Acid,11
1.0,F8_Mucic_Acid,11
1.25,F8_Mucic_Acid,11
1.5,F8_Mucic_Acid,11
1.75,F8_Mucic_Acid,11
2.0,F8_Mucic_Acid,11
2.25,F8_Mucic_Acid,11
2.5,F8_Mucic_Acid,11
2.75,F8_Mucic_Acid,11
3.0,F8_Mucic_Acid,11
3.25,F8_Mucic_Acid,11
3.5,F8_Mucic_Acid,11
3.75,F8_Mucic_Acid,11
4.0,F8_Mucic_Acid,11
4.25,F8_Mucic_Acid,11
4.5,F8_Mucic_Acid,11
4.75,F8_Mucic_Acid,11
5.0,F8_Mucic_Acid,11
5.25,F8_Mucic_Acid,11
5.5,F8_Mucic_Acid,11
5.75,F8_Mucic_Acid,11
6.0,F8_Mucic_Acid,11
6.25,F8_Mucic_Acid,11
6.5,F8_Mucic_Acid,11
6.75,F8_Mucic_Acid,11
7.0,F8_Mucic_Acid,11
7.25,F8_Mucic_Acid,11
7.5,F8_Mucic_Acid,11
7.75,F8_Mucic_Acid,11
8.0,F8_Mucic_Acid,11
8.25,F8_Mucic_Acid,11
8.5,F8_Mucic_Acid,11
8.75,F8_Mucic_Acid,11
9.0,F8_Mucic_Acid,11
9.25,F8_Mucic_Acid,11
9.5,F8_Mucic_Acid,11
9.75,F8_Mucic_Acid,11
10.0,F8_Mucic_Acid,11
10.25,F8_Mucic_Acid,11
10.5,F8_Mucic_Acid,11
10.75,F8_Mucic_Acid,11
11.0,F8_Mucic_Acid,11
11.25,F8_Mucic_Acid,11
11.5,F8_Mucic_Acid,11
11.75,F8_Mucic_Acid,11
12.0,F8_Mucic_Acid,13
12.25,F8_Mucic_Acid,11
12.5,F8_Mucic_Acid,14
12.75,F8_Mucic_Acid,13
13.0,F8_Mucic_Acid,11
13.25,F8_Mucic_Acid,11
13.5,F8_Mucic_Acid,13
13.75,F8_Mucic_Acid,11
14.0,F8_Mucic_Acid,13
14.25,F8_Mucic_Acid,12
14.5,F8_Mucic_Acid,13
14.75,F8_Mucic_Acid,17
15.0,F8_Mucic_Acid,13
15.25,F8_Mucic_Acid,12
15.5,F8_Mucic_Acid,12
15.75,F8_Mucic_Acid,18
16.0,F8_Mucic_Acid,15
16.25,F8_Mucic_Acid,16
16.5,F8_Mucic_Acid,18
16.75,F8_Mucic_Acid,17
17.0,F8_Mucic_Acid,15
17.25,F8_Mucic_Acid,11
17.5,F8_Mucic_Acid,16
17.75,F8_Mucic_Acid,15
18.0,F8_Mucic_Acid,16
18.25,F8_Mucic_Acid,19
18.5,F8_Mucic_Acid,22
18.75,F8_Mucic_Acid,21
19.0,F8_Mucic_Acid,18
19.25,F8_Mucic_Acid,18
19.5,F8_Mucic_Acid,16
19.75,F8_Mucic_Acid,21
20.0,F8_Mucic_Acid,16
20.25,F8_Mucic_Acid,20
20.5,F8_Mucic_Acid,20
20.75,F8_Mucic_Acid,22
21.0,F8_Mucic_Acid,15
21.25,F8_Mucic_Acid,18
21.5,F8_Mucic_Acid,18
21.75,F8_Mucic_Acid,21
22.0,F8_Mucic_Acid,17
22.25,F8_Mucic_Acid,19
22.5,F8_Mucic_Acid,18
22.75,F8_Mucic_Acid,19
23.0,F8_Mucic_Acid,18
23.25,F8_Mucic_Acid,18
23.5,F8_Mucic_Acid,19
23.75,F8_Mucic_Acid,21
24.0,F8_Mucic_Acid,19
24.25,F8_Mucic_Acid,21
24.5,F8_Mucic_Acid,17
24.75,F8_Mucic_Acid,18
25.0,F8_Mucic_Acid,21
25.25,F8_Mucic_Acid,20
25.5,F8_Mucic_Acid,21
25.75,F8_Mucic_Acid,19
26.0,F8_Mucic_Acid,19
26.25,F8_Mucic_Acid,19
26.5,F8_Mucic_Acid,19
26.75,F8_Mucic_Acid,17
27.0,F8_Mucic_Acid,20
27.25,F8_Mucic_Acid,20
27.5,F8_Mucic_Acid,21
27.75,F8_Mucic_Acid,20
28.0,F8_Mucic_Acid,18
28.25,F8_Mucic_Acid,19
28.5,F8_Mucic_Acid,20
28.75,F8_Mucic_Acid,20
29.0,F8_Mucic_Acid,23
29.25,F8_Mucic_Acid,19
29.5,F8_Mucic_Acid,18
29.75,F8_Mucic_Acid,19
30.0,F8_Mucic_Acid,19
30.25,F8_Mucic_Acid,18
30.5,F8_Mucic_Acid,19
30.75,F8_Mucic_Acid,23
31.0,F8_Mucic_Acid,21
31.25,F8_Mucic_Acid,22
31.5,F8_Mucic_Acid,21
31.75,F8_Mucic_Acid,20
32.0,F8_Mucic_Acid,16
32.25,F8_Mucic_Acid,20
32.5,F8_Mucic_Acid,19
32.75,F8_Mucic_Acid,15
33.0,F8_Mucic_Acid,16
33.25,F8_Mucic_Acid,18
33.5,F8_Mucic_Acid,19
33.75,F8_Mucic_Acid,19
34.0,F8_Mucic_Acid,21
34.25,F8_Mucic_Acid,18
34.5,F8_Mucic_Acid,20
34.75,F8_Mucic_Acid,16
35.0,F8_Mucic_Acid,18
35.25,F8_Mucic_Acid,20
35.5,F8_Mucic_Acid,21
35.75,F8_Mucic_Acid,20
36.0,F8_Mucic_Acid,17
36.25,F8_Mucic_Acid,15
36.5,F8_Mucic_Acid,16
36.75,F8_Mucic_Acid,19
37.0,F8_Mucic_Acid,18
37.25,F8_Mucic_Acid,20
37.5,F8_Mucic_Acid,16
37.75,F8_Mucic_Acid,17
38.0,F8_Mucic_Acid,18
38.25,F8_Mucic_Acid,18
38.5,F8_Mucic_Acid,19
38.75,F8_Mucic_Acid,17
39.0,F8_Mucic_Acid,19
39.25,F8_Mucic_Acid,16
39.5,F8_Mucic_Acid,18
39.75,F8_Mucic_Acid,17
40.0,F8_Mucic_Acid,17
40.25,F8_Mucic_Acid,17
40.5,F8_Mucic_Acid,22
40.75,F8_Mucic_Acid,20
41.0,F8_Mucic_Acid,22
41.25,F8_Mucic_Acid,19
41.5,F8_Mucic_Acid,18
41.75,F8_Mucic_Acid,18
42.0,F8_Mucic_Acid,22
42.25,F8_Mucic_Acid,18
42.5,F8_Mucic_Acid,19
42.75,F8_Mucic_Acid,19
43.0,F8_Mucic_Acid,19
43.25,F8_Mucic_Acid,16
43.5,F8_Mucic_Acid,21
43.75,F8_Mucic_Acid,17
44.0,F8_Mucic_Acid,18
44.25,F8_Mucic_Acid,20
44.5,F8_Mucic_Acid,19
44.75,F8_Mucic_Acid,15
45.0,F8_Mucic_Acid,21
45.25,F8_Mucic_Acid,20
45.5,F8_Mucic_Acid,18
45.75,F8_Mucic_Acid,21
46.0,F8_Mucic_Acid,21
46.25,F8_Mucic_Acid,20
46.5,F8_Mucic_Acid,23
46.75,F8_Mucic_Acid,20
47.0,F8_Mucic_Acid,21
47.25,F8_Mucic_Acid,17
47.5,F8_Mucic_Acid,20
47.75,F8_Mucic_Acid,19
48.0,F8_Mucic_Acid,19
48.25,F8_Mucic_Acid,17
0.0,F9_Glycolic_Acid,11
0.25,F9_Glycolic_Acid,11
0.5,F9_Glycolic_Acid,11
0.75,F9_Glycolic_Acid,11
1.0,F9_Glycolic_Acid,11
1.25,F9_Glycolic_Acid,11
1.5,F9_Glycolic_Acid,11
1.75,F9_Glycolic_Acid,11
2.0,F9_Glycolic_Acid,11
2.25,F9_Glycolic_Acid,11
2.5,F9_Glycolic_Acid,11
2.75,F9_Glycolic_Acid,11
3.0,F9_Glycolic_Acid,11
3.25,F9_Glycolic_Acid,11
3.5,F9_Glycolic_Acid,11
3.75,F9_Glycolic_Acid,11
4.0,F9_Glycolic_Acid,11
4.25,F9_Glycolic_Acid,11
4.5,F9_Glycolic_Acid,11
4.75,F9_Glycolic_Acid,11
5.0,F9_Glycolic_Acid,11
5.25,F9_Glycolic_Acid,11
5.5,F9_Glycolic_Acid,11
5.75,F9_Glycolic_Acid,11
6.0,F9_Glycolic_Acid,11
6.25,F9_Glycolic_Acid,11
6.5,F9_Glycolic_Acid,11
6.75,F9_Glycolic_Acid,11
7.0,F9_Glycolic_Acid,11
7.25,F9_Glycolic_Acid,11
7.5,F9_Glycolic_Acid,11
7.75,F9_Glycolic_Acid,11
8.0,F9_Glycolic_Acid,11
8.25,F9_Glycolic_Acid,11
8.5,F9_Glycolic_Acid,11
8.75,F9_Glycolic_Acid,11
9.0,F9_Glycolic_Acid,11
9.25,F9_Glycolic_Acid,11
9.5,F9_Glycolic_Acid,12
9.75,F9_Glycolic_Acid,11
10.0,F9_Glycolic_Acid,11
10.25,F9_Glycolic_Acid,11
10.5,F9_Glycolic_Acid,11
10.75,F9_Glycolic_Acid,11
11.0,F9_Glycolic_Acid,11
11.25,F9_Glycolic_Acid,11
11.5,F9_Glycolic_Acid,11
11.75,F9_Glycolic_Acid,11
12.0,F9_Glycolic_Acid,11
12.25,F9_Glycolic_Acid,11
12.5,F9_Glycolic_Acid,11
12.75,F9_Glycolic_Acid,11
13.0,F9_Glycolic_Acid,11
13.25,F9_Glycolic_Acid,11
13.5,F9_Glycolic_Acid,14
13.75,F9_Glycolic_Acid,13
14.0,F9_Glycolic_Acid,11
14.25,F9_Glycolic_Acid,12
14.5,F9_Glycolic_Acid,12
14.75,F9_Glycolic_Acid,15
15.0,F9_Glycolic_Acid,12
15.25,F9_Glycolic_Acid,11
15.5,F9_Glycolic_Acid,11
15.75,F9_Glycolic_Acid,12
16.0,F9_Glycolic_Acid,11
16.25,F9_Glycolic_Acid,11
16.5,F9_Glycolic_Acid,11
16.75,F9_Glycolic_Acid,11
17.0,F9_Glycolic_Acid,11
17.25,F9_Glycolic_Acid,11
17.5,F9_Glycolic_Acid,11
17.75,F9_Glycolic_Acid,14
18.0,F9_Glycolic_Acid,13
18.25,F9_Glycolic_Acid,12
18.5,F9_Glycolic_Acid,13
18.75,F9_Glycolic_Acid,11
19.0,F9_Glycolic_Acid,11
19.25,F9_Glycolic_Acid,12
19.5,F9_Glycolic_Acid,11
19.75,F9_Glycolic_Acid,11
20.0,F9_Glycolic_Acid,17
20.25,F9_Glycolic_Acid,12
20.5,F9_Glycolic_Acid,13
20.75,F9_Glycolic_Acid,14
21.0,F9_Glycolic_Acid,12
21.25,F9_Glycolic_Acid,11
21.5,F9_Glycolic_Acid,16
21.75,F9_Glycolic_Acid,13
22.0,F9_Glycolic_Acid,11
22.25,F9_Glycolic_Acid,11
22.5,F9_Glycolic_Acid,11
22.75,F9_Glycolic_Acid,11
23.0,F9_Glycolic_Acid,11
23.25,F9_Glycolic_Acid,11
23.5,F9_Glycolic_Acid,12
23.75,F9_Glycolic_Acid,14
24.0,F9_Glycolic_Acid,12
24.25,F9_Glycolic_Acid,12
24.5,F9_Glycolic_Acid,13
24.75,F9_Glycolic_Acid,11
25.0,F9_Glycolic_Acid,14
25.25,F9_Glycolic_Acid,11
25.5,F9_Glycolic_Acid,16
25.75,F9_Glycolic_Acid,11
26.0,F9_Glycolic_Acid,13
26.25,F9_Glycolic_Acid,14
26.5,F9_Glycolic_Acid,11
26.75,F9_Glycolic_Acid,11
27.0,F9_Glycolic_Acid,12
27.25,F9_Glycolic_Acid,13
27.5,F9_Glycolic_Acid,11
27.75,F9_Glycolic_Acid,12
28.0,F9_Glycolic_Acid,14
28.25,F9_Glycolic_Acid,13
28.5,F9_Glycolic_Acid,12
28.75,F9_Glycolic_Acid,11
29.0,F9_Glycolic_Acid,14
29.25,F9_Glycolic_Acid,15
29.5,F9_Glycolic_Acid,13
29.75,F9_Glycolic_Acid,11
30.0,F9_Glycolic_Acid,11
30.25,F9_Glycolic_Acid,11
30.5,F9_Glycolic_Acid,13
30.75,F9_Glycolic_Acid,11
31.0,F9_Glycolic_Acid,11
31.25,F9_Glycolic_Acid,11
31.5,F9_Glycolic_Acid,11
31.75,F9_Glycolic_Acid,15
32.0,F9_Glycolic_Acid,11
32.25,F9_Glycolic_Acid,11
32.5,F9_Glycolic_Acid,11
32.75,F9_Glycolic_Acid,11
33.0,F9_Glycolic_Acid,12
33.25,F9_Glycolic_Acid,11
33.5,F9_Glycolic_Acid,14
33.75,F9_Glycolic_Acid,15
34.0,F9_Glycolic_Acid,12
34.25,F9_Glycolic_Acid,12
34.5,F9_Glycolic_Acid,16
34.75,F9_Glycolic_Acid,15
35.0,F9_Glycolic_Acid,13
35.25,F9_Glycolic_Acid,13
35.5,F9_Glycolic_Acid,14
35.75,F9_Glycolic_Acid,16
36.0,F9_Glycolic_Acid,13
36.25,F9_Glycolic_Acid,14
36.5,F9_Glycolic_Acid,11
36.75,F9_Glycolic_Acid,11
37.0,F9_Glycolic_Acid,11
37.25,F9_Glycolic_Acid,11
37.5,F9_Glycolic_Acid,13
37.75,F9_Glycolic_Acid,13
38.0,F9_Glycolic_Acid,11
38.25,F9_Glycolic_Acid,13
38.5,F9_Glycolic_Acid,11
38.75,F9_Glycolic_Acid,11
39.0,F9_Glycolic_Acid,11
39.25,F9_Glycolic_Acid,13
39.5,F9_Glycolic_Acid,11
39.75,F9_Glycolic_Acid,12
40.0,F9_Glycolic_Acid,11
40.25,F9_Glycolic_Acid,11
40.5,F9_Glycolic_Acid,11
40.75,F9_Glycolic_Acid,14
41.0,F9_Glycolic_Acid,14
41.25,F9_Glycolic_Acid,11
41.5,F9_Glycolic_Acid,14
41.75,F9_Glycolic_Acid,15
42.0,F9_Glycolic_Acid,15
42.25,F9_Glycolic_Acid,19
42.5,F9_Glycolic_Acid,16
42.75,F9_Glycolic_Acid,17
43.0,F9_Glycolic_Acid,13
43.25,F9_Glycolic_Acid,12
43.5,F9_Glycolic_Acid,11
43.75,F9_Glycolic_Acid,14
44.0,F9_Glycolic_Acid,15
44.25,F9_Glycolic_Acid,14
44.5,F9_Glycolic_Acid,11
44.75,F9_Glycolic_Acid,15
45.0,F9_Glycolic_Acid,11
45.25,F9_Glycolic_Acid,14
45.5,F9_Glycolic_Acid,14
45.75,F9_Glycolic_Acid,15
46.0,F9_Glycolic_Acid,15
46.25,F9_Glycolic_Acid,13
46.5,F9_Glycolic_Acid,16
46.75,F9_Glycolic_Acid,16
47.0,F9_Glycolic_Acid,13
47.25,F9_Glycolic_Acid,13
47.5,F9_Glycolic_Acid,13
47.75,F9_Glycolic_Acid,15
48.0,F9_Glycolic_Acid,14
48.25,F9_Glycolic_Acid,18
0.0,F10_Glyoxylic_Acid,11
0.25,F10_Glyoxylic_Acid,11
0.5,F10_Glyoxylic_Acid,11
0.75,F10_Glyoxylic_Acid,11
1.0,F10_Glyoxylic_Acid,11
1.25,F10_Glyoxylic_Acid,11
1.5,F10_Glyoxylic_Acid,11
1.75,F10_Glyoxylic_Acid,11
2.0,F10_Glyoxylic_Acid,11
2.25,F10_Glyoxylic_Acid,11
2.5,F10_Glyoxylic_Acid,11
2.75,F10_Glyoxylic_Acid,11
3.0,F10_Glyoxylic_Acid,11
3.25,F10_Glyoxylic_Acid,11
3.5,F10_Glyoxylic_Acid,11
3.75,F10_Glyoxylic_Acid,11
4.0,F10_Glyoxylic_Acid,11
4.25,F10_Glyoxylic_Acid,11
4.5,F10_Glyoxylic_Acid,12
4.75,F10_Glyoxylic_Acid,11
5.0,F10_Glyoxylic_Acid,11
5.25,F10_Glyoxylic_Acid,11
5.5,F10_Glyoxylic_Acid,11
5.75,F10_Glyoxylic_Acid,11
6.0,F10_Glyoxylic_Acid,11
6.25,F10_Glyoxylic_Acid,11
6.5,F10_Glyoxylic_Acid,11
6.75,F10_Glyoxylic_Acid,11
7.0,F10_Glyoxylic_Acid,11
7.25,F10_Glyoxylic_Acid,11
7.5,F10_Glyoxylic_Acid,11
7.75,F10_Glyoxylic_Acid,11
8.0,F10_Glyoxylic_Acid,11
8.25,F10_Glyoxylic_Acid,11
8.5,F10_Glyoxylic_Acid,11
8.75,F10_Glyoxylic_Acid,11
9.0,F10_Glyoxylic_Acid,11
9.25,F10_Glyoxylic_Acid,11
9.5,F10_Glyoxylic_Acid,11
9.75,F10_Glyoxylic_Acid,11
10.0,F10_Glyoxylic_Acid,11
10.25,F10_Glyoxylic_Acid,11
10.5,F10_Glyoxylic_Acid,11
10.75,F10_Glyoxylic_Acid,11
11.0,F10_Glyoxylic_Acid,11
11.25,F10_Glyoxylic_Acid,11
11.5,F10_Glyoxylic_Acid,12
11.75,F10_Glyoxylic_Acid,12
12.0,F10_Glyoxylic_Acid,11
12.25,F10_Glyoxylic_Acid,11
12.5,F10_Glyoxylic_Acid,13
12.75,F10_Glyoxylic_Acid,11
13.0,F10_Glyoxylic_Acid,11
13.25,F10_Glyoxylic_Acid,11
13.5,F10_Glyoxylic_Acid,12
13.75,F10_Glyoxylic_Acid,11
14.0,F10_Glyoxylic_Acid,11
14.25,F10_Glyoxylic_Acid,11
14.5,F10_Glyoxylic_Acid,11
14.75,F10_Glyoxylic_Acid,15
15.0,F10_Glyoxylic_Acid,11
15.25,F10_Glyoxylic_Acid,11
15.5,F10_Glyoxylic_Acid,11
15.75,F10_Glyoxylic_Acid,11
16.0,F10_Glyoxylic_Acid,15
16.25,F10_Glyoxylic_Acid,11
16.5,F10_Glyoxylic_Acid,11
16.75,F10_Glyoxylic_Acid,11
17.0,F10_Glyoxylic_Acid,14
17.25,F10_Glyoxylic_Acid,14
17.5,F10_Glyoxylic_Acid,11
17.75,F10_Glyoxylic_Acid,11
18.0,F10_Glyoxylic_Acid,13
18.25,F10_Glyoxylic_Acid,14
18.5,F10_Glyoxylic_Acid,11
18.75,F10_Glyoxylic_Acid,11
19.0,F10_Glyoxylic_Acid,12
19.25,F10_Glyoxylic_Acid,13
19.5,F10_Glyoxylic_Acid,11
19.75,F10_Glyoxylic_Acid,11
20.0,F10_Glyoxylic_Acid,13
20.25,F10_Glyoxylic_Acid,12
20.5,F10_Glyoxylic_Acid,13
20.75,F10_Glyoxylic_Acid,16
21.0,F10_Glyoxylic_Acid,12
21.25,F10_Glyoxylic_Acid,11
21.5,F10_Glyoxylic_Acid,11
21.75,F10_Glyoxylic_Acid,11
22.0,F10_Glyoxylic_Acid,13
22.25,F10_Glyoxylic_Acid,11
22.5,F10_Glyoxylic_Acid,11
22.75,F10_Glyoxylic_Acid,12
23.0,F10_Glyoxylic_Acid,12
23.25,F10_Glyoxylic_Acid,11
23.5,F10_Glyoxylic_Acid,16
23.75,F10_Glyoxylic_Acid,16
24.0,F10_Glyoxylic_Acid,11
24.25,F10_Glyoxylic_Acid,12
24.5,F10_Glyoxylic_Acid,11
24.75,F10_Glyoxylic_Acid,11
25.0,F10_Glyoxylic_Acid,11
25.25,F10_Glyoxylic_Acid,11
25.5,F10_Glyoxylic_Acid,15
25.75,F10_Glyoxylic_Acid,13
26.0,F10_Glyoxylic_Acid,12
26.25,F10_Glyoxylic_Acid,11
26.5,F10_Glyoxylic_Acid,13
26.75,F10_Glyoxylic_Acid,11
27.0,F10_Glyoxylic_Acid,12
27.25,F10_Glyoxylic_Acid,11
27.5,F10_Glyoxylic_Acid,11
27.75,F10_Glyoxylic_Acid,13
28.0,F10_Glyoxylic_Acid,11
28.25,F10_Glyoxylic_Acid,14
28.5,F10_Glyoxylic_Acid,17
28.75,F10_Glyoxylic_Acid,12
29.0,F10_Glyoxylic_Acid,11
29.25,F10_Glyoxylic_Acid,11
29.5,F10_Glyoxylic_Acid,12
29.75,F10_Glyoxylic_Acid,15
30.0,F10_Glyoxylic_Acid,13
30.25,F10_Glyoxylic_Acid,11
30.5,F10_Glyoxylic_Acid,13
30.75,F10_Glyoxylic_Acid,14
31.0,F10_Glyoxylic_Acid,14
31.25,F10_Glyoxylic_Acid,11
31.5,F10_Glyoxylic_Acid,12
31.75,F10_Glyoxylic_Acid,17
32.0,F10_Glyoxylic_Acid,13
32.25,F10_Glyoxylic_Acid,13
32.5,F10_Glyoxylic_Acid,14
32.75,F10_Glyoxylic_Acid,11
33.0,F10_Glyoxylic_Acid,11
33.25,F10_Glyoxylic_Acid,11
33.5,F10_Glyoxylic_Acid,11
33.75,F10_Glyoxylic_Acid,13
34.0,F10_Glyoxylic_Acid,15
34.25,F10_Glyoxylic_Acid,13
34.5,F10_Glyoxylic_Acid,13
34.75,F10_Glyoxylic_Acid,11
35.0,F10_Glyoxylic_Acid,11
35.25,F10_Glyoxylic_Acid,14
35.5,F10_Glyoxylic_Acid,15
35.75,F10_Glyoxylic_Acid,14
36.0,F10_Glyoxylic_Acid,14
36.25,F10_Glyoxylic_Acid,14
36.5,F10_Glyoxylic_Acid,14
36.75,F10_Glyoxylic_Acid,14
37.0,F10_Glyoxylic_Acid,13
37.25,F10_Glyoxylic_Acid,13
37.5,F10_Glyoxylic_Acid,13
37.75,F10_Glyoxylic_Acid,15
38.0,F10_Glyoxylic_Acid,11
38.25,F10_Glyoxylic_Acid,15
38.5,F10_Glyoxylic_Acid,11
38.75,F10_Glyoxylic_Acid,15
39.0,F10_Glyoxylic_Acid,11
39.25,F10_Glyoxylic_Acid,13
39.5,F10_Glyoxylic_Acid,11
39.75,F10_Glyoxylic_Acid,13
40.0,F10_Glyoxylic_Acid,14
40.25,F10_Glyoxylic_Acid,12
40.5,F10_Glyoxylic_Acid,14
40.75,F10_Glyoxylic_Acid,12
41.0,F10_Glyoxylic_Acid,14
41.25,F10_Glyoxylic_Acid,11
41.5,F10_Glyoxylic_Acid,12
41.75,F10_Glyoxylic_Acid,13
42.0,F10_Glyoxylic_Acid,13
42.25,F10_Glyoxylic_Acid,14
42.5,F10_Glyoxylic_Acid,16
42.75,F10_Glyoxylic_Acid,19
43.0,F10_Glyoxylic_Acid,13
43.25,F10_Glyoxylic_Acid,12
43.5,F10_Glyoxylic_Acid,15
43.75,F10_Glyoxylic_Acid,12
44.0,F10_Glyoxylic_Acid,14
44.25,F10_Glyoxylic_Acid,12
44.5,F10_Glyoxylic_Acid,20
44.75,F10_Glyoxylic_Acid,14
45.0,F10_Glyoxylic_Acid,16
45.25,F10_Glyoxylic_Acid,11
45.5,F10_Glyoxylic_Acid,13
45.75,F10_Glyoxylic_Acid,14
46.0,F10_Glyoxylic_Acid,20
46.25,F10_Glyoxylic_Acid,15
46.5,F10_Glyoxylic_Acid,13
46.75,F10_Glyoxylic_Acid,16
47.0,F10_Glyoxylic_Acid,12
47.25,F10_Glyoxylic_Acid,13
47.5,F10_Glyoxylic_Acid,15
47.75,F10_Glyoxylic_Acid,16
48.0,F10_Glyoxylic_Acid,12
48.25,F10_Glyoxylic_Acid,17
0.0,F11_D-Cellobiose,14
0.25,F11_D-Cellobiose,12
0.5,F11_D-Cellobiose,14
0.75,F11_D-Cellobiose,12
1.0,F11_D-Cellobiose,12
1.25,F11_D-Cellobiose,12
1.5,F11_D-Cellobiose,13
1.75,F11_D-Cellobiose,13
2.0,F11_D-Cellobiose,11
2.25,F11_D-Cellobiose,11
2.5,F11_D-Cellobiose,12
2.75,F11_D-Cellobiose,11
3.0,F11_D-Cellobiose,11
3.25,F11_D-Cellobiose,12
3.5,F11_D-Cellobiose,11
3.75,F11_D-Cellobiose,12
4.0,F11_D-Cellobiose,15
4.25,F11_D-Cellobiose,11
4.5,F11_D-Cellobiose,11
4.75,F11_D-Cellobiose,11
5.0,F11_D-Cellobiose,11
5.25,F11_D-Cellobiose,11
5.5,F11_D-Cellobiose,11
5.75,F11_D-Cellobiose,11
6.0,F11_D-Cellobiose,13
6.25,F11_D-Cellobiose,11
6.5,F11_D-Cellobiose,13
6.75,F11_D-Cellobiose,12
7.0,F11_D-Cellobiose,13
7.25,F11_D-Cellobiose,15
7.5,F11_D-Cellobiose,12
7.75,F11_D-Cellobiose,13
8.0,F11_D-Cellobiose,11
8.25,F11_D-Cellobiose,13
8.5,F11_D-Cellobiose,14
8.75,F11_D-Cellobiose,16
9.0,F11_D-Cellobiose,11
9.25,F11_D-Cellobiose,11
9.5,F11_D-Cellobiose,11
9.75,F11_D-Cellobiose,11
10.0,F11_D-Cellobiose,12
10.25,F11_D-Cellobiose,11
10.5,F11_D-Cellobiose,12
10.75,F11_D-Cellobiose,13
11.0,F11_D-Cellobiose,12
11.25,F11_D-Cellobiose,12
11.5,F11_D-Cellobiose,18
11.75,F11_D-Cellobiose,17
12.0,F11_D-Cellobiose,15
12.25,F11_D-Cellobiose,13
12.5,F11_D-Cellobiose,17
12.75,F11_D-Cellobiose,16
13.0,F11_D-Cellobiose,14
13.25,F11_D-Cellobiose,17
13.5,F11_D-Cellobiose,14
13.75,F11_D-Cellobiose,17
14.0,F11_D-Cellobiose,13
14.25,F11_D-Cellobiose,17
14.5,F11_D-Cellobiose,16
14.75,F11_D-Cellobiose,21
15.0,F11_D-Cellobiose,15
15.25,F11_D-Cellobiose,16
15.5,F11_D-Cellobiose,16
15.75,F11_D-Cellobiose,16
16.0,F11_D-Cellobiose,16
16.25,F11_D-Cellobiose,13
16.5,F11_D-Cellobiose,13
16.75,F11_D-Cellobiose,11
17.0,F11_D-Cellobiose,20
17.25,F11_D-Cellobiose,14
17.5,F11_D-Cellobiose,14
17.75,F11_D-Cellobiose,16
18.0,F11_D-Cellobiose,15
18.25,F11_D-Cellobiose,15
18.5,F11_D-Cellobiose,17
18.75,F11_D-Cellobiose,16
19.0,F11_D-Cellobiose,15
19.25,F11_D-Cellobiose,17
19.5,F11_D-Cellobiose,13
19.75,F11_D-Cellobiose,13
20.0,F11_D-Cellobiose,17
20.25,F11_D-Cellobiose,17
20.5,F11_D-Cellobiose,20
20.75,F11_D-Cellobiose,16
21.0,F11_D-Cellobiose,16
21.25,F11_D-Cellobiose,18
21.5,F11_D-Cellobiose,17
21.75,F11_D-Cellobiose,16
22.0,F11_D-Cellobiose,14
22.25,F11_D-Cellobiose,19
22.5,F11_D-Cellobiose,15
22.75,F11_D-Cellobiose,14
23.0,F11_D-Cellobiose,13
23.25,F11_D-Cellobiose,14
23.5,F11_D-Cellobiose,21
23.75,F11_D-Cellobiose,19
24.0,F11_D-Cellobiose,18
24.25,F11_D-Cellobiose,15
24.5,F11_D-Cellobiose,17
24.75,F11_D-Cellobiose,13
25.0,F11_D-Cellobiose,16
25.25,F11_D-Cellobiose,15
25.5,F11_D-Cellobiose,18
25.75,F11_D-Cellobiose,17
26.0,F11_D-Cellobiose,13
26.25,F11_D-Cellobiose,16
26.5,F11_D-Cellobiose,14
26.75,F11_D-Cellobiose,14
27.0,F11_D-Cellobiose,19
27.25,F11_D-Cellobiose,17
27.5,F11_D-Cellobiose,14
27.75,F11_D-Cellobiose,18
28.0,F11_D-Cellobiose,15
28.25,F11_D-Cellobiose,16
28.5,F11_D-Cellobiose,19
28.75,F11_D-Cellobiose,16
29.0,F11_D-Cellobiose,17
29.25,F11_D-Cellobiose,18
29.5,F11_D-Cellobiose,18
29.75,F11_D-Cellobiose,17
30.0,F11_D-Cellobiose,14
30.25,F11_D-Cellobiose,16
30.5,F11_D-Cellobiose,18
30.75,F11_D-Cellobiose,14
31.0,F11_D-Cellobiose,18
31.25,F11_D-Cellobiose,18
31.5,F11_D-Cellobiose,19
31.75,F11_D-Cellobiose,17
32.0,F11_D-Cellobiose,18
32.25,F11_D-Cellobiose,18
32.5,F11_D-Cellobiose,16
32.75,F11_D-Cellobiose,14
33.0,F11_D-Cellobiose,17
33.25,F11_D-Cellobiose,16
33.5,F11_D-Cellobiose,18
33.75,F11_D-Cellobiose,13
34.0,F11_D-Cellobiose,18
34.25,F11_D-Cellobiose,13
34.5,F11_D-Cellobiose,17
34.75,F11_D-Cellobiose,13
35.0,F11_D-Cellobiose,16
35.25,F11_D-Cellobiose,14
35.5,F11_D-Cellobiose,18
35.75,F11_D-Cellobiose,18
36.0,F11_D-Cellobiose,18
36.25,F11_D-Cellobiose,14
36.5,F11_D-Cellobiose,15
36.75,F11_D-Cellobiose,12
37.0,F11_D-Cellobiose,16
37.25,F11_D-Cellobiose,13
37.5,F11_D-Cellobiose,14
37.75,F11_D-Cellobiose,16
38.0,F11_D-Cellobiose,17
38.25,F11_D-Cellobiose,15
38.5,F11_D-Cellobiose,15
38.75,F11_D-Cellobiose,13
39.0,F11_D-Cellobiose,16
39.25,F11_D-Cellobiose,13
39.5,F11_D-Cellobiose,13
39.75,F11_D-Cellobiose,14
40.0,F11_D-Cellobiose,13
40.25,F11_D-Cellobiose,15
40.5,F11_D-Cellobiose,16
40.75,F11_D-Cellobiose,15
41.0,F11_D-Cellobiose,16
41.25,F11_D-Cellobiose,16
41.5,F11_D-Cellobiose,18
41.75,F11_D-Cellobiose,16
42.0,F11_D-Cellobiose,19
42.25,F11_D-Cellobiose,18
42.5,F11_D-Cellobiose,20
42.75,F11_D-Cellobiose,19
43.0,F11_D-Cellobiose,16
43.25,F11_D-Cellobiose,18
43.5,F11_D-Cellobiose,18
43.75,F11_D-Cellobiose,17
44.0,F11_D-Cellobiose,15
44.25,F11_D-Cellobiose,15
44.5,F11_D-Cellobiose,16
44.75,F11_D-Cellobiose,19
45.0,F11_D-Cellobiose,17
45.25,F11_D-Cellobiose,17
45.5,F11_D-Cellobiose,16
45.75,F11_D-Cellobiose,18
46.0,F11_D-Cellobiose,15
46.25,F11_D-Cellobiose,19
46.5,F11_D-Cellobiose,15
46.75,F11_D-Cellobiose,17
47.0,F11_D-Cellobiose,16
47.25,F11_D-Cellobiose,17
47.5,F11_D-Cellobiose,19
47.75,F11_D-Cellobiose,18
48.0,F11_D-Cellobiose,14
48.25,F11_D-Cellobiose,16
0.0,F12_Inosine,29
0.25,F12_Inosine,26
0.5,F12_Inosine,22
0.75,F12_Inosine,24
1.0,F12_Inosine,19
1.25,F12_Inosine,24
1.5,F12_Inosine,20
1.75,F12_Inosine,23
2.0,F12_Inosine,22
2.25,F12_Inosine,18
2.5,F12_Inosine,15
2.75,F12_Inosine,16
3.0,F12_Inosine,18
3.25,F12_Inosine,18
3.5,F12_Inosine,15
3.75,F12_Inosine,21
4.0,F12_Inosine,18
4.25,F12_Inosine,17
4.5,F12_Inosine,19
4.75,F12_Inosine,17
5.0,F12_Inosine,18
5.25,F12_Inosine,20
5.5,F12_Inosine,19
5.75,F12_Inosine,16
6.0,F12_Inosine,22
6.25,F12_Inosine,17
6.5,F12_Inosine,20
6.75,F12_Inosine,17
7.0,F12_Inosine,19
7.25,F12_Inosine,20
7.5,F12_Inosine,24
7.75,F12_Inosine,20
8.0,F12_Inosine,22
8.25,F12_Inosine,22
8.5,F12_Inosine,22
8.75,F12_Inosine,22
9.0,F12_Inosine,20
9.25,F12_Inosine,18
9.5,F12_Inosine,22
9.75,F12_Inosine,16
10.0,F12_Inosine,21
10.25,F12_Inosine,26
10.5,F12_Inosine,19
10.75,F12_Inosine,22
11.0,F12_Inosine,25
11.25,F12_Inosine,23
11.5,F12_Inosine,27
11.75,F12_Inosine,26
12.0,F12_Inosine,28
12.25,F12_Inosine,26
12.5,F12_Inosine,25
12.75,F12_Inosine,28
13.0,F12_Inosine,21
13.25,F12_Inosine,25
13.5,F12_Inosine,28
13.75,F12_Inosine,24
14.0,F12_Inosine,27
14.25,F12_Inosine,23
14.5,F12_Inosine,27
14.75,F12_Inosine,25
15.0,F12_Inosine,24
15.25,F12_Inosine,28
15.5,F12_Inosine,26
15.75,F12_Inosine,30
16.0,F12_Inosine,21
16.25,F12_Inosine,26
16.5,F12_Inosine,24
16.75,F12_Inosine,26
17.0,F12_Inosine,33
17.25,F12_Inosine,29
17.5,F12_Inosine,28
17.75,F12_Inosine,29
18.0,F12_Inosine,30
18.25,F12_Inosine,24
18.5,F12_Inosine,27
18.75,F12_Inosine,27
19.0,F12_Inosine,25
19.25,F12_Inosine,31
19.5,F12_Inosine,32
19.75,F12_Inosine,29
20.0,F12_Inosine,29
20.25,F12_Inosine,32
20.5,F12_Inosine,30
20.75,F12_Inosine,34
21.0,F12_Inosine,31
21.25,F12_Inosine,31
21.5,F12_Inosine,35
21.75,F12_Inosine,32
22.0,F12_Inosine,33
22.25,F12_Inosine,29
22.5,F12_Inosine,36
22.75,F12_Inosine,37
23.0,F12_Inosine,28
23.25,F12_Inosine,31
23.5,F12_Inosine,33
23.75,F12_Inosine,32
24.0,F12_Inosine,32
24.25,F12_Inosine,32
24.5,F12_Inosine,28
24.75,F12_Inosine,34
25.0,F12_Inosine,35
25.25,F12_Inosine,38
25.5,F12_Inosine,35
25.75,F12_Inosine,31
26.0,F12_Inosine,27
26.25,F12_Inosine,33
26.5,F12_Inosine,39
26.75,F12_Inosine,33
27.0,F12_Inosine,34
27.25,F12_Inosine,30
27.5,F12_Inosine,32
27.75,F12_Inosine,32
28.0,F12_Inosine,31
28.25,F12_Inosine,33
28.5,F12_Inosine,31
28.75,F12_Inosine,32
29.0,F12_Inosine,30
29.25,F12_Inosine,30
29.5,F12_Inosine,34
29.75,F12_Inosine,32
30.0,F12_Inosine,38
30.25,F12_Inosine,31
30.5,F12_Inosine,35
30.75,F12_Inosine,34
31.0,F12_Inosine,30
31.25,F12_Inosine,33
31.5,F12_Inosine,31
31.75,F12_Inosine,36
32.0,F12_Inosine,36
32.25,F12_Inosine,34
32.5,F12_Inosine,35
32.75,F12_Inosine,40
33.0,F12_Inosine,34
33.25,F12_Inosine,35
33.5,F12_Inosine,37
33.75,F12_Inosine,39
34.0,F12_Inosine,32
34.25,F12_Inosine,36
34.5,F12_Inosine,36
34.75,F12_Inosine,36
35.0,F12_Inosine,37
35.25,F12_Inosine,32
35.5,F12_Inosine,33
35.75,F12_Inosine,42
36.0,F12_Inosine,35
36.25,F12_Inosine,41
36.5,F12_Inosine,34
36.75,F12_Inosine,36
37.0,F12_Inosine,39
37.25,F12_Inosine,33
37.5,F12_Inosine,37
37.75,F12_Inosine,39
38.0,F12_Inosine,37
38.25,F12_Inosine,35
38.5,F12_Inosine,35
38.75,F12_Inosine,37
39.0,F12_Inosine,37
39.25,F12_Inosine,37
39.5,F12_Inosine,36
39.75,F12_Inosine,39
40.0,F12_Inosine,38
40.25,F12_Inosine,38
40.5,F12_Inosine,35
40.75,F12_Inosine,41
41.0,F12_Inosine,41
41.25,F12_Inosine,39
41.5,F12_Inosine,38
41.75,F12_Inosine,34
42.0,F12_Inosine,37
42.25,F12_Inosine,38
42.5,F12_Inosine,41
42.75,F12_Inosine,41
43.0,F12_Inosine,44
43.25,F12_Inosine,37
43.5,F12_Inosine,44
43.75,F12_Inosine,46
44.0,F12_Inosine,40
44.25,F12_Inosine,36
44.5,F12_Inosine,43
44.75,F12_Inosine,45
45.0,F12_Inosine,44
45.25,F12_Inosine,45
45.5,F12_Inosine,42
45.75,F12_Inosine,38
46.0,F12_Inosine,38
46.25,F12_Inosine,40
46.5,F12_Inosine,38
46.75,F12_Inosine,43
47.0,F12_Inosine,37
47.25,F12_Inosine,42
47.5,F12_Inosine,44
47.75,F12_Inosine,43
48.0,F12_Inosine,43
48.25,F12_Inosine,41
0.0,G1_Glycyl-L-Glutamic_Acid,19
0.25,G1_Glycyl-L-Glutamic_Acid,18
0.5,G1_Glycyl-L-Glutamic_Acid,18
0.75,G1_Glycyl-L-Glutamic_Acid,15
1.0,G1_Glycyl-L-Glutamic_Acid,15
1.25,G1_Glycyl-L-Glutamic_Acid,18
1.5,G1_Glycyl-L-Glutamic_Acid,21
1.75,G1_Glycyl-L-Glutamic_Acid,18
2.0,G1_Glycyl-L-Glutamic_Acid,19
2.25,G1_Glycyl-L-Glutamic_Acid,14
2.5,G1_Glycyl-L-Glutamic_Acid,16
2.75,G1_Glycyl-L-Glutamic_Acid,14
3.0,G1_Glycyl-L-Glutamic_Acid,19
3.25,G1_Glycyl-L-Glutamic_Acid,16
3.5,G1_Glycyl-L-Glutamic_Acid,17
3.75,G1_Glycyl-L-Glutamic_Acid,15
4.0,G1_Glycyl-L-Glutamic_Acid,21
4.25,G1_Glycyl-L-Glutamic_Acid,18
4.5,G1_Glycyl-L-Glutamic_Acid,19
4.75,G1_Glycyl-L-Glutamic_Acid,16
5.0,G1_Glycyl-L-Glutamic_Acid,15
5.25,G1_Glycyl-L-Glutamic_Acid,16
5.5,G1_Glycyl-L-Glutamic_Acid,18
5.75,G1_Glycyl-L-Glutamic_Acid,11
6.0,G1_Glycyl-L-Glutamic_Acid,17
6.25,G1_Glycyl-L-Glutamic_Acid,14
6.5,G1_Glycyl-L-Glutamic_Acid,16
6.75,G1_Glycyl-L-Glutamic_Acid,17
7.0,G1_Glycyl-L-Glutamic_Acid,16
7.25,G1_Glycyl-L-Glutamic_Acid,19
7.5,G1_Glycyl-L-Glutamic_Acid,15
7.75,G1_Glycyl-L-Glutamic_Acid,18
8.0,G1_Glycyl-L-Glutamic_Acid,15
8.25,G1_Glycyl-L-Glutamic_Acid,15
8.5,G1_Glycyl-L-Glutamic_Acid,14
8.75,G1_Glycyl-L-Glutamic_Acid,20
9.0,G1_Glycyl-L-Glutamic_Acid,13
9.25,G1_Glycyl-L-Glutamic_Acid,21
9.5,G1_Glycyl-L-Glutamic_Acid,16
9.75,G1_Glycyl-L-Glutamic_Acid,14
10.0,G1_Glycyl-L-Glutamic_Acid,20
10.25,G1_Glycyl-L-Glutamic_Acid,18
10.5,G1_Glycyl-L-Glutamic_Acid,16
10.75,G1_Glycyl-L-Glutamic_Acid,15
11.0,G1_Glycyl-L-Glutamic_Acid,18
11.25,G1_Glycyl-L-Glutamic_Acid,17
11.5,G1_Glycyl-L-Glutamic_Acid,19
11.75,G1_Glycyl-L-Glutamic_Acid,23
12.0,G1_Glycyl-L-Glutamic_Acid,21
12.25,G1_Glycyl-L-Glutamic_Acid,23
12.5,G1_Glycyl-L-Glutamic_Acid,21
12.75,G1_Glycyl-L-Glutamic_Acid,25
13.0,G1_Glycyl-L-Glutamic_Acid,20
13.25,G1_Glycyl-L-Glutamic_Acid,23
13.5,G1_Glycyl-L-Glutamic_Acid,23
13.75,G1_Glycyl-L-Glutamic_Acid,21
14.0,G1_Glycyl-L-Glutamic_Acid,25
14.25,G1_Glycyl-L-Glutamic_Acid,25
14.5,G1_Glycyl-L-Glutamic_Acid,27
14.75,G1_Glycyl-L-Glutamic_Acid,21
15.0,G1_Glycyl-L-Glutamic_Acid,23
15.25,G1_Glycyl-L-Glutamic_Acid,25
15.5,G1_Glycyl-L-Glutamic_Acid,22
15.75,G1_Glycyl-L-Glutamic_Acid,29
16.0,G1_Glycyl-L-Glutamic_Acid,24
16.25,G1_Glycyl-L-Glutamic_Acid,24
16.5,G1_Glycyl-L-Glutamic_Acid,26
16.75,G1_Glycyl-L-Glutamic_Acid,25
17.0,G1_Glycyl-L-Glutamic_Acid,26
17.25,G1_Glycyl-L-Glutamic_Acid,24
17.5,G1_Glycyl-L-Glutamic_Acid,26
17.75,G1_Glycyl-L-Glutamic_Acid,24
18.0,G1_Glycyl-L-Glutamic_Acid,24
18.25,G1_Glycyl-L-Glutamic_Acid,28
18.5,G1_Glycyl-L-Glutamic_Acid,25
18.75,G1_Glycyl-L-Glutamic_Acid,27
19.0,G1_Glycyl-L-Glutamic_Acid,32
19.25,G1_Glycyl-L-Glutamic_Acid,27
19.5,G1_Glycyl-L-Glutamic_Acid,30
19.75,G1_Glycyl-L-Glutamic_Acid,28
20.0,G1_Glycyl-L-Glutamic_Acid,27
20.25,G1_Glycyl-L-Glutamic_Acid,28
20.5,G1_Glycyl-L-Glutamic_Acid,28
20.75,G1_Glycyl-L-Glutamic_Acid,30
21.0,G1_Glycyl-L-Glutamic_Acid,28
21.25,G1_Glycyl-L-Glutamic_Acid,27
21.5,G1_Glycyl-L-Glutamic_Acid,30
21.75,G1_Glycyl-L-Glutamic_Acid,32
22.0,G1_Glycyl-L-Glutamic_Acid,28
22.25,G1_Glycyl-L-Glutamic_Acid,26
22.5,G1_Glycyl-L-Glutamic_Acid,27
22.75,G1_Glycyl-L-Glutamic_Acid,28
23.0,G1_Glycyl-L-Glutamic_Acid,28
23.25,G1_Glycyl-L-Glutamic_Acid,31
23.5,G1_Glycyl-L-Glutamic_Acid,33
23.75,G1_Glycyl-L-Glutamic_Acid,31
24.0,G1_Glycyl-L-Glutamic_Acid,30
24.25,G1_Glycyl-L-Glutamic_Acid,28
24.5,G1_Glycyl-L-Glutamic_Acid,29
24.75,G1_Glycyl-L-Glutamic_Acid,27
25.0,G1_Glycyl-L-Glutamic_Acid,27
25.25,G1_Glycyl-L-Glutamic_Acid,28
25.5,G1_Glycyl-L-Glutamic_Acid,30
25.75,G1_Glycyl-L-Glutamic_Acid,30
26.0,G1_Glycyl-L-Glutamic_Acid,29
26.25,G1_Glycyl-L-Glutamic_Acid,30
26.5,G1_Glycyl-L-Glutamic_Acid,31
26.75,G1_Glycyl-L-Glutamic_Acid,31
27.0,G1_Glycyl-L-Glutamic_Acid,32
27.25,G1_Glycyl-L-Glutamic_Acid,27
27.5,G1_Glycyl-L-Glutamic_Acid,26
27.75,G1_Glycyl-L-Glutamic_Acid,35
28.0,G1_Glycyl-L-Glutamic_Acid,30
28.25,G1_Glycyl-L-Glutamic_Acid,29
28.5,G1_Glycyl-L-Glutamic_Acid,29
28.75,G1_Glycyl-L-Glutamic_Acid,33
29.0,G1_Glycyl-L-Glutamic_Acid,32
29.25,G1_Glycyl-L-Glutamic_Acid,29
29.5,G1_Glycyl-L-Glutamic_Acid,31
29.75,G1_Glycyl-L-Glutamic_Acid,31
30.0,G1_Glycyl-L-Glutamic_Acid,30
30.25,G1_Glycyl-L-Glutamic_Acid,28
30.5,G1_Glycyl-L-Glutamic_Acid,28
30.75,G1_Glycyl-L-Glutamic_Acid,31
31.0,G1_Glycyl-L-Glutamic_Acid,30
31.25,G1_Glycyl-L-Glutamic_Acid,30
31.5,G1_Glycyl-L-Glutamic_Acid,31
31.75,G1_Glycyl-L-Glutamic_Acid,33
32.0,G1_Glycyl-L-Glutamic_Acid,33
32.25,G1_Glycyl-L-Glutamic_Acid,30
32.5,G1_Glycyl-L-Glutamic_Acid,30
32.75,G1_Glycyl-L-Glutamic_Acid,33
33.0,G1_Glycyl-L-Glutamic_Acid,31
33.25,G1_Glycyl-L-Glutamic_Acid,32
33.5,G1_Glycyl-L-Glutamic_Acid,33
33.75,G1_Glycyl-L-Glutamic_Acid,31
34.0,G1_Glycyl-L-Glutamic_Acid,29
34.25,G1_Glycyl-L-Glutamic_Acid,30
34.5,G1_Glycyl-L-Glutamic_Acid,31
34.75,G1_Glycyl-L-Glutamic_Acid,30
35.0,G1_Glycyl-L-Glutamic_Acid,30
35.25,G1_Glycyl-L-Glutamic_Acid,31
35.5,G1_Glycyl-L-Glutamic_Acid,30
35.75,G1_Glycyl-L-Glutamic_Acid,33
36.0,G1_Glycyl-L-Glutamic_Acid,31
36.25,G1_Glycyl-L-Glutamic_Acid,33
36.5,G1_Glycyl-L-Glutamic_Acid,31
36.75,G1_Glycyl-L-Glutamic_Acid,31
37.0,G1_Glycyl-L-Glutamic_Acid,31
37.25,G1_Glycyl-L-Glutamic_Acid,31
37.5,G1_Glycyl-L-Glutamic_Acid,24
37.75,G1_Glycyl-L-Glutamic_Acid,34
38.0,G1_Glycyl-L-Glutamic_Acid,34
38.25,G1_Glycyl-L-Glutamic_Acid,34
38.5,G1_Glycyl-L-Glutamic_Acid,35
38.75,G1_Glycyl-L-Glutamic_Acid,31
39.0,G1_Glycyl-L-Glutamic_Acid,33
39.25,G1_Glycyl-L-Glutamic_Acid,31
39.5,G1_Glycyl-L-Glutamic_Acid,34
39.75,G1_Glycyl-L-Glutamic_Acid,29
40.0,G1_Glycyl-L-Glutamic_Acid,33
40.25,G1_Glycyl-L-Glutamic_Acid,33
40.5,G1_Glycyl-L-Glutamic_Acid,32
40.75,G1_Glycyl-L-Glutamic_Acid,33
41.0,G1_Glycyl-L-Glutamic_Acid,36
41.25,G1_Glycyl-L-Glutamic_Acid,28
41.5,G1_Glycyl-L-Glutamic_Acid,31
41.75,G1_Glycyl-L-Glutamic_Acid,35
42.0,G1_Glycyl-L-Glutamic_Acid,34
42.25,G1_Glycyl-L-Glutamic_Acid,34
42.5,G1_Glycyl-L-Glutamic_Acid,34
42.75,G1_Glycyl-L-Glutamic_Acid,36
43.0,G1_Glycyl-L-Glutamic_Acid,36
43.25,G1_Glycyl-L-Glutamic_Acid,34
43.5,G1_Glycyl-L-Glutamic_Acid,34
43.75,G1_Glycyl-L-Glutamic_Acid,38
44.0,G1_Glycyl-L-Glutamic_Acid,34
44.25,G1_Glycyl-L-Glutamic_Acid,33
44.5,G1_Glycyl-L-Glutamic_Acid,37
44.75,G1_Glycyl-L-Glutamic_Acid,34
45.0,G1_Glycyl-L-Glutamic_Acid,35
45.25,G1_Glycyl-L-Glutamic_Acid,35
45.5,G1_Glycyl-L-Glutamic_Acid,37
45.75,G1_Glycyl-L-Glutamic_Acid,32
46.0,G1_Glycyl-L-Glutamic_Acid,34
46.25,G1_Glycyl-L-Glutamic_Acid,35
46.5,G1_Glycyl-L-Glutamic_Acid,39
46.75,G1_Glycyl-L-Glutamic_Acid,36
47.0,G1_Glycyl-L-Glutamic_Acid,35
47.25,G1_Glycyl-L-Glutamic_Acid,34
47.5,G1_Glycyl-L-Glutamic_Acid,35
47.75,G1_Glycyl-L-Glutamic_Acid,33
48.0,G1_Glycyl-L-Glutamic_Acid,35
48.25,G1_Glycyl-L-Glutamic_Acid,38
0.0,G2_Tricarballylic_Acid,11
0.25,G2_Tricarballylic_Acid,11
0.5,G2_Tricarballylic_Acid,11
0.75,G2_Tricarballylic_Acid,11
1.0,G2_Tricarballylic_Acid,11
1.25,G2_Tricarballylic_Acid,11
1.5,G2_Tricarballylic_Acid,11
1.75,G2_Tricarballylic_Acid,11
2.0,G2_Tricarballylic_Acid,11
2.25,G2_Tricarballylic_Acid,11
2.5,G2_Tricarballylic_Acid,11
2.75,G2_Tricarballylic_Acid,11
3.0,G2_Tricarballylic_Acid,11
3.25,G2_Tricarballylic_Acid,11
3.5,G2_Tricarballylic_Acid,11
3.75,G2_Tricarballylic_Acid,11
4.0,G2_Tricarballylic_Acid,11
4.25,G2_Tricarballylic_Acid,11
4.5,G2_Tricarballylic_Acid,11
4.75,G2_Tricarballylic_Acid,11
5.0,G2_Tricarballylic_Acid,11
5.25,G2_Tricarballylic_Acid,11
5.5,G2_Tricarballylic_Acid,11
5.75,G2_Tricarballylic_Acid,11
6.0,G2_Tricarballylic_Acid,11
6.25,G2_Tricarballylic_Acid,11
6.5,G2_Tricarballylic_Acid,11
6.75,G2_Tricarballylic_Acid,11
7.0,G2_Tricarballylic_Acid,11
7.25,G2_Tricarballylic_Acid,11
7.5,G2_Tricarballylic_Acid,11
7.75,G2_Tricarballylic_Acid,11
8.0,G2_Tricarballylic_Acid,11
8.25,G2_Tricarballylic_Acid,11
8.5,G2_Tricarballylic_Acid,11
8.75,G2_Tricarballylic_Acid,11
9.0,G2_Tricarballylic_Acid,11
9.25,G2_Tricarballylic_Acid,11
9.5,G2_Tricarballylic_Acid,11
9.75,G2_Tricarballylic_Acid,11
10.0,G2_Tricarballylic_Acid,11
10.25,G2_Tricarballylic_Acid,11
10.5,G2_Tricarballylic_Acid,11
10.75,G2_Tricarballylic_Acid,11
11.0,G2_Tricarballylic_Acid,11
11.25,G2_Tricarballylic_Acid,13
11.5,G2_Tricarballylic_Acid,15
11.75,G2_Tricarballylic_Acid,14
12.0,G2_Tricarballylic_Acid,11
12.25,G2_Tricarballylic_Acid,11
12.5,G2_Tricarballylic_Acid,12
12.75,G2_Tricarballylic_Acid,13
13.0,G2_Tricarballylic_Acid,11
13.25,G2_Tricarballylic_Acid,11
13.5,G2_Tricarballylic_Acid,13
13.75,G2_Tricarballylic_Acid,14
14.0,G2_Tricarballylic_Acid,11
14.25,G2_Tricarballylic_Acid,13
14.5,G2_Tricarballylic_Acid,12
14.75,G2_Tricarballylic_Acid,11
15.0,G2_Tricarballylic_Acid,13
15.25,G2_Tricarballylic_Acid,15
15.5,G2_Tricarballylic_Acid,13
15.75,G2_Tricarballylic_Acid,14
16.0,G2_Tricarballylic_Acid,11
16.25,G2_Tricarballylic_Acid,16
16.5,G2_Tricarballylic_Acid,11
16.75,G2_Tricarballylic_Acid,12
17.0,G2_Tricarballylic_Acid,15
17.25,G2_Tricarballylic_Acid,14
17.5,G2_Tricarballylic_Acid,11
17.75,G2_Tricarballylic_Acid,12
18.0,G2_Tricarballylic_Acid,13
18.25,G2_Tricarballylic_Acid,13
18.5,G2_Tricarballylic_Acid,14
18.75,G2_Tricarballylic_Acid,12
19.0,G2_Tricarballylic_Acid,14
19.25,G2_Tricarballylic_Acid,13
19.5,G2_Tricarballylic_Acid,11
19.75,G2_Tricarballylic_Acid,14
20.0,G2_Tricarballylic_Acid,18
20.25,G2_Tricarballylic_Acid,11
20.5,G2_Tricarballylic_Acid,13
20.75,G2_Tricarballylic_Acid,11
21.0,G2_Tricarballylic_Acid,15
21.25,G2_Tricarballylic_Acid,11
21.5,G2_Tricarballylic_Acid,14
21.75,G2_Tricarballylic_Acid,11
22.0,G2_Tricarballylic_Acid,14
22.25,G2_Tricarballylic_Acid,11
22.5,G2_Tricarballylic_Acid,17
22.75,G2_Tricarballylic_Acid,16
23.0,G2_Tricarballylic_Acid,12
23.25,G2_Tricarballylic_Acid,11
23.5,G2_Tricarballylic_Acid,14
23.75,G2_Tricarballylic_Acid,14
24.0,G2_Tricarballylic_Acid,14
24.25,G2_Tricarballylic_Acid,15
24.5,G2_Tricarballylic_Acid,13
24.75,G2_Tricarballylic_Acid,13
25.0,G2_Tricarballylic_Acid,11
25.25,G2_Tricarballylic_Acid,14
25.5,G2_Tricarballylic_Acid,15
25.75,G2_Tricarballylic_Acid,14
26.0,G2_Tricarballylic_Acid,14
26.25,G2_Tricarballylic_Acid,15
26.5,G2_Tricarballylic_Acid,13
26.75,G2_Tricarballylic_Acid,13
27.0,G2_Tricarballylic_Acid,19
27.25,G2_Tricarballylic_Acid,13
27.5,G2_Tricarballylic_Acid,16
27.75,G2_Tricarballylic_Acid,14
28.0,G2_Tricarballylic_Acid,14
28.25,G2_Tricarballylic_Acid,14
28.5,G2_Tricarballylic_Acid,12
28.75,G2_Tricarballylic_Acid,18
29.0,G2_Tricarballylic_Acid,16
29.25,G2_Tricarballylic_Acid,12
29.5,G2_Tricarballylic_Acid,16
29.75,G2_Tricarballylic_Acid,15
30.0,G2_Tricarballylic_Acid,16
30.25,G2_Tricarballylic_Acid,16
30.5,G2_Tricarballylic_Acid,13
30.75,G2_Tricarballylic_Acid,16
31.0,G2_Tricarballylic_Acid,14
31.25,G2_Tricarballylic_Acid,20
31.5,G2_Tricarballylic_Acid,16
31.75,G2_Tricarballylic_Acid,15
32.0,G2_Tricarballylic_Acid,13
32.25,G2_Tricarballylic_Acid,14
32.5,G2_Tricarballylic_Acid,14
32.75,G2_Tricarballylic_Acid,15
33.0,G2_Tricarballylic_Acid,15
33.25,G2_Tricarballylic_Acid,11
33.5,G2_Tricarballylic_Acid,11
33.75,G2_Tricarballylic_Acid,14
34.0,G2_Tricarballylic_Acid,15
34.25,G2_Tricarballylic_Acid,14
34.5,G2_Tricarballylic_Acid,11
34.75,G2_Tricarballylic_Acid,14
35.0,G2_Tricarballylic_Acid,11
35.25,G2_Tricarballylic_Acid,14
35.5,G2_Tricarballylic_Acid,12
35.75,G2_Tricarballylic_Acid,15
36.0,G2_Tricarballylic_Acid,14
36.25,G2_Tricarballylic_Acid,17
36.5,G2_Tricarballylic_Acid,13
36.75,G2_Tricarballylic_Acid,13
37.0,G2_Tricarballylic_Acid,13
37.25,G2_Tricarballylic_Acid,14
37.5,G2_Tricarballylic_Acid,11
37.75,G2_Tricarballylic_Acid,12
38.0,G2_Tricarballylic_Acid,12
38.25,G2_Tricarballylic_Acid,13
38.5,G2_Tricarballylic_Acid,14
38.75,G2_Tricarballylic_Acid,16
39.0,G2_Tricarballylic_Acid,18
39.25,G2_Tricarballylic_Acid,14
39.5,G2_Tricarballylic_Acid,13
39.75,G2_Tricarballylic_Acid,11
40.0,G2_Tricarballylic_Acid,14
40.25,G2_Tricarballylic_Acid,11
40.5,G2_Tricarballylic_Acid,13
40.75,G2_Tricarballylic_Acid,13
41.0,G2_Tricarballylic_Acid,17
41.25,G2_Tricarballylic_Acid,12
41.5,G2_Tricarballylic_Acid,15
41.75,G2_Tricarballylic_Acid,14
42.0,G2_Tricarballylic_Acid,16
42.25,G2_Tricarballylic_Acid,14
42.5,G2_Tricarballylic_Acid,12
42.75,G2_Tricarballylic_Acid,14
43.0,G2_Tricarballylic_Acid,14
43.25,G2_Tricarballylic_Acid,13
43.5,G2_Tricarballylic_Acid,13
43.75,G2_Tricarballylic_Acid,13
44.0,G2_Tricarballylic_Acid,14
44.25,G2_Tricarballylic_Acid,14
44.5,G2_Tricarballylic_Acid,12
44.75,G2_Tricarballylic_Acid,17
45.0,G2_Tricarballylic_Acid,13
45.25,G2_Tricarballylic_Acid,14
45.5,G2_Tricarballylic_Acid,15
45.75,G2_Tricarballylic_Acid,14
46.0,G2_Tricarballylic_Acid,15
46.25,G2_Tricarballylic_Acid,15
46.5,G2_Tricarballylic_Acid,15
46.75,G2_Tricarballylic_Acid,15
47.0,G2_Tricarballylic_Acid,14
47.25,G2_Tricarballylic_Acid,14
47.5,G2_Tricarballylic_Acid,16
47.75,G2_Tricarballylic_Acid,14
48.0,G2_Tricarballylic_Acid,13
48.25,G2_Tricarballylic_Acid,15
0.0,G3_L-Serine,11
0.25,G3_L-Serine,11
0.5,G3_L-Serine,13
0.75,G3_L-Serine,11
1.0,G3_L-Serine,11
1.25,G3_L-Serine,11
1.5,G3_L-Serine,11
1.75,G3_L-Serine,11
2.0,G3_L-Serine,11
2.25,G3_L-Serine,11
2.5,G3_L-Serine,11
2.75,G3_L-Serine,11
3.0,G3_L-Serine,11
3.25,G3_L-Serine,11
3.5,G3_L-Serine,11
3.75,G3_L-Serine,11
4.0,G3_L-Serine,11
4.25,G3_L-Serine,11
4.5,G3_L-Serine,11
4.75,G3_L-Serine,11
5.0,G3_L-Serine,11
5.25,G3_L-Serine,11
5.5,G3_L-Serine,11
5.75,G3_L-Serine,11
6.0,G3_L-Serine,11
6.25,G3_L-Serine,11
6.5,G3_L-Serine,11
6.75,G3_L-Serine,11
7.0,G3_L-Serine,11
7.25,G3_L-Serine,11
7.5,G3_L-Serine,11
7.75,G3_L-Serine,11
8.0,G3_L-Serine,11
8.25,G3_L-Serine,11
8.5,G3_L-Serine,11
8.75,G3_L-Serine,11
9.0,G3_L-Serine,11
9.25,G3_L-Serine,12
9.5,G3_L-Serine,11
9.75,G3_L-Serine,11
10.0,G3_L-Serine,11
10.25,G3_L-Serine,11
10.5,G3_L-Serine,11
10.75,G3_L-Serine,11
11.0,G3_L-Serine,11
11.25,G3_L-Serine,11
11.5,G3_L-Serine,12
11.75,G3_L-Serine,11
12.0,G3_L-Serine,16
12.25,G3_L-Serine,11
12.5,G3_L-Serine,11
12.75,G3_L-Serine,11
13.0,G3_L-Serine,14
13.25,G3_L-Serine,13
13.5,G3_L-Serine,11
13.75,G3_L-Serine,18
14.0,G3_L-Serine,13
14.25,G3_L-Serine,13
14.5,G3_L-Serine,12
14.75,G3_L-Serine,13
15.0,G3_L-Serine,16
15.25,G3_L-Serine,15
15.5,G3_L-Serine,13
15.75,G3_L-Serine,18
16.0,G3_L-Serine,15
16.25,G3_L-Serine,13
16.5,G3_L-Serine,11
16.75,G3_L-Serine,14
17.0,G3_L-Serine,13
17.25,G3_L-Serine,15
17.5,G3_L-Serine,15
17.75,G3_L-Serine,16
18.0,G3_L-Serine,14
18.25,G3_L-Serine,11
18.5,G3_L-Serine,11
18.75,G3_L-Serine,14
19.0,G3_L-Serine,13
19.25,G3_L-Serine,12
19.5,G3_L-Serine,13
19.75,G3_L-Serine,13
20.0,G3_L-Serine,16
20.25,G3_L-Serine,15
20.5,G3_L-Serine,12
20.75,G3_L-Serine,14
21.0,G3_L-Serine,16
21.25,G3_L-Serine,13
21.5,G3_L-Serine,12
21.75,G3_L-Serine,11
22.0,G3_L-Serine,15
22.25,G3_L-Serine,18
22.5,G3_L-Serine,14
22.75,G3_L-Serine,14
23.0,G3_L-Serine,11
23.25,G3_L-Serine,15
23.5,G3_L-Serine,15
23.75,G3_L-Serine,12
24.0,G3_L-Serine,16
24.25,G3_L-Serine,11
24.5,G3_L-Serine,14
24.75,G3_L-Serine,18
25.0,G3_L-Serine,13
25.25,G3_L-Serine,14
25.5,G3_L-Serine,12
25.75,G3_L-Serine,13
26.0,G3_L-Serine,13
26.25,G3_L-Serine,16
26.5,G3_L-Serine,13
26.75,G3_L-Serine,13
27.0,G3_L-Serine,19
27.25,G3_L-Serine,14
27.5,G3_L-Serine,11
27.75,G3_L-Serine,12
28.0,G3_L-Serine,19
28.25,G3_L-Serine,12
28.5,G3_L-Serine,20
28.75,G3_L-Serine,14
29.0,G3_L-Serine,15
29.25,G3_L-Serine,14
29.5,G3_L-Serine,16
29.75,G3_L-Serine,13
30.0,G3_L-Serine,14
30.25,G3_L-Serine,11
30.5,G3_L-Serine,18
30.75,G3_L-Serine,17
31.0,G3_L-Serine,13
31.25,G3_L-Serine,17
31.5,G3_L-Serine,17
31.75,G3_L-Serine,18
32.0,G3_L-Serine,14
32.25,G3_L-Serine,14
32.5,G3_L-Serine,15
32.75,G3_L-Serine,14
33.0,G3_L-Serine,13
33.25,G3_L-Serine,12
33.5,G3_L-Serine,15
33.75,G3_L-Serine,13
34.0,G3_L-Serine,16
34.25,G3_L-Serine,12
34.5,G3_L-Serine,14
34.75,G3_L-Serine,11
35.0,G3_L-Serine,14
35.25,G3_L-Serine,14
35.5,G3_L-Serine,12
35.75,G3_L-Serine,15
36.0,G3_L-Serine,11
36.25,G3_L-Serine,17
36.5,G3_L-Serine,16
36.75,G3_L-Serine,11
37.0,G3_L-Serine,12
37.25,G3_L-Serine,13
37.5,G3_L-Serine,17
37.75,G3_L-Serine,13
38.0,G3_L-Serine,14
38.25,G3_L-Serine,11
38.5,G3_L-Serine,15
38.75,G3_L-Serine,16
39.0,G3_L-Serine,16
39.25,G3_L-Serine,12
39.5,G3_L-Serine,12
39.75,G3_L-Serine,16
40.0,G3_L-Serine,18
40.25,G3_L-Serine,11
40.5,G3_L-Serine,16
40.75,G3_L-Serine,16
41.0,G3_L-Serine,16
41.25,G3_L-Serine,14
41.5,G3_L-Serine,17
41.75,G3_L-Serine,14
42.0,G3_L-Serine,14
42.25,G3_L-Serine,14
42.5,G3_L-Serine,13
42.75,G3_L-Serine,18
43.0,G3_L-Serine,17
43.25,G3_L-Serine,15
43.5,G3_L-Serine,16
43.75,G3_L-Serine,15
44.0,G3_L-Serine,17
44.25,G3_L-Serine,16
44.5,G3_L-Serine,16
44.75,G3_L-Serine,15
45.0,G3_L-Serine,13
45.25,G3_L-Serine,17
45.5,G3_L-Serine,14
45.75,G3_L-Serine,11
46.0,G3_L-Serine,14
46.25,G3_L-Serine,17
46.5,G3_L-Serine,16
46.75,G3_L-Serine,11
47.0,G3_L-Serine,16
47.25,G3_L-Serine,17
47.5,G3_L-Serine,13
47.75,G3_L-Serine,17
48.0,G3_L-Serine,14
48.25,G3_L-Serine,19
0.0,G4_L-Threonine,11
0.25,G4_L-Threonine,11
0.5,G4_L-Threonine,11
0.75,G4_L-Threonine,11
1.0,G4_L-Threonine,11
1.25,G4_L-Threonine,11
1.5,G4_L-Threonine,11
1.75,G4_L-Threonine,11
2.0,G4_L-Threonine,11
2.25,G4_L-Threonine,11
2.5,G4_L-Threonine,11
2.75,G4_L-Threonine,11
3.0,G4_L-Threonine,11
3.25,G4_L-Threonine,11
3.5,G4_L-Threonine,11
3.75,G4_L-Threonine,11
4.0,G4_L-Threonine,11
4.25,G4_L-Threonine,11
4.5,G4_L-Threonine,11
4.75,G4_L-Threonine,11
5.0,G4_L-Threonine,11
5.25,G4_L-Threonine,11
5.5,G4_L-Threonine,11
5.75,G4_L-Threonine,11
6.0,G4_L-Threonine,11
6.25,G4_L-Threonine,11
6.5,G4_L-Threonine,11
6.75,G4_L-Threonine,11
7.0,G4_L-Threonine,11
7.25,G4_L-Threonine,11
7.5,G4_L-Threonine,11
7.75,G4_L-Threonine,11
8.0,G4_L-Threonine,11
8.25,G4_L-Threonine,11
8.5,G4_L-Threonine,11
8.75,G4_L-Threonine,13
9.0,G4_L-Threonine,11
9.25,G4_L-Threonine,11
9.5,G4_L-Threonine,11
9.75,G4_L-Threonine,11
10.0,G4_L-Threonine,11
10.25,G4_L-Threonine,11
10.5,G4_L-Threonine,11
10.75,G4_L-Threonine,11
11.0,G4_L-Threonine,11
11.25,G4_L-Threonine,11
11.5,G4_L-Threonine,11
11.75,G4_L-Threonine,12
12.0,G4_L-Threonine,13
12.25,G4_L-Threonine,14
12.5,G4_L-Threonine,16
12.75,G4_L-Threonine,16
13.0,G4_L-Threonine,14
13.25,G4_L-Threonine,12
13.5,G4_L-Threonine,13
13.75,G4_L-Threonine,14
14.0,G4_L-Threonine,13
14.25,G4_L-Threonine,15
14.5,G4_L-Threonine,18
14.75,G4_L-Threonine,16
15.0,G4_L-Threonine,21
15.25,G4_L-Threonine,16
15.5,G4_L-Threonine,17
15.75,G4_L-Threonine,20
16.0,G4_L-Threonine,17
16.25,G4_L-Threonine,15
16.5,G4_L-Threonine,17
16.75,G4_L-Threonine,16
17.0,G4_L-Threonine,16
17.25,G4_L-Threonine,20
17.5,G4_L-Threonine,20
17.75,G4_L-Threonine,16
18.0,G4_L-Threonine,18
18.25,G4_L-Threonine,17
18.5,G4_L-Threonine,17
18.75,G4_L-Threonine,23
19.0,G4_L-Threonine,19
19.25,G4_L-Threonine,16
19.5,G4_L-Threonine,15
19.75,G4_L-Threonine,18
20.0,G4_L-Threonine,18
20.25,G4_L-Threonine,20
20.5,G4_L-Threonine,22
20.75,G4_L-Threonine,20
21.0,G4_L-Threonine,22
21.25,G4_L-Threonine,19
21.5,G4_L-Threonine,17
21.75,G4_L-Threonine,18
22.0,G4_L-Threonine,20
22.25,G4_L-Threonine,18
22.5,G4_L-Threonine,23
22.75,G4_L-Threonine,22
23.0,G4_L-Threonine,16
23.25,G4_L-Threonine,20
23.5,G4_L-Threonine,22
23.75,G4_L-Threonine,20
24.0,G4_L-Threonine,20
24.25,G4_L-Threonine,19
24.5,G4_L-Threonine,18
24.75,G4_L-Threonine,20
25.0,G4_L-Threonine,20
25.25,G4_L-Threonine,24
25.5,G4_L-Threonine,22
25.75,G4_L-Threonine,19
26.0,G4_L-Threonine,18
26.25,G4_L-Threonine,20
26.5,G4_L-Threonine,21
26.75,G4_L-Threonine,18
27.0,G4_L-Threonine,20
27.25,G4_L-Threonine,18
27.5,G4_L-Threonine,23
27.75,G4_L-Threonine,20
28.0,G4_L-Threonine,19
28.25,G4_L-Threonine,21
28.5,G4_L-Threonine,22
28.75,G4_L-Threonine,19
29.0,G4_L-Threonine,21
29.25,G4_L-Threonine,23
29.5,G4_L-Threonine,18
29.75,G4_L-Threonine,19
30.0,G4_L-Threonine,21
30.25,G4_L-Threonine,20
30.5,G4_L-Threonine,20
30.75,G4_L-Threonine,23
31.0,G4_L-Threonine,23
31.25,G4_L-Threonine,22
31.5,G4_L-Threonine,21
31.75,G4_L-Threonine,25
32.0,G4_L-Threonine,20
32.25,G4_L-Threonine,27
32.5,G4_L-Threonine,23
32.75,G4_L-Threonine,24
33.0,G4_L-Threonine,22
33.25,G4_L-Threonine,21
33.5,G4_L-Threonine,22
33.75,G4_L-Threonine,23
34.0,G4_L-Threonine,22
34.25,G4_L-Threonine,17
34.5,G4_L-Threonine,24
34.75,G4_L-Threonine,22
35.0,G4_L-Threonine,20
35.25,G4_L-Threonine,21
35.5,G4_L-Threonine,22
35.75,G4_L-Threonine,21
36.0,G4_L-Threonine,24
36.25,G4_L-Threonine,25
36.5,G4_L-Threonine,21
36.75,G4_L-Threonine,25
37.0,G4_L-Threonine,23
37.25,G4_L-Threonine,22
37.5,G4_L-Threonine,24
37.75,G4_L-Threonine,22
38.0,G4_L-Threonine,22
38.25,G4_L-Threonine,22
38.5,G4_L-Threonine,22
38.75,G4_L-Threonine,22
39.0,G4_L-Threonine,25
39.25,G4_L-Threonine,28
39.5,G4_L-Threonine,23
39.75,G4_L-Threonine,24
40.0,G4_L-Threonine,20
40.25,G4_L-Threonine,22
40.5,G4_L-Threonine,26
40.75,G4_L-Threonine,27
41.0,G4_L-Threonine,29
41.25,G4_L-Threonine,28
41.5,G4_L-Threonine,22
41.75,G4_L-Threonine,24
42.0,G4_L-Threonine,26
42.25,G4_L-Threonine,27
42.5,G4_L-Threonine,26
42.75,G4_L-Threonine,28
43.0,G4_L-Threonine,29
43.25,G4_L-Threonine,28
43.5,G4_L-Threonine,26
43.75,G4_L-Threonine,25
44.0,G4_L-Threonine,27
44.25,G4_L-Threonine,28
44.5,G4_L-Threonine,20
44.75,G4_L-Threonine,22
45.0,G4_L-Threonine,28
45.25,G4_L-Threonine,26
45.5,G4_L-Threonine,29
45.75,G4_L-Threonine,28
46.0,G4_L-Threonine,28
46.25,G4_L-Threonine,29
46.5,G4_L-Threonine,28
46.75,G4_L-Threonine,26
47.0,G4_L-Threonine,28
47.25,G4_L-Threonine,29
47.5,G4_L-Threonine,31
47.75,G4_L-Threonine,26
48.0,G4_L-Threonine,24
48.25,G4_L-Threonine,24
0.0,G5_L-Alanine,11
0.25,G5_L-Alanine,11
0.5,G5_L-Alanine,11
0.75,G5_L-Alanine,11
1.0,G5_L-Alanine,11
1.25,G5_L-Alanine,11
1.5,G5_L-Alanine,11
1.75,G5_L-Alanine,11
2.0,G5_L-Alanine,11
2.25,G5_L-Alanine,11
2.5,G5_L-Alanine,11
2.75,G5_L-Alanine,11
3.0,G5_L-Alanine,11
3.25,G5_L-Alanine,11
3.5,G5_L-Alanine,11
3.75,G5_L-Alanine,11
4.0,G5_L-Alanine,11
4.25,G5_L-Alanine,11
4.5,G5_L-Alanine,11
4.75,G5_L-Alanine,11
5.0,G5_L-Alanine,11
5.25,G5_L-Alanine,11
5.5,G5_L-Alanine,11
5.75,G5_L-Alanine,11
6.0,G5_L-Alanine,11
6.25,G5_L-Alanine,11
6.5,G5_L-Alanine,11
6.75,G5_L-Alanine,11
7.0,G5_L-Alanine,11
7.25,G5_L-Alanine,11
7.5,G5_L-Alanine,11
7.75,G5_L-Alanine,11
8.0,G5_L-Alanine,11
8.25,G5_L-Alanine,11
8.5,G5_L-Alanine,11
8.75,G5_L-Alanine,11
9.0,G5_L-Alanine,11
9.25,G5_L-Alanine,11
9.5,G5_L-Alanine,11
9.75,G5_L-Alanine,11
10.0,G5_L-Alanine,11
10.25,G5_L-Alanine,15
10.5,G5_L-Alanine,11
10.75,G5_L-Alanine,14
11.0,G5_L-Alanine,14
11.25,G5_L-Alanine,13
11.5,G5_L-Alanine,11
11.75,G5_L-Alanine,12
12.0,G5_L-Alanine,14
12.25,G5_L-Alanine,12
12.5,G5_L-Alanine,13
12.75,G5_L-Alanine,13
13.0,G5_L-Alanine,14
13.25,G5_L-Alanine,15
13.5,G5_L-Alanine,18
13.75,G5_L-Alanine,15
14.0,G5_L-Alanine,16
14.25,G5_L-Alanine,12
14.5,G5_L-Alanine,14
14.75,G5_L-Alanine,16
15.0,G5_L-Alanine,15
15.25,G5_L-Alanine,15
15.5,G5_L-Alanine,15
15.75,G5_L-Alanine,17
16.0,G5_L-Alanine,13
16.25,G5_L-Alanine,19
16.5,G5_L-Alanine,17
16.75,G5_L-Alanine,15
17.0,G5_L-Alanine,15
17.25,G5_L-Alanine,16
17.5,G5_L-Alanine,15
17.75,G5_L-Alanine,16
18.0,G5_L-Alanine,12
18.25,G5_L-Alanine,15
18.5,G5_L-Alanine,13
18.75,G5_L-Alanine,14
19.0,G5_L-Alanine,18
19.25,G5_L-Alanine,16
19.5,G5_L-Alanine,18
19.75,G5_L-Alanine,17
20.0,G5_L-Alanine,17
20.25,G5_L-Alanine,18
20.5,G5_L-Alanine,18
20.75,G5_L-Alanine,17
21.0,G5_L-Alanine,16
21.25,G5_L-Alanine,15
21.5,G5_L-Alanine,19
21.75,G5_L-Alanine,18
22.0,G5_L-Alanine,19
22.25,G5_L-Alanine,18
22.5,G5_L-Alanine,22
22.75,G5_L-Alanine,21
23.0,G5_L-Alanine,21
23.25,G5_L-Alanine,18
23.5,G5_L-Alanine,20
23.75,G5_L-Alanine,19
24.0,G5_L-Alanine,19
24.25,G5_L-Alanine,18
24.5,G5_L-Alanine,23
24.75,G5_L-Alanine,18
25.0,G5_L-Alanine,23
25.25,G5_L-Alanine,23
25.5,G5_L-Alanine,23
25.75,G5_L-Alanine,20
26.0,G5_L-Alanine,19
26.25,G5_L-Alanine,19
26.5,G5_L-Alanine,20
26.75,G5_L-Alanine,20
27.0,G5_L-Alanine,21
27.25,G5_L-Alanine,22
27.5,G5_L-Alanine,20
27.75,G5_L-Alanine,21
28.0,G5_L-Alanine,21
28.25,G5_L-Alanine,19
28.5,G5_L-Alanine,23
28.75,G5_L-Alanine,21
29.0,G5_L-Alanine,20
29.25,G5_L-Alanine,24
29.5,G5_L-Alanine,23
29.75,G5_L-Alanine,26
30.0,G5_L-Alanine,22
30.25,G5_L-Alanine,27
30.5,G5_L-Alanine,23
30.75,G5_L-Alanine,24
31.0,G5_L-Alanine,24
31.25,G5_L-Alanine,26
31.5,G5_L-Alanine,27
31.75,G5_L-Alanine,27
32.0,G5_L-Alanine,26
32.25,G5_L-Alanine,29
32.5,G5_L-Alanine,22
32.75,G5_L-Alanine,26
33.0,G5_L-Alanine,26
33.25,G5_L-Alanine,23
33.5,G5_L-Alanine,24
33.75,G5_L-Alanine,22
34.0,G5_L-Alanine,28
34.25,G5_L-Alanine,25
34.5,G5_L-Alanine,26
34.75,G5_L-Alanine,23
35.0,G5_L-Alanine,23
35.25,G5_L-Alanine,27
35.5,G5_L-Alanine,25
35.75,G5_L-Alanine,27
36.0,G5_L-Alanine,32
36.25,G5_L-Alanine,32
36.5,G5_L-Alanine,26
36.75,G5_L-Alanine,27
37.0,G5_L-Alanine,28
37.25,G5_L-Alanine,26
37.5,G5_L-Alanine,28
37.75,G5_L-Alanine,33
38.0,G5_L-Alanine,29
38.25,G5_L-Alanine,31
38.5,G5_L-Alanine,27
38.75,G5_L-Alanine,28
39.0,G5_L-Alanine,32
39.25,G5_L-Alanine,29
39.5,G5_L-Alanine,30
39.75,G5_L-Alanine,29
40.0,G5_L-Alanine,33
40.25,G5_L-Alanine,28
40.5,G5_L-Alanine,31
40.75,G5_L-Alanine,35
41.0,G5_L-Alanine,35
41.25,G5_L-Alanine,32
41.5,G5_L-Alanine,32
41.75,G5_L-Alanine,33
42.0,G5_L-Alanine,34
42.25,G5_L-Alanine,32
42.5,G5_L-Alanine,35
42.75,G5_L-Alanine,35
43.0,G5_L-Alanine,39
43.25,G5_L-Alanine,39
43.5,G5_L-Alanine,36
43.75,G5_L-Alanine,37
44.0,G5_L-Alanine,41
44.25,G5_L-Alanine,36
44.5,G5_L-Alanine,39
44.75,G5_L-Alanine,38
45.0,G5_L-Alanine,36
45.25,G5_L-Alanine,37
45.5,G5_L-Alanine,37
45.75,G5_L-Alanine,38
46.0,G5_L-Alanine,38
46.25,G5_L-Alanine,43
46.5,G5_L-Alanine,40
46.75,G5_L-Alanine,40
47.0,G5_L-Alanine,40
47.25,G5_L-Alanine,42
47.5,G5_L-Alanine,40
47.75,G5_L-Alanine,40
48.0,G5_L-Alanine,42
48.25,G5_L-Alanine,38
0.0,G6_L-Alanyl-Glycine,11
0.25,G6_L-Alanyl-Glycine,11
0.5,G6_L-Alanyl-Glycine,11
0.75,G6_L-Alanyl-Glycine,11
1.0,G6_L-Alanyl-Glycine,11
1.25,G6_L-Alanyl-Glycine,11
1.5,G6_L-Alanyl-Glycine,11
1.75,G6_L-Alanyl-Glycine,11
2.0,G6_L-Alanyl-Glycine,11
2.25,G6_L-Alanyl-Glycine,11
2.5,G6_L-Alanyl-Glycine,11
2.75,G6_L-Alanyl-Glycine,11
3.0,G6_L-Alanyl-Glycine,11
3.25,G6_L-Alanyl-Glycine,11
3.5,G6_L-Alanyl-Glycine,11
3.75,G6_L-Alanyl-Glycine,11
4.0,G6_L-Alanyl-Glycine,11
4.25,G6_L-Alanyl-Glycine,11
4.5,G6_L-Alanyl-Glycine,11
4.75,G6_L-Alanyl-Glycine,11
5.0,G6_L-Alanyl-Glycine,11
5.25,G6_L-Alanyl-Glycine,11
5.5,G6_L-Alanyl-Glycine,11
5.75,G6_L-Alanyl-Glycine,11
6.0,G6_L-Alanyl-Glycine,11
6.25,G6_L-Alanyl-Glycine,11
6.5,G6_L-Alanyl-Glycine,11
6.75,G6_L-Alanyl-Glycine,11
7.0,G6_L-Alanyl-Glycine,11
7.25,G6_L-Alanyl-Glycine,11
7.5,G6_L-Alanyl-Glycine,11
7.75,G6_L-Alanyl-Glycine,11
8.0,G6_L-Alanyl-Glycine,11
8.25,G6_L-Alanyl-Glycine,11
8.5,G6_L-Alanyl-Glycine,11
8.75,G6_L-Alanyl-Glycine,11
9.0,G6_L-Alanyl-Glycine,11
9.25,G6_L-Alanyl-Glycine,11
9.5,G6_L-Alanyl-Glycine,11
9.75,G6_L-Alanyl-Glycine,11
10.0,G6_L-Alanyl-Glycine,11
10.25,G6_L-Alanyl-Glycine,11
10.5,G6_L-Alanyl-Glycine,11
10.75,G6_L-Alanyl-Glycine,11
11.0,G6_L-Alanyl-Glycine,11
11.25,G6_L-Alanyl-Glycine,11
11.5,G6_L-Alanyl-Glycine,11
11.75,G6_L-Alanyl-Glycine,11
12.0,G6_L-Alanyl-Glycine,11
12.25,G6_L-Alanyl-Glycine,11
12.5,G6_L-Alanyl-Glycine,13
12.75,G6_L-Alanyl-Glycine,11
13.0,G6_L-Alanyl-Glycine,12
13.25,G6_L-Alanyl-Glycine,11
13.5,G6_L-Alanyl-Glycine,11
13.75,G6_L-Alanyl-Glycine,11
14.0,G6_L-Alanyl-Glycine,11
14.25,G6_L-Alanyl-Glycine,11
14.5,G6_L-Alanyl-Glycine,13
14.75,G6_L-Alanyl-Glycine,15
15.0,G6_L-Alanyl-Glycine,12
15.25,G6_L-Alanyl-Glycine,13
15.5,G6_L-Alanyl-Glycine,11
15.75,G6_L-Alanyl-Glycine,12
16.0,G6_L-Alanyl-Glycine,14
16.25,G6_L-Alanyl-Glycine,11
16.5,G6_L-Alanyl-Glycine,16
16.75,G6_L-Alanyl-Glycine,11
17.0,G6_L-Alanyl-Glycine,14
17.25,G6_L-Alanyl-Glycine,15
17.5,G6_L-Alanyl-Glycine,18
17.75,G6_L-Alanyl-Glycine,14
18.0,G6_L-Alanyl-Glycine,15
18.25,G6_L-Alanyl-Glycine,16
18.5,G6_L-Alanyl-Glycine,14
18.75,G6_L-Alanyl-Glycine,19
19.0,G6_L-Alanyl-Glycine,13
19.25,G6_L-Alanyl-Glycine,16
19.5,G6_L-Alanyl-Glycine,16
19.75,G6_L-Alanyl-Glycine,15
20.0,G6_L-Alanyl-Glycine,15
20.25,G6_L-Alanyl-Glycine,15
20.5,G6_L-Alanyl-Glycine,14
20.75,G6_L-Alanyl-Glycine,17
21.0,G6_L-Alanyl-Glycine,20
21.25,G6_L-Alanyl-Glycine,20
21.5,G6_L-Alanyl-Glycine,20
21.75,G6_L-Alanyl-Glycine,21
22.0,G6_L-Alanyl-Glycine,21
22.25,G6_L-Alanyl-Glycine,18
22.5,G6_L-Alanyl-Glycine,20
22.75,G6_L-Alanyl-Glycine,14
23.0,G6_L-Alanyl-Glycine,20
23.25,G6_L-Alanyl-Glycine,17
23.5,G6_L-Alanyl-Glycine,23
23.75,G6_L-Alanyl-Glycine,20
24.0,G6_L-Alanyl-Glycine,20
24.25,G6_L-Alanyl-Glycine,21
24.5,G6_L-Alanyl-Glycine,17
24.75,G6_L-Alanyl-Glycine,18
25.0,G6_L-Alanyl-Glycine,19
25.25,G6_L-Alanyl-Glycine,17
25.5,G6_L-Alanyl-Glycine,18
25.75,G6_L-Alanyl-Glycine,19
26.0,G6_L-Alanyl-Glycine,20
26.25,G6_L-Alanyl-Glycine,20
26.5,G6_L-Alanyl-Glycine,18
26.75,G6_L-Alanyl-Glycine,22
27.0,G6_L-Alanyl-Glycine,24
27.25,G6_L-Alanyl-Glycine,24
27.5,G6_L-Alanyl-Glycine,22
27.75,G6_L-Alanyl-Glycine,27
28.0,G6_L-Alanyl-Glycine,23
28.25,G6_L-Alanyl-Glycine,20
28.5,G6_L-Alanyl-Glycine,25
28.75,G6_L-Alanyl-Glycine,26
29.0,G6_L-Alanyl-Glycine,30
29.25,G6_L-Alanyl-Glycine,26
29.5,G6_L-Alanyl-Glycine,25
29.75,G6_L-Alanyl-Glycine,25
30.0,G6_L-Alanyl-Glycine,23
30.25,G6_L-Alanyl-Glycine,25
30.5,G6_L-Alanyl-Glycine,29
30.75,G6_L-Alanyl-Glycine,25
31.0,G6_L-Alanyl-Glycine,27
31.25,G6_L-Alanyl-Glycine,25
31.5,G6_L-Alanyl-Glycine,24
31.75,G6_L-Alanyl-Glycine,28
32.0,G6_L-Alanyl-Glycine,26
32.25,G6_L-Alanyl-Glycine,26
32.5,G6_L-Alanyl-Glycine,29
32.75,G6_L-Alanyl-Glycine,26
33.0,G6_L-Alanyl-Glycine,31
33.25,G6_L-Alanyl-Glycine,27
33.5,G6_L-Alanyl-Glycine,28
33.75,G6_L-Alanyl-Glycine,30
34.0,G6_L-Alanyl-Glycine,29
34.25,G6_L-Alanyl-Glycine,28
34.5,G6_L-Alanyl-Glycine,26
34.75,G6_L-Alanyl-Glycine,26
35.0,G6_L-Alanyl-Glycine,32
35.25,G6_L-Alanyl-Glycine,32
35.5,G6_L-Alanyl-Glycine,29
35.75,G6_L-Alanyl-Glycine,30
36.0,G6_L-Alanyl-Glycine,31
36.25,G6_L-Alanyl-Glycine,31
36.5,G6_L-Alanyl-Glycine,30
36.75,G6_L-Alanyl-Glycine,31
37.0,G6_L-Alanyl-Glycine,34
37.25,G6_L-Alanyl-Glycine,31
37.5,G6_L-Alanyl-Glycine,32
37.75,G6_L-Alanyl-Glycine,32
38.0,G6_L-Alanyl-Glycine,35
38.25,G6_L-Alanyl-Glycine,37
38.5,G6_L-Alanyl-Glycine,33
38.75,G6_L-Alanyl-Glycine,35
39.0,G6_L-Alanyl-Glycine,37
39.25,G6_L-Alanyl-Glycine,37
39.5,G6_L-Alanyl-Glycine,33
39.75,G6_L-Alanyl-Glycine,31
40.0,G6_L-Alanyl-Glycine,40
40.25,G6_L-Alanyl-Glycine,33
40.5,G6_L-Alanyl-Glycine,36
40.75,G6_L-Alanyl-Glycine,32
41.0,G6_L-Alanyl-Glycine,41
41.25,G6_L-Alanyl-Glycine,36
41.5,G6_L-Alanyl-Glycine,43
41.75,G6_L-Alanyl-Glycine,42
42.0,G6_L-Alanyl-Glycine,37
42.25,G6_L-Alanyl-Glycine,42
42.5,G6_L-Alanyl-Glycine,41
42.75,G6_L-Alanyl-Glycine,43
43.0,G6_L-Alanyl-Glycine,41
43.25,G6_L-Alanyl-Glycine,41
43.5,G6_L-Alanyl-Glycine,44
43.75,G6_L-Alanyl-Glycine,43
44.0,G6_L-Alanyl-Glycine,44
44.25,G6_L-Alanyl-Glycine,40
44.5,G6_L-Alanyl-Glycine,43
44.75,G6_L-Alanyl-Glycine,46
45.0,G6_L-Alanyl-Glycine,41
45.25,G6_L-Alanyl-Glycine,44
45.5,G6_L-Alanyl-Glycine,48
45.75,G6_L-Alanyl-Glycine,46
46.0,G6_L-Alanyl-Glycine,47
46.25,G6_L-Alanyl-Glycine,45
46.5,G6_L-Alanyl-Glycine,44
46.75,G6_L-Alanyl-Glycine,46
47.0,G6_L-Alanyl-Glycine,44
47.25,G6_L-Alanyl-Glycine,42
47.5,G6_L-Alanyl-Glycine,50
47.75,G6_L-Alanyl-Glycine,47
48.0,G6_L-Alanyl-Glycine,45
48.25,G6_L-Alanyl-Glycine,48
0.0,G7_Acetoacetic_Acid,11
0.25,G7_Acetoacetic_Acid,11
0.5,G7_Acetoacetic_Acid,11
0.75,G7_Acetoacetic_Acid,11
1.0,G7_Acetoacetic_Acid,11
1.25,G7_Acetoacetic_Acid,11
1.5,G7_Acetoacetic_Acid,11
1.75,G7_Acetoacetic_Acid,11
2.0,G7_Acetoacetic_Acid,11
2.25,G7_Acetoacetic_Acid,11
2.5,G7_Acetoacetic_Acid,11
2.75,G7_Acetoacetic_Acid,11
3.0,G7_Acetoacetic_Acid,11
3.25,G7_Acetoacetic_Acid,11
3.5,G7_Acetoacetic_Acid,11
3.75,G7_Acetoacetic_Acid,11
4.0,G7_Acetoacetic_Acid,11
4.25,G7_Acetoacetic_Acid,11
4.5,G7_Acetoacetic_Acid,11
4.75,G7_Acetoacetic_Acid,11
5.0,G7_Acetoacetic_Acid,11
5.25,G7_Acetoacetic_Acid,11
5.5,G7_Acetoacetic_Acid,11
5.75,G7_Acetoacetic_Acid,11
6.0,G7_Acetoacetic_Acid,11
6.25,G7_Acetoacetic_Acid,11
6.5,G7_Acetoacetic_Acid,11
6.75,G7_Acetoacetic_Acid,11
7.0,G7_Acetoacetic_Acid,11
7.25,G7_Acetoacetic_Acid,11
7.5,G7_Acetoacetic_Acid,11
7.75,G7_Acetoacetic_Acid,11
8.0,G7_Acetoacetic_Acid,11
8.25,G7_Acetoacetic_Acid,11
8.5,G7_Acetoacetic_Acid,11
8.75,G7_Acetoacetic_Acid,11
9.0,G7_Acetoacetic_Acid,11
9.25,G7_Acetoacetic_Acid,11
9.5,G7_Acetoacetic_Acid,11
9.75,G7_Acetoacetic_Acid,11
10.0,G7_Acetoacetic_Acid,11
10.25,G7_Acetoacetic_Acid,11
10.5,G7_Acetoacetic_Acid,11
10.75,G7_Acetoacetic_Acid,11
11.0,G7_Acetoacetic_Acid,11
11.25,G7_Acetoacetic_Acid,11
11.5,G7_Acetoacetic_Acid,11
11.75,G7_Acetoacetic_Acid,11
12.0,G7_Acetoacetic_Acid,11
12.25,G7_Acetoacetic_Acid,11
12.5,G7_Acetoacetic_Acid,11
12.75,G7_Acetoacetic_Acid,11
13.0,G7_Acetoacetic_Acid,11
13.25,G7_Acetoacetic_Acid,11
13.5,G7_Acetoacetic_Acid,11
13.75,G7_Acetoacetic_Acid,11
14.0,G7_Acetoacetic_Acid,11
14.25,G7_Acetoacetic_Acid,11
14.5,G7_Acetoacetic_Acid,11
14.75,G7_Acetoacetic_Acid,11
15.0,G7_Acetoacetic_Acid,11
15.25,G7_Acetoacetic_Acid,11
15.5,G7_Acetoacetic_Acid,11
15.75,G7_Acetoacetic_Acid,11
16.0,G7_Acetoacetic_Acid,11
16.25,G7_Acetoacetic_Acid,11
16.5,G7_Acetoacetic_Acid,11
16.75,G7_Acetoacetic_Acid,11
17.0,G7_Acetoacetic_Acid,11
17.25,G7_Acetoacetic_Acid,11
17.5,G7_Acetoacetic_Acid,11
17.75,G7_Acetoacetic_Acid,11
18.0,G7_Acetoacetic_Acid,11
18.25,G7_Acetoacetic_Acid,11
18.5,G7_Acetoacetic_Acid,11
18.75,G7_Acetoacetic_Acid,11
19.0,G7_Acetoacetic_Acid,11
19.25,G7_Acetoacetic_Acid,11
19.5,G7_Acetoacetic_Acid,11
19.75,G7_Acetoacetic_Acid,11
20.0,G7_Acetoacetic_Acid,11
20.25,G7_Acetoacetic_Acid,11
20.5,G7_Acetoacetic_Acid,11
20.75,G7_Acetoacetic_Acid,11
21.0,G7_Acetoacetic_Acid,11
21.25,G7_Acetoacetic_Acid,11
21.5,G7_Acetoacetic_Acid,11
21.75,G7_Acetoacetic_Acid,11
22.0,G7_Acetoacetic_Acid,11
22.25,G7_Acetoacetic_Acid,11
22.5,G7_Acetoacetic_Acid,11
22.75,G7_Acetoacetic_Acid,11
23.0,G7_Acetoacetic_Acid,11
23.25,G7_Acetoacetic_Acid,11
23.5,G7_Acetoacetic_Acid,11
23.75,G7_Acetoacetic_Acid,11
24.0,G7_Acetoacetic_Acid,11
24.25,G7_Acetoacetic_Acid,11
24.5,G7_Acetoacetic_Acid,11
24.75,G7_Acetoacetic_Acid,11
25.0,G7_Acetoacetic_Acid,11
25.25,G7_Acetoacetic_Acid,11
25.5,G7_Acetoacetic_Acid,11
25.75,G7_Acetoacetic_Acid,11
26.0,G7_Acetoacetic_Acid,11
26.25,G7_Acetoacetic_Acid,11
26.5,G7_Acetoacetic_Acid,11
26.75,G7_Acetoacetic_Acid,11
27.0,G7_Acetoacetic_Acid,11
27.25,G7_Acetoacetic_Acid,11
27.5,G7_Acetoacetic_Acid,11
27.75,G7_Acetoacetic_Acid,11
28.0,G7_Acetoacetic_Acid,11
28.25,G7_Acetoacetic_Acid,11
28.5,G7_Acetoacetic_Acid,11
28.75,G7_Acetoacetic_Acid,11
29.0,G7_Acetoacetic_Acid,11
29.25,G7_Acetoacetic_Acid,11
29.5,G7_Acetoacetic_Acid,11
29.75,G7_Acetoacetic_Acid,11
30.0,G7_Acetoacetic_Acid,11
30.25,G7_Acetoacetic_Acid,11
30.5,G7_Acetoacetic_Acid,11
30.75,G7_Acetoacetic_Acid,11
31.0,G7_Acetoacetic_Acid,11
31.25,G7_Acetoacetic_Acid,11
31.5,G7_Acetoacetic_Acid,11
31.75,G7_Acetoacetic_Acid,11
32.0,G7_Acetoacetic_Acid,15
32.25,G7_Acetoacetic_Acid,11
32.5,G7_Acetoacetic_Acid,12
32.75,G7_Acetoacetic_Acid,11
33.0,G7_Acetoacetic_Acid,11
33.25,G7_Acetoacetic_Acid,11
33.5,G7_Acetoacetic_Acid,11
33.75,G7_Acetoacetic_Acid,11
34.0,G7_Acetoacetic_Acid,11
34.25,G7_Acetoacetic_Acid,11
34.5,G7_Acetoacetic_Acid,11
34.75,G7_Acetoacetic_Acid,11
35.0,G7_Acetoacetic_Acid,11
35.25,G7_Acetoacetic_Acid,11
35.5,G7_Acetoacetic_Acid,11
35.75,G7_Acetoacetic_Acid,12
36.0,G7_Acetoacetic_Acid,11
36.25,G7_Acetoacetic_Acid,14
36.5,G7_Acetoacetic_Acid,11
36.75,G7_Acetoacetic_Acid,11
37.0,G7_Acetoacetic_Acid,11
37.25,G7_Acetoacetic_Acid,11
37.5,G7_Acetoacetic_Acid,11
37.75,G7_Acetoacetic_Acid,16
38.0,G7_Acetoacetic_Acid,11
38.25,G7_Acetoacetic_Acid,14
38.5,G7_Acetoacetic_Acid,11
38.75,G7_Acetoacetic_Acid,11
39.0,G7_Acetoacetic_Acid,11
39.25,G7_Acetoacetic_Acid,12
39.5,G7_Acetoacetic_Acid,11
39.75,G7_Acetoacetic_Acid,11
40.0,G7_Acetoacetic_Acid,14
40.25,G7_Acetoacetic_Acid,11
40.5,G7_Acetoacetic_Acid,12
40.75,G7_Acetoacetic_Acid,13
41.0,G7_Acetoacetic_Acid,11
41.25,G7_Acetoacetic_Acid,14
41.5,G7_Acetoacetic_Acid,12
41.75,G7_Acetoacetic_Acid,12
42.0,G7_Acetoacetic_Acid,11
42.25,G7_Acetoacetic_Acid,16
42.5,G7_Acetoacetic_Acid,11
42.75,G7_Acetoacetic_Acid,12
43.0,G7_Acetoacetic_Acid,13
43.25,G7_Acetoacetic_Acid,16
43.5,G7_Acetoacetic_Acid,12
43.75,G7_Acetoacetic_Acid,11
44.0,G7_Acetoacetic_Acid,16
44.25,G7_Acetoacetic_Acid,13
44.5,G7_Acetoacetic_Acid,11
44.75,G7_Acetoacetic_Acid,12
45.0,G7_Acetoacetic_Acid,11
45.25,G7_Acetoacetic_Acid,12
45.5,G7_Acetoacetic_Acid,19
45.75,G7_Acetoacetic_Acid,12
46.0,G7_Acetoacetic_Acid,15
46.25,G7_Acetoacetic_Acid,17
46.5,G7_Acetoacetic_Acid,15
46.75,G7_Acetoacetic_Acid,12
47.0,G7_Acetoacetic_Acid,14
47.25,G7_Acetoacetic_Acid,13
47.5,G7_Acetoacetic_Acid,12
47.75,G7_Acetoacetic_Acid,14
48.0,G7_Acetoacetic_Acid,15
48.25,G7_Acetoacetic_Acid,11
0.0,G8_N-Acetyl-B-D_Mannosamine,11
0.25,G8_N-Acetyl-B-D_Mannosamine,11
0.5,G8_N-Acetyl-B-D_Mannosamine,11
0.75,G8_N-Acetyl-B-D_Mannosamine,11
1.0,G8_N-Acetyl-B-D_Mannosamine,11
1.25,G8_N-Acetyl-B-D_Mannosamine,11
1.5,G8_N-Acetyl-B-D_Mannosamine,11
1.75,G8_N-Acetyl-B-D_Mannosamine,11
2.0,G8_N-Acetyl-B-D_Mannosamine,11
2.25,G8_N-Acetyl-B-D_Mannosamine,11
2.5,G8_N-Acetyl-B-D_Mannosamine,11
2.75,G8_N-Acetyl-B-D_Mannosamine,11
3.0,G8_N-Acetyl-B-D_Mannosamine,11
3.25,G8_N-Acetyl-B-D_Mannosamine,11
3.5,G8_N-Acetyl-B-D_Mannosamine,11
3.75,G8_N-Acetyl-B-D_Mannosamine,11
4.0,G8_N-Acetyl-B-D_Mannosamine,11
4.25,G8_N-Acetyl-B-D_Mannosamine,11
4.5,G8_N-Acetyl-B-D_Mannosamine,11
4.75,G8_N-Acetyl-B-D_Mannosamine,11
5.0,G8_N-Acetyl-B-D_Mannosamine,11
5.25,G8_N-Acetyl-B-D_Mannosamine,11
5.5,G8_N-Acetyl-B-D_Mannosamine,11
5.75,G8_N-Acetyl-B-D_Mannosamine,11
6.0,G8_N-Acetyl-B-D_Mannosamine,11
6.25,G8_N-Acetyl-B-D_Mannosamine,11
6.5,G8_N-Acetyl-B-D_Mannosamine,11
6.75,G8_N-Acetyl-B-D_Mannosamine,11
7.0,G8_N-Acetyl-B-D_Mannosamine,11
7.25,G8_N-Acetyl-B-D_Mannosamine,11
7.5,G8_N-Acetyl-B-D_Mannosamine,11
7.75,G8_N-Acetyl-B-D_Mannosamine,11
8.0,G8_N-Acetyl-B-D_Mannosamine,11
8.25,G8_N-Acetyl-B-D_Mannosamine,11
8.5,G8_N-Acetyl-B-D_Mannosamine,11
8.75,G8_N-Acetyl-B-D_Mannosamine,11
9.0,G8_N-Acetyl-B-D_Mannosamine,11
9.25,G8_N-Acetyl-B-D_Mannosamine,11
9.5,G8_N-Acetyl-B-D_Mannosamine,11
9.75,G8_N-Acetyl-B-D_Mannosamine,11
10.0,G8_N-Acetyl-B-D_Mannosamine,11
10.25,G8_N-Acetyl-B-D_Mannosamine,11
10.5,G8_N-Acetyl-B-D_Mannosamine,11
10.75,G8_N-Acetyl-B-D_Mannosamine,11
11.0,G8_N-Acetyl-B-D_Mannosamine,11
11.25,G8_N-Acetyl-B-D_Mannosamine,11
11.5,G8_N-Acetyl-B-D_Mannosamine,11
11.75,G8_N-Acetyl-B-D_Mannosamine,11
12.0,G8_N-Acetyl-B-D_Mannosamine,11
12.25,G8_N-Acetyl-B-D_Mannosamine,11
12.5,G8_N-Acetyl-B-D_Mannosamine,14
12.75,G8_N-Acetyl-B-D_Mannosamine,11
13.0,G8_N-Acetyl-B-D_Mannosamine,11
13.25,G8_N-Acetyl-B-D_Mannosamine,12
13.5,G8_N-Acetyl-B-D_Mannosamine,11
13.75,G8_N-Acetyl-B-D_Mannosamine,11
14.0,G8_N-Acetyl-B-D_Mannosamine,11
14.25,G8_N-Acetyl-B-D_Mannosamine,13
14.5,G8_N-Acetyl-B-D_Mannosamine,11
14.75,G8_N-Acetyl-B-D_Mannosamine,11
15.0,G8_N-Acetyl-B-D_Mannosamine,11
15.25,G8_N-Acetyl-B-D_Mannosamine,11
15.5,G8_N-Acetyl-B-D_Mannosamine,11
15.75,G8_N-Acetyl-B-D_Mannosamine,12
16.0,G8_N-Acetyl-B-D_Mannosamine,12
16.25,G8_N-Acetyl-B-D_Mannosamine,13
16.5,G8_N-Acetyl-B-D_Mannosamine,15
16.75,G8_N-Acetyl-B-D_Mannosamine,11
17.0,G8_N-Acetyl-B-D_Mannosamine,11
17.25,G8_N-Acetyl-B-D_Mannosamine,12
17.5,G8_N-Acetyl-B-D_Mannosamine,12
17.75,G8_N-Acetyl-B-D_Mannosamine,11
18.0,G8_N-Acetyl-B-D_Mannosamine,12
18.25,G8_N-Acetyl-B-D_Mannosamine,11
18.5,G8_N-Acetyl-B-D_Mannosamine,14
18.75,G8_N-Acetyl-B-D_Mannosamine,12
19.0,G8_N-Acetyl-B-D_Mannosamine,13
19.25,G8_N-Acetyl-B-D_Mannosamine,13
19.5,G8_N-Acetyl-B-D_Mannosamine,11
19.75,G8_N-Acetyl-B-D_Mannosamine,11
20.0,G8_N-Acetyl-B-D_Mannosamine,11
20.25,G8_N-Acetyl-B-D_Mannosamine,14
20.5,G8_N-Acetyl-B-D_Mannosamine,13
20.75,G8_N-Acetyl-B-D_Mannosamine,17
21.0,G8_N-Acetyl-B-D_Mannosamine,12
21.25,G8_N-Acetyl-B-D_Mannosamine,12
21.5,G8_N-Acetyl-B-D_Mannosamine,15
21.75,G8_N-Acetyl-B-D_Mannosamine,15
22.0,G8_N-Acetyl-B-D_Mannosamine,14
22.25,G8_N-Acetyl-B-D_Mannosamine,14
22.5,G8_N-Acetyl-B-D_Mannosamine,20
22.75,G8_N-Acetyl-B-D_Mannosamine,13
23.0,G8_N-Acetyl-B-D_Mannosamine,12
23.25,G8_N-Acetyl-B-D_Mannosamine,17
23.5,G8_N-Acetyl-B-D_Mannosamine,14
23.75,G8_N-Acetyl-B-D_Mannosamine,12
24.0,G8_N-Acetyl-B-D_Mannosamine,14
24.25,G8_N-Acetyl-B-D_Mannosamine,11
24.5,G8_N-Acetyl-B-D_Mannosamine,13
24.75,G8_N-Acetyl-B-D_Mannosamine,12
25.0,G8_N-Acetyl-B-D_Mannosamine,16
25.25,G8_N-Acetyl-B-D_Mannosamine,19
25.5,G8_N-Acetyl-B-D_Mannosamine,14
25.75,G8_N-Acetyl-B-D_Mannosamine,12
26.0,G8_N-Acetyl-B-D_Mannosamine,17
26.25,G8_N-Acetyl-B-D_Mannosamine,13
26.5,G8_N-Acetyl-B-D_Mannosamine,16
26.75,G8_N-Acetyl-B-D_Mannosamine,15
27.0,G8_N-Acetyl-B-D_Mannosamine,12
27.25,G8_N-Acetyl-B-D_Mannosamine,15
27.5,G8_N-Acetyl-B-D_Mannosamine,15
27.75,G8_N-Acetyl-B-D_Mannosamine,17
28.0,G8_N-Acetyl-B-D_Mannosamine,15
28.25,G8_N-Acetyl-B-D_Mannosamine,16
28.5,G8_N-Acetyl-B-D_Mannosamine,18
28.75,G8_N-Acetyl-B-D_Mannosamine,15
29.0,G8_N-Acetyl-B-D_Mannosamine,13
29.25,G8_N-Acetyl-B-D_Mannosamine,14
29.5,G8_N-Acetyl-B-D_Mannosamine,19
29.75,G8_N-Acetyl-B-D_Mannosamine,16
30.0,G8_N-Acetyl-B-D_Mannosamine,14
30.25,G8_N-Acetyl-B-D_Mannosamine,13
30.5,G8_N-Acetyl-B-D_Mannosamine,16
30.75,G8_N-Acetyl-B-D_Mannosamine,15
31.0,G8_N-Acetyl-B-D_Mannosamine,16
31.25,G8_N-Acetyl-B-D_Mannosamine,15
31.5,G8_N-Acetyl-B-D_Mannosamine,16
31.75,G8_N-Acetyl-B-D_Mannosamine,19
32.0,G8_N-Acetyl-B-D_Mannosamine,11
32.25,G8_N-Acetyl-B-D_Mannosamine,13
32.5,G8_N-Acetyl-B-D_Mannosamine,14
32.75,G8_N-Acetyl-B-D_Mannosamine,12
33.0,G8_N-Acetyl-B-D_Mannosamine,15
33.25,G8_N-Acetyl-B-D_Mannosamine,11
33.5,G8_N-Acetyl-B-D_Mannosamine,17
33.75,G8_N-Acetyl-B-D_Mannosamine,16
34.0,G8_N-Acetyl-B-D_Mannosamine,18
34.25,G8_N-Acetyl-B-D_Mannosamine,12
34.5,G8_N-Acetyl-B-D_Mannosamine,15
34.75,G8_N-Acetyl-B-D_Mannosamine,11
35.0,G8_N-Acetyl-B-D_Mannosamine,13
35.25,G8_N-Acetyl-B-D_Mannosamine,13
35.5,G8_N-Acetyl-B-D_Mannosamine,11
35.75,G8_N-Acetyl-B-D_Mannosamine,13
36.0,G8_N-Acetyl-B-D_Mannosamine,15
36.25,G8_N-Acetyl-B-D_Mannosamine,16
36.5,G8_N-Acetyl-B-D_Mannosamine,11
36.75,G8_N-Acetyl-B-D_Mannosamine,13
37.0,G8_N-Acetyl-B-D_Mannosamine,11
37.25,G8_N-Acetyl-B-D_Mannosamine,11
37.5,G8_N-Acetyl-B-D_Mannosamine,11
37.75,G8_N-Acetyl-B-D_Mannosamine,13
38.0,G8_N-Acetyl-B-D_Mannosamine,13
38.25,G8_N-Acetyl-B-D_Mannosamine,13
38.5,G8_N-Acetyl-B-D_Mannosamine,11
38.75,G8_N-Acetyl-B-D_Mannosamine,11
39.0,G8_N-Acetyl-B-D_Mannosamine,13
39.25,G8_N-Acetyl-B-D_Mannosamine,12
39.5,G8_N-Acetyl-B-D_Mannosamine,11
39.75,G8_N-Acetyl-B-D_Mannosamine,14
40.0,G8_N-Acetyl-B-D_Mannosamine,11
40.25,G8_N-Acetyl-B-D_Mannosamine,11
40.5,G8_N-Acetyl-B-D_Mannosamine,12
40.75,G8_N-Acetyl-B-D_Mannosamine,13
41.0,G8_N-Acetyl-B-D_Mannosamine,15
41.25,G8_N-Acetyl-B-D_Mannosamine,13
41.5,G8_N-Acetyl-B-D_Mannosamine,11
41.75,G8_N-Acetyl-B-D_Mannosamine,12
42.0,G8_N-Acetyl-B-D_Mannosamine,12
42.25,G8_N-Acetyl-B-D_Mannosamine,14
42.5,G8_N-Acetyl-B-D_Mannosamine,15
42.75,G8_N-Acetyl-B-D_Mannosamine,14
43.0,G8_N-Acetyl-B-D_Mannosamine,14
43.25,G8_N-Acetyl-B-D_Mannosamine,11
43.5,G8_N-Acetyl-B-D_Mannosamine,11
43.75,G8_N-Acetyl-B-D_Mannosamine,11
44.0,G8_N-Acetyl-B-D_Mannosamine,12
44.25,G8_N-Acetyl-B-D_Mannosamine,13
44.5,G8_N-Acetyl-B-D_Mannosamine,14
44.75,G8_N-Acetyl-B-D_Mannosamine,14
45.0,G8_N-Acetyl-B-D_Mannosamine,15
45.25,G8_N-Acetyl-B-D_Mannosamine,11
45.5,G8_N-Acetyl-B-D_Mannosamine,11
45.75,G8_N-Acetyl-B-D_Mannosamine,13
46.0,G8_N-Acetyl-B-D_Mannosamine,13
46.25,G8_N-Acetyl-B-D_Mannosamine,14
46.5,G8_N-Acetyl-B-D_Mannosamine,15
46.75,G8_N-Acetyl-B-D_Mannosamine,12
47.0,G8_N-Acetyl-B-D_Mannosamine,14
47.25,G8_N-Acetyl-B-D_Mannosamine,13
47.5,G8_N-Acetyl-B-D_Mannosamine,16
47.75,G8_N-Acetyl-B-D_Mannosamine,11
48.0,G8_N-Acetyl-B-D_Mannosamine,13
48.25,G8_N-Acetyl-B-D_Mannosamine,13
0.0,G9_Mono_Methyl_Succinate,11
0.25,G9_Mono_Methyl_Succinate,11
0.5,G9_Mono_Methyl_Succinate,11
0.75,G9_Mono_Methyl_Succinate,11
1.0,G9_Mono_Methyl_Succinate,11
1.25,G9_Mono_Methyl_Succinate,11
1.5,G9_Mono_Methyl_Succinate,11
1.75,G9_Mono_Methyl_Succinate,11
2.0,G9_Mono_Methyl_Succinate,11
2.25,G9_Mono_Methyl_Succinate,11
2.5,G9_Mono_Methyl_Succinate,11
2.75,G9_Mono_Methyl_Succinate,11
3.0,G9_Mono_Methyl_Succinate,11
3.25,G9_Mono_Methyl_Succinate,11
3.5,G9_Mono_Methyl_Succinate,11
3.75,G9_Mono_Methyl_Succinate,11
4.0,G9_Mono_Methyl_Succinate,11
4.25,G9_Mono_Methyl_Succinate,11
4.5,G9_Mono_Methyl_Succinate,11
4.75,G9_Mono_Methyl_Succinate,11
5.0,G9_Mono_Methyl_Succinate,11
5.25,G9_Mono_Methyl_Succinate,11
5.5,G9_Mono_Methyl_Succinate,11
5.75,G9_Mono_Methyl_Succinate,11
6.0,G9_Mono_Methyl_Succinate,11
6.25,G9_Mono_Methyl_Succinate,11
6.5,G9_Mono_Methyl_Succinate,11
6.75,G9_Mono_Methyl_Succinate,11
7.0,G9_Mono_Methyl_Succinate,11
7.25,G9_Mono_Methyl_Succinate,11
7.5,G9_Mono_Methyl_Succinate,11
7.75,G9_Mono_Methyl_Succinate,11
8.0,G9_Mono_Methyl_Succinate,11
8.25,G9_Mono_Methyl_Succinate,11
8.5,G9_Mono_Methyl_Succinate,11
8.75,G9_Mono_Methyl_Succinate,11
9.0,G9_Mono_Methyl_Succinate,11
9.25,G9_Mono_Methyl_Succinate,11
9.5,G9_Mono_Methyl_Succinate,11
9.75,G9_Mono_Methyl_Succinate,11
10.0,G9_Mono_Methyl_Succinate,11
10.25,G9_Mono_Methyl_Succinate,11
10.5,G9_Mono_Methyl_Succinate,11
10.75,G9_Mono_Methyl_Succinate,11
11.0,G9_Mono_Methyl_Succinate,11
11.25,G9_Mono_Methyl_Succinate,11
11.5,G9_Mono_Methyl_Succinate,11
11.75,G9_Mono_Methyl_Succinate,11
12.0,G9_Mono_Methyl_Succinate,11
12.25,G9_Mono_Methyl_Succinate,11
12.5,G9_Mono_Methyl_Succinate,12
12.75,G9_Mono_Methyl_Succinate,11
13.0,G9_Mono_Methyl_Succinate,11
13.25,G9_Mono_Methyl_Succinate,11
13.5,G9_Mono_Methyl_Succinate,11
13.75,G9_Mono_Methyl_Succinate,11
14.0,G9_Mono_Methyl_Succinate,11
14.25,G9_Mono_Methyl_Succinate,14
14.5,G9_Mono_Methyl_Succinate,11
14.75,G9_Mono_Methyl_Succinate,11
15.0,G9_Mono_Methyl_Succinate,11
15.25,G9_Mono_Methyl_Succinate,11
15.5,G9_Mono_Methyl_Succinate,11
15.75,G9_Mono_Methyl_Succinate,11
16.0,G9_Mono_Methyl_Succinate,11
16.25,G9_Mono_Methyl_Succinate,14
16.5,G9_Mono_Methyl_Succinate,11
16.75,G9_Mono_Methyl_Succinate,11
17.0,G9_Mono_Methyl_Succinate,16
17.25,G9_Mono_Methyl_Succinate,12
17.5,G9_Mono_Methyl_Succinate,16
17.75,G9_Mono_Methyl_Succinate,11
18.0,G9_Mono_Methyl_Succinate,11
18.25,G9_Mono_Methyl_Succinate,11
18.5,G9_Mono_Methyl_Succinate,11
18.75,G9_Mono_Methyl_Succinate,13
19.0,G9_Mono_Methyl_Succinate,11
19.25,G9_Mono_Methyl_Succinate,15
19.5,G9_Mono_Methyl_Succinate,12
19.75,G9_Mono_Methyl_Succinate,15
20.0,G9_Mono_Methyl_Succinate,12
20.25,G9_Mono_Methyl_Succinate,14
20.5,G9_Mono_Methyl_Succinate,15
20.75,G9_Mono_Methyl_Succinate,14
21.0,G9_Mono_Methyl_Succinate,15
21.25,G9_Mono_Methyl_Succinate,11
21.5,G9_Mono_Methyl_Succinate,16
21.75,G9_Mono_Methyl_Succinate,13
22.0,G9_Mono_Methyl_Succinate,11
22.25,G9_Mono_Methyl_Succinate,12
22.5,G9_Mono_Methyl_Succinate,12
22.75,G9_Mono_Methyl_Succinate,13
23.0,G9_Mono_Methyl_Succinate,13
23.25,G9_Mono_Methyl_Succinate,11
23.5,G9_Mono_Methyl_Succinate,12
23.75,G9_Mono_Methyl_Succinate,14
24.0,G9_Mono_Methyl_Succinate,16
24.25,G9_Mono_Methyl_Succinate,16
24.5,G9_Mono_Methyl_Succinate,14
24.75,G9_Mono_Methyl_Succinate,15
25.0,G9_Mono_Methyl_Succinate,16
25.25,G9_Mono_Methyl_Succinate,13
25.5,G9_Mono_Methyl_Succinate,14
25.75,G9_Mono_Methyl_Succinate,14
26.0,G9_Mono_Methyl_Succinate,11
26.25,G9_Mono_Methyl_Succinate,14
26.5,G9_Mono_Methyl_Succinate,13
26.75,G9_Mono_Methyl_Succinate,14
27.0,G9_Mono_Methyl_Succinate,16
27.25,G9_Mono_Methyl_Succinate,12
27.5,G9_Mono_Methyl_Succinate,11
27.75,G9_Mono_Methyl_Succinate,12
28.0,G9_Mono_Methyl_Succinate,16
28.25,G9_Mono_Methyl_Succinate,12
28.5,G9_Mono_Methyl_Succinate,16
28.75,G9_Mono_Methyl_Succinate,14
29.0,G9_Mono_Methyl_Succinate,15
29.25,G9_Mono_Methyl_Succinate,12
29.5,G9_Mono_Methyl_Succinate,15
29.75,G9_Mono_Methyl_Succinate,13
30.0,G9_Mono_Methyl_Succinate,15
30.25,G9_Mono_Methyl_Succinate,12
30.5,G9_Mono_Methyl_Succinate,16
30.75,G9_Mono_Methyl_Succinate,13
31.0,G9_Mono_Methyl_Succinate,11
31.25,G9_Mono_Methyl_Succinate,12
31.5,G9_Mono_Methyl_Succinate,12
31.75,G9_Mono_Methyl_Succinate,19
32.0,G9_Mono_Methyl_Succinate,17
32.25,G9_Mono_Methyl_Succinate,16
32.5,G9_Mono_Methyl_Succinate,11
32.75,G9_Mono_Methyl_Succinate,13
33.0,G9_Mono_Methyl_Succinate,16
33.25,G9_Mono_Methyl_Succinate,15
33.5,G9_Mono_Methyl_Succinate,13
33.75,G9_Mono_Methyl_Succinate,18
34.0,G9_Mono_Methyl_Succinate,15
34.25,G9_Mono_Methyl_Succinate,17
34.5,G9_Mono_Methyl_Succinate,14
34.75,G9_Mono_Methyl_Succinate,17
35.0,G9_Mono_Methyl_Succinate,13
35.25,G9_Mono_Methyl_Succinate,17
35.5,G9_Mono_Methyl_Succinate,18
35.75,G9_Mono_Methyl_Succinate,20
36.0,G9_Mono_Methyl_Succinate,12
36.25,G9_Mono_Methyl_Succinate,17
36.5,G9_Mono_Methyl_Succinate,16
36.75,G9_Mono_Methyl_Succinate,18
37.0,G9_Mono_Methyl_Succinate,15
37.25,G9_Mono_Methyl_Succinate,14
37.5,G9_Mono_Methyl_Succinate,19
37.75,G9_Mono_Methyl_Succinate,18
38.0,G9_Mono_Methyl_Succinate,20
38.25,G9_Mono_Methyl_Succinate,18
38.5,G9_Mono_Methyl_Succinate,16
38.75,G9_Mono_Methyl_Succinate,19
39.0,G9_Mono_Methyl_Succinate,20
39.25,G9_Mono_Methyl_Succinate,18
39.5,G9_Mono_Methyl_Succinate,14
39.75,G9_Mono_Methyl_Succinate,15
40.0,G9_Mono_Methyl_Succinate,19
40.25,G9_Mono_Methyl_Succinate,23
40.5,G9_Mono_Methyl_Succinate,18
40.75,G9_Mono_Methyl_Succinate,19
41.0,G9_Mono_Methyl_Succinate,23
41.25,G9_Mono_Methyl_Succinate,21
41.5,G9_Mono_Methyl_Succinate,19
41.75,G9_Mono_Methyl_Succinate,20
42.0,G9_Mono_Methyl_Succinate,21
42.25,G9_Mono_Methyl_Succinate,19
42.5,G9_Mono_Methyl_Succinate,23
42.75,G9_Mono_Methyl_Succinate,21
43.0,G9_Mono_Methyl_Succinate,20
43.25,G9_Mono_Methyl_Succinate,19
43.5,G9_Mono_Methyl_Succinate,24
43.75,G9_Mono_Methyl_Succinate,20
44.0,G9_Mono_Methyl_Succinate,21
44.25,G9_Mono_Methyl_Succinate,21
44.5,G9_Mono_Methyl_Succinate,25
44.75,G9_Mono_Methyl_Succinate,21
45.0,G9_Mono_Methyl_Succinate,19
45.25,G9_Mono_Methyl_Succinate,20
45.5,G9_Mono_Methyl_Succinate,20
45.75,G9_Mono_Methyl_Succinate,22
46.0,G9_Mono_Methyl_Succinate,20
46.25,G9_Mono_Methyl_Succinate,22
46.5,G9_Mono_Methyl_Succinate,21
46.75,G9_Mono_Methyl_Succinate,23
47.0,G9_Mono_Methyl_Succinate,27
47.25,G9_Mono_Methyl_Succinate,23
47.5,G9_Mono_Methyl_Succinate,25
47.75,G9_Mono_Methyl_Succinate,22
48.0,G9_Mono_Methyl_Succinate,28
48.25,G9_Mono_Methyl_Succinate,25
0.0,G10_Methyl_Pyruvate,11
0.25,G10_Methyl_Pyruvate,11
0.5,G10_Methyl_Pyruvate,11
0.75,G10_Methyl_Pyruvate,11
1.0,G10_Methyl_Pyruvate,12
1.25,G10_Methyl_Pyruvate,11
1.5,G10_Methyl_Pyruvate,11
1.75,G10_Methyl_Pyruvate,11
2.0,G10_Methyl_Pyruvate,11
2.25,G10_Methyl_Pyruvate,11
2.5,G10_Methyl_Pyruvate,11
2.75,G10_Methyl_Pyruvate,11
3.0,G10_Methyl_Pyruvate,11
3.25,G10_Methyl_Pyruvate,11
3.5,G10_Methyl_Pyruvate,11
3.75,G10_Methyl_Pyruvate,11
4.0,G10_Methyl_Pyruvate,11
4.25,G10_Methyl_Pyruvate,11
4.5,G10_Methyl_Pyruvate,11
4.75,G10_Methyl_Pyruvate,11
5.0,G10_Methyl_Pyruvate,11
5.25,G10_Methyl_Pyruvate,11
5.5,G10_Methyl_Pyruvate,11
5.75,G10_Methyl_Pyruvate,11
6.0,G10_Methyl_Pyruvate,11
6.25,G10_Methyl_Pyruvate,11
6.5,G10_Methyl_Pyruvate,11
6.75,G10_Methyl_Pyruvate,11
7.0,G10_Methyl_Pyruvate,11
7.25,G10_Methyl_Pyruvate,11
7.5,G10_Methyl_Pyruvate,11
7.75,G10_Methyl_Pyruvate,11
8.0,G10_Methyl_Pyruvate,11
8.25,G10_Methyl_Pyruvate,11
8.5,G10_Methyl_Pyruvate,11
8.75,G10_Methyl_Pyruvate,11
9.0,G10_Methyl_Pyruvate,11
9.25,G10_Methyl_Pyruvate,11
9.5,G10_Methyl_Pyruvate,11
9.75,G10_Methyl_Pyruvate,11
10.0,G10_Methyl_Pyruvate,11
10.25,G10_Methyl_Pyruvate,11
10.5,G10_Methyl_Pyruvate,11
10.75,G10_Methyl_Pyruvate,14
11.0,G10_Methyl_Pyruvate,11
11.25,G10_Methyl_Pyruvate,11
11.5,G10_Methyl_Pyruvate,11
11.75,G10_Methyl_Pyruvate,15
12.0,G10_Methyl_Pyruvate,11
12.25,G10_Methyl_Pyruvate,13
12.5,G10_Methyl_Pyruvate,12
12.75,G10_Methyl_Pyruvate,11
13.0,G10_Methyl_Pyruvate,13
13.25,G10_Methyl_Pyruvate,12
13.5,G10_Methyl_Pyruvate,12
13.75,G10_Methyl_Pyruvate,11
14.0,G10_Methyl_Pyruvate,17
14.25,G10_Methyl_Pyruvate,14
14.5,G10_Methyl_Pyruvate,14
14.75,G10_Methyl_Pyruvate,15
15.0,G10_Methyl_Pyruvate,14
15.25,G10_Methyl_Pyruvate,14
15.5,G10_Methyl_Pyruvate,12
15.75,G10_Methyl_Pyruvate,12
16.0,G10_Methyl_Pyruvate,11
16.25,G10_Methyl_Pyruvate,15
16.5,G10_Methyl_Pyruvate,17
16.75,G10_Methyl_Pyruvate,15
17.0,G10_Methyl_Pyruvate,19
17.25,G10_Methyl_Pyruvate,15
17.5,G10_Methyl_Pyruvate,13
17.75,G10_Methyl_Pyruvate,12
18.0,G10_Methyl_Pyruvate,12
18.25,G10_Methyl_Pyruvate,13
18.5,G10_Methyl_Pyruvate,16
18.75,G10_Methyl_Pyruvate,16
19.0,G10_Methyl_Pyruvate,12
19.25,G10_Methyl_Pyruvate,15
19.5,G10_Methyl_Pyruvate,17
19.75,G10_Methyl_Pyruvate,17
20.0,G10_Methyl_Pyruvate,13
20.25,G10_Methyl_Pyruvate,18
20.5,G10_Methyl_Pyruvate,14
20.75,G10_Methyl_Pyruvate,14
21.0,G10_Methyl_Pyruvate,18
21.25,G10_Methyl_Pyruvate,17
21.5,G10_Methyl_Pyruvate,22
21.75,G10_Methyl_Pyruvate,16
22.0,G10_Methyl_Pyruvate,15
22.25,G10_Methyl_Pyruvate,20
22.5,G10_Methyl_Pyruvate,20
22.75,G10_Methyl_Pyruvate,16
23.0,G10_Methyl_Pyruvate,20
23.25,G10_Methyl_Pyruvate,19
23.5,G10_Methyl_Pyruvate,18
23.75,G10_Methyl_Pyruvate,17
24.0,G10_Methyl_Pyruvate,18
24.25,G10_Methyl_Pyruvate,15
24.5,G10_Methyl_Pyruvate,14
24.75,G10_Methyl_Pyruvate,19
25.0,G10_Methyl_Pyruvate,16
25.25,G10_Methyl_Pyruvate,25
25.5,G10_Methyl_Pyruvate,19
25.75,G10_Methyl_Pyruvate,18
26.0,G10_Methyl_Pyruvate,18
26.25,G10_Methyl_Pyruvate,24
26.5,G10_Methyl_Pyruvate,18
26.75,G10_Methyl_Pyruvate,18
27.0,G10_Methyl_Pyruvate,19
27.25,G10_Methyl_Pyruvate,15
27.5,G10_Methyl_Pyruvate,22
27.75,G10_Methyl_Pyruvate,18
28.0,G10_Methyl_Pyruvate,24
28.25,G10_Methyl_Pyruvate,22
28.5,G10_Methyl_Pyruvate,23
28.75,G10_Methyl_Pyruvate,20
29.0,G10_Methyl_Pyruvate,19
29.25,G10_Methyl_Pyruvate,19
29.5,G10_Methyl_Pyruvate,22
29.75,G10_Methyl_Pyruvate,19
30.0,G10_Methyl_Pyruvate,19
30.25,G10_Methyl_Pyruvate,20
30.5,G10_Methyl_Pyruvate,22
30.75,G10_Methyl_Pyruvate,22
31.0,G10_Methyl_Pyruvate,25
31.25,G10_Methyl_Pyruvate,25
31.5,G10_Methyl_Pyruvate,23
31.75,G10_Methyl_Pyruvate,25
32.0,G10_Methyl_Pyruvate,25
32.25,G10_Methyl_Pyruvate,24
32.5,G10_Methyl_Pyruvate,26
32.75,G10_Methyl_Pyruvate,22
33.0,G10_Methyl_Pyruvate,24
33.25,G10_Methyl_Pyruvate,23
33.5,G10_Methyl_Pyruvate,24
33.75,G10_Methyl_Pyruvate,26
34.0,G10_Methyl_Pyruvate,25
34.25,G10_Methyl_Pyruvate,23
34.5,G10_Methyl_Pyruvate,20
34.75,G10_Methyl_Pyruvate,24
35.0,G10_Methyl_Pyruvate,28
35.25,G10_Methyl_Pyruvate,24
35.5,G10_Methyl_Pyruvate,22
35.75,G10_Methyl_Pyruvate,22
36.0,G10_Methyl_Pyruvate,28
36.25,G10_Methyl_Pyruvate,25
36.5,G10_Methyl_Pyruvate,26
36.75,G10_Methyl_Pyruvate,29
37.0,G10_Methyl_Pyruvate,28
37.25,G10_Methyl_Pyruvate,26
37.5,G10_Methyl_Pyruvate,25
37.75,G10_Methyl_Pyruvate,27
38.0,G10_Methyl_Pyruvate,29
38.25,G10_Methyl_Pyruvate,31
38.5,G10_Methyl_Pyruvate,27
38.75,G10_Methyl_Pyruvate,27
39.0,G10_Methyl_Pyruvate,27
39.25,G10_Methyl_Pyruvate,26
39.5,G10_Methyl_Pyruvate,24
39.75,G10_Methyl_Pyruvate,26
40.0,G10_Methyl_Pyruvate,27
40.25,G10_Methyl_Pyruvate,25
40.5,G10_Methyl_Pyruvate,30
40.75,G10_Methyl_Pyruvate,25
41.0,G10_Methyl_Pyruvate,27
41.25,G10_Methyl_Pyruvate,22
41.5,G10_Methyl_Pyruvate,30
41.75,G10_Methyl_Pyruvate,27
42.0,G10_Methyl_Pyruvate,25
42.25,G10_Methyl_Pyruvate,26
42.5,G10_Methyl_Pyruvate,27
42.75,G10_Methyl_Pyruvate,25
43.0,G10_Methyl_Pyruvate,31
43.25,G10_Methyl_Pyruvate,25
43.5,G10_Methyl_Pyruvate,33
43.75,G10_Methyl_Pyruvate,27
44.0,G10_Methyl_Pyruvate,26
44.25,G10_Methyl_Pyruvate,26
44.5,G10_Methyl_Pyruvate,26
44.75,G10_Methyl_Pyruvate,26
45.0,G10_Methyl_Pyruvate,30
45.25,G10_Methyl_Pyruvate,29
45.5,G10_Methyl_Pyruvate,29
45.75,G10_Methyl_Pyruvate,31
46.0,G10_Methyl_Pyruvate,28
46.25,G10_Methyl_Pyruvate,33
46.5,G10_Methyl_Pyruvate,32
46.75,G10_Methyl_Pyruvate,32
47.0,G10_Methyl_Pyruvate,29
47.25,G10_Methyl_Pyruvate,27
47.5,G10_Methyl_Pyruvate,33
47.75,G10_Methyl_Pyruvate,30
48.0,G10_Methyl_Pyruvate,27
48.25,G10_Methyl_Pyruvate,32
0.0,G11_D-Malic_Acid,12
0.25,G11_D-Malic_Acid,14
0.5,G11_D-Malic_Acid,14
0.75,G11_D-Malic_Acid,12
1.0,G11_D-Malic_Acid,14
1.25,G11_D-Malic_Acid,11
1.5,G11_D-Malic_Acid,13
1.75,G11_D-Malic_Acid,11
2.0,G11_D-Malic_Acid,11
2.25,G11_D-Malic_Acid,12
2.5,G11_D-Malic_Acid,11
2.75,G11_D-Malic_Acid,11
3.0,G11_D-Malic_Acid,12
3.25,G11_D-Malic_Acid,13
3.5,G11_D-Malic_Acid,11
3.75,G11_D-Malic_Acid,13
4.0,G11_D-Malic_Acid,13
4.25,G11_D-Malic_Acid,14
4.5,G11_D-Malic_Acid,12
4.75,G11_D-Malic_Acid,12
5.0,G11_D-Malic_Acid,11
5.25,G11_D-Malic_Acid,12
5.5,G11_D-Malic_Acid,16
5.75,G11_D-Malic_Acid,13
6.0,G11_D-Malic_Acid,11
6.25,G11_D-Malic_Acid,12
6.5,G11_D-Malic_Acid,13
6.75,G11_D-Malic_Acid,14
7.0,G11_D-Malic_Acid,13
7.25,G11_D-Malic_Acid,11
7.5,G11_D-Malic_Acid,11
7.75,G11_D-Malic_Acid,11
8.0,G11_D-Malic_Acid,13
8.25,G11_D-Malic_Acid,13
8.5,G11_D-Malic_Acid,11
8.75,G11_D-Malic_Acid,14
9.0,G11_D-Malic_Acid,13
9.25,G11_D-Malic_Acid,13
9.5,G11_D-Malic_Acid,16
9.75,G11_D-Malic_Acid,14
10.0,G11_D-Malic_Acid,11
10.25,G11_D-Malic_Acid,13
10.5,G11_D-Malic_Acid,12
10.75,G11_D-Malic_Acid,12
11.0,G11_D-Malic_Acid,12
11.25,G11_D-Malic_Acid,11
11.5,G11_D-Malic_Acid,14
11.75,G11_D-Malic_Acid,17
12.0,G11_D-Malic_Acid,13
12.25,G11_D-Malic_Acid,15
12.5,G11_D-Malic_Acid,17
12.75,G11_D-Malic_Acid,13
13.0,G11_D-Malic_Acid,16
13.25,G11_D-Malic_Acid,13
13.5,G11_D-Malic_Acid,18
13.75,G11_D-Malic_Acid,17
14.0,G11_D-Malic_Acid,16
14.25,G11_D-Malic_Acid,16
14.5,G11_D-Malic_Acid,17
14.75,G11_D-Malic_Acid,13
15.0,G11_D-Malic_Acid,16
15.25,G11_D-Malic_Acid,14
15.5,G11_D-Malic_Acid,16
15.75,G11_D-Malic_Acid,16
16.0,G11_D-Malic_Acid,15
16.25,G11_D-Malic_Acid,15
16.5,G11_D-Malic_Acid,13
16.75,G11_D-Malic_Acid,13
17.0,G11_D-Malic_Acid,16
17.25,G11_D-Malic_Acid,18
17.5,G11_D-Malic_Acid,17
17.75,G11_D-Malic_Acid,17
18.0,G11_D-Malic_Acid,15
18.25,G11_D-Malic_Acid,17
18.5,G11_D-Malic_Acid,16
18.75,G11_D-Malic_Acid,19
19.0,G11_D-Malic_Acid,19
19.25,G11_D-Malic_Acid,19
19.5,G11_D-Malic_Acid,20
19.75,G11_D-Malic_Acid,13
20.0,G11_D-Malic_Acid,20
20.25,G11_D-Malic_Acid,17
20.5,G11_D-Malic_Acid,20
20.75,G11_D-Malic_Acid,18
21.0,G11_D-Malic_Acid,21
21.25,G11_D-Malic_Acid,17
21.5,G11_D-Malic_Acid,16
21.75,G11_D-Malic_Acid,15
22.0,G11_D-Malic_Acid,18
22.25,G11_D-Malic_Acid,20
22.5,G11_D-Malic_Acid,19
22.75,G11_D-Malic_Acid,15
23.0,G11_D-Malic_Acid,15
23.25,G11_D-Malic_Acid,19
23.5,G11_D-Malic_Acid,19
23.75,G11_D-Malic_Acid,14
24.0,G11_D-Malic_Acid,17
24.25,G11_D-Malic_Acid,18
24.5,G11_D-Malic_Acid,17
24.75,G11_D-Malic_Acid,17
25.0,G11_D-Malic_Acid,16
25.25,G11_D-Malic_Acid,18
25.5,G11_D-Malic_Acid,16
25.75,G11_D-Malic_Acid,15
26.0,G11_D-Malic_Acid,15
26.25,G11_D-Malic_Acid,13
26.5,G11_D-Malic_Acid,16
26.75,G11_D-Malic_Acid,14
27.0,G11_D-Malic_Acid,16
27.25,G11_D-Malic_Acid,19
27.5,G11_D-Malic_Acid,16
27.75,G11_D-Malic_Acid,19
28.0,G11_D-Malic_Acid,17
28.25,G11_D-Malic_Acid,15
28.5,G11_D-Malic_Acid,19
28.75,G11_D-Malic_Acid,18
29.0,G11_D-Malic_Acid,19
29.25,G11_D-Malic_Acid,17
29.5,G11_D-Malic_Acid,17
29.75,G11_D-Malic_Acid,17
30.0,G11_D-Malic_Acid,18
30.25,G11_D-Malic_Acid,14
30.5,G11_D-Malic_Acid,17
30.75,G11_D-Malic_Acid,15
31.0,G11_D-Malic_Acid,16
31.25,G11_D-Malic_Acid,16
31.5,G11_D-Malic_Acid,15
31.75,G11_D-Malic_Acid,17
32.0,G11_D-Malic_Acid,18
32.25,G11_D-Malic_Acid,17
32.5,G11_D-Malic_Acid,14
32.75,G11_D-Malic_Acid,20
33.0,G11_D-Malic_Acid,17
33.25,G11_D-Malic_Acid,16
33.5,G11_D-Malic_Acid,17
33.75,G11_D-Malic_Acid,18
34.0,G11_D-Malic_Acid,14
34.25,G11_D-Malic_Acid,18
34.5,G11_D-Malic_Acid,21
34.75,G11_D-Malic_Acid,19
35.0,G11_D-Malic_Acid,18
35.25,G11_D-Malic_Acid,18
35.5,G11_D-Malic_Acid,16
35.75,G11_D-Malic_Acid,19
36.0,G11_D-Malic_Acid,16
36.25,G11_D-Malic_Acid,18
36.5,G11_D-Malic_Acid,17
36.75,G11_D-Malic_Acid,13
37.0,G11_D-Malic_Acid,12
37.25,G11_D-Malic_Acid,15
37.5,G11_D-Malic_Acid,15
37.75,G11_D-Malic_Acid,19
38.0,G11_D-Malic_Acid,16
38.25,G11_D-Malic_Acid,15
38.5,G11_D-Malic_Acid,17
38.75,G11_D-Malic_Acid,16
39.0,G11_D-Malic_Acid,14
39.25,G11_D-Malic_Acid,15
39.5,G11_D-Malic_Acid,17
39.75,G11_D-Malic_Acid,20
40.0,G11_D-Malic_Acid,20
40.25,G11_D-Malic_Acid,18
40.5,G11_D-Malic_Acid,17
40.75,G11_D-Malic_Acid,15
41.0,G11_D-Malic_Acid,18
41.25,G11_D-Malic_Acid,18
41.5,G11_D-Malic_Acid,18
41.75,G11_D-Malic_Acid,16
42.0,G11_D-Malic_Acid,18
42.25,G11_D-Malic_Acid,20
42.5,G11_D-Malic_Acid,20
42.75,G11_D-Malic_Acid,20
43.0,G11_D-Malic_Acid,21
43.25,G11_D-Malic_Acid,19
43.5,G11_D-Malic_Acid,16
43.75,G11_D-Malic_Acid,16
44.0,G11_D-Malic_Acid,16
44.25,G11_D-Malic_Acid,16
44.5,G11_D-Malic_Acid,21
44.75,G11_D-Malic_Acid,15
45.0,G11_D-Malic_Acid,16
45.25,G11_D-Malic_Acid,14
45.5,G11_D-Malic_Acid,24
45.75,G11_D-Malic_Acid,18
46.0,G11_D-Malic_Acid,18
46.25,G11_D-Malic_Acid,18
46.5,G11_D-Malic_Acid,17
46.75,G11_D-Malic_Acid,21
47.0,G11_D-Malic_Acid,18
47.25,G11_D-Malic_Acid,18
47.5,G11_D-Malic_Acid,24
47.75,G11_D-Malic_Acid,18
48.0,G11_D-Malic_Acid,17
48.25,G11_D-Malic_Acid,15
0.0,G12_L-Malic_Acid,17
0.25,G12_L-Malic_Acid,17
0.5,G12_L-Malic_Acid,18
0.75,G12_L-Malic_Acid,12
1.0,G12_L-Malic_Acid,11
1.25,G12_L-Malic_Acid,16
1.5,G12_L-Malic_Acid,19
1.75,G12_L-Malic_Acid,11
2.0,G12_L-Malic_Acid,15
2.25,G12_L-Malic_Acid,11
2.5,G12_L-Malic_Acid,13
2.75,G12_L-Malic_Acid,13
3.0,G12_L-Malic_Acid,12
3.25,G12_L-Malic_Acid,12
3.5,G12_L-Malic_Acid,16
3.75,G12_L-Malic_Acid,11
4.0,G12_L-Malic_Acid,13
4.25,G12_L-Malic_Acid,13
4.5,G12_L-Malic_Acid,17
4.75,G12_L-Malic_Acid,15
5.0,G12_L-Malic_Acid,11
5.25,G12_L-Malic_Acid,14
5.5,G12_L-Malic_Acid,13
5.75,G12_L-Malic_Acid,11
6.0,G12_L-Malic_Acid,12
6.25,G12_L-Malic_Acid,11
6.5,G12_L-Malic_Acid,14
6.75,G12_L-Malic_Acid,13
7.0,G12_L-Malic_Acid,13
7.25,G12_L-Malic_Acid,14
7.5,G12_L-Malic_Acid,11
7.75,G12_L-Malic_Acid,13
8.0,G12_L-Malic_Acid,15
8.25,G12_L-Malic_Acid,14
8.5,G12_L-Malic_Acid,16
8.75,G12_L-Malic_Acid,15
9.0,G12_L-Malic_Acid,12
9.25,G12_L-Malic_Acid,13
9.5,G12_L-Malic_Acid,15
9.75,G12_L-Malic_Acid,17
10.0,G12_L-Malic_Acid,14
10.25,G12_L-Malic_Acid,13
10.5,G12_L-Malic_Acid,15
10.75,G12_L-Malic_Acid,17
11.0,G12_L-Malic_Acid,13
11.25,G12_L-Malic_Acid,14
11.5,G12_L-Malic_Acid,18
11.75,G12_L-Malic_Acid,18
12.0,G12_L-Malic_Acid,18
12.25,G12_L-Malic_Acid,13
12.5,G12_L-Malic_Acid,15
12.75,G12_L-Malic_Acid,20
13.0,G12_L-Malic_Acid,17
13.25,G12_L-Malic_Acid,18
13.5,G12_L-Malic_Acid,17
13.75,G12_L-Malic_Acid,18
14.0,G12_L-Malic_Acid,20
14.25,G12_L-Malic_Acid,20
14.5,G12_L-Malic_Acid,23
14.75,G12_L-Malic_Acid,17
15.0,G12_L-Malic_Acid,17
15.25,G12_L-Malic_Acid,17
15.5,G12_L-Malic_Acid,20
15.75,G12_L-Malic_Acid,22
16.0,G12_L-Malic_Acid,20
16.25,G12_L-Malic_Acid,19
16.5,G12_L-Malic_Acid,20
16.75,G12_L-Malic_Acid,20
17.0,G12_L-Malic_Acid,21
17.25,G12_L-Malic_Acid,19
17.5,G12_L-Malic_Acid,20
17.75,G12_L-Malic_Acid,21
18.0,G12_L-Malic_Acid,22
18.25,G12_L-Malic_Acid,22
18.5,G12_L-Malic_Acid,24
18.75,G12_L-Malic_Acid,24
19.0,G12_L-Malic_Acid,21
19.25,G12_L-Malic_Acid,27
19.5,G12_L-Malic_Acid,20
19.75,G12_L-Malic_Acid,22
20.0,G12_L-Malic_Acid,27
20.25,G12_L-Malic_Acid,24
20.5,G12_L-Malic_Acid,26
20.75,G12_L-Malic_Acid,23
21.0,G12_L-Malic_Acid,24
21.25,G12_L-Malic_Acid,23
21.5,G12_L-Malic_Acid,25
21.75,G12_L-Malic_Acid,26
22.0,G12_L-Malic_Acid,26
22.25,G12_L-Malic_Acid,25
22.5,G12_L-Malic_Acid,24
22.75,G12_L-Malic_Acid,24
23.0,G12_L-Malic_Acid,26
23.25,G12_L-Malic_Acid,22
23.5,G12_L-Malic_Acid,27
23.75,G12_L-Malic_Acid,25
24.0,G12_L-Malic_Acid,27
24.25,G12_L-Malic_Acid,22
24.5,G12_L-Malic_Acid,27
24.75,G12_L-Malic_Acid,22
25.0,G12_L-Malic_Acid,24
25.25,G12_L-Malic_Acid,27
25.5,G12_L-Malic_Acid,27
25.75,G12_L-Malic_Acid,25
26.0,G12_L-Malic_Acid,25
26.25,G12_L-Malic_Acid,20
26.5,G12_L-Malic_Acid,21
26.75,G12_L-Malic_Acid,21
27.0,G12_L-Malic_Acid,28
27.25,G12_L-Malic_Acid,26
27.5,G12_L-Malic_Acid,24
27.75,G12_L-Malic_Acid,23
28.0,G12_L-Malic_Acid,23
28.25,G12_L-Malic_Acid,26
28.5,G12_L-Malic_Acid,27
28.75,G12_L-Malic_Acid,26
29.0,G12_L-Malic_Acid,31
29.25,G12_L-Malic_Acid,24
29.5,G12_L-Malic_Acid,25
29.75,G12_L-Malic_Acid,25
30.0,G12_L-Malic_Acid,26
30.25,G12_L-Malic_Acid,23
30.5,G12_L-Malic_Acid,26
30.75,G12_L-Malic_Acid,26
31.0,G12_L-Malic_Acid,26
31.25,G12_L-Malic_Acid,25
31.5,G12_L-Malic_Acid,27
31.75,G12_L-Malic_Acid,29
32.0,G12_L-Malic_Acid,30
32.25,G12_L-Malic_Acid,26
32.5,G12_L-Malic_Acid,28
32.75,G12_L-Malic_Acid,25
33.0,G12_L-Malic_Acid,31
33.25,G12_L-Malic_Acid,27
33.5,G12_L-Malic_Acid,29
33.75,G12_L-Malic_Acid,28
34.0,G12_L-Malic_Acid,26
34.25,G12_L-Malic_Acid,29
34.5,G12_L-Malic_Acid,29
34.75,G12_L-Malic_Acid,29
35.0,G12_L-Malic_Acid,26
35.25,G12_L-Malic_Acid,31
35.5,G12_L-Malic_Acid,26
35.75,G12_L-Malic_Acid,32
36.0,G12_L-Malic_Acid,28
36.25,G12_L-Malic_Acid,29
36.5,G12_L-Malic_Acid,29
36.75,G12_L-Malic_Acid,28
37.0,G12_L-Malic_Acid,26
37.25,G12_L-Malic_Acid,27
37.5,G12_L-Malic_Acid,28
37.75,G12_L-Malic_Acid,34
38.0,G12_L-Malic_Acid,28
38.25,G12_L-Malic_Acid,32
38.5,G12_L-Malic_Acid,31
38.75,G12_L-Malic_Acid,31
39.0,G12_L-Malic_Acid,29
39.25,G12_L-Malic_Acid,31
39.5,G12_L-Malic_Acid,33
39.75,G12_L-Malic_Acid,30
40.0,G12_L-Malic_Acid,30
40.25,G12_L-Malic_Acid,32
40.5,G12_L-Malic_Acid,35
40.75,G12_L-Malic_Acid,31
41.0,G12_L-Malic_Acid,35
41.25,G12_L-Malic_Acid,36
41.5,G12_L-Malic_Acid,37
41.75,G12_L-Malic_Acid,38
42.0,G12_L-Malic_Acid,36
42.25,G12_L-Malic_Acid,38
42.5,G12_L-Malic_Acid,39
42.75,G12_L-Malic_Acid,36
43.0,G12_L-Malic_Acid,33
43.25,G12_L-Malic_Acid,38
43.5,G12_L-Malic_Acid,36
43.75,G12_L-Malic_Acid,36
44.0,G12_L-Malic_Acid,35
44.25,G12_L-Malic_Acid,39
44.5,G12_L-Malic_Acid,42
44.75,G12_L-Malic_Acid,42
45.0,G12_L-Malic_Acid,37
45.25,G12_L-Malic_Acid,39
45.5,G12_L-Malic_Acid,38
45.75,G12_L-Malic_Acid,37
46.0,G12_L-Malic_Acid,41
46.25,G12_L-Malic_Acid,40
46.5,G12_L-Malic_Acid,40
46.75,G12_L-Malic_Acid,41
47.0,G12_L-Malic_Acid,40
47.25,G12_L-Malic_Acid,42
47.5,G12_L-Malic_Acid,41
47.75,G12_L-Malic_Acid,46
48.0,G12_L-Malic_Acid,38
48.25,G12_L-Malic_Acid,43
0.0,H1_Glycyl-L-Proline,19
0.25,H1_Glycyl-L-Proline,16
0.5,H1_Glycyl-L-Proline,22
0.75,H1_Glycyl-L-Proline,17
1.0,H1_Glycyl-L-Proline,20
1.25,H1_Glycyl-L-Proline,20
1.5,H1_Glycyl-L-Proline,19
1.75,H1_Glycyl-L-Proline,15
2.0,H1_Glycyl-L-Proline,17
2.25,H1_Glycyl-L-Proline,13
2.5,H1_Glycyl-L-Proline,17
2.75,H1_Glycyl-L-Proline,16
3.0,H1_Glycyl-L-Proline,16
3.25,H1_Glycyl-L-Proline,14
3.5,H1_Glycyl-L-Proline,15
3.75,H1_Glycyl-L-Proline,17
4.0,H1_Glycyl-L-Proline,13
4.25,H1_Glycyl-L-Proline,17
4.5,H1_Glycyl-L-Proline,12
4.75,H1_Glycyl-L-Proline,20
5.0,H1_Glycyl-L-Proline,13
5.25,H1_Glycyl-L-Proline,19
5.5,H1_Glycyl-L-Proline,19
5.75,H1_Glycyl-L-Proline,22
6.0,H1_Glycyl-L-Proline,17
6.25,H1_Glycyl-L-Proline,15
6.5,H1_Glycyl-L-Proline,16
6.75,H1_Glycyl-L-Proline,20
7.0,H1_Glycyl-L-Proline,16
7.25,H1_Glycyl-L-Proline,22
7.5,H1_Glycyl-L-Proline,20
7.75,H1_Glycyl-L-Proline,19
8.0,H1_Glycyl-L-Proline,23
8.25,H1_Glycyl-L-Proline,24
8.5,H1_Glycyl-L-Proline,16
8.75,H1_Glycyl-L-Proline,28
9.0,H1_Glycyl-L-Proline,21
9.25,H1_Glycyl-L-Proline,27
9.5,H1_Glycyl-L-Proline,26
9.75,H1_Glycyl-L-Proline,26
10.0,H1_Glycyl-L-Proline,29
10.25,H1_Glycyl-L-Proline,26
10.5,H1_Glycyl-L-Proline,30
10.75,H1_Glycyl-L-Proline,30
11.0,H1_Glycyl-L-Proline,27
11.25,H1_Glycyl-L-Proline,31
11.5,H1_Glycyl-L-Proline,33
11.75,H1_Glycyl-L-Proline,30
12.0,H1_Glycyl-L-Proline,31
12.25,H1_Glycyl-L-Proline,25
12.5,H1_Glycyl-L-Proline,35
12.75,H1_Glycyl-L-Proline,33
13.0,H1_Glycyl-L-Proline,31
13.25,H1_Glycyl-L-Proline,31
13.5,H1_Glycyl-L-Proline,32
13.75,H1_Glycyl-L-Proline,34
14.0,H1_Glycyl-L-Proline,31
14.25,H1_Glycyl-L-Proline,38
14.5,H1_Glycyl-L-Proline,31
14.75,H1_Glycyl-L-Proline,33
15.0,H1_Glycyl-L-Proline,38
15.25,H1_Glycyl-L-Proline,35
15.5,H1_Glycyl-L-Proline,34
15.75,H1_Glycyl-L-Proline,39
16.0,H1_Glycyl-L-Proline,36
16.25,H1_Glycyl-L-Proline,35
16.5,H1_Glycyl-L-Proline,35
16.75,H1_Glycyl-L-Proline,38
17.0,H1_Glycyl-L-Proline,39
17.25,H1_Glycyl-L-Proline,35
17.5,H1_Glycyl-L-Proline,37
17.75,H1_Glycyl-L-Proline,36
18.0,H1_Glycyl-L-Proline,38
18.25,H1_Glycyl-L-Proline,39
18.5,H1_Glycyl-L-Proline,39
18.75,H1_Glycyl-L-Proline,38
19.0,H1_Glycyl-L-Proline,41
19.25,H1_Glycyl-L-Proline,42
19.5,H1_Glycyl-L-Proline,39
19.75,H1_Glycyl-L-Proline,43
20.0,H1_Glycyl-L-Proline,45
20.25,H1_Glycyl-L-Proline,41
20.5,H1_Glycyl-L-Proline,42
20.75,H1_Glycyl-L-Proline,39
21.0,H1_Glycyl-L-Proline,41
21.25,H1_Glycyl-L-Proline,43
21.5,H1_Glycyl-L-Proline,45
21.75,H1_Glycyl-L-Proline,45
22.0,H1_Glycyl-L-Proline,43
22.25,H1_Glycyl-L-Proline,44
22.5,H1_Glycyl-L-Proline,48
22.75,H1_Glycyl-L-Proline,43
23.0,H1_Glycyl-L-Proline,48
23.25,H1_Glycyl-L-Proline,44
23.5,H1_Glycyl-L-Proline,45
23.75,H1_Glycyl-L-Proline,47
24.0,H1_Glycyl-L-Proline,42
24.25,H1_Glycyl-L-Proline,45
24.5,H1_Glycyl-L-Proline,45
24.75,H1_Glycyl-L-Proline,47
25.0,H1_Glycyl-L-Proline,50
25.25,H1_Glycyl-L-Proline,50
25.5,H1_Glycyl-L-Proline,48
25.75,H1_Glycyl-L-Proline,47
26.0,H1_Glycyl-L-Proline,48
26.25,H1_Glycyl-L-Proline,51
26.5,H1_Glycyl-L-Proline,48
26.75,H1_Glycyl-L-Proline,51
27.0,H1_Glycyl-L-Proline,49
27.25,H1_Glycyl-L-Proline,50
27.5,H1_Glycyl-L-Proline,51
27.75,H1_Glycyl-L-Proline,49
28.0,H1_Glycyl-L-Proline,54
28.25,H1_Glycyl-L-Proline,52
28.5,H1_Glycyl-L-Proline,55
28.75,H1_Glycyl-L-Proline,49
29.0,H1_Glycyl-L-Proline,53
29.25,H1_Glycyl-L-Proline,58
29.5,H1_Glycyl-L-Proline,52
29.75,H1_Glycyl-L-Proline,52
30.0,H1_Glycyl-L-Proline,54
30.25,H1_Glycyl-L-Proline,53
30.5,H1_Glycyl-L-Proline,56
30.75,H1_Glycyl-L-Proline,57
31.0,H1_Glycyl-L-Proline,55
31.25,H1_Glycyl-L-Proline,56
31.5,H1_Glycyl-L-Proline,52
31.75,H1_Glycyl-L-Proline,57
32.0,H1_Glycyl-L-Proline,58
32.25,H1_Glycyl-L-Proline,62
32.5,H1_Glycyl-L-Proline,57
32.75,H1_Glycyl-L-Proline,60
33.0,H1_Glycyl-L-Proline,55
33.25,H1_Glycyl-L-Proline,57
33.5,H1_Glycyl-L-Proline,57
33.75,H1_Glycyl-L-Proline,61
34.0,H1_Glycyl-L-Proline,58
34.25,H1_Glycyl-L-Proline,58
34.5,H1_Glycyl-L-Proline,62
34.75,H1_Glycyl-L-Proline,64
35.0,H1_Glycyl-L-Proline,61
35.25,H1_Glycyl-L-Proline,60
35.5,H1_Glycyl-L-Proline,62
35.75,H1_Glycyl-L-Proline,62
36.0,H1_Glycyl-L-Proline,61
36.25,H1_Glycyl-L-Proline,62
36.5,H1_Glycyl-L-Proline,64
36.75,H1_Glycyl-L-Proline,63
37.0,H1_Glycyl-L-Proline,63
37.25,H1_Glycyl-L-Proline,65
37.5,H1_Glycyl-L-Proline,65
37.75,H1_Glycyl-L-Proline,66
38.0,H1_Glycyl-L-Proline,65
38.25,H1_Glycyl-L-Proline,66
38.5,H1_Glycyl-L-Proline,66
38.75,H1_Glycyl-L-Proline,65
39.0,H1_Glycyl-L-Proline,71
39.25,H1_Glycyl-L-Proline,68
39.5,H1_Glycyl-L-Proline,69
39.75,H1_Glycyl-L-Proline,64
40.0,H1_Glycyl-L-Proline,71
40.25,H1_Glycyl-L-Proline,69
40.5,H1_Glycyl-L-Proline,71
40.75,H1_Glycyl-L-Proline,71
41.0,H1_Glycyl-L-Proline,75
41.25,H1_Glycyl-L-Proline,73
41.5,H1_Glycyl-L-Proline,72
41.75,H1_Glycyl-L-Proline,78
42.0,H1_Glycyl-L-Proline,75
42.25,H1_Glycyl-L-Proline,76
42.5,H1_Glycyl-L-Proline,81
42.75,H1_Glycyl-L-Proline,76
43.0,H1_Glycyl-L-Proline,76
43.25,H1_Glycyl-L-Proline,74
43.5,H1_Glycyl-L-Proline,76
43.75,H1_Glycyl-L-Proline,74
44.0,H1_Glycyl-L-Proline,75
44.25,H1_Glycyl-L-Proline,78
44.5,H1_Glycyl-L-Proline,78
44.75,H1_Glycyl-L-Proline,78
45.0,H1_Glycyl-L-Proline,80
45.25,H1_Glycyl-L-Proline,81
45.5,H1_Glycyl-L-Proline,80
45.75,H1_Glycyl-L-Proline,81
46.0,H1_Glycyl-L-Proline,80
46.25,H1_Glycyl-L-Proline,79
46.5,H1_Glycyl-L-Proline,81
46.75,H1_Glycyl-L-Proline,77
47.0,H1_Glycyl-L-Proline,82
47.25,H1_Glycyl-L-Proline,85
47.5,H1_Glycyl-L-Proline,81
47.75,H1_Glycyl-L-Proline,85
48.0,H1_Glycyl-L-Proline,84
48.25,H1_Glycyl-L-Proline,89
0.0,H2_p-Hydroxy_Phenyl_AceticAcid,11
0.25,H2_p-Hydroxy_Phenyl_AceticAcid,11
0.5,H2_p-Hydroxy_Phenyl_AceticAcid,11
0.75,H2_p-Hydroxy_Phenyl_AceticAcid,11
1.0,H2_p-Hydroxy_Phenyl_AceticAcid,11
1.25,H2_p-Hydroxy_Phenyl_AceticAcid,11
1.5,H2_p-Hydroxy_Phenyl_AceticAcid,11
1.75,H2_p-Hydroxy_Phenyl_AceticAcid,11
2.0,H2_p-Hydroxy_Phenyl_AceticAcid,11
2.25,H2_p-Hydroxy_Phenyl_AceticAcid,11
2.5,H2_p-Hydroxy_Phenyl_AceticAcid,11
2.75,H2_p-Hydroxy_Phenyl_AceticAcid,11
3.0,H2_p-Hydroxy_Phenyl_AceticAcid,11
3.25,H2_p-Hydroxy_Phenyl_AceticAcid,11
3.5,H2_p-Hydroxy_Phenyl_AceticAcid,11
3.75,H2_p-Hydroxy_Phenyl_AceticAcid,11
4.0,H2_p-Hydroxy_Phenyl_AceticAcid,11
4.25,H2_p-Hydroxy_Phenyl_AceticAcid,11
4.5,H2_p-Hydroxy_Phenyl_AceticAcid,11
4.75,H2_p-Hydroxy_Phenyl_AceticAcid,11
5.0,H2_p-Hydroxy_Phenyl_AceticAcid,11
5.25,H2_p-Hydroxy_Phenyl_AceticAcid,11
5.5,H2_p-Hydroxy_Phenyl_AceticAcid,11
5.75,H2_p-Hydroxy_Phenyl_AceticAcid,11
6.0,H2_p-Hydroxy_Phenyl_AceticAcid,11
6.25,H2_p-Hydroxy_Phenyl_AceticAcid,11
6.5,H2_p-Hydroxy_Phenyl_AceticAcid,11
6.75,H2_p-Hydroxy_Phenyl_AceticAcid,11
7.0,H2_p-Hydroxy_Phenyl_AceticAcid,11
7.25,H2_p-Hydroxy_Phenyl_AceticAcid,11
7.5,H2_p-Hydroxy_Phenyl_AceticAcid,11
7.75,H2_p-Hydroxy_Phenyl_AceticAcid,11
8.0,H2_p-Hydroxy_Phenyl_AceticAcid,11
8.25,H2_p-Hydroxy_Phenyl_AceticAcid,11
8.5,H2_p-Hydroxy_Phenyl_AceticAcid,11
8.75,H2_p-Hydroxy_Phenyl_AceticAcid,11
9.0,H2_p-Hydroxy_Phenyl_AceticAcid,11
9.25,H2_p-Hydroxy_Phenyl_AceticAcid,11
9.5,H2_p-Hydroxy_Phenyl_AceticAcid,11
9.75,H2_p-Hydroxy_Phenyl_AceticAcid,11
10.0,H2_p-Hydroxy_Phenyl_AceticAcid,11
10.25,H2_p-Hydroxy_Phenyl_AceticAcid,11
10.5,H2_p-Hydroxy_Phenyl_AceticAcid,11
10.75,H2_p-Hydroxy_Phenyl_AceticAcid,11
11.0,H2_p-Hydroxy_Phenyl_AceticAcid,11
11.25,H2_p-Hydroxy_Phenyl_AceticAcid,11
11.5,H2_p-Hydroxy_Phenyl_AceticAcid,11
11.75,H2_p-Hydroxy_Phenyl_AceticAcid,11
12.0,H2_p-Hydroxy_Phenyl_AceticAcid,11
12.25,H2_p-Hydroxy_Phenyl_AceticAcid,11
12.5,H2_p-Hydroxy_Phenyl_AceticAcid,11
12.75,H2_p-Hydroxy_Phenyl_AceticAcid,11
13.0,H2_p-Hydroxy_Phenyl_AceticAcid,11
13.25,H2_p-Hydroxy_Phenyl_AceticAcid,11
13.5,H2_p-Hydroxy_Phenyl_AceticAcid,11
13.75,H2_p-Hydroxy_Phenyl_AceticAcid,12
14.0,H2_p-Hydroxy_Phenyl_AceticAcid,11
14.25,H2_p-Hydroxy_Phenyl_AceticAcid,11
14.5,H2_p-Hydroxy_Phenyl_AceticAcid,11
14.75,H2_p-Hydroxy_Phenyl_AceticAcid,11
15.0,H2_p-Hydroxy_Phenyl_AceticAcid,11
15.25,H2_p-Hydroxy_Phenyl_AceticAcid,11
15.5,H2_p-Hydroxy_Phenyl_AceticAcid,11
15.75,H2_p-Hydroxy_Phenyl_AceticAcid,11
16.0,H2_p-Hydroxy_Phenyl_AceticAcid,11
16.25,H2_p-Hydroxy_Phenyl_AceticAcid,13
16.5,H2_p-Hydroxy_Phenyl_AceticAcid,11
16.75,H2_p-Hydroxy_Phenyl_AceticAcid,11
17.0,H2_p-Hydroxy_Phenyl_AceticAcid,11
17.25,H2_p-Hydroxy_Phenyl_AceticAcid,11
17.5,H2_p-Hydroxy_Phenyl_AceticAcid,11
17.75,H2_p-Hydroxy_Phenyl_AceticAcid,11
18.0,H2_p-Hydroxy_Phenyl_AceticAcid,11
18.25,H2_p-Hydroxy_Phenyl_AceticAcid,11
18.5,H2_p-Hydroxy_Phenyl_AceticAcid,11
18.75,H2_p-Hydroxy_Phenyl_AceticAcid,11
19.0,H2_p-Hydroxy_Phenyl_AceticAcid,11
19.25,H2_p-Hydroxy_Phenyl_AceticAcid,11
19.5,H2_p-Hydroxy_Phenyl_AceticAcid,11
19.75,H2_p-Hydroxy_Phenyl_AceticAcid,11
20.0,H2_p-Hydroxy_Phenyl_AceticAcid,11
20.25,H2_p-Hydroxy_Phenyl_AceticAcid,11
20.5,H2_p-Hydroxy_Phenyl_AceticAcid,11
20.75,H2_p-Hydroxy_Phenyl_AceticAcid,11
21.0,H2_p-Hydroxy_Phenyl_AceticAcid,11
21.25,H2_p-Hydroxy_Phenyl_AceticAcid,11
21.5,H2_p-Hydroxy_Phenyl_AceticAcid,11
21.75,H2_p-Hydroxy_Phenyl_AceticAcid,12
22.0,H2_p-Hydroxy_Phenyl_AceticAcid,11
22.25,H2_p-Hydroxy_Phenyl_AceticAcid,13
22.5,H2_p-Hydroxy_Phenyl_AceticAcid,11
22.75,H2_p-Hydroxy_Phenyl_AceticAcid,11
23.0,H2_p-Hydroxy_Phenyl_AceticAcid,11
23.25,H2_p-Hydroxy_Phenyl_AceticAcid,12
23.5,H2_p-Hydroxy_Phenyl_AceticAcid,11
23.75,H2_p-Hydroxy_Phenyl_AceticAcid,12
24.0,H2_p-Hydroxy_Phenyl_AceticAcid,11
24.25,H2_p-Hydroxy_Phenyl_AceticAcid,11
24.5,H2_p-Hydroxy_Phenyl_AceticAcid,11
24.75,H2_p-Hydroxy_Phenyl_AceticAcid,11
25.0,H2_p-Hydroxy_Phenyl_AceticAcid,11
25.25,H2_p-Hydroxy_Phenyl_AceticAcid,16
25.5,H2_p-Hydroxy_Phenyl_AceticAcid,12
25.75,H2_p-Hydroxy_Phenyl_AceticAcid,12
26.0,H2_p-Hydroxy_Phenyl_AceticAcid,11
26.25,H2_p-Hydroxy_Phenyl_AceticAcid,11
26.5,H2_p-Hydroxy_Phenyl_AceticAcid,11
26.75,H2_p-Hydroxy_Phenyl_AceticAcid,11
27.0,H2_p-Hydroxy_Phenyl_AceticAcid,14
27.25,H2_p-Hydroxy_Phenyl_AceticAcid,11
27.5,H2_p-Hydroxy_Phenyl_AceticAcid,11
27.75,H2_p-Hydroxy_Phenyl_AceticAcid,11
28.0,H2_p-Hydroxy_Phenyl_AceticAcid,13
28.25,H2_p-Hydroxy_Phenyl_AceticAcid,11
28.5,H2_p-Hydroxy_Phenyl_AceticAcid,11
28.75,H2_p-Hydroxy_Phenyl_AceticAcid,11
29.0,H2_p-Hydroxy_Phenyl_AceticAcid,14
29.25,H2_p-Hydroxy_Phenyl_AceticAcid,11
29.5,H2_p-Hydroxy_Phenyl_AceticAcid,11
29.75,H2_p-Hydroxy_Phenyl_AceticAcid,11
30.0,H2_p-Hydroxy_Phenyl_AceticAcid,11
30.25,H2_p-Hydroxy_Phenyl_AceticAcid,11
30.5,H2_p-Hydroxy_Phenyl_AceticAcid,11
30.75,H2_p-Hydroxy_Phenyl_AceticAcid,11
31.0,H2_p-Hydroxy_Phenyl_AceticAcid,11
31.25,H2_p-Hydroxy_Phenyl_AceticAcid,11
31.5,H2_p-Hydroxy_Phenyl_AceticAcid,11
31.75,H2_p-Hydroxy_Phenyl_AceticAcid,11
32.0,H2_p-Hydroxy_Phenyl_AceticAcid,11
32.25,H2_p-Hydroxy_Phenyl_AceticAcid,12
32.5,H2_p-Hydroxy_Phenyl_AceticAcid,11
32.75,H2_p-Hydroxy_Phenyl_AceticAcid,11
33.0,H2_p-Hydroxy_Phenyl_AceticAcid,11
33.25,H2_p-Hydroxy_Phenyl_AceticAcid,11
33.5,H2_p-Hydroxy_Phenyl_AceticAcid,11
33.75,H2_p-Hydroxy_Phenyl_AceticAcid,11
34.0,H2_p-Hydroxy_Phenyl_AceticAcid,11
34.25,H2_p-Hydroxy_Phenyl_AceticAcid,11
34.5,H2_p-Hydroxy_Phenyl_AceticAcid,11
34.75,H2_p-Hydroxy_Phenyl_AceticAcid,11
35.0,H2_p-Hydroxy_Phenyl_AceticAcid,11
35.25,H2_p-Hydroxy_Phenyl_AceticAcid,11
35.5,H2_p-Hydroxy_Phenyl_AceticAcid,11
35.75,H2_p-Hydroxy_Phenyl_AceticAcid,11
36.0,H2_p-Hydroxy_Phenyl_AceticAcid,11
36.25,H2_p-Hydroxy_Phenyl_AceticAcid,11
36.5,H2_p-Hydroxy_Phenyl_AceticAcid,13
36.75,H2_p-Hydroxy_Phenyl_AceticAcid,11
37.0,H2_p-Hydroxy_Phenyl_AceticAcid,11
37.25,H2_p-Hydroxy_Phenyl_AceticAcid,11
37.5,H2_p-Hydroxy_Phenyl_AceticAcid,11
37.75,H2_p-Hydroxy_Phenyl_AceticAcid,11
38.0,H2_p-Hydroxy_Phenyl_AceticAcid,11
38.25,H2_p-Hydroxy_Phenyl_AceticAcid,11
38.5,H2_p-Hydroxy_Phenyl_AceticAcid,12
38.75,H2_p-Hydroxy_Phenyl_AceticAcid,11
39.0,H2_p-Hydroxy_Phenyl_AceticAcid,11
39.25,H2_p-Hydroxy_Phenyl_AceticAcid,11
39.5,H2_p-Hydroxy_Phenyl_AceticAcid,11
39.75,H2_p-Hydroxy_Phenyl_AceticAcid,11
40.0,H2_p-Hydroxy_Phenyl_AceticAcid,13
40.25,H2_p-Hydroxy_Phenyl_AceticAcid,11
40.5,H2_p-Hydroxy_Phenyl_AceticAcid,11
40.75,H2_p-Hydroxy_Phenyl_AceticAcid,11
41.0,H2_p-Hydroxy_Phenyl_AceticAcid,11
41.25,H2_p-Hydroxy_Phenyl_AceticAcid,12
41.5,H2_p-Hydroxy_Phenyl_AceticAcid,11
41.75,H2_p-Hydroxy_Phenyl_AceticAcid,15
42.0,H2_p-Hydroxy_Phenyl_AceticAcid,11
42.25,H2_p-Hydroxy_Phenyl_AceticAcid,11
42.5,H2_p-Hydroxy_Phenyl_AceticAcid,15
42.75,H2_p-Hydroxy_Phenyl_AceticAcid,11
43.0,H2_p-Hydroxy_Phenyl_AceticAcid,11
43.25,H2_p-Hydroxy_Phenyl_AceticAcid,12
43.5,H2_p-Hydroxy_Phenyl_AceticAcid,15
43.75,H2_p-Hydroxy_Phenyl_AceticAcid,11
44.0,H2_p-Hydroxy_Phenyl_AceticAcid,14
44.25,H2_p-Hydroxy_Phenyl_AceticAcid,11
44.5,H2_p-Hydroxy_Phenyl_AceticAcid,11
44.75,H2_p-Hydroxy_Phenyl_AceticAcid,11
45.0,H2_p-Hydroxy_Phenyl_AceticAcid,11
45.25,H2_p-Hydroxy_Phenyl_AceticAcid,11
45.5,H2_p-Hydroxy_Phenyl_AceticAcid,13
45.75,H2_p-Hydroxy_Phenyl_AceticAcid,13
46.0,H2_p-Hydroxy_Phenyl_AceticAcid,11
46.25,H2_p-Hydroxy_Phenyl_AceticAcid,11
46.5,H2_p-Hydroxy_Phenyl_AceticAcid,11
46.75,H2_p-Hydroxy_Phenyl_AceticAcid,11
47.0,H2_p-Hydroxy_Phenyl_AceticAcid,12
47.25,H2_p-Hydroxy_Phenyl_AceticAcid,11
47.5,H2_p-Hydroxy_Phenyl_AceticAcid,11
47.75,H2_p-Hydroxy_Phenyl_AceticAcid,11
48.0,H2_p-Hydroxy_Phenyl_AceticAcid,11
48.25,H2_p-Hydroxy_Phenyl_AceticAcid,11
0.0,H3_m-Hydroxy_Phenyl_AceticAcid,11
0.25,H3_m-Hydroxy_Phenyl_AceticAcid,11
0.5,H3_m-Hydroxy_Phenyl_AceticAcid,11
0.75,H3_m-Hydroxy_Phenyl_AceticAcid,11
1.0,H3_m-Hydroxy_Phenyl_AceticAcid,11
1.25,H3_m-Hydroxy_Phenyl_AceticAcid,11
1.5,H3_m-Hydroxy_Phenyl_AceticAcid,11
1.75,H3_m-Hydroxy_Phenyl_AceticAcid,11
2.0,H3_m-Hydroxy_Phenyl_AceticAcid,11
2.25,H3_m-Hydroxy_Phenyl_AceticAcid,11
2.5,H3_m-Hydroxy_Phenyl_AceticAcid,11
2.75,H3_m-Hydroxy_Phenyl_AceticAcid,11
3.0,H3_m-Hydroxy_Phenyl_AceticAcid,11
3.25,H3_m-Hydroxy_Phenyl_AceticAcid,11
3.5,H3_m-Hydroxy_Phenyl_AceticAcid,11
3.75,H3_m-Hydroxy_Phenyl_AceticAcid,11
4.0,H3_m-Hydroxy_Phenyl_AceticAcid,11
4.25,H3_m-Hydroxy_Phenyl_AceticAcid,11
4.5,H3_m-Hydroxy_Phenyl_AceticAcid,11
4.75,H3_m-Hydroxy_Phenyl_AceticAcid,11
5.0,H3_m-Hydroxy_Phenyl_AceticAcid,11
5.25,H3_m-Hydroxy_Phenyl_AceticAcid,11
5.5,H3_m-Hydroxy_Phenyl_AceticAcid,11
5.75,H3_m-Hydroxy_Phenyl_AceticAcid,11
6.0,H3_m-Hydroxy_Phenyl_AceticAcid,11
6.25,H3_m-Hydroxy_Phenyl_AceticAcid,11
6.5,H3_m-Hydroxy_Phenyl_AceticAcid,11
6.75,H3_m-Hydroxy_Phenyl_AceticAcid,11
7.0,H3_m-Hydroxy_Phenyl_AceticAcid,11
7.25,H3_m-Hydroxy_Phenyl_AceticAcid,11
7.5,H3_m-Hydroxy_Phenyl_AceticAcid,11
7.75,H3_m-Hydroxy_Phenyl_AceticAcid,11
8.0,H3_m-Hydroxy_Phenyl_AceticAcid,11
8.25,H3_m-Hydroxy_Phenyl_AceticAcid,11
8.5,H3_m-Hydroxy_Phenyl_AceticAcid,11
8.75,H3_m-Hydroxy_Phenyl_AceticAcid,11
9.0,H3_m-Hydroxy_Phenyl_AceticAcid,11
9.25,H3_m-Hydroxy_Phenyl_AceticAcid,11
9.5,H3_m-Hydroxy_Phenyl_AceticAcid,11
9.75,H3_m-Hydroxy_Phenyl_AceticAcid,11
10.0,H3_m-Hydroxy_Phenyl_AceticAcid,11
10.25,H3_m-Hydroxy_Phenyl_AceticAcid,11
10.5,H3_m-Hydroxy_Phenyl_AceticAcid,11
10.75,H3_m-Hydroxy_Phenyl_AceticAcid,11
11.0,H3_m-Hydroxy_Phenyl_AceticAcid,11
11.25,H3_m-Hydroxy_Phenyl_AceticAcid,11
11.5,H3_m-Hydroxy_Phenyl_AceticAcid,11
11.75,H3_m-Hydroxy_Phenyl_AceticAcid,11
12.0,H3_m-Hydroxy_Phenyl_AceticAcid,11
12.25,H3_m-Hydroxy_Phenyl_AceticAcid,11
12.5,H3_m-Hydroxy_Phenyl_AceticAcid,11
12.75,H3_m-Hydroxy_Phenyl_AceticAcid,11
13.0,H3_m-Hydroxy_Phenyl_AceticAcid,11
13.25,H3_m-Hydroxy_Phenyl_AceticAcid,11
13.5,H3_m-Hydroxy_Phenyl_AceticAcid,11
13.75,H3_m-Hydroxy_Phenyl_AceticAcid,11
14.0,H3_m-Hydroxy_Phenyl_AceticAcid,11
14.25,H3_m-Hydroxy_Phenyl_AceticAcid,11
14.5,H3_m-Hydroxy_Phenyl_AceticAcid,11
14.75,H3_m-Hydroxy_Phenyl_AceticAcid,11
15.0,H3_m-Hydroxy_Phenyl_AceticAcid,11
15.25,H3_m-Hydroxy_Phenyl_AceticAcid,11
15.5,H3_m-Hydroxy_Phenyl_AceticAcid,11
15.75,H3_m-Hydroxy_Phenyl_AceticAcid,11
16.0,H3_m-Hydroxy_Phenyl_AceticAcid,11
16.25,H3_m-Hydroxy_Phenyl_AceticAcid,11
16.5,H3_m-Hydroxy_Phenyl_AceticAcid,11
16.75,H3_m-Hydroxy_Phenyl_AceticAcid,11
17.0,H3_m-Hydroxy_Phenyl_AceticAcid,11
17.25,H3_m-Hydroxy_Phenyl_AceticAcid,11
17.5,H3_m-Hydroxy_Phenyl_AceticAcid,11
17.75,H3_m-Hydroxy_Phenyl_AceticAcid,11
18.0,H3_m-Hydroxy_Phenyl_AceticAcid,11
18.25,H3_m-Hydroxy_Phenyl_AceticAcid,11
18.5,H3_m-Hydroxy_Phenyl_AceticAcid,11
18.75,H3_m-Hydroxy_Phenyl_AceticAcid,11
19.0,H3_m-Hydroxy_Phenyl_AceticAcid,11
19.25,H3_m-Hydroxy_Phenyl_AceticAcid,11
19.5,H3_m-Hydroxy_Phenyl_AceticAcid,11
19.75,H3_m-Hydroxy_Phenyl_AceticAcid,11
20.0,H3_m-Hydroxy_Phenyl_AceticAcid,11
20.25,H3_m-Hydroxy_Phenyl_AceticAcid,11
20.5,H3_m-Hydroxy_Phenyl_AceticAcid,11
20.75,H3_m-Hydroxy_Phenyl_AceticAcid,11
21.0,H3_m-Hydroxy_Phenyl_AceticAcid,11
21.25,H3_m-Hydroxy_Phenyl_AceticAcid,11
21.5,H3_m-Hydroxy_Phenyl_AceticAcid,11
21.75,H3_m-Hydroxy_Phenyl_AceticAcid,11
22.0,H3_m-Hydroxy_Phenyl_AceticAcid,11
22.25,H3_m-Hydroxy_Phenyl_AceticAcid,11
22.5,H3_m-Hydroxy_Phenyl_AceticAcid,11
22.75,H3_m-Hydroxy_Phenyl_AceticAcid,11
23.0,H3_m-Hydroxy_Phenyl_AceticAcid,11
23.25,H3_m-Hydroxy_Phenyl_AceticAcid,11
23.5,H3_m-Hydroxy_Phenyl_AceticAcid,11
23.75,H3_m-Hydroxy_Phenyl_AceticAcid,11
24.0,H3_m-Hydroxy_Phenyl_AceticAcid,11
24.25,H3_m-Hydroxy_Phenyl_AceticAcid,11
24.5,H3_m-Hydroxy_Phenyl_AceticAcid,11
24.75,H3_m-Hydroxy_Phenyl_AceticAcid,11
25.0,H3_m-Hydroxy_Phenyl_AceticAcid,11
25.25,H3_m-Hydroxy_Phenyl_AceticAcid,11
25.5,H3_m-Hydroxy_Phenyl_AceticAcid,11
25.75,H3_m-Hydroxy_Phenyl_AceticAcid,11
26.0,H3_m-Hydroxy_Phenyl_AceticAcid,11
26.25,H3_m-Hydroxy_Phenyl_AceticAcid,11
26.5,H3_m-Hydroxy_Phenyl_AceticAcid,11
26.75,H3_m-Hydroxy_Phenyl_AceticAcid,11
27.0,H3_m-Hydroxy_Phenyl_AceticAcid,11
27.25,H3_m-Hydroxy_Phenyl_AceticAcid,11
27.5,H3_m-Hydroxy_Phenyl_AceticAcid,11
27.75,H3_m-Hydroxy_Phenyl_AceticAcid,11
28.0,H3_m-Hydroxy_Phenyl_AceticAcid,11
28.25,H3_m-Hydroxy_Phenyl_AceticAcid,11
28.5,H3_m-Hydroxy_Phenyl_AceticAcid,11
28.75,H3_m-Hydroxy_Phenyl_AceticAcid,11
29.0,H3_m-Hydroxy_Phenyl_AceticAcid,11
29.25,H3_m-Hydroxy_Phenyl_AceticAcid,11
29.5,H3_m-Hydroxy_Phenyl_AceticAcid,11
29.75,H3_m-Hydroxy_Phenyl_AceticAcid,11
30.0,H3_m-Hydroxy_Phenyl_AceticAcid,11
30.25,H3_m-Hydroxy_Phenyl_AceticAcid,11
30.5,H3_m-Hydroxy_Phenyl_AceticAcid,11
30.75,H3_m-Hydroxy_Phenyl_AceticAcid,11
31.0,H3_m-Hydroxy_Phenyl_AceticAcid,11
31.25,H3_m-Hydroxy_Phenyl_AceticAcid,11
31.5,H3_m-Hydroxy_Phenyl_AceticAcid,11
31.75,H3_m-Hydroxy_Phenyl_AceticAcid,11
32.0,H3_m-Hydroxy_Phenyl_AceticAcid,11
32.25,H3_m-Hydroxy_Phenyl_AceticAcid,11
32.5,H3_m-Hydroxy_Phenyl_AceticAcid,11
32.75,H3_m-Hydroxy_Phenyl_AceticAcid,11
33.0,H3_m-Hydroxy_Phenyl_AceticAcid,11
33.25,H3_m-Hydroxy_Phenyl_AceticAcid,11
33.5,H3_m-Hydroxy_Phenyl_AceticAcid,11
33.75,H3_m-Hydroxy_Phenyl_AceticAcid,11
34.0,H3_m-Hydroxy_Phenyl_AceticAcid,11
34.25,H3_m-Hydroxy_Phenyl_AceticAcid,11
34.5,H3_m-Hydroxy_Phenyl_AceticAcid,11
34.75,H3_m-Hydroxy_Phenyl_AceticAcid,11
35.0,H3_m-Hydroxy_Phenyl_AceticAcid,11
35.25,H3_m-Hydroxy_Phenyl_AceticAcid,11
35.5,H3_m-Hydroxy_Phenyl_AceticAcid,11
35.75,H3_m-Hydroxy_Phenyl_AceticAcid,11
36.0,H3_m-Hydroxy_Phenyl_AceticAcid,11
36.25,H3_m-Hydroxy_Phenyl_AceticAcid,11
36.5,H3_m-Hydroxy_Phenyl_AceticAcid,11
36.75,H3_m-Hydroxy_Phenyl_AceticAcid,11
37.0,H3_m-Hydroxy_Phenyl_AceticAcid,11
37.25,H3_m-Hydroxy_Phenyl_AceticAcid,11
37.5,H3_m-Hydroxy_Phenyl_AceticAcid,11
37.75,H3_m-Hydroxy_Phenyl_AceticAcid,11
38.0,H3_m-Hydroxy_Phenyl_AceticAcid,11
38.25,H3_m-Hydroxy_Phenyl_AceticAcid,11
38.5,H3_m-Hydroxy_Phenyl_AceticAcid,12
38.75,H3_m-Hydroxy_Phenyl_AceticAcid,11
39.0,H3_m-Hydroxy_Phenyl_AceticAcid,11
39.25,H3_m-Hydroxy_Phenyl_AceticAcid,11
39.5,H3_m-Hydroxy_Phenyl_AceticAcid,11
39.75,H3_m-Hydroxy_Phenyl_AceticAcid,11
40.0,H3_m-Hydroxy_Phenyl_AceticAcid,11
40.25,H3_m-Hydroxy_Phenyl_AceticAcid,11
40.5,H3_m-Hydroxy_Phenyl_AceticAcid,11
40.75,H3_m-Hydroxy_Phenyl_AceticAcid,11
41.0,H3_m-Hydroxy_Phenyl_AceticAcid,11
41.25,H3_m-Hydroxy_Phenyl_AceticAcid,11
41.5,H3_m-Hydroxy_Phenyl_AceticAcid,11
41.75,H3_m-Hydroxy_Phenyl_AceticAcid,11
42.0,H3_m-Hydroxy_Phenyl_AceticAcid,11
42.25,H3_m-Hydroxy_Phenyl_AceticAcid,11
42.5,H3_m-Hydroxy_Phenyl_AceticAcid,11
42.75,H3_m-Hydroxy_Phenyl_AceticAcid,11
43.0,H3_m-Hydroxy_Phenyl_AceticAcid,11
43.25,H3_m-Hydroxy_Phenyl_AceticAcid,11
43.5,H3_m-Hydroxy_Phenyl_AceticAcid,11
43.75,H3_m-Hydroxy_Phenyl_AceticAcid,11
44.0,H3_m-Hydroxy_Phenyl_AceticAcid,11
44.25,H3_m-Hydroxy_Phenyl_AceticAcid,11
44.5,H3_m-Hydroxy_Phenyl_AceticAcid,13
44.75,H3_m-Hydroxy_Phenyl_AceticAcid,11
45.0,H3_m-Hydroxy_Phenyl_AceticAcid,11
45.25,H3_m-Hydroxy_Phenyl_AceticAcid,11
45.5,H3_m-Hydroxy_Phenyl_AceticAcid,14
45.75,H3_m-Hydroxy_Phenyl_AceticAcid,11
46.0,H3_m-Hydroxy_Phenyl_AceticAcid,11
46.25,H3_m-Hydroxy_Phenyl_AceticAcid,11
46.5,H3_m-Hydroxy_Phenyl_AceticAcid,11
46.75,H3_m-Hydroxy_Phenyl_AceticAcid,11
47.0,H3_m-Hydroxy_Phenyl_AceticAcid,11
47.25,H3_m-Hydroxy_Phenyl_AceticAcid,12
47.5,H3_m-Hydroxy_Phenyl_AceticAcid,12
47.75,H3_m-Hydroxy_Phenyl_AceticAcid,12
48.0,H3_m-Hydroxy_Phenyl_AceticAcid,11
48.25,H3_m-Hydroxy_Phenyl_AceticAcid,11
0.0,H4_Tyramine,11
0.25,H4_Tyramine,11
0.5,H4_Tyramine,12
0.75,H4_Tyramine,11
1.0,H4_Tyramine,11
1.25,H4_Tyramine,11
1.5,H4_Tyramine,11
1.75,H4_Tyramine,11
2.0,H4_Tyramine,11
2.25,H4_Tyramine,11
2.5,H4_Tyramine,11
2.75,H4_Tyramine,11
3.0,H4_Tyramine,11
3.25,H4_Tyramine,11
3.5,H4_Tyramine,11
3.75,H4_Tyramine,11
4.0,H4_Tyramine,11
4.25,H4_Tyramine,11
4.5,H4_Tyramine,11
4.75,H4_Tyramine,11
5.0,H4_Tyramine,11
5.25,H4_Tyramine,11
5.5,H4_Tyramine,11
5.75,H4_Tyramine,11
6.0,H4_Tyramine,11
6.25,H4_Tyramine,11
6.5,H4_Tyramine,11
6.75,H4_Tyramine,11
7.0,H4_Tyramine,11
7.25,H4_Tyramine,11
7.5,H4_Tyramine,11
7.75,H4_Tyramine,11
8.0,H4_Tyramine,11
8.25,H4_Tyramine,11
8.5,H4_Tyramine,11
8.75,H4_Tyramine,11
9.0,H4_Tyramine,11
9.25,H4_Tyramine,11
9.5,H4_Tyramine,11
9.75,H4_Tyramine,11
10.0,H4_Tyramine,11
10.25,H4_Tyramine,11
10.5,H4_Tyramine,11
10.75,H4_Tyramine,11
11.0,H4_Tyramine,11
11.25,H4_Tyramine,11
11.5,H4_Tyramine,11
11.75,H4_Tyramine,11
12.0,H4_Tyramine,11
12.25,H4_Tyramine,11
12.5,H4_Tyramine,11
12.75,H4_Tyramine,11
13.0,H4_Tyramine,11
13.25,H4_Tyramine,11
13.5,H4_Tyramine,11
13.75,H4_Tyramine,13
14.0,H4_Tyramine,11
14.25,H4_Tyramine,11
14.5,H4_Tyramine,11
14.75,H4_Tyramine,12
15.0,H4_Tyramine,12
15.25,H4_Tyramine,11
15.5,H4_Tyramine,11
15.75,H4_Tyramine,13
16.0,H4_Tyramine,11
16.25,H4_Tyramine,14
16.5,H4_Tyramine,11
16.75,H4_Tyramine,11
17.0,H4_Tyramine,11
17.25,H4_Tyramine,11
17.5,H4_Tyramine,11
17.75,H4_Tyramine,11
18.0,H4_Tyramine,11
18.25,H4_Tyramine,11
18.5,H4_Tyramine,11
18.75,H4_Tyramine,11
19.0,H4_Tyramine,11
19.25,H4_Tyramine,14
19.5,H4_Tyramine,11
19.75,H4_Tyramine,11
20.0,H4_Tyramine,11
20.25,H4_Tyramine,13
20.5,H4_Tyramine,16
20.75,H4_Tyramine,11
21.0,H4_Tyramine,12
21.25,H4_Tyramine,11
21.5,H4_Tyramine,14
21.75,H4_Tyramine,11
22.0,H4_Tyramine,11
22.25,H4_Tyramine,11
22.5,H4_Tyramine,14
22.75,H4_Tyramine,13
23.0,H4_Tyramine,11
23.25,H4_Tyramine,11
23.5,H4_Tyramine,14
23.75,H4_Tyramine,11
24.0,H4_Tyramine,11
24.25,H4_Tyramine,12
24.5,H4_Tyramine,11
24.75,H4_Tyramine,13
25.0,H4_Tyramine,11
25.25,H4_Tyramine,11
25.5,H4_Tyramine,11
25.75,H4_Tyramine,11
26.0,H4_Tyramine,11
26.25,H4_Tyramine,11
26.5,H4_Tyramine,11
26.75,H4_Tyramine,11
27.0,H4_Tyramine,14
27.25,H4_Tyramine,11
27.5,H4_Tyramine,13
27.75,H4_Tyramine,11
28.0,H4_Tyramine,11
28.25,H4_Tyramine,11
28.5,H4_Tyramine,12
28.75,H4_Tyramine,11
29.0,H4_Tyramine,11
29.25,H4_Tyramine,11
29.5,H4_Tyramine,11
29.75,H4_Tyramine,11
30.0,H4_Tyramine,11
30.25,H4_Tyramine,11
30.5,H4_Tyramine,11
30.75,H4_Tyramine,11
31.0,H4_Tyramine,11
31.25,H4_Tyramine,11
31.5,H4_Tyramine,11
31.75,H4_Tyramine,11
32.0,H4_Tyramine,11
32.25,H4_Tyramine,11
32.5,H4_Tyramine,11
32.75,H4_Tyramine,11
33.0,H4_Tyramine,11
33.25,H4_Tyramine,11
33.5,H4_Tyramine,11
33.75,H4_Tyramine,11
34.0,H4_Tyramine,11
34.25,H4_Tyramine,11
34.5,H4_Tyramine,11
34.75,H4_Tyramine,11
35.0,H4_Tyramine,11
35.25,H4_Tyramine,11
35.5,H4_Tyramine,11
35.75,H4_Tyramine,11
36.0,H4_Tyramine,11
36.25,H4_Tyramine,11
36.5,H4_Tyramine,11
36.75,H4_Tyramine,11
37.0,H4_Tyramine,11
37.25,H4_Tyramine,11
37.5,H4_Tyramine,11
37.75,H4_Tyramine,11
38.0,H4_Tyramine,11
38.25,H4_Tyramine,11
38.5,H4_Tyramine,11
38.75,H4_Tyramine,11
39.0,H4_Tyramine,11
39.25,H4_Tyramine,11
39.5,H4_Tyramine,11
39.75,H4_Tyramine,11
40.0,H4_Tyramine,11
40.25,H4_Tyramine,11
40.5,H4_Tyramine,11
40.75,H4_Tyramine,13
41.0,H4_Tyramine,11
41.25,H4_Tyramine,11
41.5,H4_Tyramine,11
41.75,H4_Tyramine,11
42.0,H4_Tyramine,11
42.25,H4_Tyramine,11
42.5,H4_Tyramine,16
42.75,H4_Tyramine,11
43.0,H4_Tyramine,11
43.25,H4_Tyramine,11
43.5,H4_Tyramine,11
43.75,H4_Tyramine,11
44.0,H4_Tyramine,11
44.25,H4_Tyramine,11
44.5,H4_Tyramine,11
44.75,H4_Tyramine,11
45.0,H4_Tyramine,14
45.25,H4_Tyramine,11
45.5,H4_Tyramine,11
45.75,H4_Tyramine,13
46.0,H4_Tyramine,11
46.25,H4_Tyramine,12
46.5,H4_Tyramine,11
46.75,H4_Tyramine,11
47.0,H4_Tyramine,11
47.25,H4_Tyramine,11
47.5,H4_Tyramine,11
47.75,H4_Tyramine,11
48.0,H4_Tyramine,11
48.25,H4_Tyramine,11
0.0,H5_D-Psicose,11
0.25,H5_D-Psicose,11
0.5,H5_D-Psicose,11
0.75,H5_D-Psicose,11
1.0,H5_D-Psicose,11
1.25,H5_D-Psicose,11
1.5,H5_D-Psicose,11
1.75,H5_D-Psicose,11
2.0,H5_D-Psicose,11
2.25,H5_D-Psicose,11
2.5,H5_D-Psicose,11
2.75,H5_D-Psicose,11
3.0,H5_D-Psicose,11
3.25,H5_D-Psicose,11
3.5,H5_D-Psicose,11
3.75,H5_D-Psicose,11
4.0,H5_D-Psicose,11
4.25,H5_D-Psicose,11
4.5,H5_D-Psicose,11
4.75,H5_D-Psicose,11
5.0,H5_D-Psicose,11
5.25,H5_D-Psicose,11
5.5,H5_D-Psicose,11
5.75,H5_D-Psicose,11
6.0,H5_D-Psicose,11
6.25,H5_D-Psicose,11
6.5,H5_D-Psicose,11
6.75,H5_D-Psicose,11
7.0,H5_D-Psicose,11
7.25,H5_D-Psicose,11
7.5,H5_D-Psicose,11
7.75,H5_D-Psicose,11
8.0,H5_D-Psicose,11
8.25,H5_D-Psicose,11
8.5,H5_D-Psicose,11
8.75,H5_D-Psicose,11
9.0,H5_D-Psicose,11
9.25,H5_D-Psicose,11
9.5,H5_D-Psicose,11
9.75,H5_D-Psicose,11
10.0,H5_D-Psicose,11
10.25,H5_D-Psicose,11
10.5,H5_D-Psicose,11
10.75,H5_D-Psicose,11
11.0,H5_D-Psicose,11
11.25,H5_D-Psicose,11
11.5,H5_D-Psicose,11
11.75,H5_D-Psicose,11
12.0,H5_D-Psicose,11
12.25,H5_D-Psicose,11
12.5,H5_D-Psicose,11
12.75,H5_D-Psicose,11
13.0,H5_D-Psicose,11
13.25,H5_D-Psicose,11
13.5,H5_D-Psicose,11
13.75,H5_D-Psicose,11
14.0,H5_D-Psicose,11
14.25,H5_D-Psicose,11
14.5,H5_D-Psicose,11
14.75,H5_D-Psicose,11
15.0,H5_D-Psicose,11
15.25,H5_D-Psicose,11
15.5,H5_D-Psicose,11
15.75,H5_D-Psicose,12
16.0,H5_D-Psicose,11
16.25,H5_D-Psicose,11
16.5,H5_D-Psicose,11
16.75,H5_D-Psicose,11
17.0,H5_D-Psicose,11
17.25,H5_D-Psicose,11
17.5,H5_D-Psicose,11
17.75,H5_D-Psicose,11
18.0,H5_D-Psicose,11
18.25,H5_D-Psicose,11
18.5,H5_D-Psicose,11
18.75,H5_D-Psicose,11
19.0,H5_D-Psicose,11
19.25,H5_D-Psicose,11
19.5,H5_D-Psicose,11
19.75,H5_D-Psicose,11
20.0,H5_D-Psicose,11
20.25,H5_D-Psicose,11
20.5,H5_D-Psicose,11
20.75,H5_D-Psicose,11
21.0,H5_D-Psicose,11
21.25,H5_D-Psicose,11
21.5,H5_D-Psicose,11
21.75,H5_D-Psicose,11
22.0,H5_D-Psicose,11
22.25,H5_D-Psicose,11
22.5,H5_D-Psicose,11
22.75,H5_D-Psicose,11
23.0,H5_D-Psicose,11
23.25,H5_D-Psicose,11
23.5,H5_D-Psicose,11
23.75,H5_D-Psicose,11
24.0,H5_D-Psicose,12
24.25,H5_D-Psicose,11
24.5,H5_D-Psicose,11
24.75,H5_D-Psicose,11
25.0,H5_D-Psicose,11
25.25,H5_D-Psicose,11
25.5,H5_D-Psicose,11
25.75,H5_D-Psicose,11
26.0,H5_D-Psicose,11
26.25,H5_D-Psicose,11
26.5,H5_D-Psicose,11
26.75,H5_D-Psicose,12
27.0,H5_D-Psicose,11
27.25,H5_D-Psicose,11
27.5,H5_D-Psicose,11
27.75,H5_D-Psicose,11
28.0,H5_D-Psicose,11
28.25,H5_D-Psicose,11
28.5,H5_D-Psicose,13
28.75,H5_D-Psicose,11
29.0,H5_D-Psicose,11
29.25,H5_D-Psicose,11
29.5,H5_D-Psicose,11
29.75,H5_D-Psicose,11
30.0,H5_D-Psicose,11
30.25,H5_D-Psicose,11
30.5,H5_D-Psicose,11
30.75,H5_D-Psicose,11
31.0,H5_D-Psicose,11
31.25,H5_D-Psicose,11
31.5,H5_D-Psicose,11
31.75,H5_D-Psicose,12
32.0,H5_D-Psicose,11
32.25,H5_D-Psicose,11
32.5,H5_D-Psicose,11
32.75,H5_D-Psicose,11
33.0,H5_D-Psicose,11
33.25,H5_D-Psicose,11
33.5,H5_D-Psicose,11
33.75,H5_D-Psicose,11
34.0,H5_D-Psicose,11
34.25,H5_D-Psicose,11
34.5,H5_D-Psicose,13
34.75,H5_D-Psicose,11
35.0,H5_D-Psicose,11
35.25,H5_D-Psicose,11
35.5,H5_D-Psicose,11
35.75,H5_D-Psicose,11
36.0,H5_D-Psicose,11
36.25,H5_D-Psicose,11
36.5,H5_D-Psicose,11
36.75,H5_D-Psicose,11
37.0,H5_D-Psicose,11
37.25,H5_D-Psicose,11
37.5,H5_D-Psicose,11
37.75,H5_D-Psicose,11
38.0,H5_D-Psicose,11
38.25,H5_D-Psicose,11
38.5,H5_D-Psicose,11
38.75,H5_D-Psicose,11
39.0,H5_D-Psicose,11
39.25,H5_D-Psicose,11
39.5,H5_D-Psicose,11
39.75,H5_D-Psicose,11
40.0,H5_D-Psicose,11
40.25,H5_D-Psicose,11
40.5,H5_D-Psicose,11
40.75,H5_D-Psicose,11
41.0,H5_D-Psicose,12
41.25,H5_D-Psicose,11
41.5,H5_D-Psicose,11
41.75,H5_D-Psicose,11
42.0,H5_D-Psicose,11
42.25,H5_D-Psicose,11
42.5,H5_D-Psicose,11
42.75,H5_D-Psicose,12
43.0,H5_D-Psicose,11
43.25,H5_D-Psicose,11
43.5,H5_D-Psicose,11
43.75,H5_D-Psicose,12
44.0,H5_D-Psicose,11
44.25,H5_D-Psicose,11
44.5,H5_D-Psicose,11
44.75,H5_D-Psicose,11
45.0,H5_D-Psicose,11
45.25,H5_D-Psicose,11
45.5,H5_D-Psicose,11
45.75,H5_D-Psicose,11
46.0,H5_D-Psicose,11
46.25,H5_D-Psicose,11
46.5,H5_D-Psicose,11
46.75,H5_D-Psicose,11
47.0,H5_D-Psicose,11
47.25,H5_D-Psicose,11
47.5,H5_D-Psicose,11
47.75,H5_D-Psicose,11
48.0,H5_D-Psicose,11
48.25,H5_D-Psicose,11
0.0,H6_L-Lyxose,24
0.25,H6_L-Lyxose,27
0.5,H6_L-Lyxose,30
0.75,H6_L-Lyxose,29
1.0,H6_L-Lyxose,24
1.25,H6_L-Lyxose,27
1.5,H6_L-Lyxose,26
1.75,H6_L-Lyxose,25
2.0,H6_L-Lyxose,28
2.25,H6_L-Lyxose,26
2.5,H6_L-Lyxose,34
2.75,H6_L-Lyxose,26
3.0,H6_L-Lyxose,26
3.25,H6_L-Lyxose,24
3.5,H6_L-Lyxose,27
3.75,H6_L-Lyxose,32
4.0,H6_L-Lyxose,29
4.25,H6_L-Lyxose,29
4.5,H6_L-Lyxose,29
4.75,H6_L-Lyxose,31
5.0,H6_L-Lyxose,28
5.25,H6_L-Lyxose,30
5.5,H6_L-Lyxose,31
5.75,H6_L-Lyxose,28
6.0,H6_L-Lyxose,30
6.25,H6_L-Lyxose,24
6.5,H6_L-Lyxose,32
6.75,H6_L-Lyxose,30
7.0,H6_L-Lyxose,31
7.25,H6_L-Lyxose,33
7.5,H6_L-Lyxose,32
7.75,H6_L-Lyxose,30
8.0,H6_L-Lyxose,30
8.25,H6_L-Lyxose,30
8.5,H6_L-Lyxose,32
8.75,H6_L-Lyxose,31
9.0,H6_L-Lyxose,30
9.25,H6_L-Lyxose,32
9.5,H6_L-Lyxose,28
9.75,H6_L-Lyxose,28
10.0,H6_L-Lyxose,31
10.25,H6_L-Lyxose,33
10.5,H6_L-Lyxose,33
10.75,H6_L-Lyxose,34
11.0,H6_L-Lyxose,28
11.25,H6_L-Lyxose,34
11.5,H6_L-Lyxose,37
11.75,H6_L-Lyxose,37
12.0,H6_L-Lyxose,32
12.25,H6_L-Lyxose,33
12.5,H6_L-Lyxose,33
12.75,H6_L-Lyxose,27
13.0,H6_L-Lyxose,33
13.25,H6_L-Lyxose,36
13.5,H6_L-Lyxose,33
13.75,H6_L-Lyxose,38
14.0,H6_L-Lyxose,32
14.25,H6_L-Lyxose,37
14.5,H6_L-Lyxose,34
14.75,H6_L-Lyxose,39
15.0,H6_L-Lyxose,36
15.25,H6_L-Lyxose,33
15.5,H6_L-Lyxose,38
15.75,H6_L-Lyxose,34
16.0,H6_L-Lyxose,37
16.25,H6_L-Lyxose,39
16.5,H6_L-Lyxose,32
16.75,H6_L-Lyxose,34
17.0,H6_L-Lyxose,34
17.25,H6_L-Lyxose,40
17.5,H6_L-Lyxose,35
17.75,H6_L-Lyxose,35
18.0,H6_L-Lyxose,36
18.25,H6_L-Lyxose,36
18.5,H6_L-Lyxose,31
18.75,H6_L-Lyxose,38
19.0,H6_L-Lyxose,33
19.25,H6_L-Lyxose,37
19.5,H6_L-Lyxose,35
19.75,H6_L-Lyxose,34
20.0,H6_L-Lyxose,35
20.25,H6_L-Lyxose,40
20.5,H6_L-Lyxose,38
20.75,H6_L-Lyxose,37
21.0,H6_L-Lyxose,34
21.25,H6_L-Lyxose,36
21.5,H6_L-Lyxose,38
21.75,H6_L-Lyxose,35
22.0,H6_L-Lyxose,32
22.25,H6_L-Lyxose,35
22.5,H6_L-Lyxose,32
22.75,H6_L-Lyxose,36
23.0,H6_L-Lyxose,38
23.25,H6_L-Lyxose,33
23.5,H6_L-Lyxose,33
23.75,H6_L-Lyxose,37
24.0,H6_L-Lyxose,36
24.25,H6_L-Lyxose,39
24.5,H6_L-Lyxose,38
24.75,H6_L-Lyxose,37
25.0,H6_L-Lyxose,34
25.25,H6_L-Lyxose,37
25.5,H6_L-Lyxose,39
25.75,H6_L-Lyxose,37
26.0,H6_L-Lyxose,38
26.25,H6_L-Lyxose,35
26.5,H6_L-Lyxose,36
26.75,H6_L-Lyxose,34
27.0,H6_L-Lyxose,36
27.25,H6_L-Lyxose,32
27.5,H6_L-Lyxose,39
27.75,H6_L-Lyxose,36
28.0,H6_L-Lyxose,44
28.25,H6_L-Lyxose,35
28.5,H6_L-Lyxose,36
28.75,H6_L-Lyxose,37
29.0,H6_L-Lyxose,37
29.25,H6_L-Lyxose,36
29.5,H6_L-Lyxose,39
29.75,H6_L-Lyxose,33
30.0,H6_L-Lyxose,37
30.25,H6_L-Lyxose,35
30.5,H6_L-Lyxose,36
30.75,H6_L-Lyxose,41
31.0,H6_L-Lyxose,32
31.25,H6_L-Lyxose,43
31.5,H6_L-Lyxose,37
31.75,H6_L-Lyxose,37
32.0,H6_L-Lyxose,42
32.25,H6_L-Lyxose,34
32.5,H6_L-Lyxose,36
32.75,H6_L-Lyxose,36
33.0,H6_L-Lyxose,36
33.25,H6_L-Lyxose,38
33.5,H6_L-Lyxose,39
33.75,H6_L-Lyxose,38
34.0,H6_L-Lyxose,37
34.25,H6_L-Lyxose,40
34.5,H6_L-Lyxose,37
34.75,H6_L-Lyxose,41
35.0,H6_L-Lyxose,38
35.25,H6_L-Lyxose,36
35.5,H6_L-Lyxose,35
35.75,H6_L-Lyxose,41
36.0,H6_L-Lyxose,35
36.25,H6_L-Lyxose,36
36.5,H6_L-Lyxose,39
36.75,H6_L-Lyxose,37
37.0,H6_L-Lyxose,40
37.25,H6_L-Lyxose,38
37.5,H6_L-Lyxose,41
37.75,H6_L-Lyxose,40
38.0,H6_L-Lyxose,39
38.25,H6_L-Lyxose,40
38.5,H6_L-Lyxose,36
38.75,H6_L-Lyxose,40
39.0,H6_L-Lyxose,39
39.25,H6_L-Lyxose,38
39.5,H6_L-Lyxose,42
39.75,H6_L-Lyxose,38
40.0,H6_L-Lyxose,39
40.25,H6_L-Lyxose,42
40.5,H6_L-Lyxose,39
40.75,H6_L-Lyxose,43
41.0,H6_L-Lyxose,43
41.25,H6_L-Lyxose,38
41.5,H6_L-Lyxose,39
41.75,H6_L-Lyxose,45
42.0,H6_L-Lyxose,39
42.25,H6_L-Lyxose,41
42.5,H6_L-Lyxose,36
42.75,H6_L-Lyxose,40
43.0,H6_L-Lyxose,40
43.25,H6_L-Lyxose,39
43.5,H6_L-Lyxose,41
43.75,H6_L-Lyxose,41
44.0,H6_L-Lyxose,38
44.25,H6_L-Lyxose,39
44.5,H6_L-Lyxose,40
44.75,H6_L-Lyxose,39
45.0,H6_L-Lyxose,43
45.25,H6_L-Lyxose,40
45.5,H6_L-Lyxose,41
45.75,H6_L-Lyxose,38
46.0,H6_L-Lyxose,46
46.25,H6_L-Lyxose,43
46.5,H6_L-Lyxose,42
46.75,H6_L-Lyxose,40
47.0,H6_L-Lyxose,40
47.25,H6_L-Lyxose,39
47.5,H6_L-Lyxose,43
47.75,H6_L-Lyxose,40
48.0,H6_L-Lyxose,39
48.25,H6_L-Lyxose,42
0.0,H7_Glucuronamide,11
0.25,H7_Glucuronamide,11
0.5,H7_Glucuronamide,11
0.75,H7_Glucuronamide,11
1.0,H7_Glucuronamide,11
1.25,H7_Glucuronamide,11
1.5,H7_Glucuronamide,11
1.75,H7_Glucuronamide,11
2.0,H7_Glucuronamide,11
2.25,H7_Glucuronamide,11
2.5,H7_Glucuronamide,11
2.75,H7_Glucuronamide,11
3.0,H7_Glucuronamide,11
3.25,H7_Glucuronamide,11
3.5,H7_Glucuronamide,11
3.75,H7_Glucuronamide,11
4.0,H7_Glucuronamide,11
4.25,H7_Glucuronamide,11
4.5,H7_Glucuronamide,11
4.75,H7_Glucuronamide,11
5.0,H7_Glucuronamide,11
5.25,H7_Glucuronamide,11
5.5,H7_Glucuronamide,11
5.75,H7_Glucuronamide,11
6.0,H7_Glucuronamide,11
6.25,H7_Glucuronamide,11
6.5,H7_Glucuronamide,11
6.75,H7_Glucuronamide,11
7.0,H7_Glucuronamide,11
7.25,H7_Glucuronamide,11
7.5,H7_Glucuronamide,11
7.75,H7_Glucuronamide,11
8.0,H7_Glucuronamide,11
8.25,H7_Glucuronamide,11
8.5,H7_Glucuronamide,11
8.75,H7_Glucuronamide,11
9.0,H7_Glucuronamide,11
9.25,H7_Glucuronamide,11
9.5,H7_Glucuronamide,11
9.75,H7_Glucuronamide,11
10.0,H7_Glucuronamide,11
10.25,H7_Glucuronamide,11
10.5,H7_Glucuronamide,11
10.75,H7_Glucuronamide,11
11.0,H7_Glucuronamide,11
11.25,H7_Glucuronamide,11
11.5,H7_Glucuronamide,11
11.75,H7_Glucuronamide,11
12.0,H7_Glucuronamide,11
12.25,H7_Glucuronamide,11
12.5,H7_Glucuronamide,11
12.75,H7_Glucuronamide,11
13.0,H7_Glucuronamide,11
13.25,H7_Glucuronamide,11
13.5,H7_Glucuronamide,11
13.75,H7_Glucuronamide,11
14.0,H7_Glucuronamide,11
14.25,H7_Glucuronamide,11
14.5,H7_Glucuronamide,11
14.75,H7_Glucuronamide,11
15.0,H7_Glucuronamide,11
15.25,H7_Glucuronamide,11
15.5,H7_Glucuronamide,11
15.75,H7_Glucuronamide,11
16.0,H7_Glucuronamide,11
16.25,H7_Glucuronamide,11
16.5,H7_Glucuronamide,11
16.75,H7_Glucuronamide,11
17.0,H7_Glucuronamide,11
17.25,H7_Glucuronamide,11
17.5,H7_Glucuronamide,11
17.75,H7_Glucuronamide,11
18.0,H7_Glucuronamide,11
18.25,H7_Glucuronamide,11
18.5,H7_Glucuronamide,11
18.75,H7_Glucuronamide,11
19.0,H7_Glucuronamide,11
19.25,H7_Glucuronamide,11
19.5,H7_Glucuronamide,11
19.75,H7_Glucuronamide,11
20.0,H7_Glucuronamide,11
20.25,H7_Glucuronamide,11
20.5,H7_Glucuronamide,11
20.75,H7_Glucuronamide,11
21.0,H7_Glucuronamide,11
21.25,H7_Glucuronamide,11
21.5,H7_Glucuronamide,11
21.75,H7_Glucuronamide,11
22.0,H7_Glucuronamide,11
22.25,H7_Glucuronamide,11
22.5,H7_Glucuronamide,11
22.75,H7_Glucuronamide,11
23.0,H7_Glucuronamide,11
23.25,H7_Glucuronamide,11
23.5,H7_Glucuronamide,11
23.75,H7_Glucuronamide,11
24.0,H7_Glucuronamide,11
24.25,H7_Glucuronamide,11
24.5,H7_Glucuronamide,11
24.75,H7_Glucuronamide,11
25.0,H7_Glucuronamide,11
25.25,H7_Glucuronamide,11
25.5,H7_Glucuronamide,11
25.75,H7_Glucuronamide,11
26.0,H7_Glucuronamide,11
26.25,H7_Glucuronamide,11
26.5,H7_Glucuronamide,11
26.75,H7_Glucuronamide,11
27.0,H7_Glucuronamide,11
27.25,H7_Glucuronamide,11
27.5,H7_Glucuronamide,11
27.75,H7_Glucuronamide,11
28.0,H7_Glucuronamide,11
28.25,H7_Glucuronamide,11
28.5,H7_Glucuronamide,11
28.75,H7_Glucuronamide,11
29.0,H7_Glucuronamide,11
29.25,H7_Glucuronamide,11
29.5,H7_Glucuronamide,11
29.75,H7_Glucuronamide,11
30.0,H7_Glucuronamide,11
30.25,H7_Glucuronamide,11
30.5,H7_Glucuronamide,11
30.75,H7_Glucuronamide,11
31.0,H7_Glucuronamide,11
31.25,H7_Glucuronamide,11
31.5,H7_Glucuronamide,11
31.75,H7_Glucuronamide,11
32.0,H7_Glucuronamide,11
32.25,H7_Glucuronamide,11
32.5,H7_Glucuronamide,11
32.75,H7_Glucuronamide,11
33.0,H7_Glucuronamide,11
33.25,H7_Glucuronamide,11
33.5,H7_Glucuronamide,11
33.75,H7_Glucuronamide,11
34.0,H7_Glucuronamide,11
34.25,H7_Glucuronamide,11
34.5,H7_Glucuronamide,11
34.75,H7_Glucuronamide,11
35.0,H7_Glucuronamide,11
35.25,H7_Glucuronamide,11
35.5,H7_Glucuronamide,11
35.75,H7_Glucuronamide,11
36.0,H7_Glucuronamide,11
36.25,H7_Glucuronamide,11
36.5,H7_Glucuronamide,11
36.75,H7_Glucuronamide,11
37.0,H7_Glucuronamide,11
37.25,H7_Glucuronamide,11
37.5,H7_Glucuronamide,11
37.75,H7_Glucuronamide,11
38.0,H7_Glucuronamide,11
38.25,H7_Glucuronamide,11
38.5,H7_Glucuronamide,11
38.75,H7_Glucuronamide,11
39.0,H7_Glucuronamide,11
39.25,H7_Glucuronamide,11
39.5,H7_Glucuronamide,11
39.75,H7_Glucuronamide,11
40.0,H7_Glucuronamide,11
40.25,H7_Glucuronamide,11
40.5,H7_Glucuronamide,11
40.75,H7_Glucuronamide,11
41.0,H7_Glucuronamide,11
41.25,H7_Glucuronamide,11
41.5,H7_Glucuronamide,11
41.75,H7_Glucuronamide,11
42.0,H7_Glucuronamide,11
42.25,H7_Glucuronamide,11
42.5,H7_Glucuronamide,11
42.75,H7_Glucuronamide,11
43.0,H7_Glucuronamide,11
43.25,H7_Glucuronamide,11
43.5,H7_Glucuronamide,11
43.75,H7_Glucuronamide,11
44.0,H7_Glucuronamide,11
44.25,H7_Glucuronamide,11
44.5,H7_Glucuronamide,11
44.75,H7_Glucuronamide,11
45.0,H7_Glucuronamide,12
45.25,H7_Glucuronamide,11
45.5,H7_Glucuronamide,11
45.75,H7_Glucuronamide,11
46.0,H7_Glucuronamide,11
46.25,H7_Glucuronamide,11
46.5,H7_Glucuronamide,11
46.75,H7_Glucuronamide,12
47.0,H7_Glucuronamide,11
47.25,H7_Glucuronamide,11
47.5,H7_Glucuronamide,11
47.75,H7_Glucuronamide,11
48.0,H7_Glucuronamide,11
48.25,H7_Glucuronamide,13
0.0,H8_Pyruvic_Acid,11
0.25,H8_Pyruvic_Acid,11
0.5,H8_Pyruvic_Acid,11
0.75,H8_Pyruvic_Acid,11
1.0,H8_Pyruvic_Acid,11
1.25,H8_Pyruvic_Acid,11
1.5,H8_Pyruvic_Acid,11
1.75,H8_Pyruvic_Acid,11
2.0,H8_Pyruvic_Acid,11
2.25,H8_Pyruvic_Acid,11
2.5,H8_Pyruvic_Acid,11
2.75,H8_Pyruvic_Acid,11
3.0,H8_Pyruvic_Acid,11
3.25,H8_Pyruvic_Acid,11
3.5,H8_Pyruvic_Acid,11
3.75,H8_Pyruvic_Acid,11
4.0,H8_Pyruvic_Acid,11
4.25,H8_Pyruvic_Acid,11
4.5,H8_Pyruvic_Acid,11
4.75,H8_Pyruvic_Acid,11
5.0,H8_Pyruvic_Acid,11
5.25,H8_Pyruvic_Acid,11
5.5,H8_Pyruvic_Acid,11
5.75,H8_Pyruvic_Acid,11
6.0,H8_Pyruvic_Acid,11
6.25,H8_Pyruvic_Acid,11
6.5,H8_Pyruvic_Acid,11
6.75,H8_Pyruvic_Acid,11
7.0,H8_Pyruvic_Acid,11
7.25,H8_Pyruvic_Acid,11
7.5,H8_Pyruvic_Acid,11
7.75,H8_Pyruvic_Acid,11
8.0,H8_Pyruvic_Acid,11
8.25,H8_Pyruvic_Acid,11
8.5,H8_Pyruvic_Acid,11
8.75,H8_Pyruvic_Acid,11
9.0,H8_Pyruvic_Acid,11
9.25,H8_Pyruvic_Acid,11
9.5,H8_Pyruvic_Acid,11
9.75,H8_Pyruvic_Acid,11
10.0,H8_Pyruvic_Acid,11
10.25,H8_Pyruvic_Acid,11
10.5,H8_Pyruvic_Acid,11
10.75,H8_Pyruvic_Acid,11
11.0,H8_Pyruvic_Acid,11
11.25,H8_Pyruvic_Acid,11
11.5,H8_Pyruvic_Acid,11
11.75,H8_Pyruvic_Acid,12
12.0,H8_Pyruvic_Acid,11
12.25,H8_Pyruvic_Acid,11
12.5,H8_Pyruvic_Acid,11
12.75,H8_Pyruvic_Acid,11
13.0,H8_Pyruvic_Acid,12
13.25,H8_Pyruvic_Acid,11
13.5,H8_Pyruvic_Acid,11
13.75,H8_Pyruvic_Acid,13
14.0,H8_Pyruvic_Acid,13
14.25,H8_Pyruvic_Acid,13
14.5,H8_Pyruvic_Acid,13
14.75,H8_Pyruvic_Acid,12
15.0,H8_Pyruvic_Acid,14
15.25,H8_Pyruvic_Acid,12
15.5,H8_Pyruvic_Acid,13
15.75,H8_Pyruvic_Acid,13
16.0,H8_Pyruvic_Acid,13
16.25,H8_Pyruvic_Acid,14
16.5,H8_Pyruvic_Acid,11
16.75,H8_Pyruvic_Acid,17
17.0,H8_Pyruvic_Acid,12
17.25,H8_Pyruvic_Acid,17
17.5,H8_Pyruvic_Acid,11
17.75,H8_Pyruvic_Acid,11
18.0,H8_Pyruvic_Acid,11
18.25,H8_Pyruvic_Acid,13
18.5,H8_Pyruvic_Acid,15
18.75,H8_Pyruvic_Acid,12
19.0,H8_Pyruvic_Acid,14
19.25,H8_Pyruvic_Acid,12
19.5,H8_Pyruvic_Acid,13
19.75,H8_Pyruvic_Acid,13
20.0,H8_Pyruvic_Acid,18
20.25,H8_Pyruvic_Acid,14
20.5,H8_Pyruvic_Acid,15
20.75,H8_Pyruvic_Acid,16
21.0,H8_Pyruvic_Acid,18
21.25,H8_Pyruvic_Acid,16
21.5,H8_Pyruvic_Acid,14
21.75,H8_Pyruvic_Acid,16
22.0,H8_Pyruvic_Acid,16
22.25,H8_Pyruvic_Acid,18
22.5,H8_Pyruvic_Acid,16
22.75,H8_Pyruvic_Acid,15
23.0,H8_Pyruvic_Acid,17
23.25,H8_Pyruvic_Acid,16
23.5,H8_Pyruvic_Acid,15
23.75,H8_Pyruvic_Acid,17
24.0,H8_Pyruvic_Acid,15
24.25,H8_Pyruvic_Acid,19
24.5,H8_Pyruvic_Acid,14
24.75,H8_Pyruvic_Acid,16
25.0,H8_Pyruvic_Acid,15
25.25,H8_Pyruvic_Acid,16
25.5,H8_Pyruvic_Acid,14
25.75,H8_Pyruvic_Acid,16
26.0,H8_Pyruvic_Acid,15
26.25,H8_Pyruvic_Acid,18
26.5,H8_Pyruvic_Acid,13
26.75,H8_Pyruvic_Acid,14
27.0,H8_Pyruvic_Acid,16
27.25,H8_Pyruvic_Acid,14
27.5,H8_Pyruvic_Acid,12
27.75,H8_Pyruvic_Acid,16
28.0,H8_Pyruvic_Acid,14
28.25,H8_Pyruvic_Acid,15
28.5,H8_Pyruvic_Acid,14
28.75,H8_Pyruvic_Acid,16
29.0,H8_Pyruvic_Acid,16
29.25,H8_Pyruvic_Acid,16
29.5,H8_Pyruvic_Acid,16
29.75,H8_Pyruvic_Acid,14
30.0,H8_Pyruvic_Acid,17
30.25,H8_Pyruvic_Acid,14
30.5,H8_Pyruvic_Acid,18
30.75,H8_Pyruvic_Acid,16
31.0,H8_Pyruvic_Acid,16
31.25,H8_Pyruvic_Acid,18
31.5,H8_Pyruvic_Acid,18
31.75,H8_Pyruvic_Acid,15
32.0,H8_Pyruvic_Acid,15
32.25,H8_Pyruvic_Acid,19
32.5,H8_Pyruvic_Acid,17
32.75,H8_Pyruvic_Acid,11
33.0,H8_Pyruvic_Acid,18
33.25,H8_Pyruvic_Acid,11
33.5,H8_Pyruvic_Acid,11
33.75,H8_Pyruvic_Acid,18
34.0,H8_Pyruvic_Acid,16
34.25,H8_Pyruvic_Acid,16
34.5,H8_Pyruvic_Acid,17
34.75,H8_Pyruvic_Acid,15
35.0,H8_Pyruvic_Acid,14
35.25,H8_Pyruvic_Acid,18
35.5,H8_Pyruvic_Acid,17
35.75,H8_Pyruvic_Acid,16
36.0,H8_Pyruvic_Acid,18
36.25,H8_Pyruvic_Acid,17
36.5,H8_Pyruvic_Acid,18
36.75,H8_Pyruvic_Acid,16
37.0,H8_Pyruvic_Acid,15
37.25,H8_Pyruvic_Acid,16
37.5,H8_Pyruvic_Acid,13
37.75,H8_Pyruvic_Acid,17
38.0,H8_Pyruvic_Acid,18
38.25,H8_Pyruvic_Acid,18
38.5,H8_Pyruvic_Acid,15
38.75,H8_Pyruvic_Acid,18
39.0,H8_Pyruvic_Acid,15
39.25,H8_Pyruvic_Acid,17
39.5,H8_Pyruvic_Acid,17
39.75,H8_Pyruvic_Acid,15
40.0,H8_Pyruvic_Acid,19
40.25,H8_Pyruvic_Acid,16
40.5,H8_Pyruvic_Acid,20
40.75,H8_Pyruvic_Acid,14
41.0,H8_Pyruvic_Acid,18
41.25,H8_Pyruvic_Acid,19
41.5,H8_Pyruvic_Acid,18
41.75,H8_Pyruvic_Acid,19
42.0,H8_Pyruvic_Acid,22
42.25,H8_Pyruvic_Acid,20
42.5,H8_Pyruvic_Acid,16
42.75,H8_Pyruvic_Acid,17
43.0,H8_Pyruvic_Acid,22
43.25,H8_Pyruvic_Acid,18
43.5,H8_Pyruvic_Acid,22
43.75,H8_Pyruvic_Acid,20
44.0,H8_Pyruvic_Acid,21
44.25,H8_Pyruvic_Acid,18
44.5,H8_Pyruvic_Acid,17
44.75,H8_Pyruvic_Acid,25
45.0,H8_Pyruvic_Acid,19
45.25,H8_Pyruvic_Acid,20
45.5,H8_Pyruvic_Acid,27
45.75,H8_Pyruvic_Acid,21
46.0,H8_Pyruvic_Acid,24
46.25,H8_Pyruvic_Acid,19
46.5,H8_Pyruvic_Acid,20
46.75,H8_Pyruvic_Acid,26
47.0,H8_Pyruvic_Acid,18
47.25,H8_Pyruvic_Acid,22
47.5,H8_Pyruvic_Acid,21
47.75,H8_Pyruvic_Acid,21
48.0,H8_Pyruvic_Acid,23
48.25,H8_Pyruvic_Acid,18
0.0,H9_L-Galactonic_Acid-g-Lactone,11
0.25,H9_L-Galactonic_Acid-g-Lactone,11
0.5,H9_L-Galactonic_Acid-g-Lactone,11
0.75,H9_L-Galactonic_Acid-g-Lactone,11
1.0,H9_L-Galactonic_Acid-g-Lactone,11
1.25,H9_L-Galactonic_Acid-g-Lactone,11
1.5,H9_L-Galactonic_Acid-g-Lactone,11
1.75,H9_L-Galactonic_Acid-g-Lactone,11
2.0,H9_L-Galactonic_Acid-g-Lactone,11
2.25,H9_L-Galactonic_Acid-g-Lactone,11
2.5,H9_L-Galactonic_Acid-g-Lactone,11
2.75,H9_L-Galactonic_Acid-g-Lactone,11
3.0,H9_L-Galactonic_Acid-g-Lactone,11
3.25,H9_L-Galactonic_Acid-g-Lactone,11
3.5,H9_L-Galactonic_Acid-g-Lactone,11
3.75,H9_L-Galactonic_Acid-g-Lactone,11
4.0,H9_L-Galactonic_Acid-g-Lactone,11
4.25,H9_L-Galactonic_Acid-g-Lactone,11
4.5,H9_L-Galactonic_Acid-g-Lactone,11
4.75,H9_L-Galactonic_Acid-g-Lactone,11
5.0,H9_L-Galactonic_Acid-g-Lactone,11
5.25,H9_L-Galactonic_Acid-g-Lactone,11
5.5,H9_L-Galactonic_Acid-g-Lactone,11
5.75,H9_L-Galactonic_Acid-g-Lactone,11
6.0,H9_L-Galactonic_Acid-g-Lactone,11
6.25,H9_L-Galactonic_Acid-g-Lactone,11
6.5,H9_L-Galactonic_Acid-g-Lactone,11
6.75,H9_L-Galactonic_Acid-g-Lactone,11
7.0,H9_L-Galactonic_Acid-g-Lactone,11
7.25,H9_L-Galactonic_Acid-g-Lactone,11
7.5,H9_L-Galactonic_Acid-g-Lactone,11
7.75,H9_L-Galactonic_Acid-g-Lactone,11
8.0,H9_L-Galactonic_Acid-g-Lactone,11
8.25,H9_L-Galactonic_Acid-g-Lactone,11
8.5,H9_L-Galactonic_Acid-g-Lactone,11
8.75,H9_L-Galactonic_Acid-g-Lactone,11
9.0,H9_L-Galactonic_Acid-g-Lactone,11
9.25,H9_L-Galactonic_Acid-g-Lactone,11
9.5,H9_L-Galactonic_Acid-g-Lactone,11
9.75,H9_L-Galactonic_Acid-g-Lactone,11
10.0,H9_L-Galactonic_Acid-g-Lactone,11
10.25,H9_L-Galactonic_Acid-g-Lactone,11
10.5,H9_L-Galactonic_Acid-g-Lactone,11
10.75,H9_L-Galactonic_Acid-g-Lactone,11
11.0,H9_L-Galactonic_Acid-g-Lactone,11
11.25,H9_L-Galactonic_Acid-g-Lactone,11
11.5,H9_L-Galactonic_Acid-g-Lactone,11
11.75,H9_L-Galactonic_Acid-g-Lactone,11
12.0,H9_L-Galactonic_Acid-g-Lactone,11
12.25,H9_L-Galactonic_Acid-g-Lactone,11
12.5,H9_L-Galactonic_Acid-g-Lactone,11
12.75,H9_L-Galactonic_Acid-g-Lactone,11
13.0,H9_L-Galactonic_Acid-g-Lactone,11
13.25,H9_L-Galactonic_Acid-g-Lactone,11
13.5,H9_L-Galactonic_Acid-g-Lactone,11
13.75,H9_L-Galactonic_Acid-g-Lactone,11
14.0,H9_L-Galactonic_Acid-g-Lactone,11
14.25,H9_L-Galactonic_Acid-g-Lactone,11
14.5,H9_L-Galactonic_Acid-g-Lactone,11
14.75,H9_L-Galactonic_Acid-g-Lactone,11
15.0,H9_L-Galactonic_Acid-g-Lactone,11
15.25,H9_L-Galactonic_Acid-g-Lactone,11
15.5,H9_L-Galactonic_Acid-g-Lactone,11
15.75,H9_L-Galactonic_Acid-g-Lactone,11
16.0,H9_L-Galactonic_Acid-g-Lactone,11
16.25,H9_L-Galactonic_Acid-g-Lactone,11
16.5,H9_L-Galactonic_Acid-g-Lactone,11
16.75,H9_L-Galactonic_Acid-g-Lactone,11
17.0,H9_L-Galactonic_Acid-g-Lactone,11
17.25,H9_L-Galactonic_Acid-g-Lactone,11
17.5,H9_L-Galactonic_Acid-g-Lactone,11
17.75,H9_L-Galactonic_Acid-g-Lactone,11
18.0,H9_L-Galactonic_Acid-g-Lactone,11
18.25,H9_L-Galactonic_Acid-g-Lactone,11
18.5,H9_L-Galactonic_Acid-g-Lactone,11
18.75,H9_L-Galactonic_Acid-g-Lactone,11
19.0,H9_L-Galactonic_Acid-g-Lactone,11
19.25,H9_L-Galactonic_Acid-g-Lactone,11
19.5,H9_L-Galactonic_Acid-g-Lactone,11
19.75,H9_L-Galactonic_Acid-g-Lactone,11
20.0,H9_L-Galactonic_Acid-g-Lactone,11
20.25,H9_L-Galactonic_Acid-g-Lactone,11
20.5,H9_L-Galactonic_Acid-g-Lactone,11
20.75,H9_L-Galactonic_Acid-g-Lactone,11
21.0,H9_L-Galactonic_Acid-g-Lactone,11
21.25,H9_L-Galactonic_Acid-g-Lactone,11
21.5,H9_L-Galactonic_Acid-g-Lactone,11
21.75,H9_L-Galactonic_Acid-g-Lactone,11
22.0,H9_L-Galactonic_Acid-g-Lactone,11
22.25,H9_L-Galactonic_Acid-g-Lactone,11
22.5,H9_L-Galactonic_Acid-g-Lactone,11
22.75,H9_L-Galactonic_Acid-g-Lactone,11
23.0,H9_L-Galactonic_Acid-g-Lactone,11
23.25,H9_L-Galactonic_Acid-g-Lactone,11
23.5,H9_L-Galactonic_Acid-g-Lactone,11
23.75,H9_L-Galactonic_Acid-g-Lactone,11
24.0,H9_L-Galactonic_Acid-g-Lactone,11
24.25,H9_L-Galactonic_Acid-g-Lactone,11
24.5,H9_L-Galactonic_Acid-g-Lactone,11
24.75,H9_L-Galactonic_Acid-g-Lactone,11
25.0,H9_L-Galactonic_Acid-g-Lactone,11
25.25,H9_L-Galactonic_Acid-g-Lactone,11
25.5,H9_L-Galactonic_Acid-g-Lactone,11
25.75,H9_L-Galactonic_Acid-g-Lactone,11
26.0,H9_L-Galactonic_Acid-g-Lactone,11
26.25,H9_L-Galactonic_Acid-g-Lactone,11
26.5,H9_L-Galactonic_Acid-g-Lactone,11
26.75,H9_L-Galactonic_Acid-g-Lactone,11
27.0,H9_L-Galactonic_Acid-g-Lactone,11
27.25,H9_L-Galactonic_Acid-g-Lactone,11
27.5,H9_L-Galactonic_Acid-g-Lactone,11
27.75,H9_L-Galactonic_Acid-g-Lactone,11
28.0,H9_L-Galactonic_Acid-g-Lactone,11
28.25,H9_L-Galactonic_Acid-g-Lactone,11
28.5,H9_L-Galactonic_Acid-g-Lactone,11
28.75,H9_L-Galactonic_Acid-g-Lactone,11
29.0,H9_L-Galactonic_Acid-g-Lactone,11
29.25,H9_L-Galactonic_Acid-g-Lactone,11
29.5,H9_L-Galactonic_Acid-g-Lactone,11
29.75,H9_L-Galactonic_Acid-g-Lactone,11
30.0,H9_L-Galactonic_Acid-g-Lactone,11
30.25,H9_L-Galactonic_Acid-g-Lactone,11
30.5,H9_L-Galactonic_Acid-g-Lactone,11
30.75,H9_L-Galactonic_Acid-g-Lactone,11
31.0,H9_L-Galactonic_Acid-g-Lactone,11
31.25,H9_L-Galactonic_Acid-g-Lactone,11
31.5,H9_L-Galactonic_Acid-g-Lactone,11
31.75,H9_L-Galactonic_Acid-g-Lactone,11
32.0,H9_L-Galactonic_Acid-g-Lactone,11
32.25,H9_L-Galactonic_Acid-g-Lactone,11
32.5,H9_L-Galactonic_Acid-g-Lactone,11
32.75,H9_L-Galactonic_Acid-g-Lactone,11
33.0,H9_L-Galactonic_Acid-g-Lactone,11
33.25,H9_L-Galactonic_Acid-g-Lactone,11
33.5,H9_L-Galactonic_Acid-g-Lactone,11
33.75,H9_L-Galactonic_Acid-g-Lactone,11
34.0,H9_L-Galactonic_Acid-g-Lactone,11
34.25,H9_L-Galactonic_Acid-g-Lactone,11
34.5,H9_L-Galactonic_Acid-g-Lactone,11
34.75,H9_L-Galactonic_Acid-g-Lactone,11
35.0,H9_L-Galactonic_Acid-g-Lactone,11
35.25,H9_L-Galactonic_Acid-g-Lactone,11
35.5,H9_L-Galactonic_Acid-g-Lactone,11
35.75,H9_L-Galactonic_Acid-g-Lactone,11
36.0,H9_L-Galactonic_Acid-g-Lactone,11
36.25,H9_L-Galactonic_Acid-g-Lactone,11
36.5,H9_L-Galactonic_Acid-g-Lactone,11
36.75,H9_L-Galactonic_Acid-g-Lactone,11
37.0,H9_L-Galactonic_Acid-g-Lactone,11
37.25,H9_L-Galactonic_Acid-g-Lactone,11
37.5,H9_L-Galactonic_Acid-g-Lactone,11
37.75,H9_L-Galactonic_Acid-g-Lactone,11
38.0,H9_L-Galactonic_Acid-g-Lactone,11
38.25,H9_L-Galactonic_Acid-g-Lactone,11
38.5,H9_L-Galactonic_Acid-g-Lactone,11
38.75,H9_L-Galactonic_Acid-g-Lactone,11
39.0,H9_L-Galactonic_Acid-g-Lactone,11
39.25,H9_L-Galactonic_Acid-g-Lactone,11
39.5,H9_L-Galactonic_Acid-g-Lactone,11
39.75,H9_L-Galactonic_Acid-g-Lactone,11
40.0,H9_L-Galactonic_Acid-g-Lactone,11
40.25,H9_L-Galactonic_Acid-g-Lactone,11
40.5,H9_L-Galactonic_Acid-g-Lactone,11
40.75,H9_L-Galactonic_Acid-g-Lactone,11
41.0,H9_L-Galactonic_Acid-g-Lactone,11
41.25,H9_L-Galactonic_Acid-g-Lactone,11
41.5,H9_L-Galactonic_Acid-g-Lactone,11
41.75,H9_L-Galactonic_Acid-g-Lactone,11
42.0,H9_L-Galactonic_Acid-g-Lactone,11
42.25,H9_L-Galactonic_Acid-g-Lactone,11
42.5,H9_L-Galactonic_Acid-g-Lactone,13
42.75,H9_L-Galactonic_Acid-g-Lactone,11
43.0,H9_L-Galactonic_Acid-g-Lactone,11
43.25,H9_L-Galactonic_Acid-g-Lactone,11
43.5,H9_L-Galactonic_Acid-g-Lactone,11
43.75,H9_L-Galactonic_Acid-g-Lactone,11
44.0,H9_L-Galactonic_Acid-g-Lactone,11
44.25,H9_L-Galactonic_Acid-g-Lactone,11
44.5,H9_L-Galactonic_Acid-g-Lactone,12
44.75,H9_L-Galactonic_Acid-g-Lactone,11
45.0,H9_L-Galactonic_Acid-g-Lactone,11
45.25,H9_L-Galactonic_Acid-g-Lactone,11
45.5,H9_L-Galactonic_Acid-g-Lactone,11
45.75,H9_L-Galactonic_Acid-g-Lactone,11
46.0,H9_L-Galactonic_Acid-g-Lactone,11
46.25,H9_L-Galactonic_Acid-g-Lactone,12
46.5,H9_L-Galactonic_Acid-g-Lactone,15
46.75,H9_L-Galactonic_Acid-g-Lactone,11
47.0,H9_L-Galactonic_Acid-g-Lactone,11
47.25,H9_L-Galactonic_Acid-g-Lactone,11
47.5,H9_L-Galactonic_Acid-g-Lactone,11
47.75,H9_L-Galactonic_Acid-g-Lactone,11
48.0,H9_L-Galactonic_Acid-g-Lactone,11
48.25,H9_L-Galactonic_Acid-g-Lactone,11
0.0,H10_D-GalacturonicAcid,11
0.25,H10_D-GalacturonicAcid,11
0.5,H10_D-GalacturonicAcid,11
0.75,H10_D-GalacturonicAcid,11
1.0,H10_D-GalacturonicAcid,11
1.25,H10_D-GalacturonicAcid,11
1.5,H10_D-GalacturonicAcid,11
1.75,H10_D-GalacturonicAcid,11
2.0,H10_D-GalacturonicAcid,11
2.25,H10_D-GalacturonicAcid,11
2.5,H10_D-GalacturonicAcid,11
2.75,H10_D-GalacturonicAcid,11
3.0,H10_D-GalacturonicAcid,11
3.25,H10_D-GalacturonicAcid,11
3.5,H10_D-GalacturonicAcid,11
3.75,H10_D-GalacturonicAcid,11
4.0,H10_D-GalacturonicAcid,11
4.25,H10_D-GalacturonicAcid,11
4.5,H10_D-GalacturonicAcid,11
4.75,H10_D-GalacturonicAcid,11
5.0,H10_D-GalacturonicAcid,11
5.25,H10_D-GalacturonicAcid,11
5.5,H10_D-GalacturonicAcid,11
5.75,H10_D-GalacturonicAcid,11
6.0,H10_D-GalacturonicAcid,11
6.25,H10_D-GalacturonicAcid,11
6.5,H10_D-GalacturonicAcid,11
6.75,H10_D-GalacturonicAcid,11
7.0,H10_D-GalacturonicAcid,11
7.25,H10_D-GalacturonicAcid,11
7.5,H10_D-GalacturonicAcid,11
7.75,H10_D-GalacturonicAcid,11
8.0,H10_D-GalacturonicAcid,11
8.25,H10_D-GalacturonicAcid,11
8.5,H10_D-GalacturonicAcid,11
8.75,H10_D-GalacturonicAcid,11
9.0,H10_D-GalacturonicAcid,11
9.25,H10_D-GalacturonicAcid,11
9.5,H10_D-GalacturonicAcid,11
9.75,H10_D-GalacturonicAcid,11
10.0,H10_D-GalacturonicAcid,11
10.25,H10_D-GalacturonicAcid,11
10.5,H10_D-GalacturonicAcid,11
10.75,H10_D-GalacturonicAcid,11
11.0,H10_D-GalacturonicAcid,11
11.25,H10_D-GalacturonicAcid,11
11.5,H10_D-GalacturonicAcid,11
11.75,H10_D-GalacturonicAcid,11
12.0,H10_D-GalacturonicAcid,11
12.25,H10_D-GalacturonicAcid,11
12.5,H10_D-GalacturonicAcid,11
12.75,H10_D-GalacturonicAcid,11
13.0,H10_D-GalacturonicAcid,11
13.25,H10_D-GalacturonicAcid,11
13.5,H10_D-GalacturonicAcid,11
13.75,H10_D-GalacturonicAcid,11
14.0,H10_D-GalacturonicAcid,11
14.25,H10_D-GalacturonicAcid,11
14.5,H10_D-GalacturonicAcid,11
14.75,H10_D-GalacturonicAcid,11
15.0,H10_D-GalacturonicAcid,11
15.25,H10_D-GalacturonicAcid,12
15.5,H10_D-GalacturonicAcid,11
15.75,H10_D-GalacturonicAcid,11
16.0,H10_D-GalacturonicAcid,13
16.25,H10_D-GalacturonicAcid,11
16.5,H10_D-GalacturonicAcid,11
16.75,H10_D-GalacturonicAcid,11
17.0,H10_D-GalacturonicAcid,11
17.25,H10_D-GalacturonicAcid,11
17.5,H10_D-GalacturonicAcid,11
17.75,H10_D-GalacturonicAcid,11
18.0,H10_D-GalacturonicAcid,11
18.25,H10_D-GalacturonicAcid,11
18.5,H10_D-GalacturonicAcid,11
18.75,H10_D-GalacturonicAcid,11
19.0,H10_D-GalacturonicAcid,11
19.25,H10_D-GalacturonicAcid,11
19.5,H10_D-GalacturonicAcid,11
19.75,H10_D-GalacturonicAcid,13
20.0,H10_D-GalacturonicAcid,11
20.25,H10_D-GalacturonicAcid,11
20.5,H10_D-GalacturonicAcid,11
20.75,H10_D-GalacturonicAcid,14
21.0,H10_D-GalacturonicAcid,11
21.25,H10_D-GalacturonicAcid,11
21.5,H10_D-GalacturonicAcid,11
21.75,H10_D-GalacturonicAcid,11
22.0,H10_D-GalacturonicAcid,11
22.25,H10_D-GalacturonicAcid,11
22.5,H10_D-GalacturonicAcid,11
22.75,H10_D-GalacturonicAcid,11
23.0,H10_D-GalacturonicAcid,11
23.25,H10_D-GalacturonicAcid,13
23.5,H10_D-GalacturonicAcid,11
23.75,H10_D-GalacturonicAcid,11
24.0,H10_D-GalacturonicAcid,11
24.25,H10_D-GalacturonicAcid,11
24.5,H10_D-GalacturonicAcid,11
24.75,H10_D-GalacturonicAcid,11
25.0,H10_D-GalacturonicAcid,11
25.25,H10_D-GalacturonicAcid,12
25.5,H10_D-GalacturonicAcid,13
25.75,H10_D-GalacturonicAcid,11
26.0,H10_D-GalacturonicAcid,11
26.25,H10_D-GalacturonicAcid,11
26.5,H10_D-GalacturonicAcid,11
26.75,H10_D-GalacturonicAcid,13
27.0,H10_D-GalacturonicAcid,11
27.25,H10_D-GalacturonicAcid,11
27.5,H10_D-GalacturonicAcid,11
27.75,H10_D-GalacturonicAcid,14
28.0,H10_D-GalacturonicAcid,11
28.25,H10_D-GalacturonicAcid,11
28.5,H10_D-GalacturonicAcid,12
28.75,H10_D-GalacturonicAcid,12
29.0,H10_D-GalacturonicAcid,11
29.25,H10_D-GalacturonicAcid,11
29.5,H10_D-GalacturonicAcid,11
29.75,H10_D-GalacturonicAcid,11
30.0,H10_D-GalacturonicAcid,15
30.25,H10_D-GalacturonicAcid,11
30.5,H10_D-GalacturonicAcid,15
30.75,H10_D-GalacturonicAcid,11
31.0,H10_D-GalacturonicAcid,11
31.25,H10_D-GalacturonicAcid,11
31.5,H10_D-GalacturonicAcid,11
31.75,H10_D-GalacturonicAcid,11
32.0,H10_D-GalacturonicAcid,11
32.25,H10_D-GalacturonicAcid,11
32.5,H10_D-GalacturonicAcid,11
32.75,H10_D-GalacturonicAcid,11
33.0,H10_D-GalacturonicAcid,11
33.25,H10_D-GalacturonicAcid,11
33.5,H10_D-GalacturonicAcid,13
33.75,H10_D-GalacturonicAcid,11
34.0,H10_D-GalacturonicAcid,11
34.25,H10_D-GalacturonicAcid,11
34.5,H10_D-GalacturonicAcid,11
34.75,H10_D-GalacturonicAcid,11
35.0,H10_D-GalacturonicAcid,11
35.25,H10_D-GalacturonicAcid,11
35.5,H10_D-GalacturonicAcid,12
35.75,H10_D-GalacturonicAcid,11
36.0,H10_D-GalacturonicAcid,11
36.25,H10_D-GalacturonicAcid,11
36.5,H10_D-GalacturonicAcid,11
36.75,H10_D-GalacturonicAcid,12
37.0,H10_D-GalacturonicAcid,11
37.25,H10_D-GalacturonicAcid,11
37.5,H10_D-GalacturonicAcid,11
37.75,H10_D-GalacturonicAcid,13
38.0,H10_D-GalacturonicAcid,11
38.25,H10_D-GalacturonicAcid,11
38.5,H10_D-GalacturonicAcid,11
38.75,H10_D-GalacturonicAcid,12
39.0,H10_D-GalacturonicAcid,11
39.25,H10_D-GalacturonicAcid,11
39.5,H10_D-GalacturonicAcid,11
39.75,H10_D-GalacturonicAcid,11
40.0,H10_D-GalacturonicAcid,11
40.25,H10_D-GalacturonicAcid,11
40.5,H10_D-GalacturonicAcid,13
40.75,H10_D-GalacturonicAcid,11
41.0,H10_D-GalacturonicAcid,11
41.25,H10_D-GalacturonicAcid,11
41.5,H10_D-GalacturonicAcid,11
41.75,H10_D-GalacturonicAcid,11
42.0,H10_D-GalacturonicAcid,15
42.25,H10_D-GalacturonicAcid,11
42.5,H10_D-GalacturonicAcid,11
42.75,H10_D-GalacturonicAcid,12
43.0,H10_D-GalacturonicAcid,11
43.25,H10_D-GalacturonicAcid,11
43.5,H10_D-GalacturonicAcid,13
43.75,H10_D-GalacturonicAcid,11
44.0,H10_D-GalacturonicAcid,11
44.25,H10_D-GalacturonicAcid,12
44.5,H10_D-GalacturonicAcid,11
44.75,H10_D-GalacturonicAcid,11
45.0,H10_D-GalacturonicAcid,11
45.25,H10_D-GalacturonicAcid,12
45.5,H10_D-GalacturonicAcid,12
45.75,H10_D-GalacturonicAcid,12
46.0,H10_D-GalacturonicAcid,11
46.25,H10_D-GalacturonicAcid,11
46.5,H10_D-GalacturonicAcid,11
46.75,H10_D-GalacturonicAcid,11
47.0,H10_D-GalacturonicAcid,11
47.25,H10_D-GalacturonicAcid,11
47.5,H10_D-GalacturonicAcid,11
47.75,H10_D-GalacturonicAcid,11
48.0,H10_D-GalacturonicAcid,11
48.25,H10_D-GalacturonicAcid,11
0.0,H11_Phenylethylamine,14
0.25,H11_Phenylethylamine,13
0.5,H11_Phenylethylamine,13
0.75,H11_Phenylethylamine,11
1.0,H11_Phenylethylamine,12
1.25,H11_Phenylethylamine,13
1.5,H11_Phenylethylamine,11
1.75,H11_Phenylethylamine,11
2.0,H11_Phenylethylamine,11
2.25,H11_Phenylethylamine,13
2.5,H11_Phenylethylamine,13
2.75,H11_Phenylethylamine,11
3.0,H11_Phenylethylamine,11
3.25,H11_Phenylethylamine,11
3.5,H11_Phenylethylamine,11
3.75,H11_Phenylethylamine,14
4.0,H11_Phenylethylamine,11
4.25,H11_Phenylethylamine,13
4.5,H11_Phenylethylamine,11
4.75,H11_Phenylethylamine,11
5.0,H11_Phenylethylamine,11
5.25,H11_Phenylethylamine,14
5.5,H11_Phenylethylamine,11
5.75,H11_Phenylethylamine,11
6.0,H11_Phenylethylamine,11
6.25,H11_Phenylethylamine,12
6.5,H11_Phenylethylamine,12
6.75,H11_Phenylethylamine,11
7.0,H11_Phenylethylamine,14
7.25,H11_Phenylethylamine,16
7.5,H11_Phenylethylamine,11
7.75,H11_Phenylethylamine,11
8.0,H11_Phenylethylamine,11
8.25,H11_Phenylethylamine,11
8.5,H11_Phenylethylamine,11
8.75,H11_Phenylethylamine,12
9.0,H11_Phenylethylamine,12
9.25,H11_Phenylethylamine,12
9.5,H11_Phenylethylamine,11
9.75,H11_Phenylethylamine,11
10.0,H11_Phenylethylamine,11
10.25,H11_Phenylethylamine,11
10.5,H11_Phenylethylamine,12
10.75,H11_Phenylethylamine,11
11.0,H11_Phenylethylamine,11
11.25,H11_Phenylethylamine,11
11.5,H11_Phenylethylamine,12
11.75,H11_Phenylethylamine,15
12.0,H11_Phenylethylamine,11
12.25,H11_Phenylethylamine,12
12.5,H11_Phenylethylamine,14
12.75,H11_Phenylethylamine,11
13.0,H11_Phenylethylamine,11
13.25,H11_Phenylethylamine,16
13.5,H11_Phenylethylamine,11
13.75,H11_Phenylethylamine,17
14.0,H11_Phenylethylamine,11
14.25,H11_Phenylethylamine,12
14.5,H11_Phenylethylamine,12
14.75,H11_Phenylethylamine,12
15.0,H11_Phenylethylamine,14
15.25,H11_Phenylethylamine,12
15.5,H11_Phenylethylamine,12
15.75,H11_Phenylethylamine,11
16.0,H11_Phenylethylamine,11
16.25,H11_Phenylethylamine,11
16.5,H11_Phenylethylamine,11
16.75,H11_Phenylethylamine,11
17.0,H11_Phenylethylamine,15
17.25,H11_Phenylethylamine,15
17.5,H11_Phenylethylamine,12
17.75,H11_Phenylethylamine,14
18.0,H11_Phenylethylamine,13
18.25,H11_Phenylethylamine,14
18.5,H11_Phenylethylamine,11
18.75,H11_Phenylethylamine,15
19.0,H11_Phenylethylamine,16
19.25,H11_Phenylethylamine,15
19.5,H11_Phenylethylamine,12
19.75,H11_Phenylethylamine,12
20.0,H11_Phenylethylamine,13
20.25,H11_Phenylethylamine,15
20.5,H11_Phenylethylamine,15
20.75,H11_Phenylethylamine,12
21.0,H11_Phenylethylamine,16
21.25,H11_Phenylethylamine,12
21.5,H11_Phenylethylamine,13
21.75,H11_Phenylethylamine,16
22.0,H11_Phenylethylamine,13
22.25,H11_Phenylethylamine,14
22.5,H11_Phenylethylamine,11
22.75,H11_Phenylethylamine,11
23.0,H11_Phenylethylamine,14
23.25,H11_Phenylethylamine,13
23.5,H11_Phenylethylamine,20
23.75,H11_Phenylethylamine,13
24.0,H11_Phenylethylamine,11
24.25,H11_Phenylethylamine,13
24.5,H11_Phenylethylamine,15
24.75,H11_Phenylethylamine,11
25.0,H11_Phenylethylamine,11
25.25,H11_Phenylethylamine,12
25.5,H11_Phenylethylamine,15
25.75,H11_Phenylethylamine,15
26.0,H11_Phenylethylamine,14
26.25,H11_Phenylethylamine,12
26.5,H11_Phenylethylamine,13
26.75,H11_Phenylethylamine,11
27.0,H11_Phenylethylamine,13
27.25,H11_Phenylethylamine,14
27.5,H11_Phenylethylamine,12
27.75,H11_Phenylethylamine,14
28.0,H11_Phenylethylamine,16
28.25,H11_Phenylethylamine,11
28.5,H11_Phenylethylamine,15
28.75,H11_Phenylethylamine,11
29.0,H11_Phenylethylamine,14
29.25,H11_Phenylethylamine,14
29.5,H11_Phenylethylamine,17
29.75,H11_Phenylethylamine,12
30.0,H11_Phenylethylamine,15
30.25,H11_Phenylethylamine,11
30.5,H11_Phenylethylamine,13
30.75,H11_Phenylethylamine,15
31.0,H11_Phenylethylamine,13
31.25,H11_Phenylethylamine,11
31.5,H11_Phenylethylamine,17
31.75,H11_Phenylethylamine,16
32.0,H11_Phenylethylamine,12
32.25,H11_Phenylethylamine,16
32.5,H11_Phenylethylamine,17
32.75,H11_Phenylethylamine,21
33.0,H11_Phenylethylamine,15
33.25,H11_Phenylethylamine,12
33.5,H11_Phenylethylamine,15
33.75,H11_Phenylethylamine,14
34.0,H11_Phenylethylamine,18
34.25,H11_Phenylethylamine,14
34.5,H11_Phenylethylamine,17
34.75,H11_Phenylethylamine,17
35.0,H11_Phenylethylamine,13
35.25,H11_Phenylethylamine,11
35.5,H11_Phenylethylamine,15
35.75,H11_Phenylethylamine,15
36.0,H11_Phenylethylamine,12
36.25,H11_Phenylethylamine,15
36.5,H11_Phenylethylamine,12
36.75,H11_Phenylethylamine,17
37.0,H11_Phenylethylamine,14
37.25,H11_Phenylethylamine,16
37.5,H11_Phenylethylamine,13
37.75,H11_Phenylethylamine,17
38.0,H11_Phenylethylamine,17
38.25,H11_Phenylethylamine,13
38.5,H11_Phenylethylamine,14
38.75,H11_Phenylethylamine,18
39.0,H11_Phenylethylamine,19
39.25,H11_Phenylethylamine,16
39.5,H11_Phenylethylamine,11
39.75,H11_Phenylethylamine,18
40.0,H11_Phenylethylamine,16
40.25,H11_Phenylethylamine,14
40.5,H11_Phenylethylamine,18
40.75,H11_Phenylethylamine,17
41.0,H11_Phenylethylamine,17
41.25,H11_Phenylethylamine,14
41.5,H11_Phenylethylamine,18
41.75,H11_Phenylethylamine,18
42.0,H11_Phenylethylamine,17
42.25,H11_Phenylethylamine,18
42.5,H11_Phenylethylamine,16
42.75,H11_Phenylethylamine,17
43.0,H11_Phenylethylamine,20
43.25,H11_Phenylethylamine,17
43.5,H11_Phenylethylamine,16
43.75,H11_Phenylethylamine,15
44.0,H11_Phenylethylamine,14
44.25,H11_Phenylethylamine,19
44.5,H11_Phenylethylamine,15
44.75,H11_Phenylethylamine,20
45.0,H11_Phenylethylamine,17
45.25,H11_Phenylethylamine,15
45.5,H11_Phenylethylamine,17
45.75,H11_Phenylethylamine,14
46.0,H11_Phenylethylamine,13
46.25,H11_Phenylethylamine,15
46.5,H11_Phenylethylamine,20
46.75,H11_Phenylethylamine,20
47.0,H11_Phenylethylamine,13
47.25,H11_Phenylethylamine,13
47.5,H11_Phenylethylamine,16
47.75,H11_Phenylethylamine,17
48.0,H11_Phenylethylamine,16
48.25,H11_Phenylethylamine,17
0.0,H12_2-Aminoethanol,47
0.25,H12_2-Aminoethanol,43
0.5,H12_2-Aminoethanol,42
0.75,H12_2-Aminoethanol,41
1.0,H12_2-Aminoethanol,38
1.25,H12_2-Aminoethanol,33
1.5,H12_2-Aminoethanol,34
1.75,H12_2-Aminoethanol,34
2.0,H12_2-Aminoethanol,29
2.25,H12_2-Aminoethanol,28
2.5,H12_2-Aminoethanol,28
2.75,H12_2-Aminoethanol,28
3.0,H12_2-Aminoethanol,24
3.25,H12_2-Aminoethanol,26
3.5,H12_2-Aminoethanol,27
3.75,H12_2-Aminoethanol,27
4.0,H12_2-Aminoethanol,27
4.25,H12_2-Aminoethanol,25
4.5,H12_2-Aminoethanol,29
4.75,H12_2-Aminoethanol,26
5.0,H12_2-Aminoethanol,26
5.25,H12_2-Aminoethanol,24
5.5,H12_2-Aminoethanol,26
5.75,H12_2-Aminoethanol,26
6.0,H12_2-Aminoethanol,23
6.25,H12_2-Aminoethanol,27
6.5,H12_2-Aminoethanol,29
6.75,H12_2-Aminoethanol,26
7.0,H12_2-Aminoethanol,28
7.25,H12_2-Aminoethanol,27
7.5,H12_2-Aminoethanol,30
7.75,H12_2-Aminoethanol,32
8.0,H12_2-Aminoethanol,28
8.25,H12_2-Aminoethanol,32
8.5,H12_2-Aminoethanol,29
8.75,H12_2-Aminoethanol,34
9.0,H12_2-Aminoethanol,31
9.25,H12_2-Aminoethanol,32
9.5,H12_2-Aminoethanol,35
9.75,H12_2-Aminoethanol,37
10.0,H12_2-Aminoethanol,34
10.25,H12_2-Aminoethanol,36
10.5,H12_2-Aminoethanol,32
10.75,H12_2-Aminoethanol,37
11.0,H12_2-Aminoethanol,36
11.25,H12_2-Aminoethanol,41
11.5,H12_2-Aminoethanol,42
11.75,H12_2-Aminoethanol,42
12.0,H12_2-Aminoethanol,41
12.25,H12_2-Aminoethanol,45
12.5,H12_2-Aminoethanol,46
12.75,H12_2-Aminoethanol,41
13.0,H12_2-Aminoethanol,42
13.25,H12_2-Aminoethanol,44
13.5,H12_2-Aminoethanol,47
13.75,H12_2-Aminoethanol,47
14.0,H12_2-Aminoethanol,47
14.25,H12_2-Aminoethanol,45
14.5,H12_2-Aminoethanol,46
14.75,H12_2-Aminoethanol,47
15.0,H12_2-Aminoethanol,45
15.25,H12_2-Aminoethanol,48
15.5,H12_2-Aminoethanol,49
15.75,H12_2-Aminoethanol,52
16.0,H12_2-Aminoethanol,48
16.25,H12_2-Aminoethanol,49
16.5,H12_2-Aminoethanol,50
16.75,H12_2-Aminoethanol,46
17.0,H12_2-Aminoethanol,52
17.25,H12_2-Aminoethanol,51
17.5,H12_2-Aminoethanol,51
17.75,H12_2-Aminoethanol,51
18.0,H12_2-Aminoethanol,48
18.25,H12_2-Aminoethanol,54
18.5,H12_2-Aminoethanol,51
18.75,H12_2-Aminoethanol,49
19.0,H12_2-Aminoethanol,53
19.25,H12_2-Aminoethanol,53
19.5,H12_2-Aminoethanol,53
19.75,H12_2-Aminoethanol,53
20.0,H12_2-Aminoethanol,52
20.25,H12_2-Aminoethanol,55
20.5,H12_2-Aminoethanol,53
20.75,H12_2-Aminoethanol,55
21.0,H12_2-Aminoethanol,53
21.25,H12_2-Aminoethanol,55
21.5,H12_2-Aminoethanol,59
21.75,H12_2-Aminoethanol,56
22.0,H12_2-Aminoethanol,55
22.25,H12_2-Aminoethanol,56
22.5,H12_2-Aminoethanol,58
22.75,H12_2-Aminoethanol,59
23.0,H12_2-Aminoethanol,56
23.25,H12_2-Aminoethanol,55
23.5,H12_2-Aminoethanol,53
23.75,H12_2-Aminoethanol,57
24.0,H12_2-Aminoethanol,54
24.25,H12_2-Aminoethanol,57
24.5,H12_2-Aminoethanol,56
24.75,H12_2-Aminoethanol,58
25.0,H12_2-Aminoethanol,58
25.25,H12_2-Aminoethanol,57
25.5,H12_2-Aminoethanol,61
25.75,H12_2-Aminoethanol,56
26.0,H12_2-Aminoethanol,57
26.25,H12_2-Aminoethanol,56
26.5,H12_2-Aminoethanol,61
26.75,H12_2-Aminoethanol,57
27.0,H12_2-Aminoethanol,56
27.25,H12_2-Aminoethanol,57
27.5,H12_2-Aminoethanol,62
27.75,H12_2-Aminoethanol,58
28.0,H12_2-Aminoethanol,58
28.25,H12_2-Aminoethanol,58
28.5,H12_2-Aminoethanol,54
28.75,H12_2-Aminoethanol,58
29.0,H12_2-Aminoethanol,59
29.25,H12_2-Aminoethanol,59
29.5,H12_2-Aminoethanol,56
29.75,H12_2-Aminoethanol,57
30.0,H12_2-Aminoethanol,57
30.25,H12_2-Aminoethanol,59
30.5,H12_2-Aminoethanol,60
30.75,H12_2-Aminoethanol,59
31.0,H12_2-Aminoethanol,55
31.25,H12_2-Aminoethanol,60
31.5,H12_2-Aminoethanol,54
31.75,H12_2-Aminoethanol,56
32.0,H12_2-Aminoethanol,62
32.25,H12_2-Aminoethanol,57
32.5,H12_2-Aminoethanol,61
32.75,H12_2-Aminoethanol,59
33.0,H12_2-Aminoethanol,59
33.25,H12_2-Aminoethanol,54
33.5,H12_2-Aminoethanol,56
33.75,H12_2-Aminoethanol,56
34.0,H12_2-Aminoethanol,58
34.25,H12_2-Aminoethanol,58
34.5,H12_2-Aminoethanol,60
34.75,H12_2-Aminoethanol,57
35.0,H12_2-Aminoethanol,59
35.25,H12_2-Aminoethanol,56
35.5,H12_2-Aminoethanol,58
35.75,H12_2-Aminoethanol,54
36.0,H12_2-Aminoethanol,60
36.25,H12_2-Aminoethanol,59
36.5,H12_2-Aminoethanol,57
36.75,H12_2-Aminoethanol,62
37.0,H12_2-Aminoethanol,58
37.25,H12_2-Aminoethanol,56
37.5,H12_2-Aminoethanol,57
37.75,H12_2-Aminoethanol,55
38.0,H12_2-Aminoethanol,55
38.25,H12_2-Aminoethanol,56
38.5,H12_2-Aminoethanol,54
38.75,H12_2-Aminoethanol,59
39.0,H12_2-Aminoethanol,60
39.25,H12_2-Aminoethanol,61
39.5,H12_2-Aminoethanol,55
39.75,H12_2-Aminoethanol,60
40.0,H12_2-Aminoethanol,57
40.25,H12_2-Aminoethanol,58
40.5,H12_2-Aminoethanol,58
40.75,H12_2-Aminoethanol,59
41.0,H12_2-Aminoethanol,61
41.25,H12_2-Aminoethanol,56
41.5,H12_2-Aminoethanol,58
41.75,H12_2-Aminoethanol,53
42.0,H12_2-Aminoethanol,58
42.25,H12_2-Aminoethanol,61
42.5,H12_2-Aminoethanol,57
42.75,H12_2-Aminoethanol,59
43.0,H12_2-Aminoethanol,61
43.25,H12_2-Aminoethanol,55
43.5,H12_2-Aminoethanol,63
43.75,H12_2-Aminoethanol,60
44.0,H12_2-Aminoethanol,58
44.25,H12_2-Aminoethanol,54
44.5,H12_2-Aminoethanol,55
44.75,H12_2-Aminoethanol,60
45.0,H12_2-Aminoethanol,62
45.25,H12_2-Aminoethanol,61
45.5,H12_2-Aminoethanol,59
45.75,H12_2-Aminoethanol,61
46.0,H12_2-Aminoethanol,61
46.25,H12_2-Aminoethanol,62
46.5,H12_2-Aminoethanol,59
46.75,H12_2-Aminoethanol,60
47.0,H12_2-Aminoethanol,57
47.25,H12_2-Aminoethanol,59
47.5,H12_2-Aminoethanol,64
47.75,H12_2-Aminoethanol,58
48.0,H12_2-Aminoethanol,60
48.25,H12_2-Aminoethanol,62
