Hour,Type,Value
0.0,A1_Negative_Control,22
0.25,A1_Negative_Control,25
0.5,A1_Negative_Control,24
0.75,A1_Negative_Control,26
1.0,A1_Negative_Control,26
1.25,A1_Negative_Control,24
1.5,A1_Negative_Control,24
1.75,A1_Negative_Control,24
2.0,A1_Negative_Control,22
2.25,A1_Negative_Control,19
2.5,A1_Negative_Control,22
2.75,A1_Negative_Control,23
3.0,A1_Negative_Control,21
3.25,A1_Negative_Control,25
3.5,A1_Negative_Control,26
3.75,A1_Negative_Control,25
4.0,A1_Negative_Control,24
4.25,A1_Negative_Control,23
4.5,A1_Negative_Control,25
4.75,A1_Negative_Control,22
5.0,A1_Negative_Control,26
5.25,A1_Negative_Control,21
5.5,A1_Negative_Control,25
5.75,A1_Negative_Control,21
6.0,A1_Negative_Control,23
6.25,A1_Negative_Control,22
6.5,A1_Negative_Control,24
6.75,A1_Negative_Control,21
7.0,A1_Negative_Control,21
7.25,A1_Negative_Control,25
7.5,A1_Negative_Control,20
7.75,A1_Negative_Control,26
8.0,A1_Negative_Control,26
8.25,A1_Negative_Control,23
8.5,A1_Negative_Control,27
8.75,A1_Negative_Control,23
9.0,A1_Negative_Control,23
9.25,A1_Negative_Control,22
9.5,A1_Negative_Control,25
9.75,A1_Negative_Control,22
10.0,A1_Negative_Control,25
10.25,A1_Negative_Control,24
10.5,A1_Negative_Control,24
10.75,A1_Negative_Control,27
11.0,A1_Negative_Control,24
11.25,A1_Negative_Control,24
11.5,A1_Negative_Control,22
11.75,A1_Negative_Control,23
12.0,A1_Negative_Control,26
12.25,A1_Negative_Control,31
12.5,A1_Negative_Control,25
12.75,A1_Negative_Control,25
13.0,A1_Negative_Control,26
13.25,A1_Negative_Control,27
13.5,A1_Negative_Control,26
13.75,A1_Negative_Control,29
14.0,A1_Negative_Control,28
14.25,A1_Negative_Control,24
14.5,A1_Negative_Control,30
14.75,A1_Negative_Control,31
15.0,A1_Negative_Control,33
15.25,A1_Negative_Control,30
15.5,A1_Negative_Control,29
15.75,A1_Negative_Control,26
16.0,A1_Negative_Control,30
16.25,A1_Negative_Control,31
16.5,A1_Negative_Control,27
16.75,A1_Negative_Control,25
17.0,A1_Negative_Control,31
17.25,A1_Negative_Control,28
17.5,A1_Negative_Control,32
17.75,A1_Negative_Control,28
18.0,A1_Negative_Control,30
18.25,A1_Negative_Control,29
18.5,A1_Negative_Control,33
18.75,A1_Negative_Control,28
19.0,A1_Negative_Control,29
19.25,A1_Negative_Control,33
19.5,A1_Negative_Control,28
19.75,A1_Negative_Control,30
20.0,A1_Negative_Control,32
20.25,A1_Negative_Control,29
20.5,A1_Negative_Control,35
20.75,A1_Negative_Control,29
21.0,A1_Negative_Control,25
21.25,A1_Negative_Control,29
21.5,A1_Negative_Control,33
21.75,A1_Negative_Control,28
22.0,A1_Negative_Control,30
22.25,A1_Negative_Control,33
22.5,A1_Negative_Control,31
22.75,A1_Negative_Control,32
23.0,A1_Negative_Control,32
23.25,A1_Negative_Control,31
23.5,A1_Negative_Control,31
23.75,A1_Negative_Control,31
24.0,A1_Negative_Control,31
24.25,A1_Negative_Control,36
24.5,A1_Negative_Control,36
24.75,A1_Negative_Control,33
25.0,A1_Negative_Control,33
25.25,A1_Negative_Control,29
25.5,A1_Negative_Control,28
25.75,A1_Negative_Control,31
26.0,A1_Negative_Control,26
26.25,A1_Negative_Control,34
26.5,A1_Negative_Control,34
26.75,A1_Negative_Control,29
27.0,A1_Negative_Control,31
27.25,A1_Negative_Control,28
27.5,A1_Negative_Control,30
27.75,A1_Negative_Control,32
28.0,A1_Negative_Control,30
28.25,A1_Negative_Control,29
28.5,A1_Negative_Control,33
28.75,A1_Negative_Control,34
29.0,A1_Negative_Control,30
29.25,A1_Negative_Control,29
29.5,A1_Negative_Control,31
29.75,A1_Negative_Control,27
30.0,A1_Negative_Control,29
30.25,A1_Negative_Control,30
30.5,A1_Negative_Control,30
30.75,A1_Negative_Control,30
31.0,A1_Negative_Control,28
31.25,A1_Negative_Control,32
31.5,A1_Negative_Control,30
31.75,A1_Negative_Control,29
32.0,A1_Negative_Control,23
32.25,A1_Negative_Control,28
32.5,A1_Negative_Control,31
32.75,A1_Negative_Control,31
33.0,A1_Negative_Control,28
33.25,A1_Negative_Control,31
33.5,A1_Negative_Control,30
33.75,A1_Negative_Control,32
34.0,A1_Negative_Control,28
34.25,A1_Negative_Control,31
34.5,A1_Negative_Control,32
34.75,A1_Negative_Control,30
35.0,A1_Negative_Control,28
35.25,A1_Negative_Control,29
35.5,A1_Negative_Control,31
35.75,A1_Negative_Control,32
36.0,A1_Negative_Control,29
36.25,A1_Negative_Control,30
36.5,A1_Negative_Control,30
36.75,A1_Negative_Control,28
37.0,A1_Negative_Control,28
37.25,A1_Negative_Control,30
37.5,A1_Negative_Control,30
37.75,A1_Negative_Control,31
38.0,A1_Negative_Control,29
38.25,A1_Negative_Control,30
38.5,A1_Negative_Control,30
38.75,A1_Negative_Control,30
39.0,A1_Negative_Control,31
39.25,A1_Negative_Control,28
39.5,A1_Negative_Control,26
39.75,A1_Negative_Control,29
40.0,A1_Negative_Control,31
40.25,A1_Negative_Control,30
40.5,A1_Negative_Control,30
40.75,A1_Negative_Control,31
41.0,A1_Negative_Control,28
41.25,A1_Negative_Control,32
41.5,A1_Negative_Control,29
41.75,A1_Negative_Control,26
42.0,A1_Negative_Control,30
42.25,A1_Negative_Control,30
42.5,A1_Negative_Control,30
42.75,A1_Negative_Control,29
43.0,A1_Negative_Control,27
43.25,A1_Negative_Control,30
43.5,A1_Negative_Control,28
43.75,A1_Negative_Control,28
44.0,A1_Negative_Control,26
44.25,A1_Negative_Control,31
44.5,A1_Negative_Control,30
44.75,A1_Negative_Control,27
45.0,A1_Negative_Control,26
45.25,A1_Negative_Control,27
45.5,A1_Negative_Control,30
45.75,A1_Negative_Control,27
46.0,A1_Negative_Control,22
46.25,A1_Negative_Control,30
46.5,A1_Negative_Control,31
46.75,A1_Negative_Control,31
47.0,A1_Negative_Control,27
47.25,A1_Negative_Control,32
47.5,A1_Negative_Control,26
47.75,A1_Negative_Control,34
48.0,A1_Negative_Control,30
48.25,A1_Negative_Control,29
0.0,A2_L-Arabinose,32
0.25,A2_L-Arabinose,30
0.5,A2_L-Arabinose,29
0.75,A2_L-Arabinose,33
1.0,A2_L-Arabinose,34
1.25,A2_L-Arabinose,35
1.5,A2_L-Arabinose,32
1.75,A2_L-Arabinose,35
2.0,A2_L-Arabinose,38
2.25,A2_L-Arabinose,33
2.5,A2_L-Arabinose,35
2.75,A2_L-Arabinose,34
3.0,A2_L-Arabinose,34
3.25,A2_L-Arabinose,36
3.5,A2_L-Arabinose,33
3.75,A2_L-Arabinose,33
4.0,A2_L-Arabinose,35
4.25,A2_L-Arabinose,38
4.5,A2_L-Arabinose,34
4.75,A2_L-Arabinose,37
5.0,A2_L-Arabinose,40
5.25,A2_L-Arabinose,33
5.5,A2_L-Arabinose,35
5.75,A2_L-Arabinose,37
6.0,A2_L-Arabinose,37
6.25,A2_L-Arabinose,37
6.5,A2_L-Arabinose,35
6.75,A2_L-Arabinose,37
7.0,A2_L-Arabinose,40
7.25,A2_L-Arabinose,38
7.5,A2_L-Arabinose,39
7.75,A2_L-Arabinose,32
8.0,A2_L-Arabinose,38
8.25,A2_L-Arabinose,40
8.5,A2_L-Arabinose,39
8.75,A2_L-Arabinose,37
9.0,A2_L-Arabinose,40
9.25,A2_L-Arabinose,40
9.5,A2_L-Arabinose,36
9.75,A2_L-Arabinose,35
10.0,A2_L-Arabinose,38
10.25,A2_L-Arabinose,37
10.5,A2_L-Arabinose,36
10.75,A2_L-Arabinose,39
11.0,A2_L-Arabinose,36
11.25,A2_L-Arabinose,37
11.5,A2_L-Arabinose,39
11.75,A2_L-Arabinose,34
12.0,A2_L-Arabinose,42
12.25,A2_L-Arabinose,38
12.5,A2_L-Arabinose,35
12.75,A2_L-Arabinose,38
13.0,A2_L-Arabinose,38
13.25,A2_L-Arabinose,37
13.5,A2_L-Arabinose,40
13.75,A2_L-Arabinose,39
14.0,A2_L-Arabinose,38
14.25,A2_L-Arabinose,42
14.5,A2_L-Arabinose,35
14.75,A2_L-Arabinose,38
15.0,A2_L-Arabinose,38
15.25,A2_L-Arabinose,40
15.5,A2_L-Arabinose,40
15.75,A2_L-Arabinose,39
16.0,A2_L-Arabinose,39
16.25,A2_L-Arabinose,41
16.5,A2_L-Arabinose,39
16.75,A2_L-Arabinose,42
17.0,A2_L-Arabinose,43
17.25,A2_L-Arabinose,40
17.5,A2_L-Arabinose,41
17.75,A2_L-Arabinose,40
18.0,A2_L-Arabinose,38
18.25,A2_L-Arabinose,43
18.5,A2_L-Arabinose,45
18.75,A2_L-Arabinose,41
19.0,A2_L-Arabinose,41
19.25,A2_L-Arabinose,42
19.5,A2_L-Arabinose,41
19.75,A2_L-Arabinose,38
20.0,A2_L-Arabinose,43
20.25,A2_L-Arabinose,42
20.5,A2_L-Arabinose,41
20.75,A2_L-Arabinose,40
21.0,A2_L-Arabinose,38
21.25,A2_L-Arabinose,43
21.5,A2_L-Arabinose,48
21.75,A2_L-Arabinose,45
22.0,A2_L-Arabinose,39
22.25,A2_L-Arabinose,41
22.5,A2_L-Arabinose,42
22.75,A2_L-Arabinose,42
23.0,A2_L-Arabinose,44
23.25,A2_L-Arabinose,44
23.5,A2_L-Arabinose,46
23.75,A2_L-Arabinose,44
24.0,A2_L-Arabinose,44
24.25,A2_L-Arabinose,42
24.5,A2_L-Arabinose,38
24.75,A2_L-Arabinose,43
25.0,A2_L-Arabinose,47
25.25,A2_L-Arabinose,47
25.5,A2_L-Arabinose,42
25.75,A2_L-Arabinose,47
26.0,A2_L-Arabinose,42
26.25,A2_L-Arabinose,44
26.5,A2_L-Arabinose,44
26.75,A2_L-Arabinose,44
27.0,A2_L-Arabinose,46
27.25,A2_L-Arabinose,44
27.5,A2_L-Arabinose,41
27.75,A2_L-Arabinose,44
28.0,A2_L-Arabinose,50
28.25,A2_L-Arabinose,48
28.5,A2_L-Arabinose,50
28.75,A2_L-Arabinose,42
29.0,A2_L-Arabinose,46
29.25,A2_L-Arabinose,40
29.5,A2_L-Arabinose,44
29.75,A2_L-Arabinose,45
30.0,A2_L-Arabinose,49
30.25,A2_L-Arabinose,43
30.5,A2_L-Arabinose,46
30.75,A2_L-Arabinose,45
31.0,A2_L-Arabinose,46
31.25,A2_L-Arabinose,47
31.5,A2_L-Arabinose,47
31.75,A2_L-Arabinose,42
32.0,A2_L-Arabinose,46
32.25,A2_L-Arabinose,50
32.5,A2_L-Arabinose,49
32.75,A2_L-Arabinose,47
33.0,A2_L-Arabinose,44
33.25,A2_L-Arabinose,44
33.5,A2_L-Arabinose,45
33.75,A2_L-Arabinose,49
34.0,A2_L-Arabinose,48
34.25,A2_L-Arabinose,44
34.5,A2_L-Arabinose,51
34.75,A2_L-Arabinose,52
35.0,A2_L-Arabinose,47
35.25,A2_L-Arabinose,51
35.5,A2_L-Arabinose,48
35.75,A2_L-Arabinose,49
36.0,A2_L-Arabinose,49
36.25,A2_L-Arabinose,50
36.5,A2_L-Arabinose,53
36.75,A2_L-Arabinose,50
37.0,A2_L-Arabinose,51
37.25,A2_L-Arabinose,44
37.5,A2_L-Arabinose,52
37.75,A2_L-Arabinose,51
38.0,A2_L-Arabinose,48
38.25,A2_L-Arabinose,49
38.5,A2_L-Arabinose,50
38.75,A2_L-Arabinose,49
39.0,A2_L-Arabinose,53
39.25,A2_L-Arabinose,49
39.5,A2_L-Arabinose,45
39.75,A2_L-Arabinose,51
40.0,A2_L-Arabinose,49
40.25,A2_L-Arabinose,52
40.5,A2_L-Arabinose,50
40.75,A2_L-Arabinose,50
41.0,A2_L-Arabinose,50
41.25,A2_L-Arabinose,52
41.5,A2_L-Arabinose,51
41.75,A2_L-Arabinose,51
42.0,A2_L-Arabinose,53
42.25,A2_L-Arabinose,50
42.5,A2_L-Arabinose,50
42.75,A2_L-Arabinose,51
43.0,A2_L-Arabinose,51
43.25,A2_L-Arabinose,52
43.5,A2_L-Arabinose,48
43.75,A2_L-Arabinose,49
44.0,A2_L-Arabinose,48
44.25,A2_L-Arabinose,50
44.5,A2_L-Arabinose,50
44.75,A2_L-Arabinose,49
45.0,A2_L-Arabinose,49
45.25,A2_L-Arabinose,51
45.5,A2_L-Arabinose,49
45.75,A2_L-Arabinose,49
46.0,A2_L-Arabinose,46
46.25,A2_L-Arabinose,53
46.5,A2_L-Arabinose,52
46.75,A2_L-Arabinose,54
47.0,A2_L-Arabinose,49
47.25,A2_L-Arabinose,50
47.5,A2_L-Arabinose,52
47.75,A2_L-Arabinose,52
48.0,A2_L-Arabinose,55
48.25,A2_L-Arabinose,50
0.0,A3_N-Acetyl-D_Glucosamine,18
0.25,A3_N-Acetyl-D_Glucosamine,20
0.5,A3_N-Acetyl-D_Glucosamine,18
0.75,A3_N-Acetyl-D_Glucosamine,17
1.0,A3_N-Acetyl-D_Glucosamine,19
1.25,A3_N-Acetyl-D_Glucosamine,19
1.5,A3_N-Acetyl-D_Glucosamine,16
1.75,A3_N-Acetyl-D_Glucosamine,19
2.0,A3_N-Acetyl-D_Glucosamine,16
2.25,A3_N-Acetyl-D_Glucosamine,16
2.5,A3_N-Acetyl-D_Glucosamine,18
2.75,A3_N-Acetyl-D_Glucosamine,17
3.0,A3_N-Acetyl-D_Glucosamine,17
3.25,A3_N-Acetyl-D_Glucosamine,16
3.5,A3_N-Acetyl-D_Glucosamine,18
3.75,A3_N-Acetyl-D_Glucosamine,14
4.0,A3_N-Acetyl-D_Glucosamine,16
4.25,A3_N-Acetyl-D_Glucosamine,21
4.5,A3_N-Acetyl-D_Glucosamine,16
4.75,A3_N-Acetyl-D_Glucosamine,15
5.0,A3_N-Acetyl-D_Glucosamine,19
5.25,A3_N-Acetyl-D_Glucosamine,19
5.5,A3_N-Acetyl-D_Glucosamine,16
5.75,A3_N-Acetyl-D_Glucosamine,16
6.0,A3_N-Acetyl-D_Glucosamine,16
6.25,A3_N-Acetyl-D_Glucosamine,13
6.5,A3_N-Acetyl-D_Glucosamine,14
6.75,A3_N-Acetyl-D_Glucosamine,17
7.0,A3_N-Acetyl-D_Glucosamine,16
7.25,A3_N-Acetyl-D_Glucosamine,21
7.5,A3_N-Acetyl-D_Glucosamine,16
7.75,A3_N-Acetyl-D_Glucosamine,19
8.0,A3_N-Acetyl-D_Glucosamine,24
8.25,A3_N-Acetyl-D_Glucosamine,21
8.5,A3_N-Acetyl-D_Glucosamine,16
8.75,A3_N-Acetyl-D_Glucosamine,22
9.0,A3_N-Acetyl-D_Glucosamine,20
9.25,A3_N-Acetyl-D_Glucosamine,19
9.5,A3_N-Acetyl-D_Glucosamine,17
9.75,A3_N-Acetyl-D_Glucosamine,19
10.0,A3_N-Acetyl-D_Glucosamine,16
10.25,A3_N-Acetyl-D_Glucosamine,17
10.5,A3_N-Acetyl-D_Glucosamine,20
10.75,A3_N-Acetyl-D_Glucosamine,19
11.0,A3_N-Acetyl-D_Glucosamine,19
11.25,A3_N-Acetyl-D_Glucosamine,21
11.5,A3_N-Acetyl-D_Glucosamine,23
11.75,A3_N-Acetyl-D_Glucosamine,20
12.0,A3_N-Acetyl-D_Glucosamine,24
12.25,A3_N-Acetyl-D_Glucosamine,23
12.5,A3_N-Acetyl-D_Glucosamine,18
12.75,A3_N-Acetyl-D_Glucosamine,20
13.0,A3_N-Acetyl-D_Glucosamine,20
13.25,A3_N-Acetyl-D_Glucosamine,25
13.5,A3_N-Acetyl-D_Glucosamine,23
13.75,A3_N-Acetyl-D_Glucosamine,24
14.0,A3_N-Acetyl-D_Glucosamine,22
14.25,A3_N-Acetyl-D_Glucosamine,21
14.5,A3_N-Acetyl-D_Glucosamine,23
14.75,A3_N-Acetyl-D_Glucosamine,26
15.0,A3_N-Acetyl-D_Glucosamine,25
15.25,A3_N-Acetyl-D_Glucosamine,25
15.5,A3_N-Acetyl-D_Glucosamine,26
15.75,A3_N-Acetyl-D_Glucosamine,27
16.0,A3_N-Acetyl-D_Glucosamine,26
16.25,A3_N-Acetyl-D_Glucosamine,23
16.5,A3_N-Acetyl-D_Glucosamine,24
16.75,A3_N-Acetyl-D_Glucosamine,25
17.0,A3_N-Acetyl-D_Glucosamine,29
17.25,A3_N-Acetyl-D_Glucosamine,34
17.5,A3_N-Acetyl-D_Glucosamine,31
17.75,A3_N-Acetyl-D_Glucosamine,31
18.0,A3_N-Acetyl-D_Glucosamine,28
18.25,A3_N-Acetyl-D_Glucosamine,30
18.5,A3_N-Acetyl-D_Glucosamine,32
18.75,A3_N-Acetyl-D_Glucosamine,31
19.0,A3_N-Acetyl-D_Glucosamine,25
19.25,A3_N-Acetyl-D_Glucosamine,31
19.5,A3_N-Acetyl-D_Glucosamine,32
19.75,A3_N-Acetyl-D_Glucosamine,31
20.0,A3_N-Acetyl-D_Glucosamine,27
20.25,A3_N-Acetyl-D_Glucosamine,31
20.5,A3_N-Acetyl-D_Glucosamine,30
20.75,A3_N-Acetyl-D_Glucosamine,32
21.0,A3_N-Acetyl-D_Glucosamine,26
21.25,A3_N-Acetyl-D_Glucosamine,33
21.5,A3_N-Acetyl-D_Glucosamine,28
21.75,A3_N-Acetyl-D_Glucosamine,30
22.0,A3_N-Acetyl-D_Glucosamine,30
22.25,A3_N-Acetyl-D_Glucosamine,26
22.5,A3_N-Acetyl-D_Glucosamine,32
22.75,A3_N-Acetyl-D_Glucosamine,35
23.0,A3_N-Acetyl-D_Glucosamine,31
23.25,A3_N-Acetyl-D_Glucosamine,31
23.5,A3_N-Acetyl-D_Glucosamine,32
23.75,A3_N-Acetyl-D_Glucosamine,34
24.0,A3_N-Acetyl-D_Glucosamine,32
24.25,A3_N-Acetyl-D_Glucosamine,31
24.5,A3_N-Acetyl-D_Glucosamine,32
24.75,A3_N-Acetyl-D_Glucosamine,34
25.0,A3_N-Acetyl-D_Glucosamine,33
25.25,A3_N-Acetyl-D_Glucosamine,33
25.5,A3_N-Acetyl-D_Glucosamine,30
25.75,A3_N-Acetyl-D_Glucosamine,33
26.0,A3_N-Acetyl-D_Glucosamine,35
26.25,A3_N-Acetyl-D_Glucosamine,33
26.5,A3_N-Acetyl-D_Glucosamine,37
26.75,A3_N-Acetyl-D_Glucosamine,36
27.0,A3_N-Acetyl-D_Glucosamine,35
27.25,A3_N-Acetyl-D_Glucosamine,36
27.5,A3_N-Acetyl-D_Glucosamine,35
27.75,A3_N-Acetyl-D_Glucosamine,31
28.0,A3_N-Acetyl-D_Glucosamine,36
28.25,A3_N-Acetyl-D_Glucosamine,36
28.5,A3_N-Acetyl-D_Glucosamine,40
28.75,A3_N-Acetyl-D_Glucosamine,35
29.0,A3_N-Acetyl-D_Glucosamine,38
29.25,A3_N-Acetyl-D_Glucosamine,37
29.5,A3_N-Acetyl-D_Glucosamine,40
29.75,A3_N-Acetyl-D_Glucosamine,40
30.0,A3_N-Acetyl-D_Glucosamine,38
30.25,A3_N-Acetyl-D_Glucosamine,38
30.5,A3_N-Acetyl-D_Glucosamine,38
30.75,A3_N-Acetyl-D_Glucosamine,41
31.0,A3_N-Acetyl-D_Glucosamine,39
31.25,A3_N-Acetyl-D_Glucosamine,43
31.5,A3_N-Acetyl-D_Glucosamine,43
31.75,A3_N-Acetyl-D_Glucosamine,42
32.0,A3_N-Acetyl-D_Glucosamine,43
32.25,A3_N-Acetyl-D_Glucosamine,39
32.5,A3_N-Acetyl-D_Glucosamine,44
32.75,A3_N-Acetyl-D_Glucosamine,43
33.0,A3_N-Acetyl-D_Glucosamine,43
33.25,A3_N-Acetyl-D_Glucosamine,42
33.5,A3_N-Acetyl-D_Glucosamine,45
33.75,A3_N-Acetyl-D_Glucosamine,45
34.0,A3_N-Acetyl-D_Glucosamine,45
34.25,A3_N-Acetyl-D_Glucosamine,50
34.5,A3_N-Acetyl-D_Glucosamine,49
34.75,A3_N-Acetyl-D_Glucosamine,48
35.0,A3_N-Acetyl-D_Glucosamine,46
35.25,A3_N-Acetyl-D_Glucosamine,52
35.5,A3_N-Acetyl-D_Glucosamine,52
35.75,A3_N-Acetyl-D_Glucosamine,49
36.0,A3_N-Acetyl-D_Glucosamine,50
36.25,A3_N-Acetyl-D_Glucosamine,49
36.5,A3_N-Acetyl-D_Glucosamine,56
36.75,A3_N-Acetyl-D_Glucosamine,55
37.0,A3_N-Acetyl-D_Glucosamine,54
37.25,A3_N-Acetyl-D_Glucosamine,50
37.5,A3_N-Acetyl-D_Glucosamine,57
37.75,A3_N-Acetyl-D_Glucosamine,56
38.0,A3_N-Acetyl-D_Glucosamine,57
38.25,A3_N-Acetyl-D_Glucosamine,58
38.5,A3_N-Acetyl-D_Glucosamine,61
38.75,A3_N-Acetyl-D_Glucosamine,61
39.0,A3_N-Acetyl-D_Glucosamine,58
39.25,A3_N-Acetyl-D_Glucosamine,61
39.5,A3_N-Acetyl-D_Glucosamine,69
39.75,A3_N-Acetyl-D_Glucosamine,70
40.0,A3_N-Acetyl-D_Glucosamine,69
40.25,A3_N-Acetyl-D_Glucosamine,71
40.5,A3_N-Acetyl-D_Glucosamine,67
40.75,A3_N-Acetyl-D_Glucosamine,74
41.0,A3_N-Acetyl-D_Glucosamine,75
41.25,A3_N-Acetyl-D_Glucosamine,73
41.5,A3_N-Acetyl-D_Glucosamine,65
41.75,A3_N-Acetyl-D_Glucosamine,67
42.0,A3_N-Acetyl-D_Glucosamine,66
42.25,A3_N-Acetyl-D_Glucosamine,66
42.5,A3_N-Acetyl-D_Glucosamine,66
42.75,A3_N-Acetyl-D_Glucosamine,67
43.0,A3_N-Acetyl-D_Glucosamine,66
43.25,A3_N-Acetyl-D_Glucosamine,69
43.5,A3_N-Acetyl-D_Glucosamine,69
43.75,A3_N-Acetyl-D_Glucosamine,71
44.0,A3_N-Acetyl-D_Glucosamine,70
44.25,A3_N-Acetyl-D_Glucosamine,73
44.5,A3_N-Acetyl-D_Glucosamine,71
44.75,A3_N-Acetyl-D_Glucosamine,72
45.0,A3_N-Acetyl-D_Glucosamine,74
45.25,A3_N-Acetyl-D_Glucosamine,75
45.5,A3_N-Acetyl-D_Glucosamine,75
45.75,A3_N-Acetyl-D_Glucosamine,80
46.0,A3_N-Acetyl-D_Glucosamine,75
46.25,A3_N-Acetyl-D_Glucosamine,83
46.5,A3_N-Acetyl-D_Glucosamine,79
46.75,A3_N-Acetyl-D_Glucosamine,78
47.0,A3_N-Acetyl-D_Glucosamine,81
47.25,A3_N-Acetyl-D_Glucosamine,82
47.5,A3_N-Acetyl-D_Glucosamine,86
47.75,A3_N-Acetyl-D_Glucosamine,83
48.0,A3_N-Acetyl-D_Glucosamine,83
48.25,A3_N-Acetyl-D_Glucosamine,85
0.0,A4_D-Saccharic_Acid,18
0.25,A4_D-Saccharic_Acid,16
0.5,A4_D-Saccharic_Acid,15
0.75,A4_D-Saccharic_Acid,12
1.0,A4_D-Saccharic_Acid,17
1.25,A4_D-Saccharic_Acid,17
1.5,A4_D-Saccharic_Acid,17
1.75,A4_D-Saccharic_Acid,15
2.0,A4_D-Saccharic_Acid,18
2.25,A4_D-Saccharic_Acid,15
2.5,A4_D-Saccharic_Acid,16
2.75,A4_D-Saccharic_Acid,16
3.0,A4_D-Saccharic_Acid,18
3.25,A4_D-Saccharic_Acid,14
3.5,A4_D-Saccharic_Acid,18
3.75,A4_D-Saccharic_Acid,15
4.0,A4_D-Saccharic_Acid,15
4.25,A4_D-Saccharic_Acid,13
4.5,A4_D-Saccharic_Acid,18
4.75,A4_D-Saccharic_Acid,15
5.0,A4_D-Saccharic_Acid,18
5.25,A4_D-Saccharic_Acid,14
5.5,A4_D-Saccharic_Acid,17
5.75,A4_D-Saccharic_Acid,15
6.0,A4_D-Saccharic_Acid,17
6.25,A4_D-Saccharic_Acid,16
6.5,A4_D-Saccharic_Acid,16
6.75,A4_D-Saccharic_Acid,13
7.0,A4_D-Saccharic_Acid,16
7.25,A4_D-Saccharic_Acid,16
7.5,A4_D-Saccharic_Acid,16
7.75,A4_D-Saccharic_Acid,14
8.0,A4_D-Saccharic_Acid,17
8.25,A4_D-Saccharic_Acid,16
8.5,A4_D-Saccharic_Acid,13
8.75,A4_D-Saccharic_Acid,19
9.0,A4_D-Saccharic_Acid,18
9.25,A4_D-Saccharic_Acid,19
9.5,A4_D-Saccharic_Acid,13
9.75,A4_D-Saccharic_Acid,18
10.0,A4_D-Saccharic_Acid,18
10.25,A4_D-Saccharic_Acid,19
10.5,A4_D-Saccharic_Acid,18
10.75,A4_D-Saccharic_Acid,17
11.0,A4_D-Saccharic_Acid,21
11.25,A4_D-Saccharic_Acid,20
11.5,A4_D-Saccharic_Acid,21
11.75,A4_D-Saccharic_Acid,14
12.0,A4_D-Saccharic_Acid,18
12.25,A4_D-Saccharic_Acid,20
12.5,A4_D-Saccharic_Acid,21
12.75,A4_D-Saccharic_Acid,21
13.0,A4_D-Saccharic_Acid,21
13.25,A4_D-Saccharic_Acid,17
13.5,A4_D-Saccharic_Acid,22
13.75,A4_D-Saccharic_Acid,19
14.0,A4_D-Saccharic_Acid,18
14.25,A4_D-Saccharic_Acid,21
14.5,A4_D-Saccharic_Acid,19
14.75,A4_D-Saccharic_Acid,24
15.0,A4_D-Saccharic_Acid,21
15.25,A4_D-Saccharic_Acid,19
15.5,A4_D-Saccharic_Acid,19
15.75,A4_D-Saccharic_Acid,23
16.0,A4_D-Saccharic_Acid,24
16.25,A4_D-Saccharic_Acid,20
16.5,A4_D-Saccharic_Acid,21
16.75,A4_D-Saccharic_Acid,19
17.0,A4_D-Saccharic_Acid,28
17.25,A4_D-Saccharic_Acid,24
17.5,A4_D-Saccharic_Acid,23
17.75,A4_D-Saccharic_Acid,26
18.0,A4_D-Saccharic_Acid,29
18.25,A4_D-Saccharic_Acid,24
18.5,A4_D-Saccharic_Acid,26
18.75,A4_D-Saccharic_Acid,25
19.0,A4_D-Saccharic_Acid,24
19.25,A4_D-Saccharic_Acid,25
19.5,A4_D-Saccharic_Acid,24
19.75,A4_D-Saccharic_Acid,23
20.0,A4_D-Saccharic_Acid,25
20.25,A4_D-Saccharic_Acid,28
20.5,A4_D-Saccharic_Acid,25
20.75,A4_D-Saccharic_Acid,24
21.0,A4_D-Saccharic_Acid,25
21.25,A4_D-Saccharic_Acid,27
21.5,A4_D-Saccharic_Acid,27
21.75,A4_D-Saccharic_Acid,23
22.0,A4_D-Saccharic_Acid,21
22.25,A4_D-Saccharic_Acid,25
22.5,A4_D-Saccharic_Acid,29
22.75,A4_D-Saccharic_Acid,26
23.0,A4_D-Saccharic_Acid,26
23.25,A4_D-Saccharic_Acid,23
23.5,A4_D-Saccharic_Acid,30
23.75,A4_D-Saccharic_Acid,27
24.0,A4_D-Saccharic_Acid,20
24.25,A4_D-Saccharic_Acid,28
24.5,A4_D-Saccharic_Acid,28
24.75,A4_D-Saccharic_Acid,21
25.0,A4_D-Saccharic_Acid,29
25.25,A4_D-Saccharic_Acid,28
25.5,A4_D-Saccharic_Acid,30
25.75,A4_D-Saccharic_Acid,25
26.0,A4_D-Saccharic_Acid,23
26.25,A4_D-Saccharic_Acid,27
26.5,A4_D-Saccharic_Acid,28
26.75,A4_D-Saccharic_Acid,26
27.0,A4_D-Saccharic_Acid,28
27.25,A4_D-Saccharic_Acid,27
27.5,A4_D-Saccharic_Acid,23
27.75,A4_D-Saccharic_Acid,24
28.0,A4_D-Saccharic_Acid,33
28.25,A4_D-Saccharic_Acid,31
28.5,A4_D-Saccharic_Acid,29
28.75,A4_D-Saccharic_Acid,27
29.0,A4_D-Saccharic_Acid,27
29.25,A4_D-Saccharic_Acid,26
29.5,A4_D-Saccharic_Acid,28
29.75,A4_D-Saccharic_Acid,29
30.0,A4_D-Saccharic_Acid,26
30.25,A4_D-Saccharic_Acid,25
30.5,A4_D-Saccharic_Acid,26
30.75,A4_D-Saccharic_Acid,24
31.0,A4_D-Saccharic_Acid,24
31.25,A4_D-Saccharic_Acid,27
31.5,A4_D-Saccharic_Acid,26
31.75,A4_D-Saccharic_Acid,29
32.0,A4_D-Saccharic_Acid,26
32.25,A4_D-Saccharic_Acid,27
32.5,A4_D-Saccharic_Acid,30
32.75,A4_D-Saccharic_Acid,21
33.0,A4_D-Saccharic_Acid,22
33.25,A4_D-Saccharic_Acid,27
33.5,A4_D-Saccharic_Acid,24
33.75,A4_D-Saccharic_Acid,24
34.0,A4_D-Saccharic_Acid,26
34.25,A4_D-Saccharic_Acid,31
34.5,A4_D-Saccharic_Acid,29
34.75,A4_D-Saccharic_Acid,25
35.0,A4_D-Saccharic_Acid,22
35.25,A4_D-Saccharic_Acid,26
35.5,A4_D-Saccharic_Acid,30
35.75,A4_D-Saccharic_Acid,26
36.0,A4_D-Saccharic_Acid,26
36.25,A4_D-Saccharic_Acid,23
36.5,A4_D-Saccharic_Acid,23
36.75,A4_D-Saccharic_Acid,28
37.0,A4_D-Saccharic_Acid,26
37.25,A4_D-Saccharic_Acid,26
37.5,A4_D-Saccharic_Acid,21
37.75,A4_D-Saccharic_Acid,24
38.0,A4_D-Saccharic_Acid,26
38.25,A4_D-Saccharic_Acid,24
38.5,A4_D-Saccharic_Acid,25
38.75,A4_D-Saccharic_Acid,24
39.0,A4_D-Saccharic_Acid,25
39.25,A4_D-Saccharic_Acid,27
39.5,A4_D-Saccharic_Acid,26
39.75,A4_D-Saccharic_Acid,25
40.0,A4_D-Saccharic_Acid,22
40.25,A4_D-Saccharic_Acid,25
40.5,A4_D-Saccharic_Acid,22
40.75,A4_D-Saccharic_Acid,25
41.0,A4_D-Saccharic_Acid,24
41.25,A4_D-Saccharic_Acid,29
41.5,A4_D-Saccharic_Acid,26
41.75,A4_D-Saccharic_Acid,20
42.0,A4_D-Saccharic_Acid,23
42.25,A4_D-Saccharic_Acid,26
42.5,A4_D-Saccharic_Acid,26
42.75,A4_D-Saccharic_Acid,24
43.0,A4_D-Saccharic_Acid,25
43.25,A4_D-Saccharic_Acid,24
43.5,A4_D-Saccharic_Acid,22
43.75,A4_D-Saccharic_Acid,24
44.0,A4_D-Saccharic_Acid,26
44.25,A4_D-Saccharic_Acid,26
44.5,A4_D-Saccharic_Acid,21
44.75,A4_D-Saccharic_Acid,23
45.0,A4_D-Saccharic_Acid,22
45.25,A4_D-Saccharic_Acid,21
45.5,A4_D-Saccharic_Acid,22
45.75,A4_D-Saccharic_Acid,23
46.0,A4_D-Saccharic_Acid,25
46.25,A4_D-Saccharic_Acid,27
46.5,A4_D-Saccharic_Acid,25
46.75,A4_D-Saccharic_Acid,25
47.0,A4_D-Saccharic_Acid,27
47.25,A4_D-Saccharic_Acid,23
47.5,A4_D-Saccharic_Acid,25
47.75,A4_D-Saccharic_Acid,25
48.0,A4_D-Saccharic_Acid,28
48.25,A4_D-Saccharic_Acid,25
0.0,A5_Succinic_Acid,15
0.25,A5_Succinic_Acid,15
0.5,A5_Succinic_Acid,18
0.75,A5_Succinic_Acid,16
1.0,A5_Succinic_Acid,13
1.25,A5_Succinic_Acid,15
1.5,A5_Succinic_Acid,13
1.75,A5_Succinic_Acid,11
2.0,A5_Succinic_Acid,16
2.25,A5_Succinic_Acid,12
2.5,A5_Succinic_Acid,12
2.75,A5_Succinic_Acid,14
3.0,A5_Succinic_Acid,13
3.25,A5_Succinic_Acid,14
3.5,A5_Succinic_Acid,14
3.75,A5_Succinic_Acid,11
4.0,A5_Succinic_Acid,12
4.25,A5_Succinic_Acid,15
4.5,A5_Succinic_Acid,15
4.75,A5_Succinic_Acid,14
5.0,A5_Succinic_Acid,15
5.25,A5_Succinic_Acid,14
5.5,A5_Succinic_Acid,12
5.75,A5_Succinic_Acid,12
6.0,A5_Succinic_Acid,13
6.25,A5_Succinic_Acid,12
6.5,A5_Succinic_Acid,11
6.75,A5_Succinic_Acid,12
7.0,A5_Succinic_Acid,15
7.25,A5_Succinic_Acid,15
7.5,A5_Succinic_Acid,13
7.75,A5_Succinic_Acid,11
8.0,A5_Succinic_Acid,13
8.25,A5_Succinic_Acid,18
8.5,A5_Succinic_Acid,11
8.75,A5_Succinic_Acid,11
9.0,A5_Succinic_Acid,14
9.25,A5_Succinic_Acid,13
9.5,A5_Succinic_Acid,13
9.75,A5_Succinic_Acid,12
10.0,A5_Succinic_Acid,15
10.25,A5_Succinic_Acid,16
10.5,A5_Succinic_Acid,15
10.75,A5_Succinic_Acid,14
11.0,A5_Succinic_Acid,18
11.25,A5_Succinic_Acid,16
11.5,A5_Succinic_Acid,12
11.75,A5_Succinic_Acid,11
12.0,A5_Succinic_Acid,16
12.25,A5_Succinic_Acid,14
12.5,A5_Succinic_Acid,15
12.75,A5_Succinic_Acid,17
13.0,A5_Succinic_Acid,12
13.25,A5_Succinic_Acid,18
13.5,A5_Succinic_Acid,14
13.75,A5_Succinic_Acid,18
14.0,A5_Succinic_Acid,15
14.25,A5_Succinic_Acid,16
14.5,A5_Succinic_Acid,20
14.75,A5_Succinic_Acid,14
15.0,A5_Succinic_Acid,15
15.25,A5_Succinic_Acid,13
15.5,A5_Succinic_Acid,15
15.75,A5_Succinic_Acid,19
16.0,A5_Succinic_Acid,18
16.25,A5_Succinic_Acid,18
16.5,A5_Succinic_Acid,11
16.75,A5_Succinic_Acid,15
17.0,A5_Succinic_Acid,21
17.25,A5_Succinic_Acid,20
17.5,A5_Succinic_Acid,22
17.75,A5_Succinic_Acid,18
18.0,A5_Succinic_Acid,17
18.25,A5_Succinic_Acid,19
18.5,A5_Succinic_Acid,20
18.75,A5_Succinic_Acid,18
19.0,A5_Succinic_Acid,19
19.25,A5_Succinic_Acid,21
19.5,A5_Succinic_Acid,21
19.75,A5_Succinic_Acid,20
20.0,A5_Succinic_Acid,22
20.25,A5_Succinic_Acid,21
20.5,A5_Succinic_Acid,22
20.75,A5_Succinic_Acid,20
21.0,A5_Succinic_Acid,16
21.25,A5_Succinic_Acid,21
21.5,A5_Succinic_Acid,24
21.75,A5_Succinic_Acid,18
22.0,A5_Succinic_Acid,23
22.25,A5_Succinic_Acid,19
22.5,A5_Succinic_Acid,21
22.75,A5_Succinic_Acid,20
23.0,A5_Succinic_Acid,19
23.25,A5_Succinic_Acid,19
23.5,A5_Succinic_Acid,19
23.75,A5_Succinic_Acid,19
24.0,A5_Succinic_Acid,23
24.25,A5_Succinic_Acid,20
24.5,A5_Succinic_Acid,20
24.75,A5_Succinic_Acid,19
25.0,A5_Succinic_Acid,23
25.25,A5_Succinic_Acid,22
25.5,A5_Succinic_Acid,20
25.75,A5_Succinic_Acid,23
26.0,A5_Succinic_Acid,23
26.25,A5_Succinic_Acid,19
26.5,A5_Succinic_Acid,22
26.75,A5_Succinic_Acid,21
27.0,A5_Succinic_Acid,26
27.25,A5_Succinic_Acid,20
27.5,A5_Succinic_Acid,18
27.75,A5_Succinic_Acid,24
28.0,A5_Succinic_Acid,27
28.25,A5_Succinic_Acid,28
28.5,A5_Succinic_Acid,27
28.75,A5_Succinic_Acid,25
29.0,A5_Succinic_Acid,21
29.25,A5_Succinic_Acid,25
29.5,A5_Succinic_Acid,23
29.75,A5_Succinic_Acid,23
30.0,A5_Succinic_Acid,22
30.25,A5_Succinic_Acid,24
30.5,A5_Succinic_Acid,28
30.75,A5_Succinic_Acid,24
31.0,A5_Succinic_Acid,24
31.25,A5_Succinic_Acid,26
31.5,A5_Succinic_Acid,24
31.75,A5_Succinic_Acid,27
32.0,A5_Succinic_Acid,25
32.25,A5_Succinic_Acid,22
32.5,A5_Succinic_Acid,26
32.75,A5_Succinic_Acid,20
33.0,A5_Succinic_Acid,28
33.25,A5_Succinic_Acid,26
33.5,A5_Succinic_Acid,23
33.75,A5_Succinic_Acid,23
34.0,A5_Succinic_Acid,26
34.25,A5_Succinic_Acid,24
34.5,A5_Succinic_Acid,26
34.75,A5_Succinic_Acid,26
35.0,A5_Succinic_Acid,28
35.25,A5_Succinic_Acid,27
35.5,A5_Succinic_Acid,27
35.75,A5_Succinic_Acid,28
36.0,A5_Succinic_Acid,24
36.25,A5_Succinic_Acid,29
36.5,A5_Succinic_Acid,30
36.75,A5_Succinic_Acid,27
37.0,A5_Succinic_Acid,29
37.25,A5_Succinic_Acid,23
37.5,A5_Succinic_Acid,28
37.75,A5_Succinic_Acid,27
38.0,A5_Succinic_Acid,21
38.25,A5_Succinic_Acid,30
38.5,A5_Succinic_Acid,31
38.75,A5_Succinic_Acid,28
39.0,A5_Succinic_Acid,30
39.25,A5_Succinic_Acid,33
39.5,A5_Succinic_Acid,31
39.75,A5_Succinic_Acid,29
40.0,A5_Succinic_Acid,32
40.25,A5_Succinic_Acid,36
40.5,A5_Succinic_Acid,30
40.75,A5_Succinic_Acid,33
41.0,A5_Succinic_Acid,34
41.25,A5_Succinic_Acid,34
41.5,A5_Succinic_Acid,32
41.75,A5_Succinic_Acid,33
42.0,A5_Succinic_Acid,31
42.25,A5_Succinic_Acid,32
42.5,A5_Succinic_Acid,35
42.75,A5_Succinic_Acid,36
43.0,A5_Succinic_Acid,31
43.25,A5_Succinic_Acid,32
43.5,A5_Succinic_Acid,36
43.75,A5_Succinic_Acid,34
44.0,A5_Succinic_Acid,34
44.25,A5_Succinic_Acid,35
44.5,A5_Succinic_Acid,37
44.75,A5_Succinic_Acid,36
45.0,A5_Succinic_Acid,34
45.25,A5_Succinic_Acid,40
45.5,A5_Succinic_Acid,36
45.75,A5_Succinic_Acid,36
46.0,A5_Succinic_Acid,39
46.25,A5_Succinic_Acid,39
46.5,A5_Succinic_Acid,39
46.75,A5_Succinic_Acid,41
47.0,A5_Succinic_Acid,44
47.25,A5_Succinic_Acid,43
47.5,A5_Succinic_Acid,44
47.75,A5_Succinic_Acid,45
48.0,A5_Succinic_Acid,40
48.25,A5_Succinic_Acid,46
0.0,A6_D-Galactose,20
0.25,A6_D-Galactose,11
0.5,A6_D-Galactose,16
0.75,A6_D-Galactose,12
1.0,A6_D-Galactose,12
1.25,A6_D-Galactose,12
1.5,A6_D-Galactose,12
1.75,A6_D-Galactose,11
2.0,A6_D-Galactose,18
2.25,A6_D-Galactose,11
2.5,A6_D-Galactose,11
2.75,A6_D-Galactose,13
3.0,A6_D-Galactose,11
3.25,A6_D-Galactose,11
3.5,A6_D-Galactose,16
3.75,A6_D-Galactose,11
4.0,A6_D-Galactose,11
4.25,A6_D-Galactose,12
4.5,A6_D-Galactose,12
4.75,A6_D-Galactose,11
5.0,A6_D-Galactose,13
5.25,A6_D-Galactose,11
5.5,A6_D-Galactose,11
5.75,A6_D-Galactose,11
6.0,A6_D-Galactose,11
6.25,A6_D-Galactose,11
6.5,A6_D-Galactose,14
6.75,A6_D-Galactose,11
7.0,A6_D-Galactose,11
7.25,A6_D-Galactose,12
7.5,A6_D-Galactose,12
7.75,A6_D-Galactose,11
8.0,A6_D-Galactose,13
8.25,A6_D-Galactose,11
8.5,A6_D-Galactose,12
8.75,A6_D-Galactose,11
9.0,A6_D-Galactose,15
9.25,A6_D-Galactose,14
9.5,A6_D-Galactose,14
9.75,A6_D-Galactose,13
10.0,A6_D-Galactose,14
10.25,A6_D-Galactose,14
10.5,A6_D-Galactose,11
10.75,A6_D-Galactose,13
11.0,A6_D-Galactose,15
11.25,A6_D-Galactose,14
11.5,A6_D-Galactose,13
11.75,A6_D-Galactose,11
12.0,A6_D-Galactose,17
12.25,A6_D-Galactose,15
12.5,A6_D-Galactose,14
12.75,A6_D-Galactose,15
13.0,A6_D-Galactose,18
13.25,A6_D-Galactose,14
13.5,A6_D-Galactose,14
13.75,A6_D-Galactose,17
14.0,A6_D-Galactose,18
14.25,A6_D-Galactose,19
14.5,A6_D-Galactose,18
14.75,A6_D-Galactose,20
15.0,A6_D-Galactose,16
15.25,A6_D-Galactose,18
15.5,A6_D-Galactose,17
15.75,A6_D-Galactose,19
16.0,A6_D-Galactose,20
16.25,A6_D-Galactose,20
16.5,A6_D-Galactose,18
16.75,A6_D-Galactose,19
17.0,A6_D-Galactose,19
17.25,A6_D-Galactose,23
17.5,A6_D-Galactose,21
17.75,A6_D-Galactose,23
18.0,A6_D-Galactose,20
18.25,A6_D-Galactose,19
18.5,A6_D-Galactose,22
18.75,A6_D-Galactose,22
19.0,A6_D-Galactose,20
19.25,A6_D-Galactose,20
19.5,A6_D-Galactose,20
19.75,A6_D-Galactose,21
20.0,A6_D-Galactose,24
20.25,A6_D-Galactose,25
20.5,A6_D-Galactose,20
20.75,A6_D-Galactose,22
21.0,A6_D-Galactose,23
21.25,A6_D-Galactose,24
21.5,A6_D-Galactose,22
21.75,A6_D-Galactose,24
22.0,A6_D-Galactose,20
22.25,A6_D-Galactose,20
22.5,A6_D-Galactose,22
22.75,A6_D-Galactose,23
23.0,A6_D-Galactose,21
23.25,A6_D-Galactose,23
23.5,A6_D-Galactose,19
23.75,A6_D-Galactose,18
24.0,A6_D-Galactose,25
24.25,A6_D-Galactose,27
24.5,A6_D-Galactose,25
24.75,A6_D-Galactose,22
25.0,A6_D-Galactose,29
25.25,A6_D-Galactose,19
25.5,A6_D-Galactose,23
25.75,A6_D-Galactose,26
26.0,A6_D-Galactose,24
26.25,A6_D-Galactose,25
26.5,A6_D-Galactose,17
26.75,A6_D-Galactose,22
27.0,A6_D-Galactose,24
27.25,A6_D-Galactose,21
27.5,A6_D-Galactose,23
27.75,A6_D-Galactose,23
28.0,A6_D-Galactose,22
28.25,A6_D-Galactose,26
28.5,A6_D-Galactose,27
28.75,A6_D-Galactose,20
29.0,A6_D-Galactose,24
29.25,A6_D-Galactose,23
29.5,A6_D-Galactose,22
29.75,A6_D-Galactose,19
30.0,A6_D-Galactose,22
30.25,A6_D-Galactose,22
30.5,A6_D-Galactose,25
30.75,A6_D-Galactose,21
31.0,A6_D-Galactose,19
31.25,A6_D-Galactose,23
31.5,A6_D-Galactose,22
31.75,A6_D-Galactose,25
32.0,A6_D-Galactose,25
32.25,A6_D-Galactose,23
32.5,A6_D-Galactose,24
32.75,A6_D-Galactose,22
33.0,A6_D-Galactose,19
33.25,A6_D-Galactose,20
33.5,A6_D-Galactose,22
33.75,A6_D-Galactose,24
34.0,A6_D-Galactose,22
34.25,A6_D-Galactose,25
34.5,A6_D-Galactose,25
34.75,A6_D-Galactose,22
35.0,A6_D-Galactose,19
35.25,A6_D-Galactose,21
35.5,A6_D-Galactose,19
35.75,A6_D-Galactose,20
36.0,A6_D-Galactose,24
36.25,A6_D-Galactose,21
36.5,A6_D-Galactose,20
36.75,A6_D-Galactose,26
37.0,A6_D-Galactose,20
37.25,A6_D-Galactose,22
37.5,A6_D-Galactose,23
37.75,A6_D-Galactose,16
38.0,A6_D-Galactose,21
38.25,A6_D-Galactose,20
38.5,A6_D-Galactose,22
38.75,A6_D-Galactose,21
39.0,A6_D-Galactose,20
39.25,A6_D-Galactose,23
39.5,A6_D-Galactose,24
39.75,A6_D-Galactose,19
40.0,A6_D-Galactose,21
40.25,A6_D-Galactose,18
40.5,A6_D-Galactose,19
40.75,A6_D-Galactose,23
41.0,A6_D-Galactose,20
41.25,A6_D-Galactose,26
41.5,A6_D-Galactose,19
41.75,A6_D-Galactose,24
42.0,A6_D-Galactose,23
42.25,A6_D-Galactose,21
42.5,A6_D-Galactose,22
42.75,A6_D-Galactose,20
43.0,A6_D-Galactose,15
43.25,A6_D-Galactose,20
43.5,A6_D-Galactose,20
43.75,A6_D-Galactose,22
44.0,A6_D-Galactose,22
44.25,A6_D-Galactose,20
44.5,A6_D-Galactose,17
44.75,A6_D-Galactose,19
45.0,A6_D-Galactose,18
45.25,A6_D-Galactose,23
45.5,A6_D-Galactose,22
45.75,A6_D-Galactose,20
46.0,A6_D-Galactose,20
46.25,A6_D-Galactose,23
46.5,A6_D-Galactose,24
46.75,A6_D-Galactose,22
47.0,A6_D-Galactose,22
47.25,A6_D-Galactose,22
47.5,A6_D-Galactose,25
47.75,A6_D-Galactose,28
48.0,A6_D-Galactose,23
48.25,A6_D-Galactose,23
0.0,A7_L-Aspartic_Acid,13
0.25,A7_L-Aspartic_Acid,15
0.5,A7_L-Aspartic_Acid,12
0.75,A7_L-Aspartic_Acid,18
1.0,A7_L-Aspartic_Acid,15
1.25,A7_L-Aspartic_Acid,17
1.5,A7_L-Aspartic_Acid,12
1.75,A7_L-Aspartic_Acid,16
2.0,A7_L-Aspartic_Acid,14
2.25,A7_L-Aspartic_Acid,11
2.5,A7_L-Aspartic_Acid,12
2.75,A7_L-Aspartic_Acid,12
3.0,A7_L-Aspartic_Acid,11
3.25,A7_L-Aspartic_Acid,16
3.5,A7_L-Aspartic_Acid,18
3.75,A7_L-Aspartic_Acid,15
4.0,A7_L-Aspartic_Acid,19
4.25,A7_L-Aspartic_Acid,14
4.5,A7_L-Aspartic_Acid,12
4.75,A7_L-Aspartic_Acid,15
5.0,A7_L-Aspartic_Acid,16
5.25,A7_L-Aspartic_Acid,13
5.5,A7_L-Aspartic_Acid,15
5.75,A7_L-Aspartic_Acid,12
6.0,A7_L-Aspartic_Acid,16
6.25,A7_L-Aspartic_Acid,15
6.5,A7_L-Aspartic_Acid,14
6.75,A7_L-Aspartic_Acid,11
7.0,A7_L-Aspartic_Acid,12
7.25,A7_L-Aspartic_Acid,19
7.5,A7_L-Aspartic_Acid,15
7.75,A7_L-Aspartic_Acid,11
8.0,A7_L-Aspartic_Acid,19
8.25,A7_L-Aspartic_Acid,16
8.5,A7_L-Aspartic_Acid,11
8.75,A7_L-Aspartic_Acid,15
9.0,A7_L-Aspartic_Acid,12
9.25,A7_L-Aspartic_Acid,16
9.5,A7_L-Aspartic_Acid,11
9.75,A7_L-Aspartic_Acid,11
10.0,A7_L-Aspartic_Acid,17
10.25,A7_L-Aspartic_Acid,18
10.5,A7_L-Aspartic_Acid,19
10.75,A7_L-Aspartic_Acid,16
11.0,A7_L-Aspartic_Acid,16
11.25,A7_L-Aspartic_Acid,18
11.5,A7_L-Aspartic_Acid,17
11.75,A7_L-Aspartic_Acid,15
12.0,A7_L-Aspartic_Acid,16
12.25,A7_L-Aspartic_Acid,17
12.5,A7_L-Aspartic_Acid,19
12.75,A7_L-Aspartic_Acid,13
13.0,A7_L-Aspartic_Acid,16
13.25,A7_L-Aspartic_Acid,19
13.5,A7_L-Aspartic_Acid,14
13.75,A7_L-Aspartic_Acid,20
14.0,A7_L-Aspartic_Acid,20
14.25,A7_L-Aspartic_Acid,19
14.5,A7_L-Aspartic_Acid,19
14.75,A7_L-Aspartic_Acid,21
15.0,A7_L-Aspartic_Acid,21
15.25,A7_L-Aspartic_Acid,17
15.5,A7_L-Aspartic_Acid,16
15.75,A7_L-Aspartic_Acid,15
16.0,A7_L-Aspartic_Acid,20
16.25,A7_L-Aspartic_Acid,20
16.5,A7_L-Aspartic_Acid,21
16.75,A7_L-Aspartic_Acid,14
17.0,A7_L-Aspartic_Acid,22
17.25,A7_L-Aspartic_Acid,23
17.5,A7_L-Aspartic_Acid,23
17.75,A7_L-Aspartic_Acid,25
18.0,A7_L-Aspartic_Acid,22
18.25,A7_L-Aspartic_Acid,20
18.5,A7_L-Aspartic_Acid,19
18.75,A7_L-Aspartic_Acid,25
19.0,A7_L-Aspartic_Acid,20
19.25,A7_L-Aspartic_Acid,29
19.5,A7_L-Aspartic_Acid,23
19.75,A7_L-Aspartic_Acid,19
20.0,A7_L-Aspartic_Acid,25
20.25,A7_L-Aspartic_Acid,31
20.5,A7_L-Aspartic_Acid,23
20.75,A7_L-Aspartic_Acid,22
21.0,A7_L-Aspartic_Acid,26
21.25,A7_L-Aspartic_Acid,23
21.5,A7_L-Aspartic_Acid,27
21.75,A7_L-Aspartic_Acid,25
22.0,A7_L-Aspartic_Acid,28
22.25,A7_L-Aspartic_Acid,30
22.5,A7_L-Aspartic_Acid,31
22.75,A7_L-Aspartic_Acid,27
23.0,A7_L-Aspartic_Acid,25
23.25,A7_L-Aspartic_Acid,23
23.5,A7_L-Aspartic_Acid,23
23.75,A7_L-Aspartic_Acid,24
24.0,A7_L-Aspartic_Acid,28
24.25,A7_L-Aspartic_Acid,27
24.5,A7_L-Aspartic_Acid,29
24.75,A7_L-Aspartic_Acid,30
25.0,A7_L-Aspartic_Acid,24
25.25,A7_L-Aspartic_Acid,28
25.5,A7_L-Aspartic_Acid,25
25.75,A7_L-Aspartic_Acid,27
26.0,A7_L-Aspartic_Acid,24
26.25,A7_L-Aspartic_Acid,29
26.5,A7_L-Aspartic_Acid,27
26.75,A7_L-Aspartic_Acid,33
27.0,A7_L-Aspartic_Acid,33
27.25,A7_L-Aspartic_Acid,31
27.5,A7_L-Aspartic_Acid,29
27.75,A7_L-Aspartic_Acid,35
28.0,A7_L-Aspartic_Acid,35
28.25,A7_L-Aspartic_Acid,31
28.5,A7_L-Aspartic_Acid,37
28.75,A7_L-Aspartic_Acid,36
29.0,A7_L-Aspartic_Acid,32
29.25,A7_L-Aspartic_Acid,37
29.5,A7_L-Aspartic_Acid,28
29.75,A7_L-Aspartic_Acid,37
30.0,A7_L-Aspartic_Acid,35
30.25,A7_L-Aspartic_Acid,37
30.5,A7_L-Aspartic_Acid,30
30.75,A7_L-Aspartic_Acid,31
31.0,A7_L-Aspartic_Acid,33
31.25,A7_L-Aspartic_Acid,36
31.5,A7_L-Aspartic_Acid,40
31.75,A7_L-Aspartic_Acid,40
32.0,A7_L-Aspartic_Acid,39
32.25,A7_L-Aspartic_Acid,38
32.5,A7_L-Aspartic_Acid,40
32.75,A7_L-Aspartic_Acid,34
33.0,A7_L-Aspartic_Acid,39
33.25,A7_L-Aspartic_Acid,42
33.5,A7_L-Aspartic_Acid,39
33.75,A7_L-Aspartic_Acid,41
34.0,A7_L-Aspartic_Acid,45
34.25,A7_L-Aspartic_Acid,45
34.5,A7_L-Aspartic_Acid,42
34.75,A7_L-Aspartic_Acid,43
35.0,A7_L-Aspartic_Acid,39
35.25,A7_L-Aspartic_Acid,50
35.5,A7_L-Aspartic_Acid,48
35.75,A7_L-Aspartic_Acid,44
36.0,A7_L-Aspartic_Acid,48
36.25,A7_L-Aspartic_Acid,50
36.5,A7_L-Aspartic_Acid,46
36.75,A7_L-Aspartic_Acid,45
37.0,A7_L-Aspartic_Acid,45
37.25,A7_L-Aspartic_Acid,48
37.5,A7_L-Aspartic_Acid,47
37.75,A7_L-Aspartic_Acid,43
38.0,A7_L-Aspartic_Acid,51
38.25,A7_L-Aspartic_Acid,44
38.5,A7_L-Aspartic_Acid,56
38.75,A7_L-Aspartic_Acid,46
39.0,A7_L-Aspartic_Acid,50
39.25,A7_L-Aspartic_Acid,55
39.5,A7_L-Aspartic_Acid,49
39.75,A7_L-Aspartic_Acid,46
40.0,A7_L-Aspartic_Acid,47
40.25,A7_L-Aspartic_Acid,47
40.5,A7_L-Aspartic_Acid,51
40.75,A7_L-Aspartic_Acid,51
41.0,A7_L-Aspartic_Acid,50
41.25,A7_L-Aspartic_Acid,60
41.5,A7_L-Aspartic_Acid,51
41.75,A7_L-Aspartic_Acid,52
42.0,A7_L-Aspartic_Acid,58
42.25,A7_L-Aspartic_Acid,51
42.5,A7_L-Aspartic_Acid,54
42.75,A7_L-Aspartic_Acid,59
43.0,A7_L-Aspartic_Acid,53
43.25,A7_L-Aspartic_Acid,60
43.5,A7_L-Aspartic_Acid,54
43.75,A7_L-Aspartic_Acid,55
44.0,A7_L-Aspartic_Acid,50
44.25,A7_L-Aspartic_Acid,60
44.5,A7_L-Aspartic_Acid,57
44.75,A7_L-Aspartic_Acid,55
45.0,A7_L-Aspartic_Acid,64
45.25,A7_L-Aspartic_Acid,57
45.5,A7_L-Aspartic_Acid,59
45.75,A7_L-Aspartic_Acid,59
46.0,A7_L-Aspartic_Acid,60
46.25,A7_L-Aspartic_Acid,62
46.5,A7_L-Aspartic_Acid,61
46.75,A7_L-Aspartic_Acid,62
47.0,A7_L-Aspartic_Acid,68
47.25,A7_L-Aspartic_Acid,62
47.5,A7_L-Aspartic_Acid,64
47.75,A7_L-Aspartic_Acid,65
48.0,A7_L-Aspartic_Acid,65
48.25,A7_L-Aspartic_Acid,64
0.0,A8_L-Proline,17
0.25,A8_L-Proline,16
0.5,A8_L-Proline,16
0.75,A8_L-Proline,16
1.0,A8_L-Proline,14
1.25,A8_L-Proline,12
1.5,A8_L-Proline,14
1.75,A8_L-Proline,16
2.0,A8_L-Proline,13
2.25,A8_L-Proline,11
2.5,A8_L-Proline,14
2.75,A8_L-Proline,12
3.0,A8_L-Proline,16
3.25,A8_L-Proline,16
3.5,A8_L-Proline,14
3.75,A8_L-Proline,14
4.0,A8_L-Proline,16
4.25,A8_L-Proline,13
4.5,A8_L-Proline,17
4.75,A8_L-Proline,13
5.0,A8_L-Proline,18
5.25,A8_L-Proline,15
5.5,A8_L-Proline,11
5.75,A8_L-Proline,15
6.0,A8_L-Proline,15
6.25,A8_L-Proline,13
6.5,A8_L-Proline,12
6.75,A8_L-Proline,12
7.0,A8_L-Proline,15
7.25,A8_L-Proline,11
7.5,A8_L-Proline,11
7.75,A8_L-Proline,11
8.0,A8_L-Proline,18
8.25,A8_L-Proline,12
8.5,A8_L-Proline,16
8.75,A8_L-Proline,14
9.0,A8_L-Proline,13
9.25,A8_L-Proline,16
9.5,A8_L-Proline,16
9.75,A8_L-Proline,14
10.0,A8_L-Proline,15
10.25,A8_L-Proline,12
10.5,A8_L-Proline,18
10.75,A8_L-Proline,16
11.0,A8_L-Proline,16
11.25,A8_L-Proline,16
11.5,A8_L-Proline,13
11.75,A8_L-Proline,13
12.0,A8_L-Proline,19
12.25,A8_L-Proline,16
12.5,A8_L-Proline,15
12.75,A8_L-Proline,15
13.0,A8_L-Proline,16
13.25,A8_L-Proline,18
13.5,A8_L-Proline,20
13.75,A8_L-Proline,18
14.0,A8_L-Proline,19
14.25,A8_L-Proline,17
14.5,A8_L-Proline,19
14.75,A8_L-Proline,22
15.0,A8_L-Proline,20
15.25,A8_L-Proline,12
15.5,A8_L-Proline,13
15.75,A8_L-Proline,18
16.0,A8_L-Proline,21
16.25,A8_L-Proline,21
16.5,A8_L-Proline,19
16.75,A8_L-Proline,15
17.0,A8_L-Proline,26
17.25,A8_L-Proline,21
17.5,A8_L-Proline,18
17.75,A8_L-Proline,23
18.0,A8_L-Proline,21
18.25,A8_L-Proline,25
18.5,A8_L-Proline,27
18.75,A8_L-Proline,23
19.0,A8_L-Proline,19
19.25,A8_L-Proline,19
19.5,A8_L-Proline,20
19.75,A8_L-Proline,22
20.0,A8_L-Proline,22
20.25,A8_L-Proline,22
20.5,A8_L-Proline,28
20.75,A8_L-Proline,23
21.0,A8_L-Proline,22
21.25,A8_L-Proline,26
21.5,A8_L-Proline,26
21.75,A8_L-Proline,25
22.0,A8_L-Proline,29
22.25,A8_L-Proline,26
22.5,A8_L-Proline,30
22.75,A8_L-Proline,26
23.0,A8_L-Proline,24
23.25,A8_L-Proline,27
23.5,A8_L-Proline,25
23.75,A8_L-Proline,26
24.0,A8_L-Proline,25
24.25,A8_L-Proline,27
24.5,A8_L-Proline,23
24.75,A8_L-Proline,28
25.0,A8_L-Proline,23
25.25,A8_L-Proline,26
25.5,A8_L-Proline,20
25.75,A8_L-Proline,22
26.0,A8_L-Proline,25
26.25,A8_L-Proline,27
26.5,A8_L-Proline,30
26.75,A8_L-Proline,29
27.0,A8_L-Proline,25
27.25,A8_L-Proline,29
27.5,A8_L-Proline,27
27.75,A8_L-Proline,26
28.0,A8_L-Proline,29
28.25,A8_L-Proline,31
28.5,A8_L-Proline,28
28.75,A8_L-Proline,32
29.0,A8_L-Proline,27
29.25,A8_L-Proline,27
29.5,A8_L-Proline,27
29.75,A8_L-Proline,27
30.0,A8_L-Proline,25
30.25,A8_L-Proline,30
30.5,A8_L-Proline,31
30.75,A8_L-Proline,26
31.0,A8_L-Proline,24
31.25,A8_L-Proline,25
31.5,A8_L-Proline,30
31.75,A8_L-Proline,31
32.0,A8_L-Proline,34
32.25,A8_L-Proline,28
32.5,A8_L-Proline,31
32.75,A8_L-Proline,26
33.0,A8_L-Proline,31
33.25,A8_L-Proline,29
33.5,A8_L-Proline,27
33.75,A8_L-Proline,32
34.0,A8_L-Proline,32
34.25,A8_L-Proline,33
34.5,A8_L-Proline,30
34.75,A8_L-Proline,30
35.0,A8_L-Proline,32
35.25,A8_L-Proline,32
35.5,A8_L-Proline,34
35.75,A8_L-Proline,31
36.0,A8_L-Proline,32
36.25,A8_L-Proline,32
36.5,A8_L-Proline,27
36.75,A8_L-Proline,31
37.0,A8_L-Proline,27
37.25,A8_L-Proline,32
37.5,A8_L-Proline,29
37.75,A8_L-Proline,27
38.0,A8_L-Proline,30
38.25,A8_L-Proline,30
38.5,A8_L-Proline,35
38.75,A8_L-Proline,30
39.0,A8_L-Proline,28
39.25,A8_L-Proline,30
39.5,A8_L-Proline,30
39.75,A8_L-Proline,30
40.0,A8_L-Proline,30
40.25,A8_L-Proline,33
40.5,A8_L-Proline,30
40.75,A8_L-Proline,36
41.0,A8_L-Proline,34
41.25,A8_L-Proline,40
41.5,A8_L-Proline,33
41.75,A8_L-Proline,32
42.0,A8_L-Proline,36
42.25,A8_L-Proline,37
42.5,A8_L-Proline,31
42.75,A8_L-Proline,35
43.0,A8_L-Proline,30
43.25,A8_L-Proline,29
43.5,A8_L-Proline,34
43.75,A8_L-Proline,32
44.0,A8_L-Proline,33
44.25,A8_L-Proline,37
44.5,A8_L-Proline,31
44.75,A8_L-Proline,33
45.0,A8_L-Proline,32
45.25,A8_L-Proline,31
45.5,A8_L-Proline,36
45.75,A8_L-Proline,34
46.0,A8_L-Proline,34
46.25,A8_L-Proline,34
46.5,A8_L-Proline,38
46.75,A8_L-Proline,37
47.0,A8_L-Proline,39
47.25,A8_L-Proline,33
47.5,A8_L-Proline,35
47.75,A8_L-Proline,38
48.0,A8_L-Proline,31
48.25,A8_L-Proline,36
0.0,A9_D-Alanine,18
0.25,A9_D-Alanine,13
0.5,A9_D-Alanine,14
0.75,A9_D-Alanine,15
1.0,A9_D-Alanine,12
1.25,A9_D-Alanine,11
1.5,A9_D-Alanine,14
1.75,A9_D-Alanine,12
2.0,A9_D-Alanine,14
2.25,A9_D-Alanine,11
2.5,A9_D-Alanine,14
2.75,A9_D-Alanine,12
3.0,A9_D-Alanine,15
3.25,A9_D-Alanine,13
3.5,A9_D-Alanine,17
3.75,A9_D-Alanine,12
4.0,A9_D-Alanine,11
4.25,A9_D-Alanine,13
4.5,A9_D-Alanine,15
4.75,A9_D-Alanine,13
5.0,A9_D-Alanine,13
5.25,A9_D-Alanine,11
5.5,A9_D-Alanine,11
5.75,A9_D-Alanine,11
6.0,A9_D-Alanine,13
6.25,A9_D-Alanine,13
6.5,A9_D-Alanine,11
6.75,A9_D-Alanine,13
7.0,A9_D-Alanine,12
7.25,A9_D-Alanine,11
7.5,A9_D-Alanine,11
7.75,A9_D-Alanine,11
8.0,A9_D-Alanine,16
8.25,A9_D-Alanine,15
8.5,A9_D-Alanine,13
8.75,A9_D-Alanine,15
9.0,A9_D-Alanine,11
9.25,A9_D-Alanine,17
9.5,A9_D-Alanine,11
9.75,A9_D-Alanine,13
10.0,A9_D-Alanine,15
10.25,A9_D-Alanine,14
10.5,A9_D-Alanine,12
10.75,A9_D-Alanine,16
11.0,A9_D-Alanine,11
11.25,A9_D-Alanine,16
11.5,A9_D-Alanine,14
11.75,A9_D-Alanine,15
12.0,A9_D-Alanine,16
12.25,A9_D-Alanine,18
12.5,A9_D-Alanine,14
12.75,A9_D-Alanine,16
13.0,A9_D-Alanine,15
13.25,A9_D-Alanine,15
13.5,A9_D-Alanine,13
13.75,A9_D-Alanine,18
14.0,A9_D-Alanine,17
14.25,A9_D-Alanine,13
14.5,A9_D-Alanine,17
14.75,A9_D-Alanine,19
15.0,A9_D-Alanine,16
15.25,A9_D-Alanine,13
15.5,A9_D-Alanine,16
15.75,A9_D-Alanine,17
16.0,A9_D-Alanine,22
16.25,A9_D-Alanine,13
16.5,A9_D-Alanine,15
16.75,A9_D-Alanine,14
17.0,A9_D-Alanine,17
17.25,A9_D-Alanine,16
17.5,A9_D-Alanine,17
17.75,A9_D-Alanine,23
18.0,A9_D-Alanine,16
18.25,A9_D-Alanine,17
18.5,A9_D-Alanine,19
18.75,A9_D-Alanine,16
19.0,A9_D-Alanine,17
19.25,A9_D-Alanine,18
19.5,A9_D-Alanine,15
19.75,A9_D-Alanine,15
20.0,A9_D-Alanine,19
20.25,A9_D-Alanine,19
20.5,A9_D-Alanine,19
20.75,A9_D-Alanine,18
21.0,A9_D-Alanine,19
21.25,A9_D-Alanine,25
21.5,A9_D-Alanine,25
21.75,A9_D-Alanine,19
22.0,A9_D-Alanine,16
22.25,A9_D-Alanine,19
22.5,A9_D-Alanine,21
22.75,A9_D-Alanine,16
23.0,A9_D-Alanine,21
23.25,A9_D-Alanine,18
23.5,A9_D-Alanine,17
23.75,A9_D-Alanine,17
24.0,A9_D-Alanine,21
24.25,A9_D-Alanine,14
24.5,A9_D-Alanine,21
24.75,A9_D-Alanine,18
25.0,A9_D-Alanine,18
25.25,A9_D-Alanine,23
25.5,A9_D-Alanine,18
25.75,A9_D-Alanine,21
26.0,A9_D-Alanine,19
26.25,A9_D-Alanine,19
26.5,A9_D-Alanine,18
26.75,A9_D-Alanine,21
27.0,A9_D-Alanine,23
27.25,A9_D-Alanine,20
27.5,A9_D-Alanine,17
27.75,A9_D-Alanine,19
28.0,A9_D-Alanine,20
28.25,A9_D-Alanine,21
28.5,A9_D-Alanine,22
28.75,A9_D-Alanine,19
29.0,A9_D-Alanine,17
29.25,A9_D-Alanine,18
29.5,A9_D-Alanine,18
29.75,A9_D-Alanine,18
30.0,A9_D-Alanine,19
30.25,A9_D-Alanine,18
30.5,A9_D-Alanine,19
30.75,A9_D-Alanine,20
31.0,A9_D-Alanine,16
31.25,A9_D-Alanine,19
31.5,A9_D-Alanine,24
31.75,A9_D-Alanine,21
32.0,A9_D-Alanine,23
32.25,A9_D-Alanine,19
32.5,A9_D-Alanine,22
32.75,A9_D-Alanine,18
33.0,A9_D-Alanine,19
33.25,A9_D-Alanine,17
33.5,A9_D-Alanine,23
33.75,A9_D-Alanine,22
34.0,A9_D-Alanine,20
34.25,A9_D-Alanine,22
34.5,A9_D-Alanine,22
34.75,A9_D-Alanine,23
35.0,A9_D-Alanine,18
35.25,A9_D-Alanine,20
35.5,A9_D-Alanine,23
35.75,A9_D-Alanine,17
36.0,A9_D-Alanine,19
36.25,A9_D-Alanine,18
36.5,A9_D-Alanine,19
36.75,A9_D-Alanine,25
37.0,A9_D-Alanine,21
37.25,A9_D-Alanine,24
37.5,A9_D-Alanine,16
37.75,A9_D-Alanine,23
38.0,A9_D-Alanine,21
38.25,A9_D-Alanine,19
38.5,A9_D-Alanine,21
38.75,A9_D-Alanine,20
39.0,A9_D-Alanine,18
39.25,A9_D-Alanine,22
39.5,A9_D-Alanine,20
39.75,A9_D-Alanine,25
40.0,A9_D-Alanine,21
40.25,A9_D-Alanine,20
40.5,A9_D-Alanine,22
40.75,A9_D-Alanine,24
41.0,A9_D-Alanine,17
41.25,A9_D-Alanine,24
41.5,A9_D-Alanine,22
41.75,A9_D-Alanine,18
42.0,A9_D-Alanine,17
42.25,A9_D-Alanine,23
42.5,A9_D-Alanine,24
42.75,A9_D-Alanine,19
43.0,A9_D-Alanine,21
43.25,A9_D-Alanine,22
43.5,A9_D-Alanine,21
43.75,A9_D-Alanine,19
44.0,A9_D-Alanine,18
44.25,A9_D-Alanine,18
44.5,A9_D-Alanine,18
44.75,A9_D-Alanine,23
45.0,A9_D-Alanine,19
45.25,A9_D-Alanine,20
45.5,A9_D-Alanine,18
45.75,A9_D-Alanine,22
46.0,A9_D-Alanine,17
46.25,A9_D-Alanine,24
46.5,A9_D-Alanine,22
46.75,A9_D-Alanine,21
47.0,A9_D-Alanine,27
47.25,A9_D-Alanine,23
47.5,A9_D-Alanine,22
47.75,A9_D-Alanine,24
48.0,A9_D-Alanine,21
48.25,A9_D-Alanine,23
0.0,A10_D-Trehalose,13
0.25,A10_D-Trehalose,11
0.5,A10_D-Trehalose,13
0.75,A10_D-Trehalose,11
1.0,A10_D-Trehalose,13
1.25,A10_D-Trehalose,11
1.5,A10_D-Trehalose,11
1.75,A10_D-Trehalose,13
2.0,A10_D-Trehalose,13
2.25,A10_D-Trehalose,11
2.5,A10_D-Trehalose,11
2.75,A10_D-Trehalose,11
3.0,A10_D-Trehalose,11
3.25,A10_D-Trehalose,15
3.5,A10_D-Trehalose,15
3.75,A10_D-Trehalose,15
4.0,A10_D-Trehalose,12
4.25,A10_D-Trehalose,12
4.5,A10_D-Trehalose,14
4.75,A10_D-Trehalose,11
5.0,A10_D-Trehalose,15
5.25,A10_D-Trehalose,13
5.5,A10_D-Trehalose,11
5.75,A10_D-Trehalose,11
6.0,A10_D-Trehalose,13
6.25,A10_D-Trehalose,15
6.5,A10_D-Trehalose,11
6.75,A10_D-Trehalose,13
7.0,A10_D-Trehalose,11
7.25,A10_D-Trehalose,15
7.5,A10_D-Trehalose,13
7.75,A10_D-Trehalose,13
8.0,A10_D-Trehalose,15
8.25,A10_D-Trehalose,17
8.5,A10_D-Trehalose,15
8.75,A10_D-Trehalose,13
9.0,A10_D-Trehalose,11
9.25,A10_D-Trehalose,14
9.5,A10_D-Trehalose,15
9.75,A10_D-Trehalose,16
10.0,A10_D-Trehalose,11
10.25,A10_D-Trehalose,16
10.5,A10_D-Trehalose,18
10.75,A10_D-Trehalose,16
11.0,A10_D-Trehalose,13
11.25,A10_D-Trehalose,17
11.5,A10_D-Trehalose,19
11.75,A10_D-Trehalose,14
12.0,A10_D-Trehalose,15
12.25,A10_D-Trehalose,24
12.5,A10_D-Trehalose,16
12.75,A10_D-Trehalose,18
13.0,A10_D-Trehalose,19
13.25,A10_D-Trehalose,22
13.5,A10_D-Trehalose,22
13.75,A10_D-Trehalose,20
14.0,A10_D-Trehalose,16
14.25,A10_D-Trehalose,20
14.5,A10_D-Trehalose,21
14.75,A10_D-Trehalose,24
15.0,A10_D-Trehalose,23
15.25,A10_D-Trehalose,20
15.5,A10_D-Trehalose,17
15.75,A10_D-Trehalose,24
16.0,A10_D-Trehalose,23
16.25,A10_D-Trehalose,25
16.5,A10_D-Trehalose,17
16.75,A10_D-Trehalose,16
17.0,A10_D-Trehalose,25
17.25,A10_D-Trehalose,25
17.5,A10_D-Trehalose,27
17.75,A10_D-Trehalose,25
18.0,A10_D-Trehalose,29
18.25,A10_D-Trehalose,23
18.5,A10_D-Trehalose,26
18.75,A10_D-Trehalose,28
19.0,A10_D-Trehalose,20
19.25,A10_D-Trehalose,29
19.5,A10_D-Trehalose,29
19.75,A10_D-Trehalose,26
20.0,A10_D-Trehalose,27
20.25,A10_D-Trehalose,25
20.5,A10_D-Trehalose,28
20.75,A10_D-Trehalose,20
21.0,A10_D-Trehalose,24
21.25,A10_D-Trehalose,23
21.5,A10_D-Trehalose,27
21.75,A10_D-Trehalose,26
22.0,A10_D-Trehalose,24
22.25,A10_D-Trehalose,31
22.5,A10_D-Trehalose,31
22.75,A10_D-Trehalose,24
23.0,A10_D-Trehalose,31
23.25,A10_D-Trehalose,23
23.5,A10_D-Trehalose,22
23.75,A10_D-Trehalose,22
24.0,A10_D-Trehalose,20
24.25,A10_D-Trehalose,30
24.5,A10_D-Trehalose,28
24.75,A10_D-Trehalose,26
25.0,A10_D-Trehalose,23
25.25,A10_D-Trehalose,24
25.5,A10_D-Trehalose,30
25.75,A10_D-Trehalose,24
26.0,A10_D-Trehalose,24
26.25,A10_D-Trehalose,30
26.5,A10_D-Trehalose,29
26.75,A10_D-Trehalose,25
27.0,A10_D-Trehalose,35
27.25,A10_D-Trehalose,26
27.5,A10_D-Trehalose,24
27.75,A10_D-Trehalose,21
28.0,A10_D-Trehalose,31
28.25,A10_D-Trehalose,27
28.5,A10_D-Trehalose,29
28.75,A10_D-Trehalose,29
29.0,A10_D-Trehalose,25
29.25,A10_D-Trehalose,33
29.5,A10_D-Trehalose,24
29.75,A10_D-Trehalose,28
30.0,A10_D-Trehalose,28
30.25,A10_D-Trehalose,30
30.5,A10_D-Trehalose,25
30.75,A10_D-Trehalose,23
31.0,A10_D-Trehalose,21
31.25,A10_D-Trehalose,26
31.5,A10_D-Trehalose,30
31.75,A10_D-Trehalose,30
32.0,A10_D-Trehalose,31
32.25,A10_D-Trehalose,25
32.5,A10_D-Trehalose,28
32.75,A10_D-Trehalose,22
33.0,A10_D-Trehalose,19
33.25,A10_D-Trehalose,25
33.5,A10_D-Trehalose,25
33.75,A10_D-Trehalose,29
34.0,A10_D-Trehalose,32
34.25,A10_D-Trehalose,28
34.5,A10_D-Trehalose,29
34.75,A10_D-Trehalose,28
35.0,A10_D-Trehalose,22
35.25,A10_D-Trehalose,31
35.5,A10_D-Trehalose,30
35.75,A10_D-Trehalose,24
36.0,A10_D-Trehalose,23
36.25,A10_D-Trehalose,31
36.5,A10_D-Trehalose,24
36.75,A10_D-Trehalose,26
37.0,A10_D-Trehalose,22
37.25,A10_D-Trehalose,30
37.5,A10_D-Trehalose,24
37.75,A10_D-Trehalose,24
38.0,A10_D-Trehalose,32
38.25,A10_D-Trehalose,22
38.5,A10_D-Trehalose,30
38.75,A10_D-Trehalose,24
39.0,A10_D-Trehalose,26
39.25,A10_D-Trehalose,26
39.5,A10_D-Trehalose,24
39.75,A10_D-Trehalose,26
40.0,A10_D-Trehalose,29
40.25,A10_D-Trehalose,21
40.5,A10_D-Trehalose,22
40.75,A10_D-Trehalose,31
41.0,A10_D-Trehalose,25
41.25,A10_D-Trehalose,30
41.5,A10_D-Trehalose,29
41.75,A10_D-Trehalose,26
42.0,A10_D-Trehalose,20
42.25,A10_D-Trehalose,29
42.5,A10_D-Trehalose,22
42.75,A10_D-Trehalose,24
43.0,A10_D-Trehalose,20
43.25,A10_D-Trehalose,23
43.5,A10_D-Trehalose,23
43.75,A10_D-Trehalose,26
44.0,A10_D-Trehalose,21
44.25,A10_D-Trehalose,27
44.5,A10_D-Trehalose,23
44.75,A10_D-Trehalose,21
45.0,A10_D-Trehalose,21
45.25,A10_D-Trehalose,23
45.5,A10_D-Trehalose,25
45.75,A10_D-Trehalose,26
46.0,A10_D-Trehalose,21
46.25,A10_D-Trehalose,24
46.5,A10_D-Trehalose,23
46.75,A10_D-Trehalose,26
47.0,A10_D-Trehalose,31
47.25,A10_D-Trehalose,22
47.5,A10_D-Trehalose,27
47.75,A10_D-Trehalose,25
48.0,A10_D-Trehalose,21
48.25,A10_D-Trehalose,27
0.0,A11_D-Mannose,19
0.25,A11_D-Mannose,16
0.5,A11_D-Mannose,17
0.75,A11_D-Mannose,18
1.0,A11_D-Mannose,18
1.25,A11_D-Mannose,16
1.5,A11_D-Mannose,19
1.75,A11_D-Mannose,18
2.0,A11_D-Mannose,16
2.25,A11_D-Mannose,15
2.5,A11_D-Mannose,16
2.75,A11_D-Mannose,19
3.0,A11_D-Mannose,18
3.25,A11_D-Mannose,18
3.5,A11_D-Mannose,17
3.75,A11_D-Mannose,16
4.0,A11_D-Mannose,14
4.25,A11_D-Mannose,17
4.5,A11_D-Mannose,16
4.75,A11_D-Mannose,20
5.0,A11_D-Mannose,19
5.25,A11_D-Mannose,17
5.5,A11_D-Mannose,11
5.75,A11_D-Mannose,15
6.0,A11_D-Mannose,16
6.25,A11_D-Mannose,15
6.5,A11_D-Mannose,17
6.75,A11_D-Mannose,16
7.0,A11_D-Mannose,16
7.25,A11_D-Mannose,16
7.5,A11_D-Mannose,17
7.75,A11_D-Mannose,14
8.0,A11_D-Mannose,18
8.25,A11_D-Mannose,14
8.5,A11_D-Mannose,19
8.75,A11_D-Mannose,19
9.0,A11_D-Mannose,20
9.25,A11_D-Mannose,17
9.5,A11_D-Mannose,17
9.75,A11_D-Mannose,11
10.0,A11_D-Mannose,20
10.25,A11_D-Mannose,14
10.5,A11_D-Mannose,21
10.75,A11_D-Mannose,20
11.0,A11_D-Mannose,17
11.25,A11_D-Mannose,20
11.5,A11_D-Mannose,20
11.75,A11_D-Mannose,18
12.0,A11_D-Mannose,20
12.25,A11_D-Mannose,19
12.5,A11_D-Mannose,21
12.75,A11_D-Mannose,20
13.0,A11_D-Mannose,20
13.25,A11_D-Mannose,24
13.5,A11_D-Mannose,20
13.75,A11_D-Mannose,18
14.0,A11_D-Mannose,21
14.25,A11_D-Mannose,25
14.5,A11_D-Mannose,21
14.75,A11_D-Mannose,23
15.0,A11_D-Mannose,21
15.25,A11_D-Mannose,20
15.5,A11_D-Mannose,23
15.75,A11_D-Mannose,25
16.0,A11_D-Mannose,27
16.25,A11_D-Mannose,26
16.5,A11_D-Mannose,17
16.75,A11_D-Mannose,15
17.0,A11_D-Mannose,28
17.25,A11_D-Mannose,26
17.5,A11_D-Mannose,22
17.75,A11_D-Mannose,24
18.0,A11_D-Mannose,24
18.25,A11_D-Mannose,23
18.5,A11_D-Mannose,26
18.75,A11_D-Mannose,25
19.0,A11_D-Mannose,22
19.25,A11_D-Mannose,23
19.5,A11_D-Mannose,25
19.75,A11_D-Mannose,28
20.0,A11_D-Mannose,24
20.25,A11_D-Mannose,27
20.5,A11_D-Mannose,25
20.75,A11_D-Mannose,23
21.0,A11_D-Mannose,31
21.25,A11_D-Mannose,26
21.5,A11_D-Mannose,27
21.75,A11_D-Mannose,28
22.0,A11_D-Mannose,23
22.25,A11_D-Mannose,26
22.5,A11_D-Mannose,28
22.75,A11_D-Mannose,28
23.0,A11_D-Mannose,27
23.25,A11_D-Mannose,27
23.5,A11_D-Mannose,23
23.75,A11_D-Mannose,24
24.0,A11_D-Mannose,24
24.25,A11_D-Mannose,29
24.5,A11_D-Mannose,27
24.75,A11_D-Mannose,26
25.0,A11_D-Mannose,28
25.25,A11_D-Mannose,27
25.5,A11_D-Mannose,25
25.75,A11_D-Mannose,26
26.0,A11_D-Mannose,25
26.25,A11_D-Mannose,29
26.5,A11_D-Mannose,28
26.75,A11_D-Mannose,26
27.0,A11_D-Mannose,29
27.25,A11_D-Mannose,24
27.5,A11_D-Mannose,26
27.75,A11_D-Mannose,28
28.0,A11_D-Mannose,31
28.25,A11_D-Mannose,31
28.5,A11_D-Mannose,29
28.75,A11_D-Mannose,28
29.0,A11_D-Mannose,27
29.25,A11_D-Mannose,25
29.5,A11_D-Mannose,25
29.75,A11_D-Mannose,28
30.0,A11_D-Mannose,25
30.25,A11_D-Mannose,32
30.5,A11_D-Mannose,24
30.75,A11_D-Mannose,25
31.0,A11_D-Mannose,22
31.25,A11_D-Mannose,22
31.5,A11_D-Mannose,27
31.75,A11_D-Mannose,26
32.0,A11_D-Mannose,25
32.25,A11_D-Mannose,26
32.5,A11_D-Mannose,24
32.75,A11_D-Mannose,29
33.0,A11_D-Mannose,27
33.25,A11_D-Mannose,29
33.5,A11_D-Mannose,26
33.75,A11_D-Mannose,30
34.0,A11_D-Mannose,25
34.25,A11_D-Mannose,33
34.5,A11_D-Mannose,31
34.75,A11_D-Mannose,32
35.0,A11_D-Mannose,21
35.25,A11_D-Mannose,28
35.5,A11_D-Mannose,23
35.75,A11_D-Mannose,27
36.0,A11_D-Mannose,24
36.25,A11_D-Mannose,22
36.5,A11_D-Mannose,28
36.75,A11_D-Mannose,30
37.0,A11_D-Mannose,24
37.25,A11_D-Mannose,33
37.5,A11_D-Mannose,28
37.75,A11_D-Mannose,28
38.0,A11_D-Mannose,26
38.25,A11_D-Mannose,23
38.5,A11_D-Mannose,30
38.75,A11_D-Mannose,25
39.0,A11_D-Mannose,23
39.25,A11_D-Mannose,32
39.5,A11_D-Mannose,24
39.75,A11_D-Mannose,27
40.0,A11_D-Mannose,28
40.25,A11_D-Mannose,25
40.5,A11_D-Mannose,22
40.75,A11_D-Mannose,30
41.0,A11_D-Mannose,25
41.25,A11_D-Mannose,29
41.5,A11_D-Mannose,24
41.75,A11_D-Mannose,28
42.0,A11_D-Mannose,28
42.25,A11_D-Mannose,27
42.5,A11_D-Mannose,28
42.75,A11_D-Mannose,26
43.0,A11_D-Mannose,25
43.25,A11_D-Mannose,21
43.5,A11_D-Mannose,22
43.75,A11_D-Mannose,21
44.0,A11_D-Mannose,21
44.25,A11_D-Mannose,29
44.5,A11_D-Mannose,23
44.75,A11_D-Mannose,24
45.0,A11_D-Mannose,21
45.25,A11_D-Mannose,24
45.5,A11_D-Mannose,27
45.75,A11_D-Mannose,26
46.0,A11_D-Mannose,25
46.25,A11_D-Mannose,27
46.5,A11_D-Mannose,31
46.75,A11_D-Mannose,26
47.0,A11_D-Mannose,33
47.25,A11_D-Mannose,28
47.5,A11_D-Mannose,30
47.75,A11_D-Mannose,28
48.0,A11_D-Mannose,27
48.25,A11_D-Mannose,26
0.0,A12_Dulcitol,25
0.25,A12_Dulcitol,17
0.5,A12_Dulcitol,18
0.75,A12_Dulcitol,17
1.0,A12_Dulcitol,20
1.25,A12_Dulcitol,16
1.5,A12_Dulcitol,22
1.75,A12_Dulcitol,24
2.0,A12_Dulcitol,17
2.25,A12_Dulcitol,20
2.5,A12_Dulcitol,18
2.75,A12_Dulcitol,17
3.0,A12_Dulcitol,19
3.25,A12_Dulcitol,24
3.5,A12_Dulcitol,21
3.75,A12_Dulcitol,17
4.0,A12_Dulcitol,15
4.25,A12_Dulcitol,18
4.5,A12_Dulcitol,27
4.75,A12_Dulcitol,20
5.0,A12_Dulcitol,22
5.25,A12_Dulcitol,17
5.5,A12_Dulcitol,17
5.75,A12_Dulcitol,18
6.0,A12_Dulcitol,21
6.25,A12_Dulcitol,14
6.5,A12_Dulcitol,19
6.75,A12_Dulcitol,15
7.0,A12_Dulcitol,21
7.25,A12_Dulcitol,19
7.5,A12_Dulcitol,16
7.75,A12_Dulcitol,15
8.0,A12_Dulcitol,25
8.25,A12_Dulcitol,19
8.5,A12_Dulcitol,12
8.75,A12_Dulcitol,19
9.0,A12_Dulcitol,17
9.25,A12_Dulcitol,21
9.5,A12_Dulcitol,16
9.75,A12_Dulcitol,18
10.0,A12_Dulcitol,20
10.25,A12_Dulcitol,17
10.5,A12_Dulcitol,20
10.75,A12_Dulcitol,22
11.0,A12_Dulcitol,20
11.25,A12_Dulcitol,23
11.5,A12_Dulcitol,20
11.75,A12_Dulcitol,18
12.0,A12_Dulcitol,23
12.25,A12_Dulcitol,20
12.5,A12_Dulcitol,24
12.75,A12_Dulcitol,29
13.0,A12_Dulcitol,20
13.25,A12_Dulcitol,19
13.5,A12_Dulcitol,30
13.75,A12_Dulcitol,23
14.0,A12_Dulcitol,21
14.25,A12_Dulcitol,25
14.5,A12_Dulcitol,24
14.75,A12_Dulcitol,24
15.0,A12_Dulcitol,24
15.25,A12_Dulcitol,25
15.5,A12_Dulcitol,24
15.75,A12_Dulcitol,24
16.0,A12_Dulcitol,25
16.25,A12_Dulcitol,26
16.5,A12_Dulcitol,23
16.75,A12_Dulcitol,22
17.0,A12_Dulcitol,29
17.25,A12_Dulcitol,31
17.5,A12_Dulcitol,26
17.75,A12_Dulcitol,29
18.0,A12_Dulcitol,28
18.25,A12_Dulcitol,28
18.5,A12_Dulcitol,31
18.75,A12_Dulcitol,27
19.0,A12_Dulcitol,24
19.25,A12_Dulcitol,28
19.5,A12_Dulcitol,25
19.75,A12_Dulcitol,29
20.0,A12_Dulcitol,29
20.25,A12_Dulcitol,30
20.5,A12_Dulcitol,27
20.75,A12_Dulcitol,32
21.0,A12_Dulcitol,32
21.25,A12_Dulcitol,29
21.5,A12_Dulcitol,32
21.75,A12_Dulcitol,33
22.0,A12_Dulcitol,24
22.25,A12_Dulcitol,31
22.5,A12_Dulcitol,33
22.75,A12_Dulcitol,29
23.0,A12_Dulcitol,30
23.25,A12_Dulcitol,33
23.5,A12_Dulcitol,32
23.75,A12_Dulcitol,34
24.0,A12_Dulcitol,31
24.25,A12_Dulcitol,31
24.5,A12_Dulcitol,30
24.75,A12_Dulcitol,30
25.0,A12_Dulcitol,35
25.25,A12_Dulcitol,25
25.5,A12_Dulcitol,32
25.75,A12_Dulcitol,34
26.0,A12_Dulcitol,34
26.25,A12_Dulcitol,33
26.5,A12_Dulcitol,33
26.75,A12_Dulcitol,34
27.0,A12_Dulcitol,31
27.25,A12_Dulcitol,31
27.5,A12_Dulcitol,32
27.75,A12_Dulcitol,32
28.0,A12_Dulcitol,30
28.25,A12_Dulcitol,31
28.5,A12_Dulcitol,33
28.75,A12_Dulcitol,34
29.0,A12_Dulcitol,32
29.25,A12_Dulcitol,31
29.5,A12_Dulcitol,30
29.75,A12_Dulcitol,35
30.0,A12_Dulcitol,33
30.25,A12_Dulcitol,34
30.5,A12_Dulcitol,31
30.75,A12_Dulcitol,28
31.0,A12_Dulcitol,30
31.25,A12_Dulcitol,29
31.5,A12_Dulcitol,31
31.75,A12_Dulcitol,30
32.0,A12_Dulcitol,37
32.25,A12_Dulcitol,33
32.5,A12_Dulcitol,31
32.75,A12_Dulcitol,30
33.0,A12_Dulcitol,28
33.25,A12_Dulcitol,30
33.5,A12_Dulcitol,27
33.75,A12_Dulcitol,35
34.0,A12_Dulcitol,33
34.25,A12_Dulcitol,35
34.5,A12_Dulcitol,33
34.75,A12_Dulcitol,33
35.0,A12_Dulcitol,29
35.25,A12_Dulcitol,31
35.5,A12_Dulcitol,36
35.75,A12_Dulcitol,29
36.0,A12_Dulcitol,31
36.25,A12_Dulcitol,31
36.5,A12_Dulcitol,25
36.75,A12_Dulcitol,30
37.0,A12_Dulcitol,31
37.25,A12_Dulcitol,36
37.5,A12_Dulcitol,28
37.75,A12_Dulcitol,31
38.0,A12_Dulcitol,34
38.25,A12_Dulcitol,28
38.5,A12_Dulcitol,31
38.75,A12_Dulcitol,34
39.0,A12_Dulcitol,32
39.25,A12_Dulcitol,30
39.5,A12_Dulcitol,31
39.75,A12_Dulcitol,28
40.0,A12_Dulcitol,28
40.25,A12_Dulcitol,34
40.5,A12_Dulcitol,31
40.75,A12_Dulcitol,33
41.0,A12_Dulcitol,24
41.25,A12_Dulcitol,33
41.5,A12_Dulcitol,27
41.75,A12_Dulcitol,28
42.0,A12_Dulcitol,36
42.25,A12_Dulcitol,33
42.5,A12_Dulcitol,34
42.75,A12_Dulcitol,34
43.0,A12_Dulcitol,29
43.25,A12_Dulcitol,29
43.5,A12_Dulcitol,27
43.75,A12_Dulcitol,31
44.0,A12_Dulcitol,34
44.25,A12_Dulcitol,21
44.5,A12_Dulcitol,26
44.75,A12_Dulcitol,30
45.0,A12_Dulcitol,35
45.25,A12_Dulcitol,29
45.5,A12_Dulcitol,30
45.75,A12_Dulcitol,36
46.0,A12_Dulcitol,31
46.25,A12_Dulcitol,34
46.5,A12_Dulcitol,30
46.75,A12_Dulcitol,31
47.0,A12_Dulcitol,36
47.25,A12_Dulcitol,29
47.5,A12_Dulcitol,28
47.75,A12_Dulcitol,29
48.0,A12_Dulcitol,33
48.25,A12_Dulcitol,32
0.0,B1_D-Serine,23
0.25,B1_D-Serine,22
0.5,B1_D-Serine,20
0.75,B1_D-Serine,21
1.0,B1_D-Serine,23
1.25,B1_D-Serine,23
1.5,B1_D-Serine,22
1.75,B1_D-Serine,20
2.0,B1_D-Serine,21
2.25,B1_D-Serine,16
2.5,B1_D-Serine,19
2.75,B1_D-Serine,19
3.0,B1_D-Serine,21
3.25,B1_D-Serine,21
3.5,B1_D-Serine,16
3.75,B1_D-Serine,18
4.0,B1_D-Serine,20
4.25,B1_D-Serine,25
4.5,B1_D-Serine,19
4.75,B1_D-Serine,22
5.0,B1_D-Serine,24
5.25,B1_D-Serine,25
5.5,B1_D-Serine,18
5.75,B1_D-Serine,17
6.0,B1_D-Serine,25
6.25,B1_D-Serine,20
6.5,B1_D-Serine,20
6.75,B1_D-Serine,22
7.0,B1_D-Serine,19
7.25,B1_D-Serine,21
7.5,B1_D-Serine,25
7.75,B1_D-Serine,14
8.0,B1_D-Serine,27
8.25,B1_D-Serine,21
8.5,B1_D-Serine,18
8.75,B1_D-Serine,18
9.0,B1_D-Serine,21
9.25,B1_D-Serine,20
9.5,B1_D-Serine,19
9.75,B1_D-Serine,14
10.0,B1_D-Serine,22
10.25,B1_D-Serine,18
10.5,B1_D-Serine,22
10.75,B1_D-Serine,21
11.0,B1_D-Serine,20
11.25,B1_D-Serine,20
11.5,B1_D-Serine,24
11.75,B1_D-Serine,19
12.0,B1_D-Serine,23
12.25,B1_D-Serine,18
12.5,B1_D-Serine,19
12.75,B1_D-Serine,22
13.0,B1_D-Serine,24
13.25,B1_D-Serine,21
13.5,B1_D-Serine,19
13.75,B1_D-Serine,23
14.0,B1_D-Serine,17
14.25,B1_D-Serine,20
14.5,B1_D-Serine,21
14.75,B1_D-Serine,20
15.0,B1_D-Serine,19
15.25,B1_D-Serine,20
15.5,B1_D-Serine,22
15.75,B1_D-Serine,23
16.0,B1_D-Serine,20
16.25,B1_D-Serine,21
16.5,B1_D-Serine,14
16.75,B1_D-Serine,18
17.0,B1_D-Serine,23
17.25,B1_D-Serine,21
17.5,B1_D-Serine,25
17.75,B1_D-Serine,22
18.0,B1_D-Serine,21
18.25,B1_D-Serine,22
18.5,B1_D-Serine,21
18.75,B1_D-Serine,20
19.0,B1_D-Serine,17
19.25,B1_D-Serine,17
19.5,B1_D-Serine,22
19.75,B1_D-Serine,17
20.0,B1_D-Serine,18
20.25,B1_D-Serine,23
20.5,B1_D-Serine,19
20.75,B1_D-Serine,18
21.0,B1_D-Serine,17
21.25,B1_D-Serine,21
21.5,B1_D-Serine,24
21.75,B1_D-Serine,18
22.0,B1_D-Serine,22
22.25,B1_D-Serine,21
22.5,B1_D-Serine,20
22.75,B1_D-Serine,20
23.0,B1_D-Serine,20
23.25,B1_D-Serine,20
23.5,B1_D-Serine,18
23.75,B1_D-Serine,21
24.0,B1_D-Serine,18
24.25,B1_D-Serine,19
24.5,B1_D-Serine,17
24.75,B1_D-Serine,17
25.0,B1_D-Serine,20
25.25,B1_D-Serine,21
25.5,B1_D-Serine,21
25.75,B1_D-Serine,18
26.0,B1_D-Serine,16
26.25,B1_D-Serine,20
26.5,B1_D-Serine,18
26.75,B1_D-Serine,19
27.0,B1_D-Serine,18
27.25,B1_D-Serine,20
27.5,B1_D-Serine,18
27.75,B1_D-Serine,19
28.0,B1_D-Serine,16
28.25,B1_D-Serine,20
28.5,B1_D-Serine,20
28.75,B1_D-Serine,18
29.0,B1_D-Serine,15
29.25,B1_D-Serine,16
29.5,B1_D-Serine,20
29.75,B1_D-Serine,17
30.0,B1_D-Serine,17
30.25,B1_D-Serine,22
30.5,B1_D-Serine,19
30.75,B1_D-Serine,21
31.0,B1_D-Serine,18
31.25,B1_D-Serine,23
31.5,B1_D-Serine,19
31.75,B1_D-Serine,16
32.0,B1_D-Serine,18
32.25,B1_D-Serine,21
32.5,B1_D-Serine,22
32.75,B1_D-Serine,20
33.0,B1_D-Serine,20
33.25,B1_D-Serine,18
33.5,B1_D-Serine,18
33.75,B1_D-Serine,18
34.0,B1_D-Serine,16
34.25,B1_D-Serine,19
34.5,B1_D-Serine,18
34.75,B1_D-Serine,18
35.0,B1_D-Serine,19
35.25,B1_D-Serine,17
35.5,B1_D-Serine,20
35.75,B1_D-Serine,15
36.0,B1_D-Serine,18
36.25,B1_D-Serine,17
36.5,B1_D-Serine,17
36.75,B1_D-Serine,22
37.0,B1_D-Serine,21
37.25,B1_D-Serine,17
37.5,B1_D-Serine,18
37.75,B1_D-Serine,20
38.0,B1_D-Serine,17
38.25,B1_D-Serine,17
38.5,B1_D-Serine,21
38.75,B1_D-Serine,17
39.0,B1_D-Serine,16
39.25,B1_D-Serine,16
39.5,B1_D-Serine,19
39.75,B1_D-Serine,17
40.0,B1_D-Serine,17
40.25,B1_D-Serine,14
40.5,B1_D-Serine,15
40.75,B1_D-Serine,20
41.0,B1_D-Serine,16
41.25,B1_D-Serine,20
41.5,B1_D-Serine,18
41.75,B1_D-Serine,21
42.0,B1_D-Serine,16
42.25,B1_D-Serine,21
42.5,B1_D-Serine,19
42.75,B1_D-Serine,18
43.0,B1_D-Serine,19
43.25,B1_D-Serine,21
43.5,B1_D-Serine,14
43.75,B1_D-Serine,17
44.0,B1_D-Serine,17
44.25,B1_D-Serine,16
44.5,B1_D-Serine,16
44.75,B1_D-Serine,18
45.0,B1_D-Serine,17
45.25,B1_D-Serine,16
45.5,B1_D-Serine,15
45.75,B1_D-Serine,18
46.0,B1_D-Serine,15
46.25,B1_D-Serine,19
46.5,B1_D-Serine,16
46.75,B1_D-Serine,21
47.0,B1_D-Serine,14
47.25,B1_D-Serine,22
47.5,B1_D-Serine,22
47.75,B1_D-Serine,25
48.0,B1_D-Serine,16
48.25,B1_D-Serine,20
0.0,B2_D-Sorbitol,12
0.25,B2_D-Sorbitol,12
0.5,B2_D-Sorbitol,12
0.75,B2_D-Sorbitol,16
1.0,B2_D-Sorbitol,11
1.25,B2_D-Sorbitol,15
1.5,B2_D-Sorbitol,15
1.75,B2_D-Sorbitol,13
2.0,B2_D-Sorbitol,12
2.25,B2_D-Sorbitol,14
2.5,B2_D-Sorbitol,14
2.75,B2_D-Sorbitol,13
3.0,B2_D-Sorbitol,16
3.25,B2_D-Sorbitol,14
3.5,B2_D-Sorbitol,12
3.75,B2_D-Sorbitol,11
4.0,B2_D-Sorbitol,15
4.25,B2_D-Sorbitol,15
4.5,B2_D-Sorbitol,14
4.75,B2_D-Sorbitol,16
5.0,B2_D-Sorbitol,12
5.25,B2_D-Sorbitol,18
5.5,B2_D-Sorbitol,12
5.75,B2_D-Sorbitol,12
6.0,B2_D-Sorbitol,15
6.25,B2_D-Sorbitol,12
6.5,B2_D-Sorbitol,16
6.75,B2_D-Sorbitol,13
7.0,B2_D-Sorbitol,16
7.25,B2_D-Sorbitol,16
7.5,B2_D-Sorbitol,15
7.75,B2_D-Sorbitol,15
8.0,B2_D-Sorbitol,18
8.25,B2_D-Sorbitol,15
8.5,B2_D-Sorbitol,16
8.75,B2_D-Sorbitol,16
9.0,B2_D-Sorbitol,12
9.25,B2_D-Sorbitol,17
9.5,B2_D-Sorbitol,14
9.75,B2_D-Sorbitol,13
10.0,B2_D-Sorbitol,15
10.25,B2_D-Sorbitol,13
10.5,B2_D-Sorbitol,17
10.75,B2_D-Sorbitol,18
11.0,B2_D-Sorbitol,16
11.25,B2_D-Sorbitol,19
11.5,B2_D-Sorbitol,18
11.75,B2_D-Sorbitol,15
12.0,B2_D-Sorbitol,20
12.25,B2_D-Sorbitol,15
12.5,B2_D-Sorbitol,19
12.75,B2_D-Sorbitol,21
13.0,B2_D-Sorbitol,23
13.25,B2_D-Sorbitol,18
13.5,B2_D-Sorbitol,21
13.75,B2_D-Sorbitol,21
14.0,B2_D-Sorbitol,22
14.25,B2_D-Sorbitol,22
14.5,B2_D-Sorbitol,19
14.75,B2_D-Sorbitol,20
15.0,B2_D-Sorbitol,21
15.25,B2_D-Sorbitol,21
15.5,B2_D-Sorbitol,21
15.75,B2_D-Sorbitol,22
16.0,B2_D-Sorbitol,23
16.25,B2_D-Sorbitol,23
16.5,B2_D-Sorbitol,13
16.75,B2_D-Sorbitol,18
17.0,B2_D-Sorbitol,22
17.25,B2_D-Sorbitol,20
17.5,B2_D-Sorbitol,24
17.75,B2_D-Sorbitol,24
18.0,B2_D-Sorbitol,20
18.25,B2_D-Sorbitol,23
18.5,B2_D-Sorbitol,21
18.75,B2_D-Sorbitol,20
19.0,B2_D-Sorbitol,20
19.25,B2_D-Sorbitol,23
19.5,B2_D-Sorbitol,25
19.75,B2_D-Sorbitol,20
20.0,B2_D-Sorbitol,21
20.25,B2_D-Sorbitol,25
20.5,B2_D-Sorbitol,27
20.75,B2_D-Sorbitol,27
21.0,B2_D-Sorbitol,22
21.25,B2_D-Sorbitol,26
21.5,B2_D-Sorbitol,26
21.75,B2_D-Sorbitol,25
22.0,B2_D-Sorbitol,27
22.25,B2_D-Sorbitol,24
22.5,B2_D-Sorbitol,25
22.75,B2_D-Sorbitol,24
23.0,B2_D-Sorbitol,20
23.25,B2_D-Sorbitol,21
23.5,B2_D-Sorbitol,26
23.75,B2_D-Sorbitol,20
24.0,B2_D-Sorbitol,27
24.25,B2_D-Sorbitol,24
24.5,B2_D-Sorbitol,25
24.75,B2_D-Sorbitol,23
25.0,B2_D-Sorbitol,22
25.25,B2_D-Sorbitol,22
25.5,B2_D-Sorbitol,26
25.75,B2_D-Sorbitol,26
26.0,B2_D-Sorbitol,24
26.25,B2_D-Sorbitol,23
26.5,B2_D-Sorbitol,26
26.75,B2_D-Sorbitol,22
27.0,B2_D-Sorbitol,24
27.25,B2_D-Sorbitol,23
27.5,B2_D-Sorbitol,23
27.75,B2_D-Sorbitol,22
28.0,B2_D-Sorbitol,23
28.25,B2_D-Sorbitol,25
28.5,B2_D-Sorbitol,23
28.75,B2_D-Sorbitol,28
29.0,B2_D-Sorbitol,23
29.25,B2_D-Sorbitol,22
29.5,B2_D-Sorbitol,23
29.75,B2_D-Sorbitol,25
30.0,B2_D-Sorbitol,23
30.25,B2_D-Sorbitol,24
30.5,B2_D-Sorbitol,21
30.75,B2_D-Sorbitol,22
31.0,B2_D-Sorbitol,22
31.25,B2_D-Sorbitol,24
31.5,B2_D-Sorbitol,23
31.75,B2_D-Sorbitol,23
32.0,B2_D-Sorbitol,21
32.25,B2_D-Sorbitol,24
32.5,B2_D-Sorbitol,22
32.75,B2_D-Sorbitol,21
33.0,B2_D-Sorbitol,21
33.25,B2_D-Sorbitol,18
33.5,B2_D-Sorbitol,23
33.75,B2_D-Sorbitol,24
34.0,B2_D-Sorbitol,24
34.25,B2_D-Sorbitol,23
34.5,B2_D-Sorbitol,26
34.75,B2_D-Sorbitol,23
35.0,B2_D-Sorbitol,25
35.25,B2_D-Sorbitol,22
35.5,B2_D-Sorbitol,24
35.75,B2_D-Sorbitol,23
36.0,B2_D-Sorbitol,25
36.25,B2_D-Sorbitol,22
36.5,B2_D-Sorbitol,24
36.75,B2_D-Sorbitol,21
37.0,B2_D-Sorbitol,24
37.25,B2_D-Sorbitol,18
37.5,B2_D-Sorbitol,17
37.75,B2_D-Sorbitol,24
38.0,B2_D-Sorbitol,16
38.25,B2_D-Sorbitol,25
38.5,B2_D-Sorbitol,20
38.75,B2_D-Sorbitol,23
39.0,B2_D-Sorbitol,24
39.25,B2_D-Sorbitol,24
39.5,B2_D-Sorbitol,21
39.75,B2_D-Sorbitol,22
40.0,B2_D-Sorbitol,21
40.25,B2_D-Sorbitol,22
40.5,B2_D-Sorbitol,20
40.75,B2_D-Sorbitol,26
41.0,B2_D-Sorbitol,21
41.25,B2_D-Sorbitol,21
41.5,B2_D-Sorbitol,25
41.75,B2_D-Sorbitol,23
42.0,B2_D-Sorbitol,20
42.25,B2_D-Sorbitol,25
42.5,B2_D-Sorbitol,23
42.75,B2_D-Sorbitol,23
43.0,B2_D-Sorbitol,18
43.25,B2_D-Sorbitol,17
43.5,B2_D-Sorbitol,25
43.75,B2_D-Sorbitol,23
44.0,B2_D-Sorbitol,22
44.25,B2_D-Sorbitol,24
44.5,B2_D-Sorbitol,22
44.75,B2_D-Sorbitol,23
45.0,B2_D-Sorbitol,20
45.25,B2_D-Sorbitol,22
45.5,B2_D-Sorbitol,26
45.75,B2_D-Sorbitol,24
46.0,B2_D-Sorbitol,20
46.25,B2_D-Sorbitol,24
46.5,B2_D-Sorbitol,25
46.75,B2_D-Sorbitol,27
47.0,B2_D-Sorbitol,21
47.25,B2_D-Sorbitol,27
47.5,B2_D-Sorbitol,24
47.75,B2_D-Sorbitol,23
48.0,B2_D-Sorbitol,22
48.25,B2_D-Sorbitol,29
0.0,B3_Glycerol,11
0.25,B3_Glycerol,13
0.5,B3_Glycerol,12
0.75,B3_Glycerol,11
1.0,B3_Glycerol,11
1.25,B3_Glycerol,12
1.5,B3_Glycerol,13
1.75,B3_Glycerol,11
2.0,B3_Glycerol,14
2.25,B3_Glycerol,11
2.5,B3_Glycerol,11
2.75,B3_Glycerol,13
3.0,B3_Glycerol,11
3.25,B3_Glycerol,11
3.5,B3_Glycerol,13
3.75,B3_Glycerol,11
4.0,B3_Glycerol,15
4.25,B3_Glycerol,14
4.5,B3_Glycerol,13
4.75,B3_Glycerol,15
5.0,B3_Glycerol,13
5.25,B3_Glycerol,13
5.5,B3_Glycerol,11
5.75,B3_Glycerol,11
6.0,B3_Glycerol,11
6.25,B3_Glycerol,11
6.5,B3_Glycerol,11
6.75,B3_Glycerol,11
7.0,B3_Glycerol,14
7.25,B3_Glycerol,11
7.5,B3_Glycerol,11
7.75,B3_Glycerol,11
8.0,B3_Glycerol,14
8.25,B3_Glycerol,11
8.5,B3_Glycerol,11
8.75,B3_Glycerol,13
9.0,B3_Glycerol,11
9.25,B3_Glycerol,11
9.5,B3_Glycerol,12
9.75,B3_Glycerol,15
10.0,B3_Glycerol,11
10.25,B3_Glycerol,11
10.5,B3_Glycerol,11
10.75,B3_Glycerol,17
11.0,B3_Glycerol,16
11.25,B3_Glycerol,13
11.5,B3_Glycerol,13
11.75,B3_Glycerol,11
12.0,B3_Glycerol,14
12.25,B3_Glycerol,12
12.5,B3_Glycerol,13
12.75,B3_Glycerol,11
13.0,B3_Glycerol,15
13.25,B3_Glycerol,13
13.5,B3_Glycerol,15
13.75,B3_Glycerol,11
14.0,B3_Glycerol,12
14.25,B3_Glycerol,14
14.5,B3_Glycerol,11
14.75,B3_Glycerol,15
15.0,B3_Glycerol,13
15.25,B3_Glycerol,13
15.5,B3_Glycerol,13
15.75,B3_Glycerol,11
16.0,B3_Glycerol,16
16.25,B3_Glycerol,19
16.5,B3_Glycerol,15
16.75,B3_Glycerol,12
17.0,B3_Glycerol,16
17.25,B3_Glycerol,19
17.5,B3_Glycerol,20
17.75,B3_Glycerol,20
18.0,B3_Glycerol,18
18.25,B3_Glycerol,19
18.5,B3_Glycerol,17
18.75,B3_Glycerol,18
19.0,B3_Glycerol,18
19.25,B3_Glycerol,19
19.5,B3_Glycerol,22
19.75,B3_Glycerol,22
20.0,B3_Glycerol,23
20.25,B3_Glycerol,22
20.5,B3_Glycerol,23
20.75,B3_Glycerol,25
21.0,B3_Glycerol,23
21.25,B3_Glycerol,25
21.5,B3_Glycerol,25
21.75,B3_Glycerol,23
22.0,B3_Glycerol,26
22.25,B3_Glycerol,26
22.5,B3_Glycerol,23
22.75,B3_Glycerol,25
23.0,B3_Glycerol,22
23.25,B3_Glycerol,23
23.5,B3_Glycerol,28
23.75,B3_Glycerol,20
24.0,B3_Glycerol,29
24.25,B3_Glycerol,26
24.5,B3_Glycerol,27
24.75,B3_Glycerol,25
25.0,B3_Glycerol,32
25.25,B3_Glycerol,24
25.5,B3_Glycerol,29
25.75,B3_Glycerol,31
26.0,B3_Glycerol,27
26.25,B3_Glycerol,31
26.5,B3_Glycerol,32
26.75,B3_Glycerol,32
27.0,B3_Glycerol,31
27.25,B3_Glycerol,32
27.5,B3_Glycerol,32
27.75,B3_Glycerol,32
28.0,B3_Glycerol,29
28.25,B3_Glycerol,30
28.5,B3_Glycerol,34
28.75,B3_Glycerol,34
29.0,B3_Glycerol,34
29.25,B3_Glycerol,31
29.5,B3_Glycerol,32
29.75,B3_Glycerol,35
30.0,B3_Glycerol,34
30.25,B3_Glycerol,38
30.5,B3_Glycerol,40
30.75,B3_Glycerol,36
31.0,B3_Glycerol,38
31.25,B3_Glycerol,38
31.5,B3_Glycerol,42
31.75,B3_Glycerol,41
32.0,B3_Glycerol,39
32.25,B3_Glycerol,40
32.5,B3_Glycerol,38
32.75,B3_Glycerol,43
33.0,B3_Glycerol,38
33.25,B3_Glycerol,44
33.5,B3_Glycerol,41
33.75,B3_Glycerol,46
34.0,B3_Glycerol,42
34.25,B3_Glycerol,48
34.5,B3_Glycerol,49
34.75,B3_Glycerol,44
35.0,B3_Glycerol,44
35.25,B3_Glycerol,48
35.5,B3_Glycerol,44
35.75,B3_Glycerol,46
36.0,B3_Glycerol,46
36.25,B3_Glycerol,45
36.5,B3_Glycerol,46
36.75,B3_Glycerol,49
37.0,B3_Glycerol,49
37.25,B3_Glycerol,50
37.5,B3_Glycerol,47
37.75,B3_Glycerol,52
38.0,B3_Glycerol,49
38.25,B3_Glycerol,53
38.5,B3_Glycerol,50
38.75,B3_Glycerol,49
39.0,B3_Glycerol,53
39.25,B3_Glycerol,50
39.5,B3_Glycerol,54
39.75,B3_Glycerol,51
40.0,B3_Glycerol,51
40.25,B3_Glycerol,54
40.5,B3_Glycerol,52
40.75,B3_Glycerol,57
41.0,B3_Glycerol,51
41.25,B3_Glycerol,57
41.5,B3_Glycerol,55
41.75,B3_Glycerol,57
42.0,B3_Glycerol,59
42.25,B3_Glycerol,59
42.5,B3_Glycerol,59
42.75,B3_Glycerol,61
43.0,B3_Glycerol,63
43.25,B3_Glycerol,60
43.5,B3_Glycerol,60
43.75,B3_Glycerol,60
44.0,B3_Glycerol,62
44.25,B3_Glycerol,61
44.5,B3_Glycerol,60
44.75,B3_Glycerol,59
45.0,B3_Glycerol,63
45.25,B3_Glycerol,63
45.5,B3_Glycerol,69
45.75,B3_Glycerol,67
46.0,B3_Glycerol,62
46.25,B3_Glycerol,63
46.5,B3_Glycerol,67
46.75,B3_Glycerol,70
47.0,B3_Glycerol,70
47.25,B3_Glycerol,70
47.5,B3_Glycerol,70
47.75,B3_Glycerol,71
48.0,B3_Glycerol,66
48.25,B3_Glycerol,69
0.0,B4_L-Fucose,11
0.25,B4_L-Fucose,11
0.5,B4_L-Fucose,13
0.75,B4_L-Fucose,14
1.0,B4_L-Fucose,12
1.25,B4_L-Fucose,13
1.5,B4_L-Fucose,11
1.75,B4_L-Fucose,12
2.0,B4_L-Fucose,16
2.25,B4_L-Fucose,11
2.5,B4_L-Fucose,11
2.75,B4_L-Fucose,13
3.0,B4_L-Fucose,15
3.25,B4_L-Fucose,13
3.5,B4_L-Fucose,12
3.75,B4_L-Fucose,11
4.0,B4_L-Fucose,12
4.25,B4_L-Fucose,11
4.5,B4_L-Fucose,15
4.75,B4_L-Fucose,12
5.0,B4_L-Fucose,12
5.25,B4_L-Fucose,11
5.5,B4_L-Fucose,11
5.75,B4_L-Fucose,12
6.0,B4_L-Fucose,11
6.25,B4_L-Fucose,11
6.5,B4_L-Fucose,15
6.75,B4_L-Fucose,14
7.0,B4_L-Fucose,14
7.25,B4_L-Fucose,11
7.5,B4_L-Fucose,11
7.75,B4_L-Fucose,11
8.0,B4_L-Fucose,19
8.25,B4_L-Fucose,12
8.5,B4_L-Fucose,11
8.75,B4_L-Fucose,11
9.0,B4_L-Fucose,11
9.25,B4_L-Fucose,14
9.5,B4_L-Fucose,13
9.75,B4_L-Fucose,14
10.0,B4_L-Fucose,11
10.25,B4_L-Fucose,17
10.5,B4_L-Fucose,14
10.75,B4_L-Fucose,14
11.0,B4_L-Fucose,14
11.25,B4_L-Fucose,15
11.5,B4_L-Fucose,17
11.75,B4_L-Fucose,11
12.0,B4_L-Fucose,16
12.25,B4_L-Fucose,15
12.5,B4_L-Fucose,19
12.75,B4_L-Fucose,15
13.0,B4_L-Fucose,17
13.25,B4_L-Fucose,13
13.5,B4_L-Fucose,21
13.75,B4_L-Fucose,16
14.0,B4_L-Fucose,19
14.25,B4_L-Fucose,20
14.5,B4_L-Fucose,17
14.75,B4_L-Fucose,18
15.0,B4_L-Fucose,13
15.25,B4_L-Fucose,19
15.5,B4_L-Fucose,18
15.75,B4_L-Fucose,17
16.0,B4_L-Fucose,20
16.25,B4_L-Fucose,19
16.5,B4_L-Fucose,19
16.75,B4_L-Fucose,17
17.0,B4_L-Fucose,18
17.25,B4_L-Fucose,18
17.5,B4_L-Fucose,17
17.75,B4_L-Fucose,17
18.0,B4_L-Fucose,15
18.25,B4_L-Fucose,17
18.5,B4_L-Fucose,17
18.75,B4_L-Fucose,22
19.0,B4_L-Fucose,23
19.25,B4_L-Fucose,17
19.5,B4_L-Fucose,21
19.75,B4_L-Fucose,18
20.0,B4_L-Fucose,20
20.25,B4_L-Fucose,17
20.5,B4_L-Fucose,24
20.75,B4_L-Fucose,24
21.0,B4_L-Fucose,16
21.25,B4_L-Fucose,21
21.5,B4_L-Fucose,23
21.75,B4_L-Fucose,24
22.0,B4_L-Fucose,22
22.25,B4_L-Fucose,24
22.5,B4_L-Fucose,20
22.75,B4_L-Fucose,26
23.0,B4_L-Fucose,18
23.25,B4_L-Fucose,21
23.5,B4_L-Fucose,24
23.75,B4_L-Fucose,24
24.0,B4_L-Fucose,19
24.25,B4_L-Fucose,23
24.5,B4_L-Fucose,18
24.75,B4_L-Fucose,19
25.0,B4_L-Fucose,24
25.25,B4_L-Fucose,21
25.5,B4_L-Fucose,21
25.75,B4_L-Fucose,22
26.0,B4_L-Fucose,20
26.25,B4_L-Fucose,18
26.5,B4_L-Fucose,23
26.75,B4_L-Fucose,22
27.0,B4_L-Fucose,20
27.25,B4_L-Fucose,22
27.5,B4_L-Fucose,22
27.75,B4_L-Fucose,26
28.0,B4_L-Fucose,18
28.25,B4_L-Fucose,22
28.5,B4_L-Fucose,23
28.75,B4_L-Fucose,19
29.0,B4_L-Fucose,25
29.25,B4_L-Fucose,19
29.5,B4_L-Fucose,21
29.75,B4_L-Fucose,19
30.0,B4_L-Fucose,22
30.25,B4_L-Fucose,20
30.5,B4_L-Fucose,22
30.75,B4_L-Fucose,21
31.0,B4_L-Fucose,21
31.25,B4_L-Fucose,21
31.5,B4_L-Fucose,15
31.75,B4_L-Fucose,23
32.0,B4_L-Fucose,21
32.25,B4_L-Fucose,21
32.5,B4_L-Fucose,22
32.75,B4_L-Fucose,17
33.0,B4_L-Fucose,21
33.25,B4_L-Fucose,16
33.5,B4_L-Fucose,20
33.75,B4_L-Fucose,20
34.0,B4_L-Fucose,21
34.25,B4_L-Fucose,17
34.5,B4_L-Fucose,24
34.75,B4_L-Fucose,19
35.0,B4_L-Fucose,21
35.25,B4_L-Fucose,19
35.5,B4_L-Fucose,18
35.75,B4_L-Fucose,18
36.0,B4_L-Fucose,19
36.25,B4_L-Fucose,19
36.5,B4_L-Fucose,24
36.75,B4_L-Fucose,19
37.0,B4_L-Fucose,21
37.25,B4_L-Fucose,18
37.5,B4_L-Fucose,23
37.75,B4_L-Fucose,24
38.0,B4_L-Fucose,21
38.25,B4_L-Fucose,18
38.5,B4_L-Fucose,18
38.75,B4_L-Fucose,20
39.0,B4_L-Fucose,19
39.25,B4_L-Fucose,17
39.5,B4_L-Fucose,18
39.75,B4_L-Fucose,20
40.0,B4_L-Fucose,16
40.25,B4_L-Fucose,19
40.5,B4_L-Fucose,19
40.75,B4_L-Fucose,21
41.0,B4_L-Fucose,18
41.25,B4_L-Fucose,19
41.5,B4_L-Fucose,22
41.75,B4_L-Fucose,19
42.0,B4_L-Fucose,21
42.25,B4_L-Fucose,22
42.5,B4_L-Fucose,21
42.75,B4_L-Fucose,20
43.0,B4_L-Fucose,22
43.25,B4_L-Fucose,21
43.5,B4_L-Fucose,21
43.75,B4_L-Fucose,17
44.0,B4_L-Fucose,20
44.25,B4_L-Fucose,16
44.5,B4_L-Fucose,17
44.75,B4_L-Fucose,18
45.0,B4_L-Fucose,22
45.25,B4_L-Fucose,20
45.5,B4_L-Fucose,22
45.75,B4_L-Fucose,23
46.0,B4_L-Fucose,18
46.25,B4_L-Fucose,19
46.5,B4_L-Fucose,23
46.75,B4_L-Fucose,23
47.0,B4_L-Fucose,18
47.25,B4_L-Fucose,22
47.5,B4_L-Fucose,22
47.75,B4_L-Fucose,20
48.0,B4_L-Fucose,20
48.25,B4_L-Fucose,22
0.0,B5_D-Glucuronic_Acid,12
0.25,B5_D-Glucuronic_Acid,11
0.5,B5_D-Glucuronic_Acid,11
0.75,B5_D-Glucuronic_Acid,12
1.0,B5_D-Glucuronic_Acid,11
1.25,B5_D-Glucuronic_Acid,12
1.5,B5_D-Glucuronic_Acid,11
1.75,B5_D-Glucuronic_Acid,11
2.0,B5_D-Glucuronic_Acid,12
2.25,B5_D-Glucuronic_Acid,11
2.5,B5_D-Glucuronic_Acid,11
2.75,B5_D-Glucuronic_Acid,11
3.0,B5_D-Glucuronic_Acid,11
3.25,B5_D-Glucuronic_Acid,11
3.5,B5_D-Glucuronic_Acid,11
3.75,B5_D-Glucuronic_Acid,11
4.0,B5_D-Glucuronic_Acid,11
4.25,B5_D-Glucuronic_Acid,11
4.5,B5_D-Glucuronic_Acid,11
4.75,B5_D-Glucuronic_Acid,11
5.0,B5_D-Glucuronic_Acid,11
5.25,B5_D-Glucuronic_Acid,11
5.5,B5_D-Glucuronic_Acid,11
5.75,B5_D-Glucuronic_Acid,11
6.0,B5_D-Glucuronic_Acid,11
6.25,B5_D-Glucuronic_Acid,11
6.5,B5_D-Glucuronic_Acid,11
6.75,B5_D-Glucuronic_Acid,11
7.0,B5_D-Glucuronic_Acid,11
7.25,B5_D-Glucuronic_Acid,11
7.5,B5_D-Glucuronic_Acid,11
7.75,B5_D-Glucuronic_Acid,11
8.0,B5_D-Glucuronic_Acid,13
8.25,B5_D-Glucuronic_Acid,11
8.5,B5_D-Glucuronic_Acid,11
8.75,B5_D-Glucuronic_Acid,14
9.0,B5_D-Glucuronic_Acid,11
9.25,B5_D-Glucuronic_Acid,11
9.5,B5_D-Glucuronic_Acid,11
9.75,B5_D-Glucuronic_Acid,11
10.0,B5_D-Glucuronic_Acid,11
10.25,B5_D-Glucuronic_Acid,11
10.5,B5_D-Glucuronic_Acid,11
10.75,B5_D-Glucuronic_Acid,15
11.0,B5_D-Glucuronic_Acid,15
11.25,B5_D-Glucuronic_Acid,14
11.5,B5_D-Glucuronic_Acid,14
11.75,B5_D-Glucuronic_Acid,11
12.0,B5_D-Glucuronic_Acid,14
12.25,B5_D-Glucuronic_Acid,14
12.5,B5_D-Glucuronic_Acid,11
12.75,B5_D-Glucuronic_Acid,15
13.0,B5_D-Glucuronic_Acid,18
13.25,B5_D-Glucuronic_Acid,11
13.5,B5_D-Glucuronic_Acid,15
13.75,B5_D-Glucuronic_Acid,16
14.0,B5_D-Glucuronic_Acid,11
14.25,B5_D-Glucuronic_Acid,13
14.5,B5_D-Glucuronic_Acid,12
14.75,B5_D-Glucuronic_Acid,16
15.0,B5_D-Glucuronic_Acid,14
15.25,B5_D-Glucuronic_Acid,13
15.5,B5_D-Glucuronic_Acid,11
15.75,B5_D-Glucuronic_Acid,13
16.0,B5_D-Glucuronic_Acid,15
16.25,B5_D-Glucuronic_Acid,11
16.5,B5_D-Glucuronic_Acid,14
16.75,B5_D-Glucuronic_Acid,15
17.0,B5_D-Glucuronic_Acid,11
17.25,B5_D-Glucuronic_Acid,14
17.5,B5_D-Glucuronic_Acid,14
17.75,B5_D-Glucuronic_Acid,14
18.0,B5_D-Glucuronic_Acid,15
18.25,B5_D-Glucuronic_Acid,17
18.5,B5_D-Glucuronic_Acid,15
18.75,B5_D-Glucuronic_Acid,17
19.0,B5_D-Glucuronic_Acid,15
19.25,B5_D-Glucuronic_Acid,15
19.5,B5_D-Glucuronic_Acid,16
19.75,B5_D-Glucuronic_Acid,17
20.0,B5_D-Glucuronic_Acid,18
20.25,B5_D-Glucuronic_Acid,16
20.5,B5_D-Glucuronic_Acid,16
20.75,B5_D-Glucuronic_Acid,16
21.0,B5_D-Glucuronic_Acid,20
21.25,B5_D-Glucuronic_Acid,18
21.5,B5_D-Glucuronic_Acid,18
21.75,B5_D-Glucuronic_Acid,17
22.0,B5_D-Glucuronic_Acid,19
22.25,B5_D-Glucuronic_Acid,17
22.5,B5_D-Glucuronic_Acid,19
22.75,B5_D-Glucuronic_Acid,19
23.0,B5_D-Glucuronic_Acid,18
23.25,B5_D-Glucuronic_Acid,21
23.5,B5_D-Glucuronic_Acid,19
23.75,B5_D-Glucuronic_Acid,16
24.0,B5_D-Glucuronic_Acid,18
24.25,B5_D-Glucuronic_Acid,18
24.5,B5_D-Glucuronic_Acid,16
24.75,B5_D-Glucuronic_Acid,20
25.0,B5_D-Glucuronic_Acid,18
25.25,B5_D-Glucuronic_Acid,16
25.5,B5_D-Glucuronic_Acid,18
25.75,B5_D-Glucuronic_Acid,18
26.0,B5_D-Glucuronic_Acid,19
26.25,B5_D-Glucuronic_Acid,20
26.5,B5_D-Glucuronic_Acid,17
26.75,B5_D-Glucuronic_Acid,18
27.0,B5_D-Glucuronic_Acid,19
27.25,B5_D-Glucuronic_Acid,21
27.5,B5_D-Glucuronic_Acid,19
27.75,B5_D-Glucuronic_Acid,21
28.0,B5_D-Glucuronic_Acid,16
28.25,B5_D-Glucuronic_Acid,20
28.5,B5_D-Glucuronic_Acid,22
28.75,B5_D-Glucuronic_Acid,22
29.0,B5_D-Glucuronic_Acid,21
29.25,B5_D-Glucuronic_Acid,19
29.5,B5_D-Glucuronic_Acid,18
29.75,B5_D-Glucuronic_Acid,20
30.0,B5_D-Glucuronic_Acid,18
30.25,B5_D-Glucuronic_Acid,19
30.5,B5_D-Glucuronic_Acid,17
30.75,B5_D-Glucuronic_Acid,17
31.0,B5_D-Glucuronic_Acid,21
31.25,B5_D-Glucuronic_Acid,22
31.5,B5_D-Glucuronic_Acid,21
31.75,B5_D-Glucuronic_Acid,18
32.0,B5_D-Glucuronic_Acid,17
32.25,B5_D-Glucuronic_Acid,19
32.5,B5_D-Glucuronic_Acid,18
32.75,B5_D-Glucuronic_Acid,21
33.0,B5_D-Glucuronic_Acid,20
33.25,B5_D-Glucuronic_Acid,18
33.5,B5_D-Glucuronic_Acid,19
33.75,B5_D-Glucuronic_Acid,20
34.0,B5_D-Glucuronic_Acid,19
34.25,B5_D-Glucuronic_Acid,21
34.5,B5_D-Glucuronic_Acid,21
34.75,B5_D-Glucuronic_Acid,19
35.0,B5_D-Glucuronic_Acid,21
35.25,B5_D-Glucuronic_Acid,19
35.5,B5_D-Glucuronic_Acid,20
35.75,B5_D-Glucuronic_Acid,20
36.0,B5_D-Glucuronic_Acid,21
36.25,B5_D-Glucuronic_Acid,19
36.5,B5_D-Glucuronic_Acid,17
36.75,B5_D-Glucuronic_Acid,22
37.0,B5_D-Glucuronic_Acid,21
37.25,B5_D-Glucuronic_Acid,23
37.5,B5_D-Glucuronic_Acid,21
37.75,B5_D-Glucuronic_Acid,21
38.0,B5_D-Glucuronic_Acid,22
38.25,B5_D-Glucuronic_Acid,19
38.5,B5_D-Glucuronic_Acid,22
38.75,B5_D-Glucuronic_Acid,18
39.0,B5_D-Glucuronic_Acid,21
39.25,B5_D-Glucuronic_Acid,20
39.5,B5_D-Glucuronic_Acid,23
39.75,B5_D-Glucuronic_Acid,19
40.0,B5_D-Glucuronic_Acid,19
40.25,B5_D-Glucuronic_Acid,20
40.5,B5_D-Glucuronic_Acid,20
40.75,B5_D-Glucuronic_Acid,22
41.0,B5_D-Glucuronic_Acid,21
41.25,B5_D-Glucuronic_Acid,20
41.5,B5_D-Glucuronic_Acid,19
41.75,B5_D-Glucuronic_Acid,15
42.0,B5_D-Glucuronic_Acid,24
42.25,B5_D-Glucuronic_Acid,25
42.5,B5_D-Glucuronic_Acid,21
42.75,B5_D-Glucuronic_Acid,23
43.0,B5_D-Glucuronic_Acid,21
43.25,B5_D-Glucuronic_Acid,22
43.5,B5_D-Glucuronic_Acid,21
43.75,B5_D-Glucuronic_Acid,22
44.0,B5_D-Glucuronic_Acid,20
44.25,B5_D-Glucuronic_Acid,18
44.5,B5_D-Glucuronic_Acid,25
44.75,B5_D-Glucuronic_Acid,20
45.0,B5_D-Glucuronic_Acid,19
45.25,B5_D-Glucuronic_Acid,20
45.5,B5_D-Glucuronic_Acid,21
45.75,B5_D-Glucuronic_Acid,23
46.0,B5_D-Glucuronic_Acid,22
46.25,B5_D-Glucuronic_Acid,20
46.5,B5_D-Glucuronic_Acid,25
46.75,B5_D-Glucuronic_Acid,22
47.0,B5_D-Glucuronic_Acid,24
47.25,B5_D-Glucuronic_Acid,23
47.5,B5_D-Glucuronic_Acid,25
47.75,B5_D-Glucuronic_Acid,25
48.0,B5_D-Glucuronic_Acid,18
48.25,B5_D-Glucuronic_Acid,27
0.0,B6_D-Gluconic_Acid,13
0.25,B6_D-Gluconic_Acid,11
0.5,B6_D-Gluconic_Acid,11
0.75,B6_D-Gluconic_Acid,11
1.0,B6_D-Gluconic_Acid,11
1.25,B6_D-Gluconic_Acid,11
1.5,B6_D-Gluconic_Acid,11
1.75,B6_D-Gluconic_Acid,11
2.0,B6_D-Gluconic_Acid,12
2.25,B6_D-Gluconic_Acid,11
2.5,B6_D-Gluconic_Acid,11
2.75,B6_D-Gluconic_Acid,11
3.0,B6_D-Gluconic_Acid,11
3.25,B6_D-Gluconic_Acid,11
3.5,B6_D-Gluconic_Acid,11
3.75,B6_D-Gluconic_Acid,11
4.0,B6_D-Gluconic_Acid,11
4.25,B6_D-Gluconic_Acid,11
4.5,B6_D-Gluconic_Acid,11
4.75,B6_D-Gluconic_Acid,11
5.0,B6_D-Gluconic_Acid,12
5.25,B6_D-Gluconic_Acid,11
5.5,B6_D-Gluconic_Acid,11
5.75,B6_D-Gluconic_Acid,11
6.0,B6_D-Gluconic_Acid,11
6.25,B6_D-Gluconic_Acid,11
6.5,B6_D-Gluconic_Acid,11
6.75,B6_D-Gluconic_Acid,11
7.0,B6_D-Gluconic_Acid,14
7.25,B6_D-Gluconic_Acid,14
7.5,B6_D-Gluconic_Acid,11
7.75,B6_D-Gluconic_Acid,11
8.0,B6_D-Gluconic_Acid,13
8.25,B6_D-Gluconic_Acid,11
8.5,B6_D-Gluconic_Acid,11
8.75,B6_D-Gluconic_Acid,11
9.0,B6_D-Gluconic_Acid,11
9.25,B6_D-Gluconic_Acid,11
9.5,B6_D-Gluconic_Acid,11
9.75,B6_D-Gluconic_Acid,11
10.0,B6_D-Gluconic_Acid,11
10.25,B6_D-Gluconic_Acid,11
10.5,B6_D-Gluconic_Acid,12
10.75,B6_D-Gluconic_Acid,11
11.0,B6_D-Gluconic_Acid,14
11.25,B6_D-Gluconic_Acid,14
11.5,B6_D-Gluconic_Acid,15
11.75,B6_D-Gluconic_Acid,15
12.0,B6_D-Gluconic_Acid,15
12.25,B6_D-Gluconic_Acid,17
12.5,B6_D-Gluconic_Acid,16
12.75,B6_D-Gluconic_Acid,16
13.0,B6_D-Gluconic_Acid,16
13.25,B6_D-Gluconic_Acid,15
13.5,B6_D-Gluconic_Acid,19
13.75,B6_D-Gluconic_Acid,19
14.0,B6_D-Gluconic_Acid,21
14.25,B6_D-Gluconic_Acid,19
14.5,B6_D-Gluconic_Acid,17
14.75,B6_D-Gluconic_Acid,20
15.0,B6_D-Gluconic_Acid,20
15.25,B6_D-Gluconic_Acid,17
15.5,B6_D-Gluconic_Acid,21
15.75,B6_D-Gluconic_Acid,20
16.0,B6_D-Gluconic_Acid,24
16.25,B6_D-Gluconic_Acid,23
16.5,B6_D-Gluconic_Acid,18
16.75,B6_D-Gluconic_Acid,19
17.0,B6_D-Gluconic_Acid,26
17.25,B6_D-Gluconic_Acid,25
17.5,B6_D-Gluconic_Acid,27
17.75,B6_D-Gluconic_Acid,24
18.0,B6_D-Gluconic_Acid,22
18.25,B6_D-Gluconic_Acid,31
18.5,B6_D-Gluconic_Acid,27
18.75,B6_D-Gluconic_Acid,30
19.0,B6_D-Gluconic_Acid,24
19.25,B6_D-Gluconic_Acid,24
19.5,B6_D-Gluconic_Acid,27
19.75,B6_D-Gluconic_Acid,28
20.0,B6_D-Gluconic_Acid,25
20.25,B6_D-Gluconic_Acid,30
20.5,B6_D-Gluconic_Acid,31
20.75,B6_D-Gluconic_Acid,25
21.0,B6_D-Gluconic_Acid,25
21.25,B6_D-Gluconic_Acid,29
21.5,B6_D-Gluconic_Acid,32
21.75,B6_D-Gluconic_Acid,29
22.0,B6_D-Gluconic_Acid,29
22.25,B6_D-Gluconic_Acid,31
22.5,B6_D-Gluconic_Acid,30
22.75,B6_D-Gluconic_Acid,30
23.0,B6_D-Gluconic_Acid,28
23.25,B6_D-Gluconic_Acid,34
23.5,B6_D-Gluconic_Acid,32
23.75,B6_D-Gluconic_Acid,33
24.0,B6_D-Gluconic_Acid,27
24.25,B6_D-Gluconic_Acid,31
24.5,B6_D-Gluconic_Acid,31
24.75,B6_D-Gluconic_Acid,34
25.0,B6_D-Gluconic_Acid,31
25.25,B6_D-Gluconic_Acid,32
25.5,B6_D-Gluconic_Acid,33
25.75,B6_D-Gluconic_Acid,36
26.0,B6_D-Gluconic_Acid,36
26.25,B6_D-Gluconic_Acid,32
26.5,B6_D-Gluconic_Acid,32
26.75,B6_D-Gluconic_Acid,31
27.0,B6_D-Gluconic_Acid,34
27.25,B6_D-Gluconic_Acid,37
27.5,B6_D-Gluconic_Acid,33
27.75,B6_D-Gluconic_Acid,42
28.0,B6_D-Gluconic_Acid,37
28.25,B6_D-Gluconic_Acid,36
28.5,B6_D-Gluconic_Acid,39
28.75,B6_D-Gluconic_Acid,42
29.0,B6_D-Gluconic_Acid,39
29.25,B6_D-Gluconic_Acid,43
29.5,B6_D-Gluconic_Acid,36
29.75,B6_D-Gluconic_Acid,38
30.0,B6_D-Gluconic_Acid,39
30.25,B6_D-Gluconic_Acid,39
30.5,B6_D-Gluconic_Acid,42
30.75,B6_D-Gluconic_Acid,40
31.0,B6_D-Gluconic_Acid,37
31.25,B6_D-Gluconic_Acid,40
31.5,B6_D-Gluconic_Acid,40
31.75,B6_D-Gluconic_Acid,42
32.0,B6_D-Gluconic_Acid,42
32.25,B6_D-Gluconic_Acid,39
32.5,B6_D-Gluconic_Acid,43
32.75,B6_D-Gluconic_Acid,42
33.0,B6_D-Gluconic_Acid,39
33.25,B6_D-Gluconic_Acid,39
33.5,B6_D-Gluconic_Acid,39
33.75,B6_D-Gluconic_Acid,41
34.0,B6_D-Gluconic_Acid,43
34.25,B6_D-Gluconic_Acid,44
34.5,B6_D-Gluconic_Acid,47
34.75,B6_D-Gluconic_Acid,45
35.0,B6_D-Gluconic_Acid,39
35.25,B6_D-Gluconic_Acid,44
35.5,B6_D-Gluconic_Acid,42
35.75,B6_D-Gluconic_Acid,47
36.0,B6_D-Gluconic_Acid,44
36.25,B6_D-Gluconic_Acid,46
36.5,B6_D-Gluconic_Acid,48
36.75,B6_D-Gluconic_Acid,46
37.0,B6_D-Gluconic_Acid,42
37.25,B6_D-Gluconic_Acid,45
37.5,B6_D-Gluconic_Acid,48
37.75,B6_D-Gluconic_Acid,45
38.0,B6_D-Gluconic_Acid,43
38.25,B6_D-Gluconic_Acid,44
38.5,B6_D-Gluconic_Acid,48
38.75,B6_D-Gluconic_Acid,47
39.0,B6_D-Gluconic_Acid,49
39.25,B6_D-Gluconic_Acid,45
39.5,B6_D-Gluconic_Acid,49
39.75,B6_D-Gluconic_Acid,44
40.0,B6_D-Gluconic_Acid,49
40.25,B6_D-Gluconic_Acid,45
40.5,B6_D-Gluconic_Acid,46
40.75,B6_D-Gluconic_Acid,50
41.0,B6_D-Gluconic_Acid,48
41.25,B6_D-Gluconic_Acid,48
41.5,B6_D-Gluconic_Acid,52
41.75,B6_D-Gluconic_Acid,45
42.0,B6_D-Gluconic_Acid,47
42.25,B6_D-Gluconic_Acid,51
42.5,B6_D-Gluconic_Acid,46
42.75,B6_D-Gluconic_Acid,49
43.0,B6_D-Gluconic_Acid,44
43.25,B6_D-Gluconic_Acid,50
43.5,B6_D-Gluconic_Acid,48
43.75,B6_D-Gluconic_Acid,47
44.0,B6_D-Gluconic_Acid,53
44.25,B6_D-Gluconic_Acid,52
44.5,B6_D-Gluconic_Acid,51
44.75,B6_D-Gluconic_Acid,49
45.0,B6_D-Gluconic_Acid,49
45.25,B6_D-Gluconic_Acid,52
45.5,B6_D-Gluconic_Acid,56
45.75,B6_D-Gluconic_Acid,53
46.0,B6_D-Gluconic_Acid,50
46.25,B6_D-Gluconic_Acid,54
46.5,B6_D-Gluconic_Acid,52
46.75,B6_D-Gluconic_Acid,52
47.0,B6_D-Gluconic_Acid,56
47.25,B6_D-Gluconic_Acid,53
47.5,B6_D-Gluconic_Acid,57
47.75,B6_D-Gluconic_Acid,57
48.0,B6_D-Gluconic_Acid,53
48.25,B6_D-Gluconic_Acid,54
0.0,B7_D-L-a-Glycerol_Phosphate,11
0.25,B7_D-L-a-Glycerol_Phosphate,11
0.5,B7_D-L-a-Glycerol_Phosphate,13
0.75,B7_D-L-a-Glycerol_Phosphate,11
1.0,B7_D-L-a-Glycerol_Phosphate,11
1.25,B7_D-L-a-Glycerol_Phosphate,11
1.5,B7_D-L-a-Glycerol_Phosphate,11
1.75,B7_D-L-a-Glycerol_Phosphate,11
2.0,B7_D-L-a-Glycerol_Phosphate,13
2.25,B7_D-L-a-Glycerol_Phosphate,11
2.5,B7_D-L-a-Glycerol_Phosphate,11
2.75,B7_D-L-a-Glycerol_Phosphate,11
3.0,B7_D-L-a-Glycerol_Phosphate,11
3.25,B7_D-L-a-Glycerol_Phosphate,11
3.5,B7_D-L-a-Glycerol_Phosphate,13
3.75,B7_D-L-a-Glycerol_Phosphate,11
4.0,B7_D-L-a-Glycerol_Phosphate,11
4.25,B7_D-L-a-Glycerol_Phosphate,11
4.5,B7_D-L-a-Glycerol_Phosphate,11
4.75,B7_D-L-a-Glycerol_Phosphate,11
5.0,B7_D-L-a-Glycerol_Phosphate,11
5.25,B7_D-L-a-Glycerol_Phosphate,11
5.5,B7_D-L-a-Glycerol_Phosphate,11
5.75,B7_D-L-a-Glycerol_Phosphate,11
6.0,B7_D-L-a-Glycerol_Phosphate,11
6.25,B7_D-L-a-Glycerol_Phosphate,11
6.5,B7_D-L-a-Glycerol_Phosphate,11
6.75,B7_D-L-a-Glycerol_Phosphate,11
7.0,B7_D-L-a-Glycerol_Phosphate,12
7.25,B7_D-L-a-Glycerol_Phosphate,11
7.5,B7_D-L-a-Glycerol_Phosphate,11
7.75,B7_D-L-a-Glycerol_Phosphate,11
8.0,B7_D-L-a-Glycerol_Phosphate,11
8.25,B7_D-L-a-Glycerol_Phosphate,13
8.5,B7_D-L-a-Glycerol_Phosphate,11
8.75,B7_D-L-a-Glycerol_Phosphate,11
9.0,B7_D-L-a-Glycerol_Phosphate,11
9.25,B7_D-L-a-Glycerol_Phosphate,14
9.5,B7_D-L-a-Glycerol_Phosphate,11
9.75,B7_D-L-a-Glycerol_Phosphate,11
10.0,B7_D-L-a-Glycerol_Phosphate,11
10.25,B7_D-L-a-Glycerol_Phosphate,14
10.5,B7_D-L-a-Glycerol_Phosphate,11
10.75,B7_D-L-a-Glycerol_Phosphate,12
11.0,B7_D-L-a-Glycerol_Phosphate,12
11.25,B7_D-L-a-Glycerol_Phosphate,11
11.5,B7_D-L-a-Glycerol_Phosphate,12
11.75,B7_D-L-a-Glycerol_Phosphate,11
12.0,B7_D-L-a-Glycerol_Phosphate,12
12.25,B7_D-L-a-Glycerol_Phosphate,17
12.5,B7_D-L-a-Glycerol_Phosphate,14
12.75,B7_D-L-a-Glycerol_Phosphate,14
13.0,B7_D-L-a-Glycerol_Phosphate,15
13.25,B7_D-L-a-Glycerol_Phosphate,11
13.5,B7_D-L-a-Glycerol_Phosphate,13
13.75,B7_D-L-a-Glycerol_Phosphate,15
14.0,B7_D-L-a-Glycerol_Phosphate,16
14.25,B7_D-L-a-Glycerol_Phosphate,16
14.5,B7_D-L-a-Glycerol_Phosphate,11
14.75,B7_D-L-a-Glycerol_Phosphate,17
15.0,B7_D-L-a-Glycerol_Phosphate,17
15.25,B7_D-L-a-Glycerol_Phosphate,15
15.5,B7_D-L-a-Glycerol_Phosphate,15
15.75,B7_D-L-a-Glycerol_Phosphate,16
16.0,B7_D-L-a-Glycerol_Phosphate,17
16.25,B7_D-L-a-Glycerol_Phosphate,15
16.5,B7_D-L-a-Glycerol_Phosphate,15
16.75,B7_D-L-a-Glycerol_Phosphate,16
17.0,B7_D-L-a-Glycerol_Phosphate,20
17.25,B7_D-L-a-Glycerol_Phosphate,16
17.5,B7_D-L-a-Glycerol_Phosphate,19
17.75,B7_D-L-a-Glycerol_Phosphate,18
18.0,B7_D-L-a-Glycerol_Phosphate,21
18.25,B7_D-L-a-Glycerol_Phosphate,19
18.5,B7_D-L-a-Glycerol_Phosphate,23
18.75,B7_D-L-a-Glycerol_Phosphate,19
19.0,B7_D-L-a-Glycerol_Phosphate,15
19.25,B7_D-L-a-Glycerol_Phosphate,19
19.5,B7_D-L-a-Glycerol_Phosphate,20
19.75,B7_D-L-a-Glycerol_Phosphate,18
20.0,B7_D-L-a-Glycerol_Phosphate,18
20.25,B7_D-L-a-Glycerol_Phosphate,21
20.5,B7_D-L-a-Glycerol_Phosphate,20
20.75,B7_D-L-a-Glycerol_Phosphate,21
21.0,B7_D-L-a-Glycerol_Phosphate,21
21.25,B7_D-L-a-Glycerol_Phosphate,18
21.5,B7_D-L-a-Glycerol_Phosphate,21
21.75,B7_D-L-a-Glycerol_Phosphate,19
22.0,B7_D-L-a-Glycerol_Phosphate,18
22.25,B7_D-L-a-Glycerol_Phosphate,20
22.5,B7_D-L-a-Glycerol_Phosphate,20
22.75,B7_D-L-a-Glycerol_Phosphate,20
23.0,B7_D-L-a-Glycerol_Phosphate,19
23.25,B7_D-L-a-Glycerol_Phosphate,16
23.5,B7_D-L-a-Glycerol_Phosphate,14
23.75,B7_D-L-a-Glycerol_Phosphate,15
24.0,B7_D-L-a-Glycerol_Phosphate,19
24.25,B7_D-L-a-Glycerol_Phosphate,20
24.5,B7_D-L-a-Glycerol_Phosphate,22
24.75,B7_D-L-a-Glycerol_Phosphate,23
25.0,B7_D-L-a-Glycerol_Phosphate,20
25.25,B7_D-L-a-Glycerol_Phosphate,20
25.5,B7_D-L-a-Glycerol_Phosphate,19
25.75,B7_D-L-a-Glycerol_Phosphate,19
26.0,B7_D-L-a-Glycerol_Phosphate,20
26.25,B7_D-L-a-Glycerol_Phosphate,23
26.5,B7_D-L-a-Glycerol_Phosphate,21
26.75,B7_D-L-a-Glycerol_Phosphate,19
27.0,B7_D-L-a-Glycerol_Phosphate,21
27.25,B7_D-L-a-Glycerol_Phosphate,21
27.5,B7_D-L-a-Glycerol_Phosphate,20
27.75,B7_D-L-a-Glycerol_Phosphate,23
28.0,B7_D-L-a-Glycerol_Phosphate,21
28.25,B7_D-L-a-Glycerol_Phosphate,20
28.5,B7_D-L-a-Glycerol_Phosphate,21
28.75,B7_D-L-a-Glycerol_Phosphate,25
29.0,B7_D-L-a-Glycerol_Phosphate,17
29.25,B7_D-L-a-Glycerol_Phosphate,19
29.5,B7_D-L-a-Glycerol_Phosphate,19
29.75,B7_D-L-a-Glycerol_Phosphate,22
30.0,B7_D-L-a-Glycerol_Phosphate,21
30.25,B7_D-L-a-Glycerol_Phosphate,18
30.5,B7_D-L-a-Glycerol_Phosphate,18
30.75,B7_D-L-a-Glycerol_Phosphate,20
31.0,B7_D-L-a-Glycerol_Phosphate,14
31.25,B7_D-L-a-Glycerol_Phosphate,22
31.5,B7_D-L-a-Glycerol_Phosphate,25
31.75,B7_D-L-a-Glycerol_Phosphate,21
32.0,B7_D-L-a-Glycerol_Phosphate,24
32.25,B7_D-L-a-Glycerol_Phosphate,20
32.5,B7_D-L-a-Glycerol_Phosphate,23
32.75,B7_D-L-a-Glycerol_Phosphate,20
33.0,B7_D-L-a-Glycerol_Phosphate,19
33.25,B7_D-L-a-Glycerol_Phosphate,18
33.5,B7_D-L-a-Glycerol_Phosphate,18
33.75,B7_D-L-a-Glycerol_Phosphate,24
34.0,B7_D-L-a-Glycerol_Phosphate,15
34.25,B7_D-L-a-Glycerol_Phosphate,24
34.5,B7_D-L-a-Glycerol_Phosphate,22
34.75,B7_D-L-a-Glycerol_Phosphate,21
35.0,B7_D-L-a-Glycerol_Phosphate,18
35.25,B7_D-L-a-Glycerol_Phosphate,22
35.5,B7_D-L-a-Glycerol_Phosphate,19
35.75,B7_D-L-a-Glycerol_Phosphate,18
36.0,B7_D-L-a-Glycerol_Phosphate,18
36.25,B7_D-L-a-Glycerol_Phosphate,17
36.5,B7_D-L-a-Glycerol_Phosphate,17
36.75,B7_D-L-a-Glycerol_Phosphate,19
37.0,B7_D-L-a-Glycerol_Phosphate,16
37.25,B7_D-L-a-Glycerol_Phosphate,17
37.5,B7_D-L-a-Glycerol_Phosphate,18
37.75,B7_D-L-a-Glycerol_Phosphate,17
38.0,B7_D-L-a-Glycerol_Phosphate,19
38.25,B7_D-L-a-Glycerol_Phosphate,19
38.5,B7_D-L-a-Glycerol_Phosphate,23
38.75,B7_D-L-a-Glycerol_Phosphate,21
39.0,B7_D-L-a-Glycerol_Phosphate,19
39.25,B7_D-L-a-Glycerol_Phosphate,17
39.5,B7_D-L-a-Glycerol_Phosphate,19
39.75,B7_D-L-a-Glycerol_Phosphate,19
40.0,B7_D-L-a-Glycerol_Phosphate,20
40.25,B7_D-L-a-Glycerol_Phosphate,17
40.5,B7_D-L-a-Glycerol_Phosphate,16
40.75,B7_D-L-a-Glycerol_Phosphate,23
41.0,B7_D-L-a-Glycerol_Phosphate,19
41.25,B7_D-L-a-Glycerol_Phosphate,26
41.5,B7_D-L-a-Glycerol_Phosphate,21
41.75,B7_D-L-a-Glycerol_Phosphate,21
42.0,B7_D-L-a-Glycerol_Phosphate,20
42.25,B7_D-L-a-Glycerol_Phosphate,21
42.5,B7_D-L-a-Glycerol_Phosphate,20
42.75,B7_D-L-a-Glycerol_Phosphate,20
43.0,B7_D-L-a-Glycerol_Phosphate,19
43.25,B7_D-L-a-Glycerol_Phosphate,17
43.5,B7_D-L-a-Glycerol_Phosphate,17
43.75,B7_D-L-a-Glycerol_Phosphate,16
44.0,B7_D-L-a-Glycerol_Phosphate,19
44.25,B7_D-L-a-Glycerol_Phosphate,24
44.5,B7_D-L-a-Glycerol_Phosphate,19
44.75,B7_D-L-a-Glycerol_Phosphate,18
45.0,B7_D-L-a-Glycerol_Phosphate,18
45.25,B7_D-L-a-Glycerol_Phosphate,22
45.5,B7_D-L-a-Glycerol_Phosphate,21
45.75,B7_D-L-a-Glycerol_Phosphate,18
46.0,B7_D-L-a-Glycerol_Phosphate,17
46.25,B7_D-L-a-Glycerol_Phosphate,20
46.5,B7_D-L-a-Glycerol_Phosphate,18
46.75,B7_D-L-a-Glycerol_Phosphate,20
47.0,B7_D-L-a-Glycerol_Phosphate,21
47.25,B7_D-L-a-Glycerol_Phosphate,19
47.5,B7_D-L-a-Glycerol_Phosphate,22
47.75,B7_D-L-a-Glycerol_Phosphate,20
48.0,B7_D-L-a-Glycerol_Phosphate,19
48.25,B7_D-L-a-Glycerol_Phosphate,18
0.0,B8_D-Xylose,28
0.25,B8_D-Xylose,27
0.5,B8_D-Xylose,30
0.75,B8_D-Xylose,28
1.0,B8_D-Xylose,28
1.25,B8_D-Xylose,29
1.5,B8_D-Xylose,36
1.75,B8_D-Xylose,31
2.0,B8_D-Xylose,33
2.25,B8_D-Xylose,36
2.5,B8_D-Xylose,32
2.75,B8_D-Xylose,32
3.0,B8_D-Xylose,26
3.25,B8_D-Xylose,33
3.5,B8_D-Xylose,34
3.75,B8_D-Xylose,32
4.0,B8_D-Xylose,31
4.25,B8_D-Xylose,37
4.5,B8_D-Xylose,32
4.75,B8_D-Xylose,30
5.0,B8_D-Xylose,33
5.25,B8_D-Xylose,35
5.5,B8_D-Xylose,33
5.75,B8_D-Xylose,34
6.0,B8_D-Xylose,32
6.25,B8_D-Xylose,35
6.5,B8_D-Xylose,33
6.75,B8_D-Xylose,33
7.0,B8_D-Xylose,32
7.25,B8_D-Xylose,36
7.5,B8_D-Xylose,34
7.75,B8_D-Xylose,32
8.0,B8_D-Xylose,39
8.25,B8_D-Xylose,36
8.5,B8_D-Xylose,32
8.75,B8_D-Xylose,35
9.0,B8_D-Xylose,33
9.25,B8_D-Xylose,39
9.5,B8_D-Xylose,35
9.75,B8_D-Xylose,33
10.0,B8_D-Xylose,30
10.25,B8_D-Xylose,32
10.5,B8_D-Xylose,36
10.75,B8_D-Xylose,39
11.0,B8_D-Xylose,37
11.25,B8_D-Xylose,36
11.5,B8_D-Xylose,34
11.75,B8_D-Xylose,33
12.0,B8_D-Xylose,39
12.25,B8_D-Xylose,39
12.5,B8_D-Xylose,38
12.75,B8_D-Xylose,36
13.0,B8_D-Xylose,40
13.25,B8_D-Xylose,34
13.5,B8_D-Xylose,37
13.75,B8_D-Xylose,37
14.0,B8_D-Xylose,38
14.25,B8_D-Xylose,40
14.5,B8_D-Xylose,35
14.75,B8_D-Xylose,40
15.0,B8_D-Xylose,37
15.25,B8_D-Xylose,36
15.5,B8_D-Xylose,42
15.75,B8_D-Xylose,36
16.0,B8_D-Xylose,38
16.25,B8_D-Xylose,36
16.5,B8_D-Xylose,40
16.75,B8_D-Xylose,39
17.0,B8_D-Xylose,44
17.25,B8_D-Xylose,39
17.5,B8_D-Xylose,39
17.75,B8_D-Xylose,42
18.0,B8_D-Xylose,41
18.25,B8_D-Xylose,38
18.5,B8_D-Xylose,43
18.75,B8_D-Xylose,39
19.0,B8_D-Xylose,37
19.25,B8_D-Xylose,42
19.5,B8_D-Xylose,43
19.75,B8_D-Xylose,39
20.0,B8_D-Xylose,43
20.25,B8_D-Xylose,41
20.5,B8_D-Xylose,40
20.75,B8_D-Xylose,36
21.0,B8_D-Xylose,44
21.25,B8_D-Xylose,39
21.5,B8_D-Xylose,42
21.75,B8_D-Xylose,40
22.0,B8_D-Xylose,43
22.25,B8_D-Xylose,42
22.5,B8_D-Xylose,38
22.75,B8_D-Xylose,43
23.0,B8_D-Xylose,36
23.25,B8_D-Xylose,41
23.5,B8_D-Xylose,41
23.75,B8_D-Xylose,39
24.0,B8_D-Xylose,41
24.25,B8_D-Xylose,44
24.5,B8_D-Xylose,38
24.75,B8_D-Xylose,41
25.0,B8_D-Xylose,44
25.25,B8_D-Xylose,44
25.5,B8_D-Xylose,44
25.75,B8_D-Xylose,41
26.0,B8_D-Xylose,43
26.25,B8_D-Xylose,42
26.5,B8_D-Xylose,41
26.75,B8_D-Xylose,43
27.0,B8_D-Xylose,43
27.25,B8_D-Xylose,42
27.5,B8_D-Xylose,46
27.75,B8_D-Xylose,43
28.0,B8_D-Xylose,43
28.25,B8_D-Xylose,44
28.5,B8_D-Xylose,43
28.75,B8_D-Xylose,46
29.0,B8_D-Xylose,44
29.25,B8_D-Xylose,45
29.5,B8_D-Xylose,40
29.75,B8_D-Xylose,46
30.0,B8_D-Xylose,43
30.25,B8_D-Xylose,44
30.5,B8_D-Xylose,44
30.75,B8_D-Xylose,49
31.0,B8_D-Xylose,46
31.25,B8_D-Xylose,46
31.5,B8_D-Xylose,43
31.75,B8_D-Xylose,45
32.0,B8_D-Xylose,47
32.25,B8_D-Xylose,44
32.5,B8_D-Xylose,48
32.75,B8_D-Xylose,46
33.0,B8_D-Xylose,47
33.25,B8_D-Xylose,48
33.5,B8_D-Xylose,49
33.75,B8_D-Xylose,46
34.0,B8_D-Xylose,49
34.25,B8_D-Xylose,50
34.5,B8_D-Xylose,50
34.75,B8_D-Xylose,48
35.0,B8_D-Xylose,43
35.25,B8_D-Xylose,49
35.5,B8_D-Xylose,46
35.75,B8_D-Xylose,44
36.0,B8_D-Xylose,44
36.25,B8_D-Xylose,50
36.5,B8_D-Xylose,47
36.75,B8_D-Xylose,49
37.0,B8_D-Xylose,49
37.25,B8_D-Xylose,46
37.5,B8_D-Xylose,41
37.75,B8_D-Xylose,48
38.0,B8_D-Xylose,46
38.25,B8_D-Xylose,47
38.5,B8_D-Xylose,51
38.75,B8_D-Xylose,51
39.0,B8_D-Xylose,48
39.25,B8_D-Xylose,54
39.5,B8_D-Xylose,47
39.75,B8_D-Xylose,46
40.0,B8_D-Xylose,47
40.25,B8_D-Xylose,46
40.5,B8_D-Xylose,44
40.75,B8_D-Xylose,53
41.0,B8_D-Xylose,50
41.25,B8_D-Xylose,51
41.5,B8_D-Xylose,47
41.75,B8_D-Xylose,48
42.0,B8_D-Xylose,48
42.25,B8_D-Xylose,51
42.5,B8_D-Xylose,51
42.75,B8_D-Xylose,46
43.0,B8_D-Xylose,52
43.25,B8_D-Xylose,48
43.5,B8_D-Xylose,47
43.75,B8_D-Xylose,44
44.0,B8_D-Xylose,50
44.25,B8_D-Xylose,48
44.5,B8_D-Xylose,50
44.75,B8_D-Xylose,51
45.0,B8_D-Xylose,45
45.25,B8_D-Xylose,49
45.5,B8_D-Xylose,52
45.75,B8_D-Xylose,48
46.0,B8_D-Xylose,49
46.25,B8_D-Xylose,55
46.5,B8_D-Xylose,52
46.75,B8_D-Xylose,55
47.0,B8_D-Xylose,52
47.25,B8_D-Xylose,45
47.5,B8_D-Xylose,54
47.75,B8_D-Xylose,52
48.0,B8_D-Xylose,48
48.25,B8_D-Xylose,53
0.0,B9_L-Lactic_Acid,11
0.25,B9_L-Lactic_Acid,11
0.5,B9_L-Lactic_Acid,11
0.75,B9_L-Lactic_Acid,11
1.0,B9_L-Lactic_Acid,12
1.25,B9_L-Lactic_Acid,11
1.5,B9_L-Lactic_Acid,11
1.75,B9_L-Lactic_Acid,11
2.0,B9_L-Lactic_Acid,11
2.25,B9_L-Lactic_Acid,11
2.5,B9_L-Lactic_Acid,12
2.75,B9_L-Lactic_Acid,11
3.0,B9_L-Lactic_Acid,11
3.25,B9_L-Lactic_Acid,11
3.5,B9_L-Lactic_Acid,11
3.75,B9_L-Lactic_Acid,11
4.0,B9_L-Lactic_Acid,13
4.25,B9_L-Lactic_Acid,14
4.5,B9_L-Lactic_Acid,11
4.75,B9_L-Lactic_Acid,11
5.0,B9_L-Lactic_Acid,13
5.25,B9_L-Lactic_Acid,11
5.5,B9_L-Lactic_Acid,11
5.75,B9_L-Lactic_Acid,11
6.0,B9_L-Lactic_Acid,11
6.25,B9_L-Lactic_Acid,11
6.5,B9_L-Lactic_Acid,12
6.75,B9_L-Lactic_Acid,11
7.0,B9_L-Lactic_Acid,11
7.25,B9_L-Lactic_Acid,11
7.5,B9_L-Lactic_Acid,11
7.75,B9_L-Lactic_Acid,11
8.0,B9_L-Lactic_Acid,14
8.25,B9_L-Lactic_Acid,12
8.5,B9_L-Lactic_Acid,11
8.75,B9_L-Lactic_Acid,11
9.0,B9_L-Lactic_Acid,11
9.25,B9_L-Lactic_Acid,11
9.5,B9_L-Lactic_Acid,11
9.75,B9_L-Lactic_Acid,13
10.0,B9_L-Lactic_Acid,11
10.25,B9_L-Lactic_Acid,11
10.5,B9_L-Lactic_Acid,11
10.75,B9_L-Lactic_Acid,13
11.0,B9_L-Lactic_Acid,13
11.25,B9_L-Lactic_Acid,11
11.5,B9_L-Lactic_Acid,11
11.75,B9_L-Lactic_Acid,11
12.0,B9_L-Lactic_Acid,14
12.25,B9_L-Lactic_Acid,11
12.5,B9_L-Lactic_Acid,12
12.75,B9_L-Lactic_Acid,15
13.0,B9_L-Lactic_Acid,16
13.25,B9_L-Lactic_Acid,11
13.5,B9_L-Lactic_Acid,14
13.75,B9_L-Lactic_Acid,16
14.0,B9_L-Lactic_Acid,14
14.25,B9_L-Lactic_Acid,12
14.5,B9_L-Lactic_Acid,13
14.75,B9_L-Lactic_Acid,14
15.0,B9_L-Lactic_Acid,15
15.25,B9_L-Lactic_Acid,12
15.5,B9_L-Lactic_Acid,14
15.75,B9_L-Lactic_Acid,18
16.0,B9_L-Lactic_Acid,17
16.25,B9_L-Lactic_Acid,19
16.5,B9_L-Lactic_Acid,14
16.75,B9_L-Lactic_Acid,14
17.0,B9_L-Lactic_Acid,19
17.25,B9_L-Lactic_Acid,21
17.5,B9_L-Lactic_Acid,16
17.75,B9_L-Lactic_Acid,19
18.0,B9_L-Lactic_Acid,15
18.25,B9_L-Lactic_Acid,21
18.5,B9_L-Lactic_Acid,23
18.75,B9_L-Lactic_Acid,18
19.0,B9_L-Lactic_Acid,17
19.25,B9_L-Lactic_Acid,15
19.5,B9_L-Lactic_Acid,19
19.75,B9_L-Lactic_Acid,17
20.0,B9_L-Lactic_Acid,18
20.25,B9_L-Lactic_Acid,17
20.5,B9_L-Lactic_Acid,20
20.75,B9_L-Lactic_Acid,19
21.0,B9_L-Lactic_Acid,16
21.25,B9_L-Lactic_Acid,21
21.5,B9_L-Lactic_Acid,22
21.75,B9_L-Lactic_Acid,17
22.0,B9_L-Lactic_Acid,18
22.25,B9_L-Lactic_Acid,20
22.5,B9_L-Lactic_Acid,21
22.75,B9_L-Lactic_Acid,22
23.0,B9_L-Lactic_Acid,22
23.25,B9_L-Lactic_Acid,20
23.5,B9_L-Lactic_Acid,16
23.75,B9_L-Lactic_Acid,20
24.0,B9_L-Lactic_Acid,19
24.25,B9_L-Lactic_Acid,22
24.5,B9_L-Lactic_Acid,20
24.75,B9_L-Lactic_Acid,20
25.0,B9_L-Lactic_Acid,19
25.25,B9_L-Lactic_Acid,20
25.5,B9_L-Lactic_Acid,24
25.75,B9_L-Lactic_Acid,17
26.0,B9_L-Lactic_Acid,18
26.25,B9_L-Lactic_Acid,20
26.5,B9_L-Lactic_Acid,21
26.75,B9_L-Lactic_Acid,21
27.0,B9_L-Lactic_Acid,20
27.25,B9_L-Lactic_Acid,18
27.5,B9_L-Lactic_Acid,21
27.75,B9_L-Lactic_Acid,20
28.0,B9_L-Lactic_Acid,20
28.25,B9_L-Lactic_Acid,24
28.5,B9_L-Lactic_Acid,20
28.75,B9_L-Lactic_Acid,21
29.0,B9_L-Lactic_Acid,16
29.25,B9_L-Lactic_Acid,22
29.5,B9_L-Lactic_Acid,19
29.75,B9_L-Lactic_Acid,17
30.0,B9_L-Lactic_Acid,19
30.25,B9_L-Lactic_Acid,23
30.5,B9_L-Lactic_Acid,19
30.75,B9_L-Lactic_Acid,18
31.0,B9_L-Lactic_Acid,17
31.25,B9_L-Lactic_Acid,22
31.5,B9_L-Lactic_Acid,19
31.75,B9_L-Lactic_Acid,23
32.0,B9_L-Lactic_Acid,18
32.25,B9_L-Lactic_Acid,20
32.5,B9_L-Lactic_Acid,22
32.75,B9_L-Lactic_Acid,16
33.0,B9_L-Lactic_Acid,17
33.25,B9_L-Lactic_Acid,15
33.5,B9_L-Lactic_Acid,18
33.75,B9_L-Lactic_Acid,20
34.0,B9_L-Lactic_Acid,21
34.25,B9_L-Lactic_Acid,20
34.5,B9_L-Lactic_Acid,22
34.75,B9_L-Lactic_Acid,22
35.0,B9_L-Lactic_Acid,16
35.25,B9_L-Lactic_Acid,23
35.5,B9_L-Lactic_Acid,20
35.75,B9_L-Lactic_Acid,19
36.0,B9_L-Lactic_Acid,16
36.25,B9_L-Lactic_Acid,16
36.5,B9_L-Lactic_Acid,18
36.75,B9_L-Lactic_Acid,19
37.0,B9_L-Lactic_Acid,23
37.25,B9_L-Lactic_Acid,19
37.5,B9_L-Lactic_Acid,19
37.75,B9_L-Lactic_Acid,24
38.0,B9_L-Lactic_Acid,20
38.25,B9_L-Lactic_Acid,21
38.5,B9_L-Lactic_Acid,21
38.75,B9_L-Lactic_Acid,19
39.0,B9_L-Lactic_Acid,20
39.25,B9_L-Lactic_Acid,17
39.5,B9_L-Lactic_Acid,24
39.75,B9_L-Lactic_Acid,20
40.0,B9_L-Lactic_Acid,17
40.25,B9_L-Lactic_Acid,19
40.5,B9_L-Lactic_Acid,15
40.75,B9_L-Lactic_Acid,17
41.0,B9_L-Lactic_Acid,23
41.25,B9_L-Lactic_Acid,19
41.5,B9_L-Lactic_Acid,18
41.75,B9_L-Lactic_Acid,20
42.0,B9_L-Lactic_Acid,21
42.25,B9_L-Lactic_Acid,22
42.5,B9_L-Lactic_Acid,22
42.75,B9_L-Lactic_Acid,21
43.0,B9_L-Lactic_Acid,19
43.25,B9_L-Lactic_Acid,17
43.5,B9_L-Lactic_Acid,19
43.75,B9_L-Lactic_Acid,16
44.0,B9_L-Lactic_Acid,20
44.25,B9_L-Lactic_Acid,22
44.5,B9_L-Lactic_Acid,20
44.75,B9_L-Lactic_Acid,19
45.0,B9_L-Lactic_Acid,19
45.25,B9_L-Lactic_Acid,21
45.5,B9_L-Lactic_Acid,18
45.75,B9_L-Lactic_Acid,23
46.0,B9_L-Lactic_Acid,18
46.25,B9_L-Lactic_Acid,18
46.5,B9_L-Lactic_Acid,22
46.75,B9_L-Lactic_Acid,23
47.0,B9_L-Lactic_Acid,22
47.25,B9_L-Lactic_Acid,20
47.5,B9_L-Lactic_Acid,23
47.75,B9_L-Lactic_Acid,22
48.0,B9_L-Lactic_Acid,21
48.25,B9_L-Lactic_Acid,22
0.0,B10_Formic_Acid,12
0.25,B10_Formic_Acid,11
0.5,B10_Formic_Acid,11
0.75,B10_Formic_Acid,11
1.0,B10_Formic_Acid,11
1.25,B10_Formic_Acid,11
1.5,B10_Formic_Acid,11
1.75,B10_Formic_Acid,11
2.0,B10_Formic_Acid,12
2.25,B10_Formic_Acid,11
2.5,B10_Formic_Acid,11
2.75,B10_Formic_Acid,13
3.0,B10_Formic_Acid,12
3.25,B10_Formic_Acid,13
3.5,B10_Formic_Acid,11
3.75,B10_Formic_Acid,13
4.0,B10_Formic_Acid,18
4.25,B10_Formic_Acid,15
4.5,B10_Formic_Acid,11
4.75,B10_Formic_Acid,13
5.0,B10_Formic_Acid,18
5.25,B10_Formic_Acid,17
5.5,B10_Formic_Acid,11
5.75,B10_Formic_Acid,14
6.0,B10_Formic_Acid,14
6.25,B10_Formic_Acid,12
6.5,B10_Formic_Acid,14
6.75,B10_Formic_Acid,13
7.0,B10_Formic_Acid,14
7.25,B10_Formic_Acid,19
7.5,B10_Formic_Acid,11
7.75,B10_Formic_Acid,16
8.0,B10_Formic_Acid,16
8.25,B10_Formic_Acid,18
8.5,B10_Formic_Acid,15
8.75,B10_Formic_Acid,16
9.0,B10_Formic_Acid,14
9.25,B10_Formic_Acid,15
9.5,B10_Formic_Acid,18
9.75,B10_Formic_Acid,16
10.0,B10_Formic_Acid,17
10.25,B10_Formic_Acid,18
10.5,B10_Formic_Acid,21
10.75,B10_Formic_Acid,22
11.0,B10_Formic_Acid,17
11.25,B10_Formic_Acid,18
11.5,B10_Formic_Acid,18
11.75,B10_Formic_Acid,18
12.0,B10_Formic_Acid,18
12.25,B10_Formic_Acid,19
12.5,B10_Formic_Acid,11
12.75,B10_Formic_Acid,15
13.0,B10_Formic_Acid,17
13.25,B10_Formic_Acid,16
13.5,B10_Formic_Acid,15
13.75,B10_Formic_Acid,19
14.0,B10_Formic_Acid,21
14.25,B10_Formic_Acid,17
14.5,B10_Formic_Acid,13
14.75,B10_Formic_Acid,15
15.0,B10_Formic_Acid,16
15.25,B10_Formic_Acid,20
15.5,B10_Formic_Acid,15
15.75,B10_Formic_Acid,18
16.0,B10_Formic_Acid,20
16.25,B10_Formic_Acid,18
16.5,B10_Formic_Acid,14
16.75,B10_Formic_Acid,13
17.0,B10_Formic_Acid,23
17.25,B10_Formic_Acid,19
17.5,B10_Formic_Acid,18
17.75,B10_Formic_Acid,16
18.0,B10_Formic_Acid,11
18.25,B10_Formic_Acid,19
18.5,B10_Formic_Acid,20
18.75,B10_Formic_Acid,19
19.0,B10_Formic_Acid,17
19.25,B10_Formic_Acid,14
19.5,B10_Formic_Acid,18
19.75,B10_Formic_Acid,20
20.0,B10_Formic_Acid,18
20.25,B10_Formic_Acid,21
20.5,B10_Formic_Acid,17
20.75,B10_Formic_Acid,20
21.0,B10_Formic_Acid,20
21.25,B10_Formic_Acid,19
21.5,B10_Formic_Acid,24
21.75,B10_Formic_Acid,21
22.0,B10_Formic_Acid,23
22.25,B10_Formic_Acid,20
22.5,B10_Formic_Acid,21
22.75,B10_Formic_Acid,21
23.0,B10_Formic_Acid,21
23.25,B10_Formic_Acid,23
23.5,B10_Formic_Acid,17
23.75,B10_Formic_Acid,16
24.0,B10_Formic_Acid,19
24.25,B10_Formic_Acid,19
24.5,B10_Formic_Acid,17
24.75,B10_Formic_Acid,20
25.0,B10_Formic_Acid,18
25.25,B10_Formic_Acid,23
25.5,B10_Formic_Acid,20
25.75,B10_Formic_Acid,23
26.0,B10_Formic_Acid,19
26.25,B10_Formic_Acid,17
26.5,B10_Formic_Acid,22
26.75,B10_Formic_Acid,19
27.0,B10_Formic_Acid,19
27.25,B10_Formic_Acid,16
27.5,B10_Formic_Acid,18
27.75,B10_Formic_Acid,23
28.0,B10_Formic_Acid,15
28.25,B10_Formic_Acid,18
28.5,B10_Formic_Acid,18
28.75,B10_Formic_Acid,14
29.0,B10_Formic_Acid,16
29.25,B10_Formic_Acid,17
29.5,B10_Formic_Acid,15
29.75,B10_Formic_Acid,12
30.0,B10_Formic_Acid,13
30.25,B10_Formic_Acid,19
30.5,B10_Formic_Acid,19
30.75,B10_Formic_Acid,17
31.0,B10_Formic_Acid,16
31.25,B10_Formic_Acid,16
31.5,B10_Formic_Acid,16
31.75,B10_Formic_Acid,14
32.0,B10_Formic_Acid,16
32.25,B10_Formic_Acid,12
32.5,B10_Formic_Acid,17
32.75,B10_Formic_Acid,17
33.0,B10_Formic_Acid,17
33.25,B10_Formic_Acid,18
33.5,B10_Formic_Acid,18
33.75,B10_Formic_Acid,17
34.0,B10_Formic_Acid,14
34.25,B10_Formic_Acid,15
34.5,B10_Formic_Acid,14
34.75,B10_Formic_Acid,15
35.0,B10_Formic_Acid,15
35.25,B10_Formic_Acid,19
35.5,B10_Formic_Acid,14
35.75,B10_Formic_Acid,17
36.0,B10_Formic_Acid,13
36.25,B10_Formic_Acid,13
36.5,B10_Formic_Acid,19
36.75,B10_Formic_Acid,15
37.0,B10_Formic_Acid,14
37.25,B10_Formic_Acid,13
37.5,B10_Formic_Acid,18
37.75,B10_Formic_Acid,14
38.0,B10_Formic_Acid,15
38.25,B10_Formic_Acid,14
38.5,B10_Formic_Acid,14
38.75,B10_Formic_Acid,19
39.0,B10_Formic_Acid,12
39.25,B10_Formic_Acid,13
39.5,B10_Formic_Acid,13
39.75,B10_Formic_Acid,18
40.0,B10_Formic_Acid,18
40.25,B10_Formic_Acid,14
40.5,B10_Formic_Acid,12
40.75,B10_Formic_Acid,13
41.0,B10_Formic_Acid,15
41.25,B10_Formic_Acid,14
41.5,B10_Formic_Acid,15
41.75,B10_Formic_Acid,19
42.0,B10_Formic_Acid,16
42.25,B10_Formic_Acid,17
42.5,B10_Formic_Acid,14
42.75,B10_Formic_Acid,14
43.0,B10_Formic_Acid,13
43.25,B10_Formic_Acid,15
43.5,B10_Formic_Acid,14
43.75,B10_Formic_Acid,16
44.0,B10_Formic_Acid,13
44.25,B10_Formic_Acid,17
44.5,B10_Formic_Acid,11
44.75,B10_Formic_Acid,14
45.0,B10_Formic_Acid,11
45.25,B10_Formic_Acid,17
45.5,B10_Formic_Acid,12
45.75,B10_Formic_Acid,17
46.0,B10_Formic_Acid,11
46.25,B10_Formic_Acid,14
46.5,B10_Formic_Acid,14
46.75,B10_Formic_Acid,17
47.0,B10_Formic_Acid,18
47.25,B10_Formic_Acid,18
47.5,B10_Formic_Acid,19
47.75,B10_Formic_Acid,17
48.0,B10_Formic_Acid,11
48.25,B10_Formic_Acid,19
0.0,B11_D-Mannitol,16
0.25,B11_D-Mannitol,13
0.5,B11_D-Mannitol,14
0.75,B11_D-Mannitol,11
1.0,B11_D-Mannitol,11
1.25,B11_D-Mannitol,12
1.5,B11_D-Mannitol,18
1.75,B11_D-Mannitol,17
2.0,B11_D-Mannitol,12
2.25,B11_D-Mannitol,11
2.5,B11_D-Mannitol,11
2.75,B11_D-Mannitol,14
3.0,B11_D-Mannitol,14
3.25,B11_D-Mannitol,12
3.5,B11_D-Mannitol,17
3.75,B11_D-Mannitol,15
4.0,B11_D-Mannitol,11
4.25,B11_D-Mannitol,17
4.5,B11_D-Mannitol,16
4.75,B11_D-Mannitol,17
5.0,B11_D-Mannitol,14
5.25,B11_D-Mannitol,15
5.5,B11_D-Mannitol,14
5.75,B11_D-Mannitol,12
6.0,B11_D-Mannitol,13
6.25,B11_D-Mannitol,15
6.5,B11_D-Mannitol,13
6.75,B11_D-Mannitol,13
7.0,B11_D-Mannitol,13
7.25,B11_D-Mannitol,13
7.5,B11_D-Mannitol,16
7.75,B11_D-Mannitol,14
8.0,B11_D-Mannitol,13
8.25,B11_D-Mannitol,16
8.5,B11_D-Mannitol,16
8.75,B11_D-Mannitol,14
9.0,B11_D-Mannitol,15
9.25,B11_D-Mannitol,15
9.5,B11_D-Mannitol,15
9.75,B11_D-Mannitol,13
10.0,B11_D-Mannitol,16
10.25,B11_D-Mannitol,16
10.5,B11_D-Mannitol,17
10.75,B11_D-Mannitol,16
11.0,B11_D-Mannitol,19
11.25,B11_D-Mannitol,15
11.5,B11_D-Mannitol,16
11.75,B11_D-Mannitol,13
12.0,B11_D-Mannitol,22
12.25,B11_D-Mannitol,18
12.5,B11_D-Mannitol,23
12.75,B11_D-Mannitol,18
13.0,B11_D-Mannitol,19
13.25,B11_D-Mannitol,17
13.5,B11_D-Mannitol,22
13.75,B11_D-Mannitol,24
14.0,B11_D-Mannitol,20
14.25,B11_D-Mannitol,22
14.5,B11_D-Mannitol,22
14.75,B11_D-Mannitol,23
15.0,B11_D-Mannitol,19
15.25,B11_D-Mannitol,18
15.5,B11_D-Mannitol,20
15.75,B11_D-Mannitol,20
16.0,B11_D-Mannitol,26
16.25,B11_D-Mannitol,23
16.5,B11_D-Mannitol,18
16.75,B11_D-Mannitol,26
17.0,B11_D-Mannitol,23
17.25,B11_D-Mannitol,23
17.5,B11_D-Mannitol,27
17.75,B11_D-Mannitol,22
18.0,B11_D-Mannitol,24
18.25,B11_D-Mannitol,24
18.5,B11_D-Mannitol,22
18.75,B11_D-Mannitol,26
19.0,B11_D-Mannitol,24
19.25,B11_D-Mannitol,26
19.5,B11_D-Mannitol,26
19.75,B11_D-Mannitol,26
20.0,B11_D-Mannitol,23
20.25,B11_D-Mannitol,24
20.5,B11_D-Mannitol,31
20.75,B11_D-Mannitol,25
21.0,B11_D-Mannitol,23
21.25,B11_D-Mannitol,27
21.5,B11_D-Mannitol,30
21.75,B11_D-Mannitol,24
22.0,B11_D-Mannitol,29
22.25,B11_D-Mannitol,28
22.5,B11_D-Mannitol,29
22.75,B11_D-Mannitol,23
23.0,B11_D-Mannitol,26
23.25,B11_D-Mannitol,26
23.5,B11_D-Mannitol,28
23.75,B11_D-Mannitol,24
24.0,B11_D-Mannitol,24
24.25,B11_D-Mannitol,24
24.5,B11_D-Mannitol,27
24.75,B11_D-Mannitol,23
25.0,B11_D-Mannitol,29
25.25,B11_D-Mannitol,24
25.5,B11_D-Mannitol,27
25.75,B11_D-Mannitol,28
26.0,B11_D-Mannitol,25
26.25,B11_D-Mannitol,33
26.5,B11_D-Mannitol,28
26.75,B11_D-Mannitol,24
27.0,B11_D-Mannitol,29
27.25,B11_D-Mannitol,26
27.5,B11_D-Mannitol,27
27.75,B11_D-Mannitol,27
28.0,B11_D-Mannitol,30
28.25,B11_D-Mannitol,26
28.5,B11_D-Mannitol,30
28.75,B11_D-Mannitol,28
29.0,B11_D-Mannitol,28
29.25,B11_D-Mannitol,30
29.5,B11_D-Mannitol,26
29.75,B11_D-Mannitol,24
30.0,B11_D-Mannitol,25
30.25,B11_D-Mannitol,27
30.5,B11_D-Mannitol,31
30.75,B11_D-Mannitol,26
31.0,B11_D-Mannitol,23
31.25,B11_D-Mannitol,25
31.5,B11_D-Mannitol,25
31.75,B11_D-Mannitol,32
32.0,B11_D-Mannitol,28
32.25,B11_D-Mannitol,26
32.5,B11_D-Mannitol,28
32.75,B11_D-Mannitol,24
33.0,B11_D-Mannitol,26
33.25,B11_D-Mannitol,25
33.5,B11_D-Mannitol,19
33.75,B11_D-Mannitol,30
34.0,B11_D-Mannitol,25
34.25,B11_D-Mannitol,29
34.5,B11_D-Mannitol,25
34.75,B11_D-Mannitol,26
35.0,B11_D-Mannitol,27
35.25,B11_D-Mannitol,30
35.5,B11_D-Mannitol,30
35.75,B11_D-Mannitol,25
36.0,B11_D-Mannitol,29
36.25,B11_D-Mannitol,27
36.5,B11_D-Mannitol,31
36.75,B11_D-Mannitol,29
37.0,B11_D-Mannitol,25
37.25,B11_D-Mannitol,27
37.5,B11_D-Mannitol,27
37.75,B11_D-Mannitol,24
38.0,B11_D-Mannitol,24
38.25,B11_D-Mannitol,24
38.5,B11_D-Mannitol,27
38.75,B11_D-Mannitol,28
39.0,B11_D-Mannitol,25
39.25,B11_D-Mannitol,27
39.5,B11_D-Mannitol,28
39.75,B11_D-Mannitol,29
40.0,B11_D-Mannitol,30
40.25,B11_D-Mannitol,28
40.5,B11_D-Mannitol,27
40.75,B11_D-Mannitol,29
41.0,B11_D-Mannitol,26
41.25,B11_D-Mannitol,27
41.5,B11_D-Mannitol,25
41.75,B11_D-Mannitol,26
42.0,B11_D-Mannitol,25
42.25,B11_D-Mannitol,30
42.5,B11_D-Mannitol,27
42.75,B11_D-Mannitol,26
43.0,B11_D-Mannitol,23
43.25,B11_D-Mannitol,22
43.5,B11_D-Mannitol,27
43.75,B11_D-Mannitol,24
44.0,B11_D-Mannitol,28
44.25,B11_D-Mannitol,28
44.5,B11_D-Mannitol,24
44.75,B11_D-Mannitol,24
45.0,B11_D-Mannitol,23
45.25,B11_D-Mannitol,29
45.5,B11_D-Mannitol,30
45.75,B11_D-Mannitol,26
46.0,B11_D-Mannitol,25
46.25,B11_D-Mannitol,24
46.5,B11_D-Mannitol,28
46.75,B11_D-Mannitol,31
47.0,B11_D-Mannitol,30
47.25,B11_D-Mannitol,26
47.5,B11_D-Mannitol,29
47.75,B11_D-Mannitol,28
48.0,B11_D-Mannitol,23
48.25,B11_D-Mannitol,29
0.0,B12_L-Glutamic_Acid,24
0.25,B12_L-Glutamic_Acid,18
0.5,B12_L-Glutamic_Acid,22
0.75,B12_L-Glutamic_Acid,20
1.0,B12_L-Glutamic_Acid,21
1.25,B12_L-Glutamic_Acid,22
1.5,B12_L-Glutamic_Acid,21
1.75,B12_L-Glutamic_Acid,22
2.0,B12_L-Glutamic_Acid,20
2.25,B12_L-Glutamic_Acid,15
2.5,B12_L-Glutamic_Acid,21
2.75,B12_L-Glutamic_Acid,21
3.0,B12_L-Glutamic_Acid,21
3.25,B12_L-Glutamic_Acid,18
3.5,B12_L-Glutamic_Acid,21
3.75,B12_L-Glutamic_Acid,16
4.0,B12_L-Glutamic_Acid,19
4.25,B12_L-Glutamic_Acid,23
4.5,B12_L-Glutamic_Acid,22
4.75,B12_L-Glutamic_Acid,17
5.0,B12_L-Glutamic_Acid,23
5.25,B12_L-Glutamic_Acid,16
5.5,B12_L-Glutamic_Acid,19
5.75,B12_L-Glutamic_Acid,19
6.0,B12_L-Glutamic_Acid,17
6.25,B12_L-Glutamic_Acid,21
6.5,B12_L-Glutamic_Acid,21
6.75,B12_L-Glutamic_Acid,19
7.0,B12_L-Glutamic_Acid,17
7.25,B12_L-Glutamic_Acid,21
7.5,B12_L-Glutamic_Acid,21
7.75,B12_L-Glutamic_Acid,15
8.0,B12_L-Glutamic_Acid,18
8.25,B12_L-Glutamic_Acid,22
8.5,B12_L-Glutamic_Acid,20
8.75,B12_L-Glutamic_Acid,22
9.0,B12_L-Glutamic_Acid,20
9.25,B12_L-Glutamic_Acid,19
9.5,B12_L-Glutamic_Acid,17
9.75,B12_L-Glutamic_Acid,20
10.0,B12_L-Glutamic_Acid,23
10.25,B12_L-Glutamic_Acid,19
10.5,B12_L-Glutamic_Acid,15
10.75,B12_L-Glutamic_Acid,21
11.0,B12_L-Glutamic_Acid,18
11.25,B12_L-Glutamic_Acid,20
11.5,B12_L-Glutamic_Acid,29
11.75,B12_L-Glutamic_Acid,16
12.0,B12_L-Glutamic_Acid,22
12.25,B12_L-Glutamic_Acid,21
12.5,B12_L-Glutamic_Acid,15
12.75,B12_L-Glutamic_Acid,23
13.0,B12_L-Glutamic_Acid,22
13.25,B12_L-Glutamic_Acid,18
13.5,B12_L-Glutamic_Acid,21
13.75,B12_L-Glutamic_Acid,23
14.0,B12_L-Glutamic_Acid,19
14.25,B12_L-Glutamic_Acid,24
14.5,B12_L-Glutamic_Acid,20
14.75,B12_L-Glutamic_Acid,26
15.0,B12_L-Glutamic_Acid,20
15.25,B12_L-Glutamic_Acid,19
15.5,B12_L-Glutamic_Acid,22
15.75,B12_L-Glutamic_Acid,24
16.0,B12_L-Glutamic_Acid,25
16.25,B12_L-Glutamic_Acid,25
16.5,B12_L-Glutamic_Acid,22
16.75,B12_L-Glutamic_Acid,25
17.0,B12_L-Glutamic_Acid,27
17.25,B12_L-Glutamic_Acid,25
17.5,B12_L-Glutamic_Acid,27
17.75,B12_L-Glutamic_Acid,29
18.0,B12_L-Glutamic_Acid,25
18.25,B12_L-Glutamic_Acid,30
18.5,B12_L-Glutamic_Acid,29
18.75,B12_L-Glutamic_Acid,25
19.0,B12_L-Glutamic_Acid,28
19.25,B12_L-Glutamic_Acid,29
19.5,B12_L-Glutamic_Acid,31
19.75,B12_L-Glutamic_Acid,29
20.0,B12_L-Glutamic_Acid,35
20.25,B12_L-Glutamic_Acid,33
20.5,B12_L-Glutamic_Acid,36
20.75,B12_L-Glutamic_Acid,32
21.0,B12_L-Glutamic_Acid,32
21.25,B12_L-Glutamic_Acid,35
21.5,B12_L-Glutamic_Acid,35
21.75,B12_L-Glutamic_Acid,32
22.0,B12_L-Glutamic_Acid,32
22.25,B12_L-Glutamic_Acid,35
22.5,B12_L-Glutamic_Acid,36
22.75,B12_L-Glutamic_Acid,34
23.0,B12_L-Glutamic_Acid,32
23.25,B12_L-Glutamic_Acid,36
23.5,B12_L-Glutamic_Acid,36
23.75,B12_L-Glutamic_Acid,34
24.0,B12_L-Glutamic_Acid,37
24.25,B12_L-Glutamic_Acid,37
24.5,B12_L-Glutamic_Acid,34
24.75,B12_L-Glutamic_Acid,36
25.0,B12_L-Glutamic_Acid,35
25.25,B12_L-Glutamic_Acid,38
25.5,B12_L-Glutamic_Acid,40
25.75,B12_L-Glutamic_Acid,39
26.0,B12_L-Glutamic_Acid,37
26.25,B12_L-Glutamic_Acid,39
26.5,B12_L-Glutamic_Acid,39
26.75,B12_L-Glutamic_Acid,40
27.0,B12_L-Glutamic_Acid,45
27.25,B12_L-Glutamic_Acid,37
27.5,B12_L-Glutamic_Acid,38
27.75,B12_L-Glutamic_Acid,39
28.0,B12_L-Glutamic_Acid,40
28.25,B12_L-Glutamic_Acid,46
28.5,B12_L-Glutamic_Acid,44
28.75,B12_L-Glutamic_Acid,45
29.0,B12_L-Glutamic_Acid,41
29.25,B12_L-Glutamic_Acid,42
29.5,B12_L-Glutamic_Acid,44
29.75,B12_L-Glutamic_Acid,46
30.0,B12_L-Glutamic_Acid,42
30.25,B12_L-Glutamic_Acid,46
30.5,B12_L-Glutamic_Acid,45
30.75,B12_L-Glutamic_Acid,41
31.0,B12_L-Glutamic_Acid,43
31.25,B12_L-Glutamic_Acid,44
31.5,B12_L-Glutamic_Acid,52
31.75,B12_L-Glutamic_Acid,47
32.0,B12_L-Glutamic_Acid,47
32.25,B12_L-Glutamic_Acid,47
32.5,B12_L-Glutamic_Acid,51
32.75,B12_L-Glutamic_Acid,45
33.0,B12_L-Glutamic_Acid,47
33.25,B12_L-Glutamic_Acid,52
33.5,B12_L-Glutamic_Acid,48
33.75,B12_L-Glutamic_Acid,51
34.0,B12_L-Glutamic_Acid,47
34.25,B12_L-Glutamic_Acid,51
34.5,B12_L-Glutamic_Acid,54
34.75,B12_L-Glutamic_Acid,51
35.0,B12_L-Glutamic_Acid,54
35.25,B12_L-Glutamic_Acid,54
35.5,B12_L-Glutamic_Acid,54
35.75,B12_L-Glutamic_Acid,54
36.0,B12_L-Glutamic_Acid,53
36.25,B12_L-Glutamic_Acid,55
36.5,B12_L-Glutamic_Acid,53
36.75,B12_L-Glutamic_Acid,55
37.0,B12_L-Glutamic_Acid,52
37.25,B12_L-Glutamic_Acid,54
37.5,B12_L-Glutamic_Acid,54
37.75,B12_L-Glutamic_Acid,54
38.0,B12_L-Glutamic_Acid,60
38.25,B12_L-Glutamic_Acid,60
38.5,B12_L-Glutamic_Acid,57
38.75,B12_L-Glutamic_Acid,54
39.0,B12_L-Glutamic_Acid,59
39.25,B12_L-Glutamic_Acid,62
39.5,B12_L-Glutamic_Acid,59
39.75,B12_L-Glutamic_Acid,63
40.0,B12_L-Glutamic_Acid,59
40.25,B12_L-Glutamic_Acid,61
40.5,B12_L-Glutamic_Acid,60
40.75,B12_L-Glutamic_Acid,59
41.0,B12_L-Glutamic_Acid,62
41.25,B12_L-Glutamic_Acid,63
41.5,B12_L-Glutamic_Acid,61
41.75,B12_L-Glutamic_Acid,60
42.0,B12_L-Glutamic_Acid,63
42.25,B12_L-Glutamic_Acid,63
42.5,B12_L-Glutamic_Acid,63
42.75,B12_L-Glutamic_Acid,60
43.0,B12_L-Glutamic_Acid,64
43.25,B12_L-Glutamic_Acid,63
43.5,B12_L-Glutamic_Acid,64
43.75,B12_L-Glutamic_Acid,69
44.0,B12_L-Glutamic_Acid,67
44.25,B12_L-Glutamic_Acid,69
44.5,B12_L-Glutamic_Acid,67
44.75,B12_L-Glutamic_Acid,66
45.0,B12_L-Glutamic_Acid,65
45.25,B12_L-Glutamic_Acid,66
45.5,B12_L-Glutamic_Acid,68
45.75,B12_L-Glutamic_Acid,65
46.0,B12_L-Glutamic_Acid,67
46.25,B12_L-Glutamic_Acid,69
46.5,B12_L-Glutamic_Acid,71
46.75,B12_L-Glutamic_Acid,71
47.0,B12_L-Glutamic_Acid,73
47.25,B12_L-Glutamic_Acid,68
47.5,B12_L-Glutamic_Acid,73
47.75,B12_L-Glutamic_Acid,72
48.0,B12_L-Glutamic_Acid,73
48.25,B12_L-Glutamic_Acid,74
0.0,C1_D-Glucose-6-Phosphate,20
0.25,C1_D-Glucose-6-Phosphate,13
0.5,C1_D-Glucose-6-Phosphate,18
0.75,C1_D-Glucose-6-Phosphate,15
1.0,C1_D-Glucose-6-Phosphate,19
1.25,C1_D-Glucose-6-Phosphate,17
1.5,C1_D-Glucose-6-Phosphate,18
1.75,C1_D-Glucose-6-Phosphate,13
2.0,C1_D-Glucose-6-Phosphate,17
2.25,C1_D-Glucose-6-Phosphate,13
2.5,C1_D-Glucose-6-Phosphate,19
2.75,C1_D-Glucose-6-Phosphate,11
3.0,C1_D-Glucose-6-Phosphate,15
3.25,C1_D-Glucose-6-Phosphate,18
3.5,C1_D-Glucose-6-Phosphate,18
3.75,C1_D-Glucose-6-Phosphate,15
4.0,C1_D-Glucose-6-Phosphate,18
4.25,C1_D-Glucose-6-Phosphate,15
4.5,C1_D-Glucose-6-Phosphate,18
4.75,C1_D-Glucose-6-Phosphate,15
5.0,C1_D-Glucose-6-Phosphate,22
5.25,C1_D-Glucose-6-Phosphate,15
5.5,C1_D-Glucose-6-Phosphate,14
5.75,C1_D-Glucose-6-Phosphate,15
6.0,C1_D-Glucose-6-Phosphate,17
6.25,C1_D-Glucose-6-Phosphate,14
6.5,C1_D-Glucose-6-Phosphate,13
6.75,C1_D-Glucose-6-Phosphate,14
7.0,C1_D-Glucose-6-Phosphate,17
7.25,C1_D-Glucose-6-Phosphate,18
7.5,C1_D-Glucose-6-Phosphate,11
7.75,C1_D-Glucose-6-Phosphate,15
8.0,C1_D-Glucose-6-Phosphate,20
8.25,C1_D-Glucose-6-Phosphate,20
8.5,C1_D-Glucose-6-Phosphate,16
8.75,C1_D-Glucose-6-Phosphate,13
9.0,C1_D-Glucose-6-Phosphate,15
9.25,C1_D-Glucose-6-Phosphate,21
9.5,C1_D-Glucose-6-Phosphate,14
9.75,C1_D-Glucose-6-Phosphate,15
10.0,C1_D-Glucose-6-Phosphate,14
10.25,C1_D-Glucose-6-Phosphate,17
10.5,C1_D-Glucose-6-Phosphate,17
10.75,C1_D-Glucose-6-Phosphate,20
11.0,C1_D-Glucose-6-Phosphate,16
11.25,C1_D-Glucose-6-Phosphate,22
11.5,C1_D-Glucose-6-Phosphate,16
11.75,C1_D-Glucose-6-Phosphate,19
12.0,C1_D-Glucose-6-Phosphate,15
12.25,C1_D-Glucose-6-Phosphate,18
12.5,C1_D-Glucose-6-Phosphate,19
12.75,C1_D-Glucose-6-Phosphate,23
13.0,C1_D-Glucose-6-Phosphate,17
13.25,C1_D-Glucose-6-Phosphate,18
13.5,C1_D-Glucose-6-Phosphate,18
13.75,C1_D-Glucose-6-Phosphate,21
14.0,C1_D-Glucose-6-Phosphate,19
14.25,C1_D-Glucose-6-Phosphate,21
14.5,C1_D-Glucose-6-Phosphate,17
14.75,C1_D-Glucose-6-Phosphate,21
15.0,C1_D-Glucose-6-Phosphate,21
15.25,C1_D-Glucose-6-Phosphate,17
15.5,C1_D-Glucose-6-Phosphate,19
15.75,C1_D-Glucose-6-Phosphate,20
16.0,C1_D-Glucose-6-Phosphate,22
16.25,C1_D-Glucose-6-Phosphate,20
16.5,C1_D-Glucose-6-Phosphate,19
16.75,C1_D-Glucose-6-Phosphate,14
17.0,C1_D-Glucose-6-Phosphate,19
17.25,C1_D-Glucose-6-Phosphate,23
17.5,C1_D-Glucose-6-Phosphate,22
17.75,C1_D-Glucose-6-Phosphate,25
18.0,C1_D-Glucose-6-Phosphate,22
18.25,C1_D-Glucose-6-Phosphate,21
18.5,C1_D-Glucose-6-Phosphate,25
18.75,C1_D-Glucose-6-Phosphate,24
19.0,C1_D-Glucose-6-Phosphate,22
19.25,C1_D-Glucose-6-Phosphate,22
19.5,C1_D-Glucose-6-Phosphate,18
19.75,C1_D-Glucose-6-Phosphate,21
20.0,C1_D-Glucose-6-Phosphate,23
20.25,C1_D-Glucose-6-Phosphate,25
20.5,C1_D-Glucose-6-Phosphate,19
20.75,C1_D-Glucose-6-Phosphate,21
21.0,C1_D-Glucose-6-Phosphate,18
21.25,C1_D-Glucose-6-Phosphate,25
21.5,C1_D-Glucose-6-Phosphate,27
21.75,C1_D-Glucose-6-Phosphate,21
22.0,C1_D-Glucose-6-Phosphate,25
22.25,C1_D-Glucose-6-Phosphate,25
22.5,C1_D-Glucose-6-Phosphate,21
22.75,C1_D-Glucose-6-Phosphate,21
23.0,C1_D-Glucose-6-Phosphate,24
23.25,C1_D-Glucose-6-Phosphate,21
23.5,C1_D-Glucose-6-Phosphate,25
23.75,C1_D-Glucose-6-Phosphate,21
24.0,C1_D-Glucose-6-Phosphate,25
24.25,C1_D-Glucose-6-Phosphate,28
24.5,C1_D-Glucose-6-Phosphate,25
24.75,C1_D-Glucose-6-Phosphate,16
25.0,C1_D-Glucose-6-Phosphate,22
25.25,C1_D-Glucose-6-Phosphate,25
25.5,C1_D-Glucose-6-Phosphate,23
25.75,C1_D-Glucose-6-Phosphate,26
26.0,C1_D-Glucose-6-Phosphate,23
26.25,C1_D-Glucose-6-Phosphate,24
26.5,C1_D-Glucose-6-Phosphate,19
26.75,C1_D-Glucose-6-Phosphate,18
27.0,C1_D-Glucose-6-Phosphate,26
27.25,C1_D-Glucose-6-Phosphate,25
27.5,C1_D-Glucose-6-Phosphate,22
27.75,C1_D-Glucose-6-Phosphate,24
28.0,C1_D-Glucose-6-Phosphate,20
28.25,C1_D-Glucose-6-Phosphate,25
28.5,C1_D-Glucose-6-Phosphate,26
28.75,C1_D-Glucose-6-Phosphate,27
29.0,C1_D-Glucose-6-Phosphate,21
29.25,C1_D-Glucose-6-Phosphate,22
29.5,C1_D-Glucose-6-Phosphate,27
29.75,C1_D-Glucose-6-Phosphate,25
30.0,C1_D-Glucose-6-Phosphate,23
30.25,C1_D-Glucose-6-Phosphate,24
30.5,C1_D-Glucose-6-Phosphate,26
30.75,C1_D-Glucose-6-Phosphate,24
31.0,C1_D-Glucose-6-Phosphate,22
31.25,C1_D-Glucose-6-Phosphate,26
31.5,C1_D-Glucose-6-Phosphate,23
31.75,C1_D-Glucose-6-Phosphate,23
32.0,C1_D-Glucose-6-Phosphate,18
32.25,C1_D-Glucose-6-Phosphate,25
32.5,C1_D-Glucose-6-Phosphate,24
32.75,C1_D-Glucose-6-Phosphate,27
33.0,C1_D-Glucose-6-Phosphate,22
33.25,C1_D-Glucose-6-Phosphate,21
33.5,C1_D-Glucose-6-Phosphate,26
33.75,C1_D-Glucose-6-Phosphate,21
34.0,C1_D-Glucose-6-Phosphate,21
34.25,C1_D-Glucose-6-Phosphate,22
34.5,C1_D-Glucose-6-Phosphate,21
34.75,C1_D-Glucose-6-Phosphate,22
35.0,C1_D-Glucose-6-Phosphate,23
35.25,C1_D-Glucose-6-Phosphate,23
35.5,C1_D-Glucose-6-Phosphate,21
35.75,C1_D-Glucose-6-Phosphate,25
36.0,C1_D-Glucose-6-Phosphate,21
36.25,C1_D-Glucose-6-Phosphate,23
36.5,C1_D-Glucose-6-Phosphate,27
36.75,C1_D-Glucose-6-Phosphate,24
37.0,C1_D-Glucose-6-Phosphate,20
37.25,C1_D-Glucose-6-Phosphate,23
37.5,C1_D-Glucose-6-Phosphate,22
37.75,C1_D-Glucose-6-Phosphate,24
38.0,C1_D-Glucose-6-Phosphate,19
38.25,C1_D-Glucose-6-Phosphate,23
38.5,C1_D-Glucose-6-Phosphate,23
38.75,C1_D-Glucose-6-Phosphate,23
39.0,C1_D-Glucose-6-Phosphate,23
39.25,C1_D-Glucose-6-Phosphate,21
39.5,C1_D-Glucose-6-Phosphate,22
39.75,C1_D-Glucose-6-Phosphate,26
40.0,C1_D-Glucose-6-Phosphate,21
40.25,C1_D-Glucose-6-Phosphate,25
40.5,C1_D-Glucose-6-Phosphate,19
40.75,C1_D-Glucose-6-Phosphate,21
41.0,C1_D-Glucose-6-Phosphate,24
41.25,C1_D-Glucose-6-Phosphate,21
41.5,C1_D-Glucose-6-Phosphate,25
41.75,C1_D-Glucose-6-Phosphate,23
42.0,C1_D-Glucose-6-Phosphate,25
42.25,C1_D-Glucose-6-Phosphate,25
42.5,C1_D-Glucose-6-Phosphate,24
42.75,C1_D-Glucose-6-Phosphate,24
43.0,C1_D-Glucose-6-Phosphate,22
43.25,C1_D-Glucose-6-Phosphate,20
43.5,C1_D-Glucose-6-Phosphate,23
43.75,C1_D-Glucose-6-Phosphate,17
44.0,C1_D-Glucose-6-Phosphate,21
44.25,C1_D-Glucose-6-Phosphate,22
44.5,C1_D-Glucose-6-Phosphate,21
44.75,C1_D-Glucose-6-Phosphate,21
45.0,C1_D-Glucose-6-Phosphate,21
45.25,C1_D-Glucose-6-Phosphate,23
45.5,C1_D-Glucose-6-Phosphate,21
45.75,C1_D-Glucose-6-Phosphate,21
46.0,C1_D-Glucose-6-Phosphate,19
46.25,C1_D-Glucose-6-Phosphate,22
46.5,C1_D-Glucose-6-Phosphate,24
46.75,C1_D-Glucose-6-Phosphate,24
47.0,C1_D-Glucose-6-Phosphate,25
47.25,C1_D-Glucose-6-Phosphate,19
47.5,C1_D-Glucose-6-Phosphate,27
47.75,C1_D-Glucose-6-Phosphate,27
48.0,C1_D-Glucose-6-Phosphate,23
48.25,C1_D-Glucose-6-Phosphate,24
0.0,C2_D-GalactonicAcid-g-Lactone,11
0.25,C2_D-GalactonicAcid-g-Lactone,16
0.5,C2_D-GalactonicAcid-g-Lactone,12
0.75,C2_D-GalactonicAcid-g-Lactone,14
1.0,C2_D-GalactonicAcid-g-Lactone,11
1.25,C2_D-GalactonicAcid-g-Lactone,14
1.5,C2_D-GalactonicAcid-g-Lactone,12
1.75,C2_D-GalactonicAcid-g-Lactone,11
2.0,C2_D-GalactonicAcid-g-Lactone,12
2.25,C2_D-GalactonicAcid-g-Lactone,11
2.5,C2_D-GalactonicAcid-g-Lactone,13
2.75,C2_D-GalactonicAcid-g-Lactone,11
3.0,C2_D-GalactonicAcid-g-Lactone,14
3.25,C2_D-GalactonicAcid-g-Lactone,11
3.5,C2_D-GalactonicAcid-g-Lactone,11
3.75,C2_D-GalactonicAcid-g-Lactone,13
4.0,C2_D-GalactonicAcid-g-Lactone,11
4.25,C2_D-GalactonicAcid-g-Lactone,15
4.5,C2_D-GalactonicAcid-g-Lactone,19
4.75,C2_D-GalactonicAcid-g-Lactone,11
5.0,C2_D-GalactonicAcid-g-Lactone,14
5.25,C2_D-GalactonicAcid-g-Lactone,11
5.5,C2_D-GalactonicAcid-g-Lactone,12
5.75,C2_D-GalactonicAcid-g-Lactone,13
6.0,C2_D-GalactonicAcid-g-Lactone,11
6.25,C2_D-GalactonicAcid-g-Lactone,11
6.5,C2_D-GalactonicAcid-g-Lactone,12
6.75,C2_D-GalactonicAcid-g-Lactone,12
7.0,C2_D-GalactonicAcid-g-Lactone,12
7.25,C2_D-GalactonicAcid-g-Lactone,16
7.5,C2_D-GalactonicAcid-g-Lactone,11
7.75,C2_D-GalactonicAcid-g-Lactone,11
8.0,C2_D-GalactonicAcid-g-Lactone,18
8.25,C2_D-GalactonicAcid-g-Lactone,11
8.5,C2_D-GalactonicAcid-g-Lactone,11
8.75,C2_D-GalactonicAcid-g-Lactone,12
9.0,C2_D-GalactonicAcid-g-Lactone,14
9.25,C2_D-GalactonicAcid-g-Lactone,17
9.5,C2_D-GalactonicAcid-g-Lactone,13
9.75,C2_D-GalactonicAcid-g-Lactone,12
10.0,C2_D-GalactonicAcid-g-Lactone,11
10.25,C2_D-GalactonicAcid-g-Lactone,11
10.5,C2_D-GalactonicAcid-g-Lactone,11
10.75,C2_D-GalactonicAcid-g-Lactone,12
11.0,C2_D-GalactonicAcid-g-Lactone,17
11.25,C2_D-GalactonicAcid-g-Lactone,14
11.5,C2_D-GalactonicAcid-g-Lactone,12
11.75,C2_D-GalactonicAcid-g-Lactone,14
12.0,C2_D-GalactonicAcid-g-Lactone,16
12.25,C2_D-GalactonicAcid-g-Lactone,11
12.5,C2_D-GalactonicAcid-g-Lactone,13
12.75,C2_D-GalactonicAcid-g-Lactone,11
13.0,C2_D-GalactonicAcid-g-Lactone,16
13.25,C2_D-GalactonicAcid-g-Lactone,12
13.5,C2_D-GalactonicAcid-g-Lactone,15
13.75,C2_D-GalactonicAcid-g-Lactone,11
14.0,C2_D-GalactonicAcid-g-Lactone,15
14.25,C2_D-GalactonicAcid-g-Lactone,16
14.5,C2_D-GalactonicAcid-g-Lactone,13
14.75,C2_D-GalactonicAcid-g-Lactone,17
15.0,C2_D-GalactonicAcid-g-Lactone,13
15.25,C2_D-GalactonicAcid-g-Lactone,15
15.5,C2_D-GalactonicAcid-g-Lactone,11
15.75,C2_D-GalactonicAcid-g-Lactone,18
16.0,C2_D-GalactonicAcid-g-Lactone,14
16.25,C2_D-GalactonicAcid-g-Lactone,15
16.5,C2_D-GalactonicAcid-g-Lactone,15
16.75,C2_D-GalactonicAcid-g-Lactone,17
17.0,C2_D-GalactonicAcid-g-Lactone,14
17.25,C2_D-GalactonicAcid-g-Lactone,15
17.5,C2_D-GalactonicAcid-g-Lactone,16
17.75,C2_D-GalactonicAcid-g-Lactone,15
18.0,C2_D-GalactonicAcid-g-Lactone,13
18.25,C2_D-GalactonicAcid-g-Lactone,11
18.5,C2_D-GalactonicAcid-g-Lactone,13
18.75,C2_D-GalactonicAcid-g-Lactone,17
19.0,C2_D-GalactonicAcid-g-Lactone,16
19.25,C2_D-GalactonicAcid-g-Lactone,20
19.5,C2_D-GalactonicAcid-g-Lactone,18
19.75,C2_D-GalactonicAcid-g-Lactone,17
20.0,C2_D-GalactonicAcid-g-Lactone,16
20.25,C2_D-GalactonicAcid-g-Lactone,12
20.5,C2_D-GalactonicAcid-g-Lactone,21
20.75,C2_D-GalactonicAcid-g-Lactone,20
21.0,C2_D-GalactonicAcid-g-Lactone,17
21.25,C2_D-GalactonicAcid-g-Lactone,18
21.5,C2_D-GalactonicAcid-g-Lactone,12
21.75,C2_D-GalactonicAcid-g-Lactone,19
22.0,C2_D-GalactonicAcid-g-Lactone,17
22.25,C2_D-GalactonicAcid-g-Lactone,15
22.5,C2_D-GalactonicAcid-g-Lactone,22
22.75,C2_D-GalactonicAcid-g-Lactone,21
23.0,C2_D-GalactonicAcid-g-Lactone,15
23.25,C2_D-GalactonicAcid-g-Lactone,17
23.5,C2_D-GalactonicAcid-g-Lactone,20
23.75,C2_D-GalactonicAcid-g-Lactone,21
24.0,C2_D-GalactonicAcid-g-Lactone,18
24.25,C2_D-GalactonicAcid-g-Lactone,16
24.5,C2_D-GalactonicAcid-g-Lactone,19
24.75,C2_D-GalactonicAcid-g-Lactone,14
25.0,C2_D-GalactonicAcid-g-Lactone,23
25.25,C2_D-GalactonicAcid-g-Lactone,20
25.5,C2_D-GalactonicAcid-g-Lactone,20
25.75,C2_D-GalactonicAcid-g-Lactone,20
26.0,C2_D-GalactonicAcid-g-Lactone,21
26.25,C2_D-GalactonicAcid-g-Lactone,22
26.5,C2_D-GalactonicAcid-g-Lactone,19
26.75,C2_D-GalactonicAcid-g-Lactone,23
27.0,C2_D-GalactonicAcid-g-Lactone,22
27.25,C2_D-GalactonicAcid-g-Lactone,16
27.5,C2_D-GalactonicAcid-g-Lactone,22
27.75,C2_D-GalactonicAcid-g-Lactone,19
28.0,C2_D-GalactonicAcid-g-Lactone,19
28.25,C2_D-GalactonicAcid-g-Lactone,21
28.5,C2_D-GalactonicAcid-g-Lactone,15
28.75,C2_D-GalactonicAcid-g-Lactone,18
29.0,C2_D-GalactonicAcid-g-Lactone,25
29.25,C2_D-GalactonicAcid-g-Lactone,15
29.5,C2_D-GalactonicAcid-g-Lactone,21
29.75,C2_D-GalactonicAcid-g-Lactone,20
30.0,C2_D-GalactonicAcid-g-Lactone,18
30.25,C2_D-GalactonicAcid-g-Lactone,17
30.5,C2_D-GalactonicAcid-g-Lactone,23
30.75,C2_D-GalactonicAcid-g-Lactone,18
31.0,C2_D-GalactonicAcid-g-Lactone,18
31.25,C2_D-GalactonicAcid-g-Lactone,17
31.5,C2_D-GalactonicAcid-g-Lactone,20
31.75,C2_D-GalactonicAcid-g-Lactone,21
32.0,C2_D-GalactonicAcid-g-Lactone,21
32.25,C2_D-GalactonicAcid-g-Lactone,22
32.5,C2_D-GalactonicAcid-g-Lactone,22
32.75,C2_D-GalactonicAcid-g-Lactone,23
33.0,C2_D-GalactonicAcid-g-Lactone,21
33.25,C2_D-GalactonicAcid-g-Lactone,16
33.5,C2_D-GalactonicAcid-g-Lactone,22
33.75,C2_D-GalactonicAcid-g-Lactone,22
34.0,C2_D-GalactonicAcid-g-Lactone,20
34.25,C2_D-GalactonicAcid-g-Lactone,19
34.5,C2_D-GalactonicAcid-g-Lactone,21
34.75,C2_D-GalactonicAcid-g-Lactone,19
35.0,C2_D-GalactonicAcid-g-Lactone,21
35.25,C2_D-GalactonicAcid-g-Lactone,22
35.5,C2_D-GalactonicAcid-g-Lactone,21
35.75,C2_D-GalactonicAcid-g-Lactone,26
36.0,C2_D-GalactonicAcid-g-Lactone,22
36.25,C2_D-GalactonicAcid-g-Lactone,19
36.5,C2_D-GalactonicAcid-g-Lactone,21
36.75,C2_D-GalactonicAcid-g-Lactone,21
37.0,C2_D-GalactonicAcid-g-Lactone,23
37.25,C2_D-GalactonicAcid-g-Lactone,23
37.5,C2_D-GalactonicAcid-g-Lactone,22
37.75,C2_D-GalactonicAcid-g-Lactone,23
38.0,C2_D-GalactonicAcid-g-Lactone,23
38.25,C2_D-GalactonicAcid-g-Lactone,21
38.5,C2_D-GalactonicAcid-g-Lactone,23
38.75,C2_D-GalactonicAcid-g-Lactone,24
39.0,C2_D-GalactonicAcid-g-Lactone,23
39.25,C2_D-GalactonicAcid-g-Lactone,23
39.5,C2_D-GalactonicAcid-g-Lactone,23
39.75,C2_D-GalactonicAcid-g-Lactone,21
40.0,C2_D-GalactonicAcid-g-Lactone,20
40.25,C2_D-GalactonicAcid-g-Lactone,22
40.5,C2_D-GalactonicAcid-g-Lactone,22
40.75,C2_D-GalactonicAcid-g-Lactone,22
41.0,C2_D-GalactonicAcid-g-Lactone,22
41.25,C2_D-GalactonicAcid-g-Lactone,24
41.5,C2_D-GalactonicAcid-g-Lactone,24
41.75,C2_D-GalactonicAcid-g-Lactone,25
42.0,C2_D-GalactonicAcid-g-Lactone,23
42.25,C2_D-GalactonicAcid-g-Lactone,21
42.5,C2_D-GalactonicAcid-g-Lactone,21
42.75,C2_D-GalactonicAcid-g-Lactone,23
43.0,C2_D-GalactonicAcid-g-Lactone,24
43.25,C2_D-GalactonicAcid-g-Lactone,24
43.5,C2_D-GalactonicAcid-g-Lactone,25
43.75,C2_D-GalactonicAcid-g-Lactone,21
44.0,C2_D-GalactonicAcid-g-Lactone,21
44.25,C2_D-GalactonicAcid-g-Lactone,22
44.5,C2_D-GalactonicAcid-g-Lactone,19
44.75,C2_D-GalactonicAcid-g-Lactone,21
45.0,C2_D-GalactonicAcid-g-Lactone,22
45.25,C2_D-GalactonicAcid-g-Lactone,19
45.5,C2_D-GalactonicAcid-g-Lactone,21
45.75,C2_D-GalactonicAcid-g-Lactone,23
46.0,C2_D-GalactonicAcid-g-Lactone,20
46.25,C2_D-GalactonicAcid-g-Lactone,23
46.5,C2_D-GalactonicAcid-g-Lactone,23
46.75,C2_D-GalactonicAcid-g-Lactone,27
47.0,C2_D-GalactonicAcid-g-Lactone,20
47.25,C2_D-GalactonicAcid-g-Lactone,21
47.5,C2_D-GalactonicAcid-g-Lactone,23
47.75,C2_D-GalactonicAcid-g-Lactone,24
48.0,C2_D-GalactonicAcid-g-Lactone,19
48.25,C2_D-GalactonicAcid-g-Lactone,22
0.0,C3_D-L-Malic_Acid,11
0.25,C3_D-L-Malic_Acid,11
0.5,C3_D-L-Malic_Acid,11
0.75,C3_D-L-Malic_Acid,11
1.0,C3_D-L-Malic_Acid,11
1.25,C3_D-L-Malic_Acid,11
1.5,C3_D-L-Malic_Acid,11
1.75,C3_D-L-Malic_Acid,11
2.0,C3_D-L-Malic_Acid,12
2.25,C3_D-L-Malic_Acid,11
2.5,C3_D-L-Malic_Acid,11
2.75,C3_D-L-Malic_Acid,11
3.0,C3_D-L-Malic_Acid,11
3.25,C3_D-L-Malic_Acid,11
3.5,C3_D-L-Malic_Acid,11
3.75,C3_D-L-Malic_Acid,11
4.0,C3_D-L-Malic_Acid,11
4.25,C3_D-L-Malic_Acid,11
4.5,C3_D-L-Malic_Acid,11
4.75,C3_D-L-Malic_Acid,11
5.0,C3_D-L-Malic_Acid,11
5.25,C3_D-L-Malic_Acid,11
5.5,C3_D-L-Malic_Acid,11
5.75,C3_D-L-Malic_Acid,11
6.0,C3_D-L-Malic_Acid,11
6.25,C3_D-L-Malic_Acid,11
6.5,C3_D-L-Malic_Acid,11
6.75,C3_D-L-Malic_Acid,11
7.0,C3_D-L-Malic_Acid,11
7.25,C3_D-L-Malic_Acid,11
7.5,C3_D-L-Malic_Acid,11
7.75,C3_D-L-Malic_Acid,11
8.0,C3_D-L-Malic_Acid,13
8.25,C3_D-L-Malic_Acid,11
8.5,C3_D-L-Malic_Acid,11
8.75,C3_D-L-Malic_Acid,11
9.0,C3_D-L-Malic_Acid,12
9.25,C3_D-L-Malic_Acid,11
9.5,C3_D-L-Malic_Acid,11
9.75,C3_D-L-Malic_Acid,11
10.0,C3_D-L-Malic_Acid,11
10.25,C3_D-L-Malic_Acid,11
10.5,C3_D-L-Malic_Acid,11
10.75,C3_D-L-Malic_Acid,11
11.0,C3_D-L-Malic_Acid,11
11.25,C3_D-L-Malic_Acid,11
11.5,C3_D-L-Malic_Acid,12
11.75,C3_D-L-Malic_Acid,11
12.0,C3_D-L-Malic_Acid,11
12.25,C3_D-L-Malic_Acid,11
12.5,C3_D-L-Malic_Acid,11
12.75,C3_D-L-Malic_Acid,11
13.0,C3_D-L-Malic_Acid,13
13.25,C3_D-L-Malic_Acid,11
13.5,C3_D-L-Malic_Acid,11
13.75,C3_D-L-Malic_Acid,13
14.0,C3_D-L-Malic_Acid,11
14.25,C3_D-L-Malic_Acid,11
14.5,C3_D-L-Malic_Acid,11
14.75,C3_D-L-Malic_Acid,15
15.0,C3_D-L-Malic_Acid,11
15.25,C3_D-L-Malic_Acid,14
15.5,C3_D-L-Malic_Acid,11
15.75,C3_D-L-Malic_Acid,11
16.0,C3_D-L-Malic_Acid,15
16.25,C3_D-L-Malic_Acid,13
16.5,C3_D-L-Malic_Acid,11
16.75,C3_D-L-Malic_Acid,11
17.0,C3_D-L-Malic_Acid,13
17.25,C3_D-L-Malic_Acid,16
17.5,C3_D-L-Malic_Acid,15
17.75,C3_D-L-Malic_Acid,16
18.0,C3_D-L-Malic_Acid,13
18.25,C3_D-L-Malic_Acid,14
18.5,C3_D-L-Malic_Acid,12
18.75,C3_D-L-Malic_Acid,18
19.0,C3_D-L-Malic_Acid,14
19.25,C3_D-L-Malic_Acid,14
19.5,C3_D-L-Malic_Acid,12
19.75,C3_D-L-Malic_Acid,12
20.0,C3_D-L-Malic_Acid,13
20.25,C3_D-L-Malic_Acid,17
20.5,C3_D-L-Malic_Acid,19
20.75,C3_D-L-Malic_Acid,19
21.0,C3_D-L-Malic_Acid,12
21.25,C3_D-L-Malic_Acid,20
21.5,C3_D-L-Malic_Acid,18
21.75,C3_D-L-Malic_Acid,16
22.0,C3_D-L-Malic_Acid,17
22.25,C3_D-L-Malic_Acid,16
22.5,C3_D-L-Malic_Acid,19
22.75,C3_D-L-Malic_Acid,15
23.0,C3_D-L-Malic_Acid,16
23.25,C3_D-L-Malic_Acid,17
23.5,C3_D-L-Malic_Acid,17
23.75,C3_D-L-Malic_Acid,20
24.0,C3_D-L-Malic_Acid,17
24.25,C3_D-L-Malic_Acid,18
24.5,C3_D-L-Malic_Acid,17
24.75,C3_D-L-Malic_Acid,14
25.0,C3_D-L-Malic_Acid,14
25.25,C3_D-L-Malic_Acid,17
25.5,C3_D-L-Malic_Acid,17
25.75,C3_D-L-Malic_Acid,16
26.0,C3_D-L-Malic_Acid,15
26.25,C3_D-L-Malic_Acid,20
26.5,C3_D-L-Malic_Acid,20
26.75,C3_D-L-Malic_Acid,17
27.0,C3_D-L-Malic_Acid,17
27.25,C3_D-L-Malic_Acid,20
27.5,C3_D-L-Malic_Acid,18
27.75,C3_D-L-Malic_Acid,19
28.0,C3_D-L-Malic_Acid,19
28.25,C3_D-L-Malic_Acid,17
28.5,C3_D-L-Malic_Acid,19
28.75,C3_D-L-Malic_Acid,17
29.0,C3_D-L-Malic_Acid,20
29.25,C3_D-L-Malic_Acid,16
29.5,C3_D-L-Malic_Acid,20
29.75,C3_D-L-Malic_Acid,17
30.0,C3_D-L-Malic_Acid,20
30.25,C3_D-L-Malic_Acid,17
30.5,C3_D-L-Malic_Acid,22
30.75,C3_D-L-Malic_Acid,20
31.0,C3_D-L-Malic_Acid,16
31.25,C3_D-L-Malic_Acid,19
31.5,C3_D-L-Malic_Acid,18
31.75,C3_D-L-Malic_Acid,17
32.0,C3_D-L-Malic_Acid,19
32.25,C3_D-L-Malic_Acid,20
32.5,C3_D-L-Malic_Acid,17
32.75,C3_D-L-Malic_Acid,17
33.0,C3_D-L-Malic_Acid,21
33.25,C3_D-L-Malic_Acid,21
33.5,C3_D-L-Malic_Acid,20
33.75,C3_D-L-Malic_Acid,21
34.0,C3_D-L-Malic_Acid,19
34.25,C3_D-L-Malic_Acid,19
34.5,C3_D-L-Malic_Acid,20
34.75,C3_D-L-Malic_Acid,21
35.0,C3_D-L-Malic_Acid,19
35.25,C3_D-L-Malic_Acid,22
35.5,C3_D-L-Malic_Acid,22
35.75,C3_D-L-Malic_Acid,21
36.0,C3_D-L-Malic_Acid,19
36.25,C3_D-L-Malic_Acid,20
36.5,C3_D-L-Malic_Acid,22
36.75,C3_D-L-Malic_Acid,20
37.0,C3_D-L-Malic_Acid,21
37.25,C3_D-L-Malic_Acid,20
37.5,C3_D-L-Malic_Acid,18
37.75,C3_D-L-Malic_Acid,23
38.0,C3_D-L-Malic_Acid,22
38.25,C3_D-L-Malic_Acid,19
38.5,C3_D-L-Malic_Acid,20
38.75,C3_D-L-Malic_Acid,22
39.0,C3_D-L-Malic_Acid,25
39.25,C3_D-L-Malic_Acid,21
39.5,C3_D-L-Malic_Acid,23
39.75,C3_D-L-Malic_Acid,25
40.0,C3_D-L-Malic_Acid,17
40.25,C3_D-L-Malic_Acid,21
40.5,C3_D-L-Malic_Acid,19
40.75,C3_D-L-Malic_Acid,21
41.0,C3_D-L-Malic_Acid,23
41.25,C3_D-L-Malic_Acid,21
41.5,C3_D-L-Malic_Acid,22
41.75,C3_D-L-Malic_Acid,21
42.0,C3_D-L-Malic_Acid,29
42.25,C3_D-L-Malic_Acid,25
42.5,C3_D-L-Malic_Acid,23
42.75,C3_D-L-Malic_Acid,25
43.0,C3_D-L-Malic_Acid,24
43.25,C3_D-L-Malic_Acid,24
43.5,C3_D-L-Malic_Acid,27
43.75,C3_D-L-Malic_Acid,25
44.0,C3_D-L-Malic_Acid,27
44.25,C3_D-L-Malic_Acid,21
44.5,C3_D-L-Malic_Acid,27
44.75,C3_D-L-Malic_Acid,26
45.0,C3_D-L-Malic_Acid,24
45.25,C3_D-L-Malic_Acid,25
45.5,C3_D-L-Malic_Acid,25
45.75,C3_D-L-Malic_Acid,20
46.0,C3_D-L-Malic_Acid,23
46.25,C3_D-L-Malic_Acid,23
46.5,C3_D-L-Malic_Acid,28
46.75,C3_D-L-Malic_Acid,27
47.0,C3_D-L-Malic_Acid,27
47.25,C3_D-L-Malic_Acid,27
47.5,C3_D-L-Malic_Acid,28
47.75,C3_D-L-Malic_Acid,30
48.0,C3_D-L-Malic_Acid,23
48.25,C3_D-L-Malic_Acid,28
0.0,C4_D-Ribose,26
0.25,C4_D-Ribose,30
0.5,C4_D-Ribose,30
0.75,C4_D-Ribose,33
1.0,C4_D-Ribose,30
1.25,C4_D-Ribose,34
1.5,C4_D-Ribose,36
1.75,C4_D-Ribose,35
2.0,C4_D-Ribose,36
2.25,C4_D-Ribose,35
2.5,C4_D-Ribose,34
2.75,C4_D-Ribose,36
3.0,C4_D-Ribose,34
3.25,C4_D-Ribose,36
3.5,C4_D-Ribose,38
3.75,C4_D-Ribose,39
4.0,C4_D-Ribose,33
4.25,C4_D-Ribose,39
4.5,C4_D-Ribose,38
4.75,C4_D-Ribose,36
5.0,C4_D-Ribose,43
5.25,C4_D-Ribose,43
5.5,C4_D-Ribose,36
5.75,C4_D-Ribose,40
6.0,C4_D-Ribose,38
6.25,C4_D-Ribose,37
6.5,C4_D-Ribose,40
6.75,C4_D-Ribose,37
7.0,C4_D-Ribose,38
7.25,C4_D-Ribose,41
7.5,C4_D-Ribose,37
7.75,C4_D-Ribose,39
8.0,C4_D-Ribose,43
8.25,C4_D-Ribose,44
8.5,C4_D-Ribose,39
8.75,C4_D-Ribose,39
9.0,C4_D-Ribose,42
9.25,C4_D-Ribose,44
9.5,C4_D-Ribose,39
9.75,C4_D-Ribose,41
10.0,C4_D-Ribose,42
10.25,C4_D-Ribose,42
10.5,C4_D-Ribose,44
10.75,C4_D-Ribose,45
11.0,C4_D-Ribose,44
11.25,C4_D-Ribose,42
11.5,C4_D-Ribose,45
11.75,C4_D-Ribose,37
12.0,C4_D-Ribose,45
12.25,C4_D-Ribose,41
12.5,C4_D-Ribose,46
12.75,C4_D-Ribose,43
13.0,C4_D-Ribose,43
13.25,C4_D-Ribose,42
13.5,C4_D-Ribose,40
13.75,C4_D-Ribose,46
14.0,C4_D-Ribose,45
14.25,C4_D-Ribose,45
14.5,C4_D-Ribose,48
14.75,C4_D-Ribose,46
15.0,C4_D-Ribose,44
15.25,C4_D-Ribose,43
15.5,C4_D-Ribose,36
15.75,C4_D-Ribose,43
16.0,C4_D-Ribose,43
16.25,C4_D-Ribose,41
16.5,C4_D-Ribose,41
16.75,C4_D-Ribose,42
17.0,C4_D-Ribose,46
17.25,C4_D-Ribose,43
17.5,C4_D-Ribose,46
17.75,C4_D-Ribose,48
18.0,C4_D-Ribose,43
18.25,C4_D-Ribose,43
18.5,C4_D-Ribose,43
18.75,C4_D-Ribose,42
19.0,C4_D-Ribose,40
19.25,C4_D-Ribose,41
19.5,C4_D-Ribose,47
19.75,C4_D-Ribose,40
20.0,C4_D-Ribose,46
20.25,C4_D-Ribose,48
20.5,C4_D-Ribose,46
20.75,C4_D-Ribose,43
21.0,C4_D-Ribose,46
21.25,C4_D-Ribose,47
21.5,C4_D-Ribose,44
21.75,C4_D-Ribose,46
22.0,C4_D-Ribose,46
22.25,C4_D-Ribose,50
22.5,C4_D-Ribose,43
22.75,C4_D-Ribose,45
23.0,C4_D-Ribose,41
23.25,C4_D-Ribose,45
23.5,C4_D-Ribose,44
23.75,C4_D-Ribose,46
24.0,C4_D-Ribose,43
24.25,C4_D-Ribose,44
24.5,C4_D-Ribose,46
24.75,C4_D-Ribose,43
25.0,C4_D-Ribose,43
25.25,C4_D-Ribose,46
25.5,C4_D-Ribose,45
25.75,C4_D-Ribose,44
26.0,C4_D-Ribose,40
26.25,C4_D-Ribose,43
26.5,C4_D-Ribose,46
26.75,C4_D-Ribose,51
27.0,C4_D-Ribose,47
27.25,C4_D-Ribose,47
27.5,C4_D-Ribose,44
27.75,C4_D-Ribose,43
28.0,C4_D-Ribose,47
28.25,C4_D-Ribose,46
28.5,C4_D-Ribose,48
28.75,C4_D-Ribose,48
29.0,C4_D-Ribose,45
29.25,C4_D-Ribose,47
29.5,C4_D-Ribose,46
29.75,C4_D-Ribose,48
30.0,C4_D-Ribose,50
30.25,C4_D-Ribose,47
30.5,C4_D-Ribose,49
30.75,C4_D-Ribose,47
31.0,C4_D-Ribose,44
31.25,C4_D-Ribose,43
31.5,C4_D-Ribose,50
31.75,C4_D-Ribose,48
32.0,C4_D-Ribose,45
32.25,C4_D-Ribose,46
32.5,C4_D-Ribose,46
32.75,C4_D-Ribose,50
33.0,C4_D-Ribose,44
33.25,C4_D-Ribose,47
33.5,C4_D-Ribose,42
33.75,C4_D-Ribose,50
34.0,C4_D-Ribose,45
34.25,C4_D-Ribose,48
34.5,C4_D-Ribose,47
34.75,C4_D-Ribose,48
35.0,C4_D-Ribose,46
35.25,C4_D-Ribose,47
35.5,C4_D-Ribose,48
35.75,C4_D-Ribose,51
36.0,C4_D-Ribose,58
36.25,C4_D-Ribose,49
36.5,C4_D-Ribose,51
36.75,C4_D-Ribose,51
37.0,C4_D-Ribose,47
37.25,C4_D-Ribose,49
37.5,C4_D-Ribose,49
37.75,C4_D-Ribose,50
38.0,C4_D-Ribose,47
38.25,C4_D-Ribose,50
38.5,C4_D-Ribose,48
38.75,C4_D-Ribose,47
39.0,C4_D-Ribose,51
39.25,C4_D-Ribose,52
39.5,C4_D-Ribose,50
39.75,C4_D-Ribose,51
40.0,C4_D-Ribose,46
40.25,C4_D-Ribose,53
40.5,C4_D-Ribose,47
40.75,C4_D-Ribose,50
41.0,C4_D-Ribose,48
41.25,C4_D-Ribose,52
41.5,C4_D-Ribose,51
41.75,C4_D-Ribose,48
42.0,C4_D-Ribose,53
42.25,C4_D-Ribose,51
42.5,C4_D-Ribose,51
42.75,C4_D-Ribose,51
43.0,C4_D-Ribose,53
43.25,C4_D-Ribose,51
43.5,C4_D-Ribose,49
43.75,C4_D-Ribose,53
44.0,C4_D-Ribose,49
44.25,C4_D-Ribose,48
44.5,C4_D-Ribose,53
44.75,C4_D-Ribose,48
45.0,C4_D-Ribose,49
45.25,C4_D-Ribose,50
45.5,C4_D-Ribose,52
45.75,C4_D-Ribose,47
46.0,C4_D-Ribose,47
46.25,C4_D-Ribose,55
46.5,C4_D-Ribose,50
46.75,C4_D-Ribose,54
47.0,C4_D-Ribose,55
47.25,C4_D-Ribose,52
47.5,C4_D-Ribose,59
47.75,C4_D-Ribose,53
48.0,C4_D-Ribose,49
48.25,C4_D-Ribose,54
0.0,C5_Tween_20,11
0.25,C5_Tween_20,11
0.5,C5_Tween_20,11
0.75,C5_Tween_20,11
1.0,C5_Tween_20,12
1.25,C5_Tween_20,11
1.5,C5_Tween_20,11
1.75,C5_Tween_20,11
2.0,C5_Tween_20,11
2.25,C5_Tween_20,11
2.5,C5_Tween_20,11
2.75,C5_Tween_20,11
3.0,C5_Tween_20,11
3.25,C5_Tween_20,11
3.5,C5_Tween_20,11
3.75,C5_Tween_20,11
4.0,C5_Tween_20,11
4.25,C5_Tween_20,11
4.5,C5_Tween_20,11
4.75,C5_Tween_20,11
5.0,C5_Tween_20,11
5.25,C5_Tween_20,11
5.5,C5_Tween_20,11
5.75,C5_Tween_20,12
6.0,C5_Tween_20,12
6.25,C5_Tween_20,11
6.5,C5_Tween_20,11
6.75,C5_Tween_20,11
7.0,C5_Tween_20,14
7.25,C5_Tween_20,11
7.5,C5_Tween_20,11
7.75,C5_Tween_20,11
8.0,C5_Tween_20,11
8.25,C5_Tween_20,11
8.5,C5_Tween_20,11
8.75,C5_Tween_20,11
9.0,C5_Tween_20,11
9.25,C5_Tween_20,14
9.5,C5_Tween_20,11
9.75,C5_Tween_20,11
10.0,C5_Tween_20,11
10.25,C5_Tween_20,11
10.5,C5_Tween_20,11
10.75,C5_Tween_20,13
11.0,C5_Tween_20,13
11.25,C5_Tween_20,11
11.5,C5_Tween_20,11
11.75,C5_Tween_20,11
12.0,C5_Tween_20,11
12.25,C5_Tween_20,11
12.5,C5_Tween_20,11
12.75,C5_Tween_20,13
13.0,C5_Tween_20,11
13.25,C5_Tween_20,11
13.5,C5_Tween_20,11
13.75,C5_Tween_20,11
14.0,C5_Tween_20,13
14.25,C5_Tween_20,11
14.5,C5_Tween_20,11
14.75,C5_Tween_20,15
15.0,C5_Tween_20,11
15.25,C5_Tween_20,11
15.5,C5_Tween_20,11
15.75,C5_Tween_20,11
16.0,C5_Tween_20,16
16.25,C5_Tween_20,14
16.5,C5_Tween_20,12
16.75,C5_Tween_20,11
17.0,C5_Tween_20,11
17.25,C5_Tween_20,11
17.5,C5_Tween_20,12
17.75,C5_Tween_20,14
18.0,C5_Tween_20,16
18.25,C5_Tween_20,14
18.5,C5_Tween_20,12
18.75,C5_Tween_20,14
19.0,C5_Tween_20,11
19.25,C5_Tween_20,12
19.5,C5_Tween_20,13
19.75,C5_Tween_20,11
20.0,C5_Tween_20,13
20.25,C5_Tween_20,15
20.5,C5_Tween_20,14
20.75,C5_Tween_20,14
21.0,C5_Tween_20,12
21.25,C5_Tween_20,13
21.5,C5_Tween_20,15
21.75,C5_Tween_20,14
22.0,C5_Tween_20,13
22.25,C5_Tween_20,16
22.5,C5_Tween_20,16
22.75,C5_Tween_20,13
23.0,C5_Tween_20,13
23.25,C5_Tween_20,15
23.5,C5_Tween_20,16
23.75,C5_Tween_20,11
24.0,C5_Tween_20,15
24.25,C5_Tween_20,15
24.5,C5_Tween_20,17
24.75,C5_Tween_20,11
25.0,C5_Tween_20,14
25.25,C5_Tween_20,12
25.5,C5_Tween_20,11
25.75,C5_Tween_20,15
26.0,C5_Tween_20,13
26.25,C5_Tween_20,13
26.5,C5_Tween_20,11
26.75,C5_Tween_20,15
27.0,C5_Tween_20,14
27.25,C5_Tween_20,16
27.5,C5_Tween_20,16
27.75,C5_Tween_20,16
28.0,C5_Tween_20,14
28.25,C5_Tween_20,15
28.5,C5_Tween_20,21
28.75,C5_Tween_20,14
29.0,C5_Tween_20,17
29.25,C5_Tween_20,13
29.5,C5_Tween_20,14
29.75,C5_Tween_20,14
30.0,C5_Tween_20,11
30.25,C5_Tween_20,14
30.5,C5_Tween_20,16
30.75,C5_Tween_20,16
31.0,C5_Tween_20,17
31.25,C5_Tween_20,18
31.5,C5_Tween_20,17
31.75,C5_Tween_20,17
32.0,C5_Tween_20,19
32.25,C5_Tween_20,15
32.5,C5_Tween_20,18
32.75,C5_Tween_20,16
33.0,C5_Tween_20,14
33.25,C5_Tween_20,13
33.5,C5_Tween_20,16
33.75,C5_Tween_20,17
34.0,C5_Tween_20,15
34.25,C5_Tween_20,16
34.5,C5_Tween_20,15
34.75,C5_Tween_20,16
35.0,C5_Tween_20,17
35.25,C5_Tween_20,17
35.5,C5_Tween_20,16
35.75,C5_Tween_20,13
36.0,C5_Tween_20,13
36.25,C5_Tween_20,14
36.5,C5_Tween_20,12
36.75,C5_Tween_20,14
37.0,C5_Tween_20,20
37.25,C5_Tween_20,15
37.5,C5_Tween_20,19
37.75,C5_Tween_20,15
38.0,C5_Tween_20,13
38.25,C5_Tween_20,15
38.5,C5_Tween_20,15
38.75,C5_Tween_20,17
39.0,C5_Tween_20,18
39.25,C5_Tween_20,19
39.5,C5_Tween_20,14
39.75,C5_Tween_20,19
40.0,C5_Tween_20,15
40.25,C5_Tween_20,15
40.5,C5_Tween_20,13
40.75,C5_Tween_20,14
41.0,C5_Tween_20,18
41.25,C5_Tween_20,21
41.5,C5_Tween_20,17
41.75,C5_Tween_20,13
42.0,C5_Tween_20,19
42.25,C5_Tween_20,19
42.5,C5_Tween_20,18
42.75,C5_Tween_20,15
43.0,C5_Tween_20,19
43.25,C5_Tween_20,18
43.5,C5_Tween_20,14
43.75,C5_Tween_20,13
44.0,C5_Tween_20,15
44.25,C5_Tween_20,15
44.5,C5_Tween_20,15
44.75,C5_Tween_20,17
45.0,C5_Tween_20,14
45.25,C5_Tween_20,18
45.5,C5_Tween_20,17
45.75,C5_Tween_20,19
46.0,C5_Tween_20,18
46.25,C5_Tween_20,16
46.5,C5_Tween_20,16
46.75,C5_Tween_20,16
47.0,C5_Tween_20,21
47.25,C5_Tween_20,16
47.5,C5_Tween_20,17
47.75,C5_Tween_20,16
48.0,C5_Tween_20,16
48.25,C5_Tween_20,18
0.0,C6_L-Rhamnose,11
0.25,C6_L-Rhamnose,11
0.5,C6_L-Rhamnose,11
0.75,C6_L-Rhamnose,11
1.0,C6_L-Rhamnose,11
1.25,C6_L-Rhamnose,11
1.5,C6_L-Rhamnose,11
1.75,C6_L-Rhamnose,11
2.0,C6_L-Rhamnose,11
2.25,C6_L-Rhamnose,11
2.5,C6_L-Rhamnose,11
2.75,C6_L-Rhamnose,11
3.0,C6_L-Rhamnose,11
3.25,C6_L-Rhamnose,11
3.5,C6_L-Rhamnose,11
3.75,C6_L-Rhamnose,11
4.0,C6_L-Rhamnose,12
4.25,C6_L-Rhamnose,11
4.5,C6_L-Rhamnose,13
4.75,C6_L-Rhamnose,11
5.0,C6_L-Rhamnose,12
5.25,C6_L-Rhamnose,11
5.5,C6_L-Rhamnose,11
5.75,C6_L-Rhamnose,11
6.0,C6_L-Rhamnose,11
6.25,C6_L-Rhamnose,11
6.5,C6_L-Rhamnose,11
6.75,C6_L-Rhamnose,11
7.0,C6_L-Rhamnose,11
7.25,C6_L-Rhamnose,11
7.5,C6_L-Rhamnose,11
7.75,C6_L-Rhamnose,11
8.0,C6_L-Rhamnose,11
8.25,C6_L-Rhamnose,11
8.5,C6_L-Rhamnose,11
8.75,C6_L-Rhamnose,11
9.0,C6_L-Rhamnose,11
9.25,C6_L-Rhamnose,11
9.5,C6_L-Rhamnose,11
9.75,C6_L-Rhamnose,11
10.0,C6_L-Rhamnose,11
10.25,C6_L-Rhamnose,11
10.5,C6_L-Rhamnose,11
10.75,C6_L-Rhamnose,12
11.0,C6_L-Rhamnose,14
11.25,C6_L-Rhamnose,11
11.5,C6_L-Rhamnose,11
11.75,C6_L-Rhamnose,11
12.0,C6_L-Rhamnose,11
12.25,C6_L-Rhamnose,11
12.5,C6_L-Rhamnose,13
12.75,C6_L-Rhamnose,14
13.0,C6_L-Rhamnose,12
13.25,C6_L-Rhamnose,11
13.5,C6_L-Rhamnose,12
13.75,C6_L-Rhamnose,13
14.0,C6_L-Rhamnose,11
14.25,C6_L-Rhamnose,14
14.5,C6_L-Rhamnose,11
14.75,C6_L-Rhamnose,14
15.0,C6_L-Rhamnose,13
15.25,C6_L-Rhamnose,11
15.5,C6_L-Rhamnose,12
15.75,C6_L-Rhamnose,15
16.0,C6_L-Rhamnose,15
16.25,C6_L-Rhamnose,15
16.5,C6_L-Rhamnose,11
16.75,C6_L-Rhamnose,12
17.0,C6_L-Rhamnose,15
17.25,C6_L-Rhamnose,16
17.5,C6_L-Rhamnose,18
17.75,C6_L-Rhamnose,15
18.0,C6_L-Rhamnose,11
18.25,C6_L-Rhamnose,11
18.5,C6_L-Rhamnose,16
18.75,C6_L-Rhamnose,16
19.0,C6_L-Rhamnose,12
19.25,C6_L-Rhamnose,13
19.5,C6_L-Rhamnose,13
19.75,C6_L-Rhamnose,16
20.0,C6_L-Rhamnose,17
20.25,C6_L-Rhamnose,18
20.5,C6_L-Rhamnose,18
20.75,C6_L-Rhamnose,19
21.0,C6_L-Rhamnose,20
21.25,C6_L-Rhamnose,17
21.5,C6_L-Rhamnose,20
21.75,C6_L-Rhamnose,17
22.0,C6_L-Rhamnose,16
22.25,C6_L-Rhamnose,17
22.5,C6_L-Rhamnose,17
22.75,C6_L-Rhamnose,16
23.0,C6_L-Rhamnose,16
23.25,C6_L-Rhamnose,18
23.5,C6_L-Rhamnose,18
23.75,C6_L-Rhamnose,20
24.0,C6_L-Rhamnose,16
24.25,C6_L-Rhamnose,17
24.5,C6_L-Rhamnose,18
24.75,C6_L-Rhamnose,16
25.0,C6_L-Rhamnose,24
25.25,C6_L-Rhamnose,17
25.5,C6_L-Rhamnose,19
25.75,C6_L-Rhamnose,17
26.0,C6_L-Rhamnose,14
26.25,C6_L-Rhamnose,20
26.5,C6_L-Rhamnose,16
26.75,C6_L-Rhamnose,19
27.0,C6_L-Rhamnose,21
27.25,C6_L-Rhamnose,18
27.5,C6_L-Rhamnose,20
27.75,C6_L-Rhamnose,20
28.0,C6_L-Rhamnose,18
28.25,C6_L-Rhamnose,17
28.5,C6_L-Rhamnose,20
28.75,C6_L-Rhamnose,19
29.0,C6_L-Rhamnose,17
29.25,C6_L-Rhamnose,19
29.5,C6_L-Rhamnose,19
29.75,C6_L-Rhamnose,17
30.0,C6_L-Rhamnose,16
30.25,C6_L-Rhamnose,18
30.5,C6_L-Rhamnose,21
30.75,C6_L-Rhamnose,19
31.0,C6_L-Rhamnose,19
31.25,C6_L-Rhamnose,17
31.5,C6_L-Rhamnose,18
31.75,C6_L-Rhamnose,16
32.0,C6_L-Rhamnose,17
32.25,C6_L-Rhamnose,18
32.5,C6_L-Rhamnose,19
32.75,C6_L-Rhamnose,17
33.0,C6_L-Rhamnose,19
33.25,C6_L-Rhamnose,19
33.5,C6_L-Rhamnose,15
33.75,C6_L-Rhamnose,20
34.0,C6_L-Rhamnose,15
34.25,C6_L-Rhamnose,21
34.5,C6_L-Rhamnose,20
34.75,C6_L-Rhamnose,18
35.0,C6_L-Rhamnose,17
35.25,C6_L-Rhamnose,17
35.5,C6_L-Rhamnose,14
35.75,C6_L-Rhamnose,21
36.0,C6_L-Rhamnose,18
36.25,C6_L-Rhamnose,16
36.5,C6_L-Rhamnose,20
36.75,C6_L-Rhamnose,22
37.0,C6_L-Rhamnose,17
37.25,C6_L-Rhamnose,17
37.5,C6_L-Rhamnose,19
37.75,C6_L-Rhamnose,17
38.0,C6_L-Rhamnose,16
38.25,C6_L-Rhamnose,18
38.5,C6_L-Rhamnose,17
38.75,C6_L-Rhamnose,17
39.0,C6_L-Rhamnose,18
39.25,C6_L-Rhamnose,17
39.5,C6_L-Rhamnose,17
39.75,C6_L-Rhamnose,20
40.0,C6_L-Rhamnose,13
40.25,C6_L-Rhamnose,16
40.5,C6_L-Rhamnose,15
40.75,C6_L-Rhamnose,23
41.0,C6_L-Rhamnose,16
41.25,C6_L-Rhamnose,19
41.5,C6_L-Rhamnose,18
41.75,C6_L-Rhamnose,20
42.0,C6_L-Rhamnose,21
42.25,C6_L-Rhamnose,20
42.5,C6_L-Rhamnose,18
42.75,C6_L-Rhamnose,20
43.0,C6_L-Rhamnose,19
43.25,C6_L-Rhamnose,17
43.5,C6_L-Rhamnose,17
43.75,C6_L-Rhamnose,19
44.0,C6_L-Rhamnose,20
44.25,C6_L-Rhamnose,18
44.5,C6_L-Rhamnose,17
44.75,C6_L-Rhamnose,14
45.0,C6_L-Rhamnose,18
45.25,C6_L-Rhamnose,18
45.5,C6_L-Rhamnose,18
45.75,C6_L-Rhamnose,20
46.0,C6_L-Rhamnose,18
46.25,C6_L-Rhamnose,21
46.5,C6_L-Rhamnose,19
46.75,C6_L-Rhamnose,20
47.0,C6_L-Rhamnose,22
47.25,C6_L-Rhamnose,18
47.5,C6_L-Rhamnose,20
47.75,C6_L-Rhamnose,23
48.0,C6_L-Rhamnose,17
48.25,C6_L-Rhamnose,21
0.0,C7_D-Fructose,11
0.25,C7_D-Fructose,11
0.5,C7_D-Fructose,11
0.75,C7_D-Fructose,11
1.0,C7_D-Fructose,11
1.25,C7_D-Fructose,11
1.5,C7_D-Fructose,11
1.75,C7_D-Fructose,11
2.0,C7_D-Fructose,11
2.25,C7_D-Fructose,11
2.5,C7_D-Fructose,11
2.75,C7_D-Fructose,11
3.0,C7_D-Fructose,11
3.25,C7_D-Fructose,11
3.5,C7_D-Fructose,11
3.75,C7_D-Fructose,11
4.0,C7_D-Fructose,12
4.25,C7_D-Fructose,11
4.5,C7_D-Fructose,11
4.75,C7_D-Fructose,11
5.0,C7_D-Fructose,11
5.25,C7_D-Fructose,11
5.5,C7_D-Fructose,11
5.75,C7_D-Fructose,11
6.0,C7_D-Fructose,11
6.25,C7_D-Fructose,11
6.5,C7_D-Fructose,11
6.75,C7_D-Fructose,11
7.0,C7_D-Fructose,11
7.25,C7_D-Fructose,12
7.5,C7_D-Fructose,11
7.75,C7_D-Fructose,11
8.0,C7_D-Fructose,12
8.25,C7_D-Fructose,11
8.5,C7_D-Fructose,11
8.75,C7_D-Fructose,11
9.0,C7_D-Fructose,11
9.25,C7_D-Fructose,12
9.5,C7_D-Fructose,11
9.75,C7_D-Fructose,11
10.0,C7_D-Fructose,11
10.25,C7_D-Fructose,11
10.5,C7_D-Fructose,11
10.75,C7_D-Fructose,12
11.0,C7_D-Fructose,11
11.25,C7_D-Fructose,11
11.5,C7_D-Fructose,11
11.75,C7_D-Fructose,11
12.0,C7_D-Fructose,14
12.25,C7_D-Fructose,11
12.5,C7_D-Fructose,11
12.75,C7_D-Fructose,11
13.0,C7_D-Fructose,15
13.25,C7_D-Fructose,11
13.5,C7_D-Fructose,15
13.75,C7_D-Fructose,15
14.0,C7_D-Fructose,15
14.25,C7_D-Fructose,11
14.5,C7_D-Fructose,11
14.75,C7_D-Fructose,15
15.0,C7_D-Fructose,14
15.25,C7_D-Fructose,12
15.5,C7_D-Fructose,14
15.75,C7_D-Fructose,17
16.0,C7_D-Fructose,11
16.25,C7_D-Fructose,11
16.5,C7_D-Fructose,11
16.75,C7_D-Fructose,11
17.0,C7_D-Fructose,13
17.25,C7_D-Fructose,12
17.5,C7_D-Fructose,15
17.75,C7_D-Fructose,11
18.0,C7_D-Fructose,13
18.25,C7_D-Fructose,16
18.5,C7_D-Fructose,17
18.75,C7_D-Fructose,15
19.0,C7_D-Fructose,11
19.25,C7_D-Fructose,14
19.5,C7_D-Fructose,18
19.75,C7_D-Fructose,15
20.0,C7_D-Fructose,15
20.25,C7_D-Fructose,16
20.5,C7_D-Fructose,13
20.75,C7_D-Fructose,16
21.0,C7_D-Fructose,13
21.25,C7_D-Fructose,13
21.5,C7_D-Fructose,12
21.75,C7_D-Fructose,15
22.0,C7_D-Fructose,17
22.25,C7_D-Fructose,15
22.5,C7_D-Fructose,18
22.75,C7_D-Fructose,19
23.0,C7_D-Fructose,14
23.25,C7_D-Fructose,15
23.5,C7_D-Fructose,18
23.75,C7_D-Fructose,16
24.0,C7_D-Fructose,15
24.25,C7_D-Fructose,19
24.5,C7_D-Fructose,17
24.75,C7_D-Fructose,13
25.0,C7_D-Fructose,18
25.25,C7_D-Fructose,15
25.5,C7_D-Fructose,23
25.75,C7_D-Fructose,17
26.0,C7_D-Fructose,14
26.25,C7_D-Fructose,14
26.5,C7_D-Fructose,21
26.75,C7_D-Fructose,17
27.0,C7_D-Fructose,20
27.25,C7_D-Fructose,17
27.5,C7_D-Fructose,17
27.75,C7_D-Fructose,17
28.0,C7_D-Fructose,12
28.25,C7_D-Fructose,17
28.5,C7_D-Fructose,17
28.75,C7_D-Fructose,15
29.0,C7_D-Fructose,20
29.25,C7_D-Fructose,17
29.5,C7_D-Fructose,19
29.75,C7_D-Fructose,17
30.0,C7_D-Fructose,16
30.25,C7_D-Fructose,13
30.5,C7_D-Fructose,18
30.75,C7_D-Fructose,13
31.0,C7_D-Fructose,17
31.25,C7_D-Fructose,18
31.5,C7_D-Fructose,22
31.75,C7_D-Fructose,20
32.0,C7_D-Fructose,16
32.25,C7_D-Fructose,18
32.5,C7_D-Fructose,18
32.75,C7_D-Fructose,16
33.0,C7_D-Fructose,19
33.25,C7_D-Fructose,17
33.5,C7_D-Fructose,17
33.75,C7_D-Fructose,16
34.0,C7_D-Fructose,18
34.25,C7_D-Fructose,17
34.5,C7_D-Fructose,21
34.75,C7_D-Fructose,16
35.0,C7_D-Fructose,12
35.25,C7_D-Fructose,18
35.5,C7_D-Fructose,16
35.75,C7_D-Fructose,16
36.0,C7_D-Fructose,18
36.25,C7_D-Fructose,18
36.5,C7_D-Fructose,16
36.75,C7_D-Fructose,16
37.0,C7_D-Fructose,17
37.25,C7_D-Fructose,17
37.5,C7_D-Fructose,15
37.75,C7_D-Fructose,20
38.0,C7_D-Fructose,14
38.25,C7_D-Fructose,18
38.5,C7_D-Fructose,19
38.75,C7_D-Fructose,17
39.0,C7_D-Fructose,16
39.25,C7_D-Fructose,18
39.5,C7_D-Fructose,16
39.75,C7_D-Fructose,18
40.0,C7_D-Fructose,18
40.25,C7_D-Fructose,18
40.5,C7_D-Fructose,15
40.75,C7_D-Fructose,18
41.0,C7_D-Fructose,16
41.25,C7_D-Fructose,16
41.5,C7_D-Fructose,17
41.75,C7_D-Fructose,11
42.0,C7_D-Fructose,20
42.25,C7_D-Fructose,20
42.5,C7_D-Fructose,19
42.75,C7_D-Fructose,15
43.0,C7_D-Fructose,11
43.25,C7_D-Fructose,18
43.5,C7_D-Fructose,15
43.75,C7_D-Fructose,20
44.0,C7_D-Fructose,14
44.25,C7_D-Fructose,17
44.5,C7_D-Fructose,14
44.75,C7_D-Fructose,17
45.0,C7_D-Fructose,14
45.25,C7_D-Fructose,15
45.5,C7_D-Fructose,15
45.75,C7_D-Fructose,15
46.0,C7_D-Fructose,17
46.25,C7_D-Fructose,17
46.5,C7_D-Fructose,18
46.75,C7_D-Fructose,19
47.0,C7_D-Fructose,15
47.25,C7_D-Fructose,18
47.5,C7_D-Fructose,20
47.75,C7_D-Fructose,19
48.0,C7_D-Fructose,17
48.25,C7_D-Fructose,14
0.0,C8_Acetic_Acid,13
0.25,C8_Acetic_Acid,11
0.5,C8_Acetic_Acid,11
0.75,C8_Acetic_Acid,11
1.0,C8_Acetic_Acid,11
1.25,C8_Acetic_Acid,11
1.5,C8_Acetic_Acid,12
1.75,C8_Acetic_Acid,11
2.0,C8_Acetic_Acid,18
2.25,C8_Acetic_Acid,20
2.5,C8_Acetic_Acid,11
2.75,C8_Acetic_Acid,11
3.0,C8_Acetic_Acid,11
3.25,C8_Acetic_Acid,11
3.5,C8_Acetic_Acid,12
3.75,C8_Acetic_Acid,13
4.0,C8_Acetic_Acid,11
4.25,C8_Acetic_Acid,11
4.5,C8_Acetic_Acid,11
4.75,C8_Acetic_Acid,11
5.0,C8_Acetic_Acid,13
5.25,C8_Acetic_Acid,13
5.5,C8_Acetic_Acid,11
5.75,C8_Acetic_Acid,11
6.0,C8_Acetic_Acid,14
6.25,C8_Acetic_Acid,11
6.5,C8_Acetic_Acid,11
6.75,C8_Acetic_Acid,11
7.0,C8_Acetic_Acid,11
7.25,C8_Acetic_Acid,11
7.5,C8_Acetic_Acid,11
7.75,C8_Acetic_Acid,11
8.0,C8_Acetic_Acid,11
8.25,C8_Acetic_Acid,12
8.5,C8_Acetic_Acid,11
8.75,C8_Acetic_Acid,11
9.0,C8_Acetic_Acid,11
9.25,C8_Acetic_Acid,20
9.5,C8_Acetic_Acid,14
9.75,C8_Acetic_Acid,14
10.0,C8_Acetic_Acid,11
10.25,C8_Acetic_Acid,15
10.5,C8_Acetic_Acid,11
10.75,C8_Acetic_Acid,11
11.0,C8_Acetic_Acid,13
11.25,C8_Acetic_Acid,14
11.5,C8_Acetic_Acid,11
11.75,C8_Acetic_Acid,16
12.0,C8_Acetic_Acid,16
12.25,C8_Acetic_Acid,11
12.5,C8_Acetic_Acid,11
12.75,C8_Acetic_Acid,16
13.0,C8_Acetic_Acid,11
13.25,C8_Acetic_Acid,13
13.5,C8_Acetic_Acid,13
13.75,C8_Acetic_Acid,15
14.0,C8_Acetic_Acid,12
14.25,C8_Acetic_Acid,14
14.5,C8_Acetic_Acid,13
14.75,C8_Acetic_Acid,19
15.0,C8_Acetic_Acid,14
15.25,C8_Acetic_Acid,13
15.5,C8_Acetic_Acid,15
15.75,C8_Acetic_Acid,12
16.0,C8_Acetic_Acid,11
16.25,C8_Acetic_Acid,11
16.5,C8_Acetic_Acid,12
16.75,C8_Acetic_Acid,14
17.0,C8_Acetic_Acid,16
17.25,C8_Acetic_Acid,15
17.5,C8_Acetic_Acid,18
17.75,C8_Acetic_Acid,17
18.0,C8_Acetic_Acid,19
18.25,C8_Acetic_Acid,17
18.5,C8_Acetic_Acid,17
18.75,C8_Acetic_Acid,16
19.0,C8_Acetic_Acid,11
19.25,C8_Acetic_Acid,18
19.5,C8_Acetic_Acid,23
19.75,C8_Acetic_Acid,21
20.0,C8_Acetic_Acid,22
20.25,C8_Acetic_Acid,14
20.5,C8_Acetic_Acid,16
20.75,C8_Acetic_Acid,17
21.0,C8_Acetic_Acid,18
21.25,C8_Acetic_Acid,18
21.5,C8_Acetic_Acid,15
21.75,C8_Acetic_Acid,20
22.0,C8_Acetic_Acid,20
22.25,C8_Acetic_Acid,19
22.5,C8_Acetic_Acid,19
22.75,C8_Acetic_Acid,18
23.0,C8_Acetic_Acid,16
23.25,C8_Acetic_Acid,17
23.5,C8_Acetic_Acid,19
23.75,C8_Acetic_Acid,14
24.0,C8_Acetic_Acid,17
24.25,C8_Acetic_Acid,18
24.5,C8_Acetic_Acid,17
24.75,C8_Acetic_Acid,23
25.0,C8_Acetic_Acid,17
25.25,C8_Acetic_Acid,20
25.5,C8_Acetic_Acid,19
25.75,C8_Acetic_Acid,20
26.0,C8_Acetic_Acid,21
26.25,C8_Acetic_Acid,24
26.5,C8_Acetic_Acid,20
26.75,C8_Acetic_Acid,21
27.0,C8_Acetic_Acid,24
27.25,C8_Acetic_Acid,19
27.5,C8_Acetic_Acid,19
27.75,C8_Acetic_Acid,22
28.0,C8_Acetic_Acid,21
28.25,C8_Acetic_Acid,24
28.5,C8_Acetic_Acid,24
28.75,C8_Acetic_Acid,21
29.0,C8_Acetic_Acid,22
29.25,C8_Acetic_Acid,24
29.5,C8_Acetic_Acid,23
29.75,C8_Acetic_Acid,25
30.0,C8_Acetic_Acid,27
30.25,C8_Acetic_Acid,21
30.5,C8_Acetic_Acid,23
30.75,C8_Acetic_Acid,26
31.0,C8_Acetic_Acid,26
31.25,C8_Acetic_Acid,24
31.5,C8_Acetic_Acid,23
31.75,C8_Acetic_Acid,23
32.0,C8_Acetic_Acid,27
32.25,C8_Acetic_Acid,26
32.5,C8_Acetic_Acid,23
32.75,C8_Acetic_Acid,24
33.0,C8_Acetic_Acid,25
33.25,C8_Acetic_Acid,24
33.5,C8_Acetic_Acid,20
33.75,C8_Acetic_Acid,27
34.0,C8_Acetic_Acid,27
34.25,C8_Acetic_Acid,27
34.5,C8_Acetic_Acid,21
34.75,C8_Acetic_Acid,26
35.0,C8_Acetic_Acid,27
35.25,C8_Acetic_Acid,26
35.5,C8_Acetic_Acid,24
35.75,C8_Acetic_Acid,25
36.0,C8_Acetic_Acid,25
36.25,C8_Acetic_Acid,24
36.5,C8_Acetic_Acid,27
36.75,C8_Acetic_Acid,29
37.0,C8_Acetic_Acid,27
37.25,C8_Acetic_Acid,23
37.5,C8_Acetic_Acid,24
37.75,C8_Acetic_Acid,28
38.0,C8_Acetic_Acid,30
38.25,C8_Acetic_Acid,28
38.5,C8_Acetic_Acid,31
38.75,C8_Acetic_Acid,26
39.0,C8_Acetic_Acid,30
39.25,C8_Acetic_Acid,29
39.5,C8_Acetic_Acid,27
39.75,C8_Acetic_Acid,31
40.0,C8_Acetic_Acid,27
40.25,C8_Acetic_Acid,28
40.5,C8_Acetic_Acid,26
40.75,C8_Acetic_Acid,32
41.0,C8_Acetic_Acid,27
41.25,C8_Acetic_Acid,29
41.5,C8_Acetic_Acid,30
41.75,C8_Acetic_Acid,28
42.0,C8_Acetic_Acid,30
42.25,C8_Acetic_Acid,30
42.5,C8_Acetic_Acid,28
42.75,C8_Acetic_Acid,29
43.0,C8_Acetic_Acid,29
43.25,C8_Acetic_Acid,27
43.5,C8_Acetic_Acid,27
43.75,C8_Acetic_Acid,29
44.0,C8_Acetic_Acid,32
44.25,C8_Acetic_Acid,34
44.5,C8_Acetic_Acid,29
44.75,C8_Acetic_Acid,31
45.0,C8_Acetic_Acid,30
45.25,C8_Acetic_Acid,30
45.5,C8_Acetic_Acid,30
45.75,C8_Acetic_Acid,31
46.0,C8_Acetic_Acid,30
46.25,C8_Acetic_Acid,34
46.5,C8_Acetic_Acid,32
46.75,C8_Acetic_Acid,30
47.0,C8_Acetic_Acid,39
47.25,C8_Acetic_Acid,33
47.5,C8_Acetic_Acid,34
47.75,C8_Acetic_Acid,29
48.0,C8_Acetic_Acid,33
48.25,C8_Acetic_Acid,35
0.0,C9_a-D-Glucose,11
0.25,C9_a-D-Glucose,11
0.5,C9_a-D-Glucose,12
0.75,C9_a-D-Glucose,12
1.0,C9_a-D-Glucose,11
1.25,C9_a-D-Glucose,11
1.5,C9_a-D-Glucose,11
1.75,C9_a-D-Glucose,11
2.0,C9_a-D-Glucose,11
2.25,C9_a-D-Glucose,11
2.5,C9_a-D-Glucose,11
2.75,C9_a-D-Glucose,11
3.0,C9_a-D-Glucose,11
3.25,C9_a-D-Glucose,11
3.5,C9_a-D-Glucose,13
3.75,C9_a-D-Glucose,11
4.0,C9_a-D-Glucose,12
4.25,C9_a-D-Glucose,11
4.5,C9_a-D-Glucose,11
4.75,C9_a-D-Glucose,11
5.0,C9_a-D-Glucose,12
5.25,C9_a-D-Glucose,11
5.5,C9_a-D-Glucose,11
5.75,C9_a-D-Glucose,11
6.0,C9_a-D-Glucose,11
6.25,C9_a-D-Glucose,11
6.5,C9_a-D-Glucose,11
6.75,C9_a-D-Glucose,11
7.0,C9_a-D-Glucose,11
7.25,C9_a-D-Glucose,11
7.5,C9_a-D-Glucose,11
7.75,C9_a-D-Glucose,11
8.0,C9_a-D-Glucose,13
8.25,C9_a-D-Glucose,13
8.5,C9_a-D-Glucose,11
8.75,C9_a-D-Glucose,11
9.0,C9_a-D-Glucose,11
9.25,C9_a-D-Glucose,15
9.5,C9_a-D-Glucose,11
9.75,C9_a-D-Glucose,11
10.0,C9_a-D-Glucose,11
10.25,C9_a-D-Glucose,11
10.5,C9_a-D-Glucose,11
10.75,C9_a-D-Glucose,13
11.0,C9_a-D-Glucose,11
11.25,C9_a-D-Glucose,15
11.5,C9_a-D-Glucose,13
11.75,C9_a-D-Glucose,15
12.0,C9_a-D-Glucose,11
12.25,C9_a-D-Glucose,14
12.5,C9_a-D-Glucose,15
12.75,C9_a-D-Glucose,13
13.0,C9_a-D-Glucose,13
13.25,C9_a-D-Glucose,14
13.5,C9_a-D-Glucose,13
13.75,C9_a-D-Glucose,13
14.0,C9_a-D-Glucose,13
14.25,C9_a-D-Glucose,16
14.5,C9_a-D-Glucose,16
14.75,C9_a-D-Glucose,11
15.0,C9_a-D-Glucose,12
15.25,C9_a-D-Glucose,12
15.5,C9_a-D-Glucose,13
15.75,C9_a-D-Glucose,17
16.0,C9_a-D-Glucose,17
16.25,C9_a-D-Glucose,18
16.5,C9_a-D-Glucose,11
16.75,C9_a-D-Glucose,15
17.0,C9_a-D-Glucose,19
17.25,C9_a-D-Glucose,20
17.5,C9_a-D-Glucose,19
17.75,C9_a-D-Glucose,18
18.0,C9_a-D-Glucose,14
18.25,C9_a-D-Glucose,19
18.5,C9_a-D-Glucose,20
18.75,C9_a-D-Glucose,16
19.0,C9_a-D-Glucose,15
19.25,C9_a-D-Glucose,19
19.5,C9_a-D-Glucose,18
19.75,C9_a-D-Glucose,19
20.0,C9_a-D-Glucose,20
20.25,C9_a-D-Glucose,19
20.5,C9_a-D-Glucose,19
20.75,C9_a-D-Glucose,19
21.0,C9_a-D-Glucose,18
21.25,C9_a-D-Glucose,21
21.5,C9_a-D-Glucose,16
21.75,C9_a-D-Glucose,18
22.0,C9_a-D-Glucose,24
22.25,C9_a-D-Glucose,19
22.5,C9_a-D-Glucose,24
22.75,C9_a-D-Glucose,19
23.0,C9_a-D-Glucose,17
23.25,C9_a-D-Glucose,20
23.5,C9_a-D-Glucose,17
23.75,C9_a-D-Glucose,23
24.0,C9_a-D-Glucose,18
24.25,C9_a-D-Glucose,21
24.5,C9_a-D-Glucose,19
24.75,C9_a-D-Glucose,17
25.0,C9_a-D-Glucose,21
25.25,C9_a-D-Glucose,17
25.5,C9_a-D-Glucose,23
25.75,C9_a-D-Glucose,21
26.0,C9_a-D-Glucose,18
26.25,C9_a-D-Glucose,18
26.5,C9_a-D-Glucose,20
26.75,C9_a-D-Glucose,20
27.0,C9_a-D-Glucose,21
27.25,C9_a-D-Glucose,18
27.5,C9_a-D-Glucose,17
27.75,C9_a-D-Glucose,17
28.0,C9_a-D-Glucose,23
28.25,C9_a-D-Glucose,21
28.5,C9_a-D-Glucose,18
28.75,C9_a-D-Glucose,20
29.0,C9_a-D-Glucose,19
29.25,C9_a-D-Glucose,16
29.5,C9_a-D-Glucose,21
29.75,C9_a-D-Glucose,19
30.0,C9_a-D-Glucose,18
30.25,C9_a-D-Glucose,20
30.5,C9_a-D-Glucose,17
30.75,C9_a-D-Glucose,18
31.0,C9_a-D-Glucose,18
31.25,C9_a-D-Glucose,19
31.5,C9_a-D-Glucose,20
31.75,C9_a-D-Glucose,22
32.0,C9_a-D-Glucose,17
32.25,C9_a-D-Glucose,18
32.5,C9_a-D-Glucose,21
32.75,C9_a-D-Glucose,19
33.0,C9_a-D-Glucose,20
33.25,C9_a-D-Glucose,21
33.5,C9_a-D-Glucose,20
33.75,C9_a-D-Glucose,22
34.0,C9_a-D-Glucose,13
34.25,C9_a-D-Glucose,19
34.5,C9_a-D-Glucose,24
34.75,C9_a-D-Glucose,22
35.0,C9_a-D-Glucose,19
35.25,C9_a-D-Glucose,18
35.5,C9_a-D-Glucose,22
35.75,C9_a-D-Glucose,22
36.0,C9_a-D-Glucose,19
36.25,C9_a-D-Glucose,17
36.5,C9_a-D-Glucose,21
36.75,C9_a-D-Glucose,21
37.0,C9_a-D-Glucose,19
37.25,C9_a-D-Glucose,17
37.5,C9_a-D-Glucose,18
37.75,C9_a-D-Glucose,21
38.0,C9_a-D-Glucose,18
38.25,C9_a-D-Glucose,17
38.5,C9_a-D-Glucose,20
38.75,C9_a-D-Glucose,19
39.0,C9_a-D-Glucose,17
39.25,C9_a-D-Glucose,18
39.5,C9_a-D-Glucose,18
39.75,C9_a-D-Glucose,17
40.0,C9_a-D-Glucose,19
40.25,C9_a-D-Glucose,17
40.5,C9_a-D-Glucose,16
40.75,C9_a-D-Glucose,20
41.0,C9_a-D-Glucose,18
41.25,C9_a-D-Glucose,21
41.5,C9_a-D-Glucose,17
41.75,C9_a-D-Glucose,17
42.0,C9_a-D-Glucose,21
42.25,C9_a-D-Glucose,19
42.5,C9_a-D-Glucose,17
42.75,C9_a-D-Glucose,18
43.0,C9_a-D-Glucose,16
43.25,C9_a-D-Glucose,14
43.5,C9_a-D-Glucose,18
43.75,C9_a-D-Glucose,18
44.0,C9_a-D-Glucose,24
44.25,C9_a-D-Glucose,19
44.5,C9_a-D-Glucose,14
44.75,C9_a-D-Glucose,15
45.0,C9_a-D-Glucose,12
45.25,C9_a-D-Glucose,16
45.5,C9_a-D-Glucose,19
45.75,C9_a-D-Glucose,18
46.0,C9_a-D-Glucose,14
46.25,C9_a-D-Glucose,22
46.5,C9_a-D-Glucose,16
46.75,C9_a-D-Glucose,19
47.0,C9_a-D-Glucose,15
47.25,C9_a-D-Glucose,17
47.5,C9_a-D-Glucose,20
47.75,C9_a-D-Glucose,18
48.0,C9_a-D-Glucose,17
48.25,C9_a-D-Glucose,26
0.0,C10_Maltose,11
0.25,C10_Maltose,11
0.5,C10_Maltose,11
0.75,C10_Maltose,11
1.0,C10_Maltose,11
1.25,C10_Maltose,11
1.5,C10_Maltose,11
1.75,C10_Maltose,11
2.0,C10_Maltose,12
2.25,C10_Maltose,11
2.5,C10_Maltose,11
2.75,C10_Maltose,11
3.0,C10_Maltose,11
3.25,C10_Maltose,11
3.5,C10_Maltose,11
3.75,C10_Maltose,11
4.0,C10_Maltose,11
4.25,C10_Maltose,11
4.5,C10_Maltose,11
4.75,C10_Maltose,11
5.0,C10_Maltose,11
5.25,C10_Maltose,11
5.5,C10_Maltose,11
5.75,C10_Maltose,11
6.0,C10_Maltose,11
6.25,C10_Maltose,11
6.5,C10_Maltose,11
6.75,C10_Maltose,12
7.0,C10_Maltose,11
7.25,C10_Maltose,11
7.5,C10_Maltose,11
7.75,C10_Maltose,11
8.0,C10_Maltose,15
8.25,C10_Maltose,11
8.5,C10_Maltose,11
8.75,C10_Maltose,11
9.0,C10_Maltose,11
9.25,C10_Maltose,11
9.5,C10_Maltose,13
9.75,C10_Maltose,11
10.0,C10_Maltose,11
10.25,C10_Maltose,11
10.5,C10_Maltose,12
10.75,C10_Maltose,14
11.0,C10_Maltose,15
11.25,C10_Maltose,11
11.5,C10_Maltose,13
11.75,C10_Maltose,11
12.0,C10_Maltose,13
12.25,C10_Maltose,11
12.5,C10_Maltose,13
12.75,C10_Maltose,17
13.0,C10_Maltose,12
13.25,C10_Maltose,11
13.5,C10_Maltose,14
13.75,C10_Maltose,13
14.0,C10_Maltose,13
14.25,C10_Maltose,12
14.5,C10_Maltose,13
14.75,C10_Maltose,16
15.0,C10_Maltose,14
15.25,C10_Maltose,15
15.5,C10_Maltose,15
15.75,C10_Maltose,16
16.0,C10_Maltose,19
16.25,C10_Maltose,17
16.5,C10_Maltose,18
16.75,C10_Maltose,22
17.0,C10_Maltose,21
17.25,C10_Maltose,24
17.5,C10_Maltose,23
17.75,C10_Maltose,19
18.0,C10_Maltose,15
18.25,C10_Maltose,20
18.5,C10_Maltose,23
18.75,C10_Maltose,24
19.0,C10_Maltose,22
19.25,C10_Maltose,23
19.5,C10_Maltose,19
19.75,C10_Maltose,20
20.0,C10_Maltose,18
20.25,C10_Maltose,27
20.5,C10_Maltose,29
20.75,C10_Maltose,24
21.0,C10_Maltose,20
21.25,C10_Maltose,32
21.5,C10_Maltose,27
21.75,C10_Maltose,24
22.0,C10_Maltose,28
22.25,C10_Maltose,27
22.5,C10_Maltose,28
22.75,C10_Maltose,30
23.0,C10_Maltose,29
23.25,C10_Maltose,27
23.5,C10_Maltose,31
23.75,C10_Maltose,31
24.0,C10_Maltose,28
24.25,C10_Maltose,30
24.5,C10_Maltose,30
24.75,C10_Maltose,30
25.0,C10_Maltose,36
25.25,C10_Maltose,31
25.5,C10_Maltose,33
25.75,C10_Maltose,32
26.0,C10_Maltose,30
26.25,C10_Maltose,34
26.5,C10_Maltose,36
26.75,C10_Maltose,38
27.0,C10_Maltose,35
27.25,C10_Maltose,37
27.5,C10_Maltose,37
27.75,C10_Maltose,38
28.0,C10_Maltose,39
28.25,C10_Maltose,43
28.5,C10_Maltose,42
28.75,C10_Maltose,40
29.0,C10_Maltose,35
29.25,C10_Maltose,35
29.5,C10_Maltose,33
29.75,C10_Maltose,34
30.0,C10_Maltose,34
30.25,C10_Maltose,38
30.5,C10_Maltose,36
30.75,C10_Maltose,33
31.0,C10_Maltose,34
31.25,C10_Maltose,34
31.5,C10_Maltose,36
31.75,C10_Maltose,37
32.0,C10_Maltose,39
32.25,C10_Maltose,36
32.5,C10_Maltose,38
32.75,C10_Maltose,36
33.0,C10_Maltose,35
33.25,C10_Maltose,38
33.5,C10_Maltose,38
33.75,C10_Maltose,42
34.0,C10_Maltose,36
34.25,C10_Maltose,41
34.5,C10_Maltose,44
34.75,C10_Maltose,44
35.0,C10_Maltose,37
35.25,C10_Maltose,41
35.5,C10_Maltose,44
35.75,C10_Maltose,42
36.0,C10_Maltose,44
36.25,C10_Maltose,41
36.5,C10_Maltose,41
36.75,C10_Maltose,46
37.0,C10_Maltose,47
37.25,C10_Maltose,47
37.5,C10_Maltose,45
37.75,C10_Maltose,47
38.0,C10_Maltose,47
38.25,C10_Maltose,46
38.5,C10_Maltose,45
38.75,C10_Maltose,47
39.0,C10_Maltose,50
39.25,C10_Maltose,51
39.5,C10_Maltose,48
39.75,C10_Maltose,52
40.0,C10_Maltose,49
40.25,C10_Maltose,52
40.5,C10_Maltose,51
40.75,C10_Maltose,55
41.0,C10_Maltose,56
41.25,C10_Maltose,58
41.5,C10_Maltose,53
41.75,C10_Maltose,56
42.0,C10_Maltose,60
42.25,C10_Maltose,61
42.5,C10_Maltose,60
42.75,C10_Maltose,57
43.0,C10_Maltose,58
43.25,C10_Maltose,62
43.5,C10_Maltose,61
43.75,C10_Maltose,60
44.0,C10_Maltose,60
44.25,C10_Maltose,66
44.5,C10_Maltose,65
44.75,C10_Maltose,66
45.0,C10_Maltose,64
45.25,C10_Maltose,63
45.5,C10_Maltose,63
45.75,C10_Maltose,61
46.0,C10_Maltose,63
46.25,C10_Maltose,63
46.5,C10_Maltose,62
46.75,C10_Maltose,62
47.0,C10_Maltose,61
47.25,C10_Maltose,60
47.5,C10_Maltose,65
47.75,C10_Maltose,64
48.0,C10_Maltose,65
48.25,C10_Maltose,64
0.0,C11_D-Melibiose,15
0.25,C11_D-Melibiose,11
0.5,C11_D-Melibiose,11
0.75,C11_D-Melibiose,11
1.0,C11_D-Melibiose,11
1.25,C11_D-Melibiose,11
1.5,C11_D-Melibiose,17
1.75,C11_D-Melibiose,11
2.0,C11_D-Melibiose,15
2.25,C11_D-Melibiose,12
2.5,C11_D-Melibiose,11
2.75,C11_D-Melibiose,11
3.0,C11_D-Melibiose,12
3.25,C11_D-Melibiose,11
3.5,C11_D-Melibiose,12
3.75,C11_D-Melibiose,13
4.0,C11_D-Melibiose,11
4.25,C11_D-Melibiose,14
4.5,C11_D-Melibiose,13
4.75,C11_D-Melibiose,13
5.0,C11_D-Melibiose,14
5.25,C11_D-Melibiose,11
5.5,C11_D-Melibiose,11
5.75,C11_D-Melibiose,11
6.0,C11_D-Melibiose,14
6.25,C11_D-Melibiose,11
6.5,C11_D-Melibiose,13
6.75,C11_D-Melibiose,11
7.0,C11_D-Melibiose,14
7.25,C11_D-Melibiose,13
7.5,C11_D-Melibiose,11
7.75,C11_D-Melibiose,11
8.0,C11_D-Melibiose,15
8.25,C11_D-Melibiose,11
8.5,C11_D-Melibiose,11
8.75,C11_D-Melibiose,16
9.0,C11_D-Melibiose,13
9.25,C11_D-Melibiose,12
9.5,C11_D-Melibiose,12
9.75,C11_D-Melibiose,12
10.0,C11_D-Melibiose,13
10.25,C11_D-Melibiose,11
10.5,C11_D-Melibiose,14
10.75,C11_D-Melibiose,12
11.0,C11_D-Melibiose,16
11.25,C11_D-Melibiose,14
11.5,C11_D-Melibiose,13
11.75,C11_D-Melibiose,12
12.0,C11_D-Melibiose,13
12.25,C11_D-Melibiose,14
12.5,C11_D-Melibiose,14
12.75,C11_D-Melibiose,17
13.0,C11_D-Melibiose,11
13.25,C11_D-Melibiose,11
13.5,C11_D-Melibiose,18
13.75,C11_D-Melibiose,15
14.0,C11_D-Melibiose,17
14.25,C11_D-Melibiose,16
14.5,C11_D-Melibiose,16
14.75,C11_D-Melibiose,18
15.0,C11_D-Melibiose,15
15.25,C11_D-Melibiose,11
15.5,C11_D-Melibiose,13
15.75,C11_D-Melibiose,15
16.0,C11_D-Melibiose,19
16.25,C11_D-Melibiose,16
16.5,C11_D-Melibiose,14
16.75,C11_D-Melibiose,13
17.0,C11_D-Melibiose,18
17.25,C11_D-Melibiose,14
17.5,C11_D-Melibiose,17
17.75,C11_D-Melibiose,17
18.0,C11_D-Melibiose,12
18.25,C11_D-Melibiose,17
18.5,C11_D-Melibiose,20
18.75,C11_D-Melibiose,20
19.0,C11_D-Melibiose,15
19.25,C11_D-Melibiose,18
19.5,C11_D-Melibiose,18
19.75,C11_D-Melibiose,20
20.0,C11_D-Melibiose,19
20.25,C11_D-Melibiose,21
20.5,C11_D-Melibiose,23
20.75,C11_D-Melibiose,18
21.0,C11_D-Melibiose,17
21.25,C11_D-Melibiose,18
21.5,C11_D-Melibiose,16
21.75,C11_D-Melibiose,18
22.0,C11_D-Melibiose,21
22.25,C11_D-Melibiose,18
22.5,C11_D-Melibiose,20
22.75,C11_D-Melibiose,18
23.0,C11_D-Melibiose,17
23.25,C11_D-Melibiose,22
23.5,C11_D-Melibiose,20
23.75,C11_D-Melibiose,18
24.0,C11_D-Melibiose,18
24.25,C11_D-Melibiose,19
24.5,C11_D-Melibiose,17
24.75,C11_D-Melibiose,17
25.0,C11_D-Melibiose,20
25.25,C11_D-Melibiose,23
25.5,C11_D-Melibiose,20
25.75,C11_D-Melibiose,23
26.0,C11_D-Melibiose,21
26.25,C11_D-Melibiose,22
26.5,C11_D-Melibiose,22
26.75,C11_D-Melibiose,22
27.0,C11_D-Melibiose,21
27.25,C11_D-Melibiose,19
27.5,C11_D-Melibiose,19
27.75,C11_D-Melibiose,22
28.0,C11_D-Melibiose,15
28.25,C11_D-Melibiose,19
28.5,C11_D-Melibiose,20
28.75,C11_D-Melibiose,20
29.0,C11_D-Melibiose,19
29.25,C11_D-Melibiose,19
29.5,C11_D-Melibiose,22
29.75,C11_D-Melibiose,19
30.0,C11_D-Melibiose,17
30.25,C11_D-Melibiose,19
30.5,C11_D-Melibiose,22
30.75,C11_D-Melibiose,22
31.0,C11_D-Melibiose,20
31.25,C11_D-Melibiose,22
31.5,C11_D-Melibiose,18
31.75,C11_D-Melibiose,18
32.0,C11_D-Melibiose,19
32.25,C11_D-Melibiose,20
32.5,C11_D-Melibiose,19
32.75,C11_D-Melibiose,18
33.0,C11_D-Melibiose,21
33.25,C11_D-Melibiose,21
33.5,C11_D-Melibiose,23
33.75,C11_D-Melibiose,19
34.0,C11_D-Melibiose,19
34.25,C11_D-Melibiose,17
34.5,C11_D-Melibiose,21
34.75,C11_D-Melibiose,20
35.0,C11_D-Melibiose,16
35.25,C11_D-Melibiose,19
35.5,C11_D-Melibiose,21
35.75,C11_D-Melibiose,23
36.0,C11_D-Melibiose,23
36.25,C11_D-Melibiose,16
36.5,C11_D-Melibiose,19
36.75,C11_D-Melibiose,20
37.0,C11_D-Melibiose,21
37.25,C11_D-Melibiose,15
37.5,C11_D-Melibiose,21
37.75,C11_D-Melibiose,22
38.0,C11_D-Melibiose,17
38.25,C11_D-Melibiose,23
38.5,C11_D-Melibiose,20
38.75,C11_D-Melibiose,21
39.0,C11_D-Melibiose,23
39.25,C11_D-Melibiose,20
39.5,C11_D-Melibiose,19
39.75,C11_D-Melibiose,22
40.0,C11_D-Melibiose,19
40.25,C11_D-Melibiose,19
40.5,C11_D-Melibiose,17
40.75,C11_D-Melibiose,19
41.0,C11_D-Melibiose,21
41.25,C11_D-Melibiose,11
41.5,C11_D-Melibiose,20
41.75,C11_D-Melibiose,20
42.0,C11_D-Melibiose,24
42.25,C11_D-Melibiose,21
42.5,C11_D-Melibiose,24
42.75,C11_D-Melibiose,18
43.0,C11_D-Melibiose,17
43.25,C11_D-Melibiose,15
43.5,C11_D-Melibiose,18
43.75,C11_D-Melibiose,24
44.0,C11_D-Melibiose,16
44.25,C11_D-Melibiose,22
44.5,C11_D-Melibiose,17
44.75,C11_D-Melibiose,15
45.0,C11_D-Melibiose,16
45.25,C11_D-Melibiose,20
45.5,C11_D-Melibiose,23
45.75,C11_D-Melibiose,21
46.0,C11_D-Melibiose,16
46.25,C11_D-Melibiose,20
46.5,C11_D-Melibiose,19
46.75,C11_D-Melibiose,20
47.0,C11_D-Melibiose,19
47.25,C11_D-Melibiose,20
47.5,C11_D-Melibiose,21
47.75,C11_D-Melibiose,24
48.0,C11_D-Melibiose,19
48.25,C11_D-Melibiose,22
0.0,C12_Thymidine,20
0.25,C12_Thymidine,19
0.5,C12_Thymidine,20
0.75,C12_Thymidine,17
1.0,C12_Thymidine,19
1.25,C12_Thymidine,19
1.5,C12_Thymidine,18
1.75,C12_Thymidine,16
2.0,C12_Thymidine,18
2.25,C12_Thymidine,15
2.5,C12_Thymidine,16
2.75,C12_Thymidine,18
3.0,C12_Thymidine,18
3.25,C12_Thymidine,11
3.5,C12_Thymidine,16
3.75,C12_Thymidine,16
4.0,C12_Thymidine,15
4.25,C12_Thymidine,16
4.5,C12_Thymidine,17
4.75,C12_Thymidine,15
5.0,C12_Thymidine,16
5.25,C12_Thymidine,14
5.5,C12_Thymidine,13
5.75,C12_Thymidine,15
6.0,C12_Thymidine,20
6.25,C12_Thymidine,16
6.5,C12_Thymidine,16
6.75,C12_Thymidine,13
7.0,C12_Thymidine,17
7.25,C12_Thymidine,21
7.5,C12_Thymidine,13
7.75,C12_Thymidine,13
8.0,C12_Thymidine,18
8.25,C12_Thymidine,16
8.5,C12_Thymidine,14
8.75,C12_Thymidine,20
9.0,C12_Thymidine,18
9.25,C12_Thymidine,17
9.5,C12_Thymidine,17
9.75,C12_Thymidine,18
10.0,C12_Thymidine,21
10.25,C12_Thymidine,15
10.5,C12_Thymidine,21
10.75,C12_Thymidine,20
11.0,C12_Thymidine,21
11.25,C12_Thymidine,17
11.5,C12_Thymidine,18
11.75,C12_Thymidine,14
12.0,C12_Thymidine,21
12.25,C12_Thymidine,19
12.5,C12_Thymidine,22
12.75,C12_Thymidine,21
13.0,C12_Thymidine,13
13.25,C12_Thymidine,16
13.5,C12_Thymidine,24
13.75,C12_Thymidine,17
14.0,C12_Thymidine,21
14.25,C12_Thymidine,21
14.5,C12_Thymidine,17
14.75,C12_Thymidine,22
15.0,C12_Thymidine,18
15.25,C12_Thymidine,15
15.5,C12_Thymidine,18
15.75,C12_Thymidine,18
16.0,C12_Thymidine,27
16.25,C12_Thymidine,22
16.5,C12_Thymidine,16
16.75,C12_Thymidine,16
17.0,C12_Thymidine,25
17.25,C12_Thymidine,19
17.5,C12_Thymidine,24
17.75,C12_Thymidine,18
18.0,C12_Thymidine,19
18.25,C12_Thymidine,23
18.5,C12_Thymidine,24
18.75,C12_Thymidine,20
19.0,C12_Thymidine,21
19.25,C12_Thymidine,22
19.5,C12_Thymidine,24
19.75,C12_Thymidine,24
20.0,C12_Thymidine,23
20.25,C12_Thymidine,23
20.5,C12_Thymidine,24
20.75,C12_Thymidine,20
21.0,C12_Thymidine,24
21.25,C12_Thymidine,25
21.5,C12_Thymidine,22
21.75,C12_Thymidine,25
22.0,C12_Thymidine,27
22.25,C12_Thymidine,23
22.5,C12_Thymidine,29
22.75,C12_Thymidine,27
23.0,C12_Thymidine,27
23.25,C12_Thymidine,26
23.5,C12_Thymidine,28
23.75,C12_Thymidine,26
24.0,C12_Thymidine,25
24.25,C12_Thymidine,29
24.5,C12_Thymidine,25
24.75,C12_Thymidine,23
25.0,C12_Thymidine,27
25.25,C12_Thymidine,25
25.5,C12_Thymidine,26
25.75,C12_Thymidine,27
26.0,C12_Thymidine,22
26.25,C12_Thymidine,25
26.5,C12_Thymidine,28
26.75,C12_Thymidine,26
27.0,C12_Thymidine,28
27.25,C12_Thymidine,28
27.5,C12_Thymidine,28
27.75,C12_Thymidine,28
28.0,C12_Thymidine,30
28.25,C12_Thymidine,31
28.5,C12_Thymidine,31
28.75,C12_Thymidine,29
29.0,C12_Thymidine,23
29.25,C12_Thymidine,30
29.5,C12_Thymidine,28
29.75,C12_Thymidine,25
30.0,C12_Thymidine,25
30.25,C12_Thymidine,30
30.5,C12_Thymidine,29
30.75,C12_Thymidine,24
31.0,C12_Thymidine,24
31.25,C12_Thymidine,27
31.5,C12_Thymidine,31
31.75,C12_Thymidine,30
32.0,C12_Thymidine,29
32.25,C12_Thymidine,30
32.5,C12_Thymidine,26
32.75,C12_Thymidine,27
33.0,C12_Thymidine,26
33.25,C12_Thymidine,27
33.5,C12_Thymidine,25
33.75,C12_Thymidine,30
34.0,C12_Thymidine,27
34.25,C12_Thymidine,25
34.5,C12_Thymidine,26
34.75,C12_Thymidine,29
35.0,C12_Thymidine,30
35.25,C12_Thymidine,27
35.5,C12_Thymidine,29
35.75,C12_Thymidine,28
36.0,C12_Thymidine,29
36.25,C12_Thymidine,26
36.5,C12_Thymidine,28
36.75,C12_Thymidine,30
37.0,C12_Thymidine,29
37.25,C12_Thymidine,28
37.5,C12_Thymidine,24
37.75,C12_Thymidine,30
38.0,C12_Thymidine,26
38.25,C12_Thymidine,25
38.5,C12_Thymidine,26
38.75,C12_Thymidine,31
39.0,C12_Thymidine,24
39.25,C12_Thymidine,29
39.5,C12_Thymidine,27
39.75,C12_Thymidine,30
40.0,C12_Thymidine,28
40.25,C12_Thymidine,29
40.5,C12_Thymidine,26
40.75,C12_Thymidine,30
41.0,C12_Thymidine,26
41.25,C12_Thymidine,27
41.5,C12_Thymidine,26
41.75,C12_Thymidine,24
42.0,C12_Thymidine,30
42.25,C12_Thymidine,29
42.5,C12_Thymidine,25
42.75,C12_Thymidine,29
43.0,C12_Thymidine,25
43.25,C12_Thymidine,28
43.5,C12_Thymidine,30
43.75,C12_Thymidine,24
44.0,C12_Thymidine,25
44.25,C12_Thymidine,26
44.5,C12_Thymidine,25
44.75,C12_Thymidine,26
45.0,C12_Thymidine,25
45.25,C12_Thymidine,27
45.5,C12_Thymidine,27
45.75,C12_Thymidine,27
46.0,C12_Thymidine,27
46.25,C12_Thymidine,29
46.5,C12_Thymidine,27
46.75,C12_Thymidine,28
47.0,C12_Thymidine,29
47.25,C12_Thymidine,26
47.5,C12_Thymidine,29
47.75,C12_Thymidine,29
48.0,C12_Thymidine,33
48.25,C12_Thymidine,31
0.0,D-1_L-Asparagine,16
0.25,D-1_L-Asparagine,14
0.5,D-1_L-Asparagine,13
0.75,D-1_L-Asparagine,11
1.0,D-1_L-Asparagine,11
1.25,D-1_L-Asparagine,11
1.5,D-1_L-Asparagine,11
1.75,D-1_L-Asparagine,12
2.0,D-1_L-Asparagine,11
2.25,D-1_L-Asparagine,11
2.5,D-1_L-Asparagine,11
2.75,D-1_L-Asparagine,11
3.0,D-1_L-Asparagine,11
3.25,D-1_L-Asparagine,12
3.5,D-1_L-Asparagine,11
3.75,D-1_L-Asparagine,11
4.0,D-1_L-Asparagine,11
4.25,D-1_L-Asparagine,11
4.5,D-1_L-Asparagine,12
4.75,D-1_L-Asparagine,14
5.0,D-1_L-Asparagine,14
5.25,D-1_L-Asparagine,13
5.5,D-1_L-Asparagine,11
5.75,D-1_L-Asparagine,11
6.0,D-1_L-Asparagine,11
6.25,D-1_L-Asparagine,11
6.5,D-1_L-Asparagine,12
6.75,D-1_L-Asparagine,11
7.0,D-1_L-Asparagine,12
7.25,D-1_L-Asparagine,12
7.5,D-1_L-Asparagine,11
7.75,D-1_L-Asparagine,11
8.0,D-1_L-Asparagine,11
8.25,D-1_L-Asparagine,11
8.5,D-1_L-Asparagine,11
8.75,D-1_L-Asparagine,11
9.0,D-1_L-Asparagine,11
9.25,D-1_L-Asparagine,11
9.5,D-1_L-Asparagine,11
9.75,D-1_L-Asparagine,11
10.0,D-1_L-Asparagine,11
10.25,D-1_L-Asparagine,11
10.5,D-1_L-Asparagine,11
10.75,D-1_L-Asparagine,13
11.0,D-1_L-Asparagine,11
11.25,D-1_L-Asparagine,11
11.5,D-1_L-Asparagine,14
11.75,D-1_L-Asparagine,13
12.0,D-1_L-Asparagine,14
12.25,D-1_L-Asparagine,16
12.5,D-1_L-Asparagine,16
12.75,D-1_L-Asparagine,15
13.0,D-1_L-Asparagine,11
13.25,D-1_L-Asparagine,14
13.5,D-1_L-Asparagine,17
13.75,D-1_L-Asparagine,17
14.0,D-1_L-Asparagine,15
14.25,D-1_L-Asparagine,15
14.5,D-1_L-Asparagine,17
14.75,D-1_L-Asparagine,17
15.0,D-1_L-Asparagine,12
15.25,D-1_L-Asparagine,15
15.5,D-1_L-Asparagine,15
15.75,D-1_L-Asparagine,15
16.0,D-1_L-Asparagine,17
16.25,D-1_L-Asparagine,16
16.5,D-1_L-Asparagine,15
16.75,D-1_L-Asparagine,15
17.0,D-1_L-Asparagine,21
17.25,D-1_L-Asparagine,19
17.5,D-1_L-Asparagine,25
17.75,D-1_L-Asparagine,22
18.0,D-1_L-Asparagine,17
18.25,D-1_L-Asparagine,22
18.5,D-1_L-Asparagine,21
18.75,D-1_L-Asparagine,21
19.0,D-1_L-Asparagine,25
19.25,D-1_L-Asparagine,21
19.5,D-1_L-Asparagine,25
19.75,D-1_L-Asparagine,21
20.0,D-1_L-Asparagine,27
20.25,D-1_L-Asparagine,25
20.5,D-1_L-Asparagine,26
20.75,D-1_L-Asparagine,24
21.0,D-1_L-Asparagine,21
21.25,D-1_L-Asparagine,25
21.5,D-1_L-Asparagine,30
21.75,D-1_L-Asparagine,26
22.0,D-1_L-Asparagine,23
22.25,D-1_L-Asparagine,28
22.5,D-1_L-Asparagine,25
22.75,D-1_L-Asparagine,27
23.0,D-1_L-Asparagine,23
23.25,D-1_L-Asparagine,28
23.5,D-1_L-Asparagine,34
23.75,D-1_L-Asparagine,26
24.0,D-1_L-Asparagine,28
24.25,D-1_L-Asparagine,31
24.5,D-1_L-Asparagine,28
24.75,D-1_L-Asparagine,28
25.0,D-1_L-Asparagine,31
25.25,D-1_L-Asparagine,28
25.5,D-1_L-Asparagine,32
25.75,D-1_L-Asparagine,28
26.0,D-1_L-Asparagine,24
26.25,D-1_L-Asparagine,29
26.5,D-1_L-Asparagine,31
26.75,D-1_L-Asparagine,31
27.0,D-1_L-Asparagine,30
27.25,D-1_L-Asparagine,26
27.5,D-1_L-Asparagine,30
27.75,D-1_L-Asparagine,31
28.0,D-1_L-Asparagine,33
28.25,D-1_L-Asparagine,34
28.5,D-1_L-Asparagine,34
28.75,D-1_L-Asparagine,34
29.0,D-1_L-Asparagine,32
29.25,D-1_L-Asparagine,31
29.5,D-1_L-Asparagine,32
29.75,D-1_L-Asparagine,29
30.0,D-1_L-Asparagine,30
30.25,D-1_L-Asparagine,32
30.5,D-1_L-Asparagine,36
30.75,D-1_L-Asparagine,36
31.0,D-1_L-Asparagine,34
31.25,D-1_L-Asparagine,36
31.5,D-1_L-Asparagine,34
31.75,D-1_L-Asparagine,36
32.0,D-1_L-Asparagine,37
32.25,D-1_L-Asparagine,34
32.5,D-1_L-Asparagine,40
32.75,D-1_L-Asparagine,36
33.0,D-1_L-Asparagine,38
33.25,D-1_L-Asparagine,38
33.5,D-1_L-Asparagine,39
33.75,D-1_L-Asparagine,42
34.0,D-1_L-Asparagine,35
34.25,D-1_L-Asparagine,38
34.5,D-1_L-Asparagine,40
34.75,D-1_L-Asparagine,39
35.0,D-1_L-Asparagine,37
35.25,D-1_L-Asparagine,42
35.5,D-1_L-Asparagine,38
35.75,D-1_L-Asparagine,41
36.0,D-1_L-Asparagine,37
36.25,D-1_L-Asparagine,36
36.5,D-1_L-Asparagine,42
36.75,D-1_L-Asparagine,40
37.0,D-1_L-Asparagine,40
37.25,D-1_L-Asparagine,38
37.5,D-1_L-Asparagine,41
37.75,D-1_L-Asparagine,42
38.0,D-1_L-Asparagine,40
38.25,D-1_L-Asparagine,43
38.5,D-1_L-Asparagine,40
38.75,D-1_L-Asparagine,42
39.0,D-1_L-Asparagine,44
39.25,D-1_L-Asparagine,41
39.5,D-1_L-Asparagine,44
39.75,D-1_L-Asparagine,47
40.0,D-1_L-Asparagine,45
40.25,D-1_L-Asparagine,41
40.5,D-1_L-Asparagine,44
40.75,D-1_L-Asparagine,44
41.0,D-1_L-Asparagine,43
41.25,D-1_L-Asparagine,49
41.5,D-1_L-Asparagine,47
41.75,D-1_L-Asparagine,47
42.0,D-1_L-Asparagine,48
42.25,D-1_L-Asparagine,52
42.5,D-1_L-Asparagine,49
42.75,D-1_L-Asparagine,48
43.0,D-1_L-Asparagine,48
43.25,D-1_L-Asparagine,46
43.5,D-1_L-Asparagine,46
43.75,D-1_L-Asparagine,54
44.0,D-1_L-Asparagine,50
44.25,D-1_L-Asparagine,48
44.5,D-1_L-Asparagine,56
44.75,D-1_L-Asparagine,48
45.0,D-1_L-Asparagine,50
45.25,D-1_L-Asparagine,48
45.5,D-1_L-Asparagine,54
45.75,D-1_L-Asparagine,51
46.0,D-1_L-Asparagine,46
46.25,D-1_L-Asparagine,51
46.5,D-1_L-Asparagine,55
46.75,D-1_L-Asparagine,55
47.0,D-1_L-Asparagine,55
47.25,D-1_L-Asparagine,55
47.5,D-1_L-Asparagine,53
47.75,D-1_L-Asparagine,54
48.0,D-1_L-Asparagine,54
48.25,D-1_L-Asparagine,60
0.0,D2_D-Aspartic_Acid,11
0.25,D2_D-Aspartic_Acid,11
0.5,D2_D-Aspartic_Acid,11
0.75,D2_D-Aspartic_Acid,11
1.0,D2_D-Aspartic_Acid,11
1.25,D2_D-Aspartic_Acid,11
1.5,D2_D-Aspartic_Acid,11
1.75,D2_D-Aspartic_Acid,11
2.0,D2_D-Aspartic_Acid,13
2.25,D2_D-Aspartic_Acid,11
2.5,D2_D-Aspartic_Acid,11
2.75,D2_D-Aspartic_Acid,11
3.0,D2_D-Aspartic_Acid,11
3.25,D2_D-Aspartic_Acid,11
3.5,D2_D-Aspartic_Acid,12
3.75,D2_D-Aspartic_Acid,11
4.0,D2_D-Aspartic_Acid,11
4.25,D2_D-Aspartic_Acid,11
4.5,D2_D-Aspartic_Acid,11
4.75,D2_D-Aspartic_Acid,11
5.0,D2_D-Aspartic_Acid,12
5.25,D2_D-Aspartic_Acid,11
5.5,D2_D-Aspartic_Acid,11
5.75,D2_D-Aspartic_Acid,12
6.0,D2_D-Aspartic_Acid,11
6.25,D2_D-Aspartic_Acid,11
6.5,D2_D-Aspartic_Acid,12
6.75,D2_D-Aspartic_Acid,11
7.0,D2_D-Aspartic_Acid,11
7.25,D2_D-Aspartic_Acid,16
7.5,D2_D-Aspartic_Acid,11
7.75,D2_D-Aspartic_Acid,11
8.0,D2_D-Aspartic_Acid,12
8.25,D2_D-Aspartic_Acid,13
8.5,D2_D-Aspartic_Acid,11
8.75,D2_D-Aspartic_Acid,11
9.0,D2_D-Aspartic_Acid,11
9.25,D2_D-Aspartic_Acid,11
9.5,D2_D-Aspartic_Acid,11
9.75,D2_D-Aspartic_Acid,11
10.0,D2_D-Aspartic_Acid,11
10.25,D2_D-Aspartic_Acid,13
10.5,D2_D-Aspartic_Acid,13
10.75,D2_D-Aspartic_Acid,11
11.0,D2_D-Aspartic_Acid,16
11.25,D2_D-Aspartic_Acid,14
11.5,D2_D-Aspartic_Acid,11
11.75,D2_D-Aspartic_Acid,11
12.0,D2_D-Aspartic_Acid,13
12.25,D2_D-Aspartic_Acid,13
12.5,D2_D-Aspartic_Acid,14
12.75,D2_D-Aspartic_Acid,11
13.0,D2_D-Aspartic_Acid,14
13.25,D2_D-Aspartic_Acid,13
13.5,D2_D-Aspartic_Acid,14
13.75,D2_D-Aspartic_Acid,11
14.0,D2_D-Aspartic_Acid,15
14.25,D2_D-Aspartic_Acid,14
14.5,D2_D-Aspartic_Acid,13
14.75,D2_D-Aspartic_Acid,15
15.0,D2_D-Aspartic_Acid,12
15.25,D2_D-Aspartic_Acid,13
15.5,D2_D-Aspartic_Acid,14
15.75,D2_D-Aspartic_Acid,12
16.0,D2_D-Aspartic_Acid,14
16.25,D2_D-Aspartic_Acid,14
16.5,D2_D-Aspartic_Acid,11
16.75,D2_D-Aspartic_Acid,11
17.0,D2_D-Aspartic_Acid,13
17.25,D2_D-Aspartic_Acid,12
17.5,D2_D-Aspartic_Acid,17
17.75,D2_D-Aspartic_Acid,11
18.0,D2_D-Aspartic_Acid,14
18.25,D2_D-Aspartic_Acid,14
18.5,D2_D-Aspartic_Acid,13
18.75,D2_D-Aspartic_Acid,13
19.0,D2_D-Aspartic_Acid,16
19.25,D2_D-Aspartic_Acid,17
19.5,D2_D-Aspartic_Acid,13
19.75,D2_D-Aspartic_Acid,13
20.0,D2_D-Aspartic_Acid,11
20.25,D2_D-Aspartic_Acid,14
20.5,D2_D-Aspartic_Acid,15
20.75,D2_D-Aspartic_Acid,15
21.0,D2_D-Aspartic_Acid,17
21.25,D2_D-Aspartic_Acid,12
21.5,D2_D-Aspartic_Acid,11
21.75,D2_D-Aspartic_Acid,17
22.0,D2_D-Aspartic_Acid,15
22.25,D2_D-Aspartic_Acid,11
22.5,D2_D-Aspartic_Acid,12
22.75,D2_D-Aspartic_Acid,17
23.0,D2_D-Aspartic_Acid,14
23.25,D2_D-Aspartic_Acid,15
23.5,D2_D-Aspartic_Acid,17
23.75,D2_D-Aspartic_Acid,11
24.0,D2_D-Aspartic_Acid,11
24.25,D2_D-Aspartic_Acid,12
24.5,D2_D-Aspartic_Acid,11
24.75,D2_D-Aspartic_Acid,12
25.0,D2_D-Aspartic_Acid,14
25.25,D2_D-Aspartic_Acid,14
25.5,D2_D-Aspartic_Acid,15
25.75,D2_D-Aspartic_Acid,12
26.0,D2_D-Aspartic_Acid,15
26.25,D2_D-Aspartic_Acid,14
26.5,D2_D-Aspartic_Acid,13
26.75,D2_D-Aspartic_Acid,17
27.0,D2_D-Aspartic_Acid,17
27.25,D2_D-Aspartic_Acid,15
27.5,D2_D-Aspartic_Acid,16
27.75,D2_D-Aspartic_Acid,12
28.0,D2_D-Aspartic_Acid,12
28.25,D2_D-Aspartic_Acid,18
28.5,D2_D-Aspartic_Acid,13
28.75,D2_D-Aspartic_Acid,12
29.0,D2_D-Aspartic_Acid,14
29.25,D2_D-Aspartic_Acid,13
29.5,D2_D-Aspartic_Acid,14
29.75,D2_D-Aspartic_Acid,15
30.0,D2_D-Aspartic_Acid,15
30.25,D2_D-Aspartic_Acid,13
30.5,D2_D-Aspartic_Acid,11
30.75,D2_D-Aspartic_Acid,11
31.0,D2_D-Aspartic_Acid,11
31.25,D2_D-Aspartic_Acid,18
31.5,D2_D-Aspartic_Acid,18
31.75,D2_D-Aspartic_Acid,12
32.0,D2_D-Aspartic_Acid,15
32.25,D2_D-Aspartic_Acid,13
32.5,D2_D-Aspartic_Acid,12
32.75,D2_D-Aspartic_Acid,11
33.0,D2_D-Aspartic_Acid,13
33.25,D2_D-Aspartic_Acid,12
33.5,D2_D-Aspartic_Acid,13
33.75,D2_D-Aspartic_Acid,15
34.0,D2_D-Aspartic_Acid,14
34.25,D2_D-Aspartic_Acid,11
34.5,D2_D-Aspartic_Acid,15
34.75,D2_D-Aspartic_Acid,15
35.0,D2_D-Aspartic_Acid,14
35.25,D2_D-Aspartic_Acid,11
35.5,D2_D-Aspartic_Acid,12
35.75,D2_D-Aspartic_Acid,15
36.0,D2_D-Aspartic_Acid,12
36.25,D2_D-Aspartic_Acid,13
36.5,D2_D-Aspartic_Acid,12
36.75,D2_D-Aspartic_Acid,17
37.0,D2_D-Aspartic_Acid,17
37.25,D2_D-Aspartic_Acid,18
37.5,D2_D-Aspartic_Acid,12
37.75,D2_D-Aspartic_Acid,17
38.0,D2_D-Aspartic_Acid,16
38.25,D2_D-Aspartic_Acid,16
38.5,D2_D-Aspartic_Acid,16
38.75,D2_D-Aspartic_Acid,17
39.0,D2_D-Aspartic_Acid,14
39.25,D2_D-Aspartic_Acid,13
39.5,D2_D-Aspartic_Acid,18
39.75,D2_D-Aspartic_Acid,12
40.0,D2_D-Aspartic_Acid,13
40.25,D2_D-Aspartic_Acid,17
40.5,D2_D-Aspartic_Acid,15
40.75,D2_D-Aspartic_Acid,16
41.0,D2_D-Aspartic_Acid,16
41.25,D2_D-Aspartic_Acid,14
41.5,D2_D-Aspartic_Acid,12
41.75,D2_D-Aspartic_Acid,16
42.0,D2_D-Aspartic_Acid,19
42.25,D2_D-Aspartic_Acid,18
42.5,D2_D-Aspartic_Acid,14
42.75,D2_D-Aspartic_Acid,17
43.0,D2_D-Aspartic_Acid,16
43.25,D2_D-Aspartic_Acid,18
43.5,D2_D-Aspartic_Acid,15
43.75,D2_D-Aspartic_Acid,14
44.0,D2_D-Aspartic_Acid,17
44.25,D2_D-Aspartic_Acid,13
44.5,D2_D-Aspartic_Acid,16
44.75,D2_D-Aspartic_Acid,15
45.0,D2_D-Aspartic_Acid,17
45.25,D2_D-Aspartic_Acid,15
45.5,D2_D-Aspartic_Acid,16
45.75,D2_D-Aspartic_Acid,23
46.0,D2_D-Aspartic_Acid,14
46.25,D2_D-Aspartic_Acid,20
46.5,D2_D-Aspartic_Acid,19
46.75,D2_D-Aspartic_Acid,19
47.0,D2_D-Aspartic_Acid,20
47.25,D2_D-Aspartic_Acid,22
47.5,D2_D-Aspartic_Acid,19
47.75,D2_D-Aspartic_Acid,17
48.0,D2_D-Aspartic_Acid,18
48.25,D2_D-Aspartic_Acid,18
0.0,D3_D-Glucosaminic_Acid,11
0.25,D3_D-Glucosaminic_Acid,11
0.5,D3_D-Glucosaminic_Acid,11
0.75,D3_D-Glucosaminic_Acid,11
1.0,D3_D-Glucosaminic_Acid,11
1.25,D3_D-Glucosaminic_Acid,11
1.5,D3_D-Glucosaminic_Acid,11
1.75,D3_D-Glucosaminic_Acid,11
2.0,D3_D-Glucosaminic_Acid,11
2.25,D3_D-Glucosaminic_Acid,11
2.5,D3_D-Glucosaminic_Acid,11
2.75,D3_D-Glucosaminic_Acid,11
3.0,D3_D-Glucosaminic_Acid,11
3.25,D3_D-Glucosaminic_Acid,11
3.5,D3_D-Glucosaminic_Acid,11
3.75,D3_D-Glucosaminic_Acid,11
4.0,D3_D-Glucosaminic_Acid,11
4.25,D3_D-Glucosaminic_Acid,11
4.5,D3_D-Glucosaminic_Acid,12
4.75,D3_D-Glucosaminic_Acid,11
5.0,D3_D-Glucosaminic_Acid,12
5.25,D3_D-Glucosaminic_Acid,11
5.5,D3_D-Glucosaminic_Acid,11
5.75,D3_D-Glucosaminic_Acid,11
6.0,D3_D-Glucosaminic_Acid,11
6.25,D3_D-Glucosaminic_Acid,11
6.5,D3_D-Glucosaminic_Acid,11
6.75,D3_D-Glucosaminic_Acid,11
7.0,D3_D-Glucosaminic_Acid,11
7.25,D3_D-Glucosaminic_Acid,11
7.5,D3_D-Glucosaminic_Acid,11
7.75,D3_D-Glucosaminic_Acid,11
8.0,D3_D-Glucosaminic_Acid,11
8.25,D3_D-Glucosaminic_Acid,11
8.5,D3_D-Glucosaminic_Acid,11
8.75,D3_D-Glucosaminic_Acid,11
9.0,D3_D-Glucosaminic_Acid,11
9.25,D3_D-Glucosaminic_Acid,11
9.5,D3_D-Glucosaminic_Acid,11
9.75,D3_D-Glucosaminic_Acid,11
10.0,D3_D-Glucosaminic_Acid,11
10.25,D3_D-Glucosaminic_Acid,11
10.5,D3_D-Glucosaminic_Acid,11
10.75,D3_D-Glucosaminic_Acid,11
11.0,D3_D-Glucosaminic_Acid,11
11.25,D3_D-Glucosaminic_Acid,11
11.5,D3_D-Glucosaminic_Acid,11
11.75,D3_D-Glucosaminic_Acid,11
12.0,D3_D-Glucosaminic_Acid,13
12.25,D3_D-Glucosaminic_Acid,11
12.5,D3_D-Glucosaminic_Acid,11
12.75,D3_D-Glucosaminic_Acid,12
13.0,D3_D-Glucosaminic_Acid,13
13.25,D3_D-Glucosaminic_Acid,11
13.5,D3_D-Glucosaminic_Acid,14
13.75,D3_D-Glucosaminic_Acid,13
14.0,D3_D-Glucosaminic_Acid,14
14.25,D3_D-Glucosaminic_Acid,17
14.5,D3_D-Glucosaminic_Acid,15
14.75,D3_D-Glucosaminic_Acid,13
15.0,D3_D-Glucosaminic_Acid,18
15.25,D3_D-Glucosaminic_Acid,13
15.5,D3_D-Glucosaminic_Acid,13
15.75,D3_D-Glucosaminic_Acid,14
16.0,D3_D-Glucosaminic_Acid,12
16.25,D3_D-Glucosaminic_Acid,15
16.5,D3_D-Glucosaminic_Acid,15
16.75,D3_D-Glucosaminic_Acid,14
17.0,D3_D-Glucosaminic_Acid,20
17.25,D3_D-Glucosaminic_Acid,19
17.5,D3_D-Glucosaminic_Acid,20
17.75,D3_D-Glucosaminic_Acid,21
18.0,D3_D-Glucosaminic_Acid,15
18.25,D3_D-Glucosaminic_Acid,19
18.5,D3_D-Glucosaminic_Acid,33
18.75,D3_D-Glucosaminic_Acid,30
19.0,D3_D-Glucosaminic_Acid,32
19.25,D3_D-Glucosaminic_Acid,35
19.5,D3_D-Glucosaminic_Acid,34
19.75,D3_D-Glucosaminic_Acid,35
20.0,D3_D-Glucosaminic_Acid,37
20.25,D3_D-Glucosaminic_Acid,35
20.5,D3_D-Glucosaminic_Acid,42
20.75,D3_D-Glucosaminic_Acid,47
21.0,D3_D-Glucosaminic_Acid,42
21.25,D3_D-Glucosaminic_Acid,43
21.5,D3_D-Glucosaminic_Acid,44
21.75,D3_D-Glucosaminic_Acid,45
22.0,D3_D-Glucosaminic_Acid,47
22.25,D3_D-Glucosaminic_Acid,48
22.5,D3_D-Glucosaminic_Acid,53
22.75,D3_D-Glucosaminic_Acid,46
23.0,D3_D-Glucosaminic_Acid,47
23.25,D3_D-Glucosaminic_Acid,45
23.5,D3_D-Glucosaminic_Acid,50
23.75,D3_D-Glucosaminic_Acid,55
24.0,D3_D-Glucosaminic_Acid,55
24.25,D3_D-Glucosaminic_Acid,52
24.5,D3_D-Glucosaminic_Acid,54
24.75,D3_D-Glucosaminic_Acid,57
25.0,D3_D-Glucosaminic_Acid,61
25.25,D3_D-Glucosaminic_Acid,61
25.5,D3_D-Glucosaminic_Acid,63
25.75,D3_D-Glucosaminic_Acid,59
26.0,D3_D-Glucosaminic_Acid,67
26.25,D3_D-Glucosaminic_Acid,69
26.5,D3_D-Glucosaminic_Acid,67
26.75,D3_D-Glucosaminic_Acid,77
27.0,D3_D-Glucosaminic_Acid,74
27.25,D3_D-Glucosaminic_Acid,78
27.5,D3_D-Glucosaminic_Acid,76
27.75,D3_D-Glucosaminic_Acid,78
28.0,D3_D-Glucosaminic_Acid,76
28.25,D3_D-Glucosaminic_Acid,75
28.5,D3_D-Glucosaminic_Acid,79
28.75,D3_D-Glucosaminic_Acid,84
29.0,D3_D-Glucosaminic_Acid,87
29.25,D3_D-Glucosaminic_Acid,84
29.5,D3_D-Glucosaminic_Acid,87
29.75,D3_D-Glucosaminic_Acid,90
30.0,D3_D-Glucosaminic_Acid,89
30.25,D3_D-Glucosaminic_Acid,88
30.5,D3_D-Glucosaminic_Acid,87
30.75,D3_D-Glucosaminic_Acid,80
31.0,D3_D-Glucosaminic_Acid,81
31.25,D3_D-Glucosaminic_Acid,90
31.5,D3_D-Glucosaminic_Acid,94
31.75,D3_D-Glucosaminic_Acid,87
32.0,D3_D-Glucosaminic_Acid,92
32.25,D3_D-Glucosaminic_Acid,90
32.5,D3_D-Glucosaminic_Acid,87
32.75,D3_D-Glucosaminic_Acid,90
33.0,D3_D-Glucosaminic_Acid,85
33.25,D3_D-Glucosaminic_Acid,89
33.5,D3_D-Glucosaminic_Acid,87
33.75,D3_D-Glucosaminic_Acid,90
34.0,D3_D-Glucosaminic_Acid,92
34.25,D3_D-Glucosaminic_Acid,96
34.5,D3_D-Glucosaminic_Acid,95
34.75,D3_D-Glucosaminic_Acid,100
35.0,D3_D-Glucosaminic_Acid,94
35.25,D3_D-Glucosaminic_Acid,93
35.5,D3_D-Glucosaminic_Acid,99
35.75,D3_D-Glucosaminic_Acid,92
36.0,D3_D-Glucosaminic_Acid,92
36.25,D3_D-Glucosaminic_Acid,97
36.5,D3_D-Glucosaminic_Acid,88
36.75,D3_D-Glucosaminic_Acid,97
37.0,D3_D-Glucosaminic_Acid,93
37.25,D3_D-Glucosaminic_Acid,100
37.5,D3_D-Glucosaminic_Acid,93
37.75,D3_D-Glucosaminic_Acid,94
38.0,D3_D-Glucosaminic_Acid,93
38.25,D3_D-Glucosaminic_Acid,92
38.5,D3_D-Glucosaminic_Acid,96
38.75,D3_D-Glucosaminic_Acid,94
39.0,D3_D-Glucosaminic_Acid,103
39.25,D3_D-Glucosaminic_Acid,105
39.5,D3_D-Glucosaminic_Acid,99
39.75,D3_D-Glucosaminic_Acid,96
40.0,D3_D-Glucosaminic_Acid,100
40.25,D3_D-Glucosaminic_Acid,101
40.5,D3_D-Glucosaminic_Acid,101
40.75,D3_D-Glucosaminic_Acid,108
41.0,D3_D-Glucosaminic_Acid,103
41.25,D3_D-Glucosaminic_Acid,107
41.5,D3_D-Glucosaminic_Acid,102
41.75,D3_D-Glucosaminic_Acid,103
42.0,D3_D-Glucosaminic_Acid,108
42.25,D3_D-Glucosaminic_Acid,110
42.5,D3_D-Glucosaminic_Acid,106
42.75,D3_D-Glucosaminic_Acid,110
43.0,D3_D-Glucosaminic_Acid,102
43.25,D3_D-Glucosaminic_Acid,106
43.5,D3_D-Glucosaminic_Acid,107
43.75,D3_D-Glucosaminic_Acid,107
44.0,D3_D-Glucosaminic_Acid,104
44.25,D3_D-Glucosaminic_Acid,119
44.5,D3_D-Glucosaminic_Acid,112
44.75,D3_D-Glucosaminic_Acid,105
45.0,D3_D-Glucosaminic_Acid,106
45.25,D3_D-Glucosaminic_Acid,109
45.5,D3_D-Glucosaminic_Acid,108
45.75,D3_D-Glucosaminic_Acid,109
46.0,D3_D-Glucosaminic_Acid,106
46.25,D3_D-Glucosaminic_Acid,104
46.5,D3_D-Glucosaminic_Acid,113
46.75,D3_D-Glucosaminic_Acid,105
47.0,D3_D-Glucosaminic_Acid,109
47.25,D3_D-Glucosaminic_Acid,106
47.5,D3_D-Glucosaminic_Acid,104
47.75,D3_D-Glucosaminic_Acid,106
48.0,D3_D-Glucosaminic_Acid,102
48.25,D3_D-Glucosaminic_Acid,103
0.0,D4_1-2-Propanediol,11
0.25,D4_1-2-Propanediol,11
0.5,D4_1-2-Propanediol,11
0.75,D4_1-2-Propanediol,11
1.0,D4_1-2-Propanediol,11
1.25,D4_1-2-Propanediol,11
1.5,D4_1-2-Propanediol,11
1.75,D4_1-2-Propanediol,11
2.0,D4_1-2-Propanediol,11
2.25,D4_1-2-Propanediol,11
2.5,D4_1-2-Propanediol,11
2.75,D4_1-2-Propanediol,11
3.0,D4_1-2-Propanediol,11
3.25,D4_1-2-Propanediol,11
3.5,D4_1-2-Propanediol,11
3.75,D4_1-2-Propanediol,11
4.0,D4_1-2-Propanediol,11
4.25,D4_1-2-Propanediol,11
4.5,D4_1-2-Propanediol,11
4.75,D4_1-2-Propanediol,11
5.0,D4_1-2-Propanediol,11
5.25,D4_1-2-Propanediol,11
5.5,D4_1-2-Propanediol,11
5.75,D4_1-2-Propanediol,11
6.0,D4_1-2-Propanediol,11
6.25,D4_1-2-Propanediol,11
6.5,D4_1-2-Propanediol,11
6.75,D4_1-2-Propanediol,11
7.0,D4_1-2-Propanediol,11
7.25,D4_1-2-Propanediol,11
7.5,D4_1-2-Propanediol,11
7.75,D4_1-2-Propanediol,11
8.0,D4_1-2-Propanediol,11
8.25,D4_1-2-Propanediol,11
8.5,D4_1-2-Propanediol,11
8.75,D4_1-2-Propanediol,11
9.0,D4_1-2-Propanediol,11
9.25,D4_1-2-Propanediol,11
9.5,D4_1-2-Propanediol,11
9.75,D4_1-2-Propanediol,11
10.0,D4_1-2-Propanediol,11
10.25,D4_1-2-Propanediol,12
10.5,D4_1-2-Propanediol,11
10.75,D4_1-2-Propanediol,11
11.0,D4_1-2-Propanediol,11
11.25,D4_1-2-Propanediol,11
11.5,D4_1-2-Propanediol,11
11.75,D4_1-2-Propanediol,11
12.0,D4_1-2-Propanediol,11
12.25,D4_1-2-Propanediol,11
12.5,D4_1-2-Propanediol,11
12.75,D4_1-2-Propanediol,11
13.0,D4_1-2-Propanediol,11
13.25,D4_1-2-Propanediol,11
13.5,D4_1-2-Propanediol,11
13.75,D4_1-2-Propanediol,11
14.0,D4_1-2-Propanediol,11
14.25,D4_1-2-Propanediol,16
14.5,D4_1-2-Propanediol,11
14.75,D4_1-2-Propanediol,13
15.0,D4_1-2-Propanediol,11
15.25,D4_1-2-Propanediol,11
15.5,D4_1-2-Propanediol,11
15.75,D4_1-2-Propanediol,11
16.0,D4_1-2-Propanediol,11
16.25,D4_1-2-Propanediol,11
16.5,D4_1-2-Propanediol,11
16.75,D4_1-2-Propanediol,11
17.0,D4_1-2-Propanediol,13
17.25,D4_1-2-Propanediol,13
17.5,D4_1-2-Propanediol,11
17.75,D4_1-2-Propanediol,14
18.0,D4_1-2-Propanediol,14
18.25,D4_1-2-Propanediol,13
18.5,D4_1-2-Propanediol,12
18.75,D4_1-2-Propanediol,12
19.0,D4_1-2-Propanediol,11
19.25,D4_1-2-Propanediol,11
19.5,D4_1-2-Propanediol,16
19.75,D4_1-2-Propanediol,11
20.0,D4_1-2-Propanediol,11
20.25,D4_1-2-Propanediol,12
20.5,D4_1-2-Propanediol,15
20.75,D4_1-2-Propanediol,13
21.0,D4_1-2-Propanediol,15
21.25,D4_1-2-Propanediol,14
21.5,D4_1-2-Propanediol,16
21.75,D4_1-2-Propanediol,14
22.0,D4_1-2-Propanediol,13
22.25,D4_1-2-Propanediol,14
22.5,D4_1-2-Propanediol,14
22.75,D4_1-2-Propanediol,12
23.0,D4_1-2-Propanediol,13
23.25,D4_1-2-Propanediol,16
23.5,D4_1-2-Propanediol,16
23.75,D4_1-2-Propanediol,14
24.0,D4_1-2-Propanediol,12
24.25,D4_1-2-Propanediol,16
24.5,D4_1-2-Propanediol,12
24.75,D4_1-2-Propanediol,15
25.0,D4_1-2-Propanediol,19
25.25,D4_1-2-Propanediol,14
25.5,D4_1-2-Propanediol,19
25.75,D4_1-2-Propanediol,13
26.0,D4_1-2-Propanediol,13
26.25,D4_1-2-Propanediol,20
26.5,D4_1-2-Propanediol,15
26.75,D4_1-2-Propanediol,16
27.0,D4_1-2-Propanediol,11
27.25,D4_1-2-Propanediol,13
27.5,D4_1-2-Propanediol,12
27.75,D4_1-2-Propanediol,16
28.0,D4_1-2-Propanediol,14
28.25,D4_1-2-Propanediol,11
28.5,D4_1-2-Propanediol,16
28.75,D4_1-2-Propanediol,15
29.0,D4_1-2-Propanediol,19
29.25,D4_1-2-Propanediol,15
29.5,D4_1-2-Propanediol,14
29.75,D4_1-2-Propanediol,11
30.0,D4_1-2-Propanediol,13
30.25,D4_1-2-Propanediol,13
30.5,D4_1-2-Propanediol,18
30.75,D4_1-2-Propanediol,16
31.0,D4_1-2-Propanediol,17
31.25,D4_1-2-Propanediol,14
31.5,D4_1-2-Propanediol,15
31.75,D4_1-2-Propanediol,16
32.0,D4_1-2-Propanediol,15
32.25,D4_1-2-Propanediol,18
32.5,D4_1-2-Propanediol,18
32.75,D4_1-2-Propanediol,13
33.0,D4_1-2-Propanediol,15
33.25,D4_1-2-Propanediol,12
33.5,D4_1-2-Propanediol,14
33.75,D4_1-2-Propanediol,16
34.0,D4_1-2-Propanediol,15
34.25,D4_1-2-Propanediol,14
34.5,D4_1-2-Propanediol,20
34.75,D4_1-2-Propanediol,12
35.0,D4_1-2-Propanediol,14
35.25,D4_1-2-Propanediol,17
35.5,D4_1-2-Propanediol,12
35.75,D4_1-2-Propanediol,15
36.0,D4_1-2-Propanediol,16
36.25,D4_1-2-Propanediol,14
36.5,D4_1-2-Propanediol,15
36.75,D4_1-2-Propanediol,14
37.0,D4_1-2-Propanediol,14
37.25,D4_1-2-Propanediol,11
37.5,D4_1-2-Propanediol,12
37.75,D4_1-2-Propanediol,15
38.0,D4_1-2-Propanediol,15
38.25,D4_1-2-Propanediol,14
38.5,D4_1-2-Propanediol,14
38.75,D4_1-2-Propanediol,14
39.0,D4_1-2-Propanediol,14
39.25,D4_1-2-Propanediol,16
39.5,D4_1-2-Propanediol,18
39.75,D4_1-2-Propanediol,12
40.0,D4_1-2-Propanediol,13
40.25,D4_1-2-Propanediol,15
40.5,D4_1-2-Propanediol,14
40.75,D4_1-2-Propanediol,19
41.0,D4_1-2-Propanediol,15
41.25,D4_1-2-Propanediol,17
41.5,D4_1-2-Propanediol,18
41.75,D4_1-2-Propanediol,11
42.0,D4_1-2-Propanediol,15
42.25,D4_1-2-Propanediol,17
42.5,D4_1-2-Propanediol,16
42.75,D4_1-2-Propanediol,15
43.0,D4_1-2-Propanediol,14
43.25,D4_1-2-Propanediol,12
43.5,D4_1-2-Propanediol,15
43.75,D4_1-2-Propanediol,14
44.0,D4_1-2-Propanediol,14
44.25,D4_1-2-Propanediol,11
44.5,D4_1-2-Propanediol,18
44.75,D4_1-2-Propanediol,14
45.0,D4_1-2-Propanediol,13
45.25,D4_1-2-Propanediol,13
45.5,D4_1-2-Propanediol,15
45.75,D4_1-2-Propanediol,15
46.0,D4_1-2-Propanediol,13
46.25,D4_1-2-Propanediol,17
46.5,D4_1-2-Propanediol,18
46.75,D4_1-2-Propanediol,13
47.0,D4_1-2-Propanediol,15
47.25,D4_1-2-Propanediol,15
47.5,D4_1-2-Propanediol,19
47.75,D4_1-2-Propanediol,18
48.0,D4_1-2-Propanediol,18
48.25,D4_1-2-Propanediol,18
0.0,D5_Tween_40,11
0.25,D5_Tween_40,11
0.5,D5_Tween_40,11
0.75,D5_Tween_40,11
1.0,D5_Tween_40,11
1.25,D5_Tween_40,11
1.5,D5_Tween_40,11
1.75,D5_Tween_40,11
2.0,D5_Tween_40,11
2.25,D5_Tween_40,11
2.5,D5_Tween_40,11
2.75,D5_Tween_40,11
3.0,D5_Tween_40,11
3.25,D5_Tween_40,11
3.5,D5_Tween_40,11
3.75,D5_Tween_40,11
4.0,D5_Tween_40,11
4.25,D5_Tween_40,11
4.5,D5_Tween_40,11
4.75,D5_Tween_40,11
5.0,D5_Tween_40,11
5.25,D5_Tween_40,11
5.5,D5_Tween_40,11
5.75,D5_Tween_40,11
6.0,D5_Tween_40,11
6.25,D5_Tween_40,11
6.5,D5_Tween_40,11
6.75,D5_Tween_40,13
7.0,D5_Tween_40,11
7.25,D5_Tween_40,13
7.5,D5_Tween_40,11
7.75,D5_Tween_40,11
8.0,D5_Tween_40,18
8.25,D5_Tween_40,13
8.5,D5_Tween_40,11
8.75,D5_Tween_40,11
9.0,D5_Tween_40,11
9.25,D5_Tween_40,11
9.5,D5_Tween_40,12
9.75,D5_Tween_40,12
10.0,D5_Tween_40,15
10.25,D5_Tween_40,12
10.5,D5_Tween_40,16
10.75,D5_Tween_40,19
11.0,D5_Tween_40,15
11.25,D5_Tween_40,16
11.5,D5_Tween_40,18
11.75,D5_Tween_40,14
12.0,D5_Tween_40,16
12.25,D5_Tween_40,16
12.5,D5_Tween_40,18
12.75,D5_Tween_40,20
13.0,D5_Tween_40,16
13.25,D5_Tween_40,19
13.5,D5_Tween_40,16
13.75,D5_Tween_40,18
14.0,D5_Tween_40,22
14.25,D5_Tween_40,21
14.5,D5_Tween_40,20
14.75,D5_Tween_40,21
15.0,D5_Tween_40,23
15.25,D5_Tween_40,19
15.5,D5_Tween_40,20
15.75,D5_Tween_40,22
16.0,D5_Tween_40,22
16.25,D5_Tween_40,20
16.5,D5_Tween_40,18
16.75,D5_Tween_40,22
17.0,D5_Tween_40,24
17.25,D5_Tween_40,28
17.5,D5_Tween_40,21
17.75,D5_Tween_40,24
18.0,D5_Tween_40,21
18.25,D5_Tween_40,23
18.5,D5_Tween_40,26
18.75,D5_Tween_40,23
19.0,D5_Tween_40,23
19.25,D5_Tween_40,21
19.5,D5_Tween_40,24
19.75,D5_Tween_40,22
20.0,D5_Tween_40,23
20.25,D5_Tween_40,27
20.5,D5_Tween_40,23
20.75,D5_Tween_40,19
21.0,D5_Tween_40,25
21.25,D5_Tween_40,19
21.5,D5_Tween_40,28
21.75,D5_Tween_40,27
22.0,D5_Tween_40,24
22.25,D5_Tween_40,27
22.5,D5_Tween_40,25
22.75,D5_Tween_40,25
23.0,D5_Tween_40,25
23.25,D5_Tween_40,25
23.5,D5_Tween_40,30
23.75,D5_Tween_40,25
24.0,D5_Tween_40,27
24.25,D5_Tween_40,26
24.5,D5_Tween_40,24
24.75,D5_Tween_40,26
25.0,D5_Tween_40,28
25.25,D5_Tween_40,23
25.5,D5_Tween_40,30
25.75,D5_Tween_40,26
26.0,D5_Tween_40,30
26.25,D5_Tween_40,27
26.5,D5_Tween_40,21
26.75,D5_Tween_40,25
27.0,D5_Tween_40,30
27.25,D5_Tween_40,27
27.5,D5_Tween_40,23
27.75,D5_Tween_40,28
28.0,D5_Tween_40,25
28.25,D5_Tween_40,29
28.5,D5_Tween_40,27
28.75,D5_Tween_40,29
29.0,D5_Tween_40,28
29.25,D5_Tween_40,26
29.5,D5_Tween_40,25
29.75,D5_Tween_40,29
30.0,D5_Tween_40,26
30.25,D5_Tween_40,30
30.5,D5_Tween_40,26
30.75,D5_Tween_40,27
31.0,D5_Tween_40,29
31.25,D5_Tween_40,28
31.5,D5_Tween_40,27
31.75,D5_Tween_40,28
32.0,D5_Tween_40,31
32.25,D5_Tween_40,29
32.5,D5_Tween_40,30
32.75,D5_Tween_40,27
33.0,D5_Tween_40,28
33.25,D5_Tween_40,27
33.5,D5_Tween_40,30
33.75,D5_Tween_40,30
34.0,D5_Tween_40,31
34.25,D5_Tween_40,32
34.5,D5_Tween_40,30
34.75,D5_Tween_40,29
35.0,D5_Tween_40,24
35.25,D5_Tween_40,32
35.5,D5_Tween_40,33
35.75,D5_Tween_40,29
36.0,D5_Tween_40,34
36.25,D5_Tween_40,30
36.5,D5_Tween_40,32
36.75,D5_Tween_40,33
37.0,D5_Tween_40,32
37.25,D5_Tween_40,31
37.5,D5_Tween_40,25
37.75,D5_Tween_40,34
38.0,D5_Tween_40,33
38.25,D5_Tween_40,32
38.5,D5_Tween_40,29
38.75,D5_Tween_40,33
39.0,D5_Tween_40,30
39.25,D5_Tween_40,33
39.5,D5_Tween_40,28
39.75,D5_Tween_40,33
40.0,D5_Tween_40,29
40.25,D5_Tween_40,33
40.5,D5_Tween_40,32
40.75,D5_Tween_40,32
41.0,D5_Tween_40,36
41.25,D5_Tween_40,35
41.5,D5_Tween_40,34
41.75,D5_Tween_40,32
42.0,D5_Tween_40,35
42.25,D5_Tween_40,33
42.5,D5_Tween_40,32
42.75,D5_Tween_40,34
43.0,D5_Tween_40,32
43.25,D5_Tween_40,37
43.5,D5_Tween_40,33
43.75,D5_Tween_40,30
44.0,D5_Tween_40,35
44.25,D5_Tween_40,39
44.5,D5_Tween_40,35
44.75,D5_Tween_40,37
45.0,D5_Tween_40,31
45.25,D5_Tween_40,36
45.5,D5_Tween_40,38
45.75,D5_Tween_40,37
46.0,D5_Tween_40,31
46.25,D5_Tween_40,35
46.5,D5_Tween_40,34
46.75,D5_Tween_40,38
47.0,D5_Tween_40,39
47.25,D5_Tween_40,35
47.5,D5_Tween_40,40
47.75,D5_Tween_40,36
48.0,D5_Tween_40,37
48.25,D5_Tween_40,40
0.0,D6_a-Keto-Glutaric_Acid,11
0.25,D6_a-Keto-Glutaric_Acid,11
0.5,D6_a-Keto-Glutaric_Acid,11
0.75,D6_a-Keto-Glutaric_Acid,11
1.0,D6_a-Keto-Glutaric_Acid,11
1.25,D6_a-Keto-Glutaric_Acid,11
1.5,D6_a-Keto-Glutaric_Acid,11
1.75,D6_a-Keto-Glutaric_Acid,11
2.0,D6_a-Keto-Glutaric_Acid,11
2.25,D6_a-Keto-Glutaric_Acid,11
2.5,D6_a-Keto-Glutaric_Acid,11
2.75,D6_a-Keto-Glutaric_Acid,11
3.0,D6_a-Keto-Glutaric_Acid,11
3.25,D6_a-Keto-Glutaric_Acid,11
3.5,D6_a-Keto-Glutaric_Acid,11
3.75,D6_a-Keto-Glutaric_Acid,11
4.0,D6_a-Keto-Glutaric_Acid,11
4.25,D6_a-Keto-Glutaric_Acid,11
4.5,D6_a-Keto-Glutaric_Acid,11
4.75,D6_a-Keto-Glutaric_Acid,11
5.0,D6_a-Keto-Glutaric_Acid,11
5.25,D6_a-Keto-Glutaric_Acid,11
5.5,D6_a-Keto-Glutaric_Acid,11
5.75,D6_a-Keto-Glutaric_Acid,11
6.0,D6_a-Keto-Glutaric_Acid,11
6.25,D6_a-Keto-Glutaric_Acid,11
6.5,D6_a-Keto-Glutaric_Acid,11
6.75,D6_a-Keto-Glutaric_Acid,11
7.0,D6_a-Keto-Glutaric_Acid,11
7.25,D6_a-Keto-Glutaric_Acid,11
7.5,D6_a-Keto-Glutaric_Acid,11
7.75,D6_a-Keto-Glutaric_Acid,11
8.0,D6_a-Keto-Glutaric_Acid,11
8.25,D6_a-Keto-Glutaric_Acid,11
8.5,D6_a-Keto-Glutaric_Acid,11
8.75,D6_a-Keto-Glutaric_Acid,11
9.0,D6_a-Keto-Glutaric_Acid,11
9.25,D6_a-Keto-Glutaric_Acid,11
9.5,D6_a-Keto-Glutaric_Acid,11
9.75,D6_a-Keto-Glutaric_Acid,11
10.0,D6_a-Keto-Glutaric_Acid,11
10.25,D6_a-Keto-Glutaric_Acid,11
10.5,D6_a-Keto-Glutaric_Acid,11
10.75,D6_a-Keto-Glutaric_Acid,11
11.0,D6_a-Keto-Glutaric_Acid,11
11.25,D6_a-Keto-Glutaric_Acid,11
11.5,D6_a-Keto-Glutaric_Acid,11
11.75,D6_a-Keto-Glutaric_Acid,11
12.0,D6_a-Keto-Glutaric_Acid,11
12.25,D6_a-Keto-Glutaric_Acid,11
12.5,D6_a-Keto-Glutaric_Acid,11
12.75,D6_a-Keto-Glutaric_Acid,11
13.0,D6_a-Keto-Glutaric_Acid,11
13.25,D6_a-Keto-Glutaric_Acid,12
13.5,D6_a-Keto-Glutaric_Acid,12
13.75,D6_a-Keto-Glutaric_Acid,11
14.0,D6_a-Keto-Glutaric_Acid,13
14.25,D6_a-Keto-Glutaric_Acid,11
14.5,D6_a-Keto-Glutaric_Acid,11
14.75,D6_a-Keto-Glutaric_Acid,11
15.0,D6_a-Keto-Glutaric_Acid,11
15.25,D6_a-Keto-Glutaric_Acid,11
15.5,D6_a-Keto-Glutaric_Acid,11
15.75,D6_a-Keto-Glutaric_Acid,12
16.0,D6_a-Keto-Glutaric_Acid,11
16.25,D6_a-Keto-Glutaric_Acid,14
16.5,D6_a-Keto-Glutaric_Acid,11
16.75,D6_a-Keto-Glutaric_Acid,11
17.0,D6_a-Keto-Glutaric_Acid,13
17.25,D6_a-Keto-Glutaric_Acid,13
17.5,D6_a-Keto-Glutaric_Acid,14
17.75,D6_a-Keto-Glutaric_Acid,13
18.0,D6_a-Keto-Glutaric_Acid,11
18.25,D6_a-Keto-Glutaric_Acid,16
18.5,D6_a-Keto-Glutaric_Acid,13
18.75,D6_a-Keto-Glutaric_Acid,14
19.0,D6_a-Keto-Glutaric_Acid,14
19.25,D6_a-Keto-Glutaric_Acid,12
19.5,D6_a-Keto-Glutaric_Acid,12
19.75,D6_a-Keto-Glutaric_Acid,14
20.0,D6_a-Keto-Glutaric_Acid,12
20.25,D6_a-Keto-Glutaric_Acid,20
20.5,D6_a-Keto-Glutaric_Acid,14
20.75,D6_a-Keto-Glutaric_Acid,12
21.0,D6_a-Keto-Glutaric_Acid,15
21.25,D6_a-Keto-Glutaric_Acid,17
21.5,D6_a-Keto-Glutaric_Acid,19
21.75,D6_a-Keto-Glutaric_Acid,16
22.0,D6_a-Keto-Glutaric_Acid,20
22.25,D6_a-Keto-Glutaric_Acid,17
22.5,D6_a-Keto-Glutaric_Acid,17
22.75,D6_a-Keto-Glutaric_Acid,20
23.0,D6_a-Keto-Glutaric_Acid,17
23.25,D6_a-Keto-Glutaric_Acid,20
23.5,D6_a-Keto-Glutaric_Acid,20
23.75,D6_a-Keto-Glutaric_Acid,18
24.0,D6_a-Keto-Glutaric_Acid,14
24.25,D6_a-Keto-Glutaric_Acid,17
24.5,D6_a-Keto-Glutaric_Acid,16
24.75,D6_a-Keto-Glutaric_Acid,15
25.0,D6_a-Keto-Glutaric_Acid,19
25.25,D6_a-Keto-Glutaric_Acid,24
25.5,D6_a-Keto-Glutaric_Acid,21
25.75,D6_a-Keto-Glutaric_Acid,26
26.0,D6_a-Keto-Glutaric_Acid,20
26.25,D6_a-Keto-Glutaric_Acid,24
26.5,D6_a-Keto-Glutaric_Acid,22
26.75,D6_a-Keto-Glutaric_Acid,20
27.0,D6_a-Keto-Glutaric_Acid,22
27.25,D6_a-Keto-Glutaric_Acid,19
27.5,D6_a-Keto-Glutaric_Acid,20
27.75,D6_a-Keto-Glutaric_Acid,23
28.0,D6_a-Keto-Glutaric_Acid,21
28.25,D6_a-Keto-Glutaric_Acid,22
28.5,D6_a-Keto-Glutaric_Acid,24
28.75,D6_a-Keto-Glutaric_Acid,25
29.0,D6_a-Keto-Glutaric_Acid,23
29.25,D6_a-Keto-Glutaric_Acid,24
29.5,D6_a-Keto-Glutaric_Acid,25
29.75,D6_a-Keto-Glutaric_Acid,22
30.0,D6_a-Keto-Glutaric_Acid,26
30.25,D6_a-Keto-Glutaric_Acid,22
30.5,D6_a-Keto-Glutaric_Acid,26
30.75,D6_a-Keto-Glutaric_Acid,28
31.0,D6_a-Keto-Glutaric_Acid,24
31.25,D6_a-Keto-Glutaric_Acid,27
31.5,D6_a-Keto-Glutaric_Acid,27
31.75,D6_a-Keto-Glutaric_Acid,30
32.0,D6_a-Keto-Glutaric_Acid,28
32.25,D6_a-Keto-Glutaric_Acid,26
32.5,D6_a-Keto-Glutaric_Acid,29
32.75,D6_a-Keto-Glutaric_Acid,30
33.0,D6_a-Keto-Glutaric_Acid,27
33.25,D6_a-Keto-Glutaric_Acid,28
33.5,D6_a-Keto-Glutaric_Acid,32
33.75,D6_a-Keto-Glutaric_Acid,30
34.0,D6_a-Keto-Glutaric_Acid,28
34.25,D6_a-Keto-Glutaric_Acid,32
34.5,D6_a-Keto-Glutaric_Acid,32
34.75,D6_a-Keto-Glutaric_Acid,29
35.0,D6_a-Keto-Glutaric_Acid,32
35.25,D6_a-Keto-Glutaric_Acid,33
35.5,D6_a-Keto-Glutaric_Acid,31
35.75,D6_a-Keto-Glutaric_Acid,35
36.0,D6_a-Keto-Glutaric_Acid,32
36.25,D6_a-Keto-Glutaric_Acid,35
36.5,D6_a-Keto-Glutaric_Acid,36
36.75,D6_a-Keto-Glutaric_Acid,34
37.0,D6_a-Keto-Glutaric_Acid,33
37.25,D6_a-Keto-Glutaric_Acid,32
37.5,D6_a-Keto-Glutaric_Acid,35
37.75,D6_a-Keto-Glutaric_Acid,34
38.0,D6_a-Keto-Glutaric_Acid,39
38.25,D6_a-Keto-Glutaric_Acid,40
38.5,D6_a-Keto-Glutaric_Acid,35
38.75,D6_a-Keto-Glutaric_Acid,39
39.0,D6_a-Keto-Glutaric_Acid,34
39.25,D6_a-Keto-Glutaric_Acid,36
39.5,D6_a-Keto-Glutaric_Acid,39
39.75,D6_a-Keto-Glutaric_Acid,33
40.0,D6_a-Keto-Glutaric_Acid,38
40.25,D6_a-Keto-Glutaric_Acid,39
40.5,D6_a-Keto-Glutaric_Acid,36
40.75,D6_a-Keto-Glutaric_Acid,40
41.0,D6_a-Keto-Glutaric_Acid,41
41.25,D6_a-Keto-Glutaric_Acid,40
41.5,D6_a-Keto-Glutaric_Acid,41
41.75,D6_a-Keto-Glutaric_Acid,42
42.0,D6_a-Keto-Glutaric_Acid,42
42.25,D6_a-Keto-Glutaric_Acid,42
42.5,D6_a-Keto-Glutaric_Acid,44
42.75,D6_a-Keto-Glutaric_Acid,44
43.0,D6_a-Keto-Glutaric_Acid,43
43.25,D6_a-Keto-Glutaric_Acid,40
43.5,D6_a-Keto-Glutaric_Acid,45
43.75,D6_a-Keto-Glutaric_Acid,45
44.0,D6_a-Keto-Glutaric_Acid,44
44.25,D6_a-Keto-Glutaric_Acid,45
44.5,D6_a-Keto-Glutaric_Acid,44
44.75,D6_a-Keto-Glutaric_Acid,47
45.0,D6_a-Keto-Glutaric_Acid,43
45.25,D6_a-Keto-Glutaric_Acid,47
45.5,D6_a-Keto-Glutaric_Acid,47
45.75,D6_a-Keto-Glutaric_Acid,48
46.0,D6_a-Keto-Glutaric_Acid,47
46.25,D6_a-Keto-Glutaric_Acid,55
46.5,D6_a-Keto-Glutaric_Acid,50
46.75,D6_a-Keto-Glutaric_Acid,52
47.0,D6_a-Keto-Glutaric_Acid,52
47.25,D6_a-Keto-Glutaric_Acid,49
47.5,D6_a-Keto-Glutaric_Acid,52
47.75,D6_a-Keto-Glutaric_Acid,54
48.0,D6_a-Keto-Glutaric_Acid,58
48.25,D6_a-Keto-Glutaric_Acid,56
0.0,D7_a-Keto-Butyric_Acid,11
0.25,D7_a-Keto-Butyric_Acid,11
0.5,D7_a-Keto-Butyric_Acid,11
0.75,D7_a-Keto-Butyric_Acid,11
1.0,D7_a-Keto-Butyric_Acid,11
1.25,D7_a-Keto-Butyric_Acid,11
1.5,D7_a-Keto-Butyric_Acid,11
1.75,D7_a-Keto-Butyric_Acid,11
2.0,D7_a-Keto-Butyric_Acid,11
2.25,D7_a-Keto-Butyric_Acid,11
2.5,D7_a-Keto-Butyric_Acid,11
2.75,D7_a-Keto-Butyric_Acid,11
3.0,D7_a-Keto-Butyric_Acid,11
3.25,D7_a-Keto-Butyric_Acid,11
3.5,D7_a-Keto-Butyric_Acid,11
3.75,D7_a-Keto-Butyric_Acid,11
4.0,D7_a-Keto-Butyric_Acid,11
4.25,D7_a-Keto-Butyric_Acid,11
4.5,D7_a-Keto-Butyric_Acid,11
4.75,D7_a-Keto-Butyric_Acid,11
5.0,D7_a-Keto-Butyric_Acid,11
5.25,D7_a-Keto-Butyric_Acid,11
5.5,D7_a-Keto-Butyric_Acid,11
5.75,D7_a-Keto-Butyric_Acid,11
6.0,D7_a-Keto-Butyric_Acid,11
6.25,D7_a-Keto-Butyric_Acid,11
6.5,D7_a-Keto-Butyric_Acid,11
6.75,D7_a-Keto-Butyric_Acid,11
7.0,D7_a-Keto-Butyric_Acid,12
7.25,D7_a-Keto-Butyric_Acid,11
7.5,D7_a-Keto-Butyric_Acid,11
7.75,D7_a-Keto-Butyric_Acid,11
8.0,D7_a-Keto-Butyric_Acid,11
8.25,D7_a-Keto-Butyric_Acid,11
8.5,D7_a-Keto-Butyric_Acid,11
8.75,D7_a-Keto-Butyric_Acid,11
9.0,D7_a-Keto-Butyric_Acid,11
9.25,D7_a-Keto-Butyric_Acid,11
9.5,D7_a-Keto-Butyric_Acid,11
9.75,D7_a-Keto-Butyric_Acid,11
10.0,D7_a-Keto-Butyric_Acid,11
10.25,D7_a-Keto-Butyric_Acid,11
10.5,D7_a-Keto-Butyric_Acid,11
10.75,D7_a-Keto-Butyric_Acid,11
11.0,D7_a-Keto-Butyric_Acid,11
11.25,D7_a-Keto-Butyric_Acid,11
11.5,D7_a-Keto-Butyric_Acid,11
11.75,D7_a-Keto-Butyric_Acid,11
12.0,D7_a-Keto-Butyric_Acid,11
12.25,D7_a-Keto-Butyric_Acid,11
12.5,D7_a-Keto-Butyric_Acid,11
12.75,D7_a-Keto-Butyric_Acid,11
13.0,D7_a-Keto-Butyric_Acid,11
13.25,D7_a-Keto-Butyric_Acid,12
13.5,D7_a-Keto-Butyric_Acid,13
13.75,D7_a-Keto-Butyric_Acid,12
14.0,D7_a-Keto-Butyric_Acid,12
14.25,D7_a-Keto-Butyric_Acid,13
14.5,D7_a-Keto-Butyric_Acid,11
14.75,D7_a-Keto-Butyric_Acid,14
15.0,D7_a-Keto-Butyric_Acid,11
15.25,D7_a-Keto-Butyric_Acid,11
15.5,D7_a-Keto-Butyric_Acid,11
15.75,D7_a-Keto-Butyric_Acid,14
16.0,D7_a-Keto-Butyric_Acid,14
16.25,D7_a-Keto-Butyric_Acid,11
16.5,D7_a-Keto-Butyric_Acid,11
16.75,D7_a-Keto-Butyric_Acid,11
17.0,D7_a-Keto-Butyric_Acid,12
17.25,D7_a-Keto-Butyric_Acid,16
17.5,D7_a-Keto-Butyric_Acid,12
17.75,D7_a-Keto-Butyric_Acid,13
18.0,D7_a-Keto-Butyric_Acid,16
18.25,D7_a-Keto-Butyric_Acid,16
18.5,D7_a-Keto-Butyric_Acid,15
18.75,D7_a-Keto-Butyric_Acid,13
19.0,D7_a-Keto-Butyric_Acid,11
19.25,D7_a-Keto-Butyric_Acid,14
19.5,D7_a-Keto-Butyric_Acid,13
19.75,D7_a-Keto-Butyric_Acid,14
20.0,D7_a-Keto-Butyric_Acid,17
20.25,D7_a-Keto-Butyric_Acid,15
20.5,D7_a-Keto-Butyric_Acid,16
20.75,D7_a-Keto-Butyric_Acid,14
21.0,D7_a-Keto-Butyric_Acid,16
21.25,D7_a-Keto-Butyric_Acid,15
21.5,D7_a-Keto-Butyric_Acid,22
21.75,D7_a-Keto-Butyric_Acid,17
22.0,D7_a-Keto-Butyric_Acid,17
22.25,D7_a-Keto-Butyric_Acid,18
22.5,D7_a-Keto-Butyric_Acid,17
22.75,D7_a-Keto-Butyric_Acid,16
23.0,D7_a-Keto-Butyric_Acid,18
23.25,D7_a-Keto-Butyric_Acid,15
23.5,D7_a-Keto-Butyric_Acid,17
23.75,D7_a-Keto-Butyric_Acid,12
24.0,D7_a-Keto-Butyric_Acid,13
24.25,D7_a-Keto-Butyric_Acid,19
24.5,D7_a-Keto-Butyric_Acid,16
24.75,D7_a-Keto-Butyric_Acid,18
25.0,D7_a-Keto-Butyric_Acid,16
25.25,D7_a-Keto-Butyric_Acid,19
25.5,D7_a-Keto-Butyric_Acid,20
25.75,D7_a-Keto-Butyric_Acid,17
26.0,D7_a-Keto-Butyric_Acid,17
26.25,D7_a-Keto-Butyric_Acid,20
26.5,D7_a-Keto-Butyric_Acid,18
26.75,D7_a-Keto-Butyric_Acid,12
27.0,D7_a-Keto-Butyric_Acid,20
27.25,D7_a-Keto-Butyric_Acid,23
27.5,D7_a-Keto-Butyric_Acid,17
27.75,D7_a-Keto-Butyric_Acid,15
28.0,D7_a-Keto-Butyric_Acid,21
28.25,D7_a-Keto-Butyric_Acid,22
28.5,D7_a-Keto-Butyric_Acid,23
28.75,D7_a-Keto-Butyric_Acid,23
29.0,D7_a-Keto-Butyric_Acid,20
29.25,D7_a-Keto-Butyric_Acid,21
29.5,D7_a-Keto-Butyric_Acid,20
29.75,D7_a-Keto-Butyric_Acid,17
30.0,D7_a-Keto-Butyric_Acid,24
30.25,D7_a-Keto-Butyric_Acid,20
30.5,D7_a-Keto-Butyric_Acid,21
30.75,D7_a-Keto-Butyric_Acid,20
31.0,D7_a-Keto-Butyric_Acid,17
31.25,D7_a-Keto-Butyric_Acid,23
31.5,D7_a-Keto-Butyric_Acid,22
31.75,D7_a-Keto-Butyric_Acid,21
32.0,D7_a-Keto-Butyric_Acid,21
32.25,D7_a-Keto-Butyric_Acid,21
32.5,D7_a-Keto-Butyric_Acid,19
32.75,D7_a-Keto-Butyric_Acid,20
33.0,D7_a-Keto-Butyric_Acid,19
33.25,D7_a-Keto-Butyric_Acid,19
33.5,D7_a-Keto-Butyric_Acid,17
33.75,D7_a-Keto-Butyric_Acid,25
34.0,D7_a-Keto-Butyric_Acid,22
34.25,D7_a-Keto-Butyric_Acid,21
34.5,D7_a-Keto-Butyric_Acid,20
34.75,D7_a-Keto-Butyric_Acid,22
35.0,D7_a-Keto-Butyric_Acid,24
35.25,D7_a-Keto-Butyric_Acid,24
35.5,D7_a-Keto-Butyric_Acid,23
35.75,D7_a-Keto-Butyric_Acid,23
36.0,D7_a-Keto-Butyric_Acid,22
36.25,D7_a-Keto-Butyric_Acid,21
36.5,D7_a-Keto-Butyric_Acid,21
36.75,D7_a-Keto-Butyric_Acid,24
37.0,D7_a-Keto-Butyric_Acid,23
37.25,D7_a-Keto-Butyric_Acid,19
37.5,D7_a-Keto-Butyric_Acid,22
37.75,D7_a-Keto-Butyric_Acid,25
38.0,D7_a-Keto-Butyric_Acid,22
38.25,D7_a-Keto-Butyric_Acid,24
38.5,D7_a-Keto-Butyric_Acid,26
38.75,D7_a-Keto-Butyric_Acid,20
39.0,D7_a-Keto-Butyric_Acid,23
39.25,D7_a-Keto-Butyric_Acid,24
39.5,D7_a-Keto-Butyric_Acid,22
39.75,D7_a-Keto-Butyric_Acid,25
40.0,D7_a-Keto-Butyric_Acid,26
40.25,D7_a-Keto-Butyric_Acid,21
40.5,D7_a-Keto-Butyric_Acid,19
40.75,D7_a-Keto-Butyric_Acid,28
41.0,D7_a-Keto-Butyric_Acid,23
41.25,D7_a-Keto-Butyric_Acid,25
41.5,D7_a-Keto-Butyric_Acid,23
41.75,D7_a-Keto-Butyric_Acid,22
42.0,D7_a-Keto-Butyric_Acid,26
42.25,D7_a-Keto-Butyric_Acid,26
42.5,D7_a-Keto-Butyric_Acid,23
42.75,D7_a-Keto-Butyric_Acid,26
43.0,D7_a-Keto-Butyric_Acid,21
43.25,D7_a-Keto-Butyric_Acid,22
43.5,D7_a-Keto-Butyric_Acid,19
43.75,D7_a-Keto-Butyric_Acid,24
44.0,D7_a-Keto-Butyric_Acid,25
44.25,D7_a-Keto-Butyric_Acid,28
44.5,D7_a-Keto-Butyric_Acid,25
44.75,D7_a-Keto-Butyric_Acid,26
45.0,D7_a-Keto-Butyric_Acid,22
45.25,D7_a-Keto-Butyric_Acid,22
45.5,D7_a-Keto-Butyric_Acid,24
45.75,D7_a-Keto-Butyric_Acid,21
46.0,D7_a-Keto-Butyric_Acid,24
46.25,D7_a-Keto-Butyric_Acid,29
46.5,D7_a-Keto-Butyric_Acid,25
46.75,D7_a-Keto-Butyric_Acid,27
47.0,D7_a-Keto-Butyric_Acid,24
47.25,D7_a-Keto-Butyric_Acid,24
47.5,D7_a-Keto-Butyric_Acid,31
47.75,D7_a-Keto-Butyric_Acid,24
48.0,D7_a-Keto-Butyric_Acid,27
48.25,D7_a-Keto-Butyric_Acid,26
0.0,D8_a-Methyl-D_Galactoside,11
0.25,D8_a-Methyl-D_Galactoside,11
0.5,D8_a-Methyl-D_Galactoside,11
0.75,D8_a-Methyl-D_Galactoside,11
1.0,D8_a-Methyl-D_Galactoside,11
1.25,D8_a-Methyl-D_Galactoside,11
1.5,D8_a-Methyl-D_Galactoside,11
1.75,D8_a-Methyl-D_Galactoside,11
2.0,D8_a-Methyl-D_Galactoside,11
2.25,D8_a-Methyl-D_Galactoside,11
2.5,D8_a-Methyl-D_Galactoside,11
2.75,D8_a-Methyl-D_Galactoside,11
3.0,D8_a-Methyl-D_Galactoside,11
3.25,D8_a-Methyl-D_Galactoside,11
3.5,D8_a-Methyl-D_Galactoside,11
3.75,D8_a-Methyl-D_Galactoside,11
4.0,D8_a-Methyl-D_Galactoside,11
4.25,D8_a-Methyl-D_Galactoside,11
4.5,D8_a-Methyl-D_Galactoside,11
4.75,D8_a-Methyl-D_Galactoside,11
5.0,D8_a-Methyl-D_Galactoside,11
5.25,D8_a-Methyl-D_Galactoside,11
5.5,D8_a-Methyl-D_Galactoside,11
5.75,D8_a-Methyl-D_Galactoside,11
6.0,D8_a-Methyl-D_Galactoside,11
6.25,D8_a-Methyl-D_Galactoside,11
6.5,D8_a-Methyl-D_Galactoside,11
6.75,D8_a-Methyl-D_Galactoside,11
7.0,D8_a-Methyl-D_Galactoside,11
7.25,D8_a-Methyl-D_Galactoside,11
7.5,D8_a-Methyl-D_Galactoside,11
7.75,D8_a-Methyl-D_Galactoside,11
8.0,D8_a-Methyl-D_Galactoside,11
8.25,D8_a-Methyl-D_Galactoside,11
8.5,D8_a-Methyl-D_Galactoside,11
8.75,D8_a-Methyl-D_Galactoside,11
9.0,D8_a-Methyl-D_Galactoside,11
9.25,D8_a-Methyl-D_Galactoside,11
9.5,D8_a-Methyl-D_Galactoside,11
9.75,D8_a-Methyl-D_Galactoside,11
10.0,D8_a-Methyl-D_Galactoside,11
10.25,D8_a-Methyl-D_Galactoside,11
10.5,D8_a-Methyl-D_Galactoside,11
10.75,D8_a-Methyl-D_Galactoside,11
11.0,D8_a-Methyl-D_Galactoside,11
11.25,D8_a-Methyl-D_Galactoside,11
11.5,D8_a-Methyl-D_Galactoside,11
11.75,D8_a-Methyl-D_Galactoside,11
12.0,D8_a-Methyl-D_Galactoside,11
12.25,D8_a-Methyl-D_Galactoside,11
12.5,D8_a-Methyl-D_Galactoside,11
12.75,D8_a-Methyl-D_Galactoside,11
13.0,D8_a-Methyl-D_Galactoside,11
13.25,D8_a-Methyl-D_Galactoside,11
13.5,D8_a-Methyl-D_Galactoside,11
13.75,D8_a-Methyl-D_Galactoside,12
14.0,D8_a-Methyl-D_Galactoside,11
14.25,D8_a-Methyl-D_Galactoside,11
14.5,D8_a-Methyl-D_Galactoside,11
14.75,D8_a-Methyl-D_Galactoside,11
15.0,D8_a-Methyl-D_Galactoside,11
15.25,D8_a-Methyl-D_Galactoside,11
15.5,D8_a-Methyl-D_Galactoside,11
15.75,D8_a-Methyl-D_Galactoside,11
16.0,D8_a-Methyl-D_Galactoside,11
16.25,D8_a-Methyl-D_Galactoside,11
16.5,D8_a-Methyl-D_Galactoside,11
16.75,D8_a-Methyl-D_Galactoside,11
17.0,D8_a-Methyl-D_Galactoside,13
17.25,D8_a-Methyl-D_Galactoside,12
17.5,D8_a-Methyl-D_Galactoside,11
17.75,D8_a-Methyl-D_Galactoside,11
18.0,D8_a-Methyl-D_Galactoside,11
18.25,D8_a-Methyl-D_Galactoside,11
18.5,D8_a-Methyl-D_Galactoside,12
18.75,D8_a-Methyl-D_Galactoside,14
19.0,D8_a-Methyl-D_Galactoside,11
19.25,D8_a-Methyl-D_Galactoside,11
19.5,D8_a-Methyl-D_Galactoside,11
19.75,D8_a-Methyl-D_Galactoside,11
20.0,D8_a-Methyl-D_Galactoside,13
20.25,D8_a-Methyl-D_Galactoside,12
20.5,D8_a-Methyl-D_Galactoside,12
20.75,D8_a-Methyl-D_Galactoside,11
21.0,D8_a-Methyl-D_Galactoside,11
21.25,D8_a-Methyl-D_Galactoside,14
21.5,D8_a-Methyl-D_Galactoside,11
21.75,D8_a-Methyl-D_Galactoside,11
22.0,D8_a-Methyl-D_Galactoside,13
22.25,D8_a-Methyl-D_Galactoside,14
22.5,D8_a-Methyl-D_Galactoside,12
22.75,D8_a-Methyl-D_Galactoside,11
23.0,D8_a-Methyl-D_Galactoside,14
23.25,D8_a-Methyl-D_Galactoside,11
23.5,D8_a-Methyl-D_Galactoside,16
23.75,D8_a-Methyl-D_Galactoside,14
24.0,D8_a-Methyl-D_Galactoside,13
24.25,D8_a-Methyl-D_Galactoside,15
24.5,D8_a-Methyl-D_Galactoside,11
24.75,D8_a-Methyl-D_Galactoside,15
25.0,D8_a-Methyl-D_Galactoside,15
25.25,D8_a-Methyl-D_Galactoside,15
25.5,D8_a-Methyl-D_Galactoside,17
25.75,D8_a-Methyl-D_Galactoside,13
26.0,D8_a-Methyl-D_Galactoside,12
26.25,D8_a-Methyl-D_Galactoside,14
26.5,D8_a-Methyl-D_Galactoside,11
26.75,D8_a-Methyl-D_Galactoside,11
27.0,D8_a-Methyl-D_Galactoside,15
27.25,D8_a-Methyl-D_Galactoside,16
27.5,D8_a-Methyl-D_Galactoside,16
27.75,D8_a-Methyl-D_Galactoside,16
28.0,D8_a-Methyl-D_Galactoside,11
28.25,D8_a-Methyl-D_Galactoside,15
28.5,D8_a-Methyl-D_Galactoside,14
28.75,D8_a-Methyl-D_Galactoside,14
29.0,D8_a-Methyl-D_Galactoside,12
29.25,D8_a-Methyl-D_Galactoside,15
29.5,D8_a-Methyl-D_Galactoside,18
29.75,D8_a-Methyl-D_Galactoside,13
30.0,D8_a-Methyl-D_Galactoside,12
30.25,D8_a-Methyl-D_Galactoside,14
30.5,D8_a-Methyl-D_Galactoside,14
30.75,D8_a-Methyl-D_Galactoside,15
31.0,D8_a-Methyl-D_Galactoside,17
31.25,D8_a-Methyl-D_Galactoside,17
31.5,D8_a-Methyl-D_Galactoside,16
31.75,D8_a-Methyl-D_Galactoside,16
32.0,D8_a-Methyl-D_Galactoside,15
32.25,D8_a-Methyl-D_Galactoside,16
32.5,D8_a-Methyl-D_Galactoside,15
32.75,D8_a-Methyl-D_Galactoside,13
33.0,D8_a-Methyl-D_Galactoside,12
33.25,D8_a-Methyl-D_Galactoside,11
33.5,D8_a-Methyl-D_Galactoside,11
33.75,D8_a-Methyl-D_Galactoside,13
34.0,D8_a-Methyl-D_Galactoside,14
34.25,D8_a-Methyl-D_Galactoside,13
34.5,D8_a-Methyl-D_Galactoside,15
34.75,D8_a-Methyl-D_Galactoside,14
35.0,D8_a-Methyl-D_Galactoside,14
35.25,D8_a-Methyl-D_Galactoside,15
35.5,D8_a-Methyl-D_Galactoside,14
35.75,D8_a-Methyl-D_Galactoside,11
36.0,D8_a-Methyl-D_Galactoside,15
36.25,D8_a-Methyl-D_Galactoside,12
36.5,D8_a-Methyl-D_Galactoside,12
36.75,D8_a-Methyl-D_Galactoside,16
37.0,D8_a-Methyl-D_Galactoside,12
37.25,D8_a-Methyl-D_Galactoside,12
37.5,D8_a-Methyl-D_Galactoside,11
37.75,D8_a-Methyl-D_Galactoside,11
38.0,D8_a-Methyl-D_Galactoside,11
38.25,D8_a-Methyl-D_Galactoside,13
38.5,D8_a-Methyl-D_Galactoside,11
38.75,D8_a-Methyl-D_Galactoside,11
39.0,D8_a-Methyl-D_Galactoside,13
39.25,D8_a-Methyl-D_Galactoside,17
39.5,D8_a-Methyl-D_Galactoside,11
39.75,D8_a-Methyl-D_Galactoside,12
40.0,D8_a-Methyl-D_Galactoside,11
40.25,D8_a-Methyl-D_Galactoside,12
40.5,D8_a-Methyl-D_Galactoside,14
40.75,D8_a-Methyl-D_Galactoside,12
41.0,D8_a-Methyl-D_Galactoside,12
41.25,D8_a-Methyl-D_Galactoside,13
41.5,D8_a-Methyl-D_Galactoside,11
41.75,D8_a-Methyl-D_Galactoside,11
42.0,D8_a-Methyl-D_Galactoside,18
42.25,D8_a-Methyl-D_Galactoside,11
42.5,D8_a-Methyl-D_Galactoside,12
42.75,D8_a-Methyl-D_Galactoside,14
43.0,D8_a-Methyl-D_Galactoside,11
43.25,D8_a-Methyl-D_Galactoside,13
43.5,D8_a-Methyl-D_Galactoside,14
43.75,D8_a-Methyl-D_Galactoside,11
44.0,D8_a-Methyl-D_Galactoside,11
44.25,D8_a-Methyl-D_Galactoside,11
44.5,D8_a-Methyl-D_Galactoside,11
44.75,D8_a-Methyl-D_Galactoside,11
45.0,D8_a-Methyl-D_Galactoside,11
45.25,D8_a-Methyl-D_Galactoside,14
45.5,D8_a-Methyl-D_Galactoside,13
45.75,D8_a-Methyl-D_Galactoside,12
46.0,D8_a-Methyl-D_Galactoside,11
46.25,D8_a-Methyl-D_Galactoside,12
46.5,D8_a-Methyl-D_Galactoside,12
46.75,D8_a-Methyl-D_Galactoside,11
47.0,D8_a-Methyl-D_Galactoside,12
47.25,D8_a-Methyl-D_Galactoside,15
47.5,D8_a-Methyl-D_Galactoside,11
47.75,D8_a-Methyl-D_Galactoside,14
48.0,D8_a-Methyl-D_Galactoside,14
48.25,D8_a-Methyl-D_Galactoside,15
0.0,D9_a-D-Lactose,11
0.25,D9_a-D-Lactose,11
0.5,D9_a-D-Lactose,11
0.75,D9_a-D-Lactose,11
1.0,D9_a-D-Lactose,11
1.25,D9_a-D-Lactose,11
1.5,D9_a-D-Lactose,11
1.75,D9_a-D-Lactose,11
2.0,D9_a-D-Lactose,11
2.25,D9_a-D-Lactose,11
2.5,D9_a-D-Lactose,11
2.75,D9_a-D-Lactose,11
3.0,D9_a-D-Lactose,11
3.25,D9_a-D-Lactose,11
3.5,D9_a-D-Lactose,11
3.75,D9_a-D-Lactose,11
4.0,D9_a-D-Lactose,11
4.25,D9_a-D-Lactose,11
4.5,D9_a-D-Lactose,11
4.75,D9_a-D-Lactose,11
5.0,D9_a-D-Lactose,11
5.25,D9_a-D-Lactose,11
5.5,D9_a-D-Lactose,11
5.75,D9_a-D-Lactose,11
6.0,D9_a-D-Lactose,11
6.25,D9_a-D-Lactose,11
6.5,D9_a-D-Lactose,11
6.75,D9_a-D-Lactose,11
7.0,D9_a-D-Lactose,11
7.25,D9_a-D-Lactose,11
7.5,D9_a-D-Lactose,11
7.75,D9_a-D-Lactose,11
8.0,D9_a-D-Lactose,11
8.25,D9_a-D-Lactose,11
8.5,D9_a-D-Lactose,11
8.75,D9_a-D-Lactose,11
9.0,D9_a-D-Lactose,11
9.25,D9_a-D-Lactose,11
9.5,D9_a-D-Lactose,11
9.75,D9_a-D-Lactose,11
10.0,D9_a-D-Lactose,11
10.25,D9_a-D-Lactose,11
10.5,D9_a-D-Lactose,11
10.75,D9_a-D-Lactose,12
11.0,D9_a-D-Lactose,11
11.25,D9_a-D-Lactose,11
11.5,D9_a-D-Lactose,11
11.75,D9_a-D-Lactose,11
12.0,D9_a-D-Lactose,11
12.25,D9_a-D-Lactose,11
12.5,D9_a-D-Lactose,11
12.75,D9_a-D-Lactose,12
13.0,D9_a-D-Lactose,11
13.25,D9_a-D-Lactose,11
13.5,D9_a-D-Lactose,15
13.75,D9_a-D-Lactose,11
14.0,D9_a-D-Lactose,11
14.25,D9_a-D-Lactose,13
14.5,D9_a-D-Lactose,12
14.75,D9_a-D-Lactose,12
15.0,D9_a-D-Lactose,11
15.25,D9_a-D-Lactose,11
15.5,D9_a-D-Lactose,11
15.75,D9_a-D-Lactose,11
16.0,D9_a-D-Lactose,18
16.25,D9_a-D-Lactose,11
16.5,D9_a-D-Lactose,11
16.75,D9_a-D-Lactose,14
17.0,D9_a-D-Lactose,11
17.25,D9_a-D-Lactose,14
17.5,D9_a-D-Lactose,15
17.75,D9_a-D-Lactose,14
18.0,D9_a-D-Lactose,13
18.25,D9_a-D-Lactose,14
18.5,D9_a-D-Lactose,12
18.75,D9_a-D-Lactose,15
19.0,D9_a-D-Lactose,15
19.25,D9_a-D-Lactose,12
19.5,D9_a-D-Lactose,15
19.75,D9_a-D-Lactose,11
20.0,D9_a-D-Lactose,12
20.25,D9_a-D-Lactose,18
20.5,D9_a-D-Lactose,18
20.75,D9_a-D-Lactose,17
21.0,D9_a-D-Lactose,12
21.25,D9_a-D-Lactose,18
21.5,D9_a-D-Lactose,20
21.75,D9_a-D-Lactose,16
22.0,D9_a-D-Lactose,17
22.25,D9_a-D-Lactose,12
22.5,D9_a-D-Lactose,15
22.75,D9_a-D-Lactose,13
23.0,D9_a-D-Lactose,12
23.25,D9_a-D-Lactose,18
23.5,D9_a-D-Lactose,17
23.75,D9_a-D-Lactose,18
24.0,D9_a-D-Lactose,19
24.25,D9_a-D-Lactose,16
24.5,D9_a-D-Lactose,14
24.75,D9_a-D-Lactose,13
25.0,D9_a-D-Lactose,18
25.25,D9_a-D-Lactose,17
25.5,D9_a-D-Lactose,17
25.75,D9_a-D-Lactose,22
26.0,D9_a-D-Lactose,13
26.25,D9_a-D-Lactose,21
26.5,D9_a-D-Lactose,16
26.75,D9_a-D-Lactose,14
27.0,D9_a-D-Lactose,17
27.25,D9_a-D-Lactose,15
27.5,D9_a-D-Lactose,17
27.75,D9_a-D-Lactose,18
28.0,D9_a-D-Lactose,15
28.25,D9_a-D-Lactose,18
28.5,D9_a-D-Lactose,18
28.75,D9_a-D-Lactose,15
29.0,D9_a-D-Lactose,18
29.25,D9_a-D-Lactose,15
29.5,D9_a-D-Lactose,19
29.75,D9_a-D-Lactose,15
30.0,D9_a-D-Lactose,16
30.25,D9_a-D-Lactose,16
30.5,D9_a-D-Lactose,21
30.75,D9_a-D-Lactose,19
31.0,D9_a-D-Lactose,14
31.25,D9_a-D-Lactose,20
31.5,D9_a-D-Lactose,15
31.75,D9_a-D-Lactose,15
32.0,D9_a-D-Lactose,17
32.25,D9_a-D-Lactose,20
32.5,D9_a-D-Lactose,14
32.75,D9_a-D-Lactose,16
33.0,D9_a-D-Lactose,20
33.25,D9_a-D-Lactose,15
33.5,D9_a-D-Lactose,16
33.75,D9_a-D-Lactose,17
34.0,D9_a-D-Lactose,16
34.25,D9_a-D-Lactose,19
34.5,D9_a-D-Lactose,15
34.75,D9_a-D-Lactose,18
35.0,D9_a-D-Lactose,18
35.25,D9_a-D-Lactose,14
35.5,D9_a-D-Lactose,16
35.75,D9_a-D-Lactose,19
36.0,D9_a-D-Lactose,18
36.25,D9_a-D-Lactose,15
36.5,D9_a-D-Lactose,18
36.75,D9_a-D-Lactose,18
37.0,D9_a-D-Lactose,19
37.25,D9_a-D-Lactose,17
37.5,D9_a-D-Lactose,15
37.75,D9_a-D-Lactose,18
38.0,D9_a-D-Lactose,16
38.25,D9_a-D-Lactose,16
38.5,D9_a-D-Lactose,14
38.75,D9_a-D-Lactose,16
39.0,D9_a-D-Lactose,14
39.25,D9_a-D-Lactose,17
39.5,D9_a-D-Lactose,17
39.75,D9_a-D-Lactose,18
40.0,D9_a-D-Lactose,15
40.25,D9_a-D-Lactose,17
40.5,D9_a-D-Lactose,17
40.75,D9_a-D-Lactose,16
41.0,D9_a-D-Lactose,15
41.25,D9_a-D-Lactose,17
41.5,D9_a-D-Lactose,17
41.75,D9_a-D-Lactose,15
42.0,D9_a-D-Lactose,17
42.25,D9_a-D-Lactose,21
42.5,D9_a-D-Lactose,14
42.75,D9_a-D-Lactose,19
43.0,D9_a-D-Lactose,17
43.25,D9_a-D-Lactose,13
43.5,D9_a-D-Lactose,17
43.75,D9_a-D-Lactose,15
44.0,D9_a-D-Lactose,14
44.25,D9_a-D-Lactose,14
44.5,D9_a-D-Lactose,16
44.75,D9_a-D-Lactose,18
45.0,D9_a-D-Lactose,12
45.25,D9_a-D-Lactose,14
45.5,D9_a-D-Lactose,15
45.75,D9_a-D-Lactose,18
46.0,D9_a-D-Lactose,16
46.25,D9_a-D-Lactose,16
46.5,D9_a-D-Lactose,13
46.75,D9_a-D-Lactose,18
47.0,D9_a-D-Lactose,15
47.25,D9_a-D-Lactose,17
47.5,D9_a-D-Lactose,18
47.75,D9_a-D-Lactose,20
48.0,D9_a-D-Lactose,13
48.25,D9_a-D-Lactose,22
0.0,D10_Lactulose,11
0.25,D10_Lactulose,11
0.5,D10_Lactulose,11
0.75,D10_Lactulose,11
1.0,D10_Lactulose,11
1.25,D10_Lactulose,11
1.5,D10_Lactulose,11
1.75,D10_Lactulose,11
2.0,D10_Lactulose,11
2.25,D10_Lactulose,11
2.5,D10_Lactulose,11
2.75,D10_Lactulose,11
3.0,D10_Lactulose,11
3.25,D10_Lactulose,11
3.5,D10_Lactulose,11
3.75,D10_Lactulose,11
4.0,D10_Lactulose,11
4.25,D10_Lactulose,11
4.5,D10_Lactulose,11
4.75,D10_Lactulose,11
5.0,D10_Lactulose,11
5.25,D10_Lactulose,11
5.5,D10_Lactulose,11
5.75,D10_Lactulose,11
6.0,D10_Lactulose,11
6.25,D10_Lactulose,11
6.5,D10_Lactulose,11
6.75,D10_Lactulose,11
7.0,D10_Lactulose,11
7.25,D10_Lactulose,11
7.5,D10_Lactulose,11
7.75,D10_Lactulose,11
8.0,D10_Lactulose,13
8.25,D10_Lactulose,11
8.5,D10_Lactulose,11
8.75,D10_Lactulose,11
9.0,D10_Lactulose,11
9.25,D10_Lactulose,12
9.5,D10_Lactulose,11
9.75,D10_Lactulose,11
10.0,D10_Lactulose,11
10.25,D10_Lactulose,11
10.5,D10_Lactulose,11
10.75,D10_Lactulose,12
11.0,D10_Lactulose,14
11.25,D10_Lactulose,11
11.5,D10_Lactulose,13
11.75,D10_Lactulose,11
12.0,D10_Lactulose,11
12.25,D10_Lactulose,11
12.5,D10_Lactulose,11
12.75,D10_Lactulose,11
13.0,D10_Lactulose,12
13.25,D10_Lactulose,11
13.5,D10_Lactulose,12
13.75,D10_Lactulose,11
14.0,D10_Lactulose,12
14.25,D10_Lactulose,12
14.5,D10_Lactulose,11
14.75,D10_Lactulose,13
15.0,D10_Lactulose,12
15.25,D10_Lactulose,11
15.5,D10_Lactulose,11
15.75,D10_Lactulose,11
16.0,D10_Lactulose,11
16.25,D10_Lactulose,13
16.5,D10_Lactulose,11
16.75,D10_Lactulose,11
17.0,D10_Lactulose,15
17.25,D10_Lactulose,12
17.5,D10_Lactulose,12
17.75,D10_Lactulose,15
18.0,D10_Lactulose,12
18.25,D10_Lactulose,15
18.5,D10_Lactulose,13
18.75,D10_Lactulose,12
19.0,D10_Lactulose,11
19.25,D10_Lactulose,14
19.5,D10_Lactulose,11
19.75,D10_Lactulose,14
20.0,D10_Lactulose,13
20.25,D10_Lactulose,16
20.5,D10_Lactulose,18
20.75,D10_Lactulose,16
21.0,D10_Lactulose,13
21.25,D10_Lactulose,18
21.5,D10_Lactulose,17
21.75,D10_Lactulose,14
22.0,D10_Lactulose,22
22.25,D10_Lactulose,15
22.5,D10_Lactulose,18
22.75,D10_Lactulose,15
23.0,D10_Lactulose,13
23.25,D10_Lactulose,15
23.5,D10_Lactulose,17
23.75,D10_Lactulose,16
24.0,D10_Lactulose,16
24.25,D10_Lactulose,19
24.5,D10_Lactulose,13
24.75,D10_Lactulose,18
25.0,D10_Lactulose,13
25.25,D10_Lactulose,16
25.5,D10_Lactulose,17
25.75,D10_Lactulose,19
26.0,D10_Lactulose,15
26.25,D10_Lactulose,15
26.5,D10_Lactulose,19
26.75,D10_Lactulose,16
27.0,D10_Lactulose,19
27.25,D10_Lactulose,16
27.5,D10_Lactulose,16
27.75,D10_Lactulose,18
28.0,D10_Lactulose,18
28.25,D10_Lactulose,17
28.5,D10_Lactulose,11
28.75,D10_Lactulose,19
29.0,D10_Lactulose,13
29.25,D10_Lactulose,15
29.5,D10_Lactulose,15
29.75,D10_Lactulose,15
30.0,D10_Lactulose,14
30.25,D10_Lactulose,14
30.5,D10_Lactulose,12
30.75,D10_Lactulose,18
31.0,D10_Lactulose,17
31.25,D10_Lactulose,19
31.5,D10_Lactulose,14
31.75,D10_Lactulose,17
32.0,D10_Lactulose,18
32.25,D10_Lactulose,14
32.5,D10_Lactulose,16
32.75,D10_Lactulose,15
33.0,D10_Lactulose,14
33.25,D10_Lactulose,14
33.5,D10_Lactulose,15
33.75,D10_Lactulose,21
34.0,D10_Lactulose,16
34.25,D10_Lactulose,16
34.5,D10_Lactulose,15
34.75,D10_Lactulose,14
35.0,D10_Lactulose,14
35.25,D10_Lactulose,15
35.5,D10_Lactulose,14
35.75,D10_Lactulose,16
36.0,D10_Lactulose,18
36.25,D10_Lactulose,18
36.5,D10_Lactulose,17
36.75,D10_Lactulose,15
37.0,D10_Lactulose,17
37.25,D10_Lactulose,16
37.5,D10_Lactulose,18
37.75,D10_Lactulose,18
38.0,D10_Lactulose,15
38.25,D10_Lactulose,18
38.5,D10_Lactulose,17
38.75,D10_Lactulose,20
39.0,D10_Lactulose,17
39.25,D10_Lactulose,11
39.5,D10_Lactulose,17
39.75,D10_Lactulose,20
40.0,D10_Lactulose,15
40.25,D10_Lactulose,15
40.5,D10_Lactulose,13
40.75,D10_Lactulose,18
41.0,D10_Lactulose,15
41.25,D10_Lactulose,17
41.5,D10_Lactulose,17
41.75,D10_Lactulose,19
42.0,D10_Lactulose,16
42.25,D10_Lactulose,21
42.5,D10_Lactulose,22
42.75,D10_Lactulose,18
43.0,D10_Lactulose,17
43.25,D10_Lactulose,15
43.5,D10_Lactulose,16
43.75,D10_Lactulose,12
44.0,D10_Lactulose,17
44.25,D10_Lactulose,13
44.5,D10_Lactulose,13
44.75,D10_Lactulose,14
45.0,D10_Lactulose,13
45.25,D10_Lactulose,16
45.5,D10_Lactulose,21
45.75,D10_Lactulose,12
46.0,D10_Lactulose,17
46.25,D10_Lactulose,18
46.5,D10_Lactulose,15
46.75,D10_Lactulose,16
47.0,D10_Lactulose,19
47.25,D10_Lactulose,18
47.5,D10_Lactulose,18
47.75,D10_Lactulose,23
48.0,D10_Lactulose,17
48.25,D10_Lactulose,18
0.0,D11_Sucrose,11
0.25,D11_Sucrose,11
0.5,D11_Sucrose,11
0.75,D11_Sucrose,11
1.0,D11_Sucrose,11
1.25,D11_Sucrose,11
1.5,D11_Sucrose,11
1.75,D11_Sucrose,11
2.0,D11_Sucrose,11
2.25,D11_Sucrose,11
2.5,D11_Sucrose,11
2.75,D11_Sucrose,11
3.0,D11_Sucrose,11
3.25,D11_Sucrose,11
3.5,D11_Sucrose,11
3.75,D11_Sucrose,11
4.0,D11_Sucrose,11
4.25,D11_Sucrose,11
4.5,D11_Sucrose,15
4.75,D11_Sucrose,11
5.0,D11_Sucrose,12
5.25,D11_Sucrose,11
5.5,D11_Sucrose,11
5.75,D11_Sucrose,11
6.0,D11_Sucrose,11
6.25,D11_Sucrose,11
6.5,D11_Sucrose,11
6.75,D11_Sucrose,11
7.0,D11_Sucrose,11
7.25,D11_Sucrose,11
7.5,D11_Sucrose,11
7.75,D11_Sucrose,11
8.0,D11_Sucrose,11
8.25,D11_Sucrose,11
8.5,D11_Sucrose,11
8.75,D11_Sucrose,11
9.0,D11_Sucrose,11
9.25,D11_Sucrose,13
9.5,D11_Sucrose,11
9.75,D11_Sucrose,11
10.0,D11_Sucrose,11
10.25,D11_Sucrose,11
10.5,D11_Sucrose,11
10.75,D11_Sucrose,14
11.0,D11_Sucrose,14
11.25,D11_Sucrose,12
11.5,D11_Sucrose,11
11.75,D11_Sucrose,11
12.0,D11_Sucrose,11
12.25,D11_Sucrose,14
12.5,D11_Sucrose,12
12.75,D11_Sucrose,12
13.0,D11_Sucrose,14
13.25,D11_Sucrose,11
13.5,D11_Sucrose,16
13.75,D11_Sucrose,13
14.0,D11_Sucrose,15
14.25,D11_Sucrose,14
14.5,D11_Sucrose,14
14.75,D11_Sucrose,12
15.0,D11_Sucrose,17
15.25,D11_Sucrose,12
15.5,D11_Sucrose,13
15.75,D11_Sucrose,13
16.0,D11_Sucrose,19
16.25,D11_Sucrose,16
16.5,D11_Sucrose,14
16.75,D11_Sucrose,16
17.0,D11_Sucrose,15
17.25,D11_Sucrose,15
17.5,D11_Sucrose,15
17.75,D11_Sucrose,21
18.0,D11_Sucrose,15
18.25,D11_Sucrose,17
18.5,D11_Sucrose,21
18.75,D11_Sucrose,18
19.0,D11_Sucrose,16
19.25,D11_Sucrose,15
19.5,D11_Sucrose,13
19.75,D11_Sucrose,17
20.0,D11_Sucrose,17
20.25,D11_Sucrose,18
20.5,D11_Sucrose,21
20.75,D11_Sucrose,19
21.0,D11_Sucrose,22
21.25,D11_Sucrose,18
21.5,D11_Sucrose,17
21.75,D11_Sucrose,16
22.0,D11_Sucrose,18
22.25,D11_Sucrose,20
22.5,D11_Sucrose,17
22.75,D11_Sucrose,16
23.0,D11_Sucrose,18
23.25,D11_Sucrose,20
23.5,D11_Sucrose,17
23.75,D11_Sucrose,16
24.0,D11_Sucrose,19
24.25,D11_Sucrose,18
24.5,D11_Sucrose,18
24.75,D11_Sucrose,15
25.0,D11_Sucrose,20
25.25,D11_Sucrose,20
25.5,D11_Sucrose,21
25.75,D11_Sucrose,19
26.0,D11_Sucrose,20
26.25,D11_Sucrose,20
26.5,D11_Sucrose,21
26.75,D11_Sucrose,17
27.0,D11_Sucrose,20
27.25,D11_Sucrose,20
27.5,D11_Sucrose,20
27.75,D11_Sucrose,19
28.0,D11_Sucrose,24
28.25,D11_Sucrose,23
28.5,D11_Sucrose,21
28.75,D11_Sucrose,18
29.0,D11_Sucrose,18
29.25,D11_Sucrose,19
29.5,D11_Sucrose,17
29.75,D11_Sucrose,19
30.0,D11_Sucrose,16
30.25,D11_Sucrose,22
30.5,D11_Sucrose,24
30.75,D11_Sucrose,21
31.0,D11_Sucrose,14
31.25,D11_Sucrose,20
31.5,D11_Sucrose,22
31.75,D11_Sucrose,21
32.0,D11_Sucrose,14
32.25,D11_Sucrose,15
32.5,D11_Sucrose,18
32.75,D11_Sucrose,20
33.0,D11_Sucrose,19
33.25,D11_Sucrose,17
33.5,D11_Sucrose,20
33.75,D11_Sucrose,22
34.0,D11_Sucrose,20
34.25,D11_Sucrose,19
34.5,D11_Sucrose,21
34.75,D11_Sucrose,20
35.0,D11_Sucrose,22
35.25,D11_Sucrose,21
35.5,D11_Sucrose,21
35.75,D11_Sucrose,19
36.0,D11_Sucrose,16
36.25,D11_Sucrose,20
36.5,D11_Sucrose,22
36.75,D11_Sucrose,16
37.0,D11_Sucrose,15
37.25,D11_Sucrose,19
37.5,D11_Sucrose,20
37.75,D11_Sucrose,24
38.0,D11_Sucrose,19
38.25,D11_Sucrose,13
38.5,D11_Sucrose,20
38.75,D11_Sucrose,22
39.0,D11_Sucrose,17
39.25,D11_Sucrose,22
39.5,D11_Sucrose,16
39.75,D11_Sucrose,21
40.0,D11_Sucrose,25
40.25,D11_Sucrose,17
40.5,D11_Sucrose,21
40.75,D11_Sucrose,19
41.0,D11_Sucrose,17
41.25,D11_Sucrose,19
41.5,D11_Sucrose,20
41.75,D11_Sucrose,18
42.0,D11_Sucrose,17
42.25,D11_Sucrose,23
42.5,D11_Sucrose,17
42.75,D11_Sucrose,23
43.0,D11_Sucrose,13
43.25,D11_Sucrose,14
43.5,D11_Sucrose,18
43.75,D11_Sucrose,16
44.0,D11_Sucrose,14
44.25,D11_Sucrose,17
44.5,D11_Sucrose,18
44.75,D11_Sucrose,18
45.0,D11_Sucrose,17
45.25,D11_Sucrose,18
45.5,D11_Sucrose,16
45.75,D11_Sucrose,15
46.0,D11_Sucrose,18
46.25,D11_Sucrose,21
46.5,D11_Sucrose,21
46.75,D11_Sucrose,23
47.0,D11_Sucrose,18
47.25,D11_Sucrose,20
47.5,D11_Sucrose,19
47.75,D11_Sucrose,19
48.0,D11_Sucrose,18
48.25,D11_Sucrose,16
0.0,D12_Uridine,20
0.25,D12_Uridine,17
0.5,D12_Uridine,17
0.75,D12_Uridine,19
1.0,D12_Uridine,19
1.25,D12_Uridine,20
1.5,D12_Uridine,20
1.75,D12_Uridine,21
2.0,D12_Uridine,21
2.25,D12_Uridine,17
2.5,D12_Uridine,19
2.75,D12_Uridine,21
3.0,D12_Uridine,17
3.25,D12_Uridine,18
3.5,D12_Uridine,19
3.75,D12_Uridine,13
4.0,D12_Uridine,19
4.25,D12_Uridine,20
4.5,D12_Uridine,20
4.75,D12_Uridine,19
5.0,D12_Uridine,23
5.25,D12_Uridine,18
5.5,D12_Uridine,17
5.75,D12_Uridine,14
6.0,D12_Uridine,17
6.25,D12_Uridine,16
6.5,D12_Uridine,20
6.75,D12_Uridine,20
7.0,D12_Uridine,20
7.25,D12_Uridine,20
7.5,D12_Uridine,20
7.75,D12_Uridine,16
8.0,D12_Uridine,22
8.25,D12_Uridine,18
8.5,D12_Uridine,18
8.75,D12_Uridine,20
9.0,D12_Uridine,16
9.25,D12_Uridine,19
9.5,D12_Uridine,16
9.75,D12_Uridine,16
10.0,D12_Uridine,15
10.25,D12_Uridine,18
10.5,D12_Uridine,21
10.75,D12_Uridine,23
11.0,D12_Uridine,18
11.25,D12_Uridine,19
11.5,D12_Uridine,16
11.75,D12_Uridine,18
12.0,D12_Uridine,19
12.25,D12_Uridine,22
12.5,D12_Uridine,19
12.75,D12_Uridine,21
13.0,D12_Uridine,22
13.25,D12_Uridine,17
13.5,D12_Uridine,21
13.75,D12_Uridine,25
14.0,D12_Uridine,18
14.25,D12_Uridine,24
14.5,D12_Uridine,23
14.75,D12_Uridine,23
15.0,D12_Uridine,25
15.25,D12_Uridine,18
15.5,D12_Uridine,19
15.75,D12_Uridine,23
16.0,D12_Uridine,24
16.25,D12_Uridine,23
16.5,D12_Uridine,19
16.75,D12_Uridine,22
17.0,D12_Uridine,28
17.25,D12_Uridine,26
17.5,D12_Uridine,27
17.75,D12_Uridine,24
18.0,D12_Uridine,22
18.25,D12_Uridine,26
18.5,D12_Uridine,28
18.75,D12_Uridine,24
19.0,D12_Uridine,21
19.25,D12_Uridine,25
19.5,D12_Uridine,28
19.75,D12_Uridine,32
20.0,D12_Uridine,30
20.25,D12_Uridine,30
20.5,D12_Uridine,29
20.75,D12_Uridine,26
21.0,D12_Uridine,29
21.25,D12_Uridine,29
21.5,D12_Uridine,29
21.75,D12_Uridine,26
22.0,D12_Uridine,27
22.25,D12_Uridine,31
22.5,D12_Uridine,33
22.75,D12_Uridine,29
23.0,D12_Uridine,28
23.25,D12_Uridine,31
23.5,D12_Uridine,29
23.75,D12_Uridine,29
24.0,D12_Uridine,29
24.25,D12_Uridine,31
24.5,D12_Uridine,32
24.75,D12_Uridine,30
25.0,D12_Uridine,34
25.25,D12_Uridine,32
25.5,D12_Uridine,31
25.75,D12_Uridine,30
26.0,D12_Uridine,28
26.25,D12_Uridine,34
26.5,D12_Uridine,29
26.75,D12_Uridine,31
27.0,D12_Uridine,30
27.25,D12_Uridine,26
27.5,D12_Uridine,27
27.75,D12_Uridine,27
28.0,D12_Uridine,35
28.25,D12_Uridine,34
28.5,D12_Uridine,26
28.75,D12_Uridine,30
29.0,D12_Uridine,32
29.25,D12_Uridine,31
29.5,D12_Uridine,32
29.75,D12_Uridine,28
30.0,D12_Uridine,31
30.25,D12_Uridine,32
30.5,D12_Uridine,31
30.75,D12_Uridine,30
31.0,D12_Uridine,30
31.25,D12_Uridine,30
31.5,D12_Uridine,30
31.75,D12_Uridine,35
32.0,D12_Uridine,28
32.25,D12_Uridine,29
32.5,D12_Uridine,32
32.75,D12_Uridine,31
33.0,D12_Uridine,32
33.25,D12_Uridine,31
33.5,D12_Uridine,29
33.75,D12_Uridine,28
34.0,D12_Uridine,27
34.25,D12_Uridine,32
34.5,D12_Uridine,33
34.75,D12_Uridine,32
35.0,D12_Uridine,29
35.25,D12_Uridine,29
35.5,D12_Uridine,30
35.75,D12_Uridine,29
36.0,D12_Uridine,30
36.25,D12_Uridine,31
36.5,D12_Uridine,31
36.75,D12_Uridine,31
37.0,D12_Uridine,27
37.25,D12_Uridine,25
37.5,D12_Uridine,29
37.75,D12_Uridine,29
38.0,D12_Uridine,29
38.25,D12_Uridine,28
38.5,D12_Uridine,31
38.75,D12_Uridine,27
39.0,D12_Uridine,27
39.25,D12_Uridine,28
39.5,D12_Uridine,24
39.75,D12_Uridine,27
40.0,D12_Uridine,31
40.25,D12_Uridine,31
40.5,D12_Uridine,25
40.75,D12_Uridine,29
41.0,D12_Uridine,28
41.25,D12_Uridine,31
41.5,D12_Uridine,27
41.75,D12_Uridine,28
42.0,D12_Uridine,32
42.25,D12_Uridine,29
42.5,D12_Uridine,28
42.75,D12_Uridine,28
43.0,D12_Uridine,26
43.25,D12_Uridine,26
43.5,D12_Uridine,27
43.75,D12_Uridine,27
44.0,D12_Uridine,29
44.25,D12_Uridine,29
44.5,D12_Uridine,26
44.75,D12_Uridine,30
45.0,D12_Uridine,28
45.25,D12_Uridine,25
45.5,D12_Uridine,30
45.75,D12_Uridine,32
46.0,D12_Uridine,26
46.25,D12_Uridine,27
46.5,D12_Uridine,28
46.75,D12_Uridine,30
47.0,D12_Uridine,30
47.25,D12_Uridine,30
47.5,D12_Uridine,26
47.75,D12_Uridine,30
48.0,D12_Uridine,29
48.25,D12_Uridine,33
0.0,E1_L-Glutamine,18
0.25,E1_L-Glutamine,19
0.5,E1_L-Glutamine,15
0.75,E1_L-Glutamine,18
1.0,E1_L-Glutamine,15
1.25,E1_L-Glutamine,15
1.5,E1_L-Glutamine,15
1.75,E1_L-Glutamine,15
2.0,E1_L-Glutamine,13
2.25,E1_L-Glutamine,15
2.5,E1_L-Glutamine,14
2.75,E1_L-Glutamine,12
3.0,E1_L-Glutamine,15
3.25,E1_L-Glutamine,12
3.5,E1_L-Glutamine,12
3.75,E1_L-Glutamine,12
4.0,E1_L-Glutamine,16
4.25,E1_L-Glutamine,13
4.5,E1_L-Glutamine,15
4.75,E1_L-Glutamine,14
5.0,E1_L-Glutamine,14
5.25,E1_L-Glutamine,12
5.5,E1_L-Glutamine,15
5.75,E1_L-Glutamine,14
6.0,E1_L-Glutamine,17
6.25,E1_L-Glutamine,13
6.5,E1_L-Glutamine,14
6.75,E1_L-Glutamine,15
7.0,E1_L-Glutamine,19
7.25,E1_L-Glutamine,18
7.5,E1_L-Glutamine,11
7.75,E1_L-Glutamine,11
8.0,E1_L-Glutamine,20
8.25,E1_L-Glutamine,14
8.5,E1_L-Glutamine,15
8.75,E1_L-Glutamine,16
9.0,E1_L-Glutamine,14
9.25,E1_L-Glutamine,17
9.5,E1_L-Glutamine,12
9.75,E1_L-Glutamine,13
10.0,E1_L-Glutamine,16
10.25,E1_L-Glutamine,18
10.5,E1_L-Glutamine,16
10.75,E1_L-Glutamine,16
11.0,E1_L-Glutamine,17
11.25,E1_L-Glutamine,16
11.5,E1_L-Glutamine,19
11.75,E1_L-Glutamine,16
12.0,E1_L-Glutamine,16
12.25,E1_L-Glutamine,18
12.5,E1_L-Glutamine,19
12.75,E1_L-Glutamine,18
13.0,E1_L-Glutamine,16
13.25,E1_L-Glutamine,18
13.5,E1_L-Glutamine,22
13.75,E1_L-Glutamine,23
14.0,E1_L-Glutamine,22
14.25,E1_L-Glutamine,19
14.5,E1_L-Glutamine,22
14.75,E1_L-Glutamine,18
15.0,E1_L-Glutamine,18
15.25,E1_L-Glutamine,18
15.5,E1_L-Glutamine,18
15.75,E1_L-Glutamine,19
16.0,E1_L-Glutamine,21
16.25,E1_L-Glutamine,22
16.5,E1_L-Glutamine,19
16.75,E1_L-Glutamine,15
17.0,E1_L-Glutamine,21
17.25,E1_L-Glutamine,19
17.5,E1_L-Glutamine,22
17.75,E1_L-Glutamine,19
18.0,E1_L-Glutamine,20
18.25,E1_L-Glutamine,25
18.5,E1_L-Glutamine,25
18.75,E1_L-Glutamine,23
19.0,E1_L-Glutamine,23
19.25,E1_L-Glutamine,20
19.5,E1_L-Glutamine,18
19.75,E1_L-Glutamine,17
20.0,E1_L-Glutamine,25
20.25,E1_L-Glutamine,22
20.5,E1_L-Glutamine,22
20.75,E1_L-Glutamine,21
21.0,E1_L-Glutamine,20
21.25,E1_L-Glutamine,25
21.5,E1_L-Glutamine,26
21.75,E1_L-Glutamine,23
22.0,E1_L-Glutamine,25
22.25,E1_L-Glutamine,25
22.5,E1_L-Glutamine,27
22.75,E1_L-Glutamine,29
23.0,E1_L-Glutamine,26
23.25,E1_L-Glutamine,24
23.5,E1_L-Glutamine,27
23.75,E1_L-Glutamine,25
24.0,E1_L-Glutamine,27
24.25,E1_L-Glutamine,25
24.5,E1_L-Glutamine,27
24.75,E1_L-Glutamine,24
25.0,E1_L-Glutamine,26
25.25,E1_L-Glutamine,30
25.5,E1_L-Glutamine,27
25.75,E1_L-Glutamine,28
26.0,E1_L-Glutamine,25
26.25,E1_L-Glutamine,26
26.5,E1_L-Glutamine,26
26.75,E1_L-Glutamine,26
27.0,E1_L-Glutamine,28
27.25,E1_L-Glutamine,25
27.5,E1_L-Glutamine,29
27.75,E1_L-Glutamine,32
28.0,E1_L-Glutamine,25
28.25,E1_L-Glutamine,30
28.5,E1_L-Glutamine,33
28.75,E1_L-Glutamine,28
29.0,E1_L-Glutamine,29
29.25,E1_L-Glutamine,32
29.5,E1_L-Glutamine,28
29.75,E1_L-Glutamine,32
30.0,E1_L-Glutamine,28
30.25,E1_L-Glutamine,28
30.5,E1_L-Glutamine,31
30.75,E1_L-Glutamine,30
31.0,E1_L-Glutamine,31
31.25,E1_L-Glutamine,33
31.5,E1_L-Glutamine,33
31.75,E1_L-Glutamine,31
32.0,E1_L-Glutamine,26
32.25,E1_L-Glutamine,32
32.5,E1_L-Glutamine,33
32.75,E1_L-Glutamine,36
33.0,E1_L-Glutamine,30
33.25,E1_L-Glutamine,34
33.5,E1_L-Glutamine,35
33.75,E1_L-Glutamine,37
34.0,E1_L-Glutamine,33
34.25,E1_L-Glutamine,32
34.5,E1_L-Glutamine,36
34.75,E1_L-Glutamine,36
35.0,E1_L-Glutamine,32
35.25,E1_L-Glutamine,34
35.5,E1_L-Glutamine,34
35.75,E1_L-Glutamine,37
36.0,E1_L-Glutamine,35
36.25,E1_L-Glutamine,35
36.5,E1_L-Glutamine,36
36.75,E1_L-Glutamine,36
37.0,E1_L-Glutamine,30
37.25,E1_L-Glutamine,33
37.5,E1_L-Glutamine,32
37.75,E1_L-Glutamine,36
38.0,E1_L-Glutamine,33
38.25,E1_L-Glutamine,34
38.5,E1_L-Glutamine,37
38.75,E1_L-Glutamine,39
39.0,E1_L-Glutamine,39
39.25,E1_L-Glutamine,35
39.5,E1_L-Glutamine,32
39.75,E1_L-Glutamine,37
40.0,E1_L-Glutamine,37
40.25,E1_L-Glutamine,36
40.5,E1_L-Glutamine,36
40.75,E1_L-Glutamine,38
41.0,E1_L-Glutamine,36
41.25,E1_L-Glutamine,35
41.5,E1_L-Glutamine,35
41.75,E1_L-Glutamine,36
42.0,E1_L-Glutamine,40
42.25,E1_L-Glutamine,37
42.5,E1_L-Glutamine,38
42.75,E1_L-Glutamine,39
43.0,E1_L-Glutamine,31
43.25,E1_L-Glutamine,39
43.5,E1_L-Glutamine,42
43.75,E1_L-Glutamine,38
44.0,E1_L-Glutamine,39
44.25,E1_L-Glutamine,36
44.5,E1_L-Glutamine,37
44.75,E1_L-Glutamine,33
45.0,E1_L-Glutamine,33
45.25,E1_L-Glutamine,39
45.5,E1_L-Glutamine,37
45.75,E1_L-Glutamine,38
46.0,E1_L-Glutamine,36
46.25,E1_L-Glutamine,42
46.5,E1_L-Glutamine,36
46.75,E1_L-Glutamine,43
47.0,E1_L-Glutamine,45
47.25,E1_L-Glutamine,44
47.5,E1_L-Glutamine,44
47.75,E1_L-Glutamine,41
48.0,E1_L-Glutamine,39
48.25,E1_L-Glutamine,43
0.0,E2_m-Tartaric_Acid,11
0.25,E2_m-Tartaric_Acid,11
0.5,E2_m-Tartaric_Acid,11
0.75,E2_m-Tartaric_Acid,11
1.0,E2_m-Tartaric_Acid,11
1.25,E2_m-Tartaric_Acid,11
1.5,E2_m-Tartaric_Acid,11
1.75,E2_m-Tartaric_Acid,11
2.0,E2_m-Tartaric_Acid,11
2.25,E2_m-Tartaric_Acid,11
2.5,E2_m-Tartaric_Acid,11
2.75,E2_m-Tartaric_Acid,12
3.0,E2_m-Tartaric_Acid,11
3.25,E2_m-Tartaric_Acid,11
3.5,E2_m-Tartaric_Acid,11
3.75,E2_m-Tartaric_Acid,11
4.0,E2_m-Tartaric_Acid,11
4.25,E2_m-Tartaric_Acid,11
4.5,E2_m-Tartaric_Acid,11
4.75,E2_m-Tartaric_Acid,11
5.0,E2_m-Tartaric_Acid,11
5.25,E2_m-Tartaric_Acid,11
5.5,E2_m-Tartaric_Acid,11
5.75,E2_m-Tartaric_Acid,11
6.0,E2_m-Tartaric_Acid,11
6.25,E2_m-Tartaric_Acid,11
6.5,E2_m-Tartaric_Acid,11
6.75,E2_m-Tartaric_Acid,11
7.0,E2_m-Tartaric_Acid,11
7.25,E2_m-Tartaric_Acid,11
7.5,E2_m-Tartaric_Acid,11
7.75,E2_m-Tartaric_Acid,11
8.0,E2_m-Tartaric_Acid,12
8.25,E2_m-Tartaric_Acid,11
8.5,E2_m-Tartaric_Acid,11
8.75,E2_m-Tartaric_Acid,11
9.0,E2_m-Tartaric_Acid,11
9.25,E2_m-Tartaric_Acid,11
9.5,E2_m-Tartaric_Acid,11
9.75,E2_m-Tartaric_Acid,11
10.0,E2_m-Tartaric_Acid,11
10.25,E2_m-Tartaric_Acid,11
10.5,E2_m-Tartaric_Acid,11
10.75,E2_m-Tartaric_Acid,12
11.0,E2_m-Tartaric_Acid,12
11.25,E2_m-Tartaric_Acid,11
11.5,E2_m-Tartaric_Acid,12
11.75,E2_m-Tartaric_Acid,11
12.0,E2_m-Tartaric_Acid,12
12.25,E2_m-Tartaric_Acid,11
12.5,E2_m-Tartaric_Acid,11
12.75,E2_m-Tartaric_Acid,11
13.0,E2_m-Tartaric_Acid,11
13.25,E2_m-Tartaric_Acid,11
13.5,E2_m-Tartaric_Acid,11
13.75,E2_m-Tartaric_Acid,11
14.0,E2_m-Tartaric_Acid,11
14.25,E2_m-Tartaric_Acid,11
14.5,E2_m-Tartaric_Acid,12
14.75,E2_m-Tartaric_Acid,12
15.0,E2_m-Tartaric_Acid,11
15.25,E2_m-Tartaric_Acid,11
15.5,E2_m-Tartaric_Acid,11
15.75,E2_m-Tartaric_Acid,11
16.0,E2_m-Tartaric_Acid,12
16.25,E2_m-Tartaric_Acid,11
16.5,E2_m-Tartaric_Acid,11
16.75,E2_m-Tartaric_Acid,11
17.0,E2_m-Tartaric_Acid,11
17.25,E2_m-Tartaric_Acid,15
17.5,E2_m-Tartaric_Acid,16
17.75,E2_m-Tartaric_Acid,11
18.0,E2_m-Tartaric_Acid,11
18.25,E2_m-Tartaric_Acid,11
18.5,E2_m-Tartaric_Acid,13
18.75,E2_m-Tartaric_Acid,14
19.0,E2_m-Tartaric_Acid,11
19.25,E2_m-Tartaric_Acid,11
19.5,E2_m-Tartaric_Acid,11
19.75,E2_m-Tartaric_Acid,13
20.0,E2_m-Tartaric_Acid,14
20.25,E2_m-Tartaric_Acid,14
20.5,E2_m-Tartaric_Acid,12
20.75,E2_m-Tartaric_Acid,11
21.0,E2_m-Tartaric_Acid,12
21.25,E2_m-Tartaric_Acid,11
21.5,E2_m-Tartaric_Acid,11
21.75,E2_m-Tartaric_Acid,12
22.0,E2_m-Tartaric_Acid,16
22.25,E2_m-Tartaric_Acid,12
22.5,E2_m-Tartaric_Acid,13
22.75,E2_m-Tartaric_Acid,11
23.0,E2_m-Tartaric_Acid,13
23.25,E2_m-Tartaric_Acid,13
23.5,E2_m-Tartaric_Acid,14
23.75,E2_m-Tartaric_Acid,12
24.0,E2_m-Tartaric_Acid,11
24.25,E2_m-Tartaric_Acid,14
24.5,E2_m-Tartaric_Acid,11
24.75,E2_m-Tartaric_Acid,11
25.0,E2_m-Tartaric_Acid,13
25.25,E2_m-Tartaric_Acid,14
25.5,E2_m-Tartaric_Acid,11
25.75,E2_m-Tartaric_Acid,11
26.0,E2_m-Tartaric_Acid,12
26.25,E2_m-Tartaric_Acid,20
26.5,E2_m-Tartaric_Acid,13
26.75,E2_m-Tartaric_Acid,11
27.0,E2_m-Tartaric_Acid,11
27.25,E2_m-Tartaric_Acid,12
27.5,E2_m-Tartaric_Acid,11
27.75,E2_m-Tartaric_Acid,12
28.0,E2_m-Tartaric_Acid,12
28.25,E2_m-Tartaric_Acid,15
28.5,E2_m-Tartaric_Acid,14
28.75,E2_m-Tartaric_Acid,12
29.0,E2_m-Tartaric_Acid,12
29.25,E2_m-Tartaric_Acid,12
29.5,E2_m-Tartaric_Acid,14
29.75,E2_m-Tartaric_Acid,16
30.0,E2_m-Tartaric_Acid,17
30.25,E2_m-Tartaric_Acid,17
30.5,E2_m-Tartaric_Acid,11
30.75,E2_m-Tartaric_Acid,11
31.0,E2_m-Tartaric_Acid,13
31.25,E2_m-Tartaric_Acid,13
31.5,E2_m-Tartaric_Acid,11
31.75,E2_m-Tartaric_Acid,18
32.0,E2_m-Tartaric_Acid,14
32.25,E2_m-Tartaric_Acid,16
32.5,E2_m-Tartaric_Acid,13
32.75,E2_m-Tartaric_Acid,18
33.0,E2_m-Tartaric_Acid,15
33.25,E2_m-Tartaric_Acid,15
33.5,E2_m-Tartaric_Acid,11
33.75,E2_m-Tartaric_Acid,12
34.0,E2_m-Tartaric_Acid,12
34.25,E2_m-Tartaric_Acid,13
34.5,E2_m-Tartaric_Acid,16
34.75,E2_m-Tartaric_Acid,14
35.0,E2_m-Tartaric_Acid,12
35.25,E2_m-Tartaric_Acid,13
35.5,E2_m-Tartaric_Acid,18
35.75,E2_m-Tartaric_Acid,13
36.0,E2_m-Tartaric_Acid,15
36.25,E2_m-Tartaric_Acid,13
36.5,E2_m-Tartaric_Acid,16
36.75,E2_m-Tartaric_Acid,15
37.0,E2_m-Tartaric_Acid,13
37.25,E2_m-Tartaric_Acid,15
37.5,E2_m-Tartaric_Acid,13
37.75,E2_m-Tartaric_Acid,11
38.0,E2_m-Tartaric_Acid,13
38.25,E2_m-Tartaric_Acid,14
38.5,E2_m-Tartaric_Acid,14
38.75,E2_m-Tartaric_Acid,15
39.0,E2_m-Tartaric_Acid,16
39.25,E2_m-Tartaric_Acid,15
39.5,E2_m-Tartaric_Acid,15
39.75,E2_m-Tartaric_Acid,11
40.0,E2_m-Tartaric_Acid,14
40.25,E2_m-Tartaric_Acid,15
40.5,E2_m-Tartaric_Acid,12
40.75,E2_m-Tartaric_Acid,18
41.0,E2_m-Tartaric_Acid,14
41.25,E2_m-Tartaric_Acid,14
41.5,E2_m-Tartaric_Acid,15
41.75,E2_m-Tartaric_Acid,12
42.0,E2_m-Tartaric_Acid,14
42.25,E2_m-Tartaric_Acid,15
42.5,E2_m-Tartaric_Acid,14
42.75,E2_m-Tartaric_Acid,15
43.0,E2_m-Tartaric_Acid,18
43.25,E2_m-Tartaric_Acid,15
43.5,E2_m-Tartaric_Acid,13
43.75,E2_m-Tartaric_Acid,15
44.0,E2_m-Tartaric_Acid,11
44.25,E2_m-Tartaric_Acid,18
44.5,E2_m-Tartaric_Acid,11
44.75,E2_m-Tartaric_Acid,12
45.0,E2_m-Tartaric_Acid,11
45.25,E2_m-Tartaric_Acid,14
45.5,E2_m-Tartaric_Acid,15
45.75,E2_m-Tartaric_Acid,14
46.0,E2_m-Tartaric_Acid,15
46.25,E2_m-Tartaric_Acid,17
46.5,E2_m-Tartaric_Acid,15
46.75,E2_m-Tartaric_Acid,13
47.0,E2_m-Tartaric_Acid,16
47.25,E2_m-Tartaric_Acid,14
47.5,E2_m-Tartaric_Acid,13
47.75,E2_m-Tartaric_Acid,12
48.0,E2_m-Tartaric_Acid,18
48.25,E2_m-Tartaric_Acid,12
0.0,E3_D-Glucose-1-Phosphate,11
0.25,E3_D-Glucose-1-Phosphate,11
0.5,E3_D-Glucose-1-Phosphate,11
0.75,E3_D-Glucose-1-Phosphate,11
1.0,E3_D-Glucose-1-Phosphate,11
1.25,E3_D-Glucose-1-Phosphate,11
1.5,E3_D-Glucose-1-Phosphate,11
1.75,E3_D-Glucose-1-Phosphate,11
2.0,E3_D-Glucose-1-Phosphate,11
2.25,E3_D-Glucose-1-Phosphate,11
2.5,E3_D-Glucose-1-Phosphate,11
2.75,E3_D-Glucose-1-Phosphate,11
3.0,E3_D-Glucose-1-Phosphate,11
3.25,E3_D-Glucose-1-Phosphate,11
3.5,E3_D-Glucose-1-Phosphate,11
3.75,E3_D-Glucose-1-Phosphate,11
4.0,E3_D-Glucose-1-Phosphate,11
4.25,E3_D-Glucose-1-Phosphate,11
4.5,E3_D-Glucose-1-Phosphate,11
4.75,E3_D-Glucose-1-Phosphate,11
5.0,E3_D-Glucose-1-Phosphate,11
5.25,E3_D-Glucose-1-Phosphate,11
5.5,E3_D-Glucose-1-Phosphate,11
5.75,E3_D-Glucose-1-Phosphate,11
6.0,E3_D-Glucose-1-Phosphate,11
6.25,E3_D-Glucose-1-Phosphate,11
6.5,E3_D-Glucose-1-Phosphate,11
6.75,E3_D-Glucose-1-Phosphate,11
7.0,E3_D-Glucose-1-Phosphate,11
7.25,E3_D-Glucose-1-Phosphate,11
7.5,E3_D-Glucose-1-Phosphate,11
7.75,E3_D-Glucose-1-Phosphate,11
8.0,E3_D-Glucose-1-Phosphate,11
8.25,E3_D-Glucose-1-Phosphate,11
8.5,E3_D-Glucose-1-Phosphate,11
8.75,E3_D-Glucose-1-Phosphate,11
9.0,E3_D-Glucose-1-Phosphate,11
9.25,E3_D-Glucose-1-Phosphate,11
9.5,E3_D-Glucose-1-Phosphate,11
9.75,E3_D-Glucose-1-Phosphate,11
10.0,E3_D-Glucose-1-Phosphate,11
10.25,E3_D-Glucose-1-Phosphate,11
10.5,E3_D-Glucose-1-Phosphate,11
10.75,E3_D-Glucose-1-Phosphate,11
11.0,E3_D-Glucose-1-Phosphate,11
11.25,E3_D-Glucose-1-Phosphate,11
11.5,E3_D-Glucose-1-Phosphate,13
11.75,E3_D-Glucose-1-Phosphate,11
12.0,E3_D-Glucose-1-Phosphate,11
12.25,E3_D-Glucose-1-Phosphate,14
12.5,E3_D-Glucose-1-Phosphate,12
12.75,E3_D-Glucose-1-Phosphate,11
13.0,E3_D-Glucose-1-Phosphate,11
13.25,E3_D-Glucose-1-Phosphate,11
13.5,E3_D-Glucose-1-Phosphate,11
13.75,E3_D-Glucose-1-Phosphate,12
14.0,E3_D-Glucose-1-Phosphate,14
14.25,E3_D-Glucose-1-Phosphate,13
14.5,E3_D-Glucose-1-Phosphate,11
14.75,E3_D-Glucose-1-Phosphate,14
15.0,E3_D-Glucose-1-Phosphate,11
15.25,E3_D-Glucose-1-Phosphate,11
15.5,E3_D-Glucose-1-Phosphate,11
15.75,E3_D-Glucose-1-Phosphate,11
16.0,E3_D-Glucose-1-Phosphate,19
16.25,E3_D-Glucose-1-Phosphate,13
16.5,E3_D-Glucose-1-Phosphate,11
16.75,E3_D-Glucose-1-Phosphate,11
17.0,E3_D-Glucose-1-Phosphate,11
17.25,E3_D-Glucose-1-Phosphate,15
17.5,E3_D-Glucose-1-Phosphate,13
17.75,E3_D-Glucose-1-Phosphate,11
18.0,E3_D-Glucose-1-Phosphate,12
18.25,E3_D-Glucose-1-Phosphate,14
18.5,E3_D-Glucose-1-Phosphate,14
18.75,E3_D-Glucose-1-Phosphate,15
19.0,E3_D-Glucose-1-Phosphate,12
19.25,E3_D-Glucose-1-Phosphate,16
19.5,E3_D-Glucose-1-Phosphate,15
19.75,E3_D-Glucose-1-Phosphate,18
20.0,E3_D-Glucose-1-Phosphate,11
20.25,E3_D-Glucose-1-Phosphate,17
20.5,E3_D-Glucose-1-Phosphate,12
20.75,E3_D-Glucose-1-Phosphate,17
21.0,E3_D-Glucose-1-Phosphate,14
21.25,E3_D-Glucose-1-Phosphate,18
21.5,E3_D-Glucose-1-Phosphate,16
21.75,E3_D-Glucose-1-Phosphate,13
22.0,E3_D-Glucose-1-Phosphate,16
22.25,E3_D-Glucose-1-Phosphate,17
22.5,E3_D-Glucose-1-Phosphate,15
22.75,E3_D-Glucose-1-Phosphate,16
23.0,E3_D-Glucose-1-Phosphate,12
23.25,E3_D-Glucose-1-Phosphate,14
23.5,E3_D-Glucose-1-Phosphate,15
23.75,E3_D-Glucose-1-Phosphate,14
24.0,E3_D-Glucose-1-Phosphate,14
24.25,E3_D-Glucose-1-Phosphate,17
24.5,E3_D-Glucose-1-Phosphate,15
24.75,E3_D-Glucose-1-Phosphate,15
25.0,E3_D-Glucose-1-Phosphate,13
25.25,E3_D-Glucose-1-Phosphate,17
25.5,E3_D-Glucose-1-Phosphate,17
25.75,E3_D-Glucose-1-Phosphate,19
26.0,E3_D-Glucose-1-Phosphate,15
26.25,E3_D-Glucose-1-Phosphate,20
26.5,E3_D-Glucose-1-Phosphate,13
26.75,E3_D-Glucose-1-Phosphate,16
27.0,E3_D-Glucose-1-Phosphate,18
27.25,E3_D-Glucose-1-Phosphate,16
27.5,E3_D-Glucose-1-Phosphate,15
27.75,E3_D-Glucose-1-Phosphate,14
28.0,E3_D-Glucose-1-Phosphate,16
28.25,E3_D-Glucose-1-Phosphate,16
28.5,E3_D-Glucose-1-Phosphate,16
28.75,E3_D-Glucose-1-Phosphate,15
29.0,E3_D-Glucose-1-Phosphate,14
29.25,E3_D-Glucose-1-Phosphate,13
29.5,E3_D-Glucose-1-Phosphate,15
29.75,E3_D-Glucose-1-Phosphate,16
30.0,E3_D-Glucose-1-Phosphate,20
30.25,E3_D-Glucose-1-Phosphate,16
30.5,E3_D-Glucose-1-Phosphate,15
30.75,E3_D-Glucose-1-Phosphate,14
31.0,E3_D-Glucose-1-Phosphate,17
31.25,E3_D-Glucose-1-Phosphate,15
31.5,E3_D-Glucose-1-Phosphate,17
31.75,E3_D-Glucose-1-Phosphate,16
32.0,E3_D-Glucose-1-Phosphate,15
32.25,E3_D-Glucose-1-Phosphate,16
32.5,E3_D-Glucose-1-Phosphate,18
32.75,E3_D-Glucose-1-Phosphate,13
33.0,E3_D-Glucose-1-Phosphate,16
33.25,E3_D-Glucose-1-Phosphate,15
33.5,E3_D-Glucose-1-Phosphate,12
33.75,E3_D-Glucose-1-Phosphate,20
34.0,E3_D-Glucose-1-Phosphate,15
34.25,E3_D-Glucose-1-Phosphate,16
34.5,E3_D-Glucose-1-Phosphate,16
34.75,E3_D-Glucose-1-Phosphate,17
35.0,E3_D-Glucose-1-Phosphate,18
35.25,E3_D-Glucose-1-Phosphate,15
35.5,E3_D-Glucose-1-Phosphate,16
35.75,E3_D-Glucose-1-Phosphate,18
36.0,E3_D-Glucose-1-Phosphate,15
36.25,E3_D-Glucose-1-Phosphate,17
36.5,E3_D-Glucose-1-Phosphate,13
36.75,E3_D-Glucose-1-Phosphate,16
37.0,E3_D-Glucose-1-Phosphate,18
37.25,E3_D-Glucose-1-Phosphate,14
37.5,E3_D-Glucose-1-Phosphate,14
37.75,E3_D-Glucose-1-Phosphate,16
38.0,E3_D-Glucose-1-Phosphate,16
38.25,E3_D-Glucose-1-Phosphate,11
38.5,E3_D-Glucose-1-Phosphate,14
38.75,E3_D-Glucose-1-Phosphate,16
39.0,E3_D-Glucose-1-Phosphate,18
39.25,E3_D-Glucose-1-Phosphate,17
39.5,E3_D-Glucose-1-Phosphate,15
39.75,E3_D-Glucose-1-Phosphate,14
40.0,E3_D-Glucose-1-Phosphate,14
40.25,E3_D-Glucose-1-Phosphate,14
40.5,E3_D-Glucose-1-Phosphate,15
40.75,E3_D-Glucose-1-Phosphate,20
41.0,E3_D-Glucose-1-Phosphate,19
41.25,E3_D-Glucose-1-Phosphate,17
41.5,E3_D-Glucose-1-Phosphate,13
41.75,E3_D-Glucose-1-Phosphate,16
42.0,E3_D-Glucose-1-Phosphate,13
42.25,E3_D-Glucose-1-Phosphate,17
42.5,E3_D-Glucose-1-Phosphate,15
42.75,E3_D-Glucose-1-Phosphate,14
43.0,E3_D-Glucose-1-Phosphate,15
43.25,E3_D-Glucose-1-Phosphate,13
43.5,E3_D-Glucose-1-Phosphate,16
43.75,E3_D-Glucose-1-Phosphate,16
44.0,E3_D-Glucose-1-Phosphate,12
44.25,E3_D-Glucose-1-Phosphate,15
44.5,E3_D-Glucose-1-Phosphate,15
44.75,E3_D-Glucose-1-Phosphate,13
45.0,E3_D-Glucose-1-Phosphate,13
45.25,E3_D-Glucose-1-Phosphate,16
45.5,E3_D-Glucose-1-Phosphate,17
45.75,E3_D-Glucose-1-Phosphate,14
46.0,E3_D-Glucose-1-Phosphate,15
46.25,E3_D-Glucose-1-Phosphate,16
46.5,E3_D-Glucose-1-Phosphate,12
46.75,E3_D-Glucose-1-Phosphate,14
47.0,E3_D-Glucose-1-Phosphate,17
47.25,E3_D-Glucose-1-Phosphate,15
47.5,E3_D-Glucose-1-Phosphate,20
47.75,E3_D-Glucose-1-Phosphate,14
48.0,E3_D-Glucose-1-Phosphate,14
48.25,E3_D-Glucose-1-Phosphate,14
0.0,E4_D-Fructose-6-Phosphate,12
0.25,E4_D-Fructose-6-Phosphate,11
0.5,E4_D-Fructose-6-Phosphate,12
0.75,E4_D-Fructose-6-Phosphate,11
1.0,E4_D-Fructose-6-Phosphate,11
1.25,E4_D-Fructose-6-Phosphate,11
1.5,E4_D-Fructose-6-Phosphate,11
1.75,E4_D-Fructose-6-Phosphate,11
2.0,E4_D-Fructose-6-Phosphate,13
2.25,E4_D-Fructose-6-Phosphate,11
2.5,E4_D-Fructose-6-Phosphate,11
2.75,E4_D-Fructose-6-Phosphate,11
3.0,E4_D-Fructose-6-Phosphate,11
3.25,E4_D-Fructose-6-Phosphate,11
3.5,E4_D-Fructose-6-Phosphate,11
3.75,E4_D-Fructose-6-Phosphate,11
4.0,E4_D-Fructose-6-Phosphate,13
4.25,E4_D-Fructose-6-Phosphate,11
4.5,E4_D-Fructose-6-Phosphate,11
4.75,E4_D-Fructose-6-Phosphate,12
5.0,E4_D-Fructose-6-Phosphate,13
5.25,E4_D-Fructose-6-Phosphate,11
5.5,E4_D-Fructose-6-Phosphate,11
5.75,E4_D-Fructose-6-Phosphate,11
6.0,E4_D-Fructose-6-Phosphate,11
6.25,E4_D-Fructose-6-Phosphate,11
6.5,E4_D-Fructose-6-Phosphate,11
6.75,E4_D-Fructose-6-Phosphate,13
7.0,E4_D-Fructose-6-Phosphate,11
7.25,E4_D-Fructose-6-Phosphate,11
7.5,E4_D-Fructose-6-Phosphate,12
7.75,E4_D-Fructose-6-Phosphate,11
8.0,E4_D-Fructose-6-Phosphate,12
8.25,E4_D-Fructose-6-Phosphate,13
8.5,E4_D-Fructose-6-Phosphate,11
8.75,E4_D-Fructose-6-Phosphate,16
9.0,E4_D-Fructose-6-Phosphate,11
9.25,E4_D-Fructose-6-Phosphate,13
9.5,E4_D-Fructose-6-Phosphate,13
9.75,E4_D-Fructose-6-Phosphate,11
10.0,E4_D-Fructose-6-Phosphate,11
10.25,E4_D-Fructose-6-Phosphate,13
10.5,E4_D-Fructose-6-Phosphate,15
10.75,E4_D-Fructose-6-Phosphate,12
11.0,E4_D-Fructose-6-Phosphate,16
11.25,E4_D-Fructose-6-Phosphate,12
11.5,E4_D-Fructose-6-Phosphate,12
11.75,E4_D-Fructose-6-Phosphate,11
12.0,E4_D-Fructose-6-Phosphate,11
12.25,E4_D-Fructose-6-Phosphate,13
12.5,E4_D-Fructose-6-Phosphate,13
12.75,E4_D-Fructose-6-Phosphate,16
13.0,E4_D-Fructose-6-Phosphate,15
13.25,E4_D-Fructose-6-Phosphate,12
13.5,E4_D-Fructose-6-Phosphate,13
13.75,E4_D-Fructose-6-Phosphate,15
14.0,E4_D-Fructose-6-Phosphate,11
14.25,E4_D-Fructose-6-Phosphate,14
14.5,E4_D-Fructose-6-Phosphate,12
14.75,E4_D-Fructose-6-Phosphate,13
15.0,E4_D-Fructose-6-Phosphate,15
15.25,E4_D-Fructose-6-Phosphate,11
15.5,E4_D-Fructose-6-Phosphate,11
15.75,E4_D-Fructose-6-Phosphate,15
16.0,E4_D-Fructose-6-Phosphate,13
16.25,E4_D-Fructose-6-Phosphate,11
16.5,E4_D-Fructose-6-Phosphate,12
16.75,E4_D-Fructose-6-Phosphate,17
17.0,E4_D-Fructose-6-Phosphate,12
17.25,E4_D-Fructose-6-Phosphate,20
17.5,E4_D-Fructose-6-Phosphate,15
17.75,E4_D-Fructose-6-Phosphate,16
18.0,E4_D-Fructose-6-Phosphate,13
18.25,E4_D-Fructose-6-Phosphate,16
18.5,E4_D-Fructose-6-Phosphate,16
18.75,E4_D-Fructose-6-Phosphate,15
19.0,E4_D-Fructose-6-Phosphate,11
19.25,E4_D-Fructose-6-Phosphate,17
19.5,E4_D-Fructose-6-Phosphate,18
19.75,E4_D-Fructose-6-Phosphate,17
20.0,E4_D-Fructose-6-Phosphate,17
20.25,E4_D-Fructose-6-Phosphate,21
20.5,E4_D-Fructose-6-Phosphate,17
20.75,E4_D-Fructose-6-Phosphate,12
21.0,E4_D-Fructose-6-Phosphate,13
21.25,E4_D-Fructose-6-Phosphate,22
21.5,E4_D-Fructose-6-Phosphate,18
21.75,E4_D-Fructose-6-Phosphate,16
22.0,E4_D-Fructose-6-Phosphate,23
22.25,E4_D-Fructose-6-Phosphate,21
22.5,E4_D-Fructose-6-Phosphate,21
22.75,E4_D-Fructose-6-Phosphate,17
23.0,E4_D-Fructose-6-Phosphate,24
23.25,E4_D-Fructose-6-Phosphate,21
23.5,E4_D-Fructose-6-Phosphate,19
23.75,E4_D-Fructose-6-Phosphate,16
24.0,E4_D-Fructose-6-Phosphate,19
24.25,E4_D-Fructose-6-Phosphate,19
24.5,E4_D-Fructose-6-Phosphate,23
24.75,E4_D-Fructose-6-Phosphate,23
25.0,E4_D-Fructose-6-Phosphate,19
25.25,E4_D-Fructose-6-Phosphate,16
25.5,E4_D-Fructose-6-Phosphate,22
25.75,E4_D-Fructose-6-Phosphate,20
26.0,E4_D-Fructose-6-Phosphate,18
26.25,E4_D-Fructose-6-Phosphate,19
26.5,E4_D-Fructose-6-Phosphate,16
26.75,E4_D-Fructose-6-Phosphate,22
27.0,E4_D-Fructose-6-Phosphate,22
27.25,E4_D-Fructose-6-Phosphate,22
27.5,E4_D-Fructose-6-Phosphate,23
27.75,E4_D-Fructose-6-Phosphate,22
28.0,E4_D-Fructose-6-Phosphate,26
28.25,E4_D-Fructose-6-Phosphate,23
28.5,E4_D-Fructose-6-Phosphate,23
28.75,E4_D-Fructose-6-Phosphate,23
29.0,E4_D-Fructose-6-Phosphate,18
29.25,E4_D-Fructose-6-Phosphate,19
29.5,E4_D-Fructose-6-Phosphate,24
29.75,E4_D-Fructose-6-Phosphate,19
30.0,E4_D-Fructose-6-Phosphate,21
30.25,E4_D-Fructose-6-Phosphate,22
30.5,E4_D-Fructose-6-Phosphate,22
30.75,E4_D-Fructose-6-Phosphate,19
31.0,E4_D-Fructose-6-Phosphate,20
31.25,E4_D-Fructose-6-Phosphate,23
31.5,E4_D-Fructose-6-Phosphate,20
31.75,E4_D-Fructose-6-Phosphate,22
32.0,E4_D-Fructose-6-Phosphate,20
32.25,E4_D-Fructose-6-Phosphate,22
32.5,E4_D-Fructose-6-Phosphate,26
32.75,E4_D-Fructose-6-Phosphate,17
33.0,E4_D-Fructose-6-Phosphate,21
33.25,E4_D-Fructose-6-Phosphate,22
33.5,E4_D-Fructose-6-Phosphate,20
33.75,E4_D-Fructose-6-Phosphate,21
34.0,E4_D-Fructose-6-Phosphate,22
34.25,E4_D-Fructose-6-Phosphate,22
34.5,E4_D-Fructose-6-Phosphate,24
34.75,E4_D-Fructose-6-Phosphate,19
35.0,E4_D-Fructose-6-Phosphate,20
35.25,E4_D-Fructose-6-Phosphate,22
35.5,E4_D-Fructose-6-Phosphate,21
35.75,E4_D-Fructose-6-Phosphate,25
36.0,E4_D-Fructose-6-Phosphate,19
36.25,E4_D-Fructose-6-Phosphate,23
36.5,E4_D-Fructose-6-Phosphate,20
36.75,E4_D-Fructose-6-Phosphate,22
37.0,E4_D-Fructose-6-Phosphate,21
37.25,E4_D-Fructose-6-Phosphate,19
37.5,E4_D-Fructose-6-Phosphate,21
37.75,E4_D-Fructose-6-Phosphate,23
38.0,E4_D-Fructose-6-Phosphate,22
38.25,E4_D-Fructose-6-Phosphate,20
38.5,E4_D-Fructose-6-Phosphate,22
38.75,E4_D-Fructose-6-Phosphate,19
39.0,E4_D-Fructose-6-Phosphate,22
39.25,E4_D-Fructose-6-Phosphate,19
39.5,E4_D-Fructose-6-Phosphate,17
39.75,E4_D-Fructose-6-Phosphate,18
40.0,E4_D-Fructose-6-Phosphate,18
40.25,E4_D-Fructose-6-Phosphate,22
40.5,E4_D-Fructose-6-Phosphate,19
40.75,E4_D-Fructose-6-Phosphate,21
41.0,E4_D-Fructose-6-Phosphate,19
41.25,E4_D-Fructose-6-Phosphate,22
41.5,E4_D-Fructose-6-Phosphate,22
41.75,E4_D-Fructose-6-Phosphate,21
42.0,E4_D-Fructose-6-Phosphate,19
42.25,E4_D-Fructose-6-Phosphate,21
42.5,E4_D-Fructose-6-Phosphate,23
42.75,E4_D-Fructose-6-Phosphate,16
43.0,E4_D-Fructose-6-Phosphate,15
43.25,E4_D-Fructose-6-Phosphate,17
43.5,E4_D-Fructose-6-Phosphate,19
43.75,E4_D-Fructose-6-Phosphate,16
44.0,E4_D-Fructose-6-Phosphate,22
44.25,E4_D-Fructose-6-Phosphate,23
44.5,E4_D-Fructose-6-Phosphate,21
44.75,E4_D-Fructose-6-Phosphate,18
45.0,E4_D-Fructose-6-Phosphate,19
45.25,E4_D-Fructose-6-Phosphate,16
45.5,E4_D-Fructose-6-Phosphate,19
45.75,E4_D-Fructose-6-Phosphate,21
46.0,E4_D-Fructose-6-Phosphate,14
46.25,E4_D-Fructose-6-Phosphate,20
46.5,E4_D-Fructose-6-Phosphate,16
46.75,E4_D-Fructose-6-Phosphate,22
47.0,E4_D-Fructose-6-Phosphate,21
47.25,E4_D-Fructose-6-Phosphate,14
47.5,E4_D-Fructose-6-Phosphate,22
47.75,E4_D-Fructose-6-Phosphate,21
48.0,E4_D-Fructose-6-Phosphate,19
48.25,E4_D-Fructose-6-Phosphate,21
0.0,E5_Tween_80,11
0.25,E5_Tween_80,11
0.5,E5_Tween_80,11
0.75,E5_Tween_80,11
1.0,E5_Tween_80,11
1.25,E5_Tween_80,11
1.5,E5_Tween_80,11
1.75,E5_Tween_80,11
2.0,E5_Tween_80,11
2.25,E5_Tween_80,11
2.5,E5_Tween_80,11
2.75,E5_Tween_80,11
3.0,E5_Tween_80,11
3.25,E5_Tween_80,11
3.5,E5_Tween_80,11
3.75,E5_Tween_80,11
4.0,E5_Tween_80,11
4.25,E5_Tween_80,11
4.5,E5_Tween_80,11
4.75,E5_Tween_80,11
5.0,E5_Tween_80,11
5.25,E5_Tween_80,11
5.5,E5_Tween_80,11
5.75,E5_Tween_80,11
6.0,E5_Tween_80,11
6.25,E5_Tween_80,11
6.5,E5_Tween_80,11
6.75,E5_Tween_80,11
7.0,E5_Tween_80,11
7.25,E5_Tween_80,11
7.5,E5_Tween_80,11
7.75,E5_Tween_80,11
8.0,E5_Tween_80,11
8.25,E5_Tween_80,11
8.5,E5_Tween_80,11
8.75,E5_Tween_80,11
9.0,E5_Tween_80,11
9.25,E5_Tween_80,11
9.5,E5_Tween_80,11
9.75,E5_Tween_80,11
10.0,E5_Tween_80,11
10.25,E5_Tween_80,11
10.5,E5_Tween_80,11
10.75,E5_Tween_80,11
11.0,E5_Tween_80,11
11.25,E5_Tween_80,11
11.5,E5_Tween_80,12
11.75,E5_Tween_80,11
12.0,E5_Tween_80,11
12.25,E5_Tween_80,11
12.5,E5_Tween_80,11
12.75,E5_Tween_80,11
13.0,E5_Tween_80,11
13.25,E5_Tween_80,11
13.5,E5_Tween_80,12
13.75,E5_Tween_80,13
14.0,E5_Tween_80,11
14.25,E5_Tween_80,11
14.5,E5_Tween_80,11
14.75,E5_Tween_80,13
15.0,E5_Tween_80,11
15.25,E5_Tween_80,11
15.5,E5_Tween_80,12
15.75,E5_Tween_80,13
16.0,E5_Tween_80,14
16.25,E5_Tween_80,12
16.5,E5_Tween_80,11
16.75,E5_Tween_80,11
17.0,E5_Tween_80,13
17.25,E5_Tween_80,16
17.5,E5_Tween_80,13
17.75,E5_Tween_80,13
18.0,E5_Tween_80,12
18.25,E5_Tween_80,12
18.5,E5_Tween_80,12
18.75,E5_Tween_80,11
19.0,E5_Tween_80,11
19.25,E5_Tween_80,13
19.5,E5_Tween_80,11
19.75,E5_Tween_80,14
20.0,E5_Tween_80,14
20.25,E5_Tween_80,11
20.5,E5_Tween_80,15
20.75,E5_Tween_80,12
21.0,E5_Tween_80,14
21.25,E5_Tween_80,16
21.5,E5_Tween_80,19
21.75,E5_Tween_80,14
22.0,E5_Tween_80,16
22.25,E5_Tween_80,14
22.5,E5_Tween_80,18
22.75,E5_Tween_80,17
23.0,E5_Tween_80,16
23.25,E5_Tween_80,14
23.5,E5_Tween_80,14
23.75,E5_Tween_80,11
24.0,E5_Tween_80,11
24.25,E5_Tween_80,19
24.5,E5_Tween_80,14
24.75,E5_Tween_80,15
25.0,E5_Tween_80,16
25.25,E5_Tween_80,15
25.5,E5_Tween_80,18
25.75,E5_Tween_80,16
26.0,E5_Tween_80,11
26.25,E5_Tween_80,16
26.5,E5_Tween_80,17
26.75,E5_Tween_80,16
27.0,E5_Tween_80,17
27.25,E5_Tween_80,13
27.5,E5_Tween_80,16
27.75,E5_Tween_80,20
28.0,E5_Tween_80,15
28.25,E5_Tween_80,18
28.5,E5_Tween_80,18
28.75,E5_Tween_80,21
29.0,E5_Tween_80,15
29.25,E5_Tween_80,15
29.5,E5_Tween_80,16
29.75,E5_Tween_80,15
30.0,E5_Tween_80,17
30.25,E5_Tween_80,14
30.5,E5_Tween_80,20
30.75,E5_Tween_80,16
31.0,E5_Tween_80,15
31.25,E5_Tween_80,18
31.5,E5_Tween_80,12
31.75,E5_Tween_80,23
32.0,E5_Tween_80,19
32.25,E5_Tween_80,18
32.5,E5_Tween_80,20
32.75,E5_Tween_80,16
33.0,E5_Tween_80,20
33.25,E5_Tween_80,17
33.5,E5_Tween_80,15
33.75,E5_Tween_80,20
34.0,E5_Tween_80,17
34.25,E5_Tween_80,19
34.5,E5_Tween_80,18
34.75,E5_Tween_80,20
35.0,E5_Tween_80,20
35.25,E5_Tween_80,23
35.5,E5_Tween_80,22
35.75,E5_Tween_80,17
36.0,E5_Tween_80,19
36.25,E5_Tween_80,16
36.5,E5_Tween_80,15
36.75,E5_Tween_80,22
37.0,E5_Tween_80,19
37.25,E5_Tween_80,21
37.5,E5_Tween_80,17
37.75,E5_Tween_80,27
38.0,E5_Tween_80,15
38.25,E5_Tween_80,18
38.5,E5_Tween_80,21
38.75,E5_Tween_80,21
39.0,E5_Tween_80,22
39.25,E5_Tween_80,26
39.5,E5_Tween_80,22
39.75,E5_Tween_80,25
40.0,E5_Tween_80,17
40.25,E5_Tween_80,20
40.5,E5_Tween_80,21
40.75,E5_Tween_80,22
41.0,E5_Tween_80,21
41.25,E5_Tween_80,23
41.5,E5_Tween_80,21
41.75,E5_Tween_80,22
42.0,E5_Tween_80,22
42.25,E5_Tween_80,25
42.5,E5_Tween_80,26
42.75,E5_Tween_80,23
43.0,E5_Tween_80,22
43.25,E5_Tween_80,19
43.5,E5_Tween_80,20
43.75,E5_Tween_80,21
44.0,E5_Tween_80,23
44.25,E5_Tween_80,23
44.5,E5_Tween_80,22
44.75,E5_Tween_80,23
45.0,E5_Tween_80,19
45.25,E5_Tween_80,22
45.5,E5_Tween_80,22
45.75,E5_Tween_80,22
46.0,E5_Tween_80,21
46.25,E5_Tween_80,25
46.5,E5_Tween_80,18
46.75,E5_Tween_80,25
47.0,E5_Tween_80,26
47.25,E5_Tween_80,21
47.5,E5_Tween_80,24
47.75,E5_Tween_80,26
48.0,E5_Tween_80,23
48.25,E5_Tween_80,26
0.0,E6_a-Hydroxy_Glutaric_Acid-g_Lactone,11
0.25,E6_a-Hydroxy_Glutaric_Acid-g_Lactone,11
0.5,E6_a-Hydroxy_Glutaric_Acid-g_Lactone,11
0.75,E6_a-Hydroxy_Glutaric_Acid-g_Lactone,11
1.0,E6_a-Hydroxy_Glutaric_Acid-g_Lactone,11
1.25,E6_a-Hydroxy_Glutaric_Acid-g_Lactone,11
1.5,E6_a-Hydroxy_Glutaric_Acid-g_Lactone,11
1.75,E6_a-Hydroxy_Glutaric_Acid-g_Lactone,11
2.0,E6_a-Hydroxy_Glutaric_Acid-g_Lactone,11
2.25,E6_a-Hydroxy_Glutaric_Acid-g_Lactone,11
2.5,E6_a-Hydroxy_Glutaric_Acid-g_Lactone,11
2.75,E6_a-Hydroxy_Glutaric_Acid-g_Lactone,11
3.0,E6_a-Hydroxy_Glutaric_Acid-g_Lactone,11
3.25,E6_a-Hydroxy_Glutaric_Acid-g_Lactone,11
3.5,E6_a-Hydroxy_Glutaric_Acid-g_Lactone,11
3.75,E6_a-Hydroxy_Glutaric_Acid-g_Lactone,11
4.0,E6_a-Hydroxy_Glutaric_Acid-g_Lactone,11
4.25,E6_a-Hydroxy_Glutaric_Acid-g_Lactone,11
4.5,E6_a-Hydroxy_Glutaric_Acid-g_Lactone,11
4.75,E6_a-Hydroxy_Glutaric_Acid-g_Lactone,11
5.0,E6_a-Hydroxy_Glutaric_Acid-g_Lactone,11
5.25,E6_a-Hydroxy_Glutaric_Acid-g_Lactone,11
5.5,E6_a-Hydroxy_Glutaric_Acid-g_Lactone,11
5.75,E6_a-Hydroxy_Glutaric_Acid-g_Lactone,11
6.0,E6_a-Hydroxy_Glutaric_Acid-g_Lactone,11
6.25,E6_a-Hydroxy_Glutaric_Acid-g_Lactone,11
6.5,E6_a-Hydroxy_Glutaric_Acid-g_Lactone,11
6.75,E6_a-Hydroxy_Glutaric_Acid-g_Lactone,11
7.0,E6_a-Hydroxy_Glutaric_Acid-g_Lactone,11
7.25,E6_a-Hydroxy_Glutaric_Acid-g_Lactone,11
7.5,E6_a-Hydroxy_Glutaric_Acid-g_Lactone,11
7.75,E6_a-Hydroxy_Glutaric_Acid-g_Lactone,11
8.0,E6_a-Hydroxy_Glutaric_Acid-g_Lactone,11
8.25,E6_a-Hydroxy_Glutaric_Acid-g_Lactone,11
8.5,E6_a-Hydroxy_Glutaric_Acid-g_Lactone,11
8.75,E6_a-Hydroxy_Glutaric_Acid-g_Lactone,11
9.0,E6_a-Hydroxy_Glutaric_Acid-g_Lactone,11
9.25,E6_a-Hydroxy_Glutaric_Acid-g_Lactone,11
9.5,E6_a-Hydroxy_Glutaric_Acid-g_Lactone,11
9.75,E6_a-Hydroxy_Glutaric_Acid-g_Lactone,11
10.0,E6_a-Hydroxy_Glutaric_Acid-g_Lactone,11
10.25,E6_a-Hydroxy_Glutaric_Acid-g_Lactone,11
10.5,E6_a-Hydroxy_Glutaric_Acid-g_Lactone,11
10.75,E6_a-Hydroxy_Glutaric_Acid-g_Lactone,11
11.0,E6_a-Hydroxy_Glutaric_Acid-g_Lactone,11
11.25,E6_a-Hydroxy_Glutaric_Acid-g_Lactone,11
11.5,E6_a-Hydroxy_Glutaric_Acid-g_Lactone,11
11.75,E6_a-Hydroxy_Glutaric_Acid-g_Lactone,11
12.0,E6_a-Hydroxy_Glutaric_Acid-g_Lactone,11
12.25,E6_a-Hydroxy_Glutaric_Acid-g_Lactone,11
12.5,E6_a-Hydroxy_Glutaric_Acid-g_Lactone,11
12.75,E6_a-Hydroxy_Glutaric_Acid-g_Lactone,11
13.0,E6_a-Hydroxy_Glutaric_Acid-g_Lactone,11
13.25,E6_a-Hydroxy_Glutaric_Acid-g_Lactone,11
13.5,E6_a-Hydroxy_Glutaric_Acid-g_Lactone,11
13.75,E6_a-Hydroxy_Glutaric_Acid-g_Lactone,11
14.0,E6_a-Hydroxy_Glutaric_Acid-g_Lactone,11
14.25,E6_a-Hydroxy_Glutaric_Acid-g_Lactone,13
14.5,E6_a-Hydroxy_Glutaric_Acid-g_Lactone,11
14.75,E6_a-Hydroxy_Glutaric_Acid-g_Lactone,13
15.0,E6_a-Hydroxy_Glutaric_Acid-g_Lactone,12
15.25,E6_a-Hydroxy_Glutaric_Acid-g_Lactone,14
15.5,E6_a-Hydroxy_Glutaric_Acid-g_Lactone,11
15.75,E6_a-Hydroxy_Glutaric_Acid-g_Lactone,11
16.0,E6_a-Hydroxy_Glutaric_Acid-g_Lactone,11
16.25,E6_a-Hydroxy_Glutaric_Acid-g_Lactone,16
16.5,E6_a-Hydroxy_Glutaric_Acid-g_Lactone,11
16.75,E6_a-Hydroxy_Glutaric_Acid-g_Lactone,11
17.0,E6_a-Hydroxy_Glutaric_Acid-g_Lactone,12
17.25,E6_a-Hydroxy_Glutaric_Acid-g_Lactone,14
17.5,E6_a-Hydroxy_Glutaric_Acid-g_Lactone,13
17.75,E6_a-Hydroxy_Glutaric_Acid-g_Lactone,13
18.0,E6_a-Hydroxy_Glutaric_Acid-g_Lactone,15
18.25,E6_a-Hydroxy_Glutaric_Acid-g_Lactone,17
18.5,E6_a-Hydroxy_Glutaric_Acid-g_Lactone,11
18.75,E6_a-Hydroxy_Glutaric_Acid-g_Lactone,13
19.0,E6_a-Hydroxy_Glutaric_Acid-g_Lactone,11
19.25,E6_a-Hydroxy_Glutaric_Acid-g_Lactone,17
19.5,E6_a-Hydroxy_Glutaric_Acid-g_Lactone,18
19.75,E6_a-Hydroxy_Glutaric_Acid-g_Lactone,14
20.0,E6_a-Hydroxy_Glutaric_Acid-g_Lactone,18
20.25,E6_a-Hydroxy_Glutaric_Acid-g_Lactone,19
20.5,E6_a-Hydroxy_Glutaric_Acid-g_Lactone,15
20.75,E6_a-Hydroxy_Glutaric_Acid-g_Lactone,15
21.0,E6_a-Hydroxy_Glutaric_Acid-g_Lactone,14
21.25,E6_a-Hydroxy_Glutaric_Acid-g_Lactone,19
21.5,E6_a-Hydroxy_Glutaric_Acid-g_Lactone,16
21.75,E6_a-Hydroxy_Glutaric_Acid-g_Lactone,16
22.0,E6_a-Hydroxy_Glutaric_Acid-g_Lactone,17
22.25,E6_a-Hydroxy_Glutaric_Acid-g_Lactone,20
22.5,E6_a-Hydroxy_Glutaric_Acid-g_Lactone,17
22.75,E6_a-Hydroxy_Glutaric_Acid-g_Lactone,18
23.0,E6_a-Hydroxy_Glutaric_Acid-g_Lactone,20
23.25,E6_a-Hydroxy_Glutaric_Acid-g_Lactone,19
23.5,E6_a-Hydroxy_Glutaric_Acid-g_Lactone,23
23.75,E6_a-Hydroxy_Glutaric_Acid-g_Lactone,18
24.0,E6_a-Hydroxy_Glutaric_Acid-g_Lactone,19
24.25,E6_a-Hydroxy_Glutaric_Acid-g_Lactone,23
24.5,E6_a-Hydroxy_Glutaric_Acid-g_Lactone,24
24.75,E6_a-Hydroxy_Glutaric_Acid-g_Lactone,26
25.0,E6_a-Hydroxy_Glutaric_Acid-g_Lactone,24
25.25,E6_a-Hydroxy_Glutaric_Acid-g_Lactone,21
25.5,E6_a-Hydroxy_Glutaric_Acid-g_Lactone,24
25.75,E6_a-Hydroxy_Glutaric_Acid-g_Lactone,23
26.0,E6_a-Hydroxy_Glutaric_Acid-g_Lactone,21
26.25,E6_a-Hydroxy_Glutaric_Acid-g_Lactone,25
26.5,E6_a-Hydroxy_Glutaric_Acid-g_Lactone,25
26.75,E6_a-Hydroxy_Glutaric_Acid-g_Lactone,27
27.0,E6_a-Hydroxy_Glutaric_Acid-g_Lactone,27
27.25,E6_a-Hydroxy_Glutaric_Acid-g_Lactone,24
27.5,E6_a-Hydroxy_Glutaric_Acid-g_Lactone,25
27.75,E6_a-Hydroxy_Glutaric_Acid-g_Lactone,24
28.0,E6_a-Hydroxy_Glutaric_Acid-g_Lactone,27
28.25,E6_a-Hydroxy_Glutaric_Acid-g_Lactone,29
28.5,E6_a-Hydroxy_Glutaric_Acid-g_Lactone,30
28.75,E6_a-Hydroxy_Glutaric_Acid-g_Lactone,28
29.0,E6_a-Hydroxy_Glutaric_Acid-g_Lactone,28
29.25,E6_a-Hydroxy_Glutaric_Acid-g_Lactone,24
29.5,E6_a-Hydroxy_Glutaric_Acid-g_Lactone,27
29.75,E6_a-Hydroxy_Glutaric_Acid-g_Lactone,25
30.0,E6_a-Hydroxy_Glutaric_Acid-g_Lactone,22
30.25,E6_a-Hydroxy_Glutaric_Acid-g_Lactone,24
30.5,E6_a-Hydroxy_Glutaric_Acid-g_Lactone,29
30.75,E6_a-Hydroxy_Glutaric_Acid-g_Lactone,28
31.0,E6_a-Hydroxy_Glutaric_Acid-g_Lactone,29
31.25,E6_a-Hydroxy_Glutaric_Acid-g_Lactone,26
31.5,E6_a-Hydroxy_Glutaric_Acid-g_Lactone,29
31.75,E6_a-Hydroxy_Glutaric_Acid-g_Lactone,31
32.0,E6_a-Hydroxy_Glutaric_Acid-g_Lactone,27
32.25,E6_a-Hydroxy_Glutaric_Acid-g_Lactone,27
32.5,E6_a-Hydroxy_Glutaric_Acid-g_Lactone,31
32.75,E6_a-Hydroxy_Glutaric_Acid-g_Lactone,26
33.0,E6_a-Hydroxy_Glutaric_Acid-g_Lactone,24
33.25,E6_a-Hydroxy_Glutaric_Acid-g_Lactone,25
33.5,E6_a-Hydroxy_Glutaric_Acid-g_Lactone,28
33.75,E6_a-Hydroxy_Glutaric_Acid-g_Lactone,29
34.0,E6_a-Hydroxy_Glutaric_Acid-g_Lactone,28
34.25,E6_a-Hydroxy_Glutaric_Acid-g_Lactone,27
34.5,E6_a-Hydroxy_Glutaric_Acid-g_Lactone,30
34.75,E6_a-Hydroxy_Glutaric_Acid-g_Lactone,32
35.0,E6_a-Hydroxy_Glutaric_Acid-g_Lactone,30
35.25,E6_a-Hydroxy_Glutaric_Acid-g_Lactone,30
35.5,E6_a-Hydroxy_Glutaric_Acid-g_Lactone,33
35.75,E6_a-Hydroxy_Glutaric_Acid-g_Lactone,28
36.0,E6_a-Hydroxy_Glutaric_Acid-g_Lactone,30
36.25,E6_a-Hydroxy_Glutaric_Acid-g_Lactone,27
36.5,E6_a-Hydroxy_Glutaric_Acid-g_Lactone,30
36.75,E6_a-Hydroxy_Glutaric_Acid-g_Lactone,31
37.0,E6_a-Hydroxy_Glutaric_Acid-g_Lactone,29
37.25,E6_a-Hydroxy_Glutaric_Acid-g_Lactone,32
37.5,E6_a-Hydroxy_Glutaric_Acid-g_Lactone,30
37.75,E6_a-Hydroxy_Glutaric_Acid-g_Lactone,29
38.0,E6_a-Hydroxy_Glutaric_Acid-g_Lactone,32
38.25,E6_a-Hydroxy_Glutaric_Acid-g_Lactone,28
38.5,E6_a-Hydroxy_Glutaric_Acid-g_Lactone,32
38.75,E6_a-Hydroxy_Glutaric_Acid-g_Lactone,26
39.0,E6_a-Hydroxy_Glutaric_Acid-g_Lactone,33
39.25,E6_a-Hydroxy_Glutaric_Acid-g_Lactone,33
39.5,E6_a-Hydroxy_Glutaric_Acid-g_Lactone,27
39.75,E6_a-Hydroxy_Glutaric_Acid-g_Lactone,29
40.0,E6_a-Hydroxy_Glutaric_Acid-g_Lactone,28
40.25,E6_a-Hydroxy_Glutaric_Acid-g_Lactone,26
40.5,E6_a-Hydroxy_Glutaric_Acid-g_Lactone,24
40.75,E6_a-Hydroxy_Glutaric_Acid-g_Lactone,32
41.0,E6_a-Hydroxy_Glutaric_Acid-g_Lactone,33
41.25,E6_a-Hydroxy_Glutaric_Acid-g_Lactone,37
41.5,E6_a-Hydroxy_Glutaric_Acid-g_Lactone,34
41.75,E6_a-Hydroxy_Glutaric_Acid-g_Lactone,33
42.0,E6_a-Hydroxy_Glutaric_Acid-g_Lactone,30
42.25,E6_a-Hydroxy_Glutaric_Acid-g_Lactone,31
42.5,E6_a-Hydroxy_Glutaric_Acid-g_Lactone,27
42.75,E6_a-Hydroxy_Glutaric_Acid-g_Lactone,31
43.0,E6_a-Hydroxy_Glutaric_Acid-g_Lactone,27
43.25,E6_a-Hydroxy_Glutaric_Acid-g_Lactone,32
43.5,E6_a-Hydroxy_Glutaric_Acid-g_Lactone,34
43.75,E6_a-Hydroxy_Glutaric_Acid-g_Lactone,31
44.0,E6_a-Hydroxy_Glutaric_Acid-g_Lactone,33
44.25,E6_a-Hydroxy_Glutaric_Acid-g_Lactone,34
44.5,E6_a-Hydroxy_Glutaric_Acid-g_Lactone,31
44.75,E6_a-Hydroxy_Glutaric_Acid-g_Lactone,30
45.0,E6_a-Hydroxy_Glutaric_Acid-g_Lactone,31
45.25,E6_a-Hydroxy_Glutaric_Acid-g_Lactone,32
45.5,E6_a-Hydroxy_Glutaric_Acid-g_Lactone,28
45.75,E6_a-Hydroxy_Glutaric_Acid-g_Lactone,29
46.0,E6_a-Hydroxy_Glutaric_Acid-g_Lactone,26
46.25,E6_a-Hydroxy_Glutaric_Acid-g_Lactone,32
46.5,E6_a-Hydroxy_Glutaric_Acid-g_Lactone,34
46.75,E6_a-Hydroxy_Glutaric_Acid-g_Lactone,31
47.0,E6_a-Hydroxy_Glutaric_Acid-g_Lactone,33
47.25,E6_a-Hydroxy_Glutaric_Acid-g_Lactone,35
47.5,E6_a-Hydroxy_Glutaric_Acid-g_Lactone,37
47.75,E6_a-Hydroxy_Glutaric_Acid-g_Lactone,35
48.0,E6_a-Hydroxy_Glutaric_Acid-g_Lactone,29
48.25,E6_a-Hydroxy_Glutaric_Acid-g_Lactone,34
0.0,E7_a-Hydroxy_Butyric_Acid,11
0.25,E7_a-Hydroxy_Butyric_Acid,11
0.5,E7_a-Hydroxy_Butyric_Acid,11
0.75,E7_a-Hydroxy_Butyric_Acid,11
1.0,E7_a-Hydroxy_Butyric_Acid,11
1.25,E7_a-Hydroxy_Butyric_Acid,11
1.5,E7_a-Hydroxy_Butyric_Acid,11
1.75,E7_a-Hydroxy_Butyric_Acid,11
2.0,E7_a-Hydroxy_Butyric_Acid,11
2.25,E7_a-Hydroxy_Butyric_Acid,11
2.5,E7_a-Hydroxy_Butyric_Acid,11
2.75,E7_a-Hydroxy_Butyric_Acid,11
3.0,E7_a-Hydroxy_Butyric_Acid,11
3.25,E7_a-Hydroxy_Butyric_Acid,11
3.5,E7_a-Hydroxy_Butyric_Acid,11
3.75,E7_a-Hydroxy_Butyric_Acid,11
4.0,E7_a-Hydroxy_Butyric_Acid,11
4.25,E7_a-Hydroxy_Butyric_Acid,11
4.5,E7_a-Hydroxy_Butyric_Acid,11
4.75,E7_a-Hydroxy_Butyric_Acid,11
5.0,E7_a-Hydroxy_Butyric_Acid,11
5.25,E7_a-Hydroxy_Butyric_Acid,11
5.5,E7_a-Hydroxy_Butyric_Acid,11
5.75,E7_a-Hydroxy_Butyric_Acid,11
6.0,E7_a-Hydroxy_Butyric_Acid,11
6.25,E7_a-Hydroxy_Butyric_Acid,11
6.5,E7_a-Hydroxy_Butyric_Acid,11
6.75,E7_a-Hydroxy_Butyric_Acid,11
7.0,E7_a-Hydroxy_Butyric_Acid,11
7.25,E7_a-Hydroxy_Butyric_Acid,11
7.5,E7_a-Hydroxy_Butyric_Acid,11
7.75,E7_a-Hydroxy_Butyric_Acid,11
8.0,E7_a-Hydroxy_Butyric_Acid,11
8.25,E7_a-Hydroxy_Butyric_Acid,11
8.5,E7_a-Hydroxy_Butyric_Acid,11
8.75,E7_a-Hydroxy_Butyric_Acid,11
9.0,E7_a-Hydroxy_Butyric_Acid,11
9.25,E7_a-Hydroxy_Butyric_Acid,11
9.5,E7_a-Hydroxy_Butyric_Acid,11
9.75,E7_a-Hydroxy_Butyric_Acid,11
10.0,E7_a-Hydroxy_Butyric_Acid,11
10.25,E7_a-Hydroxy_Butyric_Acid,11
10.5,E7_a-Hydroxy_Butyric_Acid,11
10.75,E7_a-Hydroxy_Butyric_Acid,11
11.0,E7_a-Hydroxy_Butyric_Acid,11
11.25,E7_a-Hydroxy_Butyric_Acid,11
11.5,E7_a-Hydroxy_Butyric_Acid,11
11.75,E7_a-Hydroxy_Butyric_Acid,11
12.0,E7_a-Hydroxy_Butyric_Acid,11
12.25,E7_a-Hydroxy_Butyric_Acid,11
12.5,E7_a-Hydroxy_Butyric_Acid,11
12.75,E7_a-Hydroxy_Butyric_Acid,11
13.0,E7_a-Hydroxy_Butyric_Acid,11
13.25,E7_a-Hydroxy_Butyric_Acid,11
13.5,E7_a-Hydroxy_Butyric_Acid,11
13.75,E7_a-Hydroxy_Butyric_Acid,13
14.0,E7_a-Hydroxy_Butyric_Acid,11
14.25,E7_a-Hydroxy_Butyric_Acid,11
14.5,E7_a-Hydroxy_Butyric_Acid,11
14.75,E7_a-Hydroxy_Butyric_Acid,11
15.0,E7_a-Hydroxy_Butyric_Acid,11
15.25,E7_a-Hydroxy_Butyric_Acid,11
15.5,E7_a-Hydroxy_Butyric_Acid,11
15.75,E7_a-Hydroxy_Butyric_Acid,13
16.0,E7_a-Hydroxy_Butyric_Acid,11
16.25,E7_a-Hydroxy_Butyric_Acid,11
16.5,E7_a-Hydroxy_Butyric_Acid,11
16.75,E7_a-Hydroxy_Butyric_Acid,11
17.0,E7_a-Hydroxy_Butyric_Acid,11
17.25,E7_a-Hydroxy_Butyric_Acid,11
17.5,E7_a-Hydroxy_Butyric_Acid,11
17.75,E7_a-Hydroxy_Butyric_Acid,11
18.0,E7_a-Hydroxy_Butyric_Acid,12
18.25,E7_a-Hydroxy_Butyric_Acid,13
18.5,E7_a-Hydroxy_Butyric_Acid,12
18.75,E7_a-Hydroxy_Butyric_Acid,13
19.0,E7_a-Hydroxy_Butyric_Acid,11
19.25,E7_a-Hydroxy_Butyric_Acid,11
19.5,E7_a-Hydroxy_Butyric_Acid,11
19.75,E7_a-Hydroxy_Butyric_Acid,11
20.0,E7_a-Hydroxy_Butyric_Acid,13
20.25,E7_a-Hydroxy_Butyric_Acid,15
20.5,E7_a-Hydroxy_Butyric_Acid,11
20.75,E7_a-Hydroxy_Butyric_Acid,11
21.0,E7_a-Hydroxy_Butyric_Acid,14
21.25,E7_a-Hydroxy_Butyric_Acid,12
21.5,E7_a-Hydroxy_Butyric_Acid,13
21.75,E7_a-Hydroxy_Butyric_Acid,16
22.0,E7_a-Hydroxy_Butyric_Acid,15
22.25,E7_a-Hydroxy_Butyric_Acid,14
22.5,E7_a-Hydroxy_Butyric_Acid,15
22.75,E7_a-Hydroxy_Butyric_Acid,11
23.0,E7_a-Hydroxy_Butyric_Acid,17
23.25,E7_a-Hydroxy_Butyric_Acid,11
23.5,E7_a-Hydroxy_Butyric_Acid,15
23.75,E7_a-Hydroxy_Butyric_Acid,11
24.0,E7_a-Hydroxy_Butyric_Acid,11
24.25,E7_a-Hydroxy_Butyric_Acid,15
24.5,E7_a-Hydroxy_Butyric_Acid,11
24.75,E7_a-Hydroxy_Butyric_Acid,14
25.0,E7_a-Hydroxy_Butyric_Acid,16
25.25,E7_a-Hydroxy_Butyric_Acid,16
25.5,E7_a-Hydroxy_Butyric_Acid,16
25.75,E7_a-Hydroxy_Butyric_Acid,15
26.0,E7_a-Hydroxy_Butyric_Acid,13
26.25,E7_a-Hydroxy_Butyric_Acid,13
26.5,E7_a-Hydroxy_Butyric_Acid,17
26.75,E7_a-Hydroxy_Butyric_Acid,16
27.0,E7_a-Hydroxy_Butyric_Acid,16
27.25,E7_a-Hydroxy_Butyric_Acid,17
27.5,E7_a-Hydroxy_Butyric_Acid,14
27.75,E7_a-Hydroxy_Butyric_Acid,13
28.0,E7_a-Hydroxy_Butyric_Acid,14
28.25,E7_a-Hydroxy_Butyric_Acid,18
28.5,E7_a-Hydroxy_Butyric_Acid,15
28.75,E7_a-Hydroxy_Butyric_Acid,13
29.0,E7_a-Hydroxy_Butyric_Acid,13
29.25,E7_a-Hydroxy_Butyric_Acid,13
29.5,E7_a-Hydroxy_Butyric_Acid,11
29.75,E7_a-Hydroxy_Butyric_Acid,15
30.0,E7_a-Hydroxy_Butyric_Acid,14
30.25,E7_a-Hydroxy_Butyric_Acid,11
30.5,E7_a-Hydroxy_Butyric_Acid,15
30.75,E7_a-Hydroxy_Butyric_Acid,15
31.0,E7_a-Hydroxy_Butyric_Acid,14
31.25,E7_a-Hydroxy_Butyric_Acid,12
31.5,E7_a-Hydroxy_Butyric_Acid,12
31.75,E7_a-Hydroxy_Butyric_Acid,15
32.0,E7_a-Hydroxy_Butyric_Acid,16
32.25,E7_a-Hydroxy_Butyric_Acid,16
32.5,E7_a-Hydroxy_Butyric_Acid,16
32.75,E7_a-Hydroxy_Butyric_Acid,14
33.0,E7_a-Hydroxy_Butyric_Acid,16
33.25,E7_a-Hydroxy_Butyric_Acid,17
33.5,E7_a-Hydroxy_Butyric_Acid,12
33.75,E7_a-Hydroxy_Butyric_Acid,16
34.0,E7_a-Hydroxy_Butyric_Acid,18
34.25,E7_a-Hydroxy_Butyric_Acid,19
34.5,E7_a-Hydroxy_Butyric_Acid,18
34.75,E7_a-Hydroxy_Butyric_Acid,14
35.0,E7_a-Hydroxy_Butyric_Acid,16
35.25,E7_a-Hydroxy_Butyric_Acid,11
35.5,E7_a-Hydroxy_Butyric_Acid,15
35.75,E7_a-Hydroxy_Butyric_Acid,11
36.0,E7_a-Hydroxy_Butyric_Acid,15
36.25,E7_a-Hydroxy_Butyric_Acid,15
36.5,E7_a-Hydroxy_Butyric_Acid,17
36.75,E7_a-Hydroxy_Butyric_Acid,14
37.0,E7_a-Hydroxy_Butyric_Acid,17
37.25,E7_a-Hydroxy_Butyric_Acid,14
37.5,E7_a-Hydroxy_Butyric_Acid,12
37.75,E7_a-Hydroxy_Butyric_Acid,15
38.0,E7_a-Hydroxy_Butyric_Acid,20
38.25,E7_a-Hydroxy_Butyric_Acid,16
38.5,E7_a-Hydroxy_Butyric_Acid,13
38.75,E7_a-Hydroxy_Butyric_Acid,17
39.0,E7_a-Hydroxy_Butyric_Acid,13
39.25,E7_a-Hydroxy_Butyric_Acid,15
39.5,E7_a-Hydroxy_Butyric_Acid,15
39.75,E7_a-Hydroxy_Butyric_Acid,16
40.0,E7_a-Hydroxy_Butyric_Acid,13
40.25,E7_a-Hydroxy_Butyric_Acid,13
40.5,E7_a-Hydroxy_Butyric_Acid,13
40.75,E7_a-Hydroxy_Butyric_Acid,18
41.0,E7_a-Hydroxy_Butyric_Acid,11
41.25,E7_a-Hydroxy_Butyric_Acid,18
41.5,E7_a-Hydroxy_Butyric_Acid,11
41.75,E7_a-Hydroxy_Butyric_Acid,16
42.0,E7_a-Hydroxy_Butyric_Acid,18
42.25,E7_a-Hydroxy_Butyric_Acid,19
42.5,E7_a-Hydroxy_Butyric_Acid,13
42.75,E7_a-Hydroxy_Butyric_Acid,14
43.0,E7_a-Hydroxy_Butyric_Acid,13
43.25,E7_a-Hydroxy_Butyric_Acid,16
43.5,E7_a-Hydroxy_Butyric_Acid,11
43.75,E7_a-Hydroxy_Butyric_Acid,15
44.0,E7_a-Hydroxy_Butyric_Acid,14
44.25,E7_a-Hydroxy_Butyric_Acid,12
44.5,E7_a-Hydroxy_Butyric_Acid,12
44.75,E7_a-Hydroxy_Butyric_Acid,13
45.0,E7_a-Hydroxy_Butyric_Acid,12
45.25,E7_a-Hydroxy_Butyric_Acid,12
45.5,E7_a-Hydroxy_Butyric_Acid,12
45.75,E7_a-Hydroxy_Butyric_Acid,16
46.0,E7_a-Hydroxy_Butyric_Acid,11
46.25,E7_a-Hydroxy_Butyric_Acid,11
46.5,E7_a-Hydroxy_Butyric_Acid,20
46.75,E7_a-Hydroxy_Butyric_Acid,17
47.0,E7_a-Hydroxy_Butyric_Acid,18
47.25,E7_a-Hydroxy_Butyric_Acid,15
47.5,E7_a-Hydroxy_Butyric_Acid,17
47.75,E7_a-Hydroxy_Butyric_Acid,16
48.0,E7_a-Hydroxy_Butyric_Acid,15
48.25,E7_a-Hydroxy_Butyric_Acid,15
0.0,E8_B-Methyl-D_Glucoside,11
0.25,E8_B-Methyl-D_Glucoside,11
0.5,E8_B-Methyl-D_Glucoside,11
0.75,E8_B-Methyl-D_Glucoside,11
1.0,E8_B-Methyl-D_Glucoside,11
1.25,E8_B-Methyl-D_Glucoside,11
1.5,E8_B-Methyl-D_Glucoside,11
1.75,E8_B-Methyl-D_Glucoside,11
2.0,E8_B-Methyl-D_Glucoside,11
2.25,E8_B-Methyl-D_Glucoside,11
2.5,E8_B-Methyl-D_Glucoside,11
2.75,E8_B-Methyl-D_Glucoside,11
3.0,E8_B-Methyl-D_Glucoside,11
3.25,E8_B-Methyl-D_Glucoside,11
3.5,E8_B-Methyl-D_Glucoside,11
3.75,E8_B-Methyl-D_Glucoside,11
4.0,E8_B-Methyl-D_Glucoside,11
4.25,E8_B-Methyl-D_Glucoside,11
4.5,E8_B-Methyl-D_Glucoside,11
4.75,E8_B-Methyl-D_Glucoside,11
5.0,E8_B-Methyl-D_Glucoside,11
5.25,E8_B-Methyl-D_Glucoside,11
5.5,E8_B-Methyl-D_Glucoside,11
5.75,E8_B-Methyl-D_Glucoside,11
6.0,E8_B-Methyl-D_Glucoside,11
6.25,E8_B-Methyl-D_Glucoside,11
6.5,E8_B-Methyl-D_Glucoside,11
6.75,E8_B-Methyl-D_Glucoside,11
7.0,E8_B-Methyl-D_Glucoside,11
7.25,E8_B-Methyl-D_Glucoside,11
7.5,E8_B-Methyl-D_Glucoside,11
7.75,E8_B-Methyl-D_Glucoside,11
8.0,E8_B-Methyl-D_Glucoside,11
8.25,E8_B-Methyl-D_Glucoside,11
8.5,E8_B-Methyl-D_Glucoside,11
8.75,E8_B-Methyl-D_Glucoside,11
9.0,E8_B-Methyl-D_Glucoside,11
9.25,E8_B-Methyl-D_Glucoside,11
9.5,E8_B-Methyl-D_Glucoside,11
9.75,E8_B-Methyl-D_Glucoside,11
10.0,E8_B-Methyl-D_Glucoside,11
10.25,E8_B-Methyl-D_Glucoside,11
10.5,E8_B-Methyl-D_Glucoside,11
10.75,E8_B-Methyl-D_Glucoside,11
11.0,E8_B-Methyl-D_Glucoside,11
11.25,E8_B-Methyl-D_Glucoside,11
11.5,E8_B-Methyl-D_Glucoside,11
11.75,E8_B-Methyl-D_Glucoside,11
12.0,E8_B-Methyl-D_Glucoside,11
12.25,E8_B-Methyl-D_Glucoside,11
12.5,E8_B-Methyl-D_Glucoside,11
12.75,E8_B-Methyl-D_Glucoside,11
13.0,E8_B-Methyl-D_Glucoside,11
13.25,E8_B-Methyl-D_Glucoside,11
13.5,E8_B-Methyl-D_Glucoside,11
13.75,E8_B-Methyl-D_Glucoside,11
14.0,E8_B-Methyl-D_Glucoside,11
14.25,E8_B-Methyl-D_Glucoside,11
14.5,E8_B-Methyl-D_Glucoside,11
14.75,E8_B-Methyl-D_Glucoside,11
15.0,E8_B-Methyl-D_Glucoside,11
15.25,E8_B-Methyl-D_Glucoside,11
15.5,E8_B-Methyl-D_Glucoside,11
15.75,E8_B-Methyl-D_Glucoside,11
16.0,E8_B-Methyl-D_Glucoside,11
16.25,E8_B-Methyl-D_Glucoside,11
16.5,E8_B-Methyl-D_Glucoside,11
16.75,E8_B-Methyl-D_Glucoside,11
17.0,E8_B-Methyl-D_Glucoside,12
17.25,E8_B-Methyl-D_Glucoside,13
17.5,E8_B-Methyl-D_Glucoside,15
17.75,E8_B-Methyl-D_Glucoside,11
18.0,E8_B-Methyl-D_Glucoside,14
18.25,E8_B-Methyl-D_Glucoside,11
18.5,E8_B-Methyl-D_Glucoside,17
18.75,E8_B-Methyl-D_Glucoside,13
19.0,E8_B-Methyl-D_Glucoside,11
19.25,E8_B-Methyl-D_Glucoside,15
19.5,E8_B-Methyl-D_Glucoside,12
19.75,E8_B-Methyl-D_Glucoside,15
20.0,E8_B-Methyl-D_Glucoside,13
20.25,E8_B-Methyl-D_Glucoside,12
20.5,E8_B-Methyl-D_Glucoside,12
20.75,E8_B-Methyl-D_Glucoside,11
21.0,E8_B-Methyl-D_Glucoside,11
21.25,E8_B-Methyl-D_Glucoside,12
21.5,E8_B-Methyl-D_Glucoside,11
21.75,E8_B-Methyl-D_Glucoside,13
22.0,E8_B-Methyl-D_Glucoside,11
22.25,E8_B-Methyl-D_Glucoside,15
22.5,E8_B-Methyl-D_Glucoside,14
22.75,E8_B-Methyl-D_Glucoside,17
23.0,E8_B-Methyl-D_Glucoside,15
23.25,E8_B-Methyl-D_Glucoside,12
23.5,E8_B-Methyl-D_Glucoside,17
23.75,E8_B-Methyl-D_Glucoside,11
24.0,E8_B-Methyl-D_Glucoside,15
24.25,E8_B-Methyl-D_Glucoside,17
24.5,E8_B-Methyl-D_Glucoside,12
24.75,E8_B-Methyl-D_Glucoside,11
25.0,E8_B-Methyl-D_Glucoside,17
25.25,E8_B-Methyl-D_Glucoside,11
25.5,E8_B-Methyl-D_Glucoside,15
25.75,E8_B-Methyl-D_Glucoside,15
26.0,E8_B-Methyl-D_Glucoside,15
26.25,E8_B-Methyl-D_Glucoside,15
26.5,E8_B-Methyl-D_Glucoside,15
26.75,E8_B-Methyl-D_Glucoside,16
27.0,E8_B-Methyl-D_Glucoside,15
27.25,E8_B-Methyl-D_Glucoside,11
27.5,E8_B-Methyl-D_Glucoside,15
27.75,E8_B-Methyl-D_Glucoside,18
28.0,E8_B-Methyl-D_Glucoside,12
28.25,E8_B-Methyl-D_Glucoside,16
28.5,E8_B-Methyl-D_Glucoside,14
28.75,E8_B-Methyl-D_Glucoside,15
29.0,E8_B-Methyl-D_Glucoside,13
29.25,E8_B-Methyl-D_Glucoside,11
29.5,E8_B-Methyl-D_Glucoside,11
29.75,E8_B-Methyl-D_Glucoside,14
30.0,E8_B-Methyl-D_Glucoside,16
30.25,E8_B-Methyl-D_Glucoside,12
30.5,E8_B-Methyl-D_Glucoside,15
30.75,E8_B-Methyl-D_Glucoside,11
31.0,E8_B-Methyl-D_Glucoside,14
31.25,E8_B-Methyl-D_Glucoside,15
31.5,E8_B-Methyl-D_Glucoside,15
31.75,E8_B-Methyl-D_Glucoside,11
32.0,E8_B-Methyl-D_Glucoside,18
32.25,E8_B-Methyl-D_Glucoside,15
32.5,E8_B-Methyl-D_Glucoside,11
32.75,E8_B-Methyl-D_Glucoside,16
33.0,E8_B-Methyl-D_Glucoside,12
33.25,E8_B-Methyl-D_Glucoside,13
33.5,E8_B-Methyl-D_Glucoside,12
33.75,E8_B-Methyl-D_Glucoside,12
34.0,E8_B-Methyl-D_Glucoside,15
34.25,E8_B-Methyl-D_Glucoside,11
34.5,E8_B-Methyl-D_Glucoside,15
34.75,E8_B-Methyl-D_Glucoside,16
35.0,E8_B-Methyl-D_Glucoside,16
35.25,E8_B-Methyl-D_Glucoside,17
35.5,E8_B-Methyl-D_Glucoside,15
35.75,E8_B-Methyl-D_Glucoside,16
36.0,E8_B-Methyl-D_Glucoside,13
36.25,E8_B-Methyl-D_Glucoside,15
36.5,E8_B-Methyl-D_Glucoside,14
36.75,E8_B-Methyl-D_Glucoside,15
37.0,E8_B-Methyl-D_Glucoside,13
37.25,E8_B-Methyl-D_Glucoside,11
37.5,E8_B-Methyl-D_Glucoside,16
37.75,E8_B-Methyl-D_Glucoside,13
38.0,E8_B-Methyl-D_Glucoside,17
38.25,E8_B-Methyl-D_Glucoside,15
38.5,E8_B-Methyl-D_Glucoside,15
38.75,E8_B-Methyl-D_Glucoside,16
39.0,E8_B-Methyl-D_Glucoside,14
39.25,E8_B-Methyl-D_Glucoside,15
39.5,E8_B-Methyl-D_Glucoside,16
39.75,E8_B-Methyl-D_Glucoside,18
40.0,E8_B-Methyl-D_Glucoside,11
40.25,E8_B-Methyl-D_Glucoside,12
40.5,E8_B-Methyl-D_Glucoside,13
40.75,E8_B-Methyl-D_Glucoside,13
41.0,E8_B-Methyl-D_Glucoside,11
41.25,E8_B-Methyl-D_Glucoside,13
41.5,E8_B-Methyl-D_Glucoside,17
41.75,E8_B-Methyl-D_Glucoside,15
42.0,E8_B-Methyl-D_Glucoside,13
42.25,E8_B-Methyl-D_Glucoside,17
42.5,E8_B-Methyl-D_Glucoside,12
42.75,E8_B-Methyl-D_Glucoside,17
43.0,E8_B-Methyl-D_Glucoside,17
43.25,E8_B-Methyl-D_Glucoside,11
43.5,E8_B-Methyl-D_Glucoside,12
43.75,E8_B-Methyl-D_Glucoside,17
44.0,E8_B-Methyl-D_Glucoside,13
44.25,E8_B-Methyl-D_Glucoside,12
44.5,E8_B-Methyl-D_Glucoside,16
44.75,E8_B-Methyl-D_Glucoside,15
45.0,E8_B-Methyl-D_Glucoside,12
45.25,E8_B-Methyl-D_Glucoside,13
45.5,E8_B-Methyl-D_Glucoside,14
45.75,E8_B-Methyl-D_Glucoside,12
46.0,E8_B-Methyl-D_Glucoside,11
46.25,E8_B-Methyl-D_Glucoside,15
46.5,E8_B-Methyl-D_Glucoside,17
46.75,E8_B-Methyl-D_Glucoside,17
47.0,E8_B-Methyl-D_Glucoside,12
47.25,E8_B-Methyl-D_Glucoside,16
47.5,E8_B-Methyl-D_Glucoside,15
47.75,E8_B-Methyl-D_Glucoside,14
48.0,E8_B-Methyl-D_Glucoside,13
48.25,E8_B-Methyl-D_Glucoside,15
0.0,E9_Adonitol,11
0.25,E9_Adonitol,11
0.5,E9_Adonitol,11
0.75,E9_Adonitol,11
1.0,E9_Adonitol,11
1.25,E9_Adonitol,11
1.5,E9_Adonitol,11
1.75,E9_Adonitol,11
2.0,E9_Adonitol,11
2.25,E9_Adonitol,11
2.5,E9_Adonitol,11
2.75,E9_Adonitol,11
3.0,E9_Adonitol,11
3.25,E9_Adonitol,11
3.5,E9_Adonitol,11
3.75,E9_Adonitol,11
4.0,E9_Adonitol,11
4.25,E9_Adonitol,11
4.5,E9_Adonitol,11
4.75,E9_Adonitol,11
5.0,E9_Adonitol,11
5.25,E9_Adonitol,11
5.5,E9_Adonitol,11
5.75,E9_Adonitol,11
6.0,E9_Adonitol,11
6.25,E9_Adonitol,11
6.5,E9_Adonitol,11
6.75,E9_Adonitol,11
7.0,E9_Adonitol,11
7.25,E9_Adonitol,11
7.5,E9_Adonitol,11
7.75,E9_Adonitol,11
8.0,E9_Adonitol,11
8.25,E9_Adonitol,11
8.5,E9_Adonitol,11
8.75,E9_Adonitol,11
9.0,E9_Adonitol,11
9.25,E9_Adonitol,11
9.5,E9_Adonitol,11
9.75,E9_Adonitol,11
10.0,E9_Adonitol,11
10.25,E9_Adonitol,11
10.5,E9_Adonitol,11
10.75,E9_Adonitol,12
11.0,E9_Adonitol,11
11.25,E9_Adonitol,11
11.5,E9_Adonitol,12
11.75,E9_Adonitol,11
12.0,E9_Adonitol,11
12.25,E9_Adonitol,11
12.5,E9_Adonitol,12
12.75,E9_Adonitol,14
13.0,E9_Adonitol,11
13.25,E9_Adonitol,15
13.5,E9_Adonitol,11
13.75,E9_Adonitol,11
14.0,E9_Adonitol,12
14.25,E9_Adonitol,12
14.5,E9_Adonitol,13
14.75,E9_Adonitol,14
15.0,E9_Adonitol,12
15.25,E9_Adonitol,11
15.5,E9_Adonitol,12
15.75,E9_Adonitol,12
16.0,E9_Adonitol,16
16.25,E9_Adonitol,14
16.5,E9_Adonitol,14
16.75,E9_Adonitol,14
17.0,E9_Adonitol,17
17.25,E9_Adonitol,18
17.5,E9_Adonitol,15
17.75,E9_Adonitol,12
18.0,E9_Adonitol,16
18.25,E9_Adonitol,14
18.5,E9_Adonitol,17
18.75,E9_Adonitol,16
19.0,E9_Adonitol,14
19.25,E9_Adonitol,12
19.5,E9_Adonitol,17
19.75,E9_Adonitol,13
20.0,E9_Adonitol,16
20.25,E9_Adonitol,20
20.5,E9_Adonitol,15
20.75,E9_Adonitol,17
21.0,E9_Adonitol,18
21.25,E9_Adonitol,13
21.5,E9_Adonitol,18
21.75,E9_Adonitol,16
22.0,E9_Adonitol,17
22.25,E9_Adonitol,15
22.5,E9_Adonitol,18
22.75,E9_Adonitol,16
23.0,E9_Adonitol,14
23.25,E9_Adonitol,15
23.5,E9_Adonitol,18
23.75,E9_Adonitol,16
24.0,E9_Adonitol,14
24.25,E9_Adonitol,19
24.5,E9_Adonitol,13
24.75,E9_Adonitol,13
25.0,E9_Adonitol,15
25.25,E9_Adonitol,18
25.5,E9_Adonitol,17
25.75,E9_Adonitol,17
26.0,E9_Adonitol,13
26.25,E9_Adonitol,16
26.5,E9_Adonitol,18
26.75,E9_Adonitol,11
27.0,E9_Adonitol,16
27.25,E9_Adonitol,14
27.5,E9_Adonitol,18
27.75,E9_Adonitol,16
28.0,E9_Adonitol,13
28.25,E9_Adonitol,17
28.5,E9_Adonitol,20
28.75,E9_Adonitol,17
29.0,E9_Adonitol,16
29.25,E9_Adonitol,16
29.5,E9_Adonitol,17
29.75,E9_Adonitol,14
30.0,E9_Adonitol,15
30.25,E9_Adonitol,16
30.5,E9_Adonitol,16
30.75,E9_Adonitol,15
31.0,E9_Adonitol,16
31.25,E9_Adonitol,17
31.5,E9_Adonitol,18
31.75,E9_Adonitol,16
32.0,E9_Adonitol,17
32.25,E9_Adonitol,17
32.5,E9_Adonitol,18
32.75,E9_Adonitol,14
33.0,E9_Adonitol,17
33.25,E9_Adonitol,15
33.5,E9_Adonitol,20
33.75,E9_Adonitol,17
34.0,E9_Adonitol,14
34.25,E9_Adonitol,19
34.5,E9_Adonitol,15
34.75,E9_Adonitol,15
35.0,E9_Adonitol,16
35.25,E9_Adonitol,13
35.5,E9_Adonitol,16
35.75,E9_Adonitol,18
36.0,E9_Adonitol,18
36.25,E9_Adonitol,18
36.5,E9_Adonitol,17
36.75,E9_Adonitol,17
37.0,E9_Adonitol,16
37.25,E9_Adonitol,19
37.5,E9_Adonitol,17
37.75,E9_Adonitol,17
38.0,E9_Adonitol,18
38.25,E9_Adonitol,20
38.5,E9_Adonitol,19
38.75,E9_Adonitol,15
39.0,E9_Adonitol,18
39.25,E9_Adonitol,18
39.5,E9_Adonitol,15
39.75,E9_Adonitol,18
40.0,E9_Adonitol,19
40.25,E9_Adonitol,21
40.5,E9_Adonitol,17
40.75,E9_Adonitol,16
41.0,E9_Adonitol,19
41.25,E9_Adonitol,18
41.5,E9_Adonitol,19
41.75,E9_Adonitol,19
42.0,E9_Adonitol,21
42.25,E9_Adonitol,17
42.5,E9_Adonitol,21
42.75,E9_Adonitol,19
43.0,E9_Adonitol,17
43.25,E9_Adonitol,13
43.5,E9_Adonitol,19
43.75,E9_Adonitol,19
44.0,E9_Adonitol,17
44.25,E9_Adonitol,13
44.5,E9_Adonitol,14
44.75,E9_Adonitol,17
45.0,E9_Adonitol,13
45.25,E9_Adonitol,15
45.5,E9_Adonitol,19
45.75,E9_Adonitol,17
46.0,E9_Adonitol,17
46.25,E9_Adonitol,15
46.5,E9_Adonitol,18
46.75,E9_Adonitol,17
47.0,E9_Adonitol,16
47.25,E9_Adonitol,21
47.5,E9_Adonitol,21
47.75,E9_Adonitol,19
48.0,E9_Adonitol,24
48.25,E9_Adonitol,21
0.0,E10_Maltotriose,11
0.25,E10_Maltotriose,11
0.5,E10_Maltotriose,11
0.75,E10_Maltotriose,11
1.0,E10_Maltotriose,11
1.25,E10_Maltotriose,11
1.5,E10_Maltotriose,11
1.75,E10_Maltotriose,11
2.0,E10_Maltotriose,11
2.25,E10_Maltotriose,11
2.5,E10_Maltotriose,11
2.75,E10_Maltotriose,11
3.0,E10_Maltotriose,11
3.25,E10_Maltotriose,11
3.5,E10_Maltotriose,11
3.75,E10_Maltotriose,11
4.0,E10_Maltotriose,11
4.25,E10_Maltotriose,11
4.5,E10_Maltotriose,11
4.75,E10_Maltotriose,11
5.0,E10_Maltotriose,11
5.25,E10_Maltotriose,11
5.5,E10_Maltotriose,11
5.75,E10_Maltotriose,11
6.0,E10_Maltotriose,11
6.25,E10_Maltotriose,11
6.5,E10_Maltotriose,11
6.75,E10_Maltotriose,11
7.0,E10_Maltotriose,11
7.25,E10_Maltotriose,11
7.5,E10_Maltotriose,11
7.75,E10_Maltotriose,11
8.0,E10_Maltotriose,11
8.25,E10_Maltotriose,11
8.5,E10_Maltotriose,11
8.75,E10_Maltotriose,11
9.0,E10_Maltotriose,11
9.25,E10_Maltotriose,11
9.5,E10_Maltotriose,11
9.75,E10_Maltotriose,11
10.0,E10_Maltotriose,11
10.25,E10_Maltotriose,11
10.5,E10_Maltotriose,11
10.75,E10_Maltotriose,11
11.0,E10_Maltotriose,11
11.25,E10_Maltotriose,11
11.5,E10_Maltotriose,11
11.75,E10_Maltotriose,11
12.0,E10_Maltotriose,11
12.25,E10_Maltotriose,11
12.5,E10_Maltotriose,11
12.75,E10_Maltotriose,11
13.0,E10_Maltotriose,11
13.25,E10_Maltotriose,11
13.5,E10_Maltotriose,12
13.75,E10_Maltotriose,14
14.0,E10_Maltotriose,11
14.25,E10_Maltotriose,12
14.5,E10_Maltotriose,11
14.75,E10_Maltotriose,14
15.0,E10_Maltotriose,13
15.25,E10_Maltotriose,11
15.5,E10_Maltotriose,11
15.75,E10_Maltotriose,12
16.0,E10_Maltotriose,18
16.25,E10_Maltotriose,13
16.5,E10_Maltotriose,11
16.75,E10_Maltotriose,11
17.0,E10_Maltotriose,14
17.25,E10_Maltotriose,11
17.5,E10_Maltotriose,18
17.75,E10_Maltotriose,15
18.0,E10_Maltotriose,13
18.25,E10_Maltotriose,17
18.5,E10_Maltotriose,16
18.75,E10_Maltotriose,16
19.0,E10_Maltotriose,17
19.25,E10_Maltotriose,15
19.5,E10_Maltotriose,19
19.75,E10_Maltotriose,17
20.0,E10_Maltotriose,15
20.25,E10_Maltotriose,24
20.5,E10_Maltotriose,22
20.75,E10_Maltotriose,17
21.0,E10_Maltotriose,21
21.25,E10_Maltotriose,22
21.5,E10_Maltotriose,23
21.75,E10_Maltotriose,21
22.0,E10_Maltotriose,19
22.25,E10_Maltotriose,23
22.5,E10_Maltotriose,25
22.75,E10_Maltotriose,23
23.0,E10_Maltotriose,22
23.25,E10_Maltotriose,24
23.5,E10_Maltotriose,19
23.75,E10_Maltotriose,23
24.0,E10_Maltotriose,22
24.25,E10_Maltotriose,25
24.5,E10_Maltotriose,26
24.75,E10_Maltotriose,21
25.0,E10_Maltotriose,26
25.25,E10_Maltotriose,24
25.5,E10_Maltotriose,24
25.75,E10_Maltotriose,28
26.0,E10_Maltotriose,27
26.25,E10_Maltotriose,31
26.5,E10_Maltotriose,28
26.75,E10_Maltotriose,27
27.0,E10_Maltotriose,30
27.25,E10_Maltotriose,32
27.5,E10_Maltotriose,31
27.75,E10_Maltotriose,33
28.0,E10_Maltotriose,34
28.25,E10_Maltotriose,34
28.5,E10_Maltotriose,32
28.75,E10_Maltotriose,33
29.0,E10_Maltotriose,31
29.25,E10_Maltotriose,32
29.5,E10_Maltotriose,35
29.75,E10_Maltotriose,32
30.0,E10_Maltotriose,35
30.25,E10_Maltotriose,37
30.5,E10_Maltotriose,33
30.75,E10_Maltotriose,33
31.0,E10_Maltotriose,36
31.25,E10_Maltotriose,36
31.5,E10_Maltotriose,41
31.75,E10_Maltotriose,39
32.0,E10_Maltotriose,41
32.25,E10_Maltotriose,41
32.5,E10_Maltotriose,40
32.75,E10_Maltotriose,41
33.0,E10_Maltotriose,38
33.25,E10_Maltotriose,44
33.5,E10_Maltotriose,39
33.75,E10_Maltotriose,48
34.0,E10_Maltotriose,46
34.25,E10_Maltotriose,46
34.5,E10_Maltotriose,44
34.75,E10_Maltotriose,52
35.0,E10_Maltotriose,42
35.25,E10_Maltotriose,46
35.5,E10_Maltotriose,53
35.75,E10_Maltotriose,48
36.0,E10_Maltotriose,47
36.25,E10_Maltotriose,50
36.5,E10_Maltotriose,50
36.75,E10_Maltotriose,55
37.0,E10_Maltotriose,51
37.25,E10_Maltotriose,57
37.5,E10_Maltotriose,55
37.75,E10_Maltotriose,52
38.0,E10_Maltotriose,54
38.25,E10_Maltotriose,51
38.5,E10_Maltotriose,56
38.75,E10_Maltotriose,58
39.0,E10_Maltotriose,55
39.25,E10_Maltotriose,57
39.5,E10_Maltotriose,57
39.75,E10_Maltotriose,53
40.0,E10_Maltotriose,59
40.25,E10_Maltotriose,62
40.5,E10_Maltotriose,59
40.75,E10_Maltotriose,63
41.0,E10_Maltotriose,59
41.25,E10_Maltotriose,67
41.5,E10_Maltotriose,61
41.75,E10_Maltotriose,63
42.0,E10_Maltotriose,62
42.25,E10_Maltotriose,61
42.5,E10_Maltotriose,60
42.75,E10_Maltotriose,58
43.0,E10_Maltotriose,59
43.25,E10_Maltotriose,64
43.5,E10_Maltotriose,67
43.75,E10_Maltotriose,63
44.0,E10_Maltotriose,65
44.25,E10_Maltotriose,68
44.5,E10_Maltotriose,70
44.75,E10_Maltotriose,68
45.0,E10_Maltotriose,67
45.25,E10_Maltotriose,68
45.5,E10_Maltotriose,70
45.75,E10_Maltotriose,77
46.0,E10_Maltotriose,71
46.25,E10_Maltotriose,76
46.5,E10_Maltotriose,76
46.75,E10_Maltotriose,77
47.0,E10_Maltotriose,81
47.25,E10_Maltotriose,75
47.5,E10_Maltotriose,77
47.75,E10_Maltotriose,71
48.0,E10_Maltotriose,78
48.25,E10_Maltotriose,74
0.0,E11_2-DeoxyAdenosine,11
0.25,E11_2-DeoxyAdenosine,11
0.5,E11_2-DeoxyAdenosine,11
0.75,E11_2-DeoxyAdenosine,11
1.0,E11_2-DeoxyAdenosine,11
1.25,E11_2-DeoxyAdenosine,11
1.5,E11_2-DeoxyAdenosine,11
1.75,E11_2-DeoxyAdenosine,11
2.0,E11_2-DeoxyAdenosine,11
2.25,E11_2-DeoxyAdenosine,11
2.5,E11_2-DeoxyAdenosine,11
2.75,E11_2-DeoxyAdenosine,11
3.0,E11_2-DeoxyAdenosine,11
3.25,E11_2-DeoxyAdenosine,11
3.5,E11_2-DeoxyAdenosine,11
3.75,E11_2-DeoxyAdenosine,11
4.0,E11_2-DeoxyAdenosine,11
4.25,E11_2-DeoxyAdenosine,11
4.5,E11_2-DeoxyAdenosine,11
4.75,E11_2-DeoxyAdenosine,11
5.0,E11_2-DeoxyAdenosine,11
5.25,E11_2-DeoxyAdenosine,11
5.5,E11_2-DeoxyAdenosine,11
5.75,E11_2-DeoxyAdenosine,11
6.0,E11_2-DeoxyAdenosine,13
6.25,E11_2-DeoxyAdenosine,11
6.5,E11_2-DeoxyAdenosine,11
6.75,E11_2-DeoxyAdenosine,11
7.0,E11_2-DeoxyAdenosine,11
7.25,E11_2-DeoxyAdenosine,11
7.5,E11_2-DeoxyAdenosine,11
7.75,E11_2-DeoxyAdenosine,11
8.0,E11_2-DeoxyAdenosine,11
8.25,E11_2-DeoxyAdenosine,11
8.5,E11_2-DeoxyAdenosine,11
8.75,E11_2-DeoxyAdenosine,11
9.0,E11_2-DeoxyAdenosine,11
9.25,E11_2-DeoxyAdenosine,14
9.5,E11_2-DeoxyAdenosine,11
9.75,E11_2-DeoxyAdenosine,11
10.0,E11_2-DeoxyAdenosine,11
10.25,E11_2-DeoxyAdenosine,11
10.5,E11_2-DeoxyAdenosine,11
10.75,E11_2-DeoxyAdenosine,11
11.0,E11_2-DeoxyAdenosine,13
11.25,E11_2-DeoxyAdenosine,11
11.5,E11_2-DeoxyAdenosine,11
11.75,E11_2-DeoxyAdenosine,11
12.0,E11_2-DeoxyAdenosine,12
12.25,E11_2-DeoxyAdenosine,11
12.5,E11_2-DeoxyAdenosine,11
12.75,E11_2-DeoxyAdenosine,11
13.0,E11_2-DeoxyAdenosine,11
13.25,E11_2-DeoxyAdenosine,11
13.5,E11_2-DeoxyAdenosine,14
13.75,E11_2-DeoxyAdenosine,11
14.0,E11_2-DeoxyAdenosine,11
14.25,E11_2-DeoxyAdenosine,12
14.5,E11_2-DeoxyAdenosine,11
14.75,E11_2-DeoxyAdenosine,11
15.0,E11_2-DeoxyAdenosine,12
15.25,E11_2-DeoxyAdenosine,11
15.5,E11_2-DeoxyAdenosine,12
15.75,E11_2-DeoxyAdenosine,13
16.0,E11_2-DeoxyAdenosine,12
16.25,E11_2-DeoxyAdenosine,11
16.5,E11_2-DeoxyAdenosine,11
16.75,E11_2-DeoxyAdenosine,11
17.0,E11_2-DeoxyAdenosine,13
17.25,E11_2-DeoxyAdenosine,11
17.5,E11_2-DeoxyAdenosine,11
17.75,E11_2-DeoxyAdenosine,15
18.0,E11_2-DeoxyAdenosine,13
18.25,E11_2-DeoxyAdenosine,11
18.5,E11_2-DeoxyAdenosine,12
18.75,E11_2-DeoxyAdenosine,13
19.0,E11_2-DeoxyAdenosine,11
19.25,E11_2-DeoxyAdenosine,14
19.5,E11_2-DeoxyAdenosine,13
19.75,E11_2-DeoxyAdenosine,14
20.0,E11_2-DeoxyAdenosine,16
20.25,E11_2-DeoxyAdenosine,14
20.5,E11_2-DeoxyAdenosine,13
20.75,E11_2-DeoxyAdenosine,15
21.0,E11_2-DeoxyAdenosine,19
21.25,E11_2-DeoxyAdenosine,17
21.5,E11_2-DeoxyAdenosine,15
21.75,E11_2-DeoxyAdenosine,16
22.0,E11_2-DeoxyAdenosine,22
22.25,E11_2-DeoxyAdenosine,16
22.5,E11_2-DeoxyAdenosine,17
22.75,E11_2-DeoxyAdenosine,28
23.0,E11_2-DeoxyAdenosine,18
23.25,E11_2-DeoxyAdenosine,24
23.5,E11_2-DeoxyAdenosine,26
23.75,E11_2-DeoxyAdenosine,22
24.0,E11_2-DeoxyAdenosine,20
24.25,E11_2-DeoxyAdenosine,22
24.5,E11_2-DeoxyAdenosine,25
24.75,E11_2-DeoxyAdenosine,24
25.0,E11_2-DeoxyAdenosine,28
25.25,E11_2-DeoxyAdenosine,25
25.5,E11_2-DeoxyAdenosine,27
25.75,E11_2-DeoxyAdenosine,29
26.0,E11_2-DeoxyAdenosine,23
26.25,E11_2-DeoxyAdenosine,22
26.5,E11_2-DeoxyAdenosine,27
26.75,E11_2-DeoxyAdenosine,31
27.0,E11_2-DeoxyAdenosine,29
27.25,E11_2-DeoxyAdenosine,25
27.5,E11_2-DeoxyAdenosine,30
27.75,E11_2-DeoxyAdenosine,30
28.0,E11_2-DeoxyAdenosine,26
28.25,E11_2-DeoxyAdenosine,27
28.5,E11_2-DeoxyAdenosine,33
28.75,E11_2-DeoxyAdenosine,29
29.0,E11_2-DeoxyAdenosine,33
29.25,E11_2-DeoxyAdenosine,29
29.5,E11_2-DeoxyAdenosine,32
29.75,E11_2-DeoxyAdenosine,34
30.0,E11_2-DeoxyAdenosine,29
30.25,E11_2-DeoxyAdenosine,26
30.5,E11_2-DeoxyAdenosine,36
30.75,E11_2-DeoxyAdenosine,38
31.0,E11_2-DeoxyAdenosine,33
31.25,E11_2-DeoxyAdenosine,35
31.5,E11_2-DeoxyAdenosine,37
31.75,E11_2-DeoxyAdenosine,35
32.0,E11_2-DeoxyAdenosine,32
32.25,E11_2-DeoxyAdenosine,32
32.5,E11_2-DeoxyAdenosine,31
32.75,E11_2-DeoxyAdenosine,36
33.0,E11_2-DeoxyAdenosine,37
33.25,E11_2-DeoxyAdenosine,35
33.5,E11_2-DeoxyAdenosine,37
33.75,E11_2-DeoxyAdenosine,36
34.0,E11_2-DeoxyAdenosine,32
34.25,E11_2-DeoxyAdenosine,41
34.5,E11_2-DeoxyAdenosine,35
34.75,E11_2-DeoxyAdenosine,37
35.0,E11_2-DeoxyAdenosine,38
35.25,E11_2-DeoxyAdenosine,38
35.5,E11_2-DeoxyAdenosine,39
35.75,E11_2-DeoxyAdenosine,43
36.0,E11_2-DeoxyAdenosine,42
36.25,E11_2-DeoxyAdenosine,37
36.5,E11_2-DeoxyAdenosine,41
36.75,E11_2-DeoxyAdenosine,41
37.0,E11_2-DeoxyAdenosine,40
37.25,E11_2-DeoxyAdenosine,38
37.5,E11_2-DeoxyAdenosine,44
37.75,E11_2-DeoxyAdenosine,42
38.0,E11_2-DeoxyAdenosine,40
38.25,E11_2-DeoxyAdenosine,42
38.5,E11_2-DeoxyAdenosine,41
38.75,E11_2-DeoxyAdenosine,41
39.0,E11_2-DeoxyAdenosine,45
39.25,E11_2-DeoxyAdenosine,43
39.5,E11_2-DeoxyAdenosine,42
39.75,E11_2-DeoxyAdenosine,42
40.0,E11_2-DeoxyAdenosine,37
40.25,E11_2-DeoxyAdenosine,43
40.5,E11_2-DeoxyAdenosine,43
40.75,E11_2-DeoxyAdenosine,39
41.0,E11_2-DeoxyAdenosine,38
41.25,E11_2-DeoxyAdenosine,44
41.5,E11_2-DeoxyAdenosine,43
41.75,E11_2-DeoxyAdenosine,44
42.0,E11_2-DeoxyAdenosine,49
42.25,E11_2-DeoxyAdenosine,43
42.5,E11_2-DeoxyAdenosine,45
42.75,E11_2-DeoxyAdenosine,44
43.0,E11_2-DeoxyAdenosine,43
43.25,E11_2-DeoxyAdenosine,41
43.5,E11_2-DeoxyAdenosine,43
43.75,E11_2-DeoxyAdenosine,40
44.0,E11_2-DeoxyAdenosine,39
44.25,E11_2-DeoxyAdenosine,38
44.5,E11_2-DeoxyAdenosine,41
44.75,E11_2-DeoxyAdenosine,38
45.0,E11_2-DeoxyAdenosine,38
45.25,E11_2-DeoxyAdenosine,42
45.5,E11_2-DeoxyAdenosine,39
45.75,E11_2-DeoxyAdenosine,43
46.0,E11_2-DeoxyAdenosine,38
46.25,E11_2-DeoxyAdenosine,42
46.5,E11_2-DeoxyAdenosine,44
46.75,E11_2-DeoxyAdenosine,47
47.0,E11_2-DeoxyAdenosine,39
47.25,E11_2-DeoxyAdenosine,43
47.5,E11_2-DeoxyAdenosine,43
47.75,E11_2-DeoxyAdenosine,42
48.0,E11_2-DeoxyAdenosine,45
48.25,E11_2-DeoxyAdenosine,43
0.0,E12_Adenosine,19
0.25,E12_Adenosine,13
0.5,E12_Adenosine,15
0.75,E12_Adenosine,15
1.0,E12_Adenosine,12
1.25,E12_Adenosine,12
1.5,E12_Adenosine,16
1.75,E12_Adenosine,15
2.0,E12_Adenosine,18
2.25,E12_Adenosine,16
2.5,E12_Adenosine,14
2.75,E12_Adenosine,17
3.0,E12_Adenosine,13
3.25,E12_Adenosine,15
3.5,E12_Adenosine,16
3.75,E12_Adenosine,11
4.0,E12_Adenosine,13
4.25,E12_Adenosine,17
4.5,E12_Adenosine,15
4.75,E12_Adenosine,16
5.0,E12_Adenosine,15
5.25,E12_Adenosine,15
5.5,E12_Adenosine,15
5.75,E12_Adenosine,14
6.0,E12_Adenosine,17
6.25,E12_Adenosine,14
6.5,E12_Adenosine,16
6.75,E12_Adenosine,14
7.0,E12_Adenosine,19
7.25,E12_Adenosine,16
7.5,E12_Adenosine,11
7.75,E12_Adenosine,19
8.0,E12_Adenosine,20
8.25,E12_Adenosine,18
8.5,E12_Adenosine,18
8.75,E12_Adenosine,16
9.0,E12_Adenosine,15
9.25,E12_Adenosine,16
9.5,E12_Adenosine,13
9.75,E12_Adenosine,18
10.0,E12_Adenosine,17
10.25,E12_Adenosine,18
10.5,E12_Adenosine,18
10.75,E12_Adenosine,20
11.0,E12_Adenosine,22
11.25,E12_Adenosine,16
11.5,E12_Adenosine,20
11.75,E12_Adenosine,15
12.0,E12_Adenosine,19
12.25,E12_Adenosine,19
12.5,E12_Adenosine,20
12.75,E12_Adenosine,21
13.0,E12_Adenosine,22
13.25,E12_Adenosine,16
13.5,E12_Adenosine,25
13.75,E12_Adenosine,23
14.0,E12_Adenosine,26
14.25,E12_Adenosine,22
14.5,E12_Adenosine,22
14.75,E12_Adenosine,23
15.0,E12_Adenosine,21
15.25,E12_Adenosine,24
15.5,E12_Adenosine,22
15.75,E12_Adenosine,21
16.0,E12_Adenosine,23
16.25,E12_Adenosine,31
16.5,E12_Adenosine,22
16.75,E12_Adenosine,29
17.0,E12_Adenosine,29
17.25,E12_Adenosine,30
17.5,E12_Adenosine,27
17.75,E12_Adenosine,28
18.0,E12_Adenosine,24
18.25,E12_Adenosine,30
18.5,E12_Adenosine,29
18.75,E12_Adenosine,31
19.0,E12_Adenosine,30
19.25,E12_Adenosine,29
19.5,E12_Adenosine,29
19.75,E12_Adenosine,34
20.0,E12_Adenosine,34
20.25,E12_Adenosine,35
20.5,E12_Adenosine,32
20.75,E12_Adenosine,34
21.0,E12_Adenosine,34
21.25,E12_Adenosine,34
21.5,E12_Adenosine,31
21.75,E12_Adenosine,36
22.0,E12_Adenosine,38
22.25,E12_Adenosine,34
22.5,E12_Adenosine,36
22.75,E12_Adenosine,36
23.0,E12_Adenosine,39
23.25,E12_Adenosine,36
23.5,E12_Adenosine,41
23.75,E12_Adenosine,36
24.0,E12_Adenosine,35
24.25,E12_Adenosine,39
24.5,E12_Adenosine,35
24.75,E12_Adenosine,40
25.0,E12_Adenosine,38
25.25,E12_Adenosine,38
25.5,E12_Adenosine,40
25.75,E12_Adenosine,38
26.0,E12_Adenosine,39
26.25,E12_Adenosine,42
26.5,E12_Adenosine,41
26.75,E12_Adenosine,41
27.0,E12_Adenosine,40
27.25,E12_Adenosine,42
27.5,E12_Adenosine,40
27.75,E12_Adenosine,40
28.0,E12_Adenosine,42
28.25,E12_Adenosine,42
28.5,E12_Adenosine,39
28.75,E12_Adenosine,41
29.0,E12_Adenosine,41
29.25,E12_Adenosine,38
29.5,E12_Adenosine,40
29.75,E12_Adenosine,41
30.0,E12_Adenosine,42
30.25,E12_Adenosine,44
30.5,E12_Adenosine,47
30.75,E12_Adenosine,45
31.0,E12_Adenosine,38
31.25,E12_Adenosine,43
31.5,E12_Adenosine,43
31.75,E12_Adenosine,43
32.0,E12_Adenosine,42
32.25,E12_Adenosine,41
32.5,E12_Adenosine,44
32.75,E12_Adenosine,46
33.0,E12_Adenosine,44
33.25,E12_Adenosine,45
33.5,E12_Adenosine,43
33.75,E12_Adenosine,42
34.0,E12_Adenosine,47
34.25,E12_Adenosine,46
34.5,E12_Adenosine,44
34.75,E12_Adenosine,44
35.0,E12_Adenosine,44
35.25,E12_Adenosine,45
35.5,E12_Adenosine,47
35.75,E12_Adenosine,47
36.0,E12_Adenosine,47
36.25,E12_Adenosine,46
36.5,E12_Adenosine,44
36.75,E12_Adenosine,43
37.0,E12_Adenosine,47
37.25,E12_Adenosine,45
37.5,E12_Adenosine,44
37.75,E12_Adenosine,48
38.0,E12_Adenosine,43
38.25,E12_Adenosine,50
38.5,E12_Adenosine,47
38.75,E12_Adenosine,45
39.0,E12_Adenosine,49
39.25,E12_Adenosine,47
39.5,E12_Adenosine,46
39.75,E12_Adenosine,47
40.0,E12_Adenosine,49
40.25,E12_Adenosine,51
40.5,E12_Adenosine,51
40.75,E12_Adenosine,51
41.0,E12_Adenosine,44
41.25,E12_Adenosine,50
41.5,E12_Adenosine,50
41.75,E12_Adenosine,46
42.0,E12_Adenosine,51
42.25,E12_Adenosine,48
42.5,E12_Adenosine,49
42.75,E12_Adenosine,49
43.0,E12_Adenosine,48
43.25,E12_Adenosine,48
43.5,E12_Adenosine,45
43.75,E12_Adenosine,47
44.0,E12_Adenosine,50
44.25,E12_Adenosine,46
44.5,E12_Adenosine,46
44.75,E12_Adenosine,46
45.0,E12_Adenosine,48
45.25,E12_Adenosine,47
45.5,E12_Adenosine,47
45.75,E12_Adenosine,53
46.0,E12_Adenosine,48
46.25,E12_Adenosine,52
46.5,E12_Adenosine,51
46.75,E12_Adenosine,50
47.0,E12_Adenosine,54
47.25,E12_Adenosine,50
47.5,E12_Adenosine,49
47.75,E12_Adenosine,50
48.0,E12_Adenosine,53
48.25,E12_Adenosine,51
0.0,F1_Glycyl-L-Aspartic_Acid,17
0.25,F1_Glycyl-L-Aspartic_Acid,14
0.5,F1_Glycyl-L-Aspartic_Acid,16
0.75,F1_Glycyl-L-Aspartic_Acid,17
1.0,F1_Glycyl-L-Aspartic_Acid,16
1.25,F1_Glycyl-L-Aspartic_Acid,12
1.5,F1_Glycyl-L-Aspartic_Acid,14
1.75,F1_Glycyl-L-Aspartic_Acid,15
2.0,F1_Glycyl-L-Aspartic_Acid,17
2.25,F1_Glycyl-L-Aspartic_Acid,13
2.5,F1_Glycyl-L-Aspartic_Acid,15
2.75,F1_Glycyl-L-Aspartic_Acid,19
3.0,F1_Glycyl-L-Aspartic_Acid,14
3.25,F1_Glycyl-L-Aspartic_Acid,17
3.5,F1_Glycyl-L-Aspartic_Acid,17
3.75,F1_Glycyl-L-Aspartic_Acid,11
4.0,F1_Glycyl-L-Aspartic_Acid,17
4.25,F1_Glycyl-L-Aspartic_Acid,20
4.5,F1_Glycyl-L-Aspartic_Acid,14
4.75,F1_Glycyl-L-Aspartic_Acid,17
5.0,F1_Glycyl-L-Aspartic_Acid,18
5.25,F1_Glycyl-L-Aspartic_Acid,13
5.5,F1_Glycyl-L-Aspartic_Acid,14
5.75,F1_Glycyl-L-Aspartic_Acid,11
6.0,F1_Glycyl-L-Aspartic_Acid,12
6.25,F1_Glycyl-L-Aspartic_Acid,13
6.5,F1_Glycyl-L-Aspartic_Acid,13
6.75,F1_Glycyl-L-Aspartic_Acid,13
7.0,F1_Glycyl-L-Aspartic_Acid,16
7.25,F1_Glycyl-L-Aspartic_Acid,17
7.5,F1_Glycyl-L-Aspartic_Acid,14
7.75,F1_Glycyl-L-Aspartic_Acid,13
8.0,F1_Glycyl-L-Aspartic_Acid,19
8.25,F1_Glycyl-L-Aspartic_Acid,16
8.5,F1_Glycyl-L-Aspartic_Acid,13
8.75,F1_Glycyl-L-Aspartic_Acid,16
9.0,F1_Glycyl-L-Aspartic_Acid,14
9.25,F1_Glycyl-L-Aspartic_Acid,18
9.5,F1_Glycyl-L-Aspartic_Acid,14
9.75,F1_Glycyl-L-Aspartic_Acid,12
10.0,F1_Glycyl-L-Aspartic_Acid,14
10.25,F1_Glycyl-L-Aspartic_Acid,14
10.5,F1_Glycyl-L-Aspartic_Acid,21
10.75,F1_Glycyl-L-Aspartic_Acid,17
11.0,F1_Glycyl-L-Aspartic_Acid,13
11.25,F1_Glycyl-L-Aspartic_Acid,17
11.5,F1_Glycyl-L-Aspartic_Acid,17
11.75,F1_Glycyl-L-Aspartic_Acid,12
12.0,F1_Glycyl-L-Aspartic_Acid,20
12.25,F1_Glycyl-L-Aspartic_Acid,19
12.5,F1_Glycyl-L-Aspartic_Acid,17
12.75,F1_Glycyl-L-Aspartic_Acid,18
13.0,F1_Glycyl-L-Aspartic_Acid,18
13.25,F1_Glycyl-L-Aspartic_Acid,16
13.5,F1_Glycyl-L-Aspartic_Acid,20
13.75,F1_Glycyl-L-Aspartic_Acid,17
14.0,F1_Glycyl-L-Aspartic_Acid,14
14.25,F1_Glycyl-L-Aspartic_Acid,21
14.5,F1_Glycyl-L-Aspartic_Acid,19
14.75,F1_Glycyl-L-Aspartic_Acid,23
15.0,F1_Glycyl-L-Aspartic_Acid,17
15.25,F1_Glycyl-L-Aspartic_Acid,16
15.5,F1_Glycyl-L-Aspartic_Acid,21
15.75,F1_Glycyl-L-Aspartic_Acid,18
16.0,F1_Glycyl-L-Aspartic_Acid,22
16.25,F1_Glycyl-L-Aspartic_Acid,19
16.5,F1_Glycyl-L-Aspartic_Acid,13
16.75,F1_Glycyl-L-Aspartic_Acid,20
17.0,F1_Glycyl-L-Aspartic_Acid,22
17.25,F1_Glycyl-L-Aspartic_Acid,24
17.5,F1_Glycyl-L-Aspartic_Acid,23
17.75,F1_Glycyl-L-Aspartic_Acid,19
18.0,F1_Glycyl-L-Aspartic_Acid,23
18.25,F1_Glycyl-L-Aspartic_Acid,25
18.5,F1_Glycyl-L-Aspartic_Acid,20
18.75,F1_Glycyl-L-Aspartic_Acid,21
19.0,F1_Glycyl-L-Aspartic_Acid,18
19.25,F1_Glycyl-L-Aspartic_Acid,22
19.5,F1_Glycyl-L-Aspartic_Acid,21
19.75,F1_Glycyl-L-Aspartic_Acid,26
20.0,F1_Glycyl-L-Aspartic_Acid,26
20.25,F1_Glycyl-L-Aspartic_Acid,25
20.5,F1_Glycyl-L-Aspartic_Acid,29
20.75,F1_Glycyl-L-Aspartic_Acid,23
21.0,F1_Glycyl-L-Aspartic_Acid,23
21.25,F1_Glycyl-L-Aspartic_Acid,23
21.5,F1_Glycyl-L-Aspartic_Acid,23
21.75,F1_Glycyl-L-Aspartic_Acid,25
22.0,F1_Glycyl-L-Aspartic_Acid,26
22.25,F1_Glycyl-L-Aspartic_Acid,23
22.5,F1_Glycyl-L-Aspartic_Acid,27
22.75,F1_Glycyl-L-Aspartic_Acid,25
23.0,F1_Glycyl-L-Aspartic_Acid,23
23.25,F1_Glycyl-L-Aspartic_Acid,22
23.5,F1_Glycyl-L-Aspartic_Acid,25
23.75,F1_Glycyl-L-Aspartic_Acid,25
24.0,F1_Glycyl-L-Aspartic_Acid,23
24.25,F1_Glycyl-L-Aspartic_Acid,21
24.5,F1_Glycyl-L-Aspartic_Acid,27
24.75,F1_Glycyl-L-Aspartic_Acid,27
25.0,F1_Glycyl-L-Aspartic_Acid,27
25.25,F1_Glycyl-L-Aspartic_Acid,31
25.5,F1_Glycyl-L-Aspartic_Acid,27
25.75,F1_Glycyl-L-Aspartic_Acid,28
26.0,F1_Glycyl-L-Aspartic_Acid,26
26.25,F1_Glycyl-L-Aspartic_Acid,29
26.5,F1_Glycyl-L-Aspartic_Acid,23
26.75,F1_Glycyl-L-Aspartic_Acid,28
27.0,F1_Glycyl-L-Aspartic_Acid,29
27.25,F1_Glycyl-L-Aspartic_Acid,26
27.5,F1_Glycyl-L-Aspartic_Acid,25
27.75,F1_Glycyl-L-Aspartic_Acid,26
28.0,F1_Glycyl-L-Aspartic_Acid,25
28.25,F1_Glycyl-L-Aspartic_Acid,28
28.5,F1_Glycyl-L-Aspartic_Acid,28
28.75,F1_Glycyl-L-Aspartic_Acid,27
29.0,F1_Glycyl-L-Aspartic_Acid,28
29.25,F1_Glycyl-L-Aspartic_Acid,33
29.5,F1_Glycyl-L-Aspartic_Acid,31
29.75,F1_Glycyl-L-Aspartic_Acid,25
30.0,F1_Glycyl-L-Aspartic_Acid,26
30.25,F1_Glycyl-L-Aspartic_Acid,29
30.5,F1_Glycyl-L-Aspartic_Acid,27
30.75,F1_Glycyl-L-Aspartic_Acid,26
31.0,F1_Glycyl-L-Aspartic_Acid,26
31.25,F1_Glycyl-L-Aspartic_Acid,26
31.5,F1_Glycyl-L-Aspartic_Acid,26
31.75,F1_Glycyl-L-Aspartic_Acid,27
32.0,F1_Glycyl-L-Aspartic_Acid,27
32.25,F1_Glycyl-L-Aspartic_Acid,24
32.5,F1_Glycyl-L-Aspartic_Acid,27
32.75,F1_Glycyl-L-Aspartic_Acid,28
33.0,F1_Glycyl-L-Aspartic_Acid,29
33.25,F1_Glycyl-L-Aspartic_Acid,29
33.5,F1_Glycyl-L-Aspartic_Acid,28
33.75,F1_Glycyl-L-Aspartic_Acid,29
34.0,F1_Glycyl-L-Aspartic_Acid,26
34.25,F1_Glycyl-L-Aspartic_Acid,25
34.5,F1_Glycyl-L-Aspartic_Acid,29
34.75,F1_Glycyl-L-Aspartic_Acid,26
35.0,F1_Glycyl-L-Aspartic_Acid,22
35.25,F1_Glycyl-L-Aspartic_Acid,28
35.5,F1_Glycyl-L-Aspartic_Acid,28
35.75,F1_Glycyl-L-Aspartic_Acid,25
36.0,F1_Glycyl-L-Aspartic_Acid,31
36.25,F1_Glycyl-L-Aspartic_Acid,26
36.5,F1_Glycyl-L-Aspartic_Acid,25
36.75,F1_Glycyl-L-Aspartic_Acid,29
37.0,F1_Glycyl-L-Aspartic_Acid,25
37.25,F1_Glycyl-L-Aspartic_Acid,28
37.5,F1_Glycyl-L-Aspartic_Acid,28
37.75,F1_Glycyl-L-Aspartic_Acid,31
38.0,F1_Glycyl-L-Aspartic_Acid,28
38.25,F1_Glycyl-L-Aspartic_Acid,29
38.5,F1_Glycyl-L-Aspartic_Acid,28
38.75,F1_Glycyl-L-Aspartic_Acid,30
39.0,F1_Glycyl-L-Aspartic_Acid,30
39.25,F1_Glycyl-L-Aspartic_Acid,30
39.5,F1_Glycyl-L-Aspartic_Acid,27
39.75,F1_Glycyl-L-Aspartic_Acid,29
40.0,F1_Glycyl-L-Aspartic_Acid,27
40.25,F1_Glycyl-L-Aspartic_Acid,28
40.5,F1_Glycyl-L-Aspartic_Acid,27
40.75,F1_Glycyl-L-Aspartic_Acid,29
41.0,F1_Glycyl-L-Aspartic_Acid,29
41.25,F1_Glycyl-L-Aspartic_Acid,28
41.5,F1_Glycyl-L-Aspartic_Acid,34
41.75,F1_Glycyl-L-Aspartic_Acid,30
42.0,F1_Glycyl-L-Aspartic_Acid,26
42.25,F1_Glycyl-L-Aspartic_Acid,30
42.5,F1_Glycyl-L-Aspartic_Acid,28
42.75,F1_Glycyl-L-Aspartic_Acid,30
43.0,F1_Glycyl-L-Aspartic_Acid,27
43.25,F1_Glycyl-L-Aspartic_Acid,28
43.5,F1_Glycyl-L-Aspartic_Acid,27
43.75,F1_Glycyl-L-Aspartic_Acid,25
44.0,F1_Glycyl-L-Aspartic_Acid,30
44.25,F1_Glycyl-L-Aspartic_Acid,28
44.5,F1_Glycyl-L-Aspartic_Acid,31
44.75,F1_Glycyl-L-Aspartic_Acid,24
45.0,F1_Glycyl-L-Aspartic_Acid,25
45.25,F1_Glycyl-L-Aspartic_Acid,28
45.5,F1_Glycyl-L-Aspartic_Acid,29
45.75,F1_Glycyl-L-Aspartic_Acid,29
46.0,F1_Glycyl-L-Aspartic_Acid,30
46.25,F1_Glycyl-L-Aspartic_Acid,27
46.5,F1_Glycyl-L-Aspartic_Acid,32
46.75,F1_Glycyl-L-Aspartic_Acid,28
47.0,F1_Glycyl-L-Aspartic_Acid,29
47.25,F1_Glycyl-L-Aspartic_Acid,31
47.5,F1_Glycyl-L-Aspartic_Acid,34
47.75,F1_Glycyl-L-Aspartic_Acid,30
48.0,F1_Glycyl-L-Aspartic_Acid,25
48.25,F1_Glycyl-L-Aspartic_Acid,33
0.0,F2_Citric_Acid,11
0.25,F2_Citric_Acid,11
0.5,F2_Citric_Acid,11
0.75,F2_Citric_Acid,11
1.0,F2_Citric_Acid,14
1.25,F2_Citric_Acid,11
1.5,F2_Citric_Acid,11
1.75,F2_Citric_Acid,11
2.0,F2_Citric_Acid,11
2.25,F2_Citric_Acid,11
2.5,F2_Citric_Acid,11
2.75,F2_Citric_Acid,11
3.0,F2_Citric_Acid,11
3.25,F2_Citric_Acid,11
3.5,F2_Citric_Acid,11
3.75,F2_Citric_Acid,11
4.0,F2_Citric_Acid,11
4.25,F2_Citric_Acid,11
4.5,F2_Citric_Acid,11
4.75,F2_Citric_Acid,11
5.0,F2_Citric_Acid,11
5.25,F2_Citric_Acid,11
5.5,F2_Citric_Acid,11
5.75,F2_Citric_Acid,11
6.0,F2_Citric_Acid,11
6.25,F2_Citric_Acid,11
6.5,F2_Citric_Acid,11
6.75,F2_Citric_Acid,11
7.0,F2_Citric_Acid,11
7.25,F2_Citric_Acid,11
7.5,F2_Citric_Acid,11
7.75,F2_Citric_Acid,11
8.0,F2_Citric_Acid,11
8.25,F2_Citric_Acid,11
8.5,F2_Citric_Acid,11
8.75,F2_Citric_Acid,12
9.0,F2_Citric_Acid,11
9.25,F2_Citric_Acid,11
9.5,F2_Citric_Acid,11
9.75,F2_Citric_Acid,11
10.0,F2_Citric_Acid,11
10.25,F2_Citric_Acid,11
10.5,F2_Citric_Acid,11
10.75,F2_Citric_Acid,12
11.0,F2_Citric_Acid,11
11.25,F2_Citric_Acid,11
11.5,F2_Citric_Acid,11
11.75,F2_Citric_Acid,11
12.0,F2_Citric_Acid,11
12.25,F2_Citric_Acid,11
12.5,F2_Citric_Acid,11
12.75,F2_Citric_Acid,11
13.0,F2_Citric_Acid,11
13.25,F2_Citric_Acid,11
13.5,F2_Citric_Acid,11
13.75,F2_Citric_Acid,13
14.0,F2_Citric_Acid,11
14.25,F2_Citric_Acid,11
14.5,F2_Citric_Acid,11
14.75,F2_Citric_Acid,11
15.0,F2_Citric_Acid,11
15.25,F2_Citric_Acid,12
15.5,F2_Citric_Acid,11
15.75,F2_Citric_Acid,11
16.0,F2_Citric_Acid,11
16.25,F2_Citric_Acid,11
16.5,F2_Citric_Acid,11
16.75,F2_Citric_Acid,11
17.0,F2_Citric_Acid,11
17.25,F2_Citric_Acid,11
17.5,F2_Citric_Acid,11
17.75,F2_Citric_Acid,11
18.0,F2_Citric_Acid,11
18.25,F2_Citric_Acid,11
18.5,F2_Citric_Acid,11
18.75,F2_Citric_Acid,11
19.0,F2_Citric_Acid,11
19.25,F2_Citric_Acid,11
19.5,F2_Citric_Acid,11
19.75,F2_Citric_Acid,11
20.0,F2_Citric_Acid,11
20.25,F2_Citric_Acid,11
20.5,F2_Citric_Acid,14
20.75,F2_Citric_Acid,13
21.0,F2_Citric_Acid,11
21.25,F2_Citric_Acid,13
21.5,F2_Citric_Acid,11
21.75,F2_Citric_Acid,12
22.0,F2_Citric_Acid,11
22.25,F2_Citric_Acid,12
22.5,F2_Citric_Acid,11
22.75,F2_Citric_Acid,11
23.0,F2_Citric_Acid,12
23.25,F2_Citric_Acid,11
23.5,F2_Citric_Acid,13
23.75,F2_Citric_Acid,11
24.0,F2_Citric_Acid,11
24.25,F2_Citric_Acid,12
24.5,F2_Citric_Acid,11
24.75,F2_Citric_Acid,11
25.0,F2_Citric_Acid,11
25.25,F2_Citric_Acid,12
25.5,F2_Citric_Acid,14
25.75,F2_Citric_Acid,14
26.0,F2_Citric_Acid,11
26.25,F2_Citric_Acid,12
26.5,F2_Citric_Acid,12
26.75,F2_Citric_Acid,11
27.0,F2_Citric_Acid,14
27.25,F2_Citric_Acid,14
27.5,F2_Citric_Acid,11
27.75,F2_Citric_Acid,11
28.0,F2_Citric_Acid,12
28.25,F2_Citric_Acid,13
28.5,F2_Citric_Acid,13
28.75,F2_Citric_Acid,15
29.0,F2_Citric_Acid,14
29.25,F2_Citric_Acid,11
29.5,F2_Citric_Acid,12
29.75,F2_Citric_Acid,12
30.0,F2_Citric_Acid,15
30.25,F2_Citric_Acid,12
30.5,F2_Citric_Acid,12
30.75,F2_Citric_Acid,11
31.0,F2_Citric_Acid,11
31.25,F2_Citric_Acid,13
31.5,F2_Citric_Acid,11
31.75,F2_Citric_Acid,11
32.0,F2_Citric_Acid,14
32.25,F2_Citric_Acid,17
32.5,F2_Citric_Acid,18
32.75,F2_Citric_Acid,16
33.0,F2_Citric_Acid,13
33.25,F2_Citric_Acid,14
33.5,F2_Citric_Acid,13
33.75,F2_Citric_Acid,15
34.0,F2_Citric_Acid,20
34.25,F2_Citric_Acid,16
34.5,F2_Citric_Acid,19
34.75,F2_Citric_Acid,19
35.0,F2_Citric_Acid,16
35.25,F2_Citric_Acid,19
35.5,F2_Citric_Acid,15
35.75,F2_Citric_Acid,15
36.0,F2_Citric_Acid,19
36.25,F2_Citric_Acid,20
36.5,F2_Citric_Acid,21
36.75,F2_Citric_Acid,17
37.0,F2_Citric_Acid,18
37.25,F2_Citric_Acid,20
37.5,F2_Citric_Acid,20
37.75,F2_Citric_Acid,21
38.0,F2_Citric_Acid,15
38.25,F2_Citric_Acid,17
38.5,F2_Citric_Acid,16
38.75,F2_Citric_Acid,17
39.0,F2_Citric_Acid,20
39.25,F2_Citric_Acid,23
39.5,F2_Citric_Acid,19
39.75,F2_Citric_Acid,21
40.0,F2_Citric_Acid,15
40.25,F2_Citric_Acid,22
40.5,F2_Citric_Acid,16
40.75,F2_Citric_Acid,24
41.0,F2_Citric_Acid,22
41.25,F2_Citric_Acid,20
41.5,F2_Citric_Acid,20
41.75,F2_Citric_Acid,20
42.0,F2_Citric_Acid,21
42.25,F2_Citric_Acid,19
42.5,F2_Citric_Acid,19
42.75,F2_Citric_Acid,19
43.0,F2_Citric_Acid,21
43.25,F2_Citric_Acid,21
43.5,F2_Citric_Acid,18
43.75,F2_Citric_Acid,20
44.0,F2_Citric_Acid,19
44.25,F2_Citric_Acid,23
44.5,F2_Citric_Acid,19
44.75,F2_Citric_Acid,21
45.0,F2_Citric_Acid,18
45.25,F2_Citric_Acid,21
45.5,F2_Citric_Acid,23
45.75,F2_Citric_Acid,25
46.0,F2_Citric_Acid,18
46.25,F2_Citric_Acid,23
46.5,F2_Citric_Acid,27
46.75,F2_Citric_Acid,25
47.0,F2_Citric_Acid,25
47.25,F2_Citric_Acid,27
47.5,F2_Citric_Acid,24
47.75,F2_Citric_Acid,23
48.0,F2_Citric_Acid,25
48.25,F2_Citric_Acid,25
0.0,F3_myo-Inositol,11
0.25,F3_myo-Inositol,11
0.5,F3_myo-Inositol,11
0.75,F3_myo-Inositol,11
1.0,F3_myo-Inositol,11
1.25,F3_myo-Inositol,11
1.5,F3_myo-Inositol,11
1.75,F3_myo-Inositol,11
2.0,F3_myo-Inositol,11
2.25,F3_myo-Inositol,11
2.5,F3_myo-Inositol,11
2.75,F3_myo-Inositol,11
3.0,F3_myo-Inositol,11
3.25,F3_myo-Inositol,11
3.5,F3_myo-Inositol,11
3.75,F3_myo-Inositol,11
4.0,F3_myo-Inositol,11
4.25,F3_myo-Inositol,11
4.5,F3_myo-Inositol,11
4.75,F3_myo-Inositol,11
5.0,F3_myo-Inositol,11
5.25,F3_myo-Inositol,11
5.5,F3_myo-Inositol,11
5.75,F3_myo-Inositol,11
6.0,F3_myo-Inositol,11
6.25,F3_myo-Inositol,11
6.5,F3_myo-Inositol,11
6.75,F3_myo-Inositol,11
7.0,F3_myo-Inositol,11
7.25,F3_myo-Inositol,12
7.5,F3_myo-Inositol,11
7.75,F3_myo-Inositol,11
8.0,F3_myo-Inositol,11
8.25,F3_myo-Inositol,11
8.5,F3_myo-Inositol,11
8.75,F3_myo-Inositol,11
9.0,F3_myo-Inositol,11
9.25,F3_myo-Inositol,11
9.5,F3_myo-Inositol,11
9.75,F3_myo-Inositol,11
10.0,F3_myo-Inositol,11
10.25,F3_myo-Inositol,11
10.5,F3_myo-Inositol,11
10.75,F3_myo-Inositol,11
11.0,F3_myo-Inositol,11
11.25,F3_myo-Inositol,11
11.5,F3_myo-Inositol,12
11.75,F3_myo-Inositol,11
12.0,F3_myo-Inositol,11
12.25,F3_myo-Inositol,11
12.5,F3_myo-Inositol,11
12.75,F3_myo-Inositol,11
13.0,F3_myo-Inositol,11
13.25,F3_myo-Inositol,12
13.5,F3_myo-Inositol,18
13.75,F3_myo-Inositol,11
14.0,F3_myo-Inositol,11
14.25,F3_myo-Inositol,14
14.5,F3_myo-Inositol,15
14.75,F3_myo-Inositol,14
15.0,F3_myo-Inositol,15
15.25,F3_myo-Inositol,11
15.5,F3_myo-Inositol,11
15.75,F3_myo-Inositol,13
16.0,F3_myo-Inositol,18
16.25,F3_myo-Inositol,11
16.5,F3_myo-Inositol,11
16.75,F3_myo-Inositol,11
17.0,F3_myo-Inositol,18
17.25,F3_myo-Inositol,12
17.5,F3_myo-Inositol,16
17.75,F3_myo-Inositol,15
18.0,F3_myo-Inositol,15
18.25,F3_myo-Inositol,11
18.5,F3_myo-Inositol,13
18.75,F3_myo-Inositol,14
19.0,F3_myo-Inositol,11
19.25,F3_myo-Inositol,19
19.5,F3_myo-Inositol,12
19.75,F3_myo-Inositol,14
20.0,F3_myo-Inositol,15
20.25,F3_myo-Inositol,17
20.5,F3_myo-Inositol,17
20.75,F3_myo-Inositol,16
21.0,F3_myo-Inositol,18
21.25,F3_myo-Inositol,15
21.5,F3_myo-Inositol,16
21.75,F3_myo-Inositol,17
22.0,F3_myo-Inositol,17
22.25,F3_myo-Inositol,20
22.5,F3_myo-Inositol,18
22.75,F3_myo-Inositol,18
23.0,F3_myo-Inositol,19
23.25,F3_myo-Inositol,17
23.5,F3_myo-Inositol,19
23.75,F3_myo-Inositol,16
24.0,F3_myo-Inositol,13
24.25,F3_myo-Inositol,19
24.5,F3_myo-Inositol,15
24.75,F3_myo-Inositol,16
25.0,F3_myo-Inositol,14
25.25,F3_myo-Inositol,17
25.5,F3_myo-Inositol,18
25.75,F3_myo-Inositol,19
26.0,F3_myo-Inositol,17
26.25,F3_myo-Inositol,17
26.5,F3_myo-Inositol,11
26.75,F3_myo-Inositol,12
27.0,F3_myo-Inositol,18
27.25,F3_myo-Inositol,17
27.5,F3_myo-Inositol,17
27.75,F3_myo-Inositol,18
28.0,F3_myo-Inositol,16
28.25,F3_myo-Inositol,17
28.5,F3_myo-Inositol,18
28.75,F3_myo-Inositol,18
29.0,F3_myo-Inositol,17
29.25,F3_myo-Inositol,15
29.5,F3_myo-Inositol,15
29.75,F3_myo-Inositol,19
30.0,F3_myo-Inositol,19
30.25,F3_myo-Inositol,17
30.5,F3_myo-Inositol,17
30.75,F3_myo-Inositol,19
31.0,F3_myo-Inositol,15
31.25,F3_myo-Inositol,17
31.5,F3_myo-Inositol,22
31.75,F3_myo-Inositol,16
32.0,F3_myo-Inositol,19
32.25,F3_myo-Inositol,15
32.5,F3_myo-Inositol,19
32.75,F3_myo-Inositol,18
33.0,F3_myo-Inositol,18
33.25,F3_myo-Inositol,17
33.5,F3_myo-Inositol,14
33.75,F3_myo-Inositol,15
34.0,F3_myo-Inositol,16
34.25,F3_myo-Inositol,15
34.5,F3_myo-Inositol,15
34.75,F3_myo-Inositol,16
35.0,F3_myo-Inositol,19
35.25,F3_myo-Inositol,18
35.5,F3_myo-Inositol,17
35.75,F3_myo-Inositol,16
36.0,F3_myo-Inositol,16
36.25,F3_myo-Inositol,15
36.5,F3_myo-Inositol,15
36.75,F3_myo-Inositol,17
37.0,F3_myo-Inositol,22
37.25,F3_myo-Inositol,14
37.5,F3_myo-Inositol,15
37.75,F3_myo-Inositol,14
38.0,F3_myo-Inositol,18
38.25,F3_myo-Inositol,18
38.5,F3_myo-Inositol,19
38.75,F3_myo-Inositol,17
39.0,F3_myo-Inositol,19
39.25,F3_myo-Inositol,20
39.5,F3_myo-Inositol,18
39.75,F3_myo-Inositol,16
40.0,F3_myo-Inositol,16
40.25,F3_myo-Inositol,14
40.5,F3_myo-Inositol,16
40.75,F3_myo-Inositol,17
41.0,F3_myo-Inositol,17
41.25,F3_myo-Inositol,19
41.5,F3_myo-Inositol,17
41.75,F3_myo-Inositol,15
42.0,F3_myo-Inositol,18
42.25,F3_myo-Inositol,21
42.5,F3_myo-Inositol,18
42.75,F3_myo-Inositol,13
43.0,F3_myo-Inositol,13
43.25,F3_myo-Inositol,16
43.5,F3_myo-Inositol,16
43.75,F3_myo-Inositol,13
44.0,F3_myo-Inositol,20
44.25,F3_myo-Inositol,16
44.5,F3_myo-Inositol,15
44.75,F3_myo-Inositol,17
45.0,F3_myo-Inositol,15
45.25,F3_myo-Inositol,17
45.5,F3_myo-Inositol,16
45.75,F3_myo-Inositol,15
46.0,F3_myo-Inositol,15
46.25,F3_myo-Inositol,17
46.5,F3_myo-Inositol,19
46.75,F3_myo-Inositol,19
47.0,F3_myo-Inositol,19
47.25,F3_myo-Inositol,15
47.5,F3_myo-Inositol,19
47.75,F3_myo-Inositol,15
48.0,F3_myo-Inositol,17
48.25,F3_myo-Inositol,21
0.0,F4_D-Threonine,11
0.25,F4_D-Threonine,11
0.5,F4_D-Threonine,11
0.75,F4_D-Threonine,11
1.0,F4_D-Threonine,11
1.25,F4_D-Threonine,11
1.5,F4_D-Threonine,11
1.75,F4_D-Threonine,11
2.0,F4_D-Threonine,11
2.25,F4_D-Threonine,11
2.5,F4_D-Threonine,11
2.75,F4_D-Threonine,11
3.0,F4_D-Threonine,11
3.25,F4_D-Threonine,11
3.5,F4_D-Threonine,11
3.75,F4_D-Threonine,11
4.0,F4_D-Threonine,11
4.25,F4_D-Threonine,11
4.5,F4_D-Threonine,11
4.75,F4_D-Threonine,11
5.0,F4_D-Threonine,11
5.25,F4_D-Threonine,11
5.5,F4_D-Threonine,11
5.75,F4_D-Threonine,11
6.0,F4_D-Threonine,11
6.25,F4_D-Threonine,11
6.5,F4_D-Threonine,11
6.75,F4_D-Threonine,11
7.0,F4_D-Threonine,11
7.25,F4_D-Threonine,11
7.5,F4_D-Threonine,11
7.75,F4_D-Threonine,11
8.0,F4_D-Threonine,11
8.25,F4_D-Threonine,11
8.5,F4_D-Threonine,11
8.75,F4_D-Threonine,11
9.0,F4_D-Threonine,11
9.25,F4_D-Threonine,11
9.5,F4_D-Threonine,11
9.75,F4_D-Threonine,11
10.0,F4_D-Threonine,11
10.25,F4_D-Threonine,11
10.5,F4_D-Threonine,11
10.75,F4_D-Threonine,11
11.0,F4_D-Threonine,11
11.25,F4_D-Threonine,11
11.5,F4_D-Threonine,13
11.75,F4_D-Threonine,11
12.0,F4_D-Threonine,11
12.25,F4_D-Threonine,11
12.5,F4_D-Threonine,11
12.75,F4_D-Threonine,11
13.0,F4_D-Threonine,11
13.25,F4_D-Threonine,11
13.5,F4_D-Threonine,13
13.75,F4_D-Threonine,11
14.0,F4_D-Threonine,11
14.25,F4_D-Threonine,11
14.5,F4_D-Threonine,11
14.75,F4_D-Threonine,15
15.0,F4_D-Threonine,12
15.25,F4_D-Threonine,11
15.5,F4_D-Threonine,11
15.75,F4_D-Threonine,11
16.0,F4_D-Threonine,12
16.25,F4_D-Threonine,11
16.5,F4_D-Threonine,11
16.75,F4_D-Threonine,11
17.0,F4_D-Threonine,14
17.25,F4_D-Threonine,16
17.5,F4_D-Threonine,14
17.75,F4_D-Threonine,11
18.0,F4_D-Threonine,11
18.25,F4_D-Threonine,12
18.5,F4_D-Threonine,13
18.75,F4_D-Threonine,12
19.0,F4_D-Threonine,11
19.25,F4_D-Threonine,12
19.5,F4_D-Threonine,11
19.75,F4_D-Threonine,15
20.0,F4_D-Threonine,11
20.25,F4_D-Threonine,11
20.5,F4_D-Threonine,13
20.75,F4_D-Threonine,11
21.0,F4_D-Threonine,13
21.25,F4_D-Threonine,14
21.5,F4_D-Threonine,13
21.75,F4_D-Threonine,13
22.0,F4_D-Threonine,17
22.25,F4_D-Threonine,14
22.5,F4_D-Threonine,15
22.75,F4_D-Threonine,11
23.0,F4_D-Threonine,11
23.25,F4_D-Threonine,14
23.5,F4_D-Threonine,15
23.75,F4_D-Threonine,12
24.0,F4_D-Threonine,11
24.25,F4_D-Threonine,16
24.5,F4_D-Threonine,13
24.75,F4_D-Threonine,13
25.0,F4_D-Threonine,15
25.25,F4_D-Threonine,13
25.5,F4_D-Threonine,13
25.75,F4_D-Threonine,12
26.0,F4_D-Threonine,13
26.25,F4_D-Threonine,12
26.5,F4_D-Threonine,11
26.75,F4_D-Threonine,14
27.0,F4_D-Threonine,15
27.25,F4_D-Threonine,13
27.5,F4_D-Threonine,15
27.75,F4_D-Threonine,11
28.0,F4_D-Threonine,11
28.25,F4_D-Threonine,15
28.5,F4_D-Threonine,13
28.75,F4_D-Threonine,13
29.0,F4_D-Threonine,13
29.25,F4_D-Threonine,12
29.5,F4_D-Threonine,15
29.75,F4_D-Threonine,14
30.0,F4_D-Threonine,16
30.25,F4_D-Threonine,14
30.5,F4_D-Threonine,11
30.75,F4_D-Threonine,15
31.0,F4_D-Threonine,12
31.25,F4_D-Threonine,13
31.5,F4_D-Threonine,13
31.75,F4_D-Threonine,12
32.0,F4_D-Threonine,14
32.25,F4_D-Threonine,14
32.5,F4_D-Threonine,15
32.75,F4_D-Threonine,13
33.0,F4_D-Threonine,15
33.25,F4_D-Threonine,17
33.5,F4_D-Threonine,11
33.75,F4_D-Threonine,14
34.0,F4_D-Threonine,12
34.25,F4_D-Threonine,16
34.5,F4_D-Threonine,13
34.75,F4_D-Threonine,13
35.0,F4_D-Threonine,15
35.25,F4_D-Threonine,12
35.5,F4_D-Threonine,12
35.75,F4_D-Threonine,11
36.0,F4_D-Threonine,17
36.25,F4_D-Threonine,14
36.5,F4_D-Threonine,17
36.75,F4_D-Threonine,14
37.0,F4_D-Threonine,11
37.25,F4_D-Threonine,12
37.5,F4_D-Threonine,11
37.75,F4_D-Threonine,14
38.0,F4_D-Threonine,14
38.25,F4_D-Threonine,11
38.5,F4_D-Threonine,16
38.75,F4_D-Threonine,13
39.0,F4_D-Threonine,15
39.25,F4_D-Threonine,12
39.5,F4_D-Threonine,12
39.75,F4_D-Threonine,13
40.0,F4_D-Threonine,11
40.25,F4_D-Threonine,13
40.5,F4_D-Threonine,11
40.75,F4_D-Threonine,16
41.0,F4_D-Threonine,11
41.25,F4_D-Threonine,14
41.5,F4_D-Threonine,14
41.75,F4_D-Threonine,11
42.0,F4_D-Threonine,17
42.25,F4_D-Threonine,21
42.5,F4_D-Threonine,14
42.75,F4_D-Threonine,16
43.0,F4_D-Threonine,12
43.25,F4_D-Threonine,16
43.5,F4_D-Threonine,14
43.75,F4_D-Threonine,15
44.0,F4_D-Threonine,12
44.25,F4_D-Threonine,14
44.5,F4_D-Threonine,15
44.75,F4_D-Threonine,11
45.0,F4_D-Threonine,11
45.25,F4_D-Threonine,13
45.5,F4_D-Threonine,16
45.75,F4_D-Threonine,13
46.0,F4_D-Threonine,14
46.25,F4_D-Threonine,14
46.5,F4_D-Threonine,11
46.75,F4_D-Threonine,16
47.0,F4_D-Threonine,14
47.25,F4_D-Threonine,17
47.5,F4_D-Threonine,18
47.75,F4_D-Threonine,12
48.0,F4_D-Threonine,13
48.25,F4_D-Threonine,16
0.0,F5_Fumaric_Acid,11
0.25,F5_Fumaric_Acid,11
0.5,F5_Fumaric_Acid,11
0.75,F5_Fumaric_Acid,11
1.0,F5_Fumaric_Acid,11
1.25,F5_Fumaric_Acid,11
1.5,F5_Fumaric_Acid,11
1.75,F5_Fumaric_Acid,11
2.0,F5_Fumaric_Acid,11
2.25,F5_Fumaric_Acid,11
2.5,F5_Fumaric_Acid,11
2.75,F5_Fumaric_Acid,11
3.0,F5_Fumaric_Acid,11
3.25,F5_Fumaric_Acid,11
3.5,F5_Fumaric_Acid,11
3.75,F5_Fumaric_Acid,11
4.0,F5_Fumaric_Acid,11
4.25,F5_Fumaric_Acid,11
4.5,F5_Fumaric_Acid,11
4.75,F5_Fumaric_Acid,11
5.0,F5_Fumaric_Acid,11
5.25,F5_Fumaric_Acid,11
5.5,F5_Fumaric_Acid,11
5.75,F5_Fumaric_Acid,11
6.0,F5_Fumaric_Acid,11
6.25,F5_Fumaric_Acid,11
6.5,F5_Fumaric_Acid,11
6.75,F5_Fumaric_Acid,11
7.0,F5_Fumaric_Acid,11
7.25,F5_Fumaric_Acid,11
7.5,F5_Fumaric_Acid,11
7.75,F5_Fumaric_Acid,11
8.0,F5_Fumaric_Acid,11
8.25,F5_Fumaric_Acid,11
8.5,F5_Fumaric_Acid,11
8.75,F5_Fumaric_Acid,11
9.0,F5_Fumaric_Acid,11
9.25,F5_Fumaric_Acid,11
9.5,F5_Fumaric_Acid,11
9.75,F5_Fumaric_Acid,11
10.0,F5_Fumaric_Acid,11
10.25,F5_Fumaric_Acid,11
10.5,F5_Fumaric_Acid,11
10.75,F5_Fumaric_Acid,11
11.0,F5_Fumaric_Acid,11
11.25,F5_Fumaric_Acid,11
11.5,F5_Fumaric_Acid,11
11.75,F5_Fumaric_Acid,11
12.0,F5_Fumaric_Acid,11
12.25,F5_Fumaric_Acid,11
12.5,F5_Fumaric_Acid,11
12.75,F5_Fumaric_Acid,11
13.0,F5_Fumaric_Acid,11
13.25,F5_Fumaric_Acid,11
13.5,F5_Fumaric_Acid,11
13.75,F5_Fumaric_Acid,11
14.0,F5_Fumaric_Acid,11
14.25,F5_Fumaric_Acid,11
14.5,F5_Fumaric_Acid,11
14.75,F5_Fumaric_Acid,11
15.0,F5_Fumaric_Acid,11
15.25,F5_Fumaric_Acid,11
15.5,F5_Fumaric_Acid,11
15.75,F5_Fumaric_Acid,11
16.0,F5_Fumaric_Acid,11
16.25,F5_Fumaric_Acid,11
16.5,F5_Fumaric_Acid,11
16.75,F5_Fumaric_Acid,11
17.0,F5_Fumaric_Acid,11
17.25,F5_Fumaric_Acid,11
17.5,F5_Fumaric_Acid,11
17.75,F5_Fumaric_Acid,11
18.0,F5_Fumaric_Acid,11
18.25,F5_Fumaric_Acid,11
18.5,F5_Fumaric_Acid,13
18.75,F5_Fumaric_Acid,12
19.0,F5_Fumaric_Acid,11
19.25,F5_Fumaric_Acid,11
19.5,F5_Fumaric_Acid,11
19.75,F5_Fumaric_Acid,11
20.0,F5_Fumaric_Acid,11
20.25,F5_Fumaric_Acid,11
20.5,F5_Fumaric_Acid,11
20.75,F5_Fumaric_Acid,11
21.0,F5_Fumaric_Acid,11
21.25,F5_Fumaric_Acid,11
21.5,F5_Fumaric_Acid,15
21.75,F5_Fumaric_Acid,11
22.0,F5_Fumaric_Acid,14
22.25,F5_Fumaric_Acid,11
22.5,F5_Fumaric_Acid,14
22.75,F5_Fumaric_Acid,11
23.0,F5_Fumaric_Acid,11
23.25,F5_Fumaric_Acid,11
23.5,F5_Fumaric_Acid,11
23.75,F5_Fumaric_Acid,11
24.0,F5_Fumaric_Acid,11
24.25,F5_Fumaric_Acid,11
24.5,F5_Fumaric_Acid,11
24.75,F5_Fumaric_Acid,11
25.0,F5_Fumaric_Acid,11
25.25,F5_Fumaric_Acid,11
25.5,F5_Fumaric_Acid,12
25.75,F5_Fumaric_Acid,11
26.0,F5_Fumaric_Acid,11
26.25,F5_Fumaric_Acid,13
26.5,F5_Fumaric_Acid,11
26.75,F5_Fumaric_Acid,14
27.0,F5_Fumaric_Acid,15
27.25,F5_Fumaric_Acid,12
27.5,F5_Fumaric_Acid,12
27.75,F5_Fumaric_Acid,11
28.0,F5_Fumaric_Acid,11
28.25,F5_Fumaric_Acid,14
28.5,F5_Fumaric_Acid,12
28.75,F5_Fumaric_Acid,15
29.0,F5_Fumaric_Acid,11
29.25,F5_Fumaric_Acid,11
29.5,F5_Fumaric_Acid,11
29.75,F5_Fumaric_Acid,15
30.0,F5_Fumaric_Acid,11
30.25,F5_Fumaric_Acid,13
30.5,F5_Fumaric_Acid,11
30.75,F5_Fumaric_Acid,12
31.0,F5_Fumaric_Acid,11
31.25,F5_Fumaric_Acid,15
31.5,F5_Fumaric_Acid,13
31.75,F5_Fumaric_Acid,12
32.0,F5_Fumaric_Acid,15
32.25,F5_Fumaric_Acid,14
32.5,F5_Fumaric_Acid,14
32.75,F5_Fumaric_Acid,13
33.0,F5_Fumaric_Acid,12
33.25,F5_Fumaric_Acid,17
33.5,F5_Fumaric_Acid,11
33.75,F5_Fumaric_Acid,16
34.0,F5_Fumaric_Acid,12
34.25,F5_Fumaric_Acid,13
34.5,F5_Fumaric_Acid,13
34.75,F5_Fumaric_Acid,15
35.0,F5_Fumaric_Acid,12
35.25,F5_Fumaric_Acid,15
35.5,F5_Fumaric_Acid,15
35.75,F5_Fumaric_Acid,13
36.0,F5_Fumaric_Acid,16
36.25,F5_Fumaric_Acid,11
36.5,F5_Fumaric_Acid,13
36.75,F5_Fumaric_Acid,14
37.0,F5_Fumaric_Acid,17
37.25,F5_Fumaric_Acid,16
37.5,F5_Fumaric_Acid,13
37.75,F5_Fumaric_Acid,15
38.0,F5_Fumaric_Acid,16
38.25,F5_Fumaric_Acid,11
38.5,F5_Fumaric_Acid,12
38.75,F5_Fumaric_Acid,15
39.0,F5_Fumaric_Acid,16
39.25,F5_Fumaric_Acid,14
39.5,F5_Fumaric_Acid,16
39.75,F5_Fumaric_Acid,19
40.0,F5_Fumaric_Acid,19
40.25,F5_Fumaric_Acid,12
40.5,F5_Fumaric_Acid,17
40.75,F5_Fumaric_Acid,18
41.0,F5_Fumaric_Acid,14
41.25,F5_Fumaric_Acid,19
41.5,F5_Fumaric_Acid,19
41.75,F5_Fumaric_Acid,12
42.0,F5_Fumaric_Acid,21
42.25,F5_Fumaric_Acid,21
42.5,F5_Fumaric_Acid,17
42.75,F5_Fumaric_Acid,16
43.0,F5_Fumaric_Acid,11
43.25,F5_Fumaric_Acid,18
43.5,F5_Fumaric_Acid,20
43.75,F5_Fumaric_Acid,16
44.0,F5_Fumaric_Acid,18
44.25,F5_Fumaric_Acid,16
44.5,F5_Fumaric_Acid,17
44.75,F5_Fumaric_Acid,19
45.0,F5_Fumaric_Acid,17
45.25,F5_Fumaric_Acid,21
45.5,F5_Fumaric_Acid,21
45.75,F5_Fumaric_Acid,21
46.0,F5_Fumaric_Acid,20
46.25,F5_Fumaric_Acid,18
46.5,F5_Fumaric_Acid,16
46.75,F5_Fumaric_Acid,20
47.0,F5_Fumaric_Acid,21
47.25,F5_Fumaric_Acid,17
47.5,F5_Fumaric_Acid,22
47.75,F5_Fumaric_Acid,19
48.0,F5_Fumaric_Acid,21
48.25,F5_Fumaric_Acid,25
0.0,F6_Bromo_Succinic_Acid,11
0.25,F6_Bromo_Succinic_Acid,11
0.5,F6_Bromo_Succinic_Acid,11
0.75,F6_Bromo_Succinic_Acid,38
1.0,F6_Bromo_Succinic_Acid,21
1.25,F6_Bromo_Succinic_Acid,21
1.5,F6_Bromo_Succinic_Acid,20
1.75,F6_Bromo_Succinic_Acid,17
2.0,F6_Bromo_Succinic_Acid,20
2.25,F6_Bromo_Succinic_Acid,17
2.5,F6_Bromo_Succinic_Acid,13
2.75,F6_Bromo_Succinic_Acid,13
3.0,F6_Bromo_Succinic_Acid,11
3.25,F6_Bromo_Succinic_Acid,11
3.5,F6_Bromo_Succinic_Acid,14
3.75,F6_Bromo_Succinic_Acid,11
4.0,F6_Bromo_Succinic_Acid,11
4.25,F6_Bromo_Succinic_Acid,11
4.5,F6_Bromo_Succinic_Acid,11
4.75,F6_Bromo_Succinic_Acid,11
5.0,F6_Bromo_Succinic_Acid,11
5.25,F6_Bromo_Succinic_Acid,11
5.5,F6_Bromo_Succinic_Acid,11
5.75,F6_Bromo_Succinic_Acid,11
6.0,F6_Bromo_Succinic_Acid,11
6.25,F6_Bromo_Succinic_Acid,11
6.5,F6_Bromo_Succinic_Acid,11
6.75,F6_Bromo_Succinic_Acid,11
7.0,F6_Bromo_Succinic_Acid,12
7.25,F6_Bromo_Succinic_Acid,11
7.5,F6_Bromo_Succinic_Acid,11
7.75,F6_Bromo_Succinic_Acid,11
8.0,F6_Bromo_Succinic_Acid,11
8.25,F6_Bromo_Succinic_Acid,11
8.5,F6_Bromo_Succinic_Acid,11
8.75,F6_Bromo_Succinic_Acid,11
9.0,F6_Bromo_Succinic_Acid,11
9.25,F6_Bromo_Succinic_Acid,11
9.5,F6_Bromo_Succinic_Acid,11
9.75,F6_Bromo_Succinic_Acid,11
10.0,F6_Bromo_Succinic_Acid,11
10.25,F6_Bromo_Succinic_Acid,11
10.5,F6_Bromo_Succinic_Acid,11
10.75,F6_Bromo_Succinic_Acid,11
11.0,F6_Bromo_Succinic_Acid,11
11.25,F6_Bromo_Succinic_Acid,11
11.5,F6_Bromo_Succinic_Acid,11
11.75,F6_Bromo_Succinic_Acid,11
12.0,F6_Bromo_Succinic_Acid,11
12.25,F6_Bromo_Succinic_Acid,11
12.5,F6_Bromo_Succinic_Acid,11
12.75,F6_Bromo_Succinic_Acid,11
13.0,F6_Bromo_Succinic_Acid,11
13.25,F6_Bromo_Succinic_Acid,11
13.5,F6_Bromo_Succinic_Acid,11
13.75,F6_Bromo_Succinic_Acid,11
14.0,F6_Bromo_Succinic_Acid,11
14.25,F6_Bromo_Succinic_Acid,11
14.5,F6_Bromo_Succinic_Acid,11
14.75,F6_Bromo_Succinic_Acid,11
15.0,F6_Bromo_Succinic_Acid,11
15.25,F6_Bromo_Succinic_Acid,11
15.5,F6_Bromo_Succinic_Acid,11
15.75,F6_Bromo_Succinic_Acid,11
16.0,F6_Bromo_Succinic_Acid,11
16.25,F6_Bromo_Succinic_Acid,11
16.5,F6_Bromo_Succinic_Acid,11
16.75,F6_Bromo_Succinic_Acid,11
17.0,F6_Bromo_Succinic_Acid,11
17.25,F6_Bromo_Succinic_Acid,11
17.5,F6_Bromo_Succinic_Acid,11
17.75,F6_Bromo_Succinic_Acid,11
18.0,F6_Bromo_Succinic_Acid,11
18.25,F6_Bromo_Succinic_Acid,11
18.5,F6_Bromo_Succinic_Acid,11
18.75,F6_Bromo_Succinic_Acid,11
19.0,F6_Bromo_Succinic_Acid,11
19.25,F6_Bromo_Succinic_Acid,11
19.5,F6_Bromo_Succinic_Acid,11
19.75,F6_Bromo_Succinic_Acid,11
20.0,F6_Bromo_Succinic_Acid,11
20.25,F6_Bromo_Succinic_Acid,11
20.5,F6_Bromo_Succinic_Acid,11
20.75,F6_Bromo_Succinic_Acid,11
21.0,F6_Bromo_Succinic_Acid,11
21.25,F6_Bromo_Succinic_Acid,11
21.5,F6_Bromo_Succinic_Acid,11
21.75,F6_Bromo_Succinic_Acid,11
22.0,F6_Bromo_Succinic_Acid,11
22.25,F6_Bromo_Succinic_Acid,11
22.5,F6_Bromo_Succinic_Acid,11
22.75,F6_Bromo_Succinic_Acid,11
23.0,F6_Bromo_Succinic_Acid,11
23.25,F6_Bromo_Succinic_Acid,11
23.5,F6_Bromo_Succinic_Acid,11
23.75,F6_Bromo_Succinic_Acid,11
24.0,F6_Bromo_Succinic_Acid,11
24.25,F6_Bromo_Succinic_Acid,11
24.5,F6_Bromo_Succinic_Acid,11
24.75,F6_Bromo_Succinic_Acid,11
25.0,F6_Bromo_Succinic_Acid,11
25.25,F6_Bromo_Succinic_Acid,11
25.5,F6_Bromo_Succinic_Acid,11
25.75,F6_Bromo_Succinic_Acid,11
26.0,F6_Bromo_Succinic_Acid,11
26.25,F6_Bromo_Succinic_Acid,11
26.5,F6_Bromo_Succinic_Acid,11
26.75,F6_Bromo_Succinic_Acid,11
27.0,F6_Bromo_Succinic_Acid,11
27.25,F6_Bromo_Succinic_Acid,11
27.5,F6_Bromo_Succinic_Acid,11
27.75,F6_Bromo_Succinic_Acid,11
28.0,F6_Bromo_Succinic_Acid,11
28.25,F6_Bromo_Succinic_Acid,11
28.5,F6_Bromo_Succinic_Acid,11
28.75,F6_Bromo_Succinic_Acid,11
29.0,F6_Bromo_Succinic_Acid,11
29.25,F6_Bromo_Succinic_Acid,11
29.5,F6_Bromo_Succinic_Acid,11
29.75,F6_Bromo_Succinic_Acid,11
30.0,F6_Bromo_Succinic_Acid,11
30.25,F6_Bromo_Succinic_Acid,11
30.5,F6_Bromo_Succinic_Acid,11
30.75,F6_Bromo_Succinic_Acid,11
31.0,F6_Bromo_Succinic_Acid,11
31.25,F6_Bromo_Succinic_Acid,11
31.5,F6_Bromo_Succinic_Acid,11
31.75,F6_Bromo_Succinic_Acid,11
32.0,F6_Bromo_Succinic_Acid,11
32.25,F6_Bromo_Succinic_Acid,11
32.5,F6_Bromo_Succinic_Acid,11
32.75,F6_Bromo_Succinic_Acid,11
33.0,F6_Bromo_Succinic_Acid,11
33.25,F6_Bromo_Succinic_Acid,11
33.5,F6_Bromo_Succinic_Acid,11
33.75,F6_Bromo_Succinic_Acid,11
34.0,F6_Bromo_Succinic_Acid,11
34.25,F6_Bromo_Succinic_Acid,11
34.5,F6_Bromo_Succinic_Acid,11
34.75,F6_Bromo_Succinic_Acid,11
35.0,F6_Bromo_Succinic_Acid,11
35.25,F6_Bromo_Succinic_Acid,11
35.5,F6_Bromo_Succinic_Acid,11
35.75,F6_Bromo_Succinic_Acid,11
36.0,F6_Bromo_Succinic_Acid,11
36.25,F6_Bromo_Succinic_Acid,11
36.5,F6_Bromo_Succinic_Acid,11
36.75,F6_Bromo_Succinic_Acid,11
37.0,F6_Bromo_Succinic_Acid,11
37.25,F6_Bromo_Succinic_Acid,11
37.5,F6_Bromo_Succinic_Acid,11
37.75,F6_Bromo_Succinic_Acid,11
38.0,F6_Bromo_Succinic_Acid,11
38.25,F6_Bromo_Succinic_Acid,11
38.5,F6_Bromo_Succinic_Acid,11
38.75,F6_Bromo_Succinic_Acid,11
39.0,F6_Bromo_Succinic_Acid,11
39.25,F6_Bromo_Succinic_Acid,11
39.5,F6_Bromo_Succinic_Acid,11
39.75,F6_Bromo_Succinic_Acid,11
40.0,F6_Bromo_Succinic_Acid,11
40.25,F6_Bromo_Succinic_Acid,11
40.5,F6_Bromo_Succinic_Acid,11
40.75,F6_Bromo_Succinic_Acid,11
41.0,F6_Bromo_Succinic_Acid,11
41.25,F6_Bromo_Succinic_Acid,11
41.5,F6_Bromo_Succinic_Acid,11
41.75,F6_Bromo_Succinic_Acid,11
42.0,F6_Bromo_Succinic_Acid,11
42.25,F6_Bromo_Succinic_Acid,11
42.5,F6_Bromo_Succinic_Acid,11
42.75,F6_Bromo_Succinic_Acid,11
43.0,F6_Bromo_Succinic_Acid,11
43.25,F6_Bromo_Succinic_Acid,11
43.5,F6_Bromo_Succinic_Acid,11
43.75,F6_Bromo_Succinic_Acid,11
44.0,F6_Bromo_Succinic_Acid,11
44.25,F6_Bromo_Succinic_Acid,11
44.5,F6_Bromo_Succinic_Acid,11
44.75,F6_Bromo_Succinic_Acid,11
45.0,F6_Bromo_Succinic_Acid,11
45.25,F6_Bromo_Succinic_Acid,11
45.5,F6_Bromo_Succinic_Acid,11
45.75,F6_Bromo_Succinic_Acid,11
46.0,F6_Bromo_Succinic_Acid,11
46.25,F6_Bromo_Succinic_Acid,11
46.5,F6_Bromo_Succinic_Acid,11
46.75,F6_Bromo_Succinic_Acid,11
47.0,F6_Bromo_Succinic_Acid,11
47.25,F6_Bromo_Succinic_Acid,11
47.5,F6_Bromo_Succinic_Acid,11
47.75,F6_Bromo_Succinic_Acid,11
48.0,F6_Bromo_Succinic_Acid,11
48.25,F6_Bromo_Succinic_Acid,11
0.0,F7_Propionic_Acid,11
0.25,F7_Propionic_Acid,11
0.5,F7_Propionic_Acid,11
0.75,F7_Propionic_Acid,11
1.0,F7_Propionic_Acid,11
1.25,F7_Propionic_Acid,11
1.5,F7_Propionic_Acid,11
1.75,F7_Propionic_Acid,11
2.0,F7_Propionic_Acid,11
2.25,F7_Propionic_Acid,11
2.5,F7_Propionic_Acid,11
2.75,F7_Propionic_Acid,11
3.0,F7_Propionic_Acid,11
3.25,F7_Propionic_Acid,11
3.5,F7_Propionic_Acid,11
3.75,F7_Propionic_Acid,11
4.0,F7_Propionic_Acid,11
4.25,F7_Propionic_Acid,11
4.5,F7_Propionic_Acid,11
4.75,F7_Propionic_Acid,11
5.0,F7_Propionic_Acid,11
5.25,F7_Propionic_Acid,11
5.5,F7_Propionic_Acid,11
5.75,F7_Propionic_Acid,11
6.0,F7_Propionic_Acid,11
6.25,F7_Propionic_Acid,11
6.5,F7_Propionic_Acid,11
6.75,F7_Propionic_Acid,11
7.0,F7_Propionic_Acid,11
7.25,F7_Propionic_Acid,11
7.5,F7_Propionic_Acid,11
7.75,F7_Propionic_Acid,11
8.0,F7_Propionic_Acid,11
8.25,F7_Propionic_Acid,11
8.5,F7_Propionic_Acid,11
8.75,F7_Propionic_Acid,11
9.0,F7_Propionic_Acid,11
9.25,F7_Propionic_Acid,11
9.5,F7_Propionic_Acid,11
9.75,F7_Propionic_Acid,11
10.0,F7_Propionic_Acid,11
10.25,F7_Propionic_Acid,11
10.5,F7_Propionic_Acid,11
10.75,F7_Propionic_Acid,11
11.0,F7_Propionic_Acid,11
11.25,F7_Propionic_Acid,11
11.5,F7_Propionic_Acid,11
11.75,F7_Propionic_Acid,11
12.0,F7_Propionic_Acid,11
12.25,F7_Propionic_Acid,11
12.5,F7_Propionic_Acid,11
12.75,F7_Propionic_Acid,11
13.0,F7_Propionic_Acid,11
13.25,F7_Propionic_Acid,11
13.5,F7_Propionic_Acid,11
13.75,F7_Propionic_Acid,11
14.0,F7_Propionic_Acid,11
14.25,F7_Propionic_Acid,11
14.5,F7_Propionic_Acid,11
14.75,F7_Propionic_Acid,11
15.0,F7_Propionic_Acid,11
15.25,F7_Propionic_Acid,11
15.5,F7_Propionic_Acid,11
15.75,F7_Propionic_Acid,11
16.0,F7_Propionic_Acid,11
16.25,F7_Propionic_Acid,11
16.5,F7_Propionic_Acid,11
16.75,F7_Propionic_Acid,11
17.0,F7_Propionic_Acid,11
17.25,F7_Propionic_Acid,11
17.5,F7_Propionic_Acid,11
17.75,F7_Propionic_Acid,11
18.0,F7_Propionic_Acid,11
18.25,F7_Propionic_Acid,11
18.5,F7_Propionic_Acid,11
18.75,F7_Propionic_Acid,11
19.0,F7_Propionic_Acid,11
19.25,F7_Propionic_Acid,11
19.5,F7_Propionic_Acid,11
19.75,F7_Propionic_Acid,12
20.0,F7_Propionic_Acid,11
20.25,F7_Propionic_Acid,11
20.5,F7_Propionic_Acid,11
20.75,F7_Propionic_Acid,11
21.0,F7_Propionic_Acid,11
21.25,F7_Propionic_Acid,11
21.5,F7_Propionic_Acid,11
21.75,F7_Propionic_Acid,11
22.0,F7_Propionic_Acid,11
22.25,F7_Propionic_Acid,13
22.5,F7_Propionic_Acid,11
22.75,F7_Propionic_Acid,11
23.0,F7_Propionic_Acid,11
23.25,F7_Propionic_Acid,11
23.5,F7_Propionic_Acid,11
23.75,F7_Propionic_Acid,11
24.0,F7_Propionic_Acid,11
24.25,F7_Propionic_Acid,11
24.5,F7_Propionic_Acid,11
24.75,F7_Propionic_Acid,11
25.0,F7_Propionic_Acid,13
25.25,F7_Propionic_Acid,12
25.5,F7_Propionic_Acid,11
25.75,F7_Propionic_Acid,12
26.0,F7_Propionic_Acid,11
26.25,F7_Propionic_Acid,13
26.5,F7_Propionic_Acid,11
26.75,F7_Propionic_Acid,12
27.0,F7_Propionic_Acid,11
27.25,F7_Propionic_Acid,15
27.5,F7_Propionic_Acid,12
27.75,F7_Propionic_Acid,11
28.0,F7_Propionic_Acid,12
28.25,F7_Propionic_Acid,15
28.5,F7_Propionic_Acid,16
28.75,F7_Propionic_Acid,11
29.0,F7_Propionic_Acid,13
29.25,F7_Propionic_Acid,11
29.5,F7_Propionic_Acid,15
29.75,F7_Propionic_Acid,12
30.0,F7_Propionic_Acid,11
30.25,F7_Propionic_Acid,13
30.5,F7_Propionic_Acid,13
30.75,F7_Propionic_Acid,14
31.0,F7_Propionic_Acid,11
31.25,F7_Propionic_Acid,15
31.5,F7_Propionic_Acid,12
31.75,F7_Propionic_Acid,11
32.0,F7_Propionic_Acid,13
32.25,F7_Propionic_Acid,16
32.5,F7_Propionic_Acid,14
32.75,F7_Propionic_Acid,16
33.0,F7_Propionic_Acid,17
33.25,F7_Propionic_Acid,16
33.5,F7_Propionic_Acid,13
33.75,F7_Propionic_Acid,16
34.0,F7_Propionic_Acid,16
34.25,F7_Propionic_Acid,18
34.5,F7_Propionic_Acid,15
34.75,F7_Propionic_Acid,14
35.0,F7_Propionic_Acid,17
35.25,F7_Propionic_Acid,19
35.5,F7_Propionic_Acid,18
35.75,F7_Propionic_Acid,14
36.0,F7_Propionic_Acid,19
36.25,F7_Propionic_Acid,15
36.5,F7_Propionic_Acid,15
36.75,F7_Propionic_Acid,19
37.0,F7_Propionic_Acid,16
37.25,F7_Propionic_Acid,15
37.5,F7_Propionic_Acid,13
37.75,F7_Propionic_Acid,20
38.0,F7_Propionic_Acid,14
38.25,F7_Propionic_Acid,19
38.5,F7_Propionic_Acid,21
38.75,F7_Propionic_Acid,18
39.0,F7_Propionic_Acid,16
39.25,F7_Propionic_Acid,19
39.5,F7_Propionic_Acid,18
39.75,F7_Propionic_Acid,17
40.0,F7_Propionic_Acid,18
40.25,F7_Propionic_Acid,19
40.5,F7_Propionic_Acid,21
40.75,F7_Propionic_Acid,20
41.0,F7_Propionic_Acid,15
41.25,F7_Propionic_Acid,19
41.5,F7_Propionic_Acid,17
41.75,F7_Propionic_Acid,20
42.0,F7_Propionic_Acid,22
42.25,F7_Propionic_Acid,17
42.5,F7_Propionic_Acid,24
42.75,F7_Propionic_Acid,23
43.0,F7_Propionic_Acid,19
43.25,F7_Propionic_Acid,19
43.5,F7_Propionic_Acid,23
43.75,F7_Propionic_Acid,23
44.0,F7_Propionic_Acid,20
44.25,F7_Propionic_Acid,21
44.5,F7_Propionic_Acid,18
44.75,F7_Propionic_Acid,18
45.0,F7_Propionic_Acid,16
45.25,F7_Propionic_Acid,23
45.5,F7_Propionic_Acid,21
45.75,F7_Propionic_Acid,22
46.0,F7_Propionic_Acid,21
46.25,F7_Propionic_Acid,25
46.5,F7_Propionic_Acid,23
46.75,F7_Propionic_Acid,24
47.0,F7_Propionic_Acid,19
47.25,F7_Propionic_Acid,19
47.5,F7_Propionic_Acid,24
47.75,F7_Propionic_Acid,23
48.0,F7_Propionic_Acid,25
48.25,F7_Propionic_Acid,26
0.0,F8_Mucic_Acid,11
0.25,F8_Mucic_Acid,11
0.5,F8_Mucic_Acid,11
0.75,F8_Mucic_Acid,11
1.0,F8_Mucic_Acid,11
1.25,F8_Mucic_Acid,11
1.5,F8_Mucic_Acid,11
1.75,F8_Mucic_Acid,11
2.0,F8_Mucic_Acid,11
2.25,F8_Mucic_Acid,11
2.5,F8_Mucic_Acid,11
2.75,F8_Mucic_Acid,11
3.0,F8_Mucic_Acid,11
3.25,F8_Mucic_Acid,11
3.5,F8_Mucic_Acid,11
3.75,F8_Mucic_Acid,11
4.0,F8_Mucic_Acid,11
4.25,F8_Mucic_Acid,11
4.5,F8_Mucic_Acid,11
4.75,F8_Mucic_Acid,11
5.0,F8_Mucic_Acid,11
5.25,F8_Mucic_Acid,11
5.5,F8_Mucic_Acid,11
5.75,F8_Mucic_Acid,11
6.0,F8_Mucic_Acid,11
6.25,F8_Mucic_Acid,11
6.5,F8_Mucic_Acid,11
6.75,F8_Mucic_Acid,11
7.0,F8_Mucic_Acid,11
7.25,F8_Mucic_Acid,11
7.5,F8_Mucic_Acid,11
7.75,F8_Mucic_Acid,11
8.0,F8_Mucic_Acid,11
8.25,F8_Mucic_Acid,11
8.5,F8_Mucic_Acid,11
8.75,F8_Mucic_Acid,11
9.0,F8_Mucic_Acid,11
9.25,F8_Mucic_Acid,11
9.5,F8_Mucic_Acid,11
9.75,F8_Mucic_Acid,11
10.0,F8_Mucic_Acid,11
10.25,F8_Mucic_Acid,11
10.5,F8_Mucic_Acid,11
10.75,F8_Mucic_Acid,11
11.0,F8_Mucic_Acid,11
11.25,F8_Mucic_Acid,11
11.5,F8_Mucic_Acid,11
11.75,F8_Mucic_Acid,11
12.0,F8_Mucic_Acid,11
12.25,F8_Mucic_Acid,11
12.5,F8_Mucic_Acid,11
12.75,F8_Mucic_Acid,11
13.0,F8_Mucic_Acid,11
13.25,F8_Mucic_Acid,11
13.5,F8_Mucic_Acid,11
13.75,F8_Mucic_Acid,11
14.0,F8_Mucic_Acid,11
14.25,F8_Mucic_Acid,11
14.5,F8_Mucic_Acid,11
14.75,F8_Mucic_Acid,11
15.0,F8_Mucic_Acid,11
15.25,F8_Mucic_Acid,11
15.5,F8_Mucic_Acid,11
15.75,F8_Mucic_Acid,11
16.0,F8_Mucic_Acid,11
16.25,F8_Mucic_Acid,11
16.5,F8_Mucic_Acid,11
16.75,F8_Mucic_Acid,11
17.0,F8_Mucic_Acid,11
17.25,F8_Mucic_Acid,11
17.5,F8_Mucic_Acid,11
17.75,F8_Mucic_Acid,11
18.0,F8_Mucic_Acid,11
18.25,F8_Mucic_Acid,11
18.5,F8_Mucic_Acid,12
18.75,F8_Mucic_Acid,12
19.0,F8_Mucic_Acid,11
19.25,F8_Mucic_Acid,11
19.5,F8_Mucic_Acid,11
19.75,F8_Mucic_Acid,13
20.0,F8_Mucic_Acid,11
20.25,F8_Mucic_Acid,16
20.5,F8_Mucic_Acid,13
20.75,F8_Mucic_Acid,11
21.0,F8_Mucic_Acid,11
21.25,F8_Mucic_Acid,11
21.5,F8_Mucic_Acid,11
21.75,F8_Mucic_Acid,16
22.0,F8_Mucic_Acid,13
22.25,F8_Mucic_Acid,11
22.5,F8_Mucic_Acid,11
22.75,F8_Mucic_Acid,11
23.0,F8_Mucic_Acid,11
23.25,F8_Mucic_Acid,11
23.5,F8_Mucic_Acid,13
23.75,F8_Mucic_Acid,11
24.0,F8_Mucic_Acid,11
24.25,F8_Mucic_Acid,11
24.5,F8_Mucic_Acid,11
24.75,F8_Mucic_Acid,11
25.0,F8_Mucic_Acid,14
25.25,F8_Mucic_Acid,12
25.5,F8_Mucic_Acid,12
25.75,F8_Mucic_Acid,11
26.0,F8_Mucic_Acid,11
26.25,F8_Mucic_Acid,11
26.5,F8_Mucic_Acid,11
26.75,F8_Mucic_Acid,11
27.0,F8_Mucic_Acid,14
27.25,F8_Mucic_Acid,11
27.5,F8_Mucic_Acid,11
27.75,F8_Mucic_Acid,13
28.0,F8_Mucic_Acid,11
28.25,F8_Mucic_Acid,14
28.5,F8_Mucic_Acid,12
28.75,F8_Mucic_Acid,11
29.0,F8_Mucic_Acid,16
29.25,F8_Mucic_Acid,11
29.5,F8_Mucic_Acid,11
29.75,F8_Mucic_Acid,11
30.0,F8_Mucic_Acid,11
30.25,F8_Mucic_Acid,11
30.5,F8_Mucic_Acid,11
30.75,F8_Mucic_Acid,16
31.0,F8_Mucic_Acid,14
31.25,F8_Mucic_Acid,12
31.5,F8_Mucic_Acid,11
31.75,F8_Mucic_Acid,14
32.0,F8_Mucic_Acid,11
32.25,F8_Mucic_Acid,11
32.5,F8_Mucic_Acid,14
32.75,F8_Mucic_Acid,11
33.0,F8_Mucic_Acid,11
33.25,F8_Mucic_Acid,11
33.5,F8_Mucic_Acid,11
33.75,F8_Mucic_Acid,13
34.0,F8_Mucic_Acid,13
34.25,F8_Mucic_Acid,14
34.5,F8_Mucic_Acid,14
34.75,F8_Mucic_Acid,14
35.0,F8_Mucic_Acid,11
35.25,F8_Mucic_Acid,14
35.5,F8_Mucic_Acid,13
35.75,F8_Mucic_Acid,14
36.0,F8_Mucic_Acid,14
36.25,F8_Mucic_Acid,11
36.5,F8_Mucic_Acid,15
36.75,F8_Mucic_Acid,12
37.0,F8_Mucic_Acid,12
37.25,F8_Mucic_Acid,12
37.5,F8_Mucic_Acid,12
37.75,F8_Mucic_Acid,11
38.0,F8_Mucic_Acid,11
38.25,F8_Mucic_Acid,14
38.5,F8_Mucic_Acid,14
38.75,F8_Mucic_Acid,12
39.0,F8_Mucic_Acid,11
39.25,F8_Mucic_Acid,11
39.5,F8_Mucic_Acid,11
39.75,F8_Mucic_Acid,12
40.0,F8_Mucic_Acid,11
40.25,F8_Mucic_Acid,11
40.5,F8_Mucic_Acid,11
40.75,F8_Mucic_Acid,14
41.0,F8_Mucic_Acid,13
41.25,F8_Mucic_Acid,11
41.5,F8_Mucic_Acid,13
41.75,F8_Mucic_Acid,11
42.0,F8_Mucic_Acid,13
42.25,F8_Mucic_Acid,15
42.5,F8_Mucic_Acid,11
42.75,F8_Mucic_Acid,11
43.0,F8_Mucic_Acid,12
43.25,F8_Mucic_Acid,11
43.5,F8_Mucic_Acid,13
43.75,F8_Mucic_Acid,11
44.0,F8_Mucic_Acid,13
44.25,F8_Mucic_Acid,13
44.5,F8_Mucic_Acid,11
44.75,F8_Mucic_Acid,11
45.0,F8_Mucic_Acid,11
45.25,F8_Mucic_Acid,12
45.5,F8_Mucic_Acid,11
45.75,F8_Mucic_Acid,14
46.0,F8_Mucic_Acid,11
46.25,F8_Mucic_Acid,14
46.5,F8_Mucic_Acid,13
46.75,F8_Mucic_Acid,12
47.0,F8_Mucic_Acid,11
47.25,F8_Mucic_Acid,12
47.5,F8_Mucic_Acid,11
47.75,F8_Mucic_Acid,14
48.0,F8_Mucic_Acid,11
48.25,F8_Mucic_Acid,11
0.0,F9_Glycolic_Acid,11
0.25,F9_Glycolic_Acid,11
0.5,F9_Glycolic_Acid,11
0.75,F9_Glycolic_Acid,11
1.0,F9_Glycolic_Acid,11
1.25,F9_Glycolic_Acid,11
1.5,F9_Glycolic_Acid,11
1.75,F9_Glycolic_Acid,11
2.0,F9_Glycolic_Acid,11
2.25,F9_Glycolic_Acid,11
2.5,F9_Glycolic_Acid,11
2.75,F9_Glycolic_Acid,11
3.0,F9_Glycolic_Acid,11
3.25,F9_Glycolic_Acid,11
3.5,F9_Glycolic_Acid,11
3.75,F9_Glycolic_Acid,11
4.0,F9_Glycolic_Acid,11
4.25,F9_Glycolic_Acid,11
4.5,F9_Glycolic_Acid,11
4.75,F9_Glycolic_Acid,11
5.0,F9_Glycolic_Acid,11
5.25,F9_Glycolic_Acid,11
5.5,F9_Glycolic_Acid,11
5.75,F9_Glycolic_Acid,11
6.0,F9_Glycolic_Acid,11
6.25,F9_Glycolic_Acid,11
6.5,F9_Glycolic_Acid,11
6.75,F9_Glycolic_Acid,11
7.0,F9_Glycolic_Acid,11
7.25,F9_Glycolic_Acid,11
7.5,F9_Glycolic_Acid,11
7.75,F9_Glycolic_Acid,11
8.0,F9_Glycolic_Acid,11
8.25,F9_Glycolic_Acid,11
8.5,F9_Glycolic_Acid,11
8.75,F9_Glycolic_Acid,11
9.0,F9_Glycolic_Acid,11
9.25,F9_Glycolic_Acid,11
9.5,F9_Glycolic_Acid,11
9.75,F9_Glycolic_Acid,11
10.0,F9_Glycolic_Acid,11
10.25,F9_Glycolic_Acid,11
10.5,F9_Glycolic_Acid,11
10.75,F9_Glycolic_Acid,11
11.0,F9_Glycolic_Acid,11
11.25,F9_Glycolic_Acid,11
11.5,F9_Glycolic_Acid,11
11.75,F9_Glycolic_Acid,11
12.0,F9_Glycolic_Acid,11
12.25,F9_Glycolic_Acid,11
12.5,F9_Glycolic_Acid,11
12.75,F9_Glycolic_Acid,11
13.0,F9_Glycolic_Acid,11
13.25,F9_Glycolic_Acid,11
13.5,F9_Glycolic_Acid,11
13.75,F9_Glycolic_Acid,11
14.0,F9_Glycolic_Acid,11
14.25,F9_Glycolic_Acid,11
14.5,F9_Glycolic_Acid,11
14.75,F9_Glycolic_Acid,12
15.0,F9_Glycolic_Acid,11
15.25,F9_Glycolic_Acid,11
15.5,F9_Glycolic_Acid,11
15.75,F9_Glycolic_Acid,11
16.0,F9_Glycolic_Acid,11
16.25,F9_Glycolic_Acid,11
16.5,F9_Glycolic_Acid,11
16.75,F9_Glycolic_Acid,11
17.0,F9_Glycolic_Acid,11
17.25,F9_Glycolic_Acid,11
17.5,F9_Glycolic_Acid,12
17.75,F9_Glycolic_Acid,12
18.0,F9_Glycolic_Acid,11
18.25,F9_Glycolic_Acid,12
18.5,F9_Glycolic_Acid,11
18.75,F9_Glycolic_Acid,11
19.0,F9_Glycolic_Acid,11
19.25,F9_Glycolic_Acid,11
19.5,F9_Glycolic_Acid,11
19.75,F9_Glycolic_Acid,11
20.0,F9_Glycolic_Acid,13
20.25,F9_Glycolic_Acid,11
20.5,F9_Glycolic_Acid,12
20.75,F9_Glycolic_Acid,11
21.0,F9_Glycolic_Acid,11
21.25,F9_Glycolic_Acid,11
21.5,F9_Glycolic_Acid,12
21.75,F9_Glycolic_Acid,11
22.0,F9_Glycolic_Acid,11
22.25,F9_Glycolic_Acid,11
22.5,F9_Glycolic_Acid,12
22.75,F9_Glycolic_Acid,11
23.0,F9_Glycolic_Acid,11
23.25,F9_Glycolic_Acid,11
23.5,F9_Glycolic_Acid,11
23.75,F9_Glycolic_Acid,11
24.0,F9_Glycolic_Acid,11
24.25,F9_Glycolic_Acid,11
24.5,F9_Glycolic_Acid,11
24.75,F9_Glycolic_Acid,11
25.0,F9_Glycolic_Acid,14
25.25,F9_Glycolic_Acid,12
25.5,F9_Glycolic_Acid,13
25.75,F9_Glycolic_Acid,11
26.0,F9_Glycolic_Acid,12
26.25,F9_Glycolic_Acid,13
26.5,F9_Glycolic_Acid,11
26.75,F9_Glycolic_Acid,11
27.0,F9_Glycolic_Acid,12
27.25,F9_Glycolic_Acid,13
27.5,F9_Glycolic_Acid,12
27.75,F9_Glycolic_Acid,12
28.0,F9_Glycolic_Acid,11
28.25,F9_Glycolic_Acid,14
28.5,F9_Glycolic_Acid,14
28.75,F9_Glycolic_Acid,11
29.0,F9_Glycolic_Acid,13
29.25,F9_Glycolic_Acid,12
29.5,F9_Glycolic_Acid,11
29.75,F9_Glycolic_Acid,11
30.0,F9_Glycolic_Acid,12
30.25,F9_Glycolic_Acid,12
30.5,F9_Glycolic_Acid,12
30.75,F9_Glycolic_Acid,11
31.0,F9_Glycolic_Acid,11
31.25,F9_Glycolic_Acid,11
31.5,F9_Glycolic_Acid,11
31.75,F9_Glycolic_Acid,12
32.0,F9_Glycolic_Acid,11
32.25,F9_Glycolic_Acid,13
32.5,F9_Glycolic_Acid,14
32.75,F9_Glycolic_Acid,11
33.0,F9_Glycolic_Acid,14
33.25,F9_Glycolic_Acid,11
33.5,F9_Glycolic_Acid,11
33.75,F9_Glycolic_Acid,14
34.0,F9_Glycolic_Acid,11
34.25,F9_Glycolic_Acid,13
34.5,F9_Glycolic_Acid,14
34.75,F9_Glycolic_Acid,16
35.0,F9_Glycolic_Acid,15
35.25,F9_Glycolic_Acid,11
35.5,F9_Glycolic_Acid,11
35.75,F9_Glycolic_Acid,11
36.0,F9_Glycolic_Acid,15
36.25,F9_Glycolic_Acid,13
36.5,F9_Glycolic_Acid,11
36.75,F9_Glycolic_Acid,11
37.0,F9_Glycolic_Acid,12
37.25,F9_Glycolic_Acid,11
37.5,F9_Glycolic_Acid,12
37.75,F9_Glycolic_Acid,13
38.0,F9_Glycolic_Acid,11
38.25,F9_Glycolic_Acid,11
38.5,F9_Glycolic_Acid,11
38.75,F9_Glycolic_Acid,13
39.0,F9_Glycolic_Acid,13
39.25,F9_Glycolic_Acid,16
39.5,F9_Glycolic_Acid,14
39.75,F9_Glycolic_Acid,18
40.0,F9_Glycolic_Acid,11
40.25,F9_Glycolic_Acid,12
40.5,F9_Glycolic_Acid,11
40.75,F9_Glycolic_Acid,16
41.0,F9_Glycolic_Acid,12
41.25,F9_Glycolic_Acid,14
41.5,F9_Glycolic_Acid,12
41.75,F9_Glycolic_Acid,11
42.0,F9_Glycolic_Acid,12
42.25,F9_Glycolic_Acid,16
42.5,F9_Glycolic_Acid,14
42.75,F9_Glycolic_Acid,14
43.0,F9_Glycolic_Acid,11
43.25,F9_Glycolic_Acid,11
43.5,F9_Glycolic_Acid,12
43.75,F9_Glycolic_Acid,11
44.0,F9_Glycolic_Acid,12
44.25,F9_Glycolic_Acid,11
44.5,F9_Glycolic_Acid,11
44.75,F9_Glycolic_Acid,11
45.0,F9_Glycolic_Acid,11
45.25,F9_Glycolic_Acid,11
45.5,F9_Glycolic_Acid,11
45.75,F9_Glycolic_Acid,11
46.0,F9_Glycolic_Acid,12
46.25,F9_Glycolic_Acid,13
46.5,F9_Glycolic_Acid,13
46.75,F9_Glycolic_Acid,12
47.0,F9_Glycolic_Acid,12
47.25,F9_Glycolic_Acid,12
47.5,F9_Glycolic_Acid,13
47.75,F9_Glycolic_Acid,13
48.0,F9_Glycolic_Acid,14
48.25,F9_Glycolic_Acid,14
0.0,F10_Glyoxylic_Acid,11
0.25,F10_Glyoxylic_Acid,11
0.5,F10_Glyoxylic_Acid,11
0.75,F10_Glyoxylic_Acid,11
1.0,F10_Glyoxylic_Acid,11
1.25,F10_Glyoxylic_Acid,11
1.5,F10_Glyoxylic_Acid,11
1.75,F10_Glyoxylic_Acid,11
2.0,F10_Glyoxylic_Acid,11
2.25,F10_Glyoxylic_Acid,11
2.5,F10_Glyoxylic_Acid,11
2.75,F10_Glyoxylic_Acid,11
3.0,F10_Glyoxylic_Acid,11
3.25,F10_Glyoxylic_Acid,11
3.5,F10_Glyoxylic_Acid,11
3.75,F10_Glyoxylic_Acid,11
4.0,F10_Glyoxylic_Acid,11
4.25,F10_Glyoxylic_Acid,11
4.5,F10_Glyoxylic_Acid,11
4.75,F10_Glyoxylic_Acid,11
5.0,F10_Glyoxylic_Acid,11
5.25,F10_Glyoxylic_Acid,11
5.5,F10_Glyoxylic_Acid,11
5.75,F10_Glyoxylic_Acid,11
6.0,F10_Glyoxylic_Acid,11
6.25,F10_Glyoxylic_Acid,11
6.5,F10_Glyoxylic_Acid,11
6.75,F10_Glyoxylic_Acid,11
7.0,F10_Glyoxylic_Acid,11
7.25,F10_Glyoxylic_Acid,11
7.5,F10_Glyoxylic_Acid,11
7.75,F10_Glyoxylic_Acid,11
8.0,F10_Glyoxylic_Acid,11
8.25,F10_Glyoxylic_Acid,11
8.5,F10_Glyoxylic_Acid,11
8.75,F10_Glyoxylic_Acid,11
9.0,F10_Glyoxylic_Acid,11
9.25,F10_Glyoxylic_Acid,11
9.5,F10_Glyoxylic_Acid,11
9.75,F10_Glyoxylic_Acid,11
10.0,F10_Glyoxylic_Acid,11
10.25,F10_Glyoxylic_Acid,11
10.5,F10_Glyoxylic_Acid,11
10.75,F10_Glyoxylic_Acid,11
11.0,F10_Glyoxylic_Acid,11
11.25,F10_Glyoxylic_Acid,14
11.5,F10_Glyoxylic_Acid,11
11.75,F10_Glyoxylic_Acid,11
12.0,F10_Glyoxylic_Acid,11
12.25,F10_Glyoxylic_Acid,11
12.5,F10_Glyoxylic_Acid,11
12.75,F10_Glyoxylic_Acid,11
13.0,F10_Glyoxylic_Acid,11
13.25,F10_Glyoxylic_Acid,11
13.5,F10_Glyoxylic_Acid,11
13.75,F10_Glyoxylic_Acid,11
14.0,F10_Glyoxylic_Acid,11
14.25,F10_Glyoxylic_Acid,11
14.5,F10_Glyoxylic_Acid,11
14.75,F10_Glyoxylic_Acid,11
15.0,F10_Glyoxylic_Acid,11
15.25,F10_Glyoxylic_Acid,11
15.5,F10_Glyoxylic_Acid,11
15.75,F10_Glyoxylic_Acid,11
16.0,F10_Glyoxylic_Acid,11
16.25,F10_Glyoxylic_Acid,11
16.5,F10_Glyoxylic_Acid,11
16.75,F10_Glyoxylic_Acid,11
17.0,F10_Glyoxylic_Acid,13
17.25,F10_Glyoxylic_Acid,14
17.5,F10_Glyoxylic_Acid,11
17.75,F10_Glyoxylic_Acid,11
18.0,F10_Glyoxylic_Acid,13
18.25,F10_Glyoxylic_Acid,15
18.5,F10_Glyoxylic_Acid,12
18.75,F10_Glyoxylic_Acid,11
19.0,F10_Glyoxylic_Acid,11
19.25,F10_Glyoxylic_Acid,11
19.5,F10_Glyoxylic_Acid,11
19.75,F10_Glyoxylic_Acid,11
20.0,F10_Glyoxylic_Acid,11
20.25,F10_Glyoxylic_Acid,14
20.5,F10_Glyoxylic_Acid,12
20.75,F10_Glyoxylic_Acid,11
21.0,F10_Glyoxylic_Acid,11
21.25,F10_Glyoxylic_Acid,11
21.5,F10_Glyoxylic_Acid,13
21.75,F10_Glyoxylic_Acid,11
22.0,F10_Glyoxylic_Acid,11
22.25,F10_Glyoxylic_Acid,13
22.5,F10_Glyoxylic_Acid,11
22.75,F10_Glyoxylic_Acid,11
23.0,F10_Glyoxylic_Acid,13
23.25,F10_Glyoxylic_Acid,11
23.5,F10_Glyoxylic_Acid,12
23.75,F10_Glyoxylic_Acid,11
24.0,F10_Glyoxylic_Acid,11
24.25,F10_Glyoxylic_Acid,11
24.5,F10_Glyoxylic_Acid,12
24.75,F10_Glyoxylic_Acid,11
25.0,F10_Glyoxylic_Acid,13
25.25,F10_Glyoxylic_Acid,11
25.5,F10_Glyoxylic_Acid,14
25.75,F10_Glyoxylic_Acid,11
26.0,F10_Glyoxylic_Acid,13
26.25,F10_Glyoxylic_Acid,13
26.5,F10_Glyoxylic_Acid,12
26.75,F10_Glyoxylic_Acid,11
27.0,F10_Glyoxylic_Acid,14
27.25,F10_Glyoxylic_Acid,11
27.5,F10_Glyoxylic_Acid,12
27.75,F10_Glyoxylic_Acid,15
28.0,F10_Glyoxylic_Acid,11
28.25,F10_Glyoxylic_Acid,13
28.5,F10_Glyoxylic_Acid,14
28.75,F10_Glyoxylic_Acid,13
29.0,F10_Glyoxylic_Acid,11
29.25,F10_Glyoxylic_Acid,11
29.5,F10_Glyoxylic_Acid,11
29.75,F10_Glyoxylic_Acid,15
30.0,F10_Glyoxylic_Acid,11
30.25,F10_Glyoxylic_Acid,14
30.5,F10_Glyoxylic_Acid,11
30.75,F10_Glyoxylic_Acid,14
31.0,F10_Glyoxylic_Acid,14
31.25,F10_Glyoxylic_Acid,12
31.5,F10_Glyoxylic_Acid,18
31.75,F10_Glyoxylic_Acid,15
32.0,F10_Glyoxylic_Acid,14
32.25,F10_Glyoxylic_Acid,13
32.5,F10_Glyoxylic_Acid,17
32.75,F10_Glyoxylic_Acid,11
33.0,F10_Glyoxylic_Acid,11
33.25,F10_Glyoxylic_Acid,14
33.5,F10_Glyoxylic_Acid,11
33.75,F10_Glyoxylic_Acid,13
34.0,F10_Glyoxylic_Acid,13
34.25,F10_Glyoxylic_Acid,16
34.5,F10_Glyoxylic_Acid,16
34.75,F10_Glyoxylic_Acid,17
35.0,F10_Glyoxylic_Acid,11
35.25,F10_Glyoxylic_Acid,15
35.5,F10_Glyoxylic_Acid,15
35.75,F10_Glyoxylic_Acid,12
36.0,F10_Glyoxylic_Acid,15
36.25,F10_Glyoxylic_Acid,15
36.5,F10_Glyoxylic_Acid,12
36.75,F10_Glyoxylic_Acid,17
37.0,F10_Glyoxylic_Acid,14
37.25,F10_Glyoxylic_Acid,16
37.5,F10_Glyoxylic_Acid,11
37.75,F10_Glyoxylic_Acid,13
38.0,F10_Glyoxylic_Acid,13
38.25,F10_Glyoxylic_Acid,13
38.5,F10_Glyoxylic_Acid,13
38.75,F10_Glyoxylic_Acid,14
39.0,F10_Glyoxylic_Acid,11
39.25,F10_Glyoxylic_Acid,16
39.5,F10_Glyoxylic_Acid,11
39.75,F10_Glyoxylic_Acid,13
40.0,F10_Glyoxylic_Acid,13
40.25,F10_Glyoxylic_Acid,12
40.5,F10_Glyoxylic_Acid,12
40.75,F10_Glyoxylic_Acid,14
41.0,F10_Glyoxylic_Acid,11
41.25,F10_Glyoxylic_Acid,14
41.5,F10_Glyoxylic_Acid,13
41.75,F10_Glyoxylic_Acid,11
42.0,F10_Glyoxylic_Acid,11
42.25,F10_Glyoxylic_Acid,16
42.5,F10_Glyoxylic_Acid,11
42.75,F10_Glyoxylic_Acid,12
43.0,F10_Glyoxylic_Acid,11
43.25,F10_Glyoxylic_Acid,11
43.5,F10_Glyoxylic_Acid,12
43.75,F10_Glyoxylic_Acid,11
44.0,F10_Glyoxylic_Acid,11
44.25,F10_Glyoxylic_Acid,11
44.5,F10_Glyoxylic_Acid,11
44.75,F10_Glyoxylic_Acid,13
45.0,F10_Glyoxylic_Acid,13
45.25,F10_Glyoxylic_Acid,11
45.5,F10_Glyoxylic_Acid,12
45.75,F10_Glyoxylic_Acid,13
46.0,F10_Glyoxylic_Acid,18
46.25,F10_Glyoxylic_Acid,11
46.5,F10_Glyoxylic_Acid,11
46.75,F10_Glyoxylic_Acid,14
47.0,F10_Glyoxylic_Acid,13
47.25,F10_Glyoxylic_Acid,11
47.5,F10_Glyoxylic_Acid,17
47.75,F10_Glyoxylic_Acid,17
48.0,F10_Glyoxylic_Acid,15
48.25,F10_Glyoxylic_Acid,15
0.0,F11_D-Cellobiose,11
0.25,F11_D-Cellobiose,11
0.5,F11_D-Cellobiose,11
0.75,F11_D-Cellobiose,11
1.0,F11_D-Cellobiose,11
1.25,F11_D-Cellobiose,11
1.5,F11_D-Cellobiose,11
1.75,F11_D-Cellobiose,11
2.0,F11_D-Cellobiose,11
2.25,F11_D-Cellobiose,11
2.5,F11_D-Cellobiose,11
2.75,F11_D-Cellobiose,11
3.0,F11_D-Cellobiose,11
3.25,F11_D-Cellobiose,11
3.5,F11_D-Cellobiose,11
3.75,F11_D-Cellobiose,11
4.0,F11_D-Cellobiose,11
4.25,F11_D-Cellobiose,11
4.5,F11_D-Cellobiose,12
4.75,F11_D-Cellobiose,11
5.0,F11_D-Cellobiose,13
5.25,F11_D-Cellobiose,11
5.5,F11_D-Cellobiose,11
5.75,F11_D-Cellobiose,11
6.0,F11_D-Cellobiose,13
6.25,F11_D-Cellobiose,11
6.5,F11_D-Cellobiose,11
6.75,F11_D-Cellobiose,11
7.0,F11_D-Cellobiose,11
7.25,F11_D-Cellobiose,13
7.5,F11_D-Cellobiose,12
7.75,F11_D-Cellobiose,11
8.0,F11_D-Cellobiose,11
8.25,F11_D-Cellobiose,12
8.5,F11_D-Cellobiose,11
8.75,F11_D-Cellobiose,11
9.0,F11_D-Cellobiose,11
9.25,F11_D-Cellobiose,14
9.5,F11_D-Cellobiose,11
9.75,F11_D-Cellobiose,11
10.0,F11_D-Cellobiose,11
10.25,F11_D-Cellobiose,11
10.5,F11_D-Cellobiose,13
10.75,F11_D-Cellobiose,11
11.0,F11_D-Cellobiose,12
11.25,F11_D-Cellobiose,11
11.5,F11_D-Cellobiose,13
11.75,F11_D-Cellobiose,11
12.0,F11_D-Cellobiose,13
12.25,F11_D-Cellobiose,11
12.5,F11_D-Cellobiose,13
12.75,F11_D-Cellobiose,12
13.0,F11_D-Cellobiose,11
13.25,F11_D-Cellobiose,11
13.5,F11_D-Cellobiose,14
13.75,F11_D-Cellobiose,13
14.0,F11_D-Cellobiose,13
14.25,F11_D-Cellobiose,13
14.5,F11_D-Cellobiose,14
14.75,F11_D-Cellobiose,14
15.0,F11_D-Cellobiose,16
15.25,F11_D-Cellobiose,14
15.5,F11_D-Cellobiose,12
15.75,F11_D-Cellobiose,14
16.0,F11_D-Cellobiose,18
16.25,F11_D-Cellobiose,14
16.5,F11_D-Cellobiose,11
16.75,F11_D-Cellobiose,11
17.0,F11_D-Cellobiose,16
17.25,F11_D-Cellobiose,12
17.5,F11_D-Cellobiose,14
17.75,F11_D-Cellobiose,14
18.0,F11_D-Cellobiose,15
18.25,F11_D-Cellobiose,17
18.5,F11_D-Cellobiose,13
18.75,F11_D-Cellobiose,12
19.0,F11_D-Cellobiose,13
19.25,F11_D-Cellobiose,16
19.5,F11_D-Cellobiose,12
19.75,F11_D-Cellobiose,13
20.0,F11_D-Cellobiose,19
20.25,F11_D-Cellobiose,15
20.5,F11_D-Cellobiose,19
20.75,F11_D-Cellobiose,13
21.0,F11_D-Cellobiose,17
21.25,F11_D-Cellobiose,17
21.5,F11_D-Cellobiose,20
21.75,F11_D-Cellobiose,17
22.0,F11_D-Cellobiose,15
22.25,F11_D-Cellobiose,17
22.5,F11_D-Cellobiose,19
22.75,F11_D-Cellobiose,15
23.0,F11_D-Cellobiose,14
23.25,F11_D-Cellobiose,16
23.5,F11_D-Cellobiose,20
23.75,F11_D-Cellobiose,17
24.0,F11_D-Cellobiose,14
24.25,F11_D-Cellobiose,13
24.5,F11_D-Cellobiose,16
24.75,F11_D-Cellobiose,14
25.0,F11_D-Cellobiose,16
25.25,F11_D-Cellobiose,13
25.5,F11_D-Cellobiose,17
25.75,F11_D-Cellobiose,14
26.0,F11_D-Cellobiose,15
26.25,F11_D-Cellobiose,17
26.5,F11_D-Cellobiose,15
26.75,F11_D-Cellobiose,13
27.0,F11_D-Cellobiose,20
27.25,F11_D-Cellobiose,16
27.5,F11_D-Cellobiose,16
27.75,F11_D-Cellobiose,16
28.0,F11_D-Cellobiose,13
28.25,F11_D-Cellobiose,18
28.5,F11_D-Cellobiose,22
28.75,F11_D-Cellobiose,18
29.0,F11_D-Cellobiose,16
29.25,F11_D-Cellobiose,18
29.5,F11_D-Cellobiose,16
29.75,F11_D-Cellobiose,16
30.0,F11_D-Cellobiose,17
30.25,F11_D-Cellobiose,17
30.5,F11_D-Cellobiose,17
30.75,F11_D-Cellobiose,15
31.0,F11_D-Cellobiose,19
31.25,F11_D-Cellobiose,18
31.5,F11_D-Cellobiose,19
31.75,F11_D-Cellobiose,18
32.0,F11_D-Cellobiose,17
32.25,F11_D-Cellobiose,19
32.5,F11_D-Cellobiose,20
32.75,F11_D-Cellobiose,11
33.0,F11_D-Cellobiose,15
33.25,F11_D-Cellobiose,16
33.5,F11_D-Cellobiose,16
33.75,F11_D-Cellobiose,16
34.0,F11_D-Cellobiose,18
34.25,F11_D-Cellobiose,19
34.5,F11_D-Cellobiose,20
34.75,F11_D-Cellobiose,15
35.0,F11_D-Cellobiose,15
35.25,F11_D-Cellobiose,17
35.5,F11_D-Cellobiose,18
35.75,F11_D-Cellobiose,18
36.0,F11_D-Cellobiose,19
36.25,F11_D-Cellobiose,17
36.5,F11_D-Cellobiose,17
36.75,F11_D-Cellobiose,14
37.0,F11_D-Cellobiose,20
37.25,F11_D-Cellobiose,15
37.5,F11_D-Cellobiose,14
37.75,F11_D-Cellobiose,15
38.0,F11_D-Cellobiose,19
38.25,F11_D-Cellobiose,16
38.5,F11_D-Cellobiose,21
38.75,F11_D-Cellobiose,14
39.0,F11_D-Cellobiose,15
39.25,F11_D-Cellobiose,17
39.5,F11_D-Cellobiose,12
39.75,F11_D-Cellobiose,19
40.0,F11_D-Cellobiose,13
40.25,F11_D-Cellobiose,16
40.5,F11_D-Cellobiose,13
40.75,F11_D-Cellobiose,14
41.0,F11_D-Cellobiose,17
41.25,F11_D-Cellobiose,17
41.5,F11_D-Cellobiose,14
41.75,F11_D-Cellobiose,14
42.0,F11_D-Cellobiose,20
42.25,F11_D-Cellobiose,21
42.5,F11_D-Cellobiose,19
42.75,F11_D-Cellobiose,16
43.0,F11_D-Cellobiose,12
43.25,F11_D-Cellobiose,15
43.5,F11_D-Cellobiose,15
43.75,F11_D-Cellobiose,15
44.0,F11_D-Cellobiose,12
44.25,F11_D-Cellobiose,18
44.5,F11_D-Cellobiose,13
44.75,F11_D-Cellobiose,16
45.0,F11_D-Cellobiose,15
45.25,F11_D-Cellobiose,18
45.5,F11_D-Cellobiose,12
45.75,F11_D-Cellobiose,17
46.0,F11_D-Cellobiose,13
46.25,F11_D-Cellobiose,17
46.5,F11_D-Cellobiose,13
46.75,F11_D-Cellobiose,17
47.0,F11_D-Cellobiose,18
47.25,F11_D-Cellobiose,17
47.5,F11_D-Cellobiose,19
47.75,F11_D-Cellobiose,20
48.0,F11_D-Cellobiose,11
48.25,F11_D-Cellobiose,14
0.0,F12_Inosine,16
0.25,F12_Inosine,12
0.5,F12_Inosine,13
0.75,F12_Inosine,14
1.0,F12_Inosine,13
1.25,F12_Inosine,16
1.5,F12_Inosine,17
1.75,F12_Inosine,13
2.0,F12_Inosine,15
2.25,F12_Inosine,15
2.5,F12_Inosine,11
2.75,F12_Inosine,16
3.0,F12_Inosine,16
3.25,F12_Inosine,15
3.5,F12_Inosine,12
3.75,F12_Inosine,12
4.0,F12_Inosine,14
4.25,F12_Inosine,14
4.5,F12_Inosine,18
4.75,F12_Inosine,13
5.0,F12_Inosine,19
5.25,F12_Inosine,15
5.5,F12_Inosine,11
5.75,F12_Inosine,15
6.0,F12_Inosine,13
6.25,F12_Inosine,14
6.5,F12_Inosine,14
6.75,F12_Inosine,14
7.0,F12_Inosine,14
7.25,F12_Inosine,18
7.5,F12_Inosine,14
7.75,F12_Inosine,12
8.0,F12_Inosine,16
8.25,F12_Inosine,14
8.5,F12_Inosine,13
8.75,F12_Inosine,16
9.0,F12_Inosine,17
9.25,F12_Inosine,12
9.5,F12_Inosine,13
9.75,F12_Inosine,16
10.0,F12_Inosine,18
10.25,F12_Inosine,15
10.5,F12_Inosine,13
10.75,F12_Inosine,16
11.0,F12_Inosine,15
11.25,F12_Inosine,16
11.5,F12_Inosine,20
11.75,F12_Inosine,18
12.0,F12_Inosine,21
12.25,F12_Inosine,17
12.5,F12_Inosine,18
12.75,F12_Inosine,24
13.0,F12_Inosine,20
13.25,F12_Inosine,18
13.5,F12_Inosine,24
13.75,F12_Inosine,19
14.0,F12_Inosine,23
14.25,F12_Inosine,16
14.5,F12_Inosine,21
14.75,F12_Inosine,23
15.0,F12_Inosine,22
15.25,F12_Inosine,22
15.5,F12_Inosine,20
15.75,F12_Inosine,22
16.0,F12_Inosine,22
16.25,F12_Inosine,24
16.5,F12_Inosine,22
16.75,F12_Inosine,24
17.0,F12_Inosine,25
17.25,F12_Inosine,27
17.5,F12_Inosine,24
17.75,F12_Inosine,29
18.0,F12_Inosine,26
18.25,F12_Inosine,24
18.5,F12_Inosine,26
18.75,F12_Inosine,25
19.0,F12_Inosine,26
19.25,F12_Inosine,28
19.5,F12_Inosine,27
19.75,F12_Inosine,28
20.0,F12_Inosine,30
20.25,F12_Inosine,32
20.5,F12_Inosine,28
20.75,F12_Inosine,30
21.0,F12_Inosine,28
21.25,F12_Inosine,31
21.5,F12_Inosine,31
21.75,F12_Inosine,27
22.0,F12_Inosine,28
22.25,F12_Inosine,28
22.5,F12_Inosine,33
22.75,F12_Inosine,34
23.0,F12_Inosine,29
23.25,F12_Inosine,30
23.5,F12_Inosine,35
23.75,F12_Inosine,28
24.0,F12_Inosine,29
24.25,F12_Inosine,33
24.5,F12_Inosine,28
24.75,F12_Inosine,31
25.0,F12_Inosine,33
25.25,F12_Inosine,33
25.5,F12_Inosine,34
25.75,F12_Inosine,32
26.0,F12_Inosine,30
26.25,F12_Inosine,33
26.5,F12_Inosine,35
26.75,F12_Inosine,35
27.0,F12_Inosine,36
27.25,F12_Inosine,35
27.5,F12_Inosine,36
27.75,F12_Inosine,36
28.0,F12_Inosine,33
28.25,F12_Inosine,36
28.5,F12_Inosine,31
28.75,F12_Inosine,36
29.0,F12_Inosine,35
29.25,F12_Inosine,32
29.5,F12_Inosine,33
29.75,F12_Inosine,33
30.0,F12_Inosine,37
30.25,F12_Inosine,33
30.5,F12_Inosine,36
30.75,F12_Inosine,34
31.0,F12_Inosine,34
31.25,F12_Inosine,34
31.5,F12_Inosine,35
31.75,F12_Inosine,35
32.0,F12_Inosine,36
32.25,F12_Inosine,35
32.5,F12_Inosine,34
32.75,F12_Inosine,36
33.0,F12_Inosine,35
33.25,F12_Inosine,34
33.5,F12_Inosine,34
33.75,F12_Inosine,35
34.0,F12_Inosine,33
34.25,F12_Inosine,35
34.5,F12_Inosine,36
34.75,F12_Inosine,34
35.0,F12_Inosine,37
35.25,F12_Inosine,35
35.5,F12_Inosine,35
35.75,F12_Inosine,35
36.0,F12_Inosine,38
36.25,F12_Inosine,35
36.5,F12_Inosine,36
36.75,F12_Inosine,35
37.0,F12_Inosine,35
37.25,F12_Inosine,32
37.5,F12_Inosine,35
37.75,F12_Inosine,36
38.0,F12_Inosine,38
38.25,F12_Inosine,37
38.5,F12_Inosine,36
38.75,F12_Inosine,37
39.0,F12_Inosine,33
39.25,F12_Inosine,36
39.5,F12_Inosine,35
39.75,F12_Inosine,36
40.0,F12_Inosine,35
40.25,F12_Inosine,38
40.5,F12_Inosine,37
40.75,F12_Inosine,38
41.0,F12_Inosine,36
41.25,F12_Inosine,34
41.5,F12_Inosine,39
41.75,F12_Inosine,39
42.0,F12_Inosine,38
42.25,F12_Inosine,42
42.5,F12_Inosine,40
42.75,F12_Inosine,38
43.0,F12_Inosine,38
43.25,F12_Inosine,37
43.5,F12_Inosine,39
43.75,F12_Inosine,37
44.0,F12_Inosine,36
44.25,F12_Inosine,35
44.5,F12_Inosine,40
44.75,F12_Inosine,42
45.0,F12_Inosine,39
45.25,F12_Inosine,42
45.5,F12_Inosine,41
45.75,F12_Inosine,42
46.0,F12_Inosine,40
46.25,F12_Inosine,39
46.5,F12_Inosine,41
46.75,F12_Inosine,41
47.0,F12_Inosine,38
47.25,F12_Inosine,41
47.5,F12_Inosine,42
47.75,F12_Inosine,45
48.0,F12_Inosine,38
48.25,F12_Inosine,40
0.0,G1_Glycyl-L-Glutamic_Acid,17
0.25,G1_Glycyl-L-Glutamic_Acid,17
0.5,G1_Glycyl-L-Glutamic_Acid,19
0.75,G1_Glycyl-L-Glutamic_Acid,13
1.0,G1_Glycyl-L-Glutamic_Acid,16
1.25,G1_Glycyl-L-Glutamic_Acid,15
1.5,G1_Glycyl-L-Glutamic_Acid,17
1.75,G1_Glycyl-L-Glutamic_Acid,17
2.0,G1_Glycyl-L-Glutamic_Acid,19
2.25,G1_Glycyl-L-Glutamic_Acid,11
2.5,G1_Glycyl-L-Glutamic_Acid,12
2.75,G1_Glycyl-L-Glutamic_Acid,13
3.0,G1_Glycyl-L-Glutamic_Acid,14
3.25,G1_Glycyl-L-Glutamic_Acid,15
3.5,G1_Glycyl-L-Glutamic_Acid,18
3.75,G1_Glycyl-L-Glutamic_Acid,14
4.0,G1_Glycyl-L-Glutamic_Acid,19
4.25,G1_Glycyl-L-Glutamic_Acid,16
4.5,G1_Glycyl-L-Glutamic_Acid,15
4.75,G1_Glycyl-L-Glutamic_Acid,18
5.0,G1_Glycyl-L-Glutamic_Acid,18
5.25,G1_Glycyl-L-Glutamic_Acid,15
5.5,G1_Glycyl-L-Glutamic_Acid,15
5.75,G1_Glycyl-L-Glutamic_Acid,12
6.0,G1_Glycyl-L-Glutamic_Acid,14
6.25,G1_Glycyl-L-Glutamic_Acid,12
6.5,G1_Glycyl-L-Glutamic_Acid,16
6.75,G1_Glycyl-L-Glutamic_Acid,15
7.0,G1_Glycyl-L-Glutamic_Acid,19
7.25,G1_Glycyl-L-Glutamic_Acid,19
7.5,G1_Glycyl-L-Glutamic_Acid,12
7.75,G1_Glycyl-L-Glutamic_Acid,15
8.0,G1_Glycyl-L-Glutamic_Acid,16
8.25,G1_Glycyl-L-Glutamic_Acid,15
8.5,G1_Glycyl-L-Glutamic_Acid,12
8.75,G1_Glycyl-L-Glutamic_Acid,15
9.0,G1_Glycyl-L-Glutamic_Acid,15
9.25,G1_Glycyl-L-Glutamic_Acid,21
9.5,G1_Glycyl-L-Glutamic_Acid,11
9.75,G1_Glycyl-L-Glutamic_Acid,14
10.0,G1_Glycyl-L-Glutamic_Acid,17
10.25,G1_Glycyl-L-Glutamic_Acid,15
10.5,G1_Glycyl-L-Glutamic_Acid,19
10.75,G1_Glycyl-L-Glutamic_Acid,16
11.0,G1_Glycyl-L-Glutamic_Acid,19
11.25,G1_Glycyl-L-Glutamic_Acid,15
11.5,G1_Glycyl-L-Glutamic_Acid,17
11.75,G1_Glycyl-L-Glutamic_Acid,11
12.0,G1_Glycyl-L-Glutamic_Acid,15
12.25,G1_Glycyl-L-Glutamic_Acid,16
12.5,G1_Glycyl-L-Glutamic_Acid,13
12.75,G1_Glycyl-L-Glutamic_Acid,18
13.0,G1_Glycyl-L-Glutamic_Acid,17
13.25,G1_Glycyl-L-Glutamic_Acid,13
13.5,G1_Glycyl-L-Glutamic_Acid,18
13.75,G1_Glycyl-L-Glutamic_Acid,20
14.0,G1_Glycyl-L-Glutamic_Acid,19
14.25,G1_Glycyl-L-Glutamic_Acid,19
14.5,G1_Glycyl-L-Glutamic_Acid,20
14.75,G1_Glycyl-L-Glutamic_Acid,21
15.0,G1_Glycyl-L-Glutamic_Acid,20
15.25,G1_Glycyl-L-Glutamic_Acid,18
15.5,G1_Glycyl-L-Glutamic_Acid,16
15.75,G1_Glycyl-L-Glutamic_Acid,21
16.0,G1_Glycyl-L-Glutamic_Acid,19
16.25,G1_Glycyl-L-Glutamic_Acid,17
16.5,G1_Glycyl-L-Glutamic_Acid,18
16.75,G1_Glycyl-L-Glutamic_Acid,16
17.0,G1_Glycyl-L-Glutamic_Acid,20
17.25,G1_Glycyl-L-Glutamic_Acid,17
17.5,G1_Glycyl-L-Glutamic_Acid,20
17.75,G1_Glycyl-L-Glutamic_Acid,16
18.0,G1_Glycyl-L-Glutamic_Acid,20
18.25,G1_Glycyl-L-Glutamic_Acid,22
18.5,G1_Glycyl-L-Glutamic_Acid,21
18.75,G1_Glycyl-L-Glutamic_Acid,20
19.0,G1_Glycyl-L-Glutamic_Acid,19
19.25,G1_Glycyl-L-Glutamic_Acid,16
19.5,G1_Glycyl-L-Glutamic_Acid,20
19.75,G1_Glycyl-L-Glutamic_Acid,22
20.0,G1_Glycyl-L-Glutamic_Acid,20
20.25,G1_Glycyl-L-Glutamic_Acid,22
20.5,G1_Glycyl-L-Glutamic_Acid,22
20.75,G1_Glycyl-L-Glutamic_Acid,22
21.0,G1_Glycyl-L-Glutamic_Acid,23
21.25,G1_Glycyl-L-Glutamic_Acid,25
21.5,G1_Glycyl-L-Glutamic_Acid,23
21.75,G1_Glycyl-L-Glutamic_Acid,26
22.0,G1_Glycyl-L-Glutamic_Acid,24
22.25,G1_Glycyl-L-Glutamic_Acid,21
22.5,G1_Glycyl-L-Glutamic_Acid,27
22.75,G1_Glycyl-L-Glutamic_Acid,23
23.0,G1_Glycyl-L-Glutamic_Acid,22
23.25,G1_Glycyl-L-Glutamic_Acid,26
23.5,G1_Glycyl-L-Glutamic_Acid,29
23.75,G1_Glycyl-L-Glutamic_Acid,28
24.0,G1_Glycyl-L-Glutamic_Acid,24
24.25,G1_Glycyl-L-Glutamic_Acid,23
24.5,G1_Glycyl-L-Glutamic_Acid,21
24.75,G1_Glycyl-L-Glutamic_Acid,26
25.0,G1_Glycyl-L-Glutamic_Acid,23
25.25,G1_Glycyl-L-Glutamic_Acid,22
25.5,G1_Glycyl-L-Glutamic_Acid,22
25.75,G1_Glycyl-L-Glutamic_Acid,25
26.0,G1_Glycyl-L-Glutamic_Acid,27
26.25,G1_Glycyl-L-Glutamic_Acid,28
26.5,G1_Glycyl-L-Glutamic_Acid,27
26.75,G1_Glycyl-L-Glutamic_Acid,27
27.0,G1_Glycyl-L-Glutamic_Acid,28
27.25,G1_Glycyl-L-Glutamic_Acid,27
27.5,G1_Glycyl-L-Glutamic_Acid,24
27.75,G1_Glycyl-L-Glutamic_Acid,29
28.0,G1_Glycyl-L-Glutamic_Acid,23
28.25,G1_Glycyl-L-Glutamic_Acid,29
28.5,G1_Glycyl-L-Glutamic_Acid,30
28.75,G1_Glycyl-L-Glutamic_Acid,26
29.0,G1_Glycyl-L-Glutamic_Acid,26
29.25,G1_Glycyl-L-Glutamic_Acid,25
29.5,G1_Glycyl-L-Glutamic_Acid,25
29.75,G1_Glycyl-L-Glutamic_Acid,31
30.0,G1_Glycyl-L-Glutamic_Acid,25
30.25,G1_Glycyl-L-Glutamic_Acid,27
30.5,G1_Glycyl-L-Glutamic_Acid,24
30.75,G1_Glycyl-L-Glutamic_Acid,27
31.0,G1_Glycyl-L-Glutamic_Acid,28
31.25,G1_Glycyl-L-Glutamic_Acid,29
31.5,G1_Glycyl-L-Glutamic_Acid,30
31.75,G1_Glycyl-L-Glutamic_Acid,30
32.0,G1_Glycyl-L-Glutamic_Acid,28
32.25,G1_Glycyl-L-Glutamic_Acid,25
32.5,G1_Glycyl-L-Glutamic_Acid,26
32.75,G1_Glycyl-L-Glutamic_Acid,29
33.0,G1_Glycyl-L-Glutamic_Acid,26
33.25,G1_Glycyl-L-Glutamic_Acid,30
33.5,G1_Glycyl-L-Glutamic_Acid,26
33.75,G1_Glycyl-L-Glutamic_Acid,24
34.0,G1_Glycyl-L-Glutamic_Acid,29
34.25,G1_Glycyl-L-Glutamic_Acid,31
34.5,G1_Glycyl-L-Glutamic_Acid,28
34.75,G1_Glycyl-L-Glutamic_Acid,30
35.0,G1_Glycyl-L-Glutamic_Acid,28
35.25,G1_Glycyl-L-Glutamic_Acid,30
35.5,G1_Glycyl-L-Glutamic_Acid,29
35.75,G1_Glycyl-L-Glutamic_Acid,28
36.0,G1_Glycyl-L-Glutamic_Acid,31
36.25,G1_Glycyl-L-Glutamic_Acid,29
36.5,G1_Glycyl-L-Glutamic_Acid,33
36.75,G1_Glycyl-L-Glutamic_Acid,29
37.0,G1_Glycyl-L-Glutamic_Acid,32
37.25,G1_Glycyl-L-Glutamic_Acid,32
37.5,G1_Glycyl-L-Glutamic_Acid,25
37.75,G1_Glycyl-L-Glutamic_Acid,32
38.0,G1_Glycyl-L-Glutamic_Acid,29
38.25,G1_Glycyl-L-Glutamic_Acid,31
38.5,G1_Glycyl-L-Glutamic_Acid,31
38.75,G1_Glycyl-L-Glutamic_Acid,30
39.0,G1_Glycyl-L-Glutamic_Acid,32
39.25,G1_Glycyl-L-Glutamic_Acid,33
39.5,G1_Glycyl-L-Glutamic_Acid,31
39.75,G1_Glycyl-L-Glutamic_Acid,30
40.0,G1_Glycyl-L-Glutamic_Acid,31
40.25,G1_Glycyl-L-Glutamic_Acid,29
40.5,G1_Glycyl-L-Glutamic_Acid,30
40.75,G1_Glycyl-L-Glutamic_Acid,30
41.0,G1_Glycyl-L-Glutamic_Acid,31
41.25,G1_Glycyl-L-Glutamic_Acid,29
41.5,G1_Glycyl-L-Glutamic_Acid,24
41.75,G1_Glycyl-L-Glutamic_Acid,30
42.0,G1_Glycyl-L-Glutamic_Acid,32
42.25,G1_Glycyl-L-Glutamic_Acid,32
42.5,G1_Glycyl-L-Glutamic_Acid,32
42.75,G1_Glycyl-L-Glutamic_Acid,33
43.0,G1_Glycyl-L-Glutamic_Acid,29
43.25,G1_Glycyl-L-Glutamic_Acid,30
43.5,G1_Glycyl-L-Glutamic_Acid,32
43.75,G1_Glycyl-L-Glutamic_Acid,30
44.0,G1_Glycyl-L-Glutamic_Acid,29
44.25,G1_Glycyl-L-Glutamic_Acid,29
44.5,G1_Glycyl-L-Glutamic_Acid,34
44.75,G1_Glycyl-L-Glutamic_Acid,31
45.0,G1_Glycyl-L-Glutamic_Acid,34
45.25,G1_Glycyl-L-Glutamic_Acid,30
45.5,G1_Glycyl-L-Glutamic_Acid,31
45.75,G1_Glycyl-L-Glutamic_Acid,31
46.0,G1_Glycyl-L-Glutamic_Acid,28
46.25,G1_Glycyl-L-Glutamic_Acid,31
46.5,G1_Glycyl-L-Glutamic_Acid,32
46.75,G1_Glycyl-L-Glutamic_Acid,33
47.0,G1_Glycyl-L-Glutamic_Acid,29
47.25,G1_Glycyl-L-Glutamic_Acid,33
47.5,G1_Glycyl-L-Glutamic_Acid,31
47.75,G1_Glycyl-L-Glutamic_Acid,32
48.0,G1_Glycyl-L-Glutamic_Acid,33
48.25,G1_Glycyl-L-Glutamic_Acid,32
0.0,G2_Tricarballylic_Acid,11
0.25,G2_Tricarballylic_Acid,11
0.5,G2_Tricarballylic_Acid,11
0.75,G2_Tricarballylic_Acid,11
1.0,G2_Tricarballylic_Acid,11
1.25,G2_Tricarballylic_Acid,11
1.5,G2_Tricarballylic_Acid,11
1.75,G2_Tricarballylic_Acid,11
2.0,G2_Tricarballylic_Acid,11
2.25,G2_Tricarballylic_Acid,11
2.5,G2_Tricarballylic_Acid,11
2.75,G2_Tricarballylic_Acid,11
3.0,G2_Tricarballylic_Acid,11
3.25,G2_Tricarballylic_Acid,11
3.5,G2_Tricarballylic_Acid,11
3.75,G2_Tricarballylic_Acid,11
4.0,G2_Tricarballylic_Acid,11
4.25,G2_Tricarballylic_Acid,11
4.5,G2_Tricarballylic_Acid,11
4.75,G2_Tricarballylic_Acid,11
5.0,G2_Tricarballylic_Acid,11
5.25,G2_Tricarballylic_Acid,11
5.5,G2_Tricarballylic_Acid,11
5.75,G2_Tricarballylic_Acid,11
6.0,G2_Tricarballylic_Acid,11
6.25,G2_Tricarballylic_Acid,11
6.5,G2_Tricarballylic_Acid,11
6.75,G2_Tricarballylic_Acid,11
7.0,G2_Tricarballylic_Acid,11
7.25,G2_Tricarballylic_Acid,12
7.5,G2_Tricarballylic_Acid,11
7.75,G2_Tricarballylic_Acid,11
8.0,G2_Tricarballylic_Acid,12
8.25,G2_Tricarballylic_Acid,11
8.5,G2_Tricarballylic_Acid,11
8.75,G2_Tricarballylic_Acid,11
9.0,G2_Tricarballylic_Acid,11
9.25,G2_Tricarballylic_Acid,11
9.5,G2_Tricarballylic_Acid,11
9.75,G2_Tricarballylic_Acid,11
10.0,G2_Tricarballylic_Acid,11
10.25,G2_Tricarballylic_Acid,11
10.5,G2_Tricarballylic_Acid,12
10.75,G2_Tricarballylic_Acid,11
11.0,G2_Tricarballylic_Acid,11
11.25,G2_Tricarballylic_Acid,11
11.5,G2_Tricarballylic_Acid,11
11.75,G2_Tricarballylic_Acid,11
12.0,G2_Tricarballylic_Acid,11
12.25,G2_Tricarballylic_Acid,11
12.5,G2_Tricarballylic_Acid,14
12.75,G2_Tricarballylic_Acid,13
13.0,G2_Tricarballylic_Acid,11
13.25,G2_Tricarballylic_Acid,11
13.5,G2_Tricarballylic_Acid,12
13.75,G2_Tricarballylic_Acid,11
14.0,G2_Tricarballylic_Acid,11
14.25,G2_Tricarballylic_Acid,11
14.5,G2_Tricarballylic_Acid,11
14.75,G2_Tricarballylic_Acid,14
15.0,G2_Tricarballylic_Acid,11
15.25,G2_Tricarballylic_Acid,11
15.5,G2_Tricarballylic_Acid,11
15.75,G2_Tricarballylic_Acid,13
16.0,G2_Tricarballylic_Acid,15
16.25,G2_Tricarballylic_Acid,15
16.5,G2_Tricarballylic_Acid,11
16.75,G2_Tricarballylic_Acid,12
17.0,G2_Tricarballylic_Acid,16
17.25,G2_Tricarballylic_Acid,14
17.5,G2_Tricarballylic_Acid,14
17.75,G2_Tricarballylic_Acid,13
18.0,G2_Tricarballylic_Acid,13
18.25,G2_Tricarballylic_Acid,13
18.5,G2_Tricarballylic_Acid,15
18.75,G2_Tricarballylic_Acid,13
19.0,G2_Tricarballylic_Acid,12
19.25,G2_Tricarballylic_Acid,15
19.5,G2_Tricarballylic_Acid,14
19.75,G2_Tricarballylic_Acid,12
20.0,G2_Tricarballylic_Acid,14
20.25,G2_Tricarballylic_Acid,16
20.5,G2_Tricarballylic_Acid,17
20.75,G2_Tricarballylic_Acid,12
21.0,G2_Tricarballylic_Acid,13
21.25,G2_Tricarballylic_Acid,14
21.5,G2_Tricarballylic_Acid,11
21.75,G2_Tricarballylic_Acid,14
22.0,G2_Tricarballylic_Acid,14
22.25,G2_Tricarballylic_Acid,13
22.5,G2_Tricarballylic_Acid,16
22.75,G2_Tricarballylic_Acid,14
23.0,G2_Tricarballylic_Acid,11
23.25,G2_Tricarballylic_Acid,13
23.5,G2_Tricarballylic_Acid,15
23.75,G2_Tricarballylic_Acid,16
24.0,G2_Tricarballylic_Acid,13
24.25,G2_Tricarballylic_Acid,17
24.5,G2_Tricarballylic_Acid,11
24.75,G2_Tricarballylic_Acid,12
25.0,G2_Tricarballylic_Acid,11
25.25,G2_Tricarballylic_Acid,14
25.5,G2_Tricarballylic_Acid,14
25.75,G2_Tricarballylic_Acid,15
26.0,G2_Tricarballylic_Acid,16
26.25,G2_Tricarballylic_Acid,15
26.5,G2_Tricarballylic_Acid,13
26.75,G2_Tricarballylic_Acid,16
27.0,G2_Tricarballylic_Acid,16
27.25,G2_Tricarballylic_Acid,13
27.5,G2_Tricarballylic_Acid,15
27.75,G2_Tricarballylic_Acid,15
28.0,G2_Tricarballylic_Acid,14
28.25,G2_Tricarballylic_Acid,13
28.5,G2_Tricarballylic_Acid,13
28.75,G2_Tricarballylic_Acid,16
29.0,G2_Tricarballylic_Acid,12
29.25,G2_Tricarballylic_Acid,13
29.5,G2_Tricarballylic_Acid,13
29.75,G2_Tricarballylic_Acid,14
30.0,G2_Tricarballylic_Acid,15
30.25,G2_Tricarballylic_Acid,17
30.5,G2_Tricarballylic_Acid,12
30.75,G2_Tricarballylic_Acid,14
31.0,G2_Tricarballylic_Acid,12
31.25,G2_Tricarballylic_Acid,15
31.5,G2_Tricarballylic_Acid,17
31.75,G2_Tricarballylic_Acid,18
32.0,G2_Tricarballylic_Acid,14
32.25,G2_Tricarballylic_Acid,15
32.5,G2_Tricarballylic_Acid,18
32.75,G2_Tricarballylic_Acid,18
33.0,G2_Tricarballylic_Acid,13
33.25,G2_Tricarballylic_Acid,14
33.5,G2_Tricarballylic_Acid,15
33.75,G2_Tricarballylic_Acid,18
34.0,G2_Tricarballylic_Acid,16
34.25,G2_Tricarballylic_Acid,15
34.5,G2_Tricarballylic_Acid,13
34.75,G2_Tricarballylic_Acid,16
35.0,G2_Tricarballylic_Acid,14
35.25,G2_Tricarballylic_Acid,18
35.5,G2_Tricarballylic_Acid,16
35.75,G2_Tricarballylic_Acid,13
36.0,G2_Tricarballylic_Acid,17
36.25,G2_Tricarballylic_Acid,14
36.5,G2_Tricarballylic_Acid,13
36.75,G2_Tricarballylic_Acid,16
37.0,G2_Tricarballylic_Acid,14
37.25,G2_Tricarballylic_Acid,15
37.5,G2_Tricarballylic_Acid,14
37.75,G2_Tricarballylic_Acid,17
38.0,G2_Tricarballylic_Acid,16
38.25,G2_Tricarballylic_Acid,17
38.5,G2_Tricarballylic_Acid,19
38.75,G2_Tricarballylic_Acid,15
39.0,G2_Tricarballylic_Acid,22
39.25,G2_Tricarballylic_Acid,17
39.5,G2_Tricarballylic_Acid,19
39.75,G2_Tricarballylic_Acid,17
40.0,G2_Tricarballylic_Acid,15
40.25,G2_Tricarballylic_Acid,14
40.5,G2_Tricarballylic_Acid,11
40.75,G2_Tricarballylic_Acid,18
41.0,G2_Tricarballylic_Acid,14
41.25,G2_Tricarballylic_Acid,21
41.5,G2_Tricarballylic_Acid,19
41.75,G2_Tricarballylic_Acid,16
42.0,G2_Tricarballylic_Acid,18
42.25,G2_Tricarballylic_Acid,16
42.5,G2_Tricarballylic_Acid,17
42.75,G2_Tricarballylic_Acid,16
43.0,G2_Tricarballylic_Acid,15
43.25,G2_Tricarballylic_Acid,14
43.5,G2_Tricarballylic_Acid,16
43.75,G2_Tricarballylic_Acid,13
44.0,G2_Tricarballylic_Acid,13
44.25,G2_Tricarballylic_Acid,16
44.5,G2_Tricarballylic_Acid,16
44.75,G2_Tricarballylic_Acid,17
45.0,G2_Tricarballylic_Acid,16
45.25,G2_Tricarballylic_Acid,17
45.5,G2_Tricarballylic_Acid,16
45.75,G2_Tricarballylic_Acid,19
46.0,G2_Tricarballylic_Acid,14
46.25,G2_Tricarballylic_Acid,18
46.5,G2_Tricarballylic_Acid,12
46.75,G2_Tricarballylic_Acid,18
47.0,G2_Tricarballylic_Acid,17
47.25,G2_Tricarballylic_Acid,15
47.5,G2_Tricarballylic_Acid,17
47.75,G2_Tricarballylic_Acid,15
48.0,G2_Tricarballylic_Acid,14
48.25,G2_Tricarballylic_Acid,17
0.0,G3_L-Serine,11
0.25,G3_L-Serine,11
0.5,G3_L-Serine,11
0.75,G3_L-Serine,11
1.0,G3_L-Serine,11
1.25,G3_L-Serine,11
1.5,G3_L-Serine,11
1.75,G3_L-Serine,11
2.0,G3_L-Serine,11
2.25,G3_L-Serine,11
2.5,G3_L-Serine,11
2.75,G3_L-Serine,11
3.0,G3_L-Serine,11
3.25,G3_L-Serine,11
3.5,G3_L-Serine,11
3.75,G3_L-Serine,11
4.0,G3_L-Serine,11
4.25,G3_L-Serine,11
4.5,G3_L-Serine,11
4.75,G3_L-Serine,11
5.0,G3_L-Serine,11
5.25,G3_L-Serine,11
5.5,G3_L-Serine,11
5.75,G3_L-Serine,11
6.0,G3_L-Serine,11
6.25,G3_L-Serine,11
6.5,G3_L-Serine,11
6.75,G3_L-Serine,11
7.0,G3_L-Serine,11
7.25,G3_L-Serine,11
7.5,G3_L-Serine,11
7.75,G3_L-Serine,11
8.0,G3_L-Serine,11
8.25,G3_L-Serine,11
8.5,G3_L-Serine,11
8.75,G3_L-Serine,11
9.0,G3_L-Serine,11
9.25,G3_L-Serine,11
9.5,G3_L-Serine,11
9.75,G3_L-Serine,11
10.0,G3_L-Serine,11
10.25,G3_L-Serine,11
10.5,G3_L-Serine,11
10.75,G3_L-Serine,11
11.0,G3_L-Serine,12
11.25,G3_L-Serine,11
11.5,G3_L-Serine,11
11.75,G3_L-Serine,11
12.0,G3_L-Serine,11
12.25,G3_L-Serine,11
12.5,G3_L-Serine,11
12.75,G3_L-Serine,11
13.0,G3_L-Serine,11
13.25,G3_L-Serine,11
13.5,G3_L-Serine,11
13.75,G3_L-Serine,12
14.0,G3_L-Serine,11
14.25,G3_L-Serine,11
14.5,G3_L-Serine,11
14.75,G3_L-Serine,11
15.0,G3_L-Serine,11
15.25,G3_L-Serine,11
15.5,G3_L-Serine,11
15.75,G3_L-Serine,11
16.0,G3_L-Serine,12
16.25,G3_L-Serine,11
16.5,G3_L-Serine,11
16.75,G3_L-Serine,11
17.0,G3_L-Serine,11
17.25,G3_L-Serine,11
17.5,G3_L-Serine,12
17.75,G3_L-Serine,12
18.0,G3_L-Serine,12
18.25,G3_L-Serine,11
18.5,G3_L-Serine,11
18.75,G3_L-Serine,11
19.0,G3_L-Serine,11
19.25,G3_L-Serine,13
19.5,G3_L-Serine,11
19.75,G3_L-Serine,11
20.0,G3_L-Serine,11
20.25,G3_L-Serine,15
20.5,G3_L-Serine,11
20.75,G3_L-Serine,12
21.0,G3_L-Serine,12
21.25,G3_L-Serine,13
21.5,G3_L-Serine,12
21.75,G3_L-Serine,13
22.0,G3_L-Serine,16
22.25,G3_L-Serine,15
22.5,G3_L-Serine,12
22.75,G3_L-Serine,14
23.0,G3_L-Serine,14
23.25,G3_L-Serine,14
23.5,G3_L-Serine,15
23.75,G3_L-Serine,11
24.0,G3_L-Serine,11
24.25,G3_L-Serine,11
24.5,G3_L-Serine,11
24.75,G3_L-Serine,15
25.0,G3_L-Serine,13
25.25,G3_L-Serine,11
25.5,G3_L-Serine,11
25.75,G3_L-Serine,12
26.0,G3_L-Serine,14
26.25,G3_L-Serine,16
26.5,G3_L-Serine,12
26.75,G3_L-Serine,16
27.0,G3_L-Serine,16
27.25,G3_L-Serine,14
27.5,G3_L-Serine,11
27.75,G3_L-Serine,11
28.0,G3_L-Serine,18
28.25,G3_L-Serine,17
28.5,G3_L-Serine,15
28.75,G3_L-Serine,13
29.0,G3_L-Serine,11
29.25,G3_L-Serine,15
29.5,G3_L-Serine,12
29.75,G3_L-Serine,14
30.0,G3_L-Serine,14
30.25,G3_L-Serine,14
30.5,G3_L-Serine,13
30.75,G3_L-Serine,15
31.0,G3_L-Serine,15
31.25,G3_L-Serine,16
31.5,G3_L-Serine,17
31.75,G3_L-Serine,13
32.0,G3_L-Serine,13
32.25,G3_L-Serine,11
32.5,G3_L-Serine,14
32.75,G3_L-Serine,11
33.0,G3_L-Serine,11
33.25,G3_L-Serine,11
33.5,G3_L-Serine,11
33.75,G3_L-Serine,11
34.0,G3_L-Serine,13
34.25,G3_L-Serine,12
34.5,G3_L-Serine,13
34.75,G3_L-Serine,11
35.0,G3_L-Serine,16
35.25,G3_L-Serine,12
35.5,G3_L-Serine,11
35.75,G3_L-Serine,13
36.0,G3_L-Serine,14
36.25,G3_L-Serine,15
36.5,G3_L-Serine,13
36.75,G3_L-Serine,13
37.0,G3_L-Serine,12
37.25,G3_L-Serine,13
37.5,G3_L-Serine,14
37.75,G3_L-Serine,14
38.0,G3_L-Serine,13
38.25,G3_L-Serine,13
38.5,G3_L-Serine,16
38.75,G3_L-Serine,16
39.0,G3_L-Serine,17
39.25,G3_L-Serine,13
39.5,G3_L-Serine,12
39.75,G3_L-Serine,13
40.0,G3_L-Serine,17
40.25,G3_L-Serine,13
40.5,G3_L-Serine,13
40.75,G3_L-Serine,18
41.0,G3_L-Serine,13
41.25,G3_L-Serine,14
41.5,G3_L-Serine,15
41.75,G3_L-Serine,15
42.0,G3_L-Serine,12
42.25,G3_L-Serine,13
42.5,G3_L-Serine,12
42.75,G3_L-Serine,19
43.0,G3_L-Serine,13
43.25,G3_L-Serine,12
43.5,G3_L-Serine,14
43.75,G3_L-Serine,11
44.0,G3_L-Serine,16
44.25,G3_L-Serine,13
44.5,G3_L-Serine,16
44.75,G3_L-Serine,13
45.0,G3_L-Serine,11
45.25,G3_L-Serine,16
45.5,G3_L-Serine,11
45.75,G3_L-Serine,14
46.0,G3_L-Serine,13
46.25,G3_L-Serine,20
46.5,G3_L-Serine,16
46.75,G3_L-Serine,13
47.0,G3_L-Serine,18
47.25,G3_L-Serine,17
47.5,G3_L-Serine,16
47.75,G3_L-Serine,16
48.0,G3_L-Serine,15
48.25,G3_L-Serine,18
0.0,G4_L-Threonine,11
0.25,G4_L-Threonine,11
0.5,G4_L-Threonine,11
0.75,G4_L-Threonine,11
1.0,G4_L-Threonine,11
1.25,G4_L-Threonine,11
1.5,G4_L-Threonine,11
1.75,G4_L-Threonine,11
2.0,G4_L-Threonine,11
2.25,G4_L-Threonine,11
2.5,G4_L-Threonine,11
2.75,G4_L-Threonine,11
3.0,G4_L-Threonine,11
3.25,G4_L-Threonine,11
3.5,G4_L-Threonine,11
3.75,G4_L-Threonine,11
4.0,G4_L-Threonine,11
4.25,G4_L-Threonine,11
4.5,G4_L-Threonine,11
4.75,G4_L-Threonine,11
5.0,G4_L-Threonine,11
5.25,G4_L-Threonine,11
5.5,G4_L-Threonine,11
5.75,G4_L-Threonine,11
6.0,G4_L-Threonine,11
6.25,G4_L-Threonine,11
6.5,G4_L-Threonine,11
6.75,G4_L-Threonine,11
7.0,G4_L-Threonine,11
7.25,G4_L-Threonine,11
7.5,G4_L-Threonine,11
7.75,G4_L-Threonine,11
8.0,G4_L-Threonine,11
8.25,G4_L-Threonine,11
8.5,G4_L-Threonine,11
8.75,G4_L-Threonine,11
9.0,G4_L-Threonine,11
9.25,G4_L-Threonine,11
9.5,G4_L-Threonine,11
9.75,G4_L-Threonine,11
10.0,G4_L-Threonine,11
10.25,G4_L-Threonine,11
10.5,G4_L-Threonine,11
10.75,G4_L-Threonine,11
11.0,G4_L-Threonine,11
11.25,G4_L-Threonine,11
11.5,G4_L-Threonine,11
11.75,G4_L-Threonine,11
12.0,G4_L-Threonine,11
12.25,G4_L-Threonine,11
12.5,G4_L-Threonine,11
12.75,G4_L-Threonine,11
13.0,G4_L-Threonine,11
13.25,G4_L-Threonine,11
13.5,G4_L-Threonine,11
13.75,G4_L-Threonine,11
14.0,G4_L-Threonine,11
14.25,G4_L-Threonine,12
14.5,G4_L-Threonine,12
14.75,G4_L-Threonine,11
15.0,G4_L-Threonine,14
15.25,G4_L-Threonine,12
15.5,G4_L-Threonine,12
15.75,G4_L-Threonine,15
16.0,G4_L-Threonine,13
16.25,G4_L-Threonine,12
16.5,G4_L-Threonine,11
16.75,G4_L-Threonine,13
17.0,G4_L-Threonine,14
17.25,G4_L-Threonine,16
17.5,G4_L-Threonine,14
17.75,G4_L-Threonine,13
18.0,G4_L-Threonine,17
18.25,G4_L-Threonine,13
18.5,G4_L-Threonine,12
18.75,G4_L-Threonine,19
19.0,G4_L-Threonine,16
19.25,G4_L-Threonine,16
19.5,G4_L-Threonine,14
19.75,G4_L-Threonine,13
20.0,G4_L-Threonine,16
20.25,G4_L-Threonine,18
20.5,G4_L-Threonine,17
20.75,G4_L-Threonine,14
21.0,G4_L-Threonine,16
21.25,G4_L-Threonine,11
21.5,G4_L-Threonine,13
21.75,G4_L-Threonine,17
22.0,G4_L-Threonine,19
22.25,G4_L-Threonine,17
22.5,G4_L-Threonine,19
22.75,G4_L-Threonine,14
23.0,G4_L-Threonine,15
23.25,G4_L-Threonine,16
23.5,G4_L-Threonine,17
23.75,G4_L-Threonine,16
24.0,G4_L-Threonine,18
24.25,G4_L-Threonine,18
24.5,G4_L-Threonine,14
24.75,G4_L-Threonine,18
25.0,G4_L-Threonine,17
25.25,G4_L-Threonine,19
25.5,G4_L-Threonine,20
25.75,G4_L-Threonine,17
26.0,G4_L-Threonine,17
26.25,G4_L-Threonine,21
26.5,G4_L-Threonine,20
26.75,G4_L-Threonine,18
27.0,G4_L-Threonine,20
27.25,G4_L-Threonine,18
27.5,G4_L-Threonine,23
27.75,G4_L-Threonine,17
28.0,G4_L-Threonine,15
28.25,G4_L-Threonine,18
28.5,G4_L-Threonine,24
28.75,G4_L-Threonine,20
29.0,G4_L-Threonine,18
29.25,G4_L-Threonine,22
29.5,G4_L-Threonine,22
29.75,G4_L-Threonine,21
30.0,G4_L-Threonine,22
30.25,G4_L-Threonine,21
30.5,G4_L-Threonine,19
30.75,G4_L-Threonine,17
31.0,G4_L-Threonine,19
31.25,G4_L-Threonine,21
31.5,G4_L-Threonine,19
31.75,G4_L-Threonine,20
32.0,G4_L-Threonine,19
32.25,G4_L-Threonine,25
32.5,G4_L-Threonine,22
32.75,G4_L-Threonine,21
33.0,G4_L-Threonine,21
33.25,G4_L-Threonine,19
33.5,G4_L-Threonine,18
33.75,G4_L-Threonine,24
34.0,G4_L-Threonine,19
34.25,G4_L-Threonine,19
34.5,G4_L-Threonine,22
34.75,G4_L-Threonine,21
35.0,G4_L-Threonine,21
35.25,G4_L-Threonine,22
35.5,G4_L-Threonine,23
35.75,G4_L-Threonine,22
36.0,G4_L-Threonine,23
36.25,G4_L-Threonine,25
36.5,G4_L-Threonine,19
36.75,G4_L-Threonine,23
37.0,G4_L-Threonine,21
37.25,G4_L-Threonine,21
37.5,G4_L-Threonine,22
37.75,G4_L-Threonine,22
38.0,G4_L-Threonine,22
38.25,G4_L-Threonine,18
38.5,G4_L-Threonine,19
38.75,G4_L-Threonine,22
39.0,G4_L-Threonine,24
39.25,G4_L-Threonine,26
39.5,G4_L-Threonine,24
39.75,G4_L-Threonine,23
40.0,G4_L-Threonine,20
40.25,G4_L-Threonine,19
40.5,G4_L-Threonine,23
40.75,G4_L-Threonine,23
41.0,G4_L-Threonine,24
41.25,G4_L-Threonine,24
41.5,G4_L-Threonine,22
41.75,G4_L-Threonine,24
42.0,G4_L-Threonine,25
42.25,G4_L-Threonine,26
42.5,G4_L-Threonine,24
42.75,G4_L-Threonine,23
43.0,G4_L-Threonine,23
43.25,G4_L-Threonine,24
43.5,G4_L-Threonine,24
43.75,G4_L-Threonine,25
44.0,G4_L-Threonine,22
44.25,G4_L-Threonine,23
44.5,G4_L-Threonine,24
44.75,G4_L-Threonine,22
45.0,G4_L-Threonine,22
45.25,G4_L-Threonine,25
45.5,G4_L-Threonine,29
45.75,G4_L-Threonine,27
46.0,G4_L-Threonine,22
46.25,G4_L-Threonine,30
46.5,G4_L-Threonine,24
46.75,G4_L-Threonine,27
47.0,G4_L-Threonine,26
47.25,G4_L-Threonine,29
47.5,G4_L-Threonine,33
47.75,G4_L-Threonine,27
48.0,G4_L-Threonine,24
48.25,G4_L-Threonine,26
0.0,G5_L-Alanine,11
0.25,G5_L-Alanine,11
0.5,G5_L-Alanine,11
0.75,G5_L-Alanine,11
1.0,G5_L-Alanine,11
1.25,G5_L-Alanine,11
1.5,G5_L-Alanine,11
1.75,G5_L-Alanine,11
2.0,G5_L-Alanine,11
2.25,G5_L-Alanine,11
2.5,G5_L-Alanine,11
2.75,G5_L-Alanine,11
3.0,G5_L-Alanine,11
3.25,G5_L-Alanine,11
3.5,G5_L-Alanine,11
3.75,G5_L-Alanine,11
4.0,G5_L-Alanine,11
4.25,G5_L-Alanine,11
4.5,G5_L-Alanine,11
4.75,G5_L-Alanine,11
5.0,G5_L-Alanine,11
5.25,G5_L-Alanine,11
5.5,G5_L-Alanine,11
5.75,G5_L-Alanine,11
6.0,G5_L-Alanine,11
6.25,G5_L-Alanine,11
6.5,G5_L-Alanine,11
6.75,G5_L-Alanine,11
7.0,G5_L-Alanine,11
7.25,G5_L-Alanine,11
7.5,G5_L-Alanine,11
7.75,G5_L-Alanine,11
8.0,G5_L-Alanine,11
8.25,G5_L-Alanine,11
8.5,G5_L-Alanine,11
8.75,G5_L-Alanine,11
9.0,G5_L-Alanine,11
9.25,G5_L-Alanine,11
9.5,G5_L-Alanine,11
9.75,G5_L-Alanine,11
10.0,G5_L-Alanine,11
10.25,G5_L-Alanine,11
10.5,G5_L-Alanine,11
10.75,G5_L-Alanine,11
11.0,G5_L-Alanine,11
11.25,G5_L-Alanine,11
11.5,G5_L-Alanine,11
11.75,G5_L-Alanine,11
12.0,G5_L-Alanine,11
12.25,G5_L-Alanine,11
12.5,G5_L-Alanine,11
12.75,G5_L-Alanine,11
13.0,G5_L-Alanine,11
13.25,G5_L-Alanine,11
13.5,G5_L-Alanine,11
13.75,G5_L-Alanine,11
14.0,G5_L-Alanine,11
14.25,G5_L-Alanine,11
14.5,G5_L-Alanine,11
14.75,G5_L-Alanine,11
15.0,G5_L-Alanine,11
15.25,G5_L-Alanine,11
15.5,G5_L-Alanine,11
15.75,G5_L-Alanine,11
16.0,G5_L-Alanine,11
16.25,G5_L-Alanine,11
16.5,G5_L-Alanine,11
16.75,G5_L-Alanine,11
17.0,G5_L-Alanine,11
17.25,G5_L-Alanine,11
17.5,G5_L-Alanine,11
17.75,G5_L-Alanine,11
18.0,G5_L-Alanine,11
18.25,G5_L-Alanine,11
18.5,G5_L-Alanine,11
18.75,G5_L-Alanine,11
19.0,G5_L-Alanine,11
19.25,G5_L-Alanine,12
19.5,G5_L-Alanine,11
19.75,G5_L-Alanine,11
20.0,G5_L-Alanine,11
20.25,G5_L-Alanine,11
20.5,G5_L-Alanine,11
20.75,G5_L-Alanine,11
21.0,G5_L-Alanine,11
21.25,G5_L-Alanine,11
21.5,G5_L-Alanine,11
21.75,G5_L-Alanine,11
22.0,G5_L-Alanine,11
22.25,G5_L-Alanine,11
22.5,G5_L-Alanine,11
22.75,G5_L-Alanine,11
23.0,G5_L-Alanine,11
23.25,G5_L-Alanine,11
23.5,G5_L-Alanine,11
23.75,G5_L-Alanine,11
24.0,G5_L-Alanine,11
24.25,G5_L-Alanine,11
24.5,G5_L-Alanine,11
24.75,G5_L-Alanine,11
25.0,G5_L-Alanine,12
25.25,G5_L-Alanine,11
25.5,G5_L-Alanine,11
25.75,G5_L-Alanine,13
26.0,G5_L-Alanine,11
26.25,G5_L-Alanine,11
26.5,G5_L-Alanine,11
26.75,G5_L-Alanine,11
27.0,G5_L-Alanine,13
27.25,G5_L-Alanine,14
27.5,G5_L-Alanine,11
27.75,G5_L-Alanine,14
28.0,G5_L-Alanine,11
28.25,G5_L-Alanine,11
28.5,G5_L-Alanine,13
28.75,G5_L-Alanine,11
29.0,G5_L-Alanine,11
29.25,G5_L-Alanine,11
29.5,G5_L-Alanine,11
29.75,G5_L-Alanine,11
30.0,G5_L-Alanine,11
30.25,G5_L-Alanine,11
30.5,G5_L-Alanine,12
30.75,G5_L-Alanine,14
31.0,G5_L-Alanine,15
31.25,G5_L-Alanine,13
31.5,G5_L-Alanine,14
31.75,G5_L-Alanine,14
32.0,G5_L-Alanine,13
32.25,G5_L-Alanine,12
32.5,G5_L-Alanine,13
32.75,G5_L-Alanine,12
33.0,G5_L-Alanine,17
33.25,G5_L-Alanine,11
33.5,G5_L-Alanine,17
33.75,G5_L-Alanine,13
34.0,G5_L-Alanine,11
34.25,G5_L-Alanine,12
34.5,G5_L-Alanine,12
34.75,G5_L-Alanine,13
35.0,G5_L-Alanine,16
35.25,G5_L-Alanine,16
35.5,G5_L-Alanine,12
35.75,G5_L-Alanine,15
36.0,G5_L-Alanine,12
36.25,G5_L-Alanine,13
36.5,G5_L-Alanine,13
36.75,G5_L-Alanine,17
37.0,G5_L-Alanine,15
37.25,G5_L-Alanine,11
37.5,G5_L-Alanine,12
37.75,G5_L-Alanine,18
38.0,G5_L-Alanine,14
38.25,G5_L-Alanine,17
38.5,G5_L-Alanine,14
38.75,G5_L-Alanine,16
39.0,G5_L-Alanine,16
39.25,G5_L-Alanine,15
39.5,G5_L-Alanine,16
39.75,G5_L-Alanine,17
40.0,G5_L-Alanine,13
40.25,G5_L-Alanine,18
40.5,G5_L-Alanine,16
40.75,G5_L-Alanine,15
41.0,G5_L-Alanine,12
41.25,G5_L-Alanine,18
41.5,G5_L-Alanine,17
41.75,G5_L-Alanine,19
42.0,G5_L-Alanine,20
42.25,G5_L-Alanine,16
42.5,G5_L-Alanine,16
42.75,G5_L-Alanine,20
43.0,G5_L-Alanine,20
43.25,G5_L-Alanine,20
43.5,G5_L-Alanine,22
43.75,G5_L-Alanine,20
44.0,G5_L-Alanine,22
44.25,G5_L-Alanine,18
44.5,G5_L-Alanine,23
44.75,G5_L-Alanine,21
45.0,G5_L-Alanine,20
45.25,G5_L-Alanine,23
45.5,G5_L-Alanine,18
45.75,G5_L-Alanine,21
46.0,G5_L-Alanine,20
46.25,G5_L-Alanine,26
46.5,G5_L-Alanine,23
46.75,G5_L-Alanine,24
47.0,G5_L-Alanine,20
47.25,G5_L-Alanine,25
47.5,G5_L-Alanine,23
47.75,G5_L-Alanine,23
48.0,G5_L-Alanine,25
48.25,G5_L-Alanine,23
0.0,G6_L-Alanyl-Glycine,11
0.25,G6_L-Alanyl-Glycine,11
0.5,G6_L-Alanyl-Glycine,11
0.75,G6_L-Alanyl-Glycine,11
1.0,G6_L-Alanyl-Glycine,11
1.25,G6_L-Alanyl-Glycine,11
1.5,G6_L-Alanyl-Glycine,11
1.75,G6_L-Alanyl-Glycine,11
2.0,G6_L-Alanyl-Glycine,11
2.25,G6_L-Alanyl-Glycine,11
2.5,G6_L-Alanyl-Glycine,11
2.75,G6_L-Alanyl-Glycine,11
3.0,G6_L-Alanyl-Glycine,11
3.25,G6_L-Alanyl-Glycine,11
3.5,G6_L-Alanyl-Glycine,11
3.75,G6_L-Alanyl-Glycine,11
4.0,G6_L-Alanyl-Glycine,11
4.25,G6_L-Alanyl-Glycine,11
4.5,G6_L-Alanyl-Glycine,11
4.75,G6_L-Alanyl-Glycine,11
5.0,G6_L-Alanyl-Glycine,11
5.25,G6_L-Alanyl-Glycine,11
5.5,G6_L-Alanyl-Glycine,11
5.75,G6_L-Alanyl-Glycine,11
6.0,G6_L-Alanyl-Glycine,11
6.25,G6_L-Alanyl-Glycine,11
6.5,G6_L-Alanyl-Glycine,11
6.75,G6_L-Alanyl-Glycine,11
7.0,G6_L-Alanyl-Glycine,11
7.25,G6_L-Alanyl-Glycine,11
7.5,G6_L-Alanyl-Glycine,11
7.75,G6_L-Alanyl-Glycine,11
8.0,G6_L-Alanyl-Glycine,11
8.25,G6_L-Alanyl-Glycine,11
8.5,G6_L-Alanyl-Glycine,11
8.75,G6_L-Alanyl-Glycine,11
9.0,G6_L-Alanyl-Glycine,11
9.25,G6_L-Alanyl-Glycine,11
9.5,G6_L-Alanyl-Glycine,11
9.75,G6_L-Alanyl-Glycine,11
10.0,G6_L-Alanyl-Glycine,11
10.25,G6_L-Alanyl-Glycine,11
10.5,G6_L-Alanyl-Glycine,11
10.75,G6_L-Alanyl-Glycine,11
11.0,G6_L-Alanyl-Glycine,11
11.25,G6_L-Alanyl-Glycine,11
11.5,G6_L-Alanyl-Glycine,11
11.75,G6_L-Alanyl-Glycine,11
12.0,G6_L-Alanyl-Glycine,11
12.25,G6_L-Alanyl-Glycine,11
12.5,G6_L-Alanyl-Glycine,11
12.75,G6_L-Alanyl-Glycine,11
13.0,G6_L-Alanyl-Glycine,11
13.25,G6_L-Alanyl-Glycine,11
13.5,G6_L-Alanyl-Glycine,11
13.75,G6_L-Alanyl-Glycine,11
14.0,G6_L-Alanyl-Glycine,11
14.25,G6_L-Alanyl-Glycine,11
14.5,G6_L-Alanyl-Glycine,11
14.75,G6_L-Alanyl-Glycine,11
15.0,G6_L-Alanyl-Glycine,11
15.25,G6_L-Alanyl-Glycine,11
15.5,G6_L-Alanyl-Glycine,11
15.75,G6_L-Alanyl-Glycine,11
16.0,G6_L-Alanyl-Glycine,11
16.25,G6_L-Alanyl-Glycine,11
16.5,G6_L-Alanyl-Glycine,11
16.75,G6_L-Alanyl-Glycine,11
17.0,G6_L-Alanyl-Glycine,11
17.25,G6_L-Alanyl-Glycine,11
17.5,G6_L-Alanyl-Glycine,14
17.75,G6_L-Alanyl-Glycine,11
18.0,G6_L-Alanyl-Glycine,11
18.25,G6_L-Alanyl-Glycine,14
18.5,G6_L-Alanyl-Glycine,11
18.75,G6_L-Alanyl-Glycine,13
19.0,G6_L-Alanyl-Glycine,11
19.25,G6_L-Alanyl-Glycine,12
19.5,G6_L-Alanyl-Glycine,14
19.75,G6_L-Alanyl-Glycine,13
20.0,G6_L-Alanyl-Glycine,14
20.25,G6_L-Alanyl-Glycine,16
20.5,G6_L-Alanyl-Glycine,11
20.75,G6_L-Alanyl-Glycine,13
21.0,G6_L-Alanyl-Glycine,12
21.25,G6_L-Alanyl-Glycine,16
21.5,G6_L-Alanyl-Glycine,18
21.75,G6_L-Alanyl-Glycine,16
22.0,G6_L-Alanyl-Glycine,18
22.25,G6_L-Alanyl-Glycine,14
22.5,G6_L-Alanyl-Glycine,17
22.75,G6_L-Alanyl-Glycine,11
23.0,G6_L-Alanyl-Glycine,16
23.25,G6_L-Alanyl-Glycine,13
23.5,G6_L-Alanyl-Glycine,15
23.75,G6_L-Alanyl-Glycine,14
24.0,G6_L-Alanyl-Glycine,11
24.25,G6_L-Alanyl-Glycine,16
24.5,G6_L-Alanyl-Glycine,17
24.75,G6_L-Alanyl-Glycine,15
25.0,G6_L-Alanyl-Glycine,16
25.25,G6_L-Alanyl-Glycine,12
25.5,G6_L-Alanyl-Glycine,16
25.75,G6_L-Alanyl-Glycine,14
26.0,G6_L-Alanyl-Glycine,14
26.25,G6_L-Alanyl-Glycine,19
26.5,G6_L-Alanyl-Glycine,11
26.75,G6_L-Alanyl-Glycine,15
27.0,G6_L-Alanyl-Glycine,24
27.25,G6_L-Alanyl-Glycine,16
27.5,G6_L-Alanyl-Glycine,17
27.75,G6_L-Alanyl-Glycine,15
28.0,G6_L-Alanyl-Glycine,14
28.25,G6_L-Alanyl-Glycine,20
28.5,G6_L-Alanyl-Glycine,20
28.75,G6_L-Alanyl-Glycine,23
29.0,G6_L-Alanyl-Glycine,18
29.25,G6_L-Alanyl-Glycine,23
29.5,G6_L-Alanyl-Glycine,17
29.75,G6_L-Alanyl-Glycine,19
30.0,G6_L-Alanyl-Glycine,18
30.25,G6_L-Alanyl-Glycine,25
30.5,G6_L-Alanyl-Glycine,21
30.75,G6_L-Alanyl-Glycine,19
31.0,G6_L-Alanyl-Glycine,20
31.25,G6_L-Alanyl-Glycine,22
31.5,G6_L-Alanyl-Glycine,28
31.75,G6_L-Alanyl-Glycine,26
32.0,G6_L-Alanyl-Glycine,21
32.25,G6_L-Alanyl-Glycine,22
32.5,G6_L-Alanyl-Glycine,28
32.75,G6_L-Alanyl-Glycine,18
33.0,G6_L-Alanyl-Glycine,22
33.25,G6_L-Alanyl-Glycine,26
33.5,G6_L-Alanyl-Glycine,21
33.75,G6_L-Alanyl-Glycine,26
34.0,G6_L-Alanyl-Glycine,25
34.25,G6_L-Alanyl-Glycine,27
34.5,G6_L-Alanyl-Glycine,28
34.75,G6_L-Alanyl-Glycine,28
35.0,G6_L-Alanyl-Glycine,25
35.25,G6_L-Alanyl-Glycine,31
35.5,G6_L-Alanyl-Glycine,24
35.75,G6_L-Alanyl-Glycine,24
36.0,G6_L-Alanyl-Glycine,24
36.25,G6_L-Alanyl-Glycine,30
36.5,G6_L-Alanyl-Glycine,30
36.75,G6_L-Alanyl-Glycine,30
37.0,G6_L-Alanyl-Glycine,27
37.25,G6_L-Alanyl-Glycine,29
37.5,G6_L-Alanyl-Glycine,24
37.75,G6_L-Alanyl-Glycine,26
38.0,G6_L-Alanyl-Glycine,30
38.25,G6_L-Alanyl-Glycine,32
38.5,G6_L-Alanyl-Glycine,27
38.75,G6_L-Alanyl-Glycine,30
39.0,G6_L-Alanyl-Glycine,27
39.25,G6_L-Alanyl-Glycine,31
39.5,G6_L-Alanyl-Glycine,29
39.75,G6_L-Alanyl-Glycine,28
40.0,G6_L-Alanyl-Glycine,32
40.25,G6_L-Alanyl-Glycine,27
40.5,G6_L-Alanyl-Glycine,28
40.75,G6_L-Alanyl-Glycine,33
41.0,G6_L-Alanyl-Glycine,28
41.25,G6_L-Alanyl-Glycine,37
41.5,G6_L-Alanyl-Glycine,31
41.75,G6_L-Alanyl-Glycine,31
42.0,G6_L-Alanyl-Glycine,28
42.25,G6_L-Alanyl-Glycine,28
42.5,G6_L-Alanyl-Glycine,28
42.75,G6_L-Alanyl-Glycine,24
43.0,G6_L-Alanyl-Glycine,23
43.25,G6_L-Alanyl-Glycine,23
43.5,G6_L-Alanyl-Glycine,30
43.75,G6_L-Alanyl-Glycine,27
44.0,G6_L-Alanyl-Glycine,29
44.25,G6_L-Alanyl-Glycine,31
44.5,G6_L-Alanyl-Glycine,28
44.75,G6_L-Alanyl-Glycine,26
45.0,G6_L-Alanyl-Glycine,24
45.25,G6_L-Alanyl-Glycine,29
45.5,G6_L-Alanyl-Glycine,33
45.75,G6_L-Alanyl-Glycine,31
46.0,G6_L-Alanyl-Glycine,28
46.25,G6_L-Alanyl-Glycine,32
46.5,G6_L-Alanyl-Glycine,31
46.75,G6_L-Alanyl-Glycine,33
47.0,G6_L-Alanyl-Glycine,31
47.25,G6_L-Alanyl-Glycine,29
47.5,G6_L-Alanyl-Glycine,34
47.75,G6_L-Alanyl-Glycine,33
48.0,G6_L-Alanyl-Glycine,29
48.25,G6_L-Alanyl-Glycine,33
0.0,G7_Acetoacetic_Acid,11
0.25,G7_Acetoacetic_Acid,11
0.5,G7_Acetoacetic_Acid,11
0.75,G7_Acetoacetic_Acid,11
1.0,G7_Acetoacetic_Acid,11
1.25,G7_Acetoacetic_Acid,11
1.5,G7_Acetoacetic_Acid,11
1.75,G7_Acetoacetic_Acid,11
2.0,G7_Acetoacetic_Acid,11
2.25,G7_Acetoacetic_Acid,11
2.5,G7_Acetoacetic_Acid,11
2.75,G7_Acetoacetic_Acid,11
3.0,G7_Acetoacetic_Acid,11
3.25,G7_Acetoacetic_Acid,11
3.5,G7_Acetoacetic_Acid,11
3.75,G7_Acetoacetic_Acid,11
4.0,G7_Acetoacetic_Acid,11
4.25,G7_Acetoacetic_Acid,11
4.5,G7_Acetoacetic_Acid,11
4.75,G7_Acetoacetic_Acid,11
5.0,G7_Acetoacetic_Acid,11
5.25,G7_Acetoacetic_Acid,11
5.5,G7_Acetoacetic_Acid,11
5.75,G7_Acetoacetic_Acid,11
6.0,G7_Acetoacetic_Acid,11
6.25,G7_Acetoacetic_Acid,11
6.5,G7_Acetoacetic_Acid,11
6.75,G7_Acetoacetic_Acid,11
7.0,G7_Acetoacetic_Acid,11
7.25,G7_Acetoacetic_Acid,11
7.5,G7_Acetoacetic_Acid,11
7.75,G7_Acetoacetic_Acid,11
8.0,G7_Acetoacetic_Acid,11
8.25,G7_Acetoacetic_Acid,11
8.5,G7_Acetoacetic_Acid,11
8.75,G7_Acetoacetic_Acid,11
9.0,G7_Acetoacetic_Acid,11
9.25,G7_Acetoacetic_Acid,11
9.5,G7_Acetoacetic_Acid,11
9.75,G7_Acetoacetic_Acid,11
10.0,G7_Acetoacetic_Acid,11
10.25,G7_Acetoacetic_Acid,11
10.5,G7_Acetoacetic_Acid,11
10.75,G7_Acetoacetic_Acid,11
11.0,G7_Acetoacetic_Acid,11
11.25,G7_Acetoacetic_Acid,11
11.5,G7_Acetoacetic_Acid,11
11.75,G7_Acetoacetic_Acid,11
12.0,G7_Acetoacetic_Acid,11
12.25,G7_Acetoacetic_Acid,11
12.5,G7_Acetoacetic_Acid,11
12.75,G7_Acetoacetic_Acid,11
13.0,G7_Acetoacetic_Acid,11
13.25,G7_Acetoacetic_Acid,11
13.5,G7_Acetoacetic_Acid,11
13.75,G7_Acetoacetic_Acid,11
14.0,G7_Acetoacetic_Acid,11
14.25,G7_Acetoacetic_Acid,11
14.5,G7_Acetoacetic_Acid,11
14.75,G7_Acetoacetic_Acid,11
15.0,G7_Acetoacetic_Acid,11
15.25,G7_Acetoacetic_Acid,11
15.5,G7_Acetoacetic_Acid,11
15.75,G7_Acetoacetic_Acid,11
16.0,G7_Acetoacetic_Acid,11
16.25,G7_Acetoacetic_Acid,11
16.5,G7_Acetoacetic_Acid,11
16.75,G7_Acetoacetic_Acid,11
17.0,G7_Acetoacetic_Acid,17
17.25,G7_Acetoacetic_Acid,17
17.5,G7_Acetoacetic_Acid,13
17.75,G7_Acetoacetic_Acid,12
18.0,G7_Acetoacetic_Acid,11
18.25,G7_Acetoacetic_Acid,13
18.5,G7_Acetoacetic_Acid,14
18.75,G7_Acetoacetic_Acid,16
19.0,G7_Acetoacetic_Acid,11
19.25,G7_Acetoacetic_Acid,11
19.5,G7_Acetoacetic_Acid,18
19.75,G7_Acetoacetic_Acid,11
20.0,G7_Acetoacetic_Acid,15
20.25,G7_Acetoacetic_Acid,15
20.5,G7_Acetoacetic_Acid,11
20.75,G7_Acetoacetic_Acid,11
21.0,G7_Acetoacetic_Acid,14
21.25,G7_Acetoacetic_Acid,16
21.5,G7_Acetoacetic_Acid,12
21.75,G7_Acetoacetic_Acid,20
22.0,G7_Acetoacetic_Acid,16
22.25,G7_Acetoacetic_Acid,17
22.5,G7_Acetoacetic_Acid,13
22.75,G7_Acetoacetic_Acid,15
23.0,G7_Acetoacetic_Acid,23
23.25,G7_Acetoacetic_Acid,13
23.5,G7_Acetoacetic_Acid,14
23.75,G7_Acetoacetic_Acid,16
24.0,G7_Acetoacetic_Acid,14
24.25,G7_Acetoacetic_Acid,16
24.5,G7_Acetoacetic_Acid,19
24.75,G7_Acetoacetic_Acid,17
25.0,G7_Acetoacetic_Acid,15
25.25,G7_Acetoacetic_Acid,19
25.5,G7_Acetoacetic_Acid,21
25.75,G7_Acetoacetic_Acid,16
26.0,G7_Acetoacetic_Acid,17
26.25,G7_Acetoacetic_Acid,19
26.5,G7_Acetoacetic_Acid,17
26.75,G7_Acetoacetic_Acid,23
27.0,G7_Acetoacetic_Acid,19
27.25,G7_Acetoacetic_Acid,19
27.5,G7_Acetoacetic_Acid,24
27.75,G7_Acetoacetic_Acid,18
28.0,G7_Acetoacetic_Acid,22
28.25,G7_Acetoacetic_Acid,19
28.5,G7_Acetoacetic_Acid,24
28.75,G7_Acetoacetic_Acid,25
29.0,G7_Acetoacetic_Acid,18
29.25,G7_Acetoacetic_Acid,21
29.5,G7_Acetoacetic_Acid,23
29.75,G7_Acetoacetic_Acid,22
30.0,G7_Acetoacetic_Acid,20
30.25,G7_Acetoacetic_Acid,17
30.5,G7_Acetoacetic_Acid,22
30.75,G7_Acetoacetic_Acid,23
31.0,G7_Acetoacetic_Acid,20
31.25,G7_Acetoacetic_Acid,22
31.5,G7_Acetoacetic_Acid,22
31.75,G7_Acetoacetic_Acid,25
32.0,G7_Acetoacetic_Acid,26
32.25,G7_Acetoacetic_Acid,23
32.5,G7_Acetoacetic_Acid,29
32.75,G7_Acetoacetic_Acid,21
33.0,G7_Acetoacetic_Acid,24
33.25,G7_Acetoacetic_Acid,25
33.5,G7_Acetoacetic_Acid,22
33.75,G7_Acetoacetic_Acid,25
34.0,G7_Acetoacetic_Acid,24
34.25,G7_Acetoacetic_Acid,23
34.5,G7_Acetoacetic_Acid,25
34.75,G7_Acetoacetic_Acid,23
35.0,G7_Acetoacetic_Acid,24
35.25,G7_Acetoacetic_Acid,27
35.5,G7_Acetoacetic_Acid,29
35.75,G7_Acetoacetic_Acid,27
36.0,G7_Acetoacetic_Acid,24
36.25,G7_Acetoacetic_Acid,25
36.5,G7_Acetoacetic_Acid,25
36.75,G7_Acetoacetic_Acid,26
37.0,G7_Acetoacetic_Acid,26
37.25,G7_Acetoacetic_Acid,27
37.5,G7_Acetoacetic_Acid,23
37.75,G7_Acetoacetic_Acid,27
38.0,G7_Acetoacetic_Acid,28
38.25,G7_Acetoacetic_Acid,24
38.5,G7_Acetoacetic_Acid,25
38.75,G7_Acetoacetic_Acid,24
39.0,G7_Acetoacetic_Acid,30
39.25,G7_Acetoacetic_Acid,30
39.5,G7_Acetoacetic_Acid,27
39.75,G7_Acetoacetic_Acid,26
40.0,G7_Acetoacetic_Acid,31
40.25,G7_Acetoacetic_Acid,23
40.5,G7_Acetoacetic_Acid,28
40.75,G7_Acetoacetic_Acid,31
41.0,G7_Acetoacetic_Acid,26
41.25,G7_Acetoacetic_Acid,31
41.5,G7_Acetoacetic_Acid,26
41.75,G7_Acetoacetic_Acid,27
42.0,G7_Acetoacetic_Acid,30
42.25,G7_Acetoacetic_Acid,29
42.5,G7_Acetoacetic_Acid,27
42.75,G7_Acetoacetic_Acid,28
43.0,G7_Acetoacetic_Acid,29
43.25,G7_Acetoacetic_Acid,29
43.5,G7_Acetoacetic_Acid,27
43.75,G7_Acetoacetic_Acid,29
44.0,G7_Acetoacetic_Acid,33
44.25,G7_Acetoacetic_Acid,27
44.5,G7_Acetoacetic_Acid,25
44.75,G7_Acetoacetic_Acid,30
45.0,G7_Acetoacetic_Acid,28
45.25,G7_Acetoacetic_Acid,31
45.5,G7_Acetoacetic_Acid,29
45.75,G7_Acetoacetic_Acid,30
46.0,G7_Acetoacetic_Acid,29
46.25,G7_Acetoacetic_Acid,32
46.5,G7_Acetoacetic_Acid,33
46.75,G7_Acetoacetic_Acid,30
47.0,G7_Acetoacetic_Acid,28
47.25,G7_Acetoacetic_Acid,30
47.5,G7_Acetoacetic_Acid,30
47.75,G7_Acetoacetic_Acid,31
48.0,G7_Acetoacetic_Acid,28
48.25,G7_Acetoacetic_Acid,27
0.0,G8_N-Acetyl-B-D_Mannosamine,11
0.25,G8_N-Acetyl-B-D_Mannosamine,11
0.5,G8_N-Acetyl-B-D_Mannosamine,11
0.75,G8_N-Acetyl-B-D_Mannosamine,11
1.0,G8_N-Acetyl-B-D_Mannosamine,11
1.25,G8_N-Acetyl-B-D_Mannosamine,11
1.5,G8_N-Acetyl-B-D_Mannosamine,11
1.75,G8_N-Acetyl-B-D_Mannosamine,11
2.0,G8_N-Acetyl-B-D_Mannosamine,11
2.25,G8_N-Acetyl-B-D_Mannosamine,11
2.5,G8_N-Acetyl-B-D_Mannosamine,11
2.75,G8_N-Acetyl-B-D_Mannosamine,11
3.0,G8_N-Acetyl-B-D_Mannosamine,11
3.25,G8_N-Acetyl-B-D_Mannosamine,11
3.5,G8_N-Acetyl-B-D_Mannosamine,11
3.75,G8_N-Acetyl-B-D_Mannosamine,11
4.0,G8_N-Acetyl-B-D_Mannosamine,11
4.25,G8_N-Acetyl-B-D_Mannosamine,11
4.5,G8_N-Acetyl-B-D_Mannosamine,11
4.75,G8_N-Acetyl-B-D_Mannosamine,11
5.0,G8_N-Acetyl-B-D_Mannosamine,11
5.25,G8_N-Acetyl-B-D_Mannosamine,11
5.5,G8_N-Acetyl-B-D_Mannosamine,11
5.75,G8_N-Acetyl-B-D_Mannosamine,11
6.0,G8_N-Acetyl-B-D_Mannosamine,11
6.25,G8_N-Acetyl-B-D_Mannosamine,11
6.5,G8_N-Acetyl-B-D_Mannosamine,11
6.75,G8_N-Acetyl-B-D_Mannosamine,11
7.0,G8_N-Acetyl-B-D_Mannosamine,11
7.25,G8_N-Acetyl-B-D_Mannosamine,11
7.5,G8_N-Acetyl-B-D_Mannosamine,11
7.75,G8_N-Acetyl-B-D_Mannosamine,11
8.0,G8_N-Acetyl-B-D_Mannosamine,11
8.25,G8_N-Acetyl-B-D_Mannosamine,11
8.5,G8_N-Acetyl-B-D_Mannosamine,11
8.75,G8_N-Acetyl-B-D_Mannosamine,11
9.0,G8_N-Acetyl-B-D_Mannosamine,11
9.25,G8_N-Acetyl-B-D_Mannosamine,11
9.5,G8_N-Acetyl-B-D_Mannosamine,11
9.75,G8_N-Acetyl-B-D_Mannosamine,11
10.0,G8_N-Acetyl-B-D_Mannosamine,11
10.25,G8_N-Acetyl-B-D_Mannosamine,11
10.5,G8_N-Acetyl-B-D_Mannosamine,11
10.75,G8_N-Acetyl-B-D_Mannosamine,11
11.0,G8_N-Acetyl-B-D_Mannosamine,11
11.25,G8_N-Acetyl-B-D_Mannosamine,11
11.5,G8_N-Acetyl-B-D_Mannosamine,11
11.75,G8_N-Acetyl-B-D_Mannosamine,11
12.0,G8_N-Acetyl-B-D_Mannosamine,11
12.25,G8_N-Acetyl-B-D_Mannosamine,11
12.5,G8_N-Acetyl-B-D_Mannosamine,11
12.75,G8_N-Acetyl-B-D_Mannosamine,11
13.0,G8_N-Acetyl-B-D_Mannosamine,11
13.25,G8_N-Acetyl-B-D_Mannosamine,11
13.5,G8_N-Acetyl-B-D_Mannosamine,11
13.75,G8_N-Acetyl-B-D_Mannosamine,12
14.0,G8_N-Acetyl-B-D_Mannosamine,11
14.25,G8_N-Acetyl-B-D_Mannosamine,12
14.5,G8_N-Acetyl-B-D_Mannosamine,11
14.75,G8_N-Acetyl-B-D_Mannosamine,11
15.0,G8_N-Acetyl-B-D_Mannosamine,11
15.25,G8_N-Acetyl-B-D_Mannosamine,11
15.5,G8_N-Acetyl-B-D_Mannosamine,11
15.75,G8_N-Acetyl-B-D_Mannosamine,13
16.0,G8_N-Acetyl-B-D_Mannosamine,12
16.25,G8_N-Acetyl-B-D_Mannosamine,12
16.5,G8_N-Acetyl-B-D_Mannosamine,11
16.75,G8_N-Acetyl-B-D_Mannosamine,11
17.0,G8_N-Acetyl-B-D_Mannosamine,11
17.25,G8_N-Acetyl-B-D_Mannosamine,15
17.5,G8_N-Acetyl-B-D_Mannosamine,11
17.75,G8_N-Acetyl-B-D_Mannosamine,12
18.0,G8_N-Acetyl-B-D_Mannosamine,11
18.25,G8_N-Acetyl-B-D_Mannosamine,12
18.5,G8_N-Acetyl-B-D_Mannosamine,15
18.75,G8_N-Acetyl-B-D_Mannosamine,15
19.0,G8_N-Acetyl-B-D_Mannosamine,12
19.25,G8_N-Acetyl-B-D_Mannosamine,14
19.5,G8_N-Acetyl-B-D_Mannosamine,11
19.75,G8_N-Acetyl-B-D_Mannosamine,11
20.0,G8_N-Acetyl-B-D_Mannosamine,13
20.25,G8_N-Acetyl-B-D_Mannosamine,16
20.5,G8_N-Acetyl-B-D_Mannosamine,17
20.75,G8_N-Acetyl-B-D_Mannosamine,17
21.0,G8_N-Acetyl-B-D_Mannosamine,14
21.25,G8_N-Acetyl-B-D_Mannosamine,18
21.5,G8_N-Acetyl-B-D_Mannosamine,16
21.75,G8_N-Acetyl-B-D_Mannosamine,14
22.0,G8_N-Acetyl-B-D_Mannosamine,14
22.25,G8_N-Acetyl-B-D_Mannosamine,15
22.5,G8_N-Acetyl-B-D_Mannosamine,18
22.75,G8_N-Acetyl-B-D_Mannosamine,11
23.0,G8_N-Acetyl-B-D_Mannosamine,12
23.25,G8_N-Acetyl-B-D_Mannosamine,15
23.5,G8_N-Acetyl-B-D_Mannosamine,16
23.75,G8_N-Acetyl-B-D_Mannosamine,12
24.0,G8_N-Acetyl-B-D_Mannosamine,11
24.25,G8_N-Acetyl-B-D_Mannosamine,15
24.5,G8_N-Acetyl-B-D_Mannosamine,15
24.75,G8_N-Acetyl-B-D_Mannosamine,14
25.0,G8_N-Acetyl-B-D_Mannosamine,20
25.25,G8_N-Acetyl-B-D_Mannosamine,18
25.5,G8_N-Acetyl-B-D_Mannosamine,17
25.75,G8_N-Acetyl-B-D_Mannosamine,15
26.0,G8_N-Acetyl-B-D_Mannosamine,17
26.25,G8_N-Acetyl-B-D_Mannosamine,18
26.5,G8_N-Acetyl-B-D_Mannosamine,16
26.75,G8_N-Acetyl-B-D_Mannosamine,15
27.0,G8_N-Acetyl-B-D_Mannosamine,15
27.25,G8_N-Acetyl-B-D_Mannosamine,19
27.5,G8_N-Acetyl-B-D_Mannosamine,16
27.75,G8_N-Acetyl-B-D_Mannosamine,19
28.0,G8_N-Acetyl-B-D_Mannosamine,12
28.25,G8_N-Acetyl-B-D_Mannosamine,16
28.5,G8_N-Acetyl-B-D_Mannosamine,17
28.75,G8_N-Acetyl-B-D_Mannosamine,18
29.0,G8_N-Acetyl-B-D_Mannosamine,14
29.25,G8_N-Acetyl-B-D_Mannosamine,16
29.5,G8_N-Acetyl-B-D_Mannosamine,21
29.75,G8_N-Acetyl-B-D_Mannosamine,15
30.0,G8_N-Acetyl-B-D_Mannosamine,15
30.25,G8_N-Acetyl-B-D_Mannosamine,17
30.5,G8_N-Acetyl-B-D_Mannosamine,16
30.75,G8_N-Acetyl-B-D_Mannosamine,12
31.0,G8_N-Acetyl-B-D_Mannosamine,16
31.25,G8_N-Acetyl-B-D_Mannosamine,15
31.5,G8_N-Acetyl-B-D_Mannosamine,17
31.75,G8_N-Acetyl-B-D_Mannosamine,18
32.0,G8_N-Acetyl-B-D_Mannosamine,15
32.25,G8_N-Acetyl-B-D_Mannosamine,18
32.5,G8_N-Acetyl-B-D_Mannosamine,18
32.75,G8_N-Acetyl-B-D_Mannosamine,11
33.0,G8_N-Acetyl-B-D_Mannosamine,15
33.25,G8_N-Acetyl-B-D_Mannosamine,16
33.5,G8_N-Acetyl-B-D_Mannosamine,22
33.75,G8_N-Acetyl-B-D_Mannosamine,16
34.0,G8_N-Acetyl-B-D_Mannosamine,16
34.25,G8_N-Acetyl-B-D_Mannosamine,15
34.5,G8_N-Acetyl-B-D_Mannosamine,21
34.75,G8_N-Acetyl-B-D_Mannosamine,15
35.0,G8_N-Acetyl-B-D_Mannosamine,18
35.25,G8_N-Acetyl-B-D_Mannosamine,14
35.5,G8_N-Acetyl-B-D_Mannosamine,15
35.75,G8_N-Acetyl-B-D_Mannosamine,15
36.0,G8_N-Acetyl-B-D_Mannosamine,15
36.25,G8_N-Acetyl-B-D_Mannosamine,17
36.5,G8_N-Acetyl-B-D_Mannosamine,16
36.75,G8_N-Acetyl-B-D_Mannosamine,16
37.0,G8_N-Acetyl-B-D_Mannosamine,15
37.25,G8_N-Acetyl-B-D_Mannosamine,16
37.5,G8_N-Acetyl-B-D_Mannosamine,11
37.75,G8_N-Acetyl-B-D_Mannosamine,16
38.0,G8_N-Acetyl-B-D_Mannosamine,14
38.25,G8_N-Acetyl-B-D_Mannosamine,15
38.5,G8_N-Acetyl-B-D_Mannosamine,16
38.75,G8_N-Acetyl-B-D_Mannosamine,19
39.0,G8_N-Acetyl-B-D_Mannosamine,15
39.25,G8_N-Acetyl-B-D_Mannosamine,15
39.5,G8_N-Acetyl-B-D_Mannosamine,14
39.75,G8_N-Acetyl-B-D_Mannosamine,17
40.0,G8_N-Acetyl-B-D_Mannosamine,12
40.25,G8_N-Acetyl-B-D_Mannosamine,14
40.5,G8_N-Acetyl-B-D_Mannosamine,13
40.75,G8_N-Acetyl-B-D_Mannosamine,15
41.0,G8_N-Acetyl-B-D_Mannosamine,16
41.25,G8_N-Acetyl-B-D_Mannosamine,13
41.5,G8_N-Acetyl-B-D_Mannosamine,14
41.75,G8_N-Acetyl-B-D_Mannosamine,13
42.0,G8_N-Acetyl-B-D_Mannosamine,15
42.25,G8_N-Acetyl-B-D_Mannosamine,16
42.5,G8_N-Acetyl-B-D_Mannosamine,15
42.75,G8_N-Acetyl-B-D_Mannosamine,13
43.0,G8_N-Acetyl-B-D_Mannosamine,14
43.25,G8_N-Acetyl-B-D_Mannosamine,11
43.5,G8_N-Acetyl-B-D_Mannosamine,13
43.75,G8_N-Acetyl-B-D_Mannosamine,13
44.0,G8_N-Acetyl-B-D_Mannosamine,14
44.25,G8_N-Acetyl-B-D_Mannosamine,12
44.5,G8_N-Acetyl-B-D_Mannosamine,12
44.75,G8_N-Acetyl-B-D_Mannosamine,14
45.0,G8_N-Acetyl-B-D_Mannosamine,13
45.25,G8_N-Acetyl-B-D_Mannosamine,12
45.5,G8_N-Acetyl-B-D_Mannosamine,11
45.75,G8_N-Acetyl-B-D_Mannosamine,16
46.0,G8_N-Acetyl-B-D_Mannosamine,16
46.25,G8_N-Acetyl-B-D_Mannosamine,16
46.5,G8_N-Acetyl-B-D_Mannosamine,16
46.75,G8_N-Acetyl-B-D_Mannosamine,13
47.0,G8_N-Acetyl-B-D_Mannosamine,20
47.25,G8_N-Acetyl-B-D_Mannosamine,15
47.5,G8_N-Acetyl-B-D_Mannosamine,17
47.75,G8_N-Acetyl-B-D_Mannosamine,13
48.0,G8_N-Acetyl-B-D_Mannosamine,14
48.25,G8_N-Acetyl-B-D_Mannosamine,15
0.0,G9_Mono_Methyl_Succinate,11
0.25,G9_Mono_Methyl_Succinate,11
0.5,G9_Mono_Methyl_Succinate,11
0.75,G9_Mono_Methyl_Succinate,11
1.0,G9_Mono_Methyl_Succinate,11
1.25,G9_Mono_Methyl_Succinate,11
1.5,G9_Mono_Methyl_Succinate,11
1.75,G9_Mono_Methyl_Succinate,11
2.0,G9_Mono_Methyl_Succinate,11
2.25,G9_Mono_Methyl_Succinate,11
2.5,G9_Mono_Methyl_Succinate,11
2.75,G9_Mono_Methyl_Succinate,11
3.0,G9_Mono_Methyl_Succinate,11
3.25,G9_Mono_Methyl_Succinate,11
3.5,G9_Mono_Methyl_Succinate,11
3.75,G9_Mono_Methyl_Succinate,11
4.0,G9_Mono_Methyl_Succinate,11
4.25,G9_Mono_Methyl_Succinate,11
4.5,G9_Mono_Methyl_Succinate,11
4.75,G9_Mono_Methyl_Succinate,11
5.0,G9_Mono_Methyl_Succinate,11
5.25,G9_Mono_Methyl_Succinate,11
5.5,G9_Mono_Methyl_Succinate,11
5.75,G9_Mono_Methyl_Succinate,11
6.0,G9_Mono_Methyl_Succinate,11
6.25,G9_Mono_Methyl_Succinate,11
6.5,G9_Mono_Methyl_Succinate,11
6.75,G9_Mono_Methyl_Succinate,11
7.0,G9_Mono_Methyl_Succinate,11
7.25,G9_Mono_Methyl_Succinate,11
7.5,G9_Mono_Methyl_Succinate,11
7.75,G9_Mono_Methyl_Succinate,11
8.0,G9_Mono_Methyl_Succinate,11
8.25,G9_Mono_Methyl_Succinate,11
8.5,G9_Mono_Methyl_Succinate,11
8.75,G9_Mono_Methyl_Succinate,11
9.0,G9_Mono_Methyl_Succinate,11
9.25,G9_Mono_Methyl_Succinate,11
9.5,G9_Mono_Methyl_Succinate,11
9.75,G9_Mono_Methyl_Succinate,11
10.0,G9_Mono_Methyl_Succinate,11
10.25,G9_Mono_Methyl_Succinate,11
10.5,G9_Mono_Methyl_Succinate,11
10.75,G9_Mono_Methyl_Succinate,11
11.0,G9_Mono_Methyl_Succinate,11
11.25,G9_Mono_Methyl_Succinate,11
11.5,G9_Mono_Methyl_Succinate,11
11.75,G9_Mono_Methyl_Succinate,11
12.0,G9_Mono_Methyl_Succinate,11
12.25,G9_Mono_Methyl_Succinate,11
12.5,G9_Mono_Methyl_Succinate,11
12.75,G9_Mono_Methyl_Succinate,11
13.0,G9_Mono_Methyl_Succinate,11
13.25,G9_Mono_Methyl_Succinate,11
13.5,G9_Mono_Methyl_Succinate,11
13.75,G9_Mono_Methyl_Succinate,11
14.0,G9_Mono_Methyl_Succinate,11
14.25,G9_Mono_Methyl_Succinate,11
14.5,G9_Mono_Methyl_Succinate,11
14.75,G9_Mono_Methyl_Succinate,11
15.0,G9_Mono_Methyl_Succinate,11
15.25,G9_Mono_Methyl_Succinate,11
15.5,G9_Mono_Methyl_Succinate,11
15.75,G9_Mono_Methyl_Succinate,11
16.0,G9_Mono_Methyl_Succinate,11
16.25,G9_Mono_Methyl_Succinate,11
16.5,G9_Mono_Methyl_Succinate,11
16.75,G9_Mono_Methyl_Succinate,11
17.0,G9_Mono_Methyl_Succinate,11
17.25,G9_Mono_Methyl_Succinate,11
17.5,G9_Mono_Methyl_Succinate,13
17.75,G9_Mono_Methyl_Succinate,11
18.0,G9_Mono_Methyl_Succinate,11
18.25,G9_Mono_Methyl_Succinate,11
18.5,G9_Mono_Methyl_Succinate,11
18.75,G9_Mono_Methyl_Succinate,11
19.0,G9_Mono_Methyl_Succinate,11
19.25,G9_Mono_Methyl_Succinate,11
19.5,G9_Mono_Methyl_Succinate,11
19.75,G9_Mono_Methyl_Succinate,11
20.0,G9_Mono_Methyl_Succinate,11
20.25,G9_Mono_Methyl_Succinate,11
20.5,G9_Mono_Methyl_Succinate,11
20.75,G9_Mono_Methyl_Succinate,11
21.0,G9_Mono_Methyl_Succinate,11
21.25,G9_Mono_Methyl_Succinate,11
21.5,G9_Mono_Methyl_Succinate,17
21.75,G9_Mono_Methyl_Succinate,11
22.0,G9_Mono_Methyl_Succinate,11
22.25,G9_Mono_Methyl_Succinate,11
22.5,G9_Mono_Methyl_Succinate,13
22.75,G9_Mono_Methyl_Succinate,12
23.0,G9_Mono_Methyl_Succinate,11
23.25,G9_Mono_Methyl_Succinate,12
23.5,G9_Mono_Methyl_Succinate,14
23.75,G9_Mono_Methyl_Succinate,11
24.0,G9_Mono_Methyl_Succinate,11
24.25,G9_Mono_Methyl_Succinate,13
24.5,G9_Mono_Methyl_Succinate,11
24.75,G9_Mono_Methyl_Succinate,13
25.0,G9_Mono_Methyl_Succinate,14
25.25,G9_Mono_Methyl_Succinate,11
25.5,G9_Mono_Methyl_Succinate,12
25.75,G9_Mono_Methyl_Succinate,16
26.0,G9_Mono_Methyl_Succinate,11
26.25,G9_Mono_Methyl_Succinate,14
26.5,G9_Mono_Methyl_Succinate,14
26.75,G9_Mono_Methyl_Succinate,13
27.0,G9_Mono_Methyl_Succinate,16
27.25,G9_Mono_Methyl_Succinate,13
27.5,G9_Mono_Methyl_Succinate,11
27.75,G9_Mono_Methyl_Succinate,12
28.0,G9_Mono_Methyl_Succinate,13
28.25,G9_Mono_Methyl_Succinate,13
28.5,G9_Mono_Methyl_Succinate,17
28.75,G9_Mono_Methyl_Succinate,13
29.0,G9_Mono_Methyl_Succinate,11
29.25,G9_Mono_Methyl_Succinate,11
29.5,G9_Mono_Methyl_Succinate,14
29.75,G9_Mono_Methyl_Succinate,11
30.0,G9_Mono_Methyl_Succinate,13
30.25,G9_Mono_Methyl_Succinate,12
30.5,G9_Mono_Methyl_Succinate,15
30.75,G9_Mono_Methyl_Succinate,12
31.0,G9_Mono_Methyl_Succinate,11
31.25,G9_Mono_Methyl_Succinate,11
31.5,G9_Mono_Methyl_Succinate,12
31.75,G9_Mono_Methyl_Succinate,13
32.0,G9_Mono_Methyl_Succinate,15
32.25,G9_Mono_Methyl_Succinate,16
32.5,G9_Mono_Methyl_Succinate,17
32.75,G9_Mono_Methyl_Succinate,11
33.0,G9_Mono_Methyl_Succinate,11
33.25,G9_Mono_Methyl_Succinate,11
33.5,G9_Mono_Methyl_Succinate,11
33.75,G9_Mono_Methyl_Succinate,16
34.0,G9_Mono_Methyl_Succinate,11
34.25,G9_Mono_Methyl_Succinate,17
34.5,G9_Mono_Methyl_Succinate,14
34.75,G9_Mono_Methyl_Succinate,14
35.0,G9_Mono_Methyl_Succinate,13
35.25,G9_Mono_Methyl_Succinate,15
35.5,G9_Mono_Methyl_Succinate,14
35.75,G9_Mono_Methyl_Succinate,16
36.0,G9_Mono_Methyl_Succinate,12
36.25,G9_Mono_Methyl_Succinate,14
36.5,G9_Mono_Methyl_Succinate,11
36.75,G9_Mono_Methyl_Succinate,15
37.0,G9_Mono_Methyl_Succinate,12
37.25,G9_Mono_Methyl_Succinate,11
37.5,G9_Mono_Methyl_Succinate,15
37.75,G9_Mono_Methyl_Succinate,16
38.0,G9_Mono_Methyl_Succinate,16
38.25,G9_Mono_Methyl_Succinate,12
38.5,G9_Mono_Methyl_Succinate,11
38.75,G9_Mono_Methyl_Succinate,16
39.0,G9_Mono_Methyl_Succinate,16
39.25,G9_Mono_Methyl_Succinate,15
39.5,G9_Mono_Methyl_Succinate,18
39.75,G9_Mono_Methyl_Succinate,15
40.0,G9_Mono_Methyl_Succinate,15
40.25,G9_Mono_Methyl_Succinate,19
40.5,G9_Mono_Methyl_Succinate,12
40.75,G9_Mono_Methyl_Succinate,17
41.0,G9_Mono_Methyl_Succinate,15
41.25,G9_Mono_Methyl_Succinate,19
41.5,G9_Mono_Methyl_Succinate,15
41.75,G9_Mono_Methyl_Succinate,14
42.0,G9_Mono_Methyl_Succinate,13
42.25,G9_Mono_Methyl_Succinate,15
42.5,G9_Mono_Methyl_Succinate,15
42.75,G9_Mono_Methyl_Succinate,16
43.0,G9_Mono_Methyl_Succinate,12
43.25,G9_Mono_Methyl_Succinate,13
43.5,G9_Mono_Methyl_Succinate,17
43.75,G9_Mono_Methyl_Succinate,13
44.0,G9_Mono_Methyl_Succinate,15
44.25,G9_Mono_Methyl_Succinate,12
44.5,G9_Mono_Methyl_Succinate,13
44.75,G9_Mono_Methyl_Succinate,13
45.0,G9_Mono_Methyl_Succinate,12
45.25,G9_Mono_Methyl_Succinate,17
45.5,G9_Mono_Methyl_Succinate,15
45.75,G9_Mono_Methyl_Succinate,15
46.0,G9_Mono_Methyl_Succinate,13
46.25,G9_Mono_Methyl_Succinate,18
46.5,G9_Mono_Methyl_Succinate,16
46.75,G9_Mono_Methyl_Succinate,16
47.0,G9_Mono_Methyl_Succinate,21
47.25,G9_Mono_Methyl_Succinate,17
47.5,G9_Mono_Methyl_Succinate,17
47.75,G9_Mono_Methyl_Succinate,18
48.0,G9_Mono_Methyl_Succinate,14
48.25,G9_Mono_Methyl_Succinate,20
0.0,G10_Methyl_Pyruvate,11
0.25,G10_Methyl_Pyruvate,11
0.5,G10_Methyl_Pyruvate,11
0.75,G10_Methyl_Pyruvate,11
1.0,G10_Methyl_Pyruvate,11
1.25,G10_Methyl_Pyruvate,11
1.5,G10_Methyl_Pyruvate,11
1.75,G10_Methyl_Pyruvate,11
2.0,G10_Methyl_Pyruvate,11
2.25,G10_Methyl_Pyruvate,11
2.5,G10_Methyl_Pyruvate,11
2.75,G10_Methyl_Pyruvate,11
3.0,G10_Methyl_Pyruvate,11
3.25,G10_Methyl_Pyruvate,11
3.5,G10_Methyl_Pyruvate,11
3.75,G10_Methyl_Pyruvate,11
4.0,G10_Methyl_Pyruvate,11
4.25,G10_Methyl_Pyruvate,11
4.5,G10_Methyl_Pyruvate,11
4.75,G10_Methyl_Pyruvate,11
5.0,G10_Methyl_Pyruvate,11
5.25,G10_Methyl_Pyruvate,11
5.5,G10_Methyl_Pyruvate,11
5.75,G10_Methyl_Pyruvate,11
6.0,G10_Methyl_Pyruvate,11
6.25,G10_Methyl_Pyruvate,11
6.5,G10_Methyl_Pyruvate,11
6.75,G10_Methyl_Pyruvate,11
7.0,G10_Methyl_Pyruvate,11
7.25,G10_Methyl_Pyruvate,11
7.5,G10_Methyl_Pyruvate,11
7.75,G10_Methyl_Pyruvate,11
8.0,G10_Methyl_Pyruvate,11
8.25,G10_Methyl_Pyruvate,11
8.5,G10_Methyl_Pyruvate,11
8.75,G10_Methyl_Pyruvate,11
9.0,G10_Methyl_Pyruvate,11
9.25,G10_Methyl_Pyruvate,11
9.5,G10_Methyl_Pyruvate,11
9.75,G10_Methyl_Pyruvate,11
10.0,G10_Methyl_Pyruvate,11
10.25,G10_Methyl_Pyruvate,11
10.5,G10_Methyl_Pyruvate,11
10.75,G10_Methyl_Pyruvate,11
11.0,G10_Methyl_Pyruvate,11
11.25,G10_Methyl_Pyruvate,11
11.5,G10_Methyl_Pyruvate,11
11.75,G10_Methyl_Pyruvate,11
12.0,G10_Methyl_Pyruvate,11
12.25,G10_Methyl_Pyruvate,11
12.5,G10_Methyl_Pyruvate,11
12.75,G10_Methyl_Pyruvate,11
13.0,G10_Methyl_Pyruvate,11
13.25,G10_Methyl_Pyruvate,11
13.5,G10_Methyl_Pyruvate,11
13.75,G10_Methyl_Pyruvate,11
14.0,G10_Methyl_Pyruvate,14
14.25,G10_Methyl_Pyruvate,11
14.5,G10_Methyl_Pyruvate,11
14.75,G10_Methyl_Pyruvate,11
15.0,G10_Methyl_Pyruvate,11
15.25,G10_Methyl_Pyruvate,11
15.5,G10_Methyl_Pyruvate,11
15.75,G10_Methyl_Pyruvate,11
16.0,G10_Methyl_Pyruvate,11
16.25,G10_Methyl_Pyruvate,11
16.5,G10_Methyl_Pyruvate,11
16.75,G10_Methyl_Pyruvate,11
17.0,G10_Methyl_Pyruvate,11
17.25,G10_Methyl_Pyruvate,11
17.5,G10_Methyl_Pyruvate,11
17.75,G10_Methyl_Pyruvate,11
18.0,G10_Methyl_Pyruvate,11
18.25,G10_Methyl_Pyruvate,11
18.5,G10_Methyl_Pyruvate,11
18.75,G10_Methyl_Pyruvate,11
19.0,G10_Methyl_Pyruvate,11
19.25,G10_Methyl_Pyruvate,11
19.5,G10_Methyl_Pyruvate,11
19.75,G10_Methyl_Pyruvate,11
20.0,G10_Methyl_Pyruvate,11
20.25,G10_Methyl_Pyruvate,15
20.5,G10_Methyl_Pyruvate,11
20.75,G10_Methyl_Pyruvate,11
21.0,G10_Methyl_Pyruvate,11
21.25,G10_Methyl_Pyruvate,11
21.5,G10_Methyl_Pyruvate,14
21.75,G10_Methyl_Pyruvate,11
22.0,G10_Methyl_Pyruvate,11
22.25,G10_Methyl_Pyruvate,11
22.5,G10_Methyl_Pyruvate,11
22.75,G10_Methyl_Pyruvate,11
23.0,G10_Methyl_Pyruvate,11
23.25,G10_Methyl_Pyruvate,11
23.5,G10_Methyl_Pyruvate,12
23.75,G10_Methyl_Pyruvate,11
24.0,G10_Methyl_Pyruvate,11
24.25,G10_Methyl_Pyruvate,11
24.5,G10_Methyl_Pyruvate,11
24.75,G10_Methyl_Pyruvate,11
25.0,G10_Methyl_Pyruvate,11
25.25,G10_Methyl_Pyruvate,16
25.5,G10_Methyl_Pyruvate,12
25.75,G10_Methyl_Pyruvate,13
26.0,G10_Methyl_Pyruvate,11
26.25,G10_Methyl_Pyruvate,15
26.5,G10_Methyl_Pyruvate,11
26.75,G10_Methyl_Pyruvate,11
27.0,G10_Methyl_Pyruvate,13
27.25,G10_Methyl_Pyruvate,11
27.5,G10_Methyl_Pyruvate,11
27.75,G10_Methyl_Pyruvate,13
28.0,G10_Methyl_Pyruvate,17
28.25,G10_Methyl_Pyruvate,13
28.5,G10_Methyl_Pyruvate,14
28.75,G10_Methyl_Pyruvate,14
29.0,G10_Methyl_Pyruvate,11
29.25,G10_Methyl_Pyruvate,11
29.5,G10_Methyl_Pyruvate,11
29.75,G10_Methyl_Pyruvate,11
30.0,G10_Methyl_Pyruvate,11
30.25,G10_Methyl_Pyruvate,13
30.5,G10_Methyl_Pyruvate,13
30.75,G10_Methyl_Pyruvate,14
31.0,G10_Methyl_Pyruvate,12
31.25,G10_Methyl_Pyruvate,14
31.5,G10_Methyl_Pyruvate,16
31.75,G10_Methyl_Pyruvate,14
32.0,G10_Methyl_Pyruvate,11
32.25,G10_Methyl_Pyruvate,14
32.5,G10_Methyl_Pyruvate,16
32.75,G10_Methyl_Pyruvate,13
33.0,G10_Methyl_Pyruvate,15
33.25,G10_Methyl_Pyruvate,13
33.5,G10_Methyl_Pyruvate,14
33.75,G10_Methyl_Pyruvate,16
34.0,G10_Methyl_Pyruvate,11
34.25,G10_Methyl_Pyruvate,14
34.5,G10_Methyl_Pyruvate,11
34.75,G10_Methyl_Pyruvate,15
35.0,G10_Methyl_Pyruvate,15
35.25,G10_Methyl_Pyruvate,12
35.5,G10_Methyl_Pyruvate,12
35.75,G10_Methyl_Pyruvate,14
36.0,G10_Methyl_Pyruvate,17
36.25,G10_Methyl_Pyruvate,12
36.5,G10_Methyl_Pyruvate,13
36.75,G10_Methyl_Pyruvate,17
37.0,G10_Methyl_Pyruvate,17
37.25,G10_Methyl_Pyruvate,16
37.5,G10_Methyl_Pyruvate,14
37.75,G10_Methyl_Pyruvate,13
38.0,G10_Methyl_Pyruvate,17
38.25,G10_Methyl_Pyruvate,23
38.5,G10_Methyl_Pyruvate,18
38.75,G10_Methyl_Pyruvate,15
39.0,G10_Methyl_Pyruvate,15
39.25,G10_Methyl_Pyruvate,13
39.5,G10_Methyl_Pyruvate,12
39.75,G10_Methyl_Pyruvate,18
40.0,G10_Methyl_Pyruvate,16
40.25,G10_Methyl_Pyruvate,15
40.5,G10_Methyl_Pyruvate,14
40.75,G10_Methyl_Pyruvate,19
41.0,G10_Methyl_Pyruvate,15
41.25,G10_Methyl_Pyruvate,16
41.5,G10_Methyl_Pyruvate,16
41.75,G10_Methyl_Pyruvate,14
42.0,G10_Methyl_Pyruvate,13
42.25,G10_Methyl_Pyruvate,17
42.5,G10_Methyl_Pyruvate,14
42.75,G10_Methyl_Pyruvate,14
43.0,G10_Methyl_Pyruvate,17
43.25,G10_Methyl_Pyruvate,13
43.5,G10_Methyl_Pyruvate,14
43.75,G10_Methyl_Pyruvate,13
44.0,G10_Methyl_Pyruvate,13
44.25,G10_Methyl_Pyruvate,16
44.5,G10_Methyl_Pyruvate,14
44.75,G10_Methyl_Pyruvate,16
45.0,G10_Methyl_Pyruvate,15
45.25,G10_Methyl_Pyruvate,13
45.5,G10_Methyl_Pyruvate,12
45.75,G10_Methyl_Pyruvate,17
46.0,G10_Methyl_Pyruvate,13
46.25,G10_Methyl_Pyruvate,19
46.5,G10_Methyl_Pyruvate,15
46.75,G10_Methyl_Pyruvate,21
47.0,G10_Methyl_Pyruvate,18
47.25,G10_Methyl_Pyruvate,14
47.5,G10_Methyl_Pyruvate,16
47.75,G10_Methyl_Pyruvate,15
48.0,G10_Methyl_Pyruvate,14
48.25,G10_Methyl_Pyruvate,20
0.0,G11_D-Malic_Acid,11
0.25,G11_D-Malic_Acid,12
0.5,G11_D-Malic_Acid,11
0.75,G11_D-Malic_Acid,13
1.0,G11_D-Malic_Acid,11
1.25,G11_D-Malic_Acid,11
1.5,G11_D-Malic_Acid,11
1.75,G11_D-Malic_Acid,11
2.0,G11_D-Malic_Acid,11
2.25,G11_D-Malic_Acid,11
2.5,G11_D-Malic_Acid,11
2.75,G11_D-Malic_Acid,11
3.0,G11_D-Malic_Acid,11
3.25,G11_D-Malic_Acid,11
3.5,G11_D-Malic_Acid,11
3.75,G11_D-Malic_Acid,11
4.0,G11_D-Malic_Acid,11
4.25,G11_D-Malic_Acid,13
4.5,G11_D-Malic_Acid,11
4.75,G11_D-Malic_Acid,11
5.0,G11_D-Malic_Acid,11
5.25,G11_D-Malic_Acid,12
5.5,G11_D-Malic_Acid,11
5.75,G11_D-Malic_Acid,11
6.0,G11_D-Malic_Acid,11
6.25,G11_D-Malic_Acid,11
6.5,G11_D-Malic_Acid,11
6.75,G11_D-Malic_Acid,11
7.0,G11_D-Malic_Acid,11
7.25,G11_D-Malic_Acid,11
7.5,G11_D-Malic_Acid,11
7.75,G11_D-Malic_Acid,11
8.0,G11_D-Malic_Acid,12
8.25,G11_D-Malic_Acid,12
8.5,G11_D-Malic_Acid,11
8.75,G11_D-Malic_Acid,12
9.0,G11_D-Malic_Acid,11
9.25,G11_D-Malic_Acid,14
9.5,G11_D-Malic_Acid,14
9.75,G11_D-Malic_Acid,11
10.0,G11_D-Malic_Acid,11
10.25,G11_D-Malic_Acid,14
10.5,G11_D-Malic_Acid,14
10.75,G11_D-Malic_Acid,11
11.0,G11_D-Malic_Acid,11
11.25,G11_D-Malic_Acid,11
11.5,G11_D-Malic_Acid,11
11.75,G11_D-Malic_Acid,11
12.0,G11_D-Malic_Acid,11
12.25,G11_D-Malic_Acid,12
12.5,G11_D-Malic_Acid,11
12.75,G11_D-Malic_Acid,14
13.0,G11_D-Malic_Acid,11
13.25,G11_D-Malic_Acid,11
13.5,G11_D-Malic_Acid,16
13.75,G11_D-Malic_Acid,17
14.0,G11_D-Malic_Acid,14
14.25,G11_D-Malic_Acid,12
14.5,G11_D-Malic_Acid,15
14.75,G11_D-Malic_Acid,13
15.0,G11_D-Malic_Acid,11
15.25,G11_D-Malic_Acid,12
15.5,G11_D-Malic_Acid,13
15.75,G11_D-Malic_Acid,12
16.0,G11_D-Malic_Acid,12
16.25,G11_D-Malic_Acid,14
16.5,G11_D-Malic_Acid,12
16.75,G11_D-Malic_Acid,11
17.0,G11_D-Malic_Acid,14
17.25,G11_D-Malic_Acid,13
17.5,G11_D-Malic_Acid,13
17.75,G11_D-Malic_Acid,14
18.0,G11_D-Malic_Acid,12
18.25,G11_D-Malic_Acid,17
18.5,G11_D-Malic_Acid,16
18.75,G11_D-Malic_Acid,15
19.0,G11_D-Malic_Acid,18
19.25,G11_D-Malic_Acid,18
19.5,G11_D-Malic_Acid,15
19.75,G11_D-Malic_Acid,13
20.0,G11_D-Malic_Acid,18
20.25,G11_D-Malic_Acid,16
20.5,G11_D-Malic_Acid,16
20.75,G11_D-Malic_Acid,15
21.0,G11_D-Malic_Acid,18
21.25,G11_D-Malic_Acid,17
21.5,G11_D-Malic_Acid,18
21.75,G11_D-Malic_Acid,14
22.0,G11_D-Malic_Acid,18
22.25,G11_D-Malic_Acid,15
22.5,G11_D-Malic_Acid,15
22.75,G11_D-Malic_Acid,17
23.0,G11_D-Malic_Acid,14
23.25,G11_D-Malic_Acid,16
23.5,G11_D-Malic_Acid,16
23.75,G11_D-Malic_Acid,15
24.0,G11_D-Malic_Acid,11
24.25,G11_D-Malic_Acid,16
24.5,G11_D-Malic_Acid,18
24.75,G11_D-Malic_Acid,15
25.0,G11_D-Malic_Acid,16
25.25,G11_D-Malic_Acid,15
25.5,G11_D-Malic_Acid,17
25.75,G11_D-Malic_Acid,18
26.0,G11_D-Malic_Acid,16
26.25,G11_D-Malic_Acid,16
26.5,G11_D-Malic_Acid,16
26.75,G11_D-Malic_Acid,14
27.0,G11_D-Malic_Acid,17
27.25,G11_D-Malic_Acid,16
27.5,G11_D-Malic_Acid,14
27.75,G11_D-Malic_Acid,19
28.0,G11_D-Malic_Acid,16
28.25,G11_D-Malic_Acid,17
28.5,G11_D-Malic_Acid,16
28.75,G11_D-Malic_Acid,16
29.0,G11_D-Malic_Acid,18
29.25,G11_D-Malic_Acid,18
29.5,G11_D-Malic_Acid,17
29.75,G11_D-Malic_Acid,20
30.0,G11_D-Malic_Acid,17
30.25,G11_D-Malic_Acid,15
30.5,G11_D-Malic_Acid,15
30.75,G11_D-Malic_Acid,14
31.0,G11_D-Malic_Acid,17
31.25,G11_D-Malic_Acid,18
31.5,G11_D-Malic_Acid,15
31.75,G11_D-Malic_Acid,16
32.0,G11_D-Malic_Acid,15
32.25,G11_D-Malic_Acid,16
32.5,G11_D-Malic_Acid,13
32.75,G11_D-Malic_Acid,20
33.0,G11_D-Malic_Acid,16
33.25,G11_D-Malic_Acid,19
33.5,G11_D-Malic_Acid,17
33.75,G11_D-Malic_Acid,20
34.0,G11_D-Malic_Acid,18
34.25,G11_D-Malic_Acid,16
34.5,G11_D-Malic_Acid,21
34.75,G11_D-Malic_Acid,16
35.0,G11_D-Malic_Acid,18
35.25,G11_D-Malic_Acid,17
35.5,G11_D-Malic_Acid,17
35.75,G11_D-Malic_Acid,18
36.0,G11_D-Malic_Acid,15
36.25,G11_D-Malic_Acid,15
36.5,G11_D-Malic_Acid,16
36.75,G11_D-Malic_Acid,17
37.0,G11_D-Malic_Acid,15
37.25,G11_D-Malic_Acid,15
37.5,G11_D-Malic_Acid,14
37.75,G11_D-Malic_Acid,17
38.0,G11_D-Malic_Acid,16
38.25,G11_D-Malic_Acid,15
38.5,G11_D-Malic_Acid,18
38.75,G11_D-Malic_Acid,18
39.0,G11_D-Malic_Acid,15
39.25,G11_D-Malic_Acid,18
39.5,G11_D-Malic_Acid,15
39.75,G11_D-Malic_Acid,20
40.0,G11_D-Malic_Acid,16
40.25,G11_D-Malic_Acid,17
40.5,G11_D-Malic_Acid,17
40.75,G11_D-Malic_Acid,17
41.0,G11_D-Malic_Acid,17
41.25,G11_D-Malic_Acid,17
41.5,G11_D-Malic_Acid,20
41.75,G11_D-Malic_Acid,11
42.0,G11_D-Malic_Acid,18
42.25,G11_D-Malic_Acid,18
42.5,G11_D-Malic_Acid,18
42.75,G11_D-Malic_Acid,20
43.0,G11_D-Malic_Acid,20
43.25,G11_D-Malic_Acid,12
43.5,G11_D-Malic_Acid,13
43.75,G11_D-Malic_Acid,15
44.0,G11_D-Malic_Acid,14
44.25,G11_D-Malic_Acid,14
44.5,G11_D-Malic_Acid,16
44.75,G11_D-Malic_Acid,14
45.0,G11_D-Malic_Acid,16
45.25,G11_D-Malic_Acid,13
45.5,G11_D-Malic_Acid,19
45.75,G11_D-Malic_Acid,15
46.0,G11_D-Malic_Acid,15
46.25,G11_D-Malic_Acid,18
46.5,G11_D-Malic_Acid,15
46.75,G11_D-Malic_Acid,21
47.0,G11_D-Malic_Acid,19
47.25,G11_D-Malic_Acid,15
47.5,G11_D-Malic_Acid,21
47.75,G11_D-Malic_Acid,19
48.0,G11_D-Malic_Acid,16
48.25,G11_D-Malic_Acid,16
0.0,G12_L-Malic_Acid,11
0.25,G12_L-Malic_Acid,11
0.5,G12_L-Malic_Acid,12
0.75,G12_L-Malic_Acid,12
1.0,G12_L-Malic_Acid,11
1.25,G12_L-Malic_Acid,13
1.5,G12_L-Malic_Acid,15
1.75,G12_L-Malic_Acid,11
2.0,G12_L-Malic_Acid,14
2.25,G12_L-Malic_Acid,14
2.5,G12_L-Malic_Acid,11
2.75,G12_L-Malic_Acid,12
3.0,G12_L-Malic_Acid,11
3.25,G12_L-Malic_Acid,11
3.5,G12_L-Malic_Acid,14
3.75,G12_L-Malic_Acid,11
4.0,G12_L-Malic_Acid,11
4.25,G12_L-Malic_Acid,12
4.5,G12_L-Malic_Acid,13
4.75,G12_L-Malic_Acid,14
5.0,G12_L-Malic_Acid,12
5.25,G12_L-Malic_Acid,13
5.5,G12_L-Malic_Acid,15
5.75,G12_L-Malic_Acid,11
6.0,G12_L-Malic_Acid,15
6.25,G12_L-Malic_Acid,11
6.5,G12_L-Malic_Acid,14
6.75,G12_L-Malic_Acid,15
7.0,G12_L-Malic_Acid,11
7.25,G12_L-Malic_Acid,14
7.5,G12_L-Malic_Acid,12
7.75,G12_L-Malic_Acid,11
8.0,G12_L-Malic_Acid,13
8.25,G12_L-Malic_Acid,15
8.5,G12_L-Malic_Acid,12
8.75,G12_L-Malic_Acid,13
9.0,G12_L-Malic_Acid,11
9.25,G12_L-Malic_Acid,15
9.5,G12_L-Malic_Acid,11
9.75,G12_L-Malic_Acid,14
10.0,G12_L-Malic_Acid,11
10.25,G12_L-Malic_Acid,12
10.5,G12_L-Malic_Acid,14
10.75,G12_L-Malic_Acid,17
11.0,G12_L-Malic_Acid,17
11.25,G12_L-Malic_Acid,15
11.5,G12_L-Malic_Acid,14
11.75,G12_L-Malic_Acid,12
12.0,G12_L-Malic_Acid,17
12.25,G12_L-Malic_Acid,12
12.5,G12_L-Malic_Acid,16
12.75,G12_L-Malic_Acid,13
13.0,G12_L-Malic_Acid,12
13.25,G12_L-Malic_Acid,13
13.5,G12_L-Malic_Acid,16
13.75,G12_L-Malic_Acid,14
14.0,G12_L-Malic_Acid,16
14.25,G12_L-Malic_Acid,16
14.5,G12_L-Malic_Acid,17
14.75,G12_L-Malic_Acid,17
15.0,G12_L-Malic_Acid,15
15.25,G12_L-Malic_Acid,17
15.5,G12_L-Malic_Acid,14
15.75,G12_L-Malic_Acid,16
16.0,G12_L-Malic_Acid,16
16.25,G12_L-Malic_Acid,14
16.5,G12_L-Malic_Acid,13
16.75,G12_L-Malic_Acid,14
17.0,G12_L-Malic_Acid,17
17.25,G12_L-Malic_Acid,16
17.5,G12_L-Malic_Acid,16
17.75,G12_L-Malic_Acid,18
18.0,G12_L-Malic_Acid,20
18.25,G12_L-Malic_Acid,16
18.5,G12_L-Malic_Acid,17
18.75,G12_L-Malic_Acid,21
19.0,G12_L-Malic_Acid,18
19.25,G12_L-Malic_Acid,21
19.5,G12_L-Malic_Acid,16
19.75,G12_L-Malic_Acid,15
20.0,G12_L-Malic_Acid,22
20.25,G12_L-Malic_Acid,18
20.5,G12_L-Malic_Acid,18
20.75,G12_L-Malic_Acid,19
21.0,G12_L-Malic_Acid,17
21.25,G12_L-Malic_Acid,20
21.5,G12_L-Malic_Acid,22
21.75,G12_L-Malic_Acid,17
22.0,G12_L-Malic_Acid,20
22.25,G12_L-Malic_Acid,18
22.5,G12_L-Malic_Acid,19
22.75,G12_L-Malic_Acid,22
23.0,G12_L-Malic_Acid,21
23.25,G12_L-Malic_Acid,19
23.5,G12_L-Malic_Acid,23
23.75,G12_L-Malic_Acid,23
24.0,G12_L-Malic_Acid,20
24.25,G12_L-Malic_Acid,18
24.5,G12_L-Malic_Acid,21
24.75,G12_L-Malic_Acid,20
25.0,G12_L-Malic_Acid,21
25.25,G12_L-Malic_Acid,23
25.5,G12_L-Malic_Acid,18
25.75,G12_L-Malic_Acid,23
26.0,G12_L-Malic_Acid,21
26.25,G12_L-Malic_Acid,20
26.5,G12_L-Malic_Acid,20
26.75,G12_L-Malic_Acid,16
27.0,G12_L-Malic_Acid,21
27.25,G12_L-Malic_Acid,22
27.5,G12_L-Malic_Acid,21
27.75,G12_L-Malic_Acid,22
28.0,G12_L-Malic_Acid,19
28.25,G12_L-Malic_Acid,21
28.5,G12_L-Malic_Acid,22
28.75,G12_L-Malic_Acid,23
29.0,G12_L-Malic_Acid,23
29.25,G12_L-Malic_Acid,20
29.5,G12_L-Malic_Acid,23
29.75,G12_L-Malic_Acid,23
30.0,G12_L-Malic_Acid,21
30.25,G12_L-Malic_Acid,21
30.5,G12_L-Malic_Acid,26
30.75,G12_L-Malic_Acid,26
31.0,G12_L-Malic_Acid,22
31.25,G12_L-Malic_Acid,20
31.5,G12_L-Malic_Acid,25
31.75,G12_L-Malic_Acid,21
32.0,G12_L-Malic_Acid,25
32.25,G12_L-Malic_Acid,23
32.5,G12_L-Malic_Acid,26
32.75,G12_L-Malic_Acid,20
33.0,G12_L-Malic_Acid,26
33.25,G12_L-Malic_Acid,21
33.5,G12_L-Malic_Acid,26
33.75,G12_L-Malic_Acid,24
34.0,G12_L-Malic_Acid,20
34.25,G12_L-Malic_Acid,26
34.5,G12_L-Malic_Acid,24
34.75,G12_L-Malic_Acid,27
35.0,G12_L-Malic_Acid,25
35.25,G12_L-Malic_Acid,25
35.5,G12_L-Malic_Acid,26
35.75,G12_L-Malic_Acid,25
36.0,G12_L-Malic_Acid,20
36.25,G12_L-Malic_Acid,24
36.5,G12_L-Malic_Acid,26
36.75,G12_L-Malic_Acid,24
37.0,G12_L-Malic_Acid,27
37.25,G12_L-Malic_Acid,22
37.5,G12_L-Malic_Acid,23
37.75,G12_L-Malic_Acid,30
38.0,G12_L-Malic_Acid,24
38.25,G12_L-Malic_Acid,25
38.5,G12_L-Malic_Acid,28
38.75,G12_L-Malic_Acid,27
39.0,G12_L-Malic_Acid,26
39.25,G12_L-Malic_Acid,27
39.5,G12_L-Malic_Acid,25
39.75,G12_L-Malic_Acid,26
40.0,G12_L-Malic_Acid,22
40.25,G12_L-Malic_Acid,28
40.5,G12_L-Malic_Acid,24
40.75,G12_L-Malic_Acid,27
41.0,G12_L-Malic_Acid,28
41.25,G12_L-Malic_Acid,26
41.5,G12_L-Malic_Acid,32
41.75,G12_L-Malic_Acid,28
42.0,G12_L-Malic_Acid,32
42.25,G12_L-Malic_Acid,30
42.5,G12_L-Malic_Acid,30
42.75,G12_L-Malic_Acid,30
43.0,G12_L-Malic_Acid,26
43.25,G12_L-Malic_Acid,30
43.5,G12_L-Malic_Acid,28
43.75,G12_L-Malic_Acid,28
44.0,G12_L-Malic_Acid,33
44.25,G12_L-Malic_Acid,29
44.5,G12_L-Malic_Acid,27
44.75,G12_L-Malic_Acid,30
45.0,G12_L-Malic_Acid,30
45.25,G12_L-Malic_Acid,34
45.5,G12_L-Malic_Acid,30
45.75,G12_L-Malic_Acid,31
46.0,G12_L-Malic_Acid,31
46.25,G12_L-Malic_Acid,35
46.5,G12_L-Malic_Acid,34
46.75,G12_L-Malic_Acid,36
47.0,G12_L-Malic_Acid,29
47.25,G12_L-Malic_Acid,32
47.5,G12_L-Malic_Acid,32
47.75,G12_L-Malic_Acid,37
48.0,G12_L-Malic_Acid,33
48.25,G12_L-Malic_Acid,33
0.0,H1_Glycyl-L-Proline,16
0.25,H1_Glycyl-L-Proline,13
0.5,H1_Glycyl-L-Proline,17
0.75,H1_Glycyl-L-Proline,16
1.0,H1_Glycyl-L-Proline,17
1.25,H1_Glycyl-L-Proline,19
1.5,H1_Glycyl-L-Proline,16
1.75,H1_Glycyl-L-Proline,13
2.0,H1_Glycyl-L-Proline,15
2.25,H1_Glycyl-L-Proline,12
2.5,H1_Glycyl-L-Proline,14
2.75,H1_Glycyl-L-Proline,15
3.0,H1_Glycyl-L-Proline,18
3.25,H1_Glycyl-L-Proline,17
3.5,H1_Glycyl-L-Proline,15
3.75,H1_Glycyl-L-Proline,15
4.0,H1_Glycyl-L-Proline,12
4.25,H1_Glycyl-L-Proline,17
4.5,H1_Glycyl-L-Proline,17
4.75,H1_Glycyl-L-Proline,14
5.0,H1_Glycyl-L-Proline,15
5.25,H1_Glycyl-L-Proline,17
5.5,H1_Glycyl-L-Proline,14
5.75,H1_Glycyl-L-Proline,17
6.0,H1_Glycyl-L-Proline,15
6.25,H1_Glycyl-L-Proline,14
6.5,H1_Glycyl-L-Proline,13
6.75,H1_Glycyl-L-Proline,13
7.0,H1_Glycyl-L-Proline,13
7.25,H1_Glycyl-L-Proline,14
7.5,H1_Glycyl-L-Proline,16
7.75,H1_Glycyl-L-Proline,12
8.0,H1_Glycyl-L-Proline,19
8.25,H1_Glycyl-L-Proline,18
8.5,H1_Glycyl-L-Proline,12
8.75,H1_Glycyl-L-Proline,19
9.0,H1_Glycyl-L-Proline,15
9.25,H1_Glycyl-L-Proline,18
9.5,H1_Glycyl-L-Proline,15
9.75,H1_Glycyl-L-Proline,15
10.0,H1_Glycyl-L-Proline,17
10.25,H1_Glycyl-L-Proline,14
10.5,H1_Glycyl-L-Proline,15
10.75,H1_Glycyl-L-Proline,16
11.0,H1_Glycyl-L-Proline,15
11.25,H1_Glycyl-L-Proline,18
11.5,H1_Glycyl-L-Proline,19
11.75,H1_Glycyl-L-Proline,15
12.0,H1_Glycyl-L-Proline,20
12.25,H1_Glycyl-L-Proline,13
12.5,H1_Glycyl-L-Proline,18
12.75,H1_Glycyl-L-Proline,15
13.0,H1_Glycyl-L-Proline,17
13.25,H1_Glycyl-L-Proline,17
13.5,H1_Glycyl-L-Proline,21
13.75,H1_Glycyl-L-Proline,20
14.0,H1_Glycyl-L-Proline,18
14.25,H1_Glycyl-L-Proline,24
14.5,H1_Glycyl-L-Proline,19
14.75,H1_Glycyl-L-Proline,23
15.0,H1_Glycyl-L-Proline,25
15.25,H1_Glycyl-L-Proline,17
15.5,H1_Glycyl-L-Proline,20
15.75,H1_Glycyl-L-Proline,21
16.0,H1_Glycyl-L-Proline,23
16.25,H1_Glycyl-L-Proline,24
16.5,H1_Glycyl-L-Proline,22
16.75,H1_Glycyl-L-Proline,22
17.0,H1_Glycyl-L-Proline,26
17.25,H1_Glycyl-L-Proline,23
17.5,H1_Glycyl-L-Proline,26
17.75,H1_Glycyl-L-Proline,24
18.0,H1_Glycyl-L-Proline,24
18.25,H1_Glycyl-L-Proline,27
18.5,H1_Glycyl-L-Proline,27
18.75,H1_Glycyl-L-Proline,26
19.0,H1_Glycyl-L-Proline,27
19.25,H1_Glycyl-L-Proline,31
19.5,H1_Glycyl-L-Proline,26
19.75,H1_Glycyl-L-Proline,30
20.0,H1_Glycyl-L-Proline,31
20.25,H1_Glycyl-L-Proline,34
20.5,H1_Glycyl-L-Proline,30
20.75,H1_Glycyl-L-Proline,26
21.0,H1_Glycyl-L-Proline,28
21.25,H1_Glycyl-L-Proline,29
21.5,H1_Glycyl-L-Proline,30
21.75,H1_Glycyl-L-Proline,30
22.0,H1_Glycyl-L-Proline,33
22.25,H1_Glycyl-L-Proline,32
22.5,H1_Glycyl-L-Proline,38
22.75,H1_Glycyl-L-Proline,31
23.0,H1_Glycyl-L-Proline,33
23.25,H1_Glycyl-L-Proline,34
23.5,H1_Glycyl-L-Proline,32
23.75,H1_Glycyl-L-Proline,32
24.0,H1_Glycyl-L-Proline,35
24.25,H1_Glycyl-L-Proline,34
24.5,H1_Glycyl-L-Proline,34
24.75,H1_Glycyl-L-Proline,37
25.0,H1_Glycyl-L-Proline,36
25.25,H1_Glycyl-L-Proline,33
25.5,H1_Glycyl-L-Proline,33
25.75,H1_Glycyl-L-Proline,35
26.0,H1_Glycyl-L-Proline,31
26.25,H1_Glycyl-L-Proline,38
26.5,H1_Glycyl-L-Proline,35
26.75,H1_Glycyl-L-Proline,43
27.0,H1_Glycyl-L-Proline,38
27.25,H1_Glycyl-L-Proline,37
27.5,H1_Glycyl-L-Proline,34
27.75,H1_Glycyl-L-Proline,39
28.0,H1_Glycyl-L-Proline,39
28.25,H1_Glycyl-L-Proline,37
28.5,H1_Glycyl-L-Proline,39
28.75,H1_Glycyl-L-Proline,43
29.0,H1_Glycyl-L-Proline,39
29.25,H1_Glycyl-L-Proline,43
29.5,H1_Glycyl-L-Proline,42
29.75,H1_Glycyl-L-Proline,44
30.0,H1_Glycyl-L-Proline,44
30.25,H1_Glycyl-L-Proline,41
30.5,H1_Glycyl-L-Proline,45
30.75,H1_Glycyl-L-Proline,42
31.0,H1_Glycyl-L-Proline,43
31.25,H1_Glycyl-L-Proline,44
31.5,H1_Glycyl-L-Proline,47
31.75,H1_Glycyl-L-Proline,44
32.0,H1_Glycyl-L-Proline,41
32.25,H1_Glycyl-L-Proline,50
32.5,H1_Glycyl-L-Proline,49
32.75,H1_Glycyl-L-Proline,46
33.0,H1_Glycyl-L-Proline,40
33.25,H1_Glycyl-L-Proline,45
33.5,H1_Glycyl-L-Proline,45
33.75,H1_Glycyl-L-Proline,50
34.0,H1_Glycyl-L-Proline,46
34.25,H1_Glycyl-L-Proline,49
34.5,H1_Glycyl-L-Proline,50
34.75,H1_Glycyl-L-Proline,51
35.0,H1_Glycyl-L-Proline,51
35.25,H1_Glycyl-L-Proline,52
35.5,H1_Glycyl-L-Proline,49
35.75,H1_Glycyl-L-Proline,49
36.0,H1_Glycyl-L-Proline,55
36.25,H1_Glycyl-L-Proline,51
36.5,H1_Glycyl-L-Proline,58
36.75,H1_Glycyl-L-Proline,56
37.0,H1_Glycyl-L-Proline,52
37.25,H1_Glycyl-L-Proline,57
37.5,H1_Glycyl-L-Proline,56
37.75,H1_Glycyl-L-Proline,57
38.0,H1_Glycyl-L-Proline,51
38.25,H1_Glycyl-L-Proline,57
38.5,H1_Glycyl-L-Proline,58
38.75,H1_Glycyl-L-Proline,56
39.0,H1_Glycyl-L-Proline,61
39.25,H1_Glycyl-L-Proline,60
39.5,H1_Glycyl-L-Proline,55
39.75,H1_Glycyl-L-Proline,53
40.0,H1_Glycyl-L-Proline,56
40.25,H1_Glycyl-L-Proline,59
40.5,H1_Glycyl-L-Proline,58
40.75,H1_Glycyl-L-Proline,61
41.0,H1_Glycyl-L-Proline,64
41.25,H1_Glycyl-L-Proline,58
41.5,H1_Glycyl-L-Proline,59
41.75,H1_Glycyl-L-Proline,60
42.0,H1_Glycyl-L-Proline,63
42.25,H1_Glycyl-L-Proline,63
42.5,H1_Glycyl-L-Proline,65
42.75,H1_Glycyl-L-Proline,62
43.0,H1_Glycyl-L-Proline,61
43.25,H1_Glycyl-L-Proline,59
43.5,H1_Glycyl-L-Proline,52
43.75,H1_Glycyl-L-Proline,56
44.0,H1_Glycyl-L-Proline,57
44.25,H1_Glycyl-L-Proline,68
44.5,H1_Glycyl-L-Proline,69
44.75,H1_Glycyl-L-Proline,61
45.0,H1_Glycyl-L-Proline,64
45.25,H1_Glycyl-L-Proline,62
45.5,H1_Glycyl-L-Proline,63
45.75,H1_Glycyl-L-Proline,65
46.0,H1_Glycyl-L-Proline,65
46.25,H1_Glycyl-L-Proline,67
46.5,H1_Glycyl-L-Proline,70
46.75,H1_Glycyl-L-Proline,72
47.0,H1_Glycyl-L-Proline,72
47.25,H1_Glycyl-L-Proline,68
47.5,H1_Glycyl-L-Proline,70
47.75,H1_Glycyl-L-Proline,66
48.0,H1_Glycyl-L-Proline,65
48.25,H1_Glycyl-L-Proline,70
0.0,H2_p-Hydroxy_Phenyl_AceticAcid,11
0.25,H2_p-Hydroxy_Phenyl_AceticAcid,11
0.5,H2_p-Hydroxy_Phenyl_AceticAcid,11
0.75,H2_p-Hydroxy_Phenyl_AceticAcid,11
1.0,H2_p-Hydroxy_Phenyl_AceticAcid,11
1.25,H2_p-Hydroxy_Phenyl_AceticAcid,11
1.5,H2_p-Hydroxy_Phenyl_AceticAcid,11
1.75,H2_p-Hydroxy_Phenyl_AceticAcid,11
2.0,H2_p-Hydroxy_Phenyl_AceticAcid,11
2.25,H2_p-Hydroxy_Phenyl_AceticAcid,11
2.5,H2_p-Hydroxy_Phenyl_AceticAcid,11
2.75,H2_p-Hydroxy_Phenyl_AceticAcid,11
3.0,H2_p-Hydroxy_Phenyl_AceticAcid,11
3.25,H2_p-Hydroxy_Phenyl_AceticAcid,11
3.5,H2_p-Hydroxy_Phenyl_AceticAcid,11
3.75,H2_p-Hydroxy_Phenyl_AceticAcid,11
4.0,H2_p-Hydroxy_Phenyl_AceticAcid,11
4.25,H2_p-Hydroxy_Phenyl_AceticAcid,11
4.5,H2_p-Hydroxy_Phenyl_AceticAcid,11
4.75,H2_p-Hydroxy_Phenyl_AceticAcid,11
5.0,H2_p-Hydroxy_Phenyl_AceticAcid,12
5.25,H2_p-Hydroxy_Phenyl_AceticAcid,11
5.5,H2_p-Hydroxy_Phenyl_AceticAcid,11
5.75,H2_p-Hydroxy_Phenyl_AceticAcid,11
6.0,H2_p-Hydroxy_Phenyl_AceticAcid,11
6.25,H2_p-Hydroxy_Phenyl_AceticAcid,11
6.5,H2_p-Hydroxy_Phenyl_AceticAcid,11
6.75,H2_p-Hydroxy_Phenyl_AceticAcid,11
7.0,H2_p-Hydroxy_Phenyl_AceticAcid,11
7.25,H2_p-Hydroxy_Phenyl_AceticAcid,11
7.5,H2_p-Hydroxy_Phenyl_AceticAcid,11
7.75,H2_p-Hydroxy_Phenyl_AceticAcid,11
8.0,H2_p-Hydroxy_Phenyl_AceticAcid,11
8.25,H2_p-Hydroxy_Phenyl_AceticAcid,11
8.5,H2_p-Hydroxy_Phenyl_AceticAcid,11
8.75,H2_p-Hydroxy_Phenyl_AceticAcid,11
9.0,H2_p-Hydroxy_Phenyl_AceticAcid,11
9.25,H2_p-Hydroxy_Phenyl_AceticAcid,12
9.5,H2_p-Hydroxy_Phenyl_AceticAcid,11
9.75,H2_p-Hydroxy_Phenyl_AceticAcid,11
10.0,H2_p-Hydroxy_Phenyl_AceticAcid,11
10.25,H2_p-Hydroxy_Phenyl_AceticAcid,11
10.5,H2_p-Hydroxy_Phenyl_AceticAcid,11
10.75,H2_p-Hydroxy_Phenyl_AceticAcid,11
11.0,H2_p-Hydroxy_Phenyl_AceticAcid,11
11.25,H2_p-Hydroxy_Phenyl_AceticAcid,11
11.5,H2_p-Hydroxy_Phenyl_AceticAcid,11
11.75,H2_p-Hydroxy_Phenyl_AceticAcid,11
12.0,H2_p-Hydroxy_Phenyl_AceticAcid,11
12.25,H2_p-Hydroxy_Phenyl_AceticAcid,11
12.5,H2_p-Hydroxy_Phenyl_AceticAcid,11
12.75,H2_p-Hydroxy_Phenyl_AceticAcid,11
13.0,H2_p-Hydroxy_Phenyl_AceticAcid,11
13.25,H2_p-Hydroxy_Phenyl_AceticAcid,11
13.5,H2_p-Hydroxy_Phenyl_AceticAcid,11
13.75,H2_p-Hydroxy_Phenyl_AceticAcid,11
14.0,H2_p-Hydroxy_Phenyl_AceticAcid,11
14.25,H2_p-Hydroxy_Phenyl_AceticAcid,11
14.5,H2_p-Hydroxy_Phenyl_AceticAcid,11
14.75,H2_p-Hydroxy_Phenyl_AceticAcid,11
15.0,H2_p-Hydroxy_Phenyl_AceticAcid,11
15.25,H2_p-Hydroxy_Phenyl_AceticAcid,11
15.5,H2_p-Hydroxy_Phenyl_AceticAcid,11
15.75,H2_p-Hydroxy_Phenyl_AceticAcid,11
16.0,H2_p-Hydroxy_Phenyl_AceticAcid,11
16.25,H2_p-Hydroxy_Phenyl_AceticAcid,11
16.5,H2_p-Hydroxy_Phenyl_AceticAcid,11
16.75,H2_p-Hydroxy_Phenyl_AceticAcid,11
17.0,H2_p-Hydroxy_Phenyl_AceticAcid,11
17.25,H2_p-Hydroxy_Phenyl_AceticAcid,11
17.5,H2_p-Hydroxy_Phenyl_AceticAcid,11
17.75,H2_p-Hydroxy_Phenyl_AceticAcid,11
18.0,H2_p-Hydroxy_Phenyl_AceticAcid,11
18.25,H2_p-Hydroxy_Phenyl_AceticAcid,11
18.5,H2_p-Hydroxy_Phenyl_AceticAcid,11
18.75,H2_p-Hydroxy_Phenyl_AceticAcid,11
19.0,H2_p-Hydroxy_Phenyl_AceticAcid,11
19.25,H2_p-Hydroxy_Phenyl_AceticAcid,11
19.5,H2_p-Hydroxy_Phenyl_AceticAcid,11
19.75,H2_p-Hydroxy_Phenyl_AceticAcid,11
20.0,H2_p-Hydroxy_Phenyl_AceticAcid,11
20.25,H2_p-Hydroxy_Phenyl_AceticAcid,11
20.5,H2_p-Hydroxy_Phenyl_AceticAcid,11
20.75,H2_p-Hydroxy_Phenyl_AceticAcid,11
21.0,H2_p-Hydroxy_Phenyl_AceticAcid,12
21.25,H2_p-Hydroxy_Phenyl_AceticAcid,11
21.5,H2_p-Hydroxy_Phenyl_AceticAcid,11
21.75,H2_p-Hydroxy_Phenyl_AceticAcid,13
22.0,H2_p-Hydroxy_Phenyl_AceticAcid,11
22.25,H2_p-Hydroxy_Phenyl_AceticAcid,11
22.5,H2_p-Hydroxy_Phenyl_AceticAcid,11
22.75,H2_p-Hydroxy_Phenyl_AceticAcid,11
23.0,H2_p-Hydroxy_Phenyl_AceticAcid,11
23.25,H2_p-Hydroxy_Phenyl_AceticAcid,11
23.5,H2_p-Hydroxy_Phenyl_AceticAcid,11
23.75,H2_p-Hydroxy_Phenyl_AceticAcid,11
24.0,H2_p-Hydroxy_Phenyl_AceticAcid,11
24.25,H2_p-Hydroxy_Phenyl_AceticAcid,11
24.5,H2_p-Hydroxy_Phenyl_AceticAcid,11
24.75,H2_p-Hydroxy_Phenyl_AceticAcid,11
25.0,H2_p-Hydroxy_Phenyl_AceticAcid,11
25.25,H2_p-Hydroxy_Phenyl_AceticAcid,12
25.5,H2_p-Hydroxy_Phenyl_AceticAcid,11
25.75,H2_p-Hydroxy_Phenyl_AceticAcid,14
26.0,H2_p-Hydroxy_Phenyl_AceticAcid,11
26.25,H2_p-Hydroxy_Phenyl_AceticAcid,11
26.5,H2_p-Hydroxy_Phenyl_AceticAcid,11
26.75,H2_p-Hydroxy_Phenyl_AceticAcid,11
27.0,H2_p-Hydroxy_Phenyl_AceticAcid,11
27.25,H2_p-Hydroxy_Phenyl_AceticAcid,11
27.5,H2_p-Hydroxy_Phenyl_AceticAcid,11
27.75,H2_p-Hydroxy_Phenyl_AceticAcid,11
28.0,H2_p-Hydroxy_Phenyl_AceticAcid,11
28.25,H2_p-Hydroxy_Phenyl_AceticAcid,11
28.5,H2_p-Hydroxy_Phenyl_AceticAcid,11
28.75,H2_p-Hydroxy_Phenyl_AceticAcid,11
29.0,H2_p-Hydroxy_Phenyl_AceticAcid,11
29.25,H2_p-Hydroxy_Phenyl_AceticAcid,11
29.5,H2_p-Hydroxy_Phenyl_AceticAcid,11
29.75,H2_p-Hydroxy_Phenyl_AceticAcid,11
30.0,H2_p-Hydroxy_Phenyl_AceticAcid,12
30.25,H2_p-Hydroxy_Phenyl_AceticAcid,11
30.5,H2_p-Hydroxy_Phenyl_AceticAcid,11
30.75,H2_p-Hydroxy_Phenyl_AceticAcid,11
31.0,H2_p-Hydroxy_Phenyl_AceticAcid,11
31.25,H2_p-Hydroxy_Phenyl_AceticAcid,13
31.5,H2_p-Hydroxy_Phenyl_AceticAcid,11
31.75,H2_p-Hydroxy_Phenyl_AceticAcid,11
32.0,H2_p-Hydroxy_Phenyl_AceticAcid,11
32.25,H2_p-Hydroxy_Phenyl_AceticAcid,11
32.5,H2_p-Hydroxy_Phenyl_AceticAcid,11
32.75,H2_p-Hydroxy_Phenyl_AceticAcid,11
33.0,H2_p-Hydroxy_Phenyl_AceticAcid,11
33.25,H2_p-Hydroxy_Phenyl_AceticAcid,11
33.5,H2_p-Hydroxy_Phenyl_AceticAcid,11
33.75,H2_p-Hydroxy_Phenyl_AceticAcid,11
34.0,H2_p-Hydroxy_Phenyl_AceticAcid,11
34.25,H2_p-Hydroxy_Phenyl_AceticAcid,11
34.5,H2_p-Hydroxy_Phenyl_AceticAcid,11
34.75,H2_p-Hydroxy_Phenyl_AceticAcid,11
35.0,H2_p-Hydroxy_Phenyl_AceticAcid,11
35.25,H2_p-Hydroxy_Phenyl_AceticAcid,11
35.5,H2_p-Hydroxy_Phenyl_AceticAcid,11
35.75,H2_p-Hydroxy_Phenyl_AceticAcid,11
36.0,H2_p-Hydroxy_Phenyl_AceticAcid,11
36.25,H2_p-Hydroxy_Phenyl_AceticAcid,11
36.5,H2_p-Hydroxy_Phenyl_AceticAcid,11
36.75,H2_p-Hydroxy_Phenyl_AceticAcid,11
37.0,H2_p-Hydroxy_Phenyl_AceticAcid,11
37.25,H2_p-Hydroxy_Phenyl_AceticAcid,12
37.5,H2_p-Hydroxy_Phenyl_AceticAcid,11
37.75,H2_p-Hydroxy_Phenyl_AceticAcid,11
38.0,H2_p-Hydroxy_Phenyl_AceticAcid,11
38.25,H2_p-Hydroxy_Phenyl_AceticAcid,11
38.5,H2_p-Hydroxy_Phenyl_AceticAcid,12
38.75,H2_p-Hydroxy_Phenyl_AceticAcid,11
39.0,H2_p-Hydroxy_Phenyl_AceticAcid,11
39.25,H2_p-Hydroxy_Phenyl_AceticAcid,11
39.5,H2_p-Hydroxy_Phenyl_AceticAcid,11
39.75,H2_p-Hydroxy_Phenyl_AceticAcid,11
40.0,H2_p-Hydroxy_Phenyl_AceticAcid,11
40.25,H2_p-Hydroxy_Phenyl_AceticAcid,11
40.5,H2_p-Hydroxy_Phenyl_AceticAcid,11
40.75,H2_p-Hydroxy_Phenyl_AceticAcid,11
41.0,H2_p-Hydroxy_Phenyl_AceticAcid,11
41.25,H2_p-Hydroxy_Phenyl_AceticAcid,11
41.5,H2_p-Hydroxy_Phenyl_AceticAcid,11
41.75,H2_p-Hydroxy_Phenyl_AceticAcid,11
42.0,H2_p-Hydroxy_Phenyl_AceticAcid,11
42.25,H2_p-Hydroxy_Phenyl_AceticAcid,11
42.5,H2_p-Hydroxy_Phenyl_AceticAcid,11
42.75,H2_p-Hydroxy_Phenyl_AceticAcid,11
43.0,H2_p-Hydroxy_Phenyl_AceticAcid,11
43.25,H2_p-Hydroxy_Phenyl_AceticAcid,11
43.5,H2_p-Hydroxy_Phenyl_AceticAcid,12
43.75,H2_p-Hydroxy_Phenyl_AceticAcid,11
44.0,H2_p-Hydroxy_Phenyl_AceticAcid,11
44.25,H2_p-Hydroxy_Phenyl_AceticAcid,11
44.5,H2_p-Hydroxy_Phenyl_AceticAcid,11
44.75,H2_p-Hydroxy_Phenyl_AceticAcid,11
45.0,H2_p-Hydroxy_Phenyl_AceticAcid,11
45.25,H2_p-Hydroxy_Phenyl_AceticAcid,11
45.5,H2_p-Hydroxy_Phenyl_AceticAcid,11
45.75,H2_p-Hydroxy_Phenyl_AceticAcid,11
46.0,H2_p-Hydroxy_Phenyl_AceticAcid,11
46.25,H2_p-Hydroxy_Phenyl_AceticAcid,11
46.5,H2_p-Hydroxy_Phenyl_AceticAcid,11
46.75,H2_p-Hydroxy_Phenyl_AceticAcid,11
47.0,H2_p-Hydroxy_Phenyl_AceticAcid,11
47.25,H2_p-Hydroxy_Phenyl_AceticAcid,11
47.5,H2_p-Hydroxy_Phenyl_AceticAcid,11
47.75,H2_p-Hydroxy_Phenyl_AceticAcid,11
48.0,H2_p-Hydroxy_Phenyl_AceticAcid,11
48.25,H2_p-Hydroxy_Phenyl_AceticAcid,11
0.0,H3_m-Hydroxy_Phenyl_AceticAcid,11
0.25,H3_m-Hydroxy_Phenyl_AceticAcid,11
0.5,H3_m-Hydroxy_Phenyl_AceticAcid,11
0.75,H3_m-Hydroxy_Phenyl_AceticAcid,11
1.0,H3_m-Hydroxy_Phenyl_AceticAcid,11
1.25,H3_m-Hydroxy_Phenyl_AceticAcid,11
1.5,H3_m-Hydroxy_Phenyl_AceticAcid,11
1.75,H3_m-Hydroxy_Phenyl_AceticAcid,11
2.0,H3_m-Hydroxy_Phenyl_AceticAcid,11
2.25,H3_m-Hydroxy_Phenyl_AceticAcid,11
2.5,H3_m-Hydroxy_Phenyl_AceticAcid,11
2.75,H3_m-Hydroxy_Phenyl_AceticAcid,11
3.0,H3_m-Hydroxy_Phenyl_AceticAcid,11
3.25,H3_m-Hydroxy_Phenyl_AceticAcid,11
3.5,H3_m-Hydroxy_Phenyl_AceticAcid,11
3.75,H3_m-Hydroxy_Phenyl_AceticAcid,11
4.0,H3_m-Hydroxy_Phenyl_AceticAcid,11
4.25,H3_m-Hydroxy_Phenyl_AceticAcid,11
4.5,H3_m-Hydroxy_Phenyl_AceticAcid,11
4.75,H3_m-Hydroxy_Phenyl_AceticAcid,11
5.0,H3_m-Hydroxy_Phenyl_AceticAcid,11
5.25,H3_m-Hydroxy_Phenyl_AceticAcid,11
5.5,H3_m-Hydroxy_Phenyl_AceticAcid,11
5.75,H3_m-Hydroxy_Phenyl_AceticAcid,11
6.0,H3_m-Hydroxy_Phenyl_AceticAcid,11
6.25,H3_m-Hydroxy_Phenyl_AceticAcid,11
6.5,H3_m-Hydroxy_Phenyl_AceticAcid,11
6.75,H3_m-Hydroxy_Phenyl_AceticAcid,11
7.0,H3_m-Hydroxy_Phenyl_AceticAcid,11
7.25,H3_m-Hydroxy_Phenyl_AceticAcid,11
7.5,H3_m-Hydroxy_Phenyl_AceticAcid,11
7.75,H3_m-Hydroxy_Phenyl_AceticAcid,11
8.0,H3_m-Hydroxy_Phenyl_AceticAcid,11
8.25,H3_m-Hydroxy_Phenyl_AceticAcid,11
8.5,H3_m-Hydroxy_Phenyl_AceticAcid,11
8.75,H3_m-Hydroxy_Phenyl_AceticAcid,11
9.0,H3_m-Hydroxy_Phenyl_AceticAcid,11
9.25,H3_m-Hydroxy_Phenyl_AceticAcid,11
9.5,H3_m-Hydroxy_Phenyl_AceticAcid,11
9.75,H3_m-Hydroxy_Phenyl_AceticAcid,11
10.0,H3_m-Hydroxy_Phenyl_AceticAcid,11
10.25,H3_m-Hydroxy_Phenyl_AceticAcid,11
10.5,H3_m-Hydroxy_Phenyl_AceticAcid,11
10.75,H3_m-Hydroxy_Phenyl_AceticAcid,11
11.0,H3_m-Hydroxy_Phenyl_AceticAcid,11
11.25,H3_m-Hydroxy_Phenyl_AceticAcid,11
11.5,H3_m-Hydroxy_Phenyl_AceticAcid,11
11.75,H3_m-Hydroxy_Phenyl_AceticAcid,11
12.0,H3_m-Hydroxy_Phenyl_AceticAcid,11
12.25,H3_m-Hydroxy_Phenyl_AceticAcid,11
12.5,H3_m-Hydroxy_Phenyl_AceticAcid,11
12.75,H3_m-Hydroxy_Phenyl_AceticAcid,11
13.0,H3_m-Hydroxy_Phenyl_AceticAcid,11
13.25,H3_m-Hydroxy_Phenyl_AceticAcid,11
13.5,H3_m-Hydroxy_Phenyl_AceticAcid,11
13.75,H3_m-Hydroxy_Phenyl_AceticAcid,11
14.0,H3_m-Hydroxy_Phenyl_AceticAcid,11
14.25,H3_m-Hydroxy_Phenyl_AceticAcid,11
14.5,H3_m-Hydroxy_Phenyl_AceticAcid,11
14.75,H3_m-Hydroxy_Phenyl_AceticAcid,11
15.0,H3_m-Hydroxy_Phenyl_AceticAcid,11
15.25,H3_m-Hydroxy_Phenyl_AceticAcid,11
15.5,H3_m-Hydroxy_Phenyl_AceticAcid,11
15.75,H3_m-Hydroxy_Phenyl_AceticAcid,11
16.0,H3_m-Hydroxy_Phenyl_AceticAcid,11
16.25,H3_m-Hydroxy_Phenyl_AceticAcid,11
16.5,H3_m-Hydroxy_Phenyl_AceticAcid,11
16.75,H3_m-Hydroxy_Phenyl_AceticAcid,11
17.0,H3_m-Hydroxy_Phenyl_AceticAcid,11
17.25,H3_m-Hydroxy_Phenyl_AceticAcid,11
17.5,H3_m-Hydroxy_Phenyl_AceticAcid,11
17.75,H3_m-Hydroxy_Phenyl_AceticAcid,11
18.0,H3_m-Hydroxy_Phenyl_AceticAcid,11
18.25,H3_m-Hydroxy_Phenyl_AceticAcid,11
18.5,H3_m-Hydroxy_Phenyl_AceticAcid,11
18.75,H3_m-Hydroxy_Phenyl_AceticAcid,11
19.0,H3_m-Hydroxy_Phenyl_AceticAcid,11
19.25,H3_m-Hydroxy_Phenyl_AceticAcid,11
19.5,H3_m-Hydroxy_Phenyl_AceticAcid,11
19.75,H3_m-Hydroxy_Phenyl_AceticAcid,11
20.0,H3_m-Hydroxy_Phenyl_AceticAcid,11
20.25,H3_m-Hydroxy_Phenyl_AceticAcid,11
20.5,H3_m-Hydroxy_Phenyl_AceticAcid,11
20.75,H3_m-Hydroxy_Phenyl_AceticAcid,11
21.0,H3_m-Hydroxy_Phenyl_AceticAcid,11
21.25,H3_m-Hydroxy_Phenyl_AceticAcid,11
21.5,H3_m-Hydroxy_Phenyl_AceticAcid,11
21.75,H3_m-Hydroxy_Phenyl_AceticAcid,11
22.0,H3_m-Hydroxy_Phenyl_AceticAcid,11
22.25,H3_m-Hydroxy_Phenyl_AceticAcid,11
22.5,H3_m-Hydroxy_Phenyl_AceticAcid,11
22.75,H3_m-Hydroxy_Phenyl_AceticAcid,11
23.0,H3_m-Hydroxy_Phenyl_AceticAcid,11
23.25,H3_m-Hydroxy_Phenyl_AceticAcid,11
23.5,H3_m-Hydroxy_Phenyl_AceticAcid,11
23.75,H3_m-Hydroxy_Phenyl_AceticAcid,11
24.0,H3_m-Hydroxy_Phenyl_AceticAcid,11
24.25,H3_m-Hydroxy_Phenyl_AceticAcid,11
24.5,H3_m-Hydroxy_Phenyl_AceticAcid,11
24.75,H3_m-Hydroxy_Phenyl_AceticAcid,11
25.0,H3_m-Hydroxy_Phenyl_AceticAcid,11
25.25,H3_m-Hydroxy_Phenyl_AceticAcid,11
25.5,H3_m-Hydroxy_Phenyl_AceticAcid,11
25.75,H3_m-Hydroxy_Phenyl_AceticAcid,11
26.0,H3_m-Hydroxy_Phenyl_AceticAcid,11
26.25,H3_m-Hydroxy_Phenyl_AceticAcid,11
26.5,H3_m-Hydroxy_Phenyl_AceticAcid,11
26.75,H3_m-Hydroxy_Phenyl_AceticAcid,11
27.0,H3_m-Hydroxy_Phenyl_AceticAcid,11
27.25,H3_m-Hydroxy_Phenyl_AceticAcid,11
27.5,H3_m-Hydroxy_Phenyl_AceticAcid,11
27.75,H3_m-Hydroxy_Phenyl_AceticAcid,11
28.0,H3_m-Hydroxy_Phenyl_AceticAcid,11
28.25,H3_m-Hydroxy_Phenyl_AceticAcid,11
28.5,H3_m-Hydroxy_Phenyl_AceticAcid,11
28.75,H3_m-Hydroxy_Phenyl_AceticAcid,11
29.0,H3_m-Hydroxy_Phenyl_AceticAcid,11
29.25,H3_m-Hydroxy_Phenyl_AceticAcid,11
29.5,H3_m-Hydroxy_Phenyl_AceticAcid,11
29.75,H3_m-Hydroxy_Phenyl_AceticAcid,11
30.0,H3_m-Hydroxy_Phenyl_AceticAcid,11
30.25,H3_m-Hydroxy_Phenyl_AceticAcid,11
30.5,H3_m-Hydroxy_Phenyl_AceticAcid,11
30.75,H3_m-Hydroxy_Phenyl_AceticAcid,11
31.0,H3_m-Hydroxy_Phenyl_AceticAcid,11
31.25,H3_m-Hydroxy_Phenyl_AceticAcid,11
31.5,H3_m-Hydroxy_Phenyl_AceticAcid,11
31.75,H3_m-Hydroxy_Phenyl_AceticAcid,11
32.0,H3_m-Hydroxy_Phenyl_AceticAcid,11
32.25,H3_m-Hydroxy_Phenyl_AceticAcid,11
32.5,H3_m-Hydroxy_Phenyl_AceticAcid,11
32.75,H3_m-Hydroxy_Phenyl_AceticAcid,11
33.0,H3_m-Hydroxy_Phenyl_AceticAcid,11
33.25,H3_m-Hydroxy_Phenyl_AceticAcid,11
33.5,H3_m-Hydroxy_Phenyl_AceticAcid,11
33.75,H3_m-Hydroxy_Phenyl_AceticAcid,11
34.0,H3_m-Hydroxy_Phenyl_AceticAcid,11
34.25,H3_m-Hydroxy_Phenyl_AceticAcid,11
34.5,H3_m-Hydroxy_Phenyl_AceticAcid,11
34.75,H3_m-Hydroxy_Phenyl_AceticAcid,11
35.0,H3_m-Hydroxy_Phenyl_AceticAcid,11
35.25,H3_m-Hydroxy_Phenyl_AceticAcid,11
35.5,H3_m-Hydroxy_Phenyl_AceticAcid,11
35.75,H3_m-Hydroxy_Phenyl_AceticAcid,11
36.0,H3_m-Hydroxy_Phenyl_AceticAcid,11
36.25,H3_m-Hydroxy_Phenyl_AceticAcid,11
36.5,H3_m-Hydroxy_Phenyl_AceticAcid,11
36.75,H3_m-Hydroxy_Phenyl_AceticAcid,11
37.0,H3_m-Hydroxy_Phenyl_AceticAcid,11
37.25,H3_m-Hydroxy_Phenyl_AceticAcid,11
37.5,H3_m-Hydroxy_Phenyl_AceticAcid,11
37.75,H3_m-Hydroxy_Phenyl_AceticAcid,11
38.0,H3_m-Hydroxy_Phenyl_AceticAcid,11
38.25,H3_m-Hydroxy_Phenyl_AceticAcid,11
38.5,H3_m-Hydroxy_Phenyl_AceticAcid,11
38.75,H3_m-Hydroxy_Phenyl_AceticAcid,11
39.0,H3_m-Hydroxy_Phenyl_AceticAcid,11
39.25,H3_m-Hydroxy_Phenyl_AceticAcid,11
39.5,H3_m-Hydroxy_Phenyl_AceticAcid,11
39.75,H3_m-Hydroxy_Phenyl_AceticAcid,11
40.0,H3_m-Hydroxy_Phenyl_AceticAcid,11
40.25,H3_m-Hydroxy_Phenyl_AceticAcid,11
40.5,H3_m-Hydroxy_Phenyl_AceticAcid,11
40.75,H3_m-Hydroxy_Phenyl_AceticAcid,11
41.0,H3_m-Hydroxy_Phenyl_AceticAcid,11
41.25,H3_m-Hydroxy_Phenyl_AceticAcid,11
41.5,H3_m-Hydroxy_Phenyl_AceticAcid,11
41.75,H3_m-Hydroxy_Phenyl_AceticAcid,11
42.0,H3_m-Hydroxy_Phenyl_AceticAcid,11
42.25,H3_m-Hydroxy_Phenyl_AceticAcid,12
42.5,H3_m-Hydroxy_Phenyl_AceticAcid,11
42.75,H3_m-Hydroxy_Phenyl_AceticAcid,11
43.0,H3_m-Hydroxy_Phenyl_AceticAcid,11
43.25,H3_m-Hydroxy_Phenyl_AceticAcid,11
43.5,H3_m-Hydroxy_Phenyl_AceticAcid,11
43.75,H3_m-Hydroxy_Phenyl_AceticAcid,11
44.0,H3_m-Hydroxy_Phenyl_AceticAcid,11
44.25,H3_m-Hydroxy_Phenyl_AceticAcid,11
44.5,H3_m-Hydroxy_Phenyl_AceticAcid,11
44.75,H3_m-Hydroxy_Phenyl_AceticAcid,11
45.0,H3_m-Hydroxy_Phenyl_AceticAcid,11
45.25,H3_m-Hydroxy_Phenyl_AceticAcid,11
45.5,H3_m-Hydroxy_Phenyl_AceticAcid,12
45.75,H3_m-Hydroxy_Phenyl_AceticAcid,11
46.0,H3_m-Hydroxy_Phenyl_AceticAcid,11
46.25,H3_m-Hydroxy_Phenyl_AceticAcid,11
46.5,H3_m-Hydroxy_Phenyl_AceticAcid,11
46.75,H3_m-Hydroxy_Phenyl_AceticAcid,11
47.0,H3_m-Hydroxy_Phenyl_AceticAcid,11
47.25,H3_m-Hydroxy_Phenyl_AceticAcid,13
47.5,H3_m-Hydroxy_Phenyl_AceticAcid,11
47.75,H3_m-Hydroxy_Phenyl_AceticAcid,11
48.0,H3_m-Hydroxy_Phenyl_AceticAcid,11
48.25,H3_m-Hydroxy_Phenyl_AceticAcid,11
0.0,H4_Tyramine,11
0.25,H4_Tyramine,11
0.5,H4_Tyramine,11
0.75,H4_Tyramine,11
1.0,H4_Tyramine,11
1.25,H4_Tyramine,11
1.5,H4_Tyramine,11
1.75,H4_Tyramine,11
2.0,H4_Tyramine,11
2.25,H4_Tyramine,11
2.5,H4_Tyramine,11
2.75,H4_Tyramine,11
3.0,H4_Tyramine,11
3.25,H4_Tyramine,11
3.5,H4_Tyramine,11
3.75,H4_Tyramine,11
4.0,H4_Tyramine,11
4.25,H4_Tyramine,11
4.5,H4_Tyramine,11
4.75,H4_Tyramine,11
5.0,H4_Tyramine,11
5.25,H4_Tyramine,11
5.5,H4_Tyramine,11
5.75,H4_Tyramine,11
6.0,H4_Tyramine,11
6.25,H4_Tyramine,11
6.5,H4_Tyramine,11
6.75,H4_Tyramine,11
7.0,H4_Tyramine,11
7.25,H4_Tyramine,11
7.5,H4_Tyramine,11
7.75,H4_Tyramine,11
8.0,H4_Tyramine,11
8.25,H4_Tyramine,11
8.5,H4_Tyramine,11
8.75,H4_Tyramine,11
9.0,H4_Tyramine,11
9.25,H4_Tyramine,11
9.5,H4_Tyramine,11
9.75,H4_Tyramine,11
10.0,H4_Tyramine,11
10.25,H4_Tyramine,11
10.5,H4_Tyramine,11
10.75,H4_Tyramine,11
11.0,H4_Tyramine,11
11.25,H4_Tyramine,11
11.5,H4_Tyramine,11
11.75,H4_Tyramine,11
12.0,H4_Tyramine,11
12.25,H4_Tyramine,11
12.5,H4_Tyramine,11
12.75,H4_Tyramine,11
13.0,H4_Tyramine,11
13.25,H4_Tyramine,11
13.5,H4_Tyramine,11
13.75,H4_Tyramine,12
14.0,H4_Tyramine,11
14.25,H4_Tyramine,11
14.5,H4_Tyramine,11
14.75,H4_Tyramine,11
15.0,H4_Tyramine,11
15.25,H4_Tyramine,11
15.5,H4_Tyramine,11
15.75,H4_Tyramine,11
16.0,H4_Tyramine,11
16.25,H4_Tyramine,11
16.5,H4_Tyramine,11
16.75,H4_Tyramine,11
17.0,H4_Tyramine,11
17.25,H4_Tyramine,11
17.5,H4_Tyramine,11
17.75,H4_Tyramine,11
18.0,H4_Tyramine,11
18.25,H4_Tyramine,11
18.5,H4_Tyramine,11
18.75,H4_Tyramine,11
19.0,H4_Tyramine,11
19.25,H4_Tyramine,11
19.5,H4_Tyramine,11
19.75,H4_Tyramine,11
20.0,H4_Tyramine,11
20.25,H4_Tyramine,11
20.5,H4_Tyramine,11
20.75,H4_Tyramine,11
21.0,H4_Tyramine,11
21.25,H4_Tyramine,11
21.5,H4_Tyramine,11
21.75,H4_Tyramine,11
22.0,H4_Tyramine,11
22.25,H4_Tyramine,12
22.5,H4_Tyramine,13
22.75,H4_Tyramine,12
23.0,H4_Tyramine,11
23.25,H4_Tyramine,11
23.5,H4_Tyramine,11
23.75,H4_Tyramine,11
24.0,H4_Tyramine,11
24.25,H4_Tyramine,11
24.5,H4_Tyramine,11
24.75,H4_Tyramine,11
25.0,H4_Tyramine,11
25.25,H4_Tyramine,11
25.5,H4_Tyramine,12
25.75,H4_Tyramine,11
26.0,H4_Tyramine,11
26.25,H4_Tyramine,12
26.5,H4_Tyramine,11
26.75,H4_Tyramine,11
27.0,H4_Tyramine,13
27.25,H4_Tyramine,12
27.5,H4_Tyramine,12
27.75,H4_Tyramine,11
28.0,H4_Tyramine,11
28.25,H4_Tyramine,11
28.5,H4_Tyramine,11
28.75,H4_Tyramine,11
29.0,H4_Tyramine,11
29.25,H4_Tyramine,11
29.5,H4_Tyramine,11
29.75,H4_Tyramine,11
30.0,H4_Tyramine,11
30.25,H4_Tyramine,12
30.5,H4_Tyramine,11
30.75,H4_Tyramine,11
31.0,H4_Tyramine,11
31.25,H4_Tyramine,11
31.5,H4_Tyramine,11
31.75,H4_Tyramine,11
32.0,H4_Tyramine,11
32.25,H4_Tyramine,11
32.5,H4_Tyramine,12
32.75,H4_Tyramine,11
33.0,H4_Tyramine,11
33.25,H4_Tyramine,11
33.5,H4_Tyramine,11
33.75,H4_Tyramine,11
34.0,H4_Tyramine,11
34.25,H4_Tyramine,11
34.5,H4_Tyramine,11
34.75,H4_Tyramine,11
35.0,H4_Tyramine,11
35.25,H4_Tyramine,11
35.5,H4_Tyramine,11
35.75,H4_Tyramine,11
36.0,H4_Tyramine,11
36.25,H4_Tyramine,11
36.5,H4_Tyramine,11
36.75,H4_Tyramine,12
37.0,H4_Tyramine,11
37.25,H4_Tyramine,11
37.5,H4_Tyramine,11
37.75,H4_Tyramine,11
38.0,H4_Tyramine,11
38.25,H4_Tyramine,11
38.5,H4_Tyramine,11
38.75,H4_Tyramine,11
39.0,H4_Tyramine,11
39.25,H4_Tyramine,11
39.5,H4_Tyramine,11
39.75,H4_Tyramine,11
40.0,H4_Tyramine,11
40.25,H4_Tyramine,11
40.5,H4_Tyramine,11
40.75,H4_Tyramine,11
41.0,H4_Tyramine,11
41.25,H4_Tyramine,11
41.5,H4_Tyramine,11
41.75,H4_Tyramine,11
42.0,H4_Tyramine,11
42.25,H4_Tyramine,11
42.5,H4_Tyramine,13
42.75,H4_Tyramine,11
43.0,H4_Tyramine,11
43.25,H4_Tyramine,11
43.5,H4_Tyramine,11
43.75,H4_Tyramine,11
44.0,H4_Tyramine,11
44.25,H4_Tyramine,11
44.5,H4_Tyramine,11
44.75,H4_Tyramine,11
45.0,H4_Tyramine,11
45.25,H4_Tyramine,11
45.5,H4_Tyramine,11
45.75,H4_Tyramine,11
46.0,H4_Tyramine,11
46.25,H4_Tyramine,13
46.5,H4_Tyramine,11
46.75,H4_Tyramine,14
47.0,H4_Tyramine,11
47.25,H4_Tyramine,11
47.5,H4_Tyramine,11
47.75,H4_Tyramine,11
48.0,H4_Tyramine,11
48.25,H4_Tyramine,11
0.0,H5_D-Psicose,11
0.25,H5_D-Psicose,11
0.5,H5_D-Psicose,11
0.75,H5_D-Psicose,11
1.0,H5_D-Psicose,11
1.25,H5_D-Psicose,11
1.5,H5_D-Psicose,11
1.75,H5_D-Psicose,11
2.0,H5_D-Psicose,11
2.25,H5_D-Psicose,11
2.5,H5_D-Psicose,11
2.75,H5_D-Psicose,11
3.0,H5_D-Psicose,11
3.25,H5_D-Psicose,11
3.5,H5_D-Psicose,11
3.75,H5_D-Psicose,11
4.0,H5_D-Psicose,11
4.25,H5_D-Psicose,11
4.5,H5_D-Psicose,11
4.75,H5_D-Psicose,11
5.0,H5_D-Psicose,13
5.25,H5_D-Psicose,11
5.5,H5_D-Psicose,11
5.75,H5_D-Psicose,11
6.0,H5_D-Psicose,11
6.25,H5_D-Psicose,11
6.5,H5_D-Psicose,11
6.75,H5_D-Psicose,11
7.0,H5_D-Psicose,11
7.25,H5_D-Psicose,11
7.5,H5_D-Psicose,11
7.75,H5_D-Psicose,11
8.0,H5_D-Psicose,11
8.25,H5_D-Psicose,11
8.5,H5_D-Psicose,11
8.75,H5_D-Psicose,11
9.0,H5_D-Psicose,11
9.25,H5_D-Psicose,11
9.5,H5_D-Psicose,11
9.75,H5_D-Psicose,11
10.0,H5_D-Psicose,11
10.25,H5_D-Psicose,11
10.5,H5_D-Psicose,11
10.75,H5_D-Psicose,11
11.0,H5_D-Psicose,11
11.25,H5_D-Psicose,11
11.5,H5_D-Psicose,11
11.75,H5_D-Psicose,11
12.0,H5_D-Psicose,11
12.25,H5_D-Psicose,11
12.5,H5_D-Psicose,11
12.75,H5_D-Psicose,11
13.0,H5_D-Psicose,11
13.25,H5_D-Psicose,11
13.5,H5_D-Psicose,11
13.75,H5_D-Psicose,11
14.0,H5_D-Psicose,11
14.25,H5_D-Psicose,11
14.5,H5_D-Psicose,11
14.75,H5_D-Psicose,11
15.0,H5_D-Psicose,11
15.25,H5_D-Psicose,11
15.5,H5_D-Psicose,11
15.75,H5_D-Psicose,11
16.0,H5_D-Psicose,11
16.25,H5_D-Psicose,11
16.5,H5_D-Psicose,11
16.75,H5_D-Psicose,11
17.0,H5_D-Psicose,11
17.25,H5_D-Psicose,11
17.5,H5_D-Psicose,11
17.75,H5_D-Psicose,11
18.0,H5_D-Psicose,11
18.25,H5_D-Psicose,11
18.5,H5_D-Psicose,12
18.75,H5_D-Psicose,11
19.0,H5_D-Psicose,11
19.25,H5_D-Psicose,11
19.5,H5_D-Psicose,11
19.75,H5_D-Psicose,11
20.0,H5_D-Psicose,11
20.25,H5_D-Psicose,11
20.5,H5_D-Psicose,11
20.75,H5_D-Psicose,11
21.0,H5_D-Psicose,11
21.25,H5_D-Psicose,11
21.5,H5_D-Psicose,11
21.75,H5_D-Psicose,11
22.0,H5_D-Psicose,11
22.25,H5_D-Psicose,11
22.5,H5_D-Psicose,11
22.75,H5_D-Psicose,11
23.0,H5_D-Psicose,11
23.25,H5_D-Psicose,11
23.5,H5_D-Psicose,11
23.75,H5_D-Psicose,11
24.0,H5_D-Psicose,11
24.25,H5_D-Psicose,11
24.5,H5_D-Psicose,11
24.75,H5_D-Psicose,11
25.0,H5_D-Psicose,11
25.25,H5_D-Psicose,11
25.5,H5_D-Psicose,11
25.75,H5_D-Psicose,11
26.0,H5_D-Psicose,11
26.25,H5_D-Psicose,13
26.5,H5_D-Psicose,11
26.75,H5_D-Psicose,11
27.0,H5_D-Psicose,11
27.25,H5_D-Psicose,12
27.5,H5_D-Psicose,11
27.75,H5_D-Psicose,12
28.0,H5_D-Psicose,11
28.25,H5_D-Psicose,12
28.5,H5_D-Psicose,11
28.75,H5_D-Psicose,11
29.0,H5_D-Psicose,11
29.25,H5_D-Psicose,13
29.5,H5_D-Psicose,11
29.75,H5_D-Psicose,11
30.0,H5_D-Psicose,12
30.25,H5_D-Psicose,11
30.5,H5_D-Psicose,11
30.75,H5_D-Psicose,11
31.0,H5_D-Psicose,11
31.25,H5_D-Psicose,12
31.5,H5_D-Psicose,11
31.75,H5_D-Psicose,11
32.0,H5_D-Psicose,11
32.25,H5_D-Psicose,12
32.5,H5_D-Psicose,11
32.75,H5_D-Psicose,11
33.0,H5_D-Psicose,11
33.25,H5_D-Psicose,11
33.5,H5_D-Psicose,11
33.75,H5_D-Psicose,13
34.0,H5_D-Psicose,11
34.25,H5_D-Psicose,11
34.5,H5_D-Psicose,13
34.75,H5_D-Psicose,11
35.0,H5_D-Psicose,11
35.25,H5_D-Psicose,11
35.5,H5_D-Psicose,11
35.75,H5_D-Psicose,11
36.0,H5_D-Psicose,11
36.25,H5_D-Psicose,11
36.5,H5_D-Psicose,11
36.75,H5_D-Psicose,11
37.0,H5_D-Psicose,11
37.25,H5_D-Psicose,11
37.5,H5_D-Psicose,11
37.75,H5_D-Psicose,11
38.0,H5_D-Psicose,11
38.25,H5_D-Psicose,11
38.5,H5_D-Psicose,11
38.75,H5_D-Psicose,11
39.0,H5_D-Psicose,11
39.25,H5_D-Psicose,11
39.5,H5_D-Psicose,11
39.75,H5_D-Psicose,11
40.0,H5_D-Psicose,11
40.25,H5_D-Psicose,11
40.5,H5_D-Psicose,11
40.75,H5_D-Psicose,11
41.0,H5_D-Psicose,11
41.25,H5_D-Psicose,11
41.5,H5_D-Psicose,11
41.75,H5_D-Psicose,11
42.0,H5_D-Psicose,11
42.25,H5_D-Psicose,11
42.5,H5_D-Psicose,11
42.75,H5_D-Psicose,11
43.0,H5_D-Psicose,11
43.25,H5_D-Psicose,11
43.5,H5_D-Psicose,11
43.75,H5_D-Psicose,11
44.0,H5_D-Psicose,11
44.25,H5_D-Psicose,11
44.5,H5_D-Psicose,11
44.75,H5_D-Psicose,11
45.0,H5_D-Psicose,11
45.25,H5_D-Psicose,11
45.5,H5_D-Psicose,11
45.75,H5_D-Psicose,11
46.0,H5_D-Psicose,11
46.25,H5_D-Psicose,11
46.5,H5_D-Psicose,11
46.75,H5_D-Psicose,11
47.0,H5_D-Psicose,11
47.25,H5_D-Psicose,11
47.5,H5_D-Psicose,12
47.75,H5_D-Psicose,11
48.0,H5_D-Psicose,11
48.25,H5_D-Psicose,11
0.0,H6_L-Lyxose,41
0.25,H6_L-Lyxose,39
0.5,H6_L-Lyxose,41
0.75,H6_L-Lyxose,40
1.0,H6_L-Lyxose,37
1.25,H6_L-Lyxose,43
1.5,H6_L-Lyxose,43
1.75,H6_L-Lyxose,47
2.0,H6_L-Lyxose,43
2.25,H6_L-Lyxose,44
2.5,H6_L-Lyxose,44
2.75,H6_L-Lyxose,43
3.0,H6_L-Lyxose,40
3.25,H6_L-Lyxose,45
3.5,H6_L-Lyxose,41
3.75,H6_L-Lyxose,46
4.0,H6_L-Lyxose,43
4.25,H6_L-Lyxose,41
4.5,H6_L-Lyxose,46
4.75,H6_L-Lyxose,45
5.0,H6_L-Lyxose,47
5.25,H6_L-Lyxose,44
5.5,H6_L-Lyxose,45
5.75,H6_L-Lyxose,43
6.0,H6_L-Lyxose,46
6.25,H6_L-Lyxose,41
6.5,H6_L-Lyxose,45
6.75,H6_L-Lyxose,45
7.0,H6_L-Lyxose,49
7.25,H6_L-Lyxose,49
7.5,H6_L-Lyxose,43
7.75,H6_L-Lyxose,46
8.0,H6_L-Lyxose,50
8.25,H6_L-Lyxose,47
8.5,H6_L-Lyxose,47
8.75,H6_L-Lyxose,44
9.0,H6_L-Lyxose,45
9.25,H6_L-Lyxose,50
9.5,H6_L-Lyxose,43
9.75,H6_L-Lyxose,45
10.0,H6_L-Lyxose,45
10.25,H6_L-Lyxose,48
10.5,H6_L-Lyxose,50
10.75,H6_L-Lyxose,49
11.0,H6_L-Lyxose,45
11.25,H6_L-Lyxose,51
11.5,H6_L-Lyxose,53
11.75,H6_L-Lyxose,52
12.0,H6_L-Lyxose,48
12.25,H6_L-Lyxose,50
12.5,H6_L-Lyxose,45
12.75,H6_L-Lyxose,48
13.0,H6_L-Lyxose,50
13.25,H6_L-Lyxose,48
13.5,H6_L-Lyxose,47
13.75,H6_L-Lyxose,46
14.0,H6_L-Lyxose,46
14.25,H6_L-Lyxose,53
14.5,H6_L-Lyxose,51
14.75,H6_L-Lyxose,50
15.0,H6_L-Lyxose,50
15.25,H6_L-Lyxose,50
15.5,H6_L-Lyxose,51
15.75,H6_L-Lyxose,52
16.0,H6_L-Lyxose,50
16.25,H6_L-Lyxose,51
16.5,H6_L-Lyxose,47
16.75,H6_L-Lyxose,47
17.0,H6_L-Lyxose,52
17.25,H6_L-Lyxose,53
17.5,H6_L-Lyxose,49
17.75,H6_L-Lyxose,53
18.0,H6_L-Lyxose,46
18.25,H6_L-Lyxose,47
18.5,H6_L-Lyxose,47
18.75,H6_L-Lyxose,52
19.0,H6_L-Lyxose,49
19.25,H6_L-Lyxose,51
19.5,H6_L-Lyxose,49
19.75,H6_L-Lyxose,48
20.0,H6_L-Lyxose,51
20.25,H6_L-Lyxose,52
20.5,H6_L-Lyxose,52
20.75,H6_L-Lyxose,45
21.0,H6_L-Lyxose,47
21.25,H6_L-Lyxose,47
21.5,H6_L-Lyxose,52
21.75,H6_L-Lyxose,52
22.0,H6_L-Lyxose,48
22.25,H6_L-Lyxose,52
22.5,H6_L-Lyxose,54
22.75,H6_L-Lyxose,50
23.0,H6_L-Lyxose,52
23.25,H6_L-Lyxose,50
23.5,H6_L-Lyxose,50
23.75,H6_L-Lyxose,52
24.0,H6_L-Lyxose,49
24.25,H6_L-Lyxose,50
24.5,H6_L-Lyxose,56
24.75,H6_L-Lyxose,53
25.0,H6_L-Lyxose,51
25.25,H6_L-Lyxose,50
25.5,H6_L-Lyxose,52
25.75,H6_L-Lyxose,50
26.0,H6_L-Lyxose,49
26.25,H6_L-Lyxose,56
26.5,H6_L-Lyxose,51
26.75,H6_L-Lyxose,54
27.0,H6_L-Lyxose,52
27.25,H6_L-Lyxose,49
27.5,H6_L-Lyxose,52
27.75,H6_L-Lyxose,53
28.0,H6_L-Lyxose,50
28.25,H6_L-Lyxose,51
28.5,H6_L-Lyxose,48
28.75,H6_L-Lyxose,53
29.0,H6_L-Lyxose,45
29.25,H6_L-Lyxose,48
29.5,H6_L-Lyxose,54
29.75,H6_L-Lyxose,54
30.0,H6_L-Lyxose,54
30.25,H6_L-Lyxose,52
30.5,H6_L-Lyxose,54
30.75,H6_L-Lyxose,53
31.0,H6_L-Lyxose,52
31.25,H6_L-Lyxose,53
31.5,H6_L-Lyxose,56
31.75,H6_L-Lyxose,53
32.0,H6_L-Lyxose,56
32.25,H6_L-Lyxose,52
32.5,H6_L-Lyxose,52
32.75,H6_L-Lyxose,50
33.0,H6_L-Lyxose,49
33.25,H6_L-Lyxose,54
33.5,H6_L-Lyxose,51
33.75,H6_L-Lyxose,54
34.0,H6_L-Lyxose,51
34.25,H6_L-Lyxose,55
34.5,H6_L-Lyxose,51
34.75,H6_L-Lyxose,56
35.0,H6_L-Lyxose,52
35.25,H6_L-Lyxose,50
35.5,H6_L-Lyxose,53
35.75,H6_L-Lyxose,52
36.0,H6_L-Lyxose,48
36.25,H6_L-Lyxose,51
36.5,H6_L-Lyxose,53
36.75,H6_L-Lyxose,53
37.0,H6_L-Lyxose,56
37.25,H6_L-Lyxose,52
37.5,H6_L-Lyxose,51
37.75,H6_L-Lyxose,57
38.0,H6_L-Lyxose,51
38.25,H6_L-Lyxose,55
38.5,H6_L-Lyxose,52
38.75,H6_L-Lyxose,53
39.0,H6_L-Lyxose,48
39.25,H6_L-Lyxose,53
39.5,H6_L-Lyxose,51
39.75,H6_L-Lyxose,52
40.0,H6_L-Lyxose,53
40.25,H6_L-Lyxose,52
40.5,H6_L-Lyxose,54
40.75,H6_L-Lyxose,51
41.0,H6_L-Lyxose,56
41.25,H6_L-Lyxose,55
41.5,H6_L-Lyxose,54
41.75,H6_L-Lyxose,54
42.0,H6_L-Lyxose,54
42.25,H6_L-Lyxose,54
42.5,H6_L-Lyxose,52
42.75,H6_L-Lyxose,51
43.0,H6_L-Lyxose,53
43.25,H6_L-Lyxose,48
43.5,H6_L-Lyxose,52
43.75,H6_L-Lyxose,53
44.0,H6_L-Lyxose,50
44.25,H6_L-Lyxose,53
44.5,H6_L-Lyxose,55
44.75,H6_L-Lyxose,49
45.0,H6_L-Lyxose,55
45.25,H6_L-Lyxose,54
45.5,H6_L-Lyxose,54
45.75,H6_L-Lyxose,53
46.0,H6_L-Lyxose,55
46.25,H6_L-Lyxose,59
46.5,H6_L-Lyxose,59
46.75,H6_L-Lyxose,55
47.0,H6_L-Lyxose,55
47.25,H6_L-Lyxose,52
47.5,H6_L-Lyxose,55
47.75,H6_L-Lyxose,52
48.0,H6_L-Lyxose,57
48.25,H6_L-Lyxose,59
0.0,H7_Glucuronamide,11
0.25,H7_Glucuronamide,11
0.5,H7_Glucuronamide,11
0.75,H7_Glucuronamide,11
1.0,H7_Glucuronamide,11
1.25,H7_Glucuronamide,11
1.5,H7_Glucuronamide,11
1.75,H7_Glucuronamide,11
2.0,H7_Glucuronamide,11
2.25,H7_Glucuronamide,11
2.5,H7_Glucuronamide,11
2.75,H7_Glucuronamide,11
3.0,H7_Glucuronamide,11
3.25,H7_Glucuronamide,11
3.5,H7_Glucuronamide,11
3.75,H7_Glucuronamide,11
4.0,H7_Glucuronamide,11
4.25,H7_Glucuronamide,11
4.5,H7_Glucuronamide,11
4.75,H7_Glucuronamide,11
5.0,H7_Glucuronamide,11
5.25,H7_Glucuronamide,11
5.5,H7_Glucuronamide,11
5.75,H7_Glucuronamide,11
6.0,H7_Glucuronamide,11
6.25,H7_Glucuronamide,11
6.5,H7_Glucuronamide,11
6.75,H7_Glucuronamide,11
7.0,H7_Glucuronamide,11
7.25,H7_Glucuronamide,11
7.5,H7_Glucuronamide,11
7.75,H7_Glucuronamide,11
8.0,H7_Glucuronamide,11
8.25,H7_Glucuronamide,11
8.5,H7_Glucuronamide,11
8.75,H7_Glucuronamide,11
9.0,H7_Glucuronamide,11
9.25,H7_Glucuronamide,11
9.5,H7_Glucuronamide,11
9.75,H7_Glucuronamide,11
10.0,H7_Glucuronamide,11
10.25,H7_Glucuronamide,11
10.5,H7_Glucuronamide,11
10.75,H7_Glucuronamide,11
11.0,H7_Glucuronamide,11
11.25,H7_Glucuronamide,11
11.5,H7_Glucuronamide,11
11.75,H7_Glucuronamide,11
12.0,H7_Glucuronamide,11
12.25,H7_Glucuronamide,11
12.5,H7_Glucuronamide,11
12.75,H7_Glucuronamide,11
13.0,H7_Glucuronamide,11
13.25,H7_Glucuronamide,11
13.5,H7_Glucuronamide,11
13.75,H7_Glucuronamide,11
14.0,H7_Glucuronamide,11
14.25,H7_Glucuronamide,12
14.5,H7_Glucuronamide,11
14.75,H7_Glucuronamide,12
15.0,H7_Glucuronamide,11
15.25,H7_Glucuronamide,11
15.5,H7_Glucuronamide,11
15.75,H7_Glucuronamide,13
16.0,H7_Glucuronamide,11
16.25,H7_Glucuronamide,11
16.5,H7_Glucuronamide,11
16.75,H7_Glucuronamide,11
17.0,H7_Glucuronamide,11
17.25,H7_Glucuronamide,11
17.5,H7_Glucuronamide,13
17.75,H7_Glucuronamide,12
18.0,H7_Glucuronamide,11
18.25,H7_Glucuronamide,11
18.5,H7_Glucuronamide,14
18.75,H7_Glucuronamide,12
19.0,H7_Glucuronamide,11
19.25,H7_Glucuronamide,11
19.5,H7_Glucuronamide,13
19.75,H7_Glucuronamide,12
20.0,H7_Glucuronamide,11
20.25,H7_Glucuronamide,16
20.5,H7_Glucuronamide,11
20.75,H7_Glucuronamide,16
21.0,H7_Glucuronamide,17
21.25,H7_Glucuronamide,12
21.5,H7_Glucuronamide,13
21.75,H7_Glucuronamide,13
22.0,H7_Glucuronamide,11
22.25,H7_Glucuronamide,12
22.5,H7_Glucuronamide,19
22.75,H7_Glucuronamide,13
23.0,H7_Glucuronamide,13
23.25,H7_Glucuronamide,11
23.5,H7_Glucuronamide,13
23.75,H7_Glucuronamide,14
24.0,H7_Glucuronamide,12
24.25,H7_Glucuronamide,11
24.5,H7_Glucuronamide,17
24.75,H7_Glucuronamide,14
25.0,H7_Glucuronamide,11
25.25,H7_Glucuronamide,12
25.5,H7_Glucuronamide,12
25.75,H7_Glucuronamide,14
26.0,H7_Glucuronamide,11
26.25,H7_Glucuronamide,11
26.5,H7_Glucuronamide,15
26.75,H7_Glucuronamide,13
27.0,H7_Glucuronamide,14
27.25,H7_Glucuronamide,12
27.5,H7_Glucuronamide,15
27.75,H7_Glucuronamide,13
28.0,H7_Glucuronamide,13
28.25,H7_Glucuronamide,15
28.5,H7_Glucuronamide,12
28.75,H7_Glucuronamide,13
29.0,H7_Glucuronamide,13
29.25,H7_Glucuronamide,13
29.5,H7_Glucuronamide,15
29.75,H7_Glucuronamide,11
30.0,H7_Glucuronamide,11
30.25,H7_Glucuronamide,13
30.5,H7_Glucuronamide,11
30.75,H7_Glucuronamide,14
31.0,H7_Glucuronamide,13
31.25,H7_Glucuronamide,11
31.5,H7_Glucuronamide,16
31.75,H7_Glucuronamide,11
32.0,H7_Glucuronamide,15
32.25,H7_Glucuronamide,14
32.5,H7_Glucuronamide,15
32.75,H7_Glucuronamide,11
33.0,H7_Glucuronamide,13
33.25,H7_Glucuronamide,13
33.5,H7_Glucuronamide,11
33.75,H7_Glucuronamide,17
34.0,H7_Glucuronamide,13
34.25,H7_Glucuronamide,11
34.5,H7_Glucuronamide,12
34.75,H7_Glucuronamide,13
35.0,H7_Glucuronamide,13
35.25,H7_Glucuronamide,11
35.5,H7_Glucuronamide,17
35.75,H7_Glucuronamide,14
36.0,H7_Glucuronamide,11
36.25,H7_Glucuronamide,11
36.5,H7_Glucuronamide,11
36.75,H7_Glucuronamide,12
37.0,H7_Glucuronamide,14
37.25,H7_Glucuronamide,14
37.5,H7_Glucuronamide,11
37.75,H7_Glucuronamide,15
38.0,H7_Glucuronamide,11
38.25,H7_Glucuronamide,11
38.5,H7_Glucuronamide,13
38.75,H7_Glucuronamide,12
39.0,H7_Glucuronamide,11
39.25,H7_Glucuronamide,12
39.5,H7_Glucuronamide,12
39.75,H7_Glucuronamide,11
40.0,H7_Glucuronamide,12
40.25,H7_Glucuronamide,14
40.5,H7_Glucuronamide,12
40.75,H7_Glucuronamide,12
41.0,H7_Glucuronamide,11
41.25,H7_Glucuronamide,13
41.5,H7_Glucuronamide,11
41.75,H7_Glucuronamide,13
42.0,H7_Glucuronamide,15
42.25,H7_Glucuronamide,17
42.5,H7_Glucuronamide,13
42.75,H7_Glucuronamide,13
43.0,H7_Glucuronamide,13
43.25,H7_Glucuronamide,12
43.5,H7_Glucuronamide,11
43.75,H7_Glucuronamide,11
44.0,H7_Glucuronamide,14
44.25,H7_Glucuronamide,14
44.5,H7_Glucuronamide,12
44.75,H7_Glucuronamide,13
45.0,H7_Glucuronamide,15
45.25,H7_Glucuronamide,12
45.5,H7_Glucuronamide,12
45.75,H7_Glucuronamide,13
46.0,H7_Glucuronamide,13
46.25,H7_Glucuronamide,15
46.5,H7_Glucuronamide,14
46.75,H7_Glucuronamide,16
47.0,H7_Glucuronamide,11
47.25,H7_Glucuronamide,11
47.5,H7_Glucuronamide,15
47.75,H7_Glucuronamide,17
48.0,H7_Glucuronamide,14
48.25,H7_Glucuronamide,17
0.0,H8_Pyruvic_Acid,11
0.25,H8_Pyruvic_Acid,11
0.5,H8_Pyruvic_Acid,11
0.75,H8_Pyruvic_Acid,11
1.0,H8_Pyruvic_Acid,11
1.25,H8_Pyruvic_Acid,11
1.5,H8_Pyruvic_Acid,11
1.75,H8_Pyruvic_Acid,11
2.0,H8_Pyruvic_Acid,11
2.25,H8_Pyruvic_Acid,11
2.5,H8_Pyruvic_Acid,11
2.75,H8_Pyruvic_Acid,11
3.0,H8_Pyruvic_Acid,11
3.25,H8_Pyruvic_Acid,11
3.5,H8_Pyruvic_Acid,11
3.75,H8_Pyruvic_Acid,11
4.0,H8_Pyruvic_Acid,11
4.25,H8_Pyruvic_Acid,11
4.5,H8_Pyruvic_Acid,11
4.75,H8_Pyruvic_Acid,11
5.0,H8_Pyruvic_Acid,11
5.25,H8_Pyruvic_Acid,11
5.5,H8_Pyruvic_Acid,11
5.75,H8_Pyruvic_Acid,11
6.0,H8_Pyruvic_Acid,11
6.25,H8_Pyruvic_Acid,11
6.5,H8_Pyruvic_Acid,11
6.75,H8_Pyruvic_Acid,11
7.0,H8_Pyruvic_Acid,11
7.25,H8_Pyruvic_Acid,11
7.5,H8_Pyruvic_Acid,11
7.75,H8_Pyruvic_Acid,11
8.0,H8_Pyruvic_Acid,11
8.25,H8_Pyruvic_Acid,11
8.5,H8_Pyruvic_Acid,11
8.75,H8_Pyruvic_Acid,11
9.0,H8_Pyruvic_Acid,11
9.25,H8_Pyruvic_Acid,11
9.5,H8_Pyruvic_Acid,11
9.75,H8_Pyruvic_Acid,11
10.0,H8_Pyruvic_Acid,11
10.25,H8_Pyruvic_Acid,11
10.5,H8_Pyruvic_Acid,11
10.75,H8_Pyruvic_Acid,11
11.0,H8_Pyruvic_Acid,11
11.25,H8_Pyruvic_Acid,11
11.5,H8_Pyruvic_Acid,12
11.75,H8_Pyruvic_Acid,11
12.0,H8_Pyruvic_Acid,11
12.25,H8_Pyruvic_Acid,11
12.5,H8_Pyruvic_Acid,11
12.75,H8_Pyruvic_Acid,11
13.0,H8_Pyruvic_Acid,11
13.25,H8_Pyruvic_Acid,11
13.5,H8_Pyruvic_Acid,11
13.75,H8_Pyruvic_Acid,11
14.0,H8_Pyruvic_Acid,12
14.25,H8_Pyruvic_Acid,11
14.5,H8_Pyruvic_Acid,11
14.75,H8_Pyruvic_Acid,11
15.0,H8_Pyruvic_Acid,12
15.25,H8_Pyruvic_Acid,12
15.5,H8_Pyruvic_Acid,11
15.75,H8_Pyruvic_Acid,13
16.0,H8_Pyruvic_Acid,12
16.25,H8_Pyruvic_Acid,15
16.5,H8_Pyruvic_Acid,11
16.75,H8_Pyruvic_Acid,12
17.0,H8_Pyruvic_Acid,11
17.25,H8_Pyruvic_Acid,17
17.5,H8_Pyruvic_Acid,15
17.75,H8_Pyruvic_Acid,13
18.0,H8_Pyruvic_Acid,14
18.25,H8_Pyruvic_Acid,13
18.5,H8_Pyruvic_Acid,12
18.75,H8_Pyruvic_Acid,16
19.0,H8_Pyruvic_Acid,16
19.25,H8_Pyruvic_Acid,16
19.5,H8_Pyruvic_Acid,16
19.75,H8_Pyruvic_Acid,11
20.0,H8_Pyruvic_Acid,17
20.25,H8_Pyruvic_Acid,18
20.5,H8_Pyruvic_Acid,17
20.75,H8_Pyruvic_Acid,15
21.0,H8_Pyruvic_Acid,18
21.25,H8_Pyruvic_Acid,20
21.5,H8_Pyruvic_Acid,15
21.75,H8_Pyruvic_Acid,19
22.0,H8_Pyruvic_Acid,22
22.25,H8_Pyruvic_Acid,18
22.5,H8_Pyruvic_Acid,21
22.75,H8_Pyruvic_Acid,15
23.0,H8_Pyruvic_Acid,20
23.25,H8_Pyruvic_Acid,15
23.5,H8_Pyruvic_Acid,20
23.75,H8_Pyruvic_Acid,15
24.0,H8_Pyruvic_Acid,14
24.25,H8_Pyruvic_Acid,21
24.5,H8_Pyruvic_Acid,17
24.75,H8_Pyruvic_Acid,20
25.0,H8_Pyruvic_Acid,16
25.25,H8_Pyruvic_Acid,15
25.5,H8_Pyruvic_Acid,21
25.75,H8_Pyruvic_Acid,18
26.0,H8_Pyruvic_Acid,17
26.25,H8_Pyruvic_Acid,21
26.5,H8_Pyruvic_Acid,17
26.75,H8_Pyruvic_Acid,17
27.0,H8_Pyruvic_Acid,18
27.25,H8_Pyruvic_Acid,18
27.5,H8_Pyruvic_Acid,13
27.75,H8_Pyruvic_Acid,15
28.0,H8_Pyruvic_Acid,16
28.25,H8_Pyruvic_Acid,21
28.5,H8_Pyruvic_Acid,19
28.75,H8_Pyruvic_Acid,18
29.0,H8_Pyruvic_Acid,20
29.25,H8_Pyruvic_Acid,18
29.5,H8_Pyruvic_Acid,17
29.75,H8_Pyruvic_Acid,19
30.0,H8_Pyruvic_Acid,16
30.25,H8_Pyruvic_Acid,21
30.5,H8_Pyruvic_Acid,20
30.75,H8_Pyruvic_Acid,16
31.0,H8_Pyruvic_Acid,19
31.25,H8_Pyruvic_Acid,22
31.5,H8_Pyruvic_Acid,21
31.75,H8_Pyruvic_Acid,20
32.0,H8_Pyruvic_Acid,20
32.25,H8_Pyruvic_Acid,23
32.5,H8_Pyruvic_Acid,22
32.75,H8_Pyruvic_Acid,12
33.0,H8_Pyruvic_Acid,22
33.25,H8_Pyruvic_Acid,17
33.5,H8_Pyruvic_Acid,15
33.75,H8_Pyruvic_Acid,25
34.0,H8_Pyruvic_Acid,21
34.25,H8_Pyruvic_Acid,20
34.5,H8_Pyruvic_Acid,23
34.75,H8_Pyruvic_Acid,16
35.0,H8_Pyruvic_Acid,15
35.25,H8_Pyruvic_Acid,17
35.5,H8_Pyruvic_Acid,19
35.75,H8_Pyruvic_Acid,18
36.0,H8_Pyruvic_Acid,19
36.25,H8_Pyruvic_Acid,16
36.5,H8_Pyruvic_Acid,19
36.75,H8_Pyruvic_Acid,21
37.0,H8_Pyruvic_Acid,20
37.25,H8_Pyruvic_Acid,17
37.5,H8_Pyruvic_Acid,18
37.75,H8_Pyruvic_Acid,18
38.0,H8_Pyruvic_Acid,21
38.25,H8_Pyruvic_Acid,17
38.5,H8_Pyruvic_Acid,18
38.75,H8_Pyruvic_Acid,16
39.0,H8_Pyruvic_Acid,17
39.25,H8_Pyruvic_Acid,17
39.5,H8_Pyruvic_Acid,19
39.75,H8_Pyruvic_Acid,15
40.0,H8_Pyruvic_Acid,17
40.25,H8_Pyruvic_Acid,17
40.5,H8_Pyruvic_Acid,20
40.75,H8_Pyruvic_Acid,19
41.0,H8_Pyruvic_Acid,18
41.25,H8_Pyruvic_Acid,22
41.5,H8_Pyruvic_Acid,17
41.75,H8_Pyruvic_Acid,20
42.0,H8_Pyruvic_Acid,21
42.25,H8_Pyruvic_Acid,19
42.5,H8_Pyruvic_Acid,19
42.75,H8_Pyruvic_Acid,19
43.0,H8_Pyruvic_Acid,21
43.25,H8_Pyruvic_Acid,18
43.5,H8_Pyruvic_Acid,18
43.75,H8_Pyruvic_Acid,19
44.0,H8_Pyruvic_Acid,20
44.25,H8_Pyruvic_Acid,22
44.5,H8_Pyruvic_Acid,18
44.75,H8_Pyruvic_Acid,23
45.0,H8_Pyruvic_Acid,20
45.25,H8_Pyruvic_Acid,23
45.5,H8_Pyruvic_Acid,26
45.75,H8_Pyruvic_Acid,22
46.0,H8_Pyruvic_Acid,23
46.25,H8_Pyruvic_Acid,23
46.5,H8_Pyruvic_Acid,23
46.75,H8_Pyruvic_Acid,26
47.0,H8_Pyruvic_Acid,22
47.25,H8_Pyruvic_Acid,22
47.5,H8_Pyruvic_Acid,24
47.75,H8_Pyruvic_Acid,23
48.0,H8_Pyruvic_Acid,22
48.25,H8_Pyruvic_Acid,18
0.0,H9_L-Galactonic_Acid-g-Lactone,11
0.25,H9_L-Galactonic_Acid-g-Lactone,11
0.5,H9_L-Galactonic_Acid-g-Lactone,11
0.75,H9_L-Galactonic_Acid-g-Lactone,11
1.0,H9_L-Galactonic_Acid-g-Lactone,11
1.25,H9_L-Galactonic_Acid-g-Lactone,11
1.5,H9_L-Galactonic_Acid-g-Lactone,11
1.75,H9_L-Galactonic_Acid-g-Lactone,11
2.0,H9_L-Galactonic_Acid-g-Lactone,11
2.25,H9_L-Galactonic_Acid-g-Lactone,11
2.5,H9_L-Galactonic_Acid-g-Lactone,11
2.75,H9_L-Galactonic_Acid-g-Lactone,11
3.0,H9_L-Galactonic_Acid-g-Lactone,11
3.25,H9_L-Galactonic_Acid-g-Lactone,11
3.5,H9_L-Galactonic_Acid-g-Lactone,11
3.75,H9_L-Galactonic_Acid-g-Lactone,11
4.0,H9_L-Galactonic_Acid-g-Lactone,11
4.25,H9_L-Galactonic_Acid-g-Lactone,11
4.5,H9_L-Galactonic_Acid-g-Lactone,11
4.75,H9_L-Galactonic_Acid-g-Lactone,11
5.0,H9_L-Galactonic_Acid-g-Lactone,11
5.25,H9_L-Galactonic_Acid-g-Lactone,11
5.5,H9_L-Galactonic_Acid-g-Lactone,11
5.75,H9_L-Galactonic_Acid-g-Lactone,11
6.0,H9_L-Galactonic_Acid-g-Lactone,11
6.25,H9_L-Galactonic_Acid-g-Lactone,11
6.5,H9_L-Galactonic_Acid-g-Lactone,11
6.75,H9_L-Galactonic_Acid-g-Lactone,11
7.0,H9_L-Galactonic_Acid-g-Lactone,11
7.25,H9_L-Galactonic_Acid-g-Lactone,11
7.5,H9_L-Galactonic_Acid-g-Lactone,11
7.75,H9_L-Galactonic_Acid-g-Lactone,11
8.0,H9_L-Galactonic_Acid-g-Lactone,11
8.25,H9_L-Galactonic_Acid-g-Lactone,11
8.5,H9_L-Galactonic_Acid-g-Lactone,11
8.75,H9_L-Galactonic_Acid-g-Lactone,11
9.0,H9_L-Galactonic_Acid-g-Lactone,11
9.25,H9_L-Galactonic_Acid-g-Lactone,11
9.5,H9_L-Galactonic_Acid-g-Lactone,11
9.75,H9_L-Galactonic_Acid-g-Lactone,11
10.0,H9_L-Galactonic_Acid-g-Lactone,11
10.25,H9_L-Galactonic_Acid-g-Lactone,11
10.5,H9_L-Galactonic_Acid-g-Lactone,11
10.75,H9_L-Galactonic_Acid-g-Lactone,11
11.0,H9_L-Galactonic_Acid-g-Lactone,11
11.25,H9_L-Galactonic_Acid-g-Lactone,11
11.5,H9_L-Galactonic_Acid-g-Lactone,11
11.75,H9_L-Galactonic_Acid-g-Lactone,11
12.0,H9_L-Galactonic_Acid-g-Lactone,11
12.25,H9_L-Galactonic_Acid-g-Lactone,11
12.5,H9_L-Galactonic_Acid-g-Lactone,11
12.75,H9_L-Galactonic_Acid-g-Lactone,11
13.0,H9_L-Galactonic_Acid-g-Lactone,11
13.25,H9_L-Galactonic_Acid-g-Lactone,11
13.5,H9_L-Galactonic_Acid-g-Lactone,11
13.75,H9_L-Galactonic_Acid-g-Lactone,11
14.0,H9_L-Galactonic_Acid-g-Lactone,11
14.25,H9_L-Galactonic_Acid-g-Lactone,11
14.5,H9_L-Galactonic_Acid-g-Lactone,11
14.75,H9_L-Galactonic_Acid-g-Lactone,11
15.0,H9_L-Galactonic_Acid-g-Lactone,11
15.25,H9_L-Galactonic_Acid-g-Lactone,11
15.5,H9_L-Galactonic_Acid-g-Lactone,11
15.75,H9_L-Galactonic_Acid-g-Lactone,11
16.0,H9_L-Galactonic_Acid-g-Lactone,11
16.25,H9_L-Galactonic_Acid-g-Lactone,11
16.5,H9_L-Galactonic_Acid-g-Lactone,11
16.75,H9_L-Galactonic_Acid-g-Lactone,11
17.0,H9_L-Galactonic_Acid-g-Lactone,11
17.25,H9_L-Galactonic_Acid-g-Lactone,11
17.5,H9_L-Galactonic_Acid-g-Lactone,11
17.75,H9_L-Galactonic_Acid-g-Lactone,11
18.0,H9_L-Galactonic_Acid-g-Lactone,11
18.25,H9_L-Galactonic_Acid-g-Lactone,11
18.5,H9_L-Galactonic_Acid-g-Lactone,11
18.75,H9_L-Galactonic_Acid-g-Lactone,11
19.0,H9_L-Galactonic_Acid-g-Lactone,11
19.25,H9_L-Galactonic_Acid-g-Lactone,11
19.5,H9_L-Galactonic_Acid-g-Lactone,11
19.75,H9_L-Galactonic_Acid-g-Lactone,11
20.0,H9_L-Galactonic_Acid-g-Lactone,11
20.25,H9_L-Galactonic_Acid-g-Lactone,11
20.5,H9_L-Galactonic_Acid-g-Lactone,11
20.75,H9_L-Galactonic_Acid-g-Lactone,11
21.0,H9_L-Galactonic_Acid-g-Lactone,11
21.25,H9_L-Galactonic_Acid-g-Lactone,11
21.5,H9_L-Galactonic_Acid-g-Lactone,11
21.75,H9_L-Galactonic_Acid-g-Lactone,11
22.0,H9_L-Galactonic_Acid-g-Lactone,11
22.25,H9_L-Galactonic_Acid-g-Lactone,11
22.5,H9_L-Galactonic_Acid-g-Lactone,11
22.75,H9_L-Galactonic_Acid-g-Lactone,11
23.0,H9_L-Galactonic_Acid-g-Lactone,11
23.25,H9_L-Galactonic_Acid-g-Lactone,11
23.5,H9_L-Galactonic_Acid-g-Lactone,11
23.75,H9_L-Galactonic_Acid-g-Lactone,11
24.0,H9_L-Galactonic_Acid-g-Lactone,11
24.25,H9_L-Galactonic_Acid-g-Lactone,11
24.5,H9_L-Galactonic_Acid-g-Lactone,11
24.75,H9_L-Galactonic_Acid-g-Lactone,11
25.0,H9_L-Galactonic_Acid-g-Lactone,11
25.25,H9_L-Galactonic_Acid-g-Lactone,11
25.5,H9_L-Galactonic_Acid-g-Lactone,11
25.75,H9_L-Galactonic_Acid-g-Lactone,11
26.0,H9_L-Galactonic_Acid-g-Lactone,11
26.25,H9_L-Galactonic_Acid-g-Lactone,11
26.5,H9_L-Galactonic_Acid-g-Lactone,11
26.75,H9_L-Galactonic_Acid-g-Lactone,11
27.0,H9_L-Galactonic_Acid-g-Lactone,11
27.25,H9_L-Galactonic_Acid-g-Lactone,11
27.5,H9_L-Galactonic_Acid-g-Lactone,11
27.75,H9_L-Galactonic_Acid-g-Lactone,11
28.0,H9_L-Galactonic_Acid-g-Lactone,11
28.25,H9_L-Galactonic_Acid-g-Lactone,11
28.5,H9_L-Galactonic_Acid-g-Lactone,11
28.75,H9_L-Galactonic_Acid-g-Lactone,11
29.0,H9_L-Galactonic_Acid-g-Lactone,11
29.25,H9_L-Galactonic_Acid-g-Lactone,11
29.5,H9_L-Galactonic_Acid-g-Lactone,11
29.75,H9_L-Galactonic_Acid-g-Lactone,11
30.0,H9_L-Galactonic_Acid-g-Lactone,11
30.25,H9_L-Galactonic_Acid-g-Lactone,11
30.5,H9_L-Galactonic_Acid-g-Lactone,11
30.75,H9_L-Galactonic_Acid-g-Lactone,11
31.0,H9_L-Galactonic_Acid-g-Lactone,11
31.25,H9_L-Galactonic_Acid-g-Lactone,11
31.5,H9_L-Galactonic_Acid-g-Lactone,11
31.75,H9_L-Galactonic_Acid-g-Lactone,11
32.0,H9_L-Galactonic_Acid-g-Lactone,11
32.25,H9_L-Galactonic_Acid-g-Lactone,11
32.5,H9_L-Galactonic_Acid-g-Lactone,11
32.75,H9_L-Galactonic_Acid-g-Lactone,11
33.0,H9_L-Galactonic_Acid-g-Lactone,11
33.25,H9_L-Galactonic_Acid-g-Lactone,11
33.5,H9_L-Galactonic_Acid-g-Lactone,11
33.75,H9_L-Galactonic_Acid-g-Lactone,11
34.0,H9_L-Galactonic_Acid-g-Lactone,11
34.25,H9_L-Galactonic_Acid-g-Lactone,11
34.5,H9_L-Galactonic_Acid-g-Lactone,11
34.75,H9_L-Galactonic_Acid-g-Lactone,11
35.0,H9_L-Galactonic_Acid-g-Lactone,11
35.25,H9_L-Galactonic_Acid-g-Lactone,11
35.5,H9_L-Galactonic_Acid-g-Lactone,11
35.75,H9_L-Galactonic_Acid-g-Lactone,11
36.0,H9_L-Galactonic_Acid-g-Lactone,11
36.25,H9_L-Galactonic_Acid-g-Lactone,11
36.5,H9_L-Galactonic_Acid-g-Lactone,11
36.75,H9_L-Galactonic_Acid-g-Lactone,11
37.0,H9_L-Galactonic_Acid-g-Lactone,11
37.25,H9_L-Galactonic_Acid-g-Lactone,11
37.5,H9_L-Galactonic_Acid-g-Lactone,11
37.75,H9_L-Galactonic_Acid-g-Lactone,11
38.0,H9_L-Galactonic_Acid-g-Lactone,11
38.25,H9_L-Galactonic_Acid-g-Lactone,11
38.5,H9_L-Galactonic_Acid-g-Lactone,11
38.75,H9_L-Galactonic_Acid-g-Lactone,11
39.0,H9_L-Galactonic_Acid-g-Lactone,11
39.25,H9_L-Galactonic_Acid-g-Lactone,11
39.5,H9_L-Galactonic_Acid-g-Lactone,11
39.75,H9_L-Galactonic_Acid-g-Lactone,11
40.0,H9_L-Galactonic_Acid-g-Lactone,11
40.25,H9_L-Galactonic_Acid-g-Lactone,11
40.5,H9_L-Galactonic_Acid-g-Lactone,11
40.75,H9_L-Galactonic_Acid-g-Lactone,11
41.0,H9_L-Galactonic_Acid-g-Lactone,11
41.25,H9_L-Galactonic_Acid-g-Lactone,11
41.5,H9_L-Galactonic_Acid-g-Lactone,11
41.75,H9_L-Galactonic_Acid-g-Lactone,11
42.0,H9_L-Galactonic_Acid-g-Lactone,11
42.25,H9_L-Galactonic_Acid-g-Lactone,11
42.5,H9_L-Galactonic_Acid-g-Lactone,11
42.75,H9_L-Galactonic_Acid-g-Lactone,11
43.0,H9_L-Galactonic_Acid-g-Lactone,11
43.25,H9_L-Galactonic_Acid-g-Lactone,11
43.5,H9_L-Galactonic_Acid-g-Lactone,11
43.75,H9_L-Galactonic_Acid-g-Lactone,11
44.0,H9_L-Galactonic_Acid-g-Lactone,11
44.25,H9_L-Galactonic_Acid-g-Lactone,11
44.5,H9_L-Galactonic_Acid-g-Lactone,11
44.75,H9_L-Galactonic_Acid-g-Lactone,11
45.0,H9_L-Galactonic_Acid-g-Lactone,11
45.25,H9_L-Galactonic_Acid-g-Lactone,11
45.5,H9_L-Galactonic_Acid-g-Lactone,11
45.75,H9_L-Galactonic_Acid-g-Lactone,11
46.0,H9_L-Galactonic_Acid-g-Lactone,11
46.25,H9_L-Galactonic_Acid-g-Lactone,11
46.5,H9_L-Galactonic_Acid-g-Lactone,11
46.75,H9_L-Galactonic_Acid-g-Lactone,11
47.0,H9_L-Galactonic_Acid-g-Lactone,11
47.25,H9_L-Galactonic_Acid-g-Lactone,11
47.5,H9_L-Galactonic_Acid-g-Lactone,11
47.75,H9_L-Galactonic_Acid-g-Lactone,11
48.0,H9_L-Galactonic_Acid-g-Lactone,11
48.25,H9_L-Galactonic_Acid-g-Lactone,11
0.0,H10_D-GalacturonicAcid,11
0.25,H10_D-GalacturonicAcid,11
0.5,H10_D-GalacturonicAcid,11
0.75,H10_D-GalacturonicAcid,11
1.0,H10_D-GalacturonicAcid,11
1.25,H10_D-GalacturonicAcid,11
1.5,H10_D-GalacturonicAcid,11
1.75,H10_D-GalacturonicAcid,11
2.0,H10_D-GalacturonicAcid,11
2.25,H10_D-GalacturonicAcid,11
2.5,H10_D-GalacturonicAcid,11
2.75,H10_D-GalacturonicAcid,11
3.0,H10_D-GalacturonicAcid,11
3.25,H10_D-GalacturonicAcid,11
3.5,H10_D-GalacturonicAcid,11
3.75,H10_D-GalacturonicAcid,11
4.0,H10_D-GalacturonicAcid,11
4.25,H10_D-GalacturonicAcid,11
4.5,H10_D-GalacturonicAcid,11
4.75,H10_D-GalacturonicAcid,11
5.0,H10_D-GalacturonicAcid,11
5.25,H10_D-GalacturonicAcid,11
5.5,H10_D-GalacturonicAcid,11
5.75,H10_D-GalacturonicAcid,11
6.0,H10_D-GalacturonicAcid,11
6.25,H10_D-GalacturonicAcid,11
6.5,H10_D-GalacturonicAcid,11
6.75,H10_D-GalacturonicAcid,11
7.0,H10_D-GalacturonicAcid,11
7.25,H10_D-GalacturonicAcid,11
7.5,H10_D-GalacturonicAcid,11
7.75,H10_D-GalacturonicAcid,11
8.0,H10_D-GalacturonicAcid,11
8.25,H10_D-GalacturonicAcid,11
8.5,H10_D-GalacturonicAcid,11
8.75,H10_D-GalacturonicAcid,11
9.0,H10_D-GalacturonicAcid,11
9.25,H10_D-GalacturonicAcid,11
9.5,H10_D-GalacturonicAcid,11
9.75,H10_D-GalacturonicAcid,11
10.0,H10_D-GalacturonicAcid,11
10.25,H10_D-GalacturonicAcid,11
10.5,H10_D-GalacturonicAcid,11
10.75,H10_D-GalacturonicAcid,11
11.0,H10_D-GalacturonicAcid,11
11.25,H10_D-GalacturonicAcid,11
11.5,H10_D-GalacturonicAcid,11
11.75,H10_D-GalacturonicAcid,11
12.0,H10_D-GalacturonicAcid,11
12.25,H10_D-GalacturonicAcid,11
12.5,H10_D-GalacturonicAcid,11
12.75,H10_D-GalacturonicAcid,11
13.0,H10_D-GalacturonicAcid,11
13.25,H10_D-GalacturonicAcid,11
13.5,H10_D-GalacturonicAcid,11
13.75,H10_D-GalacturonicAcid,11
14.0,H10_D-GalacturonicAcid,11
14.25,H10_D-GalacturonicAcid,11
14.5,H10_D-GalacturonicAcid,11
14.75,H10_D-GalacturonicAcid,11
15.0,H10_D-GalacturonicAcid,11
15.25,H10_D-GalacturonicAcid,11
15.5,H10_D-GalacturonicAcid,11
15.75,H10_D-GalacturonicAcid,11
16.0,H10_D-GalacturonicAcid,11
16.25,H10_D-GalacturonicAcid,11
16.5,H10_D-GalacturonicAcid,11
16.75,H10_D-GalacturonicAcid,11
17.0,H10_D-GalacturonicAcid,11
17.25,H10_D-GalacturonicAcid,13
17.5,H10_D-GalacturonicAcid,11
17.75,H10_D-GalacturonicAcid,11
18.0,H10_D-GalacturonicAcid,11
18.25,H10_D-GalacturonicAcid,11
18.5,H10_D-GalacturonicAcid,14
18.75,H10_D-GalacturonicAcid,12
19.0,H10_D-GalacturonicAcid,11
19.25,H10_D-GalacturonicAcid,13
19.5,H10_D-GalacturonicAcid,15
19.75,H10_D-GalacturonicAcid,15
20.0,H10_D-GalacturonicAcid,12
20.25,H10_D-GalacturonicAcid,15
20.5,H10_D-GalacturonicAcid,14
20.75,H10_D-GalacturonicAcid,14
21.0,H10_D-GalacturonicAcid,12
21.25,H10_D-GalacturonicAcid,11
21.5,H10_D-GalacturonicAcid,12
21.75,H10_D-GalacturonicAcid,11
22.0,H10_D-GalacturonicAcid,14
22.25,H10_D-GalacturonicAcid,11
22.5,H10_D-GalacturonicAcid,12
22.75,H10_D-GalacturonicAcid,15
23.0,H10_D-GalacturonicAcid,12
23.25,H10_D-GalacturonicAcid,16
23.5,H10_D-GalacturonicAcid,20
23.75,H10_D-GalacturonicAcid,14
24.0,H10_D-GalacturonicAcid,13
24.25,H10_D-GalacturonicAcid,15
24.5,H10_D-GalacturonicAcid,15
24.75,H10_D-GalacturonicAcid,15
25.0,H10_D-GalacturonicAcid,15
25.25,H10_D-GalacturonicAcid,14
25.5,H10_D-GalacturonicAcid,17
25.75,H10_D-GalacturonicAcid,16
26.0,H10_D-GalacturonicAcid,12
26.25,H10_D-GalacturonicAcid,14
26.5,H10_D-GalacturonicAcid,16
26.75,H10_D-GalacturonicAcid,18
27.0,H10_D-GalacturonicAcid,16
27.25,H10_D-GalacturonicAcid,15
27.5,H10_D-GalacturonicAcid,11
27.75,H10_D-GalacturonicAcid,13
28.0,H10_D-GalacturonicAcid,17
28.25,H10_D-GalacturonicAcid,14
28.5,H10_D-GalacturonicAcid,17
28.75,H10_D-GalacturonicAcid,15
29.0,H10_D-GalacturonicAcid,16
29.25,H10_D-GalacturonicAcid,12
29.5,H10_D-GalacturonicAcid,13
29.75,H10_D-GalacturonicAcid,13
30.0,H10_D-GalacturonicAcid,16
30.25,H10_D-GalacturonicAcid,14
30.5,H10_D-GalacturonicAcid,13
30.75,H10_D-GalacturonicAcid,17
31.0,H10_D-GalacturonicAcid,15
31.25,H10_D-GalacturonicAcid,12
31.5,H10_D-GalacturonicAcid,12
31.75,H10_D-GalacturonicAcid,12
32.0,H10_D-GalacturonicAcid,13
32.25,H10_D-GalacturonicAcid,12
32.5,H10_D-GalacturonicAcid,14
32.75,H10_D-GalacturonicAcid,15
33.0,H10_D-GalacturonicAcid,13
33.25,H10_D-GalacturonicAcid,11
33.5,H10_D-GalacturonicAcid,16
33.75,H10_D-GalacturonicAcid,14
34.0,H10_D-GalacturonicAcid,14
34.25,H10_D-GalacturonicAcid,15
34.5,H10_D-GalacturonicAcid,13
34.75,H10_D-GalacturonicAcid,12
35.0,H10_D-GalacturonicAcid,15
35.25,H10_D-GalacturonicAcid,15
35.5,H10_D-GalacturonicAcid,15
35.75,H10_D-GalacturonicAcid,11
36.0,H10_D-GalacturonicAcid,16
36.25,H10_D-GalacturonicAcid,13
36.5,H10_D-GalacturonicAcid,19
36.75,H10_D-GalacturonicAcid,14
37.0,H10_D-GalacturonicAcid,13
37.25,H10_D-GalacturonicAcid,17
37.5,H10_D-GalacturonicAcid,11
37.75,H10_D-GalacturonicAcid,18
38.0,H10_D-GalacturonicAcid,11
38.25,H10_D-GalacturonicAcid,14
38.5,H10_D-GalacturonicAcid,13
38.75,H10_D-GalacturonicAcid,16
39.0,H10_D-GalacturonicAcid,12
39.25,H10_D-GalacturonicAcid,15
39.5,H10_D-GalacturonicAcid,15
39.75,H10_D-GalacturonicAcid,13
40.0,H10_D-GalacturonicAcid,13
40.25,H10_D-GalacturonicAcid,14
40.5,H10_D-GalacturonicAcid,16
40.75,H10_D-GalacturonicAcid,16
41.0,H10_D-GalacturonicAcid,14
41.25,H10_D-GalacturonicAcid,12
41.5,H10_D-GalacturonicAcid,14
41.75,H10_D-GalacturonicAcid,13
42.0,H10_D-GalacturonicAcid,20
42.25,H10_D-GalacturonicAcid,15
42.5,H10_D-GalacturonicAcid,12
42.75,H10_D-GalacturonicAcid,15
43.0,H10_D-GalacturonicAcid,14
43.25,H10_D-GalacturonicAcid,11
43.5,H10_D-GalacturonicAcid,11
43.75,H10_D-GalacturonicAcid,13
44.0,H10_D-GalacturonicAcid,12
44.25,H10_D-GalacturonicAcid,14
44.5,H10_D-GalacturonicAcid,13
44.75,H10_D-GalacturonicAcid,15
45.0,H10_D-GalacturonicAcid,16
45.25,H10_D-GalacturonicAcid,18
45.5,H10_D-GalacturonicAcid,16
45.75,H10_D-GalacturonicAcid,17
46.0,H10_D-GalacturonicAcid,13
46.25,H10_D-GalacturonicAcid,23
46.5,H10_D-GalacturonicAcid,12
46.75,H10_D-GalacturonicAcid,17
47.0,H10_D-GalacturonicAcid,14
47.25,H10_D-GalacturonicAcid,14
47.5,H10_D-GalacturonicAcid,15
47.75,H10_D-GalacturonicAcid,13
48.0,H10_D-GalacturonicAcid,15
48.25,H10_D-GalacturonicAcid,13
0.0,H11_Phenylethylamine,12
0.25,H11_Phenylethylamine,11
0.5,H11_Phenylethylamine,11
0.75,H11_Phenylethylamine,11
1.0,H11_Phenylethylamine,12
1.25,H11_Phenylethylamine,11
1.5,H11_Phenylethylamine,11
1.75,H11_Phenylethylamine,11
2.0,H11_Phenylethylamine,11
2.25,H11_Phenylethylamine,11
2.5,H11_Phenylethylamine,11
2.75,H11_Phenylethylamine,11
3.0,H11_Phenylethylamine,11
3.25,H11_Phenylethylamine,11
3.5,H11_Phenylethylamine,11
3.75,H11_Phenylethylamine,11
4.0,H11_Phenylethylamine,11
4.25,H11_Phenylethylamine,13
4.5,H11_Phenylethylamine,11
4.75,H11_Phenylethylamine,11
5.0,H11_Phenylethylamine,14
5.25,H11_Phenylethylamine,12
5.5,H11_Phenylethylamine,11
5.75,H11_Phenylethylamine,11
6.0,H11_Phenylethylamine,11
6.25,H11_Phenylethylamine,11
6.5,H11_Phenylethylamine,11
6.75,H11_Phenylethylamine,11
7.0,H11_Phenylethylamine,11
7.25,H11_Phenylethylamine,12
7.5,H11_Phenylethylamine,11
7.75,H11_Phenylethylamine,11
8.0,H11_Phenylethylamine,11
8.25,H11_Phenylethylamine,11
8.5,H11_Phenylethylamine,11
8.75,H11_Phenylethylamine,12
9.0,H11_Phenylethylamine,11
9.25,H11_Phenylethylamine,11
9.5,H11_Phenylethylamine,11
9.75,H11_Phenylethylamine,11
10.0,H11_Phenylethylamine,11
10.25,H11_Phenylethylamine,11
10.5,H11_Phenylethylamine,11
10.75,H11_Phenylethylamine,11
11.0,H11_Phenylethylamine,11
11.25,H11_Phenylethylamine,11
11.5,H11_Phenylethylamine,11
11.75,H11_Phenylethylamine,11
12.0,H11_Phenylethylamine,11
12.25,H11_Phenylethylamine,11
12.5,H11_Phenylethylamine,11
12.75,H11_Phenylethylamine,11
13.0,H11_Phenylethylamine,11
13.25,H11_Phenylethylamine,11
13.5,H11_Phenylethylamine,11
13.75,H11_Phenylethylamine,15
14.0,H11_Phenylethylamine,11
14.25,H11_Phenylethylamine,13
14.5,H11_Phenylethylamine,11
14.75,H11_Phenylethylamine,11
15.0,H11_Phenylethylamine,13
15.25,H11_Phenylethylamine,11
15.5,H11_Phenylethylamine,11
15.75,H11_Phenylethylamine,11
16.0,H11_Phenylethylamine,12
16.25,H11_Phenylethylamine,11
16.5,H11_Phenylethylamine,11
16.75,H11_Phenylethylamine,11
17.0,H11_Phenylethylamine,14
17.25,H11_Phenylethylamine,12
17.5,H11_Phenylethylamine,11
17.75,H11_Phenylethylamine,12
18.0,H11_Phenylethylamine,11
18.25,H11_Phenylethylamine,13
18.5,H11_Phenylethylamine,11
18.75,H11_Phenylethylamine,11
19.0,H11_Phenylethylamine,11
19.25,H11_Phenylethylamine,11
19.5,H11_Phenylethylamine,11
19.75,H11_Phenylethylamine,11
20.0,H11_Phenylethylamine,11
20.25,H11_Phenylethylamine,11
20.5,H11_Phenylethylamine,11
20.75,H11_Phenylethylamine,11
21.0,H11_Phenylethylamine,11
21.25,H11_Phenylethylamine,11
21.5,H11_Phenylethylamine,12
21.75,H11_Phenylethylamine,11
22.0,H11_Phenylethylamine,11
22.25,H11_Phenylethylamine,13
22.5,H11_Phenylethylamine,11
22.75,H11_Phenylethylamine,11
23.0,H11_Phenylethylamine,11
23.25,H11_Phenylethylamine,11
23.5,H11_Phenylethylamine,11
23.75,H11_Phenylethylamine,11
24.0,H11_Phenylethylamine,11
24.25,H11_Phenylethylamine,14
24.5,H11_Phenylethylamine,11
24.75,H11_Phenylethylamine,11
25.0,H11_Phenylethylamine,11
25.25,H11_Phenylethylamine,11
25.5,H11_Phenylethylamine,11
25.75,H11_Phenylethylamine,11
26.0,H11_Phenylethylamine,11
26.25,H11_Phenylethylamine,11
26.5,H11_Phenylethylamine,11
26.75,H11_Phenylethylamine,11
27.0,H11_Phenylethylamine,13
27.25,H11_Phenylethylamine,12
27.5,H11_Phenylethylamine,12
27.75,H11_Phenylethylamine,12
28.0,H11_Phenylethylamine,11
28.25,H11_Phenylethylamine,11
28.5,H11_Phenylethylamine,11
28.75,H11_Phenylethylamine,11
29.0,H11_Phenylethylamine,11
29.25,H11_Phenylethylamine,13
29.5,H11_Phenylethylamine,14
29.75,H11_Phenylethylamine,11
30.0,H11_Phenylethylamine,11
30.25,H11_Phenylethylamine,11
30.5,H11_Phenylethylamine,13
30.75,H11_Phenylethylamine,14
31.0,H11_Phenylethylamine,12
31.25,H11_Phenylethylamine,11
31.5,H11_Phenylethylamine,15
31.75,H11_Phenylethylamine,14
32.0,H11_Phenylethylamine,11
32.25,H11_Phenylethylamine,14
32.5,H11_Phenylethylamine,14
32.75,H11_Phenylethylamine,11
33.0,H11_Phenylethylamine,12
33.25,H11_Phenylethylamine,11
33.5,H11_Phenylethylamine,13
33.75,H11_Phenylethylamine,14
34.0,H11_Phenylethylamine,15
34.25,H11_Phenylethylamine,12
34.5,H11_Phenylethylamine,11
34.75,H11_Phenylethylamine,12
35.0,H11_Phenylethylamine,11
35.25,H11_Phenylethylamine,13
35.5,H11_Phenylethylamine,11
35.75,H11_Phenylethylamine,13
36.0,H11_Phenylethylamine,11
36.25,H11_Phenylethylamine,13
36.5,H11_Phenylethylamine,11
36.75,H11_Phenylethylamine,17
37.0,H11_Phenylethylamine,12
37.25,H11_Phenylethylamine,11
37.5,H11_Phenylethylamine,11
37.75,H11_Phenylethylamine,14
38.0,H11_Phenylethylamine,12
38.25,H11_Phenylethylamine,12
38.5,H11_Phenylethylamine,14
38.75,H11_Phenylethylamine,11
39.0,H11_Phenylethylamine,12
39.25,H11_Phenylethylamine,12
39.5,H11_Phenylethylamine,11
39.75,H11_Phenylethylamine,15
40.0,H11_Phenylethylamine,11
40.25,H11_Phenylethylamine,13
40.5,H11_Phenylethylamine,14
40.75,H11_Phenylethylamine,15
41.0,H11_Phenylethylamine,12
41.25,H11_Phenylethylamine,14
41.5,H11_Phenylethylamine,13
41.75,H11_Phenylethylamine,11
42.0,H11_Phenylethylamine,15
42.25,H11_Phenylethylamine,14
42.5,H11_Phenylethylamine,14
42.75,H11_Phenylethylamine,14
43.0,H11_Phenylethylamine,16
43.25,H11_Phenylethylamine,14
43.5,H11_Phenylethylamine,11
43.75,H11_Phenylethylamine,12
44.0,H11_Phenylethylamine,12
44.25,H11_Phenylethylamine,12
44.5,H11_Phenylethylamine,11
44.75,H11_Phenylethylamine,14
45.0,H11_Phenylethylamine,13
45.25,H11_Phenylethylamine,15
45.5,H11_Phenylethylamine,13
45.75,H11_Phenylethylamine,11
46.0,H11_Phenylethylamine,11
46.25,H11_Phenylethylamine,16
46.5,H11_Phenylethylamine,13
46.75,H11_Phenylethylamine,16
47.0,H11_Phenylethylamine,13
47.25,H11_Phenylethylamine,11
47.5,H11_Phenylethylamine,16
47.75,H11_Phenylethylamine,14
48.0,H11_Phenylethylamine,15
48.25,H11_Phenylethylamine,15
0.0,H12_2-Aminoethanol,17
0.25,H12_2-Aminoethanol,17
0.5,H12_2-Aminoethanol,19
0.75,H12_2-Aminoethanol,15
1.0,H12_2-Aminoethanol,13
1.25,H12_2-Aminoethanol,15
1.5,H12_2-Aminoethanol,13
1.75,H12_2-Aminoethanol,14
2.0,H12_2-Aminoethanol,13
2.25,H12_2-Aminoethanol,16
2.5,H12_2-Aminoethanol,11
2.75,H12_2-Aminoethanol,14
3.0,H12_2-Aminoethanol,12
3.25,H12_2-Aminoethanol,14
3.5,H12_2-Aminoethanol,12
3.75,H12_2-Aminoethanol,13
4.0,H12_2-Aminoethanol,15
4.25,H12_2-Aminoethanol,15
4.5,H12_2-Aminoethanol,14
4.75,H12_2-Aminoethanol,14
5.0,H12_2-Aminoethanol,16
5.25,H12_2-Aminoethanol,14
5.5,H12_2-Aminoethanol,12
5.75,H12_2-Aminoethanol,11
6.0,H12_2-Aminoethanol,15
6.25,H12_2-Aminoethanol,15
6.5,H12_2-Aminoethanol,13
6.75,H12_2-Aminoethanol,14
7.0,H12_2-Aminoethanol,15
7.25,H12_2-Aminoethanol,15
7.5,H12_2-Aminoethanol,13
7.75,H12_2-Aminoethanol,11
8.0,H12_2-Aminoethanol,19
8.25,H12_2-Aminoethanol,19
8.5,H12_2-Aminoethanol,13
8.75,H12_2-Aminoethanol,15
9.0,H12_2-Aminoethanol,15
9.25,H12_2-Aminoethanol,17
9.5,H12_2-Aminoethanol,15
9.75,H12_2-Aminoethanol,20
10.0,H12_2-Aminoethanol,11
10.25,H12_2-Aminoethanol,15
10.5,H12_2-Aminoethanol,14
10.75,H12_2-Aminoethanol,17
11.0,H12_2-Aminoethanol,14
11.25,H12_2-Aminoethanol,19
11.5,H12_2-Aminoethanol,15
11.75,H12_2-Aminoethanol,16
12.0,H12_2-Aminoethanol,15
12.25,H12_2-Aminoethanol,16
12.5,H12_2-Aminoethanol,18
12.75,H12_2-Aminoethanol,13
13.0,H12_2-Aminoethanol,16
13.25,H12_2-Aminoethanol,16
13.5,H12_2-Aminoethanol,17
13.75,H12_2-Aminoethanol,17
14.0,H12_2-Aminoethanol,19
14.25,H12_2-Aminoethanol,17
14.5,H12_2-Aminoethanol,16
14.75,H12_2-Aminoethanol,20
15.0,H12_2-Aminoethanol,18
15.25,H12_2-Aminoethanol,18
15.5,H12_2-Aminoethanol,15
15.75,H12_2-Aminoethanol,21
16.0,H12_2-Aminoethanol,21
16.25,H12_2-Aminoethanol,16
16.5,H12_2-Aminoethanol,17
16.75,H12_2-Aminoethanol,17
17.0,H12_2-Aminoethanol,21
17.25,H12_2-Aminoethanol,16
17.5,H12_2-Aminoethanol,19
17.75,H12_2-Aminoethanol,15
18.0,H12_2-Aminoethanol,18
18.25,H12_2-Aminoethanol,24
18.5,H12_2-Aminoethanol,20
18.75,H12_2-Aminoethanol,22
19.0,H12_2-Aminoethanol,17
19.25,H12_2-Aminoethanol,21
19.5,H12_2-Aminoethanol,23
19.75,H12_2-Aminoethanol,22
20.0,H12_2-Aminoethanol,20
20.25,H12_2-Aminoethanol,23
20.5,H12_2-Aminoethanol,21
20.75,H12_2-Aminoethanol,22
21.0,H12_2-Aminoethanol,17
21.25,H12_2-Aminoethanol,20
21.5,H12_2-Aminoethanol,23
21.75,H12_2-Aminoethanol,26
22.0,H12_2-Aminoethanol,24
22.25,H12_2-Aminoethanol,24
22.5,H12_2-Aminoethanol,26
22.75,H12_2-Aminoethanol,25
23.0,H12_2-Aminoethanol,22
23.25,H12_2-Aminoethanol,21
23.5,H12_2-Aminoethanol,24
23.75,H12_2-Aminoethanol,23
24.0,H12_2-Aminoethanol,21
24.25,H12_2-Aminoethanol,24
24.5,H12_2-Aminoethanol,24
24.75,H12_2-Aminoethanol,22
25.0,H12_2-Aminoethanol,25
25.25,H12_2-Aminoethanol,24
25.5,H12_2-Aminoethanol,25
25.75,H12_2-Aminoethanol,27
26.0,H12_2-Aminoethanol,25
26.25,H12_2-Aminoethanol,24
26.5,H12_2-Aminoethanol,24
26.75,H12_2-Aminoethanol,26
27.0,H12_2-Aminoethanol,24
27.25,H12_2-Aminoethanol,25
27.5,H12_2-Aminoethanol,27
27.75,H12_2-Aminoethanol,26
28.0,H12_2-Aminoethanol,23
28.25,H12_2-Aminoethanol,27
28.5,H12_2-Aminoethanol,22
28.75,H12_2-Aminoethanol,27
29.0,H12_2-Aminoethanol,25
29.25,H12_2-Aminoethanol,26
29.5,H12_2-Aminoethanol,22
29.75,H12_2-Aminoethanol,29
30.0,H12_2-Aminoethanol,26
30.25,H12_2-Aminoethanol,25
30.5,H12_2-Aminoethanol,27
30.75,H12_2-Aminoethanol,25
31.0,H12_2-Aminoethanol,22
31.25,H12_2-Aminoethanol,27
31.5,H12_2-Aminoethanol,24
31.75,H12_2-Aminoethanol,27
32.0,H12_2-Aminoethanol,27
32.25,H12_2-Aminoethanol,26
32.5,H12_2-Aminoethanol,30
32.75,H12_2-Aminoethanol,29
33.0,H12_2-Aminoethanol,27
33.25,H12_2-Aminoethanol,26
33.5,H12_2-Aminoethanol,26
33.75,H12_2-Aminoethanol,29
34.0,H12_2-Aminoethanol,31
34.25,H12_2-Aminoethanol,29
34.5,H12_2-Aminoethanol,30
34.75,H12_2-Aminoethanol,27
35.0,H12_2-Aminoethanol,26
35.25,H12_2-Aminoethanol,27
35.5,H12_2-Aminoethanol,26
35.75,H12_2-Aminoethanol,23
36.0,H12_2-Aminoethanol,29
36.25,H12_2-Aminoethanol,29
36.5,H12_2-Aminoethanol,27
36.75,H12_2-Aminoethanol,28
37.0,H12_2-Aminoethanol,26
37.25,H12_2-Aminoethanol,26
37.5,H12_2-Aminoethanol,27
37.75,H12_2-Aminoethanol,31
38.0,H12_2-Aminoethanol,27
38.25,H12_2-Aminoethanol,29
38.5,H12_2-Aminoethanol,28
38.75,H12_2-Aminoethanol,28
39.0,H12_2-Aminoethanol,30
39.25,H12_2-Aminoethanol,31
39.5,H12_2-Aminoethanol,29
39.75,H12_2-Aminoethanol,33
40.0,H12_2-Aminoethanol,29
40.25,H12_2-Aminoethanol,31
40.5,H12_2-Aminoethanol,28
40.75,H12_2-Aminoethanol,28
41.0,H12_2-Aminoethanol,29
41.25,H12_2-Aminoethanol,32
41.5,H12_2-Aminoethanol,27
41.75,H12_2-Aminoethanol,26
42.0,H12_2-Aminoethanol,31
42.25,H12_2-Aminoethanol,31
42.5,H12_2-Aminoethanol,27
42.75,H12_2-Aminoethanol,31
43.0,H12_2-Aminoethanol,31
43.25,H12_2-Aminoethanol,27
43.5,H12_2-Aminoethanol,30
43.75,H12_2-Aminoethanol,25
44.0,H12_2-Aminoethanol,28
44.25,H12_2-Aminoethanol,27
44.5,H12_2-Aminoethanol,25
44.75,H12_2-Aminoethanol,29
45.0,H12_2-Aminoethanol,29
45.25,H12_2-Aminoethanol,30
45.5,H12_2-Aminoethanol,31
45.75,H12_2-Aminoethanol,34
46.0,H12_2-Aminoethanol,27
46.25,H12_2-Aminoethanol,33
46.5,H12_2-Aminoethanol,29
46.75,H12_2-Aminoethanol,35
47.0,H12_2-Aminoethanol,33
47.25,H12_2-Aminoethanol,29
47.5,H12_2-Aminoethanol,28
47.75,H12_2-Aminoethanol,30
48.0,H12_2-Aminoethanol,32
48.25,H12_2-Aminoethanol,31
