Hour,Type,Value
0.0,A1_Negative_Control,20
0.25,A1_Negative_Control,15
0.5,A1_Negative_Control,18
0.75,A1_Negative_Control,15
1.0,A1_Negative_Control,15
1.25,A1_Negative_Control,19
1.5,A1_Negative_Control,15
1.75,A1_Negative_Control,14
2.0,A1_Negative_Control,17
2.25,A1_Negative_Control,17
2.5,A1_Negative_Control,13
2.75,A1_Negative_Control,18
3.0,A1_Negative_Control,16
3.25,A1_Negative_Control,13
3.5,A1_Negative_Control,17
3.75,A1_Negative_Control,14
4.0,A1_Negative_Control,16
4.25,A1_Negative_Control,15
4.5,A1_Negative_Control,16
4.75,A1_Negative_Control,15
5.0,A1_Negative_Control,16
5.25,A1_Negative_Control,16
5.5,A1_Negative_Control,16
5.75,A1_Negative_Control,14
6.0,A1_Negative_Control,16
6.25,A1_Negative_Control,14
6.5,A1_Negative_Control,12
6.75,A1_Negative_Control,16
7.0,A1_Negative_Control,15
7.25,A1_Negative_Control,15
7.5,A1_Negative_Control,11
7.75,A1_Negative_Control,14
8.0,A1_Negative_Control,19
8.25,A1_Negative_Control,16
8.5,A1_Negative_Control,15
8.75,A1_Negative_Control,15
9.0,A1_Negative_Control,12
9.25,A1_Negative_Control,20
9.5,A1_Negative_Control,15
9.75,A1_Negative_Control,16
10.0,A1_Negative_Control,16
10.25,A1_Negative_Control,19
10.5,A1_Negative_Control,17
10.75,A1_Negative_Control,16
11.0,A1_Negative_Control,18
11.25,A1_Negative_Control,16
11.5,A1_Negative_Control,19
11.75,A1_Negative_Control,16
12.0,A1_Negative_Control,16
12.25,A1_Negative_Control,17
12.5,A1_Negative_Control,14
12.75,A1_Negative_Control,18
13.0,A1_Negative_Control,14
13.25,A1_Negative_Control,16
13.5,A1_Negative_Control,17
13.75,A1_Negative_Control,16
14.0,A1_Negative_Control,16
14.25,A1_Negative_Control,20
14.5,A1_Negative_Control,18
14.75,A1_Negative_Control,18
15.0,A1_Negative_Control,19
15.25,A1_Negative_Control,13
15.5,A1_Negative_Control,13
15.75,A1_Negative_Control,16
16.0,A1_Negative_Control,18
16.25,A1_Negative_Control,17
16.5,A1_Negative_Control,16
16.75,A1_Negative_Control,16
17.0,A1_Negative_Control,20
17.25,A1_Negative_Control,19
17.5,A1_Negative_Control,20
17.75,A1_Negative_Control,17
18.0,A1_Negative_Control,13
18.25,A1_Negative_Control,16
18.5,A1_Negative_Control,16
18.75,A1_Negative_Control,19
19.0,A1_Negative_Control,17
19.25,A1_Negative_Control,16
19.5,A1_Negative_Control,19
19.75,A1_Negative_Control,15
20.0,A1_Negative_Control,19
20.25,A1_Negative_Control,20
20.5,A1_Negative_Control,19
20.75,A1_Negative_Control,17
21.0,A1_Negative_Control,19
21.25,A1_Negative_Control,21
21.5,A1_Negative_Control,21
21.75,A1_Negative_Control,21
22.0,A1_Negative_Control,21
22.25,A1_Negative_Control,20
22.5,A1_Negative_Control,23
22.75,A1_Negative_Control,23
23.0,A1_Negative_Control,18
23.25,A1_Negative_Control,19
23.5,A1_Negative_Control,18
23.75,A1_Negative_Control,15
24.0,A1_Negative_Control,17
24.25,A1_Negative_Control,22
24.5,A1_Negative_Control,19
24.75,A1_Negative_Control,18
25.0,A1_Negative_Control,20
25.25,A1_Negative_Control,19
25.5,A1_Negative_Control,17
25.75,A1_Negative_Control,18
26.0,A1_Negative_Control,18
26.25,A1_Negative_Control,22
26.5,A1_Negative_Control,20
26.75,A1_Negative_Control,18
27.0,A1_Negative_Control,16
27.25,A1_Negative_Control,18
27.5,A1_Negative_Control,18
27.75,A1_Negative_Control,21
28.0,A1_Negative_Control,19
28.25,A1_Negative_Control,18
28.5,A1_Negative_Control,22
28.75,A1_Negative_Control,18
29.0,A1_Negative_Control,19
29.25,A1_Negative_Control,19
29.5,A1_Negative_Control,21
29.75,A1_Negative_Control,21
30.0,A1_Negative_Control,16
30.25,A1_Negative_Control,20
30.5,A1_Negative_Control,23
30.75,A1_Negative_Control,20
31.0,A1_Negative_Control,19
31.25,A1_Negative_Control,22
31.5,A1_Negative_Control,22
31.75,A1_Negative_Control,22
32.0,A1_Negative_Control,20
32.25,A1_Negative_Control,18
32.5,A1_Negative_Control,21
32.75,A1_Negative_Control,21
33.0,A1_Negative_Control,24
33.25,A1_Negative_Control,20
33.5,A1_Negative_Control,25
33.75,A1_Negative_Control,24
34.0,A1_Negative_Control,24
34.25,A1_Negative_Control,19
34.5,A1_Negative_Control,24
34.75,A1_Negative_Control,24
35.0,A1_Negative_Control,24
35.25,A1_Negative_Control,24
35.5,A1_Negative_Control,21
35.75,A1_Negative_Control,26
36.0,A1_Negative_Control,24
36.25,A1_Negative_Control,22
36.5,A1_Negative_Control,28
36.75,A1_Negative_Control,24
37.0,A1_Negative_Control,22
37.25,A1_Negative_Control,20
37.5,A1_Negative_Control,25
37.75,A1_Negative_Control,24
38.0,A1_Negative_Control,20
38.25,A1_Negative_Control,25
38.5,A1_Negative_Control,25
38.75,A1_Negative_Control,22
39.0,A1_Negative_Control,27
39.25,A1_Negative_Control,26
39.5,A1_Negative_Control,27
39.75,A1_Negative_Control,28
40.0,A1_Negative_Control,27
40.25,A1_Negative_Control,20
40.5,A1_Negative_Control,23
40.75,A1_Negative_Control,21
41.0,A1_Negative_Control,25
41.25,A1_Negative_Control,22
41.5,A1_Negative_Control,25
41.75,A1_Negative_Control,25
42.0,A1_Negative_Control,21
42.25,A1_Negative_Control,30
42.5,A1_Negative_Control,30
42.75,A1_Negative_Control,19
43.0,A1_Negative_Control,20
43.25,A1_Negative_Control,21
43.5,A1_Negative_Control,23
43.75,A1_Negative_Control,22
44.0,A1_Negative_Control,24
44.25,A1_Negative_Control,25
44.5,A1_Negative_Control,24
44.75,A1_Negative_Control,24
45.0,A1_Negative_Control,20
45.25,A1_Negative_Control,27
45.5,A1_Negative_Control,28
45.75,A1_Negative_Control,25
46.0,A1_Negative_Control,22
46.25,A1_Negative_Control,27
46.5,A1_Negative_Control,24
46.75,A1_Negative_Control,27
47.0,A1_Negative_Control,20
47.25,A1_Negative_Control,25
47.5,A1_Negative_Control,27
47.75,A1_Negative_Control,22
48.0,A1_Negative_Control,23
48.25,A1_Negative_Control,24
0.0,A2_L-Arabinose,28
0.25,A2_L-Arabinose,30
0.5,A2_L-Arabinose,35
0.75,A2_L-Arabinose,33
1.0,A2_L-Arabinose,34
1.25,A2_L-Arabinose,37
1.5,A2_L-Arabinose,39
1.75,A2_L-Arabinose,35
2.0,A2_L-Arabinose,40
2.25,A2_L-Arabinose,35
2.5,A2_L-Arabinose,41
2.75,A2_L-Arabinose,39
3.0,A2_L-Arabinose,41
3.25,A2_L-Arabinose,41
3.5,A2_L-Arabinose,41
3.75,A2_L-Arabinose,39
4.0,A2_L-Arabinose,43
4.25,A2_L-Arabinose,44
4.5,A2_L-Arabinose,40
4.75,A2_L-Arabinose,43
5.0,A2_L-Arabinose,46
5.25,A2_L-Arabinose,42
5.5,A2_L-Arabinose,37
5.75,A2_L-Arabinose,41
6.0,A2_L-Arabinose,42
6.25,A2_L-Arabinose,40
6.5,A2_L-Arabinose,36
6.75,A2_L-Arabinose,41
7.0,A2_L-Arabinose,42
7.25,A2_L-Arabinose,40
7.5,A2_L-Arabinose,40
7.75,A2_L-Arabinose,45
8.0,A2_L-Arabinose,49
8.25,A2_L-Arabinose,43
8.5,A2_L-Arabinose,39
8.75,A2_L-Arabinose,44
9.0,A2_L-Arabinose,41
9.25,A2_L-Arabinose,45
9.5,A2_L-Arabinose,41
9.75,A2_L-Arabinose,46
10.0,A2_L-Arabinose,38
10.25,A2_L-Arabinose,43
10.5,A2_L-Arabinose,44
10.75,A2_L-Arabinose,43
11.0,A2_L-Arabinose,44
11.25,A2_L-Arabinose,44
11.5,A2_L-Arabinose,42
11.75,A2_L-Arabinose,40
12.0,A2_L-Arabinose,45
12.25,A2_L-Arabinose,43
12.5,A2_L-Arabinose,43
12.75,A2_L-Arabinose,45
13.0,A2_L-Arabinose,46
13.25,A2_L-Arabinose,46
13.5,A2_L-Arabinose,40
13.75,A2_L-Arabinose,42
14.0,A2_L-Arabinose,46
14.25,A2_L-Arabinose,44
14.5,A2_L-Arabinose,45
14.75,A2_L-Arabinose,45
15.0,A2_L-Arabinose,44
15.25,A2_L-Arabinose,44
15.5,A2_L-Arabinose,42
15.75,A2_L-Arabinose,45
16.0,A2_L-Arabinose,45
16.25,A2_L-Arabinose,46
16.5,A2_L-Arabinose,43
16.75,A2_L-Arabinose,40
17.0,A2_L-Arabinose,47
17.25,A2_L-Arabinose,46
17.5,A2_L-Arabinose,44
17.75,A2_L-Arabinose,47
18.0,A2_L-Arabinose,46
18.25,A2_L-Arabinose,46
18.5,A2_L-Arabinose,48
18.75,A2_L-Arabinose,45
19.0,A2_L-Arabinose,45
19.25,A2_L-Arabinose,45
19.5,A2_L-Arabinose,48
19.75,A2_L-Arabinose,48
20.0,A2_L-Arabinose,45
20.25,A2_L-Arabinose,47
20.5,A2_L-Arabinose,44
20.75,A2_L-Arabinose,47
21.0,A2_L-Arabinose,45
21.25,A2_L-Arabinose,44
21.5,A2_L-Arabinose,46
21.75,A2_L-Arabinose,48
22.0,A2_L-Arabinose,45
22.25,A2_L-Arabinose,50
22.5,A2_L-Arabinose,48
22.75,A2_L-Arabinose,46
23.0,A2_L-Arabinose,48
23.25,A2_L-Arabinose,46
23.5,A2_L-Arabinose,46
23.75,A2_L-Arabinose,49
24.0,A2_L-Arabinose,43
24.25,A2_L-Arabinose,47
24.5,A2_L-Arabinose,46
24.75,A2_L-Arabinose,45
25.0,A2_L-Arabinose,47
25.25,A2_L-Arabinose,44
25.5,A2_L-Arabinose,44
25.75,A2_L-Arabinose,45
26.0,A2_L-Arabinose,49
26.25,A2_L-Arabinose,48
26.5,A2_L-Arabinose,46
26.75,A2_L-Arabinose,49
27.0,A2_L-Arabinose,48
27.25,A2_L-Arabinose,46
27.5,A2_L-Arabinose,44
27.75,A2_L-Arabinose,48
28.0,A2_L-Arabinose,45
28.25,A2_L-Arabinose,49
28.5,A2_L-Arabinose,49
28.75,A2_L-Arabinose,49
29.0,A2_L-Arabinose,47
29.25,A2_L-Arabinose,46
29.5,A2_L-Arabinose,46
29.75,A2_L-Arabinose,53
30.0,A2_L-Arabinose,49
30.25,A2_L-Arabinose,48
30.5,A2_L-Arabinose,51
30.75,A2_L-Arabinose,48
31.0,A2_L-Arabinose,45
31.25,A2_L-Arabinose,46
31.5,A2_L-Arabinose,48
31.75,A2_L-Arabinose,48
32.0,A2_L-Arabinose,49
32.25,A2_L-Arabinose,52
32.5,A2_L-Arabinose,48
32.75,A2_L-Arabinose,43
33.0,A2_L-Arabinose,47
33.25,A2_L-Arabinose,49
33.5,A2_L-Arabinose,46
33.75,A2_L-Arabinose,49
34.0,A2_L-Arabinose,45
34.25,A2_L-Arabinose,51
34.5,A2_L-Arabinose,49
34.75,A2_L-Arabinose,50
35.0,A2_L-Arabinose,51
35.25,A2_L-Arabinose,48
35.5,A2_L-Arabinose,51
35.75,A2_L-Arabinose,50
36.0,A2_L-Arabinose,52
36.25,A2_L-Arabinose,49
36.5,A2_L-Arabinose,47
36.75,A2_L-Arabinose,53
37.0,A2_L-Arabinose,51
37.25,A2_L-Arabinose,52
37.5,A2_L-Arabinose,51
37.75,A2_L-Arabinose,49
38.0,A2_L-Arabinose,55
38.25,A2_L-Arabinose,49
38.5,A2_L-Arabinose,52
38.75,A2_L-Arabinose,51
39.0,A2_L-Arabinose,51
39.25,A2_L-Arabinose,50
39.5,A2_L-Arabinose,49
39.75,A2_L-Arabinose,52
40.0,A2_L-Arabinose,49
40.25,A2_L-Arabinose,49
40.5,A2_L-Arabinose,53
40.75,A2_L-Arabinose,50
41.0,A2_L-Arabinose,49
41.25,A2_L-Arabinose,51
41.5,A2_L-Arabinose,51
41.75,A2_L-Arabinose,53
42.0,A2_L-Arabinose,52
42.25,A2_L-Arabinose,53
42.5,A2_L-Arabinose,56
42.75,A2_L-Arabinose,53
43.0,A2_L-Arabinose,53
43.25,A2_L-Arabinose,50
43.5,A2_L-Arabinose,53
43.75,A2_L-Arabinose,51
44.0,A2_L-Arabinose,48
44.25,A2_L-Arabinose,52
44.5,A2_L-Arabinose,51
44.75,A2_L-Arabinose,53
45.0,A2_L-Arabinose,53
45.25,A2_L-Arabinose,53
45.5,A2_L-Arabinose,50
45.75,A2_L-Arabinose,51
46.0,A2_L-Arabinose,49
46.25,A2_L-Arabinose,55
46.5,A2_L-Arabinose,51
46.75,A2_L-Arabinose,55
47.0,A2_L-Arabinose,52
47.25,A2_L-Arabinose,56
47.5,A2_L-Arabinose,51
47.75,A2_L-Arabinose,54
48.0,A2_L-Arabinose,53
48.25,A2_L-Arabinose,50
0.0,A3_N-Acetyl-D_Glucosamine,11
0.25,A3_N-Acetyl-D_Glucosamine,11
0.5,A3_N-Acetyl-D_Glucosamine,11
0.75,A3_N-Acetyl-D_Glucosamine,11
1.0,A3_N-Acetyl-D_Glucosamine,11
1.25,A3_N-Acetyl-D_Glucosamine,11
1.5,A3_N-Acetyl-D_Glucosamine,11
1.75,A3_N-Acetyl-D_Glucosamine,11
2.0,A3_N-Acetyl-D_Glucosamine,11
2.25,A3_N-Acetyl-D_Glucosamine,11
2.5,A3_N-Acetyl-D_Glucosamine,11
2.75,A3_N-Acetyl-D_Glucosamine,11
3.0,A3_N-Acetyl-D_Glucosamine,11
3.25,A3_N-Acetyl-D_Glucosamine,11
3.5,A3_N-Acetyl-D_Glucosamine,11
3.75,A3_N-Acetyl-D_Glucosamine,11
4.0,A3_N-Acetyl-D_Glucosamine,11
4.25,A3_N-Acetyl-D_Glucosamine,12
4.5,A3_N-Acetyl-D_Glucosamine,11
4.75,A3_N-Acetyl-D_Glucosamine,11
5.0,A3_N-Acetyl-D_Glucosamine,11
5.25,A3_N-Acetyl-D_Glucosamine,11
5.5,A3_N-Acetyl-D_Glucosamine,11
5.75,A3_N-Acetyl-D_Glucosamine,11
6.0,A3_N-Acetyl-D_Glucosamine,11
6.25,A3_N-Acetyl-D_Glucosamine,11
6.5,A3_N-Acetyl-D_Glucosamine,11
6.75,A3_N-Acetyl-D_Glucosamine,11
7.0,A3_N-Acetyl-D_Glucosamine,11
7.25,A3_N-Acetyl-D_Glucosamine,11
7.5,A3_N-Acetyl-D_Glucosamine,11
7.75,A3_N-Acetyl-D_Glucosamine,11
8.0,A3_N-Acetyl-D_Glucosamine,11
8.25,A3_N-Acetyl-D_Glucosamine,11
8.5,A3_N-Acetyl-D_Glucosamine,11
8.75,A3_N-Acetyl-D_Glucosamine,11
9.0,A3_N-Acetyl-D_Glucosamine,11
9.25,A3_N-Acetyl-D_Glucosamine,11
9.5,A3_N-Acetyl-D_Glucosamine,11
9.75,A3_N-Acetyl-D_Glucosamine,11
10.0,A3_N-Acetyl-D_Glucosamine,11
10.25,A3_N-Acetyl-D_Glucosamine,11
10.5,A3_N-Acetyl-D_Glucosamine,11
10.75,A3_N-Acetyl-D_Glucosamine,11
11.0,A3_N-Acetyl-D_Glucosamine,11
11.25,A3_N-Acetyl-D_Glucosamine,12
11.5,A3_N-Acetyl-D_Glucosamine,11
11.75,A3_N-Acetyl-D_Glucosamine,11
12.0,A3_N-Acetyl-D_Glucosamine,11
12.25,A3_N-Acetyl-D_Glucosamine,11
12.5,A3_N-Acetyl-D_Glucosamine,11
12.75,A3_N-Acetyl-D_Glucosamine,11
13.0,A3_N-Acetyl-D_Glucosamine,11
13.25,A3_N-Acetyl-D_Glucosamine,11
13.5,A3_N-Acetyl-D_Glucosamine,11
13.75,A3_N-Acetyl-D_Glucosamine,11
14.0,A3_N-Acetyl-D_Glucosamine,13
14.25,A3_N-Acetyl-D_Glucosamine,13
14.5,A3_N-Acetyl-D_Glucosamine,11
14.75,A3_N-Acetyl-D_Glucosamine,13
15.0,A3_N-Acetyl-D_Glucosamine,11
15.25,A3_N-Acetyl-D_Glucosamine,11
15.5,A3_N-Acetyl-D_Glucosamine,11
15.75,A3_N-Acetyl-D_Glucosamine,11
16.0,A3_N-Acetyl-D_Glucosamine,11
16.25,A3_N-Acetyl-D_Glucosamine,11
16.5,A3_N-Acetyl-D_Glucosamine,11
16.75,A3_N-Acetyl-D_Glucosamine,11
17.0,A3_N-Acetyl-D_Glucosamine,15
17.25,A3_N-Acetyl-D_Glucosamine,11
17.5,A3_N-Acetyl-D_Glucosamine,13
17.75,A3_N-Acetyl-D_Glucosamine,12
18.0,A3_N-Acetyl-D_Glucosamine,11
18.25,A3_N-Acetyl-D_Glucosamine,13
18.5,A3_N-Acetyl-D_Glucosamine,13
18.75,A3_N-Acetyl-D_Glucosamine,11
19.0,A3_N-Acetyl-D_Glucosamine,11
19.25,A3_N-Acetyl-D_Glucosamine,11
19.5,A3_N-Acetyl-D_Glucosamine,11
19.75,A3_N-Acetyl-D_Glucosamine,12
20.0,A3_N-Acetyl-D_Glucosamine,11
20.25,A3_N-Acetyl-D_Glucosamine,11
20.5,A3_N-Acetyl-D_Glucosamine,11
20.75,A3_N-Acetyl-D_Glucosamine,12
21.0,A3_N-Acetyl-D_Glucosamine,11
21.25,A3_N-Acetyl-D_Glucosamine,11
21.5,A3_N-Acetyl-D_Glucosamine,12
21.75,A3_N-Acetyl-D_Glucosamine,11
22.0,A3_N-Acetyl-D_Glucosamine,11
22.25,A3_N-Acetyl-D_Glucosamine,15
22.5,A3_N-Acetyl-D_Glucosamine,17
22.75,A3_N-Acetyl-D_Glucosamine,11
23.0,A3_N-Acetyl-D_Glucosamine,11
23.25,A3_N-Acetyl-D_Glucosamine,11
23.5,A3_N-Acetyl-D_Glucosamine,12
23.75,A3_N-Acetyl-D_Glucosamine,21
24.0,A3_N-Acetyl-D_Glucosamine,11
24.25,A3_N-Acetyl-D_Glucosamine,16
24.5,A3_N-Acetyl-D_Glucosamine,19
24.75,A3_N-Acetyl-D_Glucosamine,15
25.0,A3_N-Acetyl-D_Glucosamine,18
25.25,A3_N-Acetyl-D_Glucosamine,11
25.5,A3_N-Acetyl-D_Glucosamine,18
25.75,A3_N-Acetyl-D_Glucosamine,11
26.0,A3_N-Acetyl-D_Glucosamine,18
26.25,A3_N-Acetyl-D_Glucosamine,16
26.5,A3_N-Acetyl-D_Glucosamine,12
26.75,A3_N-Acetyl-D_Glucosamine,15
27.0,A3_N-Acetyl-D_Glucosamine,19
27.25,A3_N-Acetyl-D_Glucosamine,22
27.5,A3_N-Acetyl-D_Glucosamine,17
27.75,A3_N-Acetyl-D_Glucosamine,18
28.0,A3_N-Acetyl-D_Glucosamine,18
28.25,A3_N-Acetyl-D_Glucosamine,21
28.5,A3_N-Acetyl-D_Glucosamine,22
28.75,A3_N-Acetyl-D_Glucosamine,19
29.0,A3_N-Acetyl-D_Glucosamine,21
29.25,A3_N-Acetyl-D_Glucosamine,22
29.5,A3_N-Acetyl-D_Glucosamine,24
29.75,A3_N-Acetyl-D_Glucosamine,22
30.0,A3_N-Acetyl-D_Glucosamine,21
30.25,A3_N-Acetyl-D_Glucosamine,22
30.5,A3_N-Acetyl-D_Glucosamine,14
30.75,A3_N-Acetyl-D_Glucosamine,22
31.0,A3_N-Acetyl-D_Glucosamine,20
31.25,A3_N-Acetyl-D_Glucosamine,21
31.5,A3_N-Acetyl-D_Glucosamine,24
31.75,A3_N-Acetyl-D_Glucosamine,21
32.0,A3_N-Acetyl-D_Glucosamine,23
32.25,A3_N-Acetyl-D_Glucosamine,25
32.5,A3_N-Acetyl-D_Glucosamine,24
32.75,A3_N-Acetyl-D_Glucosamine,12
33.0,A3_N-Acetyl-D_Glucosamine,12
33.25,A3_N-Acetyl-D_Glucosamine,22
33.5,A3_N-Acetyl-D_Glucosamine,14
33.75,A3_N-Acetyl-D_Glucosamine,27
34.0,A3_N-Acetyl-D_Glucosamine,26
34.25,A3_N-Acetyl-D_Glucosamine,22
34.5,A3_N-Acetyl-D_Glucosamine,26
34.75,A3_N-Acetyl-D_Glucosamine,24
35.0,A3_N-Acetyl-D_Glucosamine,20
35.25,A3_N-Acetyl-D_Glucosamine,25
35.5,A3_N-Acetyl-D_Glucosamine,29
35.75,A3_N-Acetyl-D_Glucosamine,21
36.0,A3_N-Acetyl-D_Glucosamine,26
36.25,A3_N-Acetyl-D_Glucosamine,28
36.5,A3_N-Acetyl-D_Glucosamine,21
36.75,A3_N-Acetyl-D_Glucosamine,27
37.0,A3_N-Acetyl-D_Glucosamine,25
37.25,A3_N-Acetyl-D_Glucosamine,31
37.5,A3_N-Acetyl-D_Glucosamine,20
37.75,A3_N-Acetyl-D_Glucosamine,24
38.0,A3_N-Acetyl-D_Glucosamine,30
38.25,A3_N-Acetyl-D_Glucosamine,25
38.5,A3_N-Acetyl-D_Glucosamine,33
38.75,A3_N-Acetyl-D_Glucosamine,29
39.0,A3_N-Acetyl-D_Glucosamine,35
39.25,A3_N-Acetyl-D_Glucosamine,34
39.5,A3_N-Acetyl-D_Glucosamine,25
39.75,A3_N-Acetyl-D_Glucosamine,23
40.0,A3_N-Acetyl-D_Glucosamine,36
40.25,A3_N-Acetyl-D_Glucosamine,32
40.5,A3_N-Acetyl-D_Glucosamine,32
40.75,A3_N-Acetyl-D_Glucosamine,34
41.0,A3_N-Acetyl-D_Glucosamine,36
41.25,A3_N-Acetyl-D_Glucosamine,35
41.5,A3_N-Acetyl-D_Glucosamine,33
41.75,A3_N-Acetyl-D_Glucosamine,32
42.0,A3_N-Acetyl-D_Glucosamine,42
42.25,A3_N-Acetyl-D_Glucosamine,35
42.5,A3_N-Acetyl-D_Glucosamine,32
42.75,A3_N-Acetyl-D_Glucosamine,46
43.0,A3_N-Acetyl-D_Glucosamine,35
43.25,A3_N-Acetyl-D_Glucosamine,37
43.5,A3_N-Acetyl-D_Glucosamine,40
43.75,A3_N-Acetyl-D_Glucosamine,37
44.0,A3_N-Acetyl-D_Glucosamine,42
44.25,A3_N-Acetyl-D_Glucosamine,42
44.5,A3_N-Acetyl-D_Glucosamine,38
44.75,A3_N-Acetyl-D_Glucosamine,37
45.0,A3_N-Acetyl-D_Glucosamine,43
45.25,A3_N-Acetyl-D_Glucosamine,41
45.5,A3_N-Acetyl-D_Glucosamine,40
45.75,A3_N-Acetyl-D_Glucosamine,50
46.0,A3_N-Acetyl-D_Glucosamine,46
46.25,A3_N-Acetyl-D_Glucosamine,45
46.5,A3_N-Acetyl-D_Glucosamine,53
46.75,A3_N-Acetyl-D_Glucosamine,50
47.0,A3_N-Acetyl-D_Glucosamine,55
47.25,A3_N-Acetyl-D_Glucosamine,46
47.5,A3_N-Acetyl-D_Glucosamine,47
47.75,A3_N-Acetyl-D_Glucosamine,53
48.0,A3_N-Acetyl-D_Glucosamine,53
48.25,A3_N-Acetyl-D_Glucosamine,54
0.0,A4_D-Saccharic_Acid,11
0.25,A4_D-Saccharic_Acid,11
0.5,A4_D-Saccharic_Acid,11
0.75,A4_D-Saccharic_Acid,11
1.0,A4_D-Saccharic_Acid,11
1.25,A4_D-Saccharic_Acid,11
1.5,A4_D-Saccharic_Acid,11
1.75,A4_D-Saccharic_Acid,11
2.0,A4_D-Saccharic_Acid,11
2.25,A4_D-Saccharic_Acid,11
2.5,A4_D-Saccharic_Acid,11
2.75,A4_D-Saccharic_Acid,11
3.0,A4_D-Saccharic_Acid,11
3.25,A4_D-Saccharic_Acid,11
3.5,A4_D-Saccharic_Acid,11
3.75,A4_D-Saccharic_Acid,11
4.0,A4_D-Saccharic_Acid,11
4.25,A4_D-Saccharic_Acid,11
4.5,A4_D-Saccharic_Acid,11
4.75,A4_D-Saccharic_Acid,11
5.0,A4_D-Saccharic_Acid,11
5.25,A4_D-Saccharic_Acid,11
5.5,A4_D-Saccharic_Acid,11
5.75,A4_D-Saccharic_Acid,11
6.0,A4_D-Saccharic_Acid,11
6.25,A4_D-Saccharic_Acid,11
6.5,A4_D-Saccharic_Acid,11
6.75,A4_D-Saccharic_Acid,11
7.0,A4_D-Saccharic_Acid,11
7.25,A4_D-Saccharic_Acid,11
7.5,A4_D-Saccharic_Acid,11
7.75,A4_D-Saccharic_Acid,11
8.0,A4_D-Saccharic_Acid,11
8.25,A4_D-Saccharic_Acid,11
8.5,A4_D-Saccharic_Acid,11
8.75,A4_D-Saccharic_Acid,11
9.0,A4_D-Saccharic_Acid,11
9.25,A4_D-Saccharic_Acid,11
9.5,A4_D-Saccharic_Acid,11
9.75,A4_D-Saccharic_Acid,11
10.0,A4_D-Saccharic_Acid,11
10.25,A4_D-Saccharic_Acid,11
10.5,A4_D-Saccharic_Acid,11
10.75,A4_D-Saccharic_Acid,11
11.0,A4_D-Saccharic_Acid,11
11.25,A4_D-Saccharic_Acid,11
11.5,A4_D-Saccharic_Acid,11
11.75,A4_D-Saccharic_Acid,11
12.0,A4_D-Saccharic_Acid,11
12.25,A4_D-Saccharic_Acid,11
12.5,A4_D-Saccharic_Acid,11
12.75,A4_D-Saccharic_Acid,11
13.0,A4_D-Saccharic_Acid,11
13.25,A4_D-Saccharic_Acid,11
13.5,A4_D-Saccharic_Acid,11
13.75,A4_D-Saccharic_Acid,11
14.0,A4_D-Saccharic_Acid,11
14.25,A4_D-Saccharic_Acid,11
14.5,A4_D-Saccharic_Acid,11
14.75,A4_D-Saccharic_Acid,11
15.0,A4_D-Saccharic_Acid,11
15.25,A4_D-Saccharic_Acid,11
15.5,A4_D-Saccharic_Acid,11
15.75,A4_D-Saccharic_Acid,11
16.0,A4_D-Saccharic_Acid,11
16.25,A4_D-Saccharic_Acid,11
16.5,A4_D-Saccharic_Acid,11
16.75,A4_D-Saccharic_Acid,11
17.0,A4_D-Saccharic_Acid,13
17.25,A4_D-Saccharic_Acid,11
17.5,A4_D-Saccharic_Acid,11
17.75,A4_D-Saccharic_Acid,11
18.0,A4_D-Saccharic_Acid,11
18.25,A4_D-Saccharic_Acid,11
18.5,A4_D-Saccharic_Acid,11
18.75,A4_D-Saccharic_Acid,11
19.0,A4_D-Saccharic_Acid,11
19.25,A4_D-Saccharic_Acid,11
19.5,A4_D-Saccharic_Acid,11
19.75,A4_D-Saccharic_Acid,11
20.0,A4_D-Saccharic_Acid,11
20.25,A4_D-Saccharic_Acid,11
20.5,A4_D-Saccharic_Acid,11
20.75,A4_D-Saccharic_Acid,11
21.0,A4_D-Saccharic_Acid,13
21.25,A4_D-Saccharic_Acid,11
21.5,A4_D-Saccharic_Acid,11
21.75,A4_D-Saccharic_Acid,11
22.0,A4_D-Saccharic_Acid,11
22.25,A4_D-Saccharic_Acid,11
22.5,A4_D-Saccharic_Acid,11
22.75,A4_D-Saccharic_Acid,11
23.0,A4_D-Saccharic_Acid,11
23.25,A4_D-Saccharic_Acid,11
23.5,A4_D-Saccharic_Acid,11
23.75,A4_D-Saccharic_Acid,11
24.0,A4_D-Saccharic_Acid,11
24.25,A4_D-Saccharic_Acid,11
24.5,A4_D-Saccharic_Acid,11
24.75,A4_D-Saccharic_Acid,11
25.0,A4_D-Saccharic_Acid,11
25.25,A4_D-Saccharic_Acid,11
25.5,A4_D-Saccharic_Acid,11
25.75,A4_D-Saccharic_Acid,11
26.0,A4_D-Saccharic_Acid,11
26.25,A4_D-Saccharic_Acid,11
26.5,A4_D-Saccharic_Acid,11
26.75,A4_D-Saccharic_Acid,11
27.0,A4_D-Saccharic_Acid,11
27.25,A4_D-Saccharic_Acid,11
27.5,A4_D-Saccharic_Acid,11
27.75,A4_D-Saccharic_Acid,11
28.0,A4_D-Saccharic_Acid,11
28.25,A4_D-Saccharic_Acid,11
28.5,A4_D-Saccharic_Acid,11
28.75,A4_D-Saccharic_Acid,11
29.0,A4_D-Saccharic_Acid,11
29.25,A4_D-Saccharic_Acid,11
29.5,A4_D-Saccharic_Acid,11
29.75,A4_D-Saccharic_Acid,11
30.0,A4_D-Saccharic_Acid,11
30.25,A4_D-Saccharic_Acid,11
30.5,A4_D-Saccharic_Acid,11
30.75,A4_D-Saccharic_Acid,11
31.0,A4_D-Saccharic_Acid,11
31.25,A4_D-Saccharic_Acid,11
31.5,A4_D-Saccharic_Acid,13
31.75,A4_D-Saccharic_Acid,11
32.0,A4_D-Saccharic_Acid,11
32.25,A4_D-Saccharic_Acid,11
32.5,A4_D-Saccharic_Acid,11
32.75,A4_D-Saccharic_Acid,11
33.0,A4_D-Saccharic_Acid,12
33.25,A4_D-Saccharic_Acid,11
33.5,A4_D-Saccharic_Acid,11
33.75,A4_D-Saccharic_Acid,11
34.0,A4_D-Saccharic_Acid,14
34.25,A4_D-Saccharic_Acid,11
34.5,A4_D-Saccharic_Acid,12
34.75,A4_D-Saccharic_Acid,11
35.0,A4_D-Saccharic_Acid,13
35.25,A4_D-Saccharic_Acid,11
35.5,A4_D-Saccharic_Acid,11
35.75,A4_D-Saccharic_Acid,11
36.0,A4_D-Saccharic_Acid,13
36.25,A4_D-Saccharic_Acid,11
36.5,A4_D-Saccharic_Acid,12
36.75,A4_D-Saccharic_Acid,12
37.0,A4_D-Saccharic_Acid,11
37.25,A4_D-Saccharic_Acid,12
37.5,A4_D-Saccharic_Acid,13
37.75,A4_D-Saccharic_Acid,12
38.0,A4_D-Saccharic_Acid,11
38.25,A4_D-Saccharic_Acid,12
38.5,A4_D-Saccharic_Acid,14
38.75,A4_D-Saccharic_Acid,15
39.0,A4_D-Saccharic_Acid,12
39.25,A4_D-Saccharic_Acid,12
39.5,A4_D-Saccharic_Acid,14
39.75,A4_D-Saccharic_Acid,17
40.0,A4_D-Saccharic_Acid,11
40.25,A4_D-Saccharic_Acid,11
40.5,A4_D-Saccharic_Acid,11
40.75,A4_D-Saccharic_Acid,12
41.0,A4_D-Saccharic_Acid,12
41.25,A4_D-Saccharic_Acid,14
41.5,A4_D-Saccharic_Acid,11
41.75,A4_D-Saccharic_Acid,12
42.0,A4_D-Saccharic_Acid,11
42.25,A4_D-Saccharic_Acid,20
42.5,A4_D-Saccharic_Acid,12
42.75,A4_D-Saccharic_Acid,13
43.0,A4_D-Saccharic_Acid,11
43.25,A4_D-Saccharic_Acid,12
43.5,A4_D-Saccharic_Acid,14
43.75,A4_D-Saccharic_Acid,11
44.0,A4_D-Saccharic_Acid,11
44.25,A4_D-Saccharic_Acid,11
44.5,A4_D-Saccharic_Acid,15
44.75,A4_D-Saccharic_Acid,13
45.0,A4_D-Saccharic_Acid,11
45.25,A4_D-Saccharic_Acid,16
45.5,A4_D-Saccharic_Acid,15
45.75,A4_D-Saccharic_Acid,11
46.0,A4_D-Saccharic_Acid,12
46.25,A4_D-Saccharic_Acid,19
46.5,A4_D-Saccharic_Acid,13
46.75,A4_D-Saccharic_Acid,15
47.0,A4_D-Saccharic_Acid,15
47.25,A4_D-Saccharic_Acid,14
47.5,A4_D-Saccharic_Acid,15
47.75,A4_D-Saccharic_Acid,19
48.0,A4_D-Saccharic_Acid,13
48.25,A4_D-Saccharic_Acid,15
0.0,A5_Succinic_Acid,11
0.25,A5_Succinic_Acid,11
0.5,A5_Succinic_Acid,11
0.75,A5_Succinic_Acid,11
1.0,A5_Succinic_Acid,11
1.25,A5_Succinic_Acid,11
1.5,A5_Succinic_Acid,11
1.75,A5_Succinic_Acid,11
2.0,A5_Succinic_Acid,11
2.25,A5_Succinic_Acid,11
2.5,A5_Succinic_Acid,11
2.75,A5_Succinic_Acid,11
3.0,A5_Succinic_Acid,11
3.25,A5_Succinic_Acid,11
3.5,A5_Succinic_Acid,11
3.75,A5_Succinic_Acid,11
4.0,A5_Succinic_Acid,11
4.25,A5_Succinic_Acid,11
4.5,A5_Succinic_Acid,11
4.75,A5_Succinic_Acid,11
5.0,A5_Succinic_Acid,11
5.25,A5_Succinic_Acid,11
5.5,A5_Succinic_Acid,11
5.75,A5_Succinic_Acid,11
6.0,A5_Succinic_Acid,11
6.25,A5_Succinic_Acid,11
6.5,A5_Succinic_Acid,11
6.75,A5_Succinic_Acid,11
7.0,A5_Succinic_Acid,11
7.25,A5_Succinic_Acid,11
7.5,A5_Succinic_Acid,11
7.75,A5_Succinic_Acid,11
8.0,A5_Succinic_Acid,11
8.25,A5_Succinic_Acid,11
8.5,A5_Succinic_Acid,11
8.75,A5_Succinic_Acid,11
9.0,A5_Succinic_Acid,11
9.25,A5_Succinic_Acid,11
9.5,A5_Succinic_Acid,11
9.75,A5_Succinic_Acid,11
10.0,A5_Succinic_Acid,11
10.25,A5_Succinic_Acid,11
10.5,A5_Succinic_Acid,11
10.75,A5_Succinic_Acid,11
11.0,A5_Succinic_Acid,11
11.25,A5_Succinic_Acid,11
11.5,A5_Succinic_Acid,11
11.75,A5_Succinic_Acid,11
12.0,A5_Succinic_Acid,11
12.25,A5_Succinic_Acid,11
12.5,A5_Succinic_Acid,11
12.75,A5_Succinic_Acid,11
13.0,A5_Succinic_Acid,11
13.25,A5_Succinic_Acid,11
13.5,A5_Succinic_Acid,11
13.75,A5_Succinic_Acid,11
14.0,A5_Succinic_Acid,11
14.25,A5_Succinic_Acid,11
14.5,A5_Succinic_Acid,11
14.75,A5_Succinic_Acid,11
15.0,A5_Succinic_Acid,11
15.25,A5_Succinic_Acid,11
15.5,A5_Succinic_Acid,11
15.75,A5_Succinic_Acid,11
16.0,A5_Succinic_Acid,11
16.25,A5_Succinic_Acid,11
16.5,A5_Succinic_Acid,11
16.75,A5_Succinic_Acid,11
17.0,A5_Succinic_Acid,11
17.25,A5_Succinic_Acid,11
17.5,A5_Succinic_Acid,11
17.75,A5_Succinic_Acid,11
18.0,A5_Succinic_Acid,11
18.25,A5_Succinic_Acid,11
18.5,A5_Succinic_Acid,11
18.75,A5_Succinic_Acid,11
19.0,A5_Succinic_Acid,11
19.25,A5_Succinic_Acid,11
19.5,A5_Succinic_Acid,11
19.75,A5_Succinic_Acid,11
20.0,A5_Succinic_Acid,11
20.25,A5_Succinic_Acid,11
20.5,A5_Succinic_Acid,11
20.75,A5_Succinic_Acid,11
21.0,A5_Succinic_Acid,11
21.25,A5_Succinic_Acid,11
21.5,A5_Succinic_Acid,11
21.75,A5_Succinic_Acid,11
22.0,A5_Succinic_Acid,11
22.25,A5_Succinic_Acid,11
22.5,A5_Succinic_Acid,11
22.75,A5_Succinic_Acid,11
23.0,A5_Succinic_Acid,11
23.25,A5_Succinic_Acid,11
23.5,A5_Succinic_Acid,11
23.75,A5_Succinic_Acid,11
24.0,A5_Succinic_Acid,11
24.25,A5_Succinic_Acid,11
24.5,A5_Succinic_Acid,11
24.75,A5_Succinic_Acid,11
25.0,A5_Succinic_Acid,11
25.25,A5_Succinic_Acid,11
25.5,A5_Succinic_Acid,11
25.75,A5_Succinic_Acid,11
26.0,A5_Succinic_Acid,11
26.25,A5_Succinic_Acid,11
26.5,A5_Succinic_Acid,11
26.75,A5_Succinic_Acid,11
27.0,A5_Succinic_Acid,11
27.25,A5_Succinic_Acid,11
27.5,A5_Succinic_Acid,11
27.75,A5_Succinic_Acid,11
28.0,A5_Succinic_Acid,11
28.25,A5_Succinic_Acid,11
28.5,A5_Succinic_Acid,11
28.75,A5_Succinic_Acid,11
29.0,A5_Succinic_Acid,11
29.25,A5_Succinic_Acid,11
29.5,A5_Succinic_Acid,11
29.75,A5_Succinic_Acid,11
30.0,A5_Succinic_Acid,11
30.25,A5_Succinic_Acid,11
30.5,A5_Succinic_Acid,11
30.75,A5_Succinic_Acid,11
31.0,A5_Succinic_Acid,11
31.25,A5_Succinic_Acid,11
31.5,A5_Succinic_Acid,11
31.75,A5_Succinic_Acid,11
32.0,A5_Succinic_Acid,11
32.25,A5_Succinic_Acid,11
32.5,A5_Succinic_Acid,11
32.75,A5_Succinic_Acid,11
33.0,A5_Succinic_Acid,11
33.25,A5_Succinic_Acid,11
33.5,A5_Succinic_Acid,11
33.75,A5_Succinic_Acid,11
34.0,A5_Succinic_Acid,13
34.25,A5_Succinic_Acid,11
34.5,A5_Succinic_Acid,12
34.75,A5_Succinic_Acid,11
35.0,A5_Succinic_Acid,12
35.25,A5_Succinic_Acid,11
35.5,A5_Succinic_Acid,12
35.75,A5_Succinic_Acid,11
36.0,A5_Succinic_Acid,11
36.25,A5_Succinic_Acid,11
36.5,A5_Succinic_Acid,13
36.75,A5_Succinic_Acid,11
37.0,A5_Succinic_Acid,12
37.25,A5_Succinic_Acid,12
37.5,A5_Succinic_Acid,11
37.75,A5_Succinic_Acid,11
38.0,A5_Succinic_Acid,12
38.25,A5_Succinic_Acid,15
38.5,A5_Succinic_Acid,16
38.75,A5_Succinic_Acid,12
39.0,A5_Succinic_Acid,12
39.25,A5_Succinic_Acid,11
39.5,A5_Succinic_Acid,11
39.75,A5_Succinic_Acid,14
40.0,A5_Succinic_Acid,11
40.25,A5_Succinic_Acid,14
40.5,A5_Succinic_Acid,14
40.75,A5_Succinic_Acid,15
41.0,A5_Succinic_Acid,12
41.25,A5_Succinic_Acid,11
41.5,A5_Succinic_Acid,12
41.75,A5_Succinic_Acid,11
42.0,A5_Succinic_Acid,16
42.25,A5_Succinic_Acid,16
42.5,A5_Succinic_Acid,16
42.75,A5_Succinic_Acid,13
43.0,A5_Succinic_Acid,15
43.25,A5_Succinic_Acid,11
43.5,A5_Succinic_Acid,13
43.75,A5_Succinic_Acid,11
44.0,A5_Succinic_Acid,13
44.25,A5_Succinic_Acid,15
44.5,A5_Succinic_Acid,14
44.75,A5_Succinic_Acid,11
45.0,A5_Succinic_Acid,14
45.25,A5_Succinic_Acid,15
45.5,A5_Succinic_Acid,21
45.75,A5_Succinic_Acid,13
46.0,A5_Succinic_Acid,14
46.25,A5_Succinic_Acid,15
46.5,A5_Succinic_Acid,19
46.75,A5_Succinic_Acid,17
47.0,A5_Succinic_Acid,14
47.25,A5_Succinic_Acid,15
47.5,A5_Succinic_Acid,15
47.75,A5_Succinic_Acid,14
48.0,A5_Succinic_Acid,15
48.25,A5_Succinic_Acid,14
0.0,A6_D-Galactose,11
0.25,A6_D-Galactose,11
0.5,A6_D-Galactose,11
0.75,A6_D-Galactose,11
1.0,A6_D-Galactose,11
1.25,A6_D-Galactose,11
1.5,A6_D-Galactose,11
1.75,A6_D-Galactose,11
2.0,A6_D-Galactose,11
2.25,A6_D-Galactose,11
2.5,A6_D-Galactose,11
2.75,A6_D-Galactose,11
3.0,A6_D-Galactose,11
3.25,A6_D-Galactose,11
3.5,A6_D-Galactose,11
3.75,A6_D-Galactose,11
4.0,A6_D-Galactose,11
4.25,A6_D-Galactose,11
4.5,A6_D-Galactose,11
4.75,A6_D-Galactose,11
5.0,A6_D-Galactose,11
5.25,A6_D-Galactose,11
5.5,A6_D-Galactose,11
5.75,A6_D-Galactose,11
6.0,A6_D-Galactose,11
6.25,A6_D-Galactose,11
6.5,A6_D-Galactose,11
6.75,A6_D-Galactose,11
7.0,A6_D-Galactose,11
7.25,A6_D-Galactose,11
7.5,A6_D-Galactose,11
7.75,A6_D-Galactose,11
8.0,A6_D-Galactose,11
8.25,A6_D-Galactose,11
8.5,A6_D-Galactose,11
8.75,A6_D-Galactose,11
9.0,A6_D-Galactose,11
9.25,A6_D-Galactose,11
9.5,A6_D-Galactose,11
9.75,A6_D-Galactose,11
10.0,A6_D-Galactose,11
10.25,A6_D-Galactose,11
10.5,A6_D-Galactose,11
10.75,A6_D-Galactose,11
11.0,A6_D-Galactose,11
11.25,A6_D-Galactose,11
11.5,A6_D-Galactose,11
11.75,A6_D-Galactose,11
12.0,A6_D-Galactose,11
12.25,A6_D-Galactose,11
12.5,A6_D-Galactose,11
12.75,A6_D-Galactose,11
13.0,A6_D-Galactose,11
13.25,A6_D-Galactose,11
13.5,A6_D-Galactose,11
13.75,A6_D-Galactose,11
14.0,A6_D-Galactose,11
14.25,A6_D-Galactose,11
14.5,A6_D-Galactose,11
14.75,A6_D-Galactose,11
15.0,A6_D-Galactose,11
15.25,A6_D-Galactose,11
15.5,A6_D-Galactose,11
15.75,A6_D-Galactose,11
16.0,A6_D-Galactose,11
16.25,A6_D-Galactose,11
16.5,A6_D-Galactose,11
16.75,A6_D-Galactose,11
17.0,A6_D-Galactose,11
17.25,A6_D-Galactose,11
17.5,A6_D-Galactose,11
17.75,A6_D-Galactose,11
18.0,A6_D-Galactose,11
18.25,A6_D-Galactose,11
18.5,A6_D-Galactose,11
18.75,A6_D-Galactose,11
19.0,A6_D-Galactose,11
19.25,A6_D-Galactose,11
19.5,A6_D-Galactose,11
19.75,A6_D-Galactose,11
20.0,A6_D-Galactose,11
20.25,A6_D-Galactose,11
20.5,A6_D-Galactose,11
20.75,A6_D-Galactose,11
21.0,A6_D-Galactose,11
21.25,A6_D-Galactose,11
21.5,A6_D-Galactose,11
21.75,A6_D-Galactose,11
22.0,A6_D-Galactose,11
22.25,A6_D-Galactose,11
22.5,A6_D-Galactose,11
22.75,A6_D-Galactose,11
23.0,A6_D-Galactose,11
23.25,A6_D-Galactose,11
23.5,A6_D-Galactose,11
23.75,A6_D-Galactose,11
24.0,A6_D-Galactose,11
24.25,A6_D-Galactose,11
24.5,A6_D-Galactose,11
24.75,A6_D-Galactose,11
25.0,A6_D-Galactose,11
25.25,A6_D-Galactose,11
25.5,A6_D-Galactose,11
25.75,A6_D-Galactose,11
26.0,A6_D-Galactose,11
26.25,A6_D-Galactose,11
26.5,A6_D-Galactose,11
26.75,A6_D-Galactose,11
27.0,A6_D-Galactose,11
27.25,A6_D-Galactose,11
27.5,A6_D-Galactose,11
27.75,A6_D-Galactose,11
28.0,A6_D-Galactose,11
28.25,A6_D-Galactose,11
28.5,A6_D-Galactose,12
28.75,A6_D-Galactose,11
29.0,A6_D-Galactose,13
29.25,A6_D-Galactose,12
29.5,A6_D-Galactose,11
29.75,A6_D-Galactose,12
30.0,A6_D-Galactose,11
30.25,A6_D-Galactose,11
30.5,A6_D-Galactose,11
30.75,A6_D-Galactose,11
31.0,A6_D-Galactose,11
31.25,A6_D-Galactose,12
31.5,A6_D-Galactose,14
31.75,A6_D-Galactose,11
32.0,A6_D-Galactose,11
32.25,A6_D-Galactose,13
32.5,A6_D-Galactose,11
32.75,A6_D-Galactose,11
33.0,A6_D-Galactose,11
33.25,A6_D-Galactose,11
33.5,A6_D-Galactose,11
33.75,A6_D-Galactose,11
34.0,A6_D-Galactose,12
34.25,A6_D-Galactose,11
34.5,A6_D-Galactose,12
34.75,A6_D-Galactose,14
35.0,A6_D-Galactose,11
35.25,A6_D-Galactose,11
35.5,A6_D-Galactose,11
35.75,A6_D-Galactose,11
36.0,A6_D-Galactose,12
36.25,A6_D-Galactose,11
36.5,A6_D-Galactose,11
36.75,A6_D-Galactose,11
37.0,A6_D-Galactose,12
37.25,A6_D-Galactose,11
37.5,A6_D-Galactose,11
37.75,A6_D-Galactose,12
38.0,A6_D-Galactose,11
38.25,A6_D-Galactose,11
38.5,A6_D-Galactose,11
38.75,A6_D-Galactose,11
39.0,A6_D-Galactose,11
39.25,A6_D-Galactose,13
39.5,A6_D-Galactose,11
39.75,A6_D-Galactose,11
40.0,A6_D-Galactose,11
40.25,A6_D-Galactose,11
40.5,A6_D-Galactose,11
40.75,A6_D-Galactose,14
41.0,A6_D-Galactose,11
41.25,A6_D-Galactose,13
41.5,A6_D-Galactose,11
41.75,A6_D-Galactose,11
42.0,A6_D-Galactose,14
42.25,A6_D-Galactose,11
42.5,A6_D-Galactose,11
42.75,A6_D-Galactose,13
43.0,A6_D-Galactose,11
43.25,A6_D-Galactose,13
43.5,A6_D-Galactose,11
43.75,A6_D-Galactose,11
44.0,A6_D-Galactose,11
44.25,A6_D-Galactose,11
44.5,A6_D-Galactose,11
44.75,A6_D-Galactose,11
45.0,A6_D-Galactose,11
45.25,A6_D-Galactose,11
45.5,A6_D-Galactose,11
45.75,A6_D-Galactose,11
46.0,A6_D-Galactose,11
46.25,A6_D-Galactose,11
46.5,A6_D-Galactose,11
46.75,A6_D-Galactose,11
47.0,A6_D-Galactose,11
47.25,A6_D-Galactose,11
47.5,A6_D-Galactose,11
47.75,A6_D-Galactose,11
48.0,A6_D-Galactose,11
48.25,A6_D-Galactose,11
0.0,A7_L-Aspartic_Acid,11
0.25,A7_L-Aspartic_Acid,11
0.5,A7_L-Aspartic_Acid,11
0.75,A7_L-Aspartic_Acid,11
1.0,A7_L-Aspartic_Acid,11
1.25,A7_L-Aspartic_Acid,11
1.5,A7_L-Aspartic_Acid,11
1.75,A7_L-Aspartic_Acid,11
2.0,A7_L-Aspartic_Acid,11
2.25,A7_L-Aspartic_Acid,11
2.5,A7_L-Aspartic_Acid,11
2.75,A7_L-Aspartic_Acid,11
3.0,A7_L-Aspartic_Acid,11
3.25,A7_L-Aspartic_Acid,11
3.5,A7_L-Aspartic_Acid,11
3.75,A7_L-Aspartic_Acid,11
4.0,A7_L-Aspartic_Acid,11
4.25,A7_L-Aspartic_Acid,11
4.5,A7_L-Aspartic_Acid,11
4.75,A7_L-Aspartic_Acid,11
5.0,A7_L-Aspartic_Acid,11
5.25,A7_L-Aspartic_Acid,11
5.5,A7_L-Aspartic_Acid,11
5.75,A7_L-Aspartic_Acid,11
6.0,A7_L-Aspartic_Acid,11
6.25,A7_L-Aspartic_Acid,11
6.5,A7_L-Aspartic_Acid,11
6.75,A7_L-Aspartic_Acid,11
7.0,A7_L-Aspartic_Acid,11
7.25,A7_L-Aspartic_Acid,11
7.5,A7_L-Aspartic_Acid,11
7.75,A7_L-Aspartic_Acid,11
8.0,A7_L-Aspartic_Acid,11
8.25,A7_L-Aspartic_Acid,11
8.5,A7_L-Aspartic_Acid,11
8.75,A7_L-Aspartic_Acid,11
9.0,A7_L-Aspartic_Acid,11
9.25,A7_L-Aspartic_Acid,11
9.5,A7_L-Aspartic_Acid,11
9.75,A7_L-Aspartic_Acid,11
10.0,A7_L-Aspartic_Acid,11
10.25,A7_L-Aspartic_Acid,11
10.5,A7_L-Aspartic_Acid,11
10.75,A7_L-Aspartic_Acid,11
11.0,A7_L-Aspartic_Acid,11
11.25,A7_L-Aspartic_Acid,11
11.5,A7_L-Aspartic_Acid,11
11.75,A7_L-Aspartic_Acid,11
12.0,A7_L-Aspartic_Acid,11
12.25,A7_L-Aspartic_Acid,11
12.5,A7_L-Aspartic_Acid,11
12.75,A7_L-Aspartic_Acid,11
13.0,A7_L-Aspartic_Acid,11
13.25,A7_L-Aspartic_Acid,11
13.5,A7_L-Aspartic_Acid,11
13.75,A7_L-Aspartic_Acid,11
14.0,A7_L-Aspartic_Acid,11
14.25,A7_L-Aspartic_Acid,11
14.5,A7_L-Aspartic_Acid,11
14.75,A7_L-Aspartic_Acid,11
15.0,A7_L-Aspartic_Acid,11
15.25,A7_L-Aspartic_Acid,11
15.5,A7_L-Aspartic_Acid,11
15.75,A7_L-Aspartic_Acid,11
16.0,A7_L-Aspartic_Acid,11
16.25,A7_L-Aspartic_Acid,11
16.5,A7_L-Aspartic_Acid,11
16.75,A7_L-Aspartic_Acid,11
17.0,A7_L-Aspartic_Acid,11
17.25,A7_L-Aspartic_Acid,11
17.5,A7_L-Aspartic_Acid,11
17.75,A7_L-Aspartic_Acid,11
18.0,A7_L-Aspartic_Acid,11
18.25,A7_L-Aspartic_Acid,11
18.5,A7_L-Aspartic_Acid,11
18.75,A7_L-Aspartic_Acid,11
19.0,A7_L-Aspartic_Acid,11
19.25,A7_L-Aspartic_Acid,11
19.5,A7_L-Aspartic_Acid,11
19.75,A7_L-Aspartic_Acid,11
20.0,A7_L-Aspartic_Acid,11
20.25,A7_L-Aspartic_Acid,11
20.5,A7_L-Aspartic_Acid,11
20.75,A7_L-Aspartic_Acid,11
21.0,A7_L-Aspartic_Acid,11
21.25,A7_L-Aspartic_Acid,11
21.5,A7_L-Aspartic_Acid,11
21.75,A7_L-Aspartic_Acid,11
22.0,A7_L-Aspartic_Acid,11
22.25,A7_L-Aspartic_Acid,11
22.5,A7_L-Aspartic_Acid,11
22.75,A7_L-Aspartic_Acid,11
23.0,A7_L-Aspartic_Acid,11
23.25,A7_L-Aspartic_Acid,11
23.5,A7_L-Aspartic_Acid,11
23.75,A7_L-Aspartic_Acid,11
24.0,A7_L-Aspartic_Acid,11
24.25,A7_L-Aspartic_Acid,11
24.5,A7_L-Aspartic_Acid,11
24.75,A7_L-Aspartic_Acid,11
25.0,A7_L-Aspartic_Acid,11
25.25,A7_L-Aspartic_Acid,11
25.5,A7_L-Aspartic_Acid,11
25.75,A7_L-Aspartic_Acid,11
26.0,A7_L-Aspartic_Acid,11
26.25,A7_L-Aspartic_Acid,11
26.5,A7_L-Aspartic_Acid,11
26.75,A7_L-Aspartic_Acid,11
27.0,A7_L-Aspartic_Acid,11
27.25,A7_L-Aspartic_Acid,11
27.5,A7_L-Aspartic_Acid,11
27.75,A7_L-Aspartic_Acid,11
28.0,A7_L-Aspartic_Acid,11
28.25,A7_L-Aspartic_Acid,11
28.5,A7_L-Aspartic_Acid,16
28.75,A7_L-Aspartic_Acid,11
29.0,A7_L-Aspartic_Acid,13
29.25,A7_L-Aspartic_Acid,13
29.5,A7_L-Aspartic_Acid,11
29.75,A7_L-Aspartic_Acid,11
30.0,A7_L-Aspartic_Acid,11
30.25,A7_L-Aspartic_Acid,11
30.5,A7_L-Aspartic_Acid,11
30.75,A7_L-Aspartic_Acid,11
31.0,A7_L-Aspartic_Acid,11
31.25,A7_L-Aspartic_Acid,11
31.5,A7_L-Aspartic_Acid,14
31.75,A7_L-Aspartic_Acid,11
32.0,A7_L-Aspartic_Acid,12
32.25,A7_L-Aspartic_Acid,13
32.5,A7_L-Aspartic_Acid,11
32.75,A7_L-Aspartic_Acid,11
33.0,A7_L-Aspartic_Acid,13
33.25,A7_L-Aspartic_Acid,11
33.5,A7_L-Aspartic_Acid,13
33.75,A7_L-Aspartic_Acid,13
34.0,A7_L-Aspartic_Acid,13
34.25,A7_L-Aspartic_Acid,14
34.5,A7_L-Aspartic_Acid,17
34.75,A7_L-Aspartic_Acid,11
35.0,A7_L-Aspartic_Acid,12
35.25,A7_L-Aspartic_Acid,18
35.5,A7_L-Aspartic_Acid,18
35.75,A7_L-Aspartic_Acid,14
36.0,A7_L-Aspartic_Acid,17
36.25,A7_L-Aspartic_Acid,17
36.5,A7_L-Aspartic_Acid,14
36.75,A7_L-Aspartic_Acid,17
37.0,A7_L-Aspartic_Acid,13
37.25,A7_L-Aspartic_Acid,14
37.5,A7_L-Aspartic_Acid,16
37.75,A7_L-Aspartic_Acid,17
38.0,A7_L-Aspartic_Acid,16
38.25,A7_L-Aspartic_Acid,19
38.5,A7_L-Aspartic_Acid,21
38.75,A7_L-Aspartic_Acid,22
39.0,A7_L-Aspartic_Acid,18
39.25,A7_L-Aspartic_Acid,21
39.5,A7_L-Aspartic_Acid,19
39.75,A7_L-Aspartic_Acid,19
40.0,A7_L-Aspartic_Acid,20
40.25,A7_L-Aspartic_Acid,23
40.5,A7_L-Aspartic_Acid,23
40.75,A7_L-Aspartic_Acid,18
41.0,A7_L-Aspartic_Acid,25
41.25,A7_L-Aspartic_Acid,24
41.5,A7_L-Aspartic_Acid,21
41.75,A7_L-Aspartic_Acid,27
42.0,A7_L-Aspartic_Acid,24
42.25,A7_L-Aspartic_Acid,25
42.5,A7_L-Aspartic_Acid,23
42.75,A7_L-Aspartic_Acid,26
43.0,A7_L-Aspartic_Acid,28
43.25,A7_L-Aspartic_Acid,25
43.5,A7_L-Aspartic_Acid,25
43.75,A7_L-Aspartic_Acid,27
44.0,A7_L-Aspartic_Acid,26
44.25,A7_L-Aspartic_Acid,32
44.5,A7_L-Aspartic_Acid,31
44.75,A7_L-Aspartic_Acid,25
45.0,A7_L-Aspartic_Acid,26
45.25,A7_L-Aspartic_Acid,29
45.5,A7_L-Aspartic_Acid,28
45.75,A7_L-Aspartic_Acid,31
46.0,A7_L-Aspartic_Acid,33
46.25,A7_L-Aspartic_Acid,31
46.5,A7_L-Aspartic_Acid,35
46.75,A7_L-Aspartic_Acid,32
47.0,A7_L-Aspartic_Acid,31
47.25,A7_L-Aspartic_Acid,35
47.5,A7_L-Aspartic_Acid,34
47.75,A7_L-Aspartic_Acid,35
48.0,A7_L-Aspartic_Acid,37
48.25,A7_L-Aspartic_Acid,37
0.0,A8_L-Proline,11
0.25,A8_L-Proline,11
0.5,A8_L-Proline,11
0.75,A8_L-Proline,11
1.0,A8_L-Proline,11
1.25,A8_L-Proline,11
1.5,A8_L-Proline,11
1.75,A8_L-Proline,11
2.0,A8_L-Proline,11
2.25,A8_L-Proline,11
2.5,A8_L-Proline,11
2.75,A8_L-Proline,11
3.0,A8_L-Proline,11
3.25,A8_L-Proline,11
3.5,A8_L-Proline,11
3.75,A8_L-Proline,11
4.0,A8_L-Proline,11
4.25,A8_L-Proline,11
4.5,A8_L-Proline,11
4.75,A8_L-Proline,11
5.0,A8_L-Proline,11
5.25,A8_L-Proline,11
5.5,A8_L-Proline,11
5.75,A8_L-Proline,11
6.0,A8_L-Proline,11
6.25,A8_L-Proline,11
6.5,A8_L-Proline,11
6.75,A8_L-Proline,11
7.0,A8_L-Proline,11
7.25,A8_L-Proline,11
7.5,A8_L-Proline,11
7.75,A8_L-Proline,11
8.0,A8_L-Proline,11
8.25,A8_L-Proline,11
8.5,A8_L-Proline,11
8.75,A8_L-Proline,11
9.0,A8_L-Proline,11
9.25,A8_L-Proline,11
9.5,A8_L-Proline,11
9.75,A8_L-Proline,11
10.0,A8_L-Proline,11
10.25,A8_L-Proline,11
10.5,A8_L-Proline,11
10.75,A8_L-Proline,11
11.0,A8_L-Proline,11
11.25,A8_L-Proline,11
11.5,A8_L-Proline,11
11.75,A8_L-Proline,11
12.0,A8_L-Proline,11
12.25,A8_L-Proline,11
12.5,A8_L-Proline,11
12.75,A8_L-Proline,11
13.0,A8_L-Proline,11
13.25,A8_L-Proline,11
13.5,A8_L-Proline,11
13.75,A8_L-Proline,11
14.0,A8_L-Proline,11
14.25,A8_L-Proline,11
14.5,A8_L-Proline,11
14.75,A8_L-Proline,11
15.0,A8_L-Proline,11
15.25,A8_L-Proline,11
15.5,A8_L-Proline,11
15.75,A8_L-Proline,11
16.0,A8_L-Proline,11
16.25,A8_L-Proline,11
16.5,A8_L-Proline,11
16.75,A8_L-Proline,11
17.0,A8_L-Proline,11
17.25,A8_L-Proline,11
17.5,A8_L-Proline,11
17.75,A8_L-Proline,11
18.0,A8_L-Proline,11
18.25,A8_L-Proline,11
18.5,A8_L-Proline,11
18.75,A8_L-Proline,11
19.0,A8_L-Proline,11
19.25,A8_L-Proline,11
19.5,A8_L-Proline,11
19.75,A8_L-Proline,11
20.0,A8_L-Proline,11
20.25,A8_L-Proline,11
20.5,A8_L-Proline,11
20.75,A8_L-Proline,11
21.0,A8_L-Proline,11
21.25,A8_L-Proline,11
21.5,A8_L-Proline,11
21.75,A8_L-Proline,11
22.0,A8_L-Proline,11
22.25,A8_L-Proline,11
22.5,A8_L-Proline,11
22.75,A8_L-Proline,11
23.0,A8_L-Proline,11
23.25,A8_L-Proline,11
23.5,A8_L-Proline,11
23.75,A8_L-Proline,11
24.0,A8_L-Proline,11
24.25,A8_L-Proline,11
24.5,A8_L-Proline,11
24.75,A8_L-Proline,11
25.0,A8_L-Proline,11
25.25,A8_L-Proline,11
25.5,A8_L-Proline,11
25.75,A8_L-Proline,11
26.0,A8_L-Proline,11
26.25,A8_L-Proline,11
26.5,A8_L-Proline,11
26.75,A8_L-Proline,11
27.0,A8_L-Proline,11
27.25,A8_L-Proline,11
27.5,A8_L-Proline,11
27.75,A8_L-Proline,11
28.0,A8_L-Proline,11
28.25,A8_L-Proline,11
28.5,A8_L-Proline,11
28.75,A8_L-Proline,11
29.0,A8_L-Proline,11
29.25,A8_L-Proline,11
29.5,A8_L-Proline,13
29.75,A8_L-Proline,11
30.0,A8_L-Proline,11
30.25,A8_L-Proline,11
30.5,A8_L-Proline,11
30.75,A8_L-Proline,11
31.0,A8_L-Proline,11
31.25,A8_L-Proline,11
31.5,A8_L-Proline,11
31.75,A8_L-Proline,11
32.0,A8_L-Proline,11
32.25,A8_L-Proline,11
32.5,A8_L-Proline,11
32.75,A8_L-Proline,11
33.0,A8_L-Proline,11
33.25,A8_L-Proline,11
33.5,A8_L-Proline,11
33.75,A8_L-Proline,11
34.0,A8_L-Proline,11
34.25,A8_L-Proline,11
34.5,A8_L-Proline,11
34.75,A8_L-Proline,11
35.0,A8_L-Proline,12
35.25,A8_L-Proline,15
35.5,A8_L-Proline,11
35.75,A8_L-Proline,11
36.0,A8_L-Proline,11
36.25,A8_L-Proline,11
36.5,A8_L-Proline,11
36.75,A8_L-Proline,12
37.0,A8_L-Proline,11
37.25,A8_L-Proline,11
37.5,A8_L-Proline,11
37.75,A8_L-Proline,12
38.0,A8_L-Proline,11
38.25,A8_L-Proline,13
38.5,A8_L-Proline,13
38.75,A8_L-Proline,14
39.0,A8_L-Proline,14
39.25,A8_L-Proline,15
39.5,A8_L-Proline,14
39.75,A8_L-Proline,11
40.0,A8_L-Proline,13
40.25,A8_L-Proline,12
40.5,A8_L-Proline,11
40.75,A8_L-Proline,12
41.0,A8_L-Proline,11
41.25,A8_L-Proline,11
41.5,A8_L-Proline,11
41.75,A8_L-Proline,12
42.0,A8_L-Proline,16
42.25,A8_L-Proline,12
42.5,A8_L-Proline,11
42.75,A8_L-Proline,13
43.0,A8_L-Proline,15
43.25,A8_L-Proline,12
43.5,A8_L-Proline,12
43.75,A8_L-Proline,12
44.0,A8_L-Proline,11
44.25,A8_L-Proline,14
44.5,A8_L-Proline,12
44.75,A8_L-Proline,11
45.0,A8_L-Proline,11
45.25,A8_L-Proline,11
45.5,A8_L-Proline,12
45.75,A8_L-Proline,14
46.0,A8_L-Proline,11
46.25,A8_L-Proline,13
46.5,A8_L-Proline,11
46.75,A8_L-Proline,16
47.0,A8_L-Proline,20
47.25,A8_L-Proline,14
47.5,A8_L-Proline,15
47.75,A8_L-Proline,14
48.0,A8_L-Proline,15
48.25,A8_L-Proline,12
0.0,A9_D-Alanine,11
0.25,A9_D-Alanine,11
0.5,A9_D-Alanine,11
0.75,A9_D-Alanine,11
1.0,A9_D-Alanine,11
1.25,A9_D-Alanine,11
1.5,A9_D-Alanine,11
1.75,A9_D-Alanine,11
2.0,A9_D-Alanine,11
2.25,A9_D-Alanine,11
2.5,A9_D-Alanine,11
2.75,A9_D-Alanine,11
3.0,A9_D-Alanine,11
3.25,A9_D-Alanine,11
3.5,A9_D-Alanine,11
3.75,A9_D-Alanine,11
4.0,A9_D-Alanine,11
4.25,A9_D-Alanine,11
4.5,A9_D-Alanine,11
4.75,A9_D-Alanine,11
5.0,A9_D-Alanine,11
5.25,A9_D-Alanine,11
5.5,A9_D-Alanine,11
5.75,A9_D-Alanine,11
6.0,A9_D-Alanine,11
6.25,A9_D-Alanine,11
6.5,A9_D-Alanine,11
6.75,A9_D-Alanine,11
7.0,A9_D-Alanine,11
7.25,A9_D-Alanine,11
7.5,A9_D-Alanine,11
7.75,A9_D-Alanine,11
8.0,A9_D-Alanine,11
8.25,A9_D-Alanine,11
8.5,A9_D-Alanine,11
8.75,A9_D-Alanine,11
9.0,A9_D-Alanine,11
9.25,A9_D-Alanine,11
9.5,A9_D-Alanine,11
9.75,A9_D-Alanine,11
10.0,A9_D-Alanine,11
10.25,A9_D-Alanine,11
10.5,A9_D-Alanine,11
10.75,A9_D-Alanine,11
11.0,A9_D-Alanine,11
11.25,A9_D-Alanine,11
11.5,A9_D-Alanine,11
11.75,A9_D-Alanine,11
12.0,A9_D-Alanine,11
12.25,A9_D-Alanine,11
12.5,A9_D-Alanine,11
12.75,A9_D-Alanine,11
13.0,A9_D-Alanine,11
13.25,A9_D-Alanine,11
13.5,A9_D-Alanine,11
13.75,A9_D-Alanine,11
14.0,A9_D-Alanine,11
14.25,A9_D-Alanine,11
14.5,A9_D-Alanine,11
14.75,A9_D-Alanine,11
15.0,A9_D-Alanine,11
15.25,A9_D-Alanine,11
15.5,A9_D-Alanine,11
15.75,A9_D-Alanine,11
16.0,A9_D-Alanine,11
16.25,A9_D-Alanine,11
16.5,A9_D-Alanine,11
16.75,A9_D-Alanine,11
17.0,A9_D-Alanine,11
17.25,A9_D-Alanine,11
17.5,A9_D-Alanine,11
17.75,A9_D-Alanine,11
18.0,A9_D-Alanine,11
18.25,A9_D-Alanine,11
18.5,A9_D-Alanine,11
18.75,A9_D-Alanine,11
19.0,A9_D-Alanine,11
19.25,A9_D-Alanine,11
19.5,A9_D-Alanine,11
19.75,A9_D-Alanine,11
20.0,A9_D-Alanine,11
20.25,A9_D-Alanine,11
20.5,A9_D-Alanine,11
20.75,A9_D-Alanine,11
21.0,A9_D-Alanine,11
21.25,A9_D-Alanine,11
21.5,A9_D-Alanine,11
21.75,A9_D-Alanine,11
22.0,A9_D-Alanine,11
22.25,A9_D-Alanine,11
22.5,A9_D-Alanine,11
22.75,A9_D-Alanine,11
23.0,A9_D-Alanine,11
23.25,A9_D-Alanine,11
23.5,A9_D-Alanine,11
23.75,A9_D-Alanine,11
24.0,A9_D-Alanine,11
24.25,A9_D-Alanine,11
24.5,A9_D-Alanine,11
24.75,A9_D-Alanine,11
25.0,A9_D-Alanine,11
25.25,A9_D-Alanine,11
25.5,A9_D-Alanine,11
25.75,A9_D-Alanine,11
26.0,A9_D-Alanine,11
26.25,A9_D-Alanine,11
26.5,A9_D-Alanine,11
26.75,A9_D-Alanine,11
27.0,A9_D-Alanine,11
27.25,A9_D-Alanine,11
27.5,A9_D-Alanine,11
27.75,A9_D-Alanine,11
28.0,A9_D-Alanine,11
28.25,A9_D-Alanine,11
28.5,A9_D-Alanine,11
28.75,A9_D-Alanine,11
29.0,A9_D-Alanine,11
29.25,A9_D-Alanine,11
29.5,A9_D-Alanine,11
29.75,A9_D-Alanine,11
30.0,A9_D-Alanine,11
30.25,A9_D-Alanine,11
30.5,A9_D-Alanine,11
30.75,A9_D-Alanine,11
31.0,A9_D-Alanine,11
31.25,A9_D-Alanine,11
31.5,A9_D-Alanine,11
31.75,A9_D-Alanine,11
32.0,A9_D-Alanine,11
32.25,A9_D-Alanine,11
32.5,A9_D-Alanine,11
32.75,A9_D-Alanine,11
33.0,A9_D-Alanine,11
33.25,A9_D-Alanine,11
33.5,A9_D-Alanine,11
33.75,A9_D-Alanine,11
34.0,A9_D-Alanine,11
34.25,A9_D-Alanine,11
34.5,A9_D-Alanine,11
34.75,A9_D-Alanine,11
35.0,A9_D-Alanine,11
35.25,A9_D-Alanine,11
35.5,A9_D-Alanine,11
35.75,A9_D-Alanine,11
36.0,A9_D-Alanine,11
36.25,A9_D-Alanine,11
36.5,A9_D-Alanine,11
36.75,A9_D-Alanine,11
37.0,A9_D-Alanine,11
37.25,A9_D-Alanine,11
37.5,A9_D-Alanine,11
37.75,A9_D-Alanine,11
38.0,A9_D-Alanine,11
38.25,A9_D-Alanine,11
38.5,A9_D-Alanine,11
38.75,A9_D-Alanine,11
39.0,A9_D-Alanine,11
39.25,A9_D-Alanine,11
39.5,A9_D-Alanine,11
39.75,A9_D-Alanine,11
40.0,A9_D-Alanine,11
40.25,A9_D-Alanine,11
40.5,A9_D-Alanine,11
40.75,A9_D-Alanine,11
41.0,A9_D-Alanine,11
41.25,A9_D-Alanine,11
41.5,A9_D-Alanine,11
41.75,A9_D-Alanine,11
42.0,A9_D-Alanine,13
42.25,A9_D-Alanine,16
42.5,A9_D-Alanine,11
42.75,A9_D-Alanine,11
43.0,A9_D-Alanine,11
43.25,A9_D-Alanine,11
43.5,A9_D-Alanine,11
43.75,A9_D-Alanine,11
44.0,A9_D-Alanine,11
44.25,A9_D-Alanine,11
44.5,A9_D-Alanine,11
44.75,A9_D-Alanine,11
45.0,A9_D-Alanine,11
45.25,A9_D-Alanine,12
45.5,A9_D-Alanine,12
45.75,A9_D-Alanine,11
46.0,A9_D-Alanine,11
46.25,A9_D-Alanine,14
46.5,A9_D-Alanine,11
46.75,A9_D-Alanine,15
47.0,A9_D-Alanine,11
47.25,A9_D-Alanine,11
47.5,A9_D-Alanine,11
47.75,A9_D-Alanine,11
48.0,A9_D-Alanine,11
48.25,A9_D-Alanine,11
0.0,A10_D-Trehalose,11
0.25,A10_D-Trehalose,11
0.5,A10_D-Trehalose,11
0.75,A10_D-Trehalose,11
1.0,A10_D-Trehalose,11
1.25,A10_D-Trehalose,11
1.5,A10_D-Trehalose,11
1.75,A10_D-Trehalose,11
2.0,A10_D-Trehalose,11
2.25,A10_D-Trehalose,11
2.5,A10_D-Trehalose,11
2.75,A10_D-Trehalose,11
3.0,A10_D-Trehalose,11
3.25,A10_D-Trehalose,11
3.5,A10_D-Trehalose,11
3.75,A10_D-Trehalose,11
4.0,A10_D-Trehalose,11
4.25,A10_D-Trehalose,11
4.5,A10_D-Trehalose,11
4.75,A10_D-Trehalose,11
5.0,A10_D-Trehalose,11
5.25,A10_D-Trehalose,11
5.5,A10_D-Trehalose,11
5.75,A10_D-Trehalose,11
6.0,A10_D-Trehalose,11
6.25,A10_D-Trehalose,11
6.5,A10_D-Trehalose,11
6.75,A10_D-Trehalose,11
7.0,A10_D-Trehalose,11
7.25,A10_D-Trehalose,11
7.5,A10_D-Trehalose,11
7.75,A10_D-Trehalose,11
8.0,A10_D-Trehalose,11
8.25,A10_D-Trehalose,11
8.5,A10_D-Trehalose,11
8.75,A10_D-Trehalose,11
9.0,A10_D-Trehalose,11
9.25,A10_D-Trehalose,11
9.5,A10_D-Trehalose,11
9.75,A10_D-Trehalose,11
10.0,A10_D-Trehalose,11
10.25,A10_D-Trehalose,11
10.5,A10_D-Trehalose,11
10.75,A10_D-Trehalose,11
11.0,A10_D-Trehalose,11
11.25,A10_D-Trehalose,11
11.5,A10_D-Trehalose,11
11.75,A10_D-Trehalose,11
12.0,A10_D-Trehalose,11
12.25,A10_D-Trehalose,11
12.5,A10_D-Trehalose,11
12.75,A10_D-Trehalose,11
13.0,A10_D-Trehalose,11
13.25,A10_D-Trehalose,11
13.5,A10_D-Trehalose,11
13.75,A10_D-Trehalose,11
14.0,A10_D-Trehalose,11
14.25,A10_D-Trehalose,11
14.5,A10_D-Trehalose,11
14.75,A10_D-Trehalose,11
15.0,A10_D-Trehalose,11
15.25,A10_D-Trehalose,11
15.5,A10_D-Trehalose,11
15.75,A10_D-Trehalose,11
16.0,A10_D-Trehalose,11
16.25,A10_D-Trehalose,11
16.5,A10_D-Trehalose,11
16.75,A10_D-Trehalose,11
17.0,A10_D-Trehalose,11
17.25,A10_D-Trehalose,11
17.5,A10_D-Trehalose,11
17.75,A10_D-Trehalose,11
18.0,A10_D-Trehalose,11
18.25,A10_D-Trehalose,11
18.5,A10_D-Trehalose,11
18.75,A10_D-Trehalose,11
19.0,A10_D-Trehalose,11
19.25,A10_D-Trehalose,11
19.5,A10_D-Trehalose,11
19.75,A10_D-Trehalose,11
20.0,A10_D-Trehalose,11
20.25,A10_D-Trehalose,11
20.5,A10_D-Trehalose,11
20.75,A10_D-Trehalose,11
21.0,A10_D-Trehalose,11
21.25,A10_D-Trehalose,11
21.5,A10_D-Trehalose,11
21.75,A10_D-Trehalose,11
22.0,A10_D-Trehalose,11
22.25,A10_D-Trehalose,11
22.5,A10_D-Trehalose,11
22.75,A10_D-Trehalose,11
23.0,A10_D-Trehalose,11
23.25,A10_D-Trehalose,11
23.5,A10_D-Trehalose,11
23.75,A10_D-Trehalose,11
24.0,A10_D-Trehalose,11
24.25,A10_D-Trehalose,11
24.5,A10_D-Trehalose,11
24.75,A10_D-Trehalose,11
25.0,A10_D-Trehalose,11
25.25,A10_D-Trehalose,11
25.5,A10_D-Trehalose,11
25.75,A10_D-Trehalose,11
26.0,A10_D-Trehalose,13
26.25,A10_D-Trehalose,13
26.5,A10_D-Trehalose,11
26.75,A10_D-Trehalose,11
27.0,A10_D-Trehalose,12
27.25,A10_D-Trehalose,11
27.5,A10_D-Trehalose,11
27.75,A10_D-Trehalose,11
28.0,A10_D-Trehalose,11
28.25,A10_D-Trehalose,11
28.5,A10_D-Trehalose,12
28.75,A10_D-Trehalose,11
29.0,A10_D-Trehalose,14
29.25,A10_D-Trehalose,11
29.5,A10_D-Trehalose,11
29.75,A10_D-Trehalose,11
30.0,A10_D-Trehalose,11
30.25,A10_D-Trehalose,11
30.5,A10_D-Trehalose,11
30.75,A10_D-Trehalose,15
31.0,A10_D-Trehalose,11
31.25,A10_D-Trehalose,15
31.5,A10_D-Trehalose,11
31.75,A10_D-Trehalose,11
32.0,A10_D-Trehalose,15
32.25,A10_D-Trehalose,11
32.5,A10_D-Trehalose,11
32.75,A10_D-Trehalose,11
33.0,A10_D-Trehalose,11
33.25,A10_D-Trehalose,12
33.5,A10_D-Trehalose,11
33.75,A10_D-Trehalose,11
34.0,A10_D-Trehalose,12
34.25,A10_D-Trehalose,13
34.5,A10_D-Trehalose,11
34.75,A10_D-Trehalose,14
35.0,A10_D-Trehalose,11
35.25,A10_D-Trehalose,11
35.5,A10_D-Trehalose,11
35.75,A10_D-Trehalose,11
36.0,A10_D-Trehalose,11
36.25,A10_D-Trehalose,11
36.5,A10_D-Trehalose,11
36.75,A10_D-Trehalose,11
37.0,A10_D-Trehalose,11
37.25,A10_D-Trehalose,11
37.5,A10_D-Trehalose,11
37.75,A10_D-Trehalose,14
38.0,A10_D-Trehalose,11
38.25,A10_D-Trehalose,11
38.5,A10_D-Trehalose,12
38.75,A10_D-Trehalose,12
39.0,A10_D-Trehalose,11
39.25,A10_D-Trehalose,13
39.5,A10_D-Trehalose,11
39.75,A10_D-Trehalose,11
40.0,A10_D-Trehalose,11
40.25,A10_D-Trehalose,14
40.5,A10_D-Trehalose,12
40.75,A10_D-Trehalose,13
41.0,A10_D-Trehalose,14
41.25,A10_D-Trehalose,12
41.5,A10_D-Trehalose,11
41.75,A10_D-Trehalose,11
42.0,A10_D-Trehalose,11
42.25,A10_D-Trehalose,14
42.5,A10_D-Trehalose,12
42.75,A10_D-Trehalose,14
43.0,A10_D-Trehalose,13
43.25,A10_D-Trehalose,11
43.5,A10_D-Trehalose,11
43.75,A10_D-Trehalose,12
44.0,A10_D-Trehalose,11
44.25,A10_D-Trehalose,13
44.5,A10_D-Trehalose,11
44.75,A10_D-Trehalose,11
45.0,A10_D-Trehalose,12
45.25,A10_D-Trehalose,12
45.5,A10_D-Trehalose,11
45.75,A10_D-Trehalose,11
46.0,A10_D-Trehalose,11
46.25,A10_D-Trehalose,11
46.5,A10_D-Trehalose,12
46.75,A10_D-Trehalose,12
47.0,A10_D-Trehalose,11
47.25,A10_D-Trehalose,11
47.5,A10_D-Trehalose,11
47.75,A10_D-Trehalose,14
48.0,A10_D-Trehalose,12
48.25,A10_D-Trehalose,12
0.0,A11_D-Mannose,14
0.25,A11_D-Mannose,11
0.5,A11_D-Mannose,14
0.75,A11_D-Mannose,12
1.0,A11_D-Mannose,11
1.25,A11_D-Mannose,15
1.5,A11_D-Mannose,13
1.75,A11_D-Mannose,11
2.0,A11_D-Mannose,18
2.25,A11_D-Mannose,11
2.5,A11_D-Mannose,12
2.75,A11_D-Mannose,13
3.0,A11_D-Mannose,15
3.25,A11_D-Mannose,14
3.5,A11_D-Mannose,14
3.75,A11_D-Mannose,11
4.0,A11_D-Mannose,11
4.25,A11_D-Mannose,11
4.5,A11_D-Mannose,11
4.75,A11_D-Mannose,11
5.0,A11_D-Mannose,12
5.25,A11_D-Mannose,13
5.5,A11_D-Mannose,12
5.75,A11_D-Mannose,11
6.0,A11_D-Mannose,11
6.25,A11_D-Mannose,14
6.5,A11_D-Mannose,11
6.75,A11_D-Mannose,15
7.0,A11_D-Mannose,12
7.25,A11_D-Mannose,14
7.5,A11_D-Mannose,12
7.75,A11_D-Mannose,11
8.0,A11_D-Mannose,18
8.25,A11_D-Mannose,13
8.5,A11_D-Mannose,12
8.75,A11_D-Mannose,11
9.0,A11_D-Mannose,11
9.25,A11_D-Mannose,16
9.5,A11_D-Mannose,13
9.75,A11_D-Mannose,13
10.0,A11_D-Mannose,11
10.25,A11_D-Mannose,14
10.5,A11_D-Mannose,18
10.75,A11_D-Mannose,14
11.0,A11_D-Mannose,17
11.25,A11_D-Mannose,12
11.5,A11_D-Mannose,15
11.75,A11_D-Mannose,12
12.0,A11_D-Mannose,11
12.25,A11_D-Mannose,13
12.5,A11_D-Mannose,13
12.75,A11_D-Mannose,17
13.0,A11_D-Mannose,11
13.25,A11_D-Mannose,11
13.5,A11_D-Mannose,14
13.75,A11_D-Mannose,15
14.0,A11_D-Mannose,14
14.25,A11_D-Mannose,11
14.5,A11_D-Mannose,13
14.75,A11_D-Mannose,19
15.0,A11_D-Mannose,15
15.25,A11_D-Mannose,11
15.5,A11_D-Mannose,13
15.75,A11_D-Mannose,14
16.0,A11_D-Mannose,17
16.25,A11_D-Mannose,15
16.5,A11_D-Mannose,11
16.75,A11_D-Mannose,12
17.0,A11_D-Mannose,13
17.25,A11_D-Mannose,13
17.5,A11_D-Mannose,14
17.75,A11_D-Mannose,16
18.0,A11_D-Mannose,14
18.25,A11_D-Mannose,17
18.5,A11_D-Mannose,14
18.75,A11_D-Mannose,16
19.0,A11_D-Mannose,12
19.25,A11_D-Mannose,16
19.5,A11_D-Mannose,11
19.75,A11_D-Mannose,14
20.0,A11_D-Mannose,13
20.25,A11_D-Mannose,14
20.5,A11_D-Mannose,15
20.75,A11_D-Mannose,17
21.0,A11_D-Mannose,15
21.25,A11_D-Mannose,11
21.5,A11_D-Mannose,16
21.75,A11_D-Mannose,13
22.0,A11_D-Mannose,13
22.25,A11_D-Mannose,15
22.5,A11_D-Mannose,15
22.75,A11_D-Mannose,15
23.0,A11_D-Mannose,12
23.25,A11_D-Mannose,15
23.5,A11_D-Mannose,17
23.75,A11_D-Mannose,14
24.0,A11_D-Mannose,14
24.25,A11_D-Mannose,15
24.5,A11_D-Mannose,15
24.75,A11_D-Mannose,16
25.0,A11_D-Mannose,15
25.25,A11_D-Mannose,13
25.5,A11_D-Mannose,17
25.75,A11_D-Mannose,16
26.0,A11_D-Mannose,17
26.25,A11_D-Mannose,19
26.5,A11_D-Mannose,13
26.75,A11_D-Mannose,15
27.0,A11_D-Mannose,17
27.25,A11_D-Mannose,16
27.5,A11_D-Mannose,19
27.75,A11_D-Mannose,15
28.0,A11_D-Mannose,15
28.25,A11_D-Mannose,18
28.5,A11_D-Mannose,15
28.75,A11_D-Mannose,14
29.0,A11_D-Mannose,14
29.25,A11_D-Mannose,14
29.5,A11_D-Mannose,16
29.75,A11_D-Mannose,18
30.0,A11_D-Mannose,18
30.25,A11_D-Mannose,18
30.5,A11_D-Mannose,17
30.75,A11_D-Mannose,17
31.0,A11_D-Mannose,18
31.25,A11_D-Mannose,17
31.5,A11_D-Mannose,18
31.75,A11_D-Mannose,19
32.0,A11_D-Mannose,17
32.25,A11_D-Mannose,17
32.5,A11_D-Mannose,18
32.75,A11_D-Mannose,18
33.0,A11_D-Mannose,18
33.25,A11_D-Mannose,20
33.5,A11_D-Mannose,16
33.75,A11_D-Mannose,19
34.0,A11_D-Mannose,20
34.25,A11_D-Mannose,18
34.5,A11_D-Mannose,20
34.75,A11_D-Mannose,20
35.0,A11_D-Mannose,19
35.25,A11_D-Mannose,18
35.5,A11_D-Mannose,21
35.75,A11_D-Mannose,17
36.0,A11_D-Mannose,17
36.25,A11_D-Mannose,17
36.5,A11_D-Mannose,23
36.75,A11_D-Mannose,22
37.0,A11_D-Mannose,20
37.25,A11_D-Mannose,17
37.5,A11_D-Mannose,19
37.75,A11_D-Mannose,20
38.0,A11_D-Mannose,20
38.25,A11_D-Mannose,14
38.5,A11_D-Mannose,19
38.75,A11_D-Mannose,18
39.0,A11_D-Mannose,16
39.25,A11_D-Mannose,21
39.5,A11_D-Mannose,22
39.75,A11_D-Mannose,18
40.0,A11_D-Mannose,15
40.25,A11_D-Mannose,17
40.5,A11_D-Mannose,18
40.75,A11_D-Mannose,17
41.0,A11_D-Mannose,15
41.25,A11_D-Mannose,19
41.5,A11_D-Mannose,18
41.75,A11_D-Mannose,18
42.0,A11_D-Mannose,19
42.25,A11_D-Mannose,16
42.5,A11_D-Mannose,20
42.75,A11_D-Mannose,20
43.0,A11_D-Mannose,18
43.25,A11_D-Mannose,22
43.5,A11_D-Mannose,21
43.75,A11_D-Mannose,20
44.0,A11_D-Mannose,19
44.25,A11_D-Mannose,20
44.5,A11_D-Mannose,21
44.75,A11_D-Mannose,18
45.0,A11_D-Mannose,17
45.25,A11_D-Mannose,19
45.5,A11_D-Mannose,21
45.75,A11_D-Mannose,19
46.0,A11_D-Mannose,16
46.25,A11_D-Mannose,19
46.5,A11_D-Mannose,25
46.75,A11_D-Mannose,20
47.0,A11_D-Mannose,20
47.25,A11_D-Mannose,16
47.5,A11_D-Mannose,23
47.75,A11_D-Mannose,20
48.0,A11_D-Mannose,19
48.25,A11_D-Mannose,18
0.0,A12_Dulcitol,17
0.25,A12_Dulcitol,18
0.5,A12_Dulcitol,19
0.75,A12_Dulcitol,16
1.0,A12_Dulcitol,20
1.25,A12_Dulcitol,20
1.5,A12_Dulcitol,16
1.75,A12_Dulcitol,16
2.0,A12_Dulcitol,18
2.25,A12_Dulcitol,22
2.5,A12_Dulcitol,18
2.75,A12_Dulcitol,16
3.0,A12_Dulcitol,20
3.25,A12_Dulcitol,20
3.5,A12_Dulcitol,16
3.75,A12_Dulcitol,14
4.0,A12_Dulcitol,17
4.25,A12_Dulcitol,17
4.5,A12_Dulcitol,18
4.75,A12_Dulcitol,19
5.0,A12_Dulcitol,21
5.25,A12_Dulcitol,17
5.5,A12_Dulcitol,14
5.75,A12_Dulcitol,16
6.0,A12_Dulcitol,17
6.25,A12_Dulcitol,13
6.5,A12_Dulcitol,19
6.75,A12_Dulcitol,18
7.0,A12_Dulcitol,15
7.25,A12_Dulcitol,20
7.5,A12_Dulcitol,13
7.75,A12_Dulcitol,16
8.0,A12_Dulcitol,20
8.25,A12_Dulcitol,16
8.5,A12_Dulcitol,13
8.75,A12_Dulcitol,20
9.0,A12_Dulcitol,20
9.25,A12_Dulcitol,18
9.5,A12_Dulcitol,19
9.75,A12_Dulcitol,18
10.0,A12_Dulcitol,14
10.25,A12_Dulcitol,11
10.5,A12_Dulcitol,20
10.75,A12_Dulcitol,22
11.0,A12_Dulcitol,21
11.25,A12_Dulcitol,18
11.5,A12_Dulcitol,21
11.75,A12_Dulcitol,18
12.0,A12_Dulcitol,19
12.25,A12_Dulcitol,18
12.5,A12_Dulcitol,19
12.75,A12_Dulcitol,18
13.0,A12_Dulcitol,18
13.25,A12_Dulcitol,18
13.5,A12_Dulcitol,24
13.75,A12_Dulcitol,18
14.0,A12_Dulcitol,19
14.25,A12_Dulcitol,18
14.5,A12_Dulcitol,17
14.75,A12_Dulcitol,20
15.0,A12_Dulcitol,17
15.25,A12_Dulcitol,17
15.5,A12_Dulcitol,17
15.75,A12_Dulcitol,15
16.0,A12_Dulcitol,17
16.25,A12_Dulcitol,16
16.5,A12_Dulcitol,12
16.75,A12_Dulcitol,14
17.0,A12_Dulcitol,17
17.25,A12_Dulcitol,19
17.5,A12_Dulcitol,18
17.75,A12_Dulcitol,16
18.0,A12_Dulcitol,15
18.25,A12_Dulcitol,18
18.5,A12_Dulcitol,18
18.75,A12_Dulcitol,21
19.0,A12_Dulcitol,19
19.25,A12_Dulcitol,19
19.5,A12_Dulcitol,17
19.75,A12_Dulcitol,17
20.0,A12_Dulcitol,16
20.25,A12_Dulcitol,19
20.5,A12_Dulcitol,20
20.75,A12_Dulcitol,20
21.0,A12_Dulcitol,20
21.25,A12_Dulcitol,18
21.5,A12_Dulcitol,19
21.75,A12_Dulcitol,19
22.0,A12_Dulcitol,18
22.25,A12_Dulcitol,17
22.5,A12_Dulcitol,19
22.75,A12_Dulcitol,23
23.0,A12_Dulcitol,21
23.25,A12_Dulcitol,18
23.5,A12_Dulcitol,21
23.75,A12_Dulcitol,18
24.0,A12_Dulcitol,18
24.25,A12_Dulcitol,21
24.5,A12_Dulcitol,19
24.75,A12_Dulcitol,18
25.0,A12_Dulcitol,18
25.25,A12_Dulcitol,19
25.5,A12_Dulcitol,20
25.75,A12_Dulcitol,24
26.0,A12_Dulcitol,18
26.25,A12_Dulcitol,20
26.5,A12_Dulcitol,14
26.75,A12_Dulcitol,21
27.0,A12_Dulcitol,24
27.25,A12_Dulcitol,20
27.5,A12_Dulcitol,21
27.75,A12_Dulcitol,21
28.0,A12_Dulcitol,19
28.25,A12_Dulcitol,22
28.5,A12_Dulcitol,24
28.75,A12_Dulcitol,20
29.0,A12_Dulcitol,21
29.25,A12_Dulcitol,21
29.5,A12_Dulcitol,23
29.75,A12_Dulcitol,20
30.0,A12_Dulcitol,18
30.25,A12_Dulcitol,23
30.5,A12_Dulcitol,22
30.75,A12_Dulcitol,24
31.0,A12_Dulcitol,23
31.25,A12_Dulcitol,21
31.5,A12_Dulcitol,23
31.75,A12_Dulcitol,20
32.0,A12_Dulcitol,23
32.25,A12_Dulcitol,21
32.5,A12_Dulcitol,22
32.75,A12_Dulcitol,20
33.0,A12_Dulcitol,23
33.25,A12_Dulcitol,23
33.5,A12_Dulcitol,20
33.75,A12_Dulcitol,24
34.0,A12_Dulcitol,22
34.25,A12_Dulcitol,21
34.5,A12_Dulcitol,25
34.75,A12_Dulcitol,22
35.0,A12_Dulcitol,27
35.25,A12_Dulcitol,24
35.5,A12_Dulcitol,21
35.75,A12_Dulcitol,20
36.0,A12_Dulcitol,24
36.25,A12_Dulcitol,25
36.5,A12_Dulcitol,23
36.75,A12_Dulcitol,23
37.0,A12_Dulcitol,23
37.25,A12_Dulcitol,23
37.5,A12_Dulcitol,22
37.75,A12_Dulcitol,21
38.0,A12_Dulcitol,24
38.25,A12_Dulcitol,20
38.5,A12_Dulcitol,24
38.75,A12_Dulcitol,22
39.0,A12_Dulcitol,21
39.25,A12_Dulcitol,24
39.5,A12_Dulcitol,26
39.75,A12_Dulcitol,22
40.0,A12_Dulcitol,24
40.25,A12_Dulcitol,23
40.5,A12_Dulcitol,25
40.75,A12_Dulcitol,23
41.0,A12_Dulcitol,21
41.25,A12_Dulcitol,20
41.5,A12_Dulcitol,20
41.75,A12_Dulcitol,20
42.0,A12_Dulcitol,22
42.25,A12_Dulcitol,21
42.5,A12_Dulcitol,22
42.75,A12_Dulcitol,24
43.0,A12_Dulcitol,23
43.25,A12_Dulcitol,23
43.5,A12_Dulcitol,22
43.75,A12_Dulcitol,23
44.0,A12_Dulcitol,20
44.25,A12_Dulcitol,24
44.5,A12_Dulcitol,22
44.75,A12_Dulcitol,19
45.0,A12_Dulcitol,24
45.25,A12_Dulcitol,23
45.5,A12_Dulcitol,24
45.75,A12_Dulcitol,23
46.0,A12_Dulcitol,22
46.25,A12_Dulcitol,24
46.5,A12_Dulcitol,23
46.75,A12_Dulcitol,26
47.0,A12_Dulcitol,23
47.25,A12_Dulcitol,22
47.5,A12_Dulcitol,23
47.75,A12_Dulcitol,23
48.0,A12_Dulcitol,23
48.25,A12_Dulcitol,24
0.0,B1_D-Serine,14
0.25,B1_D-Serine,14
0.5,B1_D-Serine,16
0.75,B1_D-Serine,13
1.0,B1_D-Serine,15
1.25,B1_D-Serine,15
1.5,B1_D-Serine,12
1.75,B1_D-Serine,15
2.0,B1_D-Serine,18
2.25,B1_D-Serine,15
2.5,B1_D-Serine,11
2.75,B1_D-Serine,17
3.0,B1_D-Serine,14
3.25,B1_D-Serine,14
3.5,B1_D-Serine,12
3.75,B1_D-Serine,15
4.0,B1_D-Serine,14
4.25,B1_D-Serine,14
4.5,B1_D-Serine,15
4.75,B1_D-Serine,15
5.0,B1_D-Serine,11
5.25,B1_D-Serine,14
5.5,B1_D-Serine,12
5.75,B1_D-Serine,12
6.0,B1_D-Serine,15
6.25,B1_D-Serine,16
6.5,B1_D-Serine,15
6.75,B1_D-Serine,16
7.0,B1_D-Serine,12
7.25,B1_D-Serine,14
7.5,B1_D-Serine,16
7.75,B1_D-Serine,13
8.0,B1_D-Serine,19
8.25,B1_D-Serine,14
8.5,B1_D-Serine,14
8.75,B1_D-Serine,15
9.0,B1_D-Serine,11
9.25,B1_D-Serine,14
9.5,B1_D-Serine,16
9.75,B1_D-Serine,14
10.0,B1_D-Serine,11
10.25,B1_D-Serine,14
10.5,B1_D-Serine,16
10.75,B1_D-Serine,18
11.0,B1_D-Serine,15
11.25,B1_D-Serine,15
11.5,B1_D-Serine,17
11.75,B1_D-Serine,14
12.0,B1_D-Serine,13
12.25,B1_D-Serine,12
12.5,B1_D-Serine,14
12.75,B1_D-Serine,16
13.0,B1_D-Serine,15
13.25,B1_D-Serine,13
13.5,B1_D-Serine,15
13.75,B1_D-Serine,17
14.0,B1_D-Serine,17
14.25,B1_D-Serine,17
14.5,B1_D-Serine,14
14.75,B1_D-Serine,14
15.0,B1_D-Serine,14
15.25,B1_D-Serine,11
15.5,B1_D-Serine,11
15.75,B1_D-Serine,15
16.0,B1_D-Serine,17
16.25,B1_D-Serine,15
16.5,B1_D-Serine,11
16.75,B1_D-Serine,13
17.0,B1_D-Serine,16
17.25,B1_D-Serine,11
17.5,B1_D-Serine,16
17.75,B1_D-Serine,15
18.0,B1_D-Serine,15
18.25,B1_D-Serine,20
18.5,B1_D-Serine,14
18.75,B1_D-Serine,13
19.0,B1_D-Serine,14
19.25,B1_D-Serine,15
19.5,B1_D-Serine,12
19.75,B1_D-Serine,13
20.0,B1_D-Serine,11
20.25,B1_D-Serine,16
20.5,B1_D-Serine,15
20.75,B1_D-Serine,16
21.0,B1_D-Serine,11
21.25,B1_D-Serine,15
21.5,B1_D-Serine,11
21.75,B1_D-Serine,16
22.0,B1_D-Serine,12
22.25,B1_D-Serine,13
22.5,B1_D-Serine,14
22.75,B1_D-Serine,16
23.0,B1_D-Serine,16
23.25,B1_D-Serine,12
23.5,B1_D-Serine,15
23.75,B1_D-Serine,14
24.0,B1_D-Serine,12
24.25,B1_D-Serine,11
24.5,B1_D-Serine,12
24.75,B1_D-Serine,11
25.0,B1_D-Serine,11
25.25,B1_D-Serine,13
25.5,B1_D-Serine,13
25.75,B1_D-Serine,17
26.0,B1_D-Serine,13
26.25,B1_D-Serine,12
26.5,B1_D-Serine,15
26.75,B1_D-Serine,12
27.0,B1_D-Serine,12
27.25,B1_D-Serine,12
27.5,B1_D-Serine,12
27.75,B1_D-Serine,17
28.0,B1_D-Serine,12
28.25,B1_D-Serine,16
28.5,B1_D-Serine,12
28.75,B1_D-Serine,12
29.0,B1_D-Serine,11
29.25,B1_D-Serine,12
29.5,B1_D-Serine,12
29.75,B1_D-Serine,11
30.0,B1_D-Serine,12
30.25,B1_D-Serine,12
30.5,B1_D-Serine,11
30.75,B1_D-Serine,11
31.0,B1_D-Serine,11
31.25,B1_D-Serine,11
31.5,B1_D-Serine,12
31.75,B1_D-Serine,13
32.0,B1_D-Serine,12
32.25,B1_D-Serine,14
32.5,B1_D-Serine,12
32.75,B1_D-Serine,11
33.0,B1_D-Serine,15
33.25,B1_D-Serine,11
33.5,B1_D-Serine,11
33.75,B1_D-Serine,13
34.0,B1_D-Serine,11
34.25,B1_D-Serine,13
34.5,B1_D-Serine,11
34.75,B1_D-Serine,11
35.0,B1_D-Serine,15
35.25,B1_D-Serine,13
35.5,B1_D-Serine,13
35.75,B1_D-Serine,15
36.0,B1_D-Serine,13
36.25,B1_D-Serine,11
36.5,B1_D-Serine,12
36.75,B1_D-Serine,12
37.0,B1_D-Serine,13
37.25,B1_D-Serine,13
37.5,B1_D-Serine,11
37.75,B1_D-Serine,11
38.0,B1_D-Serine,11
38.25,B1_D-Serine,12
38.5,B1_D-Serine,11
38.75,B1_D-Serine,11
39.0,B1_D-Serine,11
39.25,B1_D-Serine,12
39.5,B1_D-Serine,13
39.75,B1_D-Serine,16
40.0,B1_D-Serine,11
40.25,B1_D-Serine,11
40.5,B1_D-Serine,13
40.75,B1_D-Serine,12
41.0,B1_D-Serine,11
41.25,B1_D-Serine,15
41.5,B1_D-Serine,11
41.75,B1_D-Serine,11
42.0,B1_D-Serine,11
42.25,B1_D-Serine,16
42.5,B1_D-Serine,12
42.75,B1_D-Serine,12
43.0,B1_D-Serine,13
43.25,B1_D-Serine,12
43.5,B1_D-Serine,11
43.75,B1_D-Serine,11
44.0,B1_D-Serine,12
44.25,B1_D-Serine,11
44.5,B1_D-Serine,13
44.75,B1_D-Serine,11
45.0,B1_D-Serine,11
45.25,B1_D-Serine,14
45.5,B1_D-Serine,11
45.75,B1_D-Serine,13
46.0,B1_D-Serine,12
46.25,B1_D-Serine,15
46.5,B1_D-Serine,12
46.75,B1_D-Serine,11
47.0,B1_D-Serine,13
47.25,B1_D-Serine,12
47.5,B1_D-Serine,14
47.75,B1_D-Serine,14
48.0,B1_D-Serine,11
48.25,B1_D-Serine,13
0.0,B2_D-Sorbitol,11
0.25,B2_D-Sorbitol,11
0.5,B2_D-Sorbitol,11
0.75,B2_D-Sorbitol,11
1.0,B2_D-Sorbitol,11
1.25,B2_D-Sorbitol,11
1.5,B2_D-Sorbitol,11
1.75,B2_D-Sorbitol,11
2.0,B2_D-Sorbitol,11
2.25,B2_D-Sorbitol,11
2.5,B2_D-Sorbitol,11
2.75,B2_D-Sorbitol,11
3.0,B2_D-Sorbitol,11
3.25,B2_D-Sorbitol,11
3.5,B2_D-Sorbitol,11
3.75,B2_D-Sorbitol,11
4.0,B2_D-Sorbitol,11
4.25,B2_D-Sorbitol,12
4.5,B2_D-Sorbitol,11
4.75,B2_D-Sorbitol,11
5.0,B2_D-Sorbitol,11
5.25,B2_D-Sorbitol,11
5.5,B2_D-Sorbitol,11
5.75,B2_D-Sorbitol,11
6.0,B2_D-Sorbitol,11
6.25,B2_D-Sorbitol,11
6.5,B2_D-Sorbitol,11
6.75,B2_D-Sorbitol,11
7.0,B2_D-Sorbitol,11
7.25,B2_D-Sorbitol,11
7.5,B2_D-Sorbitol,11
7.75,B2_D-Sorbitol,11
8.0,B2_D-Sorbitol,11
8.25,B2_D-Sorbitol,13
8.5,B2_D-Sorbitol,11
8.75,B2_D-Sorbitol,11
9.0,B2_D-Sorbitol,11
9.25,B2_D-Sorbitol,12
9.5,B2_D-Sorbitol,11
9.75,B2_D-Sorbitol,11
10.0,B2_D-Sorbitol,11
10.25,B2_D-Sorbitol,11
10.5,B2_D-Sorbitol,11
10.75,B2_D-Sorbitol,11
11.0,B2_D-Sorbitol,11
11.25,B2_D-Sorbitol,12
11.5,B2_D-Sorbitol,11
11.75,B2_D-Sorbitol,11
12.0,B2_D-Sorbitol,11
12.25,B2_D-Sorbitol,11
12.5,B2_D-Sorbitol,11
12.75,B2_D-Sorbitol,11
13.0,B2_D-Sorbitol,11
13.25,B2_D-Sorbitol,12
13.5,B2_D-Sorbitol,11
13.75,B2_D-Sorbitol,12
14.0,B2_D-Sorbitol,11
14.25,B2_D-Sorbitol,12
14.5,B2_D-Sorbitol,12
14.75,B2_D-Sorbitol,15
15.0,B2_D-Sorbitol,11
15.25,B2_D-Sorbitol,11
15.5,B2_D-Sorbitol,11
15.75,B2_D-Sorbitol,11
16.0,B2_D-Sorbitol,13
16.25,B2_D-Sorbitol,11
16.5,B2_D-Sorbitol,11
16.75,B2_D-Sorbitol,11
17.0,B2_D-Sorbitol,13
17.25,B2_D-Sorbitol,11
17.5,B2_D-Sorbitol,11
17.75,B2_D-Sorbitol,11
18.0,B2_D-Sorbitol,11
18.25,B2_D-Sorbitol,11
18.5,B2_D-Sorbitol,11
18.75,B2_D-Sorbitol,14
19.0,B2_D-Sorbitol,14
19.25,B2_D-Sorbitol,12
19.5,B2_D-Sorbitol,11
19.75,B2_D-Sorbitol,11
20.0,B2_D-Sorbitol,11
20.25,B2_D-Sorbitol,11
20.5,B2_D-Sorbitol,11
20.75,B2_D-Sorbitol,11
21.0,B2_D-Sorbitol,11
21.25,B2_D-Sorbitol,11
21.5,B2_D-Sorbitol,13
21.75,B2_D-Sorbitol,11
22.0,B2_D-Sorbitol,12
22.25,B2_D-Sorbitol,11
22.5,B2_D-Sorbitol,13
22.75,B2_D-Sorbitol,11
23.0,B2_D-Sorbitol,11
23.25,B2_D-Sorbitol,11
23.5,B2_D-Sorbitol,11
23.75,B2_D-Sorbitol,11
24.0,B2_D-Sorbitol,11
24.25,B2_D-Sorbitol,11
24.5,B2_D-Sorbitol,11
24.75,B2_D-Sorbitol,11
25.0,B2_D-Sorbitol,11
25.25,B2_D-Sorbitol,12
25.5,B2_D-Sorbitol,11
25.75,B2_D-Sorbitol,12
26.0,B2_D-Sorbitol,11
26.25,B2_D-Sorbitol,11
26.5,B2_D-Sorbitol,11
26.75,B2_D-Sorbitol,12
27.0,B2_D-Sorbitol,19
27.25,B2_D-Sorbitol,18
27.5,B2_D-Sorbitol,12
27.75,B2_D-Sorbitol,14
28.0,B2_D-Sorbitol,11
28.25,B2_D-Sorbitol,14
28.5,B2_D-Sorbitol,15
28.75,B2_D-Sorbitol,11
29.0,B2_D-Sorbitol,16
29.25,B2_D-Sorbitol,13
29.5,B2_D-Sorbitol,15
29.75,B2_D-Sorbitol,14
30.0,B2_D-Sorbitol,12
30.25,B2_D-Sorbitol,12
30.5,B2_D-Sorbitol,14
30.75,B2_D-Sorbitol,13
31.0,B2_D-Sorbitol,11
31.25,B2_D-Sorbitol,14
31.5,B2_D-Sorbitol,16
31.75,B2_D-Sorbitol,15
32.0,B2_D-Sorbitol,16
32.25,B2_D-Sorbitol,14
32.5,B2_D-Sorbitol,11
32.75,B2_D-Sorbitol,11
33.0,B2_D-Sorbitol,14
33.25,B2_D-Sorbitol,12
33.5,B2_D-Sorbitol,11
33.75,B2_D-Sorbitol,14
34.0,B2_D-Sorbitol,13
34.25,B2_D-Sorbitol,16
34.5,B2_D-Sorbitol,13
34.75,B2_D-Sorbitol,20
35.0,B2_D-Sorbitol,14
35.25,B2_D-Sorbitol,13
35.5,B2_D-Sorbitol,15
35.75,B2_D-Sorbitol,11
36.0,B2_D-Sorbitol,13
36.25,B2_D-Sorbitol,16
36.5,B2_D-Sorbitol,11
36.75,B2_D-Sorbitol,12
37.0,B2_D-Sorbitol,15
37.25,B2_D-Sorbitol,14
37.5,B2_D-Sorbitol,13
37.75,B2_D-Sorbitol,14
38.0,B2_D-Sorbitol,14
38.25,B2_D-Sorbitol,13
38.5,B2_D-Sorbitol,16
38.75,B2_D-Sorbitol,16
39.0,B2_D-Sorbitol,11
39.25,B2_D-Sorbitol,13
39.5,B2_D-Sorbitol,11
39.75,B2_D-Sorbitol,11
40.0,B2_D-Sorbitol,15
40.25,B2_D-Sorbitol,12
40.5,B2_D-Sorbitol,15
40.75,B2_D-Sorbitol,16
41.0,B2_D-Sorbitol,11
41.25,B2_D-Sorbitol,16
41.5,B2_D-Sorbitol,11
41.75,B2_D-Sorbitol,12
42.0,B2_D-Sorbitol,14
42.25,B2_D-Sorbitol,15
42.5,B2_D-Sorbitol,12
42.75,B2_D-Sorbitol,15
43.0,B2_D-Sorbitol,18
43.25,B2_D-Sorbitol,15
43.5,B2_D-Sorbitol,18
43.75,B2_D-Sorbitol,15
44.0,B2_D-Sorbitol,15
44.25,B2_D-Sorbitol,14
44.5,B2_D-Sorbitol,14
44.75,B2_D-Sorbitol,14
45.0,B2_D-Sorbitol,14
45.25,B2_D-Sorbitol,12
45.5,B2_D-Sorbitol,13
45.75,B2_D-Sorbitol,13
46.0,B2_D-Sorbitol,14
46.25,B2_D-Sorbitol,13
46.5,B2_D-Sorbitol,15
46.75,B2_D-Sorbitol,18
47.0,B2_D-Sorbitol,12
47.25,B2_D-Sorbitol,13
47.5,B2_D-Sorbitol,13
47.75,B2_D-Sorbitol,17
48.0,B2_D-Sorbitol,14
48.25,B2_D-Sorbitol,12
0.0,B3_Glycerol,11
0.25,B3_Glycerol,11
0.5,B3_Glycerol,11
0.75,B3_Glycerol,11
1.0,B3_Glycerol,11
1.25,B3_Glycerol,11
1.5,B3_Glycerol,11
1.75,B3_Glycerol,11
2.0,B3_Glycerol,11
2.25,B3_Glycerol,11
2.5,B3_Glycerol,11
2.75,B3_Glycerol,11
3.0,B3_Glycerol,11
3.25,B3_Glycerol,11
3.5,B3_Glycerol,11
3.75,B3_Glycerol,11
4.0,B3_Glycerol,11
4.25,B3_Glycerol,11
4.5,B3_Glycerol,11
4.75,B3_Glycerol,11
5.0,B3_Glycerol,11
5.25,B3_Glycerol,11
5.5,B3_Glycerol,11
5.75,B3_Glycerol,11
6.0,B3_Glycerol,11
6.25,B3_Glycerol,11
6.5,B3_Glycerol,11
6.75,B3_Glycerol,11
7.0,B3_Glycerol,11
7.25,B3_Glycerol,11
7.5,B3_Glycerol,11
7.75,B3_Glycerol,11
8.0,B3_Glycerol,11
8.25,B3_Glycerol,12
8.5,B3_Glycerol,11
8.75,B3_Glycerol,11
9.0,B3_Glycerol,11
9.25,B3_Glycerol,11
9.5,B3_Glycerol,11
9.75,B3_Glycerol,11
10.0,B3_Glycerol,11
10.25,B3_Glycerol,11
10.5,B3_Glycerol,11
10.75,B3_Glycerol,11
11.0,B3_Glycerol,11
11.25,B3_Glycerol,11
11.5,B3_Glycerol,11
11.75,B3_Glycerol,11
12.0,B3_Glycerol,11
12.25,B3_Glycerol,11
12.5,B3_Glycerol,11
12.75,B3_Glycerol,11
13.0,B3_Glycerol,11
13.25,B3_Glycerol,11
13.5,B3_Glycerol,12
13.75,B3_Glycerol,11
14.0,B3_Glycerol,11
14.25,B3_Glycerol,11
14.5,B3_Glycerol,11
14.75,B3_Glycerol,12
15.0,B3_Glycerol,11
15.25,B3_Glycerol,11
15.5,B3_Glycerol,11
15.75,B3_Glycerol,11
16.0,B3_Glycerol,11
16.25,B3_Glycerol,11
16.5,B3_Glycerol,11
16.75,B3_Glycerol,11
17.0,B3_Glycerol,12
17.25,B3_Glycerol,11
17.5,B3_Glycerol,11
17.75,B3_Glycerol,11
18.0,B3_Glycerol,11
18.25,B3_Glycerol,11
18.5,B3_Glycerol,11
18.75,B3_Glycerol,13
19.0,B3_Glycerol,11
19.25,B3_Glycerol,11
19.5,B3_Glycerol,11
19.75,B3_Glycerol,11
20.0,B3_Glycerol,11
20.25,B3_Glycerol,11
20.5,B3_Glycerol,11
20.75,B3_Glycerol,11
21.0,B3_Glycerol,11
21.25,B3_Glycerol,11
21.5,B3_Glycerol,11
21.75,B3_Glycerol,11
22.0,B3_Glycerol,11
22.25,B3_Glycerol,12
22.5,B3_Glycerol,11
22.75,B3_Glycerol,12
23.0,B3_Glycerol,13
23.25,B3_Glycerol,11
23.5,B3_Glycerol,11
23.75,B3_Glycerol,11
24.0,B3_Glycerol,11
24.25,B3_Glycerol,11
24.5,B3_Glycerol,11
24.75,B3_Glycerol,11
25.0,B3_Glycerol,12
25.25,B3_Glycerol,11
25.5,B3_Glycerol,11
25.75,B3_Glycerol,11
26.0,B3_Glycerol,11
26.25,B3_Glycerol,14
26.5,B3_Glycerol,11
26.75,B3_Glycerol,15
27.0,B3_Glycerol,11
27.25,B3_Glycerol,13
27.5,B3_Glycerol,11
27.75,B3_Glycerol,11
28.0,B3_Glycerol,13
28.25,B3_Glycerol,14
28.5,B3_Glycerol,11
28.75,B3_Glycerol,11
29.0,B3_Glycerol,15
29.25,B3_Glycerol,11
29.5,B3_Glycerol,12
29.75,B3_Glycerol,15
30.0,B3_Glycerol,11
30.25,B3_Glycerol,12
30.5,B3_Glycerol,15
30.75,B3_Glycerol,11
31.0,B3_Glycerol,12
31.25,B3_Glycerol,15
31.5,B3_Glycerol,14
31.75,B3_Glycerol,11
32.0,B3_Glycerol,15
32.25,B3_Glycerol,16
32.5,B3_Glycerol,17
32.75,B3_Glycerol,16
33.0,B3_Glycerol,12
33.25,B3_Glycerol,12
33.5,B3_Glycerol,17
33.75,B3_Glycerol,13
34.0,B3_Glycerol,15
34.25,B3_Glycerol,17
34.5,B3_Glycerol,18
34.75,B3_Glycerol,18
35.0,B3_Glycerol,15
35.25,B3_Glycerol,18
35.5,B3_Glycerol,18
35.75,B3_Glycerol,16
36.0,B3_Glycerol,16
36.25,B3_Glycerol,20
36.5,B3_Glycerol,19
36.75,B3_Glycerol,18
37.0,B3_Glycerol,19
37.25,B3_Glycerol,21
37.5,B3_Glycerol,17
37.75,B3_Glycerol,18
38.0,B3_Glycerol,16
38.25,B3_Glycerol,16
38.5,B3_Glycerol,20
38.75,B3_Glycerol,21
39.0,B3_Glycerol,20
39.25,B3_Glycerol,19
39.5,B3_Glycerol,23
39.75,B3_Glycerol,22
40.0,B3_Glycerol,16
40.25,B3_Glycerol,19
40.5,B3_Glycerol,19
40.75,B3_Glycerol,21
41.0,B3_Glycerol,17
41.25,B3_Glycerol,20
41.5,B3_Glycerol,17
41.75,B3_Glycerol,17
42.0,B3_Glycerol,25
42.25,B3_Glycerol,25
42.5,B3_Glycerol,23
42.75,B3_Glycerol,22
43.0,B3_Glycerol,24
43.25,B3_Glycerol,20
43.5,B3_Glycerol,22
43.75,B3_Glycerol,20
44.0,B3_Glycerol,21
44.25,B3_Glycerol,21
44.5,B3_Glycerol,21
44.75,B3_Glycerol,22
45.0,B3_Glycerol,23
45.25,B3_Glycerol,23
45.5,B3_Glycerol,20
45.75,B3_Glycerol,25
46.0,B3_Glycerol,23
46.25,B3_Glycerol,27
46.5,B3_Glycerol,23
46.75,B3_Glycerol,27
47.0,B3_Glycerol,28
47.25,B3_Glycerol,19
47.5,B3_Glycerol,27
47.75,B3_Glycerol,28
48.0,B3_Glycerol,25
48.25,B3_Glycerol,25
0.0,B4_L-Fucose,11
0.25,B4_L-Fucose,11
0.5,B4_L-Fucose,11
0.75,B4_L-Fucose,11
1.0,B4_L-Fucose,11
1.25,B4_L-Fucose,11
1.5,B4_L-Fucose,11
1.75,B4_L-Fucose,11
2.0,B4_L-Fucose,11
2.25,B4_L-Fucose,11
2.5,B4_L-Fucose,11
2.75,B4_L-Fucose,11
3.0,B4_L-Fucose,11
3.25,B4_L-Fucose,11
3.5,B4_L-Fucose,11
3.75,B4_L-Fucose,11
4.0,B4_L-Fucose,11
4.25,B4_L-Fucose,11
4.5,B4_L-Fucose,11
4.75,B4_L-Fucose,11
5.0,B4_L-Fucose,11
5.25,B4_L-Fucose,11
5.5,B4_L-Fucose,11
5.75,B4_L-Fucose,11
6.0,B4_L-Fucose,11
6.25,B4_L-Fucose,11
6.5,B4_L-Fucose,11
6.75,B4_L-Fucose,11
7.0,B4_L-Fucose,11
7.25,B4_L-Fucose,13
7.5,B4_L-Fucose,11
7.75,B4_L-Fucose,11
8.0,B4_L-Fucose,14
8.25,B4_L-Fucose,11
8.5,B4_L-Fucose,11
8.75,B4_L-Fucose,11
9.0,B4_L-Fucose,11
9.25,B4_L-Fucose,12
9.5,B4_L-Fucose,11
9.75,B4_L-Fucose,11
10.0,B4_L-Fucose,11
10.25,B4_L-Fucose,13
10.5,B4_L-Fucose,11
10.75,B4_L-Fucose,11
11.0,B4_L-Fucose,11
11.25,B4_L-Fucose,11
11.5,B4_L-Fucose,11
11.75,B4_L-Fucose,11
12.0,B4_L-Fucose,12
12.25,B4_L-Fucose,11
12.5,B4_L-Fucose,11
12.75,B4_L-Fucose,11
13.0,B4_L-Fucose,11
13.25,B4_L-Fucose,11
13.5,B4_L-Fucose,11
13.75,B4_L-Fucose,11
14.0,B4_L-Fucose,11
14.25,B4_L-Fucose,13
14.5,B4_L-Fucose,11
14.75,B4_L-Fucose,11
15.0,B4_L-Fucose,11
15.25,B4_L-Fucose,11
15.5,B4_L-Fucose,11
15.75,B4_L-Fucose,11
16.0,B4_L-Fucose,11
16.25,B4_L-Fucose,11
16.5,B4_L-Fucose,11
16.75,B4_L-Fucose,11
17.0,B4_L-Fucose,11
17.25,B4_L-Fucose,11
17.5,B4_L-Fucose,11
17.75,B4_L-Fucose,11
18.0,B4_L-Fucose,11
18.25,B4_L-Fucose,11
18.5,B4_L-Fucose,13
18.75,B4_L-Fucose,11
19.0,B4_L-Fucose,11
19.25,B4_L-Fucose,13
19.5,B4_L-Fucose,11
19.75,B4_L-Fucose,11
20.0,B4_L-Fucose,11
20.25,B4_L-Fucose,14
20.5,B4_L-Fucose,15
20.75,B4_L-Fucose,11
21.0,B4_L-Fucose,11
21.25,B4_L-Fucose,12
21.5,B4_L-Fucose,11
21.75,B4_L-Fucose,12
22.0,B4_L-Fucose,11
22.25,B4_L-Fucose,12
22.5,B4_L-Fucose,13
22.75,B4_L-Fucose,11
23.0,B4_L-Fucose,11
23.25,B4_L-Fucose,15
23.5,B4_L-Fucose,16
23.75,B4_L-Fucose,11
24.0,B4_L-Fucose,12
24.25,B4_L-Fucose,14
24.5,B4_L-Fucose,11
24.75,B4_L-Fucose,15
25.0,B4_L-Fucose,15
25.25,B4_L-Fucose,12
25.5,B4_L-Fucose,12
25.75,B4_L-Fucose,13
26.0,B4_L-Fucose,12
26.25,B4_L-Fucose,11
26.5,B4_L-Fucose,11
26.75,B4_L-Fucose,15
27.0,B4_L-Fucose,13
27.25,B4_L-Fucose,11
27.5,B4_L-Fucose,12
27.75,B4_L-Fucose,11
28.0,B4_L-Fucose,11
28.25,B4_L-Fucose,11
28.5,B4_L-Fucose,15
28.75,B4_L-Fucose,15
29.0,B4_L-Fucose,11
29.25,B4_L-Fucose,11
29.5,B4_L-Fucose,13
29.75,B4_L-Fucose,11
30.0,B4_L-Fucose,15
30.25,B4_L-Fucose,11
30.5,B4_L-Fucose,15
30.75,B4_L-Fucose,11
31.0,B4_L-Fucose,14
31.25,B4_L-Fucose,11
31.5,B4_L-Fucose,14
31.75,B4_L-Fucose,11
32.0,B4_L-Fucose,14
32.25,B4_L-Fucose,17
32.5,B4_L-Fucose,14
32.75,B4_L-Fucose,13
33.0,B4_L-Fucose,17
33.25,B4_L-Fucose,11
33.5,B4_L-Fucose,15
33.75,B4_L-Fucose,11
34.0,B4_L-Fucose,12
34.25,B4_L-Fucose,16
34.5,B4_L-Fucose,17
34.75,B4_L-Fucose,15
35.0,B4_L-Fucose,19
35.25,B4_L-Fucose,19
35.5,B4_L-Fucose,14
35.75,B4_L-Fucose,18
36.0,B4_L-Fucose,14
36.25,B4_L-Fucose,12
36.5,B4_L-Fucose,17
36.75,B4_L-Fucose,17
37.0,B4_L-Fucose,17
37.25,B4_L-Fucose,13
37.5,B4_L-Fucose,17
37.75,B4_L-Fucose,18
38.0,B4_L-Fucose,16
38.25,B4_L-Fucose,16
38.5,B4_L-Fucose,18
38.75,B4_L-Fucose,19
39.0,B4_L-Fucose,13
39.25,B4_L-Fucose,15
39.5,B4_L-Fucose,15
39.75,B4_L-Fucose,15
40.0,B4_L-Fucose,13
40.25,B4_L-Fucose,13
40.5,B4_L-Fucose,17
40.75,B4_L-Fucose,16
41.0,B4_L-Fucose,12
41.25,B4_L-Fucose,14
41.5,B4_L-Fucose,12
41.75,B4_L-Fucose,16
42.0,B4_L-Fucose,18
42.25,B4_L-Fucose,18
42.5,B4_L-Fucose,13
42.75,B4_L-Fucose,13
43.0,B4_L-Fucose,17
43.25,B4_L-Fucose,15
43.5,B4_L-Fucose,15
43.75,B4_L-Fucose,17
44.0,B4_L-Fucose,13
44.25,B4_L-Fucose,13
44.5,B4_L-Fucose,15
44.75,B4_L-Fucose,14
45.0,B4_L-Fucose,11
45.25,B4_L-Fucose,19
45.5,B4_L-Fucose,17
45.75,B4_L-Fucose,13
46.0,B4_L-Fucose,11
46.25,B4_L-Fucose,17
46.5,B4_L-Fucose,13
46.75,B4_L-Fucose,18
47.0,B4_L-Fucose,19
47.25,B4_L-Fucose,18
47.5,B4_L-Fucose,17
47.75,B4_L-Fucose,19
48.0,B4_L-Fucose,15
48.25,B4_L-Fucose,16
0.0,B5_D-Glucuronic_Acid,11
0.25,B5_D-Glucuronic_Acid,11
0.5,B5_D-Glucuronic_Acid,11
0.75,B5_D-Glucuronic_Acid,11
1.0,B5_D-Glucuronic_Acid,11
1.25,B5_D-Glucuronic_Acid,11
1.5,B5_D-Glucuronic_Acid,11
1.75,B5_D-Glucuronic_Acid,11
2.0,B5_D-Glucuronic_Acid,11
2.25,B5_D-Glucuronic_Acid,11
2.5,B5_D-Glucuronic_Acid,11
2.75,B5_D-Glucuronic_Acid,11
3.0,B5_D-Glucuronic_Acid,11
3.25,B5_D-Glucuronic_Acid,11
3.5,B5_D-Glucuronic_Acid,11
3.75,B5_D-Glucuronic_Acid,11
4.0,B5_D-Glucuronic_Acid,11
4.25,B5_D-Glucuronic_Acid,11
4.5,B5_D-Glucuronic_Acid,11
4.75,B5_D-Glucuronic_Acid,11
5.0,B5_D-Glucuronic_Acid,11
5.25,B5_D-Glucuronic_Acid,11
5.5,B5_D-Glucuronic_Acid,11
5.75,B5_D-Glucuronic_Acid,11
6.0,B5_D-Glucuronic_Acid,11
6.25,B5_D-Glucuronic_Acid,11
6.5,B5_D-Glucuronic_Acid,11
6.75,B5_D-Glucuronic_Acid,11
7.0,B5_D-Glucuronic_Acid,11
7.25,B5_D-Glucuronic_Acid,11
7.5,B5_D-Glucuronic_Acid,11
7.75,B5_D-Glucuronic_Acid,11
8.0,B5_D-Glucuronic_Acid,11
8.25,B5_D-Glucuronic_Acid,11
8.5,B5_D-Glucuronic_Acid,11
8.75,B5_D-Glucuronic_Acid,11
9.0,B5_D-Glucuronic_Acid,11
9.25,B5_D-Glucuronic_Acid,11
9.5,B5_D-Glucuronic_Acid,11
9.75,B5_D-Glucuronic_Acid,11
10.0,B5_D-Glucuronic_Acid,11
10.25,B5_D-Glucuronic_Acid,11
10.5,B5_D-Glucuronic_Acid,11
10.75,B5_D-Glucuronic_Acid,11
11.0,B5_D-Glucuronic_Acid,11
11.25,B5_D-Glucuronic_Acid,11
11.5,B5_D-Glucuronic_Acid,11
11.75,B5_D-Glucuronic_Acid,11
12.0,B5_D-Glucuronic_Acid,11
12.25,B5_D-Glucuronic_Acid,11
12.5,B5_D-Glucuronic_Acid,11
12.75,B5_D-Glucuronic_Acid,11
13.0,B5_D-Glucuronic_Acid,11
13.25,B5_D-Glucuronic_Acid,11
13.5,B5_D-Glucuronic_Acid,11
13.75,B5_D-Glucuronic_Acid,11
14.0,B5_D-Glucuronic_Acid,11
14.25,B5_D-Glucuronic_Acid,11
14.5,B5_D-Glucuronic_Acid,11
14.75,B5_D-Glucuronic_Acid,11
15.0,B5_D-Glucuronic_Acid,11
15.25,B5_D-Glucuronic_Acid,11
15.5,B5_D-Glucuronic_Acid,11
15.75,B5_D-Glucuronic_Acid,11
16.0,B5_D-Glucuronic_Acid,11
16.25,B5_D-Glucuronic_Acid,11
16.5,B5_D-Glucuronic_Acid,11
16.75,B5_D-Glucuronic_Acid,11
17.0,B5_D-Glucuronic_Acid,11
17.25,B5_D-Glucuronic_Acid,11
17.5,B5_D-Glucuronic_Acid,11
17.75,B5_D-Glucuronic_Acid,11
18.0,B5_D-Glucuronic_Acid,11
18.25,B5_D-Glucuronic_Acid,11
18.5,B5_D-Glucuronic_Acid,11
18.75,B5_D-Glucuronic_Acid,11
19.0,B5_D-Glucuronic_Acid,11
19.25,B5_D-Glucuronic_Acid,11
19.5,B5_D-Glucuronic_Acid,11
19.75,B5_D-Glucuronic_Acid,11
20.0,B5_D-Glucuronic_Acid,11
20.25,B5_D-Glucuronic_Acid,11
20.5,B5_D-Glucuronic_Acid,11
20.75,B5_D-Glucuronic_Acid,11
21.0,B5_D-Glucuronic_Acid,11
21.25,B5_D-Glucuronic_Acid,11
21.5,B5_D-Glucuronic_Acid,11
21.75,B5_D-Glucuronic_Acid,11
22.0,B5_D-Glucuronic_Acid,11
22.25,B5_D-Glucuronic_Acid,11
22.5,B5_D-Glucuronic_Acid,11
22.75,B5_D-Glucuronic_Acid,11
23.0,B5_D-Glucuronic_Acid,11
23.25,B5_D-Glucuronic_Acid,11
23.5,B5_D-Glucuronic_Acid,11
23.75,B5_D-Glucuronic_Acid,11
24.0,B5_D-Glucuronic_Acid,11
24.25,B5_D-Glucuronic_Acid,11
24.5,B5_D-Glucuronic_Acid,11
24.75,B5_D-Glucuronic_Acid,11
25.0,B5_D-Glucuronic_Acid,11
25.25,B5_D-Glucuronic_Acid,11
25.5,B5_D-Glucuronic_Acid,11
25.75,B5_D-Glucuronic_Acid,11
26.0,B5_D-Glucuronic_Acid,11
26.25,B5_D-Glucuronic_Acid,11
26.5,B5_D-Glucuronic_Acid,11
26.75,B5_D-Glucuronic_Acid,11
27.0,B5_D-Glucuronic_Acid,11
27.25,B5_D-Glucuronic_Acid,11
27.5,B5_D-Glucuronic_Acid,11
27.75,B5_D-Glucuronic_Acid,11
28.0,B5_D-Glucuronic_Acid,11
28.25,B5_D-Glucuronic_Acid,11
28.5,B5_D-Glucuronic_Acid,12
28.75,B5_D-Glucuronic_Acid,11
29.0,B5_D-Glucuronic_Acid,11
29.25,B5_D-Glucuronic_Acid,11
29.5,B5_D-Glucuronic_Acid,11
29.75,B5_D-Glucuronic_Acid,11
30.0,B5_D-Glucuronic_Acid,11
30.25,B5_D-Glucuronic_Acid,11
30.5,B5_D-Glucuronic_Acid,11
30.75,B5_D-Glucuronic_Acid,11
31.0,B5_D-Glucuronic_Acid,12
31.25,B5_D-Glucuronic_Acid,13
31.5,B5_D-Glucuronic_Acid,11
31.75,B5_D-Glucuronic_Acid,11
32.0,B5_D-Glucuronic_Acid,11
32.25,B5_D-Glucuronic_Acid,11
32.5,B5_D-Glucuronic_Acid,12
32.75,B5_D-Glucuronic_Acid,11
33.0,B5_D-Glucuronic_Acid,11
33.25,B5_D-Glucuronic_Acid,11
33.5,B5_D-Glucuronic_Acid,11
33.75,B5_D-Glucuronic_Acid,11
34.0,B5_D-Glucuronic_Acid,11
34.25,B5_D-Glucuronic_Acid,11
34.5,B5_D-Glucuronic_Acid,11
34.75,B5_D-Glucuronic_Acid,13
35.0,B5_D-Glucuronic_Acid,15
35.25,B5_D-Glucuronic_Acid,11
35.5,B5_D-Glucuronic_Acid,12
35.75,B5_D-Glucuronic_Acid,11
36.0,B5_D-Glucuronic_Acid,14
36.25,B5_D-Glucuronic_Acid,13
36.5,B5_D-Glucuronic_Acid,12
36.75,B5_D-Glucuronic_Acid,12
37.0,B5_D-Glucuronic_Acid,11
37.25,B5_D-Glucuronic_Acid,11
37.5,B5_D-Glucuronic_Acid,12
37.75,B5_D-Glucuronic_Acid,11
38.0,B5_D-Glucuronic_Acid,11
38.25,B5_D-Glucuronic_Acid,11
38.5,B5_D-Glucuronic_Acid,11
38.75,B5_D-Glucuronic_Acid,13
39.0,B5_D-Glucuronic_Acid,15
39.25,B5_D-Glucuronic_Acid,14
39.5,B5_D-Glucuronic_Acid,11
39.75,B5_D-Glucuronic_Acid,11
40.0,B5_D-Glucuronic_Acid,13
40.25,B5_D-Glucuronic_Acid,12
40.5,B5_D-Glucuronic_Acid,12
40.75,B5_D-Glucuronic_Acid,13
41.0,B5_D-Glucuronic_Acid,12
41.25,B5_D-Glucuronic_Acid,12
41.5,B5_D-Glucuronic_Acid,11
41.75,B5_D-Glucuronic_Acid,12
42.0,B5_D-Glucuronic_Acid,15
42.25,B5_D-Glucuronic_Acid,11
42.5,B5_D-Glucuronic_Acid,11
42.75,B5_D-Glucuronic_Acid,11
43.0,B5_D-Glucuronic_Acid,11
43.25,B5_D-Glucuronic_Acid,11
43.5,B5_D-Glucuronic_Acid,13
43.75,B5_D-Glucuronic_Acid,13
44.0,B5_D-Glucuronic_Acid,15
44.25,B5_D-Glucuronic_Acid,15
44.5,B5_D-Glucuronic_Acid,11
44.75,B5_D-Glucuronic_Acid,11
45.0,B5_D-Glucuronic_Acid,11
45.25,B5_D-Glucuronic_Acid,11
45.5,B5_D-Glucuronic_Acid,11
45.75,B5_D-Glucuronic_Acid,15
46.0,B5_D-Glucuronic_Acid,11
46.25,B5_D-Glucuronic_Acid,15
46.5,B5_D-Glucuronic_Acid,13
46.75,B5_D-Glucuronic_Acid,11
47.0,B5_D-Glucuronic_Acid,11
47.25,B5_D-Glucuronic_Acid,13
47.5,B5_D-Glucuronic_Acid,13
47.75,B5_D-Glucuronic_Acid,14
48.0,B5_D-Glucuronic_Acid,15
48.25,B5_D-Glucuronic_Acid,11
0.0,B6_D-Gluconic_Acid,11
0.25,B6_D-Gluconic_Acid,11
0.5,B6_D-Gluconic_Acid,11
0.75,B6_D-Gluconic_Acid,11
1.0,B6_D-Gluconic_Acid,11
1.25,B6_D-Gluconic_Acid,11
1.5,B6_D-Gluconic_Acid,11
1.75,B6_D-Gluconic_Acid,11
2.0,B6_D-Gluconic_Acid,11
2.25,B6_D-Gluconic_Acid,11
2.5,B6_D-Gluconic_Acid,11
2.75,B6_D-Gluconic_Acid,11
3.0,B6_D-Gluconic_Acid,11
3.25,B6_D-Gluconic_Acid,11
3.5,B6_D-Gluconic_Acid,11
3.75,B6_D-Gluconic_Acid,11
4.0,B6_D-Gluconic_Acid,11
4.25,B6_D-Gluconic_Acid,11
4.5,B6_D-Gluconic_Acid,11
4.75,B6_D-Gluconic_Acid,11
5.0,B6_D-Gluconic_Acid,11
5.25,B6_D-Gluconic_Acid,11
5.5,B6_D-Gluconic_Acid,11
5.75,B6_D-Gluconic_Acid,11
6.0,B6_D-Gluconic_Acid,11
6.25,B6_D-Gluconic_Acid,11
6.5,B6_D-Gluconic_Acid,11
6.75,B6_D-Gluconic_Acid,11
7.0,B6_D-Gluconic_Acid,11
7.25,B6_D-Gluconic_Acid,11
7.5,B6_D-Gluconic_Acid,11
7.75,B6_D-Gluconic_Acid,11
8.0,B6_D-Gluconic_Acid,11
8.25,B6_D-Gluconic_Acid,11
8.5,B6_D-Gluconic_Acid,11
8.75,B6_D-Gluconic_Acid,11
9.0,B6_D-Gluconic_Acid,11
9.25,B6_D-Gluconic_Acid,11
9.5,B6_D-Gluconic_Acid,11
9.75,B6_D-Gluconic_Acid,11
10.0,B6_D-Gluconic_Acid,11
10.25,B6_D-Gluconic_Acid,11
10.5,B6_D-Gluconic_Acid,11
10.75,B6_D-Gluconic_Acid,11
11.0,B6_D-Gluconic_Acid,11
11.25,B6_D-Gluconic_Acid,11
11.5,B6_D-Gluconic_Acid,11
11.75,B6_D-Gluconic_Acid,11
12.0,B6_D-Gluconic_Acid,11
12.25,B6_D-Gluconic_Acid,11
12.5,B6_D-Gluconic_Acid,11
12.75,B6_D-Gluconic_Acid,11
13.0,B6_D-Gluconic_Acid,11
13.25,B6_D-Gluconic_Acid,11
13.5,B6_D-Gluconic_Acid,11
13.75,B6_D-Gluconic_Acid,12
14.0,B6_D-Gluconic_Acid,11
14.25,B6_D-Gluconic_Acid,13
14.5,B6_D-Gluconic_Acid,11
14.75,B6_D-Gluconic_Acid,15
15.0,B6_D-Gluconic_Acid,12
15.25,B6_D-Gluconic_Acid,11
15.5,B6_D-Gluconic_Acid,11
15.75,B6_D-Gluconic_Acid,12
16.0,B6_D-Gluconic_Acid,14
16.25,B6_D-Gluconic_Acid,13
16.5,B6_D-Gluconic_Acid,11
16.75,B6_D-Gluconic_Acid,15
17.0,B6_D-Gluconic_Acid,18
17.25,B6_D-Gluconic_Acid,21
17.5,B6_D-Gluconic_Acid,16
17.75,B6_D-Gluconic_Acid,14
18.0,B6_D-Gluconic_Acid,14
18.25,B6_D-Gluconic_Acid,17
18.5,B6_D-Gluconic_Acid,14
18.75,B6_D-Gluconic_Acid,18
19.0,B6_D-Gluconic_Acid,13
19.25,B6_D-Gluconic_Acid,17
19.5,B6_D-Gluconic_Acid,17
19.75,B6_D-Gluconic_Acid,16
20.0,B6_D-Gluconic_Acid,24
20.25,B6_D-Gluconic_Acid,15
20.5,B6_D-Gluconic_Acid,19
20.75,B6_D-Gluconic_Acid,13
21.0,B6_D-Gluconic_Acid,16
21.25,B6_D-Gluconic_Acid,19
21.5,B6_D-Gluconic_Acid,19
21.75,B6_D-Gluconic_Acid,20
22.0,B6_D-Gluconic_Acid,19
22.25,B6_D-Gluconic_Acid,20
22.5,B6_D-Gluconic_Acid,21
22.75,B6_D-Gluconic_Acid,23
23.0,B6_D-Gluconic_Acid,20
23.25,B6_D-Gluconic_Acid,20
23.5,B6_D-Gluconic_Acid,23
23.75,B6_D-Gluconic_Acid,24
24.0,B6_D-Gluconic_Acid,17
24.25,B6_D-Gluconic_Acid,24
24.5,B6_D-Gluconic_Acid,20
24.75,B6_D-Gluconic_Acid,25
25.0,B6_D-Gluconic_Acid,22
25.25,B6_D-Gluconic_Acid,20
25.5,B6_D-Gluconic_Acid,21
25.75,B6_D-Gluconic_Acid,21
26.0,B6_D-Gluconic_Acid,23
26.25,B6_D-Gluconic_Acid,25
26.5,B6_D-Gluconic_Acid,20
26.75,B6_D-Gluconic_Acid,26
27.0,B6_D-Gluconic_Acid,30
27.25,B6_D-Gluconic_Acid,25
27.5,B6_D-Gluconic_Acid,26
27.75,B6_D-Gluconic_Acid,30
28.0,B6_D-Gluconic_Acid,29
28.25,B6_D-Gluconic_Acid,27
28.5,B6_D-Gluconic_Acid,30
28.75,B6_D-Gluconic_Acid,26
29.0,B6_D-Gluconic_Acid,24
29.25,B6_D-Gluconic_Acid,28
29.5,B6_D-Gluconic_Acid,27
29.75,B6_D-Gluconic_Acid,26
30.0,B6_D-Gluconic_Acid,24
30.25,B6_D-Gluconic_Acid,29
30.5,B6_D-Gluconic_Acid,30
30.75,B6_D-Gluconic_Acid,29
31.0,B6_D-Gluconic_Acid,27
31.25,B6_D-Gluconic_Acid,27
31.5,B6_D-Gluconic_Acid,27
31.75,B6_D-Gluconic_Acid,27
32.0,B6_D-Gluconic_Acid,26
32.25,B6_D-Gluconic_Acid,31
32.5,B6_D-Gluconic_Acid,29
32.75,B6_D-Gluconic_Acid,33
33.0,B6_D-Gluconic_Acid,29
33.25,B6_D-Gluconic_Acid,28
33.5,B6_D-Gluconic_Acid,27
33.75,B6_D-Gluconic_Acid,27
34.0,B6_D-Gluconic_Acid,29
34.25,B6_D-Gluconic_Acid,31
34.5,B6_D-Gluconic_Acid,32
34.75,B6_D-Gluconic_Acid,32
35.0,B6_D-Gluconic_Acid,31
35.25,B6_D-Gluconic_Acid,37
35.5,B6_D-Gluconic_Acid,33
35.75,B6_D-Gluconic_Acid,36
36.0,B6_D-Gluconic_Acid,37
36.25,B6_D-Gluconic_Acid,33
36.5,B6_D-Gluconic_Acid,34
36.75,B6_D-Gluconic_Acid,37
37.0,B6_D-Gluconic_Acid,35
37.25,B6_D-Gluconic_Acid,32
37.5,B6_D-Gluconic_Acid,35
37.75,B6_D-Gluconic_Acid,30
38.0,B6_D-Gluconic_Acid,31
38.25,B6_D-Gluconic_Acid,31
38.5,B6_D-Gluconic_Acid,32
38.75,B6_D-Gluconic_Acid,35
39.0,B6_D-Gluconic_Acid,35
39.25,B6_D-Gluconic_Acid,35
39.5,B6_D-Gluconic_Acid,37
39.75,B6_D-Gluconic_Acid,37
40.0,B6_D-Gluconic_Acid,37
40.25,B6_D-Gluconic_Acid,36
40.5,B6_D-Gluconic_Acid,33
40.75,B6_D-Gluconic_Acid,36
41.0,B6_D-Gluconic_Acid,37
41.25,B6_D-Gluconic_Acid,42
41.5,B6_D-Gluconic_Acid,40
41.75,B6_D-Gluconic_Acid,40
42.0,B6_D-Gluconic_Acid,39
42.25,B6_D-Gluconic_Acid,38
42.5,B6_D-Gluconic_Acid,39
42.75,B6_D-Gluconic_Acid,39
43.0,B6_D-Gluconic_Acid,35
43.25,B6_D-Gluconic_Acid,40
43.5,B6_D-Gluconic_Acid,34
43.75,B6_D-Gluconic_Acid,35
44.0,B6_D-Gluconic_Acid,39
44.25,B6_D-Gluconic_Acid,36
44.5,B6_D-Gluconic_Acid,37
44.75,B6_D-Gluconic_Acid,38
45.0,B6_D-Gluconic_Acid,35
45.25,B6_D-Gluconic_Acid,39
45.5,B6_D-Gluconic_Acid,38
45.75,B6_D-Gluconic_Acid,41
46.0,B6_D-Gluconic_Acid,35
46.25,B6_D-Gluconic_Acid,41
46.5,B6_D-Gluconic_Acid,39
46.75,B6_D-Gluconic_Acid,39
47.0,B6_D-Gluconic_Acid,43
47.25,B6_D-Gluconic_Acid,40
47.5,B6_D-Gluconic_Acid,42
47.75,B6_D-Gluconic_Acid,43
48.0,B6_D-Gluconic_Acid,40
48.25,B6_D-Gluconic_Acid,42
0.0,B7_D-L-a-Glycerol_Phosphate,11
0.25,B7_D-L-a-Glycerol_Phosphate,11
0.5,B7_D-L-a-Glycerol_Phosphate,11
0.75,B7_D-L-a-Glycerol_Phosphate,11
1.0,B7_D-L-a-Glycerol_Phosphate,11
1.25,B7_D-L-a-Glycerol_Phosphate,11
1.5,B7_D-L-a-Glycerol_Phosphate,11
1.75,B7_D-L-a-Glycerol_Phosphate,11
2.0,B7_D-L-a-Glycerol_Phosphate,11
2.25,B7_D-L-a-Glycerol_Phosphate,11
2.5,B7_D-L-a-Glycerol_Phosphate,11
2.75,B7_D-L-a-Glycerol_Phosphate,11
3.0,B7_D-L-a-Glycerol_Phosphate,11
3.25,B7_D-L-a-Glycerol_Phosphate,11
3.5,B7_D-L-a-Glycerol_Phosphate,11
3.75,B7_D-L-a-Glycerol_Phosphate,11
4.0,B7_D-L-a-Glycerol_Phosphate,11
4.25,B7_D-L-a-Glycerol_Phosphate,11
4.5,B7_D-L-a-Glycerol_Phosphate,11
4.75,B7_D-L-a-Glycerol_Phosphate,11
5.0,B7_D-L-a-Glycerol_Phosphate,11
5.25,B7_D-L-a-Glycerol_Phosphate,11
5.5,B7_D-L-a-Glycerol_Phosphate,11
5.75,B7_D-L-a-Glycerol_Phosphate,11
6.0,B7_D-L-a-Glycerol_Phosphate,11
6.25,B7_D-L-a-Glycerol_Phosphate,11
6.5,B7_D-L-a-Glycerol_Phosphate,11
6.75,B7_D-L-a-Glycerol_Phosphate,11
7.0,B7_D-L-a-Glycerol_Phosphate,11
7.25,B7_D-L-a-Glycerol_Phosphate,11
7.5,B7_D-L-a-Glycerol_Phosphate,11
7.75,B7_D-L-a-Glycerol_Phosphate,11
8.0,B7_D-L-a-Glycerol_Phosphate,11
8.25,B7_D-L-a-Glycerol_Phosphate,11
8.5,B7_D-L-a-Glycerol_Phosphate,11
8.75,B7_D-L-a-Glycerol_Phosphate,11
9.0,B7_D-L-a-Glycerol_Phosphate,11
9.25,B7_D-L-a-Glycerol_Phosphate,11
9.5,B7_D-L-a-Glycerol_Phosphate,11
9.75,B7_D-L-a-Glycerol_Phosphate,11
10.0,B7_D-L-a-Glycerol_Phosphate,11
10.25,B7_D-L-a-Glycerol_Phosphate,11
10.5,B7_D-L-a-Glycerol_Phosphate,11
10.75,B7_D-L-a-Glycerol_Phosphate,11
11.0,B7_D-L-a-Glycerol_Phosphate,11
11.25,B7_D-L-a-Glycerol_Phosphate,11
11.5,B7_D-L-a-Glycerol_Phosphate,11
11.75,B7_D-L-a-Glycerol_Phosphate,11
12.0,B7_D-L-a-Glycerol_Phosphate,11
12.25,B7_D-L-a-Glycerol_Phosphate,11
12.5,B7_D-L-a-Glycerol_Phosphate,11
12.75,B7_D-L-a-Glycerol_Phosphate,11
13.0,B7_D-L-a-Glycerol_Phosphate,11
13.25,B7_D-L-a-Glycerol_Phosphate,11
13.5,B7_D-L-a-Glycerol_Phosphate,11
13.75,B7_D-L-a-Glycerol_Phosphate,11
14.0,B7_D-L-a-Glycerol_Phosphate,11
14.25,B7_D-L-a-Glycerol_Phosphate,11
14.5,B7_D-L-a-Glycerol_Phosphate,11
14.75,B7_D-L-a-Glycerol_Phosphate,11
15.0,B7_D-L-a-Glycerol_Phosphate,11
15.25,B7_D-L-a-Glycerol_Phosphate,11
15.5,B7_D-L-a-Glycerol_Phosphate,11
15.75,B7_D-L-a-Glycerol_Phosphate,11
16.0,B7_D-L-a-Glycerol_Phosphate,11
16.25,B7_D-L-a-Glycerol_Phosphate,11
16.5,B7_D-L-a-Glycerol_Phosphate,11
16.75,B7_D-L-a-Glycerol_Phosphate,11
17.0,B7_D-L-a-Glycerol_Phosphate,11
17.25,B7_D-L-a-Glycerol_Phosphate,11
17.5,B7_D-L-a-Glycerol_Phosphate,11
17.75,B7_D-L-a-Glycerol_Phosphate,11
18.0,B7_D-L-a-Glycerol_Phosphate,11
18.25,B7_D-L-a-Glycerol_Phosphate,11
18.5,B7_D-L-a-Glycerol_Phosphate,11
18.75,B7_D-L-a-Glycerol_Phosphate,11
19.0,B7_D-L-a-Glycerol_Phosphate,11
19.25,B7_D-L-a-Glycerol_Phosphate,11
19.5,B7_D-L-a-Glycerol_Phosphate,11
19.75,B7_D-L-a-Glycerol_Phosphate,12
20.0,B7_D-L-a-Glycerol_Phosphate,11
20.25,B7_D-L-a-Glycerol_Phosphate,11
20.5,B7_D-L-a-Glycerol_Phosphate,11
20.75,B7_D-L-a-Glycerol_Phosphate,11
21.0,B7_D-L-a-Glycerol_Phosphate,11
21.25,B7_D-L-a-Glycerol_Phosphate,11
21.5,B7_D-L-a-Glycerol_Phosphate,13
21.75,B7_D-L-a-Glycerol_Phosphate,11
22.0,B7_D-L-a-Glycerol_Phosphate,11
22.25,B7_D-L-a-Glycerol_Phosphate,11
22.5,B7_D-L-a-Glycerol_Phosphate,11
22.75,B7_D-L-a-Glycerol_Phosphate,11
23.0,B7_D-L-a-Glycerol_Phosphate,11
23.25,B7_D-L-a-Glycerol_Phosphate,11
23.5,B7_D-L-a-Glycerol_Phosphate,11
23.75,B7_D-L-a-Glycerol_Phosphate,11
24.0,B7_D-L-a-Glycerol_Phosphate,11
24.25,B7_D-L-a-Glycerol_Phosphate,11
24.5,B7_D-L-a-Glycerol_Phosphate,11
24.75,B7_D-L-a-Glycerol_Phosphate,11
25.0,B7_D-L-a-Glycerol_Phosphate,11
25.25,B7_D-L-a-Glycerol_Phosphate,11
25.5,B7_D-L-a-Glycerol_Phosphate,11
25.75,B7_D-L-a-Glycerol_Phosphate,11
26.0,B7_D-L-a-Glycerol_Phosphate,11
26.25,B7_D-L-a-Glycerol_Phosphate,11
26.5,B7_D-L-a-Glycerol_Phosphate,11
26.75,B7_D-L-a-Glycerol_Phosphate,11
27.0,B7_D-L-a-Glycerol_Phosphate,11
27.25,B7_D-L-a-Glycerol_Phosphate,11
27.5,B7_D-L-a-Glycerol_Phosphate,11
27.75,B7_D-L-a-Glycerol_Phosphate,12
28.0,B7_D-L-a-Glycerol_Phosphate,11
28.25,B7_D-L-a-Glycerol_Phosphate,12
28.5,B7_D-L-a-Glycerol_Phosphate,11
28.75,B7_D-L-a-Glycerol_Phosphate,11
29.0,B7_D-L-a-Glycerol_Phosphate,11
29.25,B7_D-L-a-Glycerol_Phosphate,13
29.5,B7_D-L-a-Glycerol_Phosphate,11
29.75,B7_D-L-a-Glycerol_Phosphate,12
30.0,B7_D-L-a-Glycerol_Phosphate,11
30.25,B7_D-L-a-Glycerol_Phosphate,11
30.5,B7_D-L-a-Glycerol_Phosphate,11
30.75,B7_D-L-a-Glycerol_Phosphate,11
31.0,B7_D-L-a-Glycerol_Phosphate,12
31.25,B7_D-L-a-Glycerol_Phosphate,12
31.5,B7_D-L-a-Glycerol_Phosphate,12
31.75,B7_D-L-a-Glycerol_Phosphate,15
32.0,B7_D-L-a-Glycerol_Phosphate,13
32.25,B7_D-L-a-Glycerol_Phosphate,11
32.5,B7_D-L-a-Glycerol_Phosphate,12
32.75,B7_D-L-a-Glycerol_Phosphate,11
33.0,B7_D-L-a-Glycerol_Phosphate,11
33.25,B7_D-L-a-Glycerol_Phosphate,11
33.5,B7_D-L-a-Glycerol_Phosphate,11
33.75,B7_D-L-a-Glycerol_Phosphate,14
34.0,B7_D-L-a-Glycerol_Phosphate,14
34.25,B7_D-L-a-Glycerol_Phosphate,13
34.5,B7_D-L-a-Glycerol_Phosphate,14
34.75,B7_D-L-a-Glycerol_Phosphate,13
35.0,B7_D-L-a-Glycerol_Phosphate,11
35.25,B7_D-L-a-Glycerol_Phosphate,12
35.5,B7_D-L-a-Glycerol_Phosphate,11
35.75,B7_D-L-a-Glycerol_Phosphate,11
36.0,B7_D-L-a-Glycerol_Phosphate,14
36.25,B7_D-L-a-Glycerol_Phosphate,11
36.5,B7_D-L-a-Glycerol_Phosphate,11
36.75,B7_D-L-a-Glycerol_Phosphate,16
37.0,B7_D-L-a-Glycerol_Phosphate,17
37.25,B7_D-L-a-Glycerol_Phosphate,11
37.5,B7_D-L-a-Glycerol_Phosphate,12
37.75,B7_D-L-a-Glycerol_Phosphate,13
38.0,B7_D-L-a-Glycerol_Phosphate,14
38.25,B7_D-L-a-Glycerol_Phosphate,11
38.5,B7_D-L-a-Glycerol_Phosphate,18
38.75,B7_D-L-a-Glycerol_Phosphate,16
39.0,B7_D-L-a-Glycerol_Phosphate,14
39.25,B7_D-L-a-Glycerol_Phosphate,11
39.5,B7_D-L-a-Glycerol_Phosphate,11
39.75,B7_D-L-a-Glycerol_Phosphate,11
40.0,B7_D-L-a-Glycerol_Phosphate,11
40.25,B7_D-L-a-Glycerol_Phosphate,11
40.5,B7_D-L-a-Glycerol_Phosphate,12
40.75,B7_D-L-a-Glycerol_Phosphate,11
41.0,B7_D-L-a-Glycerol_Phosphate,14
41.25,B7_D-L-a-Glycerol_Phosphate,15
41.5,B7_D-L-a-Glycerol_Phosphate,11
41.75,B7_D-L-a-Glycerol_Phosphate,12
42.0,B7_D-L-a-Glycerol_Phosphate,17
42.25,B7_D-L-a-Glycerol_Phosphate,11
42.5,B7_D-L-a-Glycerol_Phosphate,11
42.75,B7_D-L-a-Glycerol_Phosphate,15
43.0,B7_D-L-a-Glycerol_Phosphate,11
43.25,B7_D-L-a-Glycerol_Phosphate,11
43.5,B7_D-L-a-Glycerol_Phosphate,14
43.75,B7_D-L-a-Glycerol_Phosphate,14
44.0,B7_D-L-a-Glycerol_Phosphate,11
44.25,B7_D-L-a-Glycerol_Phosphate,12
44.5,B7_D-L-a-Glycerol_Phosphate,11
44.75,B7_D-L-a-Glycerol_Phosphate,11
45.0,B7_D-L-a-Glycerol_Phosphate,11
45.25,B7_D-L-a-Glycerol_Phosphate,11
45.5,B7_D-L-a-Glycerol_Phosphate,11
45.75,B7_D-L-a-Glycerol_Phosphate,11
46.0,B7_D-L-a-Glycerol_Phosphate,12
46.25,B7_D-L-a-Glycerol_Phosphate,11
46.5,B7_D-L-a-Glycerol_Phosphate,11
46.75,B7_D-L-a-Glycerol_Phosphate,18
47.0,B7_D-L-a-Glycerol_Phosphate,14
47.25,B7_D-L-a-Glycerol_Phosphate,11
47.5,B7_D-L-a-Glycerol_Phosphate,13
47.75,B7_D-L-a-Glycerol_Phosphate,17
48.0,B7_D-L-a-Glycerol_Phosphate,14
48.25,B7_D-L-a-Glycerol_Phosphate,11
0.0,B8_D-Xylose,44
0.25,B8_D-Xylose,46
0.5,B8_D-Xylose,51
0.75,B8_D-Xylose,51
1.0,B8_D-Xylose,46
1.25,B8_D-Xylose,52
1.5,B8_D-Xylose,52
1.75,B8_D-Xylose,54
2.0,B8_D-Xylose,55
2.25,B8_D-Xylose,49
2.5,B8_D-Xylose,56
2.75,B8_D-Xylose,57
3.0,B8_D-Xylose,56
3.25,B8_D-Xylose,52
3.5,B8_D-Xylose,56
3.75,B8_D-Xylose,54
4.0,B8_D-Xylose,55
4.25,B8_D-Xylose,54
4.5,B8_D-Xylose,58
4.75,B8_D-Xylose,54
5.0,B8_D-Xylose,55
5.25,B8_D-Xylose,50
5.5,B8_D-Xylose,50
5.75,B8_D-Xylose,52
6.0,B8_D-Xylose,54
6.25,B8_D-Xylose,53
6.5,B8_D-Xylose,52
6.75,B8_D-Xylose,55
7.0,B8_D-Xylose,57
7.25,B8_D-Xylose,57
7.5,B8_D-Xylose,55
7.75,B8_D-Xylose,59
8.0,B8_D-Xylose,58
8.25,B8_D-Xylose,55
8.5,B8_D-Xylose,57
8.75,B8_D-Xylose,54
9.0,B8_D-Xylose,54
9.25,B8_D-Xylose,58
9.5,B8_D-Xylose,56
9.75,B8_D-Xylose,56
10.0,B8_D-Xylose,60
10.25,B8_D-Xylose,55
10.5,B8_D-Xylose,60
10.75,B8_D-Xylose,59
11.0,B8_D-Xylose,62
11.25,B8_D-Xylose,60
11.5,B8_D-Xylose,60
11.75,B8_D-Xylose,58
12.0,B8_D-Xylose,59
12.25,B8_D-Xylose,57
12.5,B8_D-Xylose,60
12.75,B8_D-Xylose,55
13.0,B8_D-Xylose,60
13.25,B8_D-Xylose,55
13.5,B8_D-Xylose,63
13.75,B8_D-Xylose,58
14.0,B8_D-Xylose,62
14.25,B8_D-Xylose,62
14.5,B8_D-Xylose,60
14.75,B8_D-Xylose,58
15.0,B8_D-Xylose,61
15.25,B8_D-Xylose,57
15.5,B8_D-Xylose,54
15.75,B8_D-Xylose,57
16.0,B8_D-Xylose,60
16.25,B8_D-Xylose,58
16.5,B8_D-Xylose,61
16.75,B8_D-Xylose,53
17.0,B8_D-Xylose,61
17.25,B8_D-Xylose,59
17.5,B8_D-Xylose,61
17.75,B8_D-Xylose,59
18.0,B8_D-Xylose,59
18.25,B8_D-Xylose,65
18.5,B8_D-Xylose,58
18.75,B8_D-Xylose,59
19.0,B8_D-Xylose,61
19.25,B8_D-Xylose,60
19.5,B8_D-Xylose,61
19.75,B8_D-Xylose,59
20.0,B8_D-Xylose,59
20.25,B8_D-Xylose,60
20.5,B8_D-Xylose,59
20.75,B8_D-Xylose,58
21.0,B8_D-Xylose,60
21.25,B8_D-Xylose,61
21.5,B8_D-Xylose,63
21.75,B8_D-Xylose,61
22.0,B8_D-Xylose,62
22.25,B8_D-Xylose,61
22.5,B8_D-Xylose,63
22.75,B8_D-Xylose,61
23.0,B8_D-Xylose,60
23.25,B8_D-Xylose,63
23.5,B8_D-Xylose,64
23.75,B8_D-Xylose,56
24.0,B8_D-Xylose,64
24.25,B8_D-Xylose,62
24.5,B8_D-Xylose,60
24.75,B8_D-Xylose,63
25.0,B8_D-Xylose,62
25.25,B8_D-Xylose,61
25.5,B8_D-Xylose,59
25.75,B8_D-Xylose,66
26.0,B8_D-Xylose,59
26.25,B8_D-Xylose,63
26.5,B8_D-Xylose,62
26.75,B8_D-Xylose,59
27.0,B8_D-Xylose,61
27.25,B8_D-Xylose,63
27.5,B8_D-Xylose,62
27.75,B8_D-Xylose,61
28.0,B8_D-Xylose,59
28.25,B8_D-Xylose,63
28.5,B8_D-Xylose,63
28.75,B8_D-Xylose,65
29.0,B8_D-Xylose,65
29.25,B8_D-Xylose,59
29.5,B8_D-Xylose,60
29.75,B8_D-Xylose,60
30.0,B8_D-Xylose,62
30.25,B8_D-Xylose,58
30.5,B8_D-Xylose,61
30.75,B8_D-Xylose,65
31.0,B8_D-Xylose,60
31.25,B8_D-Xylose,58
31.5,B8_D-Xylose,60
31.75,B8_D-Xylose,63
32.0,B8_D-Xylose,59
32.25,B8_D-Xylose,62
32.5,B8_D-Xylose,66
32.75,B8_D-Xylose,62
33.0,B8_D-Xylose,61
33.25,B8_D-Xylose,60
33.5,B8_D-Xylose,62
33.75,B8_D-Xylose,65
34.0,B8_D-Xylose,60
34.25,B8_D-Xylose,66
34.5,B8_D-Xylose,66
34.75,B8_D-Xylose,63
35.0,B8_D-Xylose,63
35.25,B8_D-Xylose,62
35.5,B8_D-Xylose,64
35.75,B8_D-Xylose,66
36.0,B8_D-Xylose,64
36.25,B8_D-Xylose,65
36.5,B8_D-Xylose,64
36.75,B8_D-Xylose,67
37.0,B8_D-Xylose,65
37.25,B8_D-Xylose,64
37.5,B8_D-Xylose,65
37.75,B8_D-Xylose,63
38.0,B8_D-Xylose,68
38.25,B8_D-Xylose,65
38.5,B8_D-Xylose,66
38.75,B8_D-Xylose,66
39.0,B8_D-Xylose,66
39.25,B8_D-Xylose,67
39.5,B8_D-Xylose,59
39.75,B8_D-Xylose,64
40.0,B8_D-Xylose,65
40.25,B8_D-Xylose,65
40.5,B8_D-Xylose,60
40.75,B8_D-Xylose,68
41.0,B8_D-Xylose,69
41.25,B8_D-Xylose,66
41.5,B8_D-Xylose,64
41.75,B8_D-Xylose,68
42.0,B8_D-Xylose,68
42.25,B8_D-Xylose,65
42.5,B8_D-Xylose,69
42.75,B8_D-Xylose,64
43.0,B8_D-Xylose,66
43.25,B8_D-Xylose,68
43.5,B8_D-Xylose,66
43.75,B8_D-Xylose,64
44.0,B8_D-Xylose,63
44.25,B8_D-Xylose,63
44.5,B8_D-Xylose,63
44.75,B8_D-Xylose,67
45.0,B8_D-Xylose,69
45.25,B8_D-Xylose,66
45.5,B8_D-Xylose,67
45.75,B8_D-Xylose,65
46.0,B8_D-Xylose,66
46.25,B8_D-Xylose,66
46.5,B8_D-Xylose,71
46.75,B8_D-Xylose,69
47.0,B8_D-Xylose,70
47.25,B8_D-Xylose,68
47.5,B8_D-Xylose,70
47.75,B8_D-Xylose,67
48.0,B8_D-Xylose,68
48.25,B8_D-Xylose,69
0.0,B9_L-Lactic_Acid,11
0.25,B9_L-Lactic_Acid,11
0.5,B9_L-Lactic_Acid,11
0.75,B9_L-Lactic_Acid,11
1.0,B9_L-Lactic_Acid,11
1.25,B9_L-Lactic_Acid,11
1.5,B9_L-Lactic_Acid,11
1.75,B9_L-Lactic_Acid,11
2.0,B9_L-Lactic_Acid,11
2.25,B9_L-Lactic_Acid,11
2.5,B9_L-Lactic_Acid,11
2.75,B9_L-Lactic_Acid,11
3.0,B9_L-Lactic_Acid,11
3.25,B9_L-Lactic_Acid,11
3.5,B9_L-Lactic_Acid,11
3.75,B9_L-Lactic_Acid,11
4.0,B9_L-Lactic_Acid,11
4.25,B9_L-Lactic_Acid,11
4.5,B9_L-Lactic_Acid,11
4.75,B9_L-Lactic_Acid,11
5.0,B9_L-Lactic_Acid,11
5.25,B9_L-Lactic_Acid,11
5.5,B9_L-Lactic_Acid,11
5.75,B9_L-Lactic_Acid,11
6.0,B9_L-Lactic_Acid,11
6.25,B9_L-Lactic_Acid,11
6.5,B9_L-Lactic_Acid,11
6.75,B9_L-Lactic_Acid,11
7.0,B9_L-Lactic_Acid,11
7.25,B9_L-Lactic_Acid,11
7.5,B9_L-Lactic_Acid,11
7.75,B9_L-Lactic_Acid,11
8.0,B9_L-Lactic_Acid,11
8.25,B9_L-Lactic_Acid,11
8.5,B9_L-Lactic_Acid,11
8.75,B9_L-Lactic_Acid,11
9.0,B9_L-Lactic_Acid,11
9.25,B9_L-Lactic_Acid,11
9.5,B9_L-Lactic_Acid,11
9.75,B9_L-Lactic_Acid,11
10.0,B9_L-Lactic_Acid,11
10.25,B9_L-Lactic_Acid,11
10.5,B9_L-Lactic_Acid,11
10.75,B9_L-Lactic_Acid,11
11.0,B9_L-Lactic_Acid,11
11.25,B9_L-Lactic_Acid,11
11.5,B9_L-Lactic_Acid,11
11.75,B9_L-Lactic_Acid,11
12.0,B9_L-Lactic_Acid,11
12.25,B9_L-Lactic_Acid,11
12.5,B9_L-Lactic_Acid,11
12.75,B9_L-Lactic_Acid,11
13.0,B9_L-Lactic_Acid,11
13.25,B9_L-Lactic_Acid,11
13.5,B9_L-Lactic_Acid,11
13.75,B9_L-Lactic_Acid,11
14.0,B9_L-Lactic_Acid,11
14.25,B9_L-Lactic_Acid,12
14.5,B9_L-Lactic_Acid,11
14.75,B9_L-Lactic_Acid,11
15.0,B9_L-Lactic_Acid,11
15.25,B9_L-Lactic_Acid,11
15.5,B9_L-Lactic_Acid,11
15.75,B9_L-Lactic_Acid,11
16.0,B9_L-Lactic_Acid,11
16.25,B9_L-Lactic_Acid,11
16.5,B9_L-Lactic_Acid,11
16.75,B9_L-Lactic_Acid,11
17.0,B9_L-Lactic_Acid,11
17.25,B9_L-Lactic_Acid,11
17.5,B9_L-Lactic_Acid,11
17.75,B9_L-Lactic_Acid,11
18.0,B9_L-Lactic_Acid,11
18.25,B9_L-Lactic_Acid,11
18.5,B9_L-Lactic_Acid,11
18.75,B9_L-Lactic_Acid,11
19.0,B9_L-Lactic_Acid,11
19.25,B9_L-Lactic_Acid,11
19.5,B9_L-Lactic_Acid,11
19.75,B9_L-Lactic_Acid,11
20.0,B9_L-Lactic_Acid,11
20.25,B9_L-Lactic_Acid,11
20.5,B9_L-Lactic_Acid,11
20.75,B9_L-Lactic_Acid,11
21.0,B9_L-Lactic_Acid,11
21.25,B9_L-Lactic_Acid,11
21.5,B9_L-Lactic_Acid,11
21.75,B9_L-Lactic_Acid,11
22.0,B9_L-Lactic_Acid,11
22.25,B9_L-Lactic_Acid,11
22.5,B9_L-Lactic_Acid,11
22.75,B9_L-Lactic_Acid,11
23.0,B9_L-Lactic_Acid,11
23.25,B9_L-Lactic_Acid,11
23.5,B9_L-Lactic_Acid,11
23.75,B9_L-Lactic_Acid,11
24.0,B9_L-Lactic_Acid,11
24.25,B9_L-Lactic_Acid,11
24.5,B9_L-Lactic_Acid,11
24.75,B9_L-Lactic_Acid,11
25.0,B9_L-Lactic_Acid,11
25.25,B9_L-Lactic_Acid,11
25.5,B9_L-Lactic_Acid,11
25.75,B9_L-Lactic_Acid,11
26.0,B9_L-Lactic_Acid,11
26.25,B9_L-Lactic_Acid,11
26.5,B9_L-Lactic_Acid,11
26.75,B9_L-Lactic_Acid,11
27.0,B9_L-Lactic_Acid,11
27.25,B9_L-Lactic_Acid,11
27.5,B9_L-Lactic_Acid,11
27.75,B9_L-Lactic_Acid,11
28.0,B9_L-Lactic_Acid,11
28.25,B9_L-Lactic_Acid,11
28.5,B9_L-Lactic_Acid,11
28.75,B9_L-Lactic_Acid,11
29.0,B9_L-Lactic_Acid,11
29.25,B9_L-Lactic_Acid,11
29.5,B9_L-Lactic_Acid,11
29.75,B9_L-Lactic_Acid,11
30.0,B9_L-Lactic_Acid,11
30.25,B9_L-Lactic_Acid,11
30.5,B9_L-Lactic_Acid,11
30.75,B9_L-Lactic_Acid,11
31.0,B9_L-Lactic_Acid,11
31.25,B9_L-Lactic_Acid,11
31.5,B9_L-Lactic_Acid,11
31.75,B9_L-Lactic_Acid,11
32.0,B9_L-Lactic_Acid,11
32.25,B9_L-Lactic_Acid,13
32.5,B9_L-Lactic_Acid,11
32.75,B9_L-Lactic_Acid,11
33.0,B9_L-Lactic_Acid,13
33.25,B9_L-Lactic_Acid,12
33.5,B9_L-Lactic_Acid,13
33.75,B9_L-Lactic_Acid,11
34.0,B9_L-Lactic_Acid,11
34.25,B9_L-Lactic_Acid,11
34.5,B9_L-Lactic_Acid,11
34.75,B9_L-Lactic_Acid,13
35.0,B9_L-Lactic_Acid,13
35.25,B9_L-Lactic_Acid,11
35.5,B9_L-Lactic_Acid,14
35.75,B9_L-Lactic_Acid,11
36.0,B9_L-Lactic_Acid,11
36.25,B9_L-Lactic_Acid,13
36.5,B9_L-Lactic_Acid,12
36.75,B9_L-Lactic_Acid,15
37.0,B9_L-Lactic_Acid,11
37.25,B9_L-Lactic_Acid,11
37.5,B9_L-Lactic_Acid,12
37.75,B9_L-Lactic_Acid,11
38.0,B9_L-Lactic_Acid,11
38.25,B9_L-Lactic_Acid,16
38.5,B9_L-Lactic_Acid,11
38.75,B9_L-Lactic_Acid,15
39.0,B9_L-Lactic_Acid,11
39.25,B9_L-Lactic_Acid,14
39.5,B9_L-Lactic_Acid,12
39.75,B9_L-Lactic_Acid,14
40.0,B9_L-Lactic_Acid,11
40.25,B9_L-Lactic_Acid,12
40.5,B9_L-Lactic_Acid,11
40.75,B9_L-Lactic_Acid,13
41.0,B9_L-Lactic_Acid,13
41.25,B9_L-Lactic_Acid,16
41.5,B9_L-Lactic_Acid,12
41.75,B9_L-Lactic_Acid,11
42.0,B9_L-Lactic_Acid,13
42.25,B9_L-Lactic_Acid,11
42.5,B9_L-Lactic_Acid,18
42.75,B9_L-Lactic_Acid,11
43.0,B9_L-Lactic_Acid,14
43.25,B9_L-Lactic_Acid,11
43.5,B9_L-Lactic_Acid,15
43.75,B9_L-Lactic_Acid,15
44.0,B9_L-Lactic_Acid,12
44.25,B9_L-Lactic_Acid,12
44.5,B9_L-Lactic_Acid,15
44.75,B9_L-Lactic_Acid,11
45.0,B9_L-Lactic_Acid,11
45.25,B9_L-Lactic_Acid,15
45.5,B9_L-Lactic_Acid,13
45.75,B9_L-Lactic_Acid,13
46.0,B9_L-Lactic_Acid,12
46.25,B9_L-Lactic_Acid,17
46.5,B9_L-Lactic_Acid,15
46.75,B9_L-Lactic_Acid,16
47.0,B9_L-Lactic_Acid,11
47.25,B9_L-Lactic_Acid,14
47.5,B9_L-Lactic_Acid,12
47.75,B9_L-Lactic_Acid,13
48.0,B9_L-Lactic_Acid,12
48.25,B9_L-Lactic_Acid,14
0.0,B10_Formic_Acid,11
0.25,B10_Formic_Acid,11
0.5,B10_Formic_Acid,11
0.75,B10_Formic_Acid,11
1.0,B10_Formic_Acid,11
1.25,B10_Formic_Acid,11
1.5,B10_Formic_Acid,11
1.75,B10_Formic_Acid,11
2.0,B10_Formic_Acid,11
2.25,B10_Formic_Acid,11
2.5,B10_Formic_Acid,11
2.75,B10_Formic_Acid,11
3.0,B10_Formic_Acid,11
3.25,B10_Formic_Acid,11
3.5,B10_Formic_Acid,11
3.75,B10_Formic_Acid,11
4.0,B10_Formic_Acid,11
4.25,B10_Formic_Acid,11
4.5,B10_Formic_Acid,11
4.75,B10_Formic_Acid,11
5.0,B10_Formic_Acid,11
5.25,B10_Formic_Acid,11
5.5,B10_Formic_Acid,11
5.75,B10_Formic_Acid,11
6.0,B10_Formic_Acid,11
6.25,B10_Formic_Acid,11
6.5,B10_Formic_Acid,11
6.75,B10_Formic_Acid,11
7.0,B10_Formic_Acid,11
7.25,B10_Formic_Acid,11
7.5,B10_Formic_Acid,11
7.75,B10_Formic_Acid,11
8.0,B10_Formic_Acid,11
8.25,B10_Formic_Acid,11
8.5,B10_Formic_Acid,11
8.75,B10_Formic_Acid,11
9.0,B10_Formic_Acid,11
9.25,B10_Formic_Acid,11
9.5,B10_Formic_Acid,11
9.75,B10_Formic_Acid,11
10.0,B10_Formic_Acid,11
10.25,B10_Formic_Acid,11
10.5,B10_Formic_Acid,11
10.75,B10_Formic_Acid,11
11.0,B10_Formic_Acid,11
11.25,B10_Formic_Acid,11
11.5,B10_Formic_Acid,11
11.75,B10_Formic_Acid,11
12.0,B10_Formic_Acid,11
12.25,B10_Formic_Acid,11
12.5,B10_Formic_Acid,11
12.75,B10_Formic_Acid,11
13.0,B10_Formic_Acid,11
13.25,B10_Formic_Acid,11
13.5,B10_Formic_Acid,11
13.75,B10_Formic_Acid,11
14.0,B10_Formic_Acid,11
14.25,B10_Formic_Acid,11
14.5,B10_Formic_Acid,11
14.75,B10_Formic_Acid,11
15.0,B10_Formic_Acid,11
15.25,B10_Formic_Acid,11
15.5,B10_Formic_Acid,11
15.75,B10_Formic_Acid,11
16.0,B10_Formic_Acid,11
16.25,B10_Formic_Acid,11
16.5,B10_Formic_Acid,11
16.75,B10_Formic_Acid,11
17.0,B10_Formic_Acid,11
17.25,B10_Formic_Acid,11
17.5,B10_Formic_Acid,11
17.75,B10_Formic_Acid,11
18.0,B10_Formic_Acid,11
18.25,B10_Formic_Acid,11
18.5,B10_Formic_Acid,11
18.75,B10_Formic_Acid,11
19.0,B10_Formic_Acid,11
19.25,B10_Formic_Acid,11
19.5,B10_Formic_Acid,11
19.75,B10_Formic_Acid,11
20.0,B10_Formic_Acid,11
20.25,B10_Formic_Acid,11
20.5,B10_Formic_Acid,11
20.75,B10_Formic_Acid,11
21.0,B10_Formic_Acid,11
21.25,B10_Formic_Acid,11
21.5,B10_Formic_Acid,11
21.75,B10_Formic_Acid,11
22.0,B10_Formic_Acid,11
22.25,B10_Formic_Acid,11
22.5,B10_Formic_Acid,11
22.75,B10_Formic_Acid,11
23.0,B10_Formic_Acid,11
23.25,B10_Formic_Acid,11
23.5,B10_Formic_Acid,11
23.75,B10_Formic_Acid,11
24.0,B10_Formic_Acid,11
24.25,B10_Formic_Acid,11
24.5,B10_Formic_Acid,11
24.75,B10_Formic_Acid,11
25.0,B10_Formic_Acid,11
25.25,B10_Formic_Acid,11
25.5,B10_Formic_Acid,11
25.75,B10_Formic_Acid,11
26.0,B10_Formic_Acid,12
26.25,B10_Formic_Acid,11
26.5,B10_Formic_Acid,11
26.75,B10_Formic_Acid,11
27.0,B10_Formic_Acid,11
27.25,B10_Formic_Acid,11
27.5,B10_Formic_Acid,11
27.75,B10_Formic_Acid,11
28.0,B10_Formic_Acid,11
28.25,B10_Formic_Acid,11
28.5,B10_Formic_Acid,11
28.75,B10_Formic_Acid,11
29.0,B10_Formic_Acid,11
29.25,B10_Formic_Acid,11
29.5,B10_Formic_Acid,11
29.75,B10_Formic_Acid,11
30.0,B10_Formic_Acid,11
30.25,B10_Formic_Acid,11
30.5,B10_Formic_Acid,11
30.75,B10_Formic_Acid,11
31.0,B10_Formic_Acid,12
31.25,B10_Formic_Acid,11
31.5,B10_Formic_Acid,11
31.75,B10_Formic_Acid,11
32.0,B10_Formic_Acid,11
32.25,B10_Formic_Acid,13
32.5,B10_Formic_Acid,11
32.75,B10_Formic_Acid,11
33.0,B10_Formic_Acid,11
33.25,B10_Formic_Acid,11
33.5,B10_Formic_Acid,11
33.75,B10_Formic_Acid,11
34.0,B10_Formic_Acid,11
34.25,B10_Formic_Acid,15
34.5,B10_Formic_Acid,11
34.75,B10_Formic_Acid,13
35.0,B10_Formic_Acid,11
35.25,B10_Formic_Acid,11
35.5,B10_Formic_Acid,11
35.75,B10_Formic_Acid,11
36.0,B10_Formic_Acid,13
36.25,B10_Formic_Acid,11
36.5,B10_Formic_Acid,11
36.75,B10_Formic_Acid,16
37.0,B10_Formic_Acid,17
37.25,B10_Formic_Acid,12
37.5,B10_Formic_Acid,11
37.75,B10_Formic_Acid,11
38.0,B10_Formic_Acid,11
38.25,B10_Formic_Acid,11
38.5,B10_Formic_Acid,11
38.75,B10_Formic_Acid,11
39.0,B10_Formic_Acid,11
39.25,B10_Formic_Acid,12
39.5,B10_Formic_Acid,14
39.75,B10_Formic_Acid,11
40.0,B10_Formic_Acid,11
40.25,B10_Formic_Acid,13
40.5,B10_Formic_Acid,14
40.75,B10_Formic_Acid,11
41.0,B10_Formic_Acid,11
41.25,B10_Formic_Acid,11
41.5,B10_Formic_Acid,11
41.75,B10_Formic_Acid,12
42.0,B10_Formic_Acid,11
42.25,B10_Formic_Acid,15
42.5,B10_Formic_Acid,11
42.75,B10_Formic_Acid,14
43.0,B10_Formic_Acid,12
43.25,B10_Formic_Acid,11
43.5,B10_Formic_Acid,12
43.75,B10_Formic_Acid,15
44.0,B10_Formic_Acid,11
44.25,B10_Formic_Acid,11
44.5,B10_Formic_Acid,11
44.75,B10_Formic_Acid,11
45.0,B10_Formic_Acid,11
45.25,B10_Formic_Acid,11
45.5,B10_Formic_Acid,13
45.75,B10_Formic_Acid,16
46.0,B10_Formic_Acid,11
46.25,B10_Formic_Acid,13
46.5,B10_Formic_Acid,11
46.75,B10_Formic_Acid,14
47.0,B10_Formic_Acid,19
47.25,B10_Formic_Acid,11
47.5,B10_Formic_Acid,12
47.75,B10_Formic_Acid,15
48.0,B10_Formic_Acid,14
48.25,B10_Formic_Acid,12
0.0,B11_D-Mannitol,14
0.25,B11_D-Mannitol,11
0.5,B11_D-Mannitol,12
0.75,B11_D-Mannitol,13
1.0,B11_D-Mannitol,12
1.25,B11_D-Mannitol,11
1.5,B11_D-Mannitol,14
1.75,B11_D-Mannitol,11
2.0,B11_D-Mannitol,13
2.25,B11_D-Mannitol,11
2.5,B11_D-Mannitol,13
2.75,B11_D-Mannitol,14
3.0,B11_D-Mannitol,12
3.25,B11_D-Mannitol,11
3.5,B11_D-Mannitol,11
3.75,B11_D-Mannitol,11
4.0,B11_D-Mannitol,11
4.25,B11_D-Mannitol,14
4.5,B11_D-Mannitol,11
4.75,B11_D-Mannitol,11
5.0,B11_D-Mannitol,14
5.25,B11_D-Mannitol,11
5.5,B11_D-Mannitol,11
5.75,B11_D-Mannitol,11
6.0,B11_D-Mannitol,14
6.25,B11_D-Mannitol,13
6.5,B11_D-Mannitol,11
6.75,B11_D-Mannitol,13
7.0,B11_D-Mannitol,11
7.25,B11_D-Mannitol,18
7.5,B11_D-Mannitol,11
7.75,B11_D-Mannitol,11
8.0,B11_D-Mannitol,17
8.25,B11_D-Mannitol,13
8.5,B11_D-Mannitol,11
8.75,B11_D-Mannitol,17
9.0,B11_D-Mannitol,13
9.25,B11_D-Mannitol,13
9.5,B11_D-Mannitol,12
9.75,B11_D-Mannitol,12
10.0,B11_D-Mannitol,14
10.25,B11_D-Mannitol,14
10.5,B11_D-Mannitol,14
10.75,B11_D-Mannitol,16
11.0,B11_D-Mannitol,13
11.25,B11_D-Mannitol,14
11.5,B11_D-Mannitol,15
11.75,B11_D-Mannitol,11
12.0,B11_D-Mannitol,12
12.25,B11_D-Mannitol,11
12.5,B11_D-Mannitol,15
12.75,B11_D-Mannitol,12
13.0,B11_D-Mannitol,11
13.25,B11_D-Mannitol,12
13.5,B11_D-Mannitol,15
13.75,B11_D-Mannitol,14
14.0,B11_D-Mannitol,11
14.25,B11_D-Mannitol,16
14.5,B11_D-Mannitol,12
14.75,B11_D-Mannitol,14
15.0,B11_D-Mannitol,15
15.25,B11_D-Mannitol,15
15.5,B11_D-Mannitol,11
15.75,B11_D-Mannitol,15
16.0,B11_D-Mannitol,14
16.25,B11_D-Mannitol,11
16.5,B11_D-Mannitol,16
16.75,B11_D-Mannitol,13
17.0,B11_D-Mannitol,13
17.25,B11_D-Mannitol,18
17.5,B11_D-Mannitol,13
17.75,B11_D-Mannitol,15
18.0,B11_D-Mannitol,14
18.25,B11_D-Mannitol,14
18.5,B11_D-Mannitol,15
18.75,B11_D-Mannitol,19
19.0,B11_D-Mannitol,14
19.25,B11_D-Mannitol,15
19.5,B11_D-Mannitol,14
19.75,B11_D-Mannitol,14
20.0,B11_D-Mannitol,13
20.25,B11_D-Mannitol,16
20.5,B11_D-Mannitol,14
20.75,B11_D-Mannitol,16
21.0,B11_D-Mannitol,18
21.25,B11_D-Mannitol,15
21.5,B11_D-Mannitol,17
21.75,B11_D-Mannitol,15
22.0,B11_D-Mannitol,14
22.25,B11_D-Mannitol,13
22.5,B11_D-Mannitol,16
22.75,B11_D-Mannitol,18
23.0,B11_D-Mannitol,17
23.25,B11_D-Mannitol,16
23.5,B11_D-Mannitol,17
23.75,B11_D-Mannitol,20
24.0,B11_D-Mannitol,15
24.25,B11_D-Mannitol,21
24.5,B11_D-Mannitol,17
24.75,B11_D-Mannitol,15
25.0,B11_D-Mannitol,19
25.25,B11_D-Mannitol,16
25.5,B11_D-Mannitol,15
25.75,B11_D-Mannitol,20
26.0,B11_D-Mannitol,16
26.25,B11_D-Mannitol,18
26.5,B11_D-Mannitol,15
26.75,B11_D-Mannitol,18
27.0,B11_D-Mannitol,17
27.25,B11_D-Mannitol,20
27.5,B11_D-Mannitol,19
27.75,B11_D-Mannitol,16
28.0,B11_D-Mannitol,16
28.25,B11_D-Mannitol,19
28.5,B11_D-Mannitol,18
28.75,B11_D-Mannitol,19
29.0,B11_D-Mannitol,19
29.25,B11_D-Mannitol,13
29.5,B11_D-Mannitol,21
29.75,B11_D-Mannitol,20
30.0,B11_D-Mannitol,15
30.25,B11_D-Mannitol,19
30.5,B11_D-Mannitol,21
30.75,B11_D-Mannitol,20
31.0,B11_D-Mannitol,18
31.25,B11_D-Mannitol,15
31.5,B11_D-Mannitol,19
31.75,B11_D-Mannitol,18
32.0,B11_D-Mannitol,21
32.25,B11_D-Mannitol,20
32.5,B11_D-Mannitol,20
32.75,B11_D-Mannitol,19
33.0,B11_D-Mannitol,17
33.25,B11_D-Mannitol,17
33.5,B11_D-Mannitol,15
33.75,B11_D-Mannitol,19
34.0,B11_D-Mannitol,18
34.25,B11_D-Mannitol,20
34.5,B11_D-Mannitol,17
34.75,B11_D-Mannitol,18
35.0,B11_D-Mannitol,21
35.25,B11_D-Mannitol,17
35.5,B11_D-Mannitol,17
35.75,B11_D-Mannitol,18
36.0,B11_D-Mannitol,19
36.25,B11_D-Mannitol,19
36.5,B11_D-Mannitol,21
36.75,B11_D-Mannitol,24
37.0,B11_D-Mannitol,16
37.25,B11_D-Mannitol,13
37.5,B11_D-Mannitol,21
37.75,B11_D-Mannitol,22
38.0,B11_D-Mannitol,17
38.25,B11_D-Mannitol,21
38.5,B11_D-Mannitol,21
38.75,B11_D-Mannitol,21
39.0,B11_D-Mannitol,22
39.25,B11_D-Mannitol,22
39.5,B11_D-Mannitol,19
39.75,B11_D-Mannitol,18
40.0,B11_D-Mannitol,20
40.25,B11_D-Mannitol,20
40.5,B11_D-Mannitol,22
40.75,B11_D-Mannitol,20
41.0,B11_D-Mannitol,20
41.25,B11_D-Mannitol,24
41.5,B11_D-Mannitol,21
41.75,B11_D-Mannitol,19
42.0,B11_D-Mannitol,21
42.25,B11_D-Mannitol,24
42.5,B11_D-Mannitol,24
42.75,B11_D-Mannitol,20
43.0,B11_D-Mannitol,19
43.25,B11_D-Mannitol,20
43.5,B11_D-Mannitol,17
43.75,B11_D-Mannitol,18
44.0,B11_D-Mannitol,23
44.25,B11_D-Mannitol,17
44.5,B11_D-Mannitol,19
44.75,B11_D-Mannitol,20
45.0,B11_D-Mannitol,16
45.25,B11_D-Mannitol,22
45.5,B11_D-Mannitol,20
45.75,B11_D-Mannitol,18
46.0,B11_D-Mannitol,17
46.25,B11_D-Mannitol,18
46.5,B11_D-Mannitol,19
46.75,B11_D-Mannitol,22
47.0,B11_D-Mannitol,24
47.25,B11_D-Mannitol,22
47.5,B11_D-Mannitol,23
47.75,B11_D-Mannitol,19
48.0,B11_D-Mannitol,20
48.25,B11_D-Mannitol,19
0.0,B12_L-Glutamic_Acid,13
0.25,B12_L-Glutamic_Acid,13
0.5,B12_L-Glutamic_Acid,16
0.75,B12_L-Glutamic_Acid,15
1.0,B12_L-Glutamic_Acid,16
1.25,B12_L-Glutamic_Acid,15
1.5,B12_L-Glutamic_Acid,18
1.75,B12_L-Glutamic_Acid,15
2.0,B12_L-Glutamic_Acid,18
2.25,B12_L-Glutamic_Acid,15
2.5,B12_L-Glutamic_Acid,14
2.75,B12_L-Glutamic_Acid,13
3.0,B12_L-Glutamic_Acid,15
3.25,B12_L-Glutamic_Acid,16
3.5,B12_L-Glutamic_Acid,15
3.75,B12_L-Glutamic_Acid,16
4.0,B12_L-Glutamic_Acid,16
4.25,B12_L-Glutamic_Acid,13
4.5,B12_L-Glutamic_Acid,16
4.75,B12_L-Glutamic_Acid,14
5.0,B12_L-Glutamic_Acid,15
5.25,B12_L-Glutamic_Acid,16
5.5,B12_L-Glutamic_Acid,14
5.75,B12_L-Glutamic_Acid,14
6.0,B12_L-Glutamic_Acid,14
6.25,B12_L-Glutamic_Acid,11
6.5,B12_L-Glutamic_Acid,11
6.75,B12_L-Glutamic_Acid,13
7.0,B12_L-Glutamic_Acid,14
7.25,B12_L-Glutamic_Acid,17
7.5,B12_L-Glutamic_Acid,11
7.75,B12_L-Glutamic_Acid,11
8.0,B12_L-Glutamic_Acid,18
8.25,B12_L-Glutamic_Acid,15
8.5,B12_L-Glutamic_Acid,14
8.75,B12_L-Glutamic_Acid,15
9.0,B12_L-Glutamic_Acid,13
9.25,B12_L-Glutamic_Acid,16
9.5,B12_L-Glutamic_Acid,14
9.75,B12_L-Glutamic_Acid,15
10.0,B12_L-Glutamic_Acid,14
10.25,B12_L-Glutamic_Acid,15
10.5,B12_L-Glutamic_Acid,18
10.75,B12_L-Glutamic_Acid,18
11.0,B12_L-Glutamic_Acid,17
11.25,B12_L-Glutamic_Acid,18
11.5,B12_L-Glutamic_Acid,17
11.75,B12_L-Glutamic_Acid,13
12.0,B12_L-Glutamic_Acid,16
12.25,B12_L-Glutamic_Acid,17
12.5,B12_L-Glutamic_Acid,16
12.75,B12_L-Glutamic_Acid,14
13.0,B12_L-Glutamic_Acid,14
13.25,B12_L-Glutamic_Acid,13
13.5,B12_L-Glutamic_Acid,15
13.75,B12_L-Glutamic_Acid,21
14.0,B12_L-Glutamic_Acid,17
14.25,B12_L-Glutamic_Acid,17
14.5,B12_L-Glutamic_Acid,19
14.75,B12_L-Glutamic_Acid,20
15.0,B12_L-Glutamic_Acid,18
15.25,B12_L-Glutamic_Acid,12
15.5,B12_L-Glutamic_Acid,16
15.75,B12_L-Glutamic_Acid,16
16.0,B12_L-Glutamic_Acid,16
16.25,B12_L-Glutamic_Acid,16
16.5,B12_L-Glutamic_Acid,14
16.75,B12_L-Glutamic_Acid,14
17.0,B12_L-Glutamic_Acid,17
17.25,B12_L-Glutamic_Acid,15
17.5,B12_L-Glutamic_Acid,14
17.75,B12_L-Glutamic_Acid,16
18.0,B12_L-Glutamic_Acid,16
18.25,B12_L-Glutamic_Acid,14
18.5,B12_L-Glutamic_Acid,17
18.75,B12_L-Glutamic_Acid,18
19.0,B12_L-Glutamic_Acid,18
19.25,B12_L-Glutamic_Acid,17
19.5,B12_L-Glutamic_Acid,18
19.75,B12_L-Glutamic_Acid,15
20.0,B12_L-Glutamic_Acid,17
20.25,B12_L-Glutamic_Acid,16
20.5,B12_L-Glutamic_Acid,15
20.75,B12_L-Glutamic_Acid,16
21.0,B12_L-Glutamic_Acid,16
21.25,B12_L-Glutamic_Acid,16
21.5,B12_L-Glutamic_Acid,16
21.75,B12_L-Glutamic_Acid,18
22.0,B12_L-Glutamic_Acid,19
22.25,B12_L-Glutamic_Acid,18
22.5,B12_L-Glutamic_Acid,19
22.75,B12_L-Glutamic_Acid,18
23.0,B12_L-Glutamic_Acid,17
23.25,B12_L-Glutamic_Acid,15
23.5,B12_L-Glutamic_Acid,16
23.75,B12_L-Glutamic_Acid,18
24.0,B12_L-Glutamic_Acid,14
24.25,B12_L-Glutamic_Acid,14
24.5,B12_L-Glutamic_Acid,16
24.75,B12_L-Glutamic_Acid,15
25.0,B12_L-Glutamic_Acid,17
25.25,B12_L-Glutamic_Acid,15
25.5,B12_L-Glutamic_Acid,21
25.75,B12_L-Glutamic_Acid,17
26.0,B12_L-Glutamic_Acid,15
26.25,B12_L-Glutamic_Acid,14
26.5,B12_L-Glutamic_Acid,15
26.75,B12_L-Glutamic_Acid,15
27.0,B12_L-Glutamic_Acid,17
27.25,B12_L-Glutamic_Acid,20
27.5,B12_L-Glutamic_Acid,20
27.75,B12_L-Glutamic_Acid,17
28.0,B12_L-Glutamic_Acid,14
28.25,B12_L-Glutamic_Acid,18
28.5,B12_L-Glutamic_Acid,20
28.75,B12_L-Glutamic_Acid,21
29.0,B12_L-Glutamic_Acid,19
29.25,B12_L-Glutamic_Acid,16
29.5,B12_L-Glutamic_Acid,16
29.75,B12_L-Glutamic_Acid,16
30.0,B12_L-Glutamic_Acid,19
30.25,B12_L-Glutamic_Acid,16
30.5,B12_L-Glutamic_Acid,16
30.75,B12_L-Glutamic_Acid,18
31.0,B12_L-Glutamic_Acid,15
31.25,B12_L-Glutamic_Acid,18
31.5,B12_L-Glutamic_Acid,18
31.75,B12_L-Glutamic_Acid,22
32.0,B12_L-Glutamic_Acid,18
32.25,B12_L-Glutamic_Acid,20
32.5,B12_L-Glutamic_Acid,16
32.75,B12_L-Glutamic_Acid,14
33.0,B12_L-Glutamic_Acid,18
33.25,B12_L-Glutamic_Acid,15
33.5,B12_L-Glutamic_Acid,18
33.75,B12_L-Glutamic_Acid,16
34.0,B12_L-Glutamic_Acid,18
34.25,B12_L-Glutamic_Acid,19
34.5,B12_L-Glutamic_Acid,16
34.75,B12_L-Glutamic_Acid,22
35.0,B12_L-Glutamic_Acid,20
35.25,B12_L-Glutamic_Acid,19
35.5,B12_L-Glutamic_Acid,19
35.75,B12_L-Glutamic_Acid,19
36.0,B12_L-Glutamic_Acid,18
36.25,B12_L-Glutamic_Acid,19
36.5,B12_L-Glutamic_Acid,17
36.75,B12_L-Glutamic_Acid,20
37.0,B12_L-Glutamic_Acid,20
37.25,B12_L-Glutamic_Acid,20
37.5,B12_L-Glutamic_Acid,19
37.75,B12_L-Glutamic_Acid,21
38.0,B12_L-Glutamic_Acid,18
38.25,B12_L-Glutamic_Acid,20
38.5,B12_L-Glutamic_Acid,22
38.75,B12_L-Glutamic_Acid,20
39.0,B12_L-Glutamic_Acid,20
39.25,B12_L-Glutamic_Acid,21
39.5,B12_L-Glutamic_Acid,21
39.75,B12_L-Glutamic_Acid,25
40.0,B12_L-Glutamic_Acid,17
40.25,B12_L-Glutamic_Acid,15
40.5,B12_L-Glutamic_Acid,21
40.75,B12_L-Glutamic_Acid,20
41.0,B12_L-Glutamic_Acid,19
41.25,B12_L-Glutamic_Acid,23
41.5,B12_L-Glutamic_Acid,23
41.75,B12_L-Glutamic_Acid,19
42.0,B12_L-Glutamic_Acid,22
42.25,B12_L-Glutamic_Acid,22
42.5,B12_L-Glutamic_Acid,22
42.75,B12_L-Glutamic_Acid,23
43.0,B12_L-Glutamic_Acid,23
43.25,B12_L-Glutamic_Acid,21
43.5,B12_L-Glutamic_Acid,21
43.75,B12_L-Glutamic_Acid,23
44.0,B12_L-Glutamic_Acid,23
44.25,B12_L-Glutamic_Acid,22
44.5,B12_L-Glutamic_Acid,22
44.75,B12_L-Glutamic_Acid,19
45.0,B12_L-Glutamic_Acid,21
45.25,B12_L-Glutamic_Acid,21
45.5,B12_L-Glutamic_Acid,23
45.75,B12_L-Glutamic_Acid,22
46.0,B12_L-Glutamic_Acid,21
46.25,B12_L-Glutamic_Acid,23
46.5,B12_L-Glutamic_Acid,22
46.75,B12_L-Glutamic_Acid,23
47.0,B12_L-Glutamic_Acid,21
47.25,B12_L-Glutamic_Acid,25
47.5,B12_L-Glutamic_Acid,27
47.75,B12_L-Glutamic_Acid,25
48.0,B12_L-Glutamic_Acid,24
48.25,B12_L-Glutamic_Acid,26
0.0,C1_D-Glucose-6-Phosphate,15
0.25,C1_D-Glucose-6-Phosphate,14
0.5,C1_D-Glucose-6-Phosphate,17
0.75,C1_D-Glucose-6-Phosphate,16
1.0,C1_D-Glucose-6-Phosphate,16
1.25,C1_D-Glucose-6-Phosphate,12
1.5,C1_D-Glucose-6-Phosphate,16
1.75,C1_D-Glucose-6-Phosphate,16
2.0,C1_D-Glucose-6-Phosphate,18
2.25,C1_D-Glucose-6-Phosphate,12
2.5,C1_D-Glucose-6-Phosphate,17
2.75,C1_D-Glucose-6-Phosphate,17
3.0,C1_D-Glucose-6-Phosphate,13
3.25,C1_D-Glucose-6-Phosphate,14
3.5,C1_D-Glucose-6-Phosphate,14
3.75,C1_D-Glucose-6-Phosphate,11
4.0,C1_D-Glucose-6-Phosphate,11
4.25,C1_D-Glucose-6-Phosphate,11
4.5,C1_D-Glucose-6-Phosphate,12
4.75,C1_D-Glucose-6-Phosphate,15
5.0,C1_D-Glucose-6-Phosphate,17
5.25,C1_D-Glucose-6-Phosphate,12
5.5,C1_D-Glucose-6-Phosphate,11
5.75,C1_D-Glucose-6-Phosphate,14
6.0,C1_D-Glucose-6-Phosphate,11
6.25,C1_D-Glucose-6-Phosphate,15
6.5,C1_D-Glucose-6-Phosphate,14
6.75,C1_D-Glucose-6-Phosphate,11
7.0,C1_D-Glucose-6-Phosphate,14
7.25,C1_D-Glucose-6-Phosphate,16
7.5,C1_D-Glucose-6-Phosphate,11
7.75,C1_D-Glucose-6-Phosphate,14
8.0,C1_D-Glucose-6-Phosphate,15
8.25,C1_D-Glucose-6-Phosphate,19
8.5,C1_D-Glucose-6-Phosphate,14
8.75,C1_D-Glucose-6-Phosphate,14
9.0,C1_D-Glucose-6-Phosphate,14
9.25,C1_D-Glucose-6-Phosphate,18
9.5,C1_D-Glucose-6-Phosphate,11
9.75,C1_D-Glucose-6-Phosphate,13
10.0,C1_D-Glucose-6-Phosphate,14
10.25,C1_D-Glucose-6-Phosphate,16
10.5,C1_D-Glucose-6-Phosphate,15
10.75,C1_D-Glucose-6-Phosphate,13
11.0,C1_D-Glucose-6-Phosphate,14
11.25,C1_D-Glucose-6-Phosphate,15
11.5,C1_D-Glucose-6-Phosphate,17
11.75,C1_D-Glucose-6-Phosphate,13
12.0,C1_D-Glucose-6-Phosphate,16
12.25,C1_D-Glucose-6-Phosphate,16
12.5,C1_D-Glucose-6-Phosphate,15
12.75,C1_D-Glucose-6-Phosphate,16
13.0,C1_D-Glucose-6-Phosphate,15
13.25,C1_D-Glucose-6-Phosphate,13
13.5,C1_D-Glucose-6-Phosphate,14
13.75,C1_D-Glucose-6-Phosphate,17
14.0,C1_D-Glucose-6-Phosphate,14
14.25,C1_D-Glucose-6-Phosphate,14
14.5,C1_D-Glucose-6-Phosphate,18
14.75,C1_D-Glucose-6-Phosphate,17
15.0,C1_D-Glucose-6-Phosphate,17
15.25,C1_D-Glucose-6-Phosphate,14
15.5,C1_D-Glucose-6-Phosphate,17
15.75,C1_D-Glucose-6-Phosphate,17
16.0,C1_D-Glucose-6-Phosphate,16
16.25,C1_D-Glucose-6-Phosphate,14
16.5,C1_D-Glucose-6-Phosphate,14
16.75,C1_D-Glucose-6-Phosphate,13
17.0,C1_D-Glucose-6-Phosphate,14
17.25,C1_D-Glucose-6-Phosphate,15
17.5,C1_D-Glucose-6-Phosphate,11
17.75,C1_D-Glucose-6-Phosphate,15
18.0,C1_D-Glucose-6-Phosphate,16
18.25,C1_D-Glucose-6-Phosphate,15
18.5,C1_D-Glucose-6-Phosphate,17
18.75,C1_D-Glucose-6-Phosphate,17
19.0,C1_D-Glucose-6-Phosphate,12
19.25,C1_D-Glucose-6-Phosphate,15
19.5,C1_D-Glucose-6-Phosphate,11
19.75,C1_D-Glucose-6-Phosphate,17
20.0,C1_D-Glucose-6-Phosphate,14
20.25,C1_D-Glucose-6-Phosphate,19
20.5,C1_D-Glucose-6-Phosphate,19
20.75,C1_D-Glucose-6-Phosphate,14
21.0,C1_D-Glucose-6-Phosphate,18
21.25,C1_D-Glucose-6-Phosphate,15
21.5,C1_D-Glucose-6-Phosphate,22
21.75,C1_D-Glucose-6-Phosphate,20
22.0,C1_D-Glucose-6-Phosphate,17
22.25,C1_D-Glucose-6-Phosphate,16
22.5,C1_D-Glucose-6-Phosphate,17
22.75,C1_D-Glucose-6-Phosphate,18
23.0,C1_D-Glucose-6-Phosphate,16
23.25,C1_D-Glucose-6-Phosphate,17
23.5,C1_D-Glucose-6-Phosphate,20
23.75,C1_D-Glucose-6-Phosphate,14
24.0,C1_D-Glucose-6-Phosphate,14
24.25,C1_D-Glucose-6-Phosphate,17
24.5,C1_D-Glucose-6-Phosphate,17
24.75,C1_D-Glucose-6-Phosphate,14
25.0,C1_D-Glucose-6-Phosphate,16
25.25,C1_D-Glucose-6-Phosphate,16
25.5,C1_D-Glucose-6-Phosphate,22
25.75,C1_D-Glucose-6-Phosphate,19
26.0,C1_D-Glucose-6-Phosphate,16
26.25,C1_D-Glucose-6-Phosphate,18
26.5,C1_D-Glucose-6-Phosphate,17
26.75,C1_D-Glucose-6-Phosphate,21
27.0,C1_D-Glucose-6-Phosphate,20
27.25,C1_D-Glucose-6-Phosphate,18
27.5,C1_D-Glucose-6-Phosphate,21
27.75,C1_D-Glucose-6-Phosphate,18
28.0,C1_D-Glucose-6-Phosphate,18
28.25,C1_D-Glucose-6-Phosphate,20
28.5,C1_D-Glucose-6-Phosphate,19
28.75,C1_D-Glucose-6-Phosphate,18
29.0,C1_D-Glucose-6-Phosphate,24
29.25,C1_D-Glucose-6-Phosphate,18
29.5,C1_D-Glucose-6-Phosphate,20
29.75,C1_D-Glucose-6-Phosphate,17
30.0,C1_D-Glucose-6-Phosphate,19
30.25,C1_D-Glucose-6-Phosphate,20
30.5,C1_D-Glucose-6-Phosphate,21
30.75,C1_D-Glucose-6-Phosphate,21
31.0,C1_D-Glucose-6-Phosphate,18
31.25,C1_D-Glucose-6-Phosphate,19
31.5,C1_D-Glucose-6-Phosphate,21
31.75,C1_D-Glucose-6-Phosphate,19
32.0,C1_D-Glucose-6-Phosphate,17
32.25,C1_D-Glucose-6-Phosphate,19
32.5,C1_D-Glucose-6-Phosphate,21
32.75,C1_D-Glucose-6-Phosphate,20
33.0,C1_D-Glucose-6-Phosphate,18
33.25,C1_D-Glucose-6-Phosphate,19
33.5,C1_D-Glucose-6-Phosphate,22
33.75,C1_D-Glucose-6-Phosphate,20
34.0,C1_D-Glucose-6-Phosphate,21
34.25,C1_D-Glucose-6-Phosphate,22
34.5,C1_D-Glucose-6-Phosphate,24
34.75,C1_D-Glucose-6-Phosphate,21
35.0,C1_D-Glucose-6-Phosphate,19
35.25,C1_D-Glucose-6-Phosphate,23
35.5,C1_D-Glucose-6-Phosphate,23
35.75,C1_D-Glucose-6-Phosphate,20
36.0,C1_D-Glucose-6-Phosphate,18
36.25,C1_D-Glucose-6-Phosphate,21
36.5,C1_D-Glucose-6-Phosphate,24
36.75,C1_D-Glucose-6-Phosphate,22
37.0,C1_D-Glucose-6-Phosphate,19
37.25,C1_D-Glucose-6-Phosphate,18
37.5,C1_D-Glucose-6-Phosphate,21
37.75,C1_D-Glucose-6-Phosphate,23
38.0,C1_D-Glucose-6-Phosphate,21
38.25,C1_D-Glucose-6-Phosphate,18
38.5,C1_D-Glucose-6-Phosphate,23
38.75,C1_D-Glucose-6-Phosphate,23
39.0,C1_D-Glucose-6-Phosphate,23
39.25,C1_D-Glucose-6-Phosphate,27
39.5,C1_D-Glucose-6-Phosphate,25
39.75,C1_D-Glucose-6-Phosphate,23
40.0,C1_D-Glucose-6-Phosphate,20
40.25,C1_D-Glucose-6-Phosphate,21
40.5,C1_D-Glucose-6-Phosphate,18
40.75,C1_D-Glucose-6-Phosphate,24
41.0,C1_D-Glucose-6-Phosphate,22
41.25,C1_D-Glucose-6-Phosphate,24
41.5,C1_D-Glucose-6-Phosphate,24
41.75,C1_D-Glucose-6-Phosphate,22
42.0,C1_D-Glucose-6-Phosphate,24
42.25,C1_D-Glucose-6-Phosphate,22
42.5,C1_D-Glucose-6-Phosphate,23
42.75,C1_D-Glucose-6-Phosphate,23
43.0,C1_D-Glucose-6-Phosphate,22
43.25,C1_D-Glucose-6-Phosphate,24
43.5,C1_D-Glucose-6-Phosphate,24
43.75,C1_D-Glucose-6-Phosphate,20
44.0,C1_D-Glucose-6-Phosphate,22
44.25,C1_D-Glucose-6-Phosphate,19
44.5,C1_D-Glucose-6-Phosphate,20
44.75,C1_D-Glucose-6-Phosphate,23
45.0,C1_D-Glucose-6-Phosphate,21
45.25,C1_D-Glucose-6-Phosphate,25
45.5,C1_D-Glucose-6-Phosphate,23
45.75,C1_D-Glucose-6-Phosphate,22
46.0,C1_D-Glucose-6-Phosphate,21
46.25,C1_D-Glucose-6-Phosphate,28
46.5,C1_D-Glucose-6-Phosphate,25
46.75,C1_D-Glucose-6-Phosphate,25
47.0,C1_D-Glucose-6-Phosphate,24
47.25,C1_D-Glucose-6-Phosphate,26
47.5,C1_D-Glucose-6-Phosphate,26
47.75,C1_D-Glucose-6-Phosphate,25
48.0,C1_D-Glucose-6-Phosphate,22
48.25,C1_D-Glucose-6-Phosphate,23
0.0,C2_D-GalactonicAcid-g-Lactone,11
0.25,C2_D-GalactonicAcid-g-Lactone,11
0.5,C2_D-GalactonicAcid-g-Lactone,11
0.75,C2_D-GalactonicAcid-g-Lactone,11
1.0,C2_D-GalactonicAcid-g-Lactone,11
1.25,C2_D-GalactonicAcid-g-Lactone,11
1.5,C2_D-GalactonicAcid-g-Lactone,11
1.75,C2_D-GalactonicAcid-g-Lactone,11
2.0,C2_D-GalactonicAcid-g-Lactone,11
2.25,C2_D-GalactonicAcid-g-Lactone,11
2.5,C2_D-GalactonicAcid-g-Lactone,11
2.75,C2_D-GalactonicAcid-g-Lactone,11
3.0,C2_D-GalactonicAcid-g-Lactone,11
3.25,C2_D-GalactonicAcid-g-Lactone,11
3.5,C2_D-GalactonicAcid-g-Lactone,11
3.75,C2_D-GalactonicAcid-g-Lactone,11
4.0,C2_D-GalactonicAcid-g-Lactone,11
4.25,C2_D-GalactonicAcid-g-Lactone,11
4.5,C2_D-GalactonicAcid-g-Lactone,11
4.75,C2_D-GalactonicAcid-g-Lactone,11
5.0,C2_D-GalactonicAcid-g-Lactone,11
5.25,C2_D-GalactonicAcid-g-Lactone,11
5.5,C2_D-GalactonicAcid-g-Lactone,11
5.75,C2_D-GalactonicAcid-g-Lactone,11
6.0,C2_D-GalactonicAcid-g-Lactone,11
6.25,C2_D-GalactonicAcid-g-Lactone,11
6.5,C2_D-GalactonicAcid-g-Lactone,11
6.75,C2_D-GalactonicAcid-g-Lactone,12
7.0,C2_D-GalactonicAcid-g-Lactone,11
7.25,C2_D-GalactonicAcid-g-Lactone,11
7.5,C2_D-GalactonicAcid-g-Lactone,12
7.75,C2_D-GalactonicAcid-g-Lactone,11
8.0,C2_D-GalactonicAcid-g-Lactone,13
8.25,C2_D-GalactonicAcid-g-Lactone,11
8.5,C2_D-GalactonicAcid-g-Lactone,11
8.75,C2_D-GalactonicAcid-g-Lactone,11
9.0,C2_D-GalactonicAcid-g-Lactone,11
9.25,C2_D-GalactonicAcid-g-Lactone,11
9.5,C2_D-GalactonicAcid-g-Lactone,11
9.75,C2_D-GalactonicAcid-g-Lactone,11
10.0,C2_D-GalactonicAcid-g-Lactone,11
10.25,C2_D-GalactonicAcid-g-Lactone,11
10.5,C2_D-GalactonicAcid-g-Lactone,11
10.75,C2_D-GalactonicAcid-g-Lactone,11
11.0,C2_D-GalactonicAcid-g-Lactone,13
11.25,C2_D-GalactonicAcid-g-Lactone,11
11.5,C2_D-GalactonicAcid-g-Lactone,11
11.75,C2_D-GalactonicAcid-g-Lactone,11
12.0,C2_D-GalactonicAcid-g-Lactone,11
12.25,C2_D-GalactonicAcid-g-Lactone,11
12.5,C2_D-GalactonicAcid-g-Lactone,11
12.75,C2_D-GalactonicAcid-g-Lactone,11
13.0,C2_D-GalactonicAcid-g-Lactone,11
13.25,C2_D-GalactonicAcid-g-Lactone,11
13.5,C2_D-GalactonicAcid-g-Lactone,11
13.75,C2_D-GalactonicAcid-g-Lactone,12
14.0,C2_D-GalactonicAcid-g-Lactone,11
14.25,C2_D-GalactonicAcid-g-Lactone,11
14.5,C2_D-GalactonicAcid-g-Lactone,12
14.75,C2_D-GalactonicAcid-g-Lactone,11
15.0,C2_D-GalactonicAcid-g-Lactone,11
15.25,C2_D-GalactonicAcid-g-Lactone,11
15.5,C2_D-GalactonicAcid-g-Lactone,11
15.75,C2_D-GalactonicAcid-g-Lactone,11
16.0,C2_D-GalactonicAcid-g-Lactone,11
16.25,C2_D-GalactonicAcid-g-Lactone,11
16.5,C2_D-GalactonicAcid-g-Lactone,11
16.75,C2_D-GalactonicAcid-g-Lactone,11
17.0,C2_D-GalactonicAcid-g-Lactone,11
17.25,C2_D-GalactonicAcid-g-Lactone,11
17.5,C2_D-GalactonicAcid-g-Lactone,11
17.75,C2_D-GalactonicAcid-g-Lactone,12
18.0,C2_D-GalactonicAcid-g-Lactone,11
18.25,C2_D-GalactonicAcid-g-Lactone,12
18.5,C2_D-GalactonicAcid-g-Lactone,11
18.75,C2_D-GalactonicAcid-g-Lactone,11
19.0,C2_D-GalactonicAcid-g-Lactone,11
19.25,C2_D-GalactonicAcid-g-Lactone,11
19.5,C2_D-GalactonicAcid-g-Lactone,11
19.75,C2_D-GalactonicAcid-g-Lactone,11
20.0,C2_D-GalactonicAcid-g-Lactone,12
20.25,C2_D-GalactonicAcid-g-Lactone,11
20.5,C2_D-GalactonicAcid-g-Lactone,15
20.75,C2_D-GalactonicAcid-g-Lactone,12
21.0,C2_D-GalactonicAcid-g-Lactone,16
21.25,C2_D-GalactonicAcid-g-Lactone,11
21.5,C2_D-GalactonicAcid-g-Lactone,12
21.75,C2_D-GalactonicAcid-g-Lactone,13
22.0,C2_D-GalactonicAcid-g-Lactone,11
22.25,C2_D-GalactonicAcid-g-Lactone,15
22.5,C2_D-GalactonicAcid-g-Lactone,11
22.75,C2_D-GalactonicAcid-g-Lactone,11
23.0,C2_D-GalactonicAcid-g-Lactone,11
23.25,C2_D-GalactonicAcid-g-Lactone,12
23.5,C2_D-GalactonicAcid-g-Lactone,15
23.75,C2_D-GalactonicAcid-g-Lactone,11
24.0,C2_D-GalactonicAcid-g-Lactone,11
24.25,C2_D-GalactonicAcid-g-Lactone,12
24.5,C2_D-GalactonicAcid-g-Lactone,11
24.75,C2_D-GalactonicAcid-g-Lactone,11
25.0,C2_D-GalactonicAcid-g-Lactone,11
25.25,C2_D-GalactonicAcid-g-Lactone,13
25.5,C2_D-GalactonicAcid-g-Lactone,14
25.75,C2_D-GalactonicAcid-g-Lactone,12
26.0,C2_D-GalactonicAcid-g-Lactone,11
26.25,C2_D-GalactonicAcid-g-Lactone,12
26.5,C2_D-GalactonicAcid-g-Lactone,11
26.75,C2_D-GalactonicAcid-g-Lactone,13
27.0,C2_D-GalactonicAcid-g-Lactone,11
27.25,C2_D-GalactonicAcid-g-Lactone,14
27.5,C2_D-GalactonicAcid-g-Lactone,12
27.75,C2_D-GalactonicAcid-g-Lactone,15
28.0,C2_D-GalactonicAcid-g-Lactone,14
28.25,C2_D-GalactonicAcid-g-Lactone,13
28.5,C2_D-GalactonicAcid-g-Lactone,15
28.75,C2_D-GalactonicAcid-g-Lactone,13
29.0,C2_D-GalactonicAcid-g-Lactone,11
29.25,C2_D-GalactonicAcid-g-Lactone,11
29.5,C2_D-GalactonicAcid-g-Lactone,11
29.75,C2_D-GalactonicAcid-g-Lactone,16
30.0,C2_D-GalactonicAcid-g-Lactone,13
30.25,C2_D-GalactonicAcid-g-Lactone,14
30.5,C2_D-GalactonicAcid-g-Lactone,11
30.75,C2_D-GalactonicAcid-g-Lactone,11
31.0,C2_D-GalactonicAcid-g-Lactone,11
31.25,C2_D-GalactonicAcid-g-Lactone,15
31.5,C2_D-GalactonicAcid-g-Lactone,13
31.75,C2_D-GalactonicAcid-g-Lactone,15
32.0,C2_D-GalactonicAcid-g-Lactone,14
32.25,C2_D-GalactonicAcid-g-Lactone,15
32.5,C2_D-GalactonicAcid-g-Lactone,14
32.75,C2_D-GalactonicAcid-g-Lactone,15
33.0,C2_D-GalactonicAcid-g-Lactone,14
33.25,C2_D-GalactonicAcid-g-Lactone,11
33.5,C2_D-GalactonicAcid-g-Lactone,16
33.75,C2_D-GalactonicAcid-g-Lactone,14
34.0,C2_D-GalactonicAcid-g-Lactone,11
34.25,C2_D-GalactonicAcid-g-Lactone,18
34.5,C2_D-GalactonicAcid-g-Lactone,13
34.75,C2_D-GalactonicAcid-g-Lactone,18
35.0,C2_D-GalactonicAcid-g-Lactone,13
35.25,C2_D-GalactonicAcid-g-Lactone,18
35.5,C2_D-GalactonicAcid-g-Lactone,19
35.75,C2_D-GalactonicAcid-g-Lactone,12
36.0,C2_D-GalactonicAcid-g-Lactone,16
36.25,C2_D-GalactonicAcid-g-Lactone,16
36.5,C2_D-GalactonicAcid-g-Lactone,14
36.75,C2_D-GalactonicAcid-g-Lactone,17
37.0,C2_D-GalactonicAcid-g-Lactone,16
37.25,C2_D-GalactonicAcid-g-Lactone,12
37.5,C2_D-GalactonicAcid-g-Lactone,16
37.75,C2_D-GalactonicAcid-g-Lactone,15
38.0,C2_D-GalactonicAcid-g-Lactone,16
38.25,C2_D-GalactonicAcid-g-Lactone,14
38.5,C2_D-GalactonicAcid-g-Lactone,15
38.75,C2_D-GalactonicAcid-g-Lactone,15
39.0,C2_D-GalactonicAcid-g-Lactone,15
39.25,C2_D-GalactonicAcid-g-Lactone,20
39.5,C2_D-GalactonicAcid-g-Lactone,12
39.75,C2_D-GalactonicAcid-g-Lactone,15
40.0,C2_D-GalactonicAcid-g-Lactone,14
40.25,C2_D-GalactonicAcid-g-Lactone,15
40.5,C2_D-GalactonicAcid-g-Lactone,17
40.75,C2_D-GalactonicAcid-g-Lactone,16
41.0,C2_D-GalactonicAcid-g-Lactone,17
41.25,C2_D-GalactonicAcid-g-Lactone,16
41.5,C2_D-GalactonicAcid-g-Lactone,15
41.75,C2_D-GalactonicAcid-g-Lactone,11
42.0,C2_D-GalactonicAcid-g-Lactone,16
42.25,C2_D-GalactonicAcid-g-Lactone,14
42.5,C2_D-GalactonicAcid-g-Lactone,12
42.75,C2_D-GalactonicAcid-g-Lactone,17
43.0,C2_D-GalactonicAcid-g-Lactone,18
43.25,C2_D-GalactonicAcid-g-Lactone,15
43.5,C2_D-GalactonicAcid-g-Lactone,13
43.75,C2_D-GalactonicAcid-g-Lactone,13
44.0,C2_D-GalactonicAcid-g-Lactone,16
44.25,C2_D-GalactonicAcid-g-Lactone,16
44.5,C2_D-GalactonicAcid-g-Lactone,15
44.75,C2_D-GalactonicAcid-g-Lactone,13
45.0,C2_D-GalactonicAcid-g-Lactone,17
45.25,C2_D-GalactonicAcid-g-Lactone,16
45.5,C2_D-GalactonicAcid-g-Lactone,15
45.75,C2_D-GalactonicAcid-g-Lactone,14
46.0,C2_D-GalactonicAcid-g-Lactone,19
46.25,C2_D-GalactonicAcid-g-Lactone,16
46.5,C2_D-GalactonicAcid-g-Lactone,20
46.75,C2_D-GalactonicAcid-g-Lactone,16
47.0,C2_D-GalactonicAcid-g-Lactone,15
47.25,C2_D-GalactonicAcid-g-Lactone,14
47.5,C2_D-GalactonicAcid-g-Lactone,18
47.75,C2_D-GalactonicAcid-g-Lactone,19
48.0,C2_D-GalactonicAcid-g-Lactone,18
48.25,C2_D-GalactonicAcid-g-Lactone,20
0.0,C3_D-L-Malic_Acid,11
0.25,C3_D-L-Malic_Acid,11
0.5,C3_D-L-Malic_Acid,11
0.75,C3_D-L-Malic_Acid,11
1.0,C3_D-L-Malic_Acid,11
1.25,C3_D-L-Malic_Acid,11
1.5,C3_D-L-Malic_Acid,11
1.75,C3_D-L-Malic_Acid,11
2.0,C3_D-L-Malic_Acid,11
2.25,C3_D-L-Malic_Acid,11
2.5,C3_D-L-Malic_Acid,11
2.75,C3_D-L-Malic_Acid,11
3.0,C3_D-L-Malic_Acid,11
3.25,C3_D-L-Malic_Acid,11
3.5,C3_D-L-Malic_Acid,11
3.75,C3_D-L-Malic_Acid,11
4.0,C3_D-L-Malic_Acid,11
4.25,C3_D-L-Malic_Acid,11
4.5,C3_D-L-Malic_Acid,11
4.75,C3_D-L-Malic_Acid,11
5.0,C3_D-L-Malic_Acid,11
5.25,C3_D-L-Malic_Acid,11
5.5,C3_D-L-Malic_Acid,11
5.75,C3_D-L-Malic_Acid,11
6.0,C3_D-L-Malic_Acid,11
6.25,C3_D-L-Malic_Acid,11
6.5,C3_D-L-Malic_Acid,11
6.75,C3_D-L-Malic_Acid,11
7.0,C3_D-L-Malic_Acid,11
7.25,C3_D-L-Malic_Acid,11
7.5,C3_D-L-Malic_Acid,11
7.75,C3_D-L-Malic_Acid,11
8.0,C3_D-L-Malic_Acid,11
8.25,C3_D-L-Malic_Acid,11
8.5,C3_D-L-Malic_Acid,11
8.75,C3_D-L-Malic_Acid,11
9.0,C3_D-L-Malic_Acid,11
9.25,C3_D-L-Malic_Acid,11
9.5,C3_D-L-Malic_Acid,11
9.75,C3_D-L-Malic_Acid,11
10.0,C3_D-L-Malic_Acid,11
10.25,C3_D-L-Malic_Acid,11
10.5,C3_D-L-Malic_Acid,11
10.75,C3_D-L-Malic_Acid,11
11.0,C3_D-L-Malic_Acid,11
11.25,C3_D-L-Malic_Acid,11
11.5,C3_D-L-Malic_Acid,11
11.75,C3_D-L-Malic_Acid,11
12.0,C3_D-L-Malic_Acid,11
12.25,C3_D-L-Malic_Acid,11
12.5,C3_D-L-Malic_Acid,11
12.75,C3_D-L-Malic_Acid,11
13.0,C3_D-L-Malic_Acid,11
13.25,C3_D-L-Malic_Acid,11
13.5,C3_D-L-Malic_Acid,11
13.75,C3_D-L-Malic_Acid,11
14.0,C3_D-L-Malic_Acid,11
14.25,C3_D-L-Malic_Acid,11
14.5,C3_D-L-Malic_Acid,11
14.75,C3_D-L-Malic_Acid,11
15.0,C3_D-L-Malic_Acid,11
15.25,C3_D-L-Malic_Acid,11
15.5,C3_D-L-Malic_Acid,11
15.75,C3_D-L-Malic_Acid,11
16.0,C3_D-L-Malic_Acid,11
16.25,C3_D-L-Malic_Acid,11
16.5,C3_D-L-Malic_Acid,11
16.75,C3_D-L-Malic_Acid,11
17.0,C3_D-L-Malic_Acid,11
17.25,C3_D-L-Malic_Acid,11
17.5,C3_D-L-Malic_Acid,11
17.75,C3_D-L-Malic_Acid,11
18.0,C3_D-L-Malic_Acid,11
18.25,C3_D-L-Malic_Acid,11
18.5,C3_D-L-Malic_Acid,11
18.75,C3_D-L-Malic_Acid,11
19.0,C3_D-L-Malic_Acid,11
19.25,C3_D-L-Malic_Acid,11
19.5,C3_D-L-Malic_Acid,11
19.75,C3_D-L-Malic_Acid,11
20.0,C3_D-L-Malic_Acid,11
20.25,C3_D-L-Malic_Acid,14
20.5,C3_D-L-Malic_Acid,11
20.75,C3_D-L-Malic_Acid,11
21.0,C3_D-L-Malic_Acid,11
21.25,C3_D-L-Malic_Acid,12
21.5,C3_D-L-Malic_Acid,12
21.75,C3_D-L-Malic_Acid,11
22.0,C3_D-L-Malic_Acid,11
22.25,C3_D-L-Malic_Acid,11
22.5,C3_D-L-Malic_Acid,11
22.75,C3_D-L-Malic_Acid,11
23.0,C3_D-L-Malic_Acid,11
23.25,C3_D-L-Malic_Acid,11
23.5,C3_D-L-Malic_Acid,13
23.75,C3_D-L-Malic_Acid,11
24.0,C3_D-L-Malic_Acid,11
24.25,C3_D-L-Malic_Acid,11
24.5,C3_D-L-Malic_Acid,11
24.75,C3_D-L-Malic_Acid,11
25.0,C3_D-L-Malic_Acid,11
25.25,C3_D-L-Malic_Acid,11
25.5,C3_D-L-Malic_Acid,11
25.75,C3_D-L-Malic_Acid,11
26.0,C3_D-L-Malic_Acid,11
26.25,C3_D-L-Malic_Acid,11
26.5,C3_D-L-Malic_Acid,11
26.75,C3_D-L-Malic_Acid,11
27.0,C3_D-L-Malic_Acid,11
27.25,C3_D-L-Malic_Acid,11
27.5,C3_D-L-Malic_Acid,11
27.75,C3_D-L-Malic_Acid,11
28.0,C3_D-L-Malic_Acid,11
28.25,C3_D-L-Malic_Acid,13
28.5,C3_D-L-Malic_Acid,12
28.75,C3_D-L-Malic_Acid,12
29.0,C3_D-L-Malic_Acid,11
29.25,C3_D-L-Malic_Acid,11
29.5,C3_D-L-Malic_Acid,11
29.75,C3_D-L-Malic_Acid,13
30.0,C3_D-L-Malic_Acid,11
30.25,C3_D-L-Malic_Acid,11
30.5,C3_D-L-Malic_Acid,15
30.75,C3_D-L-Malic_Acid,11
31.0,C3_D-L-Malic_Acid,11
31.25,C3_D-L-Malic_Acid,11
31.5,C3_D-L-Malic_Acid,12
31.75,C3_D-L-Malic_Acid,11
32.0,C3_D-L-Malic_Acid,12
32.25,C3_D-L-Malic_Acid,11
32.5,C3_D-L-Malic_Acid,13
32.75,C3_D-L-Malic_Acid,11
33.0,C3_D-L-Malic_Acid,11
33.25,C3_D-L-Malic_Acid,11
33.5,C3_D-L-Malic_Acid,11
33.75,C3_D-L-Malic_Acid,12
34.0,C3_D-L-Malic_Acid,11
34.25,C3_D-L-Malic_Acid,12
34.5,C3_D-L-Malic_Acid,14
34.75,C3_D-L-Malic_Acid,12
35.0,C3_D-L-Malic_Acid,14
35.25,C3_D-L-Malic_Acid,13
35.5,C3_D-L-Malic_Acid,14
35.75,C3_D-L-Malic_Acid,12
36.0,C3_D-L-Malic_Acid,11
36.25,C3_D-L-Malic_Acid,11
36.5,C3_D-L-Malic_Acid,16
36.75,C3_D-L-Malic_Acid,11
37.0,C3_D-L-Malic_Acid,16
37.25,C3_D-L-Malic_Acid,13
37.5,C3_D-L-Malic_Acid,17
37.75,C3_D-L-Malic_Acid,15
38.0,C3_D-L-Malic_Acid,14
38.25,C3_D-L-Malic_Acid,16
38.5,C3_D-L-Malic_Acid,12
38.75,C3_D-L-Malic_Acid,13
39.0,C3_D-L-Malic_Acid,14
39.25,C3_D-L-Malic_Acid,14
39.5,C3_D-L-Malic_Acid,15
39.75,C3_D-L-Malic_Acid,15
40.0,C3_D-L-Malic_Acid,13
40.25,C3_D-L-Malic_Acid,14
40.5,C3_D-L-Malic_Acid,14
40.75,C3_D-L-Malic_Acid,14
41.0,C3_D-L-Malic_Acid,17
41.25,C3_D-L-Malic_Acid,17
41.5,C3_D-L-Malic_Acid,12
41.75,C3_D-L-Malic_Acid,15
42.0,C3_D-L-Malic_Acid,17
42.25,C3_D-L-Malic_Acid,18
42.5,C3_D-L-Malic_Acid,21
42.75,C3_D-L-Malic_Acid,17
43.0,C3_D-L-Malic_Acid,16
43.25,C3_D-L-Malic_Acid,17
43.5,C3_D-L-Malic_Acid,15
43.75,C3_D-L-Malic_Acid,16
44.0,C3_D-L-Malic_Acid,13
44.25,C3_D-L-Malic_Acid,16
44.5,C3_D-L-Malic_Acid,18
44.75,C3_D-L-Malic_Acid,14
45.0,C3_D-L-Malic_Acid,14
45.25,C3_D-L-Malic_Acid,17
45.5,C3_D-L-Malic_Acid,19
45.75,C3_D-L-Malic_Acid,14
46.0,C3_D-L-Malic_Acid,17
46.25,C3_D-L-Malic_Acid,17
46.5,C3_D-L-Malic_Acid,16
46.75,C3_D-L-Malic_Acid,21
47.0,C3_D-L-Malic_Acid,13
47.25,C3_D-L-Malic_Acid,21
47.5,C3_D-L-Malic_Acid,18
47.75,C3_D-L-Malic_Acid,17
48.0,C3_D-L-Malic_Acid,15
48.25,C3_D-L-Malic_Acid,17
0.0,C4_D-Ribose,48
0.25,C4_D-Ribose,53
0.5,C4_D-Ribose,56
0.75,C4_D-Ribose,55
1.0,C4_D-Ribose,58
1.25,C4_D-Ribose,64
1.5,C4_D-Ribose,60
1.75,C4_D-Ribose,63
2.0,C4_D-Ribose,61
2.25,C4_D-Ribose,60
2.5,C4_D-Ribose,64
2.75,C4_D-Ribose,61
3.0,C4_D-Ribose,64
3.25,C4_D-Ribose,67
3.5,C4_D-Ribose,69
3.75,C4_D-Ribose,64
4.0,C4_D-Ribose,67
4.25,C4_D-Ribose,64
4.5,C4_D-Ribose,64
4.75,C4_D-Ribose,64
5.0,C4_D-Ribose,68
5.25,C4_D-Ribose,61
5.5,C4_D-Ribose,64
5.75,C4_D-Ribose,65
6.0,C4_D-Ribose,68
6.25,C4_D-Ribose,64
6.5,C4_D-Ribose,62
6.75,C4_D-Ribose,63
7.0,C4_D-Ribose,61
7.25,C4_D-Ribose,67
7.5,C4_D-Ribose,65
7.75,C4_D-Ribose,67
8.0,C4_D-Ribose,69
8.25,C4_D-Ribose,64
8.5,C4_D-Ribose,63
8.75,C4_D-Ribose,65
9.0,C4_D-Ribose,68
9.25,C4_D-Ribose,68
9.5,C4_D-Ribose,65
9.75,C4_D-Ribose,63
10.0,C4_D-Ribose,66
10.25,C4_D-Ribose,70
10.5,C4_D-Ribose,67
10.75,C4_D-Ribose,66
11.0,C4_D-Ribose,66
11.25,C4_D-Ribose,68
11.5,C4_D-Ribose,71
11.75,C4_D-Ribose,66
12.0,C4_D-Ribose,71
12.25,C4_D-Ribose,67
12.5,C4_D-Ribose,67
12.75,C4_D-Ribose,69
13.0,C4_D-Ribose,74
13.25,C4_D-Ribose,67
13.5,C4_D-Ribose,71
13.75,C4_D-Ribose,70
14.0,C4_D-Ribose,70
14.25,C4_D-Ribose,72
14.5,C4_D-Ribose,70
14.75,C4_D-Ribose,72
15.0,C4_D-Ribose,69
15.25,C4_D-Ribose,66
15.5,C4_D-Ribose,70
15.75,C4_D-Ribose,72
16.0,C4_D-Ribose,70
16.25,C4_D-Ribose,66
16.5,C4_D-Ribose,65
16.75,C4_D-Ribose,67
17.0,C4_D-Ribose,70
17.25,C4_D-Ribose,72
17.5,C4_D-Ribose,69
17.75,C4_D-Ribose,68
18.0,C4_D-Ribose,68
18.25,C4_D-Ribose,72
18.5,C4_D-Ribose,68
18.75,C4_D-Ribose,66
19.0,C4_D-Ribose,69
19.25,C4_D-Ribose,68
19.5,C4_D-Ribose,67
19.75,C4_D-Ribose,70
20.0,C4_D-Ribose,74
20.25,C4_D-Ribose,71
20.5,C4_D-Ribose,74
20.75,C4_D-Ribose,69
21.0,C4_D-Ribose,71
21.25,C4_D-Ribose,73
21.5,C4_D-Ribose,72
21.75,C4_D-Ribose,71
22.0,C4_D-Ribose,68
22.25,C4_D-Ribose,73
22.5,C4_D-Ribose,70
22.75,C4_D-Ribose,72
23.0,C4_D-Ribose,69
23.25,C4_D-Ribose,69
23.5,C4_D-Ribose,74
23.75,C4_D-Ribose,72
24.0,C4_D-Ribose,71
24.25,C4_D-Ribose,72
24.5,C4_D-Ribose,68
24.75,C4_D-Ribose,70
25.0,C4_D-Ribose,73
25.25,C4_D-Ribose,68
25.5,C4_D-Ribose,68
25.75,C4_D-Ribose,70
26.0,C4_D-Ribose,69
26.25,C4_D-Ribose,71
26.5,C4_D-Ribose,71
26.75,C4_D-Ribose,66
27.0,C4_D-Ribose,73
27.25,C4_D-Ribose,70
27.5,C4_D-Ribose,70
27.75,C4_D-Ribose,71
28.0,C4_D-Ribose,72
28.25,C4_D-Ribose,71
28.5,C4_D-Ribose,73
28.75,C4_D-Ribose,70
29.0,C4_D-Ribose,71
29.25,C4_D-Ribose,69
29.5,C4_D-Ribose,70
29.75,C4_D-Ribose,68
30.0,C4_D-Ribose,70
30.25,C4_D-Ribose,70
30.5,C4_D-Ribose,72
30.75,C4_D-Ribose,71
31.0,C4_D-Ribose,65
31.25,C4_D-Ribose,69
31.5,C4_D-Ribose,73
31.75,C4_D-Ribose,72
32.0,C4_D-Ribose,69
32.25,C4_D-Ribose,71
32.5,C4_D-Ribose,69
32.75,C4_D-Ribose,70
33.0,C4_D-Ribose,71
33.25,C4_D-Ribose,71
33.5,C4_D-Ribose,69
33.75,C4_D-Ribose,70
34.0,C4_D-Ribose,68
34.25,C4_D-Ribose,72
34.5,C4_D-Ribose,71
34.75,C4_D-Ribose,73
35.0,C4_D-Ribose,72
35.25,C4_D-Ribose,71
35.5,C4_D-Ribose,71
35.75,C4_D-Ribose,72
36.0,C4_D-Ribose,71
36.25,C4_D-Ribose,68
36.5,C4_D-Ribose,71
36.75,C4_D-Ribose,69
37.0,C4_D-Ribose,72
37.25,C4_D-Ribose,69
37.5,C4_D-Ribose,71
37.75,C4_D-Ribose,75
38.0,C4_D-Ribose,74
38.25,C4_D-Ribose,72
38.5,C4_D-Ribose,73
38.75,C4_D-Ribose,74
39.0,C4_D-Ribose,69
39.25,C4_D-Ribose,70
39.5,C4_D-Ribose,72
39.75,C4_D-Ribose,74
40.0,C4_D-Ribose,70
40.25,C4_D-Ribose,71
40.5,C4_D-Ribose,73
40.75,C4_D-Ribose,70
41.0,C4_D-Ribose,69
41.25,C4_D-Ribose,73
41.5,C4_D-Ribose,74
41.75,C4_D-Ribose,71
42.0,C4_D-Ribose,75
42.25,C4_D-Ribose,73
42.5,C4_D-Ribose,72
42.75,C4_D-Ribose,73
43.0,C4_D-Ribose,70
43.25,C4_D-Ribose,75
43.5,C4_D-Ribose,72
43.75,C4_D-Ribose,70
44.0,C4_D-Ribose,72
44.25,C4_D-Ribose,68
44.5,C4_D-Ribose,71
44.75,C4_D-Ribose,72
45.0,C4_D-Ribose,67
45.25,C4_D-Ribose,74
45.5,C4_D-Ribose,74
45.75,C4_D-Ribose,70
46.0,C4_D-Ribose,72
46.25,C4_D-Ribose,72
46.5,C4_D-Ribose,73
46.75,C4_D-Ribose,75
47.0,C4_D-Ribose,69
47.25,C4_D-Ribose,75
47.5,C4_D-Ribose,75
47.75,C4_D-Ribose,74
48.0,C4_D-Ribose,71
48.25,C4_D-Ribose,76
0.0,C5_Tween_20,11
0.25,C5_Tween_20,11
0.5,C5_Tween_20,11
0.75,C5_Tween_20,11
1.0,C5_Tween_20,11
1.25,C5_Tween_20,11
1.5,C5_Tween_20,11
1.75,C5_Tween_20,11
2.0,C5_Tween_20,11
2.25,C5_Tween_20,11
2.5,C5_Tween_20,11
2.75,C5_Tween_20,11
3.0,C5_Tween_20,11
3.25,C5_Tween_20,11
3.5,C5_Tween_20,11
3.75,C5_Tween_20,11
4.0,C5_Tween_20,11
4.25,C5_Tween_20,11
4.5,C5_Tween_20,11
4.75,C5_Tween_20,11
5.0,C5_Tween_20,11
5.25,C5_Tween_20,11
5.5,C5_Tween_20,11
5.75,C5_Tween_20,11
6.0,C5_Tween_20,11
6.25,C5_Tween_20,11
6.5,C5_Tween_20,11
6.75,C5_Tween_20,11
7.0,C5_Tween_20,11
7.25,C5_Tween_20,11
7.5,C5_Tween_20,11
7.75,C5_Tween_20,11
8.0,C5_Tween_20,11
8.25,C5_Tween_20,11
8.5,C5_Tween_20,11
8.75,C5_Tween_20,11
9.0,C5_Tween_20,11
9.25,C5_Tween_20,11
9.5,C5_Tween_20,11
9.75,C5_Tween_20,11
10.0,C5_Tween_20,11
10.25,C5_Tween_20,11
10.5,C5_Tween_20,11
10.75,C5_Tween_20,11
11.0,C5_Tween_20,11
11.25,C5_Tween_20,11
11.5,C5_Tween_20,11
11.75,C5_Tween_20,11
12.0,C5_Tween_20,11
12.25,C5_Tween_20,11
12.5,C5_Tween_20,11
12.75,C5_Tween_20,11
13.0,C5_Tween_20,11
13.25,C5_Tween_20,11
13.5,C5_Tween_20,11
13.75,C5_Tween_20,11
14.0,C5_Tween_20,11
14.25,C5_Tween_20,11
14.5,C5_Tween_20,11
14.75,C5_Tween_20,11
15.0,C5_Tween_20,11
15.25,C5_Tween_20,11
15.5,C5_Tween_20,11
15.75,C5_Tween_20,11
16.0,C5_Tween_20,11
16.25,C5_Tween_20,11
16.5,C5_Tween_20,11
16.75,C5_Tween_20,11
17.0,C5_Tween_20,11
17.25,C5_Tween_20,11
17.5,C5_Tween_20,11
17.75,C5_Tween_20,11
18.0,C5_Tween_20,11
18.25,C5_Tween_20,11
18.5,C5_Tween_20,11
18.75,C5_Tween_20,11
19.0,C5_Tween_20,11
19.25,C5_Tween_20,11
19.5,C5_Tween_20,11
19.75,C5_Tween_20,11
20.0,C5_Tween_20,11
20.25,C5_Tween_20,11
20.5,C5_Tween_20,11
20.75,C5_Tween_20,11
21.0,C5_Tween_20,11
21.25,C5_Tween_20,11
21.5,C5_Tween_20,11
21.75,C5_Tween_20,11
22.0,C5_Tween_20,11
22.25,C5_Tween_20,11
22.5,C5_Tween_20,11
22.75,C5_Tween_20,11
23.0,C5_Tween_20,11
23.25,C5_Tween_20,11
23.5,C5_Tween_20,11
23.75,C5_Tween_20,11
24.0,C5_Tween_20,11
24.25,C5_Tween_20,11
24.5,C5_Tween_20,11
24.75,C5_Tween_20,11
25.0,C5_Tween_20,11
25.25,C5_Tween_20,11
25.5,C5_Tween_20,11
25.75,C5_Tween_20,11
26.0,C5_Tween_20,11
26.25,C5_Tween_20,11
26.5,C5_Tween_20,11
26.75,C5_Tween_20,11
27.0,C5_Tween_20,11
27.25,C5_Tween_20,11
27.5,C5_Tween_20,11
27.75,C5_Tween_20,11
28.0,C5_Tween_20,11
28.25,C5_Tween_20,11
28.5,C5_Tween_20,11
28.75,C5_Tween_20,11
29.0,C5_Tween_20,11
29.25,C5_Tween_20,11
29.5,C5_Tween_20,11
29.75,C5_Tween_20,11
30.0,C5_Tween_20,11
30.25,C5_Tween_20,11
30.5,C5_Tween_20,11
30.75,C5_Tween_20,11
31.0,C5_Tween_20,11
31.25,C5_Tween_20,11
31.5,C5_Tween_20,11
31.75,C5_Tween_20,11
32.0,C5_Tween_20,11
32.25,C5_Tween_20,11
32.5,C5_Tween_20,11
32.75,C5_Tween_20,11
33.0,C5_Tween_20,11
33.25,C5_Tween_20,11
33.5,C5_Tween_20,11
33.75,C5_Tween_20,11
34.0,C5_Tween_20,11
34.25,C5_Tween_20,11
34.5,C5_Tween_20,11
34.75,C5_Tween_20,11
35.0,C5_Tween_20,11
35.25,C5_Tween_20,11
35.5,C5_Tween_20,11
35.75,C5_Tween_20,11
36.0,C5_Tween_20,11
36.25,C5_Tween_20,11
36.5,C5_Tween_20,11
36.75,C5_Tween_20,11
37.0,C5_Tween_20,11
37.25,C5_Tween_20,11
37.5,C5_Tween_20,11
37.75,C5_Tween_20,11
38.0,C5_Tween_20,11
38.25,C5_Tween_20,11
38.5,C5_Tween_20,11
38.75,C5_Tween_20,11
39.0,C5_Tween_20,11
39.25,C5_Tween_20,11
39.5,C5_Tween_20,11
39.75,C5_Tween_20,11
40.0,C5_Tween_20,11
40.25,C5_Tween_20,11
40.5,C5_Tween_20,11
40.75,C5_Tween_20,11
41.0,C5_Tween_20,11
41.25,C5_Tween_20,11
41.5,C5_Tween_20,11
41.75,C5_Tween_20,11
42.0,C5_Tween_20,11
42.25,C5_Tween_20,11
42.5,C5_Tween_20,11
42.75,C5_Tween_20,11
43.0,C5_Tween_20,11
43.25,C5_Tween_20,11
43.5,C5_Tween_20,11
43.75,C5_Tween_20,11
44.0,C5_Tween_20,11
44.25,C5_Tween_20,11
44.5,C5_Tween_20,11
44.75,C5_Tween_20,11
45.0,C5_Tween_20,11
45.25,C5_Tween_20,11
45.5,C5_Tween_20,11
45.75,C5_Tween_20,11
46.0,C5_Tween_20,11
46.25,C5_Tween_20,11
46.5,C5_Tween_20,11
46.75,C5_Tween_20,11
47.0,C5_Tween_20,11
47.25,C5_Tween_20,11
47.5,C5_Tween_20,11
47.75,C5_Tween_20,11
48.0,C5_Tween_20,11
48.25,C5_Tween_20,11
0.0,C6_L-Rhamnose,11
0.25,C6_L-Rhamnose,11
0.5,C6_L-Rhamnose,11
0.75,C6_L-Rhamnose,11
1.0,C6_L-Rhamnose,11
1.25,C6_L-Rhamnose,11
1.5,C6_L-Rhamnose,11
1.75,C6_L-Rhamnose,11
2.0,C6_L-Rhamnose,11
2.25,C6_L-Rhamnose,11
2.5,C6_L-Rhamnose,11
2.75,C6_L-Rhamnose,11
3.0,C6_L-Rhamnose,11
3.25,C6_L-Rhamnose,11
3.5,C6_L-Rhamnose,11
3.75,C6_L-Rhamnose,11
4.0,C6_L-Rhamnose,11
4.25,C6_L-Rhamnose,11
4.5,C6_L-Rhamnose,11
4.75,C6_L-Rhamnose,11
5.0,C6_L-Rhamnose,11
5.25,C6_L-Rhamnose,11
5.5,C6_L-Rhamnose,11
5.75,C6_L-Rhamnose,11
6.0,C6_L-Rhamnose,11
6.25,C6_L-Rhamnose,11
6.5,C6_L-Rhamnose,11
6.75,C6_L-Rhamnose,11
7.0,C6_L-Rhamnose,11
7.25,C6_L-Rhamnose,11
7.5,C6_L-Rhamnose,11
7.75,C6_L-Rhamnose,11
8.0,C6_L-Rhamnose,11
8.25,C6_L-Rhamnose,11
8.5,C6_L-Rhamnose,11
8.75,C6_L-Rhamnose,11
9.0,C6_L-Rhamnose,11
9.25,C6_L-Rhamnose,11
9.5,C6_L-Rhamnose,11
9.75,C6_L-Rhamnose,11
10.0,C6_L-Rhamnose,11
10.25,C6_L-Rhamnose,11
10.5,C6_L-Rhamnose,11
10.75,C6_L-Rhamnose,11
11.0,C6_L-Rhamnose,11
11.25,C6_L-Rhamnose,11
11.5,C6_L-Rhamnose,11
11.75,C6_L-Rhamnose,11
12.0,C6_L-Rhamnose,11
12.25,C6_L-Rhamnose,11
12.5,C6_L-Rhamnose,11
12.75,C6_L-Rhamnose,11
13.0,C6_L-Rhamnose,11
13.25,C6_L-Rhamnose,11
13.5,C6_L-Rhamnose,11
13.75,C6_L-Rhamnose,11
14.0,C6_L-Rhamnose,11
14.25,C6_L-Rhamnose,11
14.5,C6_L-Rhamnose,11
14.75,C6_L-Rhamnose,11
15.0,C6_L-Rhamnose,11
15.25,C6_L-Rhamnose,11
15.5,C6_L-Rhamnose,11
15.75,C6_L-Rhamnose,11
16.0,C6_L-Rhamnose,11
16.25,C6_L-Rhamnose,11
16.5,C6_L-Rhamnose,11
16.75,C6_L-Rhamnose,11
17.0,C6_L-Rhamnose,11
17.25,C6_L-Rhamnose,11
17.5,C6_L-Rhamnose,11
17.75,C6_L-Rhamnose,11
18.0,C6_L-Rhamnose,11
18.25,C6_L-Rhamnose,11
18.5,C6_L-Rhamnose,11
18.75,C6_L-Rhamnose,11
19.0,C6_L-Rhamnose,11
19.25,C6_L-Rhamnose,11
19.5,C6_L-Rhamnose,11
19.75,C6_L-Rhamnose,11
20.0,C6_L-Rhamnose,11
20.25,C6_L-Rhamnose,11
20.5,C6_L-Rhamnose,11
20.75,C6_L-Rhamnose,11
21.0,C6_L-Rhamnose,11
21.25,C6_L-Rhamnose,11
21.5,C6_L-Rhamnose,11
21.75,C6_L-Rhamnose,11
22.0,C6_L-Rhamnose,11
22.25,C6_L-Rhamnose,11
22.5,C6_L-Rhamnose,13
22.75,C6_L-Rhamnose,11
23.0,C6_L-Rhamnose,11
23.25,C6_L-Rhamnose,11
23.5,C6_L-Rhamnose,11
23.75,C6_L-Rhamnose,11
24.0,C6_L-Rhamnose,11
24.25,C6_L-Rhamnose,11
24.5,C6_L-Rhamnose,11
24.75,C6_L-Rhamnose,11
25.0,C6_L-Rhamnose,11
25.25,C6_L-Rhamnose,11
25.5,C6_L-Rhamnose,11
25.75,C6_L-Rhamnose,11
26.0,C6_L-Rhamnose,11
26.25,C6_L-Rhamnose,11
26.5,C6_L-Rhamnose,11
26.75,C6_L-Rhamnose,15
27.0,C6_L-Rhamnose,13
27.25,C6_L-Rhamnose,14
27.5,C6_L-Rhamnose,11
27.75,C6_L-Rhamnose,11
28.0,C6_L-Rhamnose,11
28.25,C6_L-Rhamnose,12
28.5,C6_L-Rhamnose,14
28.75,C6_L-Rhamnose,11
29.0,C6_L-Rhamnose,16
29.25,C6_L-Rhamnose,13
29.5,C6_L-Rhamnose,12
29.75,C6_L-Rhamnose,15
30.0,C6_L-Rhamnose,11
30.25,C6_L-Rhamnose,13
30.5,C6_L-Rhamnose,12
30.75,C6_L-Rhamnose,13
31.0,C6_L-Rhamnose,11
31.25,C6_L-Rhamnose,12
31.5,C6_L-Rhamnose,17
31.75,C6_L-Rhamnose,11
32.0,C6_L-Rhamnose,14
32.25,C6_L-Rhamnose,14
32.5,C6_L-Rhamnose,16
32.75,C6_L-Rhamnose,11
33.0,C6_L-Rhamnose,11
33.25,C6_L-Rhamnose,14
33.5,C6_L-Rhamnose,13
33.75,C6_L-Rhamnose,15
34.0,C6_L-Rhamnose,16
34.25,C6_L-Rhamnose,13
34.5,C6_L-Rhamnose,16
34.75,C6_L-Rhamnose,11
35.0,C6_L-Rhamnose,13
35.25,C6_L-Rhamnose,14
35.5,C6_L-Rhamnose,16
35.75,C6_L-Rhamnose,14
36.0,C6_L-Rhamnose,19
36.25,C6_L-Rhamnose,11
36.5,C6_L-Rhamnose,14
36.75,C6_L-Rhamnose,17
37.0,C6_L-Rhamnose,18
37.25,C6_L-Rhamnose,12
37.5,C6_L-Rhamnose,14
37.75,C6_L-Rhamnose,15
38.0,C6_L-Rhamnose,19
38.25,C6_L-Rhamnose,13
38.5,C6_L-Rhamnose,15
38.75,C6_L-Rhamnose,16
39.0,C6_L-Rhamnose,21
39.25,C6_L-Rhamnose,16
39.5,C6_L-Rhamnose,13
39.75,C6_L-Rhamnose,12
40.0,C6_L-Rhamnose,14
40.25,C6_L-Rhamnose,15
40.5,C6_L-Rhamnose,11
40.75,C6_L-Rhamnose,14
41.0,C6_L-Rhamnose,17
41.25,C6_L-Rhamnose,21
41.5,C6_L-Rhamnose,15
41.75,C6_L-Rhamnose,17
42.0,C6_L-Rhamnose,15
42.25,C6_L-Rhamnose,15
42.5,C6_L-Rhamnose,15
42.75,C6_L-Rhamnose,18
43.0,C6_L-Rhamnose,16
43.25,C6_L-Rhamnose,16
43.5,C6_L-Rhamnose,16
43.75,C6_L-Rhamnose,16
44.0,C6_L-Rhamnose,15
44.25,C6_L-Rhamnose,15
44.5,C6_L-Rhamnose,13
44.75,C6_L-Rhamnose,11
45.0,C6_L-Rhamnose,18
45.25,C6_L-Rhamnose,11
45.5,C6_L-Rhamnose,17
45.75,C6_L-Rhamnose,19
46.0,C6_L-Rhamnose,15
46.25,C6_L-Rhamnose,14
46.5,C6_L-Rhamnose,18
46.75,C6_L-Rhamnose,16
47.0,C6_L-Rhamnose,13
47.25,C6_L-Rhamnose,14
47.5,C6_L-Rhamnose,12
47.75,C6_L-Rhamnose,15
48.0,C6_L-Rhamnose,16
48.25,C6_L-Rhamnose,11
0.0,C7_D-Fructose,11
0.25,C7_D-Fructose,11
0.5,C7_D-Fructose,11
0.75,C7_D-Fructose,11
1.0,C7_D-Fructose,11
1.25,C7_D-Fructose,11
1.5,C7_D-Fructose,11
1.75,C7_D-Fructose,11
2.0,C7_D-Fructose,11
2.25,C7_D-Fructose,11
2.5,C7_D-Fructose,11
2.75,C7_D-Fructose,11
3.0,C7_D-Fructose,11
3.25,C7_D-Fructose,11
3.5,C7_D-Fructose,11
3.75,C7_D-Fructose,11
4.0,C7_D-Fructose,11
4.25,C7_D-Fructose,11
4.5,C7_D-Fructose,11
4.75,C7_D-Fructose,11
5.0,C7_D-Fructose,11
5.25,C7_D-Fructose,11
5.5,C7_D-Fructose,11
5.75,C7_D-Fructose,11
6.0,C7_D-Fructose,11
6.25,C7_D-Fructose,11
6.5,C7_D-Fructose,11
6.75,C7_D-Fructose,11
7.0,C7_D-Fructose,11
7.25,C7_D-Fructose,11
7.5,C7_D-Fructose,11
7.75,C7_D-Fructose,11
8.0,C7_D-Fructose,11
8.25,C7_D-Fructose,11
8.5,C7_D-Fructose,11
8.75,C7_D-Fructose,11
9.0,C7_D-Fructose,11
9.25,C7_D-Fructose,11
9.5,C7_D-Fructose,11
9.75,C7_D-Fructose,11
10.0,C7_D-Fructose,11
10.25,C7_D-Fructose,11
10.5,C7_D-Fructose,11
10.75,C7_D-Fructose,11
11.0,C7_D-Fructose,11
11.25,C7_D-Fructose,11
11.5,C7_D-Fructose,11
11.75,C7_D-Fructose,11
12.0,C7_D-Fructose,11
12.25,C7_D-Fructose,11
12.5,C7_D-Fructose,11
12.75,C7_D-Fructose,11
13.0,C7_D-Fructose,11
13.25,C7_D-Fructose,11
13.5,C7_D-Fructose,11
13.75,C7_D-Fructose,11
14.0,C7_D-Fructose,11
14.25,C7_D-Fructose,11
14.5,C7_D-Fructose,11
14.75,C7_D-Fructose,11
15.0,C7_D-Fructose,11
15.25,C7_D-Fructose,11
15.5,C7_D-Fructose,11
15.75,C7_D-Fructose,11
16.0,C7_D-Fructose,11
16.25,C7_D-Fructose,11
16.5,C7_D-Fructose,11
16.75,C7_D-Fructose,11
17.0,C7_D-Fructose,11
17.25,C7_D-Fructose,11
17.5,C7_D-Fructose,11
17.75,C7_D-Fructose,11
18.0,C7_D-Fructose,11
18.25,C7_D-Fructose,11
18.5,C7_D-Fructose,11
18.75,C7_D-Fructose,11
19.0,C7_D-Fructose,11
19.25,C7_D-Fructose,11
19.5,C7_D-Fructose,11
19.75,C7_D-Fructose,11
20.0,C7_D-Fructose,11
20.25,C7_D-Fructose,11
20.5,C7_D-Fructose,11
20.75,C7_D-Fructose,11
21.0,C7_D-Fructose,11
21.25,C7_D-Fructose,11
21.5,C7_D-Fructose,11
21.75,C7_D-Fructose,11
22.0,C7_D-Fructose,12
22.25,C7_D-Fructose,11
22.5,C7_D-Fructose,11
22.75,C7_D-Fructose,11
23.0,C7_D-Fructose,11
23.25,C7_D-Fructose,11
23.5,C7_D-Fructose,11
23.75,C7_D-Fructose,11
24.0,C7_D-Fructose,11
24.25,C7_D-Fructose,11
24.5,C7_D-Fructose,11
24.75,C7_D-Fructose,11
25.0,C7_D-Fructose,11
25.25,C7_D-Fructose,11
25.5,C7_D-Fructose,12
25.75,C7_D-Fructose,12
26.0,C7_D-Fructose,11
26.25,C7_D-Fructose,12
26.5,C7_D-Fructose,12
26.75,C7_D-Fructose,16
27.0,C7_D-Fructose,11
27.25,C7_D-Fructose,11
27.5,C7_D-Fructose,11
27.75,C7_D-Fructose,11
28.0,C7_D-Fructose,13
28.25,C7_D-Fructose,12
28.5,C7_D-Fructose,14
28.75,C7_D-Fructose,12
29.0,C7_D-Fructose,11
29.25,C7_D-Fructose,11
29.5,C7_D-Fructose,11
29.75,C7_D-Fructose,11
30.0,C7_D-Fructose,13
30.25,C7_D-Fructose,13
30.5,C7_D-Fructose,11
30.75,C7_D-Fructose,11
31.0,C7_D-Fructose,11
31.25,C7_D-Fructose,11
31.5,C7_D-Fructose,12
31.75,C7_D-Fructose,11
32.0,C7_D-Fructose,15
32.25,C7_D-Fructose,12
32.5,C7_D-Fructose,11
32.75,C7_D-Fructose,11
33.0,C7_D-Fructose,13
33.25,C7_D-Fructose,11
33.5,C7_D-Fructose,12
33.75,C7_D-Fructose,13
34.0,C7_D-Fructose,15
34.25,C7_D-Fructose,14
34.5,C7_D-Fructose,14
34.75,C7_D-Fructose,15
35.0,C7_D-Fructose,13
35.25,C7_D-Fructose,13
35.5,C7_D-Fructose,11
35.75,C7_D-Fructose,16
36.0,C7_D-Fructose,16
36.25,C7_D-Fructose,15
36.5,C7_D-Fructose,12
36.75,C7_D-Fructose,13
37.0,C7_D-Fructose,16
37.25,C7_D-Fructose,16
37.5,C7_D-Fructose,15
37.75,C7_D-Fructose,12
38.0,C7_D-Fructose,14
38.25,C7_D-Fructose,14
38.5,C7_D-Fructose,15
38.75,C7_D-Fructose,15
39.0,C7_D-Fructose,14
39.25,C7_D-Fructose,14
39.5,C7_D-Fructose,12
39.75,C7_D-Fructose,11
40.0,C7_D-Fructose,11
40.25,C7_D-Fructose,13
40.5,C7_D-Fructose,11
40.75,C7_D-Fructose,14
41.0,C7_D-Fructose,12
41.25,C7_D-Fructose,15
41.5,C7_D-Fructose,12
41.75,C7_D-Fructose,14
42.0,C7_D-Fructose,16
42.25,C7_D-Fructose,13
42.5,C7_D-Fructose,13
42.75,C7_D-Fructose,13
43.0,C7_D-Fructose,16
43.25,C7_D-Fructose,13
43.5,C7_D-Fructose,14
43.75,C7_D-Fructose,15
44.0,C7_D-Fructose,15
44.25,C7_D-Fructose,14
44.5,C7_D-Fructose,11
44.75,C7_D-Fructose,11
45.0,C7_D-Fructose,15
45.25,C7_D-Fructose,14
45.5,C7_D-Fructose,11
45.75,C7_D-Fructose,15
46.0,C7_D-Fructose,16
46.25,C7_D-Fructose,13
46.5,C7_D-Fructose,18
46.75,C7_D-Fructose,18
47.0,C7_D-Fructose,16
47.25,C7_D-Fructose,11
47.5,C7_D-Fructose,14
47.75,C7_D-Fructose,16
48.0,C7_D-Fructose,18
48.25,C7_D-Fructose,11
0.0,C8_Acetic_Acid,11
0.25,C8_Acetic_Acid,11
0.5,C8_Acetic_Acid,11
0.75,C8_Acetic_Acid,11
1.0,C8_Acetic_Acid,11
1.25,C8_Acetic_Acid,11
1.5,C8_Acetic_Acid,11
1.75,C8_Acetic_Acid,11
2.0,C8_Acetic_Acid,11
2.25,C8_Acetic_Acid,11
2.5,C8_Acetic_Acid,11
2.75,C8_Acetic_Acid,11
3.0,C8_Acetic_Acid,11
3.25,C8_Acetic_Acid,11
3.5,C8_Acetic_Acid,11
3.75,C8_Acetic_Acid,11
4.0,C8_Acetic_Acid,11
4.25,C8_Acetic_Acid,11
4.5,C8_Acetic_Acid,11
4.75,C8_Acetic_Acid,11
5.0,C8_Acetic_Acid,12
5.25,C8_Acetic_Acid,11
5.5,C8_Acetic_Acid,11
5.75,C8_Acetic_Acid,11
6.0,C8_Acetic_Acid,11
6.25,C8_Acetic_Acid,11
6.5,C8_Acetic_Acid,11
6.75,C8_Acetic_Acid,11
7.0,C8_Acetic_Acid,11
7.25,C8_Acetic_Acid,11
7.5,C8_Acetic_Acid,11
7.75,C8_Acetic_Acid,11
8.0,C8_Acetic_Acid,13
8.25,C8_Acetic_Acid,11
8.5,C8_Acetic_Acid,11
8.75,C8_Acetic_Acid,11
9.0,C8_Acetic_Acid,11
9.25,C8_Acetic_Acid,11
9.5,C8_Acetic_Acid,11
9.75,C8_Acetic_Acid,11
10.0,C8_Acetic_Acid,11
10.25,C8_Acetic_Acid,12
10.5,C8_Acetic_Acid,11
10.75,C8_Acetic_Acid,11
11.0,C8_Acetic_Acid,11
11.25,C8_Acetic_Acid,11
11.5,C8_Acetic_Acid,11
11.75,C8_Acetic_Acid,11
12.0,C8_Acetic_Acid,11
12.25,C8_Acetic_Acid,11
12.5,C8_Acetic_Acid,11
12.75,C8_Acetic_Acid,11
13.0,C8_Acetic_Acid,11
13.25,C8_Acetic_Acid,11
13.5,C8_Acetic_Acid,13
13.75,C8_Acetic_Acid,11
14.0,C8_Acetic_Acid,11
14.25,C8_Acetic_Acid,11
14.5,C8_Acetic_Acid,11
14.75,C8_Acetic_Acid,11
15.0,C8_Acetic_Acid,12
15.25,C8_Acetic_Acid,11
15.5,C8_Acetic_Acid,11
15.75,C8_Acetic_Acid,11
16.0,C8_Acetic_Acid,11
16.25,C8_Acetic_Acid,11
16.5,C8_Acetic_Acid,11
16.75,C8_Acetic_Acid,11
17.0,C8_Acetic_Acid,11
17.25,C8_Acetic_Acid,13
17.5,C8_Acetic_Acid,11
17.75,C8_Acetic_Acid,11
18.0,C8_Acetic_Acid,11
18.25,C8_Acetic_Acid,11
18.5,C8_Acetic_Acid,11
18.75,C8_Acetic_Acid,11
19.0,C8_Acetic_Acid,11
19.25,C8_Acetic_Acid,11
19.5,C8_Acetic_Acid,11
19.75,C8_Acetic_Acid,11
20.0,C8_Acetic_Acid,14
20.25,C8_Acetic_Acid,11
20.5,C8_Acetic_Acid,11
20.75,C8_Acetic_Acid,11
21.0,C8_Acetic_Acid,12
21.25,C8_Acetic_Acid,11
21.5,C8_Acetic_Acid,11
21.75,C8_Acetic_Acid,11
22.0,C8_Acetic_Acid,11
22.25,C8_Acetic_Acid,11
22.5,C8_Acetic_Acid,11
22.75,C8_Acetic_Acid,11
23.0,C8_Acetic_Acid,13
23.25,C8_Acetic_Acid,11
23.5,C8_Acetic_Acid,11
23.75,C8_Acetic_Acid,11
24.0,C8_Acetic_Acid,11
24.25,C8_Acetic_Acid,11
24.5,C8_Acetic_Acid,11
24.75,C8_Acetic_Acid,11
25.0,C8_Acetic_Acid,11
25.25,C8_Acetic_Acid,11
25.5,C8_Acetic_Acid,11
25.75,C8_Acetic_Acid,11
26.0,C8_Acetic_Acid,11
26.25,C8_Acetic_Acid,11
26.5,C8_Acetic_Acid,11
26.75,C8_Acetic_Acid,11
27.0,C8_Acetic_Acid,11
27.25,C8_Acetic_Acid,11
27.5,C8_Acetic_Acid,11
27.75,C8_Acetic_Acid,11
28.0,C8_Acetic_Acid,11
28.25,C8_Acetic_Acid,11
28.5,C8_Acetic_Acid,11
28.75,C8_Acetic_Acid,11
29.0,C8_Acetic_Acid,11
29.25,C8_Acetic_Acid,11
29.5,C8_Acetic_Acid,15
29.75,C8_Acetic_Acid,11
30.0,C8_Acetic_Acid,11
30.25,C8_Acetic_Acid,12
30.5,C8_Acetic_Acid,11
30.75,C8_Acetic_Acid,11
31.0,C8_Acetic_Acid,11
31.25,C8_Acetic_Acid,14
31.5,C8_Acetic_Acid,12
31.75,C8_Acetic_Acid,13
32.0,C8_Acetic_Acid,12
32.25,C8_Acetic_Acid,12
32.5,C8_Acetic_Acid,11
32.75,C8_Acetic_Acid,11
33.0,C8_Acetic_Acid,12
33.25,C8_Acetic_Acid,11
33.5,C8_Acetic_Acid,14
33.75,C8_Acetic_Acid,13
34.0,C8_Acetic_Acid,11
34.25,C8_Acetic_Acid,11
34.5,C8_Acetic_Acid,16
34.75,C8_Acetic_Acid,14
35.0,C8_Acetic_Acid,15
35.25,C8_Acetic_Acid,15
35.5,C8_Acetic_Acid,12
35.75,C8_Acetic_Acid,11
36.0,C8_Acetic_Acid,11
36.25,C8_Acetic_Acid,12
36.5,C8_Acetic_Acid,12
36.75,C8_Acetic_Acid,12
37.0,C8_Acetic_Acid,16
37.25,C8_Acetic_Acid,11
37.5,C8_Acetic_Acid,11
37.75,C8_Acetic_Acid,15
38.0,C8_Acetic_Acid,11
38.25,C8_Acetic_Acid,15
38.5,C8_Acetic_Acid,15
38.75,C8_Acetic_Acid,18
39.0,C8_Acetic_Acid,16
39.25,C8_Acetic_Acid,17
39.5,C8_Acetic_Acid,13
39.75,C8_Acetic_Acid,13
40.0,C8_Acetic_Acid,14
40.25,C8_Acetic_Acid,12
40.5,C8_Acetic_Acid,14
40.75,C8_Acetic_Acid,17
41.0,C8_Acetic_Acid,15
41.25,C8_Acetic_Acid,15
41.5,C8_Acetic_Acid,14
41.75,C8_Acetic_Acid,11
42.0,C8_Acetic_Acid,20
42.25,C8_Acetic_Acid,19
42.5,C8_Acetic_Acid,18
42.75,C8_Acetic_Acid,15
43.0,C8_Acetic_Acid,16
43.25,C8_Acetic_Acid,16
43.5,C8_Acetic_Acid,12
43.75,C8_Acetic_Acid,18
44.0,C8_Acetic_Acid,19
44.25,C8_Acetic_Acid,14
44.5,C8_Acetic_Acid,15
44.75,C8_Acetic_Acid,17
45.0,C8_Acetic_Acid,13
45.25,C8_Acetic_Acid,18
45.5,C8_Acetic_Acid,18
45.75,C8_Acetic_Acid,17
46.0,C8_Acetic_Acid,16
46.25,C8_Acetic_Acid,19
46.5,C8_Acetic_Acid,16
46.75,C8_Acetic_Acid,19
47.0,C8_Acetic_Acid,21
47.25,C8_Acetic_Acid,20
47.5,C8_Acetic_Acid,22
47.75,C8_Acetic_Acid,23
48.0,C8_Acetic_Acid,16
48.25,C8_Acetic_Acid,16
0.0,C9_a-D-Glucose,11
0.25,C9_a-D-Glucose,11
0.5,C9_a-D-Glucose,11
0.75,C9_a-D-Glucose,11
1.0,C9_a-D-Glucose,11
1.25,C9_a-D-Glucose,11
1.5,C9_a-D-Glucose,11
1.75,C9_a-D-Glucose,11
2.0,C9_a-D-Glucose,11
2.25,C9_a-D-Glucose,11
2.5,C9_a-D-Glucose,11
2.75,C9_a-D-Glucose,11
3.0,C9_a-D-Glucose,11
3.25,C9_a-D-Glucose,11
3.5,C9_a-D-Glucose,11
3.75,C9_a-D-Glucose,11
4.0,C9_a-D-Glucose,11
4.25,C9_a-D-Glucose,11
4.5,C9_a-D-Glucose,11
4.75,C9_a-D-Glucose,11
5.0,C9_a-D-Glucose,11
5.25,C9_a-D-Glucose,11
5.5,C9_a-D-Glucose,11
5.75,C9_a-D-Glucose,11
6.0,C9_a-D-Glucose,11
6.25,C9_a-D-Glucose,11
6.5,C9_a-D-Glucose,11
6.75,C9_a-D-Glucose,11
7.0,C9_a-D-Glucose,11
7.25,C9_a-D-Glucose,11
7.5,C9_a-D-Glucose,11
7.75,C9_a-D-Glucose,11
8.0,C9_a-D-Glucose,11
8.25,C9_a-D-Glucose,11
8.5,C9_a-D-Glucose,11
8.75,C9_a-D-Glucose,11
9.0,C9_a-D-Glucose,11
9.25,C9_a-D-Glucose,11
9.5,C9_a-D-Glucose,11
9.75,C9_a-D-Glucose,11
10.0,C9_a-D-Glucose,11
10.25,C9_a-D-Glucose,11
10.5,C9_a-D-Glucose,12
10.75,C9_a-D-Glucose,11
11.0,C9_a-D-Glucose,11
11.25,C9_a-D-Glucose,15
11.5,C9_a-D-Glucose,15
11.75,C9_a-D-Glucose,11
12.0,C9_a-D-Glucose,11
12.25,C9_a-D-Glucose,11
12.5,C9_a-D-Glucose,11
12.75,C9_a-D-Glucose,11
13.0,C9_a-D-Glucose,12
13.25,C9_a-D-Glucose,11
13.5,C9_a-D-Glucose,11
13.75,C9_a-D-Glucose,11
14.0,C9_a-D-Glucose,11
14.25,C9_a-D-Glucose,11
14.5,C9_a-D-Glucose,11
14.75,C9_a-D-Glucose,13
15.0,C9_a-D-Glucose,11
15.25,C9_a-D-Glucose,12
15.5,C9_a-D-Glucose,11
15.75,C9_a-D-Glucose,11
16.0,C9_a-D-Glucose,11
16.25,C9_a-D-Glucose,11
16.5,C9_a-D-Glucose,11
16.75,C9_a-D-Glucose,11
17.0,C9_a-D-Glucose,11
17.25,C9_a-D-Glucose,12
17.5,C9_a-D-Glucose,12
17.75,C9_a-D-Glucose,15
18.0,C9_a-D-Glucose,12
18.25,C9_a-D-Glucose,11
18.5,C9_a-D-Glucose,11
18.75,C9_a-D-Glucose,12
19.0,C9_a-D-Glucose,11
19.25,C9_a-D-Glucose,14
19.5,C9_a-D-Glucose,11
19.75,C9_a-D-Glucose,11
20.0,C9_a-D-Glucose,12
20.25,C9_a-D-Glucose,17
20.5,C9_a-D-Glucose,13
20.75,C9_a-D-Glucose,14
21.0,C9_a-D-Glucose,13
21.25,C9_a-D-Glucose,12
21.5,C9_a-D-Glucose,12
21.75,C9_a-D-Glucose,13
22.0,C9_a-D-Glucose,15
22.25,C9_a-D-Glucose,12
22.5,C9_a-D-Glucose,19
22.75,C9_a-D-Glucose,15
23.0,C9_a-D-Glucose,15
23.25,C9_a-D-Glucose,15
23.5,C9_a-D-Glucose,16
23.75,C9_a-D-Glucose,14
24.0,C9_a-D-Glucose,18
24.25,C9_a-D-Glucose,15
24.5,C9_a-D-Glucose,13
24.75,C9_a-D-Glucose,15
25.0,C9_a-D-Glucose,18
25.25,C9_a-D-Glucose,19
25.5,C9_a-D-Glucose,12
25.75,C9_a-D-Glucose,18
26.0,C9_a-D-Glucose,15
26.25,C9_a-D-Glucose,12
26.5,C9_a-D-Glucose,16
26.75,C9_a-D-Glucose,14
27.0,C9_a-D-Glucose,15
27.25,C9_a-D-Glucose,16
27.5,C9_a-D-Glucose,17
27.75,C9_a-D-Glucose,17
28.0,C9_a-D-Glucose,14
28.25,C9_a-D-Glucose,15
28.5,C9_a-D-Glucose,16
28.75,C9_a-D-Glucose,14
29.0,C9_a-D-Glucose,17
29.25,C9_a-D-Glucose,14
29.5,C9_a-D-Glucose,12
29.75,C9_a-D-Glucose,15
30.0,C9_a-D-Glucose,17
30.25,C9_a-D-Glucose,18
30.5,C9_a-D-Glucose,16
30.75,C9_a-D-Glucose,17
31.0,C9_a-D-Glucose,16
31.25,C9_a-D-Glucose,16
31.5,C9_a-D-Glucose,16
31.75,C9_a-D-Glucose,12
32.0,C9_a-D-Glucose,14
32.25,C9_a-D-Glucose,18
32.5,C9_a-D-Glucose,14
32.75,C9_a-D-Glucose,15
33.0,C9_a-D-Glucose,20
33.25,C9_a-D-Glucose,13
33.5,C9_a-D-Glucose,20
33.75,C9_a-D-Glucose,15
34.0,C9_a-D-Glucose,18
34.25,C9_a-D-Glucose,13
34.5,C9_a-D-Glucose,15
34.75,C9_a-D-Glucose,12
35.0,C9_a-D-Glucose,19
35.25,C9_a-D-Glucose,15
35.5,C9_a-D-Glucose,16
35.75,C9_a-D-Glucose,15
36.0,C9_a-D-Glucose,12
36.25,C9_a-D-Glucose,11
36.5,C9_a-D-Glucose,18
36.75,C9_a-D-Glucose,17
37.0,C9_a-D-Glucose,12
37.25,C9_a-D-Glucose,16
37.5,C9_a-D-Glucose,17
37.75,C9_a-D-Glucose,16
38.0,C9_a-D-Glucose,15
38.25,C9_a-D-Glucose,15
38.5,C9_a-D-Glucose,14
38.75,C9_a-D-Glucose,18
39.0,C9_a-D-Glucose,15
39.25,C9_a-D-Glucose,16
39.5,C9_a-D-Glucose,18
39.75,C9_a-D-Glucose,17
40.0,C9_a-D-Glucose,14
40.25,C9_a-D-Glucose,14
40.5,C9_a-D-Glucose,14
40.75,C9_a-D-Glucose,17
41.0,C9_a-D-Glucose,11
41.25,C9_a-D-Glucose,18
41.5,C9_a-D-Glucose,18
41.75,C9_a-D-Glucose,13
42.0,C9_a-D-Glucose,19
42.25,C9_a-D-Glucose,17
42.5,C9_a-D-Glucose,16
42.75,C9_a-D-Glucose,13
43.0,C9_a-D-Glucose,17
43.25,C9_a-D-Glucose,15
43.5,C9_a-D-Glucose,16
43.75,C9_a-D-Glucose,14
44.0,C9_a-D-Glucose,13
44.25,C9_a-D-Glucose,11
44.5,C9_a-D-Glucose,14
44.75,C9_a-D-Glucose,16
45.0,C9_a-D-Glucose,12
45.25,C9_a-D-Glucose,16
45.5,C9_a-D-Glucose,16
45.75,C9_a-D-Glucose,15
46.0,C9_a-D-Glucose,16
46.25,C9_a-D-Glucose,18
46.5,C9_a-D-Glucose,16
46.75,C9_a-D-Glucose,19
47.0,C9_a-D-Glucose,16
47.25,C9_a-D-Glucose,15
47.5,C9_a-D-Glucose,20
47.75,C9_a-D-Glucose,14
48.0,C9_a-D-Glucose,21
48.25,C9_a-D-Glucose,19
0.0,C10_Maltose,11
0.25,C10_Maltose,11
0.5,C10_Maltose,11
0.75,C10_Maltose,15
1.0,C10_Maltose,11
1.25,C10_Maltose,11
1.5,C10_Maltose,11
1.75,C10_Maltose,11
2.0,C10_Maltose,11
2.25,C10_Maltose,11
2.5,C10_Maltose,11
2.75,C10_Maltose,11
3.0,C10_Maltose,11
3.25,C10_Maltose,11
3.5,C10_Maltose,11
3.75,C10_Maltose,11
4.0,C10_Maltose,11
4.25,C10_Maltose,11
4.5,C10_Maltose,11
4.75,C10_Maltose,14
5.0,C10_Maltose,12
5.25,C10_Maltose,11
5.5,C10_Maltose,11
5.75,C10_Maltose,11
6.0,C10_Maltose,11
6.25,C10_Maltose,11
6.5,C10_Maltose,11
6.75,C10_Maltose,11
7.0,C10_Maltose,11
7.25,C10_Maltose,15
7.5,C10_Maltose,11
7.75,C10_Maltose,11
8.0,C10_Maltose,12
8.25,C10_Maltose,11
8.5,C10_Maltose,11
8.75,C10_Maltose,13
9.0,C10_Maltose,11
9.25,C10_Maltose,11
9.5,C10_Maltose,11
9.75,C10_Maltose,11
10.0,C10_Maltose,11
10.25,C10_Maltose,11
10.5,C10_Maltose,12
10.75,C10_Maltose,11
11.0,C10_Maltose,13
11.25,C10_Maltose,11
11.5,C10_Maltose,15
11.75,C10_Maltose,11
12.0,C10_Maltose,11
12.25,C10_Maltose,11
12.5,C10_Maltose,12
12.75,C10_Maltose,12
13.0,C10_Maltose,11
13.25,C10_Maltose,11
13.5,C10_Maltose,18
13.75,C10_Maltose,14
14.0,C10_Maltose,11
14.25,C10_Maltose,12
14.5,C10_Maltose,14
14.75,C10_Maltose,18
15.0,C10_Maltose,11
15.25,C10_Maltose,13
15.5,C10_Maltose,11
15.75,C10_Maltose,16
16.0,C10_Maltose,16
16.25,C10_Maltose,16
16.5,C10_Maltose,11
16.75,C10_Maltose,17
17.0,C10_Maltose,19
17.25,C10_Maltose,18
17.5,C10_Maltose,19
17.75,C10_Maltose,20
18.0,C10_Maltose,20
18.25,C10_Maltose,17
18.5,C10_Maltose,20
18.75,C10_Maltose,22
19.0,C10_Maltose,17
19.25,C10_Maltose,18
19.5,C10_Maltose,23
19.75,C10_Maltose,17
20.0,C10_Maltose,21
20.25,C10_Maltose,22
20.5,C10_Maltose,19
20.75,C10_Maltose,20
21.0,C10_Maltose,20
21.25,C10_Maltose,21
21.5,C10_Maltose,23
21.75,C10_Maltose,19
22.0,C10_Maltose,25
22.25,C10_Maltose,23
22.5,C10_Maltose,22
22.75,C10_Maltose,25
23.0,C10_Maltose,23
23.25,C10_Maltose,23
23.5,C10_Maltose,23
23.75,C10_Maltose,22
24.0,C10_Maltose,22
24.25,C10_Maltose,25
24.5,C10_Maltose,24
24.75,C10_Maltose,21
25.0,C10_Maltose,25
25.25,C10_Maltose,25
25.5,C10_Maltose,24
25.75,C10_Maltose,27
26.0,C10_Maltose,32
26.25,C10_Maltose,32
26.5,C10_Maltose,25
26.75,C10_Maltose,26
27.0,C10_Maltose,28
27.25,C10_Maltose,30
27.5,C10_Maltose,30
27.75,C10_Maltose,28
28.0,C10_Maltose,28
28.25,C10_Maltose,29
28.5,C10_Maltose,32
28.75,C10_Maltose,32
29.0,C10_Maltose,31
29.25,C10_Maltose,32
29.5,C10_Maltose,33
29.75,C10_Maltose,29
30.0,C10_Maltose,32
30.25,C10_Maltose,33
30.5,C10_Maltose,33
30.75,C10_Maltose,34
31.0,C10_Maltose,32
31.25,C10_Maltose,34
31.5,C10_Maltose,35
31.75,C10_Maltose,36
32.0,C10_Maltose,34
32.25,C10_Maltose,33
32.5,C10_Maltose,32
32.75,C10_Maltose,36
33.0,C10_Maltose,33
33.25,C10_Maltose,38
33.5,C10_Maltose,33
33.75,C10_Maltose,38
34.0,C10_Maltose,34
34.25,C10_Maltose,35
34.5,C10_Maltose,36
34.75,C10_Maltose,39
35.0,C10_Maltose,36
35.25,C10_Maltose,38
35.5,C10_Maltose,42
35.75,C10_Maltose,38
36.0,C10_Maltose,41
36.25,C10_Maltose,42
36.5,C10_Maltose,40
36.75,C10_Maltose,40
37.0,C10_Maltose,41
37.25,C10_Maltose,40
37.5,C10_Maltose,40
37.75,C10_Maltose,45
38.0,C10_Maltose,43
38.25,C10_Maltose,43
38.5,C10_Maltose,42
38.75,C10_Maltose,44
39.0,C10_Maltose,44
39.25,C10_Maltose,46
39.5,C10_Maltose,40
39.75,C10_Maltose,50
40.0,C10_Maltose,47
40.25,C10_Maltose,47
40.5,C10_Maltose,44
40.75,C10_Maltose,46
41.0,C10_Maltose,46
41.25,C10_Maltose,51
41.5,C10_Maltose,51
41.75,C10_Maltose,48
42.0,C10_Maltose,53
42.25,C10_Maltose,51
42.5,C10_Maltose,52
42.75,C10_Maltose,51
43.0,C10_Maltose,48
43.25,C10_Maltose,50
43.5,C10_Maltose,51
43.75,C10_Maltose,53
44.0,C10_Maltose,51
44.25,C10_Maltose,54
44.5,C10_Maltose,56
44.75,C10_Maltose,50
45.0,C10_Maltose,52
45.25,C10_Maltose,55
45.5,C10_Maltose,56
45.75,C10_Maltose,58
46.0,C10_Maltose,54
46.25,C10_Maltose,61
46.5,C10_Maltose,61
46.75,C10_Maltose,58
47.0,C10_Maltose,59
47.25,C10_Maltose,57
47.5,C10_Maltose,57
47.75,C10_Maltose,58
48.0,C10_Maltose,57
48.25,C10_Maltose,62
0.0,C11_D-Melibiose,11
0.25,C11_D-Melibiose,11
0.5,C11_D-Melibiose,11
0.75,C11_D-Melibiose,13
1.0,C11_D-Melibiose,11
1.25,C11_D-Melibiose,11
1.5,C11_D-Melibiose,11
1.75,C11_D-Melibiose,13
2.0,C11_D-Melibiose,15
2.25,C11_D-Melibiose,13
2.5,C11_D-Melibiose,12
2.75,C11_D-Melibiose,13
3.0,C11_D-Melibiose,11
3.25,C11_D-Melibiose,11
3.5,C11_D-Melibiose,11
3.75,C11_D-Melibiose,11
4.0,C11_D-Melibiose,11
4.25,C11_D-Melibiose,11
4.5,C11_D-Melibiose,11
4.75,C11_D-Melibiose,11
5.0,C11_D-Melibiose,13
5.25,C11_D-Melibiose,11
5.5,C11_D-Melibiose,14
5.75,C11_D-Melibiose,11
6.0,C11_D-Melibiose,11
6.25,C11_D-Melibiose,13
6.5,C11_D-Melibiose,11
6.75,C11_D-Melibiose,12
7.0,C11_D-Melibiose,11
7.25,C11_D-Melibiose,11
7.5,C11_D-Melibiose,11
7.75,C11_D-Melibiose,11
8.0,C11_D-Melibiose,18
8.25,C11_D-Melibiose,16
8.5,C11_D-Melibiose,13
8.75,C11_D-Melibiose,13
9.0,C11_D-Melibiose,11
9.25,C11_D-Melibiose,16
9.5,C11_D-Melibiose,13
9.75,C11_D-Melibiose,11
10.0,C11_D-Melibiose,11
10.25,C11_D-Melibiose,13
10.5,C11_D-Melibiose,16
10.75,C11_D-Melibiose,16
11.0,C11_D-Melibiose,20
11.25,C11_D-Melibiose,12
11.5,C11_D-Melibiose,15
11.75,C11_D-Melibiose,11
12.0,C11_D-Melibiose,14
12.25,C11_D-Melibiose,12
12.5,C11_D-Melibiose,14
12.75,C11_D-Melibiose,12
13.0,C11_D-Melibiose,14
13.25,C11_D-Melibiose,12
13.5,C11_D-Melibiose,16
13.75,C11_D-Melibiose,17
14.0,C11_D-Melibiose,12
14.25,C11_D-Melibiose,14
14.5,C11_D-Melibiose,14
14.75,C11_D-Melibiose,22
15.0,C11_D-Melibiose,18
15.25,C11_D-Melibiose,14
15.5,C11_D-Melibiose,14
15.75,C11_D-Melibiose,15
16.0,C11_D-Melibiose,19
16.25,C11_D-Melibiose,15
16.5,C11_D-Melibiose,14
16.75,C11_D-Melibiose,14
17.0,C11_D-Melibiose,17
17.25,C11_D-Melibiose,13
17.5,C11_D-Melibiose,15
17.75,C11_D-Melibiose,12
18.0,C11_D-Melibiose,16
18.25,C11_D-Melibiose,17
18.5,C11_D-Melibiose,19
18.75,C11_D-Melibiose,16
19.0,C11_D-Melibiose,14
19.25,C11_D-Melibiose,15
19.5,C11_D-Melibiose,15
19.75,C11_D-Melibiose,12
20.0,C11_D-Melibiose,17
20.25,C11_D-Melibiose,13
20.5,C11_D-Melibiose,17
20.75,C11_D-Melibiose,17
21.0,C11_D-Melibiose,16
21.25,C11_D-Melibiose,16
21.5,C11_D-Melibiose,16
21.75,C11_D-Melibiose,18
22.0,C11_D-Melibiose,16
22.25,C11_D-Melibiose,16
22.5,C11_D-Melibiose,17
22.75,C11_D-Melibiose,16
23.0,C11_D-Melibiose,15
23.25,C11_D-Melibiose,15
23.5,C11_D-Melibiose,15
23.75,C11_D-Melibiose,18
24.0,C11_D-Melibiose,18
24.25,C11_D-Melibiose,17
24.5,C11_D-Melibiose,16
24.75,C11_D-Melibiose,16
25.0,C11_D-Melibiose,16
25.25,C11_D-Melibiose,18
25.5,C11_D-Melibiose,17
25.75,C11_D-Melibiose,16
26.0,C11_D-Melibiose,18
26.25,C11_D-Melibiose,20
26.5,C11_D-Melibiose,18
26.75,C11_D-Melibiose,17
27.0,C11_D-Melibiose,21
27.25,C11_D-Melibiose,20
27.5,C11_D-Melibiose,21
27.75,C11_D-Melibiose,19
28.0,C11_D-Melibiose,19
28.25,C11_D-Melibiose,20
28.5,C11_D-Melibiose,16
28.75,C11_D-Melibiose,19
29.0,C11_D-Melibiose,20
29.25,C11_D-Melibiose,21
29.5,C11_D-Melibiose,22
29.75,C11_D-Melibiose,22
30.0,C11_D-Melibiose,17
30.25,C11_D-Melibiose,22
30.5,C11_D-Melibiose,17
30.75,C11_D-Melibiose,18
31.0,C11_D-Melibiose,24
31.25,C11_D-Melibiose,22
31.5,C11_D-Melibiose,22
31.75,C11_D-Melibiose,25
32.0,C11_D-Melibiose,23
32.25,C11_D-Melibiose,22
32.5,C11_D-Melibiose,21
32.75,C11_D-Melibiose,19
33.0,C11_D-Melibiose,17
33.25,C11_D-Melibiose,17
33.5,C11_D-Melibiose,17
33.75,C11_D-Melibiose,21
34.0,C11_D-Melibiose,23
34.25,C11_D-Melibiose,26
34.5,C11_D-Melibiose,22
34.75,C11_D-Melibiose,25
35.0,C11_D-Melibiose,23
35.25,C11_D-Melibiose,20
35.5,C11_D-Melibiose,25
35.75,C11_D-Melibiose,21
36.0,C11_D-Melibiose,22
36.25,C11_D-Melibiose,21
36.5,C11_D-Melibiose,23
36.75,C11_D-Melibiose,25
37.0,C11_D-Melibiose,21
37.25,C11_D-Melibiose,22
37.5,C11_D-Melibiose,24
37.75,C11_D-Melibiose,20
38.0,C11_D-Melibiose,23
38.25,C11_D-Melibiose,22
38.5,C11_D-Melibiose,24
38.75,C11_D-Melibiose,24
39.0,C11_D-Melibiose,24
39.25,C11_D-Melibiose,21
39.5,C11_D-Melibiose,19
39.75,C11_D-Melibiose,21
40.0,C11_D-Melibiose,22
40.25,C11_D-Melibiose,21
40.5,C11_D-Melibiose,22
40.75,C11_D-Melibiose,24
41.0,C11_D-Melibiose,22
41.25,C11_D-Melibiose,23
41.5,C11_D-Melibiose,18
41.75,C11_D-Melibiose,22
42.0,C11_D-Melibiose,26
42.25,C11_D-Melibiose,23
42.5,C11_D-Melibiose,21
42.75,C11_D-Melibiose,21
43.0,C11_D-Melibiose,23
43.25,C11_D-Melibiose,21
43.5,C11_D-Melibiose,24
43.75,C11_D-Melibiose,27
44.0,C11_D-Melibiose,21
44.25,C11_D-Melibiose,27
44.5,C11_D-Melibiose,18
44.75,C11_D-Melibiose,23
45.0,C11_D-Melibiose,21
45.25,C11_D-Melibiose,19
45.5,C11_D-Melibiose,20
45.75,C11_D-Melibiose,23
46.0,C11_D-Melibiose,21
46.25,C11_D-Melibiose,23
46.5,C11_D-Melibiose,25
46.75,C11_D-Melibiose,23
47.0,C11_D-Melibiose,23
47.25,C11_D-Melibiose,20
47.5,C11_D-Melibiose,22
47.75,C11_D-Melibiose,24
48.0,C11_D-Melibiose,21
48.25,C11_D-Melibiose,22
0.0,C12_Thymidine,16
0.25,C12_Thymidine,19
0.5,C12_Thymidine,19
0.75,C12_Thymidine,20
1.0,C12_Thymidine,19
1.25,C12_Thymidine,16
1.5,C12_Thymidine,17
1.75,C12_Thymidine,17
2.0,C12_Thymidine,22
2.25,C12_Thymidine,14
2.5,C12_Thymidine,21
2.75,C12_Thymidine,15
3.0,C12_Thymidine,16
3.25,C12_Thymidine,17
3.5,C12_Thymidine,21
3.75,C12_Thymidine,13
4.0,C12_Thymidine,16
4.25,C12_Thymidine,17
4.5,C12_Thymidine,15
4.75,C12_Thymidine,17
5.0,C12_Thymidine,16
5.25,C12_Thymidine,17
5.5,C12_Thymidine,16
5.75,C12_Thymidine,16
6.0,C12_Thymidine,14
6.25,C12_Thymidine,17
6.5,C12_Thymidine,15
6.75,C12_Thymidine,17
7.0,C12_Thymidine,13
7.25,C12_Thymidine,19
7.5,C12_Thymidine,14
7.75,C12_Thymidine,16
8.0,C12_Thymidine,17
8.25,C12_Thymidine,18
8.5,C12_Thymidine,14
8.75,C12_Thymidine,20
9.0,C12_Thymidine,15
9.25,C12_Thymidine,18
9.5,C12_Thymidine,15
9.75,C12_Thymidine,18
10.0,C12_Thymidine,16
10.25,C12_Thymidine,16
10.5,C12_Thymidine,16
10.75,C12_Thymidine,16
11.0,C12_Thymidine,19
11.25,C12_Thymidine,17
11.5,C12_Thymidine,19
11.75,C12_Thymidine,16
12.0,C12_Thymidine,18
12.25,C12_Thymidine,19
12.5,C12_Thymidine,18
12.75,C12_Thymidine,15
13.0,C12_Thymidine,18
13.25,C12_Thymidine,18
13.5,C12_Thymidine,19
13.75,C12_Thymidine,19
14.0,C12_Thymidine,18
14.25,C12_Thymidine,16
14.5,C12_Thymidine,15
14.75,C12_Thymidine,18
15.0,C12_Thymidine,14
15.25,C12_Thymidine,16
15.5,C12_Thymidine,14
15.75,C12_Thymidine,17
16.0,C12_Thymidine,14
16.25,C12_Thymidine,19
16.5,C12_Thymidine,16
16.75,C12_Thymidine,16
17.0,C12_Thymidine,19
17.25,C12_Thymidine,16
17.5,C12_Thymidine,17
17.75,C12_Thymidine,19
18.0,C12_Thymidine,14
18.25,C12_Thymidine,14
18.5,C12_Thymidine,17
18.75,C12_Thymidine,19
19.0,C12_Thymidine,13
19.25,C12_Thymidine,18
19.5,C12_Thymidine,17
19.75,C12_Thymidine,17
20.0,C12_Thymidine,18
20.25,C12_Thymidine,15
20.5,C12_Thymidine,15
20.75,C12_Thymidine,14
21.0,C12_Thymidine,16
21.25,C12_Thymidine,17
21.5,C12_Thymidine,18
21.75,C12_Thymidine,14
22.0,C12_Thymidine,19
22.25,C12_Thymidine,17
22.5,C12_Thymidine,19
22.75,C12_Thymidine,19
23.0,C12_Thymidine,19
23.25,C12_Thymidine,11
23.5,C12_Thymidine,20
23.75,C12_Thymidine,19
24.0,C12_Thymidine,15
24.25,C12_Thymidine,20
24.5,C12_Thymidine,16
24.75,C12_Thymidine,17
25.0,C12_Thymidine,18
25.25,C12_Thymidine,17
25.5,C12_Thymidine,19
25.75,C12_Thymidine,20
26.0,C12_Thymidine,16
26.25,C12_Thymidine,21
26.5,C12_Thymidine,14
26.75,C12_Thymidine,20
27.0,C12_Thymidine,18
27.25,C12_Thymidine,18
27.5,C12_Thymidine,15
27.75,C12_Thymidine,15
28.0,C12_Thymidine,17
28.25,C12_Thymidine,14
28.5,C12_Thymidine,22
28.75,C12_Thymidine,18
29.0,C12_Thymidine,20
29.25,C12_Thymidine,17
29.5,C12_Thymidine,18
29.75,C12_Thymidine,17
30.0,C12_Thymidine,21
30.25,C12_Thymidine,16
30.5,C12_Thymidine,18
30.75,C12_Thymidine,19
31.0,C12_Thymidine,15
31.25,C12_Thymidine,20
31.5,C12_Thymidine,17
31.75,C12_Thymidine,21
32.0,C12_Thymidine,14
32.25,C12_Thymidine,22
32.5,C12_Thymidine,19
32.75,C12_Thymidine,18
33.0,C12_Thymidine,20
33.25,C12_Thymidine,21
33.5,C12_Thymidine,19
33.75,C12_Thymidine,20
34.0,C12_Thymidine,19
34.25,C12_Thymidine,19
34.5,C12_Thymidine,20
34.75,C12_Thymidine,19
35.0,C12_Thymidine,16
35.25,C12_Thymidine,17
35.5,C12_Thymidine,20
35.75,C12_Thymidine,20
36.0,C12_Thymidine,19
36.25,C12_Thymidine,20
36.5,C12_Thymidine,20
36.75,C12_Thymidine,22
37.0,C12_Thymidine,19
37.25,C12_Thymidine,20
37.5,C12_Thymidine,18
37.75,C12_Thymidine,20
38.0,C12_Thymidine,20
38.25,C12_Thymidine,20
38.5,C12_Thymidine,20
38.75,C12_Thymidine,22
39.0,C12_Thymidine,18
39.25,C12_Thymidine,21
39.5,C12_Thymidine,17
39.75,C12_Thymidine,18
40.0,C12_Thymidine,24
40.25,C12_Thymidine,18
40.5,C12_Thymidine,20
40.75,C12_Thymidine,23
41.0,C12_Thymidine,18
41.25,C12_Thymidine,23
41.5,C12_Thymidine,20
41.75,C12_Thymidine,22
42.0,C12_Thymidine,25
42.25,C12_Thymidine,24
42.5,C12_Thymidine,22
42.75,C12_Thymidine,22
43.0,C12_Thymidine,23
43.25,C12_Thymidine,20
43.5,C12_Thymidine,24
43.75,C12_Thymidine,22
44.0,C12_Thymidine,25
44.25,C12_Thymidine,23
44.5,C12_Thymidine,22
44.75,C12_Thymidine,19
45.0,C12_Thymidine,24
45.25,C12_Thymidine,24
45.5,C12_Thymidine,25
45.75,C12_Thymidine,26
46.0,C12_Thymidine,27
46.25,C12_Thymidine,28
46.5,C12_Thymidine,25
46.75,C12_Thymidine,27
47.0,C12_Thymidine,26
47.25,C12_Thymidine,26
47.5,C12_Thymidine,32
47.75,C12_Thymidine,28
48.0,C12_Thymidine,27
48.25,C12_Thymidine,31
0.0,D-1_L-Asparagine,18
0.25,D-1_L-Asparagine,11
0.5,D-1_L-Asparagine,13
0.75,D-1_L-Asparagine,13
1.0,D-1_L-Asparagine,16
1.25,D-1_L-Asparagine,17
1.5,D-1_L-Asparagine,19
1.75,D-1_L-Asparagine,14
2.0,D-1_L-Asparagine,11
2.25,D-1_L-Asparagine,13
2.5,D-1_L-Asparagine,12
2.75,D-1_L-Asparagine,14
3.0,D-1_L-Asparagine,18
3.25,D-1_L-Asparagine,17
3.5,D-1_L-Asparagine,17
3.75,D-1_L-Asparagine,15
4.0,D-1_L-Asparagine,15
4.25,D-1_L-Asparagine,15
4.5,D-1_L-Asparagine,13
4.75,D-1_L-Asparagine,13
5.0,D-1_L-Asparagine,18
5.25,D-1_L-Asparagine,11
5.5,D-1_L-Asparagine,11
5.75,D-1_L-Asparagine,11
6.0,D-1_L-Asparagine,14
6.25,D-1_L-Asparagine,11
6.5,D-1_L-Asparagine,15
6.75,D-1_L-Asparagine,15
7.0,D-1_L-Asparagine,15
7.25,D-1_L-Asparagine,14
7.5,D-1_L-Asparagine,14
7.75,D-1_L-Asparagine,13
8.0,D-1_L-Asparagine,16
8.25,D-1_L-Asparagine,13
8.5,D-1_L-Asparagine,14
8.75,D-1_L-Asparagine,15
9.0,D-1_L-Asparagine,15
9.25,D-1_L-Asparagine,15
9.5,D-1_L-Asparagine,13
9.75,D-1_L-Asparagine,15
10.0,D-1_L-Asparagine,11
10.25,D-1_L-Asparagine,14
10.5,D-1_L-Asparagine,19
10.75,D-1_L-Asparagine,14
11.0,D-1_L-Asparagine,13
11.25,D-1_L-Asparagine,17
11.5,D-1_L-Asparagine,13
11.75,D-1_L-Asparagine,14
12.0,D-1_L-Asparagine,14
12.25,D-1_L-Asparagine,17
12.5,D-1_L-Asparagine,16
12.75,D-1_L-Asparagine,18
13.0,D-1_L-Asparagine,16
13.25,D-1_L-Asparagine,14
13.5,D-1_L-Asparagine,16
13.75,D-1_L-Asparagine,16
14.0,D-1_L-Asparagine,13
14.25,D-1_L-Asparagine,16
14.5,D-1_L-Asparagine,19
14.75,D-1_L-Asparagine,19
15.0,D-1_L-Asparagine,16
15.25,D-1_L-Asparagine,11
15.5,D-1_L-Asparagine,15
15.75,D-1_L-Asparagine,13
16.0,D-1_L-Asparagine,17
16.25,D-1_L-Asparagine,19
16.5,D-1_L-Asparagine,14
16.75,D-1_L-Asparagine,17
17.0,D-1_L-Asparagine,18
17.25,D-1_L-Asparagine,17
17.5,D-1_L-Asparagine,17
17.75,D-1_L-Asparagine,13
18.0,D-1_L-Asparagine,18
18.25,D-1_L-Asparagine,15
18.5,D-1_L-Asparagine,13
18.75,D-1_L-Asparagine,16
19.0,D-1_L-Asparagine,16
19.25,D-1_L-Asparagine,18
19.5,D-1_L-Asparagine,14
19.75,D-1_L-Asparagine,16
20.0,D-1_L-Asparagine,15
20.25,D-1_L-Asparagine,18
20.5,D-1_L-Asparagine,23
20.75,D-1_L-Asparagine,17
21.0,D-1_L-Asparagine,19
21.25,D-1_L-Asparagine,18
21.5,D-1_L-Asparagine,18
21.75,D-1_L-Asparagine,18
22.0,D-1_L-Asparagine,16
22.25,D-1_L-Asparagine,19
22.5,D-1_L-Asparagine,16
22.75,D-1_L-Asparagine,19
23.0,D-1_L-Asparagine,19
23.25,D-1_L-Asparagine,17
23.5,D-1_L-Asparagine,16
23.75,D-1_L-Asparagine,16
24.0,D-1_L-Asparagine,19
24.25,D-1_L-Asparagine,18
24.5,D-1_L-Asparagine,17
24.75,D-1_L-Asparagine,14
25.0,D-1_L-Asparagine,19
25.25,D-1_L-Asparagine,19
25.5,D-1_L-Asparagine,19
25.75,D-1_L-Asparagine,15
26.0,D-1_L-Asparagine,16
26.25,D-1_L-Asparagine,21
26.5,D-1_L-Asparagine,17
26.75,D-1_L-Asparagine,19
27.0,D-1_L-Asparagine,16
27.25,D-1_L-Asparagine,20
27.5,D-1_L-Asparagine,22
27.75,D-1_L-Asparagine,20
28.0,D-1_L-Asparagine,18
28.25,D-1_L-Asparagine,20
28.5,D-1_L-Asparagine,17
28.75,D-1_L-Asparagine,18
29.0,D-1_L-Asparagine,19
29.25,D-1_L-Asparagine,16
29.5,D-1_L-Asparagine,18
29.75,D-1_L-Asparagine,16
30.0,D-1_L-Asparagine,18
30.25,D-1_L-Asparagine,18
30.5,D-1_L-Asparagine,18
30.75,D-1_L-Asparagine,21
31.0,D-1_L-Asparagine,20
31.25,D-1_L-Asparagine,18
31.5,D-1_L-Asparagine,23
31.75,D-1_L-Asparagine,20
32.0,D-1_L-Asparagine,18
32.25,D-1_L-Asparagine,19
32.5,D-1_L-Asparagine,20
32.75,D-1_L-Asparagine,18
33.0,D-1_L-Asparagine,16
33.25,D-1_L-Asparagine,20
33.5,D-1_L-Asparagine,20
33.75,D-1_L-Asparagine,25
34.0,D-1_L-Asparagine,20
34.25,D-1_L-Asparagine,20
34.5,D-1_L-Asparagine,18
34.75,D-1_L-Asparagine,19
35.0,D-1_L-Asparagine,20
35.25,D-1_L-Asparagine,19
35.5,D-1_L-Asparagine,23
35.75,D-1_L-Asparagine,23
36.0,D-1_L-Asparagine,19
36.25,D-1_L-Asparagine,20
36.5,D-1_L-Asparagine,28
36.75,D-1_L-Asparagine,21
37.0,D-1_L-Asparagine,24
37.25,D-1_L-Asparagine,21
37.5,D-1_L-Asparagine,21
37.75,D-1_L-Asparagine,25
38.0,D-1_L-Asparagine,21
38.25,D-1_L-Asparagine,24
38.5,D-1_L-Asparagine,26
38.75,D-1_L-Asparagine,25
39.0,D-1_L-Asparagine,28
39.25,D-1_L-Asparagine,26
39.5,D-1_L-Asparagine,25
39.75,D-1_L-Asparagine,23
40.0,D-1_L-Asparagine,27
40.25,D-1_L-Asparagine,21
40.5,D-1_L-Asparagine,25
40.75,D-1_L-Asparagine,27
41.0,D-1_L-Asparagine,23
41.25,D-1_L-Asparagine,30
41.5,D-1_L-Asparagine,26
41.75,D-1_L-Asparagine,23
42.0,D-1_L-Asparagine,28
42.25,D-1_L-Asparagine,29
42.5,D-1_L-Asparagine,30
42.75,D-1_L-Asparagine,29
43.0,D-1_L-Asparagine,24
43.25,D-1_L-Asparagine,27
43.5,D-1_L-Asparagine,30
43.75,D-1_L-Asparagine,25
44.0,D-1_L-Asparagine,29
44.25,D-1_L-Asparagine,28
44.5,D-1_L-Asparagine,29
44.75,D-1_L-Asparagine,25
45.0,D-1_L-Asparagine,29
45.25,D-1_L-Asparagine,27
45.5,D-1_L-Asparagine,30
45.75,D-1_L-Asparagine,33
46.0,D-1_L-Asparagine,28
46.25,D-1_L-Asparagine,35
46.5,D-1_L-Asparagine,33
46.75,D-1_L-Asparagine,29
47.0,D-1_L-Asparagine,33
47.25,D-1_L-Asparagine,30
47.5,D-1_L-Asparagine,33
47.75,D-1_L-Asparagine,33
48.0,D-1_L-Asparagine,30
48.25,D-1_L-Asparagine,32
0.0,D2_D-Aspartic_Acid,11
0.25,D2_D-Aspartic_Acid,11
0.5,D2_D-Aspartic_Acid,11
0.75,D2_D-Aspartic_Acid,11
1.0,D2_D-Aspartic_Acid,11
1.25,D2_D-Aspartic_Acid,11
1.5,D2_D-Aspartic_Acid,12
1.75,D2_D-Aspartic_Acid,11
2.0,D2_D-Aspartic_Acid,11
2.25,D2_D-Aspartic_Acid,11
2.5,D2_D-Aspartic_Acid,11
2.75,D2_D-Aspartic_Acid,11
3.0,D2_D-Aspartic_Acid,11
3.25,D2_D-Aspartic_Acid,11
3.5,D2_D-Aspartic_Acid,11
3.75,D2_D-Aspartic_Acid,11
4.0,D2_D-Aspartic_Acid,11
4.25,D2_D-Aspartic_Acid,12
4.5,D2_D-Aspartic_Acid,11
4.75,D2_D-Aspartic_Acid,11
5.0,D2_D-Aspartic_Acid,11
5.25,D2_D-Aspartic_Acid,11
5.5,D2_D-Aspartic_Acid,12
5.75,D2_D-Aspartic_Acid,11
6.0,D2_D-Aspartic_Acid,11
6.25,D2_D-Aspartic_Acid,11
6.5,D2_D-Aspartic_Acid,11
6.75,D2_D-Aspartic_Acid,11
7.0,D2_D-Aspartic_Acid,15
7.25,D2_D-Aspartic_Acid,13
7.5,D2_D-Aspartic_Acid,11
7.75,D2_D-Aspartic_Acid,11
8.0,D2_D-Aspartic_Acid,16
8.25,D2_D-Aspartic_Acid,11
8.5,D2_D-Aspartic_Acid,11
8.75,D2_D-Aspartic_Acid,15
9.0,D2_D-Aspartic_Acid,11
9.25,D2_D-Aspartic_Acid,11
9.5,D2_D-Aspartic_Acid,11
9.75,D2_D-Aspartic_Acid,11
10.0,D2_D-Aspartic_Acid,11
10.25,D2_D-Aspartic_Acid,11
10.5,D2_D-Aspartic_Acid,11
10.75,D2_D-Aspartic_Acid,12
11.0,D2_D-Aspartic_Acid,11
11.25,D2_D-Aspartic_Acid,13
11.5,D2_D-Aspartic_Acid,11
11.75,D2_D-Aspartic_Acid,11
12.0,D2_D-Aspartic_Acid,11
12.25,D2_D-Aspartic_Acid,12
12.5,D2_D-Aspartic_Acid,11
12.75,D2_D-Aspartic_Acid,13
13.0,D2_D-Aspartic_Acid,13
13.25,D2_D-Aspartic_Acid,12
13.5,D2_D-Aspartic_Acid,11
13.75,D2_D-Aspartic_Acid,13
14.0,D2_D-Aspartic_Acid,12
14.25,D2_D-Aspartic_Acid,12
14.5,D2_D-Aspartic_Acid,14
14.75,D2_D-Aspartic_Acid,12
15.0,D2_D-Aspartic_Acid,11
15.25,D2_D-Aspartic_Acid,11
15.5,D2_D-Aspartic_Acid,11
15.75,D2_D-Aspartic_Acid,15
16.0,D2_D-Aspartic_Acid,11
16.25,D2_D-Aspartic_Acid,11
16.5,D2_D-Aspartic_Acid,11
16.75,D2_D-Aspartic_Acid,11
17.0,D2_D-Aspartic_Acid,14
17.25,D2_D-Aspartic_Acid,11
17.5,D2_D-Aspartic_Acid,11
17.75,D2_D-Aspartic_Acid,11
18.0,D2_D-Aspartic_Acid,11
18.25,D2_D-Aspartic_Acid,11
18.5,D2_D-Aspartic_Acid,12
18.75,D2_D-Aspartic_Acid,11
19.0,D2_D-Aspartic_Acid,12
19.25,D2_D-Aspartic_Acid,11
19.5,D2_D-Aspartic_Acid,12
19.75,D2_D-Aspartic_Acid,11
20.0,D2_D-Aspartic_Acid,11
20.25,D2_D-Aspartic_Acid,11
20.5,D2_D-Aspartic_Acid,11
20.75,D2_D-Aspartic_Acid,11
21.0,D2_D-Aspartic_Acid,13
21.25,D2_D-Aspartic_Acid,11
21.5,D2_D-Aspartic_Acid,14
21.75,D2_D-Aspartic_Acid,11
22.0,D2_D-Aspartic_Acid,15
22.25,D2_D-Aspartic_Acid,13
22.5,D2_D-Aspartic_Acid,12
22.75,D2_D-Aspartic_Acid,13
23.0,D2_D-Aspartic_Acid,11
23.25,D2_D-Aspartic_Acid,11
23.5,D2_D-Aspartic_Acid,12
23.75,D2_D-Aspartic_Acid,11
24.0,D2_D-Aspartic_Acid,11
24.25,D2_D-Aspartic_Acid,12
24.5,D2_D-Aspartic_Acid,13
24.75,D2_D-Aspartic_Acid,11
25.0,D2_D-Aspartic_Acid,11
25.25,D2_D-Aspartic_Acid,12
25.5,D2_D-Aspartic_Acid,11
25.75,D2_D-Aspartic_Acid,11
26.0,D2_D-Aspartic_Acid,11
26.25,D2_D-Aspartic_Acid,12
26.5,D2_D-Aspartic_Acid,11
26.75,D2_D-Aspartic_Acid,11
27.0,D2_D-Aspartic_Acid,15
27.25,D2_D-Aspartic_Acid,11
27.5,D2_D-Aspartic_Acid,11
27.75,D2_D-Aspartic_Acid,11
28.0,D2_D-Aspartic_Acid,11
28.25,D2_D-Aspartic_Acid,11
28.5,D2_D-Aspartic_Acid,18
28.75,D2_D-Aspartic_Acid,14
29.0,D2_D-Aspartic_Acid,11
29.25,D2_D-Aspartic_Acid,11
29.5,D2_D-Aspartic_Acid,12
29.75,D2_D-Aspartic_Acid,12
30.0,D2_D-Aspartic_Acid,15
30.25,D2_D-Aspartic_Acid,11
30.5,D2_D-Aspartic_Acid,11
30.75,D2_D-Aspartic_Acid,11
31.0,D2_D-Aspartic_Acid,11
31.25,D2_D-Aspartic_Acid,12
31.5,D2_D-Aspartic_Acid,12
31.75,D2_D-Aspartic_Acid,12
32.0,D2_D-Aspartic_Acid,12
32.25,D2_D-Aspartic_Acid,14
32.5,D2_D-Aspartic_Acid,11
32.75,D2_D-Aspartic_Acid,11
33.0,D2_D-Aspartic_Acid,11
33.25,D2_D-Aspartic_Acid,12
33.5,D2_D-Aspartic_Acid,11
33.75,D2_D-Aspartic_Acid,12
34.0,D2_D-Aspartic_Acid,11
34.25,D2_D-Aspartic_Acid,13
34.5,D2_D-Aspartic_Acid,11
34.75,D2_D-Aspartic_Acid,15
35.0,D2_D-Aspartic_Acid,11
35.25,D2_D-Aspartic_Acid,12
35.5,D2_D-Aspartic_Acid,16
35.75,D2_D-Aspartic_Acid,11
36.0,D2_D-Aspartic_Acid,11
36.25,D2_D-Aspartic_Acid,11
36.5,D2_D-Aspartic_Acid,11
36.75,D2_D-Aspartic_Acid,11
37.0,D2_D-Aspartic_Acid,11
37.25,D2_D-Aspartic_Acid,14
37.5,D2_D-Aspartic_Acid,11
37.75,D2_D-Aspartic_Acid,11
38.0,D2_D-Aspartic_Acid,11
38.25,D2_D-Aspartic_Acid,11
38.5,D2_D-Aspartic_Acid,11
38.75,D2_D-Aspartic_Acid,11
39.0,D2_D-Aspartic_Acid,13
39.25,D2_D-Aspartic_Acid,14
39.5,D2_D-Aspartic_Acid,11
39.75,D2_D-Aspartic_Acid,11
40.0,D2_D-Aspartic_Acid,11
40.25,D2_D-Aspartic_Acid,11
40.5,D2_D-Aspartic_Acid,11
40.75,D2_D-Aspartic_Acid,13
41.0,D2_D-Aspartic_Acid,11
41.25,D2_D-Aspartic_Acid,11
41.5,D2_D-Aspartic_Acid,11
41.75,D2_D-Aspartic_Acid,11
42.0,D2_D-Aspartic_Acid,13
42.25,D2_D-Aspartic_Acid,11
42.5,D2_D-Aspartic_Acid,11
42.75,D2_D-Aspartic_Acid,12
43.0,D2_D-Aspartic_Acid,11
43.25,D2_D-Aspartic_Acid,11
43.5,D2_D-Aspartic_Acid,11
43.75,D2_D-Aspartic_Acid,11
44.0,D2_D-Aspartic_Acid,13
44.25,D2_D-Aspartic_Acid,11
44.5,D2_D-Aspartic_Acid,11
44.75,D2_D-Aspartic_Acid,12
45.0,D2_D-Aspartic_Acid,11
45.25,D2_D-Aspartic_Acid,11
45.5,D2_D-Aspartic_Acid,11
45.75,D2_D-Aspartic_Acid,12
46.0,D2_D-Aspartic_Acid,11
46.25,D2_D-Aspartic_Acid,11
46.5,D2_D-Aspartic_Acid,12
46.75,D2_D-Aspartic_Acid,15
47.0,D2_D-Aspartic_Acid,12
47.25,D2_D-Aspartic_Acid,11
47.5,D2_D-Aspartic_Acid,11
47.75,D2_D-Aspartic_Acid,18
48.0,D2_D-Aspartic_Acid,13
48.25,D2_D-Aspartic_Acid,11
0.0,D3_D-Glucosaminic_Acid,11
0.25,D3_D-Glucosaminic_Acid,11
0.5,D3_D-Glucosaminic_Acid,11
0.75,D3_D-Glucosaminic_Acid,11
1.0,D3_D-Glucosaminic_Acid,11
1.25,D3_D-Glucosaminic_Acid,11
1.5,D3_D-Glucosaminic_Acid,11
1.75,D3_D-Glucosaminic_Acid,11
2.0,D3_D-Glucosaminic_Acid,11
2.25,D3_D-Glucosaminic_Acid,11
2.5,D3_D-Glucosaminic_Acid,11
2.75,D3_D-Glucosaminic_Acid,11
3.0,D3_D-Glucosaminic_Acid,11
3.25,D3_D-Glucosaminic_Acid,11
3.5,D3_D-Glucosaminic_Acid,11
3.75,D3_D-Glucosaminic_Acid,11
4.0,D3_D-Glucosaminic_Acid,11
4.25,D3_D-Glucosaminic_Acid,11
4.5,D3_D-Glucosaminic_Acid,11
4.75,D3_D-Glucosaminic_Acid,11
5.0,D3_D-Glucosaminic_Acid,11
5.25,D3_D-Glucosaminic_Acid,11
5.5,D3_D-Glucosaminic_Acid,11
5.75,D3_D-Glucosaminic_Acid,11
6.0,D3_D-Glucosaminic_Acid,11
6.25,D3_D-Glucosaminic_Acid,11
6.5,D3_D-Glucosaminic_Acid,11
6.75,D3_D-Glucosaminic_Acid,11
7.0,D3_D-Glucosaminic_Acid,11
7.25,D3_D-Glucosaminic_Acid,12
7.5,D3_D-Glucosaminic_Acid,11
7.75,D3_D-Glucosaminic_Acid,11
8.0,D3_D-Glucosaminic_Acid,11
8.25,D3_D-Glucosaminic_Acid,11
8.5,D3_D-Glucosaminic_Acid,11
8.75,D3_D-Glucosaminic_Acid,11
9.0,D3_D-Glucosaminic_Acid,11
9.25,D3_D-Glucosaminic_Acid,11
9.5,D3_D-Glucosaminic_Acid,11
9.75,D3_D-Glucosaminic_Acid,11
10.0,D3_D-Glucosaminic_Acid,11
10.25,D3_D-Glucosaminic_Acid,11
10.5,D3_D-Glucosaminic_Acid,11
10.75,D3_D-Glucosaminic_Acid,11
11.0,D3_D-Glucosaminic_Acid,11
11.25,D3_D-Glucosaminic_Acid,11
11.5,D3_D-Glucosaminic_Acid,11
11.75,D3_D-Glucosaminic_Acid,11
12.0,D3_D-Glucosaminic_Acid,11
12.25,D3_D-Glucosaminic_Acid,11
12.5,D3_D-Glucosaminic_Acid,11
12.75,D3_D-Glucosaminic_Acid,11
13.0,D3_D-Glucosaminic_Acid,11
13.25,D3_D-Glucosaminic_Acid,13
13.5,D3_D-Glucosaminic_Acid,11
13.75,D3_D-Glucosaminic_Acid,12
14.0,D3_D-Glucosaminic_Acid,11
14.25,D3_D-Glucosaminic_Acid,11
14.5,D3_D-Glucosaminic_Acid,13
14.75,D3_D-Glucosaminic_Acid,12
15.0,D3_D-Glucosaminic_Acid,11
15.25,D3_D-Glucosaminic_Acid,12
15.5,D3_D-Glucosaminic_Acid,11
15.75,D3_D-Glucosaminic_Acid,12
16.0,D3_D-Glucosaminic_Acid,11
16.25,D3_D-Glucosaminic_Acid,11
16.5,D3_D-Glucosaminic_Acid,11
16.75,D3_D-Glucosaminic_Acid,11
17.0,D3_D-Glucosaminic_Acid,14
17.25,D3_D-Glucosaminic_Acid,11
17.5,D3_D-Glucosaminic_Acid,11
17.75,D3_D-Glucosaminic_Acid,11
18.0,D3_D-Glucosaminic_Acid,11
18.25,D3_D-Glucosaminic_Acid,13
18.5,D3_D-Glucosaminic_Acid,12
18.75,D3_D-Glucosaminic_Acid,13
19.0,D3_D-Glucosaminic_Acid,11
19.25,D3_D-Glucosaminic_Acid,11
19.5,D3_D-Glucosaminic_Acid,11
19.75,D3_D-Glucosaminic_Acid,11
20.0,D3_D-Glucosaminic_Acid,11
20.25,D3_D-Glucosaminic_Acid,17
20.5,D3_D-Glucosaminic_Acid,13
20.75,D3_D-Glucosaminic_Acid,13
21.0,D3_D-Glucosaminic_Acid,13
21.25,D3_D-Glucosaminic_Acid,14
21.5,D3_D-Glucosaminic_Acid,13
21.75,D3_D-Glucosaminic_Acid,14
22.0,D3_D-Glucosaminic_Acid,12
22.25,D3_D-Glucosaminic_Acid,14
22.5,D3_D-Glucosaminic_Acid,13
22.75,D3_D-Glucosaminic_Acid,13
23.0,D3_D-Glucosaminic_Acid,16
23.25,D3_D-Glucosaminic_Acid,13
23.5,D3_D-Glucosaminic_Acid,16
23.75,D3_D-Glucosaminic_Acid,14
24.0,D3_D-Glucosaminic_Acid,11
24.25,D3_D-Glucosaminic_Acid,17
24.5,D3_D-Glucosaminic_Acid,16
24.75,D3_D-Glucosaminic_Acid,13
25.0,D3_D-Glucosaminic_Acid,15
25.25,D3_D-Glucosaminic_Acid,15
25.5,D3_D-Glucosaminic_Acid,15
25.75,D3_D-Glucosaminic_Acid,12
26.0,D3_D-Glucosaminic_Acid,12
26.25,D3_D-Glucosaminic_Acid,16
26.5,D3_D-Glucosaminic_Acid,15
26.75,D3_D-Glucosaminic_Acid,15
27.0,D3_D-Glucosaminic_Acid,16
27.25,D3_D-Glucosaminic_Acid,14
27.5,D3_D-Glucosaminic_Acid,16
27.75,D3_D-Glucosaminic_Acid,18
28.0,D3_D-Glucosaminic_Acid,16
28.25,D3_D-Glucosaminic_Acid,14
28.5,D3_D-Glucosaminic_Acid,17
28.75,D3_D-Glucosaminic_Acid,15
29.0,D3_D-Glucosaminic_Acid,16
29.25,D3_D-Glucosaminic_Acid,17
29.5,D3_D-Glucosaminic_Acid,18
29.75,D3_D-Glucosaminic_Acid,16
30.0,D3_D-Glucosaminic_Acid,15
30.25,D3_D-Glucosaminic_Acid,13
30.5,D3_D-Glucosaminic_Acid,18
30.75,D3_D-Glucosaminic_Acid,18
31.0,D3_D-Glucosaminic_Acid,17
31.25,D3_D-Glucosaminic_Acid,22
31.5,D3_D-Glucosaminic_Acid,20
31.75,D3_D-Glucosaminic_Acid,20
32.0,D3_D-Glucosaminic_Acid,18
32.25,D3_D-Glucosaminic_Acid,19
32.5,D3_D-Glucosaminic_Acid,20
32.75,D3_D-Glucosaminic_Acid,18
33.0,D3_D-Glucosaminic_Acid,24
33.25,D3_D-Glucosaminic_Acid,20
33.5,D3_D-Glucosaminic_Acid,20
33.75,D3_D-Glucosaminic_Acid,22
34.0,D3_D-Glucosaminic_Acid,20
34.25,D3_D-Glucosaminic_Acid,21
34.5,D3_D-Glucosaminic_Acid,26
34.75,D3_D-Glucosaminic_Acid,21
35.0,D3_D-Glucosaminic_Acid,21
35.25,D3_D-Glucosaminic_Acid,23
35.5,D3_D-Glucosaminic_Acid,21
35.75,D3_D-Glucosaminic_Acid,25
36.0,D3_D-Glucosaminic_Acid,24
36.25,D3_D-Glucosaminic_Acid,20
36.5,D3_D-Glucosaminic_Acid,29
36.75,D3_D-Glucosaminic_Acid,22
37.0,D3_D-Glucosaminic_Acid,25
37.25,D3_D-Glucosaminic_Acid,26
37.5,D3_D-Glucosaminic_Acid,27
37.75,D3_D-Glucosaminic_Acid,28
38.0,D3_D-Glucosaminic_Acid,30
38.25,D3_D-Glucosaminic_Acid,31
38.5,D3_D-Glucosaminic_Acid,29
38.75,D3_D-Glucosaminic_Acid,30
39.0,D3_D-Glucosaminic_Acid,27
39.25,D3_D-Glucosaminic_Acid,30
39.5,D3_D-Glucosaminic_Acid,32
39.75,D3_D-Glucosaminic_Acid,31
40.0,D3_D-Glucosaminic_Acid,32
40.25,D3_D-Glucosaminic_Acid,30
40.5,D3_D-Glucosaminic_Acid,28
40.75,D3_D-Glucosaminic_Acid,34
41.0,D3_D-Glucosaminic_Acid,33
41.25,D3_D-Glucosaminic_Acid,38
41.5,D3_D-Glucosaminic_Acid,32
41.75,D3_D-Glucosaminic_Acid,36
42.0,D3_D-Glucosaminic_Acid,36
42.25,D3_D-Glucosaminic_Acid,39
42.5,D3_D-Glucosaminic_Acid,38
42.75,D3_D-Glucosaminic_Acid,38
43.0,D3_D-Glucosaminic_Acid,38
43.25,D3_D-Glucosaminic_Acid,36
43.5,D3_D-Glucosaminic_Acid,39
43.75,D3_D-Glucosaminic_Acid,40
44.0,D3_D-Glucosaminic_Acid,41
44.25,D3_D-Glucosaminic_Acid,42
44.5,D3_D-Glucosaminic_Acid,39
44.75,D3_D-Glucosaminic_Acid,42
45.0,D3_D-Glucosaminic_Acid,40
45.25,D3_D-Glucosaminic_Acid,46
45.5,D3_D-Glucosaminic_Acid,46
45.75,D3_D-Glucosaminic_Acid,47
46.0,D3_D-Glucosaminic_Acid,44
46.25,D3_D-Glucosaminic_Acid,47
46.5,D3_D-Glucosaminic_Acid,49
46.75,D3_D-Glucosaminic_Acid,50
47.0,D3_D-Glucosaminic_Acid,47
47.25,D3_D-Glucosaminic_Acid,50
47.5,D3_D-Glucosaminic_Acid,52
47.75,D3_D-Glucosaminic_Acid,49
48.0,D3_D-Glucosaminic_Acid,49
48.25,D3_D-Glucosaminic_Acid,54
0.0,D4_1-2-Propanediol,11
0.25,D4_1-2-Propanediol,11
0.5,D4_1-2-Propanediol,11
0.75,D4_1-2-Propanediol,11
1.0,D4_1-2-Propanediol,11
1.25,D4_1-2-Propanediol,11
1.5,D4_1-2-Propanediol,11
1.75,D4_1-2-Propanediol,11
2.0,D4_1-2-Propanediol,11
2.25,D4_1-2-Propanediol,11
2.5,D4_1-2-Propanediol,11
2.75,D4_1-2-Propanediol,11
3.0,D4_1-2-Propanediol,11
3.25,D4_1-2-Propanediol,11
3.5,D4_1-2-Propanediol,11
3.75,D4_1-2-Propanediol,11
4.0,D4_1-2-Propanediol,11
4.25,D4_1-2-Propanediol,11
4.5,D4_1-2-Propanediol,11
4.75,D4_1-2-Propanediol,11
5.0,D4_1-2-Propanediol,11
5.25,D4_1-2-Propanediol,11
5.5,D4_1-2-Propanediol,11
5.75,D4_1-2-Propanediol,11
6.0,D4_1-2-Propanediol,11
6.25,D4_1-2-Propanediol,11
6.5,D4_1-2-Propanediol,11
6.75,D4_1-2-Propanediol,11
7.0,D4_1-2-Propanediol,11
7.25,D4_1-2-Propanediol,11
7.5,D4_1-2-Propanediol,11
7.75,D4_1-2-Propanediol,11
8.0,D4_1-2-Propanediol,11
8.25,D4_1-2-Propanediol,11
8.5,D4_1-2-Propanediol,11
8.75,D4_1-2-Propanediol,11
9.0,D4_1-2-Propanediol,11
9.25,D4_1-2-Propanediol,11
9.5,D4_1-2-Propanediol,11
9.75,D4_1-2-Propanediol,11
10.0,D4_1-2-Propanediol,11
10.25,D4_1-2-Propanediol,11
10.5,D4_1-2-Propanediol,12
10.75,D4_1-2-Propanediol,11
11.0,D4_1-2-Propanediol,11
11.25,D4_1-2-Propanediol,11
11.5,D4_1-2-Propanediol,11
11.75,D4_1-2-Propanediol,11
12.0,D4_1-2-Propanediol,12
12.25,D4_1-2-Propanediol,11
12.5,D4_1-2-Propanediol,11
12.75,D4_1-2-Propanediol,11
13.0,D4_1-2-Propanediol,11
13.25,D4_1-2-Propanediol,11
13.5,D4_1-2-Propanediol,11
13.75,D4_1-2-Propanediol,11
14.0,D4_1-2-Propanediol,11
14.25,D4_1-2-Propanediol,12
14.5,D4_1-2-Propanediol,12
14.75,D4_1-2-Propanediol,11
15.0,D4_1-2-Propanediol,11
15.25,D4_1-2-Propanediol,11
15.5,D4_1-2-Propanediol,11
15.75,D4_1-2-Propanediol,11
16.0,D4_1-2-Propanediol,11
16.25,D4_1-2-Propanediol,11
16.5,D4_1-2-Propanediol,11
16.75,D4_1-2-Propanediol,11
17.0,D4_1-2-Propanediol,12
17.25,D4_1-2-Propanediol,12
17.5,D4_1-2-Propanediol,11
17.75,D4_1-2-Propanediol,11
18.0,D4_1-2-Propanediol,11
18.25,D4_1-2-Propanediol,11
18.5,D4_1-2-Propanediol,12
18.75,D4_1-2-Propanediol,11
19.0,D4_1-2-Propanediol,11
19.25,D4_1-2-Propanediol,11
19.5,D4_1-2-Propanediol,11
19.75,D4_1-2-Propanediol,11
20.0,D4_1-2-Propanediol,11
20.25,D4_1-2-Propanediol,13
20.5,D4_1-2-Propanediol,15
20.75,D4_1-2-Propanediol,11
21.0,D4_1-2-Propanediol,12
21.25,D4_1-2-Propanediol,11
21.5,D4_1-2-Propanediol,13
21.75,D4_1-2-Propanediol,11
22.0,D4_1-2-Propanediol,13
22.25,D4_1-2-Propanediol,11
22.5,D4_1-2-Propanediol,11
22.75,D4_1-2-Propanediol,12
23.0,D4_1-2-Propanediol,13
23.25,D4_1-2-Propanediol,11
23.5,D4_1-2-Propanediol,13
23.75,D4_1-2-Propanediol,14
24.0,D4_1-2-Propanediol,13
24.25,D4_1-2-Propanediol,15
24.5,D4_1-2-Propanediol,11
24.75,D4_1-2-Propanediol,11
25.0,D4_1-2-Propanediol,14
25.25,D4_1-2-Propanediol,14
25.5,D4_1-2-Propanediol,12
25.75,D4_1-2-Propanediol,16
26.0,D4_1-2-Propanediol,13
26.25,D4_1-2-Propanediol,11
26.5,D4_1-2-Propanediol,11
26.75,D4_1-2-Propanediol,16
27.0,D4_1-2-Propanediol,14
27.25,D4_1-2-Propanediol,13
27.5,D4_1-2-Propanediol,15
27.75,D4_1-2-Propanediol,11
28.0,D4_1-2-Propanediol,11
28.25,D4_1-2-Propanediol,14
28.5,D4_1-2-Propanediol,18
28.75,D4_1-2-Propanediol,14
29.0,D4_1-2-Propanediol,12
29.25,D4_1-2-Propanediol,15
29.5,D4_1-2-Propanediol,15
29.75,D4_1-2-Propanediol,15
30.0,D4_1-2-Propanediol,16
30.25,D4_1-2-Propanediol,13
30.5,D4_1-2-Propanediol,21
30.75,D4_1-2-Propanediol,17
31.0,D4_1-2-Propanediol,15
31.25,D4_1-2-Propanediol,17
31.5,D4_1-2-Propanediol,18
31.75,D4_1-2-Propanediol,18
32.0,D4_1-2-Propanediol,17
32.25,D4_1-2-Propanediol,19
32.5,D4_1-2-Propanediol,16
32.75,D4_1-2-Propanediol,20
33.0,D4_1-2-Propanediol,19
33.25,D4_1-2-Propanediol,18
33.5,D4_1-2-Propanediol,22
33.75,D4_1-2-Propanediol,19
34.0,D4_1-2-Propanediol,18
34.25,D4_1-2-Propanediol,18
34.5,D4_1-2-Propanediol,20
34.75,D4_1-2-Propanediol,20
35.0,D4_1-2-Propanediol,23
35.25,D4_1-2-Propanediol,22
35.5,D4_1-2-Propanediol,20
35.75,D4_1-2-Propanediol,24
36.0,D4_1-2-Propanediol,19
36.25,D4_1-2-Propanediol,21
36.5,D4_1-2-Propanediol,23
36.75,D4_1-2-Propanediol,23
37.0,D4_1-2-Propanediol,22
37.25,D4_1-2-Propanediol,21
37.5,D4_1-2-Propanediol,27
37.75,D4_1-2-Propanediol,27
38.0,D4_1-2-Propanediol,20
38.25,D4_1-2-Propanediol,23
38.5,D4_1-2-Propanediol,23
38.75,D4_1-2-Propanediol,22
39.0,D4_1-2-Propanediol,20
39.25,D4_1-2-Propanediol,21
39.5,D4_1-2-Propanediol,25
39.75,D4_1-2-Propanediol,23
40.0,D4_1-2-Propanediol,23
40.25,D4_1-2-Propanediol,23
40.5,D4_1-2-Propanediol,21
40.75,D4_1-2-Propanediol,25
41.0,D4_1-2-Propanediol,23
41.25,D4_1-2-Propanediol,24
41.5,D4_1-2-Propanediol,22
41.75,D4_1-2-Propanediol,28
42.0,D4_1-2-Propanediol,23
42.25,D4_1-2-Propanediol,26
42.5,D4_1-2-Propanediol,22
42.75,D4_1-2-Propanediol,23
43.0,D4_1-2-Propanediol,26
43.25,D4_1-2-Propanediol,18
43.5,D4_1-2-Propanediol,24
43.75,D4_1-2-Propanediol,21
44.0,D4_1-2-Propanediol,22
44.25,D4_1-2-Propanediol,19
44.5,D4_1-2-Propanediol,24
44.75,D4_1-2-Propanediol,21
45.0,D4_1-2-Propanediol,19
45.25,D4_1-2-Propanediol,25
45.5,D4_1-2-Propanediol,24
45.75,D4_1-2-Propanediol,25
46.0,D4_1-2-Propanediol,24
46.25,D4_1-2-Propanediol,24
46.5,D4_1-2-Propanediol,23
46.75,D4_1-2-Propanediol,25
47.0,D4_1-2-Propanediol,26
47.25,D4_1-2-Propanediol,24
47.5,D4_1-2-Propanediol,27
47.75,D4_1-2-Propanediol,22
48.0,D4_1-2-Propanediol,23
48.25,D4_1-2-Propanediol,25
0.0,D5_Tween_40,11
0.25,D5_Tween_40,11
0.5,D5_Tween_40,11
0.75,D5_Tween_40,11
1.0,D5_Tween_40,11
1.25,D5_Tween_40,11
1.5,D5_Tween_40,11
1.75,D5_Tween_40,11
2.0,D5_Tween_40,11
2.25,D5_Tween_40,11
2.5,D5_Tween_40,11
2.75,D5_Tween_40,11
3.0,D5_Tween_40,11
3.25,D5_Tween_40,11
3.5,D5_Tween_40,11
3.75,D5_Tween_40,11
4.0,D5_Tween_40,11
4.25,D5_Tween_40,11
4.5,D5_Tween_40,11
4.75,D5_Tween_40,11
5.0,D5_Tween_40,11
5.25,D5_Tween_40,11
5.5,D5_Tween_40,11
5.75,D5_Tween_40,11
6.0,D5_Tween_40,11
6.25,D5_Tween_40,11
6.5,D5_Tween_40,11
6.75,D5_Tween_40,11
7.0,D5_Tween_40,11
7.25,D5_Tween_40,11
7.5,D5_Tween_40,11
7.75,D5_Tween_40,11
8.0,D5_Tween_40,11
8.25,D5_Tween_40,11
8.5,D5_Tween_40,11
8.75,D5_Tween_40,11
9.0,D5_Tween_40,11
9.25,D5_Tween_40,11
9.5,D5_Tween_40,11
9.75,D5_Tween_40,11
10.0,D5_Tween_40,11
10.25,D5_Tween_40,11
10.5,D5_Tween_40,11
10.75,D5_Tween_40,11
11.0,D5_Tween_40,11
11.25,D5_Tween_40,11
11.5,D5_Tween_40,11
11.75,D5_Tween_40,11
12.0,D5_Tween_40,11
12.25,D5_Tween_40,11
12.5,D5_Tween_40,11
12.75,D5_Tween_40,11
13.0,D5_Tween_40,11
13.25,D5_Tween_40,11
13.5,D5_Tween_40,11
13.75,D5_Tween_40,11
14.0,D5_Tween_40,11
14.25,D5_Tween_40,11
14.5,D5_Tween_40,11
14.75,D5_Tween_40,11
15.0,D5_Tween_40,11
15.25,D5_Tween_40,11
15.5,D5_Tween_40,11
15.75,D5_Tween_40,11
16.0,D5_Tween_40,11
16.25,D5_Tween_40,11
16.5,D5_Tween_40,11
16.75,D5_Tween_40,11
17.0,D5_Tween_40,12
17.25,D5_Tween_40,11
17.5,D5_Tween_40,11
17.75,D5_Tween_40,11
18.0,D5_Tween_40,11
18.25,D5_Tween_40,11
18.5,D5_Tween_40,11
18.75,D5_Tween_40,13
19.0,D5_Tween_40,11
19.25,D5_Tween_40,11
19.5,D5_Tween_40,11
19.75,D5_Tween_40,11
20.0,D5_Tween_40,11
20.25,D5_Tween_40,11
20.5,D5_Tween_40,11
20.75,D5_Tween_40,11
21.0,D5_Tween_40,12
21.25,D5_Tween_40,11
21.5,D5_Tween_40,13
21.75,D5_Tween_40,12
22.0,D5_Tween_40,13
22.25,D5_Tween_40,12
22.5,D5_Tween_40,14
22.75,D5_Tween_40,11
23.0,D5_Tween_40,11
23.25,D5_Tween_40,11
23.5,D5_Tween_40,12
23.75,D5_Tween_40,11
24.0,D5_Tween_40,11
24.25,D5_Tween_40,14
24.5,D5_Tween_40,11
24.75,D5_Tween_40,13
25.0,D5_Tween_40,11
25.25,D5_Tween_40,11
25.5,D5_Tween_40,11
25.75,D5_Tween_40,13
26.0,D5_Tween_40,11
26.25,D5_Tween_40,13
26.5,D5_Tween_40,11
26.75,D5_Tween_40,15
27.0,D5_Tween_40,11
27.25,D5_Tween_40,15
27.5,D5_Tween_40,14
27.75,D5_Tween_40,12
28.0,D5_Tween_40,15
28.25,D5_Tween_40,12
28.5,D5_Tween_40,16
28.75,D5_Tween_40,15
29.0,D5_Tween_40,17
29.25,D5_Tween_40,12
29.5,D5_Tween_40,14
29.75,D5_Tween_40,14
30.0,D5_Tween_40,14
30.25,D5_Tween_40,11
30.5,D5_Tween_40,13
30.75,D5_Tween_40,15
31.0,D5_Tween_40,16
31.25,D5_Tween_40,13
31.5,D5_Tween_40,15
31.75,D5_Tween_40,15
32.0,D5_Tween_40,14
32.25,D5_Tween_40,17
32.5,D5_Tween_40,16
32.75,D5_Tween_40,19
33.0,D5_Tween_40,15
33.25,D5_Tween_40,13
33.5,D5_Tween_40,19
33.75,D5_Tween_40,15
34.0,D5_Tween_40,19
34.25,D5_Tween_40,19
34.5,D5_Tween_40,21
34.75,D5_Tween_40,17
35.0,D5_Tween_40,21
35.25,D5_Tween_40,20
35.5,D5_Tween_40,16
35.75,D5_Tween_40,22
36.0,D5_Tween_40,21
36.25,D5_Tween_40,13
36.5,D5_Tween_40,19
36.75,D5_Tween_40,22
37.0,D5_Tween_40,20
37.25,D5_Tween_40,15
37.5,D5_Tween_40,19
37.75,D5_Tween_40,16
38.0,D5_Tween_40,19
38.25,D5_Tween_40,19
38.5,D5_Tween_40,17
38.75,D5_Tween_40,16
39.0,D5_Tween_40,21
39.25,D5_Tween_40,21
39.5,D5_Tween_40,20
39.75,D5_Tween_40,21
40.0,D5_Tween_40,20
40.25,D5_Tween_40,17
40.5,D5_Tween_40,22
40.75,D5_Tween_40,21
41.0,D5_Tween_40,18
41.25,D5_Tween_40,24
41.5,D5_Tween_40,24
41.75,D5_Tween_40,21
42.0,D5_Tween_40,24
42.25,D5_Tween_40,23
42.5,D5_Tween_40,23
42.75,D5_Tween_40,23
43.0,D5_Tween_40,21
43.25,D5_Tween_40,24
43.5,D5_Tween_40,22
43.75,D5_Tween_40,25
44.0,D5_Tween_40,21
44.25,D5_Tween_40,24
44.5,D5_Tween_40,26
44.75,D5_Tween_40,24
45.0,D5_Tween_40,21
45.25,D5_Tween_40,26
45.5,D5_Tween_40,24
45.75,D5_Tween_40,26
46.0,D5_Tween_40,24
46.25,D5_Tween_40,30
46.5,D5_Tween_40,26
46.75,D5_Tween_40,29
47.0,D5_Tween_40,26
47.25,D5_Tween_40,28
47.5,D5_Tween_40,27
47.75,D5_Tween_40,27
48.0,D5_Tween_40,28
48.25,D5_Tween_40,25
0.0,D6_a-Keto-Glutaric_Acid,11
0.25,D6_a-Keto-Glutaric_Acid,11
0.5,D6_a-Keto-Glutaric_Acid,11
0.75,D6_a-Keto-Glutaric_Acid,11
1.0,D6_a-Keto-Glutaric_Acid,11
1.25,D6_a-Keto-Glutaric_Acid,11
1.5,D6_a-Keto-Glutaric_Acid,11
1.75,D6_a-Keto-Glutaric_Acid,11
2.0,D6_a-Keto-Glutaric_Acid,11
2.25,D6_a-Keto-Glutaric_Acid,11
2.5,D6_a-Keto-Glutaric_Acid,11
2.75,D6_a-Keto-Glutaric_Acid,11
3.0,D6_a-Keto-Glutaric_Acid,11
3.25,D6_a-Keto-Glutaric_Acid,11
3.5,D6_a-Keto-Glutaric_Acid,12
3.75,D6_a-Keto-Glutaric_Acid,11
4.0,D6_a-Keto-Glutaric_Acid,11
4.25,D6_a-Keto-Glutaric_Acid,11
4.5,D6_a-Keto-Glutaric_Acid,11
4.75,D6_a-Keto-Glutaric_Acid,11
5.0,D6_a-Keto-Glutaric_Acid,11
5.25,D6_a-Keto-Glutaric_Acid,11
5.5,D6_a-Keto-Glutaric_Acid,11
5.75,D6_a-Keto-Glutaric_Acid,11
6.0,D6_a-Keto-Glutaric_Acid,11
6.25,D6_a-Keto-Glutaric_Acid,11
6.5,D6_a-Keto-Glutaric_Acid,11
6.75,D6_a-Keto-Glutaric_Acid,11
7.0,D6_a-Keto-Glutaric_Acid,11
7.25,D6_a-Keto-Glutaric_Acid,11
7.5,D6_a-Keto-Glutaric_Acid,11
7.75,D6_a-Keto-Glutaric_Acid,11
8.0,D6_a-Keto-Glutaric_Acid,11
8.25,D6_a-Keto-Glutaric_Acid,11
8.5,D6_a-Keto-Glutaric_Acid,11
8.75,D6_a-Keto-Glutaric_Acid,11
9.0,D6_a-Keto-Glutaric_Acid,11
9.25,D6_a-Keto-Glutaric_Acid,11
9.5,D6_a-Keto-Glutaric_Acid,11
9.75,D6_a-Keto-Glutaric_Acid,11
10.0,D6_a-Keto-Glutaric_Acid,11
10.25,D6_a-Keto-Glutaric_Acid,11
10.5,D6_a-Keto-Glutaric_Acid,11
10.75,D6_a-Keto-Glutaric_Acid,11
11.0,D6_a-Keto-Glutaric_Acid,11
11.25,D6_a-Keto-Glutaric_Acid,11
11.5,D6_a-Keto-Glutaric_Acid,11
11.75,D6_a-Keto-Glutaric_Acid,11
12.0,D6_a-Keto-Glutaric_Acid,11
12.25,D6_a-Keto-Glutaric_Acid,11
12.5,D6_a-Keto-Glutaric_Acid,11
12.75,D6_a-Keto-Glutaric_Acid,11
13.0,D6_a-Keto-Glutaric_Acid,11
13.25,D6_a-Keto-Glutaric_Acid,11
13.5,D6_a-Keto-Glutaric_Acid,11
13.75,D6_a-Keto-Glutaric_Acid,11
14.0,D6_a-Keto-Glutaric_Acid,11
14.25,D6_a-Keto-Glutaric_Acid,11
14.5,D6_a-Keto-Glutaric_Acid,11
14.75,D6_a-Keto-Glutaric_Acid,11
15.0,D6_a-Keto-Glutaric_Acid,11
15.25,D6_a-Keto-Glutaric_Acid,11
15.5,D6_a-Keto-Glutaric_Acid,11
15.75,D6_a-Keto-Glutaric_Acid,11
16.0,D6_a-Keto-Glutaric_Acid,11
16.25,D6_a-Keto-Glutaric_Acid,11
16.5,D6_a-Keto-Glutaric_Acid,11
16.75,D6_a-Keto-Glutaric_Acid,11
17.0,D6_a-Keto-Glutaric_Acid,11
17.25,D6_a-Keto-Glutaric_Acid,11
17.5,D6_a-Keto-Glutaric_Acid,11
17.75,D6_a-Keto-Glutaric_Acid,11
18.0,D6_a-Keto-Glutaric_Acid,11
18.25,D6_a-Keto-Glutaric_Acid,11
18.5,D6_a-Keto-Glutaric_Acid,11
18.75,D6_a-Keto-Glutaric_Acid,11
19.0,D6_a-Keto-Glutaric_Acid,11
19.25,D6_a-Keto-Glutaric_Acid,11
19.5,D6_a-Keto-Glutaric_Acid,11
19.75,D6_a-Keto-Glutaric_Acid,11
20.0,D6_a-Keto-Glutaric_Acid,11
20.25,D6_a-Keto-Glutaric_Acid,11
20.5,D6_a-Keto-Glutaric_Acid,11
20.75,D6_a-Keto-Glutaric_Acid,11
21.0,D6_a-Keto-Glutaric_Acid,11
21.25,D6_a-Keto-Glutaric_Acid,11
21.5,D6_a-Keto-Glutaric_Acid,11
21.75,D6_a-Keto-Glutaric_Acid,11
22.0,D6_a-Keto-Glutaric_Acid,11
22.25,D6_a-Keto-Glutaric_Acid,11
22.5,D6_a-Keto-Glutaric_Acid,11
22.75,D6_a-Keto-Glutaric_Acid,11
23.0,D6_a-Keto-Glutaric_Acid,11
23.25,D6_a-Keto-Glutaric_Acid,11
23.5,D6_a-Keto-Glutaric_Acid,11
23.75,D6_a-Keto-Glutaric_Acid,11
24.0,D6_a-Keto-Glutaric_Acid,11
24.25,D6_a-Keto-Glutaric_Acid,11
24.5,D6_a-Keto-Glutaric_Acid,11
24.75,D6_a-Keto-Glutaric_Acid,11
25.0,D6_a-Keto-Glutaric_Acid,11
25.25,D6_a-Keto-Glutaric_Acid,11
25.5,D6_a-Keto-Glutaric_Acid,11
25.75,D6_a-Keto-Glutaric_Acid,11
26.0,D6_a-Keto-Glutaric_Acid,13
26.25,D6_a-Keto-Glutaric_Acid,11
26.5,D6_a-Keto-Glutaric_Acid,11
26.75,D6_a-Keto-Glutaric_Acid,11
27.0,D6_a-Keto-Glutaric_Acid,11
27.25,D6_a-Keto-Glutaric_Acid,11
27.5,D6_a-Keto-Glutaric_Acid,11
27.75,D6_a-Keto-Glutaric_Acid,11
28.0,D6_a-Keto-Glutaric_Acid,11
28.25,D6_a-Keto-Glutaric_Acid,11
28.5,D6_a-Keto-Glutaric_Acid,13
28.75,D6_a-Keto-Glutaric_Acid,11
29.0,D6_a-Keto-Glutaric_Acid,11
29.25,D6_a-Keto-Glutaric_Acid,11
29.5,D6_a-Keto-Glutaric_Acid,11
29.75,D6_a-Keto-Glutaric_Acid,11
30.0,D6_a-Keto-Glutaric_Acid,11
30.25,D6_a-Keto-Glutaric_Acid,11
30.5,D6_a-Keto-Glutaric_Acid,11
30.75,D6_a-Keto-Glutaric_Acid,11
31.0,D6_a-Keto-Glutaric_Acid,11
31.25,D6_a-Keto-Glutaric_Acid,11
31.5,D6_a-Keto-Glutaric_Acid,11
31.75,D6_a-Keto-Glutaric_Acid,13
32.0,D6_a-Keto-Glutaric_Acid,11
32.25,D6_a-Keto-Glutaric_Acid,13
32.5,D6_a-Keto-Glutaric_Acid,11
32.75,D6_a-Keto-Glutaric_Acid,11
33.0,D6_a-Keto-Glutaric_Acid,11
33.25,D6_a-Keto-Glutaric_Acid,11
33.5,D6_a-Keto-Glutaric_Acid,13
33.75,D6_a-Keto-Glutaric_Acid,11
34.0,D6_a-Keto-Glutaric_Acid,11
34.25,D6_a-Keto-Glutaric_Acid,11
34.5,D6_a-Keto-Glutaric_Acid,11
34.75,D6_a-Keto-Glutaric_Acid,11
35.0,D6_a-Keto-Glutaric_Acid,13
35.25,D6_a-Keto-Glutaric_Acid,12
35.5,D6_a-Keto-Glutaric_Acid,11
35.75,D6_a-Keto-Glutaric_Acid,11
36.0,D6_a-Keto-Glutaric_Acid,14
36.25,D6_a-Keto-Glutaric_Acid,11
36.5,D6_a-Keto-Glutaric_Acid,11
36.75,D6_a-Keto-Glutaric_Acid,14
37.0,D6_a-Keto-Glutaric_Acid,16
37.25,D6_a-Keto-Glutaric_Acid,13
37.5,D6_a-Keto-Glutaric_Acid,11
37.75,D6_a-Keto-Glutaric_Acid,14
38.0,D6_a-Keto-Glutaric_Acid,15
38.25,D6_a-Keto-Glutaric_Acid,11
38.5,D6_a-Keto-Glutaric_Acid,13
38.75,D6_a-Keto-Glutaric_Acid,11
39.0,D6_a-Keto-Glutaric_Acid,13
39.25,D6_a-Keto-Glutaric_Acid,11
39.5,D6_a-Keto-Glutaric_Acid,12
39.75,D6_a-Keto-Glutaric_Acid,11
40.0,D6_a-Keto-Glutaric_Acid,14
40.25,D6_a-Keto-Glutaric_Acid,15
40.5,D6_a-Keto-Glutaric_Acid,11
40.75,D6_a-Keto-Glutaric_Acid,16
41.0,D6_a-Keto-Glutaric_Acid,16
41.25,D6_a-Keto-Glutaric_Acid,14
41.5,D6_a-Keto-Glutaric_Acid,13
41.75,D6_a-Keto-Glutaric_Acid,16
42.0,D6_a-Keto-Glutaric_Acid,16
42.25,D6_a-Keto-Glutaric_Acid,20
42.5,D6_a-Keto-Glutaric_Acid,19
42.75,D6_a-Keto-Glutaric_Acid,17
43.0,D6_a-Keto-Glutaric_Acid,12
43.25,D6_a-Keto-Glutaric_Acid,18
43.5,D6_a-Keto-Glutaric_Acid,14
43.75,D6_a-Keto-Glutaric_Acid,18
44.0,D6_a-Keto-Glutaric_Acid,18
44.25,D6_a-Keto-Glutaric_Acid,18
44.5,D6_a-Keto-Glutaric_Acid,14
44.75,D6_a-Keto-Glutaric_Acid,12
45.0,D6_a-Keto-Glutaric_Acid,18
45.25,D6_a-Keto-Glutaric_Acid,15
45.5,D6_a-Keto-Glutaric_Acid,16
45.75,D6_a-Keto-Glutaric_Acid,21
46.0,D6_a-Keto-Glutaric_Acid,18
46.25,D6_a-Keto-Glutaric_Acid,21
46.5,D6_a-Keto-Glutaric_Acid,22
46.75,D6_a-Keto-Glutaric_Acid,21
47.0,D6_a-Keto-Glutaric_Acid,21
47.25,D6_a-Keto-Glutaric_Acid,17
47.5,D6_a-Keto-Glutaric_Acid,22
47.75,D6_a-Keto-Glutaric_Acid,21
48.0,D6_a-Keto-Glutaric_Acid,23
48.25,D6_a-Keto-Glutaric_Acid,20
0.0,D7_a-Keto-Butyric_Acid,11
0.25,D7_a-Keto-Butyric_Acid,11
0.5,D7_a-Keto-Butyric_Acid,11
0.75,D7_a-Keto-Butyric_Acid,11
1.0,D7_a-Keto-Butyric_Acid,11
1.25,D7_a-Keto-Butyric_Acid,11
1.5,D7_a-Keto-Butyric_Acid,11
1.75,D7_a-Keto-Butyric_Acid,11
2.0,D7_a-Keto-Butyric_Acid,11
2.25,D7_a-Keto-Butyric_Acid,11
2.5,D7_a-Keto-Butyric_Acid,11
2.75,D7_a-Keto-Butyric_Acid,11
3.0,D7_a-Keto-Butyric_Acid,11
3.25,D7_a-Keto-Butyric_Acid,11
3.5,D7_a-Keto-Butyric_Acid,11
3.75,D7_a-Keto-Butyric_Acid,11
4.0,D7_a-Keto-Butyric_Acid,11
4.25,D7_a-Keto-Butyric_Acid,11
4.5,D7_a-Keto-Butyric_Acid,11
4.75,D7_a-Keto-Butyric_Acid,11
5.0,D7_a-Keto-Butyric_Acid,11
5.25,D7_a-Keto-Butyric_Acid,11
5.5,D7_a-Keto-Butyric_Acid,11
5.75,D7_a-Keto-Butyric_Acid,11
6.0,D7_a-Keto-Butyric_Acid,11
6.25,D7_a-Keto-Butyric_Acid,11
6.5,D7_a-Keto-Butyric_Acid,11
6.75,D7_a-Keto-Butyric_Acid,11
7.0,D7_a-Keto-Butyric_Acid,11
7.25,D7_a-Keto-Butyric_Acid,11
7.5,D7_a-Keto-Butyric_Acid,11
7.75,D7_a-Keto-Butyric_Acid,11
8.0,D7_a-Keto-Butyric_Acid,11
8.25,D7_a-Keto-Butyric_Acid,11
8.5,D7_a-Keto-Butyric_Acid,11
8.75,D7_a-Keto-Butyric_Acid,11
9.0,D7_a-Keto-Butyric_Acid,11
9.25,D7_a-Keto-Butyric_Acid,11
9.5,D7_a-Keto-Butyric_Acid,11
9.75,D7_a-Keto-Butyric_Acid,11
10.0,D7_a-Keto-Butyric_Acid,11
10.25,D7_a-Keto-Butyric_Acid,11
10.5,D7_a-Keto-Butyric_Acid,11
10.75,D7_a-Keto-Butyric_Acid,11
11.0,D7_a-Keto-Butyric_Acid,11
11.25,D7_a-Keto-Butyric_Acid,11
11.5,D7_a-Keto-Butyric_Acid,11
11.75,D7_a-Keto-Butyric_Acid,11
12.0,D7_a-Keto-Butyric_Acid,11
12.25,D7_a-Keto-Butyric_Acid,11
12.5,D7_a-Keto-Butyric_Acid,11
12.75,D7_a-Keto-Butyric_Acid,11
13.0,D7_a-Keto-Butyric_Acid,11
13.25,D7_a-Keto-Butyric_Acid,11
13.5,D7_a-Keto-Butyric_Acid,11
13.75,D7_a-Keto-Butyric_Acid,11
14.0,D7_a-Keto-Butyric_Acid,11
14.25,D7_a-Keto-Butyric_Acid,11
14.5,D7_a-Keto-Butyric_Acid,11
14.75,D7_a-Keto-Butyric_Acid,11
15.0,D7_a-Keto-Butyric_Acid,11
15.25,D7_a-Keto-Butyric_Acid,11
15.5,D7_a-Keto-Butyric_Acid,11
15.75,D7_a-Keto-Butyric_Acid,11
16.0,D7_a-Keto-Butyric_Acid,11
16.25,D7_a-Keto-Butyric_Acid,11
16.5,D7_a-Keto-Butyric_Acid,11
16.75,D7_a-Keto-Butyric_Acid,11
17.0,D7_a-Keto-Butyric_Acid,11
17.25,D7_a-Keto-Butyric_Acid,11
17.5,D7_a-Keto-Butyric_Acid,11
17.75,D7_a-Keto-Butyric_Acid,11
18.0,D7_a-Keto-Butyric_Acid,11
18.25,D7_a-Keto-Butyric_Acid,11
18.5,D7_a-Keto-Butyric_Acid,11
18.75,D7_a-Keto-Butyric_Acid,11
19.0,D7_a-Keto-Butyric_Acid,11
19.25,D7_a-Keto-Butyric_Acid,11
19.5,D7_a-Keto-Butyric_Acid,11
19.75,D7_a-Keto-Butyric_Acid,11
20.0,D7_a-Keto-Butyric_Acid,11
20.25,D7_a-Keto-Butyric_Acid,11
20.5,D7_a-Keto-Butyric_Acid,11
20.75,D7_a-Keto-Butyric_Acid,11
21.0,D7_a-Keto-Butyric_Acid,11
21.25,D7_a-Keto-Butyric_Acid,11
21.5,D7_a-Keto-Butyric_Acid,11
21.75,D7_a-Keto-Butyric_Acid,11
22.0,D7_a-Keto-Butyric_Acid,13
22.25,D7_a-Keto-Butyric_Acid,11
22.5,D7_a-Keto-Butyric_Acid,11
22.75,D7_a-Keto-Butyric_Acid,11
23.0,D7_a-Keto-Butyric_Acid,11
23.25,D7_a-Keto-Butyric_Acid,11
23.5,D7_a-Keto-Butyric_Acid,11
23.75,D7_a-Keto-Butyric_Acid,11
24.0,D7_a-Keto-Butyric_Acid,12
24.25,D7_a-Keto-Butyric_Acid,12
24.5,D7_a-Keto-Butyric_Acid,11
24.75,D7_a-Keto-Butyric_Acid,11
25.0,D7_a-Keto-Butyric_Acid,11
25.25,D7_a-Keto-Butyric_Acid,12
25.5,D7_a-Keto-Butyric_Acid,11
25.75,D7_a-Keto-Butyric_Acid,11
26.0,D7_a-Keto-Butyric_Acid,11
26.25,D7_a-Keto-Butyric_Acid,13
26.5,D7_a-Keto-Butyric_Acid,11
26.75,D7_a-Keto-Butyric_Acid,11
27.0,D7_a-Keto-Butyric_Acid,11
27.25,D7_a-Keto-Butyric_Acid,11
27.5,D7_a-Keto-Butyric_Acid,13
27.75,D7_a-Keto-Butyric_Acid,12
28.0,D7_a-Keto-Butyric_Acid,11
28.25,D7_a-Keto-Butyric_Acid,12
28.5,D7_a-Keto-Butyric_Acid,16
28.75,D7_a-Keto-Butyric_Acid,11
29.0,D7_a-Keto-Butyric_Acid,12
29.25,D7_a-Keto-Butyric_Acid,11
29.5,D7_a-Keto-Butyric_Acid,11
29.75,D7_a-Keto-Butyric_Acid,12
30.0,D7_a-Keto-Butyric_Acid,11
30.25,D7_a-Keto-Butyric_Acid,11
30.5,D7_a-Keto-Butyric_Acid,11
30.75,D7_a-Keto-Butyric_Acid,11
31.0,D7_a-Keto-Butyric_Acid,11
31.25,D7_a-Keto-Butyric_Acid,11
31.5,D7_a-Keto-Butyric_Acid,11
31.75,D7_a-Keto-Butyric_Acid,12
32.0,D7_a-Keto-Butyric_Acid,13
32.25,D7_a-Keto-Butyric_Acid,13
32.5,D7_a-Keto-Butyric_Acid,11
32.75,D7_a-Keto-Butyric_Acid,11
33.0,D7_a-Keto-Butyric_Acid,11
33.25,D7_a-Keto-Butyric_Acid,13
33.5,D7_a-Keto-Butyric_Acid,14
33.75,D7_a-Keto-Butyric_Acid,11
34.0,D7_a-Keto-Butyric_Acid,11
34.25,D7_a-Keto-Butyric_Acid,11
34.5,D7_a-Keto-Butyric_Acid,13
34.75,D7_a-Keto-Butyric_Acid,11
35.0,D7_a-Keto-Butyric_Acid,11
35.25,D7_a-Keto-Butyric_Acid,13
35.5,D7_a-Keto-Butyric_Acid,13
35.75,D7_a-Keto-Butyric_Acid,11
36.0,D7_a-Keto-Butyric_Acid,14
36.25,D7_a-Keto-Butyric_Acid,11
36.5,D7_a-Keto-Butyric_Acid,12
36.75,D7_a-Keto-Butyric_Acid,12
37.0,D7_a-Keto-Butyric_Acid,12
37.25,D7_a-Keto-Butyric_Acid,11
37.5,D7_a-Keto-Butyric_Acid,11
37.75,D7_a-Keto-Butyric_Acid,11
38.0,D7_a-Keto-Butyric_Acid,14
38.25,D7_a-Keto-Butyric_Acid,11
38.5,D7_a-Keto-Butyric_Acid,13
38.75,D7_a-Keto-Butyric_Acid,12
39.0,D7_a-Keto-Butyric_Acid,12
39.25,D7_a-Keto-Butyric_Acid,11
39.5,D7_a-Keto-Butyric_Acid,12
39.75,D7_a-Keto-Butyric_Acid,11
40.0,D7_a-Keto-Butyric_Acid,12
40.25,D7_a-Keto-Butyric_Acid,11
40.5,D7_a-Keto-Butyric_Acid,11
40.75,D7_a-Keto-Butyric_Acid,11
41.0,D7_a-Keto-Butyric_Acid,12
41.25,D7_a-Keto-Butyric_Acid,15
41.5,D7_a-Keto-Butyric_Acid,11
41.75,D7_a-Keto-Butyric_Acid,11
42.0,D7_a-Keto-Butyric_Acid,14
42.25,D7_a-Keto-Butyric_Acid,13
42.5,D7_a-Keto-Butyric_Acid,14
42.75,D7_a-Keto-Butyric_Acid,15
43.0,D7_a-Keto-Butyric_Acid,12
43.25,D7_a-Keto-Butyric_Acid,11
43.5,D7_a-Keto-Butyric_Acid,11
43.75,D7_a-Keto-Butyric_Acid,15
44.0,D7_a-Keto-Butyric_Acid,16
44.25,D7_a-Keto-Butyric_Acid,15
44.5,D7_a-Keto-Butyric_Acid,15
44.75,D7_a-Keto-Butyric_Acid,13
45.0,D7_a-Keto-Butyric_Acid,11
45.25,D7_a-Keto-Butyric_Acid,12
45.5,D7_a-Keto-Butyric_Acid,11
45.75,D7_a-Keto-Butyric_Acid,16
46.0,D7_a-Keto-Butyric_Acid,12
46.25,D7_a-Keto-Butyric_Acid,16
46.5,D7_a-Keto-Butyric_Acid,15
46.75,D7_a-Keto-Butyric_Acid,16
47.0,D7_a-Keto-Butyric_Acid,11
47.25,D7_a-Keto-Butyric_Acid,12
47.5,D7_a-Keto-Butyric_Acid,11
47.75,D7_a-Keto-Butyric_Acid,13
48.0,D7_a-Keto-Butyric_Acid,16
48.25,D7_a-Keto-Butyric_Acid,15
0.0,D8_a-Methyl-D_Galactoside,11
0.25,D8_a-Methyl-D_Galactoside,11
0.5,D8_a-Methyl-D_Galactoside,11
0.75,D8_a-Methyl-D_Galactoside,11
1.0,D8_a-Methyl-D_Galactoside,11
1.25,D8_a-Methyl-D_Galactoside,11
1.5,D8_a-Methyl-D_Galactoside,11
1.75,D8_a-Methyl-D_Galactoside,11
2.0,D8_a-Methyl-D_Galactoside,11
2.25,D8_a-Methyl-D_Galactoside,11
2.5,D8_a-Methyl-D_Galactoside,11
2.75,D8_a-Methyl-D_Galactoside,11
3.0,D8_a-Methyl-D_Galactoside,11
3.25,D8_a-Methyl-D_Galactoside,11
3.5,D8_a-Methyl-D_Galactoside,11
3.75,D8_a-Methyl-D_Galactoside,11
4.0,D8_a-Methyl-D_Galactoside,11
4.25,D8_a-Methyl-D_Galactoside,11
4.5,D8_a-Methyl-D_Galactoside,11
4.75,D8_a-Methyl-D_Galactoside,11
5.0,D8_a-Methyl-D_Galactoside,11
5.25,D8_a-Methyl-D_Galactoside,11
5.5,D8_a-Methyl-D_Galactoside,11
5.75,D8_a-Methyl-D_Galactoside,11
6.0,D8_a-Methyl-D_Galactoside,11
6.25,D8_a-Methyl-D_Galactoside,11
6.5,D8_a-Methyl-D_Galactoside,11
6.75,D8_a-Methyl-D_Galactoside,11
7.0,D8_a-Methyl-D_Galactoside,11
7.25,D8_a-Methyl-D_Galactoside,11
7.5,D8_a-Methyl-D_Galactoside,11
7.75,D8_a-Methyl-D_Galactoside,11
8.0,D8_a-Methyl-D_Galactoside,11
8.25,D8_a-Methyl-D_Galactoside,11
8.5,D8_a-Methyl-D_Galactoside,11
8.75,D8_a-Methyl-D_Galactoside,11
9.0,D8_a-Methyl-D_Galactoside,11
9.25,D8_a-Methyl-D_Galactoside,11
9.5,D8_a-Methyl-D_Galactoside,11
9.75,D8_a-Methyl-D_Galactoside,11
10.0,D8_a-Methyl-D_Galactoside,11
10.25,D8_a-Methyl-D_Galactoside,11
10.5,D8_a-Methyl-D_Galactoside,11
10.75,D8_a-Methyl-D_Galactoside,11
11.0,D8_a-Methyl-D_Galactoside,11
11.25,D8_a-Methyl-D_Galactoside,11
11.5,D8_a-Methyl-D_Galactoside,11
11.75,D8_a-Methyl-D_Galactoside,11
12.0,D8_a-Methyl-D_Galactoside,11
12.25,D8_a-Methyl-D_Galactoside,11
12.5,D8_a-Methyl-D_Galactoside,11
12.75,D8_a-Methyl-D_Galactoside,11
13.0,D8_a-Methyl-D_Galactoside,11
13.25,D8_a-Methyl-D_Galactoside,11
13.5,D8_a-Methyl-D_Galactoside,11
13.75,D8_a-Methyl-D_Galactoside,11
14.0,D8_a-Methyl-D_Galactoside,11
14.25,D8_a-Methyl-D_Galactoside,11
14.5,D8_a-Methyl-D_Galactoside,11
14.75,D8_a-Methyl-D_Galactoside,12
15.0,D8_a-Methyl-D_Galactoside,11
15.25,D8_a-Methyl-D_Galactoside,11
15.5,D8_a-Methyl-D_Galactoside,11
15.75,D8_a-Methyl-D_Galactoside,11
16.0,D8_a-Methyl-D_Galactoside,11
16.25,D8_a-Methyl-D_Galactoside,11
16.5,D8_a-Methyl-D_Galactoside,11
16.75,D8_a-Methyl-D_Galactoside,11
17.0,D8_a-Methyl-D_Galactoside,11
17.25,D8_a-Methyl-D_Galactoside,11
17.5,D8_a-Methyl-D_Galactoside,11
17.75,D8_a-Methyl-D_Galactoside,11
18.0,D8_a-Methyl-D_Galactoside,11
18.25,D8_a-Methyl-D_Galactoside,11
18.5,D8_a-Methyl-D_Galactoside,11
18.75,D8_a-Methyl-D_Galactoside,11
19.0,D8_a-Methyl-D_Galactoside,11
19.25,D8_a-Methyl-D_Galactoside,11
19.5,D8_a-Methyl-D_Galactoside,11
19.75,D8_a-Methyl-D_Galactoside,11
20.0,D8_a-Methyl-D_Galactoside,11
20.25,D8_a-Methyl-D_Galactoside,12
20.5,D8_a-Methyl-D_Galactoside,11
20.75,D8_a-Methyl-D_Galactoside,11
21.0,D8_a-Methyl-D_Galactoside,11
21.25,D8_a-Methyl-D_Galactoside,11
21.5,D8_a-Methyl-D_Galactoside,11
21.75,D8_a-Methyl-D_Galactoside,11
22.0,D8_a-Methyl-D_Galactoside,11
22.25,D8_a-Methyl-D_Galactoside,11
22.5,D8_a-Methyl-D_Galactoside,13
22.75,D8_a-Methyl-D_Galactoside,11
23.0,D8_a-Methyl-D_Galactoside,11
23.25,D8_a-Methyl-D_Galactoside,11
23.5,D8_a-Methyl-D_Galactoside,12
23.75,D8_a-Methyl-D_Galactoside,11
24.0,D8_a-Methyl-D_Galactoside,11
24.25,D8_a-Methyl-D_Galactoside,13
24.5,D8_a-Methyl-D_Galactoside,11
24.75,D8_a-Methyl-D_Galactoside,11
25.0,D8_a-Methyl-D_Galactoside,11
25.25,D8_a-Methyl-D_Galactoside,12
25.5,D8_a-Methyl-D_Galactoside,11
25.75,D8_a-Methyl-D_Galactoside,12
26.0,D8_a-Methyl-D_Galactoside,11
26.25,D8_a-Methyl-D_Galactoside,11
26.5,D8_a-Methyl-D_Galactoside,11
26.75,D8_a-Methyl-D_Galactoside,12
27.0,D8_a-Methyl-D_Galactoside,11
27.25,D8_a-Methyl-D_Galactoside,11
27.5,D8_a-Methyl-D_Galactoside,11
27.75,D8_a-Methyl-D_Galactoside,11
28.0,D8_a-Methyl-D_Galactoside,12
28.25,D8_a-Methyl-D_Galactoside,13
28.5,D8_a-Methyl-D_Galactoside,17
28.75,D8_a-Methyl-D_Galactoside,12
29.0,D8_a-Methyl-D_Galactoside,11
29.25,D8_a-Methyl-D_Galactoside,12
29.5,D8_a-Methyl-D_Galactoside,18
29.75,D8_a-Methyl-D_Galactoside,11
30.0,D8_a-Methyl-D_Galactoside,14
30.25,D8_a-Methyl-D_Galactoside,11
30.5,D8_a-Methyl-D_Galactoside,12
30.75,D8_a-Methyl-D_Galactoside,14
31.0,D8_a-Methyl-D_Galactoside,12
31.25,D8_a-Methyl-D_Galactoside,13
31.5,D8_a-Methyl-D_Galactoside,19
31.75,D8_a-Methyl-D_Galactoside,14
32.0,D8_a-Methyl-D_Galactoside,11
32.25,D8_a-Methyl-D_Galactoside,14
32.5,D8_a-Methyl-D_Galactoside,19
32.75,D8_a-Methyl-D_Galactoside,15
33.0,D8_a-Methyl-D_Galactoside,17
33.25,D8_a-Methyl-D_Galactoside,15
33.5,D8_a-Methyl-D_Galactoside,12
33.75,D8_a-Methyl-D_Galactoside,16
34.0,D8_a-Methyl-D_Galactoside,12
34.25,D8_a-Methyl-D_Galactoside,18
34.5,D8_a-Methyl-D_Galactoside,13
34.75,D8_a-Methyl-D_Galactoside,14
35.0,D8_a-Methyl-D_Galactoside,19
35.25,D8_a-Methyl-D_Galactoside,13
35.5,D8_a-Methyl-D_Galactoside,20
35.75,D8_a-Methyl-D_Galactoside,18
36.0,D8_a-Methyl-D_Galactoside,11
36.25,D8_a-Methyl-D_Galactoside,13
36.5,D8_a-Methyl-D_Galactoside,17
36.75,D8_a-Methyl-D_Galactoside,15
37.0,D8_a-Methyl-D_Galactoside,21
37.25,D8_a-Methyl-D_Galactoside,19
37.5,D8_a-Methyl-D_Galactoside,18
37.75,D8_a-Methyl-D_Galactoside,22
38.0,D8_a-Methyl-D_Galactoside,18
38.25,D8_a-Methyl-D_Galactoside,17
38.5,D8_a-Methyl-D_Galactoside,19
38.75,D8_a-Methyl-D_Galactoside,18
39.0,D8_a-Methyl-D_Galactoside,17
39.25,D8_a-Methyl-D_Galactoside,19
39.5,D8_a-Methyl-D_Galactoside,18
39.75,D8_a-Methyl-D_Galactoside,16
40.0,D8_a-Methyl-D_Galactoside,18
40.25,D8_a-Methyl-D_Galactoside,18
40.5,D8_a-Methyl-D_Galactoside,16
40.75,D8_a-Methyl-D_Galactoside,13
41.0,D8_a-Methyl-D_Galactoside,19
41.25,D8_a-Methyl-D_Galactoside,19
41.5,D8_a-Methyl-D_Galactoside,17
41.75,D8_a-Methyl-D_Galactoside,15
42.0,D8_a-Methyl-D_Galactoside,19
42.25,D8_a-Methyl-D_Galactoside,17
42.5,D8_a-Methyl-D_Galactoside,15
42.75,D8_a-Methyl-D_Galactoside,17
43.0,D8_a-Methyl-D_Galactoside,15
43.25,D8_a-Methyl-D_Galactoside,18
43.5,D8_a-Methyl-D_Galactoside,20
43.75,D8_a-Methyl-D_Galactoside,17
44.0,D8_a-Methyl-D_Galactoside,15
44.25,D8_a-Methyl-D_Galactoside,16
44.5,D8_a-Methyl-D_Galactoside,15
44.75,D8_a-Methyl-D_Galactoside,16
45.0,D8_a-Methyl-D_Galactoside,14
45.25,D8_a-Methyl-D_Galactoside,21
45.5,D8_a-Methyl-D_Galactoside,20
45.75,D8_a-Methyl-D_Galactoside,19
46.0,D8_a-Methyl-D_Galactoside,15
46.25,D8_a-Methyl-D_Galactoside,19
46.5,D8_a-Methyl-D_Galactoside,18
46.75,D8_a-Methyl-D_Galactoside,21
47.0,D8_a-Methyl-D_Galactoside,15
47.25,D8_a-Methyl-D_Galactoside,19
47.5,D8_a-Methyl-D_Galactoside,21
47.75,D8_a-Methyl-D_Galactoside,17
48.0,D8_a-Methyl-D_Galactoside,16
48.25,D8_a-Methyl-D_Galactoside,20
0.0,D9_a-D-Lactose,11
0.25,D9_a-D-Lactose,11
0.5,D9_a-D-Lactose,11
0.75,D9_a-D-Lactose,11
1.0,D9_a-D-Lactose,11
1.25,D9_a-D-Lactose,11
1.5,D9_a-D-Lactose,11
1.75,D9_a-D-Lactose,11
2.0,D9_a-D-Lactose,11
2.25,D9_a-D-Lactose,11
2.5,D9_a-D-Lactose,11
2.75,D9_a-D-Lactose,11
3.0,D9_a-D-Lactose,11
3.25,D9_a-D-Lactose,11
3.5,D9_a-D-Lactose,11
3.75,D9_a-D-Lactose,11
4.0,D9_a-D-Lactose,11
4.25,D9_a-D-Lactose,11
4.5,D9_a-D-Lactose,11
4.75,D9_a-D-Lactose,11
5.0,D9_a-D-Lactose,11
5.25,D9_a-D-Lactose,11
5.5,D9_a-D-Lactose,11
5.75,D9_a-D-Lactose,11
6.0,D9_a-D-Lactose,11
6.25,D9_a-D-Lactose,11
6.5,D9_a-D-Lactose,11
6.75,D9_a-D-Lactose,11
7.0,D9_a-D-Lactose,11
7.25,D9_a-D-Lactose,11
7.5,D9_a-D-Lactose,11
7.75,D9_a-D-Lactose,11
8.0,D9_a-D-Lactose,11
8.25,D9_a-D-Lactose,11
8.5,D9_a-D-Lactose,11
8.75,D9_a-D-Lactose,11
9.0,D9_a-D-Lactose,11
9.25,D9_a-D-Lactose,11
9.5,D9_a-D-Lactose,11
9.75,D9_a-D-Lactose,11
10.0,D9_a-D-Lactose,11
10.25,D9_a-D-Lactose,11
10.5,D9_a-D-Lactose,11
10.75,D9_a-D-Lactose,11
11.0,D9_a-D-Lactose,11
11.25,D9_a-D-Lactose,11
11.5,D9_a-D-Lactose,11
11.75,D9_a-D-Lactose,11
12.0,D9_a-D-Lactose,11
12.25,D9_a-D-Lactose,11
12.5,D9_a-D-Lactose,11
12.75,D9_a-D-Lactose,11
13.0,D9_a-D-Lactose,11
13.25,D9_a-D-Lactose,11
13.5,D9_a-D-Lactose,11
13.75,D9_a-D-Lactose,11
14.0,D9_a-D-Lactose,11
14.25,D9_a-D-Lactose,11
14.5,D9_a-D-Lactose,13
14.75,D9_a-D-Lactose,11
15.0,D9_a-D-Lactose,11
15.25,D9_a-D-Lactose,11
15.5,D9_a-D-Lactose,11
15.75,D9_a-D-Lactose,11
16.0,D9_a-D-Lactose,11
16.25,D9_a-D-Lactose,11
16.5,D9_a-D-Lactose,11
16.75,D9_a-D-Lactose,11
17.0,D9_a-D-Lactose,11
17.25,D9_a-D-Lactose,11
17.5,D9_a-D-Lactose,11
17.75,D9_a-D-Lactose,11
18.0,D9_a-D-Lactose,11
18.25,D9_a-D-Lactose,11
18.5,D9_a-D-Lactose,11
18.75,D9_a-D-Lactose,12
19.0,D9_a-D-Lactose,11
19.25,D9_a-D-Lactose,11
19.5,D9_a-D-Lactose,11
19.75,D9_a-D-Lactose,11
20.0,D9_a-D-Lactose,11
20.25,D9_a-D-Lactose,11
20.5,D9_a-D-Lactose,11
20.75,D9_a-D-Lactose,11
21.0,D9_a-D-Lactose,11
21.25,D9_a-D-Lactose,12
21.5,D9_a-D-Lactose,13
21.75,D9_a-D-Lactose,11
22.0,D9_a-D-Lactose,13
22.25,D9_a-D-Lactose,12
22.5,D9_a-D-Lactose,11
22.75,D9_a-D-Lactose,13
23.0,D9_a-D-Lactose,11
23.25,D9_a-D-Lactose,11
23.5,D9_a-D-Lactose,12
23.75,D9_a-D-Lactose,11
24.0,D9_a-D-Lactose,11
24.25,D9_a-D-Lactose,11
24.5,D9_a-D-Lactose,11
24.75,D9_a-D-Lactose,11
25.0,D9_a-D-Lactose,11
25.25,D9_a-D-Lactose,11
25.5,D9_a-D-Lactose,11
25.75,D9_a-D-Lactose,11
26.0,D9_a-D-Lactose,11
26.25,D9_a-D-Lactose,12
26.5,D9_a-D-Lactose,11
26.75,D9_a-D-Lactose,11
27.0,D9_a-D-Lactose,14
27.25,D9_a-D-Lactose,13
27.5,D9_a-D-Lactose,13
27.75,D9_a-D-Lactose,12
28.0,D9_a-D-Lactose,11
28.25,D9_a-D-Lactose,13
28.5,D9_a-D-Lactose,19
28.75,D9_a-D-Lactose,11
29.0,D9_a-D-Lactose,13
29.25,D9_a-D-Lactose,12
29.5,D9_a-D-Lactose,13
29.75,D9_a-D-Lactose,14
30.0,D9_a-D-Lactose,13
30.25,D9_a-D-Lactose,11
30.5,D9_a-D-Lactose,13
30.75,D9_a-D-Lactose,13
31.0,D9_a-D-Lactose,14
31.25,D9_a-D-Lactose,11
31.5,D9_a-D-Lactose,15
31.75,D9_a-D-Lactose,11
32.0,D9_a-D-Lactose,13
32.25,D9_a-D-Lactose,17
32.5,D9_a-D-Lactose,15
32.75,D9_a-D-Lactose,12
33.0,D9_a-D-Lactose,13
33.25,D9_a-D-Lactose,13
33.5,D9_a-D-Lactose,17
33.75,D9_a-D-Lactose,16
34.0,D9_a-D-Lactose,15
34.25,D9_a-D-Lactose,15
34.5,D9_a-D-Lactose,16
34.75,D9_a-D-Lactose,13
35.0,D9_a-D-Lactose,15
35.25,D9_a-D-Lactose,14
35.5,D9_a-D-Lactose,18
35.75,D9_a-D-Lactose,15
36.0,D9_a-D-Lactose,13
36.25,D9_a-D-Lactose,13
36.5,D9_a-D-Lactose,14
36.75,D9_a-D-Lactose,20
37.0,D9_a-D-Lactose,18
37.25,D9_a-D-Lactose,18
37.5,D9_a-D-Lactose,13
37.75,D9_a-D-Lactose,16
38.0,D9_a-D-Lactose,14
38.25,D9_a-D-Lactose,16
38.5,D9_a-D-Lactose,17
38.75,D9_a-D-Lactose,14
39.0,D9_a-D-Lactose,16
39.25,D9_a-D-Lactose,14
39.5,D9_a-D-Lactose,17
39.75,D9_a-D-Lactose,16
40.0,D9_a-D-Lactose,16
40.25,D9_a-D-Lactose,17
40.5,D9_a-D-Lactose,17
40.75,D9_a-D-Lactose,13
41.0,D9_a-D-Lactose,17
41.25,D9_a-D-Lactose,18
41.5,D9_a-D-Lactose,19
41.75,D9_a-D-Lactose,19
42.0,D9_a-D-Lactose,20
42.25,D9_a-D-Lactose,18
42.5,D9_a-D-Lactose,17
42.75,D9_a-D-Lactose,17
43.0,D9_a-D-Lactose,17
43.25,D9_a-D-Lactose,19
43.5,D9_a-D-Lactose,21
43.75,D9_a-D-Lactose,17
44.0,D9_a-D-Lactose,16
44.25,D9_a-D-Lactose,18
44.5,D9_a-D-Lactose,14
44.75,D9_a-D-Lactose,19
45.0,D9_a-D-Lactose,17
45.25,D9_a-D-Lactose,17
45.5,D9_a-D-Lactose,18
45.75,D9_a-D-Lactose,16
46.0,D9_a-D-Lactose,15
46.25,D9_a-D-Lactose,18
46.5,D9_a-D-Lactose,20
46.75,D9_a-D-Lactose,18
47.0,D9_a-D-Lactose,19
47.25,D9_a-D-Lactose,16
47.5,D9_a-D-Lactose,15
47.75,D9_a-D-Lactose,16
48.0,D9_a-D-Lactose,16
48.25,D9_a-D-Lactose,17
0.0,D10_Lactulose,11
0.25,D10_Lactulose,11
0.5,D10_Lactulose,11
0.75,D10_Lactulose,11
1.0,D10_Lactulose,11
1.25,D10_Lactulose,11
1.5,D10_Lactulose,11
1.75,D10_Lactulose,11
2.0,D10_Lactulose,11
2.25,D10_Lactulose,11
2.5,D10_Lactulose,11
2.75,D10_Lactulose,11
3.0,D10_Lactulose,11
3.25,D10_Lactulose,11
3.5,D10_Lactulose,11
3.75,D10_Lactulose,11
4.0,D10_Lactulose,11
4.25,D10_Lactulose,11
4.5,D10_Lactulose,11
4.75,D10_Lactulose,11
5.0,D10_Lactulose,11
5.25,D10_Lactulose,11
5.5,D10_Lactulose,11
5.75,D10_Lactulose,11
6.0,D10_Lactulose,11
6.25,D10_Lactulose,11
6.5,D10_Lactulose,11
6.75,D10_Lactulose,11
7.0,D10_Lactulose,11
7.25,D10_Lactulose,11
7.5,D10_Lactulose,11
7.75,D10_Lactulose,11
8.0,D10_Lactulose,11
8.25,D10_Lactulose,11
8.5,D10_Lactulose,11
8.75,D10_Lactulose,11
9.0,D10_Lactulose,11
9.25,D10_Lactulose,11
9.5,D10_Lactulose,11
9.75,D10_Lactulose,11
10.0,D10_Lactulose,11
10.25,D10_Lactulose,11
10.5,D10_Lactulose,11
10.75,D10_Lactulose,11
11.0,D10_Lactulose,11
11.25,D10_Lactulose,11
11.5,D10_Lactulose,11
11.75,D10_Lactulose,11
12.0,D10_Lactulose,11
12.25,D10_Lactulose,11
12.5,D10_Lactulose,11
12.75,D10_Lactulose,11
13.0,D10_Lactulose,11
13.25,D10_Lactulose,11
13.5,D10_Lactulose,11
13.75,D10_Lactulose,11
14.0,D10_Lactulose,11
14.25,D10_Lactulose,11
14.5,D10_Lactulose,11
14.75,D10_Lactulose,11
15.0,D10_Lactulose,11
15.25,D10_Lactulose,11
15.5,D10_Lactulose,11
15.75,D10_Lactulose,11
16.0,D10_Lactulose,11
16.25,D10_Lactulose,11
16.5,D10_Lactulose,11
16.75,D10_Lactulose,11
17.0,D10_Lactulose,11
17.25,D10_Lactulose,11
17.5,D10_Lactulose,11
17.75,D10_Lactulose,11
18.0,D10_Lactulose,11
18.25,D10_Lactulose,11
18.5,D10_Lactulose,11
18.75,D10_Lactulose,11
19.0,D10_Lactulose,11
19.25,D10_Lactulose,11
19.5,D10_Lactulose,11
19.75,D10_Lactulose,11
20.0,D10_Lactulose,11
20.25,D10_Lactulose,11
20.5,D10_Lactulose,11
20.75,D10_Lactulose,11
21.0,D10_Lactulose,11
21.25,D10_Lactulose,11
21.5,D10_Lactulose,11
21.75,D10_Lactulose,11
22.0,D10_Lactulose,16
22.25,D10_Lactulose,11
22.5,D10_Lactulose,11
22.75,D10_Lactulose,11
23.0,D10_Lactulose,11
23.25,D10_Lactulose,11
23.5,D10_Lactulose,11
23.75,D10_Lactulose,11
24.0,D10_Lactulose,11
24.25,D10_Lactulose,15
24.5,D10_Lactulose,11
24.75,D10_Lactulose,13
25.0,D10_Lactulose,11
25.25,D10_Lactulose,11
25.5,D10_Lactulose,11
25.75,D10_Lactulose,12
26.0,D10_Lactulose,11
26.25,D10_Lactulose,11
26.5,D10_Lactulose,11
26.75,D10_Lactulose,11
27.0,D10_Lactulose,11
27.25,D10_Lactulose,11
27.5,D10_Lactulose,11
27.75,D10_Lactulose,11
28.0,D10_Lactulose,13
28.25,D10_Lactulose,11
28.5,D10_Lactulose,14
28.75,D10_Lactulose,11
29.0,D10_Lactulose,14
29.25,D10_Lactulose,11
29.5,D10_Lactulose,11
29.75,D10_Lactulose,11
30.0,D10_Lactulose,11
30.25,D10_Lactulose,11
30.5,D10_Lactulose,12
30.75,D10_Lactulose,11
31.0,D10_Lactulose,11
31.25,D10_Lactulose,14
31.5,D10_Lactulose,11
31.75,D10_Lactulose,12
32.0,D10_Lactulose,12
32.25,D10_Lactulose,12
32.5,D10_Lactulose,14
32.75,D10_Lactulose,12
33.0,D10_Lactulose,11
33.25,D10_Lactulose,11
33.5,D10_Lactulose,11
33.75,D10_Lactulose,13
34.0,D10_Lactulose,11
34.25,D10_Lactulose,13
34.5,D10_Lactulose,17
34.75,D10_Lactulose,13
35.0,D10_Lactulose,12
35.25,D10_Lactulose,14
35.5,D10_Lactulose,15
35.75,D10_Lactulose,12
36.0,D10_Lactulose,11
36.25,D10_Lactulose,12
36.5,D10_Lactulose,12
36.75,D10_Lactulose,15
37.0,D10_Lactulose,18
37.25,D10_Lactulose,15
37.5,D10_Lactulose,11
37.75,D10_Lactulose,15
38.0,D10_Lactulose,14
38.25,D10_Lactulose,11
38.5,D10_Lactulose,13
38.75,D10_Lactulose,13
39.0,D10_Lactulose,13
39.25,D10_Lactulose,17
39.5,D10_Lactulose,13
39.75,D10_Lactulose,11
40.0,D10_Lactulose,17
40.25,D10_Lactulose,13
40.5,D10_Lactulose,17
40.75,D10_Lactulose,18
41.0,D10_Lactulose,15
41.25,D10_Lactulose,15
41.5,D10_Lactulose,12
41.75,D10_Lactulose,15
42.0,D10_Lactulose,15
42.25,D10_Lactulose,14
42.5,D10_Lactulose,17
42.75,D10_Lactulose,17
43.0,D10_Lactulose,15
43.25,D10_Lactulose,15
43.5,D10_Lactulose,16
43.75,D10_Lactulose,11
44.0,D10_Lactulose,13
44.25,D10_Lactulose,12
44.5,D10_Lactulose,16
44.75,D10_Lactulose,15
45.0,D10_Lactulose,12
45.25,D10_Lactulose,15
45.5,D10_Lactulose,15
45.75,D10_Lactulose,16
46.0,D10_Lactulose,11
46.25,D10_Lactulose,17
46.5,D10_Lactulose,17
46.75,D10_Lactulose,17
47.0,D10_Lactulose,15
47.25,D10_Lactulose,17
47.5,D10_Lactulose,16
47.75,D10_Lactulose,20
48.0,D10_Lactulose,14
48.25,D10_Lactulose,18
0.0,D11_Sucrose,11
0.25,D11_Sucrose,11
0.5,D11_Sucrose,11
0.75,D11_Sucrose,11
1.0,D11_Sucrose,11
1.25,D11_Sucrose,11
1.5,D11_Sucrose,11
1.75,D11_Sucrose,11
2.0,D11_Sucrose,11
2.25,D11_Sucrose,11
2.5,D11_Sucrose,11
2.75,D11_Sucrose,11
3.0,D11_Sucrose,11
3.25,D11_Sucrose,11
3.5,D11_Sucrose,11
3.75,D11_Sucrose,11
4.0,D11_Sucrose,11
4.25,D11_Sucrose,11
4.5,D11_Sucrose,11
4.75,D11_Sucrose,11
5.0,D11_Sucrose,11
5.25,D11_Sucrose,11
5.5,D11_Sucrose,11
5.75,D11_Sucrose,11
6.0,D11_Sucrose,11
6.25,D11_Sucrose,11
6.5,D11_Sucrose,11
6.75,D11_Sucrose,11
7.0,D11_Sucrose,12
7.25,D11_Sucrose,12
7.5,D11_Sucrose,11
7.75,D11_Sucrose,11
8.0,D11_Sucrose,13
8.25,D11_Sucrose,11
8.5,D11_Sucrose,11
8.75,D11_Sucrose,11
9.0,D11_Sucrose,11
9.25,D11_Sucrose,11
9.5,D11_Sucrose,11
9.75,D11_Sucrose,11
10.0,D11_Sucrose,11
10.25,D11_Sucrose,11
10.5,D11_Sucrose,11
10.75,D11_Sucrose,12
11.0,D11_Sucrose,14
11.25,D11_Sucrose,11
11.5,D11_Sucrose,11
11.75,D11_Sucrose,11
12.0,D11_Sucrose,11
12.25,D11_Sucrose,11
12.5,D11_Sucrose,11
12.75,D11_Sucrose,11
13.0,D11_Sucrose,11
13.25,D11_Sucrose,11
13.5,D11_Sucrose,11
13.75,D11_Sucrose,12
14.0,D11_Sucrose,11
14.25,D11_Sucrose,11
14.5,D11_Sucrose,11
14.75,D11_Sucrose,15
15.0,D11_Sucrose,11
15.25,D11_Sucrose,11
15.5,D11_Sucrose,11
15.75,D11_Sucrose,11
16.0,D11_Sucrose,12
16.25,D11_Sucrose,11
16.5,D11_Sucrose,11
16.75,D11_Sucrose,11
17.0,D11_Sucrose,11
17.25,D11_Sucrose,11
17.5,D11_Sucrose,11
17.75,D11_Sucrose,11
18.0,D11_Sucrose,11
18.25,D11_Sucrose,13
18.5,D11_Sucrose,11
18.75,D11_Sucrose,11
19.0,D11_Sucrose,11
19.25,D11_Sucrose,12
19.5,D11_Sucrose,11
19.75,D11_Sucrose,11
20.0,D11_Sucrose,11
20.25,D11_Sucrose,11
20.5,D11_Sucrose,14
20.75,D11_Sucrose,11
21.0,D11_Sucrose,11
21.25,D11_Sucrose,11
21.5,D11_Sucrose,13
21.75,D11_Sucrose,12
22.0,D11_Sucrose,15
22.25,D11_Sucrose,12
22.5,D11_Sucrose,12
22.75,D11_Sucrose,13
23.0,D11_Sucrose,13
23.25,D11_Sucrose,13
23.5,D11_Sucrose,13
23.75,D11_Sucrose,11
24.0,D11_Sucrose,11
24.25,D11_Sucrose,12
24.5,D11_Sucrose,11
24.75,D11_Sucrose,12
25.0,D11_Sucrose,11
25.25,D11_Sucrose,17
25.5,D11_Sucrose,15
25.75,D11_Sucrose,14
26.0,D11_Sucrose,12
26.25,D11_Sucrose,13
26.5,D11_Sucrose,17
26.75,D11_Sucrose,13
27.0,D11_Sucrose,13
27.25,D11_Sucrose,16
27.5,D11_Sucrose,12
27.75,D11_Sucrose,13
28.0,D11_Sucrose,12
28.25,D11_Sucrose,19
28.5,D11_Sucrose,18
28.75,D11_Sucrose,18
29.0,D11_Sucrose,17
29.25,D11_Sucrose,13
29.5,D11_Sucrose,13
29.75,D11_Sucrose,12
30.0,D11_Sucrose,12
30.25,D11_Sucrose,18
30.5,D11_Sucrose,16
30.75,D11_Sucrose,16
31.0,D11_Sucrose,19
31.25,D11_Sucrose,16
31.5,D11_Sucrose,15
31.75,D11_Sucrose,15
32.0,D11_Sucrose,19
32.25,D11_Sucrose,17
32.5,D11_Sucrose,17
32.75,D11_Sucrose,17
33.0,D11_Sucrose,13
33.25,D11_Sucrose,13
33.5,D11_Sucrose,15
33.75,D11_Sucrose,21
34.0,D11_Sucrose,14
34.25,D11_Sucrose,17
34.5,D11_Sucrose,20
34.75,D11_Sucrose,17
35.0,D11_Sucrose,13
35.25,D11_Sucrose,15
35.5,D11_Sucrose,15
35.75,D11_Sucrose,16
36.0,D11_Sucrose,16
36.25,D11_Sucrose,18
36.5,D11_Sucrose,18
36.75,D11_Sucrose,16
37.0,D11_Sucrose,16
37.25,D11_Sucrose,18
37.5,D11_Sucrose,20
37.75,D11_Sucrose,15
38.0,D11_Sucrose,18
38.25,D11_Sucrose,16
38.5,D11_Sucrose,19
38.75,D11_Sucrose,22
39.0,D11_Sucrose,16
39.25,D11_Sucrose,17
39.5,D11_Sucrose,18
39.75,D11_Sucrose,19
40.0,D11_Sucrose,22
40.25,D11_Sucrose,20
40.5,D11_Sucrose,15
40.75,D11_Sucrose,17
41.0,D11_Sucrose,18
41.25,D11_Sucrose,21
41.5,D11_Sucrose,17
41.75,D11_Sucrose,18
42.0,D11_Sucrose,21
42.25,D11_Sucrose,18
42.5,D11_Sucrose,16
42.75,D11_Sucrose,18
43.0,D11_Sucrose,16
43.25,D11_Sucrose,19
43.5,D11_Sucrose,16
43.75,D11_Sucrose,17
44.0,D11_Sucrose,14
44.25,D11_Sucrose,17
44.5,D11_Sucrose,11
44.75,D11_Sucrose,17
45.0,D11_Sucrose,16
45.25,D11_Sucrose,17
45.5,D11_Sucrose,18
45.75,D11_Sucrose,18
46.0,D11_Sucrose,19
46.25,D11_Sucrose,18
46.5,D11_Sucrose,16
46.75,D11_Sucrose,21
47.0,D11_Sucrose,16
47.25,D11_Sucrose,18
47.5,D11_Sucrose,15
47.75,D11_Sucrose,19
48.0,D11_Sucrose,17
48.25,D11_Sucrose,20
0.0,D12_Uridine,18
0.25,D12_Uridine,19
0.5,D12_Uridine,21
0.75,D12_Uridine,19
1.0,D12_Uridine,17
1.25,D12_Uridine,20
1.5,D12_Uridine,19
1.75,D12_Uridine,17
2.0,D12_Uridine,22
2.25,D12_Uridine,19
2.5,D12_Uridine,19
2.75,D12_Uridine,18
3.0,D12_Uridine,19
3.25,D12_Uridine,16
3.5,D12_Uridine,18
3.75,D12_Uridine,17
4.0,D12_Uridine,17
4.25,D12_Uridine,17
4.5,D12_Uridine,17
4.75,D12_Uridine,17
5.0,D12_Uridine,19
5.25,D12_Uridine,13
5.5,D12_Uridine,14
5.75,D12_Uridine,18
6.0,D12_Uridine,18
6.25,D12_Uridine,17
6.5,D12_Uridine,20
6.75,D12_Uridine,15
7.0,D12_Uridine,21
7.25,D12_Uridine,17
7.5,D12_Uridine,16
7.75,D12_Uridine,19
8.0,D12_Uridine,17
8.25,D12_Uridine,19
8.5,D12_Uridine,15
8.75,D12_Uridine,20
9.0,D12_Uridine,16
9.25,D12_Uridine,21
9.5,D12_Uridine,22
9.75,D12_Uridine,19
10.0,D12_Uridine,16
10.25,D12_Uridine,18
10.5,D12_Uridine,18
10.75,D12_Uridine,20
11.0,D12_Uridine,16
11.25,D12_Uridine,20
11.5,D12_Uridine,23
11.75,D12_Uridine,18
12.0,D12_Uridine,19
12.25,D12_Uridine,20
12.5,D12_Uridine,19
12.75,D12_Uridine,17
13.0,D12_Uridine,20
13.25,D12_Uridine,18
13.5,D12_Uridine,22
13.75,D12_Uridine,20
14.0,D12_Uridine,18
14.25,D12_Uridine,18
14.5,D12_Uridine,21
14.75,D12_Uridine,21
15.0,D12_Uridine,17
15.25,D12_Uridine,15
15.5,D12_Uridine,16
15.75,D12_Uridine,16
16.0,D12_Uridine,20
16.25,D12_Uridine,19
16.5,D12_Uridine,13
16.75,D12_Uridine,13
17.0,D12_Uridine,19
17.25,D12_Uridine,18
17.5,D12_Uridine,21
17.75,D12_Uridine,18
18.0,D12_Uridine,18
18.25,D12_Uridine,21
18.5,D12_Uridine,21
18.75,D12_Uridine,22
19.0,D12_Uridine,19
19.25,D12_Uridine,19
19.5,D12_Uridine,17
19.75,D12_Uridine,17
20.0,D12_Uridine,20
20.25,D12_Uridine,18
20.5,D12_Uridine,20
20.75,D12_Uridine,18
21.0,D12_Uridine,15
21.25,D12_Uridine,21
21.5,D12_Uridine,20
21.75,D12_Uridine,20
22.0,D12_Uridine,20
22.25,D12_Uridine,19
22.5,D12_Uridine,19
22.75,D12_Uridine,20
23.0,D12_Uridine,20
23.25,D12_Uridine,18
23.5,D12_Uridine,21
23.75,D12_Uridine,19
24.0,D12_Uridine,16
24.25,D12_Uridine,22
24.5,D12_Uridine,19
24.75,D12_Uridine,22
25.0,D12_Uridine,22
25.25,D12_Uridine,24
25.5,D12_Uridine,21
25.75,D12_Uridine,23
26.0,D12_Uridine,24
26.25,D12_Uridine,21
26.5,D12_Uridine,21
26.75,D12_Uridine,22
27.0,D12_Uridine,24
27.25,D12_Uridine,19
27.5,D12_Uridine,23
27.75,D12_Uridine,24
28.0,D12_Uridine,24
28.25,D12_Uridine,23
28.5,D12_Uridine,24
28.75,D12_Uridine,26
29.0,D12_Uridine,26
29.25,D12_Uridine,25
29.5,D12_Uridine,24
29.75,D12_Uridine,26
30.0,D12_Uridine,19
30.25,D12_Uridine,22
30.5,D12_Uridine,24
30.75,D12_Uridine,23
31.0,D12_Uridine,23
31.25,D12_Uridine,24
31.5,D12_Uridine,26
31.75,D12_Uridine,25
32.0,D12_Uridine,23
32.25,D12_Uridine,26
32.5,D12_Uridine,25
32.75,D12_Uridine,23
33.0,D12_Uridine,21
33.25,D12_Uridine,22
33.5,D12_Uridine,24
33.75,D12_Uridine,26
34.0,D12_Uridine,23
34.25,D12_Uridine,27
34.5,D12_Uridine,25
34.75,D12_Uridine,27
35.0,D12_Uridine,19
35.25,D12_Uridine,23
35.5,D12_Uridine,27
35.75,D12_Uridine,24
36.0,D12_Uridine,18
36.25,D12_Uridine,27
36.5,D12_Uridine,23
36.75,D12_Uridine,26
37.0,D12_Uridine,30
37.25,D12_Uridine,25
37.5,D12_Uridine,27
37.75,D12_Uridine,22
38.0,D12_Uridine,30
38.25,D12_Uridine,27
38.5,D12_Uridine,27
38.75,D12_Uridine,28
39.0,D12_Uridine,27
39.25,D12_Uridine,25
39.5,D12_Uridine,24
39.75,D12_Uridine,30
40.0,D12_Uridine,20
40.25,D12_Uridine,31
40.5,D12_Uridine,25
40.75,D12_Uridine,27
41.0,D12_Uridine,24
41.25,D12_Uridine,24
41.5,D12_Uridine,25
41.75,D12_Uridine,24
42.0,D12_Uridine,29
42.25,D12_Uridine,25
42.5,D12_Uridine,24
42.75,D12_Uridine,27
43.0,D12_Uridine,25
43.25,D12_Uridine,27
43.5,D12_Uridine,25
43.75,D12_Uridine,24
44.0,D12_Uridine,23
44.25,D12_Uridine,26
44.5,D12_Uridine,24
44.75,D12_Uridine,24
45.0,D12_Uridine,23
45.25,D12_Uridine,24
45.5,D12_Uridine,23
45.75,D12_Uridine,29
46.0,D12_Uridine,22
46.25,D12_Uridine,26
46.5,D12_Uridine,24
46.75,D12_Uridine,28
47.0,D12_Uridine,24
47.25,D12_Uridine,28
47.5,D12_Uridine,26
47.75,D12_Uridine,28
48.0,D12_Uridine,24
48.25,D12_Uridine,28
0.0,E1_L-Glutamine,15
0.25,E1_L-Glutamine,11
0.5,E1_L-Glutamine,18
0.75,E1_L-Glutamine,11
1.0,E1_L-Glutamine,17
1.25,E1_L-Glutamine,14
1.5,E1_L-Glutamine,11
1.75,E1_L-Glutamine,11
2.0,E1_L-Glutamine,15
2.25,E1_L-Glutamine,11
2.5,E1_L-Glutamine,11
2.75,E1_L-Glutamine,12
3.0,E1_L-Glutamine,13
3.25,E1_L-Glutamine,14
3.5,E1_L-Glutamine,12
3.75,E1_L-Glutamine,12
4.0,E1_L-Glutamine,14
4.25,E1_L-Glutamine,15
4.5,E1_L-Glutamine,14
4.75,E1_L-Glutamine,14
5.0,E1_L-Glutamine,13
5.25,E1_L-Glutamine,13
5.5,E1_L-Glutamine,13
5.75,E1_L-Glutamine,11
6.0,E1_L-Glutamine,11
6.25,E1_L-Glutamine,16
6.5,E1_L-Glutamine,12
6.75,E1_L-Glutamine,11
7.0,E1_L-Glutamine,11
7.25,E1_L-Glutamine,12
7.5,E1_L-Glutamine,11
7.75,E1_L-Glutamine,12
8.0,E1_L-Glutamine,13
8.25,E1_L-Glutamine,13
8.5,E1_L-Glutamine,12
8.75,E1_L-Glutamine,11
9.0,E1_L-Glutamine,12
9.25,E1_L-Glutamine,15
9.5,E1_L-Glutamine,11
9.75,E1_L-Glutamine,11
10.0,E1_L-Glutamine,11
10.25,E1_L-Glutamine,14
10.5,E1_L-Glutamine,13
10.75,E1_L-Glutamine,17
11.0,E1_L-Glutamine,14
11.25,E1_L-Glutamine,17
11.5,E1_L-Glutamine,16
11.75,E1_L-Glutamine,12
12.0,E1_L-Glutamine,17
12.25,E1_L-Glutamine,11
12.5,E1_L-Glutamine,16
12.75,E1_L-Glutamine,16
13.0,E1_L-Glutamine,16
13.25,E1_L-Glutamine,12
13.5,E1_L-Glutamine,13
13.75,E1_L-Glutamine,15
14.0,E1_L-Glutamine,17
14.25,E1_L-Glutamine,16
14.5,E1_L-Glutamine,14
14.75,E1_L-Glutamine,15
15.0,E1_L-Glutamine,17
15.25,E1_L-Glutamine,11
15.5,E1_L-Glutamine,12
15.75,E1_L-Glutamine,15
16.0,E1_L-Glutamine,11
16.25,E1_L-Glutamine,14
16.5,E1_L-Glutamine,11
16.75,E1_L-Glutamine,12
17.0,E1_L-Glutamine,15
17.25,E1_L-Glutamine,11
17.5,E1_L-Glutamine,15
17.75,E1_L-Glutamine,11
18.0,E1_L-Glutamine,12
18.25,E1_L-Glutamine,14
18.5,E1_L-Glutamine,18
18.75,E1_L-Glutamine,17
19.0,E1_L-Glutamine,13
19.25,E1_L-Glutamine,15
19.5,E1_L-Glutamine,12
19.75,E1_L-Glutamine,14
20.0,E1_L-Glutamine,12
20.25,E1_L-Glutamine,17
20.5,E1_L-Glutamine,17
20.75,E1_L-Glutamine,11
21.0,E1_L-Glutamine,13
21.25,E1_L-Glutamine,17
21.5,E1_L-Glutamine,11
21.75,E1_L-Glutamine,16
22.0,E1_L-Glutamine,11
22.25,E1_L-Glutamine,12
22.5,E1_L-Glutamine,17
22.75,E1_L-Glutamine,15
23.0,E1_L-Glutamine,13
23.25,E1_L-Glutamine,15
23.5,E1_L-Glutamine,17
23.75,E1_L-Glutamine,13
24.0,E1_L-Glutamine,11
24.25,E1_L-Glutamine,11
24.5,E1_L-Glutamine,12
24.75,E1_L-Glutamine,12
25.0,E1_L-Glutamine,15
25.25,E1_L-Glutamine,16
25.5,E1_L-Glutamine,13
25.75,E1_L-Glutamine,12
26.0,E1_L-Glutamine,13
26.25,E1_L-Glutamine,16
26.5,E1_L-Glutamine,16
26.75,E1_L-Glutamine,11
27.0,E1_L-Glutamine,18
27.25,E1_L-Glutamine,12
27.5,E1_L-Glutamine,14
27.75,E1_L-Glutamine,16
28.0,E1_L-Glutamine,13
28.25,E1_L-Glutamine,16
28.5,E1_L-Glutamine,14
28.75,E1_L-Glutamine,13
29.0,E1_L-Glutamine,15
29.25,E1_L-Glutamine,11
29.5,E1_L-Glutamine,14
29.75,E1_L-Glutamine,16
30.0,E1_L-Glutamine,13
30.25,E1_L-Glutamine,12
30.5,E1_L-Glutamine,21
30.75,E1_L-Glutamine,14
31.0,E1_L-Glutamine,14
31.25,E1_L-Glutamine,15
31.5,E1_L-Glutamine,16
31.75,E1_L-Glutamine,17
32.0,E1_L-Glutamine,13
32.25,E1_L-Glutamine,17
32.5,E1_L-Glutamine,17
32.75,E1_L-Glutamine,14
33.0,E1_L-Glutamine,20
33.25,E1_L-Glutamine,14
33.5,E1_L-Glutamine,18
33.75,E1_L-Glutamine,17
34.0,E1_L-Glutamine,18
34.25,E1_L-Glutamine,20
34.5,E1_L-Glutamine,13
34.75,E1_L-Glutamine,12
35.0,E1_L-Glutamine,19
35.25,E1_L-Glutamine,20
35.5,E1_L-Glutamine,21
35.75,E1_L-Glutamine,18
36.0,E1_L-Glutamine,17
36.25,E1_L-Glutamine,18
36.5,E1_L-Glutamine,21
36.75,E1_L-Glutamine,22
37.0,E1_L-Glutamine,19
37.25,E1_L-Glutamine,20
37.5,E1_L-Glutamine,22
37.75,E1_L-Glutamine,23
38.0,E1_L-Glutamine,18
38.25,E1_L-Glutamine,18
38.5,E1_L-Glutamine,20
38.75,E1_L-Glutamine,21
39.0,E1_L-Glutamine,17
39.25,E1_L-Glutamine,18
39.5,E1_L-Glutamine,18
39.75,E1_L-Glutamine,25
40.0,E1_L-Glutamine,20
40.25,E1_L-Glutamine,20
40.5,E1_L-Glutamine,18
40.75,E1_L-Glutamine,21
41.0,E1_L-Glutamine,18
41.25,E1_L-Glutamine,22
41.5,E1_L-Glutamine,22
41.75,E1_L-Glutamine,19
42.0,E1_L-Glutamine,23
42.25,E1_L-Glutamine,24
42.5,E1_L-Glutamine,22
42.75,E1_L-Glutamine,20
43.0,E1_L-Glutamine,26
43.25,E1_L-Glutamine,19
43.5,E1_L-Glutamine,24
43.75,E1_L-Glutamine,22
44.0,E1_L-Glutamine,20
44.25,E1_L-Glutamine,26
44.5,E1_L-Glutamine,24
44.75,E1_L-Glutamine,24
45.0,E1_L-Glutamine,24
45.25,E1_L-Glutamine,25
45.5,E1_L-Glutamine,25
45.75,E1_L-Glutamine,23
46.0,E1_L-Glutamine,22
46.25,E1_L-Glutamine,28
46.5,E1_L-Glutamine,27
46.75,E1_L-Glutamine,23
47.0,E1_L-Glutamine,22
47.25,E1_L-Glutamine,23
47.5,E1_L-Glutamine,27
47.75,E1_L-Glutamine,25
48.0,E1_L-Glutamine,27
48.25,E1_L-Glutamine,24
0.0,E2_m-Tartaric_Acid,11
0.25,E2_m-Tartaric_Acid,11
0.5,E2_m-Tartaric_Acid,11
0.75,E2_m-Tartaric_Acid,11
1.0,E2_m-Tartaric_Acid,11
1.25,E2_m-Tartaric_Acid,11
1.5,E2_m-Tartaric_Acid,12
1.75,E2_m-Tartaric_Acid,11
2.0,E2_m-Tartaric_Acid,11
2.25,E2_m-Tartaric_Acid,11
2.5,E2_m-Tartaric_Acid,11
2.75,E2_m-Tartaric_Acid,11
3.0,E2_m-Tartaric_Acid,11
3.25,E2_m-Tartaric_Acid,11
3.5,E2_m-Tartaric_Acid,11
3.75,E2_m-Tartaric_Acid,11
4.0,E2_m-Tartaric_Acid,11
4.25,E2_m-Tartaric_Acid,14
4.5,E2_m-Tartaric_Acid,11
4.75,E2_m-Tartaric_Acid,11
5.0,E2_m-Tartaric_Acid,13
5.25,E2_m-Tartaric_Acid,12
5.5,E2_m-Tartaric_Acid,11
5.75,E2_m-Tartaric_Acid,11
6.0,E2_m-Tartaric_Acid,11
6.25,E2_m-Tartaric_Acid,11
6.5,E2_m-Tartaric_Acid,11
6.75,E2_m-Tartaric_Acid,11
7.0,E2_m-Tartaric_Acid,11
7.25,E2_m-Tartaric_Acid,12
7.5,E2_m-Tartaric_Acid,11
7.75,E2_m-Tartaric_Acid,11
8.0,E2_m-Tartaric_Acid,15
8.25,E2_m-Tartaric_Acid,11
8.5,E2_m-Tartaric_Acid,11
8.75,E2_m-Tartaric_Acid,14
9.0,E2_m-Tartaric_Acid,11
9.25,E2_m-Tartaric_Acid,11
9.5,E2_m-Tartaric_Acid,13
9.75,E2_m-Tartaric_Acid,13
10.0,E2_m-Tartaric_Acid,11
10.25,E2_m-Tartaric_Acid,11
10.5,E2_m-Tartaric_Acid,16
10.75,E2_m-Tartaric_Acid,13
11.0,E2_m-Tartaric_Acid,11
11.25,E2_m-Tartaric_Acid,12
11.5,E2_m-Tartaric_Acid,12
11.75,E2_m-Tartaric_Acid,11
12.0,E2_m-Tartaric_Acid,11
12.25,E2_m-Tartaric_Acid,12
12.5,E2_m-Tartaric_Acid,11
12.75,E2_m-Tartaric_Acid,11
13.0,E2_m-Tartaric_Acid,11
13.25,E2_m-Tartaric_Acid,11
13.5,E2_m-Tartaric_Acid,11
13.75,E2_m-Tartaric_Acid,16
14.0,E2_m-Tartaric_Acid,11
14.25,E2_m-Tartaric_Acid,13
14.5,E2_m-Tartaric_Acid,12
14.75,E2_m-Tartaric_Acid,16
15.0,E2_m-Tartaric_Acid,12
15.25,E2_m-Tartaric_Acid,13
15.5,E2_m-Tartaric_Acid,11
15.75,E2_m-Tartaric_Acid,12
16.0,E2_m-Tartaric_Acid,14
16.25,E2_m-Tartaric_Acid,12
16.5,E2_m-Tartaric_Acid,14
16.75,E2_m-Tartaric_Acid,11
17.0,E2_m-Tartaric_Acid,13
17.25,E2_m-Tartaric_Acid,13
17.5,E2_m-Tartaric_Acid,14
17.75,E2_m-Tartaric_Acid,11
18.0,E2_m-Tartaric_Acid,11
18.25,E2_m-Tartaric_Acid,12
18.5,E2_m-Tartaric_Acid,13
18.75,E2_m-Tartaric_Acid,13
19.0,E2_m-Tartaric_Acid,12
19.25,E2_m-Tartaric_Acid,12
19.5,E2_m-Tartaric_Acid,11
19.75,E2_m-Tartaric_Acid,13
20.0,E2_m-Tartaric_Acid,13
20.25,E2_m-Tartaric_Acid,11
20.5,E2_m-Tartaric_Acid,11
20.75,E2_m-Tartaric_Acid,11
21.0,E2_m-Tartaric_Acid,11
21.25,E2_m-Tartaric_Acid,11
21.5,E2_m-Tartaric_Acid,11
21.75,E2_m-Tartaric_Acid,15
22.0,E2_m-Tartaric_Acid,11
22.25,E2_m-Tartaric_Acid,13
22.5,E2_m-Tartaric_Acid,14
22.75,E2_m-Tartaric_Acid,11
23.0,E2_m-Tartaric_Acid,11
23.25,E2_m-Tartaric_Acid,11
23.5,E2_m-Tartaric_Acid,12
23.75,E2_m-Tartaric_Acid,17
24.0,E2_m-Tartaric_Acid,11
24.25,E2_m-Tartaric_Acid,11
24.5,E2_m-Tartaric_Acid,15
24.75,E2_m-Tartaric_Acid,11
25.0,E2_m-Tartaric_Acid,14
25.25,E2_m-Tartaric_Acid,11
25.5,E2_m-Tartaric_Acid,12
25.75,E2_m-Tartaric_Acid,11
26.0,E2_m-Tartaric_Acid,12
26.25,E2_m-Tartaric_Acid,14
26.5,E2_m-Tartaric_Acid,11
26.75,E2_m-Tartaric_Acid,15
27.0,E2_m-Tartaric_Acid,16
27.25,E2_m-Tartaric_Acid,16
27.5,E2_m-Tartaric_Acid,14
27.75,E2_m-Tartaric_Acid,18
28.0,E2_m-Tartaric_Acid,16
28.25,E2_m-Tartaric_Acid,15
28.5,E2_m-Tartaric_Acid,13
28.75,E2_m-Tartaric_Acid,11
29.0,E2_m-Tartaric_Acid,14
29.25,E2_m-Tartaric_Acid,14
29.5,E2_m-Tartaric_Acid,15
29.75,E2_m-Tartaric_Acid,16
30.0,E2_m-Tartaric_Acid,16
30.25,E2_m-Tartaric_Acid,11
30.5,E2_m-Tartaric_Acid,11
30.75,E2_m-Tartaric_Acid,17
31.0,E2_m-Tartaric_Acid,12
31.25,E2_m-Tartaric_Acid,16
31.5,E2_m-Tartaric_Acid,16
31.75,E2_m-Tartaric_Acid,13
32.0,E2_m-Tartaric_Acid,17
32.25,E2_m-Tartaric_Acid,20
32.5,E2_m-Tartaric_Acid,19
32.75,E2_m-Tartaric_Acid,12
33.0,E2_m-Tartaric_Acid,11
33.25,E2_m-Tartaric_Acid,16
33.5,E2_m-Tartaric_Acid,13
33.75,E2_m-Tartaric_Acid,14
34.0,E2_m-Tartaric_Acid,16
34.25,E2_m-Tartaric_Acid,12
34.5,E2_m-Tartaric_Acid,11
34.75,E2_m-Tartaric_Acid,18
35.0,E2_m-Tartaric_Acid,11
35.25,E2_m-Tartaric_Acid,12
35.5,E2_m-Tartaric_Acid,19
35.75,E2_m-Tartaric_Acid,11
36.0,E2_m-Tartaric_Acid,13
36.25,E2_m-Tartaric_Acid,14
36.5,E2_m-Tartaric_Acid,11
36.75,E2_m-Tartaric_Acid,12
37.0,E2_m-Tartaric_Acid,13
37.25,E2_m-Tartaric_Acid,11
37.5,E2_m-Tartaric_Acid,12
37.75,E2_m-Tartaric_Acid,11
38.0,E2_m-Tartaric_Acid,18
38.25,E2_m-Tartaric_Acid,12
38.5,E2_m-Tartaric_Acid,14
38.75,E2_m-Tartaric_Acid,11
39.0,E2_m-Tartaric_Acid,13
39.25,E2_m-Tartaric_Acid,14
39.5,E2_m-Tartaric_Acid,11
39.75,E2_m-Tartaric_Acid,11
40.0,E2_m-Tartaric_Acid,11
40.25,E2_m-Tartaric_Acid,19
40.5,E2_m-Tartaric_Acid,17
40.75,E2_m-Tartaric_Acid,12
41.0,E2_m-Tartaric_Acid,16
41.25,E2_m-Tartaric_Acid,14
41.5,E2_m-Tartaric_Acid,11
41.75,E2_m-Tartaric_Acid,11
42.0,E2_m-Tartaric_Acid,18
42.25,E2_m-Tartaric_Acid,12
42.5,E2_m-Tartaric_Acid,11
42.75,E2_m-Tartaric_Acid,13
43.0,E2_m-Tartaric_Acid,13
43.25,E2_m-Tartaric_Acid,15
43.5,E2_m-Tartaric_Acid,11
43.75,E2_m-Tartaric_Acid,12
44.0,E2_m-Tartaric_Acid,16
44.25,E2_m-Tartaric_Acid,12
44.5,E2_m-Tartaric_Acid,11
44.75,E2_m-Tartaric_Acid,12
45.0,E2_m-Tartaric_Acid,18
45.25,E2_m-Tartaric_Acid,11
45.5,E2_m-Tartaric_Acid,11
45.75,E2_m-Tartaric_Acid,14
46.0,E2_m-Tartaric_Acid,15
46.25,E2_m-Tartaric_Acid,13
46.5,E2_m-Tartaric_Acid,16
46.75,E2_m-Tartaric_Acid,14
47.0,E2_m-Tartaric_Acid,15
47.25,E2_m-Tartaric_Acid,12
47.5,E2_m-Tartaric_Acid,13
47.75,E2_m-Tartaric_Acid,20
48.0,E2_m-Tartaric_Acid,15
48.25,E2_m-Tartaric_Acid,11
0.0,E3_D-Glucose-1-Phosphate,11
0.25,E3_D-Glucose-1-Phosphate,11
0.5,E3_D-Glucose-1-Phosphate,11
0.75,E3_D-Glucose-1-Phosphate,11
1.0,E3_D-Glucose-1-Phosphate,11
1.25,E3_D-Glucose-1-Phosphate,11
1.5,E3_D-Glucose-1-Phosphate,11
1.75,E3_D-Glucose-1-Phosphate,11
2.0,E3_D-Glucose-1-Phosphate,11
2.25,E3_D-Glucose-1-Phosphate,11
2.5,E3_D-Glucose-1-Phosphate,11
2.75,E3_D-Glucose-1-Phosphate,11
3.0,E3_D-Glucose-1-Phosphate,11
3.25,E3_D-Glucose-1-Phosphate,11
3.5,E3_D-Glucose-1-Phosphate,11
3.75,E3_D-Glucose-1-Phosphate,11
4.0,E3_D-Glucose-1-Phosphate,11
4.25,E3_D-Glucose-1-Phosphate,11
4.5,E3_D-Glucose-1-Phosphate,11
4.75,E3_D-Glucose-1-Phosphate,11
5.0,E3_D-Glucose-1-Phosphate,11
5.25,E3_D-Glucose-1-Phosphate,11
5.5,E3_D-Glucose-1-Phosphate,11
5.75,E3_D-Glucose-1-Phosphate,11
6.0,E3_D-Glucose-1-Phosphate,11
6.25,E3_D-Glucose-1-Phosphate,11
6.5,E3_D-Glucose-1-Phosphate,11
6.75,E3_D-Glucose-1-Phosphate,11
7.0,E3_D-Glucose-1-Phosphate,11
7.25,E3_D-Glucose-1-Phosphate,11
7.5,E3_D-Glucose-1-Phosphate,11
7.75,E3_D-Glucose-1-Phosphate,11
8.0,E3_D-Glucose-1-Phosphate,11
8.25,E3_D-Glucose-1-Phosphate,11
8.5,E3_D-Glucose-1-Phosphate,11
8.75,E3_D-Glucose-1-Phosphate,11
9.0,E3_D-Glucose-1-Phosphate,11
9.25,E3_D-Glucose-1-Phosphate,11
9.5,E3_D-Glucose-1-Phosphate,11
9.75,E3_D-Glucose-1-Phosphate,11
10.0,E3_D-Glucose-1-Phosphate,11
10.25,E3_D-Glucose-1-Phosphate,11
10.5,E3_D-Glucose-1-Phosphate,11
10.75,E3_D-Glucose-1-Phosphate,11
11.0,E3_D-Glucose-1-Phosphate,11
11.25,E3_D-Glucose-1-Phosphate,11
11.5,E3_D-Glucose-1-Phosphate,11
11.75,E3_D-Glucose-1-Phosphate,11
12.0,E3_D-Glucose-1-Phosphate,11
12.25,E3_D-Glucose-1-Phosphate,11
12.5,E3_D-Glucose-1-Phosphate,11
12.75,E3_D-Glucose-1-Phosphate,11
13.0,E3_D-Glucose-1-Phosphate,11
13.25,E3_D-Glucose-1-Phosphate,11
13.5,E3_D-Glucose-1-Phosphate,11
13.75,E3_D-Glucose-1-Phosphate,11
14.0,E3_D-Glucose-1-Phosphate,11
14.25,E3_D-Glucose-1-Phosphate,11
14.5,E3_D-Glucose-1-Phosphate,11
14.75,E3_D-Glucose-1-Phosphate,11
15.0,E3_D-Glucose-1-Phosphate,11
15.25,E3_D-Glucose-1-Phosphate,11
15.5,E3_D-Glucose-1-Phosphate,11
15.75,E3_D-Glucose-1-Phosphate,13
16.0,E3_D-Glucose-1-Phosphate,11
16.25,E3_D-Glucose-1-Phosphate,13
16.5,E3_D-Glucose-1-Phosphate,11
16.75,E3_D-Glucose-1-Phosphate,11
17.0,E3_D-Glucose-1-Phosphate,11
17.25,E3_D-Glucose-1-Phosphate,13
17.5,E3_D-Glucose-1-Phosphate,13
17.75,E3_D-Glucose-1-Phosphate,11
18.0,E3_D-Glucose-1-Phosphate,14
18.25,E3_D-Glucose-1-Phosphate,11
18.5,E3_D-Glucose-1-Phosphate,12
18.75,E3_D-Glucose-1-Phosphate,11
19.0,E3_D-Glucose-1-Phosphate,11
19.25,E3_D-Glucose-1-Phosphate,11
19.5,E3_D-Glucose-1-Phosphate,11
19.75,E3_D-Glucose-1-Phosphate,13
20.0,E3_D-Glucose-1-Phosphate,11
20.25,E3_D-Glucose-1-Phosphate,11
20.5,E3_D-Glucose-1-Phosphate,11
20.75,E3_D-Glucose-1-Phosphate,11
21.0,E3_D-Glucose-1-Phosphate,11
21.25,E3_D-Glucose-1-Phosphate,11
21.5,E3_D-Glucose-1-Phosphate,13
21.75,E3_D-Glucose-1-Phosphate,12
22.0,E3_D-Glucose-1-Phosphate,15
22.25,E3_D-Glucose-1-Phosphate,12
22.5,E3_D-Glucose-1-Phosphate,13
22.75,E3_D-Glucose-1-Phosphate,13
23.0,E3_D-Glucose-1-Phosphate,12
23.25,E3_D-Glucose-1-Phosphate,13
23.5,E3_D-Glucose-1-Phosphate,15
23.75,E3_D-Glucose-1-Phosphate,11
24.0,E3_D-Glucose-1-Phosphate,12
24.25,E3_D-Glucose-1-Phosphate,11
24.5,E3_D-Glucose-1-Phosphate,11
24.75,E3_D-Glucose-1-Phosphate,11
25.0,E3_D-Glucose-1-Phosphate,11
25.25,E3_D-Glucose-1-Phosphate,11
25.5,E3_D-Glucose-1-Phosphate,12
25.75,E3_D-Glucose-1-Phosphate,12
26.0,E3_D-Glucose-1-Phosphate,11
26.25,E3_D-Glucose-1-Phosphate,14
26.5,E3_D-Glucose-1-Phosphate,12
26.75,E3_D-Glucose-1-Phosphate,11
27.0,E3_D-Glucose-1-Phosphate,16
27.25,E3_D-Glucose-1-Phosphate,12
27.5,E3_D-Glucose-1-Phosphate,18
27.75,E3_D-Glucose-1-Phosphate,11
28.0,E3_D-Glucose-1-Phosphate,13
28.25,E3_D-Glucose-1-Phosphate,15
28.5,E3_D-Glucose-1-Phosphate,14
28.75,E3_D-Glucose-1-Phosphate,11
29.0,E3_D-Glucose-1-Phosphate,13
29.25,E3_D-Glucose-1-Phosphate,11
29.5,E3_D-Glucose-1-Phosphate,13
29.75,E3_D-Glucose-1-Phosphate,15
30.0,E3_D-Glucose-1-Phosphate,11
30.25,E3_D-Glucose-1-Phosphate,12
30.5,E3_D-Glucose-1-Phosphate,14
30.75,E3_D-Glucose-1-Phosphate,11
31.0,E3_D-Glucose-1-Phosphate,11
31.25,E3_D-Glucose-1-Phosphate,12
31.5,E3_D-Glucose-1-Phosphate,16
31.75,E3_D-Glucose-1-Phosphate,11
32.0,E3_D-Glucose-1-Phosphate,15
32.25,E3_D-Glucose-1-Phosphate,15
32.5,E3_D-Glucose-1-Phosphate,17
32.75,E3_D-Glucose-1-Phosphate,13
33.0,E3_D-Glucose-1-Phosphate,11
33.25,E3_D-Glucose-1-Phosphate,17
33.5,E3_D-Glucose-1-Phosphate,13
33.75,E3_D-Glucose-1-Phosphate,14
34.0,E3_D-Glucose-1-Phosphate,11
34.25,E3_D-Glucose-1-Phosphate,15
34.5,E3_D-Glucose-1-Phosphate,17
34.75,E3_D-Glucose-1-Phosphate,12
35.0,E3_D-Glucose-1-Phosphate,11
35.25,E3_D-Glucose-1-Phosphate,17
35.5,E3_D-Glucose-1-Phosphate,14
35.75,E3_D-Glucose-1-Phosphate,18
36.0,E3_D-Glucose-1-Phosphate,17
36.25,E3_D-Glucose-1-Phosphate,16
36.5,E3_D-Glucose-1-Phosphate,20
36.75,E3_D-Glucose-1-Phosphate,15
37.0,E3_D-Glucose-1-Phosphate,15
37.25,E3_D-Glucose-1-Phosphate,15
37.5,E3_D-Glucose-1-Phosphate,11
37.75,E3_D-Glucose-1-Phosphate,16
38.0,E3_D-Glucose-1-Phosphate,15
38.25,E3_D-Glucose-1-Phosphate,13
38.5,E3_D-Glucose-1-Phosphate,18
38.75,E3_D-Glucose-1-Phosphate,16
39.0,E3_D-Glucose-1-Phosphate,19
39.25,E3_D-Glucose-1-Phosphate,16
39.5,E3_D-Glucose-1-Phosphate,16
39.75,E3_D-Glucose-1-Phosphate,15
40.0,E3_D-Glucose-1-Phosphate,14
40.25,E3_D-Glucose-1-Phosphate,16
40.5,E3_D-Glucose-1-Phosphate,14
40.75,E3_D-Glucose-1-Phosphate,15
41.0,E3_D-Glucose-1-Phosphate,18
41.25,E3_D-Glucose-1-Phosphate,19
41.5,E3_D-Glucose-1-Phosphate,16
41.75,E3_D-Glucose-1-Phosphate,14
42.0,E3_D-Glucose-1-Phosphate,21
42.25,E3_D-Glucose-1-Phosphate,17
42.5,E3_D-Glucose-1-Phosphate,16
42.75,E3_D-Glucose-1-Phosphate,17
43.0,E3_D-Glucose-1-Phosphate,19
43.25,E3_D-Glucose-1-Phosphate,16
43.5,E3_D-Glucose-1-Phosphate,17
43.75,E3_D-Glucose-1-Phosphate,19
44.0,E3_D-Glucose-1-Phosphate,18
44.25,E3_D-Glucose-1-Phosphate,17
44.5,E3_D-Glucose-1-Phosphate,18
44.75,E3_D-Glucose-1-Phosphate,14
45.0,E3_D-Glucose-1-Phosphate,17
45.25,E3_D-Glucose-1-Phosphate,18
45.5,E3_D-Glucose-1-Phosphate,16
45.75,E3_D-Glucose-1-Phosphate,19
46.0,E3_D-Glucose-1-Phosphate,18
46.25,E3_D-Glucose-1-Phosphate,16
46.5,E3_D-Glucose-1-Phosphate,18
46.75,E3_D-Glucose-1-Phosphate,19
47.0,E3_D-Glucose-1-Phosphate,16
47.25,E3_D-Glucose-1-Phosphate,16
47.5,E3_D-Glucose-1-Phosphate,14
47.75,E3_D-Glucose-1-Phosphate,20
48.0,E3_D-Glucose-1-Phosphate,17
48.25,E3_D-Glucose-1-Phosphate,17
0.0,E4_D-Fructose-6-Phosphate,11
0.25,E4_D-Fructose-6-Phosphate,11
0.5,E4_D-Fructose-6-Phosphate,11
0.75,E4_D-Fructose-6-Phosphate,11
1.0,E4_D-Fructose-6-Phosphate,11
1.25,E4_D-Fructose-6-Phosphate,11
1.5,E4_D-Fructose-6-Phosphate,11
1.75,E4_D-Fructose-6-Phosphate,11
2.0,E4_D-Fructose-6-Phosphate,11
2.25,E4_D-Fructose-6-Phosphate,11
2.5,E4_D-Fructose-6-Phosphate,11
2.75,E4_D-Fructose-6-Phosphate,11
3.0,E4_D-Fructose-6-Phosphate,11
3.25,E4_D-Fructose-6-Phosphate,11
3.5,E4_D-Fructose-6-Phosphate,11
3.75,E4_D-Fructose-6-Phosphate,11
4.0,E4_D-Fructose-6-Phosphate,11
4.25,E4_D-Fructose-6-Phosphate,11
4.5,E4_D-Fructose-6-Phosphate,11
4.75,E4_D-Fructose-6-Phosphate,11
5.0,E4_D-Fructose-6-Phosphate,12
5.25,E4_D-Fructose-6-Phosphate,11
5.5,E4_D-Fructose-6-Phosphate,11
5.75,E4_D-Fructose-6-Phosphate,11
6.0,E4_D-Fructose-6-Phosphate,11
6.25,E4_D-Fructose-6-Phosphate,11
6.5,E4_D-Fructose-6-Phosphate,11
6.75,E4_D-Fructose-6-Phosphate,11
7.0,E4_D-Fructose-6-Phosphate,11
7.25,E4_D-Fructose-6-Phosphate,14
7.5,E4_D-Fructose-6-Phosphate,11
7.75,E4_D-Fructose-6-Phosphate,11
8.0,E4_D-Fructose-6-Phosphate,19
8.25,E4_D-Fructose-6-Phosphate,11
8.5,E4_D-Fructose-6-Phosphate,11
8.75,E4_D-Fructose-6-Phosphate,12
9.0,E4_D-Fructose-6-Phosphate,11
9.25,E4_D-Fructose-6-Phosphate,14
9.5,E4_D-Fructose-6-Phosphate,11
9.75,E4_D-Fructose-6-Phosphate,11
10.0,E4_D-Fructose-6-Phosphate,11
10.25,E4_D-Fructose-6-Phosphate,11
10.5,E4_D-Fructose-6-Phosphate,11
10.75,E4_D-Fructose-6-Phosphate,12
11.0,E4_D-Fructose-6-Phosphate,13
11.25,E4_D-Fructose-6-Phosphate,13
11.5,E4_D-Fructose-6-Phosphate,11
11.75,E4_D-Fructose-6-Phosphate,11
12.0,E4_D-Fructose-6-Phosphate,13
12.25,E4_D-Fructose-6-Phosphate,11
12.5,E4_D-Fructose-6-Phosphate,15
12.75,E4_D-Fructose-6-Phosphate,12
13.0,E4_D-Fructose-6-Phosphate,11
13.25,E4_D-Fructose-6-Phosphate,11
13.5,E4_D-Fructose-6-Phosphate,13
13.75,E4_D-Fructose-6-Phosphate,11
14.0,E4_D-Fructose-6-Phosphate,11
14.25,E4_D-Fructose-6-Phosphate,11
14.5,E4_D-Fructose-6-Phosphate,11
14.75,E4_D-Fructose-6-Phosphate,15
15.0,E4_D-Fructose-6-Phosphate,16
15.25,E4_D-Fructose-6-Phosphate,12
15.5,E4_D-Fructose-6-Phosphate,11
15.75,E4_D-Fructose-6-Phosphate,12
16.0,E4_D-Fructose-6-Phosphate,14
16.25,E4_D-Fructose-6-Phosphate,12
16.5,E4_D-Fructose-6-Phosphate,11
16.75,E4_D-Fructose-6-Phosphate,11
17.0,E4_D-Fructose-6-Phosphate,11
17.25,E4_D-Fructose-6-Phosphate,14
17.5,E4_D-Fructose-6-Phosphate,15
17.75,E4_D-Fructose-6-Phosphate,11
18.0,E4_D-Fructose-6-Phosphate,11
18.25,E4_D-Fructose-6-Phosphate,14
18.5,E4_D-Fructose-6-Phosphate,11
18.75,E4_D-Fructose-6-Phosphate,14
19.0,E4_D-Fructose-6-Phosphate,11
19.25,E4_D-Fructose-6-Phosphate,12
19.5,E4_D-Fructose-6-Phosphate,11
19.75,E4_D-Fructose-6-Phosphate,13
20.0,E4_D-Fructose-6-Phosphate,13
20.25,E4_D-Fructose-6-Phosphate,15
20.5,E4_D-Fructose-6-Phosphate,15
20.75,E4_D-Fructose-6-Phosphate,13
21.0,E4_D-Fructose-6-Phosphate,12
21.25,E4_D-Fructose-6-Phosphate,16
21.5,E4_D-Fructose-6-Phosphate,11
21.75,E4_D-Fructose-6-Phosphate,18
22.0,E4_D-Fructose-6-Phosphate,11
22.25,E4_D-Fructose-6-Phosphate,15
22.5,E4_D-Fructose-6-Phosphate,15
22.75,E4_D-Fructose-6-Phosphate,14
23.0,E4_D-Fructose-6-Phosphate,15
23.25,E4_D-Fructose-6-Phosphate,17
23.5,E4_D-Fructose-6-Phosphate,15
23.75,E4_D-Fructose-6-Phosphate,11
24.0,E4_D-Fructose-6-Phosphate,13
24.25,E4_D-Fructose-6-Phosphate,18
24.5,E4_D-Fructose-6-Phosphate,11
24.75,E4_D-Fructose-6-Phosphate,11
25.0,E4_D-Fructose-6-Phosphate,14
25.25,E4_D-Fructose-6-Phosphate,11
25.5,E4_D-Fructose-6-Phosphate,17
25.75,E4_D-Fructose-6-Phosphate,14
26.0,E4_D-Fructose-6-Phosphate,15
26.25,E4_D-Fructose-6-Phosphate,13
26.5,E4_D-Fructose-6-Phosphate,11
26.75,E4_D-Fructose-6-Phosphate,16
27.0,E4_D-Fructose-6-Phosphate,15
27.25,E4_D-Fructose-6-Phosphate,12
27.5,E4_D-Fructose-6-Phosphate,13
27.75,E4_D-Fructose-6-Phosphate,15
28.0,E4_D-Fructose-6-Phosphate,12
28.25,E4_D-Fructose-6-Phosphate,16
28.5,E4_D-Fructose-6-Phosphate,14
28.75,E4_D-Fructose-6-Phosphate,15
29.0,E4_D-Fructose-6-Phosphate,13
29.25,E4_D-Fructose-6-Phosphate,13
29.5,E4_D-Fructose-6-Phosphate,14
29.75,E4_D-Fructose-6-Phosphate,20
30.0,E4_D-Fructose-6-Phosphate,16
30.25,E4_D-Fructose-6-Phosphate,13
30.5,E4_D-Fructose-6-Phosphate,15
30.75,E4_D-Fructose-6-Phosphate,18
31.0,E4_D-Fructose-6-Phosphate,13
31.25,E4_D-Fructose-6-Phosphate,11
31.5,E4_D-Fructose-6-Phosphate,17
31.75,E4_D-Fructose-6-Phosphate,16
32.0,E4_D-Fructose-6-Phosphate,18
32.25,E4_D-Fructose-6-Phosphate,20
32.5,E4_D-Fructose-6-Phosphate,15
32.75,E4_D-Fructose-6-Phosphate,14
33.0,E4_D-Fructose-6-Phosphate,14
33.25,E4_D-Fructose-6-Phosphate,14
33.5,E4_D-Fructose-6-Phosphate,17
33.75,E4_D-Fructose-6-Phosphate,17
34.0,E4_D-Fructose-6-Phosphate,11
34.25,E4_D-Fructose-6-Phosphate,18
34.5,E4_D-Fructose-6-Phosphate,15
34.75,E4_D-Fructose-6-Phosphate,18
35.0,E4_D-Fructose-6-Phosphate,17
35.25,E4_D-Fructose-6-Phosphate,14
35.5,E4_D-Fructose-6-Phosphate,14
35.75,E4_D-Fructose-6-Phosphate,19
36.0,E4_D-Fructose-6-Phosphate,19
36.25,E4_D-Fructose-6-Phosphate,18
36.5,E4_D-Fructose-6-Phosphate,16
36.75,E4_D-Fructose-6-Phosphate,19
37.0,E4_D-Fructose-6-Phosphate,19
37.25,E4_D-Fructose-6-Phosphate,17
37.5,E4_D-Fructose-6-Phosphate,17
37.75,E4_D-Fructose-6-Phosphate,18
38.0,E4_D-Fructose-6-Phosphate,22
38.25,E4_D-Fructose-6-Phosphate,15
38.5,E4_D-Fructose-6-Phosphate,22
38.75,E4_D-Fructose-6-Phosphate,16
39.0,E4_D-Fructose-6-Phosphate,23
39.25,E4_D-Fructose-6-Phosphate,20
39.5,E4_D-Fructose-6-Phosphate,17
39.75,E4_D-Fructose-6-Phosphate,17
40.0,E4_D-Fructose-6-Phosphate,12
40.25,E4_D-Fructose-6-Phosphate,22
40.5,E4_D-Fructose-6-Phosphate,16
40.75,E4_D-Fructose-6-Phosphate,20
41.0,E4_D-Fructose-6-Phosphate,17
41.25,E4_D-Fructose-6-Phosphate,18
41.5,E4_D-Fructose-6-Phosphate,18
41.75,E4_D-Fructose-6-Phosphate,18
42.0,E4_D-Fructose-6-Phosphate,23
42.25,E4_D-Fructose-6-Phosphate,24
42.5,E4_D-Fructose-6-Phosphate,20
42.75,E4_D-Fructose-6-Phosphate,22
43.0,E4_D-Fructose-6-Phosphate,20
43.25,E4_D-Fructose-6-Phosphate,21
43.5,E4_D-Fructose-6-Phosphate,23
43.75,E4_D-Fructose-6-Phosphate,19
44.0,E4_D-Fructose-6-Phosphate,18
44.25,E4_D-Fructose-6-Phosphate,21
44.5,E4_D-Fructose-6-Phosphate,21
44.75,E4_D-Fructose-6-Phosphate,17
45.0,E4_D-Fructose-6-Phosphate,20
45.25,E4_D-Fructose-6-Phosphate,21
45.5,E4_D-Fructose-6-Phosphate,20
45.75,E4_D-Fructose-6-Phosphate,20
46.0,E4_D-Fructose-6-Phosphate,19
46.25,E4_D-Fructose-6-Phosphate,19
46.5,E4_D-Fructose-6-Phosphate,24
46.75,E4_D-Fructose-6-Phosphate,22
47.0,E4_D-Fructose-6-Phosphate,20
47.25,E4_D-Fructose-6-Phosphate,20
47.5,E4_D-Fructose-6-Phosphate,23
47.75,E4_D-Fructose-6-Phosphate,24
48.0,E4_D-Fructose-6-Phosphate,19
48.25,E4_D-Fructose-6-Phosphate,24
0.0,E5_Tween_80,11
0.25,E5_Tween_80,11
0.5,E5_Tween_80,11
0.75,E5_Tween_80,11
1.0,E5_Tween_80,11
1.25,E5_Tween_80,11
1.5,E5_Tween_80,11
1.75,E5_Tween_80,11
2.0,E5_Tween_80,11
2.25,E5_Tween_80,11
2.5,E5_Tween_80,11
2.75,E5_Tween_80,11
3.0,E5_Tween_80,11
3.25,E5_Tween_80,11
3.5,E5_Tween_80,11
3.75,E5_Tween_80,11
4.0,E5_Tween_80,11
4.25,E5_Tween_80,11
4.5,E5_Tween_80,11
4.75,E5_Tween_80,11
5.0,E5_Tween_80,11
5.25,E5_Tween_80,11
5.5,E5_Tween_80,11
5.75,E5_Tween_80,11
6.0,E5_Tween_80,11
6.25,E5_Tween_80,11
6.5,E5_Tween_80,11
6.75,E5_Tween_80,11
7.0,E5_Tween_80,11
7.25,E5_Tween_80,12
7.5,E5_Tween_80,11
7.75,E5_Tween_80,11
8.0,E5_Tween_80,11
8.25,E5_Tween_80,11
8.5,E5_Tween_80,11
8.75,E5_Tween_80,11
9.0,E5_Tween_80,11
9.25,E5_Tween_80,11
9.5,E5_Tween_80,11
9.75,E5_Tween_80,11
10.0,E5_Tween_80,11
10.25,E5_Tween_80,11
10.5,E5_Tween_80,11
10.75,E5_Tween_80,11
11.0,E5_Tween_80,11
11.25,E5_Tween_80,11
11.5,E5_Tween_80,11
11.75,E5_Tween_80,11
12.0,E5_Tween_80,11
12.25,E5_Tween_80,11
12.5,E5_Tween_80,11
12.75,E5_Tween_80,11
13.0,E5_Tween_80,11
13.25,E5_Tween_80,11
13.5,E5_Tween_80,11
13.75,E5_Tween_80,11
14.0,E5_Tween_80,11
14.25,E5_Tween_80,11
14.5,E5_Tween_80,11
14.75,E5_Tween_80,11
15.0,E5_Tween_80,11
15.25,E5_Tween_80,11
15.5,E5_Tween_80,11
15.75,E5_Tween_80,11
16.0,E5_Tween_80,11
16.25,E5_Tween_80,11
16.5,E5_Tween_80,11
16.75,E5_Tween_80,11
17.0,E5_Tween_80,11
17.25,E5_Tween_80,11
17.5,E5_Tween_80,11
17.75,E5_Tween_80,11
18.0,E5_Tween_80,11
18.25,E5_Tween_80,11
18.5,E5_Tween_80,11
18.75,E5_Tween_80,11
19.0,E5_Tween_80,11
19.25,E5_Tween_80,11
19.5,E5_Tween_80,11
19.75,E5_Tween_80,11
20.0,E5_Tween_80,11
20.25,E5_Tween_80,11
20.5,E5_Tween_80,13
20.75,E5_Tween_80,11
21.0,E5_Tween_80,11
21.25,E5_Tween_80,11
21.5,E5_Tween_80,11
21.75,E5_Tween_80,11
22.0,E5_Tween_80,11
22.25,E5_Tween_80,11
22.5,E5_Tween_80,11
22.75,E5_Tween_80,11
23.0,E5_Tween_80,11
23.25,E5_Tween_80,11
23.5,E5_Tween_80,11
23.75,E5_Tween_80,11
24.0,E5_Tween_80,11
24.25,E5_Tween_80,13
24.5,E5_Tween_80,11
24.75,E5_Tween_80,11
25.0,E5_Tween_80,12
25.25,E5_Tween_80,11
25.5,E5_Tween_80,11
25.75,E5_Tween_80,11
26.0,E5_Tween_80,11
26.25,E5_Tween_80,11
26.5,E5_Tween_80,11
26.75,E5_Tween_80,11
27.0,E5_Tween_80,11
27.25,E5_Tween_80,13
27.5,E5_Tween_80,11
27.75,E5_Tween_80,13
28.0,E5_Tween_80,11
28.25,E5_Tween_80,11
28.5,E5_Tween_80,12
28.75,E5_Tween_80,11
29.0,E5_Tween_80,11
29.25,E5_Tween_80,11
29.5,E5_Tween_80,11
29.75,E5_Tween_80,11
30.0,E5_Tween_80,11
30.25,E5_Tween_80,11
30.5,E5_Tween_80,14
30.75,E5_Tween_80,11
31.0,E5_Tween_80,11
31.25,E5_Tween_80,13
31.5,E5_Tween_80,11
31.75,E5_Tween_80,12
32.0,E5_Tween_80,15
32.25,E5_Tween_80,11
32.5,E5_Tween_80,15
32.75,E5_Tween_80,11
33.0,E5_Tween_80,17
33.25,E5_Tween_80,11
33.5,E5_Tween_80,14
33.75,E5_Tween_80,15
34.0,E5_Tween_80,11
34.25,E5_Tween_80,12
34.5,E5_Tween_80,14
34.75,E5_Tween_80,15
35.0,E5_Tween_80,17
35.25,E5_Tween_80,15
35.5,E5_Tween_80,15
35.75,E5_Tween_80,15
36.0,E5_Tween_80,16
36.25,E5_Tween_80,14
36.5,E5_Tween_80,21
36.75,E5_Tween_80,19
37.0,E5_Tween_80,12
37.25,E5_Tween_80,14
37.5,E5_Tween_80,15
37.75,E5_Tween_80,18
38.0,E5_Tween_80,18
38.25,E5_Tween_80,17
38.5,E5_Tween_80,16
38.75,E5_Tween_80,22
39.0,E5_Tween_80,18
39.25,E5_Tween_80,16
39.5,E5_Tween_80,18
39.75,E5_Tween_80,17
40.0,E5_Tween_80,16
40.25,E5_Tween_80,18
40.5,E5_Tween_80,12
40.75,E5_Tween_80,16
41.0,E5_Tween_80,16
41.25,E5_Tween_80,17
41.5,E5_Tween_80,20
41.75,E5_Tween_80,16
42.0,E5_Tween_80,16
42.25,E5_Tween_80,21
42.5,E5_Tween_80,19
42.75,E5_Tween_80,21
43.0,E5_Tween_80,19
43.25,E5_Tween_80,19
43.5,E5_Tween_80,18
43.75,E5_Tween_80,18
44.0,E5_Tween_80,18
44.25,E5_Tween_80,17
44.5,E5_Tween_80,20
44.75,E5_Tween_80,24
45.0,E5_Tween_80,18
45.25,E5_Tween_80,22
45.5,E5_Tween_80,25
45.75,E5_Tween_80,19
46.0,E5_Tween_80,22
46.25,E5_Tween_80,24
46.5,E5_Tween_80,21
46.75,E5_Tween_80,21
47.0,E5_Tween_80,19
47.25,E5_Tween_80,21
47.5,E5_Tween_80,20
47.75,E5_Tween_80,22
48.0,E5_Tween_80,18
48.25,E5_Tween_80,24
0.0,E6_a-Hydroxy_Glutaric_Acid-g_Lactone,11
0.25,E6_a-Hydroxy_Glutaric_Acid-g_Lactone,11
0.5,E6_a-Hydroxy_Glutaric_Acid-g_Lactone,11
0.75,E6_a-Hydroxy_Glutaric_Acid-g_Lactone,11
1.0,E6_a-Hydroxy_Glutaric_Acid-g_Lactone,11
1.25,E6_a-Hydroxy_Glutaric_Acid-g_Lactone,11
1.5,E6_a-Hydroxy_Glutaric_Acid-g_Lactone,11
1.75,E6_a-Hydroxy_Glutaric_Acid-g_Lactone,11
2.0,E6_a-Hydroxy_Glutaric_Acid-g_Lactone,11
2.25,E6_a-Hydroxy_Glutaric_Acid-g_Lactone,11
2.5,E6_a-Hydroxy_Glutaric_Acid-g_Lactone,11
2.75,E6_a-Hydroxy_Glutaric_Acid-g_Lactone,11
3.0,E6_a-Hydroxy_Glutaric_Acid-g_Lactone,11
3.25,E6_a-Hydroxy_Glutaric_Acid-g_Lactone,11
3.5,E6_a-Hydroxy_Glutaric_Acid-g_Lactone,11
3.75,E6_a-Hydroxy_Glutaric_Acid-g_Lactone,11
4.0,E6_a-Hydroxy_Glutaric_Acid-g_Lactone,11
4.25,E6_a-Hydroxy_Glutaric_Acid-g_Lactone,11
4.5,E6_a-Hydroxy_Glutaric_Acid-g_Lactone,11
4.75,E6_a-Hydroxy_Glutaric_Acid-g_Lactone,11
5.0,E6_a-Hydroxy_Glutaric_Acid-g_Lactone,11
5.25,E6_a-Hydroxy_Glutaric_Acid-g_Lactone,11
5.5,E6_a-Hydroxy_Glutaric_Acid-g_Lactone,11
5.75,E6_a-Hydroxy_Glutaric_Acid-g_Lactone,11
6.0,E6_a-Hydroxy_Glutaric_Acid-g_Lactone,11
6.25,E6_a-Hydroxy_Glutaric_Acid-g_Lactone,11
6.5,E6_a-Hydroxy_Glutaric_Acid-g_Lactone,11
6.75,E6_a-Hydroxy_Glutaric_Acid-g_Lactone,11
7.0,E6_a-Hydroxy_Glutaric_Acid-g_Lactone,11
7.25,E6_a-Hydroxy_Glutaric_Acid-g_Lactone,13
7.5,E6_a-Hydroxy_Glutaric_Acid-g_Lactone,11
7.75,E6_a-Hydroxy_Glutaric_Acid-g_Lactone,11
8.0,E6_a-Hydroxy_Glutaric_Acid-g_Lactone,11
8.25,E6_a-Hydroxy_Glutaric_Acid-g_Lactone,11
8.5,E6_a-Hydroxy_Glutaric_Acid-g_Lactone,11
8.75,E6_a-Hydroxy_Glutaric_Acid-g_Lactone,11
9.0,E6_a-Hydroxy_Glutaric_Acid-g_Lactone,11
9.25,E6_a-Hydroxy_Glutaric_Acid-g_Lactone,11
9.5,E6_a-Hydroxy_Glutaric_Acid-g_Lactone,11
9.75,E6_a-Hydroxy_Glutaric_Acid-g_Lactone,11
10.0,E6_a-Hydroxy_Glutaric_Acid-g_Lactone,11
10.25,E6_a-Hydroxy_Glutaric_Acid-g_Lactone,11
10.5,E6_a-Hydroxy_Glutaric_Acid-g_Lactone,11
10.75,E6_a-Hydroxy_Glutaric_Acid-g_Lactone,11
11.0,E6_a-Hydroxy_Glutaric_Acid-g_Lactone,11
11.25,E6_a-Hydroxy_Glutaric_Acid-g_Lactone,11
11.5,E6_a-Hydroxy_Glutaric_Acid-g_Lactone,11
11.75,E6_a-Hydroxy_Glutaric_Acid-g_Lactone,11
12.0,E6_a-Hydroxy_Glutaric_Acid-g_Lactone,11
12.25,E6_a-Hydroxy_Glutaric_Acid-g_Lactone,11
12.5,E6_a-Hydroxy_Glutaric_Acid-g_Lactone,11
12.75,E6_a-Hydroxy_Glutaric_Acid-g_Lactone,11
13.0,E6_a-Hydroxy_Glutaric_Acid-g_Lactone,11
13.25,E6_a-Hydroxy_Glutaric_Acid-g_Lactone,11
13.5,E6_a-Hydroxy_Glutaric_Acid-g_Lactone,11
13.75,E6_a-Hydroxy_Glutaric_Acid-g_Lactone,11
14.0,E6_a-Hydroxy_Glutaric_Acid-g_Lactone,11
14.25,E6_a-Hydroxy_Glutaric_Acid-g_Lactone,11
14.5,E6_a-Hydroxy_Glutaric_Acid-g_Lactone,11
14.75,E6_a-Hydroxy_Glutaric_Acid-g_Lactone,11
15.0,E6_a-Hydroxy_Glutaric_Acid-g_Lactone,11
15.25,E6_a-Hydroxy_Glutaric_Acid-g_Lactone,11
15.5,E6_a-Hydroxy_Glutaric_Acid-g_Lactone,11
15.75,E6_a-Hydroxy_Glutaric_Acid-g_Lactone,11
16.0,E6_a-Hydroxy_Glutaric_Acid-g_Lactone,12
16.25,E6_a-Hydroxy_Glutaric_Acid-g_Lactone,11
16.5,E6_a-Hydroxy_Glutaric_Acid-g_Lactone,11
16.75,E6_a-Hydroxy_Glutaric_Acid-g_Lactone,11
17.0,E6_a-Hydroxy_Glutaric_Acid-g_Lactone,12
17.25,E6_a-Hydroxy_Glutaric_Acid-g_Lactone,11
17.5,E6_a-Hydroxy_Glutaric_Acid-g_Lactone,12
17.75,E6_a-Hydroxy_Glutaric_Acid-g_Lactone,11
18.0,E6_a-Hydroxy_Glutaric_Acid-g_Lactone,11
18.25,E6_a-Hydroxy_Glutaric_Acid-g_Lactone,11
18.5,E6_a-Hydroxy_Glutaric_Acid-g_Lactone,11
18.75,E6_a-Hydroxy_Glutaric_Acid-g_Lactone,11
19.0,E6_a-Hydroxy_Glutaric_Acid-g_Lactone,11
19.25,E6_a-Hydroxy_Glutaric_Acid-g_Lactone,11
19.5,E6_a-Hydroxy_Glutaric_Acid-g_Lactone,11
19.75,E6_a-Hydroxy_Glutaric_Acid-g_Lactone,11
20.0,E6_a-Hydroxy_Glutaric_Acid-g_Lactone,11
20.25,E6_a-Hydroxy_Glutaric_Acid-g_Lactone,11
20.5,E6_a-Hydroxy_Glutaric_Acid-g_Lactone,11
20.75,E6_a-Hydroxy_Glutaric_Acid-g_Lactone,11
21.0,E6_a-Hydroxy_Glutaric_Acid-g_Lactone,11
21.25,E6_a-Hydroxy_Glutaric_Acid-g_Lactone,11
21.5,E6_a-Hydroxy_Glutaric_Acid-g_Lactone,12
21.75,E6_a-Hydroxy_Glutaric_Acid-g_Lactone,11
22.0,E6_a-Hydroxy_Glutaric_Acid-g_Lactone,11
22.25,E6_a-Hydroxy_Glutaric_Acid-g_Lactone,11
22.5,E6_a-Hydroxy_Glutaric_Acid-g_Lactone,14
22.75,E6_a-Hydroxy_Glutaric_Acid-g_Lactone,11
23.0,E6_a-Hydroxy_Glutaric_Acid-g_Lactone,11
23.25,E6_a-Hydroxy_Glutaric_Acid-g_Lactone,11
23.5,E6_a-Hydroxy_Glutaric_Acid-g_Lactone,12
23.75,E6_a-Hydroxy_Glutaric_Acid-g_Lactone,11
24.0,E6_a-Hydroxy_Glutaric_Acid-g_Lactone,11
24.25,E6_a-Hydroxy_Glutaric_Acid-g_Lactone,11
24.5,E6_a-Hydroxy_Glutaric_Acid-g_Lactone,12
24.75,E6_a-Hydroxy_Glutaric_Acid-g_Lactone,11
25.0,E6_a-Hydroxy_Glutaric_Acid-g_Lactone,14
25.25,E6_a-Hydroxy_Glutaric_Acid-g_Lactone,11
25.5,E6_a-Hydroxy_Glutaric_Acid-g_Lactone,11
25.75,E6_a-Hydroxy_Glutaric_Acid-g_Lactone,13
26.0,E6_a-Hydroxy_Glutaric_Acid-g_Lactone,11
26.25,E6_a-Hydroxy_Glutaric_Acid-g_Lactone,14
26.5,E6_a-Hydroxy_Glutaric_Acid-g_Lactone,11
26.75,E6_a-Hydroxy_Glutaric_Acid-g_Lactone,13
27.0,E6_a-Hydroxy_Glutaric_Acid-g_Lactone,11
27.25,E6_a-Hydroxy_Glutaric_Acid-g_Lactone,16
27.5,E6_a-Hydroxy_Glutaric_Acid-g_Lactone,13
27.75,E6_a-Hydroxy_Glutaric_Acid-g_Lactone,15
28.0,E6_a-Hydroxy_Glutaric_Acid-g_Lactone,12
28.25,E6_a-Hydroxy_Glutaric_Acid-g_Lactone,15
28.5,E6_a-Hydroxy_Glutaric_Acid-g_Lactone,16
28.75,E6_a-Hydroxy_Glutaric_Acid-g_Lactone,14
29.0,E6_a-Hydroxy_Glutaric_Acid-g_Lactone,16
29.25,E6_a-Hydroxy_Glutaric_Acid-g_Lactone,11
29.5,E6_a-Hydroxy_Glutaric_Acid-g_Lactone,13
29.75,E6_a-Hydroxy_Glutaric_Acid-g_Lactone,12
30.0,E6_a-Hydroxy_Glutaric_Acid-g_Lactone,12
30.25,E6_a-Hydroxy_Glutaric_Acid-g_Lactone,13
30.5,E6_a-Hydroxy_Glutaric_Acid-g_Lactone,13
30.75,E6_a-Hydroxy_Glutaric_Acid-g_Lactone,15
31.0,E6_a-Hydroxy_Glutaric_Acid-g_Lactone,14
31.25,E6_a-Hydroxy_Glutaric_Acid-g_Lactone,18
31.5,E6_a-Hydroxy_Glutaric_Acid-g_Lactone,16
31.75,E6_a-Hydroxy_Glutaric_Acid-g_Lactone,19
32.0,E6_a-Hydroxy_Glutaric_Acid-g_Lactone,16
32.25,E6_a-Hydroxy_Glutaric_Acid-g_Lactone,14
32.5,E6_a-Hydroxy_Glutaric_Acid-g_Lactone,19
32.75,E6_a-Hydroxy_Glutaric_Acid-g_Lactone,14
33.0,E6_a-Hydroxy_Glutaric_Acid-g_Lactone,15
33.25,E6_a-Hydroxy_Glutaric_Acid-g_Lactone,15
33.5,E6_a-Hydroxy_Glutaric_Acid-g_Lactone,17
33.75,E6_a-Hydroxy_Glutaric_Acid-g_Lactone,18
34.0,E6_a-Hydroxy_Glutaric_Acid-g_Lactone,18
34.25,E6_a-Hydroxy_Glutaric_Acid-g_Lactone,21
34.5,E6_a-Hydroxy_Glutaric_Acid-g_Lactone,19
34.75,E6_a-Hydroxy_Glutaric_Acid-g_Lactone,21
35.0,E6_a-Hydroxy_Glutaric_Acid-g_Lactone,15
35.25,E6_a-Hydroxy_Glutaric_Acid-g_Lactone,20
35.5,E6_a-Hydroxy_Glutaric_Acid-g_Lactone,17
35.75,E6_a-Hydroxy_Glutaric_Acid-g_Lactone,17
36.0,E6_a-Hydroxy_Glutaric_Acid-g_Lactone,22
36.25,E6_a-Hydroxy_Glutaric_Acid-g_Lactone,22
36.5,E6_a-Hydroxy_Glutaric_Acid-g_Lactone,18
36.75,E6_a-Hydroxy_Glutaric_Acid-g_Lactone,19
37.0,E6_a-Hydroxy_Glutaric_Acid-g_Lactone,19
37.25,E6_a-Hydroxy_Glutaric_Acid-g_Lactone,19
37.5,E6_a-Hydroxy_Glutaric_Acid-g_Lactone,19
37.75,E6_a-Hydroxy_Glutaric_Acid-g_Lactone,21
38.0,E6_a-Hydroxy_Glutaric_Acid-g_Lactone,20
38.25,E6_a-Hydroxy_Glutaric_Acid-g_Lactone,22
38.5,E6_a-Hydroxy_Glutaric_Acid-g_Lactone,21
38.75,E6_a-Hydroxy_Glutaric_Acid-g_Lactone,21
39.0,E6_a-Hydroxy_Glutaric_Acid-g_Lactone,25
39.25,E6_a-Hydroxy_Glutaric_Acid-g_Lactone,23
39.5,E6_a-Hydroxy_Glutaric_Acid-g_Lactone,20
39.75,E6_a-Hydroxy_Glutaric_Acid-g_Lactone,19
40.0,E6_a-Hydroxy_Glutaric_Acid-g_Lactone,19
40.25,E6_a-Hydroxy_Glutaric_Acid-g_Lactone,22
40.5,E6_a-Hydroxy_Glutaric_Acid-g_Lactone,27
40.75,E6_a-Hydroxy_Glutaric_Acid-g_Lactone,20
41.0,E6_a-Hydroxy_Glutaric_Acid-g_Lactone,19
41.25,E6_a-Hydroxy_Glutaric_Acid-g_Lactone,25
41.5,E6_a-Hydroxy_Glutaric_Acid-g_Lactone,21
41.75,E6_a-Hydroxy_Glutaric_Acid-g_Lactone,25
42.0,E6_a-Hydroxy_Glutaric_Acid-g_Lactone,24
42.25,E6_a-Hydroxy_Glutaric_Acid-g_Lactone,20
42.5,E6_a-Hydroxy_Glutaric_Acid-g_Lactone,21
42.75,E6_a-Hydroxy_Glutaric_Acid-g_Lactone,26
43.0,E6_a-Hydroxy_Glutaric_Acid-g_Lactone,24
43.25,E6_a-Hydroxy_Glutaric_Acid-g_Lactone,25
43.5,E6_a-Hydroxy_Glutaric_Acid-g_Lactone,22
43.75,E6_a-Hydroxy_Glutaric_Acid-g_Lactone,22
44.0,E6_a-Hydroxy_Glutaric_Acid-g_Lactone,26
44.25,E6_a-Hydroxy_Glutaric_Acid-g_Lactone,27
44.5,E6_a-Hydroxy_Glutaric_Acid-g_Lactone,23
44.75,E6_a-Hydroxy_Glutaric_Acid-g_Lactone,20
45.0,E6_a-Hydroxy_Glutaric_Acid-g_Lactone,22
45.25,E6_a-Hydroxy_Glutaric_Acid-g_Lactone,25
45.5,E6_a-Hydroxy_Glutaric_Acid-g_Lactone,23
45.75,E6_a-Hydroxy_Glutaric_Acid-g_Lactone,26
46.0,E6_a-Hydroxy_Glutaric_Acid-g_Lactone,23
46.25,E6_a-Hydroxy_Glutaric_Acid-g_Lactone,23
46.5,E6_a-Hydroxy_Glutaric_Acid-g_Lactone,26
46.75,E6_a-Hydroxy_Glutaric_Acid-g_Lactone,25
47.0,E6_a-Hydroxy_Glutaric_Acid-g_Lactone,24
47.25,E6_a-Hydroxy_Glutaric_Acid-g_Lactone,28
47.5,E6_a-Hydroxy_Glutaric_Acid-g_Lactone,28
47.75,E6_a-Hydroxy_Glutaric_Acid-g_Lactone,29
48.0,E6_a-Hydroxy_Glutaric_Acid-g_Lactone,25
48.25,E6_a-Hydroxy_Glutaric_Acid-g_Lactone,26
0.0,E7_a-Hydroxy_Butyric_Acid,11
0.25,E7_a-Hydroxy_Butyric_Acid,11
0.5,E7_a-Hydroxy_Butyric_Acid,11
0.75,E7_a-Hydroxy_Butyric_Acid,11
1.0,E7_a-Hydroxy_Butyric_Acid,11
1.25,E7_a-Hydroxy_Butyric_Acid,11
1.5,E7_a-Hydroxy_Butyric_Acid,11
1.75,E7_a-Hydroxy_Butyric_Acid,11
2.0,E7_a-Hydroxy_Butyric_Acid,11
2.25,E7_a-Hydroxy_Butyric_Acid,11
2.5,E7_a-Hydroxy_Butyric_Acid,11
2.75,E7_a-Hydroxy_Butyric_Acid,11
3.0,E7_a-Hydroxy_Butyric_Acid,11
3.25,E7_a-Hydroxy_Butyric_Acid,11
3.5,E7_a-Hydroxy_Butyric_Acid,11
3.75,E7_a-Hydroxy_Butyric_Acid,11
4.0,E7_a-Hydroxy_Butyric_Acid,11
4.25,E7_a-Hydroxy_Butyric_Acid,11
4.5,E7_a-Hydroxy_Butyric_Acid,11
4.75,E7_a-Hydroxy_Butyric_Acid,11
5.0,E7_a-Hydroxy_Butyric_Acid,11
5.25,E7_a-Hydroxy_Butyric_Acid,11
5.5,E7_a-Hydroxy_Butyric_Acid,11
5.75,E7_a-Hydroxy_Butyric_Acid,11
6.0,E7_a-Hydroxy_Butyric_Acid,11
6.25,E7_a-Hydroxy_Butyric_Acid,11
6.5,E7_a-Hydroxy_Butyric_Acid,11
6.75,E7_a-Hydroxy_Butyric_Acid,11
7.0,E7_a-Hydroxy_Butyric_Acid,11
7.25,E7_a-Hydroxy_Butyric_Acid,11
7.5,E7_a-Hydroxy_Butyric_Acid,11
7.75,E7_a-Hydroxy_Butyric_Acid,11
8.0,E7_a-Hydroxy_Butyric_Acid,11
8.25,E7_a-Hydroxy_Butyric_Acid,11
8.5,E7_a-Hydroxy_Butyric_Acid,11
8.75,E7_a-Hydroxy_Butyric_Acid,11
9.0,E7_a-Hydroxy_Butyric_Acid,11
9.25,E7_a-Hydroxy_Butyric_Acid,11
9.5,E7_a-Hydroxy_Butyric_Acid,11
9.75,E7_a-Hydroxy_Butyric_Acid,11
10.0,E7_a-Hydroxy_Butyric_Acid,11
10.25,E7_a-Hydroxy_Butyric_Acid,11
10.5,E7_a-Hydroxy_Butyric_Acid,11
10.75,E7_a-Hydroxy_Butyric_Acid,11
11.0,E7_a-Hydroxy_Butyric_Acid,11
11.25,E7_a-Hydroxy_Butyric_Acid,12
11.5,E7_a-Hydroxy_Butyric_Acid,11
11.75,E7_a-Hydroxy_Butyric_Acid,11
12.0,E7_a-Hydroxy_Butyric_Acid,11
12.25,E7_a-Hydroxy_Butyric_Acid,11
12.5,E7_a-Hydroxy_Butyric_Acid,11
12.75,E7_a-Hydroxy_Butyric_Acid,11
13.0,E7_a-Hydroxy_Butyric_Acid,11
13.25,E7_a-Hydroxy_Butyric_Acid,11
13.5,E7_a-Hydroxy_Butyric_Acid,11
13.75,E7_a-Hydroxy_Butyric_Acid,11
14.0,E7_a-Hydroxy_Butyric_Acid,11
14.25,E7_a-Hydroxy_Butyric_Acid,11
14.5,E7_a-Hydroxy_Butyric_Acid,11
14.75,E7_a-Hydroxy_Butyric_Acid,11
15.0,E7_a-Hydroxy_Butyric_Acid,11
15.25,E7_a-Hydroxy_Butyric_Acid,12
15.5,E7_a-Hydroxy_Butyric_Acid,11
15.75,E7_a-Hydroxy_Butyric_Acid,11
16.0,E7_a-Hydroxy_Butyric_Acid,11
16.25,E7_a-Hydroxy_Butyric_Acid,11
16.5,E7_a-Hydroxy_Butyric_Acid,11
16.75,E7_a-Hydroxy_Butyric_Acid,11
17.0,E7_a-Hydroxy_Butyric_Acid,11
17.25,E7_a-Hydroxy_Butyric_Acid,11
17.5,E7_a-Hydroxy_Butyric_Acid,11
17.75,E7_a-Hydroxy_Butyric_Acid,11
18.0,E7_a-Hydroxy_Butyric_Acid,11
18.25,E7_a-Hydroxy_Butyric_Acid,11
18.5,E7_a-Hydroxy_Butyric_Acid,11
18.75,E7_a-Hydroxy_Butyric_Acid,11
19.0,E7_a-Hydroxy_Butyric_Acid,11
19.25,E7_a-Hydroxy_Butyric_Acid,11
19.5,E7_a-Hydroxy_Butyric_Acid,11
19.75,E7_a-Hydroxy_Butyric_Acid,11
20.0,E7_a-Hydroxy_Butyric_Acid,11
20.25,E7_a-Hydroxy_Butyric_Acid,11
20.5,E7_a-Hydroxy_Butyric_Acid,11
20.75,E7_a-Hydroxy_Butyric_Acid,11
21.0,E7_a-Hydroxy_Butyric_Acid,11
21.25,E7_a-Hydroxy_Butyric_Acid,11
21.5,E7_a-Hydroxy_Butyric_Acid,11
21.75,E7_a-Hydroxy_Butyric_Acid,11
22.0,E7_a-Hydroxy_Butyric_Acid,11
22.25,E7_a-Hydroxy_Butyric_Acid,11
22.5,E7_a-Hydroxy_Butyric_Acid,11
22.75,E7_a-Hydroxy_Butyric_Acid,11
23.0,E7_a-Hydroxy_Butyric_Acid,11
23.25,E7_a-Hydroxy_Butyric_Acid,11
23.5,E7_a-Hydroxy_Butyric_Acid,11
23.75,E7_a-Hydroxy_Butyric_Acid,11
24.0,E7_a-Hydroxy_Butyric_Acid,11
24.25,E7_a-Hydroxy_Butyric_Acid,11
24.5,E7_a-Hydroxy_Butyric_Acid,11
24.75,E7_a-Hydroxy_Butyric_Acid,11
25.0,E7_a-Hydroxy_Butyric_Acid,11
25.25,E7_a-Hydroxy_Butyric_Acid,11
25.5,E7_a-Hydroxy_Butyric_Acid,11
25.75,E7_a-Hydroxy_Butyric_Acid,11
26.0,E7_a-Hydroxy_Butyric_Acid,11
26.25,E7_a-Hydroxy_Butyric_Acid,13
26.5,E7_a-Hydroxy_Butyric_Acid,11
26.75,E7_a-Hydroxy_Butyric_Acid,11
27.0,E7_a-Hydroxy_Butyric_Acid,11
27.25,E7_a-Hydroxy_Butyric_Acid,11
27.5,E7_a-Hydroxy_Butyric_Acid,11
27.75,E7_a-Hydroxy_Butyric_Acid,11
28.0,E7_a-Hydroxy_Butyric_Acid,11
28.25,E7_a-Hydroxy_Butyric_Acid,11
28.5,E7_a-Hydroxy_Butyric_Acid,12
28.75,E7_a-Hydroxy_Butyric_Acid,11
29.0,E7_a-Hydroxy_Butyric_Acid,11
29.25,E7_a-Hydroxy_Butyric_Acid,11
29.5,E7_a-Hydroxy_Butyric_Acid,11
29.75,E7_a-Hydroxy_Butyric_Acid,11
30.0,E7_a-Hydroxy_Butyric_Acid,11
30.25,E7_a-Hydroxy_Butyric_Acid,11
30.5,E7_a-Hydroxy_Butyric_Acid,11
30.75,E7_a-Hydroxy_Butyric_Acid,11
31.0,E7_a-Hydroxy_Butyric_Acid,11
31.25,E7_a-Hydroxy_Butyric_Acid,11
31.5,E7_a-Hydroxy_Butyric_Acid,11
31.75,E7_a-Hydroxy_Butyric_Acid,11
32.0,E7_a-Hydroxy_Butyric_Acid,11
32.25,E7_a-Hydroxy_Butyric_Acid,11
32.5,E7_a-Hydroxy_Butyric_Acid,11
32.75,E7_a-Hydroxy_Butyric_Acid,11
33.0,E7_a-Hydroxy_Butyric_Acid,11
33.25,E7_a-Hydroxy_Butyric_Acid,11
33.5,E7_a-Hydroxy_Butyric_Acid,11
33.75,E7_a-Hydroxy_Butyric_Acid,11
34.0,E7_a-Hydroxy_Butyric_Acid,11
34.25,E7_a-Hydroxy_Butyric_Acid,11
34.5,E7_a-Hydroxy_Butyric_Acid,11
34.75,E7_a-Hydroxy_Butyric_Acid,11
35.0,E7_a-Hydroxy_Butyric_Acid,11
35.25,E7_a-Hydroxy_Butyric_Acid,11
35.5,E7_a-Hydroxy_Butyric_Acid,11
35.75,E7_a-Hydroxy_Butyric_Acid,11
36.0,E7_a-Hydroxy_Butyric_Acid,12
36.25,E7_a-Hydroxy_Butyric_Acid,11
36.5,E7_a-Hydroxy_Butyric_Acid,11
36.75,E7_a-Hydroxy_Butyric_Acid,14
37.0,E7_a-Hydroxy_Butyric_Acid,11
37.25,E7_a-Hydroxy_Butyric_Acid,11
37.5,E7_a-Hydroxy_Butyric_Acid,11
37.75,E7_a-Hydroxy_Butyric_Acid,11
38.0,E7_a-Hydroxy_Butyric_Acid,11
38.25,E7_a-Hydroxy_Butyric_Acid,11
38.5,E7_a-Hydroxy_Butyric_Acid,11
38.75,E7_a-Hydroxy_Butyric_Acid,11
39.0,E7_a-Hydroxy_Butyric_Acid,11
39.25,E7_a-Hydroxy_Butyric_Acid,13
39.5,E7_a-Hydroxy_Butyric_Acid,11
39.75,E7_a-Hydroxy_Butyric_Acid,11
40.0,E7_a-Hydroxy_Butyric_Acid,11
40.25,E7_a-Hydroxy_Butyric_Acid,11
40.5,E7_a-Hydroxy_Butyric_Acid,11
40.75,E7_a-Hydroxy_Butyric_Acid,11
41.0,E7_a-Hydroxy_Butyric_Acid,11
41.25,E7_a-Hydroxy_Butyric_Acid,11
41.5,E7_a-Hydroxy_Butyric_Acid,14
41.75,E7_a-Hydroxy_Butyric_Acid,11
42.0,E7_a-Hydroxy_Butyric_Acid,14
42.25,E7_a-Hydroxy_Butyric_Acid,13
42.5,E7_a-Hydroxy_Butyric_Acid,12
42.75,E7_a-Hydroxy_Butyric_Acid,11
43.0,E7_a-Hydroxy_Butyric_Acid,11
43.25,E7_a-Hydroxy_Butyric_Acid,11
43.5,E7_a-Hydroxy_Butyric_Acid,11
43.75,E7_a-Hydroxy_Butyric_Acid,11
44.0,E7_a-Hydroxy_Butyric_Acid,11
44.25,E7_a-Hydroxy_Butyric_Acid,11
44.5,E7_a-Hydroxy_Butyric_Acid,11
44.75,E7_a-Hydroxy_Butyric_Acid,11
45.0,E7_a-Hydroxy_Butyric_Acid,11
45.25,E7_a-Hydroxy_Butyric_Acid,11
45.5,E7_a-Hydroxy_Butyric_Acid,13
45.75,E7_a-Hydroxy_Butyric_Acid,11
46.0,E7_a-Hydroxy_Butyric_Acid,14
46.25,E7_a-Hydroxy_Butyric_Acid,14
46.5,E7_a-Hydroxy_Butyric_Acid,11
46.75,E7_a-Hydroxy_Butyric_Acid,13
47.0,E7_a-Hydroxy_Butyric_Acid,15
47.25,E7_a-Hydroxy_Butyric_Acid,14
47.5,E7_a-Hydroxy_Butyric_Acid,12
47.75,E7_a-Hydroxy_Butyric_Acid,11
48.0,E7_a-Hydroxy_Butyric_Acid,11
48.25,E7_a-Hydroxy_Butyric_Acid,14
0.0,E8_B-Methyl-D_Glucoside,11
0.25,E8_B-Methyl-D_Glucoside,11
0.5,E8_B-Methyl-D_Glucoside,11
0.75,E8_B-Methyl-D_Glucoside,11
1.0,E8_B-Methyl-D_Glucoside,11
1.25,E8_B-Methyl-D_Glucoside,11
1.5,E8_B-Methyl-D_Glucoside,11
1.75,E8_B-Methyl-D_Glucoside,11
2.0,E8_B-Methyl-D_Glucoside,11
2.25,E8_B-Methyl-D_Glucoside,11
2.5,E8_B-Methyl-D_Glucoside,11
2.75,E8_B-Methyl-D_Glucoside,11
3.0,E8_B-Methyl-D_Glucoside,11
3.25,E8_B-Methyl-D_Glucoside,11
3.5,E8_B-Methyl-D_Glucoside,11
3.75,E8_B-Methyl-D_Glucoside,11
4.0,E8_B-Methyl-D_Glucoside,11
4.25,E8_B-Methyl-D_Glucoside,11
4.5,E8_B-Methyl-D_Glucoside,11
4.75,E8_B-Methyl-D_Glucoside,11
5.0,E8_B-Methyl-D_Glucoside,11
5.25,E8_B-Methyl-D_Glucoside,11
5.5,E8_B-Methyl-D_Glucoside,11
5.75,E8_B-Methyl-D_Glucoside,11
6.0,E8_B-Methyl-D_Glucoside,11
6.25,E8_B-Methyl-D_Glucoside,11
6.5,E8_B-Methyl-D_Glucoside,11
6.75,E8_B-Methyl-D_Glucoside,11
7.0,E8_B-Methyl-D_Glucoside,11
7.25,E8_B-Methyl-D_Glucoside,11
7.5,E8_B-Methyl-D_Glucoside,11
7.75,E8_B-Methyl-D_Glucoside,11
8.0,E8_B-Methyl-D_Glucoside,11
8.25,E8_B-Methyl-D_Glucoside,11
8.5,E8_B-Methyl-D_Glucoside,11
8.75,E8_B-Methyl-D_Glucoside,11
9.0,E8_B-Methyl-D_Glucoside,11
9.25,E8_B-Methyl-D_Glucoside,11
9.5,E8_B-Methyl-D_Glucoside,11
9.75,E8_B-Methyl-D_Glucoside,11
10.0,E8_B-Methyl-D_Glucoside,11
10.25,E8_B-Methyl-D_Glucoside,11
10.5,E8_B-Methyl-D_Glucoside,11
10.75,E8_B-Methyl-D_Glucoside,11
11.0,E8_B-Methyl-D_Glucoside,11
11.25,E8_B-Methyl-D_Glucoside,11
11.5,E8_B-Methyl-D_Glucoside,11
11.75,E8_B-Methyl-D_Glucoside,11
12.0,E8_B-Methyl-D_Glucoside,11
12.25,E8_B-Methyl-D_Glucoside,11
12.5,E8_B-Methyl-D_Glucoside,11
12.75,E8_B-Methyl-D_Glucoside,11
13.0,E8_B-Methyl-D_Glucoside,11
13.25,E8_B-Methyl-D_Glucoside,11
13.5,E8_B-Methyl-D_Glucoside,11
13.75,E8_B-Methyl-D_Glucoside,11
14.0,E8_B-Methyl-D_Glucoside,11
14.25,E8_B-Methyl-D_Glucoside,11
14.5,E8_B-Methyl-D_Glucoside,11
14.75,E8_B-Methyl-D_Glucoside,12
15.0,E8_B-Methyl-D_Glucoside,11
15.25,E8_B-Methyl-D_Glucoside,11
15.5,E8_B-Methyl-D_Glucoside,11
15.75,E8_B-Methyl-D_Glucoside,11
16.0,E8_B-Methyl-D_Glucoside,13
16.25,E8_B-Methyl-D_Glucoside,11
16.5,E8_B-Methyl-D_Glucoside,11
16.75,E8_B-Methyl-D_Glucoside,11
17.0,E8_B-Methyl-D_Glucoside,11
17.25,E8_B-Methyl-D_Glucoside,11
17.5,E8_B-Methyl-D_Glucoside,11
17.75,E8_B-Methyl-D_Glucoside,11
18.0,E8_B-Methyl-D_Glucoside,11
18.25,E8_B-Methyl-D_Glucoside,11
18.5,E8_B-Methyl-D_Glucoside,11
18.75,E8_B-Methyl-D_Glucoside,11
19.0,E8_B-Methyl-D_Glucoside,11
19.25,E8_B-Methyl-D_Glucoside,11
19.5,E8_B-Methyl-D_Glucoside,11
19.75,E8_B-Methyl-D_Glucoside,11
20.0,E8_B-Methyl-D_Glucoside,11
20.25,E8_B-Methyl-D_Glucoside,11
20.5,E8_B-Methyl-D_Glucoside,11
20.75,E8_B-Methyl-D_Glucoside,11
21.0,E8_B-Methyl-D_Glucoside,11
21.25,E8_B-Methyl-D_Glucoside,11
21.5,E8_B-Methyl-D_Glucoside,11
21.75,E8_B-Methyl-D_Glucoside,11
22.0,E8_B-Methyl-D_Glucoside,11
22.25,E8_B-Methyl-D_Glucoside,11
22.5,E8_B-Methyl-D_Glucoside,11
22.75,E8_B-Methyl-D_Glucoside,12
23.0,E8_B-Methyl-D_Glucoside,11
23.25,E8_B-Methyl-D_Glucoside,11
23.5,E8_B-Methyl-D_Glucoside,11
23.75,E8_B-Methyl-D_Glucoside,11
24.0,E8_B-Methyl-D_Glucoside,11
24.25,E8_B-Methyl-D_Glucoside,11
24.5,E8_B-Methyl-D_Glucoside,11
24.75,E8_B-Methyl-D_Glucoside,11
25.0,E8_B-Methyl-D_Glucoside,11
25.25,E8_B-Methyl-D_Glucoside,11
25.5,E8_B-Methyl-D_Glucoside,11
25.75,E8_B-Methyl-D_Glucoside,13
26.0,E8_B-Methyl-D_Glucoside,11
26.25,E8_B-Methyl-D_Glucoside,11
26.5,E8_B-Methyl-D_Glucoside,11
26.75,E8_B-Methyl-D_Glucoside,11
27.0,E8_B-Methyl-D_Glucoside,11
27.25,E8_B-Methyl-D_Glucoside,11
27.5,E8_B-Methyl-D_Glucoside,11
27.75,E8_B-Methyl-D_Glucoside,16
28.0,E8_B-Methyl-D_Glucoside,11
28.25,E8_B-Methyl-D_Glucoside,11
28.5,E8_B-Methyl-D_Glucoside,13
28.75,E8_B-Methyl-D_Glucoside,13
29.0,E8_B-Methyl-D_Glucoside,11
29.25,E8_B-Methyl-D_Glucoside,11
29.5,E8_B-Methyl-D_Glucoside,12
29.75,E8_B-Methyl-D_Glucoside,11
30.0,E8_B-Methyl-D_Glucoside,11
30.25,E8_B-Methyl-D_Glucoside,13
30.5,E8_B-Methyl-D_Glucoside,14
30.75,E8_B-Methyl-D_Glucoside,11
31.0,E8_B-Methyl-D_Glucoside,12
31.25,E8_B-Methyl-D_Glucoside,11
31.5,E8_B-Methyl-D_Glucoside,14
31.75,E8_B-Methyl-D_Glucoside,14
32.0,E8_B-Methyl-D_Glucoside,13
32.25,E8_B-Methyl-D_Glucoside,14
32.5,E8_B-Methyl-D_Glucoside,13
32.75,E8_B-Methyl-D_Glucoside,12
33.0,E8_B-Methyl-D_Glucoside,16
33.25,E8_B-Methyl-D_Glucoside,11
33.5,E8_B-Methyl-D_Glucoside,13
33.75,E8_B-Methyl-D_Glucoside,14
34.0,E8_B-Methyl-D_Glucoside,15
34.25,E8_B-Methyl-D_Glucoside,11
34.5,E8_B-Methyl-D_Glucoside,13
34.75,E8_B-Methyl-D_Glucoside,11
35.0,E8_B-Methyl-D_Glucoside,14
35.25,E8_B-Methyl-D_Glucoside,15
35.5,E8_B-Methyl-D_Glucoside,15
35.75,E8_B-Methyl-D_Glucoside,14
36.0,E8_B-Methyl-D_Glucoside,15
36.25,E8_B-Methyl-D_Glucoside,11
36.5,E8_B-Methyl-D_Glucoside,14
36.75,E8_B-Methyl-D_Glucoside,15
37.0,E8_B-Methyl-D_Glucoside,15
37.25,E8_B-Methyl-D_Glucoside,19
37.5,E8_B-Methyl-D_Glucoside,14
37.75,E8_B-Methyl-D_Glucoside,16
38.0,E8_B-Methyl-D_Glucoside,15
38.25,E8_B-Methyl-D_Glucoside,17
38.5,E8_B-Methyl-D_Glucoside,12
38.75,E8_B-Methyl-D_Glucoside,18
39.0,E8_B-Methyl-D_Glucoside,11
39.25,E8_B-Methyl-D_Glucoside,18
39.5,E8_B-Methyl-D_Glucoside,15
39.75,E8_B-Methyl-D_Glucoside,17
40.0,E8_B-Methyl-D_Glucoside,17
40.25,E8_B-Methyl-D_Glucoside,15
40.5,E8_B-Methyl-D_Glucoside,13
40.75,E8_B-Methyl-D_Glucoside,16
41.0,E8_B-Methyl-D_Glucoside,15
41.25,E8_B-Methyl-D_Glucoside,14
41.5,E8_B-Methyl-D_Glucoside,19
41.75,E8_B-Methyl-D_Glucoside,17
42.0,E8_B-Methyl-D_Glucoside,18
42.25,E8_B-Methyl-D_Glucoside,17
42.5,E8_B-Methyl-D_Glucoside,18
42.75,E8_B-Methyl-D_Glucoside,16
43.0,E8_B-Methyl-D_Glucoside,18
43.25,E8_B-Methyl-D_Glucoside,16
43.5,E8_B-Methyl-D_Glucoside,18
43.75,E8_B-Methyl-D_Glucoside,16
44.0,E8_B-Methyl-D_Glucoside,18
44.25,E8_B-Methyl-D_Glucoside,14
44.5,E8_B-Methyl-D_Glucoside,18
44.75,E8_B-Methyl-D_Glucoside,16
45.0,E8_B-Methyl-D_Glucoside,13
45.25,E8_B-Methyl-D_Glucoside,20
45.5,E8_B-Methyl-D_Glucoside,20
45.75,E8_B-Methyl-D_Glucoside,17
46.0,E8_B-Methyl-D_Glucoside,16
46.25,E8_B-Methyl-D_Glucoside,22
46.5,E8_B-Methyl-D_Glucoside,16
46.75,E8_B-Methyl-D_Glucoside,16
47.0,E8_B-Methyl-D_Glucoside,16
47.25,E8_B-Methyl-D_Glucoside,19
47.5,E8_B-Methyl-D_Glucoside,16
47.75,E8_B-Methyl-D_Glucoside,21
48.0,E8_B-Methyl-D_Glucoside,16
48.25,E8_B-Methyl-D_Glucoside,17
0.0,E9_Adonitol,11
0.25,E9_Adonitol,11
0.5,E9_Adonitol,14
0.75,E9_Adonitol,11
1.0,E9_Adonitol,11
1.25,E9_Adonitol,11
1.5,E9_Adonitol,11
1.75,E9_Adonitol,11
2.0,E9_Adonitol,11
2.25,E9_Adonitol,11
2.5,E9_Adonitol,11
2.75,E9_Adonitol,11
3.0,E9_Adonitol,11
3.25,E9_Adonitol,11
3.5,E9_Adonitol,11
3.75,E9_Adonitol,11
4.0,E9_Adonitol,11
4.25,E9_Adonitol,11
4.5,E9_Adonitol,11
4.75,E9_Adonitol,11
5.0,E9_Adonitol,11
5.25,E9_Adonitol,11
5.5,E9_Adonitol,11
5.75,E9_Adonitol,11
6.0,E9_Adonitol,11
6.25,E9_Adonitol,11
6.5,E9_Adonitol,11
6.75,E9_Adonitol,11
7.0,E9_Adonitol,11
7.25,E9_Adonitol,11
7.5,E9_Adonitol,11
7.75,E9_Adonitol,11
8.0,E9_Adonitol,11
8.25,E9_Adonitol,11
8.5,E9_Adonitol,11
8.75,E9_Adonitol,11
9.0,E9_Adonitol,11
9.25,E9_Adonitol,11
9.5,E9_Adonitol,11
9.75,E9_Adonitol,11
10.0,E9_Adonitol,11
10.25,E9_Adonitol,11
10.5,E9_Adonitol,11
10.75,E9_Adonitol,11
11.0,E9_Adonitol,11
11.25,E9_Adonitol,11
11.5,E9_Adonitol,11
11.75,E9_Adonitol,11
12.0,E9_Adonitol,11
12.25,E9_Adonitol,11
12.5,E9_Adonitol,11
12.75,E9_Adonitol,11
13.0,E9_Adonitol,11
13.25,E9_Adonitol,11
13.5,E9_Adonitol,11
13.75,E9_Adonitol,11
14.0,E9_Adonitol,11
14.25,E9_Adonitol,11
14.5,E9_Adonitol,12
14.75,E9_Adonitol,11
15.0,E9_Adonitol,11
15.25,E9_Adonitol,11
15.5,E9_Adonitol,12
15.75,E9_Adonitol,11
16.0,E9_Adonitol,11
16.25,E9_Adonitol,11
16.5,E9_Adonitol,11
16.75,E9_Adonitol,11
17.0,E9_Adonitol,12
17.25,E9_Adonitol,11
17.5,E9_Adonitol,11
17.75,E9_Adonitol,11
18.0,E9_Adonitol,11
18.25,E9_Adonitol,11
18.5,E9_Adonitol,11
18.75,E9_Adonitol,13
19.0,E9_Adonitol,11
19.25,E9_Adonitol,11
19.5,E9_Adonitol,11
19.75,E9_Adonitol,11
20.0,E9_Adonitol,11
20.25,E9_Adonitol,11
20.5,E9_Adonitol,11
20.75,E9_Adonitol,11
21.0,E9_Adonitol,11
21.25,E9_Adonitol,11
21.5,E9_Adonitol,11
21.75,E9_Adonitol,11
22.0,E9_Adonitol,11
22.25,E9_Adonitol,11
22.5,E9_Adonitol,11
22.75,E9_Adonitol,11
23.0,E9_Adonitol,11
23.25,E9_Adonitol,12
23.5,E9_Adonitol,14
23.75,E9_Adonitol,11
24.0,E9_Adonitol,12
24.25,E9_Adonitol,12
24.5,E9_Adonitol,11
24.75,E9_Adonitol,11
25.0,E9_Adonitol,11
25.25,E9_Adonitol,11
25.5,E9_Adonitol,13
25.75,E9_Adonitol,12
26.0,E9_Adonitol,11
26.25,E9_Adonitol,12
26.5,E9_Adonitol,12
26.75,E9_Adonitol,14
27.0,E9_Adonitol,13
27.25,E9_Adonitol,14
27.5,E9_Adonitol,16
27.75,E9_Adonitol,11
28.0,E9_Adonitol,14
28.25,E9_Adonitol,11
28.5,E9_Adonitol,15
28.75,E9_Adonitol,11
29.0,E9_Adonitol,17
29.25,E9_Adonitol,11
29.5,E9_Adonitol,13
29.75,E9_Adonitol,14
30.0,E9_Adonitol,13
30.25,E9_Adonitol,13
30.5,E9_Adonitol,16
30.75,E9_Adonitol,13
31.0,E9_Adonitol,15
31.25,E9_Adonitol,15
31.5,E9_Adonitol,13
31.75,E9_Adonitol,11
32.0,E9_Adonitol,13
32.25,E9_Adonitol,15
32.5,E9_Adonitol,14
32.75,E9_Adonitol,14
33.0,E9_Adonitol,14
33.25,E9_Adonitol,11
33.5,E9_Adonitol,20
33.75,E9_Adonitol,15
34.0,E9_Adonitol,15
34.25,E9_Adonitol,17
34.5,E9_Adonitol,17
34.75,E9_Adonitol,12
35.0,E9_Adonitol,17
35.25,E9_Adonitol,19
35.5,E9_Adonitol,14
35.75,E9_Adonitol,13
36.0,E9_Adonitol,15
36.25,E9_Adonitol,11
36.5,E9_Adonitol,19
36.75,E9_Adonitol,18
37.0,E9_Adonitol,17
37.25,E9_Adonitol,18
37.5,E9_Adonitol,18
37.75,E9_Adonitol,15
38.0,E9_Adonitol,16
38.25,E9_Adonitol,17
38.5,E9_Adonitol,18
38.75,E9_Adonitol,20
39.0,E9_Adonitol,18
39.25,E9_Adonitol,18
39.5,E9_Adonitol,17
39.75,E9_Adonitol,24
40.0,E9_Adonitol,17
40.25,E9_Adonitol,17
40.5,E9_Adonitol,15
40.75,E9_Adonitol,15
41.0,E9_Adonitol,17
41.25,E9_Adonitol,19
41.5,E9_Adonitol,21
41.75,E9_Adonitol,14
42.0,E9_Adonitol,23
42.25,E9_Adonitol,17
42.5,E9_Adonitol,17
42.75,E9_Adonitol,17
43.0,E9_Adonitol,15
43.25,E9_Adonitol,15
43.5,E9_Adonitol,20
43.75,E9_Adonitol,16
44.0,E9_Adonitol,18
44.25,E9_Adonitol,17
44.5,E9_Adonitol,19
44.75,E9_Adonitol,22
45.0,E9_Adonitol,14
45.25,E9_Adonitol,18
45.5,E9_Adonitol,23
45.75,E9_Adonitol,20
46.0,E9_Adonitol,17
46.25,E9_Adonitol,22
46.5,E9_Adonitol,20
46.75,E9_Adonitol,20
47.0,E9_Adonitol,20
47.25,E9_Adonitol,19
47.5,E9_Adonitol,17
47.75,E9_Adonitol,21
48.0,E9_Adonitol,20
48.25,E9_Adonitol,24
0.0,E10_Maltotriose,11
0.25,E10_Maltotriose,11
0.5,E10_Maltotriose,11
0.75,E10_Maltotriose,12
1.0,E10_Maltotriose,11
1.25,E10_Maltotriose,11
1.5,E10_Maltotriose,11
1.75,E10_Maltotriose,12
2.0,E10_Maltotriose,11
2.25,E10_Maltotriose,11
2.5,E10_Maltotriose,11
2.75,E10_Maltotriose,11
3.0,E10_Maltotriose,11
3.25,E10_Maltotriose,11
3.5,E10_Maltotriose,11
3.75,E10_Maltotriose,11
4.0,E10_Maltotriose,12
4.25,E10_Maltotriose,11
4.5,E10_Maltotriose,11
4.75,E10_Maltotriose,11
5.0,E10_Maltotriose,11
5.25,E10_Maltotriose,11
5.5,E10_Maltotriose,11
5.75,E10_Maltotriose,11
6.0,E10_Maltotriose,11
6.25,E10_Maltotriose,11
6.5,E10_Maltotriose,11
6.75,E10_Maltotriose,11
7.0,E10_Maltotriose,11
7.25,E10_Maltotriose,14
7.5,E10_Maltotriose,11
7.75,E10_Maltotriose,11
8.0,E10_Maltotriose,12
8.25,E10_Maltotriose,12
8.5,E10_Maltotriose,11
8.75,E10_Maltotriose,11
9.0,E10_Maltotriose,11
9.25,E10_Maltotriose,11
9.5,E10_Maltotriose,11
9.75,E10_Maltotriose,11
10.0,E10_Maltotriose,11
10.25,E10_Maltotriose,12
10.5,E10_Maltotriose,11
10.75,E10_Maltotriose,11
11.0,E10_Maltotriose,14
11.25,E10_Maltotriose,13
11.5,E10_Maltotriose,15
11.75,E10_Maltotriose,11
12.0,E10_Maltotriose,11
12.25,E10_Maltotriose,11
12.5,E10_Maltotriose,13
12.75,E10_Maltotriose,15
13.0,E10_Maltotriose,11
13.25,E10_Maltotriose,12
13.5,E10_Maltotriose,15
13.75,E10_Maltotriose,15
14.0,E10_Maltotriose,16
14.25,E10_Maltotriose,11
14.5,E10_Maltotriose,18
14.75,E10_Maltotriose,22
15.0,E10_Maltotriose,16
15.25,E10_Maltotriose,17
15.5,E10_Maltotriose,15
15.75,E10_Maltotriose,21
16.0,E10_Maltotriose,16
16.25,E10_Maltotriose,23
16.5,E10_Maltotriose,19
16.75,E10_Maltotriose,17
17.0,E10_Maltotriose,24
17.25,E10_Maltotriose,21
17.5,E10_Maltotriose,23
17.75,E10_Maltotriose,18
18.0,E10_Maltotriose,22
18.25,E10_Maltotriose,21
18.5,E10_Maltotriose,23
18.75,E10_Maltotriose,24
19.0,E10_Maltotriose,23
19.25,E10_Maltotriose,22
19.5,E10_Maltotriose,18
19.75,E10_Maltotriose,23
20.0,E10_Maltotriose,25
20.25,E10_Maltotriose,20
20.5,E10_Maltotriose,23
20.75,E10_Maltotriose,25
21.0,E10_Maltotriose,26
21.25,E10_Maltotriose,19
21.5,E10_Maltotriose,27
21.75,E10_Maltotriose,26
22.0,E10_Maltotriose,29
22.25,E10_Maltotriose,29
22.5,E10_Maltotriose,29
22.75,E10_Maltotriose,25
23.0,E10_Maltotriose,27
23.25,E10_Maltotriose,26
23.5,E10_Maltotriose,25
23.75,E10_Maltotriose,29
24.0,E10_Maltotriose,27
24.25,E10_Maltotriose,28
24.5,E10_Maltotriose,30
24.75,E10_Maltotriose,28
25.0,E10_Maltotriose,27
25.25,E10_Maltotriose,29
25.5,E10_Maltotriose,27
25.75,E10_Maltotriose,29
26.0,E10_Maltotriose,30
26.25,E10_Maltotriose,30
26.5,E10_Maltotriose,26
26.75,E10_Maltotriose,30
27.0,E10_Maltotriose,34
27.25,E10_Maltotriose,29
27.5,E10_Maltotriose,31
27.75,E10_Maltotriose,34
28.0,E10_Maltotriose,34
28.25,E10_Maltotriose,35
28.5,E10_Maltotriose,34
28.75,E10_Maltotriose,35
29.0,E10_Maltotriose,35
29.25,E10_Maltotriose,36
29.5,E10_Maltotriose,36
29.75,E10_Maltotriose,34
30.0,E10_Maltotriose,33
30.25,E10_Maltotriose,40
30.5,E10_Maltotriose,35
30.75,E10_Maltotriose,36
31.0,E10_Maltotriose,36
31.25,E10_Maltotriose,37
31.5,E10_Maltotriose,39
31.75,E10_Maltotriose,39
32.0,E10_Maltotriose,43
32.25,E10_Maltotriose,43
32.5,E10_Maltotriose,38
32.75,E10_Maltotriose,37
33.0,E10_Maltotriose,38
33.25,E10_Maltotriose,42
33.5,E10_Maltotriose,40
33.75,E10_Maltotriose,42
34.0,E10_Maltotriose,42
34.25,E10_Maltotriose,43
34.5,E10_Maltotriose,44
34.75,E10_Maltotriose,46
35.0,E10_Maltotriose,38
35.25,E10_Maltotriose,44
35.5,E10_Maltotriose,48
35.75,E10_Maltotriose,44
36.0,E10_Maltotriose,45
36.25,E10_Maltotriose,46
36.5,E10_Maltotriose,44
36.75,E10_Maltotriose,44
37.0,E10_Maltotriose,44
37.25,E10_Maltotriose,49
37.5,E10_Maltotriose,47
37.75,E10_Maltotriose,42
38.0,E10_Maltotriose,49
38.25,E10_Maltotriose,43
38.5,E10_Maltotriose,51
38.75,E10_Maltotriose,52
39.0,E10_Maltotriose,48
39.25,E10_Maltotriose,50
39.5,E10_Maltotriose,50
39.75,E10_Maltotriose,50
40.0,E10_Maltotriose,51
40.25,E10_Maltotriose,53
40.5,E10_Maltotriose,51
40.75,E10_Maltotriose,55
41.0,E10_Maltotriose,52
41.25,E10_Maltotriose,58
41.5,E10_Maltotriose,55
41.75,E10_Maltotriose,57
42.0,E10_Maltotriose,60
42.25,E10_Maltotriose,50
42.5,E10_Maltotriose,55
42.75,E10_Maltotriose,59
43.0,E10_Maltotriose,57
43.25,E10_Maltotriose,58
43.5,E10_Maltotriose,61
43.75,E10_Maltotriose,62
44.0,E10_Maltotriose,63
44.25,E10_Maltotriose,64
44.5,E10_Maltotriose,56
44.75,E10_Maltotriose,60
45.0,E10_Maltotriose,63
45.25,E10_Maltotriose,60
45.5,E10_Maltotriose,62
45.75,E10_Maltotriose,64
46.0,E10_Maltotriose,65
46.25,E10_Maltotriose,62
46.5,E10_Maltotriose,68
46.75,E10_Maltotriose,70
47.0,E10_Maltotriose,67
47.25,E10_Maltotriose,65
47.5,E10_Maltotriose,63
47.75,E10_Maltotriose,71
48.0,E10_Maltotriose,67
48.25,E10_Maltotriose,68
0.0,E11_2-DeoxyAdenosine,11
0.25,E11_2-DeoxyAdenosine,11
0.5,E11_2-DeoxyAdenosine,11
0.75,E11_2-DeoxyAdenosine,11
1.0,E11_2-DeoxyAdenosine,11
1.25,E11_2-DeoxyAdenosine,14
1.5,E11_2-DeoxyAdenosine,11
1.75,E11_2-DeoxyAdenosine,11
2.0,E11_2-DeoxyAdenosine,14
2.25,E11_2-DeoxyAdenosine,11
2.5,E11_2-DeoxyAdenosine,13
2.75,E11_2-DeoxyAdenosine,11
3.0,E11_2-DeoxyAdenosine,12
3.25,E11_2-DeoxyAdenosine,11
3.5,E11_2-DeoxyAdenosine,11
3.75,E11_2-DeoxyAdenosine,11
4.0,E11_2-DeoxyAdenosine,11
4.25,E11_2-DeoxyAdenosine,13
4.5,E11_2-DeoxyAdenosine,11
4.75,E11_2-DeoxyAdenosine,11
5.0,E11_2-DeoxyAdenosine,14
5.25,E11_2-DeoxyAdenosine,11
5.5,E11_2-DeoxyAdenosine,11
5.75,E11_2-DeoxyAdenosine,11
6.0,E11_2-DeoxyAdenosine,13
6.25,E11_2-DeoxyAdenosine,11
6.5,E11_2-DeoxyAdenosine,11
6.75,E11_2-DeoxyAdenosine,14
7.0,E11_2-DeoxyAdenosine,11
7.25,E11_2-DeoxyAdenosine,12
7.5,E11_2-DeoxyAdenosine,11
7.75,E11_2-DeoxyAdenosine,11
8.0,E11_2-DeoxyAdenosine,15
8.25,E11_2-DeoxyAdenosine,11
8.5,E11_2-DeoxyAdenosine,11
8.75,E11_2-DeoxyAdenosine,13
9.0,E11_2-DeoxyAdenosine,11
9.25,E11_2-DeoxyAdenosine,11
9.5,E11_2-DeoxyAdenosine,11
9.75,E11_2-DeoxyAdenosine,15
10.0,E11_2-DeoxyAdenosine,11
10.25,E11_2-DeoxyAdenosine,13
10.5,E11_2-DeoxyAdenosine,16
10.75,E11_2-DeoxyAdenosine,15
11.0,E11_2-DeoxyAdenosine,11
11.25,E11_2-DeoxyAdenosine,13
11.5,E11_2-DeoxyAdenosine,13
11.75,E11_2-DeoxyAdenosine,14
12.0,E11_2-DeoxyAdenosine,12
12.25,E11_2-DeoxyAdenosine,11
12.5,E11_2-DeoxyAdenosine,11
12.75,E11_2-DeoxyAdenosine,13
13.0,E11_2-DeoxyAdenosine,12
13.25,E11_2-DeoxyAdenosine,11
13.5,E11_2-DeoxyAdenosine,12
13.75,E11_2-DeoxyAdenosine,15
14.0,E11_2-DeoxyAdenosine,14
14.25,E11_2-DeoxyAdenosine,11
14.5,E11_2-DeoxyAdenosine,11
14.75,E11_2-DeoxyAdenosine,13
15.0,E11_2-DeoxyAdenosine,11
15.25,E11_2-DeoxyAdenosine,16
15.5,E11_2-DeoxyAdenosine,12
15.75,E11_2-DeoxyAdenosine,11
16.0,E11_2-DeoxyAdenosine,12
16.25,E11_2-DeoxyAdenosine,12
16.5,E11_2-DeoxyAdenosine,11
16.75,E11_2-DeoxyAdenosine,11
17.0,E11_2-DeoxyAdenosine,11
17.25,E11_2-DeoxyAdenosine,13
17.5,E11_2-DeoxyAdenosine,14
17.75,E11_2-DeoxyAdenosine,11
18.0,E11_2-DeoxyAdenosine,12
18.25,E11_2-DeoxyAdenosine,15
18.5,E11_2-DeoxyAdenosine,14
18.75,E11_2-DeoxyAdenosine,11
19.0,E11_2-DeoxyAdenosine,11
19.25,E11_2-DeoxyAdenosine,15
19.5,E11_2-DeoxyAdenosine,13
19.75,E11_2-DeoxyAdenosine,11
20.0,E11_2-DeoxyAdenosine,15
20.25,E11_2-DeoxyAdenosine,12
20.5,E11_2-DeoxyAdenosine,11
20.75,E11_2-DeoxyAdenosine,11
21.0,E11_2-DeoxyAdenosine,12
21.25,E11_2-DeoxyAdenosine,11
21.5,E11_2-DeoxyAdenosine,11
21.75,E11_2-DeoxyAdenosine,14
22.0,E11_2-DeoxyAdenosine,15
22.25,E11_2-DeoxyAdenosine,12
22.5,E11_2-DeoxyAdenosine,14
22.75,E11_2-DeoxyAdenosine,11
23.0,E11_2-DeoxyAdenosine,11
23.25,E11_2-DeoxyAdenosine,15
23.5,E11_2-DeoxyAdenosine,14
23.75,E11_2-DeoxyAdenosine,12
24.0,E11_2-DeoxyAdenosine,13
24.25,E11_2-DeoxyAdenosine,13
24.5,E11_2-DeoxyAdenosine,11
24.75,E11_2-DeoxyAdenosine,11
25.0,E11_2-DeoxyAdenosine,16
25.25,E11_2-DeoxyAdenosine,11
25.5,E11_2-DeoxyAdenosine,15
25.75,E11_2-DeoxyAdenosine,15
26.0,E11_2-DeoxyAdenosine,11
26.25,E11_2-DeoxyAdenosine,14
26.5,E11_2-DeoxyAdenosine,11
26.75,E11_2-DeoxyAdenosine,11
27.0,E11_2-DeoxyAdenosine,14
27.25,E11_2-DeoxyAdenosine,11
27.5,E11_2-DeoxyAdenosine,13
27.75,E11_2-DeoxyAdenosine,13
28.0,E11_2-DeoxyAdenosine,14
28.25,E11_2-DeoxyAdenosine,11
28.5,E11_2-DeoxyAdenosine,13
28.75,E11_2-DeoxyAdenosine,15
29.0,E11_2-DeoxyAdenosine,13
29.25,E11_2-DeoxyAdenosine,11
29.5,E11_2-DeoxyAdenosine,16
29.75,E11_2-DeoxyAdenosine,15
30.0,E11_2-DeoxyAdenosine,11
30.25,E11_2-DeoxyAdenosine,14
30.5,E11_2-DeoxyAdenosine,13
30.75,E11_2-DeoxyAdenosine,13
31.0,E11_2-DeoxyAdenosine,11
31.25,E11_2-DeoxyAdenosine,13
31.5,E11_2-DeoxyAdenosine,14
31.75,E11_2-DeoxyAdenosine,13
32.0,E11_2-DeoxyAdenosine,11
32.25,E11_2-DeoxyAdenosine,14
32.5,E11_2-DeoxyAdenosine,12
32.75,E11_2-DeoxyAdenosine,11
33.0,E11_2-DeoxyAdenosine,12
33.25,E11_2-DeoxyAdenosine,12
33.5,E11_2-DeoxyAdenosine,12
33.75,E11_2-DeoxyAdenosine,14
34.0,E11_2-DeoxyAdenosine,14
34.25,E11_2-DeoxyAdenosine,16
34.5,E11_2-DeoxyAdenosine,13
34.75,E11_2-DeoxyAdenosine,12
35.0,E11_2-DeoxyAdenosine,15
35.25,E11_2-DeoxyAdenosine,12
35.5,E11_2-DeoxyAdenosine,13
35.75,E11_2-DeoxyAdenosine,11
36.0,E11_2-DeoxyAdenosine,13
36.25,E11_2-DeoxyAdenosine,14
36.5,E11_2-DeoxyAdenosine,13
36.75,E11_2-DeoxyAdenosine,12
37.0,E11_2-DeoxyAdenosine,16
37.25,E11_2-DeoxyAdenosine,13
37.5,E11_2-DeoxyAdenosine,13
37.75,E11_2-DeoxyAdenosine,12
38.0,E11_2-DeoxyAdenosine,16
38.25,E11_2-DeoxyAdenosine,12
38.5,E11_2-DeoxyAdenosine,17
38.75,E11_2-DeoxyAdenosine,17
39.0,E11_2-DeoxyAdenosine,14
39.25,E11_2-DeoxyAdenosine,13
39.5,E11_2-DeoxyAdenosine,14
39.75,E11_2-DeoxyAdenosine,12
40.0,E11_2-DeoxyAdenosine,11
40.25,E11_2-DeoxyAdenosine,11
40.5,E11_2-DeoxyAdenosine,11
40.75,E11_2-DeoxyAdenosine,14
41.0,E11_2-DeoxyAdenosine,11
41.25,E11_2-DeoxyAdenosine,16
41.5,E11_2-DeoxyAdenosine,15
41.75,E11_2-DeoxyAdenosine,16
42.0,E11_2-DeoxyAdenosine,15
42.25,E11_2-DeoxyAdenosine,14
42.5,E11_2-DeoxyAdenosine,13
42.75,E11_2-DeoxyAdenosine,18
43.0,E11_2-DeoxyAdenosine,17
43.25,E11_2-DeoxyAdenosine,12
43.5,E11_2-DeoxyAdenosine,11
43.75,E11_2-DeoxyAdenosine,12
44.0,E11_2-DeoxyAdenosine,15
44.25,E11_2-DeoxyAdenosine,14
44.5,E11_2-DeoxyAdenosine,14
44.75,E11_2-DeoxyAdenosine,15
45.0,E11_2-DeoxyAdenosine,13
45.25,E11_2-DeoxyAdenosine,12
45.5,E11_2-DeoxyAdenosine,13
45.75,E11_2-DeoxyAdenosine,14
46.0,E11_2-DeoxyAdenosine,12
46.25,E11_2-DeoxyAdenosine,13
46.5,E11_2-DeoxyAdenosine,12
46.75,E11_2-DeoxyAdenosine,18
47.0,E11_2-DeoxyAdenosine,19
47.25,E11_2-DeoxyAdenosine,14
47.5,E11_2-DeoxyAdenosine,16
47.75,E11_2-DeoxyAdenosine,17
48.0,E11_2-DeoxyAdenosine,19
48.25,E11_2-DeoxyAdenosine,13
0.0,E12_Adenosine,16
0.25,E12_Adenosine,17
0.5,E12_Adenosine,14
0.75,E12_Adenosine,16
1.0,E12_Adenosine,16
1.25,E12_Adenosine,15
1.5,E12_Adenosine,17
1.75,E12_Adenosine,18
2.0,E12_Adenosine,18
2.25,E12_Adenosine,19
2.5,E12_Adenosine,16
2.75,E12_Adenosine,16
3.0,E12_Adenosine,15
3.25,E12_Adenosine,18
3.5,E12_Adenosine,18
3.75,E12_Adenosine,18
4.0,E12_Adenosine,19
4.25,E12_Adenosine,19
4.5,E12_Adenosine,16
4.75,E12_Adenosine,17
5.0,E12_Adenosine,20
5.25,E12_Adenosine,18
5.5,E12_Adenosine,17
5.75,E12_Adenosine,15
6.0,E12_Adenosine,18
6.25,E12_Adenosine,16
6.5,E12_Adenosine,16
6.75,E12_Adenosine,17
7.0,E12_Adenosine,17
7.25,E12_Adenosine,17
7.5,E12_Adenosine,16
7.75,E12_Adenosine,15
8.0,E12_Adenosine,20
8.25,E12_Adenosine,21
8.5,E12_Adenosine,14
8.75,E12_Adenosine,15
9.0,E12_Adenosine,13
9.25,E12_Adenosine,22
9.5,E12_Adenosine,18
9.75,E12_Adenosine,16
10.0,E12_Adenosine,13
10.25,E12_Adenosine,16
10.5,E12_Adenosine,19
10.75,E12_Adenosine,21
11.0,E12_Adenosine,17
11.25,E12_Adenosine,18
11.5,E12_Adenosine,18
11.75,E12_Adenosine,14
12.0,E12_Adenosine,15
12.25,E12_Adenosine,19
12.5,E12_Adenosine,14
12.75,E12_Adenosine,16
13.0,E12_Adenosine,18
13.25,E12_Adenosine,17
13.5,E12_Adenosine,17
13.75,E12_Adenosine,19
14.0,E12_Adenosine,17
14.25,E12_Adenosine,17
14.5,E12_Adenosine,20
14.75,E12_Adenosine,23
15.0,E12_Adenosine,19
15.25,E12_Adenosine,24
15.5,E12_Adenosine,18
15.75,E12_Adenosine,19
16.0,E12_Adenosine,20
16.25,E12_Adenosine,23
16.5,E12_Adenosine,20
16.75,E12_Adenosine,15
17.0,E12_Adenosine,23
17.25,E12_Adenosine,21
17.5,E12_Adenosine,20
17.75,E12_Adenosine,22
18.0,E12_Adenosine,24
18.25,E12_Adenosine,19
18.5,E12_Adenosine,20
18.75,E12_Adenosine,23
19.0,E12_Adenosine,20
19.25,E12_Adenosine,22
19.5,E12_Adenosine,21
19.75,E12_Adenosine,20
20.0,E12_Adenosine,19
20.25,E12_Adenosine,21
20.5,E12_Adenosine,22
20.75,E12_Adenosine,25
21.0,E12_Adenosine,21
21.25,E12_Adenosine,25
21.5,E12_Adenosine,23
21.75,E12_Adenosine,24
22.0,E12_Adenosine,26
22.25,E12_Adenosine,22
22.5,E12_Adenosine,26
22.75,E12_Adenosine,25
23.0,E12_Adenosine,22
23.25,E12_Adenosine,25
23.5,E12_Adenosine,24
23.75,E12_Adenosine,24
24.0,E12_Adenosine,23
24.25,E12_Adenosine,27
24.5,E12_Adenosine,25
24.75,E12_Adenosine,22
25.0,E12_Adenosine,26
25.25,E12_Adenosine,24
25.5,E12_Adenosine,27
25.75,E12_Adenosine,27
26.0,E12_Adenosine,27
26.25,E12_Adenosine,25
26.5,E12_Adenosine,25
26.75,E12_Adenosine,30
27.0,E12_Adenosine,28
27.25,E12_Adenosine,26
27.5,E12_Adenosine,24
27.75,E12_Adenosine,27
28.0,E12_Adenosine,28
28.25,E12_Adenosine,27
28.5,E12_Adenosine,31
28.75,E12_Adenosine,30
29.0,E12_Adenosine,24
29.25,E12_Adenosine,32
29.5,E12_Adenosine,30
29.75,E12_Adenosine,30
30.0,E12_Adenosine,26
30.25,E12_Adenosine,32
30.5,E12_Adenosine,29
30.75,E12_Adenosine,29
31.0,E12_Adenosine,28
31.25,E12_Adenosine,32
31.5,E12_Adenosine,30
31.75,E12_Adenosine,30
32.0,E12_Adenosine,32
32.25,E12_Adenosine,30
32.5,E12_Adenosine,30
32.75,E12_Adenosine,26
33.0,E12_Adenosine,26
33.25,E12_Adenosine,29
33.5,E12_Adenosine,27
33.75,E12_Adenosine,29
34.0,E12_Adenosine,28
34.25,E12_Adenosine,32
34.5,E12_Adenosine,31
34.75,E12_Adenosine,36
35.0,E12_Adenosine,28
35.25,E12_Adenosine,29
35.5,E12_Adenosine,29
35.75,E12_Adenosine,28
36.0,E12_Adenosine,30
36.25,E12_Adenosine,31
36.5,E12_Adenosine,33
36.75,E12_Adenosine,31
37.0,E12_Adenosine,28
37.25,E12_Adenosine,29
37.5,E12_Adenosine,28
37.75,E12_Adenosine,29
38.0,E12_Adenosine,32
38.25,E12_Adenosine,31
38.5,E12_Adenosine,26
38.75,E12_Adenosine,33
39.0,E12_Adenosine,29
39.25,E12_Adenosine,33
39.5,E12_Adenosine,34
39.75,E12_Adenosine,32
40.0,E12_Adenosine,36
40.25,E12_Adenosine,38
40.5,E12_Adenosine,31
40.75,E12_Adenosine,32
41.0,E12_Adenosine,34
41.25,E12_Adenosine,38
41.5,E12_Adenosine,33
41.75,E12_Adenosine,34
42.0,E12_Adenosine,35
42.25,E12_Adenosine,37
42.5,E12_Adenosine,30
42.75,E12_Adenosine,32
43.0,E12_Adenosine,34
43.25,E12_Adenosine,33
43.5,E12_Adenosine,39
43.75,E12_Adenosine,28
44.0,E12_Adenosine,33
44.25,E12_Adenosine,31
44.5,E12_Adenosine,35
44.75,E12_Adenosine,34
45.0,E12_Adenosine,33
45.25,E12_Adenosine,36
45.5,E12_Adenosine,35
45.75,E12_Adenosine,36
46.0,E12_Adenosine,36
46.25,E12_Adenosine,43
46.5,E12_Adenosine,36
46.75,E12_Adenosine,35
47.0,E12_Adenosine,41
47.25,E12_Adenosine,36
47.5,E12_Adenosine,39
47.75,E12_Adenosine,39
48.0,E12_Adenosine,34
48.25,E12_Adenosine,41
0.0,F1_Glycyl-L-Aspartic_Acid,11
0.25,F1_Glycyl-L-Aspartic_Acid,11
0.5,F1_Glycyl-L-Aspartic_Acid,15
0.75,F1_Glycyl-L-Aspartic_Acid,11
1.0,F1_Glycyl-L-Aspartic_Acid,14
1.25,F1_Glycyl-L-Aspartic_Acid,14
1.5,F1_Glycyl-L-Aspartic_Acid,11
1.75,F1_Glycyl-L-Aspartic_Acid,11
2.0,F1_Glycyl-L-Aspartic_Acid,16
2.25,F1_Glycyl-L-Aspartic_Acid,15
2.5,F1_Glycyl-L-Aspartic_Acid,11
2.75,F1_Glycyl-L-Aspartic_Acid,12
3.0,F1_Glycyl-L-Aspartic_Acid,13
3.25,F1_Glycyl-L-Aspartic_Acid,11
3.5,F1_Glycyl-L-Aspartic_Acid,11
3.75,F1_Glycyl-L-Aspartic_Acid,12
4.0,F1_Glycyl-L-Aspartic_Acid,15
4.25,F1_Glycyl-L-Aspartic_Acid,15
4.5,F1_Glycyl-L-Aspartic_Acid,15
4.75,F1_Glycyl-L-Aspartic_Acid,12
5.0,F1_Glycyl-L-Aspartic_Acid,14
5.25,F1_Glycyl-L-Aspartic_Acid,12
5.5,F1_Glycyl-L-Aspartic_Acid,11
5.75,F1_Glycyl-L-Aspartic_Acid,11
6.0,F1_Glycyl-L-Aspartic_Acid,13
6.25,F1_Glycyl-L-Aspartic_Acid,11
6.5,F1_Glycyl-L-Aspartic_Acid,15
6.75,F1_Glycyl-L-Aspartic_Acid,13
7.0,F1_Glycyl-L-Aspartic_Acid,12
7.25,F1_Glycyl-L-Aspartic_Acid,14
7.5,F1_Glycyl-L-Aspartic_Acid,15
7.75,F1_Glycyl-L-Aspartic_Acid,12
8.0,F1_Glycyl-L-Aspartic_Acid,13
8.25,F1_Glycyl-L-Aspartic_Acid,14
8.5,F1_Glycyl-L-Aspartic_Acid,13
8.75,F1_Glycyl-L-Aspartic_Acid,11
9.0,F1_Glycyl-L-Aspartic_Acid,11
9.25,F1_Glycyl-L-Aspartic_Acid,16
9.5,F1_Glycyl-L-Aspartic_Acid,18
9.75,F1_Glycyl-L-Aspartic_Acid,16
10.0,F1_Glycyl-L-Aspartic_Acid,11
10.25,F1_Glycyl-L-Aspartic_Acid,11
10.5,F1_Glycyl-L-Aspartic_Acid,18
10.75,F1_Glycyl-L-Aspartic_Acid,18
11.0,F1_Glycyl-L-Aspartic_Acid,15
11.25,F1_Glycyl-L-Aspartic_Acid,18
11.5,F1_Glycyl-L-Aspartic_Acid,18
11.75,F1_Glycyl-L-Aspartic_Acid,15
12.0,F1_Glycyl-L-Aspartic_Acid,14
12.25,F1_Glycyl-L-Aspartic_Acid,18
12.5,F1_Glycyl-L-Aspartic_Acid,13
12.75,F1_Glycyl-L-Aspartic_Acid,20
13.0,F1_Glycyl-L-Aspartic_Acid,16
13.25,F1_Glycyl-L-Aspartic_Acid,12
13.5,F1_Glycyl-L-Aspartic_Acid,17
13.75,F1_Glycyl-L-Aspartic_Acid,13
14.0,F1_Glycyl-L-Aspartic_Acid,18
14.25,F1_Glycyl-L-Aspartic_Acid,18
14.5,F1_Glycyl-L-Aspartic_Acid,19
14.75,F1_Glycyl-L-Aspartic_Acid,18
15.0,F1_Glycyl-L-Aspartic_Acid,15
15.25,F1_Glycyl-L-Aspartic_Acid,11
15.5,F1_Glycyl-L-Aspartic_Acid,14
15.75,F1_Glycyl-L-Aspartic_Acid,15
16.0,F1_Glycyl-L-Aspartic_Acid,15
16.25,F1_Glycyl-L-Aspartic_Acid,17
16.5,F1_Glycyl-L-Aspartic_Acid,11
16.75,F1_Glycyl-L-Aspartic_Acid,13
17.0,F1_Glycyl-L-Aspartic_Acid,11
17.25,F1_Glycyl-L-Aspartic_Acid,12
17.5,F1_Glycyl-L-Aspartic_Acid,16
17.75,F1_Glycyl-L-Aspartic_Acid,17
18.0,F1_Glycyl-L-Aspartic_Acid,13
18.25,F1_Glycyl-L-Aspartic_Acid,16
18.5,F1_Glycyl-L-Aspartic_Acid,13
18.75,F1_Glycyl-L-Aspartic_Acid,17
19.0,F1_Glycyl-L-Aspartic_Acid,17
19.25,F1_Glycyl-L-Aspartic_Acid,14
19.5,F1_Glycyl-L-Aspartic_Acid,14
19.75,F1_Glycyl-L-Aspartic_Acid,13
20.0,F1_Glycyl-L-Aspartic_Acid,13
20.25,F1_Glycyl-L-Aspartic_Acid,19
20.5,F1_Glycyl-L-Aspartic_Acid,15
20.75,F1_Glycyl-L-Aspartic_Acid,17
21.0,F1_Glycyl-L-Aspartic_Acid,14
21.25,F1_Glycyl-L-Aspartic_Acid,17
21.5,F1_Glycyl-L-Aspartic_Acid,16
21.75,F1_Glycyl-L-Aspartic_Acid,18
22.0,F1_Glycyl-L-Aspartic_Acid,16
22.25,F1_Glycyl-L-Aspartic_Acid,14
22.5,F1_Glycyl-L-Aspartic_Acid,13
22.75,F1_Glycyl-L-Aspartic_Acid,19
23.0,F1_Glycyl-L-Aspartic_Acid,21
23.25,F1_Glycyl-L-Aspartic_Acid,17
23.5,F1_Glycyl-L-Aspartic_Acid,16
23.75,F1_Glycyl-L-Aspartic_Acid,17
24.0,F1_Glycyl-L-Aspartic_Acid,16
24.25,F1_Glycyl-L-Aspartic_Acid,19
24.5,F1_Glycyl-L-Aspartic_Acid,14
24.75,F1_Glycyl-L-Aspartic_Acid,14
25.0,F1_Glycyl-L-Aspartic_Acid,18
25.25,F1_Glycyl-L-Aspartic_Acid,14
25.5,F1_Glycyl-L-Aspartic_Acid,15
25.75,F1_Glycyl-L-Aspartic_Acid,14
26.0,F1_Glycyl-L-Aspartic_Acid,16
26.25,F1_Glycyl-L-Aspartic_Acid,13
26.5,F1_Glycyl-L-Aspartic_Acid,15
26.75,F1_Glycyl-L-Aspartic_Acid,16
27.0,F1_Glycyl-L-Aspartic_Acid,21
27.25,F1_Glycyl-L-Aspartic_Acid,16
27.5,F1_Glycyl-L-Aspartic_Acid,16
27.75,F1_Glycyl-L-Aspartic_Acid,16
28.0,F1_Glycyl-L-Aspartic_Acid,21
28.25,F1_Glycyl-L-Aspartic_Acid,15
28.5,F1_Glycyl-L-Aspartic_Acid,19
28.75,F1_Glycyl-L-Aspartic_Acid,22
29.0,F1_Glycyl-L-Aspartic_Acid,21
29.25,F1_Glycyl-L-Aspartic_Acid,20
29.5,F1_Glycyl-L-Aspartic_Acid,19
29.75,F1_Glycyl-L-Aspartic_Acid,20
30.0,F1_Glycyl-L-Aspartic_Acid,20
30.25,F1_Glycyl-L-Aspartic_Acid,15
30.5,F1_Glycyl-L-Aspartic_Acid,19
30.75,F1_Glycyl-L-Aspartic_Acid,19
31.0,F1_Glycyl-L-Aspartic_Acid,20
31.25,F1_Glycyl-L-Aspartic_Acid,17
31.5,F1_Glycyl-L-Aspartic_Acid,19
31.75,F1_Glycyl-L-Aspartic_Acid,15
32.0,F1_Glycyl-L-Aspartic_Acid,23
32.25,F1_Glycyl-L-Aspartic_Acid,16
32.5,F1_Glycyl-L-Aspartic_Acid,21
32.75,F1_Glycyl-L-Aspartic_Acid,21
33.0,F1_Glycyl-L-Aspartic_Acid,23
33.25,F1_Glycyl-L-Aspartic_Acid,21
33.5,F1_Glycyl-L-Aspartic_Acid,24
33.75,F1_Glycyl-L-Aspartic_Acid,22
34.0,F1_Glycyl-L-Aspartic_Acid,20
34.25,F1_Glycyl-L-Aspartic_Acid,21
34.5,F1_Glycyl-L-Aspartic_Acid,18
34.75,F1_Glycyl-L-Aspartic_Acid,23
35.0,F1_Glycyl-L-Aspartic_Acid,24
35.25,F1_Glycyl-L-Aspartic_Acid,22
35.5,F1_Glycyl-L-Aspartic_Acid,24
35.75,F1_Glycyl-L-Aspartic_Acid,17
36.0,F1_Glycyl-L-Aspartic_Acid,24
36.25,F1_Glycyl-L-Aspartic_Acid,17
36.5,F1_Glycyl-L-Aspartic_Acid,23
36.75,F1_Glycyl-L-Aspartic_Acid,26
37.0,F1_Glycyl-L-Aspartic_Acid,23
37.25,F1_Glycyl-L-Aspartic_Acid,25
37.5,F1_Glycyl-L-Aspartic_Acid,24
37.75,F1_Glycyl-L-Aspartic_Acid,22
38.0,F1_Glycyl-L-Aspartic_Acid,24
38.25,F1_Glycyl-L-Aspartic_Acid,22
38.5,F1_Glycyl-L-Aspartic_Acid,20
38.75,F1_Glycyl-L-Aspartic_Acid,29
39.0,F1_Glycyl-L-Aspartic_Acid,26
39.25,F1_Glycyl-L-Aspartic_Acid,26
39.5,F1_Glycyl-L-Aspartic_Acid,23
39.75,F1_Glycyl-L-Aspartic_Acid,25
40.0,F1_Glycyl-L-Aspartic_Acid,28
40.25,F1_Glycyl-L-Aspartic_Acid,26
40.5,F1_Glycyl-L-Aspartic_Acid,24
40.75,F1_Glycyl-L-Aspartic_Acid,23
41.0,F1_Glycyl-L-Aspartic_Acid,21
41.25,F1_Glycyl-L-Aspartic_Acid,25
41.5,F1_Glycyl-L-Aspartic_Acid,28
41.75,F1_Glycyl-L-Aspartic_Acid,22
42.0,F1_Glycyl-L-Aspartic_Acid,24
42.25,F1_Glycyl-L-Aspartic_Acid,27
42.5,F1_Glycyl-L-Aspartic_Acid,25
42.75,F1_Glycyl-L-Aspartic_Acid,20
43.0,F1_Glycyl-L-Aspartic_Acid,26
43.25,F1_Glycyl-L-Aspartic_Acid,28
43.5,F1_Glycyl-L-Aspartic_Acid,27
43.75,F1_Glycyl-L-Aspartic_Acid,24
44.0,F1_Glycyl-L-Aspartic_Acid,25
44.25,F1_Glycyl-L-Aspartic_Acid,26
44.5,F1_Glycyl-L-Aspartic_Acid,28
44.75,F1_Glycyl-L-Aspartic_Acid,26
45.0,F1_Glycyl-L-Aspartic_Acid,28
45.25,F1_Glycyl-L-Aspartic_Acid,25
45.5,F1_Glycyl-L-Aspartic_Acid,31
45.75,F1_Glycyl-L-Aspartic_Acid,31
46.0,F1_Glycyl-L-Aspartic_Acid,26
46.25,F1_Glycyl-L-Aspartic_Acid,29
46.5,F1_Glycyl-L-Aspartic_Acid,22
46.75,F1_Glycyl-L-Aspartic_Acid,29
47.0,F1_Glycyl-L-Aspartic_Acid,30
47.25,F1_Glycyl-L-Aspartic_Acid,27
47.5,F1_Glycyl-L-Aspartic_Acid,29
47.75,F1_Glycyl-L-Aspartic_Acid,26
48.0,F1_Glycyl-L-Aspartic_Acid,27
48.25,F1_Glycyl-L-Aspartic_Acid,27
0.0,F2_Citric_Acid,14
0.25,F2_Citric_Acid,16
0.5,F2_Citric_Acid,11
0.75,F2_Citric_Acid,16
1.0,F2_Citric_Acid,12
1.25,F2_Citric_Acid,11
1.5,F2_Citric_Acid,15
1.75,F2_Citric_Acid,11
2.0,F2_Citric_Acid,11
2.25,F2_Citric_Acid,11
2.5,F2_Citric_Acid,14
2.75,F2_Citric_Acid,14
3.0,F2_Citric_Acid,11
3.25,F2_Citric_Acid,11
3.5,F2_Citric_Acid,13
3.75,F2_Citric_Acid,12
4.0,F2_Citric_Acid,13
4.25,F2_Citric_Acid,14
4.5,F2_Citric_Acid,11
4.75,F2_Citric_Acid,15
5.0,F2_Citric_Acid,12
5.25,F2_Citric_Acid,11
5.5,F2_Citric_Acid,11
5.75,F2_Citric_Acid,11
6.0,F2_Citric_Acid,13
6.25,F2_Citric_Acid,11
6.5,F2_Citric_Acid,11
6.75,F2_Citric_Acid,13
7.0,F2_Citric_Acid,17
7.25,F2_Citric_Acid,17
7.5,F2_Citric_Acid,11
7.75,F2_Citric_Acid,13
8.0,F2_Citric_Acid,14
8.25,F2_Citric_Acid,14
8.5,F2_Citric_Acid,12
8.75,F2_Citric_Acid,16
9.0,F2_Citric_Acid,12
9.25,F2_Citric_Acid,17
9.5,F2_Citric_Acid,14
9.75,F2_Citric_Acid,12
10.0,F2_Citric_Acid,13
10.25,F2_Citric_Acid,11
10.5,F2_Citric_Acid,11
10.75,F2_Citric_Acid,12
11.0,F2_Citric_Acid,17
11.25,F2_Citric_Acid,13
11.5,F2_Citric_Acid,16
11.75,F2_Citric_Acid,11
12.0,F2_Citric_Acid,11
12.25,F2_Citric_Acid,11
12.5,F2_Citric_Acid,12
12.75,F2_Citric_Acid,11
13.0,F2_Citric_Acid,16
13.25,F2_Citric_Acid,13
13.5,F2_Citric_Acid,15
13.75,F2_Citric_Acid,16
14.0,F2_Citric_Acid,12
14.25,F2_Citric_Acid,16
14.5,F2_Citric_Acid,16
14.75,F2_Citric_Acid,17
15.0,F2_Citric_Acid,13
15.25,F2_Citric_Acid,14
15.5,F2_Citric_Acid,12
15.75,F2_Citric_Acid,18
16.0,F2_Citric_Acid,13
16.25,F2_Citric_Acid,18
16.5,F2_Citric_Acid,12
16.75,F2_Citric_Acid,14
17.0,F2_Citric_Acid,17
17.25,F2_Citric_Acid,14
17.5,F2_Citric_Acid,15
17.75,F2_Citric_Acid,13
18.0,F2_Citric_Acid,15
18.25,F2_Citric_Acid,15
18.5,F2_Citric_Acid,16
18.75,F2_Citric_Acid,17
19.0,F2_Citric_Acid,13
19.25,F2_Citric_Acid,13
19.5,F2_Citric_Acid,16
19.75,F2_Citric_Acid,14
20.0,F2_Citric_Acid,11
20.25,F2_Citric_Acid,14
20.5,F2_Citric_Acid,11
20.75,F2_Citric_Acid,15
21.0,F2_Citric_Acid,15
21.25,F2_Citric_Acid,11
21.5,F2_Citric_Acid,17
21.75,F2_Citric_Acid,17
22.0,F2_Citric_Acid,19
22.25,F2_Citric_Acid,18
22.5,F2_Citric_Acid,20
22.75,F2_Citric_Acid,13
23.0,F2_Citric_Acid,12
23.25,F2_Citric_Acid,15
23.5,F2_Citric_Acid,13
23.75,F2_Citric_Acid,14
24.0,F2_Citric_Acid,14
24.25,F2_Citric_Acid,18
24.5,F2_Citric_Acid,16
24.75,F2_Citric_Acid,18
25.0,F2_Citric_Acid,18
25.25,F2_Citric_Acid,15
25.5,F2_Citric_Acid,16
25.75,F2_Citric_Acid,13
26.0,F2_Citric_Acid,19
26.25,F2_Citric_Acid,15
26.5,F2_Citric_Acid,11
26.75,F2_Citric_Acid,17
27.0,F2_Citric_Acid,20
27.25,F2_Citric_Acid,17
27.5,F2_Citric_Acid,17
27.75,F2_Citric_Acid,13
28.0,F2_Citric_Acid,14
28.25,F2_Citric_Acid,20
28.5,F2_Citric_Acid,19
28.75,F2_Citric_Acid,15
29.0,F2_Citric_Acid,17
29.25,F2_Citric_Acid,15
29.5,F2_Citric_Acid,17
29.75,F2_Citric_Acid,18
30.0,F2_Citric_Acid,22
30.25,F2_Citric_Acid,16
30.5,F2_Citric_Acid,16
30.75,F2_Citric_Acid,13
31.0,F2_Citric_Acid,17
31.25,F2_Citric_Acid,21
31.5,F2_Citric_Acid,19
31.75,F2_Citric_Acid,19
32.0,F2_Citric_Acid,21
32.25,F2_Citric_Acid,18
32.5,F2_Citric_Acid,20
32.75,F2_Citric_Acid,15
33.0,F2_Citric_Acid,13
33.25,F2_Citric_Acid,19
33.5,F2_Citric_Acid,18
33.75,F2_Citric_Acid,19
34.0,F2_Citric_Acid,18
34.25,F2_Citric_Acid,20
34.5,F2_Citric_Acid,18
34.75,F2_Citric_Acid,19
35.0,F2_Citric_Acid,11
35.25,F2_Citric_Acid,17
35.5,F2_Citric_Acid,17
35.75,F2_Citric_Acid,15
36.0,F2_Citric_Acid,22
36.25,F2_Citric_Acid,20
36.5,F2_Citric_Acid,14
36.75,F2_Citric_Acid,14
37.0,F2_Citric_Acid,19
37.25,F2_Citric_Acid,17
37.5,F2_Citric_Acid,15
37.75,F2_Citric_Acid,15
38.0,F2_Citric_Acid,20
38.25,F2_Citric_Acid,15
38.5,F2_Citric_Acid,18
38.75,F2_Citric_Acid,19
39.0,F2_Citric_Acid,20
39.25,F2_Citric_Acid,21
39.5,F2_Citric_Acid,19
39.75,F2_Citric_Acid,17
40.0,F2_Citric_Acid,18
40.25,F2_Citric_Acid,16
40.5,F2_Citric_Acid,21
40.75,F2_Citric_Acid,24
41.0,F2_Citric_Acid,22
41.25,F2_Citric_Acid,21
41.5,F2_Citric_Acid,17
41.75,F2_Citric_Acid,18
42.0,F2_Citric_Acid,24
42.25,F2_Citric_Acid,16
42.5,F2_Citric_Acid,17
42.75,F2_Citric_Acid,16
43.0,F2_Citric_Acid,18
43.25,F2_Citric_Acid,20
43.5,F2_Citric_Acid,20
43.75,F2_Citric_Acid,20
44.0,F2_Citric_Acid,25
44.25,F2_Citric_Acid,21
44.5,F2_Citric_Acid,18
44.75,F2_Citric_Acid,21
45.0,F2_Citric_Acid,22
45.25,F2_Citric_Acid,21
45.5,F2_Citric_Acid,19
45.75,F2_Citric_Acid,23
46.0,F2_Citric_Acid,18
46.25,F2_Citric_Acid,19
46.5,F2_Citric_Acid,23
46.75,F2_Citric_Acid,25
47.0,F2_Citric_Acid,23
47.25,F2_Citric_Acid,20
47.5,F2_Citric_Acid,21
47.75,F2_Citric_Acid,30
48.0,F2_Citric_Acid,23
48.25,F2_Citric_Acid,21
0.0,F3_myo-Inositol,11
0.25,F3_myo-Inositol,11
0.5,F3_myo-Inositol,11
0.75,F3_myo-Inositol,11
1.0,F3_myo-Inositol,11
1.25,F3_myo-Inositol,11
1.5,F3_myo-Inositol,11
1.75,F3_myo-Inositol,11
2.0,F3_myo-Inositol,11
2.25,F3_myo-Inositol,11
2.5,F3_myo-Inositol,11
2.75,F3_myo-Inositol,12
3.0,F3_myo-Inositol,11
3.25,F3_myo-Inositol,11
3.5,F3_myo-Inositol,11
3.75,F3_myo-Inositol,11
4.0,F3_myo-Inositol,11
4.25,F3_myo-Inositol,11
4.5,F3_myo-Inositol,11
4.75,F3_myo-Inositol,11
5.0,F3_myo-Inositol,13
5.25,F3_myo-Inositol,11
5.5,F3_myo-Inositol,11
5.75,F3_myo-Inositol,11
6.0,F3_myo-Inositol,11
6.25,F3_myo-Inositol,11
6.5,F3_myo-Inositol,11
6.75,F3_myo-Inositol,11
7.0,F3_myo-Inositol,11
7.25,F3_myo-Inositol,14
7.5,F3_myo-Inositol,11
7.75,F3_myo-Inositol,11
8.0,F3_myo-Inositol,14
8.25,F3_myo-Inositol,11
8.5,F3_myo-Inositol,11
8.75,F3_myo-Inositol,11
9.0,F3_myo-Inositol,11
9.25,F3_myo-Inositol,14
9.5,F3_myo-Inositol,11
9.75,F3_myo-Inositol,11
10.0,F3_myo-Inositol,11
10.25,F3_myo-Inositol,11
10.5,F3_myo-Inositol,11
10.75,F3_myo-Inositol,11
11.0,F3_myo-Inositol,13
11.25,F3_myo-Inositol,12
11.5,F3_myo-Inositol,11
11.75,F3_myo-Inositol,11
12.0,F3_myo-Inositol,11
12.25,F3_myo-Inositol,11
12.5,F3_myo-Inositol,11
12.75,F3_myo-Inositol,11
13.0,F3_myo-Inositol,11
13.25,F3_myo-Inositol,11
13.5,F3_myo-Inositol,17
13.75,F3_myo-Inositol,13
14.0,F3_myo-Inositol,11
14.25,F3_myo-Inositol,11
14.5,F3_myo-Inositol,11
14.75,F3_myo-Inositol,14
15.0,F3_myo-Inositol,11
15.25,F3_myo-Inositol,12
15.5,F3_myo-Inositol,11
15.75,F3_myo-Inositol,13
16.0,F3_myo-Inositol,11
16.25,F3_myo-Inositol,13
16.5,F3_myo-Inositol,11
16.75,F3_myo-Inositol,11
17.0,F3_myo-Inositol,13
17.25,F3_myo-Inositol,11
17.5,F3_myo-Inositol,14
17.75,F3_myo-Inositol,11
18.0,F3_myo-Inositol,11
18.25,F3_myo-Inositol,13
18.5,F3_myo-Inositol,14
18.75,F3_myo-Inositol,15
19.0,F3_myo-Inositol,13
19.25,F3_myo-Inositol,13
19.5,F3_myo-Inositol,11
19.75,F3_myo-Inositol,14
20.0,F3_myo-Inositol,13
20.25,F3_myo-Inositol,11
20.5,F3_myo-Inositol,11
20.75,F3_myo-Inositol,11
21.0,F3_myo-Inositol,12
21.25,F3_myo-Inositol,11
21.5,F3_myo-Inositol,13
21.75,F3_myo-Inositol,12
22.0,F3_myo-Inositol,14
22.25,F3_myo-Inositol,14
22.5,F3_myo-Inositol,14
22.75,F3_myo-Inositol,15
23.0,F3_myo-Inositol,11
23.25,F3_myo-Inositol,11
23.5,F3_myo-Inositol,14
23.75,F3_myo-Inositol,11
24.0,F3_myo-Inositol,12
24.25,F3_myo-Inositol,12
24.5,F3_myo-Inositol,13
24.75,F3_myo-Inositol,13
25.0,F3_myo-Inositol,14
25.25,F3_myo-Inositol,11
25.5,F3_myo-Inositol,14
25.75,F3_myo-Inositol,16
26.0,F3_myo-Inositol,14
26.25,F3_myo-Inositol,13
26.5,F3_myo-Inositol,11
26.75,F3_myo-Inositol,13
27.0,F3_myo-Inositol,13
27.25,F3_myo-Inositol,17
27.5,F3_myo-Inositol,11
27.75,F3_myo-Inositol,13
28.0,F3_myo-Inositol,13
28.25,F3_myo-Inositol,18
28.5,F3_myo-Inositol,16
28.75,F3_myo-Inositol,15
29.0,F3_myo-Inositol,17
29.25,F3_myo-Inositol,17
29.5,F3_myo-Inositol,13
29.75,F3_myo-Inositol,16
30.0,F3_myo-Inositol,11
30.25,F3_myo-Inositol,14
30.5,F3_myo-Inositol,12
30.75,F3_myo-Inositol,13
31.0,F3_myo-Inositol,17
31.25,F3_myo-Inositol,20
31.5,F3_myo-Inositol,15
31.75,F3_myo-Inositol,17
32.0,F3_myo-Inositol,14
32.25,F3_myo-Inositol,17
32.5,F3_myo-Inositol,15
32.75,F3_myo-Inositol,13
33.0,F3_myo-Inositol,11
33.25,F3_myo-Inositol,14
33.5,F3_myo-Inositol,17
33.75,F3_myo-Inositol,14
34.0,F3_myo-Inositol,20
34.25,F3_myo-Inositol,18
34.5,F3_myo-Inositol,20
34.75,F3_myo-Inositol,13
35.0,F3_myo-Inositol,17
35.25,F3_myo-Inositol,17
35.5,F3_myo-Inositol,15
35.75,F3_myo-Inositol,16
36.0,F3_myo-Inositol,14
36.25,F3_myo-Inositol,15
36.5,F3_myo-Inositol,16
36.75,F3_myo-Inositol,17
37.0,F3_myo-Inositol,22
37.25,F3_myo-Inositol,18
37.5,F3_myo-Inositol,18
37.75,F3_myo-Inositol,16
38.0,F3_myo-Inositol,14
38.25,F3_myo-Inositol,15
38.5,F3_myo-Inositol,17
38.75,F3_myo-Inositol,19
39.0,F3_myo-Inositol,20
39.25,F3_myo-Inositol,17
39.5,F3_myo-Inositol,17
39.75,F3_myo-Inositol,19
40.0,F3_myo-Inositol,18
40.25,F3_myo-Inositol,17
40.5,F3_myo-Inositol,19
40.75,F3_myo-Inositol,19
41.0,F3_myo-Inositol,17
41.25,F3_myo-Inositol,22
41.5,F3_myo-Inositol,16
41.75,F3_myo-Inositol,16
42.0,F3_myo-Inositol,23
42.25,F3_myo-Inositol,18
42.5,F3_myo-Inositol,20
42.75,F3_myo-Inositol,21
43.0,F3_myo-Inositol,19
43.25,F3_myo-Inositol,19
43.5,F3_myo-Inositol,17
43.75,F3_myo-Inositol,21
44.0,F3_myo-Inositol,17
44.25,F3_myo-Inositol,17
44.5,F3_myo-Inositol,15
44.75,F3_myo-Inositol,19
45.0,F3_myo-Inositol,17
45.25,F3_myo-Inositol,15
45.5,F3_myo-Inositol,15
45.75,F3_myo-Inositol,19
46.0,F3_myo-Inositol,18
46.25,F3_myo-Inositol,21
46.5,F3_myo-Inositol,22
46.75,F3_myo-Inositol,25
47.0,F3_myo-Inositol,19
47.25,F3_myo-Inositol,17
47.5,F3_myo-Inositol,21
47.75,F3_myo-Inositol,19
48.0,F3_myo-Inositol,21
48.25,F3_myo-Inositol,19
0.0,F4_D-Threonine,11
0.25,F4_D-Threonine,11
0.5,F4_D-Threonine,11
0.75,F4_D-Threonine,11
1.0,F4_D-Threonine,11
1.25,F4_D-Threonine,11
1.5,F4_D-Threonine,11
1.75,F4_D-Threonine,11
2.0,F4_D-Threonine,11
2.25,F4_D-Threonine,11
2.5,F4_D-Threonine,11
2.75,F4_D-Threonine,11
3.0,F4_D-Threonine,11
3.25,F4_D-Threonine,11
3.5,F4_D-Threonine,11
3.75,F4_D-Threonine,11
4.0,F4_D-Threonine,11
4.25,F4_D-Threonine,11
4.5,F4_D-Threonine,11
4.75,F4_D-Threonine,11
5.0,F4_D-Threonine,11
5.25,F4_D-Threonine,11
5.5,F4_D-Threonine,11
5.75,F4_D-Threonine,11
6.0,F4_D-Threonine,11
6.25,F4_D-Threonine,11
6.5,F4_D-Threonine,11
6.75,F4_D-Threonine,11
7.0,F4_D-Threonine,11
7.25,F4_D-Threonine,12
7.5,F4_D-Threonine,11
7.75,F4_D-Threonine,11
8.0,F4_D-Threonine,12
8.25,F4_D-Threonine,11
8.5,F4_D-Threonine,11
8.75,F4_D-Threonine,11
9.0,F4_D-Threonine,11
9.25,F4_D-Threonine,11
9.5,F4_D-Threonine,11
9.75,F4_D-Threonine,11
10.0,F4_D-Threonine,11
10.25,F4_D-Threonine,11
10.5,F4_D-Threonine,12
10.75,F4_D-Threonine,11
11.0,F4_D-Threonine,11
11.25,F4_D-Threonine,11
11.5,F4_D-Threonine,11
11.75,F4_D-Threonine,11
12.0,F4_D-Threonine,11
12.25,F4_D-Threonine,11
12.5,F4_D-Threonine,11
12.75,F4_D-Threonine,11
13.0,F4_D-Threonine,11
13.25,F4_D-Threonine,11
13.5,F4_D-Threonine,11
13.75,F4_D-Threonine,11
14.0,F4_D-Threonine,11
14.25,F4_D-Threonine,11
14.5,F4_D-Threonine,12
14.75,F4_D-Threonine,11
15.0,F4_D-Threonine,11
15.25,F4_D-Threonine,11
15.5,F4_D-Threonine,11
15.75,F4_D-Threonine,11
16.0,F4_D-Threonine,11
16.25,F4_D-Threonine,11
16.5,F4_D-Threonine,11
16.75,F4_D-Threonine,11
17.0,F4_D-Threonine,11
17.25,F4_D-Threonine,14
17.5,F4_D-Threonine,11
17.75,F4_D-Threonine,11
18.0,F4_D-Threonine,11
18.25,F4_D-Threonine,11
18.5,F4_D-Threonine,11
18.75,F4_D-Threonine,11
19.0,F4_D-Threonine,11
19.25,F4_D-Threonine,11
19.5,F4_D-Threonine,11
19.75,F4_D-Threonine,11
20.0,F4_D-Threonine,11
20.25,F4_D-Threonine,11
20.5,F4_D-Threonine,11
20.75,F4_D-Threonine,11
21.0,F4_D-Threonine,11
21.25,F4_D-Threonine,11
21.5,F4_D-Threonine,13
21.75,F4_D-Threonine,13
22.0,F4_D-Threonine,11
22.25,F4_D-Threonine,11
22.5,F4_D-Threonine,13
22.75,F4_D-Threonine,12
23.0,F4_D-Threonine,11
23.25,F4_D-Threonine,11
23.5,F4_D-Threonine,11
23.75,F4_D-Threonine,11
24.0,F4_D-Threonine,11
24.25,F4_D-Threonine,14
24.5,F4_D-Threonine,11
24.75,F4_D-Threonine,11
25.0,F4_D-Threonine,11
25.25,F4_D-Threonine,12
25.5,F4_D-Threonine,11
25.75,F4_D-Threonine,11
26.0,F4_D-Threonine,13
26.25,F4_D-Threonine,11
26.5,F4_D-Threonine,11
26.75,F4_D-Threonine,12
27.0,F4_D-Threonine,11
27.25,F4_D-Threonine,15
27.5,F4_D-Threonine,12
27.75,F4_D-Threonine,11
28.0,F4_D-Threonine,11
28.25,F4_D-Threonine,13
28.5,F4_D-Threonine,18
28.75,F4_D-Threonine,13
29.0,F4_D-Threonine,11
29.25,F4_D-Threonine,12
29.5,F4_D-Threonine,11
29.75,F4_D-Threonine,13
30.0,F4_D-Threonine,11
30.25,F4_D-Threonine,11
30.5,F4_D-Threonine,11
30.75,F4_D-Threonine,11
31.0,F4_D-Threonine,11
31.25,F4_D-Threonine,11
31.5,F4_D-Threonine,12
31.75,F4_D-Threonine,12
32.0,F4_D-Threonine,11
32.25,F4_D-Threonine,11
32.5,F4_D-Threonine,11
32.75,F4_D-Threonine,11
33.0,F4_D-Threonine,11
33.25,F4_D-Threonine,11
33.5,F4_D-Threonine,13
33.75,F4_D-Threonine,12
34.0,F4_D-Threonine,11
34.25,F4_D-Threonine,13
34.5,F4_D-Threonine,15
34.75,F4_D-Threonine,14
35.0,F4_D-Threonine,11
35.25,F4_D-Threonine,11
35.5,F4_D-Threonine,15
35.75,F4_D-Threonine,13
36.0,F4_D-Threonine,13
36.25,F4_D-Threonine,11
36.5,F4_D-Threonine,11
36.75,F4_D-Threonine,14
37.0,F4_D-Threonine,12
37.25,F4_D-Threonine,11
37.5,F4_D-Threonine,11
37.75,F4_D-Threonine,13
38.0,F4_D-Threonine,13
38.25,F4_D-Threonine,15
38.5,F4_D-Threonine,13
38.75,F4_D-Threonine,11
39.0,F4_D-Threonine,15
39.25,F4_D-Threonine,17
39.5,F4_D-Threonine,11
39.75,F4_D-Threonine,11
40.0,F4_D-Threonine,12
40.25,F4_D-Threonine,11
40.5,F4_D-Threonine,14
40.75,F4_D-Threonine,13
41.0,F4_D-Threonine,17
41.25,F4_D-Threonine,15
41.5,F4_D-Threonine,12
41.75,F4_D-Threonine,11
42.0,F4_D-Threonine,17
42.25,F4_D-Threonine,11
42.5,F4_D-Threonine,11
42.75,F4_D-Threonine,14
43.0,F4_D-Threonine,11
43.25,F4_D-Threonine,11
43.5,F4_D-Threonine,13
43.75,F4_D-Threonine,11
44.0,F4_D-Threonine,15
44.25,F4_D-Threonine,13
44.5,F4_D-Threonine,13
44.75,F4_D-Threonine,11
45.0,F4_D-Threonine,11
45.25,F4_D-Threonine,11
45.5,F4_D-Threonine,11
45.75,F4_D-Threonine,12
46.0,F4_D-Threonine,13
46.25,F4_D-Threonine,11
46.5,F4_D-Threonine,11
46.75,F4_D-Threonine,14
47.0,F4_D-Threonine,11
47.25,F4_D-Threonine,11
47.5,F4_D-Threonine,11
47.75,F4_D-Threonine,15
48.0,F4_D-Threonine,17
48.25,F4_D-Threonine,12
0.0,F5_Fumaric_Acid,11
0.25,F5_Fumaric_Acid,11
0.5,F5_Fumaric_Acid,11
0.75,F5_Fumaric_Acid,11
1.0,F5_Fumaric_Acid,11
1.25,F5_Fumaric_Acid,11
1.5,F5_Fumaric_Acid,11
1.75,F5_Fumaric_Acid,11
2.0,F5_Fumaric_Acid,11
2.25,F5_Fumaric_Acid,11
2.5,F5_Fumaric_Acid,11
2.75,F5_Fumaric_Acid,11
3.0,F5_Fumaric_Acid,11
3.25,F5_Fumaric_Acid,11
3.5,F5_Fumaric_Acid,11
3.75,F5_Fumaric_Acid,11
4.0,F5_Fumaric_Acid,11
4.25,F5_Fumaric_Acid,11
4.5,F5_Fumaric_Acid,11
4.75,F5_Fumaric_Acid,11
5.0,F5_Fumaric_Acid,11
5.25,F5_Fumaric_Acid,11
5.5,F5_Fumaric_Acid,11
5.75,F5_Fumaric_Acid,11
6.0,F5_Fumaric_Acid,11
6.25,F5_Fumaric_Acid,11
6.5,F5_Fumaric_Acid,11
6.75,F5_Fumaric_Acid,11
7.0,F5_Fumaric_Acid,11
7.25,F5_Fumaric_Acid,11
7.5,F5_Fumaric_Acid,11
7.75,F5_Fumaric_Acid,11
8.0,F5_Fumaric_Acid,11
8.25,F5_Fumaric_Acid,11
8.5,F5_Fumaric_Acid,11
8.75,F5_Fumaric_Acid,11
9.0,F5_Fumaric_Acid,11
9.25,F5_Fumaric_Acid,11
9.5,F5_Fumaric_Acid,11
9.75,F5_Fumaric_Acid,11
10.0,F5_Fumaric_Acid,11
10.25,F5_Fumaric_Acid,12
10.5,F5_Fumaric_Acid,11
10.75,F5_Fumaric_Acid,11
11.0,F5_Fumaric_Acid,12
11.25,F5_Fumaric_Acid,11
11.5,F5_Fumaric_Acid,11
11.75,F5_Fumaric_Acid,11
12.0,F5_Fumaric_Acid,11
12.25,F5_Fumaric_Acid,11
12.5,F5_Fumaric_Acid,11
12.75,F5_Fumaric_Acid,11
13.0,F5_Fumaric_Acid,12
13.25,F5_Fumaric_Acid,11
13.5,F5_Fumaric_Acid,11
13.75,F5_Fumaric_Acid,11
14.0,F5_Fumaric_Acid,11
14.25,F5_Fumaric_Acid,11
14.5,F5_Fumaric_Acid,11
14.75,F5_Fumaric_Acid,11
15.0,F5_Fumaric_Acid,11
15.25,F5_Fumaric_Acid,11
15.5,F5_Fumaric_Acid,11
15.75,F5_Fumaric_Acid,11
16.0,F5_Fumaric_Acid,11
16.25,F5_Fumaric_Acid,11
16.5,F5_Fumaric_Acid,11
16.75,F5_Fumaric_Acid,11
17.0,F5_Fumaric_Acid,11
17.25,F5_Fumaric_Acid,11
17.5,F5_Fumaric_Acid,11
17.75,F5_Fumaric_Acid,11
18.0,F5_Fumaric_Acid,12
18.25,F5_Fumaric_Acid,11
18.5,F5_Fumaric_Acid,11
18.75,F5_Fumaric_Acid,11
19.0,F5_Fumaric_Acid,11
19.25,F5_Fumaric_Acid,11
19.5,F5_Fumaric_Acid,11
19.75,F5_Fumaric_Acid,11
20.0,F5_Fumaric_Acid,11
20.25,F5_Fumaric_Acid,11
20.5,F5_Fumaric_Acid,11
20.75,F5_Fumaric_Acid,11
21.0,F5_Fumaric_Acid,11
21.25,F5_Fumaric_Acid,11
21.5,F5_Fumaric_Acid,11
21.75,F5_Fumaric_Acid,13
22.0,F5_Fumaric_Acid,12
22.25,F5_Fumaric_Acid,11
22.5,F5_Fumaric_Acid,11
22.75,F5_Fumaric_Acid,11
23.0,F5_Fumaric_Acid,11
23.25,F5_Fumaric_Acid,11
23.5,F5_Fumaric_Acid,15
23.75,F5_Fumaric_Acid,11
24.0,F5_Fumaric_Acid,11
24.25,F5_Fumaric_Acid,13
24.5,F5_Fumaric_Acid,11
24.75,F5_Fumaric_Acid,11
25.0,F5_Fumaric_Acid,12
25.25,F5_Fumaric_Acid,11
25.5,F5_Fumaric_Acid,11
25.75,F5_Fumaric_Acid,13
26.0,F5_Fumaric_Acid,12
26.25,F5_Fumaric_Acid,11
26.5,F5_Fumaric_Acid,11
26.75,F5_Fumaric_Acid,11
27.0,F5_Fumaric_Acid,12
27.25,F5_Fumaric_Acid,11
27.5,F5_Fumaric_Acid,15
27.75,F5_Fumaric_Acid,11
28.0,F5_Fumaric_Acid,11
28.25,F5_Fumaric_Acid,14
28.5,F5_Fumaric_Acid,14
28.75,F5_Fumaric_Acid,12
29.0,F5_Fumaric_Acid,14
29.25,F5_Fumaric_Acid,12
29.5,F5_Fumaric_Acid,11
29.75,F5_Fumaric_Acid,14
30.0,F5_Fumaric_Acid,12
30.25,F5_Fumaric_Acid,11
30.5,F5_Fumaric_Acid,13
30.75,F5_Fumaric_Acid,11
31.0,F5_Fumaric_Acid,13
31.25,F5_Fumaric_Acid,11
31.5,F5_Fumaric_Acid,11
31.75,F5_Fumaric_Acid,14
32.0,F5_Fumaric_Acid,11
32.25,F5_Fumaric_Acid,13
32.5,F5_Fumaric_Acid,15
32.75,F5_Fumaric_Acid,14
33.0,F5_Fumaric_Acid,13
33.25,F5_Fumaric_Acid,14
33.5,F5_Fumaric_Acid,14
33.75,F5_Fumaric_Acid,13
34.0,F5_Fumaric_Acid,14
34.25,F5_Fumaric_Acid,12
34.5,F5_Fumaric_Acid,16
34.75,F5_Fumaric_Acid,12
35.0,F5_Fumaric_Acid,16
35.25,F5_Fumaric_Acid,11
35.5,F5_Fumaric_Acid,15
35.75,F5_Fumaric_Acid,16
36.0,F5_Fumaric_Acid,15
36.25,F5_Fumaric_Acid,13
36.5,F5_Fumaric_Acid,15
36.75,F5_Fumaric_Acid,20
37.0,F5_Fumaric_Acid,12
37.25,F5_Fumaric_Acid,13
37.5,F5_Fumaric_Acid,17
37.75,F5_Fumaric_Acid,17
38.0,F5_Fumaric_Acid,16
38.25,F5_Fumaric_Acid,15
38.5,F5_Fumaric_Acid,16
38.75,F5_Fumaric_Acid,15
39.0,F5_Fumaric_Acid,15
39.25,F5_Fumaric_Acid,17
39.5,F5_Fumaric_Acid,18
39.75,F5_Fumaric_Acid,13
40.0,F5_Fumaric_Acid,13
40.25,F5_Fumaric_Acid,15
40.5,F5_Fumaric_Acid,15
40.75,F5_Fumaric_Acid,18
41.0,F5_Fumaric_Acid,14
41.25,F5_Fumaric_Acid,17
41.5,F5_Fumaric_Acid,12
41.75,F5_Fumaric_Acid,13
42.0,F5_Fumaric_Acid,19
42.25,F5_Fumaric_Acid,19
42.5,F5_Fumaric_Acid,13
42.75,F5_Fumaric_Acid,16
43.0,F5_Fumaric_Acid,17
43.25,F5_Fumaric_Acid,17
43.5,F5_Fumaric_Acid,16
43.75,F5_Fumaric_Acid,17
44.0,F5_Fumaric_Acid,17
44.25,F5_Fumaric_Acid,17
44.5,F5_Fumaric_Acid,15
44.75,F5_Fumaric_Acid,16
45.0,F5_Fumaric_Acid,17
45.25,F5_Fumaric_Acid,17
45.5,F5_Fumaric_Acid,15
45.75,F5_Fumaric_Acid,22
46.0,F5_Fumaric_Acid,18
46.25,F5_Fumaric_Acid,19
46.5,F5_Fumaric_Acid,16
46.75,F5_Fumaric_Acid,22
47.0,F5_Fumaric_Acid,18
47.25,F5_Fumaric_Acid,21
47.5,F5_Fumaric_Acid,20
47.75,F5_Fumaric_Acid,21
48.0,F5_Fumaric_Acid,19
48.25,F5_Fumaric_Acid,21
0.0,F6_Bromo_Succinic_Acid,11
0.25,F6_Bromo_Succinic_Acid,11
0.5,F6_Bromo_Succinic_Acid,11
0.75,F6_Bromo_Succinic_Acid,12
1.0,F6_Bromo_Succinic_Acid,11
1.25,F6_Bromo_Succinic_Acid,11
1.5,F6_Bromo_Succinic_Acid,11
1.75,F6_Bromo_Succinic_Acid,11
2.0,F6_Bromo_Succinic_Acid,11
2.25,F6_Bromo_Succinic_Acid,11
2.5,F6_Bromo_Succinic_Acid,11
2.75,F6_Bromo_Succinic_Acid,11
3.0,F6_Bromo_Succinic_Acid,11
3.25,F6_Bromo_Succinic_Acid,11
3.5,F6_Bromo_Succinic_Acid,11
3.75,F6_Bromo_Succinic_Acid,11
4.0,F6_Bromo_Succinic_Acid,11
4.25,F6_Bromo_Succinic_Acid,11
4.5,F6_Bromo_Succinic_Acid,11
4.75,F6_Bromo_Succinic_Acid,11
5.0,F6_Bromo_Succinic_Acid,11
5.25,F6_Bromo_Succinic_Acid,11
5.5,F6_Bromo_Succinic_Acid,11
5.75,F6_Bromo_Succinic_Acid,11
6.0,F6_Bromo_Succinic_Acid,11
6.25,F6_Bromo_Succinic_Acid,11
6.5,F6_Bromo_Succinic_Acid,11
6.75,F6_Bromo_Succinic_Acid,11
7.0,F6_Bromo_Succinic_Acid,11
7.25,F6_Bromo_Succinic_Acid,12
7.5,F6_Bromo_Succinic_Acid,11
7.75,F6_Bromo_Succinic_Acid,11
8.0,F6_Bromo_Succinic_Acid,13
8.25,F6_Bromo_Succinic_Acid,11
8.5,F6_Bromo_Succinic_Acid,11
8.75,F6_Bromo_Succinic_Acid,11
9.0,F6_Bromo_Succinic_Acid,11
9.25,F6_Bromo_Succinic_Acid,13
9.5,F6_Bromo_Succinic_Acid,11
9.75,F6_Bromo_Succinic_Acid,11
10.0,F6_Bromo_Succinic_Acid,11
10.25,F6_Bromo_Succinic_Acid,11
10.5,F6_Bromo_Succinic_Acid,12
10.75,F6_Bromo_Succinic_Acid,11
11.0,F6_Bromo_Succinic_Acid,11
11.25,F6_Bromo_Succinic_Acid,11
11.5,F6_Bromo_Succinic_Acid,11
11.75,F6_Bromo_Succinic_Acid,11
12.0,F6_Bromo_Succinic_Acid,11
12.25,F6_Bromo_Succinic_Acid,13
12.5,F6_Bromo_Succinic_Acid,11
12.75,F6_Bromo_Succinic_Acid,11
13.0,F6_Bromo_Succinic_Acid,11
13.25,F6_Bromo_Succinic_Acid,11
13.5,F6_Bromo_Succinic_Acid,11
13.75,F6_Bromo_Succinic_Acid,11
14.0,F6_Bromo_Succinic_Acid,11
14.25,F6_Bromo_Succinic_Acid,11
14.5,F6_Bromo_Succinic_Acid,11
14.75,F6_Bromo_Succinic_Acid,12
15.0,F6_Bromo_Succinic_Acid,11
15.25,F6_Bromo_Succinic_Acid,11
15.5,F6_Bromo_Succinic_Acid,11
15.75,F6_Bromo_Succinic_Acid,11
16.0,F6_Bromo_Succinic_Acid,11
16.25,F6_Bromo_Succinic_Acid,11
16.5,F6_Bromo_Succinic_Acid,11
16.75,F6_Bromo_Succinic_Acid,12
17.0,F6_Bromo_Succinic_Acid,11
17.25,F6_Bromo_Succinic_Acid,13
17.5,F6_Bromo_Succinic_Acid,11
17.75,F6_Bromo_Succinic_Acid,11
18.0,F6_Bromo_Succinic_Acid,11
18.25,F6_Bromo_Succinic_Acid,12
18.5,F6_Bromo_Succinic_Acid,12
18.75,F6_Bromo_Succinic_Acid,14
19.0,F6_Bromo_Succinic_Acid,11
19.25,F6_Bromo_Succinic_Acid,12
19.5,F6_Bromo_Succinic_Acid,11
19.75,F6_Bromo_Succinic_Acid,11
20.0,F6_Bromo_Succinic_Acid,11
20.25,F6_Bromo_Succinic_Acid,12
20.5,F6_Bromo_Succinic_Acid,11
20.75,F6_Bromo_Succinic_Acid,12
21.0,F6_Bromo_Succinic_Acid,11
21.25,F6_Bromo_Succinic_Acid,11
21.5,F6_Bromo_Succinic_Acid,12
21.75,F6_Bromo_Succinic_Acid,11
22.0,F6_Bromo_Succinic_Acid,11
22.25,F6_Bromo_Succinic_Acid,11
22.5,F6_Bromo_Succinic_Acid,11
22.75,F6_Bromo_Succinic_Acid,11
23.0,F6_Bromo_Succinic_Acid,14
23.25,F6_Bromo_Succinic_Acid,11
23.5,F6_Bromo_Succinic_Acid,11
23.75,F6_Bromo_Succinic_Acid,11
24.0,F6_Bromo_Succinic_Acid,11
24.25,F6_Bromo_Succinic_Acid,14
24.5,F6_Bromo_Succinic_Acid,11
24.75,F6_Bromo_Succinic_Acid,14
25.0,F6_Bromo_Succinic_Acid,11
25.25,F6_Bromo_Succinic_Acid,11
25.5,F6_Bromo_Succinic_Acid,11
25.75,F6_Bromo_Succinic_Acid,12
26.0,F6_Bromo_Succinic_Acid,13
26.25,F6_Bromo_Succinic_Acid,11
26.5,F6_Bromo_Succinic_Acid,11
26.75,F6_Bromo_Succinic_Acid,12
27.0,F6_Bromo_Succinic_Acid,12
27.25,F6_Bromo_Succinic_Acid,12
27.5,F6_Bromo_Succinic_Acid,11
27.75,F6_Bromo_Succinic_Acid,11
28.0,F6_Bromo_Succinic_Acid,11
28.25,F6_Bromo_Succinic_Acid,16
28.5,F6_Bromo_Succinic_Acid,14
28.75,F6_Bromo_Succinic_Acid,15
29.0,F6_Bromo_Succinic_Acid,12
29.25,F6_Bromo_Succinic_Acid,11
29.5,F6_Bromo_Succinic_Acid,11
29.75,F6_Bromo_Succinic_Acid,14
30.0,F6_Bromo_Succinic_Acid,12
30.25,F6_Bromo_Succinic_Acid,12
30.5,F6_Bromo_Succinic_Acid,11
30.75,F6_Bromo_Succinic_Acid,11
31.0,F6_Bromo_Succinic_Acid,12
31.25,F6_Bromo_Succinic_Acid,13
31.5,F6_Bromo_Succinic_Acid,13
31.75,F6_Bromo_Succinic_Acid,11
32.0,F6_Bromo_Succinic_Acid,14
32.25,F6_Bromo_Succinic_Acid,12
32.5,F6_Bromo_Succinic_Acid,13
32.75,F6_Bromo_Succinic_Acid,12
33.0,F6_Bromo_Succinic_Acid,11
33.25,F6_Bromo_Succinic_Acid,12
33.5,F6_Bromo_Succinic_Acid,15
33.75,F6_Bromo_Succinic_Acid,14
34.0,F6_Bromo_Succinic_Acid,12
34.25,F6_Bromo_Succinic_Acid,12
34.5,F6_Bromo_Succinic_Acid,15
34.75,F6_Bromo_Succinic_Acid,11
35.0,F6_Bromo_Succinic_Acid,13
35.25,F6_Bromo_Succinic_Acid,11
35.5,F6_Bromo_Succinic_Acid,14
35.75,F6_Bromo_Succinic_Acid,12
36.0,F6_Bromo_Succinic_Acid,15
36.25,F6_Bromo_Succinic_Acid,11
36.5,F6_Bromo_Succinic_Acid,14
36.75,F6_Bromo_Succinic_Acid,18
37.0,F6_Bromo_Succinic_Acid,13
37.25,F6_Bromo_Succinic_Acid,11
37.5,F6_Bromo_Succinic_Acid,11
37.75,F6_Bromo_Succinic_Acid,15
38.0,F6_Bromo_Succinic_Acid,13
38.25,F6_Bromo_Succinic_Acid,15
38.5,F6_Bromo_Succinic_Acid,13
38.75,F6_Bromo_Succinic_Acid,12
39.0,F6_Bromo_Succinic_Acid,15
39.25,F6_Bromo_Succinic_Acid,15
39.5,F6_Bromo_Succinic_Acid,15
39.75,F6_Bromo_Succinic_Acid,16
40.0,F6_Bromo_Succinic_Acid,15
40.25,F6_Bromo_Succinic_Acid,15
40.5,F6_Bromo_Succinic_Acid,11
40.75,F6_Bromo_Succinic_Acid,15
41.0,F6_Bromo_Succinic_Acid,13
41.25,F6_Bromo_Succinic_Acid,13
41.5,F6_Bromo_Succinic_Acid,14
41.75,F6_Bromo_Succinic_Acid,15
42.0,F6_Bromo_Succinic_Acid,14
42.25,F6_Bromo_Succinic_Acid,11
42.5,F6_Bromo_Succinic_Acid,14
42.75,F6_Bromo_Succinic_Acid,13
43.0,F6_Bromo_Succinic_Acid,11
43.25,F6_Bromo_Succinic_Acid,12
43.5,F6_Bromo_Succinic_Acid,13
43.75,F6_Bromo_Succinic_Acid,14
44.0,F6_Bromo_Succinic_Acid,17
44.25,F6_Bromo_Succinic_Acid,13
44.5,F6_Bromo_Succinic_Acid,15
44.75,F6_Bromo_Succinic_Acid,13
45.0,F6_Bromo_Succinic_Acid,14
45.25,F6_Bromo_Succinic_Acid,13
45.5,F6_Bromo_Succinic_Acid,12
45.75,F6_Bromo_Succinic_Acid,14
46.0,F6_Bromo_Succinic_Acid,12
46.25,F6_Bromo_Succinic_Acid,11
46.5,F6_Bromo_Succinic_Acid,15
46.75,F6_Bromo_Succinic_Acid,14
47.0,F6_Bromo_Succinic_Acid,15
47.25,F6_Bromo_Succinic_Acid,15
47.5,F6_Bromo_Succinic_Acid,14
47.75,F6_Bromo_Succinic_Acid,20
48.0,F6_Bromo_Succinic_Acid,15
48.25,F6_Bromo_Succinic_Acid,15
0.0,F7_Propionic_Acid,11
0.25,F7_Propionic_Acid,11
0.5,F7_Propionic_Acid,11
0.75,F7_Propionic_Acid,11
1.0,F7_Propionic_Acid,11
1.25,F7_Propionic_Acid,11
1.5,F7_Propionic_Acid,11
1.75,F7_Propionic_Acid,11
2.0,F7_Propionic_Acid,11
2.25,F7_Propionic_Acid,11
2.5,F7_Propionic_Acid,12
2.75,F7_Propionic_Acid,11
3.0,F7_Propionic_Acid,11
3.25,F7_Propionic_Acid,11
3.5,F7_Propionic_Acid,13
3.75,F7_Propionic_Acid,11
4.0,F7_Propionic_Acid,11
4.25,F7_Propionic_Acid,11
4.5,F7_Propionic_Acid,11
4.75,F7_Propionic_Acid,11
5.0,F7_Propionic_Acid,11
5.25,F7_Propionic_Acid,11
5.5,F7_Propionic_Acid,11
5.75,F7_Propionic_Acid,11
6.0,F7_Propionic_Acid,11
6.25,F7_Propionic_Acid,11
6.5,F7_Propionic_Acid,11
6.75,F7_Propionic_Acid,11
7.0,F7_Propionic_Acid,11
7.25,F7_Propionic_Acid,12
7.5,F7_Propionic_Acid,11
7.75,F7_Propionic_Acid,11
8.0,F7_Propionic_Acid,12
8.25,F7_Propionic_Acid,11
8.5,F7_Propionic_Acid,11
8.75,F7_Propionic_Acid,11
9.0,F7_Propionic_Acid,11
9.25,F7_Propionic_Acid,11
9.5,F7_Propionic_Acid,14
9.75,F7_Propionic_Acid,11
10.0,F7_Propionic_Acid,11
10.25,F7_Propionic_Acid,11
10.5,F7_Propionic_Acid,14
10.75,F7_Propionic_Acid,12
11.0,F7_Propionic_Acid,11
11.25,F7_Propionic_Acid,11
11.5,F7_Propionic_Acid,11
11.75,F7_Propionic_Acid,11
12.0,F7_Propionic_Acid,11
12.25,F7_Propionic_Acid,11
12.5,F7_Propionic_Acid,12
12.75,F7_Propionic_Acid,11
13.0,F7_Propionic_Acid,15
13.25,F7_Propionic_Acid,11
13.5,F7_Propionic_Acid,11
13.75,F7_Propionic_Acid,11
14.0,F7_Propionic_Acid,11
14.25,F7_Propionic_Acid,12
14.5,F7_Propionic_Acid,11
14.75,F7_Propionic_Acid,13
15.0,F7_Propionic_Acid,11
15.25,F7_Propionic_Acid,11
15.5,F7_Propionic_Acid,11
15.75,F7_Propionic_Acid,12
16.0,F7_Propionic_Acid,11
16.25,F7_Propionic_Acid,11
16.5,F7_Propionic_Acid,11
16.75,F7_Propionic_Acid,11
17.0,F7_Propionic_Acid,11
17.25,F7_Propionic_Acid,13
17.5,F7_Propionic_Acid,11
17.75,F7_Propionic_Acid,14
18.0,F7_Propionic_Acid,13
18.25,F7_Propionic_Acid,12
18.5,F7_Propionic_Acid,11
18.75,F7_Propionic_Acid,14
19.0,F7_Propionic_Acid,11
19.25,F7_Propionic_Acid,11
19.5,F7_Propionic_Acid,13
19.75,F7_Propionic_Acid,13
20.0,F7_Propionic_Acid,14
20.25,F7_Propionic_Acid,11
20.5,F7_Propionic_Acid,11
20.75,F7_Propionic_Acid,11
21.0,F7_Propionic_Acid,11
21.25,F7_Propionic_Acid,11
21.5,F7_Propionic_Acid,14
21.75,F7_Propionic_Acid,12
22.0,F7_Propionic_Acid,13
22.25,F7_Propionic_Acid,14
22.5,F7_Propionic_Acid,11
22.75,F7_Propionic_Acid,11
23.0,F7_Propionic_Acid,11
23.25,F7_Propionic_Acid,11
23.5,F7_Propionic_Acid,13
23.75,F7_Propionic_Acid,13
24.0,F7_Propionic_Acid,11
24.25,F7_Propionic_Acid,14
24.5,F7_Propionic_Acid,11
24.75,F7_Propionic_Acid,11
25.0,F7_Propionic_Acid,11
25.25,F7_Propionic_Acid,11
25.5,F7_Propionic_Acid,12
25.75,F7_Propionic_Acid,11
26.0,F7_Propionic_Acid,15
26.25,F7_Propionic_Acid,11
26.5,F7_Propionic_Acid,11
26.75,F7_Propionic_Acid,11
27.0,F7_Propionic_Acid,12
27.25,F7_Propionic_Acid,12
27.5,F7_Propionic_Acid,13
27.75,F7_Propionic_Acid,11
28.0,F7_Propionic_Acid,11
28.25,F7_Propionic_Acid,13
28.5,F7_Propionic_Acid,14
28.75,F7_Propionic_Acid,13
29.0,F7_Propionic_Acid,12
29.25,F7_Propionic_Acid,11
29.5,F7_Propionic_Acid,12
29.75,F7_Propionic_Acid,16
30.0,F7_Propionic_Acid,11
30.25,F7_Propionic_Acid,11
30.5,F7_Propionic_Acid,13
30.75,F7_Propionic_Acid,11
31.0,F7_Propionic_Acid,14
31.25,F7_Propionic_Acid,11
31.5,F7_Propionic_Acid,12
31.75,F7_Propionic_Acid,11
32.0,F7_Propionic_Acid,11
32.25,F7_Propionic_Acid,11
32.5,F7_Propionic_Acid,11
32.75,F7_Propionic_Acid,11
33.0,F7_Propionic_Acid,12
33.25,F7_Propionic_Acid,12
33.5,F7_Propionic_Acid,11
33.75,F7_Propionic_Acid,17
34.0,F7_Propionic_Acid,14
34.25,F7_Propionic_Acid,16
34.5,F7_Propionic_Acid,13
34.75,F7_Propionic_Acid,12
35.0,F7_Propionic_Acid,11
35.25,F7_Propionic_Acid,12
35.5,F7_Propionic_Acid,11
35.75,F7_Propionic_Acid,11
36.0,F7_Propionic_Acid,13
36.25,F7_Propionic_Acid,13
36.5,F7_Propionic_Acid,11
36.75,F7_Propionic_Acid,18
37.0,F7_Propionic_Acid,14
37.25,F7_Propionic_Acid,11
37.5,F7_Propionic_Acid,13
37.75,F7_Propionic_Acid,14
38.0,F7_Propionic_Acid,14
38.25,F7_Propionic_Acid,12
38.5,F7_Propionic_Acid,16
38.75,F7_Propionic_Acid,12
39.0,F7_Propionic_Acid,17
39.25,F7_Propionic_Acid,14
39.5,F7_Propionic_Acid,12
39.75,F7_Propionic_Acid,11
40.0,F7_Propionic_Acid,14
40.25,F7_Propionic_Acid,13
40.5,F7_Propionic_Acid,15
40.75,F7_Propionic_Acid,13
41.0,F7_Propionic_Acid,16
41.25,F7_Propionic_Acid,15
41.5,F7_Propionic_Acid,15
41.75,F7_Propionic_Acid,11
42.0,F7_Propionic_Acid,17
42.25,F7_Propionic_Acid,14
42.5,F7_Propionic_Acid,11
42.75,F7_Propionic_Acid,12
43.0,F7_Propionic_Acid,15
43.25,F7_Propionic_Acid,14
43.5,F7_Propionic_Acid,14
43.75,F7_Propionic_Acid,18
44.0,F7_Propionic_Acid,12
44.25,F7_Propionic_Acid,14
44.5,F7_Propionic_Acid,15
44.75,F7_Propionic_Acid,16
45.0,F7_Propionic_Acid,16
45.25,F7_Propionic_Acid,13
45.5,F7_Propionic_Acid,11
45.75,F7_Propionic_Acid,16
46.0,F7_Propionic_Acid,13
46.25,F7_Propionic_Acid,17
46.5,F7_Propionic_Acid,20
46.75,F7_Propionic_Acid,18
47.0,F7_Propionic_Acid,15
47.25,F7_Propionic_Acid,14
47.5,F7_Propionic_Acid,17
47.75,F7_Propionic_Acid,19
48.0,F7_Propionic_Acid,17
48.25,F7_Propionic_Acid,18
0.0,F8_Mucic_Acid,11
0.25,F8_Mucic_Acid,11
0.5,F8_Mucic_Acid,11
0.75,F8_Mucic_Acid,11
1.0,F8_Mucic_Acid,11
1.25,F8_Mucic_Acid,11
1.5,F8_Mucic_Acid,11
1.75,F8_Mucic_Acid,11
2.0,F8_Mucic_Acid,11
2.25,F8_Mucic_Acid,11
2.5,F8_Mucic_Acid,11
2.75,F8_Mucic_Acid,11
3.0,F8_Mucic_Acid,11
3.25,F8_Mucic_Acid,11
3.5,F8_Mucic_Acid,11
3.75,F8_Mucic_Acid,11
4.0,F8_Mucic_Acid,11
4.25,F8_Mucic_Acid,11
4.5,F8_Mucic_Acid,11
4.75,F8_Mucic_Acid,11
5.0,F8_Mucic_Acid,11
5.25,F8_Mucic_Acid,11
5.5,F8_Mucic_Acid,11
5.75,F8_Mucic_Acid,11
6.0,F8_Mucic_Acid,11
6.25,F8_Mucic_Acid,11
6.5,F8_Mucic_Acid,11
6.75,F8_Mucic_Acid,11
7.0,F8_Mucic_Acid,11
7.25,F8_Mucic_Acid,11
7.5,F8_Mucic_Acid,11
7.75,F8_Mucic_Acid,11
8.0,F8_Mucic_Acid,11
8.25,F8_Mucic_Acid,11
8.5,F8_Mucic_Acid,11
8.75,F8_Mucic_Acid,11
9.0,F8_Mucic_Acid,11
9.25,F8_Mucic_Acid,11
9.5,F8_Mucic_Acid,11
9.75,F8_Mucic_Acid,11
10.0,F8_Mucic_Acid,11
10.25,F8_Mucic_Acid,11
10.5,F8_Mucic_Acid,11
10.75,F8_Mucic_Acid,11
11.0,F8_Mucic_Acid,12
11.25,F8_Mucic_Acid,11
11.5,F8_Mucic_Acid,11
11.75,F8_Mucic_Acid,11
12.0,F8_Mucic_Acid,11
12.25,F8_Mucic_Acid,11
12.5,F8_Mucic_Acid,11
12.75,F8_Mucic_Acid,11
13.0,F8_Mucic_Acid,11
13.25,F8_Mucic_Acid,11
13.5,F8_Mucic_Acid,12
13.75,F8_Mucic_Acid,11
14.0,F8_Mucic_Acid,11
14.25,F8_Mucic_Acid,11
14.5,F8_Mucic_Acid,11
14.75,F8_Mucic_Acid,13
15.0,F8_Mucic_Acid,11
15.25,F8_Mucic_Acid,11
15.5,F8_Mucic_Acid,11
15.75,F8_Mucic_Acid,11
16.0,F8_Mucic_Acid,11
16.25,F8_Mucic_Acid,11
16.5,F8_Mucic_Acid,11
16.75,F8_Mucic_Acid,11
17.0,F8_Mucic_Acid,11
17.25,F8_Mucic_Acid,11
17.5,F8_Mucic_Acid,11
17.75,F8_Mucic_Acid,11
18.0,F8_Mucic_Acid,11
18.25,F8_Mucic_Acid,11
18.5,F8_Mucic_Acid,11
18.75,F8_Mucic_Acid,11
19.0,F8_Mucic_Acid,11
19.25,F8_Mucic_Acid,11
19.5,F8_Mucic_Acid,11
19.75,F8_Mucic_Acid,11
20.0,F8_Mucic_Acid,11
20.25,F8_Mucic_Acid,11
20.5,F8_Mucic_Acid,11
20.75,F8_Mucic_Acid,13
21.0,F8_Mucic_Acid,12
21.25,F8_Mucic_Acid,11
21.5,F8_Mucic_Acid,11
21.75,F8_Mucic_Acid,11
22.0,F8_Mucic_Acid,11
22.25,F8_Mucic_Acid,11
22.5,F8_Mucic_Acid,15
22.75,F8_Mucic_Acid,11
23.0,F8_Mucic_Acid,11
23.25,F8_Mucic_Acid,11
23.5,F8_Mucic_Acid,12
23.75,F8_Mucic_Acid,11
24.0,F8_Mucic_Acid,11
24.25,F8_Mucic_Acid,11
24.5,F8_Mucic_Acid,11
24.75,F8_Mucic_Acid,11
25.0,F8_Mucic_Acid,11
25.25,F8_Mucic_Acid,11
25.5,F8_Mucic_Acid,11
25.75,F8_Mucic_Acid,11
26.0,F8_Mucic_Acid,11
26.25,F8_Mucic_Acid,11
26.5,F8_Mucic_Acid,11
26.75,F8_Mucic_Acid,11
27.0,F8_Mucic_Acid,11
27.25,F8_Mucic_Acid,11
27.5,F8_Mucic_Acid,11
27.75,F8_Mucic_Acid,11
28.0,F8_Mucic_Acid,11
28.25,F8_Mucic_Acid,11
28.5,F8_Mucic_Acid,14
28.75,F8_Mucic_Acid,11
29.0,F8_Mucic_Acid,12
29.25,F8_Mucic_Acid,11
29.5,F8_Mucic_Acid,13
29.75,F8_Mucic_Acid,11
30.0,F8_Mucic_Acid,11
30.25,F8_Mucic_Acid,11
30.5,F8_Mucic_Acid,15
30.75,F8_Mucic_Acid,11
31.0,F8_Mucic_Acid,12
31.25,F8_Mucic_Acid,11
31.5,F8_Mucic_Acid,12
31.75,F8_Mucic_Acid,11
32.0,F8_Mucic_Acid,11
32.25,F8_Mucic_Acid,11
32.5,F8_Mucic_Acid,11
32.75,F8_Mucic_Acid,11
33.0,F8_Mucic_Acid,11
33.25,F8_Mucic_Acid,11
33.5,F8_Mucic_Acid,11
33.75,F8_Mucic_Acid,15
34.0,F8_Mucic_Acid,11
34.25,F8_Mucic_Acid,12
34.5,F8_Mucic_Acid,13
34.75,F8_Mucic_Acid,11
35.0,F8_Mucic_Acid,11
35.25,F8_Mucic_Acid,11
35.5,F8_Mucic_Acid,15
35.75,F8_Mucic_Acid,11
36.0,F8_Mucic_Acid,11
36.25,F8_Mucic_Acid,16
36.5,F8_Mucic_Acid,11
36.75,F8_Mucic_Acid,12
37.0,F8_Mucic_Acid,11
37.25,F8_Mucic_Acid,11
37.5,F8_Mucic_Acid,11
37.75,F8_Mucic_Acid,15
38.0,F8_Mucic_Acid,12
38.25,F8_Mucic_Acid,12
38.5,F8_Mucic_Acid,13
38.75,F8_Mucic_Acid,14
39.0,F8_Mucic_Acid,11
39.25,F8_Mucic_Acid,11
39.5,F8_Mucic_Acid,11
39.75,F8_Mucic_Acid,13
40.0,F8_Mucic_Acid,11
40.25,F8_Mucic_Acid,12
40.5,F8_Mucic_Acid,11
40.75,F8_Mucic_Acid,11
41.0,F8_Mucic_Acid,12
41.25,F8_Mucic_Acid,16
41.5,F8_Mucic_Acid,15
41.75,F8_Mucic_Acid,15
42.0,F8_Mucic_Acid,16
42.25,F8_Mucic_Acid,16
42.5,F8_Mucic_Acid,16
42.75,F8_Mucic_Acid,11
43.0,F8_Mucic_Acid,15
43.25,F8_Mucic_Acid,14
43.5,F8_Mucic_Acid,13
43.75,F8_Mucic_Acid,11
44.0,F8_Mucic_Acid,13
44.25,F8_Mucic_Acid,14
44.5,F8_Mucic_Acid,13
44.75,F8_Mucic_Acid,13
45.0,F8_Mucic_Acid,16
45.25,F8_Mucic_Acid,14
45.5,F8_Mucic_Acid,13
45.75,F8_Mucic_Acid,15
46.0,F8_Mucic_Acid,13
46.25,F8_Mucic_Acid,18
46.5,F8_Mucic_Acid,14
46.75,F8_Mucic_Acid,14
47.0,F8_Mucic_Acid,14
47.25,F8_Mucic_Acid,12
47.5,F8_Mucic_Acid,16
47.75,F8_Mucic_Acid,15
48.0,F8_Mucic_Acid,18
48.25,F8_Mucic_Acid,18
0.0,F9_Glycolic_Acid,11
0.25,F9_Glycolic_Acid,11
0.5,F9_Glycolic_Acid,12
0.75,F9_Glycolic_Acid,11
1.0,F9_Glycolic_Acid,11
1.25,F9_Glycolic_Acid,13
1.5,F9_Glycolic_Acid,11
1.75,F9_Glycolic_Acid,11
2.0,F9_Glycolic_Acid,11
2.25,F9_Glycolic_Acid,11
2.5,F9_Glycolic_Acid,12
2.75,F9_Glycolic_Acid,13
3.0,F9_Glycolic_Acid,12
3.25,F9_Glycolic_Acid,13
3.5,F9_Glycolic_Acid,11
3.75,F9_Glycolic_Acid,11
4.0,F9_Glycolic_Acid,11
4.25,F9_Glycolic_Acid,11
4.5,F9_Glycolic_Acid,11
4.75,F9_Glycolic_Acid,11
5.0,F9_Glycolic_Acid,11
5.25,F9_Glycolic_Acid,11
5.5,F9_Glycolic_Acid,11
5.75,F9_Glycolic_Acid,11
6.0,F9_Glycolic_Acid,11
6.25,F9_Glycolic_Acid,11
6.5,F9_Glycolic_Acid,11
6.75,F9_Glycolic_Acid,14
7.0,F9_Glycolic_Acid,11
7.25,F9_Glycolic_Acid,14
7.5,F9_Glycolic_Acid,11
7.75,F9_Glycolic_Acid,11
8.0,F9_Glycolic_Acid,13
8.25,F9_Glycolic_Acid,12
8.5,F9_Glycolic_Acid,11
8.75,F9_Glycolic_Acid,11
9.0,F9_Glycolic_Acid,11
9.25,F9_Glycolic_Acid,14
9.5,F9_Glycolic_Acid,11
9.75,F9_Glycolic_Acid,11
10.0,F9_Glycolic_Acid,11
10.25,F9_Glycolic_Acid,11
10.5,F9_Glycolic_Acid,12
10.75,F9_Glycolic_Acid,14
11.0,F9_Glycolic_Acid,11
11.25,F9_Glycolic_Acid,15
11.5,F9_Glycolic_Acid,16
11.75,F9_Glycolic_Acid,11
12.0,F9_Glycolic_Acid,14
12.25,F9_Glycolic_Acid,11
12.5,F9_Glycolic_Acid,12
12.75,F9_Glycolic_Acid,15
13.0,F9_Glycolic_Acid,16
13.25,F9_Glycolic_Acid,17
13.5,F9_Glycolic_Acid,12
13.75,F9_Glycolic_Acid,16
14.0,F9_Glycolic_Acid,18
14.25,F9_Glycolic_Acid,17
14.5,F9_Glycolic_Acid,11
14.75,F9_Glycolic_Acid,12
15.0,F9_Glycolic_Acid,13
15.25,F9_Glycolic_Acid,12
15.5,F9_Glycolic_Acid,11
15.75,F9_Glycolic_Acid,13
16.0,F9_Glycolic_Acid,16
16.25,F9_Glycolic_Acid,11
16.5,F9_Glycolic_Acid,11
16.75,F9_Glycolic_Acid,13
17.0,F9_Glycolic_Acid,13
17.25,F9_Glycolic_Acid,16
17.5,F9_Glycolic_Acid,16
17.75,F9_Glycolic_Acid,15
18.0,F9_Glycolic_Acid,17
18.25,F9_Glycolic_Acid,11
18.5,F9_Glycolic_Acid,14
18.75,F9_Glycolic_Acid,16
19.0,F9_Glycolic_Acid,12
19.25,F9_Glycolic_Acid,15
19.5,F9_Glycolic_Acid,11
19.75,F9_Glycolic_Acid,16
20.0,F9_Glycolic_Acid,12
20.25,F9_Glycolic_Acid,18
20.5,F9_Glycolic_Acid,15
20.75,F9_Glycolic_Acid,12
21.0,F9_Glycolic_Acid,14
21.25,F9_Glycolic_Acid,16
21.5,F9_Glycolic_Acid,17
21.75,F9_Glycolic_Acid,16
22.0,F9_Glycolic_Acid,14
22.25,F9_Glycolic_Acid,15
22.5,F9_Glycolic_Acid,14
22.75,F9_Glycolic_Acid,17
23.0,F9_Glycolic_Acid,16
23.25,F9_Glycolic_Acid,15
23.5,F9_Glycolic_Acid,16
23.75,F9_Glycolic_Acid,15
24.0,F9_Glycolic_Acid,11
24.25,F9_Glycolic_Acid,13
24.5,F9_Glycolic_Acid,11
24.75,F9_Glycolic_Acid,14
25.0,F9_Glycolic_Acid,13
25.25,F9_Glycolic_Acid,15
25.5,F9_Glycolic_Acid,15
25.75,F9_Glycolic_Acid,17
26.0,F9_Glycolic_Acid,13
26.25,F9_Glycolic_Acid,15
26.5,F9_Glycolic_Acid,15
26.75,F9_Glycolic_Acid,14
27.0,F9_Glycolic_Acid,18
27.25,F9_Glycolic_Acid,20
27.5,F9_Glycolic_Acid,18
27.75,F9_Glycolic_Acid,16
28.0,F9_Glycolic_Acid,13
28.25,F9_Glycolic_Acid,18
28.5,F9_Glycolic_Acid,18
28.75,F9_Glycolic_Acid,17
29.0,F9_Glycolic_Acid,16
29.25,F9_Glycolic_Acid,18
29.5,F9_Glycolic_Acid,17
29.75,F9_Glycolic_Acid,17
30.0,F9_Glycolic_Acid,17
30.25,F9_Glycolic_Acid,16
30.5,F9_Glycolic_Acid,19
30.75,F9_Glycolic_Acid,17
31.0,F9_Glycolic_Acid,17
31.25,F9_Glycolic_Acid,16
31.5,F9_Glycolic_Acid,18
31.75,F9_Glycolic_Acid,18
32.0,F9_Glycolic_Acid,18
32.25,F9_Glycolic_Acid,17
32.5,F9_Glycolic_Acid,19
32.75,F9_Glycolic_Acid,16
33.0,F9_Glycolic_Acid,18
33.25,F9_Glycolic_Acid,18
33.5,F9_Glycolic_Acid,19
33.75,F9_Glycolic_Acid,18
34.0,F9_Glycolic_Acid,18
34.25,F9_Glycolic_Acid,19
34.5,F9_Glycolic_Acid,22
34.75,F9_Glycolic_Acid,19
35.0,F9_Glycolic_Acid,18
35.25,F9_Glycolic_Acid,22
35.5,F9_Glycolic_Acid,20
35.75,F9_Glycolic_Acid,20
36.0,F9_Glycolic_Acid,19
36.25,F9_Glycolic_Acid,18
36.5,F9_Glycolic_Acid,19
36.75,F9_Glycolic_Acid,19
37.0,F9_Glycolic_Acid,21
37.25,F9_Glycolic_Acid,22
37.5,F9_Glycolic_Acid,18
37.75,F9_Glycolic_Acid,21
38.0,F9_Glycolic_Acid,22
38.25,F9_Glycolic_Acid,21
38.5,F9_Glycolic_Acid,23
38.75,F9_Glycolic_Acid,23
39.0,F9_Glycolic_Acid,19
39.25,F9_Glycolic_Acid,20
39.5,F9_Glycolic_Acid,25
39.75,F9_Glycolic_Acid,22
40.0,F9_Glycolic_Acid,21
40.25,F9_Glycolic_Acid,22
40.5,F9_Glycolic_Acid,17
40.75,F9_Glycolic_Acid,23
41.0,F9_Glycolic_Acid,17
41.25,F9_Glycolic_Acid,24
41.5,F9_Glycolic_Acid,21
41.75,F9_Glycolic_Acid,21
42.0,F9_Glycolic_Acid,23
42.25,F9_Glycolic_Acid,20
42.5,F9_Glycolic_Acid,25
42.75,F9_Glycolic_Acid,21
43.0,F9_Glycolic_Acid,23
43.25,F9_Glycolic_Acid,18
43.5,F9_Glycolic_Acid,23
43.75,F9_Glycolic_Acid,22
44.0,F9_Glycolic_Acid,24
44.25,F9_Glycolic_Acid,22
44.5,F9_Glycolic_Acid,23
44.75,F9_Glycolic_Acid,21
45.0,F9_Glycolic_Acid,24
45.25,F9_Glycolic_Acid,27
45.5,F9_Glycolic_Acid,23
45.75,F9_Glycolic_Acid,28
46.0,F9_Glycolic_Acid,22
46.25,F9_Glycolic_Acid,24
46.5,F9_Glycolic_Acid,24
46.75,F9_Glycolic_Acid,25
47.0,F9_Glycolic_Acid,26
47.25,F9_Glycolic_Acid,28
47.5,F9_Glycolic_Acid,21
47.75,F9_Glycolic_Acid,26
48.0,F9_Glycolic_Acid,21
48.25,F9_Glycolic_Acid,22
0.0,F10_Glyoxylic_Acid,11
0.25,F10_Glyoxylic_Acid,11
0.5,F10_Glyoxylic_Acid,11
0.75,F10_Glyoxylic_Acid,14
1.0,F10_Glyoxylic_Acid,11
1.25,F10_Glyoxylic_Acid,13
1.5,F10_Glyoxylic_Acid,11
1.75,F10_Glyoxylic_Acid,11
2.0,F10_Glyoxylic_Acid,11
2.25,F10_Glyoxylic_Acid,11
2.5,F10_Glyoxylic_Acid,11
2.75,F10_Glyoxylic_Acid,15
3.0,F10_Glyoxylic_Acid,13
3.25,F10_Glyoxylic_Acid,11
3.5,F10_Glyoxylic_Acid,12
3.75,F10_Glyoxylic_Acid,14
4.0,F10_Glyoxylic_Acid,13
4.25,F10_Glyoxylic_Acid,14
4.5,F10_Glyoxylic_Acid,11
4.75,F10_Glyoxylic_Acid,14
5.0,F10_Glyoxylic_Acid,15
5.25,F10_Glyoxylic_Acid,16
5.5,F10_Glyoxylic_Acid,11
5.75,F10_Glyoxylic_Acid,11
6.0,F10_Glyoxylic_Acid,13
6.25,F10_Glyoxylic_Acid,17
6.5,F10_Glyoxylic_Acid,11
6.75,F10_Glyoxylic_Acid,11
7.0,F10_Glyoxylic_Acid,13
7.25,F10_Glyoxylic_Acid,11
7.5,F10_Glyoxylic_Acid,11
7.75,F10_Glyoxylic_Acid,11
8.0,F10_Glyoxylic_Acid,17
8.25,F10_Glyoxylic_Acid,13
8.5,F10_Glyoxylic_Acid,11
8.75,F10_Glyoxylic_Acid,15
9.0,F10_Glyoxylic_Acid,14
9.25,F10_Glyoxylic_Acid,13
9.5,F10_Glyoxylic_Acid,12
9.75,F10_Glyoxylic_Acid,12
10.0,F10_Glyoxylic_Acid,11
10.25,F10_Glyoxylic_Acid,19
10.5,F10_Glyoxylic_Acid,12
10.75,F10_Glyoxylic_Acid,19
11.0,F10_Glyoxylic_Acid,14
11.25,F10_Glyoxylic_Acid,18
11.5,F10_Glyoxylic_Acid,12
11.75,F10_Glyoxylic_Acid,11
12.0,F10_Glyoxylic_Acid,15
12.25,F10_Glyoxylic_Acid,14
12.5,F10_Glyoxylic_Acid,12
12.75,F10_Glyoxylic_Acid,12
13.0,F10_Glyoxylic_Acid,14
13.25,F10_Glyoxylic_Acid,17
13.5,F10_Glyoxylic_Acid,14
13.75,F10_Glyoxylic_Acid,15
14.0,F10_Glyoxylic_Acid,12
14.25,F10_Glyoxylic_Acid,18
14.5,F10_Glyoxylic_Acid,14
14.75,F10_Glyoxylic_Acid,17
15.0,F10_Glyoxylic_Acid,16
15.25,F10_Glyoxylic_Acid,15
15.5,F10_Glyoxylic_Acid,13
15.75,F10_Glyoxylic_Acid,16
16.0,F10_Glyoxylic_Acid,15
16.25,F10_Glyoxylic_Acid,14
16.5,F10_Glyoxylic_Acid,15
16.75,F10_Glyoxylic_Acid,11
17.0,F10_Glyoxylic_Acid,13
17.25,F10_Glyoxylic_Acid,16
17.5,F10_Glyoxylic_Acid,15
17.75,F10_Glyoxylic_Acid,11
18.0,F10_Glyoxylic_Acid,15
18.25,F10_Glyoxylic_Acid,15
18.5,F10_Glyoxylic_Acid,14
18.75,F10_Glyoxylic_Acid,12
19.0,F10_Glyoxylic_Acid,15
19.25,F10_Glyoxylic_Acid,14
19.5,F10_Glyoxylic_Acid,17
19.75,F10_Glyoxylic_Acid,12
20.0,F10_Glyoxylic_Acid,14
20.25,F10_Glyoxylic_Acid,11
20.5,F10_Glyoxylic_Acid,15
20.75,F10_Glyoxylic_Acid,14
21.0,F10_Glyoxylic_Acid,15
21.25,F10_Glyoxylic_Acid,13
21.5,F10_Glyoxylic_Acid,16
21.75,F10_Glyoxylic_Acid,14
22.0,F10_Glyoxylic_Acid,12
22.25,F10_Glyoxylic_Acid,14
22.5,F10_Glyoxylic_Acid,14
22.75,F10_Glyoxylic_Acid,14
23.0,F10_Glyoxylic_Acid,13
23.25,F10_Glyoxylic_Acid,13
23.5,F10_Glyoxylic_Acid,21
23.75,F10_Glyoxylic_Acid,15
24.0,F10_Glyoxylic_Acid,15
24.25,F10_Glyoxylic_Acid,15
24.5,F10_Glyoxylic_Acid,14
24.75,F10_Glyoxylic_Acid,16
25.0,F10_Glyoxylic_Acid,14
25.25,F10_Glyoxylic_Acid,13
25.5,F10_Glyoxylic_Acid,17
25.75,F10_Glyoxylic_Acid,15
26.0,F10_Glyoxylic_Acid,15
26.25,F10_Glyoxylic_Acid,17
26.5,F10_Glyoxylic_Acid,12
26.75,F10_Glyoxylic_Acid,15
27.0,F10_Glyoxylic_Acid,18
27.25,F10_Glyoxylic_Acid,11
27.5,F10_Glyoxylic_Acid,13
27.75,F10_Glyoxylic_Acid,16
28.0,F10_Glyoxylic_Acid,14
28.25,F10_Glyoxylic_Acid,20
28.5,F10_Glyoxylic_Acid,13
28.75,F10_Glyoxylic_Acid,17
29.0,F10_Glyoxylic_Acid,18
29.25,F10_Glyoxylic_Acid,17
29.5,F10_Glyoxylic_Acid,18
29.75,F10_Glyoxylic_Acid,20
30.0,F10_Glyoxylic_Acid,18
30.25,F10_Glyoxylic_Acid,17
30.5,F10_Glyoxylic_Acid,18
30.75,F10_Glyoxylic_Acid,14
31.0,F10_Glyoxylic_Acid,15
31.25,F10_Glyoxylic_Acid,18
31.5,F10_Glyoxylic_Acid,19
31.75,F10_Glyoxylic_Acid,18
32.0,F10_Glyoxylic_Acid,16
32.25,F10_Glyoxylic_Acid,18
32.5,F10_Glyoxylic_Acid,14
32.75,F10_Glyoxylic_Acid,15
33.0,F10_Glyoxylic_Acid,17
33.25,F10_Glyoxylic_Acid,22
33.5,F10_Glyoxylic_Acid,16
33.75,F10_Glyoxylic_Acid,16
34.0,F10_Glyoxylic_Acid,19
34.25,F10_Glyoxylic_Acid,15
34.5,F10_Glyoxylic_Acid,19
34.75,F10_Glyoxylic_Acid,17
35.0,F10_Glyoxylic_Acid,15
35.25,F10_Glyoxylic_Acid,17
35.5,F10_Glyoxylic_Acid,15
35.75,F10_Glyoxylic_Acid,19
36.0,F10_Glyoxylic_Acid,15
36.25,F10_Glyoxylic_Acid,19
36.5,F10_Glyoxylic_Acid,19
36.75,F10_Glyoxylic_Acid,16
37.0,F10_Glyoxylic_Acid,18
37.25,F10_Glyoxylic_Acid,18
37.5,F10_Glyoxylic_Acid,14
37.75,F10_Glyoxylic_Acid,18
38.0,F10_Glyoxylic_Acid,17
38.25,F10_Glyoxylic_Acid,16
38.5,F10_Glyoxylic_Acid,20
38.75,F10_Glyoxylic_Acid,19
39.0,F10_Glyoxylic_Acid,17
39.25,F10_Glyoxylic_Acid,19
39.5,F10_Glyoxylic_Acid,13
39.75,F10_Glyoxylic_Acid,16
40.0,F10_Glyoxylic_Acid,15
40.25,F10_Glyoxylic_Acid,18
40.5,F10_Glyoxylic_Acid,17
40.75,F10_Glyoxylic_Acid,21
41.0,F10_Glyoxylic_Acid,19
41.25,F10_Glyoxylic_Acid,19
41.5,F10_Glyoxylic_Acid,18
41.75,F10_Glyoxylic_Acid,16
42.0,F10_Glyoxylic_Acid,17
42.25,F10_Glyoxylic_Acid,19
42.5,F10_Glyoxylic_Acid,21
42.75,F10_Glyoxylic_Acid,17
43.0,F10_Glyoxylic_Acid,15
43.25,F10_Glyoxylic_Acid,15
43.5,F10_Glyoxylic_Acid,16
43.75,F10_Glyoxylic_Acid,15
44.0,F10_Glyoxylic_Acid,17
44.25,F10_Glyoxylic_Acid,19
44.5,F10_Glyoxylic_Acid,18
44.75,F10_Glyoxylic_Acid,15
45.0,F10_Glyoxylic_Acid,15
45.25,F10_Glyoxylic_Acid,20
45.5,F10_Glyoxylic_Acid,17
45.75,F10_Glyoxylic_Acid,21
46.0,F10_Glyoxylic_Acid,14
46.25,F10_Glyoxylic_Acid,16
46.5,F10_Glyoxylic_Acid,21
46.75,F10_Glyoxylic_Acid,18
47.0,F10_Glyoxylic_Acid,21
47.25,F10_Glyoxylic_Acid,18
47.5,F10_Glyoxylic_Acid,22
47.75,F10_Glyoxylic_Acid,19
48.0,F10_Glyoxylic_Acid,18
48.25,F10_Glyoxylic_Acid,17
0.0,F11_D-Cellobiose,18
0.25,F11_D-Cellobiose,15
0.5,F11_D-Cellobiose,19
0.75,F11_D-Cellobiose,18
1.0,F11_D-Cellobiose,14
1.25,F11_D-Cellobiose,19
1.5,F11_D-Cellobiose,19
1.75,F11_D-Cellobiose,14
2.0,F11_D-Cellobiose,16
2.25,F11_D-Cellobiose,18
2.5,F11_D-Cellobiose,16
2.75,F11_D-Cellobiose,18
3.0,F11_D-Cellobiose,16
3.25,F11_D-Cellobiose,14
3.5,F11_D-Cellobiose,16
3.75,F11_D-Cellobiose,19
4.0,F11_D-Cellobiose,16
4.25,F11_D-Cellobiose,18
4.5,F11_D-Cellobiose,15
4.75,F11_D-Cellobiose,15
5.0,F11_D-Cellobiose,19
5.25,F11_D-Cellobiose,17
5.5,F11_D-Cellobiose,12
5.75,F11_D-Cellobiose,15
6.0,F11_D-Cellobiose,18
6.25,F11_D-Cellobiose,12
6.5,F11_D-Cellobiose,15
6.75,F11_D-Cellobiose,20
7.0,F11_D-Cellobiose,16
7.25,F11_D-Cellobiose,20
7.5,F11_D-Cellobiose,17
7.75,F11_D-Cellobiose,15
8.0,F11_D-Cellobiose,19
8.25,F11_D-Cellobiose,18
8.5,F11_D-Cellobiose,20
8.75,F11_D-Cellobiose,16
9.0,F11_D-Cellobiose,16
9.25,F11_D-Cellobiose,24
9.5,F11_D-Cellobiose,18
9.75,F11_D-Cellobiose,15
10.0,F11_D-Cellobiose,15
10.25,F11_D-Cellobiose,14
10.5,F11_D-Cellobiose,14
10.75,F11_D-Cellobiose,19
11.0,F11_D-Cellobiose,17
11.25,F11_D-Cellobiose,17
11.5,F11_D-Cellobiose,18
11.75,F11_D-Cellobiose,18
12.0,F11_D-Cellobiose,18
12.25,F11_D-Cellobiose,19
12.5,F11_D-Cellobiose,17
12.75,F11_D-Cellobiose,19
13.0,F11_D-Cellobiose,17
13.25,F11_D-Cellobiose,22
13.5,F11_D-Cellobiose,19
13.75,F11_D-Cellobiose,17
14.0,F11_D-Cellobiose,14
14.25,F11_D-Cellobiose,19
14.5,F11_D-Cellobiose,18
14.75,F11_D-Cellobiose,21
15.0,F11_D-Cellobiose,16
15.25,F11_D-Cellobiose,15
15.5,F11_D-Cellobiose,14
15.75,F11_D-Cellobiose,21
16.0,F11_D-Cellobiose,22
16.25,F11_D-Cellobiose,17
16.5,F11_D-Cellobiose,17
16.75,F11_D-Cellobiose,16
17.0,F11_D-Cellobiose,19
17.25,F11_D-Cellobiose,17
17.5,F11_D-Cellobiose,18
17.75,F11_D-Cellobiose,16
18.0,F11_D-Cellobiose,17
18.25,F11_D-Cellobiose,17
18.5,F11_D-Cellobiose,22
18.75,F11_D-Cellobiose,20
19.0,F11_D-Cellobiose,18
19.25,F11_D-Cellobiose,18
19.5,F11_D-Cellobiose,16
19.75,F11_D-Cellobiose,18
20.0,F11_D-Cellobiose,17
20.25,F11_D-Cellobiose,17
20.5,F11_D-Cellobiose,20
20.75,F11_D-Cellobiose,18
21.0,F11_D-Cellobiose,21
21.25,F11_D-Cellobiose,18
21.5,F11_D-Cellobiose,20
21.75,F11_D-Cellobiose,20
22.0,F11_D-Cellobiose,18
22.25,F11_D-Cellobiose,21
22.5,F11_D-Cellobiose,21
22.75,F11_D-Cellobiose,23
23.0,F11_D-Cellobiose,17
23.25,F11_D-Cellobiose,15
23.5,F11_D-Cellobiose,18
23.75,F11_D-Cellobiose,18
24.0,F11_D-Cellobiose,17
24.25,F11_D-Cellobiose,17
24.5,F11_D-Cellobiose,19
24.75,F11_D-Cellobiose,16
25.0,F11_D-Cellobiose,23
25.25,F11_D-Cellobiose,20
25.5,F11_D-Cellobiose,23
25.75,F11_D-Cellobiose,19
26.0,F11_D-Cellobiose,19
26.25,F11_D-Cellobiose,18
26.5,F11_D-Cellobiose,18
26.75,F11_D-Cellobiose,24
27.0,F11_D-Cellobiose,22
27.25,F11_D-Cellobiose,23
27.5,F11_D-Cellobiose,21
27.75,F11_D-Cellobiose,17
28.0,F11_D-Cellobiose,18
28.25,F11_D-Cellobiose,19
28.5,F11_D-Cellobiose,18
28.75,F11_D-Cellobiose,22
29.0,F11_D-Cellobiose,22
29.25,F11_D-Cellobiose,22
29.5,F11_D-Cellobiose,19
29.75,F11_D-Cellobiose,25
30.0,F11_D-Cellobiose,20
30.25,F11_D-Cellobiose,20
30.5,F11_D-Cellobiose,19
30.75,F11_D-Cellobiose,23
31.0,F11_D-Cellobiose,21
31.25,F11_D-Cellobiose,22
31.5,F11_D-Cellobiose,21
31.75,F11_D-Cellobiose,19
32.0,F11_D-Cellobiose,25
32.25,F11_D-Cellobiose,25
32.5,F11_D-Cellobiose,26
32.75,F11_D-Cellobiose,16
33.0,F11_D-Cellobiose,20
33.25,F11_D-Cellobiose,21
33.5,F11_D-Cellobiose,18
33.75,F11_D-Cellobiose,25
34.0,F11_D-Cellobiose,20
34.25,F11_D-Cellobiose,25
34.5,F11_D-Cellobiose,24
34.75,F11_D-Cellobiose,21
35.0,F11_D-Cellobiose,15
35.25,F11_D-Cellobiose,23
35.5,F11_D-Cellobiose,20
35.75,F11_D-Cellobiose,18
36.0,F11_D-Cellobiose,23
36.25,F11_D-Cellobiose,22
36.5,F11_D-Cellobiose,18
36.75,F11_D-Cellobiose,20
37.0,F11_D-Cellobiose,25
37.25,F11_D-Cellobiose,21
37.5,F11_D-Cellobiose,21
37.75,F11_D-Cellobiose,24
38.0,F11_D-Cellobiose,24
38.25,F11_D-Cellobiose,17
38.5,F11_D-Cellobiose,22
38.75,F11_D-Cellobiose,16
39.0,F11_D-Cellobiose,21
39.25,F11_D-Cellobiose,25
39.5,F11_D-Cellobiose,18
39.75,F11_D-Cellobiose,19
40.0,F11_D-Cellobiose,20
40.25,F11_D-Cellobiose,24
40.5,F11_D-Cellobiose,19
40.75,F11_D-Cellobiose,23
41.0,F11_D-Cellobiose,22
41.25,F11_D-Cellobiose,20
41.5,F11_D-Cellobiose,21
41.75,F11_D-Cellobiose,20
42.0,F11_D-Cellobiose,26
42.25,F11_D-Cellobiose,20
42.5,F11_D-Cellobiose,24
42.75,F11_D-Cellobiose,23
43.0,F11_D-Cellobiose,21
43.25,F11_D-Cellobiose,23
43.5,F11_D-Cellobiose,25
43.75,F11_D-Cellobiose,26
44.0,F11_D-Cellobiose,20
44.25,F11_D-Cellobiose,24
44.5,F11_D-Cellobiose,22
44.75,F11_D-Cellobiose,22
45.0,F11_D-Cellobiose,24
45.25,F11_D-Cellobiose,20
45.5,F11_D-Cellobiose,22
45.75,F11_D-Cellobiose,27
46.0,F11_D-Cellobiose,22
46.25,F11_D-Cellobiose,22
46.5,F11_D-Cellobiose,28
46.75,F11_D-Cellobiose,26
47.0,F11_D-Cellobiose,24
47.25,F11_D-Cellobiose,20
47.5,F11_D-Cellobiose,17
47.75,F11_D-Cellobiose,24
48.0,F11_D-Cellobiose,24
48.25,F11_D-Cellobiose,24
0.0,F12_Inosine,17
0.25,F12_Inosine,14
0.5,F12_Inosine,19
0.75,F12_Inosine,16
1.0,F12_Inosine,20
1.25,F12_Inosine,19
1.5,F12_Inosine,18
1.75,F12_Inosine,18
2.0,F12_Inosine,21
2.25,F12_Inosine,19
2.5,F12_Inosine,14
2.75,F12_Inosine,15
3.0,F12_Inosine,20
3.25,F12_Inosine,20
3.5,F12_Inosine,17
3.75,F12_Inosine,21
4.0,F12_Inosine,16
4.25,F12_Inosine,19
4.5,F12_Inosine,22
4.75,F12_Inosine,16
5.0,F12_Inosine,20
5.25,F12_Inosine,18
5.5,F12_Inosine,15
5.75,F12_Inosine,16
6.0,F12_Inosine,16
6.25,F12_Inosine,21
6.5,F12_Inosine,20
6.75,F12_Inosine,20
7.0,F12_Inosine,18
7.25,F12_Inosine,21
7.5,F12_Inosine,22
7.75,F12_Inosine,18
8.0,F12_Inosine,18
8.25,F12_Inosine,21
8.5,F12_Inosine,18
8.75,F12_Inosine,19
9.0,F12_Inosine,15
9.25,F12_Inosine,24
9.5,F12_Inosine,17
9.75,F12_Inosine,20
10.0,F12_Inosine,19
10.25,F12_Inosine,21
10.5,F12_Inosine,22
10.75,F12_Inosine,23
11.0,F12_Inosine,22
11.25,F12_Inosine,21
11.5,F12_Inosine,22
11.75,F12_Inosine,18
12.0,F12_Inosine,18
12.25,F12_Inosine,19
12.5,F12_Inosine,21
12.75,F12_Inosine,23
13.0,F12_Inosine,22
13.25,F12_Inosine,21
13.5,F12_Inosine,21
13.75,F12_Inosine,20
14.0,F12_Inosine,18
14.25,F12_Inosine,21
14.5,F12_Inosine,21
14.75,F12_Inosine,25
15.0,F12_Inosine,24
15.25,F12_Inosine,23
15.5,F12_Inosine,21
15.75,F12_Inosine,23
16.0,F12_Inosine,23
16.25,F12_Inosine,23
16.5,F12_Inosine,18
16.75,F12_Inosine,20
17.0,F12_Inosine,27
17.25,F12_Inosine,27
17.5,F12_Inosine,24
17.75,F12_Inosine,26
18.0,F12_Inosine,24
18.25,F12_Inosine,24
18.5,F12_Inosine,25
18.75,F12_Inosine,27
19.0,F12_Inosine,30
19.25,F12_Inosine,32
19.5,F12_Inosine,28
19.75,F12_Inosine,31
20.0,F12_Inosine,31
20.25,F12_Inosine,30
20.5,F12_Inosine,31
20.75,F12_Inosine,31
21.0,F12_Inosine,28
21.25,F12_Inosine,30
21.5,F12_Inosine,35
21.75,F12_Inosine,29
22.0,F12_Inosine,29
22.25,F12_Inosine,30
22.5,F12_Inosine,28
22.75,F12_Inosine,26
23.0,F12_Inosine,31
23.25,F12_Inosine,34
23.5,F12_Inosine,31
23.75,F12_Inosine,27
24.0,F12_Inosine,33
24.25,F12_Inosine,38
24.5,F12_Inosine,27
24.75,F12_Inosine,36
25.0,F12_Inosine,35
25.25,F12_Inosine,32
25.5,F12_Inosine,32
25.75,F12_Inosine,35
26.0,F12_Inosine,30
26.25,F12_Inosine,33
26.5,F12_Inosine,32
26.75,F12_Inosine,34
27.0,F12_Inosine,31
27.25,F12_Inosine,33
27.5,F12_Inosine,36
27.75,F12_Inosine,33
28.0,F12_Inosine,29
28.25,F12_Inosine,36
28.5,F12_Inosine,42
28.75,F12_Inosine,33
29.0,F12_Inosine,33
29.25,F12_Inosine,33
29.5,F12_Inosine,33
29.75,F12_Inosine,31
30.0,F12_Inosine,34
30.25,F12_Inosine,32
30.5,F12_Inosine,37
30.75,F12_Inosine,35
31.0,F12_Inosine,35
31.25,F12_Inosine,33
31.5,F12_Inosine,33
31.75,F12_Inosine,35
32.0,F12_Inosine,33
32.25,F12_Inosine,32
32.5,F12_Inosine,33
32.75,F12_Inosine,35
33.0,F12_Inosine,38
33.25,F12_Inosine,31
33.5,F12_Inosine,35
33.75,F12_Inosine,33
34.0,F12_Inosine,28
34.25,F12_Inosine,32
34.5,F12_Inosine,40
34.75,F12_Inosine,37
35.0,F12_Inosine,37
35.25,F12_Inosine,33
35.5,F12_Inosine,37
35.75,F12_Inosine,34
36.0,F12_Inosine,38
36.25,F12_Inosine,34
36.5,F12_Inosine,34
36.75,F12_Inosine,40
37.0,F12_Inosine,36
37.25,F12_Inosine,35
37.5,F12_Inosine,39
37.75,F12_Inosine,36
38.0,F12_Inosine,38
38.25,F12_Inosine,36
38.5,F12_Inosine,37
38.75,F12_Inosine,37
39.0,F12_Inosine,37
39.25,F12_Inosine,35
39.5,F12_Inosine,34
39.75,F12_Inosine,36
40.0,F12_Inosine,41
40.25,F12_Inosine,36
40.5,F12_Inosine,34
40.75,F12_Inosine,32
41.0,F12_Inosine,35
41.25,F12_Inosine,36
41.5,F12_Inosine,38
41.75,F12_Inosine,38
42.0,F12_Inosine,39
42.25,F12_Inosine,34
42.5,F12_Inosine,39
42.75,F12_Inosine,38
43.0,F12_Inosine,35
43.25,F12_Inosine,40
43.5,F12_Inosine,38
43.75,F12_Inosine,38
44.0,F12_Inosine,34
44.25,F12_Inosine,35
44.5,F12_Inosine,37
44.75,F12_Inosine,37
45.0,F12_Inosine,38
45.25,F12_Inosine,42
45.5,F12_Inosine,42
45.75,F12_Inosine,37
46.0,F12_Inosine,40
46.25,F12_Inosine,36
46.5,F12_Inosine,42
46.75,F12_Inosine,39
47.0,F12_Inosine,42
47.25,F12_Inosine,36
47.5,F12_Inosine,40
47.75,F12_Inosine,40
48.0,F12_Inosine,38
48.25,F12_Inosine,41
0.0,G1_Glycyl-L-Glutamic_Acid,23
0.25,G1_Glycyl-L-Glutamic_Acid,15
0.5,G1_Glycyl-L-Glutamic_Acid,24
0.75,G1_Glycyl-L-Glutamic_Acid,21
1.0,G1_Glycyl-L-Glutamic_Acid,24
1.25,G1_Glycyl-L-Glutamic_Acid,20
1.5,G1_Glycyl-L-Glutamic_Acid,22
1.75,G1_Glycyl-L-Glutamic_Acid,17
2.0,G1_Glycyl-L-Glutamic_Acid,20
2.25,G1_Glycyl-L-Glutamic_Acid,22
2.5,G1_Glycyl-L-Glutamic_Acid,20
2.75,G1_Glycyl-L-Glutamic_Acid,22
3.0,G1_Glycyl-L-Glutamic_Acid,20
3.25,G1_Glycyl-L-Glutamic_Acid,20
3.5,G1_Glycyl-L-Glutamic_Acid,22
3.75,G1_Glycyl-L-Glutamic_Acid,20
4.0,G1_Glycyl-L-Glutamic_Acid,18
4.25,G1_Glycyl-L-Glutamic_Acid,20
4.5,G1_Glycyl-L-Glutamic_Acid,18
4.75,G1_Glycyl-L-Glutamic_Acid,20
5.0,G1_Glycyl-L-Glutamic_Acid,24
5.25,G1_Glycyl-L-Glutamic_Acid,19
5.5,G1_Glycyl-L-Glutamic_Acid,20
5.75,G1_Glycyl-L-Glutamic_Acid,19
6.0,G1_Glycyl-L-Glutamic_Acid,21
6.25,G1_Glycyl-L-Glutamic_Acid,20
6.5,G1_Glycyl-L-Glutamic_Acid,20
6.75,G1_Glycyl-L-Glutamic_Acid,19
7.0,G1_Glycyl-L-Glutamic_Acid,19
7.25,G1_Glycyl-L-Glutamic_Acid,18
7.5,G1_Glycyl-L-Glutamic_Acid,21
7.75,G1_Glycyl-L-Glutamic_Acid,18
8.0,G1_Glycyl-L-Glutamic_Acid,24
8.25,G1_Glycyl-L-Glutamic_Acid,23
8.5,G1_Glycyl-L-Glutamic_Acid,22
8.75,G1_Glycyl-L-Glutamic_Acid,22
9.0,G1_Glycyl-L-Glutamic_Acid,13
9.25,G1_Glycyl-L-Glutamic_Acid,22
9.5,G1_Glycyl-L-Glutamic_Acid,22
9.75,G1_Glycyl-L-Glutamic_Acid,21
10.0,G1_Glycyl-L-Glutamic_Acid,17
10.25,G1_Glycyl-L-Glutamic_Acid,20
10.5,G1_Glycyl-L-Glutamic_Acid,26
10.75,G1_Glycyl-L-Glutamic_Acid,22
11.0,G1_Glycyl-L-Glutamic_Acid,21
11.25,G1_Glycyl-L-Glutamic_Acid,21
11.5,G1_Glycyl-L-Glutamic_Acid,22
11.75,G1_Glycyl-L-Glutamic_Acid,18
12.0,G1_Glycyl-L-Glutamic_Acid,19
12.25,G1_Glycyl-L-Glutamic_Acid,22
12.5,G1_Glycyl-L-Glutamic_Acid,21
12.75,G1_Glycyl-L-Glutamic_Acid,24
13.0,G1_Glycyl-L-Glutamic_Acid,22
13.25,G1_Glycyl-L-Glutamic_Acid,22
13.5,G1_Glycyl-L-Glutamic_Acid,24
13.75,G1_Glycyl-L-Glutamic_Acid,23
14.0,G1_Glycyl-L-Glutamic_Acid,25
14.25,G1_Glycyl-L-Glutamic_Acid,25
14.5,G1_Glycyl-L-Glutamic_Acid,25
14.75,G1_Glycyl-L-Glutamic_Acid,25
15.0,G1_Glycyl-L-Glutamic_Acid,22
15.25,G1_Glycyl-L-Glutamic_Acid,15
15.5,G1_Glycyl-L-Glutamic_Acid,21
15.75,G1_Glycyl-L-Glutamic_Acid,22
16.0,G1_Glycyl-L-Glutamic_Acid,20
16.25,G1_Glycyl-L-Glutamic_Acid,22
16.5,G1_Glycyl-L-Glutamic_Acid,19
16.75,G1_Glycyl-L-Glutamic_Acid,22
17.0,G1_Glycyl-L-Glutamic_Acid,22
17.25,G1_Glycyl-L-Glutamic_Acid,18
17.5,G1_Glycyl-L-Glutamic_Acid,22
17.75,G1_Glycyl-L-Glutamic_Acid,21
18.0,G1_Glycyl-L-Glutamic_Acid,23
18.25,G1_Glycyl-L-Glutamic_Acid,22
18.5,G1_Glycyl-L-Glutamic_Acid,24
18.75,G1_Glycyl-L-Glutamic_Acid,23
19.0,G1_Glycyl-L-Glutamic_Acid,22
19.25,G1_Glycyl-L-Glutamic_Acid,22
19.5,G1_Glycyl-L-Glutamic_Acid,19
19.75,G1_Glycyl-L-Glutamic_Acid,25
20.0,G1_Glycyl-L-Glutamic_Acid,24
20.25,G1_Glycyl-L-Glutamic_Acid,23
20.5,G1_Glycyl-L-Glutamic_Acid,24
20.75,G1_Glycyl-L-Glutamic_Acid,24
21.0,G1_Glycyl-L-Glutamic_Acid,25
21.25,G1_Glycyl-L-Glutamic_Acid,24
21.5,G1_Glycyl-L-Glutamic_Acid,21
21.75,G1_Glycyl-L-Glutamic_Acid,23
22.0,G1_Glycyl-L-Glutamic_Acid,20
22.25,G1_Glycyl-L-Glutamic_Acid,23
22.5,G1_Glycyl-L-Glutamic_Acid,20
22.75,G1_Glycyl-L-Glutamic_Acid,24
23.0,G1_Glycyl-L-Glutamic_Acid,22
23.25,G1_Glycyl-L-Glutamic_Acid,23
23.5,G1_Glycyl-L-Glutamic_Acid,23
23.75,G1_Glycyl-L-Glutamic_Acid,20
24.0,G1_Glycyl-L-Glutamic_Acid,21
24.25,G1_Glycyl-L-Glutamic_Acid,22
24.5,G1_Glycyl-L-Glutamic_Acid,21
24.75,G1_Glycyl-L-Glutamic_Acid,18
25.0,G1_Glycyl-L-Glutamic_Acid,24
25.25,G1_Glycyl-L-Glutamic_Acid,22
25.5,G1_Glycyl-L-Glutamic_Acid,23
25.75,G1_Glycyl-L-Glutamic_Acid,24
26.0,G1_Glycyl-L-Glutamic_Acid,23
26.25,G1_Glycyl-L-Glutamic_Acid,21
26.5,G1_Glycyl-L-Glutamic_Acid,23
26.75,G1_Glycyl-L-Glutamic_Acid,19
27.0,G1_Glycyl-L-Glutamic_Acid,25
27.25,G1_Glycyl-L-Glutamic_Acid,23
27.5,G1_Glycyl-L-Glutamic_Acid,25
27.75,G1_Glycyl-L-Glutamic_Acid,25
28.0,G1_Glycyl-L-Glutamic_Acid,20
28.25,G1_Glycyl-L-Glutamic_Acid,24
28.5,G1_Glycyl-L-Glutamic_Acid,22
28.75,G1_Glycyl-L-Glutamic_Acid,22
29.0,G1_Glycyl-L-Glutamic_Acid,19
29.25,G1_Glycyl-L-Glutamic_Acid,19
29.5,G1_Glycyl-L-Glutamic_Acid,20
29.75,G1_Glycyl-L-Glutamic_Acid,22
30.0,G1_Glycyl-L-Glutamic_Acid,24
30.25,G1_Glycyl-L-Glutamic_Acid,23
30.5,G1_Glycyl-L-Glutamic_Acid,22
30.75,G1_Glycyl-L-Glutamic_Acid,21
31.0,G1_Glycyl-L-Glutamic_Acid,22
31.25,G1_Glycyl-L-Glutamic_Acid,24
31.5,G1_Glycyl-L-Glutamic_Acid,23
31.75,G1_Glycyl-L-Glutamic_Acid,19
32.0,G1_Glycyl-L-Glutamic_Acid,25
32.25,G1_Glycyl-L-Glutamic_Acid,23
32.5,G1_Glycyl-L-Glutamic_Acid,25
32.75,G1_Glycyl-L-Glutamic_Acid,25
33.0,G1_Glycyl-L-Glutamic_Acid,25
33.25,G1_Glycyl-L-Glutamic_Acid,20
33.5,G1_Glycyl-L-Glutamic_Acid,23
33.75,G1_Glycyl-L-Glutamic_Acid,24
34.0,G1_Glycyl-L-Glutamic_Acid,26
34.25,G1_Glycyl-L-Glutamic_Acid,23
34.5,G1_Glycyl-L-Glutamic_Acid,24
34.75,G1_Glycyl-L-Glutamic_Acid,22
35.0,G1_Glycyl-L-Glutamic_Acid,23
35.25,G1_Glycyl-L-Glutamic_Acid,22
35.5,G1_Glycyl-L-Glutamic_Acid,23
35.75,G1_Glycyl-L-Glutamic_Acid,25
36.0,G1_Glycyl-L-Glutamic_Acid,20
36.25,G1_Glycyl-L-Glutamic_Acid,23
36.5,G1_Glycyl-L-Glutamic_Acid,27
36.75,G1_Glycyl-L-Glutamic_Acid,24
37.0,G1_Glycyl-L-Glutamic_Acid,21
37.25,G1_Glycyl-L-Glutamic_Acid,23
37.5,G1_Glycyl-L-Glutamic_Acid,23
37.75,G1_Glycyl-L-Glutamic_Acid,28
38.0,G1_Glycyl-L-Glutamic_Acid,23
38.25,G1_Glycyl-L-Glutamic_Acid,29
38.5,G1_Glycyl-L-Glutamic_Acid,22
38.75,G1_Glycyl-L-Glutamic_Acid,27
39.0,G1_Glycyl-L-Glutamic_Acid,26
39.25,G1_Glycyl-L-Glutamic_Acid,22
39.5,G1_Glycyl-L-Glutamic_Acid,25
39.75,G1_Glycyl-L-Glutamic_Acid,24
40.0,G1_Glycyl-L-Glutamic_Acid,29
40.25,G1_Glycyl-L-Glutamic_Acid,27
40.5,G1_Glycyl-L-Glutamic_Acid,24
40.75,G1_Glycyl-L-Glutamic_Acid,26
41.0,G1_Glycyl-L-Glutamic_Acid,24
41.25,G1_Glycyl-L-Glutamic_Acid,29
41.5,G1_Glycyl-L-Glutamic_Acid,27
41.75,G1_Glycyl-L-Glutamic_Acid,26
42.0,G1_Glycyl-L-Glutamic_Acid,29
42.25,G1_Glycyl-L-Glutamic_Acid,30
42.5,G1_Glycyl-L-Glutamic_Acid,25
42.75,G1_Glycyl-L-Glutamic_Acid,26
43.0,G1_Glycyl-L-Glutamic_Acid,27
43.25,G1_Glycyl-L-Glutamic_Acid,26
43.5,G1_Glycyl-L-Glutamic_Acid,24
43.75,G1_Glycyl-L-Glutamic_Acid,26
44.0,G1_Glycyl-L-Glutamic_Acid,27
44.25,G1_Glycyl-L-Glutamic_Acid,30
44.5,G1_Glycyl-L-Glutamic_Acid,27
44.75,G1_Glycyl-L-Glutamic_Acid,30
45.0,G1_Glycyl-L-Glutamic_Acid,26
45.25,G1_Glycyl-L-Glutamic_Acid,26
45.5,G1_Glycyl-L-Glutamic_Acid,26
45.75,G1_Glycyl-L-Glutamic_Acid,32
46.0,G1_Glycyl-L-Glutamic_Acid,26
46.25,G1_Glycyl-L-Glutamic_Acid,34
46.5,G1_Glycyl-L-Glutamic_Acid,27
46.75,G1_Glycyl-L-Glutamic_Acid,32
47.0,G1_Glycyl-L-Glutamic_Acid,29
47.25,G1_Glycyl-L-Glutamic_Acid,26
47.5,G1_Glycyl-L-Glutamic_Acid,30
47.75,G1_Glycyl-L-Glutamic_Acid,35
48.0,G1_Glycyl-L-Glutamic_Acid,29
48.25,G1_Glycyl-L-Glutamic_Acid,32
0.0,G2_Tricarballylic_Acid,15
0.25,G2_Tricarballylic_Acid,11
0.5,G2_Tricarballylic_Acid,12
0.75,G2_Tricarballylic_Acid,20
1.0,G2_Tricarballylic_Acid,12
1.25,G2_Tricarballylic_Acid,17
1.5,G2_Tricarballylic_Acid,19
1.75,G2_Tricarballylic_Acid,14
2.0,G2_Tricarballylic_Acid,19
2.25,G2_Tricarballylic_Acid,11
2.5,G2_Tricarballylic_Acid,18
2.75,G2_Tricarballylic_Acid,20
3.0,G2_Tricarballylic_Acid,17
3.25,G2_Tricarballylic_Acid,15
3.5,G2_Tricarballylic_Acid,16
3.75,G2_Tricarballylic_Acid,15
4.0,G2_Tricarballylic_Acid,16
4.25,G2_Tricarballylic_Acid,15
4.5,G2_Tricarballylic_Acid,12
4.75,G2_Tricarballylic_Acid,16
5.0,G2_Tricarballylic_Acid,15
5.25,G2_Tricarballylic_Acid,17
5.5,G2_Tricarballylic_Acid,16
5.75,G2_Tricarballylic_Acid,19
6.0,G2_Tricarballylic_Acid,13
6.25,G2_Tricarballylic_Acid,17
6.5,G2_Tricarballylic_Acid,13
6.75,G2_Tricarballylic_Acid,15
7.0,G2_Tricarballylic_Acid,19
7.25,G2_Tricarballylic_Acid,19
7.5,G2_Tricarballylic_Acid,16
7.75,G2_Tricarballylic_Acid,15
8.0,G2_Tricarballylic_Acid,20
8.25,G2_Tricarballylic_Acid,18
8.5,G2_Tricarballylic_Acid,14
8.75,G2_Tricarballylic_Acid,19
9.0,G2_Tricarballylic_Acid,17
9.25,G2_Tricarballylic_Acid,17
9.5,G2_Tricarballylic_Acid,16
9.75,G2_Tricarballylic_Acid,13
10.0,G2_Tricarballylic_Acid,16
10.25,G2_Tricarballylic_Acid,16
10.5,G2_Tricarballylic_Acid,18
10.75,G2_Tricarballylic_Acid,15
11.0,G2_Tricarballylic_Acid,21
11.25,G2_Tricarballylic_Acid,16
11.5,G2_Tricarballylic_Acid,18
11.75,G2_Tricarballylic_Acid,14
12.0,G2_Tricarballylic_Acid,20
12.25,G2_Tricarballylic_Acid,17
12.5,G2_Tricarballylic_Acid,22
12.75,G2_Tricarballylic_Acid,20
13.0,G2_Tricarballylic_Acid,18
13.25,G2_Tricarballylic_Acid,17
13.5,G2_Tricarballylic_Acid,21
13.75,G2_Tricarballylic_Acid,21
14.0,G2_Tricarballylic_Acid,19
14.25,G2_Tricarballylic_Acid,16
14.5,G2_Tricarballylic_Acid,17
14.75,G2_Tricarballylic_Acid,20
15.0,G2_Tricarballylic_Acid,20
15.25,G2_Tricarballylic_Acid,19
15.5,G2_Tricarballylic_Acid,16
15.75,G2_Tricarballylic_Acid,16
16.0,G2_Tricarballylic_Acid,18
16.25,G2_Tricarballylic_Acid,21
16.5,G2_Tricarballylic_Acid,16
16.75,G2_Tricarballylic_Acid,17
17.0,G2_Tricarballylic_Acid,18
17.25,G2_Tricarballylic_Acid,17
17.5,G2_Tricarballylic_Acid,14
17.75,G2_Tricarballylic_Acid,17
18.0,G2_Tricarballylic_Acid,18
18.25,G2_Tricarballylic_Acid,19
18.5,G2_Tricarballylic_Acid,17
18.75,G2_Tricarballylic_Acid,15
19.0,G2_Tricarballylic_Acid,17
19.25,G2_Tricarballylic_Acid,17
19.5,G2_Tricarballylic_Acid,17
19.75,G2_Tricarballylic_Acid,18
20.0,G2_Tricarballylic_Acid,23
20.25,G2_Tricarballylic_Acid,19
20.5,G2_Tricarballylic_Acid,16
20.75,G2_Tricarballylic_Acid,17
21.0,G2_Tricarballylic_Acid,24
21.25,G2_Tricarballylic_Acid,19
21.5,G2_Tricarballylic_Acid,20
21.75,G2_Tricarballylic_Acid,15
22.0,G2_Tricarballylic_Acid,20
22.25,G2_Tricarballylic_Acid,19
22.5,G2_Tricarballylic_Acid,18
22.75,G2_Tricarballylic_Acid,17
23.0,G2_Tricarballylic_Acid,20
23.25,G2_Tricarballylic_Acid,19
23.5,G2_Tricarballylic_Acid,28
23.75,G2_Tricarballylic_Acid,18
24.0,G2_Tricarballylic_Acid,18
24.25,G2_Tricarballylic_Acid,16
24.5,G2_Tricarballylic_Acid,19
24.75,G2_Tricarballylic_Acid,20
25.0,G2_Tricarballylic_Acid,21
25.25,G2_Tricarballylic_Acid,22
25.5,G2_Tricarballylic_Acid,20
25.75,G2_Tricarballylic_Acid,18
26.0,G2_Tricarballylic_Acid,17
26.25,G2_Tricarballylic_Acid,19
26.5,G2_Tricarballylic_Acid,18
26.75,G2_Tricarballylic_Acid,19
27.0,G2_Tricarballylic_Acid,26
27.25,G2_Tricarballylic_Acid,18
27.5,G2_Tricarballylic_Acid,17
27.75,G2_Tricarballylic_Acid,20
28.0,G2_Tricarballylic_Acid,21
28.25,G2_Tricarballylic_Acid,22
28.5,G2_Tricarballylic_Acid,19
28.75,G2_Tricarballylic_Acid,20
29.0,G2_Tricarballylic_Acid,19
29.25,G2_Tricarballylic_Acid,18
29.5,G2_Tricarballylic_Acid,21
29.75,G2_Tricarballylic_Acid,23
30.0,G2_Tricarballylic_Acid,20
30.25,G2_Tricarballylic_Acid,22
30.5,G2_Tricarballylic_Acid,19
30.75,G2_Tricarballylic_Acid,19
31.0,G2_Tricarballylic_Acid,22
31.25,G2_Tricarballylic_Acid,21
31.5,G2_Tricarballylic_Acid,21
31.75,G2_Tricarballylic_Acid,23
32.0,G2_Tricarballylic_Acid,23
32.25,G2_Tricarballylic_Acid,20
32.5,G2_Tricarballylic_Acid,23
32.75,G2_Tricarballylic_Acid,18
33.0,G2_Tricarballylic_Acid,18
33.25,G2_Tricarballylic_Acid,20
33.5,G2_Tricarballylic_Acid,19
33.75,G2_Tricarballylic_Acid,19
34.0,G2_Tricarballylic_Acid,23
34.25,G2_Tricarballylic_Acid,26
34.5,G2_Tricarballylic_Acid,21
34.75,G2_Tricarballylic_Acid,21
35.0,G2_Tricarballylic_Acid,22
35.25,G2_Tricarballylic_Acid,24
35.5,G2_Tricarballylic_Acid,23
35.75,G2_Tricarballylic_Acid,26
36.0,G2_Tricarballylic_Acid,25
36.25,G2_Tricarballylic_Acid,20
36.5,G2_Tricarballylic_Acid,23
36.75,G2_Tricarballylic_Acid,23
37.0,G2_Tricarballylic_Acid,25
37.25,G2_Tricarballylic_Acid,24
37.5,G2_Tricarballylic_Acid,25
37.75,G2_Tricarballylic_Acid,26
38.0,G2_Tricarballylic_Acid,26
38.25,G2_Tricarballylic_Acid,23
38.5,G2_Tricarballylic_Acid,23
38.75,G2_Tricarballylic_Acid,27
39.0,G2_Tricarballylic_Acid,24
39.25,G2_Tricarballylic_Acid,26
39.5,G2_Tricarballylic_Acid,24
39.75,G2_Tricarballylic_Acid,25
40.0,G2_Tricarballylic_Acid,24
40.25,G2_Tricarballylic_Acid,23
40.5,G2_Tricarballylic_Acid,21
40.75,G2_Tricarballylic_Acid,24
41.0,G2_Tricarballylic_Acid,24
41.25,G2_Tricarballylic_Acid,25
41.5,G2_Tricarballylic_Acid,25
41.75,G2_Tricarballylic_Acid,25
42.0,G2_Tricarballylic_Acid,24
42.25,G2_Tricarballylic_Acid,26
42.5,G2_Tricarballylic_Acid,23
42.75,G2_Tricarballylic_Acid,27
43.0,G2_Tricarballylic_Acid,24
43.25,G2_Tricarballylic_Acid,24
43.5,G2_Tricarballylic_Acid,26
43.75,G2_Tricarballylic_Acid,24
44.0,G2_Tricarballylic_Acid,24
44.25,G2_Tricarballylic_Acid,26
44.5,G2_Tricarballylic_Acid,24
44.75,G2_Tricarballylic_Acid,23
45.0,G2_Tricarballylic_Acid,22
45.25,G2_Tricarballylic_Acid,25
45.5,G2_Tricarballylic_Acid,19
45.75,G2_Tricarballylic_Acid,22
46.0,G2_Tricarballylic_Acid,27
46.25,G2_Tricarballylic_Acid,25
46.5,G2_Tricarballylic_Acid,23
46.75,G2_Tricarballylic_Acid,27
47.0,G2_Tricarballylic_Acid,26
47.25,G2_Tricarballylic_Acid,24
47.5,G2_Tricarballylic_Acid,25
47.75,G2_Tricarballylic_Acid,25
48.0,G2_Tricarballylic_Acid,27
48.25,G2_Tricarballylic_Acid,30
0.0,G3_L-Serine,11
0.25,G3_L-Serine,11
0.5,G3_L-Serine,11
0.75,G3_L-Serine,16
1.0,G3_L-Serine,11
1.25,G3_L-Serine,15
1.5,G3_L-Serine,12
1.75,G3_L-Serine,11
2.0,G3_L-Serine,11
2.25,G3_L-Serine,11
2.5,G3_L-Serine,13
2.75,G3_L-Serine,13
3.0,G3_L-Serine,11
3.25,G3_L-Serine,11
3.5,G3_L-Serine,12
3.75,G3_L-Serine,14
4.0,G3_L-Serine,11
4.25,G3_L-Serine,11
4.5,G3_L-Serine,11
4.75,G3_L-Serine,14
5.0,G3_L-Serine,15
5.25,G3_L-Serine,13
5.5,G3_L-Serine,11
5.75,G3_L-Serine,12
6.0,G3_L-Serine,11
6.25,G3_L-Serine,11
6.5,G3_L-Serine,11
6.75,G3_L-Serine,11
7.0,G3_L-Serine,14
7.25,G3_L-Serine,13
7.5,G3_L-Serine,13
7.75,G3_L-Serine,11
8.0,G3_L-Serine,15
8.25,G3_L-Serine,11
8.5,G3_L-Serine,11
8.75,G3_L-Serine,11
9.0,G3_L-Serine,13
9.25,G3_L-Serine,11
9.5,G3_L-Serine,11
9.75,G3_L-Serine,11
10.0,G3_L-Serine,14
10.25,G3_L-Serine,11
10.5,G3_L-Serine,12
10.75,G3_L-Serine,15
11.0,G3_L-Serine,15
11.25,G3_L-Serine,12
11.5,G3_L-Serine,11
11.75,G3_L-Serine,11
12.0,G3_L-Serine,15
12.25,G3_L-Serine,12
12.5,G3_L-Serine,11
12.75,G3_L-Serine,12
13.0,G3_L-Serine,15
13.25,G3_L-Serine,13
13.5,G3_L-Serine,12
13.75,G3_L-Serine,14
14.0,G3_L-Serine,11
14.25,G3_L-Serine,14
14.5,G3_L-Serine,11
14.75,G3_L-Serine,11
15.0,G3_L-Serine,12
15.25,G3_L-Serine,13
15.5,G3_L-Serine,11
15.75,G3_L-Serine,12
16.0,G3_L-Serine,13
16.25,G3_L-Serine,12
16.5,G3_L-Serine,12
16.75,G3_L-Serine,12
17.0,G3_L-Serine,11
17.25,G3_L-Serine,16
17.5,G3_L-Serine,12
17.75,G3_L-Serine,12
18.0,G3_L-Serine,11
18.25,G3_L-Serine,16
18.5,G3_L-Serine,13
18.75,G3_L-Serine,14
19.0,G3_L-Serine,11
19.25,G3_L-Serine,12
19.5,G3_L-Serine,13
19.75,G3_L-Serine,14
20.0,G3_L-Serine,12
20.25,G3_L-Serine,14
20.5,G3_L-Serine,13
20.75,G3_L-Serine,12
21.0,G3_L-Serine,14
21.25,G3_L-Serine,11
21.5,G3_L-Serine,13
21.75,G3_L-Serine,16
22.0,G3_L-Serine,15
22.25,G3_L-Serine,14
22.5,G3_L-Serine,15
22.75,G3_L-Serine,16
23.0,G3_L-Serine,16
23.25,G3_L-Serine,11
23.5,G3_L-Serine,14
23.75,G3_L-Serine,11
24.0,G3_L-Serine,13
24.25,G3_L-Serine,11
24.5,G3_L-Serine,11
24.75,G3_L-Serine,12
25.0,G3_L-Serine,13
25.25,G3_L-Serine,16
25.5,G3_L-Serine,15
25.75,G3_L-Serine,11
26.0,G3_L-Serine,14
26.25,G3_L-Serine,20
26.5,G3_L-Serine,15
26.75,G3_L-Serine,16
27.0,G3_L-Serine,13
27.25,G3_L-Serine,17
27.5,G3_L-Serine,18
27.75,G3_L-Serine,12
28.0,G3_L-Serine,14
28.25,G3_L-Serine,19
28.5,G3_L-Serine,15
28.75,G3_L-Serine,14
29.0,G3_L-Serine,15
29.25,G3_L-Serine,16
29.5,G3_L-Serine,15
29.75,G3_L-Serine,17
30.0,G3_L-Serine,14
30.25,G3_L-Serine,14
30.5,G3_L-Serine,14
30.75,G3_L-Serine,15
31.0,G3_L-Serine,16
31.25,G3_L-Serine,15
31.5,G3_L-Serine,18
31.75,G3_L-Serine,13
32.0,G3_L-Serine,16
32.25,G3_L-Serine,13
32.5,G3_L-Serine,13
32.75,G3_L-Serine,14
33.0,G3_L-Serine,11
33.25,G3_L-Serine,15
33.5,G3_L-Serine,17
33.75,G3_L-Serine,18
34.0,G3_L-Serine,18
34.25,G3_L-Serine,18
34.5,G3_L-Serine,18
34.75,G3_L-Serine,18
35.0,G3_L-Serine,15
35.25,G3_L-Serine,15
35.5,G3_L-Serine,18
35.75,G3_L-Serine,12
36.0,G3_L-Serine,15
36.25,G3_L-Serine,17
36.5,G3_L-Serine,21
36.75,G3_L-Serine,18
37.0,G3_L-Serine,20
37.25,G3_L-Serine,15
37.5,G3_L-Serine,14
37.75,G3_L-Serine,15
38.0,G3_L-Serine,15
38.25,G3_L-Serine,14
38.5,G3_L-Serine,17
38.75,G3_L-Serine,18
39.0,G3_L-Serine,16
39.25,G3_L-Serine,19
39.5,G3_L-Serine,17
39.75,G3_L-Serine,17
40.0,G3_L-Serine,19
40.25,G3_L-Serine,14
40.5,G3_L-Serine,16
40.75,G3_L-Serine,19
41.0,G3_L-Serine,15
41.25,G3_L-Serine,16
41.5,G3_L-Serine,16
41.75,G3_L-Serine,18
42.0,G3_L-Serine,18
42.25,G3_L-Serine,17
42.5,G3_L-Serine,16
42.75,G3_L-Serine,16
43.0,G3_L-Serine,18
43.25,G3_L-Serine,17
43.5,G3_L-Serine,14
43.75,G3_L-Serine,22
44.0,G3_L-Serine,18
44.25,G3_L-Serine,18
44.5,G3_L-Serine,18
44.75,G3_L-Serine,15
45.0,G3_L-Serine,18
45.25,G3_L-Serine,18
45.5,G3_L-Serine,16
45.75,G3_L-Serine,20
46.0,G3_L-Serine,16
46.25,G3_L-Serine,17
46.5,G3_L-Serine,23
46.75,G3_L-Serine,24
47.0,G3_L-Serine,20
47.25,G3_L-Serine,17
47.5,G3_L-Serine,20
47.75,G3_L-Serine,21
48.0,G3_L-Serine,17
48.25,G3_L-Serine,17
0.0,G4_L-Threonine,11
0.25,G4_L-Threonine,11
0.5,G4_L-Threonine,11
0.75,G4_L-Threonine,14
1.0,G4_L-Threonine,11
1.25,G4_L-Threonine,11
1.5,G4_L-Threonine,11
1.75,G4_L-Threonine,11
2.0,G4_L-Threonine,11
2.25,G4_L-Threonine,11
2.5,G4_L-Threonine,15
2.75,G4_L-Threonine,11
3.0,G4_L-Threonine,11
3.25,G4_L-Threonine,11
3.5,G4_L-Threonine,14
3.75,G4_L-Threonine,12
4.0,G4_L-Threonine,12
4.25,G4_L-Threonine,11
4.5,G4_L-Threonine,11
4.75,G4_L-Threonine,14
5.0,G4_L-Threonine,14
5.25,G4_L-Threonine,12
5.5,G4_L-Threonine,11
5.75,G4_L-Threonine,11
6.0,G4_L-Threonine,11
6.25,G4_L-Threonine,11
6.5,G4_L-Threonine,11
6.75,G4_L-Threonine,11
7.0,G4_L-Threonine,11
7.25,G4_L-Threonine,16
7.5,G4_L-Threonine,11
7.75,G4_L-Threonine,11
8.0,G4_L-Threonine,12
8.25,G4_L-Threonine,12
8.5,G4_L-Threonine,13
8.75,G4_L-Threonine,11
9.0,G4_L-Threonine,14
9.25,G4_L-Threonine,11
9.5,G4_L-Threonine,11
9.75,G4_L-Threonine,11
10.0,G4_L-Threonine,13
10.25,G4_L-Threonine,13
10.5,G4_L-Threonine,11
10.75,G4_L-Threonine,11
11.0,G4_L-Threonine,14
11.25,G4_L-Threonine,11
11.5,G4_L-Threonine,11
11.75,G4_L-Threonine,11
12.0,G4_L-Threonine,11
12.25,G4_L-Threonine,12
12.5,G4_L-Threonine,11
12.75,G4_L-Threonine,12
13.0,G4_L-Threonine,13
13.25,G4_L-Threonine,11
13.5,G4_L-Threonine,13
13.75,G4_L-Threonine,11
14.0,G4_L-Threonine,11
14.25,G4_L-Threonine,14
14.5,G4_L-Threonine,14
14.75,G4_L-Threonine,14
15.0,G4_L-Threonine,13
15.25,G4_L-Threonine,15
15.5,G4_L-Threonine,14
15.75,G4_L-Threonine,16
16.0,G4_L-Threonine,14
16.25,G4_L-Threonine,15
16.5,G4_L-Threonine,11
16.75,G4_L-Threonine,11
17.0,G4_L-Threonine,14
17.25,G4_L-Threonine,15
17.5,G4_L-Threonine,17
17.75,G4_L-Threonine,11
18.0,G4_L-Threonine,11
18.25,G4_L-Threonine,16
18.5,G4_L-Threonine,15
18.75,G4_L-Threonine,13
19.0,G4_L-Threonine,13
19.25,G4_L-Threonine,11
19.5,G4_L-Threonine,11
19.75,G4_L-Threonine,13
20.0,G4_L-Threonine,14
20.25,G4_L-Threonine,11
20.5,G4_L-Threonine,11
20.75,G4_L-Threonine,16
21.0,G4_L-Threonine,13
21.25,G4_L-Threonine,11
21.5,G4_L-Threonine,15
21.75,G4_L-Threonine,13
22.0,G4_L-Threonine,17
22.25,G4_L-Threonine,16
22.5,G4_L-Threonine,18
22.75,G4_L-Threonine,11
23.0,G4_L-Threonine,13
23.25,G4_L-Threonine,12
23.5,G4_L-Threonine,11
23.75,G4_L-Threonine,14
24.0,G4_L-Threonine,15
24.25,G4_L-Threonine,17
24.5,G4_L-Threonine,13
24.75,G4_L-Threonine,17
25.0,G4_L-Threonine,13
25.25,G4_L-Threonine,11
25.5,G4_L-Threonine,15
25.75,G4_L-Threonine,14
26.0,G4_L-Threonine,13
26.25,G4_L-Threonine,16
26.5,G4_L-Threonine,11
26.75,G4_L-Threonine,15
27.0,G4_L-Threonine,12
27.25,G4_L-Threonine,17
27.5,G4_L-Threonine,12
27.75,G4_L-Threonine,16
28.0,G4_L-Threonine,14
28.25,G4_L-Threonine,16
28.5,G4_L-Threonine,13
28.75,G4_L-Threonine,16
29.0,G4_L-Threonine,14
29.25,G4_L-Threonine,17
29.5,G4_L-Threonine,16
29.75,G4_L-Threonine,15
30.0,G4_L-Threonine,12
30.25,G4_L-Threonine,12
30.5,G4_L-Threonine,15
30.75,G4_L-Threonine,11
31.0,G4_L-Threonine,13
31.25,G4_L-Threonine,14
31.5,G4_L-Threonine,14
31.75,G4_L-Threonine,15
32.0,G4_L-Threonine,14
32.25,G4_L-Threonine,20
32.5,G4_L-Threonine,20
32.75,G4_L-Threonine,11
33.0,G4_L-Threonine,13
33.25,G4_L-Threonine,20
33.5,G4_L-Threonine,11
33.75,G4_L-Threonine,13
34.0,G4_L-Threonine,17
34.25,G4_L-Threonine,14
34.5,G4_L-Threonine,19
34.75,G4_L-Threonine,12
35.0,G4_L-Threonine,12
35.25,G4_L-Threonine,16
35.5,G4_L-Threonine,12
35.75,G4_L-Threonine,12
36.0,G4_L-Threonine,16
36.25,G4_L-Threonine,12
36.5,G4_L-Threonine,12
36.75,G4_L-Threonine,18
37.0,G4_L-Threonine,15
37.25,G4_L-Threonine,18
37.5,G4_L-Threonine,11
37.75,G4_L-Threonine,14
38.0,G4_L-Threonine,12
38.25,G4_L-Threonine,16
38.5,G4_L-Threonine,13
38.75,G4_L-Threonine,13
39.0,G4_L-Threonine,18
39.25,G4_L-Threonine,18
39.5,G4_L-Threonine,11
39.75,G4_L-Threonine,13
40.0,G4_L-Threonine,15
40.25,G4_L-Threonine,18
40.5,G4_L-Threonine,17
40.75,G4_L-Threonine,17
41.0,G4_L-Threonine,14
41.25,G4_L-Threonine,18
41.5,G4_L-Threonine,20
41.75,G4_L-Threonine,17
42.0,G4_L-Threonine,16
42.25,G4_L-Threonine,13
42.5,G4_L-Threonine,15
42.75,G4_L-Threonine,20
43.0,G4_L-Threonine,18
43.25,G4_L-Threonine,17
43.5,G4_L-Threonine,19
43.75,G4_L-Threonine,18
44.0,G4_L-Threonine,16
44.25,G4_L-Threonine,15
44.5,G4_L-Threonine,16
44.75,G4_L-Threonine,14
45.0,G4_L-Threonine,17
45.25,G4_L-Threonine,12
45.5,G4_L-Threonine,16
45.75,G4_L-Threonine,20
46.0,G4_L-Threonine,18
46.25,G4_L-Threonine,15
46.5,G4_L-Threonine,22
46.75,G4_L-Threonine,22
47.0,G4_L-Threonine,18
47.25,G4_L-Threonine,16
47.5,G4_L-Threonine,15
47.75,G4_L-Threonine,21
48.0,G4_L-Threonine,21
48.25,G4_L-Threonine,18
0.0,G5_L-Alanine,11
0.25,G5_L-Alanine,13
0.5,G5_L-Alanine,13
0.75,G5_L-Alanine,13
1.0,G5_L-Alanine,13
1.25,G5_L-Alanine,11
1.5,G5_L-Alanine,11
1.75,G5_L-Alanine,11
2.0,G5_L-Alanine,11
2.25,G5_L-Alanine,13
2.5,G5_L-Alanine,14
2.75,G5_L-Alanine,11
3.0,G5_L-Alanine,11
3.25,G5_L-Alanine,11
3.5,G5_L-Alanine,11
3.75,G5_L-Alanine,11
4.0,G5_L-Alanine,11
4.25,G5_L-Alanine,11
4.5,G5_L-Alanine,11
4.75,G5_L-Alanine,11
5.0,G5_L-Alanine,11
5.25,G5_L-Alanine,11
5.5,G5_L-Alanine,11
5.75,G5_L-Alanine,11
6.0,G5_L-Alanine,11
6.25,G5_L-Alanine,11
6.5,G5_L-Alanine,11
6.75,G5_L-Alanine,11
7.0,G5_L-Alanine,11
7.25,G5_L-Alanine,13
7.5,G5_L-Alanine,11
7.75,G5_L-Alanine,11
8.0,G5_L-Alanine,13
8.25,G5_L-Alanine,12
8.5,G5_L-Alanine,16
8.75,G5_L-Alanine,11
9.0,G5_L-Alanine,11
9.25,G5_L-Alanine,12
9.5,G5_L-Alanine,11
9.75,G5_L-Alanine,11
10.0,G5_L-Alanine,11
10.25,G5_L-Alanine,11
10.5,G5_L-Alanine,13
10.75,G5_L-Alanine,14
11.0,G5_L-Alanine,14
11.25,G5_L-Alanine,16
11.5,G5_L-Alanine,14
11.75,G5_L-Alanine,14
12.0,G5_L-Alanine,13
12.25,G5_L-Alanine,12
12.5,G5_L-Alanine,14
12.75,G5_L-Alanine,12
13.0,G5_L-Alanine,13
13.25,G5_L-Alanine,15
13.5,G5_L-Alanine,17
13.75,G5_L-Alanine,14
14.0,G5_L-Alanine,13
14.25,G5_L-Alanine,16
14.5,G5_L-Alanine,15
14.75,G5_L-Alanine,16
15.0,G5_L-Alanine,11
15.25,G5_L-Alanine,13
15.5,G5_L-Alanine,12
15.75,G5_L-Alanine,11
16.0,G5_L-Alanine,13
16.25,G5_L-Alanine,13
16.5,G5_L-Alanine,12
16.75,G5_L-Alanine,11
17.0,G5_L-Alanine,13
17.25,G5_L-Alanine,12
17.5,G5_L-Alanine,12
17.75,G5_L-Alanine,11
18.0,G5_L-Alanine,12
18.25,G5_L-Alanine,17
18.5,G5_L-Alanine,14
18.75,G5_L-Alanine,15
19.0,G5_L-Alanine,12
19.25,G5_L-Alanine,12
19.5,G5_L-Alanine,12
19.75,G5_L-Alanine,14
20.0,G5_L-Alanine,18
20.25,G5_L-Alanine,17
20.5,G5_L-Alanine,13
20.75,G5_L-Alanine,13
21.0,G5_L-Alanine,15
21.25,G5_L-Alanine,14
21.5,G5_L-Alanine,15
21.75,G5_L-Alanine,12
22.0,G5_L-Alanine,16
22.25,G5_L-Alanine,12
22.5,G5_L-Alanine,13
22.75,G5_L-Alanine,17
23.0,G5_L-Alanine,16
23.25,G5_L-Alanine,15
23.5,G5_L-Alanine,17
23.75,G5_L-Alanine,11
24.0,G5_L-Alanine,11
24.25,G5_L-Alanine,17
24.5,G5_L-Alanine,14
24.75,G5_L-Alanine,14
25.0,G5_L-Alanine,14
25.25,G5_L-Alanine,11
25.5,G5_L-Alanine,13
25.75,G5_L-Alanine,13
26.0,G5_L-Alanine,14
26.25,G5_L-Alanine,16
26.5,G5_L-Alanine,17
26.75,G5_L-Alanine,15
27.0,G5_L-Alanine,14
27.25,G5_L-Alanine,14
27.5,G5_L-Alanine,15
27.75,G5_L-Alanine,17
28.0,G5_L-Alanine,14
28.25,G5_L-Alanine,18
28.5,G5_L-Alanine,17
28.75,G5_L-Alanine,17
29.0,G5_L-Alanine,20
29.25,G5_L-Alanine,16
29.5,G5_L-Alanine,15
29.75,G5_L-Alanine,19
30.0,G5_L-Alanine,17
30.25,G5_L-Alanine,16
30.5,G5_L-Alanine,17
30.75,G5_L-Alanine,18
31.0,G5_L-Alanine,14
31.25,G5_L-Alanine,16
31.5,G5_L-Alanine,15
31.75,G5_L-Alanine,17
32.0,G5_L-Alanine,14
32.25,G5_L-Alanine,21
32.5,G5_L-Alanine,17
32.75,G5_L-Alanine,20
33.0,G5_L-Alanine,19
33.25,G5_L-Alanine,17
33.5,G5_L-Alanine,19
33.75,G5_L-Alanine,18
34.0,G5_L-Alanine,15
34.25,G5_L-Alanine,17
34.5,G5_L-Alanine,18
34.75,G5_L-Alanine,21
35.0,G5_L-Alanine,19
35.25,G5_L-Alanine,19
35.5,G5_L-Alanine,17
35.75,G5_L-Alanine,17
36.0,G5_L-Alanine,16
36.25,G5_L-Alanine,21
36.5,G5_L-Alanine,21
36.75,G5_L-Alanine,22
37.0,G5_L-Alanine,17
37.25,G5_L-Alanine,17
37.5,G5_L-Alanine,19
37.75,G5_L-Alanine,18
38.0,G5_L-Alanine,19
38.25,G5_L-Alanine,18
38.5,G5_L-Alanine,20
38.75,G5_L-Alanine,23
39.0,G5_L-Alanine,21
39.25,G5_L-Alanine,21
39.5,G5_L-Alanine,26
39.75,G5_L-Alanine,21
40.0,G5_L-Alanine,23
40.25,G5_L-Alanine,23
40.5,G5_L-Alanine,17
40.75,G5_L-Alanine,21
41.0,G5_L-Alanine,23
41.25,G5_L-Alanine,23
41.5,G5_L-Alanine,22
41.75,G5_L-Alanine,19
42.0,G5_L-Alanine,25
42.25,G5_L-Alanine,28
42.5,G5_L-Alanine,23
42.75,G5_L-Alanine,23
43.0,G5_L-Alanine,22
43.25,G5_L-Alanine,23
43.5,G5_L-Alanine,23
43.75,G5_L-Alanine,26
44.0,G5_L-Alanine,22
44.25,G5_L-Alanine,22
44.5,G5_L-Alanine,24
44.75,G5_L-Alanine,19
45.0,G5_L-Alanine,25
45.25,G5_L-Alanine,25
45.5,G5_L-Alanine,25
45.75,G5_L-Alanine,26
46.0,G5_L-Alanine,24
46.25,G5_L-Alanine,26
46.5,G5_L-Alanine,28
46.75,G5_L-Alanine,30
47.0,G5_L-Alanine,26
47.25,G5_L-Alanine,27
47.5,G5_L-Alanine,29
47.75,G5_L-Alanine,28
48.0,G5_L-Alanine,22
48.25,G5_L-Alanine,24
0.0,G6_L-Alanyl-Glycine,11
0.25,G6_L-Alanyl-Glycine,11
0.5,G6_L-Alanyl-Glycine,11
0.75,G6_L-Alanyl-Glycine,11
1.0,G6_L-Alanyl-Glycine,11
1.25,G6_L-Alanyl-Glycine,11
1.5,G6_L-Alanyl-Glycine,11
1.75,G6_L-Alanyl-Glycine,11
2.0,G6_L-Alanyl-Glycine,11
2.25,G6_L-Alanyl-Glycine,13
2.5,G6_L-Alanyl-Glycine,11
2.75,G6_L-Alanyl-Glycine,11
3.0,G6_L-Alanyl-Glycine,14
3.25,G6_L-Alanyl-Glycine,11
3.5,G6_L-Alanyl-Glycine,11
3.75,G6_L-Alanyl-Glycine,11
4.0,G6_L-Alanyl-Glycine,11
4.25,G6_L-Alanyl-Glycine,13
4.5,G6_L-Alanyl-Glycine,14
4.75,G6_L-Alanyl-Glycine,11
5.0,G6_L-Alanyl-Glycine,11
5.25,G6_L-Alanyl-Glycine,12
5.5,G6_L-Alanyl-Glycine,11
5.75,G6_L-Alanyl-Glycine,11
6.0,G6_L-Alanyl-Glycine,11
6.25,G6_L-Alanyl-Glycine,12
6.5,G6_L-Alanyl-Glycine,13
6.75,G6_L-Alanyl-Glycine,11
7.0,G6_L-Alanyl-Glycine,12
7.25,G6_L-Alanyl-Glycine,11
7.5,G6_L-Alanyl-Glycine,11
7.75,G6_L-Alanyl-Glycine,11
8.0,G6_L-Alanyl-Glycine,12
8.25,G6_L-Alanyl-Glycine,11
8.5,G6_L-Alanyl-Glycine,11
8.75,G6_L-Alanyl-Glycine,12
9.0,G6_L-Alanyl-Glycine,11
9.25,G6_L-Alanyl-Glycine,12
9.5,G6_L-Alanyl-Glycine,11
9.75,G6_L-Alanyl-Glycine,11
10.0,G6_L-Alanyl-Glycine,11
10.25,G6_L-Alanyl-Glycine,13
10.5,G6_L-Alanyl-Glycine,13
10.75,G6_L-Alanyl-Glycine,11
11.0,G6_L-Alanyl-Glycine,12
11.25,G6_L-Alanyl-Glycine,14
11.5,G6_L-Alanyl-Glycine,11
11.75,G6_L-Alanyl-Glycine,11
12.0,G6_L-Alanyl-Glycine,17
12.25,G6_L-Alanyl-Glycine,12
12.5,G6_L-Alanyl-Glycine,11
12.75,G6_L-Alanyl-Glycine,15
13.0,G6_L-Alanyl-Glycine,18
13.25,G6_L-Alanyl-Glycine,13
13.5,G6_L-Alanyl-Glycine,17
13.75,G6_L-Alanyl-Glycine,12
14.0,G6_L-Alanyl-Glycine,12
14.25,G6_L-Alanyl-Glycine,13
14.5,G6_L-Alanyl-Glycine,14
14.75,G6_L-Alanyl-Glycine,14
15.0,G6_L-Alanyl-Glycine,13
15.25,G6_L-Alanyl-Glycine,12
15.5,G6_L-Alanyl-Glycine,12
15.75,G6_L-Alanyl-Glycine,11
16.0,G6_L-Alanyl-Glycine,11
16.25,G6_L-Alanyl-Glycine,13
16.5,G6_L-Alanyl-Glycine,11
16.75,G6_L-Alanyl-Glycine,11
17.0,G6_L-Alanyl-Glycine,11
17.25,G6_L-Alanyl-Glycine,11
17.5,G6_L-Alanyl-Glycine,11
17.75,G6_L-Alanyl-Glycine,13
18.0,G6_L-Alanyl-Glycine,11
18.25,G6_L-Alanyl-Glycine,14
18.5,G6_L-Alanyl-Glycine,13
18.75,G6_L-Alanyl-Glycine,12
19.0,G6_L-Alanyl-Glycine,11
19.25,G6_L-Alanyl-Glycine,14
19.5,G6_L-Alanyl-Glycine,11
19.75,G6_L-Alanyl-Glycine,12
20.0,G6_L-Alanyl-Glycine,14
20.25,G6_L-Alanyl-Glycine,17
20.5,G6_L-Alanyl-Glycine,13
20.75,G6_L-Alanyl-Glycine,12
21.0,G6_L-Alanyl-Glycine,13
21.25,G6_L-Alanyl-Glycine,18
21.5,G6_L-Alanyl-Glycine,11
21.75,G6_L-Alanyl-Glycine,15
22.0,G6_L-Alanyl-Glycine,11
22.25,G6_L-Alanyl-Glycine,12
22.5,G6_L-Alanyl-Glycine,11
22.75,G6_L-Alanyl-Glycine,13
23.0,G6_L-Alanyl-Glycine,12
23.25,G6_L-Alanyl-Glycine,18
23.5,G6_L-Alanyl-Glycine,15
23.75,G6_L-Alanyl-Glycine,13
24.0,G6_L-Alanyl-Glycine,11
24.25,G6_L-Alanyl-Glycine,12
24.5,G6_L-Alanyl-Glycine,11
24.75,G6_L-Alanyl-Glycine,11
25.0,G6_L-Alanyl-Glycine,14
25.25,G6_L-Alanyl-Glycine,11
25.5,G6_L-Alanyl-Glycine,12
25.75,G6_L-Alanyl-Glycine,11
26.0,G6_L-Alanyl-Glycine,11
26.25,G6_L-Alanyl-Glycine,13
26.5,G6_L-Alanyl-Glycine,18
26.75,G6_L-Alanyl-Glycine,12
27.0,G6_L-Alanyl-Glycine,14
27.25,G6_L-Alanyl-Glycine,13
27.5,G6_L-Alanyl-Glycine,11
27.75,G6_L-Alanyl-Glycine,11
28.0,G6_L-Alanyl-Glycine,11
28.25,G6_L-Alanyl-Glycine,13
28.5,G6_L-Alanyl-Glycine,11
28.75,G6_L-Alanyl-Glycine,12
29.0,G6_L-Alanyl-Glycine,15
29.25,G6_L-Alanyl-Glycine,15
29.5,G6_L-Alanyl-Glycine,12
29.75,G6_L-Alanyl-Glycine,12
30.0,G6_L-Alanyl-Glycine,11
30.25,G6_L-Alanyl-Glycine,12
30.5,G6_L-Alanyl-Glycine,16
30.75,G6_L-Alanyl-Glycine,11
31.0,G6_L-Alanyl-Glycine,13
31.25,G6_L-Alanyl-Glycine,12
31.5,G6_L-Alanyl-Glycine,14
31.75,G6_L-Alanyl-Glycine,11
32.0,G6_L-Alanyl-Glycine,14
32.25,G6_L-Alanyl-Glycine,11
32.5,G6_L-Alanyl-Glycine,11
32.75,G6_L-Alanyl-Glycine,11
33.0,G6_L-Alanyl-Glycine,12
33.25,G6_L-Alanyl-Glycine,12
33.5,G6_L-Alanyl-Glycine,13
33.75,G6_L-Alanyl-Glycine,13
34.0,G6_L-Alanyl-Glycine,11
34.25,G6_L-Alanyl-Glycine,11
34.5,G6_L-Alanyl-Glycine,13
34.75,G6_L-Alanyl-Glycine,11
35.0,G6_L-Alanyl-Glycine,17
35.25,G6_L-Alanyl-Glycine,11
35.5,G6_L-Alanyl-Glycine,12
35.75,G6_L-Alanyl-Glycine,14
36.0,G6_L-Alanyl-Glycine,11
36.25,G6_L-Alanyl-Glycine,12
36.5,G6_L-Alanyl-Glycine,12
36.75,G6_L-Alanyl-Glycine,14
37.0,G6_L-Alanyl-Glycine,11
37.25,G6_L-Alanyl-Glycine,13
37.5,G6_L-Alanyl-Glycine,14
37.75,G6_L-Alanyl-Glycine,11
38.0,G6_L-Alanyl-Glycine,11
38.25,G6_L-Alanyl-Glycine,11
38.5,G6_L-Alanyl-Glycine,14
38.75,G6_L-Alanyl-Glycine,15
39.0,G6_L-Alanyl-Glycine,11
39.25,G6_L-Alanyl-Glycine,16
39.5,G6_L-Alanyl-Glycine,14
39.75,G6_L-Alanyl-Glycine,15
40.0,G6_L-Alanyl-Glycine,14
40.25,G6_L-Alanyl-Glycine,11
40.5,G6_L-Alanyl-Glycine,11
40.75,G6_L-Alanyl-Glycine,14
41.0,G6_L-Alanyl-Glycine,13
41.25,G6_L-Alanyl-Glycine,12
41.5,G6_L-Alanyl-Glycine,18
41.75,G6_L-Alanyl-Glycine,13
42.0,G6_L-Alanyl-Glycine,12
42.25,G6_L-Alanyl-Glycine,18
42.5,G6_L-Alanyl-Glycine,14
42.75,G6_L-Alanyl-Glycine,13
43.0,G6_L-Alanyl-Glycine,16
43.25,G6_L-Alanyl-Glycine,14
43.5,G6_L-Alanyl-Glycine,14
43.75,G6_L-Alanyl-Glycine,12
44.0,G6_L-Alanyl-Glycine,11
44.25,G6_L-Alanyl-Glycine,15
44.5,G6_L-Alanyl-Glycine,13
44.75,G6_L-Alanyl-Glycine,17
45.0,G6_L-Alanyl-Glycine,11
45.25,G6_L-Alanyl-Glycine,16
45.5,G6_L-Alanyl-Glycine,18
45.75,G6_L-Alanyl-Glycine,16
46.0,G6_L-Alanyl-Glycine,16
46.25,G6_L-Alanyl-Glycine,20
46.5,G6_L-Alanyl-Glycine,15
46.75,G6_L-Alanyl-Glycine,17
47.0,G6_L-Alanyl-Glycine,14
47.25,G6_L-Alanyl-Glycine,18
47.5,G6_L-Alanyl-Glycine,18
47.75,G6_L-Alanyl-Glycine,15
48.0,G6_L-Alanyl-Glycine,16
48.25,G6_L-Alanyl-Glycine,18
0.0,G7_Acetoacetic_Acid,12
0.25,G7_Acetoacetic_Acid,12
0.5,G7_Acetoacetic_Acid,14
0.75,G7_Acetoacetic_Acid,12
1.0,G7_Acetoacetic_Acid,15
1.25,G7_Acetoacetic_Acid,12
1.5,G7_Acetoacetic_Acid,15
1.75,G7_Acetoacetic_Acid,15
2.0,G7_Acetoacetic_Acid,12
2.25,G7_Acetoacetic_Acid,13
2.5,G7_Acetoacetic_Acid,11
2.75,G7_Acetoacetic_Acid,12
3.0,G7_Acetoacetic_Acid,11
3.25,G7_Acetoacetic_Acid,11
3.5,G7_Acetoacetic_Acid,11
3.75,G7_Acetoacetic_Acid,12
4.0,G7_Acetoacetic_Acid,11
4.25,G7_Acetoacetic_Acid,11
4.5,G7_Acetoacetic_Acid,11
4.75,G7_Acetoacetic_Acid,13
5.0,G7_Acetoacetic_Acid,17
5.25,G7_Acetoacetic_Acid,15
5.5,G7_Acetoacetic_Acid,11
5.75,G7_Acetoacetic_Acid,11
6.0,G7_Acetoacetic_Acid,13
6.25,G7_Acetoacetic_Acid,11
6.5,G7_Acetoacetic_Acid,13
6.75,G7_Acetoacetic_Acid,13
7.0,G7_Acetoacetic_Acid,13
7.25,G7_Acetoacetic_Acid,12
7.5,G7_Acetoacetic_Acid,14
7.75,G7_Acetoacetic_Acid,12
8.0,G7_Acetoacetic_Acid,20
8.25,G7_Acetoacetic_Acid,11
8.5,G7_Acetoacetic_Acid,13
8.75,G7_Acetoacetic_Acid,16
9.0,G7_Acetoacetic_Acid,13
9.25,G7_Acetoacetic_Acid,15
9.5,G7_Acetoacetic_Acid,11
9.75,G7_Acetoacetic_Acid,12
10.0,G7_Acetoacetic_Acid,11
10.25,G7_Acetoacetic_Acid,17
10.5,G7_Acetoacetic_Acid,17
10.75,G7_Acetoacetic_Acid,12
11.0,G7_Acetoacetic_Acid,13
11.25,G7_Acetoacetic_Acid,18
11.5,G7_Acetoacetic_Acid,13
11.75,G7_Acetoacetic_Acid,13
12.0,G7_Acetoacetic_Acid,16
12.25,G7_Acetoacetic_Acid,13
12.5,G7_Acetoacetic_Acid,14
12.75,G7_Acetoacetic_Acid,13
13.0,G7_Acetoacetic_Acid,17
13.25,G7_Acetoacetic_Acid,14
13.5,G7_Acetoacetic_Acid,13
13.75,G7_Acetoacetic_Acid,15
14.0,G7_Acetoacetic_Acid,13
14.25,G7_Acetoacetic_Acid,11
14.5,G7_Acetoacetic_Acid,15
14.75,G7_Acetoacetic_Acid,18
15.0,G7_Acetoacetic_Acid,17
15.25,G7_Acetoacetic_Acid,12
15.5,G7_Acetoacetic_Acid,11
15.75,G7_Acetoacetic_Acid,20
16.0,G7_Acetoacetic_Acid,18
16.25,G7_Acetoacetic_Acid,15
16.5,G7_Acetoacetic_Acid,13
16.75,G7_Acetoacetic_Acid,14
17.0,G7_Acetoacetic_Acid,18
17.25,G7_Acetoacetic_Acid,15
17.5,G7_Acetoacetic_Acid,20
17.75,G7_Acetoacetic_Acid,16
18.0,G7_Acetoacetic_Acid,15
18.25,G7_Acetoacetic_Acid,18
18.5,G7_Acetoacetic_Acid,18
18.75,G7_Acetoacetic_Acid,23
19.0,G7_Acetoacetic_Acid,16
19.25,G7_Acetoacetic_Acid,15
19.5,G7_Acetoacetic_Acid,15
19.75,G7_Acetoacetic_Acid,15
20.0,G7_Acetoacetic_Acid,20
20.25,G7_Acetoacetic_Acid,17
20.5,G7_Acetoacetic_Acid,17
20.75,G7_Acetoacetic_Acid,18
21.0,G7_Acetoacetic_Acid,14
21.25,G7_Acetoacetic_Acid,18
21.5,G7_Acetoacetic_Acid,18
21.75,G7_Acetoacetic_Acid,16
22.0,G7_Acetoacetic_Acid,16
22.25,G7_Acetoacetic_Acid,17
22.5,G7_Acetoacetic_Acid,18
22.75,G7_Acetoacetic_Acid,19
23.0,G7_Acetoacetic_Acid,19
23.25,G7_Acetoacetic_Acid,19
23.5,G7_Acetoacetic_Acid,15
23.75,G7_Acetoacetic_Acid,14
24.0,G7_Acetoacetic_Acid,19
24.25,G7_Acetoacetic_Acid,14
24.5,G7_Acetoacetic_Acid,14
24.75,G7_Acetoacetic_Acid,14
25.0,G7_Acetoacetic_Acid,17
25.25,G7_Acetoacetic_Acid,17
25.5,G7_Acetoacetic_Acid,11
25.75,G7_Acetoacetic_Acid,18
26.0,G7_Acetoacetic_Acid,19
26.25,G7_Acetoacetic_Acid,21
26.5,G7_Acetoacetic_Acid,12
26.75,G7_Acetoacetic_Acid,16
27.0,G7_Acetoacetic_Acid,16
27.25,G7_Acetoacetic_Acid,24
27.5,G7_Acetoacetic_Acid,19
27.75,G7_Acetoacetic_Acid,19
28.0,G7_Acetoacetic_Acid,15
28.25,G7_Acetoacetic_Acid,20
28.5,G7_Acetoacetic_Acid,17
28.75,G7_Acetoacetic_Acid,18
29.0,G7_Acetoacetic_Acid,18
29.25,G7_Acetoacetic_Acid,16
29.5,G7_Acetoacetic_Acid,17
29.75,G7_Acetoacetic_Acid,19
30.0,G7_Acetoacetic_Acid,13
30.25,G7_Acetoacetic_Acid,16
30.5,G7_Acetoacetic_Acid,20
30.75,G7_Acetoacetic_Acid,14
31.0,G7_Acetoacetic_Acid,19
31.25,G7_Acetoacetic_Acid,15
31.5,G7_Acetoacetic_Acid,15
31.75,G7_Acetoacetic_Acid,21
32.0,G7_Acetoacetic_Acid,15
32.25,G7_Acetoacetic_Acid,19
32.5,G7_Acetoacetic_Acid,19
32.75,G7_Acetoacetic_Acid,15
33.0,G7_Acetoacetic_Acid,16
33.25,G7_Acetoacetic_Acid,16
33.5,G7_Acetoacetic_Acid,20
33.75,G7_Acetoacetic_Acid,18
34.0,G7_Acetoacetic_Acid,19
34.25,G7_Acetoacetic_Acid,20
34.5,G7_Acetoacetic_Acid,22
34.75,G7_Acetoacetic_Acid,19
35.0,G7_Acetoacetic_Acid,18
35.25,G7_Acetoacetic_Acid,19
35.5,G7_Acetoacetic_Acid,23
35.75,G7_Acetoacetic_Acid,21
36.0,G7_Acetoacetic_Acid,19
36.25,G7_Acetoacetic_Acid,18
36.5,G7_Acetoacetic_Acid,22
36.75,G7_Acetoacetic_Acid,18
37.0,G7_Acetoacetic_Acid,17
37.25,G7_Acetoacetic_Acid,19
37.5,G7_Acetoacetic_Acid,18
37.75,G7_Acetoacetic_Acid,21
38.0,G7_Acetoacetic_Acid,23
38.25,G7_Acetoacetic_Acid,21
38.5,G7_Acetoacetic_Acid,24
38.75,G7_Acetoacetic_Acid,22
39.0,G7_Acetoacetic_Acid,20
39.25,G7_Acetoacetic_Acid,23
39.5,G7_Acetoacetic_Acid,24
39.75,G7_Acetoacetic_Acid,21
40.0,G7_Acetoacetic_Acid,18
40.25,G7_Acetoacetic_Acid,22
40.5,G7_Acetoacetic_Acid,22
40.75,G7_Acetoacetic_Acid,23
41.0,G7_Acetoacetic_Acid,24
41.25,G7_Acetoacetic_Acid,24
41.5,G7_Acetoacetic_Acid,27
41.75,G7_Acetoacetic_Acid,21
42.0,G7_Acetoacetic_Acid,26
42.25,G7_Acetoacetic_Acid,28
42.5,G7_Acetoacetic_Acid,29
42.75,G7_Acetoacetic_Acid,26
43.0,G7_Acetoacetic_Acid,25
43.25,G7_Acetoacetic_Acid,26
43.5,G7_Acetoacetic_Acid,27
43.75,G7_Acetoacetic_Acid,27
44.0,G7_Acetoacetic_Acid,25
44.25,G7_Acetoacetic_Acid,29
44.5,G7_Acetoacetic_Acid,26
44.75,G7_Acetoacetic_Acid,31
45.0,G7_Acetoacetic_Acid,25
45.25,G7_Acetoacetic_Acid,27
45.5,G7_Acetoacetic_Acid,30
45.75,G7_Acetoacetic_Acid,32
46.0,G7_Acetoacetic_Acid,28
46.25,G7_Acetoacetic_Acid,32
46.5,G7_Acetoacetic_Acid,32
46.75,G7_Acetoacetic_Acid,28
47.0,G7_Acetoacetic_Acid,26
47.25,G7_Acetoacetic_Acid,23
47.5,G7_Acetoacetic_Acid,29
47.75,G7_Acetoacetic_Acid,27
48.0,G7_Acetoacetic_Acid,27
48.25,G7_Acetoacetic_Acid,29
0.0,G8_N-Acetyl-B-D_Mannosamine,11
0.25,G8_N-Acetyl-B-D_Mannosamine,11
0.5,G8_N-Acetyl-B-D_Mannosamine,11
0.75,G8_N-Acetyl-B-D_Mannosamine,11
1.0,G8_N-Acetyl-B-D_Mannosamine,11
1.25,G8_N-Acetyl-B-D_Mannosamine,11
1.5,G8_N-Acetyl-B-D_Mannosamine,11
1.75,G8_N-Acetyl-B-D_Mannosamine,12
2.0,G8_N-Acetyl-B-D_Mannosamine,11
2.25,G8_N-Acetyl-B-D_Mannosamine,11
2.5,G8_N-Acetyl-B-D_Mannosamine,14
2.75,G8_N-Acetyl-B-D_Mannosamine,11
3.0,G8_N-Acetyl-B-D_Mannosamine,11
3.25,G8_N-Acetyl-B-D_Mannosamine,11
3.5,G8_N-Acetyl-B-D_Mannosamine,11
3.75,G8_N-Acetyl-B-D_Mannosamine,11
4.0,G8_N-Acetyl-B-D_Mannosamine,11
4.25,G8_N-Acetyl-B-D_Mannosamine,11
4.5,G8_N-Acetyl-B-D_Mannosamine,11
4.75,G8_N-Acetyl-B-D_Mannosamine,11
5.0,G8_N-Acetyl-B-D_Mannosamine,13
5.25,G8_N-Acetyl-B-D_Mannosamine,11
5.5,G8_N-Acetyl-B-D_Mannosamine,11
5.75,G8_N-Acetyl-B-D_Mannosamine,11
6.0,G8_N-Acetyl-B-D_Mannosamine,11
6.25,G8_N-Acetyl-B-D_Mannosamine,11
6.5,G8_N-Acetyl-B-D_Mannosamine,11
6.75,G8_N-Acetyl-B-D_Mannosamine,11
7.0,G8_N-Acetyl-B-D_Mannosamine,11
7.25,G8_N-Acetyl-B-D_Mannosamine,13
7.5,G8_N-Acetyl-B-D_Mannosamine,11
7.75,G8_N-Acetyl-B-D_Mannosamine,11
8.0,G8_N-Acetyl-B-D_Mannosamine,11
8.25,G8_N-Acetyl-B-D_Mannosamine,11
8.5,G8_N-Acetyl-B-D_Mannosamine,11
8.75,G8_N-Acetyl-B-D_Mannosamine,13
9.0,G8_N-Acetyl-B-D_Mannosamine,11
9.25,G8_N-Acetyl-B-D_Mannosamine,11
9.5,G8_N-Acetyl-B-D_Mannosamine,11
9.75,G8_N-Acetyl-B-D_Mannosamine,11
10.0,G8_N-Acetyl-B-D_Mannosamine,11
10.25,G8_N-Acetyl-B-D_Mannosamine,11
10.5,G8_N-Acetyl-B-D_Mannosamine,12
10.75,G8_N-Acetyl-B-D_Mannosamine,11
11.0,G8_N-Acetyl-B-D_Mannosamine,14
11.25,G8_N-Acetyl-B-D_Mannosamine,11
11.5,G8_N-Acetyl-B-D_Mannosamine,11
11.75,G8_N-Acetyl-B-D_Mannosamine,11
12.0,G8_N-Acetyl-B-D_Mannosamine,15
12.25,G8_N-Acetyl-B-D_Mannosamine,13
12.5,G8_N-Acetyl-B-D_Mannosamine,12
12.75,G8_N-Acetyl-B-D_Mannosamine,11
13.0,G8_N-Acetyl-B-D_Mannosamine,11
13.25,G8_N-Acetyl-B-D_Mannosamine,11
13.5,G8_N-Acetyl-B-D_Mannosamine,13
13.75,G8_N-Acetyl-B-D_Mannosamine,12
14.0,G8_N-Acetyl-B-D_Mannosamine,11
14.25,G8_N-Acetyl-B-D_Mannosamine,14
14.5,G8_N-Acetyl-B-D_Mannosamine,11
14.75,G8_N-Acetyl-B-D_Mannosamine,15
15.0,G8_N-Acetyl-B-D_Mannosamine,11
15.25,G8_N-Acetyl-B-D_Mannosamine,12
15.5,G8_N-Acetyl-B-D_Mannosamine,11
15.75,G8_N-Acetyl-B-D_Mannosamine,11
16.0,G8_N-Acetyl-B-D_Mannosamine,16
16.25,G8_N-Acetyl-B-D_Mannosamine,11
16.5,G8_N-Acetyl-B-D_Mannosamine,11
16.75,G8_N-Acetyl-B-D_Mannosamine,11
17.0,G8_N-Acetyl-B-D_Mannosamine,12
17.25,G8_N-Acetyl-B-D_Mannosamine,11
17.5,G8_N-Acetyl-B-D_Mannosamine,14
17.75,G8_N-Acetyl-B-D_Mannosamine,13
18.0,G8_N-Acetyl-B-D_Mannosamine,13
18.25,G8_N-Acetyl-B-D_Mannosamine,12
18.5,G8_N-Acetyl-B-D_Mannosamine,12
18.75,G8_N-Acetyl-B-D_Mannosamine,11
19.0,G8_N-Acetyl-B-D_Mannosamine,11
19.25,G8_N-Acetyl-B-D_Mannosamine,14
19.5,G8_N-Acetyl-B-D_Mannosamine,11
19.75,G8_N-Acetyl-B-D_Mannosamine,11
20.0,G8_N-Acetyl-B-D_Mannosamine,11
20.25,G8_N-Acetyl-B-D_Mannosamine,13
20.5,G8_N-Acetyl-B-D_Mannosamine,12
20.75,G8_N-Acetyl-B-D_Mannosamine,11
21.0,G8_N-Acetyl-B-D_Mannosamine,15
21.25,G8_N-Acetyl-B-D_Mannosamine,11
21.5,G8_N-Acetyl-B-D_Mannosamine,15
21.75,G8_N-Acetyl-B-D_Mannosamine,11
22.0,G8_N-Acetyl-B-D_Mannosamine,12
22.25,G8_N-Acetyl-B-D_Mannosamine,12
22.5,G8_N-Acetyl-B-D_Mannosamine,11
22.75,G8_N-Acetyl-B-D_Mannosamine,14
23.0,G8_N-Acetyl-B-D_Mannosamine,14
23.25,G8_N-Acetyl-B-D_Mannosamine,13
23.5,G8_N-Acetyl-B-D_Mannosamine,18
23.75,G8_N-Acetyl-B-D_Mannosamine,14
24.0,G8_N-Acetyl-B-D_Mannosamine,16
24.25,G8_N-Acetyl-B-D_Mannosamine,15
24.5,G8_N-Acetyl-B-D_Mannosamine,11
24.75,G8_N-Acetyl-B-D_Mannosamine,11
25.0,G8_N-Acetyl-B-D_Mannosamine,16
25.25,G8_N-Acetyl-B-D_Mannosamine,19
25.5,G8_N-Acetyl-B-D_Mannosamine,15
25.75,G8_N-Acetyl-B-D_Mannosamine,18
26.0,G8_N-Acetyl-B-D_Mannosamine,14
26.25,G8_N-Acetyl-B-D_Mannosamine,17
26.5,G8_N-Acetyl-B-D_Mannosamine,13
26.75,G8_N-Acetyl-B-D_Mannosamine,15
27.0,G8_N-Acetyl-B-D_Mannosamine,20
27.25,G8_N-Acetyl-B-D_Mannosamine,15
27.5,G8_N-Acetyl-B-D_Mannosamine,19
27.75,G8_N-Acetyl-B-D_Mannosamine,19
28.0,G8_N-Acetyl-B-D_Mannosamine,16
28.25,G8_N-Acetyl-B-D_Mannosamine,20
28.5,G8_N-Acetyl-B-D_Mannosamine,14
28.75,G8_N-Acetyl-B-D_Mannosamine,21
29.0,G8_N-Acetyl-B-D_Mannosamine,17
29.25,G8_N-Acetyl-B-D_Mannosamine,15
29.5,G8_N-Acetyl-B-D_Mannosamine,17
29.75,G8_N-Acetyl-B-D_Mannosamine,16
30.0,G8_N-Acetyl-B-D_Mannosamine,17
30.25,G8_N-Acetyl-B-D_Mannosamine,18
30.5,G8_N-Acetyl-B-D_Mannosamine,19
30.75,G8_N-Acetyl-B-D_Mannosamine,19
31.0,G8_N-Acetyl-B-D_Mannosamine,15
31.25,G8_N-Acetyl-B-D_Mannosamine,15
31.5,G8_N-Acetyl-B-D_Mannosamine,20
31.75,G8_N-Acetyl-B-D_Mannosamine,18
32.0,G8_N-Acetyl-B-D_Mannosamine,15
32.25,G8_N-Acetyl-B-D_Mannosamine,17
32.5,G8_N-Acetyl-B-D_Mannosamine,20
32.75,G8_N-Acetyl-B-D_Mannosamine,19
33.0,G8_N-Acetyl-B-D_Mannosamine,18
33.25,G8_N-Acetyl-B-D_Mannosamine,16
33.5,G8_N-Acetyl-B-D_Mannosamine,19
33.75,G8_N-Acetyl-B-D_Mannosamine,20
34.0,G8_N-Acetyl-B-D_Mannosamine,23
34.25,G8_N-Acetyl-B-D_Mannosamine,20
34.5,G8_N-Acetyl-B-D_Mannosamine,22
34.75,G8_N-Acetyl-B-D_Mannosamine,22
35.0,G8_N-Acetyl-B-D_Mannosamine,19
35.25,G8_N-Acetyl-B-D_Mannosamine,21
35.5,G8_N-Acetyl-B-D_Mannosamine,18
35.75,G8_N-Acetyl-B-D_Mannosamine,22
36.0,G8_N-Acetyl-B-D_Mannosamine,19
36.25,G8_N-Acetyl-B-D_Mannosamine,19
36.5,G8_N-Acetyl-B-D_Mannosamine,26
36.75,G8_N-Acetyl-B-D_Mannosamine,24
37.0,G8_N-Acetyl-B-D_Mannosamine,20
37.25,G8_N-Acetyl-B-D_Mannosamine,18
37.5,G8_N-Acetyl-B-D_Mannosamine,20
37.75,G8_N-Acetyl-B-D_Mannosamine,20
38.0,G8_N-Acetyl-B-D_Mannosamine,20
38.25,G8_N-Acetyl-B-D_Mannosamine,17
38.5,G8_N-Acetyl-B-D_Mannosamine,22
38.75,G8_N-Acetyl-B-D_Mannosamine,22
39.0,G8_N-Acetyl-B-D_Mannosamine,23
39.25,G8_N-Acetyl-B-D_Mannosamine,24
39.5,G8_N-Acetyl-B-D_Mannosamine,22
39.75,G8_N-Acetyl-B-D_Mannosamine,22
40.0,G8_N-Acetyl-B-D_Mannosamine,20
40.25,G8_N-Acetyl-B-D_Mannosamine,16
40.5,G8_N-Acetyl-B-D_Mannosamine,19
40.75,G8_N-Acetyl-B-D_Mannosamine,21
41.0,G8_N-Acetyl-B-D_Mannosamine,19
41.25,G8_N-Acetyl-B-D_Mannosamine,19
41.5,G8_N-Acetyl-B-D_Mannosamine,21
41.75,G8_N-Acetyl-B-D_Mannosamine,22
42.0,G8_N-Acetyl-B-D_Mannosamine,23
42.25,G8_N-Acetyl-B-D_Mannosamine,21
42.5,G8_N-Acetyl-B-D_Mannosamine,24
42.75,G8_N-Acetyl-B-D_Mannosamine,20
43.0,G8_N-Acetyl-B-D_Mannosamine,20
43.25,G8_N-Acetyl-B-D_Mannosamine,21
43.5,G8_N-Acetyl-B-D_Mannosamine,19
43.75,G8_N-Acetyl-B-D_Mannosamine,21
44.0,G8_N-Acetyl-B-D_Mannosamine,17
44.25,G8_N-Acetyl-B-D_Mannosamine,20
44.5,G8_N-Acetyl-B-D_Mannosamine,22
44.75,G8_N-Acetyl-B-D_Mannosamine,20
45.0,G8_N-Acetyl-B-D_Mannosamine,14
45.25,G8_N-Acetyl-B-D_Mannosamine,22
45.5,G8_N-Acetyl-B-D_Mannosamine,23
45.75,G8_N-Acetyl-B-D_Mannosamine,25
46.0,G8_N-Acetyl-B-D_Mannosamine,23
46.25,G8_N-Acetyl-B-D_Mannosamine,21
46.5,G8_N-Acetyl-B-D_Mannosamine,20
46.75,G8_N-Acetyl-B-D_Mannosamine,21
47.0,G8_N-Acetyl-B-D_Mannosamine,23
47.25,G8_N-Acetyl-B-D_Mannosamine,22
47.5,G8_N-Acetyl-B-D_Mannosamine,23
47.75,G8_N-Acetyl-B-D_Mannosamine,26
48.0,G8_N-Acetyl-B-D_Mannosamine,21
48.25,G8_N-Acetyl-B-D_Mannosamine,21
0.0,G9_Mono_Methyl_Succinate,11
0.25,G9_Mono_Methyl_Succinate,11
0.5,G9_Mono_Methyl_Succinate,15
0.75,G9_Mono_Methyl_Succinate,11
1.0,G9_Mono_Methyl_Succinate,12
1.25,G9_Mono_Methyl_Succinate,12
1.5,G9_Mono_Methyl_Succinate,11
1.75,G9_Mono_Methyl_Succinate,11
2.0,G9_Mono_Methyl_Succinate,17
2.25,G9_Mono_Methyl_Succinate,11
2.5,G9_Mono_Methyl_Succinate,11
2.75,G9_Mono_Methyl_Succinate,11
3.0,G9_Mono_Methyl_Succinate,14
3.25,G9_Mono_Methyl_Succinate,11
3.5,G9_Mono_Methyl_Succinate,13
3.75,G9_Mono_Methyl_Succinate,11
4.0,G9_Mono_Methyl_Succinate,14
4.25,G9_Mono_Methyl_Succinate,11
4.5,G9_Mono_Methyl_Succinate,11
4.75,G9_Mono_Methyl_Succinate,13
5.0,G9_Mono_Methyl_Succinate,11
5.25,G9_Mono_Methyl_Succinate,11
5.5,G9_Mono_Methyl_Succinate,11
5.75,G9_Mono_Methyl_Succinate,11
6.0,G9_Mono_Methyl_Succinate,11
6.25,G9_Mono_Methyl_Succinate,12
6.5,G9_Mono_Methyl_Succinate,11
6.75,G9_Mono_Methyl_Succinate,11
7.0,G9_Mono_Methyl_Succinate,11
7.25,G9_Mono_Methyl_Succinate,11
7.5,G9_Mono_Methyl_Succinate,11
7.75,G9_Mono_Methyl_Succinate,11
8.0,G9_Mono_Methyl_Succinate,13
8.25,G9_Mono_Methyl_Succinate,11
8.5,G9_Mono_Methyl_Succinate,12
8.75,G9_Mono_Methyl_Succinate,11
9.0,G9_Mono_Methyl_Succinate,12
9.25,G9_Mono_Methyl_Succinate,12
9.5,G9_Mono_Methyl_Succinate,13
9.75,G9_Mono_Methyl_Succinate,14
10.0,G9_Mono_Methyl_Succinate,11
10.25,G9_Mono_Methyl_Succinate,11
10.5,G9_Mono_Methyl_Succinate,11
10.75,G9_Mono_Methyl_Succinate,14
11.0,G9_Mono_Methyl_Succinate,13
11.25,G9_Mono_Methyl_Succinate,13
11.5,G9_Mono_Methyl_Succinate,13
11.75,G9_Mono_Methyl_Succinate,13
12.0,G9_Mono_Methyl_Succinate,16
12.25,G9_Mono_Methyl_Succinate,12
12.5,G9_Mono_Methyl_Succinate,12
12.75,G9_Mono_Methyl_Succinate,14
13.0,G9_Mono_Methyl_Succinate,13
13.25,G9_Mono_Methyl_Succinate,13
13.5,G9_Mono_Methyl_Succinate,13
13.75,G9_Mono_Methyl_Succinate,12
14.0,G9_Mono_Methyl_Succinate,17
14.25,G9_Mono_Methyl_Succinate,15
14.5,G9_Mono_Methyl_Succinate,13
14.75,G9_Mono_Methyl_Succinate,13
15.0,G9_Mono_Methyl_Succinate,13
15.25,G9_Mono_Methyl_Succinate,11
15.5,G9_Mono_Methyl_Succinate,12
15.75,G9_Mono_Methyl_Succinate,11
16.0,G9_Mono_Methyl_Succinate,14
16.25,G9_Mono_Methyl_Succinate,14
16.5,G9_Mono_Methyl_Succinate,12
16.75,G9_Mono_Methyl_Succinate,11
17.0,G9_Mono_Methyl_Succinate,11
17.25,G9_Mono_Methyl_Succinate,11
17.5,G9_Mono_Methyl_Succinate,11
17.75,G9_Mono_Methyl_Succinate,16
18.0,G9_Mono_Methyl_Succinate,13
18.25,G9_Mono_Methyl_Succinate,13
18.5,G9_Mono_Methyl_Succinate,11
18.75,G9_Mono_Methyl_Succinate,17
19.0,G9_Mono_Methyl_Succinate,15
19.25,G9_Mono_Methyl_Succinate,11
19.5,G9_Mono_Methyl_Succinate,14
19.75,G9_Mono_Methyl_Succinate,15
20.0,G9_Mono_Methyl_Succinate,15
20.25,G9_Mono_Methyl_Succinate,18
20.5,G9_Mono_Methyl_Succinate,13
20.75,G9_Mono_Methyl_Succinate,14
21.0,G9_Mono_Methyl_Succinate,20
21.25,G9_Mono_Methyl_Succinate,13
21.5,G9_Mono_Methyl_Succinate,14
21.75,G9_Mono_Methyl_Succinate,16
22.0,G9_Mono_Methyl_Succinate,13
22.25,G9_Mono_Methyl_Succinate,13
22.5,G9_Mono_Methyl_Succinate,16
22.75,G9_Mono_Methyl_Succinate,17
23.0,G9_Mono_Methyl_Succinate,13
23.25,G9_Mono_Methyl_Succinate,16
23.5,G9_Mono_Methyl_Succinate,17
23.75,G9_Mono_Methyl_Succinate,13
24.0,G9_Mono_Methyl_Succinate,14
24.25,G9_Mono_Methyl_Succinate,16
24.5,G9_Mono_Methyl_Succinate,11
24.75,G9_Mono_Methyl_Succinate,15
25.0,G9_Mono_Methyl_Succinate,13
25.25,G9_Mono_Methyl_Succinate,13
25.5,G9_Mono_Methyl_Succinate,11
25.75,G9_Mono_Methyl_Succinate,16
26.0,G9_Mono_Methyl_Succinate,14
26.25,G9_Mono_Methyl_Succinate,16
26.5,G9_Mono_Methyl_Succinate,14
26.75,G9_Mono_Methyl_Succinate,15
27.0,G9_Mono_Methyl_Succinate,17
27.25,G9_Mono_Methyl_Succinate,12
27.5,G9_Mono_Methyl_Succinate,13
27.75,G9_Mono_Methyl_Succinate,15
28.0,G9_Mono_Methyl_Succinate,13
28.25,G9_Mono_Methyl_Succinate,14
28.5,G9_Mono_Methyl_Succinate,17
28.75,G9_Mono_Methyl_Succinate,16
29.0,G9_Mono_Methyl_Succinate,14
29.25,G9_Mono_Methyl_Succinate,11
29.5,G9_Mono_Methyl_Succinate,17
29.75,G9_Mono_Methyl_Succinate,14
30.0,G9_Mono_Methyl_Succinate,16
30.25,G9_Mono_Methyl_Succinate,17
30.5,G9_Mono_Methyl_Succinate,22
30.75,G9_Mono_Methyl_Succinate,17
31.0,G9_Mono_Methyl_Succinate,15
31.25,G9_Mono_Methyl_Succinate,17
31.5,G9_Mono_Methyl_Succinate,19
31.75,G9_Mono_Methyl_Succinate,17
32.0,G9_Mono_Methyl_Succinate,13
32.25,G9_Mono_Methyl_Succinate,19
32.5,G9_Mono_Methyl_Succinate,20
32.75,G9_Mono_Methyl_Succinate,15
33.0,G9_Mono_Methyl_Succinate,20
33.25,G9_Mono_Methyl_Succinate,13
33.5,G9_Mono_Methyl_Succinate,18
33.75,G9_Mono_Methyl_Succinate,19
34.0,G9_Mono_Methyl_Succinate,16
34.25,G9_Mono_Methyl_Succinate,17
34.5,G9_Mono_Methyl_Succinate,18
34.75,G9_Mono_Methyl_Succinate,15
35.0,G9_Mono_Methyl_Succinate,18
35.25,G9_Mono_Methyl_Succinate,18
35.5,G9_Mono_Methyl_Succinate,18
35.75,G9_Mono_Methyl_Succinate,20
36.0,G9_Mono_Methyl_Succinate,16
36.25,G9_Mono_Methyl_Succinate,17
36.5,G9_Mono_Methyl_Succinate,19
36.75,G9_Mono_Methyl_Succinate,14
37.0,G9_Mono_Methyl_Succinate,20
37.25,G9_Mono_Methyl_Succinate,18
37.5,G9_Mono_Methyl_Succinate,19
37.75,G9_Mono_Methyl_Succinate,23
38.0,G9_Mono_Methyl_Succinate,14
38.25,G9_Mono_Methyl_Succinate,18
38.5,G9_Mono_Methyl_Succinate,19
38.75,G9_Mono_Methyl_Succinate,22
39.0,G9_Mono_Methyl_Succinate,14
39.25,G9_Mono_Methyl_Succinate,18
39.5,G9_Mono_Methyl_Succinate,22
39.75,G9_Mono_Methyl_Succinate,22
40.0,G9_Mono_Methyl_Succinate,12
40.25,G9_Mono_Methyl_Succinate,19
40.5,G9_Mono_Methyl_Succinate,20
40.75,G9_Mono_Methyl_Succinate,20
41.0,G9_Mono_Methyl_Succinate,15
41.25,G9_Mono_Methyl_Succinate,17
41.5,G9_Mono_Methyl_Succinate,17
41.75,G9_Mono_Methyl_Succinate,17
42.0,G9_Mono_Methyl_Succinate,21
42.25,G9_Mono_Methyl_Succinate,21
42.5,G9_Mono_Methyl_Succinate,16
42.75,G9_Mono_Methyl_Succinate,16
43.0,G9_Mono_Methyl_Succinate,18
43.25,G9_Mono_Methyl_Succinate,18
43.5,G9_Mono_Methyl_Succinate,17
43.75,G9_Mono_Methyl_Succinate,17
44.0,G9_Mono_Methyl_Succinate,18
44.25,G9_Mono_Methyl_Succinate,17
44.5,G9_Mono_Methyl_Succinate,19
44.75,G9_Mono_Methyl_Succinate,19
45.0,G9_Mono_Methyl_Succinate,18
45.25,G9_Mono_Methyl_Succinate,21
45.5,G9_Mono_Methyl_Succinate,21
45.75,G9_Mono_Methyl_Succinate,23
46.0,G9_Mono_Methyl_Succinate,15
46.25,G9_Mono_Methyl_Succinate,25
46.5,G9_Mono_Methyl_Succinate,23
46.75,G9_Mono_Methyl_Succinate,20
47.0,G9_Mono_Methyl_Succinate,21
47.25,G9_Mono_Methyl_Succinate,25
47.5,G9_Mono_Methyl_Succinate,26
47.75,G9_Mono_Methyl_Succinate,26
48.0,G9_Mono_Methyl_Succinate,22
48.25,G9_Mono_Methyl_Succinate,23
0.0,G10_Methyl_Pyruvate,13
0.25,G10_Methyl_Pyruvate,11
0.5,G10_Methyl_Pyruvate,13
0.75,G10_Methyl_Pyruvate,13
1.0,G10_Methyl_Pyruvate,11
1.25,G10_Methyl_Pyruvate,17
1.5,G10_Methyl_Pyruvate,11
1.75,G10_Methyl_Pyruvate,12
2.0,G10_Methyl_Pyruvate,11
2.25,G10_Methyl_Pyruvate,11
2.5,G10_Methyl_Pyruvate,13
2.75,G10_Methyl_Pyruvate,13
3.0,G10_Methyl_Pyruvate,13
3.25,G10_Methyl_Pyruvate,11
3.5,G10_Methyl_Pyruvate,13
3.75,G10_Methyl_Pyruvate,11
4.0,G10_Methyl_Pyruvate,11
4.25,G10_Methyl_Pyruvate,13
4.5,G10_Methyl_Pyruvate,11
4.75,G10_Methyl_Pyruvate,11
5.0,G10_Methyl_Pyruvate,11
5.25,G10_Methyl_Pyruvate,11
5.5,G10_Methyl_Pyruvate,11
5.75,G10_Methyl_Pyruvate,11
6.0,G10_Methyl_Pyruvate,11
6.25,G10_Methyl_Pyruvate,15
6.5,G10_Methyl_Pyruvate,14
6.75,G10_Methyl_Pyruvate,12
7.0,G10_Methyl_Pyruvate,11
7.25,G10_Methyl_Pyruvate,15
7.5,G10_Methyl_Pyruvate,11
7.75,G10_Methyl_Pyruvate,11
8.0,G10_Methyl_Pyruvate,13
8.25,G10_Methyl_Pyruvate,11
8.5,G10_Methyl_Pyruvate,12
8.75,G10_Methyl_Pyruvate,11
9.0,G10_Methyl_Pyruvate,11
9.25,G10_Methyl_Pyruvate,14
9.5,G10_Methyl_Pyruvate,11
9.75,G10_Methyl_Pyruvate,11
10.0,G10_Methyl_Pyruvate,11
10.25,G10_Methyl_Pyruvate,11
10.5,G10_Methyl_Pyruvate,11
10.75,G10_Methyl_Pyruvate,11
11.0,G10_Methyl_Pyruvate,14
11.25,G10_Methyl_Pyruvate,13
11.5,G10_Methyl_Pyruvate,12
11.75,G10_Methyl_Pyruvate,11
12.0,G10_Methyl_Pyruvate,16
12.25,G10_Methyl_Pyruvate,11
12.5,G10_Methyl_Pyruvate,12
12.75,G10_Methyl_Pyruvate,11
13.0,G10_Methyl_Pyruvate,13
13.25,G10_Methyl_Pyruvate,14
13.5,G10_Methyl_Pyruvate,12
13.75,G10_Methyl_Pyruvate,12
14.0,G10_Methyl_Pyruvate,11
14.25,G10_Methyl_Pyruvate,13
14.5,G10_Methyl_Pyruvate,12
14.75,G10_Methyl_Pyruvate,17
15.0,G10_Methyl_Pyruvate,14
15.25,G10_Methyl_Pyruvate,12
15.5,G10_Methyl_Pyruvate,12
15.75,G10_Methyl_Pyruvate,12
16.0,G10_Methyl_Pyruvate,13
16.25,G10_Methyl_Pyruvate,12
16.5,G10_Methyl_Pyruvate,13
16.75,G10_Methyl_Pyruvate,11
17.0,G10_Methyl_Pyruvate,13
17.25,G10_Methyl_Pyruvate,12
17.5,G10_Methyl_Pyruvate,15
17.75,G10_Methyl_Pyruvate,11
18.0,G10_Methyl_Pyruvate,11
18.25,G10_Methyl_Pyruvate,14
18.5,G10_Methyl_Pyruvate,11
18.75,G10_Methyl_Pyruvate,11
19.0,G10_Methyl_Pyruvate,12
19.25,G10_Methyl_Pyruvate,13
19.5,G10_Methyl_Pyruvate,15
19.75,G10_Methyl_Pyruvate,12
20.0,G10_Methyl_Pyruvate,14
20.25,G10_Methyl_Pyruvate,14
20.5,G10_Methyl_Pyruvate,17
20.75,G10_Methyl_Pyruvate,13
21.0,G10_Methyl_Pyruvate,11
21.25,G10_Methyl_Pyruvate,17
21.5,G10_Methyl_Pyruvate,11
21.75,G10_Methyl_Pyruvate,13
22.0,G10_Methyl_Pyruvate,12
22.25,G10_Methyl_Pyruvate,11
22.5,G10_Methyl_Pyruvate,12
22.75,G10_Methyl_Pyruvate,14
23.0,G10_Methyl_Pyruvate,11
23.25,G10_Methyl_Pyruvate,16
23.5,G10_Methyl_Pyruvate,13
23.75,G10_Methyl_Pyruvate,12
24.0,G10_Methyl_Pyruvate,14
24.25,G10_Methyl_Pyruvate,14
24.5,G10_Methyl_Pyruvate,12
24.75,G10_Methyl_Pyruvate,13
25.0,G10_Methyl_Pyruvate,11
25.25,G10_Methyl_Pyruvate,15
25.5,G10_Methyl_Pyruvate,15
25.75,G10_Methyl_Pyruvate,15
26.0,G10_Methyl_Pyruvate,11
26.25,G10_Methyl_Pyruvate,12
26.5,G10_Methyl_Pyruvate,14
26.75,G10_Methyl_Pyruvate,11
27.0,G10_Methyl_Pyruvate,16
27.25,G10_Methyl_Pyruvate,15
27.5,G10_Methyl_Pyruvate,11
27.75,G10_Methyl_Pyruvate,13
28.0,G10_Methyl_Pyruvate,11
28.25,G10_Methyl_Pyruvate,16
28.5,G10_Methyl_Pyruvate,18
28.75,G10_Methyl_Pyruvate,12
29.0,G10_Methyl_Pyruvate,15
29.25,G10_Methyl_Pyruvate,11
29.5,G10_Methyl_Pyruvate,13
29.75,G10_Methyl_Pyruvate,12
30.0,G10_Methyl_Pyruvate,12
30.25,G10_Methyl_Pyruvate,15
30.5,G10_Methyl_Pyruvate,13
30.75,G10_Methyl_Pyruvate,16
31.0,G10_Methyl_Pyruvate,13
31.25,G10_Methyl_Pyruvate,13
31.5,G10_Methyl_Pyruvate,14
31.75,G10_Methyl_Pyruvate,12
32.0,G10_Methyl_Pyruvate,16
32.25,G10_Methyl_Pyruvate,15
32.5,G10_Methyl_Pyruvate,11
32.75,G10_Methyl_Pyruvate,16
33.0,G10_Methyl_Pyruvate,19
33.25,G10_Methyl_Pyruvate,14
33.5,G10_Methyl_Pyruvate,16
33.75,G10_Methyl_Pyruvate,13
34.0,G10_Methyl_Pyruvate,17
34.25,G10_Methyl_Pyruvate,11
34.5,G10_Methyl_Pyruvate,20
34.75,G10_Methyl_Pyruvate,17
35.0,G10_Methyl_Pyruvate,16
35.25,G10_Methyl_Pyruvate,19
35.5,G10_Methyl_Pyruvate,15
35.75,G10_Methyl_Pyruvate,18
36.0,G10_Methyl_Pyruvate,17
36.25,G10_Methyl_Pyruvate,15
36.5,G10_Methyl_Pyruvate,24
36.75,G10_Methyl_Pyruvate,19
37.0,G10_Methyl_Pyruvate,19
37.25,G10_Methyl_Pyruvate,19
37.5,G10_Methyl_Pyruvate,22
37.75,G10_Methyl_Pyruvate,19
38.0,G10_Methyl_Pyruvate,17
38.25,G10_Methyl_Pyruvate,20
38.5,G10_Methyl_Pyruvate,13
38.75,G10_Methyl_Pyruvate,18
39.0,G10_Methyl_Pyruvate,15
39.25,G10_Methyl_Pyruvate,17
39.5,G10_Methyl_Pyruvate,23
39.75,G10_Methyl_Pyruvate,20
40.0,G10_Methyl_Pyruvate,15
40.25,G10_Methyl_Pyruvate,20
40.5,G10_Methyl_Pyruvate,17
40.75,G10_Methyl_Pyruvate,15
41.0,G10_Methyl_Pyruvate,14
41.25,G10_Methyl_Pyruvate,21
41.5,G10_Methyl_Pyruvate,21
41.75,G10_Methyl_Pyruvate,19
42.0,G10_Methyl_Pyruvate,20
42.25,G10_Methyl_Pyruvate,25
42.5,G10_Methyl_Pyruvate,20
42.75,G10_Methyl_Pyruvate,15
43.0,G10_Methyl_Pyruvate,20
43.25,G10_Methyl_Pyruvate,15
43.5,G10_Methyl_Pyruvate,20
43.75,G10_Methyl_Pyruvate,16
44.0,G10_Methyl_Pyruvate,16
44.25,G10_Methyl_Pyruvate,21
44.5,G10_Methyl_Pyruvate,23
44.75,G10_Methyl_Pyruvate,19
45.0,G10_Methyl_Pyruvate,18
45.25,G10_Methyl_Pyruvate,21
45.5,G10_Methyl_Pyruvate,22
45.75,G10_Methyl_Pyruvate,18
46.0,G10_Methyl_Pyruvate,17
46.25,G10_Methyl_Pyruvate,24
46.5,G10_Methyl_Pyruvate,26
46.75,G10_Methyl_Pyruvate,23
47.0,G10_Methyl_Pyruvate,21
47.25,G10_Methyl_Pyruvate,23
47.5,G10_Methyl_Pyruvate,23
47.75,G10_Methyl_Pyruvate,19
48.0,G10_Methyl_Pyruvate,23
48.25,G10_Methyl_Pyruvate,21
0.0,G11_D-Malic_Acid,17
0.25,G11_D-Malic_Acid,14
0.5,G11_D-Malic_Acid,15
0.75,G11_D-Malic_Acid,14
1.0,G11_D-Malic_Acid,13
1.25,G11_D-Malic_Acid,17
1.5,G11_D-Malic_Acid,12
1.75,G11_D-Malic_Acid,15
2.0,G11_D-Malic_Acid,16
2.25,G11_D-Malic_Acid,15
2.5,G11_D-Malic_Acid,12
2.75,G11_D-Malic_Acid,13
3.0,G11_D-Malic_Acid,12
3.25,G11_D-Malic_Acid,18
3.5,G11_D-Malic_Acid,17
3.75,G11_D-Malic_Acid,17
4.0,G11_D-Malic_Acid,16
4.25,G11_D-Malic_Acid,13
4.5,G11_D-Malic_Acid,19
4.75,G11_D-Malic_Acid,14
5.0,G11_D-Malic_Acid,20
5.25,G11_D-Malic_Acid,19
5.5,G11_D-Malic_Acid,19
5.75,G11_D-Malic_Acid,14
6.0,G11_D-Malic_Acid,14
6.25,G11_D-Malic_Acid,16
6.5,G11_D-Malic_Acid,14
6.75,G11_D-Malic_Acid,15
7.0,G11_D-Malic_Acid,16
7.25,G11_D-Malic_Acid,16
7.5,G11_D-Malic_Acid,17
7.75,G11_D-Malic_Acid,11
8.0,G11_D-Malic_Acid,22
8.25,G11_D-Malic_Acid,15
8.5,G11_D-Malic_Acid,16
8.75,G11_D-Malic_Acid,18
9.0,G11_D-Malic_Acid,15
9.25,G11_D-Malic_Acid,13
9.5,G11_D-Malic_Acid,15
9.75,G11_D-Malic_Acid,13
10.0,G11_D-Malic_Acid,16
10.25,G11_D-Malic_Acid,14
10.5,G11_D-Malic_Acid,18
10.75,G11_D-Malic_Acid,16
11.0,G11_D-Malic_Acid,17
11.25,G11_D-Malic_Acid,17
11.5,G11_D-Malic_Acid,17
11.75,G11_D-Malic_Acid,17
12.0,G11_D-Malic_Acid,17
12.25,G11_D-Malic_Acid,17
12.5,G11_D-Malic_Acid,18
12.75,G11_D-Malic_Acid,16
13.0,G11_D-Malic_Acid,20
13.25,G11_D-Malic_Acid,11
13.5,G11_D-Malic_Acid,18
13.75,G11_D-Malic_Acid,18
14.0,G11_D-Malic_Acid,16
14.25,G11_D-Malic_Acid,15
14.5,G11_D-Malic_Acid,17
14.75,G11_D-Malic_Acid,20
15.0,G11_D-Malic_Acid,15
15.25,G11_D-Malic_Acid,20
15.5,G11_D-Malic_Acid,15
15.75,G11_D-Malic_Acid,17
16.0,G11_D-Malic_Acid,16
16.25,G11_D-Malic_Acid,15
16.5,G11_D-Malic_Acid,11
16.75,G11_D-Malic_Acid,15
17.0,G11_D-Malic_Acid,24
17.25,G11_D-Malic_Acid,20
17.5,G11_D-Malic_Acid,17
17.75,G11_D-Malic_Acid,20
18.0,G11_D-Malic_Acid,11
18.25,G11_D-Malic_Acid,20
18.5,G11_D-Malic_Acid,16
18.75,G11_D-Malic_Acid,16
19.0,G11_D-Malic_Acid,14
19.25,G11_D-Malic_Acid,19
19.5,G11_D-Malic_Acid,16
19.75,G11_D-Malic_Acid,18
20.0,G11_D-Malic_Acid,20
20.25,G11_D-Malic_Acid,18
20.5,G11_D-Malic_Acid,21
20.75,G11_D-Malic_Acid,22
21.0,G11_D-Malic_Acid,18
21.25,G11_D-Malic_Acid,16
21.5,G11_D-Malic_Acid,22
21.75,G11_D-Malic_Acid,13
22.0,G11_D-Malic_Acid,16
22.25,G11_D-Malic_Acid,18
22.5,G11_D-Malic_Acid,19
22.75,G11_D-Malic_Acid,19
23.0,G11_D-Malic_Acid,16
23.25,G11_D-Malic_Acid,18
23.5,G11_D-Malic_Acid,20
23.75,G11_D-Malic_Acid,15
24.0,G11_D-Malic_Acid,17
24.25,G11_D-Malic_Acid,17
24.5,G11_D-Malic_Acid,17
24.75,G11_D-Malic_Acid,17
25.0,G11_D-Malic_Acid,19
25.25,G11_D-Malic_Acid,17
25.5,G11_D-Malic_Acid,18
25.75,G11_D-Malic_Acid,18
26.0,G11_D-Malic_Acid,15
26.25,G11_D-Malic_Acid,16
26.5,G11_D-Malic_Acid,15
26.75,G11_D-Malic_Acid,17
27.0,G11_D-Malic_Acid,18
27.25,G11_D-Malic_Acid,17
27.5,G11_D-Malic_Acid,18
27.75,G11_D-Malic_Acid,20
28.0,G11_D-Malic_Acid,14
28.25,G11_D-Malic_Acid,18
28.5,G11_D-Malic_Acid,19
28.75,G11_D-Malic_Acid,19
29.0,G11_D-Malic_Acid,20
29.25,G11_D-Malic_Acid,18
29.5,G11_D-Malic_Acid,14
29.75,G11_D-Malic_Acid,18
30.0,G11_D-Malic_Acid,16
30.25,G11_D-Malic_Acid,20
30.5,G11_D-Malic_Acid,19
30.75,G11_D-Malic_Acid,16
31.0,G11_D-Malic_Acid,17
31.25,G11_D-Malic_Acid,22
31.5,G11_D-Malic_Acid,23
31.75,G11_D-Malic_Acid,23
32.0,G11_D-Malic_Acid,20
32.25,G11_D-Malic_Acid,17
32.5,G11_D-Malic_Acid,20
32.75,G11_D-Malic_Acid,19
33.0,G11_D-Malic_Acid,19
33.25,G11_D-Malic_Acid,22
33.5,G11_D-Malic_Acid,18
33.75,G11_D-Malic_Acid,20
34.0,G11_D-Malic_Acid,15
34.25,G11_D-Malic_Acid,22
34.5,G11_D-Malic_Acid,23
34.75,G11_D-Malic_Acid,20
35.0,G11_D-Malic_Acid,20
35.25,G11_D-Malic_Acid,19
35.5,G11_D-Malic_Acid,18
35.75,G11_D-Malic_Acid,22
36.0,G11_D-Malic_Acid,23
36.25,G11_D-Malic_Acid,18
36.5,G11_D-Malic_Acid,21
36.75,G11_D-Malic_Acid,21
37.0,G11_D-Malic_Acid,25
37.25,G11_D-Malic_Acid,25
37.5,G11_D-Malic_Acid,21
37.75,G11_D-Malic_Acid,22
38.0,G11_D-Malic_Acid,20
38.25,G11_D-Malic_Acid,19
38.5,G11_D-Malic_Acid,25
38.75,G11_D-Malic_Acid,24
39.0,G11_D-Malic_Acid,21
39.25,G11_D-Malic_Acid,25
39.5,G11_D-Malic_Acid,21
39.75,G11_D-Malic_Acid,23
40.0,G11_D-Malic_Acid,20
40.25,G11_D-Malic_Acid,20
40.5,G11_D-Malic_Acid,21
40.75,G11_D-Malic_Acid,20
41.0,G11_D-Malic_Acid,18
41.25,G11_D-Malic_Acid,25
41.5,G11_D-Malic_Acid,23
41.75,G11_D-Malic_Acid,20
42.0,G11_D-Malic_Acid,24
42.25,G11_D-Malic_Acid,22
42.5,G11_D-Malic_Acid,21
42.75,G11_D-Malic_Acid,18
43.0,G11_D-Malic_Acid,21
43.25,G11_D-Malic_Acid,23
43.5,G11_D-Malic_Acid,22
43.75,G11_D-Malic_Acid,19
44.0,G11_D-Malic_Acid,22
44.25,G11_D-Malic_Acid,25
44.5,G11_D-Malic_Acid,25
44.75,G11_D-Malic_Acid,19
45.0,G11_D-Malic_Acid,23
45.25,G11_D-Malic_Acid,24
45.5,G11_D-Malic_Acid,21
45.75,G11_D-Malic_Acid,29
46.0,G11_D-Malic_Acid,19
46.25,G11_D-Malic_Acid,25
46.5,G11_D-Malic_Acid,28
46.75,G11_D-Malic_Acid,24
47.0,G11_D-Malic_Acid,25
47.25,G11_D-Malic_Acid,22
47.5,G11_D-Malic_Acid,26
47.75,G11_D-Malic_Acid,24
48.0,G11_D-Malic_Acid,25
48.25,G11_D-Malic_Acid,27
0.0,G12_L-Malic_Acid,25
0.25,G12_L-Malic_Acid,21
0.5,G12_L-Malic_Acid,24
0.75,G12_L-Malic_Acid,18
1.0,G12_L-Malic_Acid,22
1.25,G12_L-Malic_Acid,20
1.5,G12_L-Malic_Acid,16
1.75,G12_L-Malic_Acid,21
2.0,G12_L-Malic_Acid,23
2.25,G12_L-Malic_Acid,17
2.5,G12_L-Malic_Acid,25
2.75,G12_L-Malic_Acid,23
3.0,G12_L-Malic_Acid,21
3.25,G12_L-Malic_Acid,23
3.5,G12_L-Malic_Acid,25
3.75,G12_L-Malic_Acid,19
4.0,G12_L-Malic_Acid,27
4.25,G12_L-Malic_Acid,22
4.5,G12_L-Malic_Acid,26
4.75,G12_L-Malic_Acid,18
5.0,G12_L-Malic_Acid,21
5.25,G12_L-Malic_Acid,22
5.5,G12_L-Malic_Acid,20
5.75,G12_L-Malic_Acid,19
6.0,G12_L-Malic_Acid,21
6.25,G12_L-Malic_Acid,24
6.5,G12_L-Malic_Acid,23
6.75,G12_L-Malic_Acid,21
7.0,G12_L-Malic_Acid,21
7.25,G12_L-Malic_Acid,24
7.5,G12_L-Malic_Acid,21
7.75,G12_L-Malic_Acid,18
8.0,G12_L-Malic_Acid,25
8.25,G12_L-Malic_Acid,24
8.5,G12_L-Malic_Acid,23
8.75,G12_L-Malic_Acid,23
9.0,G12_L-Malic_Acid,20
9.25,G12_L-Malic_Acid,27
9.5,G12_L-Malic_Acid,23
9.75,G12_L-Malic_Acid,21
10.0,G12_L-Malic_Acid,21
10.25,G12_L-Malic_Acid,21
10.5,G12_L-Malic_Acid,22
10.75,G12_L-Malic_Acid,25
11.0,G12_L-Malic_Acid,25
11.25,G12_L-Malic_Acid,22
11.5,G12_L-Malic_Acid,23
11.75,G12_L-Malic_Acid,20
12.0,G12_L-Malic_Acid,26
12.25,G12_L-Malic_Acid,24
12.5,G12_L-Malic_Acid,23
12.75,G12_L-Malic_Acid,26
13.0,G12_L-Malic_Acid,22
13.25,G12_L-Malic_Acid,28
13.5,G12_L-Malic_Acid,23
13.75,G12_L-Malic_Acid,27
14.0,G12_L-Malic_Acid,23
14.25,G12_L-Malic_Acid,30
14.5,G12_L-Malic_Acid,26
14.75,G12_L-Malic_Acid,23
15.0,G12_L-Malic_Acid,20
15.25,G12_L-Malic_Acid,21
15.5,G12_L-Malic_Acid,21
15.75,G12_L-Malic_Acid,17
16.0,G12_L-Malic_Acid,25
16.25,G12_L-Malic_Acid,22
16.5,G12_L-Malic_Acid,20
16.75,G12_L-Malic_Acid,16
17.0,G12_L-Malic_Acid,23
17.25,G12_L-Malic_Acid,25
17.5,G12_L-Malic_Acid,22
17.75,G12_L-Malic_Acid,22
18.0,G12_L-Malic_Acid,22
18.25,G12_L-Malic_Acid,21
18.5,G12_L-Malic_Acid,26
18.75,G12_L-Malic_Acid,22
19.0,G12_L-Malic_Acid,21
19.25,G12_L-Malic_Acid,24
19.5,G12_L-Malic_Acid,22
19.75,G12_L-Malic_Acid,25
20.0,G12_L-Malic_Acid,22
20.25,G12_L-Malic_Acid,22
20.5,G12_L-Malic_Acid,21
20.75,G12_L-Malic_Acid,24
21.0,G12_L-Malic_Acid,21
21.25,G12_L-Malic_Acid,25
21.5,G12_L-Malic_Acid,23
21.75,G12_L-Malic_Acid,20
22.0,G12_L-Malic_Acid,23
22.25,G12_L-Malic_Acid,27
22.5,G12_L-Malic_Acid,20
22.75,G12_L-Malic_Acid,23
23.0,G12_L-Malic_Acid,24
23.25,G12_L-Malic_Acid,23
23.5,G12_L-Malic_Acid,23
23.75,G12_L-Malic_Acid,23
24.0,G12_L-Malic_Acid,23
24.25,G12_L-Malic_Acid,23
24.5,G12_L-Malic_Acid,23
24.75,G12_L-Malic_Acid,22
25.0,G12_L-Malic_Acid,25
25.25,G12_L-Malic_Acid,25
25.5,G12_L-Malic_Acid,25
25.75,G12_L-Malic_Acid,25
26.0,G12_L-Malic_Acid,26
26.25,G12_L-Malic_Acid,26
26.5,G12_L-Malic_Acid,26
26.75,G12_L-Malic_Acid,24
27.0,G12_L-Malic_Acid,27
27.25,G12_L-Malic_Acid,20
27.5,G12_L-Malic_Acid,24
27.75,G12_L-Malic_Acid,29
28.0,G12_L-Malic_Acid,26
28.25,G12_L-Malic_Acid,24
28.5,G12_L-Malic_Acid,27
28.75,G12_L-Malic_Acid,27
29.0,G12_L-Malic_Acid,26
29.25,G12_L-Malic_Acid,28
29.5,G12_L-Malic_Acid,26
29.75,G12_L-Malic_Acid,26
30.0,G12_L-Malic_Acid,24
30.25,G12_L-Malic_Acid,25
30.5,G12_L-Malic_Acid,28
30.75,G12_L-Malic_Acid,24
31.0,G12_L-Malic_Acid,23
31.25,G12_L-Malic_Acid,23
31.5,G12_L-Malic_Acid,27
31.75,G12_L-Malic_Acid,27
32.0,G12_L-Malic_Acid,25
32.25,G12_L-Malic_Acid,25
32.5,G12_L-Malic_Acid,31
32.75,G12_L-Malic_Acid,27
33.0,G12_L-Malic_Acid,26
33.25,G12_L-Malic_Acid,26
33.5,G12_L-Malic_Acid,25
33.75,G12_L-Malic_Acid,26
34.0,G12_L-Malic_Acid,24
34.25,G12_L-Malic_Acid,34
34.5,G12_L-Malic_Acid,30
34.75,G12_L-Malic_Acid,27
35.0,G12_L-Malic_Acid,27
35.25,G12_L-Malic_Acid,25
35.5,G12_L-Malic_Acid,24
35.75,G12_L-Malic_Acid,27
36.0,G12_L-Malic_Acid,27
36.25,G12_L-Malic_Acid,27
36.5,G12_L-Malic_Acid,28
36.75,G12_L-Malic_Acid,26
37.0,G12_L-Malic_Acid,30
37.25,G12_L-Malic_Acid,28
37.5,G12_L-Malic_Acid,29
37.75,G12_L-Malic_Acid,33
38.0,G12_L-Malic_Acid,31
38.25,G12_L-Malic_Acid,29
38.5,G12_L-Malic_Acid,29
38.75,G12_L-Malic_Acid,30
39.0,G12_L-Malic_Acid,26
39.25,G12_L-Malic_Acid,30
39.5,G12_L-Malic_Acid,31
39.75,G12_L-Malic_Acid,29
40.0,G12_L-Malic_Acid,28
40.25,G12_L-Malic_Acid,30
40.5,G12_L-Malic_Acid,30
40.75,G12_L-Malic_Acid,29
41.0,G12_L-Malic_Acid,32
41.25,G12_L-Malic_Acid,32
41.5,G12_L-Malic_Acid,32
41.75,G12_L-Malic_Acid,30
42.0,G12_L-Malic_Acid,32
42.25,G12_L-Malic_Acid,36
42.5,G12_L-Malic_Acid,28
42.75,G12_L-Malic_Acid,30
43.0,G12_L-Malic_Acid,33
43.25,G12_L-Malic_Acid,34
43.5,G12_L-Malic_Acid,29
43.75,G12_L-Malic_Acid,26
44.0,G12_L-Malic_Acid,32
44.25,G12_L-Malic_Acid,31
44.5,G12_L-Malic_Acid,31
44.75,G12_L-Malic_Acid,30
45.0,G12_L-Malic_Acid,29
45.25,G12_L-Malic_Acid,30
45.5,G12_L-Malic_Acid,33
45.75,G12_L-Malic_Acid,37
46.0,G12_L-Malic_Acid,31
46.25,G12_L-Malic_Acid,34
46.5,G12_L-Malic_Acid,33
46.75,G12_L-Malic_Acid,34
47.0,G12_L-Malic_Acid,33
47.25,G12_L-Malic_Acid,33
47.5,G12_L-Malic_Acid,39
47.75,G12_L-Malic_Acid,36
48.0,G12_L-Malic_Acid,34
48.25,G12_L-Malic_Acid,37
0.0,H1_Glycyl-L-Proline,22
0.25,H1_Glycyl-L-Proline,21
0.5,H1_Glycyl-L-Proline,25
0.75,H1_Glycyl-L-Proline,21
1.0,H1_Glycyl-L-Proline,16
1.25,H1_Glycyl-L-Proline,21
1.5,H1_Glycyl-L-Proline,16
1.75,H1_Glycyl-L-Proline,20
2.0,H1_Glycyl-L-Proline,18
2.25,H1_Glycyl-L-Proline,17
2.5,H1_Glycyl-L-Proline,18
2.75,H1_Glycyl-L-Proline,22
3.0,H1_Glycyl-L-Proline,24
3.25,H1_Glycyl-L-Proline,22
3.5,H1_Glycyl-L-Proline,22
3.75,H1_Glycyl-L-Proline,19
4.0,H1_Glycyl-L-Proline,23
4.25,H1_Glycyl-L-Proline,26
4.5,H1_Glycyl-L-Proline,23
4.75,H1_Glycyl-L-Proline,26
5.0,H1_Glycyl-L-Proline,22
5.25,H1_Glycyl-L-Proline,22
5.5,H1_Glycyl-L-Proline,24
5.75,H1_Glycyl-L-Proline,20
6.0,H1_Glycyl-L-Proline,23
6.25,H1_Glycyl-L-Proline,23
6.5,H1_Glycyl-L-Proline,21
6.75,H1_Glycyl-L-Proline,19
7.0,H1_Glycyl-L-Proline,18
7.25,H1_Glycyl-L-Proline,23
7.5,H1_Glycyl-L-Proline,22
7.75,H1_Glycyl-L-Proline,20
8.0,H1_Glycyl-L-Proline,25
8.25,H1_Glycyl-L-Proline,26
8.5,H1_Glycyl-L-Proline,25
8.75,H1_Glycyl-L-Proline,24
9.0,H1_Glycyl-L-Proline,19
9.25,H1_Glycyl-L-Proline,21
9.5,H1_Glycyl-L-Proline,22
9.75,H1_Glycyl-L-Proline,18
10.0,H1_Glycyl-L-Proline,17
10.25,H1_Glycyl-L-Proline,20
10.5,H1_Glycyl-L-Proline,23
10.75,H1_Glycyl-L-Proline,27
11.0,H1_Glycyl-L-Proline,24
11.25,H1_Glycyl-L-Proline,25
11.5,H1_Glycyl-L-Proline,21
11.75,H1_Glycyl-L-Proline,21
12.0,H1_Glycyl-L-Proline,23
12.25,H1_Glycyl-L-Proline,23
12.5,H1_Glycyl-L-Proline,19
12.75,H1_Glycyl-L-Proline,22
13.0,H1_Glycyl-L-Proline,21
13.25,H1_Glycyl-L-Proline,22
13.5,H1_Glycyl-L-Proline,22
13.75,H1_Glycyl-L-Proline,24
14.0,H1_Glycyl-L-Proline,23
14.25,H1_Glycyl-L-Proline,24
14.5,H1_Glycyl-L-Proline,21
14.75,H1_Glycyl-L-Proline,26
15.0,H1_Glycyl-L-Proline,21
15.25,H1_Glycyl-L-Proline,19
15.5,H1_Glycyl-L-Proline,17
15.75,H1_Glycyl-L-Proline,20
16.0,H1_Glycyl-L-Proline,26
16.25,H1_Glycyl-L-Proline,22
16.5,H1_Glycyl-L-Proline,22
16.75,H1_Glycyl-L-Proline,19
17.0,H1_Glycyl-L-Proline,21
17.25,H1_Glycyl-L-Proline,22
17.5,H1_Glycyl-L-Proline,23
17.75,H1_Glycyl-L-Proline,25
18.0,H1_Glycyl-L-Proline,24
18.25,H1_Glycyl-L-Proline,19
18.5,H1_Glycyl-L-Proline,21
18.75,H1_Glycyl-L-Proline,22
19.0,H1_Glycyl-L-Proline,22
19.25,H1_Glycyl-L-Proline,20
19.5,H1_Glycyl-L-Proline,24
19.75,H1_Glycyl-L-Proline,23
20.0,H1_Glycyl-L-Proline,20
20.25,H1_Glycyl-L-Proline,20
20.5,H1_Glycyl-L-Proline,27
20.75,H1_Glycyl-L-Proline,25
21.0,H1_Glycyl-L-Proline,25
21.25,H1_Glycyl-L-Proline,19
21.5,H1_Glycyl-L-Proline,18
21.75,H1_Glycyl-L-Proline,21
22.0,H1_Glycyl-L-Proline,19
22.25,H1_Glycyl-L-Proline,21
22.5,H1_Glycyl-L-Proline,27
22.75,H1_Glycyl-L-Proline,23
23.0,H1_Glycyl-L-Proline,22
23.25,H1_Glycyl-L-Proline,24
23.5,H1_Glycyl-L-Proline,23
23.75,H1_Glycyl-L-Proline,20
24.0,H1_Glycyl-L-Proline,20
24.25,H1_Glycyl-L-Proline,22
24.5,H1_Glycyl-L-Proline,22
24.75,H1_Glycyl-L-Proline,19
25.0,H1_Glycyl-L-Proline,26
25.25,H1_Glycyl-L-Proline,17
25.5,H1_Glycyl-L-Proline,21
25.75,H1_Glycyl-L-Proline,23
26.0,H1_Glycyl-L-Proline,19
26.25,H1_Glycyl-L-Proline,23
26.5,H1_Glycyl-L-Proline,24
26.75,H1_Glycyl-L-Proline,21
27.0,H1_Glycyl-L-Proline,23
27.25,H1_Glycyl-L-Proline,21
27.5,H1_Glycyl-L-Proline,22
27.75,H1_Glycyl-L-Proline,27
28.0,H1_Glycyl-L-Proline,20
28.25,H1_Glycyl-L-Proline,25
28.5,H1_Glycyl-L-Proline,19
28.75,H1_Glycyl-L-Proline,21
29.0,H1_Glycyl-L-Proline,23
29.25,H1_Glycyl-L-Proline,23
29.5,H1_Glycyl-L-Proline,21
29.75,H1_Glycyl-L-Proline,25
30.0,H1_Glycyl-L-Proline,20
30.25,H1_Glycyl-L-Proline,21
30.5,H1_Glycyl-L-Proline,23
30.75,H1_Glycyl-L-Proline,22
31.0,H1_Glycyl-L-Proline,22
31.25,H1_Glycyl-L-Proline,21
31.5,H1_Glycyl-L-Proline,18
31.75,H1_Glycyl-L-Proline,21
32.0,H1_Glycyl-L-Proline,20
32.25,H1_Glycyl-L-Proline,20
32.5,H1_Glycyl-L-Proline,23
32.75,H1_Glycyl-L-Proline,19
33.0,H1_Glycyl-L-Proline,19
33.25,H1_Glycyl-L-Proline,18
33.5,H1_Glycyl-L-Proline,16
33.75,H1_Glycyl-L-Proline,21
34.0,H1_Glycyl-L-Proline,23
34.25,H1_Glycyl-L-Proline,22
34.5,H1_Glycyl-L-Proline,19
34.75,H1_Glycyl-L-Proline,18
35.0,H1_Glycyl-L-Proline,22
35.25,H1_Glycyl-L-Proline,25
35.5,H1_Glycyl-L-Proline,25
35.75,H1_Glycyl-L-Proline,20
36.0,H1_Glycyl-L-Proline,20
36.25,H1_Glycyl-L-Proline,21
36.5,H1_Glycyl-L-Proline,21
36.75,H1_Glycyl-L-Proline,21
37.0,H1_Glycyl-L-Proline,22
37.25,H1_Glycyl-L-Proline,22
37.5,H1_Glycyl-L-Proline,23
37.75,H1_Glycyl-L-Proline,21
38.0,H1_Glycyl-L-Proline,17
38.25,H1_Glycyl-L-Proline,22
38.5,H1_Glycyl-L-Proline,23
38.75,H1_Glycyl-L-Proline,24
39.0,H1_Glycyl-L-Proline,21
39.25,H1_Glycyl-L-Proline,22
39.5,H1_Glycyl-L-Proline,18
39.75,H1_Glycyl-L-Proline,21
40.0,H1_Glycyl-L-Proline,22
40.25,H1_Glycyl-L-Proline,21
40.5,H1_Glycyl-L-Proline,20
40.75,H1_Glycyl-L-Proline,18
41.0,H1_Glycyl-L-Proline,22
41.25,H1_Glycyl-L-Proline,22
41.5,H1_Glycyl-L-Proline,23
41.75,H1_Glycyl-L-Proline,17
42.0,H1_Glycyl-L-Proline,26
42.25,H1_Glycyl-L-Proline,24
42.5,H1_Glycyl-L-Proline,24
42.75,H1_Glycyl-L-Proline,23
43.0,H1_Glycyl-L-Proline,21
43.25,H1_Glycyl-L-Proline,21
43.5,H1_Glycyl-L-Proline,22
43.75,H1_Glycyl-L-Proline,22
44.0,H1_Glycyl-L-Proline,17
44.25,H1_Glycyl-L-Proline,23
44.5,H1_Glycyl-L-Proline,20
44.75,H1_Glycyl-L-Proline,23
45.0,H1_Glycyl-L-Proline,21
45.25,H1_Glycyl-L-Proline,19
45.5,H1_Glycyl-L-Proline,24
45.75,H1_Glycyl-L-Proline,24
46.0,H1_Glycyl-L-Proline,24
46.25,H1_Glycyl-L-Proline,25
46.5,H1_Glycyl-L-Proline,21
46.75,H1_Glycyl-L-Proline,21
47.0,H1_Glycyl-L-Proline,20
47.25,H1_Glycyl-L-Proline,23
47.5,H1_Glycyl-L-Proline,23
47.75,H1_Glycyl-L-Proline,26
48.0,H1_Glycyl-L-Proline,22
48.25,H1_Glycyl-L-Proline,24
0.0,H2_p-Hydroxy_Phenyl_AceticAcid,22
0.25,H2_p-Hydroxy_Phenyl_AceticAcid,17
0.5,H2_p-Hydroxy_Phenyl_AceticAcid,17
0.75,H2_p-Hydroxy_Phenyl_AceticAcid,19
1.0,H2_p-Hydroxy_Phenyl_AceticAcid,19
1.25,H2_p-Hydroxy_Phenyl_AceticAcid,21
1.5,H2_p-Hydroxy_Phenyl_AceticAcid,19
1.75,H2_p-Hydroxy_Phenyl_AceticAcid,16
2.0,H2_p-Hydroxy_Phenyl_AceticAcid,20
2.25,H2_p-Hydroxy_Phenyl_AceticAcid,20
2.5,H2_p-Hydroxy_Phenyl_AceticAcid,21
2.75,H2_p-Hydroxy_Phenyl_AceticAcid,22
3.0,H2_p-Hydroxy_Phenyl_AceticAcid,20
3.25,H2_p-Hydroxy_Phenyl_AceticAcid,17
3.5,H2_p-Hydroxy_Phenyl_AceticAcid,24
3.75,H2_p-Hydroxy_Phenyl_AceticAcid,18
4.0,H2_p-Hydroxy_Phenyl_AceticAcid,22
4.25,H2_p-Hydroxy_Phenyl_AceticAcid,21
4.5,H2_p-Hydroxy_Phenyl_AceticAcid,15
4.75,H2_p-Hydroxy_Phenyl_AceticAcid,20
5.0,H2_p-Hydroxy_Phenyl_AceticAcid,21
5.25,H2_p-Hydroxy_Phenyl_AceticAcid,23
5.5,H2_p-Hydroxy_Phenyl_AceticAcid,17
5.75,H2_p-Hydroxy_Phenyl_AceticAcid,22
6.0,H2_p-Hydroxy_Phenyl_AceticAcid,19
6.25,H2_p-Hydroxy_Phenyl_AceticAcid,18
6.5,H2_p-Hydroxy_Phenyl_AceticAcid,19
6.75,H2_p-Hydroxy_Phenyl_AceticAcid,21
7.0,H2_p-Hydroxy_Phenyl_AceticAcid,20
7.25,H2_p-Hydroxy_Phenyl_AceticAcid,23
7.5,H2_p-Hydroxy_Phenyl_AceticAcid,20
7.75,H2_p-Hydroxy_Phenyl_AceticAcid,18
8.0,H2_p-Hydroxy_Phenyl_AceticAcid,25
8.25,H2_p-Hydroxy_Phenyl_AceticAcid,21
8.5,H2_p-Hydroxy_Phenyl_AceticAcid,19
8.75,H2_p-Hydroxy_Phenyl_AceticAcid,19
9.0,H2_p-Hydroxy_Phenyl_AceticAcid,21
9.25,H2_p-Hydroxy_Phenyl_AceticAcid,21
9.5,H2_p-Hydroxy_Phenyl_AceticAcid,18
9.75,H2_p-Hydroxy_Phenyl_AceticAcid,19
10.0,H2_p-Hydroxy_Phenyl_AceticAcid,15
10.25,H2_p-Hydroxy_Phenyl_AceticAcid,20
10.5,H2_p-Hydroxy_Phenyl_AceticAcid,21
10.75,H2_p-Hydroxy_Phenyl_AceticAcid,23
11.0,H2_p-Hydroxy_Phenyl_AceticAcid,20
11.25,H2_p-Hydroxy_Phenyl_AceticAcid,23
11.5,H2_p-Hydroxy_Phenyl_AceticAcid,21
11.75,H2_p-Hydroxy_Phenyl_AceticAcid,18
12.0,H2_p-Hydroxy_Phenyl_AceticAcid,21
12.25,H2_p-Hydroxy_Phenyl_AceticAcid,19
12.5,H2_p-Hydroxy_Phenyl_AceticAcid,22
12.75,H2_p-Hydroxy_Phenyl_AceticAcid,18
13.0,H2_p-Hydroxy_Phenyl_AceticAcid,24
13.25,H2_p-Hydroxy_Phenyl_AceticAcid,21
13.5,H2_p-Hydroxy_Phenyl_AceticAcid,18
13.75,H2_p-Hydroxy_Phenyl_AceticAcid,22
14.0,H2_p-Hydroxy_Phenyl_AceticAcid,19
14.25,H2_p-Hydroxy_Phenyl_AceticAcid,20
14.5,H2_p-Hydroxy_Phenyl_AceticAcid,19
14.75,H2_p-Hydroxy_Phenyl_AceticAcid,20
15.0,H2_p-Hydroxy_Phenyl_AceticAcid,22
15.25,H2_p-Hydroxy_Phenyl_AceticAcid,22
15.5,H2_p-Hydroxy_Phenyl_AceticAcid,19
15.75,H2_p-Hydroxy_Phenyl_AceticAcid,22
16.0,H2_p-Hydroxy_Phenyl_AceticAcid,22
16.25,H2_p-Hydroxy_Phenyl_AceticAcid,18
16.5,H2_p-Hydroxy_Phenyl_AceticAcid,21
16.75,H2_p-Hydroxy_Phenyl_AceticAcid,16
17.0,H2_p-Hydroxy_Phenyl_AceticAcid,20
17.25,H2_p-Hydroxy_Phenyl_AceticAcid,18
17.5,H2_p-Hydroxy_Phenyl_AceticAcid,20
17.75,H2_p-Hydroxy_Phenyl_AceticAcid,18
18.0,H2_p-Hydroxy_Phenyl_AceticAcid,15
18.25,H2_p-Hydroxy_Phenyl_AceticAcid,15
18.5,H2_p-Hydroxy_Phenyl_AceticAcid,22
18.75,H2_p-Hydroxy_Phenyl_AceticAcid,21
19.0,H2_p-Hydroxy_Phenyl_AceticAcid,17
19.25,H2_p-Hydroxy_Phenyl_AceticAcid,19
19.5,H2_p-Hydroxy_Phenyl_AceticAcid,21
19.75,H2_p-Hydroxy_Phenyl_AceticAcid,21
20.0,H2_p-Hydroxy_Phenyl_AceticAcid,20
20.25,H2_p-Hydroxy_Phenyl_AceticAcid,20
20.5,H2_p-Hydroxy_Phenyl_AceticAcid,17
20.75,H2_p-Hydroxy_Phenyl_AceticAcid,17
21.0,H2_p-Hydroxy_Phenyl_AceticAcid,22
21.25,H2_p-Hydroxy_Phenyl_AceticAcid,14
21.5,H2_p-Hydroxy_Phenyl_AceticAcid,22
21.75,H2_p-Hydroxy_Phenyl_AceticAcid,23
22.0,H2_p-Hydroxy_Phenyl_AceticAcid,18
22.25,H2_p-Hydroxy_Phenyl_AceticAcid,23
22.5,H2_p-Hydroxy_Phenyl_AceticAcid,24
22.75,H2_p-Hydroxy_Phenyl_AceticAcid,18
23.0,H2_p-Hydroxy_Phenyl_AceticAcid,20
23.25,H2_p-Hydroxy_Phenyl_AceticAcid,19
23.5,H2_p-Hydroxy_Phenyl_AceticAcid,23
23.75,H2_p-Hydroxy_Phenyl_AceticAcid,22
24.0,H2_p-Hydroxy_Phenyl_AceticAcid,15
24.25,H2_p-Hydroxy_Phenyl_AceticAcid,22
24.5,H2_p-Hydroxy_Phenyl_AceticAcid,24
24.75,H2_p-Hydroxy_Phenyl_AceticAcid,22
25.0,H2_p-Hydroxy_Phenyl_AceticAcid,20
25.25,H2_p-Hydroxy_Phenyl_AceticAcid,17
25.5,H2_p-Hydroxy_Phenyl_AceticAcid,16
25.75,H2_p-Hydroxy_Phenyl_AceticAcid,19
26.0,H2_p-Hydroxy_Phenyl_AceticAcid,21
26.25,H2_p-Hydroxy_Phenyl_AceticAcid,20
26.5,H2_p-Hydroxy_Phenyl_AceticAcid,20
26.75,H2_p-Hydroxy_Phenyl_AceticAcid,23
27.0,H2_p-Hydroxy_Phenyl_AceticAcid,22
27.25,H2_p-Hydroxy_Phenyl_AceticAcid,15
27.5,H2_p-Hydroxy_Phenyl_AceticAcid,19
27.75,H2_p-Hydroxy_Phenyl_AceticAcid,21
28.0,H2_p-Hydroxy_Phenyl_AceticAcid,20
28.25,H2_p-Hydroxy_Phenyl_AceticAcid,21
28.5,H2_p-Hydroxy_Phenyl_AceticAcid,21
28.75,H2_p-Hydroxy_Phenyl_AceticAcid,20
29.0,H2_p-Hydroxy_Phenyl_AceticAcid,18
29.25,H2_p-Hydroxy_Phenyl_AceticAcid,24
29.5,H2_p-Hydroxy_Phenyl_AceticAcid,19
29.75,H2_p-Hydroxy_Phenyl_AceticAcid,23
30.0,H2_p-Hydroxy_Phenyl_AceticAcid,21
30.25,H2_p-Hydroxy_Phenyl_AceticAcid,23
30.5,H2_p-Hydroxy_Phenyl_AceticAcid,22
30.75,H2_p-Hydroxy_Phenyl_AceticAcid,20
31.0,H2_p-Hydroxy_Phenyl_AceticAcid,20
31.25,H2_p-Hydroxy_Phenyl_AceticAcid,17
31.5,H2_p-Hydroxy_Phenyl_AceticAcid,25
31.75,H2_p-Hydroxy_Phenyl_AceticAcid,18
32.0,H2_p-Hydroxy_Phenyl_AceticAcid,21
32.25,H2_p-Hydroxy_Phenyl_AceticAcid,23
32.5,H2_p-Hydroxy_Phenyl_AceticAcid,23
32.75,H2_p-Hydroxy_Phenyl_AceticAcid,20
33.0,H2_p-Hydroxy_Phenyl_AceticAcid,20
33.25,H2_p-Hydroxy_Phenyl_AceticAcid,17
33.5,H2_p-Hydroxy_Phenyl_AceticAcid,15
33.75,H2_p-Hydroxy_Phenyl_AceticAcid,20
34.0,H2_p-Hydroxy_Phenyl_AceticAcid,16
34.25,H2_p-Hydroxy_Phenyl_AceticAcid,20
34.5,H2_p-Hydroxy_Phenyl_AceticAcid,23
34.75,H2_p-Hydroxy_Phenyl_AceticAcid,22
35.0,H2_p-Hydroxy_Phenyl_AceticAcid,19
35.25,H2_p-Hydroxy_Phenyl_AceticAcid,20
35.5,H2_p-Hydroxy_Phenyl_AceticAcid,21
35.75,H2_p-Hydroxy_Phenyl_AceticAcid,19
36.0,H2_p-Hydroxy_Phenyl_AceticAcid,18
36.25,H2_p-Hydroxy_Phenyl_AceticAcid,22
36.5,H2_p-Hydroxy_Phenyl_AceticAcid,14
36.75,H2_p-Hydroxy_Phenyl_AceticAcid,19
37.0,H2_p-Hydroxy_Phenyl_AceticAcid,17
37.25,H2_p-Hydroxy_Phenyl_AceticAcid,18
37.5,H2_p-Hydroxy_Phenyl_AceticAcid,20
37.75,H2_p-Hydroxy_Phenyl_AceticAcid,20
38.0,H2_p-Hydroxy_Phenyl_AceticAcid,20
38.25,H2_p-Hydroxy_Phenyl_AceticAcid,23
38.5,H2_p-Hydroxy_Phenyl_AceticAcid,23
38.75,H2_p-Hydroxy_Phenyl_AceticAcid,19
39.0,H2_p-Hydroxy_Phenyl_AceticAcid,20
39.25,H2_p-Hydroxy_Phenyl_AceticAcid,21
39.5,H2_p-Hydroxy_Phenyl_AceticAcid,19
39.75,H2_p-Hydroxy_Phenyl_AceticAcid,18
40.0,H2_p-Hydroxy_Phenyl_AceticAcid,20
40.25,H2_p-Hydroxy_Phenyl_AceticAcid,18
40.5,H2_p-Hydroxy_Phenyl_AceticAcid,18
40.75,H2_p-Hydroxy_Phenyl_AceticAcid,20
41.0,H2_p-Hydroxy_Phenyl_AceticAcid,24
41.25,H2_p-Hydroxy_Phenyl_AceticAcid,16
41.5,H2_p-Hydroxy_Phenyl_AceticAcid,20
41.75,H2_p-Hydroxy_Phenyl_AceticAcid,21
42.0,H2_p-Hydroxy_Phenyl_AceticAcid,22
42.25,H2_p-Hydroxy_Phenyl_AceticAcid,19
42.5,H2_p-Hydroxy_Phenyl_AceticAcid,20
42.75,H2_p-Hydroxy_Phenyl_AceticAcid,20
43.0,H2_p-Hydroxy_Phenyl_AceticAcid,21
43.25,H2_p-Hydroxy_Phenyl_AceticAcid,19
43.5,H2_p-Hydroxy_Phenyl_AceticAcid,17
43.75,H2_p-Hydroxy_Phenyl_AceticAcid,22
44.0,H2_p-Hydroxy_Phenyl_AceticAcid,18
44.25,H2_p-Hydroxy_Phenyl_AceticAcid,20
44.5,H2_p-Hydroxy_Phenyl_AceticAcid,23
44.75,H2_p-Hydroxy_Phenyl_AceticAcid,20
45.0,H2_p-Hydroxy_Phenyl_AceticAcid,17
45.25,H2_p-Hydroxy_Phenyl_AceticAcid,18
45.5,H2_p-Hydroxy_Phenyl_AceticAcid,16
45.75,H2_p-Hydroxy_Phenyl_AceticAcid,22
46.0,H2_p-Hydroxy_Phenyl_AceticAcid,20
46.25,H2_p-Hydroxy_Phenyl_AceticAcid,21
46.5,H2_p-Hydroxy_Phenyl_AceticAcid,19
46.75,H2_p-Hydroxy_Phenyl_AceticAcid,20
47.0,H2_p-Hydroxy_Phenyl_AceticAcid,22
47.25,H2_p-Hydroxy_Phenyl_AceticAcid,20
47.5,H2_p-Hydroxy_Phenyl_AceticAcid,22
47.75,H2_p-Hydroxy_Phenyl_AceticAcid,20
48.0,H2_p-Hydroxy_Phenyl_AceticAcid,21
48.25,H2_p-Hydroxy_Phenyl_AceticAcid,19
0.0,H3_m-Hydroxy_Phenyl_AceticAcid,15
0.25,H3_m-Hydroxy_Phenyl_AceticAcid,12
0.5,H3_m-Hydroxy_Phenyl_AceticAcid,13
0.75,H3_m-Hydroxy_Phenyl_AceticAcid,14
1.0,H3_m-Hydroxy_Phenyl_AceticAcid,12
1.25,H3_m-Hydroxy_Phenyl_AceticAcid,11
1.5,H3_m-Hydroxy_Phenyl_AceticAcid,20
1.75,H3_m-Hydroxy_Phenyl_AceticAcid,18
2.0,H3_m-Hydroxy_Phenyl_AceticAcid,11
2.25,H3_m-Hydroxy_Phenyl_AceticAcid,11
2.5,H3_m-Hydroxy_Phenyl_AceticAcid,15
2.75,H3_m-Hydroxy_Phenyl_AceticAcid,16
3.0,H3_m-Hydroxy_Phenyl_AceticAcid,12
3.25,H3_m-Hydroxy_Phenyl_AceticAcid,12
3.5,H3_m-Hydroxy_Phenyl_AceticAcid,16
3.75,H3_m-Hydroxy_Phenyl_AceticAcid,17
4.0,H3_m-Hydroxy_Phenyl_AceticAcid,12
4.25,H3_m-Hydroxy_Phenyl_AceticAcid,15
4.5,H3_m-Hydroxy_Phenyl_AceticAcid,12
4.75,H3_m-Hydroxy_Phenyl_AceticAcid,15
5.0,H3_m-Hydroxy_Phenyl_AceticAcid,16
5.25,H3_m-Hydroxy_Phenyl_AceticAcid,14
5.5,H3_m-Hydroxy_Phenyl_AceticAcid,13
5.75,H3_m-Hydroxy_Phenyl_AceticAcid,14
6.0,H3_m-Hydroxy_Phenyl_AceticAcid,13
6.25,H3_m-Hydroxy_Phenyl_AceticAcid,16
6.5,H3_m-Hydroxy_Phenyl_AceticAcid,13
6.75,H3_m-Hydroxy_Phenyl_AceticAcid,15
7.0,H3_m-Hydroxy_Phenyl_AceticAcid,18
7.25,H3_m-Hydroxy_Phenyl_AceticAcid,14
7.5,H3_m-Hydroxy_Phenyl_AceticAcid,11
7.75,H3_m-Hydroxy_Phenyl_AceticAcid,11
8.0,H3_m-Hydroxy_Phenyl_AceticAcid,14
8.25,H3_m-Hydroxy_Phenyl_AceticAcid,16
8.5,H3_m-Hydroxy_Phenyl_AceticAcid,16
8.75,H3_m-Hydroxy_Phenyl_AceticAcid,16
9.0,H3_m-Hydroxy_Phenyl_AceticAcid,13
9.25,H3_m-Hydroxy_Phenyl_AceticAcid,15
9.5,H3_m-Hydroxy_Phenyl_AceticAcid,15
9.75,H3_m-Hydroxy_Phenyl_AceticAcid,13
10.0,H3_m-Hydroxy_Phenyl_AceticAcid,11
10.25,H3_m-Hydroxy_Phenyl_AceticAcid,14
10.5,H3_m-Hydroxy_Phenyl_AceticAcid,13
10.75,H3_m-Hydroxy_Phenyl_AceticAcid,13
11.0,H3_m-Hydroxy_Phenyl_AceticAcid,20
11.25,H3_m-Hydroxy_Phenyl_AceticAcid,11
11.5,H3_m-Hydroxy_Phenyl_AceticAcid,13
11.75,H3_m-Hydroxy_Phenyl_AceticAcid,13
12.0,H3_m-Hydroxy_Phenyl_AceticAcid,12
12.25,H3_m-Hydroxy_Phenyl_AceticAcid,14
12.5,H3_m-Hydroxy_Phenyl_AceticAcid,11
12.75,H3_m-Hydroxy_Phenyl_AceticAcid,16
13.0,H3_m-Hydroxy_Phenyl_AceticAcid,11
13.25,H3_m-Hydroxy_Phenyl_AceticAcid,14
13.5,H3_m-Hydroxy_Phenyl_AceticAcid,11
13.75,H3_m-Hydroxy_Phenyl_AceticAcid,15
14.0,H3_m-Hydroxy_Phenyl_AceticAcid,17
14.25,H3_m-Hydroxy_Phenyl_AceticAcid,13
14.5,H3_m-Hydroxy_Phenyl_AceticAcid,14
14.75,H3_m-Hydroxy_Phenyl_AceticAcid,15
15.0,H3_m-Hydroxy_Phenyl_AceticAcid,11
15.25,H3_m-Hydroxy_Phenyl_AceticAcid,18
15.5,H3_m-Hydroxy_Phenyl_AceticAcid,11
15.75,H3_m-Hydroxy_Phenyl_AceticAcid,15
16.0,H3_m-Hydroxy_Phenyl_AceticAcid,14
16.25,H3_m-Hydroxy_Phenyl_AceticAcid,11
16.5,H3_m-Hydroxy_Phenyl_AceticAcid,12
16.75,H3_m-Hydroxy_Phenyl_AceticAcid,12
17.0,H3_m-Hydroxy_Phenyl_AceticAcid,16
17.25,H3_m-Hydroxy_Phenyl_AceticAcid,15
17.5,H3_m-Hydroxy_Phenyl_AceticAcid,17
17.75,H3_m-Hydroxy_Phenyl_AceticAcid,15
18.0,H3_m-Hydroxy_Phenyl_AceticAcid,13
18.25,H3_m-Hydroxy_Phenyl_AceticAcid,15
18.5,H3_m-Hydroxy_Phenyl_AceticAcid,14
18.75,H3_m-Hydroxy_Phenyl_AceticAcid,11
19.0,H3_m-Hydroxy_Phenyl_AceticAcid,14
19.25,H3_m-Hydroxy_Phenyl_AceticAcid,13
19.5,H3_m-Hydroxy_Phenyl_AceticAcid,12
19.75,H3_m-Hydroxy_Phenyl_AceticAcid,12
20.0,H3_m-Hydroxy_Phenyl_AceticAcid,14
20.25,H3_m-Hydroxy_Phenyl_AceticAcid,16
20.5,H3_m-Hydroxy_Phenyl_AceticAcid,11
20.75,H3_m-Hydroxy_Phenyl_AceticAcid,11
21.0,H3_m-Hydroxy_Phenyl_AceticAcid,13
21.25,H3_m-Hydroxy_Phenyl_AceticAcid,15
21.5,H3_m-Hydroxy_Phenyl_AceticAcid,15
21.75,H3_m-Hydroxy_Phenyl_AceticAcid,21
22.0,H3_m-Hydroxy_Phenyl_AceticAcid,17
22.25,H3_m-Hydroxy_Phenyl_AceticAcid,16
22.5,H3_m-Hydroxy_Phenyl_AceticAcid,12
22.75,H3_m-Hydroxy_Phenyl_AceticAcid,14
23.0,H3_m-Hydroxy_Phenyl_AceticAcid,16
23.25,H3_m-Hydroxy_Phenyl_AceticAcid,11
23.5,H3_m-Hydroxy_Phenyl_AceticAcid,14
23.75,H3_m-Hydroxy_Phenyl_AceticAcid,13
24.0,H3_m-Hydroxy_Phenyl_AceticAcid,11
24.25,H3_m-Hydroxy_Phenyl_AceticAcid,19
24.5,H3_m-Hydroxy_Phenyl_AceticAcid,14
24.75,H3_m-Hydroxy_Phenyl_AceticAcid,12
25.0,H3_m-Hydroxy_Phenyl_AceticAcid,16
25.25,H3_m-Hydroxy_Phenyl_AceticAcid,14
25.5,H3_m-Hydroxy_Phenyl_AceticAcid,12
25.75,H3_m-Hydroxy_Phenyl_AceticAcid,14
26.0,H3_m-Hydroxy_Phenyl_AceticAcid,12
26.25,H3_m-Hydroxy_Phenyl_AceticAcid,15
26.5,H3_m-Hydroxy_Phenyl_AceticAcid,15
26.75,H3_m-Hydroxy_Phenyl_AceticAcid,13
27.0,H3_m-Hydroxy_Phenyl_AceticAcid,14
27.25,H3_m-Hydroxy_Phenyl_AceticAcid,12
27.5,H3_m-Hydroxy_Phenyl_AceticAcid,13
27.75,H3_m-Hydroxy_Phenyl_AceticAcid,13
28.0,H3_m-Hydroxy_Phenyl_AceticAcid,15
28.25,H3_m-Hydroxy_Phenyl_AceticAcid,14
28.5,H3_m-Hydroxy_Phenyl_AceticAcid,11
28.75,H3_m-Hydroxy_Phenyl_AceticAcid,11
29.0,H3_m-Hydroxy_Phenyl_AceticAcid,11
29.25,H3_m-Hydroxy_Phenyl_AceticAcid,11
29.5,H3_m-Hydroxy_Phenyl_AceticAcid,14
29.75,H3_m-Hydroxy_Phenyl_AceticAcid,11
30.0,H3_m-Hydroxy_Phenyl_AceticAcid,15
30.25,H3_m-Hydroxy_Phenyl_AceticAcid,11
30.5,H3_m-Hydroxy_Phenyl_AceticAcid,11
30.75,H3_m-Hydroxy_Phenyl_AceticAcid,12
31.0,H3_m-Hydroxy_Phenyl_AceticAcid,11
31.25,H3_m-Hydroxy_Phenyl_AceticAcid,15
31.5,H3_m-Hydroxy_Phenyl_AceticAcid,14
31.75,H3_m-Hydroxy_Phenyl_AceticAcid,12
32.0,H3_m-Hydroxy_Phenyl_AceticAcid,13
32.25,H3_m-Hydroxy_Phenyl_AceticAcid,13
32.5,H3_m-Hydroxy_Phenyl_AceticAcid,13
32.75,H3_m-Hydroxy_Phenyl_AceticAcid,11
33.0,H3_m-Hydroxy_Phenyl_AceticAcid,13
33.25,H3_m-Hydroxy_Phenyl_AceticAcid,13
33.5,H3_m-Hydroxy_Phenyl_AceticAcid,11
33.75,H3_m-Hydroxy_Phenyl_AceticAcid,13
34.0,H3_m-Hydroxy_Phenyl_AceticAcid,13
34.25,H3_m-Hydroxy_Phenyl_AceticAcid,15
34.5,H3_m-Hydroxy_Phenyl_AceticAcid,13
34.75,H3_m-Hydroxy_Phenyl_AceticAcid,15
35.0,H3_m-Hydroxy_Phenyl_AceticAcid,11
35.25,H3_m-Hydroxy_Phenyl_AceticAcid,14
35.5,H3_m-Hydroxy_Phenyl_AceticAcid,11
35.75,H3_m-Hydroxy_Phenyl_AceticAcid,12
36.0,H3_m-Hydroxy_Phenyl_AceticAcid,13
36.25,H3_m-Hydroxy_Phenyl_AceticAcid,14
36.5,H3_m-Hydroxy_Phenyl_AceticAcid,11
36.75,H3_m-Hydroxy_Phenyl_AceticAcid,14
37.0,H3_m-Hydroxy_Phenyl_AceticAcid,13
37.25,H3_m-Hydroxy_Phenyl_AceticAcid,11
37.5,H3_m-Hydroxy_Phenyl_AceticAcid,11
37.75,H3_m-Hydroxy_Phenyl_AceticAcid,15
38.0,H3_m-Hydroxy_Phenyl_AceticAcid,11
38.25,H3_m-Hydroxy_Phenyl_AceticAcid,11
38.5,H3_m-Hydroxy_Phenyl_AceticAcid,12
38.75,H3_m-Hydroxy_Phenyl_AceticAcid,17
39.0,H3_m-Hydroxy_Phenyl_AceticAcid,17
39.25,H3_m-Hydroxy_Phenyl_AceticAcid,13
39.5,H3_m-Hydroxy_Phenyl_AceticAcid,12
39.75,H3_m-Hydroxy_Phenyl_AceticAcid,12
40.0,H3_m-Hydroxy_Phenyl_AceticAcid,12
40.25,H3_m-Hydroxy_Phenyl_AceticAcid,12
40.5,H3_m-Hydroxy_Phenyl_AceticAcid,11
40.75,H3_m-Hydroxy_Phenyl_AceticAcid,16
41.0,H3_m-Hydroxy_Phenyl_AceticAcid,14
41.25,H3_m-Hydroxy_Phenyl_AceticAcid,12
41.5,H3_m-Hydroxy_Phenyl_AceticAcid,13
41.75,H3_m-Hydroxy_Phenyl_AceticAcid,13
42.0,H3_m-Hydroxy_Phenyl_AceticAcid,14
42.25,H3_m-Hydroxy_Phenyl_AceticAcid,15
42.5,H3_m-Hydroxy_Phenyl_AceticAcid,11
42.75,H3_m-Hydroxy_Phenyl_AceticAcid,16
43.0,H3_m-Hydroxy_Phenyl_AceticAcid,14
43.25,H3_m-Hydroxy_Phenyl_AceticAcid,15
43.5,H3_m-Hydroxy_Phenyl_AceticAcid,12
43.75,H3_m-Hydroxy_Phenyl_AceticAcid,13
44.0,H3_m-Hydroxy_Phenyl_AceticAcid,12
44.25,H3_m-Hydroxy_Phenyl_AceticAcid,17
44.5,H3_m-Hydroxy_Phenyl_AceticAcid,11
44.75,H3_m-Hydroxy_Phenyl_AceticAcid,12
45.0,H3_m-Hydroxy_Phenyl_AceticAcid,11
45.25,H3_m-Hydroxy_Phenyl_AceticAcid,15
45.5,H3_m-Hydroxy_Phenyl_AceticAcid,12
45.75,H3_m-Hydroxy_Phenyl_AceticAcid,13
46.0,H3_m-Hydroxy_Phenyl_AceticAcid,13
46.25,H3_m-Hydroxy_Phenyl_AceticAcid,16
46.5,H3_m-Hydroxy_Phenyl_AceticAcid,12
46.75,H3_m-Hydroxy_Phenyl_AceticAcid,16
47.0,H3_m-Hydroxy_Phenyl_AceticAcid,12
47.25,H3_m-Hydroxy_Phenyl_AceticAcid,11
47.5,H3_m-Hydroxy_Phenyl_AceticAcid,14
47.75,H3_m-Hydroxy_Phenyl_AceticAcid,18
48.0,H3_m-Hydroxy_Phenyl_AceticAcid,17
48.25,H3_m-Hydroxy_Phenyl_AceticAcid,17
0.0,H4_Tyramine,17
0.25,H4_Tyramine,17
0.5,H4_Tyramine,13
0.75,H4_Tyramine,16
1.0,H4_Tyramine,16
1.25,H4_Tyramine,16
1.5,H4_Tyramine,19
1.75,H4_Tyramine,15
2.0,H4_Tyramine,15
2.25,H4_Tyramine,13
2.5,H4_Tyramine,14
2.75,H4_Tyramine,16
3.0,H4_Tyramine,16
3.25,H4_Tyramine,11
3.5,H4_Tyramine,19
3.75,H4_Tyramine,17
4.0,H4_Tyramine,13
4.25,H4_Tyramine,15
4.5,H4_Tyramine,11
4.75,H4_Tyramine,20
5.0,H4_Tyramine,16
5.25,H4_Tyramine,17
5.5,H4_Tyramine,13
5.75,H4_Tyramine,15
6.0,H4_Tyramine,12
6.25,H4_Tyramine,14
6.5,H4_Tyramine,14
6.75,H4_Tyramine,15
7.0,H4_Tyramine,14
7.25,H4_Tyramine,18
7.5,H4_Tyramine,17
7.75,H4_Tyramine,13
8.0,H4_Tyramine,18
8.25,H4_Tyramine,17
8.5,H4_Tyramine,15
8.75,H4_Tyramine,17
9.0,H4_Tyramine,14
9.25,H4_Tyramine,14
9.5,H4_Tyramine,15
9.75,H4_Tyramine,14
10.0,H4_Tyramine,11
10.25,H4_Tyramine,14
10.5,H4_Tyramine,19
10.75,H4_Tyramine,16
11.0,H4_Tyramine,19
11.25,H4_Tyramine,16
11.5,H4_Tyramine,16
11.75,H4_Tyramine,13
12.0,H4_Tyramine,12
12.25,H4_Tyramine,16
12.5,H4_Tyramine,11
12.75,H4_Tyramine,17
13.0,H4_Tyramine,12
13.25,H4_Tyramine,21
13.5,H4_Tyramine,14
13.75,H4_Tyramine,16
14.0,H4_Tyramine,18
14.25,H4_Tyramine,15
14.5,H4_Tyramine,15
14.75,H4_Tyramine,19
15.0,H4_Tyramine,15
15.25,H4_Tyramine,16
15.5,H4_Tyramine,13
15.75,H4_Tyramine,16
16.0,H4_Tyramine,17
16.25,H4_Tyramine,17
16.5,H4_Tyramine,17
16.75,H4_Tyramine,12
17.0,H4_Tyramine,21
17.25,H4_Tyramine,17
17.5,H4_Tyramine,19
17.75,H4_Tyramine,20
18.0,H4_Tyramine,19
18.25,H4_Tyramine,16
18.5,H4_Tyramine,17
18.75,H4_Tyramine,19
19.0,H4_Tyramine,20
19.25,H4_Tyramine,13
19.5,H4_Tyramine,16
19.75,H4_Tyramine,19
20.0,H4_Tyramine,18
20.25,H4_Tyramine,15
20.5,H4_Tyramine,18
20.75,H4_Tyramine,18
21.0,H4_Tyramine,16
21.25,H4_Tyramine,21
21.5,H4_Tyramine,19
21.75,H4_Tyramine,20
22.0,H4_Tyramine,18
22.25,H4_Tyramine,16
22.5,H4_Tyramine,19
22.75,H4_Tyramine,19
23.0,H4_Tyramine,19
23.25,H4_Tyramine,17
23.5,H4_Tyramine,20
23.75,H4_Tyramine,15
24.0,H4_Tyramine,17
24.25,H4_Tyramine,19
24.5,H4_Tyramine,16
24.75,H4_Tyramine,17
25.0,H4_Tyramine,21
25.25,H4_Tyramine,17
25.5,H4_Tyramine,19
25.75,H4_Tyramine,18
26.0,H4_Tyramine,15
26.25,H4_Tyramine,19
26.5,H4_Tyramine,20
26.75,H4_Tyramine,17
27.0,H4_Tyramine,21
27.25,H4_Tyramine,20
27.5,H4_Tyramine,17
27.75,H4_Tyramine,18
28.0,H4_Tyramine,19
28.25,H4_Tyramine,16
28.5,H4_Tyramine,19
28.75,H4_Tyramine,19
29.0,H4_Tyramine,12
29.25,H4_Tyramine,21
29.5,H4_Tyramine,19
29.75,H4_Tyramine,15
30.0,H4_Tyramine,18
30.25,H4_Tyramine,18
30.5,H4_Tyramine,21
30.75,H4_Tyramine,17
31.0,H4_Tyramine,16
31.25,H4_Tyramine,18
31.5,H4_Tyramine,20
31.75,H4_Tyramine,18
32.0,H4_Tyramine,18
32.25,H4_Tyramine,17
32.5,H4_Tyramine,18
32.75,H4_Tyramine,21
33.0,H4_Tyramine,19
33.25,H4_Tyramine,20
33.5,H4_Tyramine,18
33.75,H4_Tyramine,22
34.0,H4_Tyramine,22
34.25,H4_Tyramine,17
34.5,H4_Tyramine,21
34.75,H4_Tyramine,22
35.0,H4_Tyramine,17
35.25,H4_Tyramine,18
35.5,H4_Tyramine,19
35.75,H4_Tyramine,19
36.0,H4_Tyramine,18
36.25,H4_Tyramine,20
36.5,H4_Tyramine,19
36.75,H4_Tyramine,19
37.0,H4_Tyramine,16
37.25,H4_Tyramine,23
37.5,H4_Tyramine,19
37.75,H4_Tyramine,22
38.0,H4_Tyramine,21
38.25,H4_Tyramine,20
38.5,H4_Tyramine,19
38.75,H4_Tyramine,20
39.0,H4_Tyramine,18
39.25,H4_Tyramine,21
39.5,H4_Tyramine,16
39.75,H4_Tyramine,21
40.0,H4_Tyramine,21
40.25,H4_Tyramine,14
40.5,H4_Tyramine,19
40.75,H4_Tyramine,19
41.0,H4_Tyramine,18
41.25,H4_Tyramine,21
41.5,H4_Tyramine,21
41.75,H4_Tyramine,15
42.0,H4_Tyramine,18
42.25,H4_Tyramine,22
42.5,H4_Tyramine,21
42.75,H4_Tyramine,20
43.0,H4_Tyramine,18
43.25,H4_Tyramine,18
43.5,H4_Tyramine,16
43.75,H4_Tyramine,17
44.0,H4_Tyramine,24
44.25,H4_Tyramine,18
44.5,H4_Tyramine,16
44.75,H4_Tyramine,19
45.0,H4_Tyramine,19
45.25,H4_Tyramine,21
45.5,H4_Tyramine,22
45.75,H4_Tyramine,20
46.0,H4_Tyramine,16
46.25,H4_Tyramine,23
46.5,H4_Tyramine,22
46.75,H4_Tyramine,22
47.0,H4_Tyramine,21
47.25,H4_Tyramine,18
47.5,H4_Tyramine,22
47.75,H4_Tyramine,21
48.0,H4_Tyramine,19
48.25,H4_Tyramine,22
0.0,H5_D-Psicose,16
0.25,H5_D-Psicose,17
0.5,H5_D-Psicose,18
0.75,H5_D-Psicose,19
1.0,H5_D-Psicose,21
1.25,H5_D-Psicose,17
1.5,H5_D-Psicose,16
1.75,H5_D-Psicose,18
2.0,H5_D-Psicose,21
2.25,H5_D-Psicose,19
2.5,H5_D-Psicose,21
2.75,H5_D-Psicose,20
3.0,H5_D-Psicose,20
3.25,H5_D-Psicose,19
3.5,H5_D-Psicose,17
3.75,H5_D-Psicose,14
4.0,H5_D-Psicose,20
4.25,H5_D-Psicose,19
4.5,H5_D-Psicose,20
4.75,H5_D-Psicose,19
5.0,H5_D-Psicose,19
5.25,H5_D-Psicose,17
5.5,H5_D-Psicose,18
5.75,H5_D-Psicose,18
6.0,H5_D-Psicose,18
6.25,H5_D-Psicose,17
6.5,H5_D-Psicose,17
6.75,H5_D-Psicose,17
7.0,H5_D-Psicose,23
7.25,H5_D-Psicose,19
7.5,H5_D-Psicose,21
7.75,H5_D-Psicose,17
8.0,H5_D-Psicose,21
8.25,H5_D-Psicose,19
8.5,H5_D-Psicose,16
8.75,H5_D-Psicose,18
9.0,H5_D-Psicose,17
9.25,H5_D-Psicose,18
9.5,H5_D-Psicose,16
9.75,H5_D-Psicose,22
10.0,H5_D-Psicose,13
10.25,H5_D-Psicose,17
10.5,H5_D-Psicose,21
10.75,H5_D-Psicose,17
11.0,H5_D-Psicose,19
11.25,H5_D-Psicose,20
11.5,H5_D-Psicose,20
11.75,H5_D-Psicose,21
12.0,H5_D-Psicose,18
12.25,H5_D-Psicose,17
12.5,H5_D-Psicose,16
12.75,H5_D-Psicose,15
13.0,H5_D-Psicose,16
13.25,H5_D-Psicose,15
13.5,H5_D-Psicose,20
13.75,H5_D-Psicose,22
14.0,H5_D-Psicose,21
14.25,H5_D-Psicose,22
14.5,H5_D-Psicose,20
14.75,H5_D-Psicose,23
15.0,H5_D-Psicose,19
15.25,H5_D-Psicose,16
15.5,H5_D-Psicose,20
15.75,H5_D-Psicose,19
16.0,H5_D-Psicose,20
16.25,H5_D-Psicose,20
16.5,H5_D-Psicose,17
16.75,H5_D-Psicose,15
17.0,H5_D-Psicose,21
17.25,H5_D-Psicose,21
17.5,H5_D-Psicose,22
17.75,H5_D-Psicose,17
18.0,H5_D-Psicose,18
18.25,H5_D-Psicose,20
18.5,H5_D-Psicose,17
18.75,H5_D-Psicose,22
19.0,H5_D-Psicose,19
19.25,H5_D-Psicose,23
19.5,H5_D-Psicose,21
19.75,H5_D-Psicose,18
20.0,H5_D-Psicose,21
20.25,H5_D-Psicose,19
20.5,H5_D-Psicose,21
20.75,H5_D-Psicose,20
21.0,H5_D-Psicose,18
21.25,H5_D-Psicose,21
21.5,H5_D-Psicose,17
21.75,H5_D-Psicose,23
22.0,H5_D-Psicose,18
22.25,H5_D-Psicose,21
22.5,H5_D-Psicose,19
22.75,H5_D-Psicose,19
23.0,H5_D-Psicose,20
23.25,H5_D-Psicose,22
23.5,H5_D-Psicose,26
23.75,H5_D-Psicose,21
24.0,H5_D-Psicose,21
24.25,H5_D-Psicose,23
24.5,H5_D-Psicose,21
24.75,H5_D-Psicose,21
25.0,H5_D-Psicose,24
25.25,H5_D-Psicose,20
25.5,H5_D-Psicose,21
25.75,H5_D-Psicose,22
26.0,H5_D-Psicose,24
26.25,H5_D-Psicose,17
26.5,H5_D-Psicose,25
26.75,H5_D-Psicose,25
27.0,H5_D-Psicose,27
27.25,H5_D-Psicose,21
27.5,H5_D-Psicose,25
27.75,H5_D-Psicose,24
28.0,H5_D-Psicose,22
28.25,H5_D-Psicose,22
28.5,H5_D-Psicose,24
28.75,H5_D-Psicose,20
29.0,H5_D-Psicose,22
29.25,H5_D-Psicose,25
29.5,H5_D-Psicose,24
29.75,H5_D-Psicose,23
30.0,H5_D-Psicose,26
30.25,H5_D-Psicose,25
30.5,H5_D-Psicose,26
30.75,H5_D-Psicose,23
31.0,H5_D-Psicose,22
31.25,H5_D-Psicose,23
31.5,H5_D-Psicose,26
31.75,H5_D-Psicose,25
32.0,H5_D-Psicose,24
32.25,H5_D-Psicose,26
32.5,H5_D-Psicose,24
32.75,H5_D-Psicose,23
33.0,H5_D-Psicose,25
33.25,H5_D-Psicose,27
33.5,H5_D-Psicose,26
33.75,H5_D-Psicose,27
34.0,H5_D-Psicose,24
34.25,H5_D-Psicose,27
34.5,H5_D-Psicose,26
34.75,H5_D-Psicose,23
35.0,H5_D-Psicose,28
35.25,H5_D-Psicose,26
35.5,H5_D-Psicose,25
35.75,H5_D-Psicose,26
36.0,H5_D-Psicose,27
36.25,H5_D-Psicose,21
36.5,H5_D-Psicose,26
36.75,H5_D-Psicose,28
37.0,H5_D-Psicose,29
37.25,H5_D-Psicose,25
37.5,H5_D-Psicose,26
37.75,H5_D-Psicose,30
38.0,H5_D-Psicose,25
38.25,H5_D-Psicose,29
38.5,H5_D-Psicose,25
38.75,H5_D-Psicose,28
39.0,H5_D-Psicose,30
39.25,H5_D-Psicose,28
39.5,H5_D-Psicose,24
39.75,H5_D-Psicose,27
40.0,H5_D-Psicose,27
40.25,H5_D-Psicose,27
40.5,H5_D-Psicose,24
40.75,H5_D-Psicose,27
41.0,H5_D-Psicose,28
41.25,H5_D-Psicose,26
41.5,H5_D-Psicose,24
41.75,H5_D-Psicose,29
42.0,H5_D-Psicose,28
42.25,H5_D-Psicose,28
42.5,H5_D-Psicose,25
42.75,H5_D-Psicose,29
43.0,H5_D-Psicose,25
43.25,H5_D-Psicose,23
43.5,H5_D-Psicose,24
43.75,H5_D-Psicose,26
44.0,H5_D-Psicose,26
44.25,H5_D-Psicose,28
44.5,H5_D-Psicose,26
44.75,H5_D-Psicose,27
45.0,H5_D-Psicose,24
45.25,H5_D-Psicose,27
45.5,H5_D-Psicose,25
45.75,H5_D-Psicose,27
46.0,H5_D-Psicose,24
46.25,H5_D-Psicose,29
46.5,H5_D-Psicose,25
46.75,H5_D-Psicose,30
47.0,H5_D-Psicose,26
47.25,H5_D-Psicose,30
47.5,H5_D-Psicose,26
47.75,H5_D-Psicose,27
48.0,H5_D-Psicose,26
48.25,H5_D-Psicose,27
0.0,H6_L-Lyxose,88
0.25,H6_L-Lyxose,87
0.5,H6_L-Lyxose,94
0.75,H6_L-Lyxose,94
1.0,H6_L-Lyxose,94
1.25,H6_L-Lyxose,97
1.5,H6_L-Lyxose,94
1.75,H6_L-Lyxose,92
2.0,H6_L-Lyxose,97
2.25,H6_L-Lyxose,97
2.5,H6_L-Lyxose,97
2.75,H6_L-Lyxose,99
3.0,H6_L-Lyxose,101
3.25,H6_L-Lyxose,96
3.5,H6_L-Lyxose,93
3.75,H6_L-Lyxose,95
4.0,H6_L-Lyxose,97
4.25,H6_L-Lyxose,97
4.5,H6_L-Lyxose,102
4.75,H6_L-Lyxose,100
5.0,H6_L-Lyxose,100
5.25,H6_L-Lyxose,98
5.5,H6_L-Lyxose,96
5.75,H6_L-Lyxose,100
6.0,H6_L-Lyxose,98
6.25,H6_L-Lyxose,96
6.5,H6_L-Lyxose,101
6.75,H6_L-Lyxose,102
7.0,H6_L-Lyxose,102
7.25,H6_L-Lyxose,101
7.5,H6_L-Lyxose,101
7.75,H6_L-Lyxose,101
8.0,H6_L-Lyxose,104
8.25,H6_L-Lyxose,102
8.5,H6_L-Lyxose,100
8.75,H6_L-Lyxose,102
9.0,H6_L-Lyxose,103
9.25,H6_L-Lyxose,105
9.5,H6_L-Lyxose,103
9.75,H6_L-Lyxose,102
10.0,H6_L-Lyxose,103
10.25,H6_L-Lyxose,102
10.5,H6_L-Lyxose,103
10.75,H6_L-Lyxose,106
11.0,H6_L-Lyxose,107
11.25,H6_L-Lyxose,106
11.5,H6_L-Lyxose,109
11.75,H6_L-Lyxose,101
12.0,H6_L-Lyxose,108
12.25,H6_L-Lyxose,106
12.5,H6_L-Lyxose,104
12.75,H6_L-Lyxose,107
13.0,H6_L-Lyxose,107
13.25,H6_L-Lyxose,103
13.5,H6_L-Lyxose,107
13.75,H6_L-Lyxose,106
14.0,H6_L-Lyxose,107
14.25,H6_L-Lyxose,109
14.5,H6_L-Lyxose,107
14.75,H6_L-Lyxose,106
15.0,H6_L-Lyxose,107
15.25,H6_L-Lyxose,108
15.5,H6_L-Lyxose,106
15.75,H6_L-Lyxose,107
16.0,H6_L-Lyxose,106
16.25,H6_L-Lyxose,107
16.5,H6_L-Lyxose,106
16.75,H6_L-Lyxose,103
17.0,H6_L-Lyxose,107
17.25,H6_L-Lyxose,108
17.5,H6_L-Lyxose,108
17.75,H6_L-Lyxose,104
18.0,H6_L-Lyxose,101
18.25,H6_L-Lyxose,106
18.5,H6_L-Lyxose,108
18.75,H6_L-Lyxose,108
19.0,H6_L-Lyxose,102
19.25,H6_L-Lyxose,106
19.5,H6_L-Lyxose,110
19.75,H6_L-Lyxose,106
20.0,H6_L-Lyxose,105
20.25,H6_L-Lyxose,107
20.5,H6_L-Lyxose,108
20.75,H6_L-Lyxose,110
21.0,H6_L-Lyxose,109
21.25,H6_L-Lyxose,111
21.5,H6_L-Lyxose,108
21.75,H6_L-Lyxose,106
22.0,H6_L-Lyxose,106
22.25,H6_L-Lyxose,107
22.5,H6_L-Lyxose,105
22.75,H6_L-Lyxose,107
23.0,H6_L-Lyxose,106
23.25,H6_L-Lyxose,108
23.5,H6_L-Lyxose,109
23.75,H6_L-Lyxose,101
24.0,H6_L-Lyxose,106
24.25,H6_L-Lyxose,108
24.5,H6_L-Lyxose,105
24.75,H6_L-Lyxose,107
25.0,H6_L-Lyxose,108
25.25,H6_L-Lyxose,110
25.5,H6_L-Lyxose,105
25.75,H6_L-Lyxose,108
26.0,H6_L-Lyxose,108
26.25,H6_L-Lyxose,106
26.5,H6_L-Lyxose,108
26.75,H6_L-Lyxose,109
27.0,H6_L-Lyxose,109
27.25,H6_L-Lyxose,110
27.5,H6_L-Lyxose,106
27.75,H6_L-Lyxose,107
28.0,H6_L-Lyxose,102
28.25,H6_L-Lyxose,105
28.5,H6_L-Lyxose,111
28.75,H6_L-Lyxose,106
29.0,H6_L-Lyxose,106
29.25,H6_L-Lyxose,106
29.5,H6_L-Lyxose,106
29.75,H6_L-Lyxose,105
30.0,H6_L-Lyxose,101
30.25,H6_L-Lyxose,107
30.5,H6_L-Lyxose,107
30.75,H6_L-Lyxose,109
31.0,H6_L-Lyxose,104
31.25,H6_L-Lyxose,104
31.5,H6_L-Lyxose,102
31.75,H6_L-Lyxose,108
32.0,H6_L-Lyxose,108
32.25,H6_L-Lyxose,111
32.5,H6_L-Lyxose,108
32.75,H6_L-Lyxose,106
33.0,H6_L-Lyxose,107
33.25,H6_L-Lyxose,103
33.5,H6_L-Lyxose,107
33.75,H6_L-Lyxose,108
34.0,H6_L-Lyxose,104
34.25,H6_L-Lyxose,104
34.5,H6_L-Lyxose,107
34.75,H6_L-Lyxose,112
35.0,H6_L-Lyxose,110
35.25,H6_L-Lyxose,106
35.5,H6_L-Lyxose,102
35.75,H6_L-Lyxose,106
36.0,H6_L-Lyxose,108
36.25,H6_L-Lyxose,107
36.5,H6_L-Lyxose,111
36.75,H6_L-Lyxose,108
37.0,H6_L-Lyxose,106
37.25,H6_L-Lyxose,110
37.5,H6_L-Lyxose,105
37.75,H6_L-Lyxose,109
38.0,H6_L-Lyxose,101
38.25,H6_L-Lyxose,108
38.5,H6_L-Lyxose,108
38.75,H6_L-Lyxose,112
39.0,H6_L-Lyxose,106
39.25,H6_L-Lyxose,107
39.5,H6_L-Lyxose,107
39.75,H6_L-Lyxose,105
40.0,H6_L-Lyxose,110
40.25,H6_L-Lyxose,105
40.5,H6_L-Lyxose,106
40.75,H6_L-Lyxose,109
41.0,H6_L-Lyxose,106
41.25,H6_L-Lyxose,110
41.5,H6_L-Lyxose,111
41.75,H6_L-Lyxose,105
42.0,H6_L-Lyxose,110
42.25,H6_L-Lyxose,109
42.5,H6_L-Lyxose,108
42.75,H6_L-Lyxose,104
43.0,H6_L-Lyxose,106
43.25,H6_L-Lyxose,104
43.5,H6_L-Lyxose,109
43.75,H6_L-Lyxose,108
44.0,H6_L-Lyxose,106
44.25,H6_L-Lyxose,104
44.5,H6_L-Lyxose,107
44.75,H6_L-Lyxose,105
45.0,H6_L-Lyxose,101
45.25,H6_L-Lyxose,108
45.5,H6_L-Lyxose,108
45.75,H6_L-Lyxose,104
46.0,H6_L-Lyxose,106
46.25,H6_L-Lyxose,112
46.5,H6_L-Lyxose,109
46.75,H6_L-Lyxose,109
47.0,H6_L-Lyxose,110
47.25,H6_L-Lyxose,109
47.5,H6_L-Lyxose,108
47.75,H6_L-Lyxose,110
48.0,H6_L-Lyxose,108
48.25,H6_L-Lyxose,110
0.0,H7_Glucuronamide,15
0.25,H7_Glucuronamide,15
0.5,H7_Glucuronamide,16
0.75,H7_Glucuronamide,13
1.0,H7_Glucuronamide,11
1.25,H7_Glucuronamide,11
1.5,H7_Glucuronamide,13
1.75,H7_Glucuronamide,15
2.0,H7_Glucuronamide,19
2.25,H7_Glucuronamide,18
2.5,H7_Glucuronamide,11
2.75,H7_Glucuronamide,11
3.0,H7_Glucuronamide,16
3.25,H7_Glucuronamide,15
3.5,H7_Glucuronamide,14
3.75,H7_Glucuronamide,14
4.0,H7_Glucuronamide,18
4.25,H7_Glucuronamide,13
4.5,H7_Glucuronamide,11
4.75,H7_Glucuronamide,16
5.0,H7_Glucuronamide,17
5.25,H7_Glucuronamide,19
5.5,H7_Glucuronamide,18
5.75,H7_Glucuronamide,11
6.0,H7_Glucuronamide,13
6.25,H7_Glucuronamide,15
6.5,H7_Glucuronamide,13
6.75,H7_Glucuronamide,14
7.0,H7_Glucuronamide,15
7.25,H7_Glucuronamide,19
7.5,H7_Glucuronamide,13
7.75,H7_Glucuronamide,13
8.0,H7_Glucuronamide,17
8.25,H7_Glucuronamide,16
8.5,H7_Glucuronamide,14
8.75,H7_Glucuronamide,13
9.0,H7_Glucuronamide,13
9.25,H7_Glucuronamide,16
9.5,H7_Glucuronamide,15
9.75,H7_Glucuronamide,18
10.0,H7_Glucuronamide,12
10.25,H7_Glucuronamide,15
10.5,H7_Glucuronamide,12
10.75,H7_Glucuronamide,18
11.0,H7_Glucuronamide,18
11.25,H7_Glucuronamide,20
11.5,H7_Glucuronamide,17
11.75,H7_Glucuronamide,14
12.0,H7_Glucuronamide,20
12.25,H7_Glucuronamide,15
12.5,H7_Glucuronamide,13
12.75,H7_Glucuronamide,18
13.0,H7_Glucuronamide,14
13.25,H7_Glucuronamide,18
13.5,H7_Glucuronamide,17
13.75,H7_Glucuronamide,17
14.0,H7_Glucuronamide,15
14.25,H7_Glucuronamide,16
14.5,H7_Glucuronamide,19
14.75,H7_Glucuronamide,18
15.0,H7_Glucuronamide,14
15.25,H7_Glucuronamide,13
15.5,H7_Glucuronamide,16
15.75,H7_Glucuronamide,16
16.0,H7_Glucuronamide,19
16.25,H7_Glucuronamide,15
16.5,H7_Glucuronamide,13
16.75,H7_Glucuronamide,17
17.0,H7_Glucuronamide,19
17.25,H7_Glucuronamide,16
17.5,H7_Glucuronamide,14
17.75,H7_Glucuronamide,24
18.0,H7_Glucuronamide,17
18.25,H7_Glucuronamide,19
18.5,H7_Glucuronamide,15
18.75,H7_Glucuronamide,22
19.0,H7_Glucuronamide,20
19.25,H7_Glucuronamide,22
19.5,H7_Glucuronamide,18
19.75,H7_Glucuronamide,17
20.0,H7_Glucuronamide,20
20.25,H7_Glucuronamide,22
20.5,H7_Glucuronamide,15
20.75,H7_Glucuronamide,16
21.0,H7_Glucuronamide,22
21.25,H7_Glucuronamide,16
21.5,H7_Glucuronamide,19
21.75,H7_Glucuronamide,18
22.0,H7_Glucuronamide,16
22.25,H7_Glucuronamide,22
22.5,H7_Glucuronamide,20
22.75,H7_Glucuronamide,21
23.0,H7_Glucuronamide,22
23.25,H7_Glucuronamide,23
23.5,H7_Glucuronamide,20
23.75,H7_Glucuronamide,18
24.0,H7_Glucuronamide,20
24.25,H7_Glucuronamide,16
24.5,H7_Glucuronamide,20
24.75,H7_Glucuronamide,16
25.0,H7_Glucuronamide,25
25.25,H7_Glucuronamide,22
25.5,H7_Glucuronamide,22
25.75,H7_Glucuronamide,24
26.0,H7_Glucuronamide,17
26.25,H7_Glucuronamide,29
26.5,H7_Glucuronamide,23
26.75,H7_Glucuronamide,17
27.0,H7_Glucuronamide,21
27.25,H7_Glucuronamide,20
27.5,H7_Glucuronamide,25
27.75,H7_Glucuronamide,23
28.0,H7_Glucuronamide,22
28.25,H7_Glucuronamide,23
28.5,H7_Glucuronamide,21
28.75,H7_Glucuronamide,23
29.0,H7_Glucuronamide,21
29.25,H7_Glucuronamide,22
29.5,H7_Glucuronamide,23
29.75,H7_Glucuronamide,22
30.0,H7_Glucuronamide,21
30.25,H7_Glucuronamide,24
30.5,H7_Glucuronamide,20
30.75,H7_Glucuronamide,17
31.0,H7_Glucuronamide,17
31.25,H7_Glucuronamide,23
31.5,H7_Glucuronamide,23
31.75,H7_Glucuronamide,21
32.0,H7_Glucuronamide,26
32.25,H7_Glucuronamide,20
32.5,H7_Glucuronamide,25
32.75,H7_Glucuronamide,25
33.0,H7_Glucuronamide,21
33.25,H7_Glucuronamide,24
33.5,H7_Glucuronamide,27
33.75,H7_Glucuronamide,24
34.0,H7_Glucuronamide,26
34.25,H7_Glucuronamide,25
34.5,H7_Glucuronamide,20
34.75,H7_Glucuronamide,27
35.0,H7_Glucuronamide,24
35.25,H7_Glucuronamide,25
35.5,H7_Glucuronamide,29
35.75,H7_Glucuronamide,28
36.0,H7_Glucuronamide,22
36.25,H7_Glucuronamide,22
36.5,H7_Glucuronamide,26
36.75,H7_Glucuronamide,20
37.0,H7_Glucuronamide,23
37.25,H7_Glucuronamide,27
37.5,H7_Glucuronamide,24
37.75,H7_Glucuronamide,24
38.0,H7_Glucuronamide,23
38.25,H7_Glucuronamide,23
38.5,H7_Glucuronamide,25
38.75,H7_Glucuronamide,23
39.0,H7_Glucuronamide,25
39.25,H7_Glucuronamide,27
39.5,H7_Glucuronamide,23
39.75,H7_Glucuronamide,25
40.0,H7_Glucuronamide,22
40.25,H7_Glucuronamide,28
40.5,H7_Glucuronamide,25
40.75,H7_Glucuronamide,26
41.0,H7_Glucuronamide,16
41.25,H7_Glucuronamide,29
41.5,H7_Glucuronamide,28
41.75,H7_Glucuronamide,23
42.0,H7_Glucuronamide,27
42.25,H7_Glucuronamide,28
42.5,H7_Glucuronamide,30
42.75,H7_Glucuronamide,26
43.0,H7_Glucuronamide,25
43.25,H7_Glucuronamide,24
43.5,H7_Glucuronamide,27
43.75,H7_Glucuronamide,26
44.0,H7_Glucuronamide,24
44.25,H7_Glucuronamide,26
44.5,H7_Glucuronamide,24
44.75,H7_Glucuronamide,26
45.0,H7_Glucuronamide,27
45.25,H7_Glucuronamide,29
45.5,H7_Glucuronamide,27
45.75,H7_Glucuronamide,30
46.0,H7_Glucuronamide,29
46.25,H7_Glucuronamide,27
46.5,H7_Glucuronamide,30
46.75,H7_Glucuronamide,29
47.0,H7_Glucuronamide,25
47.25,H7_Glucuronamide,26
47.5,H7_Glucuronamide,30
47.75,H7_Glucuronamide,27
48.0,H7_Glucuronamide,28
48.25,H7_Glucuronamide,25
0.0,H8_Pyruvic_Acid,17
0.25,H8_Pyruvic_Acid,14
0.5,H8_Pyruvic_Acid,16
0.75,H8_Pyruvic_Acid,12
1.0,H8_Pyruvic_Acid,16
1.25,H8_Pyruvic_Acid,14
1.5,H8_Pyruvic_Acid,11
1.75,H8_Pyruvic_Acid,22
2.0,H8_Pyruvic_Acid,17
2.25,H8_Pyruvic_Acid,11
2.5,H8_Pyruvic_Acid,17
2.75,H8_Pyruvic_Acid,21
3.0,H8_Pyruvic_Acid,15
3.25,H8_Pyruvic_Acid,13
3.5,H8_Pyruvic_Acid,13
3.75,H8_Pyruvic_Acid,15
4.0,H8_Pyruvic_Acid,13
4.25,H8_Pyruvic_Acid,14
4.5,H8_Pyruvic_Acid,13
4.75,H8_Pyruvic_Acid,13
5.0,H8_Pyruvic_Acid,19
5.25,H8_Pyruvic_Acid,14
5.5,H8_Pyruvic_Acid,14
5.75,H8_Pyruvic_Acid,13
6.0,H8_Pyruvic_Acid,18
6.25,H8_Pyruvic_Acid,17
6.5,H8_Pyruvic_Acid,12
6.75,H8_Pyruvic_Acid,15
7.0,H8_Pyruvic_Acid,16
7.25,H8_Pyruvic_Acid,20
7.5,H8_Pyruvic_Acid,12
7.75,H8_Pyruvic_Acid,13
8.0,H8_Pyruvic_Acid,16
8.25,H8_Pyruvic_Acid,20
8.5,H8_Pyruvic_Acid,14
8.75,H8_Pyruvic_Acid,17
9.0,H8_Pyruvic_Acid,17
9.25,H8_Pyruvic_Acid,22
9.5,H8_Pyruvic_Acid,21
9.75,H8_Pyruvic_Acid,15
10.0,H8_Pyruvic_Acid,14
10.25,H8_Pyruvic_Acid,17
10.5,H8_Pyruvic_Acid,18
10.75,H8_Pyruvic_Acid,19
11.0,H8_Pyruvic_Acid,17
11.25,H8_Pyruvic_Acid,18
11.5,H8_Pyruvic_Acid,20
11.75,H8_Pyruvic_Acid,17
12.0,H8_Pyruvic_Acid,14
12.25,H8_Pyruvic_Acid,16
12.5,H8_Pyruvic_Acid,13
12.75,H8_Pyruvic_Acid,18
13.0,H8_Pyruvic_Acid,20
13.25,H8_Pyruvic_Acid,15
13.5,H8_Pyruvic_Acid,19
13.75,H8_Pyruvic_Acid,19
14.0,H8_Pyruvic_Acid,17
14.25,H8_Pyruvic_Acid,17
14.5,H8_Pyruvic_Acid,17
14.75,H8_Pyruvic_Acid,20
15.0,H8_Pyruvic_Acid,13
15.25,H8_Pyruvic_Acid,22
15.5,H8_Pyruvic_Acid,15
15.75,H8_Pyruvic_Acid,12
16.0,H8_Pyruvic_Acid,20
16.25,H8_Pyruvic_Acid,22
16.5,H8_Pyruvic_Acid,16
16.75,H8_Pyruvic_Acid,17
17.0,H8_Pyruvic_Acid,17
17.25,H8_Pyruvic_Acid,19
17.5,H8_Pyruvic_Acid,17
17.75,H8_Pyruvic_Acid,21
18.0,H8_Pyruvic_Acid,20
18.25,H8_Pyruvic_Acid,21
18.5,H8_Pyruvic_Acid,23
18.75,H8_Pyruvic_Acid,19
19.0,H8_Pyruvic_Acid,18
19.25,H8_Pyruvic_Acid,20
19.5,H8_Pyruvic_Acid,19
19.75,H8_Pyruvic_Acid,17
20.0,H8_Pyruvic_Acid,19
20.25,H8_Pyruvic_Acid,23
20.5,H8_Pyruvic_Acid,16
20.75,H8_Pyruvic_Acid,20
21.0,H8_Pyruvic_Acid,21
21.25,H8_Pyruvic_Acid,22
21.5,H8_Pyruvic_Acid,21
21.75,H8_Pyruvic_Acid,20
22.0,H8_Pyruvic_Acid,16
22.25,H8_Pyruvic_Acid,19
22.5,H8_Pyruvic_Acid,20
22.75,H8_Pyruvic_Acid,22
23.0,H8_Pyruvic_Acid,17
23.25,H8_Pyruvic_Acid,21
23.5,H8_Pyruvic_Acid,20
23.75,H8_Pyruvic_Acid,19
24.0,H8_Pyruvic_Acid,19
24.25,H8_Pyruvic_Acid,21
24.5,H8_Pyruvic_Acid,21
24.75,H8_Pyruvic_Acid,23
25.0,H8_Pyruvic_Acid,19
25.25,H8_Pyruvic_Acid,18
25.5,H8_Pyruvic_Acid,19
25.75,H8_Pyruvic_Acid,22
26.0,H8_Pyruvic_Acid,20
26.25,H8_Pyruvic_Acid,19
26.5,H8_Pyruvic_Acid,20
26.75,H8_Pyruvic_Acid,21
27.0,H8_Pyruvic_Acid,22
27.25,H8_Pyruvic_Acid,20
27.5,H8_Pyruvic_Acid,20
27.75,H8_Pyruvic_Acid,22
28.0,H8_Pyruvic_Acid,20
28.25,H8_Pyruvic_Acid,22
28.5,H8_Pyruvic_Acid,27
28.75,H8_Pyruvic_Acid,19
29.0,H8_Pyruvic_Acid,24
29.25,H8_Pyruvic_Acid,20
29.5,H8_Pyruvic_Acid,22
29.75,H8_Pyruvic_Acid,20
30.0,H8_Pyruvic_Acid,24
30.25,H8_Pyruvic_Acid,24
30.5,H8_Pyruvic_Acid,23
30.75,H8_Pyruvic_Acid,23
31.0,H8_Pyruvic_Acid,22
31.25,H8_Pyruvic_Acid,21
31.5,H8_Pyruvic_Acid,25
31.75,H8_Pyruvic_Acid,25
32.0,H8_Pyruvic_Acid,25
32.25,H8_Pyruvic_Acid,24
32.5,H8_Pyruvic_Acid,27
32.75,H8_Pyruvic_Acid,27
33.0,H8_Pyruvic_Acid,21
33.25,H8_Pyruvic_Acid,22
33.5,H8_Pyruvic_Acid,26
33.75,H8_Pyruvic_Acid,28
34.0,H8_Pyruvic_Acid,24
34.25,H8_Pyruvic_Acid,26
34.5,H8_Pyruvic_Acid,24
34.75,H8_Pyruvic_Acid,28
35.0,H8_Pyruvic_Acid,28
35.25,H8_Pyruvic_Acid,26
35.5,H8_Pyruvic_Acid,26
35.75,H8_Pyruvic_Acid,28
36.0,H8_Pyruvic_Acid,27
36.25,H8_Pyruvic_Acid,26
36.5,H8_Pyruvic_Acid,30
36.75,H8_Pyruvic_Acid,28
37.0,H8_Pyruvic_Acid,33
37.25,H8_Pyruvic_Acid,24
37.5,H8_Pyruvic_Acid,31
37.75,H8_Pyruvic_Acid,28
38.0,H8_Pyruvic_Acid,28
38.25,H8_Pyruvic_Acid,27
38.5,H8_Pyruvic_Acid,31
38.75,H8_Pyruvic_Acid,31
39.0,H8_Pyruvic_Acid,31
39.25,H8_Pyruvic_Acid,29
39.5,H8_Pyruvic_Acid,32
39.75,H8_Pyruvic_Acid,31
40.0,H8_Pyruvic_Acid,34
40.25,H8_Pyruvic_Acid,32
40.5,H8_Pyruvic_Acid,31
40.75,H8_Pyruvic_Acid,32
41.0,H8_Pyruvic_Acid,33
41.25,H8_Pyruvic_Acid,31
41.5,H8_Pyruvic_Acid,34
41.75,H8_Pyruvic_Acid,33
42.0,H8_Pyruvic_Acid,38
42.25,H8_Pyruvic_Acid,36
42.5,H8_Pyruvic_Acid,39
42.75,H8_Pyruvic_Acid,32
43.0,H8_Pyruvic_Acid,36
43.25,H8_Pyruvic_Acid,33
43.5,H8_Pyruvic_Acid,34
43.75,H8_Pyruvic_Acid,31
44.0,H8_Pyruvic_Acid,33
44.25,H8_Pyruvic_Acid,35
44.5,H8_Pyruvic_Acid,31
44.75,H8_Pyruvic_Acid,33
45.0,H8_Pyruvic_Acid,35
45.25,H8_Pyruvic_Acid,37
45.5,H8_Pyruvic_Acid,37
45.75,H8_Pyruvic_Acid,33
46.0,H8_Pyruvic_Acid,36
46.25,H8_Pyruvic_Acid,33
46.5,H8_Pyruvic_Acid,40
46.75,H8_Pyruvic_Acid,33
47.0,H8_Pyruvic_Acid,39
47.25,H8_Pyruvic_Acid,36
47.5,H8_Pyruvic_Acid,38
47.75,H8_Pyruvic_Acid,38
48.0,H8_Pyruvic_Acid,32
48.25,H8_Pyruvic_Acid,39
0.0,H9_L-Galactonic_Acid-g-Lactone,17
0.25,H9_L-Galactonic_Acid-g-Lactone,18
0.5,H9_L-Galactonic_Acid-g-Lactone,18
0.75,H9_L-Galactonic_Acid-g-Lactone,17
1.0,H9_L-Galactonic_Acid-g-Lactone,18
1.25,H9_L-Galactonic_Acid-g-Lactone,22
1.5,H9_L-Galactonic_Acid-g-Lactone,17
1.75,H9_L-Galactonic_Acid-g-Lactone,12
2.0,H9_L-Galactonic_Acid-g-Lactone,16
2.25,H9_L-Galactonic_Acid-g-Lactone,15
2.5,H9_L-Galactonic_Acid-g-Lactone,17
2.75,H9_L-Galactonic_Acid-g-Lactone,15
3.0,H9_L-Galactonic_Acid-g-Lactone,16
3.25,H9_L-Galactonic_Acid-g-Lactone,16
3.5,H9_L-Galactonic_Acid-g-Lactone,18
3.75,H9_L-Galactonic_Acid-g-Lactone,15
4.0,H9_L-Galactonic_Acid-g-Lactone,18
4.25,H9_L-Galactonic_Acid-g-Lactone,15
4.5,H9_L-Galactonic_Acid-g-Lactone,18
4.75,H9_L-Galactonic_Acid-g-Lactone,16
5.0,H9_L-Galactonic_Acid-g-Lactone,17
5.25,H9_L-Galactonic_Acid-g-Lactone,11
5.5,H9_L-Galactonic_Acid-g-Lactone,12
5.75,H9_L-Galactonic_Acid-g-Lactone,13
6.0,H9_L-Galactonic_Acid-g-Lactone,12
6.25,H9_L-Galactonic_Acid-g-Lactone,16
6.5,H9_L-Galactonic_Acid-g-Lactone,17
6.75,H9_L-Galactonic_Acid-g-Lactone,11
7.0,H9_L-Galactonic_Acid-g-Lactone,15
7.25,H9_L-Galactonic_Acid-g-Lactone,21
7.5,H9_L-Galactonic_Acid-g-Lactone,12
7.75,H9_L-Galactonic_Acid-g-Lactone,17
8.0,H9_L-Galactonic_Acid-g-Lactone,17
8.25,H9_L-Galactonic_Acid-g-Lactone,20
8.5,H9_L-Galactonic_Acid-g-Lactone,15
8.75,H9_L-Galactonic_Acid-g-Lactone,14
9.0,H9_L-Galactonic_Acid-g-Lactone,12
9.25,H9_L-Galactonic_Acid-g-Lactone,23
9.5,H9_L-Galactonic_Acid-g-Lactone,13
9.75,H9_L-Galactonic_Acid-g-Lactone,19
10.0,H9_L-Galactonic_Acid-g-Lactone,11
10.25,H9_L-Galactonic_Acid-g-Lactone,15
10.5,H9_L-Galactonic_Acid-g-Lactone,15
10.75,H9_L-Galactonic_Acid-g-Lactone,19
11.0,H9_L-Galactonic_Acid-g-Lactone,13
11.25,H9_L-Galactonic_Acid-g-Lactone,17
11.5,H9_L-Galactonic_Acid-g-Lactone,18
11.75,H9_L-Galactonic_Acid-g-Lactone,11
12.0,H9_L-Galactonic_Acid-g-Lactone,20
12.25,H9_L-Galactonic_Acid-g-Lactone,15
12.5,H9_L-Galactonic_Acid-g-Lactone,12
12.75,H9_L-Galactonic_Acid-g-Lactone,15
13.0,H9_L-Galactonic_Acid-g-Lactone,20
13.25,H9_L-Galactonic_Acid-g-Lactone,15
13.5,H9_L-Galactonic_Acid-g-Lactone,19
13.75,H9_L-Galactonic_Acid-g-Lactone,13
14.0,H9_L-Galactonic_Acid-g-Lactone,13
14.25,H9_L-Galactonic_Acid-g-Lactone,18
14.5,H9_L-Galactonic_Acid-g-Lactone,21
14.75,H9_L-Galactonic_Acid-g-Lactone,14
15.0,H9_L-Galactonic_Acid-g-Lactone,12
15.25,H9_L-Galactonic_Acid-g-Lactone,18
15.5,H9_L-Galactonic_Acid-g-Lactone,11
15.75,H9_L-Galactonic_Acid-g-Lactone,19
16.0,H9_L-Galactonic_Acid-g-Lactone,12
16.25,H9_L-Galactonic_Acid-g-Lactone,16
16.5,H9_L-Galactonic_Acid-g-Lactone,11
16.75,H9_L-Galactonic_Acid-g-Lactone,11
17.0,H9_L-Galactonic_Acid-g-Lactone,14
17.25,H9_L-Galactonic_Acid-g-Lactone,20
17.5,H9_L-Galactonic_Acid-g-Lactone,13
17.75,H9_L-Galactonic_Acid-g-Lactone,12
18.0,H9_L-Galactonic_Acid-g-Lactone,13
18.25,H9_L-Galactonic_Acid-g-Lactone,17
18.5,H9_L-Galactonic_Acid-g-Lactone,12
18.75,H9_L-Galactonic_Acid-g-Lactone,13
19.0,H9_L-Galactonic_Acid-g-Lactone,11
19.25,H9_L-Galactonic_Acid-g-Lactone,17
19.5,H9_L-Galactonic_Acid-g-Lactone,14
19.75,H9_L-Galactonic_Acid-g-Lactone,15
20.0,H9_L-Galactonic_Acid-g-Lactone,14
20.25,H9_L-Galactonic_Acid-g-Lactone,18
20.5,H9_L-Galactonic_Acid-g-Lactone,18
20.75,H9_L-Galactonic_Acid-g-Lactone,16
21.0,H9_L-Galactonic_Acid-g-Lactone,18
21.25,H9_L-Galactonic_Acid-g-Lactone,13
21.5,H9_L-Galactonic_Acid-g-Lactone,19
21.75,H9_L-Galactonic_Acid-g-Lactone,17
22.0,H9_L-Galactonic_Acid-g-Lactone,11
22.25,H9_L-Galactonic_Acid-g-Lactone,13
22.5,H9_L-Galactonic_Acid-g-Lactone,20
22.75,H9_L-Galactonic_Acid-g-Lactone,11
23.0,H9_L-Galactonic_Acid-g-Lactone,14
23.25,H9_L-Galactonic_Acid-g-Lactone,15
23.5,H9_L-Galactonic_Acid-g-Lactone,17
23.75,H9_L-Galactonic_Acid-g-Lactone,14
24.0,H9_L-Galactonic_Acid-g-Lactone,18
24.25,H9_L-Galactonic_Acid-g-Lactone,15
24.5,H9_L-Galactonic_Acid-g-Lactone,12
24.75,H9_L-Galactonic_Acid-g-Lactone,16
25.0,H9_L-Galactonic_Acid-g-Lactone,13
25.25,H9_L-Galactonic_Acid-g-Lactone,12
25.5,H9_L-Galactonic_Acid-g-Lactone,17
25.75,H9_L-Galactonic_Acid-g-Lactone,14
26.0,H9_L-Galactonic_Acid-g-Lactone,11
26.25,H9_L-Galactonic_Acid-g-Lactone,13
26.5,H9_L-Galactonic_Acid-g-Lactone,14
26.75,H9_L-Galactonic_Acid-g-Lactone,18
27.0,H9_L-Galactonic_Acid-g-Lactone,18
27.25,H9_L-Galactonic_Acid-g-Lactone,14
27.5,H9_L-Galactonic_Acid-g-Lactone,17
27.75,H9_L-Galactonic_Acid-g-Lactone,19
28.0,H9_L-Galactonic_Acid-g-Lactone,16
28.25,H9_L-Galactonic_Acid-g-Lactone,15
28.5,H9_L-Galactonic_Acid-g-Lactone,13
28.75,H9_L-Galactonic_Acid-g-Lactone,12
29.0,H9_L-Galactonic_Acid-g-Lactone,12
29.25,H9_L-Galactonic_Acid-g-Lactone,16
29.5,H9_L-Galactonic_Acid-g-Lactone,11
29.75,H9_L-Galactonic_Acid-g-Lactone,15
30.0,H9_L-Galactonic_Acid-g-Lactone,13
30.25,H9_L-Galactonic_Acid-g-Lactone,16
30.5,H9_L-Galactonic_Acid-g-Lactone,14
30.75,H9_L-Galactonic_Acid-g-Lactone,13
31.0,H9_L-Galactonic_Acid-g-Lactone,14
31.25,H9_L-Galactonic_Acid-g-Lactone,13
31.5,H9_L-Galactonic_Acid-g-Lactone,17
31.75,H9_L-Galactonic_Acid-g-Lactone,12
32.0,H9_L-Galactonic_Acid-g-Lactone,16
32.25,H9_L-Galactonic_Acid-g-Lactone,15
32.5,H9_L-Galactonic_Acid-g-Lactone,15
32.75,H9_L-Galactonic_Acid-g-Lactone,15
33.0,H9_L-Galactonic_Acid-g-Lactone,17
33.25,H9_L-Galactonic_Acid-g-Lactone,14
33.5,H9_L-Galactonic_Acid-g-Lactone,14
33.75,H9_L-Galactonic_Acid-g-Lactone,20
34.0,H9_L-Galactonic_Acid-g-Lactone,14
34.25,H9_L-Galactonic_Acid-g-Lactone,14
34.5,H9_L-Galactonic_Acid-g-Lactone,17
34.75,H9_L-Galactonic_Acid-g-Lactone,15
35.0,H9_L-Galactonic_Acid-g-Lactone,17
35.25,H9_L-Galactonic_Acid-g-Lactone,14
35.5,H9_L-Galactonic_Acid-g-Lactone,13
35.75,H9_L-Galactonic_Acid-g-Lactone,18
36.0,H9_L-Galactonic_Acid-g-Lactone,11
36.25,H9_L-Galactonic_Acid-g-Lactone,15
36.5,H9_L-Galactonic_Acid-g-Lactone,18
36.75,H9_L-Galactonic_Acid-g-Lactone,21
37.0,H9_L-Galactonic_Acid-g-Lactone,15
37.25,H9_L-Galactonic_Acid-g-Lactone,11
37.5,H9_L-Galactonic_Acid-g-Lactone,16
37.75,H9_L-Galactonic_Acid-g-Lactone,17
38.0,H9_L-Galactonic_Acid-g-Lactone,16
38.25,H9_L-Galactonic_Acid-g-Lactone,16
38.5,H9_L-Galactonic_Acid-g-Lactone,16
38.75,H9_L-Galactonic_Acid-g-Lactone,18
39.0,H9_L-Galactonic_Acid-g-Lactone,17
39.25,H9_L-Galactonic_Acid-g-Lactone,13
39.5,H9_L-Galactonic_Acid-g-Lactone,16
39.75,H9_L-Galactonic_Acid-g-Lactone,14
40.0,H9_L-Galactonic_Acid-g-Lactone,17
40.25,H9_L-Galactonic_Acid-g-Lactone,12
40.5,H9_L-Galactonic_Acid-g-Lactone,15
40.75,H9_L-Galactonic_Acid-g-Lactone,19
41.0,H9_L-Galactonic_Acid-g-Lactone,13
41.25,H9_L-Galactonic_Acid-g-Lactone,18
41.5,H9_L-Galactonic_Acid-g-Lactone,20
41.75,H9_L-Galactonic_Acid-g-Lactone,16
42.0,H9_L-Galactonic_Acid-g-Lactone,20
42.25,H9_L-Galactonic_Acid-g-Lactone,12
42.5,H9_L-Galactonic_Acid-g-Lactone,14
42.75,H9_L-Galactonic_Acid-g-Lactone,13
43.0,H9_L-Galactonic_Acid-g-Lactone,16
43.25,H9_L-Galactonic_Acid-g-Lactone,16
43.5,H9_L-Galactonic_Acid-g-Lactone,17
43.75,H9_L-Galactonic_Acid-g-Lactone,12
44.0,H9_L-Galactonic_Acid-g-Lactone,13
44.25,H9_L-Galactonic_Acid-g-Lactone,13
44.5,H9_L-Galactonic_Acid-g-Lactone,22
44.75,H9_L-Galactonic_Acid-g-Lactone,18
45.0,H9_L-Galactonic_Acid-g-Lactone,16
45.25,H9_L-Galactonic_Acid-g-Lactone,18
45.5,H9_L-Galactonic_Acid-g-Lactone,17
45.75,H9_L-Galactonic_Acid-g-Lactone,20
46.0,H9_L-Galactonic_Acid-g-Lactone,17
46.25,H9_L-Galactonic_Acid-g-Lactone,18
46.5,H9_L-Galactonic_Acid-g-Lactone,21
46.75,H9_L-Galactonic_Acid-g-Lactone,18
47.0,H9_L-Galactonic_Acid-g-Lactone,17
47.25,H9_L-Galactonic_Acid-g-Lactone,17
47.5,H9_L-Galactonic_Acid-g-Lactone,20
47.75,H9_L-Galactonic_Acid-g-Lactone,17
48.0,H9_L-Galactonic_Acid-g-Lactone,19
48.25,H9_L-Galactonic_Acid-g-Lactone,20
0.0,H10_D-GalacturonicAcid,13
0.25,H10_D-GalacturonicAcid,11
0.5,H10_D-GalacturonicAcid,16
0.75,H10_D-GalacturonicAcid,16
1.0,H10_D-GalacturonicAcid,19
1.25,H10_D-GalacturonicAcid,21
1.5,H10_D-GalacturonicAcid,11
1.75,H10_D-GalacturonicAcid,16
2.0,H10_D-GalacturonicAcid,18
2.25,H10_D-GalacturonicAcid,12
2.5,H10_D-GalacturonicAcid,15
2.75,H10_D-GalacturonicAcid,17
3.0,H10_D-GalacturonicAcid,16
3.25,H10_D-GalacturonicAcid,16
3.5,H10_D-GalacturonicAcid,16
3.75,H10_D-GalacturonicAcid,13
4.0,H10_D-GalacturonicAcid,16
4.25,H10_D-GalacturonicAcid,15
4.5,H10_D-GalacturonicAcid,20
4.75,H10_D-GalacturonicAcid,17
5.0,H10_D-GalacturonicAcid,13
5.25,H10_D-GalacturonicAcid,16
5.5,H10_D-GalacturonicAcid,12
5.75,H10_D-GalacturonicAcid,13
6.0,H10_D-GalacturonicAcid,14
6.25,H10_D-GalacturonicAcid,14
6.5,H10_D-GalacturonicAcid,13
6.75,H10_D-GalacturonicAcid,13
7.0,H10_D-GalacturonicAcid,14
7.25,H10_D-GalacturonicAcid,15
7.5,H10_D-GalacturonicAcid,11
7.75,H10_D-GalacturonicAcid,13
8.0,H10_D-GalacturonicAcid,19
8.25,H10_D-GalacturonicAcid,19
8.5,H10_D-GalacturonicAcid,15
8.75,H10_D-GalacturonicAcid,18
9.0,H10_D-GalacturonicAcid,11
9.25,H10_D-GalacturonicAcid,17
9.5,H10_D-GalacturonicAcid,17
9.75,H10_D-GalacturonicAcid,13
10.0,H10_D-GalacturonicAcid,13
10.25,H10_D-GalacturonicAcid,12
10.5,H10_D-GalacturonicAcid,15
10.75,H10_D-GalacturonicAcid,17
11.0,H10_D-GalacturonicAcid,19
11.25,H10_D-GalacturonicAcid,23
11.5,H10_D-GalacturonicAcid,17
11.75,H10_D-GalacturonicAcid,13
12.0,H10_D-GalacturonicAcid,19
12.25,H10_D-GalacturonicAcid,17
12.5,H10_D-GalacturonicAcid,18
12.75,H10_D-GalacturonicAcid,17
13.0,H10_D-GalacturonicAcid,20
13.25,H10_D-GalacturonicAcid,19
13.5,H10_D-GalacturonicAcid,17
13.75,H10_D-GalacturonicAcid,18
14.0,H10_D-GalacturonicAcid,17
14.25,H10_D-GalacturonicAcid,16
14.5,H10_D-GalacturonicAcid,19
14.75,H10_D-GalacturonicAcid,18
15.0,H10_D-GalacturonicAcid,16
15.25,H10_D-GalacturonicAcid,14
15.5,H10_D-GalacturonicAcid,16
15.75,H10_D-GalacturonicAcid,12
16.0,H10_D-GalacturonicAcid,16
16.25,H10_D-GalacturonicAcid,13
16.5,H10_D-GalacturonicAcid,11
16.75,H10_D-GalacturonicAcid,16
17.0,H10_D-GalacturonicAcid,22
17.25,H10_D-GalacturonicAcid,18
17.5,H10_D-GalacturonicAcid,19
17.75,H10_D-GalacturonicAcid,15
18.0,H10_D-GalacturonicAcid,16
18.25,H10_D-GalacturonicAcid,12
18.5,H10_D-GalacturonicAcid,16
18.75,H10_D-GalacturonicAcid,20
19.0,H10_D-GalacturonicAcid,16
19.25,H10_D-GalacturonicAcid,18
19.5,H10_D-GalacturonicAcid,18
19.75,H10_D-GalacturonicAcid,16
20.0,H10_D-GalacturonicAcid,13
20.25,H10_D-GalacturonicAcid,19
20.5,H10_D-GalacturonicAcid,20
20.75,H10_D-GalacturonicAcid,18
21.0,H10_D-GalacturonicAcid,23
21.25,H10_D-GalacturonicAcid,21
21.5,H10_D-GalacturonicAcid,19
21.75,H10_D-GalacturonicAcid,19
22.0,H10_D-GalacturonicAcid,13
22.25,H10_D-GalacturonicAcid,18
22.5,H10_D-GalacturonicAcid,22
22.75,H10_D-GalacturonicAcid,21
23.0,H10_D-GalacturonicAcid,21
23.25,H10_D-GalacturonicAcid,18
23.5,H10_D-GalacturonicAcid,16
23.75,H10_D-GalacturonicAcid,19
24.0,H10_D-GalacturonicAcid,19
24.25,H10_D-GalacturonicAcid,17
24.5,H10_D-GalacturonicAcid,12
24.75,H10_D-GalacturonicAcid,20
25.0,H10_D-GalacturonicAcid,19
25.25,H10_D-GalacturonicAcid,21
25.5,H10_D-GalacturonicAcid,21
25.75,H10_D-GalacturonicAcid,16
26.0,H10_D-GalacturonicAcid,17
26.25,H10_D-GalacturonicAcid,23
26.5,H10_D-GalacturonicAcid,20
26.75,H10_D-GalacturonicAcid,21
27.0,H10_D-GalacturonicAcid,19
27.25,H10_D-GalacturonicAcid,24
27.5,H10_D-GalacturonicAcid,19
27.75,H10_D-GalacturonicAcid,23
28.0,H10_D-GalacturonicAcid,22
28.25,H10_D-GalacturonicAcid,19
28.5,H10_D-GalacturonicAcid,23
28.75,H10_D-GalacturonicAcid,24
29.0,H10_D-GalacturonicAcid,24
29.25,H10_D-GalacturonicAcid,21
29.5,H10_D-GalacturonicAcid,18
29.75,H10_D-GalacturonicAcid,20
30.0,H10_D-GalacturonicAcid,22
30.25,H10_D-GalacturonicAcid,19
30.5,H10_D-GalacturonicAcid,22
30.75,H10_D-GalacturonicAcid,23
31.0,H10_D-GalacturonicAcid,20
31.25,H10_D-GalacturonicAcid,23
31.5,H10_D-GalacturonicAcid,22
31.75,H10_D-GalacturonicAcid,25
32.0,H10_D-GalacturonicAcid,22
32.25,H10_D-GalacturonicAcid,20
32.5,H10_D-GalacturonicAcid,24
32.75,H10_D-GalacturonicAcid,23
33.0,H10_D-GalacturonicAcid,24
33.25,H10_D-GalacturonicAcid,26
33.5,H10_D-GalacturonicAcid,24
33.75,H10_D-GalacturonicAcid,24
34.0,H10_D-GalacturonicAcid,25
34.25,H10_D-GalacturonicAcid,23
34.5,H10_D-GalacturonicAcid,22
34.75,H10_D-GalacturonicAcid,22
35.0,H10_D-GalacturonicAcid,20
35.25,H10_D-GalacturonicAcid,24
35.5,H10_D-GalacturonicAcid,22
35.75,H10_D-GalacturonicAcid,26
36.0,H10_D-GalacturonicAcid,24
36.25,H10_D-GalacturonicAcid,25
36.5,H10_D-GalacturonicAcid,30
36.75,H10_D-GalacturonicAcid,21
37.0,H10_D-GalacturonicAcid,27
37.25,H10_D-GalacturonicAcid,26
37.5,H10_D-GalacturonicAcid,21
37.75,H10_D-GalacturonicAcid,27
38.0,H10_D-GalacturonicAcid,27
38.25,H10_D-GalacturonicAcid,21
38.5,H10_D-GalacturonicAcid,24
38.75,H10_D-GalacturonicAcid,24
39.0,H10_D-GalacturonicAcid,22
39.25,H10_D-GalacturonicAcid,25
39.5,H10_D-GalacturonicAcid,20
39.75,H10_D-GalacturonicAcid,24
40.0,H10_D-GalacturonicAcid,23
40.25,H10_D-GalacturonicAcid,26
40.5,H10_D-GalacturonicAcid,27
40.75,H10_D-GalacturonicAcid,31
41.0,H10_D-GalacturonicAcid,18
41.25,H10_D-GalacturonicAcid,24
41.5,H10_D-GalacturonicAcid,25
41.75,H10_D-GalacturonicAcid,22
42.0,H10_D-GalacturonicAcid,31
42.25,H10_D-GalacturonicAcid,27
42.5,H10_D-GalacturonicAcid,24
42.75,H10_D-GalacturonicAcid,26
43.0,H10_D-GalacturonicAcid,25
43.25,H10_D-GalacturonicAcid,28
43.5,H10_D-GalacturonicAcid,26
43.75,H10_D-GalacturonicAcid,26
44.0,H10_D-GalacturonicAcid,22
44.25,H10_D-GalacturonicAcid,27
44.5,H10_D-GalacturonicAcid,29
44.75,H10_D-GalacturonicAcid,22
45.0,H10_D-GalacturonicAcid,26
45.25,H10_D-GalacturonicAcid,23
45.5,H10_D-GalacturonicAcid,25
45.75,H10_D-GalacturonicAcid,27
46.0,H10_D-GalacturonicAcid,24
46.25,H10_D-GalacturonicAcid,31
46.5,H10_D-GalacturonicAcid,29
46.75,H10_D-GalacturonicAcid,26
47.0,H10_D-GalacturonicAcid,22
47.25,H10_D-GalacturonicAcid,26
47.5,H10_D-GalacturonicAcid,28
47.75,H10_D-GalacturonicAcid,25
48.0,H10_D-GalacturonicAcid,26
48.25,H10_D-GalacturonicAcid,27
0.0,H11_Phenylethylamine,25
0.25,H11_Phenylethylamine,19
0.5,H11_Phenylethylamine,23
0.75,H11_Phenylethylamine,24
1.0,H11_Phenylethylamine,20
1.25,H11_Phenylethylamine,20
1.5,H11_Phenylethylamine,23
1.75,H11_Phenylethylamine,20
2.0,H11_Phenylethylamine,19
2.25,H11_Phenylethylamine,24
2.5,H11_Phenylethylamine,17
2.75,H11_Phenylethylamine,24
3.0,H11_Phenylethylamine,19
3.25,H11_Phenylethylamine,24
3.5,H11_Phenylethylamine,20
3.75,H11_Phenylethylamine,20
4.0,H11_Phenylethylamine,22
4.25,H11_Phenylethylamine,25
4.5,H11_Phenylethylamine,17
4.75,H11_Phenylethylamine,21
5.0,H11_Phenylethylamine,23
5.25,H11_Phenylethylamine,23
5.5,H11_Phenylethylamine,19
5.75,H11_Phenylethylamine,17
6.0,H11_Phenylethylamine,19
6.25,H11_Phenylethylamine,20
6.5,H11_Phenylethylamine,22
6.75,H11_Phenylethylamine,17
7.0,H11_Phenylethylamine,22
7.25,H11_Phenylethylamine,25
7.5,H11_Phenylethylamine,20
7.75,H11_Phenylethylamine,20
8.0,H11_Phenylethylamine,25
8.25,H11_Phenylethylamine,22
8.5,H11_Phenylethylamine,19
8.75,H11_Phenylethylamine,20
9.0,H11_Phenylethylamine,23
9.25,H11_Phenylethylamine,27
9.5,H11_Phenylethylamine,18
9.75,H11_Phenylethylamine,20
10.0,H11_Phenylethylamine,19
10.25,H11_Phenylethylamine,27
10.5,H11_Phenylethylamine,23
10.75,H11_Phenylethylamine,22
11.0,H11_Phenylethylamine,23
11.25,H11_Phenylethylamine,25
11.5,H11_Phenylethylamine,17
11.75,H11_Phenylethylamine,20
12.0,H11_Phenylethylamine,25
12.25,H11_Phenylethylamine,20
12.5,H11_Phenylethylamine,23
12.75,H11_Phenylethylamine,23
13.0,H11_Phenylethylamine,20
13.25,H11_Phenylethylamine,24
13.5,H11_Phenylethylamine,27
13.75,H11_Phenylethylamine,20
14.0,H11_Phenylethylamine,22
14.25,H11_Phenylethylamine,21
14.5,H11_Phenylethylamine,29
14.75,H11_Phenylethylamine,19
15.0,H11_Phenylethylamine,23
15.25,H11_Phenylethylamine,22
15.5,H11_Phenylethylamine,20
15.75,H11_Phenylethylamine,15
16.0,H11_Phenylethylamine,24
16.25,H11_Phenylethylamine,23
16.5,H11_Phenylethylamine,17
16.75,H11_Phenylethylamine,17
17.0,H11_Phenylethylamine,23
17.25,H11_Phenylethylamine,28
17.5,H11_Phenylethylamine,28
17.75,H11_Phenylethylamine,23
18.0,H11_Phenylethylamine,22
18.25,H11_Phenylethylamine,23
18.5,H11_Phenylethylamine,23
18.75,H11_Phenylethylamine,24
19.0,H11_Phenylethylamine,21
19.25,H11_Phenylethylamine,24
19.5,H11_Phenylethylamine,21
19.75,H11_Phenylethylamine,19
20.0,H11_Phenylethylamine,23
20.25,H11_Phenylethylamine,20
20.5,H11_Phenylethylamine,24
20.75,H11_Phenylethylamine,21
21.0,H11_Phenylethylamine,23
21.25,H11_Phenylethylamine,23
21.5,H11_Phenylethylamine,22
21.75,H11_Phenylethylamine,22
22.0,H11_Phenylethylamine,21
22.25,H11_Phenylethylamine,22
22.5,H11_Phenylethylamine,20
22.75,H11_Phenylethylamine,22
23.0,H11_Phenylethylamine,24
23.25,H11_Phenylethylamine,23
23.5,H11_Phenylethylamine,21
23.75,H11_Phenylethylamine,22
24.0,H11_Phenylethylamine,23
24.25,H11_Phenylethylamine,24
24.5,H11_Phenylethylamine,21
24.75,H11_Phenylethylamine,29
25.0,H11_Phenylethylamine,24
25.25,H11_Phenylethylamine,24
25.5,H11_Phenylethylamine,22
25.75,H11_Phenylethylamine,24
26.0,H11_Phenylethylamine,22
26.25,H11_Phenylethylamine,25
26.5,H11_Phenylethylamine,20
26.75,H11_Phenylethylamine,24
27.0,H11_Phenylethylamine,22
27.25,H11_Phenylethylamine,23
27.5,H11_Phenylethylamine,26
27.75,H11_Phenylethylamine,23
28.0,H11_Phenylethylamine,22
28.25,H11_Phenylethylamine,22
28.5,H11_Phenylethylamine,26
28.75,H11_Phenylethylamine,22
29.0,H11_Phenylethylamine,27
29.25,H11_Phenylethylamine,23
29.5,H11_Phenylethylamine,21
29.75,H11_Phenylethylamine,30
30.0,H11_Phenylethylamine,23
30.25,H11_Phenylethylamine,22
30.5,H11_Phenylethylamine,23
30.75,H11_Phenylethylamine,24
31.0,H11_Phenylethylamine,22
31.25,H11_Phenylethylamine,23
31.5,H11_Phenylethylamine,23
31.75,H11_Phenylethylamine,28
32.0,H11_Phenylethylamine,24
32.25,H11_Phenylethylamine,22
32.5,H11_Phenylethylamine,29
32.75,H11_Phenylethylamine,23
33.0,H11_Phenylethylamine,26
33.25,H11_Phenylethylamine,25
33.5,H11_Phenylethylamine,22
33.75,H11_Phenylethylamine,21
34.0,H11_Phenylethylamine,23
34.25,H11_Phenylethylamine,27
34.5,H11_Phenylethylamine,30
34.75,H11_Phenylethylamine,27
35.0,H11_Phenylethylamine,22
35.25,H11_Phenylethylamine,21
35.5,H11_Phenylethylamine,22
35.75,H11_Phenylethylamine,25
36.0,H11_Phenylethylamine,22
36.25,H11_Phenylethylamine,24
36.5,H11_Phenylethylamine,25
36.75,H11_Phenylethylamine,24
37.0,H11_Phenylethylamine,26
37.25,H11_Phenylethylamine,23
37.5,H11_Phenylethylamine,22
37.75,H11_Phenylethylamine,26
38.0,H11_Phenylethylamine,26
38.25,H11_Phenylethylamine,22
38.5,H11_Phenylethylamine,27
38.75,H11_Phenylethylamine,23
39.0,H11_Phenylethylamine,21
39.25,H11_Phenylethylamine,25
39.5,H11_Phenylethylamine,24
39.75,H11_Phenylethylamine,23
40.0,H11_Phenylethylamine,30
40.25,H11_Phenylethylamine,29
40.5,H11_Phenylethylamine,21
40.75,H11_Phenylethylamine,24
41.0,H11_Phenylethylamine,25
41.25,H11_Phenylethylamine,26
41.5,H11_Phenylethylamine,24
41.75,H11_Phenylethylamine,22
42.0,H11_Phenylethylamine,27
42.25,H11_Phenylethylamine,23
42.5,H11_Phenylethylamine,20
42.75,H11_Phenylethylamine,21
43.0,H11_Phenylethylamine,23
43.25,H11_Phenylethylamine,27
43.5,H11_Phenylethylamine,24
43.75,H11_Phenylethylamine,21
44.0,H11_Phenylethylamine,30
44.25,H11_Phenylethylamine,27
44.5,H11_Phenylethylamine,23
44.75,H11_Phenylethylamine,25
45.0,H11_Phenylethylamine,27
45.25,H11_Phenylethylamine,26
45.5,H11_Phenylethylamine,26
45.75,H11_Phenylethylamine,26
46.0,H11_Phenylethylamine,28
46.25,H11_Phenylethylamine,25
46.5,H11_Phenylethylamine,28
46.75,H11_Phenylethylamine,25
47.0,H11_Phenylethylamine,26
47.25,H11_Phenylethylamine,25
47.5,H11_Phenylethylamine,26
47.75,H11_Phenylethylamine,26
48.0,H11_Phenylethylamine,26
48.25,H11_Phenylethylamine,29
0.0,H12_2-Aminoethanol,23
0.25,H12_2-Aminoethanol,18
0.5,H12_2-Aminoethanol,25
0.75,H12_2-Aminoethanol,25
1.0,H12_2-Aminoethanol,25
1.25,H12_2-Aminoethanol,22
1.5,H12_2-Aminoethanol,21
1.75,H12_2-Aminoethanol,19
2.0,H12_2-Aminoethanol,26
2.25,H12_2-Aminoethanol,20
2.5,H12_2-Aminoethanol,18
2.75,H12_2-Aminoethanol,22
3.0,H12_2-Aminoethanol,27
3.25,H12_2-Aminoethanol,27
3.5,H12_2-Aminoethanol,26
3.75,H12_2-Aminoethanol,23
4.0,H12_2-Aminoethanol,24
4.25,H12_2-Aminoethanol,24
4.5,H12_2-Aminoethanol,22
4.75,H12_2-Aminoethanol,19
5.0,H12_2-Aminoethanol,23
5.25,H12_2-Aminoethanol,22
5.5,H12_2-Aminoethanol,21
5.75,H12_2-Aminoethanol,16
6.0,H12_2-Aminoethanol,30
6.25,H12_2-Aminoethanol,25
6.5,H12_2-Aminoethanol,23
6.75,H12_2-Aminoethanol,20
7.0,H12_2-Aminoethanol,23
7.25,H12_2-Aminoethanol,24
7.5,H12_2-Aminoethanol,21
7.75,H12_2-Aminoethanol,21
8.0,H12_2-Aminoethanol,29
8.25,H12_2-Aminoethanol,24
8.5,H12_2-Aminoethanol,22
8.75,H12_2-Aminoethanol,20
9.0,H12_2-Aminoethanol,22
9.25,H12_2-Aminoethanol,28
9.5,H12_2-Aminoethanol,24
9.75,H12_2-Aminoethanol,23
10.0,H12_2-Aminoethanol,18
10.25,H12_2-Aminoethanol,18
10.5,H12_2-Aminoethanol,24
10.75,H12_2-Aminoethanol,25
11.0,H12_2-Aminoethanol,21
11.25,H12_2-Aminoethanol,26
11.5,H12_2-Aminoethanol,21
11.75,H12_2-Aminoethanol,20
12.0,H12_2-Aminoethanol,27
12.25,H12_2-Aminoethanol,22
12.5,H12_2-Aminoethanol,27
12.75,H12_2-Aminoethanol,25
13.0,H12_2-Aminoethanol,31
13.25,H12_2-Aminoethanol,23
13.5,H12_2-Aminoethanol,30
13.75,H12_2-Aminoethanol,24
14.0,H12_2-Aminoethanol,28
14.25,H12_2-Aminoethanol,27
14.5,H12_2-Aminoethanol,26
14.75,H12_2-Aminoethanol,28
15.0,H12_2-Aminoethanol,25
15.25,H12_2-Aminoethanol,23
15.5,H12_2-Aminoethanol,23
15.75,H12_2-Aminoethanol,23
16.0,H12_2-Aminoethanol,28
16.25,H12_2-Aminoethanol,27
16.5,H12_2-Aminoethanol,23
16.75,H12_2-Aminoethanol,20
17.0,H12_2-Aminoethanol,24
17.25,H12_2-Aminoethanol,23
17.5,H12_2-Aminoethanol,21
17.75,H12_2-Aminoethanol,25
18.0,H12_2-Aminoethanol,25
18.25,H12_2-Aminoethanol,26
18.5,H12_2-Aminoethanol,30
18.75,H12_2-Aminoethanol,23
19.0,H12_2-Aminoethanol,25
19.25,H12_2-Aminoethanol,30
19.5,H12_2-Aminoethanol,21
19.75,H12_2-Aminoethanol,24
20.0,H12_2-Aminoethanol,31
20.25,H12_2-Aminoethanol,25
20.5,H12_2-Aminoethanol,28
20.75,H12_2-Aminoethanol,28
21.0,H12_2-Aminoethanol,21
21.25,H12_2-Aminoethanol,32
21.5,H12_2-Aminoethanol,26
21.75,H12_2-Aminoethanol,26
22.0,H12_2-Aminoethanol,25
22.25,H12_2-Aminoethanol,26
22.5,H12_2-Aminoethanol,25
22.75,H12_2-Aminoethanol,27
23.0,H12_2-Aminoethanol,27
23.25,H12_2-Aminoethanol,24
23.5,H12_2-Aminoethanol,26
23.75,H12_2-Aminoethanol,29
24.0,H12_2-Aminoethanol,24
24.25,H12_2-Aminoethanol,23
24.5,H12_2-Aminoethanol,23
24.75,H12_2-Aminoethanol,22
25.0,H12_2-Aminoethanol,27
25.25,H12_2-Aminoethanol,28
25.5,H12_2-Aminoethanol,25
25.75,H12_2-Aminoethanol,31
26.0,H12_2-Aminoethanol,23
26.25,H12_2-Aminoethanol,26
26.5,H12_2-Aminoethanol,27
26.75,H12_2-Aminoethanol,28
27.0,H12_2-Aminoethanol,31
27.25,H12_2-Aminoethanol,25
27.5,H12_2-Aminoethanol,26
27.75,H12_2-Aminoethanol,31
28.0,H12_2-Aminoethanol,26
28.25,H12_2-Aminoethanol,27
28.5,H12_2-Aminoethanol,25
28.75,H12_2-Aminoethanol,28
29.0,H12_2-Aminoethanol,30
29.25,H12_2-Aminoethanol,25
29.5,H12_2-Aminoethanol,28
29.75,H12_2-Aminoethanol,26
30.0,H12_2-Aminoethanol,26
30.25,H12_2-Aminoethanol,30
30.5,H12_2-Aminoethanol,26
30.75,H12_2-Aminoethanol,28
31.0,H12_2-Aminoethanol,26
31.25,H12_2-Aminoethanol,24
31.5,H12_2-Aminoethanol,30
31.75,H12_2-Aminoethanol,27
32.0,H12_2-Aminoethanol,27
32.25,H12_2-Aminoethanol,31
32.5,H12_2-Aminoethanol,29
32.75,H12_2-Aminoethanol,26
33.0,H12_2-Aminoethanol,29
33.25,H12_2-Aminoethanol,28
33.5,H12_2-Aminoethanol,25
33.75,H12_2-Aminoethanol,29
34.0,H12_2-Aminoethanol,27
34.25,H12_2-Aminoethanol,32
34.5,H12_2-Aminoethanol,31
34.75,H12_2-Aminoethanol,27
35.0,H12_2-Aminoethanol,28
35.25,H12_2-Aminoethanol,30
35.5,H12_2-Aminoethanol,30
35.75,H12_2-Aminoethanol,26
36.0,H12_2-Aminoethanol,28
36.25,H12_2-Aminoethanol,29
36.5,H12_2-Aminoethanol,34
36.75,H12_2-Aminoethanol,29
37.0,H12_2-Aminoethanol,31
37.25,H12_2-Aminoethanol,33
37.5,H12_2-Aminoethanol,27
37.75,H12_2-Aminoethanol,28
38.0,H12_2-Aminoethanol,35
38.25,H12_2-Aminoethanol,32
38.5,H12_2-Aminoethanol,30
38.75,H12_2-Aminoethanol,32
39.0,H12_2-Aminoethanol,31
39.25,H12_2-Aminoethanol,32
39.5,H12_2-Aminoethanol,32
39.75,H12_2-Aminoethanol,32
40.0,H12_2-Aminoethanol,30
40.25,H12_2-Aminoethanol,29
40.5,H12_2-Aminoethanol,29
40.75,H12_2-Aminoethanol,34
41.0,H12_2-Aminoethanol,33
41.25,H12_2-Aminoethanol,32
41.5,H12_2-Aminoethanol,29
41.75,H12_2-Aminoethanol,32
42.0,H12_2-Aminoethanol,36
42.25,H12_2-Aminoethanol,32
42.5,H12_2-Aminoethanol,36
42.75,H12_2-Aminoethanol,33
43.0,H12_2-Aminoethanol,33
43.25,H12_2-Aminoethanol,31
43.5,H12_2-Aminoethanol,30
43.75,H12_2-Aminoethanol,32
44.0,H12_2-Aminoethanol,31
44.25,H12_2-Aminoethanol,32
44.5,H12_2-Aminoethanol,37
44.75,H12_2-Aminoethanol,32
45.0,H12_2-Aminoethanol,31
45.25,H12_2-Aminoethanol,31
45.5,H12_2-Aminoethanol,34
45.75,H12_2-Aminoethanol,32
46.0,H12_2-Aminoethanol,35
46.25,H12_2-Aminoethanol,35
46.5,H12_2-Aminoethanol,35
46.75,H12_2-Aminoethanol,35
47.0,H12_2-Aminoethanol,32
47.25,H12_2-Aminoethanol,36
47.5,H12_2-Aminoethanol,36
47.75,H12_2-Aminoethanol,36
48.0,H12_2-Aminoethanol,34
48.25,H12_2-Aminoethanol,34
