"Hour_df1","A1_Negative_Control_df1","A1_Negative_Control_df2","A1_Negative_Control_df3","A2_L.Arabinose_df1","A2_L.Arabinose_df2","A2_L.Arabinose_df3","A3_N.Acetyl.D_Glucosamine_df1","A3_N.Acetyl.D_Glucosamine_df2","A3_N.Acetyl.D_Glucosamine_df3","A4_D.Saccharic_Acid_df1","A4_D.Saccharic_Acid_df2","A4_D.Saccharic_Acid_df3","A5_Succinic_Acid_df1","A5_Succinic_Acid_df2","A5_Succinic_Acid_df3","A6_D.Galactose_df1","A6_D.Galactose_df2","A6_D.Galactose_df3","A7_L.Aspartic_Acid_df1","A7_L.Aspartic_Acid_df2","A7_L.Aspartic_Acid_df3","A8_L.Proline_df1","A8_L.Proline_df2","A8_L.Proline_df3","A9_D.Alanine_df1","A9_D.Alanine_df2","A9_D.Alanine_df3","A10_D.Trehalose_df1","A10_D.Trehalose_df2","A10_D.Trehalose_df3","A11_D.Mannose_df1","A11_D.Mannose_df2","A11_D.Mannose_df3","A12_Dulcitol_df1","A12_Dulcitol_df2","A12_Dulcitol_df3","B1_D.Serine_df1","B1_D.Serine_df2","B1_D.Serine_df3","B2_D.Sorbitol_df1","B2_D.Sorbitol_df2","B2_D.Sorbitol_df3","B3_Glycerol_df1","B3_Glycerol_df2","B3_Glycerol_df3","B4_L.Fucose_df1","B4_L.Fucose_df2","B4_L.Fucose_df3","B5_D.Glucuronic_Acid_df1","B5_D.Glucuronic_Acid_df2","B5_D.Glucuronic_Acid_df3","B6_D.Gluconic_Acid_df1","B6_D.Gluconic_Acid_df2","B6_D.Gluconic_Acid_df3","B7_D.L.a.Glycerol_Phosphate_df1","B7_D.L.a.Glycerol_Phosphate_df2","B7_D.L.a.Glycerol_Phosphate_df3","B8_D.Xylose_df1","B8_D.Xylose_df2","B8_D.Xylose_df3","B9_L.Lactic_Acid_df1","B9_L.Lactic_Acid_df2","B9_L.Lactic_Acid_df3","B10_Formic_Acid_df1","B10_Formic_Acid_df2","B10_Formic_Acid_df3","B11_D.Mannitol_df1","B11_D.Mannitol_df2","B11_D.Mannitol_df3","B12_L.Glutamic_Acid_df1","B12_L.Glutamic_Acid_df2","B12_L.Glutamic_Acid_df3","C1_D.Glucose.6.Phosphate_df1","C1_D.Glucose.6.Phosphate_df2","C1_D.Glucose.6.Phosphate_df3","C2_D.GalactonicAcid.g.Lactone_df1","C2_D.GalactonicAcid.g.Lactone_df2","C2_D.GalactonicAcid.g.Lactone_df3","C3_D.L.Malic_Acid_df1","C3_D.L.Malic_Acid_df2","C3_D.L.Malic_Acid_df3","C4_D.Ribose_df1","C4_D.Ribose_df2","C4_D.Ribose_df3","C5_Tween_20_df1","C5_Tween_20_df2","C5_Tween_20_df3","C6_L.Rhamnose_df1","C6_L.Rhamnose_df2","C6_L.Rhamnose_df3","C7_D.Fructose_df1","C7_D.Fructose_df2","C7_D.Fructose_df3","C8_Acetic_Acid_df1","C8_Acetic_Acid_df2","C8_Acetic_Acid_df3","C9_a.D.Glucose_df1","C9_a.D.Glucose_df2","C9_a.D.Glucose_df3","C10_Maltose_df1","C10_Maltose_df2","C10_Maltose_df3","C11_D.Melibiose_df1","C11_D.Melibiose_df2","C11_D.Melibiose_df3","C12_Thymidine_df1","C12_Thymidine_df2","C12_Thymidine_df3","D.1_L.Asparagine_df1","D.1_L.Asparagine_df2","D.1_L.Asparagine_df3","D2_D.Aspartic_Acid_df1","D2_D.Aspartic_Acid_df2","D2_D.Aspartic_Acid_df3","D3_D.Glucosaminic_Acid_df1","D3_D.Glucosaminic_Acid_df2","D3_D.Glucosaminic_Acid_df3","D4_1.2.Propanediol_df1","D4_1.2.Propanediol_df2","D4_1.2.Propanediol_df3","D5_Tween_40_df1","D5_Tween_40_df2","D5_Tween_40_df3","D6_a.Keto.Glutaric_Acid_df1","D6_a.Keto.Glutaric_Acid_df2","D6_a.Keto.Glutaric_Acid_df3","D7_a.Keto.Butyric_Acid_df1","D7_a.Keto.Butyric_Acid_df2","D7_a.Keto.Butyric_Acid_df3","D8_a.Methyl.D_Galactoside_df1","D8_a.Methyl.D_Galactoside_df2","D8_a.Methyl.D_Galactoside_df3","D9_a.D.Lactose_df1","D9_a.D.Lactose_df2","D9_a.D.Lactose_df3","D10_Lactulose_df1","D10_Lactulose_df2","D10_Lactulose_df3","D11_Sucrose_df1","D11_Sucrose_df2","D11_Sucrose_df3","D12_Uridine_df1","D12_Uridine_df2","D12_Uridine_df3","E1_L.Glutamine_df1","E1_L.Glutamine_df2","E1_L.Glutamine_df3","E2_m.Tartaric_Acid_df1","E2_m.Tartaric_Acid_df2","E2_m.Tartaric_Acid_df3","E3_D.Glucose.1.Phosphate_df1","E3_D.Glucose.1.Phosphate_df2","E3_D.Glucose.1.Phosphate_df3","E4_D.Fructose.6.Phosphate_df1","E4_D.Fructose.6.Phosphate_df2","E4_D.Fructose.6.Phosphate_df3","E5_Tween_80_df1","E5_Tween_80_df2","E5_Tween_80_df3","E6_a.Hydroxy_Glutaric_Acid.g_Lactone_df1","E6_a.Hydroxy_Glutaric_Acid.g_Lactone_df2","E6_a.Hydroxy_Glutaric_Acid.g_Lactone_df3","E7_a.Hydroxy_Butyric_Acid_df1","E7_a.Hydroxy_Butyric_Acid_df2","E7_a.Hydroxy_Butyric_Acid_df3","E8_B.Methyl.D_Glucoside_df1","E8_B.Methyl.D_Glucoside_df2","E8_B.Methyl.D_Glucoside_df3","E9_Adonitol_df1","E9_Adonitol_df2","E9_Adonitol_df3","E10_Maltotriose_df1","E10_Maltotriose_df2","E10_Maltotriose_df3","E11_2.DeoxyAdenosine_df1","E11_2.DeoxyAdenosine_df2","E11_2.DeoxyAdenosine_df3","E12_Adenosine_df1","E12_Adenosine_df2","E12_Adenosine_df3","F1_Glycyl.L.Aspartic_Acid_df1","F1_Glycyl.L.Aspartic_Acid_df2","F1_Glycyl.L.Aspartic_Acid_df3","F2_Citric_Acid_df1","F2_Citric_Acid_df2","F2_Citric_Acid_df3","F3_myo.Inositol_df1","F3_myo.Inositol_df2","F3_myo.Inositol_df3","F4_D.Threonine_df1","F4_D.Threonine_df2","F4_D.Threonine_df3","F5_Fumaric_Acid_df1","F5_Fumaric_Acid_df2","F5_Fumaric_Acid_df3","F6_Bromo_Succinic_Acid_df1","F6_Bromo_Succinic_Acid_df2","F6_Bromo_Succinic_Acid_df3","F7_Propionic_Acid_df1","F7_Propionic_Acid_df2","F7_Propionic_Acid_df3","F8_Mucic_Acid_df1","F8_Mucic_Acid_df2","F8_Mucic_Acid_df3","F9_Glycolic_Acid_df1","F9_Glycolic_Acid_df2","F9_Glycolic_Acid_df3","F10_Glyoxylic_Acid_df1","F10_Glyoxylic_Acid_df2","F10_Glyoxylic_Acid_df3","F11_D.Cellobiose_df1","F11_D.Cellobiose_df2","F11_D.Cellobiose_df3","F12_Inosine_df1","F12_Inosine_df2","F12_Inosine_df3","G1_Glycyl.L.Glutamic_Acid_df1","G1_Glycyl.L.Glutamic_Acid_df2","G1_Glycyl.L.Glutamic_Acid_df3","G2_Tricarballylic_Acid_df1","G2_Tricarballylic_Acid_df2","G2_Tricarballylic_Acid_df3","G3_L.Serine_df1","G3_L.Serine_df2","G3_L.Serine_df3","G4_L.Threonine_df1","G4_L.Threonine_df2","G4_L.Threonine_df3","G5_L.Alanine_df1","G5_L.Alanine_df2","G5_L.Alanine_df3","G6_L.Alanyl.Glycine_df1","G6_L.Alanyl.Glycine_df2","G6_L.Alanyl.Glycine_df3","G7_Acetoacetic_Acid_df1","G7_Acetoacetic_Acid_df2","G7_Acetoacetic_Acid_df3","G8_N.Acetyl.B.D_Mannosamine_df1","G8_N.Acetyl.B.D_Mannosamine_df2","G8_N.Acetyl.B.D_Mannosamine_df3","G9_Mono_Methyl_Succinate_df1","G9_Mono_Methyl_Succinate_df2","G9_Mono_Methyl_Succinate_df3","G10_Methyl_Pyruvate_df1","G10_Methyl_Pyruvate_df2","G10_Methyl_Pyruvate_df3","G11_D.Malic_Acid_df1","G11_D.Malic_Acid_df2","G11_D.Malic_Acid_df3","G12_L.Malic_Acid_df1","G12_L.Malic_Acid_df2","G12_L.Malic_Acid_df3","H1_Glycyl.L.Proline_df1","H1_Glycyl.L.Proline_df2","H1_Glycyl.L.Proline_df3","H2_p.Hydroxy_Phenyl_AceticAcid_df1","H2_p.Hydroxy_Phenyl_AceticAcid_df2","H2_p.Hydroxy_Phenyl_AceticAcid_df3","H3_m.Hydroxy_Phenyl_AceticAcid_df1","H3_m.Hydroxy_Phenyl_AceticAcid_df2","H3_m.Hydroxy_Phenyl_AceticAcid_df3","H4_Tyramine_df1","H4_Tyramine_df2","H4_Tyramine_df3","H5_D.Psicose_df1","H5_D.Psicose_df2","H5_D.Psicose_df3","H6_L.Lyxose_df1","H6_L.Lyxose_df2","H6_L.Lyxose_df3","H7_Glucuronamide_df1","H7_Glucuronamide_df2","H7_Glucuronamide_df3","H8_Pyruvic_Acid_df1","H8_Pyruvic_Acid_df2","H8_Pyruvic_Acid_df3","H9_L.Galactonic_Acid.g.Lactone_df1","H9_L.Galactonic_Acid.g.Lactone_df2","H9_L.Galactonic_Acid.g.Lactone_df3","H10_D.GalacturonicAcid_df1","H10_D.GalacturonicAcid_df2","H10_D.GalacturonicAcid_df3","H11_Phenylethylamine_df1","H11_Phenylethylamine_df2","H11_Phenylethylamine_df3","H12_2.Aminoethanol_df1","H12_2.Aminoethanol_df2","H12_2.Aminoethanol_df3"
0,25,21,20,29,25,36,20,11,12,20,11,11,17,11,11,17,11,15,15,11,11,14,11,13,19,11,16,22,11,25,18,16,18,27,16,24,26,14,26,13,11,13,12,11,11,11,11,11,17,11,12,13,11,11,11,11,12,20,33,42,11,11,13,19,11,11,16,14,19,30,15,25,20,15,20,12,11,11,11,11,11,23,40,33,11,11,11,11,11,11,11,11,11,14,11,13,16,11,11,16,11,11,18,11,19,20,13,14,18,19,20,11,11,11,11,11,11,11,11,11,11,11,11,11,11,11,11,11,11,11,11,11,12,11,11,15,11,11,11,11,11,23,16,21,20,15,19,11,11,11,11,11,11,11,11,16,11,11,11,11,11,11,11,11,11,11,11,11,11,11,11,11,11,17,11,11,11,24,13,21,17,13,22,11,12,11,11,11,11,13,11,18,11,11,11,11,11,11,11,11,11,11,11,20,11,11,11,11,11,11,14,13,13,29,18,14,19,21,19,11,17,11,11,11,11,11,11,11,11,11,11,11,11,11,11,11,11,11,11,19,11,11,26,11,14,11,12,13,12,17,18,22,19,19,18,11,20,11,11,16,11,11,13,11,11,13,12,24,77,69,11,12,11,11,12,11,11,14,11,11,15,11,14,20,13,47,18,15
0.25,23,13,19,27,25,40,18,11,16,16,11,13,16,11,13,11,11,13,16,11,15,14,11,11,17,11,14,20,11,12,19,15,17,22,22,23,22,13,25,13,11,16,13,11,11,11,11,11,11,11,11,11,11,11,11,11,11,20,40,43,13,11,17,14,11,11,11,11,14,23,14,18,16,15,21,14,11,11,11,11,11,22,50,48,11,11,11,11,11,11,11,11,11,11,11,11,11,11,13,14,11,11,12,11,14,21,14,21,16,13,14,11,11,16,11,11,11,11,11,11,11,11,11,11,11,11,11,11,11,11,11,11,11,11,11,13,11,11,11,11,11,20,20,16,18,11,16,11,11,11,11,11,11,11,11,11,11,11,11,11,11,11,11,11,11,11,11,11,11,11,11,11,11,14,11,11,11,18,15,17,12,11,11,11,15,11,11,11,11,11,11,11,11,11,11,11,11,11,11,11,11,11,11,11,11,11,11,11,11,11,12,12,12,26,13,16,18,17,16,11,11,11,11,11,11,11,12,11,11,12,11,11,11,11,11,11,11,11,11,11,11,11,11,11,11,11,14,14,15,17,19,17,16,21,12,11,18,11,11,13,11,11,16,11,11,15,11,27,76,75,11,18,11,11,11,11,11,18,11,11,14,11,13,24,11,43,17,14
0.5,25,18,25,24,34,49,15,11,18,15,11,16,16,11,16,19,11,19,11,11,15,16,11,18,16,12,14,22,11,14,20,19,20,24,18,21,18,13,20,15,11,16,12,11,14,11,11,14,12,11,12,11,11,11,11,11,11,19,47,47,12,11,11,20,11,11,11,14,12,24,17,22,21,18,21,12,11,15,11,11,11,29,52,55,11,11,11,11,11,11,11,11,11,11,11,11,18,11,13,11,13,11,12,13,11,22,22,19,16,17,16,11,11,15,11,14,11,11,12,11,11,11,11,11,11,11,11,11,11,11,11,11,11,11,12,12,12,11,12,11,11,15,21,18,12,17,14,11,11,11,11,11,11,13,11,11,11,11,11,12,11,11,11,11,11,11,11,11,11,15,11,11,11,11,15,13,11,23,17,21,17,13,18,11,17,11,12,11,11,11,11,11,11,11,11,11,11,11,11,11,11,11,12,11,11,11,11,11,13,11,14,15,12,22,20,17,18,20,21,11,13,11,13,14,12,11,16,11,11,15,11,11,11,11,11,12,11,11,12,11,11,12,11,11,12,11,14,19,11,18,25,17,22,23,21,11,25,11,11,15,11,12,16,11,11,18,11,30,84,81,11,16,11,11,18,11,11,17,11,11,16,11,13,23,11,42,22,15
0.75,27,15,19,27,29,43,16,11,16,13,11,11,17,11,12,14,11,12,18,11,18,14,11,13,17,11,13,20,11,11,21,13,15,23,16,18,24,14,19,17,11,15,11,11,11,12,11,11,17,11,11,11,11,11,11,11,11,19,40,45,12,11,11,15,11,11,12,13,11,26,14,21,19,15,18,11,11,11,11,11,11,28,53,49,11,11,11,11,11,11,11,11,11,11,11,11,16,11,12,15,11,13,13,11,11,20,18,15,19,15,14,11,11,11,11,11,11,11,11,11,11,11,11,11,11,11,11,11,11,11,11,11,11,11,11,14,11,11,11,11,11,18,17,16,17,12,15,11,11,11,11,11,11,11,11,11,11,11,11,11,11,11,11,11,11,11,11,11,11,11,11,12,11,11,11,11,11,20,15,13,17,12,12,11,13,11,11,12,11,11,11,11,11,11,11,11,11,11,11,11,11,11,11,11,11,11,11,11,11,11,12,14,11,24,17,15,15,21,15,11,14,11,11,13,11,11,13,11,11,11,11,11,11,11,11,11,11,11,11,11,11,12,11,11,11,11,12,13,12,12,18,15,17,21,13,11,19,11,11,11,11,11,12,11,11,15,11,29,84,79,11,11,11,11,15,11,11,14,11,11,15,11,11,19,11,41,22,16
1,24,11,18,30,27,46,11,11,11,13,11,13,12,11,11,14,11,16,14,11,18,15,11,13,13,11,11,24,11,17,19,11,17,25,21,24,25,11,19,12,11,12,11,11,11,11,11,11,12,11,11,12,11,11,11,11,11,18,37,47,11,11,12,16,11,11,11,11,12,24,12,19,19,16,19,12,11,11,11,11,11,26,52,46,11,11,11,11,11,11,11,11,11,11,11,11,11,11,11,12,11,11,14,11,14,21,17,18,16,14,17,11,11,11,11,11,11,11,11,11,11,11,11,11,11,11,11,11,11,11,11,11,11,11,11,16,11,11,12,11,12,18,17,19,16,12,14,11,11,11,11,11,11,11,11,11,11,11,11,11,11,11,11,11,11,11,11,11,11,11,11,11,11,11,11,11,11,21,16,15,15,12,15,11,13,11,11,11,11,11,11,11,11,11,11,11,11,11,11,11,11,11,11,11,11,11,11,11,11,11,12,14,15,19,17,18,15,19,16,11,11,11,11,11,11,11,11,11,11,11,11,11,11,11,11,13,11,11,11,11,11,11,11,12,11,11,14,13,11,11,16,13,20,15,11,11,18,11,11,12,11,11,16,11,11,20,11,24,87,78,11,11,11,11,16,11,11,14,11,11,12,11,12,18,11,38,17,11
1.25,23,13,26,28,28,46,14,11,14,14,11,17,14,11,15,14,11,13,15,11,17,14,11,14,12,11,14,22,11,12,18,15,16,25,19,19,24,11,23,16,11,17,14,11,12,12,11,16,12,11,15,12,11,11,11,11,11,23,44,51,11,11,11,20,11,11,12,15,13,27,15,19,22,14,21,11,11,12,13,11,13,24,56,53,11,11,11,11,11,11,11,11,11,11,11,11,11,11,11,12,11,11,16,11,12,20,15,18,14,16,14,11,11,12,11,11,11,11,11,11,11,11,11,11,11,11,11,11,11,11,11,11,11,11,11,14,11,11,14,11,11,18,21,18,18,11,18,11,11,11,11,11,11,11,11,11,11,11,11,11,11,11,11,11,11,11,11,11,11,11,11,11,11,11,11,15,11,20,18,13,13,11,15,11,14,12,11,11,11,11,11,11,11,11,11,11,11,11,11,13,11,11,12,11,11,14,11,11,13,11,12,17,13,24,18,17,18,18,18,11,13,11,11,11,11,11,14,11,11,13,11,11,11,11,11,12,11,11,12,11,11,11,11,11,13,11,11,14,11,16,20,16,20,21,17,11,18,11,11,12,11,11,16,11,11,16,11,27,87,87,11,13,11,11,15,11,11,19,11,11,18,11,13,22,14,33,20,17
1.5,22,14,19,24,35,42,14,11,16,12,11,13,13,11,12,13,11,11,14,11,15,11,11,12,14,11,11,18,11,11,19,12,17,26,15,22,23,13,21,16,11,12,13,11,11,11,11,11,13,11,11,11,11,11,11,11,11,22,41,49,11,11,11,15,11,11,13,13,11,26,14,23,22,16,23,11,11,11,11,11,11,25,54,52,11,11,11,11,11,11,11,11,11,11,11,11,13,11,11,13,11,11,17,11,11,21,17,16,18,19,15,11,11,11,11,11,11,11,11,11,11,11,11,11,11,11,11,11,11,11,11,11,11,11,11,16,11,11,11,11,11,19,18,19,14,11,14,11,11,11,11,11,11,11,11,11,11,11,11,11,11,11,11,11,11,11,11,11,11,11,11,12,11,11,12,11,11,20,16,12,13,11,13,11,11,11,11,11,11,11,11,11,11,11,11,11,11,11,11,11,11,11,11,11,11,12,11,11,11,11,13,17,11,20,15,16,21,23,19,11,17,11,11,13,11,11,12,11,11,16,11,11,11,11,11,13,11,11,11,11,11,12,11,11,11,11,13,14,12,19,15,14,19,16,13,11,21,11,11,15,11,11,18,11,11,14,11,26,87,85,11,13,11,11,13,11,11,16,11,11,15,11,11,20,11,34,20,13
1.75,24,11,18,25,28,48,12,11,15,14,11,12,14,11,12,14,11,11,17,11,12,16,11,14,16,11,15,24,11,13,17,15,14,25,16,19,21,11,21,12,11,12,11,11,11,11,11,11,16,11,11,11,11,11,11,11,11,17,39,48,11,11,11,15,11,11,17,12,14,26,13,21,17,15,15,11,11,11,11,11,11,28,55,52,11,11,11,11,11,11,11,11,11,11,11,11,11,11,11,15,11,11,14,11,11,18,17,16,15,11,16,11,11,11,11,11,11,11,11,11,11,11,11,11,11,11,11,11,11,11,11,11,11,11,11,17,11,11,12,11,11,19,17,18,15,11,11,11,11,11,11,11,11,11,11,11,11,11,11,11,11,11,11,11,11,11,11,11,11,11,11,11,11,11,11,11,11,22,14,16,15,11,15,11,11,11,11,11,11,11,11,11,11,11,11,11,11,11,11,11,11,11,11,11,11,11,11,11,11,11,13,11,11,23,14,20,18,19,17,11,11,11,11,11,11,11,11,11,11,11,11,11,11,11,11,11,11,11,11,11,11,11,11,11,11,11,11,12,12,11,16,15,15,17,11,11,19,11,11,12,11,11,11,11,11,14,11,25,86,83,11,14,11,11,20,11,11,13,11,11,14,11,11,13,11,34,18,12
2,21,16,20,29,33,53,19,11,15,17,11,15,14,11,15,15,11,14,16,11,14,13,11,13,16,11,13,21,11,13,19,15,19,24,16,21,23,15,21,13,11,15,13,11,13,14,11,14,17,11,12,12,11,11,11,11,11,22,46,53,11,11,11,21,11,11,14,12,15,20,15,17,19,14,19,11,11,11,11,11,11,29,59,56,11,11,11,11,11,11,12,11,11,13,11,11,15,11,11,18,11,11,14,12,15,20,21,17,18,12,14,11,12,13,11,11,11,11,11,11,11,11,11,11,11,11,11,11,11,11,11,11,11,11,11,18,11,11,13,11,11,22,18,19,14,12,14,11,11,11,11,11,11,11,11,11,11,11,11,11,11,11,11,11,11,11,11,11,11,11,11,12,11,11,11,12,11,22,20,18,16,14,15,11,15,11,11,11,11,11,11,11,11,11,11,11,11,11,11,11,11,11,11,11,11,13,11,11,11,11,11,12,11,22,17,14,19,19,17,11,18,11,11,11,11,11,12,11,11,12,11,11,11,11,11,11,11,11,11,11,11,11,11,11,12,11,11,18,12,15,21,19,17,17,13,11,22,11,11,12,11,11,11,11,11,18,13,28,89,85,11,14,11,11,17,11,11,13,11,11,18,11,11,19,11,29,26,15
2.25,23,18,20,26,34,47,14,11,15,13,11,13,12,11,12,12,11,11,11,11,12,11,11,11,12,11,15,20,11,11,16,14,16,22,18,20,20,16,20,12,11,16,12,11,11,12,11,12,11,11,11,11,11,11,11,11,11,21,44,55,11,11,11,17,11,11,12,11,12,22,16,16,17,14,17,11,11,11,11,11,11,29,56,56,11,11,11,11,11,11,11,11,11,11,11,11,11,11,11,15,11,11,18,11,15,16,13,16,13,13,11,11,11,11,11,11,11,11,11,11,11,11,11,11,11,11,11,11,11,11,11,11,11,11,11,14,11,11,11,11,11,16,18,15,15,12,13,11,11,11,11,11,11,11,11,11,11,11,11,11,11,11,11,11,11,11,11,11,11,11,11,11,11,11,11,11,11,18,14,18,11,13,12,11,12,11,11,11,11,11,11,11,11,11,11,11,11,11,11,11,11,11,11,11,11,12,11,11,11,11,11,17,11,18,15,15,14,23,11,11,12,11,11,11,11,11,11,11,11,14,11,11,11,11,11,11,11,11,11,11,11,11,11,11,11,11,12,12,11,11,17,14,13,20,11,11,20,11,11,12,11,11,14,12,11,19,11,26,90,84,11,12,11,11,11,11,11,16,11,11,15,11,13,23,11,28,15,11
2.5,20,13,21,29,35,51,17,11,18,14,11,15,11,11,13,13,11,13,12,11,14,11,11,14,14,11,12,25,11,11,19,15,15,24,22,20,20,13,20,17,11,15,11,11,11,11,11,12,14,11,12,12,11,11,11,11,11,25,48,58,12,11,11,18,11,11,11,13,11,24,15,20,17,17,19,11,11,11,11,11,11,29,57,61,11,11,11,11,11,11,11,11,11,11,11,13,11,11,11,15,11,11,11,13,11,16,18,16,16,13,12,11,11,11,11,11,11,11,11,11,11,11,11,11,11,11,11,11,11,11,11,11,11,11,11,17,11,11,15,11,11,17,21,19,15,13,14,11,11,11,11,11,11,11,11,11,11,12,11,11,11,11,11,11,11,11,11,11,11,11,11,11,11,11,13,16,11,19,20,14,14,11,14,11,11,11,11,11,11,11,11,11,11,11,11,11,11,11,11,11,11,11,11,11,11,12,11,11,12,11,12,14,11,15,14,15,16,21,15,11,14,11,11,11,11,11,11,11,11,16,11,11,11,11,11,11,11,11,12,11,11,11,11,11,14,11,11,13,11,13,23,11,17,17,17,11,18,11,11,13,11,11,11,11,11,23,11,34,91,91,11,11,11,11,14,11,11,16,11,11,17,11,13,16,11,28,19,11
2.75,23,15,24,32,30,51,13,11,15,15,11,13,14,11,14,12,11,15,11,11,11,11,11,13,13,11,12,23,11,15,20,13,17,23,13,14,20,11,20,13,11,14,14,11,14,11,11,12,14,11,11,11,11,11,11,11,11,23,43,53,11,11,11,17,11,11,15,13,12,26,11,20,15,15,14,11,11,11,11,11,11,29,56,60,11,11,11,11,11,11,11,11,11,11,11,11,14,11,11,15,11,11,14,12,11,19,14,22,11,11,11,11,11,12,11,11,11,11,11,11,11,11,11,11,11,11,11,11,11,11,11,11,11,11,11,15,11,11,11,11,11,19,19,17,14,11,13,11,11,12,11,11,11,11,11,11,11,11,11,11,11,11,11,11,11,11,11,11,11,11,11,11,11,11,12,11,11,18,15,14,16,11,18,11,13,11,11,11,11,11,11,11,11,11,11,11,11,11,11,11,11,11,11,11,11,11,11,11,13,11,11,16,11,16,16,16,14,18,12,11,15,13,11,11,11,11,11,11,11,11,11,11,11,11,11,11,11,11,11,11,11,11,11,11,12,11,11,13,11,13,22,12,16,17,15,11,21,11,11,13,11,11,15,11,11,17,11,26,91,85,11,13,11,11,18,11,11,16,11,11,17,11,11,20,11,28,24,11
3,24,14,20,29,32,50,16,11,14,14,11,15,14,11,13,12,11,11,16,11,15,16,11,13,15,11,16,20,11,12,20,16,19,25,19,21,23,11,21,16,11,15,11,11,11,11,11,11,11,11,11,11,11,11,11,11,11,18,46,51,13,11,13,20,11,11,17,13,15,25,13,22,19,17,18,11,11,11,11,11,11,27,61,56,11,11,11,11,11,11,11,11,11,11,11,13,12,11,11,13,11,11,14,11,13,22,17,22,15,16,13,11,11,11,11,11,11,11,11,11,11,11,11,11,11,11,11,11,11,11,11,11,11,11,11,14,11,11,12,11,11,21,20,20,17,11,18,11,11,11,11,11,11,11,11,11,11,11,11,11,11,11,11,11,11,11,11,11,11,11,11,11,11,11,12,12,11,17,16,14,13,11,12,11,13,11,11,11,11,11,11,11,11,11,11,11,11,11,11,12,11,11,11,11,11,13,11,11,11,11,11,17,12,18,17,14,19,17,19,11,14,11,11,11,11,11,11,11,11,11,11,11,11,11,11,11,11,11,11,11,11,11,11,11,11,11,12,13,11,12,15,13,16,18,16,11,21,11,11,18,11,11,17,11,11,18,11,26,90,92,11,13,11,11,13,11,11,17,11,11,12,11,11,21,12,24,21,14
3.25,25,11,23,23,34,50,12,11,11,14,11,13,14,11,16,16,11,11,13,11,15,14,11,11,14,11,12,17,11,12,18,14,19,29,17,26,23,13,24,11,11,14,11,11,11,11,11,11,12,11,11,11,11,11,11,11,11,22,45,54,12,11,12,15,11,11,11,13,11,20,14,20,19,16,20,11,11,11,12,11,11,28,60,58,11,11,11,11,11,13,11,11,11,11,11,11,11,11,11,17,11,11,15,11,13,14,18,12,17,16,16,11,11,11,11,11,11,11,11,11,11,11,11,11,11,11,11,11,11,11,11,11,11,11,11,17,11,11,11,11,11,17,17,17,11,13,11,11,11,11,11,11,11,11,11,11,11,11,11,11,11,11,11,11,11,11,11,11,11,11,11,11,11,11,11,11,11,19,16,18,15,11,16,11,11,11,11,11,11,11,11,11,11,11,11,11,11,11,11,11,11,11,11,11,11,13,11,11,13,11,12,14,14,18,17,16,16,19,15,11,13,11,11,12,11,11,11,11,11,13,11,11,11,11,11,11,11,11,11,11,11,11,11,11,11,11,13,18,11,12,21,11,14,17,15,11,20,11,11,11,11,11,12,11,11,13,11,24,92,88,11,11,11,11,14,11,11,15,11,11,18,11,11,20,11,26,20,13
3.5,26,16,25,31,34,52,11,11,17,17,11,17,13,11,12,18,11,13,15,11,17,17,11,17,14,11,17,25,11,16,15,14,11,26,17,21,22,11,23,13,11,13,11,11,11,11,11,12,14,11,11,11,11,11,11,11,11,21,46,58,11,11,12,15,11,11,13,12,16,20,16,18,22,14,18,12,11,15,11,11,11,30,58,61,11,11,11,14,11,12,11,11,11,12,11,12,13,12,11,11,11,11,15,11,12,18,21,16,17,11,15,11,11,13,11,11,11,11,11,11,11,11,11,11,11,11,11,11,11,11,11,11,11,11,11,19,11,11,14,11,11,19,22,19,13,11,13,11,11,11,11,11,11,11,11,11,11,11,11,11,11,11,11,11,11,11,11,11,11,11,11,11,11,11,11,11,11,18,17,12,17,11,18,11,13,11,11,11,11,11,11,11,11,11,11,11,11,11,11,12,11,11,11,11,11,11,11,11,11,11,11,14,11,15,17,12,17,16,21,11,14,11,11,11,11,11,11,11,11,11,11,11,11,11,11,11,11,11,11,11,11,11,11,11,11,11,11,14,11,16,20,14,15,16,15,11,24,11,11,20,11,11,14,11,11,16,11,27,89,86,11,11,11,11,17,11,11,17,11,11,19,11,11,22,11,27,22,13
3.75,25,21,22,27,36,50,11,11,15,19,11,13,11,11,14,13,11,11,13,11,17,11,11,11,11,11,11,24,11,14,14,12,15,20,14,18,19,14,19,13,11,17,11,11,11,11,11,11,14,11,11,11,11,11,11,11,11,20,45,58,12,11,11,17,11,11,16,12,13,25,16,19,19,14,14,13,11,12,11,11,11,25,56,60,11,11,11,11,11,11,11,11,11,11,11,11,11,11,11,18,11,11,16,11,11,19,15,15,15,18,12,11,11,15,11,11,11,11,11,11,11,11,11,11,11,11,11,11,11,11,11,11,11,11,11,17,11,11,15,11,11,16,18,17,11,11,12,11,11,14,11,11,11,11,11,11,11,11,11,11,11,11,11,11,11,11,11,11,11,11,11,11,11,11,11,11,11,18,17,11,14,11,16,11,15,11,11,11,11,11,11,11,11,11,11,11,11,11,11,11,11,11,11,11,11,16,11,11,11,11,12,16,11,21,17,16,15,20,17,11,12,11,11,14,11,11,11,11,11,11,11,11,11,11,11,11,11,11,11,11,11,11,11,11,11,11,13,17,11,11,20,12,17,19,17,11,22,11,11,15,11,11,16,11,11,19,11,32,95,93,11,11,11,11,16,11,11,12,11,11,13,11,14,17,11,27,20,11
4,23,12,21,26,35,53,12,11,16,18,11,18,15,11,14,14,11,14,14,11,17,19,11,17,17,11,12,23,11,11,15,13,12,25,19,19,20,12,22,14,11,14,13,11,12,11,11,13,11,11,11,11,11,11,11,11,11,21,45,56,13,11,12,17,11,11,11,13,12,26,15,20,18,11,14,11,11,13,11,11,11,28,59,58,11,11,11,11,11,11,11,11,14,11,11,12,12,11,11,15,11,11,15,11,11,19,17,17,18,14,12,11,11,11,11,11,11,11,11,11,11,11,11,11,11,11,11,11,11,11,11,11,11,11,11,19,11,11,14,11,11,24,15,18,15,11,17,11,11,11,11,11,11,11,11,11,11,11,11,11,11,11,11,11,11,11,11,11,11,11,11,12,11,11,11,11,11,20,14,13,15,11,16,11,15,11,11,11,11,11,11,11,11,11,11,11,11,11,11,11,11,11,11,11,11,11,11,11,13,11,15,14,11,18,16,13,21,19,16,11,13,11,11,11,11,11,11,11,11,11,11,11,11,11,11,11,11,11,11,11,11,11,11,11,11,11,13,11,11,13,19,11,13,20,14,11,23,11,11,12,11,11,11,11,11,18,11,29,92,91,11,12,11,11,15,11,11,12,11,11,14,11,11,20,11,27,23,12
4.25,23,11,23,27,35,53,14,11,20,17,11,16,12,11,14,14,11,14,11,11,13,11,11,12,17,11,11,19,11,12,16,12,14,25,16,23,26,14,25,12,11,17,11,11,11,11,11,13,13,11,12,11,11,11,11,11,11,25,46,60,12,11,12,18,11,11,14,17,13,24,13,21,16,12,17,12,12,15,11,11,11,30,58,64,11,11,11,11,11,11,11,11,11,11,11,11,11,11,11,15,11,11,14,11,11,20,17,20,16,16,14,11,11,11,11,11,11,11,11,11,11,11,11,11,11,11,11,11,11,11,11,11,11,11,11,15,11,11,12,11,11,20,17,18,18,12,16,11,12,11,11,11,11,11,11,11,11,11,11,11,11,11,11,11,11,11,11,11,11,11,11,13,11,11,11,11,11,22,16,16,19,13,19,11,16,11,11,11,11,11,11,11,11,11,11,11,11,11,11,11,11,11,11,11,11,14,11,11,14,11,11,16,11,17,17,13,18,19,19,11,15,11,11,13,11,11,11,11,11,12,11,11,11,11,11,11,11,11,11,11,11,11,11,11,13,11,14,14,12,13,20,14,17,23,16,11,23,11,11,15,11,11,12,13,11,17,11,29,92,92,11,11,11,11,17,11,11,15,11,11,15,11,13,24,11,25,26,11
4.5,26,16,24,30,38,52,12,11,19,15,11,18,14,11,15,13,11,12,12,11,15,12,11,17,13,11,11,23,11,12,16,13,15,27,18,19,20,13,20,14,11,16,15,11,14,11,11,11,12,11,11,12,11,11,11,11,11,21,51,58,11,11,11,17,11,11,14,11,15,23,16,19,18,11,15,12,11,15,13,11,11,29,60,61,12,11,11,11,11,11,11,11,11,11,11,12,13,11,11,16,11,11,17,11,11,19,18,14,14,14,11,11,11,14,11,11,11,11,11,11,11,11,11,11,11,11,11,11,11,11,11,11,11,11,11,14,11,11,16,11,11,18,21,15,15,11,16,11,11,13,11,11,11,11,11,11,11,11,11,11,11,11,11,11,11,11,11,11,11,11,11,13,11,11,11,12,11,20,14,14,18,13,15,11,14,11,11,11,11,11,11,11,11,11,11,11,11,11,11,11,11,11,11,11,11,12,11,12,11,11,11,15,11,19,16,15,19,18,17,11,13,13,11,11,11,11,11,11,11,11,11,11,11,11,11,11,11,11,11,11,11,11,11,11,16,11,12,16,11,17,21,15,12,21,16,11,18,11,11,14,11,11,13,11,11,17,11,29,92,93,11,11,11,11,18,11,11,17,11,11,20,11,11,17,11,29,19,14
4.75,24,13,25,27,40,52,11,11,18,18,11,17,12,11,13,12,11,11,14,11,18,16,11,13,17,11,13,22,11,12,17,12,20,24,21,21,21,11,25,14,11,20,16,11,15,11,11,11,12,11,11,11,11,11,11,11,11,23,48,59,11,11,13,16,11,11,14,12,14,23,16,15,17,13,14,11,14,15,12,11,13,28,57,60,11,11,14,11,11,11,11,11,11,11,11,11,12,11,13,20,14,11,17,13,14,21,19,18,16,13,11,11,12,13,11,11,11,11,11,11,11,11,12,11,11,11,11,11,11,11,11,11,11,11,11,13,11,11,11,11,11,18,20,17,17,12,14,11,11,16,11,11,11,11,11,13,11,11,11,11,12,11,11,11,11,11,11,11,11,11,11,12,11,11,13,11,11,23,19,17,15,15,15,11,13,11,11,11,11,11,11,11,11,12,11,11,11,11,11,13,11,11,12,11,11,12,11,11,13,11,11,18,11,17,14,15,16,21,18,11,14,13,11,11,11,11,16,11,11,11,11,11,11,11,11,14,11,11,11,11,11,14,11,11,11,11,12,16,11,15,22,16,20,20,14,11,20,11,11,16,11,11,15,12,11,17,11,31,97,95,11,13,11,11,17,11,11,18,11,11,18,11,11,18,11,26,19,12
5,25,14,26,26,35,51,13,11,18,18,11,20,16,11,14,17,11,13,14,11,14,15,11,16,12,11,13,25,11,17,21,11,16,27,20,20,23,11,22,12,11,15,15,11,13,11,11,11,15,11,13,12,11,12,11,11,11,20,46,55,14,11,11,16,11,11,12,12,13,26,13,22,20,16,20,13,11,15,11,11,11,32,60,63,11,11,11,11,11,11,11,11,12,11,11,14,12,11,11,15,11,11,12,11,11,18,14,15,16,13,14,11,11,14,11,11,11,11,11,11,11,11,11,11,11,11,11,11,11,11,11,11,11,11,11,14,11,11,14,11,11,20,15,17,17,12,13,11,11,12,11,11,11,11,11,11,11,11,11,11,11,11,11,11,11,11,11,11,11,11,11,11,11,11,11,11,11,18,17,11,13,11,13,11,11,11,11,12,11,11,12,11,11,12,11,11,12,11,11,11,11,11,11,11,11,11,11,11,11,11,11,12,11,18,16,12,15,21,19,11,11,11,11,11,11,11,12,11,11,11,11,11,11,11,11,12,11,11,13,11,11,11,11,11,11,11,11,16,11,11,16,11,13,21,15,11,22,11,11,17,11,11,15,11,11,15,11,28,92,89,11,11,11,11,16,11,11,17,11,11,14,11,11,19,11,26,16,11
5.25,21,14,20,26,35,51,17,11,19,11,11,14,15,11,14,13,11,13,13,11,15,18,11,14,11,11,13,24,11,13,20,15,18,23,15,22,24,12,23,20,11,18,13,11,15,13,11,16,16,11,12,11,11,11,12,11,11,18,47,58,16,11,16,22,11,11,16,11,11,23,16,19,15,12,15,11,11,16,11,11,12,30,60,66,11,11,11,11,11,11,11,11,11,11,11,14,11,11,11,13,12,11,15,11,11,22,19,17,14,14,15,11,11,13,11,11,11,11,11,11,11,11,11,11,11,11,11,11,11,11,11,12,11,11,11,16,11,11,13,11,11,15,13,15,15,11,16,11,11,12,11,11,11,11,11,11,11,11,11,11,11,11,11,11,11,11,11,11,11,11,11,11,11,11,13,11,11,19,18,13,14,11,14,11,13,11,11,11,11,11,11,11,11,11,11,11,11,11,11,11,11,11,11,11,11,11,11,11,15,11,11,17,12,20,16,15,16,17,17,11,17,14,11,13,11,11,15,11,11,11,11,11,11,11,11,12,11,11,11,11,11,11,11,11,11,11,12,17,12,14,19,17,19,15,17,11,21,11,11,18,11,11,20,11,11,18,11,30,92,94,11,16,11,11,14,11,11,11,11,11,15,11,14,21,11,24,19,11
5.5,25,18,21,27,34,49,16,11,18,15,11,16,14,11,15,11,11,14,15,11,15,13,11,13,14,11,14,19,11,14,18,12,15,24,16,23,20,15,22,13,11,13,15,11,11,11,11,11,13,11,11,11,11,11,11,11,11,24,46,57,11,11,11,16,11,11,14,11,16,29,14,24,18,15,19,11,11,12,11,11,11,32,57,62,11,11,11,11,11,11,11,11,11,11,11,11,12,11,14,15,11,11,16,11,14,19,19,14,16,16,15,11,15,13,11,11,15,11,11,11,11,11,11,11,11,11,11,11,11,11,11,11,11,11,11,16,11,11,16,11,14,16,15,17,16,13,14,11,11,11,11,11,11,11,11,11,11,11,11,11,11,11,11,11,11,11,11,11,11,11,11,11,11,11,11,11,11,22,15,16,17,11,17,11,15,11,11,11,11,11,11,11,11,11,11,11,11,11,11,11,11,11,11,11,11,11,11,11,11,11,11,15,11,19,11,14,18,21,19,11,17,11,11,11,11,11,12,11,11,12,11,11,11,11,11,11,11,11,11,11,11,11,11,11,11,11,16,14,15,13,19,15,19,23,17,11,21,11,11,17,11,11,12,11,11,19,11,31,90,95,11,13,11,11,12,11,11,12,11,11,15,11,11,18,11,26,21,11
5.75,23,14,21,30,33,54,17,11,16,15,11,13,14,11,13,11,11,12,14,11,13,12,11,12,14,11,13,21,11,15,14,11,16,25,17,22,20,15,18,13,11,13,16,11,11,11,11,11,17,11,11,13,11,11,13,11,11,25,48,60,11,11,11,16,11,14,13,11,15,22,13,22,16,15,15,11,11,11,11,11,11,31,59,61,11,11,11,11,11,11,11,11,11,11,11,11,13,11,11,16,11,11,12,11,12,18,15,16,17,14,17,11,11,11,11,11,11,11,11,11,11,11,11,11,11,11,11,11,11,11,11,11,11,11,11,16,11,11,16,11,11,16,12,13,16,11,15,11,11,11,11,11,11,11,11,11,11,11,11,11,11,11,11,11,11,11,11,11,11,11,11,12,11,11,11,11,11,18,15,13,12,12,15,11,11,11,11,11,11,11,11,11,11,13,11,11,11,11,11,11,11,11,11,11,11,11,11,11,11,11,11,18,14,16,16,14,11,19,13,11,12,11,11,11,11,11,11,11,11,11,11,11,11,11,11,11,11,11,11,11,11,11,11,11,14,11,13,15,11,11,24,11,22,19,17,11,22,11,11,11,11,11,11,11,11,17,11,28,95,95,11,11,11,11,13,11,11,11,11,11,17,11,11,19,11,26,21,11
6,21,16,17,27,30,53,13,11,18,15,11,14,12,11,11,12,11,12,15,11,15,12,11,15,11,11,13,20,11,13,18,11,17,23,17,22,23,12,22,15,11,16,11,11,11,11,11,12,19,11,11,11,11,11,11,11,11,20,47,55,11,11,11,17,11,11,13,15,14,23,12,18,23,13,18,11,11,11,11,11,11,27,59,62,12,11,15,11,11,11,11,11,11,11,11,11,11,11,11,15,11,11,19,11,11,18,17,16,15,12,11,11,11,11,11,11,11,11,11,11,11,11,11,11,11,11,11,11,11,11,11,11,11,11,11,14,11,11,12,11,11,14,16,15,20,11,19,11,11,12,11,11,11,11,11,11,11,11,11,11,11,11,11,11,11,11,11,11,11,11,11,14,11,11,12,14,11,21,14,14,12,11,14,11,11,11,11,11,11,11,11,11,11,11,11,11,11,11,11,11,11,11,11,11,11,11,11,11,13,11,13,14,11,22,15,11,17,18,16,11,12,11,11,11,11,11,11,11,11,11,11,11,11,11,11,11,11,11,11,11,11,11,11,11,11,11,11,14,11,12,21,11,17,16,12,11,21,11,11,14,11,11,12,11,11,15,11,30,95,94,11,11,11,11,18,11,11,12,11,11,17,11,11,16,11,23,24,11
6.25,17,15,14,29,36,51,11,11,18,15,11,19,13,11,16,11,11,12,14,11,18,13,11,15,16,11,16,23,11,13,20,14,14,26,15,19,19,11,15,14,11,13,11,11,11,11,11,12,18,11,11,11,11,11,11,11,11,21,51,60,11,11,11,15,11,11,13,13,14,25,13,22,18,18,12,11,11,12,11,11,11,30,59,62,11,11,12,11,11,11,11,11,11,12,11,14,11,11,11,19,11,12,16,11,11,21,16,17,14,11,12,11,12,11,11,11,11,11,11,11,11,11,11,11,11,11,11,11,11,11,11,11,11,11,11,19,11,11,11,11,11,20,18,15,17,11,15,11,11,11,11,11,11,11,11,11,11,11,11,11,11,11,11,11,11,11,11,11,11,11,11,11,11,11,13,12,11,20,14,15,16,11,16,11,15,11,11,11,11,11,11,11,11,11,11,11,11,11,11,11,11,11,11,11,11,12,11,11,15,11,11,11,11,17,17,12,14,16,14,11,16,11,11,11,11,11,11,11,11,13,11,11,11,11,11,11,11,11,11,11,11,11,11,11,11,11,12,18,11,11,17,11,15,19,16,11,23,11,11,20,11,11,11,11,11,17,11,24,94,93,11,12,11,11,17,11,11,13,11,11,14,11,12,18,11,27,21,12
6.5,25,16,24,31,33,50,11,11,13,14,11,18,11,11,14,11,11,13,14,11,19,13,11,11,11,11,11,22,11,14,18,12,18,21,16,16,21,15,22,15,11,16,11,11,11,11,11,12,17,11,11,12,11,11,11,11,11,21,44,59,11,11,11,16,11,11,14,11,11,24,12,20,16,13,18,11,11,11,11,11,12,28,55,64,11,11,11,11,11,11,11,11,11,11,11,11,11,11,11,14,11,11,14,11,12,16,13,13,16,17,15,11,11,12,11,11,11,11,11,11,11,11,11,11,11,11,11,11,11,11,11,11,11,11,11,18,11,11,13,11,11,17,15,17,14,14,18,11,11,11,11,11,11,11,11,11,11,11,11,11,11,11,11,11,11,11,11,11,11,11,11,11,11,11,11,11,11,20,13,12,17,16,14,11,11,11,11,11,11,11,11,11,11,11,11,11,11,11,11,11,11,11,11,11,11,11,11,11,11,11,13,12,11,20,17,16,16,21,13,11,11,11,11,11,11,11,11,11,11,11,11,11,11,11,11,11,11,11,11,11,11,11,11,11,16,11,13,15,11,14,21,15,16,16,14,11,17,11,11,11,11,11,13,11,11,14,11,32,95,97,11,11,11,11,14,11,11,18,11,11,17,11,12,19,11,29,21,14
6.75,27,15,22,29,37,53,12,11,17,13,11,12,11,11,14,12,11,15,12,11,14,14,11,15,16,11,13,25,11,16,21,16,18,21,17,22,25,13,25,12,11,11,16,11,12,11,11,12,13,11,11,11,11,11,11,11,11,18,48,55,11,11,11,14,11,11,14,13,11,26,15,18,19,11,18,11,11,14,11,11,11,27,59,63,11,11,11,11,11,11,11,11,11,11,11,11,14,11,11,17,11,13,15,11,11,18,19,16,16,14,12,11,11,11,11,11,11,11,11,11,11,11,11,11,11,11,11,11,11,11,11,11,11,11,11,20,11,11,18,11,11,18,16,18,15,14,15,11,11,12,11,11,11,11,11,12,11,11,11,11,11,11,11,11,11,11,11,11,11,11,11,11,11,11,11,11,11,20,14,16,12,11,13,11,14,11,11,11,11,11,11,11,11,11,11,11,11,11,11,11,11,11,11,11,11,13,11,11,12,11,12,18,11,17,16,12,17,22,17,11,13,11,11,12,11,11,12,11,11,11,11,11,11,11,11,13,11,11,11,11,11,11,11,11,11,11,14,13,11,13,22,16,20,17,15,11,20,11,11,15,11,11,13,11,11,17,11,30,96,93,11,11,11,11,14,11,11,15,11,11,16,11,11,14,11,26,18,11
7,22,15,24,32,40,51,20,11,22,18,11,19,14,11,15,11,11,11,16,11,19,15,11,16,17,11,13,25,11,16,19,13,19,23,15,20,22,12,21,13,11,15,16,11,14,16,11,14,22,11,12,14,11,12,11,11,11,25,50,59,12,11,11,16,11,11,17,13,18,23,16,23,21,13,20,11,11,12,11,11,11,31,58,62,11,11,11,11,11,11,11,11,11,11,11,11,15,11,11,16,11,11,17,11,11,20,17,15,19,16,14,11,15,11,11,11,11,11,11,11,11,11,11,11,11,11,11,11,14,11,11,11,13,11,12,21,11,11,14,11,11,19,17,20,19,11,18,11,11,15,11,11,11,11,11,11,11,11,11,11,11,11,11,11,11,11,11,11,11,11,11,13,11,11,13,11,11,21,15,14,19,14,20,11,15,11,11,11,11,11,11,11,11,11,11,11,11,11,11,13,11,11,11,11,11,11,11,11,13,11,13,14,11,19,19,15,16,17,19,11,16,11,11,11,11,11,16,11,11,11,11,11,13,11,11,11,11,11,14,11,11,11,11,11,11,11,13,13,13,13,14,11,16,17,11,11,22,11,11,16,11,11,16,11,11,23,11,31,96,98,11,12,11,11,18,11,11,12,11,11,18,11,14,20,11,28,21,12
7.25,21,15,23,30,36,53,13,11,21,14,11,18,13,11,12,11,11,13,15,11,19,13,11,12,16,11,12,25,11,16,16,15,18,22,17,19,24,16,23,18,11,15,12,11,11,11,11,13,18,11,11,15,11,14,11,11,11,24,49,61,13,11,11,21,11,11,12,13,13,24,16,23,18,15,19,12,11,17,11,12,13,33,63,67,11,11,11,11,11,11,11,11,11,11,11,11,15,11,11,12,11,11,16,11,12,21,18,17,17,18,14,11,11,17,11,11,11,11,11,11,11,11,11,11,11,11,11,11,12,11,11,11,11,11,11,19,11,11,17,11,11,15,13,18,19,18,18,11,11,13,11,11,11,11,11,11,11,11,11,11,11,11,11,11,11,11,11,11,11,11,11,11,11,11,12,11,11,20,15,11,14,15,13,11,14,11,11,11,11,11,11,11,11,12,11,11,12,11,11,11,11,11,11,11,11,15,11,11,11,11,15,20,11,20,16,15,19,22,19,11,15,11,11,12,11,11,11,11,11,14,11,11,11,11,11,11,11,11,11,11,11,11,11,11,18,11,11,15,11,14,24,14,22,19,13,11,21,11,11,11,11,11,13,11,11,20,11,33,98,98,11,13,11,11,20,11,11,18,11,11,13,11,16,22,12,27,27,11
7.5,21,11,22,31,32,50,11,11,11,16,11,14,14,11,14,14,11,14,17,11,15,16,11,16,15,11,11,23,11,18,21,13,16,25,13,25,24,12,23,15,11,15,12,11,11,12,11,11,16,11,11,13,11,11,11,11,12,24,45,60,13,11,13,16,11,11,18,11,16,25,12,22,17,14,16,13,11,11,11,11,11,33,62,61,11,11,12,11,11,11,11,11,11,11,11,11,13,11,11,17,11,11,14,11,11,20,12,13,16,13,13,11,11,11,11,11,11,11,11,11,11,11,11,11,11,11,11,11,11,11,11,11,11,11,11,20,11,11,14,11,11,19,13,18,13,11,14,11,11,11,11,11,11,11,11,11,11,11,11,11,11,11,11,11,11,11,11,11,11,11,11,12,11,11,11,11,11,19,14,14,13,13,13,11,11,11,11,11,11,11,11,11,11,11,11,11,11,11,11,11,11,11,11,11,11,11,11,11,11,11,12,17,13,24,18,17,15,20,14,11,11,11,11,11,11,11,11,11,11,11,11,11,11,11,11,12,11,11,11,11,11,11,11,11,11,11,11,17,11,11,22,12,20,17,14,11,18,11,11,11,11,11,16,11,11,17,11,32,98,101,11,11,11,11,17,11,11,15,11,11,16,11,11,17,11,30,19,11
7.75,25,16,22,26,38,54,15,11,19,14,11,17,12,11,11,14,11,14,12,11,18,12,11,13,14,11,11,23,11,11,17,11,13,26,16,22,19,12,18,17,11,17,15,11,12,11,11,11,20,11,12,13,11,13,13,11,11,22,52,60,11,11,11,17,11,11,15,11,13,27,11,22,17,17,17,11,11,13,13,11,11,32,61,66,12,11,11,11,11,11,11,11,11,11,11,11,13,11,12,15,11,11,16,11,11,21,14,16,17,16,12,11,11,13,11,11,11,11,11,11,11,11,11,11,11,11,11,11,11,11,11,11,12,11,11,19,11,11,15,11,11,20,17,16,14,15,12,11,11,11,11,11,11,11,11,11,11,11,11,11,11,11,11,11,11,11,11,11,11,11,11,13,11,11,11,11,11,23,16,17,13,16,16,11,11,11,11,11,11,11,11,11,11,11,11,11,11,11,11,11,11,11,11,11,11,11,11,11,11,11,13,15,11,20,20,15,18,23,15,11,13,11,11,11,11,11,11,11,11,13,11,11,12,11,11,11,11,11,11,11,11,11,11,11,14,11,11,14,11,13,19,15,19,18,18,11,19,11,11,11,11,11,11,11,11,15,11,30,98,100,11,11,11,11,12,11,11,12,11,11,17,11,11,21,11,32,21,11
8,24,14,26,27,38,54,17,11,22,20,11,21,11,11,12,14,11,14,15,11,20,17,11,18,15,11,15,25,11,15,22,17,18,29,20,23,28,12,30,16,11,16,15,11,11,13,11,18,19,11,15,15,11,15,11,11,11,23,49,57,11,11,12,18,11,11,11,15,12,25,19,15,20,16,19,13,11,12,11,11,12,28,63,62,11,11,11,11,11,11,11,11,11,11,11,11,16,11,13,19,11,12,16,14,13,24,18,18,17,19,14,11,14,16,11,11,11,11,11,11,11,11,11,11,11,11,11,11,11,11,11,13,14,11,11,19,11,11,13,12,11,23,16,21,19,11,18,11,11,12,11,11,11,11,13,11,11,11,11,11,11,11,11,11,11,11,11,11,11,11,11,14,12,11,11,12,11,24,18,18,16,14,15,11,12,11,13,13,11,11,13,11,11,11,11,11,11,11,11,11,11,11,11,11,11,12,11,11,16,11,11,16,11,22,16,15,15,22,18,11,13,11,11,15,11,11,12,11,11,15,11,11,11,11,11,14,11,11,11,11,11,11,11,11,11,11,13,14,11,15,20,15,23,23,18,11,20,11,11,14,11,11,11,11,11,16,11,30,98,98,11,13,11,11,18,11,11,16,11,11,16,11,11,19,11,28,26,12
8.25,21,15,23,30,37,58,19,11,20,18,11,20,17,11,17,13,11,11,16,11,15,13,11,14,15,11,14,21,11,13,14,14,16,21,13,23,25,13,20,16,11,17,15,11,14,11,11,11,22,11,14,11,11,11,11,11,11,21,48,58,13,11,13,20,11,11,16,14,11,25,11,19,19,17,18,11,11,11,11,11,11,32,62,67,11,11,11,11,11,11,11,11,11,11,11,11,15,11,11,17,11,11,14,13,11,24,17,19,16,14,12,11,11,13,11,11,12,11,11,11,11,11,11,11,11,11,11,11,11,11,11,12,11,11,11,18,11,11,16,11,11,21,14,15,19,11,16,11,11,11,11,11,11,11,11,11,11,11,11,11,11,11,11,11,11,11,11,11,11,11,11,13,11,11,11,11,11,17,18,15,14,11,15,11,16,11,11,11,11,11,11,11,11,11,11,11,11,11,11,11,11,11,11,11,11,11,11,11,12,11,13,14,11,22,18,13,15,21,18,11,17,11,11,11,11,11,11,11,11,15,11,11,11,11,11,11,11,11,11,11,11,11,11,11,11,11,13,13,11,14,17,17,24,19,15,11,17,11,11,20,11,11,15,11,11,19,11,30,97,96,11,15,11,11,22,11,11,17,11,11,16,11,11,20,11,32,24,11
8.5,26,13,25,31,39,57,16,11,16,15,11,16,11,11,15,14,11,16,15,11,18,13,11,17,16,11,15,25,11,20,19,12,16,21,16,21,20,14,22,18,11,18,16,11,15,11,11,12,22,11,11,11,11,11,11,11,11,19,51,60,11,11,11,14,11,11,13,13,15,26,16,24,17,14,21,11,11,11,11,11,11,32,61,63,11,11,11,11,11,11,11,11,11,12,11,12,14,11,13,16,11,11,16,14,14,20,17,17,19,17,16,11,11,14,11,12,11,11,11,11,11,11,11,12,11,14,11,11,11,11,11,11,11,11,11,18,11,11,17,11,12,19,14,19,15,12,15,11,11,14,11,11,11,11,11,13,11,11,11,11,11,11,11,11,11,11,11,11,12,11,11,13,11,11,11,11,11,19,13,17,11,14,15,11,15,11,11,13,11,11,14,11,11,13,11,11,11,11,11,11,11,11,11,11,11,11,11,11,11,11,14,18,15,22,14,13,14,23,12,11,22,11,11,11,11,11,16,11,11,17,11,11,11,11,11,12,11,11,13,11,11,15,11,11,11,11,11,15,11,16,20,15,16,18,12,11,22,11,11,18,11,11,19,11,11,16,11,32,97,101,11,16,11,11,19,11,11,16,11,11,18,11,11,20,11,29,18,11
8.75,24,16,23,33,39,54,17,11,20,19,11,17,12,11,11,14,11,13,16,11,18,12,11,15,14,11,16,24,11,18,21,11,19,24,20,23,19,12,21,16,11,15,20,11,11,11,11,11,20,11,12,12,11,11,12,11,13,25,50,59,12,11,12,20,11,11,14,16,15,30,13,22,15,16,14,11,11,11,11,11,11,34,60,63,11,11,11,14,11,13,11,11,11,11,11,11,14,11,11,16,11,11,21,11,17,24,19,20,20,14,13,11,17,13,11,11,11,11,11,11,11,11,11,11,11,11,11,11,11,11,11,12,15,11,12,20,11,11,17,11,11,17,13,17,18,11,13,11,11,11,11,11,11,11,11,13,11,11,12,11,11,11,11,11,11,11,11,11,11,11,11,14,11,11,13,12,11,21,16,17,20,11,15,11,16,11,18,11,11,11,11,11,11,13,11,11,11,11,11,11,11,11,11,11,11,11,11,11,12,11,16,16,12,22,11,15,20,19,19,11,14,11,11,11,11,13,11,11,11,11,11,11,13,11,11,11,11,11,16,11,11,11,11,11,11,11,14,14,11,15,22,15,28,18,17,11,20,11,11,12,11,11,16,11,11,20,11,31,98,100,11,11,11,11,19,11,11,11,11,11,17,11,12,19,13,34,18,11
9,23,14,23,27,37,53,14,11,11,20,11,16,13,11,15,15,11,13,12,11,16,14,11,13,13,11,13,25,11,14,21,14,17,25,16,19,20,15,23,12,11,18,11,11,11,11,11,13,18,11,11,13,11,13,11,11,11,20,46,61,11,11,11,19,11,11,17,14,11,27,15,21,16,15,17,13,11,11,11,11,11,32,63,64,11,11,11,11,11,11,11,11,11,11,11,11,16,11,11,15,11,11,14,11,16,23,20,19,17,16,11,11,11,11,11,11,11,11,11,11,11,11,11,11,11,11,11,11,11,11,11,11,11,11,11,21,11,11,15,11,11,20,16,19,15,14,12,11,11,11,11,11,11,11,11,11,11,11,11,11,11,11,11,11,11,11,11,11,11,11,11,13,11,11,11,11,11,20,13,17,11,15,11,11,12,11,11,11,11,11,11,11,11,11,11,11,11,11,11,11,11,11,11,11,11,11,11,11,12,11,11,15,17,20,18,17,13,17,17,11,13,11,11,12,11,11,11,11,11,11,11,11,11,11,11,11,11,11,11,11,11,11,11,11,11,11,13,15,12,12,20,15,21,16,15,11,21,11,11,12,11,11,11,11,11,16,11,30,101,101,11,12,11,11,20,11,11,17,11,11,13,11,12,22,11,31,25,13
9.25,28,16,21,29,34,54,14,11,19,19,11,14,12,11,11,15,11,12,15,11,17,15,11,15,15,11,14,25,11,18,18,12,11,22,16,19,20,11,20,16,11,17,14,11,11,12,11,15,19,11,11,12,11,11,11,11,14,21,49,61,12,11,11,14,11,11,14,13,12,26,15,19,20,13,18,14,11,17,11,11,11,32,62,65,11,11,11,11,11,11,11,11,11,11,11,11,19,11,15,17,11,11,15,12,11,26,17,17,22,15,12,11,12,11,11,11,11,11,11,11,11,11,11,11,11,11,11,11,11,11,11,11,13,11,11,20,11,11,19,11,11,17,21,15,16,11,12,11,11,11,12,11,13,11,11,11,11,11,11,11,11,11,11,11,11,11,11,11,12,11,11,16,11,11,17,11,11,21,19,15,16,12,15,11,16,11,13,13,11,11,12,11,11,12,11,11,11,11,11,11,11,11,11,11,11,12,11,11,11,11,11,17,11,18,19,13,21,17,17,11,15,11,12,11,11,11,11,11,11,14,11,11,11,11,11,12,11,11,11,11,11,11,11,11,11,11,13,12,11,13,22,14,27,20,18,11,22,11,11,18,11,11,11,11,11,17,11,32,101,99,11,11,11,11,19,11,11,15,11,11,17,11,12,24,11,32,25,15
9.5,29,15,23,31,36,55,17,11,19,16,11,14,11,11,13,16,11,14,17,11,17,19,11,18,16,11,13,25,11,21,21,15,18,23,17,23,23,16,24,17,11,17,17,11,12,13,11,12,20,11,11,16,11,12,13,11,11,24,48,59,11,11,11,18,11,13,15,11,12,28,13,19,18,14,14,11,11,12,13,11,11,29,63,66,11,11,11,12,11,13,11,11,11,11,11,11,15,11,12,19,11,13,15,11,11,25,13,15,19,17,11,11,11,11,11,11,11,11,11,11,11,11,11,11,11,11,11,11,11,11,11,14,15,11,15,23,11,11,17,11,12,17,18,15,17,11,14,11,11,11,11,11,11,11,11,14,11,11,11,11,11,11,11,11,11,11,11,11,11,11,11,17,11,11,13,11,11,21,14,15,19,17,15,11,15,11,11,11,11,11,11,11,11,11,11,11,11,11,11,12,11,11,11,11,12,11,11,11,14,11,11,17,11,22,17,13,16,23,15,11,12,11,11,11,11,11,11,11,11,11,11,11,11,11,11,11,11,11,11,11,11,11,11,11,11,11,16,15,11,15,23,16,26,19,17,11,16,11,11,15,11,11,12,11,11,13,11,28,97,101,11,11,11,11,21,11,11,12,11,11,12,11,11,18,11,35,20,12
9.75,26,17,18,25,37,56,15,11,19,19,11,14,12,11,14,14,11,16,13,11,13,15,11,15,17,11,14,21,11,18,18,15,13,30,18,28,17,13,17,15,11,18,15,11,11,11,11,12,23,11,11,14,11,14,11,11,11,21,48,61,16,11,12,19,11,11,11,11,12,26,15,21,21,14,16,11,11,11,11,11,11,34,62,66,11,11,11,11,11,11,11,11,11,11,11,11,18,11,11,19,11,11,14,11,11,29,21,21,20,17,12,11,11,11,11,11,11,11,11,11,11,11,11,11,11,12,11,11,13,11,11,11,16,11,11,22,11,11,17,12,11,20,19,15,15,11,12,11,11,11,11,11,11,11,11,11,11,11,11,11,11,11,11,11,11,11,11,11,13,11,11,14,11,11,11,11,11,23,17,14,15,14,13,11,12,11,12,12,11,11,11,11,11,11,11,11,11,11,11,11,11,11,11,11,11,11,11,11,12,11,11,14,11,16,21,13,14,18,13,11,14,11,11,13,11,11,11,11,11,14,11,11,11,12,11,11,11,11,11,11,11,11,11,11,11,11,14,13,11,17,20,17,26,17,16,11,21,11,11,11,11,11,15,11,11,19,11,28,97,97,11,13,11,11,20,11,11,22,11,11,18,11,11,20,11,37,19,13
10,25,18,21,32,37,59,12,11,16,17,11,14,14,11,17,11,11,11,18,11,17,15,11,15,15,11,13,26,11,18,19,14,18,20,17,24,24,11,23,16,11,14,17,11,12,11,11,11,22,11,11,13,11,13,11,11,11,19,51,61,12,11,12,21,11,12,12,15,13,25,13,20,15,18,15,11,11,12,11,11,11,31,63,63,11,11,11,11,11,11,11,11,11,11,11,11,12,11,11,14,11,11,14,14,12,28,16,21,17,14,12,11,11,11,11,11,12,11,11,11,14,11,14,11,11,11,11,11,11,11,11,12,11,11,11,18,11,11,14,11,11,20,20,16,20,11,15,11,11,11,11,11,11,11,11,11,11,11,11,11,11,11,11,11,11,11,11,11,11,11,11,13,11,11,12,11,11,28,14,17,14,11,14,11,15,11,12,11,11,11,11,11,11,11,11,11,11,11,11,13,11,11,11,11,11,11,11,11,11,11,12,15,11,21,19,16,20,21,20,11,16,11,11,14,11,11,11,11,11,11,11,11,11,11,11,11,11,11,13,11,11,11,11,11,11,11,11,13,11,14,20,14,29,22,15,11,18,11,11,12,11,11,13,11,11,17,11,31,97,99,11,11,11,11,14,11,11,14,11,11,18,11,11,19,11,34,20,11
10.25,25,15,20,31,38,51,17,11,15,18,11,15,16,11,18,11,11,15,15,11,20,16,11,16,16,11,17,23,11,17,21,15,16,27,12,24,19,13,20,16,11,15,15,11,13,13,11,17,20,11,12,14,11,15,16,11,13,22,46,58,12,11,13,20,11,11,16,12,14,27,15,18,19,16,18,12,11,11,14,11,11,31,64,64,11,11,11,11,11,11,11,11,11,11,11,11,16,11,13,18,11,12,15,11,11,27,18,19,19,14,11,12,11,11,11,11,12,11,11,11,11,11,11,11,11,11,11,11,11,11,11,11,11,11,11,19,11,11,19,11,11,16,20,17,20,11,19,11,11,12,11,11,11,11,11,11,11,11,11,11,11,11,11,11,11,11,11,11,11,11,11,15,11,11,11,11,11,23,16,16,17,11,15,11,12,11,15,11,11,11,11,11,11,13,11,11,11,11,11,11,11,11,11,11,11,11,11,11,16,11,11,14,11,26,21,19,18,21,16,11,15,11,11,12,11,11,13,11,15,11,11,11,11,11,11,15,11,11,12,11,11,11,11,11,11,11,13,16,14,13,17,13,26,13,13,11,23,11,11,15,11,11,12,11,11,15,11,33,98,101,11,12,11,11,21,11,11,13,11,11,17,11,11,25,11,36,19,11
10.5,24,15,21,28,35,50,18,11,19,18,11,16,15,11,15,13,11,12,22,11,18,11,11,14,17,11,15,25,11,19,21,16,17,25,19,25,20,11,22,16,11,19,18,11,11,12,11,12,21,11,11,11,11,12,12,11,12,23,51,62,11,11,11,22,11,12,14,12,14,21,13,16,17,15,20,11,11,11,11,11,11,28,62,63,11,11,11,11,11,11,11,11,11,11,11,11,13,11,11,17,11,12,14,12,14,27,14,21,19,19,11,11,11,12,11,11,11,11,11,11,11,11,11,11,11,11,11,11,11,11,11,11,15,11,13,17,11,11,18,11,11,18,16,15,14,13,13,11,11,11,11,11,11,11,11,11,11,11,11,11,11,11,11,11,11,11,11,11,11,11,11,14,11,11,12,11,11,26,16,17,16,14,15,11,11,11,15,11,11,11,11,11,11,11,11,11,11,11,11,11,11,11,11,11,11,13,11,11,11,11,12,13,11,19,17,14,16,21,19,11,16,11,11,11,11,11,11,11,11,12,11,11,11,11,11,11,11,11,11,11,11,11,11,11,12,11,12,18,11,15,18,17,30,16,14,11,17,11,11,12,11,11,13,11,11,16,11,33,101,98,11,11,11,11,18,11,11,15,11,11,15,11,12,18,11,32,24,11
10.75,24,15,17,29,38,52,18,11,17,23,11,14,15,11,14,14,11,13,19,11,17,15,11,12,17,11,14,22,11,18,15,14,15,24,17,25,20,13,20,17,11,18,18,11,11,12,11,11,21,11,11,15,11,12,15,11,11,28,53,63,12,11,14,23,11,13,12,15,11,30,17,21,22,14,20,11,11,11,11,11,11,35,61,64,11,11,11,12,11,11,15,11,11,11,11,11,20,11,15,19,11,17,11,11,12,26,16,18,23,14,16,11,11,11,11,11,11,11,11,11,11,11,11,11,11,11,11,11,11,11,11,12,16,11,13,21,11,12,20,11,15,23,17,20,18,13,14,11,11,11,11,11,11,11,11,11,11,11,11,11,11,11,11,11,11,11,11,11,11,11,11,18,11,14,11,13,12,26,18,21,15,11,15,11,15,11,13,11,11,11,13,11,11,11,11,11,11,11,11,11,11,11,12,11,11,13,11,11,15,11,13,16,17,22,21,19,15,21,14,11,13,11,11,11,11,11,11,11,14,15,11,11,11,11,11,11,11,11,12,11,11,11,11,14,11,11,12,14,11,17,22,15,30,20,15,11,23,11,11,16,11,11,18,11,11,15,11,34,98,103,11,11,11,11,20,11,11,16,11,11,17,11,11,18,11,37,21,13
11,27,15,21,26,36,55,14,11,13,19,11,14,14,11,14,15,11,14,17,11,16,18,11,13,18,11,12,26,11,18,18,14,14,28,18,21,23,11,18,15,11,14,20,11,14,11,11,12,22,11,12,17,11,11,14,11,11,26,49,61,12,11,13,21,11,11,17,14,17,30,14,22,16,11,16,11,12,11,11,11,11,31,63,64,11,11,11,11,11,12,11,11,11,12,11,13,16,11,11,17,11,13,15,13,12,27,18,18,18,15,11,11,11,12,11,11,11,11,11,11,11,11,11,11,11,11,11,11,11,11,11,11,13,11,11,26,11,14,20,11,12,17,17,14,19,12,12,11,11,11,11,11,11,11,11,12,11,11,11,11,11,11,11,11,11,11,11,11,11,11,11,15,11,11,11,11,11,25,18,18,14,12,13,11,14,11,14,11,11,11,11,11,11,12,11,11,11,11,11,11,11,11,11,11,11,15,11,11,11,11,12,16,13,25,20,15,18,18,17,11,12,11,11,11,11,11,11,11,14,13,11,11,11,11,11,11,11,11,12,11,11,11,11,11,11,11,12,18,11,13,19,14,27,22,15,11,16,11,11,12,11,11,14,11,11,18,11,28,101,104,11,15,11,11,19,11,11,12,11,11,17,11,11,20,11,36,18,11
11.25,24,13,19,28,35,53,19,11,19,22,11,20,16,11,14,16,11,12,16,11,18,14,11,11,17,11,15,26,11,15,20,12,15,25,16,24,23,15,21,18,11,16,20,11,14,14,11,14,28,11,11,17,11,14,12,11,11,18,49,59,14,11,12,20,11,11,17,12,13,33,13,21,17,13,15,11,11,11,12,11,11,28,61,65,11,11,11,11,11,11,11,11,11,11,11,14,22,11,17,17,11,12,13,11,12,27,18,18,21,18,13,11,15,11,14,11,11,11,11,11,17,11,11,13,11,11,11,11,11,11,11,11,17,11,11,19,11,11,21,11,11,17,18,13,19,13,14,11,11,11,11,11,11,11,11,11,11,11,11,11,11,11,11,11,11,11,11,11,11,11,11,18,11,11,11,11,11,26,18,17,18,17,11,11,12,11,13,15,11,11,11,11,11,11,11,11,11,11,11,11,11,11,11,11,11,16,11,11,17,11,12,15,13,23,19,16,17,18,18,13,12,11,11,11,11,11,11,11,13,16,11,11,13,11,11,11,11,11,11,11,11,12,11,11,13,11,11,14,11,14,16,16,31,16,16,11,18,11,11,12,11,11,13,11,11,11,11,34,99,100,11,18,11,11,17,11,11,17,11,11,21,11,11,20,11,41,27,13
11.5,27,17,20,30,35,59,24,11,21,23,11,17,16,11,14,15,11,11,17,11,17,15,11,15,17,11,11,26,11,15,24,11,16,26,18,22,27,11,20,20,11,19,23,11,11,13,11,12,28,11,14,19,11,16,12,11,11,25,53,62,13,11,11,23,11,11,17,14,13,35,13,24,20,17,19,11,11,11,16,11,11,32,64,69,11,11,11,12,11,11,12,11,11,11,11,11,23,11,15,20,11,13,15,12,12,29,18,15,24,14,15,11,11,11,15,11,11,11,11,11,16,11,11,11,11,11,11,11,11,13,11,11,15,11,11,23,11,11,18,11,11,21,18,13,19,11,14,11,11,13,11,11,11,11,11,11,13,11,13,13,11,11,11,11,11,11,11,11,16,12,11,19,11,11,11,12,11,26,18,15,20,15,17,11,14,11,16,11,11,14,11,11,11,11,11,11,11,11,11,11,11,11,11,11,11,15,11,12,11,11,18,14,13,27,17,20,19,22,15,15,15,11,12,11,11,11,11,11,11,15,11,11,11,11,11,11,11,11,12,11,11,12,11,11,15,11,14,15,11,18,21,15,33,16,19,11,23,11,11,18,11,11,17,11,11,13,11,37,98,104,11,11,11,11,21,11,11,14,11,11,12,11,12,19,11,42,18,13
11.75,29,16,24,31,36,57,20,11,19,21,11,13,16,11,15,19,11,14,18,11,18,16,11,13,18,11,16,26,11,18,21,12,21,27,17,22,23,14,17,18,11,16,19,11,12,12,11,11,26,11,11,20,11,15,15,11,12,27,51,64,15,11,11,24,11,11,13,11,12,30,13,20,23,13,15,15,11,12,14,11,11,31,61,65,11,11,11,16,11,12,11,11,11,12,11,12,20,11,16,19,11,14,19,11,13,28,21,15,23,14,15,11,11,11,12,11,13,11,11,11,14,11,11,11,11,11,12,11,12,11,11,15,17,11,11,22,11,11,21,11,11,23,19,17,24,11,16,12,11,11,12,12,11,11,11,11,11,11,11,12,11,11,11,11,11,11,11,11,14,11,11,19,12,11,14,12,11,24,17,15,16,12,12,11,11,11,18,13,11,11,11,11,11,11,11,11,11,11,11,11,11,11,11,11,11,11,11,12,11,11,17,19,16,26,17,20,23,15,18,14,15,11,11,11,11,12,12,11,12,14,11,11,11,11,11,11,11,11,12,11,11,11,11,15,13,11,17,12,11,18,17,14,30,18,15,11,22,11,11,14,11,11,15,11,11,16,11,37,99,105,11,13,11,12,15,11,11,11,11,11,16,11,15,18,11,42,16,12
12,26,12,22,29,41,56,24,11,20,22,11,17,14,11,16,19,11,17,18,11,20,22,11,18,21,11,14,29,11,14,23,13,17,28,19,22,27,12,22,20,11,14,20,11,11,20,11,14,27,11,11,18,11,15,12,11,11,26,46,62,14,11,11,20,11,11,12,15,11,32,12,19,18,18,16,12,11,11,14,11,11,33,65,65,11,11,11,12,11,11,14,11,14,11,11,12,19,11,14,20,11,11,18,15,13,26,20,14,24,19,15,11,13,11,17,11,13,13,11,11,11,11,11,12,11,12,11,11,11,11,11,11,13,11,11,25,11,11,21,11,11,21,19,18,17,15,11,11,11,13,12,11,11,11,11,11,12,11,11,11,11,11,11,11,11,12,11,11,11,11,11,19,11,13,16,11,13,26,14,16,19,15,14,11,11,11,16,12,11,13,11,11,11,11,11,11,11,11,11,11,11,13,11,11,11,15,11,11,19,11,15,15,12,28,19,18,21,16,16,11,13,11,16,11,11,13,13,11,14,13,11,11,11,11,11,11,11,11,12,11,11,12,11,11,12,11,13,17,11,18,19,15,31,20,14,11,24,11,11,13,11,11,13,11,11,14,11,32,97,100,11,11,11,11,15,11,11,16,11,11,16,11,11,16,11,41,23,11
12.25,27,15,20,28,37,55,24,11,22,25,11,19,15,11,13,17,11,15,22,11,21,22,11,15,18,11,15,25,11,19,22,14,17,29,18,24,21,11,22,19,11,17,21,11,13,15,11,14,30,11,14,20,11,14,16,11,11,28,53,63,16,11,12,26,11,11,21,11,15,33,16,25,23,14,15,11,11,13,12,11,11,35,68,66,11,11,11,14,11,11,13,11,11,13,11,12,19,11,11,20,11,11,18,11,14,32,19,19,24,15,16,11,11,11,12,11,11,11,11,11,12,11,11,11,11,11,11,11,11,11,11,11,13,11,11,24,11,11,25,11,11,23,18,14,23,11,16,11,11,14,12,11,11,11,11,11,11,11,11,11,11,11,11,11,11,11,11,11,11,11,11,20,11,14,16,11,11,29,17,13,16,16,12,11,11,11,11,12,11,11,11,11,11,11,11,11,11,11,11,11,11,11,11,11,11,11,11,11,12,11,13,16,11,26,18,17,23,20,16,11,14,11,11,14,11,14,15,11,12,11,11,11,13,11,11,11,11,11,13,11,11,11,11,13,11,11,15,15,11,13,20,12,25,19,15,11,21,11,11,15,11,11,17,11,11,14,11,33,98,100,11,11,11,11,18,11,11,16,11,11,18,11,12,20,11,45,19,11
12.5,29,15,24,28,37,55,24,11,22,25,11,19,14,11,13,19,11,15,21,11,18,18,11,16,19,11,15,28,11,17,25,12,19,32,17,25,22,11,20,18,11,13,21,11,11,16,11,12,25,11,12,20,11,13,17,11,11,26,52,64,14,11,14,21,11,11,20,12,14,33,16,22,23,11,18,14,11,12,14,11,11,37,64,72,11,11,11,13,11,11,11,11,11,12,11,11,22,11,16,23,11,14,15,12,11,30,18,20,25,16,20,14,11,13,14,11,16,13,11,11,15,11,11,11,11,12,12,11,11,11,11,12,16,11,11,21,11,11,22,11,12,22,19,20,25,11,16,11,11,12,13,11,13,12,11,11,12,11,11,11,11,11,11,11,11,11,11,11,16,11,11,20,11,11,16,13,11,27,15,17,17,13,13,11,13,11,17,12,11,11,11,11,11,13,11,11,13,11,11,13,11,14,11,11,11,11,11,13,13,11,17,14,15,25,23,18,21,19,16,12,18,11,11,11,11,16,12,11,13,16,11,13,11,11,11,11,11,14,11,11,12,11,11,12,11,11,17,18,13,15,18,15,35,19,15,11,24,11,11,17,11,11,12,11,11,17,11,33,98,96,11,12,11,11,16,11,11,15,11,11,18,11,14,19,11,46,21,15
12.75,31,18,22,31,38,57,21,11,18,24,11,17,16,11,16,17,11,13,20,11,19,20,11,17,18,11,13,31,11,19,25,15,18,32,19,26,22,11,18,24,11,17,21,11,11,15,11,12,30,11,11,20,11,14,15,11,11,23,47,57,19,11,12,21,11,11,12,12,12,32,13,20,22,13,19,15,11,11,14,11,11,33,62,66,16,11,13,15,11,11,11,11,11,11,11,13,21,11,14,24,11,17,18,12,14,33,18,18,24,15,17,12,11,11,15,11,15,12,11,11,16,11,12,11,11,11,11,11,11,11,12,11,15,11,11,21,11,11,23,11,11,22,16,19,22,11,15,11,11,13,12,11,11,11,11,13,11,11,11,11,11,11,11,11,11,11,11,11,15,11,11,11,11,11,14,11,11,29,17,18,21,19,14,11,14,11,14,11,11,11,11,11,11,12,11,11,11,11,11,11,11,13,12,11,11,13,11,11,11,11,16,16,12,28,22,20,25,19,18,13,16,11,11,11,11,16,13,11,13,13,11,11,12,11,11,11,11,11,11,11,11,11,11,11,11,11,13,13,11,20,20,15,33,19,14,11,22,11,11,14,11,11,13,11,11,14,11,27,95,97,11,11,11,11,18,11,11,14,11,11,19,11,11,17,11,41,19,11
13,29,15,23,30,38,55,20,11,18,24,11,20,13,11,12,16,11,13,18,11,17,16,11,13,18,11,14,30,11,18,23,11,18,29,15,22,22,14,22,21,11,19,23,11,11,13,11,14,29,11,13,17,11,14,17,11,13,21,50,65,15,11,13,24,11,11,20,11,17,32,14,19,19,14,16,14,11,11,17,11,11,30,65,65,11,11,11,15,11,12,15,11,13,11,11,11,21,11,14,19,11,12,14,12,11,29,16,14,26,18,16,11,11,11,14,11,14,11,11,11,11,11,11,12,11,12,11,11,11,11,11,12,15,11,11,24,11,12,23,11,11,21,15,18,17,12,13,11,11,13,11,11,11,11,11,11,11,11,11,11,11,11,11,11,11,11,11,11,11,11,11,14,11,11,15,12,11,31,16,17,17,14,11,11,13,11,18,11,11,11,11,11,11,15,11,11,11,11,11,13,11,11,11,11,11,15,11,11,15,11,14,16,11,21,18,20,20,18,21,11,16,11,14,15,11,14,12,11,14,15,11,12,15,11,11,11,11,11,12,11,11,11,11,13,11,11,16,14,11,17,18,15,31,20,17,11,21,11,11,13,11,11,11,11,11,12,11,33,100,103,11,12,11,12,22,11,11,17,11,11,16,11,11,17,11,42,26,13
13.25,33,17,28,28,40,56,24,11,30,20,11,14,20,11,15,15,11,14,19,11,20,20,11,19,20,11,14,32,11,17,28,13,22,30,16,25,22,13,21,21,11,22,22,11,13,16,11,14,27,11,13,19,11,14,19,11,11,26,52,63,14,11,13,24,11,11,19,12,18,34,17,22,22,15,16,13,11,17,15,11,11,34,65,64,11,11,12,13,11,11,11,11,11,11,11,13,16,11,12,18,11,12,17,11,11,32,19,17,31,15,18,11,12,11,15,15,14,11,11,11,17,11,16,15,11,15,11,11,11,11,11,15,18,11,11,26,11,11,22,11,11,21,20,15,23,15,14,11,11,13,11,11,11,11,11,11,11,11,11,11,11,11,11,11,11,12,11,14,17,12,11,21,11,15,16,15,11,30,18,17,18,13,11,11,13,11,14,11,11,14,12,11,11,13,11,11,11,11,11,11,11,11,11,11,11,17,11,11,17,11,17,17,16,25,24,17,23,23,16,11,16,12,13,11,11,12,11,11,15,15,11,11,11,11,11,11,11,12,11,11,11,11,11,12,11,11,13,13,11,18,21,15,31,22,13,11,22,11,11,12,11,11,14,11,11,15,11,36,99,105,11,14,11,11,21,11,11,17,11,11,19,11,16,21,11,44,20,11
13.5,28,15,21,31,37,56,23,11,17,24,11,14,16,11,15,17,11,14,22,11,22,21,11,19,23,11,14,31,11,22,25,14,17,35,21,28,22,11,18,22,11,19,25,11,12,19,11,11,32,11,12,23,11,16,11,11,11,28,49,66,18,11,13,21,11,11,22,12,18,33,13,22,21,16,18,12,11,11,12,11,11,31,66,67,13,11,11,17,11,13,14,11,11,12,11,11,19,11,12,21,11,12,20,17,14,32,18,17,29,19,15,11,11,13,19,14,18,14,11,11,12,11,11,11,11,11,11,11,11,12,11,16,19,11,14,26,11,11,24,11,11,24,17,15,27,16,20,12,11,13,11,11,11,11,11,11,13,11,13,11,11,11,11,11,11,11,11,11,15,11,11,23,11,16,17,11,14,31,17,18,25,21,16,11,14,11,18,12,12,14,11,11,11,11,11,11,11,11,11,11,11,13,11,11,14,11,11,12,11,11,14,20,16,28,19,20,23,21,19,13,14,12,11,11,11,13,12,11,18,13,11,11,13,11,11,11,11,11,13,11,11,11,11,12,15,11,18,18,16,17,19,15,32,18,16,11,20,11,11,11,11,11,11,11,11,20,11,33,100,105,11,11,11,11,20,11,11,15,11,11,21,11,11,19,11,47,24,12
13.75,31,18,26,33,39,58,21,11,23,25,11,19,18,11,17,19,11,18,22,11,20,23,11,17,22,11,14,27,11,18,24,16,16,34,20,27,24,15,22,20,11,19,18,11,11,16,11,15,28,11,14,20,11,19,14,11,11,27,51,62,16,11,17,22,11,11,22,16,18,36,18,22,22,17,19,12,11,13,14,11,11,37,63,70,13,11,11,16,11,13,13,11,14,14,11,15,21,11,14,20,11,16,19,15,15,32,21,15,24,20,20,11,11,11,14,15,17,11,11,11,14,11,11,11,11,13,11,11,12,11,11,15,18,11,11,21,11,12,18,15,11,23,20,18,27,11,19,11,12,16,11,11,11,12,11,14,17,13,19,12,11,12,11,15,11,11,11,11,12,11,11,22,12,17,12,11,11,28,19,21,18,15,16,11,15,16,15,15,11,12,11,11,11,14,11,11,11,11,11,12,11,11,11,11,13,20,11,11,16,11,17,19,17,24,21,17,21,23,19,14,21,11,18,15,11,14,12,11,15,14,11,11,11,11,11,13,11,11,12,11,11,13,11,11,12,11,17,17,11,18,20,15,34,20,19,12,23,11,11,18,11,13,19,12,11,18,11,38,98,100,11,16,11,13,22,11,11,16,11,11,20,11,17,20,11,47,23,11
14,30,17,20,25,41,57,25,11,21,23,11,14,16,11,14,16,11,15,26,11,21,21,11,20,17,11,12,27,11,17,25,14,18,30,17,21,16,12,19,23,11,22,21,11,11,20,11,15,27,11,11,24,11,17,18,11,14,24,57,63,18,11,12,22,11,11,16,15,13,34,14,20,21,13,18,17,11,14,16,11,11,33,62,67,11,11,11,13,11,11,11,11,11,11,11,11,20,11,12,19,11,13,19,16,14,34,18,18,31,22,19,11,14,11,17,12,18,11,11,11,17,11,14,12,11,15,11,11,11,14,11,14,15,11,12,24,11,11,22,12,11,21,19,11,22,14,16,11,11,12,14,11,13,11,11,11,13,12,11,11,11,11,11,11,11,11,11,11,12,13,11,19,12,13,15,16,11,34,16,20,17,20,14,11,15,11,12,11,11,12,12,11,11,11,11,11,11,11,11,11,11,13,13,11,11,14,11,11,11,11,13,18,15,27,21,17,25,22,20,11,20,11,13,11,11,13,14,11,16,17,11,11,12,11,11,11,11,11,11,11,11,11,11,17,11,11,16,13,11,20,19,15,31,19,17,11,19,11,11,16,11,11,16,11,11,22,11,32,99,98,11,11,11,13,23,11,11,12,11,11,16,11,11,19,11,47,26,14
14.25,27,18,20,34,38,58,24,11,20,24,11,17,18,11,15,16,11,12,20,11,18,18,11,12,22,11,16,27,11,18,24,13,16,33,20,26,23,11,18,24,12,19,24,11,11,19,11,14,28,11,12,25,11,15,16,11,13,26,49,62,15,11,13,21,11,11,17,17,14,37,14,23,27,14,20,14,11,11,15,11,11,37,64,71,12,11,11,14,11,12,15,11,11,12,11,15,21,11,13,21,11,15,21,16,15,36,19,19,31,22,18,11,11,11,22,12,20,16,11,11,15,11,13,12,13,12,13,11,12,11,12,13,15,11,13,26,11,11,26,13,14,26,16,16,24,17,15,12,11,13,11,11,11,11,11,12,11,11,11,14,11,11,11,11,11,11,11,11,13,11,11,21,11,16,16,11,11,33,17,21,23,18,17,11,17,11,20,11,11,13,11,11,11,14,11,11,11,11,11,11,11,12,12,11,12,16,11,11,15,11,17,23,16,23,20,17,25,21,17,13,16,11,13,14,11,15,12,11,12,16,11,11,11,11,11,11,11,13,15,11,14,11,11,14,14,11,16,16,11,20,25,15,38,20,18,11,18,11,11,15,11,11,17,11,11,17,11,37,100,103,11,11,12,13,17,11,11,15,11,11,19,11,12,18,11,45,21,13
14.5,30,17,23,28,38,45,27,11,22,23,11,16,18,11,16,21,11,18,22,11,20,23,11,17,20,11,11,29,11,20,25,11,17,31,13,26,22,11,22,19,11,15,21,11,11,18,11,11,27,11,11,22,11,15,16,11,12,27,50,59,16,11,11,20,11,11,21,11,16,35,13,23,23,16,17,17,11,11,15,11,11,38,64,69,11,11,11,11,11,11,11,11,11,13,11,11,23,11,12,22,12,14,17,15,11,31,16,15,32,17,21,11,11,11,16,15,21,11,12,11,16,11,12,13,11,13,11,11,11,15,11,14,17,13,11,20,11,11,22,11,11,26,17,18,21,13,18,12,11,11,11,11,11,11,11,11,12,11,11,11,11,11,11,11,11,11,11,11,16,14,11,21,14,14,13,11,11,31,17,19,23,18,16,11,14,11,17,12,11,12,13,11,11,13,11,11,12,11,11,11,11,13,11,11,12,12,11,11,16,11,16,18,17,27,20,24,27,21,22,12,18,11,12,11,11,18,11,11,14,16,11,13,14,11,11,11,11,11,11,11,11,11,11,14,11,11,17,16,11,23,21,15,31,18,16,11,20,11,11,15,11,11,12,11,11,17,11,34,94,103,11,17,11,13,18,11,11,16,11,11,20,11,12,19,11,46,21,11
14.75,32,18,25,32,35,58,26,11,21,25,11,16,12,11,14,19,11,18,23,11,17,22,11,16,24,11,14,33,11,23,27,21,19,30,17,29,23,11,21,21,11,19,24,11,11,19,11,12,28,11,13,23,11,18,20,11,14,25,48,64,18,11,13,21,11,11,18,16,19,36,15,25,25,18,20,13,11,11,20,11,11,35,65,70,15,11,12,16,11,11,17,11,12,13,11,13,17,11,11,25,11,14,18,16,13,32,19,18,29,17,21,11,11,11,18,15,15,13,12,11,14,11,11,12,12,11,15,11,11,11,13,13,15,11,11,22,11,11,22,11,12,23,17,20,24,12,15,11,11,11,12,11,11,11,11,11,12,12,14,14,11,12,13,11,11,11,11,11,15,16,11,20,11,16,15,11,11,33,19,18,23,17,18,11,14,11,16,15,11,13,11,11,11,12,11,11,11,11,11,11,11,17,11,11,15,12,11,15,16,11,21,18,19,25,24,20,21,20,19,11,14,11,13,11,11,16,12,11,16,16,11,15,11,11,11,11,11,11,15,11,11,11,11,15,12,11,13,13,11,17,21,15,33,25,19,11,18,11,11,14,11,12,12,11,11,19,11,39,95,100,11,17,11,12,25,11,11,11,11,11,21,11,12,17,11,47,24,11
15,31,19,23,26,38,55,23,11,27,25,11,22,18,11,15,17,11,16,26,11,23,23,11,17,19,11,14,27,11,18,23,15,18,33,17,22,24,11,19,22,11,17,24,11,11,17,11,12,28,11,13,26,11,19,21,11,15,26,45,66,17,11,12,22,11,11,17,18,15,36,15,19,22,19,17,13,11,11,16,11,11,33,64,67,11,11,11,12,11,11,16,11,11,11,11,11,19,11,11,21,11,13,19,15,15,31,15,12,28,20,18,11,11,11,21,16,19,14,11,11,17,11,16,12,11,11,11,11,11,11,14,13,12,11,11,23,11,11,24,11,14,24,17,16,22,15,16,11,11,14,11,13,11,11,13,12,13,11,11,14,11,11,11,11,11,12,11,11,13,12,11,20,12,19,16,11,11,28,18,18,19,18,14,12,13,11,19,11,11,15,15,11,11,14,11,11,11,11,11,11,11,13,11,11,12,15,11,11,14,11,15,17,12,24,23,17,23,20,17,13,20,11,16,11,11,21,14,11,15,13,11,12,14,11,11,13,11,11,13,11,11,11,11,14,15,11,16,14,11,17,17,15,38,20,18,11,22,11,11,11,11,12,14,11,11,17,11,36,102,101,11,11,11,14,18,11,11,14,11,11,20,11,14,19,11,45,18,12
15.25,34,17,23,32,36,58,24,11,28,23,11,16,18,11,14,19,11,17,21,11,21,14,11,11,15,11,11,30,11,19,22,16,15,33,20,27,22,11,21,21,12,18,26,11,13,19,11,14,29,11,14,26,11,18,18,11,15,25,49,61,14,11,13,25,11,11,19,17,12,33,15,17,19,13,14,13,11,12,18,11,12,36,60,71,11,11,11,14,11,11,15,11,14,11,11,13,20,11,12,23,11,12,13,13,11,30,21,15,26,14,19,12,11,11,17,14,20,11,12,11,15,11,17,16,11,11,11,11,11,11,11,17,14,11,11,21,11,11,23,11,11,22,17,15,23,14,16,11,11,12,11,11,11,11,11,11,17,11,17,14,11,12,11,11,11,11,11,11,16,11,11,23,13,13,13,12,11,32,19,18,19,18,11,11,13,11,15,12,11,11,11,11,11,14,11,11,11,11,11,11,11,12,11,11,11,14,11,11,13,11,16,21,15,28,23,18,25,20,20,15,11,11,15,12,11,16,14,11,15,13,11,13,12,11,11,11,11,11,15,11,11,11,11,14,11,11,14,11,11,17,22,17,35,17,16,11,22,11,11,14,11,11,12,11,11,12,11,33,100,101,11,11,11,12,27,11,11,17,11,12,19,11,12,16,11,48,23,14
15.5,32,18,23,34,39,58,28,11,24,22,11,19,16,11,15,17,11,16,24,11,22,22,11,16,21,11,15,30,11,19,23,17,17,31,20,24,23,11,21,21,11,20,21,11,11,21,11,13,27,11,11,25,11,16,20,11,15,29,51,65,17,11,14,26,11,11,18,15,16,39,13,20,23,18,16,14,11,14,19,11,11,33,66,64,11,11,11,15,11,14,13,11,11,16,11,14,25,11,16,20,11,11,15,16,14,35,20,19,30,24,19,14,11,11,17,16,20,11,11,11,16,11,19,15,11,12,11,11,11,11,11,11,14,11,12,20,11,11,25,11,11,21,15,15,23,17,16,11,11,15,13,13,11,11,11,11,15,11,17,13,11,11,11,11,11,13,11,11,13,16,11,23,12,21,14,16,11,32,16,20,22,20,18,12,16,11,15,14,11,11,11,11,11,16,11,11,11,11,11,12,11,12,11,11,11,16,11,11,12,11,16,21,16,26,22,20,22,19,17,13,18,11,13,11,11,17,17,11,15,17,11,11,14,11,11,11,11,11,13,11,11,11,11,12,12,11,16,18,12,20,18,14,34,19,14,11,18,11,11,13,11,11,17,11,11,17,11,38,99,104,11,14,11,13,24,11,11,12,11,11,19,11,12,15,11,49,21,11
15.75,29,18,23,33,38,56,28,11,24,25,11,16,18,11,19,17,11,15,24,11,21,21,11,14,23,11,12,28,11,18,29,18,21,33,18,26,24,16,20,23,11,19,26,11,11,21,11,12,28,11,11,26,11,17,18,11,13,24,49,63,16,11,15,23,11,11,18,18,19,42,18,22,21,19,19,15,11,13,19,11,11,31,64,69,11,11,11,16,11,14,15,11,15,11,11,11,25,12,14,22,12,14,19,12,15,35,24,19,27,20,21,11,11,11,20,20,21,13,14,11,17,12,16,15,12,15,12,11,13,12,15,15,15,11,11,25,11,11,24,11,12,20,18,19,22,14,16,12,11,14,13,12,12,11,11,14,16,13,17,11,11,11,11,11,11,12,11,11,14,15,11,22,17,17,16,15,12,30,20,18,20,22,12,11,16,11,17,20,11,14,13,11,11,12,11,11,11,11,12,12,11,18,12,11,12,17,11,11,17,11,16,25,15,30,23,21,29,23,21,14,16,12,18,13,11,20,16,11,17,14,11,12,15,11,11,15,11,12,15,11,11,11,11,12,13,11,16,17,13,22,19,15,39,19,17,11,22,11,11,14,11,13,16,11,12,16,11,34,100,105,11,14,11,13,18,11,11,15,11,11,20,11,11,13,11,52,21,13
16,30,17,23,32,36,55,23,11,24,25,11,19,18,11,17,19,11,18,24,11,19,24,11,16,23,11,18,30,11,21,26,15,24,36,18,26,20,14,18,20,12,15,24,11,11,17,11,14,30,11,15,23,11,17,18,11,14,24,50,60,20,11,14,29,11,11,22,16,19,36,14,20,24,16,15,12,11,11,16,13,12,32,66,71,11,11,11,15,11,11,13,11,11,11,11,11,23,11,15,24,11,14,18,14,13,35,21,21,26,23,21,11,11,11,14,15,21,11,16,11,18,11,18,16,11,15,11,11,11,12,12,16,16,11,15,21,11,11,21,12,11,22,19,19,23,11,16,11,11,11,14,12,12,11,11,12,13,11,16,11,11,11,11,11,11,11,12,11,16,11,11,26,13,19,15,11,11,32,15,20,23,22,17,11,11,11,21,13,11,14,13,11,11,14,11,11,11,11,11,11,11,15,12,11,11,17,11,15,16,11,16,20,15,21,25,16,24,18,21,11,17,11,15,11,11,17,13,11,13,16,11,14,12,11,11,14,11,12,13,11,11,11,11,11,14,11,15,13,11,20,23,15,36,25,14,11,17,11,11,14,11,11,11,11,11,14,11,37,102,102,11,14,11,13,27,11,11,15,11,13,21,11,11,18,11,48,23,13
16.25,32,18,26,31,39,58,24,11,23,22,11,20,17,11,15,20,11,17,18,11,21,21,11,15,17,11,13,27,11,19,23,17,19,33,15,26,21,11,19,22,11,20,29,11,13,19,12,15,29,11,11,24,11,19,13,11,12,27,51,63,15,11,17,18,11,11,19,15,14,35,17,17,22,18,18,14,11,11,18,13,11,31,63,67,11,11,11,15,11,14,12,11,11,14,11,11,25,11,11,23,13,11,16,11,12,35,25,15,25,25,16,13,11,14,18,16,20,12,15,11,18,11,17,19,12,13,11,11,11,11,14,11,14,11,11,24,11,11,24,11,11,23,21,14,22,16,15,11,11,14,12,12,11,11,11,11,17,12,14,13,13,12,12,11,11,11,11,11,14,13,11,22,14,18,12,12,11,34,20,19,20,21,15,11,14,11,13,15,11,11,12,11,11,18,11,11,11,11,14,11,11,16,12,11,11,18,11,11,13,11,13,19,11,26,28,20,24,20,19,16,20,14,13,12,11,15,17,11,19,16,11,11,14,11,11,13,11,13,12,11,14,11,11,15,12,11,15,12,11,19,21,11,35,23,15,13,21,11,11,12,11,14,14,12,11,18,11,39,100,107,11,17,11,14,25,11,11,16,11,11,20,11,11,20,11,49,24,11
16.5,31,21,26,28,41,55,26,11,27,25,11,20,15,11,15,18,11,18,25,11,21,20,11,14,19,11,12,28,11,18,19,13,15,32,18,25,20,11,20,21,11,17,27,11,13,20,11,16,34,11,15,21,11,21,20,11,15,28,50,68,16,11,12,23,11,11,16,21,14,37,16,20,21,18,19,12,11,14,19,11,12,36,61,72,11,11,11,15,11,11,14,11,13,14,11,13,20,12,11,23,12,15,17,21,15,32,21,14,27,21,18,11,11,13,19,19,21,12,16,12,19,11,19,15,11,13,14,11,13,11,16,16,17,11,15,20,11,11,24,14,12,24,22,19,23,20,15,11,13,14,11,12,12,11,11,13,11,13,16,11,11,11,13,11,11,11,11,12,15,14,11,19,19,19,15,14,11,35,21,22,20,19,12,11,13,11,21,17,11,11,14,11,11,15,11,11,11,11,11,11,11,18,11,11,11,14,11,11,16,11,13,24,14,24,26,22,26,24,20,11,18,11,11,14,11,17,19,11,17,17,11,16,14,11,11,11,11,15,15,11,11,14,11,17,14,11,13,13,11,20,19,17,35,26,18,11,22,11,11,14,11,11,15,11,11,19,11,32,105,102,11,11,11,11,28,11,11,11,11,11,17,11,11,18,11,50,24,16
16.75,27,20,27,31,37,57,26,11,22,22,11,17,19,11,16,13,11,16,23,11,21,26,11,20,20,11,17,28,11,20,26,17,18,31,15,29,25,13,23,26,11,19,27,11,12,20,11,13,34,11,15,24,11,18,17,11,17,27,53,69,15,16,16,24,11,11,17,19,16,39,16,22,15,19,15,13,11,13,16,11,12,34,66,69,11,11,11,13,11,14,14,12,11,15,11,15,21,11,15,23,17,19,16,15,13,31,23,14,26,24,20,11,11,12,18,18,23,11,14,11,17,13,16,13,11,15,11,11,11,11,11,16,15,11,13,17,11,11,24,12,15,22,19,17,21,16,13,11,11,13,11,12,11,12,11,14,11,14,18,11,11,11,11,13,11,13,11,13,15,12,11,22,16,17,17,11,11,32,16,19,23,25,14,11,14,11,16,17,11,14,11,11,11,19,11,11,13,11,11,11,11,17,13,11,11,18,11,11,11,11,11,17,14,26,28,20,25,25,21,12,21,11,14,16,11,16,12,11,15,16,11,11,11,11,11,15,11,11,13,11,11,11,11,15,11,11,13,16,11,20,19,16,38,25,16,11,24,11,11,13,11,11,13,11,11,16,11,34,97,102,11,14,12,17,30,13,11,11,11,11,24,11,11,21,11,46,22,11
17,32,21,23,30,36,56,27,12,29,29,11,17,20,11,17,17,11,17,24,11,23,27,11,17,17,11,12,31,11,19,30,17,21,36,18,28,24,14,20,24,12,20,28,11,11,22,11,13,27,11,11,30,11,24,24,11,18,31,51,68,21,11,15,28,11,11,21,16,17,38,16,19,22,19,15,13,11,14,15,12,11,37,66,72,11,11,11,19,11,14,14,11,13,15,11,11,26,11,16,25,12,16,20,17,15,33,23,20,29,25,20,11,11,11,24,19,23,11,15,11,21,15,20,16,12,14,11,11,11,12,15,14,15,11,11,24,11,11,24,11,11,26,23,18,25,21,17,11,11,11,11,11,11,11,11,11,15,12,14,14,11,11,11,11,11,12,11,11,14,13,11,25,19,18,19,15,11,35,22,20,24,19,13,11,12,11,19,14,11,12,11,11,11,19,11,11,11,11,11,12,11,15,11,11,11,16,11,14,13,11,20,19,16,33,30,22,26,23,15,15,15,11,13,14,11,16,17,11,15,15,11,14,14,11,11,11,11,11,16,11,16,11,11,19,11,11,16,15,12,21,22,15,39,22,18,11,20,11,11,15,11,11,16,11,11,21,11,34,96,101,11,18,11,12,25,11,11,14,11,11,24,11,15,17,11,52,21,14
17.25,29,23,23,31,43,59,33,16,27,32,11,26,20,11,18,25,11,20,25,11,21,24,11,20,20,11,14,30,11,22,24,15,18,30,17,27,22,13,22,21,15,18,27,14,13,19,13,16,30,11,14,29,17,22,18,11,14,28,52,65,15,12,16,25,11,11,22,20,20,41,21,22,24,20,19,13,11,12,20,13,13,34,64,69,11,11,11,20,11,15,12,11,13,13,13,12,25,11,18,26,18,18,18,16,12,31,24,19,29,22,22,11,11,11,20,19,22,15,17,12,18,15,22,17,15,12,15,11,14,11,14,15,19,13,13,24,13,11,21,16,11,25,22,16,25,21,17,12,11,18,12,17,12,12,12,16,17,14,20,13,13,13,11,12,11,11,13,13,15,18,11,21,17,19,15,15,11,35,22,23,25,24,17,11,13,11,16,16,11,14,16,12,14,21,11,11,12,11,11,11,11,11,12,11,11,23,11,14,16,11,14,23,14,29,29,19,24,25,15,14,20,11,15,18,11,20,16,11,16,16,11,15,14,12,11,16,11,12,17,11,12,13,11,15,14,11,18,20,12,19,22,14,35,26,17,11,21,11,11,15,11,11,16,11,11,20,11,40,99,109,11,17,11,17,26,14,11,20,11,11,25,11,15,26,11,51,22,13
17.5,28,22,26,32,43,59,26,13,30,27,11,20,20,11,21,17,11,14,22,11,20,23,11,19,18,11,14,32,11,20,26,16,21,32,22,26,22,11,17,26,12,21,30,11,15,14,14,12,30,11,12,27,11,21,17,11,18,25,50,63,13,13,11,26,11,11,24,17,21,39,19,19,25,16,18,11,11,14,15,14,11,34,65,68,11,11,11,17,12,13,11,11,13,13,11,16,24,11,16,25,15,16,18,14,13,38,24,20,32,22,23,11,11,11,21,16,25,13,11,11,17,11,20,19,16,18,14,11,12,11,13,15,16,11,15,25,12,11,21,12,13,25,22,16,23,18,20,11,13,14,12,14,11,11,11,14,14,13,17,12,16,11,11,11,11,14,11,16,16,17,11,23,16,25,18,15,11,37,18,22,22,18,17,11,15,11,16,19,11,12,13,11,11,17,11,11,11,11,11,11,11,16,11,11,11,19,11,11,15,11,14,23,14,28,29,19,26,25,18,11,18,11,15,13,11,20,18,13,15,20,11,18,11,11,11,13,11,12,18,11,16,11,11,13,13,11,17,17,11,20,16,12,37,26,20,11,17,11,11,15,11,11,18,11,11,18,11,35,103,102,11,13,11,11,28,11,11,14,11,11,23,11,12,20,11,51,24,14
17.75,26,21,22,28,41,59,33,11,23,26,11,22,20,11,18,20,11,17,22,11,22,23,11,19,24,11,18,31,11,21,28,14,19,33,20,28,21,11,19,21,11,22,27,11,13,17,12,14,31,11,14,29,11,21,19,11,14,24,53,67,15,11,14,26,11,11,22,16,20,41,18,20,25,17,22,16,11,16,19,12,12,34,68,71,13,11,11,15,11,11,13,11,11,14,11,12,22,15,16,25,13,15,23,16,17,33,23,15,35,19,21,11,11,11,25,19,27,13,15,11,21,14,22,16,12,12,11,11,13,11,14,14,16,14,13,27,12,12,26,14,15,23,20,17,21,16,13,11,11,15,13,11,11,14,11,12,15,13,16,13,13,11,11,11,11,13,11,15,13,16,11,25,15,21,25,16,12,35,19,19,23,22,14,11,12,11,17,17,11,11,12,11,11,16,11,11,13,11,11,13,11,15,14,11,14,19,11,11,16,11,16,21,18,29,29,20,24,20,17,12,18,11,16,14,11,16,16,11,16,17,11,14,17,11,11,15,11,11,18,11,11,14,11,12,11,11,17,15,11,21,24,17,36,24,18,11,20,11,11,15,11,11,15,11,11,20,11,35,98,103,11,18,13,11,29,11,11,15,11,11,26,11,14,20,11,51,22,12
18,31,19,27,29,43,56,25,12,26,28,11,22,16,11,16,20,11,16,21,11,25,22,11,16,15,11,15,31,11,22,25,18,20,33,22,27,24,14,22,22,11,25,27,11,13,16,11,13,29,11,16,29,12,24,21,11,20,29,48,66,14,15,16,22,11,11,19,19,17,42,20,24,19,21,17,11,11,12,19,11,11,28,68,70,12,11,11,12,13,13,11,14,13,14,11,16,20,13,13,25,20,15,17,22,15,38,23,19,29,27,23,11,11,11,24,21,28,12,16,11,18,16,18,17,13,16,15,11,16,13,18,16,18,14,15,23,11,11,24,17,11,22,23,17,23,22,22,11,11,17,12,17,11,11,14,14,15,14,19,12,12,12,11,14,11,13,11,15,16,19,11,23,23,25,20,12,15,35,21,24,25,24,17,11,13,11,18,19,12,13,15,11,11,20,11,11,11,11,11,17,11,16,12,11,13,20,11,13,16,11,15,22,17,30,33,23,24,25,19,13,19,11,14,11,11,18,18,11,12,21,11,15,15,12,11,16,11,12,18,11,11,13,11,12,11,11,15,19,11,22,25,17,38,27,14,11,16,11,11,16,11,11,19,11,11,18,11,36,102,104,11,15,11,11,29,11,11,11,11,11,24,11,13,17,11,48,27,13
18.25,29,20,26,30,43,57,29,12,26,23,11,17,16,14,16,19,11,16,24,11,27,23,11,18,18,11,13,30,11,21,23,20,18,32,20,26,22,15,19,25,12,18,28,11,13,17,11,11,31,11,14,29,17,25,20,11,19,26,52,69,22,11,20,26,11,13,17,18,15,43,18,24,22,20,20,11,11,11,21,12,11,36,66,73,12,11,11,12,11,11,13,13,14,14,11,17,23,11,18,28,17,16,22,18,18,35,20,19,31,24,22,11,11,11,28,19,31,14,18,11,20,12,20,20,14,16,15,11,15,11,18,14,16,11,11,26,12,14,25,15,14,23,27,17,27,21,18,11,11,12,14,11,12,12,11,14,16,16,18,17,11,16,13,12,11,11,11,13,18,19,11,24,18,25,20,18,14,38,18,23,22,25,18,11,15,11,18,13,11,14,11,12,11,19,11,11,11,11,12,11,11,19,11,11,12,17,11,14,20,11,15,22,17,24,28,22,28,23,23,13,24,12,11,17,11,17,19,11,15,21,11,16,17,11,11,12,11,11,23,11,11,12,11,13,14,11,17,19,11,22,24,12,39,28,21,11,16,11,11,11,11,11,15,11,11,20,11,36,103,102,11,18,11,13,32,11,11,15,11,11,22,11,14,21,11,54,27,18
18.5,33,22,27,31,38,57,29,12,27,29,11,20,18,11,18,18,11,18,21,11,20,22,12,21,17,11,13,31,11,19,26,18,18,30,17,27,21,11,17,22,12,21,29,11,14,14,11,11,30,11,14,26,12,21,18,14,15,29,48,70,20,11,21,25,11,11,19,18,17,38,19,21,20,21,21,13,11,13,18,11,11,35,63,70,11,11,11,16,12,15,17,11,14,15,11,16,23,11,19,28,14,17,19,22,18,36,23,18,32,21,21,11,11,11,26,18,29,13,18,11,21,14,23,18,16,18,13,11,13,12,17,13,15,11,12,21,11,11,27,14,13,25,20,16,26,21,20,11,11,13,11,11,11,11,11,14,16,11,22,11,13,11,11,11,11,12,11,15,15,12,11,22,18,23,17,18,11,33,21,26,19,22,13,12,12,11,18,18,11,13,12,11,14,20,11,11,12,11,11,11,11,22,13,11,13,16,11,11,17,11,17,24,15,27,31,21,25,24,19,14,19,11,11,15,11,17,20,11,13,20,11,14,15,11,11,16,11,14,17,11,11,11,11,16,11,11,16,17,11,24,26,15,39,23,19,11,21,11,11,13,11,11,18,11,11,18,11,31,100,103,11,11,11,15,30,11,11,15,11,11,22,11,11,16,11,51,27,12
18.75,31,19,26,31,38,58,30,11,31,28,11,18,21,11,14,19,11,16,29,11,26,22,11,19,15,11,11,29,11,20,26,13,18,33,19,28,25,11,21,23,11,20,28,13,16,22,11,14,32,11,13,31,11,25,19,14,13,28,50,68,16,11,18,23,11,11,23,19,15,37,22,20,25,18,21,12,11,17,21,11,12,33,63,67,11,11,11,15,11,14,15,11,11,13,12,11,26,11,16,27,20,13,21,18,17,35,24,16,32,25,21,11,11,11,25,21,28,12,14,11,19,15,21,18,12,13,11,11,12,11,11,15,16,11,14,24,11,11,26,12,11,21,21,16,25,20,17,14,11,18,14,11,11,11,11,12,13,13,16,11,12,12,13,11,11,12,11,13,16,13,11,20,18,23,21,12,13,37,19,24,23,26,18,11,15,11,21,19,11,11,11,11,15,16,11,11,11,11,15,12,11,21,12,11,11,19,11,11,14,11,16,22,16,27,28,19,27,25,21,12,17,11,14,15,11,23,15,12,14,20,11,19,15,11,11,19,11,12,11,11,13,12,11,16,11,11,19,17,12,24,22,18,38,24,20,11,19,11,11,14,11,11,16,11,11,24,11,38,102,105,11,19,11,12,31,11,11,11,11,11,23,11,15,19,11,49,22,11
19,33,19,27,33,41,59,29,15,26,29,11,22,18,11,18,20,11,18,29,11,28,21,11,16,21,11,16,26,12,20,29,15,22,31,24,29,19,14,21,26,14,20,30,16,13,20,11,15,32,11,15,29,13,23,20,11,20,26,51,65,18,12,16,29,11,11,25,19,15,43,25,23,23,20,20,12,11,11,20,16,12,33,66,70,11,11,11,16,13,17,11,12,11,11,11,12,24,11,17,27,16,18,18,15,17,36,21,19,35,23,20,13,12,13,25,22,28,11,18,11,16,18,18,18,18,15,11,11,13,11,18,16,18,14,16,22,13,11,23,14,13,22,21,17,23,20,18,16,11,18,14,11,11,11,12,11,14,13,19,13,11,13,11,13,11,11,14,12,16,12,11,22,23,25,14,17,13,42,20,24,24,26,17,11,13,11,17,17,11,14,15,11,11,19,11,11,11,11,11,11,11,18,16,11,11,23,11,12,17,11,15,26,16,25,33,22,32,27,19,14,20,11,13,15,11,19,19,12,18,17,11,13,18,11,11,14,11,13,19,12,11,13,11,12,13,11,19,15,13,21,25,21,41,27,19,11,22,11,11,12,11,11,19,11,11,18,11,33,100,105,11,22,11,14,28,11,11,12,11,11,25,11,16,21,14,53,28,15
19.25,33,22,22,32,40,57,32,11,26,27,11,21,20,12,22,19,11,22,34,11,29,21,11,12,18,11,13,33,11,21,25,15,18,30,19,26,21,11,16,25,12,22,31,13,16,18,11,17,32,11,14,28,12,24,21,12,16,29,51,64,18,11,13,24,11,11,26,22,20,43,21,25,22,20,20,14,11,15,22,13,12,32,61,67,11,11,11,14,11,11,15,11,14,12,11,12,21,11,13,27,18,19,18,19,15,40,26,19,32,28,21,11,11,13,29,23,33,12,14,11,19,14,18,18,17,14,11,11,11,12,19,17,15,11,11,26,14,13,22,15,12,27,20,21,26,16,18,11,11,15,13,16,11,11,11,12,17,17,19,19,11,14,11,15,11,12,11,12,16,15,11,26,18,25,16,21,11,39,21,24,22,24,15,11,14,11,19,19,11,11,15,11,11,19,11,11,11,11,11,12,11,18,14,11,12,21,11,13,18,11,17,24,20,31,38,25,27,25,16,13,20,11,12,14,11,16,16,11,16,16,11,16,14,11,11,13,11,13,17,11,15,13,11,15,14,11,19,19,11,27,25,20,42,28,21,11,20,11,11,16,11,14,14,11,11,21,11,37,102,103,11,20,11,12,30,11,11,15,11,11,23,11,15,21,11,53,25,13
19.5,29,23,22,32,40,58,30,14,27,27,11,17,21,11,15,18,11,14,24,12,23,23,11,19,21,11,12,32,11,23,26,18,21,33,23,30,21,11,20,23,12,22,32,11,15,18,11,13,31,11,15,28,14,25,23,11,16,29,50,69,17,14,15,26,11,11,20,19,19,44,23,23,22,18,19,15,11,12,18,14,11,33,64,70,11,11,11,15,11,12,14,12,15,19,11,16,23,13,16,23,19,13,20,21,19,37,23,18,37,27,27,11,11,11,26,23,31,13,16,11,19,14,20,18,19,18,11,11,13,12,16,19,18,12,16,26,14,11,21,15,12,23,20,19,24,18,14,11,11,12,14,11,11,12,16,14,16,17,22,19,13,15,11,12,11,12,13,13,14,20,11,27,16,25,19,17,13,38,19,21,22,25,19,11,14,11,16,14,11,12,13,11,11,19,11,11,11,11,11,13,11,16,16,11,11,19,11,11,18,11,13,23,19,32,33,22,30,23,19,11,21,11,13,17,11,15,14,11,18,18,11,16,17,13,11,17,11,11,21,11,12,13,11,17,11,11,20,16,11,20,19,16,39,30,19,11,22,11,11,14,11,11,14,11,11,20,12,35,103,99,11,18,11,13,32,11,11,14,11,11,28,11,12,18,11,53,27,15
19.75,34,19,24,30,39,61,32,14,32,29,11,19,21,11,16,24,11,19,26,11,23,23,11,16,19,11,13,31,11,19,28,19,23,36,19,29,21,11,18,20,11,17,31,11,13,17,13,12,33,11,12,33,13,25,21,11,15,30,52,68,15,12,16,24,11,11,19,20,13,43,19,19,27,18,18,12,11,14,17,11,11,30,67,71,11,11,11,18,11,15,14,11,14,19,11,16,22,11,16,25,12,16,19,16,17,35,23,16,32,25,26,11,11,11,26,24,29,11,12,11,19,12,22,21,14,14,13,11,14,12,17,12,17,14,11,27,11,11,21,12,11,23,25,19,23,23,15,13,11,15,16,17,13,11,14,13,16,15,26,14,11,14,11,13,11,11,12,15,14,16,11,26,19,25,22,14,13,43,21,25,22,25,20,11,15,11,18,18,11,17,16,12,11,13,11,11,11,11,15,12,11,21,11,12,11,21,11,11,14,11,13,25,12,29,34,22,28,27,21,14,20,11,13,17,11,18,18,11,17,24,11,15,19,11,11,13,11,11,17,11,15,16,11,17,13,11,13,16,11,22,24,18,43,29,22,11,23,11,11,14,11,11,17,11,11,20,11,34,101,102,11,16,11,13,33,11,11,13,11,13,21,11,12,18,11,53,27,13
20,33,25,26,30,40,59,29,14,29,28,11,20,22,11,19,20,11,20,28,11,28,26,11,20,23,11,14,27,11,18,26,20,18,32,19,29,25,13,20,19,11,20,33,15,16,20,11,17,32,11,15,30,20,23,20,11,17,27,53,69,17,11,12,25,11,11,23,21,19,47,22,24,26,22,18,16,12,15,21,16,14,34,67,75,13,11,11,17,12,13,19,14,18,15,12,16,29,13,18,24,16,16,19,23,17,40,24,18,36,27,25,11,11,11,26,23,29,13,15,11,21,14,23,21,16,18,13,11,13,13,20,19,15,11,16,29,11,11,24,16,15,28,24,22,27,20,16,14,11,17,14,13,11,12,12,14,18,14,25,17,14,16,14,11,11,13,11,17,18,16,11,27,20,26,19,21,15,40,23,24,23,26,19,11,13,11,18,21,11,13,15,11,11,20,11,11,11,11,15,13,11,16,19,11,17,23,11,13,18,11,17,25,19,29,33,22,27,31,17,18,23,12,16,14,11,18,20,13,17,22,11,15,21,11,11,18,11,11,18,11,12,13,11,13,12,11,20,18,15,27,24,19,45,29,23,11,22,11,11,12,11,11,18,11,11,20,11,35,100,103,11,19,11,18,29,13,11,14,11,11,19,11,13,21,11,52,26,12
20.25,29,20,24,30,46,58,27,14,27,26,11,20,19,11,18,23,11,21,31,12,31,27,11,17,22,11,15,32,14,19,26,18,17,35,22,29,24,13,22,24,16,19,32,17,17,17,11,12,34,11,13,30,16,25,19,12,16,34,50,69,17,12,16,29,11,11,22,20,21,43,23,25,25,24,20,11,11,11,19,15,12,35,66,72,11,11,11,15,11,15,16,12,13,11,16,13,25,15,18,31,17,19,20,19,19,39,25,19,37,30,27,11,11,11,31,25,35,13,15,11,21,16,23,21,18,15,12,11,12,11,17,16,17,11,14,23,11,12,26,11,12,28,21,22,28,22,15,13,11,19,13,14,13,11,13,13,14,18,24,17,16,14,11,11,11,11,13,15,18,22,11,28,19,31,18,18,11,45,19,31,24,33,18,13,13,11,19,14,13,11,17,11,11,17,11,11,11,11,11,14,11,20,17,12,12,25,11,12,13,11,17,21,17,32,33,23,28,26,22,11,23,11,15,17,12,20,17,13,18,22,11,15,18,11,11,17,11,14,18,14,14,13,11,18,13,11,17,21,11,24,26,16,41,31,24,11,21,11,11,17,11,13,14,12,11,19,11,40,105,107,11,21,11,14,34,11,11,14,11,11,27,11,15,22,11,55,25,17
20.5,33,24,29,28,40,54,30,14,32,26,11,21,23,12,22,17,11,16,29,11,26,24,11,18,23,11,15,34,11,26,27,19,21,33,26,29,23,11,18,22,13,19,31,13,16,22,16,20,34,11,15,34,17,27,22,13,18,27,49,67,16,13,15,28,11,11,22,19,22,45,23,23,21,22,15,15,11,12,20,19,15,35,69,69,12,11,11,18,12,15,14,11,13,16,12,12,23,11,15,29,21,22,20,24,14,37,25,21,34,29,28,11,11,12,30,22,36,15,17,12,20,14,20,22,17,18,11,11,12,13,17,17,19,15,16,30,11,12,29,19,18,24,23,19,26,21,19,15,11,16,13,15,14,13,19,16,21,17,26,16,17,15,11,17,11,11,11,14,18,18,11,29,22,28,18,21,14,39,24,28,23,25,18,12,16,12,18,17,11,11,17,11,11,18,11,11,12,11,12,11,11,20,14,11,13,22,11,13,12,11,20,28,19,30,33,20,28,27,24,13,22,13,12,18,11,22,21,13,18,21,11,14,18,11,11,18,11,13,19,11,15,13,11,14,12,11,20,22,12,26,22,18,42,33,24,11,19,11,11,15,11,16,19,11,11,23,11,38,102,105,11,19,11,15,32,14,11,14,11,11,25,11,15,23,12,53,32,16
20.75,30,23,26,30,39,58,29,15,31,27,11,20,19,12,20,22,11,15,29,11,28,29,13,18,21,11,16,29,12,23,30,19,22,36,22,32,22,14,22,23,11,24,29,17,15,19,11,17,30,11,14,32,13,27,21,11,20,24,54,60,25,13,17,28,11,11,22,18,19,45,23,24,25,20,20,14,11,14,21,12,14,35,67,69,11,11,11,18,11,17,15,11,11,16,14,13,24,12,16,27,18,16,20,19,18,35,25,18,33,26,22,11,11,11,31,26,37,13,12,11,18,15,16,22,17,17,13,11,14,14,16,21,18,12,16,29,15,11,25,13,19,24,20,18,24,18,16,11,11,11,15,19,14,11,16,11,17,19,27,18,14,17,11,14,11,12,11,12,19,16,11,24,24,23,22,17,16,42,22,27,25,27,23,12,11,11,19,16,11,12,12,11,12,16,11,11,12,11,13,14,11,22,14,11,14,19,11,16,18,12,16,20,19,34,35,23,30,30,21,11,20,11,14,15,11,20,17,14,17,19,11,17,22,14,11,17,11,17,19,11,14,11,11,14,13,11,18,18,13,23,24,19,39,32,22,11,21,11,11,13,11,11,18,11,11,21,11,37,101,104,11,18,11,16,32,13,11,17,11,14,23,11,12,15,11,55,28,17
21,32,21,22,30,38,60,26,15,29,25,11,22,16,11,15,20,11,18,29,12,29,27,11,15,23,11,14,30,11,15,27,20,19,35,24,28,23,11,19,22,11,19,32,14,17,20,11,15,38,11,17,30,14,25,24,11,16,31,50,67,16,11,11,32,11,12,17,19,14,45,24,21,23,19,16,12,12,13,21,11,11,35,60,72,11,11,11,19,11,15,15,11,13,12,13,13,25,12,15,30,20,18,21,22,17,40,23,13,33,22,23,13,11,12,31,26,37,13,15,12,21,20,25,19,17,15,13,11,14,11,15,15,18,11,13,26,13,11,30,11,13,21,17,16,27,20,18,14,11,14,17,11,11,11,19,11,17,16,28,14,12,15,12,11,11,15,11,12,17,13,11,24,22,30,24,17,13,41,21,27,24,30,16,11,14,11,21,18,13,14,11,12,11,18,11,11,11,11,14,12,11,15,18,11,12,19,11,12,16,11,16,29,18,31,33,21,28,27,21,15,24,12,16,18,11,22,18,13,16,24,11,20,18,11,11,16,11,12,19,11,15,16,11,18,11,11,21,20,16,24,22,16,41,30,20,11,21,11,11,11,11,12,13,11,11,19,11,34,102,103,11,18,11,18,30,11,11,14,11,11,26,11,16,19,11,53,22,11
21.25,32,24,25,31,36,59,32,12,31,24,13,22,21,17,22,20,11,21,27,13,29,28,11,21,23,11,16,29,11,24,24,14,19,30,21,31,21,11,19,26,13,24,33,14,18,18,11,19,29,11,15,28,12,24,17,11,19,27,48,69,19,11,18,22,11,11,18,15,20,44,21,25,21,21,20,13,11,13,21,16,14,34,65,73,11,11,11,18,11,14,12,11,12,11,11,11,24,11,19,30,14,19,18,20,16,37,22,18,36,26,26,11,11,11,30,24,35,13,17,11,19,19,19,21,16,18,11,11,11,13,16,17,16,16,16,26,11,11,24,19,14,21,23,20,28,23,22,11,11,15,15,12,14,12,16,15,21,19,30,17,11,18,11,16,11,11,12,15,14,19,11,26,19,31,20,16,18,40,26,26,20,24,16,13,11,11,20,15,11,12,11,11,11,21,11,11,11,11,11,11,11,18,14,11,11,22,11,11,15,11,18,22,22,31,29,26,27,31,21,11,18,11,13,11,11,19,17,11,15,22,11,20,21,14,11,20,11,12,13,12,11,11,11,17,11,11,17,18,14,23,25,15,43,28,24,11,22,11,11,15,11,11,18,11,11,26,12,36,102,105,11,14,11,16,33,16,11,14,11,11,29,11,12,22,11,55,27,11
21.5,32,22,27,33,44,64,27,14,31,28,11,19,22,11,20,20,11,20,25,11,27,25,11,19,23,11,16,32,11,23,26,17,20,35,20,26,23,11,18,24,15,23,34,14,18,18,11,16,35,11,17,33,14,26,20,14,17,28,50,67,23,12,19,29,11,11,23,17,22,44,26,25,23,26,18,12,11,12,24,19,17,37,66,70,11,11,11,15,11,15,13,11,11,12,12,11,19,11,16,28,23,22,19,23,17,37,22,17,36,27,23,11,11,13,26,25,39,17,16,12,23,14,23,20,14,18,15,11,14,11,17,16,17,13,16,26,15,13,25,16,12,23,22,20,25,19,15,11,11,15,14,13,11,11,12,14,20,15,27,15,17,16,13,11,11,11,11,13,18,16,11,31,23,33,20,19,13,42,25,28,22,29,16,11,12,11,18,16,11,13,14,11,13,19,11,11,11,11,14,11,11,18,19,11,16,24,11,11,17,11,17,26,19,35,37,25,30,31,19,14,23,12,12,17,11,17,21,11,19,21,11,20,19,18,11,21,11,15,23,11,16,12,11,22,11,11,16,20,11,25,27,17,45,30,24,11,22,11,11,12,11,14,19,11,11,18,11,38,102,105,11,18,11,14,30,14,11,14,11,11,22,11,13,20,11,59,29,12
21.75,29,22,23,29,42,64,32,15,32,26,11,21,18,12,20,23,11,21,25,11,30,27,14,21,18,11,13,30,12,20,25,17,18,33,22,30,22,11,20,22,13,22,34,13,20,21,11,18,33,11,15,33,17,29,23,11,17,28,50,66,19,12,17,29,11,12,19,20,23,41,25,25,26,22,23,11,11,13,19,15,15,37,65,73,11,11,11,14,14,14,17,11,14,17,15,13,27,11,19,28,16,18,19,21,18,39,25,20,37,30,27,11,11,11,32,26,41,17,17,12,24,23,23,20,18,20,16,11,14,12,19,20,19,16,17,26,13,11,23,14,17,21,23,16,28,22,18,12,11,14,11,16,11,11,19,13,19,17,33,17,11,16,11,19,11,11,12,12,15,20,11,27,25,33,16,19,16,45,23,30,24,30,18,11,16,11,22,17,14,15,16,11,12,22,11,11,12,11,11,15,11,21,18,11,13,21,11,11,16,11,16,28,18,32,35,23,32,28,26,11,20,11,11,17,11,18,18,12,18,20,11,21,22,14,11,21,11,15,15,11,13,17,11,16,12,11,15,16,11,26,23,19,45,31,23,12,24,11,11,13,11,11,22,11,11,24,11,35,102,103,11,21,11,16,34,13,11,11,11,11,27,11,16,19,11,56,30,16
22,30,25,22,26,41,56,28,16,32,26,11,19,20,13,22,19,11,18,28,12,29,27,11,22,19,11,15,29,11,23,26,17,20,31,21,26,24,13,24,25,14,23,30,19,18,22,13,15,36,11,15,31,16,27,24,13,20,27,55,67,20,18,18,28,11,11,22,18,22,41,26,21,25,22,16,13,11,11,18,15,11,36,61,71,11,11,11,16,15,15,17,13,14,16,14,13,27,11,19,28,20,21,23,20,19,37,24,17,35,30,27,11,12,11,28,26,42,11,17,11,21,15,22,21,23,18,14,11,15,15,18,18,16,14,16,29,17,15,26,18,14,20,24,19,28,24,18,14,11,15,15,17,12,13,16,15,24,16,32,15,17,15,11,11,11,12,11,13,17,17,11,27,24,34,18,20,15,40,27,30,23,29,17,11,13,11,20,21,14,14,13,13,13,21,11,11,11,11,14,15,11,17,17,11,11,22,11,13,14,11,14,23,16,33,33,22,28,28,24,14,22,11,15,16,11,20,18,11,19,24,11,21,15,12,11,19,11,14,21,11,11,13,11,15,16,11,18,23,12,26,23,17,43,33,23,11,19,11,11,12,11,11,20,11,11,21,11,32,103,101,11,21,11,16,33,12,11,13,11,11,21,11,13,21,11,55,28,13
22.25,33,23,26,32,40,59,27,18,27,25,11,19,21,12,19,18,11,20,30,13,31,26,11,19,20,11,13,32,11,18,26,17,18,35,19,30,21,13,17,20,14,21,32,15,15,23,12,19,33,11,16,32,18,33,21,12,13,28,53,66,14,11,11,22,11,11,17,17,19,46,23,25,26,21,19,11,11,11,22,15,13,36,62,75,12,11,11,17,11,14,15,13,14,14,12,12,24,11,16,29,18,23,17,18,16,34,22,16,39,28,26,11,11,11,32,29,42,15,17,12,21,18,24,21,17,18,13,11,11,13,18,15,16,12,11,28,15,11,26,16,15,23,24,19,30,22,16,12,11,17,13,14,11,14,15,12,19,14,31,18,12,16,11,14,11,14,11,18,16,17,11,28,26,37,19,22,15,41,24,30,24,25,20,12,13,11,27,17,12,15,15,12,11,17,11,11,11,11,15,17,11,19,18,11,11,22,11,11,17,11,19,28,18,29,37,24,26,28,20,11,22,11,18,15,12,18,18,12,18,19,11,18,19,14,11,22,11,14,21,11,12,15,11,20,11,11,20,22,11,25,27,17,44,29,23,13,22,11,11,14,11,11,19,11,11,24,11,35,100,106,11,19,11,18,31,15,11,11,11,11,26,11,14,19,11,56,29,16
22.5,29,20,22,31,42,60,32,20,31,29,11,21,20,12,20,18,11,20,27,14,30,27,11,20,17,11,16,33,11,23,24,19,18,35,22,29,22,13,19,23,16,19,32,15,15,21,16,17,33,11,16,34,19,29,16,11,16,30,57,70,19,14,21,25,11,11,22,18,21,45,28,23,21,23,18,17,15,17,21,14,14,34,63,65,14,11,11,17,12,17,17,14,17,14,18,16,24,17,20,31,20,20,20,18,20,38,24,18,37,26,27,11,11,11,35,26,45,13,19,15,24,24,25,20,23,17,12,11,17,12,22,18,16,13,13,27,11,13,24,15,14,25,24,23,29,21,20,14,11,17,13,14,11,12,15,16,23,17,33,15,18,16,11,19,11,14,11,15,18,19,12,29,28,35,21,25,20,43,26,29,24,27,19,14,18,11,18,19,12,17,18,12,13,24,11,11,13,11,14,12,11,18,22,11,11,22,11,11,18,11,15,28,19,36,34,25,27,28,25,17,23,12,14,17,11,23,22,13,22,26,12,20,23,15,11,17,11,20,20,11,12,16,11,20,16,11,19,21,13,24,28,15,48,35,26,11,20,11,11,11,11,14,17,11,11,19,11,32,99,105,11,15,11,16,32,12,11,17,11,11,30,11,11,20,11,58,30,15
22.75,29,23,24,31,40,61,29,16,31,28,11,20,23,12,18,18,11,22,29,13,30,30,12,21,20,11,14,32,11,22,30,16,23,31,24,27,23,14,22,22,15,20,32,14,18,18,11,17,34,11,14,32,18,29,24,11,19,27,53,70,19,13,17,25,11,11,18,20,16,42,26,23,24,19,20,16,11,13,18,18,11,37,64,74,11,11,11,15,11,13,16,11,15,15,12,13,18,13,16,34,21,25,19,21,15,41,27,22,33,26,24,11,11,11,33,29,42,11,17,11,23,22,26,22,22,19,13,11,12,11,16,15,15,12,14,25,13,11,24,17,16,22,22,18,32,23,19,16,11,15,16,16,11,11,13,12,24,13,32,17,14,14,11,11,11,13,11,12,15,16,11,30,25,38,24,21,17,43,24,28,22,29,19,12,14,11,22,19,12,11,16,11,11,20,11,11,11,11,13,14,11,19,16,11,11,18,11,12,13,11,14,30,19,37,36,25,28,29,23,16,22,11,14,17,11,22,16,12,21,22,11,14,19,12,11,20,11,13,22,11,13,14,11,16,11,11,15,24,13,24,26,16,43,33,23,11,22,11,11,11,11,13,17,11,11,23,11,36,101,103,11,21,12,15,32,12,11,12,11,11,27,11,11,23,11,59,28,20
23,34,22,26,30,42,62,34,16,31,29,12,24,18,12,17,20,11,16,33,11,32,27,14,19,18,11,16,30,11,20,24,17,21,32,23,27,21,15,21,23,14,21,37,17,20,18,13,15,34,11,17,32,19,29,25,11,18,26,55,63,19,13,17,25,11,11,22,20,23,42,24,23,24,21,20,11,11,14,22,17,13,33,63,67,11,11,11,18,11,16,17,11,14,13,14,11,23,11,16,29,21,23,17,18,19,39,24,19,38,35,25,11,11,11,35,30,47,12,16,14,23,18,27,23,20,22,14,11,16,18,18,19,16,11,15,21,11,11,26,22,15,22,22,19,25,26,20,11,11,16,11,15,11,15,13,19,25,13,34,17,12,17,14,13,11,12,11,21,12,19,11,31,24,35,21,15,13,46,25,29,21,32,20,11,16,11,20,15,14,11,17,11,11,24,11,11,11,11,15,15,11,18,18,11,11,23,11,12,17,11,13,24,19,28,35,26,28,28,25,12,24,11,11,19,11,16,20,12,21,20,12,20,20,16,11,18,11,12,24,11,13,16,11,20,12,11,15,21,11,26,23,17,48,33,27,11,22,11,11,15,11,11,21,11,11,22,11,38,103,103,11,22,11,17,35,12,11,12,11,11,29,11,14,18,11,56,30,12
23.25,31,23,26,31,44,59,30,16,32,27,11,26,24,15,17,19,11,22,27,11,28,30,14,23,18,12,15,28,13,19,27,20,20,31,22,31,20,11,20,20,15,24,37,17,17,18,13,13,35,11,14,34,22,30,18,11,16,27,51,66,15,15,18,26,11,11,22,20,20,48,24,28,21,22,16,14,11,11,18,16,11,36,65,73,12,11,11,18,11,15,15,12,14,15,13,18,25,13,18,29,20,21,18,23,19,38,22,19,35,27,26,11,11,12,33,30,45,13,17,12,19,17,25,21,24,18,11,11,13,11,18,17,13,12,14,24,11,11,29,17,16,22,20,16,26,20,18,14,11,18,14,18,15,14,18,18,22,14,29,18,18,15,12,18,11,11,11,12,17,22,11,31,26,38,19,22,18,43,24,25,25,29,18,11,16,11,24,19,13,14,16,12,11,18,11,11,13,11,14,16,11,18,16,11,11,22,11,11,17,11,14,26,17,31,36,23,31,31,25,11,22,11,15,20,11,20,23,11,18,20,11,17,24,12,11,24,11,17,22,14,11,16,11,19,14,11,19,20,11,22,26,14,44,35,26,12,18,11,11,13,11,11,19,11,11,23,11,33,101,107,11,19,11,16,39,11,11,17,11,13,27,11,13,20,11,55,28,13
23.5,32,22,29,36,42,60,30,17,33,30,11,23,19,11,19,15,11,18,31,16,27,25,13,18,18,11,15,30,11,22,29,18,20,32,20,24,22,11,20,23,11,23,38,17,17,21,13,16,32,11,15,38,19,32,20,11,13,28,53,68,16,12,12,26,11,11,24,20,22,47,26,28,28,23,23,17,11,15,20,15,15,32,65,74,11,11,11,17,11,14,17,13,15,18,11,15,22,11,15,33,18,23,19,19,17,41,26,20,41,28,26,11,11,11,37,28,47,14,17,11,26,15,29,21,22,17,15,11,15,13,17,18,18,11,16,28,11,11,25,15,11,26,22,16,33,21,23,11,17,12,14,19,14,12,15,15,23,17,35,17,18,19,13,18,11,17,11,14,17,19,11,30,24,37,21,20,15,46,23,32,27,28,21,15,13,11,23,17,11,14,16,11,13,25,11,11,11,11,13,14,11,19,20,11,12,23,11,16,20,11,21,26,23,33,37,27,33,30,23,14,26,11,15,15,11,22,17,11,20,23,11,23,22,13,11,18,11,14,22,11,12,14,11,18,12,11,19,19,13,27,24,17,45,36,27,11,24,11,11,14,11,14,17,11,11,24,11,33,100,101,11,16,11,15,35,11,11,16,11,11,21,11,20,23,12,53,27,14
23.75,34,18,24,33,41,59,28,22,35,25,11,22,22,16,19,16,11,18,31,15,32,28,12,16,17,11,15,29,13,22,25,18,18,33,20,30,26,13,20,19,16,20,37,16,17,23,12,20,35,11,15,36,21,31,17,15,19,30,50,67,18,11,18,23,11,11,22,23,17,47,24,27,22,18,20,14,11,16,24,15,17,37,65,73,12,11,11,17,11,16,14,13,16,16,13,12,25,14,21,31,20,27,18,21,16,36,22,17,38,30,28,11,11,11,38,32,51,14,19,12,25,21,26,25,26,19,14,11,13,12,18,18,19,14,20,27,11,11,23,14,11,27,24,19,29,26,17,13,14,15,11,13,11,11,16,11,26,17,33,18,14,17,11,13,11,11,14,13,17,18,11,29,28,40,23,21,12,45,26,29,26,32,20,11,13,11,22,15,13,13,16,13,14,20,11,11,11,11,16,17,11,21,18,11,14,19,11,16,17,11,19,26,22,32,35,24,31,29,26,14,20,13,12,18,11,20,22,13,19,22,11,20,25,16,11,17,11,12,23,11,14,19,11,17,12,11,14,16,11,25,28,15,47,32,26,12,22,11,11,11,11,11,17,11,11,24,11,37,95,105,11,18,11,17,34,12,11,13,11,11,28,11,13,18,11,57,31,14
24,26,23,26,32,41,59,36,18,35,26,12,22,23,13,21,21,11,22,33,11,30,28,11,20,18,11,16,29,11,23,24,19,20,35,20,31,21,13,19,26,16,27,40,21,25,16,11,15,32,11,15,32,17,31,21,13,20,26,55,67,21,14,18,27,11,11,20,17,20,46,26,29,25,22,22,11,11,11,21,15,15,32,61,70,11,11,11,18,13,13,19,14,16,18,11,15,21,15,18,33,25,22,17,22,14,40,20,20,34,32,26,11,11,11,35,30,51,16,15,12,18,18,25,23,22,17,12,11,15,16,19,19,17,12,18,24,11,14,25,17,14,24,19,19,30,22,19,12,11,16,16,17,14,15,19,16,26,17,33,20,14,19,11,16,11,12,11,15,16,17,11,30,25,39,21,24,16,46,27,32,25,28,20,11,17,11,18,17,11,11,18,11,12,19,11,11,11,11,15,15,11,19,18,11,12,20,11,11,20,11,18,28,20,32,41,23,30,32,24,14,21,14,16,15,11,20,21,13,19,23,12,20,22,13,11,19,11,14,21,11,16,18,11,18,12,11,17,23,12,27,24,15,42,34,29,11,19,11,11,12,11,11,21,11,12,23,11,36,100,106,11,17,11,15,39,11,11,15,11,11,29,11,11,20,11,54,30,11
24.25,33,22,26,28,40,57,31,18,30,27,11,22,21,15,17,16,11,18,28,12,31,29,12,18,16,11,11,30,11,22,27,18,22,34,22,32,20,11,19,18,16,20,37,16,18,20,13,15,33,11,16,37,23,32,20,11,16,26,54,69,18,17,19,27,11,11,19,22,18,51,27,25,23,22,20,12,11,12,23,11,11,31,62,70,11,11,11,19,12,13,17,12,14,15,14,14,24,11,21,29,23,27,16,21,18,40,22,20,39,32,27,11,11,11,37,33,52,14,14,11,26,19,31,23,23,18,15,11,14,11,19,18,17,11,16,30,15,14,23,14,12,24,24,20,32,20,17,12,11,17,16,15,14,11,14,16,25,17,33,18,15,21,12,13,11,11,12,16,19,17,11,30,26,41,24,20,14,45,26,30,21,31,18,15,15,11,20,15,11,18,18,13,11,20,11,11,12,11,15,17,11,21,19,11,12,21,11,12,19,11,15,29,15,32,38,24,28,30,25,15,18,12,11,15,11,19,18,11,18,25,11,21,23,15,11,17,11,11,22,11,16,20,11,15,13,11,18,21,11,22,26,12,45,33,29,11,20,11,11,19,11,12,16,11,11,25,11,39,104,106,11,21,11,19,30,15,11,11,11,11,23,11,13,16,11,57,26,14
24.5,31,22,28,29,42,59,29,20,33,26,11,24,20,14,26,19,11,22,32,11,36,29,11,20,21,11,18,27,13,20,27,20,22,31,19,30,22,12,18,21,15,22,39,18,23,17,14,14,33,11,17,33,18,35,22,11,20,25,50,65,18,16,17,23,11,11,21,24,25,51,28,27,23,22,20,16,11,19,21,15,14,37,64,74,11,11,11,15,11,14,18,11,19,16,16,15,23,11,19,34,22,30,19,17,19,38,27,19,37,30,27,11,11,11,37,35,52,11,16,11,24,22,27,20,25,21,12,11,11,11,18,17,14,14,14,24,13,11,27,17,15,24,24,20,30,26,18,11,17,19,14,17,12,15,13,18,29,20,39,17,14,21,11,14,11,11,13,16,11,18,11,31,29,49,23,25,20,48,27,31,28,32,21,15,14,11,19,21,12,16,17,11,15,17,11,11,11,11,14,13,11,17,17,11,13,20,11,11,15,11,17,23,21,28,38,26,29,33,24,13,25,11,14,17,11,18,22,12,23,25,12,17,26,15,11,17,11,13,19,12,14,15,11,14,15,11,17,19,13,27,27,19,45,35,28,11,24,11,11,13,11,11,18,11,11,25,11,38,101,105,11,16,11,14,38,16,11,12,11,11,26,11,15,19,11,56,29,15
24.75,29,23,25,31,44,61,34,19,34,24,11,21,20,16,17,19,11,21,29,12,35,27,17,19,20,11,16,31,12,21,28,20,24,28,21,26,19,11,19,22,13,22,37,20,17,18,13,16,33,11,18,35,20,32,22,16,20,30,52,71,15,15,17,27,11,11,21,19,18,46,25,27,20,18,17,11,11,14,22,19,12,35,67,70,11,11,11,16,12,14,15,13,15,19,11,17,21,13,19,34,21,29,19,22,20,38,24,18,36,29,28,11,11,12,36,33,52,11,18,11,22,21,26,22,21,19,13,11,14,15,20,17,17,12,14,27,12,14,21,14,12,22,21,15,26,27,17,14,11,15,11,11,11,12,17,21,27,18,37,20,12,20,15,14,11,11,11,16,13,21,11,32,27,42,22,18,17,44,25,27,23,26,18,12,15,11,25,19,12,14,16,11,11,23,11,11,12,11,15,17,11,18,18,11,11,24,11,11,20,11,13,26,16,34,39,27,27,30,25,13,19,11,18,14,13,20,22,15,18,24,12,18,19,14,11,17,11,12,18,11,15,15,11,19,13,11,17,20,13,22,28,16,47,33,30,11,18,11,11,11,11,13,17,11,11,19,12,37,103,103,11,17,11,16,35,14,11,14,11,11,29,11,11,24,11,58,31,15
25,32,23,26,32,41,62,31,21,31,28,11,22,24,20,24,20,11,23,35,19,33,26,14,17,19,11,14,28,11,22,25,22,23,35,20,31,24,12,22,20,14,25,37,20,20,16,13,14,32,11,18,34,20,30,20,17,18,27,54,70,19,14,15,23,14,11,21,20,25,50,27,28,22,25,21,16,11,17,20,14,12,34,67,72,11,11,11,20,11,18,12,11,15,13,16,13,17,14,18,34,23,28,20,20,21,39,26,22,37,33,29,11,11,11,36,33,57,15,19,14,25,24,30,24,29,22,15,11,17,13,21,20,17,15,21,21,12,11,28,15,17,24,28,20,31,27,20,12,11,20,12,16,14,11,13,18,28,22,41,20,18,21,12,18,11,14,13,18,15,19,11,32,26,49,23,22,19,45,29,30,26,31,22,11,12,11,18,22,12,12,17,11,11,22,11,11,11,11,16,17,11,21,21,13,14,21,11,11,14,11,16,29,21,35,39,27,27,33,23,11,24,11,13,14,11,20,20,12,23,25,14,19,26,17,11,21,11,16,22,14,16,16,11,16,14,11,16,22,12,24,24,16,50,33,30,11,21,11,11,14,11,11,17,11,11,23,11,34,103,103,11,20,11,15,34,16,11,13,11,11,29,11,11,24,11,58,32,16
25.25,29,23,23,32,42,59,32,15,35,26,11,21,22,16,19,16,11,18,36,16,33,30,14,22,19,11,20,28,15,25,30,19,24,28,18,27,20,11,21,22,16,25,38,21,20,18,12,16,33,11,16,39,21,34,23,15,20,32,55,72,17,14,17,29,12,12,18,18,19,48,27,28,24,22,21,17,11,15,21,17,13,34,65,71,11,11,11,18,17,15,18,16,18,17,13,18,21,14,19,34,22,28,22,22,21,40,25,19,42,29,29,11,13,13,40,34,59,13,18,11,23,21,30,29,25,23,16,11,16,15,21,22,17,11,15,26,15,12,24,19,11,22,27,23,31,22,23,16,13,19,13,11,13,13,14,14,28,19,41,16,17,18,15,16,11,11,11,15,18,17,11,33,31,51,22,23,20,45,27,29,28,26,23,13,19,12,21,21,15,11,21,11,12,21,11,11,13,11,18,16,11,20,18,12,11,24,11,11,17,11,15,30,16,38,42,28,28,33,24,14,26,12,14,23,11,24,24,15,23,24,13,17,21,11,11,21,11,19,22,12,13,11,11,25,11,11,18,20,13,27,27,19,50,33,27,16,22,11,11,14,11,11,22,11,11,19,11,37,104,104,11,20,12,16,35,15,11,11,11,12,29,11,12,24,11,57,33,17
25.5,27,23,23,33,43,58,33,16,33,27,11,23,22,14,17,17,11,18,34,15,32,27,11,17,18,11,15,35,13,21,26,19,22,33,21,28,22,11,23,26,12,24,41,18,24,19,13,16,34,11,16,37,20,35,17,11,16,28,53,71,22,13,23,29,11,11,24,18,21,56,31,29,22,27,21,17,11,14,24,15,13,36,66,72,11,11,11,17,11,16,22,16,18,20,15,16,25,11,20,37,22,29,20,21,21,37,26,21,43,30,32,13,11,11,41,36,60,15,21,13,27,20,31,25,21,22,14,11,14,13,19,22,16,12,15,25,13,11,27,17,15,26,24,20,31,26,22,12,11,13,16,14,12,12,20,15,33,16,43,19,19,20,14,18,11,12,12,14,19,20,11,35,27,48,25,27,17,47,27,33,23,28,22,17,14,11,20,16,12,11,17,13,14,19,11,11,12,11,14,19,11,21,18,11,16,23,12,15,21,11,18,27,22,35,40,28,30,31,27,15,24,11,12,17,11,22,21,11,23,23,11,18,25,14,11,13,11,14,19,11,14,14,11,19,15,11,16,20,11,27,30,18,48,35,27,12,20,11,11,13,11,11,18,11,11,22,11,39,97,107,11,21,11,14,35,19,11,11,11,13,26,13,15,20,11,61,32,14
25.75,32,23,27,29,42,58,35,18,36,24,11,19,22,16,20,17,11,21,35,13,34,27,12,17,17,11,15,29,11,24,29,18,26,30,25,26,21,13,20,23,16,24,40,18,20,16,11,16,33,11,15,35,21,34,22,11,22,28,56,71,15,15,18,27,13,11,18,20,19,49,28,29,21,25,22,17,11,14,17,12,12,40,66,75,11,11,11,16,11,14,16,12,16,17,12,16,22,18,18,32,25,29,20,22,18,38,25,18,37,27,28,11,11,11,40,36,57,11,18,11,24,18,28,29,23,26,13,11,15,11,21,19,19,11,19,23,17,12,27,19,17,25,23,19,28,22,22,13,11,17,17,13,17,13,19,17,32,19,42,18,17,20,11,16,11,16,11,18,17,18,11,32,28,53,22,29,18,52,25,34,22,29,22,14,15,14,20,19,12,11,14,11,11,18,11,11,13,11,18,13,11,19,18,11,11,22,11,13,19,11,17,26,24,31,39,25,30,31,26,14,22,14,13,14,11,19,21,13,20,21,11,19,23,17,11,23,11,12,22,11,14,17,11,18,16,11,15,18,11,25,25,21,47,35,27,12,20,11,11,11,11,11,14,11,11,20,11,37,100,106,11,19,11,16,34,13,11,11,11,11,25,11,15,15,11,56,33,15
26,28,20,22,30,47,58,29,22,36,25,11,20,23,16,23,19,11,22,29,16,32,29,11,25,19,11,20,23,14,23,26,20,20,31,20,29,19,11,18,23,15,25,41,23,21,19,14,15,30,11,17,37,21,33,21,11,18,27,52,70,14,14,18,26,12,11,18,22,22,45,32,31,18,19,18,12,11,15,19,11,11,34,66,68,11,11,11,13,11,18,12,11,13,16,15,17,17,12,19,34,27,31,17,21,17,36,24,17,38,28,29,11,11,11,40,36,63,11,16,11,25,18,32,25,25,22,13,11,17,12,18,18,15,12,13,24,14,14,24,17,18,24,24,19,31,28,21,12,11,14,14,16,12,11,17,17,31,21,40,20,14,24,11,14,11,11,11,17,13,20,11,28,31,52,17,20,14,48,27,31,24,32,20,13,19,11,21,22,13,14,20,15,11,22,11,11,15,11,16,19,11,19,18,11,13,21,11,12,16,11,13,27,17,27,38,27,29,31,27,14,23,12,13,20,11,18,18,12,19,23,11,20,20,15,11,20,12,17,23,11,11,17,11,18,13,11,15,20,11,25,25,19,48,35,27,11,21,11,11,11,11,11,14,11,11,21,11,38,101,107,11,16,11,15,33,15,11,16,11,11,25,11,14,23,13,57,32,14
26.25,31,24,26,33,43,59,33,20,36,28,11,25,18,16,17,19,13,23,32,12,36,29,15,21,19,14,16,30,12,23,27,23,23,32,19,29,20,11,20,18,11,22,40,25,23,19,11,16,32,11,16,31,22,33,22,13,17,23,53,69,15,16,17,28,11,11,20,22,23,49,27,31,24,23,18,16,11,19,20,15,11,35,65,71,11,11,11,17,13,19,14,16,12,15,12,18,17,14,17,35,22,33,20,22,21,35,26,16,39,31,27,11,11,13,43,39,65,14,19,15,20,26,28,27,28,23,12,13,14,14,18,22,17,15,19,28,14,13,30,17,20,23,21,21,31,30,21,16,11,19,17,18,16,13,17,15,31,18,42,19,20,21,13,18,11,11,11,18,12,14,11,32,28,57,22,26,17,47,28,31,24,28,21,17,13,11,15,19,12,11,18,12,16,21,11,11,12,11,19,18,11,19,16,11,14,23,11,11,18,11,16,29,20,33,38,24,30,29,28,15,26,11,16,23,13,20,22,13,19,27,11,20,25,18,11,26,11,13,21,11,14,20,11,24,12,11,13,19,13,20,22,14,51,37,31,11,21,11,11,15,11,11,17,11,11,20,13,35,104,107,11,24,11,18,34,17,11,12,11,11,29,11,12,22,11,56,35,17
26.5,30,19,24,30,45,61,35,16,35,29,11,24,24,15,22,15,12,20,34,14,30,28,15,24,18,11,13,31,12,25,31,16,25,35,15,30,20,14,18,23,13,20,43,21,23,17,12,15,32,11,17,33,24,34,17,13,17,25,58,67,18,12,17,31,13,11,23,19,21,50,25,28,19,23,18,13,12,13,20,16,13,36,66,77,11,11,11,18,11,16,19,17,18,17,15,17,22,12,20,36,26,32,18,22,20,39,27,19,44,30,28,11,13,11,40,39,66,13,15,11,18,20,29,28,23,21,14,11,16,11,20,17,16,11,17,25,13,14,26,17,16,23,20,19,26,24,22,15,17,16,13,15,12,11,17,15,33,20,42,18,21,19,11,15,11,12,13,19,16,17,13,37,36,53,20,23,14,44,24,31,23,25,17,17,17,11,18,18,11,11,17,11,13,23,11,11,11,11,13,14,11,19,14,11,11,22,11,13,19,11,14,28,17,39,43,27,31,31,26,13,22,11,13,22,11,21,24,14,20,24,11,18,25,15,11,18,11,16,24,11,13,16,11,18,11,11,16,20,14,21,27,14,48,36,30,11,26,11,11,17,11,11,20,11,11,26,11,36,102,103,11,18,11,13,35,14,11,11,11,11,26,11,13,16,11,61,34,17
26.75,26,22,24,31,45,62,31,17,34,28,12,21,22,15,22,18,11,22,36,15,37,24,14,24,19,11,17,26,11,23,27,18,24,31,21,28,20,11,17,20,14,24,45,25,22,21,16,15,32,11,17,33,24,35,18,14,21,28,51,73,19,15,18,24,13,11,19,21,23,50,29,31,21,22,20,17,11,12,20,20,13,39,65,74,11,11,11,16,13,19,16,14,15,15,11,17,23,13,19,36,23,36,19,20,19,37,28,20,37,35,28,15,11,14,44,39,69,13,19,11,26,29,33,29,28,21,11,11,11,11,20,18,15,11,18,25,12,12,24,16,15,19,23,22,29,25,19,11,12,18,13,13,14,13,20,18,36,18,46,19,18,21,11,15,11,14,11,17,13,21,11,34,34,60,21,25,21,48,29,32,27,33,22,17,19,11,16,22,15,13,16,12,18,20,11,11,15,11,16,15,11,17,20,11,11,22,11,11,17,11,14,25,20,33,37,28,31,32,27,13,25,13,13,16,11,18,18,15,20,24,14,22,29,21,11,22,11,15,23,11,14,16,11,18,13,11,14,19,11,21,28,18,51,38,32,11,27,11,11,11,11,11,20,11,12,22,14,34,99,105,11,18,11,14,40,14,11,18,11,13,29,11,11,21,11,57,30,16
27,29,20,24,32,46,65,38,24,38,25,11,22,27,19,21,17,11,20,34,18,36,29,14,23,21,11,20,29,11,24,24,18,23,27,24,30,19,13,17,24,18,25,41,22,24,19,14,18,34,11,13,35,23,35,19,11,19,30,54,68,20,15,21,25,11,12,21,19,24,51,28,32,24,22,22,15,11,16,23,12,16,35,65,74,11,11,11,18,16,19,18,11,19,18,16,17,23,14,21,37,19,37,18,22,21,37,22,19,41,30,27,13,11,13,48,41,73,11,21,11,26,24,31,31,29,23,12,11,13,13,19,21,17,13,17,24,11,14,26,14,19,21,24,18,33,27,21,12,11,15,15,17,16,13,17,15,37,18,44,19,16,23,11,16,11,13,11,18,17,20,12,33,32,56,22,24,17,47,28,33,24,29,23,19,16,12,24,17,15,13,18,13,14,23,11,12,11,11,17,16,11,20,18,11,12,22,11,12,19,11,19,24,22,34,35,26,32,36,26,19,27,13,19,13,11,20,19,15,21,20,12,24,28,17,11,20,12,12,21,11,16,17,11,19,19,11,16,23,12,28,31,19,49,38,33,14,24,11,11,11,11,14,18,11,11,23,11,36,105,103,11,22,11,16,39,16,11,14,11,11,23,11,13,25,12,56,36,16
27.25,27,23,19,30,42,59,34,19,35,25,11,24,24,17,20,16,11,17,33,17,37,28,14,18,15,11,14,27,11,24,24,17,20,31,19,27,20,11,16,18,16,17,42,23,23,15,11,13,35,11,15,34,22,36,20,11,15,29,54,68,16,16,16,27,11,11,17,24,18,52,29,25,20,19,19,17,11,15,22,15,12,36,66,76,11,11,11,16,15,15,13,13,13,15,15,15,21,11,17,37,25,33,16,19,19,37,27,21,35,32,29,11,11,11,46,37,67,13,18,16,23,22,34,25,27,18,17,11,16,11,16,22,17,12,16,23,11,11,23,16,16,24,21,19,29,25,20,11,12,13,14,11,14,14,15,15,33,25,42,18,14,19,13,16,11,11,12,11,16,19,11,35,35,59,21,25,16,48,29,32,22,26,20,16,16,11,21,21,13,11,24,11,15,22,11,11,12,11,17,20,11,20,14,11,13,24,11,11,14,11,17,31,21,30,38,24,27,30,24,13,21,11,14,18,11,18,22,11,22,22,12,24,22,14,11,26,11,15,22,11,12,14,11,15,11,11,19,20,11,26,22,19,50,37,31,11,18,11,11,11,11,11,17,11,11,21,11,32,102,106,11,21,14,14,36,16,11,11,11,11,25,11,14,20,11,57,35,14
27.5,32,19,25,33,41,62,33,18,35,24,11,20,21,19,17,15,11,20,38,17,36,28,13,23,18,11,16,24,11,24,24,20,23,26,22,28,20,11,18,19,12,22,46,22,25,16,13,18,34,11,14,37,26,39,19,11,17,29,50,72,18,13,19,25,11,11,18,18,21,50,31,27,19,23,20,15,11,12,22,21,13,33,61,72,12,11,11,18,11,16,17,13,19,16,15,18,20,16,16,41,25,40,19,21,22,39,27,19,41,33,28,11,11,13,45,39,72,13,19,11,22,25,33,29,31,24,15,11,16,13,14,18,20,11,19,25,12,13,26,15,15,19,22,16,33,25,19,14,11,16,12,21,13,17,18,19,39,16,47,16,19,22,16,17,11,13,11,14,18,24,11,37,29,61,22,22,17,44,23,28,21,30,19,14,18,11,21,16,15,15,18,12,14,24,11,11,12,11,17,18,11,21,18,11,11,22,11,11,17,11,14,26,20,32,38,28,26,34,23,16,22,11,11,26,11,23,20,16,20,24,11,22,24,20,11,22,14,15,24,11,11,12,11,22,13,11,16,23,13,24,25,17,51,42,31,11,22,11,11,11,11,13,20,12,11,24,11,39,99,104,11,21,11,12,37,11,11,15,11,11,30,11,12,23,11,62,31,16
27.75,28,20,25,31,46,62,31,22,36,23,11,20,23,15,21,22,11,22,40,15,39,28,14,21,21,11,18,24,11,21,24,16,20,29,20,29,20,13,17,23,14,23,49,20,28,21,13,17,33,11,20,39,29,39,24,12,20,28,55,67,17,11,15,29,11,13,23,18,17,51,27,30,24,23,20,15,11,11,23,13,14,34,63,69,13,11,12,16,16,17,15,11,14,18,15,20,22,11,17,40,29,36,20,16,20,34,23,18,41,31,33,11,11,11,46,43,74,11,17,11,25,21,34,32,24,23,12,11,14,15,20,19,18,12,15,26,11,11,24,17,12,22,23,17,32,29,19,14,12,12,13,14,15,18,16,19,41,23,46,21,22,22,11,16,11,12,11,18,18,18,15,38,29,62,22,25,17,46,26,27,23,28,20,17,13,11,26,20,12,14,15,11,13,23,11,11,15,11,17,20,11,20,16,11,12,23,11,13,19,11,18,24,20,32,40,24,35,33,29,14,19,11,12,15,11,20,23,12,21,23,11,27,23,20,11,22,11,17,23,11,12,18,11,18,11,11,19,20,18,23,27,20,49,40,34,11,19,11,11,11,11,11,20,11,11,22,11,36,103,104,11,19,11,16,35,19,11,13,11,14,29,11,14,18,11,58,37,14
28,37,29,25,35,45,62,34,21,36,27,11,24,25,18,22,18,12,21,37,19,39,29,17,23,19,11,16,30,11,26,25,16,26,26,19,22,20,11,13,23,15,20,46,23,23,17,12,15,34,12,16,40,29,37,20,11,19,30,56,67,17,14,19,25,11,11,21,18,21,52,30,31,19,22,20,14,13,15,24,18,15,34,68,75,11,11,11,18,12,17,15,13,13,20,17,20,25,11,21,39,29,38,17,18,20,37,28,20,41,31,28,11,11,11,45,42,72,13,17,11,24,22,31,32,26,28,14,11,15,11,21,20,17,12,15,26,16,11,29,17,21,24,23,22,36,30,22,13,12,14,14,17,12,18,14,19,39,17,48,18,17,21,12,16,11,13,14,16,17,21,11,37,28,64,27,32,17,51,29,33,26,31,19,16,15,11,20,22,18,15,17,12,16,24,11,11,13,11,17,18,11,18,21,11,14,22,11,11,16,11,15,25,17,31,38,23,30,34,27,14,19,11,19,15,14,19,23,14,21,28,11,23,22,19,11,23,11,15,22,11,16,13,11,24,14,11,17,18,17,23,25,21,54,37,34,13,20,11,11,14,11,11,20,11,11,24,11,44,99,111,11,21,11,14,36,11,11,13,11,11,30,11,16,20,11,58,31,13
28.25,31,20,25,32,49,64,34,19,42,25,11,22,25,25,25,17,11,23,36,18,36,27,11,23,17,11,19,27,11,24,24,18,23,30,21,28,22,11,19,20,13,24,46,25,22,21,13,15,32,11,17,35,26,35,21,14,18,26,56,68,20,15,19,24,11,11,17,20,18,57,33,29,22,21,23,18,11,15,21,19,15,36,65,79,11,11,11,15,13,14,16,14,17,19,15,19,24,13,21,41,25,43,19,21,21,36,26,17,41,36,30,14,11,12,44,41,71,11,19,11,26,18,34,29,26,25,15,11,18,11,21,19,17,13,20,23,11,15,25,17,19,23,23,23,33,29,25,15,15,16,13,15,12,15,16,19,42,21,50,20,17,25,13,15,11,12,11,17,17,19,13,34,28,64,21,21,19,50,26,31,20,31,20,16,16,11,20,23,14,16,15,12,15,22,11,11,18,11,19,22,11,19,17,11,13,25,11,14,22,11,16,26,20,33,38,23,29,33,27,14,22,11,12,21,11,21,21,15,19,23,11,20,28,20,11,24,12,16,21,12,12,14,11,22,13,11,15,22,13,26,24,21,52,43,37,11,19,11,11,12,11,11,17,11,11,25,13,35,103,106,11,17,11,15,39,21,11,13,11,11,27,11,11,24,11,58,34,14
28.5,31,26,28,34,44,64,38,25,41,28,11,22,28,18,20,18,11,23,40,23,41,23,14,22,21,11,15,25,13,23,27,22,24,26,21,31,22,12,18,20,17,26,47,28,23,17,13,19,36,11,16,37,27,38,21,16,19,26,54,71,21,13,20,28,13,11,21,22,25,55,36,35,21,24,20,14,11,12,25,18,16,37,68,77,11,11,11,17,17,16,18,15,17,18,15,22,21,12,20,38,27,39,22,19,20,38,25,22,44,34,32,11,12,11,47,41,76,16,18,15,27,25,35,35,30,27,17,14,19,13,22,23,19,19,22,22,15,11,29,17,21,24,22,21,35,26,26,12,14,18,14,18,16,15,16,20,41,22,50,23,22,23,12,19,11,15,15,22,17,24,11,36,29,66,24,28,19,49,31,32,25,31,23,16,22,11,20,23,14,13,18,15,11,27,11,11,17,11,22,21,13,20,18,12,12,22,11,17,19,11,19,23,23,31,41,24,29,31,30,12,25,11,20,22,15,22,24,16,23,24,16,25,28,22,11,23,14,18,22,15,16,15,11,23,11,11,19,22,18,27,26,27,55,43,35,11,21,11,11,11,11,12,17,11,13,20,14,36,97,108,11,21,13,14,39,18,11,11,11,12,28,11,15,20,13,54,34,14
28.75,31,19,27,31,43,58,32,20,42,29,11,22,23,19,19,15,11,18,37,17,36,28,14,22,19,11,19,25,11,21,28,18,24,29,21,31,20,11,17,24,11,25,47,25,28,17,14,16,36,11,17,39,26,39,20,11,19,27,51,73,18,15,21,20,11,11,18,22,23,54,35,37,19,20,24,17,11,12,21,17,12,36,68,76,11,11,11,17,11,16,18,17,18,19,14,13,23,11,22,41,30,41,22,20,23,38,27,22,37,34,32,11,11,11,43,41,76,14,18,13,25,27,37,31,29,26,15,11,17,13,18,22,18,11,14,23,12,12,22,18,14,24,24,21,28,29,19,16,11,19,12,11,15,15,18,18,44,22,50,19,18,23,12,16,11,13,13,17,19,20,11,42,32,65,24,29,19,49,29,34,22,34,24,20,21,11,19,21,13,14,19,11,21,23,11,11,16,11,17,20,11,20,15,11,11,23,11,12,20,11,16,29,22,32,37,24,33,32,29,18,24,14,14,17,11,19,24,13,21,23,12,26,27,27,11,24,12,15,26,11,14,15,11,20,11,11,18,20,12,26,27,23,49,39,35,11,22,11,11,11,11,11,17,11,11,19,11,37,98,106,11,21,12,16,35,16,11,12,11,12,25,11,11,20,11,58,36,14
29,33,25,27,36,43,65,36,21,40,26,11,24,28,20,23,20,11,21,42,20,44,32,15,26,20,11,18,32,14,25,29,16,27,31,24,31,20,11,16,21,15,25,49,26,27,17,12,19,36,13,18,40,22,43,22,14,20,33,56,70,15,17,16,26,16,11,23,20,25,55,34,35,20,24,21,17,11,17,26,15,18,39,69,77,13,11,11,16,17,19,16,13,18,18,18,20,22,14,19,40,26,45,19,20,22,35,29,18,45,39,34,11,11,14,52,42,79,16,14,17,27,29,40,31,28,29,17,13,19,13,22,24,18,14,16,23,14,14,26,16,17,25,24,26,36,31,25,15,11,21,15,14,15,15,18,18,45,21,48,22,22,26,13,19,11,11,14,18,17,24,13,38,35,66,25,27,19,53,25,32,28,34,25,22,19,14,20,23,15,11,15,12,14,25,11,11,14,11,19,18,11,23,21,13,14,21,11,11,20,11,17,29,21,30,42,25,32,28,27,16,24,12,15,23,11,21,24,15,20,25,13,30,26,24,11,23,11,13,23,12,15,14,11,19,11,11,19,21,13,31,27,24,53,40,34,14,21,11,11,13,11,11,16,11,11,24,11,37,100,106,11,18,11,16,39,13,11,14,11,11,32,14,14,22,11,59,37,16
29.25,32,26,26,31,49,64,34,25,42,22,13,24,26,22,22,20,13,21,41,23,44,27,17,26,18,11,19,26,11,25,26,17,23,28,22,32,20,15,19,24,15,24,48,25,29,15,14,21,31,11,21,45,27,43,20,19,19,30,57,71,19,15,22,28,11,13,24,22,26,53,38,36,21,24,23,13,14,14,24,18,18,36,67,78,11,11,12,15,16,19,16,17,19,19,21,24,19,13,20,36,31,39,21,24,23,43,28,24,50,32,32,11,11,16,51,49,83,12,19,15,28,28,40,30,35,27,13,11,19,12,22,22,19,14,20,24,15,12,28,20,20,23,27,25,34,31,27,13,14,19,12,15,12,14,19,18,41,20,52,22,22,26,11,16,11,11,12,14,16,21,13,37,38,71,25,29,22,51,32,34,26,33,28,15,20,12,19,23,11,15,21,13,14,28,11,11,15,11,14,21,11,19,21,11,15,26,11,11,21,11,18,30,22,30,43,28,29,32,27,12,22,14,14,22,16,23,25,19,24,25,13,26,34,23,11,22,12,14,20,13,12,13,11,19,18,11,17,24,19,24,28,22,58,43,40,11,26,11,11,11,11,11,21,12,11,26,14,36,102,108,11,18,12,16,41,15,11,14,11,11,29,12,14,25,11,59,38,20
29.5,29,25,27,32,49,63,37,27,43,24,14,27,27,23,24,19,11,23,35,27,40,30,20,20,19,14,19,25,12,26,25,18,23,25,24,30,22,13,22,20,19,27,47,33,28,18,12,20,33,11,20,35,27,41,18,15,19,27,56,68,19,15,27,25,17,11,16,22,26,57,35,35,24,24,27,14,12,14,18,18,16,36,68,75,11,11,11,17,18,17,18,14,23,21,20,21,19,15,24,38,33,43,19,25,24,37,31,25,39,35,32,14,11,17,46,45,82,11,19,11,24,28,38,35,31,30,16,11,19,15,23,24,19,17,22,21,15,13,21,18,16,23,25,23,34,31,25,14,16,22,15,20,17,12,19,21,46,24,56,21,22,24,11,20,11,11,14,17,18,22,14,39,33,69,21,32,21,47,33,33,26,31,24,17,23,13,18,22,16,14,19,16,14,24,11,11,14,11,19,23,11,18,24,11,13,27,11,12,21,11,18,30,24,34,41,25,31,37,28,16,25,16,16,20,12,18,26,18,23,27,15,25,33,24,11,25,14,19,25,17,15,24,11,22,16,11,17,18,17,25,28,24,52,45,40,11,23,11,11,17,11,11,22,13,11,28,14,39,105,110,11,23,16,16,41,19,11,12,11,11,26,13,17,24,16,56,37,15
29.75,30,26,26,38,49,66,39,24,43,24,13,26,28,26,24,13,15,23,38,23,44,29,16,23,17,11,15,25,11,24,26,19,26,25,20,30,22,12,20,24,17,27,47,31,30,15,13,22,38,11,22,40,27,44,23,16,21,32,57,78,15,18,19,29,13,14,20,20,22,51,34,39,23,26,23,19,16,15,22,20,15,39,67,77,11,11,11,18,17,20,15,14,19,19,18,23,22,15,22,37,31,45,19,23,24,36,31,22,41,33,31,11,11,13,47,49,86,11,21,14,28,32,42,34,32,28,13,12,16,12,19,21,21,14,20,22,14,14,23,19,18,21,28,21,34,32,26,18,14,20,14,15,17,16,21,20,45,24,54,19,20,27,15,17,14,11,12,19,16,23,13,34,33,71,25,35,21,51,34,33,22,34,21,16,19,14,22,23,18,16,21,16,16,29,11,11,17,11,14,21,11,19,19,14,11,24,11,15,20,11,17,32,21,32,45,27,31,35,31,15,27,11,13,21,13,19,27,16,26,26,16,25,33,21,11,31,11,16,21,15,13,22,11,19,17,11,17,21,18,25,30,23,52,48,35,11,25,11,11,11,11,11,19,11,11,22,11,33,103,108,11,19,11,14,39,15,11,17,11,11,29,13,12,29,11,57,40,18
30,30,19,24,35,45,60,38,22,45,24,11,24,25,21,22,15,11,20,40,20,42,25,11,22,17,11,15,28,11,24,26,18,25,30,19,27,16,11,17,24,11,26,45,26,26,18,12,18,33,11,18,39,21,37,21,11,18,27,53,69,20,13,20,24,11,11,21,17,23,56,36,32,24,18,21,16,11,11,25,14,13,37,64,73,11,11,11,16,11,14,16,14,12,20,11,21,21,12,15,42,30,43,19,16,25,37,26,17,42,33,29,11,11,11,53,48,86,14,17,13,25,27,35,35,31,26,19,11,20,11,21,19,15,13,17,24,12,11,25,11,17,20,20,17,30,28,20,17,11,18,17,14,18,16,19,17,46,21,54,17,16,21,14,21,11,15,11,20,17,17,11,36,27,71,24,28,19,49,27,28,26,27,24,22,18,14,19,19,16,19,14,14,16,26,11,11,18,11,19,20,11,19,14,11,11,22,11,13,17,11,14,27,20,38,37,25,30,37,24,16,25,11,14,15,11,21,21,15,22,27,15,23,30,18,11,19,11,14,18,11,15,17,11,19,13,11,18,22,11,26,22,16,54,41,38,11,23,11,11,11,11,11,18,11,11,22,11,37,100,106,11,17,11,17,38,16,11,12,11,15,24,11,15,20,11,57,33,14
30.25,28,24,23,33,49,63,39,23,42,22,13,21,23,23,24,15,11,21,39,22,44,27,16,22,13,11,17,25,13,23,29,21,26,28,24,30,20,11,24,19,14,23,48,31,32,14,13,16,29,11,16,36,28,40,20,11,21,29,57,69,14,14,21,26,16,11,17,24,22,55,34,37,20,20,22,12,11,17,21,22,18,37,68,73,11,11,11,14,15,17,11,15,16,16,17,16,21,17,18,38,31,49,18,20,21,35,27,24,39,38,30,11,12,12,49,49,84,12,19,13,24,29,37,28,31,27,16,11,20,13,21,24,16,11,17,22,16,15,24,18,21,18,28,22,32,30,22,16,11,23,11,17,13,16,19,23,46,24,59,17,21,26,11,18,11,11,14,19,15,19,15,37,33,72,21,27,19,52,33,35,24,28,22,20,19,15,18,23,15,12,22,14,12,26,11,11,15,11,17,21,12,18,21,11,11,22,11,11,24,11,16,27,25,31,40,25,28,35,30,16,28,15,11,19,13,20,26,18,27,27,17,25,28,24,11,28,11,13,25,15,12,16,11,20,13,11,14,22,15,23,31,20,53,43,38,11,24,11,11,15,11,11,19,11,11,26,11,35,102,109,11,19,11,14,39,21,11,14,11,11,29,12,11,21,11,59,36,19
30.5,28,24,28,31,50,64,39,29,44,26,11,22,29,23,27,17,11,21,38,23,42,28,18,23,18,11,17,28,11,27,24,20,24,25,21,28,19,11,20,21,15,25,48,31,29,17,13,19,36,11,19,39,27,41,19,11,18,28,55,68,16,16,21,28,11,12,19,28,23,54,37,37,19,23,23,16,11,17,22,19,16,38,68,78,12,11,11,20,17,19,17,15,20,18,19,21,23,13,18,42,30,47,22,23,23,39,28,23,43,36,39,11,11,11,50,47,90,14,20,16,27,26,39,35,31,28,13,11,17,12,19,20,20,16,20,22,13,11,29,19,18,28,25,21,35,33,25,14,13,18,14,17,14,14,18,21,53,25,63,21,22,23,14,19,11,11,13,18,14,19,14,41,34,75,28,31,24,54,34,33,22,32,24,16,24,12,23,21,18,11,19,14,18,27,11,11,16,11,19,23,11,19,18,11,13,25,11,13,22,11,18,25,23,35,41,26,28,33,30,13,25,11,18,16,16,20,25,17,23,28,14,29,31,20,11,26,12,16,23,13,16,23,11,22,11,11,17,23,15,26,29,21,56,43,38,11,23,11,11,15,11,11,23,11,11,22,12,36,103,111,11,17,11,18,37,19,11,15,11,15,31,11,13,23,12,60,38,21
30.75,28,23,24,36,48,66,42,28,46,23,11,22,28,22,20,20,11,23,45,21,45,24,15,25,21,11,12,28,13,23,29,19,22,30,20,33,25,11,21,20,14,25,55,28,32,19,11,17,36,11,22,39,30,42,21,13,21,30,58,72,15,16,20,26,11,12,19,20,23,60,38,40,22,23,21,16,11,15,24,20,16,37,67,76,11,11,11,20,12,19,16,16,16,19,16,21,23,15,21,42,36,49,21,20,21,36,29,21,45,35,35,11,11,15,51,50,94,13,20,14,28,31,42,35,33,33,16,11,19,11,19,21,18,15,18,24,13,13,24,19,19,24,26,21,36,28,23,16,14,21,15,13,16,16,22,18,50,23,59,21,24,22,17,17,11,11,11,16,15,23,12,39,32,73,26,32,21,52,32,37,25,29,24,18,16,15,24,22,19,12,15,18,16,24,11,11,15,11,21,20,15,23,22,15,11,25,11,14,22,11,14,31,22,34,44,24,31,32,29,16,23,11,17,17,12,23,25,16,24,28,14,25,26,22,11,20,15,15,27,12,13,18,11,22,15,11,15,21,14,26,29,24,57,43,39,11,24,11,11,11,11,11,18,11,11,21,16,41,102,108,11,21,12,16,38,22,11,15,11,11,28,12,15,22,11,59,37,15
31,31,24,25,32,47,61,38,28,41,24,11,24,28,19,21,17,11,20,41,20,44,27,15,23,15,11,16,28,11,22,26,21,20,28,18,26,22,11,20,20,12,22,46,29,25,15,13,16,35,11,18,40,26,40,19,12,17,33,52,71,14,12,18,29,12,12,16,21,20,60,35,38,19,22,19,15,11,13,21,17,11,35,65,78,11,11,11,17,11,17,15,12,15,21,15,19,23,13,18,44,30,47,19,23,23,34,26,17,38,37,33,11,11,11,49,51,87,15,18,16,29,30,43,33,34,28,16,11,17,17,18,25,12,13,17,23,13,13,20,19,14,25,21,22,34,30,21,13,11,15,16,11,17,17,18,17,48,16,60,22,19,23,13,18,11,13,12,16,18,20,11,37,33,75,24,27,16,50,29,32,23,30,21,15,19,11,17,24,16,15,15,16,15,24,11,11,14,11,14,20,11,21,18,16,11,27,11,14,16,11,18,26,21,30,43,25,30,34,32,14,22,11,13,18,11,23,22,18,24,28,12,27,30,20,11,27,13,16,20,13,11,17,11,25,14,11,16,20,15,26,26,21,55,43,41,11,22,11,11,11,11,11,20,11,11,23,13,32,100,108,11,13,14,16,35,16,11,12,11,11,26,11,13,23,11,55,35,14
31.25,29,25,26,34,46,61,44,26,45,24,11,21,31,22,22,16,12,18,41,21,48,33,14,22,19,11,14,26,11,25,24,16,21,27,20,30,24,11,23,21,12,23,55,31,32,16,13,19,39,11,24,40,27,39,21,12,20,31,56,70,18,15,22,27,12,11,19,19,19,58,34,37,20,20,20,11,11,11,25,19,17,37,66,73,11,11,11,15,15,17,18,14,19,20,19,19,20,13,16,42,30,52,18,19,22,38,27,21,43,34,30,12,11,12,55,50,92,14,23,11,25,23,40,35,29,28,18,11,19,11,20,20,19,11,17,23,14,14,27,16,18,28,23,22,38,31,23,16,12,18,13,16,13,17,15,22,50,24,61,21,23,23,14,12,11,13,11,16,18,22,11,37,35,73,26,29,20,54,31,33,27,24,21,19,22,12,22,20,16,15,17,13,16,27,11,12,15,11,20,22,13,22,19,14,11,20,11,11,20,11,18,27,21,33,40,22,30,32,31,20,25,12,17,18,14,22,23,16,26,26,17,25,27,19,11,21,13,15,20,11,12,18,11,25,15,11,16,24,14,25,28,22,56,44,39,11,18,11,11,13,11,11,18,11,11,22,11,43,103,108,11,21,11,18,36,19,11,16,11,11,26,11,11,20,11,60,34,18
31.5,28,22,26,32,45,60,44,31,49,25,11,22,28,24,20,19,11,20,45,22,48,29,13,24,16,11,17,27,11,25,25,17,23,26,20,25,20,11,16,23,16,24,51,30,31,15,14,13,37,13,22,39,29,39,19,11,24,29,53,67,17,15,19,27,11,11,19,20,22,60,38,40,24,24,21,16,11,15,21,20,11,37,69,77,13,11,11,18,16,16,18,12,23,21,14,22,19,11,18,42,30,51,17,21,21,34,27,23,42,37,34,13,11,14,53,53,93,11,19,11,29,28,42,37,32,33,15,11,16,12,24,22,14,12,17,24,12,11,26,16,19,26,26,20,35,31,24,16,12,18,13,17,15,16,19,16,51,23,66,19,22,24,13,15,11,15,12,19,19,18,13,38,30,77,28,30,21,51,33,31,23,30,22,19,20,11,23,20,15,12,20,12,17,22,11,11,16,11,20,25,13,21,19,11,11,22,11,12,18,11,19,26,22,31,42,25,31,30,32,16,24,15,17,22,14,21,24,13,27,27,16,24,30,23,11,23,11,16,24,12,12,21,11,23,13,11,15,22,11,27,27,24,52,46,39,11,24,11,11,11,11,11,19,11,11,23,12,37,100,108,11,22,12,18,37,18,11,14,11,11,25,11,17,22,11,54,37,16
31.75,29,25,25,33,47,62,46,29,44,25,12,22,27,26,24,20,11,26,43,27,49,28,17,25,22,11,19,30,11,26,25,15,22,29,19,30,22,11,16,24,16,25,52,30,30,18,11,20,33,11,22,40,28,37,23,12,20,31,56,70,19,16,22,30,12,12,22,23,23,60,41,39,23,22,20,13,11,14,18,19,12,37,68,73,11,11,11,19,11,18,21,14,18,20,21,21,26,11,23,40,30,50,19,24,20,39,28,21,43,37,32,11,11,11,54,54,91,14,19,12,28,28,38,39,38,34,18,15,17,12,18,20,19,11,18,28,14,14,26,18,18,26,23,21,41,36,25,15,11,22,16,12,14,16,20,17,55,23,67,21,20,23,12,18,11,11,12,18,19,16,11,43,33,75,25,31,21,55,31,33,25,30,25,19,21,13,21,25,15,14,19,11,18,26,11,11,15,11,18,22,11,20,19,11,15,25,11,17,21,13,17,25,24,36,40,23,33,28,30,15,27,11,18,20,11,25,26,13,27,26,18,28,31,25,11,29,15,19,22,13,19,23,11,25,13,11,17,24,13,29,29,20,57,46,42,11,23,11,11,14,11,11,20,11,12,23,12,37,101,109,11,19,11,15,38,16,11,13,11,11,32,11,16,24,11,56,39,18
32,27,24,23,37,45,63,43,30,45,25,11,21,28,24,23,20,11,25,41,22,46,28,19,25,22,12,19,30,11,25,21,20,21,28,19,29,19,11,18,21,16,24,54,30,33,20,17,20,34,11,16,42,25,42,20,13,23,30,56,70,16,13,20,26,11,11,21,23,20,63,38,40,20,19,20,16,14,15,23,16,17,36,69,74,13,11,11,12,14,15,15,17,19,22,19,22,19,11,17,43,35,52,22,21,22,37,21,17,48,35,34,13,11,14,53,49,94,15,21,15,30,28,42,37,33,33,15,12,17,12,19,21,17,14,19,25,12,14,26,19,16,23,24,19,34,33,22,11,14,15,12,19,15,14,20,16,57,26,65,23,23,27,13,20,11,12,11,21,19,18,14,39,37,77,24,31,18,49,34,33,24,31,24,20,21,14,24,16,18,13,20,13,17,28,11,11,17,11,20,19,11,16,17,11,11,25,11,13,21,11,18,27,20,36,41,25,33,35,30,13,25,11,14,20,11,20,25,15,26,26,21,26,35,20,15,21,16,11,23,11,17,17,11,25,13,11,18,23,14,30,33,22,58,50,36,11,23,11,11,12,11,11,24,11,11,23,12,42,103,110,11,22,11,15,40,17,11,16,11,11,26,11,12,23,11,62,36,14
32.25,30,24,29,33,55,65,40,34,51,22,13,24,28,29,23,20,11,28,44,27,49,30,19,27,22,12,18,24,11,27,25,21,24,30,23,32,22,11,24,24,17,28,54,34,35,17,14,20,35,11,23,40,29,45,21,12,21,34,59,75,20,18,22,26,15,11,19,26,27,60,39,41,23,24,26,17,13,17,23,19,19,39,68,81,14,11,11,16,15,20,15,17,19,20,21,26,21,16,22,43,29,55,20,24,21,39,29,26,43,36,34,11,11,11,55,52,99,14,24,15,30,32,43,40,40,35,18,16,15,11,19,25,15,16,22,27,15,14,24,18,15,27,27,23,38,34,29,16,15,20,12,18,14,15,20,24,51,25,68,18,22,26,12,18,11,17,14,23,17,20,16,42,40,83,27,32,20,50,34,30,22,33,26,20,19,18,17,26,12,13,18,16,20,32,11,13,20,11,22,22,16,20,21,11,11,28,11,13,23,12,18,31,26,34,39,25,30,36,31,14,26,14,14,17,16,27,29,19,29,27,17,26,33,26,11,27,17,13,25,15,16,23,13,24,18,12,17,23,15,26,27,21,62,50,45,12,27,11,11,11,11,11,19,11,11,28,18,34,104,109,11,16,13,19,42,20,11,20,11,11,27,11,16,22,14,57,37,18
32.5,33,24,28,35,51,66,46,30,52,27,11,26,29,28,28,15,11,23,42,27,51,29,14,26,20,13,20,25,11,25,23,17,24,29,21,31,23,12,22,20,12,26,52,35,35,16,16,21,33,11,18,38,32,44,20,16,23,29,62,76,15,14,20,27,11,15,23,23,25,59,42,43,19,23,24,17,13,17,21,20,17,39,66,80,11,11,11,17,16,22,15,16,19,20,16,23,25,18,23,43,30,55,18,25,25,32,28,19,45,37,38,11,11,13,55,58,98,15,21,18,30,32,45,36,38,32,15,11,16,11,23,22,19,13,21,23,16,15,24,17,18,24,25,25,34,35,28,15,18,19,17,19,22,19,19,23,57,27,71,20,23,27,14,21,11,11,14,18,15,18,14,37,35,79,23,36,17,53,31,35,20,35,26,20,24,19,18,22,16,12,20,14,15,31,11,11,20,11,23,26,13,19,22,15,11,24,11,14,20,14,16,30,22,35,41,26,30,34,30,14,30,16,15,17,16,23,28,19,22,28,15,29,27,27,12,24,17,14,27,13,11,23,11,26,13,11,14,25,15,28,33,24,57,50,45,11,25,11,11,16,11,11,17,13,11,25,11,36,107,112,11,22,11,17,39,19,11,16,11,11,30,11,17,26,14,61,42,21
32.75,26,19,27,30,49,63,44,25,51,20,11,23,24,23,23,16,11,22,45,28,49,24,20,25,18,11,15,23,11,22,26,20,27,25,21,30,21,11,23,23,14,23,51,35,34,15,13,16,38,11,22,41,31,45,17,11,25,31,59,73,15,19,20,26,12,11,22,20,28,59,40,39,23,23,22,20,15,19,21,20,16,38,68,80,11,11,13,16,13,16,16,12,18,25,17,26,22,14,22,40,34,53,18,21,21,32,26,23,44,34,33,11,12,13,57,54,102,13,21,12,27,28,43,36,36,36,14,11,19,11,20,22,18,13,18,22,14,11,24,16,18,23,24,24,36,35,29,16,15,18,14,20,16,15,20,18,55,25,72,17,23,24,11,19,11,12,13,20,13,19,13,45,42,88,22,34,23,54,28,34,26,29,24,20,22,14,20,23,19,12,20,16,14,29,11,11,18,11,18,25,14,15,20,11,11,29,11,11,20,11,14,25,22,40,40,28,33,37,37,15,26,15,14,18,12,24,25,19,26,28,17,26,33,23,11,25,13,12,26,11,13,19,11,22,14,11,20,22,19,25,31,21,60,49,47,11,27,11,11,15,11,11,21,13,11,22,12,36,102,111,11,21,11,11,44,15,11,16,11,11,28,13,21,20,14,59,36,18
33,28,22,24,33,48,64,48,30,51,22,11,24,30,28,25,17,11,20,42,25,52,27,17,26,21,11,19,30,11,23,27,20,23,26,21,28,25,13,19,23,16,23,53,36,30,18,15,18,34,11,17,38,28,42,22,14,21,32,58,74,17,15,21,27,11,11,21,18,26,60,41,43,19,22,20,19,16,16,21,20,18,38,69,76,11,11,11,16,13,23,18,17,20,23,16,25,25,15,21,42,32,57,24,20,19,35,28,21,44,38,34,11,14,13,58,59,103,12,20,18,29,27,44,41,33,32,18,11,20,13,18,20,21,13,19,26,12,12,25,16,21,24,22,24,38,32,26,12,17,21,18,17,20,17,21,21,58,26,76,18,22,22,13,19,11,11,14,18,22,17,16,44,38,86,24,36,20,50,31,34,25,27,24,20,25,16,21,23,19,14,17,16,15,28,11,11,18,11,20,25,12,16,18,11,12,23,11,11,24,11,17,27,22,34,40,25,31,37,28,15,26,15,13,19,14,22,24,14,26,27,18,31,32,26,11,24,16,15,23,12,16,24,11,24,18,11,17,23,16,31,25,24,55,48,40,11,26,11,11,16,11,11,21,11,11,22,13,36,100,107,11,19,12,18,37,18,11,14,11,11,27,11,15,24,15,59,36,21
33.25,28,23,26,30,50,58,40,29,50,23,12,27,29,26,25,13,11,19,46,29,50,28,13,27,19,11,21,23,13,22,26,21,25,26,23,31,22,12,23,19,16,24,55,37,33,14,13,15,38,11,23,40,30,40,18,14,18,30,59,74,15,15,19,22,11,12,15,22,20,60,37,42,19,23,19,16,13,16,22,18,17,36,68,75,11,11,11,14,16,17,17,13,22,21,20,23,16,16,23,41,32,55,18,16,24,36,29,20,40,40,35,11,13,12,60,54,105,11,22,14,27,30,42,33,34,30,13,13,18,11,21,20,12,16,18,26,12,17,25,18,19,22,25,22,36,32,26,16,17,22,11,21,15,14,17,23,59,25,74,15,23,25,13,17,11,12,13,24,14,18,14,43,40,87,22,35,21,47,32,33,28,36,30,22,22,17,18,23,18,14,16,17,16,29,12,11,17,11,20,29,15,18,20,12,11,24,11,11,25,11,16,29,19,35,43,26,32,35,32,11,24,13,12,19,11,21,27,17,23,28,14,27,32,26,11,26,20,11,24,12,15,18,11,23,14,11,16,23,19,27,31,23,57,49,40,11,25,11,11,12,11,11,21,15,11,23,17,38,103,109,11,22,13,11,39,19,11,14,12,11,30,11,12,23,11,54,38,19
33.5,28,25,31,30,51,62,45,33,52,24,13,24,26,27,25,19,12,24,47,29,51,29,18,24,23,11,22,28,11,28,24,17,27,28,21,31,21,13,20,23,12,23,56,34,39,19,12,20,37,11,21,39,29,44,20,11,23,35,56,77,15,16,18,29,13,13,15,20,19,63,43,41,25,30,24,16,13,17,23,17,15,35,67,74,12,11,12,12,15,17,19,16,21,21,21,25,22,14,18,47,37,57,19,21,26,39,24,23,46,40,40,11,11,12,60,56,104,14,20,14,28,33,45,40,41,36,19,13,19,11,22,20,15,18,17,23,17,11,25,14,20,22,24,22,38,35,26,14,11,19,15,15,18,19,16,21,62,31,75,17,17,22,11,18,11,11,13,18,20,23,16,43,39,88,28,32,25,54,33,35,27,34,27,20,18,17,20,24,19,11,16,16,16,28,11,11,18,11,16,22,11,19,20,13,14,25,11,11,23,11,18,26,25,37,43,29,33,38,34,11,26,14,15,22,12,22,23,17,24,32,15,28,34,27,11,26,14,17,21,18,13,20,11,24,17,11,17,25,16,29,28,22,57,47,48,11,23,11,11,12,11,11,19,13,11,25,14,39,102,110,11,20,12,11,43,18,11,17,11,13,30,15,15,23,15,56,38,20
33.75,31,27,26,38,51,66,46,36,52,23,12,21,26,28,22,19,11,26,46,30,52,34,14,28,22,11,17,24,13,25,28,21,29,31,21,33,21,12,20,21,18,26,59,36,38,17,13,21,36,11,20,42,29,44,19,13,23,31,61,75,16,16,22,25,13,13,16,25,23,61,46,48,18,19,20,14,14,17,25,22,15,38,68,82,11,11,13,17,16,18,17,15,21,23,23,29,21,15,24,47,34,56,19,22,26,34,28,21,48,39,34,11,11,13,58,59,105,13,22,18,28,32,47,42,41,35,19,12,20,11,23,23,17,15,21,29,16,20,28,23,22,23,29,21,38,35,25,12,12,18,16,16,21,15,18,20,59,27,78,20,22,30,12,19,11,11,14,21,19,20,15,48,42,88,24,35,23,52,32,32,25,34,26,23,23,16,25,19,20,12,19,17,15,28,11,11,21,11,18,26,13,19,22,12,15,25,11,13,19,11,13,30,24,39,43,27,31,33,31,14,22,13,13,20,13,23,28,18,22,31,17,30,34,22,11,26,15,16,23,11,18,22,12,26,15,11,18,23,18,28,30,18,61,53,47,11,24,11,11,13,11,11,21,11,11,25,17,38,105,113,11,25,12,18,41,21,11,19,11,11,32,13,14,21,13,56,38,20
34,26,23,27,34,45,65,47,33,52,24,11,25,28,26,27,17,11,19,46,24,53,32,14,27,18,11,18,28,11,21,25,19,24,26,20,31,18,11,18,25,16,28,56,38,34,20,13,18,35,12,17,38,30,40,19,16,18,34,58,74,20,17,26,24,12,11,16,20,24,60,43,45,18,20,21,17,11,14,29,17,18,35,69,76,11,12,11,15,16,19,16,17,16,24,18,24,19,16,16,42,36,54,20,23,21,39,26,25,47,36,37,11,11,12,59,57,103,12,21,12,31,34,44,39,35,35,14,13,17,13,20,24,15,12,19,26,14,14,21,15,19,27,21,21,38,35,28,12,16,22,12,16,16,17,18,21,61,26,74,21,25,25,13,17,13,11,14,18,15,21,15,44,44,85,26,36,20,57,28,33,24,34,24,24,26,20,20,27,17,12,17,13,17,26,12,11,19,11,24,21,13,21,20,13,12,24,11,15,21,11,18,27,19,32,41,23,29,38,33,15,26,12,16,20,16,22,29,16,28,27,19,29,29,28,11,29,14,18,27,15,15,19,11,25,13,11,14,20,14,26,24,17,58,50,43,11,23,11,11,15,11,11,22,11,11,24,11,37,98,109,11,20,13,16,37,19,11,15,11,11,28,11,18,23,13,58,37,21
34.25,29,21,25,30,55,60,51,33,56,26,12,26,29,28,25,17,11,22,44,28,55,28,18,26,21,11,18,30,15,26,27,20,27,27,22,31,20,11,22,24,16,25,57,41,37,12,16,15,37,11,22,43,29,45,21,15,24,29,59,76,18,17,19,24,13,13,18,22,21,61,43,46,22,23,21,13,12,14,23,18,16,38,69,79,11,11,12,18,11,20,18,15,19,19,21,25,18,11,19,45,32,59,18,26,24,35,29,18,45,38,39,11,14,11,61,58,113,12,18,13,32,32,47,39,37,36,14,13,17,12,22,23,14,15,20,25,11,15,23,17,17,27,27,24,37,39,27,16,15,22,13,16,16,19,21,22,63,26,77,19,25,27,14,18,11,11,11,14,19,22,11,47,43,91,24,38,19,54,34,29,22,33,24,18,25,16,21,24,14,12,21,14,14,31,11,11,15,11,20,25,15,18,19,14,12,26,11,13,19,11,13,28,22,36,42,24,30,33,34,14,27,12,12,20,11,17,27,11,25,28,18,28,35,26,11,29,16,12,23,11,17,20,11,23,14,11,18,24,15,29,35,22,58,54,42,11,25,11,11,15,11,11,16,11,11,27,14,40,99,114,11,19,11,16,42,16,11,13,11,11,24,13,14,25,16,58,43,19
34.5,31,23,26,35,51,69,48,35,54,22,11,22,29,29,24,15,11,23,47,32,54,30,20,25,21,11,22,28,12,28,26,20,25,27,23,33,19,15,18,20,15,25,61,38,40,17,17,19,39,11,20,43,28,46,19,12,21,30,61,78,16,14,21,26,11,11,19,23,23,64,43,46,20,24,18,19,13,19,24,25,17,37,68,80,11,11,15,17,15,20,18,16,19,18,21,22,23,13,23,44,37,63,19,20,22,34,27,20,49,39,41,11,11,12,60,60,108,14,19,14,29,32,46,42,40,37,16,12,20,13,17,21,16,12,17,22,17,12,28,20,20,23,25,23,40,33,27,16,16,20,15,20,18,16,17,24,65,28,81,21,23,28,12,17,12,14,15,21,16,20,11,49,51,94,23,36,20,55,34,33,27,28,25,20,25,17,19,21,14,12,21,15,17,31,11,11,19,11,21,26,17,20,19,14,16,27,11,13,24,14,17,30,22,36,44,27,31,38,31,11,25,11,14,20,11,24,27,15,26,29,16,26,34,25,11,32,15,15,25,18,14,16,11,20,19,11,21,23,19,29,33,23,62,49,49,11,27,11,11,15,11,11,21,11,13,24,14,37,100,108,11,21,11,17,39,23,11,20,11,11,31,11,17,27,16,60,42,18
34.75,27,26,26,33,49,69,46,36,57,24,11,23,31,28,26,14,11,22,48,27,56,31,18,26,19,12,22,31,12,27,26,22,23,29,22,33,25,11,24,25,16,26,57,36,40,16,15,16,39,14,19,44,30,44,19,11,19,29,61,74,16,15,23,29,12,14,18,23,20,62,45,44,20,20,24,14,17,17,24,21,21,36,72,78,11,11,11,15,11,19,13,16,19,19,20,28,17,12,20,48,34,64,17,20,25,35,26,26,46,38,39,11,13,15,63,61,109,11,20,12,29,33,46,38,40,35,17,11,17,12,19,22,14,13,19,23,11,13,23,18,18,23,26,22,35,34,25,12,17,21,12,17,16,13,21,17,63,28,83,17,22,28,11,21,11,11,14,19,17,20,14,49,44,93,26,32,26,52,39,32,23,35,26,22,24,20,18,19,16,15,20,16,18,29,11,11,18,11,22,26,14,16,19,14,15,25,11,11,21,12,13,26,21,36,43,26,30,35,33,14,24,17,11,20,14,22,25,17,23,32,15,26,38,28,11,27,14,11,23,13,17,19,11,24,19,11,19,21,15,29,34,24,64,51,48,11,26,11,11,14,11,11,20,11,11,26,14,41,112,112,11,23,11,15,38,18,11,18,11,11,28,11,17,26,12,57,42,19
35,25,26,26,33,49,66,45,37,54,20,15,22,31,32,24,15,11,20,50,31,56,28,18,26,14,11,18,24,11,22,22,18,21,27,23,30,19,14,18,22,15,26,55,35,36,17,19,18,33,14,22,40,30,43,17,11,18,27,57,73,13,17,20,27,14,13,19,23,24,62,47,49,19,20,22,15,14,16,27,20,17,36,72,80,13,11,11,14,11,15,15,18,18,24,20,23,18,17,21,42,38,62,15,24,21,36,27,24,48,36,37,11,11,13,63,61,110,13,23,14,25,33,44,37,40,38,13,13,19,11,24,23,16,14,19,25,11,15,25,19,19,24,21,23,37,38,27,14,12,20,12,15,18,15,18,20,60,27,81,22,19,25,13,20,11,12,12,20,15,18,14,45,45,91,25,35,18,54,32,31,24,35,22,18,21,18,21,23,17,14,18,16,19,28,12,11,16,11,23,24,17,18,18,14,13,23,11,11,21,11,16,22,20,37,44,26,30,34,34,11,25,11,14,22,13,20,26,17,23,32,19,32,40,26,11,27,15,13,22,12,13,21,11,28,15,11,18,23,19,26,31,19,61,51,47,11,24,11,11,16,11,11,16,11,11,24,14,38,100,110,11,22,13,14,41,18,11,19,11,11,24,14,13,25,11,59,34,21
35.25,27,23,23,34,55,69,50,34,58,24,11,26,30,31,28,14,12,22,49,31,58,30,20,22,16,11,16,25,11,25,24,19,25,24,23,31,21,12,20,23,14,23,58,43,42,15,17,18,38,11,20,44,36,46,24,11,20,32,58,77,14,16,23,27,16,13,19,18,23,62,45,49,20,23,18,15,17,14,28,18,18,38,70,77,11,11,11,17,14,18,14,17,16,17,20,25,17,16,19,46,37,61,17,21,23,32,31,21,50,40,41,11,16,13,62,62,111,15,18,18,30,30,49,41,37,37,17,12,18,11,20,21,13,11,18,23,14,14,23,16,18,21,23,22,37,38,27,13,13,17,13,17,17,18,19,19,66,31,86,19,27,25,11,21,11,15,12,21,14,20,11,44,49,91,29,39,24,54,28,30,26,33,25,21,26,18,23,23,19,14,19,16,17,25,11,11,20,11,21,28,16,20,21,11,13,24,11,14,21,11,14,26,20,32,45,26,31,33,32,14,29,17,14,20,14,21,29,19,27,30,19,32,32,28,11,25,11,13,28,13,17,18,11,24,15,11,18,19,16,31,31,24,60,56,44,11,29,11,11,11,11,11,17,11,11,22,11,36,103,111,11,23,11,18,40,21,11,14,11,11,32,11,11,23,12,56,41,22
35.5,27,23,28,38,50,70,50,40,58,28,11,27,36,30,31,19,11,23,49,32,59,29,21,28,25,14,22,29,11,26,24,25,26,34,20,32,24,15,23,25,15,28,53,39,38,13,15,15,38,14,24,45,31,42,20,16,21,32,60,77,20,20,23,26,14,13,20,21,26,64,44,47,22,24,23,15,17,18,28,19,22,40,68,80,11,11,11,15,15,14,15,16,20,17,18,24,22,19,25,50,38,64,19,23,25,38,29,24,48,37,38,11,14,13,61,60,117,11,22,13,31,34,48,42,36,37,21,12,21,16,22,24,15,15,23,22,17,14,26,18,19,27,25,23,40,37,25,18,14,25,15,17,18,17,17,23,69,30,86,19,24,26,11,20,12,13,15,20,16,18,15,52,50,95,28,35,20,57,34,37,25,34,27,21,22,17,23,21,19,15,20,18,17,27,13,11,20,11,26,29,18,21,24,17,14,30,12,15,20,11,18,25,23,33,44,25,30,33,30,12,29,15,12,24,11,22,27,21,25,31,18,29,42,29,11,31,18,11,24,15,18,24,11,22,18,11,16,22,17,26,28,25,62,58,49,11,28,11,11,12,11,11,18,11,11,22,11,35,107,114,11,26,14,17,44,19,11,15,11,12,30,15,15,26,12,58,39,19
35.75,31,26,27,36,50,66,48,38,58,24,11,27,33,32,30,14,11,22,53,31,60,32,19,24,17,11,21,29,12,25,26,21,26,27,18,29,23,17,17,20,15,28,57,41,38,16,16,20,34,12,19,45,36,45,21,14,24,29,62,72,15,13,19,29,13,15,16,21,25,61,45,46,19,19,22,17,16,18,24,17,19,35,70,76,11,11,12,17,18,18,15,14,21,20,20,24,24,12,21,45,38,65,19,24,26,35,29,20,47,40,37,11,11,12,63,61,117,13,23,15,29,38,49,44,41,39,20,14,23,12,22,23,17,14,20,25,15,17,23,18,19,22,27,23,40,38,29,13,13,20,17,20,20,21,24,24,65,30,84,18,27,25,11,19,11,17,14,20,18,19,15,51,48,99,24,35,22,56,33,33,24,31,28,21,28,18,21,24,18,13,21,14,20,33,13,11,21,11,19,28,13,20,18,16,16,24,11,14,22,11,18,25,22,42,46,27,33,38,33,15,29,16,15,21,12,21,30,16,27,30,22,30,40,28,12,27,18,13,29,14,20,23,11,22,17,11,19,26,20,32,30,25,62,50,47,11,28,11,11,14,11,11,22,14,11,25,16,41,103,114,11,21,11,16,39,18,11,20,11,11,29,11,15,21,14,54,41,21
36,29,23,31,37,54,68,53,39,64,23,11,25,32,29,26,17,11,22,50,34,58,32,18,27,20,11,19,28,12,24,25,21,26,27,20,30,18,16,21,22,13,24,55,37,41,19,17,19,40,14,21,42,35,44,17,13,19,31,61,76,16,15,18,29,15,15,20,23,23,62,50,49,19,19,24,21,15,19,25,23,16,43,68,80,13,11,12,15,18,18,15,16,23,21,22,29,22,13,22,48,41,62,18,22,26,37,24,26,44,41,35,11,11,14,61,67,117,18,19,18,32,31,53,48,42,42,19,15,25,15,18,22,18,14,23,26,16,18,21,15,19,24,22,23,39,37,30,17,12,23,14,18,18,17,23,22,70,33,84,21,22,27,12,22,11,12,14,21,19,21,15,50,48,93,28,37,25,54,34,33,27,32,27,26,25,21,21,21,17,15,24,16,19,32,17,11,19,11,21,25,16,17,21,16,13,25,11,14,21,11,18,28,25,35,49,28,31,36,33,14,29,14,11,23,13,24,28,17,32,31,20,31,37,26,11,30,17,15,25,15,12,21,11,28,18,11,16,25,15,28,32,22,61,51,49,11,25,11,11,12,11,11,17,11,11,24,18,35,102,108,11,27,11,18,42,19,11,15,11,11,32,13,12,22,12,60,36,18
36.25,28,23,30,34,51,69,51,35,58,22,11,24,34,28,29,18,11,20,49,32,59,29,17,28,16,11,19,25,12,21,21,23,21,26,19,31,20,11,16,22,16,26,60,43,41,16,14,17,38,11,20,43,31,46,18,12,15,32,59,77,14,15,18,22,13,11,20,18,23,68,45,48,22,22,22,18,15,18,28,20,22,38,67,76,11,11,11,16,11,17,19,18,20,22,22,28,19,12,21,45,40,58,18,22,23,38,29,25,45,40,37,11,11,12,66,60,119,15,18,15,33,29,50,45,36,40,18,14,20,12,16,21,17,11,18,28,14,12,26,16,16,20,27,25,39,37,25,16,12,20,16,18,19,16,21,20,69,28,83,18,23,24,16,19,11,11,11,17,16,19,11,53,52,97,25,35,22,55,33,33,25,28,24,23,30,20,22,22,17,15,20,14,20,28,11,11,17,11,23,27,14,15,18,11,14,25,11,14,20,12,14,25,20,41,46,25,33,37,32,17,29,15,17,21,13,25,25,13,32,31,18,31,38,28,14,23,17,16,28,15,17,21,11,25,16,11,18,22,15,29,33,24,62,54,44,11,29,11,11,15,11,11,18,11,11,24,11,36,103,113,11,18,11,17,42,19,11,21,11,11,26,11,15,24,11,59,38,19
36.5,29,25,28,36,52,69,51,40,59,21,11,25,33,35,30,14,11,20,51,32,61,26,16,21,19,14,21,25,11,24,26,26,27,21,19,26,17,11,20,21,11,24,58,39,43,18,12,20,37,14,20,46,30,46,22,13,18,31,60,72,18,16,23,28,17,14,22,24,23,59,44,48,21,25,23,14,16,14,27,23,19,39,70,81,11,11,11,18,18,21,14,15,18,22,20,25,20,15,19,43,36,62,15,21,21,31,27,22,48,46,38,11,11,12,61,65,118,12,18,13,31,31,53,43,42,40,15,11,19,12,19,23,16,14,20,25,12,16,24,18,17,26,22,23,38,41,25,12,15,21,13,17,13,15,20,20,68,33,88,20,23,26,14,16,14,11,11,16,15,23,15,51,53,95,26,37,19,53,35,29,23,32,20,22,27,20,19,26,15,16,15,15,18,32,11,11,19,11,22,28,13,16,18,14,11,26,11,14,24,11,15,27,21,34,43,26,31,34,35,13,25,11,16,23,16,21,28,14,26,31,20,30,36,30,11,26,15,11,27,14,16,21,11,26,18,11,17,21,18,29,30,23,64,57,51,13,24,11,11,17,11,11,18,11,11,25,13,39,102,111,11,26,11,18,46,21,11,21,11,11,32,12,12,23,12,57,40,17
36.75,27,20,25,35,52,69,52,38,61,25,12,26,33,30,29,17,11,20,51,31,64,27,18,23,21,11,21,24,13,25,24,22,26,19,18,28,22,12,23,20,11,24,62,44,45,15,15,18,38,11,22,46,34,47,20,13,21,31,59,73,13,17,19,25,16,12,23,21,28,63,42,50,18,21,21,16,13,14,24,19,16,39,72,82,11,11,12,17,14,19,15,12,19,22,21,30,20,16,19,53,39,68,19,26,23,38,28,23,44,38,40,12,11,12,68,60,122,11,20,16,29,34,56,41,41,39,17,13,21,16,18,24,19,17,18,26,13,13,18,18,15,21,24,21,39,39,29,19,12,20,13,16,14,15,20,18,72,32,92,17,22,25,11,17,11,13,11,19,15,19,11,52,54,100,28,36,23,53,35,34,26,33,26,20,21,15,23,23,14,12,20,17,16,32,11,12,19,11,22,30,15,19,20,11,11,23,11,14,19,11,12,25,18,36,42,24,31,39,33,13,24,11,11,20,12,25,26,14,27,31,20,31,45,28,11,29,17,13,23,11,18,18,11,29,17,11,13,22,15,28,30,22,63,51,47,11,25,11,11,15,11,11,18,11,11,27,12,37,104,110,11,20,13,16,40,21,11,22,11,12,25,11,17,26,15,62,41,21
37,24,24,22,34,52,69,53,38,61,25,12,23,29,34,29,15,11,21,51,31,62,27,20,22,21,11,18,24,11,25,22,19,31,26,18,31,23,15,21,22,15,23,60,41,44,17,13,19,37,11,22,44,31,45,19,14,19,31,63,80,16,15,24,25,16,14,15,16,22,65,45,50,18,20,14,18,14,16,26,21,17,38,70,78,11,11,11,14,16,15,17,17,18,22,16,29,21,12,18,48,41,66,22,20,23,33,25,21,47,38,41,11,11,11,67,65,120,12,18,11,32,39,52,42,42,41,19,11,21,13,22,21,19,11,20,22,13,13,18,21,17,19,25,18,42,36,26,15,13,23,17,16,17,19,18,20,71,30,92,17,20,25,15,13,11,13,13,18,17,19,11,50,54,99,21,32,22,53,34,31,22,33,25,23,26,17,25,24,19,11,20,11,21,26,13,11,15,11,20,27,12,18,20,11,11,26,11,13,22,11,16,27,22,39,43,24,31,36,35,13,25,12,12,20,13,23,23,16,28,30,20,34,40,25,11,21,15,11,22,11,15,24,11,28,21,11,12,26,12,26,35,22,63,56,48,11,22,11,11,12,11,11,17,11,11,27,14,40,103,112,11,20,11,15,46,19,11,20,11,11,30,11,14,25,11,58,40,20
37.25,29,19,26,36,48,62,55,40,60,22,12,22,35,33,27,15,11,17,52,32,65,29,20,25,19,11,19,22,11,21,25,19,28,25,21,29,20,11,18,16,17,21,61,40,43,15,14,18,36,12,21,47,31,49,18,11,19,30,62,75,16,15,18,26,15,11,24,18,20,64,48,49,19,21,19,17,12,18,26,18,14,36,67,80,11,11,11,15,15,16,17,16,18,21,18,26,21,11,21,47,37,65,18,23,20,34,29,21,45,37,36,12,13,16,66,67,124,11,21,12,34,33,50,43,38,41,11,15,15,13,22,19,18,12,20,26,16,16,28,20,19,20,22,19,40,37,29,16,11,21,12,15,15,14,19,18,69,30,92,19,24,20,12,20,11,11,14,17,15,19,13,49,54,99,28,38,25,58,32,30,23,28,25,21,29,16,19,22,13,14,19,14,19,32,11,11,17,11,23,24,17,20,21,13,11,24,11,13,23,11,13,26,18,33,48,24,31,32,31,14,26,12,13,20,15,22,32,17,26,28,18,31,39,29,11,25,18,11,27,11,14,18,11,26,11,11,15,25,16,27,29,20,65,55,51,11,23,11,11,16,11,11,24,11,11,26,11,38,103,113,11,22,11,16,36,18,11,14,11,11,28,11,16,24,12,56,37,21
37.5,28,20,24,38,54,69,57,44,64,21,14,23,30,34,24,18,12,21,52,31,63,33,18,25,20,11,17,25,11,23,26,21,28,24,21,29,17,11,20,17,15,20,60,43,43,20,16,20,40,11,23,47,31,48,18,11,14,30,61,74,16,16,20,28,13,12,21,21,23,64,45,47,19,21,22,17,13,18,22,25,17,35,68,77,12,11,15,17,17,20,14,16,18,20,19,27,22,15,18,49,40,64,19,24,26,32,25,19,50,38,40,11,11,13,71,67,124,12,21,14,29,37,48,39,44,42,19,11,23,11,20,21,16,11,19,27,13,17,22,23,18,25,28,24,39,37,29,15,12,21,13,13,17,20,21,26,68,30,97,20,24,30,12,20,11,14,14,19,18,20,12,49,58,102,23,39,20,58,36,34,24,32,26,24,25,18,19,24,15,11,16,16,21,34,11,11,14,11,21,28,14,16,19,15,13,25,11,13,22,11,14,29,20,37,46,27,24,35,28,11,28,11,17,23,15,24,23,15,28,26,22,32,41,29,11,27,16,11,25,12,19,21,12,25,20,11,15,23,17,28,33,24,65,59,52,11,26,11,11,11,11,11,18,11,11,28,11,41,105,114,11,23,11,13,47,18,11,18,11,11,25,11,13,24,14,57,38,17
37.75,29,20,24,36,53,67,55,41,68,27,13,27,34,35,27,16,13,18,52,32,64,30,20,26,20,12,18,27,11,25,29,20,28,25,19,28,23,12,20,22,11,25,66,39,46,17,13,17,38,11,21,46,28,47,18,13,16,31,59,75,19,14,22,27,11,11,20,23,18,59,45,52,22,23,22,18,13,17,25,23,18,41,70,83,12,11,11,16,16,18,19,15,21,25,23,29,19,15,21,49,45,66,22,22,22,38,29,23,47,40,40,11,11,15,71,69,129,16,21,16,32,34,52,45,45,43,17,11,24,11,21,23,19,14,16,24,19,13,27,15,22,26,22,20,41,43,27,12,11,20,17,15,18,19,22,24,76,30,94,19,26,26,15,17,13,11,11,14,18,19,13,53,54,104,26,41,21,62,35,33,26,30,26,24,24,22,23,21,15,16,19,13,21,30,11,11,16,11,26,31,15,17,24,14,13,25,11,15,21,11,16,27,21,39,40,26,34,36,34,12,24,18,13,18,11,22,27,15,33,30,22,32,40,29,16,23,18,13,22,15,18,25,13,27,19,11,19,25,15,34,34,26,66,54,48,11,24,11,11,14,11,11,21,11,11,24,11,40,107,111,11,21,11,17,38,19,11,22,11,13,31,16,17,25,14,55,40,21
38,28,17,29,29,55,67,54,41,67,24,11,24,30,32,26,15,11,20,56,31,63,28,17,24,20,11,19,22,11,23,25,18,26,27,23,29,22,11,19,19,11,17,64,44,44,18,15,17,39,11,21,41,31,49,21,14,20,29,64,76,17,14,20,25,15,13,17,19,25,66,49,52,18,20,18,18,12,16,25,19,19,34,69,77,11,11,11,15,15,17,16,16,15,22,18,26,21,13,21,46,40,65,18,22,21,34,30,22,48,40,38,11,11,11,67,66,126,14,20,13,31,35,50,47,42,46,17,14,22,11,23,17,17,12,15,24,13,11,20,19,16,26,28,24,42,38,27,11,14,18,12,16,14,18,19,23,72,29,94,22,25,26,15,18,13,13,13,17,19,16,14,49,58,101,25,42,21,56,36,29,26,31,26,21,25,17,23,21,19,12,19,14,20,31,11,11,19,11,25,26,14,18,21,11,11,24,11,11,23,11,17,29,19,37,47,23,34,33,32,12,29,11,14,18,13,22,26,16,29,30,21,35,36,27,11,30,19,13,26,12,20,20,11,29,14,11,16,21,16,28,32,22,65,53,51,11,27,11,11,15,11,11,16,11,11,25,12,39,106,107,11,21,11,18,43,24,11,18,11,11,26,11,17,25,11,55,46,17
38.25,27,21,24,35,51,70,56,42,69,24,11,25,31,35,25,16,11,18,54,33,63,31,20,21,20,11,17,28,11,28,22,19,22,26,19,29,16,12,14,25,18,27,65,43,48,13,13,16,38,13,22,45,34,47,20,11,20,31,60,74,19,18,23,24,12,11,20,24,19,65,48,54,19,22,21,17,13,21,26,25,15,37,69,79,11,11,11,16,13,18,18,18,20,24,19,31,18,16,21,50,42,69,21,22,22,34,28,20,51,39,39,11,13,11,68,68,131,14,16,14,33,37,53,49,45,46,18,11,22,15,21,24,17,17,18,21,11,15,19,15,14,25,24,21,40,39,29,15,15,22,11,18,16,14,22,19,67,33,94,19,25,27,16,17,11,12,11,21,18,20,16,51,55,101,26,39,26,60,38,34,26,31,28,20,26,17,25,20,18,11,20,13,20,31,12,11,23,11,24,27,17,18,21,16,13,22,11,15,21,11,15,23,19,35,45,25,34,36,32,13,27,14,11,19,12,22,28,15,31,28,27,37,39,34,14,25,18,13,21,13,18,22,11,31,19,13,15,22,15,32,34,26,66,59,53,11,28,11,11,11,11,11,19,11,11,27,14,40,106,114,11,20,11,18,40,17,11,17,11,11,23,13,13,22,11,56,40,19
38.5,27,24,24,36,51,70,53,41,68,20,11,20,37,36,29,14,11,19,52,35,67,30,21,24,18,11,15,26,11,25,23,22,24,27,18,27,18,12,20,19,16,22,66,43,44,15,18,15,41,11,22,47,29,47,20,13,20,31,64,77,16,15,22,24,14,11,20,22,25,65,51,52,19,23,21,16,13,17,27,19,18,39,69,82,11,11,11,14,13,15,16,17,18,24,20,28,17,13,19,50,40,65,20,24,23,37,28,25,50,43,39,11,11,12,69,68,128,11,21,14,29,36,49,41,45,42,16,11,23,11,22,18,13,12,18,21,12,13,23,21,18,25,24,23,36,39,28,12,11,24,11,17,13,19,23,19,72,30,97,19,21,27,11,23,11,11,11,18,13,22,15,55,57,99,29,38,25,60,30,35,22,29,24,18,25,18,22,23,19,15,18,14,21,32,13,11,17,11,24,29,16,19,17,12,11,30,11,11,23,11,15,26,21,35,46,25,35,36,31,14,21,12,15,21,13,22,25,16,27,28,20,33,43,27,11,27,17,11,23,11,16,23,11,27,16,11,17,20,18,31,32,25,66,52,51,12,24,11,12,15,11,11,17,11,11,23,16,36,102,110,11,20,11,15,43,16,11,19,11,11,25,11,14,24,11,54,38,20
38.75,27,22,24,38,51,71,60,46,67,24,11,25,32,36,27,14,11,19,53,36,66,30,22,25,17,14,21,25,11,26,24,16,24,25,21,33,23,13,21,20,15,22,65,45,47,14,16,18,34,11,20,43,30,50,23,14,20,34,59,79,17,18,22,26,11,14,19,21,22,66,50,54,17,22,22,13,11,18,23,25,15,38,69,81,11,11,11,12,16,14,19,16,18,20,19,26,19,13,20,50,41,65,15,22,20,36,28,24,47,41,33,11,11,14,72,69,134,13,22,13,32,35,55,49,42,45,17,11,22,11,18,17,17,13,18,24,16,16,26,21,19,25,24,21,40,36,24,17,11,21,16,21,16,16,18,24,73,36,99,18,20,24,13,19,12,11,13,18,16,22,14,54,57,103,22,38,18,57,38,32,27,35,28,21,28,14,23,23,17,13,17,14,20,32,11,11,15,11,24,29,19,17,22,13,11,25,11,15,22,13,13,23,19,37,46,26,31,35,34,16,23,14,16,20,14,22,26,16,28,33,18,35,44,33,11,24,15,11,22,12,19,23,12,27,19,11,16,26,15,31,36,26,65,58,53,11,21,11,11,15,11,11,18,11,11,22,17,40,104,112,11,19,11,18,43,20,11,19,11,12,27,14,18,21,15,59,38,20
39,29,25,26,40,57,72,55,46,72,23,12,23,39,34,32,15,11,22,53,37,68,31,23,24,18,11,17,27,11,23,25,23,23,27,17,30,21,11,20,21,15,23,69,46,47,16,13,19,33,13,22,49,30,49,22,13,22,36,62,75,17,14,21,25,11,12,18,23,21,69,51,56,22,22,25,13,15,19,28,22,20,36,72,80,11,11,11,15,16,18,16,15,21,24,21,32,20,14,19,53,43,68,21,22,23,31,23,21,52,43,38,11,12,15,74,72,133,13,16,17,35,38,55,46,42,42,14,16,21,11,21,23,16,14,16,24,13,17,23,16,17,23,24,22,41,38,32,13,12,19,15,19,17,18,24,22,73,33,104,20,25,32,11,20,11,13,13,22,18,25,17,56,58,104,26,38,27,56,38,31,26,29,29,22,30,23,24,22,18,11,18,14,18,35,12,11,18,11,22,35,16,19,18,11,11,26,11,11,20,11,16,23,24,37,43,26,33,39,36,18,24,16,16,20,17,25,28,15,32,34,23,37,42,34,11,30,19,13,27,13,20,21,11,27,19,11,14,23,17,29,28,24,71,55,57,11,26,11,11,15,11,11,21,11,11,25,12,39,104,110,11,23,11,15,42,19,11,17,11,11,25,11,19,21,16,60,37,21
39.25,26,22,28,32,54,69,61,45,71,25,16,25,36,39,34,16,11,20,52,40,67,32,23,28,21,15,20,23,11,23,26,23,30,25,20,28,20,14,21,19,12,24,63,48,47,18,15,19,39,11,19,45,36,50,19,11,16,34,65,77,14,21,19,26,15,12,16,22,22,65,50,58,19,25,24,19,16,18,26,25,20,40,69,79,11,11,13,14,11,18,14,18,19,21,20,29,18,15,20,55,45,72,20,18,24,33,28,24,53,42,41,11,11,12,71,71,134,14,20,13,34,39,57,46,41,48,18,13,23,13,19,25,16,13,20,18,11,11,22,17,18,19,19,24,39,39,25,16,12,22,16,15,18,16,23,25,73,34,105,23,22,27,13,21,12,14,18,21,17,23,16,54,59,104,28,40,26,56,32,35,25,34,30,24,26,21,24,22,18,12,19,12,22,35,11,11,20,11,27,27,18,16,19,13,13,25,12,13,23,11,13,28,20,37,43,27,31,38,33,14,27,14,12,24,16,28,29,21,29,32,17,37,47,29,12,26,23,12,24,14,18,20,13,26,25,11,15,23,16,31,38,24,68,59,48,11,24,11,11,14,11,11,16,13,11,25,11,38,103,112,11,21,11,17,39,17,11,18,11,11,31,13,16,21,12,61,41,22
39.5,28,28,28,34,54,68,60,46,71,27,13,25,37,36,30,19,11,24,57,35,65,30,19,29,19,12,15,28,11,25,25,21,27,31,21,32,20,13,19,23,13,24,65,46,51,15,15,18,38,11,21,48,35,53,22,16,20,35,62,76,20,14,24,25,14,12,20,23,21,68,50,57,23,20,19,11,11,16,24,20,19,39,69,81,11,11,11,15,13,19,16,14,18,22,17,27,19,15,21,52,43,72,20,23,21,33,25,19,50,45,43,11,11,16,72,71,129,16,22,20,28,36,51,46,48,46,16,13,21,11,23,22,15,12,19,25,15,15,20,18,17,20,22,23,42,42,26,12,15,22,12,16,18,15,16,19,77,34,103,22,23,24,12,17,13,11,11,18,15,22,11,57,58,110,25,39,19,59,40,34,25,31,24,24,28,21,24,23,16,16,19,13,19,35,11,11,19,11,23,25,16,18,14,11,11,25,11,11,21,11,13,25,18,36,42,28,34,33,34,13,26,15,12,22,12,23,26,16,30,34,22,33,40,29,11,31,20,11,22,13,14,25,11,24,18,11,17,25,19,33,34,27,69,61,53,11,25,11,11,12,11,11,14,11,11,25,11,42,104,111,11,18,12,17,41,20,11,20,11,11,32,11,11,25,11,55,42,18
39.75,27,24,28,36,52,71,59,45,72,21,11,22,38,38,30,11,11,20,54,36,60,29,17,25,19,11,20,27,11,24,22,17,25,24,19,26,18,13,20,20,14,23,59,47,46,15,13,17,34,12,18,46,37,48,20,14,20,31,62,77,15,14,20,24,12,16,18,18,22,70,49,59,21,22,23,20,15,23,26,24,18,38,67,78,13,11,11,12,12,18,17,17,19,23,20,32,18,15,17,52,46,73,17,25,22,35,28,21,53,39,40,11,12,11,69,72,134,11,21,14,36,37,58,41,48,42,17,14,22,11,20,20,17,15,18,28,11,19,25,19,19,18,25,22,41,42,29,14,15,18,13,16,19,14,19,23,78,31,105,18,20,26,14,17,12,14,12,20,17,21,17,52,55,106,27,36,22,56,39,33,25,34,28,22,26,19,21,23,17,11,18,11,23,28,15,11,22,11,24,31,16,17,19,12,12,27,12,13,23,13,14,28,22,39,46,26,29,34,31,11,24,13,16,22,14,24,25,18,29,30,21,31,41,31,11,27,17,14,21,14,15,20,11,26,16,13,20,23,19,30,35,24,64,57,53,11,21,11,11,11,11,11,16,11,11,22,15,38,103,110,11,19,11,15,42,18,11,12,11,11,27,11,18,24,13,60,42,21
40,29,20,25,35,52,69,63,44,74,24,11,22,38,34,29,16,11,17,57,35,65,30,17,22,19,11,15,29,11,23,26,19,26,29,22,28,21,13,16,24,17,24,66,46,44,16,12,17,42,13,20,52,30,47,24,11,22,32,66,75,18,14,22,27,15,15,23,20,22,72,47,57,24,21,20,18,11,16,29,23,12,39,69,81,11,11,11,17,17,17,16,12,22,21,22,28,24,11,20,54,45,69,18,22,21,38,30,23,52,42,39,11,13,12,71,75,134,18,19,14,35,34,52,45,47,42,18,11,23,13,20,20,17,15,17,25,14,11,27,16,21,21,20,19,44,41,31,17,13,22,15,16,18,18,16,18,76,32,103,18,21,24,14,20,11,15,15,20,20,19,14,55,53,103,28,38,19,61,38,33,26,29,26,22,28,16,27,23,18,16,16,15,26,30,11,11,18,11,30,28,20,17,17,11,11,23,11,14,20,11,13,23,16,38,44,28,33,38,30,14,26,15,18,19,18,20,29,15,33,33,24,40,43,30,14,29,18,11,20,12,19,17,11,27,15,13,20,20,18,30,33,24,71,58,54,13,22,11,11,11,11,11,17,11,11,27,11,39,100,113,11,17,11,19,43,16,11,15,11,11,26,13,16,28,13,57,37,16
40.25,27,20,22,37,53,69,61,46,75,26,11,24,40,37,36,15,11,21,54,41,64,32,21,28,18,11,16,22,11,22,25,18,27,29,21,30,18,13,19,20,14,24,69,48,49,14,13,18,42,12,23,47,33,47,20,12,18,31,66,74,12,18,19,23,13,13,21,23,20,69,51,58,21,18,23,15,15,17,26,23,17,38,75,86,11,11,11,14,14,16,12,18,18,21,19,29,22,12,20,51,39,73,20,23,21,36,29,24,48,39,34,11,12,16,72,72,137,11,21,11,32,37,53,47,44,46,19,11,21,13,20,22,19,16,21,23,14,13,18,17,16,20,25,19,42,42,32,16,13,21,11,14,15,18,20,26,76,34,108,19,23,25,11,20,11,11,13,18,19,20,15,57,55,109,26,39,22,61,40,31,22,32,27,20,29,19,24,23,16,13,18,16,20,34,12,11,21,11,27,30,20,17,19,14,11,21,12,12,23,11,15,24,22,38,48,27,33,38,32,11,23,11,11,21,11,22,31,17,28,33,24,33,40,30,11,25,17,11,23,11,23,23,15,25,18,11,18,21,19,32,34,25,69,59,56,11,26,11,11,15,11,11,17,11,11,26,14,42,102,113,11,22,12,16,45,18,11,17,11,11,22,11,14,25,12,58,38,20
40.5,29,27,24,39,53,74,61,50,73,25,15,25,42,42,32,20,13,19,57,41,70,34,25,27,20,11,20,27,11,29,22,20,22,25,21,31,22,11,20,23,12,23,67,47,50,16,13,19,41,11,23,50,33,51,17,13,17,30,58,77,20,17,24,26,14,13,21,19,20,68,50,60,22,22,22,19,14,18,26,23,15,36,66,78,11,11,11,16,11,19,17,14,20,21,20,30,23,12,18,55,49,73,16,21,25,36,32,25,56,40,41,11,11,11,76,74,136,11,26,13,34,43,58,47,48,44,18,11,23,15,19,21,15,13,19,22,11,12,28,15,18,21,22,20,40,43,29,14,11,17,11,17,15,17,16,20,78,31,108,18,25,27,14,20,12,13,11,19,19,19,18,55,55,108,25,39,22,62,39,35,29,32,29,20,23,19,24,21,18,13,21,15,27,36,17,11,15,11,27,31,23,22,15,14,11,21,11,14,21,11,16,20,23,35,42,28,32,38,32,13,21,12,16,17,14,26,27,19,31,28,25,36,46,33,12,24,15,12,19,13,18,26,12,30,19,12,17,21,18,35,35,22,71,62,52,11,26,11,11,11,11,11,15,11,11,22,12,39,102,114,11,23,11,20,44,22,11,20,11,13,28,13,18,24,11,58,40,23
40.75,29,20,28,36,55,70,59,48,77,21,11,25,41,37,33,15,11,22,57,36,72,32,22,26,20,12,19,21,11,25,24,18,31,25,19,35,19,14,18,22,16,26,72,49,53,19,12,23,41,11,20,53,34,53,19,11,23,34,63,79,17,13,18,23,11,11,16,22,20,71,51,60,23,18,23,18,14,20,25,22,19,38,69,80,12,11,11,19,13,18,17,18,16,23,21,31,18,17,18,56,43,74,20,22,23,34,29,20,47,44,36,11,14,16,74,76,141,17,20,18,36,34,55,48,48,48,20,11,24,11,17,23,17,11,20,29,16,19,25,16,21,20,23,22,39,43,28,17,11,26,14,14,18,14,21,19,79,35,107,18,25,25,16,19,12,12,14,19,20,21,15,59,54,105,26,42,20,60,36,35,22,29,24,24,30,17,19,25,13,14,20,14,21,33,15,11,16,11,24,30,18,20,15,16,14,23,12,12,23,11,15,26,18,41,47,29,33,37,36,13,25,14,16,22,15,27,29,19,35,35,21,32,46,31,13,31,19,13,24,13,19,22,11,25,12,11,15,21,17,31,37,23,71,60,60,11,25,11,11,14,11,13,21,12,11,26,15,43,105,112,11,20,11,14,43,19,11,21,11,11,30,11,17,24,14,59,44,20
41,28,27,24,44,53,71,61,51,76,20,11,22,42,38,30,17,11,20,58,37,67,36,20,27,22,11,18,28,12,24,26,17,23,25,20,27,22,11,17,23,11,25,69,45,46,19,15,18,44,11,20,50,37,49,23,14,22,34,61,77,21,17,24,28,12,13,21,20,23,71,52,60,23,22,25,21,14,18,32,24,17,44,69,83,11,11,12,13,15,15,18,13,17,26,23,29,19,15,20,58,45,75,19,20,18,38,28,18,50,42,39,12,11,13,79,74,140,19,18,14,39,35,61,52,48,46,21,15,24,11,18,19,18,13,18,24,14,15,22,18,15,23,21,20,46,42,30,16,16,20,19,18,17,19,20,21,83,35,109,23,22,27,11,15,11,11,11,13,21,21,17,56,53,105,26,35,21,65,37,30,28,27,28,28,29,20,24,23,20,15,19,14,22,32,13,11,16,11,24,30,17,22,16,13,14,20,11,14,24,11,16,22,21,41,47,26,36,34,34,17,21,16,16,16,14,29,25,18,35,34,21,41,44,30,11,29,18,15,23,13,23,23,11,27,14,11,18,21,17,35,34,24,75,65,58,11,25,11,11,14,11,11,18,11,12,23,12,43,103,111,11,18,11,18,42,15,11,15,11,11,24,13,17,26,15,61,42,17
41.25,29,26,25,37,56,70,67,52,81,27,18,20,41,48,32,17,11,21,60,39,77,33,24,27,19,13,19,21,11,18,21,20,22,32,17,26,22,12,22,19,12,25,72,52,53,15,11,19,36,13,18,50,34,50,25,11,25,32,60,74,15,17,18,26,11,13,17,20,24,68,47,60,20,22,20,17,11,18,27,18,16,38,64,80,13,11,14,15,15,16,16,16,18,20,19,30,23,11,21,54,47,71,12,22,14,33,25,21,55,39,43,11,11,12,77,78,143,17,19,17,34,42,57,44,49,44,19,12,23,11,17,22,15,17,19,24,11,11,21,20,17,22,21,21,42,43,32,13,11,20,13,16,18,18,17,21,76,31,109,23,21,24,12,15,12,11,11,16,20,21,19,58,54,111,31,39,24,61,41,34,24,34,30,19,24,20,23,26,14,11,17,15,24,36,15,11,18,11,27,25,18,19,17,11,11,25,11,11,22,11,16,22,20,39,44,26,28,35,30,12,22,16,14,15,11,28,26,20,32,31,24,36,45,30,14,29,21,13,18,14,21,20,12,22,25,11,18,17,17,36,30,24,73,62,56,12,22,11,11,11,11,11,15,11,11,25,12,38,107,110,11,22,12,19,45,22,11,17,11,11,27,11,14,27,13,56,45,20
41.5,32,28,24,36,53,71,65,54,80,27,13,26,38,48,34,18,17,18,61,40,74,36,21,30,27,12,18,27,11,24,25,20,26,28,17,27,18,11,20,25,11,23,73,52,51,18,11,17,41,12,21,52,35,45,18,11,21,33,58,76,15,14,24,30,11,17,19,15,25,72,55,60,21,22,25,19,12,19,29,20,18,37,72,82,11,11,11,22,11,19,15,14,18,23,17,29,23,13,19,54,45,75,23,19,23,35,27,22,52,41,38,11,11,11,76,76,140,16,17,15,40,43,63,53,48,46,19,11,21,11,18,21,19,14,21,24,11,17,24,14,20,22,23,22,44,42,29,17,11,24,13,13,16,20,15,26,81,35,110,24,19,28,12,19,11,16,12,19,19,20,14,61,56,111,28,41,23,63,38,32,31,36,33,24,22,21,25,19,16,18,14,15,27,35,15,11,17,11,25,27,16,18,20,16,14,22,11,12,18,14,18,21,20,38,41,28,31,39,30,15,19,14,17,19,16,22,25,15,32,32,22,43,51,35,12,25,20,11,17,11,19,18,11,30,26,14,18,18,15,37,33,28,72,59,56,11,23,11,11,19,11,11,13,12,11,20,11,39,102,109,11,28,11,18,46,21,11,16,11,11,26,11,18,24,12,58,39,17
41.75,27,24,20,41,58,71,70,53,81,24,13,21,48,41,34,17,12,24,61,45,72,34,20,25,19,11,13,31,11,25,27,18,25,29,17,28,22,12,21,22,14,26,73,50,54,18,17,20,41,13,23,52,39,49,24,12,21,36,66,80,19,17,21,31,15,14,19,21,23,75,50,60,20,21,24,15,11,17,29,21,19,36,69,83,11,11,11,18,17,18,13,18,14,22,22,29,23,13,19,57,44,78,18,20,20,34,29,17,57,43,40,11,11,12,79,78,143,11,24,11,37,38,62,49,49,47,20,14,23,14,21,20,18,19,19,29,14,18,22,20,19,25,26,22,49,41,31,13,12,19,18,19,18,18,21,22,80,30,111,21,29,23,13,23,15,13,14,18,22,18,17,63,60,115,30,42,22,60,40,30,25,36,25,23,28,18,22,21,14,12,17,15,22,31,11,11,21,11,24,25,18,18,20,12,15,24,11,13,21,11,16,23,17,34,48,25,35,34,34,14,26,16,14,26,15,24,29,20,33,35,24,42,48,32,12,27,19,12,23,12,20,22,11,27,19,13,16,23,16,38,33,29,78,64,55,15,27,11,11,15,11,11,17,11,11,23,13,45,105,113,11,23,13,19,46,20,11,18,11,11,26,12,18,23,13,53,41,16
42,30,25,23,36,50,68,65,52,76,24,16,23,41,47,32,19,14,18,60,38,73,35,24,25,20,11,16,26,11,23,28,20,27,27,19,28,21,11,15,20,11,20,75,51,51,17,11,17,41,11,22,51,37,48,20,12,21,36,61,78,21,11,22,29,11,14,21,18,23,72,50,58,21,24,21,13,11,13,35,19,20,39,67,80,11,11,11,18,11,21,18,12,17,23,18,27,24,14,20,59,46,74,24,17,24,34,28,19,54,36,41,12,11,12,79,75,142,16,21,15,36,44,58,51,48,43,21,11,26,17,18,23,19,15,20,25,13,13,24,18,18,25,23,24,45,42,29,19,11,22,14,15,15,16,18,20,77,33,112,19,20,25,15,18,14,13,12,19,19,21,14,63,58,111,27,37,21,64,41,34,26,29,28,23,26,20,23,21,16,19,15,15,27,38,16,11,14,11,26,26,19,22,18,14,15,24,11,13,19,12,19,25,20,37,39,27,34,34,32,16,17,13,14,15,13,26,24,21,34,32,27,37,49,34,11,27,18,12,20,13,21,23,11,25,24,12,18,20,17,36,28,26,75,65,58,11,24,11,11,13,11,11,14,11,11,21,15,39,106,108,11,23,11,22,40,18,11,19,11,15,29,15,17,23,12,58,44,16
42.25,27,22,24,42,52,73,69,54,85,24,18,25,41,45,31,19,11,19,61,40,74,42,21,28,26,13,17,32,13,29,31,18,29,28,19,28,25,13,18,23,14,21,73,48,54,16,13,19,44,11,25,55,37,54,21,11,21,38,63,82,17,17,19,27,15,14,18,19,23,74,53,62,24,23,21,17,13,19,32,22,19,43,69,82,11,11,11,19,13,19,19,16,22,26,20,33,18,14,19,64,49,79,20,23,22,37,28,24,55,43,51,11,12,17,78,78,144,12,23,14,37,42,59,55,56,46,22,16,24,11,16,18,18,17,20,26,14,15,26,15,19,20,21,18,43,40,29,11,11,21,14,17,20,18,22,21,84,37,115,21,19,25,16,21,14,14,13,19,18,19,15,65,55,116,25,37,23,63,39,32,29,34,27,28,27,20,24,24,17,18,12,21,25,37,15,12,14,11,26,30,17,18,20,13,19,24,11,14,23,11,18,23,21,38,46,27,34,40,35,14,26,14,14,19,13,27,27,19,32,36,21,42,48,35,16,31,24,14,21,14,19,22,11,26,24,12,20,25,16,38,38,25,76,62,60,11,27,11,11,13,11,11,15,11,11,23,12,41,104,110,11,24,15,20,43,22,11,14,11,11,28,15,18,25,13,61,36,25
42.5,31,21,19,42,57,70,73,55,87,30,12,24,45,41,32,21,11,22,66,40,74,34,18,24,26,12,20,24,11,18,31,22,26,30,18,30,23,11,19,24,13,23,70,51,49,17,12,20,37,13,19,55,37,45,22,12,20,37,62,78,22,18,21,32,12,13,22,23,23,80,53,62,23,21,21,19,14,16,33,24,20,44,67,83,13,11,12,17,13,17,16,16,18,27,22,31,26,13,21,60,49,74,24,21,24,37,26,21,59,38,43,11,11,11,84,78,146,16,19,16,38,39,56,50,52,45,21,16,21,16,18,24,17,14,17,34,16,16,25,15,16,23,21,20,50,37,29,18,12,22,14,17,16,21,22,24,82,34,116,18,21,23,11,18,11,15,12,19,22,19,16,60,53,113,37,36,24,62,37,35,31,32,28,25,28,20,28,26,17,14,17,15,23,32,13,11,20,11,30,29,22,19,21,12,16,24,12,16,24,11,20,27,23,41,45,27,34,37,34,12,26,13,13,24,11,26,29,17,35,32,26,41,44,33,11,30,15,15,25,12,23,21,11,27,20,11,20,19,16,39,31,24,81,61,61,15,26,11,11,15,11,16,13,11,11,20,11,36,102,111,11,22,11,16,44,17,13,18,11,11,28,11,16,20,16,57,41,18
42.75,31,23,26,39,57,70,69,56,87,27,11,26,46,41,34,15,11,21,66,42,74,34,20,29,26,11,19,29,11,24,27,19,24,30,16,28,21,11,17,23,15,20,74,50,55,19,11,17,43,12,22,54,35,52,22,13,20,35,59,78,19,17,18,26,14,12,20,23,19,76,54,61,25,20,22,18,14,16,32,24,21,42,67,81,12,13,12,17,17,17,15,16,19,26,20,32,23,13,17,59,51,75,19,22,18,38,28,22,59,46,45,11,11,13,83,77,147,15,18,16,39,37,61,53,48,46,19,17,25,15,21,24,17,15,19,26,14,13,31,14,18,25,26,21,47,43,34,16,17,19,13,16,13,19,23,17,82,33,115,21,24,25,12,21,11,13,12,17,20,20,13,67,59,115,30,40,21,63,38,35,30,31,29,24,27,22,21,26,15,17,21,15,25,35,16,11,18,11,30,31,18,19,17,15,17,23,12,19,20,11,19,27,19,41,48,23,36,36,35,14,26,12,18,23,18,28,30,21,35,35,24,43,45,35,12,29,18,14,22,11,21,17,12,25,17,11,20,23,18,36,38,24,76,65,59,11,22,11,11,17,11,11,17,11,12,24,13,40,98,109,11,22,12,17,47,18,11,18,11,12,27,13,17,23,13,59,39,21
43,28,21,20,36,55,67,72,55,89,28,11,24,43,42,32,16,11,20,60,43,72,34,25,30,22,11,18,28,13,26,27,20,26,28,19,28,26,12,22,23,17,24,79,53,54,18,16,19,44,13,20,53,39,50,21,13,19,34,63,79,20,13,21,30,14,17,22,20,20,80,56,66,21,23,20,19,16,20,30,24,17,37,72,82,12,11,11,20,15,18,15,13,15,27,24,36,20,17,17,58,46,74,18,22,19,33,28,21,58,38,44,11,11,12,82,80,150,15,21,12,38,39,58,53,50,49,19,11,22,14,18,21,20,15,18,27,12,15,25,19,14,23,24,21,47,47,29,19,14,25,18,16,17,16,19,17,84,34,115,24,23,23,15,19,11,16,11,21,22,16,16,61,59,113,29,42,24,61,37,35,29,33,28,25,28,24,23,24,15,15,18,18,23,36,11,11,17,11,26,35,19,19,18,11,13,24,11,13,19,11,16,27,19,44,46,24,36,37,31,14,24,12,17,22,13,29,30,19,39,34,28,41,48,36,13,27,20,14,23,11,20,21,11,31,21,11,21,19,21,33,35,22,76,59,60,11,23,11,11,15,11,11,13,11,11,22,11,40,102,112,11,23,11,22,43,23,11,19,11,11,26,11,20,28,18,61,44,20
43.25,31,24,27,37,55,73,67,50,85,25,11,24,45,44,36,19,11,19,66,42,81,33,21,25,20,12,19,27,11,22,29,17,23,27,17,23,22,11,20,18,15,21,78,52,51,17,17,17,41,11,18,56,39,51,22,12,21,35,66,77,21,15,18,27,13,13,18,20,22,76,53,64,18,20,20,19,14,17,32,24,22,41,69,82,11,11,11,19,15,18,20,13,17,25,19,27,18,12,18,58,47,75,18,22,21,37,25,25,53,39,38,11,11,14,83,81,149,16,17,15,41,41,59,48,52,45,19,11,21,11,21,19,16,13,18,24,11,12,23,16,15,24,23,17,47,47,32,12,11,19,15,14,16,21,22,20,78,37,116,23,22,25,16,18,13,11,12,14,18,19,14,64,58,114,26,37,22,59,39,35,31,32,28,24,28,21,25,21,20,17,16,18,26,37,13,11,19,11,29,27,20,16,19,15,12,21,11,12,18,11,18,24,18,37,47,23,34,38,32,13,21,13,15,16,14,28,31,17,39,36,28,41,49,33,16,26,22,11,22,11,19,25,11,25,19,13,19,18,18,38,36,26,74,64,61,12,25,11,11,14,11,11,19,11,11,23,11,39,107,109,11,19,11,18,45,19,11,17,11,11,26,11,17,27,11,55,41,16
43.5,33,27,24,34,54,65,72,56,85,23,11,21,45,43,37,22,11,21,66,43,77,34,21,26,20,11,20,28,11,26,22,20,25,27,20,25,22,12,19,24,18,26,75,55,55,17,15,17,44,12,22,54,37,52,21,15,19,29,64,77,21,15,17,29,15,15,23,20,22,77,56,65,22,20,24,18,12,17,33,23,22,41,73,79,11,11,11,15,15,15,15,18,19,23,19,29,22,14,19,58,49,77,22,22,20,37,30,20,54,45,43,11,11,11,80,82,149,16,19,14,34,37,60,56,50,44,15,15,20,11,21,22,19,15,19,29,11,15,25,14,17,24,24,19,51,44,34,16,11,23,17,17,18,18,20,18,83,37,116,23,25,30,15,17,11,12,12,16,17,23,13,67,60,116,29,38,25,59,36,32,29,34,29,24,26,17,24,23,16,14,19,18,27,36,15,12,20,11,29,31,19,21,18,16,11,22,11,15,18,14,18,29,20,44,48,26,34,35,35,13,25,14,16,21,14,26,28,18,36,38,27,44,46,38,12,31,20,11,20,11,24,20,14,33,20,11,16,24,13,36,38,25,76,69,56,15,22,13,11,13,11,11,15,11,11,19,11,41,106,113,11,24,12,22,44,21,11,17,11,13,27,12,16,30,11,63,39,20
43.75,35,23,26,39,54,69,75,55,92,29,12,23,49,42,40,21,11,23,64,42,77,37,21,28,22,15,16,32,11,24,24,21,23,32,19,29,23,11,21,27,18,26,76,55,53,19,17,17,41,12,23,59,37,52,17,14,18,33,63,77,20,20,21,31,11,13,19,18,20,79,57,72,23,20,18,20,16,18,30,23,19,42,66,84,11,11,11,19,12,18,20,16,20,28,21,31,22,14,24,63,51,81,25,23,23,35,28,24,56,42,41,13,11,14,84,85,150,16,17,15,36,40,57,55,51,48,17,12,24,11,21,17,18,15,18,25,12,11,25,16,16,22,21,23,46,46,30,16,11,21,15,19,17,14,18,20,82,35,123,25,24,26,16,18,11,17,13,18,22,20,17,66,64,118,34,37,26,60,36,37,25,31,25,26,29,22,23,28,15,16,19,18,26,36,11,14,20,11,28,32,22,17,15,13,14,26,11,12,19,11,17,24,18,46,50,26,38,34,34,13,20,15,15,21,14,25,27,19,37,36,25,43,51,39,11,32,21,11,20,11,20,24,11,27,16,12,16,22,15,36,37,24,74,68,60,11,29,11,11,15,11,11,16,11,12,23,12,41,103,112,11,23,11,20,42,18,11,18,11,11,30,12,15,23,11,60,39,17
44,32,23,24,39,52,67,73,52,89,28,11,27,42,42,34,20,11,14,62,46,77,32,21,23,21,12,15,24,12,21,23,21,20,26,16,30,21,13,19,21,15,21,78,55,54,16,15,18,40,13,21,59,37,54,22,12,17,31,57,77,19,17,22,28,11,11,20,19,21,77,55,67,22,22,21,18,12,18,30,24,20,38,71,79,13,11,13,17,11,16,13,14,17,26,21,30,25,12,21,65,50,79,16,20,18,31,25,18,61,42,45,11,11,13,84,83,152,13,20,11,37,39,58,58,53,47,22,17,23,11,20,19,15,14,15,28,11,16,23,15,17,24,17,22,45,45,30,14,12,17,13,18,16,20,18,20,79,35,116,22,21,30,14,17,11,11,16,15,18,18,12,64,60,121,28,41,22,66,39,35,29,32,30,25,36,20,30,20,19,14,20,13,23,36,13,11,23,11,26,29,21,18,20,11,15,23,11,14,19,11,15,19,14,40,44,28,34,37,33,14,24,11,17,19,16,27,33,16,41,35,31,44,47,37,16,29,24,12,20,11,21,23,12,26,16,11,16,21,14,35,36,27,75,59,58,14,21,11,11,15,11,11,19,11,11,23,11,38,103,110,11,23,13,21,45,19,11,14,11,11,24,11,14,24,13,58,40,19
44.25,33,21,26,39,52,68,68,53,90,27,11,24,47,40,37,16,11,16,69,48,78,33,23,27,20,12,16,27,11,27,29,21,25,23,20,22,20,13,19,21,16,25,79,54,54,14,16,17,41,12,19,54,39,54,22,11,27,33,63,78,18,17,24,29,14,14,22,21,23,73,58,68,21,17,17,17,16,19,32,29,19,36,69,79,11,11,12,18,14,20,18,17,19,28,22,34,20,14,19,61,55,79,26,25,23,33,26,19,56,42,44,11,11,11,84,85,158,13,18,13,41,39,62,54,51,48,21,16,23,11,19,18,17,16,17,24,13,11,19,19,19,21,19,23,48,46,31,13,12,20,13,16,14,18,22,22,79,35,118,18,19,27,13,19,11,11,11,16,13,17,12,65,59,118,28,41,21,62,37,33,27,37,29,24,29,21,24,25,17,14,20,18,26,35,13,11,17,11,27,30,18,20,23,12,14,25,11,12,25,12,15,27,24,36,47,25,33,41,33,14,25,14,16,21,15,28,27,21,36,35,30,40,48,37,13,31,20,13,22,12,21,24,11,26,16,11,16,22,15,39,34,27,78,64,61,11,28,11,11,17,11,11,14,11,11,23,11,39,104,112,11,24,11,18,41,18,11,19,11,12,28,14,19,27,14,54,42,18
44.5,32,20,24,41,53,71,72,51,91,24,11,19,51,46,35,16,11,14,67,47,76,35,21,21,22,11,13,26,11,20,31,21,26,26,17,25,21,14,16,22,13,22,79,52,55,16,13,18,42,12,21,59,36,49,20,11,20,35,63,79,19,17,22,26,11,11,21,20,19,77,54,67,23,22,17,16,13,16,32,29,19,39,71,81,13,11,11,20,13,14,14,11,16,20,19,27,20,12,18,65,52,77,19,15,18,37,26,20,64,42,45,11,11,13,87,82,158,11,17,14,37,41,64,58,50,46,19,15,21,14,15,17,19,18,16,24,11,12,23,16,18,25,19,21,50,41,30,12,11,18,12,15,14,18,20,24,81,36,121,22,23,27,11,19,11,16,11,19,16,22,14,71,60,121,34,39,27,62,36,32,30,30,30,22,24,23,22,22,13,16,16,15,26,35,14,11,18,11,25,31,15,19,17,13,11,23,11,20,17,12,16,26,14,43,43,28,37,35,32,12,22,11,16,21,15,20,25,17,39,38,27,43,52,37,11,26,19,14,21,11,25,20,11,26,24,11,21,17,15,42,40,28,78,67,58,11,27,11,13,12,11,11,12,11,11,18,11,40,103,113,11,21,11,17,47,21,12,17,11,11,29,11,15,26,11,55,43,19
44.75,27,20,24,38,55,71,72,57,94,23,11,25,51,46,41,18,11,17,65,40,77,34,20,25,23,11,20,28,11,25,26,22,27,29,18,26,20,11,20,23,11,24,76,54,54,16,12,17,42,11,23,54,44,53,20,11,18,35,60,77,20,16,21,28,11,11,19,19,20,77,52,65,19,25,19,19,12,16,30,24,19,38,71,79,15,11,14,16,12,16,16,13,19,27,21,30,23,15,20,61,50,76,18,21,19,36,26,21,57,44,42,11,11,13,86,82,160,15,21,17,37,43,63,54,53,45,23,16,25,11,15,18,20,13,20,25,11,11,21,18,17,21,22,22,46,44,28,14,11,20,11,16,15,14,19,17,84,36,121,16,20,21,16,17,15,15,14,18,18,22,14,65,61,120,31,39,22,61,37,31,22,30,24,29,27,22,26,23,18,14,14,11,24,41,16,11,14,11,24,33,14,15,18,11,15,20,11,14,19,12,19,26,19,45,46,28,34,40,34,17,22,16,15,19,13,22,25,16,38,36,27,46,53,35,12,30,20,14,18,11,21,26,11,26,19,13,15,23,14,42,39,28,78,62,61,11,25,11,11,11,11,11,14,11,11,19,11,39,102,111,11,20,12,25,44,22,11,21,11,11,25,12,20,22,15,60,42,20
45,26,25,22,39,56,71,76,58,93,27,15,23,46,53,39,19,11,19,68,40,84,37,20,26,23,11,16,25,11,24,25,20,24,27,20,31,23,15,22,22,12,23,82,57,60,19,11,15,41,11,20,54,37,54,26,11,20,35,64,77,23,11,21,26,11,11,18,15,19,75,56,68,21,22,21,19,12,25,32,22,21,39,68,76,12,11,11,17,13,19,18,14,17,25,18,32,17,12,16,63,51,80,23,18,20,35,25,18,55,44,44,11,11,14,88,86,158,14,17,16,34,45,60,55,57,47,23,11,21,11,13,16,14,13,11,25,11,13,24,12,18,21,18,18,45,48,34,15,11,19,11,17,13,17,18,18,82,33,120,23,17,26,15,16,11,13,11,18,17,16,13,67,60,120,29,38,23,60,37,32,23,32,27,23,25,18,25,18,17,14,11,12,29,42,14,11,16,11,23,29,16,21,17,11,11,19,11,16,15,11,17,21,15,44,42,24,35,43,32,13,20,11,13,24,11,28,26,14,36,35,31,41,51,31,11,28,21,15,13,13,19,22,11,30,25,11,16,20,14,37,37,23,80,64,62,11,24,11,11,15,11,14,15,11,11,20,11,43,102,118,12,22,11,19,45,15,11,16,11,11,29,12,17,29,14,62,40,19
45.25,26,23,22,41,53,69,75,59,96,25,11,18,52,42,38,19,11,19,65,42,79,37,21,27,23,11,16,28,13,23,27,19,21,29,19,28,19,12,20,23,14,22,80,55,60,15,16,16,44,11,17,57,40,53,21,13,19,33,60,76,17,15,20,29,14,13,22,19,24,77,58,71,23,23,21,18,16,16,33,30,20,40,70,80,16,11,14,19,14,19,16,15,19,24,21,32,20,13,18,63,54,79,20,21,19,35,27,20,58,42,45,12,11,14,88,86,157,16,21,13,38,39,62,54,56,47,23,14,23,13,20,19,13,15,14,26,11,13,22,17,15,23,21,21,49,46,32,16,11,19,17,16,17,16,24,17,84,37,123,20,23,24,11,17,13,11,13,17,21,21,15,67,64,123,32,39,24,65,38,38,27,30,27,21,31,18,24,22,18,13,19,17,31,36,15,11,20,11,29,32,20,20,19,16,14,25,11,11,23,11,17,25,19,45,49,30,35,33,34,14,25,16,17,21,15,26,27,20,37,40,32,44,50,35,12,28,23,11,25,11,20,25,12,29,19,13,14,20,13,39,40,28,81,68,61,11,24,11,11,15,11,11,18,11,11,20,11,40,98,111,11,27,11,20,48,20,11,16,11,12,26,14,15,24,15,61,40,21
45.5,34,22,27,36,54,67,77,59,100,24,11,19,50,48,38,16,11,21,72,44,82,35,24,24,20,11,17,28,11,26,26,20,23,32,19,27,17,12,15,25,14,22,85,54,57,17,14,20,38,11,20,59,34,53,25,12,19,34,63,77,17,14,15,22,11,11,24,21,21,77,58,67,22,20,19,17,16,20,37,27,19,43,72,78,12,11,11,21,17,14,20,13,19,28,23,29,23,15,18,61,52,77,24,22,19,36,25,20,60,47,46,11,11,12,87,84,158,16,21,14,42,40,62,57,53,48,23,13,24,14,22,18,20,14,15,28,14,15,25,17,15,23,21,23,47,47,31,18,11,22,16,18,16,16,18,20,84,36,124,22,21,24,15,21,14,11,16,17,19,23,11,69,65,126,31,44,21,65,39,32,30,32,27,25,32,22,26,22,17,16,21,15,35,37,16,11,16,11,30,30,21,18,16,11,14,22,11,13,23,11,16,27,16,42,50,25,37,34,33,15,21,15,14,17,14,29,29,19,37,37,26,48,50,36,19,31,23,11,22,11,20,23,11,29,17,11,24,18,17,38,35,28,80,68,62,13,24,11,14,12,11,11,17,11,11,20,11,41,104,113,11,20,11,27,46,22,11,17,11,12,24,11,17,25,12,59,41,26
45.75,25,23,20,37,52,66,80,57,100,25,11,22,50,51,37,18,11,17,67,45,81,38,20,24,24,11,18,28,11,24,31,20,23,28,20,27,21,15,17,23,13,21,86,56,61,20,11,19,42,11,20,56,39,55,20,11,15,33,62,79,18,16,21,24,12,12,20,19,18,77,61,70,20,20,19,16,11,18,33,22,20,39,69,80,14,11,11,20,14,19,16,13,17,24,20,28,23,14,20,61,55,80,21,17,19,36,27,20,59,40,43,13,11,14,92,89,159,14,22,15,43,46,63,57,54,51,19,13,19,14,19,20,19,13,19,24,11,12,21,11,15,23,22,22,50,41,33,19,13,21,12,18,13,17,18,22,80,34,125,22,20,22,12,18,12,13,12,17,22,24,14,72,63,123,25,36,22,63,40,32,28,35,27,26,26,19,21,22,14,12,11,12,32,42,17,11,18,11,27,29,19,21,17,12,15,25,11,14,17,11,18,27,21,38,44,27,32,39,28,14,17,14,11,19,13,28,26,20,38,37,29,46,52,39,12,32,18,13,23,11,22,27,11,31,22,16,18,23,15,37,41,27,81,70,60,13,23,11,11,11,11,13,11,11,11,20,11,38,100,111,11,27,11,21,44,19,11,16,11,12,27,11,14,27,11,61,40,21
46,31,23,22,37,53,69,75,61,98,29,11,25,50,49,41,18,11,19,74,48,84,35,19,25,22,11,15,28,11,26,31,18,26,27,20,29,22,11,17,25,12,21,82,56,53,17,13,17,42,11,23,57,36,56,23,13,21,37,60,77,18,14,20,22,11,11,22,17,22,77,56,71,24,21,22,13,16,17,33,25,20,39,69,81,15,11,12,19,13,17,18,17,17,26,22,30,17,15,18,64,51,80,21,25,23,34,31,21,59,43,42,11,14,11,88,91,159,15,20,14,42,44,62,57,56,46,22,17,24,12,21,19,16,12,20,30,13,17,25,17,18,23,22,21,50,42,30,14,13,23,16,17,17,17,19,17,83,35,126,20,23,26,11,20,11,11,12,13,20,19,16,70,64,126,37,40,19,66,43,35,28,31,28,26,26,19,26,21,16,14,17,17,31,40,17,11,15,11,26,30,20,21,19,13,15,23,11,20,21,13,15,26,19,38,48,27,34,37,31,15,27,13,14,23,13,28,30,17,38,37,28,47,53,39,15,28,20,13,20,12,20,25,12,28,23,12,18,21,18,41,40,29,80,71,63,11,28,11,11,13,11,11,12,11,11,23,11,46,102,114,11,24,11,24,49,23,11,16,11,11,24,11,13,32,13,61,45,21
46.25,28,25,22,36,56,71,79,66,105,24,12,23,50,48,39,21,11,20,75,40,86,33,22,23,26,14,19,27,11,24,26,20,28,29,24,32,23,12,18,24,14,22,83,61,60,16,14,17,43,14,21,58,41,53,22,11,21,39,61,82,20,15,18,29,11,12,21,17,20,80,58,73,24,23,22,19,13,19,28,24,17,46,68,86,13,11,11,21,11,19,17,12,14,29,19,32,23,17,19,63,54,81,21,23,19,37,27,22,59,46,45,13,11,14,89,90,162,13,19,11,41,47,60,57,56,48,22,14,27,13,20,20,20,13,20,27,13,16,24,16,14,26,21,17,49,46,38,19,11,24,16,18,18,17,18,21,88,37,124,25,24,29,13,22,11,12,14,16,19,20,12,67,63,125,31,40,23,62,44,37,24,36,28,29,29,22,26,23,17,15,14,17,31,41,15,11,18,11,31,34,22,20,19,11,13,24,11,15,18,11,19,23,21,40,45,27,35,37,35,15,23,19,17,19,15,29,28,24,43,36,31,45,55,39,17,27,21,14,20,14,22,26,11,33,21,15,18,22,16,40,35,29,79,68,65,11,28,11,11,16,11,12,17,12,11,26,11,43,102,115,11,28,11,19,41,21,12,16,11,11,26,11,15,31,18,62,38,21
46.5,32,24,24,40,56,73,79,65,102,28,15,25,49,49,39,21,11,20,64,45,84,39,21,30,22,11,17,27,11,24,28,23,24,24,18,25,21,13,20,26,14,25,81,58,58,22,12,21,46,12,20,55,39,53,23,11,20,32,68,80,18,17,24,27,11,13,21,22,22,82,61,75,24,24,21,22,11,22,35,25,24,38,72,81,11,11,11,19,13,17,18,14,18,27,21,35,25,15,18,66,54,80,21,18,24,35,26,22,60,47,46,11,13,14,90,89,166,16,20,15,42,45,63,57,59,45,22,20,24,12,22,22,17,17,13,27,13,11,29,19,19,25,21,22,44,46,31,15,11,20,15,19,13,20,21,21,85,37,125,20,24,24,19,18,16,19,12,19,19,22,15,68,62,125,33,38,23,64,40,33,30,33,27,29,30,25,25,27,18,16,16,19,31,36,16,11,22,11,26,31,21,23,21,17,16,23,11,13,23,12,15,25,17,38,46,28,39,38,33,15,18,11,16,20,17,28,32,19,40,37,30,44,55,37,15,28,24,15,22,12,21,28,12,32,25,11,17,23,15,40,37,27,81,69,67,11,24,11,11,12,11,11,16,11,11,21,11,42,103,111,11,20,11,20,49,23,15,20,11,11,29,11,20,29,15,59,39,19
46.75,30,24,26,40,53,72,76,60,105,26,12,26,49,46,42,20,11,22,68,47,84,34,23,25,21,12,16,22,11,26,26,17,24,24,20,27,20,11,23,23,20,26,85,60,59,20,17,18,44,11,20,59,39,53,18,16,17,41,65,82,22,16,20,26,12,15,21,24,27,79,61,73,23,23,22,23,14,23,33,24,22,42,69,82,11,11,11,15,16,15,16,17,15,29,19,36,22,15,20,65,56,84,19,19,19,34,32,24,57,43,45,13,12,13,89,90,161,12,24,11,39,42,63,60,54,48,23,17,25,12,21,20,18,15,17,23,15,14,26,21,19,26,23,24,51,44,36,14,15,17,13,19,15,16,21,20,83,39,131,24,22,28,13,18,11,13,11,17,18,22,16,69,69,127,31,44,24,66,40,37,23,36,28,27,32,22,25,26,16,14,21,17,25,38,13,11,17,11,30,31,21,20,18,16,16,25,13,16,21,11,17,25,22,43,50,27,36,39,34,15,24,17,11,23,14,26,32,19,40,40,29,46,50,41,12,28,22,12,24,12,23,23,11,32,22,17,21,23,21,41,41,33,77,69,62,11,26,11,11,15,11,11,19,11,11,24,11,40,103,112,12,21,11,26,45,23,11,20,11,11,27,11,20,28,15,60,45,22
47,29,20,22,39,53,69,80,65,105,24,12,25,51,56,45,17,11,18,73,49,88,33,25,26,23,11,20,23,11,23,26,19,26,27,22,30,18,12,15,24,11,21,85,60,60,13,15,13,44,11,22,55,39,54,22,11,19,34,63,78,17,14,17,27,14,13,21,18,19,80,58,72,24,21,22,16,11,15,32,24,22,41,65,83,16,11,11,20,11,18,17,15,17,28,22,32,19,16,16,65,57,78,19,21,18,34,26,21,60,44,46,15,11,16,89,91,166,15,20,12,39,45,62,61,59,52,18,12,24,13,17,20,16,16,17,24,12,16,21,14,13,25,17,20,49,44,36,17,11,17,13,15,15,18,16,17,87,33,130,19,20,22,13,19,12,11,11,15,19,21,13,72,67,130,31,44,23,64,43,34,28,35,27,27,27,23,23,20,18,17,14,18,32,38,14,11,17,11,29,26,18,21,13,11,13,21,11,12,19,11,16,24,17,37,46,25,35,38,34,14,21,11,16,20,13,28,27,16,40,36,31,44,55,36,14,24,19,14,17,14,27,21,13,29,21,14,18,21,19,40,47,23,82,69,62,12,26,11,11,11,11,11,12,11,11,21,11,40,104,112,11,22,11,18,43,18,11,15,11,11,25,11,13,24,11,57,42,23
47.25,30,21,23,41,56,68,82,61,108,24,11,21,55,49,45,19,11,16,72,46,90,35,21,28,17,11,19,28,11,26,24,17,22,25,16,27,22,11,20,26,14,24,87,56,60,20,16,16,46,16,24,60,39,55,23,11,20,34,65,81,20,12,21,28,11,13,19,22,21,83,59,74,20,24,19,16,11,15,34,25,20,44,74,87,11,11,11,14,13,14,17,15,20,27,18,34,20,12,19,64,51,82,20,21,16,33,25,21,57,43,47,11,11,14,91,92,165,14,21,15,40,47,60,59,58,50,22,14,25,14,22,21,18,11,14,23,13,15,27,17,17,24,25,20,48,43,35,16,12,20,15,17,18,14,20,19,83,41,128,22,24,25,15,17,11,14,11,18,20,20,16,73,66,134,28,43,22,66,39,38,25,37,28,30,30,25,19,22,14,18,15,19,32,40,14,11,20,11,28,35,16,17,21,13,13,25,11,13,23,13,17,23,17,42,44,26,34,38,31,14,23,11,17,21,13,29,31,17,42,38,32,42,53,36,13,21,21,13,18,13,23,25,11,27,22,13,18,20,15,42,40,27,85,73,62,11,26,11,12,12,11,11,14,11,11,25,11,39,102,111,11,24,11,22,48,19,11,19,11,11,25,11,13,28,13,59,42,18
47.5,27,26,20,42,57,71,79,66,109,24,11,23,54,49,43,20,11,14,71,47,89,35,20,24,21,11,13,29,11,25,27,20,25,25,16,27,21,14,18,19,12,23,93,61,60,18,14,17,47,11,23,59,37,54,22,15,20,36,64,77,19,12,17,31,11,12,21,17,21,81,63,74,25,23,21,18,13,15,35,27,16,45,73,87,13,11,11,20,12,16,18,17,17,25,20,30,23,18,17,68,53,86,16,20,18,37,29,20,61,44,46,13,11,12,95,90,170,14,20,13,42,44,61,63,61,53,25,11,24,14,21,18,19,15,18,24,13,11,27,17,15,27,23,21,51,47,34,13,11,17,19,13,16,19,19,20,81,37,127,26,25,26,17,18,13,17,11,18,20,21,16,77,68,132,32,40,26,62,40,33,28,31,30,24,30,22,25,25,15,16,16,18,31,35,15,11,17,11,27,29,19,20,20,11,13,23,11,15,22,11,19,26,22,44,47,32,35,36,34,16,24,11,13,23,11,31,23,19,40,36,33,50,55,41,12,26,21,16,23,11,25,26,11,33,21,13,24,22,19,41,42,22,81,69,65,11,27,11,12,14,11,11,15,11,11,24,14,43,105,113,11,23,11,21,45,20,11,18,11,11,26,11,16,31,13,64,44,18
47.75,28,22,31,38,57,71,79,67,111,29,18,23,56,52,44,20,11,17,72,52,83,39,21,31,21,11,18,24,13,26,29,20,29,28,19,28,23,14,20,22,15,28,86,61,60,15,12,16,43,11,21,62,45,58,18,12,20,34,63,78,21,16,22,27,12,15,21,17,18,81,61,74,24,25,23,17,14,21,32,29,21,41,69,83,11,11,11,19,13,18,17,15,19,27,23,33,22,13,19,71,61,84,19,18,22,38,27,20,61,42,45,13,14,17,96,96,170,16,18,15,39,45,68,62,62,53,21,13,25,14,17,26,13,12,17,26,13,16,22,12,14,27,19,19,48,50,35,14,11,18,12,19,15,17,19,24,86,40,131,20,21,27,15,18,14,14,15,16,18,23,18,75,67,129,30,43,25,64,41,32,29,28,26,27,29,25,22,20,16,16,15,16,30,42,17,14,20,11,26,32,18,19,16,11,15,26,11,16,19,15,18,23,20,43,47,28,33,44,34,14,20,13,17,20,13,26,26,20,40,36,29,47,56,40,14,29,21,11,21,11,22,29,11,30,25,12,18,23,18,46,44,29,85,71,67,11,27,11,12,15,11,11,13,11,11,21,12,40,106,113,11,25,13,21,47,20,11,14,11,11,29,11,17,32,16,58,45,22
48,27,24,21,41,58,72,81,69,114,27,16,22,50,55,41,20,11,23,72,53,85,33,25,25,23,11,15,22,11,20,26,18,25,27,19,25,19,11,18,19,11,20,80,60,57,17,11,17,43,11,18,56,42,55,20,11,22,37,61,78,21,11,19,27,11,11,17,16,17,84,60,79,20,22,20,16,11,13,32,25,21,45,66,84,11,11,11,14,11,16,19,13,16,25,18,32,22,16,20,66,57,82,19,17,22,34,25,22,57,38,42,11,11,12,95,91,171,16,20,17,41,46,62,61,56,56,21,15,25,11,18,20,16,13,14,23,12,14,23,11,20,26,21,20,49,48,34,16,11,21,19,15,20,16,17,19,83,38,130,24,20,24,16,16,11,13,12,17,21,19,18,75,66,133,33,44,24,62,39,35,26,31,25,26,29,25,23,22,14,18,15,14,29,42,14,11,18,11,29,25,18,19,20,11,14,23,11,12,18,11,14,23,16,43,41,27,35,39,35,13,16,11,14,13,15,24,29,14,42,34,32,45,57,37,15,25,20,13,17,12,28,26,13,27,24,11,17,19,14,38,40,29,84,70,67,11,24,11,11,16,11,11,14,11,11,20,11,39,102,109,11,24,12,23,45,21,11,17,11,11,26,11,16,32,12,60,42,19
48.25,32,23,27,39,53,70,86,75,119,25,12,24,54,51,46,18,11,19,76,51,89,36,24,26,19,12,18,27,11,22,31,17,26,28,23,27,20,12,20,26,12,30,88,64,62,17,14,21,43,11,22,61,42,57,20,13,20,35,66,80,15,19,19,27,11,12,22,22,24,85,63,78,26,25,25,17,15,19,36,29,20,41,71,84,12,11,14,18,11,15,16,14,19,30,21,37,24,14,21,68,57,84,27,24,22,35,30,22,63,46,45,11,14,12,98,100,174,17,22,13,42,46,63,63,59,54,18,19,26,15,21,22,22,19,20,27,16,18,22,19,15,29,25,21,51,46,37,15,12,19,11,18,17,18,20,22,84,39,133,20,21,28,16,20,12,12,12,16,20,24,16,74,68,132,33,40,24,65,44,36,33,31,34,23,31,27,26,27,21,14,17,14,31,44,19,11,22,11,32,34,21,17,22,11,18,23,13,17,25,17,16,25,20,41,53,30,38,40,34,15,27,12,19,18,16,24,32,20,38,37,32,48,53,41,11,31,23,13,23,11,25,27,15,32,24,14,15,27,17,43,46,30,89,76,69,11,28,11,11,17,11,11,17,11,11,27,11,42,101,114,13,23,12,18,47,21,11,19,12,11,25,12,17,33,15,62,37,21
48.5,29,21,20,41,56,70,81,67,116,23,11,18,58,50,46,22,11,18,76,50,89,33,23,27,20,11,16,23,11,19,25,17,22,26,16,25,21,11,16,22,11,24,88,57,59,20,15,17,39,14,20,63,41,55,19,11,20,36,62,82,18,15,18,25,15,11,17,19,20,82,58,77,21,18,23,18,12,19,35,27,25,40,68,83,12,11,11,17,14,17,18,19,18,24,19,29,21,16,19,67,56,86,23,21,19,35,29,24,63,41,44,11,11,11,97,97,170,16,18,15,38,45,64,66,59,48,24,14,22,17,19,21,20,15,16,29,14,13,24,15,16,31,21,20,50,47,32,12,11,18,13,15,17,20,18,18,83,38,131,23,21,24,12,17,11,15,12,16,21,18,13,78,70,135,32,40,24,66,40,36,26,29,24,27,29,24,26,22,17,13,19,15,30,39,14,11,17,11,29,32,17,19,17,11,16,24,11,13,22,12,19,24,21,46,48,25,36,40,35,15,22,11,16,19,13,28,28,20,38,37,32,51,56,43,13,23,24,18,17,13,26,23,14,29,20,11,19,20,16,39,41,27,84,68,62,11,19,11,11,14,11,11,13,11,11,23,11,41,103,112,11,24,11,18,43,18,11,17,11,11,24,13,17,33,14,59,42,17
48.75,30,24,24,41,54,70,79,68,116,25,11,23,55,52,42,22,11,20,77,52,89,31,23,22,20,11,16,24,11,21,26,16,26,28,20,21,22,14,17,21,12,21,89,58,62,16,15,17,41,11,21,58,44,56,22,13,17,36,64,82,17,16,19,24,12,13,20,22,22,82,61,79,22,22,22,22,12,19,37,28,24,41,71,83,14,11,11,13,11,13,18,13,17,28,15,29,22,12,19,71,60,87,21,14,22,37,27,25,65,41,48,11,11,15,94,95,172,11,19,14,39,47,62,63,60,54,23,15,26,15,18,18,19,17,16,24,13,14,21,14,15,27,21,21,50,46,35,19,11,20,11,16,13,19,20,22,85,35,131,23,20,25,15,17,11,13,11,15,17,23,16,77,68,136,31,41,27,66,38,32,29,33,30,26,28,24,22,23,16,16,18,17,32,39,14,12,19,11,33,27,23,21,19,16,14,26,11,17,21,13,20,24,21,37,47,26,34,41,31,16,23,12,11,20,11,26,28,17,40,36,33,47,56,38,15,29,20,14,19,12,28,23,13,29,27,11,20,22,19,41,50,29,86,75,65,11,24,11,11,16,11,11,15,11,11,19,11,46,105,114,11,21,11,23,43,23,11,19,11,11,21,11,18,30,13,62,44,23
49,30,19,26,37,54,68,82,67,119,26,11,22,53,51,48,18,11,22,77,50,88,33,21,22,22,12,18,29,11,29,27,18,25,27,14,27,18,13,16,25,16,24,91,66,63,19,16,17,44,12,17,62,43,55,21,11,17,34,66,79,17,13,16,21,11,11,19,22,22,81,60,79,22,21,21,18,15,19,39,27,26,41,69,85,11,11,13,20,14,20,16,16,16,26,20,31,23,13,19,70,54,87,21,21,22,35,29,21,61,44,44,13,11,14,94,95,174,16,20,14,41,47,61,68,62,57,25,20,22,11,21,17,19,15,17,23,18,15,23,16,18,32,25,23,50,43,34,15,13,17,16,15,18,19,17,22,84,41,133,23,23,28,13,15,11,12,11,14,16,17,13,75,69,134,33,40,25,65,39,34,24,27,29,27,33,21,24,21,17,13,21,16,32,41,16,11,18,11,30,32,21,20,17,13,11,20,11,13,23,11,15,26,18,42,45,28,38,37,34,18,23,15,11,22,14,25,27,19,40,36,33,46,56,39,14,30,24,14,20,11,25,27,15,30,24,16,17,23,16,40,44,29,85,74,66,11,25,11,11,15,11,11,14,11,11,22,13,41,101,112,11,20,11,20,44,18,11,20,11,11,26,11,18,33,12,60,43,20
49.25,31,29,31,42,63,74,87,78,122,26,19,26,50,62,47,19,17,24,75,55,92,37,28,27,23,14,20,27,12,28,27,22,32,29,21,30,22,13,22,20,16,26,91,67,71,19,15,20,42,14,25,61,45,61,22,17,24,36,68,86,18,23,20,25,13,14,21,20,24,84,68,84,24,26,24,19,13,24,34,26,25,39,72,84,11,11,14,19,16,22,17,18,20,29,19,35,22,15,22,68,59,87,16,21,23,34,26,21,60,47,45,11,11,18,93,100,174,15,23,17,41,54,64,64,70,60,19,20,28,11,20,24,19,17,24,25,11,18,19,17,13,26,27,25,50,52,42,12,11,20,18,16,23,16,19,22,84,40,138,21,25,33,13,25,15,13,13,22,19,24,17,72,77,138,32,46,28,68,49,39,30,40,32,27,36,28,28,25,23,16,19,22,30,49,19,11,18,12,31,31,26,25,19,19,14,26,11,14,24,13,15,30,25,39,47,29,35,44,39,14,27,16,17,21,21,28,35,25,39,38,35,50,63,45,14,30,26,12,21,15,23,29,11,27,31,18,18,23,20,44,45,33,87,73,77,11,26,11,11,19,11,11,17,11,11,23,16,40,105,112,11,24,15,16,50,20,11,25,13,11,29,13,19,37,16,56,49,20
49.5,31,23,27,40,59,74,87,75,125,29,13,24,59,61,46,22,14,21,80,55,93,38,30,34,23,13,23,30,13,28,27,20,23,31,18,30,23,15,23,22,19,27,91,65,67,19,18,20,46,15,22,62,47,59,23,15,21,41,68,83,18,20,20,31,13,15,24,22,22,90,69,77,24,23,23,15,17,21,37,28,23,41,70,86,16,11,14,17,18,16,19,18,20,30,24,36,19,17,18,73,59,89,21,24,23,36,28,24,63,47,48,11,11,13,100,101,177,15,20,18,43,48,69,63,62,52,22,19,27,13,23,20,20,15,21,31,14,21,27,21,19,29,25,22,54,51,37,15,13,20,15,19,19,19,20,23,86,46,140,27,27,34,16,21,15,13,13,20,23,25,18,79,73,142,36,47,29,68,44,33,29,36,30,26,31,26,26,26,17,21,21,22,32,45,19,16,20,11,30,33,22,22,24,17,17,27,15,15,26,11,19,28,25,39,52,27,40,37,38,14,25,13,14,24,15,27,32,21,42,43,34,54,60,44,12,30,24,12,25,12,28,33,20,30,29,17,20,26,16,45,49,29,90,76,67,16,29,12,11,19,11,11,19,14,11,24,12,44,105,113,11,27,12,24,50,25,12,21,12,13,33,13,18,34,13,62,43,28
49.75,31,24,23,41,55,72,83,73,125,24,11,23,59,60,51,16,11,17,78,53,96,37,24,28,21,11,19,28,13,26,24,18,26,30,20,28,21,11,16,20,17,24,93,64,66,18,15,21,43,11,22,63,41,58,22,17,23,40,68,81,18,14,22,21,13,16,21,22,23,85,68,82,30,24,25,13,19,21,40,27,25,41,72,88,12,11,13,19,16,18,19,16,20,25,25,33,21,15,19,73,62,87,22,23,22,35,28,24,67,46,53,11,12,13,101,101,177,14,19,15,45,51,66,64,63,53,25,16,25,13,24,21,18,16,20,25,13,13,22,22,17,26,24,20,51,50,36,14,14,23,18,20,19,16,22,22,87,44,135,24,22,30,17,19,16,13,15,17,21,24,17,75,74,136,35,46,29,69,42,37,29,30,32,28,36,30,25,27,18,12,23,17,32,43,20,11,20,11,30,33,22,19,20,12,16,25,11,14,24,11,19,28,24,39,51,30,37,39,36,12,25,12,18,24,19,27,29,23,42,41,34,49,61,43,16,33,24,14,19,15,25,26,15,28,22,14,21,22,19,45,47,31,88,76,70,11,26,11,12,18,11,11,14,11,11,26,11,41,105,113,11,27,11,19,50,22,12,21,11,11,25,14,17,33,13,62,44,25
50,31,25,24,38,59,68,91,80,130,27,22,25,60,65,52,20,13,21,84,54,94,35,27,28,22,11,18,32,11,28,25,19,23,32,20,32,23,13,20,24,12,20,92,62,68,15,13,17,42,12,20,60,47,57,21,11,20,37,66,78,17,15,18,25,11,11,19,21,17,85,64,82,21,22,18,15,11,19,35,29,26,39,74,81,13,11,11,16,11,19,18,12,18,27,16,32,23,12,18,70,60,89,22,20,24,33,28,23,60,43,48,11,11,11,101,99,174,14,17,14,43,52,64,63,63,54,18,17,23,14,16,18,18,15,18,23,11,15,22,16,17,26,23,20,53,50,35,12,11,19,16,16,18,22,13,22,84,37,137,22,20,26,12,18,11,11,15,13,16,19,15,84,77,140,33,46,31,65,41,34,29,36,28,28,28,27,24,24,15,14,16,19,35,46,22,14,16,11,30,30,17,21,17,12,16,25,12,13,21,12,18,24,18,46,42,27,32,42,28,11,20,13,15,19,15,29,27,22,39,36,32,55,62,49,15,27,29,15,18,16,27,30,12,31,27,15,17,21,17,43,42,29,86,80,68,11,29,11,11,17,11,11,16,11,11,24,11,38,108,109,11,22,11,20,46,21,11,20,11,11,29,11,20,33,14,61,45,20
50.25,28,21,25,40,58,74,94,75,130,25,11,24,63,58,51,17,12,20,78,57,91,36,20,29,21,11,21,24,14,23,27,21,23,27,17,29,22,12,20,20,15,26,88,64,67,17,15,17,43,12,21,62,48,60,21,13,21,39,68,86,16,15,20,25,11,14,22,21,22,86,69,84,18,21,23,17,14,16,36,31,25,36,68,85,11,14,11,18,13,20,19,20,18,27,25,34,21,14,21,71,64,88,20,23,19,34,28,19,64,48,45,11,14,12,99,95,179,16,21,16,41,47,65,61,60,55,20,20,28,15,19,23,17,14,16,24,14,16,24,19,21,24,26,21,50,52,36,13,19,21,11,18,12,14,17,21,86,42,136,22,24,26,14,20,12,15,11,19,20,18,16,78,75,140,33,48,27,69,42,39,27,32,31,27,32,29,25,28,20,19,20,18,33,44,22,11,18,11,29,33,24,17,24,11,13,26,11,15,24,13,17,22,20,45,49,25,36,40,38,14,22,16,15,22,16,26,27,22,41,42,31,49,59,41,13,26,26,13,20,11,23,30,14,33,21,20,18,22,20,46,44,31,89,78,75,11,25,11,11,12,11,11,19,11,11,22,11,42,101,112,11,23,11,21,47,23,11,20,11,11,32,11,18,39,13,62,45,22
50.5,27,27,29,35,60,69,86,76,131,25,12,24,59,60,51,22,11,24,79,59,100,38,24,32,24,12,20,27,11,24,27,21,29,28,20,31,23,13,25,20,17,24,89,68,67,23,13,23,46,16,23,58,47,60,18,12,19,36,66,83,20,17,21,27,13,16,22,24,26,84,70,78,26,25,26,16,18,16,38,31,24,40,69,85,11,11,11,19,13,22,17,15,21,26,27,34,21,18,21,73,66,90,21,23,24,34,30,21,61,48,50,11,14,14,100,106,177,13,24,16,42,51,66,71,67,60,21,18,28,11,21,20,19,13,23,27,19,17,25,20,18,28,26,24,53,49,41,15,15,20,17,21,20,20,24,20,88,39,140,21,25,27,11,23,13,14,14,21,20,25,15,79,76,140,32,47,28,67,45,39,29,35,35,25,37,27,25,27,20,20,17,19,34,45,22,11,21,11,31,37,25,16,21,12,12,29,11,14,26,15,18,33,23,44,52,33,36,39,37,15,25,13,18,25,18,27,34,21,43,41,35,50,61,45,11,32,23,12,22,13,26,31,18,30,25,18,16,22,18,43,45,35,84,81,70,11,23,11,12,14,11,11,16,13,11,25,15,42,107,113,11,28,14,18,49,22,11,21,11,11,27,11,19,37,16,58,42,21
50.75,29,28,28,35,56,69,87,78,131,24,18,25,62,64,52,18,12,23,75,61,99,35,27,31,17,15,20,24,12,27,26,17,29,27,22,28,20,16,23,22,17,27,91,68,71,15,11,19,47,14,23,60,48,61,20,12,25,35,65,85,18,16,23,26,11,18,23,19,24,85,68,89,19,24,21,19,14,23,34,28,25,40,71,86,12,11,14,17,14,17,18,20,20,24,23,38,21,13,20,69,63,89,22,22,26,36,29,22,63,47,50,12,12,18,100,102,179,14,22,18,40,52,67,60,63,53,23,14,28,13,22,23,19,14,18,25,13,19,26,13,20,23,28,20,50,49,41,13,11,20,14,17,19,16,20,21,85,44,137,21,19,28,13,21,17,11,12,19,22,19,23,78,82,140,32,46,29,66,48,38,28,35,35,26,33,32,25,25,22,12,20,19,33,48,20,11,16,11,31,32,25,20,19,17,12,25,11,12,22,14,14,28,22,44,47,30,38,39,39,12,21,16,12,19,17,27,33,23,40,41,34,50,61,42,16,31,25,11,18,13,25,29,13,26,25,15,18,23,18,43,46,35,88,75,74,11,31,11,11,19,11,11,14,11,11,27,13,37,105,114,11,25,11,21,49,25,11,20,11,11,30,14,19,26,16,55,43,20
51,33,22,26,41,60,72,85,73,130,23,13,24,65,60,52,18,11,20,82,56,99,39,24,32,20,13,19,22,11,25,28,19,26,28,18,28,21,11,21,19,14,23,92,70,72,16,15,14,47,14,25,61,45,56,21,11,20,35,70,83,17,16,17,26,12,12,16,20,25,86,68,83,23,22,22,16,15,16,37,27,26,38,74,85,11,11,11,16,17,17,18,14,21,26,23,33,20,17,19,69,60,89,20,21,23,36,26,18,61,50,48,11,12,16,101,101,180,17,19,18,46,52,72,63,66,59,23,18,27,14,24,20,17,16,17,26,17,18,21,16,18,26,25,20,49,54,35,13,13,19,14,19,18,17,21,22,87,40,137,20,25,28,16,18,13,11,14,19,20,24,19,80,77,142,36,47,24,66,48,35,27,31,34,27,35,26,24,25,18,16,24,19,33,43,19,11,20,11,32,34,21,17,22,15,13,24,12,13,22,12,20,29,23,41,50,27,37,42,35,13,25,12,11,19,14,27,33,23,42,45,32,48,61,42,16,32,25,14,25,15,22,29,12,30,25,14,16,25,16,46,47,30,87,76,71,11,30,11,11,15,11,11,18,11,11,25,11,40,107,115,11,25,11,22,50,24,11,19,11,11,28,11,18,32,13,56,44,20
51.25,31,27,26,39,56,72,87,79,135,29,15,27,66,63,59,22,13,24,80,58,97,35,30,29,23,12,18,28,13,28,30,22,27,27,24,30,23,18,24,23,13,26,93,73,69,21,11,21,46,15,23,64,50,62,20,15,21,34,71,81,21,18,22,29,12,13,24,21,26,89,65,87,23,21,21,15,14,19,41,28,29,37,71,85,13,11,13,19,17,21,19,16,20,27,22,34,20,16,22,74,64,91,21,22,24,38,31,26,63,49,47,11,12,13,102,108,182,15,23,15,43,49,70,66,70,57,19,17,27,16,21,23,14,20,20,29,13,19,23,21,19,26,29,25,49,55,37,16,12,24,16,17,19,17,20,23,86,41,140,21,21,28,15,23,13,17,11,19,21,21,16,83,79,149,34,48,30,67,42,39,30,38,35,28,36,30,23,25,23,13,17,20,37,49,22,11,21,11,29,32,24,18,21,16,17,28,11,17,23,15,16,26,20,46,48,31,41,42,37,11,24,14,14,23,16,26,35,26,43,40,37,53,67,50,18,30,25,17,22,16,28,31,16,30,23,18,17,23,16,45,49,32,90,80,75,11,28,11,11,17,11,11,15,11,11,25,12,40,107,112,11,26,11,24,49,26,11,23,11,13,29,16,18,34,15,61,47,22
51.5,25,26,23,41,57,73,88,79,133,23,16,26,65,62,62,15,12,15,86,61,100,35,24,30,23,15,21,23,13,25,26,17,23,26,19,31,20,15,17,18,16,22,94,68,70,15,14,18,49,15,22,58,43,64,18,12,23,35,67,83,15,16,18,21,11,11,20,24,23,86,65,86,24,21,24,17,11,20,43,29,24,42,73,88,16,11,14,22,17,19,21,16,19,31,25,35,22,16,19,73,66,91,23,23,26,34,29,21,60,50,48,12,12,20,105,107,183,14,21,14,38,49,67,71,67,56,20,17,27,11,20,21,22,14,21,27,17,16,19,16,16,27,24,24,53,53,39,15,15,18,14,17,17,18,19,23,85,40,138,25,23,29,15,19,12,12,17,17,19,23,15,85,80,142,33,51,28,69,43,36,28,29,32,29,35,32,20,28,18,15,19,21,39,44,21,11,18,12,31,33,27,18,17,13,15,29,11,15,27,16,18,26,23,42,51,30,38,41,36,14,28,15,18,20,17,29,32,22,43,39,37,54,65,47,18,29,27,14,17,12,27,26,17,28,30,13,16,27,17,50,47,36,90,80,73,12,28,11,12,13,11,11,19,11,11,20,15,44,107,114,16,28,15,21,52,23,11,22,11,11,31,11,19,36,21,61,40,23
51.75,30,23,22,36,58,73,95,79,140,27,15,21,61,62,55,17,11,20,81,59,99,33,25,28,19,13,18,24,12,26,25,22,28,28,16,27,18,14,20,26,20,24,95,70,68,14,15,18,45,11,22,60,46,61,21,15,21,37,66,83,21,18,23,26,11,13,19,23,20,86,73,86,19,21,21,18,11,20,38,28,24,41,75,88,11,11,12,17,11,17,18,12,19,28,22,34,24,17,19,77,69,95,16,21,18,35,29,20,63,48,52,11,12,14,102,104,182,11,22,15,45,52,68,65,67,57,18,18,25,11,22,18,18,16,19,27,12,17,23,19,17,23,21,23,54,51,37,11,11,17,12,18,16,18,15,25,89,42,142,24,23,29,11,16,13,13,13,21,18,22,14,80,75,149,28,47,26,65,44,35,28,32,33,29,33,29,26,26,19,12,17,19,34,47,19,11,22,11,33,29,22,20,19,15,18,25,11,14,21,11,19,26,21,41,51,32,36,40,33,11,26,11,12,23,14,25,30,20,43,41,34,55,62,48,17,27,24,13,23,15,26,29,12,29,29,16,16,21,14,50,52,33,94,83,76,11,25,11,11,15,11,11,16,11,11,23,11,38,106,115,11,25,11,19,48,24,11,18,11,11,28,15,15,31,16,59,43,22
52,29,28,25,38,61,69,89,83,141,28,18,26,65,66,56,20,16,20,82,60,101,36,29,29,19,12,18,25,11,27,27,18,26,27,23,27,20,13,18,20,11,22,97,73,70,20,11,19,46,11,22,58,44,59,20,11,21,38,70,82,20,16,18,25,11,13,23,21,25,85,67,87,20,24,20,19,11,21,39,28,21,44,72,89,12,11,11,19,12,19,20,16,21,25,22,32,20,15,16,76,64,93,21,17,22,38,28,26,65,46,47,11,12,14,108,104,184,17,20,16,45,53,66,69,70,63,22,15,28,13,17,23,16,13,18,23,11,15,23,16,20,28,22,22,50,54,37,17,11,21,12,18,14,20,20,21,86,43,141,21,23,27,17,20,14,13,11,15,18,21,17,81,82,148,32,46,28,70,50,38,30,38,34,28,31,29,27,24,20,13,17,17,40,50,19,13,18,11,29,31,23,21,16,17,16,21,13,21,21,16,18,25,22,39,46,29,39,44,36,13,18,14,17,19,17,29,28,23,43,46,35,52,64,45,16,26,25,16,17,14,28,30,17,32,26,20,20,19,19,48,50,35,92,84,77,11,26,11,11,15,11,11,14,12,11,22,15,40,106,113,11,25,11,24,48,24,11,16,11,11,31,11,20,31,16,61,47,24
52.25,28,31,25,40,58,71,91,87,141,27,23,26,66,68,56,22,17,20,82,60,101,35,32,28,22,15,17,25,14,24,29,24,24,26,20,29,21,18,21,26,12,26,96,73,74,16,13,17,47,13,24,64,47,61,21,11,20,41,65,88,20,16,23,23,11,14,21,19,21,90,67,91,21,27,19,19,11,21,41,29,25,40,73,88,13,11,14,18,13,17,17,13,16,27,21,35,18,15,19,75,64,97,24,23,22,35,27,23,66,47,50,11,11,15,106,106,187,15,21,18,40,53,65,66,71,61,21,22,26,11,21,23,18,16,18,29,12,18,22,17,13,29,23,25,55,54,37,15,12,23,15,14,18,19,24,20,86,37,140,22,22,28,14,18,14,19,12,20,17,23,15,85,81,148,38,49,30,66,47,37,30,35,35,28,32,24,21,26,16,18,13,17,37,49,20,11,22,11,28,33,23,19,19,16,17,26,12,15,23,13,17,22,22,41,48,30,38,43,38,11,22,11,16,26,17,30,32,22,44,40,33,52,63,46,17,26,22,17,19,14,24,26,14,30,32,18,17,22,19,52,49,34,96,85,78,12,29,11,13,15,11,11,18,11,11,25,13,42,106,114,13,23,14,25,47,29,11,20,13,11,26,11,23,34,17,63,44,24
52.5,28,23,24,41,59,72,88,77,142,25,11,23,64,66,56,20,11,22,83,61,101,31,30,32,23,11,21,24,11,26,27,23,28,32,20,29,21,14,19,19,14,26,95,73,74,16,13,20,46,17,23,60,48,60,17,13,20,38,69,80,21,15,23,25,14,18,18,21,22,93,72,90,20,22,22,16,17,20,35,29,28,38,73,85,11,13,11,19,16,18,20,16,20,31,28,37,23,16,24,75,65,95,20,24,21,38,29,24,63,48,51,11,13,14,103,109,185,12,23,13,42,44,65,68,70,58,20,20,26,14,23,21,19,15,18,24,14,15,23,18,16,28,23,22,48,56,37,11,13,19,18,17,21,17,18,20,86,42,140,19,31,26,16,24,17,12,14,21,21,20,18,82,83,150,35,52,31,60,41,34,27,37,35,30,36,29,23,27,20,17,22,18,38,48,23,11,21,11,30,36,23,18,19,16,13,24,13,14,26,11,16,26,24,44,55,25,38,42,37,14,25,17,14,24,15,29,33,24,46,43,36,52,63,45,11,29,23,11,22,11,30,31,14,30,23,19,17,21,16,52,49,37,91,89,73,11,27,11,17,17,12,11,21,14,11,27,12,40,103,112,11,22,13,20,50,22,11,23,12,11,28,11,21,33,15,63,42,23
52.75,32,25,26,38,58,74,93,83,144,24,13,22,64,61,56,18,12,20,89,61,103,35,22,26,21,14,19,28,11,26,27,20,25,27,15,28,20,13,20,21,15,24,99,75,75,16,13,19,46,19,21,63,53,61,15,14,17,36,70,83,22,18,23,23,11,11,19,20,21,92,69,92,21,24,22,13,13,17,38,32,26,40,75,81,11,13,12,17,15,20,19,17,18,25,20,34,21,14,22,80,64,97,21,22,21,34,28,22,67,50,48,11,12,15,107,105,187,12,22,11,43,52,65,68,66,58,23,16,28,12,24,20,21,17,19,25,16,19,23,19,18,26,23,22,58,51,37,11,11,18,13,23,16,18,22,20,85,42,140,25,23,34,14,20,11,13,11,18,20,23,18,83,81,146,32,48,27,67,43,36,30,36,33,28,38,27,29,29,20,15,18,17,37,47,20,17,22,14,28,35,22,19,20,12,11,26,11,14,23,11,17,26,19,39,51,27,34,44,32,11,25,13,15,17,15,31,33,23,44,47,35,56,61,49,12,35,21,14,23,14,25,30,16,31,20,18,17,25,13,49,49,35,90,85,77,13,26,11,11,20,11,11,16,11,11,21,11,40,105,112,11,25,11,20,49,22,11,20,11,11,29,11,24,33,18,60,40,22
53,30,29,28,40,62,71,92,85,146,22,22,25,66,72,64,15,15,13,86,65,101,36,28,30,19,12,16,27,15,28,25,18,28,31,20,28,19,12,17,24,15,24,98,73,72,19,12,21,48,14,20,64,50,59,21,11,21,37,69,83,20,19,22,28,11,13,19,18,25,89,73,92,23,27,22,18,12,18,41,33,28,43,72,84,14,11,12,16,12,17,19,11,22,27,20,34,22,19,19,75,66,96,19,20,19,36,24,25,64,46,48,14,11,18,105,108,190,16,20,18,49,55,66,68,71,60,24,18,29,11,15,18,17,14,18,27,14,18,22,16,17,25,24,23,51,57,36,15,11,20,16,16,16,20,18,24,89,43,143,23,22,31,12,20,11,12,11,17,17,21,15,85,80,148,36,48,29,69,47,40,28,37,36,34,32,32,25,19,20,16,17,23,38,51,20,11,18,11,31,32,23,20,16,14,12,23,13,17,21,15,15,23,21,47,44,29,37,44,38,15,24,15,17,24,17,32,30,25,49,41,34,54,67,42,15,29,26,12,21,11,24,27,12,35,31,17,16,19,18,51,51,35,92,86,78,11,28,11,11,14,11,11,16,11,11,22,12,46,108,116,11,27,11,24,50,24,11,21,11,11,25,11,21,31,17,62,47,21
53.25,28,28,23,38,59,73,90,84,148,22,19,23,67,69,57,19,12,20,85,65,102,38,27,28,19,12,15,28,12,28,23,19,27,30,18,27,21,12,20,22,11,23,102,71,73,15,14,18,49,14,24,63,49,61,19,11,21,37,69,81,16,13,16,26,11,16,20,21,22,88,71,85,20,23,22,20,14,20,37,28,24,43,71,85,14,11,12,14,12,20,16,18,23,28,23,35,26,11,22,80,67,97,18,22,19,36,25,21,65,44,47,11,11,15,103,105,186,16,22,15,46,50,69,68,71,57,22,16,25,12,23,22,18,16,17,25,11,15,28,16,21,25,22,18,50,57,38,17,11,19,13,15,17,16,17,23,82,43,141,21,21,25,14,21,16,15,13,19,20,21,16,86,81,148,31,50,28,67,44,35,26,34,35,26,28,29,22,25,22,17,15,19,41,48,24,13,18,11,33,31,26,19,19,12,11,24,11,15,16,13,18,29,22,44,45,29,35,39,32,12,22,17,12,18,12,32,28,23,41,35,32,55,67,50,15,26,22,13,18,15,26,27,13,31,30,15,20,21,18,52,49,31,91,86,80,12,27,11,11,12,11,11,11,11,11,22,11,42,108,114,11,21,11,25,50,25,11,19,11,11,25,11,18,33,13,64,45,24
53.5,29,21,23,39,55,71,95,84,147,30,11,24,65,64,60,17,11,17,89,67,107,36,22,27,23,14,22,27,11,26,28,19,26,28,17,31,19,11,17,22,13,19,103,76,75,18,14,20,44,11,22,62,49,61,22,14,18,40,70,85,20,12,18,23,11,13,21,21,24,88,68,89,20,22,18,15,12,20,42,34,21,38,72,86,15,11,13,16,17,16,17,19,21,28,22,34,16,15,17,77,68,94,20,20,18,35,30,20,62,45,50,11,11,16,104,109,185,12,22,16,46,52,71,66,70,59,20,16,26,12,23,22,18,15,19,25,11,12,22,19,15,26,21,20,55,54,36,14,13,24,14,15,18,20,18,22,85,43,143,23,23,28,13,24,13,11,14,17,19,23,16,83,79,152,34,51,30,62,45,38,28,33,31,27,37,28,21,27,17,15,18,19,39,47,16,11,21,11,30,35,21,16,19,11,14,23,11,17,22,15,16,24,21,36,52,29,37,41,32,14,23,14,13,28,15,27,31,22,46,44,34,53,64,46,14,30,26,11,23,13,26,35,15,33,23,14,13,21,15,51,50,37,96,88,75,11,21,11,11,15,11,11,14,11,11,26,12,42,107,113,11,21,11,22,55,23,11,23,11,11,28,12,24,34,16,60,45,23
53.75,27,22,23,42,56,72,93,84,150,26,12,24,66,66,58,16,11,19,85,65,101,36,26,25,23,11,21,23,11,25,28,20,27,26,22,26,21,11,17,21,16,22,98,76,75,17,16,18,45,12,27,63,52,63,21,11,20,35,69,85,17,14,18,29,12,15,19,22,21,90,73,90,26,22,21,16,11,18,38,28,27,41,72,86,13,11,15,21,16,16,18,19,20,28,23,33,20,13,17,78,66,95,18,22,20,39,30,23,64,48,49,11,16,16,104,112,187,17,20,17,48,49,70,69,67,58,19,15,27,16,22,23,16,14,19,26,16,18,23,18,16,24,24,22,53,54,40,15,16,23,12,19,16,20,22,21,85,44,147,24,20,33,11,19,11,11,13,17,20,23,15,83,83,153,36,55,31,66,44,38,24,33,33,27,41,28,20,28,20,15,15,19,38,50,22,11,20,11,29,34,22,16,19,14,16,23,11,14,22,12,17,27,18,41,52,28,36,40,35,14,23,14,13,19,14,27,32,22,44,45,35,53,63,47,15,31,22,15,21,15,26,26,16,29,23,15,20,24,19,52,53,32,90,85,78,11,24,11,11,14,11,11,19,11,11,23,12,41,106,115,11,24,14,24,50,22,11,22,11,11,24,13,20,33,17,61,40,24
54,30,28,24,38,57,71,95,84,154,25,21,23,69,75,62,22,16,14,86,64,101,37,30,29,24,17,23,21,11,23,27,21,28,28,19,30,19,14,19,22,16,24,99,77,76,21,11,21,48,17,22,61,53,60,18,11,18,33,71,80,18,17,19,28,11,14,18,19,18,90,72,91,22,20,25,17,14,19,39,30,28,41,70,85,11,11,11,21,11,20,16,14,14,30,21,37,20,16,20,79,69,99,21,22,21,36,26,25,67,45,51,12,11,14,110,110,187,13,21,15,43,58,66,69,74,59,23,17,26,14,18,21,17,16,19,26,13,16,24,15,15,26,22,21,55,55,40,15,14,20,19,15,21,19,20,23,86,41,147,18,20,25,13,17,13,13,12,19,21,24,19,87,85,154,35,50,29,67,48,36,27,35,33,29,39,31,26,22,20,15,20,19,39,52,18,11,17,12,34,33,21,22,15,14,15,22,11,16,24,15,17,25,16,42,49,28,37,44,36,13,23,11,14,20,15,29,33,23,49,42,38,56,69,49,17,28,25,14,18,17,27,30,12,25,29,15,19,21,15,54,50,37,101,86,83,11,28,11,11,17,11,12,18,11,11,22,13,39,105,115,11,25,12,21,50,23,11,20,11,11,25,15,23,31,14,59,53,19
54.25,31,26,23,38,60,71,97,86,156,25,11,26,73,67,62,19,11,19,91,64,106,36,25,27,20,13,19,21,11,20,28,23,26,27,18,27,20,14,20,19,14,24,103,77,78,19,13,18,49,17,23,63,47,62,23,14,23,35,69,83,19,17,22,24,11,13,22,21,20,92,70,90,25,21,21,18,13,21,41,32,28,42,73,89,15,12,11,17,11,22,19,22,16,30,26,36,22,14,20,79,69,91,21,22,21,37,28,21,65,48,53,11,15,15,106,111,188,19,20,19,44,56,67,71,68,60,21,19,26,11,21,19,16,19,17,28,15,16,27,18,19,23,24,20,51,54,39,14,13,17,19,16,19,20,24,23,88,40,145,24,28,34,13,20,11,14,11,20,19,24,17,88,83,154,37,49,29,65,44,36,29,31,37,23,42,30,26,23,18,19,20,21,38,49,23,11,25,11,31,37,25,17,16,14,15,27,13,17,21,15,18,29,22,39,50,24,33,42,35,13,22,16,11,24,13,27,29,23,48,45,37,51,69,48,15,28,22,11,24,14,28,29,15,28,26,12,18,23,19,51,51,37,95,91,78,12,25,11,11,19,11,11,12,12,11,23,12,41,103,118,11,21,11,22,50,21,11,20,11,12,27,11,24,36,21,57,45,27
54.5,32,24,29,38,62,72,98,88,157,30,21,26,74,73,67,17,17,19,90,65,104,41,28,30,23,18,22,25,16,29,24,22,27,26,18,28,22,15,25,15,15,27,101,78,71,18,13,22,44,16,24,62,51,64,22,16,25,37,69,82,21,18,20,27,12,19,19,22,22,90,73,93,23,25,25,19,15,22,42,34,28,41,71,89,11,13,14,16,15,17,18,22,20,28,23,35,22,12,24,84,70,103,20,22,24,37,30,26,67,50,52,11,11,15,110,112,194,11,23,14,46,54,68,69,74,59,23,18,27,16,19,25,18,17,19,25,11,16,26,16,18,27,28,22,55,57,39,14,12,22,13,15,18,16,20,22,87,42,146,21,21,31,14,18,15,13,14,19,23,21,19,86,86,153,34,51,31,63,49,33,29,33,36,28,34,30,26,26,25,16,18,23,39,57,24,11,20,11,33,29,26,21,23,17,15,23,11,14,26,17,18,24,20,45,47,30,36,43,37,14,26,14,17,22,18,32,30,26,45,45,36,55,71,49,13,28,27,15,16,14,29,29,18,31,31,18,20,19,20,54,50,39,95,85,80,11,31,11,11,15,11,11,15,11,11,25,12,39,110,115,11,26,11,22,52,27,11,21,13,11,31,13,21,32,15,62,46,20
54.75,29,25,25,41,53,71,96,87,158,26,16,23,76,71,62,16,12,19,89,67,108,36,26,29,22,14,22,24,14,26,26,21,28,25,19,29,22,15,22,18,16,23,105,81,76,18,13,20,49,16,20,69,49,62,23,11,22,38,67,85,18,13,21,24,13,14,21,22,20,97,73,94,22,22,25,17,11,19,42,34,30,45,72,90,15,12,14,18,18,19,17,15,20,28,27,38,20,13,21,82,74,94,19,20,23,35,29,27,66,50,53,11,14,13,112,111,190,15,21,14,49,57,68,70,73,64,21,14,30,14,21,22,16,17,19,25,15,15,25,18,18,28,23,21,53,53,38,14,11,22,14,20,19,20,20,24,86,44,145,24,22,30,16,18,15,12,14,19,22,22,17,88,89,161,36,52,27,76,47,38,27,31,32,29,36,31,25,22,22,17,20,20,40,52,21,11,19,11,30,35,23,18,24,12,16,25,11,17,25,15,17,26,20,41,50,30,41,41,42,16,24,15,13,20,19,28,31,27,47,41,34,52,69,44,18,25,27,12,18,17,31,28,18,33,31,19,19,17,19,54,51,36,98,88,80,13,25,11,11,11,11,11,17,11,11,22,13,41,105,112,11,27,11,18,50,22,11,17,11,11,25,11,22,36,18,61,43,24
55,30,26,22,41,59,72,97,90,156,23,19,23,77,77,63,19,16,20,91,68,107,35,27,28,20,14,19,31,11,32,28,23,31,27,23,31,21,17,22,23,13,31,98,75,74,14,15,17,51,15,21,68,51,62,22,12,22,35,69,82,20,17,25,26,11,14,23,17,23,94,75,96,22,22,23,17,15,22,40,30,30,42,71,86,11,11,14,14,14,15,15,18,18,26,23,36,19,17,21,81,72,98,18,20,20,34,26,21,61,49,48,11,12,16,108,112,190,17,20,20,46,58,68,70,75,59,19,16,24,11,20,22,19,17,22,21,14,13,23,14,16,24,25,19,51,52,39,11,11,17,14,17,16,15,20,23,89,44,144,25,18,31,11,21,11,12,13,17,17,20,13,89,89,154,31,51,26,67,47,38,29,32,34,26,32,31,19,22,19,15,15,21,38,56,21,12,19,11,29,30,24,17,15,16,17,28,12,12,21,15,15,23,18,39,49,30,40,39,38,14,24,16,14,18,18,25,28,23,48,45,37,53,68,46,13,30,24,11,18,14,27,30,15,28,33,18,15,21,15,54,54,36,95,85,80,11,27,11,11,17,11,11,18,11,11,28,12,41,109,114,11,26,12,19,53,20,11,21,12,11,32,11,16,32,16,60,44,24
55.25,31,27,25,38,57,71,101,90,162,25,16,23,71,80,64,21,15,21,93,66,109,32,27,26,24,15,19,22,11,23,28,22,25,29,20,25,22,11,21,23,11,25,100,83,79,15,11,17,44,16,25,66,51,62,20,11,23,35,67,82,15,19,18,28,11,15,22,19,25,93,76,97,21,23,22,14,14,17,41,27,31,39,74,86,11,11,11,18,15,21,19,15,18,27,25,36,22,16,22,80,74,99,18,22,20,33,29,24,66,46,50,11,11,14,110,114,188,14,23,16,46,53,66,69,78,61,21,19,30,11,18,19,20,13,19,24,14,17,25,13,20,25,23,20,57,57,38,11,11,25,12,13,17,17,21,22,87,41,145,19,21,33,14,19,15,11,12,19,20,23,20,91,89,160,36,53,28,68,46,36,28,35,37,27,33,28,26,28,23,20,18,23,39,57,19,11,19,11,32,37,27,18,15,11,15,26,11,15,23,12,16,27,20,41,44,33,38,45,38,11,18,17,12,22,20,27,31,24,49,43,33,59,70,50,15,32,28,11,17,13,22,27,12,31,32,19,21,20,16,55,51,39,99,89,82,13,24,11,11,17,11,11,14,11,11,20,13,41,107,117,11,23,11,22,49,25,11,16,11,11,25,11,23,34,18,60,45,23
55.5,31,30,23,41,62,70,100,92,164,28,21,23,77,84,67,21,13,20,91,69,111,39,28,28,21,11,21,25,14,26,31,19,26,30,20,28,22,14,19,21,13,25,102,79,76,17,11,20,43,14,23,66,49,64,23,11,20,34,63,80,13,20,19,25,14,14,23,21,25,95,79,95,25,21,21,17,11,24,44,35,29,40,73,87,11,11,11,22,15,21,17,18,23,28,22,35,22,15,21,85,76,99,21,20,23,37,27,26,66,49,48,11,11,16,110,115,193,15,21,18,44,53,66,69,76,59,21,18,28,15,19,21,20,16,20,31,15,16,22,17,18,30,22,23,57,61,39,13,11,17,14,16,21,17,19,20,89,45,148,20,21,29,15,22,11,13,14,22,22,25,17,89,91,160,33,54,25,71,50,38,32,29,31,29,34,27,27,24,21,16,17,20,42,60,25,13,18,11,34,34,30,19,17,12,16,22,11,15,23,14,20,28,19,43,47,31,39,46,34,13,24,14,12,22,16,32,30,25,46,46,37,57,72,52,16,30,26,13,21,15,30,32,17,28,33,14,20,25,17,55,52,39,100,92,85,11,28,11,11,17,11,11,17,11,11,25,11,39,111,112,11,26,12,22,48,22,12,17,11,13,29,18,24,34,13,62,47,22
55.75,32,26,28,38,58,70,102,91,165,27,23,24,76,81,69,18,12,18,98,71,110,38,23,34,23,11,23,24,11,27,30,17,28,27,22,26,20,13,18,22,13,27,100,78,79,17,11,18,49,20,23,68,51,66,18,11,19,35,67,82,16,12,22,25,13,15,23,18,25,99,75,100,22,21,24,16,11,24,43,36,28,38,74,85,13,11,12,16,17,16,19,18,20,28,22,34,23,14,24,81,77,101,21,19,21,35,24,21,68,48,53,11,12,18,109,118,194,15,20,16,45,52,68,74,75,63,23,18,25,12,22,20,18,15,17,26,14,15,21,18,17,23,20,20,56,60,40,16,11,23,12,19,16,18,18,22,85,45,145,21,20,28,13,18,14,14,13,18,22,19,16,89,91,160,35,54,30,66,46,37,25,34,33,27,37,30,23,25,21,16,15,20,41,55,19,11,19,11,30,29,23,23,17,16,11,27,11,17,22,14,20,25,22,42,47,31,36,44,37,13,18,16,12,21,15,29,30,26,48,45,42,54,68,47,15,33,24,11,17,11,27,28,15,30,29,17,18,22,16,55,55,39,100,86,81,11,27,11,11,15,11,11,16,11,11,21,11,39,108,117,11,29,11,26,48,23,11,17,11,11,29,12,22,33,15,61,45,28
56,29,23,27,39,61,71,101,86,170,26,11,22,77,71,65,22,11,24,94,67,110,37,23,31,26,11,25,26,11,25,28,17,29,26,18,29,22,12,19,19,14,24,104,76,78,16,15,18,44,18,21,66,56,64,24,17,19,35,68,82,18,15,20,25,11,13,20,20,19,93,76,96,24,21,24,21,16,19,41,37,28,39,73,84,12,13,13,17,16,20,16,20,18,25,26,34,21,18,16,82,71,100,25,16,24,39,30,24,69,48,53,11,15,19,117,115,193,16,23,19,44,53,67,76,73,63,22,19,29,11,20,21,21,18,20,25,14,14,23,23,18,27,24,26,57,54,40,11,15,19,15,16,18,15,20,25,87,48,145,24,22,31,14,18,15,13,12,18,22,21,18,89,89,160,31,55,29,72,49,42,29,31,36,26,36,32,24,25,20,18,22,22,38,55,20,16,23,11,34,36,25,21,18,16,19,25,15,19,24,14,16,25,24,38,50,30,36,42,38,12,26,16,14,19,17,26,36,23,46,46,36,53,66,48,15,30,26,12,17,11,26,30,16,27,30,11,15,19,16,59,54,39,102,89,82,11,27,11,11,18,11,12,14,11,11,21,13,41,108,116,11,24,11,19,51,24,11,20,11,13,27,16,23,36,17,60,44,21
56.25,28,24,21,36,60,72,101,88,164,23,11,25,79,70,69,19,11,18,95,67,110,33,21,26,23,14,24,27,11,25,28,19,24,28,19,26,19,13,16,22,17,22,105,81,79,16,13,19,47,13,21,65,59,62,21,14,19,38,71,84,18,14,23,27,11,16,20,17,21,96,77,100,22,21,18,13,17,17,42,36,32,37,71,84,11,11,11,15,15,16,12,15,17,28,25,35,20,17,23,81,71,101,20,21,20,35,27,21,69,49,55,11,17,16,113,115,194,13,19,11,46,50,66,77,73,65,26,16,28,11,20,19,16,12,15,25,14,12,25,15,22,27,21,22,54,52,42,12,15,20,14,19,13,17,22,22,89,45,142,19,21,27,14,18,12,11,16,13,20,20,13,90,88,164,36,59,31,67,46,37,30,34,34,25,37,31,20,24,21,16,21,19,42,55,17,11,19,11,30,35,22,18,21,11,14,23,11,16,26,11,14,27,15,42,48,28,35,39,35,12,26,14,14,20,18,25,29,24,43,48,33,58,67,45,12,28,21,11,22,11,26,29,14,28,27,16,17,22,16,59,54,37,100,92,76,16,27,11,11,16,11,11,19,11,11,20,12,38,103,113,11,23,11,24,48,25,11,19,11,11,31,11,24,34,20,61,44,28
56.5,30,29,22,42,60,75,103,96,171,23,20,24,79,82,66,20,12,19,98,71,115,38,29,30,22,13,19,24,17,22,28,19,26,23,18,24,18,13,18,23,17,22,105,81,78,21,13,21,48,17,26,65,53,65,20,11,22,38,69,84,17,15,23,27,11,13,22,19,26,95,71,97,20,22,22,16,12,23,40,32,24,40,73,86,15,11,14,18,12,20,19,15,21,27,24,32,19,15,19,83,78,100,18,24,18,37,25,26,68,46,53,14,11,20,110,120,194,13,22,19,46,56,63,76,78,66,21,16,28,11,17,18,22,14,17,27,14,12,19,17,16,26,23,19,61,56,42,11,13,20,19,16,20,19,17,21,88,45,144,21,16,30,12,20,14,15,11,20,16,22,12,91,90,166,34,50,26,65,46,38,29,34,31,28,38,29,25,23,20,20,18,24,43,56,21,11,18,11,31,31,28,19,21,14,14,28,11,14,23,11,17,27,21,46,44,32,35,41,33,13,19,13,16,24,17,29,31,20,46,40,36,53,69,46,15,27,26,15,19,12,28,25,12,31,29,18,18,22,17,58,56,40,99,91,79,12,30,11,12,18,11,11,13,11,11,23,11,40,105,115,11,23,11,22,49,22,11,26,11,11,27,12,20,37,14,59,42,23
56.75,31,30,25,38,60,70,101,88,170,31,16,27,80,78,72,22,12,22,93,70,112,40,26,31,25,17,25,25,12,27,28,22,28,29,18,29,19,17,20,22,18,22,109,84,84,17,18,20,49,15,24,65,55,63,23,16,22,39,73,87,19,18,20,24,15,16,26,24,27,95,82,98,28,22,26,17,20,21,45,35,30,41,76,87,13,15,14,21,19,21,20,22,22,30,25,39,21,17,20,89,77,102,24,25,23,39,37,22,71,55,57,14,16,13,118,118,197,14,19,20,42,54,65,78,74,62,27,19,29,13,24,22,17,14,17,29,16,15,25,22,19,25,27,22,59,56,41,11,14,20,14,20,20,20,20,23,89,45,153,22,27,30,17,21,17,14,18,17,19,23,18,95,94,167,37,61,31,71,49,39,32,35,34,30,38,33,26,27,21,14,21,18,46,56,24,11,25,11,37,35,26,19,22,13,14,26,12,17,23,13,13,24,18,50,55,30,38,47,37,11,23,16,18,24,21,33,36,26,49,46,39,52,70,48,16,30,28,11,25,15,27,29,18,32,28,20,17,20,18,61,57,42,103,93,85,13,31,11,14,18,11,11,17,11,11,28,11,46,104,115,11,24,11,26,51,28,11,26,11,12,28,14,25,37,18,64,42,23
57,32,27,25,44,55,76,102,89,174,29,13,26,80,79,75,20,12,22,96,74,115,38,29,32,22,15,23,26,13,28,28,22,29,25,19,28,17,12,18,21,19,27,104,83,84,18,12,20,48,15,23,67,57,64,21,17,22,37,71,83,18,21,19,25,14,14,18,25,22,96,79,101,23,23,22,22,17,22,45,35,29,39,74,85,11,13,16,17,19,20,17,18,19,27,29,36,17,16,20,81,76,103,20,23,21,35,27,25,72,48,53,11,16,17,111,116,192,17,23,19,45,57,68,76,77,64,26,19,31,14,18,24,18,13,20,28,11,18,22,21,19,24,26,22,56,58,42,14,12,19,14,18,20,20,19,21,90,44,149,20,28,28,12,22,13,13,13,20,19,23,19,96,93,164,33,59,31,64,46,36,30,31,35,28,40,31,26,24,21,16,24,20,41,53,24,11,24,11,31,36,24,23,18,18,15,25,12,13,27,11,13,26,23,41,52,25,34,40,36,11,24,16,11,25,16,31,32,26,49,48,41,56,73,52,15,29,28,13,23,17,24,31,16,32,27,20,18,24,20,60,58,38,101,96,82,14,28,13,11,19,11,11,15,12,11,25,11,41,105,115,11,25,13,21,51,20,11,21,11,11,31,11,21,37,19,60,47,23
57.25,31,22,22,41,58,72,108,89,172,30,15,20,81,73,72,22,11,23,93,70,110,33,27,30,22,14,15,23,11,25,24,20,25,26,16,25,22,13,20,24,17,23,109,84,84,17,13,20,43,15,21,70,52,69,18,13,19,37,70,83,18,18,22,29,11,12,19,22,22,95,79,98,30,18,25,13,18,18,43,33,30,43,72,90,12,17,11,18,12,20,19,15,19,30,26,34,21,14,18,86,78,99,21,24,23,36,28,24,72,46,53,11,16,17,115,119,194,14,20,16,46,54,68,74,74,65,20,18,26,12,20,20,19,15,15,26,13,14,20,17,14,27,25,22,59,55,40,12,17,18,17,17,19,12,24,19,87,44,145,22,22,29,11,19,13,15,12,18,19,20,16,93,87,163,35,54,26,68,46,38,28,35,32,25,36,29,23,23,19,11,21,16,40,55,22,12,18,11,33,36,22,22,16,13,15,22,11,14,25,11,17,24,17,45,52,29,37,42,35,13,25,14,15,20,17,26,31,22,48,43,36,57,70,47,19,26,26,12,21,14,24,26,12,28,27,17,16,17,17,56,58,36,104,91,84,11,28,11,11,11,11,11,18,11,11,25,11,42,107,113,11,22,13,22,52,19,11,19,11,11,25,11,28,35,20,60,43,23
57.5,30,23,21,37,59,74,98,86,173,23,11,24,79,78,74,18,11,21,97,75,112,36,25,35,20,12,21,27,12,28,26,21,25,27,18,26,21,12,18,22,12,27,108,84,81,18,14,18,46,15,23,64,55,64,21,11,21,39,66,83,18,16,19,24,13,11,23,22,23,98,76,101,23,23,24,17,16,19,42,38,29,42,74,85,11,11,11,17,12,16,17,24,20,32,26,39,19,14,18,90,79,105,20,20,21,31,29,22,64,52,46,13,14,16,113,119,195,12,20,14,48,56,69,79,74,65,25,21,31,14,24,22,20,13,22,27,13,17,23,20,16,28,16,24,53,60,41,14,11,19,18,20,22,18,20,22,88,45,145,23,28,33,12,21,12,13,17,21,22,24,18,100,90,169,35,58,27,68,46,35,29,32,35,25,36,28,23,21,19,16,23,21,43,59,26,12,21,11,37,33,26,15,16,11,11,27,11,11,29,13,17,24,18,49,52,29,37,40,36,14,23,13,15,23,19,26,31,26,46,48,35,57,68,51,13,29,26,12,20,11,30,32,16,34,22,19,20,23,16,58,58,40,100,95,85,11,28,11,11,18,11,11,13,11,13,21,12,44,108,116,11,29,11,21,47,21,11,18,11,11,27,11,23,33,18,67,44,24
57.75,31,24,22,44,59,68,106,93,178,30,12,25,82,81,76,20,15,20,102,67,116,37,29,31,26,13,22,27,11,23,26,22,25,30,21,29,20,11,21,19,15,23,112,85,88,16,17,19,44,13,21,67,56,65,27,14,25,37,71,83,16,17,21,24,14,15,19,20,25,98,77,102,23,25,24,12,13,19,47,38,29,43,74,88,11,18,12,21,15,21,19,16,19,31,25,36,22,17,22,88,79,103,16,22,20,32,31,26,70,53,52,11,13,15,113,120,191,11,21,14,49,52,70,75,75,63,19,21,28,11,23,19,19,21,20,26,13,15,24,21,19,27,23,20,62,60,42,13,15,20,14,19,17,17,21,20,92,47,148,21,23,30,13,17,13,13,14,17,24,24,20,95,94,169,32,59,30,74,51,40,32,31,34,31,42,36,24,27,20,16,23,25,41,56,23,11,22,11,35,37,26,18,27,13,18,26,12,16,24,12,17,26,20,39,56,28,40,42,38,15,24,14,17,17,18,28,34,24,47,48,35,53,67,47,11,31,23,13,25,15,27,29,14,34,28,20,13,23,14,65,56,42,103,98,87,13,27,11,11,16,11,11,17,11,11,24,11,46,105,114,11,26,11,25,49,28,11,19,11,11,27,11,25,42,20,63,48,24
58,29,33,26,39,59,73,107,97,181,30,21,26,87,89,76,21,15,23,98,71,115,36,30,29,26,17,26,27,13,28,26,24,24,25,20,28,19,11,19,22,15,24,111,86,84,19,12,21,49,19,23,67,54,67,25,11,24,40,68,84,19,17,22,25,11,13,22,20,24,100,84,106,24,25,23,17,11,23,44,36,30,45,79,89,12,11,13,19,11,19,17,15,19,33,25,35,19,16,20,88,80,105,21,21,22,39,30,28,68,53,52,13,11,18,117,123,199,17,23,16,48,62,68,76,77,68,22,15,30,15,18,24,20,16,19,25,14,16,26,21,19,27,22,25,54,62,40,18,11,25,15,20,19,15,20,22,89,45,146,20,21,25,13,21,14,11,14,16,20,22,18,95,93,171,32,58,25,72,50,39,32,32,34,30,39,34,25,23,22,16,18,22,46,60,23,12,19,11,31,35,26,20,19,14,14,28,11,14,24,14,17,25,22,41,51,34,36,47,37,13,26,14,17,20,21,29,29,26,47,44,39,60,74,53,14,31,22,13,18,13,25,30,15,25,32,15,18,20,18,62,58,42,103,94,87,11,27,11,11,14,11,11,19,12,11,25,14,43,105,117,12,24,13,25,58,23,11,14,13,11,28,11,23,34,19,61,47,22
58.25,31,31,27,40,62,74,104,99,182,25,19,22,84,87,81,17,15,16,100,76,114,37,27,31,24,13,21,24,11,28,25,18,25,23,15,29,19,15,17,18,12,22,106,85,87,15,11,22,44,13,24,67,55,70,24,13,21,37,71,87,17,19,22,26,11,14,17,12,21,95,76,101,22,22,23,15,11,19,42,34,33,41,75,86,12,12,12,20,14,19,18,15,21,27,24,35,21,15,23,84,77,101,20,21,18,34,28,22,68,54,57,11,11,16,113,121,198,11,20,16,50,60,68,77,83,69,25,19,30,12,21,21,17,16,19,24,13,13,20,17,18,26,25,22,53,60,38,11,11,22,13,13,14,14,18,19,88,44,150,24,20,29,14,19,14,12,15,18,16,21,16,91,95,169,33,58,26,67,51,39,30,35,37,29,39,29,20,27,22,16,20,17,43,62,22,11,19,11,35,38,28,16,20,14,15,24,11,13,22,12,15,26,20,39,48,29,40,42,39,12,26,15,14,24,18,28,35,24,44,47,40,54,71,51,14,31,23,11,21,14,23,31,13,28,28,18,14,21,17,61,59,41,103,93,84,11,23,11,11,14,11,11,13,11,11,22,11,42,107,118,11,25,15,21,55,24,11,22,11,11,28,11,21,36,19,58,43,23
58.5,31,24,24,40,58,70,106,87,182,26,11,28,87,81,81,18,11,18,97,80,117,41,25,34,25,12,22,27,11,29,25,20,27,27,21,29,18,16,18,22,15,25,110,86,83,18,16,18,44,19,21,68,54,62,22,16,22,38,70,83,19,15,19,28,11,13,22,21,22,97,79,102,24,21,23,16,13,21,42,37,29,39,74,86,11,11,16,17,12,18,17,19,16,28,25,35,22,17,22,88,78,108,23,21,23,36,27,27,69,55,55,11,13,17,116,121,199,11,20,15,47,52,65,77,76,63,24,16,28,14,22,22,22,16,20,25,16,14,24,18,22,24,23,23,58,58,39,12,14,23,15,16,16,18,22,22,90,48,150,24,23,29,14,25,14,12,11,18,19,23,17,97,92,170,36,57,31,67,47,38,31,34,37,26,40,27,22,21,22,17,18,20,43,58,25,11,23,11,32,40,25,19,18,16,14,23,11,14,26,11,19,28,22,48,56,28,38,43,40,17,24,16,13,23,16,29,31,22,44,49,38,55,69,50,12,31,24,14,21,16,29,31,16,29,28,16,20,21,18,64,60,44,104,99,86,11,27,11,11,13,11,11,18,11,11,22,11,45,103,114,15,26,11,21,48,21,11,22,12,11,28,13,28,40,20,62,41,21
58.75,28,25,23,39,58,69,101,94,180,23,12,24,87,79,81,19,13,18,95,74,114,36,27,26,26,12,20,23,13,25,27,23,26,26,20,24,21,13,22,28,19,27,109,88,83,20,16,22,49,15,23,73,60,66,19,13,20,37,65,84,18,15,18,28,13,15,23,21,19,100,81,106,21,22,18,13,16,20,47,37,31,43,73,86,13,11,11,16,16,17,19,18,20,30,26,36,22,13,22,87,81,105,21,23,20,35,31,21,65,51,57,14,15,18,115,118,198,16,24,15,49,57,70,81,76,68,21,24,33,12,23,20,19,12,19,28,16,14,24,18,24,27,24,20,58,59,39,15,12,21,15,17,19,13,20,17,97,44,151,25,24,30,14,23,16,15,20,19,19,22,15,97,97,171,34,56,30,69,46,38,32,33,35,31,37,34,23,24,23,15,19,23,46,58,25,12,24,11,34,36,27,19,20,11,11,23,11,14,22,13,14,27,19,47,54,31,39,42,40,17,27,16,15,21,16,31,36,26,51,48,38,56,73,52,16,30,25,13,20,15,24,30,13,35,25,17,16,22,15,63,62,37,107,97,84,11,24,11,12,16,11,11,20,11,11,26,14,45,103,115,11,26,13,22,47,28,11,23,12,11,25,11,23,37,18,62,45,22
59,29,28,22,38,60,67,109,100,187,28,21,23,90,94,83,19,15,17,103,76,118,36,28,28,22,14,26,26,13,25,28,21,25,26,22,27,21,13,20,20,15,24,105,85,86,12,17,17,46,15,24,66,53,65,23,12,22,35,71,84,14,19,17,25,11,12,20,17,22,103,79,102,20,18,18,16,11,19,44,38,28,39,70,87,11,11,11,16,12,20,16,15,19,28,21,38,20,14,20,87,84,107,19,18,21,38,28,22,65,47,51,11,11,15,117,125,200,11,21,16,47,59,71,76,79,69,24,17,28,14,17,24,18,13,18,27,11,16,23,14,18,26,21,18,57,59,41,11,11,17,13,15,17,17,15,21,89,42,152,24,22,29,11,16,13,14,11,19,18,21,13,95,98,169,38,57,29,67,53,35,32,31,37,29,37,32,21,22,21,16,16,19,45,66,26,11,18,11,29,33,25,19,16,17,14,25,11,16,21,14,20,26,21,43,46,35,38,44,37,14,25,14,13,20,14,29,32,22,46,49,40,52,74,50,18,29,25,11,19,11,25,25,16,30,32,18,20,18,19,64,58,41,106,91,86,11,26,11,11,15,11,11,11,11,11,24,12,38,109,113,13,23,11,23,51,24,11,20,11,11,28,13,24,36,18,57,48,20
59.25,33,27,26,38,57,71,106,95,185,31,18,23,92,91,81,20,16,19,103,82,123,36,33,29,27,14,24,25,13,26,29,21,27,27,22,29,23,19,20,19,11,21,112,86,86,14,14,16,47,18,27,66,57,63,20,11,18,39,68,84,16,16,20,25,13,17,19,16,24,98,82,104,19,20,20,15,12,18,47,33,36,40,71,88,11,11,13,18,15,20,16,14,22,31,26,38,21,14,19,89,80,108,20,22,21,35,28,25,68,50,53,11,11,21,118,121,202,16,22,17,52,57,71,75,81,69,26,17,30,11,21,16,19,16,19,29,12,15,24,20,17,31,23,23,56,53,39,11,11,22,14,19,24,16,19,22,88,46,150,18,21,29,12,19,15,11,11,16,19,22,16,96,97,172,36,57,30,64,52,40,29,34,35,31,36,29,24,22,22,15,15,22,49,60,28,12,22,11,33,31,22,17,19,15,17,19,15,14,26,14,19,20,19,50,47,27,38,44,37,11,20,17,16,20,18,29,31,26,46,45,41,58,75,53,14,26,26,11,16,13,27,29,17,31,33,19,21,20,22,64,66,43,105,90,85,11,26,11,13,16,11,11,18,11,11,25,14,39,107,112,11,25,11,25,54,23,11,17,11,11,28,13,22,33,16,63,46,26
59.5,29,25,24,36,56,68,111,93,190,25,12,23,88,80,81,19,13,23,104,80,121,40,28,35,24,15,24,25,16,30,28,20,28,28,21,30,18,13,18,23,19,27,111,92,89,19,19,23,47,16,24,68,59,65,20,17,21,36,67,86,19,21,21,25,14,16,20,23,21,105,84,107,26,22,24,14,17,25,46,39,32,40,72,85,11,13,11,19,16,24,21,22,23,31,29,39,19,20,23,88,82,110,21,24,24,35,33,27,70,55,53,13,18,19,119,126,201,14,21,17,44,55,68,80,82,67,19,17,31,15,20,22,22,20,21,22,19,16,21,20,18,24,29,23,54,62,38,12,17,20,11,20,19,16,24,21,88,49,152,18,27,29,16,22,18,15,18,22,21,24,21,100,100,179,36,60,29,66,51,34,28,34,37,27,39,33,22,26,24,16,26,20,46,60,28,11,21,11,34,36,28,20,23,16,16,24,16,13,23,12,13,27,19,41,57,29,38,42,38,12,22,18,14,22,20,27,39,23,50,49,39,54,75,51,19,33,27,13,24,18,26,32,18,34,26,23,19,21,17,66,66,46,105,96,89,11,27,11,11,17,11,11,21,11,11,23,11,41,108,116,11,29,11,26,52,27,13,22,11,11,31,11,28,41,22,59,45,27
59.75,28,27,24,38,61,70,108,102,191,25,22,26,92,93,87,20,15,21,104,78,117,35,28,29,23,13,21,27,13,26,28,20,25,27,19,27,18,14,19,23,14,26,111,91,83,17,11,20,51,14,24,67,60,62,22,11,21,41,68,88,17,17,21,24,11,13,18,16,19,97,83,108,23,24,22,16,13,20,49,36,35,37,70,87,11,11,11,21,12,19,19,16,20,30,28,37,20,13,20,88,83,107,19,18,23,32,27,22,70,51,56,11,11,13,116,122,199,15,23,15,50,57,67,82,86,72,20,15,26,12,15,18,18,14,21,23,13,16,21,13,18,26,25,21,59,63,37,11,11,20,16,15,22,20,18,21,89,44,149,18,19,27,11,18,11,17,11,17,18,19,22,94,98,172,37,57,29,67,53,35,26,34,30,28,37,31,21,23,20,15,16,19,51,65,27,11,22,11,33,33,24,16,18,14,15,24,11,17,21,15,19,24,25,38,46,29,43,44,38,12,19,15,13,18,16,26,32,26,48,43,38,55,78,50,18,27,25,11,19,13,24,29,12,29,31,17,17,22,19,67,65,43,104,93,88,12,25,11,12,12,11,11,14,14,11,24,16,41,107,114,11,24,12,23,52,24,12,22,11,11,29,13,25,37,18,58,45,20
60,31,29,21,41,64,70,110,96,192,30,20,27,94,93,84,22,17,18,104,79,119,39,27,29,27,13,24,26,11,25,27,20,23,31,21,32,22,13,18,20,12,23,113,89,85,18,14,19,52,17,24,72,59,67,22,11,19,42,73,86,23,18,21,27,11,16,21,17,21,108,84,112,25,24,21,16,11,17,54,35,34,41,72,89,11,11,11,20,15,22,19,13,17,33,23,41,22,12,22,94,84,106,22,22,22,37,25,27,66,53,51,13,13,19,120,126,201,19,21,16,54,58,73,86,86,67,26,21,31,16,15,20,20,16,17,29,11,16,28,16,19,28,25,24,60,61,43,11,11,20,16,15,17,20,17,19,91,47,146,24,21,31,15,21,13,14,13,17,24,22,16,105,103,175,36,63,30,68,52,38,30,33,34,33,38,35,23,28,25,15,15,20,56,67,28,13,19,12,36,30,25,24,21,18,14,27,12,15,24,13,19,26,21,52,51,29,40,43,37,11,24,13,21,16,19,32,38,26,52,48,41,63,74,56,15,27,24,12,17,13,25,30,11,36,32,17,18,22,18,67,64,47,107,95,91,12,27,11,14,15,11,11,11,11,11,24,11,46,109,117,12,27,11,24,53,23,11,23,11,11,27,13,29,36,21,67,47,24
60.25,33,21,27,42,60,73,110,96,194,32,16,23,91,85,83,22,11,15,110,78,120,41,28,30,29,16,24,28,18,26,29,22,27,34,21,26,23,11,20,24,13,20,117,94,88,18,17,19,55,16,25,77,60,69,23,19,16,42,70,87,20,18,20,29,11,17,21,22,20,105,83,112,29,21,24,23,16,20,54,35,31,46,73,88,15,16,12,21,18,19,23,23,24,32,30,36,21,16,19,92,83,107,19,25,20,38,31,28,72,52,55,14,14,19,123,126,201,16,22,17,51,57,71,85,81,72,27,21,32,13,19,19,18,16,17,28,16,17,26,20,18,29,23,28,67,63,44,18,13,21,18,19,23,19,20,20,92,45,152,25,24,30,17,21,16,14,15,21,20,19,16,100,102,176,39,65,26,72,51,34,33,32,34,33,41,34,25,27,21,19,21,24,57,62,28,14,23,11,33,36,25,22,22,11,18,29,11,13,25,11,18,24,19,41,52,29,38,41,37,18,25,14,16,19,20,31,33,23,52,49,39,57,74,48,21,27,30,16,25,17,26,27,12,36,24,22,19,23,17,70,65,40,109,96,89,16,25,11,11,15,11,11,16,11,11,21,11,47,105,114,14,22,11,26,49,20,11,20,11,11,29,11,33,39,25,62,45,30
60.5,34,27,25,45,59,71,115,95,196,34,11,24,99,89,87,22,11,23,107,78,119,42,25,29,21,15,22,28,12,25,30,23,25,29,15,31,21,11,19,23,19,21,117,92,89,19,21,21,48,16,22,70,62,70,21,11,18,42,73,86,23,19,20,25,11,11,23,20,24,106,87,109,26,19,22,18,15,18,54,39,35,44,72,89,15,14,13,21,21,17,22,18,21,29,29,34,23,18,19,92,85,112,23,24,21,33,29,20,72,56,56,15,19,19,122,128,205,17,20,18,47,57,67,83,82,68,30,20,32,14,22,17,21,17,20,27,17,15,27,19,15,30,26,23,63,62,40,15,16,23,18,19,19,21,17,21,96,46,151,26,25,28,12,23,13,17,15,18,22,22,17,104,100,179,40,64,30,71,48,37,36,36,34,33,41,36,24,26,20,17,21,22,49,64,29,17,24,11,37,38,26,20,19,11,19,23,12,17,22,13,16,25,21,42,56,30,38,40,35,14,27,14,15,25,19,32,36,25,52,52,41,54,73,51,19,30,28,14,20,12,29,28,16,33,28,17,18,20,16,69,68,44,108,103,90,12,25,11,13,17,11,11,16,11,12,23,12,43,109,113,13,24,13,27,47,27,11,24,11,11,26,11,25,40,17,59,49,22
60.75,32,27,24,42,59,69,108,100,195,27,19,22,93,95,83,23,12,16,107,80,123,38,32,28,27,17,22,27,12,27,29,20,26,28,18,29,19,17,17,23,16,23,116,91,87,20,11,19,51,15,23,70,61,66,23,12,23,38,71,83,19,17,20,29,11,15,21,19,23,101,86,109,25,24,19,19,11,18,54,42,32,48,72,93,13,11,13,24,14,20,25,13,23,32,30,40,23,17,23,95,88,111,23,21,21,36,31,20,72,50,54,12,12,17,120,131,206,16,21,15,50,59,70,87,85,68,25,20,33,13,19,20,23,18,23,26,14,14,26,15,19,26,24,23,59,58,39,20,11,22,16,12,17,18,20,18,89,45,147,26,22,32,14,21,16,13,13,17,21,21,17,99,102,177,34,62,29,73,49,39,32,37,38,33,39,34,25,23,21,19,16,23,58,68,27,12,20,11,39,32,32,18,21,11,19,25,13,17,26,11,20,23,21,44,49,29,41,43,38,15,24,12,15,21,16,34,33,26,49,46,37,60,75,53,18,30,29,12,19,16,25,29,16,33,32,19,19,27,17,70,66,49,110,99,90,11,29,11,16,15,11,11,13,11,11,22,12,44,105,111,11,20,12,26,51,24,11,22,11,12,32,13,29,39,23,66,45,24
61,31,26,24,41,57,72,111,103,200,28,16,21,97,94,88,19,12,16,112,82,125,38,30,31,26,11,22,26,11,27,30,18,27,30,18,28,23,14,17,21,14,21,117,93,87,18,13,20,50,16,25,71,62,66,27,16,22,38,72,84,21,16,21,29,11,15,22,19,23,106,85,116,22,19,22,17,16,17,54,39,36,42,77,83,16,12,18,20,16,21,20,20,22,33,26,38,25,15,23,92,86,109,19,21,19,41,26,25,71,55,59,14,14,17,124,126,202,18,21,16,51,61,70,84,79,67,25,16,29,13,21,22,23,16,18,31,16,18,20,19,18,26,25,23,60,65,38,14,15,18,16,18,16,19,15,23,93,45,155,21,26,31,12,21,11,18,12,19,24,21,20,98,101,179,41,63,32,74,51,43,35,35,36,32,44,34,26,24,20,15,21,22,55,65,28,12,21,11,35,39,26,21,18,15,22,20,14,19,25,12,19,22,19,42,52,30,40,46,38,15,27,11,17,22,19,35,31,25,55,50,46,61,75,53,19,30,24,18,19,14,28,30,17,31,29,17,16,21,18,69,67,46,107,100,91,11,28,11,13,15,11,11,15,11,11,29,13,47,107,116,12,28,11,28,53,31,14,20,11,11,30,11,31,44,19,61,42,23
61.25,29,28,22,40,60,71,112,97,196,30,22,25,99,99,86,22,16,19,111,85,122,41,31,27,23,13,23,27,11,27,31,22,24,29,18,27,21,13,17,26,12,25,120,91,89,22,14,20,51,16,26,74,64,66,25,14,19,36,70,82,18,17,20,23,12,11,22,22,21,103,84,111,28,20,23,20,11,18,51,42,31,43,71,89,12,11,11,17,15,17,22,14,21,31,22,37,21,12,18,94,85,109,23,24,22,38,26,25,74,53,53,14,11,16,125,128,202,16,20,15,49,57,71,79,86,69,26,15,31,18,16,22,19,14,20,24,13,13,25,17,18,28,24,20,64,56,38,14,11,19,17,15,16,17,18,21,92,46,149,23,22,32,18,19,13,14,11,19,16,19,17,102,101,178,39,58,27,70,53,37,34,34,33,31,35,29,25,22,21,18,20,21,55,67,34,11,17,11,35,33,25,24,17,15,19,22,14,22,24,16,17,23,19,40,48,26,42,45,38,15,21,16,17,19,15,33,32,25,53,46,39,57,75,49,16,28,28,12,14,13,24,27,13,32,33,16,18,20,12,70,68,45,108,100,91,13,27,11,12,15,11,12,11,11,11,20,11,45,106,112,15,25,13,27,52,27,13,21,11,11,29,11,30,40,21,61,51,19
61.5,37,30,25,41,63,72,113,102,197,27,22,22,101,98,87,22,14,20,108,87,125,43,29,31,26,13,19,28,12,27,29,20,27,28,21,26,22,15,16,23,12,24,115,92,87,18,15,22,46,14,21,74,64,68,25,11,17,40,71,88,19,16,19,27,11,13,22,18,22,104,88,111,22,25,23,18,12,17,51,41,32,41,76,94,15,11,12,17,11,18,19,20,19,31,26,36,22,11,17,96,91,110,22,16,22,37,27,24,74,52,57,13,11,20,120,128,201,13,24,11,49,58,70,84,82,70,23,19,28,12,17,21,17,17,18,28,13,18,19,15,17,31,26,24,66,62,41,13,12,19,18,18,23,18,17,22,89,45,151,24,22,29,14,25,14,16,12,21,20,20,14,105,103,182,38,59,28,69,52,41,31,35,35,31,39,33,26,20,23,16,18,21,53,71,29,14,17,13,36,32,28,22,20,15,13,23,11,16,23,12,19,22,22,41,48,28,38,45,35,15,24,15,16,21,14,34,34,28,47,48,37,56,81,50,17,27,28,12,20,13,25,29,16,30,33,20,20,26,18,75,68,45,111,98,90,11,24,11,14,15,11,11,18,11,11,24,11,42,104,115,11,23,11,22,52,23,11,22,11,13,26,14,23,42,16,63,44,24
61.75,32,23,23,41,51,72,114,97,200,31,13,21,100,94,83,24,11,23,110,84,121,44,24,33,24,13,22,27,11,26,32,20,26,31,18,27,22,11,20,19,13,20,120,93,92,16,13,17,48,14,21,73,63,66,23,14,22,41,68,85,21,20,20,29,13,17,20,20,19,106,87,111,28,22,22,16,13,20,55,41,35,37,74,89,11,12,11,17,14,17,20,16,20,34,28,39,23,12,20,101,86,113,19,19,19,34,29,27,73,55,53,11,15,16,124,131,204,13,21,12,50,54,67,85,82,72,26,21,32,13,16,19,18,11,17,32,16,16,27,16,22,31,25,20,63,58,41,11,13,18,17,19,22,18,21,20,94,44,154,20,27,28,12,21,11,11,11,12,21,21,17,103,100,182,39,60,32,69,45,38,30,33,31,30,40,30,24,25,20,18,20,18,52,67,29,11,25,11,40,37,30,21,22,11,19,25,12,16,25,14,16,27,18,42,56,27,42,40,38,16,24,17,15,17,16,26,34,20,51,51,37,57,72,49,14,29,26,14,21,14,29,28,13,31,23,20,20,19,16,73,68,46,109,96,90,11,25,11,13,18,11,11,15,11,12,24,11,45,101,115,11,25,11,26,49,24,14,20,11,12,26,11,27,37,15,63,38,24
62,29,32,24,44,62,75,114,102,199,31,21,23,101,102,84,21,15,24,114,85,131,39,32,30,25,16,21,25,12,26,30,23,27,27,21,27,21,12,19,23,12,22,117,99,93,14,11,17,48,16,26,76,66,69,22,11,19,42,67,91,19,15,19,24,11,12,20,18,21,105,89,116,20,24,22,15,15,19,51,44,33,39,76,90,12,11,16,19,12,20,16,16,19,31,27,41,24,13,19,95,88,118,18,19,19,34,28,23,76,55,58,11,15,13,126,130,204,19,21,16,48,60,68,84,89,77,22,17,34,13,17,22,19,15,23,28,11,16,24,17,20,27,23,20,66,62,45,13,11,18,15,16,20,20,18,21,92,45,149,21,19,27,12,22,13,15,11,19,21,23,21,106,105,178,40,59,29,68,49,38,33,32,35,29,42,32,20,26,22,18,16,25,53,71,27,13,17,11,32,36,24,17,16,12,18,22,13,13,20,14,16,23,20,45,48,29,42,42,38,14,19,14,14,20,16,29,34,23,50,48,38,62,78,52,17,25,29,15,16,15,26,31,13,34,34,23,19,23,16,78,68,52,110,97,93,11,29,11,11,17,11,11,15,11,11,31,11,47,105,113,11,27,11,25,52,29,12,21,11,11,27,12,28,39,20,64,42,23
62.25,29,28,28,36,64,71,111,105,205,26,22,24,95,100,81,20,15,19,110,87,123,41,31,31,24,14,22,25,13,26,26,20,25,30,21,26,19,17,16,21,13,26,118,95,91,17,12,17,51,14,20,70,66,64,21,12,21,35,69,82,22,17,21,26,11,17,23,16,26,104,90,112,21,22,24,21,12,22,53,46,36,45,72,90,14,11,11,17,16,17,18,17,21,32,25,37,22,17,22,94,86,114,20,17,21,36,27,23,75,56,54,12,12,17,127,128,206,15,23,15,50,60,71,84,89,76,28,19,34,14,20,21,19,19,22,28,13,20,21,16,20,28,26,25,60,65,43,14,11,16,15,15,19,19,19,17,89,45,149,21,19,28,11,23,15,11,12,17,20,27,16,101,103,180,38,58,32,70,52,41,31,36,35,30,38,32,25,19,24,16,13,25,62,74,33,14,20,11,34,30,25,20,18,14,15,23,15,20,20,17,16,24,18,40,48,28,41,45,40,11,23,12,13,22,13,34,35,28,51,49,39,55,80,54,16,29,25,13,19,13,23,27,16,36,34,19,22,15,17,77,71,46,116,103,93,11,26,11,18,17,11,12,16,11,11,25,16,46,103,113,11,27,15,25,51,23,11,21,11,11,30,11,30,38,18,61,43,20
62.5,30,32,21,42,62,72,117,109,206,29,22,24,101,107,81,23,13,23,113,89,127,41,30,32,21,15,21,27,12,27,25,23,23,27,19,26,23,17,21,23,11,23,120,96,89,19,16,20,50,18,25,74,61,66,25,12,21,39,74,84,21,17,20,26,11,13,23,22,24,111,87,120,27,25,24,19,11,22,53,42,36,43,73,89,13,11,13,17,11,20,20,19,22,32,26,40,23,19,20,98,88,116,20,20,20,39,26,24,78,59,58,11,14,16,128,135,204,13,19,16,51,55,72,87,87,74,29,20,34,14,20,23,22,16,17,26,13,18,24,16,20,27,23,21,63,61,42,13,15,16,18,17,20,19,19,21,92,47,154,23,21,27,16,21,16,20,11,22,16,22,15,106,107,182,39,62,33,71,54,39,31,37,36,33,39,36,21,24,21,22,14,24,56,76,39,13,20,12,36,35,27,20,16,14,17,24,13,17,21,11,16,27,20,40,53,26,39,43,36,16,22,17,18,23,19,32,40,28,50,49,42,61,78,56,18,33,23,11,18,12,27,30,17,35,29,22,20,23,18,75,72,50,115,103,95,13,32,11,17,15,11,11,16,12,11,26,11,44,107,114,12,26,12,28,55,26,12,18,11,11,28,11,26,38,20,58,44,21
62.75,28,30,22,44,64,73,109,102,203,25,20,21,102,108,84,17,17,19,114,81,126,40,31,31,27,11,24,28,12,28,26,20,29,25,20,26,25,14,17,18,11,24,117,99,92,21,11,19,51,18,22,79,65,71,21,11,18,39,68,88,20,15,22,27,11,13,24,19,20,103,91,111,21,24,21,16,16,15,55,45,35,42,72,89,14,11,14,18,11,22,18,12,17,32,26,41,17,13,18,95,87,112,23,20,22,37,26,22,73,57,57,13,11,17,129,136,207,19,19,19,45,61,69,88,86,71,25,16,31,15,19,21,19,18,20,27,12,14,26,18,17,23,21,23,64,63,44,12,11,19,15,13,21,23,19,25,91,49,153,20,21,25,17,23,14,11,12,16,20,24,15,104,104,185,39,60,30,69,56,38,29,33,35,31,36,36,22,22,21,18,13,22,55,71,34,15,21,11,33,30,25,20,16,13,13,24,11,16,20,12,18,26,21,44,50,32,36,46,34,17,20,18,14,21,18,29,33,24,49,50,44,58,79,55,12,29,19,13,15,13,23,32,13,33,32,20,21,22,15,78,68,51,110,99,89,12,25,11,18,16,11,11,15,11,11,26,11,44,108,116,11,27,11,27,53,21,11,22,11,12,24,11,26,42,21,61,42,22
63,33,31,29,40,58,71,113,107,203,31,23,26,108,104,82,20,14,22,117,89,129,42,34,34,28,14,28,30,11,33,26,22,32,29,20,29,18,11,16,23,15,24,119,97,90,16,14,21,50,16,25,75,66,71,21,12,23,41,71,88,20,13,23,30,11,14,22,19,23,105,87,117,24,21,24,20,11,21,55,42,35,44,73,90,13,11,11,20,15,21,19,16,23,33,23,39,22,17,20,97,89,114,21,22,24,37,27,26,73,58,56,17,11,17,128,133,206,13,24,13,51,61,71,89,87,74,27,18,33,12,18,21,19,18,18,31,15,19,26,15,22,28,26,22,65,61,45,12,11,20,14,20,18,20,19,24,92,47,153,19,21,31,12,24,11,17,12,20,20,23,17,108,106,184,38,61,31,70,51,39,30,34,38,33,39,37,27,26,21,13,18,20,55,77,32,11,20,11,34,36,26,17,17,15,15,24,13,19,27,15,18,27,22,47,51,33,41,48,39,14,23,16,16,22,19,31,36,27,50,51,39,59,78,56,18,32,26,11,17,13,23,33,13,34,35,20,20,22,20,79,68,51,114,98,92,12,30,11,12,16,11,11,19,11,11,20,13,44,108,116,13,27,14,27,56,28,11,21,13,11,25,13,29,41,23,68,47,25
63.25,32,32,28,39,60,72,117,103,209,28,19,28,104,105,78,21,16,19,115,88,133,41,31,34,19,16,22,29,12,28,29,25,27,27,22,25,19,18,16,24,13,25,121,97,90,17,15,17,50,15,22,80,63,72,19,15,19,39,70,85,19,17,18,28,12,16,20,16,22,104,88,120,26,24,25,20,11,19,62,41,36,44,75,91,15,11,15,18,13,21,21,14,21,33,24,35,25,16,22,98,89,112,20,20,19,33,29,24,78,55,59,13,12,20,125,130,204,18,23,16,50,62,66,87,87,74,27,21,29,11,18,20,16,17,14,25,13,17,23,15,24,29,22,22,66,63,42,14,13,19,13,17,17,18,18,21,92,48,150,21,21,30,17,21,14,13,11,17,19,20,19,106,106,184,40,59,30,75,55,40,30,34,35,31,42,35,24,26,22,16,21,21,61,75,34,12,21,11,38,33,29,20,17,13,14,26,11,16,22,13,18,22,23,39,55,29,42,47,40,11,22,18,17,19,23,33,32,28,51,49,41,59,82,52,17,30,27,11,20,17,24,31,16,33,33,20,19,23,15,83,76,52,110,101,90,13,27,11,14,21,11,11,20,13,11,24,13,44,105,116,11,24,11,28,50,25,13,19,11,11,24,13,31,39,20,60,43,23
63.5,33,23,29,38,60,67,116,97,208,26,11,22,107,99,81,22,11,22,113,88,132,46,29,35,23,13,22,29,14,28,28,23,26,28,16,27,20,11,17,22,20,23,120,100,92,20,16,22,49,16,19,76,67,66,24,11,18,38,72,87,24,17,25,30,12,16,23,18,19,110,91,122,23,23,22,19,16,20,56,46,39,43,73,89,15,16,12,21,17,19,15,20,18,34,30,40,25,13,22,100,87,114,21,23,22,37,32,24,69,53,55,17,19,20,128,134,203,16,21,15,50,59,72,92,83,77,28,23,31,11,17,19,19,14,23,27,17,17,25,18,18,27,22,25,64,67,45,12,17,19,16,17,20,17,23,20,94,47,151,25,27,34,15,20,13,17,15,21,22,24,18,106,108,184,44,58,37,73,53,43,34,32,35,32,44,37,23,23,22,18,19,23,60,71,32,13,25,12,34,38,24,20,20,14,16,25,12,20,26,16,23,26,23,42,59,33,40,45,36,15,23,14,18,20,21,29,35,25,54,51,40,58,77,51,14,28,25,11,26,14,29,29,18,31,24,19,21,19,18,82,75,52,113,103,96,11,23,11,16,15,11,12,16,11,14,27,13,47,104,119,13,26,12,25,54,22,13,20,15,11,30,11,25,39,19,61,43,24
63.75,27,24,26,39,60,68,109,101,210,27,12,22,105,99,83,20,11,19,117,88,132,45,23,30,17,11,15,25,11,28,29,18,26,27,17,29,24,11,18,27,17,22,123,99,92,17,16,18,51,13,22,78,64,72,22,11,17,41,74,89,18,18,19,27,11,14,23,20,23,106,94,120,23,21,23,26,17,23,57,47,39,43,74,87,16,14,13,22,19,23,20,18,16,35,26,35,22,12,21,100,89,116,18,22,23,39,30,21,75,59,55,17,14,18,131,135,202,18,20,17,55,61,71,93,87,80,29,17,35,16,24,22,20,15,19,26,15,13,24,17,19,24,23,18,61,61,44,15,13,17,18,18,19,19,24,19,92,51,151,23,23,29,17,23,12,12,12,16,18,20,18,107,105,188,40,65,31,72,51,40,32,37,38,37,42,35,28,24,27,19,21,24,61,78,32,11,24,12,36,33,25,25,19,17,15,25,12,16,23,12,20,27,23,41,55,30,39,46,39,16,26,13,14,22,18,33,37,27,55,53,39,63,78,54,17,33,24,15,19,12,25,29,14,35,29,18,21,20,18,81,76,53,115,100,95,13,27,11,12,18,11,11,16,11,11,20,11,43,103,117,15,26,13,23,53,26,11,17,11,11,25,12,30,39,22,63,44,22
64,27,31,25,38,62,72,115,104,213,29,24,28,107,107,81,19,15,20,113,93,130,43,36,32,24,17,23,24,12,29,26,21,24,27,17,25,18,14,17,23,14,25,122,102,95,20,13,19,54,19,23,78,65,72,24,14,24,37,71,80,19,15,19,28,12,15,20,21,24,107,92,117,23,22,24,22,11,20,60,45,35,47,73,88,15,11,17,22,13,20,22,16,18,32,26,36,26,13,24,100,96,116,22,22,17,35,28,26,70,57,53,13,11,17,130,133,204,18,22,14,52,62,67,93,94,75,28,17,34,14,17,19,20,12,19,26,14,16,25,20,20,29,23,26,61,66,47,17,11,21,19,18,21,23,18,22,95,44,155,27,23,31,22,19,14,17,13,17,19,25,16,109,107,190,42,59,31,74,55,41,29,34,33,35,40,36,25,24,24,17,18,23,65,78,31,17,18,11,35,31,23,21,17,12,17,25,13,19,20,18,15,18,18,42,49,30,42,45,40,20,19,15,17,21,17,39,32,28,56,53,39,59,82,55,20,33,26,11,20,13,29,30,14,38,32,21,19,23,20,83,75,52,110,100,94,14,24,11,14,17,11,12,13,11,11,26,14,42,105,112,17,29,11,29,54,23,12,18,11,11,28,11,32,39,25,63,41,23
64.25,30,27,23,43,59,73,117,102,211,29,11,28,107,102,81,21,12,21,114,89,129,39,27,28,24,11,22,28,11,28,27,19,27,28,18,25,20,11,19,24,16,24,124,98,92,20,11,21,51,14,24,75,68,68,25,12,21,40,70,85,22,16,21,30,11,16,26,22,25,107,92,120,21,21,22,20,15,21,61,45,41,41,74,89,14,11,15,16,18,16,19,20,20,37,32,41,25,14,20,101,93,119,22,21,21,37,32,25,74,53,57,16,22,18,133,136,200,15,20,17,51,58,65,92,90,77,25,24,35,13,21,22,20,18,22,26,14,14,26,17,20,25,25,21,61,60,41,17,18,20,16,19,17,19,20,21,93,50,153,23,24,28,17,21,16,14,14,21,23,25,19,113,105,189,37,61,28,72,50,37,31,34,37,36,43,33,22,25,22,16,17,23,67,77,35,15,20,11,35,37,27,19,15,14,17,24,14,15,22,11,20,30,20,46,55,32,41,44,38,16,25,18,13,24,18,33,35,24,53,54,41,62,78,55,19,30,26,11,22,12,29,31,16,40,27,22,15,22,15,85,74,56,111,94,96,11,23,11,15,16,11,11,16,11,12,22,12,42,102,115,13,25,11,24,54,26,11,17,14,11,25,12,30,41,19,66,43,25
64.5,27,28,24,40,58,73,115,101,215,29,12,26,109,103,81,23,11,22,119,97,132,41,30,33,25,12,21,28,11,33,30,17,23,25,20,24,19,12,15,20,11,20,121,99,99,18,17,20,54,14,25,78,67,72,24,14,16,41,73,89,22,17,19,26,11,13,20,19,25,110,94,124,20,20,21,19,13,19,60,47,40,43,75,88,11,11,11,18,12,18,20,15,22,32,29,38,24,16,22,101,94,113,25,21,21,37,30,27,75,60,61,15,15,18,131,133,201,15,18,13,50,60,67,94,89,80,29,20,33,14,22,22,19,14,18,28,18,12,23,16,20,26,24,29,63,63,44,14,11,21,14,12,16,23,20,21,93,49,154,22,21,31,14,20,13,11,16,16,18,22,17,112,108,188,40,62,31,74,58,40,33,38,36,34,38,33,26,25,22,16,16,23,67,73,36,11,21,11,34,38,26,22,20,12,15,26,11,22,25,16,16,27,23,40,55,30,40,39,36,15,24,13,16,23,18,33,32,24,54,52,40,61,80,59,17,29,24,12,23,15,25,29,13,33,27,20,23,24,21,85,80,54,115,96,92,15,27,11,14,11,11,11,16,11,11,24,11,47,104,117,11,29,12,28,56,27,11,25,11,11,29,12,25,36,16,63,46,25
64.75,31,25,23,44,60,73,117,104,212,35,19,23,111,104,77,19,15,16,121,94,125,42,30,33,28,11,22,30,11,26,31,18,27,27,20,31,21,15,15,21,12,20,123,100,93,16,16,16,52,17,21,80,67,69,26,11,19,43,71,86,20,15,17,28,11,12,23,21,22,108,94,119,24,20,19,16,11,19,61,45,41,43,75,90,14,11,12,21,12,20,21,14,19,33,26,40,26,16,19,99,92,118,25,19,20,34,23,25,80,57,57,12,11,15,133,134,201,19,20,15,52,61,70,93,94,80,29,21,33,18,19,21,19,18,17,28,14,15,26,14,11,31,24,27,67,60,44,13,11,19,19,18,16,22,17,20,91,45,153,22,21,30,15,20,11,12,12,19,21,20,17,111,113,187,38,58,28,71,53,41,31,32,36,34,39,35,24,24,22,17,16,23,62,77,37,18,19,13,39,33,26,23,17,11,18,21,16,18,22,11,20,22,19,47,49,34,40,50,33,13,23,13,16,19,16,35,33,24,56,50,39,61,83,58,17,28,23,13,17,11,26,23,15,35,35,23,18,17,18,86,78,57,119,102,97,17,25,11,14,19,11,11,15,11,12,22,14,47,104,115,11,27,11,26,54,22,14,22,11,11,25,14,32,38,20,61,44,20
65,32,27,25,41,62,71,116,107,216,26,18,24,110,112,77,22,14,19,118,94,130,39,27,29,24,17,21,27,11,28,26,20,24,26,19,29,19,17,15,24,13,23,121,102,95,20,16,21,50,13,25,76,67,73,21,11,20,39,72,86,18,14,16,22,11,11,23,18,19,111,99,127,25,24,24,18,14,18,61,45,37,43,72,87,12,11,11,18,13,17,18,18,18,32,27,34,23,18,24,102,91,121,19,20,18,38,28,23,75,54,60,12,14,19,132,136,196,18,21,17,55,60,68,91,95,80,25,22,33,14,20,20,17,17,13,27,11,15,24,15,20,26,23,25,64,60,45,16,11,22,13,19,14,16,19,17,94,48,154,21,24,28,13,20,13,12,13,17,17,19,18,111,111,190,40,59,32,72,60,38,29,35,32,34,39,33,23,23,25,17,18,22,61,79,32,11,22,11,34,33,27,18,20,12,19,29,12,18,23,15,22,22,22,43,48,30,38,41,34,15,21,15,16,18,20,28,33,26,53,50,40,61,82,56,14,27,23,11,16,13,27,29,16,35,32,21,19,20,17,83,82,55,112,100,93,11,26,11,17,18,11,11,16,11,11,19,11,44,106,113,11,25,11,27,52,26,12,18,11,12,27,13,33,42,20,61,40,22
65.25,33,31,24,41,64,71,121,108,217,31,23,25,114,114,87,21,16,18,121,97,131,44,35,34,26,15,24,29,11,30,27,20,25,29,21,28,23,16,22,22,13,25,124,102,101,18,13,17,52,19,26,82,70,75,25,11,21,39,73,89,20,15,20,31,11,17,24,19,25,115,95,129,25,22,22,15,12,21,63,49,43,41,75,94,13,13,13,19,11,21,24,18,22,30,27,41,23,14,23,102,97,123,21,20,23,40,31,26,79,58,60,13,14,20,135,139,199,15,23,19,54,66,70,94,93,82,26,23,33,15,19,22,19,16,20,26,12,16,24,18,19,30,24,22,68,66,45,15,11,19,14,12,19,17,20,22,87,47,151,20,21,28,13,20,15,15,14,18,22,19,19,113,114,194,41,59,35,76,56,39,34,36,41,34,43,37,27,20,24,18,18,24,68,81,37,15,21,13,37,39,25,21,17,15,18,26,13,15,24,11,18,24,23,42,50,33,42,45,37,15,25,14,16,21,20,34,39,28,55,53,43,62,84,59,20,27,28,14,18,14,25,29,15,34,36,19,19,19,20,90,82,60,116,105,97,13,25,11,16,18,11,11,17,11,14,27,15,45,110,115,16,26,17,26,54,23,12,18,11,12,31,12,29,39,25,60,49,24
65.5,33,32,29,43,60,74,117,106,217,25,22,22,113,114,79,20,19,22,124,97,129,39,33,31,28,11,22,29,13,30,30,25,29,30,20,27,20,15,21,21,13,25,124,105,98,15,14,18,52,14,21,79,72,71,21,11,19,38,73,86,20,11,16,28,11,15,19,20,23,114,96,124,24,21,22,16,11,19,59,44,42,42,75,85,12,12,11,18,11,20,17,16,17,31,28,36,24,15,21,100,94,121,21,21,22,38,24,23,75,59,60,14,11,19,136,140,198,17,20,17,53,65,71,95,93,76,26,17,35,13,21,19,22,17,20,25,11,16,26,16,20,27,24,23,65,61,46,13,11,21,21,14,21,23,19,20,91,48,150,22,20,26,17,19,14,15,12,17,20,18,15,109,115,190,42,59,30,71,53,37,30,34,35,33,37,37,23,21,23,19,19,22,66,83,38,11,21,11,36,35,27,21,19,11,18,20,12,18,23,11,17,25,20,42,53,33,39,47,36,15,26,11,18,20,19,36,36,28,52,49,43,59,82,56,15,27,22,12,15,11,28,32,14,34,34,19,20,22,16,91,85,56,117,102,93,11,30,11,15,19,11,11,15,11,11,23,11,42,105,115,15,28,13,27,51,25,14,19,11,13,27,11,28,40,19,62,43,22
65.75,28,22,26,42,59,69,120,100,217,29,11,24,112,107,81,20,11,20,120,92,124,43,28,29,27,11,23,28,11,25,31,18,28,27,16,27,23,11,20,26,14,22,129,105,96,17,14,16,54,20,23,79,70,68,25,13,20,45,72,84,18,17,22,26,12,13,20,23,22,111,93,123,22,21,21,21,11,18,63,51,40,46,72,91,12,15,12,18,15,18,21,18,23,35,28,35,24,16,22,102,91,121,21,18,20,39,29,25,78,63,58,15,15,15,134,138,197,16,19,15,56,61,73,95,91,76,29,16,31,19,22,22,16,16,17,26,18,16,22,15,19,25,21,22,66,66,47,16,11,20,16,17,16,20,17,23,91,51,155,24,27,28,18,19,12,20,11,22,20,21,16,112,111,192,40,60,26,70,50,37,32,32,35,39,43,38,29,23,25,20,20,23,67,79,40,11,24,11,38,38,26,25,18,15,20,27,11,16,23,11,16,27,19,40,61,30,43,42,40,14,24,11,17,16,17,35,33,25,57,53,42,61,79,55,18,27,30,14,24,11,30,27,17,36,27,18,21,18,18,89,82,59,115,102,94,17,24,11,13,19,11,11,17,11,11,23,13,42,102,113,11,24,11,31,51,24,11,19,11,11,24,11,29,42,18,62,44,18
66,32,27,25,42,61,73,115,105,217,30,13,24,117,114,80,24,15,21,123,92,131,47,24,32,23,12,16,29,11,27,27,18,20,26,20,26,23,13,22,24,11,22,126,103,98,18,13,18,52,17,26,83,67,73,26,12,19,40,73,87,21,15,18,28,12,14,23,15,20,113,94,124,23,22,22,16,16,19,61,51,43,41,73,91,15,12,14,21,12,18,17,17,19,31,27,37,19,14,17,103,97,123,21,20,18,38,29,25,74,57,59,12,11,11,132,137,194,14,21,14,54,65,72,95,98,78,25,19,31,13,19,20,19,16,20,27,13,17,21,13,17,27,21,23,68,63,45,17,15,19,16,17,18,17,17,21,93,47,152,25,19,34,12,19,13,11,13,17,23,17,20,113,114,191,39,62,30,72,54,40,33,35,35,34,42,38,19,24,21,18,16,21,60,82,37,16,18,11,35,33,21,19,18,16,17,24,11,17,28,12,22,25,21,41,52,28,42,46,38,11,21,12,18,16,18,31,33,24,54,52,46,59,81,57,14,34,22,11,19,11,26,30,16,33,30,20,21,19,15,92,90,60,121,101,92,11,27,11,11,18,11,11,20,11,11,24,14,45,104,114,13,29,11,29,54,23,16,21,11,11,22,11,29,40,20,57,44,21
66.25,31,27,28,43,63,73,121,107,220,27,22,20,121,119,82,22,13,19,123,99,124,41,30,32,27,14,25,27,16,25,31,19,30,24,18,24,22,16,22,25,13,26,125,103,96,18,12,22,53,18,25,82,68,74,22,12,19,41,74,90,22,11,20,28,11,13,25,21,21,115,98,127,24,22,23,15,12,20,59,50,39,43,72,92,15,11,11,22,12,21,22,17,21,35,24,36,23,16,20,106,94,127,20,19,22,36,28,23,80,61,59,11,13,19,133,139,194,16,25,17,51,67,73,96,95,81,24,22,33,11,22,18,18,13,19,28,13,15,23,14,19,27,23,21,67,65,48,15,11,18,18,16,21,21,22,23,97,51,156,23,18,27,15,22,16,14,11,20,20,22,17,113,118,191,44,60,31,74,56,41,33,34,35,34,42,38,25,25,22,15,15,24,64,84,41,14,22,11,34,35,28,20,21,16,16,24,12,17,22,13,15,23,21,40,54,34,43,45,40,16,25,16,15,17,14,30,37,27,53,53,41,62,87,60,18,30,23,14,16,17,26,29,13,35,35,21,23,20,21,90,86,60,118,102,97,11,28,11,15,17,11,11,15,11,11,25,15,45,103,114,11,27,13,28,56,28,14,20,11,11,24,11,28,42,16,59,45,25
66.5,30,33,21,38,64,66,116,112,219,25,22,21,114,120,78,21,15,20,121,102,126,44,36,33,25,12,23,28,11,27,26,24,25,29,18,28,24,18,21,25,13,27,130,102,98,16,13,18,55,18,27,81,71,73,24,11,21,44,72,86,17,17,19,27,11,15,25,23,23,110,97,130,20,21,22,18,12,21,61,47,40,44,74,89,13,11,12,21,11,23,22,16,23,36,27,40,27,11,22,106,97,121,20,19,18,38,31,27,80,59,58,13,15,16,133,142,196,16,19,16,50,65,71,98,99,82,28,22,33,16,21,18,22,17,20,27,11,19,28,15,21,27,24,20,64,67,46,18,11,21,11,17,16,22,19,23,95,47,156,21,19,29,19,19,14,16,14,20,23,19,19,114,113,195,42,65,33,67,51,41,31,37,36,37,39,35,22,20,23,19,17,23,74,85,40,13,18,11,41,36,27,21,21,15,15,25,12,17,19,15,18,23,22,46,51,29,42,46,37,14,22,12,16,22,20,32,37,24,54,52,42,58,81,58,18,29,26,15,15,16,26,28,15,40,36,21,19,23,17,91,88,60,116,106,98,12,31,11,15,15,11,11,17,11,11,25,13,47,103,112,17,27,14,24,54,24,17,22,14,11,27,11,31,37,20,66,44,25
66.75,26,31,24,41,64,69,118,112,222,29,19,23,117,118,74,21,17,23,123,103,124,41,36,30,27,14,22,27,11,25,29,20,25,25,18,27,20,17,17,20,14,22,124,107,97,16,14,18,49,15,21,81,72,73,23,11,22,45,70,86,17,18,18,25,11,17,23,21,24,110,97,127,25,22,26,17,12,21,61,50,43,46,69,90,11,11,11,19,17,18,18,13,18,33,28,38,21,17,18,103,96,122,21,21,21,35,27,25,78,58,58,13,11,20,133,141,196,14,17,15,52,63,71,95,97,79,25,19,32,15,20,20,20,19,18,29,14,18,26,13,16,28,22,22,66,61,47,16,11,21,12,16,17,20,17,24,92,47,152,20,17,27,13,19,11,13,12,16,21,17,15,110,114,194,44,60,37,75,51,40,31,36,37,36,38,40,27,20,25,15,13,21,68,78,43,12,19,11,41,34,29,20,18,11,14,25,12,15,24,11,19,25,22,41,51,30,42,45,37,12,23,17,16,17,20,29,38,25,53,51,44,64,83,59,16,30,30,11,19,15,24,27,14,35,34,22,17,19,15,98,88,64,116,103,95,12,27,11,13,19,11,11,17,12,12,21,11,43,106,115,11,25,11,26,46,25,12,24,11,11,25,11,32,40,18,62,41,27
67,29,32,22,40,63,69,114,109,222,26,22,19,117,121,78,24,16,22,123,104,130,42,35,33,22,16,20,25,13,28,29,22,27,28,20,29,19,12,16,24,14,22,128,105,99,19,11,20,51,20,24,82,72,74,26,11,22,43,70,89,18,17,19,28,11,16,20,19,19,111,101,130,26,21,25,19,11,19,62,54,42,41,73,89,13,11,14,17,12,20,17,16,20,35,26,39,24,18,21,103,97,127,24,22,22,38,29,24,74,59,58,18,13,17,134,143,195,15,22,16,55,63,72,95,98,81,26,17,34,13,20,20,19,17,20,24,12,13,23,15,17,29,19,24,63,65,47,18,11,22,18,19,18,21,19,23,96,45,159,25,24,26,11,18,11,14,11,19,21,20,15,116,117,198,44,59,30,72,53,44,38,35,39,37,40,38,21,21,23,18,17,24,71,85,46,15,25,13,37,34,28,21,17,14,18,22,11,15,22,13,21,25,21,38,53,30,44,48,39,13,20,13,21,23,20,36,34,29,56,54,43,59,85,57,20,29,26,14,17,17,29,29,14,35,36,20,23,20,17,95,86,66,118,103,102,14,24,11,17,15,11,11,18,11,12,25,13,42,106,113,11,29,11,25,53,25,13,20,11,12,28,13,31,41,24,62,43,22
67.25,29,25,22,38,64,71,119,105,219,28,11,23,118,116,83,19,11,20,124,100,130,42,27,29,26,16,22,27,14,27,28,20,26,22,16,25,23,14,19,21,15,22,131,104,103,21,11,22,53,17,26,82,73,69,25,14,18,44,71,90,18,17,18,28,11,14,19,21,21,113,97,131,25,22,24,17,14,19,64,53,42,42,72,90,14,12,14,21,15,17,20,20,19,34,32,37,23,16,22,102,99,123,21,21,20,36,25,24,79,56,62,12,12,14,135,140,197,19,24,16,55,60,72,96,95,80,28,18,33,15,19,23,23,14,18,24,12,13,24,21,17,26,20,21,62,63,46,17,13,19,16,21,18,17,19,23,93,48,158,23,23,32,11,22,14,14,15,13,20,26,17,117,113,197,43,62,34,72,51,40,32,31,33,36,39,34,23,23,24,15,18,22,70,86,41,12,23,11,36,37,27,19,18,14,16,22,11,13,23,11,19,25,19,44,54,31,42,43,40,14,18,16,16,20,16,34,32,27,51,53,39,62,84,49,13,32,23,13,15,11,28,29,16,34,31,21,20,22,18,95,91,63,114,108,94,11,28,11,12,16,11,11,15,12,11,20,11,45,102,113,13,27,12,24,53,23,11,18,11,11,24,11,33,38,21,58,38,26
67.5,29,28,21,37,56,73,119,107,224,28,15,23,120,122,79,19,15,20,124,100,126,42,34,30,23,15,19,28,12,25,28,22,22,27,17,27,24,13,20,23,12,22,130,104,97,19,12,18,51,16,21,81,70,73,24,11,20,39,70,83,18,17,18,27,11,13,20,18,18,113,96,131,21,22,20,17,12,19,66,53,44,43,75,88,11,11,11,22,14,18,20,15,19,34,23,39,24,13,23,108,97,124,20,19,20,34,29,22,76,57,58,14,11,15,132,139,196,18,20,15,53,62,68,96,99,82,28,19,32,11,18,18,20,11,17,24,11,13,25,15,17,29,21,23,65,62,46,12,11,19,15,16,17,25,16,23,89,43,157,23,22,24,18,20,15,11,11,13,19,21,17,116,116,195,35,61,27,73,52,39,29,34,36,35,44,36,27,24,23,16,14,25,72,90,47,12,21,11,38,35,27,26,15,19,15,21,14,14,19,11,18,23,19,42,51,28,45,45,38,14,22,13,15,16,21,33,34,27,53,54,44,59,83,57,14,28,23,12,19,13,24,27,14,39,35,23,19,22,16,97,87,65,121,101,95,12,26,11,13,15,11,11,16,11,11,20,14,45,107,117,11,27,11,24,52,23,11,18,11,11,25,11,30,36,18,64,44,20
67.75,26,31,24,39,62,69,116,107,223,29,22,25,122,122,77,19,16,22,122,100,128,47,33,37,28,14,24,27,16,28,30,20,25,27,23,23,24,13,20,27,11,25,132,104,102,21,14,20,52,18,26,83,74,69,23,11,22,43,68,89,19,17,19,28,13,15,22,16,19,115,102,133,21,25,23,19,12,21,61,50,42,45,78,90,14,14,13,19,14,17,22,13,20,36,25,42,26,17,22,108,97,127,21,22,22,36,27,25,77,54,57,16,14,17,135,143,194,16,19,12,55,61,69,103,102,86,25,19,31,14,18,22,22,13,18,26,13,14,27,16,21,28,23,23,64,67,42,17,12,18,19,17,23,21,19,22,92,51,160,27,20,30,21,20,18,14,11,18,22,20,18,118,117,197,41,62,31,71,56,41,34,36,40,36,38,36,26,22,22,14,15,23,77,89,46,16,19,11,39,38,29,23,17,17,14,25,16,16,24,14,19,24,19,49,51,32,41,46,37,15,20,16,15,19,19,36,36,25,60,50,42,67,83,64,20,28,26,11,14,13,30,30,17,39,36,20,22,20,16,100,92,67,114,102,99,11,32,11,14,15,11,12,16,11,11,24,11,44,101,113,14,26,11,31,53,26,11,22,12,11,30,11,28,44,22,68,43,21
68,28,29,26,41,61,68,121,109,231,31,16,22,122,120,80,23,15,24,129,107,126,42,33,31,29,13,27,28,12,30,32,19,26,26,15,28,24,17,19,26,12,30,130,110,104,20,15,19,54,16,28,82,73,75,24,11,20,42,78,86,22,17,19,28,11,16,23,21,22,118,103,134,24,21,23,18,15,20,67,55,45,45,74,93,17,15,15,21,14,20,23,15,21,34,26,43,25,16,24,108,99,123,25,19,25,38,31,28,80,62,57,18,17,21,135,141,194,14,25,14,55,61,71,101,98,81,30,20,34,16,19,24,22,14,21,29,14,18,24,22,21,30,24,22,64,66,48,16,12,18,18,20,21,18,17,22,94,47,158,23,24,30,20,23,17,14,18,18,23,26,18,115,115,196,44,62,35,69,56,41,28,35,38,39,43,42,28,26,24,19,17,23,75,90,47,12,24,11,39,38,29,21,18,14,16,27,12,16,25,14,19,27,22,49,59,30,40,48,36,13,22,16,16,20,20,31,37,26,60,55,41,60,88,57,17,30,27,12,22,13,27,31,16,39,31,22,20,22,20,100,90,67,116,104,101,13,29,11,15,19,11,12,20,11,11,20,13,41,109,113,16,29,12,26,57,26,11,20,11,11,26,11,30,41,19,61,47,21
68.25,29,30,28,45,59,72,121,114,228,25,23,23,124,123,80,21,13,21,129,102,127,45,33,33,24,11,24,26,12,30,29,25,26,26,19,27,20,16,17,26,11,27,130,108,104,19,11,19,53,16,22,83,76,77,23,12,22,41,71,89,20,14,16,29,11,11,20,16,19,117,101,134,27,23,23,19,16,21,65,50,48,45,71,91,11,14,11,20,13,18,18,15,20,35,31,36,23,17,22,105,100,126,24,19,21,38,28,24,80,59,60,17,11,17,135,144,195,12,22,12,53,63,71,102,98,85,28,18,34,15,16,19,20,16,19,28,15,14,24,17,19,24,23,20,69,66,51,16,11,18,14,15,19,20,20,20,90,49,155,23,21,28,21,23,17,15,14,20,22,20,18,118,114,198,40,62,30,70,56,43,29,35,33,37,39,39,22,19,21,16,17,20,76,89,46,11,21,11,37,38,26,22,18,11,13,23,11,16,23,12,17,27,20,44,50,33,40,47,39,14,20,13,16,20,18,34,36,26,61,50,41,59,87,56,21,28,26,15,17,13,25,29,13,41,38,24,16,22,13,101,89,72,117,106,98,11,28,11,18,23,11,11,15,11,11,24,15,44,107,110,13,25,11,26,52,25,11,23,11,11,27,11,30,40,20,68,45,24
68.5,28,25,24,43,60,68,122,110,228,25,14,24,125,123,74,19,12,18,128,105,124,44,33,31,26,13,24,27,11,28,28,21,28,24,17,25,19,11,17,21,12,20,134,108,105,18,14,18,54,17,25,84,76,74,20,15,17,38,73,84,16,15,19,27,11,11,21,19,22,119,102,138,19,20,19,19,13,20,65,53,42,39,73,88,15,12,14,19,15,17,19,18,18,35,32,39,25,12,23,107,102,126,23,20,25,34,30,25,80,60,60,15,16,18,136,144,191,18,20,16,56,57,72,99,96,80,24,21,33,15,24,19,22,17,16,28,15,17,21,18,17,24,24,24,66,62,44,16,11,23,17,18,21,20,20,25,94,48,161,21,23,28,11,23,11,12,11,18,18,21,18,119,118,200,40,64,33,70,53,40,29,28,32,35,46,40,25,27,25,19,23,26,75,87,47,11,26,11,38,35,25,17,19,11,13,29,15,11,18,11,14,25,21,46,53,33,40,43,40,17,21,17,15,20,18,30,37,22,57,55,39,60,85,55,16,24,25,11,18,14,24,28,13,38,31,23,19,25,15,100,90,72,117,102,98,11,25,11,14,18,11,11,14,12,11,23,15,41,103,117,11,29,12,25,52,26,11,21,11,11,26,11,30,34,20,63,46,23
68.75,24,31,20,43,64,71,118,112,224,28,20,23,125,130,77,20,17,21,130,102,126,41,28,33,27,11,25,28,15,27,24,22,20,29,16,24,18,16,16,21,12,20,134,106,104,21,11,22,55,17,24,85,73,76,22,12,22,40,70,86,20,16,17,29,11,16,19,20,20,117,102,139,26,22,28,25,11,21,66,53,43,43,71,89,17,11,11,23,11,19,18,18,18,35,28,39,24,14,20,113,99,129,20,16,18,35,26,25,79,61,60,22,15,21,133,143,191,17,17,18,56,64,68,104,99,85,28,18,34,13,20,15,19,13,17,23,13,11,21,14,16,32,22,26,67,65,44,20,11,22,17,15,18,19,15,20,94,49,153,25,24,27,17,21,15,12,14,14,21,22,16,119,122,198,39,60,29,71,54,41,29,29,33,38,40,39,27,25,23,19,16,24,73,94,47,14,23,11,37,36,26,19,17,11,14,23,11,15,21,13,23,27,27,42,45,29,40,45,38,17,21,11,15,14,18,35,32,24,60,58,39,60,84,57,17,29,24,12,17,15,28,28,17,40,33,22,17,25,18,101,95,70,121,105,99,14,28,11,15,17,11,12,13,11,11,22,12,46,102,111,12,28,11,29,51,25,11,25,11,14,27,13,33,35,21,62,44,23
69,25,31,26,39,63,71,118,112,227,26,20,24,127,128,76,19,14,21,128,103,124,48,33,36,24,13,23,25,12,32,30,20,26,29,19,31,22,14,21,23,14,24,131,107,102,20,13,20,56,18,27,88,73,72,19,13,17,37,68,83,20,15,22,25,11,14,24,21,23,115,99,136,24,21,22,19,14,21,68,56,45,45,77,91,13,13,11,18,16,19,22,16,20,34,27,40,25,17,24,110,98,130,25,19,21,37,28,27,77,61,56,15,12,14,133,144,193,17,24,17,53,63,70,101,103,85,23,17,33,13,18,22,18,13,16,24,11,13,26,16,15,24,21,22,65,67,47,18,13,17,16,14,17,17,18,23,93,50,156,25,24,32,18,19,11,18,12,17,18,20,16,124,120,202,40,67,34,75,56,44,30,35,36,38,41,38,24,23,24,15,19,23,75,97,46,13,18,11,39,34,26,25,19,16,20,24,15,12,25,12,19,23,21,42,47,29,42,47,37,12,21,13,15,17,17,33,34,24,57,56,39,65,87,58,16,30,29,11,13,11,25,28,17,38,38,20,18,21,16,102,98,72,117,104,98,11,27,11,16,15,11,11,19,11,11,22,11,46,106,117,14,29,13,28,57,24,11,21,14,14,25,11,29,40,17,61,45,22
69.25,33,26,27,43,61,69,122,110,228,28,13,25,126,122,82,19,13,20,130,107,126,43,24,35,27,14,26,29,14,28,32,20,25,28,19,30,24,14,19,27,13,26,134,109,104,17,16,16,57,13,26,84,76,73,23,15,19,44,72,89,21,16,21,28,14,16,21,17,21,122,104,139,26,21,24,21,11,21,65,54,44,44,74,88,15,11,11,22,17,19,25,18,23,36,31,40,21,14,19,112,99,129,22,20,22,39,25,29,73,60,55,19,18,19,134,143,187,15,24,11,58,62,72,103,101,83,26,19,30,20,21,24,22,15,18,25,15,17,23,15,15,27,17,22,69,65,46,16,13,21,15,16,17,22,21,23,96,51,156,21,22,30,17,21,11,11,12,16,19,19,16,123,115,200,41,65,28,72,55,40,32,32,36,39,43,40,23,23,21,17,18,21,78,94,50,14,21,11,39,36,28,24,21,17,15,26,11,16,25,12,16,28,19,45,58,32,44,46,37,17,21,14,19,19,20,33,33,26,59,53,44,66,89,60,22,25,25,13,21,15,27,28,16,39,31,18,21,20,17,104,96,74,117,102,96,11,22,11,16,12,11,11,12,11,11,23,12,44,107,114,13,22,11,29,51,26,11,23,11,11,25,11,30,40,24,67,44,25
69.5,33,22,27,43,58,69,125,108,232,30,11,25,132,123,78,23,11,19,134,109,123,45,29,39,27,12,25,23,11,25,27,20,27,29,16,29,21,17,19,19,16,21,133,111,104,17,17,19,54,16,26,86,81,75,23,13,22,41,75,86,19,15,19,30,14,17,25,20,22,121,102,143,23,20,20,17,11,19,67,57,46,46,78,91,18,16,17,20,18,19,22,21,23,36,33,38,24,18,22,107,101,130,21,23,18,39,29,26,81,63,64,17,20,22,136,145,191,17,21,17,55,61,70,104,102,79,28,19,34,15,22,19,18,15,21,25,12,16,26,21,22,25,24,24,68,65,48,14,13,20,18,19,22,20,25,24,97,53,159,24,24,27,17,21,13,14,13,18,23,23,21,122,121,201,45,69,33,71,56,43,30,30,37,39,46,41,28,24,24,16,24,24,77,91,52,17,24,12,37,37,26,20,21,15,17,25,11,14,25,11,17,24,19,42,57,30,46,45,42,16,26,17,15,20,17,33,37,29,56,55,41,62,81,59,23,30,30,15,21,15,23,29,15,37,35,22,17,23,14,105,96,77,120,109,101,11,27,11,13,13,11,11,16,11,11,22,11,48,105,116,12,24,12,27,57,27,11,20,11,11,27,11,32,36,19,61,45,22
69.75,31,32,26,37,59,74,124,114,233,31,23,23,127,133,78,15,18,19,134,112,127,40,35,34,28,15,25,28,16,30,29,24,31,26,22,29,24,16,20,24,17,27,132,115,106,17,12,19,55,17,28,84,81,74,27,14,23,46,72,94,21,21,26,26,11,13,23,22,23,119,103,139,24,26,23,15,11,20,67,57,46,45,80,95,13,12,13,20,15,20,18,18,21,36,32,42,19,18,18,109,103,129,19,22,24,34,28,23,83,59,62,17,12,19,139,147,190,13,23,15,59,62,76,99,107,82,28,22,36,13,19,23,19,17,18,28,17,19,23,20,19,24,24,24,69,70,50,14,12,22,18,20,20,22,21,26,93,50,152,22,23,30,19,22,17,13,13,17,21,21,19,123,120,205,44,65,36,71,57,43,33,33,39,38,46,46,23,25,23,13,16,21,78,97,59,11,20,12,38,37,26,21,20,15,15,28,12,17,19,11,20,24,26,42,48,32,42,46,40,14,22,14,19,19,22,33,35,30,57,55,45,65,90,61,18,33,28,13,19,15,24,26,16,37,38,23,21,19,20,111,103,83,122,105,101,12,25,11,15,20,11,11,19,11,11,25,13,42,105,113,11,27,14,26,54,28,11,20,11,11,27,11,32,40,24,64,47,26
70,32,28,21,45,61,71,126,114,233,32,20,26,134,131,78,24,17,19,131,109,127,43,32,32,31,16,23,29,12,31,28,24,23,27,21,28,21,15,18,25,17,23,133,113,105,20,16,20,53,13,24,86,82,78,26,12,22,40,72,91,22,17,24,29,11,14,24,23,23,123,103,140,21,25,22,22,12,21,69,61,42,45,75,90,14,11,13,20,14,18,21,18,20,39,28,41,23,15,24,112,103,135,22,22,21,37,27,27,81,58,60,16,14,22,141,145,191,18,19,17,54,66,73,102,107,81,32,18,35,14,19,22,21,20,17,28,14,18,27,15,19,28,27,25,68,67,47,14,14,23,17,15,20,22,21,25,94,46,157,28,23,32,14,20,12,16,12,18,25,21,20,124,123,208,44,70,31,68,56,36,34,27,38,39,43,41,25,22,27,15,19,21,73,96,54,14,20,11,37,34,30,21,17,16,18,24,12,18,21,13,18,25,24,48,56,30,45,45,40,18,20,13,18,22,20,37,34,29,58,58,45,63,88,60,18,31,23,14,17,14,30,25,16,38,34,19,19,20,16,112,101,80,119,103,98,12,24,11,16,17,11,11,16,12,11,23,12,47,108,113,11,29,14,30,53,26,13,23,14,11,23,13,30,41,19,63,43,26
70.25,33,25,23,42,59,71,123,105,232,29,11,20,134,129,76,23,11,19,135,106,128,36,30,29,28,11,26,33,11,29,26,16,22,26,18,26,26,13,21,24,11,24,133,113,105,22,17,20,52,17,25,89,82,79,20,14,18,46,68,89,18,13,18,26,11,14,21,20,23,123,100,138,27,20,26,13,14,16,70,61,43,46,71,93,14,14,12,21,17,19,19,16,20,37,31,41,26,13,22,112,100,131,26,20,21,38,28,28,84,64,59,11,14,16,141,149,192,16,22,15,54,61,69,103,101,84,27,19,37,13,20,20,17,11,15,29,19,19,25,19,21,30,21,23,72,67,48,13,13,19,20,19,18,22,19,24,94,51,158,22,25,27,16,22,17,14,12,21,25,23,19,121,121,202,43,69,31,70,57,44,33,31,35,36,42,38,22,24,21,18,17,24,75,92,57,11,26,12,35,39,29,19,20,11,16,27,14,18,25,14,21,27,24,45,54,30,40,42,35,14,19,15,15,19,16,32,32,25,55,59,39,66,89,60,15,28,21,13,22,15,29,27,15,34,32,20,25,20,18,110,102,82,115,104,93,13,27,11,13,14,11,11,15,11,13,23,14,44,103,115,11,25,11,27,54,27,12,18,11,12,24,11,28,37,23,60,42,26
70.5,32,33,23,40,63,69,124,113,235,28,20,23,135,130,77,20,14,20,134,107,123,45,32,33,28,11,23,26,11,25,32,20,24,28,15,27,20,13,15,19,11,21,135,112,107,18,11,18,55,15,22,92,73,76,24,11,19,39,73,92,20,13,18,30,11,14,20,15,23,124,106,143,25,23,21,20,11,20,69,58,48,43,72,91,15,12,13,18,17,17,20,16,19,33,26,38,22,13,21,113,104,131,20,20,14,37,26,25,81,60,64,13,16,17,143,147,191,16,22,14,53,62,71,106,105,82,25,21,33,16,19,21,18,17,18,31,16,18,21,21,20,29,18,24,68,67,47,14,11,22,15,19,21,19,22,21,93,47,155,26,24,32,14,19,13,13,14,16,22,21,18,124,124,203,42,64,34,71,57,41,32,34,34,35,47,40,20,25,26,18,18,23,77,96,57,13,21,11,38,43,27,17,18,11,18,27,11,16,20,13,20,28,20,47,54,34,42,45,39,14,21,13,14,19,20,33,33,28,61,55,43,58,86,57,21,33,24,14,20,16,27,28,13,36,33,21,20,20,21,113,101,85,122,109,99,11,24,11,15,13,11,11,16,11,11,23,11,45,105,116,15,29,14,26,51,26,11,22,11,11,29,11,28,38,19,57,40,24
70.75,32,27,29,44,63,71,126,118,234,30,20,22,133,134,78,23,18,24,134,111,126,44,34,32,28,13,24,29,15,32,30,20,25,29,19,25,19,14,20,23,12,25,137,116,107,22,11,19,56,17,28,88,81,77,23,12,20,44,72,95,18,12,20,29,11,21,21,23,24,122,107,138,24,25,23,21,12,22,72,61,46,44,71,94,14,12,13,19,14,22,22,14,21,35,32,38,22,17,18,117,106,131,21,17,20,38,31,30,82,61,62,16,11,24,143,147,195,17,21,18,55,65,72,105,106,82,27,19,37,16,18,21,19,12,17,30,14,17,20,19,16,24,23,22,67,68,50,15,12,18,19,17,19,21,19,20,95,48,155,24,21,28,19,17,16,15,11,19,20,23,19,124,122,204,44,70,32,74,57,45,34,36,39,34,44,34,25,24,23,18,17,25,81,100,56,15,23,14,34,34,23,23,20,14,16,24,12,19,23,15,18,25,19,40,53,30,45,46,43,15,24,16,15,21,18,36,35,29,55,56,41,65,91,60,16,29,26,12,20,13,23,30,17,36,37,22,21,21,19,116,103,90,117,105,98,12,23,11,14,22,11,11,19,11,12,27,11,46,106,113,13,26,14,27,53,26,16,25,13,13,26,11,28,38,23,61,46,26
71,34,34,30,40,64,72,128,116,236,29,20,25,137,137,78,22,18,18,137,113,123,45,32,31,26,13,24,31,11,30,33,19,30,27,18,28,21,15,24,27,16,29,134,115,107,18,14,20,53,21,30,91,82,80,24,13,22,43,72,89,23,18,23,26,16,13,25,20,23,122,104,142,25,21,23,20,13,21,71,63,45,41,79,92,12,11,11,21,15,18,21,17,21,37,34,41,22,11,23,116,107,135,22,20,23,38,28,27,83,66,63,14,17,19,141,148,191,17,21,15,56,62,73,105,105,81,30,18,35,13,18,20,20,13,20,27,19,18,25,17,22,28,20,24,72,71,54,17,13,20,16,22,22,20,21,23,98,52,156,23,24,31,16,22,16,13,14,18,22,22,21,122,124,206,46,67,34,74,60,42,31,37,38,37,41,38,23,25,25,18,22,24,77,103,61,19,22,13,35,36,24,22,21,17,19,26,12,23,24,14,22,24,24,39,57,34,39,44,36,14,25,12,11,19,18,33,36,28,57,57,44,63,91,64,19,29,28,14,21,16,30,33,17,37,32,22,17,19,18,114,106,88,115,110,97,11,29,11,13,19,11,11,22,11,11,23,11,43,106,114,13,26,11,23,58,24,12,20,11,11,28,11,30,41,19,62,41,29
71.25,30,28,24,42,64,73,126,115,238,30,14,23,142,132,77,22,11,22,138,116,122,41,32,33,27,15,21,27,13,29,29,20,25,30,16,29,22,13,21,28,14,24,137,114,110,20,16,16,56,19,26,92,85,79,22,17,18,42,77,90,18,16,19,25,13,17,21,24,19,126,106,141,26,23,22,19,18,18,70,63,43,45,76,91,18,14,16,24,15,23,20,20,20,34,31,35,24,19,21,115,106,137,23,22,25,39,31,26,81,67,62,23,19,21,145,153,188,16,24,12,56,61,69,106,108,82,29,21,35,17,21,27,22,15,21,32,15,22,24,14,16,27,24,21,71,67,49,13,11,19,20,20,22,18,22,17,94,49,156,23,24,29,18,23,17,12,14,17,21,26,20,124,125,209,46,69,34,74,50,44,32,34,35,40,48,40,21,29,23,18,24,24,82,99,62,17,23,11,35,35,27,20,20,12,19,27,16,22,25,15,19,26,19,42,59,33,47,46,40,15,24,14,18,22,20,29,40,25,63,60,44,68,88,62,14,35,25,14,19,18,23,29,15,36,29,20,20,20,19,117,105,87,122,109,101,13,23,11,19,15,11,11,15,11,11,23,11,45,108,114,11,29,11,30,53,25,13,22,12,11,20,13,29,32,18,55,49,24
71.5,32,31,23,38,60,68,127,115,236,25,20,23,140,140,75,21,14,23,137,115,123,40,34,32,28,11,27,25,12,26,28,20,26,29,19,27,17,14,15,25,20,23,138,117,108,21,11,21,54,20,22,91,80,78,22,11,16,42,70,88,19,15,19,30,11,14,19,21,18,123,108,138,24,19,22,15,11,17,73,60,43,45,77,88,16,11,11,19,15,20,22,14,21,35,33,39,21,16,19,117,104,132,23,19,21,37,27,23,84,62,62,11,13,18,140,149,191,20,20,20,56,62,69,107,108,81,29,16,36,16,20,22,20,17,20,27,11,18,21,16,13,24,25,21,68,70,46,15,11,19,16,15,22,21,18,22,96,46,153,24,20,27,16,22,13,16,11,21,19,23,17,124,121,209,45,71,33,73,60,46,32,37,40,38,41,39,23,21,21,19,13,22,77,105,61,12,20,11,37,36,30,22,21,14,17,23,11,17,25,18,16,28,16,46,55,36,42,50,40,12,25,13,14,16,16,31,34,23,60,55,43,66,91,62,16,30,20,13,14,14,24,26,13,37,35,19,18,22,16,118,106,89,117,107,102,11,24,11,12,17,11,11,13,11,11,21,11,44,106,117,11,26,11,30,57,27,11,15,11,11,26,12,32,40,17,62,44,19
71.75,30,27,24,41,60,72,122,117,238,28,15,24,135,138,78,19,11,21,139,115,123,47,29,35,25,18,24,25,13,28,29,21,25,31,14,31,20,13,15,25,17,25,138,116,107,18,17,17,56,19,24,91,83,79,27,14,16,40,73,87,19,20,19,31,11,18,23,21,24,126,106,141,26,22,26,17,16,22,73,65,48,48,74,93,15,11,12,23,16,22,19,16,15,37,31,41,28,15,26,117,108,134,20,23,19,35,29,24,84,63,57,16,15,19,142,152,188,15,22,16,59,64,71,110,103,82,30,21,35,14,19,22,20,17,18,25,15,13,20,15,15,26,24,24,69,66,45,15,17,20,13,20,16,20,22,19,93,51,153,23,22,31,19,24,16,14,11,21,21,24,17,126,127,208,41,66,29,78,58,44,34,36,36,39,48,43,21,24,19,17,18,23,85,103,71,16,26,11,37,37,26,23,21,14,18,25,11,17,27,11,18,29,19,41,58,33,45,47,38,18,27,15,15,19,18,33,33,26,58,61,41,62,90,62,20,30,28,12,23,14,26,28,18,35,28,20,21,20,18,120,109,93,118,106,99,12,27,11,18,17,11,11,17,11,11,26,11,48,104,114,14,24,11,29,56,28,15,19,13,12,28,11,27,30,20,59,46,25
72,33,25,25,40,58,70,126,109,236,30,15,27,140,133,77,22,11,18,138,111,123,42,34,34,32,14,26,28,12,27,31,16,25,28,17,31,19,13,18,21,17,22,139,112,109,16,15,19,54,17,28,92,81,78,22,11,22,43,74,87,22,17,19,24,11,12,25,21,22,125,106,135,21,19,23,21,17,23,72,64,50,42,74,90,14,15,11,19,15,22,18,18,18,38,30,39,21,15,19,116,105,138,20,22,22,36,31,24,84,67,65,13,12,19,144,151,188,17,24,13,57,62,68,107,105,78,25,21,32,12,17,17,17,16,16,27,15,17,25,17,15,26,21,22,68,67,45,14,13,19,15,19,17,17,22,22,96,50,157,22,22,28,15,21,16,13,15,16,18,21,14,124,125,208,43,68,31,69,55,44,35,33,33,41,46,40,20,22,23,17,20,24,81,101,65,13,24,11,34,37,27,24,19,12,14,22,13,19,28,13,19,29,22,46,55,31,45,48,40,12,19,12,20,16,17,36,33,29,56,57,44,66,90,62,19,27,27,14,21,14,28,27,15,39,31,21,19,20,19,119,104,98,119,109,98,15,26,11,15,15,11,11,19,11,11,24,13,45,102,115,13,24,11,29,54,24,13,20,12,11,26,11,32,35,22,58,45,23
72.25,29,30,24,41,59,70,126,110,237,28,24,23,140,142,76,27,13,23,140,117,124,45,36,32,27,16,24,27,12,28,29,20,26,26,18,29,19,15,17,23,12,20,142,115,110,17,13,19,57,20,27,94,80,80,23,12,20,41,75,88,22,16,18,27,11,16,24,17,22,128,115,141,24,24,21,19,13,21,77,66,49,44,73,91,13,11,11,18,13,18,19,16,17,36,29,40,27,15,22,117,112,133,19,16,20,33,30,23,85,64,65,15,14,19,144,153,189,14,20,13,53,64,68,109,107,79,28,18,36,15,19,19,20,18,16,27,11,15,25,12,19,27,23,23,71,64,47,16,11,18,13,20,16,20,17,22,98,54,157,22,22,28,18,20,15,16,11,19,22,22,19,126,133,211,41,73,35,75,58,38,32,30,36,39,45,41,25,25,22,14,17,21,83,108,66,14,20,11,36,41,26,19,17,11,18,25,13,14,21,12,21,27,20,40,53,33,46,46,40,11,22,12,14,20,13,34,34,25,59,56,43,67,87,59,17,34,28,12,21,16,26,26,21,40,37,22,21,22,18,119,110,100,117,106,98,12,29,11,18,17,11,11,17,11,11,24,11,43,103,114,11,28,11,29,52,26,11,19,11,11,26,11,30,36,19,56,39,27
72.5,31,29,26,42,61,72,125,118,238,27,22,22,144,143,80,24,16,22,137,116,125,42,34,29,26,21,21,29,14,34,30,25,28,29,22,29,22,15,20,25,11,23,139,116,109,20,11,20,57,16,24,94,83,81,26,14,18,40,76,89,21,18,20,28,11,14,24,21,21,127,113,136,26,25,25,21,12,20,74,65,48,46,77,94,13,15,11,23,14,21,20,17,21,41,30,40,22,16,20,116,105,138,21,21,19,36,26,23,84,64,64,16,13,17,142,155,188,19,24,17,52,64,66,108,113,82,29,19,36,15,20,20,21,14,19,27,14,15,24,20,17,27,20,23,72,70,49,11,13,13,17,15,22,22,17,20,99,48,158,25,26,28,19,22,15,14,11,16,23,19,18,130,127,208,47,67,35,71,55,44,37,36,37,39,43,41,26,25,27,16,16,23,91,111,74,15,25,11,42,35,31,20,18,14,19,24,14,18,23,14,17,23,23,44,53,29,46,44,40,18,20,12,14,20,18,34,35,26,61,56,43,64,90,61,18,33,29,12,15,14,29,27,22,36,38,21,20,26,16,124,111,103,118,107,102,14,28,11,11,19,11,11,14,11,12,23,16,45,105,117,11,27,11,28,57,25,11,20,11,11,24,11,28,40,15,62,41,22
72.75,27,28,23,39,58,71,125,112,240,24,12,20,144,141,74,23,11,19,140,115,123,48,30,40,31,14,27,27,13,28,28,20,25,25,20,26,21,14,15,24,16,22,139,122,113,18,16,19,56,19,24,94,84,79,22,13,19,42,72,89,20,17,18,31,15,14,24,16,22,126,111,138,25,21,24,16,11,19,76,68,50,45,72,95,11,13,11,20,17,20,20,15,20,38,37,41,23,16,19,118,107,137,18,20,20,40,29,30,83,66,58,16,19,20,142,151,193,19,22,19,53,65,73,110,105,78,27,21,35,16,18,21,18,12,16,29,13,18,27,15,22,30,25,26,69,70,48,16,14,19,14,19,15,20,21,21,92,54,159,22,23,29,18,19,15,12,15,17,21,20,21,126,129,207,47,75,37,70,55,40,29,37,33,40,48,44,24,27,24,19,17,24,83,109,72,15,27,14,36,40,26,23,20,16,13,25,11,18,24,15,19,26,21,45,57,29,41,47,43,18,26,15,15,21,16,37,38,27,64,66,46,65,92,62,21,29,26,13,22,14,26,29,17,37,29,21,20,21,18,124,112,102,117,109,102,11,23,11,13,14,11,11,18,11,11,26,11,41,107,116,15,29,16,27,52,26,11,17,11,11,22,12,28,35,16,65,44,25
73,29,31,25,38,58,71,129,116,238,29,19,22,144,146,76,25,16,18,143,117,123,46,34,33,29,12,23,26,14,25,27,20,26,28,19,29,20,14,20,23,13,21,143,120,112,21,15,17,54,18,24,92,84,81,22,11,16,42,75,88,23,15,21,30,11,15,26,18,21,126,112,135,25,21,26,15,11,17,74,64,49,49,77,92,12,11,13,19,11,16,19,18,18,37,28,36,22,12,18,118,110,139,20,16,19,40,28,25,81,66,64,14,17,20,142,154,192,16,20,16,53,65,63,107,110,83,29,23,37,14,17,20,19,15,19,29,12,16,22,17,18,27,20,25,70,68,52,15,11,17,19,15,20,22,21,22,91,50,153,24,20,25,18,20,15,14,15,16,21,19,19,123,127,206,47,69,32,75,57,41,34,36,37,43,41,45,25,24,22,16,11,22,87,107,72,13,22,11,41,39,29,18,18,13,16,24,12,18,22,12,17,24,19,40,56,31,47,45,44,16,17,13,18,22,19,36,34,25,62,59,46,66,91,64,17,34,25,11,15,12,25,28,17,37,36,22,18,18,20,125,110,105,121,108,100,11,24,11,17,19,11,11,19,11,11,23,12,44,108,112,15,22,12,27,55,23,14,24,11,11,26,11,34,34,18,59,44,23
73.25,27,26,24,39,60,72,123,113,239,26,16,22,148,141,78,23,11,20,144,115,125,41,31,33,28,13,22,26,14,29,27,14,25,28,17,29,18,13,19,23,18,21,140,119,107,18,13,20,56,17,26,95,87,81,21,11,19,40,72,88,18,17,18,27,14,13,23,16,23,126,113,132,23,21,23,22,12,16,76,66,52,41,74,91,12,15,13,19,16,20,23,16,23,39,33,40,23,15,21,117,107,138,20,21,19,39,26,28,83,69,62,17,20,19,145,155,190,16,20,13,58,61,70,114,105,82,28,22,38,14,20,18,19,16,18,32,12,17,25,17,19,27,21,20,67,67,46,16,16,19,16,17,16,20,20,17,94,51,155,27,24,26,20,19,17,12,14,17,18,20,19,128,125,208,43,69,32,74,58,45,33,37,36,38,46,44,27,24,25,20,18,23,88,108,74,14,28,11,38,39,26,22,17,13,14,22,14,16,21,15,15,24,18,42,58,27,43,44,41,15,24,15,14,16,17,35,33,26,63,61,48,61,88,63,19,30,24,12,21,14,24,28,16,42,28,22,18,23,15,128,116,108,118,109,100,11,25,11,16,14,11,11,16,11,11,24,11,45,103,113,11,28,12,28,53,31,12,21,11,11,28,11,32,33,15,62,45,26
73.5,29,30,27,41,63,71,130,120,237,25,22,24,146,151,73,22,18,23,139,120,123,44,35,32,29,17,25,23,15,25,28,23,24,30,19,30,20,13,16,22,14,26,139,118,108,16,13,16,57,19,25,93,85,79,27,11,19,44,73,92,20,17,22,30,11,18,22,21,23,126,112,134,24,25,26,24,13,22,77,68,49,47,71,93,16,11,14,22,15,18,20,13,22,39,31,37,26,14,23,119,110,139,22,21,20,36,26,28,81,63,60,18,12,18,144,155,189,14,19,14,58,65,64,111,112,81,35,19,36,11,18,21,21,16,17,30,11,18,24,17,19,24,22,22,71,72,50,15,11,19,19,17,19,22,19,19,97,50,154,25,24,27,19,23,16,12,14,15,23,19,17,131,133,208,42,71,31,71,59,41,32,35,35,43,45,44,25,24,23,18,15,22,90,112,76,14,23,11,38,38,29,19,17,11,16,24,11,16,24,11,21,24,26,46,50,31,45,48,40,16,21,15,22,20,23,37,36,27,63,58,43,65,95,62,18,36,28,14,15,12,29,27,18,40,35,21,23,23,19,127,115,110,115,114,99,11,26,11,15,20,11,11,22,11,14,27,13,46,106,113,14,28,12,26,54,26,13,21,11,15,24,12,27,40,16,64,41,26
73.75,26,27,25,39,61,72,127,116,237,30,16,23,149,146,75,23,13,22,148,120,129,43,32,34,31,11,24,28,12,29,30,20,27,23,17,26,21,14,18,24,15,23,142,116,112,20,14,18,58,22,28,94,85,80,27,11,20,45,77,89,22,17,22,25,11,13,24,18,24,129,116,137,27,20,24,19,16,23,78,67,55,44,77,92,12,16,12,21,11,19,20,19,23,40,33,41,27,13,23,121,111,138,19,23,20,36,29,26,84,68,64,17,18,18,146,155,188,18,22,17,58,62,70,112,115,84,31,18,37,14,19,18,17,16,14,29,14,20,24,18,17,24,23,26,70,68,51,17,18,22,19,18,17,21,19,21,96,51,154,27,24,29,16,20,14,17,17,21,18,21,15,126,131,210,46,75,34,77,56,42,32,31,37,40,46,47,22,26,20,17,18,25,87,110,80,19,24,11,37,40,26,24,19,15,21,24,11,17,28,12,23,28,23,42,57,31,46,46,39,11,23,14,17,21,16,36,33,26,63,56,43,63,93,63,15,27,27,14,20,13,23,27,16,38,34,19,23,26,19,131,121,112,119,107,101,11,25,11,22,13,11,11,15,11,12,19,11,46,106,113,16,26,13,28,55,26,11,20,11,11,25,11,32,32,23,60,39,29
74,30,28,24,38,60,70,121,118,240,29,23,26,150,152,78,19,23,21,142,119,122,41,34,33,32,14,25,29,14,29,28,19,23,27,20,27,20,15,15,23,17,21,138,122,110,17,15,16,56,19,26,92,85,84,22,11,20,43,76,90,18,20,19,26,11,13,25,18,21,130,110,136,22,22,24,18,13,22,76,62,56,47,77,95,11,11,11,18,12,21,19,16,19,44,33,46,23,14,22,117,112,143,20,18,23,32,25,22,83,67,63,14,13,18,145,159,192,11,20,15,55,66,68,111,116,78,29,21,40,14,18,20,19,17,19,31,13,18,23,15,20,23,25,27,71,73,49,11,12,17,16,17,20,19,18,21,95,52,156,24,18,28,15,20,11,13,11,19,20,22,19,129,129,209,43,72,34,70,59,42,32,35,36,43,43,49,20,21,21,17,13,23,88,113,81,14,23,11,41,36,32,19,18,15,20,26,15,16,22,14,16,23,18,46,53,29,45,43,40,18,22,15,16,22,20,35,38,28,61,61,46,67,96,62,14,30,26,13,20,15,24,27,15,41,37,22,19,22,19,131,121,117,117,115,101,11,26,11,13,20,11,11,15,11,11,24,11,44,103,116,13,25,11,30,55,30,11,24,14,11,26,11,25,36,17,61,46,23
74.25,28,28,23,41,60,70,127,114,239,26,12,22,150,149,84,22,11,24,145,125,126,51,32,35,31,14,28,27,14,31,32,22,26,28,20,31,19,13,20,28,16,23,144,123,115,13,16,18,60,16,28,99,91,82,24,15,19,45,75,90,21,15,22,29,12,16,25,20,21,131,113,138,20,21,25,26,17,22,82,70,57,47,74,93,15,13,11,18,17,15,22,19,18,39,31,40,24,17,21,120,109,143,25,22,22,37,31,27,84,71,59,17,18,20,149,158,191,16,26,11,56,59,68,116,110,81,26,23,33,19,22,20,21,18,20,29,14,17,26,20,21,24,25,24,70,72,50,16,16,22,15,20,19,19,21,22,99,54,155,27,26,28,23,25,19,15,14,19,23,21,19,130,132,216,50,73,35,77,61,47,33,35,34,44,46,44,23,24,23,17,19,26,92,115,86,17,26,12,42,42,31,23,18,15,17,23,15,19,26,12,19,24,21,45,59,33,47,48,42,15,24,16,21,23,21,37,38,25,64,61,43,64,89,62,18,33,23,15,21,14,28,27,16,45,34,24,23,21,18,135,120,120,124,114,107,12,25,11,14,16,11,11,19,11,11,23,11,44,102,112,13,28,13,33,57,30,14,21,12,14,29,13,34,36,21,62,42,23
74.5,28,28,25,41,64,70,123,118,236,29,23,24,149,152,75,21,16,21,145,125,121,45,37,33,27,12,22,32,11,34,29,21,25,28,19,25,21,18,19,25,16,22,140,121,114,24,11,21,61,19,28,97,86,84,25,12,19,44,71,85,20,14,20,33,11,17,20,19,22,130,114,137,24,22,26,16,11,18,78,71,56,48,74,93,12,11,11,19,14,18,24,15,22,37,34,43,23,16,22,125,115,145,22,20,21,37,31,22,85,65,63,14,16,20,148,155,191,19,19,16,56,63,66,115,115,81,34,21,36,15,15,21,23,17,23,26,15,15,27,14,19,24,21,27,71,67,50,18,13,18,15,14,16,21,19,23,98,48,156,26,24,32,21,22,18,14,13,15,21,21,17,132,136,213,46,69,35,71,56,43,33,33,34,45,43,43,26,25,23,17,18,23,91,114,81,18,18,12,37,37,29,23,17,15,14,23,12,18,23,14,18,24,22,51,56,34,44,49,44,16,23,12,20,23,21,43,33,26,67,58,49,67,93,64,21,33,27,16,15,18,27,29,17,41,37,21,20,19,19,135,119,123,117,109,99,11,22,11,15,19,11,12,15,11,11,27,13,43,103,116,11,26,11,31,55,32,11,19,11,13,26,12,33,37,20,66,38,26
74.75,31,27,27,38,60,69,128,114,241,27,15,26,150,145,76,22,12,21,146,121,123,42,31,32,30,11,24,22,11,27,30,22,23,27,18,26,21,11,21,24,16,27,144,122,115,23,13,19,53,19,27,99,90,82,20,14,17,42,78,91,21,13,17,27,11,13,21,20,18,132,117,134,25,23,25,23,17,19,77,70,51,44,75,92,13,15,11,21,18,19,23,16,21,36,34,38,23,18,21,124,110,140,24,20,23,36,26,24,84,70,63,16,16,17,147,156,190,17,24,18,52,59,63,115,112,81,30,22,35,14,19,19,17,15,17,33,11,20,24,19,17,22,22,21,72,75,51,15,12,20,15,17,18,21,22,19,99,51,159,24,20,30,25,24,17,17,11,20,23,21,17,129,133,214,44,70,32,74,56,44,31,34,35,40,46,47,24,24,24,17,21,25,93,113,85,16,28,12,37,40,27,23,18,15,16,25,12,17,26,13,18,27,20,43,60,31,44,45,38,13,22,13,18,19,15,37,35,27,62,60,41,64,95,58,20,32,22,12,21,12,23,26,16,39,29,20,21,23,17,139,121,122,114,111,99,12,25,11,19,15,11,11,15,11,11,24,12,41,104,113,14,30,11,22,52,20,11,19,11,11,27,11,31,30,18,60,38,28
75,28,31,28,41,64,69,125,117,239,30,23,27,150,157,79,22,15,23,147,125,124,46,33,35,27,16,24,22,11,29,25,22,24,31,19,30,22,18,22,23,15,22,141,122,113,18,13,19,58,19,29,96,90,81,25,11,21,43,76,91,20,15,20,24,11,15,26,22,25,132,113,137,20,23,23,20,15,22,83,70,55,44,75,95,14,11,12,18,15,17,23,17,21,38,32,42,24,17,20,121,117,144,20,22,23,39,29,29,83,67,63,20,15,19,151,160,189,21,22,19,55,65,71,115,115,85,26,24,35,14,21,22,17,17,20,28,15,16,23,21,20,22,25,23,71,70,48,15,11,21,16,18,19,17,22,21,94,51,154,25,21,32,17,19,17,14,11,21,23,21,20,132,137,212,44,73,33,72,60,41,33,37,41,41,45,48,24,26,25,19,18,26,95,116,89,16,21,12,33,42,23,24,20,19,17,28,15,16,27,15,20,26,21,45,53,30,43,49,40,13,24,16,17,24,17,35,37,29,63,60,50,65,94,62,17,29,26,13,21,15,25,27,17,38,39,25,21,26,20,138,125,123,117,111,101,11,26,11,19,17,11,11,17,11,11,24,13,46,107,114,11,28,16,26,60,28,13,22,12,11,24,14,31,37,18,61,41,24
75.25,29,29,25,39,64,69,125,120,235,27,21,25,148,154,81,22,18,20,148,124,122,47,35,36,28,16,24,27,15,29,30,21,27,26,23,25,20,13,20,26,15,24,143,124,121,17,13,17,59,21,30,98,88,90,22,13,19,42,73,88,17,22,21,26,11,12,24,20,23,131,119,135,24,21,25,23,12,23,81,73,56,48,74,95,12,11,13,21,12,23,22,19,20,37,34,40,22,14,19,122,116,145,22,19,20,37,26,28,83,67,64,20,16,18,145,157,189,17,21,14,55,66,69,114,119,83,28,19,35,16,19,23,21,16,19,29,12,18,28,16,22,20,24,24,69,67,48,17,17,16,14,14,18,21,18,21,96,47,156,25,23,32,18,20,17,14,11,18,21,19,19,132,135,214,47,74,36,71,58,41,29,35,37,45,44,49,21,23,22,22,16,27,93,121,92,18,22,12,37,36,27,22,15,15,15,26,15,16,24,19,19,26,19,46,51,35,43,48,43,19,24,19,18,21,24,36,36,25,69,59,47,69,95,59,19,31,29,11,14,13,25,22,15,47,37,25,20,23,17,140,127,121,120,112,101,14,23,11,17,20,11,11,17,11,11,23,15,43,101,112,16,30,14,29,56,29,11,17,11,12,22,11,31,30,20,66,42,26
75.5,30,29,23,41,66,69,130,116,238,26,19,22,151,153,72,24,11,21,151,125,122,45,34,32,28,19,25,29,11,30,32,21,28,26,14,28,22,15,16,24,15,22,147,123,114,19,14,19,55,18,25,98,89,84,22,12,20,42,74,90,21,15,21,29,11,13,22,17,21,131,117,134,24,23,25,19,11,24,83,72,58,45,72,96,17,11,13,21,14,21,20,19,22,35,35,35,23,17,21,122,115,144,23,23,23,36,31,26,90,66,63,20,17,19,149,160,187,19,22,15,53,61,67,113,115,80,29,23,35,14,18,17,21,17,19,27,13,15,23,17,18,22,21,22,71,69,50,18,11,22,17,20,21,18,20,22,97,49,159,25,23,26,14,18,14,12,14,17,19,21,21,137,138,217,44,77,31,72,62,47,33,37,39,41,48,49,25,26,24,16,16,21,91,114,92,16,23,14,37,38,31,21,22,15,17,25,13,19,21,17,16,26,22,46,52,33,46,47,42,17,21,21,16,22,17,35,36,28,67,61,44,71,91,65,16,31,28,15,20,18,27,28,19,38,37,25,20,21,18,142,128,121,119,116,106,11,23,11,17,15,11,11,14,11,11,22,11,45,106,116,11,28,11,32,58,30,11,21,11,11,28,11,31,30,15,64,41,27
75.75,28,29,25,39,62,70,127,121,234,27,22,24,149,156,82,17,16,21,148,124,127,42,37,31,29,13,22,28,11,28,27,22,24,24,19,25,18,11,17,26,13,23,143,121,115,16,15,20,59,16,26,101,92,82,22,15,21,42,74,87,19,16,20,29,12,16,21,21,23,135,118,136,22,26,28,21,11,22,80,71,57,47,78,93,14,17,12,23,13,20,16,20,17,36,36,42,23,14,21,120,119,143,22,21,24,36,26,25,88,65,65,16,15,16,145,161,188,16,20,13,56,64,67,120,120,83,30,23,38,14,16,19,20,17,18,26,15,15,25,14,17,19,21,22,70,71,48,18,11,21,18,19,20,22,18,24,94,55,157,25,23,26,15,19,14,14,11,21,21,21,16,138,134,215,44,72,35,73,60,43,31,35,39,44,43,47,26,25,26,14,19,20,95,119,95,17,25,11,39,35,26,25,17,19,15,23,12,15,27,13,22,24,23,47,54,31,43,50,41,18,24,14,18,19,22,35,34,25,65,66,43,69,96,66,22,29,26,15,17,14,21,27,15,42,39,25,17,22,18,143,125,119,116,110,103,13,27,11,19,16,11,11,15,11,11,26,16,44,106,114,13,23,11,30,57,28,11,19,11,12,27,13,31,32,22,62,39,30
76,31,25,25,44,59,72,133,114,237,25,17,26,146,147,72,20,13,19,151,125,122,46,33,37,27,11,24,31,11,31,29,22,24,27,17,26,17,12,14,25,18,22,142,124,114,20,14,17,54,20,22,99,91,91,20,11,18,43,74,87,16,11,15,26,12,13,21,19,18,132,119,133,24,20,23,18,13,19,84,71,60,41,79,91,15,13,12,21,18,20,21,15,22,39,32,40,24,15,22,124,116,145,21,24,17,35,25,23,90,72,64,16,17,17,153,158,188,23,22,18,55,63,69,116,117,83,30,24,35,11,17,17,19,15,16,28,12,16,25,18,17,23,23,21,69,73,50,12,12,16,13,19,18,18,21,17,96,51,156,22,20,26,16,18,17,12,11,16,21,19,18,131,134,213,46,66,36,74,58,40,30,31,33,43,47,48,24,24,24,18,16,22,94,121,96,15,24,11,39,39,27,21,13,13,13,21,13,18,26,15,21,25,21,42,59,30,44,46,41,12,19,15,14,19,16,34,36,25,61,60,47,67,93,64,19,33,26,11,15,12,26,24,15,39,33,22,18,15,17,143,125,115,117,114,99,12,29,11,15,15,11,11,13,11,11,22,12,42,105,111,14,22,11,30,51,27,11,20,11,11,25,11,32,30,18,58,41,26
76.25,30,27,25,40,61,66,130,115,235,26,16,21,146,148,74,21,12,19,152,128,121,48,30,32,27,16,22,27,11,30,30,18,24,26,16,31,20,12,15,22,11,20,143,126,114,20,13,20,57,21,25,100,93,84,24,14,25,43,78,91,18,16,19,26,11,16,24,20,21,135,117,134,24,19,29,22,13,23,83,74,58,46,78,99,16,16,11,21,17,19,21,18,19,36,34,39,30,17,20,126,114,146,23,23,21,37,31,29,84,69,60,21,16,17,149,162,186,20,22,17,58,63,66,119,118,85,29,19,36,13,19,18,17,14,16,29,16,18,24,19,19,19,22,18,69,70,48,16,15,16,16,19,19,19,23,23,94,53,155,24,22,32,20,20,17,13,13,17,22,22,20,132,137,216,48,73,35,69,60,43,33,38,37,43,43,47,24,25,26,19,17,23,98,120,105,14,24,11,37,43,27,22,19,12,15,20,13,14,26,15,17,27,18,43,59,30,45,46,41,14,25,11,16,18,22,35,36,29,61,62,46,64,92,66,17,29,25,15,15,13,25,31,17,44,35,25,18,20,16,147,133,120,116,117,99,11,25,11,13,18,11,11,17,11,11,24,13,45,106,108,11,26,11,31,52,28,13,21,11,11,28,11,28,26,18,59,43,22
76.5,29,32,23,43,63,69,130,119,235,26,20,19,148,152,74,19,15,19,153,128,116,50,36,38,27,14,21,29,14,29,29,25,22,32,20,26,23,15,19,21,14,22,144,124,117,17,12,19,60,22,26,102,98,86,21,11,16,43,73,90,22,15,19,29,11,14,25,19,23,133,119,129,25,18,25,23,11,19,86,75,61,50,73,97,16,11,14,22,15,18,21,17,17,36,32,40,24,13,20,125,115,147,21,19,20,37,24,27,86,69,66,20,13,19,150,159,189,16,23,17,55,64,66,120,121,80,31,18,36,18,16,22,20,13,20,29,12,16,27,18,21,25,21,21,69,71,50,19,13,19,21,13,20,21,18,21,97,52,159,23,21,29,19,17,17,18,13,18,23,21,17,135,139,218,44,75,32,71,56,46,34,31,38,43,44,46,24,21,24,17,12,20,98,126,102,16,22,12,36,36,23,24,22,15,17,22,15,20,25,13,20,21,22,47,52,30,45,46,42,12,20,11,15,15,16,39,34,29,70,62,52,67,95,64,17,29,24,14,15,17,29,28,17,43,39,22,21,22,16,149,131,120,119,113,104,11,22,11,15,20,11,11,18,11,14,22,11,48,107,113,16,25,13,33,57,29,13,20,11,12,24,11,31,34,19,65,42,26
76.75,27,24,26,39,62,68,126,117,236,25,16,24,146,148,73,21,12,22,151,129,124,42,33,31,28,13,25,27,11,31,29,22,26,27,20,31,22,14,19,21,15,27,144,127,118,20,21,18,55,20,23,98,94,85,26,11,22,44,74,91,21,16,20,25,11,13,23,20,22,133,118,137,20,22,24,18,12,18,82,77,59,44,73,95,13,18,11,21,17,18,20,18,21,37,30,39,23,19,22,126,115,148,21,22,22,40,28,27,87,68,67,16,15,17,154,161,188,20,21,19,54,66,71,116,114,81,35,20,41,16,21,26,19,14,20,28,16,19,28,18,22,23,25,24,70,70,48,13,11,18,14,17,18,17,18,21,96,56,156,25,28,31,21,23,18,14,13,18,23,17,19,136,135,218,43,76,31,66,59,43,29,35,36,42,47,46,27,29,27,15,16,25,95,124,100,16,26,12,37,39,27,17,17,13,14,24,12,18,24,17,17,28,22,45,60,32,47,49,40,15,22,12,15,20,20,38,38,26,66,62,48,63,95,63,19,32,24,13,18,15,22,29,13,42,35,26,23,21,21,146,135,119,117,118,103,18,21,11,16,15,11,11,17,11,11,25,11,43,106,116,11,25,11,30,51,24,11,25,11,11,23,12,29,26,18,59,41,26
77,29,31,24,42,67,68,127,125,236,30,22,25,147,154,74,21,17,18,157,132,123,48,37,35,31,17,23,33,13,30,27,22,22,27,20,24,23,16,19,21,14,21,149,124,119,18,15,17,56,18,23,104,96,90,24,11,19,46,73,91,19,19,19,24,11,11,23,17,21,135,121,133,25,22,28,16,13,20,86,77,64,43,74,91,16,11,13,23,17,20,21,15,21,38,38,43,23,17,22,128,118,150,18,20,23,34,29,22,90,65,66,15,13,19,151,164,187,15,19,14,58,66,64,114,121,81,26,19,38,17,18,22,16,13,20,24,13,16,24,15,17,22,22,27,75,73,51,17,11,19,13,17,17,22,16,22,95,48,155,23,18,30,19,18,14,16,11,20,22,22,20,133,139,215,45,73,31,72,54,43,35,32,38,43,46,49,27,22,24,18,14,26,99,130,108,14,22,13,41,39,30,23,18,13,12,23,11,18,23,19,16,25,18,41,56,31,43,48,41,15,24,14,17,21,20,34,36,28,69,64,52,66,96,66,17,30,26,14,16,14,25,26,13,37,38,22,19,21,17,150,135,119,120,115,105,12,22,11,14,17,11,11,18,11,13,24,14,45,107,116,11,27,15,31,58,26,11,20,11,11,26,13,31,29,18,58,45,26
77.25,32,24,29,39,61,68,130,117,231,27,15,22,148,144,76,20,12,20,150,130,118,44,33,33,24,11,20,28,11,30,29,23,22,23,20,26,20,14,17,22,16,23,147,124,120,22,16,17,57,17,21,104,92,86,22,11,18,47,74,93,21,17,18,25,11,15,21,19,20,135,124,132,23,23,28,18,12,20,87,81,61,46,74,94,13,14,11,23,16,21,25,13,22,35,36,42,23,13,19,128,116,150,18,23,19,38,26,23,88,66,65,19,11,14,152,162,190,19,18,17,56,62,68,119,121,75,29,19,36,15,19,20,23,17,16,22,14,13,24,16,17,23,19,25,72,70,46,18,11,18,13,16,16,20,15,18,98,48,156,26,18,30,17,17,15,16,15,16,18,20,12,134,136,218,47,76,37,73,57,41,34,34,37,42,45,46,24,26,22,18,13,21,98,125,105,16,23,11,35,37,19,22,20,13,16,29,11,19,22,12,20,22,19,43,56,33,46,47,41,17,23,15,17,20,15,37,33,26,66,62,42,69,97,69,19,30,27,11,18,12,23,25,11,40,37,21,20,17,16,152,134,117,118,117,100,15,26,11,11,12,11,14,13,11,11,23,11,44,107,113,13,29,11,31,48,29,11,20,11,11,25,13,32,32,21,60,44,32
77.5,28,29,25,40,67,72,129,123,234,30,22,26,146,149,73,20,18,19,153,127,121,47,37,36,28,14,26,29,12,28,33,22,28,27,19,30,21,11,18,24,14,24,143,128,120,19,16,19,58,18,24,107,97,87,22,11,16,46,75,92,21,17,17,27,11,18,27,15,23,135,122,131,25,23,24,21,13,21,87,74,63,47,77,94,15,11,12,22,14,21,22,16,20,39,34,45,22,12,20,125,120,147,19,16,19,39,29,26,90,70,69,18,16,18,155,160,192,19,22,16,54,60,69,120,123,81,26,21,34,14,20,23,17,18,20,25,15,14,24,18,15,22,22,23,75,74,53,14,11,19,18,17,18,18,17,19,99,54,152,26,21,31,17,20,17,12,11,16,20,19,21,136,139,218,46,75,32,76,56,45,29,30,35,44,47,49,24,22,23,18,19,26,101,126,114,14,21,14,38,40,27,22,16,15,18,24,14,15,23,11,16,26,22,40,55,32,44,46,39,15,19,15,15,19,18,38,30,26,66,67,45,66,97,66,19,32,27,13,17,12,25,27,16,43,39,23,17,19,14,153,135,118,120,113,100,11,26,11,15,18,11,11,20,11,11,22,11,46,104,115,13,26,15,29,57,26,12,20,11,11,29,11,31,28,16,57,40,28
77.75,29,29,24,42,57,68,127,122,235,25,19,21,146,148,76,20,16,19,156,132,121,48,34,36,27,18,25,27,12,25,24,24,22,26,15,27,23,14,19,22,11,23,151,130,115,20,11,16,57,16,26,105,94,86,22,11,20,43,77,89,21,15,19,26,11,14,24,15,20,138,122,132,21,23,25,21,13,17,87,79,64,42,76,91,14,13,15,18,11,15,19,16,18,38,33,39,20,14,20,132,118,150,21,19,21,38,25,25,88,66,65,17,13,18,151,160,192,18,21,13,57,61,64,124,122,83,26,20,36,16,19,19,22,14,17,24,14,13,23,14,17,24,21,19,72,74,50,19,13,17,17,16,17,26,20,23,96,52,155,25,22,28,21,20,18,15,13,15,23,21,19,141,136,219,45,76,32,70,60,43,30,34,36,42,45,47,23,27,23,17,21,22,103,124,112,16,26,11,40,35,28,22,21,13,13,22,11,15,22,12,22,17,21,46,54,32,44,43,44,17,20,15,17,21,17,38,34,26,68,59,45,63,94,63,15,28,23,13,18,13,26,29,17,43,36,23,18,17,16,154,138,116,121,117,101,11,25,11,17,17,11,11,18,11,11,25,11,47,105,115,17,24,11,27,54,22,11,17,11,11,24,11,33,25,20,61,39,20
78,32,28,28,44,62,75,127,120,236,26,20,27,146,152,76,23,14,24,156,135,123,48,33,40,30,14,28,30,15,35,30,21,31,26,22,30,19,17,16,24,15,23,146,131,123,20,11,20,58,22,30,107,97,94,25,14,20,45,78,91,15,17,18,27,14,16,21,20,25,138,128,136,25,23,28,18,16,23,91,79,69,45,81,99,14,11,13,19,15,21,19,16,22,39,40,41,22,17,21,127,124,155,22,18,22,39,31,32,88,67,71,18,17,20,155,162,189,19,24,17,56,68,66,123,124,83,33,25,38,12,21,20,22,22,23,25,16,17,25,18,21,23,21,24,73,70,54,18,13,24,18,19,23,24,24,27,95,57,157,24,23,30,15,25,18,15,18,20,22,23,19,134,140,220,47,79,37,72,63,43,36,37,41,46,48,50,22,27,26,19,23,25,98,129,115,17,25,11,38,46,29,25,18,16,17,24,15,19,25,15,17,30,22,42,58,36,48,47,44,14,25,17,18,28,18,36,35,29,67,67,50,68,99,67,19,33,28,11,18,14,28,32,19,35,43,22,21,25,20,155,139,124,117,122,102,11,25,11,18,15,11,11,17,11,11,23,12,48,110,118,16,21,16,30,57,31,13,21,13,11,27,15,26,32,20,56,42,30
78.25,29,23,21,39,58,68,128,116,233,29,13,20,147,144,72,20,11,17,160,129,116,47,32,33,27,13,22,27,11,28,26,20,23,25,20,27,20,13,14,20,11,21,150,130,119,18,11,18,60,17,23,102,93,88,17,11,16,41,74,90,17,16,19,23,11,11,26,16,20,130,122,128,22,20,23,18,13,18,89,77,67,45,73,95,14,13,13,21,13,20,19,17,19,37,36,40,24,16,17,125,119,152,17,20,19,40,27,26,86,70,58,14,13,18,151,166,189,15,16,16,58,58,68,120,120,82,29,20,37,13,17,19,21,11,15,28,11,15,26,20,17,18,22,24,76,73,49,13,12,20,15,18,22,19,21,20,97,51,151,24,21,29,15,18,16,15,13,20,22,20,17,136,136,218,49,74,34,70,59,42,32,31,37,44,51,47,23,23,23,16,18,21,97,124,118,21,27,13,36,41,26,22,14,11,17,25,11,17,23,14,17,22,19,40,57,26,46,49,41,11,21,11,16,22,22,35,33,24,66,62,47,70,95,66,19,32,25,11,22,14,29,23,17,37,32,21,17,21,16,155,135,116,118,120,102,11,17,11,17,15,11,11,11,11,11,20,11,44,104,112,11,18,11,28,53,24,11,18,11,11,27,11,31,31,16,53,39,22
78.5,31,25,23,40,58,69,128,116,235,27,16,21,146,145,74,21,13,23,151,130,122,48,35,36,27,19,23,31,13,31,28,20,27,28,18,27,18,14,17,28,19,23,151,131,125,20,16,17,56,20,26,107,97,88,23,18,22,43,74,92,22,18,19,26,11,17,29,18,29,137,127,135,22,21,23,25,14,23,90,81,68,47,77,98,15,13,12,21,18,20,20,18,23,38,32,41,25,17,21,130,117,153,21,23,22,39,30,30,86,74,62,18,18,18,157,164,190,14,23,13,59,64,65,123,122,80,27,23,37,15,18,23,18,14,19,27,18,17,25,19,20,23,21,22,73,75,50,16,17,19,19,21,20,19,20,19,95,56,155,25,23,31,16,18,17,14,13,15,17,20,17,137,139,217,50,75,35,75,59,42,32,35,40,46,48,49,23,27,20,20,21,26,99,131,114,17,22,15,38,43,30,23,22,15,16,25,13,20,26,17,19,26,22,39,58,28,47,48,42,15,25,16,17,20,18,33,40,24,65,63,48,71,94,68,23,31,28,11,18,13,27,30,16,39,37,27,22,23,18,160,144,118,120,116,102,12,26,11,20,16,11,11,12,11,11,24,12,43,104,114,11,20,13,33,53,30,12,20,11,11,20,11,28,27,18,56,43,27
78.75,30,25,27,40,62,71,128,117,236,28,14,22,151,140,78,23,11,22,157,133,120,49,33,37,28,17,28,32,13,30,28,21,28,29,16,29,22,15,16,27,14,21,146,130,122,19,13,19,61,14,27,107,100,88,26,12,18,42,76,90,21,14,21,26,12,12,25,19,24,141,127,134,24,19,22,18,17,19,90,83,65,42,76,92,16,17,12,20,17,18,27,19,21,35,37,37,20,14,17,129,123,149,25,22,22,35,30,24,92,73,69,21,19,20,154,163,187,17,22,15,57,59,66,123,122,86,30,22,37,17,20,21,18,18,16,24,17,16,27,15,21,24,19,26,77,74,50,16,12,19,17,15,21,21,20,22,98,52,155,28,25,35,17,23,15,12,16,13,17,17,18,134,141,221,48,78,32,77,56,44,30,31,38,45,54,51,26,26,25,18,19,20,102,129,123,17,25,12,43,41,28,23,18,13,15,25,11,21,27,15,18,27,21,42,59,31,44,46,39,17,23,15,18,19,20,36,38,24,68,67,49,67,99,67,19,31,30,12,19,15,26,28,20,42,30,25,23,20,18,162,144,115,122,123,104,16,22,11,17,16,11,13,16,12,11,23,12,43,104,109,12,30,11,27,58,29,13,21,11,11,24,11,29,28,19,56,42,24
79,30,29,20,43,62,73,132,119,233,27,17,25,146,144,76,21,13,21,159,134,119,50,31,36,26,15,22,31,14,29,29,26,25,27,23,26,21,15,18,20,15,19,148,131,120,20,14,24,63,17,27,105,101,89,21,11,17,45,75,93,21,13,21,27,12,17,22,16,21,138,126,130,26,23,27,19,14,19,91,83,66,42,74,92,18,13,15,16,16,16,23,16,26,35,34,40,24,18,19,133,124,154,23,23,23,39,28,28,91,72,61,17,16,19,153,164,188,14,22,14,59,68,67,123,128,83,30,18,39,11,21,17,17,16,16,26,16,19,27,20,27,22,23,24,71,75,51,17,11,20,14,19,20,19,21,21,95,56,154,23,23,28,18,22,17,16,17,20,23,22,19,137,139,221,48,82,37,71,65,40,30,34,36,46,45,54,24,20,22,17,17,20,100,130,125,16,22,14,42,40,30,21,19,16,17,25,13,18,24,13,17,25,22,45,59,36,43,50,39,18,23,14,17,21,18,34,38,30,68,65,51,70,97,71,21,33,28,11,17,16,27,29,14,42,33,24,20,22,15,161,146,115,120,121,101,11,26,11,18,20,11,11,16,11,11,25,11,42,102,109,11,27,11,27,53,25,12,19,12,11,26,11,29,32,22,57,39,26
79.25,30,27,26,43,65,69,128,120,231,27,17,20,145,143,75,22,16,21,163,135,116,46,36,34,27,17,22,28,11,29,31,19,28,28,15,30,23,15,20,26,14,26,151,130,122,17,14,17,59,20,25,110,99,90,23,14,20,42,75,91,18,17,16,28,11,17,21,21,23,141,127,132,26,22,29,20,13,19,93,84,69,45,76,96,14,11,15,22,18,20,21,18,21,40,38,43,21,14,19,131,120,158,19,22,20,37,30,27,95,74,66,21,11,17,153,168,190,20,20,16,61,67,69,121,127,81,34,23,40,15,21,23,19,20,21,27,11,21,23,22,19,20,23,22,73,79,52,16,13,19,14,17,17,20,22,24,94,53,152,24,23,32,19,21,16,14,15,17,21,21,16,142,144,225,51,80,36,72,60,44,35,37,36,45,47,55,24,21,24,18,23,21,109,135,131,12,24,11,37,40,27,19,18,13,19,26,13,19,29,16,17,28,17,41,56,34,44,46,39,17,20,14,17,20,23,37,37,30,66,67,49,71,101,72,21,28,27,11,23,13,30,22,19,39,37,25,19,17,18,163,147,116,122,123,106,11,23,11,16,11,11,11,14,11,11,22,11,45,101,111,11,24,11,27,59,24,11,21,11,11,26,11,28,29,21,55,44,25
79.5,33,31,27,42,64,69,134,121,233,28,22,23,150,147,77,22,17,23,163,135,123,50,33,38,30,18,24,29,13,30,31,19,24,29,18,29,22,15,17,21,13,23,149,129,124,14,11,14,59,22,32,110,99,90,24,11,22,39,72,88,18,17,20,27,11,12,23,19,21,138,125,128,25,24,25,17,11,18,89,83,64,42,74,93,14,12,13,22,13,20,21,18,21,36,40,39,22,19,22,132,125,157,22,19,23,36,31,27,97,71,69,15,16,18,156,167,186,12,22,14,54,63,65,123,125,84,27,20,37,15,17,22,21,17,20,28,13,17,25,15,21,19,23,22,77,78,55,13,11,19,17,17,18,18,20,16,98,52,155,25,25,29,16,16,18,11,11,19,21,22,19,138,142,222,48,77,32,69,62,41,34,37,36,43,48,53,29,25,25,19,16,25,105,135,131,19,27,13,39,41,27,21,15,17,15,22,15,15,25,12,19,27,21,48,54,32,44,51,38,12,21,12,14,19,19,33,36,26,65,66,46,70,97,69,19,29,27,11,20,11,28,28,19,34,36,21,20,18,16,162,146,118,118,120,103,11,22,11,18,19,11,11,16,11,11,23,11,45,108,111,11,20,12,32,52,30,11,16,11,11,23,11,22,31,22,55,42,26
79.75,31,32,23,42,65,72,130,121,233,27,22,23,149,145,71,19,19,17,161,138,115,43,37,34,30,14,24,26,16,28,32,24,28,27,18,28,23,16,15,22,11,21,148,133,124,18,11,16,52,21,21,112,101,91,22,11,18,42,73,90,17,19,20,27,11,14,21,18,21,142,129,129,25,21,21,17,11,17,91,82,69,47,71,94,11,11,11,15,15,16,22,13,23,39,37,43,21,15,20,129,122,154,20,18,20,35,26,22,88,71,62,17,13,16,155,166,186,16,20,14,53,63,62,122,125,84,30,22,39,12,18,23,20,11,19,26,12,15,24,18,16,22,20,23,76,73,51,13,11,17,14,13,16,18,16,23,97,49,153,20,22,28,14,19,14,11,13,17,21,20,17,140,142,223,46,77,31,71,57,43,37,33,34,48,47,53,25,21,27,19,17,23,99,137,134,15,22,11,38,42,30,16,19,12,16,27,16,14,22,11,20,23,20,41,54,32,46,49,42,11,25,14,12,15,14,32,31,25,65,64,50,66,100,66,18,31,25,11,16,11,25,28,18,37,38,23,20,16,16,160,150,113,117,120,103,11,22,11,18,15,11,11,19,11,11,25,11,44,106,109,14,23,11,26,55,28,12,17,11,11,28,11,20,32,19,50,41,22
80,32,32,27,45,59,68,133,125,233,32,22,23,151,143,77,25,15,24,164,136,120,47,34,36,31,14,27,31,12,30,29,19,23,27,15,28,22,12,17,21,12,21,152,132,120,19,12,18,58,19,26,113,102,91,25,11,21,45,73,91,22,15,20,27,11,16,24,17,18,140,130,130,24,17,24,19,11,22,91,85,71,49,79,92,17,11,11,21,15,19,22,17,21,39,38,42,24,14,17,130,122,150,21,20,20,40,25,28,92,71,66,21,18,21,158,165,189,18,21,14,56,67,66,125,127,83,34,20,39,13,18,23,22,15,18,29,11,11,31,17,21,22,19,24,79,73,54,14,11,18,18,15,22,19,21,19,98,52,154,24,22,29,14,22,16,13,11,18,20,17,16,137,145,222,51,77,34,73,57,41,37,30,40,44,45,50,26,24,22,21,16,24,105,142,137,20,22,12,42,46,33,23,18,12,19,24,14,18,25,14,18,22,20,45,53,32,47,51,41,16,20,12,17,19,18,36,33,24,67,67,47,72,100,70,19,29,28,16,16,17,26,24,13,39,39,22,23,19,13,160,154,118,122,119,105,13,23,11,16,14,11,11,16,11,11,23,11,43,106,112,12,26,11,30,55,29,14,22,11,11,23,11,22,34,19,55,40,26
80.25,29,29,23,37,61,65,131,120,236,24,19,22,145,142,76,16,14,17,163,140,119,47,33,35,27,11,23,29,12,29,31,20,23,25,16,24,16,17,15,19,11,24,150,131,123,19,11,19,57,20,26,112,103,91,21,15,16,39,77,88,22,18,20,26,12,14,23,15,22,146,128,129,21,21,20,20,11,22,95,83,75,45,76,92,11,11,11,20,15,21,22,17,20,39,34,41,21,16,18,132,125,154,22,22,25,37,25,26,92,74,66,18,11,18,158,167,192,16,18,13,56,66,66,124,130,82,34,22,39,14,17,23,17,12,17,29,16,18,25,16,17,19,21,23,72,74,52,15,11,20,15,15,20,20,20,20,97,53,151,22,19,28,19,24,16,11,15,16,23,19,14,144,142,226,44,79,34,70,59,41,32,31,33,47,49,53,27,27,22,16,16,22,110,140,139,15,21,12,38,38,33,25,20,17,18,22,14,13,25,12,21,24,20,47,54,33,45,46,45,13,20,13,15,21,21,37,37,24,69,66,48,72,95,68,18,28,26,11,16,12,26,25,17,43,37,26,17,18,16,158,153,114,122,121,104,11,21,11,15,15,11,11,15,11,11,23,14,42,101,116,11,28,12,32,55,27,11,17,11,11,24,11,26,28,14,57,46,26
80.5,32,30,23,41,62,71,133,122,235,29,17,19,148,145,72,18,16,19,163,140,123,49,35,37,29,18,24,29,13,26,30,20,24,22,17,27,21,15,21,24,17,26,152,135,123,13,12,17,59,19,26,112,102,95,23,12,19,42,76,91,22,15,23,29,11,17,22,20,21,143,130,129,23,23,24,19,13,21,94,86,73,47,74,96,15,16,12,20,18,20,19,17,20,39,37,41,22,19,24,131,127,155,20,24,20,31,28,20,94,76,66,15,15,21,155,168,188,16,22,14,57,62,65,125,129,82,30,23,40,14,21,23,19,14,18,24,17,14,23,16,20,22,25,25,72,78,47,13,13,16,13,12,20,18,18,24,98,51,155,21,21,29,16,20,13,15,12,19,18,20,16,142,140,220,49,74,33,67,59,40,34,33,39,45,45,60,24,24,23,15,21,22,104,139,142,20,26,12,38,40,30,18,21,16,17,24,14,17,23,15,20,26,23,43,56,30,47,42,41,14,27,20,16,24,21,33,35,26,68,67,53,72,99,68,18,34,27,11,20,12,27,30,17,35,33,22,17,19,12,162,152,113,122,121,103,11,23,11,20,17,11,11,19,12,13,22,12,43,107,113,14,24,14,26,55,28,13,23,12,11,25,12,22,27,21,56,39,23
80.75,34,29,23,38,61,70,128,122,234,22,14,22,145,143,72,21,11,22,165,140,120,48,33,38,25,15,24,29,12,27,33,22,30,26,21,29,20,12,18,21,22,23,151,134,122,19,15,20,58,20,19,111,107,92,25,11,18,44,72,91,21,19,20,26,11,13,22,20,23,145,132,132,19,23,24,21,12,20,96,90,74,47,75,94,15,15,15,18,17,18,24,18,22,40,39,43,25,19,20,137,124,155,18,20,17,39,28,29,98,77,63,18,14,17,156,169,186,19,22,14,56,62,67,124,128,80,28,23,38,13,20,23,19,18,20,21,13,15,20,17,18,23,24,25,69,76,49,15,13,22,16,17,22,20,22,24,97,54,151,20,23,30,22,21,19,13,12,22,18,21,16,143,145,225,47,84,34,72,61,43,31,35,35,47,52,57,24,23,24,16,21,22,110,142,142,18,25,14,40,41,30,19,23,12,15,25,14,17,25,17,19,25,21,40,59,35,43,46,37,12,22,17,17,21,21,35,38,25,74,70,49,71,103,69,18,25,24,13,21,15,27,30,18,38,35,23,18,19,16,158,154,114,123,123,107,12,25,11,13,14,11,11,18,11,11,21,11,40,105,112,15,26,14,27,56,27,11,21,11,11,30,11,29,26,16,57,35,23
81,31,25,25,41,58,71,129,118,233,26,13,23,141,136,73,21,11,24,162,139,117,45,31,33,28,12,24,28,11,32,31,21,24,30,16,29,23,13,20,26,14,22,153,135,125,22,11,20,60,16,26,111,103,93,24,14,19,44,76,92,22,16,17,29,13,13,24,23,25,146,131,129,23,19,22,22,13,20,100,89,81,44,76,96,13,18,12,21,16,22,24,21,22,42,41,44,21,16,18,135,127,157,24,22,22,38,27,26,95,75,67,17,16,18,159,169,186,17,23,16,58,65,65,130,128,78,34,22,38,18,22,18,18,16,16,29,16,18,28,18,21,24,25,20,76,77,53,13,13,17,16,17,17,20,21,21,99,56,151,25,28,30,21,23,16,19,14,22,20,18,19,147,143,226,48,77,34,71,56,44,35,32,38,46,48,55,26,27,23,20,21,22,112,140,145,22,26,13,41,45,30,24,15,13,18,21,12,14,26,13,21,24,19,48,60,32,46,43,40,20,23,16,18,20,20,41,36,27,72,68,49,69,99,70,21,35,24,14,17,13,28,25,17,43,29,21,21,21,18,157,156,112,122,121,100,11,25,11,17,15,11,12,15,11,11,23,11,47,107,112,13,23,13,33,51,29,11,17,11,13,24,11,31,21,18,61,45,26
81.25,28,24,25,44,59,69,130,116,233,24,16,22,146,136,74,21,13,23,162,140,121,47,33,35,28,15,25,28,12,28,26,22,27,28,13,27,16,11,18,25,15,20,153,133,123,17,17,18,64,20,26,113,105,95,20,12,20,43,78,92,19,19,17,26,14,14,25,19,23,145,129,130,22,21,26,18,14,21,96,90,76,45,75,92,15,13,15,21,14,22,19,18,22,41,38,39,25,15,20,136,127,155,22,18,23,41,30,26,92,73,67,17,17,23,158,169,187,16,23,15,58,64,68,129,129,84,30,24,40,17,17,23,19,15,21,24,13,17,24,20,17,23,24,25,73,74,52,16,14,18,16,17,21,25,21,26,100,54,155,20,23,30,15,23,17,13,12,19,23,22,23,144,146,225,50,81,34,68,58,41,28,37,35,46,52,55,26,25,25,17,20,20,110,142,147,21,26,12,43,43,30,19,16,15,14,26,11,16,27,11,19,25,21,46,56,33,46,49,39,13,21,12,19,20,21,37,36,28,68,71,52,70,101,65,20,31,26,11,13,13,23,29,13,42,31,25,20,21,16,159,157,112,120,125,104,11,25,11,19,17,11,11,15,11,11,22,12,47,104,114,13,27,11,32,53,25,11,21,11,13,23,11,26,25,21,58,43,27
81.5,30,30,25,38,61,67,130,123,234,25,21,22,141,148,73,22,17,22,163,148,118,49,39,37,26,17,24,27,15,29,30,25,26,27,22,29,21,17,20,22,15,25,153,136,126,18,11,19,58,18,26,113,102,98,19,14,19,37,79,87,19,17,18,27,11,15,20,20,20,141,131,127,23,24,25,20,14,23,95,90,78,45,79,96,13,11,14,17,12,18,18,15,20,42,38,44,25,17,22,134,129,160,21,18,22,36,31,27,94,75,65,19,14,20,154,173,186,13,21,16,54,65,65,130,133,83,31,22,39,11,17,18,21,16,20,29,11,17,24,17,20,15,25,24,75,77,53,18,11,23,15,19,20,21,19,23,93,54,154,24,26,30,17,19,18,14,12,22,23,20,24,141,147,224,48,81,35,73,63,43,32,34,36,47,52,60,26,21,24,17,18,26,112,147,155,14,25,11,39,40,28,23,19,13,12,22,11,15,21,15,18,25,20,38,57,32,45,46,40,16,21,17,17,20,21,35,37,26,71,68,52,70,102,73,18,34,27,11,20,14,30,30,23,41,38,23,16,24,16,151,163,111,122,125,103,13,24,11,21,22,11,11,20,12,11,27,12,46,103,115,13,27,14,28,53,32,11,25,11,11,28,11,26,27,21,58,40,25
81.75,28,30,20,41,61,71,132,124,234,28,20,23,145,144,74,23,12,22,165,142,119,51,37,42,29,14,26,32,13,30,32,25,28,29,20,31,20,17,16,27,13,22,153,135,125,18,13,20,61,23,26,113,103,96,25,13,18,46,71,91,23,14,21,29,11,17,25,16,21,146,133,129,25,23,22,22,11,19,99,89,80,50,77,96,14,17,13,21,16,23,19,19,22,36,38,39,22,18,19,138,128,161,24,22,25,38,29,27,96,74,65,15,18,14,158,172,189,16,21,18,56,63,62,126,135,83,31,22,41,14,17,20,24,18,20,26,15,17,23,18,22,22,23,22,72,74,48,14,12,21,20,17,21,24,19,20,98,55,154,24,21,31,18,23,15,13,14,22,21,18,22,144,146,228,57,80,34,73,59,46,35,32,37,47,47,56,29,27,23,15,21,20,110,146,153,17,27,13,40,42,31,26,21,14,17,19,12,21,25,13,18,31,21,40,57,33,45,53,38,18,22,17,13,20,19,37,38,23,71,68,48,70,103,71,20,28,27,13,17,13,26,30,17,40,37,24,21,20,19,158,160,117,126,122,104,16,24,11,19,14,11,11,11,11,11,24,11,47,105,116,13,27,13,32,55,31,11,19,11,12,22,14,31,24,20,54,44,29
82,30,28,26,37,60,68,131,119,234,30,18,27,146,145,75,20,14,18,163,143,117,48,35,39,33,18,22,28,12,30,29,16,24,28,18,27,19,16,16,19,13,21,154,137,129,18,16,22,60,21,27,116,107,97,22,11,19,46,75,91,21,20,19,28,13,16,26,16,25,147,134,131,25,25,26,19,14,18,98,92,77,46,74,94,15,13,12,24,15,21,20,16,20,43,41,43,30,14,24,137,128,155,23,19,23,38,28,28,93,70,70,15,13,16,160,172,184,15,23,15,58,65,65,132,134,80,31,24,39,13,20,18,19,12,19,27,15,13,26,17,21,22,17,21,76,73,57,12,14,17,17,15,23,22,19,22,101,56,156,24,24,31,18,20,17,19,11,19,22,21,21,148,147,228,50,79,38,70,63,42,28,36,38,48,51,59,21,24,19,20,19,25,113,146,154,17,25,14,43,40,30,18,20,11,14,25,11,15,27,15,14,23,21,47,58,33,47,52,41,13,25,13,17,18,20,38,35,28,73,70,50,70,102,71,18,30,27,14,17,13,28,31,20,38,38,24,21,22,15,157,163,115,125,127,107,13,20,12,16,16,11,11,16,11,11,22,11,47,102,112,16,26,11,30,54,26,11,24,11,11,25,11,27,27,19,58,41,26
82.25,33,28,27,37,66,68,132,123,231,30,23,23,142,148,74,22,14,23,166,146,117,51,39,37,29,17,26,23,16,26,26,19,24,25,20,26,19,11,18,23,18,22,155,138,129,17,13,13,59,26,27,114,110,98,25,14,19,46,75,93,21,14,21,24,12,16,18,17,21,147,135,124,23,22,27,18,13,21,100,90,82,52,75,97,14,12,15,18,15,20,20,17,18,37,34,41,25,15,21,135,129,158,24,22,22,40,29,27,96,74,68,20,12,20,158,172,190,16,19,14,54,63,65,132,133,84,32,20,39,15,15,20,18,12,19,29,15,19,26,11,22,22,21,24,81,79,55,18,12,21,16,21,23,23,19,26,101,51,150,24,23,31,16,22,19,15,11,20,21,19,21,145,146,227,53,81,36,76,63,43,35,33,36,44,47,56,27,24,27,18,17,23,112,150,160,17,22,12,40,42,32,25,18,12,15,22,15,15,25,14,17,24,18,41,56,33,43,48,43,15,19,18,13,21,16,39,33,30,75,69,53,74,107,71,17,29,26,11,11,13,29,24,15,42,39,24,18,18,19,152,164,112,126,122,108,11,23,11,19,17,11,11,19,11,11,25,11,45,105,113,11,26,11,31,58,31,11,21,11,14,27,13,31,32,23,56,40,28
82.5,29,29,26,35,63,66,128,126,233,28,18,22,143,144,73,22,18,21,166,144,116,52,35,37,31,13,26,27,14,28,30,19,23,25,15,27,22,15,19,23,11,21,156,138,127,18,13,21,62,18,27,117,107,99,21,14,20,43,79,88,23,18,18,24,11,12,25,12,26,144,137,128,19,18,22,20,13,17,96,91,78,50,75,95,13,15,15,20,13,20,19,19,17,40,38,46,22,13,18,135,130,158,19,25,22,38,27,26,95,72,62,16,12,17,159,174,188,15,20,13,55,62,63,130,135,79,33,21,39,11,19,20,15,15,18,24,11,18,26,17,23,28,22,24,72,80,50,17,15,18,18,18,23,14,22,20,97,56,152,23,23,33,17,26,18,16,14,20,18,21,17,144,146,227,47,80,31,73,63,45,33,32,36,47,49,60,21,23,21,20,19,24,112,147,162,16,24,12,37,41,28,23,20,15,16,22,11,18,22,14,22,25,22,42,60,33,48,46,44,12,23,13,13,16,22,38,31,28,73,72,53,74,106,73,22,30,28,11,18,14,26,28,16,38,35,23,16,20,14,151,166,118,127,125,104,11,24,11,19,14,11,11,13,11,11,25,12,48,99,114,12,23,14,27,54,25,11,22,11,11,24,11,34,33,22,58,34,26
82.75,28,33,24,39,66,68,132,124,232,29,25,25,143,146,79,22,21,22,168,150,121,45,42,38,31,16,30,24,13,29,28,24,22,28,16,28,18,16,19,20,15,21,156,139,129,19,14,20,62,23,28,115,107,95,25,16,21,44,76,91,22,15,20,29,11,16,22,23,23,146,136,129,19,24,24,18,16,22,101,95,83,41,74,94,13,13,12,18,12,19,23,18,23,42,34,42,28,18,23,133,133,160,24,21,24,40,27,26,94,75,65,22,16,16,159,171,189,17,20,15,54,59,65,134,133,83,37,25,38,16,17,22,18,15,18,22,13,17,27,18,21,23,22,25,74,79,56,18,12,18,16,17,19,18,15,20,98,47,153,25,25,35,18,21,16,13,15,16,24,23,27,145,148,224,48,77,35,71,62,42,31,34,37,47,50,57,24,23,25,20,18,24,115,149,163,14,24,11,41,39,33,23,15,12,14,23,16,16,19,17,18,20,23,41,56,34,44,50,42,18,22,15,20,18,22,39,36,27,74,67,52,72,99,74,23,30,30,12,17,14,25,29,16,46,39,26,24,22,16,155,169,112,126,126,108,11,20,11,20,17,11,11,16,11,11,23,12,46,105,112,14,28,18,31,54,28,11,19,11,13,27,11,34,26,19,59,41,25
83,35,26,25,39,63,69,133,124,234,29,17,25,142,144,75,20,19,20,175,146,119,48,37,38,32,18,29,29,12,27,29,20,28,27,17,30,17,19,15,26,13,24,157,137,128,18,13,18,61,23,26,117,106,100,26,11,22,41,74,89,18,17,18,25,11,16,21,22,22,149,138,125,20,19,23,20,12,23,102,95,81,41,74,93,15,15,13,21,14,23,23,17,21,39,39,40,22,16,20,136,130,158,24,21,21,38,28,28,93,74,68,21,14,20,163,172,188,17,23,14,56,63,62,129,137,80,32,19,40,12,21,23,21,15,22,27,20,19,26,15,21,23,23,24,79,71,55,13,14,19,15,18,17,17,20,22,99,53,151,23,22,31,16,22,18,16,12,23,19,22,18,142,146,228,54,82,33,69,62,41,32,33,38,50,50,57,27,25,22,17,16,23,114,151,168,18,23,13,41,39,28,20,19,14,14,23,13,18,23,13,21,25,25,41,57,32,50,49,43,14,23,14,17,17,19,34,34,27,68,66,54,69,102,71,19,31,29,11,19,12,25,26,16,41,38,24,21,21,19,154,166,116,125,124,108,12,24,11,20,17,11,11,13,11,11,27,11,47,104,112,12,31,15,33,54,33,12,19,11,11,21,11,27,30,21,54,42,29
83.25,31,26,25,42,61,68,133,122,232,27,16,22,143,141,71,22,14,22,172,143,117,44,36,39,29,14,30,25,13,29,32,21,28,29,19,31,20,17,15,24,15,23,150,137,122,21,15,24,56,21,25,119,110,100,24,13,15,42,79,89,22,17,24,27,11,15,22,21,19,148,136,126,22,22,22,23,12,18,100,100,85,47,80,95,12,14,12,18,17,19,21,17,24,40,40,45,22,17,21,139,134,165,22,25,22,37,28,31,94,77,67,18,18,19,159,173,188,17,21,14,57,65,65,130,133,82,31,24,39,17,20,21,17,13,19,30,14,19,29,16,23,20,23,21,72,75,51,14,12,18,18,13,22,18,20,18,99,55,152,26,24,34,19,20,21,13,17,20,23,18,20,147,147,230,49,86,37,74,63,43,31,34,34,49,52,60,23,22,23,18,16,24,111,154,168,16,27,13,43,45,33,24,15,14,17,21,17,18,27,12,20,25,21,40,58,32,48,48,41,18,21,17,18,18,21,33,36,25,71,71,55,70,105,74,17,31,29,11,19,13,27,28,15,38,38,24,19,19,18,150,173,113,127,127,109,11,27,11,19,17,11,11,18,11,11,25,12,47,104,115,13,31,11,30,62,29,11,24,11,11,28,11,28,26,22,46,36,21
83.5,29,25,22,39,62,67,131,119,228,24,14,24,142,133,70,19,11,18,170,148,117,47,33,36,22,14,20,25,15,24,27,17,22,27,19,26,19,11,16,21,13,19,152,136,128,20,14,19,58,20,26,115,109,97,25,13,18,42,76,87,16,18,16,24,11,15,21,18,17,149,135,124,25,23,25,18,13,21,104,97,88,49,76,100,13,15,13,21,18,17,20,20,24,36,38,38,19,14,18,136,134,162,20,23,26,34,26,24,93,74,67,15,21,18,159,176,187,16,23,15,58,62,64,132,132,79,31,19,36,14,22,19,17,16,17,22,11,15,23,16,18,21,21,20,74,74,53,13,13,18,19,18,22,21,22,22,97,54,152,26,23,29,11,20,15,12,12,17,20,24,21,147,145,226,49,82,36,69,58,40,32,35,34,44,50,55,23,26,21,18,16,24,115,144,174,15,30,12,39,42,25,19,19,11,15,24,14,14,24,13,15,23,21,40,57,30,48,41,45,16,22,15,16,15,19,35,36,25,68,70,52,70,104,70,14,30,23,12,20,16,25,31,19,39,35,24,19,23,16,149,171,115,125,128,105,11,19,11,18,12,11,11,14,11,11,22,12,40,102,111,13,25,12,29,52,28,11,26,11,11,26,12,26,19,20,55,35,29
83.75,26,30,27,42,62,70,132,121,230,26,21,25,142,142,75,15,18,18,169,147,118,49,38,40,28,15,24,29,15,32,29,23,26,28,17,31,20,11,19,22,17,21,153,140,132,18,11,12,59,19,29,120,110,100,22,13,18,47,76,93,21,17,18,30,11,14,25,19,25,153,139,126,22,21,28,16,14,16,103,100,86,45,78,94,17,11,14,23,19,19,23,16,23,42,38,41,23,17,22,147,133,166,24,20,21,39,27,31,98,74,73,20,15,20,158,171,186,16,19,14,58,62,66,137,138,83,34,20,42,19,20,23,21,15,17,29,14,16,25,17,19,21,22,23,75,79,51,16,11,16,16,16,22,20,21,19,102,57,149,26,20,32,21,23,15,18,12,17,24,21,25,154,147,228,54,82,37,68,57,42,33,32,38,50,52,59,25,21,23,16,19,24,120,151,175,17,23,12,42,44,26,21,19,14,18,24,16,17,24,17,16,23,24,44,55,34,47,46,44,15,21,14,19,14,17,37,40,25,74,72,50,70,106,75,19,29,27,14,18,14,23,25,17,43,43,26,19,20,17,152,170,113,125,124,103,13,27,11,15,20,11,11,13,11,11,23,13,51,102,119,15,22,11,31,53,32,11,21,11,11,24,11,23,28,20,54,39,23
84,31,36,23,40,64,72,133,127,233,25,21,24,145,145,76,24,17,25,172,151,120,51,41,41,27,19,30,28,18,28,27,24,28,24,20,31,18,20,19,26,19,24,158,139,132,17,16,19,63,26,30,121,113,101,24,13,23,44,76,95,17,18,25,28,14,17,25,19,29,153,142,127,23,25,30,21,14,24,109,99,95,46,78,98,18,14,15,23,14,21,23,22,25,46,44,49,25,18,25,145,133,166,22,25,25,38,31,30,100,77,72,22,18,21,164,174,187,15,27,15,57,68,65,133,140,86,32,26,42,14,23,25,24,19,22,25,17,19,26,18,24,26,25,28,79,79,58,16,18,23,20,20,23,23,23,24,98,56,154,27,26,34,22,21,23,13,16,20,25,26,23,149,150,231,55,86,42,70,67,48,34,37,38,44,48,63,28,27,27,19,17,26,119,159,178,19,25,14,41,48,36,23,21,14,15,28,17,16,30,14,19,29,25,43,55,37,47,51,45,17,25,17,18,28,22,36,40,30,73,75,56,76,109,77,21,33,32,13,24,15,26,34,23,41,46,28,19,25,19,148,176,118,125,127,108,11,28,11,20,20,11,11,15,13,11,27,16,48,107,116,14,30,18,28,59,30,11,23,12,14,23,14,32,32,25,60,44,31
84.25,29,35,27,37,68,73,126,125,231,25,23,25,141,144,76,18,24,21,172,152,124,54,36,42,32,18,28,24,12,31,32,22,24,22,18,28,22,19,21,21,16,26,156,141,132,19,12,18,59,26,28,124,111,102,21,14,23,43,77,95,16,18,18,28,11,18,23,22,31,149,140,129,22,27,28,17,13,22,104,98,90,47,81,98,13,15,14,16,18,19,20,20,26,37,39,42,22,18,22,140,132,167,19,24,23,37,28,27,96,79,72,16,19,21,160,175,188,15,25,17,55,67,67,134,142,85,33,22,41,14,19,22,20,17,24,25,14,19,21,19,20,24,25,27,74,79,54,16,11,20,16,20,21,21,24,22,99,55,153,23,22,33,22,23,23,13,17,21,19,23,17,147,150,229,52,88,37,73,59,49,32,35,40,48,51,65,25,26,26,17,18,25,119,159,178,17,27,15,41,42,33,19,17,13,14,26,14,17,27,15,19,26,25,40,55,34,46,54,47,17,23,16,17,20,24,34,40,28,75,72,56,74,111,75,20,31,33,11,19,14,23,28,17,41,42,28,15,21,16,149,177,117,127,129,107,11,30,11,17,20,11,11,18,11,11,27,12,47,104,112,12,26,13,30,56,33,11,21,11,11,26,11,28,27,26,51,39,30
84.5,0,0,0,0,0,0,0,0,0,0,0,0,0,0,0,0,0,0,0,0,0,0,0,0,0,0,0,0,0,0,0,0,0,0,0,0,0,0,0,0,0,0,0,0,0,0,0,0,0,0,0,0,0,0,0,0,0,0,0,0,0,0,0,0,0,0,0,0,0,0,0,0,0,0,0,0,0,0,0,0,0,0,0,0,0,0,0,0,0,0,0,0,0,0,0,0,0,0,0,0,0,0,0,0,0,0,0,0,0,0,0,0,0,0,0,0,0,0,0,0,0,0,0,0,0,0,0,0,0,0,0,0,0,0,0,0,0,0,0,0,0,0,0,0,0,0,0,0,0,0,0,0,0,0,0,0,0,0,0,0,0,0,0,0,0,0,0,0,0,0,0,0,0,0,0,0,0,0,0,0,0,0,0,0,0,0,0,0,0,0,0,0,0,0,0,0,0,0,0,0,0,0,0,0,0,0,0,0,0,0,0,0,0,0,0,0,0,0,0,0,0,0,0,0,0,0,0,0,0,0,0,0,0,0,0,0,0,0,0,0,0,0,0,0,0,0,0,0,0,0,0,0,0,0,0,0,0,0,0,0,0,0,0,0,0,0,0,0,0,0,0,0,0,0,0,0,0,0,0,0,0,0,0,0,0,0,0,0
