"Hour_df1","A1_Negative_Control_df1","A1_Negative_Control_df2","A1_Negative_Control_df3","A2_L.Arabinose_df1","A2_L.Arabinose_df2","A2_L.Arabinose_df3","A3_N.Acetyl.D_Glucosamine_df1","A3_N.Acetyl.D_Glucosamine_df2","A3_N.Acetyl.D_Glucosamine_df3","A4_D.Saccharic_Acid_df1","A4_D.Saccharic_Acid_df2","A4_D.Saccharic_Acid_df3","A5_Succinic_Acid_df1","A5_Succinic_Acid_df2","A5_Succinic_Acid_df3","A6_D.Galactose_df1","A6_D.Galactose_df2","A6_D.Galactose_df3","A7_L.Aspartic_Acid_df1","A7_L.Aspartic_Acid_df2","A7_L.Aspartic_Acid_df3","A8_L.Proline_df1","A8_L.Proline_df2","A8_L.Proline_df3","A9_D.Alanine_df1","A9_D.Alanine_df2","A9_D.Alanine_df3","A10_D.Trehalose_df1","A10_D.Trehalose_df2","A10_D.Trehalose_df3","A11_D.Mannose_df1","A11_D.Mannose_df2","A11_D.Mannose_df3","A12_Dulcitol_df1","A12_Dulcitol_df2","A12_Dulcitol_df3","B1_D.Serine_df1","B1_D.Serine_df2","B1_D.Serine_df3","B2_D.Sorbitol_df1","B2_D.Sorbitol_df2","B2_D.Sorbitol_df3","B3_Glycerol_df1","B3_Glycerol_df2","B3_Glycerol_df3","B4_L.Fucose_df1","B4_L.Fucose_df2","B4_L.Fucose_df3","B5_D.Glucuronic_Acid_df1","B5_D.Glucuronic_Acid_df2","B5_D.Glucuronic_Acid_df3","B6_D.Gluconic_Acid_df1","B6_D.Gluconic_Acid_df2","B6_D.Gluconic_Acid_df3","B7_D.L.a.Glycerol_Phosphate_df1","B7_D.L.a.Glycerol_Phosphate_df2","B7_D.L.a.Glycerol_Phosphate_df3","B8_D.Xylose_df1","B8_D.Xylose_df2","B8_D.Xylose_df3","B9_L.Lactic_Acid_df1","B9_L.Lactic_Acid_df2","B9_L.Lactic_Acid_df3","B10_Formic_Acid_df1","B10_Formic_Acid_df2","B10_Formic_Acid_df3","B11_D.Mannitol_df1","B11_D.Mannitol_df2","B11_D.Mannitol_df3","B12_L.Glutamic_Acid_df1","B12_L.Glutamic_Acid_df2","B12_L.Glutamic_Acid_df3","C1_D.Glucose.6.Phosphate_df1","C1_D.Glucose.6.Phosphate_df2","C1_D.Glucose.6.Phosphate_df3","C2_D.GalactonicAcid.g.Lactone_df1","C2_D.GalactonicAcid.g.Lactone_df2","C2_D.GalactonicAcid.g.Lactone_df3","C3_D.L.Malic_Acid_df1","C3_D.L.Malic_Acid_df2","C3_D.L.Malic_Acid_df3","C4_D.Ribose_df1","C4_D.Ribose_df2","C4_D.Ribose_df3","C5_Tween_20_df1","C5_Tween_20_df2","C5_Tween_20_df3","C6_L.Rhamnose_df1","C6_L.Rhamnose_df2","C6_L.Rhamnose_df3","C7_D.Fructose_df1","C7_D.Fructose_df2","C7_D.Fructose_df3","C8_Acetic_Acid_df1","C8_Acetic_Acid_df2","C8_Acetic_Acid_df3","C9_a.D.Glucose_df1","C9_a.D.Glucose_df2","C9_a.D.Glucose_df3","C10_Maltose_df1","C10_Maltose_df2","C10_Maltose_df3","C11_D.Melibiose_df1","C11_D.Melibiose_df2","C11_D.Melibiose_df3","C12_Thymidine_df1","C12_Thymidine_df2","C12_Thymidine_df3","D.1_L.Asparagine_df1","D.1_L.Asparagine_df2","D.1_L.Asparagine_df3","D2_D.Aspartic_Acid_df1","D2_D.Aspartic_Acid_df2","D2_D.Aspartic_Acid_df3","D3_D.Glucosaminic_Acid_df1","D3_D.Glucosaminic_Acid_df2","D3_D.Glucosaminic_Acid_df3","D4_1.2.Propanediol_df1","D4_1.2.Propanediol_df2","D4_1.2.Propanediol_df3","D5_Tween_40_df1","D5_Tween_40_df2","D5_Tween_40_df3","D6_a.Keto.Glutaric_Acid_df1","D6_a.Keto.Glutaric_Acid_df2","D6_a.Keto.Glutaric_Acid_df3","D7_a.Keto.Butyric_Acid_df1","D7_a.Keto.Butyric_Acid_df2","D7_a.Keto.Butyric_Acid_df3","D8_a.Methyl.D_Galactoside_df1","D8_a.Methyl.D_Galactoside_df2","D8_a.Methyl.D_Galactoside_df3","D9_a.D.Lactose_df1","D9_a.D.Lactose_df2","D9_a.D.Lactose_df3","D10_Lactulose_df1","D10_Lactulose_df2","D10_Lactulose_df3","D11_Sucrose_df1","D11_Sucrose_df2","D11_Sucrose_df3","D12_Uridine_df1","D12_Uridine_df2","D12_Uridine_df3","E1_L.Glutamine_df1","E1_L.Glutamine_df2","E1_L.Glutamine_df3","E2_m.Tartaric_Acid_df1","E2_m.Tartaric_Acid_df2","E2_m.Tartaric_Acid_df3","E3_D.Glucose.1.Phosphate_df1","E3_D.Glucose.1.Phosphate_df2","E3_D.Glucose.1.Phosphate_df3","E4_D.Fructose.6.Phosphate_df1","E4_D.Fructose.6.Phosphate_df2","E4_D.Fructose.6.Phosphate_df3","E5_Tween_80_df1","E5_Tween_80_df2","E5_Tween_80_df3","E6_a.Hydroxy_Glutaric_Acid.g_Lactone_df1","E6_a.Hydroxy_Glutaric_Acid.g_Lactone_df2","E6_a.Hydroxy_Glutaric_Acid.g_Lactone_df3","E7_a.Hydroxy_Butyric_Acid_df1","E7_a.Hydroxy_Butyric_Acid_df2","E7_a.Hydroxy_Butyric_Acid_df3","E8_B.Methyl.D_Glucoside_df1","E8_B.Methyl.D_Glucoside_df2","E8_B.Methyl.D_Glucoside_df3","E9_Adonitol_df1","E9_Adonitol_df2","E9_Adonitol_df3","E10_Maltotriose_df1","E10_Maltotriose_df2","E10_Maltotriose_df3","E11_2.DeoxyAdenosine_df1","E11_2.DeoxyAdenosine_df2","E11_2.DeoxyAdenosine_df3","E12_Adenosine_df1","E12_Adenosine_df2","E12_Adenosine_df3","F1_Glycyl.L.Aspartic_Acid_df1","F1_Glycyl.L.Aspartic_Acid_df2","F1_Glycyl.L.Aspartic_Acid_df3","F2_Citric_Acid_df1","F2_Citric_Acid_df2","F2_Citric_Acid_df3","F3_myo.Inositol_df1","F3_myo.Inositol_df2","F3_myo.Inositol_df3","F4_D.Threonine_df1","F4_D.Threonine_df2","F4_D.Threonine_df3","F5_Fumaric_Acid_df1","F5_Fumaric_Acid_df2","F5_Fumaric_Acid_df3","F6_Bromo_Succinic_Acid_df1","F6_Bromo_Succinic_Acid_df2","F6_Bromo_Succinic_Acid_df3","F7_Propionic_Acid_df1","F7_Propionic_Acid_df2","F7_Propionic_Acid_df3","F8_Mucic_Acid_df1","F8_Mucic_Acid_df2","F8_Mucic_Acid_df3","F9_Glycolic_Acid_df1","F9_Glycolic_Acid_df2","F9_Glycolic_Acid_df3","F10_Glyoxylic_Acid_df1","F10_Glyoxylic_Acid_df2","F10_Glyoxylic_Acid_df3","F11_D.Cellobiose_df1","F11_D.Cellobiose_df2","F11_D.Cellobiose_df3","F12_Inosine_df1","F12_Inosine_df2","F12_Inosine_df3","G1_Glycyl.L.Glutamic_Acid_df1","G1_Glycyl.L.Glutamic_Acid_df2","G1_Glycyl.L.Glutamic_Acid_df3","G2_Tricarballylic_Acid_df1","G2_Tricarballylic_Acid_df2","G2_Tricarballylic_Acid_df3","G3_L.Serine_df1","G3_L.Serine_df2","G3_L.Serine_df3","G4_L.Threonine_df1","G4_L.Threonine_df2","G4_L.Threonine_df3","G5_L.Alanine_df1","G5_L.Alanine_df2","G5_L.Alanine_df3","G6_L.Alanyl.Glycine_df1","G6_L.Alanyl.Glycine_df2","G6_L.Alanyl.Glycine_df3","G7_Acetoacetic_Acid_df1","G7_Acetoacetic_Acid_df2","G7_Acetoacetic_Acid_df3","G8_N.Acetyl.B.D_Mannosamine_df1","G8_N.Acetyl.B.D_Mannosamine_df2","G8_N.Acetyl.B.D_Mannosamine_df3","G9_Mono_Methyl_Succinate_df1","G9_Mono_Methyl_Succinate_df2","G9_Mono_Methyl_Succinate_df3","G10_Methyl_Pyruvate_df1","G10_Methyl_Pyruvate_df2","G10_Methyl_Pyruvate_df3","G11_D.Malic_Acid_df1","G11_D.Malic_Acid_df2","G11_D.Malic_Acid_df3","G12_L.Malic_Acid_df1","G12_L.Malic_Acid_df2","G12_L.Malic_Acid_df3","H1_Glycyl.L.Proline_df1","H1_Glycyl.L.Proline_df2","H1_Glycyl.L.Proline_df3","H2_p.Hydroxy_Phenyl_AceticAcid_df1","H2_p.Hydroxy_Phenyl_AceticAcid_df2","H2_p.Hydroxy_Phenyl_AceticAcid_df3","H3_m.Hydroxy_Phenyl_AceticAcid_df1","H3_m.Hydroxy_Phenyl_AceticAcid_df2","H3_m.Hydroxy_Phenyl_AceticAcid_df3","H4_Tyramine_df1","H4_Tyramine_df2","H4_Tyramine_df3","H5_D.Psicose_df1","H5_D.Psicose_df2","H5_D.Psicose_df3","H6_L.Lyxose_df1","H6_L.Lyxose_df2","H6_L.Lyxose_df3","H7_Glucuronamide_df1","H7_Glucuronamide_df2","H7_Glucuronamide_df3","H8_Pyruvic_Acid_df1","H8_Pyruvic_Acid_df2","H8_Pyruvic_Acid_df3","H9_L.Galactonic_Acid.g.Lactone_df1","H9_L.Galactonic_Acid.g.Lactone_df2","H9_L.Galactonic_Acid.g.Lactone_df3","H10_D.GalacturonicAcid_df1","H10_D.GalacturonicAcid_df2","H10_D.GalacturonicAcid_df3","H11_Phenylethylamine_df1","H11_Phenylethylamine_df2","H11_Phenylethylamine_df3","H12_2.Aminoethanol_df1","H12_2.Aminoethanol_df2","H12_2.Aminoethanol_df3"
0,16,20,24,37,26,49,12,28,17,13,11,17,11,11,14,14,11,17,11,11,14,12,11,15,13,11,19,15,11,15,12,16,17,25,19,23,24,16,27,11,11,15,11,12,11,11,11,11,11,11,11,11,15,12,11,11,11,32,32,46,11,11,11,11,29,11,12,15,13,25,16,27,19,17,21,11,11,11,11,11,11,40,43,52,11,11,13,11,11,11,11,11,11,11,11,13,11,11,12,11,11,11,15,13,18,16,16,17,15,20,13,11,11,11,11,12,11,11,11,11,11,11,11,11,11,11,11,11,11,11,11,11,11,11,11,11,11,11,11,11,11,17,18,21,16,17,20,11,15,11,11,13,12,11,11,11,11,11,11,11,11,11,11,11,11,11,11,11,11,11,11,11,11,11,11,11,11,13,17,15,15,20,16,11,22,11,11,13,11,11,11,12,11,13,11,11,12,11,11,11,11,11,11,11,11,13,11,11,11,11,12,17,11,14,20,16,14,24,15,11,18,11,11,14,11,11,14,11,11,15,11,11,11,11,11,18,11,11,11,11,11,16,11,11,13,11,11,12,12,12,23,19,15,24,18,11,21,11,11,17,11,11,18,11,11,17,12,63,76,74,11,13,11,11,12,11,11,14,11,11,14,11,13,22,12,17,20,14
0.25,20,16,27,37,28,54,12,25,17,11,11,12,11,11,16,11,11,11,13,11,13,11,11,16,13,11,11,12,11,13,16,11,17,22,14,19,20,18,24,11,11,12,11,11,11,11,11,11,11,11,11,11,11,11,11,11,11,36,32,48,11,11,11,11,11,11,12,11,12,19,13,16,18,16,17,11,11,13,11,11,11,48,47,61,11,11,11,11,11,11,11,11,11,11,11,11,11,11,11,11,11,11,12,11,13,19,14,21,12,17,12,11,11,11,11,11,11,11,11,11,11,11,11,11,11,11,11,11,11,11,11,11,11,11,11,11,12,11,11,11,11,17,15,18,14,15,17,11,14,11,11,12,11,11,11,11,11,11,11,11,11,11,11,11,11,11,11,11,11,11,11,11,11,11,11,11,11,17,15,12,14,16,11,11,15,11,11,11,11,11,11,11,11,11,11,11,11,11,11,11,11,11,11,11,11,11,11,11,11,11,11,14,11,13,14,14,19,21,16,11,17,11,11,11,11,11,11,11,11,11,11,11,11,11,11,14,11,11,11,11,11,14,11,11,11,11,13,20,14,15,21,17,11,29,11,11,20,11,11,14,11,11,17,11,11,15,11,72,75,76,11,11,11,11,13,11,11,13,11,11,17,11,11,19,11,19,21,15
0.5,22,20,25,42,31,53,11,25,19,15,11,13,12,11,18,13,11,15,11,11,14,15,11,14,14,11,16,15,11,13,17,15,20,28,16,21,18,17,20,12,11,14,11,11,13,11,11,11,11,11,11,11,12,11,11,11,11,42,36,53,11,11,11,13,13,11,12,13,13,25,14,24,22,19,21,11,11,11,11,11,11,53,49,68,11,11,11,11,11,11,11,11,11,11,11,11,16,11,14,11,11,11,11,13,11,20,14,21,14,19,11,11,11,11,11,11,11,11,11,11,11,11,11,11,11,11,11,11,11,11,11,11,11,11,11,11,18,11,11,11,11,15,17,16,17,17,14,11,17,11,11,11,12,11,11,11,11,11,11,11,11,11,11,11,11,11,11,11,11,12,11,11,11,11,12,11,11,18,16,18,19,21,17,11,17,11,11,11,12,11,11,11,11,11,11,11,11,11,11,11,11,11,11,11,11,12,11,11,11,11,11,12,11,17,17,17,21,20,17,11,15,11,11,11,11,11,15,11,11,13,11,11,11,11,11,13,11,11,12,11,11,13,11,11,11,11,12,15,11,16,19,19,15,28,14,11,26,11,11,23,11,11,20,11,11,18,11,78,78,85,11,15,11,11,14,11,11,11,11,11,11,11,13,17,11,21,20,17
0.75,22,17,24,45,30,53,12,26,16,11,11,12,14,11,14,12,11,12,17,11,18,11,11,12,13,11,14,11,11,11,13,14,17,20,16,21,24,15,22,15,11,12,11,11,11,12,11,11,11,11,11,11,12,11,11,11,11,44,33,51,11,11,11,11,19,11,11,14,13,20,13,21,20,15,16,11,11,11,11,11,11,54,51,74,11,11,11,11,11,11,11,11,11,11,11,11,14,11,13,11,12,11,11,11,11,17,16,19,11,16,12,11,11,11,11,12,11,11,11,11,11,11,11,11,11,11,11,11,11,11,11,11,11,11,11,11,11,11,11,11,11,17,19,21,19,19,17,11,13,11,11,11,11,12,11,11,11,11,11,11,11,11,11,11,11,11,11,11,11,11,11,11,11,11,11,12,11,15,13,14,17,20,13,11,16,11,11,11,11,11,11,11,11,11,11,11,11,11,11,11,11,11,11,11,11,11,11,11,11,11,11,16,11,12,21,16,14,20,13,11,18,11,11,15,11,11,14,11,11,12,11,11,11,11,11,11,11,11,11,11,11,13,11,11,11,11,11,16,13,11,22,13,14,26,11,11,24,11,11,18,11,11,17,11,11,18,11,77,81,82,11,14,11,11,16,11,11,15,11,11,14,11,11,22,11,14,23,13
1,21,18,24,46,28,54,11,29,12,15,11,13,11,11,11,13,11,15,15,11,17,14,11,13,13,11,13,16,11,15,15,17,19,25,19,21,23,17,24,11,11,12,11,11,11,11,11,11,11,11,11,11,13,11,11,11,11,43,33,51,11,11,11,14,13,12,11,11,11,23,15,23,20,17,19,11,11,11,11,11,11,54,52,66,11,11,11,11,11,11,11,11,11,11,11,11,11,11,11,11,11,11,12,12,12,18,16,20,14,18,12,11,11,11,11,11,11,11,11,11,11,11,11,11,11,11,11,11,11,11,11,11,11,11,11,11,11,11,11,11,11,19,15,19,13,16,14,11,11,11,11,11,11,11,11,11,11,11,11,11,11,11,11,11,11,11,11,11,11,11,11,11,11,11,14,11,11,13,22,13,18,20,11,11,14,11,11,11,11,11,11,11,11,11,11,11,11,11,11,11,11,11,11,11,11,11,11,11,11,11,11,17,11,13,19,14,17,23,13,11,13,11,11,13,11,11,11,11,11,12,11,11,11,11,11,13,11,11,11,11,11,11,11,11,11,11,11,17,11,11,21,11,15,23,11,11,23,11,11,15,11,11,14,11,11,20,11,74,84,82,11,12,11,11,12,11,11,16,11,11,13,11,11,18,11,14,21,11
1.25,23,20,25,46,30,56,11,28,14,14,11,13,14,11,16,15,11,11,16,11,20,11,11,13,13,11,11,15,11,13,16,11,17,25,15,21,25,20,24,16,11,15,11,11,13,12,11,13,13,11,13,13,11,11,11,11,11,43,39,55,11,11,11,11,25,11,12,13,11,20,15,23,25,13,19,11,11,12,11,11,11,59,54,72,11,11,11,11,11,11,11,11,11,11,11,11,11,11,11,11,11,11,15,11,12,22,12,21,13,16,11,11,11,11,11,11,11,11,11,11,11,11,11,11,11,11,11,11,11,11,11,11,11,11,11,11,11,11,12,11,11,21,20,21,17,15,19,11,18,11,11,11,11,13,11,11,11,11,11,11,11,11,11,11,11,11,11,11,11,11,11,11,11,11,14,13,11,16,15,11,16,17,12,11,15,11,11,11,11,11,11,11,11,11,11,11,11,11,11,11,11,11,11,11,11,11,11,11,11,11,16,15,11,16,19,17,17,20,11,11,11,11,11,15,11,11,12,11,11,11,11,11,11,11,11,14,11,11,11,11,11,11,11,11,11,11,11,15,11,17,21,15,20,28,12,11,19,11,11,15,11,13,22,11,11,19,11,80,85,86,11,13,11,11,14,11,11,19,11,11,15,11,16,17,11,14,21,13
1.5,26,16,25,49,31,54,14,29,17,13,11,13,12,11,13,14,11,13,16,11,24,14,11,13,16,11,13,13,11,11,19,12,20,23,17,20,25,14,24,17,11,17,13,11,14,11,11,11,11,11,11,11,12,11,11,11,11,46,38,56,11,11,11,11,21,11,14,18,16,22,20,24,25,17,19,11,11,11,12,11,11,63,59,71,11,11,11,14,11,11,11,11,11,11,11,15,13,11,12,12,11,11,18,11,14,23,17,19,16,21,15,11,11,11,11,11,11,11,11,11,11,11,11,11,11,11,12,11,11,11,11,11,11,11,11,11,11,11,11,11,11,22,20,19,16,11,15,11,11,11,11,11,11,14,11,13,11,11,11,11,11,11,11,11,11,11,11,11,11,11,11,11,11,11,12,11,11,18,16,13,19,17,16,12,11,11,11,11,11,11,11,11,11,11,11,11,11,11,11,11,11,11,11,11,11,11,11,11,11,11,11,14,11,17,22,15,19,24,18,11,18,11,11,12,11,11,11,11,11,13,11,11,11,11,11,13,11,11,11,11,12,13,11,11,18,11,12,16,15,19,22,17,17,21,11,11,23,11,11,19,11,11,18,11,11,18,11,84,83,89,11,14,11,11,18,11,11,18,11,11,17,11,12,25,11,17,23,13
1.75,24,14,23,49,27,55,11,31,14,11,11,12,14,11,11,11,11,11,17,11,15,16,11,13,15,11,12,13,11,11,17,17,14,23,15,20,20,17,20,13,11,11,11,11,11,11,11,11,11,11,11,11,11,11,11,11,11,44,36,54,11,11,11,12,26,11,15,14,13,21,15,24,17,16,15,11,11,11,11,11,11,57,59,74,11,11,11,11,11,11,11,11,11,11,11,11,11,11,11,11,11,11,11,11,11,20,15,19,11,14,11,11,11,11,11,11,11,11,11,11,11,11,11,11,11,11,11,11,11,11,11,11,11,11,11,12,11,11,11,11,11,22,17,23,15,12,13,11,11,11,11,11,11,11,11,11,11,11,11,11,11,11,11,11,11,11,11,11,11,11,11,11,11,11,11,11,11,19,14,15,17,17,15,11,12,11,11,11,11,11,11,11,11,11,11,11,11,11,11,11,11,11,11,11,11,11,11,11,11,11,14,12,11,17,18,18,20,23,14,11,15,11,11,11,11,11,13,11,11,11,11,11,12,11,11,12,11,11,14,11,11,11,11,11,11,11,11,13,11,15,20,14,11,22,11,11,19,11,11,18,11,11,16,11,11,14,11,79,83,88,11,12,11,11,21,11,11,13,11,11,17,11,11,16,11,12,21,13
2,23,16,25,46,32,55,14,34,17,11,11,16,14,11,15,12,11,15,16,11,15,13,11,12,12,11,13,12,11,12,13,16,13,21,18,14,22,14,23,12,11,16,11,11,13,12,11,13,11,11,12,11,16,11,11,11,11,50,42,61,11,11,11,16,27,11,11,14,12,18,18,16,20,18,19,11,11,11,11,11,11,62,53,77,11,11,11,11,11,11,11,11,11,11,11,12,11,11,11,11,11,11,13,12,13,18,19,16,11,11,12,11,11,13,11,11,11,11,11,11,11,11,11,11,11,11,11,11,11,11,11,11,11,11,11,11,11,11,11,11,11,19,23,21,11,11,13,11,11,11,11,11,11,11,11,12,11,11,11,11,11,11,11,11,11,11,11,11,11,11,11,11,11,11,12,14,11,14,15,12,19,16,15,11,11,11,11,11,11,11,11,11,11,12,11,11,11,11,11,11,11,11,12,11,11,11,11,12,11,11,14,13,11,14,22,17,17,20,17,11,17,11,11,11,11,11,13,11,11,11,11,11,12,11,11,11,11,11,11,11,11,13,11,11,12,11,12,20,12,13,20,17,12,16,12,11,21,11,11,14,11,12,11,12,11,17,11,78,86,89,11,15,11,11,16,11,11,13,11,11,19,11,11,20,11,13,26,13
2.25,23,17,25,49,29,57,17,33,18,11,11,13,15,11,14,11,11,11,15,11,12,11,11,11,15,11,13,14,11,12,12,12,18,25,18,23,21,14,21,12,11,16,11,11,13,11,11,11,11,11,11,11,13,11,11,11,11,49,43,58,11,11,11,14,19,12,13,11,13,20,14,15,18,14,13,11,11,11,11,11,11,62,57,73,11,11,11,12,11,11,11,11,11,11,11,13,11,11,11,11,11,11,17,13,14,20,18,18,11,14,11,11,11,11,11,11,11,11,11,11,11,11,11,11,11,11,11,11,11,11,11,11,11,11,11,11,11,11,11,11,11,21,21,20,16,11,17,11,13,11,11,11,11,11,11,11,11,11,11,11,11,11,11,11,11,11,11,11,11,11,11,11,11,11,11,11,11,14,14,14,17,20,16,11,14,11,11,11,11,11,11,11,11,11,11,11,11,11,11,11,11,11,11,11,11,11,11,11,11,11,11,13,11,13,22,14,13,22,11,11,13,11,11,13,11,11,11,11,11,12,11,11,11,11,11,11,11,11,11,11,11,11,11,11,11,11,11,17,11,14,21,14,11,20,11,11,23,11,11,13,11,11,15,12,11,14,11,81,83,85,11,13,11,11,14,11,11,15,11,11,14,11,13,24,11,12,19,16
2.5,20,14,23,49,32,57,13,34,13,13,11,15,11,11,12,11,11,11,16,11,14,12,11,13,15,11,13,13,11,12,13,16,16,25,18,19,21,15,21,13,11,13,11,11,11,11,11,11,11,11,11,11,13,11,11,11,11,47,43,58,11,11,11,11,18,11,12,19,13,19,18,20,21,17,17,11,13,11,11,11,11,62,58,76,11,11,12,11,11,11,11,11,11,11,11,14,11,11,11,12,11,11,13,12,11,17,19,17,13,17,11,11,11,11,11,13,11,11,11,11,11,11,11,11,11,11,11,11,11,11,11,11,11,11,11,11,11,11,11,11,11,20,23,22,14,11,14,11,14,11,11,11,11,11,11,11,11,11,11,11,11,11,11,11,11,11,11,11,11,11,11,11,11,11,15,16,12,17,16,13,20,15,15,11,16,11,11,11,11,11,11,11,11,11,11,11,11,11,11,13,11,11,11,11,11,11,11,11,11,11,13,15,11,14,22,15,17,20,13,11,15,11,11,12,11,11,15,11,11,13,11,11,11,11,11,11,11,11,12,11,11,11,11,11,13,11,13,14,11,16,26,14,15,20,14,11,24,11,11,20,11,11,17,11,11,22,11,90,83,90,11,11,11,11,15,11,11,12,11,11,13,11,14,14,11,12,23,12
2.75,23,14,21,50,35,56,11,34,12,12,11,16,14,11,15,11,11,15,11,11,11,11,11,11,12,11,12,17,11,15,17,18,15,20,19,19,22,17,23,13,11,14,11,11,13,11,12,11,11,11,11,11,16,11,11,11,11,48,42,60,11,11,11,15,11,11,12,15,14,22,14,20,19,15,11,11,11,13,11,11,11,61,57,72,11,11,11,11,11,11,11,11,11,11,11,12,13,11,11,11,11,11,11,13,11,20,18,22,11,13,11,11,11,11,11,11,11,11,11,11,11,11,11,11,11,11,11,11,11,11,11,11,11,11,11,11,11,11,11,11,11,21,18,18,12,11,13,11,11,11,11,11,11,11,11,11,11,11,11,11,11,11,11,11,11,11,11,11,11,11,11,11,11,11,14,11,11,17,15,15,21,15,16,11,14,11,11,11,11,11,12,11,11,11,11,11,11,11,11,11,11,11,11,11,11,11,11,11,11,11,14,16,11,19,17,15,13,22,11,11,16,11,11,12,11,11,12,11,11,13,11,11,14,11,11,11,11,11,12,11,11,14,11,11,14,11,11,15,11,15,26,15,16,22,11,11,27,11,11,17,11,11,16,11,11,18,11,80,90,88,11,11,11,11,16,11,11,16,11,11,20,11,11,22,11,11,22,13
3,22,14,23,46,38,56,11,36,13,12,11,14,11,11,15,11,11,11,15,11,17,11,11,14,15,11,16,11,11,11,17,16,21,23,17,18,23,15,20,13,11,15,11,11,11,11,11,11,11,11,11,11,14,11,11,11,11,44,42,54,11,11,11,15,14,13,14,14,14,24,16,22,19,16,14,11,11,11,11,11,11,58,61,74,11,11,11,11,11,11,11,11,11,11,11,12,13,11,12,11,11,11,14,12,13,22,17,23,12,15,11,11,11,11,11,11,11,11,11,11,11,11,11,11,11,11,11,11,11,11,11,11,11,11,11,11,11,11,11,11,11,19,21,17,13,11,15,11,11,11,11,11,11,11,11,11,11,11,11,11,11,11,11,11,11,11,11,11,11,11,11,11,11,11,13,11,11,15,16,13,16,18,11,11,13,11,11,11,12,11,11,11,11,12,11,11,11,11,11,13,11,11,11,11,11,13,11,11,11,11,11,14,11,13,22,14,18,20,15,11,18,11,11,11,11,11,14,11,11,11,11,11,13,11,11,11,11,11,11,11,11,11,11,11,11,11,12,11,11,14,22,16,13,24,11,11,23,11,11,21,11,11,17,11,11,19,11,81,86,88,11,13,11,11,17,11,11,16,11,11,14,11,11,19,11,15,26,11
3.25,27,14,25,46,33,55,11,34,11,15,11,15,14,11,15,13,11,12,16,11,16,11,11,13,14,11,13,14,11,11,17,11,15,27,16,21,21,11,19,11,11,11,11,11,11,11,11,11,11,11,11,12,16,11,11,11,11,47,39,56,11,11,11,12,11,11,11,14,11,20,17,19,23,11,13,11,11,11,11,11,11,60,59,74,11,11,11,11,11,11,11,11,11,11,11,11,11,11,11,11,11,11,14,11,11,15,18,13,16,15,11,11,11,11,11,11,11,11,11,11,11,11,11,11,11,11,11,11,11,11,11,11,11,11,11,11,11,11,11,11,11,18,17,15,11,11,11,11,11,11,11,11,11,11,11,11,11,11,11,11,11,11,11,11,11,11,11,11,11,11,11,11,11,11,13,11,11,17,11,13,21,15,14,11,12,11,11,11,11,11,11,11,11,11,11,11,11,11,11,12,11,11,11,11,11,11,11,11,11,11,14,12,11,14,19,14,17,20,11,11,13,11,11,11,11,11,13,11,11,11,11,11,11,11,11,11,11,11,11,11,11,11,11,11,11,11,13,20,11,14,21,11,12,18,11,11,23,11,11,18,11,11,11,11,11,18,11,80,83,83,11,12,11,11,15,11,11,13,11,11,11,11,15,22,11,16,21,11
3.5,26,16,24,48,33,57,13,41,11,13,11,15,14,11,15,18,11,15,18,11,13,19,11,13,16,11,13,15,11,15,13,11,11,23,18,21,24,12,22,12,11,12,11,11,11,11,12,11,12,11,12,11,17,11,11,11,11,50,42,56,11,11,12,12,13,11,14,13,13,19,16,18,21,15,17,11,11,11,11,11,11,65,58,75,11,11,11,11,11,12,11,11,11,11,11,14,14,11,11,11,11,11,15,11,14,20,19,16,16,17,11,11,11,11,11,11,11,11,12,11,11,11,11,11,11,11,11,11,11,11,11,11,11,11,11,12,11,11,11,11,11,20,20,21,13,11,14,11,11,11,11,11,11,11,11,11,11,11,11,11,11,11,11,11,11,11,11,11,11,11,11,11,11,11,15,11,11,15,17,12,21,19,14,11,15,11,11,11,11,11,12,11,11,11,11,11,11,11,11,12,11,11,11,11,11,12,11,11,11,11,11,12,11,11,22,11,17,22,15,11,16,11,11,12,11,11,11,11,11,12,11,11,11,11,11,11,11,11,11,11,11,11,11,11,12,11,12,17,14,17,24,15,15,21,11,12,24,11,11,18,11,11,16,11,11,16,11,78,90,84,11,15,11,11,12,11,11,19,11,11,18,11,12,19,11,13,22,13
3.75,27,15,26,46,35,55,11,37,12,14,11,15,12,11,11,13,11,11,18,11,14,13,11,11,15,11,11,18,11,16,15,11,19,23,20,19,18,15,22,11,11,11,11,11,11,11,11,11,11,11,11,11,15,11,11,11,11,48,43,53,11,11,11,13,12,11,12,11,13,19,17,19,21,13,16,11,12,11,11,11,11,65,63,76,11,11,11,11,11,11,11,11,11,11,11,13,11,11,11,11,11,11,16,11,12,18,15,20,12,18,11,11,11,11,11,11,11,11,11,11,11,11,11,11,11,11,11,11,11,11,11,11,11,11,11,11,11,11,11,11,11,20,17,19,12,12,14,11,12,11,11,11,11,11,11,11,11,11,11,11,11,11,11,11,11,11,11,11,11,11,11,11,11,11,14,11,11,15,15,11,17,20,14,11,13,11,11,11,11,11,11,11,11,11,11,11,11,11,11,11,11,11,11,11,11,13,11,11,12,11,13,12,11,15,24,17,15,21,14,11,13,11,11,13,11,11,11,11,11,11,11,11,15,11,11,11,11,11,11,11,11,11,11,11,11,11,11,20,11,14,23,16,13,21,14,11,20,11,11,16,11,11,11,11,11,18,11,82,85,85,11,15,11,11,15,11,11,15,11,11,18,11,13,20,11,15,24,14
4,24,15,25,50,41,57,11,39,11,18,11,13,11,11,15,13,11,15,16,11,15,15,11,16,11,11,12,17,11,13,14,15,14,21,18,19,21,18,23,13,11,14,11,11,14,11,11,11,11,11,11,12,21,12,11,11,11,50,39,54,11,11,14,12,15,11,12,14,11,23,14,21,21,15,18,11,11,13,11,11,11,63,62,75,11,11,11,12,11,11,11,11,11,11,11,13,11,11,11,11,11,11,14,11,12,19,17,23,15,17,12,11,11,11,11,11,11,11,11,11,11,11,11,11,11,11,11,11,11,11,11,11,11,11,11,11,11,11,12,11,11,18,16,20,18,11,21,11,16,11,11,11,11,11,11,11,11,11,11,11,11,11,11,11,11,11,11,11,11,11,11,11,12,11,11,11,11,19,15,16,18,19,11,11,16,11,11,11,11,11,11,11,11,12,11,11,11,11,11,11,11,11,11,11,11,11,11,11,14,11,12,16,13,19,21,17,23,20,14,11,19,11,11,12,11,11,14,11,11,11,11,11,11,11,11,11,11,11,11,11,11,11,11,11,11,11,11,19,15,14,24,13,11,21,11,11,23,11,11,17,11,11,15,11,11,17,11,80,87,86,11,11,11,11,15,11,11,14,11,11,16,11,11,24,11,16,27,13
4.25,22,13,23,53,39,56,16,42,15,14,11,18,15,11,16,11,11,11,17,11,16,13,11,13,16,11,15,14,11,13,11,12,12,23,18,21,20,11,22,11,11,14,11,11,11,11,11,11,11,11,11,11,21,11,11,11,11,47,41,56,12,11,12,12,15,11,13,16,15,23,14,23,22,15,19,11,11,11,11,11,11,65,57,77,12,11,11,11,11,11,11,11,11,11,11,13,12,11,11,11,11,11,11,13,12,20,16,18,14,18,13,11,11,11,11,11,11,11,11,11,11,11,11,11,11,11,11,11,11,11,11,11,12,11,11,11,11,11,11,11,11,22,19,22,13,11,16,11,15,11,11,11,11,11,11,11,11,11,11,11,11,11,11,11,11,11,11,11,11,11,11,11,11,11,14,11,11,17,18,18,21,17,19,11,16,11,11,11,11,11,11,11,11,11,11,11,11,11,11,11,11,11,12,11,11,11,11,11,11,11,13,15,11,12,22,13,18,20,13,11,19,11,11,12,11,11,15,11,11,11,11,11,12,11,11,11,11,11,11,11,11,11,11,11,12,11,12,17,14,15,23,15,17,22,13,11,25,11,11,21,11,12,18,11,11,14,11,80,87,85,11,14,11,11,15,11,11,13,11,11,14,11,13,21,11,13,21,16
4.5,27,15,26,46,40,58,13,38,13,20,11,18,11,11,12,11,11,11,18,11,16,14,11,15,16,11,12,14,11,16,13,13,13,26,20,23,19,16,21,12,11,14,13,11,11,11,11,11,11,11,11,11,21,11,11,11,11,47,47,57,11,11,11,13,15,11,11,17,11,22,17,22,19,15,17,11,11,11,11,11,11,63,59,72,11,11,11,11,11,11,11,11,11,11,11,11,11,11,11,11,11,11,14,11,13,19,17,18,11,16,11,11,11,11,11,11,11,11,11,11,11,11,11,11,12,11,11,11,11,11,11,11,11,11,11,11,11,11,12,11,12,15,21,21,12,11,14,11,14,11,11,11,11,11,11,11,11,11,11,11,11,11,11,11,11,11,11,11,11,11,11,11,11,11,13,12,11,16,15,12,18,19,12,11,16,11,11,11,11,11,12,11,11,11,11,11,11,11,11,11,11,11,11,11,11,11,11,12,11,11,11,17,11,13,24,15,17,17,16,11,19,11,11,14,11,11,14,11,11,11,11,11,11,11,11,12,11,11,11,11,11,11,11,11,11,11,11,19,11,19,27,17,14,25,11,11,22,11,11,21,11,11,16,11,11,18,11,85,88,87,11,11,11,11,16,11,11,13,11,11,19,11,11,18,11,14,21,13
4.75,29,15,23,47,40,58,11,38,14,19,11,12,14,11,14,11,11,11,17,11,19,12,11,12,11,12,14,14,11,12,18,11,13,25,18,17,19,19,23,15,11,15,11,11,15,11,12,11,11,11,11,11,25,11,11,11,11,45,41,54,11,11,14,13,11,11,17,13,13,20,17,22,22,17,14,11,11,11,11,11,11,65,61,72,11,11,11,11,11,11,11,11,11,11,11,11,11,11,11,11,12,11,15,13,12,21,18,20,17,13,11,11,11,11,11,12,11,11,11,11,11,11,11,11,11,11,11,11,11,11,11,11,11,11,11,11,11,11,11,11,11,14,15,19,15,14,14,11,11,11,11,11,11,11,11,11,11,11,12,11,11,11,11,11,11,11,11,11,11,11,11,11,11,11,19,11,11,19,16,15,19,23,16,11,11,11,11,11,11,11,11,11,11,11,11,11,11,11,11,11,11,11,12,11,11,11,11,11,13,11,11,17,11,16,23,15,19,24,18,11,17,11,11,11,11,11,14,11,11,13,11,11,12,11,11,11,11,11,13,11,11,14,11,11,11,11,11,15,14,18,26,15,14,26,13,11,21,11,11,13,11,11,16,11,11,19,11,86,94,88,11,13,11,11,11,11,11,16,11,11,20,11,11,21,11,15,23,14
5,27,16,25,46,36,56,13,38,12,16,11,18,12,11,15,13,11,11,19,11,13,14,11,14,11,11,12,16,11,16,18,11,16,24,19,20,19,15,23,11,11,15,11,11,11,11,11,11,11,11,11,14,23,11,11,11,11,45,42,53,11,11,11,14,14,11,11,18,11,25,17,24,21,15,17,11,11,11,11,12,11,69,62,74,11,11,11,11,11,11,11,11,11,11,11,14,11,11,11,11,13,11,14,11,13,17,15,17,14,19,12,11,11,12,13,12,11,11,11,11,11,11,11,11,11,11,11,11,11,11,11,11,11,11,11,11,11,11,11,11,11,21,18,19,13,12,12,11,15,11,11,11,12,11,13,11,11,11,11,11,11,11,11,11,11,11,11,11,11,11,11,11,11,11,16,12,11,19,17,15,14,17,14,11,13,11,11,12,11,11,11,11,11,11,11,11,11,11,11,11,11,11,11,11,11,11,11,11,13,11,15,16,11,15,24,16,17,23,13,11,15,11,11,13,11,11,11,11,11,11,11,11,11,11,11,15,11,11,16,11,11,11,11,11,12,11,11,23,11,15,25,12,11,23,11,11,22,11,11,20,11,11,16,11,11,18,11,82,87,85,11,13,11,11,14,11,11,17,11,11,16,11,11,18,11,14,23,12
5.25,25,19,21,49,40,59,14,42,12,11,11,12,12,11,14,12,11,11,17,11,14,15,11,16,11,11,11,18,11,17,18,17,18,23,21,21,20,16,25,18,11,17,11,12,11,11,14,12,11,11,11,11,24,11,11,11,11,46,43,57,11,11,12,13,15,12,11,13,11,20,19,16,20,16,18,11,11,12,11,11,11,65,61,76,11,11,11,11,11,11,11,11,11,13,11,14,11,11,11,11,11,11,14,11,12,18,16,14,13,17,14,11,11,11,11,11,11,11,11,11,11,11,11,11,11,11,11,11,11,11,11,11,11,11,11,11,13,11,11,11,11,15,14,21,14,15,14,11,15,11,11,11,11,11,11,12,11,11,11,11,11,11,11,11,11,11,11,11,11,11,11,11,11,11,17,13,11,14,19,16,19,19,12,11,13,11,11,11,11,11,11,11,11,11,11,11,11,11,11,11,11,11,11,11,11,11,11,11,13,11,13,16,11,15,24,18,20,21,15,11,19,13,11,16,11,11,14,11,11,12,11,11,13,11,11,14,11,11,12,11,11,11,11,11,11,11,11,22,14,17,22,17,17,23,15,11,25,11,11,21,11,11,17,11,11,20,11,84,90,91,11,19,11,11,14,11,11,13,11,11,19,11,14,22,14,13,27,14
5.5,29,18,28,52,38,55,14,39,15,20,11,16,16,11,14,13,11,11,17,11,15,15,11,11,14,11,13,15,11,11,15,12,15,22,18,20,20,11,23,13,11,11,11,11,11,11,11,11,11,11,11,16,25,13,11,11,11,51,43,58,11,11,11,11,14,11,18,16,14,23,16,23,21,17,15,11,12,11,11,11,11,62,57,70,11,11,11,11,11,11,11,11,11,11,11,11,13,11,11,11,11,11,14,11,11,21,21,16,14,13,12,11,12,11,12,12,11,11,11,11,11,11,11,11,12,11,11,11,11,11,11,11,11,11,11,11,11,11,12,11,11,20,17,19,14,12,12,11,11,11,11,11,11,15,11,11,11,11,11,11,11,11,11,11,11,11,11,11,11,11,11,11,11,11,14,11,11,17,14,14,20,17,14,11,13,11,11,11,11,11,11,11,11,13,11,11,11,11,11,11,11,11,11,11,11,11,11,11,11,11,12,15,11,15,22,14,17,23,13,11,18,11,11,11,11,11,13,11,11,11,11,11,12,11,11,11,11,11,11,11,11,13,11,11,14,11,14,18,11,17,23,15,16,25,11,11,21,11,11,20,11,11,13,11,11,18,11,88,91,86,11,15,11,11,13,11,11,17,11,11,13,11,13,19,11,11,24,11
5.75,26,18,19,56,36,59,11,43,11,15,11,14,12,11,16,11,11,11,16,11,11,14,11,12,12,11,12,14,11,11,16,11,17,24,20,18,22,13,19,14,11,13,11,11,11,11,15,11,12,11,11,14,27,11,11,11,11,49,44,59,11,11,11,14,14,11,15,18,13,21,14,21,20,14,13,11,13,11,11,11,11,65,58,76,11,11,13,11,11,11,11,11,11,11,11,14,14,11,11,12,11,11,15,11,12,19,18,17,13,13,11,11,11,11,11,11,11,11,11,11,11,11,11,11,11,11,11,11,11,11,11,11,12,11,11,11,11,11,11,11,11,21,18,20,12,11,15,11,11,11,11,11,11,11,11,11,11,11,11,11,11,11,11,11,11,11,11,11,11,11,11,11,11,11,15,11,11,16,14,13,17,15,11,11,13,11,11,11,11,11,11,11,11,11,11,11,11,11,11,11,11,11,11,11,11,11,11,11,11,11,14,17,11,14,20,14,11,22,11,11,14,11,11,11,11,11,12,11,11,12,11,11,11,11,11,11,11,11,11,11,11,11,11,11,11,11,11,16,11,14,26,11,18,26,15,11,23,11,11,17,11,11,16,11,11,18,11,87,92,89,11,12,11,11,15,11,11,14,11,11,18,11,11,19,11,14,25,11
6,25,17,21,51,39,57,12,39,11,14,11,14,13,11,12,11,11,11,19,11,15,13,11,11,11,11,11,19,11,13,16,15,15,22,17,19,22,15,23,13,11,15,11,11,11,11,11,11,11,11,11,11,24,11,11,11,11,44,44,55,11,11,11,14,16,11,13,16,12,21,17,20,22,11,15,11,11,11,11,11,11,62,61,72,11,11,11,11,11,11,11,11,11,11,11,13,11,11,11,11,11,11,14,11,11,20,20,17,13,16,11,11,11,11,11,12,11,11,11,11,11,11,11,11,11,11,11,11,11,11,11,11,11,11,11,11,11,11,11,11,11,16,17,15,19,11,16,11,16,11,11,11,11,11,11,11,11,11,11,11,11,11,11,11,11,11,11,11,11,11,11,11,13,11,18,13,11,18,12,15,19,21,11,11,13,11,11,11,11,11,11,11,11,11,11,11,11,11,11,11,11,11,11,11,11,11,11,11,12,11,15,12,11,13,21,17,17,22,12,11,17,11,11,11,11,11,12,11,11,11,11,11,11,11,11,13,11,11,11,11,11,11,11,11,11,11,12,17,11,17,24,12,13,18,11,11,22,11,11,16,11,11,17,11,11,18,11,86,89,86,11,11,11,11,15,11,11,11,11,11,16,11,11,17,11,13,26,12
6.25,25,15,18,49,36,54,12,41,11,15,11,19,11,11,12,11,11,12,20,11,14,16,11,13,16,11,11,12,11,11,17,11,19,23,15,22,20,12,18,15,11,12,11,11,11,11,11,11,11,11,11,11,28,11,11,11,11,47,46,54,11,11,11,13,12,11,13,15,12,20,13,18,18,16,13,11,11,11,11,11,11,65,60,72,11,11,11,11,11,11,11,11,11,11,11,13,12,11,11,13,11,11,14,12,11,25,18,22,11,13,11,11,11,11,11,11,11,11,11,11,11,11,11,11,11,11,11,11,11,11,11,11,11,11,11,11,11,11,11,11,11,19,22,19,15,11,14,11,12,11,11,11,11,11,11,11,11,11,11,11,11,11,11,11,11,11,11,11,11,11,11,11,15,11,17,11,11,17,16,16,20,17,13,11,14,11,11,11,11,11,11,11,11,11,11,11,11,11,11,11,11,11,11,11,11,12,11,11,17,11,12,12,11,16,23,14,15,23,11,11,18,11,11,11,11,11,12,11,11,11,11,11,11,11,11,14,11,11,11,11,11,11,11,11,11,11,11,15,11,15,23,12,14,22,12,11,22,11,11,22,11,11,14,11,11,14,11,86,89,84,11,11,11,11,18,11,11,16,11,11,13,11,11,19,11,17,24,11
6.5,31,15,24,48,36,55,13,46,11,15,11,15,11,11,11,12,11,13,19,11,16,12,11,11,12,11,11,15,11,11,19,11,18,24,21,17,20,16,22,15,11,12,11,11,11,11,13,11,12,11,11,13,25,11,11,11,11,51,41,58,11,11,11,14,15,11,11,15,11,22,15,20,24,15,16,11,11,11,11,11,11,62,55,74,11,11,11,11,11,11,11,11,11,11,11,13,13,11,11,11,11,11,15,11,15,21,18,16,15,18,13,11,11,11,11,12,11,11,11,11,11,11,11,11,11,11,11,11,11,11,11,11,11,11,11,12,11,11,12,11,11,19,20,21,18,11,15,11,17,11,11,12,11,11,11,13,11,11,11,11,11,11,11,11,11,11,11,11,11,11,11,11,11,11,16,16,11,17,11,11,19,19,14,11,13,11,11,11,11,11,11,11,11,11,11,11,11,11,11,12,11,11,11,11,11,11,11,11,11,11,16,16,11,15,24,19,18,22,16,11,16,11,11,12,11,11,15,11,11,13,11,11,11,11,11,12,11,11,11,11,11,12,11,11,11,11,14,19,12,19,26,15,14,21,11,11,22,11,11,16,11,11,20,11,11,18,11,91,92,89,11,11,11,11,12,11,11,13,11,11,11,11,12,21,11,15,21,12
6.75,26,17,25,54,38,60,12,46,13,16,11,15,16,11,17,14,11,15,17,11,14,16,11,11,16,11,12,19,11,18,21,17,17,21,22,20,25,15,23,15,11,13,13,14,14,11,12,11,11,11,11,13,28,12,11,11,11,48,46,57,11,11,11,17,14,13,12,17,15,21,19,20,24,14,18,11,14,11,11,11,11,64,61,74,11,11,11,11,11,11,11,11,11,11,11,13,15,11,12,15,12,12,14,12,11,20,20,19,13,19,11,12,11,11,11,12,11,11,11,11,11,11,11,11,11,11,11,11,11,11,11,11,11,11,11,11,11,11,11,11,11,23,25,21,13,15,13,11,12,11,11,12,11,12,11,15,11,11,11,12,11,11,11,11,11,11,11,11,11,11,11,11,12,11,19,14,11,15,15,17,18,20,11,11,13,11,11,12,12,11,11,11,11,11,11,11,11,11,11,13,11,11,11,11,11,14,11,11,12,11,16,17,11,14,25,14,21,25,16,11,15,11,11,11,11,11,16,11,11,11,11,11,14,11,11,12,11,11,14,11,11,12,11,11,11,11,13,18,14,18,28,20,17,23,11,11,21,11,11,14,11,11,18,11,11,18,11,86,100,88,11,11,11,11,15,11,11,14,11,11,19,11,11,19,11,16,23,14
7,33,20,23,51,43,59,12,46,14,15,11,19,17,11,17,11,11,12,18,11,18,14,11,13,17,11,15,17,11,16,20,14,15,25,19,20,20,13,19,12,11,14,15,12,11,13,14,12,11,11,13,15,26,13,11,11,11,49,47,55,11,11,11,13,13,11,15,21,15,23,18,20,26,17,15,11,11,11,11,11,11,65,64,76,11,11,13,12,11,11,13,11,11,11,12,11,15,11,11,13,11,11,17,11,16,22,18,18,17,18,11,11,13,11,13,14,11,11,11,11,11,11,11,11,12,11,11,11,11,11,11,11,11,11,11,12,11,11,11,11,11,21,24,19,18,12,18,11,15,11,11,11,11,11,11,11,11,11,11,11,11,11,11,11,11,11,11,11,11,11,11,11,13,11,17,13,11,17,17,14,25,24,15,11,18,11,11,11,11,11,11,11,11,11,11,11,11,11,11,15,11,11,11,11,11,11,11,11,11,11,14,15,11,14,26,16,21,23,13,11,16,11,11,14,11,11,17,11,11,14,11,11,11,11,11,14,11,11,16,11,11,11,11,11,11,11,14,20,14,16,25,15,17,26,11,11,22,11,11,22,11,11,17,11,11,21,11,89,91,89,11,15,11,11,16,11,11,16,11,11,18,11,15,21,11,14,28,13
7.25,27,20,20,50,38,57,16,48,13,19,11,15,13,11,11,13,11,11,19,11,17,15,11,14,16,11,15,18,15,16,16,15,17,25,21,19,21,16,23,15,11,14,11,11,11,11,18,11,12,11,11,15,33,11,11,11,11,53,44,58,11,11,11,14,19,14,13,18,11,20,22,24,23,16,16,11,11,11,12,11,11,63,57,76,11,11,11,11,11,11,14,11,11,11,11,11,17,11,11,11,13,11,15,12,13,22,20,19,18,17,15,12,11,12,11,14,11,11,11,11,11,11,11,11,14,11,11,11,11,11,11,11,11,11,11,12,11,11,14,11,11,21,19,18,22,11,14,11,14,13,11,11,11,11,11,11,11,11,11,11,11,11,11,11,11,11,11,11,11,11,11,11,16,11,16,12,11,15,14,14,20,22,14,11,16,11,11,11,11,11,11,11,11,11,11,11,14,11,11,16,11,11,11,11,11,13,11,11,11,11,16,20,13,14,25,16,24,21,12,11,17,11,11,11,11,11,17,11,11,13,11,11,11,11,11,14,11,11,14,11,11,11,11,11,14,11,12,18,11,17,29,16,17,25,11,11,26,11,11,16,11,11,16,11,11,20,11,87,90,89,11,18,11,11,19,11,11,16,11,11,12,11,15,23,11,13,26,12
7.5,30,18,24,55,40,59,13,45,11,17,11,19,14,11,15,11,11,13,23,11,19,13,11,14,13,11,11,16,11,13,17,13,16,26,17,17,21,11,24,16,11,13,11,11,11,13,17,11,11,11,11,13,32,11,11,11,11,49,46,58,11,11,11,11,16,11,16,17,14,19,16,21,22,15,17,11,13,11,11,11,11,62,61,77,11,11,11,11,11,11,11,11,11,11,12,11,13,11,11,13,11,11,16,11,12,22,18,18,11,16,12,11,11,11,11,14,11,11,11,11,11,11,11,11,13,11,12,11,11,11,11,11,11,11,11,11,11,11,12,11,11,21,20,23,16,11,15,11,13,11,11,11,11,11,11,11,11,11,11,11,11,11,11,11,11,11,11,11,11,11,11,11,15,11,17,11,11,14,14,13,22,24,13,11,11,11,11,11,11,11,11,11,11,11,11,11,11,11,11,17,11,12,11,11,11,11,11,11,11,11,18,14,11,13,26,17,18,24,11,11,12,11,12,13,11,11,14,11,11,14,11,11,11,11,11,11,11,11,11,11,11,11,11,11,11,11,11,23,11,17,23,12,16,27,12,11,25,11,11,11,11,11,18,11,11,18,11,88,93,91,11,11,11,11,16,11,11,14,11,11,17,11,12,24,11,15,23,11
7.75,32,20,27,46,44,58,18,49,15,14,11,16,11,11,11,12,11,13,21,11,15,16,11,11,12,11,11,14,15,13,15,13,13,27,20,19,17,15,18,18,11,16,12,11,13,11,17,11,12,11,11,15,30,12,11,11,11,48,49,57,11,11,11,14,17,11,17,19,14,23,12,20,23,21,15,11,11,11,11,11,11,72,62,77,11,11,12,11,11,11,11,11,11,11,11,11,19,11,11,14,11,11,16,11,13,21,19,18,13,19,13,11,16,11,16,14,11,11,12,11,11,11,11,11,11,11,11,11,11,11,11,11,11,11,11,11,11,11,11,13,11,25,25,22,12,14,13,11,16,11,11,11,11,11,11,11,11,11,11,11,11,11,11,11,11,11,11,11,11,11,11,11,14,11,20,11,11,16,14,15,22,24,14,11,13,11,11,11,11,11,11,11,11,11,11,11,11,11,11,17,11,11,11,11,11,11,11,11,14,11,16,16,11,13,29,15,18,28,16,11,18,11,12,14,11,11,16,11,11,16,11,11,14,11,11,15,11,12,16,11,11,11,11,11,11,11,11,20,13,18,19,15,17,28,11,11,18,11,11,17,11,11,19,11,11,18,11,91,96,95,11,13,11,11,15,11,11,15,11,11,17,11,11,24,11,14,23,14
8,30,18,21,52,44,57,18,48,16,19,11,18,16,11,11,13,11,16,22,11,17,16,11,12,16,11,15,18,16,14,22,16,16,26,20,22,28,13,25,19,11,16,12,18,11,22,17,11,14,11,13,19,30,13,11,11,11,49,48,57,11,11,11,15,20,11,15,18,12,20,21,19,24,20,16,11,13,11,11,11,11,68,62,73,11,11,11,14,11,11,15,11,11,12,12,11,18,11,14,13,12,11,15,15,12,23,18,17,13,18,11,11,14,11,16,14,11,11,12,11,12,11,11,11,13,11,11,11,11,11,11,11,11,11,11,15,11,11,13,12,11,25,22,21,16,15,15,11,17,11,11,11,11,13,12,11,11,11,11,12,11,11,11,11,11,11,11,11,11,11,11,11,15,11,18,14,11,17,16,15,25,25,15,11,14,11,11,12,13,11,15,11,11,11,11,11,13,11,11,15,11,11,11,11,11,11,11,11,14,11,14,15,11,16,26,15,19,27,11,11,17,11,11,16,11,15,16,11,11,15,11,11,11,11,11,16,11,11,15,11,11,11,11,11,12,11,12,24,11,18,27,15,24,30,11,11,26,11,11,21,11,13,17,11,11,17,11,87,89,89,12,13,11,11,18,11,11,16,11,11,14,11,11,20,11,12,30,14
8.25,29,19,25,51,38,64,17,43,16,19,11,19,20,11,19,13,11,13,21,11,19,16,11,11,15,11,15,18,16,15,14,13,17,24,16,23,23,16,22,17,13,12,15,17,12,11,18,11,15,11,12,15,30,11,11,11,11,49,46,57,14,11,11,16,17,12,17,18,15,25,19,20,27,18,18,11,11,11,11,11,11,71,66,76,11,11,11,13,11,11,11,11,11,13,11,14,18,11,14,15,11,14,13,14,14,22,21,22,14,21,11,12,11,11,16,18,11,11,13,11,11,11,11,11,11,11,11,11,11,11,11,11,11,11,11,11,11,11,11,11,11,24,22,24,15,13,15,11,16,11,11,11,12,14,11,11,11,12,11,11,11,11,11,11,11,11,11,11,12,11,11,11,13,11,15,13,11,12,18,17,21,23,12,12,12,11,11,11,11,11,11,11,11,11,11,11,11,11,11,11,11,11,12,11,11,15,11,11,11,11,15,17,11,13,30,16,19,27,13,11,20,11,11,14,11,11,11,11,11,17,11,11,13,11,11,11,11,14,13,11,11,11,11,11,12,11,13,22,12,17,28,21,22,32,14,11,22,11,11,21,11,11,15,11,11,23,11,86,96,93,11,17,11,11,23,11,11,22,11,11,26,11,11,24,11,13,30,13
8.5,35,21,24,55,41,62,14,46,16,18,11,11,11,11,13,17,11,14,21,11,16,21,11,15,17,11,14,22,12,17,18,16,16,23,17,15,21,16,21,19,11,18,14,12,12,13,15,11,14,11,11,17,28,11,11,11,11,49,50,57,11,11,11,11,18,11,16,17,13,27,20,24,26,18,21,11,11,11,11,11,11,65,61,77,11,11,11,15,11,11,11,11,11,14,11,15,14,13,11,14,13,11,15,15,12,19,18,15,16,20,12,14,12,12,16,18,11,11,12,11,11,11,11,12,17,11,11,11,11,11,11,11,11,11,11,11,14,11,11,11,13,24,20,18,16,14,14,11,15,11,12,12,11,14,11,11,11,11,12,12,11,11,11,11,11,11,11,11,14,11,11,11,12,11,18,12,11,15,17,16,22,24,13,12,16,11,11,11,11,11,13,11,11,12,11,11,11,11,11,17,11,11,11,11,11,11,11,11,11,11,18,24,12,14,27,15,16,29,13,11,18,11,11,13,11,12,20,11,11,18,11,11,13,11,11,17,11,15,16,11,11,11,11,11,11,11,11,24,11,17,29,16,18,29,11,11,23,11,11,24,11,11,23,11,11,19,11,88,94,90,11,15,11,13,22,11,11,15,11,11,20,11,12,25,11,12,26,11
8.75,32,22,22,58,42,59,17,51,16,21,11,19,15,11,14,16,11,15,24,11,16,18,11,15,18,11,16,18,11,11,20,12,17,24,22,21,18,17,20,20,11,15,18,15,11,14,18,11,13,11,12,18,35,12,11,11,11,51,46,56,13,11,11,15,21,12,16,24,13,27,22,24,27,18,13,11,11,11,11,11,11,65,63,78,11,11,13,16,11,11,12,11,11,12,11,12,17,11,11,15,13,11,21,14,18,29,22,20,14,23,13,11,15,11,15,19,11,11,14,11,11,11,11,12,14,11,11,11,11,11,11,11,14,13,11,13,11,11,13,14,11,25,22,21,17,13,15,11,19,11,13,12,11,15,11,11,11,13,14,12,11,11,11,11,11,11,11,11,14,11,11,11,17,11,22,17,11,16,16,16,24,22,13,12,16,11,14,11,16,12,15,11,13,11,11,11,11,11,11,16,11,11,11,11,11,15,11,11,15,11,20,15,12,18,28,16,21,29,13,11,20,11,17,11,11,14,14,11,11,18,11,11,13,11,11,13,11,13,23,11,11,11,11,11,11,11,15,21,12,20,28,16,26,29,11,11,22,11,11,23,11,11,22,11,11,15,11,87,96,87,11,15,11,11,16,11,11,11,11,11,19,11,16,23,11,12,26,11
9,33,21,22,55,39,59,15,48,13,20,11,17,18,11,17,18,11,15,21,11,16,18,11,11,15,11,11,19,14,14,20,15,15,22,25,18,21,14,21,14,11,13,11,15,11,13,19,11,14,11,11,19,33,14,11,11,11,49,48,56,11,12,11,13,16,11,19,19,13,21,21,23,25,18,14,11,11,11,12,11,12,68,61,78,11,11,11,13,11,11,12,11,11,13,11,14,16,11,11,13,15,11,16,11,13,23,21,20,11,23,11,11,12,11,14,19,11,11,12,11,11,11,11,11,14,11,11,11,11,11,11,11,11,12,11,13,11,11,11,11,11,24,20,23,15,15,15,11,15,11,11,11,11,11,11,11,11,11,11,12,11,11,12,11,11,11,11,11,11,11,11,11,17,11,17,17,11,14,17,16,19,25,11,11,15,11,11,12,11,12,15,11,11,11,11,11,11,11,11,17,11,11,11,11,12,13,11,11,13,11,15,17,11,14,28,18,17,21,14,11,16,11,12,16,11,14,18,11,11,15,11,11,13,11,11,12,11,11,16,11,11,11,11,11,11,11,14,20,12,15,27,14,23,26,11,11,22,11,11,19,11,11,20,11,11,17,11,86,95,88,13,14,11,11,19,11,11,12,11,11,16,11,11,21,11,11,26,11
9.25,32,23,25,53,39,60,18,49,11,22,11,17,17,11,16,16,11,12,23,11,18,19,11,15,19,11,11,23,14,17,21,18,18,27,19,21,20,13,19,18,11,15,15,15,11,16,22,11,12,11,11,22,34,11,14,13,11,55,46,58,14,11,11,14,19,11,15,18,11,26,20,19,28,17,16,12,11,11,11,11,11,69,63,75,11,11,11,14,11,11,18,11,11,15,11,15,19,12,11,17,12,11,15,11,12,26,20,18,17,23,11,11,11,11,14,18,11,11,11,11,11,11,11,11,13,11,11,11,11,11,11,11,14,11,11,13,12,11,16,12,12,24,23,17,17,13,13,11,12,11,14,11,11,15,12,11,14,11,14,11,11,11,11,11,11,11,11,11,13,11,12,11,13,11,24,16,11,14,22,18,27,27,15,12,15,11,13,13,15,14,13,11,15,11,11,11,11,11,12,15,11,14,11,11,11,13,11,11,12,11,17,21,11,13,32,16,21,24,14,11,16,11,14,11,11,16,15,11,11,16,11,13,13,11,11,14,11,16,17,11,11,11,11,11,14,11,17,18,13,22,31,15,28,28,16,11,24,11,11,18,11,11,18,11,11,19,11,87,96,89,12,14,11,15,20,11,11,16,11,11,20,11,16,26,11,15,29,16
9.5,34,21,28,51,41,57,16,53,11,15,11,13,15,11,17,17,11,20,22,11,17,20,11,14,20,11,16,23,20,18,21,15,20,23,22,21,23,16,25,18,11,18,15,18,12,16,18,11,11,11,11,21,33,14,11,14,11,45,51,60,11,11,13,16,19,11,17,20,13,28,24,21,22,19,15,11,12,11,14,11,11,68,65,77,11,11,11,19,11,11,16,11,11,11,11,13,15,14,11,16,16,14,16,12,14,29,20,22,13,25,12,11,12,11,16,16,11,13,12,11,12,12,11,11,12,11,11,11,11,11,11,11,16,13,11,15,12,11,12,12,12,24,24,20,14,15,17,11,19,11,14,12,14,15,12,13,11,12,14,11,14,11,11,11,11,11,11,11,11,12,11,11,15,11,23,17,11,13,17,13,28,31,13,12,18,11,11,16,11,11,15,11,11,11,11,11,12,11,11,17,11,11,11,11,13,12,11,12,14,11,15,19,11,13,29,17,19,30,12,11,22,11,11,15,11,13,18,11,11,17,11,11,17,11,11,18,11,16,22,11,11,15,11,11,15,11,14,22,14,22,34,18,29,36,11,11,20,11,11,22,11,11,19,11,11,18,11,88,94,92,11,15,11,14,22,11,11,14,11,11,22,11,11,19,11,14,31,16
9.75,32,21,22,53,42,56,19,53,11,17,11,20,15,11,15,16,11,15,22,11,14,24,11,16,17,11,15,20,16,16,20,16,13,30,23,22,18,15,18,19,12,14,16,15,11,16,18,11,14,11,11,22,32,17,11,15,11,51,51,55,15,11,14,11,17,11,15,19,11,25,24,27,25,20,15,11,11,11,11,11,11,69,64,78,11,11,11,14,12,11,14,11,11,13,15,12,19,11,11,17,12,11,15,11,14,26,25,20,20,26,14,11,11,11,16,20,11,16,17,11,12,16,11,14,13,11,13,11,11,11,11,11,15,11,11,12,18,11,13,14,12,21,26,21,18,13,15,11,22,11,11,14,11,11,11,11,11,11,12,11,11,11,11,11,11,11,12,11,11,11,11,11,19,11,19,20,11,15,20,15,25,28,13,11,18,11,11,13,11,13,16,11,11,12,11,11,11,11,11,18,11,11,11,11,12,12,11,11,13,11,21,18,11,14,33,19,17,29,12,16,15,11,16,17,11,12,14,11,11,19,11,11,12,11,11,15,11,15,17,11,11,11,11,11,11,11,11,21,11,22,33,21,25,33,11,11,22,11,11,21,11,11,24,11,11,19,11,90,97,90,11,18,11,14,22,11,11,18,11,14,23,11,11,23,11,17,28,15
10,31,25,24,61,41,57,19,51,12,18,11,18,20,11,15,16,11,14,29,11,16,19,11,15,17,11,16,21,14,17,21,15,18,22,20,22,21,15,22,18,11,15,14,16,11,16,19,11,12,11,12,21,31,13,11,14,11,52,54,55,16,11,12,15,19,14,13,25,11,28,22,23,24,19,15,12,12,11,11,12,11,71,66,76,11,11,11,17,11,11,15,11,11,12,12,12,14,13,11,14,16,11,16,16,13,30,20,18,15,23,12,11,12,11,19,20,11,15,12,11,15,12,13,12,17,11,11,11,11,11,12,11,12,12,11,13,13,11,11,13,11,28,24,19,20,15,16,11,21,11,11,13,11,12,11,11,11,12,11,11,11,11,11,11,11,11,11,11,11,11,11,11,19,11,23,18,11,16,19,18,26,29,16,14,16,11,11,14,13,14,16,11,11,12,11,11,11,11,11,14,11,11,11,11,13,13,11,11,11,11,18,16,13,17,32,21,21,27,15,11,19,11,12,18,11,13,17,11,11,15,11,11,16,11,11,18,11,12,21,11,11,11,11,11,11,11,12,26,15,19,28,19,30,35,13,11,23,11,11,16,11,11,21,11,11,22,11,88,98,91,11,12,11,14,20,11,11,15,11,13,20,11,11,21,11,11,25,11
10.25,36,26,29,56,45,59,17,54,15,21,11,21,22,11,22,16,11,17,26,12,16,20,11,15,18,11,19,21,17,16,21,19,17,25,22,22,17,17,20,19,12,18,17,19,15,15,24,12,19,11,15,23,35,18,17,11,14,50,53,59,14,12,14,13,19,11,17,23,15,24,28,23,31,22,18,11,11,12,11,14,12,68,70,78,11,11,11,16,11,11,17,14,11,19,14,16,18,12,15,15,20,13,15,16,13,28,23,21,12,26,14,11,11,14,19,22,13,16,15,13,11,15,11,11,17,11,13,11,11,11,11,11,11,14,11,11,12,11,11,15,13,25,32,19,21,20,17,11,16,11,13,15,11,15,16,11,14,13,17,12,13,11,11,11,11,11,12,11,12,14,11,11,23,11,22,21,12,16,20,16,26,28,18,14,14,11,14,13,17,13,16,11,12,16,11,11,11,11,11,19,11,12,13,11,13,17,11,11,17,11,17,22,12,18,33,23,20,32,18,11,21,11,13,15,11,16,24,11,11,18,11,11,18,11,11,20,11,18,20,11,11,12,11,11,15,11,15,26,18,18,33,19,27,34,12,11,27,11,11,22,11,11,19,11,12,21,11,89,99,94,12,18,11,21,26,14,11,18,11,11,23,11,11,30,11,13,27,14
10.5,33,25,26,57,46,61,19,54,16,22,11,23,18,11,19,14,11,14,28,11,24,21,11,19,18,13,16,22,18,20,23,20,20,25,24,27,18,15,21,21,16,21,15,21,12,15,21,11,13,11,12,21,35,16,14,13,12,51,54,61,14,11,13,15,17,12,19,27,14,21,26,23,29,19,21,11,15,11,11,16,11,65,68,78,11,11,11,15,11,11,17,11,11,17,12,13,16,14,12,17,21,11,14,17,14,28,20,22,17,26,16,11,12,11,16,24,11,12,17,11,11,11,11,11,16,11,11,11,11,11,11,11,16,12,13,11,13,11,13,14,13,26,29,24,18,15,15,11,22,11,12,13,11,15,14,11,11,19,16,14,15,11,11,13,11,11,17,11,11,15,11,12,20,11,22,22,11,19,21,20,26,33,15,13,16,11,11,14,15,11,22,11,14,13,11,11,15,11,11,21,11,11,18,11,14,17,11,11,15,11,20,20,12,14,36,17,25,32,19,11,19,13,14,17,11,13,21,12,11,20,11,11,17,11,11,23,11,18,20,11,11,11,11,11,15,11,13,26,13,23,32,20,30,35,12,11,22,11,11,19,11,11,22,11,11,23,11,91,101,92,11,17,11,14,24,13,11,13,11,11,20,11,12,23,11,12,31,11
10.75,33,24,26,51,46,60,20,60,19,24,11,23,16,11,19,17,11,16,29,11,21,26,11,17,16,11,17,19,18,17,18,19,16,26,26,23,20,17,23,18,13,21,17,25,16,15,20,12,17,11,17,24,33,16,12,12,13,52,58,63,15,11,14,15,26,16,20,28,15,28,26,28,30,22,23,11,14,11,11,14,13,69,69,81,11,11,12,16,13,11,22,11,11,14,14,14,19,11,13,19,16,17,14,17,14,28,24,24,22,26,19,11,11,11,20,25,15,11,16,11,13,17,11,12,20,11,11,12,11,11,12,11,17,14,16,14,13,14,14,15,15,25,27,21,18,18,18,11,21,11,12,15,11,11,17,11,13,15,15,16,15,13,11,11,11,11,15,11,13,13,14,12,19,11,26,23,11,17,21,19,26,29,14,13,21,11,14,17,17,12,17,11,14,14,11,11,13,11,11,20,11,11,18,12,13,17,11,12,17,12,18,23,14,17,38,22,22,31,17,11,21,11,13,19,11,15,22,12,11,22,11,11,17,11,11,19,11,16,26,11,11,16,11,11,13,13,14,26,15,25,33,23,27,33,14,12,32,11,11,23,11,11,28,11,11,27,11,94,99,95,16,18,11,17,22,15,11,19,11,11,22,12,13,25,13,17,32,14
11,36,30,29,56,47,60,16,52,13,22,11,21,20,11,20,17,11,17,29,11,19,23,12,18,17,11,18,24,18,17,22,18,20,28,22,24,21,17,22,17,14,18,21,21,16,15,20,11,17,11,14,24,33,16,13,16,11,51,53,60,15,11,16,17,18,15,20,25,18,26,25,26,29,21,20,11,14,12,11,13,12,66,66,75,11,11,11,17,15,14,17,11,11,17,15,20,20,13,14,17,16,15,19,20,17,29,27,23,19,25,15,11,11,11,17,22,14,14,18,13,12,13,11,11,20,11,12,12,12,11,11,11,13,16,11,18,19,14,18,18,11,22,26,21,20,18,19,11,21,11,14,19,14,16,17,13,11,13,17,12,13,11,11,11,11,11,14,11,11,14,11,11,26,11,24,22,12,19,21,21,27,34,17,13,19,11,15,16,17,15,16,14,11,15,11,11,11,11,11,20,11,11,15,11,11,22,11,11,12,11,20,23,13,16,37,22,23,33,21,11,23,11,16,20,11,16,22,14,11,21,11,12,17,11,11,19,11,19,30,11,11,13,11,11,12,11,16,27,15,22,32,21,30,42,19,11,24,11,11,25,11,11,23,11,11,25,12,91,100,94,11,21,11,18,24,14,11,17,11,13,25,11,13,23,11,14,28,15
11.25,32,26,28,53,47,60,22,56,19,25,11,22,17,11,20,18,11,19,27,13,22,23,11,17,17,11,20,23,17,20,23,17,24,26,26,27,24,16,23,23,18,21,19,22,19,18,23,11,17,11,18,24,35,18,14,18,11,43,58,60,12,13,13,14,18,11,21,27,16,27,27,27,30,19,22,13,11,12,14,15,11,68,66,80,11,11,11,14,11,11,18,13,11,15,16,15,21,19,16,20,21,15,17,16,13,26,26,21,19,29,16,11,15,11,17,23,15,11,16,11,14,13,11,12,20,11,11,11,11,11,13,12,13,11,11,13,15,11,16,14,12,23,27,20,19,19,16,11,21,11,12,15,11,17,16,11,11,13,18,15,11,11,11,14,11,11,14,11,11,11,12,11,25,11,24,22,11,17,20,19,29,33,19,11,17,11,16,19,13,14,17,12,11,13,11,11,14,11,11,17,11,13,14,11,12,17,11,15,19,11,22,20,13,19,36,24,24,31,17,14,22,13,17,19,11,14,23,11,11,22,11,15,24,11,11,19,11,21,22,11,11,16,11,11,15,11,15,29,15,20,30,23,32,37,13,11,27,11,11,21,11,11,23,11,12,18,11,89,98,91,16,19,11,16,21,11,11,17,11,14,27,11,11,27,11,17,37,17
11.5,33,27,25,56,43,58,19,56,18,24,11,21,19,11,20,15,11,17,25,11,19,22,11,16,16,11,16,23,18,21,23,16,22,22,27,23,23,19,23,20,14,21,18,19,13,18,19,11,17,11,15,27,33,19,12,16,11,52,58,58,14,14,12,13,23,11,20,26,12,32,27,31,27,20,19,11,16,11,13,12,13,69,71,79,11,11,12,16,12,11,19,11,11,15,15,14,22,18,19,19,21,13,18,18,13,27,25,22,21,30,16,11,11,11,21,22,15,11,18,11,12,14,11,12,20,11,13,11,11,13,11,14,14,15,11,21,14,13,16,18,13,24,28,21,19,18,17,11,21,11,16,15,12,16,16,11,17,19,18,17,14,15,11,11,11,11,15,11,15,14,12,12,24,11,21,24,11,19,21,19,32,31,20,16,18,11,17,16,20,13,16,11,14,16,11,11,12,11,11,21,11,11,16,11,14,21,11,12,12,11,20,20,16,18,37,23,24,35,17,14,22,11,11,17,11,17,22,12,11,22,11,12,17,11,11,19,11,19,24,11,11,14,11,11,14,11,15,27,14,21,30,21,35,39,22,11,24,11,11,25,11,11,22,11,16,20,12,94,99,94,11,16,11,19,24,13,11,16,11,11,22,11,12,20,11,14,31,16
11.75,31,28,30,52,41,56,16,53,17,22,11,22,20,11,22,16,11,17,25,12,20,20,11,14,16,12,19,21,18,18,22,19,18,23,25,23,17,15,20,20,12,19,18,23,14,14,24,11,15,12,13,25,42,20,12,13,11,47,54,59,15,14,15,16,11,12,15,24,15,26,31,25,27,23,21,12,11,13,11,13,12,66,70,76,11,11,11,16,11,11,16,13,11,16,13,15,22,19,18,18,19,14,16,19,16,25,27,20,20,28,19,11,11,11,18,24,12,13,18,11,13,17,11,12,21,12,11,14,11,11,12,11,12,16,11,14,12,13,16,15,14,28,30,24,19,16,22,11,20,11,17,18,11,12,15,11,11,16,14,14,15,12,11,11,11,11,18,11,14,13,15,11,24,11,25,25,12,17,23,17,29,31,19,12,13,11,14,19,15,17,14,11,16,14,11,11,14,11,11,17,11,11,16,11,11,15,11,11,15,13,20,25,15,19,36,23,22,30,18,11,19,11,12,15,11,13,23,11,11,22,11,11,17,11,11,23,11,15,28,11,11,15,11,11,15,11,15,24,15,21,32,21,31,39,14,11,29,11,11,24,11,11,22,11,11,26,11,89,101,95,11,19,11,16,19,16,11,11,11,11,21,11,12,26,11,13,29,17
12,38,32,28,55,50,60,20,58,15,24,12,20,23,11,20,23,11,21,28,14,25,24,11,17,22,14,22,21,16,21,23,16,19,26,24,24,20,15,24,21,17,22,18,22,14,17,24,11,19,11,15,27,37,22,14,17,15,51,53,64,15,14,12,11,21,15,20,27,16,28,24,26,32,21,18,11,14,13,12,13,13,68,73,80,11,11,12,18,14,11,23,16,13,17,18,18,17,14,16,18,19,15,16,20,16,28,28,22,21,31,20,11,13,11,21,29,15,14,18,12,12,15,11,16,21,12,11,11,11,11,17,11,15,14,12,13,19,12,16,17,13,26,33,24,19,22,18,11,18,12,14,15,13,12,20,11,13,16,16,15,17,12,11,11,11,11,14,11,12,11,14,14,24,12,27,24,14,19,18,20,27,33,18,15,18,11,13,18,18,14,14,11,17,15,11,11,14,11,11,23,11,14,16,11,11,19,11,11,18,11,22,21,16,21,38,25,22,31,17,14,27,11,18,20,13,16,26,13,11,21,11,11,23,11,11,20,11,21,28,11,11,14,11,11,14,11,13,31,15,21,33,23,33,39,15,11,28,11,11,23,11,11,24,11,15,20,16,88,96,96,11,20,11,18,22,11,11,20,11,13,26,11,11,23,11,15,31,14
12.25,35,29,26,49,46,56,23,56,21,29,15,25,23,11,20,20,11,19,32,15,26,26,12,17,17,11,26,24,20,26,21,19,17,29,24,30,21,16,21,22,12,20,22,25,14,16,20,11,18,11,15,29,37,18,15,13,13,51,58,61,16,16,14,14,22,12,21,24,17,32,31,30,32,22,21,11,12,11,13,13,13,69,67,80,11,11,11,17,11,11,21,15,12,14,19,19,21,18,15,19,20,15,17,18,19,33,28,26,24,30,19,11,14,11,18,26,13,12,16,11,11,17,11,13,22,11,11,11,11,11,13,11,13,12,11,16,14,12,18,17,13,27,30,24,23,16,20,11,22,11,22,16,14,12,18,11,11,18,18,16,11,14,11,14,11,11,17,11,14,16,15,11,25,12,26,23,11,20,25,17,26,33,16,19,16,11,12,18,16,12,19,11,19,11,11,11,12,11,11,21,11,12,14,11,11,17,11,11,18,11,17,24,11,22,39,24,23,35,19,13,24,11,17,19,11,19,26,13,11,23,11,13,22,11,11,19,11,22,28,12,11,13,11,11,14,11,17,29,19,20,32,18,33,39,11,11,29,11,11,23,11,11,25,11,12,21,11,89,103,91,12,15,11,16,23,15,11,15,11,12,23,11,12,25,11,18,29,16
12.5,39,24,31,56,43,56,24,60,18,24,12,24,20,12,21,19,11,20,31,11,24,21,12,18,21,11,22,25,17,21,24,17,20,29,25,29,21,12,21,20,15,22,22,23,14,21,24,11,20,11,16,29,36,22,16,16,16,55,59,61,16,11,13,11,20,13,23,25,21,27,32,26,33,21,22,11,11,11,15,15,15,72,66,82,11,11,11,17,16,13,16,13,11,16,20,13,21,17,19,19,20,17,21,18,16,28,26,22,22,25,22,11,11,13,21,27,14,14,19,11,15,19,11,14,22,12,11,13,12,12,13,12,13,13,11,12,13,11,15,17,13,30,30,22,25,16,23,11,20,11,20,18,14,14,20,12,12,15,21,14,14,12,11,11,11,11,14,11,16,14,15,13,25,11,24,26,11,20,23,19,28,34,17,19,18,11,14,16,21,12,19,11,16,14,11,11,17,11,11,23,11,13,16,11,16,17,11,11,15,11,21,24,16,17,41,25,25,34,18,14,24,11,14,21,11,18,25,14,11,27,11,13,20,11,11,22,11,21,24,11,11,14,11,11,18,11,16,30,16,21,35,22,36,39,14,11,26,11,11,23,11,11,24,11,11,26,11,87,97,92,12,16,11,17,25,15,11,19,11,11,27,11,11,24,11,19,33,18
12.75,35,30,31,55,47,59,17,60,16,26,12,22,21,11,21,17,11,17,30,11,19,25,11,16,17,13,18,26,20,22,25,20,22,30,24,27,19,14,23,24,14,23,21,24,12,17,21,11,19,11,16,31,39,18,16,17,11,50,55,58,18,14,17,16,20,15,19,24,14,31,28,28,35,21,23,13,15,11,13,16,12,72,68,78,11,11,14,18,13,11,19,17,11,21,14,20,19,12,15,24,23,20,18,16,17,31,27,26,20,29,19,11,12,11,23,25,13,16,20,11,17,18,13,14,18,12,15,11,11,12,17,12,15,14,14,11,15,11,16,17,14,23,31,25,22,20,21,13,19,11,15,19,15,18,17,14,13,15,17,17,13,13,11,11,11,11,15,11,16,12,16,11,26,11,26,22,12,19,24,16,30,36,16,17,18,11,11,15,18,17,17,11,16,13,11,11,16,11,11,20,11,17,20,12,13,18,11,12,14,11,22,25,14,21,38,28,26,33,22,12,21,11,17,16,12,14,26,13,11,24,11,11,24,11,11,19,11,19,26,11,11,17,11,11,19,11,14,26,14,22,34,24,37,44,14,11,26,11,11,20,11,11,21,11,11,23,11,88,99,92,13,19,11,17,26,13,11,15,11,11,23,11,14,23,12,13,33,15
13,34,27,32,54,47,56,23,64,18,26,14,25,23,13,20,21,12,22,30,15,22,26,16,18,19,11,20,26,20,26,22,15,20,25,23,27,26,17,24,24,14,26,22,24,20,18,19,11,22,11,22,30,40,22,15,15,15,50,57,60,18,12,18,17,19,16,24,22,22,30,28,32,29,22,20,12,12,11,19,14,15,66,69,78,11,11,12,17,11,11,21,16,11,18,15,17,22,15,17,18,21,18,19,20,16,28,25,25,20,28,20,11,13,11,25,29,14,18,16,14,15,18,11,17,27,14,15,12,11,11,11,11,18,19,11,15,23,14,16,20,18,27,30,23,22,22,20,12,20,11,14,16,15,18,18,13,12,18,18,17,15,15,11,13,11,11,18,11,14,13,11,11,30,11,27,28,11,19,25,16,30,33,20,19,21,11,15,20,19,15,17,11,16,19,11,13,14,11,14,23,11,15,18,11,11,22,11,11,18,11,21,25,13,20,40,25,25,33,21,11,25,11,16,21,11,16,26,14,11,23,11,14,25,11,11,29,11,25,29,15,12,15,11,11,14,11,16,30,16,19,32,22,37,42,18,11,23,11,11,22,11,11,23,11,12,21,11,96,103,97,14,18,11,17,29,18,11,18,11,11,27,12,11,23,11,18,36,15
13.25,37,27,32,56,47,58,23,62,19,22,11,22,23,11,24,18,11,17,33,14,24,25,13,16,18,13,18,23,20,22,25,18,26,26,23,28,19,17,19,24,18,22,22,21,18,20,26,14,19,11,19,30,38,22,12,15,14,53,55,59,17,12,15,15,20,11,22,27,18,34,31,28,34,22,21,13,13,13,15,12,12,67,68,79,11,11,12,16,14,11,17,14,14,19,16,19,21,18,18,21,21,16,17,17,14,30,28,23,26,29,23,11,11,11,25,33,17,19,22,14,17,15,15,20,20,16,15,12,11,11,13,16,15,14,14,16,18,16,18,19,15,29,37,24,25,21,24,14,19,11,15,17,16,18,14,11,12,15,17,20,13,13,11,11,11,11,13,12,17,15,16,13,23,11,28,25,11,18,25,17,29,34,19,13,17,11,19,24,20,16,18,11,16,18,11,11,11,11,11,23,11,13,15,11,12,24,11,11,19,11,22,21,18,19,44,26,21,39,17,11,20,11,20,19,13,18,27,12,11,26,11,14,19,12,14,25,11,26,29,11,13,16,11,11,17,11,15,28,14,22,38,22,38,44,16,11,25,11,11,20,11,12,23,11,13,23,11,90,96,91,12,24,11,18,29,14,11,18,11,11,25,11,14,25,11,16,35,15
13.5,27,27,27,56,47,61,20,63,15,22,12,23,22,11,21,17,11,20,33,14,26,29,13,19,18,11,21,27,18,22,22,19,20,28,28,30,19,14,19,24,16,21,20,27,17,17,24,13,18,11,15,32,41,27,12,15,11,55,62,63,17,16,15,11,21,13,22,24,20,35,29,32,31,20,23,13,12,11,12,14,11,69,70,77,11,11,11,19,12,11,20,15,13,19,17,18,19,11,11,20,25,16,18,18,15,31,26,27,19,30,18,11,11,11,26,29,16,17,20,12,16,14,12,15,20,11,13,17,13,13,11,14,17,11,13,16,22,15,16,18,15,31,31,26,27,22,23,14,23,11,12,18,11,13,18,11,15,18,23,18,13,13,11,11,11,11,12,11,16,11,12,18,25,11,28,23,16,19,21,20,34,37,21,14,23,11,17,23,20,16,21,11,16,17,11,11,11,11,11,21,11,14,16,11,11,16,11,11,13,11,22,26,15,18,41,31,21,32,16,15,20,11,15,19,11,17,30,11,11,21,11,11,24,11,11,23,11,19,31,12,11,14,11,11,13,11,20,28,20,23,34,22,41,43,18,11,25,11,11,23,11,11,21,11,12,26,11,91,100,91,13,22,11,17,22,13,11,15,11,11,23,11,11,24,11,17,38,16
13.75,35,30,30,54,48,61,20,62,19,23,13,22,25,16,23,22,11,21,35,16,26,28,16,22,20,12,22,23,21,21,25,19,22,29,27,27,21,16,24,24,16,24,20,25,14,17,25,11,22,11,18,31,44,20,14,15,11,56,59,61,18,16,17,18,20,17,25,28,21,33,34,30,33,21,23,11,14,11,16,18,12,72,68,82,11,11,11,21,11,11,21,17,15,22,15,22,20,15,15,22,26,15,23,21,17,28,25,24,22,31,21,11,11,11,26,32,18,15,16,15,12,20,11,17,20,14,14,13,11,14,14,12,17,17,13,14,16,11,17,16,15,30,32,27,25,18,23,12,24,11,17,18,13,17,15,13,20,17,23,19,15,13,13,15,12,11,12,11,14,15,12,15,24,13,25,30,11,22,25,20,34,36,20,21,20,11,15,19,17,16,15,11,17,16,11,11,11,11,11,21,11,15,15,13,13,24,11,11,13,11,24,23,15,21,40,25,26,38,20,14,25,11,16,21,11,16,27,11,11,23,11,11,20,11,11,24,11,24,31,11,11,17,11,11,16,11,14,30,15,23,38,20,43,48,18,12,28,11,11,24,11,12,23,15,13,26,11,93,97,93,15,22,11,21,23,17,11,16,11,12,29,11,12,26,11,16,33,15
14,34,25,31,58,52,57,27,60,25,21,12,23,21,11,21,19,12,23,37,17,25,26,11,20,20,11,18,22,19,22,23,16,21,24,26,25,19,16,19,27,17,28,23,25,12,17,25,14,19,11,18,30,40,22,17,16,13,52,60,60,19,12,15,13,17,12,21,24,18,29,29,33,32,22,22,13,15,12,15,18,16,69,66,78,11,11,11,19,12,11,16,19,11,19,18,19,20,14,17,21,22,15,22,19,19,31,24,24,22,31,21,11,14,11,28,28,17,16,19,14,18,17,13,21,21,15,13,12,11,14,11,13,16,11,15,16,12,12,16,17,12,23,32,24,26,18,23,12,23,11,21,17,16,13,17,11,15,17,18,17,17,14,12,11,11,11,15,11,15,15,15,14,29,11,28,28,11,24,24,20,30,37,19,17,20,11,13,19,16,16,19,11,15,12,11,11,14,11,11,21,11,17,20,12,14,20,11,11,14,11,18,24,15,22,43,28,25,36,24,14,26,11,16,19,11,17,24,13,11,26,11,11,20,11,11,21,13,23,31,13,11,14,11,13,14,11,17,28,15,25,36,27,41,47,18,11,24,11,11,27,11,11,25,11,14,30,11,89,97,88,11,20,11,19,29,20,11,13,11,11,28,11,15,24,11,17,38,18
14.25,33,30,34,61,47,62,23,62,20,28,11,21,25,12,23,17,12,20,30,18,24,28,15,16,19,11,22,23,19,18,24,19,24,27,23,28,20,16,22,26,21,28,22,24,17,22,24,17,23,11,18,31,42,25,19,16,12,51,59,59,15,15,13,17,19,14,21,28,21,34,35,37,32,21,24,18,17,12,16,19,16,69,70,79,11,11,12,18,13,11,20,15,11,20,17,17,24,15,17,23,22,16,21,20,19,31,24,27,24,34,21,11,14,11,29,29,20,20,23,20,16,21,15,16,24,14,15,15,11,11,12,13,21,17,15,18,19,12,16,16,12,28,31,25,28,22,22,12,24,11,19,18,15,20,14,14,15,19,18,19,17,17,11,13,11,11,16,11,14,19,15,14,27,14,29,29,12,25,25,21,32,38,21,14,24,11,15,18,19,17,15,14,21,19,11,11,13,11,12,20,11,15,18,11,15,20,11,11,20,11,23,27,15,17,41,26,25,38,22,11,23,11,19,27,14,18,28,17,11,27,11,12,22,12,11,24,11,23,30,12,13,15,11,11,15,11,14,30,19,27,41,26,44,45,20,11,25,11,11,21,11,11,19,11,11,26,11,96,103,98,18,21,11,20,25,19,11,15,11,12,27,14,13,28,11,18,32,17
14.5,36,30,33,54,48,55,21,59,21,25,16,22,27,14,23,19,11,20,35,18,27,32,13,21,19,12,21,22,21,23,24,18,22,28,22,27,22,18,22,22,18,21,25,24,19,16,21,13,18,11,17,32,45,21,12,16,12,51,57,59,15,15,16,12,19,14,22,25,23,35,37,31,35,26,21,14,15,12,12,17,13,68,67,80,11,11,11,16,13,11,18,15,11,19,16,18,24,16,22,21,23,20,18,24,17,30,26,23,23,34,24,11,12,11,30,36,19,16,23,14,16,23,13,17,21,13,13,11,11,15,12,16,17,19,14,12,19,11,14,18,12,30,36,27,31,24,25,17,24,11,16,18,14,19,20,12,15,21,20,17,15,16,11,12,11,11,14,11,14,19,17,14,25,14,26,27,11,22,25,19,32,39,23,16,22,11,16,18,21,15,18,11,20,19,11,11,13,11,13,21,11,18,14,11,12,19,11,13,18,14,22,27,15,22,43,31,30,37,25,13,28,11,15,22,11,21,28,17,11,26,11,14,26,14,12,29,11,22,27,11,13,15,11,11,14,11,20,31,19,25,40,26,42,46,19,11,27,11,11,23,11,13,23,11,15,25,11,93,98,95,13,23,11,19,22,19,11,17,11,11,28,12,11,29,11,17,37,13
14.75,33,32,31,58,47,57,26,62,19,26,13,22,24,13,22,20,11,23,31,20,27,28,13,22,21,12,24,27,18,24,27,22,22,27,24,27,22,15,23,25,17,24,25,28,22,21,25,13,19,11,19,34,40,24,19,17,12,55,58,63,21,12,17,15,19,12,22,25,16,37,32,36,34,24,25,11,16,11,17,16,16,71,72,82,11,11,12,20,14,11,23,11,15,21,18,19,20,15,14,27,26,18,21,22,19,30,28,27,25,32,27,11,15,11,28,34,17,21,23,16,16,18,11,18,27,13,15,11,11,13,13,12,16,18,14,14,20,11,14,22,13,32,33,28,24,20,25,11,25,11,17,20,11,22,21,11,14,19,23,20,13,18,11,13,11,11,17,11,15,16,15,12,30,13,29,35,11,22,26,17,35,35,22,16,22,11,15,19,17,17,16,15,21,15,11,13,14,11,11,23,11,19,19,12,18,22,12,16,17,13,24,22,18,20,44,29,24,35,23,14,21,12,17,20,11,19,28,12,14,27,11,12,24,11,18,27,12,25,32,11,11,11,11,11,15,11,17,29,16,22,37,20,42,46,18,11,26,11,11,21,11,14,25,11,15,31,11,93,100,93,14,22,11,18,25,17,11,17,11,12,29,11,11,22,11,18,37,14
15,34,31,33,53,52,57,24,63,22,25,16,25,24,13,24,21,11,22,35,21,29,27,16,18,20,11,22,22,21,23,24,21,23,27,26,29,20,13,22,20,21,25,24,30,20,18,27,13,20,11,20,36,45,26,18,21,17,57,60,65,18,17,18,15,22,11,22,30,17,31,33,30,30,26,25,11,12,11,13,18,16,68,70,84,11,11,11,18,13,11,21,17,17,18,22,17,20,16,19,24,21,21,23,25,21,30,28,27,18,31,21,11,11,11,28,33,24,18,22,17,17,25,16,18,19,16,12,14,11,13,20,13,16,17,14,16,17,15,20,18,19,29,32,30,27,23,23,13,18,11,16,20,13,18,25,12,14,20,19,20,15,17,11,11,11,11,12,11,13,20,17,15,28,16,27,26,13,22,28,18,29,36,19,18,20,11,17,22,22,19,22,16,19,22,11,11,13,11,11,22,11,15,20,13,14,23,13,11,19,11,21,27,21,20,45,31,28,37,24,11,26,11,18,21,14,20,28,19,11,25,11,11,28,14,14,30,13,25,28,13,11,18,11,11,21,11,13,30,21,25,36,25,44,50,23,11,27,11,11,21,11,11,26,13,12,29,12,90,102,95,16,21,12,18,25,21,11,21,11,11,26,11,12,29,11,15,35,20
15.25,36,26,34,57,48,58,21,55,19,23,12,23,26,16,21,22,11,23,34,19,27,24,15,15,15,12,18,25,15,26,26,20,22,30,23,28,21,15,22,24,20,23,26,30,21,18,20,16,19,11,18,33,42,28,17,14,14,51,59,58,18,18,15,16,17,16,20,27,18,33,31,32,30,27,21,13,15,11,20,15,18,71,65,79,11,11,11,17,13,11,21,17,15,19,13,19,23,19,15,24,23,18,16,22,17,28,25,24,25,26,19,11,11,11,28,38,18,19,21,13,18,24,14,19,25,14,12,11,11,15,16,14,14,16,14,14,21,12,17,15,13,29,31,28,28,25,23,14,25,11,17,18,11,20,22,11,19,19,23,22,17,18,11,14,11,11,13,11,15,16,16,15,29,11,28,31,11,24,28,23,31,34,17,18,19,11,14,17,16,11,16,11,23,16,11,11,12,11,11,21,11,17,19,11,17,21,11,11,15,11,22,23,14,23,43,29,26,39,22,15,20,13,17,21,12,20,26,16,11,24,11,14,25,13,11,27,12,24,33,11,11,19,11,11,15,11,16,27,17,27,41,23,43,54,19,11,26,11,11,23,11,11,21,11,13,28,11,92,105,93,12,17,11,22,28,19,11,17,11,12,25,12,11,26,12,18,35,16
15.5,37,28,31,59,49,60,25,63,25,27,15,28,28,18,27,17,11,21,38,17,31,28,18,21,24,17,24,25,19,27,26,19,24,28,26,25,21,11,25,24,20,24,25,28,22,21,25,14,15,11,15,41,44,29,17,17,17,55,60,65,21,16,19,15,16,13,22,26,19,38,36,38,30,26,22,16,15,12,20,20,18,68,71,80,11,11,12,22,14,12,23,18,14,23,13,25,25,18,19,21,25,18,20,21,19,29,28,26,25,38,23,11,11,11,28,36,18,21,24,13,23,21,18,19,21,17,17,13,13,11,12,14,17,16,13,13,17,13,17,18,18,29,31,28,26,26,25,15,20,11,18,20,18,19,19,11,20,25,26,20,17,20,11,15,11,12,18,13,14,19,20,18,29,18,30,29,13,26,26,19,35,36,24,20,19,11,15,19,20,17,20,11,19,16,11,11,16,11,11,24,11,18,17,11,17,24,13,11,19,11,26,27,19,21,43,30,24,38,22,15,25,11,18,17,11,19,32,15,13,26,11,11,26,15,15,24,15,25,33,14,15,17,11,11,17,11,18,33,19,26,36,27,46,47,17,11,29,11,11,25,11,13,24,11,13,26,11,99,99,96,11,22,11,22,26,20,11,17,11,13,28,12,14,25,11,17,40,21
15.75,33,30,31,56,51,61,30,64,25,29,19,24,29,13,26,22,11,21,33,16,24,30,12,23,25,12,24,26,25,24,26,21,23,26,23,28,25,16,23,24,17,25,26,32,20,20,25,13,21,11,18,36,40,29,16,18,13,54,58,61,18,16,17,19,22,14,27,25,19,42,36,37,35,24,22,18,16,15,17,19,16,74,71,79,11,11,11,20,12,12,25,15,16,19,18,22,28,19,20,22,27,17,21,19,18,32,32,28,21,32,24,11,11,11,30,38,20,21,23,17,17,24,13,20,25,17,19,12,12,12,15,14,12,18,12,16,19,14,17,18,16,28,36,30,27,24,25,14,19,11,20,20,15,22,20,13,18,23,24,20,15,16,15,13,13,11,17,13,15,16,16,19,33,16,30,30,15,22,28,19,31,37,19,18,19,11,18,22,19,17,19,14,23,19,11,13,14,11,14,23,12,20,23,11,15,23,11,11,18,11,23,30,17,23,45,33,32,41,26,17,23,15,18,20,19,21,32,16,12,22,11,11,27,12,12,30,11,28,31,18,12,14,11,11,16,11,15,32,18,27,38,24,47,49,17,11,27,11,11,25,11,12,24,11,16,28,12,94,103,95,15,19,11,20,24,18,11,20,11,11,25,11,11,24,11,19,36,18
16,37,27,35,60,45,60,27,60,21,27,15,23,29,16,27,20,11,22,37,20,26,33,16,22,24,16,23,26,21,25,28,21,26,30,26,29,19,17,19,23,18,21,29,29,20,20,23,15,23,11,16,36,46,26,19,17,16,51,59,62,18,16,16,14,21,16,28,27,24,37,35,33,35,22,23,12,15,11,17,19,17,71,73,81,12,11,13,20,14,11,22,13,13,18,17,17,25,15,20,28,24,24,21,20,21,36,31,31,26,34,23,11,11,11,30,36,20,18,25,14,22,25,16,21,23,18,15,15,11,11,14,14,19,18,19,12,18,11,16,18,18,32,36,29,32,25,24,16,23,11,22,19,15,19,21,11,20,20,25,20,17,15,11,12,11,11,18,11,16,17,19,21,29,20,27,29,13,25,27,19,36,35,23,19,19,11,19,23,22,18,22,16,20,20,11,11,15,11,11,20,11,19,20,12,15,23,11,14,14,14,24,25,18,20,43,29,26,35,26,14,22,15,19,20,15,22,29,15,11,27,11,11,26,11,11,27,11,24,30,13,14,19,11,11,18,11,17,28,18,28,39,25,49,53,21,13,24,11,11,21,11,12,22,11,14,29,11,94,101,92,16,24,11,19,31,20,11,21,11,11,26,13,16,27,11,18,38,17
16.25,35,26,32,57,51,57,21,62,22,25,14,22,29,16,26,22,11,21,35,20,24,25,18,20,17,13,17,25,21,25,25,19,23,27,20,28,23,13,23,25,12,24,32,31,24,19,25,14,19,11,13,35,46,29,15,16,15,53,61,59,18,15,19,14,13,14,20,26,19,34,38,29,30,24,20,14,16,11,19,20,20,68,68,74,11,11,12,21,12,11,16,15,11,22,18,21,23,15,18,22,25,15,20,19,16,27,29,24,21,38,21,11,11,11,31,36,16,18,22,15,18,22,13,20,25,18,14,11,11,12,16,11,16,17,14,18,20,15,17,18,14,31,31,29,31,29,28,14,21,11,17,21,15,18,20,11,17,17,21,21,16,18,11,13,11,11,15,11,14,17,16,17,33,16,23,30,11,23,28,20,32,39,21,18,20,11,15,20,17,12,20,11,16,17,11,11,16,11,14,20,12,20,18,11,15,17,11,11,14,11,21,22,12,21,45,33,23,39,20,14,25,15,20,19,12,17,26,14,14,23,12,14,27,11,11,27,11,25,31,13,14,15,11,11,20,11,16,29,18,24,35,24,46,48,19,12,24,11,11,23,11,11,23,11,14,29,14,94,102,94,16,19,11,19,29,18,11,21,11,11,29,12,13,24,11,16,39,15
16.5,35,34,34,55,47,61,24,50,22,24,14,23,26,18,25,25,11,27,39,16,27,28,15,22,20,15,20,24,18,24,21,20,23,27,25,28,18,15,20,18,14,22,29,24,19,20,17,16,26,11,20,34,36,28,20,14,17,53,55,65,15,16,16,16,11,13,20,31,18,40,37,35,32,27,24,15,12,12,15,20,14,69,67,81,11,11,12,19,12,12,22,13,17,22,11,23,21,15,17,24,26,20,19,23,20,28,31,25,23,36,25,11,11,11,30,38,20,19,24,16,21,25,20,19,16,18,15,11,13,13,14,14,16,17,15,12,32,11,17,17,17,27,31,30,28,31,27,16,17,11,16,18,15,22,18,12,16,24,23,19,18,16,11,11,11,11,11,13,21,19,16,18,31,17,26,30,11,26,27,22,33,32,20,19,16,11,20,22,25,14,13,14,22,17,11,11,11,11,14,11,11,21,20,16,16,18,12,12,16,11,23,28,14,22,40,31,28,39,23,12,22,11,15,22,11,21,24,20,14,26,12,15,28,17,15,31,15,28,28,13,13,21,11,11,19,11,19,29,20,26,38,27,46,58,20,11,23,11,11,12,11,11,21,11,15,26,13,91,108,92,15,20,11,19,33,17,11,14,11,11,27,11,13,20,13,21,33,21
16.75,34,33,32,60,50,63,24,66,23,21,13,25,29,15,28,18,11,23,38,20,28,31,19,27,23,15,24,22,25,24,22,21,25,28,28,32,20,16,22,23,16,24,26,34,21,19,25,13,22,15,18,32,52,28,19,17,16,57,60,65,19,21,19,20,22,18,22,28,25,37,39,37,28,22,20,14,16,11,16,19,16,68,71,82,11,11,11,18,11,12,23,18,16,26,17,25,25,16,20,26,26,21,18,19,13,29,27,28,23,34,22,11,11,11,32,41,21,21,22,15,20,23,14,20,25,17,12,12,11,16,14,17,17,16,17,11,19,11,17,21,18,26,32,32,22,27,21,16,19,11,18,21,16,21,17,15,18,23,21,22,14,19,11,15,11,11,16,14,15,17,20,14,31,15,30,29,15,29,27,22,34,39,21,22,21,11,19,23,20,12,16,16,23,23,15,11,16,11,11,21,11,16,20,13,15,23,11,11,16,14,21,22,16,21,47,29,25,40,25,15,28,15,18,24,12,19,26,16,11,28,11,12,23,11,11,30,12,23,32,13,15,17,11,11,15,11,18,32,17,26,35,29,44,57,22,12,26,11,11,25,11,11,18,12,11,25,11,89,103,92,19,26,11,24,34,23,11,16,11,16,29,14,11,28,11,18,38,17
17,36,30,34,57,46,60,27,69,25,29,17,26,30,14,27,23,11,23,41,21,31,31,18,21,21,11,22,22,21,23,26,21,26,29,27,32,22,17,22,26,19,26,25,39,20,18,22,17,17,11,12,42,45,32,23,19,15,55,66,59,20,17,20,18,24,18,26,22,20,40,39,31,32,23,21,14,14,13,19,21,17,72,69,82,11,11,11,23,12,14,21,18,17,24,15,21,25,18,22,25,26,21,19,20,22,33,30,30,27,35,24,11,11,11,40,46,25,18,23,16,22,26,17,24,25,16,16,12,11,14,17,17,15,16,14,14,20,14,16,18,15,32,34,30,30,30,24,17,19,11,15,16,11,21,17,11,17,22,20,22,18,19,11,14,12,11,14,12,15,17,18,17,35,18,29,32,14,25,33,21,33,35,21,19,19,11,19,19,22,19,18,15,23,21,11,11,15,11,12,24,11,18,21,11,12,24,13,13,17,13,21,25,15,23,46,34,28,41,23,16,27,14,20,19,14,19,31,16,11,28,11,12,27,12,15,28,13,24,33,14,11,17,11,11,22,12,19,31,22,26,39,25,47,52,24,11,27,11,11,25,11,11,22,11,16,30,16,91,102,89,13,21,11,18,28,20,11,17,11,13,32,13,15,25,14,22,37,18
17.25,34,30,32,60,49,60,29,68,27,29,12,28,33,19,27,24,11,24,39,21,27,33,20,23,19,16,20,29,22,25,27,21,27,29,25,29,21,15,20,23,17,26,30,32,24,21,24,12,20,11,17,42,48,30,19,18,16,49,63,60,20,18,18,19,17,15,24,32,19,40,39,39,36,26,26,14,17,12,20,20,15,69,74,78,11,11,11,22,14,14,21,15,15,22,19,21,25,16,23,26,33,23,18,18,15,32,27,24,25,36,24,11,11,11,33,39,24,22,26,20,21,20,16,20,26,14,17,16,15,16,16,17,19,15,15,16,20,11,13,18,12,30,36,29,30,27,24,19,19,12,16,21,15,24,19,16,20,23,25,25,19,19,12,15,11,12,19,13,15,18,18,17,34,17,25,30,12,29,30,21,36,39,22,18,21,11,18,18,21,21,21,14,26,23,14,11,16,11,14,22,12,15,20,11,13,22,11,16,19,12,18,27,13,23,46,33,25,40,22,16,22,14,17,25,13,22,28,17,12,25,11,16,24,13,16,31,14,26,35,17,13,16,11,11,17,11,16,35,18,26,40,26,49,55,21,11,28,11,11,24,11,11,21,11,16,28,11,93,101,94,18,23,11,26,30,25,11,22,11,12,26,14,15,30,12,16,33,17
17.5,36,31,31,60,49,60,26,68,21,26,13,26,34,20,30,19,11,21,34,22,29,30,18,24,17,13,18,25,23,26,26,19,22,28,25,27,20,13,22,25,21,26,34,32,23,18,28,16,22,11,17,37,45,27,20,21,14,55,60,60,17,18,16,17,19,15,26,25,25,38,43,35,31,23,24,14,16,13,16,21,17,72,73,85,11,11,11,23,14,15,21,15,14,23,20,23,23,20,21,26,28,23,18,21,19,32,27,28,26,36,28,11,11,11,35,40,26,25,23,18,23,22,18,22,27,20,18,11,11,11,14,16,17,16,15,16,22,16,15,17,19,34,38,31,28,26,28,19,22,13,18,19,16,24,22,15,15,25,22,23,23,19,11,15,11,16,17,16,17,16,19,23,32,17,29,35,13,28,29,23,35,40,22,20,23,11,20,22,25,19,22,15,24,22,12,11,18,11,14,24,12,19,19,16,16,24,15,11,18,11,23,26,18,21,47,32,29,41,24,14,23,12,17,22,16,23,32,21,12,30,11,19,27,17,14,29,13,28,33,12,16,17,12,11,22,11,19,31,20,25,39,24,49,55,27,11,32,11,11,27,11,13,25,13,18,26,13,90,105,94,16,20,12,23,27,24,11,16,11,11,28,11,12,30,11,18,36,18
17.75,33,29,33,58,50,57,27,67,26,27,14,27,30,18,28,23,11,26,43,19,28,32,18,23,23,14,24,23,23,25,27,19,28,29,24,28,18,14,19,27,17,27,31,32,24,19,25,14,21,11,16,38,46,33,20,18,14,57,62,64,22,14,18,14,18,12,23,26,23,39,40,36,34,24,25,19,18,16,20,20,15,73,74,78,11,11,12,19,11,11,20,12,12,23,16,21,23,21,20,23,25,18,23,20,19,29,32,25,29,36,27,11,11,11,38,43,23,21,21,17,21,25,16,22,23,14,17,13,12,11,13,12,18,20,17,18,22,12,16,21,17,29,35,29,28,25,24,14,18,11,15,17,14,21,17,11,17,23,25,18,18,18,11,13,11,14,15,15,15,19,16,19,30,15,30,31,18,25,31,21,32,38,23,19,19,11,15,21,20,17,16,12,23,18,11,11,16,11,14,25,11,21,20,13,17,26,13,11,16,11,23,27,19,23,47,35,22,39,20,15,25,12,18,22,16,20,32,16,13,30,11,16,32,12,14,29,14,25,34,12,13,22,11,11,19,11,16,32,16,27,38,27,48,58,23,11,24,11,11,23,11,11,22,11,13,30,11,91,102,96,17,24,12,20,30,20,11,23,11,11,27,11,12,28,11,17,40,16
18,34,28,32,57,50,59,26,69,23,28,12,28,30,18,28,20,14,26,40,25,28,31,18,24,20,13,22,27,17,28,24,22,25,28,29,27,22,16,23,25,16,27,29,34,23,15,23,14,20,11,21,42,44,31,20,21,16,56,62,62,17,20,18,14,19,13,22,28,24,40,40,36,30,25,23,11,17,12,16,19,17,69,69,78,11,11,11,17,14,11,21,18,14,22,20,23,21,22,20,24,31,21,18,25,17,31,31,27,25,40,25,11,12,11,35,43,22,21,21,20,21,29,20,23,27,17,19,14,13,13,18,15,19,21,16,13,18,14,16,20,13,28,34,28,32,32,29,15,22,12,16,22,14,20,18,14,20,22,28,22,18,23,15,15,11,11,14,16,20,19,21,22,35,17,32,33,14,25,34,22,35,38,28,19,22,11,20,19,22,20,20,14,22,23,13,11,18,11,11,29,11,18,15,15,20,24,15,14,18,11,24,24,17,25,49,34,27,40,25,18,22,13,18,20,13,22,30,17,11,28,11,18,29,13,14,27,14,28,32,18,15,21,11,11,16,11,17,29,21,29,44,28,49,56,22,11,25,11,11,23,11,12,24,11,15,26,13,89,106,95,17,22,11,19,30,22,11,18,11,11,28,12,11,23,11,21,37,17
18.25,34,30,32,62,52,57,27,70,22,28,13,27,31,15,26,23,12,23,40,21,26,35,20,24,18,11,20,24,25,27,26,24,23,32,23,29,21,18,21,23,17,27,32,33,23,19,21,13,23,11,18,41,48,32,20,16,14,56,65,59,21,18,19,18,19,16,21,24,19,40,40,36,37,23,26,13,16,11,21,18,21,74,70,83,11,11,11,16,11,11,25,17,18,26,17,23,24,20,21,27,27,24,22,22,20,34,29,26,29,36,28,11,11,11,38,43,25,23,21,16,24,23,16,24,26,19,17,12,15,11,14,12,17,16,16,15,20,17,18,22,18,32,37,30,32,30,24,17,18,11,17,15,11,23,21,11,19,25,23,24,19,22,15,12,11,12,16,12,17,16,18,22,32,18,32,37,15,29,27,23,35,36,26,23,22,11,18,18,20,19,15,12,23,19,12,16,16,11,17,23,12,22,19,14,16,19,11,15,19,13,22,27,16,21,45,34,29,36,26,14,27,11,20,24,11,22,34,16,12,31,11,14,30,14,17,28,13,24,34,11,16,21,11,11,19,11,17,31,21,27,38,24,52,55,25,11,25,11,11,25,11,12,24,11,12,27,13,92,108,88,14,20,11,22,33,20,11,22,11,13,23,11,15,27,13,23,39,23
18.5,37,30,36,57,51,59,27,69,27,25,16,28,30,18,27,22,11,24,39,23,26,36,21,21,18,11,22,25,17,24,26,23,26,27,25,28,22,12,21,25,15,24,32,34,24,16,27,15,22,12,20,38,44,31,18,23,15,52,62,63,22,15,24,12,21,16,21,30,20,40,39,38,36,24,30,15,16,11,18,17,14,67,71,79,11,11,11,23,12,14,25,15,16,22,17,22,26,18,24,30,24,23,21,22,21,32,31,27,24,36,25,11,13,11,36,43,25,19,24,16,25,23,17,23,32,19,19,16,15,11,18,11,15,21,13,16,16,13,22,19,19,31,35,30,33,30,30,15,20,11,21,20,14,22,21,11,22,24,26,19,17,19,11,13,11,11,16,17,22,17,21,22,33,16,29,31,11,27,30,25,33,37,22,21,23,11,14,22,18,17,17,13,27,20,13,11,17,11,11,21,11,24,22,20,18,17,12,11,16,14,19,27,14,25,50,34,27,44,28,18,23,13,15,21,11,23,35,17,11,28,11,13,27,13,12,26,12,28,33,17,11,16,11,11,18,11,18,30,20,26,42,29,52,57,23,16,33,11,11,27,11,14,24,13,21,21,17,87,102,93,16,16,14,17,29,20,11,18,11,12,25,13,14,28,11,19,40,19
18.75,35,28,31,61,51,59,29,66,27,25,12,31,34,16,30,23,11,29,43,21,33,36,18,24,21,17,17,22,21,25,27,21,27,27,28,29,22,14,21,24,21,24,32,35,27,20,23,17,23,11,22,42,45,36,18,23,13,55,63,62,20,17,19,15,21,16,24,32,21,41,42,38,33,25,27,15,13,11,23,18,20,68,67,79,11,11,12,21,11,13,19,18,18,24,20,22,21,16,21,27,31,17,20,23,20,32,31,29,28,38,26,11,13,11,39,45,24,19,23,17,25,26,17,23,31,18,15,16,13,15,12,15,19,19,18,19,18,13,20,20,15,29,33,24,30,28,24,22,24,11,20,17,16,24,20,11,16,23,21,25,18,20,12,14,11,11,18,14,18,19,20,20,34,17,30,32,17,27,32,26,33,41,25,20,25,11,18,23,22,16,16,13,29,20,19,11,15,11,17,26,13,21,21,13,15,20,14,11,16,11,23,28,15,26,47,33,28,38,25,15,23,11,16,26,12,23,32,23,11,29,11,12,26,13,15,37,14,29,31,16,17,18,11,11,13,11,20,31,24,29,40,32,46,55,23,12,25,11,11,25,11,14,27,11,20,29,16,91,106,95,17,23,11,21,25,18,11,13,11,11,26,12,15,28,16,18,38,18
19,37,31,36,60,48,58,27,66,23,28,14,30,31,18,31,22,11,28,44,23,32,33,18,20,22,13,23,22,23,22,30,21,27,28,24,28,19,16,20,23,20,26,32,38,24,23,21,16,25,11,19,41,44,32,18,15,17,53,61,62,19,18,19,12,19,19,22,27,23,41,46,39,36,23,26,11,15,11,21,19,19,70,72,75,11,11,11,21,12,11,22,14,14,21,16,17,24,20,20,27,27,24,19,19,19,33,29,27,27,37,26,11,16,11,38,46,26,21,23,15,20,30,17,21,30,15,15,12,11,12,15,13,16,20,16,13,18,13,16,17,15,25,38,29,31,31,29,19,19,12,15,18,11,20,20,11,19,23,25,26,16,20,13,16,11,11,17,11,20,17,20,21,36,21,29,36,15,28,30,22,33,41,26,22,24,11,16,22,19,19,19,14,21,21,11,11,15,11,13,26,12,19,20,14,17,18,17,14,17,11,24,30,17,22,49,34,26,42,26,17,24,11,21,23,14,24,32,18,15,28,11,13,25,11,15,28,12,28,35,15,16,19,12,11,21,11,21,28,22,28,43,29,53,54,27,12,23,11,11,27,11,18,27,11,16,27,11,93,103,91,16,23,11,25,29,25,11,18,11,12,28,14,15,30,16,20,38,19
19.25,35,28,35,61,50,57,29,69,25,27,16,25,33,22,32,22,11,26,48,23,31,31,20,17,19,11,20,24,22,26,25,23,24,28,24,28,19,16,19,25,13,23,32,35,23,20,25,12,23,11,19,42,49,35,19,19,16,58,65,60,19,17,18,16,20,18,25,29,22,47,39,39,34,23,24,16,16,12,19,21,16,67,74,76,12,11,13,20,11,11,26,11,19,21,20,20,22,18,21,25,31,23,20,25,18,34,30,30,24,42,23,11,11,11,39,50,27,21,24,17,22,27,16,23,34,19,12,13,11,15,19,15,16,22,15,16,23,13,15,20,15,31,36,31,33,28,29,15,19,11,19,23,14,25,21,11,22,24,26,28,18,20,11,13,11,11,14,12,15,20,18,27,37,19,30,38,13,33,30,26,35,36,24,23,22,11,22,23,23,15,20,13,23,19,11,11,18,11,18,26,11,22,19,14,18,22,12,12,17,11,24,28,18,26,50,36,27,38,22,19,22,11,19,20,16,24,26,17,13,30,11,17,31,14,11,30,11,29,34,18,17,17,11,11,18,11,22,35,22,28,41,29,53,53,26,11,26,11,11,24,11,15,21,16,17,28,15,91,104,97,17,25,11,20,31,21,11,21,11,11,27,14,15,28,13,20,38,19
19.5,31,32,31,58,50,57,30,69,26,30,14,26,33,16,30,21,12,22,43,26,29,37,20,22,19,11,22,27,21,29,28,21,24,27,28,30,19,14,19,26,17,25,35,35,28,20,25,12,22,14,18,43,49,34,21,19,13,54,63,63,18,18,16,14,16,18,22,28,20,44,42,41,32,23,25,13,15,11,20,22,18,69,72,78,12,11,12,21,14,13,23,14,18,25,15,26,24,19,21,22,32,21,21,22,20,32,30,30,30,41,32,11,12,11,40,50,26,21,21,21,23,28,18,22,34,19,15,14,11,16,12,16,19,18,17,18,22,15,17,17,16,28,32,28,30,28,27,17,22,11,18,20,16,26,23,14,17,20,23,27,20,23,11,14,11,11,16,13,15,20,20,26,33,22,32,40,17,29,31,25,36,39,25,20,23,11,17,20,19,16,18,14,24,19,11,11,17,11,13,26,11,21,19,14,13,19,11,11,19,11,21,27,14,22,48,37,31,39,27,16,24,11,17,24,13,22,28,17,11,28,11,20,29,16,16,30,16,25,36,15,17,15,11,11,18,11,17,31,22,27,38,27,52,62,26,12,26,11,11,25,11,11,23,11,15,28,18,94,104,93,14,25,11,23,31,23,11,21,11,16,30,15,11,22,12,20,32,19
19.75,40,28,34,55,55,59,29,71,27,25,11,25,32,18,28,24,11,29,41,22,29,34,18,20,20,13,26,25,18,25,28,23,26,30,24,25,19,15,21,25,15,23,38,34,26,16,24,14,21,11,17,44,49,30,20,19,16,59,65,61,20,15,18,15,21,17,20,26,18,42,42,35,36,22,27,15,18,11,18,17,16,67,70,78,11,11,11,23,13,13,25,16,15,29,17,27,25,17,18,27,23,23,22,19,18,33,30,32,26,43,27,11,11,11,43,48,20,18,19,18,28,26,18,22,28,16,15,15,13,15,15,12,15,17,15,20,19,17,20,17,16,31,35,31,30,30,26,17,21,11,20,22,19,23,22,11,21,25,26,23,19,18,12,13,11,13,18,13,17,21,20,25,35,17,33,34,11,33,31,25,36,40,24,17,22,11,16,20,16,23,18,20,24,15,11,11,17,11,17,28,17,23,16,16,18,22,11,11,15,11,20,26,14,25,48,36,32,46,28,16,27,15,22,24,14,22,35,17,11,28,11,16,29,16,11,28,13,28,36,11,16,21,12,11,23,11,16,32,21,27,46,26,52,60,25,13,28,11,11,24,11,13,23,11,13,25,13,90,102,95,16,16,11,20,32,17,11,18,11,11,26,14,11,28,11,19,41,18
20,39,34,36,63,51,56,34,72,24,28,13,26,34,20,32,26,15,27,44,23,31,38,22,28,21,12,24,25,21,24,25,22,22,26,28,30,22,16,25,22,18,26,38,41,28,20,25,18,23,11,22,40,53,30,18,15,14,61,66,64,20,12,18,14,24,16,24,27,20,49,45,40,32,26,31,17,20,15,24,21,19,74,73,82,11,11,12,23,12,15,23,17,17,24,19,22,26,22,25,29,30,22,23,22,23,33,30,28,31,40,31,11,11,12,40,49,24,20,25,18,28,29,21,25,30,19,17,12,15,15,18,18,17,19,14,17,21,16,19,21,18,34,34,33,34,32,33,19,20,13,16,19,13,26,21,11,22,28,27,27,18,24,13,12,12,11,16,17,18,22,21,26,38,19,35,36,19,31,34,28,36,38,26,19,25,11,18,23,20,18,24,12,26,24,12,12,19,11,18,29,13,22,21,15,18,23,14,11,21,11,27,24,21,26,51,38,27,47,30,18,25,15,19,20,16,24,31,19,14,33,11,16,33,19,16,31,18,27,34,15,15,21,11,11,26,11,23,31,28,31,41,32,54,60,27,11,25,11,11,29,11,11,25,11,12,31,15,94,105,90,16,26,11,27,31,25,11,18,11,11,25,12,12,28,13,19,46,19
20.25,33,28,33,60,59,61,33,72,24,26,15,26,31,19,35,25,11,32,46,25,38,33,20,27,21,14,27,23,25,28,23,22,24,26,27,29,22,17,22,25,19,27,40,44,29,17,24,14,23,13,22,44,51,38,19,17,21,56,64,64,18,18,20,15,22,20,21,31,19,46,45,40,32,26,27,12,20,11,20,27,21,73,74,80,13,11,17,21,16,12,22,18,19,21,22,23,24,17,22,29,31,25,24,20,21,34,32,30,29,44,34,11,11,11,40,53,28,21,20,17,24,33,19,27,31,20,15,13,12,13,19,15,18,19,20,18,21,14,17,16,21,33,36,34,35,31,30,17,20,12,19,21,19,25,22,12,16,26,28,26,27,22,13,13,11,11,16,14,23,18,22,24,38,24,31,34,17,33,31,27,37,42,26,28,27,11,20,20,22,17,22,13,24,23,11,11,21,13,15,28,12,21,20,18,17,28,13,14,16,14,25,24,17,28,49,42,30,43,28,19,26,13,22,24,14,25,34,19,12,34,11,17,31,17,17,35,16,30,35,20,13,19,11,11,19,11,17,33,22,27,42,31,56,63,30,17,25,11,11,28,11,14,26,13,13,31,15,95,105,96,16,27,13,22,34,22,12,21,11,11,28,14,11,30,11,22,37,21
20.5,37,32,34,55,51,54,31,70,29,27,11,28,34,17,35,17,11,25,44,23,30,35,18,25,20,14,23,27,21,31,25,24,26,29,26,31,22,15,21,24,19,26,35,40,27,23,24,19,25,12,19,40,49,36,21,17,17,55,59,63,14,18,17,14,16,19,23,28,25,49,45,41,32,26,21,16,21,15,22,21,22,70,72,81,11,11,11,22,15,15,22,17,18,19,22,23,21,18,21,31,33,25,21,23,22,33,30,27,30,43,30,11,11,13,38,53,28,19,24,20,24,28,15,24,34,20,16,15,12,13,17,16,20,19,17,20,19,18,19,21,19,31,39,30,35,31,31,16,21,12,19,19,16,22,24,14,20,27,29,28,23,22,11,17,11,11,18,11,19,19,20,27,42,23,33,35,15,29,31,26,33,42,29,25,26,11,16,16,20,16,20,13,23,21,13,13,20,12,15,25,13,20,22,16,21,24,13,13,18,14,27,28,19,22,48,38,28,42,31,16,25,17,16,23,11,23,30,17,11,29,11,14,28,13,13,30,14,27,38,20,13,17,11,11,21,11,21,33,25,27,42,32,54,61,25,14,23,11,11,27,11,12,23,14,19,30,17,91,105,92,11,20,11,22,29,27,11,19,11,12,30,16,14,29,15,19,40,21
20.75,34,31,32,57,52,52,33,73,29,26,18,28,37,23,34,21,11,26,46,24,32,36,23,28,20,18,24,27,21,28,27,24,30,33,25,31,20,16,26,24,15,26,32,41,25,20,22,15,23,11,18,42,47,38,20,18,19,54,66,56,18,20,20,16,22,15,24,29,21,45,46,40,32,25,29,13,18,13,26,22,23,66,70,79,11,11,12,24,12,15,20,17,18,24,19,23,26,20,22,28,32,25,22,20,20,32,32,30,29,39,31,11,11,11,44,56,33,22,22,17,21,32,15,23,33,20,21,16,12,15,14,17,20,22,20,19,23,19,21,22,20,29,36,28,30,29,30,15,19,11,20,22,12,22,23,11,19,26,26,28,17,22,11,15,11,11,12,11,19,25,22,21,40,20,33,34,16,33,32,26,37,44,29,26,23,11,17,20,20,16,17,12,28,20,14,11,20,11,13,24,12,24,17,17,16,20,17,13,20,17,25,26,20,29,47,39,30,45,30,14,25,14,19,22,14,26,32,20,14,28,11,16,32,15,12,33,11,31,35,18,16,19,11,11,22,11,21,35,26,29,42,30,54,62,27,11,28,11,11,24,11,13,24,13,14,28,14,92,105,91,20,20,11,25,31,25,11,22,11,11,26,14,14,30,12,22,44,22
21,36,30,34,63,52,55,31,72,23,29,15,24,32,22,31,22,11,25,49,28,28,36,15,24,23,15,23,27,18,23,26,21,28,32,26,31,23,14,21,26,18,24,36,39,26,23,22,15,26,13,20,46,49,35,21,16,17,63,63,63,17,16,14,18,20,20,27,29,20,46,44,36,31,25,20,19,19,11,22,20,18,76,72,83,11,11,12,23,13,12,22,19,18,23,19,21,26,21,20,30,32,22,23,21,20,35,28,27,30,45,28,12,11,11,50,53,29,24,23,19,30,31,20,27,32,19,19,13,11,18,13,13,18,17,17,19,21,15,21,15,21,30,29,26,35,29,26,15,23,11,23,20,14,19,20,11,25,26,28,27,17,15,14,11,11,12,15,14,20,19,19,27,40,21,38,35,19,36,31,24,39,43,23,24,25,11,24,22,23,21,16,14,25,23,11,11,17,11,18,27,12,22,22,13,19,21,14,13,16,12,29,28,19,28,47,35,28,42,24,17,28,13,23,21,18,26,29,19,12,31,11,18,29,17,17,27,12,30,32,15,18,18,11,11,19,11,27,32,25,29,39,26,56,57,24,13,27,11,11,24,11,14,25,12,18,27,15,92,102,95,18,21,12,27,31,25,12,20,11,14,30,11,19,22,14,21,32,18
21.25,36,28,34,60,49,57,32,71,26,28,12,31,37,23,36,22,11,27,45,31,37,38,18,30,24,14,25,26,22,26,26,16,26,29,26,29,20,13,21,28,19,27,38,41,26,20,25,17,24,11,20,45,53,35,19,19,13,55,65,59,24,18,24,15,17,13,22,30,19,48,48,41,29,24,27,17,21,14,27,24,23,74,73,78,11,11,13,22,19,18,23,14,16,23,18,20,27,14,22,31,31,22,20,23,16,35,30,26,31,42,35,11,13,11,44,57,32,19,24,15,25,28,14,30,35,24,16,11,11,14,13,13,20,19,19,19,23,17,18,23,15,29,38,32,35,33,33,16,20,11,20,21,16,26,24,12,26,29,29,29,18,21,12,16,11,11,17,11,19,20,18,29,38,22,35,40,15,34,35,28,31,36,25,26,25,11,16,21,23,16,15,12,29,24,14,14,21,12,11,20,11,19,20,15,13,26,12,11,19,13,25,27,20,29,46,36,32,43,29,13,26,15,22,23,16,20,34,18,15,30,14,19,32,18,15,36,18,31,30,17,14,18,11,11,20,11,19,36,24,30,46,31,56,60,28,15,27,11,11,28,11,12,27,11,20,33,17,87,107,92,16,25,11,26,31,27,11,18,11,11,28,11,13,31,14,21,39,20
21.5,39,33,33,64,53,63,30,73,20,27,14,31,37,23,37,24,11,29,49,25,35,36,20,24,24,14,24,24,21,25,27,23,26,30,28,26,20,17,22,25,17,27,41,44,27,21,23,17,25,11,23,45,52,38,20,20,16,56,64,60,21,19,22,19,21,19,27,29,22,49,50,40,35,28,26,14,18,13,25,26,22,75,70,81,11,11,11,23,13,17,23,16,16,20,20,20,23,19,22,32,34,24,17,22,20,32,32,30,31,46,32,11,14,11,46,54,29,24,24,18,29,31,21,27,29,21,18,13,11,13,12,16,19,20,19,15,23,15,18,17,16,29,37,31,35,30,27,19,20,11,20,19,16,24,25,12,25,28,32,26,23,23,15,17,12,11,13,11,16,23,20,32,40,26,37,38,17,35,32,30,38,40,25,24,28,11,20,21,21,19,19,14,32,23,17,14,20,12,16,29,17,21,21,16,21,22,16,14,18,15,26,26,21,26,51,38,30,45,26,18,25,15,21,23,16,23,33,17,13,31,13,19,31,21,17,31,17,31,38,17,19,18,14,11,18,11,20,36,26,32,40,32,60,62,26,12,34,11,11,29,11,11,26,11,15,26,14,97,103,97,17,22,12,24,27,26,11,23,11,12,23,14,16,30,17,22,38,20
21.75,38,29,32,66,53,61,34,70,23,34,16,26,39,26,33,24,11,28,49,27,32,40,20,30,23,16,25,27,21,26,28,20,27,32,23,31,24,15,22,25,16,27,45,38,31,23,23,16,26,11,20,48,51,39,22,14,16,57,65,61,23,14,17,21,18,18,31,27,19,52,46,40,36,25,27,20,17,12,22,22,22,72,73,82,11,11,11,21,18,13,26,15,16,24,21,23,25,16,26,31,32,24,22,23,21,36,26,34,38,46,33,11,13,11,51,55,29,26,22,18,28,37,18,30,34,23,18,13,14,13,14,14,20,20,17,18,22,14,20,21,17,30,36,27,37,35,32,21,21,11,20,21,13,21,27,11,25,26,29,32,19,24,15,15,11,11,17,11,18,20,19,30,41,22,32,42,17,37,35,31,38,41,26,26,27,11,22,23,23,22,19,16,29,23,12,15,18,11,18,30,11,26,25,16,20,21,13,12,20,11,25,28,18,27,50,39,35,48,31,18,26,14,20,25,13,24,31,19,19,32,13,21,35,18,17,33,17,33,34,17,16,22,11,11,22,11,22,31,23,31,41,31,62,63,29,15,29,11,11,32,11,11,23,11,21,30,14,98,103,95,19,19,11,25,31,25,11,22,11,11,29,15,16,30,16,22,42,24
22,32,32,32,57,51,58,33,76,23,27,14,27,40,23,37,21,13,25,49,31,33,38,21,29,18,13,24,24,20,29,26,21,27,24,25,27,22,15,25,27,17,29,37,44,28,18,24,17,23,11,22,47,50,37,19,17,18,57,64,61,21,19,23,18,19,23,24,33,21,43,50,40,32,27,27,17,18,11,22,23,21,73,72,82,11,11,11,19,15,15,24,16,19,23,20,23,26,16,25,30,35,23,27,21,21,30,32,31,31,46,32,11,13,11,47,58,33,19,24,17,29,30,19,27,37,21,16,17,12,17,16,15,15,19,14,23,26,21,19,21,18,28,34,32,37,34,36,21,22,13,19,22,16,27,20,13,23,28,32,27,26,24,13,13,12,11,16,15,17,21,19,27,43,23,35,42,17,32,40,29,34,42,26,26,27,11,17,20,24,18,21,16,27,27,17,13,18,12,15,29,15,22,22,17,14,25,14,13,18,15,23,27,13,26,49,41,30,42,28,19,23,13,21,28,15,25,37,19,13,31,13,24,32,19,15,33,18,27,35,17,14,23,11,11,23,11,23,35,25,29,42,30,59,65,26,12,26,11,11,30,11,11,26,13,13,27,16,91,109,97,16,24,11,26,30,26,11,18,11,14,24,17,14,32,14,22,38,20
22.25,38,33,37,65,53,59,31,70,24,28,14,27,39,25,34,21,11,26,51,32,34,39,18,28,23,13,27,26,21,27,26,20,25,27,25,32,23,16,25,27,19,27,38,44,27,23,23,22,24,13,20,49,53,39,21,16,15,57,63,60,19,17,17,12,21,15,22,27,23,46,48,40,33,24,29,12,16,11,26,25,20,75,74,80,11,11,13,23,13,13,24,18,17,24,17,23,26,18,23,36,35,26,19,19,19,32,30,29,33,46,36,11,11,11,53,57,34,26,22,18,31,32,20,29,36,21,20,13,12,14,15,14,18,21,17,17,21,15,19,19,18,32,33,31,36,33,32,20,19,11,21,19,16,28,24,12,25,26,29,30,20,21,16,16,11,14,12,16,20,17,21,32,41,24,36,40,17,34,33,24,35,41,25,27,30,11,22,19,23,21,19,16,27,22,12,13,21,12,18,30,15,23,18,15,14,17,12,13,18,11,27,28,16,27,49,40,29,48,27,15,25,11,23,25,14,26,33,21,17,30,11,22,32,17,18,35,17,30,31,19,16,21,11,11,19,11,22,37,24,30,46,30,59,65,33,14,31,11,11,30,11,12,23,11,15,26,15,94,107,96,18,21,11,27,31,24,11,15,11,11,25,14,16,23,15,23,38,22
22.5,32,30,32,62,58,58,32,78,26,28,14,30,35,22,35,24,12,24,51,27,35,36,23,28,19,16,24,23,20,25,22,20,24,28,28,31,20,19,23,25,16,25,37,42,28,18,24,15,25,11,23,47,53,35,16,17,14,56,70,59,22,18,19,13,24,19,23,25,21,47,50,37,34,25,23,22,23,19,23,20,22,72,71,78,11,11,11,23,18,15,23,16,21,23,23,23,24,21,23,29,34,25,18,20,20,33,32,32,33,42,35,11,11,11,51,60,32,23,23,21,30,35,20,28,41,22,16,16,13,13,17,16,17,21,16,16,15,19,18,20,19,31,35,35,36,35,32,18,20,11,18,18,16,27,22,13,22,25,28,27,21,23,13,18,14,11,12,11,16,17,20,28,43,22,35,42,20,33,33,25,38,40,26,24,30,11,22,22,27,17,24,15,30,25,17,16,22,15,13,29,12,21,23,16,16,21,15,13,18,11,22,28,19,28,49,41,32,44,27,18,27,17,19,23,13,22,35,19,15,33,12,21,35,18,17,31,13,32,31,20,17,20,11,11,23,11,17,34,24,32,44,30,60,68,29,15,33,11,11,26,11,14,26,12,19,24,13,96,107,93,16,23,12,23,29,25,13,22,11,11,28,14,11,27,13,21,40,23
22.75,36,31,32,66,50,59,34,76,26,29,15,26,38,24,34,25,11,24,50,31,34,40,20,32,24,14,26,27,20,27,31,20,26,28,27,25,23,15,23,27,19,26,45,45,28,20,19,12,26,14,20,51,52,35,22,14,15,60,66,64,23,16,21,21,18,14,20,28,19,49,50,38,33,24,25,16,16,13,25,24,19,74,73,78,11,11,11,23,16,14,27,13,20,27,19,21,25,17,19,38,32,26,19,22,17,33,33,30,36,44,30,13,16,11,52,57,30,22,22,13,33,32,24,33,35,20,19,12,11,11,13,11,18,17,13,18,21,15,19,19,15,30,34,30,41,33,35,20,20,13,19,23,16,26,19,11,29,27,29,30,18,27,14,13,11,13,15,12,21,19,17,32,40,25,39,38,19,35,34,26,36,41,25,27,28,11,21,25,22,18,20,11,30,25,13,15,19,11,17,29,11,25,18,16,17,21,11,13,20,11,23,24,18,30,49,41,27,45,30,21,27,14,21,24,15,25,28,18,19,30,12,19,33,15,19,34,16,30,35,16,17,20,11,11,20,11,23,35,24,33,46,30,62,65,30,16,26,11,11,27,11,15,22,12,16,29,14,94,103,95,22,23,12,25,27,25,11,18,11,13,30,14,14,28,12,29,36,22
23,37,29,40,63,52,58,33,77,26,29,16,30,38,25,36,17,11,24,51,32,35,35,23,28,20,15,25,22,18,28,25,20,25,25,26,30,19,14,22,24,17,22,40,42,30,15,20,16,23,11,19,49,52,39,23,16,17,55,67,59,20,15,23,18,17,19,20,26,19,47,46,37,33,21,28,15,16,11,24,23,22,68,74,78,11,11,11,19,12,18,23,15,18,22,22,20,23,17,22,30,37,23,18,19,19,34,32,30,32,46,35,11,11,11,53,62,36,21,22,15,30,35,21,30,37,21,19,14,12,11,13,15,15,14,16,16,17,16,18,23,19,30,33,27,38,33,36,14,22,11,16,16,11,26,25,14,25,24,34,27,21,23,16,14,11,11,17,14,15,19,18,29,45,23,33,39,18,33,33,31,33,44,25,26,25,11,17,18,22,16,17,13,28,28,14,14,20,11,17,26,11,20,22,12,15,20,11,12,16,12,20,25,16,25,50,38,34,46,31,14,25,11,19,24,14,21,31,14,14,32,12,21,38,23,18,27,19,28,36,14,16,23,11,11,26,11,18,33,24,29,44,33,60,66,30,11,32,11,11,31,11,11,24,11,15,25,14,93,103,91,15,24,11,25,27,25,11,21,11,13,28,12,14,28,14,21,37,17
23.25,36,29,35,66,52,57,38,76,26,26,13,28,41,27,34,24,13,28,53,28,33,39,22,29,21,16,24,28,22,26,27,21,29,29,24,31,22,16,21,27,15,25,40,43,31,19,25,13,26,11,19,50,54,39,16,17,12,56,68,58,23,15,22,14,20,18,25,28,21,52,48,42,33,25,26,14,20,11,19,22,20,71,73,82,12,11,11,22,13,15,20,15,16,23,18,25,27,16,25,33,37,26,22,19,18,39,24,32,31,47,31,11,11,11,48,61,33,25,19,23,31,36,19,31,36,22,15,14,11,13,11,15,18,17,13,16,19,15,19,19,18,32,32,29,34,34,33,16,25,11,20,23,16,23,25,15,23,27,27,26,22,26,11,13,11,11,15,11,20,20,20,33,39,27,36,42,18,34,35,26,38,40,23,25,30,11,20,20,23,19,19,17,31,21,14,12,19,11,14,24,15,21,20,16,21,21,13,12,16,11,23,25,16,27,49,37,34,46,27,17,23,17,23,23,15,25,35,19,11,36,11,23,37,19,19,34,15,32,39,17,17,24,11,13,23,11,19,35,23,29,46,30,59,64,29,11,28,11,11,25,11,11,25,11,20,30,16,96,107,94,15,24,11,24,31,22,13,22,11,13,27,16,16,29,13,23,37,21
23.5,37,29,35,70,51,58,38,76,27,28,14,30,41,23,36,18,11,23,53,35,30,37,24,29,21,14,23,23,18,28,29,23,25,26,27,24,20,16,17,31,12,25,45,45,30,21,22,17,26,11,17,53,56,43,18,16,12,61,67,61,17,16,20,12,22,15,28,30,24,54,49,45,35,29,28,18,18,17,26,25,23,74,75,78,11,11,12,23,15,14,27,18,22,27,16,23,26,17,22,34,36,25,20,19,20,35,32,33,37,41,34,12,12,11,53,59,35,23,22,17,35,31,21,30,33,25,20,16,14,17,14,16,19,20,17,21,20,18,14,17,16,32,35,29,39,32,37,20,24,11,22,24,18,26,25,11,29,28,31,31,21,26,18,17,11,16,19,19,22,22,18,31,42,22,36,42,20,39,31,28,41,38,29,28,28,13,22,22,23,18,18,14,30,28,16,15,21,11,16,32,14,26,20,17,18,19,14,16,22,14,26,28,22,32,49,41,31,43,33,18,29,15,25,22,16,27,30,21,15,34,12,22,35,17,18,29,14,31,35,18,19,21,11,12,22,11,23,37,23,35,45,31,62,66,29,11,33,11,11,34,11,17,23,13,15,31,16,93,108,95,18,17,11,26,26,26,11,23,11,15,23,15,20,28,18,21,36,20
23.75,39,30,34,65,57,58,40,81,23,26,16,24,43,26,35,19,11,23,54,31,29,42,23,29,21,12,25,26,25,28,26,20,25,30,24,29,20,18,22,22,18,22,41,49,27,22,20,20,23,11,17,52,54,37,18,20,11,60,64,62,23,14,20,13,23,14,23,26,19,52,50,41,34,23,24,19,20,16,28,27,26,75,75,78,12,11,11,21,11,16,23,16,16,22,18,24,26,16,23,39,34,28,21,19,19,33,29,28,37,44,33,12,11,11,55,63,36,22,26,20,31,35,21,33,36,21,16,14,11,13,15,16,21,18,19,20,15,14,17,18,17,33,36,31,37,39,28,19,23,11,20,18,16,25,20,11,21,30,28,32,24,24,12,15,11,11,16,13,19,21,18,34,43,23,38,40,20,36,39,27,40,41,25,26,27,11,22,21,23,19,19,17,32,27,12,14,19,13,20,31,19,22,20,16,20,22,14,16,16,14,27,24,19,25,46,37,35,47,31,19,26,17,20,21,11,24,33,19,13,32,11,24,33,20,22,28,21,29,36,13,19,22,11,11,26,11,21,34,22,34,52,32,61,69,29,14,33,11,11,26,11,11,23,11,19,30,18,92,103,95,14,21,11,24,31,28,12,22,11,13,25,14,19,24,14,20,39,20
24,37,30,35,64,50,59,39,80,30,25,17,25,42,29,37,21,11,27,53,31,38,39,22,30,20,14,26,26,19,25,28,22,22,27,25,26,22,17,23,29,17,26,44,50,35,20,21,15,25,16,18,48,54,43,24,18,19,56,72,62,24,19,21,17,24,14,25,26,24,52,49,46,33,24,28,19,19,13,26,24,22,73,75,80,14,11,11,22,12,14,26,17,19,26,18,24,25,21,23,35,38,28,21,20,17,34,29,33,30,42,31,11,11,11,55,63,37,24,21,20,32,35,23,28,36,21,16,18,13,15,16,18,20,20,20,19,15,17,18,20,17,29,32,32,40,32,33,15,20,11,24,23,17,30,25,13,24,28,30,29,18,25,13,15,11,11,18,15,20,23,21,31,48,28,37,40,20,33,37,26,39,36,25,31,32,13,18,22,21,16,21,13,33,26,15,16,20,14,19,30,15,25,19,16,17,21,11,13,23,11,25,24,19,30,53,38,32,47,32,16,24,18,24,23,16,29,36,21,20,36,14,22,35,17,21,32,20,30,39,19,19,25,13,11,25,11,22,32,25,35,45,33,63,68,29,13,27,11,11,30,11,11,23,11,21,31,16,95,104,92,15,24,11,27,32,26,11,23,11,17,32,15,13,28,12,21,41,19
24.25,37,29,33,66,54,58,39,82,28,25,12,28,41,28,34,21,11,26,55,36,36,38,23,30,18,14,17,27,19,28,29,19,27,31,26,28,20,15,18,27,14,25,42,45,31,21,23,19,23,12,19,45,55,39,20,17,16,61,68,63,21,18,25,21,23,18,20,27,21,50,51,43,35,23,27,19,21,14,28,23,28,68,74,76,11,11,11,24,12,17,23,19,22,27,22,23,26,15,20,36,37,24,22,20,16,37,29,32,36,44,33,11,11,11,51,64,36,26,19,18,32,37,25,36,40,23,18,14,11,14,14,13,18,16,17,20,22,19,17,17,15,34,35,34,39,35,33,18,19,13,23,20,18,28,26,12,28,31,30,30,20,28,16,18,13,15,16,13,21,20,21,35,42,25,39,42,22,37,37,26,34,44,24,29,34,11,20,20,24,23,22,18,32,27,15,15,21,12,17,27,13,22,24,16,15,21,15,11,19,12,24,26,16,29,54,38,34,48,29,20,25,18,20,24,13,24,36,18,16,35,11,22,37,22,16,30,15,30,38,16,22,26,14,11,27,11,22,35,23,32,48,29,63,68,32,15,32,11,11,33,11,14,23,12,20,32,14,91,108,96,18,25,11,29,26,27,11,21,11,14,23,16,22,29,14,23,39,24
24.5,41,27,34,63,50,60,39,79,23,26,16,28,46,24,36,22,11,27,58,27,37,39,23,32,26,15,22,28,18,23,27,22,28,30,26,27,18,17,20,24,21,23,45,48,29,16,19,16,25,11,20,48,52,39,22,15,18,56,67,61,18,17,18,14,17,13,26,28,23,55,52,45,34,25,24,19,20,18,26,27,23,76,76,82,11,11,14,20,13,13,26,15,20,24,20,25,24,19,20,38,38,28,21,21,21,34,30,31,36,42,30,11,11,11,56,65,33,20,22,17,33,36,22,33,38,23,15,12,13,11,17,12,18,17,15,18,20,15,18,20,16,34,37,31,36,37,31,17,24,11,22,19,16,27,26,16,26,32,28,29,23,29,15,14,11,11,17,11,20,21,19,36,45,28,40,45,21,34,34,30,41,38,28,33,28,13,22,22,19,21,22,15,33,23,18,16,22,12,16,28,17,23,20,14,18,20,14,14,22,13,27,25,19,30,48,41,31,46,27,15,26,15,20,22,15,25,33,23,17,37,16,21,40,22,21,31,20,32,33,19,19,22,11,11,24,11,22,34,24,38,49,37,62,71,34,15,29,11,11,28,11,12,21,11,18,26,16,95,106,95,19,23,13,28,30,29,11,19,11,12,24,16,16,28,13,26,41,23
24.75,35,29,37,65,52,59,39,79,28,28,14,28,41,27,35,22,13,26,58,32,39,41,22,32,21,13,25,26,20,29,32,22,27,27,26,27,22,12,19,26,13,22,43,48,31,20,25,16,25,11,21,52,54,45,25,17,15,59,66,63,25,17,22,20,21,16,22,27,17,56,49,42,29,22,22,19,15,13,25,27,22,75,74,79,11,11,11,21,14,15,23,17,19,25,22,24,25,15,21,38,36,27,24,23,19,32,31,29,33,44,36,11,11,11,57,65,36,20,19,16,33,40,23,31,37,19,19,14,13,17,14,17,17,18,17,22,17,18,17,19,13,28,35,32,40,39,31,17,21,12,19,16,15,29,25,15,28,31,30,35,20,28,18,15,12,12,12,16,19,18,18,35,46,24,36,41,19,37,36,29,39,33,28,32,32,12,20,25,24,21,19,14,31,27,16,17,21,15,17,30,13,24,19,16,17,18,12,14,18,12,24,25,16,29,52,43,31,46,32,14,25,15,26,20,16,27,36,21,17,32,13,23,34,20,22,29,17,34,35,17,20,22,11,11,25,11,21,35,23,33,48,31,64,68,29,15,28,11,11,29,11,12,21,12,21,25,20,95,107,98,14,21,11,28,28,25,11,20,11,15,28,15,15,32,14,25,38,23
25,37,32,31,61,53,61,40,82,27,30,12,26,47,27,37,22,11,28,56,38,36,37,20,26,25,14,25,27,18,21,28,23,27,30,24,27,20,17,21,25,18,25,49,51,30,17,23,14,23,13,21,50,53,41,18,22,16,57,66,62,19,13,20,16,21,15,24,26,20,51,54,41,32,24,26,21,19,13,25,26,21,75,76,81,11,11,11,23,13,18,23,16,16,23,18,20,25,20,19,38,43,30,22,18,22,32,32,30,36,48,32,11,11,11,58,65,36,23,22,21,36,39,26,37,42,22,20,16,12,16,13,14,17,15,16,17,19,13,22,22,16,31,36,32,42,38,32,17,23,13,22,18,16,24,22,12,25,35,33,32,25,27,18,20,11,13,17,16,15,20,19,37,41,24,42,45,24,35,36,27,38,42,27,24,29,12,19,23,17,19,20,16,28,28,13,15,21,12,16,31,19,26,23,18,16,19,18,11,17,11,24,29,19,27,52,37,29,46,28,16,24,14,19,19,15,28,33,23,18,33,14,22,36,22,23,31,21,32,35,19,22,20,13,11,23,11,22,33,21,34,47,31,70,71,35,14,31,11,11,32,11,11,23,12,13,28,16,94,104,93,16,24,11,29,28,23,11,20,11,15,29,14,14,29,14,24,40,21
25.25,35,31,31,64,54,61,39,77,29,26,14,27,46,28,38,22,11,25,57,36,41,44,26,30,27,12,28,29,22,29,30,22,29,27,26,27,21,17,24,24,18,26,45,49,30,17,18,18,25,12,17,55,51,40,22,20,17,63,69,61,25,15,21,18,23,23,25,27,20,53,54,43,33,24,25,18,23,17,25,24,20,72,76,80,13,11,11,21,19,17,26,19,22,26,19,27,22,21,22,38,41,27,24,23,24,35,31,31,37,47,37,11,13,11,60,69,41,18,23,16,32,39,24,38,38,25,21,17,15,18,19,19,16,17,16,18,21,16,17,24,17,33,37,34,41,37,41,20,24,15,21,21,17,21,24,11,27,31,33,31,26,26,18,17,13,11,16,11,21,21,22,36,49,30,41,44,21,36,39,31,38,36,27,26,34,12,17,22,22,19,22,16,37,28,15,16,19,12,21,30,18,24,18,17,19,24,11,12,22,11,25,33,21,30,52,41,32,44,29,18,27,15,20,26,15,29,33,24,15,33,15,22,35,19,23,30,23,33,38,20,22,20,11,15,26,14,21,34,23,34,48,36,67,72,33,20,30,11,11,32,11,11,24,11,21,26,20,93,111,95,19,23,11,24,30,22,12,20,11,13,29,14,16,31,18,24,41,21
25.5,36,29,33,64,52,57,40,82,25,29,12,27,42,27,36,21,11,24,58,39,38,38,25,27,22,13,20,30,19,27,30,23,25,27,27,27,22,16,23,28,14,28,48,47,36,20,22,15,27,11,20,53,57,41,20,17,11,61,71,62,29,17,25,19,21,23,25,24,23,59,55,43,31,29,28,18,21,14,27,24,24,76,74,79,11,11,11,23,11,18,27,18,22,27,21,26,28,15,24,41,37,28,24,23,24,37,34,32,41,43,33,11,11,11,61,70,38,22,22,20,36,41,26,39,39,24,23,14,13,18,17,19,21,17,19,18,19,17,20,19,19,33,33,30,43,38,35,16,21,11,22,18,16,25,22,11,28,28,30,31,23,26,17,20,14,14,18,13,22,20,22,37,44,30,41,47,26,38,36,34,40,39,25,33,32,12,19,20,22,19,17,15,34,28,14,17,22,12,19,30,14,24,19,19,21,20,16,18,23,14,25,30,20,30,52,40,34,48,29,21,23,17,23,24,13,29,32,23,18,32,14,24,35,19,22,27,17,32,37,19,20,21,11,15,28,13,25,32,26,38,55,32,68,72,32,13,29,11,11,30,11,13,21,11,16,31,18,98,107,98,18,21,11,28,29,26,12,19,11,16,30,17,17,26,15,28,41,23
25.75,37,28,33,65,51,56,40,79,24,22,15,24,44,31,36,21,11,25,57,37,36,36,23,27,20,16,20,26,21,24,32,20,29,29,26,27,20,22,20,24,19,24,44,46,33,17,20,17,23,11,18,49,54,40,18,15,15,59,71,58,22,18,18,18,22,17,23,26,18,57,54,45,32,25,26,20,18,15,24,25,19,74,76,78,11,11,11,21,13,15,24,17,17,25,17,23,24,17,23,37,40,24,24,21,24,39,32,27,38,43,32,11,11,11,57,67,35,21,22,15,36,38,24,37,39,25,18,15,12,12,15,12,20,16,22,20,19,20,17,18,16,31,38,27,41,37,35,17,20,12,19,18,16,26,22,12,28,31,30,32,22,26,18,14,14,13,14,16,17,17,19,36,45,28,40,46,21,37,36,31,36,36,29,34,32,16,19,22,18,16,18,13,35,26,14,15,19,13,19,25,18,23,19,14,16,22,11,14,20,11,26,24,22,31,55,38,34,42,28,21,25,16,21,22,13,25,31,19,17,31,11,23,37,19,22,30,19,29,35,14,20,22,13,12,23,11,21,33,21,39,48,35,68,75,37,16,27,11,11,30,11,11,18,11,21,26,16,90,109,96,16,22,11,31,33,22,14,21,11,12,25,13,16,25,18,23,43,21
26,33,30,34,62,56,58,42,83,29,23,14,27,45,28,42,21,11,27,56,37,35,40,19,31,26,13,28,25,22,26,30,23,26,25,22,28,21,13,20,24,15,23,48,52,36,18,20,14,21,11,20,53,57,43,22,18,18,59,70,65,21,13,18,18,24,17,22,30,22,56,53,43,29,24,23,20,19,15,24,22,22,71,71,79,11,11,11,18,13,14,20,15,15,25,18,22,24,18,19,37,43,29,25,21,21,32,31,28,34,48,36,11,11,11,60,68,41,21,20,16,37,38,27,37,45,22,20,12,14,13,14,14,18,15,15,15,16,15,18,18,19,31,38,30,39,40,35,19,19,11,18,17,13,24,22,13,27,30,28,31,22,26,15,14,12,11,13,13,19,19,17,37,49,29,34,43,19,38,37,30,40,39,28,28,35,11,20,23,24,20,24,19,33,30,14,16,19,14,15,34,17,21,14,16,19,17,16,12,20,12,23,23,18,31,52,41,32,46,33,21,22,16,23,25,15,24,31,22,15,37,12,27,35,20,24,31,18,34,37,17,20,21,11,11,21,11,20,32,21,34,51,34,67,73,33,14,31,11,11,30,11,12,23,11,15,26,15,95,107,95,11,21,11,23,27,24,11,22,11,14,24,13,13,30,15,21,38,22
26.25,42,32,31,63,56,59,47,83,27,31,11,25,43,29,33,24,11,27,60,34,38,45,24,32,23,16,25,31,21,25,28,24,26,29,24,27,18,17,19,23,12,22,49,54,34,16,21,15,26,17,19,50,56,39,18,13,15,57,69,61,22,19,19,18,23,20,27,28,23,55,53,45,33,25,24,19,17,17,23,24,18,73,73,78,11,11,12,17,17,18,23,15,15,22,20,23,22,18,18,39,45,26,22,23,22,38,34,31,41,47,37,11,12,11,59,74,41,21,23,21,30,38,21,37,43,25,17,20,12,17,13,17,21,19,18,19,20,17,22,20,19,27,33,33,43,40,34,15,17,13,21,20,17,21,18,11,26,32,32,33,24,24,14,17,11,11,12,12,19,17,17,39,47,29,42,43,19,37,35,28,39,37,25,28,27,14,16,20,21,14,17,14,37,27,18,15,20,11,14,33,17,20,20,13,19,18,18,15,18,14,24,27,19,33,54,38,36,46,31,19,24,18,26,25,16,28,32,22,15,33,13,24,39,22,19,36,14,30,37,17,18,22,15,15,26,12,22,34,23,36,48,31,65,74,35,11,33,11,11,33,11,11,22,11,17,23,19,96,107,92,13,27,11,30,27,28,11,22,11,13,29,13,14,32,14,23,38,20
26.5,44,28,35,62,59,61,47,86,30,35,15,30,49,30,41,23,12,23,61,39,40,46,24,32,21,11,25,34,16,29,30,24,30,32,24,30,20,16,22,22,15,24,53,51,39,19,20,19,26,12,22,54,56,41,18,16,18,57,68,59,22,15,18,18,25,22,25,24,21,60,54,47,29,24,24,18,19,15,26,27,18,71,78,82,11,11,11,21,12,18,27,19,22,24,18,24,23,16,24,41,39,32,24,23,24,38,31,30,40,49,39,11,14,11,62,74,38,19,23,18,31,41,22,42,43,26,18,15,14,18,17,14,18,15,14,21,17,19,26,22,21,27,33,30,44,36,34,17,24,11,16,20,17,20,21,11,27,33,34,33,24,28,12,16,13,11,18,15,21,20,22,39,51,30,43,45,21,38,34,30,35,33,24,31,31,14,17,19,21,14,23,15,37,31,18,14,21,12,18,32,15,22,14,17,19,20,16,16,20,14,25,27,18,36,54,40,35,44,32,15,26,19,25,27,14,26,36,27,13,38,11,26,38,20,18,32,19,31,34,17,21,22,11,15,27,11,24,32,24,32,53,31,70,76,32,11,32,11,11,35,11,14,22,13,15,31,15,93,108,98,14,23,12,29,30,26,14,21,11,15,26,12,20,28,19,27,41,23
26.75,36,30,29,66,57,58,44,87,29,31,12,28,49,28,41,23,11,23,62,39,39,41,24,29,23,14,26,26,19,23,31,22,24,30,26,25,22,16,20,25,17,25,52,59,38,19,24,20,25,11,22,55,62,44,24,17,14,63,67,63,21,16,19,18,21,15,27,25,22,61,55,44,32,24,25,20,22,15,27,28,20,76,75,83,12,11,11,23,16,17,24,21,18,23,17,26,26,15,24,47,42,31,26,20,24,35,34,29,39,50,38,14,11,11,64,73,43,21,24,17,38,44,24,40,40,25,16,11,11,13,15,12,20,18,14,19,14,17,19,17,16,33,30,31,47,37,37,18,23,11,19,16,17,29,24,13,30,32,30,34,22,26,19,15,11,14,17,13,19,22,17,37,48,31,43,43,24,43,38,32,40,43,30,32,34,13,19,23,19,21,19,18,39,30,17,18,22,11,21,29,18,21,20,14,19,19,15,13,20,11,25,26,16,32,52,41,37,47,32,17,21,13,23,21,15,29,30,21,17,34,12,27,39,25,24,28,19,32,33,18,24,26,13,11,20,11,21,33,20,34,52,32,73,79,35,13,33,11,11,33,11,12,24,11,21,29,18,96,106,95,20,22,14,29,29,26,14,22,11,17,25,14,19,29,12,23,40,23
27,35,31,33,66,51,60,44,86,30,24,14,25,50,32,41,23,12,27,62,44,44,48,24,31,25,16,25,32,16,28,29,21,25,28,22,25,19,16,16,27,19,25,52,55,36,20,21,17,25,11,20,56,59,46,18,13,16,60,64,61,21,21,22,19,13,20,27,23,23,61,57,50,32,23,26,18,18,15,29,23,24,73,79,80,11,11,11,23,11,20,28,16,22,24,17,27,24,18,20,45,44,29,22,21,21,37,32,32,40,47,36,11,11,11,66,76,47,18,27,15,37,44,29,38,35,29,21,13,11,15,15,17,18,20,17,20,15,16,23,16,21,28,33,29,44,43,40,17,15,11,22,17,17,22,20,12,29,37,30,32,20,28,16,13,13,11,11,13,19,21,23,36,52,27,45,49,21,35,36,30,38,43,27,34,35,14,21,23,24,17,16,18,37,28,17,20,20,19,18,25,13,21,20,13,18,24,14,14,22,13,25,26,19,35,53,43,38,43,31,21,25,18,25,26,15,25,31,21,18,34,11,30,41,25,22,31,21,33,37,14,21,27,11,14,33,11,22,30,23,37,54,36,73,76,31,12,28,11,11,22,11,17,22,12,19,28,16,92,114,95,20,23,15,28,33,27,13,23,11,16,25,16,18,26,14,20,40,22
27.25,32,28,28,66,54,59,44,89,33,27,12,28,49,32,40,21,11,22,61,36,41,40,25,31,20,11,22,24,18,25,28,20,24,27,25,24,20,14,22,23,15,22,51,57,37,17,21,13,26,14,22,54,58,45,18,18,15,58,71,61,16,14,20,21,19,20,21,28,20,55,56,44,26,22,24,18,16,11,27,26,24,76,78,83,11,11,11,23,18,18,25,12,16,26,20,22,21,15,18,42,47,29,20,21,20,32,30,32,37,51,39,11,11,11,67,74,46,22,21,17,41,42,28,36,41,26,19,14,14,14,12,15,16,17,17,15,16,19,17,19,18,32,34,30,44,38,34,19,22,11,21,20,18,24,20,16,31,35,34,36,22,29,19,20,14,11,16,11,19,22,19,42,52,27,38,46,20,41,40,29,35,38,25,32,32,12,17,25,22,18,24,13,36,28,19,14,21,14,23,29,19,24,16,16,15,22,17,12,17,12,24,25,19,26,53,41,33,45,30,16,22,15,20,26,18,23,37,19,19,35,12,28,39,20,22,32,18,29,36,16,21,21,11,11,26,11,20,29,20,35,52,36,74,76,35,15,26,11,11,31,11,11,25,11,18,23,17,94,107,93,19,18,13,23,30,23,11,18,11,14,29,16,18,26,13,26,41,23
27.5,39,28,34,66,53,59,48,88,31,28,16,30,48,34,42,20,11,26,61,44,43,39,25,31,24,14,25,27,19,26,29,27,31,33,26,27,20,16,21,24,18,23,52,57,37,16,22,15,24,12,19,58,63,48,18,16,14,63,69,65,25,20,23,20,19,17,21,28,22,60,60,44,31,25,23,18,20,15,23,31,24,72,75,77,13,11,11,24,15,19,22,18,19,23,20,23,23,18,21,45,45,32,24,21,19,37,31,32,38,50,39,11,14,11,65,76,41,23,22,18,39,44,25,41,47,32,19,18,15,17,14,16,20,19,17,16,21,18,19,13,19,28,36,30,43,41,37,16,23,12,19,23,17,30,19,16,28,29,32,32,24,29,14,18,11,11,16,12,21,24,23,42,50,34,41,46,23,41,38,31,37,40,26,31,36,13,21,19,22,21,20,17,37,33,20,16,22,16,15,32,17,22,22,15,17,19,15,14,19,14,25,27,21,30,52,43,33,51,29,18,22,16,20,27,13,27,35,26,16,37,14,30,39,25,25,32,23,29,39,20,21,22,11,13,28,11,21,31,21,37,53,34,72,79,36,15,29,11,11,36,11,14,21,11,18,32,19,94,106,93,19,24,13,26,34,25,11,23,11,12,27,16,14,29,17,26,36,26
27.75,36,30,32,65,52,59,44,89,28,26,15,26,52,34,42,20,11,26,66,40,45,41,20,31,26,12,24,24,16,22,27,20,24,30,23,28,19,18,20,28,16,23,54,53,41,22,22,18,26,12,21,59,63,45,22,17,17,59,71,61,22,14,19,21,21,21,28,22,20,61,58,48,33,23,24,19,17,12,30,24,26,72,75,73,12,11,13,20,13,13,23,15,20,24,23,25,23,14,20,44,47,32,23,20,20,35,31,27,41,50,37,12,11,11,66,78,45,21,19,20,37,44,27,40,40,29,19,18,11,15,12,14,15,16,18,18,17,15,18,16,17,33,34,29,44,40,37,21,22,12,19,17,11,27,21,16,29,37,34,34,23,30,16,15,11,13,19,12,22,18,22,41,54,31,39,46,20,39,38,29,38,39,26,35,31,16,22,22,21,18,22,14,36,29,16,17,23,16,17,33,15,21,19,14,18,18,11,14,20,11,24,21,19,30,53,39,36,47,28,17,18,15,18,23,11,28,36,23,22,36,12,29,40,21,23,32,20,29,35,17,22,27,11,13,29,11,24,36,23,36,55,31,77,78,34,15,28,11,11,31,11,11,20,11,22,28,14,96,107,93,16,21,11,26,29,24,11,23,11,12,25,14,16,26,14,23,42,22
28,36,33,34,67,54,63,47,90,28,27,12,29,49,33,43,23,11,27,63,45,41,41,23,26,20,11,27,25,15,26,28,23,28,22,21,25,17,16,16,25,18,26,50,56,38,19,22,16,27,13,20,55,61,46,21,13,13,60,72,63,18,16,17,15,24,15,23,26,24,62,55,46,31,22,26,20,21,13,31,28,27,73,79,78,11,11,11,26,11,19,20,18,18,27,20,24,26,15,24,46,49,33,22,18,20,36,32,32,38,54,40,11,12,11,66,75,43,23,21,19,35,43,26,43,44,35,17,14,13,14,15,16,15,16,16,15,21,18,20,19,21,33,33,34,45,38,37,16,24,11,18,21,15,26,21,15,26,30,31,33,22,30,15,14,11,12,15,11,16,22,14,39,54,33,44,49,26,40,38,30,37,42,28,29,35,14,20,23,24,20,18,15,38,33,23,18,18,12,21,31,17,20,20,11,19,19,17,14,21,11,23,24,16,30,54,41,33,49,30,16,23,15,28,25,17,24,32,22,18,38,11,21,39,25,21,32,17,32,37,16,26,26,12,15,29,11,23,32,23,34,52,33,76,77,38,14,30,11,11,38,11,11,22,11,20,31,16,96,107,97,16,23,11,28,27,26,11,19,11,12,26,13,18,31,17,22,40,20
28.25,36,27,31,67,54,58,48,91,30,29,15,32,56,39,46,23,11,27,66,45,42,39,23,29,26,11,27,28,17,28,30,21,28,27,23,28,22,17,20,25,14,27,52,58,40,20,24,17,26,13,22,56,63,45,19,18,13,61,70,60,21,17,19,21,20,16,24,28,25,60,59,52,30,23,26,22,15,13,29,32,26,77,77,81,11,11,11,25,12,17,23,16,19,22,19,25,26,19,23,47,46,35,23,22,20,37,28,33,41,52,38,13,13,11,68,79,45,23,23,15,39,43,29,41,44,28,20,17,11,15,15,11,19,19,18,18,22,16,23,17,19,35,33,32,48,43,41,18,22,12,18,20,14,26,21,13,32,36,33,35,22,29,19,18,11,13,13,13,21,17,22,42,56,31,41,48,25,43,41,34,34,39,26,34,34,13,23,25,20,20,19,17,43,32,20,15,25,14,19,33,19,23,19,16,20,21,18,15,23,13,24,30,16,30,55,40,36,49,31,17,20,16,23,25,13,27,34,21,18,38,14,27,42,19,21,34,19,33,34,15,21,23,11,14,29,11,19,33,23,40,52,38,75,82,37,13,31,11,11,34,11,11,22,11,17,28,19,95,110,99,19,20,12,29,35,28,11,24,11,12,27,12,17,27,11,24,43,22
28.5,38,33,31,69,54,62,53,94,34,28,15,27,57,36,43,25,11,26,65,47,48,43,23,32,23,15,25,27,22,22,29,22,27,30,26,30,23,16,21,25,20,23,53,62,42,23,21,20,25,11,20,58,65,49,17,17,13,57,73,59,22,16,21,23,20,19,28,28,23,63,63,48,32,24,29,15,17,12,31,34,26,79,80,83,12,11,13,23,16,16,25,17,22,26,16,26,25,15,19,46,54,29,25,20,21,37,33,34,43,54,38,11,13,11,71,82,48,23,21,18,41,45,27,44,47,35,20,19,15,18,16,16,21,19,15,17,20,11,25,19,22,32,37,32,46,44,44,17,21,11,21,19,15,26,22,17,30,33,33,38,29,32,18,19,12,12,17,14,20,22,20,42,56,31,44,51,26,39,39,30,40,38,26,38,35,15,21,24,22,19,20,12,37,36,18,20,25,18,22,31,21,25,22,16,19,19,16,16,18,14,27,21,22,30,58,40,39,49,31,14,23,14,27,27,20,28,35,23,16,36,13,31,41,26,24,33,20,32,33,21,24,26,13,13,30,11,22,36,22,39,53,39,76,83,39,13,33,11,11,34,11,13,20,12,21,27,20,95,103,95,17,22,11,32,33,25,11,20,11,15,28,19,21,28,15,22,39,22
28.75,38,29,35,64,57,60,51,93,28,30,15,29,53,39,46,19,11,24,65,43,45,42,24,32,28,16,27,25,24,27,29,23,29,30,25,30,23,17,21,27,11,27,57,61,38,19,22,16,26,11,23,60,64,49,17,15,16,59,72,62,24,20,21,18,23,15,24,29,24,67,62,53,37,21,27,18,20,17,27,29,25,75,76,82,11,11,11,22,11,15,23,16,20,22,17,24,26,16,22,47,53,33,23,20,21,37,37,33,42,55,42,11,14,11,67,80,47,22,22,20,38,46,31,43,48,29,20,16,13,16,14,15,16,18,15,19,20,15,19,19,15,34,34,31,43,42,39,18,25,13,19,16,18,25,24,16,28,33,34,40,25,33,17,15,11,14,16,14,22,19,20,46,57,34,44,52,26,40,43,32,38,44,28,35,35,16,22,22,23,20,18,15,42,31,21,19,24,18,20,38,15,19,19,16,17,20,13,15,21,14,25,26,22,32,56,43,38,53,31,17,25,18,20,24,13,25,38,21,16,38,12,32,44,26,25,33,22,28,38,17,26,26,15,19,29,12,23,35,23,43,56,37,74,83,40,11,33,11,11,32,11,11,25,11,16,28,12,91,107,93,16,28,11,30,29,27,15,22,11,13,26,16,16,33,11,25,39,21
29,39,29,34,70,55,62,51,90,35,28,13,26,53,38,46,23,13,26,67,48,47,42,25,32,22,17,26,30,21,31,30,22,27,30,23,29,21,14,22,26,16,25,55,64,40,18,19,19,26,13,22,60,59,49,16,17,12,60,70,62,18,17,19,20,25,19,23,23,22,60,63,49,35,26,26,20,18,17,30,28,26,74,80,81,12,11,12,23,15,17,24,12,20,25,20,27,25,18,20,46,48,32,27,22,22,33,33,29,43,53,42,11,11,11,72,84,49,26,22,22,42,47,31,45,49,32,21,17,16,15,15,17,20,22,17,15,23,17,22,19,18,34,35,36,48,43,40,20,23,12,20,21,17,24,19,14,28,34,32,38,23,34,18,20,11,12,16,12,17,21,17,45,59,34,44,55,26,40,39,34,39,40,29,37,36,19,19,27,23,17,18,16,41,33,21,16,23,15,20,33,20,28,19,20,19,20,19,14,23,13,23,29,21,29,54,41,32,43,33,17,21,20,21,25,12,26,35,24,18,38,12,30,46,27,22,32,18,29,36,15,24,24,12,12,29,11,21,34,26,44,56,40,75,82,39,16,29,11,11,29,11,11,18,11,22,28,18,96,113,92,16,22,14,29,33,25,13,21,11,13,30,15,19,32,15,25,42,27
29.25,34,31,33,62,50,59,52,85,28,24,12,23,53,40,47,20,13,25,67,47,42,42,24,33,23,12,22,26,19,25,26,18,24,27,23,31,21,20,19,25,17,22,57,53,39,20,14,16,26,11,23,60,61,49,18,15,17,57,61,59,21,14,20,21,13,21,26,21,23,64,61,49,31,25,25,18,15,14,29,31,25,78,74,84,11,11,11,24,14,16,27,15,20,26,17,27,24,20,17,42,52,31,24,24,20,36,33,33,42,52,41,11,11,11,70,79,48,24,22,17,42,48,30,45,43,32,21,15,11,14,16,14,22,21,21,20,26,14,21,21,20,33,34,31,46,45,39,18,18,11,17,19,15,25,26,15,31,37,33,34,26,31,17,13,11,11,13,11,24,21,24,44,59,34,43,54,24,40,49,33,39,37,26,32,32,15,20,23,22,21,19,13,38,31,17,16,18,13,19,24,19,20,16,15,19,19,13,17,20,14,24,31,19,30,54,39,31,46,29,16,19,13,29,28,17,28,31,23,20,36,18,31,50,25,25,35,19,31,29,18,23,25,11,13,26,11,21,35,25,37,58,34,79,86,40,15,24,11,11,21,11,14,23,11,20,28,18,94,110,90,16,19,13,31,39,25,12,24,11,15,30,17,15,26,17,26,37,26
29.5,33,30,30,65,46,56,51,84,35,28,14,32,56,36,46,22,11,28,63,50,45,39,28,29,25,16,26,23,18,26,29,23,30,25,24,27,23,17,21,23,15,22,53,57,38,18,16,15,28,11,23,56,62,48,18,11,17,59,60,60,21,12,20,19,14,17,21,27,20,62,64,51,36,25,26,18,12,13,32,34,25,75,71,82,11,11,14,23,11,17,26,13,21,26,17,26,22,13,22,45,55,32,18,22,20,37,38,33,37,53,39,11,11,11,70,79,50,20,24,11,40,50,29,49,42,37,20,13,14,16,14,17,19,19,15,14,29,16,16,19,14,31,31,33,49,45,40,17,18,12,19,19,15,26,20,15,31,38,32,34,26,32,12,13,11,11,12,12,19,19,22,43,58,34,43,53,26,38,47,30,38,37,27,35,36,15,19,21,20,20,13,15,39,32,20,16,17,13,20,25,22,19,19,12,15,20,16,14,23,13,21,22,19,31,53,45,32,46,30,17,21,17,21,28,13,26,30,23,20,39,15,29,45,25,19,33,22,32,29,21,30,32,11,11,28,11,22,29,25,39,52,40,78,85,39,14,21,11,11,23,11,11,17,11,17,31,18,96,111,94,19,24,11,28,39,26,11,23,11,12,28,14,16,27,16,24,35,20
29.75,33,28,30,70,56,63,51,97,33,30,16,29,57,40,47,21,12,27,67,50,46,46,23,33,25,11,26,25,19,25,28,25,27,26,25,28,21,12,25,28,21,28,58,67,39,20,21,17,28,12,22,61,65,47,21,19,17,62,73,63,19,17,19,20,25,22,25,25,20,66,62,48,35,21,30,17,22,18,28,33,24,77,80,82,11,11,12,22,17,20,25,17,22,25,19,25,28,15,21,46,48,31,21,20,19,33,31,32,42,54,39,14,11,11,73,86,49,20,24,16,43,49,33,45,46,31,18,17,13,15,14,16,17,17,14,18,17,15,17,21,16,29,35,33,49,43,43,24,24,14,18,19,17,26,24,15,32,33,33,41,23,32,20,19,12,11,13,12,21,21,22,43,54,29,48,51,30,43,41,34,36,37,28,37,38,15,22,24,25,20,24,17,46,37,22,19,24,18,17,39,17,21,16,14,14,19,17,17,24,15,24,27,20,32,56,44,39,48,33,15,26,15,22,26,14,27,38,25,17,39,17,28,46,22,23,33,22,32,36,17,24,27,12,13,29,11,20,32,26,39,56,35,81,83,45,13,34,11,11,28,11,11,23,11,15,28,15,93,107,93,18,19,11,30,34,27,13,24,11,12,24,11,15,32,11,23,42,22
30,35,26,33,65,54,57,48,98,33,26,14,28,52,38,46,21,11,23,70,47,46,41,17,28,23,12,22,28,20,25,29,20,25,27,23,28,16,15,16,25,12,24,54,62,36,21,21,16,25,12,23,60,64,48,23,15,17,56,73,59,20,13,17,16,23,17,23,24,20,65,66,48,35,21,27,16,19,14,31,27,28,71,73,80,11,11,11,22,12,14,25,17,19,21,19,24,22,17,18,47,49,35,22,20,18,36,34,28,40,54,43,11,11,11,70,85,48,16,18,16,38,49,28,48,51,32,23,17,17,12,17,15,16,20,16,17,13,15,18,14,16,31,34,35,47,43,42,18,24,14,23,20,20,24,21,15,32,37,32,30,19,26,15,18,12,13,16,12,19,19,17,44,50,33,44,49,26,42,43,32,34,41,28,38,40,16,22,21,24,23,20,18,41,33,23,19,24,18,17,32,18,22,17,16,17,20,13,12,18,11,19,23,20,34,57,43,34,49,29,18,21,12,24,23,16,29,31,25,17,40,11,28,42,23,19,34,18,29,32,18,24,28,14,13,28,11,17,32,20,39,53,36,75,85,39,16,32,11,11,34,11,11,24,11,17,31,16,93,108,92,14,21,11,30,34,27,12,23,11,13,25,15,19,30,13,22,40,21
30.25,36,31,31,67,56,58,54,97,35,22,13,27,48,41,46,25,11,29,70,50,47,41,27,29,19,12,23,27,19,24,30,26,24,30,24,30,21,17,23,24,13,25,60,66,44,15,22,14,23,13,18,57,70,47,16,12,17,59,69,61,21,15,23,18,26,18,22,32,19,63,61,51,29,21,28,17,16,15,33,33,29,76,77,80,11,11,11,20,12,14,20,20,15,23,19,23,26,19,22,49,50,34,23,24,20,35,32,30,42,54,44,11,12,11,70,81,47,21,21,16,38,45,32,43,44,29,21,14,19,17,14,16,23,15,16,13,21,16,21,19,20,29,32,28,43,48,39,19,20,13,17,21,14,26,20,18,28,34,31,35,22,27,11,17,11,12,18,15,21,20,21,46,57,33,46,52,25,42,39,37,34,34,30,37,38,17,19,23,22,19,22,18,39,33,22,17,23,18,21,36,17,20,21,14,16,17,15,17,23,11,28,26,21,35,54,41,36,52,33,21,25,20,23,26,13,31,33,22,20,40,17,30,44,25,20,32,18,30,33,17,22,28,12,16,29,11,20,35,22,41,60,33,77,86,41,16,33,11,11,32,11,14,20,14,17,29,15,93,108,93,18,19,13,32,33,27,13,24,11,11,26,13,15,33,14,24,40,20
30.5,39,29,32,66,54,57,54,96,34,27,18,26,58,41,47,19,11,26,65,47,43,39,24,31,23,13,22,26,15,26,27,22,25,25,27,29,21,17,20,24,19,18,59,66,42,17,19,18,25,11,23,62,65,50,16,15,16,58,73,65,23,16,16,22,22,19,24,29,17,62,65,50,30,27,27,18,11,12,32,31,27,75,76,82,13,11,11,24,14,22,27,15,18,23,22,24,23,13,20,50,54,34,26,23,22,39,31,32,40,53,42,11,11,11,77,84,49,23,22,20,43,47,33,45,48,32,21,18,13,13,15,11,18,21,19,17,14,15,18,22,20,30,34,27,47,47,43,20,21,11,19,22,17,27,21,16,31,33,33,35,27,28,14,17,12,11,15,11,21,23,21,47,59,37,48,53,28,43,46,33,39,42,27,39,38,20,20,19,23,18,20,18,46,36,21,20,24,20,19,37,18,22,20,17,16,17,14,11,22,12,25,24,21,32,58,41,37,49,29,17,20,11,22,20,19,28,36,23,21,40,14,31,49,29,24,32,22,29,32,19,23,29,13,12,27,11,22,33,21,41,59,35,78,82,42,11,35,11,11,35,11,11,23,11,17,22,20,93,109,96,14,24,12,30,30,29,13,20,11,16,28,17,19,28,18,23,41,22
30.75,35,27,28,66,50,62,56,96,34,23,13,24,54,38,50,23,11,27,70,47,46,40,25,29,23,13,26,25,21,23,27,22,26,25,26,24,20,15,24,27,14,24,59,59,44,18,15,21,24,17,22,62,67,53,20,17,17,63,70,65,22,15,17,17,21,11,22,24,19,64,67,51,32,26,24,17,19,14,32,31,24,74,72,78,12,11,13,23,11,19,26,16,18,25,20,29,27,17,18,52,52,34,23,18,21,35,32,27,45,53,43,11,11,11,73,87,49,21,21,19,41,48,33,48,48,32,20,16,11,15,15,16,15,17,16,20,21,19,17,21,18,28,33,29,48,45,38,14,21,16,18,17,16,25,22,13,32,34,33,34,25,28,17,15,13,14,12,12,18,22,23,47,58,32,45,54,27,45,38,33,35,35,26,39,35,17,20,19,26,18,18,17,45,33,21,16,24,14,20,28,20,24,22,20,15,20,13,16,19,15,21,28,17,31,55,41,35,46,32,14,20,13,26,24,15,25,34,26,21,40,15,33,42,28,26,28,24,30,32,16,20,26,11,15,30,11,20,33,22,45,57,39,80,88,43,13,28,11,11,28,11,11,21,11,17,25,17,96,109,94,15,23,11,29,31,30,16,23,11,13,29,15,19,28,15,24,41,24
31,34,25,30,65,54,59,53,100,33,25,16,24,59,39,48,24,11,25,72,52,47,38,24,29,20,11,19,24,19,23,27,23,20,24,20,24,22,16,18,26,17,24,62,64,43,18,19,15,24,15,22,60,65,49,17,17,12,62,71,63,18,13,18,21,24,17,21,22,19,64,64,51,31,23,21,14,17,13,23,31,25,76,75,81,11,11,11,20,13,14,22,15,20,25,22,23,22,16,23,50,53,37,24,23,19,33,30,30,45,58,42,11,12,11,74,85,49,26,21,20,45,50,33,46,54,33,21,12,12,15,12,17,17,15,16,16,19,14,14,20,12,30,32,29,49,47,44,18,19,11,18,13,15,25,20,17,32,31,33,35,22,33,15,16,11,11,15,14,20,20,17,48,62,33,44,51,25,42,42,32,35,41,25,35,38,15,20,21,21,20,17,16,45,36,22,15,26,14,18,36,17,22,19,19,15,20,11,13,20,12,24,27,19,32,57,43,35,50,32,15,24,13,23,22,17,27,34,24,18,38,13,34,46,25,23,33,23,29,33,17,23,29,11,13,30,12,18,29,21,44,57,37,80,86,43,11,33,11,11,29,11,14,23,13,18,28,16,95,109,95,21,17,11,28,29,25,11,20,11,12,24,12,18,31,15,21,42,20
31.25,40,30,31,66,55,58,62,103,37,28,20,26,60,44,48,23,11,24,73,50,46,43,26,30,20,14,25,29,20,28,30,20,25,27,24,23,25,14,25,24,14,28,60,69,44,17,22,14,29,14,27,61,66,49,21,15,18,60,69,60,22,11,20,21,25,18,25,25,17,66,63,54,32,24,22,15,22,11,33,32,27,74,76,80,11,11,11,22,14,19,23,19,19,22,21,24,23,19,18,49,55,37,24,19,21,39,32,32,49,57,45,11,11,11,82,91,52,18,22,19,41,48,31,54,52,37,23,16,15,14,13,12,18,15,18,21,20,17,24,20,20,27,30,31,53,44,45,20,20,17,16,16,15,24,18,19,29,37,32,37,24,28,11,15,11,11,15,13,19,24,23,46,60,36,49,53,29,45,45,39,35,40,30,39,42,19,22,25,23,19,22,17,46,36,21,22,24,19,22,37,20,22,18,19,16,16,13,16,22,12,26,26,21,36,59,41,41,53,33,18,25,17,27,27,18,26,36,23,22,38,18,32,49,25,24,25,23,29,34,15,22,29,11,16,32,15,17,34,23,40,59,35,84,87,45,14,32,11,11,36,11,11,23,11,18,29,18,99,107,100,11,27,11,31,31,25,13,26,11,11,26,13,17,28,14,24,42,25
31.5,37,29,36,66,52,61,61,98,39,27,13,30,61,42,51,22,12,28,74,53,52,43,22,33,25,18,29,25,16,29,29,20,27,26,23,27,19,14,21,25,14,24,64,66,46,14,21,16,28,12,24,62,67,54,22,16,19,63,69,62,20,16,19,19,20,16,21,24,23,67,69,58,34,23,27,18,19,14,29,33,25,75,79,81,11,11,14,24,16,18,27,16,22,25,18,23,21,13,19,49,51,36,24,20,22,34,29,37,47,54,44,11,12,11,82,87,53,20,24,13,44,52,31,51,52,37,20,15,14,17,17,16,16,16,13,16,16,12,22,20,19,33,35,33,50,46,50,18,19,11,17,21,15,23,23,16,30,35,32,35,23,29,15,14,11,17,16,14,24,21,20,51,60,36,50,57,32,46,44,36,38,35,29,32,41,16,21,22,26,18,19,15,47,33,22,20,22,22,19,33,20,22,21,14,18,18,11,12,21,12,28,26,22,35,55,47,36,50,32,18,23,17,24,26,18,29,32,22,20,42,15,32,51,29,24,31,20,31,33,18,25,30,11,18,34,13,22,30,23,42,59,40,83,89,43,19,29,11,11,30,11,11,19,11,19,29,19,98,108,96,21,22,12,29,33,28,14,26,11,11,30,13,24,28,17,25,42,23
31.75,36,31,35,60,56,57,63,100,35,29,16,29,60,45,48,28,11,28,75,53,52,44,28,34,26,14,26,29,21,29,28,26,26,29,24,25,19,18,21,23,16,25,60,68,45,21,20,17,27,12,22,59,67,50,18,19,16,64,73,63,23,20,21,20,19,18,26,25,22,69,72,54,34,27,25,14,16,12,28,37,25,74,85,83,11,11,13,21,12,18,24,21,19,25,23,27,28,17,24,48,47,35,23,24,22,39,32,34,46,56,41,12,15,11,76,88,50,23,27,20,41,51,32,48,54,38,23,20,16,15,16,11,18,17,16,22,18,21,22,18,21,30,33,28,49,45,45,18,18,11,24,16,17,25,20,14,33,37,32,36,25,34,14,17,11,11,17,12,17,19,19,49,61,37,48,57,31,42,47,35,39,36,26,36,40,17,21,24,22,18,22,15,45,34,23,16,23,17,17,33,21,21,22,17,16,22,11,18,24,13,24,22,22,36,55,44,38,46,36,21,26,17,24,24,18,29,35,26,20,42,19,36,51,29,27,33,26,30,36,20,27,30,14,18,32,12,20,34,25,41,60,37,85,94,44,14,32,11,11,29,11,11,24,11,18,28,20,93,110,93,15,21,11,30,36,27,15,22,11,13,27,12,19,33,18,24,45,24
32,35,30,30,66,52,57,69,103,39,27,13,25,63,45,52,21,11,28,76,55,50,48,30,33,23,15,28,30,18,27,27,23,23,28,23,27,21,17,21,27,16,26,63,70,46,22,24,14,26,17,24,65,65,52,20,19,18,61,72,58,17,16,20,21,21,19,25,27,24,68,65,57,31,20,24,18,21,16,33,33,31,72,80,80,13,11,15,20,16,16,25,20,20,25,20,31,23,15,20,50,54,36,25,23,20,37,26,32,51,55,46,11,14,11,78,91,53,19,20,17,46,52,34,53,55,40,18,17,12,17,14,18,15,17,14,23,17,18,22,20,17,28,34,31,52,45,45,12,27,11,19,18,15,22,22,13,32,38,35,37,26,32,18,19,13,15,18,15,21,21,22,50,63,34,50,54,30,41,46,35,38,42,25,39,43,20,21,23,25,20,20,19,47,40,21,20,27,14,18,33,19,16,16,13,16,17,12,17,19,14,25,27,19,40,60,47,37,53,35,16,25,15,23,25,11,25,34,20,24,42,18,32,49,27,29,32,27,26,33,15,25,27,13,16,30,12,22,34,23,45,62,40,79,90,40,13,34,11,11,32,11,11,23,11,14,30,17,98,111,97,16,27,15,32,37,27,15,23,11,13,25,14,18,29,14,23,41,24
32.25,36,27,31,68,53,61,65,96,38,29,12,26,63,46,54,22,11,26,80,58,53,49,25,38,25,15,28,23,16,23,29,21,24,28,25,27,22,20,22,24,14,26,59,64,44,19,14,17,26,11,25,64,66,56,20,11,17,67,64,65,21,18,20,17,12,15,23,23,22,67,70,53,33,27,27,14,15,14,34,29,26,77,78,82,12,11,12,22,11,15,23,17,17,26,17,26,24,18,20,52,55,36,24,18,23,38,35,33,45,57,48,11,11,11,78,86,55,21,24,16,45,53,34,51,50,37,18,17,13,15,13,17,17,19,16,19,29,14,20,20,13,28,33,32,54,53,48,20,22,11,17,17,13,23,20,17,30,40,30,34,25,29,17,11,12,17,13,18,22,21,20,53,63,35,48,61,28,42,45,34,33,39,27,36,38,23,19,26,21,21,15,13,46,34,25,22,21,19,20,24,20,19,21,16,17,22,17,20,21,12,25,27,19,35,56,47,38,45,32,18,22,18,23,22,14,31,33,25,21,40,17,32,51,27,23,34,23,29,32,17,27,29,12,19,28,13,22,32,18,44,60,39,82,95,46,13,26,11,11,22,11,11,14,11,20,28,22,97,114,96,16,24,15,33,40,29,18,26,11,11,29,11,17,24,16,25,37,23
32.5,33,30,31,62,55,58,65,106,41,27,15,27,61,49,50,23,11,25,73,56,47,43,25,27,20,16,26,28,15,22,29,21,27,31,23,30,23,20,21,22,14,23,60,71,46,17,21,14,23,14,17,63,69,51,20,20,19,56,75,64,18,16,17,22,18,19,27,27,24,66,69,54,32,26,24,13,20,14,29,34,22,78,78,82,11,11,11,24,16,17,20,19,18,25,16,26,28,22,23,53,52,34,26,19,22,36,30,30,49,56,48,11,12,11,77,93,53,21,21,21,44,53,35,52,54,32,20,15,13,14,18,15,17,17,17,19,22,16,18,21,16,28,34,30,49,47,42,14,25,13,20,21,18,26,21,21,33,38,36,35,24,29,15,16,12,11,16,11,21,23,22,53,66,41,49,58,30,47,44,33,38,37,27,36,42,19,20,24,24,17,19,15,48,38,20,20,29,17,19,32,24,20,21,17,18,19,15,17,21,17,24,26,20,37,57,46,35,56,30,19,23,12,23,22,19,27,33,23,22,42,18,36,49,28,26,31,26,28,35,18,23,32,14,23,32,13,18,30,19,45,63,38,76,92,47,13,30,11,11,33,11,11,22,12,15,24,19,98,109,96,14,29,11,32,32,28,17,24,11,12,25,12,18,36,19,29,44,24
32.75,36,26,29,66,51,55,68,102,41,28,13,24,63,45,47,22,11,24,78,58,48,45,27,30,23,14,27,25,19,23,30,21,29,27,21,23,21,11,21,22,17,22,63,71,48,19,18,11,31,11,23,68,68,54,22,11,16,60,70,62,19,18,17,19,18,16,27,22,21,70,65,52,30,23,24,19,15,15,32,34,24,74,75,80,11,11,11,24,14,15,22,15,20,27,19,28,24,14,23,49,59,34,21,19,14,37,30,29,47,58,45,11,11,11,83,92,59,19,19,14,42,49,32,53,46,35,22,20,12,14,14,13,17,18,15,17,19,13,17,18,15,31,29,27,54,53,47,21,22,13,16,16,11,21,20,13,29,34,32,39,22,32,13,17,11,11,12,11,17,23,17,57,65,39,51,60,29,44,43,34,36,34,26,36,39,19,21,23,23,18,19,16,47,38,20,22,25,19,20,31,19,18,17,14,15,17,11,16,22,11,25,21,14,36,60,45,39,48,35,13,21,16,22,21,13,29,31,23,22,40,16,35,49,27,19,27,20,29,38,16,27,27,11,18,30,11,22,31,26,41,61,36,81,88,44,14,30,11,11,29,11,11,23,11,18,23,17,92,107,94,15,23,11,29,32,26,11,24,11,14,27,14,19,27,16,26,39,21
33,34,29,33,66,58,61,69,114,47,26,18,24,64,52,52,17,11,24,77,60,48,45,30,34,23,16,25,24,20,28,30,26,27,26,25,32,22,21,24,23,20,23,64,76,48,18,22,17,29,14,23,61,70,54,19,19,17,64,75,65,22,16,20,21,23,20,28,29,24,68,76,58,29,23,28,18,19,16,32,35,26,76,82,81,11,11,12,22,18,19,24,19,23,23,21,30,23,20,24,54,59,40,20,22,21,36,33,31,49,57,45,11,14,11,81,100,55,21,23,18,38,54,32,52,53,36,22,17,18,14,18,15,19,17,22,17,19,18,26,20,21,30,33,31,53,53,50,20,24,14,20,18,20,27,22,21,34,38,36,35,26,34,15,18,12,11,21,12,21,20,22,53,68,41,51,63,31,42,44,34,36,40,31,39,43,20,20,25,26,20,18,20,47,37,28,16,30,17,18,36,23,18,20,14,19,22,13,11,22,12,24,28,23,34,62,49,36,54,33,15,23,15,24,20,16,28,36,30,19,43,17,36,50,31,24,29,24,31,39,19,23,34,13,19,34,13,19,33,24,45,65,41,84,94,50,14,34,11,11,39,11,12,23,12,14,27,21,95,111,96,17,26,12,33,30,31,15,28,11,12,29,15,20,31,19,25,46,27
33.25,37,29,32,59,55,55,67,111,38,30,16,30,65,48,52,18,11,24,77,60,55,45,23,35,23,17,27,27,19,25,31,28,28,27,27,31,23,18,23,21,17,21,68,71,50,15,20,14,28,16,23,63,69,55,16,18,15,64,74,69,17,19,17,18,22,22,26,27,23,72,67,59,28,25,22,16,19,16,31,34,28,73,81,82,11,11,12,19,17,17,23,18,22,23,23,30,21,20,22,55,57,39,25,19,23,38,30,32,50,61,47,11,14,11,83,98,57,15,25,18,43,54,35,49,58,34,21,20,13,11,18,12,15,17,15,20,21,21,21,19,19,30,31,33,55,50,42,21,25,13,18,23,17,22,23,21,36,38,36,36,28,31,11,16,12,11,17,18,21,20,22,53,64,41,50,56,32,44,47,37,39,43,31,40,46,24,20,22,25,16,17,18,49,42,23,18,32,18,20,39,23,18,21,13,14,21,13,16,28,16,24,29,23,36,61,46,42,53,38,13,23,14,23,26,16,27,39,23,21,43,15,32,54,30,24,35,26,26,34,19,24,27,16,15,35,12,21,33,24,48,62,39,83,93,47,13,31,11,11,35,11,11,26,11,16,30,18,93,107,97,17,23,11,29,32,24,12,23,11,11,26,16,18,29,16,25,43,25
33.5,38,32,35,66,57,60,70,111,47,24,15,29,65,49,55,25,15,27,75,59,53,40,27,38,24,13,29,27,21,28,31,23,31,29,22,30,23,18,23,25,16,28,63,76,50,14,21,18,30,14,25,60,72,57,15,15,18,63,74,70,18,17,18,20,22,21,20,24,19,70,73,54,32,25,29,15,20,17,32,33,27,72,78,79,11,11,16,17,19,20,28,19,23,25,23,28,26,21,23,55,60,44,26,19,21,34,34,32,51,62,53,11,11,11,82,99,60,18,22,17,43,55,36,53,60,41,17,22,14,16,15,15,19,18,18,18,20,18,24,21,21,27,37,28,54,53,48,16,22,11,21,18,20,22,21,20,29,42,38,34,29,35,16,19,12,11,18,14,22,23,22,50,68,38,52,58,31,45,46,40,42,48,27,37,43,23,17,26,22,18,23,19,49,41,26,18,28,19,12,32,19,19,21,18,19,21,15,16,23,13,23,28,22,38,62,44,37,53,34,15,25,16,25,28,19,28,37,28,20,48,16,35,58,31,27,36,26,28,36,21,20,30,14,18,34,14,20,31,22,47,63,43,84,94,49,12,33,11,11,36,11,11,23,14,17,28,21,94,116,95,14,25,15,29,34,28,16,22,11,16,29,23,18,29,17,26,42,25
33.75,39,31,37,68,55,62,74,114,43,28,14,30,62,47,53,21,11,27,80,60,57,48,26,35,25,18,27,26,20,24,30,25,30,31,25,30,21,18,21,26,21,25,69,74,52,18,22,16,30,16,25,66,71,57,19,20,20,60,72,66,24,17,20,20,21,21,22,28,25,69,71,61,30,24,25,14,18,14,36,39,28,80,83,84,11,11,11,23,17,21,27,19,23,24,20,27,26,18,22,52,58,38,25,26,24,40,34,35,51,61,51,11,13,12,82,99,60,22,24,23,40,56,36,57,58,38,21,16,19,15,16,17,19,20,18,20,23,22,22,21,20,27,31,30,53,52,52,19,24,11,23,24,21,21,21,18,36,39,37,40,28,37,17,19,11,12,17,13,18,24,24,54,67,40,54,61,34,43,47,33,37,41,31,43,47,25,21,25,28,20,20,18,53,41,28,24,26,21,16,38,24,19,25,16,19,20,15,16,24,17,23,31,21,35,60,46,40,54,38,17,24,16,24,25,15,27,34,26,22,44,16,35,57,29,25,36,24,33,36,16,28,29,16,18,34,14,18,33,24,45,65,40,86,96,51,11,31,11,11,37,11,11,25,12,19,30,25,94,111,97,15,23,11,34,36,34,11,27,11,15,30,17,19,31,18,22,46,25
34,34,30,36,67,52,60,71,114,43,27,17,25,67,54,54,21,12,27,83,59,51,48,28,35,27,13,25,24,18,26,31,23,27,29,25,28,22,18,22,25,16,24,69,76,49,19,24,16,29,17,24,61,69,51,17,17,11,65,76,63,22,20,24,14,22,17,26,27,19,74,72,58,29,24,27,17,17,14,39,36,30,75,83,77,11,11,11,19,19,19,23,22,20,28,20,32,21,24,18,55,59,38,22,21,24,38,35,33,51,62,47,11,12,11,83,98,59,21,26,19,47,59,38,57,54,38,21,22,13,16,13,18,19,19,18,20,22,19,19,19,20,31,32,33,54,54,49,15,23,11,15,19,15,27,18,19,33,39,34,37,31,31,18,17,16,12,17,12,19,22,20,54,69,44,52,60,28,49,48,38,39,40,26,43,45,26,19,27,24,20,15,16,52,44,26,24,28,19,25,40,23,22,19,16,18,22,13,15,20,15,24,24,21,34,59,48,41,58,35,13,25,14,27,25,19,26,35,24,25,42,15,34,50,32,23,36,26,31,37,19,28,24,14,16,32,17,20,31,23,47,63,41,88,96,51,12,31,11,11,41,11,11,27,11,20,26,23,98,110,99,18,25,13,30,30,27,12,24,11,12,28,16,22,31,21,26,38,24
34.25,40,28,36,64,59,55,75,110,46,26,16,31,64,51,53,25,11,24,82,62,56,44,28,35,24,18,28,29,23,31,32,22,33,28,24,29,23,17,22,24,16,30,67,76,49,17,24,18,26,12,26,68,72,60,20,22,18,65,75,65,22,20,20,22,25,24,24,29,25,71,71,58,30,26,27,16,20,13,33,37,33,74,83,81,11,11,13,26,12,19,24,17,21,28,18,30,23,15,20,57,59,40,21,26,20,36,35,32,46,57,49,11,17,11,84,99,62,20,24,19,42,57,35,58,59,40,21,19,16,14,16,13,17,18,17,23,21,17,17,20,17,32,37,32,55,57,51,15,22,14,17,21,15,26,26,17,32,43,38,37,30,34,16,15,13,11,13,13,21,24,22,56,67,45,52,67,31,49,51,38,36,39,27,39,44,25,16,23,23,20,19,19,49,45,25,23,28,20,20,36,23,19,22,20,18,20,16,14,23,16,23,28,18,36,61,45,37,53,35,16,24,13,23,25,16,24,33,23,20,47,17,36,55,32,24,33,24,29,36,17,31,31,19,18,32,16,23,34,24,52,67,44,84,96,49,11,33,11,11,35,11,11,20,11,20,32,24,95,113,97,14,25,11,34,31,29,16,23,11,13,26,19,19,28,20,27,42,27
34.5,37,29,37,69,60,61,73,122,43,24,17,33,65,57,55,22,14,31,78,65,57,47,31,39,23,19,27,27,18,30,29,28,30,25,25,30,20,20,21,28,17,25,67,79,51,19,25,18,31,17,26,67,73,60,21,17,18,65,73,67,20,18,22,17,19,20,25,30,19,72,74,58,31,26,23,24,19,18,39,39,32,76,85,83,11,11,13,21,16,24,26,19,21,19,24,24,26,15,27,59,59,45,23,19,25,36,29,33,50,60,52,11,13,11,84,101,60,23,23,17,44,54,37,55,58,40,20,21,13,12,16,16,19,18,15,18,22,18,18,20,24,32,36,34,54,53,52,18,23,16,21,20,20,31,20,18,31,39,37,37,31,34,18,18,13,15,18,16,18,20,19,58,72,46,51,60,35,46,53,39,36,38,30,43,45,26,17,25,22,19,26,18,45,45,27,20,32,20,20,38,21,25,23,19,18,19,15,16,26,15,23,31,20,37,60,47,37,53,39,15,22,13,23,30,20,27,35,26,24,46,20,36,56,33,22,34,24,34,35,24,25,26,15,19,35,12,22,32,26,49,70,43,88,93,54,14,33,11,11,36,11,12,27,11,20,29,24,94,113,93,15,27,11,32,33,35,11,27,11,15,27,17,21,35,20,28,49,28
34.75,35,30,32,70,54,61,75,119,44,25,13,27,68,51,53,21,11,25,82,59,52,43,25,34,26,17,32,26,21,26,32,24,32,29,21,29,23,17,25,23,17,25,68,78,50,19,21,16,29,15,24,67,75,59,18,17,18,66,81,62,23,20,18,18,23,21,20,26,22,71,75,56,31,25,26,17,19,12,35,38,30,73,83,79,14,12,12,23,11,18,22,21,17,26,22,32,25,17,25,63,61,44,24,19,22,40,29,34,50,60,50,11,16,11,86,100,60,19,21,19,43,55,38,52,58,38,17,21,14,15,20,15,18,15,19,16,20,18,20,20,18,31,31,31,54,50,46,19,24,12,21,20,18,24,21,16,37,40,36,38,29,31,16,20,11,11,17,11,18,21,20,56,69,43,52,61,34,46,51,38,36,43,27,43,42,25,20,19,21,20,19,16,50,43,24,20,28,20,17,37,20,20,18,17,19,20,17,17,21,17,19,29,16,34,62,45,38,54,36,17,25,13,23,25,15,28,30,26,21,50,13,36,56,32,24,34,23,28,32,17,28,31,15,19,37,12,21,31,22,48,68,45,94,97,49,19,31,11,11,38,11,11,22,11,15,30,18,97,113,99,17,26,14,30,34,27,13,26,11,11,32,14,19,34,20,25,47,24
35,34,30,35,70,58,64,76,121,50,25,20,27,70,57,57,21,11,24,83,64,59,47,26,35,22,16,31,25,21,28,27,25,25,25,28,26,21,19,23,24,14,28,69,81,50,20,26,17,30,20,23,66,73,56,19,21,17,61,76,62,22,19,19,19,23,24,25,26,23,75,74,60,30,21,26,18,15,12,36,42,33,74,83,79,12,11,16,21,16,19,23,20,21,27,19,30,21,19,18,57,64,38,21,23,21,37,29,32,51,63,50,11,13,11,90,100,63,23,27,22,43,57,37,53,63,41,22,21,16,17,18,15,19,22,19,16,22,18,23,18,19,30,33,33,55,52,49,15,24,12,20,18,18,23,19,15,35,40,36,38,24,38,19,19,16,12,13,18,20,22,19,58,69,46,53,62,33,45,47,38,38,42,28,41,45,27,21,24,26,19,21,19,50,47,28,20,32,17,21,36,22,18,17,14,15,22,16,15,23,13,24,23,22,38,62,50,39,52,34,14,22,15,24,28,18,28,34,27,22,46,16,37,57,33,26,33,28,30,30,20,24,32,15,22,33,16,22,33,26,46,65,41,93,98,51,14,30,11,11,39,11,13,20,11,14,31,19,91,111,97,15,23,13,30,35,28,13,25,11,14,26,13,19,32,18,25,43,27
35.25,36,33,33,70,58,60,77,122,48,28,16,32,73,57,59,21,11,29,87,67,59,46,32,37,20,16,26,25,21,28,30,28,29,24,25,26,18,20,24,23,20,26,72,79,53,19,23,17,30,14,26,68,79,59,23,19,19,68,76,65,20,21,21,25,25,22,25,25,25,76,77,62,34,25,29,14,25,12,38,40,32,75,81,80,11,11,15,21,18,17,24,19,22,25,24,30,24,19,21,59,66,41,23,26,21,34,34,36,49,62,52,11,15,11,84,107,60,25,25,20,47,54,37,57,61,44,24,25,18,15,17,17,19,19,17,14,24,15,21,22,24,29,34,31,57,57,49,20,21,11,20,19,21,24,24,19,37,43,37,38,30,33,12,22,11,14,16,16,18,22,20,55,74,41,58,69,40,50,48,42,38,42,29,43,46,28,21,26,24,20,20,16,51,43,29,22,34,21,22,36,22,24,20,20,14,23,13,13,24,16,24,30,22,36,60,50,39,55,38,18,24,18,24,26,18,28,40,30,24,47,20,38,54,32,22,32,22,30,36,18,28,30,17,17,35,16,21,33,26,51,68,42,91,103,51,16,37,11,11,37,11,12,22,11,16,27,21,98,116,97,17,26,14,34,34,29,16,22,13,12,29,16,18,28,18,26,46,25
35.5,37,32,35,67,56,59,81,121,50,28,17,31,71,54,62,22,13,25,87,66,58,47,28,36,26,20,31,29,17,26,30,26,27,31,21,31,22,22,22,25,16,30,67,81,54,14,20,17,31,12,26,66,80,59,20,15,16,64,74,62,19,19,22,18,18,18,24,21,20,75,78,61,33,24,25,17,20,11,40,40,35,74,85,81,11,11,11,19,15,13,26,16,21,23,19,28,28,19,24,60,66,44,23,20,22,39,30,36,49,59,47,11,12,11,89,101,64,22,22,20,52,58,40,56,60,41,22,18,17,17,16,18,17,18,17,17,24,17,24,16,21,27,33,25,56,57,51,22,18,19,22,23,17,26,21,20,35,41,36,37,24,34,14,19,12,14,18,13,21,18,24,58,71,46,52,63,34,52,53,37,39,41,30,44,44,24,18,23,24,22,21,16,57,40,28,25,30,21,23,35,24,21,21,16,16,24,13,15,20,15,20,26,20,33,65,47,35,52,34,18,26,13,18,27,16,27,33,26,22,45,16,34,60,33,27,34,28,29,31,18,25,32,14,18,37,12,21,31,22,51,66,40,91,106,52,15,33,11,11,32,11,11,21,11,18,26,19,95,113,91,18,24,14,35,37,28,16,21,11,16,30,17,19,33,17,25,42,24
35.75,35,29,33,66,53,63,80,125,48,25,14,32,69,58,59,16,11,23,86,68,59,46,26,38,23,13,30,26,21,29,30,25,32,28,24,27,20,21,18,25,18,26,68,84,56,17,24,18,27,17,21,63,77,59,19,20,20,61,74,62,21,13,20,22,20,24,25,23,21,74,74,59,31,22,28,14,19,16,34,41,29,76,83,82,11,11,11,22,15,23,25,21,19,28,22,29,24,15,22,59,65,49,23,21,21,33,32,34,49,63,51,11,14,11,90,106,65,23,26,20,47,61,38,60,58,38,24,20,18,15,17,19,18,18,21,18,22,16,17,20,19,25,39,31,56,58,51,16,19,15,20,21,21,28,25,23,35,42,40,38,30,36,13,19,11,14,14,15,20,21,25,57,73,47,52,63,36,47,49,39,37,41,29,43,48,25,22,29,28,16,27,16,55,45,31,21,30,19,19,35,19,19,19,21,17,22,14,14,22,13,23,24,22,36,64,48,36,54,36,17,26,19,20,27,14,24,38,25,21,46,19,36,57,32,25,35,26,30,38,19,26,26,16,18,33,16,17,32,22,52,70,45,91,103,50,14,33,11,11,38,11,11,22,11,18,31,19,96,110,99,12,28,12,30,34,28,15,25,11,11,30,15,18,31,20,25,42,24
36,38,30,36,72,60,63,75,127,51,25,17,28,70,58,58,21,16,31,86,69,55,45,27,33,27,17,30,26,22,27,27,28,28,26,24,29,18,22,21,22,18,24,69,83,51,19,21,16,32,19,24,68,81,59,17,21,16,62,76,64,17,16,18,22,29,19,25,24,24,75,77,61,30,24,25,20,20,17,35,40,33,79,85,86,11,11,14,20,18,18,27,23,22,27,25,28,27,18,24,59,67,41,25,22,22,36,32,39,49,63,49,12,13,11,90,103,60,24,18,17,49,57,38,58,65,42,26,23,18,15,14,17,19,19,19,20,18,21,20,17,16,34,32,33,57,59,49,21,20,16,20,22,18,24,24,19,36,43,37,38,28,36,18,19,12,11,20,13,23,26,24,58,74,45,56,65,35,50,49,42,39,39,33,46,45,30,21,27,25,20,23,17,55,46,31,21,31,24,22,38,21,22,20,18,17,21,17,13,20,17,24,26,22,34,66,52,39,57,35,16,24,15,22,28,17,32,37,26,24,46,19,35,59,33,27,35,28,32,33,21,27,29,13,18,32,17,18,33,22,49,69,43,92,100,52,13,33,11,11,36,11,12,22,11,17,28,22,93,112,94,17,27,13,30,33,27,11,21,11,12,33,17,15,29,18,26,47,23
36.25,34,29,34,72,59,61,79,126,51,24,16,28,75,58,62,21,11,28,88,71,59,47,31,35,22,16,26,26,20,27,28,26,27,26,26,28,20,18,22,25,21,28,67,83,52,18,20,16,25,18,24,64,78,60,16,18,14,66,77,62,21,15,20,14,28,19,24,25,22,75,78,58,31,24,27,13,19,16,37,42,35,75,83,80,11,11,12,19,13,19,23,20,21,25,24,28,22,17,20,55,67,40,21,20,21,36,32,36,48,62,53,11,14,11,92,105,65,21,26,17,44,53,38,58,63,42,21,20,15,14,14,17,18,12,19,17,18,19,20,23,20,31,38,30,54,54,53,20,20,11,20,19,18,24,24,20,31,41,35,36,28,33,15,20,13,12,14,11,21,19,19,63,74,48,54,63,36,47,51,38,38,38,31,44,49,29,20,24,25,21,20,18,52,44,24,23,33,20,20,37,19,18,21,11,21,19,18,18,24,16,21,25,19,38,67,51,38,54,38,16,26,14,25,27,18,28,35,28,27,52,22,42,60,35,26,31,26,33,36,20,22,32,11,17,40,11,19,32,22,50,74,43,91,102,49,11,33,11,11,38,11,11,23,11,17,25,21,95,115,95,16,23,12,35,37,30,11,25,11,11,28,12,17,31,18,24,44,26
36.5,34,34,36,72,56,61,79,123,53,29,17,29,73,57,63,22,11,24,89,69,60,44,28,34,21,21,26,22,20,27,31,25,33,23,25,23,21,15,20,27,15,27,70,84,56,21,21,20,26,18,24,70,77,63,21,17,16,61,72,62,22,18,22,23,25,23,26,26,24,78,72,58,29,26,31,16,18,14,37,41,34,80,82,81,11,11,12,24,17,20,26,19,18,28,22,27,25,19,24,58,66,41,17,25,17,31,33,28,52,69,51,11,15,11,92,110,64,22,22,16,51,58,39,62,65,44,24,21,16,15,14,16,20,18,18,21,21,19,18,20,18,30,33,33,58,58,50,17,23,12,18,21,16,25,22,21,36,44,38,39,25,36,16,19,14,11,15,11,20,22,22,60,74,47,53,68,34,49,54,37,34,42,24,46,50,30,22,28,25,22,18,20,56,44,29,24,32,21,19,39,21,20,21,17,17,19,13,15,26,14,24,25,20,35,64,49,41,53,41,15,23,15,25,29,21,26,40,26,26,50,17,39,60,36,24,31,22,27,39,15,28,26,16,17,33,16,21,32,26,53,66,44,96,103,53,16,30,11,11,40,11,11,26,11,19,28,19,95,113,97,13,27,11,31,38,31,14,27,11,14,27,16,18,26,16,25,43,23
36.75,33,27,33,72,56,60,78,123,50,27,16,31,77,57,60,24,11,28,87,71,57,44,25,31,25,15,32,23,18,25,26,22,32,23,23,27,23,19,24,23,14,26,76,87,55,19,18,14,31,15,25,68,82,60,22,16,18,65,73,63,19,18,19,17,27,16,25,26,25,78,83,61,32,23,23,19,19,16,38,44,31,78,82,83,11,11,11,24,21,20,23,17,19,30,22,30,21,20,21,67,66,48,23,24,20,37,35,35,50,65,51,13,11,11,93,105,71,24,25,18,50,60,40,60,64,45,25,19,16,16,14,18,19,22,20,19,21,17,16,19,17,32,36,32,61,58,49,20,21,16,17,19,17,20,24,16,37,45,37,36,25,33,16,18,11,13,15,15,21,24,22,61,76,49,56,63,40,48,51,42,36,43,29,47,43,25,21,24,27,18,22,18,51,46,24,25,30,23,19,37,20,20,16,14,13,20,11,16,21,16,22,22,21,35,63,50,37,55,36,16,25,13,24,24,17,29,35,25,23,49,19,40,60,37,25,36,27,28,35,17,26,28,17,17,39,15,18,33,21,51,69,44,95,101,54,16,29,11,11,39,11,11,17,12,20,30,20,95,112,96,16,24,11,32,34,33,13,30,11,12,28,13,22,34,22,29,46,24
37,33,31,31,70,55,61,81,127,50,29,15,31,76,61,62,21,11,30,89,69,58,46,26,38,29,13,33,24,18,26,31,25,28,24,23,28,20,19,23,26,16,25,77,81,55,21,22,17,30,13,25,66,79,61,17,20,16,64,77,66,22,15,20,18,26,23,23,23,22,73,79,59,28,21,23,18,19,14,38,42,30,78,84,81,11,11,11,19,16,14,28,20,22,30,21,29,23,14,20,65,68,47,27,19,23,38,30,34,47,64,51,11,13,11,93,105,65,21,21,18,56,62,39,62,64,43,25,21,16,16,16,16,19,19,16,18,23,18,16,22,17,25,33,31,58,59,53,21,23,13,20,21,18,24,18,16,37,42,39,39,27,33,15,17,15,11,15,15,19,21,20,63,76,48,57,67,36,50,48,41,39,44,28,47,51,29,22,28,28,17,20,14,59,44,30,24,29,20,22,36,19,21,18,13,14,20,14,18,21,15,24,25,22,37,65,50,40,54,42,15,18,12,26,28,20,30,34,25,25,46,19,38,60,35,25,30,25,29,36,15,29,30,13,22,35,17,17,36,21,56,74,47,97,104,54,17,31,11,11,36,11,11,22,11,19,28,22,96,114,93,19,26,11,29,37,27,15,25,11,11,28,14,20,32,16,27,47,25
37.25,37,27,36,71,58,59,81,132,48,27,17,26,76,62,58,20,11,23,91,70,59,49,30,35,25,16,28,25,20,24,34,26,30,27,26,27,22,17,23,23,15,23,73,84,55,21,21,18,31,13,22,70,81,58,18,20,13,64,77,62,22,19,19,18,22,21,26,25,23,78,83,62,31,27,29,20,17,13,40,43,33,77,84,81,12,11,11,27,16,19,23,22,21,29,19,31,23,16,23,64,63,46,21,22,20,36,32,32,47,62,47,16,16,11,95,109,66,23,21,17,53,58,41,63,65,44,24,21,11,16,17,13,24,20,22,20,18,20,22,17,19,29,35,27,60,59,51,21,18,15,19,20,15,24,22,18,36,45,37,38,27,33,17,17,11,12,16,13,20,23,18,63,76,53,59,67,41,52,54,37,37,41,28,48,50,30,19,24,20,18,19,16,59,48,28,24,33,19,20,39,22,24,20,16,18,18,13,17,23,18,25,23,20,39,65,50,40,52,39,15,21,13,23,28,17,29,41,24,23,47,19,39,62,35,24,33,26,27,33,19,25,26,14,22,37,14,20,33,19,52,73,43,100,102,61,17,31,11,11,37,11,11,25,11,16,31,21,95,114,95,19,27,12,33,30,26,14,21,11,13,31,14,21,32,19,23,49,21
37.5,34,31,35,70,55,62,86,128,54,26,17,29,75,63,62,22,12,29,88,69,62,47,29,35,25,19,27,21,16,26,32,25,29,27,21,28,21,17,19,20,20,20,78,86,54,18,20,17,32,17,27,74,78,65,15,15,15,61,72,62,20,12,20,19,15,20,24,24,20,76,81,59,31,24,26,18,17,12,37,47,29,76,81,83,14,11,15,29,14,21,23,20,17,24,17,28,24,17,21,64,66,45,21,18,23,37,31,32,52,61,53,11,11,11,98,105,68,19,23,18,47,63,38,61,61,42,25,18,17,12,17,13,22,16,19,18,21,17,20,19,18,28,38,31,60,59,51,19,17,14,24,15,18,26,18,20,36,42,38,42,28,36,15,14,11,14,14,14,22,22,21,65,75,51,55,67,35,54,51,40,38,42,27,47,49,26,18,24,22,19,16,15,60,44,28,25,25,20,16,33,19,18,17,16,18,21,15,16,21,15,22,28,19,35,62,50,40,50,33,13,25,11,24,24,20,29,32,29,24,50,18,38,64,36,24,31,24,27,34,17,30,31,12,18,39,18,17,32,23,54,73,44,100,105,55,17,29,11,11,31,11,11,19,12,18,29,14,99,112,94,15,25,11,31,36,26,13,24,11,13,25,13,19,28,19,27,43,22
37.75,34,30,36,66,55,61,87,130,55,25,18,31,77,64,58,17,15,25,94,73,60,46,31,34,24,17,29,26,21,28,34,24,33,29,24,28,20,18,24,25,15,26,78,85,59,19,20,18,29,15,27,70,79,67,18,16,18,63,75,63,23,18,23,19,18,20,24,30,19,76,86,63,33,26,31,17,19,18,40,41,33,77,84,85,11,11,12,22,18,21,26,20,24,28,24,33,24,20,22,64,72,46,25,24,23,36,35,33,50,63,51,11,14,11,98,112,71,25,26,22,52,62,40,63,69,46,25,18,21,15,22,15,15,22,18,14,23,16,23,18,19,29,31,31,58,60,54,14,21,12,17,20,19,26,23,21,39,45,45,40,28,35,17,15,14,12,14,13,19,22,23,66,75,53,58,64,38,51,54,43,41,39,32,47,44,31,17,22,23,18,24,19,61,47,31,23,32,19,20,35,24,18,20,15,15,19,16,16,23,15,22,27,23,39,67,54,39,56,40,15,23,18,23,28,20,28,33,31,26,49,21,45,61,37,27,32,28,29,36,18,28,37,18,16,36,18,21,33,25,59,78,49,97,107,54,12,28,11,11,40,11,11,25,12,18,32,19,93,117,98,15,24,14,33,33,31,11,23,11,18,35,17,19,26,20,29,47,23
38,33,28,32,68,58,55,88,136,57,30,19,31,78,66,64,20,11,24,92,74,65,43,31,37,30,15,31,26,18,28,32,25,34,25,24,29,24,17,20,23,15,24,80,88,56,21,26,18,32,14,26,75,80,65,22,19,20,64,78,62,20,17,21,19,21,20,24,20,24,81,84,67,32,24,24,19,18,14,38,44,32,77,84,79,11,11,11,23,16,18,24,20,19,29,16,28,25,16,21,63,65,43,21,20,21,39,31,35,51,61,52,11,11,11,97,111,69,25,23,18,52,66,38,66,67,51,23,23,18,11,18,11,15,13,17,19,20,16,18,19,16,31,36,31,61,58,58,17,19,11,17,16,14,23,23,17,36,47,40,43,28,37,18,18,15,16,16,13,23,22,25,65,73,52,62,70,41,52,55,41,35,37,30,44,49,27,26,20,28,17,18,14,60,49,29,18,33,18,18,35,20,18,20,14,20,24,15,16,25,13,22,29,23,40,68,53,39,51,36,16,24,11,24,23,16,28,36,26,26,52,18,38,61,36,21,34,28,26,38,16,31,31,14,19,41,16,21,35,22,54,73,45,99,105,56,20,34,11,11,34,11,11,19,11,18,29,17,95,113,96,20,21,11,35,37,33,12,31,11,15,30,15,19,35,20,26,49,23
38.25,38,35,35,71,57,62,94,136,59,34,18,30,83,69,66,20,12,24,97,77,63,48,36,35,24,15,29,32,18,30,29,22,27,27,25,23,20,23,19,25,18,27,81,88,61,17,23,12,35,13,27,72,83,69,21,15,17,69,77,67,24,22,23,19,18,23,25,26,21,82,87,63,32,22,27,18,19,16,41,48,32,80,81,86,12,11,13,22,14,21,26,19,22,27,19,28,26,20,23,68,72,46,24,20,23,38,32,34,55,62,58,11,13,11,96,113,72,15,23,16,56,63,40,72,69,51,26,20,19,21,16,21,19,21,19,19,18,19,22,19,16,29,35,31,64,58,53,15,21,14,19,17,17,24,18,17,37,46,37,41,27,33,19,16,17,14,13,14,23,23,22,65,79,58,61,73,41,55,56,45,40,40,30,46,52,29,25,22,25,17,22,16,61,47,29,29,33,21,21,37,26,21,21,15,20,21,14,16,24,14,22,23,20,44,68,50,43,55,40,19,23,14,27,22,13,26,40,23,30,48,21,44,66,39,24,35,25,26,34,16,26,30,16,24,40,19,22,29,24,58,73,46,97,108,56,12,32,11,11,32,11,13,21,12,19,30,17,99,113,102,14,25,12,33,34,31,13,25,11,15,32,18,21,34,17,27,45,26
38.5,33,32,35,69,59,60,87,135,56,24,19,30,79,67,64,19,11,25,92,77,63,47,32,34,26,16,27,24,20,26,32,24,27,26,25,29,22,20,26,28,16,26,78,86,58,20,24,18,31,15,28,75,82,64,19,19,17,61,78,64,21,21,22,23,20,24,24,26,22,79,88,62,30,27,29,19,18,16,43,42,33,80,85,86,12,11,11,21,16,16,23,19,21,30,24,35,21,15,20,65,71,46,24,24,24,38,30,33,50,61,54,14,11,11,99,109,75,23,26,19,51,65,38,64,74,46,23,22,16,13,15,15,14,17,18,17,22,20,21,25,21,30,35,31,56,62,50,22,22,12,18,20,18,26,25,21,41,41,39,41,28,37,15,19,13,11,14,16,20,24,21,65,79,51,61,70,41,57,51,45,37,41,29,47,51,28,27,27,29,18,22,20,58,50,29,29,37,23,24,40,25,19,21,18,11,22,11,12,22,14,23,27,20,35,70,53,41,54,38,15,20,11,24,25,17,27,36,26,26,52,19,40,66,37,22,38,21,26,33,17,27,30,13,18,34,18,20,33,22,59,75,46,101,104,57,17,33,11,14,40,11,11,22,11,21,26,24,97,113,96,17,26,13,31,37,28,12,26,11,12,30,17,17,28,17,28,45,25
38.75,35,31,34,74,56,61,88,137,63,26,18,32,82,66,69,20,15,26,95,79,64,45,32,37,25,22,28,25,17,29,28,26,35,28,23,29,23,21,23,24,19,21,81,93,60,19,21,17,29,12,24,75,83,72,19,19,19,66,75,70,19,19,22,20,20,21,26,27,23,80,88,61,32,29,26,17,14,19,39,44,32,82,85,83,12,11,15,20,18,18,26,20,19,26,21,31,21,16,20,66,70,47,19,21,20,38,31,36,51,61,50,11,13,11,102,112,76,21,22,17,51,61,41,66,68,47,25,20,21,12,20,11,16,16,19,19,25,18,19,22,22,29,36,33,60,60,58,21,20,15,19,21,17,25,19,22,46,50,42,41,26,36,20,14,11,14,19,14,21,24,23,69,78,51,59,74,39,53,56,42,39,43,31,47,51,31,22,27,26,20,16,19,62,48,29,22,29,22,23,36,22,20,18,17,16,24,13,18,23,16,19,25,19,39,65,55,39,57,40,17,26,16,25,28,18,30,33,27,26,53,19,43,64,34,26,35,22,30,34,19,29,32,18,18,40,18,20,36,23,57,74,48,102,108,55,19,31,11,11,40,11,11,22,11,19,28,21,98,118,93,17,22,15,33,35,29,16,23,11,13,28,17,21,33,22,29,47,26
39,33,32,34,72,59,61,88,139,55,26,20,31,86,70,67,21,11,26,93,81,61,44,32,36,19,21,28,25,15,29,29,23,29,30,23,30,24,18,23,27,14,26,82,92,61,19,21,16,31,20,26,77,83,67,21,18,17,68,80,62,23,16,22,18,23,22,23,27,21,81,86,63,33,25,27,19,20,16,43,47,34,79,81,83,11,11,12,25,18,19,27,18,25,31,24,34,22,22,20,68,76,48,24,22,23,31,31,32,58,63,55,11,11,11,103,114,76,23,22,18,53,62,42,66,71,48,24,20,17,16,18,16,16,20,17,20,19,21,17,23,14,28,34,30,66,61,56,18,18,11,23,24,16,26,27,19,41,45,43,40,32,37,18,22,11,15,16,16,23,26,22,65,81,51,61,68,44,56,58,44,36,43,32,52,50,30,23,25,24,22,21,19,64,53,32,25,31,22,21,38,20,20,17,16,15,21,14,16,27,13,26,25,21,36,67,52,42,61,42,19,25,19,23,26,22,29,35,26,29,54,21,46,68,40,25,33,28,28,37,19,32,27,16,17,38,16,17,33,21,56,73,41,104,109,59,15,30,11,11,40,11,11,25,11,14,30,19,98,111,95,16,24,12,28,31,31,11,28,11,11,27,13,22,25,23,30,45,26
39.25,34,31,33,71,58,61,89,139,56,25,16,27,83,71,67,21,15,28,91,77,64,46,33,35,26,16,29,22,22,28,28,27,30,23,22,29,22,20,21,26,15,24,80,92,60,20,22,18,31,18,26,74,83,66,16,15,19,65,80,67,17,20,18,19,23,16,22,26,21,83,83,62,31,25,26,20,22,18,39,46,36,80,82,86,11,11,14,21,18,18,27,21,22,27,21,31,21,16,22,72,77,50,23,19,23,33,29,33,59,62,57,11,16,11,100,113,72,24,23,20,56,65,44,65,72,49,24,18,15,18,20,21,21,17,19,14,21,14,21,19,21,30,33,31,58,58,51,21,22,12,21,18,19,25,23,19,41,47,43,41,33,38,19,21,14,15,20,17,24,23,21,65,79,50,62,70,39,53,57,43,36,41,30,50,55,36,26,22,24,18,20,13,61,51,32,22,35,22,18,39,21,21,18,14,19,18,16,17,25,16,22,28,19,37,67,50,41,59,38,15,26,16,25,30,21,28,37,29,25,51,17,45,69,39,29,32,27,28,37,18,28,31,18,15,37,14,19,34,22,59,79,46,101,114,55,15,32,11,11,40,11,13,24,11,16,29,18,97,112,97,18,22,16,31,38,32,13,21,11,14,32,14,20,33,19,25,45,26
39.5,34,28,31,70,52,59,92,131,59,27,17,35,83,69,69,22,12,30,98,78,66,44,33,38,21,19,28,23,20,30,29,26,29,24,26,28,21,23,25,24,14,22,82,87,63,16,15,12,32,16,26,77,79,66,21,15,19,63,64,64,21,16,24,23,16,17,24,25,24,79,88,61,28,26,29,18,14,12,43,47,33,72,79,83,11,11,11,23,15,19,27,16,22,31,18,33,24,20,23,69,77,51,20,18,22,33,31,30,52,61,56,13,11,12,101,109,74,24,27,22,50,70,38,68,72,51,25,21,19,13,15,16,16,16,15,20,31,18,18,20,18,28,33,26,59,59,57,21,22,16,21,18,17,26,22,18,40,51,40,39,31,31,17,13,15,11,11,12,21,19,22,69,82,53,56,75,41,54,60,41,34,39,28,48,51,35,23,24,27,16,13,15,58,47,31,24,31,22,22,28,17,20,16,15,18,19,17,15,22,16,19,22,18,37,66,50,40,52,39,18,21,16,20,26,17,30,33,30,25,49,25,46,61,37,26,37,26,28,30,18,30,30,16,20,34,16,21,29,21,56,82,44,103,110,57,17,23,11,11,27,11,11,13,11,15,26,21,98,115,96,16,26,15,35,43,34,17,25,11,13,27,13,16,29,18,26,39,20
39.75,32,31,33,73,55,62,90,144,58,28,14,31,86,73,66,18,11,25,93,80,62,45,26,39,22,17,28,24,20,30,28,23,29,21,24,23,20,19,20,20,18,25,79,94,60,19,20,15,29,19,25,74,86,67,20,16,15,64,73,64,19,18,19,17,21,17,21,27,23,83,92,70,31,26,29,19,18,16,43,46,35,79,82,81,11,11,13,20,14,20,25,18,21,34,21,34,23,18,17,71,75,53,21,22,22,34,33,31,54,60,56,12,11,11,99,116,73,18,24,16,56,61,42,65,71,45,24,20,18,13,13,14,18,19,19,18,17,20,18,23,17,32,37,29,63,67,55,17,20,11,19,20,16,22,20,17,43,45,42,37,26,35,22,15,16,14,19,16,20,25,22,67,81,54,60,71,45,56,57,42,34,42,28,52,55,34,22,24,25,18,19,15,64,47,32,25,36,22,19,36,20,19,20,14,17,23,16,14,23,18,23,26,18,38,68,54,39,55,37,16,23,14,25,27,15,29,36,27,25,51,20,42,67,36,23,36,28,28,33,17,24,29,11,19,39,20,20,31,24,57,76,51,103,107,56,15,29,11,11,39,11,11,21,11,18,32,20,98,113,95,16,23,11,31,36,26,11,22,11,13,28,16,20,29,19,32,47,26
40,30,29,31,68,52,59,97,136,61,24,12,25,85,69,67,20,11,24,93,78,63,42,29,32,22,17,28,27,18,25,29,25,29,25,23,26,19,20,20,25,19,25,80,88,57,19,19,14,31,21,26,73,83,67,22,16,19,63,77,64,20,20,25,19,20,19,25,26,23,85,86,63,34,25,27,18,17,13,37,45,30,73,84,82,11,11,11,20,16,19,26,15,20,29,25,31,23,17,21,67,73,46,22,22,19,35,28,34,51,60,54,12,16,11,97,120,73,25,21,18,53,64,41,66,76,47,25,17,23,14,16,16,18,17,18,16,23,14,21,20,21,28,31,29,59,61,56,19,19,13,22,21,15,21,21,15,37,46,38,34,27,32,17,18,11,15,19,15,21,23,21,63,82,54,60,73,40,53,56,43,33,39,29,48,49,31,23,28,26,24,16,18,63,48,32,23,35,20,24,35,23,18,17,15,13,20,12,14,21,13,21,25,17,41,70,55,39,57,34,16,21,16,27,26,24,29,35,24,29,51,23,44,70,37,26,37,30,24,29,16,23,27,16,19,38,19,18,28,23,59,76,47,100,110,57,14,25,11,11,32,11,13,23,12,20,32,24,95,114,97,16,21,11,30,38,32,12,27,11,12,25,16,17,32,19,26,46,24
40.25,33,25,33,71,56,59,96,138,64,29,17,30,91,70,71,21,13,26,96,79,65,49,29,37,22,20,28,23,21,23,28,21,31,25,24,28,17,19,20,24,13,25,84,94,63,15,16,12,31,20,27,74,85,66,19,13,22,65,78,64,19,20,18,19,18,17,23,28,25,87,85,65,29,19,24,14,20,14,40,45,33,82,83,86,11,11,13,19,14,17,24,20,17,30,20,29,23,14,22,70,73,50,21,20,17,38,31,33,51,57,49,11,11,11,101,118,76,20,24,15,55,68,45,68,73,45,25,18,18,14,19,16,17,17,17,17,16,18,14,22,15,28,33,31,62,61,54,19,23,12,16,18,15,27,19,22,42,47,44,34,27,32,15,20,12,11,16,11,21,22,25,72,81,52,60,73,44,55,57,42,34,40,29,49,52,32,22,26,24,17,17,17,60,52,31,21,34,20,22,38,22,18,20,14,13,22,16,15,21,12,22,26,23,40,72,55,38,59,34,11,24,11,21,21,14,28,40,24,29,51,23,41,61,34,20,35,25,24,30,16,29,29,17,15,38,15,22,30,25,61,76,48,102,108,60,16,30,11,11,37,11,11,20,11,16,29,17,95,116,100,17,22,13,30,38,32,11,22,11,12,27,15,18,31,17,26,40,25
40.5,34,30,34,71,58,63,96,144,62,27,17,28,89,71,73,25,13,30,103,80,69,51,29,37,24,17,31,25,22,27,29,23,30,27,21,31,22,15,21,24,17,26,85,97,60,23,22,18,32,18,26,75,88,65,16,16,17,68,72,63,21,19,19,20,21,19,27,27,26,86,90,65,33,22,26,17,18,16,41,46,34,74,85,77,11,11,11,23,13,16,24,18,23,30,23,28,23,18,19,68,76,49,19,21,21,33,34,38,52,59,54,12,13,11,104,117,74,20,24,15,56,67,42,70,73,49,23,20,17,15,20,15,18,22,20,15,22,15,22,17,22,26,33,29,60,63,56,15,21,13,18,21,15,23,21,16,39,47,39,36,32,35,15,16,11,12,17,14,24,20,22,69,82,53,62,72,47,58,55,43,38,42,33,46,55,29,19,27,24,20,20,17,65,53,34,24,31,20,21,39,23,19,17,15,13,19,11,15,23,12,22,25,17,40,73,53,39,59,38,17,19,12,25,26,15,28,36,27,25,50,23,45,67,38,26,30,24,25,32,15,24,31,14,20,37,17,21,29,22,58,81,46,101,111,60,13,33,11,11,37,11,11,18,11,13,25,17,97,112,98,14,28,14,36,37,33,13,26,11,14,30,16,20,35,17,30,47,25
40.75,30,30,36,72,57,59,95,145,65,26,13,27,89,75,68,19,16,24,98,79,65,46,32,38,24,18,30,18,21,25,27,20,28,30,22,29,21,20,20,26,17,26,83,100,66,20,19,22,32,14,29,75,87,70,20,15,15,65,77,66,17,16,20,12,21,14,20,29,20,80,87,65,30,22,27,19,17,13,44,46,34,78,84,77,11,11,11,23,13,19,24,21,22,28,21,29,21,17,21,71,74,51,23,21,22,35,30,30,50,64,52,11,12,11,103,117,74,23,25,19,57,66,45,67,78,52,26,19,17,14,11,13,18,13,14,20,20,22,19,18,18,29,33,33,61,61,54,21,17,15,23,18,18,25,23,20,37,46,44,38,29,35,17,15,11,12,19,13,21,24,21,68,83,53,58,76,39,56,52,45,34,41,28,49,54,30,19,26,25,19,19,17,63,53,35,24,36,18,23,36,20,20,18,15,18,18,14,15,28,13,19,29,19,38,70,53,39,58,37,17,22,12,30,28,22,33,37,26,28,52,23,47,68,40,27,35,28,26,34,15,26,28,15,20,35,16,19,28,23,64,81,49,104,108,66,13,31,11,11,37,11,11,20,11,15,28,22,94,113,95,16,24,11,32,39,29,15,24,11,13,29,14,18,29,16,28,47,24
41,34,31,34,71,54,64,96,146,64,26,17,25,91,78,72,22,11,28,99,85,66,50,31,39,25,20,33,30,22,28,29,21,28,21,22,24,23,20,20,24,14,23,85,99,64,18,18,15,33,16,26,80,91,66,21,16,19,68,77,65,25,19,22,21,25,24,24,26,22,86,87,63,31,21,26,18,17,14,45,52,38,79,85,85,12,11,14,20,14,17,26,17,19,29,23,31,25,15,19,74,80,53,24,20,18,34,31,35,52,60,52,12,11,11,105,122,77,22,23,15,61,63,48,73,77,51,29,21,19,13,15,14,16,22,15,21,24,17,18,23,18,30,32,32,65,66,60,18,21,12,24,23,19,24,20,17,42,49,42,40,28,38,14,18,11,11,16,11,20,21,24,72,84,56,63,72,43,55,54,45,36,37,33,52,56,36,23,21,28,20,22,16,67,55,33,27,38,19,22,40,19,21,18,16,16,20,16,16,24,12,23,24,20,44,69,56,42,58,37,16,22,12,24,22,14,29,36,28,28,55,22,45,68,40,24,38,26,25,32,19,31,23,15,21,42,17,21,32,21,62,84,50,106,113,65,15,31,11,11,40,11,11,22,11,17,29,21,95,111,97,18,20,11,35,37,30,13,26,11,12,25,13,18,35,19,28,50,27
41.25,34,30,32,73,57,63,99,147,65,29,18,30,93,79,75,23,11,29,98,84,70,48,33,36,28,19,33,22,20,23,25,23,31,26,24,27,23,16,23,24,19,24,93,97,66,18,14,16,32,18,26,80,90,71,27,16,20,64,75,63,18,19,23,18,18,16,23,28,21,84,91,64,30,24,25,18,17,18,45,51,34,78,84,81,14,11,13,21,17,18,25,23,22,28,23,29,25,14,27,72,83,50,13,21,15,35,33,31,51,62,59,11,11,11,105,122,79,22,22,18,55,70,44,77,76,53,26,24,18,12,13,12,17,20,13,18,20,17,16,20,18,29,35,32,62,63,59,22,20,15,19,21,16,27,20,21,42,45,43,37,28,32,15,14,11,11,13,13,23,22,23,73,84,56,66,73,45,58,57,46,35,42,30,52,58,32,23,28,29,17,19,16,68,56,36,24,36,21,24,38,20,20,21,15,15,21,13,11,24,13,20,22,20,40,72,53,40,58,35,16,20,13,20,29,17,28,40,30,32,54,25,46,67,41,25,36,28,25,33,19,23,26,13,19,39,17,19,32,22,67,76,50,106,114,59,14,29,11,11,40,11,11,23,11,17,32,20,100,111,92,19,25,13,32,36,34,11,24,11,11,25,11,17,28,18,32,43,29
41.5,34,32,30,71,56,59,104,146,65,30,15,32,90,80,73,21,15,26,102,87,69,51,29,39,26,17,26,24,19,26,27,26,30,25,23,30,19,18,20,28,17,25,84,100,64,15,17,15,34,15,26,81,88,67,15,13,16,67,77,68,21,16,21,23,20,23,21,25,19,87,96,68,35,25,28,17,18,12,42,48,39,76,87,82,12,11,11,25,15,18,23,17,21,28,21,29,25,21,20,72,83,52,23,16,24,36,30,28,51,61,56,12,12,11,106,121,79,22,22,18,61,67,45,72,81,52,26,19,18,13,18,11,20,19,19,21,21,16,19,17,17,31,31,30,64,66,52,18,16,12,19,18,15,27,19,22,40,49,41,42,27,39,17,18,11,13,18,16,21,24,22,68,88,57,61,78,45,59,57,47,41,41,32,50,58,30,22,25,25,21,18,18,66,52,36,27,38,21,21,36,20,23,25,18,18,20,13,16,20,14,23,27,19,41,71,54,35,59,38,16,23,18,29,23,20,28,39,27,28,50,22,46,74,43,27,35,27,28,36,18,23,26,12,22,41,18,16,30,20,67,84,54,105,114,62,15,31,11,11,44,11,11,20,11,18,26,17,94,111,94,18,31,13,31,38,31,14,26,11,12,30,15,21,31,19,27,41,24
41.75,34,33,29,74,60,63,99,146,66,26,16,30,94,77,74,23,12,29,100,86,70,49,31,39,23,17,27,29,19,26,29,20,31,25,19,27,23,21,22,26,14,26,85,96,66,20,19,17,32,16,28,78,92,68,20,16,19,65,76,65,20,15,20,17,23,20,22,25,22,89,92,68,28,22,27,17,14,12,43,53,36,73,84,83,11,11,12,24,17,18,21,20,18,29,18,30,24,14,21,75,82,54,22,19,21,29,33,29,52,63,54,14,12,11,107,122,79,17,24,13,59,71,45,75,79,54,28,19,20,14,14,14,15,19,16,17,19,20,17,23,17,29,30,28,63,66,59,21,19,12,24,19,19,26,24,20,42,46,40,40,27,35,15,20,15,11,15,11,20,23,24,77,86,57,64,74,44,57,59,45,34,40,30,54,54,33,20,24,25,17,15,14,68,51,33,28,38,22,18,35,20,16,19,12,14,21,11,15,23,13,20,27,15,41,70,56,39,58,41,19,26,15,24,26,17,28,35,29,31,51,22,48,71,43,26,31,26,26,35,15,23,28,11,22,40,18,16,36,20,65,83,51,108,112,62,14,26,11,11,38,11,11,20,11,16,28,19,94,115,96,19,25,13,31,40,30,11,27,11,12,26,11,17,30,20,26,45,26
42,33,25,29,67,57,59,99,146,62,30,13,27,92,79,71,22,11,31,105,86,68,50,28,38,23,18,32,23,17,22,30,21,32,24,23,25,17,16,17,20,14,21,88,98,65,18,21,18,31,15,28,78,91,69,21,18,15,67,80,67,22,15,22,19,19,20,21,27,20,84,90,68,29,22,24,13,17,14,46,47,37,80,84,80,11,11,12,21,12,18,28,19,21,29,22,30,25,16,22,74,81,56,23,19,23,32,31,31,48,62,52,15,13,12,105,121,77,21,22,18,59,69,46,75,78,54,28,25,19,19,17,18,21,19,18,19,23,19,21,21,17,29,31,32,65,64,58,20,23,15,18,21,16,24,23,18,42,50,40,39,28,32,18,17,15,12,14,12,21,22,20,73,86,57,66,73,44,58,58,44,38,41,30,51,58,31,21,25,24,18,21,18,69,57,40,26,39,22,24,38,21,19,23,16,14,18,12,17,18,14,23,26,22,43,70,54,40,56,39,17,19,14,24,20,15,30,34,27,31,57,21,44,70,42,23,35,29,27,34,15,25,32,11,20,41,18,17,31,22,63,77,51,109,113,61,18,32,11,11,40,11,11,20,11,23,26,20,92,114,93,16,23,15,30,36,30,15,24,11,13,23,18,21,34,18,27,46,21
42.25,37,33,34,71,53,61,107,145,72,28,18,29,92,79,69,20,17,28,105,87,69,54,29,38,27,22,29,28,24,28,32,22,35,23,21,25,22,20,23,26,16,29,88,97,71,18,17,16,39,15,31,82,91,68,21,14,18,66,71,67,17,17,20,23,13,24,24,23,22,91,93,66,32,25,27,16,20,14,47,53,36,75,82,81,11,11,13,22,13,19,28,20,26,28,19,32,23,17,19,78,85,58,21,24,23,39,32,30,55,61,60,14,11,13,104,121,81,22,26,18,58,74,44,78,77,55,28,22,21,13,13,18,20,19,22,20,28,20,22,18,19,27,33,31,67,65,61,14,18,13,21,16,16,23,24,21,44,54,45,40,26,36,18,18,14,14,11,14,21,22,22,78,85,63,70,80,47,56,59,45,37,39,31,54,56,35,20,29,26,21,11,18,69,53,38,28,33,25,19,28,23,18,22,17,18,20,17,16,23,17,26,27,21,44,71,54,45,57,41,14,23,13,22,25,15,29,33,28,29,58,20,51,74,43,26,37,30,24,29,16,26,32,14,25,38,17,18,31,23,67,86,53,110,119,63,14,25,11,11,33,11,11,19,11,17,27,19,95,117,98,20,26,15,37,43,34,15,23,11,13,31,16,20,29,19,30,39,25
42.5,35,31,31,71,59,61,106,150,68,26,16,31,94,82,74,26,11,30,106,83,69,46,30,37,26,19,36,25,19,22,29,23,33,25,21,26,21,19,22,24,13,25,90,102,65,16,19,17,31,21,26,79,90,70,19,16,17,69,80,68,25,22,24,19,17,20,23,27,25,92,92,71,32,23,26,15,19,15,44,55,36,80,81,86,11,11,12,20,14,20,26,19,23,28,24,31,23,21,23,79,85,56,25,21,24,36,32,34,55,59,56,11,12,11,108,122,78,23,23,18,60,73,50,74,84,55,24,23,17,19,17,14,20,21,15,21,25,21,20,17,18,26,32,33,65,65,56,15,19,14,17,19,14,27,22,22,45,51,46,35,27,32,17,20,14,11,18,15,21,20,22,74,86,56,67,77,50,54,58,46,40,42,33,52,58,38,22,28,28,15,17,17,66,62,33,23,43,21,23,36,24,19,22,17,16,23,12,16,23,14,23,27,21,46,71,58,41,59,40,13,26,14,21,30,16,29,38,28,28,54,24,48,68,40,23,39,24,28,35,17,27,24,16,20,40,19,20,30,23,65,80,52,113,118,68,14,32,11,11,38,11,14,21,13,15,27,19,95,116,94,17,27,13,30,39,29,14,26,11,11,26,11,21,31,20,24,46,23
42.75,35,26,33,70,60,59,107,156,70,30,18,35,97,84,78,21,14,28,103,93,73,48,35,41,27,19,36,24,24,26,27,23,32,28,23,30,19,22,23,26,16,24,94,100,72,16,23,17,36,17,31,82,93,77,16,20,19,67,83,65,18,21,21,19,24,17,22,23,20,88,94,69,31,27,27,14,19,15,48,55,41,78,87,80,11,11,14,21,20,19,24,20,24,29,22,35,26,19,23,78,85,57,20,23,20,42,36,37,55,67,59,11,12,11,109,122,79,20,24,17,62,71,49,76,86,60,28,26,22,14,18,18,17,23,19,17,25,18,23,21,21,28,35,34,65,69,66,20,24,16,15,25,16,23,27,20,45,51,45,40,31,39,16,18,14,11,19,16,18,25,20,75,91,60,68,77,50,56,60,48,39,39,34,58,54,36,19,23,24,18,22,17,70,56,41,28,41,27,24,40,22,18,20,18,16,22,18,16,21,17,24,28,24,40,76,56,42,57,43,16,23,17,28,28,22,32,41,31,35,58,24,50,75,46,25,38,29,25,34,17,21,25,11,23,45,20,20,32,24,65,84,55,109,122,64,16,31,11,12,46,11,11,21,11,14,29,18,97,115,99,17,27,13,34,37,34,14,29,12,13,31,18,21,32,21,26,52,25
43,29,27,31,69,56,59,104,151,72,31,17,35,97,83,78,17,12,23,101,87,68,46,35,39,25,18,29,26,22,25,29,23,29,23,21,26,23,18,26,27,18,23,92,103,70,19,22,18,30,15,25,76,89,68,21,18,18,65,71,63,21,18,21,20,18,22,21,24,20,89,97,68,24,25,26,17,18,18,45,53,39,75,82,84,11,11,12,26,16,19,18,21,16,27,26,32,23,18,18,76,80,55,18,22,22,34,30,34,56,61,56,11,11,11,111,125,79,20,24,20,59,75,48,77,78,56,24,18,18,13,16,14,18,19,16,18,20,19,16,20,19,30,35,31,64,66,62,20,21,15,19,21,19,24,21,19,44,52,45,36,29,37,16,17,12,13,16,16,23,20,23,71,86,58,62,79,49,58,59,46,36,40,30,55,54,35,22,25,23,17,17,18,65,55,34,26,36,24,23,32,19,19,23,16,15,23,11,12,18,16,18,26,18,43,78,54,40,57,41,17,21,16,22,26,17,30,38,30,30,56,25,49,75,43,28,31,31,27,31,18,23,29,13,24,40,18,23,30,25,65,86,49,106,119,63,14,26,11,11,34,11,11,18,11,17,28,20,94,117,96,13,24,11,39,39,32,11,25,11,11,29,14,18,31,22,26,43,28
43.25,39,34,35,69,60,62,110,150,73,28,16,29,100,83,82,24,14,25,109,96,77,49,33,37,29,22,32,28,19,29,31,26,33,27,22,23,21,16,21,19,14,21,94,103,74,15,23,16,33,13,29,82,99,75,19,14,19,67,75,66,21,16,20,23,17,19,22,27,22,94,97,69,30,23,28,17,20,15,47,54,41,80,85,84,12,11,14,22,13,21,22,17,24,30,23,27,20,17,19,80,83,54,24,22,22,38,29,35,56,60,52,14,12,11,109,126,79,20,22,17,66,74,52,79,85,56,26,18,16,15,16,14,18,22,16,18,21,17,17,20,17,30,35,28,68,70,64,15,20,13,20,19,20,20,23,18,42,54,42,43,30,34,20,16,17,13,16,11,18,22,23,81,94,63,68,80,47,59,61,43,40,45,33,56,59,35,21,26,27,23,19,18,73,59,38,31,41,25,19,34,17,21,22,14,13,18,13,15,22,16,23,27,22,46,79,56,44,58,41,14,23,13,27,24,16,30,37,26,36,54,27,51,76,41,27,35,28,21,33,14,26,31,15,23,40,18,20,28,24,70,86,56,111,122,65,14,32,11,13,42,11,11,17,11,16,25,17,94,115,94,15,24,14,35,37,32,15,29,11,13,29,11,19,32,20,29,47,23
43.5,33,34,35,69,54,56,109,153,75,27,16,32,99,86,86,22,13,28,106,93,74,50,32,38,25,20,28,23,18,24,25,27,28,21,23,24,21,17,21,27,19,25,93,102,71,16,22,18,34,16,31,85,94,79,20,17,22,68,77,65,19,20,19,20,19,20,27,23,22,95,100,72,32,25,27,17,14,15,48,55,36,75,85,81,11,11,13,25,15,16,25,21,21,29,19,28,23,21,21,77,85,57,23,22,23,37,32,34,53,67,55,12,11,11,109,124,78,24,22,18,62,76,46,78,84,56,26,17,16,14,14,16,19,20,17,22,21,20,18,15,23,27,32,30,69,70,69,20,17,15,21,18,18,25,23,19,47,54,43,40,27,38,18,18,11,12,16,11,23,27,23,78,94,65,68,79,49,57,64,48,35,40,30,56,56,35,23,24,23,16,18,15,72,60,43,30,43,29,24,35,25,22,22,19,18,19,11,17,20,20,22,26,23,44,76,57,42,56,42,18,23,15,23,26,20,29,36,26,33,57,24,51,75,45,26,39,25,27,31,14,29,25,19,24,44,23,18,31,22,70,90,52,111,125,62,17,28,11,11,38,11,11,16,11,13,27,22,92,119,98,15,25,16,31,35,34,11,26,11,12,31,15,17,31,15,30,46,27
43.75,34,35,37,64,58,57,109,156,78,27,19,34,100,87,84,22,15,30,106,98,73,55,33,44,25,22,31,24,22,26,27,26,27,25,21,27,21,20,22,25,19,28,93,108,76,16,19,17,30,14,29,84,97,72,17,19,13,64,74,64,22,21,20,20,21,23,20,21,19,95,103,72,29,25,27,17,15,14,46,51,37,79,87,84,11,11,13,24,15,23,26,20,24,31,22,34,26,16,23,77,84,58,27,21,26,31,30,36,56,66,55,12,13,11,111,130,85,24,21,17,62,78,48,77,85,55,28,24,19,11,16,11,20,18,15,17,18,16,16,18,19,28,29,29,67,69,64,21,13,12,20,20,17,24,20,17,45,52,44,39,29,36,16,17,13,15,15,15,24,26,28,79,90,60,66,79,50,59,59,46,37,41,27,58,62,36,20,27,24,22,16,18,71,56,33,32,37,24,23,36,27,19,16,17,14,23,15,14,20,14,20,26,18,43,76,56,41,64,42,14,21,14,24,32,17,27,34,28,31,59,23,50,77,41,26,35,27,27,28,15,22,33,15,23,40,18,17,29,18,71,90,53,114,124,68,12,32,11,13,38,11,11,19,11,19,29,21,100,119,99,16,26,11,34,40,30,12,31,11,16,30,16,16,27,19,29,47,27
44,35,31,33,65,53,57,104,155,73,30,17,33,95,85,79,18,11,26,102,94,71,49,29,37,24,19,27,24,22,27,22,22,26,26,19,26,18,21,22,21,16,23,95,103,69,14,22,16,33,19,24,85,96,74,18,14,18,65,74,68,25,19,23,18,19,17,20,24,21,92,98,72,31,24,24,13,14,13,51,56,39,76,87,82,11,11,15,20,12,17,21,22,19,30,23,33,27,16,22,80,86,60,17,22,17,33,31,34,56,62,53,11,12,11,112,128,82,18,21,15,63,73,49,80,89,56,27,22,21,16,13,12,14,13,14,20,19,20,14,18,17,29,32,33,66,69,62,15,17,11,16,22,16,24,21,17,44,49,42,39,26,36,16,18,14,12,18,13,22,24,19,80,89,63,64,77,45,59,61,48,38,38,31,56,60,36,25,28,29,18,17,14,71,62,34,28,44,24,22,37,20,19,21,15,14,22,13,13,22,15,18,23,15,42,75,56,43,58,41,12,25,12,25,24,19,28,39,28,36,53,25,52,74,46,30,33,29,28,32,13,25,28,11,17,40,15,17,29,19,69,88,52,110,119,65,18,28,11,13,39,11,11,24,11,19,28,18,94,113,91,16,22,14,35,36,32,11,23,11,11,24,11,16,27,21,27,47,25
44.25,35,27,34,71,56,60,110,155,78,28,13,30,99,93,81,17,11,25,110,94,75,52,34,42,25,20,27,29,18,28,31,25,33,21,23,23,20,18,20,27,15,26,97,104,70,17,23,18,31,19,28,86,97,76,20,15,20,63,75,65,21,20,19,18,19,21,23,20,22,91,100,67,28,21,27,16,17,11,48,56,36,78,82,81,13,11,11,23,15,21,22,19,21,31,23,33,25,15,21,82,85,58,22,23,24,36,30,33,54,63,53,11,15,11,111,130,82,18,22,13,67,75,51,83,87,57,27,22,20,15,15,13,16,19,18,16,21,16,18,22,17,27,28,31,67,71,62,16,18,12,18,18,15,26,24,18,44,50,43,39,27,35,15,19,11,11,15,12,19,20,18,78,94,61,68,82,48,55,58,44,36,38,31,55,58,36,22,25,25,17,19,17,74,62,37,29,43,24,23,35,19,19,20,15,15,22,14,17,26,15,22,25,22,43,76,57,40,61,43,13,23,12,28,24,19,32,37,31,31,55,22,53,75,44,22,35,28,24,31,16,24,23,12,22,40,16,16,32,19,72,93,53,114,118,67,13,31,11,11,44,11,11,16,11,17,26,23,91,113,96,14,26,11,29,39,29,11,19,11,15,24,14,21,29,19,25,44,24
44.5,36,30,36,74,57,58,111,157,78,23,19,26,104,89,81,20,11,25,106,99,76,51,32,37,25,18,31,22,22,25,28,25,32,22,22,24,20,19,18,21,14,26,97,101,73,18,22,16,38,15,31,88,98,78,19,17,20,67,75,64,24,20,20,17,15,17,26,25,22,93,97,74,30,21,25,13,18,13,48,59,38,78,87,84,11,11,11,22,12,18,23,17,17,30,24,30,23,18,23,82,89,61,20,20,21,36,31,32,54,62,54,11,11,11,117,129,86,21,23,16,64,76,47,81,85,57,26,23,20,17,12,14,17,19,16,17,21,18,21,19,21,30,34,28,67,70,60,16,19,11,22,19,15,27,21,20,46,50,41,38,29,35,16,18,11,14,14,13,23,23,20,84,90,65,71,82,52,61,61,45,42,42,31,56,64,34,19,23,23,21,20,18,75,58,40,28,44,22,17,37,18,21,19,16,12,20,11,18,23,18,21,27,16,49,76,61,42,59,40,13,23,14,24,24,17,28,37,29,39,57,23,53,75,46,26,36,27,27,35,14,25,25,13,19,47,22,22,29,24,73,90,51,118,122,68,14,32,11,17,39,11,11,18,11,18,32,20,94,115,98,15,21,13,32,34,34,14,27,13,12,31,15,18,25,17,29,48,21
44.75,33,29,32,71,60,59,111,157,73,29,15,28,103,87,81,20,11,24,112,97,72,50,30,38,26,15,35,25,19,24,27,24,27,25,20,27,22,21,20,25,16,23,93,104,70,14,18,14,36,17,30,89,100,73,16,13,18,66,78,63,20,17,19,16,15,17,24,24,21,93,97,69,32,25,23,16,18,14,49,56,40,78,85,78,13,11,14,20,13,17,28,15,23,28,25,32,26,20,23,82,87,60,21,22,18,36,31,35,54,63,50,14,14,11,117,129,88,21,21,17,66,75,51,80,88,60,30,24,23,14,14,15,23,16,19,17,22,13,20,17,18,28,32,32,64,71,57,18,17,13,17,19,16,22,23,18,44,52,45,37,27,32,17,15,13,11,14,12,21,23,22,81,89,64,70,81,50,61,60,45,34,34,24,59,64,37,21,25,25,14,15,13,74,61,42,31,42,23,17,40,17,14,18,11,17,16,15,16,22,15,24,28,17,48,77,63,43,59,39,15,22,16,20,24,16,28,37,27,35,52,27,54,77,43,24,34,27,27,31,17,22,27,11,21,38,20,17,26,19,73,91,55,115,124,68,17,30,11,11,38,11,11,18,11,16,25,19,93,118,93,15,26,15,36,40,34,11,26,11,15,28,13,18,31,18,25,45,22
45,31,24,34,71,55,64,114,152,80,27,11,31,105,92,84,24,11,32,113,94,76,48,31,38,24,14,31,20,17,26,29,24,29,27,24,28,22,22,21,22,17,24,96,102,76,18,18,18,33,15,28,90,99,78,23,16,22,66,76,65,21,16,26,16,20,17,22,21,22,94,98,73,27,26,25,20,18,16,47,58,42,74,84,82,11,11,14,23,18,19,24,17,20,30,21,33,21,20,20,81,89,61,22,21,20,33,32,34,52,63,53,11,16,11,117,132,90,19,20,19,60,80,48,82,89,61,30,19,20,14,14,11,15,19,15,17,22,15,22,18,19,27,31,29,66,70,62,17,22,12,16,23,15,23,22,18,41,53,46,42,30,37,14,12,12,13,11,16,18,19,19,81,92,64,67,81,52,57,62,48,37,38,33,50,61,36,22,27,28,16,19,14,75,63,43,30,42,24,17,37,17,19,21,16,15,21,12,17,17,18,22,21,17,48,80,61,44,57,44,13,21,11,19,27,12,30,38,28,35,55,28,48,75,42,25,35,27,29,27,19,22,28,11,22,43,21,18,32,22,68,87,56,117,123,69,12,25,11,12,37,11,11,18,11,12,26,16,95,118,99,20,26,17,32,37,32,11,21,11,12,32,16,18,33,23,29,43,26
45.25,28,30,32,71,58,61,112,160,77,23,15,30,105,90,87,24,11,28,107,98,74,49,28,39,23,14,32,25,19,25,29,23,32,26,21,25,18,16,20,23,15,22,95,104,73,20,21,15,31,18,26,88,97,75,22,16,15,66,75,62,20,16,20,19,24,24,24,27,24,100,99,70,28,27,25,16,18,11,48,57,43,75,87,82,11,11,15,23,15,18,22,22,19,29,23,28,24,17,21,84,93,59,21,20,20,35,30,34,53,63,57,12,11,11,116,134,86,24,22,16,66,79,54,81,87,63,31,22,18,16,15,15,12,20,12,18,18,15,17,15,16,27,29,30,68,71,62,17,22,14,19,21,18,21,25,15,48,52,43,41,27,37,14,16,11,11,18,11,22,21,19,83,96,65,72,79,53,61,61,53,37,38,31,59,62,36,20,28,27,19,19,16,75,64,43,27,47,22,24,37,21,17,23,16,13,23,12,13,21,11,23,21,20,48,83,63,43,56,41,18,23,13,22,26,18,28,32,23,35,59,22,55,76,44,26,37,27,26,36,14,25,27,12,23,45,16,15,33,17,77,92,57,115,120,68,16,30,11,11,45,11,11,20,11,16,27,15,95,113,98,18,25,12,35,39,36,11,25,11,16,25,16,19,32,20,29,46,26
45.5,36,31,34,73,56,59,112,162,80,25,11,28,107,93,85,23,11,25,110,99,79,48,34,36,24,16,34,28,18,27,28,23,31,24,27,25,20,17,21,26,15,26,99,106,79,22,21,19,34,16,32,90,98,79,23,17,19,67,79,65,17,16,18,14,23,15,24,24,21,98,101,70,31,22,26,16,15,14,51,59,44,78,85,80,11,11,12,23,19,19,23,19,22,31,23,32,25,17,21,88,91,57,23,19,22,34,28,32,54,65,56,12,13,11,115,132,85,24,22,14,70,79,54,85,88,59,27,21,19,18,21,13,15,21,16,20,20,22,17,19,18,30,27,32,68,68,59,22,20,16,18,21,15,24,18,20,46,51,44,38,29,34,15,16,14,11,20,12,24,29,24,84,97,66,70,79,48,61,57,46,39,44,31,56,63,36,22,25,26,20,18,18,79,60,44,32,41,23,23,37,20,17,15,12,17,17,14,13,23,16,19,26,17,48,80,63,45,58,42,15,22,14,24,25,15,32,35,29,32,56,21,52,78,46,29,39,28,23,31,12,24,29,12,17,40,19,21,30,22,71,90,53,117,119,69,17,31,11,14,39,11,11,19,11,18,26,16,97,115,99,16,20,12,36,36,31,12,23,11,15,21,13,18,28,18,30,45,28
45.75,29,34,30,70,56,59,115,163,80,28,14,32,108,96,84,21,11,27,112,98,77,50,32,37,24,18,32,25,19,26,28,22,27,27,24,27,20,18,18,24,18,22,103,110,77,19,19,17,33,20,30,92,99,78,17,18,14,67,78,62,22,22,24,18,21,22,21,23,21,95,102,69,29,24,25,13,17,14,51,57,42,78,86,80,11,11,11,25,19,22,24,21,22,30,23,33,22,17,21,85,90,57,19,17,24,35,32,38,53,65,51,15,11,12,119,133,90,23,26,19,67,77,55,84,93,62,25,24,16,14,18,17,19,17,19,14,21,15,15,18,17,32,34,31,71,73,65,16,23,11,16,21,15,26,25,21,42,51,44,37,28,35,17,14,13,14,16,12,22,25,23,88,93,69,71,83,49,61,62,50,35,45,31,57,62,37,20,25,25,16,17,14,80,63,45,27,46,24,21,41,22,23,21,17,17,22,15,12,21,13,25,25,23,45,81,59,41,60,39,14,17,13,21,26,16,32,37,32,35,57,28,58,80,48,25,40,29,26,38,20,26,29,15,22,42,20,18,33,20,72,94,57,119,130,69,14,29,11,11,37,11,11,21,11,17,27,19,94,117,91,17,26,15,33,37,34,12,26,11,11,27,13,18,32,19,27,42,24
46,27,30,30,68,56,58,114,165,78,26,19,28,108,95,86,23,11,26,115,106,81,51,30,38,22,17,26,25,22,28,28,19,29,24,24,25,21,18,20,27,18,24,97,113,69,16,16,16,32,15,28,90,100,79,20,17,15,70,75,63,20,14,22,14,20,16,23,23,21,97,103,73,30,24,26,14,19,11,48,59,40,73,87,80,11,11,12,22,16,19,23,22,22,30,22,33,22,18,19,85,91,61,22,20,21,36,32,33,53,60,54,13,16,11,117,133,86,23,21,17,65,78,52,84,93,59,27,22,21,13,14,16,16,17,19,20,22,19,17,16,17,26,29,29,70,66,62,21,24,15,19,20,17,21,20,18,45,58,45,41,30,35,14,19,11,11,16,13,20,22,24,88,98,67,72,84,55,61,62,49,37,39,30,59,59,37,22,26,24,19,16,18,81,65,42,27,42,26,20,38,24,20,19,15,18,20,15,19,21,19,18,23,16,45,81,64,40,57,38,14,27,11,19,27,17,28,38,25,34,54,27,58,78,48,28,40,31,27,33,16,26,24,12,21,46,19,15,30,18,78,95,58,117,128,69,11,33,11,11,40,11,12,20,11,15,23,18,94,117,97,16,29,14,35,37,35,14,22,11,11,23,11,16,33,17,29,45,25
46.25,36,30,34,71,59,59,118,167,85,30,18,30,110,98,89,27,11,31,119,99,81,54,33,39,29,19,34,28,20,27,31,25,31,27,25,27,25,18,25,27,19,24,107,110,76,19,21,13,38,22,29,95,104,80,22,18,19,68,82,66,22,18,20,21,23,17,23,23,20,101,107,77,35,25,27,18,17,14,53,61,40,86,84,84,15,11,12,25,14,23,28,20,22,35,21,35,26,19,23,90,93,60,24,22,26,40,30,37,56,68,55,13,12,11,120,135,86,23,21,17,65,83,53,88,96,63,35,25,18,19,15,17,24,18,18,21,22,19,18,18,17,31,31,33,72,78,67,24,22,15,21,20,18,25,20,18,51,55,46,41,32,38,14,21,12,17,17,13,21,26,20,88,98,69,78,82,53,62,67,54,34,43,31,62,66,40,27,24,23,22,19,17,81,67,46,35,50,28,27,41,22,23,22,15,14,23,13,15,22,14,26,27,21,48,80,62,44,61,41,19,23,16,28,28,21,34,36,28,37,55,27,59,81,48,30,36,30,25,31,16,25,30,13,27,45,20,23,29,20,79,92,61,124,127,75,16,31,11,14,45,11,14,20,12,18,30,20,98,116,99,16,26,11,33,38,34,16,26,14,19,29,18,21,32,21,32,48,29
46.5,34,29,38,75,57,62,119,165,81,28,16,33,113,100,92,27,11,29,121,104,78,55,36,42,26,20,30,27,20,24,35,26,33,28,26,24,25,18,21,24,18,26,99,107,78,25,18,19,33,18,28,90,102,78,22,15,19,66,80,63,25,24,23,20,25,20,25,26,20,103,104,77,34,24,26,22,17,17,58,59,43,78,87,79,11,11,13,29,17,23,27,21,23,35,22,38,29,18,25,92,95,62,25,22,25,36,32,31,59,67,59,16,17,13,123,137,89,25,24,21,70,76,53,91,93,61,29,28,20,18,17,15,20,22,15,20,21,12,20,24,21,32,32,29,67,71,59,20,21,12,21,22,15,25,24,17,44,54,48,43,34,38,22,18,19,16,16,15,23,26,23,89,93,69,77,81,49,61,66,48,42,40,31,64,64,42,26,31,29,21,21,19,79,65,43,32,52,22,21,43,21,26,20,17,23,20,19,17,23,17,22,26,21,48,83,64,47,58,42,16,19,11,25,29,20,32,43,27,37,58,28,58,81,47,26,39,30,29,31,19,21,29,14,26,44,20,22,34,19,81,94,61,121,126,72,19,33,11,15,46,11,11,20,11,19,30,19,99,117,99,20,26,13,39,42,33,19,26,12,13,30,12,17,33,21,29,46,29
46.75,34,32,33,73,58,61,114,164,82,31,18,34,117,103,93,22,11,29,119,106,81,49,35,42,28,19,32,25,16,28,29,24,30,27,23,29,24,20,23,29,19,25,105,112,79,21,23,20,34,19,27,96,101,82,23,21,15,73,77,68,24,19,25,22,26,18,27,30,21,101,108,77,35,27,28,22,17,17,58,60,42,82,90,84,11,11,11,23,18,20,24,21,22,34,21,36,24,18,23,90,94,64,20,20,22,37,33,35,53,67,58,13,16,11,122,138,86,22,24,17,71,83,54,90,94,63,32,24,22,16,18,13,23,16,17,19,21,15,19,21,23,31,33,31,73,71,71,16,20,13,22,19,17,24,23,16,52,55,48,44,27,42,19,19,14,15,16,14,24,20,23,88,100,72,70,82,53,63,64,52,34,42,31,62,66,41,25,28,27,21,20,16,78,70,44,34,46,26,23,42,20,21,18,17,17,21,16,17,22,16,24,25,21,47,82,64,43,64,43,15,21,12,24,27,17,28,38,28,40,63,28,58,83,49,30,35,27,27,29,19,24,22,13,29,45,25,21,35,25,82,99,60,119,125,73,19,32,11,12,46,11,13,25,11,21,30,22,95,120,99,21,23,14,40,36,36,11,25,11,16,27,13,22,31,19,35,47,25
47,32,33,33,70,55,61,118,169,83,30,18,29,113,102,92,20,11,28,123,103,84,46,36,40,29,16,33,19,17,26,30,22,32,26,21,25,18,20,19,28,14,25,103,116,75,18,19,13,36,16,28,93,103,79,19,16,17,66,75,67,20,14,19,20,25,19,27,27,23,102,105,74,34,19,27,16,16,11,57,60,43,81,83,79,11,11,13,25,12,21,26,19,18,36,25,31,21,18,17,87,94,64,18,19,16,37,33,34,58,67,57,15,11,11,123,135,91,23,22,18,68,78,55,90,92,66,27,20,18,16,15,17,17,21,17,21,20,19,15,16,15,33,29,35,73,74,69,19,16,13,19,17,14,24,21,17,48,49,44,38,27,35,16,17,12,11,14,11,18,19,18,90,102,68,71,85,53,64,63,52,40,43,34,58,65,41,24,30,28,21,18,19,82,67,46,30,49,26,21,34,21,20,17,16,15,21,14,14,20,15,25,27,20,47,78,64,46,59,40,16,23,11,25,25,18,29,37,25,30,57,27,55,80,46,31,32,32,30,32,20,24,28,13,27,44,23,22,32,20,79,97,57,122,127,76,15,28,11,11,39,11,11,16,11,13,25,16,98,117,94,18,22,12,35,37,32,14,24,11,11,24,14,19,27,17,33,42,29
47.25,33,33,34,74,59,62,122,164,85,26,15,26,117,102,92,22,16,24,120,108,80,50,30,41,25,18,29,23,15,27,31,22,28,23,22,24,24,16,21,31,16,28,101,109,79,22,22,17,40,19,29,100,103,79,22,17,21,66,78,62,21,18,23,20,20,19,24,27,23,104,106,72,29,25,27,19,17,12,56,61,42,81,87,86,13,11,11,22,19,17,26,18,21,33,26,32,24,16,19,90,93,62,23,20,21,35,30,33,59,64,54,17,12,11,123,139,92,20,20,16,73,86,55,95,95,65,30,23,19,17,17,15,18,18,13,17,22,18,20,18,22,29,34,27,76,75,68,19,24,12,25,19,15,23,22,17,49,55,45,42,32,39,19,20,11,15,17,14,22,20,21,91,104,77,77,83,54,64,62,51,38,39,29,64,66,41,25,27,24,24,16,18,81,67,44,36,51,29,21,37,20,21,18,14,14,23,13,15,23,14,21,25,19,51,81,60,43,59,40,17,25,11,27,25,19,31,38,28,40,60,25,55,81,53,29,36,29,28,31,15,25,25,14,22,43,19,19,32,18,82,99,62,126,125,72,16,32,11,16,43,11,12,20,11,15,25,14,99,114,95,15,24,11,36,38,31,11,24,11,16,27,15,18,29,20,32,46,27
47.5,35,27,25,76,59,60,120,166,81,28,13,27,118,97,88,28,11,29,121,107,82,49,31,36,23,17,32,26,21,28,34,23,33,24,20,24,23,21,19,28,15,20,103,112,78,22,18,16,39,17,28,97,105,80,22,19,19,70,77,66,22,13,22,19,20,20,28,23,23,104,106,77,33,23,28,20,19,16,54,60,41,80,83,88,17,11,11,28,11,18,24,21,23,37,24,35,25,18,20,94,95,65,21,21,17,36,33,33,60,67,56,18,12,11,120,137,88,24,24,17,75,83,55,95,98,67,29,21,20,13,18,12,17,18,18,21,20,18,20,17,19,30,32,28,75,72,65,20,19,12,22,20,18,27,23,16,48,52,45,45,32,41,21,18,12,16,11,13,23,21,24,93,98,71,73,81,55,62,68,51,39,37,32,64,69,39,26,28,23,21,15,17,87,67,46,39,49,28,24,35,20,20,17,14,13,19,11,17,24,14,24,23,20,52,85,70,44,59,39,19,21,13,21,26,15,33,35,29,37,61,24,62,81,49,26,34,27,29,33,18,27,28,12,23,43,22,25,32,23,81,101,60,125,129,76,16,26,11,16,38,11,11,18,11,19,29,21,102,117,99,17,25,14,34,38,30,15,25,12,14,28,12,23,30,18,30,49,27
47.75,38,28,36,74,63,65,120,167,88,31,19,32,119,103,92,25,11,27,127,109,84,54,32,40,29,16,33,25,16,26,34,22,32,28,21,26,28,19,22,29,15,25,108,114,82,21,22,17,38,20,28,100,112,82,20,19,17,68,79,62,23,16,20,20,26,20,27,25,19,102,108,72,36,25,29,22,18,13,58,64,44,81,86,80,12,11,11,25,16,19,27,21,24,35,24,33,27,16,18,93,97,66,24,19,22,36,29,31,59,65,55,18,17,11,123,137,94,26,22,17,73,80,56,97,99,68,33,22,20,19,16,16,20,15,16,22,23,20,21,20,19,28,27,31,74,75,68,21,23,13,21,19,16,27,23,17,50,55,45,42,32,37,19,15,12,14,18,11,24,25,24,88,103,74,77,86,56,65,61,51,41,37,31,67,66,44,24,25,25,18,19,16,86,72,47,38,51,28,21,41,19,21,16,15,15,22,13,23,18,18,24,24,18,53,83,64,46,62,41,19,21,11,26,28,17,32,38,28,37,59,25,62,82,49,27,30,30,26,33,12,25,30,14,25,43,22,22,34,20,84,101,62,125,129,74,14,35,11,17,46,11,14,20,11,16,25,18,95,115,93,21,25,17,36,38,34,11,27,11,14,26,14,22,32,20,33,46,24
48,31,29,32,75,63,60,118,169,91,32,15,33,114,103,95,23,11,28,123,106,82,52,32,32,25,18,27,22,21,23,34,23,31,27,22,26,20,18,20,22,14,22,102,114,77,18,21,14,36,21,28,96,106,83,21,14,20,68,75,65,24,14,23,16,20,14,21,25,16,107,108,81,34,20,25,19,16,11,57,63,41,80,84,83,14,11,11,21,14,14,26,19,22,36,20,34,24,19,19,95,99,65,21,19,20,38,30,35,57,66,59,17,13,11,125,136,94,26,21,18,70,83,52,95,96,68,30,25,18,15,13,14,13,16,11,18,19,16,18,18,14,29,27,28,73,77,65,24,20,15,24,20,16,28,18,18,51,55,48,39,30,36,19,15,12,14,17,13,23,19,25,90,103,68,77,87,53,61,63,51,34,37,28,64,66,43,21,23,27,17,17,16,83,70,45,33,50,26,22,41,22,19,21,16,17,17,11,15,21,13,19,24,14,51,79,62,43,60,41,18,18,14,25,24,19,28,40,25,39,54,29,57,83,49,27,35,29,28,31,12,24,27,14,23,45,17,20,28,20,86,101,63,127,131,73,13,31,11,11,47,11,15,21,11,18,25,19,100,114,97,17,25,11,38,34,33,13,22,11,14,25,11,21,29,15,33,39,25
48.25,36,36,34,75,59,66,123,176,92,28,23,33,120,110,97,25,17,32,121,118,82,50,39,42,25,22,32,26,23,31,33,26,33,27,26,29,19,23,24,30,15,32,105,122,84,23,21,21,42,19,32,103,115,86,19,16,21,68,82,65,20,21,23,21,18,20,23,24,26,106,116,78,36,26,30,19,21,16,59,70,46,79,89,85,12,11,16,24,11,22,22,20,22,38,19,39,26,20,25,97,106,72,21,21,27,35,37,35,62,70,61,17,15,12,127,141,98,26,24,20,75,83,60,94,97,71,31,27,21,15,21,18,20,24,23,13,27,18,14,19,16,30,36,35,76,78,69,21,15,16,21,22,19,28,26,21,53,61,52,42,32,39,20,16,16,11,15,13,23,26,26,91,105,74,78,93,55,65,76,55,41,41,35,65,71,47,25,30,27,17,18,21,84,73,52,36,51,31,23,35,25,20,23,14,17,21,18,16,26,17,21,25,21,50,91,69,49,60,45,17,21,12,26,28,22,32,39,31,38,59,29,61,89,49,26,39,31,25,35,20,25,35,17,24,45,24,17,32,20,87,110,64,128,139,80,15,29,11,15,36,11,12,22,11,18,30,21,98,118,101,25,27,20,33,46,32,11,25,11,12,30,16,22,33,22,34,50,30
48.5,35,31,35,75,63,62,120,173,90,24,20,30,121,106,96,25,12,30,125,110,83,53,38,46,27,20,34,26,21,29,32,24,32,25,21,28,18,17,21,26,14,26,108,115,80,19,22,17,36,21,28,102,112,85,21,17,21,72,81,72,19,19,21,16,19,17,24,27,22,103,113,77,32,25,28,19,17,14,60,68,48,83,87,85,13,11,17,24,17,22,29,28,26,31,26,34,26,20,25,99,99,68,21,24,24,40,35,38,61,70,58,11,12,11,124,143,95,24,23,19,75,86,59,98,101,73,30,25,22,18,18,18,17,19,21,20,21,19,21,17,20,31,32,35,76,77,68,17,19,15,20,22,24,25,21,17,51,56,50,42,29,40,17,16,14,11,17,15,22,23,22,97,104,77,76,88,56,64,69,59,39,39,32,63,71,47,22,27,27,18,22,18,84,72,49,34,51,29,23,37,18,19,22,18,17,24,17,15,24,14,22,30,23,50,85,70,47,63,46,17,26,15,26,26,19,32,39,31,38,61,30,64,87,56,27,36,32,31,32,19,28,30,15,24,44,24,18,29,21,82,102,65,125,134,74,16,30,11,11,40,11,11,18,11,14,28,21,95,116,95,16,27,13,36,40,34,11,29,11,15,27,16,21,32,22,28,49,27
48.75,36,32,32,75,66,63,125,175,91,32,18,33,121,110,94,25,12,32,131,112,85,52,34,38,25,23,31,27,21,27,32,23,33,23,25,23,24,23,24,21,18,22,111,117,84,17,23,19,36,19,32,102,110,82,18,17,18,72,84,64,22,18,20,21,25,15,27,29,24,108,112,80,33,20,28,20,21,18,62,67,48,81,89,87,14,11,17,20,16,17,24,26,20,31,20,34,24,18,24,99,101,71,26,20,25,41,34,37,63,71,57,12,12,11,129,141,92,19,21,17,73,87,57,100,101,66,30,24,24,15,16,14,23,18,17,17,22,19,18,21,18,29,30,30,81,79,67,23,20,17,17,21,14,25,23,20,48,55,50,42,32,40,16,18,11,15,16,15,22,25,24,95,103,76,81,85,58,63,69,53,39,43,33,67,70,46,27,26,27,17,21,19,86,74,50,43,53,32,27,37,26,22,18,18,19,24,14,20,28,18,27,28,21,54,86,67,48,68,43,17,24,16,21,26,15,29,42,27,41,58,31,63,86,50,26,36,29,26,32,15,25,31,14,27,43,21,21,30,23,88,109,65,130,137,77,16,31,11,11,47,11,11,19,11,18,29,20,99,115,100,17,27,15,35,33,35,15,28,11,11,29,17,20,30,20,27,52,28
49,39,29,36,75,62,64,135,174,92,32,21,34,122,107,101,23,14,29,131,116,89,55,33,43,26,21,33,34,22,32,33,24,34,25,23,27,21,20,22,27,18,29,112,121,82,18,24,19,38,21,26,103,116,88,18,22,18,70,82,70,19,16,19,17,22,21,28,29,27,108,115,81,32,26,30,17,21,15,61,68,52,76,89,84,13,11,16,24,16,27,25,25,25,31,30,34,28,20,27,94,105,70,25,24,24,38,37,36,64,70,58,12,17,12,126,145,97,21,26,17,71,87,60,102,103,72,31,26,22,13,18,18,17,20,19,19,26,20,22,20,20,31,32,36,80,79,73,18,24,15,20,22,20,24,24,26,52,60,53,47,34,42,18,19,15,11,15,11,22,23,24,94,106,77,79,89,59,65,68,54,41,41,33,65,74,44,26,23,29,16,22,18,89,76,55,41,58,32,20,40,22,22,22,21,15,22,12,21,26,18,23,30,19,58,88,70,49,65,48,20,28,19,25,30,18,30,41,28,35,61,34,63,88,53,29,42,33,26,33,16,26,30,17,32,47,27,20,35,22,87,106,69,126,134,81,12,32,11,11,46,11,13,21,12,17,32,26,97,122,100,21,24,17,38,40,34,17,28,11,13,29,16,19,32,24,31,51,28
49.25,33,38,33,75,64,66,127,173,97,25,29,33,120,116,99,26,21,33,121,119,89,50,41,43,26,24,32,27,28,30,33,27,36,29,25,29,22,23,24,27,15,24,113,120,87,22,20,22,40,16,37,102,117,93,22,21,23,69,79,69,19,21,19,19,17,22,24,23,24,111,120,84,29,26,28,20,11,18,62,65,43,84,84,82,12,11,13,27,14,26,24,21,25,37,19,36,25,17,26,96,102,67,20,20,24,34,30,34,62,70,59,13,11,11,124,138,97,26,26,17,74,86,59,101,101,71,32,27,20,19,18,15,21,21,21,20,20,20,14,17,15,34,35,34,76,80,73,16,13,13,26,18,24,28,22,19,50,58,51,42,30,42,18,17,12,15,16,17,22,27,25,96,108,77,79,91,59,66,78,59,38,42,37,65,75,44,24,26,34,22,18,19,87,70,52,41,48,30,28,33,26,25,18,19,16,22,17,14,24,17,20,28,21,52,89,71,46,64,46,19,27,20,25,29,20,30,42,32,39,60,29,63,87,57,30,39,29,29,29,18,20,35,11,27,45,25,24,27,24,89,110,69,130,138,82,14,29,11,11,36,11,11,20,11,17,30,20,97,119,97,19,24,16,36,42,32,17,29,11,14,35,16,22,29,19,32,50,31
49.5,34,32,37,74,63,66,124,175,95,31,16,33,127,116,98,26,19,29,132,116,88,56,38,48,31,20,36,31,24,31,31,29,31,28,22,29,21,22,24,32,20,26,115,123,86,21,25,21,42,23,32,107,115,90,23,21,18,73,80,70,21,22,24,19,25,20,27,28,24,109,117,84,29,24,26,18,21,15,63,68,49,80,88,88,14,11,17,27,19,21,27,26,27,39,27,36,22,17,22,100,106,72,24,23,22,36,33,35,61,71,61,15,19,13,132,148,104,27,25,19,78,88,63,97,106,73,32,27,24,16,21,14,18,20,19,23,22,26,21,24,21,35,32,34,81,80,70,20,25,15,22,24,19,27,24,21,55,58,53,48,33,44,19,22,16,12,20,17,26,28,25,97,108,76,82,92,58,67,68,52,41,42,32,68,74,47,26,28,29,22,22,22,89,78,52,41,59,34,25,43,25,24,23,19,18,20,18,15,26,16,27,29,24,50,92,69,48,64,45,17,28,16,23,29,22,32,45,32,42,64,33,68,90,58,27,36,30,28,34,20,27,33,20,28,53,24,21,39,23,87,110,67,132,136,81,23,37,16,11,50,11,15,23,12,17,31,21,101,116,97,23,28,18,34,45,35,12,25,13,19,31,16,22,28,26,38,48,34
49.75,36,33,36,78,63,64,124,177,93,27,18,32,126,116,102,18,11,28,127,117,91,51,37,48,25,19,31,29,21,33,31,26,31,30,22,28,20,18,23,24,18,23,115,125,89,22,23,20,36,23,30,103,116,91,23,21,21,74,86,70,25,14,22,18,27,17,24,27,23,110,118,82,37,23,32,17,20,13,63,68,52,81,90,86,14,11,14,24,20,21,28,21,26,33,28,35,25,21,24,99,103,72,22,22,23,40,37,38,62,70,58,18,17,11,135,147,103,24,24,18,78,89,63,99,106,72,33,29,23,15,18,16,20,18,18,19,24,17,17,23,19,29,33,31,77,84,70,22,19,17,23,22,23,25,23,22,54,61,54,46,27,42,24,21,16,11,16,16,26,26,21,96,109,79,80,92,58,65,71,54,39,39,30,68,73,45,21,32,28,19,18,16,91,78,54,42,54,29,27,41,24,19,21,16,16,22,15,17,26,18,24,25,21,54,90,74,48,69,49,15,25,13,24,30,19,32,38,32,39,62,31,67,92,57,29,35,31,27,30,20,26,30,13,22,49,22,19,32,24,91,110,69,132,135,81,13,31,11,15,46,11,12,20,11,16,30,22,96,116,95,19,25,15,34,40,30,14,26,13,17,28,15,22,33,21,35,50,30
50,32,31,33,73,62,59,125,177,100,29,16,31,122,115,104,24,11,31,129,115,92,51,35,45,30,16,34,24,19,29,30,26,31,28,25,29,23,19,23,26,19,24,112,116,89,20,23,16,40,20,32,103,116,87,21,19,19,67,78,69,21,17,19,16,22,16,26,27,21,109,114,84,27,25,26,23,18,15,63,70,49,75,90,82,13,11,16,23,16,21,25,23,22,35,23,33,25,17,22,96,105,72,22,22,24,37,35,34,58,70,59,12,16,11,129,145,101,26,23,15,77,91,65,95,106,71,29,28,18,18,18,14,19,19,18,17,20,18,19,20,20,28,35,30,77,78,70,20,20,13,21,19,21,28,22,23,47,55,49,40,33,41,18,15,15,12,19,13,23,23,22,99,106,82,85,92,63,67,68,53,37,41,34,68,74,49,23,28,29,21,22,19,93,77,56,39,54,32,20,39,21,20,24,18,17,23,14,16,23,15,22,27,20,52,89,70,42,65,41,18,24,11,24,26,22,33,41,31,38,59,30,69,89,60,30,37,35,26,32,19,24,30,13,27,45,25,17,29,22,93,107,72,129,135,80,13,33,11,11,47,11,12,21,11,17,33,20,94,120,95,20,26,17,36,38,32,11,24,11,11,28,12,19,28,19,29,48,28
50.25,37,29,31,72,61,61,134,175,95,30,16,30,131,114,104,19,14,27,130,119,89,58,32,42,25,18,34,25,19,28,29,25,33,26,24,30,23,21,22,27,16,25,113,120,84,17,25,17,38,22,27,108,118,93,21,15,19,72,84,70,20,21,22,18,19,22,26,26,24,114,116,86,30,25,26,20,16,15,62,68,47,78,88,81,11,11,14,24,16,23,25,23,21,32,29,37,25,16,23,100,107,71,21,24,19,35,33,35,60,68,60,15,18,11,132,147,101,23,23,20,77,92,60,102,108,71,32,26,21,16,15,16,21,22,16,22,20,17,23,19,19,28,34,29,78,80,72,19,24,15,17,23,15,23,24,16,52,62,53,41,34,38,16,20,13,15,15,17,24,23,23,98,111,76,81,95,57,66,71,61,38,40,30,71,70,44,25,30,31,22,22,20,93,77,54,37,58,29,21,39,22,17,24,12,17,20,15,18,28,15,21,21,21,53,92,74,47,64,41,18,25,17,23,25,18,32,40,26,36,63,29,65,87,55,27,35,30,26,29,18,24,28,13,33,45,27,19,30,21,92,112,70,131,141,84,12,34,11,11,41,11,11,20,11,12,30,19,95,117,99,14,24,14,39,38,37,18,22,13,14,29,12,20,35,23,33,50,28
50.5,35,33,35,72,63,63,130,178,99,30,18,29,128,120,102,27,11,34,136,120,94,56,39,48,31,22,36,26,24,32,34,25,34,30,22,28,24,21,26,23,15,25,112,124,86,22,21,21,40,23,30,105,117,90,15,19,19,71,81,70,24,21,24,22,25,23,28,23,26,106,121,81,35,30,26,19,20,15,65,68,48,78,86,84,13,12,15,26,15,23,25,24,23,35,26,40,26,22,25,99,113,73,24,25,24,35,33,33,61,70,58,13,18,11,134,147,101,22,24,19,78,89,61,104,106,74,30,28,22,14,18,16,22,18,19,21,26,19,21,17,21,34,33,35,79,80,73,21,21,14,23,20,22,24,27,21,56,57,56,45,31,37,17,19,11,14,17,18,19,28,23,103,110,77,82,92,60,70,76,57,42,43,34,67,76,49,23,33,30,22,20,20,94,77,54,40,57,31,25,38,23,18,19,12,13,28,15,16,27,18,21,30,24,51,93,72,48,67,45,13,22,15,26,35,22,33,42,31,41,62,32,70,91,56,26,40,29,27,30,20,30,31,19,26,47,27,21,31,22,94,108,70,135,137,87,17,29,13,15,41,11,14,24,11,22,28,23,102,121,101,23,27,17,32,45,33,15,28,15,16,33,16,23,32,26,32,47,27
50.75,35,28,37,70,62,67,125,177,100,26,18,33,126,112,103,23,12,29,130,123,93,51,36,43,26,20,32,27,20,25,30,26,35,27,23,23,23,22,27,27,16,26,114,123,90,16,21,19,36,26,33,104,119,91,24,21,18,73,81,73,22,19,25,17,23,19,25,28,24,110,118,86,27,26,25,20,19,16,56,69,50,79,87,85,14,11,16,22,17,19,26,25,23,33,28,34,24,23,24,100,107,73,22,25,24,34,36,37,61,71,62,15,14,11,134,149,104,24,25,20,76,90,62,100,110,72,34,26,24,12,18,16,20,16,20,18,17,21,19,20,18,26,35,31,79,83,70,20,23,15,21,20,19,24,23,17,54,60,53,39,33,41,16,21,14,13,18,11,27,23,28,97,113,79,80,92,62,67,72,60,38,40,36,73,76,52,22,29,31,15,20,18,92,80,53,39,54,35,22,40,27,20,26,16,14,19,14,15,22,16,20,26,21,55,92,71,45,64,46,16,23,12,20,27,16,32,44,30,35,62,30,60,88,57,28,36,30,27,32,15,24,25,16,22,45,22,19,29,22,94,111,71,129,136,83,16,33,11,12,49,11,11,21,11,15,29,19,95,118,95,14,26,12,36,43,38,14,26,12,13,25,17,20,30,22,24,44,25
51,38,33,33,72,62,63,130,175,98,30,17,29,123,116,102,24,12,27,134,117,91,54,34,50,28,19,30,25,18,28,30,26,35,27,19,27,20,17,23,27,15,24,117,127,94,18,23,16,39,21,32,110,119,92,18,17,16,67,76,65,19,20,21,16,21,16,25,27,21,114,118,85,32,25,28,18,15,13,65,67,49,79,87,83,11,11,11,22,17,20,31,23,24,31,23,39,25,18,22,101,108,74,22,18,21,36,30,33,64,70,60,15,13,11,129,146,102,22,24,18,79,91,62,106,108,77,29,27,21,15,14,15,17,23,17,21,26,20,23,16,20,29,33,33,77,82,71,17,22,15,19,19,18,25,25,20,55,63,51,41,27,40,20,16,13,14,17,13,25,27,25,103,113,81,81,92,57,66,72,56,35,39,30,71,74,47,24,29,26,23,19,19,96,77,58,43,57,30,26,41,24,17,19,13,18,21,15,17,21,14,25,27,22,60,86,71,49,66,45,15,19,13,25,31,15,35,41,31,41,63,29,67,91,55,28,38,32,26,28,14,22,29,13,31,48,23,21,33,22,93,112,69,132,141,86,14,33,11,12,47,11,11,25,11,13,29,21,91,121,98,14,25,11,42,40,33,19,22,12,14,31,11,19,27,17,28,45,28
51.25,34,33,39,75,56,61,129,182,101,29,19,32,128,120,111,27,11,34,133,126,95,54,41,44,30,18,36,19,22,32,32,26,34,27,28,27,24,21,25,30,17,28,116,130,88,21,25,19,39,20,34,110,125,95,23,21,24,74,84,71,24,21,26,20,21,23,24,25,28,113,121,89,29,26,27,19,14,15,69,72,56,82,88,83,11,11,16,22,16,22,30,24,27,35,24,38,25,20,22,104,109,73,24,23,24,39,37,39,56,72,60,15,16,11,131,152,106,23,26,20,78,88,65,101,111,75,28,30,20,19,21,18,16,21,15,23,23,21,18,25,18,31,35,33,79,83,75,24,22,18,21,20,20,27,26,22,55,63,51,42,30,43,19,20,14,17,15,18,22,25,27,100,112,83,82,98,62,69,72,57,39,45,37,72,79,51,25,30,32,21,22,21,93,79,60,37,61,30,24,42,25,18,20,15,17,24,15,20,22,22,22,28,20,55,93,77,49,65,49,20,28,17,24,32,19,31,44,30,43,60,34,69,94,63,32,39,35,29,35,18,26,32,16,26,45,25,16,34,22,96,117,70,137,144,83,16,29,11,11,46,11,11,20,13,18,29,22,97,118,98,17,26,15,37,41,37,11,25,11,19,33,19,22,30,21,35,48,28
51.5,34,32,32,75,60,64,134,183,98,28,21,31,134,118,109,17,13,25,137,126,97,54,36,45,30,21,37,28,21,29,31,21,30,28,25,27,20,22,21,26,18,26,116,128,90,17,22,17,37,20,36,113,117,93,21,13,22,73,82,66,19,14,19,15,21,14,28,29,26,112,118,84,31,23,27,21,11,12,65,70,55,80,89,84,15,11,18,27,21,23,27,22,25,34,27,38,23,19,23,104,109,72,26,19,25,35,33,35,63,72,61,18,13,16,136,148,103,19,22,18,79,89,66,102,109,76,31,25,21,15,13,15,23,19,17,23,24,17,17,16,18,30,33,34,80,86,74,18,25,14,21,21,19,24,20,23,56,57,50,44,34,42,17,18,11,12,18,13,22,25,20,101,115,81,87,94,60,65,74,57,36,40,35,73,76,52,24,28,26,22,20,19,95,78,57,46,61,32,25,35,24,19,20,15,18,24,15,22,27,19,23,27,21,55,91,74,49,67,44,14,24,12,26,23,19,32,41,32,39,59,29,69,92,59,28,38,35,25,30,16,24,26,13,24,54,20,22,34,21,100,116,75,132,139,84,17,36,11,11,44,11,11,19,11,18,27,19,96,118,98,22,32,18,37,40,37,11,28,11,13,30,13,23,28,23,31,45,29
51.75,35,37,32,73,62,60,128,180,104,28,16,32,134,121,110,23,11,28,135,125,96,49,38,42,27,16,28,23,21,27,34,24,34,25,20,28,23,18,24,26,20,24,113,127,88,19,21,16,41,24,33,112,122,92,22,17,21,73,83,69,23,17,24,20,25,19,26,26,20,114,118,87,30,23,25,20,17,15,65,69,54,81,89,85,12,11,11,22,14,22,29,19,24,36,23,39,26,24,26,105,112,76,19,20,20,36,33,34,59,73,59,16,17,11,131,151,106,21,23,16,77,96,66,105,111,73,30,28,20,17,17,17,15,17,18,22,21,18,17,22,20,30,32,32,79,84,72,18,23,11,23,15,19,29,19,23,57,60,55,44,27,41,17,16,11,16,15,16,23,22,24,102,109,85,82,94,58,68,70,56,39,40,29,72,78,50,26,24,29,15,18,17,93,82,54,43,63,33,26,39,25,21,21,14,17,22,16,19,25,18,20,30,19,53,93,73,45,65,44,16,28,16,22,27,15,30,43,28,43,60,31,71,93,59,35,35,33,26,29,16,24,27,13,28,43,25,21,28,22,98,116,74,138,145,89,14,35,11,12,50,11,11,23,11,16,29,19,98,117,96,18,26,11,38,39,36,11,25,11,17,30,13,20,30,18,32,45,25
52,34,33,35,73,63,61,130,183,109,28,18,36,133,124,110,23,20,28,133,127,94,54,41,45,27,17,32,28,19,26,31,24,35,31,23,30,21,18,20,27,15,23,119,129,93,18,19,20,40,21,36,110,124,95,23,21,18,68,80,65,21,17,24,15,18,20,25,24,26,114,124,87,28,28,25,21,19,15,63,78,55,81,90,88,12,11,12,25,17,21,34,24,26,33,26,36,22,16,24,105,111,73,25,19,22,41,35,38,59,75,62,18,18,12,136,151,109,27,26,20,81,97,63,108,113,77,34,28,23,18,16,18,18,21,20,17,23,19,21,19,21,31,34,30,77,86,73,20,18,16,18,21,17,26,25,23,52,67,55,41,32,40,19,17,13,13,15,13,23,24,25,102,115,79,85,97,63,68,74,59,38,45,39,74,79,54,26,32,30,19,20,18,99,83,59,45,65,32,26,42,22,19,21,14,16,19,15,21,26,20,24,26,24,52,93,74,51,64,45,20,24,12,27,26,22,35,43,34,39,65,35,64,94,57,31,35,31,27,33,16,24,30,16,28,46,27,20,29,25,101,115,70,140,147,86,23,28,14,19,46,11,11,20,11,18,29,22,96,121,98,23,26,17,40,42,37,12,24,11,14,30,16,25,26,24,34,49,30
52.25,30,33,34,72,61,63,130,183,101,30,20,32,137,122,111,22,16,30,135,129,96,52,38,42,24,23,36,27,21,25,32,27,30,26,22,28,22,23,20,30,15,30,119,129,91,19,24,19,43,19,35,117,130,96,20,18,16,74,81,71,23,16,21,17,20,18,24,27,20,120,125,87,31,23,27,22,19,14,67,76,57,80,92,86,17,11,17,22,17,19,25,25,25,37,26,36,24,19,21,108,108,77,24,25,23,35,35,37,69,75,63,16,12,11,139,154,108,22,23,18,81,94,63,106,109,82,33,30,21,16,21,19,19,18,17,21,24,19,15,17,18,32,33,35,83,86,77,18,23,16,22,19,21,24,27,21,57,62,52,42,31,40,20,19,14,16,15,21,20,28,21,101,116,84,88,98,67,66,75,58,36,44,34,71,74,50,20,31,23,21,18,19,97,83,60,46,66,35,24,41,22,21,27,18,18,24,17,15,23,16,23,24,20,58,95,76,48,67,49,11,23,14,25,30,22,33,40,34,44,63,33,67,90,53,29,34,32,27,36,19,24,29,14,23,52,29,19,30,21,103,118,77,138,144,88,16,29,11,15,42,11,11,24,11,18,31,21,100,118,98,23,26,18,37,37,35,16,25,12,11,27,12,21,31,23,32,46,30
52.5,35,28,30,74,58,66,130,181,105,30,14,37,134,123,109,25,13,28,140,128,97,58,39,44,28,17,32,28,21,27,30,25,31,25,25,29,23,23,20,27,14,24,117,129,93,18,21,18,39,25,34,115,124,93,19,14,17,71,80,72,23,16,24,20,24,17,24,26,22,118,125,90,29,22,28,21,17,17,66,73,54,80,86,83,12,11,15,25,19,24,31,22,26,38,28,37,28,19,26,111,114,78,23,25,25,39,32,38,62,76,64,14,16,11,138,153,107,21,25,17,81,94,65,107,111,78,32,31,22,18,23,15,19,15,21,21,22,21,20,19,19,28,34,28,82,87,74,19,24,11,23,21,19,25,22,21,55,62,53,41,37,40,20,24,15,15,16,16,26,28,28,105,118,84,86,95,65,66,71,58,39,44,34,75,77,55,25,34,31,19,21,20,99,82,64,48,63,37,22,38,23,21,19,19,16,25,17,18,27,16,24,29,21,54,94,73,50,66,47,17,24,15,21,28,23,35,44,32,39,60,31,67,92,61,30,35,33,22,32,13,24,28,19,27,49,26,20,33,22,105,120,75,141,145,90,17,34,11,21,46,16,13,25,12,17,27,17,98,120,95,15,26,13,35,43,34,14,27,11,13,30,14,18,34,21,28,46,31
52.75,33,38,33,70,65,62,132,181,105,28,23,32,135,128,110,22,17,31,140,126,101,54,36,45,26,21,34,26,23,32,29,24,33,26,19,28,21,22,20,25,17,26,122,133,92,20,20,18,39,24,32,114,131,102,15,18,17,69,83,68,24,19,25,18,19,18,22,26,24,119,128,90,30,28,26,16,19,14,67,78,52,81,90,86,12,11,15,23,17,22,25,21,26,38,24,31,24,18,21,108,113,80,23,22,23,34,34,37,60,73,61,14,14,11,136,151,111,21,23,15,79,97,64,105,114,80,30,28,21,17,21,13,23,19,22,22,24,21,21,21,17,29,31,31,82,88,77,17,22,12,19,22,17,25,24,21,53,63,52,45,32,46,17,17,11,13,16,17,18,26,22,103,116,85,86,99,63,65,73,58,39,42,36,72,79,51,26,30,32,19,17,17,97,82,60,48,64,37,24,39,23,19,20,17,15,24,13,16,26,17,22,31,21,57,93,79,44,72,44,13,23,13,23,25,18,32,38,33,40,65,33,68,93,62,29,39,34,26,35,19,24,33,14,28,45,28,17,29,21,101,121,74,139,147,90,14,28,11,14,48,11,11,21,11,16,30,18,95,121,97,17,27,12,36,43,35,14,28,11,15,34,15,23,29,26,31,46,30
53,33,38,33,75,60,60,132,180,106,27,25,31,136,127,108,18,16,22,138,132,97,52,40,43,26,24,32,23,22,27,31,26,32,24,24,29,20,20,23,26,17,28,117,131,90,21,21,17,37,21,31,118,128,93,18,17,17,69,81,66,18,19,21,20,19,23,24,26,23,118,129,87,31,27,28,19,19,14,68,77,55,81,88,83,14,11,19,23,15,23,27,20,25,33,23,33,24,24,21,107,114,77,23,20,23,36,32,36,63,72,61,14,11,11,132,154,104,23,26,19,83,94,68,107,112,79,34,26,26,14,17,11,19,22,18,17,27,20,17,22,24,28,36,31,80,92,74,19,18,11,20,20,17,28,23,23,55,67,49,43,31,44,14,16,11,11,17,12,20,25,23,103,115,86,90,98,67,68,75,61,39,42,35,77,83,52,25,26,29,24,19,19,99,80,59,48,64,33,21,38,22,19,19,15,14,22,16,18,21,18,23,30,23,58,94,77,50,64,50,15,24,15,25,29,22,29,38,34,38,64,31,70,99,58,30,38,34,22,31,16,17,33,12,25,46,28,18,31,23,103,122,78,139,148,95,14,31,11,14,43,11,11,18,11,16,25,19,96,122,99,16,27,16,39,44,38,11,30,12,11,29,12,19,33,27,27,48,26
53.25,34,35,35,74,62,61,131,185,107,24,22,33,137,132,115,27,15,30,139,132,102,56,38,46,22,20,30,28,18,30,27,24,32,23,25,29,21,19,23,22,16,25,122,132,92,21,24,19,42,21,34,118,128,99,19,16,19,72,82,66,18,12,17,20,20,21,24,27,25,117,125,84,29,22,24,18,21,17,65,77,48,80,89,85,11,13,15,26,15,22,26,21,25,33,26,36,26,20,29,108,113,81,22,23,19,34,33,33,65,74,62,15,17,11,137,158,110,24,22,20,82,95,68,108,112,80,30,28,22,13,16,17,17,19,19,20,21,18,21,19,18,26,31,28,80,86,78,20,22,11,17,21,22,26,24,21,51,66,49,44,32,41,20,22,16,15,14,17,22,28,25,104,118,81,88,99,63,66,77,58,40,46,35,75,80,50,24,30,28,20,21,19,103,82,64,47,65,34,25,41,29,18,25,17,15,24,14,17,22,17,23,27,24,54,91,76,46,68,45,11,23,14,22,24,17,31,39,30,34,60,29,70,95,64,26,36,32,24,30,19,25,29,15,25,48,24,19,31,23,104,121,79,143,148,89,18,34,11,16,44,11,11,20,11,16,29,18,98,116,97,17,30,16,41,44,36,11,26,11,11,29,15,17,34,19,32,49,28
53.5,34,31,34,73,59,59,133,184,104,31,17,28,140,129,110,23,13,25,142,135,98,51,34,44,28,23,35,28,19,29,32,22,31,25,22,30,24,20,22,26,14,27,123,133,97,20,19,19,40,23,30,119,126,96,20,16,18,72,82,71,23,16,25,21,19,16,24,28,27,120,125,88,27,20,23,16,15,12,68,75,55,81,92,79,14,11,13,23,16,18,30,23,25,39,23,37,22,21,21,110,115,78,22,21,20,37,34,38,61,72,57,16,14,11,138,152,106,22,24,15,84,95,68,111,115,80,36,30,22,20,16,15,20,15,17,17,18,20,20,22,20,30,31,32,78,90,70,20,23,14,23,17,20,27,24,22,58,61,56,46,31,44,20,20,13,14,15,15,23,27,21,109,119,87,85,100,67,66,74,60,37,42,34,73,77,46,29,29,28,17,17,20,101,88,61,43,64,32,24,40,20,18,18,15,18,18,16,20,20,17,24,27,22,56,97,76,47,67,44,16,20,14,25,31,21,32,42,31,45,66,33,71,94,59,30,38,32,26,32,15,27,29,15,26,51,29,19,30,18,102,123,78,143,148,93,16,27,11,14,46,11,11,20,11,17,30,22,96,122,97,17,23,14,40,45,39,15,24,11,13,30,15,18,29,24,33,48,26
53.75,33,34,35,76,64,61,132,187,107,30,17,32,142,130,114,25,11,32,141,131,101,51,40,44,29,16,36,27,18,27,32,26,30,25,22,25,18,21,20,22,15,19,125,131,96,20,23,15,46,20,34,117,129,95,21,17,19,75,83,69,19,14,18,22,23,19,20,25,21,120,124,88,31,23,27,17,14,13,71,72,58,83,87,86,16,11,17,26,19,19,27,25,27,36,25,37,21,17,20,111,116,80,19,20,19,34,33,35,68,73,64,17,18,12,138,155,107,24,21,18,86,96,67,110,115,80,32,29,19,18,17,17,19,19,16,19,25,21,15,15,17,26,28,24,82,90,76,24,23,17,24,19,17,30,22,21,56,60,50,49,30,42,17,19,13,12,16,12,21,24,19,107,119,85,90,95,64,68,77,59,36,47,32,79,83,52,26,28,29,18,17,17,102,86,63,45,67,32,28,39,24,23,21,14,14,24,12,19,22,17,23,26,20,57,93,79,46,73,49,15,19,14,21,27,18,33,42,31,43,60,32,72,92,65,30,34,30,24,28,16,26,22,13,26,47,25,21,32,20,108,125,80,142,143,88,20,32,11,13,46,11,11,21,11,21,28,20,96,121,96,19,26,16,39,38,38,12,26,11,14,27,14,19,29,22,28,45,26
54,34,34,33,72,65,61,135,181,108,25,22,34,139,135,117,20,14,27,139,132,99,56,40,44,28,25,39,25,18,24,33,25,32,26,21,26,22,22,27,24,18,22,124,135,97,21,21,22,40,25,34,114,134,98,23,13,19,69,86,66,15,18,20,20,20,19,23,24,20,117,131,87,33,24,28,18,19,12,65,77,55,81,91,85,11,11,13,25,12,20,22,20,20,35,23,38,25,19,22,109,116,80,23,22,20,37,29,31,65,77,63,15,15,11,141,156,108,20,24,16,80,100,66,111,116,81,33,28,21,18,16,18,22,18,19,20,23,16,15,19,19,29,30,31,84,90,79,19,22,17,21,20,19,27,22,23,57,63,52,42,32,37,18,19,12,12,18,13,25,25,24,105,122,87,87,103,65,66,74,57,38,42,33,76,80,55,23,27,30,18,22,19,104,85,62,44,65,33,24,41,29,21,18,17,13,19,13,18,23,17,20,27,20,55,98,77,48,65,48,16,26,14,21,25,17,34,41,30,40,66,35,73,97,61,28,38,30,28,30,18,18,26,11,26,45,22,20,30,23,110,127,83,145,148,92,18,33,11,16,46,11,11,22,12,17,26,20,94,113,96,21,19,17,39,42,35,13,24,11,12,30,15,19,27,23,28,50,27
54.25,31,40,32,73,61,63,133,189,111,29,22,34,143,137,120,23,14,32,143,135,105,52,40,46,27,23,34,23,22,26,31,24,35,24,26,26,20,22,23,24,22,25,126,138,100,20,20,20,39,26,35,118,134,96,22,16,21,73,81,68,22,18,24,18,20,19,21,27,27,124,129,91,28,30,27,17,17,16,71,81,58,82,90,84,16,11,16,25,15,24,28,26,22,38,25,43,27,20,22,114,122,80,23,22,27,34,35,36,67,73,63,15,17,13,136,158,111,28,21,22,84,99,68,117,120,86,31,34,25,17,18,13,17,21,18,23,23,21,20,21,23,30,33,31,81,90,72,21,21,12,24,17,21,25,27,20,60,63,56,44,34,46,17,19,12,15,16,17,24,26,27,109,121,92,88,101,68,66,80,62,38,47,35,77,83,52,25,28,30,21,19,21,103,87,66,47,70,33,26,40,25,17,16,18,16,26,17,17,24,18,22,30,24,56,98,79,45,69,45,19,25,17,24,29,20,31,37,30,42,66,39,71,103,60,30,36,33,25,33,17,24,26,15,25,50,21,20,34,23,105,126,79,142,150,92,17,33,11,12,46,11,13,20,11,16,30,19,96,119,98,15,27,16,36,42,38,13,22,11,11,32,12,23,30,27,32,45,32
54.5,37,43,35,73,65,62,136,182,110,28,33,35,148,144,118,21,28,29,146,141,105,55,44,48,29,23,37,23,30,29,31,29,32,24,27,30,21,24,25,23,17,23,126,139,98,22,19,19,39,21,34,124,138,103,20,19,21,74,79,67,20,19,23,19,21,23,25,26,24,120,135,89,32,29,30,19,14,19,70,80,61,82,93,85,11,11,12,25,12,18,29,24,21,34,26,38,23,16,25,112,119,84,21,23,23,36,36,36,69,79,62,12,12,11,142,152,111,25,20,19,84,97,68,108,120,84,32,28,25,16,17,20,21,20,18,18,23,18,18,21,20,28,36,30,84,97,77,21,18,19,19,17,14,25,23,19,55,68,55,43,31,41,21,13,14,12,17,18,24,28,24,109,124,88,89,105,67,67,80,56,35,38,34,76,83,55,26,34,30,22,16,20,104,82,64,48,64,38,26,33,24,21,22,20,14,24,14,18,24,20,22,25,24,56,100,76,49,66,47,15,23,13,28,30,20,35,39,33,45,64,35,72,98,64,28,36,34,24,29,18,25,35,19,24,52,26,20,27,23,110,129,86,146,152,92,14,25,11,15,43,13,12,17,11,18,28,22,98,125,96,18,25,15,39,43,36,15,24,13,14,34,15,18,27,25,33,49,30
54.75,31,32,35,76,58,64,139,187,111,30,19,34,145,133,118,21,15,26,144,136,104,53,35,45,28,23,37,25,23,30,32,26,34,22,20,26,25,20,22,26,14,21,126,137,98,19,21,16,42,24,32,127,134,101,23,18,24,74,81,69,23,18,23,20,24,19,25,24,21,127,128,94,30,20,28,20,15,14,72,80,58,88,92,89,16,11,18,28,21,22,27,22,24,37,27,36,25,19,21,112,121,82,22,25,25,37,35,39,70,81,63,14,17,11,141,159,112,25,23,17,87,99,69,114,120,84,33,29,25,18,20,13,23,19,17,19,21,20,24,19,18,29,29,32,83,90,74,20,18,12,21,21,19,31,25,21,59,64,54,47,34,43,20,17,15,13,17,13,26,24,27,111,122,89,90,106,71,68,80,65,40,41,33,80,77,54,28,28,30,20,18,19,107,90,67,48,69,35,26,40,21,17,21,15,14,19,13,21,27,18,20,28,22,55,96,83,51,65,50,19,26,15,27,28,19,36,44,33,41,66,33,68,101,62,29,37,31,25,29,17,26,30,18,30,52,28,19,26,24,109,129,81,147,147,94,20,33,11,14,45,11,11,23,11,16,29,20,97,121,96,19,25,17,37,43,33,14,23,11,15,26,13,20,31,25,33,45,28
55,29,37,35,76,64,64,134,184,108,23,18,30,145,137,117,25,18,28,145,139,105,53,38,43,24,21,34,31,21,30,31,28,36,25,24,27,22,21,23,27,15,29,125,139,97,19,20,18,39,28,33,125,134,102,19,17,21,71,83,69,23,18,24,15,21,16,25,22,26,122,134,90,31,23,27,15,21,16,73,74,61,80,89,85,12,11,13,23,18,17,27,23,25,31,28,37,23,21,24,112,119,82,20,22,19,32,33,34,64,80,62,14,17,11,141,159,116,25,22,19,82,98,72,113,121,81,30,30,17,14,16,13,20,18,20,16,21,15,18,18,20,25,30,27,82,91,76,17,22,12,18,16,17,23,22,22,55,67,53,40,30,44,20,17,12,11,19,15,19,23,22,110,120,96,90,104,65,64,76,60,38,40,35,81,84,53,21,27,28,17,19,19,110,90,68,48,67,38,26,43,24,21,19,17,15,28,14,15,23,19,18,27,18,59,96,83,49,65,50,19,22,17,26,22,19,25,39,28,40,67,37,72,100,62,31,37,31,25,32,17,22,28,14,29,48,25,16,34,20,110,129,83,140,152,95,14,33,11,13,49,11,12,21,11,17,31,20,98,124,96,18,28,18,39,48,34,15,26,14,11,29,14,16,28,24,31,43,27
55.25,33,34,35,72,59,63,136,188,114,24,16,33,143,141,117,24,19,29,146,138,107,53,39,42,27,18,35,23,23,29,27,27,32,26,23,26,21,19,22,26,16,25,123,140,99,16,21,14,40,23,35,125,138,102,22,16,22,69,80,62,18,19,21,18,21,21,26,27,26,123,131,94,28,23,32,15,16,14,73,78,55,80,88,88,11,11,16,24,18,21,30,22,23,37,26,40,24,19,23,111,119,80,21,24,20,38,31,38,66,75,68,14,15,11,144,162,118,22,23,18,85,97,69,115,119,83,34,31,23,14,17,16,16,17,18,16,27,16,20,17,21,29,32,31,84,94,80,20,15,14,16,18,16,24,22,22,55,68,56,43,31,42,19,17,18,13,15,13,23,25,26,110,118,96,94,99,66,65,78,63,40,43,33,77,78,51,26,35,30,21,17,20,108,89,66,47,71,38,25,40,29,14,23,17,16,28,11,14,27,17,18,31,21,54,95,83,51,68,54,15,22,13,24,29,17,30,41,28,41,65,36,76,104,67,29,41,32,23,31,15,23,27,13,30,52,26,17,34,21,114,127,84,145,154,91,14,33,11,15,48,11,11,24,11,15,28,21,95,119,98,19,25,18,40,38,37,12,25,11,11,34,11,20,33,25,33,47,33
55.5,31,35,29,77,61,63,137,188,106,26,18,27,144,140,120,24,14,27,149,139,102,56,34,47,28,22,33,26,19,29,33,26,37,27,23,28,19,17,23,24,17,24,124,138,98,19,19,17,41,22,35,121,135,101,19,18,17,74,83,69,18,17,21,17,25,17,24,28,25,124,135,93,28,24,28,18,20,15,70,81,61,77,92,85,12,11,11,24,17,23,27,22,21,34,28,36,28,20,25,116,125,84,21,21,24,38,33,41,64,78,63,16,18,13,141,159,110,20,24,18,86,100,74,117,119,89,32,31,20,16,17,17,19,18,19,21,24,20,17,19,19,30,29,33,85,91,74,16,17,11,22,20,18,20,22,19,56,67,53,40,31,38,16,20,13,13,18,15,24,26,27,115,128,93,88,101,67,66,80,61,40,40,34,78,84,57,20,30,28,17,19,18,108,91,67,49,72,39,30,39,30,20,21,18,15,21,12,15,24,18,22,30,21,58,97,82,50,69,45,17,24,14,20,27,16,32,40,32,41,68,33,71,105,64,30,40,33,24,29,16,25,30,18,25,53,26,18,36,22,115,134,86,145,155,101,16,35,11,11,48,11,11,23,11,17,27,16,98,120,97,17,28,20,39,43,35,13,22,11,17,31,21,18,28,22,32,45,31
55.75,34,33,34,75,63,60,138,189,114,27,20,29,148,143,123,21,14,29,151,140,107,57,34,46,26,21,35,23,19,25,29,23,33,26,25,28,22,20,20,26,17,25,129,138,104,19,20,16,42,26,35,130,136,108,18,19,17,70,83,67,17,16,23,18,23,16,25,27,22,128,129,96,30,23,24,19,14,17,70,80,62,79,91,86,14,11,13,24,17,22,28,22,25,36,23,38,26,17,25,114,127,82,21,22,23,34,33,36,68,80,66,17,18,13,142,162,113,23,24,16,86,101,69,117,122,85,32,34,21,17,18,16,18,20,19,19,23,17,17,18,17,26,34,29,82,96,76,20,18,15,19,21,18,25,23,20,58,64,56,40,31,42,16,19,13,13,18,13,24,24,24,107,126,91,89,103,67,66,78,61,37,46,32,80,87,56,25,33,31,19,18,16,110,91,68,48,71,35,24,40,24,21,23,19,13,24,11,20,23,16,24,25,21,59,97,81,52,71,51,16,26,16,23,25,15,30,40,32,43,67,35,74,99,62,25,39,30,26,32,14,25,28,18,28,50,27,19,31,22,113,135,85,149,150,98,18,31,11,15,49,11,11,24,11,14,29,19,94,118,97,20,28,18,40,43,38,11,22,11,11,28,15,19,26,22,33,43,32
56,30,32,29,72,65,59,138,187,110,25,18,25,149,144,117,24,12,28,147,143,103,55,37,45,31,16,32,25,19,30,30,23,31,24,21,27,20,21,25,23,17,24,128,138,100,19,20,18,37,25,31,125,143,102,21,18,19,73,85,67,19,18,21,21,24,19,21,27,23,123,134,96,29,25,27,18,16,17,71,79,57,79,85,81,11,11,11,22,11,20,23,21,24,35,27,37,24,22,23,116,120,86,25,14,23,35,32,39,69,77,62,15,15,11,144,159,115,22,24,21,87,98,71,118,123,88,36,31,23,12,17,13,21,19,19,20,20,17,17,21,17,28,33,28,81,90,69,15,21,12,21,17,18,23,22,22,58,64,54,42,32,43,17,15,13,15,14,14,24,27,27,112,124,93,91,97,68,69,80,63,39,40,34,82,85,52,26,30,28,18,17,17,108,92,64,55,74,39,26,39,26,22,19,16,15,20,15,19,25,18,23,25,22,57,98,82,51,65,48,17,26,13,25,24,20,31,44,30,41,66,36,73,100,62,29,37,31,26,29,12,24,29,17,24,50,23,18,30,22,117,133,85,151,153,102,11,33,11,12,46,11,11,16,11,16,28,18,98,117,97,15,26,15,35,40,32,12,23,11,15,28,16,19,28,27,31,48,26
56.25,29,34,33,73,63,61,138,190,117,26,16,32,148,140,126,22,17,30,152,141,109,54,36,46,32,23,34,25,23,29,35,26,33,23,21,23,17,22,19,27,16,25,131,136,101,22,17,17,41,24,35,130,141,104,21,14,21,71,82,66,24,18,22,21,20,17,27,25,23,129,135,94,30,24,26,15,18,13,77,80,60,80,89,78,11,11,14,24,17,21,22,21,20,41,23,38,24,23,19,118,120,86,23,20,21,34,33,33,66,76,66,15,19,11,147,161,114,22,21,15,88,99,73,120,123,89,36,27,26,13,16,14,15,18,15,18,21,18,23,20,21,31,32,28,83,91,82,19,23,12,20,21,16,28,25,22,56,68,54,44,31,41,19,18,14,11,19,11,21,25,24,116,126,98,92,105,71,66,77,61,37,42,36,82,82,54,24,27,32,20,23,16,111,93,66,48,72,32,25,37,22,21,24,17,14,21,14,17,27,18,23,26,22,60,96,83,50,64,49,21,23,15,23,30,19,33,39,32,39,64,30,74,100,65,29,35,29,25,31,16,25,27,13,26,49,26,21,28,21,112,134,85,148,156,96,21,31,11,12,46,11,11,21,11,22,26,21,97,120,95,16,22,12,40,42,38,14,23,11,13,32,15,20,30,26,32,48,30
56.5,30,31,34,80,59,63,139,189,114,30,19,30,148,141,125,25,14,28,154,141,112,58,40,48,26,17,35,25,24,31,32,26,33,23,20,25,23,20,23,25,19,28,130,140,103,21,21,20,42,27,36,130,140,110,24,18,21,74,83,70,21,20,20,17,24,18,28,29,25,126,132,98,32,25,25,24,23,18,74,78,56,81,88,83,14,11,15,24,19,23,28,21,23,34,30,37,23,19,22,119,127,85,21,25,19,39,32,39,73,81,66,19,17,12,147,160,111,25,23,18,89,104,70,122,125,90,33,30,25,16,17,14,21,22,20,20,16,17,20,21,18,29,32,32,89,90,79,18,23,13,22,25,20,24,21,17,59,65,56,44,32,39,19,17,15,18,17,15,20,26,22,114,128,94,92,101,72,66,75,64,42,42,33,83,86,54,26,29,30,23,21,22,112,94,66,54,73,40,26,41,27,19,20,18,14,27,12,18,28,19,24,31,22,57,97,85,52,70,48,18,21,15,23,31,17,33,43,35,45,63,34,78,100,64,30,36,34,26,31,16,24,26,14,27,52,27,22,31,21,119,131,89,149,155,97,17,36,11,17,50,11,11,16,11,11,28,18,102,118,100,19,25,16,33,40,34,15,27,14,14,32,15,19,30,25,32,48,27
56.75,31,35,33,74,63,60,137,189,115,34,21,34,155,145,126,24,17,31,151,144,110,59,38,49,28,21,37,23,22,30,30,25,35,28,20,30,19,23,23,22,17,23,134,140,108,23,25,18,43,30,37,130,142,106,23,20,22,80,88,70,23,20,26,15,23,18,29,27,29,128,137,95,31,23,31,19,20,16,77,85,62,84,90,89,15,12,14,30,24,24,28,24,27,41,24,43,24,20,23,120,125,89,24,22,23,39,36,40,71,80,69,16,17,11,146,159,117,24,22,20,88,107,71,117,126,88,36,32,24,17,19,17,17,23,16,20,23,25,20,27,19,28,33,34,87,96,80,17,24,15,22,21,19,27,23,22,63,63,58,45,32,46,19,20,17,14,20,12,21,23,25,118,130,96,96,110,74,70,83,68,40,43,35,84,85,55,26,30,30,18,22,17,112,96,71,54,75,41,29,43,24,20,25,20,18,24,18,16,27,18,19,24,21,61,104,89,54,73,49,17,24,13,27,30,22,32,48,32,46,66,39,78,102,66,29,35,34,23,35,17,23,26,14,29,54,30,20,33,24,119,142,95,153,158,104,21,36,11,19,53,14,11,21,11,13,27,19,102,123,98,17,28,14,42,43,37,13,28,11,17,27,15,19,31,26,29,48,29
57,34,32,35,77,59,64,140,187,114,31,18,28,155,142,121,25,16,27,154,144,106,57,39,48,27,20,35,29,23,29,35,27,34,26,20,28,22,18,19,24,18,26,134,138,101,22,21,16,42,22,32,131,145,105,24,18,18,73,81,66,22,18,22,20,20,21,22,28,24,128,136,96,32,28,28,25,20,16,77,84,63,79,91,85,14,11,11,24,18,23,25,22,21,34,26,40,25,19,22,122,126,88,27,20,23,36,29,36,71,78,67,15,15,11,144,160,113,23,27,20,88,108,73,119,127,88,38,29,25,17,16,18,18,16,17,19,19,20,19,22,19,25,32,30,86,90,79,18,21,12,20,19,17,28,20,22,59,68,57,44,33,37,17,16,12,14,17,19,24,23,28,121,129,98,92,107,70,65,79,58,38,41,33,82,87,56,26,25,31,17,22,20,112,92,68,51,76,37,25,37,26,24,22,21,20,21,16,16,22,16,19,30,20,58,104,81,49,68,44,16,21,14,26,27,18,33,38,34,43,69,36,76,107,69,31,36,36,26,32,17,23,31,15,32,51,30,21,33,21,119,137,90,152,152,101,18,28,11,18,47,11,13,18,11,16,30,18,98,120,96,20,24,16,38,37,36,14,28,12,11,28,11,17,31,25,29,48,28
57.25,34,31,35,75,62,63,145,189,121,27,22,33,154,145,129,29,18,30,154,144,107,56,41,47,26,17,32,22,21,23,29,24,34,23,20,23,19,19,22,28,17,27,135,142,107,22,21,22,41,24,32,135,144,111,19,19,17,75,82,68,21,19,24,19,20,16,22,22,24,128,136,97,30,24,30,17,19,12,79,85,66,83,93,87,14,11,13,27,15,21,29,21,22,37,28,38,27,21,21,117,130,87,23,22,23,37,34,34,69,81,66,14,21,11,144,164,116,24,23,17,91,106,73,122,125,88,32,32,22,19,20,14,18,17,16,17,22,20,18,19,16,27,36,30,84,97,78,20,19,11,23,21,17,22,24,16,62,69,54,47,30,41,21,18,16,15,16,15,24,26,26,117,130,94,95,106,77,68,81,66,38,44,34,82,88,54,25,28,28,16,18,14,114,92,70,54,75,42,26,41,24,22,19,16,15,18,12,14,23,19,21,27,23,56,104,80,51,69,50,17,26,13,28,26,19,33,40,34,45,66,38,76,104,67,32,36,35,26,29,15,22,28,13,29,52,24,20,33,20,122,137,91,149,157,102,12,31,11,17,46,11,11,22,11,16,29,17,95,122,96,16,22,19,38,43,34,15,28,13,11,27,13,20,30,29,33,46,27
57.5,33,34,34,73,64,63,139,187,113,30,20,30,155,149,124,24,16,31,159,146,110,57,41,49,27,21,33,25,21,26,28,24,35,24,23,26,22,22,21,26,18,29,134,143,102,18,22,19,37,22,37,134,146,111,19,12,16,74,81,71,18,21,22,14,22,18,26,27,26,127,135,98,29,28,30,17,19,14,77,84,63,82,95,82,11,11,11,26,15,23,24,25,20,37,31,39,22,19,21,120,129,91,19,19,20,31,35,37,69,81,65,11,20,13,142,169,118,24,23,19,93,108,73,119,125,92,36,33,25,15,20,18,21,18,22,18,19,21,18,24,21,27,27,32,86,99,78,18,17,15,23,22,20,25,24,20,60,69,59,42,31,44,14,17,15,11,19,16,23,25,26,118,132,102,96,108,75,70,79,66,41,45,36,81,89,56,25,31,29,21,21,16,111,97,70,54,75,39,26,38,28,14,19,12,15,21,14,14,23,16,21,25,22,57,102,86,51,67,49,13,26,15,26,31,20,34,45,35,45,69,39,79,105,67,26,37,33,24,31,16,23,32,17,29,52,30,21,33,24,125,141,92,150,163,104,15,36,11,13,51,11,11,20,11,17,27,23,97,121,101,18,29,18,35,41,36,11,25,11,12,28,16,20,28,26,31,46,31
57.75,35,33,32,76,64,65,144,196,119,29,22,27,155,147,121,22,19,26,160,147,112,55,40,45,32,19,41,22,24,27,31,26,29,25,23,27,19,19,19,26,18,25,133,150,104,18,21,16,43,20,34,135,147,104,27,20,20,71,85,65,19,18,20,18,26,19,24,23,22,129,138,98,33,23,34,18,18,12,76,86,61,81,91,87,14,11,13,25,16,24,29,19,24,37,32,36,28,20,25,122,131,89,20,23,21,34,33,36,70,81,67,17,17,11,149,166,112,21,23,19,93,106,75,120,130,89,36,33,24,14,17,13,22,21,20,20,20,20,17,24,22,29,34,30,89,96,74,18,23,15,24,18,17,25,24,20,65,66,57,47,30,43,18,19,15,15,17,16,25,30,30,119,133,101,96,110,75,69,82,65,37,43,35,83,91,61,27,32,27,21,21,22,114,94,66,55,79,42,28,43,28,19,22,17,16,23,15,20,25,18,22,30,24,57,103,80,52,65,48,18,22,14,27,28,20,36,46,31,42,65,34,74,103,67,29,37,31,26,35,14,24,30,15,30,53,29,15,31,20,124,139,96,155,160,110,18,35,12,15,51,11,11,26,11,15,28,19,97,119,99,22,26,20,44,41,39,16,23,11,14,29,15,17,30,29,34,50,30
58,31,39,35,75,65,63,140,191,120,28,24,32,155,153,132,22,18,29,154,150,109,57,43,47,30,25,36,26,22,29,27,27,32,24,21,24,19,20,22,24,19,24,128,145,104,21,19,18,42,27,35,132,149,110,24,14,20,72,78,69,19,17,20,18,14,18,24,25,26,131,141,100,30,26,28,24,19,15,76,84,61,82,94,86,13,11,16,24,14,20,26,22,24,40,29,42,22,19,20,120,127,88,21,20,25,40,33,42,71,82,65,17,11,11,146,167,116,27,22,18,90,109,73,124,127,92,32,31,23,17,13,15,19,18,17,21,20,18,19,20,23,27,34,35,85,99,74,25,18,18,18,22,17,23,22,16,62,67,59,42,32,43,20,16,12,11,18,11,22,26,26,119,129,99,92,109,75,67,84,65,41,43,34,88,92,56,28,33,27,21,18,18,116,95,72,54,79,40,26,36,30,20,23,17,13,21,13,17,25,18,25,27,22,58,100,89,52,70,47,16,22,11,26,27,18,31,34,34,42,67,34,77,104,67,28,41,33,22,30,18,21,31,15,27,53,28,18,34,21,122,140,97,155,159,110,13,29,11,17,46,11,11,23,11,14,27,20,97,123,97,19,27,18,40,46,33,12,23,12,13,29,15,16,28,29,30,49,30
58.25,34,33,36,74,64,65,139,194,122,25,17,33,155,151,131,22,13,32,158,147,116,59,38,49,30,21,36,24,22,27,28,23,29,24,14,23,21,19,18,24,19,25,131,143,107,19,18,19,41,22,34,134,149,115,24,17,22,72,84,70,20,19,23,20,23,22,24,22,25,129,139,97,29,24,26,18,14,11,82,85,64,80,91,82,11,11,15,22,16,22,26,20,23,35,30,36,23,22,22,121,130,90,20,17,19,37,32,35,72,82,67,16,12,13,146,161,116,23,22,15,92,106,77,126,131,92,35,35,26,15,17,14,17,17,17,15,19,14,16,20,19,28,32,29,85,97,81,21,19,11,18,15,17,20,19,17,56,66,55,45,32,44,20,17,14,11,18,14,18,24,22,118,131,101,94,112,72,71,80,66,40,42,38,85,91,59,22,32,30,16,18,14,111,98,70,52,79,40,28,41,25,20,20,16,15,19,14,17,26,16,22,27,23,58,99,83,51,69,53,13,25,16,24,26,20,31,41,31,46,67,37,77,103,67,29,38,30,23,30,14,19,33,11,30,53,28,16,30,20,126,142,92,152,159,102,14,31,11,16,48,11,12,19,11,14,29,19,99,121,98,18,29,18,39,45,36,11,22,11,12,30,16,20,31,29,35,46,31
58.5,32,38,30,74,61,60,145,191,118,32,23,33,160,152,132,21,21,25,159,152,115,62,44,51,28,21,36,27,21,27,32,25,37,24,25,27,23,23,23,23,19,24,137,147,107,20,19,16,44,26,31,138,150,112,20,17,16,71,81,67,21,19,20,16,14,17,23,22,24,132,143,100,32,23,31,18,12,15,78,88,64,80,92,82,16,11,13,24,13,20,26,20,22,37,25,38,26,19,22,127,130,90,22,19,23,38,33,41,76,83,65,17,14,11,153,164,119,23,24,16,92,109,76,127,131,91,37,29,24,20,22,15,22,22,22,20,24,18,22,17,18,29,31,30,86,98,76,19,17,12,19,16,17,23,21,21,59,74,56,49,32,48,20,17,13,14,12,12,23,23,24,121,130,103,97,109,77,65,83,64,41,43,38,85,91,57,25,29,27,18,15,18,118,97,70,57,79,39,24,38,25,20,22,17,16,21,14,16,24,14,24,28,22,60,104,90,52,68,48,16,23,15,21,29,15,33,39,32,48,67,37,77,106,64,28,37,30,26,30,19,25,35,16,29,51,26,23,31,24,134,143,97,156,162,116,14,29,11,16,43,11,12,19,11,19,25,17,98,124,99,23,28,21,40,43,31,17,23,13,13,28,11,21,33,33,33,49,27
58.75,31,37,32,74,64,60,139,194,116,25,20,28,155,151,129,25,15,27,157,152,111,55,39,44,26,21,32,26,22,25,29,26,33,22,22,23,23,22,24,25,19,26,135,149,108,21,18,19,43,27,29,138,147,108,19,17,15,69,81,66,20,20,21,19,24,23,23,28,21,132,142,100,26,24,24,15,19,14,77,90,66,83,89,86,12,11,14,20,14,18,24,23,22,34,28,39,26,16,24,122,126,94,20,21,24,34,34,34,73,81,63,17,15,12,148,163,120,24,26,19,94,112,77,123,129,92,36,36,22,14,20,15,20,16,18,19,22,22,17,20,22,29,35,29,91,101,78,19,19,14,20,21,20,21,23,17,59,69,53,44,34,47,21,19,15,12,18,14,20,26,23,122,130,102,99,109,79,68,81,65,40,43,35,84,91,61,26,32,30,17,18,16,116,96,71,61,76,42,25,41,27,19,21,17,14,24,11,16,23,16,18,27,20,57,106,81,50,70,49,21,26,17,22,30,20,33,39,35,45,70,36,80,109,65,32,42,32,24,31,17,21,28,17,29,52,27,19,32,23,126,145,93,152,165,111,12,31,11,17,51,12,11,18,11,17,32,20,98,120,97,16,27,17,40,39,36,14,26,14,13,30,13,14,31,29,31,49,26
59,31,35,33,73,62,63,146,190,124,28,23,28,163,158,133,24,20,29,162,150,114,58,43,49,33,22,35,28,28,28,31,24,35,23,23,27,24,20,22,24,19,23,140,143,105,18,21,15,43,23,34,137,153,110,22,17,18,72,81,65,21,20,20,15,17,20,24,21,23,133,143,98,26,21,25,21,16,14,83,91,67,79,89,83,13,11,14,26,14,21,26,23,23,39,25,37,26,18,23,127,129,93,22,21,26,37,31,37,73,78,65,16,16,11,151,164,123,23,22,14,96,106,78,124,130,95,34,33,23,16,19,16,17,19,18,20,25,22,19,20,20,26,31,28,87,99,74,19,18,11,20,20,18,27,20,21,63,68,57,50,34,51,18,14,11,16,12,18,21,24,24,123,136,100,94,113,78,67,81,67,40,41,36,86,96,58,26,29,27,18,17,16,122,100,73,56,80,41,26,38,26,22,20,16,14,23,13,20,25,19,23,25,22,59,105,88,52,69,49,17,26,18,23,30,20,34,39,31,46,68,37,80,109,65,32,36,32,23,27,15,23,31,16,29,53,27,19,32,23,128,145,95,159,160,108,15,32,11,17,46,11,11,17,11,16,30,19,98,121,96,22,24,19,38,46,36,17,24,14,13,29,14,18,31,28,33,48,29
59.25,32,30,32,75,57,61,143,194,123,29,20,31,162,153,132,23,16,27,160,152,115,53,40,41,28,22,38,25,25,28,31,24,31,24,21,23,21,23,23,25,15,25,137,145,108,15,21,16,47,23,34,137,152,111,21,16,20,73,83,64,19,18,24,17,18,20,24,20,22,131,144,98,25,24,25,17,17,12,83,87,67,80,91,85,14,11,13,23,18,24,28,21,23,41,29,45,24,18,28,125,133,94,20,25,21,35,34,33,74,83,67,16,18,12,148,167,126,23,27,18,95,110,78,123,132,94,33,30,25,11,17,12,17,20,19,16,22,20,18,21,21,29,34,31,85,94,78,19,20,15,22,23,21,23,23,24,60,70,59,43,33,42,15,18,14,11,15,14,25,25,25,120,131,100,94,114,75,68,83,66,41,39,35,84,90,57,27,29,32,21,18,15,118,98,76,58,80,41,23,36,25,21,23,16,13,18,18,17,26,16,20,25,20,55,103,86,54,65,54,13,21,13,22,27,16,32,37,34,45,70,40,81,108,69,26,37,32,24,30,16,21,32,15,31,50,29,18,28,21,130,152,96,159,161,109,13,32,11,15,42,11,11,18,11,16,33,20,95,121,95,14,24,14,37,45,37,14,26,13,12,29,14,17,25,29,33,45,25
59.5,28,29,33,71,59,62,144,194,128,27,19,34,162,153,136,23,14,30,159,152,119,54,41,49,26,22,34,24,27,30,31,25,31,24,21,25,19,20,21,25,17,28,137,146,111,20,23,18,43,23,36,137,152,115,20,21,19,74,80,71,17,18,21,18,21,19,21,25,20,132,142,101,28,24,28,17,16,15,79,89,64,81,89,85,14,11,13,25,17,21,28,22,25,37,31,41,22,21,21,122,134,94,21,22,23,35,37,37,71,88,66,17,20,14,152,171,127,24,21,14,91,109,73,125,135,96,34,30,28,20,15,17,18,21,21,12,22,14,15,21,17,26,32,28,85,93,79,17,27,11,20,21,17,25,24,19,61,71,62,42,33,43,19,14,18,13,16,14,22,25,24,124,133,102,96,107,74,66,81,65,38,40,33,87,91,60,26,28,31,19,19,17,122,97,77,55,79,43,27,36,29,21,22,21,18,23,18,16,20,16,19,28,21,55,104,86,48,68,52,15,23,15,24,28,20,34,43,30,47,66,38,78,106,71,28,39,33,26,32,18,17,29,15,33,51,33,20,28,21,135,146,99,154,162,105,16,33,11,16,48,11,12,17,11,16,23,18,99,123,95,15,26,15,43,47,39,14,22,12,13,31,12,17,24,30,31,49,28
59.75,33,34,31,77,63,63,145,194,122,29,22,34,165,160,136,25,15,27,163,154,120,58,38,46,29,22,33,22,23,28,33,27,33,23,19,26,20,20,26,24,15,22,139,149,110,15,19,18,45,22,34,138,153,115,19,16,20,77,83,68,17,20,20,17,19,18,19,24,19,132,146,105,29,29,26,17,19,13,80,93,67,80,90,81,14,11,14,30,15,23,29,23,25,41,31,41,23,22,24,127,131,91,21,24,21,38,33,36,75,84,72,16,18,11,148,169,117,23,25,16,96,109,79,130,138,98,34,30,22,14,16,15,21,18,19,18,23,19,17,19,19,26,35,30,90,98,78,18,22,14,21,19,20,24,23,24,64,68,59,45,33,41,18,19,14,11,15,15,26,22,30,125,137,99,100,113,79,66,83,66,37,44,32,85,93,59,25,32,26,14,19,16,121,101,81,59,82,42,29,39,29,16,25,14,16,21,12,18,25,18,24,28,24,56,104,89,55,71,52,15,25,14,24,26,20,31,39,29,42,71,37,78,107,67,29,37,32,23,32,14,24,30,16,30,53,28,23,32,23,132,152,100,157,163,102,15,34,11,19,48,11,12,23,13,17,28,19,96,119,96,17,23,17,41,43,40,12,25,12,15,33,13,16,28,26,29,47,26
60,30,42,28,75,66,62,143,194,119,32,30,30,165,165,137,22,22,29,161,155,116,58,43,45,28,25,33,26,24,25,30,24,31,28,24,25,24,21,22,23,18,25,138,151,111,20,21,19,42,27,36,142,158,115,21,12,15,74,86,69,22,20,24,20,21,23,27,21,24,138,150,105,31,25,28,19,17,14,81,88,68,85,94,84,12,11,13,28,13,22,26,18,22,41,25,45,25,20,25,127,133,96,22,19,23,39,33,35,73,86,67,17,15,11,153,165,123,23,23,19,98,106,80,129,137,94,36,34,28,17,15,20,20,22,18,17,21,19,21,16,20,31,31,33,88,104,81,17,13,14,20,18,20,26,20,21,63,71,57,48,33,46,21,18,17,11,16,15,23,25,25,123,140,105,99,116,78,70,85,67,39,45,30,92,95,64,29,36,29,18,14,17,123,100,78,63,80,46,26,36,27,22,20,21,16,23,11,18,24,19,24,23,25,60,104,87,53,68,50,13,22,12,27,25,20,32,42,30,48,75,41,81,104,75,29,38,30,26,27,16,19,35,14,30,54,30,21,29,21,135,152,103,159,165,113,16,28,12,20,49,13,11,13,11,15,28,18,102,121,98,20,28,18,42,46,36,13,27,11,15,34,15,21,29,33,31,49,29
60.25,32,34,37,80,64,61,149,193,125,32,22,32,167,161,142,23,18,32,167,151,120,59,41,49,32,21,38,25,25,29,33,28,36,25,24,27,22,20,25,23,19,22,141,153,112,20,25,18,45,25,37,146,155,122,18,20,24,78,83,67,21,18,22,21,17,20,23,26,19,140,148,108,32,26,30,21,20,14,84,91,70,84,91,86,18,11,19,25,20,23,33,27,27,41,31,38,25,23,23,128,137,94,23,20,23,40,34,41,73,82,71,13,16,11,153,170,125,20,26,16,97,109,79,133,140,102,37,34,27,15,15,19,17,24,18,20,23,20,22,23,22,30,35,31,96,105,86,23,22,17,23,20,20,27,25,23,70,70,66,50,38,47,20,18,15,13,19,16,20,24,23,125,141,106,99,113,77,71,84,65,36,44,36,91,95,63,27,34,32,21,20,21,125,100,81,65,84,48,26,40,28,19,24,16,17,22,16,15,26,15,23,27,21,60,103,88,55,73,52,18,25,14,25,30,24,33,41,33,52,72,38,81,106,73,35,35,34,28,33,17,22,28,12,32,50,33,18,32,20,140,154,103,162,162,108,14,35,13,14,53,12,11,21,11,18,27,20,99,120,98,22,27,19,36,41,36,11,24,11,13,31,11,23,30,33,36,47,31
60.5,29,36,32,75,62,63,143,197,123,27,18,32,165,161,138,24,16,28,164,155,118,56,40,50,28,23,32,24,22,27,30,29,31,31,19,27,19,22,23,22,17,20,137,153,115,20,21,17,43,24,38,145,158,119,19,17,15,73,84,69,23,20,22,13,18,18,22,27,26,134,149,101,30,24,27,20,16,13,83,94,69,81,93,87,17,11,14,22,23,20,30,27,24,37,32,36,21,24,23,129,138,95,21,23,24,33,34,29,74,85,70,18,19,13,153,169,125,24,25,18,96,111,77,131,140,97,37,35,28,15,19,14,17,21,19,17,28,17,16,24,20,27,37,33,89,100,79,21,23,14,19,20,21,24,25,21,63,70,55,47,35,43,13,19,11,11,18,13,25,26,23,124,138,106,102,117,81,69,79,68,40,45,37,92,93,62,24,33,26,20,23,20,125,104,80,61,84,45,27,41,28,19,25,17,17,23,16,15,25,16,20,27,22,57,100,86,49,71,47,16,26,14,24,29,18,33,41,35,45,68,37,80,106,69,31,39,36,23,32,15,23,27,15,30,55,29,19,30,20,134,152,103,158,165,112,16,36,11,16,54,11,11,22,11,12,30,19,97,120,98,16,25,18,39,39,39,11,24,11,11,28,14,16,31,30,33,49,28
60.75,33,30,33,79,62,65,146,194,127,29,22,37,169,161,144,23,17,34,167,155,123,60,41,47,34,21,38,30,23,29,35,25,33,27,21,22,24,22,23,28,17,27,140,152,112,23,18,17,46,24,37,147,155,118,30,18,21,76,84,70,20,18,19,20,18,17,26,27,25,142,152,100,31,26,25,19,19,16,84,95,72,87,97,89,13,12,14,29,17,25,30,21,27,39,29,40,28,21,23,131,137,100,25,20,21,38,35,36,78,86,73,16,17,13,159,170,125,29,24,16,99,112,81,134,142,95,39,35,25,17,19,15,22,20,19,20,21,18,21,19,19,31,31,30,90,96,84,24,19,14,23,16,19,25,25,18,65,66,62,49,33,44,19,20,12,15,16,15,23,25,26,126,140,104,102,112,80,74,82,72,40,43,36,96,95,61,25,30,27,23,15,19,125,104,86,63,86,45,33,39,31,16,22,13,19,20,17,18,27,13,23,26,23,59,107,87,51,72,53,19,26,17,28,26,17,41,39,35,47,71,42,85,105,75,31,38,33,24,30,15,25,27,14,32,54,29,23,34,23,140,156,103,164,164,109,15,31,11,22,47,11,11,17,11,21,26,20,97,119,95,18,24,17,39,48,39,14,22,11,17,33,15,22,29,33,33,47,27
61,35,31,30,76,62,60,147,195,126,30,21,26,172,157,139,24,12,23,167,158,118,60,39,48,32,18,34,26,23,26,35,27,31,24,20,25,25,22,23,26,15,18,145,152,111,21,20,19,48,27,38,148,159,117,27,17,18,74,83,64,24,22,20,22,18,19,28,27,23,143,146,104,33,24,26,21,21,11,89,88,68,81,92,80,20,11,15,28,15,23,30,24,22,40,32,42,30,20,25,133,136,94,25,22,23,38,31,36,77,85,67,20,17,11,158,168,125,26,22,21,102,112,82,134,136,98,39,30,26,21,16,16,22,21,19,25,21,23,21,21,18,31,31,30,93,101,77,22,22,13,22,19,19,28,23,22,71,67,62,50,34,46,18,19,12,18,15,14,27,25,27,130,140,105,102,115,80,71,84,68,42,44,36,94,94,61,27,30,30,21,24,14,128,104,77,65,83,45,30,41,29,23,19,20,20,19,15,22,23,17,24,22,21,62,106,88,54,69,52,19,22,11,28,29,25,37,43,33,49,69,41,83,104,69,34,38,30,29,29,20,27,28,16,35,55,31,21,31,21,141,159,105,168,169,114,11,31,11,18,49,11,11,20,11,18,31,16,102,120,99,18,25,17,46,46,38,15,24,11,14,33,13,19,31,31,36,45,24
61.25,31,36,31,71,63,60,145,198,127,32,26,31,168,167,142,23,17,28,168,161,122,59,43,46,34,23,35,28,22,29,35,27,38,24,20,26,22,21,22,29,19,29,146,152,114,23,22,19,50,26,34,150,164,123,24,19,18,73,82,64,23,18,23,18,21,16,25,22,25,146,152,104,33,22,27,22,21,17,84,96,67,83,94,88,15,11,13,25,20,18,30,21,24,40,27,41,25,18,24,135,142,101,23,26,28,41,36,38,71,87,66,19,14,11,159,170,127,24,22,17,98,113,81,135,138,97,37,31,26,20,16,18,21,20,22,20,22,17,18,19,19,27,31,29,93,101,80,22,19,14,24,18,15,26,20,19,64,71,61,48,33,47,21,21,14,13,15,14,23,23,21,131,144,109,102,114,82,71,84,69,37,39,35,95,94,62,29,32,30,17,20,17,134,104,83,64,85,43,30,38,28,21,22,19,21,26,13,24,25,23,22,28,22,60,103,92,52,69,52,16,23,15,27,27,18,32,42,33,50,73,39,80,107,66,31,35,32,27,26,18,21,30,11,33,56,28,18,30,21,143,157,105,161,170,118,19,30,12,18,46,11,12,18,12,15,25,19,96,124,95,23,28,19,42,47,37,15,26,11,11,30,11,20,28,32,31,49,25
61.5,34,42,37,79,65,61,143,197,125,29,35,33,171,173,146,24,26,32,166,166,121,63,48,51,30,27,36,27,32,27,29,29,35,24,26,24,22,24,22,27,14,26,141,156,115,25,21,20,43,23,34,148,164,124,22,16,17,80,80,70,20,19,19,17,16,16,26,21,23,142,157,105,30,29,25,17,11,11,84,92,67,87,95,87,11,11,15,24,11,22,28,24,21,40,23,40,22,15,20,134,143,100,23,19,22,41,35,39,77,85,73,16,11,11,157,169,127,19,21,13,103,112,83,133,132,96,36,31,21,13,17,17,18,18,18,20,21,17,16,16,15,31,32,32,92,101,87,17,14,12,24,20,18,24,20,17,63,75,55,50,34,45,19,17,12,15,11,15,23,23,25,130,144,110,104,115,80,68,87,66,41,42,36,97,98,61,27,28,31,18,13,15,129,102,80,64,81,45,29,32,25,20,21,17,14,17,11,16,24,12,25,24,21,58,106,87,53,66,50,16,20,11,28,26,18,37,41,34,48,71,34,84,107,71,29,34,34,27,28,12,22,33,14,35,55,31,22,26,20,144,156,106,161,172,110,13,22,11,16,48,11,11,19,11,19,27,24,97,122,94,17,23,13,42,47,33,12,26,11,16,34,17,15,29,28,28,51,27
61.75,30,32,33,78,63,62,146,198,128,26,18,34,172,168,145,31,11,33,164,160,122,57,41,51,30,18,31,27,21,27,33,26,35,28,22,28,19,18,19,24,16,20,146,153,118,22,20,19,46,24,35,150,161,122,24,18,18,77,84,69,20,18,19,17,22,16,25,23,21,144,152,107,35,23,27,19,17,16,88,95,74,81,93,84,12,11,12,25,15,20,30,24,23,41,28,40,24,21,22,134,139,99,19,21,17,37,35,37,78,87,74,15,17,11,154,174,128,22,21,14,99,115,80,132,143,99,38,33,25,17,16,17,20,15,19,24,26,22,20,20,23,31,33,26,93,100,84,20,20,12,21,21,20,25,25,18,68,67,65,46,36,40,18,19,12,11,16,11,25,24,23,132,144,110,105,113,88,70,85,69,37,41,34,94,95,64,28,33,27,22,22,17,129,106,80,68,89,46,32,43,29,20,26,15,20,19,19,20,24,18,23,28,21,60,107,92,59,69,54,22,26,16,24,23,17,35,43,27,50,72,42,81,109,68,29,35,33,26,29,14,26,26,15,34,55,31,22,31,21,145,157,106,164,166,111,15,32,11,17,55,11,11,19,11,17,26,20,99,118,100,21,24,13,41,45,36,15,24,13,14,29,13,16,28,29,35,43,29
62,32,38,30,75,63,65,151,197,130,32,26,30,171,169,143,30,18,32,171,160,125,59,47,50,34,23,35,25,25,24,34,26,35,22,26,23,22,18,24,27,16,26,145,155,112,19,21,16,49,23,36,157,166,129,22,18,21,79,85,71,23,18,24,20,16,20,24,23,22,144,156,108,34,22,27,18,17,13,88,99,72,82,93,85,16,11,15,27,14,20,30,25,23,41,28,40,29,20,24,136,142,99,23,19,20,42,35,36,82,85,72,14,18,11,160,171,128,28,25,19,98,115,82,138,141,104,37,29,25,19,16,13,24,19,22,24,19,20,22,22,20,30,32,28,94,99,82,21,19,14,24,19,19,29,23,22,64,72,61,46,31,46,20,19,11,13,15,14,25,25,27,131,143,112,108,119,89,71,88,69,41,39,38,94,102,63,26,30,26,23,22,20,134,105,83,69,86,45,28,38,26,20,19,15,15,23,16,20,23,18,26,25,23,62,104,94,56,70,52,18,22,12,27,26,17,32,40,30,43,68,39,86,110,75,32,36,33,28,29,17,25,28,16,38,53,36,21,31,22,150,162,106,166,172,118,17,34,11,19,50,11,13,17,11,15,32,17,100,126,95,15,25,14,45,44,36,16,28,11,14,29,11,21,30,30,31,47,24
62.25,34,29,34,73,62,60,148,197,128,27,18,28,170,164,142,25,12,26,171,161,121,60,36,48,33,18,33,28,21,24,31,24,36,24,19,25,21,20,19,28,13,24,143,152,114,19,21,15,45,25,34,149,162,119,19,17,15,72,81,63,23,16,24,20,21,19,27,25,22,145,149,105,31,19,22,21,21,14,90,95,74,86,89,86,13,11,13,24,17,21,29,22,23,39,28,39,29,20,22,136,142,99,23,15,19,39,31,33,78,86,69,17,15,11,158,174,125,24,23,17,98,115,77,134,138,98,40,30,24,20,18,13,20,21,17,23,21,19,19,17,15,32,29,29,91,103,77,17,22,11,21,20,17,24,20,17,64,71,53,46,29,44,20,19,11,11,15,11,25,24,25,132,143,111,108,115,82,70,84,67,40,40,34,96,96,60,29,27,26,23,18,17,135,109,83,64,90,44,31,43,28,20,17,14,18,18,16,21,23,19,23,26,21,61,105,90,55,71,50,16,25,12,24,30,15,37,40,31,49,69,33,85,105,74,29,38,30,26,30,14,21,25,11,35,56,30,23,31,19,152,162,108,166,170,116,18,31,11,22,52,13,12,19,11,18,29,19,101,117,97,21,26,17,43,42,37,17,21,11,14,31,11,19,24,31,32,42,27
62.5,34,38,34,78,64,63,147,201,131,32,20,32,173,174,148,24,15,29,169,164,124,58,41,49,27,18,37,28,23,26,29,25,31,26,21,25,23,22,24,24,13,22,147,154,117,24,23,21,44,30,34,153,165,125,23,15,20,75,84,68,24,13,26,17,20,17,25,26,22,145,151,110,34,25,31,22,16,14,89,98,73,84,92,88,16,11,14,26,15,19,33,22,27,43,28,40,23,20,23,138,142,101,24,19,23,37,32,38,80,88,74,18,16,11,158,171,129,25,23,19,103,116,82,137,137,106,42,35,25,17,21,14,20,17,19,18,22,19,22,16,21,30,33,26,90,105,84,19,22,14,26,21,21,26,23,22,67,73,60,46,34,42,19,19,14,21,14,15,23,23,20,135,145,111,105,118,82,70,86,67,40,46,34,93,99,65,24,30,27,25,17,20,134,110,86,70,90,52,28,40,26,19,20,14,16,20,13,15,24,17,23,26,21,58,109,93,57,68,53,22,24,16,28,29,22,37,46,33,51,70,40,85,106,74,29,41,29,23,31,15,23,30,12,34,54,31,18,30,21,149,165,108,168,170,114,22,29,11,21,49,11,13,19,11,16,29,17,96,124,96,20,30,14,42,43,41,12,27,11,13,28,12,14,28,30,35,51,30
62.75,29,37,31,77,68,65,150,199,128,25,20,29,177,170,148,25,17,29,174,159,130,59,41,48,32,18,38,32,23,31,32,26,30,26,23,22,23,17,24,23,12,24,149,161,120,22,20,19,45,24,33,154,163,127,22,16,19,76,84,66,24,22,24,20,16,19,24,23,23,144,152,107,30,22,27,18,19,15,88,97,71,84,94,85,19,11,18,26,14,21,26,21,21,44,28,40,24,20,19,136,139,101,28,19,26,39,31,37,77,90,73,20,17,11,163,176,130,25,23,20,103,117,83,136,142,106,36,28,26,20,15,15,18,22,17,20,22,19,21,17,15,28,26,28,92,104,83,20,16,14,24,17,20,30,19,26,67,73,63,45,34,41,24,22,15,17,18,14,23,27,22,135,144,113,103,115,84,70,85,70,40,43,31,98,98,66,30,30,28,18,18,17,133,109,87,70,91,49,30,35,25,20,20,16,19,21,13,19,23,15,26,25,23,60,108,93,52,75,47,21,20,19,26,25,13,36,41,31,50,75,40,87,109,74,31,38,33,25,30,17,22,32,11,37,55,31,23,32,26,149,159,108,168,166,113,20,30,11,25,56,14,14,18,11,13,26,18,99,120,101,18,29,18,46,42,38,16,19,11,15,27,15,19,32,33,36,42,25
63,34,35,33,78,63,62,145,198,123,31,22,28,173,167,142,24,15,26,173,166,124,69,40,53,33,19,39,30,21,31,32,23,29,26,21,26,22,18,19,26,22,26,143,157,112,19,22,17,47,22,30,156,166,127,25,14,18,76,83,65,22,16,20,14,22,16,26,23,26,143,154,108,31,23,26,21,17,16,90,99,72,83,93,86,15,11,11,28,17,21,29,21,22,44,23,41,26,22,22,139,142,102,24,23,23,36,29,37,77,88,67,18,15,11,162,174,131,21,25,14,103,118,80,139,142,104,39,31,23,15,19,15,17,21,17,25,20,19,17,22,18,28,33,27,98,106,80,20,20,13,21,19,15,27,22,22,68,71,57,46,34,44,16,20,11,17,17,16,26,27,27,133,145,112,107,119,86,76,81,73,42,42,36,97,102,66,29,31,25,18,18,15,133,115,85,67,89,50,28,41,26,19,17,17,19,19,16,19,23,18,23,27,21,61,109,94,56,76,49,17,24,15,26,26,21,32,42,31,45,72,36,86,110,74,30,36,33,25,27,15,22,27,12,30,56,29,21,29,24,150,165,113,167,171,123,16,33,11,20,54,11,11,22,11,16,24,17,99,124,95,17,26,16,40,48,34,17,25,11,13,26,11,21,28,32,33,50,27
63.25,35,45,34,73,68,61,150,193,130,33,33,30,182,177,148,24,28,23,171,171,127,62,48,53,31,25,34,31,29,25,34,31,32,25,26,23,19,25,21,26,13,24,148,158,116,17,22,17,48,27,34,160,172,125,19,16,14,77,81,65,19,21,22,22,17,21,25,21,23,148,159,107,30,27,23,18,12,11,92,98,73,83,97,84,16,11,15,25,15,19,29,20,24,41,26,41,25,16,25,138,146,99,21,22,21,39,37,33,80,88,70,21,12,11,159,170,126,26,20,19,102,114,81,137,143,97,37,36,26,13,16,14,18,19,15,19,23,19,24,17,26,28,30,29,96,108,78,23,16,13,20,18,17,26,23,25,66,73,56,49,33,46,18,16,15,13,13,11,25,20,24,134,149,113,113,119,85,75,90,71,40,40,35,99,103,66,25,32,28,21,19,14,134,105,86,69,85,47,30,38,32,23,17,17,20,23,15,17,23,13,24,26,21,59,107,92,60,69,53,14,20,12,26,29,22,39,35,33,57,75,38,89,110,74,31,36,33,22,27,15,24,33,14,32,56,30,22,26,21,153,169,113,168,174,122,18,30,11,21,47,11,14,24,11,18,31,18,101,122,97,20,25,18,42,49,38,16,25,13,15,28,14,17,24,34,32,50,26
63.5,39,38,37,75,71,64,147,201,131,26,26,31,180,173,152,29,22,32,173,172,130,67,47,51,29,22,35,30,25,32,34,30,36,30,24,25,22,23,21,28,20,24,150,160,119,23,18,20,48,25,38,159,171,129,21,16,20,78,81,71,25,19,25,21,21,20,23,19,25,147,160,110,31,27,30,21,13,14,95,102,76,84,93,86,16,11,16,32,14,24,29,21,27,45,30,46,29,21,26,138,146,106,24,21,23,38,37,35,79,89,74,23,17,15,163,171,131,25,23,20,103,117,85,138,143,108,40,38,25,19,17,15,21,20,21,20,22,17,21,15,22,33,34,32,97,113,82,19,22,13,24,18,20,26,25,20,63,74,62,50,32,47,20,19,14,17,16,18,27,28,26,136,153,115,111,121,91,74,89,73,43,42,32,98,106,67,29,28,34,24,16,18,134,109,86,70,92,49,30,41,27,21,23,19,17,23,15,19,26,20,27,26,25,65,111,96,54,76,51,19,22,14,31,30,22,34,39,35,51,73,41,86,113,76,31,35,29,27,30,14,27,30,15,37,57,29,23,29,23,155,171,115,168,173,116,20,28,11,22,46,14,13,19,11,22,32,21,102,122,99,24,27,21,42,45,37,17,26,13,15,33,14,17,23,30,36,50,29
63.75,33,35,29,76,63,61,147,198,127,27,23,23,178,167,147,22,15,27,170,166,124,63,40,51,23,20,26,25,22,23,32,26,30,28,22,26,24,23,24,27,16,26,150,160,118,20,22,14,43,26,33,158,169,126,19,13,15,76,87,66,22,20,21,22,18,22,26,28,27,147,158,106,30,24,29,20,20,15,91,100,78,81,93,84,15,11,14,24,19,23,29,26,26,41,30,45,29,19,24,141,142,106,22,21,25,40,33,35,76,90,70,16,16,17,163,176,132,23,21,21,104,119,83,143,145,106,39,34,27,21,19,17,20,19,20,21,22,21,19,23,20,23,32,23,94,104,81,16,21,13,22,22,18,26,26,23,69,75,58,46,35,48,16,21,14,12,17,14,25,26,24,135,152,115,107,119,90,72,85,70,42,46,39,100,106,64,30,30,31,22,23,21,133,119,84,74,97,50,27,40,29,23,20,20,17,23,16,16,24,19,26,28,26,57,108,93,56,76,50,15,26,14,25,30,20,36,42,35,55,74,42,87,108,75,26,41,32,24,28,16,23,25,18,34,61,30,21,31,22,152,167,118,168,171,122,17,35,12,20,54,11,11,22,11,16,27,19,100,119,96,18,28,19,42,43,41,16,24,12,15,29,12,19,29,33,33,47,25
64,29,37,31,77,63,62,149,199,128,30,25,31,180,168,150,27,19,30,171,166,129,56,46,50,32,25,33,28,22,31,33,26,33,27,22,25,20,20,22,27,16,26,149,161,120,21,23,20,47,28,37,158,172,128,26,19,19,76,86,67,23,23,22,16,19,20,24,26,23,147,160,111,27,24,27,19,18,19,94,101,76,84,94,84,16,11,16,27,14,23,29,25,23,40,29,42,29,20,24,139,148,103,22,24,22,39,35,35,73,88,72,20,17,11,165,173,130,24,25,22,101,115,83,143,145,104,41,33,29,17,19,15,21,19,22,19,24,18,21,22,19,31,31,33,95,107,80,21,19,11,22,22,18,30,24,23,71,71,66,50,35,46,21,18,19,16,19,17,25,28,24,134,148,116,110,120,86,74,88,74,42,43,34,103,102,69,30,30,30,21,20,21,133,112,85,72,92,50,26,40,23,19,18,12,19,24,17,22,26,19,20,24,20,62,108,95,55,68,52,21,23,15,25,28,19,38,41,38,49,74,39,87,111,75,30,45,32,23,32,18,24,34,18,39,54,33,21,31,22,154,171,117,167,167,120,24,28,11,17,45,11,14,17,15,19,28,20,102,117,95,24,27,18,42,44,38,16,23,13,16,30,13,22,27,35,31,42,28
64.25,31,37,35,76,62,67,152,196,133,32,28,32,178,170,153,24,24,28,175,169,127,59,46,47,34,23,37,26,29,23,34,28,32,22,24,24,22,23,22,28,13,25,153,158,124,21,18,17,49,25,34,163,174,130,21,15,18,76,77,68,23,19,24,20,19,23,28,22,26,148,161,112,27,23,29,18,16,15,95,98,79,85,90,85,16,11,16,24,13,21,29,22,24,42,28,43,27,16,25,140,151,107,22,22,26,38,39,39,83,88,77,15,16,13,164,177,132,24,24,17,100,117,84,142,145,107,41,34,28,16,15,16,19,20,20,16,22,16,21,17,21,28,32,27,95,104,83,20,18,14,18,17,18,26,21,18,64,75,60,49,33,46,18,14,15,17,14,16,25,28,25,137,155,110,110,127,87,71,89,70,38,44,36,103,101,64,27,33,30,18,11,15,137,110,91,75,87,52,28,34,25,19,15,16,18,25,17,20,24,15,21,26,18,62,109,92,54,67,50,18,21,15,24,30,20,33,41,32,50,77,40,87,108,78,33,33,33,24,27,12,30,33,14,37,54,34,19,27,18,153,170,117,165,175,119,14,24,11,20,45,11,11,20,11,17,29,18,97,122,96,18,27,16,42,52,36,16,23,12,14,33,12,19,25,31,30,49,28
64.5,30,34,26,76,63,64,150,196,131,32,21,32,178,164,147,30,13,28,174,170,130,62,41,51,28,19,34,29,21,30,31,27,27,24,23,24,18,22,22,23,18,26,148,157,118,20,25,19,47,27,38,163,173,130,21,18,16,80,83,69,24,19,21,18,20,20,24,22,24,150,155,114,31,24,25,18,15,14,94,100,77,83,93,85,14,11,11,24,18,21,31,23,25,41,31,42,31,19,26,140,149,106,28,24,26,43,33,41,78,87,72,18,16,12,163,176,134,19,23,14,105,120,82,144,147,109,40,36,27,18,19,17,19,20,18,20,25,20,21,22,21,31,30,31,96,108,84,21,22,16,20,16,17,28,25,25,67,75,62,52,36,47,16,20,13,13,19,14,23,23,25,139,150,117,110,121,86,72,86,74,37,44,36,95,98,64,26,28,33,22,19,20,141,115,91,69,100,50,27,42,29,20,21,17,17,20,14,22,23,19,27,26,24,62,109,95,57,71,52,16,25,14,23,25,21,32,42,33,50,73,40,86,107,79,29,35,32,26,31,16,25,27,13,34,59,31,23,33,28,152,174,118,167,174,122,18,32,11,19,50,12,11,22,11,17,28,17,99,125,100,20,27,18,44,46,38,14,27,11,15,29,11,15,24,31,31,47,26
64.75,30,31,27,79,61,63,153,198,128,30,24,32,179,165,150,21,19,25,177,174,131,59,44,48,31,19,36,25,24,29,32,27,35,29,20,25,20,22,20,28,14,22,149,157,122,18,22,15,46,26,35,159,173,130,25,14,19,81,83,67,23,20,24,19,17,18,28,25,22,151,164,111,29,21,26,22,12,15,96,101,76,86,94,84,15,11,15,26,14,19,28,21,24,42,26,39,28,21,22,143,147,109,23,19,25,37,34,32,83,89,72,16,17,11,163,172,132,25,24,18,104,117,86,146,146,108,42,35,31,17,16,13,22,19,18,21,22,18,23,18,18,32,34,31,95,104,83,20,19,14,23,19,17,26,22,20,67,74,56,50,37,45,18,14,11,14,13,13,28,24,23,142,152,117,107,124,87,73,85,69,41,38,32,107,100,67,32,33,30,21,15,19,141,112,90,72,90,55,30,37,30,19,19,14,19,24,15,17,25,18,25,24,21,65,110,97,53,75,47,16,21,11,23,30,19,35,41,34,51,69,40,92,108,74,31,37,30,25,28,15,26,30,16,36,54,35,20,28,20,155,175,119,166,175,122,17,26,11,18,48,11,11,20,11,17,23,20,100,124,97,18,27,16,43,47,35,20,26,14,18,30,15,19,24,34,33,46,27
65,31,48,38,78,68,65,152,202,132,28,34,28,184,176,154,26,27,34,176,176,135,57,47,49,29,28,35,27,29,32,31,30,33,24,26,29,20,26,22,26,16,25,149,166,122,24,25,19,46,28,38,166,178,134,24,17,19,77,84,72,21,22,22,15,19,19,27,23,26,151,168,116,29,29,29,18,17,14,94,104,81,83,98,87,13,11,14,25,16,22,29,25,25,40,29,42,24,23,28,141,152,112,21,22,23,37,38,36,83,93,72,17,17,17,166,177,134,24,27,20,102,123,87,144,151,109,41,36,29,12,22,16,17,24,19,22,22,21,21,22,25,32,32,33,94,109,79,23,15,20,18,22,15,23,24,24,73,79,60,46,39,47,17,18,15,11,12,14,20,23,24,140,158,120,112,124,90,73,94,77,38,47,40,97,108,70,29,33,32,22,21,17,139,115,89,72,94,54,31,38,29,21,21,18,17,30,17,19,24,23,22,26,25,65,114,97,53,72,53,16,22,14,24,30,21,33,39,32,52,79,44,86,112,81,26,36,32,22,28,16,28,36,18,34,58,31,19,30,20,156,178,121,166,179,124,17,30,11,20,44,15,12,20,11,14,27,22,101,124,100,17,31,19,40,52,40,12,28,11,14,33,17,18,30,38,33,50,26
65.25,32,43,28,76,64,61,151,198,129,29,31,26,185,171,152,22,24,26,179,174,130,63,52,53,33,22,32,23,27,25,28,26,30,24,26,24,21,21,19,25,14,23,154,164,120,20,21,21,48,25,39,166,176,134,24,14,20,78,82,70,22,15,21,20,20,19,23,23,23,154,167,115,29,26,25,21,17,14,98,103,82,82,96,83,15,11,11,27,13,24,28,21,26,45,27,41,26,22,23,143,152,105,22,20,24,36,36,32,84,91,71,18,15,12,164,178,132,25,26,19,105,120,85,143,145,110,40,35,24,18,16,18,20,20,22,20,19,22,20,17,23,29,30,33,97,110,76,24,16,15,20,16,16,26,21,19,67,76,60,47,34,47,17,13,11,14,14,15,23,21,25,142,154,119,109,124,85,74,94,70,45,40,40,100,109,64,29,34,34,20,15,18,143,116,91,79,89,58,31,40,30,20,19,21,18,19,15,17,25,14,23,25,20,63,111,96,58,69,52,17,19,16,25,27,18,35,39,32,52,76,44,89,110,76,34,38,32,23,24,16,26,34,17,37,57,33,18,24,21,157,180,122,172,182,128,18,27,11,24,46,11,15,15,13,20,30,19,97,123,94,24,26,23,41,47,36,16,24,13,12,28,11,19,22,34,34,51,25
65.5,35,30,31,78,63,64,150,201,133,28,23,25,181,164,151,23,17,25,178,167,132,61,41,49,29,18,34,28,23,26,31,30,32,27,23,21,23,22,23,22,15,22,150,162,119,21,21,16,48,27,34,164,175,131,18,14,13,75,83,63,21,13,19,18,16,18,27,25,24,152,159,114,31,21,26,19,18,13,95,105,78,82,91,84,15,12,11,22,13,19,24,24,20,42,32,42,28,18,21,144,151,107,26,20,24,40,31,32,82,89,72,15,15,14,165,176,133,26,23,17,102,117,84,143,150,105,39,36,25,15,18,13,21,23,18,20,19,18,22,21,21,27,31,26,97,108,79,17,19,11,26,22,21,25,23,23,66,72,61,45,32,43,19,18,13,18,14,12,23,25,21,141,156,117,109,120,87,71,86,73,42,41,34,102,101,64,30,33,30,20,20,16,144,120,92,71,96,50,31,43,32,17,24,14,18,20,16,22,28,13,21,26,22,62,109,94,56,76,48,16,24,14,27,23,23,35,43,33,52,69,40,90,111,73,29,40,28,22,24,12,22,25,15,35,56,31,20,30,23,159,176,120,167,170,123,13,32,11,19,56,11,11,19,11,15,29,18,101,122,99,21,24,19,44,44,38,16,22,11,16,26,13,15,28,34,29,48,27
65.75,33,34,33,76,65,63,148,199,133,29,23,31,183,167,158,24,17,30,177,173,137,59,42,47,32,21,35,24,23,23,32,29,37,25,22,27,21,16,22,27,14,24,151,165,119,17,21,14,48,27,37,166,179,132,21,13,20,78,86,74,24,20,23,21,23,17,24,24,20,152,166,113,28,23,24,20,16,15,96,104,79,88,93,83,13,11,13,24,12,23,29,22,24,41,27,41,26,20,22,143,150,109,20,20,23,37,31,40,81,92,75,17,16,11,167,177,138,26,24,14,104,120,87,146,148,106,37,30,25,18,18,14,15,18,20,20,23,19,21,22,20,28,32,25,98,108,83,21,15,14,20,18,17,25,21,23,69,78,59,50,35,46,17,18,11,17,17,17,19,28,22,141,152,121,111,123,95,71,86,75,38,40,36,100,107,75,31,31,30,21,18,19,140,116,91,70,96,50,31,41,34,21,20,18,15,24,15,17,22,14,20,27,20,62,110,98,61,73,52,15,22,13,25,23,19,34,39,36,51,73,41,87,111,77,31,33,36,24,31,12,25,28,17,35,60,34,19,28,22,161,179,124,166,175,124,19,30,13,18,53,11,11,19,11,20,26,18,99,123,97,18,23,18,42,49,37,12,21,12,13,23,14,17,26,33,30,50,21
66,32,33,35,79,66,64,155,203,141,31,23,33,188,166,164,27,17,30,182,172,142,64,41,52,31,21,33,27,21,30,28,23,31,25,19,24,27,21,27,26,17,26,156,164,126,24,21,20,51,26,39,173,179,140,21,16,22,76,85,67,21,18,24,20,24,21,27,24,25,155,167,118,30,23,26,21,16,16,100,105,83,86,92,90,17,11,20,27,17,25,29,25,25,44,30,45,26,20,21,149,156,110,21,20,21,38,39,36,82,88,78,17,15,11,164,177,134,23,23,17,107,122,88,144,153,109,41,33,29,19,18,15,21,20,20,22,22,20,22,20,19,31,31,30,100,109,87,24,21,15,21,18,18,27,25,20,67,74,60,51,36,46,22,19,13,12,18,12,28,22,27,144,160,119,113,126,91,73,85,69,40,43,35,107,107,67,27,31,29,21,22,20,144,119,93,77,96,55,29,43,26,25,21,19,18,22,17,18,26,20,25,26,22,61,110,94,61,77,54,13,23,12,26,28,21,35,46,33,58,73,47,89,111,78,29,41,32,24,31,13,22,29,14,42,56,38,20,31,20,159,184,122,171,173,118,17,34,13,19,58,11,11,23,11,20,30,23,100,122,99,22,28,19,43,47,37,16,23,15,11,27,15,18,28,38,31,46,29
66.25,30,33,32,78,64,63,151,200,130,26,18,20,188,159,156,22,17,23,178,172,131,65,40,49,34,19,33,26,23,22,33,23,33,22,20,25,22,21,27,25,19,27,150,164,119,21,24,16,47,29,38,171,176,133,22,16,11,80,83,68,20,15,21,19,20,18,27,23,21,153,162,113,29,20,28,19,19,11,100,104,78,82,93,82,17,11,12,26,13,22,27,16,24,40,30,44,26,22,28,150,151,112,24,21,20,35,31,38,81,93,71,19,17,11,168,178,135,26,23,16,107,123,87,146,153,106,41,35,27,15,17,11,19,17,17,22,25,18,23,17,21,28,31,26,97,109,80,19,20,11,24,18,19,27,21,22,70,75,62,47,32,48,19,19,11,12,14,12,26,24,23,144,155,121,111,118,93,73,88,72,43,43,36,105,106,71,30,33,31,18,19,14,143,120,93,80,98,58,31,43,27,20,21,17,15,18,11,17,23,15,23,25,19,64,105,93,56,76,51,18,29,13,23,29,13,37,43,36,52,72,42,90,110,77,29,37,32,27,30,15,22,28,12,37,54,36,23,32,22,160,181,125,172,176,130,17,29,11,20,55,11,11,22,11,14,29,14,99,120,93,22,26,17,42,44,37,18,25,11,14,29,11,14,24,32,33,43,28
66.5,35,44,36,75,65,64,149,199,139,28,29,33,185,170,166,27,23,30,181,177,141,65,46,57,32,27,38,28,27,30,32,28,34,24,26,30,26,24,27,26,17,24,157,164,128,21,18,20,48,27,42,170,186,144,21,16,24,79,82,72,22,20,17,20,20,20,26,24,24,154,166,117,28,27,24,20,15,15,97,107,78,86,93,86,16,11,19,28,11,24,32,22,25,43,27,40,29,19,26,143,152,112,20,19,21,36,37,39,87,92,80,17,13,13,165,178,138,23,21,18,109,122,87,151,155,116,40,34,30,15,20,13,21,22,20,17,23,20,22,19,23,29,33,28,101,114,90,23,15,17,17,18,13,28,21,23,67,74,60,48,31,47,20,15,16,15,17,17,28,25,27,143,155,118,112,125,96,74,85,73,43,46,37,103,107,67,29,30,34,18,16,17,149,119,99,78,96,56,32,41,30,20,22,18,16,22,17,20,23,18,20,27,21,62,114,97,55,71,56,15,21,12,27,26,20,35,40,34,53,77,45,92,112,80,30,36,31,25,21,18,23,33,13,37,60,37,17,34,20,162,181,125,173,178,125,18,30,11,23,48,14,11,19,11,18,29,18,99,124,99,24,29,22,39,49,35,16,26,14,13,34,13,18,23,33,37,49,31
66.75,36,36,32,78,58,64,152,195,133,29,24,31,184,164,155,25,25,32,179,178,136,61,46,50,32,22,34,28,27,23,35,27,35,23,31,22,22,23,19,24,13,24,155,162,124,23,21,19,48,24,37,173,182,139,21,14,20,80,76,70,18,17,20,21,15,17,27,26,27,154,167,115,31,24,27,25,20,16,98,109,82,87,89,86,12,11,12,28,16,22,28,18,22,43,24,40,26,16,22,145,161,108,26,20,23,37,38,34,85,94,76,20,12,15,165,183,134,26,25,17,109,123,88,149,149,112,41,34,25,19,18,14,22,16,19,23,31,19,21,18,18,28,36,29,98,107,84,24,16,17,18,20,16,27,22,25,69,81,62,48,38,46,17,11,11,15,13,13,24,23,23,141,159,117,112,129,89,73,96,72,38,38,32,103,106,69,32,31,33,18,15,16,147,115,99,81,94,58,33,36,27,20,17,17,15,21,11,19,22,18,25,27,20,62,111,91,58,70,56,20,25,15,30,28,16,36,44,34,50,74,41,90,110,83,34,41,32,23,28,12,22,24,13,37,53,32,22,32,23,166,186,129,170,180,117,18,28,11,23,47,11,13,20,11,18,30,20,98,123,95,16,32,16,43,50,41,19,28,11,14,27,12,16,28,36,41,41,32
67,30,38,29,79,57,64,151,194,129,30,22,24,182,164,157,28,19,27,181,178,137,63,46,50,29,26,34,31,24,27,33,25,33,26,32,25,22,17,20,26,12,24,158,157,121,20,14,18,49,29,37,173,177,137,23,15,18,78,71,68,19,18,18,21,15,19,21,23,20,155,167,116,33,27,23,21,11,14,98,109,78,84,90,86,12,11,14,27,12,19,30,20,21,43,25,44,24,21,23,147,156,112,23,21,21,39,44,34,81,95,71,20,11,14,167,178,134,23,22,17,108,121,85,149,152,112,42,36,25,18,11,11,21,18,14,18,29,17,21,18,17,26,30,28,96,108,81,23,14,15,21,17,19,27,21,20,72,74,63,48,35,44,16,13,11,12,12,12,23,23,24,146,162,119,118,128,91,72,94,71,42,41,35,100,103,65,26,30,28,19,11,15,146,122,95,78,92,58,28,38,29,17,14,11,15,15,13,17,17,15,24,25,19,63,116,92,59,71,54,17,21,13,28,29,22,37,40,35,56,73,42,89,111,79,32,43,30,25,24,16,22,26,14,33,51,32,23,29,19,167,187,129,169,182,120,18,16,11,22,43,11,13,17,11,18,23,17,98,121,94,18,32,14,42,59,38,16,23,11,16,33,14,19,26,33,33,44,25
67.25,32,35,29,75,67,62,151,201,132,31,22,29,184,164,163,26,18,27,184,176,137,61,45,50,31,21,32,29,23,28,36,22,34,24,19,26,21,21,19,26,16,21,157,165,127,22,22,21,48,28,36,173,184,136,22,15,17,78,83,67,21,20,22,21,19,18,26,24,23,157,166,115,28,24,26,21,15,14,103,107,82,82,96,86,18,11,14,27,13,19,29,22,22,46,32,45,25,19,24,150,155,111,24,21,24,42,30,32,84,90,74,20,14,11,166,182,138,26,23,17,108,120,90,150,155,112,44,33,28,19,20,16,25,14,20,19,22,19,21,22,17,30,30,29,97,112,83,22,20,15,24,23,18,25,21,18,71,71,62,51,34,50,20,13,11,11,13,13,26,25,21,143,155,121,118,128,98,76,89,71,39,40,35,109,104,69,31,32,27,20,12,16,151,123,99,77,96,57,34,41,31,22,20,15,17,22,12,20,21,17,21,23,22,62,107,98,55,74,55,17,21,15,26,27,18,35,41,33,55,73,42,92,113,77,34,40,30,23,27,14,24,31,13,35,53,32,21,34,21,168,188,127,169,176,127,19,29,11,19,51,11,15,14,11,18,21,14,100,122,97,20,26,18,45,47,39,13,21,11,16,27,13,18,29,41,31,46,26
67.5,30,36,26,77,62,63,153,203,135,32,19,28,185,162,161,26,17,28,183,174,135,62,43,51,29,21,30,27,24,26,32,22,33,28,17,24,28,21,21,26,16,23,159,164,128,22,21,15,49,27,35,174,183,139,26,16,16,77,85,67,22,21,20,20,20,19,20,23,21,158,165,117,29,23,21,18,16,13,105,110,84,85,92,78,14,11,11,27,14,22,31,23,23,44,27,42,28,17,25,148,159,113,24,21,20,36,34,36,85,90,74,15,15,11,168,181,133,26,20,13,110,123,89,145,157,109,44,36,26,17,16,12,18,16,20,20,18,18,20,17,15,30,26,32,103,113,86,24,17,11,20,20,15,28,21,22,72,74,62,52,35,46,18,16,11,11,17,11,24,25,23,145,157,124,111,122,92,73,85,75,40,47,32,106,110,70,34,31,31,20,16,17,150,125,101,81,97,54,32,44,31,22,16,20,18,21,13,14,20,11,24,26,19,60,109,94,60,73,53,15,26,11,28,22,19,37,40,31,57,73,44,94,111,79,26,35,31,24,26,11,25,26,14,38,60,33,21,30,20,168,187,131,171,176,126,20,30,11,21,51,11,11,18,11,19,25,18,101,116,93,20,25,15,42,44,37,13,23,11,16,28,11,16,22,29,34,45,26
67.75,32,33,35,74,64,61,154,202,141,33,20,38,186,161,172,21,16,33,183,175,144,66,46,59,32,20,39,26,25,28,33,25,36,25,22,23,24,20,23,28,15,26,161,162,132,22,24,18,51,33,39,175,184,146,24,18,22,78,83,72,22,20,20,20,23,22,26,27,22,161,167,121,29,28,29,24,19,18,101,110,84,86,93,85,16,12,18,26,17,24,32,22,27,44,30,43,27,22,25,147,157,113,26,25,23,41,35,38,88,89,80,17,17,14,171,181,140,24,23,15,106,118,89,150,157,117,40,36,27,17,20,15,22,18,21,20,25,17,23,19,20,29,35,35,100,116,88,20,25,15,25,22,25,30,27,26,69,77,65,50,37,48,21,17,15,14,17,16,30,29,29,147,160,126,118,123,96,74,87,74,42,46,38,104,105,68,33,34,31,18,18,19,149,131,102,79,99,60,35,44,27,20,21,17,17,22,16,21,28,19,22,26,20,65,111,102,57,73,55,20,28,18,27,28,17,35,44,35,55,75,45,93,110,85,28,39,31,25,28,15,29,33,21,37,60,37,22,35,23,170,186,132,173,169,122,17,35,11,24,54,11,12,25,14,19,29,16,101,123,97,24,28,22,44,48,40,17,26,14,17,27,15,19,26,36,35,42,26
68,33,35,27,76,65,64,154,199,132,31,21,26,186,159,166,28,18,31,183,178,138,64,44,50,33,23,37,30,22,27,34,26,33,24,17,25,23,22,21,27,15,29,161,168,125,22,24,16,49,29,39,173,183,141,22,12,19,80,89,66,24,20,24,18,22,20,30,24,23,162,164,121,34,22,26,18,18,13,103,113,82,84,98,88,18,11,15,26,17,21,31,20,27,43,32,44,29,19,26,147,157,115,28,19,27,42,35,39,87,92,73,18,19,16,173,184,137,22,24,19,108,123,89,150,157,114,43,35,29,20,15,17,22,18,19,23,23,18,21,19,19,27,32,33,103,115,81,20,22,11,24,18,19,26,24,20,71,77,65,47,35,47,22,19,15,13,18,12,27,29,28,146,162,128,118,128,98,72,86,72,39,44,37,109,110,70,31,34,32,21,16,17,153,129,103,78,95,57,30,42,33,23,19,16,20,24,14,19,25,16,24,28,21,66,112,99,59,79,52,17,20,12,26,26,18,33,45,31,55,74,45,92,115,79,33,39,37,23,30,11,25,28,17,40,60,33,24,31,21,169,188,132,171,177,129,17,34,11,20,58,13,12,21,12,19,23,16,100,125,94,22,29,18,44,48,35,16,22,11,14,28,11,20,25,34,29,49,24
68.25,33,32,33,78,65,63,153,203,137,27,18,26,181,161,163,27,16,26,188,178,142,62,44,49,33,20,33,28,24,28,30,29,34,22,22,22,22,22,23,29,13,27,158,170,127,21,22,17,47,29,33,176,186,142,23,16,17,73,82,68,19,18,18,18,21,13,21,25,20,158,168,120,32,25,26,21,22,13,104,110,82,85,94,81,13,11,11,26,19,22,31,23,25,41,34,40,26,24,22,143,161,111,23,22,23,38,32,32,83,91,76,18,16,11,166,184,136,21,23,17,106,125,86,153,161,113,40,33,28,16,17,14,23,21,19,19,22,17,22,19,21,28,30,27,105,114,85,20,17,11,20,19,15,24,22,19,69,74,60,46,35,45,22,18,13,18,15,16,26,25,25,147,161,125,118,124,96,71,85,72,40,45,36,107,109,69,26,29,26,20,20,18,153,128,101,77,97,56,29,43,30,20,21,12,15,18,13,16,24,15,26,26,20,67,112,97,53,76,49,14,20,12,27,28,18,35,43,31,53,73,44,89,115,78,33,40,32,25,29,15,23,26,13,40,61,36,19,33,22,171,189,132,173,177,133,17,31,11,23,63,14,11,20,11,18,26,19,101,122,99,20,23,16,44,46,36,17,27,11,12,29,11,15,28,32,33,51,25
68.5,34,38,38,78,61,64,155,202,146,26,24,34,180,166,174,24,19,30,186,181,147,60,50,50,37,21,39,29,22,26,35,28,38,22,21,22,21,21,23,25,15,24,164,169,136,20,23,19,51,29,37,177,191,150,20,19,14,74,86,67,20,18,19,17,20,17,29,26,25,164,173,123,27,25,24,21,18,14,105,110,86,83,96,85,14,11,17,25,19,22,27,20,24,43,34,41,30,21,27,151,158,117,25,19,23,35,33,34,83,93,79,14,17,12,168,180,139,24,24,19,110,127,90,151,160,116,38,34,26,16,16,14,19,20,21,19,20,24,21,21,18,27,32,28,101,114,90,23,18,15,25,22,21,26,20,24,75,76,65,49,35,47,16,20,11,12,16,14,24,22,25,146,164,125,115,136,96,73,88,73,38,36,35,111,110,71,30,34,33,23,15,21,151,130,102,81,95,61,35,39,28,16,22,13,16,25,17,18,22,15,23,28,21,63,110,97,60,73,55,15,23,14,27,30,21,32,44,34,55,80,45,91,114,81,34,37,35,24,27,17,22,29,14,38,59,35,20,31,20,176,191,139,172,176,122,13,33,11,24,55,11,11,18,11,19,26,21,99,125,98,19,25,20,46,48,39,12,22,11,13,28,11,21,26,35,32,48,28
68.75,30,38,28,77,73,64,150,207,136,32,23,31,183,164,164,24,22,29,187,180,145,63,43,52,34,24,36,32,30,30,31,30,32,24,21,25,24,23,25,22,16,25,159,171,130,21,21,20,50,32,39,177,188,145,22,23,21,76,87,69,21,21,22,22,25,23,29,28,24,163,171,129,36,25,29,20,20,19,105,113,83,86,92,87,18,11,16,27,20,21,30,25,26,43,30,45,27,20,25,150,157,119,24,20,22,34,35,36,85,90,77,21,17,16,169,185,142,24,24,22,112,123,95,153,167,119,41,40,30,15,21,15,19,22,21,17,24,18,19,20,19,32,33,36,100,114,81,24,21,20,22,22,18,28,19,25,69,82,66,50,39,51,21,21,15,11,20,12,23,28,28,147,163,128,117,127,98,75,88,77,46,41,39,111,120,71,33,35,35,22,22,21,155,131,102,79,102,60,31,45,32,19,22,18,16,24,16,19,27,18,26,31,27,64,109,99,56,80,53,21,25,16,26,27,21,35,47,36,54,80,47,90,113,83,31,41,34,23,34,18,24,30,18,42,61,38,21,37,25,174,195,139,172,173,136,18,34,11,21,56,11,11,20,11,17,33,20,101,124,97,18,30,22,48,43,41,15,27,15,14,30,18,21,32,40,30,49,31
69,32,31,30,79,59,62,152,204,136,32,13,30,182,159,167,25,17,25,187,178,142,66,43,56,30,22,40,29,22,29,35,24,33,25,19,25,24,22,23,26,14,22,159,168,130,22,21,18,53,26,42,182,191,143,17,15,15,76,78,66,20,18,20,17,16,18,29,24,24,165,170,122,32,24,23,19,14,13,104,115,85,85,96,84,15,11,15,27,16,21,28,25,22,43,29,44,27,20,23,158,156,119,23,21,21,36,34,37,82,94,74,22,15,11,171,181,138,27,26,20,107,124,90,156,157,116,39,36,23,17,18,15,17,14,16,22,18,16,20,18,18,29,31,27,100,110,84,19,19,11,24,18,15,25,22,21,67,77,65,51,36,49,19,15,11,14,12,12,21,25,21,150,161,127,119,132,93,76,88,75,42,43,36,106,110,68,28,30,30,18,19,15,154,129,99,80,94,60,31,41,33,24,22,18,22,22,17,17,25,15,23,24,21,66,106,97,63,74,53,13,23,14,26,25,15,36,42,32,52,79,42,92,113,85,33,40,35,22,24,11,24,29,14,39,58,37,19,32,18,176,196,133,173,178,129,17,24,11,23,51,12,11,16,11,19,26,16,101,121,96,24,26,20,43,51,34,21,24,11,16,28,11,17,28,33,27,44,25
69.25,35,29,32,79,64,65,153,204,139,31,15,30,185,159,168,26,16,23,188,180,143,69,40,50,31,22,37,27,24,27,34,25,39,24,21,21,23,18,22,27,16,26,163,173,131,16,24,15,52,30,38,179,192,144,21,15,16,79,87,67,23,14,17,18,24,19,25,22,22,163,175,123,33,25,26,22,13,15,104,113,82,86,91,81,13,11,14,28,17,24,32,20,28,46,27,45,24,23,23,154,158,119,25,22,23,41,32,37,79,91,72,15,20,12,167,184,139,20,22,12,111,121,86,153,158,117,39,35,25,17,18,16,20,17,15,18,18,16,22,15,18,31,30,27,103,112,85,21,20,15,20,18,15,23,20,24,72,78,64,46,35,45,17,21,11,12,15,11,22,23,23,152,161,128,117,130,91,72,85,74,40,43,35,109,110,70,29,29,30,17,22,14,157,128,103,78,96,57,29,38,30,22,19,15,18,21,13,20,23,15,23,27,19,65,111,92,60,75,52,16,21,13,26,26,20,34,38,30,57,76,43,89,112,78,31,33,33,22,29,17,22,27,14,40,61,35,20,29,19,172,197,134,173,179,125,11,29,11,18,55,11,11,16,11,18,24,19,96,121,93,21,24,20,45,45,38,14,27,12,11,31,11,20,24,37,27,51,26
69.5,39,34,34,76,61,61,157,200,139,33,20,30,184,160,169,26,18,28,189,183,147,68,47,51,33,26,37,27,21,23,32,29,34,24,23,26,24,21,23,21,15,21,165,168,130,22,22,19,54,31,40,181,193,143,26,18,17,79,82,69,20,18,19,23,23,22,25,25,25,166,176,128,31,23,26,20,14,14,107,118,86,89,97,84,18,11,17,25,18,22,32,24,29,45,28,43,29,18,26,155,161,116,24,24,22,35,35,41,90,92,77,21,17,14,174,181,141,22,23,16,111,125,91,157,159,120,40,37,32,17,21,16,21,18,19,22,20,21,23,20,24,29,29,31,106,114,90,25,19,16,22,24,22,25,23,20,74,79,63,49,35,47,19,18,12,13,15,13,28,28,27,151,162,128,119,135,104,74,89,80,41,41,41,114,115,74,34,30,33,19,19,14,155,129,104,79,96,59,33,38,30,18,20,16,17,23,13,22,27,16,23,28,22,63,108,97,69,75,59,18,24,13,25,27,19,37,44,36,57,78,45,91,116,81,37,38,37,27,29,16,23,29,13,43,61,38,18,33,21,177,198,136,174,178,131,14,33,11,24,48,13,12,17,11,16,32,18,98,122,97,22,26,23,42,46,39,15,26,12,15,28,11,17,28,35,36,47,26
69.75,32,38,34,79,66,63,151,203,143,29,23,31,180,163,168,22,22,25,189,185,145,60,49,53,36,22,39,29,27,28,34,29,33,24,23,22,22,25,23,28,16,22,164,174,134,24,17,17,50,25,39,181,191,146,24,15,21,84,81,73,22,23,24,16,17,15,24,26,20,162,175,122,28,25,26,22,12,13,107,117,90,86,97,88,16,11,15,28,12,22,30,24,21,47,33,46,28,22,23,153,164,118,22,21,20,37,34,33,84,94,75,18,17,11,168,180,142,22,24,16,116,126,95,153,160,118,45,35,26,18,18,17,19,19,19,23,19,19,20,18,20,27,31,26,101,116,84,23,18,11,22,24,16,28,21,22,71,81,61,51,34,48,21,17,14,13,19,12,24,24,26,152,165,130,120,130,102,74,86,75,42,42,36,113,115,70,29,32,32,17,11,15,160,131,105,81,95,61,31,43,30,20,23,17,19,25,12,18,20,16,23,27,24,66,108,95,61,76,52,19,23,14,25,28,17,35,37,32,61,81,45,90,115,83,30,37,32,23,30,14,23,27,13,40,60,38,20,26,21,180,198,143,175,180,132,17,29,11,20,56,11,12,22,11,18,31,19,99,121,95,25,25,18,43,44,38,14,25,11,13,29,11,19,25,37,34,51,27
70,33,33,32,76,60,60,157,200,144,29,26,34,180,161,177,22,21,28,190,184,149,68,48,52,31,22,35,25,23,27,33,28,36,21,22,26,23,21,23,24,16,22,167,172,134,21,21,19,50,22,36,178,191,150,26,16,22,77,81,68,23,18,19,21,18,19,27,25,25,167,177,128,31,25,26,19,15,13,106,115,88,85,92,85,14,11,11,26,14,25,30,19,24,46,30,43,28,17,24,157,163,120,22,22,20,38,33,35,82,86,76,16,17,14,173,185,144,23,22,17,111,126,90,155,164,114,43,33,31,17,19,15,18,21,17,18,23,21,21,23,16,28,29,32,102,111,86,21,21,15,23,16,19,30,23,22,69,77,63,51,36,50,18,13,11,14,13,15,23,27,26,154,163,130,120,136,96,71,90,71,39,36,37,113,114,68,33,32,28,19,18,17,156,128,106,75,93,59,33,39,31,20,18,14,17,19,16,20,20,16,20,28,25,60,113,98,60,68,53,15,21,11,28,29,19,39,41,34,59,76,43,87,116,82,31,39,30,23,30,13,23,28,16,35,59,37,19,28,20,178,201,139,172,181,125,15,25,11,22,49,12,12,20,11,15,26,16,103,126,99,19,26,16,46,46,40,16,26,11,14,24,11,19,31,36,38,47,27
70.25,31,34,30,75,64,65,147,205,138,26,24,28,178,161,173,28,20,29,191,180,148,59,47,50,34,21,39,31,22,30,28,24,32,26,21,22,28,26,22,29,17,28,164,175,135,22,22,19,54,28,38,184,198,147,18,17,15,84,87,70,21,16,22,19,19,22,28,27,21,165,175,125,29,21,30,14,16,11,106,116,88,85,98,85,14,11,13,27,20,26,32,22,23,47,33,44,27,19,26,154,163,121,23,23,24,37,33,36,86,95,78,16,16,12,170,187,145,23,22,18,116,128,96,157,167,120,44,39,28,18,20,16,18,14,15,23,25,18,20,20,21,30,29,30,103,118,86,22,23,13,23,21,17,25,21,21,72,82,65,49,39,46,21,16,15,15,18,16,27,30,24,154,165,132,121,135,100,75,86,75,41,41,38,113,112,69,31,35,29,22,20,17,156,132,108,79,96,61,31,42,32,20,22,14,18,26,13,22,26,17,27,29,23,66,109,98,57,80,52,15,24,11,26,28,18,40,43,35,56,80,47,95,114,84,27,35,31,22,30,13,23,28,14,40,60,32,22,34,23,181,199,144,170,174,125,15,37,11,23,62,11,14,18,11,20,26,24,100,123,97,18,28,16,44,51,35,15,21,11,12,28,14,18,27,40,31,51,28
70.5,32,36,32,78,60,64,152,198,146,32,24,30,177,158,170,26,18,31,188,183,147,65,41,56,36,22,40,23,20,26,35,27,35,24,22,23,22,22,22,25,13,24,169,172,135,24,20,20,53,28,37,186,192,152,23,20,18,76,83,68,20,21,22,21,19,22,27,25,26,165,178,129,31,27,28,21,15,12,108,116,88,82,94,86,15,11,15,27,21,24,31,21,26,44,29,41,28,24,22,153,164,117,20,21,20,39,33,38,87,93,77,15,19,11,169,186,146,25,25,19,111,129,88,159,168,119,45,35,29,18,17,16,17,21,18,22,20,22,21,20,16,30,29,32,104,115,82,25,20,17,24,22,17,28,27,24,71,77,65,53,42,52,17,17,11,15,22,13,24,25,28,153,167,135,121,130,98,75,92,76,40,39,37,111,113,73,33,33,30,18,18,18,160,131,107,76,90,63,32,43,30,16,20,14,14,21,14,19,21,17,22,29,22,62,109,99,62,71,54,21,23,15,27,28,19,36,41,33,59,77,44,90,113,81,31,40,30,27,31,18,26,30,18,39,59,38,21,29,22,183,201,146,173,179,127,18,23,11,24,48,13,13,17,11,14,29,16,101,122,97,23,25,22,43,47,37,12,24,11,15,32,12,23,29,37,35,46,27
70.75,35,32,34,77,65,65,150,201,138,26,21,28,182,166,173,28,17,33,191,185,147,62,47,53,31,22,36,31,26,26,32,23,37,24,18,22,24,22,20,27,17,26,166,175,136,21,20,19,52,29,39,182,195,151,26,16,19,81,84,69,21,13,19,22,18,21,27,26,21,165,178,123,32,25,24,23,21,14,109,120,91,85,90,83,15,11,14,26,15,22,32,20,24,47,31,41,26,19,21,158,165,122,25,18,22,41,31,38,87,92,74,17,14,13,175,181,144,30,22,18,115,125,90,152,168,118,44,33,26,16,17,14,18,18,16,23,21,19,18,21,17,28,30,28,106,117,86,21,24,11,24,18,17,27,22,22,74,78,64,49,37,49,18,17,12,14,15,11,24,27,23,155,163,128,120,134,99,74,86,73,43,44,38,112,114,69,28,33,32,26,17,17,159,133,106,76,97,62,33,41,26,23,20,17,15,25,12,20,22,17,23,25,19,64,111,94,63,77,53,20,24,13,26,27,21,40,40,37,54,75,47,90,115,79,32,35,29,24,28,14,25,27,13,39,60,39,21,28,23,186,202,142,170,178,127,14,31,11,22,53,11,11,21,11,19,30,14,97,123,91,23,23,20,45,44,36,18,23,15,17,29,11,19,30,35,33,45,24
71,39,47,39,82,72,62,158,203,146,29,36,34,178,174,178,28,32,30,190,190,154,65,52,52,35,23,38,28,37,30,32,32,39,27,28,24,27,26,24,30,17,26,168,175,135,24,18,16,56,31,39,190,199,155,20,16,19,76,82,68,22,18,21,18,20,15,31,25,26,169,185,131,30,25,24,23,14,13,112,119,90,83,92,85,15,11,13,28,14,24,29,21,26,44,30,42,27,15,25,158,173,123,24,19,23,41,38,38,87,98,76,23,16,11,177,184,146,25,24,16,117,127,94,157,162,121,44,35,26,18,17,14,21,15,20,21,26,22,22,15,22,28,31,32,105,118,92,22,13,16,23,20,22,26,18,22,70,84,64,51,33,49,21,16,11,15,15,11,28,24,29,154,173,133,122,136,106,74,96,79,39,44,37,114,123,70,29,35,28,20,14,17,162,132,110,80,90,66,32,37,29,25,22,20,17,21,12,24,22,19,22,26,26,61,119,100,58,70,54,19,23,14,27,28,16,35,42,35,59,81,47,90,116,82,32,38,35,24,26,14,24,37,17,41,60,39,20,26,19,188,207,145,173,183,129,18,25,11,23,54,11,11,20,11,13,27,16,96,125,96,21,24,19,41,53,36,15,26,11,13,31,12,20,26,35,38,49,27
71.25,33,39,30,76,63,60,152,206,142,32,25,28,178,159,170,26,17,26,189,185,149,67,45,52,29,22,33,26,24,29,34,27,33,24,18,26,23,22,23,26,15,25,169,173,135,20,24,18,54,30,36,187,196,154,21,15,16,77,84,67,22,17,20,21,21,17,19,24,20,169,181,129,32,25,29,16,14,11,110,121,89,80,94,81,18,11,17,26,11,24,29,25,23,38,31,38,29,19,24,154,165,123,25,20,23,40,36,36,82,97,76,19,15,15,171,185,147,23,24,15,113,125,95,159,162,122,41,37,29,20,20,14,21,17,21,25,18,20,23,15,16,27,32,29,99,118,86,18,12,13,23,18,21,23,23,15,72,77,65,50,33,51,19,17,13,12,13,12,23,29,23,155,169,131,122,135,105,72,89,75,41,42,38,108,119,70,30,38,26,18,15,13,161,133,110,80,92,65,29,36,30,18,19,15,17,19,11,21,25,17,22,27,21,68,110,96,60,76,56,18,23,12,28,28,20,34,43,29,57,82,47,90,115,83,30,36,30,25,25,16,22,32,13,41,63,36,22,26,22,187,203,146,172,178,136,14,27,11,24,57,11,11,19,12,13,25,17,98,126,96,20,24,21,47,48,36,16,25,11,13,22,11,16,27,35,30,54,27
71.5,30,45,36,78,65,62,150,204,146,29,37,35,173,171,175,26,32,33,192,190,153,64,53,53,34,27,37,26,32,27,33,35,35,26,28,29,22,24,24,26,19,26,168,180,139,23,21,21,51,34,40,186,199,161,22,15,19,77,85,69,22,23,24,19,22,21,20,25,26,169,186,132,29,28,29,15,16,15,110,122,94,86,98,88,12,11,15,26,18,25,28,24,26,44,32,48,24,22,22,162,170,127,23,21,24,37,35,36,90,96,83,12,13,13,176,186,151,28,26,24,114,130,97,160,169,122,45,35,30,17,18,17,22,25,23,19,22,22,15,18,16,25,33,28,103,118,87,19,15,19,23,23,18,27,23,26,71,80,64,48,39,50,17,14,17,15,14,18,23,25,26,156,171,138,123,143,106,69,93,78,45,43,41,117,121,76,29,40,32,18,16,19,162,138,106,75,92,68,33,37,34,22,25,18,14,24,16,21,28,22,22,29,22,66,114,96,65,78,58,12,22,15,24,27,20,34,43,33,61,86,47,95,115,83,27,37,29,25,25,18,23,34,14,39,63,42,19,34,26,190,208,151,173,186,133,12,29,11,21,52,11,12,22,12,17,29,20,104,127,101,17,30,18,45,51,44,15,25,12,13,32,18,19,26,40,30,54,29
71.75,34,44,34,77,70,63,154,206,145,28,40,33,181,172,177,24,32,33,193,194,154,68,51,57,32,32,37,26,32,26,31,34,33,24,25,26,22,28,23,25,17,29,167,179,137,20,24,19,54,34,42,191,201,159,25,20,20,79,85,68,24,22,24,22,19,22,25,24,25,171,185,134,30,33,28,24,17,16,108,124,95,88,97,89,16,11,15,28,18,28,30,21,23,46,32,46,31,20,28,159,170,125,24,21,26,37,37,35,88,97,82,18,15,15,174,185,151,22,25,18,118,131,97,162,166,125,42,41,30,16,17,13,17,21,18,16,25,17,14,15,17,28,30,29,101,119,92,21,15,14,18,19,18,26,24,21,76,84,66,54,37,49,20,19,13,16,15,16,25,28,25,155,174,137,123,139,104,75,93,77,41,44,39,117,121,71,29,35,30,18,15,17,163,137,117,77,92,70,29,40,32,24,20,18,14,24,14,17,24,20,19,29,24,68,117,98,58,76,58,17,23,17,24,32,22,35,45,33,59,84,48,93,114,87,33,33,38,20,26,16,26,34,18,35,58,39,20,27,22,193,209,150,175,183,130,18,29,11,23,50,15,11,19,14,13,32,18,100,127,97,22,28,22,47,51,42,17,27,14,12,28,12,16,28,38,37,54,28
72,36,36,33,77,67,60,152,203,141,30,23,30,179,159,172,25,20,26,190,187,155,65,52,51,38,24,41,30,24,30,37,25,38,26,22,25,22,23,20,26,20,27,169,181,137,19,24,19,54,33,41,188,201,157,25,16,21,81,90,69,22,22,24,19,27,23,25,25,28,170,179,132,31,25,27,21,20,16,114,121,88,81,94,82,16,11,14,26,19,23,28,26,25,45,36,48,21,22,20,161,169,129,26,24,27,37,33,36,87,94,74,19,13,14,173,185,148,25,26,18,115,133,93,159,167,120,42,40,26,13,15,14,19,22,21,20,22,22,14,19,18,31,28,29,105,119,85,23,21,11,21,21,20,28,24,21,73,78,65,52,38,54,20,21,15,11,17,15,20,25,21,156,171,133,125,135,103,74,91,78,41,43,38,116,121,73,31,33,34,20,20,17,164,138,112,79,94,64,31,45,30,23,20,17,17,26,16,21,30,22,22,29,18,66,112,98,61,78,56,19,24,12,28,28,24,37,45,40,60,81,45,92,116,83,32,38,34,21,30,15,28,30,16,38,63,40,21,31,23,191,207,149,176,178,138,18,32,11,21,58,13,13,23,11,18,26,20,99,126,98,22,26,19,43,47,36,17,27,13,15,30,11,22,27,43,29,54,24
72.25,35,48,39,80,67,64,154,200,154,27,39,35,175,172,176,29,32,35,189,198,159,66,52,55,29,24,39,27,35,28,36,30,36,27,27,28,24,24,22,27,16,24,169,179,139,22,19,17,52,31,45,190,202,160,23,19,20,80,83,71,20,19,24,18,20,19,27,22,26,173,191,137,26,27,25,23,13,19,115,125,100,84,96,91,14,11,15,24,11,21,28,21,23,46,28,46,26,20,28,160,172,128,19,17,20,33,36,34,88,99,79,19,14,12,175,190,150,22,24,14,115,127,92,158,173,126,46,39,29,18,15,16,17,18,17,20,22,18,20,16,20,28,36,26,101,120,92,21,17,13,22,18,16,24,20,25,74,84,64,49,37,50,20,15,12,16,12,18,26,24,24,158,175,137,121,145,107,72,95,70,44,40,38,116,124,78,33,39,35,18,14,15,166,136,113,79,90,67,31,42,33,20,17,16,15,19,14,18,25,17,26,29,23,66,116,97,61,79,60,13,19,13,23,25,16,36,41,34,60,82,48,90,115,80,32,40,32,25,25,15,27,30,17,38,60,40,23,30,23,191,214,152,172,182,125,18,29,11,26,53,14,12,19,11,17,27,18,100,127,96,20,27,19,44,50,40,13,25,11,13,29,12,16,26,38,35,52,25
72.5,32,42,38,77,70,67,151,204,142,31,36,31,177,169,175,25,32,31,192,191,155,66,54,55,34,29,38,28,33,29,32,34,33,27,29,28,25,26,24,29,14,25,167,181,137,19,14,21,51,33,45,194,201,162,23,20,20,79,85,69,25,22,24,20,17,17,24,26,23,170,187,135,30,26,27,23,16,16,116,124,93,89,98,85,14,11,14,28,17,26,29,21,27,50,33,49,25,19,22,161,172,129,21,23,22,37,35,36,91,97,82,17,19,14,173,190,148,27,25,20,112,127,92,161,173,124,45,40,31,18,20,18,19,24,21,17,25,21,19,21,20,28,32,30,105,125,92,16,17,11,26,21,22,26,23,20,75,85,69,52,40,48,21,19,15,15,12,13,26,25,24,160,175,140,126,139,108,76,90,76,42,48,40,118,123,70,28,39,36,22,16,18,168,140,116,78,90,67,34,40,33,19,19,21,16,22,18,20,25,21,25,27,23,63,117,96,64,74,59,18,21,18,24,27,19,36,45,37,61,83,46,92,114,83,32,36,36,22,27,18,29,37,20,35,65,35,22,27,24,195,215,152,173,182,129,22,29,11,20,54,11,12,21,11,20,25,24,99,127,99,22,26,20,43,55,39,15,24,11,14,30,13,18,29,39,38,54,26
72.75,30,44,30,82,65,64,152,207,139,29,33,27,177,171,168,24,31,29,196,195,151,67,55,58,36,26,39,25,33,27,34,33,36,29,28,23,22,25,21,24,14,22,173,180,136,21,20,20,52,32,43,192,205,160,24,16,20,83,82,69,19,19,23,21,21,24,20,23,24,175,187,135,30,27,25,21,14,17,117,127,91,87,93,90,15,11,15,30,15,25,26,24,24,48,33,50,26,19,26,163,173,126,23,18,24,40,35,40,87,96,75,17,14,12,177,185,147,27,25,19,115,130,95,161,173,126,43,37,33,16,16,15,19,19,17,20,23,21,22,17,23,30,34,35,107,125,84,22,12,14,21,19,19,27,22,22,72,84,66,53,36,48,16,15,13,12,14,14,27,23,27,159,174,134,133,141,109,75,94,75,37,43,33,118,124,73,30,38,36,20,17,19,163,142,113,77,90,67,32,39,31,25,21,22,12,24,14,20,24,19,22,25,22,66,117,102,62,75,54,15,19,13,25,33,20,37,46,38,67,87,49,92,117,84,31,36,35,24,26,14,24,34,14,37,61,40,19,29,21,191,214,152,177,183,136,15,29,11,25,51,11,11,23,11,15,31,20,100,127,96,21,27,22,41,53,41,13,24,11,14,30,12,15,27,41,37,54,29
73,29,46,32,77,68,64,149,202,146,30,33,34,171,171,171,21,32,29,195,197,160,63,55,56,32,27,40,26,30,27,33,33,36,27,27,30,23,26,26,25,18,22,174,180,143,21,27,19,52,30,42,189,204,158,23,18,19,79,87,69,21,20,24,20,21,24,25,22,25,171,187,135,29,26,28,21,13,14,115,126,97,85,98,87,13,11,14,22,13,23,26,24,28,45,31,46,24,20,25,164,172,129,21,16,25,38,40,42,90,99,78,18,16,13,172,187,150,27,24,21,115,131,94,163,173,125,45,41,33,18,16,19,19,20,19,21,25,21,19,20,24,28,30,31,103,124,91,21,16,14,22,18,21,26,24,24,74,83,67,53,32,48,18,19,13,16,15,14,25,23,28,158,175,136,125,141,107,76,94,77,41,41,38,116,126,77,33,37,34,21,15,22,167,138,118,77,92,73,36,42,34,17,19,16,13,22,17,19,24,19,20,25,23,70,115,103,64,77,62,20,20,14,24,29,20,39,42,33,65,86,50,94,115,89,30,41,35,22,24,18,25,35,14,39,62,43,19,28,24,194,212,155,176,186,136,17,29,11,22,57,13,11,19,11,16,29,19,97,128,95,22,28,22,42,51,39,14,28,13,15,32,14,21,28,41,39,57,25
73.25,35,39,33,77,61,60,152,199,149,28,33,32,176,172,173,27,32,28,201,197,162,66,54,56,31,30,38,28,36,28,33,29,36,26,29,27,24,23,24,29,18,28,167,177,138,23,21,22,53,35,41,194,205,163,22,15,17,77,81,67,23,19,22,21,21,18,28,23,24,175,191,137,34,27,28,22,14,14,116,130,93,83,94,86,16,11,15,25,13,26,31,22,27,49,33,48,28,20,23,162,173,128,23,21,22,40,37,37,92,97,81,19,15,15,175,186,148,24,22,17,116,133,96,164,167,131,46,42,33,17,22,14,21,17,17,23,24,22,20,18,20,30,32,28,102,123,88,24,16,17,24,14,20,28,18,20,71,84,66,54,41,52,22,14,14,17,14,16,26,27,25,158,173,136,124,147,111,79,95,79,46,46,39,122,126,74,28,36,35,26,13,18,171,139,116,76,90,68,34,36,33,22,17,19,18,20,16,23,24,19,23,22,22,60,117,97,61,77,55,16,20,11,29,30,21,38,43,35,62,81,49,92,113,82,31,37,32,24,24,16,25,32,18,39,60,40,23,29,23,192,220,154,172,188,135,19,26,11,26,52,16,11,26,12,14,26,17,101,130,100,23,33,20,49,57,41,20,29,12,16,32,12,17,28,37,36,57,28
73.5,37,45,32,75,67,64,158,204,148,29,37,24,176,168,172,25,31,30,198,199,160,67,55,58,33,27,38,25,35,28,33,30,37,25,27,29,22,26,25,26,16,28,170,183,140,20,21,17,50,37,42,191,208,162,24,17,20,81,87,75,23,23,24,21,22,24,23,25,24,175,191,139,31,29,31,22,14,21,113,127,92,83,97,90,17,11,17,27,15,23,30,25,28,43,33,49,28,22,25,162,175,130,25,22,22,38,35,38,86,96,79,17,14,16,177,191,151,24,23,21,116,131,95,165,169,128,44,38,31,17,17,17,19,18,18,23,20,25,18,18,20,28,31,32,99,124,86,16,16,15,22,16,20,23,22,23,72,84,67,54,40,54,19,18,17,13,17,17,26,24,27,163,181,144,125,146,107,69,91,77,38,47,37,121,126,74,32,40,34,18,11,19,170,142,116,73,90,69,31,39,33,20,24,17,15,22,18,18,23,17,20,27,26,68,119,105,59,78,55,13,20,12,31,31,25,37,39,36,58,85,47,90,118,84,31,41,32,19,26,11,23,36,16,42,61,41,24,31,26,192,217,158,175,186,143,16,24,11,22,54,12,11,25,12,17,26,21,100,126,99,21,28,20,46,51,38,16,27,12,14,32,13,14,29,38,35,51,30
73.75,28,48,31,76,75,67,148,208,145,28,38,29,172,169,170,26,30,32,200,199,163,66,54,55,35,27,37,27,36,31,31,30,35,25,27,25,19,25,21,28,18,24,171,183,144,20,26,19,53,35,43,193,210,164,23,13,20,80,88,71,23,20,25,19,19,15,24,25,26,174,191,139,31,24,27,23,17,18,118,128,98,86,100,87,13,11,16,24,17,24,30,27,26,49,29,49,26,23,24,161,179,132,19,23,23,35,38,37,89,100,76,18,15,15,176,188,152,22,20,19,116,133,99,165,172,130,46,44,32,17,19,17,17,23,19,21,24,25,17,19,23,30,32,30,105,124,91,26,16,15,22,21,20,25,24,22,76,86,68,50,37,53,17,16,12,15,18,16,23,26,25,159,183,141,123,146,109,76,96,78,41,42,35,121,125,78,26,39,35,21,14,20,171,145,121,74,86,70,29,41,32,23,22,21,14,27,13,18,23,17,21,29,24,65,116,103,61,78,58,13,24,13,24,28,23,36,43,35,60,82,51,92,113,85,30,40,31,24,26,15,21,36,16,35,63,39,18,33,27,190,218,161,174,182,140,20,30,14,27,51,17,13,20,11,16,26,17,102,128,97,21,30,22,45,53,38,15,27,12,16,27,12,20,28,42,39,51,30
74,31,31,34,78,61,63,152,198,146,29,22,31,176,155,170,26,21,28,196,191,162,66,48,57,36,25,40,28,23,32,29,25,34,24,19,23,21,23,26,23,18,24,169,177,144,22,20,22,54,30,44,196,203,165,24,16,21,79,87,70,21,17,24,18,19,17,25,24,25,175,185,137,30,23,23,22,18,15,114,127,95,84,99,87,13,11,11,27,15,23,28,21,24,47,34,49,27,21,24,167,175,131,23,20,22,33,32,38,88,94,83,16,22,12,179,189,152,25,25,19,113,129,93,164,169,128,46,40,33,19,16,17,18,20,20,21,21,24,18,18,21,30,33,30,104,119,84,18,22,13,20,25,18,26,23,20,75,84,67,52,40,50,19,16,13,14,14,14,26,25,25,162,174,140,127,143,109,67,87,75,38,42,38,120,123,77,26,36,33,20,15,20,173,143,122,73,91,68,32,41,34,20,21,13,17,24,17,18,27,17,17,26,21,65,111,103,59,72,56,19,24,15,28,33,24,35,43,35,61,82,51,90,117,86,32,37,31,25,25,14,23,29,18,37,61,40,22,29,25,188,219,160,180,183,137,15,30,11,23,58,13,11,20,11,14,25,17,103,125,99,21,29,20,45,48,41,14,29,15,14,27,15,17,29,42,34,54,28
74.25,36,39,34,79,65,66,153,202,149,32,33,30,178,167,171,26,30,29,201,200,162,71,58,56,35,25,40,30,34,29,36,31,39,27,27,27,22,29,22,29,14,29,172,179,140,18,18,16,56,34,41,198,212,167,22,17,16,81,82,69,22,19,23,19,24,21,25,24,25,178,188,139,30,28,28,21,11,20,122,129,102,87,93,87,18,11,13,27,12,21,33,23,26,52,30,46,29,20,24,162,177,130,24,23,23,42,40,42,85,101,78,19,18,15,179,190,155,20,23,17,119,132,95,166,170,133,45,41,27,17,17,15,22,21,17,21,25,18,20,18,18,29,34,33,107,124,93,20,15,13,21,20,16,28,23,19,78,85,68,56,38,48,22,20,16,15,14,15,27,25,26,161,177,142,129,146,112,75,98,81,41,40,37,122,126,76,30,34,31,19,15,17,171,144,122,78,90,74,33,41,32,20,19,17,18,18,15,20,27,19,24,26,19,70,119,101,63,75,59,15,19,13,25,32,19,37,44,34,59,85,50,96,116,85,33,37,33,25,25,15,22,28,16,39,63,45,22,30,20,189,220,165,176,187,137,17,23,11,23,53,11,11,19,11,15,30,14,98,125,100,19,35,20,44,56,43,14,28,12,16,36,14,17,28,47,34,54,28
74.5,30,30,33,77,65,62,151,200,143,28,24,28,172,157,169,28,19,30,199,192,161,66,48,58,29,22,35,29,26,33,35,25,31,23,20,20,22,22,23,26,16,25,175,177,143,20,21,22,55,28,40,198,205,168,23,15,20,79,84,67,17,16,23,21,21,23,22,27,23,176,184,138,31,27,25,21,18,15,119,134,101,87,96,88,16,11,16,25,15,21,30,21,24,48,34,47,24,22,24,170,175,135,23,20,24,35,35,36,90,98,78,17,19,12,178,189,152,24,24,20,117,131,92,167,173,130,45,36,30,17,19,15,20,19,20,17,25,16,19,14,19,30,29,30,104,120,88,21,25,15,17,20,16,26,22,24,74,81,69,51,39,49,18,15,12,11,17,12,25,26,27,160,176,142,125,140,111,74,88,72,40,36,35,123,122,76,31,33,36,18,20,18,172,147,122,71,90,72,28,40,31,20,19,16,17,21,15,21,27,19,22,26,22,63,113,98,61,73,55,12,26,11,28,30,23,39,41,39,66,80,49,95,115,89,30,39,35,25,26,17,25,28,16,40,64,41,22,27,22,189,217,162,176,181,134,15,29,11,21,54,11,12,21,11,14,26,16,101,123,95,18,24,17,48,51,44,11,23,11,14,30,11,15,28,46,34,47,29
74.75,33,33,38,78,66,62,154,204,150,32,29,34,174,160,168,23,25,28,199,197,163,64,48,54,37,25,42,27,24,27,34,29,36,20,23,30,25,23,30,29,23,30,174,189,146,23,24,23,50,38,40,196,211,169,19,17,17,82,91,72,23,22,24,18,20,22,26,28,28,176,188,141,32,26,30,22,24,18,121,130,100,87,102,91,13,11,14,26,21,23,31,25,28,47,40,48,27,24,25,164,177,134,23,22,26,36,30,41,93,99,81,19,19,16,176,193,155,24,26,22,115,134,96,171,177,132,45,44,36,16,22,16,16,23,19,25,24,27,20,23,19,29,31,31,108,125,89,27,21,16,25,24,18,27,27,24,77,85,68,52,35,56,22,20,18,15,17,18,28,25,27,163,181,145,129,142,113,76,90,79,41,46,38,127,126,81,33,40,34,22,19,23,176,151,122,72,95,74,34,48,34,22,24,21,16,28,15,16,29,19,24,28,26,64,115,101,60,76,57,15,25,17,26,27,19,38,46,36,62,85,49,91,115,84,32,44,34,19,31,15,20,26,17,39,62,42,23,37,24,187,219,164,175,180,140,19,34,11,26,56,15,11,22,12,17,30,21,97,126,96,19,28,23,41,50,39,15,29,14,15,33,13,19,31,46,36,54,31
75,34,39,34,80,62,66,151,205,152,31,31,36,174,162,173,25,23,31,201,197,165,66,52,56,35,25,37,28,25,33,31,28,34,28,20,28,27,27,22,27,19,29,173,183,144,21,20,20,52,34,45,199,209,168,22,17,24,81,89,72,21,18,20,14,24,19,27,27,29,181,190,142,29,26,28,20,20,14,122,130,101,90,100,88,14,11,16,26,16,25,30,24,28,43,33,49,27,24,26,169,183,133,25,23,22,39,37,43,87,98,79,16,16,16,178,187,151,30,25,21,117,135,98,167,173,134,43,44,34,16,19,15,20,20,18,22,25,21,19,21,19,31,34,31,102,125,88,20,14,13,24,20,19,22,27,19,73,82,64,55,41,54,17,14,15,12,14,16,23,25,27,161,179,144,132,141,110,72,86,77,43,45,40,126,126,79,29,35,33,19,19,17,176,149,126,78,90,77,29,47,31,26,22,22,19,25,17,19,27,18,26,31,28,64,109,104,62,78,55,19,26,17,27,28,23,40,45,38,61,89,54,94,117,84,31,37,33,26,28,17,25,32,15,43,65,45,26,31,25,190,217,166,175,181,135,16,32,11,22,58,12,11,20,11,16,28,20,99,122,100,21,26,19,48,54,41,17,24,15,14,29,12,17,31,45,30,55,29
75.25,30,44,32,78,73,64,153,206,144,29,35,31,175,172,167,26,31,30,201,203,161,67,52,58,31,31,41,28,34,28,35,31,38,25,28,22,23,27,23,30,20,28,178,188,147,19,19,16,55,38,47,200,214,169,24,19,21,82,85,69,24,22,20,17,23,21,27,25,30,180,193,142,30,29,25,24,15,18,125,135,101,86,99,89,15,11,14,29,15,28,28,25,26,47,37,46,23,26,25,166,180,133,20,20,28,39,39,35,89,97,78,19,15,14,178,192,155,25,22,19,120,134,100,166,183,133,45,39,32,18,17,16,18,21,19,22,25,21,22,22,22,32,37,32,106,127,94,18,20,14,24,20,19,29,22,23,78,83,69,53,39,53,19,16,12,16,13,16,27,26,27,165,182,145,131,147,115,74,96,80,42,46,41,128,128,83,35,35,33,23,19,21,175,145,125,77,88,74,31,38,33,24,18,22,14,24,19,21,24,21,24,29,24,65,113,97,62,78,57,23,23,19,26,31,23,37,37,35,61,89,50,95,116,87,31,38,35,24,22,17,24,30,17,41,64,45,19,28,21,186,220,164,177,185,142,17,30,15,28,56,13,11,21,11,20,30,27,102,126,99,23,29,26,43,52,43,15,26,14,15,31,15,17,26,47,37,51,32
75.5,30,45,32,79,73,61,151,201,144,32,37,28,174,167,166,24,30,28,200,202,165,72,61,57,34,27,39,28,33,30,38,33,39,28,25,21,23,25,23,28,18,25,179,182,144,23,20,17,54,31,45,198,214,169,25,13,19,79,83,70,24,17,20,18,20,20,26,21,25,181,192,143,30,30,26,19,13,13,125,130,103,86,100,89,18,11,18,28,15,24,28,23,28,45,27,42,23,17,23,168,179,134,23,19,27,35,40,35,89,100,79,18,16,14,177,191,152,25,27,18,116,130,96,166,180,128,43,44,29,16,20,12,21,18,21,16,21,21,18,18,20,31,29,31,104,125,88,19,12,11,22,20,18,25,24,22,72,87,64,52,37,48,16,13,11,12,16,13,23,24,24,170,182,144,130,149,113,74,94,78,42,46,38,124,130,80,33,36,31,15,14,14,174,145,122,77,85,70,31,39,33,21,20,18,15,25,16,21,21,21,24,25,24,64,117,104,66,76,56,20,20,17,27,29,19,36,43,36,62,87,50,94,117,90,29,38,32,24,26,17,22,30,14,41,65,44,25,26,26,187,219,166,172,182,140,20,25,11,23,57,11,11,18,11,12,28,16,99,125,99,19,30,20,44,55,39,15,23,11,15,36,13,18,27,44,36,52,29
75.75,35,44,28,75,71,61,153,202,140,28,33,24,173,169,162,24,32,29,202,203,164,68,55,54,36,27,37,31,33,27,34,32,33,24,28,26,27,25,23,27,17,26,176,184,147,19,22,19,55,33,42,200,215,168,23,21,19,77,90,70,21,19,21,20,22,18,25,26,25,178,194,144,31,26,29,21,12,15,124,134,99,87,101,90,18,11,14,28,14,26,29,25,24,47,33,52,26,22,25,164,182,135,26,22,25,37,40,34,88,97,77,18,13,13,179,192,150,23,22,17,117,133,95,171,182,133,48,42,34,19,19,17,21,21,18,17,24,17,18,18,17,27,33,33,101,127,82,23,13,17,22,22,19,28,19,26,74,86,65,53,41,51,18,16,14,13,14,14,24,28,24,166,180,145,132,145,108,74,98,75,41,45,36,129,132,78,35,38,38,19,17,13,177,148,122,75,88,72,35,39,33,20,18,21,19,21,16,22,29,20,26,25,27,67,117,99,61,79,55,16,22,17,28,33,21,37,42,35,59,91,51,96,115,87,29,37,32,22,28,15,20,32,14,41,65,42,22,29,25,185,215,169,173,184,139,17,29,11,25,53,13,12,19,11,20,29,20,97,129,98,22,30,19,47,52,43,16,26,13,17,26,15,21,27,50,32,52,30
76,34,42,33,77,72,67,155,199,149,29,38,32,173,169,167,21,32,26,203,205,168,69,55,58,35,28,35,29,32,33,34,36,37,19,23,27,23,27,24,25,16,26,173,189,145,21,20,17,51,39,40,200,215,174,19,16,21,82,85,69,20,19,20,18,22,20,26,23,23,184,200,147,32,28,28,17,16,16,123,137,100,84,102,84,15,11,15,29,19,27,30,25,27,47,31,50,30,25,27,166,185,133,22,22,25,35,37,40,91,103,84,15,18,16,181,189,157,28,23,22,118,135,99,169,178,140,44,42,32,14,17,11,19,21,20,18,20,20,18,20,19,27,31,31,101,126,93,14,14,11,21,22,19,22,23,20,77,86,65,53,35,54,18,16,12,13,16,11,28,28,31,163,185,151,129,144,115,71,92,76,44,41,38,128,136,80,32,40,33,17,14,15,174,152,127,77,88,74,29,40,33,19,18,16,15,21,16,22,28,19,23,25,26,66,120,103,60,76,57,16,18,17,27,33,16,36,46,37,61,84,49,95,120,88,29,38,35,20,25,15,23,33,13,38,64,42,19,27,21,184,211,172,175,187,140,20,29,11,23,56,13,11,20,11,14,30,18,99,127,96,23,23,21,45,49,41,13,27,15,12,27,11,15,29,42,33,53,31
76.25,35,42,34,76,69,65,150,202,153,32,35,31,174,170,169,27,31,29,203,208,171,69,55,56,35,28,37,28,32,28,35,34,36,27,26,31,21,26,25,25,15,25,175,184,146,23,20,17,53,35,40,205,218,173,23,15,21,83,84,67,20,18,21,17,22,19,29,28,26,181,197,144,32,26,30,23,16,20,128,136,103,88,100,90,15,11,15,26,16,21,27,24,25,46,31,45,28,20,28,172,183,136,21,20,23,37,39,37,89,102,79,18,13,16,179,195,157,26,24,20,117,137,101,168,179,137,45,41,30,15,19,15,20,21,20,18,26,22,20,21,19,26,31,27,103,126,89,19,15,14,21,20,19,29,23,22,74,87,67,55,44,51,18,15,13,17,13,15,26,28,27,168,183,147,135,153,121,75,100,76,42,46,40,127,135,81,33,39,35,19,12,18,181,150,130,70,88,72,31,39,34,17,22,16,15,23,16,20,29,21,25,28,24,63,117,104,65,79,57,19,23,15,26,29,23,39,47,40,65,83,48,95,117,87,30,33,31,24,18,11,24,35,18,43,64,43,20,31,24,185,219,174,175,186,138,15,29,11,22,61,15,12,22,11,19,28,21,99,129,100,21,32,20,45,53,43,20,26,16,14,31,11,19,28,47,34,55,27
76.5,35,46,30,77,68,64,152,203,144,26,33,27,173,168,162,25,31,30,202,203,166,68,52,57,30,26,33,25,30,26,33,33,34,27,27,26,25,26,27,26,20,24,177,185,144,24,18,21,56,39,44,205,218,169,23,19,14,79,87,75,20,21,21,18,23,22,28,23,29,177,193,145,33,24,26,21,17,16,123,136,102,89,99,89,16,11,16,28,17,24,25,24,25,48,40,48,23,19,24,170,181,136,20,19,21,37,37,40,92,100,83,17,15,18,178,193,153,23,26,21,118,136,97,167,176,137,46,42,32,19,18,16,19,19,21,20,25,20,26,20,24,28,29,36,103,129,86,26,15,16,23,16,22,27,21,23,78,87,72,50,39,51,23,17,14,17,15,15,25,27,28,167,182,146,132,148,115,74,91,79,42,44,37,127,136,81,32,39,32,20,15,18,178,147,127,76,86,73,30,40,31,21,22,19,17,25,17,20,27,19,23,21,24,66,117,101,67,78,56,15,24,15,23,24,18,39,41,38,66,87,54,89,114,86,31,35,31,24,26,15,25,35,15,41,66,43,19,27,26,182,216,169,179,181,144,18,30,11,25,56,11,11,21,12,17,30,22,97,127,96,22,28,23,46,54,43,15,23,13,15,28,17,20,25,49,38,50,29
76.75,31,35,40,77,66,61,148,203,155,28,30,37,169,168,173,27,25,34,201,205,175,61,55,59,31,26,40,27,28,33,30,28,40,27,25,26,25,25,26,25,16,24,180,187,151,23,23,20,52,37,43,203,216,178,23,16,25,78,86,71,22,17,22,13,20,19,25,25,25,184,195,151,29,26,28,21,15,14,126,136,109,82,96,86,13,11,20,27,18,26,28,28,26,48,30,48,26,22,23,170,181,137,21,23,25,37,36,42,91,97,87,17,14,17,183,195,160,23,23,21,119,137,98,166,172,136,48,43,36,18,20,15,18,21,23,19,22,21,21,19,20,29,33,33,101,126,99,22,14,15,20,22,18,23,17,21,75,87,69,52,41,49,21,15,16,14,17,17,25,26,27,168,186,148,132,148,114,69,94,75,38,39,39,122,132,78,31,38,38,23,16,18,179,153,129,72,85,77,28,39,29,15,18,15,14,21,17,19,26,19,20,27,25,64,116,101,62,76,62,13,22,18,26,32,21,39,45,38,66,87,55,94,117,88,33,36,35,22,22,19,21,33,14,41,62,50,19,28,26,184,214,174,176,186,136,20,23,14,22,53,12,11,19,11,13,30,16,101,128,100,17,30,20,44,52,38,11,23,11,17,29,14,17,26,49,37,56,32
77,29,43,28,79,72,64,148,204,147,29,33,29,172,165,162,21,35,25,207,205,166,68,58,61,34,29,37,27,32,33,33,29,35,24,26,24,27,23,26,25,18,25,179,188,150,21,23,19,52,36,42,206,217,174,22,15,17,82,85,74,19,20,21,15,19,17,24,24,22,184,196,148,33,29,28,18,16,14,128,140,103,86,98,84,16,11,17,29,21,25,29,22,25,49,35,49,22,23,27,171,181,137,22,21,25,32,37,36,89,99,84,20,16,16,181,193,156,24,22,18,118,138,95,167,182,132,46,38,32,19,18,18,17,22,18,20,27,20,20,18,20,29,31,33,107,126,87,21,15,19,20,19,19,27,24,25,76,84,69,53,35,54,21,16,13,15,14,17,25,29,27,169,184,145,131,149,117,73,89,73,42,40,38,129,135,76,31,38,35,19,12,20,178,155,131,72,86,72,29,43,34,19,22,19,11,19,12,20,22,21,23,27,22,62,118,104,58,77,55,17,22,17,27,29,23,38,43,37,64,89,54,93,114,87,29,36,31,22,21,16,21,35,16,37,61,43,19,35,24,188,210,176,175,179,144,19,28,11,24,53,13,11,18,11,18,26,23,98,126,100,23,27,23,43,52,39,13,24,11,11,32,11,16,22,44,37,55,31
77.25,33,41,47,79,73,68,150,204,161,30,42,46,173,173,176,26,39,33,206,209,172,71,57,62,32,31,35,28,34,30,32,37,43,21,31,24,24,31,27,26,21,27,181,189,154,24,19,22,58,34,47,210,218,183,20,15,26,83,88,77,21,22,24,19,18,21,23,27,24,180,199,148,32,29,35,19,15,16,128,137,110,88,98,91,15,11,18,27,18,26,32,24,29,48,34,48,27,22,28,169,184,141,24,23,24,37,42,39,92,106,89,18,15,14,182,195,164,26,19,18,123,135,102,167,184,136,50,45,37,22,22,20,23,22,24,18,23,18,17,19,20,31,32,31,103,130,103,19,16,14,20,23,16,25,21,22,79,87,73,55,39,52,18,16,15,13,17,13,23,28,25,169,187,148,135,156,120,75,95,79,40,47,41,129,138,82,33,40,37,19,15,20,183,153,134,77,86,74,31,43,28,22,21,18,15,27,15,19,29,19,22,28,22,66,117,104,60,80,64,18,21,17,25,33,23,39,42,40,67,90,54,96,115,95,32,35,34,22,26,17,20,34,15,38,65,45,20,28,23,180,212,181,179,187,131,19,28,13,21,54,11,16,20,16,15,31,21,103,130,97,20,26,21,43,55,42,11,25,11,12,30,13,14,25,49,40,55,31
77.5,30,43,36,79,71,68,156,201,150,30,40,33,178,172,168,23,36,31,207,207,171,72,59,60,35,29,40,27,37,33,35,34,41,27,31,29,24,24,23,24,14,27,180,183,149,22,21,20,54,35,48,208,218,178,22,17,20,85,82,74,21,20,24,20,21,21,27,21,29,184,200,149,32,31,28,23,14,17,130,137,107,89,97,87,18,11,15,28,17,24,32,26,26,49,34,45,27,15,25,169,186,138,24,20,23,38,41,41,92,106,84,18,14,14,187,192,162,26,23,20,122,138,100,169,180,137,43,40,31,17,17,16,18,21,19,19,27,20,19,24,21,27,30,32,105,126,96,22,16,14,24,19,16,25,21,23,76,89,70,56,43,54,20,16,15,11,14,14,26,26,25,170,187,148,137,158,118,72,97,79,42,39,38,127,137,78,33,36,34,22,17,22,183,153,131,71,85,74,34,40,34,20,19,17,16,22,15,19,22,18,23,29,24,67,119,106,61,81,56,15,17,17,25,31,22,37,42,36,64,92,50,97,117,87,34,38,34,22,25,15,23,36,15,39,60,47,17,29,23,183,214,175,179,184,136,16,25,11,21,58,11,11,23,11,16,31,21,103,124,97,19,36,24,44,55,39,16,29,14,12,34,11,12,29,41,34,59,30
77.75,30,35,38,79,60,69,152,199,157,28,33,33,176,164,171,27,27,35,207,206,174,70,52,61,33,26,36,26,34,29,27,30,36,24,25,25,24,24,22,27,16,26,184,185,154,18,19,18,56,35,48,207,219,177,25,18,21,79,85,72,21,20,21,18,21,17,25,21,26,184,200,152,31,26,25,20,14,14,127,141,107,87,96,85,20,11,17,26,15,20,27,22,25,48,33,47,24,19,22,173,184,139,21,18,23,39,38,40,91,98,87,19,14,16,181,192,159,27,24,15,121,136,98,173,189,139,50,42,29,19,18,15,19,19,20,17,23,15,16,19,18,28,29,29,107,122,97,20,16,13,22,12,17,29,20,21,77,89,69,54,38,53,20,15,16,11,17,13,25,22,26,166,184,147,135,156,117,73,94,76,42,42,39,129,132,82,32,39,36,17,13,15,179,151,133,75,88,73,31,39,27,22,19,16,16,22,16,16,20,15,21,23,24,63,117,104,67,75,60,16,15,17,25,30,17,36,42,35,68,85,54,92,117,87,32,35,32,21,22,15,21,34,16,43,64,43,19,24,20,181,212,177,180,183,133,18,22,11,24,60,12,12,21,11,17,29,18,100,125,95,22,31,16,42,54,37,17,30,13,14,29,12,18,26,44,35,57,24
78,31,47,44,79,71,68,156,204,155,29,41,41,171,173,170,28,37,31,207,212,176,70,56,61,36,29,45,30,36,32,36,32,39,25,28,27,20,30,22,25,18,24,179,188,150,22,19,20,53,36,44,210,223,181,20,17,21,82,84,73,20,15,18,18,24,19,25,24,25,184,202,152,33,25,29,21,17,18,130,141,110,86,101,88,15,11,16,25,15,23,30,24,25,48,33,48,26,21,23,173,191,136,24,21,27,40,39,42,90,105,83,13,16,13,181,192,158,26,22,20,119,140,98,174,187,139,49,46,35,14,20,16,22,24,21,21,28,21,22,18,22,32,31,34,101,127,98,22,17,14,24,14,20,27,24,25,75,84,66,53,43,51,16,17,12,13,13,15,23,25,23,170,188,150,134,154,118,70,93,75,45,47,42,133,139,80,33,37,36,20,17,14,179,157,134,74,84,75,31,43,33,22,21,20,16,23,16,20,26,21,22,26,24,65,119,101,64,79,58,17,24,14,24,32,19,39,45,40,66,92,56,97,118,89,30,39,35,23,21,14,25,37,16,37,63,36,23,28,24,182,210,177,179,185,136,15,27,11,27,54,19,11,24,11,17,31,20,100,129,100,22,28,22,46,55,44,16,30,12,15,29,13,17,29,44,32,53,27
78.25,29,45,41,76,67,66,154,203,160,28,39,41,171,170,171,22,32,35,206,208,180,70,59,57,31,29,39,30,31,32,32,37,36,23,30,24,21,28,26,24,11,22,184,189,153,20,16,18,56,38,48,207,221,181,20,13,23,81,83,71,20,18,24,15,21,20,27,24,29,187,200,151,28,30,30,19,15,14,129,143,109,85,93,84,16,11,19,27,12,26,29,25,25,45,35,47,24,22,22,171,188,140,18,21,20,36,40,34,88,102,84,17,11,12,183,194,165,24,22,18,122,137,103,169,186,140,43,42,33,15,19,12,16,17,18,20,22,23,18,21,20,25,31,28,104,128,102,21,11,14,21,18,19,24,21,21,77,83,65,54,39,54,18,12,11,12,14,14,24,26,25,171,190,153,136,152,123,71,92,71,39,40,40,129,138,83,28,34,37,16,13,18,182,154,136,72,87,74,30,40,31,19,15,14,18,22,15,20,23,18,20,22,22,64,120,97,62,81,64,15,21,11,26,34,20,34,43,36,64,87,53,93,115,88,29,39,34,23,23,14,24,35,17,38,58,44,16,24,22,184,212,180,180,186,133,18,22,12,24,52,15,11,17,12,13,23,19,97,124,99,17,26,20,41,54,40,14,24,11,15,32,13,17,28,47,33,53,29
78.5,33,43,35,77,64,63,146,204,156,29,35,31,175,170,168,24,30,31,203,207,174,73,54,59,34,30,38,29,34,28,34,34,34,26,29,26,22,25,23,30,16,27,178,187,153,19,19,18,58,35,48,209,220,179,24,17,23,80,85,70,18,20,20,20,18,23,27,23,28,183,199,150,26,26,23,21,13,16,133,137,112,88,98,91,14,11,17,25,17,22,30,23,25,47,30,48,28,23,26,177,188,143,23,22,23,37,37,41,89,104,80,18,14,13,183,190,158,20,24,14,122,136,101,172,183,139,47,42,32,18,13,16,20,19,19,18,27,17,17,20,18,27,28,24,106,125,91,20,19,14,20,19,18,27,21,19,77,92,67,55,39,52,14,15,11,13,12,13,26,27,24,172,184,152,133,158,120,71,92,76,42,48,41,130,137,82,30,37,33,19,11,19,184,158,133,74,84,74,33,42,34,20,20,19,13,25,12,20,24,19,26,29,22,65,118,101,65,79,62,17,22,15,29,34,20,36,48,36,65,90,54,97,115,85,32,36,34,21,25,11,22,34,15,39,65,45,22,27,23,182,212,180,178,181,137,21,26,13,27,57,13,11,18,11,19,27,16,98,122,99,17,22,20,44,53,40,14,25,11,17,31,12,17,29,48,33,56,34
78.75,32,44,41,79,67,66,153,202,159,27,36,36,171,167,171,25,30,32,206,209,177,69,60,59,37,34,42,28,33,28,34,36,41,26,28,26,26,30,26,26,17,24,183,189,153,21,18,19,57,33,47,210,223,183,20,18,23,80,84,69,23,17,22,17,21,18,24,24,26,188,202,150,26,30,28,17,15,15,126,140,109,85,97,86,19,11,17,26,16,22,31,28,29,43,32,44,23,20,20,173,190,140,24,21,23,32,40,33,94,102,87,19,17,16,183,193,161,22,26,17,120,138,99,176,182,142,49,43,33,18,16,18,19,20,16,22,29,22,22,20,22,29,31,30,104,127,100,22,17,17,24,19,22,25,21,22,79,94,73,57,40,54,17,18,12,11,19,14,21,25,24,168,190,148,132,157,114,75,97,77,41,39,39,130,141,81,29,37,35,19,15,19,185,158,137,76,83,72,34,39,34,20,20,18,14,23,16,24,27,23,21,24,20,64,121,99,60,80,59,18,26,16,28,29,20,38,50,34,63,92,55,95,117,85,33,39,33,23,25,18,23,36,18,41,65,40,21,30,23,180,214,185,180,189,131,20,22,15,28,60,15,11,26,11,14,30,21,94,124,96,19,32,20,43,62,39,11,27,11,14,32,14,19,30,48,35,56,32
79,28,33,32,78,63,63,153,207,155,32,25,31,171,157,164,23,21,31,207,203,178,70,50,59,33,26,36,28,22,30,34,29,38,23,24,26,23,23,26,22,15,20,180,190,150,22,24,23,58,36,49,206,221,178,19,15,17,84,88,72,20,17,22,18,19,17,22,24,24,186,199,153,34,29,28,15,19,14,127,144,112,84,98,82,14,11,14,25,17,20,33,26,27,48,37,47,25,22,24,175,185,144,23,22,25,37,34,43,91,100,80,19,18,14,179,196,162,24,29,16,120,141,99,173,184,143,47,40,33,14,17,14,16,21,18,20,23,21,22,18,21,30,30,35,104,124,88,22,21,16,23,23,18,26,26,24,77,88,67,53,40,55,18,18,15,14,14,14,26,32,28,170,185,154,138,154,123,70,89,73,44,47,37,133,138,85,28,36,34,21,19,14,186,164,139,73,86,73,35,44,34,22,22,19,14,23,15,17,24,16,20,26,19,66,120,106,66,76,61,16,24,15,29,32,24,37,45,36,69,85,54,95,116,91,32,41,32,18,26,12,20,33,11,41,63,42,22,31,21,183,208,180,182,185,148,13,29,11,25,61,13,11,20,11,12,27,18,101,125,95,21,28,21,44,49,39,17,28,13,16,29,13,20,34,46,37,51,28
79.25,33,43,33,79,68,63,150,203,150,28,32,29,173,166,163,27,31,29,208,210,174,72,56,60,34,28,37,24,33,29,36,30,38,23,26,26,26,26,25,25,18,29,183,193,152,21,21,19,60,40,45,212,222,184,22,17,23,78,86,73,20,21,24,19,21,21,24,26,25,190,200,155,33,27,28,19,14,16,132,137,110,88,101,89,18,11,15,27,15,22,33,26,26,48,36,50,25,21,23,179,188,146,21,20,22,39,38,37,91,103,85,19,11,19,182,198,163,24,23,18,122,141,98,176,182,138,50,48,35,17,19,18,19,25,23,19,22,22,19,20,20,30,31,31,106,130,88,20,15,13,18,16,14,27,20,26,73,86,68,58,38,52,19,19,13,11,13,15,26,26,25,176,190,154,139,157,122,76,92,75,43,48,37,131,138,83,35,38,37,17,17,19,188,162,139,72,89,69,30,41,31,20,18,19,18,23,19,18,22,22,20,29,20,65,118,104,63,78,54,20,19,14,28,27,22,38,42,40,68,94,53,97,119,84,31,38,35,20,28,15,27,29,18,42,61,41,21,26,26,186,206,187,182,182,146,14,27,11,26,60,11,12,23,11,15,29,16,101,126,97,15,24,23,44,56,39,16,27,11,14,27,11,18,27,47,31,56,30
79.5,35,38,30,80,63,62,152,198,146,26,30,27,172,161,161,24,27,25,211,206,174,74,47,59,33,29,38,27,28,31,31,32,33,23,27,26,24,20,26,24,12,22,184,186,148,19,16,16,62,37,49,212,220,182,25,13,19,79,76,68,20,18,22,14,16,16,23,24,20,187,200,152,30,29,28,18,18,15,129,140,106,86,96,86,19,11,13,26,11,25,31,26,28,51,35,46,25,22,25,178,189,143,23,19,25,37,43,36,96,100,83,20,18,14,180,195,161,24,27,17,121,141,100,177,180,143,48,43,31,16,17,16,22,21,22,18,30,20,18,16,20,28,36,27,111,123,91,18,17,13,19,20,17,25,22,19,79,88,68,55,44,53,19,13,14,12,12,11,24,25,23,170,188,155,138,160,119,74,93,74,40,42,36,136,138,83,37,39,37,19,12,19,188,159,136,76,90,70,33,42,32,21,18,17,15,18,14,16,22,18,22,27,22,66,119,101,63,78,56,15,16,11,29,30,22,38,45,37,66,92,53,94,115,86,32,42,33,16,27,11,23,29,14,37,61,41,19,32,22,178,209,183,176,181,141,19,22,11,27,57,11,11,16,11,15,22,20,98,127,97,24,28,22,46,56,41,14,24,14,13,30,11,17,26,47,39,53,31
79.75,32,34,31,78,62,64,150,194,150,29,33,28,166,160,160,25,27,26,206,207,174,67,55,54,32,28,38,29,27,27,32,31,35,25,27,24,24,26,21,24,12,24,182,191,155,24,18,17,52,34,39,215,221,181,21,17,19,82,84,70,21,19,19,17,18,17,24,22,22,187,198,157,31,26,24,19,15,11,131,142,112,85,94,89,12,11,13,25,11,22,31,22,26,50,36,47,25,23,22,177,188,140,21,17,26,33,35,37,94,99,84,16,11,15,181,192,165,28,25,18,118,138,96,176,185,145,46,40,32,15,17,16,20,22,20,18,20,17,20,20,18,25,28,30,105,122,91,18,13,14,19,16,15,26,20,21,81,88,74,56,40,52,18,12,13,15,14,12,26,25,23,174,186,155,138,156,119,71,92,76,42,42,39,135,141,83,34,39,36,21,15,15,189,162,141,72,87,72,34,37,30,21,16,13,17,24,16,18,22,15,23,25,22,66,116,103,61,79,60,17,21,13,24,27,16,39,39,36,63,89,56,93,118,86,33,36,33,20,23,15,20,36,17,44,67,43,20,25,22,180,207,188,179,187,141,17,22,11,27,55,12,11,19,11,12,29,18,100,127,94,17,27,18,44,54,37,17,28,13,11,29,11,19,29,49,38,58,29
80,32,38,35,74,67,63,152,206,150,26,25,32,173,157,158,31,19,30,213,204,175,65,52,55,37,25,42,27,23,30,31,30,33,24,23,22,20,26,25,25,17,22,183,192,155,22,23,20,57,39,44,211,223,180,25,17,20,80,92,72,24,19,24,15,24,19,22,29,24,189,199,157,30,22,31,18,23,16,134,141,109,86,100,89,15,11,14,25,20,28,30,23,28,50,39,50,24,20,23,179,190,139,22,21,23,35,36,37,94,102,84,19,23,21,180,198,162,20,23,20,121,143,104,172,184,138,51,45,33,17,19,19,22,20,23,17,22,19,18,20,25,30,32,29,103,129,93,17,20,17,23,19,19,25,22,24,82,84,67,55,37,53,19,20,11,13,18,12,24,25,25,174,189,153,137,150,122,69,83,75,39,44,40,130,139,82,32,35,37,20,20,23,187,169,139,72,89,72,35,48,38,20,24,16,15,22,19,18,28,20,22,29,22,66,112,103,63,84,61,14,26,14,27,29,21,37,46,34,71,93,52,96,120,89,32,38,35,25,29,17,16,26,14,37,64,42,24,36,23,180,199,188,184,180,147,18,35,11,25,62,14,12,24,11,15,30,19,100,125,96,20,29,24,45,48,40,15,27,12,12,27,13,15,29,51,38,54,33
80.25,29,33,33,72,64,60,152,203,157,27,23,30,171,157,163,21,23,26,209,207,178,66,52,56,36,26,35,28,29,28,30,27,33,22,17,23,18,25,20,25,14,25,184,192,158,20,18,21,59,38,47,214,223,186,20,18,17,80,91,69,20,20,25,17,21,16,23,22,21,191,200,155,24,27,26,20,12,17,134,143,112,86,101,84,12,11,11,29,19,24,31,26,28,50,32,51,24,22,23,178,187,144,22,26,24,36,36,39,92,102,84,17,15,15,186,195,164,25,24,19,119,140,103,180,182,144,52,44,35,18,17,16,19,19,18,19,22,17,19,18,19,29,28,27,103,129,94,25,23,13,20,20,16,27,23,22,80,86,73,52,41,55,20,19,15,11,16,12,23,25,25,176,187,156,137,154,121,74,88,76,42,46,38,137,138,89,32,39,31,18,18,14,191,169,144,68,91,70,33,42,34,21,23,18,15,23,15,17,24,15,24,29,24,70,117,102,61,78,59,19,24,15,26,27,22,40,45,39,68,92,55,97,117,88,32,37,36,21,28,12,20,29,14,41,62,44,20,30,20,180,204,185,181,176,144,15,32,11,22,60,13,11,17,11,18,27,19,100,125,97,23,25,19,45,46,39,12,23,11,12,28,12,17,28,48,38,53,29
80.5,33,41,29,80,72,65,157,206,153,30,33,30,170,168,162,26,30,28,213,210,180,73,54,64,31,32,38,30,28,29,34,33,36,21,24,26,26,29,23,30,17,26,187,193,156,21,16,18,60,35,48,216,226,184,22,15,17,79,85,71,24,18,28,21,21,21,27,23,26,189,203,161,27,27,25,24,14,19,133,144,113,90,101,87,14,11,15,26,17,24,31,26,25,49,35,53,30,25,25,180,190,147,23,22,20,36,36,35,93,103,87,20,11,14,186,196,164,25,19,18,123,140,101,177,185,145,52,43,37,18,18,15,21,19,20,20,22,21,21,16,21,28,29,29,104,127,89,21,15,13,24,14,19,27,20,22,80,87,74,54,40,53,18,16,11,16,15,17,27,28,25,180,191,155,140,152,125,71,86,73,45,44,41,139,140,88,32,41,36,19,17,17,194,162,137,72,84,72,34,41,33,20,18,18,15,22,12,19,26,18,22,24,24,66,117,103,65,78,60,19,26,18,26,35,22,40,48,36,67,92,56,95,117,89,32,42,35,21,26,12,26,36,16,39,63,43,20,29,23,180,204,189,181,176,142,14,24,11,25,61,17,13,21,11,20,24,20,101,127,99,22,22,23,47,50,43,16,28,12,16,32,14,17,26,44,35,55,33
80.75,29,43,35,79,72,65,153,207,154,28,35,26,168,169,157,24,32,31,212,213,177,70,56,58,33,31,37,26,33,29,39,34,40,23,27,24,23,26,26,24,22,21,183,196,155,21,20,19,57,37,41,217,226,184,23,13,18,81,84,71,19,20,25,18,20,22,25,29,26,192,206,158,27,30,24,21,14,15,137,149,112,88,100,87,15,11,16,23,14,23,30,23,25,53,35,49,25,23,26,178,190,145,19,22,24,37,37,38,95,105,85,17,15,13,183,197,164,23,20,19,127,141,105,174,185,142,46,45,35,16,16,16,19,24,20,17,21,23,18,19,20,27,30,28,106,130,89,19,11,12,23,18,18,24,23,23,77,91,69,58,40,51,20,17,16,12,15,15,23,25,24,175,195,160,140,162,124,75,95,76,39,51,39,139,145,90,28,40,35,18,14,17,190,166,140,73,85,76,33,39,36,17,22,15,16,23,14,17,26,18,27,27,25,66,120,102,62,79,57,16,22,14,27,31,21,37,49,36,71,97,58,98,117,85,28,36,32,23,29,17,22,35,17,42,69,41,23,31,24,178,206,190,180,181,145,16,28,11,22,58,13,11,20,11,17,26,17,98,127,96,21,28,24,44,57,45,11,26,11,14,33,11,13,27,51,34,49,29
81,32,38,38,80,67,65,152,204,159,25,26,33,173,160,167,24,22,33,208,208,181,69,52,60,34,26,40,29,29,37,32,30,41,26,22,27,26,21,28,31,21,25,186,195,157,25,21,19,56,33,48,216,225,191,24,19,20,83,92,70,20,21,18,18,20,19,26,29,27,192,202,158,25,25,25,20,19,15,137,149,116,88,97,87,14,13,12,30,16,29,32,22,27,49,36,50,24,22,25,181,190,146,24,21,25,35,35,38,97,102,90,18,15,13,183,199,167,27,23,15,124,141,100,178,188,146,51,44,37,20,20,16,17,20,18,20,19,23,20,21,25,25,33,32,106,130,98,19,21,14,21,24,18,26,25,20,77,91,68,57,41,56,21,18,13,17,19,17,22,27,25,178,189,159,140,158,127,73,89,77,43,43,42,134,138,87,33,38,33,21,17,16,195,169,146,71,90,72,29,41,32,23,19,20,17,21,18,21,26,20,22,26,21,70,116,110,64,79,59,19,25,16,29,31,20,39,46,39,70,92,56,95,118,91,32,45,37,23,27,16,25,27,17,41,62,43,25,28,23,179,204,193,182,177,144,21,33,11,28,57,12,14,19,13,14,31,18,99,123,100,22,18,19,48,49,44,17,25,11,14,29,11,22,30,44,38,56,30
81.25,33,36,34,81,69,65,156,203,156,30,30,30,174,160,161,28,25,33,213,209,181,70,51,59,32,25,40,30,26,30,31,30,33,24,19,25,22,26,24,25,18,22,186,190,158,23,23,19,61,38,48,221,225,190,22,14,20,84,90,76,23,23,22,19,20,19,31,26,29,195,206,160,31,27,29,21,19,16,137,148,116,87,101,87,17,11,13,26,16,25,28,23,23,48,35,48,27,23,27,176,189,144,23,20,25,38,35,37,96,104,86,21,17,17,186,193,168,25,23,18,126,143,105,180,195,146,52,44,36,18,17,17,22,20,20,20,22,20,20,21,22,28,36,31,108,124,96,24,20,17,21,24,17,29,25,30,83,92,72,53,42,52,19,23,11,13,15,15,29,27,31,176,190,158,144,155,128,72,86,75,42,48,38,135,142,83,37,34,37,17,16,17,194,169,145,77,90,74,37,44,35,18,20,17,13,26,15,14,30,20,22,28,22,68,113,105,67,84,60,14,21,13,28,28,21,40,43,41,70,90,56,98,119,94,32,41,34,22,22,13,22,32,14,43,66,42,21,33,23,180,203,194,184,177,147,18,31,11,27,64,13,11,22,11,14,29,20,98,126,98,22,30,23,48,55,43,13,30,11,16,27,11,17,32,46,37,55,31
81.5,31,41,36,80,69,67,153,208,160,31,36,35,167,169,169,26,33,32,212,217,186,71,58,61,34,28,39,27,34,29,32,34,36,23,28,26,26,28,26,25,14,23,188,196,160,21,16,18,58,37,47,217,225,191,21,17,21,74,86,65,18,20,19,17,20,21,24,25,24,191,206,157,27,26,28,22,15,16,134,146,117,86,100,91,15,11,17,27,12,24,29,27,26,50,32,49,26,25,28,181,195,151,23,21,26,34,39,34,93,106,87,22,11,15,182,199,166,26,23,14,124,140,98,181,188,150,51,45,36,16,17,15,17,18,19,18,22,25,18,20,20,27,32,26,108,129,96,25,14,17,19,18,17,23,22,23,75,86,68,54,43,56,18,15,13,14,15,14,27,28,26,176,198,159,142,160,125,71,94,74,39,43,37,143,146,87,33,38,37,20,13,21,193,167,148,72,85,71,30,43,33,19,20,17,11,20,13,18,27,20,19,25,19,65,121,100,65,77,60,20,20,17,23,29,17,35,45,34,71,93,57,97,116,90,28,40,33,20,25,13,28,32,19,39,62,42,20,31,22,176,207,193,181,181,141,17,29,11,24,58,13,11,21,11,16,26,17,102,128,95,21,28,19,44,54,40,13,24,11,13,34,12,14,29,48,34,49,30
81.75,29,44,32,79,72,64,152,208,153,25,35,28,173,168,161,25,35,31,214,216,185,74,59,63,36,27,41,27,32,30,33,36,40,30,26,29,22,24,21,27,15,27,187,198,159,21,22,20,57,38,51,219,229,190,25,17,22,86,85,72,21,20,24,20,21,23,24,23,26,194,205,162,29,30,30,20,16,15,138,148,116,89,98,92,15,11,12,28,20,28,28,28,26,50,36,53,25,27,25,181,193,150,30,25,29,38,40,38,94,105,89,14,17,13,189,198,170,24,23,19,123,143,103,177,185,146,46,46,38,18,15,16,23,26,23,20,21,22,15,20,17,26,34,33,105,130,91,21,14,18,26,19,20,26,19,23,81,93,73,56,41,52,20,21,15,13,21,16,23,26,24,178,192,158,142,156,130,75,93,76,42,47,43,138,146,89,34,40,39,18,18,19,194,169,143,71,85,72,38,41,37,19,21,18,14,22,17,17,26,21,25,29,23,64,120,108,58,85,56,18,22,16,24,31,20,38,47,39,70,95,57,96,119,92,29,38,34,19,28,17,22,35,18,40,65,42,19,30,23,178,202,194,181,181,150,18,30,12,28,53,17,11,17,12,14,33,18,99,130,102,21,28,27,46,49,45,13,29,13,18,30,14,20,30,47,36,59,30
82,29,45,35,78,73,61,156,210,160,29,41,31,171,168,165,21,33,31,212,218,184,70,61,58,32,29,41,28,35,28,32,31,35,25,27,26,18,27,24,25,16,25,188,194,162,21,19,16,55,42,46,218,231,190,20,16,21,83,88,67,21,20,21,17,24,21,27,23,26,194,207,161,34,28,34,22,16,13,140,151,120,90,99,85,17,11,13,27,13,23,30,21,24,53,37,51,30,16,27,178,189,147,24,18,26,36,40,40,91,102,83,20,11,14,184,200,165,24,22,17,119,139,98,181,187,146,48,41,35,17,16,13,17,18,22,17,25,17,20,18,20,27,27,28,108,129,100,17,14,11,24,20,20,25,19,24,83,91,74,52,43,53,19,17,12,15,14,17,26,26,25,176,192,161,143,159,127,72,94,76,37,49,40,137,148,88,31,35,32,16,14,18,195,170,146,72,83,69,35,40,33,16,21,15,16,22,14,20,23,20,17,26,22,65,121,106,62,80,59,17,27,13,26,33,20,37,47,34,70,93,57,92,117,89,33,40,37,22,26,14,25,35,15,39,66,43,22,25,23,177,204,193,181,183,144,21,30,11,26,59,12,11,15,11,14,25,21,101,124,99,20,33,21,42,53,39,12,28,13,12,31,11,16,27,48,36,55,30
82.25,35,37,35,76,70,64,153,204,151,30,36,30,170,166,160,30,32,27,212,216,179,69,59,62,35,27,42,25,36,26,31,32,34,25,23,25,22,25,24,24,20,25,185,197,159,18,20,15,59,44,48,223,231,195,24,18,18,82,89,68,22,18,24,17,23,19,23,27,24,194,210,164,28,23,28,20,18,16,140,148,115,89,100,90,13,11,12,27,13,22,28,24,26,46,37,48,27,20,28,182,194,142,25,22,24,36,38,37,97,106,84,18,13,16,186,200,167,25,20,21,125,138,103,179,193,152,52,43,36,17,16,13,17,21,16,21,23,25,22,13,22,28,29,29,109,129,95,22,19,15,21,21,16,28,18,24,82,89,72,59,45,54,17,19,11,14,16,16,25,27,27,182,194,161,145,161,128,72,95,77,43,42,38,142,145,86,35,39,37,17,15,16,196,166,145,74,84,72,34,43,35,17,15,16,14,19,17,16,24,18,20,25,23,66,119,104,61,79,60,15,20,15,24,33,20,40,47,39,74,95,59,99,121,89,31,40,31,21,20,14,24,33,18,42,65,45,21,26,21,176,207,197,185,185,147,16,27,11,24,59,15,11,20,11,13,32,14,100,132,99,19,24,18,49,50,42,15,24,11,17,29,15,17,28,42,37,55,31
82.5,31,35,32,77,70,61,152,205,153,30,24,33,168,157,161,25,23,32,214,212,180,69,53,60,37,26,43,25,28,27,32,32,38,24,19,25,25,23,30,25,19,27,190,197,159,17,19,19,60,36,50,217,228,195,24,20,21,84,91,70,21,21,21,15,23,17,25,23,26,196,205,163,27,23,28,19,18,16,136,147,114,87,99,91,17,14,16,27,15,25,32,25,24,50,38,51,24,20,23,182,194,144,20,24,23,34,36,40,96,104,85,14,17,15,184,203,167,22,22,18,125,141,100,179,196,149,50,46,38,14,18,13,17,18,17,18,21,20,19,19,23,28,27,32,107,125,92,23,22,17,22,21,20,21,20,20,80,88,74,58,40,56,19,21,13,15,19,17,22,27,27,177,194,159,139,155,127,72,84,73,42,48,39,141,148,90,29,37,34,24,18,21,193,173,146,70,86,72,34,44,35,22,23,19,12,21,12,18,22,18,23,26,25,68,118,102,69,83,65,13,25,14,25,26,19,40,45,39,77,89,60,99,122,88,34,43,37,21,27,12,20,29,19,40,65,41,17,32,21,177,201,197,183,177,145,20,30,11,28,64,14,13,19,12,17,28,16,104,125,96,19,21,23,46,48,44,11,29,15,16,28,13,19,29,47,40,47,34
82.75,33,41,37,81,69,67,154,208,161,27,30,39,170,162,168,22,26,32,212,213,187,72,58,61,38,30,43,28,27,32,32,32,41,24,22,26,21,27,22,22,19,25,186,195,161,23,22,21,61,39,52,216,227,197,25,21,23,81,91,76,20,17,23,20,23,22,22,28,26,197,204,163,29,28,29,20,20,19,141,151,123,82,99,86,15,11,15,26,15,22,30,28,25,52,36,52,24,26,25,181,193,150,26,25,30,38,35,42,92,104,87,21,22,14,186,199,171,24,24,19,123,139,103,183,192,150,49,45,39,18,15,15,17,22,19,15,22,17,19,21,21,31,30,35,108,127,100,20,20,17,20,18,20,25,21,23,81,85,73,59,42,58,19,20,11,11,16,16,25,27,28,177,193,158,143,162,132,72,86,74,38,45,41,138,146,90,36,38,39,18,21,21,197,171,151,71,87,70,37,47,33,21,20,14,15,22,17,17,20,19,20,25,22,63,120,105,65,82,61,18,25,17,31,32,21,35,45,40,73,95,59,98,117,92,33,41,39,21,28,13,24,29,15,44,67,50,21,31,26,178,202,199,186,179,143,16,32,11,27,62,15,11,22,12,16,27,19,99,128,98,21,29,24,51,52,45,13,29,11,12,31,14,17,27,47,35,49,27
83,32,34,33,77,66,66,159,209,156,32,21,29,169,152,162,22,18,29,215,212,187,75,52,59,37,28,44,27,24,30,33,28,38,23,20,24,23,25,23,25,21,28,192,197,162,20,23,19,62,37,49,217,227,195,21,13,22,81,88,71,20,16,20,18,24,19,28,26,26,196,204,166,28,25,26,21,19,17,143,152,121,84,98,86,15,11,15,28,19,23,26,24,27,52,40,50,25,22,24,180,192,146,23,19,25,37,36,43,96,101,85,19,20,17,183,201,167,25,24,17,125,140,100,178,196,148,49,44,37,17,22,16,20,17,23,19,24,21,21,20,19,28,33,29,107,123,92,22,22,15,21,21,18,24,25,21,78,88,73,55,43,56,20,19,14,14,18,16,22,28,23,179,192,164,145,162,131,73,88,75,42,43,37,141,142,89,35,41,36,17,14,18,199,177,152,77,87,69,36,45,33,18,20,17,15,19,12,18,24,15,26,29,26,69,118,109,68,80,63,18,29,16,30,30,20,39,45,40,73,89,56,97,121,88,34,41,38,20,30,12,24,32,17,43,67,43,22,32,27,177,202,200,185,180,145,16,31,12,27,67,13,11,18,11,17,31,20,99,125,99,21,32,23,49,51,44,12,29,13,12,27,13,16,35,46,40,54,35
83.25,34,36,35,78,70,64,153,206,157,29,29,35,172,160,163,24,26,29,217,211,188,71,55,58,39,26,41,26,29,29,34,32,38,24,23,27,23,26,21,26,19,28,188,199,159,23,23,23,59,41,47,221,232,194,23,20,20,83,89,70,22,22,23,20,23,21,23,27,25,200,207,166,28,25,30,24,17,17,141,152,121,88,102,87,16,11,16,28,18,25,31,25,26,50,38,49,27,26,27,186,194,153,24,25,25,42,38,37,97,105,86,17,21,18,185,198,172,25,23,15,126,144,106,182,195,151,54,45,36,17,18,16,19,19,21,21,23,25,22,18,28,28,36,30,102,125,91,21,22,14,27,18,21,26,24,23,81,92,71,56,42,56,21,15,16,17,20,14,28,27,28,181,193,166,145,160,129,74,93,79,40,47,38,144,147,90,34,37,37,23,18,21,199,174,151,73,89,72,36,44,38,23,19,19,12,24,15,18,29,19,21,27,22,67,117,103,65,78,61,19,23,19,27,31,23,38,47,39,73,94,61,101,119,89,35,38,37,19,25,14,23,29,20,42,67,41,24,31,23,178,203,200,183,176,152,17,33,11,24,64,16,11,23,13,14,31,19,101,127,102,25,29,24,44,50,42,15,31,17,15,29,11,17,30,51,35,51,29
83.5,32,47,36,78,70,67,161,210,158,30,40,35,167,173,163,23,40,30,216,221,188,70,60,56,30,28,37,22,35,28,34,35,37,20,27,24,24,25,25,26,16,24,194,198,163,22,18,18,61,45,49,222,232,196,24,16,22,78,83,70,19,19,25,18,19,22,25,24,26,197,214,162,32,29,27,18,12,14,144,154,121,92,99,90,16,11,15,27,15,22,31,28,27,50,30,46,22,20,21,182,199,150,22,22,27,36,38,37,97,107,88,19,18,15,186,198,170,25,22,19,121,141,100,180,194,146,50,46,36,18,18,14,19,20,20,16,24,18,19,17,22,26,29,27,107,130,96,20,12,12,25,19,16,27,19,21,82,93,72,60,43,57,13,14,11,12,14,12,29,28,28,180,198,161,145,165,131,72,90,77,44,45,37,146,152,90,32,39,35,21,13,20,206,169,156,73,84,70,31,39,33,21,18,17,15,21,15,15,24,19,24,25,24,65,117,105,68,78,61,19,24,14,26,31,20,37,46,36,69,95,54,98,119,88,28,38,34,24,24,16,26,40,17,38,64,46,21,29,20,178,203,198,186,182,145,19,21,11,25,59,11,11,21,11,16,28,16,102,128,97,25,29,22,45,54,42,12,28,13,17,26,11,17,28,45,38,52,32
83.75,34,40,31,80,67,63,156,208,154,30,39,28,170,171,159,23,39,28,216,221,187,77,62,58,34,32,37,31,35,34,31,37,39,24,28,28,27,25,26,25,19,28,188,197,164,20,18,17,60,39,48,222,234,197,24,16,20,83,87,73,20,18,22,17,23,20,28,26,29,203,212,169,30,30,33,19,18,16,142,157,119,87,102,86,17,11,17,27,18,26,32,24,28,50,34,51,28,24,26,185,201,154,21,24,26,35,38,41,95,106,86,19,14,20,187,203,168,24,25,22,130,138,104,182,195,149,49,46,39,18,17,18,16,21,19,19,23,23,19,22,21,26,33,31,107,127,93,20,15,13,23,18,20,23,21,22,82,91,76,59,45,56,22,16,16,15,14,13,29,30,32,180,199,163,148,170,132,76,92,77,42,39,40,143,156,90,34,42,38,18,16,17,200,174,152,72,87,67,30,41,31,21,18,16,17,21,18,18,27,22,24,28,26,66,122,108,66,79,60,13,20,17,27,32,20,37,49,39,69,95,57,97,119,95,30,33,36,22,25,16,21,32,17,43,64,46,19,28,23,179,204,204,183,186,151,19,27,11,28,61,15,14,20,15,19,29,21,102,127,98,22,27,24,48,53,44,13,28,12,11,30,11,15,26,46,31,56,30
84,32,43,33,76,70,65,156,212,151,28,33,22,171,168,160,26,30,34,215,221,189,72,57,60,35,29,44,26,36,28,30,30,37,22,26,25,22,29,23,26,18,29,189,204,163,15,17,16,56,44,51,218,232,192,23,18,21,81,87,72,25,19,24,18,25,17,27,26,28,197,212,170,30,29,23,18,14,16,146,150,124,84,99,89,17,11,16,25,13,23,32,26,26,50,37,53,28,21,25,182,198,154,22,19,25,37,36,41,97,105,85,17,13,17,191,200,167,22,27,15,124,144,100,181,194,150,51,46,36,16,23,16,21,24,23,17,24,18,24,17,25,28,30,33,108,130,91,18,18,12,22,20,18,28,26,24,81,94,72,56,42,60,23,19,16,14,12,14,28,27,26,179,196,163,147,163,136,71,90,77,37,47,38,142,151,90,32,42,39,22,16,18,203,177,150,71,86,70,32,47,36,18,19,20,16,23,15,18,28,18,24,31,22,65,119,106,63,81,59,14,24,16,27,35,22,40,49,40,72,99,58,103,122,92,32,34,35,22,28,14,24,35,17,43,67,43,21,28,23,174,201,205,183,177,154,13,31,11,27,59,15,11,19,11,14,28,18,97,129,96,21,29,22,43,52,42,16,27,12,11,29,14,19,29,49,34,49,31
84.25,31,43,35,80,71,64,153,208,156,27,38,32,169,169,163,24,37,29,216,222,195,77,61,64,36,32,41,28,37,29,31,37,35,23,30,22,26,24,26,26,17,24,193,198,162,19,20,17,63,43,49,224,232,198,20,20,20,79,89,72,23,22,22,19,20,20,27,28,26,201,215,168,30,29,28,19,13,17,143,156,124,88,104,92,15,11,13,25,19,21,29,29,27,50,33,49,25,23,26,185,199,150,23,23,23,36,44,44,96,110,89,20,16,17,187,200,166,23,27,18,125,137,105,182,193,150,50,44,38,17,17,15,21,18,20,17,27,18,19,22,19,31,34,31,105,125,95,19,14,15,24,19,20,25,20,24,82,95,73,56,46,57,19,16,15,12,13,16,24,24,24,180,200,165,146,168,131,76,93,79,41,47,38,144,152,93,35,41,39,21,11,20,203,172,153,72,84,70,32,39,34,18,18,17,16,22,17,19,29,20,24,25,26,64,119,106,67,79,60,18,20,16,29,34,22,36,48,36,75,95,60,102,121,88,37,40,37,20,23,14,23,35,15,46,64,48,18,30,22,176,206,208,183,190,145,16,29,11,27,60,15,11,23,13,16,30,21,99,125,97,20,29,23,46,61,42,15,24,13,13,31,14,18,34,47,35,55,33
84.5,0,0,0,0,0,0,0,0,0,0,0,0,0,0,0,0,0,0,0,0,0,0,0,0,0,0,0,0,0,0,0,0,0,0,0,0,0,0,0,0,0,0,0,0,0,0,0,0,0,0,0,0,0,0,0,0,0,0,0,0,0,0,0,0,0,0,0,0,0,0,0,0,0,0,0,0,0,0,0,0,0,0,0,0,0,0,0,0,0,0,0,0,0,0,0,0,0,0,0,0,0,0,0,0,0,0,0,0,0,0,0,0,0,0,0,0,0,0,0,0,0,0,0,0,0,0,0,0,0,0,0,0,0,0,0,0,0,0,0,0,0,0,0,0,0,0,0,0,0,0,0,0,0,0,0,0,0,0,0,0,0,0,0,0,0,0,0,0,0,0,0,0,0,0,0,0,0,0,0,0,0,0,0,0,0,0,0,0,0,0,0,0,0,0,0,0,0,0,0,0,0,0,0,0,0,0,0,0,0,0,0,0,0,0,0,0,0,0,0,0,0,0,0,0,0,0,0,0,0,0,0,0,0,0,0,0,0,0,0,0,0,0,0,0,0,0,0,0,0,0,0,0,0,0,0,0,0,0,0,0,0,0,0,0,0,0,0,0,0,0,0,0,0,0,0,0,0,0,0,0,0,0,0,0,0,0,0,0
